cell_id,lon,lat,lst_min,lst_max,lst_mean,lst_std,ndvi_min,ndvi_max,ndvi_mean,ndvi_std,ndbi_min,ndbi_max,ndbi_mean,ndbi_std,building_count,building_density,avg_building_area,road_length_m,road_density,albedo_proxy,green_fraction,norm_building_density,norm_road_density,impervious_fraction,dist_to_green_m
0,80.15230531645344,12.952245777937478,40.94036600000004,43.469700800000055,41.9319820929412,0.5993877228499351,-0.003119151573628187,0.6617543697357178,0.23445214365042893,0.12422996750441515,-0.2086097151041031,0.2679066061973572,0.04694351196289062,0.07579842265815663,460.0,0.26207961078270975,141.54708954549744,11738.754442024478,0.04724941951977395,0.9530564880371094,0.23445214365042893,0.649417640826517,0.7742760836483764,0.6993610179552607,707.2460966260223
1,80.1569159493603,12.952245777937478,37.166871920000006,43.623511699999995,41.23942500941178,1.3572421268106911,-0.09438775479793549,0.7458945512771606,0.2443231081495098,0.17507151119654438,-0.4926493465900421,0.471755713224411,0.02373616237266391,0.12675170921127316,282.0,0.15876063483961897,139.86828798385483,9447.619478241104,0.038027419211745274,0.976263837627336,0.2443231081495098,0.39339938206466335,0.6231551946622946,0.4853017071037159,499.9999999999634
2,80.16152658226716,12.952245777937478,36.50719406000002,43.40475842000001,40.26547854235296,1.7758700675283607,-0.051930759102106094,0.7984962463378906,0.34005925105168266,0.25051600199396884,-0.29215845465660095,0.41200828552246094,0.006451924397395207,0.13197814205545505,96.0,0.09842750446301744,254.72453704543366,5176.7018788594205,0.020836636460115566,0.9935480756026048,0.34005925105168266,0.2438974842411942,0.34144989374930707,0.28291844804443933,707.2460966260223
3,80.16613721517402,12.952245777937478,37.93934444000001,45.96485540000003,42.892954276470604,1.9402730453271508,-0.032620131969451904,0.8178204894065857,0.26329455805759805,0.21372930678077823,-0.4383001923561096,0.3941628336906433,0.03267283420936734,0.12043640307974747,5.0,0.01664171314236235,826.9010965988595,3950.2013762060014,0.015899874465706672,0.9673271657906326,0.26329455805759805,0.04123717238417694,0.2605511910396287,0.12896277984635765,1118.3864112063816
4,80.17074784808088,12.952245777937478,40.458425180000006,46.457050279999976,43.88951408000002,1.3879567768667067,-0.15246880054473877,0.7858220338821411,0.17329236797257966,0.12860605731341251,-0.31940382719039917,0.6047058701515198,0.0853070188036152,0.07332781258782912,46.0,0.05879652019355724,317.5552758166014,5080.518562370601,0.020449490967463138,0.9146929811963848,0.17329236797257966,0.1456942694583233,0.33510574182321634,0.22145885840428053,1581.699519736602
5,80.17535848098774,12.952245777937478,39.52872374000003,45.05224406000002,42.66954113529413,1.0118683257949173,-0.041688937693834305,0.7638074159622192,0.1853497079702524,0.1393425259008933,-0.3817603290081024,0.4129181206226349,0.060680823692908656,0.07389180429455393,79.0,0.07174117299159564,225.61445565463188,8957.891040346265,0.03605622333000689,0.9393191763070914,0.1853497079702524,0.17777034686210996,0.5908532141738896,0.3430034937868218,2062.3173032015393
6,80.1799691138946,12.952245777937478,34.165850360000036,46.474140379999994,40.575678641176495,2.798719300767854,-0.028312571346759796,0.8076764345169067,0.2661782896752451,0.2019390938683687,-0.5606725215911865,0.4405311644077301,-0.0201258072198606,0.1552459664518648,151.0,0.08801486242232276,144.81201869185742,4834.289173844196,0.01945839811054713,1.0201258072198607,0.2661782896752451,0.2180955784437781,0.31886470640766673,0.2584032296293336,2550.475647760532
7,80.18457974680146,12.952245777937478,41.34027434000001,46.65871346000006,42.61092623176472,0.8069504479025269,-0.025571273639798164,0.6901541948318481,0.17670509487974878,0.12336923261137304,-0.2567075192928314,0.2515723407268524,0.08111282647824755,0.07116021842217575,232.0,0.18320281425094867,196.18676065753235,8261.792960453067,0.03325437323882204,0.9188871735217524,0.17670509487974878,0.4539656445165893,0.5449393058630255,0.4903551090551638,3042.547203075098
8,80.18919037970832,12.952245777937478,39.88077980000003,44.307115700000054,41.852452350000014,0.8903183811459047,-0.006149341352283955,0.790049135684967,0.23379568246694712,0.15734810023474907,-0.4043976366519928,0.2842501699924469,0.04707423576941857,0.09679776805178364,262.0,0.1860947643200801,176.4649282372482,9099.65300393675,0.03662682649942446,0.9529257642305814,0.23379568246694712,0.4611317242649316,0.6002036864511012,0.5167605091393994,3001.1820142970564
9,80.19380101261518,12.952245777937478,38.30165456000003,42.25288568000002,40.01978322235296,0.9384201068089888,-0.027908125892281532,0.7992784380912781,0.2386571786917892,0.14980577350178165,-0.349721759557724,0.4091868996620178,0.037360340193206186,0.09354481603972328,228.0,0.14282562773918123,155.63126053805328,9259.839912058034,0.03727159153482738,0.9626396598067938,0.2386571786917892,0.3539133850929264,0.6107694489844642,0.4566558106495415,2500.985011914214
10,80.19841164552204,12.952245777937478,37.63855868000002,41.30609414000003,39.3732452247059,0.848408596476836,-0.0042023868300020695,0.8316988348960876,0.20987137140012255,0.1620490486286008,-0.3675800561904907,0.2739286720752716,0.04229888616823683,0.09864477659931821,284.0,0.17220075964982684,150.6406786151713,12020.418725863758,0.04838314064637106,0.9577011138317632,0.20987137140012255,0.42670320955659186,0.7928543680542551,0.5731636729556572,2000.788009531371
11,80.2030222784289,12.952245777937478,38.37001496000005,42.15718112000002,40.19685794705884,0.9955875669272323,-0.0025795355904847383,0.817211925983429,0.2294049072265625,0.14594531770374905,-0.3566916286945343,0.23852737247943878,0.03860734205979567,0.07878616226786882,180.0,0.133114057895876,183.72868143175697,10812.167698599707,0.043519834240708544,0.9613926579402043,0.2294049072265625,0.32984869437728637,0.7131593818379154,0.483172969361538,1500.5910071485282
12,80.20763291133576,12.952245777937478,38.54775200000006,44.026838060000046,41.20019465529414,1.3357966852200283,-0.02214212156832218,0.6519480347633362,0.19386882707184436,0.12496956827622749,-0.19477342069149017,0.4850250780582428,0.052452500287224264,0.06539977936417801,41.0,0.039802080856967736,241.1834267916695,11518.446399470533,0.04636266214039254,0.9475474997127757,0.19386882707184436,0.09862718191972968,0.7597447933630768,0.36307422649706855,1000.3940047656855
13,80.21224354424263,12.952245777937478,37.99403275999998,44.57372126000001,41.81443295529414,1.386027754038265,-0.03381389379501343,0.8251553177833557,0.2952510818780637,0.17916082744850115,-0.36732766032218933,0.3363281190395355,0.0716163725011489,0.11363348049917442,42.0,0.023608791547985435,139.65291580574535,5531.277968123388,0.022263833397921574,0.9283836274988511,0.2952510818780637,0.05850117704337348,0.3648373653168028,0.1810356523527452,500.19700238284275
14,80.21685417714949,12.952245777937478,34.43929195999999,42.28706588,37.413738118823545,2.0286038985057546,0.034427542239427567,0.8817505240440369,0.5936183049128606,0.20044012178648038,-0.6014766097068787,0.5437853336334229,-0.19143819955679087,0.2331736054587025,0.0,0.0,0.0,0.0,0.0,1.1914381995567909,0.5936183049128606,0.0,0.0,0.0,0.0
15,80.22146481005635,12.952245777937478,35.04428150000001,50.726157260000036,43.959932388235316,4.98090085165017,0.05449127405881882,0.8718358278274536,0.30850729549632355,0.25458923805480826,-0.5415704250335693,0.29782339930534363,0.05301791321997549,0.21852786466078408,0.0,0.0,0.0,0.0,0.0,0.9469820867800245,0.30850729549632355,0.0,0.0,0.0,500.19700238284275
16,80.22607544296321,12.952245777937478,41.63422406000001,52.876091840000015,48.76665015411766,2.7047229942278586,0.03343149274587631,0.7449014782905579,0.14307272518382352,0.09137493870576396,-0.26436781883239746,0.40051326155662537,0.18473320456112133,0.0684424790420958,0.0,0.0,0.0,551.424416309407,0.0022195270978984947,0.8152667954388787,0.14307272518382352,0.0,0.03637138331811859,0.014548553327247436,999.9999999999268
17,80.23068607587007,12.952245777937478,40.02433664,52.49669161999998,46.69916003000002,3.427224924546755,0.005224660504609346,0.8196112513542175,0.2130371328500601,0.16775374048579694,-0.5570523142814636,0.34788474440574646,0.07889227060171274,0.1733502490423689,28.0,0.012162469062471117,107.91684939817675,1895.0326918110488,0.007627657184694011,0.9211077293982872,0.2130371328500601,0.03013787276921805,0.12499439342118578,0.06808048103000514,999.9999999999268
18,80.23529670877693,12.952245777937478,40.229417839999996,45.110350400000016,42.457008888235315,1.0807277109015414,-0.02358235791325569,0.7127962112426758,0.20824601715686275,0.13980551103081726,-0.28033313155174255,0.4325243830680847,0.05913045247395833,0.08346813953604855,453.0,0.27304402882265466,149.7476521478111,11379.294696516605,0.045802565477477145,0.9408695475260417,0.20824601715686275,0.676586814633175,0.7505664911736676,0.7061786852493721,1118.1221047777542
19,80.23990734168379,12.952245777937478,41.53510147999998,44.505360859999996,42.671906547058846,0.6825133794929374,-0.03507763147354126,0.7741565704345703,0.20383647843903185,0.14876292857385506,-0.266745001077652,0.5422077775001526,0.06487514121859682,0.08284208196445912,460.0,0.2849069072619457,153.8759287450755,9867.274067093462,0.03971656228224839,0.9351248587814032,0.20383647843903185,0.7059823197106131,0.6508351766524142,0.6839234624873336,1414.4921932520447
20,80.24451797459065,12.952245777937478,41.90766566000002,45.95460134000001,43.27830350705884,0.7996775987928961,-0.05003220960497856,0.6883743405342102,0.18281078632061298,0.12175274422699062,-0.22646179795265198,0.307743102312088,0.08316988431490385,0.07317012451740403,463.0,0.31259262759189943,167.7348407097756,9464.400420937749,0.03809496383969767,0.9168301156850962,0.18281078632061298,0.774585883061324,0.6242620482603707,0.7144563491409427,1803.2674152035488
21,80.24912860749751,12.952245777937478,40.13371328000005,45.54102092000005,42.308496510588256,1.2674664993680254,-0.006649320479482412,0.7616088390350342,0.27753173828125,0.15584622337062495,-0.350948691368103,0.6045650839805603,0.03854691748525582,0.10738194448947722,315.0,0.1566245986129957,123.53071574347936,6536.047056910455,0.026308108830299864,0.9614530825147442,0.27753173828125,0.38810641172305305,0.431110893643785,0.40530820449134586,2236.2442095555084
22,80.25373924040437,12.952245777937478,37.49158382000002,45.486332600000026,41.74809498235296,1.9573463554296981,-0.03845278546214104,0.8440453410148621,0.3205410587086397,0.21822708159776055,-0.30873721837997437,0.5961480736732483,0.037455964929917276,0.12076787407975753,191.0,0.1406304610406349,182.9243724607428,5698.215919304846,0.022935771918153873,0.9625440350700827,0.3205410587086397,0.34847389296939435,0.3758484196574856,0.35942370364463083,2500.354648991708
23,80.25834987331123,12.952245777937478,39.92521406000003,44.41649233999999,41.1061340564706,0.7740227230233171,-0.03575345501303673,0.7330394387245178,0.31757664607121394,0.1539818589198555,-0.23656180500984192,0.27728918194770813,-0.0019120608843289889,0.08097864907847226,284.0,0.27052554086542774,236.6548855044222,9469.248691156785,0.0381144785126262,1.001912060884329,0.31757664607121394,0.6703461517187741,0.6245818351420372,0.6520404250880794,2828.9843865040893
24,80.26296050621809,12.952245777937478,31.07937830000003,45.31884962000004,36.21333895647061,4.894250599132723,-0.30457380414009094,0.6951636672019958,-0.048322891534543506,0.19311452809702917,-0.37702980637550354,0.24771781265735626,-0.001545074687284582,0.08690677713162517,89.0,0.0594662969216073,165.9993658216183,2502.576829730057,0.010073070621961886,1.0015450746872845,0.0,0.14735393623404744,0.16506737544621328,0.15443931191891377,3202.3313429154946
25,80.26757113912495,12.952245777937478,30.52565906000001,31.465614560000006,30.839395449411786,0.18627925523506092,-0.2420634925365448,-0.02188868075609207,-0.12598318062576594,0.032752492498815254,-0.148965522646904,0.11341632157564163,-0.030148147882199754,0.040024196667141035,0.0,0.0,0.0,0.0,0.0,1.0301481478821997,0.0,0.0,0.0,0.0,3606.5348304070976
26,80.27218177203181,12.952245777937478,30.303487760000053,30.85378897999999,30.465207020000022,0.10608175757626473,-0.16024567186832428,-0.0005652911495417356,-0.08179856520432692,0.023660561083641684,-0.16343490779399872,0.05263157933950424,-0.043415897075946515,0.033591884376750605,0.0,0.0,0.0,0.0,0.0,1.0434158970759466,0.0,0.0,0.0,0.0,4032.3262539687576
27,80.27679240493867,12.952245777937478,30.19752914000003,30.73415828000003,30.447162870588254,0.12086426426639506,-0.14854682981967926,0.0011376563925296068,-0.07055578493604472,0.021284038902673545,-0.13693466782569885,0.055405404418706894,-0.035527918198529414,0.026021867709208907,0.0,0.0,0.0,0.0,0.0,1.0355279181985295,0.0,0.0,0.0,0.0,4272.20942496183
28,80.28140303784554,12.952245777937478,30.002702,30.43679054000006,30.233755421176493,0.08504468180504038,-0.15463916957378387,-0.005931198131293058,-0.07443802179074754,0.021863597347261194,-0.14307574927806854,0.0642458125948906,-0.04217761469822304,0.030773992722175323,0.0,0.0,0.0,0.0,0.0,1.0421776146982231,0.0,0.0,0.0,0.0,4472.488419111017
29,80.2860136707524,12.952245777937478,29.906997440000055,30.41286439999999,30.16519396117649,0.0949645761885465,-0.1500321924686432,0.009399855509400368,-0.07058150945925246,0.022505543756617643,-0.14393368363380432,0.06110282987356186,-0.04966014787262561,0.03161693036602054,0.0,0.0,0.0,0.0,0.0,1.0496601478726255,0.0,0.0,0.0,0.0,4717.512695247062
30,80.29062430365926,12.952245777937478,30.05055428000003,30.679469960000006,30.468132245882366,0.1661990092645201,-0.15633802115917206,0.02018093317747116,-0.06706210209773138,0.026837356322642107,-0.1581469625234604,0.08287292718887329,-0.04834374060997596,0.032672586859493424,0.0,0.0,0.0,0.0,0.0,1.048343740609976,0.0,0.0,0.0,0.0,5000.709297983416
31,80.29523493656612,12.952245777937478,30.457298659999992,30.80251868000005,30.61901003529413,0.06577826928492835,-0.15878158807754517,0.029512697830796242,-0.06423396690219056,0.027500643486132858,-0.1782831996679306,0.08347245305776596,-0.04595704620959712,0.03563514552833304,0.0,0.0,0.0,0.0,0.0,1.045957046209597,0.0,0.0,0.0,0.0,5315.981096509275
32,80.29984556947298,12.952245777937478,30.177021019999984,30.792264620000026,30.45992426705884,0.17855638910211374,-0.15379449725151062,0.021160408854484558,-0.06531423531326593,0.02719136353088721,-0.14786584675312042,0.07848101109266281,-0.03744880825865502,0.032117284628717956,0.0,0.0,0.0,0.0,0.0,1.037448808258655,0.0,0.0,0.0,0.0,5657.968773008179
33,80.30445620237984,12.952245777937478,29.920669520000047,30.38210221999998,30.147335102352965,0.0980208940210475,-0.16570605337619781,0.039464883506298065,-0.06598816504845252,0.028955263993749505,-0.13978494703769684,0.07953667640686035,-0.030024783794696513,0.030859039081761578,0.0,0.0,0.0,0.0,0.0,1.0300247837946965,0.0,0.0,0.0,0.0,6022.122577348701
34,80.3090668352867,12.952245777937478,29.876235260000044,30.29323370000003,30.10589308823531,0.07671869287912249,-0.180811807513237,0.05999999865889549,-0.06481184417126226,0.03056156186992261,-0.1548183262348175,0.0901639312505722,-0.02746364817899816,0.03122842266824454,0.0,0.0,0.0,0.0,0.0,1.0274636481789983,0.0,0.0,0.0,0.0,6404.662685830989
35,80.31367746819356,12.952245777937478,29.944595660000005,30.18043904000001,30.07322675176473,0.0654434459329452,-0.17256011068820953,0.033766232430934906,-0.065135498046875,0.031197614410029197,-0.15697674453258514,0.07728337496519089,-0.02888089049096201,0.034923687283480734,0.0,0.0,0.0,0.0,0.0,1.028880890490962,0.0,0.0,0.0,0.0,6802.4879260697135
36,80.31828810110042,12.952245777937478,29.794202779999978,30.190693100000033,29.995932980000024,0.0686151270603439,-0.15797100961208344,0.041584160178899765,-0.059453893808218146,0.031052271458815072,-0.147801011800766,0.11661341786384583,-0.022093982696533204,0.033600615507929255,0.0,0.0,0.0,0.0,0.0,1.0220939826965332,0.0,0.0,0.0,0.0,7213.069660814195
37,80.32289873400728,12.952245777937478,29.760022580000054,30.08473448000001,29.947859928235314,0.06780475825707004,-0.18458418548107147,0.058278147131204605,-0.0545107972388174,0.03314949259398463,-0.12227074056863785,0.11755724996328354,-0.018602314369351256,0.03621989561704831,0.0,0.0,0.0,0.0,0.0,1.0186023143693512,0.0,0.0,0.0,0.0,7634.350002559337
38,80.32750936691414,12.952245777937478,29.073000560000025,30.040300220000006,29.746930025882367,0.25935950492707216,-0.16795502603054047,0.08541392534971237,-0.04810462802064185,0.033203810980932176,-0.10929367691278458,0.13509316742420197,-0.00352418114157284,0.041044413704379556,0.0,0.0,0.0,0.0,0.0,1.003524181141573,0.0,0.0,0.0,0.0,8064.652507937515
39,80.332119999821,12.952245777937478,29.24731958000001,29.98219388000001,29.722743690588253,0.12955106934662078,-0.15107913315296173,0.06363636255264282,-0.05038367051344651,0.03158047555503274,-0.13428765535354614,0.09703947603702545,-0.019526886573204626,0.03252342658484325,0.0,0.0,0.0,0.0,0.0,1.0195268865732046,0.0,0.0,0.0,0.0,8502.607498195686
40,80.33673063272786,12.952245777937478,28.898681539999984,29.84889110000006,29.566058815294138,0.25843465608628713,-0.16070175170898438,0.08205841481685638,-0.04621038100298713,0.032888200591443914,-0.1366594433784485,0.10163934528827667,-0.01011034647623698,0.033776637241887356,0.0,0.0,0.0,0.0,0.0,1.0101103464762369,0.0,0.0,0.0,0.0,8947.091289651053
41,80.34134126563472,12.952245777937478,28.77221480000003,29.862563180000052,29.44849785058825,0.30322842308796005,-0.1666666716337204,0.07985866069793701,-0.048971793978821995,0.03248919987185158,-0.11821974813938141,0.09326845407485962,-0.022363525091433058,0.029646806136685633,0.0,0.0,0.0,0.0,0.0,1.0223635250914331,0.0,0.0,0.0,0.0,9397.17749671206
42,80.34595189854159,12.952245777937478,28.645748060000017,29.924087540000016,29.556206875294137,0.24967227187836835,-0.148965522646904,0.06119510531425476,-0.04789408170259916,0.03224929340815255,-0.13517551124095917,0.10281923413276672,-0.021270115192119892,0.03246537521577393,0.0,0.0,0.0,0.0,0.0,1.02127011519212,0.0,0.0,0.0,0.0,9852.098322005262
43,80.35056253144845,12.952245777937478,0.0,29.732678420000013,12.066490656470595,14.423867669794708,-0.13829787075519562,0.04858299717307091,-0.017996823179955577,0.02989263223231932,-0.11289148032665253,0.11058451980352402,-0.005159963719985065,0.02406202414227457,0.0,0.0,0.0,0.0,0.0,1.005159963719985,0.0,0.0,0.0,0.0,10311.213889285384
44,80.15230531645344,12.956737333812432,32.97979742000001,44.36522204000005,39.17734625750001,3.17064574046454,-0.008799999952316284,0.8257907629013062,0.2923577761182598,0.20575819905440967,-0.5196374654769897,0.36661624908447266,-0.08397435805376838,0.1964609589583928,51.0,0.024139637622727715,117.59425653732862,3776.991586180927,0.015202691295699473,1.0839743580537684,0.2923577761182598,0.05981658194828603,0.2491264527053763,0.13554053025112214,500.1879825372523
45,80.1569159493603,12.956737333812432,34.56917672000003,43.64401982000004,37.695408395000015,2.384629413055338,-0.062295082956552505,0.834702730178833,0.5456275850183824,0.23358065804659572,-0.4886047840118408,0.439581960439682,-0.10831395766314338,0.15747323399266633,0.0,0.0,0.0,2329.6575456347473,0.00937705676140879,1.1083139576631433,0.5456275850183824,0.0,0.1536617985821736,0.06146471943286944,0.0
46,80.16152658226716,12.956737333812432,39.378330860000005,43.56540536,41.88303581000002,0.8211550736326653,-0.083956778049469,0.819437563419342,0.20575993464543268,0.1654156463985592,-0.37217193841934204,0.5165606737136841,0.07372856727013222,0.0917832013140887,78.0,0.19163239705365967,610.3794026799593,3033.8069817017386,0.012211314201042532,0.9262714327298678,0.20575993464543268,0.4748536478242068,0.2001067660064292,0.3649548950970958,500.1879825372523
47,80.16613721517402,12.956737333812432,39.634682360000056,44.00974796000003,41.82053128250001,0.9125574961554376,-0.038230884820222855,0.7186700701713562,0.20005856981464462,0.16271062276377635,-0.2161223143339157,0.4590258002281189,0.058081527410768996,0.08061579330059858,93.0,0.091156648043156,243.5179276029889,3670.806191774618,0.01477528664455396,0.941918472589231,0.20005856981464462,0.22588073578497944,0.24212257408029492,0.23237747110310564,1000.3759650745046
48,80.17074784808088,12.956737333812432,40.229417839999996,44.700188000000026,42.69961586750002,1.1264844502744684,-0.037311457097530365,0.7564470171928406,0.237194154028799,0.15023934388889404,-0.27054035663604736,0.24012409150600433,0.04678373748180913,0.07291140889628767,249.0,0.13604467035676615,135.7399628788988,11686.53433177997,0.04703922942605511,0.9532162625181909,0.237194154028799,0.33711057722595256,0.7708316992677768,0.5105990260426823,1500.563947611757
49,80.17535848098774,12.956737333812432,41.31634819999999,44.37889412000004,42.969287592500024,0.6102493816767506,0.016583748161792755,0.7552527189254761,0.25022672213040864,0.12147528982451121,-0.22036202251911163,0.3593178987503052,0.04563282306377704,0.06314261540688819,204.0,0.11460588202973625,139.57327884038838,12404.353021074669,0.04992850669623968,0.954367176936223,0.25022672213040864,0.28398653870980045,0.818178276475917,0.4976632338162471,2000.7519301490092
50,80.1799691138946,12.956737333812432,40.981382240000016,44.73778622000003,42.441266333750015,0.8440549821237987,-0.03932584449648857,0.6750160455703735,0.24934864717371324,0.12831315090380951,-0.24418126046657562,0.583427906036377,0.055966366038602944,0.07457088406542649,255.0,0.13389687829909325,130.45352297605734,11210.250055582475,0.04512214736356959,0.9440336339613971,0.24934864717371324,0.33178847663631034,0.7394164817590699,0.4948396786854142,2500.6015848180728
51,80.18457974680146,12.956737333812432,40.11320516000001,42.83736710000005,41.476429658750014,0.7114365521929031,-0.0021909233182668686,0.6786161661148071,0.21161025103400735,0.12155037178197273,-0.1724884957075119,0.26916149258613586,0.06903995887905943,0.07097474530079896,269.0,0.17169666854244675,158.57514934113155,9150.309951131065,0.03683072473764013,0.9309600411209406,0.21161025103400735,0.4254541018647012,0.6035449662160803,0.4966904476052528,2692.72205611679
52,80.18919037970832,12.956737333812432,33.44123012,43.22018534000006,40.62329717250002,2.030477378424993,-0.21985815465450287,0.7119113802909851,0.16297581599308894,0.14483313855273186,-0.36347198486328125,0.5617780685424805,0.08121819716233473,0.09082921114221694,349.0,0.20220379957758117,143.9426273996344,11200.718737833009,0.04508378305216458,0.9187818028376653,0.16297581599308894,0.5010489526280001,0.7387878059131348,0.5961444939420539,2915.7661361760934
53,80.19380101261518,12.956737333812432,38.062393160000056,42.929653640000026,41.334933683750016,0.7232964607933848,-0.11520737409591675,0.6895273327827454,0.20067338532092524,0.11460657529624861,-0.2967033088207245,0.4166369140148163,0.06564831303615196,0.07226943822548068,443.0,0.24054149567775396,134.8999601453697,14381.407200108864,0.05788630688533696,0.9343516869638481,0.20067338532092524,0.59604747648013,0.9485827222340694,0.7370615747817058,2500.9399126862613
54,80.19841164552204,12.956737333812432,40.39006477999999,42.10591082000002,41.19401575625002,0.39897601111795883,0.0030425963923335075,0.6632155179977417,0.21983194986979165,0.11884578690444891,-0.27919653058052063,0.21355685591697693,0.057455887140012256,0.061371441997865865,373.0,0.24155914364158274,160.89412639344158,12997.399256623954,0.052315564924306536,0.9425441128599877,0.21983194986979165,0.5985691474254121,0.8572949918779919,0.702059485206444,2000.7519301490092
55,80.2030222784289,12.956737333812432,38.94424232000006,43.4184305,41.95478909750002,1.0006047215059723,-0.00745089165866375,0.6665382981300354,0.1935526569073017,0.11671479076414867,-0.15244507789611816,0.22838278114795685,0.05588783264160156,0.06425492233817076,312.0,0.1938086079803134,154.32774441073943,12173.885533224025,0.04900085674215772,0.9441121673583984,0.1935526569073017,0.48024616867581976,0.8029768797022998,0.6093384530864118,1500.563947611757
56,80.20763291133576,12.956737333812432,38.20595000000003,42.457966880000015,39.996803986250015,1.240510063992006,-0.006643757224082947,0.7207278609275818,0.20183584175857844,0.1168155121455362,-0.2144901305437088,0.3038235902786255,0.052670132506127454,0.0642092191542854,92.0,0.0596260219633372,161.01767407392484,10857.801558564457,0.04370351415363542,0.9473298674938726,0.20183584175857844,0.1477497253588533,0.7161693439722943,0.3751175728042297,1000.3759650745046
57,80.21224354424263,12.956737333812432,38.66738270000002,47.899454719999994,43.10452557500001,1.6696568373752374,-0.30038511753082275,0.7687108516693115,0.21859755572150735,0.15899212903051643,-0.294610857963562,0.6208415031433105,0.07933389102711397,0.10121654247587376,9.0,0.007323607580084629,202.16598987089495,10115.536935544067,0.040715840057462,0.920666108972886,0.21859755572150735,0.018147462684310164,0.6672103382974256,0.27777261292955635,500.1879825372523
58,80.21685417714949,12.956737333812432,37.09509350000002,43.24069345999999,40.43415975125002,1.701474627160779,-0.2815094292163849,0.8959349393844604,0.4254939622145433,0.22641107243437972,-0.6123577952384949,0.6490228176116943,0.013530116448035607,0.22161678649285094,0.0,0.0,0.0,0.0,0.0,0.9864698835519644,0.4254939622145433,0.0,0.0,0.0,0.0
59,80.22146481005635,12.956737333812432,39.132233420000034,50.34333902000003,46.70054650625002,3.172362290495405,-0.0030311380978673697,0.7379472255706787,0.21909768497242646,0.1562808313394959,-0.367984414100647,0.38925397396087646,0.16963126388250613,0.09977474927790936,0.0,0.0,0.0,380.98246075547064,0.0015334846816002178,0.8303687361174938,0.21909768497242646,0.0,0.025129208478578035,0.010051683391431214,499.9999999999634
60,80.22607544296321,12.956737333812432,39.737222960000054,52.22325002000002,49.00117555625002,3.0329485781673755,0.057981058955192566,0.8359827399253845,0.19231373506433824,0.1428884522112828,-0.4019036293029785,0.38728323578834534,0.17937466490502452,0.10116715417579747,0.0,0.0,0.0,470.47003962277574,0.0018936792982090435,0.8206253350949755,0.19231373506433824,0.0,0.031031716486795875,0.01241268659471835,499.9999999999634
61,80.23068607587007,12.956737333812432,38.558006060000025,52.64024846000001,45.178081789375014,4.524076390939808,-0.1085120216012001,0.881147563457489,0.28982215294471153,0.24198228352053464,-0.5315477252006531,0.5274360179901123,0.07421434842623197,0.18521764060260515,1.0,0.0020871439070087225,518.5348319314163,4.409516074163286,1.774865262718589e-05,0.925785651573768,0.28982215294471153,0.0051718180903390825,0.0002908471127452002,0.0032194296993015297,499.9999999999634
62,80.23529670877693,12.956737333812432,39.74747702000002,47.72171767999998,42.37265460875002,1.3058569992388394,-0.10612855106592178,0.7110993266105652,0.19565994561887254,0.13185235683157862,-0.30389735102653503,0.6272385716438293,0.07587149227366728,0.1012459294118376,182.0,0.14932494871384178,203.83864643792498,4863.808804618917,0.01957721697037014,0.9241285077263327,0.19565994561887254,0.3700183147428632,0.3208117906762645,0.3503357051162237,707.2397174046789
63,80.23990734168379,12.956737333812432,40.184983579999994,46.306657400000006,42.532610405000014,1.3394986137529183,-0.06403269618749619,0.7892829179763794,0.21811851351868872,0.1620356238093622,-0.22347110509872437,0.5779104232788086,0.07125983743106618,0.09660582558170797,109.0,0.25752562387247285,586.9748459672568,5615.133397181093,0.022601358163954147,0.9287401625689338,0.21811851351868872,0.6381331329368404,0.370368382557526,0.5310272327851147,1118.370274774285
64,80.24451797459065,12.956737333812432,41.641060100000004,45.98878153999999,44.23379163125002,0.8217139583600848,-0.06663527339696884,0.7613891959190369,0.17599635197566105,0.13319355706590785,-0.27805864810943604,0.3604206442832947,0.0915444124661959,0.07906686556953418,98.0,0.19682838303110367,498.9846542260883,7142.467018284363,0.028748997367634272,0.9084555875338041,0.17599635197566105,0.48772899110315054,0.47110972614835295,0.4810812851212315,1581.198285438723
65,80.24912860749751,12.956737333812432,40.34221250000002,45.814462520000006,43.24287998750002,1.3670514892548613,-0.05352112650871277,0.7148584127426147,0.22989118987438725,0.16342466547010107,-0.299222469329834,0.5448758602142334,0.06283078062768076,0.10576072578993276,116.0,0.24218982959882418,518.7086052958601,7833.485342667104,0.03153040103919625,0.9371692193723192,0.22989118987438725,0.6001319496030821,0.5166885790475076,0.5667546013808523,1802.9842127701554
66,80.25373924040437,12.956737333812432,38.97500450000001,44.77538444000004,41.937108383750015,1.2553612794512896,-0.09246575087308884,0.8342316150665283,0.23943232517616422,0.16395230441866773,-0.2854214310646057,0.5914332866668701,0.05080905689912684,0.09436202139616369,181.0,0.18162737050503755,249.30343428377898,8937.237341059124,0.03597309054900589,0.9491909431008732,0.23943232517616422,0.45006178889932513,0.5894909175626197,0.505833440364643,2121.7191522140365
67,80.25834987331123,12.956737333812432,40.89593174000004,44.146468760000005,42.096511265000025,0.7877939384967645,-0.016895249485969543,0.7240976691246033,0.25545879657451925,0.14593743644440912,-0.2413034439086914,0.32385095953941345,0.02622907198392428,0.07777564238282769,230.0,0.2324408333665018,251.078848570458,7435.6879473313975,0.029929234909610816,0.9737709280160757,0.25545879657451925,0.5759745185281765,0.4904502749014217,0.5417648210774746,2500.6015848180728
68,80.26296050621809,12.956737333812432,31.45877852000001,46.46388632000003,39.130687771250024,5.506602156449683,-0.37171974778175354,0.671738862991333,0.022652441286573222,0.21261951614253602,-0.3807504177093506,0.3879929482936859,0.023052282894358917,0.09627654104808701,104.0,0.0694541707102938,165.9168643333974,3701.9696492489147,0.01490072203747932,0.9769477171056411,0.022652441286573222,0.17210329164307844,0.24417808345527248,0.20093320836795606,2916.281955995825
69,80.26757113912495,12.956737333812432,30.532495100000006,31.73905616000002,31.023797776250014,0.31305675526894317,-0.27466368675231934,-0.012453299947082996,-0.13920510684742646,0.03609561496309887,-0.12937812507152557,0.12812736630439758,-0.007806845272288603,0.04076851810262495,0.0,0.0,0.0,0.0,0.0,1.0078068452722886,0.0,0.0,0.0,0.0,3355.110824322855
70,80.27218177203181,12.956737333812432,30.29665172,30.94949354000005,30.56881156250002,0.18322746141577548,-0.1679389327764511,-0.012389380484819412,-0.0850486579308143,0.023177266904479712,-0.18925999104976654,0.046092186123132706,-0.058989885770357575,0.03438281690003486,0.0,0.0,0.0,0.0,0.0,1.0589898857703575,0.0,0.0,0.0,0.0,3640.1582481393516
71,80.27679240493867,12.956737333812432,30.252217459999997,30.617945599999985,30.44357631500002,0.09747791025751466,-0.16173121333122253,0.002415458904579282,-0.075443115234375,0.021273929303741917,-0.17488789558410645,0.04240052029490471,-0.03968177945006127,0.03175841844453999,0.0,0.0,0.0,0.0,0.0,1.0396817794500612,0.0,0.0,0.0,0.0,3808.108738057566
72,80.28140303784554,12.956737333812432,29.975357840000015,30.52224104000004,30.190956991250026,0.10438453338211981,-0.15077990293502808,0.0012468828354030848,-0.0735900759229473,0.021782456880340032,-0.13835126161575317,0.07278688251972198,-0.032603607177734376,0.029628015193180274,0.0,0.0,0.0,0.0,0.0,1.0326036071777345,0.0,0.0,0.0,0.0,4031.501988836567
73,80.2860136707524,12.956737333812432,29.98561189999998,30.423118460000012,30.217584875000018,0.09172897020518757,-0.1473241150379181,0.003215434029698372,-0.07346945369944853,0.0211386500328976,-0.15000000596046448,0.056179776787757874,-0.04374074599322151,0.03265271810181279,0.0,0.0,0.0,0.0,0.0,1.0437407459932215,0.0,0.0,0.0,0.0,4301.709014666772
74,80.29062430365926,12.956737333812432,29.98219388000001,30.69997808000005,30.415302252500023,0.18344748549482545,-0.1744185984134674,0.03448275849223137,-0.070751466017503,0.02554051246598613,-0.1375623643398285,0.08588498830795288,-0.030541117741511418,0.030445888663899155,0.0,0.0,0.0,0.0,0.0,1.0305411177415114,0.0,0.0,0.0,0.0,4610.506332658803
75,80.29523493656612,12.956737333812432,30.41286439999999,30.761502440000015,30.609727272500013,0.058177818217885334,-0.1666666716337204,0.04596935212612152,-0.06343469956341911,0.02848083194621569,-0.1267409473657608,0.11291512846946716,-0.011876693426393995,0.040415822512225634,0.0,0.0,0.0,0.0,0.0,1.011876693426394,0.0,0.0,0.0,0.0,4950.678021832752
76,80.29984556947298,12.956737333812432,29.975357840000015,30.795682639999995,30.42378447125002,0.17339240474811085,-0.15912409126758575,0.04878048598766327,-0.06438794902726716,0.028045629953719342,-0.14928732812404633,0.05794702097773552,-0.04004066616881127,0.03350276179229193,0.0,0.0,0.0,0.0,0.0,1.0400406661688113,0.0,0.0,0.0,0.0,5316.20476881564
77,80.30445620237984,12.956737333812432,29.924087540000016,30.282979640000008,30.142074278750016,0.07324603032809816,-0.15474452078342438,0.03551136329770088,-0.06386878380408653,0.027532835881978603,-0.1315789520740509,0.06950122863054276,-0.03440655048076923,0.031368376854878886,0.0,0.0,0.0,0.0,0.0,1.0344065504807691,0.0,0.0,0.0,0.0,5702.212679990797
78,80.3090668352867,12.956737333812432,29.941177639999978,30.200947160000055,30.07263318125002,0.04832368552470447,-0.16925151646137238,0.04542278125882149,-0.06480313170189951,0.028844675723486028,-0.14534883201122284,0.07042253762483597,-0.03216661640242034,0.032031700034817555,0.0,0.0,0.0,0.0,0.0,1.0321666164024204,0.0,0.0,0.0,0.0,6104.817915996092
79,80.31367746819356,12.956737333812432,29.85572714,30.16334893999999,30.030046160000015,0.06540896206576806,-0.1679336577653885,0.05387453734874725,-0.06442097383386948,0.03022359222248074,-0.14127860963344574,0.08556611835956573,-0.029173566032858457,0.033845381699971,0.0,0.0,0.0,0.0,0.0,1.0291735660328585,0.0,0.0,0.0,0.0,6520.947029598943
80,80.31828810110042,12.956737333812432,29.773694660000046,30.074480419999986,29.924645341875014,0.05926188115141189,-0.18252933025360107,0.07256392389535904,-0.05688757089468149,0.0316010615360824,-0.1426403671503067,0.140625,-0.01708619631253756,0.03606376453024575,0.0,0.0,0.0,0.0,0.0,1.0170861963125375,0.0,0.0,0.0,0.0,6948.170591886261
81,80.32289873400728,12.956737333812432,29.48999900000001,29.98219388000001,29.84304779375002,0.08407576599838522,-0.1649555116891861,0.07533703744411469,-0.04623276654411765,0.033970974841999124,-0.10866142064332962,0.14444445073604584,0.026607977175245098,0.040870872364128556,0.0,0.0,0.0,0.0,0.0,0.9733920228247549,0.0,0.0,0.0,0.0,7384.563292491997
82,80.32750936691414,12.956737333812432,28.970459960000028,29.910415460000024,29.50443762125002,0.25762084265056073,-0.1762237697839737,0.08137188851833344,-0.04456565707337622,0.03440630240619599,-0.09356337040662766,0.1584775149822235,0.03386459948969822,0.039905531502617664,0.0,0.0,0.0,0.0,0.0,0.9661354005103018,0.0,0.0,0.0,0.0,7828.591923419995
83,80.332119999821,12.956737333812432,29.30884394000003,29.954849720000027,29.77018867625002,0.0861854357614601,-0.16801173985004425,0.08834446966648102,-0.049956888052133414,0.03192356206962235,-0.1378830075263977,0.11746522039175034,-0.016693099095271183,0.03499601536392536,0.0,0.0,0.0,0.0,0.0,1.0166930990952712,0.0,0.0,0.0,0.0,8279.02796358381
84,80.33673063272786,12.956737333812432,28.789304900000047,29.83521902000001,29.22207398375002,0.3043238040318956,-0.16712328791618347,0.09425938874483109,-0.04245455872778799,0.035564179275948724,-0.10838150233030319,0.1465451717376709,0.011511608946557138,0.04099163843380876,0.0,0.0,0.0,0.0,0.0,0.9884883910534429,0.0,0.0,0.0,0.0,8734.880226764302
85,80.34134126563472,12.956737333812432,28.765378760000033,29.828382980000015,29.59324331000002,0.22118531690982887,-0.15390020608901978,0.10289855301380157,-0.04131584017884497,0.033786987146604795,-0.11428571492433548,0.15128593146800995,0.01456675510780484,0.04125584463165576,0.0,0.0,0.0,0.0,0.0,0.9854332448921952,0.0,0.0,0.0,0.0,9195.343232625015
86,80.34595189854159,12.956737333812432,29.452400780000005,29.900161400000002,29.67094043375002,0.07428209484419342,-0.14782609045505524,0.06554185599088669,-0.040146211477426384,0.034076862701977594,-0.10931677371263504,0.14411765336990356,-0.0011652025809654823,0.03825521766653304,0.0,0.0,0.0,0.0,0.0,1.0011652025809654,0.0,0.0,0.0,0.0,9659.75764661809
87,80.35056253144845,12.956737333812432,0.0,29.876235260000044,12.263174644705888,14.657376516052599,-0.1568627506494522,0.06101695075631142,-0.016197366153492647,0.029759460088836783,-0.16547788679599762,0.12382445484399796,-0.0065112431844075525,0.023581315593833873,0.0,0.0,0.0,0.0,0.0,1.0065112431844077,0.0,0.0,0.0,0.0,10126.911531448273
88,80.15230531645344,12.961228889687387,32.34746372000001,44.01316598000005,38.24357187411766,3.564862270796941,-0.0005509642069227993,0.8525963425636292,0.31693469477634806,0.1898628343646225,-0.6578723192214966,0.29326286911964417,-0.16971945369944852,0.23503769553701861,114.0,0.053330802696443844,116.2248005562499,5474.609440034219,0.02203573806885773,1.1697194536994484,0.31693469477634806,0.13215054756481626,0.36109956790297154,0.22373015570007837,500.1789596178195
89,80.1569159493603,12.961228889687387,33.39337784000003,41.20013552,36.463445769411784,2.1924134493027254,0.009976247325539589,0.8489425778388977,0.5707106885723039,0.22942187435061748,-0.34369173645973206,0.1952941119670868,-0.10746742398131127,0.11474411438755523,62.0,0.07509752598168977,300.925839547899,3123.584310165228,0.012572675082802692,1.1074674239813114,0.5707106885723039,0.18608718934405,0.2060283855978802,0.19406366784558207,0.0
90,80.16152658226716,12.961228889687387,35.86802432000002,43.20651326000001,41.55902762000002,1.5972837610639279,-0.016818836331367493,0.765275239944458,0.25021622877854566,0.18667887834250665,-0.2417716383934021,0.2673036456108093,0.05649769122783954,0.08813871331778038,168.0,0.09722103298977951,143.77272029228266,9977.797650907814,0.04016142849052156,0.9435023087721605,0.25021622877854566,0.24090791990410323,0.6581251977572259,0.4077948310453523,500.1789596178195
91,80.16613721517402,12.961228889687387,38.78701339999998,43.43210257999999,41.48789968823531,0.9802310438888769,-0.256719172000885,0.7090908885002136,0.26703230315563725,0.1498670521800554,-0.4072065055370331,0.2902655005455017,0.020139604456284467,0.11665111045445416,165.0,0.09003364797717972,135.56464574662957,9054.976679669198,0.036447000743775125,0.9798603955437155,0.26703230315563725,0.2230980086154897,0.5972568823794658,0.37276155812108014,1000.357919235639
92,80.17074784808088,12.961228889687387,40.98821828000001,43.69529011999998,42.42975934470591,0.49581373825317687,0.006881948094815016,0.754581868648529,0.28994446997549017,0.13998015844505873,-0.26847806572914124,0.23234888911247253,0.02880689433976716,0.0713898400861831,215.0,0.08048426241538628,93.00323367022241,10442.88948879329,0.04203346009932686,0.9711931056602329,0.28994446997549017,0.19943520087412597,0.6888021736283291,0.3951819899758072,1414.4666721338156
93,80.17535848098774,12.961228889687387,39.77823920000003,44.505360859999996,42.28830772117648,0.9415827817175194,0.019723866134881973,0.7892031073570251,0.31237769493689904,0.14251555834466492,-0.31312257051467896,0.43949806690216064,0.02349689923799955,0.07664316338082353,99.0,0.04223784054827734,105.99662866193403,9859.604225259967,0.03968569055933853,0.9765031007620004,0.31237769493689904,0.10466284912644763,0.6503292818297249,0.32292942220775855,1803.2223725317774
94,80.1799691138946,12.961228889687387,34.39143968000002,42.509237180000014,39.94638449529413,1.9269068982602968,-0.11642411351203918,0.8043578863143921,0.30011182598039216,0.201094135162612,-0.4515952169895172,0.6323968768119812,0.022697655172909007,0.12048004552259191,89.0,0.035735294020582016,99.75459128867088,6268.753399562944,0.02523223061738027,0.977302344827091,0.30011182598039216,0.08854992674851517,0.4134804808757853,0.21852214839942324,2061.59622420196
95,80.18457974680146,12.961228889687387,40.048262780000016,42.748498580000046,41.32925152117649,0.5540742438836909,-0.066916823387146,0.7478152513504028,0.20838594324448528,0.13301976478614294,-0.25876641273498535,0.6161407232284546,0.07200436461205575,0.07783085127172013,313.0,0.18701072346842104,148.43889519280114,9796.117350914197,0.039430150844731025,0.9279956353879443,0.20838594324448528,0.46340141639181065,0.6461417533594521,0.5364975511788672,2236.228066762617
96,80.18919037970832,12.961228889687387,33.20880476000002,42.36568034000004,39.32195587000002,2.923825283751428,-0.22134387493133545,0.7260892391204834,0.11753045889047475,0.18090870111914797,-0.6118831038475037,0.525581419467926,0.06949851402869592,0.0957158507181841,241.0,0.1623827322972557,167.39725905947333,8967.814636635057,0.036096166593707464,0.9305014859713041,0.11753045889047475,0.40237472348384923,0.5915077643059451,0.47802793981268754,2500.322164201784
97,80.19380101261518,12.961228889687387,33.57111487999998,42.64253996000002,39.839893657647075,2.1389326639550315,-0.21256545186042786,0.708709180355072,0.1745147824754902,0.16429955130392998,-0.42430704832077026,0.5285205245018005,0.052692440257352945,0.09197459295128142,303.0,0.1653772880436008,135.5997153443809,9754.901748038974,0.03926425476771283,0.947307559742647,0.1745147824754902,0.40979505397925464,0.6434232148861376,0.5032463183420078,2500.8947980890975
98,80.19841164552204,12.961228889687387,40.410572900000034,42.38960648,41.552298023529424,0.3269406681832113,-0.007213114760816097,0.6398505568504333,0.19768989114200367,0.10772880611852385,-0.1441260129213333,0.5730400681495667,0.06636663698682597,0.064511018864911,306.0,0.19848917053166554,161.15394111112835,12698.82234720051,0.05111376913566979,0.933633363013174,0.19768989114200367,0.4918443234531489,0.8376011682071772,0.6301470613547602,2000.715838471278
99,80.2030222784289,12.961228889687387,41.05657868000003,43.36374218000003,41.72322267764708,0.41951064597621557,0.014048119075596333,0.6602097749710083,0.18760696411132813,0.10705822763190091,-0.16954851150512695,0.2394511103630066,0.06364145132211538,0.059453894846125496,339.0,0.22636255172656455,165.89390236795163,13331.026555943165,0.05365844131776348,0.9363585486778846,0.18760696411132813,0.5609128992320462,0.8793007029601049,0.6882680207232696,1500.5368788534583
100,80.20763291133576,12.961228889687387,38.69472686000006,43.36374218000003,41.758065192941196,1.1443353430359495,-0.006753246765583754,0.7283609509468079,0.1754623831954657,0.10973634263242153,-0.16377823054790497,0.3052457571029663,0.07272304160922181,0.06618233138469981,270.0,0.20634737084126564,189.87190865160588,11924.41727663545,0.04799672718389537,0.9272769583907782,0.1754623831954657,0.5113164750293882,0.7865222119042843,0.6213987697793466,1000.357919235639
101,80.21224354424263,12.961228889687387,41.12493907999999,45.38721002,42.62330916235295,0.7976522208249756,-0.021761657670140266,0.8005445003509521,0.21952225030637254,0.14123853485116458,-0.40656644105911255,0.43834248185157776,0.04267463235294117,0.09001608468798165,136.0,0.13974036044223473,255.27512132666706,8913.809410629357,0.03587879126718487,0.9573253676470588,0.21952225030637254,0.3462682767866438,0.5879456355388126,0.4429392202875113,500.1789596178195
102,80.21685417714949,12.961228889687387,35.56382054000005,44.734368200000006,38.97292293764707,2.6077026147622235,0.03518679365515709,0.8927175998687744,0.5612787804236778,0.23068268142034348,-0.629413902759552,0.3318377137184143,-0.126019040621244,0.19737606163420382,6.0,0.0029208033633577293,120.94185073020348,2008.89762421364,0.008085972586575174,1.126019040621244,0.5612787804236778,0.007237576490155076,0.13250480641781037,0.0573444684612172,0.0
103,80.22146481005635,12.961228889687387,35.63559896000004,44.730950180000036,40.288624096470606,2.1175230954985116,0.03192182257771492,0.8802676200866699,0.5096679208792892,0.1936136869208592,-0.5593220591545105,0.3504543602466583,-0.028467499976064646,0.20785131243675933,1.0,0.002965200576084028,736.6812500084329,0.0,0.0,1.0284674999760646,0.5096679208792892,0.007347590134718562,0.0,0.004408554080831137,0.0
104,80.22607544296321,12.961228889687387,35.01351932,42.62544986,37.87496975882355,1.9740634164178243,0.1260053664445877,0.8889819383621216,0.6593031460631128,0.1504264126950527,-0.5707248449325562,0.3475409746170044,-0.22328156115962008,0.1644109932178609,0.0,0.0,0.0,0.0,0.0,1.2232815611596202,0.6593031460631128,0.0,0.0,0.0,0.0
105,80.23068607587007,12.961228889687387,35.909040559999994,42.96725186000003,39.791207570000026,1.63755060550298,-0.08085694909095764,0.8796504139900208,0.4222465632512019,0.21168476055759788,-0.5226536989212036,0.4432835876941681,-0.05111368619478666,0.13717825440591247,51.0,0.037554954182614106,182.94586627265704,1600.604339763795,0.006442559669186464,1.0511136861947867,0.4222465632512019,0.0930589360758857,0.10557420429770689,0.09806504336461416,0.0
106,80.23529670877693,12.961228889687387,39.80900138000004,42.97408790000003,41.314834336470604,0.7399207775534151,-0.095238097012043,0.7352561950683594,0.20720514035692403,0.13839831207210415,-0.30727678537368774,0.48218998312950134,0.0522573792700674,0.08029086287893011,402.0,0.2444823838242342,151.0939444231942,11706.67573113435,0.04712030015911376,0.9477426207299326,0.20720514035692403,0.6058127622084055,0.7721602051061371,0.6723517393674981,500.1789596178195
107,80.23990734168379,12.961228889687387,40.919857879999995,42.90572750000001,41.85809845647061,0.431405716183944,-0.0114881107583642,0.7430377006530762,0.20828986672794117,0.1279224820985682,-0.17580187320709229,0.6501884460449219,0.06595157997280944,0.07883449674178213,407.0,0.28951229748047036,176.72506378219296,11846.853585265955,0.047684527162068564,0.9340484200271906,0.20828986672794117,0.7173942019316971,0.7814061911643082,0.7429989976247415,999.9999999999268
108,80.24451797459065,12.961228889687387,40.68059648000002,45.98878153999999,42.97574368823531,1.5077275600295674,-0.05144345387816429,0.6670700311660767,0.17217085618239183,0.12992327132453294,-0.2378235161304474,0.4899525046348572,0.07261692927433894,0.08680329282302399,201.0,0.26928558329955005,332.84542076684806,8898.48235338293,0.03581709864371134,0.9273830707256611,0.17217085618239183,0.6672736108417773,0.5869346787190555,0.6351380379926885,1118.1140333813084
109,80.24912860749751,12.961228889687387,41.03948858000001,45.84522470000002,43.995449045882374,1.3359786796422626,-0.04640434309840202,0.737058699131012,0.21543938131893384,0.15140563646882366,-0.3451692759990692,0.5527738332748413,0.08037455839269302,0.09944935968087096,155.0,0.17090907513077283,273.9422171250894,9832.52033959271,0.03957667576714417,0.919625441607307,0.21543938131893384,0.42350249237546145,0.648542856785399,0.5135186381394365,1414.4666721338156
110,80.25373924040437,12.961228889687387,39.97306634000006,43.83542894000004,42.08021062117649,0.8323490162059494,-0.00811188854277134,0.7672948241233826,0.20251929189644607,0.15340465035480566,-0.27881041169166565,0.2646847665309906,0.06406994389552696,0.08596304994123659,386.0,0.17224052838446863,110.85967088755629,10907.650558291814,0.0439041603390882,0.935930056104473,0.20251929189644607,0.4268017541085797,0.7194573323592488,0.5438639854088474,1803.2223725317774
111,80.25834987331123,12.961228889687387,40.69085054000004,44.07127232000005,42.19269777764707,0.8467418605784779,0.004359490238130093,0.7715408205986023,0.24725247896634617,0.14859990914890883,-0.2271662801504135,0.29817965626716614,0.046747301541841944,0.08395398414991337,358.0,0.2687167898862878,186.48217103499158,9698.752875886526,0.03903825109509187,0.9532526984581581,0.24725247896634617,0.665864174695809,0.6397196934396175,0.6554063821933325,2236.7082658026015
112,80.26296050621809,12.961228889687387,31.85185081999998,46.79543425999998,41.10716301058826,4.20463948420668,-0.31487271189689636,0.714902400970459,0.12484145220588236,0.20913234495404692,-0.40015071630477905,0.33243122696876526,0.017603204764571844,0.09704770327006038,210.0,0.13419429776967165,158.7597139815336,7890.754365872723,0.03176091340882575,0.9823967952354281,0.12484145220588236,0.33252546434146624,0.5204659844972094,0.40770167240376354,2693.4132232371926
113,80.26757113912495,12.961228889687387,30.80251868000005,32.80206038000006,31.399300241176487,0.3985340620464359,-0.27654320001602173,-0.03448275849223137,-0.1509163890165441,0.037827157700768076,-0.11540941148996353,0.17432346940040588,0.026049227247051165,0.04164129030694316,0.0,0.0,0.0,0.0,0.0,0.9739507727529488,0.0,0.0,0.0,0.0,3041.410691051612
114,80.27218177203181,12.961228889687387,30.272725580000042,31.11355850000001,30.711963490000024,0.2174305654009649,-0.17870256304740906,-0.0011641443707048893,-0.08904934222881611,0.023591811381458352,-0.18609407544136047,0.11627907305955887,-0.031340191180889425,0.042834681509148986,0.0,0.0,0.0,0.0,0.0,1.0313401911808895,0.0,0.0,0.0,0.0,3162.3908623976477
115,80.27679240493867,12.961228889687387,30.14284082000006,30.682887980000032,30.375609164705903,0.12023624864593817,-0.1607247292995453,0.0011890606256201863,-0.07472069235409007,0.021791086646686678,-0.1347918063402176,0.05866842344403267,-0.03158463122797947,0.027395920315109522,0.0,0.0,0.0,0.0,0.0,1.0315846312279795,0.0,0.0,0.0,0.0,3354.342100143925
116,80.28140303784554,12.961228889687387,29.975357840000015,30.50515094000002,30.168067936470607,0.12039517986167204,-0.15680643916130066,0.007352941203862429,-0.073554962756587,0.022396056846376862,-0.14751668274402618,0.054857898503541946,-0.036241553811465994,0.030512650009017556,0.0,0.0,0.0,0.0,0.0,1.036241553811466,0.0,0.0,0.0,0.0,3605.948400394619
117,80.2860136707524,12.961228889687387,29.954849720000027,30.361594100000048,30.138109996470615,0.10073374212515943,-0.14841218292713165,0.006702412851154804,-0.07494578043619791,0.022104863598310803,-0.13980136811733246,0.05534495785832405,-0.03589697445140166,0.028167894088050666,0.0,0.0,0.0,0.0,0.0,1.0358969744514017,0.0,0.0,0.0,0.0,3905.6977342221185
118,80.29062430365926,12.961228889687387,30.09498854000003,30.66921590000004,30.378128328235313,0.1503677933074466,-0.16251638531684875,0.049635037779808044,-0.06838150024414062,0.02614249500093871,-0.14499253034591675,0.08040200918912888,-0.03864851731520433,0.030272307173334637,0.0,0.0,0.0,0.0,0.0,1.0386485173152042,0.0,0.0,0.0,0.0,4243.400016401446
119,80.29523493656612,12.961228889687387,30.361594100000048,30.67605193999998,30.520679868235316,0.0672562107205186,-0.15731874108314514,0.04481605440378189,-0.06535330978094363,0.026154256045421292,-0.1498470902442932,0.0830039530992508,-0.03703885545917586,0.030626789913862675,0.0,0.0,0.0,0.0,0.0,1.0370388554591758,0.0,0.0,0.0,0.0,4610.723434622004
120,80.29984556947298,12.961228889687387,30.053972300000055,30.645289760000026,30.4086303129412,0.13828756047318563,-0.15889212489128113,0.028953230008482933,-0.06607207055185356,0.026572901547610526,-0.16871166229248047,0.08326967060565948,-0.03337677001953125,0.03176228567533274,0.0,0.0,0.0,0.0,0.0,1.0333767700195313,0.0,0.0,0.0,0.0,5001.145415326173
121,80.30445620237984,12.961228889687387,30.019792100000018,30.34450400000003,30.14998436352943,0.06312568752554726,-0.18423306941986084,0.03949446976184845,-0.06492413447453425,0.028555268437146595,-0.1357664167881012,0.09933774918317795,-0.03345593379094051,0.031433990627280355,0.0,0.0,0.0,0.0,0.0,1.0334559337909406,0.0,0.0,0.0,0.0,5409.6671175953325
122,80.3090668352867,12.961228889687387,29.96852180000002,30.320577860000014,30.151167069411784,0.06826070377028018,-0.1808585524559021,0.051444679498672485,-0.06404775582107843,0.030014524865617117,-0.15314044058322906,0.10407993197441101,-0.025981648763020834,0.03385120714742444,0.0,0.0,0.0,0.0,0.0,1.025981648763021,0.0,0.0,0.0,0.0,5832.486533583693
123,80.31367746819356,12.961228889687387,29.223393439999995,30.200947160000055,29.887057018823548,0.2255789287649852,-0.17313019931316376,0.08602890372276306,-0.06364298502604167,0.029025834437713276,-0.12905779480934143,0.12941177189350128,-0.019846067241593903,0.03480522621537432,0.0,0.0,0.0,0.0,0.0,1.0198460672415939,0.0,0.0,0.0,0.0,6266.71030038622
124,80.31828810110042,12.961228889687387,29.790784760000008,30.098406560000058,29.963472960000015,0.0713260295335126,-0.15789473056793213,0.07203114777803421,-0.05359998262845553,0.032763200467992006,-0.11077389866113663,0.16201117634773254,0.0217313839839055,0.042262072834380424,0.0,0.0,0.0,0.0,0.0,0.9782686160160945,0.0,0.0,0.0,0.0,6710.124797407805
125,80.32289873400728,12.961228889687387,29.664318019999996,30.098406560000058,29.87696853764708,0.08892370315345828,-0.16392269730567932,0.07712418586015701,-0.0451888978247549,0.03248894500934347,-0.09906001389026642,0.13846154510974884,0.03130622115789675,0.037228025161086024,0.0,0.0,0.0,0.0,0.0,0.9686937788421033,0.0,0.0,0.0,0.0,7161.022942841075
126,80.32750936691414,12.961228889687387,29.599375640000005,29.958267739999997,29.808241498823552,0.07059000840610657,-0.16546761989593506,0.10198675841093063,-0.04587393966375613,0.03360466840640745,-0.10918775200843811,0.16350364685058594,0.031105044495825674,0.03885881924499851,0.0,0.0,0.0,0.0,0.0,0.9688949555041744,0.0,0.0,0.0,0.0,7618.076027600018
127,80.332119999821,12.961228889687387,29.042238380000015,29.83863703999998,29.583314494117662,0.19810081832281456,-0.16030533611774445,0.09090909361839294,-0.04102542290320763,0.03409706012401426,-0.10967741906642914,0.1791730523109436,0.02568325923039363,0.041885361793376256,0.0,0.0,0.0,0.0,0.0,0.9743167407696064,0.0,0.0,0.0,0.0,8080.239669711576
128,80.33673063272786,12.961228889687387,28.850829260000012,29.85230912000003,29.56133981882355,0.2284015284152566,-0.16570697724819183,0.09603072702884674,-0.04280524758731618,0.03638003752076615,-0.10584518313407898,0.15765069425106049,0.03417354808134191,0.04270730656577074,0.0,0.0,0.0,0.0,0.0,0.9658264519186581,0.0,0.0,0.0,0.0,8546.684846240438
129,80.34134126563472,12.961228889687387,29.513925140000026,29.828382980000015,29.704683771764728,0.0567204952199625,-0.1745189130306244,0.09195402264595032,-0.036173433790019915,0.035578550980468464,-0.07220447063446045,0.1578148752450943,0.04288334266812194,0.03538930905579047,0.0,0.0,0.0,0.0,0.0,0.9571166573318781,0.0,0.0,0.0,0.0,9016.111862658887
130,80.34595189854159,12.961228889687387,29.45923682,29.83863703999998,29.639765045882374,0.07425439524633874,-0.17628945410251617,0.10835058987140656,-0.03686293381911058,0.0360233785926382,-0.12787723541259766,0.14741036295890808,0.0318993641779973,0.03651744516065767,0.0,0.0,0.0,0.0,0.0,0.9681006358220027,0.0,0.0,0.0,0.0,9436.409373323817
131,80.35056253144845,12.961228889687387,0.0,29.83863703999998,12.218397400000006,14.603812225221036,-0.15942029654979706,0.09506790339946747,-0.01580418904622396,0.029620087318869153,-0.11727966368198395,0.12880562245845795,0.000302733159532734,0.022934368052421574,0.0,0.0,0.0,0.0,0.0,0.9996972668404672,0.0,0.0,0.0,0.0,9864.163856365
132,80.15230531645344,12.965720445562342,40.99505432000001,44.31736976000002,42.615787152941195,0.8476586434389587,-0.02079395018517971,0.7093235850334167,0.18732835956648283,0.12465391778062954,-0.217249795794487,0.28161531686782837,0.08567209281173407,0.07742309430302168,209.0,0.12018702822505271,142.86862047280448,11484.263251901202,0.04622507225485685,0.914327907188266,0.18732835956648283,0.2978162860314087,0.7574901083573147,0.4816858149617711,707.2269526128086
133,80.1569159493603,12.965720445562342,37.54969016000001,42.15718112000002,40.01178813058826,1.2677417953374204,-0.03830480948090553,0.7804487347602844,0.3283899404488358,0.1822437039349206,-0.2980867624282837,0.334648996591568,0.031659144981234684,0.08575720812073334,147.0,0.0964529371525091,163.0135341017015,7754.68763921917,0.031213234020685546,0.9683408550187653,0.3283899404488358,0.23900462424108282,0.5114911641490637,0.3479992402042752,499.9999999999634
134,80.16152658226716,12.965720445562342,38.29140050000001,42.69722827999999,40.71534437882355,1.1415135423025167,-0.010734929703176022,0.7436476349830627,0.28448570838341347,0.16982303113215613,-0.2609616816043854,0.24217462539672852,0.031923270592322715,0.08056075530612512,154.0,0.09164432823841868,147.84628348231584,9849.4649715917,0.03964487925754706,0.9680767294076773,0.28448570838341347,0.22708917821565708,0.6496605071603035,0.3961177097935157,499.9999999999634
135,80.16613721517402,12.965720445562342,36.43541564000003,43.86960914000002,41.33507043411767,1.4388760266591494,-0.16030533611774445,0.7710398435592651,0.2664196059283088,0.16430957399197163,-0.4417509436607361,0.5894039869308472,0.029690919763901653,0.12335981706562399,116.0,0.03942188020241916,84.43157390964447,9118.192920617326,0.03670145113744961,0.9703090802360983,0.2664196059283088,0.09768506737911267,0.6014265601511602,0.2991816644879317,707.2269526128086
136,80.17074784808088,12.965720445562342,38.94082430000003,45.178710799999976,43.43788601176473,0.8580490229155309,-0.047067344188690186,0.7518888711929321,0.21757719152113972,0.13127163252626722,-0.2583065330982208,0.3312382102012634,0.04561427396886489,0.06364180113969381,127.0,0.0635931635562645,124.40339996169361,9153.5841814961,0.03684390377506579,0.9543857260311351,0.21757719152113972,0.1575800655612418,0.603760931059414,0.3360524117605107,1118.3379855875903
137,80.17535848098774,12.965720445562342,41.179627400000015,45.41455417999998,42.781779923529434,0.8843835685598732,0.012631013058125973,0.6304724216461182,0.21746603158804087,0.10989043911706771,-0.1805688738822937,0.2003553956747055,0.04853575192964994,0.051520737082804434,173.0,0.07057033921050969,101.34484022918949,13414.749913263713,0.053995434484558125,0.95146424807035,0.21746603158804087,0.17486909060015965,0.8848230088858491,0.45885065791443547,1499.9999999998902
138,80.1799691138946,12.965720445562342,34.64437315999999,43.196259199999986,40.56594497176473,2.0922163297031204,-0.13663366436958313,0.759616494178772,0.23889629289215686,0.17485390923083577,-0.4455507695674896,0.5663999915122986,0.0359188902611826,0.09449752868227476,82.0,0.03580447891007646,108.47984241143742,7160.688998867496,0.02882234228760051,0.9640811097388174,0.23889629289215686,0.08872136277736968,0.47231162911275226,0.2421574693115227,1581.1925760329468
139,80.18457974680146,12.965720445562342,38.55458804,43.49362694000001,41.789856327058835,0.8013777419736783,0.0029498524963855743,0.7096521258354187,0.2148077512254902,0.11219118452175447,-0.3268318474292755,0.4662327170372009,0.05834967519722733,0.06694102374023837,361.0,0.17730937479150471,122.02534299299032,11980.261803446487,0.04822150584233052,0.9416503248027727,0.2148077512254902,0.4393620531167256,0.7902056590473349,0.5796994954889694,1802.9641843386175
140,80.18919037970832,12.965720445562342,35.43051776000004,42.635703920000026,41.19137824000002,1.0039225262992357,-0.1930103302001953,0.6236847043037415,0.1741551325871394,0.11411623448402285,-0.4055013358592987,0.4506114721298218,0.06426599355844351,0.0742864464785085,289.0,0.2033006746300217,174.7698516363862,10934.773421903312,0.044013332020605735,0.9357340064415565,0.1741551325871394,0.5037669435724692,0.7212463283484023,0.5907586974828425,2121.6808578384257
141,80.19380101261518,12.965720445562342,34.429037900000026,42.423786680000035,40.357280172941195,1.8191911002156749,-0.16829919815063477,0.6615314483642578,0.164281005859375,0.12666456319604172,-0.5535638332366943,0.5218827128410339,0.05210681990081189,0.0828410876617998,270.0,0.18510669114044662,170.32715564889207,9477.673550196801,0.03814838923979429,0.9478931800991881,0.164281005859375,0.4586833378705641,0.6251375301175996,0.5252650147693783,2500.5438208582254
142,80.19841164552204,12.965720445562342,38.45546546000003,43.16549702000003,41.11124334588237,0.8771228151830273,-0.1247386783361435,0.6626057028770447,0.21366598690257352,0.12107791435330344,-0.36553284525871277,0.5418312549591064,0.059041006050857846,0.08611932097958354,286.0,0.21876402671093595,190.0357967622398,13065.518226730088,0.05258974919246681,0.9409589939491422,0.21366598690257352,0.542084207543008,0.861788048586557,0.6699657439604276,2062.2122587242434
143,80.2030222784289,12.965720445562342,35.01010130000003,43.20309524000004,41.38942759647061,1.6329099273321153,-0.09747899323701859,0.7132778763771057,0.20387002798227163,0.1284763457849266,-0.4275246262550354,0.41903170943260193,0.04205230712890625,0.08776202056492066,292.0,0.21066016161357748,179.23594175774542,10118.628743062749,0.04072828482843375,0.9579476928710937,0.20387002798227163,0.5220033132781493,0.6674142707187726,0.5801676962543987,1581.6224778746323
144,80.20763291133576,12.965720445562342,42.08882072000006,44.491688780000004,42.962367284705905,0.48851791097649855,-0.009724047034978867,0.648688793182373,0.14098644780177697,0.09255583189889628,-0.15695714950561523,0.37423834204673767,0.09770348642386642,0.06768002147385488,324.0,0.2619459615618216,200.85943540477354,11479.01358892677,0.04620394194418876,0.9022965135761336,0.14098644780177697,0.6490864660301707,0.7571438460252766,0.692309418028213,1118.3379855875903
145,80.21224354424263,12.965720445562342,41.40179870000003,44.55663116000005,42.71550108588237,0.5845958199647072,-0.016222160309553146,0.632202684879303,0.15809307023590685,0.11177545022773189,-0.23586292564868927,0.2938709259033203,0.0793145632276348,0.0679962038399659,194.0,0.17488987459423896,223.9692918942664,11226.674171311326,0.045188255734619216,0.9206854367723651,0.15809307023590685,0.4333666759662675,0.7404997994199621,0.5562199253477453,707.2269526128086
146,80.21685417714949,12.965720445562342,40.67717846000005,45.667487660000006,43.28115382823531,1.1118400096163163,-0.06030701845884323,0.8682489991188049,0.22026463435246393,0.14630346686177606,-0.49456915259361267,0.4567353427410126,0.07396206782414363,0.08964223480659686,65.0,0.05983529912864975,228.70183561558355,7489.2502983027025,0.030144827628924238,0.9260379321758564,0.22026463435246393,0.1482683016898019,0.4939831920900284,0.2865542578498925,499.9999999999634
147,80.22146481005635,12.965720445562342,40.61565410000003,46.768090099999995,44.1882301047059,1.1941263206866404,-0.024065541103482246,0.8160517811775208,0.25851926317401963,0.15330881814191608,-0.48525717854499817,0.40508654713630676,0.1542639040479473,0.14269518657821786,9.0,0.11773655167396362,3250.0821832506726,940.3074884009147,0.003784812367995793,0.8457360959520527,0.25851926317401963,0.29174415132411013,0.06202170793673573,0.19985517396916036,499.9999999999634
148,80.22607544296321,12.965720445562342,34.63753712000005,43.507299020000005,38.256285962352955,2.2749403639674344,-0.0007358351722359657,0.8365465998649597,0.4856295955882353,0.12792872434358393,-0.8078227639198303,0.4780394732952118,-0.3490332509957108,0.23724695667620724,25.0,0.00615830383893971,61.199326704478224,521.4861781058053,0.002099023309907088,1.3490332509957108,0.4856295955882353,0.015259909531432183,0.03439668813711783,0.022914620973706445,0.0
149,80.23068607587007,12.965720445562342,37.310428760000036,44.652335719999996,41.964967760000015,1.7216460729878693,0.019280575215816498,0.6661367416381836,0.2279113534780649,0.11759720419246053,-0.5432242751121521,0.23125103116035461,0.04984929598294772,0.08303452353872927,287.0,0.0718752246934777,62.21897599234077,7874.8307755848,0.031696819692453124,0.9501507040170523,0.2279113534780649,0.17810251898234863,0.5194156809759417,0.3146277837797859,499.9999999999634
150,80.23529670877693,12.965720445562342,35.87827837999998,44.78222047999998,41.105152410588246,1.5272058898460137,-0.11326378583908081,0.7376602292060852,0.24949079924938725,0.15167440093655776,-0.5886614322662354,0.4126357436180115,0.01408725663727405,0.12639236992645198,150.0,0.1214424290699555,201.14290901127004,9014.209474363743,0.03628290950260985,0.9859127433627259,0.24949079924938725,0.3009270944325412,0.5945679197453899,0.4183834245576807,707.2269526128086
151,80.23990734168379,12.965720445562342,33.06182990000002,42.686974220000025,38.004913654117665,2.8886606915014768,-0.4761904776096344,0.8631870150566101,0.20340377508425245,0.26826996697722816,-0.4915824830532074,0.7451737523078918,0.12099820006127451,0.22647435864093962,128.0,0.08729254625755754,169.43094479242922,6773.349636372064,0.027263270571307573,0.8790017999387255,0.20340377508425245,0.21630572207818086,0.4467631259800724,0.30848868363893744,499.9999999999634
152,80.24451797459065,12.965720445562342,40.605400040000006,44.38231214000001,42.19369125058826,0.9893875717174072,-0.014897579327225685,0.7578859925270081,0.2312005615234375,0.15577640118570255,-0.2798839211463928,0.5563848614692688,0.04900025881253756,0.09052524724519043,298.0,0.25069306686530524,209.00255716498893,10133.31716321145,0.0407874068868358,0.9509997411874624,0.2312005615234375,0.6212024642779711,0.6683831036970828,0.6400747200456158,707.2269526128086
153,80.24912860749751,12.965720445562342,41.39838068000006,45.33252170000003,43.73974803411767,0.9415102462477759,-0.031150905415415764,0.7708558440208435,0.19827678605621937,0.15442806958920413,-0.3160821199417114,0.3918722867965698,0.07981524299172794,0.09313585719887403,130.0,0.1284295650952063,245.44104995140827,11856.093264234343,0.04772171760420291,0.9201847570082721,0.19827678605621937,0.31824080067661237,0.7820156308183315,0.5037507327333001,1118.3379855875903
154,80.25373924040437,12.965720445562342,40.05851684000004,44.23191926000004,42.698068001176495,0.7789373602005817,-0.015286624431610107,0.8212590217590332,0.19102069929534313,0.1508106922431425,-0.4523656666278839,0.5656402111053467,0.07740825578278186,0.10485276363215695,320.0,0.17349115275111035,134.69544048821174,12619.64700094202,0.05079508207483495,0.9225917442172181,0.19102069929534313,0.4299007266815282,0.8323788443801227,0.590891973760966,1581.6224778746323
155,80.25834987331123,12.965720445562342,40.86175154,45.31543160000001,42.74684279176473,1.0662103587982723,-0.03371397405862808,0.726885199546814,0.2522947105994591,0.15431976236661007,-0.2770511209964752,0.2790510058403015,0.04107733506422776,0.08439310415072183,237.0,0.1598193033806611,167.53533864277352,11201.706973079425,0.04508776077756745,0.9589226649357723,0.2522947105994591,0.39602269955314534,0.7388529888863452,0.5331548152864253,2062.2122587242434
156,80.26296050621809,12.965720445562342,33.85481054000002,46.88772080000001,43.270568610588256,2.2214944573769033,-0.2752043604850769,0.696029543876648,0.21010521982230393,0.16334099807366323,-0.3550724685192108,0.3168294429779053,0.04253132539636949,0.08610818782686937,152.0,0.09814121143630805,160.41071222655134,9642.988026715746,0.038813793145490806,0.9574686746036305,0.21010521982230393,0.24318806720018354,0.6360415017511859,0.40032944102058454,2499.999999999817
157,80.26757113912495,12.965720445562342,30.864043040000013,39.03994688,31.88389032235296,1.20998041037865,-0.35854652523994446,0.10256410390138626,-0.16736701516544117,0.050511252818975304,-0.34156885743141174,0.23459459841251373,0.0306108003504136,0.06317399365828708,0.0,0.0,0.0,0.0,0.0,0.9693891996495864,0.0,0.0,0.0,0.0,2549.5430889673394
158,80.27218177203181,12.965720445562342,30.419700440000042,31.086214340000026,30.797190590000017,0.1773561474284917,-0.19864864647388458,-0.014278159476816654,-0.0956121826171875,0.027025078907812264,-0.1424712985754013,0.0995260700583458,-0.030880743173452525,0.04273212426095377,0.0,0.0,0.0,0.0,0.0,1.0308807431734526,0.0,0.0,0.0,0.0,2692.7086455848194
159,80.27679240493867,12.965720445562342,30.091570520000005,30.597437480000053,30.382681745882376,0.09724336938000504,-0.14779499173164368,0.009154550731182098,-0.07430802289177389,0.021434455303376232,-0.14769648015499115,0.03544303774833679,-0.047351810230928305,0.030298137313811355,0.0,0.0,0.0,0.0,0.0,1.0473518102309283,0.0,0.0,0.0,0.0,2915.7382705787254
160,80.28140303784554,12.965720445562342,30.002702,30.631617679999977,30.22464858588237,0.12068688272659783,-0.1722090244293213,-0.002463054144755006,-0.07201769660500919,0.02054337322935487,-0.12792296707630157,0.06505700945854187,-0.03521324008118872,0.027882748332835168,0.0,0.0,0.0,0.0,0.0,1.0352132400811886,0.0,0.0,0.0,0.0,3201.9867894842523
161,80.2860136707524,12.965720445562342,29.930923580000012,30.306905780000022,30.13768422235296,0.08064842880387574,-0.14505624771118164,-0.0006406150059774518,-0.07604131362017463,0.02145323126175234,-0.13777777552604675,0.057915057986974716,-0.04017536238128064,0.02869346821076544,0.0,0.0,0.0,0.0,0.0,1.0401753623812806,0.0,0.0,0.0,0.0,3536.134763064043
162,80.29062430365926,12.965720445562342,30.101824580000027,30.55642124000002,30.3611801529412,0.11711408651054699,-0.16509434580802917,0.015006821602582932,-0.0693377216045673,0.025936088456915304,-0.15717539191246033,0.05767524242401123,-0.037409923260028545,0.028504535626714737,0.0,0.0,0.0,0.0,0.0,1.0374099232600285,0.0,0.0,0.0,0.0,3905.908172252952
163,80.29523493656612,12.965720445562342,30.368430139999987,30.710232140000016,30.515996352941194,0.06262344443873195,-0.1522693932056427,0.027982326224446297,-0.0667428768382353,0.02660517635288291,-0.15565679967403412,0.07858243584632874,-0.047864828670726105,0.03035777502403416,0.0,0.0,0.0,0.0,0.0,1.0478648286707262,0.0,0.0,0.0,0.0,4302.13065382711
164,80.29984556947298,12.965720445562342,30.057390320000025,30.580347380000035,30.314995488235304,0.138651990787635,-0.17158931493759155,0.04385334253311157,-0.06484363630706189,0.025592921851241665,-0.15311355888843536,0.08712413161993027,-0.033269036984911154,0.03089715960111047,0.0,0.0,0.0,0.0,0.0,1.0332690369849111,0.0,0.0,0.0,0.0,4718.143448447643
165,80.30445620237984,12.965720445562342,29.893325360000006,30.38210221999998,30.124970134117667,0.10831386549219509,-0.17356571555137634,0.037694014608860016,-0.0657855459359976,0.027786190517481837,-0.13501805067062378,0.0641573965549469,-0.031723433274489184,0.03099107523119596,0.0,0.0,0.0,0.0,0.0,1.0317234332744891,0.0,0.0,0.0,0.0,5149.152062491847
166,80.3090668352867,12.965720445562342,28.98071402000005,30.269307560000016,29.886702207058836,0.3893950815484968,-0.16836334764957428,0.05646359547972679,-0.06491408404181985,0.028498695208288287,-0.14837712049484253,0.12026913464069366,-0.02811707141352635,0.03253454291862462,0.0,0.0,0.0,0.0,0.0,1.0281170714135264,0.0,0.0,0.0,0.0,5591.689927937951
167,80.31367746819356,12.965720445562342,28.98071402000005,30.177021019999984,29.92320051058826,0.2696179017941745,-0.17429938912391663,0.04359672963619232,-0.06158243216720282,0.030520700991937363,-0.10606060922145844,0.19391635060310364,0.0029062929340437347,0.041395448148778914,0.0,0.0,0.0,0.0,0.0,0.9970937070659562,0.0,0.0,0.0,0.0,6043.224756927835
168,80.31828810110042,12.965720445562342,28.95336986000001,30.077898440000013,29.70134657000002,0.32948349776890956,-0.1614730805158615,0.07058823853731155,-0.052843475341796876,0.032649129849607196,-0.09803921729326248,0.14508138597011566,0.023456010084885816,0.0390286339683568,0.0,0.0,0.0,0.0,0.0,0.9765439899151142,0.0,0.0,0.0,0.0,6501.882388992617
169,80.32289873400728,12.965720445562342,29.589121579999983,30.077898440000013,29.885259305882375,0.08354679893020797,-0.15682539343833923,0.07311321049928665,-0.053109112907858455,0.032359513658971994,-0.12624584138393402,0.138345867395401,0.01490054261450674,0.04140589957059165,0.0,0.0,0.0,0.0,0.0,0.9850994573854932,0.0,0.0,0.0,0.0,6966.25607215549
170,80.32750936691414,12.965720445562342,29.636973860000012,29.97193981999999,29.81460445647061,0.07131105870085803,-0.18922652304172516,0.07117688655853271,-0.05628556793811274,0.03468371520698817,-0.12755905091762543,0.1508379876613617,0.012260941150141697,0.040388607392879756,0.0,0.0,0.0,0.0,0.0,0.9877390588498584,0.0,0.0,0.0,0.0,7435.2748873460105
171,80.332119999821,12.965720445562342,28.861083320000034,29.729260400000044,29.260270209411786,0.23743101460810345,-0.16585704684257507,0.077860526740551,-0.04138289818396935,0.03265779899479425,-0.07758007198572159,0.1621818244457245,0.03989985539362981,0.03207930805513194,0.0,0.0,0.0,0.0,0.0,0.9601001446063702,0.0,0.0,0.0,0.0,7907.510585692643
172,80.33673063272786,12.965720445562342,28.98755005999999,29.913833479999994,29.35287608000002,0.2609535734688792,-0.17222222685813904,0.09028256684541702,-0.04286591772939645,0.035746436587935,-0.0974155068397522,0.1790461242198944,0.038508094338809744,0.037024712053869285,0.0,0.0,0.0,0.0,0.0,0.9614919056611902,0.0,0.0,0.0,0.0,8323.659811068457
173,80.34134126563472,12.965720445562342,29.493417020000038,29.83180100000004,29.68768828823531,0.06866761426900979,-0.17790530622005463,0.10158949345350266,-0.03566152834424786,0.036646336268518626,-0.09931034594774246,0.17165814340114594,0.04311619777305453,0.03692843220384927,0.0,0.0,0.0,0.0,0.0,0.9568838022269455,0.0,0.0,0.0,0.0,8748.613693777732
174,80.34595189854159,12.965720445562342,29.452400780000005,29.83521902000001,29.652952216470606,0.09718197727051066,-0.18430791795253754,0.08474576473236084,-0.03758541987492488,0.03703656213011905,-0.12727272510528564,0.16944023966789246,0.038242354759803185,0.039109616427231375,0.0,0.0,0.0,0.0,0.0,0.9617576452401968,0.0,0.0,0.0,0.0,9181.149731951786
175,80.35056253144845,12.965720445562342,0.0,29.72242435999999,12.194944342352949,14.57581034463692,-0.15924528241157532,0.06517168879508972,-0.015628641165939032,0.02915251317147043,-0.143968865275383,0.13141994178295135,0.005949637095133463,0.023037500426058306,0.0,0.0,0.0,0.0,0.0,0.9940503629048666,0.0,0.0,0.0,0.0,9620.245275619824
176,80.15230531645344,12.970212001437297,39.80216533999999,45.44189834000002,42.06665385500002,1.140763627943028,-0.04413239657878876,0.8090261220932007,0.3044333543964461,0.19956680390230602,-0.31621623039245605,0.3293885588645935,0.03077085906384038,0.10808407591688697,61.0,0.10581306486850481,430.95805192806193,6919.146483054642,0.027850114465827035,0.9692291409361596,0.3044333543964461,0.26219846233097766,0.45637973496658774,0.3398709713852217,500.16090455764834
177,80.1569159493603,12.970212001437297,36.10386770000002,42.10249280000005,39.14887113500002,1.4318460170054053,0.05791962146759033,0.7428139448165894,0.45198984183517155,0.16200683715717537,-0.26261699199676514,0.26243194937705994,-0.0009226355833165786,0.08490271533660886,48.0,0.025405628030544074,131.49651357584446,2476.5294695629273,0.009968227927279272,1.0009226355833165,0.45198984183517155,0.06295363065458448,0.16334931855021217,0.10311190581283555,0.0
178,80.16152658226716,12.970212001437297,36.24058850000006,41.96235397999999,38.93916555500002,1.1961142889544079,0.10581346601247787,0.7730711102485657,0.49694345327524037,0.1247953485483705,-0.2180502861738205,0.27933672070503235,0.006675900679368239,0.08656475345826144,6.0,0.001708027943009202,70.72439833435483,2214.141038167365,0.00891209363863951,0.9933240993206318,0.49694345327524037,0.004232391348194049,0.14604244940502545,0.06095641457092661,0.0
179,80.16613721517402,12.970212001437297,36.38414534000003,42.28364786000003,40.24079029625002,1.2161396356259557,-0.1469329595565796,0.7402662634849548,0.27296793619791665,0.15113829804320492,-0.5217227339744568,0.5920873284339905,0.028544269636565565,0.11471513801666175,91.0,0.03241010558521464,88.48396882507012,6988.472397538276,0.02812915678102383,0.9714557303634345,0.27296793619791665,0.08031030817402679,0.46095240047610436,0.23256714509485782,500.16090455764834
180,80.17074784808088,12.970212001437297,33.495918440000025,43.70896220000003,39.759578318750016,2.1229567477464037,-0.2554539144039154,0.6792335510253906,0.1387832940793505,0.17098397425056844,-0.47120699286460876,0.5347200036048889,0.055167888566559437,0.10385908219038971,13.0,0.004476304897742967,85.54642174410614,4253.160000622708,0.017119307005410596,0.9448321114334406,0.1387832940793505,0.011092016496936148,0.2805340280926894,0.11886882113523746,999.9999999999268
181,80.17535848098774,12.970212001437297,33.40704992000002,43.51413506000006,39.29612245250002,2.9447054411290523,-0.3904109597206116,0.5915985703468323,0.06392661461463342,0.19930465082545248,-0.2597050964832306,0.5786141157150269,0.1005612299992488,0.10305230495382114,1.0,0.00037574311486432454,93.3504835298092,2507.757748977,0.010093924233663697,0.8994387700007512,0.06392661461463342,0.0009310690231996295,0.1654091035131929,0.06672228281919694,999.9999999999268
182,80.1799691138946,12.970212001437297,34.26155491999998,44.45067254000003,40.52546612375002,2.1505099979584097,-0.3063742220401764,0.707589864730835,0.2117617857689951,0.18010073332090065,-0.5636026263237,0.5983002781867981,0.06209606095856311,0.11350730595171653,68.0,0.024713286380911033,90.29155441280818,5452.421045012067,0.021946428015559495,0.9379039390414369,0.2117617857689951,0.06123804934931686,0.3596360443507034,0.18059724734987148,1118.1059567177786
183,80.18457974680146,12.970212001437297,38.838283700000034,43.507299020000005,41.93757333500002,0.7721021438547448,-0.06808245182037354,0.6900638341903687,0.21640222886029412,0.12087135060265053,-0.33851706981658936,0.4196242094039917,0.051348637599571076,0.08031168883558126,263.0,0.16317482574049746,154.14269562699528,12430.299000509636,0.050032941325418516,0.9486513624004289,0.21640222886029412,0.40433748378285894,0.8198896464038379,0.5705583488312506,1414.441134084962
184,80.18919037970832,12.970212001437297,39.69962473999999,43.13815285999999,41.47900085312502,0.7719032659499346,-0.023145712912082672,0.631339967250824,0.1782452157827524,0.1151354443207897,-0.16429442167282104,0.26867830753326416,0.06652121910682092,0.07486086535620734,262.0,0.20927020801988408,198.44111345822603,11927.373938335362,0.0480086279822064,0.933478780893179,0.1782452157827524,0.5185590911924294,0.7867172302474132,0.625822346814423,1803.177299666114
185,80.19380101261518,12.970212001437297,39.487707500000056,42.10591082000002,40.82632728125002,0.6367436450316545,-0.03186984732747078,0.7416131496429443,0.19013556985294117,0.11071239610328389,-0.20003186166286469,0.27306967973709106,0.06308484245749081,0.06896784829927177,299.0,0.21501195418184718,178.65573360022574,10239.029603009538,0.041212907858097045,0.9369151575425092,0.19013556985294117,0.5327867956505924,0.6753557867261063,0.5898143920807979,2236.6436656666287
186,80.19841164552204,12.970212001437297,39.38516690000006,42.20161538000002,41.26858388375002,0.4993709888631024,-0.017216643318533897,0.7620077729225159,0.23382491766237745,0.13364887913183673,-0.2569841146469116,0.3335645794868469,0.04247824276194853,0.07573411699842388,294.0,0.20673385222678614,174.69875394598415,11146.112241246803,0.04486398756377188,0.9575217572380514,0.23382491766237745,0.5122741528466686,0.7351860179613259,0.6014388988925314,2236.6436656666287
187,80.2030222784289,12.970212001437297,34.760585839999976,43.322725940000055,40.14090117500002,2.174189858889656,-0.15187087655067444,0.751560389995575,0.20971595177283653,0.18103764164932049,-0.40395480394363403,0.46402212977409363,0.01947980000422551,0.09811404899205275,164.0,0.0948052000400577,143.61964582643185,7812.841829027542,0.03144730925623622,0.9805201999957744,0.20971595177283653,0.23492162997428467,0.5153269542710015,0.3470837596929714,1803.177299666114
188,80.20763291133576,12.970212001437297,41.097594920000006,43.917461419999995,42.410315660000016,0.4203878048484129,-0.01965973526239395,0.5621242523193359,0.15609978170955882,0.09528028524052573,-0.1494954526424408,0.3279474079608917,0.06854271383846508,0.06523681840135181,272.0,0.2022042225842102,184.6914781441621,12388.739923354453,0.049865662737127225,0.9314572861615349,0.15609978170955882,0.5010500008131918,0.8171484527227979,0.6274893815770343,1414.441134084962
189,80.21224354424263,12.970212001437297,40.58489192000002,43.28854574000002,42.06008170625002,0.5775546468617905,-0.032916560769081116,0.6810126304626465,0.19093773935355393,0.11927230930510868,-0.21965372562408447,0.2520102560520172,0.0617205810546875,0.07197139782797242,154.0,0.13920741052511576,224.57798180146838,11070.51649443543,0.04455970867518604,0.9382794189453125,0.19093773935355393,0.3449476586858292,0.7301998008059485,0.4990485155338769,1118.1059567177786
190,80.21685417714949,12.970212001437297,40.14054931999999,44.66600779999999,42.01847485250002,0.8986616659595138,-0.08758170157670975,0.7272727489471436,0.2097705078125,0.1479060992129094,-0.4314754009246826,0.37939542531967163,0.05353539100060096,0.08854796160078977,196.0,0.1756115135690453,222.59861364232927,11287.117018252078,0.0454315429970096,0.946464608999399,0.2097705078125,0.4351548542955453,0.7444865469956933,0.5588875313756045,999.9999999999268
191,80.22146481005635,12.970212001437297,41.51459336000005,44.173812920000046,42.679886855000014,0.5302841126910279,-0.025736145675182343,0.7142857313156128,0.2056280397901348,0.13781309160491675,-0.27628716826438904,0.2989690601825714,0.05298544491038603,0.07668781757994754,233.0,0.19165780731444093,204.36011327321762,10431.096803941462,0.041985993605621726,0.947014555089614,0.2056280397901348,0.4749166129345413,0.6880243403507128,0.56015970390101,707.220567042481
192,80.22607544296321,12.970212001437297,41.213807599999996,45.44531635999999,43.15717816250002,1.011531625791678,0.005111649166792631,0.7535452246665955,0.25991651348039213,0.15732443441555602,-0.2975219786167145,0.3952177166938782,0.06417441573797487,0.11519330320403819,88.0,0.0517308785526059,146.0470276121819,6026.163841811276,0.024255788368593593,0.9358255842620251,0.25991651348039213,0.12818603098189874,0.3974795249278935,0.23590342856029667,499.9999999999634
193,80.23068607587007,12.970212001437297,42.96041581999998,44.81981870000004,43.97309919000002,0.4081461819083441,0.03216727077960968,0.6001969575881958,0.1640495887169471,0.0755570495791351,-0.19441382586956024,0.34375,0.09703622671274038,0.05616358632331585,182.0,0.046303006753852856,63.20673339589482,12723.041332794022,0.051211252477390834,0.9029637732872596,0.1640495887169471,0.11473608847119526,0.8391986274101869,0.404521104046792,707.220567042481
194,80.23529670877693,12.970212001437297,40.882259660000045,43.90720736000003,43.107139355000015,0.5639318880938917,0.01781170442700386,0.692307710647583,0.22064520143995098,0.09972630427585463,-0.16961853206157684,0.23857156932353973,0.0684233123180913,0.05502367599887897,270.0,0.08617251862395583,79.29221737956112,19215.944783911105,0.07734570486570662,0.9315766876819087,0.22064520143995098,0.2135303604187911,1.0,0.5281182162512746,500.16090455764834
195,80.23990734168379,12.970212001437297,37.99745078000001,44.59422938,41.05582470500002,1.4979492974581041,-0.028460901230573654,0.891904890537262,0.4473561485140931,0.18730589842056025,-0.3554390072822571,0.4718455672264099,0.05765895469515931,0.1087213163038243,39.0,0.02508586275062434,159.80485718341237,3453.803826800473,0.013901834880136762,0.9423410453048406,0.4473561485140931,0.06216127136694849,0.22780932286404065,0.12842049196578537,0.0
196,80.24451797459065,12.970212001437297,39.52188769999998,44.54979512,42.61194114125002,1.343920290874653,-0.05619233846664429,0.8337123990058899,0.23268174391526442,0.19219745033819188,-0.3394401967525482,0.5552321076393127,0.06447436992938702,0.09712211497280349,128.0,0.18267609537847482,354.5661658172475,6402.6219492767395,0.025771062168646622,0.935525630070613,0.23268174391526442,0.4526604665726844,0.42231031174992106,0.44052040464357906,500.16090455764834
197,80.24912860749751,12.970212001437297,41.09417689999998,45.68115974,43.03130203625002,0.9664327434854311,-0.16361020505428314,0.734885036945343,0.12414743460860907,0.11736151323885531,-0.29499897360801697,0.622311532497406,0.09889645445580576,0.08961085648985372,112.0,0.19790255507688273,438.99433828050184,6384.061304430873,0.02569635409810889,0.9011035455441943,0.12414743460860907,0.4903907253514893,0.42108607084155025,0.4626688635475137,1000.3218091152967
198,80.25373924040437,12.970212001437297,40.98480026000004,43.94138756000001,42.17745048125001,0.4964194161643316,-0.07684630900621414,0.8518056273460388,0.22547109566482842,0.16317964063568732,-0.4024851322174072,0.35405027866363525,0.050616796156939335,0.10090675588221994,218.0,0.14544227611350116,165.7523556978653,10322.269500739862,0.04154795506162001,0.9493832038430606,0.22547109566482842,0.3603972836649991,0.6808462041580609,0.48857685186222377,1500.482713672945
199,80.25834987331123,12.970212001437297,39.35782274000002,43.62692972000002,42.14714068625002,1.103442921604019,-0.02312968485057354,0.773343563079834,0.23892380934495192,0.15642146890933492,-0.20924553275108337,0.46794337034225464,0.06155980036808894,0.08595049341972635,197.0,0.12235528233321981,154.3057244449106,11082.545432695264,0.044608126107633705,0.938440199631911,0.23892380934495192,0.30318909036148584,0.7309932171136387,0.47431074106234705,2000.6436182305933
200,80.26296050621809,12.970212001437297,40.345630519999986,44.18406698000001,42.00070617500002,0.7484759358165644,-0.005181347019970417,0.7832845449447632,0.256378054151348,0.13984715039217518,-0.3229101002216339,0.24394945800304413,0.021478830973307293,0.07459313294914523,184.0,0.1512697178145065,204.2488943442132,10647.267973966656,0.0428560997443135,0.9785211690266927,0.256378054151348,0.37483733655663226,0.7022827668091105,0.5058155086576236,1999.9999999998536
201,80.26757113912495,12.970212001437297,31.11014048000004,44.19773906,33.93155262875001,4.055587991182604,-0.39221063256263733,0.5926267504692078,-0.13198316387101716,0.12140380599903373,-0.3730715215206146,0.2648351788520813,0.025720849130667894,0.07297588739820851,2.0,0.0015615663562156398,193.97956828729752,1137.085850221218,0.004576860912496899,0.9742791508693321,0.0,0.003869468273472136,0.07500100485358063,0.03232208290551554,2061.59184380598
202,80.27218177203181,12.970212001437297,30.614527580000015,31.42118030000006,30.96994231937502,0.1500138243857872,-0.20908483862876892,-0.026570048183202744,-0.10782395582932693,0.0277356225075273,-0.16005471348762512,0.101139597594738,-0.03336687528170072,0.04036528224612434,0.0,0.0,0.0,0.0,0.0,1.0333668752817007,0.0,0.0,0.0,0.0,2236.211913435557
203,80.27679240493867,12.970212001437297,30.23512735999998,30.864043040000013,30.59173240250002,0.13885056201435816,-0.1556350588798523,0.005053340923041105,-0.07678015017041973,0.022381353422404156,-0.15789473056793213,0.06155950576066971,-0.06894891477098652,0.03053353349363893,0.0,0.0,0.0,0.0,0.0,1.0689489147709865,0.0,0.0,0.0,0.0,2500.2896580257934
204,80.28140303784554,12.970212001437297,29.989029920000007,30.67263392000001,30.302268833750023,0.14277717231533738,-0.14394420385360718,0.012704174034297466,-0.06682286879595588,0.02314886039845389,-0.1607515662908554,0.058139536529779434,-0.04506148992800245,0.030435777571614604,0.0,0.0,0.0,0.0,0.0,1.0450614899280024,0.0,0.0,0.0,0.0,2828.882268169924
205,80.2860136707524,12.970212001437297,29.98219388000001,30.37526618000004,30.173615566250025,0.0794846364934922,-0.16030533611774445,0.01342281885445118,-0.07039985207950368,0.02297314789038869,-0.14265334606170654,0.04942965880036354,-0.05007168339748008,0.028513830076242898,0.0,0.0,0.0,0.0,0.0,1.0500716833974801,0.0,0.0,0.0,0.0,3202.190384908046
206,80.29062430365926,12.970212001437297,30.08131646000004,30.611109560000045,30.38396202500002,0.13101960585483183,-0.15942029654979706,0.020044542849063873,-0.06906001751239484,0.025290561307575874,-0.1424265205860138,0.05118411034345627,-0.03922537583571214,0.028323465786668854,0.0,0.0,0.0,0.0,0.0,1.0392253758357122,0.0,0.0,0.0,0.0,3606.354599332228
207,80.29523493656612,12.970212001437297,30.392356280000058,30.628199660000007,30.518332936250015,0.05022134945597281,-0.16389891505241394,0.03394625335931778,-0.06809368058746937,0.026906528621389474,-0.1395179033279419,0.06360424309968948,-0.046109891405292584,0.029136811150703126,0.0,0.0,0.0,0.0,0.0,1.0461098914052926,0.0,0.0,0.0,0.0,4032.106842823952
208,80.29984556947298,12.970212001437297,29.975357840000015,30.508568960000048,30.201311581250017,0.12665066922274304,-0.16954022645950317,0.0364261157810688,-0.06784585990157782,0.027468385129678325,-0.14817573130130768,0.060465116053819656,-0.041061048320695466,0.03065824638269702,0.0,0.0,0.0,0.0,0.0,1.0410610483206955,0.0,0.0,0.0,0.0,4473.2873313332575
209,80.30445620237984,12.970212001437297,29.85230912000003,30.173603000000014,30.02760830750002,0.07653360437898543,-0.1768573373556137,0.03489137440919876,-0.06428764930138221,0.028370546780324846,-0.135007843375206,0.1267605572938919,-0.019440369239220254,0.03531842245106791,0.0,0.0,0.0,0.0,0.0,1.0194403692392202,0.0,0.0,0.0,0.0,4925.752263997992
210,80.3090668352867,12.970212001437297,29.038820360000045,30.170184980000045,29.75218124000002,0.34811112028889163,-0.16958175599575043,0.03975994139909744,-0.06604974484911152,0.028375052221117643,-0.14100486040115356,0.08665511012077332,-0.019336782717237287,0.03380976643868983,0.0,0.0,0.0,0.0,0.0,1.0193367827172373,0.0,0.0,0.0,0.0,5386.658801594168
211,80.31367746819356,12.970212001437297,29.086672640000018,30.136004780000007,29.91183544625002,0.2249872457907852,-0.16262975335121155,0.04383561760187149,-0.06339685776654412,0.029295788962116463,-0.11523588746786118,0.13596491515636444,0.011673491234872855,0.04060458158885918,0.0,0.0,0.0,0.0,0.0,0.9883265087651272,0.0,0.0,0.0,0.0,5854.01337410484
212,80.31828810110042,12.970212001437297,29.77027664000002,30.190693100000033,29.986205306250017,0.08234030542614058,-0.1607547104358673,0.050847455859184265,-0.06042211679311899,0.031076903803077944,-0.11488673090934753,0.1508462131023407,0.016731975261981672,0.04070760032886976,0.0,0.0,0.0,0.0,0.0,0.9832680247380183,0.0,0.0,0.0,0.0,6326.38711939924
213,80.32289873400728,12.970212001437297,29.069582540000056,30.183857060000037,29.724246466250023,0.25785551566817727,-0.16225390136241913,0.06345733255147934,-0.055845109528186276,0.03168337164532663,-0.1403379887342453,0.14243543148040771,0.0007531326892329198,0.04058105971349586,0.0,0.0,0.0,0.0,0.0,0.9992468673107671,0.0,0.0,0.0,0.0,6802.166756570776
214,80.32750936691414,12.970212001437297,29.025148280000053,29.96852180000002,29.73117047000002,0.21136980566675465,-0.18783269822597504,0.06911765038967133,-0.05563038545496324,0.03319976616330064,-0.1123686358332634,0.16225875914096832,0.010604452993355546,0.039163849018140545,0.0,0.0,0.0,0.0,0.0,0.9893955470066444,0.0,0.0,0.0,0.0,7212.709198664456
215,80.332119999821,12.970212001437297,28.83715718000002,29.811292879999996,29.209507733750016,0.2781234396131066,-0.16008315980434418,0.06675224751234055,-0.04290756225585937,0.03308443955517644,-0.09699453413486481,0.16678912937641144,0.03657755925105168,0.03860251443206223,0.0,0.0,0.0,0.0,0.0,0.9634224407489483,0.0,0.0,0.0,0.0,7633.950304114966
216,80.33673063272786,12.970212001437297,28.86791936000003,29.650645940000004,29.357475327500016,0.22784038198997364,-0.17959770560264587,0.06399383395910263,-0.05779724719477635,0.036441893779589604,-0.12052593380212784,0.16171137988567352,0.017181026982326132,0.0388628426994011,0.0,0.0,0.0,0.0,0.0,0.9828189730176738,0.0,0.0,0.0,0.0,8064.213685647904
217,80.34134126563472,12.970212001437297,29.31226196,29.729260400000044,29.48555054750002,0.0847147907036238,-0.16315048933029175,0.13338245451450348,-0.037930570116230085,0.03769728132904013,-0.09620596468448639,0.16282224655151367,0.03711950563916973,0.03757335745882544,0.0,0.0,0.0,0.0,0.0,0.9628804943608302,0.0,0.0,0.0,0.0,8502.129695010584
218,80.34595189854159,12.970212001437297,29.18237720000002,29.763440600000024,29.58703558250002,0.1023357101846626,-0.16260161995887756,0.1452750414609909,-0.039011110159067004,0.037715176876339504,-0.10027100145816803,0.17008797824382782,0.040614195603590746,0.037770160946451484,0.0,0.0,0.0,0.0,0.0,0.9593858043964093,0.0,0.0,0.0,0.0,8946.574662666515
219,80.35056253144845,12.970212001437297,0.0,29.71558832000005,12.164290823455888,14.539349002503627,-0.16877637803554535,0.0882352963089943,-0.016258535946116728,0.030695514081202302,-0.09237536787986755,0.15850144624710083,0.007553702709721584,0.02632331228840674,0.0,0.0,0.0,0.0,0.0,0.9924462972902784,0.0,0.0,0.0,0.0,9396.622206912863
220,80.15230531645344,12.974703557312251,38.575096160000044,45.35302982000002,41.959361734117664,1.2522656559219667,-0.02482435666024685,0.8602498769760132,0.337550599341299,0.20257272123407855,-0.31188443303108215,0.4030376374721527,0.02269464231004902,0.11578842782351284,44.0,0.1337384543610728,755.1429352594365,5420.029690555768,0.02181605023969936,0.977305357689951,0.337550599341299,0.3313959115688775,0.35749954416268476,0.3418373646064004,499.9999999999634
221,80.1569159493603,12.974703557312251,37.771861460000025,44.180648959999985,41.462022083529426,1.070804602235588,-0.013910355046391487,0.7576070427894592,0.28801384420955883,0.18491726815432621,-0.3333333432674408,0.30767393112182617,0.034324538286994485,0.09307691400720491,24.0,0.02403854068699739,248.84126367519266,5663.8952817047575,0.022797628624317917,0.9656754617130056,0.28801384420955883,0.05956606977261277,0.3735846659517109,0.18517350824425205,499.9999999999634
222,80.16152658226716,12.974703557312251,37.15661785999998,43.92771548000002,40.71461110117649,1.6536057842669705,-0.02901512011885643,0.7673946022987366,0.3080931912935697,0.1435724537727247,-0.25056198239326477,0.28951558470726013,0.058224099966195916,0.07413307729098659,104.0,0.027684406527670444,66.134400209912,7031.28286051989,0.028301472296715393,0.9417759000338041,0.3080931912935697,0.0686003078270295,0.4637761342700333,0.22667063840423102,499.9999999999634
223,80.16613721517402,12.974703557312251,36.985716860000025,41.72992862000001,40.10634546588238,1.1279114047429863,-0.003465003566816449,0.7610062956809998,0.33846354166666665,0.1573082865512874,-0.2852259874343872,0.3360532522201538,0.04223462871476716,0.06577726655739212,86.0,0.028080014393544843,81.11934127655027,5514.120348774477,0.022194772616508936,0.9577653712852329,0.33846354166666665,0.06958060051817506,0.36370566651691605,0.18723062691767145,499.9999999999634
224,80.17074784808088,12.974703557312251,33.47541032000004,42.24263162,38.09472833882355,1.5077071239859057,-0.20895522832870483,0.8151615262031555,0.3616457471660539,0.23676304607122223,-0.3547094166278839,0.5289291739463806,0.036042582194010415,0.12117110735596376,0.0,0.0,0.0,111.26365881171537,0.00044784506895205836,0.9639574178059895,0.3616457471660539,0.0,0.007338835685046227,0.002935534274018491,499.9999999999634
225,80.17535848098774,12.974703557312251,33.99153134000005,44.98730168000003,39.85957388352943,2.2660582070531756,-0.2949203848838806,0.7594869136810303,0.35632101205679084,0.23091521961382383,-0.24830262362957,0.4615797996520996,0.04766990368182843,0.1056672874388746,4.0,0.00664565473861068,412.76543646414075,1684.8650179188508,0.006781715595041427,0.9523300963181716,0.35632101205679084,0.016467535987278105,0.11113195134912245,0.05433330213201584,499.9999999999634
226,80.1799691138946,12.974703557312251,40.24992596000004,45.25390723999999,41.838725734117666,1.0191087561673648,-0.02060008980333805,0.6897493004798889,0.20822684493719362,0.12679138914445487,-0.201522096991539,0.22928518056869507,0.06052912693397672,0.07504651963551165,271.0,0.135636889810942,124.34664509333527,13918.40921722983,0.05602270320933335,0.9394708730660233,0.20822684493719362,0.3361001213600682,0.9180438548703144,0.5688776147641668,707.2141793560247
227,80.18457974680146,12.974703557312251,40.13713130000002,42.27339380000001,41.28186049647061,0.40735528381139247,-0.012339585460722446,0.6670119762420654,0.1935460947074142,0.11683265084720232,-0.2328215092420578,0.25833043456077576,0.053564895929074756,0.0761586470813692,362.0,0.24043884160704895,165.01430588675603,13060.789125835225,0.052570714185538575,0.9464351040709252,0.1935460947074142,0.5957931058168824,0.8614761219900737,0.702066312286159,1118.3056746386344
228,80.18919037970832,12.974703557312251,38.85537380000005,42.23921360000003,40.58166379000002,0.6659420960074177,-0.0215000007301569,0.6914613842964172,0.21391122671274038,0.12634328820509608,-0.20700059831142426,0.303788423538208,0.04241885845477764,0.07554616426102553,338.0,0.23835483587627593,175.1994779727661,12569.721449949386,0.05059412776445583,0.9575811415452223,0.21391122671274038,0.5906290639400434,0.8290858067510045,0.6860117610644278,1581.571073123251
229,80.19380101261518,12.974703557312251,39.82950950000003,43.23727544000002,41.40485008117649,0.7450127299924805,-0.02390766702592373,0.6911519169807434,0.18602008894378064,0.10983795628683025,-0.16022799909114838,0.29604172706604004,0.06827099370021446,0.06962120649044438,359.0,0.2128073652591168,147.271173272282,12272.313198484666,0.049397035916977375,0.9317290062997855,0.18602008894378064,0.527323955817627,0.8094690665486172,0.6401820001100231,2062.142169617797
230,80.19841164552204,12.974703557312251,40.18840160000002,42.786096799999996,41.45500863764708,0.4966182380245977,-0.01892828568816185,0.7148334383964539,0.20184192133884804,0.11941439960193943,-0.24343015253543854,0.2610020041465759,0.049654666676240806,0.07595575431313482,381.0,0.2420480191408753,157.8345577376229,12133.638270003965,0.04883885830920647,0.9503453333237591,0.20184192133884804,0.5997805517481684,0.8003222119096051,0.679997215812743,2500.486018300383
231,80.2030222784289,12.974703557312251,41.24798780000003,43.79441270000001,42.321458967058845,0.5796967721564402,-0.0015898251440376043,0.6300050616264343,0.19303287212665265,0.1105417249298903,-0.17830312252044678,0.5636807084083557,0.059695645845853365,0.06417962210874145,264.0,0.16820689872053568,158.2943512613774,11218.264683203555,0.045154406876674956,0.9403043541541466,0.19303287212665265,0.4168066604326698,0.739945118295169,0.5460620435776695,2121.642538068074
232,80.20763291133576,12.974703557312251,40.99505432000001,42.950161760000015,42.168286728235316,0.4784667052925711,-0.02024107426404953,0.6274694204330444,0.19849176145067401,0.11589184141041893,-0.19057627022266388,0.3447099030017853,0.05073295443665748,0.07414557045345548,171.0,0.14105230590489082,204.9319254278821,10234.523210242467,0.04119476926908202,0.9492670455633425,0.19849176145067401,0.3495191993773278,0.6750585497270446,0.4797349395172145,1802.9441427644613
233,80.21224354424263,12.974703557312251,40.23625388000005,42.81344095999998,41.509046469411786,0.5139428645528369,0.0032320620957762003,0.6561506390571594,0.23107500861672794,0.12507927983272188,-0.17636418342590332,0.32768553495407104,0.054033364688648895,0.0712314605106753,289.0,0.19900982195890893,171.08116892006615,11788.099951982122,0.04744803911889079,0.9459666353113511,0.23107500861672794,0.49313446662973387,0.7775308623716503,0.6068930249265004,1581.18686292352
234,80.21685417714949,12.974703557312251,40.09269704000002,42.721154420000005,41.45957388235296,0.4932589571302868,0.004634397570043802,0.6733212471008301,0.21372516338641828,0.11612050623749538,-0.1900060921907425,0.25670570135116577,0.050262592022235576,0.07076030601169578,301.0,0.23517079712514827,194.1075536389708,12763.10453910198,0.05137251006664367,0.9497374079777644,0.21372516338641828,0.5827392058626368,0.8418411549996108,0.6863799855174264,1414.4283587120494
235,80.22146481005635,12.974703557312251,39.38858492000003,44.91210524000002,42.11167059764708,1.2246335074873367,-0.030450014397501945,0.7194863557815552,0.20498884612438725,0.14433265937883327,-0.2578537166118622,0.3222467601299286,0.06172598446116728,0.08901705668423913,230.0,0.21308659639514907,230.17271317528457,9362.996576065329,0.03768680530542061,0.9382740155388327,0.20498884612438725,0.5280158739148259,0.6175735556896748,0.5638389466247654,1118.1019164110692
236,80.22607544296321,12.974703557312251,38.45546546000003,42.98434196000005,41.598589131764726,0.9846223857604273,-0.005159564316272736,0.7170448899269104,0.23443914675245098,0.13420858126708257,-0.19458255171775818,0.23797692358493805,0.04537765203737745,0.0746320162578849,480.0,0.31674981971526817,163.94594504122975,13632.344565585281,0.05487127025261837,0.9546223479626226,0.23443914675245098,0.7848871571404399,0.8991753267620306,0.8306024249890762,999.9999999999268
237,80.23068607587007,12.974703557312251,40.85491550000006,44.75829434000002,43.18613918000002,0.9755471050021652,-0.013366750441491604,0.7659697532653809,0.23191537710336538,0.14552124991919696,-0.23237793147563934,0.31614136695861816,0.04308051182673528,0.07567226219665887,159.0,0.1402975238027333,219.219116018759,9969.585797183398,0.040128375126676503,0.9569194881732648,0.23191537710336538,0.34764889435566926,0.6575835523916432,0.4716227575700589,1118.1019164110692
238,80.23529670877693,12.974703557312251,42.898891460000016,44.97704762000001,44.05877111882355,0.40744753620434104,-0.07177615910768509,0.5439907908439636,0.16263025620404412,0.07440011478484354,-0.13049931824207306,0.5964865684509277,0.08041158040364584,0.04642767124890178,320.0,0.06993457519647031,54.29595839367231,17380.485028717994,0.06995783348522101,0.9195884195963542,0.16263025620404412,0.17329370530068222,1.0,0.5039762231804094,707.2141793560247
239,80.23990734168379,12.974703557312251,37.09167548000005,45.165038719999984,42.59790464000002,1.599787306528849,-0.08441558480262756,0.8332874774932861,0.28089599609375,0.18676731386985645,-0.36700913310050964,0.5818511843681335,0.05387987922219669,0.107685320671013,137.0,0.059986327701803316,108.7820525623223,10655.826228532722,0.04289054739907501,0.9461201207778033,0.28089599609375,0.14864254148427453,0.702847260415396,0.37032442905672314,499.9999999999634
240,80.24451797459065,12.974703557312251,40.56780182,45.72901202000003,43.802478754117665,1.1635496733125974,-0.0335608646273613,0.7726933360099792,0.19012709397536057,0.1546389207757648,-0.30715757608413696,0.3424890339374542,0.07765443068284254,0.09740791060779241,137.0,0.1975088635255522,358.1719434529623,7515.981087368192,0.03025242117923553,0.9223455693171575,0.19012709397536057,0.4894151811734632,0.4957463272482495,0.49194763960337773,707.2141793560247
241,80.24912860749751,12.974703557312251,42.23921360000003,45.98878153999999,44.25072428352943,0.8507623448605341,-0.04473740980029106,0.7184966802597046,0.1690063715916054,0.12317873647316466,-0.24462194740772247,0.3418154716491699,0.10577619964001225,0.07504830154768448,224.0,0.1716999303811995,190.43538192627304,7624.05329325305,0.030687420396529014,0.8942238003599877,0.1690063715916054,0.42546218450654133,0.5028746580040412,0.4564271739055413,1118.3056746386344
242,80.25373924040437,12.974703557312251,40.00382852000001,44.97704762000001,41.89920931294119,0.9778206619415589,-0.05509401112794876,0.8469637036323547,0.2682250737208946,0.20682408773437233,-0.4125816226005554,0.4200171232223511,0.03089129279641544,0.11581004562013611,247.0,0.19859909055430933,199.75876422351052,7873.000936097205,0.03168945444309637,0.9691087072035846,0.2682250737208946,0.4921166987118412,0.5192949866587416,0.5029880138906013,1581.571073123251
243,80.25834987331123,12.974703557312251,40.448171119999984,43.59958556000004,41.774552112941194,0.6311896634150636,-0.006279828958213329,0.7904610633850098,0.2390326631986178,0.1473467725742194,-0.24669604003429413,0.39566704630851746,0.04846847534179687,0.08236626117723025,378.0,0.27567883702821583,181.19122812870773,12579.85580018945,0.0506349193295591,0.9515315246582031,0.2390326631986178,0.6831157121837157,0.8297542579953808,0.7417711305083818,1581.18686292352
244,80.26296050621809,12.974703557312251,39.45010927999999,43.86960914000002,40.93830809176472,0.9211387257947233,-0.005459216423332691,0.7299977540969849,0.2889574716605392,0.15523871091282215,-0.2365686595439911,0.30917805433273315,0.0025253752166149663,0.08073872807887693,365.0,0.2792012649339802,190.04220362155215,12364.684083573902,0.049768836070268725,0.997474624783385,0.2889574716605392,0.6918440783992759,0.8155617544486201,0.7413311488190135,1499.9999999998902
245,80.26757113912495,12.974703557312251,31.51004882000001,44.38573015999998,36.67953796117649,5.110719174527365,-0.35499998927116394,0.6074860692024231,-0.04325383803423713,0.20474038415106002,-0.4256444275379181,0.2780391275882721,0.01156598783006855,0.09136644573609429,38.0,0.04290376592326077,280.50290181787483,2738.872455877706,0.011024179295857313,0.9884340121699314,0.0,0.10631297247903003,0.18065319018494375,0.1360490595613955,1581.18686292352
246,80.27218177203181,12.974703557312251,30.747830360000023,31.60575338000001,31.07674218000002,0.20877736769839056,-0.24082231521606445,-0.018735362216830254,-0.12582656860351563,0.03352456750716561,-0.13114753365516663,0.1504424810409546,0.0003480947934664213,0.04275638770048198,0.0,0.0,0.0,0.0,0.0,0.9996519052065336,0.0,0.0,0.0,0.0,1802.9441427644613
247,80.27679240493867,12.974703557312251,30.354758059999995,31.004181860000017,30.61601778941178,0.1573246727603626,-0.1705288141965866,0.042016807943582535,-0.07695748721852022,0.024065943378606774,-0.154262512922287,0.09035033732652664,-0.04179475372912837,0.03759488181447756,0.0,0.0,0.0,0.0,0.0,1.0417947537291283,0.0,0.0,0.0,0.0,2121.642538068074
248,80.28140303784554,12.974703557312251,30.009538040000052,30.693142039999998,30.3281590047059,0.16891113500669702,-0.14858490228652954,0.035756852477788925,-0.06517766615923713,0.025299033995875086,-0.1428571492433548,0.06666667014360428,-0.027982590619255513,0.033276105651688155,0.0,0.0,0.0,0.0,0.0,1.0279825906192555,0.0,0.0,0.0,0.0,2500.486018300383
249,80.2860136707524,12.974703557312251,29.99928398000003,30.371848160000013,30.176015720000017,0.09380693420663654,-0.14304812252521515,0.023650696501135826,-0.06469478233187806,0.022938618801041807,-0.1454293578863144,0.0359281450510025,-0.058046635646446076,0.02680406105289363,0.0,0.0,0.0,0.0,0.0,1.0580466356464462,0.0,0.0,0.0,0.0,2916.1271212099055
250,80.29062430365926,12.974703557312251,30.11549666000002,30.628199660000007,30.367543110588255,0.1383815130562557,-0.15125447511672974,0.02594810351729393,-0.06841970590444711,0.02513195253836569,-0.1494082808494568,0.049633849412202835,-0.04794814183161809,0.028704065930760338,0.0,0.0,0.0,0.0,0.0,1.047948141831618,0.0,0.0,0.0,0.0,3354.9170239159034
251,80.29523493656612,12.974703557312251,30.385520240000005,30.67263392000001,30.520372364705896,0.057700934073642504,-0.15611813962459564,0.03714935481548309,-0.07085841758578432,0.02622395554664102,-0.1551724076271057,0.07226107269525528,-0.046851274078967525,0.031645394365859246,0.0,0.0,0.0,0.0,0.0,1.0468512740789675,0.0,0.0,0.0,0.0,3808.8637253950187
252,80.29984556947298,12.974703557312251,30.040300220000006,30.570093320000012,30.20211803882355,0.1073816805955422,-0.15955056250095367,0.04203997179865837,-0.06972313974417892,0.025524572297855357,-0.1492776870727539,0.08708708733320236,-0.038897672167011337,0.033331893977964294,0.0,0.0,0.0,0.0,0.0,1.0388976721670113,0.0,0.0,0.0,0.0,4273.1395145564575
253,80.30445620237984,12.974703557312251,29.233647500000018,30.248799440000028,29.904052502352958,0.21656117100460512,-0.15433403849601746,0.02657342702150345,-0.06667891282301683,0.02860134966641038,-0.1582435816526413,0.06617647409439087,-0.03096066401554988,0.03394778222134889,0.0,0.0,0.0,0.0,0.0,1.03096066401555,0.0,0.0,0.0,0.0,4744.7132193697535
254,80.3090668352867,12.974703557312251,29.872817240000018,30.272725580000042,30.065160697647073,0.08615401171855233,-0.17220543324947357,0.058551616966724396,-0.06537938735064339,0.030422893510889337,-0.1419847309589386,0.10116086155176163,-0.028246082979090075,0.03305543705940947,0.0,0.0,0.0,0.0,0.0,1.02824608297909,0.0,0.0,0.0,0.0,5221.607946621891
255,80.31367746819356,12.974703557312251,29.55835940000003,30.156512900000052,29.912981931764726,0.08611474259095547,-0.16282527148723602,0.057503506541252136,-0.06288762111289828,0.03155069972845145,-0.13750900328159332,0.09460654109716415,-0.017777895459941788,0.032323685830963275,0.0,0.0,0.0,0.0,0.0,1.0177778954599417,0.0,0.0,0.0,0.0,5701.95611470841
256,80.31828810110042,12.974703557312251,29.81812892000005,30.08473448000001,29.95178914000002,0.06373857655931099,-0.1712230145931244,0.048048049211502075,-0.060943251389723556,0.029444395703347025,-0.14931395649909973,0.15796798467636108,-0.008120354872483474,0.03919552863081632,0.0,0.0,0.0,0.0,0.0,1.0081203548724835,0.0,0.0,0.0,0.0,6104.522057313202
257,80.32289873400728,12.974703557312251,29.732678420000013,30.047136260000002,29.928368935294138,0.07202792043908832,-0.17429938912391663,0.06229069083929062,-0.05622644761029412,0.02997421566840794,-0.13610315322875977,0.08641975373029709,-0.02054841583850337,0.0339503676169529,0.0,0.0,0.0,0.0,0.0,1.0205484158385034,0.0,0.0,0.0,0.0,6520.611884888618
258,80.32750936691414,12.974703557312251,28.885009459999992,30.002702,29.557354100000023,0.3200568290939574,-0.1610594093799591,0.07296137511730194,-0.055987770230162374,0.03196181298695186,-0.12948517501354218,0.08079268038272858,-0.02023114671894148,0.03134740551977682,0.0,0.0,0.0,0.0,0.0,1.0202311467189416,0.0,0.0,0.0,0.0,6947.796265683278
259,80.332119999821,12.974703557312251,28.758542720000037,29.756604560000028,29.33433125176472,0.32112912138578553,-0.14517317712306976,0.06821282207965851,-0.04918040055495042,0.0313951233896313,-0.13204853236675262,0.10860366374254227,-0.01432303208571214,0.03481242702665746,0.0,0.0,0.0,0.0,0.0,1.0143230320857122,0.0,0.0,0.0,0.0,7384.149940006554
260,80.33673063272786,12.974703557312251,28.994386100000042,29.578867520000017,29.399912292941195,0.1263223819814983,-0.17530162632465363,0.08010680973529816,-0.04837388580920649,0.03725551211145386,-0.11370262503623962,0.1447562724351883,0.004915431901520374,0.04019618236310437,0.0,0.0,0.0,0.0,0.0,0.9950845680984797,0.0,0.0,0.0,0.0,7828.1397224704415
261,80.34134126563472,12.974703557312251,28.789304900000047,29.52417920000005,29.179621495294143,0.23385457478631078,-0.15646257996559143,0.10664819926023483,-0.03926709343405331,0.03465180116747157,-0.09090909361839294,0.1615326851606369,0.03314051609413297,0.038659385456733975,0.0,0.0,0.0,0.0,0.0,0.9668594839058671,0.0,0.0,0.0,0.0,8278.537098032773
262,80.34595189854159,12.974703557312251,28.710690440000008,29.50708910000003,29.053592356470606,0.21937544770702888,-0.1965065449476242,0.08607418090105057,-0.0387945556640625,0.036517783319884804,-0.09909909963607788,0.18849356472492218,0.04208804203913762,0.034212897130480695,0.0,0.0,0.0,0.0,0.0,0.9579119579608624,0.0,0.0,0.0,0.0,8734.350877051753
263,80.35056253144845,12.974703557312251,0.0,29.322516020000023,12.00682314470589,14.351055399960833,-0.14559124410152435,0.11617647111415863,-0.014464359657437193,0.02981898282928841,-0.07285714149475098,0.1751662939786911,0.015167568431181066,0.03206735585445895,0.0,0.0,0.0,0.0,0.0,0.984832431568819,0.0,0.0,0.0,0.0,9194.775570636242
264,80.15230531645344,12.979195113187206,36.84216002000005,45.489750619999995,41.295650847058845,1.6824583680482885,0.03494623675942421,0.8520241975784302,0.44836382697610294,0.19432647300641556,-0.3554858863353729,0.277652382850647,-0.01328305113549326,0.10910456999055047,16.0,0.01820719048979306,282.71476720126407,5451.673462259893,0.02194341893557084,1.0132830511354933,0.44836382697610294,0.04511633186056486,0.3595867345667382,0.1709044929430342,0.0
265,80.1569159493603,12.979195113187206,36.74645545999999,44.53954106000003,40.03499282000002,1.6646119372063852,-0.05577918514609337,0.8381046652793884,0.4634987745098039,0.19533777500202398,-0.31461483240127563,0.37099891901016235,-0.014678159227558212,0.10431320820955134,6.0,0.03226115745915322,1335.8393580193335,3157.498065735953,0.012709180644135135,1.0146781592275582,0.4634987745098039,0.07994122360333679,0.20826530178645844,0.13127085487658546,0.0
266,80.16152658226716,12.979195113187206,37.180544000000054,45.03515396,42.832600795294134,1.6353317289768852,-0.07150368392467499,0.7836065292358398,0.19672038151667667,0.19255678926632797,-0.31106624007225037,0.3070776164531708,0.056290517953725965,0.09585655874340039,10.0,0.19361539376590073,4810.225367239938,5786.437854707523,0.023290872219235613,0.943709482046274,0.19672038151667667,0.4797673953789452,0.3816674471337674,0.4405274160808741,500.1428372027731
267,80.16613721517402,12.979195113187206,36.59606258000002,45.56494706000001,40.13749793882355,2.5021689255477555,-0.06010929122567177,0.8161219954490662,0.4160183057598039,0.20225763393470564,-0.2877601683139801,0.3858959674835205,0.02042189504586014,0.09218888400028369,5.0,0.03221405812346355,1600.666936169173,1431.3427342095997,0.005761268255440747,0.9795781049541399,0.4160183057598039,0.07982451425926866,0.09440988412150797,0.08565866220416438,0.0
268,80.17074784808088,12.979195113187206,34.86654446,43.011686120000036,38.8596315411765,2.061050982475788,0.1055045872926712,0.8319159746170044,0.5233700980392156,0.1728122218663195,-0.5182228684425354,0.56352299451828,-0.03370120179419424,0.12708529571006846,0.0,0.0,0.0,0.0,0.0,1.0337012017941942,0.5233700980392156,0.0,0.0,0.0,0.0
269,80.17535848098774,12.979195113187206,35.36899340000002,41.880321500000036,37.861794415294135,1.4938009482266563,0.019579920917749405,0.8198806047439575,0.5571346341646635,0.1709309378835153,-0.3305685222148895,0.29566168785095215,-0.0487994384765625,0.10064392439664314,9.0,0.004313446504460158,119.07139654788313,1115.8431389037287,0.004491357311264365,1.0487994384765624,0.5571346341646635,0.010688463113906258,0.07359985761890502,0.03585302091590576,0.0
270,80.1799691138946,12.979195113187206,39.12197936000001,43.31930792000003,41.68861670352943,0.6319898494455155,-0.019187862053513527,0.7256238460540771,0.2152573290058211,0.1379587119297247,-0.20531757175922394,0.2615012228488922,0.059638624004289216,0.07877149664249017,289.0,0.18794659739475836,161.57053586773935,12897.47120878477,0.05191334659037132,0.9403613759957108,0.2152573290058211,0.46572045615052327,0.850703841350934,0.6197138102306876,500.1428372027731
271,80.18457974680146,12.979195113187206,39.231356000000005,42.84762116000002,40.81928057176472,0.6794505113717846,-0.00781719759106636,0.6593098640441895,0.215089111328125,0.1339538826298604,-0.22404596209526062,0.25732898712158203,0.046190978405522366,0.07932440596627068,382.0,0.32278852643072276,209.93278482464285,12536.864786169535,0.05046187708158981,0.9538090215944777,0.215089111328125,0.7998507121345947,0.8269186152419856,0.810677873377551,1000.2856744055462
272,80.18919037970832,12.979195113187206,38.37685099999999,41.733346640000036,40.139856780000024,0.8922496042762603,-0.01610017940402031,0.6984478831291199,0.20216764009915866,0.11766518922809714,-0.241550475358963,0.2759333848953247,0.048028458815354565,0.07542504999786584,335.0,0.28379702133639156,210.46920779419366,12831.485457488208,0.05164774869744862,0.9519715411846454,0.20216764009915866,0.7032320885987488,0.8463514895453973,0.7604798489774082,1500.4285116083192
273,80.19380101261518,12.979195113187206,41.12493907999999,42.94332572000002,42.13193034941179,0.42403552070222655,-0.0054853325709700584,0.6322323679924011,0.19346046597349878,0.10083026733700066,-0.17523737251758575,0.23641638457775116,0.06821169984106924,0.06464483880642917,358.0,0.21347195157639876,148.14375016123552,14125.468826824876,0.056856134593188896,0.9317883001589308,0.19346046597349878,0.5289707610651084,0.931701292240762,0.6900629735353698,2000.5713488110923
274,80.19841164552204,12.979195113187206,41.02239847999999,42.97066988000006,41.887772547058844,0.4797014626207945,-0.017002150416374207,0.7375565767288208,0.20155594171262256,0.12386929280946345,-0.28952622413635254,0.34217092394828796,0.051605631510416666,0.07840313045888817,395.0,0.262304651141411,164.98119173457158,11971.11126968889,0.04818467421675407,0.9483943684895834,0.20155594171262256,0.6499752774103095,0.7896020993190761,0.7058260061738162,2500.7141860138654
275,80.2030222784289,12.979195113187206,41.27533196000002,44.86083494000002,42.893037065882375,0.9112450264071255,-0.0025429115630686283,0.6830920577049255,0.19056124173677885,0.10942810079382732,-0.1843983381986618,0.33695080876350403,0.06697263277493991,0.07498520362607998,359.0,0.21054632927096917,145.7064463072171,12376.10294997166,0.0498147979149885,0.9330273672250601,0.19056124173677885,0.5217212435239794,0.8163149310482182,0.6395587185336749,2500.2571304660987
276,80.20763291133576,12.979195113187206,40.41399092000006,43.31930792000003,41.37244394000002,0.6044957759641225,0.003913894295692444,0.6622480750083923,0.20517353132659313,0.11822658864727673,-0.24290452897548676,0.34708985686302185,0.04034654205920649,0.07471524678110056,442.0,0.33561064940975566,188.64226588723517,11859.09078163213,0.04773378284994473,0.9596534579407935,0.20517353132659313,0.8316231679565582,0.7822133439609728,0.8118592383583241,2121.6233686606174
277,80.21224354424263,12.979195113187206,40.27043408000003,42.83736710000005,41.512795647058844,0.5409431045621588,0.002736266003921628,0.6099014282226562,0.16320253858379288,0.09638721714419574,-0.24290452897548676,0.24729138612747192,0.07565947289560356,0.06802518345483936,546.0,0.37028682720842626,168.48884776024673,12019.51426840012,0.048379500133201775,0.9243405271043964,0.16320253858379288,0.9175486678901043,0.7927947109768173,0.8676470851247895,1802.9341170493803
278,80.21685417714949,12.979195113187206,40.441335080000044,44.177230940000015,42.65364556823531,0.7013859316620346,0.003946719225496054,0.724473237991333,0.17484281099759616,0.11280097551141054,-0.35043442249298096,0.28940755128860474,0.08483434823843149,0.07802780811517647,541.0,0.3114295429600526,143.01713831426463,11716.960765761121,0.047161698240848565,0.9151656517615685,0.17484281099759616,0.771703828728903,0.7728385953365772,0.7721577353719726,1414.4155791070784
279,80.22146481005635,12.979195113187206,38.79726746000006,43.56198734000003,40.58840455647061,1.1245109071894508,-0.031951311975717545,0.646561861038208,0.20870387657015932,0.13889592362024922,-0.1852457970380783,0.35698071122169495,0.05878532858455882,0.07862629496959271,232.0,0.26003715220178253,278.46650036279806,7341.639193449836,0.02955068120108844,0.9412146714154411,0.20870387657015932,0.6443565503084479,0.48424691651386287,0.5803126967906138,1118.097874787844
280,80.22607544296321,12.979195113187206,38.44862942000003,43.192841180000016,40.81278751647061,1.2735615174882475,-0.02161100134253502,0.6657561659812927,0.20599530388327206,0.1334417971089232,-0.2471850961446762,0.2984601557254791,0.04736108518114277,0.07902457495797999,366.0,0.24098853884361382,163.58400758623546,13483.772310640168,0.05427325511927772,0.9526389148188572,0.20599530388327206,0.5971552227762013,0.8893756547213681,0.714043395554268,999.9999999999268
281,80.23068607587007,12.979195113187206,40.81731728,43.879863200000045,42.039382300000014,0.5739652740832115,-0.008313934318721294,0.7364341020584106,0.21600506122295673,0.1420484064633668,-0.2807762324810028,0.31241026520729065,0.04370710813082181,0.08104687626230976,407.0,0.29045830898451597,177.30253128476917,11182.212651074944,0.04500929458226603,0.9562928918691782,0.21600506122295673,0.7197383620032007,0.7375671635997224,0.7268698826418094,707.2077895535392
282,80.23529670877693,12.979195113187206,34.514488400000005,44.03709212000001,40.14894653176472,2.8123624371821645,-0.0625583603978157,0.8015467524528503,0.21795142080269608,0.18880459575231967,-0.5127900838851929,0.5478073358535767,0.029357227998621324,0.13551380862174306,111.0,0.03275847462069792,73.3206375439577,8855.022193591318,0.035642168046727485,0.9706427720013787,0.21795142080269608,0.08117354586155577,0.5840680915965143,0.2823313641555392,499.9999999999634
283,80.23990734168379,12.979195113187206,36.96862676000001,45.46582448000004,43.08515580941178,1.4607345144404549,-0.03953871503472328,0.7653822898864746,0.19997635186887255,0.15002866612909835,-0.47543251514434814,0.46840959787368774,0.07253720750995711,0.09683914584176449,75.0,0.08825591068520143,292.35335209631523,11667.956566684337,0.0469644524451515,0.9274627924900429,0.19997635186887255,0.21869288165915027,0.769606329125465,0.4390582606456762,707.2077895535392
284,80.24451797459065,12.979195113187206,39.37491283999998,45.66406963999998,42.901091292941196,1.5289063304151744,-0.03616071492433548,0.8022645115852356,0.277294194148137,0.1881255666337322,-0.33437439799308777,0.47109469771385193,0.06041741004356971,0.09239391720209401,77.0,0.09053428448301888,292.11098484398684,7391.345817577609,0.02975075431343815,0.9395825899564303,0.277294194148137,0.22433855601085065,0.4875255139537456,0.3296133391880086,999.9999999999268
285,80.24912860749751,12.979195113187206,39.70304276000002,44.720696120000014,42.71540646941178,0.8832207361468353,-0.06321293115615845,0.8168465495109558,0.24421585382199754,0.1816452032490468,-0.4321233332157135,0.49634093046188354,0.06956463982077206,0.10011348859206097,70.0,0.10865647253286458,385.64091295074144,5206.563338505961,0.020956831208313133,0.9304353601792279,0.24421585382199754,0.2692442568961548,0.34341952469621356,0.2989143640161783,1118.097874787844
286,80.25373924040437,12.979195113187206,38.27089238000002,43.476536839999994,41.71972186823531,0.7783119584748567,-0.025054944679141045,0.8238192796707153,0.284816224341299,0.19425653533599188,-0.34817034006118774,0.4936642646789551,0.02320367551317402,0.10276496497183882,165.0,0.16348792341198884,246.16554942676476,7977.575719531172,0.03211037625708134,0.976796324486826,0.284816224341299,0.40511332113457416,0.5261926310524058,0.4535450451017068,1414.4155791070784
287,80.25834987331123,12.979195113187206,38.380269020000014,44.72753216000001,42.183614596470605,1.064362009692897,-0.055326174944639206,0.7818238735198975,0.2454149921123798,0.17585389384988573,-0.2787500023841858,0.28992483019828796,0.04915830758901743,0.09138186374921768,262.0,0.23648849643063471,224.25093851532768,9435.06606289679,0.037976890717351865,0.9508416924109826,0.2454149921123798,0.5860043861326016,0.6223271843893811,0.6005335054353134,1118.097874787844
288,80.26296050621809,12.979195113187206,39.409093040000016,43.19967722000001,40.836855581176486,0.7789572154294813,-0.010799136012792587,0.7408967018127441,0.25249961703431373,0.1577780722559571,-0.27492302656173706,0.25925925374031067,0.00800034766103707,0.08427644046717322,309.0,0.29732304095174306,239.05378650237301,11656.42233715005,0.04691802625463917,0.9919996523389629,0.25249961703431373,0.7367487582936592,0.7688455432928781,0.7495874722933467,999.9999999999268
289,80.26757113912495,12.979195113187206,31.523720900000058,46.86379466000005,39.570414122352965,4.819553954795121,-0.3896823227405548,0.6595162153244019,0.04761000988530178,0.23126019436534384,-0.3941018879413605,0.32753118872642517,0.01798014622108609,0.09982067129265629,83.0,0.1098777192847897,328.89485853042015,3416.09292399933,0.013750045499438777,0.9820198537789139,0.04761000988530178,0.27227043349239455,0.225321950777341,0.25349104040637316,1118.097874787844
290,80.27218177203181,12.979195113187206,30.62136362000001,31.892867060000015,31.14799561000002,0.28291870306109185,-0.3029460906982422,-0.03869653865695,-0.1519941124549279,0.040629487091985925,-0.1243484765291214,0.13962873816490173,-0.005578429882342999,0.03903915947150981,0.0,0.0,0.0,0.0,0.0,1.005578429882343,0.0,0.0,0.0,0.0,1414.4155791070784
291,80.27679240493867,12.979195113187206,30.204365180000025,31.072542259999977,30.645904767058845,0.207307450825939,-0.16655518114566803,-0.007425742689520121,-0.0837120325425092,0.02395289894728198,-0.1843349039554596,0.08279430866241455,-0.07035760617723652,0.03566536955624261,0.0,0.0,0.0,0.0,0.0,1.0703576061772364,0.0,0.0,0.0,0.0,1803.1321966087262
292,80.28140303784554,12.979195113187206,30.026628140000014,30.775174520000007,30.43474445882355,0.1467632562891566,-0.14268513023853302,0.013880507089197636,-0.0693152094822304,0.02191160948272856,-0.17073170840740204,0.06596995145082474,-0.06756016151577819,0.0314284090283128,0.0,0.0,0.0,0.0,0.0,1.0675601615157781,0.0,0.0,0.0,0.0,2236.579022007424
293,80.2860136707524,12.979195113187206,29.975357840000015,30.392356280000058,30.14988974705884,0.10575811021736387,-0.14541959762573242,0.016223231330513954,-0.06164435293160233,0.022812680004414936,-0.15449437499046326,0.023952096700668335,-0.05952859915939032,0.0262034291182922,0.0,0.0,0.0,0.0,0.0,1.0595285991593903,0.0,0.0,0.0,0.0,2693.2455216951244
294,80.29062430365926,12.979195113187206,30.091570520000005,30.55642124000002,30.302955542352958,0.10179713529423283,-0.14508138597011566,0.04641909897327423,-0.06617947505070614,0.024455653794239248,-0.16678297519683838,0.07588279247283936,-0.040639466505784254,0.03224112475375654,0.0,0.0,0.0,0.0,0.0,1.0406394665057843,0.0,0.0,0.0,0.0,3163.090715390325
295,80.29523493656612,12.979195113187206,30.224873300000013,30.662379859999987,30.494293700000025,0.07920896434727143,-0.17191600799560547,0.02460024692118168,-0.07045452641505821,0.027830204304505772,-0.1561514139175415,0.10096818953752518,-0.027375643861060048,0.041675885526912294,0.0,0.0,0.0,0.0,0.0,1.02737564386106,0.0,0.0,0.0,0.0,3641.016344739006
296,80.29984556947298,12.979195113187206,30.057390320000025,30.624781640000037,30.32767409529414,0.16549648165707018,-0.16915100812911987,0.04774714261293411,-0.06718643487668505,0.027933753772804288,-0.1405680924654007,0.07137254625558853,-0.03818448534198836,0.03374301827603834,0.0,0.0,0.0,0.0,0.0,1.0381844853419884,0.0,0.0,0.0,0.0,4124.214214457729
297,80.30445620237984,12.979195113187206,29.951431700000057,30.207783199999994,30.07373531529413,0.06357225536640031,-0.14916285872459412,0.03413217142224312,-0.0630416987492488,0.028648757978080024,-0.1595047414302826,0.0767960399389267,-0.03382747943584736,0.03282504076841116,0.0,0.0,0.0,0.0,0.0,1.0338274794358473,0.0,0.0,0.0,0.0,4610.531425189011
298,80.3090668352867,12.979195113187206,29.82154694000002,30.13258675999998,30.01613753882355,0.06147460575832464,-0.163323774933815,0.04507257416844368,-0.06134093639897365,0.03053225908481959,-0.13461539149284363,0.07890499383211136,-0.03052356196384804,0.033934315781948464,0.0,0.0,0.0,0.0,0.0,1.030523561963848,0.0,0.0,0.0,0.0,5000.9142050963055
299,80.31367746819356,12.979195113187206,29.168705120000027,30.01637407999999,29.81767949176473,0.18440929054899757,-0.16845877468585968,0.05248425528407097,-0.061393480487898285,0.02944162556792622,-0.1243484765291214,0.10135135054588318,-0.022821912578507967,0.032161902638524094,0.0,0.0,0.0,0.0,0.0,1.022821912578508,0.0,0.0,0.0,0.0,5409.396589826179
300,80.31828810110042,12.979195113187206,28.95678787999998,30.047136260000002,29.720882900000017,0.30650000956314705,-0.17037037014961243,0.04266088083386421,-0.06119705200195313,0.029688823908346568,-0.16366752982139587,0.0727580338716507,-0.021620269188514122,0.03522625322943442,0.0,0.0,0.0,0.0,0.0,1.0216202691885141,0.0,0.0,0.0,0.0,5832.176760054743
301,80.32289873400728,12.979195113187206,28.789304900000047,29.989029920000007,29.495155597647077,0.3548952330288791,-0.1517925262451172,0.04472843557596207,-0.05499465044806985,0.030130535529227908,-0.10667689889669418,0.09207365661859512,-0.012336995741900275,0.03150835634735509,0.0,0.0,0.0,0.0,0.0,1.0123369957419002,0.0,0.0,0.0,0.0,6266.3614458657485
302,80.32750936691414,12.979195113187206,28.85424727999998,29.725842380000017,29.11626394117649,0.21278124671389095,-0.1630677580833435,0.06976744532585144,-0.05526548497817096,0.030659495657226938,-0.12112676352262497,0.09133126586675644,-0.018758989221909467,0.030503887911149115,0.0,0.0,0.0,0.0,0.0,1.0187589892219095,0.0,0.0,0.0,0.0,6709.737066022273
303,80.332119999821,12.979195113187206,28.741452620000018,29.483162960000016,29.05104953882355,0.1756305420609211,-0.16678105294704437,0.06523407250642776,-0.05554459791917067,0.03022299802828827,-0.12235649675130844,0.08326724916696548,-0.02091192098764273,0.030631800745282375,0.0,0.0,0.0,0.0,0.0,1.0209119209876427,0.0,0.0,0.0,0.0,7160.596548841735
304,80.33673063272786,12.979195113187206,28.908935600000007,29.462654840000027,29.204943228235315,0.12834137773281817,-0.185628741979599,0.08567096292972565,-0.05341246960209865,0.03717579931797272,-0.11300639808177948,0.12910985946655273,-0.005645687252867455,0.03967732922676337,0.0,0.0,0.0,0.0,0.0,1.0056456872528674,0.0,0.0,0.0,0.0,7617.611180063317
305,80.34134126563472,12.979195113187206,28.70385440000001,29.257573640000032,29.04181260588237,0.08950388991803779,-0.16500383615493774,0.09533468633890152,-0.04218340705422794,0.036863340637675754,-0.12672176957130432,0.15100154280662537,0.03365207746917126,0.04124333158102394,0.0,0.0,0.0,0.0,0.0,0.9663479225308287,0.0,0.0,0.0,0.0,8079.7365650853735
306,80.34595189854159,12.979195113187206,28.69360033999999,29.07983660000002,28.879261509411783,0.08207009935949561,-0.18698060512542725,0.08605737239122391,-0.04018643599290114,0.03637361595108892,-0.11313393712043762,0.17836257815361023,0.03784105741060697,0.03763011420288865,0.0,0.0,0.0,0.0,0.0,0.962158942589393,0.0,0.0,0.0,0.0,8546.143665241067
307,80.35056253144845,12.979195113187206,0.0,29.06616452000003,11.891497494117653,14.213137529794137,-0.19781719148159027,0.08628005534410477,-0.013431326174268536,0.028644406322502848,-0.0776081457734108,0.1532507687807083,0.014284739774816176,0.029039408544453096,0.0,0.0,0.0,0.0,0.0,0.9857152602251839,0.0,0.0,0.0,0.0,9016.168024605182
308,80.15230531645344,12.98368666906216,38.626366459999986,48.94195081999999,43.680286017500016,2.325815620774682,-0.017137562856078148,0.7979300022125244,0.28234195484834557,0.1628178192142049,-0.3566857576370239,0.3295072317123413,0.11315568512561275,0.0984272235197435,0.0,0.0,0.0,0.0,0.0,0.8868443148743872,0.28234195484834557,0.0,0.0,0.0,499.9999999999634
309,80.1569159493603,12.98368666906216,38.73232508000001,48.340379299999995,45.09960625625002,2.2479105450580894,-0.03524533659219742,0.8287976384162903,0.22025771197150734,0.19585840680961922,-0.2830597162246704,0.4780310392379761,0.11635107900582108,0.10801684149899071,2.0,0.014811216297224884,1839.8663186546778,46.56517727825504,0.0001874285391264623,0.8836489209941789,0.22025771197150734,0.03670131040254742,0.0030713908596917304,0.023249342585405144,499.9999999999634
310,80.16152658226716,12.98368666906216,44.08836242000001,48.87359042000003,46.22889744500002,1.3227638525647911,-0.07120181620121002,0.40020471811294556,0.023643958751971905,0.06912598703052993,-0.1307719349861145,0.4178158640861511,0.11895500769981972,0.06553243245987533,1.0,0.0005957895985398737,148.01933796128426,393.2501730227384,0.0015828631984034064,0.8810449923001803,0.023643958751971905,0.001476331082594345,0.025938374072469367,0.011261148278544355,707.2013976351244
311,80.16613721517402,12.98368666906216,40.311450320000006,47.892618680000055,44.94316901000002,1.3088636651274999,-0.07808946073055267,0.8148820400238037,0.061220320159313724,0.14722343548476333,-0.3351922035217285,0.4007141888141632,0.0869986141429228,0.09043415169799929,8.0,0.4003871335340764,12434.137525053644,2398.368213839179,0.009653622661437558,0.9130013858570772,0.061220320159313724,0.9921354312929475,0.15819388308440427,0.6585588120095301,499.9999999999634
312,80.17074784808088,12.98368666906216,36.33629306,44.204575100000056,40.52702433875001,1.2682968214531816,-0.0026130652986466885,0.8393654227256775,0.4028866038602941,0.21919079120927934,-0.3734208345413208,0.31712207198143005,-0.02645357318952972,0.11642546074097931,9.0,0.0325962873408662,899.8107318451089,1653.9015793057429,0.00665708529392805,1.0264535731895297,0.4028866038602941,0.08077165545762155,0.10908963501104345,0.09209884727899031,0.0
313,80.17535848098774,12.98368666906216,36.42174355999998,44.146468760000005,41.12056602500002,1.7888251159557658,-0.017648521810770035,0.8405984044075012,0.3961138446514423,0.22270292443728906,-0.3485073447227478,0.27526262402534485,-0.007294588088989258,0.12282047625140168,8.0,0.012687132926088831,394.00255999534653,3477.433862518037,0.01399694765180267,1.0072945880889892,0.3961138446514423,0.031437958523771604,0.2293679355432843,0.11060994933157668,499.9999999999634
314,80.1799691138946,12.98368666906216,39.96281227999998,43.934551520000014,41.839958705000015,0.9927406101943981,-0.03617216274142265,0.7864626049995422,0.27730609968596814,0.1845491278058091,-0.3474380075931549,0.28406980633735657,0.028865248736213236,0.09832867860829986,159.0,0.18776647690295337,293.3907881545964,6030.4871936205745,0.024273190203207135,0.9711347512637868,0.27730609968596814,0.4652741283171479,0.3977646887349797,0.43827035248428065,707.2013976351244
315,80.18457974680146,12.98368666906216,40.26359804000003,43.80466676000003,41.71698538250001,0.7211929778615277,-0.015199035406112671,0.7234135866165161,0.19633803423713236,0.12589539991569965,-0.21297518908977509,0.24868957698345184,0.06150687423406863,0.0737584745150901,380.0,0.31498548213919714,205.9360987764593,12196.505771013894,0.04909190499691499,0.9384931257659314,0.19633803423713236,0.7805152338807416,0.8044688871562109,0.7900966951909294,1118.2733419287088
316,80.18919037970832,12.98368666906216,38.07264722000002,42.15376309999999,40.56934467625002,0.7553720908865766,-0.11735061556100845,0.7025145888328552,0.1946167696439303,0.13159056501162092,-0.3358490467071533,0.5620542168617249,0.05681512099045974,0.09197977276557623,383.0,0.4265966041006234,276.7223011495055,10934.779512718374,0.044013356536620404,0.9431848790095403,0.1946167696439303,1.0,0.7212467300922548,0.8884986920369019,1581.5196335657522
317,80.19380101261518,12.98368666906216,38.35634288000006,42.55708946000004,40.543787716250016,1.1075326611996583,-0.018427519127726555,0.7299513220787048,0.22764760933670344,0.12945964280382094,-0.2276429831981659,0.3131636083126068,0.04484503054151348,0.07975883240671862,306.0,0.30067770202314315,244.12111026247038,10571.413313379458,0.042550778707203835,0.9551549694584865,0.22764760933670344,0.745061408302009,0.6972794719692703,0.7259486337689135,1999.9999999998536
318,80.19841164552204,12.98368666906216,38.790431420000004,43.01852216000003,40.67325779000002,1.3284416735715447,0.0027493126690387726,0.7396703958511353,0.20169845281862744,0.12115724631579744,-0.31008902192115784,0.3916732966899872,0.06586581959443934,0.08461391374890274,407.0,0.28588729863966317,174.5122798799988,13018.504734509717,0.05240051615007029,0.9341341804055606,0.20169845281862744,0.7084116710581004,0.8586870873376611,0.7685218375699248,2061.5852678985952
319,80.2030222784289,12.98368666906216,41.15911928000003,43.3158899,41.86161035375002,0.33863520031232297,-0.006592146586626768,0.6467636823654175,0.19182773296649638,0.10997459642563247,-0.18590785562992096,0.28990694880485535,0.05810978816105769,0.07617343886629549,507.0,0.311626089806206,152.70434394173964,13545.042703889249,0.05451987332132506,0.9418902118389423,0.19182773296649638,0.7721908600884185,0.8934169863943997,0.820681310610811,2121.6041929053727
320,80.20763291133576,12.98368666906216,39.98673842000005,42.21528746000001,41.095810512500016,0.46741381540408844,0.00474881287664175,0.6807817816734314,0.22380237055759805,0.12854327679705027,-0.21389396488666534,0.2378191500902176,0.028896933162913602,0.07536705068394954,463.0,0.31337609578237496,168.15524381762546,12226.017229976378,0.04921069096454433,0.9711030668370864,0.22380237055759805,0.7765272704985295,0.8064154324205381,0.788482535267333,1802.9240880492193
321,80.21224354424263,12.98368666906216,40.55412974000001,42.67672016000006,41.69768362250002,0.5952627690814913,0.004544239491224289,0.5839935541152954,0.1741927921070772,0.10248767325391948,-0.2051105946302414,0.29819878935813904,0.06686460607192096,0.07131324322002727,659.0,0.36478872521161904,137.52496171982853,13509.006072685148,0.05437482301686122,0.9331353939280791,0.1741927921070772,0.9039246991382944,0.8910400475279813,0.898770838494169,1414.4027952702488
322,80.21685417714949,12.98368666906216,41.35052840000003,44.06785430000002,42.56028128750001,0.637374708006557,-0.019960733130574226,0.7006406784057617,0.15806556114783654,0.11016783766344203,-0.40078338980674744,0.297518789768219,0.0804920666034405,0.0841630018786149,563.0,0.34208400205099637,150.95583683607737,11688.866476299907,0.047048616493085726,0.9195079333965595,0.15806556114783654,0.8476637496254547,0.7709855251046078,0.8169924598171159,1118.0938318481876
323,80.22146481005635,12.98368666906216,40.48918736000002,43.38083228000005,42.14554477250002,0.608738481784783,-0.03314121067523956,0.8118745684623718,0.21544268439797795,0.14871834889518307,-0.34633180499076843,0.30500125885009766,0.0562770050647212,0.09483153716922611,354.0,0.25152368346885057,176.52294444708616,9990.947669790123,0.04021435836156808,0.9437229949352788,0.21544268439797795,0.6232606826700648,0.6589925593815261,0.6375534333546493,707.2013976351244
324,80.22607544296321,12.98368666906216,40.12687724,42.57759758000003,41.36506755125002,0.5716247172167728,-0.0055974689312279224,0.7411664724349976,0.2448108149509804,0.14252559211427965,-0.2311977744102478,0.25100770592689514,0.03829074336033241,0.07620684115678174,311.0,0.2037298691890378,162.7495730101268,10857.783970957822,0.043703443362121015,0.9617092566396676,0.2448108149509804,0.5048304620855629,0.7161681839119785,0.5893655508161291,499.9999999999634
325,80.23068607587007,12.98368666906216,37.99745078000001,43.274873660000026,41.39150903562501,1.315960557020321,-0.026965264230966568,0.7940122485160828,0.26030935434194713,0.18485413655312496,-0.31519684195518494,0.30700117349624634,0.03857076204740084,0.10240317571709873,254.0,0.16389645137258022,160.31028063547907,10738.142975502755,0.043221878847424094,0.9614292379525992,0.26030935434194713,0.40612562904966365,0.7082767877794287,0.5269860925415697,499.9999999999634
326,80.23529670877693,12.98368666906216,36.51744812000004,43.685036060000016,39.60013773875002,2.1962294798762048,0.013996889814734459,0.8552589416503906,0.42629126455269606,0.25118474678790326,-0.392578125,0.2534151077270508,-0.05782507204541973,0.1398959053568733,188.0,0.12551009497546353,165.86179055006136,6681.421044375495,0.02689325068286369,1.0578250720454196,0.42629126455269606,0.31100652788459876,0.4406996112743216,0.36288376124048793,0.0
327,80.23990734168379,12.98368666906216,38.48964566000001,44.259263420000025,42.029960405000026,1.3554397129185085,0.00856793113052845,0.7828401923179626,0.2612006931678922,0.1957797315194367,-0.29368603229522705,0.5755924582481384,0.042377412085439645,0.10698192890945836,217.0,0.08837459405645413,101.17966533136583,12254.917569508809,0.04932701712790142,0.9576225879145603,0.2612006931678922,0.21898697197290679,0.8083216688802745,0.4547208507358539,499.9999999999634
328,80.24451797459065,12.98368666906216,40.20549170000004,44.01658400000002,41.988051961250015,0.9162730075364327,-0.21250610053539276,0.8159871697425842,0.2806427471454327,0.19976604251504604,-0.3053184449672699,0.5251840949058533,0.030515896723820612,0.10446138902304125,56.0,0.20602017374664414,914.0022453091276,3781.2837526159888,0.015219967606703383,0.9694841032761794,0.2806427471454327,0.5105057001482755,0.24940955955748062,0.40606724391195753,499.9999999999634
329,80.24912860749751,12.98368666906216,39.750895040000046,44.24900936000006,42.183984931250016,0.8787589797688357,-0.0844106450676918,0.7887735962867737,0.198729248046875,0.19905834448725881,-0.28423476219177246,0.5644144415855408,0.07524825750612744,0.11143108560048721,33.0,0.1557322254988632,1172.4385524420104,0.0,0.0,0.9247517424938726,0.198729248046875,0.3858951643818876,0.0,0.23153709862913255,707.2013976351244
330,80.25373924040437,12.98368666906216,38.164933760000054,42.864711260000036,41.22985470125002,0.8848033607843803,-0.00953984260559082,0.8300129175186157,0.3118069996553309,0.20026422362485383,-0.40741485357284546,0.3978399932384491,0.010792159286199832,0.10787750315869653,184.0,0.1571521817887876,212.19157302521592,8713.937225944312,0.035074289839783966,0.9892078407138002,0.3118069996553309,0.3894137313590189,0.5747622732704821,0.46355314812360415,1118.2733419287088
331,80.25834987331123,12.98368666906216,38.25380228000006,44.143050740000035,41.09405123750002,1.685928360787659,-0.010927255265414715,0.8495731353759766,0.3100321608323317,0.2103708594653894,-0.3731701076030731,0.31771743297576904,0.012981715569129358,0.1163522655744899,186.0,0.21751101889529748,290.5319232839771,8164.765688541351,0.03286383075852247,0.9870182844308707,0.3100321608323317,0.5389793289256333,0.5385394875114344,0.5388033923599538,707.2013976351244
332,80.26296050621809,12.98368666906216,37.71717314,44.00974796000003,41.452490952500014,1.4074273115189355,-0.2541254162788391,0.8234350085258484,0.29059409945618875,0.18972915437036725,-0.3607918918132782,0.5337103009223938,0.023956430472579657,0.11521644171621269,196.0,0.1932993080676273,245.01900313590733,7959.973374461672,0.03203952541930053,0.9760435695274203,0.29059409945618875,0.4789841538751186,0.525031598604649,0.49740313176693074,499.9999999999634
333,80.26757113912495,12.98368666906216,32.679011660000015,46.962917240000024,42.286249073750014,2.7794637550220322,-0.3638288974761963,0.8195540308952332,0.18057715322457107,0.2299367527685133,-0.45331069827079773,0.3021925687789917,0.014870560589958639,0.10855270401068547,92.0,0.12171648536929482,328.69047314052693,7355.900242531161,0.02960808305698069,0.9851294394100414,0.18057715322457107,0.30160618959312635,0.48518756053925244,0.37503873797157683,707.2013976351244
334,80.27218177203181,12.98368666906216,30.658961840000018,38.95107836,31.41181634937502,1.0073012374500998,-0.3524019122123718,-0.05890505760908127,-0.18311856783353364,0.046306579982303295,-0.23408423364162445,0.14002828299999237,-0.002663245934706468,0.03879829019524436,0.0,0.0,0.0,0.0,0.0,1.0026632459347065,0.0,0.0,0.0,0.0,1118.2733419287088
335,80.27679240493867,12.98368666906216,30.337667960000033,30.96316562000004,30.67145269250002,0.19053213132309824,-0.20711743831634521,0.002509410260245204,-0.09272080365349265,0.02800178610405144,-0.17028270661830902,0.048676345497369766,-0.061755772010952815,0.030599522327235704,0.0,0.0,0.0,0.0,0.0,1.0617557720109527,0.0,0.0,0.0,0.0,1581.5196335657522
336,80.28140303784554,12.98368666906216,30.194111120000002,30.682887980000032,30.47328293000002,0.09768689477772365,-0.16516517102718353,-0.007046764716506004,-0.07374636780981925,0.02097301290445082,-0.1679029017686844,0.004940014332532883,-0.07574321672028186,0.028280930777380767,0.0,0.0,0.0,0.0,0.0,1.0757432167202818,0.0,0.0,0.0,0.0,2062.0720329498
337,80.2860136707524,12.98368666906216,29.889907340000036,30.40944638000002,30.158938186250026,0.13945059215118183,-0.16416116058826447,0.015780245885252953,-0.0641934383616728,0.021724213863185335,-0.15466666221618652,0.03482586890459061,-0.05912927365770527,0.026129093921152178,0.0,0.0,0.0,0.0,0.0,1.0591292736577054,0.0,0.0,0.0,0.0,2550.1657633235745
338,80.29062430365926,12.98368666906216,30.026628140000014,30.515404999999987,30.231897833750022,0.11387214794410981,-0.1596091240644455,0.0026702270843088627,-0.06922630310058593,0.022315590504046617,-0.14763636887073517,0.059659089893102646,-0.040603373600886415,0.032598128026801565,0.0,0.0,0.0,0.0,0.0,1.0406033736008864,0.0,0.0,0.0,0.0,3042.1731386323027
339,80.29523493656612,12.98368666906216,30.067644380000047,30.58376540000006,30.44200553375002,0.08284728683314638,-0.16857142746448517,0.012363635934889317,-0.06715034036075368,0.026340469127680476,-0.14746882021427155,0.08049310743808746,-0.040683716418696385,0.03038199434415212,0.0,0.0,0.0,0.0,0.0,1.0406837164186964,0.0,0.0,0.0,0.0,3536.0069881756217
340,80.29984556947298,12.98368666906216,29.96510378000005,30.518823020000013,30.28460068625002,0.13154020073581035,-0.16011236608028412,0.028301887214183807,-0.06749519497740503,0.02710558156831242,-0.1412186324596405,0.12308929860591888,-0.03618150299670649,0.034890050894609205,0.0,0.0,0.0,0.0,0.0,1.0361815029967065,0.0,0.0,0.0,0.0,3905.7415948082175
341,80.30445620237984,12.98368666906216,29.896743380000032,30.26247152000002,30.055982900000025,0.06468255977437297,-0.1646471917629242,0.041369471698999405,-0.060606155395507816,0.029976608882225392,-0.13746222853660583,0.09871244430541992,-0.028935919541579026,0.0344037032748351,0.0,0.0,0.0,0.0,0.0,1.028935919541579,0.0,0.0,0.0,0.0,4301.924804554057
342,80.3090668352867,12.98368666906216,29.86598120000002,30.190693100000033,30.010920327500017,0.07522371372829381,-0.16833001375198364,0.04439428076148033,-0.059168042949601714,0.029860689363488666,-0.1471801996231079,0.09531772881746292,-0.022828135770909926,0.033247027503782035,0.0,0.0,0.0,0.0,0.0,1.02282813577091,0.0,0.0,0.0,0.0,4717.898290159943
343,80.31367746819356,12.98368666906216,29.466072860000054,29.992447940000034,29.824311515000016,0.11154983611747572,-0.17195767164230347,0.04575163498520851,-0.061637950224034926,0.030375992445609224,-0.1502516120672226,0.07739938050508499,-0.02379323024375766,0.032855749049988406,0.0,0.0,0.0,0.0,0.0,1.0237932302437576,0.0,0.0,0.0,0.0,5148.867755359908
344,80.31828810110042,12.98368666906216,28.994386100000042,29.99928398000003,29.67701691375002,0.24423938171508258,-0.15454545617103577,0.0478292852640152,-0.057391498272235573,0.031082083457742948,-0.13606911897659302,0.1344410926103592,-0.004994214131281926,0.039375092429045806,0.0,0.0,0.0,0.0,0.0,1.004994214131282,0.0,0.0,0.0,0.0,5591.366709643544
345,80.32289873400728,12.98368666906216,28.799558960000013,29.913833479999994,29.12814126500002,0.28578059990405386,-0.15856236219406128,0.04866346716880798,-0.057091064453125,0.031069300291400374,-0.14222873747348785,0.11257189512252808,-0.014019818773456648,0.030985001768002795,0.0,0.0,0.0,0.0,0.0,1.0140198187734566,0.0,0.0,0.0,0.0,6042.862884003689
346,80.32750936691414,12.98368666906216,28.84057519999999,29.657481980000057,29.364763752500018,0.2349234017642626,-0.16129031777381897,0.0627107247710228,-0.05295984604779412,0.031927798756332816,-0.13946586847305298,0.1032826229929924,-0.019934524835324756,0.03377242954515315,0.0,0.0,0.0,0.0,0.0,1.0199345248353247,0.0,0.0,0.0,0.0,6501.48210961646
347,80.332119999821,12.98368666906216,28.758542720000037,29.657481980000057,29.22289079000002,0.24066632143439873,-0.16152717173099518,0.0628930851817131,-0.05121422400841346,0.032346419183469234,-0.1074870303273201,0.12152501940727234,-0.01680044907789964,0.030140264254918506,0.0,0.0,0.0,0.0,0.0,1.0168004490778997,0.0,0.0,0.0,0.0,6965.8176147592785
348,80.33673063272786,12.98368666906216,28.843993220000016,29.45923682,29.09010322625002,0.16239258591968303,-0.16239316761493683,0.07203389704227448,-0.049037963268803615,0.0356785389719301,-0.14038877189159393,0.1782178282737732,0.0017806520649031098,0.044406320377339756,0.0,0.0,0.0,0.0,0.0,0.9982193479350969,0.0,0.0,0.0,0.0,7434.798456996168
349,80.34134126563472,12.98368666906216,28.898681539999984,29.469490880000023,29.131559285000016,0.12978174787421276,-0.15851852297782898,0.0920770913362503,-0.03814953074735754,0.035267220975212045,-0.09405256062746048,0.16124260425567627,0.03780745861577053,0.038104506367417086,0.0,0.0,0.0,0.0,0.0,0.9621925413842295,0.0,0.0,0.0,0.0,7907.598167828762
350,80.34595189854159,12.98368666906216,28.80639500000001,29.31226196,28.98099047750002,0.08046404102722648,-0.16572238504886627,0.08606557548046112,-0.03796170161320613,0.03716129845180683,-0.09527073055505753,0.15345454216003418,0.036533179649939906,0.037678000987426644,0.0,0.0,0.0,0.0,0.0,0.96346682035006,0.0,0.0,0.0,0.0,8383.570665604197
351,80.35056253144845,12.98368666906216,0.0,29.322516020000023,11.949370249705892,14.282480724503305,-0.17881810665130615,0.08150248229503632,-0.015214882644952512,0.02905783041369003,-0.08817204087972641,0.18584071099758148,0.009324620564778646,0.028049722687417563,0.0,0.0,0.0,0.0,0.0,0.9906753794352213,0.0,0.0,0.0,0.0,8862.204751648645
352,80.15230531645344,12.988178224937116,37.132691720000025,44.92919533999998,40.84131438235296,1.6740753518606555,0.0058207218535244465,0.8265249133110046,0.34299823835784315,0.19023250064101668,-0.4360554814338684,0.2708907127380371,0.03057145361806832,0.11762762524038604,1.0,0.014975706714380668,3720.599014815852,0.0,0.0,0.9694285463819317,0.34299823835784315,0.03710890784337408,0.0,0.02226534470602445,499.9999999999634
353,80.1569159493603,12.988178224937116,35.96031086000005,47.50980044000005,42.13227333411766,2.9419337549853997,-0.026981450617313385,0.8365018963813782,0.38444110945159315,0.2142171851042001,-0.404235303401947,0.3664429485797882,0.04000681858436734,0.1662433659151738,0.0,0.0,0.0,0.0,0.0,0.9599931814156326,0.38444110945159315,0.0,0.0,0.0,499.9999999999634
354,80.16152658226716,12.988178224937116,41.17279136000002,49.208556380000005,46.48653513764708,1.3945228767085684,-0.05328376591205597,0.6524839401245117,0.20906200702373798,0.1219030482410962,-0.13948532938957214,0.4091552495956421,0.18298391488882212,0.06400495628233797,0.0,0.0,0.0,0.0,0.0,0.8170160851111778,0.20906200702373798,0.0,0.0,0.0,499.9999999999634
355,80.16613721517402,12.988178224937116,45.732430040000054,50.40828140000002,48.3038809964706,0.8615389110150886,-0.01769087463617325,0.4711785316467285,0.14863277659696691,0.1092254183133123,-0.14576654136180878,0.402270644903183,0.16387137618719363,0.07765790511181943,0.0,0.0,0.0,0.0,0.0,0.8361286238128064,0.14863277659696691,0.0,0.0,0.0,707.1950036008798
356,80.17074784808088,12.988178224937116,40.478933299999994,49.14703201999998,45.24980325058825,2.8601560067661027,-0.040369801223278046,0.7923387289047241,0.22545458026960785,0.15578755490169122,-0.2350279539823532,0.4291973114013672,0.11615771723728555,0.1159792540288024,13.0,0.09000567833531457,1720.0936696960669,1669.74509230146,0.00672085669283573,0.8838422827627145,0.22545458026960785,0.2230287015115125,0.1101346567170636,0.17787108359373294,499.9999999999634
357,80.17535848098774,12.988178224937116,39.33731462000003,49.16412212,44.30535346823531,2.614944358899081,-0.039336591958999634,0.7383924126625061,0.16194171612079328,0.15381679073077584,-0.2902269661426544,0.39191392064094543,0.08787853534405048,0.10266130302172642,24.0,0.24000697420043898,2484.495191640378,3422.633835529093,0.013776373188158893,0.9121214646559496,0.16194171612079328,0.5947229641469032,0.22575338252657537,0.44713513149877204,707.1950036008798
358,80.1799691138946,12.988178224937116,39.03652886000003,45.715339940000035,41.38962865647061,1.4611040463312759,-0.03520841896533966,0.8034999370574951,0.33609848920036767,0.2210073404660981,-0.3354122042655945,0.26566293835639954,-0.00792501262589997,0.10753019724643485,92.0,0.11724155321286774,316.6060988398307,1767.5898720481723,0.007114689707139331,1.0079250126259,0.33609848920036767,0.29051757466727834,0.11658839703865234,0.22094590361582794,1118.0897875921855
359,80.18457974680146,12.988178224937116,38.28456446000001,43.67820002000002,41.44146665529414,1.0992023023996367,-0.020953379571437836,0.7638962268829346,0.24003776999080884,0.18344214709976697,-0.22133229672908783,0.28762805461883545,0.050596391266467526,0.09274797061518382,273.0,0.21369215731299454,194.4694907593975,11041.26306057277,0.044441961279089025,0.9494036087335325,0.24003776999080884,0.529516417743739,0.7282702746099359,0.6090179604902177,1414.3900072017595
360,80.18919037970832,12.988178224937116,39.019438760000014,43.60983962,41.262374760000014,1.0804641147383116,-0.01813945733010769,0.6187773942947388,0.1596850116436298,0.10606807820868998,-0.2084912806749344,0.2591210603713989,0.06757003197303185,0.07371279346104972,391.0,0.3242849776994836,206.05142096552382,12357.700962784995,0.04974072845413773,0.9324299680269681,0.1596850116436298,0.8035588291058774,0.8151011550347059,0.8081757594774088,1581.1782863161748
361,80.19380101261518,12.988178224937116,39.14248748,42.35200826000005,40.63123033647061,0.984757835248413,-0.02130759507417679,0.6792713403701782,0.18341837565104166,0.11760040547379805,-0.18039661645889282,0.29340100288391113,0.04893390131931679,0.07663339507323272,363.0,0.30847301432423696,211.12326461375022,12535.438325375095,0.05045613546352991,0.9510660986806833,0.18341837565104166,0.7643777271448338,0.8268245273655543,0.789356447233122,1499.9999999998902
362,80.19841164552204,12.988178224937116,38.42128525999999,43.76023250000003,41.80419072235296,1.198291748749511,-0.02052135393023491,0.7691056728363037,0.2231616450291054,0.14447416049099615,-0.5894796848297119,0.3807223439216614,0.03729834463082108,0.104499312922608,411.0,0.27353683000092033,165.34822160815273,10937.316596736428,0.044023568501417684,0.962701655369179,0.2231616450291054,0.6778079465542353,0.7214140735260991,0.6952503973429809,1581.1782863161748
363,80.2030222784289,12.988178224937116,41.48041316000001,43.69529011999998,42.410540374117666,0.40172822044767076,-0.016398563981056213,0.7798500061035156,0.19810532789963942,0.12018359542610182,-0.3056732714176178,0.2975117266178131,0.06611584003155048,0.08088574713169433,446.0,0.3077933255896954,171.45489153036817,11731.922412224809,0.047221920056882,0.9338841599684495,0.19810532789963942,0.7626934990083372,0.7738254500396079,0.7671462794208455,1802.9140557641704
364,80.20763291133576,12.988178224937116,35.72104946000002,43.45944674000003,40.75471665764708,1.5212144637391434,-0.00016889038670342416,0.8795490860939026,0.3161441578584559,0.24673958371844026,-0.5864850282669067,0.474703311920166,-0.025904199936810663,0.18191024115799817,261.0,0.16832862308864174,160.22969431010654,10877.819771787345,0.04378408905272509,1.0259041999368106,0.3161441578584559,0.4171082861552144,0.7174897245810212,0.5372608615255371,1414.3900072017595
365,80.21224354424263,12.988178224937116,33.74543390000002,42.51265520000004,38.334391858823544,2.824765037782995,-0.06887417286634445,0.8695539236068726,0.19420334759880514,0.20583724903156503,-0.6217176914215088,0.44274193048477173,-0.0010001837038526348,0.1297762414433198,248.0,0.16375712910557177,164.04918442340892,7215.479728543985,0.029042879328822793,1.0010001837038527,0.19420334759880514,0.40578039678346406,0.4759255688883621,0.4338384656254233,1118.0897875921855
366,80.21685417714949,12.988178224937116,33.93342500000006,44.31395173999999,40.70313885411767,2.532401867482861,-0.14312267303466797,0.8486554026603699,0.19812643197866586,0.17381446328159517,-0.5448028445243835,0.5455543398857117,0.042933226365309496,0.11794915452136952,234.0,0.15252362033638703,161.93726062133484,9603.811502493223,0.03865610452209736,0.9570667736346905,0.19812643197866586,0.37794443220269996,0.6334574587936659,0.48014964283908634,707.1950036008798
367,80.22146481005635,12.988178224937116,35.04769952000004,45.08984228000003,41.68297519647061,1.5873183388770395,-0.020702069625258446,0.8263665437698364,0.2716757381663603,0.18292947904144422,-0.5066041946411133,0.32438477873802185,0.02556330961339614,0.11033006147413248,150.0,0.11690821267063785,193.63296801593637,7936.925655063453,0.03194675651709725,0.9744366903866039,0.2716757381663603,0.28969157668948736,0.5235113949066489,0.38321950397635196,499.9999999999634
368,80.22607544296321,12.988178224937116,33.68732756000003,43.06979246000003,38.81975069882355,2.3305919182610686,-0.0859728530049324,0.8142154812812805,0.4590463196997549,0.22688684737564319,-0.4488256871700287,0.3977968096733093,-0.06196733661726409,0.12863409696676673,49.0,0.07277121391436858,368.9683210671479,2602.5643763520625,0.010475528443226382,1.0619673366172642,0.4590463196997549,0.1803227268203379,0.17166245045135534,0.17685861627274488,0.0
369,80.23068607587007,12.988178224937116,36.30553087999999,42.12300091999998,38.66092644000002,1.2283598375834572,-0.014767133630812168,0.8124635815620422,0.4368719482421875,0.2222862330279288,-0.3439789414405823,0.27603474259376526,-0.06605777447040265,0.1212901878264013,88.0,0.19963206421532456,563.6028308524384,1986.362942648429,0.007995268702421385,1.0660577744704027,0.4368719482421875,0.4946763458204773,0.13101844216385589,0.3492131843578287,0.0
370,80.23529670877693,12.988178224937116,35.608254800000054,39.32706056000001,37.244906854117666,0.8591759545486894,-0.4111212491989136,0.8448944687843323,0.5666744695925245,0.18367993448766426,-0.3776608407497406,0.4237288236618042,-0.12426950492110907,0.09316638073589455,17.0,0.07764253537982158,1134.6876493788457,0.0,0.0,1.124269504921109,0.5666744695925245,0.19239357080684294,0.0,0.11543614248410576,0.0
371,80.23990734168379,12.988178224937116,34.316243240000006,43.00485007999998,38.10964226000002,2.125633686957768,-0.006794317625463009,0.8710819482803345,0.507735476026348,0.24961732878791418,-0.49572205543518066,0.49152541160583496,-0.12957148533241422,0.1726986317099659,33.0,0.09845709741269451,741.2396271767411,1636.10408540458,0.006585448966591125,1.1295714853324141,0.507735476026348,0.24397081380508887,0.10791573074849108,0.18954878058244973,0.0
372,80.24451797459065,12.988178224937116,37.43347748000002,42.786096799999996,40.0658969247059,1.2492273905752016,0.007189318537712097,0.8399999737739563,0.444473876953125,0.2181871117365272,-0.37582337856292725,0.34005969762802124,-0.03939302004300631,0.12194687010835366,31.0,0.07190634340778246,576.2766875724334,1081.899787573473,0.004354732624647807,1.0393930200430064,0.444473876953125,0.1781796292999693,0.0713609893246843,0.13545217330985532,0.0
373,80.24912860749751,12.988178224937116,39.15615955999999,43.31247188000003,41.0243499447059,0.9976360316709244,-0.03484513238072395,0.8520125150680542,0.36916475183823527,0.23472408842530063,-0.3598601520061493,0.39379316568374634,-0.0014053658878102023,0.12719293228395698,22.0,0.16305484707079737,1841.3509624223652,1964.7759141059792,0.007908379196995148,1.0014053658878102,0.36916475183823527,0.4040401837968225,0.1295945841216758,0.2942619439267638,500.1247575536378
374,80.25373924040437,12.988178224937116,40.19181962000005,44.765130380000016,42.02243543882355,0.9774782988780711,-0.00936454813927412,0.815670371055603,0.23690053902420344,0.16321965008269837,-0.32067930698394775,0.3107665479183197,0.049698893229166666,0.09660373208162826,193.0,0.17088165945585085,219.97011627494885,10699.784188216825,0.04306748168018681,0.9503011067708333,0.23690053902420344,0.4234345579685218,0.7057466819032102,0.5363594075423972,1000.2495151072756
375,80.25834987331123,12.988178224937116,40.40031884000001,45.30175952000002,42.04786361529413,1.1920470964141874,-0.026810912415385246,0.8264366388320923,0.23869215745192307,0.16895367781317475,-0.27054545283317566,0.36284083127975464,0.05173899723933293,0.10106516607760588,194.0,0.22803265203970083,292.0255487894655,9954.936964480461,0.04006941241088971,0.948261002760667,0.23869215745192307,0.5650513081760363,0.6566173305602498,0.6016777171297217,500.1247575536378
376,80.26296050621809,12.988178224937116,35.91929462000002,43.852519040000004,39.94613612705884,2.19121001985887,0.0021949077490717173,0.8652012944221497,0.45992532169117645,0.2504808282915841,-0.3854297995567322,0.2876824140548706,-0.04880994609757966,0.13855911352347822,98.0,0.13046463470495664,330.74422313726143,3623.5562525629284,0.014585101884226702,1.0488099460975797,0.45992532169117645,0.3232835817649037,0.23900601703277038,0.28957255587205033,0.0
377,80.26757113912495,12.988178224937116,37.60096046000001,48.62065694,42.98617515411767,3.3485029424533583,-0.06450796872377396,0.8683217763900757,0.3886432961856618,0.22883590636500253,-0.4011102616786957,0.34846460819244385,0.009331874473422182,0.16052967953824557,79.0,0.07550615045490233,237.45470450357953,3756.230610789447,0.015119126719853165,0.9906681255265778,0.3886432961856618,0.18709973641165725,0.24775708027338403,0.21136267395634795,500.1247575536378
378,80.27218177203181,12.988178224937116,30.720486199999982,47.04836774,33.508663410000025,4.077938829417734,-0.386887788772583,0.5705744028091431,-0.1558343740609976,0.11729494858113772,-0.3244647681713104,0.26523977518081665,0.0010100758992708646,0.06170930938324396,0.0,0.0,0.0,0.0,0.0,0.9989899241007292,0.0,0.0,0.0,0.0,1000.2495151072756
379,80.27679240493867,12.988178224937116,30.341085980000003,31.014435919999983,30.757433931764723,0.16166981089782032,-0.24286708235740662,0.007389162667095661,-0.09850107230392156,0.03287601051156285,-0.15390121936798096,0.09709543734788895,-0.04760902255189185,0.03793730978256487,0.0,0.0,0.0,0.0,0.0,1.047609022551892,0.0,0.0,0.0,0.0,1500.3742726609134
380,80.28140303784554,12.988178224937116,30.22829132000004,30.727322240000035,30.4522130247059,0.09023455595156928,-0.15982311964035034,0.009912536479532719,-0.07010478898590686,0.022068851918866154,-0.1678321659564972,0.05385735258460045,-0.07295245002297794,0.029154431955867456,0.0,0.0,0.0,0.0,0.0,1.072952450022978,0.0,0.0,0.0,0.0,2000.499030214551
381,80.2860136707524,12.988178224937116,29.941177639999978,30.457298659999992,30.208670229411783,0.13189467595474108,-0.1472868174314499,0.020215634256601334,-0.06422645718443627,0.024200733013907398,-0.15266618132591248,0.041033435612916946,-0.056570087507659315,0.0330587099165866,0.0,0.0,0.0,0.0,0.0,1.0565700875076594,0.0,0.0,0.0,0.0,2500.2245815250635
382,80.29062430365926,12.988178224937116,29.910415460000024,30.488060840000003,30.20554788588237,0.13057100151953796,-0.1503184735774994,0.026151930913329124,-0.06620579646183894,0.02350032297202349,-0.14442916214466095,0.05563909932971001,-0.03744913541353666,0.03361094599214395,0.0,0.0,0.0,0.0,0.0,1.0374491354135367,0.0,0.0,0.0,0.0,2828.780014403519
383,80.29523493656612,12.988178224937116,30.01637407999999,30.55300322000005,30.380399123529436,0.10564095911657359,-0.17549896240234375,0.015492958016693592,-0.06726229200176165,0.02477899938950721,-0.11840000003576279,0.11798561364412308,-0.025174778956992952,0.036100897332039604,0.0,0.0,0.0,0.0,0.0,1.025174778956993,0.0,0.0,0.0,0.0,3202.049238839331
384,80.29984556947298,12.988178224937116,29.883071299999983,30.320577860000014,30.11858352235296,0.09220465323902492,-0.1566433608531952,0.04109589010477066,-0.06587262920304841,0.02601176376092807,-0.13540197908878326,0.09488054364919662,-0.022340819414924173,0.03760473696851708,0.0,0.0,0.0,0.0,0.0,1.0223408194149242,0.0,0.0,0.0,0.0,3606.174126723566
385,80.30445620237984,12.988178224937116,29.811292879999996,30.16334893999999,29.991312542352958,0.09167544749046978,-0.15942029654979706,0.07236388325691223,-0.059301769550030047,0.02945148743754875,-0.14415094256401062,0.12257099896669388,-0.0029195866217980016,0.0413827632016284,0.0,0.0,0.0,0.0,0.0,1.002919586621798,0.0,0.0,0.0,0.0,4031.8871366626295
386,80.3090668352867,12.988178224937116,29.811292879999996,30.098406560000058,29.9685099729412,0.0713474084967606,-0.18370264768600464,0.05454545468091965,-0.05452354281556373,0.03100492261922148,-0.09801233559846878,0.13562895357608795,0.02306689692478554,0.03573268646541102,0.0,0.0,0.0,0.0,0.0,0.9769331030752144,0.0,0.0,0.0,0.0,4473.028669655142
387,80.31367746819356,12.988178224937116,29.50708910000003,30.060808339999994,29.741714292941197,0.11738465691760633,-0.16350364685058594,0.07042253762483597,-0.05380534452550551,0.03113756136592406,-0.12553495168685913,0.11510791629552841,-0.015097289739870557,0.03734732192211742,0.0,0.0,0.0,0.0,0.0,1.0150972897398705,0.0,0.0,0.0,0.0,4925.454966047736
388,80.31828810110042,12.988178224937116,28.994386100000042,29.889907340000036,29.499739240000018,0.25303361922474427,-0.17995765805244446,0.043664995580911636,-0.05659395658052885,0.03121641180333159,-0.1349693238735199,0.10764430463314056,-0.016770533048189602,0.03350683305904715,0.0,0.0,0.0,0.0,0.0,1.0167705330481895,0.0,0.0,0.0,0.0,5386.323171868535
389,80.32289873400728,12.988178224937116,29.48999900000001,29.91725150000002,29.771459345882374,0.0865636033315479,-0.15875370800495148,0.05457025766372681,-0.05612384272556679,0.03100842021954436,-0.13561847805976868,0.10857142508029938,-0.025630442301432292,0.03511905900074268,0.0,0.0,0.0,0.0,0.0,1.0256304423014322,0.0,0.0,0.0,0.0,5853.639683759814
390,80.32750936691414,12.988178224937116,28.990968080000016,29.71900634000002,29.359049804705904,0.22245814592775542,-0.16747741401195526,0.05216752365231514,-0.055724409514782476,0.032567528567426965,-0.1377633661031723,0.11144130676984787,-0.016305163514380362,0.037154438816754794,0.0,0.0,0.0,0.0,0.0,1.0163051635143803,0.0,0.0,0.0,0.0,6325.975602940914
391,80.332119999821,12.988178224937116,28.796140939999987,29.647227919999978,29.204990536470614,0.1916769809081901,-0.1606145203113556,0.10724637657403946,-0.04561011094313402,0.03277657002869987,-0.11532846838235855,0.14828898012638092,0.03547226245586689,0.03929144954901082,0.0,0.0,0.0,0.0,0.0,0.9645277375441331,0.0,0.0,0.0,0.0,6802.2853995518135
392,80.33673063272786,12.988178224937116,28.898681539999984,29.626719800000046,29.356104867058843,0.15673724466491581,-0.17664232850074768,0.09249817579984665,-0.05786387724034926,0.038141126650382426,-0.14875444769859314,0.16798846423625946,0.0005199204239190793,0.047136747520278015,0.0,0.0,0.0,0.0,0.0,0.9994800795760809,0.0,0.0,0.0,0.0,7281.789308346134
393,80.34134126563472,12.988178224937116,28.977296000000024,29.746350500000005,29.455369371764725,0.20312225226052458,-0.16462233662605286,0.07556860148906708,-0.04044201719994638,0.03486453657065138,-0.10998553037643433,0.1571856290102005,0.03094597909964767,0.043608972760900575,0.0,0.0,0.0,0.0,0.0,0.9690540209003523,0.0,0.0,0.0,0.0,7763.895539712557
394,80.34595189854159,12.988178224937116,28.994386100000042,29.749768520000032,29.450165465882367,0.14374895718098604,-0.18758434057235718,0.11999999731779099,-0.03654080317570613,0.03678333002455254,-0.07874015718698502,0.17410072684288025,0.04514133746807392,0.03850258302827361,0.0,0.0,0.0,0.0,0.0,0.9548586625319261,0.0,0.0,0.0,0.0,8248.147787123431
395,80.35056253144845,12.988178224937116,0.0,29.647227919999978,12.136861656470597,14.506622057081724,-0.16242937743663788,0.05513954907655716,-0.014602544447954963,0.028404538395843667,-0.1305595338344574,0.14580467343330383,0.003705884148092831,0.03107386920619421,0.0,0.0,0.0,0.0,0.0,0.9962941158519072,0.0,0.0,0.0,0.0,8734.189111252743
396,80.15230531645344,12.99266978081207,36.32945702000001,43.592749519999984,39.44718799647061,1.5772929270828144,-0.06185567006468773,0.7854363322257996,0.4180328488817402,0.18435690775743205,-0.5118389129638672,0.5144312381744385,-0.023803808174881282,0.1244130832753649,3.0,0.03078136684633991,2549.1311884289457,0.0,0.0,1.0238038081748813,0.4180328488817402,0.07627439074357949,0.0,0.045764634446147694,0.0
397,80.1569159493603,12.99266978081207,35.63559896000004,41.58295376000001,38.46846339764708,0.9344585689642169,0.09169831871986389,0.8332511186599731,0.5562142405790441,0.11722177036371977,-0.4003627896308899,0.3833902180194855,-0.07056708840762868,0.08484085249110423,0.0,0.0,0.0,0.0,0.0,1.0705670884076286,0.5562142405790441,0.0,0.0,0.0,0.0
398,80.16152658226716,12.99266978081207,36.02867126000001,47.27395706000004,42.10204337176472,3.1916538047861702,0.055968690663576126,0.8382384777069092,0.426185302734375,0.20177290902767375,-0.3535173535346985,0.2924862802028656,0.03881009615384615,0.17241854135578813,1.0,0.0005783827009849127,143.6947283031773,0.0,0.0,0.9611899038461539,0.426185302734375,0.0014331978288837995,0.0,0.0008599186973302797,0.0
399,80.16613721517402,12.99266978081207,43.75681448,48.05668364000002,46.24863384941178,0.5412147118795695,-0.0018649757839739323,0.3956989347934723,0.13641211416207108,0.09722986604957347,0.005660682450979948,0.3352981209754944,0.17108781403186274,0.05241946872097841,2.0,0.0077858763852162996,967.1705169177978,0.0,0.0,0.8289121859681372,0.13641211416207108,0.019292937206192,0.0,0.0115757623237152,500.11571311886155
400,80.17074784808088,12.99266978081207,45.64697954000002,48.61382090000001,47.10934805529413,0.6124151186003783,-0.010582010261714458,0.4066615104675293,0.14954275093826594,0.08987100187493599,-0.007538951467722654,0.36342698335647583,0.19659553079044118,0.0587361541436654,0.0,0.0,0.0,0.0,0.0,0.8034044692095588,0.14954275093826594,0.0,0.0,0.0,999.9999999999268
401,80.17535848098774,12.99266978081207,45.165038719999984,49.56061244,47.69930540352943,1.0044616586623576,-0.03208453580737114,0.4529540538787842,0.148217045710637,0.10635002524781605,-0.03966040164232254,0.384917289018631,0.1780553729717548,0.06068806625250732,0.0,0.0,0.0,0.0,0.0,0.8219446270282452,0.148217045710637,0.0,0.0,0.0,1118.0857420199227
402,80.1799691138946,12.99266978081207,39.79874732000002,49.451235800000006,47.11113394117649,2.2193116540433526,-0.051020409911870956,0.7412948608398438,0.12063437069163603,0.1388720918459203,-0.25034815073013306,0.45711183547973633,0.13062091902190565,0.09306025402751344,8.0,0.026308038172934898,817.0036878290271,603.4052639013478,0.0024287541404263103,0.8693790809780944,0.12063437069163603,0.06518974915300234,0.039799986181990224,0.0550338439645975,999.9999999999268
403,80.18457974680146,12.99266978081207,38.65371062000003,49.324769059999994,43.05500863647061,2.687059413307516,-0.03401115536689758,0.8293624520301819,0.29945475260416665,0.19228722582331312,-0.3125837445259094,0.37367916107177734,0.0628424072265625,0.12960186769656734,20.0,0.09144423831201522,1135.9308427413343,2459.985522577167,0.009901637225897476,0.9371575927734375,0.29945475260416665,0.22659336731464874,0.1622580969437389,0.2008592591662848,999.9999999999268
404,80.18919037970832,12.99266978081207,40.58147389999999,45.03515396,42.62419882000002,0.7349802516714428,-0.14237172901630402,0.7979465126991272,0.20250225360576923,0.15511408504088384,-0.31898343563079834,0.3112293481826782,0.05599080599271334,0.08368421266953897,100.0,0.14257132379517923,354.2074754602143,5376.741025759078,0.021641809923698945,0.9440091940072867,0.20250225360576923,0.3532832350905152,0.354644268672369,0.3538276485232567,1118.0857420199227
405,80.19380101261518,12.99266978081207,40.57805588000002,45.54443894000002,42.270803674117666,1.0344067271943793,-0.023361587896943092,0.7217140197753906,0.23092534083946079,0.14569461423566296,-0.24765101075172424,0.254869669675827,0.050582478841145834,0.08101663326688188,203.0,0.17672486993337022,216.28538467667656,10528.840936469878,0.042379421506873155,0.9494175211588541,0.23092534083946079,0.43791368494765026,0.6944714420860362,0.5405367878030046,999.9999999999268
406,80.19841164552204,12.99266978081207,41.34369235999998,44.78905652000003,42.96889582117649,0.9019804410656459,-0.037906136363744736,0.6520270109176636,0.186911070580576,0.11928210336741991,-0.20854340493679047,0.33371007442474365,0.07418454637714461,0.07962319195736949,409.0,0.27519948769847286,167.1667324763827,10434.234716518302,0.04199862395311658,0.9258154536228553,0.186911070580576,0.6819279131408075,0.688231313813939,0.68444927341006,1118.0857420199227
407,80.2030222784289,12.99266978081207,41.507757319999996,44.1533048,42.4995271647059,0.663835289239052,-0.02903405949473381,0.684605062007904,0.1618934044471154,0.10044153708491955,-0.25041112303733826,0.3386523127555847,0.09537921025202825,0.07428778617597083,574.0,0.3538079900608663,153.13740536725584,10967.411610019906,0.04414470332156467,0.9046207897479718,0.1618934044471154,0.8767150925044727,0.7233991094289763,0.815388699274274,1414.377214901811
408,80.20763291133576,12.99266978081207,40.83098935999999,42.864711260000036,41.95312887411767,0.3981747898575556,-0.04737456142902374,0.7171138525009155,0.18949230717677695,0.11260061540228265,-0.22469455003738403,0.30430418252944946,0.070322265625,0.07006263146530732,512.0,0.28602225636677236,138.78911546725854,15254.105244784278,0.061398985869347104,0.929677734375,0.18949230717677695,0.7087460882548019,1.0,0.8252476529528812,1118.2409874591044
409,80.21224354424263,12.99266978081207,41.54877356000003,42.79976887999999,42.27611402352943,0.2521849466273667,-0.009955042041838169,0.598638653755188,0.1606863822189032,0.09648865715158872,-0.12233933806419373,0.29598861932754517,0.07691946590647977,0.06115052172451186,559.0,0.29028085030237755,129.01259747731658,15019.197147265002,0.06045346210844917,0.9230805340935202,0.1606863822189032,0.7192986299753854,0.990650686506878,0.8278394525879824,707.1886074509055
410,80.21685417714949,12.99266978081207,37.180544000000054,43.48337288000005,41.53525523176472,1.0868244025236893,-0.020363062620162964,0.779904305934906,0.23134751539963944,0.17439362868202182,-0.2947976887226105,0.406097412109375,0.04350375835712139,0.09525500182957908,362.0,0.324273775493092,222.5506146287372,9316.292490597829,0.03749881764979326,0.9564962416428786,0.23134751539963944,0.8035310707067209,0.6144930025897056,0.7279158434599148,499.9999999999634
411,80.22146481005635,12.99266978081207,34.347005420000016,44.80614662000005,38.07901017764708,2.8777872563925713,0.00326700322329998,0.8272168040275574,0.550899538526348,0.21182002601383512,-0.5297941565513611,0.3905065953731537,-0.09338481229894302,0.12351766369315512,17.0,0.040093139447881454,585.931280242016,795.471006857745,0.0032018340194836323,1.0933848122989431,0.550899538526348,0.09934840774454286,0.05246844364004129,0.08059642210274223,0.0
412,80.22607544296321,12.99266978081207,33.60529508000002,39.26895422000001,35.86628574235296,1.1672582279670682,-0.09457092732191086,0.8413060903549194,0.5725218290441176,0.19013978991068817,-0.5016119480133057,0.3605990707874298,-0.13337352079503675,0.09424103830160538,11.0,0.07347724953323674,1659.5324404607054,0.0,0.0,1.1333735207950368,0.5725218290441176,0.18207224096443894,0.0,0.10924334457866336,0.0
413,80.23068607587007,12.99266978081207,34.38118562,41.148865220000005,37.10998311000002,1.4300361722156292,-0.00026946913567371666,0.8098293542861938,0.49943434495192307,0.17838863027645202,-0.3766017556190491,0.22292418777942657,-0.1027490234375,0.10527612784200271,24.0,0.15860671028795167,1641.8589934108406,0.0,0.0,1.1027490234375,0.49943434495192307,0.393017966208197,0.0,0.2358107797249182,0.0
414,80.23529670877693,12.99266978081207,35.12631398000002,40.673760440000024,36.99374743294119,1.289853348294676,0.0019353055395185947,0.8069353103637695,0.539771848192402,0.17544998098455897,-0.40774691104888916,0.2701580822467804,-0.11155347637101716,0.1226775330900906,45.0,0.07714956565637554,425.93812239324075,0.0,0.0,1.111553476371017,0.539771848192402,0.1911720212408805,0.0,0.1147032127445283,0.0
415,80.23990734168379,12.99266978081207,33.18829664000003,40.704522620000034,36.244089309411784,1.6066164618701122,-0.2690582871437073,0.7823255658149719,0.47301379633884805,0.2379288062477624,-0.536047101020813,0.6354978084564209,-0.09708255543428308,0.20106357537300557,55.0,0.021218032140331532,95.84466724952804,1562.9874828134587,0.0062911488305118935,1.0970825554342831,0.47301379633884805,0.0525770178550051,0.10309303537791095,0.07278342486416745,0.0
416,80.24451797459065,12.99266978081207,37.93934444000001,41.87690348000001,40.313827558823554,0.7947884049976193,-0.035033803433179855,0.821336030960083,0.33183927095853366,0.2144688188242962,-0.37839800119400024,0.509184718132019,-0.0016631170419546275,0.12158093533919676,89.0,0.24380682884382363,680.5834744411164,2456.2559715462494,0.009886625486606859,1.0016631170419545,0.33183927095853366,0.604138777268041,0.16201209962091837,0.4272881062091919,499.9999999999634
417,80.24912860749751,12.99266978081207,38.21962208000002,43.36374218000003,40.98912896352943,1.2082411667051605,-0.018513549119234085,0.8473658561706543,0.33440568512561275,0.239077585085745,-0.36262938380241394,0.5151054263114929,0.0040758334889131435,0.12927771223677392,55.0,0.14996107442470497,677.3940761121394,3159.6104617346937,0.012717683205904301,0.9959241665110868,0.33440568512561275,0.3715945963054925,0.2084046332384534,0.30631861107867686,707.1886074509055
418,80.25373924040437,12.99266978081207,38.01112286,42.87154730000003,40.246626210588246,1.0572898661104535,-0.008206330239772797,0.8414034843444824,0.32998305376838233,0.21171831551942763,-0.3341461420059204,0.3004012703895569,-0.010725341497683057,0.11445850281986518,181.0,0.1871550970169833,256.890843600875,10748.856893051856,0.04326500321700503,1.0107253414976831,0.32998305376838233,0.46375916543236,0.708983466683176,0.5618488859326864,1118.2409874591044
419,80.25834987331123,12.99266978081207,39.72696890000003,43.76023250000003,41.27228057882355,0.7070440544495435,-0.028957528993487358,0.7796214818954468,0.2684967041015625,0.16567910424068732,-0.23269030451774597,0.3171912729740143,0.037863628680889425,0.08488482251998743,228.0,0.2257187869901594,245.9565548736739,7928.531779671117,0.03191297050157337,0.9621363713191106,0.2684967041015625,0.5593176886198398,0.5229577435803937,0.5447737106040613,707.1886074509055
420,80.26296050621809,12.99266978081207,39.79874732000002,43.999493900000004,41.91679614941178,0.920912960071983,-0.0005428881850093603,0.8072763085365295,0.28055711933210786,0.18363301127982054,-0.25698983669281006,0.33125972747802734,0.05128895479090074,0.10158902092706594,234.0,0.18684580473576756,198.3777837869788,9317.849868201753,0.03750508621841542,0.9487110452090992,0.28055711933210786,0.46299275761073244,0.6145957256032828,0.5236339448077526,499.9999999999634
421,80.26757113912495,12.99266978081207,39.638100380000026,44.85058088000005,40.83748241529413,1.0581893064675398,0.011379405856132507,0.8180640935897827,0.3160668466605392,0.1766061232106352,-0.32714617252349854,0.23741880059242249,-0.018957561418121938,0.08373684959307272,243.0,0.2728724123277488,278.9837433181412,9837.622224718443,0.039597211260227194,1.0189575614181219,0.3160668466605392,0.6761615591967989,0.6488793718436096,0.6652486842555232,707.1886074509055
422,80.27218177203181,12.99266978081207,30.959747600000014,46.04005184000005,36.13292087000002,5.397223668689357,-0.349693238735199,0.6057201027870178,-0.08929641723632813,0.17457066998442777,-0.38716769218444824,0.3667416572570801,0.031135829045222357,0.07383337672762626,12.0,0.00996433320518902,206.29682132086475,1491.3803658686238,0.006002924494119308,0.9688641709547776,0.0,0.02469102324746773,0.0983699041169902,0.05416257559527672,1118.0857420199227
423,80.27679240493867,12.99266978081207,30.580347380000035,31.417762280000034,31.025577009411784,0.15468630988472268,-0.2598225474357605,-0.007046764716506004,-0.11808852251838235,0.038981639963027385,-0.1485714316368103,0.10651828348636627,-0.035463083304610905,0.03824651861598386,0.0,0.0,0.0,0.0,0.0,1.035463083304611,0.0,0.0,0.0,0.0,1414.377214901811
424,80.28140303784554,12.99266978081207,30.306905780000022,30.925567399999977,30.573073738823542,0.15161953969786682,-0.1422898769378662,-0.0012106538051739335,-0.06788258870442708,0.021384637820525708,-0.1590106040239334,0.03757225349545479,-0.06358364928002451,0.029796881231971828,0.0,0.0,0.0,0.0,0.0,1.0635836492800246,0.0,0.0,0.0,0.0,1802.9040201944251
425,80.2860136707524,12.99266978081207,30.002702,30.65212580000002,30.293553030588257,0.13500164342579268,-0.15782828629016876,0.01680058427155018,-0.062282924278109685,0.024262234771708618,-0.16457462310791016,0.05118110403418541,-0.069664306640625,0.03313654903615017,0.0,0.0,0.0,0.0,0.0,1.069664306640625,0.0,0.0,0.0,0.0,2121.565822352716
426,80.29062430365926,12.99266978081207,29.958267739999997,30.44020856000003,30.18185828705884,0.1143927460704249,-0.1469387710094452,0.027867790311574936,-0.06076490548940805,0.024495353956502944,-0.13532763719558716,0.0460122711956501,-0.04419090564434345,0.029123728904358232,0.0,0.0,0.0,0.0,0.0,1.0441909056443435,0.0,0.0,0.0,0.0,2500.3702974027406
427,80.29523493656612,12.99266978081207,30.125750720000042,30.682887980000032,30.44277503176472,0.09598968741343174,-0.13896848261356354,0.028231797739863396,-0.06384359920726103,0.024935816516866657,-0.15716272592544556,0.06506024301052094,-0.03829047109566483,0.02998216825400245,0.0,0.0,0.0,0.0,0.0,1.0382904710956649,0.0,0.0,0.0,0.0,2915.97207852019
428,80.29984556947298,12.99266978081207,29.889907340000036,30.508568960000048,30.089820115294135,0.1373671301185795,-0.15954415500164032,0.0684523805975914,-0.06242811016007966,0.028914646365713684,-0.15535445511341095,0.09390681236982346,-0.0316919064989277,0.04076525935404637,0.0,0.0,0.0,0.0,0.0,1.0316919064989276,0.0,0.0,0.0,0.0,3354.7229623773133
429,80.30445620237984,12.99266978081207,29.120852839999998,30.12916874000001,29.78077906823532,0.2575216379338698,-0.16246499121189117,0.04533333331346512,-0.06313640887920673,0.027588863295003836,-0.15390446782112122,0.12636961042881012,-0.03277366638183594,0.04054784695197902,0.0,0.0,0.0,0.0,0.0,1.0327736663818359,0.0,0.0,0.0,0.0,3808.631066263921
430,80.3090668352867,12.99266978081207,29.093508680000014,30.077898440000013,29.723843607058843,0.2955134828571649,-0.16149871051311493,0.05239180102944374,-0.05940686394186581,0.0307114944236406,-0.1428571492433548,0.12765957415103912,-0.016659357407513786,0.04579318098857922,0.0,0.0,0.0,0.0,0.0,1.0166593574075138,0.0,0.0,0.0,0.0,4272.868649576823
431,80.31367746819356,12.99266978081207,29.1652871,30.067644380000047,29.75464126823531,0.1948766880923667,-0.16292135417461395,0.07402031868696213,-0.05970930510876225,0.03106426022926545,-0.134848490357399,0.12202166020870209,-0.03438271915211397,0.03954484777844975,0.0,0.0,0.0,0.0,0.0,1.034382719152114,0.0,0.0,0.0,0.0,4744.404477611395
432,80.31828810110042,12.99266978081207,28.90209956000001,29.64039188000004,29.228464620000018,0.17590695309220614,-0.17508196830749512,0.0875513032078743,-0.05370079627403846,0.03259854707524408,-0.16011236608028412,0.14263074100017548,-0.016545592087965744,0.04312796805708374,0.0,0.0,0.0,0.0,0.0,1.0165455920879658,0.0,0.0,0.0,0.0,5221.261595710218
433,80.32289873400728,12.99266978081207,29.090090659999987,29.99586596000006,29.72138357882355,0.1753394454409355,-0.1925554722547531,0.05964912101626396,-0.056520391726026346,0.03150415963070759,-0.14100486040115356,0.1414213925600052,-0.023247608857996323,0.043260923278999525,0.0,0.0,0.0,0.0,0.0,1.0232476088579963,0.0,0.0,0.0,0.0,5702.105129468814
434,80.32750936691414,12.99266978081207,28.891845500000045,30.009538040000052,29.42822627176472,0.32272826183696085,-0.1589537262916565,0.07980568706989288,-0.058100621840533086,0.033521144684215326,-0.1309148222208023,0.1510489583015442,0.010453525618010877,0.044253041582092,0.0,0.0,0.0,0.0,0.0,0.9895464743819892,0.0,0.0,0.0,0.0,6186.005546166885
435,80.332119999821,12.99266978081207,28.80639500000001,29.760022580000054,29.38032668352943,0.28702699409926974,-0.1697831004858017,0.06787330657243729,-0.043385279728816104,0.03281017631153192,-0.13978494703769684,0.17655786871910095,0.039516231830303485,0.03449055799004681,0.0,0.0,0.0,0.0,0.0,0.9604837681696965,0.0,0.0,0.0,0.0,6672.2977886120425
436,80.33673063272786,12.99266978081207,29.257573640000032,29.742932480000036,29.581895247058846,0.06803058501517983,-0.17833934724330902,0.08338805288076401,-0.044252358230890014,0.034619750059075916,-0.1439790576696396,0.18148420751094818,0.0377816712622549,0.04212431081354104,0.0,0.0,0.0,0.0,0.0,0.962218328737745,0.0,0.0,0.0,0.0,7160.49456362084
437,80.34134126563472,12.99266978081207,29.322516020000023,29.783948720000012,29.613615418823546,0.07059640859975903,-0.1663455367088318,0.099936343729496,-0.057086397058823526,0.036091623550022926,-0.15490908920764923,0.14198936522006989,0.010242284138997396,0.044145818751692406,0.0,0.0,0.0,0.0,0.0,0.9897577158610026,0.0,0.0,0.0,0.0,7650.2312686863825
438,80.34595189854159,12.99266978081207,28.91918966000003,29.73951446000001,29.433796816470604,0.19175509810359365,-0.15586206316947937,0.11647140234708786,-0.03878089317908654,0.03605889666678685,-0.08874912559986115,0.156390979886055,0.037092798673189604,0.03922143486349958,0.0,0.0,0.0,0.0,0.0,0.9629072013268104,0.0,0.0,0.0,0.0,8141.230004498512
439,80.35056253144845,12.99266978081207,0.0,29.636973860000012,12.01848462470589,14.366206427041648,-0.15635858476161957,0.06280193477869034,-0.02024601057464001,0.03437014966523539,-0.1378522515296936,0.13733609020709991,-0.000417480655744964,0.029035564794403338,0.0,0.0,0.0,0.0,0.0,1.0004174806557449,0.0,0.0,0.0,0.0,8633.275447993283
440,80.15230531645344,12.997161336687025,36.04576136000003,46.26905918,41.54850966875002,2.533756898194395,0.03593093901872635,0.7956204414367676,0.3250546683517157,0.20589118054819128,-0.39311784505844116,0.29558664560317993,0.03966568292356005,0.12073304063209452,0.0,0.0,0.0,4048.461245773199,0.016295378249525334,0.9603343170764399,0.3250546683517157,0.0,0.2670323102558144,0.10681292410232578,499.9999999999634
441,80.1569159493603,12.997161336687025,35.78940985999998,43.46286476,38.63462248625002,1.6156494201944105,-0.003041568212211132,0.7649277448654175,0.415980104932598,0.1745003293489054,-0.4949166476726532,0.4311594069004059,-0.014062598733340993,0.11627375930300307,0.0,0.0,0.0,1328.4782284249536,0.005347230444911783,1.014062598733341,0.415980104932598,0.0,0.08762504787003716,0.035050019148014866,0.0
442,80.16152658226716,12.997161336687025,36.06285146000005,44.638663640000004,39.68005908875002,1.718361930312808,0.0560000017285347,0.8321654200553894,0.4069196026141827,0.13063494277430945,-0.4505429267883301,0.32247114181518555,0.05040044931265024,0.11830010086668763,3.0,0.004696273251535072,388.91764211231384,28.064796053729673,0.00011296303445383926,0.9495995506873498,0.4069196026141827,0.011637084955140627,0.0018511248773617468,0.0077227009240290745,0.0
443,80.16613721517402,12.997161336687025,43.11764474000006,46.79201624000001,45.75614255375002,0.6258643749869628,-0.00716845877468586,0.4779411852359772,0.12034404679840686,0.08533755265314932,-0.015356820076704025,0.35233160853385925,0.18321267520680148,0.045533302961548984,0.0,0.0,0.0,0.0,0.0,0.8167873247931985,0.12034404679840686,0.0,0.0,0.0,500.106665610687
444,80.17074784808088,12.997161336687025,45.52734884000006,49.21539242000006,47.08107768875001,0.832165002557059,-0.021910112351179123,0.316693514585495,0.12579328948376226,0.08329531895154273,-0.003819819772616029,0.37802815437316895,0.188643798828125,0.05416489868234383,0.0,0.0,0.0,0.0,0.0,0.811356201171875,0.12579328948376226,0.0,0.0,0.0,999.9999999999268
445,80.17535848098774,12.997161336687025,41.95209992000002,48.993221120000044,47.03468309375002,1.1586504510466942,-0.026899201795458794,0.7622451782226562,0.19947232759915864,0.11816260935446699,-0.197445347905159,0.45478591322898865,0.1891348149226262,0.07379834479492207,0.0,0.0,0.0,0.0,0.0,0.8108651850773738,0.19947232759915864,0.0,0.0,0.0,707.1822091853011
446,80.1799691138946,12.997161336687025,38.117081480000024,49.57770254000002,45.63732866000002,3.247978348536363,-0.02448979578912258,0.7461718320846558,0.24216447418811274,0.17816075716122853,-0.2915777862071991,0.4478367865085602,0.12830462287454045,0.12733796960338248,2.0,0.01496068075519773,1858.4329654810929,0.0,0.0,0.8716953771254595,0.24216447418811274,0.037071674412911496,0.0,0.022243004647746898,499.9999999999634
447,80.18457974680146,12.997161336687025,37.35486302000004,49.875070280000045,45.086084971250024,3.3888063756565994,-0.025859015062451363,0.7713997960090637,0.2872283097809436,0.17964529598389534,-0.2837073504924774,0.3525567054748535,0.1311785529641544,0.11679885966419908,0.0,0.0,0.0,0.0,0.0,0.8688214470358456,0.2872283097809436,0.0,0.0,0.0,499.9999999999634
448,80.18919037970832,12.997161336687025,37.884656120000045,49.6050467,43.536411530625024,2.9694345599399843,-0.013502109795808792,0.7944992184638977,0.30081019474909854,0.188449081867848,-0.31382831931114197,0.35787492990493774,0.07547412578876202,0.11967721889479692,19.0,0.0175215497722415,229.11021676982554,2692.847208538677,0.01083892401764501,0.924525874211238,0.30081019474909854,0.043417355065242524,0.177617412544768,0.09709737805705272,707.1822091853011
449,80.19380101261518,12.997161336687025,39.29629838000005,44.36180402000002,41.843816543750016,1.1635085833705496,-0.02641509473323822,0.8064516186714172,0.32744942459405635,0.20195380131895022,-0.2894667983055115,0.3275476396083832,0.019423795213886336,0.09981400634761703,91.0,0.10065427244461345,274.79976829085996,6893.935603338457,0.027748638671435417,0.9805762047861136,0.32744942459405635,0.24941528245890854,0.4547168514546798,0.33153591005721705,499.9999999999634
450,80.19841164552204,12.997161336687025,39.983320400000025,44.26609946000002,41.711921183750015,0.9133542679435764,-0.018637334927916527,0.8261568546295166,0.3329635799632353,0.21132262687575734,-0.3252123296260834,0.2900923192501068,0.025052597943474263,0.10856187272562705,160.0,0.16858502478763424,261.77282026666524,5309.30428827304,0.021370371696052264,0.9749474020565257,0.3329635799632353,0.4177436342693478,0.3501962113207485,0.39072466508990805,707.1822091853011
451,80.2030222784289,12.997161336687025,40.803645200000005,44.081526380000014,42.830933180000024,0.762497014564379,-0.003399708541110158,0.7351042032241821,0.19853905310997597,0.13318062682367698,-0.2449471801519394,0.3580246865749359,0.07984059847318209,0.08919440317384579,336.0,0.25237251544685263,186.6071669728842,9415.760228554373,0.037899183199869554,0.920159401526818,0.19853905310997597,0.625364037673401,0.6210537915537069,0.6236399392255234,1118.224802064827
452,80.20763291133576,12.997161336687025,40.68059648000002,43.28854574000002,41.752748930000024,0.702598991729378,0.0017878427170217037,0.7550358772277832,0.22218266505821077,0.14665930725718931,-0.2907620370388031,0.2836037874221802,0.04565818637025123,0.08948856916126664,389.0,0.32486646159482946,207.482187130287,10537.684069140747,0.04241501581864605,0.9543418136297488,0.22218266505821077,0.8049997115093819,0.6950547259570293,0.7610217172884408,1000.213331221374
453,80.21224354424263,12.997161336687025,41.55219158,45.29834149999999,42.90496095875002,0.8668861332921847,-0.032927144318819046,0.67188560962677,0.18319635129442402,0.11881861878986823,-0.2109234631061554,0.39132046699523926,0.07409033681832108,0.07282105138351554,422.0,0.32447232644010376,191.0252392167622,8028.965094827572,0.03231722257661471,0.9259096631816789,0.18319635129442402,0.8040230681086064,0.5295822210163279,0.694246729271695,500.106665610687
454,80.21685417714949,12.997161336687025,36.1893182,43.244111480000015,39.01380908000002,2.2229641893265946,-0.024326832965016365,0.800172746181488,0.4495171649639423,0.22377026581197823,-0.2819700837135315,0.25330397486686707,-0.014251227745643028,0.0947251845933262,73.0,0.07092747573283266,241.38883806219454,4735.286851719651,0.019059905896181697,1.014251227745643,0.4495171649639423,0.1757540535970418,0.31233461578985267,0.23038627847416615,0.0
455,80.22146481005635,12.997161336687025,34.05989174000001,38.07606524000005,35.95484454125002,0.8580025521613738,0.22192184627056122,0.8490605354309082,0.6551104856004902,0.10436276982307334,-0.4105948805809021,0.18271754682064056,-0.10155170515471813,0.09106363402578607,0.0,0.0,0.0,0.0,0.0,1.1015517051547181,0.6551104856004902,0.0,0.0,0.0,0.0
456,80.22607544296321,12.997161336687025,33.612131120000015,39.04336490000003,34.79357224625002,0.9331562793033065,0.06986444443464279,0.8307995796203613,0.6849461933210784,0.10678716659095262,-0.5189539790153503,0.37515226006507874,-0.19617805032169117,0.1317988215981333,0.0,0.0,0.0,0.0,0.0,1.1961780503216912,0.6849461933210784,0.0,0.0,0.0,0.0
457,80.23068607587007,12.997161336687025,33.906080840000016,35.89878650000003,35.09589597562502,0.33675388558142416,0.31433555483818054,0.8224930763244629,0.6429150390625,0.07943933700251643,-0.40788930654525757,0.09766565263271332,-0.13121645413912258,0.08131255571638663,0.0,0.0,0.0,0.0,0.0,1.1312164541391225,0.6429150390625,0.0,0.0,0.0,0.0
458,80.23529670877693,12.997161336687025,34.722987620000026,37.970106620000024,35.767393790000014,0.8347614500211298,0.011853022500872612,0.8348981738090515,0.6111440142463235,0.12999562573719606,-0.434163361787796,0.10928578674793243,-0.12449817133884804,0.08888219804714122,49.0,0.04139367506398061,209.87632292527096,0.0,0.0,1.124498171338848,0.6111440142463235,0.10257105741612767,0.0,0.0615426344496766,0.0
459,80.23990734168379,12.997161336687025,35.218600519999995,40.90276777999998,36.635457773750026,1.0029090728572312,-0.19909502565860748,0.8240982890129089,0.5761286956188726,0.18655225719593557,-0.4003966152667999,0.48632219433784485,-0.13707476447610295,0.11435253693524339,71.0,0.07249112923117931,253.66004013388022,678.6033818328498,0.002731432541170692,1.137074764476103,0.5761286956188726,0.17962869368420345,0.044759976148326955,0.12568120666985286,0.0
460,80.24451797459065,12.997161336687025,35.71079540000005,41.76069080000002,39.50474733500002,1.4537696993876879,-0.21769499778747559,0.8573643565177917,0.4548407451923077,0.22399706254718166,-0.39317014813423157,0.6110910773277283,-0.03623656639685997,0.1429876355105493,103.0,0.1390969783135774,335.51041907609215,3500.1960016552503,0.014088567070760049,1.03623656639686,0.4548407451923077,0.34467401425361144,0.23086930266308078,0.2991521296173992,0.0
461,80.24912860749751,12.997161336687025,38.53407992000001,42.39644252000005,40.958863520000016,0.8202645814285179,-0.0136239780113101,0.841421902179718,0.33559493719362743,0.21818986885097896,-0.3446766436100006,0.4110126495361328,0.006484941968730852,0.11749262577455727,179.0,0.22385519145429972,310.69887458477484,5663.225418803739,0.02279493237290664,0.9935150580312692,0.33559493719362743,0.5546998100571451,0.3735404824886235,0.4822360790297364,500.106665610687
462,80.25373924040437,12.997161336687025,38.790431420000004,42.24946766000005,40.04781039500002,0.700222039535509,-0.003528319299221039,0.8240520358085632,0.3510323318780637,0.19073639810145346,-0.3393155634403229,0.26179540157318115,-0.023071499992819395,0.10111966923536893,248.0,0.2478498416733081,248.29187350838694,9899.680868978423,0.03984700223523651,1.0230714999928194,0.3510323318780637,0.6141571218684229,0.6529726957368265,0.6296833514157842,1000.213331221374
463,80.25834987331123,12.997161336687025,39.29971640000002,44.43358244000001,41.268470787500014,1.0212021819001629,-0.015580736100673676,0.7649095058441162,0.2660696880634014,0.16617844259470452,-0.29102370142936707,0.3078494369983673,0.031576411907489485,0.09768722738180555,265.0,0.27818514775746683,260.8036144672925,9194.709406106005,0.03700943607238363,0.9684235880925105,0.2660696880634014,0.6893262006536404,0.6064735082759645,0.65618512370257,1118.0816951314841
464,80.26296050621809,12.997161336687025,39.25186412000005,42.71090035999998,41.103400527500014,0.7694439350262132,0.007429420482367277,0.7703843712806702,0.27831830193014706,0.17003450281613,-0.25523632764816284,0.2705366909503937,0.025060046326880362,0.08918142825526568,270.0,0.24621744483814156,226.55862298677923,9400.900138237877,0.037839370155399336,0.9749399536731196,0.27831830193014706,0.6101121398935929,0.6200736353889501,0.6140967380917358,707.1822091853011
465,80.26757113912495,12.997161336687025,38.67763676000004,43.43210257999999,40.41718274750002,0.8834325668438996,-0.004004368558526039,0.8036134839057922,0.34559153837316176,0.17889824636740548,-0.3230876624584198,0.2579159438610077,-0.032338556027879904,0.08762367886792095,248.0,0.2705802479926597,271.0628187409353,10851.96016345928,0.04368000207411554,1.03233855602788,0.34559153837316176,0.6704817127164314,0.7157840516018459,0.6886026482705971,499.9999999999634
466,80.27218177203181,12.997161336687025,31.335729800000024,51.43368740000005,39.77108272062502,6.210033434814351,-0.34209614992141724,0.6372841000556946,-0.02193165999192458,0.18685410556556398,-0.32166609168052673,0.2864362299442291,0.04556586632361779,0.08545956445942911,76.0,0.10216702535743385,333.98172009095424,4800.986735873223,0.019324353151135714,0.9544341336763822,0.0,0.25316379393167543,0.3166681120947474,0.2785655211969042,707.1822091853011
467,80.27679240493867,12.997161336687025,30.81960878000001,31.71513002000006,31.12809765125002,0.22461079024044142,-0.3109346330165863,-0.03689320385456085,-0.15073533002068015,0.04553340366603588,-0.1311599761247635,0.12619808316230774,-0.019489102831073836,0.04144837610895254,0.0,0.0,0.0,0.0,0.0,1.0194891028310737,0.0,0.0,0.0,0.0,1118.0816951314841
468,80.28140303784554,12.997161336687025,30.29665172,31.058870179999985,30.63186900500002,0.1672857185288373,-0.16537649929523468,-0.0011961722047999501,-0.07631023332184436,0.024517633197458186,-0.15220293402671814,0.036838579922914505,-0.05863414091222426,0.0285510267494214,0.0,0.0,0.0,0.0,0.0,1.0586341409122242,0.0,0.0,0.0,0.0,1414.3644183706022
469,80.2860136707524,12.997161336687025,30.006120020000026,30.758084420000046,30.44376480875002,0.12725705747623423,-0.1506475806236267,0.014603174291551113,-0.06627301982804841,0.023379259316720934,-0.179866760969162,0.06498951464891434,-0.06941244686351103,0.034704604029637896,0.0,0.0,0.0,0.0,0.0,1.0694124468635111,0.0,0.0,0.0,0.0,1803.0418999274557
470,80.29062430365926,12.997161336687025,29.859145160000025,30.481224800000007,30.106851080000016,0.1165536426573175,-0.1436031311750412,0.03549899533390999,-0.062124246450570915,0.022646233692837664,-0.16923077404499054,0.039819683879613876,-0.05826239952674279,0.028520914145861394,0.0,0.0,0.0,0.0,0.0,1.0582623995267428,0.0,0.0,0.0,0.0,2236.449604129654
471,80.29523493656612,12.997161336687025,30.25905350000005,30.655543820000048,30.421786437500018,0.0645279225605719,-0.15830115973949432,0.033863164484500885,-0.06069663851868873,0.024155527764941145,-0.14587737619876862,0.060995183885097504,-0.05306292963962929,0.029121139363377162,0.0,0.0,0.0,0.0,0.0,1.0530629296396292,0.0,0.0,0.0,0.0,2693.077593517469
472,80.29984556947298,12.997161336687025,29.906997440000055,30.508568960000048,30.154477167500023,0.15390323627499908,-0.1426573395729065,0.04035216569900513,-0.05953299728094363,0.02664598465206556,-0.16124148666858673,0.06563161313533783,-0.05877108106426164,0.029580588417406586,0.0,0.0,0.0,0.0,0.0,1.0587710810642617,0.0,0.0,0.0,0.0,3162.88481794334
473,80.30445620237984,12.997161336687025,29.777112680000016,30.177021019999984,30.013961360000025,0.06295169014118401,-0.15810276567935944,0.04748201370239258,-0.0581649662898137,0.027169015959805323,-0.15088757872581482,0.043336059898138046,-0.05608912541316106,0.030715336903725323,0.0,0.0,0.0,0.0,0.0,1.056089125413161,0.0,0.0,0.0,0.0,3640.772881192068
474,80.3090668352867,12.997161336687025,29.199467300000038,30.067644380000047,29.748574726250016,0.17141291367392544,-0.17245817184448242,0.039697542786598206,-0.06221531288296569,0.02964539109347507,-0.16388888657093048,0.0868852436542511,-0.044595315970626534,0.03538026133000334,0.0,0.0,0.0,0.0,0.0,1.0445953159706265,0.0,0.0,0.0,0.0,4123.933477548732
475,80.31367746819356,12.997161336687025,29.110598780000032,29.91725150000002,29.63672253500002,0.22702970036114217,-0.1781609207391739,0.05747126415371895,-0.055326526118259806,0.03316797692605055,-0.13013221323490143,0.18545454740524292,0.011139204735849418,0.0443088147255762,0.0,0.0,0.0,0.0,0.0,0.9888607952641506,0.0,0.0,0.0,0.0,4610.709363649726
476,80.31828810110042,12.997161336687025,29.03540234000002,29.93775962000001,29.644557591875014,0.2520217777263462,-0.16920731961727142,0.07407407462596893,-0.05247733482947716,0.032570013700915154,-0.13391557335853577,0.18284423649311066,0.017861483647273135,0.04061621215749308,0.0,0.0,0.0,0.0,0.0,0.9821385163527269,0.0,0.0,0.0,0.0,5100.0654602488985
477,80.32289873400728,12.997161336687025,29.01489422000003,29.86598120000002,29.69063174750002,0.1638018105764288,-0.17223313450813293,0.06200122833251953,-0.04656329585056679,0.031965149971965916,-0.10502958297729492,0.15266618132591248,0.02801639631682751,0.037086015928885406,0.0,0.0,0.0,0.0,0.0,0.9719836036831725,0.0,0.0,0.0,0.0,5591.324343621718
478,80.32750936691414,12.997161336687025,29.67115406000005,29.99928398000003,29.82798086000002,0.0716185414503449,-0.16371680796146393,0.09208633005619049,-0.04511679855047488,0.0322987603330533,-0.12059924751520157,0.15062111616134644,0.028456504672181374,0.037691779109648924,0.0,0.0,0.0,0.0,0.0,0.9715434953278186,0.0,0.0,0.0,0.0,6084.025105660425
479,80.332119999821,12.997161336687025,29.55835940000003,29.913833479999994,29.69254181750002,0.05663520071316781,-0.1666666716337204,0.06849315017461777,-0.04483376723069411,0.03268152550475004,-0.14308053255081177,0.1399267464876175,0.007528908802912786,0.04110017276061815,0.0,0.0,0.0,0.0,0.0,0.9924710911970872,0.0,0.0,0.0,0.0,6577.843750881617
480,80.33673063272786,12.997161336687025,28.80297698000004,29.71900634000002,29.27992899875002,0.26665820055548267,-0.1785714328289032,0.08356940746307373,-0.04398756438610601,0.033749380167192054,-0.11778291314840317,0.14785142242908478,0.025912361892999388,0.036257689238389804,0.0,0.0,0.0,0.0,0.0,0.9740876381070006,0.0,0.0,0.0,0.0,7072.546124960571
481,80.34134126563472,12.997161336687025,28.83715718000002,29.698498220000033,29.34216963500002,0.2641417428283775,-0.1919940710067749,0.10179640352725983,-0.04466582055185355,0.03478384165698169,-0.13802435994148254,0.14027777314186096,0.021552605722464768,0.04372153102779166,0.0,0.0,0.0,0.0,0.0,0.9784473942775352,0.0,0.0,0.0,0.0,7567.958927105362
482,80.34595189854159,12.997161336687025,28.908935600000007,29.650645940000004,29.38992138500002,0.16641255192767665,-0.15500685572624207,0.08947744965553284,-0.03821485079251803,0.035298519612659056,-0.1259899139404297,0.14452554285526276,0.008593950271606445,0.041513345926967087,0.0,0.0,0.0,0.0,0.0,0.9914060497283935,0.0,0.0,0.0,0.0,8063.951221888013
483,80.35056253144845,12.997161336687025,0.0,29.67457208000002,12.05933750345589,14.414920095722787,-0.16308119893074036,0.04595879465341568,-0.020562561633540134,0.03442618391843283,-0.1267605572938919,0.126591756939888,0.0003249536776075176,0.024968022093362352,0.0,0.0,0.0,0.0,0.0,0.9996750463223925,0.0,0.0,0.0,0.0,8560.422282200867
484,80.15230531645344,13.00165289256198,36.787471700000026,46.419452060000026,41.84122124352944,2.5733442418322356,-0.01229773461818695,0.8130009174346924,0.3525803749234069,0.22721249424472328,-0.5766782760620117,0.3260433077812195,0.051328723383884806,0.14082657331721493,3.0,0.035802988732575224,2964.9922848708643,749.4600284074063,0.0030166361746822713,0.9486712766161152,0.3525803749234069,0.08871767020642006,0.049433607160983446,0.07300404498824542,707.1758088041665
485,80.1569159493603,13.00165289256198,38.43153932000001,47.092802000000006,42.73224820117649,1.7943784133454175,-0.004878048785030842,0.7652764320373535,0.33559488932291665,0.1715345174641911,-0.43773072957992554,0.32689419388771057,0.08328593534581802,0.09317362629864283,0.0,0.0,0.0,1057.2142482000872,0.004255371366885279,0.916714064654182,0.33559488932291665,0.0,0.06973275671762444,0.027893102687049778,499.9999999999634
486,80.16152658226716,13.00165289256198,37.98719672000004,47.33206340000004,44.25998487058825,2.415572529038649,-0.012422360479831696,0.8470481634140015,0.25060894305889425,0.1931034484512033,-0.43941110372543335,0.3400503695011139,0.12125387338491586,0.13454352010056825,0.0,0.0,0.0,508.4850271936022,0.0020466926442709275,0.8787461266150841,0.25060894305889425,0.0,0.033539145689923916,0.013415658275969567,499.9999999999634
487,80.16613721517402,13.00165289256198,41.23431572000004,49.765693639999995,47.10794063529413,1.4843891852078783,-0.008897485211491585,0.6742705702781677,0.1895919979319853,0.0977904630087898,-0.23524537682533264,0.45085400342941284,0.19535204120710783,0.06505635141598033,0.0,0.0,0.0,0.0,0.0,0.8046479587928922,0.1895919979319853,0.0,0.0,0.0,707.1758088041665
488,80.17074784808088,13.00165289256198,36.264514640000016,49.83747205999998,43.7148875564706,4.389938029027653,0.034007929265499115,0.7541025280952454,0.35019703584558826,0.19181947805371194,-0.3950670659542084,0.4464312493801117,0.08646897259880515,0.13664169836574283,0.0,0.0,0.0,0.0,0.0,0.9135310274011949,0.35019703584558826,0.0,0.0,0.0,499.9999999999634
489,80.17535848098774,13.00165289256198,37.00280696000004,47.68753748000006,40.60702034705884,3.147834169730457,-0.0459347739815712,0.7915596961975098,0.38809293306790865,0.21641201099267804,-0.43956315517425537,0.3905930519104004,0.041697860130896935,0.13278932145899283,3.0,0.025757232224596475,2133.062002057688,0.0,0.0,0.9583021398691031,0.38809293306790865,0.06382488487205022,0.0,0.03829493092323013,500.0976150291698
490,80.1799691138946,13.00165289256198,35.4544439,44.40965630000005,38.68841121058825,1.924512242223717,0.022866977378726006,0.8234625458717346,0.46522173713235293,0.19892057571661376,-0.44376635551452637,0.5045229196548462,-0.014134309058095894,0.13087164774200274,1.0,0.01239688370275653,3079.9102954501286,0.0,0.0,1.0141343090580959,0.46522173713235293,0.03071873826354132,0.0,0.018431242958124792,0.0
491,80.18457974680146,13.00165289256198,36.28502276000006,44.2558454,39.856960103529424,1.6486347057281043,0.01852499134838581,0.8223376870155334,0.42161941827512256,0.18888702077398375,-0.337268590927124,0.34999310970306396,-0.00010096531288296569,0.11355617383992986,0.0,0.0,0.0,0.0,0.0,1.000100965312883,0.42161941827512256,0.0,0.0,0.0,0.0
492,80.18919037970832,13.00165289256198,37.71375512000003,42.164017160000014,40.411120230000016,1.0622762533826717,-0.17316409945487976,0.8028303980827332,0.38994657076322115,0.179972003586973,-0.3423825800418854,0.5912678241729736,0.006657934188842774,0.10912595977136479,12.0,0.004627575334302978,95.80712148329174,3119.2141378601445,0.012555084791972742,0.9933420658111572,0.38994657076322115,0.011466855614501262,0.20574013355939008,0.0891761667924568,500.0976150291698
493,80.19380101261518,13.00165289256198,38.643456560000004,43.179169100000024,40.87731594941179,0.9806447398231131,0.0072507550939917564,0.8617895245552063,0.40659112668504904,0.18506619020883017,-0.39584529399871826,0.30298638343811035,0.0003565335741230086,0.10888878241683357,19.0,0.023413566889839525,306.15370530661113,4747.260288642325,0.019108099931336536,0.999643466425877,0.40659112668504904,0.05801742198686359,0.3131243712868336,0.1600602017068516,0.0
494,80.19841164552204,13.00165289256198,38.62978448000001,48.14555216000002,42.660150450588255,2.4260738527010735,0.01488569937646389,0.8335905075073242,0.37260756548713236,0.18857508483139898,-0.3152676820755005,0.2912308871746063,0.030632276348039215,0.11859391959158544,17.0,0.04624845777400375,675.8866590621336,2880.2974998756663,0.011593426337139631,0.9693677236519608,0.37260756548713236,0.11460091935331806,0.18998143959482364,0.1447531274499203,500.0976150291698
495,80.2030222784289,13.00165289256198,40.13371328000005,44.23191926000004,43.07117622588237,0.5900027380021656,-0.011757789179682732,0.6501845121383667,0.18344698392427886,0.12825074491052768,-0.24278534948825836,0.2977727949619293,0.08607126089242788,0.08070748152158862,397.0,0.2692070123225638,168.46954463458246,9976.47941457766,0.04015612248453112,0.9139287391075721,0.18344698392427886,0.6670789166480571,0.6580382482543569,0.663462649290577,1000.1952300583396
496,80.20763291133576,13.00165289256198,40.06535287999998,44.15672282000003,42.98962865529414,0.7434024757053098,-0.02198675461113453,0.7643364071846008,0.16705591538373163,0.12305176047305649,-0.2910034954547882,0.30691400170326233,0.08949348000919118,0.08498320884053777,471.0,0.2721001511997331,143.52693693363807,12635.50109811508,0.050858896075897574,0.9105065199908088,0.16705591538373163,0.6742479421917973,0.8334245642075171,0.7379185909980852,1118.2086112311147
497,80.21224354424263,13.00165289256198,40.58147389999999,46.31007542000003,43.02267345764708,0.9187838513981971,-0.027909625321626663,0.7600593566894531,0.2268456552542892,0.13906798974799564,-0.2538406550884247,0.3234802782535553,0.0747931267233456,0.08614576770047608,279.0,0.21071912439946788,187.6399420909724,6889.112147238212,0.02772922387730702,0.9252068732766544,0.2268456552542892,0.5221494195440857,0.45439870128658555,0.4950491322410856,707.1758088041665
498,80.21685417714949,13.00165289256198,37.019897060000005,46.82277842000002,43.10182013529414,2.678420300492719,0.038523562252521515,0.7663589119911194,0.3436200420673077,0.15081795485477575,-0.22490659356117249,0.338075190782547,0.0782655980036809,0.11277578523337903,85.0,0.06680450189638065,195.2595773796149,2003.1519973171598,0.00806284598170609,0.9217344019963191,0.3436200420673077,0.16553757039157008,0.1321258308192081,0.1521728745626253,499.9999999999634
499,80.22146481005635,13.00165289256198,35.05111754000001,44.700188000000026,37.50762131176472,2.0127182133500714,0.05666464939713478,0.8184207081794739,0.5644926183363971,0.1455006063603215,-0.3670710623264313,0.21185995638370514,-0.03853075812844669,0.07958779266108483,62.0,0.01727685212156547,69.23065921898169,738.3440357529036,0.0029718934208487783,1.0385307581284466,0.5644926183363971,0.04281100888461738,0.048700407799765005,0.04516676845067643,0.0
500,80.22607544296321,13.00165289256198,33.465156260000015,39.166413620000014,36.172038867058845,1.352625394847913,0.2614770531654358,0.8141419291496277,0.6078205901501226,0.14942982437389668,-0.4748603403568268,0.2553114891052246,-0.10824764476102941,0.1652691836075378,0.0,0.0,0.0,0.0,0.0,1.1082476447610294,0.6078205901501226,0.0,0.0,0.0,0.0
501,80.23068607587007,13.00165289256198,33.73859786000003,36.39098138000003,35.091564110000014,0.6296373245234309,0.0969560295343399,0.8103255033493042,0.6580141977163462,0.09447647330484428,-0.38062697649002075,0.21736647188663483,-0.1475231698843149,0.10627304548886476,0.0,0.0,0.0,0.0,0.0,1.147523169884315,0.6580141977163462,0.0,0.0,0.0,0.0
502,80.23529670877693,13.00165289256198,34.38802166000005,37.24206836000002,35.461800330588254,0.563642916520108,0.24687330424785614,0.8664126396179199,0.6652869370404412,0.09590460654959089,-0.4475294053554535,0.13928447663784027,-0.12654073079427083,0.10325302279916626,0.0,0.0,0.0,0.0,0.0,1.1265407307942708,0.6652869370404412,0.0,0.0,0.0,0.0
503,80.23990734168379,13.00165289256198,34.480308200000024,38.15467970000003,36.23137522117649,0.6950177798477988,0.024321267381310463,0.8530259132385254,0.6242304783241421,0.1641641901126799,-0.4257698357105255,0.1338362693786621,-0.15568462297028185,0.08932262594332555,46.0,0.0636660730601634,343.8553391293294,0.0,0.0,1.155684622970282,0.6242304783241421,0.15776073096239393,0.0,0.09465643857743636,0.0
504,80.24451797459065,13.00165289256198,35.71079540000005,43.26461960000006,39.49798521411766,1.775403199126241,-0.09048724174499512,0.8234363198280334,0.46527587890625,0.19702715261581616,-0.3835616409778595,0.5816435217857361,-0.023987039419320913,0.13094971240706355,141.0,0.09348507959103447,164.72090890341238,2727.9852120011187,0.010980357274033825,1.023987039419321,0.46527587890625,0.23165045025507217,0.17993507885617188,0.21096430169551206,0.0
505,80.24912860749751,13.00165289256198,39.51505166000004,42.198197359999995,40.70984479647061,0.4863041386300547,-0.00728407921269536,0.788682222366333,0.3041811475566789,0.17681935971757637,-0.33520758152008057,0.35831689834594727,0.00552608751783184,0.09774990037992574,258.0,0.23350391301463144,224.85367877397047,8029.66801146259,0.03232005187193214,0.9944739124821682,0.3041811475566789,0.5786087664768712,0.5296285846694719,0.5590166937539115,500.0976150291698
506,80.25373924040437,13.00165289256198,38.55458804,42.478475,40.221280823529426,0.7736896992170952,-0.029411764815449715,0.8165978789329529,0.3015066109451593,0.17236091139410029,-0.30025607347488403,0.35417819023132324,0.00035146002675972735,0.09189354814529913,344.0,0.2859579701482936,206.52341774210035,10928.31520171878,0.043987337171121736,0.9996485399732403,0.3015066109451593,0.7085867908404878,0.7208203508346452,0.7134802148381507,1000.1952300583396
507,80.25834987331123,13.00165289256198,39.81583741999998,43.45261070000004,41.36690887647061,0.8427746796369654,-0.04927099123597145,0.8115426898002625,0.24791689359224758,0.17456475940044355,-0.3281235694885254,0.3217417001724243,0.04177201491135817,0.09766014436289075,284.0,0.27803229390584994,243.22176926559288,9390.017239733006,0.037795565624042335,0.9582279850886418,0.24791689359224758,0.6889474379280249,0.6193558106763956,0.6611107870273731,1000.1952300583396
508,80.26296050621809,13.00165289256198,39.84659959999999,43.54147922000004,41.643567436470605,0.8436417340346395,-0.03213077783584595,0.801784873008728,0.2589700616574755,0.16278201076709617,-0.31617772579193115,0.3312372863292694,0.039225595511642154,0.09187969623914724,298.0,0.26965554083556414,224.81155260118118,9388.462018137288,0.03778930573352455,0.9607744044883578,0.2589700616574755,0.6681903435457321,0.6192532298708864,0.6486154980757939,500.0976150291698
509,80.26757113912495,13.00165289256198,37.884656120000045,42.65279401999999,40.50913960823531,0.8487676721747089,0.007376671303063631,0.8000690340995789,0.4177364334405637,0.18214026153131926,-0.34807246923446655,0.28236833214759827,-0.027425070369944852,0.09734524591577261,155.0,0.22789527490676395,365.28274951181857,6621.080142130506,0.026650373755975402,1.0274250703699448,0.4177364334405637,0.5647108958360265,0.4367195878651257,0.5135143726476662,0.0
510,80.27218177203181,13.00165289256198,31.12723058000006,51.63876860000005,43.03825955000002,4.906119414742648,-0.394655704498291,0.6829823851585388,0.09843112065241887,0.200348131725411,-0.4185418486595154,0.341317355632782,0.04082574697641226,0.0988921370980716,166.0,0.1453210675993902,217.49337482020042,6680.574297387797,0.02688984245894637,0.9591742530235877,0.09843112065241887,0.3600969361978805,0.44064376072009853,0.3923156660067677,499.9999999999634
511,80.27679240493867,13.00165289256198,30.631617679999977,34.463218100000006,31.124628627058836,0.5102108371312745,-0.3333333432674408,-0.062745101749897,-0.19255070705039828,0.04467744980672378,-0.3716661036014557,0.17985612154006958,0.003030709659352022,0.05003744689146844,0.0,0.0,0.0,0.0,0.0,0.996969290340648,0.0,0.0,0.0,0.0,707.1758088041665
512,80.28140303784554,13.00165289256198,30.16334893999999,30.98025572000006,30.59245828823531,0.1932101560149507,-0.21332554519176483,-0.010075566358864307,-0.09828057382621017,0.03064221739105457,-0.1481228619813919,0.05709342658519745,-0.04751566569010417,0.031467568315760364,0.0,0.0,0.0,0.0,0.0,1.0475156656901041,0.0,0.0,0.0,0.0,1118.2086112311147
513,80.2860136707524,13.00165289256198,29.893325360000006,30.635035700000003,30.30338131647061,0.16438726583371613,-0.14142048358917236,0.016633400693535805,-0.06647999482996324,0.022226587866768014,-0.14521679282188416,0.025036819279193878,-0.06224222220626532,0.026650147491587308,0.0,0.0,0.0,0.0,0.0,1.0622422222062653,0.0,0.0,0.0,0.0,1581.4166500390518
514,80.29062430365926,13.00165289256198,29.677990099999988,30.38210221999998,29.90842851411767,0.12812686955373004,-0.15625,0.009876543655991554,-0.06315782987154447,0.02334293725754163,-0.16260161995887756,0.027067668735980988,-0.06447039090670072,0.02972854459908021,0.0,0.0,0.0,0.0,0.0,1.0644703909067008,0.0,0.0,0.0,0.0,2061.931616937328
515,80.29523493656612,13.00165289256198,29.913833479999994,30.52224104000004,30.298023658823546,0.1438271210095477,-0.15177305042743683,0.027742749080061913,-0.06261460248161765,0.024919017757073426,-0.15912409126758575,0.04109589010477066,-0.054595935297947304,0.029781522403662764,0.0,0.0,0.0,0.0,0.0,1.0545959352979473,0.0,0.0,0.0,0.0,2549.988355649209
516,80.29984556947298,13.00165289256198,29.83863703999998,30.47438876000001,30.158405229411784,0.1473111913602979,-0.1581665575504303,0.043478261679410934,-0.06183433383118873,0.025739713025785597,-0.1480090171098709,0.02483069896697998,-0.05887470320159314,0.028266780508073408,0.0,0.0,0.0,0.0,0.0,1.058874703201593,0.0,0.0,0.0,0.0,3041.958987902871
517,80.30445620237984,13.00165289256198,29.71900634000002,30.101824580000027,29.94744598117649,0.08008955194589393,-0.1733870953321457,0.029140014201402664,-0.060200113149789666,0.028118356590930673,-0.15843023359775543,0.0569395013153553,-0.06165998018704928,0.031497199540950226,0.0,0.0,0.0,0.0,0.0,1.0616599801870492,0.0,0.0,0.0,0.0,3536.2103448939915
518,80.3090668352867,13.00165289256198,29.185795220000045,30.13258675999998,29.858932272941196,0.1905563987447122,-0.16828928887844086,0.02849740907549858,-0.06630113788679534,0.027151591816467854,-0.14506173133850098,0.09033280611038208,-0.04022809795304841,0.03299679328240003,0.0,0.0,0.0,0.0,0.0,1.0402280979530485,0.0,0.0,0.0,0.0,4031.903765183792
519,80.31367746819356,13.00165289256198,29.055910460000007,30.067644380000047,29.520512811764718,0.32875157449989023,-0.17985612154006958,0.07058001309633255,-0.05846458883846507,0.032070173449997665,-0.13880126178264618,0.15585383772850037,0.0033988346773035387,0.043290231113178264,0.0,0.0,0.0,0.0,0.0,0.9966011653226965,0.0,0.0,0.0,0.0,4528.565732015703
520,80.31828810110042,13.00165289256198,29.18237720000002,30.091570520000005,29.836347190000023,0.16331434836119713,-0.1563785970211029,0.05506458133459091,-0.05656450711763822,0.030887995769960475,-0.15555556118488312,0.1340782195329666,0.001835172359759991,0.04381872171600849,0.0,0.0,0.0,0.0,0.0,0.9981648276402401,0.0,0.0,0.0,0.0,5025.909117342487
521,80.32289873400728,13.00165289256198,29.55494138000006,30.002702,29.84840619058825,0.07548328596057349,-0.1598512977361679,0.06666667014360428,-0.05334885541130515,0.034007195496326276,-0.19760479032993317,0.17221418023109436,0.018944308711033243,0.04343054965237666,0.0,0.0,0.0,0.0,0.0,0.9810556912889667,0.0,0.0,0.0,0.0,5523.749865037471
522,80.32750936691414,13.00165289256198,29.68824416000001,29.941177639999978,29.82982588117649,0.05672333364844792,-0.14930325746536255,0.10204081982374191,-0.04569642908432905,0.03237153515663204,-0.13258109986782074,0.1677282303571701,0.01476552177877987,0.04201010634850051,0.0,0.0,0.0,0.0,0.0,0.9852344782212201,0.0,0.0,0.0,0.0,6021.964624300972
523,80.332119999821,13.00165289256198,29.55835940000003,29.920669520000047,29.75426280235296,0.06264377412224202,-0.17236363887786865,0.0901525691151619,-0.05663516117976262,0.03656079552646914,-0.1568627506494522,0.1530398279428482,0.00812912867619441,0.04338798001583405,0.0,0.0,0.0,0.0,0.0,0.9918708713238056,0.0,0.0,0.0,0.0,6520.467663463943
524,80.33673063272786,13.00165289256198,28.91918966000003,29.910415460000024,29.580345902352956,0.19076101234049478,-0.184523805975914,0.07692307978868484,-0.042599020565257356,0.03306687199147964,-0.06929434090852737,0.14325451850891113,0.03707685582778033,0.03389923692985219,0.0,0.0,0.0,0.0,0.0,0.9629231441722197,0.0,0.0,0.0,0.0,7019.197561925526
525,80.34134126563472,13.00165289256198,28.850829260000012,29.695080200000007,29.240613637647076,0.24733800899948594,-0.14786264300346375,0.12012012302875519,-0.03996304381127451,0.03656790001011766,-0.07875578850507736,0.16289262473583221,0.04042367374195772,0.03660957222923959,0.0,0.0,0.0,0.0,0.0,0.9595763262580422,0.0,0.0,0.0,0.0,7518.109172226704
526,80.34595189854159,13.00165289256198,28.977296000000024,29.780530699999986,29.439994195294137,0.2561797438511762,-0.15877079963684082,0.0895041823387146,-0.037789752666766825,0.03555923165590052,-0.09610389918088913,0.16546761989593506,0.02527310591477614,0.04120185492209971,0.0,0.0,0.0,0.0,0.0,0.9747268940852238,0.0,0.0,0.0,0.0,8017.168570437638
527,80.35056253144845,13.00165289256198,0.0,29.814710900000023,12.218775865882359,14.604273695507654,-0.1536812037229538,0.05627705529332161,-0.016694422703163295,0.02862206898218766,-0.1091761589050293,0.10360360145568848,-0.003581827201095282,0.021479902659287828,0.0,0.0,0.0,0.0,0.0,1.0035818272010952,0.0,0.0,0.0,0.0,8516.349775415672
528,80.15230531645344,13.006144448436935,36.81481586000001,44.52586898000004,41.22891075411767,1.4542521824188064,-0.005448241718113422,0.8261221051216125,0.3854899806602328,0.19693094312900752,-0.5962984561920166,0.2840043604373932,0.018756196265127145,0.16330242484477636,22.0,0.00819123125969757,92.50219686458857,2691.1387311934222,0.010832047260555946,0.9812438037348729,0.3854899806602328,0.02029738240319518,0.17750472314876614,0.08318031870142356,1118.0735974064212
529,80.1569159493603,13.006144448436935,40.21916378000003,46.64162336000004,44.59966982705884,1.4007260141270557,0.020233463495969772,0.6904024481773376,0.2521890079273897,0.13591735950994543,-0.26468586921691895,0.34091904759407043,0.1638845645680147,0.07789025676078636,2.0,0.0021601514767225134,268.3365002210238,119.1603368241994,0.0004796298255092528,0.8361154354319853,0.2521890079273897,0.005352726492730282,0.007859692387138031,0.006355512850493381,999.9999999999268
530,80.16152658226716,13.006144448436935,39.22793797999998,47.24661290000006,44.06953374235296,1.6356713836964794,0.0013280212879180908,0.6762087941169739,0.25757166935847353,0.12135086311452872,-0.2981511354446411,0.3419053256511688,0.14405768761268029,0.09452833057399407,0.0,0.0,0.0,0.0,0.0,0.8559423123873198,0.25757166935847353,0.0,0.0,0.0,999.9999999999268
531,80.16613721517402,13.006144448436935,38.752833200000055,47.144072300000005,42.544115176470605,1.7233088816906168,0.019452448934316635,0.8064030408859253,0.3475221880744485,0.1650828699774421,-0.3888888955116272,0.485743910074234,0.06403656005859375,0.11386035081740424,0.0,0.0,0.0,1344.6082138195998,0.005412154917991401,0.9359634399414063,0.3475221880744485,0.0,0.08868896499875413,0.03547558599950165,500.08856137436544
532,80.17074784808088,13.006144448436935,34.00862144000001,43.95164162000003,38.47632839176472,2.5276849216901707,0.10253807157278061,0.8615916967391968,0.5242885454963235,0.1860307594590226,-0.4784880578517914,0.386708527803421,-0.024014128142712164,0.108247668415927,8.0,0.006872321235585148,213.42191145195645,1289.7965017203826,0.005191533420850147,1.0240141281427122,0.5242885454963235,0.017029202044702214,0.08507364124427536,0.04424697772453147,0.0
533,80.17535848098774,13.006144448436935,38.7015629,45.308595560000015,42.055775917647075,2.035516963298122,0.0767378881573677,0.7953957915306091,0.35657850999098556,0.16634167278155046,-0.2964368462562561,0.3494212329387665,0.09109906710111178,0.12044466137882427,16.0,0.00896086162514917,139.14106680528187,998.4096192676461,0.004018678062169182,0.9089009328988882,0.35657850999098556,0.022204480535504386,0.06585406430480709,0.039664314043225464,500.08856137436544
534,80.1799691138946,13.006144448436935,36.15855601999999,44.59081136000003,40.16030050823531,2.22532586568768,0.04376325383782387,0.8762871026992798,0.4294891237745098,0.19194968734780127,-0.47303906083106995,0.4458293318748474,0.00973111021752451,0.16178282763196955,0.0,0.0,0.0,0.0,0.0,0.9902688897824755,0.4294891237745098,0.0,0.0,0.0,0.0
535,80.18457974680146,13.006144448436935,37.39929728000004,44.46092659999999,40.76629534823532,1.461113761523207,0.0015094339614734054,0.841489851474762,0.37995380476409313,0.1937122107864941,-0.33449599146842957,0.3758660554885864,0.032422234030330885,0.11410513648899803,1.0,0.004035207195813168,1002.5161552411719,62.72669186861223,0.000252479919724474,0.9675777659696692,0.37995380476409313,0.009999002705799415,0.00413738762149892,0.007654356672079217,499.9999999999634
536,80.18919037970832,13.006144448436935,36.83532398,41.87348545999998,39.27283021000002,1.150166103523562,-0.026047565042972565,0.8004529476165771,0.3935356727013221,0.1856786225265772,-0.30247366428375244,0.5552282929420471,0.04827523451585036,0.11058259427480809,64.0,0.01958987945266022,76.0461672005966,2859.8070434424153,0.011510950621598608,0.9517247654841496,0.3935356727013221,0.04854255262447823,0.1886299103131046,0.10457749569992879,707.1694063076017
537,80.19380101261518,13.006144448436935,37.98036067999999,43.09030058000002,40.62691346000002,1.3063871604667043,-0.006840530317276716,0.7683194279670715,0.30492769129136027,0.177165368897866,-0.3156413435935974,0.31552204489707947,0.030521042767693015,0.08919808911625797,202.0,0.10386181134233,127.74092700194721,6120.927508793108,0.02463721965915942,0.969478957232307,0.30492769129136027,0.2573633724976312,0.4037300382430181,0.31591003879578594,499.9999999999634
538,80.19841164552204,13.006144448436935,40.308032300000036,49.55719442000003,42.86416721529413,2.198295766308562,-0.01133391447365284,0.7650933265686035,0.30621357038909314,0.1659813995470274,-0.304323673248291,0.28621044754981995,0.042646412568933825,0.09484669854688162,88.0,0.09950973396987338,280.9366720884132,4249.01306984889,0.017102615279485218,0.9573535874310661,0.30621357038909314,0.24657918439740337,0.2802605008343614,0.2600517109721866,707.1694063076017
539,80.2030222784289,13.006144448436935,40.40715488000001,44.15672282000003,42.82821295647061,0.8386869615943643,-0.048700328916311264,0.8025551438331604,0.18613970243013822,0.15740202940634415,-0.2586767375469208,0.3247263431549072,0.06836934016301081,0.0895530253193058,165.0,0.16410401948990075,247.0932120109709,9961.12168513371,0.04009430640302501,0.9316306598369892,0.18613970243013822,0.40663997046164346,0.6570252683282224,0.506794089608275,1118.1924149581293
540,80.20763291133576,13.006144448436935,40.164475460000006,46.65871346000006,43.54263827176472,1.6343744420106443,-0.0638749822974205,0.7551807165145874,0.20794505399816177,0.15773668558413045,-0.24942034482955933,0.4491123557090759,0.061793039359298405,0.08981108290547904,214.0,0.20704840022096216,240.3718723698073,7400.203555083082,0.029786407410830995,0.9382069606407016,0.20794505399816177,0.5130535840114754,0.4881097611445013,0.5030760548646858,1414.3388126152033
541,80.21224354424263,13.006144448436935,41.91450170000002,47.23635883999998,43.74939891411766,1.1423705959983306,0.0003952569095417857,0.8004006147384644,0.27515651328890933,0.15445578857079975,-0.31300583481788635,0.3116838037967682,0.06275409174900429,0.09855162932087258,153.0,0.15882842518326443,257.9065307210166,6052.946412690556,0.024363590344820545,0.9372459082509957,0.27515651328890933,0.3935673624920975,0.3992460755609151,0.3958388477196245,1000.1771227487309
542,80.21685417714949,13.006144448436935,40.12004120000006,47.11331012000005,43.68016331176472,1.7097924487130522,-0.03558897227048874,0.8146659135818481,0.3081474891075721,0.1379751654164963,-0.29865124821662903,0.4938688576221466,0.10768861037034255,0.10659443656818593,18.0,0.020608444538890776,284.4449640662033,517.3367611695471,0.00208232157698031,0.8923113896296575,0.3081474891075721,0.051066496144359805,0.034122996894090506,0.044289096444252087,500.08856137436544
543,80.22146481005635,13.006144448436935,36.68834912,44.9907197,39.41136383529414,1.9063172475522132,-0.1512756049633026,0.847999095916748,0.47437294155943627,0.1938273141745355,-0.34420984983444214,0.4957983195781708,-0.037675003350949754,0.10863930855493174,47.0,0.06307377230996938,333.4083625424255,1563.3456827283364,0.006292590613635784,1.0376750033509499,0.47437294155943627,0.15629304503786892,0.10311666187326228,0.13502249177202624,0.0
544,80.22607544296321,13.006144448436935,35.12973199999999,39.870525740000005,37.656322922352956,1.248993972832784,0.033381711691617966,0.8560323119163513,0.563358273973652,0.1685584380303373,-0.40851977467536926,0.2768281102180481,-0.08607905369178921,0.10536856472346603,14.0,0.042964918460199585,762.4502247132131,0.0,0.0,1.0860790536917893,0.563358273973652,0.10646450481743192,0.0,0.06387870289045915,0.0
545,80.23068607587007,13.006144448436935,33.73176182000003,38.05213909999998,35.32611177000002,0.7536330692499849,0.04477611929178238,0.8253987431526184,0.6545024695763221,0.10587702753554212,-0.449607253074646,0.28312158584594727,-0.11457230788010818,0.10287310446148878,1.0,0.0016558743720777682,411.3892369096218,135.1500436791241,0.0005439896663184151,1.1145723078801082,0.6545024695763221,0.004103157910713667,0.008914356888679606,0.006027637501900043,0.0
546,80.23529670877693,13.006144448436935,35.52622231999999,40.10295110000004,37.704364435294146,0.9420167726354363,0.00038610037881881,0.7974821925163269,0.4923287185968137,0.15915786038133678,-0.34031015634536743,0.23744969069957733,-0.04982149011948529,0.09504452406038971,14.0,0.027783586040131907,493.0441434274063,1020.1441364682869,0.004106161221165709,1.0498214901194853,0.4923287185968137,0.06884606874222884,0.06728765054610834,0.06822270146378065,0.0
547,80.23990734168379,13.006144448436935,36.57213644000001,39.935468119999996,38.360411388235306,0.6468635650201217,-0.0076860180124640465,0.8167855143547058,0.4602751608455882,0.1921697901503024,-0.35653156042099,0.33072564005851746,-0.06252275055530024,0.11096436728379978,34.0,0.10948052555426566,799.9880451238802,1902.4483373364574,0.0076575057472625906,1.0625227505553003,0.4602751608455882,0.2712862111232539,0.1254835217186977,0.2129651353614314,0.0
548,80.24451797459065,13.006144448436935,36.23717048000003,42.06147656000002,39.44054118941178,1.1388733136218276,0.007272727321833372,0.8428351283073425,0.44477576622596154,0.22520475756695174,-0.38212525844573975,0.3485370874404907,-0.051387411264272834,0.13533422004693965,143.0,0.10938471610489502,190.04049240757547,4162.437051728641,0.016754139926267952,1.051387411264273,0.44477576622596154,0.2710488010233482,0.2745500363571389,0.2724492951568645,0.0
549,80.24912860749751,13.006144448436935,38.592186260000005,42.919399580000004,40.74221545647061,0.8521211191101987,-0.014556040987372398,0.8040497899055481,0.2882066434972426,0.18303547766165226,-0.33779972791671753,0.3913312554359436,0.0011650429519952513,0.10530786000889834,145.0,0.217931269007918,373.4023836911866,8349.919942507153,0.03360909134512966,0.9988349570480047,0.2882066434972426,0.5400206836341511,0.5507520703147897,0.5443132383064065,500.08856137436544
550,80.25373924040437,13.006144448436935,39.18692174,42.604941740000015,40.77837077529414,0.7718359784847314,-0.011369789019227028,0.7723619341850281,0.27551441865808823,0.17014790991829856,-0.2807158827781677,0.263191282749176,0.0018955017538631663,0.09453045020345617,208.0,0.2479073616311367,296.10901452249016,10522.09846831955,0.042352282536737354,0.9981044982461368,0.27551441865808823,0.6142996528924958,0.6940267158708876,0.6461904780838525,1000.1771227487309
551,80.25834987331123,13.006144448436935,38.37343298000002,42.755334619999985,40.74853110588237,0.8523947062415622,-0.03576795756816864,0.8447098731994629,0.30962451641376204,0.22003688687406306,-0.36965474486351013,0.32261306047439575,-0.00014130629025972807,0.1193167175005179,155.0,0.1700997855861155,272.6450445086561,8047.802271907827,0.032393043711372145,1.0001413062902598,0.30962451641376204,0.4214971211629993,0.5308247017044387,0.46522815337957507,707.1694063076017
552,80.26296050621809,13.006144448436935,36.62340674000001,42.36226232000001,39.2203923164706,1.2837730838733614,-0.03697334602475166,0.8476575016975403,0.3750240789675245,0.22429223793195263,-0.42243194580078125,0.4444444477558136,-0.031356548234528187,0.1129194456146647,197.0,0.132753191475139,167.41882321972813,6732.600206046316,0.027099250875848212,1.0313565482345282,0.3750240789675245,0.3289544889146461,0.44407533576524605,0.37500282765488613,499.9999999999634
553,80.26757113912495,13.006144448436935,34.760585839999976,42.48189302000003,36.72138209529413,1.6359388269404398,0.10983794182538986,0.8368580341339111,0.6456416590073529,0.13966310103210955,-0.3940814137458801,0.3277900815010071,-0.13435726390165442,0.10814476169400693,18.0,0.023692606675097004,327.0136492647391,1378.275692509856,0.0055476691953080855,1.1343572639016544,0.6456416590073529,0.05870886592825777,0.0909096370193975,0.07158917436471365,0.0
554,80.27218177203181,13.006144448436935,34.47347216000003,44.78905652000003,38.44583692000002,3.1088411403604703,-0.0347188264131546,0.8434698581695557,0.5177403846153846,0.2381558572052469,-0.4018794894218445,0.21700459718704224,-0.08872567396897536,0.12920120298101798,58.0,0.033461606487633355,143.3323873336048,2434.251497760379,0.009798055730901062,1.0887256739689755,0.5177403846153846,0.08291586468159455,0.16056070732288436,0.11397380173811048,0.0
555,80.27679240493867,13.006144448436935,30.395774300000028,45.226563080000005,33.05168228352944,3.8698300756833977,-0.4258996844291687,0.5043848752975464,-0.13141529756433823,0.15302034313289256,-0.4090415835380554,0.33256563544273376,0.0008141143649232153,0.08669328934658208,1.0,0.0016209332293994048,402.708379070651,0.0,0.0,0.9991858856350768,0.0,0.00401657584361506,0.0,0.002409945506169036,500.08856137436544
556,80.28140303784554,13.006144448436935,30.218037260000017,30.840116899999998,30.515712503529432,0.12857337568805421,-0.22857142984867096,0.0,-0.10962904986213236,0.031051885466957002,-0.16309963166713715,0.07703281193971634,-0.04587041518267463,0.033247057748327924,0.0,0.0,0.0,0.0,0.0,1.0458704151826745,0.0,0.0,0.0,0.0,1000.1771227487309
557,80.2860136707524,13.006144448436935,29.927505559999986,30.648707779999995,30.244659969411778,0.13091524791866396,-0.14842768013477325,0.02460024692118168,-0.06630225088082108,0.024354937440638002,-0.14424410462379456,0.08038146793842316,-0.046749815099379595,0.03246959496085453,0.0,0.0,0.0,0.0,0.0,1.0467498150993797,0.0,0.0,0.0,0.0,1500.2656841230962
558,80.29062430365926,13.006144448436935,29.595957620000036,30.269307560000016,29.881817631764726,0.12854970768581142,-0.1469002664089203,0.047743622213602066,-0.05920649601862981,0.025428303106466148,-0.14552736282348633,0.08227425068616867,-0.04268132429856521,0.035704726764600896,0.0,0.0,0.0,0.0,0.0,1.0426813242985653,0.0,0.0,0.0,0.0,2000.3542454974618
559,80.29523493656612,13.006144448436935,29.773694660000046,30.501732919999995,30.182071174117667,0.18263355723820607,-0.1502445787191391,0.04049844294786453,-0.05886400409773284,0.0264059919868804,-0.14770318567752838,0.08792846649885178,-0.04341868082682292,0.03448654504780983,0.0,0.0,0.0,0.0,0.0,1.0434186808268229,0.0,0.0,0.0,0.0,2500.442806871827
560,80.29984556947298,13.006144448436935,29.57203148000002,30.508568960000048,30.211508723529427,0.17152806286258207,-0.16106194257736206,0.020408162847161293,-0.06088565003638174,0.025669046476100892,-0.1420373022556305,0.07920059561729431,-0.055045668658088236,0.028395348360728292,0.0,0.0,0.0,0.0,0.0,1.0550456686580882,0.0,0.0,0.0,0.0,3000.5313682461924
561,80.30445620237984,13.006144448436935,29.503671080000004,30.303487760000053,29.987622500000022,0.14985405236445096,-0.15051546692848206,0.026773761957883835,-0.06670610868013822,0.025519475890535548,-0.1621818244457245,0.028301887214183807,-0.05739795391376202,0.0290398116771409,0.0,0.0,0.0,0.0,0.0,1.0573979539137621,0.0,0.0,0.0,0.0,3500.6199296205577
562,80.3090668352867,13.006144448436935,29.77027664000002,30.14967686,29.91418829176473,0.07635963551953054,-0.15010571479797363,0.06027219817042351,-0.05934058095894608,0.02975055527840676,-0.16916167736053467,0.1011904776096344,-0.0312240540747549,0.03738720372042376,0.0,0.0,0.0,0.0,0.0,1.0312240540747548,0.0,0.0,0.0,0.0,4000.7084909949235
563,80.31367746819356,13.006144448436935,29.807874860000027,30.098406560000058,29.920089994117667,0.05859603590437388,-0.17654477059841156,0.06134094297885895,-0.055846366134344363,0.032084618050088595,-0.15278901159763336,0.1319875717163086,-0.02100560805376838,0.04212413625851039,0.0,0.0,0.0,0.0,0.0,1.0210056080537684,0.0,0.0,0.0,0.0,4500.797052369288
564,80.31828810110042,13.006144448436935,29.742932480000036,30.074480419999986,29.896709870000016,0.055043548848650745,-0.16841256618499756,0.05093833804130554,-0.06167502183180589,0.03142763582729931,-0.14773571491241455,0.13725490868091583,-0.02747654254619892,0.037782086915925266,0.0,0.0,0.0,0.0,0.0,1.027476542546199,0.0,0.0,0.0,0.0,5000.885613743654
565,80.32289873400728,13.006144448436935,29.667736040000023,29.98561189999998,29.84451508823531,0.06686637084535645,-0.1733899563550949,0.06618181616067886,-0.056776936848958334,0.03259971205535872,-0.13439635932445526,0.14015747606754303,-0.01877157772288603,0.040596695414721974,0.0,0.0,0.0,0.0,0.0,1.018771577722886,0.0,0.0,0.0,0.0,5500.97417511802
566,80.32750936691414,13.006144448436935,29.65406396000003,29.951431700000057,29.785699124705907,0.0699169224077082,-0.15444618463516235,0.0692410096526146,-0.05331803864123775,0.033036168855037164,-0.1183098554611206,0.14516128599643707,-0.020712090286554075,0.033862851493959206,0.0,0.0,0.0,0.0,0.0,1.020712090286554,0.0,0.0,0.0,0.0,6001.062736492385
567,80.332119999821,13.006144448436935,29.01831224,29.954849720000027,29.566413627058832,0.21031609208996627,-0.1666666716337204,0.08618330955505371,-0.06303758474496694,0.034020938019764774,-0.13639679551124573,0.13233081996440887,0.00033995811755840595,0.04093549031837718,0.0,0.0,0.0,0.0,0.0,0.9996600418824416,0.0,0.0,0.0,0.0,6501.151297866751
568,80.33673063272786,13.006144448436935,28.878173420000053,29.698498220000033,29.229200525882373,0.2262364438451468,-0.16722632944583893,0.09577465057373047,-0.044687126010072,0.03389828561493391,-0.08054523169994354,0.18274854123592377,0.034912094415402876,0.03711654081449811,0.0,0.0,0.0,0.0,0.0,0.9650879055845971,0.0,0.0,0.0,0.0,7001.2398592411155
569,80.34134126563472,13.006144448436935,28.874755400000026,29.797620800000004,29.40173366000002,0.2290759090234334,-0.1611868441104889,0.07033144682645798,-0.03934493420170803,0.036833931762716536,-0.09450829774141312,0.17767295241355896,0.04081519631778493,0.037146937366258785,0.0,0.0,0.0,0.0,0.0,0.959184803682215,0.0,0.0,0.0,0.0,7501.328420615481
570,80.34595189854159,13.006144448436935,29.090090659999987,29.862563180000052,29.5496546847059,0.19790674159017865,-0.16368456184864044,0.10375276207923889,-0.042932894780085634,0.03778134310610169,-0.13406293094158173,0.16934306919574738,0.005083092909592849,0.04139654226157165,0.0,0.0,0.0,0.0,0.0,0.9949169070904071,0.0,0.0,0.0,0.0,8001.416981989847
571,80.35056253144845,13.006144448436935,0.0,29.85572714,12.240738714117656,14.630531450514559,-0.15518441796302795,0.0514138825237751,-0.02365171843884038,0.03657010062546895,-0.15268225967884064,0.12184873968362808,0.0063132312251072305,0.02590059333990753,0.0,0.0,0.0,0.0,0.0,0.9936867687748928,0.0,0.0,0.0,0.0,8501.505543364212
572,80.15230531645344,13.01063600431189,39.952558220000014,44.095198460000006,42.108285841250016,0.9102382615854201,0.009357455186545849,0.7252047061920166,0.22953507965686273,0.13224450330004942,-0.30796515941619873,0.2654792070388794,0.0695323091394761,0.06991770206850696,235.0,0.11864343791515254,125.42999384053847,11256.39262617482,0.04530787487720029,0.9304676908605239,0.22953507965686273,0.2939913613283223,0.7424599979195076,0.4733788159647965,1581.1639734597386
573,80.1569159493603,13.01063600431189,39.21768392000001,45.47266051999998,42.314359775000014,1.3728649314499202,-0.032957110553979874,0.7696969509124756,0.2988122319240196,0.18248340951008032,-0.3903166353702545,0.26225489377975464,0.035693149940640316,0.09252850144015402,106.0,0.14080424547625425,330.01632589460695,5199.330689159657,0.020927719219908335,0.9643068500593597,0.2988122319240196,0.3489045204335272,0.34294246663712247,0.3465196989149653,1499.9999999998902
574,80.16152658226716,13.01063600431189,39.69278870000005,45.028317920000006,42.05026746500002,1.138856873709171,-0.01063164509832859,0.7312355041503906,0.26754361666165866,0.16210061090607356,-0.33010804653167725,0.297344833612442,0.04799996302678035,0.09719670431682367,54.0,0.08231752391835967,378.72509153209677,3181.7418445671738,0.012806763780608294,0.9520000369732197,0.26754361666165866,0.20397791351294373,0.2098643963257457,0.20633250663806452,1118.1762132460326
575,80.16613721517402,13.01063600431189,38.264056340000025,44.19090302000001,41.46631382750002,1.5196006493020664,-0.03385276719927788,0.8001784086227417,0.2567922315410539,0.1900809052436829,-0.3447815179824829,0.2713259756565094,0.046300401874617036,0.1127283984419226,228.0,0.10591447487013088,115.41068290185085,6523.295766836631,0.02625678387439487,0.953699598125383,0.2567922315410539,0.2624497502652642,0.4302698317586774,0.3295777828626295,707.1630016957065
576,80.17074784808088,13.01063600431189,34.64095514000002,45.67774172000003,41.11212150500002,3.1635263666617828,0.003347467165440321,0.843466579914093,0.36734181123621323,0.26499445122254783,-0.33958590030670166,0.2875206172466278,0.016680766086952358,0.13653102548255758,61.0,0.07721938743853066,314.50101953802016,3049.968370195209,0.012276365074090554,0.9833192339130477,0.36734181123621323,0.19134503545175352,0.20117275445101637,0.19527612305145867,499.9999999999634
577,80.17535848098774,13.01063600431189,36.32945702000001,45.44189834000002,40.767002015000024,2.240694612871751,0.017872340977191925,0.8255674839019775,0.3687531926081731,0.17015252050897597,-0.2831709682941437,0.3337259590625763,0.13353806715745192,0.11930023278997368,0.0,0.0,0.0,0.0,0.0,0.866461932842548,0.3687531926081731,0.0,0.0,0.0,707.1630016957065
578,80.1799691138946,13.01063600431189,34.61361098000003,40.95745610000006,38.08297667750002,1.7616097448150005,-0.028195170685648918,0.779754102230072,0.36481215533088235,0.21229833844551407,-0.35150355100631714,0.4968636631965637,0.030689469879748774,0.10709968893277441,64.0,0.058960379241295255,228.87894072187643,4785.274992657244,0.01926111213606336,0.9693105301202513,0.36481215533088235,0.14610030240339789,0.31563178178690776,0.2139128941568018,499.9999999999634
579,80.18457974680146,13.01063600431189,36.934446560000026,42.427204700000004,39.33235095125002,1.2580820689001437,0.04474852234125137,0.7347411513328552,0.4151082835477941,0.17670919159984505,-0.29437416791915894,0.23727624118328094,0.001071612788181679,0.10316988439517334,155.0,0.05346306246736419,85.69345925838358,5119.394516335135,0.020605969771681564,0.9989283872118183,0.4151082835477941,0.13247827938703174,0.33766995947785905,0.21455495142336267,0.0
580,80.18919037970832,13.01063600431189,36.527702180000006,45.192382880000025,40.773167855000025,1.7192829828307539,-0.04798794910311699,0.7686516046524048,0.3515160193810096,0.2218537460091861,-0.28126513957977295,0.24061033129692078,0.0016988387474646935,0.10737964095199935,140.0,0.13990941763282988,248.28155326877445,4640.087031387992,0.018676719053721272,0.9983011612525353,0.3515160193810096,0.34668719041961654,0.306055334251554,0.3304344479523915,500.0795046463296
581,80.19380101261518,13.01063600431189,36.73620140000003,43.05612038000004,41.18998199000002,1.294360572736789,-0.0052083334885537624,0.7908343076705933,0.32317579082414216,0.20010160322627335,-0.3019242286682129,0.27429714798927307,0.01684504939060585,0.10634661085538483,200.0,0.12634435046844214,156.9464048828613,6366.556938725376,0.025625897635054715,0.9831549506093942,0.32317579082414216,0.3130737632276256,0.41993150101115323,0.35581685834103666,999.9999999999268
582,80.19841164552204,13.01063600431189,38.66396468000005,43.63718377999999,41.41423928750002,1.0803742941850774,-0.009563797153532505,0.8223091959953308,0.243294677734375,0.16683447550811942,-0.27736493945121765,0.24696707725524902,0.05535175398284314,0.09204038256018764,142.0,0.10192495637051588,178.3272574023361,12114.543068446214,0.048761998605421644,0.9446482460171569,0.243294677734375,0.25256396142302645,0.7990627121942279,0.471163461731507,1118.069546569967
583,80.2030222784289,13.01063600431189,38.311908620000054,44.84374484,41.263946937500016,1.5108895054270841,-0.054528508335351944,0.7885819673538208,0.23134753887469953,0.18835014718564486,-0.29862719774246216,0.3503675162792206,0.05185257544884315,0.10383431539189678,102.0,0.21395778752271064,521.1388701712798,8253.625527434178,0.03322149867184689,0.9481474245511569,0.23134753887469953,0.530174633556907,0.5444005904411673,0.5358650163106111,1414.326003391413
584,80.20763291133576,13.01063600431189,40.39690082000004,45.08642426000006,42.372528946250014,1.0376753969096832,-0.043844856321811676,0.7586911916732788,0.27924404967064953,0.18197529850491367,-0.25884827971458435,0.3387354016304016,0.036604336009306064,0.10267208681049499,72.0,0.2132127067914418,735.7090998219251,7527.243409224644,0.0302977529197358,0.963395663990694,0.27924404967064953,0.528328367953563,0.4964891783320564,0.5155926921049603,1581.3651060731765
585,80.21224354424263,13.01063600431189,39.788493259999996,43.69870814000001,41.741866557500025,0.8981186386452078,-0.02977602183818817,0.7766590118408203,0.30435996859681375,0.17865145242297964,-0.38903704285621643,0.3425549268722534,0.0282037353515625,0.10390629321466487,40.0,0.12382679525419064,769.095344241988,6868.799057820706,0.02764746207809991,0.9717962646484375,0.30435996859681375,0.30683541159467376,0.45305887094950315,0.3653247953366055,1118.1762132460326
586,80.21685417714949,13.01063600431189,39.56632195999998,43.15524296000001,40.92702064250002,0.6022505537297447,-0.010844748467206955,0.8231384754180908,0.35812899076021637,0.1985493304330959,-0.34864524006843567,0.32735541462898254,-0.0007904294820932241,0.10896022903550455,53.0,0.11280951268519575,528.8048066506317,3685.5585347460133,0.014834665997397361,1.0007904294820933,0.35812899076021637,0.2795352426387307,0.2430956233417768,0.26495939491994913,707.1630016957065
587,80.22146481005635,13.01063600431189,37.55310817999998,41.96235397999999,40.023959652500025,0.7703390018909712,-0.06912442296743393,0.8171489238739014,0.3145348642386642,0.20048790685091553,-0.33806082606315613,0.43702608346939087,0.006265937206791896,0.10948579167241414,106.0,0.18379335856228687,430.7740062197561,2597.219026605139,0.010454012985694693,0.9937340627932081,0.3145348642386642,0.4554289780904122,0.17130987671891895,0.34178133754181494,499.9999999999634
588,80.22607544296321,13.01063600431189,36.397817420000024,42.56392549999998,39.15455108000002,1.7042149256960182,-0.00726312305778265,0.8048457503318787,0.4468399107689951,0.2086269259593623,-0.3614608645439148,0.35738176107406616,-0.040425687303730085,0.12712479488084422,161.0,0.11722403498944997,180.89073804691276,4295.594116933012,0.01729010769584148,1.04042568730373,0.4468399107689951,0.29047416555472105,0.2833329384500096,0.2876176747128365,0.0
589,80.23068607587007,13.01063600431189,36.65075090000005,42.18794330000003,39.633151371875016,1.2738715293639162,-0.0020040080416947603,0.7685444355010986,0.3897444035456731,0.1833427506989249,-0.34445372223854065,0.27089881896972656,-0.04850259340726412,0.10963373342198139,77.0,0.16698709535785375,538.7877659801754,2665.9673129696553,0.010730730301807354,1.048502593407264,0.3897444035456731,0.41378406046886745,0.1758444424760228,0.31860821327172956,499.9999999999634
590,80.23529670877693,13.01063600431189,37.17028994000003,45.783700339999996,40.01307728000002,2.0287442670544094,-0.020894356071949005,0.8136020302772522,0.44372242647058824,0.20038044795195506,-0.3317471146583557,0.26623058319091797,-0.0476458111931296,0.11894489300133293,53.0,0.19801790684694048,928.2268706874829,0.0,0.0,1.0476458111931295,0.44372242647058824,0.4906765601562356,0.0,0.2944059360937414,0.0
591,80.23990734168379,13.01063600431189,35.96372888000002,46.159682540000006,39.500638171250024,2.4152189557829447,0.024282561615109444,0.8472906351089478,0.47174546185661764,0.21142781227029137,-0.37501057982444763,0.3127017915248871,-0.05174336751302083,0.1386167904021208,43.0,0.11711142063479058,676.6379222397486,994.1338718057776,0.004001467838837208,1.0517433675130208,0.47174546185661764,0.29019511390202785,0.06557204043116736,0.20034588451368365,0.0
592,80.24451797459065,13.01063600431189,36.68493110000003,42.08882072000006,38.80615179875002,1.3736249654246957,0.01769259199500084,0.8763006925582886,0.5208015324519231,0.22672097287741008,-0.44793638586997986,0.39409929513931274,-0.09664715106670672,0.15278751510987726,99.0,0.11080603212405073,278.06975186458385,2445.806386537057,0.009844565076505826,1.0966471510667066,0.5208015324519231,0.2745707373283984,0.16132285581769995,0.22927158472411902,0.0
593,80.24912860749751,13.01063600431189,37.41980540000003,43.049284339999986,40.59789798875002,1.139833189892373,0.002521432237699628,0.8324270248413086,0.3543090580958946,0.20227894461130902,-0.3504684567451477,0.34018412232398987,-0.02576839671415441,0.10974045586165761,80.0,0.12610801148905962,391.6320547130064,6339.634336277645,0.025517532020636294,1.0257683967141544,0.3543090580958946,0.3124881293358186,0.41815571404092533,0.35475516321786127,500.0795046463296
594,80.25373924040437,13.01063600431189,32.501274620000004,41.309512160000054,39.089797193750016,2.1357813500017335,-0.17347866296768188,0.8265950083732605,0.3343325865502451,0.22677481662085097,-0.4399999976158142,0.41931235790252686,-0.0484404769598269,0.10557008689127632,104.0,0.16347413744807174,390.51817921959525,5550.354720456099,0.022340618842109437,1.048440476959827,0.3343325865502451,0.4050791603384068,0.36609564814040657,0.3894857554592067,1000.1590092926592
595,80.25834987331123,13.01063600431189,32.26543124,41.90766566000002,37.55056979750002,3.012199304426262,-0.3697270452976227,0.8334234952926636,0.2219446270282452,0.31583521061005443,-0.3689086437225342,0.5093509554862976,-0.020360801403339093,0.12900030970924872,37.0,0.05871478503589235,394.2496274873562,5393.418074911217,0.02170893637187818,1.0203608014033392,0.2219446270282452,0.14549173461364467,0.35574426955986543,0.22959274859213297,500.0795046463296
596,80.26296050621809,13.01063600431189,32.99688752000003,40.80706322000003,37.12951245875002,2.2453590086963287,-0.3464480936527252,0.8670094609260559,0.42983561197916664,0.3015058850806056,-0.5285983681678772,0.49392542243003845,-0.0680337464575674,0.1609455531083142,54.0,0.04620050256833043,212.55850189776308,2368.3509706275513,0.00953280087201024,1.0680337464575673,0.42983561197916664,0.11448208921448845,0.15621397681490984,0.131174844254657,0.0
597,80.26757113912495,13.01063600431189,33.00714158000005,38.19569594000001,35.37365547875002,1.2796058091050106,-0.21912351250648499,0.8719890117645264,0.6329314108455882,0.23326651380574248,-0.5887600183486938,0.5465325117111206,-0.17975509344362745,0.15001665965227223,18.0,0.014765030048025568,203.7921121859251,0.0,0.0,1.1797550934436274,0.6329314108455882,0.03658686363233105,0.0,0.02195211817939863,0.0
598,80.27218177203181,13.01063600431189,31.968063500000028,40.772883019999995,34.51395433437502,1.3460694260794688,-0.3807380795478821,0.8687971234321594,0.48203772911658654,0.3787224614836516,-0.5864889621734619,0.5762341618537903,-0.16276139479417068,0.17727611374323546,4.0,0.008227823303191514,511.0348356137539,0.0,0.0,1.1627613947941706,0.48203772911658654,0.020388055304028208,0.0,0.012232833182416924,0.0
599,80.27679240493867,13.01063600431189,30.429954500000008,44.39598422000006,34.39715732375002,3.8497229226082763,-0.3731490671634674,0.7711738348007202,-0.08637801824831495,0.2539900125650863,-0.4120917320251465,0.5379142761230469,-0.004022097868077895,0.10673839668677455,1.0,0.0010723706639881193,266.4222338248844,0.0,0.0,1.0040220978680778,0.0,0.002657270531724534,0.0,0.0015943623190347203,500.0795046463296
600,80.28140303784554,13.01063600431189,30.334249940000007,30.82302679999998,30.568183250000015,0.11317463623551846,-0.3360881507396698,-0.01130653265863657,-0.14224451401654412,0.0514595434938083,-0.34795963764190674,0.11147540807723999,-0.031655375162760416,0.044661099705675875,0.0,0.0,0.0,0.0,0.0,1.0316553751627604,0.0,0.0,0.0,0.0,1000.1590092926592
601,80.2860136707524,13.01063600431189,30.077898440000013,30.518823020000013,30.302407062500023,0.11178960578744383,-0.15558424592018127,0.020457280799746513,-0.07394210516237745,0.02407986949494032,-0.1634819507598877,0.057208236306905746,-0.04915828031652114,0.03111105835939805,0.0,0.0,0.0,0.0,0.0,1.0491582803165211,0.0,0.0,0.0,0.0,1500.2385139389887
602,80.29062430365926,13.01063600431189,29.71900634000002,30.320577860000014,29.98380236000002,0.14970383693927,-0.14552238583564758,0.03817734122276306,-0.06221991905799279,0.02382061100088447,-0.15688949823379517,0.08081518113613129,-0.03630822401780349,0.03270958584628416,0.0,0.0,0.0,0.0,0.0,1.0363082240178034,0.0,0.0,0.0,0.0,2000.3180185853184
603,80.29523493656612,13.01063600431189,29.70875228,30.44020856000003,30.04995110000002,0.22003789520888395,-0.14964675903320312,0.04269392788410187,-0.05809076047411152,0.02548523514655679,-0.1453104317188263,0.07517730444669724,-0.027213006113089768,0.030931869970868345,0.0,0.0,0.0,0.0,0.0,1.0272130061130897,0.0,0.0,0.0,0.0,2500.397523231648
604,80.29984556947298,13.01063600431189,29.500253059999977,30.49147886000003,30.162104881250016,0.229275853406958,-0.14828898012638092,0.02688860520720482,-0.056296554266237746,0.02702990922538662,-0.13588391244411469,0.07584269344806671,-0.03773219089882047,0.03396489346468308,0.0,0.0,0.0,0.0,0.0,1.0377321908988204,0.0,0.0,0.0,0.0,3000.4770278779774
605,80.30445620237984,13.01063600431189,29.91725150000002,30.368430139999987,30.224936131250015,0.07543792630751006,-0.16787360608577728,0.040673211216926575,-0.06565701411320612,0.029025549007036033,-0.17378497123718262,0.09290417283773422,-0.04075361985426683,0.03355183951470299,0.0,0.0,0.0,0.0,0.0,1.0407536198542668,0.0,0.0,0.0,0.0,3500.5565325243074
606,80.3090668352867,13.01063600431189,29.56177742,30.22829132000004,29.87276697500002,0.1201154825133319,-0.1590767353773117,0.06868132203817368,-0.05495853199678309,0.031161444826197194,-0.11530398577451706,0.12145454436540604,0.009338298124425552,0.03711651765114042,0.0,0.0,0.0,0.0,0.0,0.9906617018755745,0.0,0.0,0.0,0.0,4000.636037170637
607,80.31367746819356,13.01063600431189,29.736096439999983,30.023210120000044,29.86657181375002,0.06163905230961064,-0.17412251234054565,0.06356801092624664,-0.052769344554227944,0.031993388892560745,-0.12439193576574326,0.12470952421426773,0.015371901568244485,0.03516263307673787,0.0,0.0,0.0,0.0,0.0,0.9846280984317555,0.0,0.0,0.0,0.0,4500.715541816967
608,80.31828810110042,13.01063600431189,29.12768888000005,30.026628140000014,29.651464840625017,0.23936331436196567,-0.15835776925086975,0.06988564133644104,-0.05331348125751202,0.032471403066382444,-0.15455305576324463,0.16680637001991272,0.005868504964388334,0.041446736983365935,0.0,0.0,0.0,0.0,0.0,0.9941314950356117,0.0,0.0,0.0,0.0,5000.795046463296
609,80.32289873400728,13.01063600431189,29.65406396000003,30.019792100000018,29.826284416250022,0.06253204264288433,-0.18528428673744202,0.0656934306025505,-0.05331062466490503,0.03336911687133273,-0.12670007348060608,0.13882702589035034,-0.015267369887408087,0.04064914468380557,0.0,0.0,0.0,0.0,0.0,1.0152673698874082,0.0,0.0,0.0,0.0,5500.874551109626
610,80.32750936691414,13.01063600431189,29.045656399999984,29.99586596000006,29.604490103750017,0.25458682102097435,-0.2085047960281372,0.07723035663366318,-0.05269661697686887,0.0337217187297231,-0.13806255161762238,0.1386861354112625,-0.010449042226753982,0.04120752724794491,0.0,0.0,0.0,0.0,0.0,1.010449042226754,0.0,0.0,0.0,0.0,6000.954055755955
611,80.332119999821,13.01063600431189,29.062746500000003,29.879653280000014,29.67492393500002,0.1459197625001109,-0.16585025191307068,0.08036338537931442,-0.057182851938100965,0.03431801737073445,-0.11852377653121948,0.17221418023109436,-0.005864227001483624,0.03881914722861218,0.0,0.0,0.0,0.0,0.0,1.0058642270014837,0.0,0.0,0.0,0.0,6501.033560402285
612,80.33673063272786,13.01063600431189,29.004640160000008,29.842055060000007,29.555506861250024,0.19913143459936666,-0.1863173246383667,0.06345733255147934,-0.058738056257659314,0.03593528613812822,-0.14395099878311157,0.17220990359783173,0.004895181468888825,0.04329850305748721,0.0,0.0,0.0,0.0,0.0,0.9951048185311112,0.0,0.0,0.0,0.0,7001.113065048615
613,80.34134126563472,13.01063600431189,29.06616452000003,29.811292879999996,29.63883366500002,0.1070943334457176,-0.1731761246919632,0.0694645419716835,-0.04445671530330882,0.03416925758732287,-0.11344537883996964,0.15944159030914307,0.018952092189414828,0.04438125423019271,0.0,0.0,0.0,0.0,0.0,0.9810479078105852,0.0,0.0,0.0,0.0,7501.192569694944
614,80.34595189854159,13.01063600431189,28.994386100000042,29.85572714,29.65253087750002,0.15324063072270785,-0.18132612109184265,0.06405425816774368,-0.04911138681265024,0.03532411103465068,-0.11826451867818832,0.09701492637395859,-0.01143490717961238,0.032173723312738454,0.0,0.0,0.0,0.0,0.0,1.0114349071796125,0.0,0.0,0.0,0.0,8001.272074341274
615,80.35056253144845,13.01063600431189,0.0,29.77027664000002,12.131354682205892,14.500823659029399,-0.15726609528064728,0.06647605448961258,-0.018787099800857843,0.03262920551827134,-0.0918114110827446,0.15058480203151703,0.003537313797894646,0.024304667788339146,0.0,0.0,0.0,0.0,0.0,0.9964626862021053,0.0,0.0,0.0,0.0,8501.351578987604
616,80.15230531645344,13.015127560186844,39.200593819999995,42.406696580000016,41.051918818823545,0.7115592326892731,-0.02089136466383934,0.7922077775001526,0.24897374770220587,0.16589098109012498,-0.2967551648616791,0.2508361339569092,0.04049595253140319,0.08392198853731414,306.0,0.20899682118757043,169.6851335710609,11465.316027943358,0.04614880817267158,0.9595040474685969,0.24897374770220587,0.5178816549311959,0.7562403690911478,0.6132251405951767,2061.569899325999
617,80.1569159493603,13.015127560186844,39.463781359999984,43.49362694000001,41.36118458000003,0.8124032758428588,-0.00589622650295496,0.7402843832969666,0.2609367819393382,0.14725576724797815,-0.24399039149284363,0.26317620277404785,0.047143782073376224,0.07650233594582845,222.0,0.12824473340969397,143.5198940751736,10651.983865818613,0.04287508158379429,0.9528562179266238,0.2609367819393382,0.3177827987862824,0.7025938221508059,0.47170720813209177,1802.9514825053395
618,80.16152658226716,13.015127560186844,38.53066190000004,44.11570658000005,41.24909954352943,0.9758129602641,-0.03328509256243706,0.7727487087249756,0.29609551062950723,0.18519603525459757,-0.34268349409103394,0.26071569323539734,0.031555739182692305,0.10143343669806491,230.0,0.1051009039979633,113.52830557922904,6689.937893668443,0.02692753167811039,0.9684442608173077,0.29609551062950723,0.2604337701786397,0.4412613738316811,0.3327648116398563,1414.313189937162
619,80.16613721517402,13.015127560186844,38.81777557999999,45.8281346,42.498663789411786,1.3933704677475793,-0.0147368423640728,0.6113385558128357,0.1934729243259804,0.12279391489975136,-0.1664304882287979,0.2907904386520386,0.08695538090724571,0.07032274216845379,198.0,0.09676814098009683,121.42070442793194,8737.73167841791,0.03517006440195927,0.9130446190927543,0.1934729243259804,0.2397856805219593,0.5763317307086461,0.374404100596634,1118.0654944176786
620,80.17074784808088,13.015127560186844,40.49944142000004,44.61473750000005,42.305705324705905,0.9036188385311417,0.0017832375597208738,0.7455896139144897,0.22679610906862746,0.13824596569140474,-0.24462099373340607,0.28497642278671265,0.0738916135301777,0.0709971808217458,270.0,0.1610082868987806,148.15284836225885,9993.525537700829,0.04022473448477443,0.9261083864698223,0.22679610906862746,0.3989689297807191,0.6591625928786847,0.5030463950199053,999.9999999999268
621,80.17535848098774,13.015127560186844,36.28844078000003,43.05270236000001,41.27438579529414,1.4123950800035463,-0.022026430815458298,0.7670308947563171,0.27899404672475964,0.18634923923151878,-0.2569286823272705,0.4700089395046234,0.05786176241361178,0.09009938387456484,235.0,0.14247010067221097,150.619572087552,9321.806689217537,0.0375210127374565,0.9421382375863883,0.27899404672475964,0.35303241023039417,0.6148567134188923,0.4577621315057934,1118.0654944176786
622,80.1799691138946,13.015127560186844,36.117539780000016,43.322725940000055,39.861123228235314,1.6836606180629141,-0.0028186659328639507,0.7962517738342285,0.31584609087775734,0.19444730427116316,-0.5825142860412598,0.45496535301208496,0.011212521721335019,0.10157705909119957,156.0,0.13638841004069344,217.20929637434185,7640.04922772727,0.030751805304000755,0.988787478278665,0.31584609087775734,0.33796234365649563,0.5039297332729007,0.40434929950305765,707.156594968581
623,80.18457974680146,13.015127560186844,36.493521980000025,45.257325260000016,41.543865330588254,2.0095636814603854,0.0005453553749248385,0.7844509482383728,0.2750978956035539,0.18160752892036378,-0.5057373046875,0.5430608987808228,0.035293872309666054,0.10855994897195188,127.0,0.06731276289864027,131.67982369672956,4314.0143705871105,0.01736425068067532,0.9647061276903339,0.2750978956035539,0.16679701083421186,0.28454791930079276,0.2138973742208442,499.9999999999634
624,80.18919037970832,13.015127560186844,39.12197936000001,47.04494971999998,43.782874090000014,1.316692949264436,-0.03205255791544914,0.7856737971305847,0.18694395798903246,0.1631186627328805,-0.3475005328655243,0.3658631443977356,0.060748197115384615,0.09115106637364588,35.0,0.11381772438821133,807.9182053286286,1648.277769720591,0.0066344490134180095,0.9392518028846154,0.18694395798903246,0.28203353109264984,0.10871869435611443,0.21270759639803566,707.156594968581
625,80.19380101261518,13.015127560186844,38.16151574000003,43.63034774000005,41.61673184000002,1.2199108017901876,-0.015132085420191288,0.8411440849304199,0.3462700578278186,0.20825655091139555,-0.2841565012931824,0.39544764161109924,0.03520402496936274,0.11788981981593473,127.0,0.08035516881376592,157.1938813215967,5860.840533146058,0.023590348912806425,0.9647959750306373,0.3462700578278186,0.19911531463055399,0.3865749707350876,0.2740991770723675,499.9999999999634
626,80.19841164552204,13.015127560186844,38.212786040000026,43.179169100000024,40.78099638235296,1.0420440268585216,-0.016719166189432144,0.7487655282020569,0.32227828680300247,0.17556874901651318,-0.26566073298454285,0.4385605752468109,0.036020145790249695,0.09434031100724646,165.0,0.15098958033971557,227.34665794474884,7269.5994943700025,0.02926071568722475,0.9639798542097503,0.32227828680300247,0.3741431726060583,0.4794952525833989,0.41628400459699455,707.156594968581
627,80.2030222784289,13.015127560186844,39.10147124000002,43.61325764000003,41.89892546352944,0.9421946049329764,-0.041239820420742035,0.7453241348266602,0.19306036142202523,0.15729298666338185,-0.26100629568099976,0.41196638345718384,0.07508034926194411,0.09969155653725406,163.0,0.22248318022644342,339.1057234729924,8055.559326401431,0.032424266472169824,0.9249196507380559,0.19306036142202523,0.5513000480835948,0.5313363489838514,0.5433145684436974,1118.0654944176786
628,80.20763291133576,13.015127560186844,40.49602340000001,44.20115708000003,42.49965726235296,0.8520757167692156,-0.0016750418581068516,0.7943463921546936,0.3161795343137255,0.17580735291153943,-0.3022816777229309,0.3620210886001587,0.0376689925848269,0.10115284056547098,155.0,0.16065501992233147,257.5064683728705,7410.086940421063,0.029826188822258945,0.9623310074151731,0.3161795343137255,0.3980935552876696,0.4887616590038929,0.4343607967741589,1414.313189937162
629,80.21224354424263,13.015127560186844,38.35292486000003,44.406238280000025,41.10568462823531,1.3414370786055754,-0.019618239253759384,0.8276497721672058,0.36967605890012256,0.20545843806202838,-0.35488784313201904,0.29843825101852417,0.010562990225997626,0.11134995384197371,112.0,0.20085156964796327,445.53594508142527,9304.013390925444,0.03744939329777951,0.9894370097740024,0.36967605890012256,0.497698207531406,0.6136830858943682,0.5440921588765908,1414.313189937162
630,80.21685417714949,13.015127560186844,38.57167814000002,42.55025341999999,40.759613060000014,0.868374625283464,-0.030042918398976326,0.791656494140625,0.3054962862454928,0.1851405904948377,-0.36802974343299866,0.48783382773399353,0.03246580270620493,0.11302103320242488,20.0,0.14463371699430685,1796.656662758461,1506.1134080329366,0.00606222615968035,0.9675341972937951,0.3054962862454928,0.3583937224032599,0.09934168031722931,0.2547729055688477,1118.0654944176786
631,80.22146481005635,13.015127560186844,37.38562520000005,43.37057822000003,41.0407895564706,1.317447888146281,-0.05586592108011246,0.7861665487289429,0.2618208103553922,0.17497120982317146,-0.40291905403137207,0.42947301268577576,0.04170451743929994,0.11832081081073868,127.0,0.20471622390608873,400.473775120565,3348.5463669018864,0.013478165239128717,0.9582954825607001,0.2618208103553922,0.507274590232168,0.2208666498379067,0.39271141407446347,707.156594968581
632,80.22607544296321,13.015127560186844,37.37195312000006,43.456028720000006,41.12312954000002,1.2512404004774276,-0.009208102710545063,0.8141717314720154,0.2661184991574755,0.17303167287845156,-0.5710710883140564,0.3794642984867096,0.012403362498563879,0.10969682526922647,276.0,0.2079332368758195,187.17178094374992,7951.430569704917,0.032005139951249297,0.9875966375014361,0.2661184991574755,0.515246156456154,0.524468124051782,0.5189349434944053,499.9999999999634
633,80.23068607587007,13.015127560186844,35.00668328000006,42.307574000000045,39.109145030000015,1.5729159866747573,-0.0002803476236294955,0.780289351940155,0.33650836651141824,0.17904466464171542,-0.4505993723869324,0.4647887349128723,-0.027424219571627103,0.10093611114201168,244.0,0.20653069507583827,210.29082307520522,6434.531080755394,0.025899498958698988,1.027424219571627,0.33650836651141824,0.5117707415462183,0.424415005009835,0.47682844693166493,500.07044484511806
634,80.23529670877693,13.015127560186844,35.17416625999999,41.330020279999985,38.784281349411785,1.2867113706779478,-0.010825982317328453,0.8805109262466431,0.47921870212928924,0.20587345647019858,-0.42807474732398987,0.5137801170349121,-0.061106298110064336,0.13012592145085977,31.0,0.10645454870101385,853.15525439163,808.2889453550034,0.0032534272405895653,1.0611062981100643,0.47921870212928924,0.26378802099939985,0.053313901586122266,0.1795983732340888,0.0
635,80.23990734168379,13.015127560186844,36.462759800000015,41.230897700000014,38.506913165882374,1.3396020535767765,-0.07969151437282562,0.8765323758125305,0.5130853151807598,0.24177468032837157,-0.40091583132743835,0.31655144691467285,-0.1176049445657169,0.12941806004035686,80.0,0.1902060723898804,590.6904253692247,1108.6901682865628,0.004462566036076501,1.1176049445657168,0.5130853151807598,0.4713193003965766,0.07312805508625438,0.3120428022724477,0.0
636,80.24451797459065,13.015127560186844,36.787471700000026,42.74508056000002,40.307925856470604,1.5859892507439373,-0.025724977254867554,0.8852980136871338,0.34613748403695915,0.26731966157733544,-0.39483970403671265,0.2988235354423523,-0.020390404921311597,0.14927077093396318,340.0,0.18655918691886897,136.32115710766382,7399.42533949195,0.02978327503123111,1.0203904049213115,0.34613748403695915,0.4622825357590087,0.4880584308502088,0.47259289379548874,499.9999999999634
637,80.24912860749751,13.015127560186844,32.70635582,42.608359759999985,39.21249184117649,3.1457316362336547,-0.12918660044670105,0.8199087977409363,0.24978537166819853,0.21658798120689585,-0.44655829668045044,0.48404255509376526,-0.007372663909313726,0.12174041347413712,43.0,0.08308490853888346,480.04199401308193,4612.024225258122,0.018563764028869105,1.0073726639093137,0.24978537166819853,0.2058794468232946,0.3042043406275088,0.2452094043449803,707.156594968581
638,80.25373924040437,13.015127560186844,32.251759160000006,41.56928168000002,34.996216332941195,2.789163040720893,-0.26884138584136963,0.835764467716217,0.1253420960669424,0.2673607565848955,-0.4663635194301605,0.4639556407928467,-0.048801784141390935,0.12042169331628047,17.0,0.026074038693680277,381.05259611130856,1340.4615746881377,0.005395464365949683,1.048801784141391,0.1253420960669424,0.0646099124029464,0.08841545697685382,0.07413213023250936,1118.0654944176786
639,80.25834987331123,13.015127560186844,32.183398760000046,43.86277310000003,36.914517965882375,3.582043196538701,-0.3796653747558594,0.8015685081481934,0.14977442814753605,0.33698158315902615,-0.4497568905353546,0.6219667792320251,0.007731516911433293,0.14703882366597318,12.0,0.02006972941566473,415.51414409399496,1057.5577737778162,0.004256754084635961,0.9922684830885667,0.14977442814753605,0.04973159220674259,0.06975541530889753,0.05774112144760457,707.156594968581
640,80.26296050621809,13.015127560186844,32.726863940000044,43.555151300000034,36.66640992588237,2.8110521690468366,-0.3340587615966797,0.8315334916114807,0.2237591193704044,0.34802853610437806,-0.5777152180671692,0.6082115769386292,-0.012355058707442938,0.1702165505320788,17.0,0.03941286158576221,575.9895275092329,111.4028187668473,0.000448405198830646,1.012355058707443,0.2237591193704044,0.09766271978505382,0.00734801453154075,0.06153683768364859,499.9999999999634
641,80.26757113912495,13.015127560186844,32.303029460000005,40.95403808000003,35.11928870705884,2.1080231667044385,-0.2742382287979126,0.8577663898468018,0.3064687212775735,0.3591109826969589,-0.5886461138725281,0.47213855385780334,-0.09465972302006741,0.19120506520046535,4.0,0.04310618611869865,2677.35000198172,268.8810343215168,0.0010822675313904137,1.0946597230200674,0.3064687212775735,0.10681455764769049,0.017735114508953334,0.07118278039219562,499.9999999999634
642,80.27218177203181,13.015127560186844,32.08769419999999,41.71625654000002,35.82450600000002,2.834709800290197,-0.37847867608070374,0.8132261037826538,0.08868988037109375,0.3160366851595756,-0.564016580581665,0.5779917240142822,0.02108281502356896,0.1546462717217822,19.0,0.08752804158435275,1144.5088386301998,278.91179719601564,0.0011226421491150889,0.978917184976431,0.08868988037109375,0.21688926544920567,0.018396733237995688,0.13749225256472167,499.9999999999634
643,80.27679240493867,13.015127560186844,30.782010560000003,43.86277310000003,34.55111680117649,3.101469971875495,-0.3825652301311493,0.7995264530181885,-0.048242869657628674,0.2272619391657607,-0.5212104916572571,0.5496219396591187,-0.01462910670860141,0.14487732207030363,158.0,0.02612470242765174,41.07899461055907,681.0861157010972,0.002741425742295746,1.0146291067086015,0.0,0.0647354541133181,0.044923734702587696,0.05681076634902593,707.156594968581
644,80.28140303784554,13.015127560186844,30.385520240000005,31.007599880000043,30.678038885882373,0.12083628036313679,-0.33812087774276733,-0.04831237718462944,-0.1710751402611826,0.047802239931496536,-0.1304347813129425,0.10517799109220505,-0.028500886804917278,0.034074611373202855,0.0,0.0,0.0,0.0,0.0,1.0285008868049172,0.0,0.0,0.0,0.0,1118.1600060949866
645,80.2860136707524,13.015127560186844,30.207783199999994,30.83669888000003,30.411374190588255,0.09579471274698863,-0.1786874532699585,0.001312335953116417,-0.08846757477405025,0.025022992592075674,-0.1765517294406891,0.048940833657979965,-0.0734368896484375,0.030562186358511545,0.0,0.0,0.0,0.0,0.0,1.0734368896484374,0.0,0.0,0.0,0.0,1581.3393210403362
646,80.29062430365926,13.015127560186844,29.636973860000012,30.58376540000006,30.11353336823532,0.2162501622630152,-0.1482541561126709,0.024519549682736397,-0.07124940138596755,0.023306725472586026,-0.17893315851688385,0.06940510123968124,-0.06252065218411959,0.03565733846454658,0.0,0.0,0.0,0.0,0.0,1.0625206521841195,0.0,0.0,0.0,0.0,2061.8261800941104
647,80.29523493656612,13.015127560186844,29.68482614000004,30.44020856000003,30.054267976470616,0.20987744549929918,-0.1611650437116623,0.018436109647154808,-0.06426551370059742,0.02476439620460974,-0.1647300124168396,0.0674486830830574,-0.05090553433287377,0.034180731222318315,0.0,0.0,0.0,0.0,0.0,1.0509055343328737,0.0,0.0,0.0,0.0,2549.8551420011727
648,80.29984556947298,13.015127560186844,30.023210120000044,30.511986980000017,30.302482460000025,0.07130972091968897,-0.1471801996231079,0.035739313811063766,-0.05940809062882966,0.02642399838934404,-0.13744740188121796,0.093990758061409,-0.04107008990119485,0.03497223864779062,0.0,0.0,0.0,0.0,0.0,1.0410700899011949,0.0,0.0,0.0,0.0,3041.79818414591
649,80.30445620237984,13.015127560186844,30.012956060000022,30.450462620000053,30.280495957647073,0.07134582436430037,-0.16655336320400238,0.037974681705236435,-0.0654488255427434,0.02783051570912127,-0.14181818068027496,0.09520500153303146,-0.0286746333195613,0.03591486148143776,0.0,0.0,0.0,0.0,0.0,1.0286746333195613,0.0,0.0,0.0,0.0,3536.022064491691
650,80.3090668352867,13.015127560186844,29.763440600000024,30.37868420000001,30.012825962352956,0.14122208530374797,-0.150163933634758,0.07034482806921005,-0.05484142827052696,0.029016987913019494,-0.14244185388088226,0.11840227991342545,0.00468042485854205,0.03495037894054198,0.0,0.0,0.0,0.0,0.0,0.995319575141458,0.0,0.0,0.0,0.0,4031.6880816459493
651,80.31367746819356,13.015127560186844,29.68482614000004,30.012956060000022,29.864372720000016,0.06324096123749288,-0.15429309010505676,0.07868602126836777,-0.05143865847120098,0.03120754763684875,-0.08714733272790909,0.1599999964237213,0.016926673440372242,0.03410577291416376,0.0,0.0,0.0,0.0,0.0,0.9830733265596278,0.0,0.0,0.0,0.0,4528.32269548175
652,80.31828810110042,13.015127560186844,29.660900000000026,29.958267739999997,29.825322400000015,0.057612317567012516,-0.16379310190677643,0.06184850633144379,-0.05086002643291767,0.03317523234431537,-0.1259259283542633,0.14144271612167358,0.017303729424109827,0.03952311633902997,0.0,0.0,0.0,0.0,0.0,0.9826962705758902,0.0,0.0,0.0,0.0,5025.63876345678
653,80.32289873400728,13.015127560186844,29.70191624000006,29.86598120000002,29.78291976588237,0.03523361218027187,-0.17089910805225372,0.07096774131059647,-0.05138457055185355,0.03364025256080798,-0.1236959770321846,0.13978494703769684,0.0015766547707950368,0.03904733352638,0.0,0.0,0.0,0.0,0.0,0.998423345229205,0.0,0.0,0.0,0.0,5523.452220008685
654,80.32750936691414,13.015127560186844,29.585703560000013,29.93434160000004,29.7400585047059,0.061938450464851434,-0.1586475968360901,0.09025788307189941,-0.04684798895143995,0.03395168440643268,-0.09624060243368149,0.1349431872367859,0.012546632804122626,0.03836539188721857,0.0,0.0,0.0,0.0,0.0,0.9874533671958774,0.0,0.0,0.0,0.0,6021.639707944468
655,80.332119999821,13.015127560186844,29.56177742,29.94801368000003,29.759797865882366,0.08407235627514299,-0.17385444045066833,0.05149051547050476,-0.045780880267803484,0.03301852858712342,-0.111918605864048,0.14842578768730164,0.007562305743877704,0.039191090036446496,0.0,0.0,0.0,0.0,0.0,0.9924376942561223,0.0,0.0,0.0,0.0,6520.115491115429
656,80.33673063272786,13.015127560186844,29.496835040000008,29.811292879999996,29.646849454117667,0.061264422708747844,-0.188063845038414,0.060975611209869385,-0.04754727831073836,0.03456786117552257,-0.12184249609708786,0.15536105632781982,-0.0018964587940889246,0.04136706323422366,0.0,0.0,0.0,0.0,0.0,1.0018964587940888,0.0,0.0,0.0,0.0,7018.818145691512
657,80.34134126563472,13.015127560186844,29.387458400000014,29.814710900000023,29.642201420000017,0.08126008484685542,-0.16850624978542328,0.08584006130695343,-0.050391893573835785,0.035782871733445534,-0.11275167763233185,0.15027537941932678,-0.0018415436090207567,0.037641876649338005,0.0,0.0,0.0,0.0,0.0,1.0018415436090207,0.0,0.0,0.0,0.0,7517.702521828639
658,80.34595189854159,13.015127560186844,28.77221480000003,29.91725150000002,29.564391200000017,0.24893550313313711,-0.1516014188528061,0.062068965286016464,-0.057560952993539666,0.031063481364862137,-0.10980966687202454,0.1457875519990921,0.006842358662531926,0.03858944912055613,0.0,0.0,0.0,0.0,0.0,0.9931576413374681,0.0,0.0,0.0,0.0,8016.734693797974
659,80.35056253144845,13.015127560186844,0.0,29.582285540000044,12.03252334352942,14.382371514755988,-0.1374407559633255,0.07080242782831192,-0.015229393454159008,0.02854510667945802,-0.051532942801713943,0.14574314653873444,0.01627657123640472,0.02894664943245987,0.0,0.0,0.0,0.0,0.0,0.9837234287635953,0.0,0.0,0.0,0.0,8515.88867907482
660,80.15230531645344,13.019619116061799,39.59708413999999,43.84226497999998,41.60263398588237,0.798748626496101,-0.0016849199309945107,0.7524668574333191,0.23937918868719363,0.14098276193383594,-0.33726316690444946,0.29848745465278625,0.06008819580078125,0.08637519468312685,424.0,0.22272641731881457,130.5062813884046,12297.401267890953,0.049498017390111795,0.9399118041992187,0.23937918868719363,0.5519027750878719,0.8111238496196946,0.655591204900601,2500.196426646553
661,80.1569159493603,13.019619116061799,39.610756219999985,43.66794596,41.302108421176484,0.581928080877067,-0.028832951560616493,0.7088807225227356,0.20954144646139705,0.1340230102200776,-0.32830187678337097,0.28245893120765686,0.07152045754825367,0.08243839131598074,363.0,0.18685892143299734,127.88887093271751,12538.03228080022,0.050466576340260284,0.9284795424517464,0.20954144646139705,0.46302526000397454,0.8269956219785002,0.6086134047937848,2121.450558378975
662,80.16152658226716,13.019619116061799,38.759669239999994,43.08688256000005,41.002990276470605,0.787189599301569,-0.027027027681469917,0.7384615540504456,0.2667308161808894,0.16256001085307278,-0.267290860414505,0.35174068808555603,0.04622658362755409,0.08503283941708664,299.0,0.16177971439009733,134.42449591222783,11936.914180175523,0.04804702821378566,0.953773416372446,0.2667308161808894,0.4008804810837122,0.7873464947171268,0.5554668865370781,1802.8437378080778
663,80.16613721517402,13.019619116061799,39.638100380000026,43.87302715999999,42.51791824117649,0.7070789335987445,0.012145749293267727,0.7425018548965454,0.23848534677542893,0.15280225469494513,-0.2843942642211914,0.38825953006744385,0.07747100830078125,0.0860863010865103,345.0,0.18621293339519931,134.09614317370338,8392.962863752962,0.0337823425238083,0.9225289916992188,0.23848534677542893,0.46142454018355034,0.5535911368150379,0.4982911788361454,1581.158241839887
664,80.17074784808088,13.019619116061799,41.23773374000001,45.36328388000004,42.386141151764726,0.7106681772827276,-0.019736841320991516,0.7211114168167114,0.2350326956954657,0.1314039835661456,-0.167943075299263,0.27136796712875366,0.05756262087354473,0.07212164129186308,371.0,0.1940584552971779,129.9523689976031,10836.233551063246,0.043616701209411794,0.9424373791264553,0.2350326956954657,0.48086527542205004,0.7147467405382917,0.5744178614685467,1499.9999999998902
665,80.17535848098774,13.019619116061799,37.597542439999984,43.41501248000003,40.969614316470604,1.3755893575574256,0.0026709402445703745,0.8191379904747009,0.3150268085186298,0.22768709049704797,-0.3248782157897949,0.41145452857017517,0.005848459830650916,0.11750464570594293,133.0,0.27896497831359296,521.1030130114585,3034.573449348056,0.012214399294230915,0.994151540169349,0.3150268085186298,0.6912585742499358,0.20015732141845055,0.49481807311734166,1414.30037225265
666,80.1799691138946,13.019619116061799,37.26599450000003,43.64743784000001,40.61023730705884,1.0902808853169734,-0.11675780266523361,0.772075891494751,0.32041949103860295,0.194521204142584,-0.3296988010406494,0.3061865270137787,0.018348421582988664,0.09986183735765257,93.0,0.20584373683076213,549.8956058514891,3633.2430318855527,0.014624091940818363,0.9816515784170113,0.32041949103860295,0.5100684999962889,0.2396449469630394,0.40189907878298914,1118.0614409496404
667,80.18457974680146,13.019619116061799,36.613152679999985,44.56004918000002,41.84168249882355,1.8026716591968368,-0.04848484694957733,0.7483636140823364,0.231607666015625,0.17715008814049785,-0.4475230872631073,0.5241000652313232,0.05380896474800858,0.11058092633316073,98.0,0.11795245008632599,299.02426476848393,5939.536159386303,0.023907105062444,0.9461910352519914,0.231607666015625,0.2922791347102493,0.39176565272664693,0.3320737419168084,999.9999999999268
668,80.18919037970832,13.019619116061799,36.30211286000002,44.06785430000002,40.52009475000002,2.029449048814454,-0.029487179592251778,0.7919999957084656,0.37267230694110576,0.2154663111597023,-0.4236559271812439,0.33196601271629333,0.009618373283973107,0.11212107523764728,34.0,0.05998189115065753,438.29526394320703,2736.9663369534933,0.011016507015706167,0.9903816267160269,0.37267230694110576,0.14863154797520337,0.18052746455511678,0.16138991460716873,500.06138197078633
669,80.19380101261518,13.019619116061799,37.22156024000003,43.64060180000001,40.01978322235296,1.37936995924672,-0.015168331563472748,0.811373770236969,0.44014868642769606,0.1842795204032008,-0.28553521633148193,0.2761974036693573,0.012453694063074448,0.10527100248164527,33.0,0.012165270531600398,91.58690262369063,1782.2614552820014,0.0071737439956209735,0.9875463059369256,0.44014868642769606,0.030144814642595198,0.11755611947149772,0.06510933657415621,0.0
670,80.19841164552204,13.019619116061799,37.95643454000003,43.213349300000004,41.17428156941178,0.9275702368114694,-0.027258150279521942,0.769847571849823,0.3607708859911152,0.1735789815845588,-0.345999151468277,0.3013923764228821,0.005813204073438457,0.09493322677872769,152.0,0.11373279033853473,185.89497352554494,5164.032369129594,0.02078564067659433,0.9941867959265616,0.3607708859911152,0.2818230695844001,0.340614226010979,0.3053395321550317,499.9999999999634
671,80.2030222784289,13.019619116061799,39.067291039999986,44.61473750000005,42.95651289058826,0.681512531818093,-0.037084195762872696,0.6990340352058411,0.15125171367938703,0.09559109888165203,-0.19075362384319305,0.27815064787864685,0.10486061683067908,0.0669322151189182,368.0,0.21018472622338888,141.8988498141147,14700.272139928746,0.05916976360862955,0.895139383169321,0.15125171367938703,0.5208252127439659,0.9696147233748935,0.7003410169963369,707.150186126325
672,80.20763291133576,13.019619116061799,41.16595532000002,44.73778622000003,42.71324211764708,0.5999818502029383,0.0034735624212771654,0.7892663478851318,0.30110191195618874,0.18870286797507008,-0.292367160320282,0.31867387890815735,0.04507098628025429,0.0995151893511292,103.0,0.11724410234777961,282.79994569130116,6122.444435740576,0.02464332541067469,0.9549290137197457,0.30110191195618874,0.29052389127151806,0.4038300931731955,0.33584637203218903,1118.1437935051529
673,80.21224354424263,13.019619116061799,37.201052119999986,44.173812920000046,40.96552215411767,1.5000143597935627,-0.03377218171954155,0.7960388660430908,0.2655581724877451,0.17350952607254533,-0.4680476784706116,0.5312409996986389,0.03633845609777114,0.11880624747849829,120.0,0.10467363121288689,216.71131374938187,6456.445256741789,0.025987705258585844,0.9636615439022289,0.2655581724877451,0.25937501370672267,0.4258604413585488,0.3259691847674531,1581.3135273078383
674,80.21685417714949,13.019619116061799,37.72400918000005,43.58249546000002,41.94263827294119,1.0358148241809726,-0.04249737784266472,0.77131187915802,0.2388897235576923,0.1411330917207145,-0.5087756514549255,0.4324395954608917,0.06653700021597056,0.09764577910681128,266.0,0.17097028592707778,159.68515415558457,9744.77048129347,0.039223475613920214,0.9334629997840295,0.2388897235576923,0.4236541690770971,0.6427549670258687,0.5112944882566057,1414.30037225265
675,80.22146481005635,13.019619116061799,41.48041316000001,44.0507642,42.65423692117649,0.5303390570614367,-0.021739130839705467,0.7219104766845703,0.19465533088235293,0.12843989291053656,-0.20988120138645172,0.3107176125049591,0.08633862065333946,0.08559727127917074,446.0,0.23758529398108286,132.34582241409385,12937.38321387922,0.05207399558272369,0.9136613793466606,0.19465533088235293,0.5887221850317571,0.8533363958649337,0.6945678693650277,1118.0614409496404
676,80.22607544296321,13.019619116061799,36.86266813999998,44.31053372000002,41.72084543882355,1.678633107690955,-0.016587678343057632,0.8999067544937134,0.3005328488817402,0.2353747375052703,-0.5842891335487366,0.3746042847633362,0.005212845147824755,0.1748011652078751,196.0,0.11056516334229655,140.14828285991803,5969.897383544378,0.02402931140251728,0.9947871548521753,0.3005328488817402,0.2739738788565455,0.39376824762306345,0.3218916263631527,999.9999999999268
677,80.23068607587007,13.019619116061799,36.85241408000002,43.473118820000025,39.95109495000002,1.3808301585746254,-0.0360993891954422,0.8405026793479919,0.38105426494891825,0.24279047156311465,-0.5029107332229614,0.3871661126613617,-0.02184825897216797,0.12604006777836804,67.0,0.07238810295260867,268.4218919990197,6909.86149435972,0.027812741648442583,1.021848258972168,0.38105426494891825,0.1793734007120693,0.45576730672993543,0.28993096311921573,707.150186126325
678,80.23529670877693,13.019619116061799,35.57407460000002,44.320787780000046,39.53553612588237,2.293046839773356,-0.0771581381559372,0.8698607683181763,0.3684137321920956,0.21380566257176453,-0.39115411043167114,0.55406653881073,-0.006266262578029259,0.1360696641552068,21.0,0.005507298251821545,65.15456392721565,2674.3246650075143,0.01076436930792691,1.0062662625780292,0.3684137321920956,0.013646756523120971,0.1763956847596486,0.07874632781773203,499.9999999999634
679,80.23990734168379,13.019619116061799,35.594582720000005,41.36420048000002,37.811600377647075,1.476154144034426,-0.025373810902237892,0.8252027630805969,0.3476481119791667,0.19578979264903867,-0.31717371940612793,0.5406472086906433,-0.032086630428538605,0.1030051514779172,155.0,0.2043520535469353,327.5464136698316,6530.0035938882775,0.026283783411355514,1.0320866304285385,0.3476481119791667,0.5063721978072325,0.4307122730828392,0.4761082279174752,499.9999999999634
680,80.24451797459065,13.019619116061799,38.55458804,42.74508056000002,40.267406352941194,1.0558917625312707,0.0013568521244451404,0.7718055248260498,0.27011023888221153,0.1750632679193289,-0.2893739342689514,0.2733761668205261,-0.006595115661621093,0.09684069340879443,398.0,0.28632235323134303,178.73011023714642,10876.460838622017,0.04377861923873886,1.006595115661621,0.27011023888221153,0.7094897103825473,0.7174000907570591,0.712653862532352,499.9999999999634
681,80.24912860749751,13.019619116061799,33.43439408000006,43.47995486000002,38.46466691176473,3.0632566595479482,-0.08468125760555267,0.8140228986740112,0.22034074371936274,0.20125038196683087,-0.48194238543510437,0.5204642415046692,0.016696635227577358,0.12905591635577,26.0,0.03242659059232119,309.851412929095,4124.759011545644,0.01660248282021963,0.9833033647724226,0.22034074371936274,0.08035115703820273,0.2720648318546921,0.15703662696479848,499.9999999999634
682,80.25373924040437,13.019619116061799,37.79920562000001,43.44919268000001,40.31426516000001,1.559961323630867,0.006293077487498522,0.8269827365875244,0.36990746591605395,0.21220277305414928,-0.3607129156589508,0.3286095857620239,-0.04122283935546875,0.11499487071377605,77.0,0.1078117026803847,347.8569784641229,6017.762265705551,0.02422197135708634,1.0412228393554688,0.36990746591605395,0.2671509675975313,0.3969253656705598,0.3190607268267427,707.150186126325
683,80.25834987331123,13.019619116061799,37.39929728000004,42.61861382000001,40.1765272329412,1.237077004482447,0.019666269421577454,0.8286928534507751,0.36975311279296874,0.22052785286752888,-0.3744724690914154,0.269936740398407,-0.03338815542367789,0.12221885523637728,92.0,0.09087044866716094,245.39199169511923,8227.684826364735,0.03311708528850878,1.033388155423678,0.36975311279296874,0.22517155080485204,0.5426895686687689,0.3521787579504188,1000.1227639415727
684,80.26296050621809,13.019619116061799,35.040863479999985,42.803186900000014,39.86730878000002,2.19823187471091,-0.0033944330643862486,0.8416879177093506,0.3888188859528186,0.25008341570211645,-0.4743134677410126,0.3688713312149048,-0.04517325008616728,0.14361087386609234,37.0,0.049122659944714646,329.84180002622884,6755.402495053318,0.02719103190122224,1.0451732500861672,0.3888188859528186,0.12172302086814779,0.4455793511288654,0.2512655529724348,500.06138197078633
685,80.26757113912495,13.019619116061799,34.018875500000036,40.967710160000024,38.574280092941194,1.7100754576771575,-0.1506730318069458,0.8249114155769348,0.40701243681066174,0.22821861475804578,-0.6274814605712891,0.4768654704093933,-0.06936864516314338,0.13013564477013595,102.0,0.11944968933156927,290.944661848108,4784.394854351929,0.01925756950943899,1.0693686451631434,0.40701243681066174,0.29598920424024766,0.31557372877596235,0.30382301405453355,0.0
686,80.27218177203181,13.019619116061799,36.39098138000003,42.47163896000001,40.24771430000002,1.0559081993710286,-0.049867697060108185,0.85689777135849,0.36224043626051683,0.2118873017148402,-0.3854442834854126,0.35333141684532166,-0.04249142866868239,0.12167085693612803,106.0,0.16894488110136835,395.9722148376375,4635.114747986026,0.01865670521787599,1.0424914286686824,0.36224043626051683,0.41863533674709413,0.30572736758879787,0.3734721490837756,500.06138197078633
687,80.27679240493867,13.019619116061799,32.07744014000002,47.205596660000026,39.85743318588237,3.8426821202537274,-0.3392070531845093,0.8716981410980225,0.17540211397058825,0.2626200873887838,-0.5469030141830444,0.5516771078109741,0.023613715078316482,0.15697864622417068,914.0,0.18215503530117969,49.51314645596854,3095.0763194605775,0.012457928154657771,0.9763862849216836,0.17540211397058825,0.45136931078564974,0.2041480280604178,0.35248079769555696,1000.1227639415727
688,80.28140303784554,13.019619116061799,30.484642819999976,34.06672778000001,30.925721151764726,0.5747708101645499,-0.3219076097011566,-0.0433749258518219,-0.16095534380744486,0.04058219240953016,-0.3014552891254425,0.10755813866853714,-0.029967537674249388,0.039677242620611446,0.0,0.0,0.0,0.0,0.0,1.0299675376742494,0.0,0.0,0.0,0.0,1414.30037225265
689,80.2860136707524,13.019619116061799,30.245381420000058,30.973419680000006,30.548047682352962,0.15825114728525722,-0.18080668151378632,0.017583664506673813,-0.08723742915134804,0.02718351261032373,-0.17874395847320557,0.048346057534217834,-0.06803789924172794,0.03293491606907444,0.0,0.0,0.0,0.0,0.0,1.0680378992417279,0.0,0.0,0.0,0.0,1802.9288592860917
690,80.29062430365926,13.019619116061799,30.077898440000013,30.655543820000048,30.374178090588252,0.15418729066726547,-0.16656716167926788,0.003322259057313204,-0.0736983666053185,0.023104698923668232,-0.1530054658651352,0.029391661286354065,-0.07037060664250301,0.028901512434316518,0.0,0.0,0.0,0.0,0.0,1.070370606642503,0.0,0.0,0.0,0.0,2236.2875870103057
691,80.29523493656612,13.019619116061799,29.82154694000002,30.453880640000023,30.128825755294134,0.14644983087338234,-0.16120906174182892,0.02416028268635273,-0.0694204891429228,0.025812310401218164,-0.15596330165863037,0.09387755393981934,-0.05826848048789828,0.03502081773945203,0.0,0.0,0.0,0.0,0.0,1.0582684804878983,0.0,0.0,0.0,0.0,2692.8673646251445
692,80.29984556947298,13.019619116061799,30.057390320000025,30.50515094000002,30.273245970588256,0.08108211637250944,-0.16375404596328735,0.018204646185040474,-0.06507732316559436,0.026221212457530164,-0.15143246948719025,0.07070706784725189,-0.05156932157628676,0.03307028313618463,0.0,0.0,0.0,0.0,0.0,1.0515693215762867,0.0,0.0,0.0,0.0,3162.6270546156766
693,80.30445620237984,13.019619116061799,30.040300220000006,30.371848160000013,30.207298290588255,0.06661223802959157,-0.15991763770580292,0.0371389277279377,-0.06459215604341947,0.027010323502209076,-0.13215547800064087,0.1071428582072258,-0.027239039494441106,0.03245662460493913,0.0,0.0,0.0,0.0,0.0,1.027239039494441,0.0,0.0,0.0,0.0,3640.4680881979934
694,80.3090668352867,13.019619116061799,29.81812892000005,30.27614360000001,30.03393726235296,0.10529450266808008,-0.15357396006584167,0.06174411252140999,-0.055975790584788604,0.029751378228974758,-0.1432604044675827,0.10411985218524933,-0.0023644380008473118,0.035567175776103806,0.0,0.0,0.0,0.0,0.0,1.0023644380008474,0.0,0.0,0.0,0.0,4123.582021406382
695,80.31367746819356,13.019619116061799,29.57544949999999,30.006120020000026,29.82582833529414,0.07384640129243199,-0.15558698773384094,0.06432748585939407,-0.0534883087756587,0.03113261126240943,-0.1496172547340393,0.12715855240821838,-0.021178535012637868,0.03724281159921399,0.0,0.0,0.0,0.0,0.0,1.021178535012638,0.0,0.0,0.0,0.0,4610.311512774489
696,80.31828810110042,13.019619116061799,29.448982760000035,30.009538040000052,29.803931850000023,0.12003720070965847,-0.16883116960525513,0.057163018733263016,-0.05743151151216947,0.03204216338559087,-0.13941220939159393,0.08409658819437027,-0.028864678602952224,0.03290029054358374,0.0,0.0,0.0,0.0,0.0,1.0288646786029523,0.0,0.0,0.0,0.0,5099.621414757484
697,80.32289873400728,13.019619116061799,29.29858988000001,29.958267739999997,29.76215145058825,0.0994749077841722,-0.17066290974617004,0.08185053616762161,-0.054765206131280636,0.03125127173611855,-0.13343557715415955,0.11439114063978195,-0.027314827114928,0.03655864786884794,0.0,0.0,0.0,0.0,0.0,1.027314827114928,0.0,0.0,0.0,0.0,5590.834255669032
698,80.32750936691414,13.019619116061799,29.657481980000057,29.975357840000015,29.7863023047059,0.06670344582460425,-0.1653333306312561,0.059888578951358795,-0.05225147322112439,0.032925930668640295,-0.12396693974733353,0.1376146823167801,-0.011062464994542739,0.03857082454970353,0.0,0.0,0.0,0.0,0.0,1.0110624649945428,0.0,0.0,0.0,0.0,6083.489093139607
699,80.332119999821,13.019619116061799,29.599375640000005,30.026628140000014,29.78177254117649,0.08338122101101812,-0.1661442071199417,0.06983239948749542,-0.045620821439302885,0.03454800854908246,-0.11374738067388535,0.14205344021320343,0.026545885526216947,0.03623393125173439,0.0,0.0,0.0,0.0,0.0,0.973454114473783,0.0,0.0,0.0,0.0,6577.261906736866
700,80.33673063272786,13.019619116061799,29.189213240000015,29.93434160000004,29.700733534117663,0.14074593467826757,-0.18535825610160828,0.07873436063528061,-0.04373435824525122,0.03332501113884631,-0.1183478981256485,0.15347334742546082,0.023829202090992648,0.04048062764975222,0.0,0.0,0.0,0.0,0.0,0.9761707979090074,0.0,0.0,0.0,0.0,7071.918523622303
701,80.34134126563472,13.019619116061799,29.57203148000002,29.88648932000001,29.753044615294137,0.052355769867767396,-0.18007662892341614,0.08595387637615204,-0.04878879322725184,0.03415673150805193,-0.11042945086956024,0.15033657848834991,0.011335406583898209,0.04027372259458688,0.0,0.0,0.0,0.0,0.0,0.9886645934161018,0.0,0.0,0.0,0.0,7567.285629019808
702,80.34595189854159,13.019619116061799,29.29858988000001,29.814710900000023,29.63491595176472,0.09721812137780499,-0.16819141805171967,0.10182370990514755,-0.04777425912710336,0.034102970979383,-0.12546956539154053,0.17361637949943542,0.028623334444486177,0.038897448605183675,0.0,0.0,0.0,0.0,0.0,0.9713766655555138,0.0,0.0,0.0,0.0,8063.232276764958
703,80.35056253144845,13.019619116061799,0.0,29.52759722000002,12.001181637647067,14.344727742206482,-0.1538965255022049,0.06348122656345367,-0.018216594621246935,0.03139653307973631,-0.10349750518798828,0.14380384981632233,0.0073068671133003985,0.025917473230339803,0.0,0.0,0.0,0.0,0.0,0.9926931328866996,0.0,0.0,0.0,0.0,8559.657731383644
704,80.15230531645344,13.024110671936754,40.10978713999998,43.43210257999999,41.90079192125002,0.7282736464208002,-0.01950487680733204,0.7501052021980286,0.20245643765318627,0.12874630901073778,-0.2871287167072296,0.32297447323799133,0.07023947921453738,0.08259557364892992,486.0,0.29683829056718175,151.74318421593156,12801.459084758131,0.05152689016098401,0.9297605207854627,0.20245643765318627,0.7355475757591179,0.8443709811023226,0.7790769378963998,2828.5751006761543
705,80.1569159493603,13.024110671936754,39.757731079999985,42.375934400000006,40.88526299375002,0.6139954476443008,0.0043668122962117195,0.8152836561203003,0.26974609375,0.17325855098326595,-0.28941649198532104,0.2480306625366211,0.028491827272901348,0.09233693951685905,362.0,0.26630441340217365,182.76596925199587,11874.914302563957,0.047797473779206456,0.9715081727270987,0.26974609375,0.6598864496815664,0.783257047011167,0.7092346886134067,2500.0941719948514
706,80.16152658226716,13.024110671936754,40.02091862000003,42.94332572000002,41.53917294500002,0.6795473923669818,-0.005528934765607119,0.7558544874191284,0.23170302170973558,0.15003105053549717,-0.23519103229045868,0.26570048928260803,0.057785081129807694,0.08184932110362998,406.0,0.2376674138980227,145.43507107807,13012.561153119954,0.0523765927626341,0.9422149188701923,0.23170302170973558,0.5889256732869658,0.858295054865729,0.696673425918471,2236.1147723318763
707,80.16613721517402,13.024110671936754,41.456487020000054,46.467304340000055,43.15935212375001,1.0696777672252509,-0.023523764684796333,0.7319587469100952,0.2082347914751838,0.11738656892969793,-0.1635071039199829,0.3012831509113312,0.08671807981004902,0.07756540590044164,496.0,0.29189774487904435,146.20916733209336,12060.298770468047,0.04854366099521059,0.913281920189951,0.2082347914751838,0.7233051982784601,0.7954848144874294,0.7521770447620477,2061.565501932881
708,80.17074784808088,13.024110671936754,39.50137958000005,45.014645840000014,41.982258920000014,1.0422022046330213,-0.041548632085323334,0.7071009278297424,0.27006429036458335,0.15200096863075982,-0.23713605105876923,0.3424150347709656,0.0518659943225337,0.0788309454061686,333.0,0.21034430097840612,156.9321977498341,9496.519938641464,0.03822424745102551,0.9481340056774663,0.27006429036458335,0.5212206294672633,0.6263806183777655,0.5632846250314643,1999.9999999998536
709,80.17535848098774,13.024110671936754,40.30119625999998,44.79931058,42.313115716250024,0.8954417140811056,-0.025160109624266624,0.7782499194145203,0.17437679584209737,0.15303621404091283,-0.26220545172691345,0.42649200558662415,0.06102921119103065,0.09162819092754015,13.0,0.14184444979170863,2710.7816382348124,1509.2304991944045,0.006074772699323629,0.9389707888089693,0.17437679584209737,0.35148208467250963,0.09954728042146492,0.25070816297209175,1802.8336792508333
710,80.1799691138946,13.024110671936754,40.25334398000001,46.614279200000055,43.403614891250015,1.6199485282581594,-0.028538811951875687,0.7460740208625793,0.21055687997855393,0.16112020379456385,-0.25396430492401123,0.3366638123989105,0.07080207375919118,0.09275492076468443,47.0,0.09407473908876776,497.27967057449007,1960.9078897763038,0.00789281009167242,0.9291979262408088,0.21055687997855393,0.23311159131356676,0.1293394532435039,0.1916027360855416,1500.1569480701705
711,80.18457974680146,13.024110671936754,40.12345922000003,44.13963272000001,42.30523667750002,0.9504764606026856,-0.0347508005797863,0.7770147919654846,0.2401513193167892,0.166101992136627,-0.313646525144577,0.4115063548088074,0.049441043629365806,0.09467250220526477,238.0,0.22365399987527457,233.46686576518488,5824.986512679858,0.02344603363107489,0.9505589563706341,0.2401513193167892,0.5542012693266607,0.3842100766837873,0.48620479226951135,1000.1046320467804
712,80.18919037970832,13.024110671936754,35.939802740000005,42.34859024000002,39.33200956812502,1.238237030455104,-0.007253232412040234,0.7708006501197815,0.328184814453125,0.17926518747784415,-0.5681259036064148,0.45898139476776123,0.019387400700495792,0.12069276068365294,110.0,0.11516234514242078,260.1017987165269,4470.903131005256,0.017995740409465985,0.9806125992995042,0.328184814453125,0.28536542110651686,0.2948961394279752,0.2891777084351002,500.0523160233902
713,80.19380101261518,13.024110671936754,35.362157360000026,43.83542894000004,38.58393023375002,2.210116916199067,-0.006698564626276493,0.8680151700973511,0.46268267463235296,0.2048055370143646,-0.4984177350997925,0.40490007400512695,-0.021458571190927544,0.1260946405229609,14.0,0.047125875319126376,836.2900597649094,1388.3196788179278,0.005588097038403771,1.0214585711909276,0.46268267463235296,0.11677510768667056,0.09157212795242109,0.10669391579297077,0.0
714,80.19841164552204,13.024110671936754,36.37047326000004,42.604941740000015,38.66432910125002,1.3411189139990651,0.003580177202820778,0.8300465941429138,0.4597754384957108,0.20124818162560607,-0.2984227240085602,0.20201557874679565,-0.027966386383655024,0.10383580599104819,41.0,0.04049905291860595,245.40677659109411,3004.0280062612874,0.012091451458329579,1.027966386383655,0.4597754384957108,0.10035423710971297,0.1981425756323168,0.13946957251875453,0.0
715,80.2030222784289,13.024110671936754,37.38904322000002,44.06785430000002,40.368664456250016,1.9027972691790151,-0.010603290982544422,0.7091698050498962,0.22845599834735578,0.12692719634667743,-0.18186470866203308,0.24509896337985992,0.05303540743314303,0.07390601580559708,373.0,0.2735787980205937,182.22130217766664,10436.910185038789,0.04200939292653371,0.9469645925668569,0.22845599834735578,0.6779119408033303,0.6884077849462211,0.6821102784604867,500.0523160233902
716,80.20763291133576,13.024110671936754,39.36807680000004,45.82471658000003,42.79010543375002,1.6954656916359245,-0.0491064228117466,0.8277466297149658,0.19664073270909926,0.15874826994826094,-0.4901137351989746,0.35874950885772705,0.07510745777803308,0.10867457313785854,183.0,0.2871223608228812,389.7996699461934,7961.673801844395,0.03204636977465066,0.9248925422219669,0.19664073270909926,0.7114720814689068,0.5251437570334605,0.6369407516947283,1000.1046320467804
717,80.21224354424263,13.024110671936754,38.20595000000003,45.68799578000005,42.02072421125002,1.4637360250603164,-0.01780104637145996,0.8127970695495605,0.2311471497778799,0.16771125146431587,-0.5655076503753662,0.5142642855644226,0.05984369016161152,0.12571979735746075,219.0,0.13355584694005807,151.51105819090162,10205.590450746477,0.04107831261279515,0.9401563098383885,0.2311471497778799,0.3309434212732813,0.6731501748800933,0.4678261227160061,1500.1569480701705
718,80.21685417714949,13.024110671936754,40.34904854000001,43.654273880000005,42.31195962125002,0.6786557607682142,-0.012842630036175251,0.7622504830360413,0.17682086651141826,0.11868451533408712,-0.21249641478061676,0.3284132778644562,0.09553909301757812,0.07997036681407105,378.0,0.2429297782063971,159.6667533015838,12902.494166924087,0.05193356439606161,0.9044609069824219,0.17682086651141826,0.6019654981100712,0.8510351504668754,0.7015933590527929,1802.8336792508333
719,80.22146481005635,13.024110671936754,42.00678823999999,44.19432103999998,43.027004378750014,0.4484904939594275,-0.0784313753247261,0.730663537979126,0.17936570111443015,0.14269157719621844,-0.23560620844364166,0.595574676990509,0.10462232402726716,0.09313554860773382,550.0,0.28812269361441983,130.1488446896108,11712.410799317513,0.04714338426432263,0.8953776759727329,0.17936570111443015,0.7139508464502127,0.772538484262946,0.737385901575306,1500.1569480701705
720,80.22607544296321,13.024110671936754,40.45500716000004,44.8881791,42.622195201250015,0.7789239372483291,-0.01691831834614277,0.7500855922698975,0.19383602366727942,0.14574621079322025,-0.2888936698436737,0.36335012316703796,0.0856942689185049,0.09145867797989117,432.0,0.2049227377323471,117.85063937549606,10930.251294164227,0.043995130097077874,0.914305731081495,0.19383602366727942,0.5077863191737908,0.7209480534868853,0.5930510128990286,1000.1046320467804
721,80.23068607587007,13.024110671936754,37.75135334000004,44.9907197,41.20741068062502,1.2729271409100522,-0.05226370319724083,0.8034272193908691,0.2255523681640625,0.18550845053608164,-0.35720163583755493,0.33056530356407166,0.023290147047776443,0.10059800185917134,131.0,0.17208342666839355,326.35726909143557,5564.600415273453,0.022397958895868986,0.9767098529522236,0.2255523681640625,0.4264124654282486,0.36703527941444897,0.4026615910227288,500.0523160233902
722,80.23529670877693,13.024110671936754,35.888532440000006,45.47607854,40.11378320750002,1.9997963406742507,-0.23129984736442566,0.824178159236908,0.47890390433517155,0.21152035485097476,-0.4187760353088379,0.4298049211502075,-0.05172526041666667,0.11696152733989655,17.0,0.015919327059334493,232.64907195887113,1375.879975171239,0.005538026242630085,1.0517252604166667,0.47890390433517155,0.03944714276529593,0.09075161798529689,0.05996893285329632,0.0
723,80.23990734168379,13.024110671936754,34.19319452000002,45.335939720000056,39.556080466250016,2.74053121121972,-0.02302861213684082,0.7645703554153442,0.24684867110906863,0.1725799355744599,-0.4330202043056488,0.5695906281471252,0.025449751311657474,0.11917028720815202,156.0,0.13733480027893294,218.71649744576877,6570.839387797945,0.02644815072710355,0.9745502486883425,0.24684867110906863,0.34030744220873793,0.4334057597502029,0.37754676922532393,499.9999999999634
724,80.24451797459065,13.024110671936754,32.54912690000003,44.56688522000002,38.00144684750001,2.33556322756923,-0.0019474197179079056,0.8430504202842712,0.40403296837439906,0.23606491033457416,-0.5001345276832581,0.48330405354499817,-0.06595673194298378,0.14112338454966916,61.0,0.09002615005517092,366.66071716733626,3214.267295187382,0.012937681304184915,1.0659567319429837,0.40403296837439906,0.22307942921205,0.21200974135783499,0.218651554070364,0.0
725,80.24912860749751,13.024110671936754,33.91633490000004,40.52336756,38.02345035125001,1.3273174661290286,0.017255546525120735,0.8595744967460632,0.47271771599264706,0.21963249416493744,-0.47770699858665466,0.4669540226459503,-0.1015490602979473,0.12210558827485885,52.0,0.0905483151355638,432.6159930878973,3488.704706781241,0.014042313695667398,1.1015490602979474,0.47271771599264706,0.22437332313084052,0.2301113487562128,0.2266685333809894,0.0
726,80.25373924040437,13.024110671936754,36.92077447999998,42.228959540000005,40.14195674000002,0.9201014771678908,-0.009449963457882404,0.8530667424201965,0.3518850767846201,0.20446526529017334,-0.37649402022361755,0.30078360438346863,-0.03130117378982843,0.11225614628144029,113.0,0.1373727959052446,302.028436480681,7088.1938144364285,0.028530543409000225,1.0313011737898283,0.3518850767846201,0.3404015931040607,0.4675299218403261,0.39125292459856686,500.0523160233902
727,80.25834987331123,13.024110671936754,39.145905500000026,41.76069080000002,40.51159298375002,0.675421815809759,-0.015996122732758522,0.8118982911109924,0.2975819044846755,0.18851736303543049,-0.32098326086997986,0.312481552362442,-0.008013362150925856,0.10466010284497604,135.0,0.12827155286761155,236.05984868510077,11460.215570337765,0.04612827842547057,1.008013362150926,0.2975819044846755,0.3178492558030533,0.7559039481906872,0.4930711327581069,1000.1046320467804
728,80.26296050621809,13.024110671936754,37.48474778000002,42.37935242000003,41.05356278000002,0.6807933165732533,-0.03000769391655922,0.8530908823013306,0.2860274011948529,0.19047333636853186,-0.35089820623397827,0.28027409315109253,0.0185611769732307,0.1063912202710863,126.0,0.11524979318262883,227.24542580179389,10397.833821605649,0.04185210745827741,0.9814388230267693,0.2860274011948529,0.2855821121333282,0.6858303484906193,0.4456814066762447,707.1437751690386
729,80.26757113912495,13.024110671936754,34.88021653999999,43.66452794000003,39.47580726125002,1.9111206109657517,-0.0445825457572937,0.8728143572807312,0.3724776683134191,0.24460484413924305,-0.5213675498962402,0.3780832886695862,-0.04009365306181066,0.1591345546048952,143.0,0.11546760607497776,200.6086544537893,8651.354166756562,0.034822388053014595,1.0400936530618106,0.3724776683134191,0.28612183948666325,0.5706343595118339,0.3999268474967316,499.9999999999634
730,80.27218177203181,13.024110671936754,34.11116204000001,42.21528746000001,38.65665391500002,1.9827318157291867,-0.005271481350064278,0.8638398051261902,0.3930488469050481,0.23893957468548335,-0.5559281706809998,0.4070601165294647,-0.06355715825007512,0.1558685725806261,137.0,0.12132910576763646,220.02395656832013,6519.0320784488795,0.026239622189794566,1.0635571582500751,0.3930488469050481,0.30064628604984056,0.4299886032890753,0.35238321294553443,707.1437751690386
731,80.27679240493867,13.024110671936754,34.01545748000001,47.567906780000044,43.128589943750015,3.2555665784964956,-0.26559963822364807,0.7838265299797058,0.2142775831035539,0.16783960061614597,-0.4513508975505829,0.40848928689956665,0.0678384339575674,0.09555070007639117,121.0,0.07008154571367224,143.89438329956764,4588.265724634772,0.018468134175748174,0.9321615660424326,0.2142775831035539,0.17365788947459518,0.3026372545361472,0.225249635499216,1118.1275754766937
732,80.28140303784554,13.024110671936754,30.55983925999999,40.74895688000004,31.55610412625002,1.5301572963576568,-0.3618059754371643,0.06779661029577255,-0.1681100643382353,0.05218414016828794,-0.4357811212539673,0.22778424620628357,-0.027904031790939032,0.06575574621120803,0.0,0.0,0.0,0.0,0.0,1.0279040317909391,0.0,0.0,0.0,0.0,1581.2877248758912
733,80.2860136707524,13.024110671936754,30.300069740000026,30.99392780000005,30.71866409375002,0.1704835044516814,-0.20370370149612427,-0.002439024392515421,-0.09391283820657169,0.0319411825400537,-0.18728403747081757,0.07030604034662247,-0.05562987084482231,0.0368271237060436,0.0,0.0,0.0,0.0,0.0,1.0556298708448224,0.0,0.0,0.0,0.0,2061.755829424442
734,80.29062430365926,13.024110671936754,30.13258675999998,30.751248379999993,30.42034131875002,0.14370298851109248,-0.15057915449142456,0.036036036908626556,-0.06808322026179386,0.025288395540879933,-0.18094012141227722,0.0558583103120327,-0.06600027231069712,0.0313922846084015,0.0,0.0,0.0,0.0,0.0,1.0660002723106972,0.0,0.0,0.0,0.0,2500.1674144275567
735,80.29523493656612,13.024110671936754,29.99586596000006,30.429954500000008,30.204503408750014,0.10033336500410457,-0.15831135213375092,0.027811367064714432,-0.06514936858532476,0.02790390987085429,-0.14204545319080353,0.0811188817024231,-0.03630278344247855,0.035346579622138864,0.0,0.0,0.0,0.0,0.0,1.0363027834424785,0.0,0.0,0.0,0.0,2915.700253628377
736,80.29984556947298,13.024110671936754,30.18043904000001,30.515404999999987,30.331887485000017,0.0682094568347688,-0.1693333387374878,0.027227722108364105,-0.06527689615885417,0.02748826395091756,-0.16138125956058502,0.10368349403142929,-0.03839379404105392,0.034446669315920976,0.0,0.0,0.0,0.0,0.0,1.038393794041054,0.0,0.0,0.0,0.0,3354.382726430081
737,80.30445620237984,13.024110671936754,29.883071299999983,30.310323799999992,30.171730628750016,0.08039813194480346,-0.14935064315795898,0.023383768275380135,-0.06586630014272836,0.027243933577919453,-0.12041115760803223,0.10166113078594208,-0.028619449322040264,0.033000076472227476,0.0,0.0,0.0,0.0,0.0,1.0286194493220402,0.0,0.0,0.0,0.0,3808.223157754432
738,80.3090668352867,13.024110671936754,29.83521902000001,30.29323370000003,30.055027865000017,0.11719792185910179,-0.15775220096111298,0.059839606285095215,-0.05605324539483762,0.027553933743325553,-0.1213950365781784,0.10888252407312393,-0.022429552265242035,0.03681444215412913,0.0,0.0,0.0,0.0,0.0,1.022429552265242,0.0,0.0,0.0,0.0,4272.393755339328
739,80.31367746819356,13.024110671936754,29.16186908000003,29.989029920000007,29.66576313875002,0.23535081304552555,-0.1556694358587265,0.029231814667582512,-0.059819264131433826,0.027127987966364668,-0.15225160121917725,0.040508341044187546,-0.046125239951937805,0.0299880508546319,0.0,0.0,0.0,0.0,0.0,1.0461252399519378,0.0,0.0,0.0,0.0,4743.863174627672
740,80.31828810110042,13.024110671936754,29.667736040000023,30.030046159999984,29.87083526312502,0.07349409880931802,-0.15244346857070923,0.04377565160393715,-0.05823269770695613,0.03022736071356052,-0.15355804562568665,0.06995885074138641,-0.039040509737454925,0.032574565600321057,0.0,0.0,0.0,0.0,0.0,1.0390405097374549,0.0,0.0,0.0,0.0,5220.654353243022
741,80.32289873400728,13.024110671936754,29.216557400000056,30.047136260000002,29.772211842500013,0.18857792005583854,-0.17265193164348602,0.06539309024810791,-0.055336106244255515,0.030168602151049762,-0.12700730562210083,0.08953975141048431,-0.03153593474743413,0.03153338452229171,0.0,0.0,0.0,0.0,0.0,1.0315359347474342,0.0,0.0,0.0,0.0,5701.432326179343
742,80.32750936691414,13.024110671936754,29.62330178000002,29.99586596000006,29.82789289625002,0.08969487411976185,-0.16282527148723602,0.049132946878671646,-0.05670413148169424,0.03010825364757324,-0.15545590221881866,0.09765329211950302,-0.02850816016103707,0.0336786416896216,0.0,0.0,0.0,0.0,0.0,1.028508160161037,0.0,0.0,0.0,0.0,6185.267488273325
743,80.332119999821,13.024110671936754,29.660900000000026,30.036882200000036,29.84921782250002,0.08791355325576326,-0.15690235793590546,0.07137254625558853,-0.05028678307166466,0.03290773537941588,-0.1340206116437912,0.14956405758857727,-0.018935505793644832,0.040032988476018654,0.0,0.0,0.0,0.0,0.0,1.018935505793645,0.0,0.0,0.0,0.0,6671.494725359521
744,80.33673063272786,13.024110671936754,29.64039188000004,29.920669520000047,29.785997018750017,0.05452444613495252,-0.15796896815299988,0.05873261019587517,-0.050908167221966914,0.031700419051408885,-0.12735167145729065,0.12399119883775711,-0.01839505962297028,0.032300354444175006,0.0,0.0,0.0,0.0,0.0,1.0183950596229703,0.0,0.0,0.0,0.0,7159.626699558402
745,80.34134126563472,13.024110671936754,29.65406396000003,29.889907340000036,29.791086350000015,0.04816357572855493,-0.17314022779464722,0.07042253762483597,-0.055503103218826594,0.03129386207763132,-0.1265365183353424,0.16012558341026306,-0.006306927250880821,0.038575377627981404,0.0,0.0,0.0,0.0,0.0,1.006306927250881,0.0,0.0,0.0,0.0,7649.298773160836
746,80.34595189854159,13.024110671936754,29.520761180000022,29.83180100000004,29.690380422500017,0.058842256964680505,-0.1646471917629242,0.08520790934562683,-0.04634852189284105,0.033672578877988996,-0.09377462416887283,0.15509600937366486,0.01733803969163161,0.041182055132336415,0.0,0.0,0.0,0.0,0.0,0.9826619603083684,0.0,0.0,0.0,0.0,8140.233018940608
747,80.35056253144845,13.024110671936754,0.0,29.698498220000033,12.08829014345589,14.44903190641291,-0.15751445293426514,0.05998481437563896,-0.018558026482077206,0.030908115804233558,-0.13286712765693665,0.1346292346715927,0.0003153698117125268,0.02686040927008727,0.0,0.0,0.0,0.0,0.0,0.9996846301882875,0.0,0.0,0.0,0.0,8632.214091514568
748,80.15230531645344,13.028602227811708,32.49785659999998,43.685036060000016,41.045614996470604,2.828855292831116,-0.5179487466812134,0.681807816028595,0.10733846028645834,0.19501879223207266,-0.29699596762657166,0.6695379614830017,0.1260955690870098,0.09072064014376231,228.0,0.15574890399232935,169.7132275169191,9427.042587523718,0.03794459559134159,0.8739044309129902,0.10733846028645834,0.38593649269371993,0.6217979642647253,0.4802810813221221,3201.6701863202125
749,80.1569159493603,13.028602227811708,40.05509882000001,43.46628278000003,41.691490678823556,0.7488686805156224,-0.012059369124472141,0.7664783596992493,0.22819125306372548,0.14711436681378273,-0.2693110704421997,0.26287487149238586,0.06198443244485294,0.08267764760919535,256.0,0.1522971928171156,147.8010344211069,10898.091814422645,0.0438656856353718,0.938015567555147,0.22819125306372548,0.3773833583177674,0.7188268475148668,0.5139607539966071,2915.542700743497
750,80.16152658226716,13.028602227811708,39.92863208000006,42.345172219999995,41.176233034117665,0.4512723501293921,-0.049405306577682495,0.7263858914375305,0.2328301767202524,0.1212895785162621,-0.22181332111358643,0.2521269917488098,0.045629125741811896,0.07141094971530433,435.0,0.2473960416686088,141.29572761686669,13232.591629265713,0.05326223291516408,0.9543708742581881,0.2328301767202524,0.6130326325287954,0.8728080371582562,0.7169427943805797,2692.614527832055
751,80.16613721517402,13.028602227811708,41.27533196000002,47.63968520000003,43.950293335294134,1.6623943193525268,0.013875124044716358,0.7920331358909607,0.26376840628829656,0.10946299216262241,-0.24995596706867218,0.2956409156322479,0.11490389954810049,0.08492985234274837,145.0,0.0935376902140762,160.26702661762062,4740.186038992597,0.019079625514298645,0.8850961004518996,0.26376840628829656,0.23178081624041583,0.31265776110765375,0.264131594187311,2549.518238583983
752,80.17074784808088,13.028602227811708,39.43301918000003,44.895015140000055,42.672166742352964,1.1676946183255181,-0.04045668989419937,0.79347825050354,0.22697160309436273,0.16301641255751514,-0.3089911639690399,0.3114253878593445,0.07204491708792893,0.08853546925345122,224.0,0.15225897575845587,168.87308070475254,9588.799961884033,0.03859568187816313,0.9279550829120711,0.22697160309436273,0.37728865872629597,0.6324673131244795,0.4793601204855693,2499.999999999817
753,80.17535848098774,13.028602227811708,40.45500716000004,43.934551520000014,42.417329105882374,0.7059726091117917,-0.02548656240105629,0.7587293386459351,0.2044481952373798,0.15763947480910484,-0.22855977714061737,0.2780083119869232,0.06736925565279447,0.08128821027855386,20.0,0.013477529304419589,167.41941869101657,10941.150312718459,0.04403899951291463,0.9326307443472055,0.2044481952373798,0.033396513597172404,0.721666941461198,0.3087046847427826,2061.7206362581182
754,80.1799691138946,13.028602227811708,41.56586365999999,43.79099468000004,42.78394427529414,0.5519861042531091,-0.017755230888724327,0.737920343875885,0.20615500057444852,0.13156633115068625,-0.23699524998664856,0.3202614486217499,0.06831006816789216,0.07187800355771397,121.0,0.07303760028363403,149.96387912779016,11064.492918644763,0.044535463303928984,0.9316899318321078,0.20615500057444852,0.18098281635175947,0.7298024919861934,0.400510686605533,1581.261913744703
755,80.18457974680146,13.028602227811708,39.80216533999999,43.94480557999998,42.13880187058825,0.9501195741412893,-0.01225490216165781,0.7305361032485962,0.22889011757046568,0.14689618384438874,-0.2255881130695343,0.2974158823490143,0.06620741900275735,0.07991390077433576,376.0,0.2632923875979644,173.97065492515318,9696.759297872808,0.039030226785155,0.9337925809972426,0.22889011757046568,0.6524228294249722,0.6395881990988395,0.6472889772945192,1118.1113520097708
756,80.18919037970832,13.028602227811708,39.330478579999976,43.74656042000004,40.98841934000002,0.7423135563055253,-0.017077798023819923,0.6682178378105164,0.22168851412259616,0.11963895260599851,-0.20065590739250183,0.26064926385879517,0.0540368887094351,0.07061425950466373,489.0,0.28046443588658715,142.4933116935938,14551.981561339519,0.058572882245006445,0.9459631112905649,0.22168851412259616,0.6949741406637637,0.9598336304148967,0.800917936564217,707.137362096822
757,80.19380101261518,13.028602227811708,35.461279940000054,43.93113349999999,41.08779028823532,1.8783304017859777,-0.01550387591123581,0.7945190072059631,0.21617852902879903,0.15280288556985924,-0.5539863705635071,0.44411134719848633,0.07329096775428921,0.10458528891668238,577.0,0.16145882668883885,69.52028110802445,10318.702389897378,0.04153359715699713,0.9267090322457108,0.21617852902879903,0.4000853405029583,0.6806109212218091,0.5122955727904985,499.9999999999634
758,80.19841164552204,13.028602227811708,35.676615200000015,42.98434196000005,39.290148309411784,1.690392102276509,-0.04441041499376297,0.8288711905479431,0.2683074592141544,0.18807546547512297,-0.42409801483154297,0.4983498454093933,0.06268172918581495,0.11865102933891702,196.0,0.13671834986520207,173.29908797520514,7413.827975062754,0.029841246783995537,0.9373182708141851,0.2683074592141544,0.3387799148586475,0.48900841377378496,0.39887131442470247,499.9999999999634
759,80.2030222784289,13.028602227811708,34.839200300000016,40.38322874000005,37.81240461764708,1.353596046470914,-0.06133700907230377,0.8009338974952698,0.27865933931790865,0.18649392676729304,-0.43853211402893066,0.43976348638534546,0.009911814469557542,0.11668213971400242,381.0,0.28823399087460305,187.95148432165144,9880.3147639681,0.039769052123526105,0.9900881855304424,0.27865933931790865,0.7142266344213668,0.6516953275103274,0.689214111656951,707.137362096822
760,80.20763291133576,13.028602227811708,35.94663878000006,42.62203183999998,40.069078403529424,1.684019312280419,-0.03666873648762703,0.8631445169448853,0.2248675417432598,0.17583015902110127,-0.4925820529460907,0.45489129424095154,0.039530403286803004,0.12906355306245512,476.0,0.3457313920747311,180.45021450395524,12675.869877245212,0.05102138362004384,0.960469596713197,0.2248675417432598,0.856701764514571,0.8360872470637701,0.8484559575342507,999.9999999999268
761,80.21224354424263,13.028602227811708,39.81241940000001,43.36374218000003,42.149860170588255,0.8105302227520362,0.00569653045386076,0.7832945585250854,0.2384366143918505,0.15727988458035055,-0.2889000177383423,0.2945755422115326,0.0595719819910386,0.08721516120178875,519.0,0.3308163181254334,158.35985902246134,14801.488044979384,0.05957716567018818,0.9404280180089614,0.2384366143918505,0.8197431010459477,0.9762908196296184,0.8823621884794159,1118.0533300666575
762,80.21685417714949,13.028602227811708,38.86562786000002,43.51755308000003,41.38852874000002,1.0508268901251725,0.0028994844760745764,0.8181371688842773,0.23198317307692307,0.17251255845530364,-0.32035234570503235,0.29153865575790405,0.045016109759990985,0.10188995772201398,438.0,0.3548574169032972,201.28217511150592,12791.277349020622,0.051485907865487755,0.954983890240009,0.23198317307692307,0.8793155096151213,0.8436994043596182,0.86506906751292,1414.274724193644
763,80.22146481005635,13.028602227811708,41.65815020000002,43.64060180000001,42.52075673529414,0.41390628759224507,-0.004765565041452646,0.8216783404350281,0.1757674752029718,0.12071548158209373,-0.29904940724372864,0.29511770606040955,0.10324567009420955,0.07832271826264971,667.0,0.39412698548487013,146.8033202743835,11049.250757898204,0.04447411239561424,0.8967543299057904,0.1757674752029718,0.9766231578841208,0.7287971348516294,0.8774927486711243,1581.261913744703
764,80.22607544296321,13.028602227811708,40.10978713999998,43.538061200000016,42.01988079411766,0.6906570117121756,-0.019642462953925133,0.7432215213775635,0.2319916130514706,0.14905157633621882,-0.25883159041404724,0.2964930832386017,0.051862206552542894,0.08967252550896802,525.0,0.279844855200251,132.4291416526535,12104.709880404132,0.04872241924209892,0.9481377934474571,0.2319916130514706,0.6934388566848978,0.7984141252964779,0.7354289641295298,1118.1113520097708
765,80.23068607587007,13.028602227811708,39.72696890000003,42.91598155999998,41.03313285000002,0.6894599498573705,-0.02782711572945118,0.8014112710952759,0.2573025512695313,0.17883174237595656,-0.32589027285575867,0.2832324802875519,0.031068452688363883,0.10574517196948251,512.0,0.33961842061899644,164.79605745664503,9746.137139593557,0.03922897652218777,0.9689315473116361,0.2573025512695313,0.8415541859243599,0.6428451103917174,0.762070555711303,707.137362096822
766,80.23529670877693,13.028602227811708,38.15809772,43.144988900000044,41.14198187176472,0.9309916496350079,0.010463968850672245,0.8529378175735474,0.3355641323912377,0.1921890969086681,-0.39391028881073,0.2835981547832489,-0.003992581834980086,0.11032872610349556,398.0,0.18644288683231336,116.38266220013517,8242.511419153248,0.033176763502766785,1.0039925818349802,0.3355641323912377,0.4619943510825537,0.5436675153712778,0.4946636167980433,499.9999999999634
767,80.23990734168379,13.028602227811708,35.05795358,43.097136620000015,39.7512380247059,1.3951383761289229,0.009708737954497337,0.8310306072235107,0.4492208563112745,0.20843317609429485,-0.5194448828697205,0.3165494203567505,-0.060528313131893385,0.12919278142138968,100.0,0.14207560185753196,352.9758924785164,4367.889515316205,0.017581102419721877,1.0605283131318934,0.4492208563112745,0.35205486570194894,0.2881014680416623,0.3264735066378343,0.0
768,80.24451797459065,13.028602227811708,35.08529773999999,42.73824452000002,40.30226069529413,1.559243412943739,-0.028539450839161873,0.8251938819885254,0.314991455078125,0.19790250432005,-0.45984911918640137,0.32864582538604736,-0.014301352867713342,0.11404178147597983,231.0,0.2210104986744521,237.69851313717518,9297.766974551047,0.03742425097546356,1.0143013528677134,0.314991455078125,0.5476508310524543,0.613271078740535,0.5738989301276866,499.9999999999634
769,80.24912860749751,13.028602227811708,37.64539472000001,42.20161538000002,39.99349167058825,1.2423381857554818,-0.016514405608177185,0.8022477626800537,0.328389892578125,0.19442799342608516,-0.3375817537307739,0.2755219638347626,-0.0345846617455576,0.1030365572979825,167.0,0.2142075584732079,318.6719666275132,6133.392927463927,0.024687393959948827,1.0345846617455576,0.328389892578125,0.530793551071835,0.40455224434649756,0.4802970283817,499.9999999999634
770,80.25373924040437,13.028602227811708,37.166871920000006,41.476995139999985,39.682156174117665,0.871398875278881,-0.015586546622216702,0.8426660895347595,0.37433296951593137,0.21030067338189304,-0.3657163083553314,0.283439964056015,-0.04022157257678462,0.10786408691598824,170.0,0.21299601451326827,311.27776270162065,5200.680428115432,0.020933152026470444,1.0402215725767847,0.37433296951593137,0.5277914174153028,0.34303149402054606,0.4538874480574001,707.137362096822
771,80.25834987331123,13.028602227811708,39.52872374000003,41.96919002000004,40.7463312729412,0.6158731826597524,-0.014511588029563427,0.7845474481582642,0.27602440467247596,0.16939633638541088,-0.2724876403808594,0.4210715591907501,0.017210354438194863,0.096033757752273,221.0,0.26041827062855477,292.7552670703648,10098.725448296731,0.040648172485265664,0.9827896455618051,0.27602440467247596,0.6453009390338842,0.6661014700124249,0.6536211514253005,1118.1113520097708
772,80.26296050621809,13.028602227811708,38.66396468000005,43.049284339999986,41.01326799058825,0.8160835376924434,-0.017717106267809868,0.827999472618103,0.2898428165211397,0.1988885130381375,-0.3017500340938568,0.3026905953884125,0.013892448275696998,0.10594440077696177,195.0,0.14291868964719623,182.08742521595917,10427.440343806658,0.041971276062996575,0.986107551724303,0.2898428165211397,0.3541439869492609,0.6877831640276902,0.48759965778063263,1118.0533300666575
773,80.26757113912495,13.028602227811708,39.115143320000016,43.19967722000001,41.68328270000002,1.0111342382540394,-0.002211166312918067,0.7932015657424927,0.21417403875612745,0.16198607843508928,-0.261968195438385,0.3167016804218292,0.057623644062117035,0.0969526673150914,201.0,0.1858463599130676,229.7119255524417,10326.55958394938,0.04156522298747555,0.9423763559378829,0.21417403875612745,0.46051619296323604,0.6811291736027661,0.548761385219048,999.9999999999268
774,80.27218177203181,13.028602227811708,39.06045500000005,43.07321048000006,41.50454036000002,0.7982374524841331,-0.007167629897594452,0.7996888756752014,0.19159493079552284,0.15408775077632136,-0.29265686869621277,0.31111493706703186,0.06197865999661959,0.09451848553745826,462.0,0.26065484176133624,140.16815649092354,13031.876125736706,0.052454337062396834,0.9380213400033804,0.19159493079552284,0.6458871481879644,0.8595690504525125,0.7313599090937837,1118.0533300666575
775,80.27679240493867,13.028602227811708,40.37297468000003,45.29150546000005,42.258881998823554,1.3527068096100496,-0.021724818274378777,0.7428831458091736,0.215462646484375,0.15770474174230462,-0.2375226616859436,0.28231292963027954,0.03535963769052543,0.08921446393526546,299.0,0.23541411253208716,195.60810529955623,12105.923922520313,0.048727305858097696,0.9646403623094746,0.215462646484375,0.5833421269257408,0.7984942022569206,0.6694029570582127,1414.274724193644
776,80.28140303784554,13.028602227811708,30.597437480000053,45.018063859999984,33.38396350117649,4.125881953345947,-0.38645094633102417,0.12226312607526779,-0.14935139973958333,0.08987494021355176,-0.4354638159275055,0.25828132033348083,-0.012081414765002681,0.0808564365600058,0.0,0.0,0.0,563.3335502976624,0.002267462308632082,1.0120814147650026,0.0,0.0,0.03715689746015221,0.014862758984060885,1802.8835902130372
777,80.2860136707524,13.028602227811708,30.508568960000048,31.021271960000036,30.79447628000002,0.10802443186090037,-0.2227424681186676,-0.0052083334885537624,-0.10736855899586398,0.03198671372608661,-0.15820029377937317,0.04076738655567169,-0.056490275065104165,0.032347392662537486,0.0,0.0,0.0,0.0,0.0,1.0564902750651042,0.0,0.0,0.0,0.0,2236.2227040195417
778,80.29062430365926,13.028602227811708,30.303487760000053,30.877715120000005,30.582204228235312,0.11299459472786087,-0.1636798083782196,0.05934343487024307,-0.0706719970703125,0.02415374108886917,-0.15881983935832977,0.04274702072143555,-0.06271552452674278,0.02887434824529076,0.0,0.0,0.0,0.0,0.0,1.0627155245267428,0.0,0.0,0.0,0.0,2692.783173935857
779,80.29523493656612,13.028602227811708,30.09498854000003,30.477806780000037,30.28354733882355,0.10576635652169346,-0.15243516862392426,0.025542784482240677,-0.06736712287454044,0.02527213816842591,-0.15667575597763062,0.07927677035331726,-0.052194405350030636,0.0328555791788578,0.0,0.0,0.0,0.0,0.0,1.0521944053500307,0.0,0.0,0.0,0.0,3162.523827489406
780,80.29984556947298,13.028602227811708,30.214619240000047,30.515404999999987,30.35441507529414,0.0639750330255542,-0.18498294055461884,0.028812367469072342,-0.06893394320618873,0.024841438522703912,-0.15060670673847198,0.05899280682206154,-0.05119631299785539,0.03128046249595077,0.0,0.0,0.0,0.0,0.0,1.0511963129978554,0.0,0.0,0.0,0.0,3605.7671804260744
781,80.30445620237984,13.028602227811708,29.88648932000001,30.47438876000001,30.215790118823545,0.12348637838040971,-0.1589958220720291,0.03516921028494835,-0.06608952448918269,0.026976770776281984,-0.15645277500152588,0.07702523469924927,-0.03758628845214844,0.03393259408816643,0.0,0.0,0.0,0.0,0.0,1.0375862884521485,0.0,0.0,0.0,0.0,4031.391719343402
782,80.3090668352867,13.028602227811708,29.64039188000004,30.361594100000048,29.983270142352964,0.1545460145547841,-0.15940223634243011,0.062384188175201416,-0.05974417892156863,0.02726912179130362,-0.13783404231071472,0.08579668402671814,-0.03503546621285233,0.030598097819144562,0.0,0.0,0.0,0.0,0.0,1.0350354662128523,0.0,0.0,0.0,0.0,4472.445408039083
783,80.31367746819356,13.028602227811708,29.18237720000002,30.207783199999994,29.823959660000014,0.1892704129806607,-0.16091205179691315,0.04101838916540146,-0.06032943426393995,0.026575155939826997,-0.14850036799907684,0.07822085916996002,-0.04069087907379749,0.029395931119895056,0.0,0.0,0.0,0.0,0.0,1.0406908790737974,0.0,0.0,0.0,0.0,4924.7845799319775
784,80.31828810110042,13.028602227811708,29.698498220000033,30.01637407999999,29.87559857000002,0.06049442346545724,-0.1438450962305069,0.04670329764485359,-0.05759185791015625,0.028087653372036867,-0.1517925262451172,0.07653909921646118,-0.04325194725623498,0.03093534542833007,0.0,0.0,0.0,0.0,0.0,1.043251947256235,0.0,0.0,0.0,0.0,5385.566347871714
785,80.32289873400728,13.028602227811708,29.71558832000005,30.002702,29.86166432352943,0.05068467533732465,-0.1601671278476715,0.035555556416511536,-0.05664954091988358,0.02845268311348326,-0.14636015892028809,0.08218063414096832,-0.0413722318761489,0.03162415373955096,0.0,0.0,0.0,0.0,0.0,1.041372231876149,0.0,0.0,0.0,0.0,5852.797033356558
786,80.32750936691414,13.028602227811708,29.729260400000044,30.009538040000052,29.89415325411767,0.05528639831776636,-0.15611813962459564,0.057039711624383926,-0.05265650132123162,0.029815461986293187,-0.16457565128803253,0.06294820457696915,-0.03701428581686581,0.031244435270574706,0.0,0.0,0.0,0.0,0.0,1.0370142858168658,0.0,0.0,0.0,0.0,6325.047654978812
787,80.332119999821,13.028602227811708,29.486580979999985,30.012956060000022,29.809790843529434,0.09024059988008508,-0.16251830756664276,0.06311360746622086,-0.05802761371319111,0.02855115478743969,-0.16349206864833832,0.08235294371843338,-0.03878204932579627,0.03162413918025396,0.0,0.0,0.0,0.0,0.0,1.0387820493257962,0.0,0.0,0.0,0.0,6801.272605886723
788,80.33673063272786,13.028602227811708,29.483162960000016,29.879653280000014,29.763842720000014,0.06498687184916152,-0.15633802115917206,0.06773488968610764,-0.04982534371170343,0.03168980748158908,-0.12226148694753647,0.08512330800294876,-0.022821547564338237,0.031101216962440344,0.0,0.0,0.0,0.0,0.0,1.0228215475643383,0.0,0.0,0.0,0.0,7280.692053586937
789,80.34134126563472,13.028602227811708,29.50708910000003,29.889907340000036,29.736640484705905,0.06931488553122521,-0.1581166535615921,0.051560379564762115,-0.05668320599724265,0.029624609997854198,-0.15641215443611145,0.10864745080471039,-0.027657153559666053,0.03524613560405956,0.0,0.0,0.0,0.0,0.0,1.0276571535596661,0.0,0.0,0.0,0.0,7762.714151409244
790,80.34595189854159,13.028602227811708,29.404548500000033,29.903579420000028,29.697138108235315,0.09615866366492856,-0.16119620203971863,0.0423162579536438,-0.05641095674954928,0.029121854971290075,-0.1308203935623169,0.12993420660495758,-0.024887935931865987,0.032141147713963474,0.0,0.0,0.0,0.0,0.0,1.024887935931866,0.0,0.0,0.0,0.0,8246.882545032473
791,80.35056253144845,13.028602227811708,0.0,29.86598120000002,12.08054120235295,14.440325721576926,-0.1524513065814972,0.06342779844999313,-0.023887939453125,0.035459988555966576,-0.11522048711776733,0.09165526926517487,-0.007246487935384114,0.021621920499517933,0.0,0.0,0.0,0.0,0.0,1.0072464879353842,0.0,0.0,0.0,0.0,8732.84025528807
792,80.15230531645344,13.033093783686663,31.848432800000012,44.621573539999986,36.34465479058825,4.172535886193815,-0.5241379141807556,0.8774972558021545,-0.03644005868949142,0.33435529074160564,-0.6170487403869629,0.6428571343421936,0.1407470583448223,0.1932842290277321,54.0,0.03569734182379858,164.23573506752854,3237.4206870478456,0.013030875546446625,0.8592529416551777,0.0,0.08845588346897246,0.213536915101986,0.13848829612217786,3605.6271045741146
793,80.1569159493603,13.033093783686663,40.29094220000002,44.30369768000003,42.16788460823532,0.936757096619775,-0.02091020904481411,0.7190406322479248,0.16745749080882352,0.12287361360221426,-0.1911141276359558,0.28503724932670593,0.08859612558402268,0.07127335622061985,160.0,0.07956868396635926,123.55141764826942,12799.18372303144,0.05151773164920879,0.9114038744159774,0.16745749080882352,0.19716645209743572,0.8442209005997167,0.4559882314983481,3354.14781795565
794,80.16152658226716,13.033093783686663,39.70304276000002,43.52780714000005,41.68703187764708,0.9769613506391048,-0.010772833600640297,0.7218543291091919,0.191556396484375,0.12460789345927682,-0.1694009155035019,0.2835952937602997,0.07770120474008413,0.07159910305614518,237.0,0.16127868593238198,169.06517981239472,10026.082138373044,0.0403557773897859,0.9222987952599159,0.191556396484375,0.3996389624549845,0.6613099925359383,0.504307374487366,3162.299274943611
795,80.16613721517402,13.033093783686663,39.69962473999999,45.74268410000002,42.47311734235296,1.3811652602843898,-0.03663663566112518,0.7046878933906555,0.251722292432598,0.13916231357741124,-0.24262681603431702,0.39945119619369507,0.07769351734834559,0.08306922142561428,134.0,0.13775839967963008,255.4105493341354,6379.157258575139,0.025676614923810105,0.9223064826516544,0.251722292432598,0.34135709625330357,0.4207626050566612,0.37311929977464664,3041.386883656243
796,80.17074784808088,13.033093783686663,41.25824186,43.81492082,42.56812410588237,0.5076779304039464,-0.02756543830037117,0.7829824090003967,0.22784629672181372,0.1593045391145208,-0.280600368976593,0.33532822132110596,0.06084545060700061,0.08836815283009157,224.0,0.23960429183611684,265.74929136943507,9184.38429207844,0.036967876667875474,0.9391545493929994,0.22784629672181372,0.5937251412706422,0.6057924744497635,0.5985520745422908,2692.7410573500474
797,80.17535848098774,13.033093783686663,41.494085240000004,44.09861648000003,42.66880785764708,0.44004177106630443,-0.05098039284348488,0.671570360660553,0.19155286348783052,0.1033612057090204,-0.17431782186031342,0.25450336933135986,0.07962018526517428,0.06844088102655373,411.0,0.23799944260471823,143.86649351127366,14022.717110333739,0.05644255076852978,0.9203798147348257,0.19155286348783052,0.5897484206145618,0.9249238954542606,0.7238186105504413,2236.190246209093
798,80.1799691138946,13.033093783686663,39.73380494000003,45.15136663999999,42.26269031176473,0.9632082061143545,-0.040296923369169235,0.8006086349487305,0.24476576861213234,0.17973691700592237,-0.3389408588409424,0.349010705947876,0.04307183957567402,0.1026434744789033,120.0,0.14813735401001724,306.6965407703916,6693.686054456715,0.026942618323153294,0.9569281604243259,0.24476576861213234,0.36707552591426085,0.4415085986348203,0.3968487550024846,1802.8609443597752
799,80.18457974680146,13.033093783686663,39.96623030000001,44.26268144000005,42.71512262000002,0.6961041002947903,-0.1228615865111351,0.620910108089447,0.1927237357345282,0.11606235327304384,-0.3048272728919983,0.529411792755127,0.08532075171377144,0.0820336560657419,428.0,0.28901676155628503,167.76632914671725,12840.844040659878,0.05168541773845061,0.9146792482862286,0.1927237357345282,0.7161662934733927,0.8469687719975045,0.7684872848830374,1414.2618938195506
800,80.18919037970832,13.033093783686663,40.98480026000004,42.895473440000046,41.83148626000002,0.3470204794923728,-0.026292255148291588,0.7582632303237915,0.17605494572566105,0.10589054240676538,-0.25476542115211487,0.3088424503803253,0.08963932917668269,0.06647432197496177,602.0,0.3375922642707055,139.32258882924907,13157.27512636477,0.05295907800550953,0.9103606708233173,0.17605494572566105,0.836533491366233,0.8678402386419617,0.8490561902765245,1118.0492726518835
801,80.19380101261518,13.033093783686663,37.57703432000005,42.69722827999999,40.496792158823546,1.4043071702003422,-0.007766990456730127,0.853781521320343,0.28156338560814953,0.1954668568463168,-0.3447798490524292,0.464103102684021,0.0328397414263557,0.11468434735701459,225.0,0.10001251208564108,110.43261553364019,9109.941132062944,0.03666823703274028,0.9671602585736443,0.28156338560814953,0.24782503857440674,0.6008822807255588,0.3890479354348676,999.9999999999268
802,80.19841164552204,13.033093783686663,39.73380494000003,43.83542894000004,41.44855106352943,1.2357650251662506,-0.0011827320558950305,0.598531186580658,0.14372643564261642,0.08287481288908578,-0.13432836532592773,0.2690478563308716,0.11201042624080883,0.05902604625530073,177.0,0.11446504795738495,160.66643922393774,16892.737931729604,0.06799461265809023,0.8879895737591912,0.14372643564261642,0.2836375602801499,1.0,0.57018253616809,999.9999999999268
803,80.2030222784289,13.033093783686663,37.51892798000006,43.86619112000005,39.73510591647061,1.2019139122364317,-0.026710759848356247,0.8009697794914246,0.27894878680889423,0.19239001117918897,-0.32841068506240845,0.2824902832508087,0.03233410468468299,0.11293331249380455,298.0,0.275457229890954,229.6484149189736,12340.841187708624,0.04967286651959205,0.967665895315317,0.27894878680889423,0.682566582917837,0.81398910173452,0.7351355904445103,707.1309469097753
804,80.20763291133576,13.033093783686663,38.22645812000002,42.143509040000026,40.12648694705884,0.8455187927616385,-0.00912336353212595,0.824066162109375,0.2648442765778186,0.19729907457360166,-0.30762654542922974,0.38871926069259644,0.0483290818158318,0.11406681780254846,157.0,0.3222361201897461,509.9177243705178,6149.808254429375,0.024753466955527305,0.9516709181841682,0.2648442765778186,0.7984818824239527,0.4056349823096594,0.6413431223782353,499.9999999999634
805,80.21224354424263,13.033093783686663,38.19569594000001,41.58295376000001,39.94725969764708,0.8108571452008553,-0.03235561028122902,0.8400579690933228,0.30210985370710786,0.1962531341074128,-0.338253378868103,0.39171913266181946,-0.001632843765557981,0.11378130230489819,235.0,0.29702024069993127,314.0101771844356,7863.613157354791,0.03165166788760193,1.001632843765558,0.30210985370710786,0.7359984373336043,0.5186757784970296,0.6490693737989744,707.1309469097753
806,80.21685417714949,13.033093783686663,39.22110194000004,42.76217066000004,41.03349226117649,0.7228883949465658,-0.007197043392807245,0.8024300336837769,0.28185880220853365,0.1665630056269859,-0.3225865662097931,0.25881874561309814,0.016460182483379656,0.09199632797408479,382.0,0.3749611268982059,243.86441005554425,11107.727158584361,0.044709484555554416,0.9835398175166203,0.28185880220853365,0.9291313036700757,0.7326541776693104,0.8505404532697696,1118.0951231045465
807,80.22146481005635,13.033093783686663,41.33685632000004,43.95505964000006,42.52340599647061,0.5471244888532855,-0.004855242092162371,0.7491652369499207,0.17948050704656862,0.12152501364627827,-0.2527262270450592,0.2809627950191498,0.09364194383808211,0.07845058800655834,663.0,0.4380843377085102,164.16090542296493,11123.20760395097,0.04477179457840158,0.9063580561619179,0.17948050704656862,1.0,0.7336752518105906,0.8934701007242363,1581.2360939144826
808,80.22607544296321,13.033093783686663,39.340732640000056,43.59958556000004,42.50586646823531,0.6703436269063476,-0.09632709622383118,0.7740344405174255,0.21984291226256128,0.1490651855774603,-0.3098771572113037,0.4855218827724457,0.07813766180300245,0.0974548423056425,507.0,0.285029992660823,139.67161112876448,8287.32973957351,0.03335716080421535,0.9218623381969976,0.21984291226256128,0.7062873179862149,0.5466236853620621,0.6424218649365538,1414.2618938195506
809,80.23068607587007,13.033093783686663,39.74064098000002,43.47995486000002,41.96977086000002,0.62168135611329,-0.028169013559818268,0.7852568030357361,0.22966454139122597,0.16870343824398173,-0.28181982040405273,0.3013574779033661,0.06676885164701021,0.0983215818886645,394.0,0.29418583997678105,185.50306244819552,8790.976181549886,0.035384377758459706,0.9332311483529898,0.22966454139122597,0.7289749614314238,0.5798436829830068,0.669322450052057,1118.0492726518835
810,80.23529670877693,13.033093783686663,40.000410500000044,42.70064630000002,41.38578486235296,0.53057110578399,-0.018534360453486443,0.7373102903366089,0.23701418409160538,0.14563167837092736,-0.2555544972419739,0.2934284210205078,0.03923566930434283,0.08320307904450888,467.0,0.3136527633538698,166.86212808406395,9267.76303472232,0.03730348273320966,0.9607643306956571,0.23701418409160538,0.7772128362357373,0.6112920499483967,0.710844521720801,707.1309469097753
811,80.23990734168379,13.033093783686663,38.41444922000005,42.929653640000026,40.92493168823532,0.8339089038526868,-0.030389094725251198,0.7773087024688721,0.25702282475490196,0.16991930322210494,-0.32417377829551697,0.2785554826259613,0.026243357938878678,0.09430192844817062,210.0,0.24249978178430048,286.8914449907483,6776.693034502829,0.027276728014487113,0.9737566420611213,0.25702282475490196,0.6008999926281,0.4469836530575874,0.539333456799895,499.9999999999634
812,80.24451797459065,13.033093783686663,38.71865300000002,42.51607322000001,40.698821977647086,0.8559314326573672,-0.03203817456960678,0.7786639928817749,0.24474205603966345,0.17578589752251378,-0.2992657721042633,0.41272029280662537,0.02895727010873648,0.100848641551918,148.0,0.22496480973661032,377.64036938142993,7218.917001463748,0.029056714625488374,0.9710427298912635,0.24474205603966345,0.5574493779650186,0.47615228784972113,0.5249305419188997,707.1309469097753
813,80.24912860749751,13.033093783686663,38.85537380000005,42.46822094000004,40.58208890705884,0.9015877146411674,-0.020401502028107643,0.7909055352210999,0.32814287971047795,0.1918119482254979,-0.3073306679725647,0.3267527222633362,-0.020357953239889707,0.10456066584616909,256.0,0.25004181215958604,242.66001100948495,8299.37903370437,0.03340566017066159,1.0203579532398896,0.32814287971047795,0.6195886939686279,0.5474184443219199,0.5907205941099447,999.9999999999268
814,80.25373924040437,13.033093783686663,38.63320250000004,42.01020626000002,40.64814303058825,0.7564562932684907,-0.02188812755048275,0.8388347029685974,0.2831115483302696,0.17979524236304675,-0.33852139115333557,0.28383010625839233,0.0037270220588235294,0.09451789327468112,237.0,0.23261615956784293,243.84680850570982,9236.033081917209,0.03717576715155781,0.9962729779411764,0.2831115483302696,0.576408966395792,0.6091991751281911,0.5895250498887517,1118.0492726518835
815,80.25834987331123,13.033093783686663,39.77823920000003,42.02729636000004,40.839883308235315,0.4461744399212757,-0.013100436888635159,0.7725450992584229,0.2538314115084135,0.15713339280468752,-0.27947860956192017,0.27440860867500305,0.02387130150428185,0.0898847217088296,356.0,0.30211828549646624,210.8397798068763,9227.888751938763,0.037142985576156466,0.9761286984957182,0.2538314115084135,0.7486310882090613,0.6086619835589496,0.6926434463490166,1414.2618938195506
816,80.26296050621809,13.033093783686663,38.86562786000002,41.90766566000002,40.517891631764726,0.5455667881404087,-0.013333333656191826,0.8136146664619446,0.31663365981158087,0.18208290761179763,-0.322327196598053,0.27988338470458984,0.0029301727519315834,0.09739053708153965,268.0,0.22988870012387122,213.11222880382527,9666.561536552566,0.03890867839599455,0.9970698272480684,0.31663365981158087,0.5696504846036977,0.6375963860418868,0.5968288451789734,1581.1496374718056
817,80.26757113912495,13.033093783686663,36.70543922000002,43.70554418000006,41.48756853058825,1.2941329394042111,-0.24269889295101166,0.8252907991409302,0.2382437672334559,0.19772473644520694,-0.3685287535190582,0.5961622595787048,0.056712802064185046,0.12371862777760027,105.0,0.14470545119025413,342.39004822640953,6930.096791308471,0.027894190326780713,0.943287197935815,0.2382437672334559,0.35857147546142243,0.4571020059563585,0.39798368765939685,1499.9999999998902
818,80.27218177203181,13.033093783686663,40.19181962000005,44.56004918000002,42.38201088000002,0.8323851692076293,-0.08617594093084335,0.76156085729599,0.19601497943584736,0.15803128260477148,-0.36674848198890686,0.5454937219619751,0.08659734285794772,0.10002168144526526,300.0,0.17721856524091162,146.76195962297038,9397.495324170344,0.037825665508193516,0.9134026571420523,0.19601497943584736,0.43913703246771535,0.6198490573798623,0.5114218424325742,1581.1496374718056
819,80.27679240493867,13.033093783686663,40.61565410000003,45.37695596000003,42.52316945529414,0.9502354329398313,-0.0270912554115057,0.7958407402038574,0.25537851371017156,0.17117461029686915,-0.32464712858200073,0.3222351670265198,0.03357060750325521,0.08972315518652076,176.0,0.2267612758463374,320.09711840893675,5057.5678059484035,0.020357112348944092,0.9664293924967448,0.25537851371017156,0.5619009138144481,0.3335919337026776,0.4705773217697399,1802.8135522870573
820,80.28140303784554,13.033093783686663,31.021271960000036,46.176772640000024,35.50770114588237,5.38164625966455,-0.31411677598953247,0.15091559290885925,-0.11605048684512867,0.11506385535556497,-0.3845655024051666,0.2439398616552353,0.01782327090992647,0.0834129698914318,7.0,0.019998647737416015,709.7871476459634,1574.118834503603,0.006335953405684442,0.9821767290900736,0.0,0.049555456048510346,0.10382724780521098,0.0712641727511906,2121.3928407293256
821,80.2860136707524,13.033093783686663,30.713650160000043,31.216099100000008,30.95187077882355,0.10926111809934715,-0.22844555974006653,-0.0077220075763762,-0.12126284131816789,0.03463505288959419,-0.15673288702964783,0.08713693171739578,-0.04399401496438419,0.03364808814393786,0.0,0.0,0.0,0.0,0.0,1.0439940149643843,0.0,0.0,0.0,0.0,2500.109361056132
822,80.29062430365926,13.033093783686663,30.470970739999984,30.946075520000022,30.729427456470603,0.11318666704842649,-0.1586368978023529,-0.009947337210178375,-0.07810068570650541,0.02193868218193079,-0.16068866848945618,0.007862758822739124,-0.07530357947716346,0.026816294066901912,0.0,0.0,0.0,0.0,0.0,1.0753035794771635,0.0,0.0,0.0,0.0,2915.6224724642366
823,80.29523493656612,13.033093783686663,30.136004780000007,30.720486199999982,30.391138092941198,0.12250153522570398,-0.16055625677108765,0.013924051076173782,-0.07181104473039215,0.024116833167145264,-0.16738197207450867,0.02567864954471588,-0.07375219008501838,0.027887676538972703,0.0,0.0,0.0,0.0,0.0,1.0737521900850184,0.0,0.0,0.0,0.0,3354.2853693136394
824,80.29984556947298,13.033093783686663,30.286397660000034,30.628199660000007,30.460302732941198,0.07493276146650536,-0.1484888345003128,0.03722721338272095,-0.06660287894454657,0.026171769335305375,-0.18364518880844116,0.10704606771469116,-0.04162141388537837,0.03635076802013533,0.0,0.0,0.0,0.0,0.0,1.0416214138853783,0.0,0.0,0.0,0.0,3808.1064359862257
825,80.30445620237984,13.033093783686663,30.269307560000016,30.600855500000023,30.449256260000016,0.07903115934200683,-0.1621106117963791,0.04118838533759117,-0.06115076505220853,0.02785559528355151,-0.16044260561466217,0.09540636092424393,-0.018919343214768628,0.03561369717410979,0.0,0.0,0.0,0.0,0.0,1.0189193432147687,0.0,0.0,0.0,0.0,4272.257865457444
826,80.3090668352867,13.033093783686663,30.19752914000003,30.481224800000007,30.356295577647074,0.05199316841694747,-0.1556175798177719,0.022342586889863014,-0.06391528559666054,0.026335564125009946,-0.14465409517288208,0.06263817101716995,-0.047704309201708026,0.03253332729613709,0.0,0.0,0.0,0.0,0.0,1.047704309201708,0.0,0.0,0.0,0.0,4717.222410376938
827,80.31367746819356,13.033093783686663,29.93775962000001,30.423118460000012,30.183171090588257,0.09644644284812397,-0.15311652421951294,0.03038138337433338,-0.06066522934857537,0.026689319329965794,-0.1275964379310608,0.04945904016494751,-0.034919445561427696,0.02919776407617025,0.0,0.0,0.0,0.0,0.0,1.0349194455614277,0.0,0.0,0.0,0.0,5148.083940873614
828,80.31828810110042,13.033093783686663,29.71900634000002,30.29665172,29.96093737000002,0.12154151938653138,-0.16049382090568542,0.029100529849529266,-0.059933812068058895,0.028204316551946468,-0.15206727385520935,0.05380016937851906,-0.042781102107121396,0.029927195028778015,0.0,0.0,0.0,0.0,0.0,1.0427811021071214,0.0,0.0,0.0,0.0,5590.475615522733
829,80.32289873400728,13.033093783686663,29.725842380000017,30.098406560000058,29.88353255529413,0.07639743918836397,-0.16234247386455536,0.027617212384939194,-0.0620252960803462,0.028444252251799116,-0.1488095223903656,0.060100167989730835,-0.04003653732000613,0.029799008371806053,0.0,0.0,0.0,0.0,0.0,1.0400365373200062,0.0,0.0,0.0,0.0,6041.865217412821
830,80.32750936691414,13.033093783686663,29.780530699999986,30.08131646000004,29.919628738823548,0.05893740619044324,-0.1666666716337204,0.053019147366285324,-0.05891110887714461,0.02784987806204725,-0.15490908920764923,0.0804794505238533,-0.030541208304610906,0.029562319863803543,0.0,0.0,0.0,0.0,0.0,1.0305412083046108,0.0,0.0,0.0,0.0,6500.37855475868
831,80.332119999821,13.033093783686663,29.45923682,30.047136260000002,29.859973054117667,0.09984264781307405,-0.15866084396839142,0.08151382952928543,-0.0512022458589994,0.029948526319811163,-0.13363362848758698,0.09968847036361694,-0.02266720258272611,0.030461294155497524,0.0,0.0,0.0,0.0,0.0,1.0226672025827261,0.0,0.0,0.0,0.0,6964.608801440707
832,80.33673063272786,13.033093783686663,29.448982760000035,29.910415460000024,29.758414100000017,0.06475068547166411,-0.15000000596046448,0.07212205231189728,-0.04804740157781863,0.0302830381055214,-0.13798218965530396,0.09702062606811523,-0.020583415311925552,0.03334741193514846,0.0,0.0,0.0,0.0,0.0,1.0205834153119255,0.0,0.0,0.0,0.0,7433.312539196783
833,80.34134126563472,13.033093783686663,29.60621168,29.924087540000016,29.74851485176473,0.056056134172167704,-0.15186245739459991,0.09302325546741486,-0.05192034553079044,0.030835503153943605,-0.1497105062007904,0.1326860785484314,-0.025206143248314952,0.03639305069961121,0.0,0.0,0.0,0.0,0.0,1.025206143248315,0.0,0.0,0.0,0.0,7810.564727032471
834,80.34595189854159,13.033093783686663,29.15845106000006,29.883071299999983,29.581623224705897,0.1363834825437665,-0.1438596546649933,0.043753962963819504,-0.056323582575871396,0.029083130748972775,-0.14067913591861725,0.12566640973091125,-0.008002718411959134,0.03892916400712083,0.0,0.0,0.0,0.0,0.0,1.008002718411959,0.0,0.0,0.0,0.0,8200.961879993263
835,80.35056253144845,13.033093783686663,0.0,29.548105340000006,12.003286854117652,14.347182631192647,-0.14467409253120422,0.04260985180735588,-0.020614299400179992,0.03213311267986446,-0.11312217265367508,0.13328582048416138,0.006607173844879749,0.02627309387156209,0.0,0.0,0.0,0.0,0.0,0.9933928261551203,0.0,0.0,0.0,0.0,8602.714601286998
836,80.15230531645344,13.037585339561618,34.15901431999998,44.440418480000005,42.237667951250025,1.9808820756536119,-0.3174603283405304,0.8080689311027527,0.19915334664139092,0.17297735952611595,-0.5939394235610962,0.42168673872947693,0.05941421807981005,0.12166023836436166,298.0,0.1954324310019669,162.93182074447796,8928.077765421056,0.03593622252914197,0.9405857819201899,0.19915334664139092,0.48426990525224617,0.5888867614412909,0.526116647727864,4031.178686931667
837,80.1569159493603,13.037585339561618,40.54387568000004,44.13279668000001,42.61729436375002,0.8280902324929279,-0.029535865411162376,0.6421052813529968,0.15899299172794118,0.10189640640375608,-0.11905667185783386,0.3182182013988495,0.09776830336626838,0.06349069669679412,657.0,0.29072869789473776,109.93806130221158,12824.030879158523,0.0516177434272488,0.9022316966337316,0.15899299172794118,0.7204083695923355,0.845859793280443,0.7705889390675784,3807.916215380603
838,80.16152658226716,13.037585339561618,39.836345540000025,45.28808744000003,42.489407637500015,1.5305702286815215,-0.12518854439258575,0.7310924530029297,0.18953478299654447,0.12559828221606617,-0.2423679381608963,0.6684321761131287,0.10160975529597356,0.07308928305224888,432.0,0.2413790705483023,138.8166003966581,10175.475236310536,0.0409570964814041,0.8983902447040264,0.18953478299654447,0.5981229370427529,0.6711638065301249,0.6273392848377017,3640.068735819653
839,80.16613721517402,13.037585339561618,39.54581384000005,45.23339912000006,42.82637163125001,1.338240820223673,-0.022658100351691246,0.6881455779075623,0.18271400601256127,0.11220424217361143,-0.16527330875396729,0.31552499532699585,0.08550955978094363,0.07481549641189461,194.0,0.1772880100056529,227.0404170306248,10918.115891655347,0.04394628413756699,0.9144904402190563,0.18271400601256127,0.43930911245192833,0.7201476149076069,0.5516445134341997,3354.2366662835484
840,80.17074784808088,13.037585339561618,39.197175800000025,44.56688522000002,42.186271988750015,1.1540661650422672,-0.06828527897596359,0.6614495515823364,0.19864676681219362,0.12041448304494175,-0.24490919709205627,0.3589875102043152,0.07966824400658701,0.07275397569512311,248.0,0.17834145261311943,178.65951858014603,11077.983347510088,0.04458976335220987,0.920331755993413,0.19864676681219362,0.4419194803887697,0.7306923067003667,0.5574286109134085,2915.583562399457
841,80.17535848098774,13.037585339561618,37.97694266000002,46.71340178000003,43.14911063000002,1.504523044383961,-0.1458515226840973,0.7726618647575378,0.2125164794921875,0.1364276530938332,-0.30324169993400574,0.6297365427017212,0.08910870478703425,0.10589037764812281,251.0,0.13799746387812084,136.5912640239369,9930.549231907755,0.039971249849166925,0.9108912952129657,0.2125164794921875,0.34194948307548434,0.6550087409812858,0.46717318623780496,2500.080319904459
842,80.1799691138946,13.037585339561618,39.20401184000002,42.91598155999998,41.53174629125002,0.8308719925400142,-0.021556256338953972,0.7569922208786011,0.26235394646139704,0.15316016684308753,-0.2800544202327728,0.25697535276412964,0.03870511522480086,0.09322140663628402,494.0,0.3085750117499641,155.18843224655078,13187.552044670621,0.05308094500782774,0.9612948847751992,0.26235394646139704,0.7646304706809993,0.8698372728116921,0.8067131915332764,2121.373588823995
843,80.18457974680146,13.037585339561618,39.07070906000001,43.44919268000001,41.700925715000025,0.9601376010886971,-0.004491858649998903,0.7502612471580505,0.22944015203737744,0.1283878078810758,-0.25350794196128845,0.25868192315101624,0.055787365483302695,0.07502480345929996,502.0,0.3365086499909952,166.53980647736418,12420.560681188823,0.0499937438162382,0.9442126345166973,0.22944015203737744,0.8338483598255012,0.8192473169486748,0.8280079426747706,1802.8034838809106
844,80.18919037970832,13.037585339561618,40.57463786000005,43.192841180000016,41.997068245625016,0.48339570856736147,0.0020120723638683558,0.6197317838668823,0.1740349402794471,0.09543164628046308,-0.1636473834514618,0.27327612042427063,0.09318490835336539,0.06696764261291574,503.0,0.3111675861809723,153.69222799884065,13312.445551648516,0.05358365129882642,0.9068150916466347,0.1740349402794471,0.7710547154577073,0.8780751191635814,0.8138628769400569,1581.146767499159
845,80.19380101261518,13.037585339561618,38.86220983999999,43.00485007999998,41.11230999875003,0.9164167141754423,-0.0714285746216774,0.7512387037277222,0.2644385244332108,0.15602665014126207,-0.26655030250549316,0.4901232421398163,0.0411867597991345,0.09111865536074493,294.0,0.14766765347635846,124.78534493783638,7826.8196527490945,0.03150357110754718,0.9588132402008656,0.2644385244332108,0.3659116360124381,0.5162489170450336,0.4260465484254763,1499.9999999998902
846,80.19841164552204,13.037585339561618,39.97648436000003,43.886699239999984,41.77490322875002,0.9479049310933975,-0.011178388260304928,0.8264133930206299,0.2560169175091912,0.17768743801609319,-0.3288613259792328,0.2623985707759857,0.026815484738817404,0.10435306883116123,350.0,0.2705013843861333,192.0113885485396,12711.49758361841,0.051164787969565625,0.9731845152611825,0.2560169175091912,0.670286293404168,0.8384372136719187,0.7375466615112682,1000.0501994867449
847,80.2030222784289,13.037585339561618,38.605858340000054,43.95164162000003,41.18196472250003,0.9156437296054082,0.0035158211831003428,0.8478260636329651,0.3175844163161058,0.19038432144837963,-0.3537164032459259,0.22279007732868195,-0.003339365078852727,0.10618384262903374,538.0,0.3914541668185052,180.76909555209733,11378.286361102353,0.04579850684730136,1.0033393650788527,0.3175844163161058,0.9700000726792709,0.7504999824142071,0.8822000365732454,500.02509974337244
848,80.20763291133576,13.037585339561618,38.25380228000006,40.94720203999998,39.47860953500002,0.5680369367538636,0.011150394566357136,0.8415938019752502,0.4345221066942402,0.19156756420439006,-0.35763275623321533,0.26267537474632263,-0.05845256730621936,0.11121121751770936,221.0,0.30939823118255333,347.81723103499877,9711.290819548009,0.039088717314732326,1.0584525673062193,0.4345221066942402,0.7666703593247515,0.6405466832163575,0.7162208888813939,0.0
849,80.21224354424263,13.037585339561618,38.527243880000015,40.98480026000004,39.89191349750002,0.5405684866958407,-0.016852475702762604,0.8018370866775513,0.30850906671262257,0.17956914380305333,-0.2876293957233429,0.3091416656970978,0.009438464594822303,0.09805902142163292,300.0,0.360250063074984,298.3378470495474,9198.56800794915,0.037024967251449256,0.9905615354051777,0.30850906671262257,0.8926781651233843,0.6067280176566849,0.7782981061367046,500.02509974337244
850,80.21685417714949,13.037585339561618,39.19033976000003,41.162537300000054,40.254814231250016,0.41645189661637017,-0.0068156602792441845,0.8053439259529114,0.28464634821965146,0.15738018606361168,-0.2702151834964752,0.2661570608615875,0.01527503673846905,0.08159586272618011,468.0,0.47863414975879826,254.08754028004978,9921.190319110496,0.03993357948139574,0.9847249632615309,0.28464634821965146,1.0,0.6543914367874161,0.8617565747149665,1000.0501994867449
851,80.22146481005635,13.037585339561618,39.74747702000002,42.13325498000006,41.011541240000014,0.5200215223931084,0.007858546450734138,0.7577564120292664,0.21966418696384804,0.13426275318608372,-0.20964206755161285,0.28412699699401855,0.05379575243183211,0.08181846642470735,503.0,0.4034772273811349,199.28590501369328,9905.683508662249,0.03987116333699972,0.9462042475681679,0.21966418696384804,0.9997924995024735,0.6533686236326607,0.8612229491545484,1500.0752992301173
852,80.22607544296321,13.037585339561618,40.656670340000005,43.753396459999976,42.323445173750024,0.6027226013430207,-0.03651578724384308,0.7255500555038452,0.1928179572610294,0.13287044594943898,-0.2127440869808197,0.29754412174224854,0.08557157030292586,0.08828653981711707,500.0,0.3525626707188862,175.1829613594008,7806.113228749464,0.03142022610538832,0.9144284296970742,0.1928179572610294,0.8736292654661577,0.5148831427663417,0.7301308163862312,1802.8034838809106
853,80.23068607587007,13.037585339561618,41.12493907999999,44.48827075999998,42.669433131250024,0.8032972447581126,-0.05183245986700058,0.6833667159080505,0.19460560725285456,0.14488292298928582,-0.2209099382162094,0.45585447549819946,0.08811217087965745,0.0993771302240173,335.0,0.3407338588332856,252.69463717272737,8260.37457875174,0.033248664139753976,0.9118878291203425,0.19460560725285456,0.8443181752764809,0.5448457508752075,0.7245292055159716,1414.2490592159968
854,80.23529670877693,13.037585339561618,38.14100761999998,42.39986054000002,40.79854330250002,0.8914824427543734,-0.034673213958740234,0.8287538290023804,0.27675551470588233,0.20124858772544815,-0.3800223767757416,0.3404490351676941,0.012560815250172334,0.1166515813986321,301.0,0.2669822649095212,220.3644114834572,7784.877145910262,0.03133474918430766,0.9874391847498276,0.27675551470588233,0.6615661252786785,0.513482432739228,0.6023326482628983,1118.0452139217014
855,80.23990734168379,13.037585339561618,34.70589752000001,41.476995139999985,38.650280033750015,1.364194354827421,-0.042067307978868484,0.7886289358139038,0.24135093539368874,0.15867246138394406,-0.32052338123321533,0.27875587344169617,0.024456698847751993,0.08721859532019376,411.0,0.360252833042643,217.76652625790598,7157.197556986739,0.028808288956562067,0.975543301152248,0.24135093539368874,0.8926850289379974,0.47208133722283585,0.7244435522519327,999.9999999999268
856,80.24451797459065,13.037585339561618,34.52132444000006,43.032194240000024,38.950362083750015,1.8116547197123063,-0.025658225640654564,0.825018048286438,0.26973534217247597,0.1863959515438058,-0.3448184132575989,0.4603009819984436,0.024116841829740086,0.10786689127667443,215.0,0.2593932751264945,299.74075247860833,9823.666055131043,0.039541036568527074,0.97588315817026,0.26973534217247597,0.6427610613271914,0.6479588373538362,0.6448401717378494,1118.0452139217014
857,80.24912860749751,13.037585339561618,37.50183788000004,43.948223600000006,42.19221582500002,1.2352698528548827,-0.11130210757255554,0.8038182854652405,0.22986557904411764,0.17423679766372882,-0.3421586751937866,0.36061975359916687,0.07736198874080882,0.1011448495254186,251.0,0.2137449110024907,211.56684153485378,8747.25710718529,0.03520840500974339,0.9226380112591912,0.22986557904411764,0.5296471382392219,0.5769600181234229,0.5485722901929023,1414.2490592159968
858,80.25373924040437,13.037585339561618,39.30313441999999,43.19967722000001,40.77077189000001,0.7283501145332612,-0.04621567204594612,0.8017333745956421,0.28474714690563724,0.17234268328112315,-0.3090040981769562,0.31176045536994934,0.012347331327550552,0.09013768349591968,325.0,0.3333342911349594,254.81334719251984,7000.190545516428,0.028176323257888904,0.9876526686724495,0.28474714690563724,0.8259824879506656,0.4617253173787405,0.6802796197218957,1499.9999999998902
859,80.25834987331123,13.037585339561618,39.200593819999995,42.39986054000002,41.06390480375002,0.6501176619989549,-0.027444710955023766,0.8333709836006165,0.2746764432466947,0.16821932752020186,-0.2773747742176056,0.53782719373703,0.025569337698129507,0.09788122377420706,254.0,0.2960711905572956,289.592942671003,6495.876280641034,0.026146418263403443,0.9744306623018705,0.2746764432466947,0.7336467476969483,0.4284612708511272,0.6115725569586199,1581.146767499159
860,80.26296050621809,13.037585339561618,37.73084521999999,42.427204700000004,40.64451877625002,1.067608590766084,-0.017987633123993874,0.8719890117645264,0.34174479166666666,0.21070989749589342,-0.3777739703655243,0.34997645020484924,-0.003333139606550628,0.10962921379134037,224.0,0.26851039385925957,297.80955235239315,5363.036134103335,0.02158664664564305,1.0033331396065506,0.34174479166666666,0.665352737653651,0.35374030821468655,0.5407077658780652,1802.8034838809106
861,80.26757113912495,13.037585339561618,40.10295110000004,43.33639802000005,41.895853385000024,0.65656638067208,-0.031811896711587906,0.7834395170211792,0.23709848441329656,0.16042484086362968,-0.2615963816642761,0.45235708355903625,0.06443941004136029,0.0971473974138015,136.0,0.18588761687862293,339.57608096646624,8471.9189177492,0.034100146915860205,0.9355605899586397,0.23709848441329656,0.46061842526264524,0.5587989963516237,0.4998906536982366,1999.9999999998536
862,80.27218177203181,13.037585339561618,41.56928168000002,43.69529011999998,42.79700360687502,0.4474522368355951,-0.019535375759005547,0.8515081405639648,0.1847995816744291,0.15229139335339037,-0.3351690471172333,0.506036639213562,0.09238140399639423,0.08919998841374563,379.0,0.20598853025490155,135.0297207267917,11851.736925985524,0.04770418299654883,0.9076185960036057,0.1847995816744291,0.5104272894634702,0.7817282912598628,0.6189476901820272,2061.5589005344436
863,80.27679240493867,13.037585339561618,41.13519314000001,43.61325764000003,42.137024855000014,0.5454832210405192,0.009034711867570877,0.7984908819198608,0.26424632352941174,0.16145397470208886,-0.2705073654651642,0.33886662125587463,0.03832457000134038,0.08821849260758065,306.0,0.21211971479861627,172.22062007514958,7483.904545584167,0.030123310549399783,0.9616754299986596,0.26424632352941174,0.5256199989991709,0.49363059177800184,0.5128242361107033,2236.0904278434027
864,80.28140303784554,13.037585339561618,31.233189200000027,49.93317662000004,38.12195718500002,6.291373712233295,-0.3388635516166687,0.5426398515701294,-0.04806785733092065,0.152611674271468,-0.2919739782810211,0.310907244682312,0.04070163801604626,0.09169388708281978,49.0,0.06519858410802737,330.5731871204119,3689.1635489276905,0.014849176465972716,0.9592983619839537,0.0,0.16155820191510206,0.24333340634302036,0.19426828368626936,2500.0451802636967
865,80.2860136707524,13.037585339561618,30.775174520000007,31.486122679999994,31.108318373750013,0.17498421816435922,-0.24951393902301788,0.002433090005069971,-0.13324932023590685,0.03495514330134997,-0.1434977650642395,0.08237232267856598,-0.03786742864870558,0.03419989871926815,0.0,0.0,0.0,0.0,0.0,1.0378674286487055,0.0,0.0,0.0,0.0,2828.4981184319936
866,80.29062430365926,13.037585339561618,30.371848160000013,30.952911560000018,30.751675632500017,0.1337212800011177,-0.1547619104385376,-0.004464285913854837,-0.08004617544320913,0.02381296216000474,-0.1927981972694397,0.035153329372406006,-0.08546572758601262,0.03228276319262505,0.0,0.0,0.0,0.0,0.0,1.0854657275860127,0.0,0.0,0.0,0.0,3201.660117709819
867,80.29523493656612,13.037585339561618,30.122332700000015,30.88455116,30.451731811250017,0.21656934936845962,-0.1538965255022049,0.015460729598999023,-0.07258473115808824,0.022947895138027107,-0.16912280023097992,0.032212886959314346,-0.06769359513825061,0.026538950031900172,0.0,0.0,0.0,0.0,0.0,1.0676935951382507,0.0,0.0,0.0,0.0,3605.6765819247735
868,80.29984556947298,13.037585339561618,30.24196340000003,30.617945599999985,30.45464718125001,0.08659325372748651,-0.16366158425807953,0.03542573004961014,-0.06830509559780944,0.02585111935803408,-0.1625959575176239,0.08906249701976776,-0.04479309680415135,0.03316510719650969,0.0,0.0,0.0,0.0,0.0,1.0447930968041514,0.0,0.0,0.0,0.0,4031.281423852039
869,80.30445620237984,13.037585339561618,30.351340040000025,30.65212580000002,30.52603604750002,0.06183587449765077,-0.15231788158416748,0.03835616260766983,-0.062109997089092546,0.027220946947917126,-0.14304636418819427,0.10451977699995041,-0.029553592388446515,0.03920326843761195,0.0,0.0,0.0,0.0,0.0,1.0295535923884465,0.0,0.0,0.0,0.0,4472.315555044732
870,80.3090668352867,13.037585339561618,30.21120122000002,30.658961840000018,30.40938354875002,0.08875121592248603,-0.16602809727191925,0.03973941504955292,-0.06920565736060048,0.025632275790926508,-0.1704225391149521,0.08497723937034607,-0.04306972129672181,0.03309126622599015,0.0,0.0,0.0,0.0,0.0,1.0430697212967217,0.0,0.0,0.0,0.0,4924.635329670853
871,80.31367746819356,13.037585339561618,30.11207864000005,30.481224800000007,30.242315255000022,0.07234974103546642,-0.16141732037067413,0.036376114934682846,-0.06483783796721813,0.026741608748937922,-0.161807581782341,0.0669642835855484,-0.03969274782666973,0.02990078735048124,0.0,0.0,0.0,0.0,0.0,1.0396927478266698,0.0,0.0,0.0,0.0,5385.397853207911
872,80.31828810110042,13.037585339561618,29.763440600000024,30.41286439999999,30.202217049375022,0.12765331802818067,-0.1556175798177719,0.040639571845531464,-0.061748111431415266,0.027740226104401505,-0.13902610540390015,0.05396825447678566,-0.03537737039419321,0.030065289677293005,0.0,0.0,0.0,0.0,0.0,1.0353773703941933,0.0,0.0,0.0,0.0,5700.984995445274
873,80.32289873400728,13.037585339561618,29.725842380000017,30.074480419999986,29.870190893750014,0.07519427174462107,-0.15169811248779297,0.05112474411725998,-0.06528713450712316,0.027252424361473043,-0.16631871461868286,0.06607275456190109,-0.04619051465801164,0.03277945326166003,0.0,0.0,0.0,0.0,0.0,1.0461905146580117,0.0,0.0,0.0,0.0,6020.9306941612185
874,80.32750936691414,13.037585339561618,29.732678420000013,29.98561189999998,29.856531380000018,0.05485180648052779,-0.17330066859722137,0.033438485115766525,-0.0651089417700674,0.026724471043050278,-0.1350964903831482,0.06718146800994873,-0.03612259210324755,0.028621184185170113,0.0,0.0,0.0,0.0,0.0,1.0361225921032475,0.0,0.0,0.0,0.0,6364.120766471986
875,80.332119999821,13.037585339561618,29.78736674000004,30.009538040000052,29.88185237375002,0.04687121466147518,-0.15759716928005219,0.06540697813034058,-0.055881928663987376,0.029693367617185697,-0.13385826349258423,0.07136715203523636,-0.024951180678147535,0.03178073302947059,0.0,0.0,0.0,0.0,0.0,1.0249511806781475,0.0,0.0,0.0,0.0,6726.998590555375
876,80.33673063272786,13.037585339561618,29.636973860000012,29.951431700000057,29.803464106250015,0.06932870051034139,-0.15353260934352875,0.05206942558288574,-0.052269699994255514,0.029597119734143498,-0.15160350501537323,0.049656227231025696,-0.02649266560872396,0.029091150051166734,0.0,0.0,0.0,0.0,0.0,1.0264926656087239,0.0,0.0,0.0,0.0,7106.548891351888
877,80.34134126563472,13.037585339561618,29.599375640000005,29.889907340000036,29.736749885000023,0.05630893858644447,-0.1491166055202484,0.06821705400943756,-0.05295892453661152,0.031083118063982437,-0.12452253699302673,0.1277592033147812,-0.019882422054515167,0.03165930397346996,0.0,0.0,0.0,0.0,0.0,1.019882422054515,0.0,0.0,0.0,0.0,7500.240959713377
878,80.34595189854159,13.037585339561618,29.496835040000008,29.82496495999999,29.643633972500016,0.05714155067979295,-0.1480090171098709,0.10315186530351639,-0.04804294292743389,0.03323763236233015,-0.1286681741476059,0.15727002918720245,-0.0026592731475830076,0.03835812001912845,0.0,0.0,0.0,0.0,0.0,1.002659273147583,0.0,0.0,0.0,0.0,7905.962431171583
879,80.35056253144845,13.037585339561618,0.0,29.842055060000007,12.17730945845589,14.554831371862347,-0.17211948335170746,0.04800000041723251,-0.021494074802772673,0.03393606467123562,-0.11026033759117126,0.1139240488409996,-0.004313939412434895,0.022172873273416334,0.0,0.0,0.0,0.0,0.0,1.004313939412435,0.0,0.0,0.0,0.0,8321.95407780994
880,80.15230531645344,13.042076895436573,39.93888614000002,44.46434462000002,42.63349226000002,0.7599391387024396,0.0,0.7486229538917542,0.25560582778033086,0.14688575299211704,-0.21931354701519012,0.3525329530239105,0.1088668883080576,0.10320245290551594,241.0,0.12988766685345243,133.89871638011232,7387.783638805087,0.029736416260788823,0.8911331116919424,0.25560582778033086,0.3218538898486284,0.48729055633171975,0.38802855644186496,4472.164615504788
881,80.1569159493603,13.042076895436573,40.803645200000005,44.27635352000004,42.62527245411766,0.7379907839954195,-0.017318159341812134,0.7375478744506836,0.22832830690870098,0.13874639078036974,-0.21590398252010345,0.33274880051612854,0.08421714034734988,0.07249121281648757,260.0,0.13028212704096906,124.49073555272727,10725.880315257105,0.04317252066540941,0.9157828596526502,0.22832830690870098,0.3228313386612696,0.7074679554116503,0.4766859853614219,4272.018749472705
882,80.16152658226716,13.042076895436573,39.836345540000025,44.99755574000005,41.804415436470606,1.1054260797335607,-0.01146025862544775,0.7123016119003296,0.23049645057091347,0.13774535135663718,-0.22186711430549622,0.28992459177970886,0.08309792151817909,0.06442920420387206,321.0,0.16445555943262496,127.28260864048286,11123.281779306202,0.04477209314010118,0.9169020784818209,0.23049645057091347,0.40751106546815097,0.7336801443401887,0.537978697016966,4031.2262484617104
883,80.16613721517402,13.042076895436573,40.70794064000006,46.40919800000006,42.93632410117648,1.1039423606013623,-0.12481644749641418,0.7185184955596924,0.19894148284313726,0.11927249594845775,-0.22062434256076813,0.5830815434455872,0.08128760244332107,0.07676166648450342,272.0,0.17905098923089194,163.54352763556085,11724.213435442585,0.04719089081269341,0.9187123975566789,0.19894148284313726,0.4436776697992992,0.7733169739162377,0.5755333914460745,3605.6312600422875
884,80.17074784808088,13.042076895436573,40.882259660000045,45.746102120000046,42.84324514823531,0.938526420953066,-0.021577883511781693,0.6924643516540527,0.20597457586550244,0.11661491673582357,-0.22610659897327423,0.2686255872249603,0.07447635426240809,0.07351194905841264,285.0,0.20541486335009604,179.06575800139763,12060.786762732454,0.04854562520285607,0.9255236457375919,0.20597457586550244,0.5090057770961921,0.7955170019517129,0.6236102670384005,3201.6246725722744
885,80.17535848098774,13.042076895436573,39.74064098000002,45.195800899999995,42.82281981764707,0.7812570972540225,-0.03028555028140545,0.7123034000396729,0.20672926682692308,0.12827927179781168,-0.33788156509399414,0.3316519558429718,0.06420865572415865,0.07709288211455549,99.0,0.0792907205725749,198.98150463592228,12377.220197581923,0.0498192949254086,0.9357913442758413,0.20672926682692308,0.19647767538989844,0.8163886235433131,0.44444205465126435,2828.472440766366
886,80.1799691138946,13.042076895436573,37.55310817999998,42.45113084000002,40.476130287058844,0.8739716877396654,-0.09647058695554733,0.7621012926101685,0.22639672372855393,0.1463287287945653,-0.258022278547287,0.5425419211387634,0.048833031747855395,0.09061990659485346,411.0,0.33250900578743114,200.99586872985887,10901.5231815495,0.04387949716075159,0.9511669682521446,0.22639672372855393,0.8239374800929394,0.719053176936243,0.7819837588302609,2500.028839003281
887,80.18457974680146,13.042076895436573,38.37001496000005,42.37251637999998,40.14414474588237,0.8911591210126699,-0.014238253235816956,0.8459992408752441,0.2481963991651348,0.15430267626382274,-0.2957477271556854,0.2994599938392639,0.031164443072150737,0.08363904265356426,440.0,0.3521683121290114,198.8488757380685,10012.392519746962,0.04030067558688816,0.9688355569278493,0.2481963991651348,0.872652068406412,0.6604070394714721,0.7877540568324359,2236.082307752394
888,80.18919037970832,13.042076895436573,35.98081897999998,43.22702138,40.45777732000002,1.9037928706549765,-0.01902051828801632,0.8587760329246521,0.27522782545823316,0.1961541313293293,-0.4459833800792694,0.3359767496585846,0.0251267095712515,0.11642835448271319,315.0,0.31630336690583294,249.47027256233213,6643.157163994561,0.026739235523461365,0.9748732904287485,0.27522782545823316,0.7837808737123705,0.4381757653592494,0.645538830371122,2061.5566986528356
889,80.19380101261518,13.042076895436573,40.198655659999986,43.538061200000016,41.73960315411767,0.571524241418457,-0.008942337706685066,0.7666115760803223,0.2320983408011642,0.14344007410221835,-0.29698243737220764,0.30585241317749023,0.05011627197265625,0.08380155214470987,508.0,0.2948030212383397,144.17626089862947,10559.19823417374,0.042501612042656185,0.9498837280273438,0.2320983408011642,0.7305042997788318,0.6964737779975999,0.716892091066339,1581.1844281577794
890,80.19841164552204,13.042076895436573,39.83292752,42.97066988000006,41.24468805058825,0.6605859163476405,-0.00021021651627961546,0.7831444144248962,0.27167245902267156,0.15905080759868834,-0.2640163004398346,0.30286961793899536,0.019365988338694854,0.09025791207405694,605.0,0.38677178620890956,158.82722644727752,12869.805751476837,0.051801990926105164,0.9806340116613051,0.27167245902267156,0.9583974128620729,0.8488790564435982,0.9145900702946831,1118.062648979842
891,80.2030222784289,13.042076895436573,38.93057024000001,44.16355886000002,41.812966400000015,1.0490401790631398,-0.008498583920300007,0.81981360912323,0.27346649169921877,0.1831838527326532,-0.3542626202106476,0.3543283939361572,0.029072966942420373,0.10492005322876741,385.0,0.3095984133522792,199.78530331773464,9797.530193940755,0.03943583765019298,0.9709270330575797,0.27346649169921877,0.7671663987992099,0.6462349430220194,0.7187938164883336,707.1181101915915
892,80.20763291133576,13.042076895436573,38.37685099999999,42.00678823999999,40.35029038117649,0.7729133146078704,0.002144772093743086,0.804903507232666,0.29446083218443625,0.17824023081010917,-0.2895997166633606,0.24081279337406158,0.0049081518135818784,0.10059273436641286,571.0,0.3815465053365532,166.01101787114433,13140.075864145634,0.05288984960823484,0.9950918481864182,0.29446083218443625,0.9454494785811607,0.8667057931214899,0.9139520043972924,499.9999999999634
893,80.21224354424263,13.042076895436573,39.395420960000024,43.55856932000006,41.11407001294119,0.8429681814967988,-0.014860313385725021,0.7358276844024658,0.25101672602634806,0.14992722027634503,-0.2745571732521057,0.2829567492008209,0.030386795343137256,0.08887422573420842,534.0,0.40184542467884077,186.95768053553417,10838.609829335011,0.04362626591830088,0.9696132046568627,0.25101672602634806,0.9957489897534576,0.7149034773916784,0.8834107848087458,707.1181101915915
894,80.21685417714949,13.042076895436573,39.32364254000004,43.849101020000035,41.79976740235296,0.8978884194812473,0.011372251436114311,0.7547625303268433,0.2508806434044471,0.151697424773427,-0.23663349449634552,0.2852487564086914,0.042276866619403546,0.08877302264622139,591.0,0.4356829075265926,183.15069959155923,12825.892265319588,0.051625235654473314,0.9577231333805964,0.2508806434044471,1.0,0.8459825683835482,0.9383930273534193,1118.062648979842
895,80.22146481005635,13.042076895436573,40.23625388000005,42.18794330000003,41.103047194117664,0.4661012119344284,-0.030446194112300873,0.7864077687263489,0.21527942133884803,0.14300848068642155,-0.2627405524253845,0.28304821252822876,0.051522354425168504,0.08585443205315943,551.0,0.43379246721113546,195.59418896426877,7690.971087848133,0.030956769837798683,0.9484776455748315,0.21527942133884803,1.0,0.5072884864201105,0.8029153945680442,1581.1844281577794
896,80.22607544296321,13.042076895436573,40.38322874000005,42.64595798000005,41.41072812941178,0.5096108578640853,-0.04735557362437248,0.7873293161392212,0.19886474609375,0.13239048257529581,-0.23725399374961853,0.31182795763015747,0.07654281317018995,0.08682279806785301,522.0,0.3633896880651272,172.95281564638782,9075.473938382538,0.03652950383903409,0.92345718682981,0.19886474609375,0.900457968550631,0.5986088603325335,0.7797183252633919,2061.6149854362707
897,80.23068607587007,13.042076895436573,39.92863208000006,42.78951482000002,41.66913031000002,0.6368215542136466,-0.058505408465862274,0.8276158571243286,0.22851102388822114,0.17882719709172681,-0.34719619154930115,0.4235329031944275,0.0423119383591872,0.10918824512980994,272.0,0.2855668088451885,260.83409812356587,9072.994829900346,0.03651952523037603,0.9576880616408128,0.22851102388822114,0.7076175164666192,0.5984453409049818,0.6639486462419643,1802.7934121921814
898,80.23529670877693,13.042076895436573,38.95791440000005,42.59810570000002,40.95878073058825,0.5743043220732398,-0.03323369100689888,0.8100208640098572,0.26588354970894607,0.18077666751928362,-0.3181299865245819,0.2781195044517517,0.023912796319699756,0.09850735300557255,280.0,0.27144071133899816,240.84769478667852,7104.0450618527675,0.028594345939565568,0.9760872036803002,0.26588354970894607,0.6726138895566212,0.4685754537007189,0.5909985152142603,1581.1438966016453
899,80.23990734168379,13.042076895436573,38.92715222000004,41.7436007,40.44040074235296,0.6535666579638211,-0.021604938432574272,0.8073875308036804,0.30428517061121324,0.18781184039232482,-0.3565250337123871,0.3639213442802429,0.008239310769473806,0.10726116323971793,212.0,0.253244082252929,296.7761422852751,8164.0248109730965,0.03286084866743196,0.9917606892305262,0.30428517061121324,0.6275237282244301,0.5384906199944552,0.5919104849324401,1499.9999999998902
900,80.24451797459065,13.042076895436573,37.853893940000034,42.92623562000006,40.727218745882375,0.7880806856520609,-0.021461419761180878,0.779639720916748,0.24851102388822116,0.16794946519906961,-0.28838589787483215,0.4098168611526489,0.02629666255070613,0.097819071232936,191.0,0.24686052771399733,321.10260311500224,5394.531677958528,0.02171341871264276,0.9737033374492938,0.24851102388822116,0.6117056608960353,0.3558177216633632,0.5093504852029664,1414.236220383183
901,80.24912860749751,13.042076895436573,37.28992063999999,43.77732260000005,40.76154087058825,1.2978551595657333,-0.03637976944446564,0.8426390290260315,0.3350219247855392,0.23489563863428498,-0.3784443736076355,0.38690823316574097,-0.006082377714269302,0.14119180238848839,173.0,0.2101514730386679,301.7948857451552,6980.387674894673,0.02809661512988229,1.0060823777142693,0.3350219247855392,0.5207428133359884,0.46041914054492616,0.4966133442195635,1118.041153876197
902,80.25373924040437,13.042076895436573,39.019438760000014,40.96429214,39.92095631882355,0.38676395974351174,-0.02624179981648922,0.8057265281677246,0.3042136038985907,0.18650261605071633,-0.32466232776641846,0.2728005647659302,-0.022780265060125614,0.09410739547459505,252.0,0.28912130412735876,285.03953044270855,8115.462709410907,0.03266538234936508,1.0227802650601256,0.3042136038985907,0.7164253437278931,0.5352875140774681,0.6439702118677231,999.9999999999268
903,80.25834987331123,13.042076895436573,39.07070906000001,41.494085240000004,40.15907049411767,0.5064144778463306,-0.014865205623209476,0.8053476214408875,0.3208177771935096,0.18811274267930556,-0.3255450427532196,0.3339269757270813,-0.017128116901104266,0.0955442446568721,234.0,0.2656436533706925,282.03897490381564,7833.029172870565,0.03152856491951291,1.0171281169011042,0.3208177771935096,0.6582491257420375,0.516658490560242,0.6016128716693193,1118.041153876197
904,80.26296050621809,13.042076895436573,39.41934709999998,42.49556510000002,41.06423078705884,0.6634387311388557,-0.03700065612792969,0.7980157732963562,0.30714484719669116,0.17754808237357173,-0.2743244469165802,0.28432121872901917,0.020025178497912837,0.09614038786983256,194.0,0.2350549909198283,301.01856951220736,6874.895613569054,0.02767200119948643,0.9799748215020871,0.30714484719669116,0.5824522449944206,0.4534609934516722,0.5308557443773212,1414.236220383183
905,80.26757113912495,13.042076895436573,40.458425180000006,42.96725186000003,41.74117615294119,0.6092212087647846,-0.03332314267754555,0.8032823204994202,0.23995835248161765,0.1589171584790661,-0.296204149723053,0.3433283269405365,0.04933459113625919,0.09197977638749524,229.0,0.20109581467596618,218.16902465306404,9939.405832590648,0.040006898370758534,0.9506654088637408,0.23995835248161765,0.4983034321400489,0.6555929131884015,0.5612192245593899,1802.8156300211438
906,80.27218177203181,13.042076895436573,40.755792919999976,43.96873172000005,42.284586140000016,0.6605648140262221,-0.05081627890467644,0.7544819116592407,0.22459343543419472,0.1541422908860406,-0.24133463203907013,0.4449661076068878,0.06407261188213642,0.0933126113864823,287.0,0.23206420280329065,200.88698330302245,10560.168322305748,0.0425055167244814,0.9359273881178636,0.22459343543419472,0.5750412504609154,0.6965377640059413,0.6236398558789258,2236.125297959684
907,80.27679240493867,13.042076895436573,38.22645812000002,44.16355886000002,41.82596433764707,1.4584946349503123,-0.019096696749329567,0.9025177955627441,0.3649868116191789,0.2347983883508313,-0.39613527059555054,0.452503502368927,-0.005804983400831036,0.13382226070020678,150.0,0.11252193411506159,186.36805380795278,6043.059462592988,0.024323794584951965,1.0058049834008311,0.3649868116191789,0.27882264009780416,0.39859394257367364,0.326731161088152,2692.5943042060653
908,80.28140303784554,13.042076895436573,31.52030288000003,51.57382622,41.98048486117649,6.925028363391111,-0.3100541830062866,0.6766623258590698,0.0018285280115464154,0.15296577563442285,-0.3905833661556244,0.2914349138736725,0.062122647154564954,0.10847163867811752,2.0,0.0007705003271866205,95.71243657880314,1114.3155082839658,0.0044852084766174765,0.937877352845435,0.0018285280115464154,0.0019092538455899066,0.07349909668559024,0.03054519098159004,2915.500676701648
909,80.2860136707524,13.042076895436573,30.88113314000003,31.72196606,31.22864760941178,0.15523079090004466,-0.2803347408771515,-0.023255813866853714,-0.15102434943704043,0.03817275759841394,-0.14804063737392426,0.09591194987297058,-0.0314136609844133,0.03477171895197385,0.0,0.0,0.0,0.0,0.0,1.0314136609844133,0.0,0.0,0.0,0.0,3201.6021533248813
910,80.29062430365926,13.042076895436573,30.464134700000045,31.082796320000057,30.840034110588256,0.14705402914958146,-0.18644067645072937,0.0045610032975673676,-0.08557630098783053,0.024523753173249684,-0.18143460154533386,0.04854368790984154,-0.08912959759051983,0.035365551044881594,0.0,0.0,0.0,0.0,0.0,1.0891295975905197,0.0,0.0,0.0,0.0,3535.590550957958
911,80.29523493656612,13.042076895436573,30.190693100000033,30.96316562000004,30.67698627764708,0.1295328023781054,-0.14982163906097412,0.017921147868037224,-0.07371325922947304,0.024126327581801818,-0.19741936028003693,0.009953550063073635,-0.0806585813036152,0.03374405755709541,0.0,0.0,0.0,0.0,0.0,1.0806585813036151,0.0,0.0,0.0,0.0,3905.1986868011986
912,80.29984556947298,13.042076895436573,30.320577860000014,30.744412340000054,30.531809130588254,0.09053469919505128,-0.1594405621290207,0.027617212384939194,-0.06864041795917586,0.0256849933574263,-0.1787985861301422,0.03193754330277443,-0.06033030192057292,0.03030714862424824,0.0,0.0,0.0,0.0,0.0,1.060330301920573,0.0,0.0,0.0,0.0,4272.018749472705
913,80.30445620237984,13.042076895436573,30.35817608000002,30.70681411999999,30.4833773247059,0.0627337435869685,-0.2007797211408615,0.05263157933950424,-0.06599838256835938,0.026247117032932393,-0.15744680166244507,0.04206642135977745,-0.05265553401066707,0.029938833925907668,0.0,0.0,0.0,0.0,0.0,1.0526555340106671,0.0,0.0,0.0,0.0,4472.164615504788
914,80.3090668352867,13.042076895436573,30.204365180000025,30.573511339999982,30.40643048000002,0.056775869485758496,-0.16688567399978638,0.02349206432700157,-0.06870479209750306,0.024275221306469075,-0.16778524219989777,0.06734250485897064,-0.04336637010761336,0.032712344921073416,0.0,0.0,0.0,0.0,0.0,1.0433663701076135,0.0,0.0,0.0,0.0,4717.033023418616
915,80.31367746819356,13.042076895436573,30.13258675999998,30.484642819999976,30.321831528235307,0.07796180798575005,-0.17568470537662506,0.01690507121384144,-0.06516945034849878,0.025439430360264734,-0.12972572445869446,0.049926578998565674,-0.045208073036343444,0.030363409421915805,0.0,0.0,0.0,0.0,0.0,1.0452080730363433,0.0,0.0,0.0,0.0,5000.057678006562
916,80.31828810110042,13.042076895436573,29.913833479999994,30.37526618000004,30.141299360000023,0.11132344788818142,-0.1465063840150833,0.02596491202712059,-0.06235777634840745,0.026946345099287713,-0.14065779745578766,0.06814579665660858,-0.038522332998422476,0.02825716826382184,0.0,0.0,0.0,0.0,0.0,1.0385223329984226,0.0,0.0,0.0,0.0,5315.146758677969
917,80.32289873400728,13.042076895436573,29.746350500000005,30.122332700000015,29.93676614705884,0.08198209721773042,-0.15616798400878906,0.04983818903565407,-0.06190020991306679,0.029753273484723248,-0.14890511333942413,0.09391435235738754,-0.03775412166819853,0.03292254052155611,0.0,0.0,0.0,0.0,0.0,1.0377541216681985,0.0,0.0,0.0,0.0,5656.944881532732
918,80.32750936691414,13.042076895436573,29.736096439999983,30.01637407999999,29.90124948941178,0.049045747724285875,-0.15058986842632294,0.07567567378282547,-0.0619516051049326,0.02983823259252838,-0.14724919199943542,0.15090252459049225,-0.024270552092907474,0.0376681753512024,0.0,0.0,0.0,0.0,0.0,1.0242705520929074,0.0,0.0,0.0,0.0,6020.905061752409
919,80.332119999821,13.042076895436573,29.763440600000024,30.08473448000001,29.921592030588254,0.06772677019710228,-0.1596638709306717,0.057163018733263016,-0.0512411616398738,0.031636238440975066,-0.12359550595283508,0.13050192594528198,-0.0014846024146446815,0.04321992659281177,0.0,0.0,0.0,0.0,0.0,1.0014846024146447,0.0,0.0,0.0,0.0,6403.249345144549
920,80.33673063272786,13.042076895436573,29.681408120000015,30.030046159999984,29.87349138235296,0.06133805068552186,-0.160677969455719,0.055197130888700485,-0.051512223785998776,0.031971502167208135,-0.12611991167068481,0.10477548092603683,-0.02636618819891238,0.031441592687635585,0.0,0.0,0.0,0.0,0.0,1.0263661881989123,0.0,0.0,0.0,0.0,6800.877784012469
921,80.34134126563472,13.042076895436573,29.613047720000054,29.930923580000012,29.753612314117664,0.059056738655370825,-0.16298343241214752,0.07388442009687424,-0.04975715188419118,0.03432751489790562,-0.13286712765693665,0.08615384250879288,-0.022924569821825214,0.031148172735867626,0.0,0.0,0.0,0.0,0.0,1.0229245698218252,0.0,0.0,0.0,0.0,7211.262520084575
922,80.34595189854159,13.042076895436573,29.469490880000023,29.927505559999986,29.67610959764708,0.07360156119129281,-0.16350877285003662,0.06824925541877747,-0.05023947495680589,0.03338377656940909,-0.13036926090717316,0.10310965776443481,-0.016849732032189,0.03224755264894087,0.0,0.0,0.0,0.0,0.0,1.016849732032189,0.0,0.0,0.0,0.0,7632.346145033038
923,80.35056253144845,13.042076895436573,0.0,29.807874860000027,12.184607492941185,14.563606950992193,-0.16701030731201172,0.0445229671895504,-0.019694381414675246,0.032534261002738984,-0.09579100459814072,0.10361842066049576,-0.005784093819412531,0.020796374900312716,0.0,0.0,0.0,0.0,0.0,1.0057840938194125,0.0,0.0,0.0,0.0,8062.452496923421
924,80.15230531645344,13.046568451311527,40.424244980000026,45.86915084000003,42.94839952823531,0.7838116237236012,-0.0035714285913854837,0.7724770903587341,0.25662676642922794,0.143391221339654,-0.2954545319080353,0.2993965744972229,0.047340013092639396,0.07983894895159993,176.0,0.11550053622999121,163.04101608142517,11609.986917566905,0.0467311200005475,0.9526599869073606,0.25662676642922794,0.28620343844629625,0.765782711116349,0.4780351475143173,4499.999999999671
925,80.1569159493603,13.046568451311527,41.494085240000004,46.40236196000001,43.95669177411767,1.284623557571155,-0.018530774861574173,0.7189772725105286,0.19563277899050244,0.12860581287932266,-0.2686980664730072,0.3023858070373535,0.08269710765165442,0.07992759352850665,224.0,0.1613565806593653,178.96339268142373,11740.690884801266,0.04725721385584158,0.9173028923483456,0.19563277899050244,0.39983198094154,0.7744038094081089,0.5496607123281676,4527.693335489673
926,80.16152658226716,13.046568451311527,40.30119625999998,43.59958556000004,42.43502238588237,0.7363575710189944,0.009205983951687813,0.7052375078201294,0.1693450927734375,0.08734347591362537,-0.2041974812746048,0.23609252274036407,0.08777980511005108,0.057488471554684784,328.0,0.1657170530202288,125.52172482157658,16158.560782673228,0.06503949128734167,0.9122201948899489,0.1693450927734375,0.4106369713222263,1.0,0.6463821827933358,4301.202165881828
927,80.16613721517402,13.046568451311527,41.459905040000024,45.53418488,43.04689527411767,0.9858397410122914,-0.027157098054885864,0.7458369731903076,0.20488357843137256,0.12133235250492613,-0.24124760925769806,0.2920767366886139,0.0665557861328125,0.07653131597852159,244.0,0.16806118646144483,171.1209329683186,12515.952223191329,0.050377702353660105,0.9334442138671875,0.20488357843137256,0.4164455941472931,0.8255392442497916,0.5800830541882925,3905.1568276650873
928,80.17074784808088,13.046568451311527,37.019897060000005,42.93648968000002,41.29138127882354,1.2365885223729647,-0.027624309062957764,0.8006098866462708,0.3162861663219976,0.2077184304383991,-0.2802935540676117,0.22420574724674225,0.012454535540412454,0.09559144984858577,236.0,0.1504856865190707,158.41953398859948,9611.475979505401,0.038686954651175075,0.9875454644595876,0.3162861663219976,0.37289455377892805,0.6339629997582981,0.4773219321706761,3535.5584433032764
929,80.17535848098774,13.046568451311527,37.17370796,43.22360336000003,41.21642138000002,1.3811371189572261,-0.010596765205264091,0.8035264611244202,0.35704441950871396,0.20847666855169095,-0.3468378186225891,0.29786285758018494,-0.0011232849267812876,0.10646552246727496,225.0,0.17183427724206837,189.73734664243776,9222.076048855564,0.03711958898430523,1.0011232849267813,0.35704441950871396,0.42579508801314125,0.6082785836845508,0.4987884862817051,3201.579460804939
930,80.1799691138946,13.046568451311527,36.459341780000045,42.194779340000025,39.566109072941195,1.1208808261130847,0.012820512987673283,0.7886945009231567,0.3214907896752451,0.16941800621659142,-0.3413098156452179,0.5007526278495789,-0.0027377685846066944,0.09916890639487255,374.0,0.28686110817431665,190.55730853304186,8510.093271309535,0.034253801722694835,1.0027377685846066,0.3214907896752451,0.7108247129911235,0.5613169371703437,0.6510216026628115,2915.4866595757435
931,80.18457974680146,13.046568451311527,38.065811180000026,43.12448078,39.96412508352944,0.9073758357291473,0.007032820023596287,0.8147801756858826,0.24706004423253677,0.15256761765172686,-0.29139623045921326,0.2734452188014984,0.0322271608838848,0.08200705489880232,503.0,0.4038759850065033,199.48285980781748,11813.84037105918,0.04755164635129294,0.9677728391161152,0.24706004423253677,1.0,0.7792286737512887,0.9116914695005155,2692.5875586434186
932,80.18919037970832,13.046568451311527,38.13758960000001,42.919399580000004,40.945157930000015,0.8258873926971895,-0.03812137991189957,0.8431563377380371,0.20170036902794472,0.14868841272352679,-0.2905382812023163,0.35495153069496155,0.060994415283203124,0.08638104795400094,355.0,0.35281335289157045,246.91200207087368,8462.399858480945,0.03406183194581626,0.9390055847167968,0.20170036902794472,0.8742504409353049,0.5581711290624115,0.7478187161861476,2236.0928075213724
933,80.19380101261518,13.046568451311527,41.10101294000003,49.36236728000006,43.87261321294119,1.936910200466732,-0.05491488054394722,0.7406354546546936,0.16774366191789217,0.1336689735032729,-0.21960486471652985,0.32732847332954407,0.10263614430147058,0.08121288799775069,211.0,0.15648082233533298,184.24860355516662,8850.704599600856,0.03562478938779234,0.8973638556985294,0.16774366191789217,0.3877501426841618,0.5837833075691944,0.46616340863817485,1802.7929615363196
934,80.19841164552204,13.046568451311527,39.18008570000001,49.29400687999998,42.61692255058825,1.8203303547012002,-0.033523716032505035,0.7594888210296631,0.2184451593137255,0.16090823908147392,-0.32208749651908875,0.4813425838947296,0.06319418514476102,0.10525785957644136,217.0,0.31916525438513293,365.4108284045869,6672.7092903271305,0.026858185180487163,0.936805814855239,0.2184451593137255,0.7908724601565327,0.44012499300118285,0.6505734732943927,1414.2233773213104
935,80.2030222784289,13.046568451311527,40.851497480000035,44.74120424,42.72932691764708,0.7437985502364729,-0.029999999329447746,0.8021308779716492,0.21094869760366586,0.15990358158140394,-0.300078421831131,0.5477386713027954,0.07435291583721454,0.10089936910465588,263.0,0.3993705198624066,377.26437399998747,6890.529318480463,0.027734928104181107,0.9256470841627855,0.21094869760366586,0.9896163232619334,0.45449217643377676,0.7755666645306707,1118.0370925154557
936,80.20763291133576,13.046568451311527,39.38516690000006,44.751458300000024,41.540766641176496,1.207920173206269,0.015133172273635864,0.8031864762306213,0.2876207778033088,0.17526303513015343,-0.30790191888809204,0.3112795352935791,0.04321454216452206,0.1092285492360469,330.0,0.40067174853542653,301.6479109268966,7833.979463440875,0.031532389914578955,0.956785457835478,0.2876207778033088,0.9928406902872225,0.5167211707419207,0.8023928824691018,999.9999999999268
937,80.21224354424263,13.046568451311527,39.689370680000025,43.732888340000045,42.42804442117649,0.6706869647050525,-0.02218570187687874,0.7130663990974426,0.1921096622242647,0.12049789361124535,-0.30878403782844543,0.2936694622039795,0.08321408739276961,0.07860291591178492,497.0,0.48658505270194125,243.2360351357172,11842.981946706497,0.047668943509183735,0.9167859126072304,0.1921096622242647,1.0,0.7811508218952836,0.9124603287581134,1118.0370925154557
938,80.21685417714949,13.046568451311527,40.80022717999998,42.929653640000026,41.41445365294119,0.3709535972172673,-0.02083882875740528,0.7841020822525024,0.23792860764723558,0.13241627328065725,-0.22803784906864166,0.307584673166275,0.046005783081054685,0.07917143069394507,516.0,0.490382812977467,236.10820495886549,12518.49636853942,0.05038794274087196,0.9539942169189453,0.23792860764723558,1.0,0.8257070534416511,0.9302828213766604,1414.2233773213104
939,80.22146481005635,13.046568451311527,40.294360220000044,42.82369502000006,41.32830535647061,0.5813442682172627,-0.018269747495651245,0.7293617129325867,0.22124672085631128,0.1259176359184185,-0.21815147995948792,0.2916702628135681,0.058205063763786764,0.0785685531968254,541.0,0.405345380443685,186.14591213460685,9661.049154812255,0.038886490621415276,0.9417949362362132,0.22124672085631128,1.0,0.6372327950521832,0.8548931180208732,1802.7929615363196
940,80.22607544296321,13.046568451311527,40.3763927,42.07856665999998,41.03797471647061,0.37514861378746867,-0.013758146204054356,0.7130915522575378,0.2285660328584559,0.13875715038351158,-0.2538512945175171,0.31591764092445374,0.04888921101888021,0.07960278436786017,504.0,0.34839703177989884,171.73920587745894,10674.045617861284,0.042963881889035674,0.9511107889811198,0.2285660328584559,0.8633070606818445,0.704048992463328,0.7996038333944377,2236.0741850309114
941,80.23068607587007,13.046568451311527,39.69278870000005,43.43552060000002,41.463613480000014,0.7176961588000723,-0.033743973821401596,0.7510121464729309,0.25240398700420674,0.15210121145701508,-0.23252293467521667,0.31454992294311523,0.03509754474346454,0.08481383607386375,323.0,0.26139551094565855,201.05790047749306,10437.125140616447,0.04201025813981652,0.9649024552565355,0.25240398700420674,0.6477224822411514,0.6884219631934662,0.6640022746220773,2061.554496063583
942,80.23529670877693,13.046568451311527,39.921796040000004,43.015104140000005,41.05963006117649,0.6231410796882979,-0.0018927444471046329,0.7460231781005859,0.25146953507965686,0.15958565319804588,-0.23526139557361603,0.3474215567111969,0.026117727242264095,0.08556744760208333,328.0,0.2900582703262044,219.70348691672646,9109.837335901138,0.03666781924494023,0.9738822727577359,0.25146953507965686,0.7187470900727204,0.6008754344382413,0.6715984278189289,1999.9999999998536
943,80.23990734168379,13.046568451311527,36.44908772000002,41.12152106000002,38.37460385882355,1.3336762970947278,-0.025967326015233994,0.7075448632240295,0.23357297411151962,0.15547926751868238,-0.3127214312553406,0.3203778564929962,0.02698568306717218,0.0913941572637931,269.0,0.28952212183332376,267.3960659634494,9175.934940838248,0.03693386735765526,0.9730143169328278,0.23357297411151962,0.7174185460919835,0.6052351639940473,0.672545193252809,1581.1585822317138
944,80.24451797459065,13.046568451311527,36.790889719999996,42.77584274000003,38.69062287058825,1.080302515302488,-0.02508591115474701,0.7918598651885986,0.27617431640625,0.17200102584870758,-0.33877232670783997,0.34733131527900696,0.02225553952730619,0.09801443808420596,238.0,0.27753108981200963,289.70782425952524,6808.906750530567,0.02740639078155518,0.9777444604726938,0.27617431640625,0.6877054840834574,0.4491084363988612,0.5922666650096189,1118.0464037606862
945,80.24912860749751,13.046568451311527,37.51550996000003,42.56734352000001,40.85888939176472,1.0832355506565112,-0.010920437052845955,0.859549880027771,0.3560548311121324,0.240336002888559,-0.3367405831813812,0.32214370369911194,-0.0054950138166839,0.1342851297086874,154.0,0.18510146224995486,298.617097062484,5844.918114762464,0.02352625991344185,1.0054950138166838,0.3560548311121324,0.4586703809918616,0.38552474451141566,0.42941212639968324,707.1116886606552
946,80.25373924040437,13.046568451311527,38.66396468000005,42.51607322000001,40.53958245764707,0.9069622725433565,-0.029230769723653793,0.7942904233932495,0.30736790077359066,0.194383266979013,-0.30601146817207336,0.4378451406955719,0.006639027315027574,0.10703638098991271,238.0,0.2546290234340544,265.8009249427716,7373.725019618333,0.029679829201309526,0.9933609726849725,0.30736790077359066,0.6309555298508285,0.4863632643724932,0.5731186236594944,499.9999999999634
947,80.25834987331123,13.046568451311527,39.73038692,43.82517488000002,42.00434003882355,0.8944461997302809,-0.022047244012355804,0.7802518010139465,0.23140775240384615,0.16388838926212224,-0.2829885482788086,0.29661959409713745,0.05325687701885517,0.10340995681745968,237.0,0.23996385639273107,251.5492502618852,10420.726287696656,0.04194425145358102,0.9467431229811448,0.23140775240384615,0.5946161207916507,0.6873403118412915,0.631705797211507,707.1116886606552
948,80.26296050621809,13.046568451311527,38.78017736000004,42.93990770000005,41.40026118235296,0.7703817311495752,-0.020800000056624413,0.8168233633041382,0.2964353075214461,0.1994512887678791,-0.3765857219696045,0.32070860266685486,0.008813443651386336,0.1169142262211811,234.0,0.2811906739174186,298.54554557534726,7269.882306422519,0.029261854028211486,0.9911865563486136,0.2964353075214461,0.6967737151795091,0.47951390657343784,0.6098697917370806,1118.0464037606862
949,80.26757113912495,13.046568451311527,40.311450320000006,43.76023250000003,41.69230674588236,0.8000187755204614,-0.05553397908806801,0.8053426146507263,0.23487496170343136,0.15564237172517342,-0.2904707193374634,0.3160000145435333,0.0609664857153799,0.0971717540811858,273.0,0.27066791957582187,246.32000138273125,8853.740825582361,0.03563701043865983,0.9390335142846201,0.23487496170343136,0.6706989576693474,0.5839835738899222,0.6360128041575773,1581.1585822317138
950,80.27218177203181,13.046568451311527,39.37491283999998,43.69529011999998,41.774597450000016,1.214784086326409,-0.021107524633407593,0.8472998142242432,0.26039172832782453,0.18178784021276925,-0.3504163920879364,0.29321053624153137,0.04356931833120493,0.10983456621693086,409.0,0.23420327450035572,142.26405892292308,9918.984628266087,0.03992470140045853,0.9564306816687951,0.26039172832782453,0.5803417425171956,0.6542459517040384,0.6099034261919327,2061.5797447222176
951,80.27679240493867,13.046568451311527,40.57463786000005,44.057600240000056,42.49684242235297,0.792038239323293,-0.03995821252465248,0.9119025468826294,0.3136159620098039,0.20930175378470522,-0.43671169877052307,0.37016573548316956,0.042206103754978554,0.12223257513192928,186.0,0.11712389841169342,156.44371324675967,8289.09677166446,0.03336427324880925,0.9577938962450214,0.3136159620098039,0.2902260330888154,0.5467402369684373,0.3928317146406642,2549.5437838982025
952,80.28140303784554,13.046568451311527,32.13896450000004,50.71932121999998,45.1092859647059,4.753192412477812,-0.2799742817878723,0.7579438090324402,0.11280907724417892,0.17922716323131882,-0.3733302056789398,0.3563435673713684,0.07842109231387867,0.10623695020440481,10.0,0.014126025027997995,350.95021426911643,1589.7052420365603,0.006398689934672083,0.9215789076861214,0.11280907724417892,0.035003447313361205,0.1048553111012249,0.06294419282850669,3041.4223397384526
953,80.2860136707524,13.046568451311527,31.175082860000032,36.66442298000004,31.639543287058842,0.713577639158453,-0.29085302352905273,0.005677210167050362,-0.16882577933517157,0.03948829801319312,-0.35632720589637756,0.14038656651973724,-0.014088775036381741,0.04651441152291331,0.0,0.0,0.0,0.0,0.0,1.0140887750363818,0.0,0.0,0.0,0.0,3499.999999999744
954,80.29062430365926,13.046568451311527,30.665797880000014,31.287877520000052,30.998221022352965,0.14874758678060876,-0.189907044172287,0.012145749293267727,-0.09327274029071514,0.02786693496939025,-0.1627907007932663,0.06039215624332428,-0.07045757000262921,0.03452581562336053,0.0,0.0,0.0,0.0,0.0,1.0704575700026293,0.0,0.0,0.0,0.0,3535.5348874305805
955,80.29523493656612,13.046568451311527,30.477806780000037,30.99392780000005,30.781525650588254,0.1066022287955124,-0.16502605378627777,0.011103853583335876,-0.08064867206648284,0.023299384943756885,-0.20560747385025024,0.04956268146634102,-0.08733358345779718,0.03067709710717462,0.0,0.0,0.0,0.0,0.0,1.0873335834577973,0.0,0.0,0.0,0.0,3640.0587578994446
956,80.29984556947298,13.046568451311527,30.46071668000002,30.81619076000004,30.635284068235308,0.07984575211651408,-0.14956405758857727,0.005418422631919384,-0.06731314864813112,0.025417999564859357,-0.15274949371814728,0.041358936578035355,-0.06203697054993872,0.027979156575547524,0.0,0.0,0.0,0.0,0.0,1.0620369705499386,0.0,0.0,0.0,0.0,3807.894754606966
957,80.30445620237984,13.046568451311527,30.282979640000008,30.710232140000016,30.53309828000002,0.0767180255573518,-0.14904792606830597,0.05604321509599686,-0.06362323467548077,0.026551846789405118,-0.17110799252986908,0.14245614409446716,-0.045261834951547474,0.03339425463120661,0.0,0.0,0.0,0.0,0.0,1.0452618349515475,0.0,0.0,0.0,0.0,4031.142647419856
958,80.3090668352867,13.046568451311527,30.23512735999998,30.624781640000037,30.465459330588253,0.08324481213117799,-0.15611284971237183,0.051114022731781006,-0.06211323457605698,0.027385824905459873,-0.1513970047235489,0.11906400322914124,-0.04200936111749387,0.033839750789630224,0.0,0.0,0.0,0.0,0.0,1.0420093611174939,0.0,0.0,0.0,0.0,4301.182803138249
959,80.31367746819356,13.046568451311527,30.108660620000023,30.52565906000001,30.353303331764725,0.08561961347107531,-0.151866152882576,0.035561878234148026,-0.0615005433325674,0.02717696220071379,-0.14556533098220825,0.0699135884642601,-0.04606473436542586,0.03040141103141255,0.0,0.0,0.0,0.0,0.0,1.046064734365426,0.0,0.0,0.0,0.0,4609.799328458709
960,80.31828810110042,13.046568451311527,30.057390320000025,30.43679054000006,30.25733332000002,0.08513458619716296,-0.15119363367557526,0.0476190485060215,-0.06322179941030649,0.027481178803920047,-0.1587516963481903,0.07813733071088791,-0.04602414057804988,0.03306750387567291,0.0,0.0,0.0,0.0,0.0,1.04602414057805,0.0,0.0,0.0,0.0,4949.781820624587
961,80.32289873400728,13.046568451311527,29.667736040000023,30.334249940000007,30.045172968235313,0.1451684737838553,-0.14622314274311066,0.04599211737513542,-0.06264034495634191,0.02715795146992302,-0.14799447357654572,0.057028111070394516,-0.047898415958180146,0.02863251148498485,0.0,0.0,0.0,0.0,0.0,1.0478984159581801,0.0,0.0,0.0,0.0,5315.114690709322
962,80.32750936691414,13.046568451311527,29.630137820000016,30.05055428000003,29.88473891529414,0.08115808943908011,-0.15281076729297638,0.042904291301965714,-0.06313693775850183,0.028533922052627225,-0.14497041702270508,0.06443914026021957,-0.0366055357689951,0.030606718984092562,0.0,0.0,0.0,0.0,0.0,1.0366055357689952,0.0,0.0,0.0,0.0,5700.926429930802
963,80.332119999821,13.046568451311527,29.780530699999986,30.09498854000003,29.947386845882377,0.07101354958002092,-0.15163934230804443,0.046528276056051254,-0.06171596233661358,0.030093379898995815,-0.13742689788341522,0.11032532155513763,-0.026356063255896935,0.03418715641432272,0.0,0.0,0.0,0.0,0.0,1.026356063255897,0.0,0.0,0.0,0.0,6103.3346642679035
964,80.33673063272786,13.046568451311527,29.749768520000032,30.14284082000006,29.945376245882375,0.0792801091383318,-0.17178770899772644,0.07202426344156265,-0.05108345181334253,0.034031555433328434,-0.16320885717868805,0.13000702857971191,-0.01752867156384038,0.03882943960231619,0.0,0.0,0.0,0.0,0.0,1.0175286715638403,0.0,0.0,0.0,0.0,6519.26681223479
965,80.34134126563472,13.046568451311527,29.71900634000002,30.043718240000032,29.852900472941194,0.05608145120282684,-0.15135835111141205,0.07063712179660797,-0.051230002010569854,0.033325382967855054,-0.12561403214931488,0.10631970316171646,-0.017265158260569853,0.03406008641478177,0.0,0.0,0.0,0.0,0.0,1.0172651582605698,0.0,0.0,0.0,0.0,6946.293932352622
966,80.34595189854159,13.046568451311527,29.55494138000006,29.93775962000001,29.775421410588258,0.07262365191449005,-0.17629629373550415,0.06335728615522385,-0.05234399061936599,0.035057895062436666,-0.12570056319236755,0.10055423527956009,-0.01570956303523137,0.031027170805453204,0.0,0.0,0.0,0.0,0.0,1.0157095630352313,0.0,0.0,0.0,0.0,7382.490968545296
967,80.35056253144845,13.046568451311527,0.0,29.889907340000036,12.225824792941186,14.612862075625504,-0.17198443412780762,0.09038322418928146,-0.019487530577416513,0.03249099650947999,-0.11627907305955887,0.11610006541013718,-0.005014507069307215,0.02257116897431923,0.0,0.0,0.0,0.0,0.0,1.0050145070693073,0.0,0.0,0.0,0.0,7826.324826324803
968,80.15230531645344,13.051060007186482,43.538061200000016,46.880884760000015,45.25155735125002,0.786674674358889,-0.03881700709462166,0.8062736988067627,0.16892307655484068,0.11949429957961706,-0.29239118099212646,0.2938021421432495,0.10724766151577819,0.06792762525440578,19.0,0.07342771041020085,960.1341700746688,1859.9701412233028,0.0074865276321221625,0.8927523384842218,0.16892307655484068,0.18194948597287552,0.12268170390324053,0.15824237314502154,3999.999999999707
969,80.1569159493603,13.051060007186482,40.86858758000005,46.54591879999998,44.29831932500002,1.2498008964653777,-0.008616779930889606,0.7295294404029846,0.22420295266544119,0.13227219247610664,-0.2414722889661789,0.31734558939933777,0.08798600739123774,0.07634639546242035,67.0,0.07078807434680705,262.4888354869158,7375.186097984893,0.0296857101578483,0.9120139926087623,0.22420295266544119,0.1754086252786376,0.4864596355881236,0.299829029402432,4031.128608195233
970,80.16152658226716,13.051060007186482,40.46184320000003,43.39450436000004,42.19269334250002,0.5600051865057158,0.0,0.7548879384994507,0.20600555419921876,0.12322350305081708,-0.26678988337516785,0.25222188234329224,0.07406214200533354,0.06921592287857545,273.0,0.12533261696660103,114.05832812730647,13754.96304159567,0.05536481936317384,0.9259378579946664,0.20600555419921876,0.3105667479663142,0.9072631144278475,0.5492452945509275,4123.104585533476
971,80.16613721517402,13.051060007186482,36.182482160000006,44.061018260000026,41.429947100000014,1.626265165776616,-0.03804347664117813,0.8107151389122009,0.2979359585631127,0.1938176527506006,-0.5038931965827942,0.5080588459968567,0.02923973233092065,0.135641137057723,160.0,0.12250377614639889,190.21949912547203,10617.220330155184,0.042735155590055834,0.9707602676690793,0.2979359585631127,0.30355704917195603,0.70030085534754,0.46225457164218964,4242.631590091736
972,80.17074784808088,13.051060007186482,38.24013020000001,42.70064630000002,41.276940440000025,0.9027697244167392,-0.013532968237996101,0.744627058506012,0.23399083754595587,0.13872897303230586,-0.3513513505458832,0.25458040833473206,0.05117821786917892,0.07660906031771805,486.0,0.29531418398042064,150.96406375233607,12179.491073982688,0.0490234194891893,0.9488217821308211,0.23399083754595587,0.7317709305596438,0.8033466153643569,0.7604012044815291,3807.872757171155
973,80.17535848098774,13.051060007186482,38.38368704000004,43.14840692000001,41.75227141250002,0.6935641342044208,-0.018050542101264,0.7713310718536377,0.24180908203125,0.14630493528104097,-0.2352278232574463,0.32060253620147705,0.05230592580942007,0.07670563343305378,382.0,0.25101070861117136,163.25046513343065,12715.283062156794,0.05118002482151841,0.9476940741905799,0.24180908203125,0.6219895615749044,0.8386868999152004,0.7086684969110228,3354.090459311633
974,80.1799691138946,13.051060007186482,39.641518399999995,42.48189302000003,41.25543958625002,0.5594821437344384,-0.0057142856530845165,0.692199170589447,0.2070877374387255,0.12291370338479506,-0.19929340481758118,0.25276461243629456,0.051450919357000614,0.07387980862001389,524.0,0.3384450798832732,160.46578997549798,13773.890955515244,0.055441005720920485,0.9485490806429994,0.2070877374387255,0.8386467175783741,0.9085115800238918,0.8665926625565812,2915.4667542795187
975,80.18457974680146,13.051060007186482,39.603920180000046,42.65963006000004,41.273183131250015,0.5711222628212818,-0.013840018771588802,0.7380785942077637,0.21093754787071078,0.13057148887816028,-0.26579704880714417,0.2572442293167114,0.07062169692095588,0.08353752112578088,701.0,0.40209089222396927,142.50554340566808,15126.632038309785,0.0608858960828633,0.9293783030790441,0.21093754787071078,0.9963572436866069,0.9977369806359678,0.9969091384663513,2499.993138590132
976,80.18919037970832,13.051060007186482,39.00576668000002,42.454548860000045,40.79339114000001,0.7503791435207406,-0.029811955988407135,0.6217218637466431,0.1685553917518029,0.09832956047179586,-0.1808275580406189,0.2667257487773895,0.09004051795372596,0.06968686537830728,412.0,0.28674308610725624,172.91046533400294,14617.65334855373,0.05883721640754664,0.9099594820462741,0.1685553917518029,0.7105322613497046,0.9641652734747747,0.8119854661997326,2121.315795045868
977,80.19380101261518,13.051060007186482,39.59024810000005,43.97214974000002,41.28765945125002,1.1445556849790044,-0.01091061718761921,0.7419835925102234,0.18224650065104167,0.12493398465691274,-0.18421372771263123,0.2599877119064331,0.06459928624770221,0.07371416089990963,444.0,0.3946401667609957,220.8227715301471,9909.365687677837,0.039885984400163936,0.9354007137522978,0.18224650065104167,0.9778947904718773,0.6536114963464195,0.8481814728216941,1802.7732589677457
978,80.19841164552204,13.051060007186482,40.41740894000003,43.244111480000015,42.06635226500002,0.5999838830207852,-0.01006036251783371,0.7725118398666382,0.24322550455729167,0.1549079702589914,-0.28928789496421814,0.2848939895629883,0.040405195647594976,0.08781741266582958,306.0,0.32316762546151345,262.3807452222664,10920.716823853665,0.04395675309636392,0.9595948043524051,0.24322550455729167,0.8007900969172584,0.7203191697012858,0.7686017260308694,1581.1381520322789
979,80.2030222784289,13.051060007186482,38.95107836,43.801248740000005,42.40241148875002,0.9021469968203605,-0.006964809261262417,0.6218006610870361,0.2025128643329327,0.13136143440865597,-0.16945785284042358,0.471182644367218,0.07988884559044471,0.07829097941438398,381.0,0.41077402460031376,267.8573315039586,8636.406719727353,0.034762223390833374,0.9201111544095553,0.2025128643329327,1.0,0.5696484413887931,0.8278593765555172,1499.9999999998902
980,80.20763291133576,13.051060007186482,39.66202652000004,44.18748500000004,41.83503273500002,1.0463364209034538,-0.0057079726830124855,0.7925398945808411,0.2095379279641544,0.16076945450302585,-0.32092684507369995,0.37271618843078613,0.05710304409849878,0.10025117049039699,244.0,0.39856311332202726,405.8194115752565,4639.376849646079,0.01867386051577121,0.9428969559015012,0.2095379279641544,0.987615618021739,0.30600849139948455,0.7149727673728372,1499.9999999998902
981,80.21224354424263,13.051060007186482,40.22258180000006,43.83542894000004,42.55205039375002,0.6554623744409662,-0.10662177205085754,0.6758873462677002,0.16574994255514705,0.1143892020139487,-0.23871377110481262,0.5203374624252319,0.09119937672334559,0.08285123844043264,276.0,0.3754189499015838,337.9345914529131,7982.66450043857,0.03213085900464415,0.9088006232766545,0.16574994255514705,0.9302657617604317,0.5265282817699485,0.7687707697642384,1581.1381520322789
982,80.21685417714949,13.051060007186482,40.38322874000005,43.192841180000016,41.98312599125001,0.6124531276388235,-0.039389465004205704,0.7118139863014221,0.19326033372145432,0.12246852754158624,-0.24597153067588806,0.35480955243110657,0.08291658841646635,0.07833834207267268,496.0,0.4462991269553954,223.54754319951294,10594.720932857841,0.042644593727884296,0.9170834115835337,0.19326033372145432,1.0,0.6988168184073458,0.8795267273629384,1802.7732589677457
983,80.22146481005635,13.051060007186482,40.031172680000054,42.70748234000001,41.56102565375002,0.5841240197279359,0.005228136666119099,0.7955448627471924,0.2497839594822304,0.14993545164783326,-0.29958799481391907,0.2778656482696533,0.049184989181219364,0.0882206665364955,408.0,0.28787551122551625,175.29523043665895,12294.236480972939,0.04948527887125799,0.9508150108187806,0.2497839594822304,0.7133383432364898,0.810915103552762,0.7523690473629987,2121.315795045868
984,80.22607544296321,13.051060007186482,39.56290394000001,42.37251637999998,40.722819080000015,0.6819908558010459,-0.038108356297016144,0.7990810871124268,0.28103908164828434,0.16974193527117049,-0.29337215423583984,0.29196903109550476,0.02057149101706112,0.0919632868076144,367.0,0.32873255218595726,222.53697883037577,8570.756914542293,0.03449797770770745,0.9794285089829389,0.28103908164828434,0.8145796533576375,0.5653182482407882,0.7148750913108978,1802.7732589677457
985,80.23068607587007,13.051060007186482,39.836345540000025,43.06295641999998,41.60079155187501,0.7424014106837378,-0.024134790524840355,0.7943130731582642,0.23642179048978365,0.15908349190953114,-0.26664844155311584,0.2625422179698944,0.042596039405235875,0.08864600690580123,390.0,0.29986265081021196,191.02196549398224,9974.118198840402,0.04014661840354047,0.9574039605947642,0.23642179048978365,0.7430417600192838,0.6578825049101442,0.708978057975628,1581.1381520322789
986,80.23529670877693,13.051060007186482,40.608818059999976,42.82027700000003,41.322568493750005,0.42746286618652973,-0.04255830869078636,0.7852399349212646,0.22926748238357844,0.14866157693173937,-0.3198946714401245,0.301180899143219,0.04399676753025429,0.08604254782183503,450.0,0.32165366888139385,177.58306040821654,10474.594817735086,0.04216107656797198,0.9560032324697457,0.22926748238357844,0.7970386028287305,0.6908934242840166,0.7545805314108449,1499.9999999998902
987,80.23990734168379,13.051060007186482,40.130295260000025,43.27145564,41.21723818625002,0.7143479916645116,-0.022895732894539833,0.781312108039856,0.2765069699754902,0.1745910959149429,-0.30684787034988403,0.3285682499408722,0.027501621620327817,0.09968715648073766,259.0,0.20930408049011703,200.77215088978488,9163.211714708566,0.03688265536135571,0.9724983783796722,0.2765069699754902,0.5186430251529612,0.6043959531776257,0.552944196362827,1499.993567423345
988,80.24451797459065,13.051060007186482,40.13371328000005,43.22360336000003,41.29374151625002,0.5564674720232938,-0.04143277183175087,0.7817416191101074,0.2572418682391827,0.1559340537437812,-0.2755056917667389,0.38694992661476135,0.04668807396521935,0.09253002474990145,226.0,0.23420086015222039,257.45752333306496,7972.950191648246,0.032091758139757204,0.9533119260347807,0.2572418682391827,0.5803357599065473,0.5258875360245059,0.5585564703537307,999.9957116155633
989,80.24912860749751,13.051060007186482,35.823590060000015,43.62692972000002,40.522399958750015,1.364531678410093,-0.029847944155335426,0.891783595085144,0.2980638930376838,0.2228637322751458,-0.3987366557121277,0.3696695864200592,0.020275101007199755,0.13237210611155567,106.0,0.18974144623965244,444.71510604060074,8018.688141034426,0.03227585702087743,0.9797248989928002,0.2980638930376838,0.4701679845141766,0.5289043637893033,0.49366253622422723,499.99785580778166
990,80.25373924040437,13.051060007186482,35.02035536000005,43.36374218000003,37.651062098750025,1.9716350188433382,0.011751539073884487,0.8828798532485962,0.43772518382352943,0.23529908789433537,-0.3911316990852356,0.2875702977180481,-0.05671725404028799,0.13260872053620823,104.0,0.15196987343880405,363.03600800711314,5018.963442563905,0.02020172671839389,1.056717254040288,0.43772518382352943,0.37657228042496593,0.3310456298813726,0.3583616202075286,0.0
991,80.25834987331123,13.051060007186482,37.775279479999995,44.112288560000025,41.52097701500002,1.3941384477945944,-0.04147465527057648,0.8036946654319763,0.24766136756310095,0.16087978423831029,-0.3160116970539093,0.31147822737693787,0.052903395432692304,0.09314067223975173,242.0,0.30361006409307423,311.69248973693834,8206.008729359486,0.03302983727544141,0.9470966045673077,0.24766136756310095,0.7523276265775034,0.5412598357630424,0.667900510251719,499.99785580778166
992,80.26296050621809,13.051060007186482,40.27043408000003,43.80808478000006,42.82750259375002,0.705498029391853,-0.01666386052966118,0.7398189902305603,0.19791092218137254,0.14565496924338092,-0.21135646104812622,0.3185625374317169,0.09296717026654412,0.09035211600443432,282.0,0.22044785985632573,194.2147987689606,9329.205317399508,0.037550792803865356,0.9070328297334559,0.19791092218137254,0.5462566456260726,0.6153447192700581,0.5738918750836668,999.9957116155633
993,80.26757113912495,13.051060007186482,39.901287920000016,44.026838060000046,41.81340621875002,0.9537932324467536,-0.015617374330759048,0.8221494555473328,0.2627023494944853,0.18335160413166943,-0.31839537620544434,0.3311242461204529,0.05489540249693627,0.10742572156936941,305.0,0.25744018969478494,209.7017467110117,8560.093413094557,0.03445505626694112,0.9451045975030637,0.2627023494944853,0.6379214321412143,0.5646148947308645,0.6085988171770744,1499.993567423345
994,80.27218177203181,13.051060007186482,39.51846968000001,44.177230940000015,42.426694370625015,1.2863367550829619,-0.04697312414646149,0.8316569328308105,0.2705378136268029,0.21538795075220474,-0.2917512357234955,0.3521720767021179,0.0784321770301232,0.12423902177764583,261.0,0.12977736159017514,123.5332802848136,11979.863035888135,0.0482199007712177,0.9215678229698768,0.2705378136268029,0.32158055998662827,0.7901793567522412,0.5090200786928735,1999.9914232311266
995,80.27679240493867,13.051060007186482,41.33343830000001,44.13621469999998,42.64620930500001,0.6253556565658854,-0.003625815734267235,0.8410780429840088,0.25972637101715684,0.1924925777690663,-0.3029612898826599,0.48385608196258545,0.0658753937365962,0.11183452986047789,295.0,0.17500624937193038,147.38628828771908,12548.74005805335,0.05050967599466197,0.9341246062634038,0.25972637101715684,0.4336550457229012,0.8277018958746857,0.591273785783615,2499.9892790389085
996,80.28140303784554,13.051060007186482,41.36761850000005,50.77059152000004,46.65689135375002,3.420889490615114,0.008399546146392822,0.8134897351264954,0.16552870806525735,0.15979935938214845,-0.2913362383842468,0.4063575565814972,0.09110781800513174,0.10440678928566628,76.0,0.07065048242464222,230.9548463693316,4585.694353883548,0.018457784204125076,0.9088921819948683,0.16552870806525735,0.17506768070373455,0.302467649584898,0.22602766825619994,2999.98713484669
997,80.2860136707524,13.051060007186482,31.236607219999996,48.47368208,33.59935124375002,3.864390218645917,-0.28997868299484253,0.07663551717996597,-0.1394180238013174,0.0910888188795529,-0.4155496060848236,0.19270959496498108,0.001944728926116345,0.07792132263602698,0.0,0.0,0.0,0.0,0.0,0.9980552710738837,0.0,0.0,0.0,0.0,2999.9999999997804
998,80.29062430365926,13.051060007186482,30.894805220000023,31.455360499999983,31.193743741250017,0.1114565192542218,-0.21506062150001526,0.0,-0.10214702899639423,0.029485183727880854,-0.17458100616931915,0.12753623723983765,-0.05254859924316406,0.04034493641537963,0.0,0.0,0.0,0.0,0.0,1.052548599243164,0.0,0.0,0.0,0.0,3041.3809126465994
999,80.29523493656612,13.051060007186482,30.494896880000056,31.089632359999996,30.830051333750013,0.11708721091669752,-0.16726404428482056,-0.003966005519032478,-0.08382467830882354,0.022901376942013392,-0.17749497294425964,0.02473958395421505,-0.08242060044232537,0.03140434315842758,0.0,0.0,0.0,0.0,0.0,1.0824206004423254,0.0,0.0,0.0,0.0,3162.2763040645577
1000,80.29984556947298,13.051060007186482,30.488060840000003,30.90164126000002,30.687700853750016,0.09625225067766008,-0.15304240584373474,0.02692055143415928,-0.07192586861404718,0.025654848159412037,-0.1582537591457367,0.03414634242653847,-0.0638663018918505,0.028392649662039762,0.0,0.0,0.0,0.0,0.0,1.0638663018918506,0.0,0.0,0.0,0.0,3354.0990895186883
1001,80.30445620237984,13.051060007186482,30.35817608000002,30.710232140000016,30.535649228750025,0.09166764308979033,-0.1465461552143097,0.041878171265125275,-0.0630992419903095,0.026331984458413196,-0.17531557381153107,0.04374999925494194,-0.049979600172776445,0.028655721363374638,0.0,0.0,0.0,0.0,0.0,1.0499796001727764,0.0,0.0,0.0,0.0,3605.5465179354915
1002,80.3090668352867,13.051060007186482,30.282979640000008,30.67263392000001,30.54137943875002,0.06506505618762748,-0.16730523109436035,0.059293802827596664,-0.060381565467984066,0.027937529978886076,-0.15905947983264923,0.0597362294793129,-0.05197297937729779,0.031095539431899185,0.0,0.0,0.0,0.0,0.0,1.0519729793772978,0.0,0.0,0.0,0.0,3905.117974569803
1003,80.31367746819356,13.051060007186482,30.24196340000003,30.546167179999998,30.415666673750017,0.05513735857595404,-0.14987079799175262,0.0339091494679451,-0.06062130198759191,0.027586947184187104,-0.16749116778373718,0.055767763406038284,-0.03953161501416973,0.029882984376995027,0.0,0.0,0.0,0.0,0.0,1.0395316150141698,0.0,0.0,0.0,0.0,4242.631590091736
1004,80.31828810110042,13.051060007186482,30.11549666000002,30.484642819999976,30.336089499375014,0.057106959719231125,-0.15143603086471558,0.029742233455181122,-0.0612441899226262,0.027620117441302675,-0.1374407559633255,0.07154741883277893,-0.03684201167179988,0.03044566414727491,0.0,0.0,0.0,0.0,0.0,1.0368420116717998,0.0,0.0,0.0,0.0,4609.760832711961
1005,80.32289873400728,13.051060007186482,30.105242599999997,30.450462620000053,30.26722156250002,0.07175768005119171,-0.16129031777381897,0.05678022652864456,-0.06125430836397059,0.029004602156482834,-0.155251145362854,0.05763239786028862,-0.04298319797889859,0.030103849319565654,0.0,0.0,0.0,0.0,0.0,1.0429831979788986,0.0,0.0,0.0,0.0,4999.986277180264
1006,80.32750936691414,13.051060007186482,29.913833479999994,30.38893826000003,30.109552823750022,0.08609509663626111,-0.1689750701189041,0.043594904243946075,-0.06091875861672794,0.02837281061551571,-0.14461959898471832,0.08164793998003006,-0.0340745454676011,0.03237398305422429,0.0,0.0,0.0,0.0,0.0,1.034074545467601,0.0,0.0,0.0,0.0,5408.310856524558
1007,80.332119999821,13.051060007186482,29.794202779999978,30.16334893999999,30.01546931000002,0.07316612490291163,-0.15213240683078766,0.04536741226911545,-0.06184544489933894,0.0297439200864327,-0.14079895615577698,0.08930008113384247,-0.03000439863938552,0.03294092026441788,0.0,0.0,0.0,0.0,0.0,1.0300043986393854,0.0,0.0,0.0,0.0,5830.933508559037
1008,80.33673063272786,13.051060007186482,29.71558832000005,30.11549666000002,29.92998111125002,0.07506961951975559,-0.1596045196056366,0.08912280946969986,-0.056633043476179534,0.031557601356711935,-0.17575757205486298,0.12954078614711761,-0.027645164938534007,0.044436490254794125,0.0,0.0,0.0,0.0,0.0,1.027645164938534,0.0,0.0,0.0,0.0,6264.961336935494
1009,80.34134126563472,13.051060007186482,29.633555839999985,30.043718240000032,29.82395966000002,0.08398693399967894,-0.16163142025470734,0.06131386756896973,-0.059546712239583334,0.02943517266356405,-0.11232876777648926,0.09480122476816177,-0.018507501938763788,0.030147501110853254,0.0,0.0,0.0,0.0,0.0,1.0185075019387637,0.0,0.0,0.0,0.0,6708.180918623266
1010,80.34595189854159,13.051060007186482,29.045656399999984,29.975357840000015,29.65527032000002,0.18001316244273857,-0.1671641767024994,0.11319491267204285,-0.05152010404146635,0.03658959775863311,-0.1268603801727295,0.15710382163524628,-0.005865245232215295,0.04164112492418758,0.0,0.0,0.0,0.0,0.0,1.0058652452322152,0.0,0.0,0.0,0.0,7158.885222734806
1011,80.35056253144845,13.051060007186482,0.0,29.903579420000028,12.25892725220589,14.65229591323197,-0.16934306919574738,0.09175018966197968,-0.01730373606962316,0.03222812352478435,-0.1196388229727745,0.15825846791267395,0.007292311425302543,0.03137910658038003,0.0,0.0,0.0,0.0,0.0,0.9927076885746975,0.0,0.0,0.0,0.0,7615.74551434231
1012,80.15230531645344,13.055551563061437,40.673760440000024,45.38037398000006,43.67404872235296,0.8227524249106006,-0.03941605985164642,0.8390804529190063,0.2028735830269608,0.15632903164236622,-0.31013306975364685,0.5361744165420532,0.07578657561657476,0.08692949411268963,90.0,0.050436807930953356,139.22929498594956,6474.610285157027,0.026060820941550256,0.9242134243834252,0.2028735830269608,0.12497940118087514,0.42705858781694644,0.24581107583530365,3499.999999999744
1013,80.1569159493603,13.055551563061437,40.84466143999998,44.173812920000046,42.488800022352954,0.8295864215864883,-0.031607262790203094,0.7481120824813843,0.25778176700367644,0.16383833319755745,-0.22158528864383698,0.3429912328720093,0.05618168251187194,0.08740035296723593,168.0,0.08742273866971517,129.28277521251619,8591.391987803909,0.03458103551747548,0.9438183174881281,0.25778176700367644,0.21662833110871327,0.5666793162987078,0.35664872518471114,3535.532317554862
1014,80.16152658226716,13.055551563061437,40.72503074000002,43.92087944000002,42.468469308235306,0.7114749931564898,-0.08757637441158295,0.6766784191131592,0.16874370868389424,0.10316521253431907,-0.26613399386405945,0.5761589407920837,0.0843364011324369,0.06355897556123281,645.0,0.2452246157980233,94.45607360706454,16399.774005452822,0.06601039367848702,0.9156635988675631,0.16874370868389424,0.607651968760661,1.0,0.7645911812563966,3640.048773561254
1015,80.16613721517402,13.055551563061437,36.70543922000002,45.18212882,42.866083198823546,1.7366597908583994,-0.04022988677024841,0.7935333251953125,0.21712230009191177,0.16168532723261878,-0.37605395913124084,0.3539145588874817,0.06882617426853554,0.10182351737899559,472.0,0.24408058166408483,128.47445128274848,11217.521589597713,0.045151415865857046,0.9311738257314645,0.21712230009191177,0.604817120425575,0.7398961046106459,0.6588487140996033,3807.873279967181
1016,80.17074784808088,13.055551563061437,36.56871841999998,44.85058088000005,41.79357002352944,1.347573180202636,0.0037977213505655527,0.7833821177482605,0.2423812806372549,0.1704073988019632,-0.3813415467739105,0.288084477186203,0.05311626359528186,0.11009986396788532,245.0,0.12637781736664683,128.15345130499577,10292.720763137113,0.041429019044501046,0.9468837364047181,0.2423812806372549,0.31315669220486636,0.6788972000332363,0.45945289533621436,3639.9793482045316
1017,80.17535848098774,13.055551563061437,38.79384944000003,43.90037131999998,41.48017661882355,0.9690931529414409,-0.003799768630415201,0.8031411170959473,0.2597295438326322,0.18397240838628362,-0.3226083517074585,0.26041939854621887,0.0361852528498723,0.09950143252030581,85.0,0.05108262866960929,149.3068910376548,10663.2499047747,0.042920428285915996,0.9638147471501277,0.2597295438326322,0.12657970644400568,0.7033369184106545,0.35728259123066525,3162.213728570397
1018,80.1799691138946,13.055551563061437,40.820735300000024,43.74656042000004,42.20982335882355,0.6185504108033274,0.008430786430835724,0.6124902367591858,0.17486122280943628,0.10042575997302872,-0.14018692076206207,0.232940673828125,0.08355694939108456,0.05854270632116771,27.0,0.017829731190264632,164.0614599565135,14072.260910669587,0.05664196850217723,0.9164430506089154,0.17486122280943628,0.04418101023414876,0.9281917532054857,0.3977853074226836,2692.530262024179
1019,80.18457974680146,13.055551563061437,40.73186678000002,43.35348812000001,41.994712812941195,0.5339725095528667,-0.04124616086483002,0.6338527798652649,0.14143430223651962,0.09165521010790573,-0.16758714616298676,0.3564779758453369,0.0912399351830576,0.06342246999800462,173.0,0.08799566381755336,126.36904668758226,15105.40059632646,0.06080043784159637,0.9087600648169424,0.14143430223651962,0.21804800544647676,0.9963365767149006,0.5293634339538463,2236.027794019158
1020,80.18919037970832,13.055551563061437,38.94424232000006,44.23533728000001,41.88223157000002,1.0449956858683374,-0.0036968577187508345,0.746835470199585,0.17282549344576323,0.11425960220860402,-0.21155479550361633,0.4570954740047455,0.0754127443753756,0.07628218468311711,253.0,0.27148231950930457,266.5916670742475,9908.755487811923,0.03988352829721043,0.9245872556246244,0.17282549344576323,0.672716992120452,0.6535712481953266,0.6650586945504018,1802.7476019370165
1021,80.19380101261518,13.055551563061437,39.610756219999985,43.98582182000001,42.143911160000016,0.9239005194077774,-0.03629608452320099,0.7303421497344971,0.19400610830269607,0.12630325602389628,-0.2338957041501999,0.2604207992553711,0.06964698342715993,0.07261996825926392,285.0,0.22299931952877336,194.3946096887784,10181.426930600268,0.04098105252390741,0.9303530165728401,0.19400610830269607,0.5525790104838207,0.6715563741205354,0.6001699559385065,1414.197678511189
1022,80.19841164552204,13.055551563061437,41.292422060000035,43.50046298000001,42.267551232941194,0.50003276731717,0.0033683376386761665,0.6477970480918884,0.21010885799632353,0.12135790834042645,-0.20205402374267578,0.29419204592704773,0.056520792643229165,0.07017912262388265,102.0,0.08901333748970458,216.81057121903342,11636.510356370862,0.0468378789495778,0.9434792073567708,0.21010885799632353,0.2205697400954482,0.7675321696660989,0.4393547119237085,1118.0289658486042
1023,80.2030222784289,13.055551563061437,39.17324966000001,44.030256080000015,42.16111953058826,0.8468666127171074,-0.012130637653172016,0.7899585366249084,0.22034757173978364,0.1456053341667987,-0.24813959002494812,0.4014119505882263,0.062821044921875,0.08380401437828978,217.0,0.21173369987518534,242.41293690195505,11046.132139117602,0.044461559707182546,0.937178955078125,0.22034757173978364,0.5246634770471211,0.7285914339872182,0.6062346598231599,999.9999999999268
1024,80.20763291133576,13.055551563061437,40.54387568000004,43.08346454000002,41.69623332941178,0.586001750577328,-0.007712082471698523,0.7142857313156128,0.21566813151041667,0.1257653069556596,-0.15348568558692932,0.25079596042633057,0.07328984279258578,0.07196692514919233,387.0,0.32771791496952624,210.38499335245507,11517.827886940315,0.0463601725783046,0.9267101572074142,0.21566813151041667,0.8120654428647971,0.7597039969172571,0.791120864485781,1118.0289658486042
1025,80.21224354424263,13.055551563061437,40.79680916000001,43.360324160000005,42.321801951764726,0.5291784367063477,0.003094966523349285,0.6402204036712646,0.17246268478094362,0.10898984091565485,-0.15724003314971924,0.31171682476997375,0.0999392760033701,0.07118518229793419,414.0,0.3828479015323897,229.7478576523101,11182.710758788444,0.04501129950539799,0.9000607239966298,0.17246268478094362,0.9486742607179955,0.7376000182685503,0.8642445637382175,1414.197678511189
1026,80.21685417714949,13.055551563061437,40.61565410000003,42.64595798000005,41.76039512352943,0.5159578370822516,0.008355667814612389,0.7236695885658264,0.18476710392878606,0.10722207108553876,-0.22017306089401245,0.2660675644874573,0.09437061016376203,0.0727596089566328,341.0,0.27432536113279393,199.8651717556866,11024.635131484294,0.044375032543069654,0.905629389836238,0.18476710392878606,0.6797618796581889,0.7271735136309586,0.6987265332472967,1802.7476019370165
1027,80.22146481005635,13.055551563061437,38.69472686000006,42.345172219999995,40.79867783529414,1.0600037582479664,-0.002452182350680232,0.7900830507278442,0.2616168571920956,0.16127975917193804,-0.26858410239219666,0.2319771647453308,0.036348544850068935,0.09174188296917647,265.0,0.23497693633287867,220.2951336765631,12385.372051355596,0.04985210678468365,0.9636514551499311,0.2616168571920956,0.5822588303844053,0.8169263113742943,0.6761258227803608,1802.7476019370165
1028,80.22607544296321,13.055551563061437,38.95107836,43.097136620000015,41.30531355411766,0.8954174747348228,-0.009273108094930649,0.7742125988006592,0.2722647154564951,0.16889894479428139,-0.3158804774284363,0.27629783749580383,0.030031486960018384,0.0970566301879602,170.0,0.1814848156728566,265.22649973548556,10332.60885677984,0.041589571791359956,0.9699685130399817,0.2722647154564951,0.44970854652947084,0.6815281773726485,0.5424363988667419,1414.197678511189
1029,80.23068607587007,13.055551563061437,39.983320400000025,43.67820002000002,41.82677252000002,0.7800422501990742,-0.05748758092522621,0.7885735630989075,0.2308697979266827,0.15882571110723148,-0.3009158968925476,0.3230948746204376,0.04594804030198317,0.09520792263676069,236.0,0.2632157025129462,277.0928577668974,9752.026632797908,0.03925268220037924,0.9540519596980168,0.2308697979266827,0.6522328083590435,0.643233575262966,0.6486331151206125,1118.0289658486042
1030,80.23529670877693,13.055551563061437,39.70987880000001,43.045866320000016,41.277224289411784,0.8209660544220837,-0.009503122419118881,0.7673062682151794,0.25748918121936276,0.16073394719888445,-0.2844911217689514,0.3129132390022278,0.028380880916819853,0.09654482715570889,319.0,0.27341576039929427,212.94056511193295,11567.125305576941,0.046558598606032474,0.9716191190831801,0.25748918121936276,0.6775079433039672,0.7629556035868109,0.7116870074171047,999.9999999999268
1031,80.23990734168379,13.055551563061437,38.89297202,43.329561979999994,40.96150095411767,1.0815531023453742,-0.014529057778418064,0.8338979482650757,0.29675944010416666,0.20670886107545747,-0.3518582880496979,0.2644170820713043,-0.007256315642712163,0.11464250001328839,190.0,0.2053196673581749,268.47415957499555,9093.454303145902,0.036601876236124306,1.0072563156427121,0.29675944010416666,0.5087698871072497,0.5997948265677336,0.5451798628914433,999.9999999999268
1032,80.24451797459065,13.055551563061437,39.193757780000055,41.8461413,40.73616000235296,0.5526420412667802,-0.01788124069571495,0.7745169997215271,0.265118408203125,0.1644761547381153,-0.339483380317688,0.25810837745666504,0.023587335439828726,0.09208211317170353,286.0,0.2543866975040354,220.98047596176204,9039.079048296026,0.03638301151409735,0.9764126645601713,0.265118408203125,0.6303550606525035,0.5962082910813261,0.6166963528240326,1118.013897009579
1033,80.24912860749751,13.055551563061437,38.86220983999999,43.39792238000001,40.587150888235314,0.872598101431013,-0.04701102897524834,0.8019297122955322,0.2829102041207108,0.20435405365376372,-0.3312532603740692,0.3477686941623688,0.015741545733283548,0.1112220351643884,155.0,0.2639527324422804,423.0775731840849,5478.556043714345,0.0220516234623108,0.9842584542667164,0.2829102041207108,0.6540591245554743,0.36135988179370426,0.5369794274507663,707.0988392555945
1034,80.25373924040437,13.055551563061437,38.35634288000006,43.77732260000005,41.388244890588254,1.1279680256600595,-0.027737226337194443,0.8206697702407837,0.203916015625,0.16643055766183038,-0.2876061201095581,0.4098544120788574,0.09028583601409314,0.10714108817833229,211.0,0.24541872049274335,288.9686791150867,9651.666644052635,0.03884872526997024,0.9097141639859069,0.203916015625,0.6081329486146144,0.6366139343611598,0.6195253429132326,499.9999999999634
1035,80.25834987331123,13.055551563061437,38.906644099999994,44.07469034000002,41.272528947058845,1.3601250052908975,-0.05781466141343117,0.7354085445404053,0.17646993783804085,0.15026871803680966,-0.22944296896457672,0.43463143706321716,0.09422693692720853,0.09866801087875614,166.0,0.24578260254598963,367.84816257462995,7446.827492418018,0.029974072463855316,0.9057730630727915,0.17646993783804085,0.6090346266347113,0.4911850277566662,0.5618947870834933,707.0988392555945
1036,80.26296050621809,13.055551563061437,37.11560162000001,44.79931058,40.714871296470605,2.039581496370914,-0.04221802204847336,0.8504225015640259,0.3135147633272059,0.20082901143689036,-0.2830941081047058,0.33683520555496216,0.04967034433402267,0.1059655156853491,95.0,0.1658364055007412,433.6923994337163,4577.874819325292,0.01842630995610182,0.9503296556659774,0.3135147633272059,0.4109327196488118,0.3019518811851397,0.3673403842633429,1118.013897009579
1037,80.26757113912495,13.055551563061437,39.02627480000001,43.736306360000015,41.92506326352943,1.3519420568529013,-0.010309278033673763,0.8348128795623779,0.2519925465303309,0.17675165878909108,-0.248604416847229,0.3326909840106964,0.09151848886527267,0.10110194322785057,179.0,0.16777153911822962,232.85780442590777,8214.855847155988,0.033065447627661684,0.9084815111347273,0.2519925465303309,0.41572786531008704,0.5418433824887945,0.46617407218157003,1581.1068642851985
1038,80.27218177203181,13.055551563061437,41.80512506000002,44.28660758000001,43.45866484000002,0.38441451511425434,-0.02151867374777794,0.6091081500053406,0.10570044884314904,0.06816634089709356,-0.19296078383922577,0.36917561292648315,0.151616457425631,0.07954051350268457,278.0,0.16991331628163375,151.84767998569953,14859.559336131293,0.05981090723205854,0.848383542574369,0.10570044884314904,0.42103506135055746,0.9801211418420448,0.6446694935471524,2061.5092276354944
1039,80.27679240493867,13.055551563061437,41.654732179999996,44.327623819999985,43.44029873176472,0.5783429735482141,-0.027568921446800232,0.6911303400993347,0.13253225289139092,0.09069693475841638,-0.22496066987514496,0.598010778427124,0.13243329216452207,0.0819273728147577,134.0,0.12102700860060256,224.38976369379117,12286.20752459018,0.049452961683748145,0.867566707835478,0.13253225289139092,0.2998977072919219,0.8103855219063847,0.504092833137707,2549.454689127874
1040,80.28140303784554,13.055551563061437,41.77778090000004,51.65927671999998,46.2079251129412,3.5666500498562743,0.007739173248410225,0.7826870083808899,0.20003653732000612,0.16984665176617988,-0.32547760009765625,0.3653799593448639,0.08962792490042892,0.10127731680366535,36.0,0.07370223625690173,508.63202955786033,7823.638987470301,0.031490768677029365,0.9103720750995711,0.20003653732000612,0.18262974464381118,0.5160391236578712,0.3159934962494352,2499.999999999817
1041,80.2860136707524,13.055551563061437,31.496376740000017,50.893640240000025,38.57090938117649,7.243145850829838,-0.3127118647098541,0.09734513610601425,-0.07624156278722427,0.12976041607651026,-0.49614161252975464,0.17787742614746094,0.06728419883578432,0.10545502576717844,0.0,0.0,0.0,0.0,0.0,0.9327158011642157,0.0,0.0,0.0,0.0,2499.999999999817
1042,80.29062430365926,13.055551563061437,31.04861612000002,31.855268840000008,31.335197582352965,0.1405865224710598,-0.24964739382266998,-0.02338847704231739,-0.12081996037409856,0.03438222040242083,-0.14209473133087158,0.17124736309051514,0.0024297318091759316,0.05743477904034684,0.0,0.0,0.0,0.0,0.0,0.9975702681908241,0.0,0.0,0.0,0.0,2549.5075541123097
1043,80.29523493656612,13.055551563061437,30.47438876000001,31.216099100000008,30.840956621176492,0.15858977045802183,-0.17593197524547577,-0.01425178162753582,-0.08734559302236519,0.02454760358618199,-0.16655243933200836,0.05044510215520859,-0.06692521637561274,0.032905632989063384,0.0,0.0,0.0,0.0,0.0,1.0669252163756127,0.0,0.0,0.0,0.0,2692.574060988048
1044,80.29984556947298,13.055551563061437,30.43679054000006,30.88113314000003,30.703289656470606,0.10306805482182006,-0.15452538430690765,0.018270401284098625,-0.08027950511259191,0.023967133754567122,-0.15453915297985077,0.02162565290927887,-0.065340576171875,0.027832470382609293,0.0,0.0,0.0,0.0,0.0,1.065340576171875,0.0,0.0,0.0,0.0,2915.4586116576747
1045,80.30445620237984,13.055551563061437,30.38210221999998,30.70681411999999,30.55556969176472,0.058036400785886,-0.150701642036438,0.05447470769286156,-0.0621321282019982,0.02571699515803668,-0.15330520272254944,0.04439428076148033,-0.04818425692044772,0.027388806170024628,0.0,0.0,0.0,0.0,0.0,1.0481842569204478,0.0,0.0,0.0,0.0,3201.5340534852066
1046,80.3090668352867,13.055551563061437,30.402610340000024,30.7375763,30.575084338823558,0.08303164388640688,-0.15972654521465302,0.042811501771211624,-0.05930143468520221,0.025336095745050816,-0.1428571492433548,0.04754716902971268,-0.04544100293926164,0.02865003862248657,0.0,0.0,0.0,0.0,0.0,1.0454410029392616,0.0,0.0,0.0,0.0,3535.4941962779726
1047,80.31367746819356,13.055551563061437,30.27614360000001,30.62136362000001,30.44585006705884,0.06836740788932144,-0.15815384685993195,0.035862069576978683,-0.05954410328584559,0.027255419537559212,-0.12782956659793854,0.09873060882091522,-0.03241006888595282,0.03511157362619476,0.0,0.0,0.0,0.0,0.0,1.0324100688859528,0.0,0.0,0.0,0.0,3905.073067838594
1048,80.31828810110042,13.055551563061437,30.11891467999999,30.57692936000001,30.376807640000017,0.07826200058372648,-0.1538940817117691,0.039501041173934937,-0.059866280188927284,0.026853057937133995,-0.13098591566085815,0.04406273365020752,-0.04297706897442157,0.0285029072245481,0.0,0.0,0.0,0.0,0.0,1.0429770689744216,0.0,0.0,0.0,0.0,4301.09865678
1049,80.32289873400728,13.055551563061437,30.11207864000005,30.453880640000023,30.302955542352958,0.06395225035212143,-0.16404199600219727,0.049242425709962845,-0.05843966614966299,0.029795145114041872,-0.13131313025951385,0.07969924807548523,-0.04141539629767923,0.029239021367743673,0.0,0.0,0.0,0.0,0.0,1.0414153962976793,0.0,0.0,0.0,0.0,4716.914370910755
1050,80.32750936691414,13.055551563061437,30.05055428000003,30.38210221999998,30.195885178823545,0.07547336742957797,-0.15691158175468445,0.05968169867992401,-0.05754153980928309,0.03096052413887394,-0.1661585420370102,0.050041016191244125,-0.04329346301508885,0.03176761452526007,0.0,0.0,0.0,0.0,0.0,1.0432934630150887,0.0,0.0,0.0,0.0,5147.726706674256
1051,80.332119999821,13.055551563061437,29.83863703999998,30.26247152000002,30.037911154117666,0.09964806416522189,-0.15997077524662018,0.08686288446187973,-0.05359566908616286,0.03177469583424685,-0.15500685572624207,0.0876132920384407,-0.036573542081392726,0.03397924705872166,0.0,0.0,0.0,0.0,0.0,1.0365735420813926,0.0,0.0,0.0,0.0,5590.069485047897
1052,80.33673063272786,13.055551563061437,29.729260400000044,30.08815249999998,29.926736801176485,0.07523900015901189,-0.17579250037670135,0.06131386756896973,-0.05682961856617647,0.03151890195010963,-0.15708811581134796,0.09076432883739471,-0.035119856292126224,0.03627978937912,0.0,0.0,0.0,0.0,0.0,1.0351198562921262,0.0,0.0,0.0,0.0,6041.410512924378
1053,80.34134126563472,13.055551563061437,29.599375640000005,30.01637407999999,29.83883810000002,0.09276734965608807,-0.15155616402626038,0.05694444477558136,-0.05843806248085172,0.03134102595142101,-0.14138439297676086,0.09602648764848709,-0.020349016376570158,0.035045470504002384,0.0,0.0,0.0,0.0,0.0,1.02034901637657,0.0,0.0,0.0,0.0,6499.875588089056
1054,80.34595189854159,13.055551563061437,28.98413204000002,29.883071299999983,29.501033645882373,0.2782307863558946,-0.17788802087306976,0.10600945353507996,-0.04665515606219952,0.03873902467190355,-0.1344873458147049,0.1685563176870346,0.02399444873516376,0.042526042715082576,0.0,0.0,0.0,0.0,0.0,0.9760055512648362,0.0,0.0,0.0,0.0,6964.057859649946
1055,80.35056253144845,13.055551563061437,0.0,29.78736674000004,12.043356929411772,14.395497608056077,-0.1730337142944336,0.1428571492433548,-0.016746917425417434,0.032376003064203455,-0.10136592388153076,0.186063751578331,0.008216177996467141,0.02965819039412321,0.0,0.0,0.0,0.0,0.0,0.9917838220035329,0.0,0.0,0.0,0.0,7432.886291436296
1056,80.15230531645344,13.060043118936392,38.56142408000005,47.04494971999998,42.332789289411785,2.3984388988979624,-0.022592978551983833,0.8649237751960754,0.23929728190104166,0.2045560436893878,-0.43325275182724,0.26771435141563416,0.06174737668504902,0.11158410703818734,115.0,0.11886471408843265,256.7915035988801,3786.4503380079054,0.015240763523499587,0.938252623314951,0.23929728190104166,0.29453967048519847,0.24975034217823014,0.2766239391624111,2999.9999999997804
1057,80.1569159493603,13.060043118936392,38.17518782000002,44.90868722000005,42.55135333647061,1.4719720153122933,0.0006093845004215837,0.8507031798362732,0.2512641218596814,0.20670624424996337,-0.4005037844181061,0.31317588686943054,0.03807084925034467,0.11557632565102434,169.0,0.10125141404779502,148.8469476187683,8039.365209630669,0.03235908386520475,0.9619291507496553,0.2512641218596814,0.25089496372834946,0.5302682018159949,0.36264425896340763,3041.377924269239
1058,80.16152658226716,13.060043118936392,40.84807946000001,45.011227820000045,42.76097612705884,0.9055601269070122,-0.049453411251306534,0.7181642055511475,0.18791644756610576,0.13801737804238826,-0.2458401620388031,0.2773653268814087,0.06705335176908053,0.07417748152163627,215.0,0.13281454280910784,153.47325786410923,11329.170018883025,0.04560080966654343,0.9329466482309194,0.18791644756610576,0.32910651386022893,0.747260319357574,0.49636803605916696,3162.2648075284606
1059,80.16613721517402,13.060043118936392,40.89251372000001,45.61279934000004,43.278268025882376,1.0408653075411498,-0.03611604496836662,0.742290198802948,0.17386611040900735,0.1215271826611803,-0.19232112169265747,0.3137398958206177,0.08415873808019302,0.07070741087631047,330.0,0.18715624674204281,140.90160100635185,9947.107347691943,0.0400378975810884,0.915841261919807,0.17386611040900735,0.46376201438246917,0.6561008971470269,0.5406975674882923,3354.0747016279947
1060,80.17074784808088,13.060043118936392,39.22110194000004,44.358385999999996,41.93778917882355,0.9901683844896461,-0.005283712409436703,0.734674334526062,0.22469793581495098,0.13208336032799026,-0.21218205988407135,0.275020569562912,0.05453689874387255,0.06456039661538092,373.0,0.1944068459373827,129.48762431618061,11561.489244208904,0.04653591301112266,0.9454631012561274,0.22469793581495098,0.48172856664479,0.7625838548169735,0.5940706819136634,3535.393080471463
1061,80.17535848098774,13.060043118936392,40.50627745999998,42.786096799999996,41.81206754352943,0.5279580141854165,-0.009924708865582943,0.6904191374778748,0.1790893789438101,0.10956048238285832,-0.15192744135856628,0.28546077013015747,0.07742611811711238,0.06292541958430747,314.0,0.15666628330306556,123.95710732311026,15900.744530794527,0.06400176038461297,0.9225738818828876,0.1790893789438101,0.38820970389829285,1.0,0.6329258223389758,3041.260991169441
1062,80.1799691138946,13.060043118936392,39.781657220000056,43.852519040000004,42.17000165176472,0.9032200650173106,0.00018950161756947637,0.6352832317352295,0.13345595415900735,0.07476644036108736,-0.13348333537578583,0.2224597930908203,0.09649573232613358,0.050051269617386866,252.0,0.12313829104830819,121.39984206928597,17978.754246461118,0.07236591463169371,0.9035042676738664,0.13345595415900735,0.3051293392460925,1.0,0.5830776035476555,2549.4101191921873
1063,80.18457974680146,13.060043118936392,40.803645200000005,43.767068540000025,42.35505964117649,0.6559989668448605,-0.02298850566148758,0.6066499352455139,0.15883686140471814,0.09944040794456044,-0.1600877195596695,0.40172278881073,0.07921016917509191,0.05778083135628347,357.0,0.18987284025866158,132.13570048331906,14437.270160088061,0.058111159738738864,0.9207898308249081,0.15883686140471814,0.4704935710548036,0.9522673852097981,0.6632030967168014,2061.4739512633387
1064,80.18919037970832,13.060043118936392,39.65519047999999,43.98923983999998,41.58823717000002,0.9367418984395812,0.020471464842557907,0.6919993758201599,0.24995384803185097,0.1417340749491018,-0.23262456059455872,0.34783196449279785,0.04302918067345252,0.08115140232771935,334.0,0.21350251612465126,158.81154516280702,10575.877931814137,0.04256874915121114,0.9569708193265475,0.24995384803185097,0.5290464981923111,0.6975739535766384,0.5964574803460421,1581.0809922651667
1065,80.19380101261518,13.060043118936392,39.884197820000054,43.07662850000003,40.97440427529414,0.7114805053408253,-0.0059086838737130165,0.7789361476898193,0.2364352596507353,0.14678938131267372,-0.25077521800994873,0.31954169273376465,0.03227976481119792,0.08786098295151552,389.0,0.3170101556911197,202.4646069108205,10248.841953258623,0.04125240334764696,0.9677202351888021,0.2364352596507353,0.7855322541579257,0.6760029991846146,0.7417205521686012,1117.9976354779526
1066,80.19841164552204,13.060043118936392,40.13371328000005,41.94184586000006,40.80939315058825,0.3274667320277053,0.012758718803524971,0.742882251739502,0.23653207816329658,0.13681771404369286,-0.28530991077423096,0.2887844145298004,0.03452979592715993,0.07781115933261008,469.0,0.366549986719809,194.17168791625699,12134.361370907824,0.04884176884781006,0.9654702040728401,0.23653207816329658,0.9082890000852902,0.8003699068962143,0.8651213628096599,707.0924113816707
1067,80.2030222784289,13.060043118936392,39.25528214000002,43.097136620000015,41.47837890588237,0.6635648226797233,-0.009076820686459541,0.721990704536438,0.21414827786959134,0.12941981519211024,-0.23174045979976654,0.2651773989200592,0.054450695331280045,0.07517210402445236,438.0,0.3367190756120125,190.99374766398392,11722.255900163438,0.04718301157762755,0.94554930466872,0.21414827786959134,0.8343697819611735,0.7731878569168978,0.8098970119434632,499.9999999999634
1068,80.20763291133576,13.060043118936392,39.43301918000003,43.47995486000002,41.632816640000016,0.8146972536546591,-0.02418207749724388,0.7726432681083679,0.21704424689797794,0.1456397347444912,-0.2912169396877289,0.404330849647522,0.0677770876416973,0.08277932886496556,387.0,0.3339729881275797,214.4005612072016,10601.083575398277,0.042670203869755154,0.9322229123583027,0.21704424689797794,0.8275651409960961,0.6992364917187004,0.7762336812851378,707.0924113816707
1069,80.21224354424263,13.060043118936392,41.56586365999999,44.47801670000001,42.72192317882355,0.6802195401043907,-0.019787408411502838,0.6537623405456543,0.15668691597732842,0.10264067889084581,-0.191448375582695,0.4071325361728668,0.10094816320082721,0.0735212013477841,324.0,0.2674985352201256,205.11713345593108,9772.169540220422,0.039333759003531976,0.8990518367991728,0.15668691597732842,0.6628454123095933,0.6445621805719384,0.6555321196145314,1117.9976354779526
1070,80.21685417714949,13.060043118936392,40.54387568000004,42.81344095999998,41.444849194117666,0.4703505365505957,0.009821976535022259,0.619601845741272,0.1823937284029447,0.0972922468158418,-0.17774157226085663,0.41379857063293457,0.0971749995304988,0.07041521135336407,308.0,0.2508263374168257,202.3242599917545,10328.539936126675,0.04157319406236975,0.9028250004695012,0.1823937284029447,0.6215327007542142,0.6812597955810735,0.6454235386849579,1581.0809922651667
1071,80.22146481005635,13.060043118936392,40.62932618000002,42.30415598000002,41.57914544705884,0.35882260827852136,0.004810262005776167,0.702211320400238,0.18735464058670342,0.10228191227640912,-0.17364051938056946,0.27356427907943726,0.08518333285462623,0.06734225165727184,260.0,0.1978608760334769,189.06542711548374,12332.955695784158,0.049641126787928105,0.9148166671453738,0.18735464058670342,0.4902874471683461,0.8134689828552071,0.6195600614430905,1581.0809922651667
1072,80.22607544296321,13.060043118936392,40.87200560000002,42.76900669999998,41.9069560364706,0.3464470655305297,-0.005320496391505003,0.758004367351532,0.20729382084865197,0.12834306205148327,-0.23665495216846466,0.2868346869945526,0.06657935647403493,0.0794618066318178,307.0,0.23501071571702667,190.1843734598283,13680.480625051412,0.055065021717390625,0.9334206435259651,0.20729382084865197,0.5823425336831719,0.9023503313836687,0.7103456527633707,1117.9976354779526
1073,80.23068607587007,13.060043118936392,39.29629838000005,43.20993127999998,41.71268214000001,0.6008396733710267,0.001145475427620113,0.7772793769836426,0.2459844266451322,0.15909377840269734,-0.28375861048698425,0.26704657077789307,0.04599574162409856,0.09489579654387831,266.0,0.20112971334648702,187.8538665759794,8296.808908026975,0.0333953152105596,0.9540042583759014,0.2459844266451322,0.49838743102333116,0.5472489214944507,0.517932027211779,707.0924113816707
1074,80.23529670877693,13.060043118936392,38.769923300000016,43.25778356000001,41.27453954705884,0.9971454595156053,-0.05492730066180229,0.8240489959716797,0.35819326363357845,0.19748144246220645,-0.314541757106781,0.27582770586013794,-0.005998176873898974,0.11279458758684886,76.0,0.14727764012412123,481.4473104947998,2980.0066376829327,0.011994763540799374,1.005998176873899,0.35819326363357845,0.3649452061923376,0.19655815104292956,0.2975903841325744,499.9999999999634
1075,80.23990734168379,13.060043118936392,38.56484210000002,42.64595798000005,41.167954092941194,0.8295937381920028,-0.0257037952542305,0.7410839796066284,0.24681444355085785,0.1509905257242362,-0.4142369329929352,0.2583908140659332,0.0393003875134038,0.09346749946281134,230.0,0.2308436139080963,249.3535578084065,12308.368907745551,0.04954216301213593,0.9606996124865962,0.24681444355085785,0.5720167039944092,0.8118472637838997,0.6679489279102053,499.9999999999634
1076,80.24451797459065,13.060043118936392,38.739161120000006,42.099074780000024,40.74669791176472,0.7287996734655555,-0.01861930638551712,0.7865673303604126,0.2471355966421274,0.1700301125399695,-0.2733745574951172,0.30278608202934265,0.03465081434983473,0.09854764614321666,225.0,0.2375455235462151,262.294916170621,10132.616376725911,0.040784586165539295,0.9653491856501653,0.2471355966421274,0.5886236362667108,0.6683368805463918,0.6205089339785832,707.0924113816707
1077,80.24912860749751,13.060043118936392,38.246966240000006,41.55902762000005,39.79606257764708,0.7122550059842315,-0.04509147256612778,0.785810649394989,0.28843268899356617,0.17891234148219962,-0.30642813444137573,0.33247900009155273,-0.00790429059196921,0.09682419616155963,154.0,0.25180387963568984,406.22555139160795,5972.064284136999,0.02403803334960835,1.0079042905919693,0.28843268899356617,0.6239549920560332,0.39391117414161325,0.5319374648902653,1117.9976354779526
1078,80.25373924040437,13.060043118936392,38.60244032000003,43.28854574000002,40.57304120705884,0.9375850119479457,-0.02441762574017048,0.8360050916671753,0.28173291973039216,0.2062013711223813,-0.348714679479599,0.37669655680656433,0.030065636728324144,0.1187281855977399,144.0,0.23748391042726044,409.72950578769996,6716.594854432811,0.02703482806364246,0.9699343632716758,0.28173291973039216,0.5884709626335501,0.44301963935163385,0.5302904333207836,999.9999999999268
1079,80.25834987331123,13.060043118936392,36.1893182,42.81344095999998,39.72857738000002,1.043735517598224,-0.050188206136226654,0.8385734558105469,0.2744580782376803,0.2040004500170197,-0.40010541677474976,0.5497196912765503,0.03393822596623347,0.13983200769860513,71.0,0.23358911317083192,817.3720626256379,1560.6613508325286,0.006281785964428601,0.9660617740337665,0.2744580782376803,0.5788198873812122,0.10293960612192482,0.38846777487749723,1118.024900542665
1080,80.26296050621809,13.060043118936392,36.66784100000001,43.85593706000003,40.54257470352943,1.3798772574549345,-0.040785498917102814,0.8253761529922485,0.2253647269454657,0.19416249425372634,-0.3439579904079437,0.41564175486564636,0.03357042499617034,0.12054405530906616,84.0,0.37100983809007776,1097.3159209904177,4087.2772731568402,0.016451615844493235,0.9664295750038296,0.2253647269454657,0.9193402457227015,0.26959257521525504,0.6594411775197229,1414.1848227633413
1081,80.26757113912495,13.060043118936392,39.70646078000004,44.28660758000001,42.699380804705896,1.2259887915186107,-0.0497165285050869,0.7797421813011169,0.17517834233302695,0.14385167206396574,-0.27673065662384033,0.3419695198535919,0.10313301834405637,0.09412238804272703,203.0,0.1964556492159502,240.43297176338575,10427.104219544708,0.04196992313613009,0.8968669816559436,0.17517834233302695,0.48680537894511083,0.6877609936195395,0.5671876248148823,1802.7249108230835
1082,80.27218177203181,13.060043118936392,42.53316332000003,45.00780980000002,43.49148230000002,0.5841679726872694,-0.03088923543691635,0.7577210664749146,0.14030470628004807,0.10972432526424981,-0.2289837747812271,0.40813174843788147,0.13867466853215143,0.08318466317017488,245.0,0.17181721863935187,174.23128537167756,13133.06980639695,0.05286164966901793,0.8613253314678486,0.14030470628004807,0.42575281781326246,0.8662436808094677,0.6019491630117446,2235.995270955905
1083,80.27679240493867,13.060043118936392,40.82757134000002,44.847162860000026,43.132605969411784,0.9954241584928254,-0.011319011449813843,0.8787734508514404,0.2072897039675245,0.1904880470552537,-0.347885400056839,0.34487831592559814,0.0968771182789522,0.11448191506408588,131.0,0.1807879596450158,342.8654690149587,10674.386214346003,0.042965252816954215,0.9031228817210478,0.2072897039675245,0.44798177886431534,0.7040714578546602,0.5504176504604532,2061.5478840504766
1084,80.28140303784554,13.060043118936392,38.94082430000003,50.63728874000003,43.669199628235305,2.346836684510157,-0.417752206325531,0.8103097677230835,0.27366043390012257,0.20024159293050184,-0.3282700479030609,0.5615875720977783,0.040986920525045954,0.11801540066543056,25.0,0.14767679415227847,1467.566493690788,4093.3480026534444,0.016476051013164048,0.9590130794749541,0.27366043390012257,0.36593428606206924,0.2699929942446107,0.32755776933508585,1999.9999999998536
1085,80.2860136707524,13.060043118936392,32.01591578,50.73299330000003,44.52766669294119,6.281078596722084,-0.3144950270652771,0.456516832113266,0.0017228205063763787,0.10897017980603702,-0.4063793420791626,0.20396935939788818,0.1005865598192402,0.09555195837217575,0.0,0.0,0.0,0.0,0.0,0.8994134401807599,0.0017228205063763787,0.0,0.0,0.0,1999.9999999998536
1086,80.29062430365926,13.060043118936392,31.11355850000001,35.24594467999998,31.494780087058842,0.44615245430751166,-0.30644258856773376,-0.03563941270112991,-0.15523972731370192,0.04364479310953204,-0.27521613240242004,0.17937219142913818,0.02215744898869441,0.04287383686858344,0.0,0.0,0.0,0.0,0.0,0.9778425510113056,0.0,0.0,0.0,0.0,2061.5478840504766
1087,80.29523493656612,13.060043118936392,30.58376540000006,31.267369400000007,30.967293263529427,0.19561159775950399,-0.17916925251483917,-0.015909090638160706,-0.09958223230698529,0.025428085570692198,-0.1319148987531662,0.05711987242102623,-0.03895551494523591,0.028477521680886013,0.0,0.0,0.0,0.0,0.0,1.0389555149452359,0.0,0.0,0.0,0.0,2236.04980108533
1088,80.29984556947298,13.060043118936392,30.464134700000045,30.976837700000033,30.710882628235314,0.09959444396601617,-0.1531018763780594,-0.0019292604411020875,-0.0796532963771446,0.023102791661035998,-0.1593625545501709,0.030345801264047623,-0.058852072323069854,0.026562081715275947,0.0,0.0,0.0,0.0,0.0,1.0588520723230699,0.0,0.0,0.0,0.0,2499.96342055272
1089,80.30445620237984,13.060043118936392,30.24196340000003,30.635035700000003,30.44363840705884,0.07802501008593318,-0.15619389712810516,0.04163997620344162,-0.06295411916879508,0.025233973272799668,-0.15279673039913177,0.03216155618429184,-0.048796369112454926,0.02678272382542137,0.0,0.0,0.0,0.0,0.0,1.0487963691124549,0.0,0.0,0.0,0.0,2828.3696455266827
1090,80.3090668352867,13.060043118936392,29.876235260000044,30.62136362000001,30.410144176470606,0.14044482907920655,-0.1419270783662796,0.032499998807907104,-0.059768748563878676,0.02545361362222451,-0.13649025559425354,0.06137724593281746,-0.040665055817248774,0.026932883349969062,0.0,0.0,0.0,0.0,0.0,1.0406650558172488,0.0,0.0,0.0,0.0,3201.4827745654006
1091,80.31367746819356,13.060043118936392,30.214619240000047,30.58376540000006,30.378719681176488,0.08066014231572778,-0.1331484019756317,0.0445026196539402,-0.05899308746936274,0.027089161421763833,-0.13870733976364136,0.11712931841611862,-0.03504929785634957,0.03188611054263208,0.0,0.0,0.0,0.0,0.0,1.0350492978563495,0.0,0.0,0.0,0.0,3605.449821646167
1092,80.31828810110042,13.060043118936392,30.002702,30.49147886000003,30.269419260000017,0.11410538753850262,-0.16273133456707,0.0393013097345829,-0.057140479454627406,0.02819057915703694,-0.12380952388048172,0.06245297193527222,-0.03426780700683594,0.02923913146224726,0.0,0.0,0.0,0.0,0.0,1.0342678070068358,0.0,0.0,0.0,0.0,4031.0053626167446
1093,80.32289873400728,13.060043118936392,29.230229480000048,30.385520240000005,30.01402049529414,0.2332694595397804,-0.1683168262243271,0.07493188232183456,-0.0524734556908701,0.03129885650742611,-0.1541786789894104,0.0765511691570282,-0.03669738171147365,0.030785866687463876,0.0,0.0,0.0,0.0,0.0,1.0366973817114737,0.0,0.0,0.0,0.0,4471.99054191181
1094,80.32750936691414,13.060043118936392,29.746350500000005,30.282979640000008,30.064131743529426,0.10459715889344401,-0.16453996300697327,0.0525578148663044,-0.051720353668811274,0.030796793487841062,-0.1380518525838852,0.07305577397346497,-0.037065351897594974,0.03039518778548572,0.0,0.0,0.0,0.0,0.0,1.037065351897595,0.0,0.0,0.0,0.0,4924.261765678139
1095,80.332119999821,13.060043118936392,29.756604560000028,30.218037260000017,30.006971568235315,0.08232371249597854,-0.1701570749282837,0.09691961109638214,-0.051714594914362984,0.03316183758511341,-0.15733736753463745,0.07227958738803864,-0.03883932260366586,0.03307872495773393,0.0,0.0,0.0,0.0,0.0,1.0388393226036658,0.0,0.0,0.0,0.0,5384.976120964479
1096,80.33673063272786,13.060043118936392,29.619883759999993,30.177021019999984,29.890025610588257,0.12747388789596625,-0.15432526171207428,0.08339709043502808,-0.05185951382506127,0.03291230565740052,-0.125,0.0661354586482048,-0.025207307104970895,0.029495619123906164,0.0,0.0,0.0,0.0,0.0,1.025207307104971,0.0,0.0,0.0,0.0,5852.1398707022445
1097,80.34134126563472,13.060043118936392,29.110598780000032,29.842055060000007,29.5414112247059,0.20808568702899038,-0.17553190886974335,0.09063892811536789,-0.04913801903818168,0.03538268224419164,-0.13007570803165436,0.14119359850883484,0.003869219761268765,0.042389512212380805,0.0,0.0,0.0,0.0,0.0,0.9961307802387313,0.0,0.0,0.0,0.0,6324.323969060667
1098,80.34595189854159,13.060043118936392,29.01147620000006,29.790784760000008,29.355501687058844,0.20711050968347713,-0.16302046179771423,0.10206995159387589,-0.051032609205979566,0.03491558671188071,-0.1445966511964798,0.13594305515289307,-0.013893770071176382,0.04490475596058385,0.0,0.0,0.0,0.0,0.0,1.0138937700711763,0.0,0.0,0.0,0.0,6800.482749149124
1099,80.35056253144845,13.060043118936392,0.0,29.346442160000038,11.976344814117654,14.314548304780153,-0.14520548284053802,0.04403318464756012,-0.023402201334635418,0.03547440833806643,-0.11368277668952942,0.09542281180620193,-0.005811297846775429,0.023053958764908917,0.0,0.0,0.0,0.0,0.0,1.0058112978467755,0.0,0.0,0.0,0.0,7279.836326029697
1100,80.15230531645344,13.064534674811346,38.14100761999998,47.47903826000004,42.29409041375002,2.1247532240614038,-0.01726214401423931,0.8669341206550598,0.23122479607077207,0.19772200955446795,-0.42200595140457153,0.3501259386539459,0.0429599058861826,0.107388847067795,35.0,0.17153009541083628,1217.580896025408,2528.1220783293697,0.010175892277680726,0.9570400941138174,0.23122479607077207,0.42504134358170276,0.16675231358330314,0.32172573158234286,2499.999999999817
1101,80.1569159493603,13.064534674811346,36.56871841999998,43.78074062000002,41.17642300625001,1.6398174762290834,0.007944389246404171,0.8609964847564697,0.3726705633425245,0.22354957602831646,-0.5042527318000793,0.44223108887672424,-0.005767831241383272,0.12806060562966212,123.0,0.07362968104072334,148.7213599945116,7776.227949211137,0.03129993548023332,1.0057678312413834,0.3726705633425245,0.182449957146495,0.5129119406840463,0.3146347505615155,2549.5039880499303
1102,80.16152658226716,13.064534674811346,40.05851684000004,43.917461419999995,41.897637792500014,0.8767053946529014,-0.02158273383975029,0.8631821870803833,0.22705303485576922,0.19732509842997015,-0.47130537033081055,0.5166666507720947,0.04632493826059195,0.12184298793836473,139.0,0.13198167433274335,235.89806245482015,7200.489078124642,0.028982540769562866,0.9536750617394081,0.22705303485576922,0.32704271546162766,0.4749368011144594,0.3862003497227604,2692.5605546269035
1103,80.16613721517402,13.064534674811346,38.13758960000001,43.97556775999999,41.11767578750002,1.2493875879788097,0.009640665724873543,0.8294094800949097,0.30979271982230394,0.19782732252250854,-0.4730948805809021,0.44403669238090515,0.024252151788449756,0.12043856709749753,245.0,0.11895806502083009,120.62944993546664,7467.358692627962,0.03005671217633548,0.9757478482115503,0.30979271982230394,0.2947709885267105,0.49253924445569236,0.37387829089830327,2915.430545519787
1104,80.17074784808088,13.064534674811346,38.69814488000003,43.97214974000002,41.86614677000002,1.441813170814172,-0.0016813786933198571,0.8406552672386169,0.29801611806832107,0.22102891674722613,-0.4252642095088959,0.25225505232810974,0.02318794848872166,0.12838248799226737,200.0,0.1293368046745022,160.66366590542705,5056.988170498204,0.02035477927019283,0.9768120515112784,0.29801611806832107,0.3204888862315748,0.33355370154878594,0.3257148123584592,3201.4886164616755
1105,80.17535848098774,13.064534674811346,40.43449903999999,43.818338840000024,42.04896057500002,0.712921912577322,-0.002204261487349868,0.7265816330909729,0.1972100595327524,0.14268068260094127,-0.36780694127082825,0.2945188879966736,0.07088557316706731,0.08506729970236036,238.0,0.21397024903182316,223.35823833382946,11633.929703243863,0.046827491615654526,0.9291144268329327,0.1972100595327524,0.5302055124330806,0.7673619524589587,0.6250680884434319,2999.8235053087487
1106,80.1799691138946,13.064534674811346,39.23477402000003,43.86277310000003,42.21367898000002,0.9817605519310533,0.016711367294192314,0.6948543787002563,0.19249980851715687,0.13704672023947628,-0.2213348001241684,0.2350551337003708,0.07389029708563112,0.06579148435235345,305.0,0.16067976588185612,130.88410013405232,12866.46882488773,0.0517885595313951,0.9261097029143689,0.19249980851715687,0.39815487429911994,0.8486589562222675,0.5783565070683789,2499.852921090624
1107,80.18457974680146,13.064534674811346,39.32022452000001,45.67774172000003,42.28430130500002,1.3695984936800303,0.016749925911426544,0.7023243308067322,0.17180446250765932,0.1255091467069248,-0.2131430208683014,0.2626054286956787,0.07907723221124387,0.06644962934975604,406.0,0.21951230534322683,134.3254727541292,15499.5622442272,0.06238696979881955,0.9209227677887561,0.17180446250765932,0.5439383973543097,1.0,0.7263630384125859,1999.882336872499
1108,80.18919037970832,13.064534674811346,40.02775466000003,46.04005184000005,43.39062348312502,1.2662432704871902,0.005957446992397308,0.7329164743423462,0.23761507474459134,0.1534669657724115,-0.22844043374061584,0.25278183817863464,0.06679271991436297,0.0787522608722335,155.0,0.13192298579668912,211.45322558942152,6646.962076858938,0.026754550600120733,0.933207280085637,0.23761507474459134,0.3268972887704246,0.4384267334705429,0.37150906665047195,1499.9117526543744
1109,80.19380101261518,13.064534674811346,40.63274420000005,45.38037398000006,42.78543078875002,1.2146081064847816,-0.004191616550087929,0.6665488481521606,0.19489123774509803,0.11440056935170198,-0.19499830901622772,0.25857385993003845,0.08225714590035232,0.07675767032880103,345.0,0.2362794009089229,170.15013831524027,9702.706749174595,0.03905416574929463,0.9177428540996477,0.19489123774509803,0.5854862599036594,0.6399804868261602,0.6072839506726597,999.9411684362495
1110,80.19841164552204,13.064534674811346,37.53943609999999,43.438938620000044,41.05459321250002,1.1905842893526744,0.008006405085325241,0.8106615543365479,0.26506486481311275,0.1778003890883544,-0.35493120551109314,0.4295426309108734,0.05038752537147671,0.1122721370408922,133.0,0.10157943339355273,189.74908291847703,5387.524149593366,0.02168521285407765,0.9496124746285233,0.26506486481311275,0.25170777609872513,0.3553555123510013,0.29316687059963564,499.97058421812477
1111,80.2030222784289,13.064534674811346,36.44225168000003,46.04005184000005,40.25686253000002,1.861799592211423,0.014241055585443974,0.859671413898468,0.45328833946814906,0.2374111854582185,-0.47850725054740906,0.5389090776443481,-0.04169573857234075,0.1503817404433706,70.0,0.05072985290739661,180.04916166543154,1576.1794944277285,0.0063442477256417645,1.0416957385723407,0.45328833946814906,0.12570554915053014,0.10396316679931406,0.11700859621004371,0.0
1112,80.20763291133576,13.064534674811346,38.61269437999999,44.94970346000002,41.27406276875002,1.5912971241071732,-0.01675041951239109,0.8305676579475403,0.31438359279258576,0.21168388623119197,-0.34812670946121216,0.3208819031715393,0.004599407420438879,0.12028074482705202,100.0,0.16374811131939737,406.819573374706,8999.645883398196,0.0362242898915903,0.9954005925795611,0.31438359279258576,0.4057580512472914,0.5936073203706989,0.4808977588966544,499.97058421812477
1113,80.21224354424263,13.064534674811346,41.48724920000001,44.47801670000001,42.80566245125002,0.5537262336112423,-0.031084153801202774,0.6795010566711426,0.16016106100643382,0.10082216464572588,-0.18818338215351105,0.28091153502464294,0.10406376857383579,0.06593594047755583,274.0,0.19341735390459486,175.37610289721417,14487.466703537153,0.058313204815291265,0.8959362314261642,0.16016106100643382,0.4792766644169495,0.9555782972206422,0.6697973175384266,999.9411684362495
1114,80.21685417714949,13.064534674811346,39.63126434000003,43.23727544000002,41.43482280500002,0.8114639418921343,0.009764036163687706,0.7148316502571106,0.2173095703125,0.12743908807409715,-0.23011288046836853,0.4238245487213135,0.07320474477914664,0.078434677131045,326.0,0.22253131945618468,169.58954830379585,12866.617401254238,0.0517891575630778,0.9267952552208534,0.2173095703125,0.5514193342230865,0.8486687561655025,0.670319103000053,1499.9117526543744
1115,80.22146481005635,13.064534674811346,39.84318158000002,42.246049640000024,41.27146155500002,0.5408130482203951,-0.01546475663781166,0.6786820292472839,0.21878772212009803,0.12438663022159908,-0.20725001394748688,0.28414011001586914,0.06765917011335784,0.07033557124017766,340.0,0.26616728015878255,194.49179756140498,11974.816491556156,0.048199588029227525,0.9323408298866421,0.21878772212009803,0.6595466416853016,0.789846491915463,0.7116665817773662,1499.9117526543744
1116,80.22607544296321,13.064534674811346,39.576576020000005,42.70406432000004,41.36798292125002,0.665081545398346,-0.008585292845964432,0.8088027834892273,0.2175832950367647,0.1458676946527892,-0.2829388976097107,0.302330881357193,0.05216836966720282,0.08565999378662216,347.0,0.2570150961266622,184.0156239862625,12263.180952077988,0.04936027789944169,0.9478316303327972,0.2175832950367647,0.6368680756389045,0.8088667130350825,0.7056675305973756,999.9411684362495
1117,80.23068607587007,13.064534674811346,39.426183140000035,43.192841180000016,41.526663243125014,0.7470678454376266,-0.022575680166482925,0.8112401366233826,0.21285621056189905,0.15659759556293595,-0.33766594529151917,0.2988450527191162,0.06989179171048678,0.09526563634881488,265.0,0.25538897300767,239.43178775870624,11874.464036735228,0.04779566142346274,0.9301082082895132,0.21285621056189905,0.632838639558488,0.7832273479435026,0.6929941229124938,499.97058421812477
1118,80.23529670877693,13.064534674811346,36.95837270000004,41.90766566000002,39.125987993750016,0.8386935496340395,0.014649681746959686,0.8464380502700806,0.4268932387408088,0.2037474487377271,-0.3722756505012512,0.42865872383117676,-0.0624690336339614,0.12442306493139112,93.0,0.14034248200185762,374.91407489635145,3465.1230193175493,0.013947395529565611,1.0624690336339615,0.4268932387408088,0.3477602980910607,0.22855592507771405,0.30007854888572205,0.0
1119,80.23990734168379,13.064534674811346,36.66442298000004,40.92669392000005,38.51746733750002,0.9465981880738044,0.005996310152113438,0.8498827219009399,0.48236251531862745,0.21170459543684045,-0.4060341715812683,0.3111931085586548,-0.10868020450367646,0.1237109888652751,130.0,0.1784343208930216,341.00486936075754,6440.653692244199,0.025924142956511523,1.1086802045036765,0.48236251531862745,0.4421496024461918,0.42481884612165527,0.43521729991637714,0.0
1120,80.24451797459065,13.064534674811346,37.659066800000005,42.051222499999994,39.98977945250002,0.9996833053987114,-0.008936826139688492,0.8334850072860718,0.35546950120192305,0.22298003914233291,-0.38572219014167786,0.3048554062843323,-0.03920335036057692,0.12618993478782298,108.0,0.18596636740072195,427.79548122451234,4245.549250631817,0.017088673131863297,1.0392033503605769,0.35546950120192305,0.4608135643584439,0.2800320309067291,0.388500950977758,499.97058421812477
1121,80.24912860749751,13.064534674811346,35.10922388000006,40.99505432000001,38.410138996250026,1.334304088645714,-0.026229508221149445,0.8152484893798828,0.3791940487132353,0.21434867804848357,-0.3394777178764343,0.28672918677330017,-0.050735856598498774,0.1100992661533378,120.0,0.23347909346682733,483.3840241512664,3855.354787520667,0.015518109408694376,1.0507358565984988,0.3791940487132353,0.5785472651180543,0.2542952082948338,0.4488464423887661,999.9411684362495
1122,80.25373924040437,13.064534674811346,37.334354899999994,41.43597890000001,39.76495667375002,0.7575124232175525,-0.03785320743918419,0.7998313903808594,0.3173410453048407,0.1983688110319262,-0.3356143832206726,0.5829713344573975,0.0011604159486060049,0.12915305274610675,106.0,0.19629109187782864,460.06613457039794,3701.083477838517,0.014897155127127536,0.998839584051394,0.3173410453048407,0.48639761567812323,0.2441196325069651,0.38948642240965997,1499.9117526543744
1123,80.25834987331123,13.064534674811346,35.01351932,42.26313974000004,40.17994451375002,1.4353719614096592,-0.024208566173911095,0.8363702893257141,0.3263685021033654,0.2229748554541983,-0.47403684258461,0.5553385615348816,-0.0011451171911679781,0.14214134046154786,71.0,0.2543835442299076,890.1356720899754,2880.6055785664803,0.01159466637835348,1.001145117191168,0.3263685021033654,0.6303472470273274,0.19000176014615275,0.4542090522748575,1581.1295282433641
1124,80.26296050621809,13.064534674811346,36.35680118000005,43.408176440000034,39.86424261500002,1.4567484658574668,-0.07887579500675201,0.8211203813552856,0.3235525333180147,0.22164475780514334,-0.4649026095867157,0.6225454807281494,0.01496850705614277,0.15348640063476482,64.0,0.16657183283877933,646.6170188325226,3456.979871766468,0.01391461871352838,0.9850314929438573,0.3235525333180147,0.4127550647196156,0.22801881150015677,0.338860563431832,1802.7430045165402
1125,80.26757113912495,13.064534674811346,40.23283586000002,44.30027966,43.12362627500002,0.7464444347298538,-0.011320754885673523,0.8254510164260864,0.2038818838082108,0.16999002092663903,-0.28068816661834717,0.5030508637428284,0.09027003867953431,0.10646590286445701,162.0,0.24134932205072623,370.1319789272083,8131.474034388348,0.03272982920483538,0.9097299613204657,0.2038818838082108,0.598049222040444,0.5363436044879781,0.5733669750194577,2121.2579441808552
1126,80.27218177203181,13.064534674811346,41.880321500000036,44.12596064000002,43.26120158000002,0.3101103700163838,-0.02971997857093811,0.702705979347229,0.11875592745267428,0.08948672335019547,-0.21975862979888916,0.39246445894241333,0.1324389883188101,0.08019578626983441,139.0,0.11377944643594523,203.36422535263023,13105.061368085717,0.05274891347895644,0.8675610116811899,0.11875592745267428,0.2819386806104544,0.8643962732304239,0.5149217176584422,1802.7430045165402
1127,80.27679240493867,13.064534674811346,40.63274420000005,45.88965896000002,43.27011105125001,1.0091175404147112,-0.010859889909625053,0.7953354120254517,0.1799661075367647,0.15784427585982802,-0.23522116243839264,0.3786352574825287,0.09059162813074449,0.10710367982420091,78.0,0.09653542062827777,307.4805371455407,9139.542437378794,0.03678738463908209,0.9094083718692555,0.1799661075367647,0.23920901337338074,0.6028347521622884,0.38465930888894384,1581.1295282433641
1128,80.28140303784554,13.064534674811346,39.15615955999999,46.70656574000003,41.65156548500002,1.341509913692826,-0.20463018119335175,0.8757179975509644,0.3763400448069853,0.2253300341944621,-0.3230084478855133,0.4830402135848999,-0.004727911481670305,0.13138472108346722,51.0,0.2898440227013671,1411.9512850211736,3515.9918551820447,0.014152146636517768,1.0047279114816703,0.3763400448069853,0.7182161972395886,0.2319111807998979,0.5236941906637123,1499.9999999998902
1129,80.2860136707524,13.064534674811346,37.460821640000006,50.319412880000016,44.64749771375002,2.7602906535407286,-0.2594936788082123,0.7782684564590454,0.16819448433670342,0.17194352307485367,-0.32549557089805603,0.48832952976226807,0.059156494140625,0.11879023674798188,28.0,0.03228290067237755,286.44421721467717,346.6734102384493,0.0013953880266944453,0.940843505859375,0.16819448433670342,0.0799951019885876,0.02286621904480024,0.057143548811072656,1499.9999999998902
1130,80.29062430365926,13.064534674811346,31.11697651999998,44.437000460000036,33.49733842625002,3.336196002863234,-0.38998210430145264,0.10456140339374542,-0.14498325054462138,0.09048798246470818,-0.3811965882778168,0.6772152185440063,0.017962774130014274,0.10529317530588125,0.0,0.0,0.0,0.0,0.0,0.9820372258699858,0.0,0.0,0.0,0.0,1581.1295282433641
1131,80.29523493656612,13.064534674811346,30.594019460000027,31.222935140000004,31.00277444000002,0.15280846044855506,-0.2235294133424759,-0.021791767328977585,-0.12335870481004901,0.031404172986071364,-0.1181434616446495,0.09487951546907425,-0.01840104944565717,0.03072312804867914,0.0,0.0,0.0,0.0,0.0,1.0184010494456572,0.0,0.0,0.0,0.0,1802.7430045165402
1132,80.29984556947298,13.064534674811346,30.470970739999984,30.97000165999998,30.717181276250017,0.09745780686965126,-0.16767922043800354,0.02445141039788723,-0.0850836061963848,0.02496507241727517,-0.15346534550189972,0.04381949082016945,-0.048793101591222424,0.030020695649895936,0.0,0.0,0.0,0.0,0.0,1.0487931015912224,0.0,0.0,0.0,0.0,2121.2579441808552
1133,80.30445620237984,13.064534674811346,30.255635480000024,30.7375763,30.507387732500018,0.10262926153070312,-0.16205067932605743,0.012437811121344566,-0.0667704596886268,0.02390291366777406,-0.15099337697029114,0.048991356045007706,-0.05585989145132211,0.027294106913591822,0.0,0.0,0.0,0.0,0.0,1.0558598914513222,0.0,0.0,0.0,0.0,2499.905870494783
1134,80.3090668352867,13.064534674811346,29.53785128000004,30.501732919999995,30.124004011250022,0.23496995329605097,-0.1439790576696396,0.03689064458012581,-0.05731551824831495,0.025182789642186926,-0.14365024864673615,0.04862579330801964,-0.04316224939682904,0.027340842703224715,0.0,0.0,0.0,0.0,0.0,1.043162249396829,0.0,0.0,0.0,0.0,2915.349829280355
1135,80.31367746819356,13.064534674811346,29.859145160000025,30.40944638000002,30.166766960000025,0.10893790479195027,-0.15175096690654755,0.03638814017176628,-0.05659980923521753,0.026939225507682667,-0.12066574394702911,0.05542900413274765,-0.03991793763403799,0.02729284020367747,0.0,0.0,0.0,0.0,0.0,1.039917937634038,0.0,0.0,0.0,0.0,3353.9441055274815
1136,80.31828810110042,13.064534674811346,29.958267739999997,30.361594100000048,30.129928300000024,0.0963327335508242,-0.15868672728538513,0.07205387204885483,-0.055556898850661056,0.02832392718636689,-0.1428571492433548,0.08025681972503662,-0.032260213998647834,0.029633957438165916,0.0,0.0,0.0,0.0,0.0,1.0322602139986479,0.0,0.0,0.0,0.0,3807.697292207839
1137,80.32289873400728,13.064534674811346,29.903579420000028,30.286397660000034,30.05105693000002,0.07727988334193883,-0.15803632140159607,0.07581699639558792,-0.0499929869408701,0.02996954763341854,-0.13473255932331085,0.07703594863414764,-0.03141184788124234,0.029914038617197807,0.0,0.0,0.0,0.0,0.0,1.0314118478812424,0.0,0.0,0.0,0.0,4271.781530619058
1138,80.32750936691414,13.064534674811346,29.230229480000048,30.08815249999998,29.755134308750016,0.23901916818043653,-0.155927836894989,0.07016300410032272,-0.05129431032666973,0.03307352194346893,-0.1350574642419815,0.08012820780277252,-0.033728865081188726,0.03292393304526717,0.0,0.0,0.0,0.0,0.0,1.0337288650811887,0.0,0.0,0.0,0.0,4743.165334642693
1139,80.332119999821,13.064534674811346,29.230229480000048,29.96852180000002,29.698573617500024,0.17891171153601687,-0.16924984753131866,0.06484150141477585,-0.05426021869365986,0.03218185586613634,-0.13494808971881866,0.07263513654470444,-0.03144829383263221,0.03000142318622204,0.0,0.0,0.0,0.0,0.0,1.0314482938326321,0.0,0.0,0.0,0.0,5219.871503048803
1140,80.33673063272786,13.064534674811346,29.148196999999982,30.043718240000032,29.533679285000016,0.2090181952119865,-0.16203390061855316,0.07711442559957504,-0.05438435872395833,0.03421091795419505,-0.14159291982650757,0.14369073510169983,-0.011317849252738205,0.041380931970458036,0.0,0.0,0.0,0.0,0.0,1.0113178492527382,0.0,0.0,0.0,0.0,5700.564954028034
1141,80.34134126563472,13.064534674811346,29.493417020000038,30.05055428000003,29.82769183625002,0.09120835900487756,-0.15988779067993164,0.08537392318248749,-0.038855154000076594,0.03664461374074227,-0.09363831579685211,0.1370716542005539,0.030079133276845894,0.040031043068399594,0.0,0.0,0.0,0.0,0.0,0.9699208667231541,0.0,0.0,0.0,0.0,6184.315989016986
1142,80.34595189854159,13.064534674811346,29.107180760000006,30.043718240000032,29.64522988625002,0.2769384236181937,-0.1597466617822647,0.09103447943925858,-0.03973778357872596,0.03586307359200644,-0.10663198679685593,0.14308300614356995,0.0250006837111253,0.04230957595594324,0.0,0.0,0.0,0.0,0.0,0.9749993162888747,0.0,0.0,0.0,0.0,6670.459420392007
1143,80.35056253144845,13.064534674811346,0.0,29.941177639999978,12.19641015845589,14.578311639539905,-0.17598344385623932,0.09644012898206711,-0.01919035369274663,0.0344463317594951,-0.10340041667222977,0.13030529022216797,-0.0037777833377613743,0.02341010812722825,0.0,0.0,0.0,0.0,0.0,1.0037777833377615,0.0,0.0,0.0,0.0,7158.507852642799
1144,80.15230531645344,13.069026230686301,40.277270120000026,47.23294082000001,43.85522743647061,1.5025329563521903,-0.02527543716132641,0.7443609237670898,0.26827981387867644,0.1792960226089203,-0.20286396145820618,0.30774179100990295,0.06850629021139706,0.0916145765843199,44.0,0.10287504464667635,580.8752878936264,2003.4583895000098,0.008064079234591357,0.9314937097886029,0.26827981387867644,0.2549182234926257,0.13214604013021883,0.20580935014766294,1999.9999999998536
1145,80.1569159493603,13.069026230686301,39.76798514000001,45.15478466000002,42.27179714705884,0.9219003316823278,-0.007759456988424063,0.8629090189933777,0.32005696614583334,0.16879421623917282,-0.321809858083725,0.27903276681900024,0.04369004193474265,0.08470903393273752,52.0,0.07422461220425801,354.6256412638352,7201.124028142034,0.028985096493842986,0.9563099580652573,0.32005696614583334,0.18392416107835746,0.4749786817599067,0.3003459693509772,2061.543472504467
1146,80.16152658226716,13.069026230686301,38.02479493999999,46.68605762000004,41.84989047764708,2.0767118162572857,-0.0315469391644001,0.778477668762207,0.25249262883112983,0.2196505474172298,-0.3683552145957947,0.3733624517917633,0.03782098623422476,0.12173055502994885,142.0,0.10991099450511858,192.2995790865093,6333.054881976885,0.02549104919419988,0.9621790137657752,0.25249262883112983,0.27235288750329384,0.4177217400504397,0.3305004285221522,2236.033531972376
1147,80.16613721517402,13.069026230686301,38.17176979999999,43.162079000000006,41.0625513447059,0.9066133294129962,-0.002265861025080085,0.7530266046524048,0.26623645258884804,0.16185711241098918,-0.23487313091754913,0.26998892426490784,0.027369259105009192,0.07720013754179483,224.0,0.167214488999389,185.4605008022297,8472.308815472597,0.034101716285182444,0.9726307408949908,0.26623645258884804,0.41434752834713445,0.5588247136015915,0.47213840244891725,2499.930679286261
1148,80.17074784808088,13.069026230686301,39.60050216000002,42.43062272000003,40.84785474588237,0.5839707919534115,-0.036952029913663864,0.7373594045639038,0.2036852309283088,0.16970627086595624,-0.2559748888015747,0.3270462155342102,0.040402185776654415,0.085622636562767,90.0,0.15678123315378625,432.78989005236275,7182.498053874471,0.028910125467191128,0.9595978142233456,0.2036852309283088,0.38849454277089895,0.47375013179055087,0.42259677837875975,2828.318197166152
1149,80.17535848098774,13.069026230686301,36.760127539999985,43.16891504,40.11156119882355,1.5318893760892793,-0.005039306823164225,0.7835204601287842,0.3930662653996394,0.21970839271377704,-0.4647291898727417,0.4797899127006531,-0.010954102002657376,0.12877956471792165,45.0,0.037374452605605554,206.34211006722953,4894.2951496629275,0.019699926931952792,1.0109541020026573,0.3930662653996394,0.09261166393611002,0.3228226384167134,0.18469605372835138,3041.1533346658075
1150,80.1799691138946,13.069026230686301,39.09805322,43.97556775999999,42.09634272941178,0.910341828117025,0.0022092789877206087,0.8029380440711975,0.1832275390625,0.1261512714758778,-0.30571576952934265,0.2535693943500519,0.07443457509957108,0.07220617801851338,167.0,0.1523417303123212,226.635507841511,9458.436125970959,0.03807095707846782,0.9255654249004289,0.1832275390625,0.37749371957394595,0.6238686495423537,0.47604369156130905,2549.320934221306
1151,80.18457974680146,13.069026230686301,40.26359804000003,44.437000460000036,42.639938007058845,0.8423694790144426,-0.017493179067969322,0.6727272868156433,0.17691748525582107,0.11314083986399642,-0.16182313859462738,0.322361558675766,0.08360633999693627,0.06502414425498682,327.0,0.20253388610515338,153.8776281910146,10377.40997595762,0.041769899856440536,0.9163936600030638,0.17691748525582107,0.5018668873515918,0.6844832127872962,0.5749134175258735,2061.4033628627226
1152,80.18919037970832,13.069026230686301,41.91450170000002,48.05326562000005,45.30268663000001,1.324121340193217,0.006350757088512182,0.6931124925613403,0.18365050095778246,0.10818432699215975,-0.19252541661262512,0.3014354109764099,0.10784186730018029,0.06576558505964962,24.0,0.181996785575816,1883.987497294538,1407.4038135267292,0.005664912197242082,0.8921581326998197,0.18365050095778246,0.4509771774067875,0.09283089770990488,0.30771866552803445,1581.0292221325997
1153,80.19380101261518,13.069026230686301,40.66008836000003,46.70998376,44.50371689882355,1.1160619497971882,0.008731808513402939,0.7512437701225281,0.14754159964767158,0.10209996020889907,-0.25948676466941833,0.281305193901062,0.1399191104664522,0.07408222999765073,14.0,0.01786239566396946,316.98390398496696,1990.6733818504524,0.008012618562764468,0.8600808895335478,0.14754159964767158,0.044261950851348535,0.13130275426874147,0.07907827221830571,1117.9650961033658
1154,80.19841164552204,13.069026230686301,37.68299294000002,45.25390723999999,42.855356056470605,1.520170025325625,-0.022574955597519875,0.736947774887085,0.19873494466145833,0.160952199127726,-0.29237091541290283,0.3471568524837494,0.09133304969937193,0.10084150243271604,63.0,0.11680733227261797,460.6330514971121,3673.8958583629556,0.01478772279811093,0.908666950300628,0.19873494466145833,0.28944160108134276,0.242326365288094,0.27059550676404326,707.079549291538
1155,80.2030222784289,13.069026230686301,36.45250573999999,47.77982401999998,42.74777712941178,2.6285443599234095,-0.03352729231119156,0.8189233541488647,0.2663361065204327,0.20032268304745474,-0.5450015068054199,0.5148568153381348,0.05598840566781851,0.1274887224580887,15.0,0.04995810234715752,827.4470555098643,1788.2068005916117,0.007197674482974727,0.9440115943321815,0.2663361065204327,0.12379319730202047,0.11794826828975584,0.12145522569711462,499.9999999999634
1156,80.20763291133576,13.069026230686301,39.99699248000002,45.06933416000004,42.358111022352965,0.9831818930554187,-0.026147589087486267,0.7699671983718872,0.20288504806219362,0.16254024374655568,-0.32056543231010437,0.33830055594444275,0.06378134334788603,0.0984986966325318,222.0,0.17052346512015157,190.83442259723836,9128.212899511911,0.036741782348798116,0.936218656652114,0.20288504806219362,0.4225469737731984,0.6020874675800578,0.4943631712959422,707.079549291538
1157,80.21224354424263,13.069026230686301,40.410572900000034,43.39792238000001,42.12607595529414,0.6498745063347008,-0.017894567921757698,0.7354637980461121,0.19034982718673407,0.11413297865567443,-0.213344544172287,0.2539577782154083,0.08376972273284314,0.07019643062231493,409.0,0.27202588485541934,165.23896428942922,15160.477549050023,0.06102212695332955,0.9162302772671569,0.19034982718673407,0.6740639146210413,0.9999693954662171,0.8044261069591117,1117.9650961033658
1158,80.21685417714949,13.069026230686301,39.40567501999999,43.45944674000003,40.79303632823532,1.003287967311762,-0.020018478855490685,0.806169331073761,0.2131029334435096,0.13609563210641948,-0.272699236869812,0.36315101385116577,0.05453799321101262,0.08084339938513325,446.0,0.31471323747108954,175.3095974072777,12479.13901065119,0.05022952624760301,0.9454620067889874,0.2131029334435096,0.7798406278342734,0.8231110828828538,0.7971488098537056,1581.0292221325997
1159,80.22146481005635,13.069026230686301,39.85685366000001,42.97408790000003,41.23477697529413,0.5570666827087014,-0.03671706095337868,0.8298934102058411,0.22043054917279412,0.14422295395610563,-0.26497334241867065,0.2877007722854614,0.050575669232536764,0.08410689804042748,311.0,0.27222093828709293,217.46365246782543,11667.52375619951,0.04696271034855419,0.9494243307674632,0.22043054917279412,0.6745472453885675,0.7695777813942037,0.712559459790822,1581.0292221325997
1160,80.22607544296321,13.069026230686301,40.14054931999999,43.305635840000036,41.63214249764708,0.5570001006279042,-0.027508411556482315,0.7332192063331604,0.21559795304840687,0.14008030520373915,-0.33756905794143677,0.4290724992752075,0.05816543878293505,0.08602910016318073,276.0,0.23510184696853864,211.6276938763107,9934.045417145851,0.03998532227259562,0.941834561217065,0.21559795304840687,0.5825683514878677,0.655239345738139,0.6116367491879762,1117.9650961033658
1161,80.23068607587007,13.069026230686301,39.347568679999995,42.94674373999999,41.10454266000002,0.6654518371811631,0.018570102751255035,0.8645530939102173,0.25639319786658654,0.17189628744510196,-0.46574074029922485,0.45738720893859863,0.04942575307992789,0.12442180604768793,185.0,0.13105251561797931,175.99453163997785,10970.297363360205,0.0441563187080931,0.9505742469200721,0.25639319786658654,0.3247403155965891,0.7235894507301542,0.4842799696500152,707.079549291538
1162,80.23529670877693,13.069026230686301,37.94618048000001,42.25630369999999,39.60529211882355,0.7388391036484621,-0.006637168116867542,0.8014247417449951,0.3516989315257353,0.1868897922347935,-0.3738979995250702,0.37128886580467224,-0.023761873432234223,0.11051745448694589,140.0,0.17903836648061444,317.71931065547045,5663.772767531381,0.022797135495033753,1.0237618734322342,0.3516989315257353,0.4436463913771378,0.3735765850437388,0.4156184688437782,499.9999999999634
1163,80.23990734168379,13.069026230686301,36.91735646000001,41.59662584,39.50106024941178,0.8738029311890242,0.016164816915988922,0.8106761574745178,0.3547475777420343,0.190882522109667,-0.39476677775382996,0.4502691924571991,-0.03382068708831189,0.11881032594786503,130.0,0.22161363154444252,423.5246173222676,5297.641757165736,0.021323429081512288,1.033820687088312,0.3547475777420343,0.5491453583236309,0.34942696284930397,0.46925800013390007,499.9999999999634
1164,80.24451797459065,13.069026230686301,37.744517299999984,42.29048390000003,40.074530677647076,1.0266407967595972,-0.02966841123998165,0.7944527268409729,0.3074632615309495,0.1815984814337725,-0.34261760115623474,0.5248026847839355,0.008341506077693059,0.12205019568564883,162.0,0.17770461130165846,272.52680424662196,5537.759548412303,0.022289922273682164,0.991658493922307,0.3074632615309495,0.4403414256105491,0.3652648836388479,0.41031080882186866,707.079549291538
1165,80.24912860749751,13.069026230686301,36.69860318000002,41.30267612,39.10785785176473,0.9023757596676962,-0.11000990867614746,0.7883313894271851,0.3507566444546569,0.1992306431244303,-0.34537607431411743,0.5081818103790283,-0.019553601134057137,0.12473637279533184,71.0,0.1577915633656707,552.1422375485402,1437.7450788622525,0.005787038201468445,1.0195536011340571,0.3507566444546569,0.3909980807634128,0.0948321761430598,0.2725317189152716,1117.9650961033658
1166,80.25373924040437,13.069026230686301,38.18885990000001,42.10932883999999,40.34757015764708,0.8490924707001893,-0.04328018054366112,0.8111146092414856,0.2875899969362745,0.18223282457244902,-0.3312040865421295,0.5735084414482117,0.021431232527190563,0.11854458632602904,138.0,0.20056899776497342,361.08567420794753,4759.966689913943,0.01915924420624529,0.9785687674728094,0.2875899969362745,0.4969980112625428,0.3139624723530449,0.4237837956987436,1581.0292221325997
1167,80.25834987331123,13.069026230686301,37.17712598000003,42.07514864000001,40.03547772941179,0.9377099026722374,-0.030549898743629456,0.8680202960968018,0.33763336181640624,0.22067336787518987,-0.3483535647392273,0.5002639293670654,0.0021013487302339994,0.11805438935911805,137.0,0.3066269193131853,556.0518026634784,4697.9891996917395,0.01890977988268742,0.997898651269766,0.33763336181640624,0.7598032138385974,0.309874501296098,0.5798317288215976,2061.4033628627226
1168,80.26296050621809,13.069026230686301,37.50867391999998,44.320787780000046,41.20337613411767,1.6175320638515043,-0.09053497761487961,0.8518518805503845,0.2716872989430147,0.20680527328333578,-0.4308162331581116,0.4782218337059021,0.03332389681946998,0.11641793819241518,198.0,0.20262031642069106,254.23968366066836,12455.81595244721,0.05013564908482509,0.96667610318053,0.2716872989430147,0.5020810565173836,0.8215727181224298,0.629877721159402,2235.9301922067316
1169,80.26757113912495,13.069026230686301,38.30165456000003,44.730950180000036,42.530585021176485,1.1497542142854036,-0.18712753057479858,0.8426143527030945,0.1732290709252451,0.15975573870485857,-0.3827289342880249,0.7302904725074768,0.11661139993106617,0.15275499994404543,219.0,0.18918135020250465,214.61483877998577,10580.000561560666,0.04258534306357045,0.8833886000689338,0.1732290709252451,0.4687800999473669,0.6978458779643782,0.5604064111541714,1802.6795059680196
1170,80.27218177203181,13.069026230686301,41.145447200000035,46.504902560000005,43.43778811000002,1.0315494957061726,-0.052494898438453674,0.806418776512146,0.16242870624248798,0.15698487760255328,-0.37829169631004333,0.38610512018203735,0.09815628638634315,0.11306885288626176,126.0,0.2809508686013151,553.9688879399463,5297.510043696862,0.02132289892433267,0.9018437136136569,0.16242870624248798,0.6961794919120963,0.34941827516532975,0.5574750052133897,1414.159098583076
1171,80.27679240493867,13.069026230686301,36.77379961999998,45.25390723999999,41.599074041176486,1.6440855662167393,-0.1190817803144455,0.8686385154724121,0.3521077952665441,0.2122501649227096,-0.5205544233322144,0.7305836081504822,0.00733486998314951,0.15439386039553335,25.0,0.1025770846591662,1019.3794721129043,1239.484804679305,0.004989024841938629,0.9926651300168505,0.3521077952665441,0.2541798964187582,0.08175513382178336,0.18520999137996824,1118.016765986188
1172,80.28140303784554,13.069026230686301,34.459800080000036,44.68651592000003,40.817447377647085,2.3218651033668487,-0.4363636374473572,0.8574914336204529,0.3070827588848039,0.26208010635577095,-0.4027481973171234,0.6826608777046204,0.08368564979702818,0.18686308670586085,25.0,0.06787893793926951,674.559977543035,1629.898021630439,0.006560469066698075,0.9163143502029718,0.3070827588848039,0.16819995880899785,0.10750638521037235,0.14392252936954766,999.9999999999268
1173,80.2860136707524,13.069026230686301,34.415365820000034,43.93796954000004,38.89047651058826,2.5501971597848527,-0.45823928713798523,0.800986647605896,0.18892860562193628,0.29353377103854283,-0.4612826704978943,0.7258979082107544,0.0778215056774663,0.1811697174232635,36.0,0.10487091614308422,723.7325436574403,3875.7087229081994,0.015600035616176917,0.9221784943225337,0.18892860562193628,0.2598638739944678,0.2556377327897898,0.2581734175125966,999.9999999999268
1174,80.29062430365926,13.069026230686301,31.058870179999985,43.64743784000001,36.080544740000015,4.343796813617237,-0.35984480381011963,0.7463228702545166,-0.02238914489746094,0.24006559221469428,-0.3703818619251251,0.5312169194221497,0.06340211134690504,0.09881458823804906,2.0,0.0008969141393446642,111.41570567803993,747.9217932134063,0.003010444655781323,0.936597888653095,0.0,0.0022224997307405394,0.04933214676093652,0.021066358542818932,1118.016765986188
1175,80.29523493656612,13.069026230686301,30.80251868000005,31.233189200000027,30.972603612941196,0.09702067455916953,-0.3398193120956421,-0.023746700957417488,-0.14817452225030636,0.04821275345317996,-0.13536378741264343,0.12820513546466827,-0.011487012376972274,0.03940757351462673,0.0,0.0,0.0,0.0,0.0,1.0114870123769724,0.0,0.0,0.0,0.0,1414.159098583076
1176,80.29984556947298,13.069026230686301,30.44020856000003,30.96316562000004,30.678334562352962,0.1082965435042633,-0.16087515652179718,-0.006559332367032766,-0.08763804117838542,0.02507734264995797,-0.13776558637619019,0.053811658173799515,-0.04670119341681985,0.028938601461149745,0.0,0.0,0.0,0.0,0.0,1.0467011934168198,0.0,0.0,0.0,0.0,1802.6795059680196
1177,80.30445620237984,13.069026230686301,30.248799440000028,30.69997808000005,30.44407600823531,0.08461377934507834,-0.15555556118488312,0.016356458887457848,-0.06912677471454327,0.02464085323871982,-0.157687246799469,0.03239740803837776,-0.056886068490835336,0.028005455749166425,0.0,0.0,0.0,0.0,0.0,1.0568860684908354,0.0,0.0,0.0,0.0,2235.9301922067316
1178,80.3090668352867,13.069026230686301,30.043718240000032,30.416282420000016,30.247876929411785,0.09058527262064628,-0.14035087823867798,0.03555832803249359,-0.05943681305530025,0.02474171209544295,-0.14424410462379456,0.0476190485060215,-0.042082627240349266,0.026793211127535917,0.0,0.0,0.0,0.0,0.0,1.0420826272403492,0.0,0.0,0.0,0.0,2692.403614924568
1179,80.31367746819356,13.069026230686301,29.57203148000002,30.37526618000004,30.151060625882373,0.13083455338794484,-0.13636364042758942,0.033693578094244,-0.05325523825252757,0.026688315898584034,-0.1428571492433548,0.061596959829330444,-0.03628601672602635,0.028375287935539572,0.0,0.0,0.0,0.0,0.0,1.0362860167260264,0.0,0.0,0.0,0.0,3162.0584442651993
1180,80.31828810110042,13.069026230686301,29.209721360000003,30.183857060000037,29.88820950000002,0.26727395527892844,-0.15050166845321655,0.06461086869239807,-0.050748384915865384,0.03033699597902427,-0.1355704665184021,0.07090464234352112,-0.034783278245192305,0.030477406527237096,0.0,0.0,0.0,0.0,0.0,1.0347832782451922,0.0,0.0,0.0,0.0,3639.7957308469313
1181,80.32289873400728,13.069026230686301,29.619883759999993,30.183857060000037,29.9996269647059,0.1067051181975086,-0.15762603282928467,0.07022995501756668,-0.05158367082184436,0.03137306470417997,-0.15508021414279938,0.07490909099578857,-0.03309066473268995,0.03216890014764395,0.0,0.0,0.0,0.0,0.0,1.0330906647326898,0.0,0.0,0.0,0.0,4122.806725725445
1182,80.32750936691414,13.069026230686301,29.336188100000015,30.11207864000005,29.852971435294133,0.152857330964199,-0.1681063175201416,0.06776180863380432,-0.05157966164981618,0.03258876833516689,-0.12947657704353333,0.15000000596046448,-0.028139627494064033,0.037494190098220935,0.0,0.0,0.0,0.0,0.0,1.028139627494064,0.0,0.0,0.0,0.0,4609.433871001416
1183,80.332119999821,13.069026230686301,29.223393439999995,29.872817240000018,29.417510956470604,0.15937801134639387,-0.1538461595773697,0.07621550559997559,-0.04782496525691106,0.03114163566201111,-0.12215909361839294,0.1034482792019844,-0.007570427381075345,0.03719610686972883,0.0,0.0,0.0,0.0,0.0,1.0075704273810753,0.0,0.0,0.0,0.0,5098.641868442612
1184,80.33673063272786,13.069026230686301,29.315679980000027,30.006120020000026,29.75995161764708,0.15093083868008747,-0.16430020332336426,0.05905773118138313,-0.05221567789713542,0.0341540145816514,-0.11231394112110138,0.14186851680278778,0.007146500232172948,0.04275107143751915,0.0,0.0,0.0,0.0,0.0,0.9928534997678271,0.0,0.0,0.0,0.0,5589.75314054114
1185,80.34134126563472,13.069026230686301,29.742932480000036,30.047136260000002,29.907293116470605,0.0512844264100824,-0.1615326851606369,0.10836762934923172,-0.04038043452244179,0.037897857415096395,-0.10272536426782608,0.1699248105287552,0.032102412803500305,0.0405283017156288,0.0,0.0,0.0,0.0,0.0,0.9678975871964997,0.0,0.0,0.0,0.0,6082.306669331615
1186,80.34595189854159,13.069026230686301,29.55835940000003,30.05055428000003,29.845957989411783,0.09752740292002145,-0.16624684631824493,0.07365792989730835,-0.040546475923978365,0.03638028403868042,-0.12118959426879883,0.1559220403432846,0.02858470916748047,0.04123001565367008,0.0,0.0,0.0,0.0,0.0,0.9714152908325195,0.0,0.0,0.0,0.0,6575.978379332985
1187,80.35056253144845,13.069026230686301,0.0,29.842055060000007,12.106300536470599,14.47104881807502,-0.1569506675004959,0.059248555451631546,-0.02195909687117034,0.03448195693911018,-0.10725075751543045,0.12526842951774597,-7.303452959247664e-05,0.021767471924886143,0.0,0.0,0.0,0.0,0.0,1.0000730345295925,0.0,0.0,0.0,0.0,7070.534056856429
1188,80.15230531645344,13.073517786561256,38.038467019999985,43.996075880000035,42.18697348117649,1.1829894177133553,-0.01736334338784218,0.7413117289543152,0.23424280503216913,0.1488744936911859,-0.21850429475307465,0.2792421877384186,0.07404433306525736,0.07663329852446221,182.0,0.1836250508168852,250.66060382406468,4710.803538743098,0.018961358615737556,0.9259556669347426,0.23424280503216913,0.4550119215379198,0.31071972182645585,0.3972950416533342,1499.9999999998902
1189,80.1569159493603,13.073517786561256,38.185441879999985,42.79635086000002,40.34165662823532,0.9889675496424042,-0.021350258961319923,0.8382566571235657,0.3248609116498162,0.19729485047534395,-0.41695934534072876,0.3644859790802002,0.01197061725691253,0.10840092127763809,152.0,0.1142518107303097,186.74330654982964,6807.601153642161,0.02740113565032225,0.9880293827430875,0.3248609116498162,0.28310917115239587,0.44902232058047775,0.3494744309236286,1581.1237744282769
1190,80.16152658226716,13.073517786561256,37.29333866000002,44.06785430000002,40.901750652941196,1.8144845749258751,-0.0016583747928962111,0.8021094799041748,0.2770744910606971,0.18726428307451753,-0.28087034821510315,0.3940689265727997,0.02129975098830003,0.09068882556141811,89.0,0.13686049246309523,382.0442188431148,6714.166473139316,0.027025053635950237,0.9787002490116999,0.2770744910606971,0.339132135736529,0.4428594658369038,0.3806230677766789,1802.722818474951
1191,80.16613721517402,13.073517786561256,37.457403620000036,42.604941740000015,40.60316472588237,1.5510223658152826,-0.019447287544608116,0.7414299845695496,0.24409347234987744,0.17459410447961204,-0.2517663240432739,0.31578946113586426,0.024129809211282167,0.0924173536001405,175.0,0.20188841458093273,286.6149827921939,8112.576759151558,0.03265376617022183,0.9758701907887178,0.24409347234987744,0.500267447420999,0.5350971597877138,0.514199332367685,2121.2193452265897
1192,80.17074784808088,13.073517786561256,39.576576020000005,44.601065420000054,41.57405981176472,1.0734531307859314,-0.020527860149741173,0.7613985538482666,0.2556918275122549,0.18471348603831686,-0.28896188735961914,0.35192033648490906,0.05120804132199755,0.08686322189402844,21.0,0.018715551593544565,221.41593699440247,4262.051070732881,0.01715509426918633,0.9487919586780025,0.2556918275122549,0.04637602034873186,0.28112047386752415,0.1402738017562488,2499.8476435579173
1193,80.17535848098774,13.073517786561256,38.441793380000036,42.92623562000006,40.903631155294136,0.8032580407528566,0.001901657204143703,0.7766666412353516,0.2961710533728966,0.19289446170375857,-0.4475511908531189,0.3487964868545532,0.018426758692814755,0.10183489805135332,166.0,0.20230514350578102,302.7780426569197,7194.324425748562,0.028957727553838016,0.9815732413071853,0.2961710533728966,0.5013000768362782,0.47453018702926164,0.4905921209134716,2915.271814353839
1194,80.1799691138946,13.073517786561256,38.42812130000004,43.66794596,41.44068606941178,0.9452691703464982,-0.006761833094060421,0.8598229885101318,0.30731210746017157,0.20044273787839995,-0.49375152587890625,0.2553788721561432,0.018812469781613817,0.11481626274559142,149.0,0.1059851754856169,176.71946795381956,10551.589007945713,0.04247098430237552,0.9811875302183862,0.30731210746017157,0.26262494217270327,0.6959718813174599,0.43596371783060595,2692.361370909579
1195,80.18457974680146,13.073517786561256,40.54729370000001,43.53464317999999,41.64376849647061,0.6234340385688628,-0.013673088513314724,0.725527822971344,0.2668123372395833,0.16830458744907598,-0.26955679059028625,0.3531297445297241,0.04034688912185968,0.09220484868908553,276.0,0.22631154072936918,203.71507106262894,8585.17421584786,0.034556008491219786,0.9596531108781403,0.2668123372395833,0.5607864970241222,0.5662691985010381,0.5629795776148886,2235.897636521461
1196,80.18919037970832,13.073517786561256,39.115143320000016,45.048826039999994,41.422932340000024,1.1425596114086234,-0.113858163356781,0.7761989235877991,0.28020545372596156,0.18649340986460838,-0.36580124497413635,0.5643749833106995,0.028790799654447117,0.10872318682298619,87.0,0.09249469720237759,264.13327904853855,4608.766396989684,0.01855065101118575,0.9712092003455529,0.28020545372596156,0.22919634177850343,0.30398945764947705,0.2591135881268929,1802.6567922274348
1197,80.19380101261518,13.073517786561256,40.308032300000036,46.829614460000016,43.49535369058825,1.2391090825901832,-0.012859304435551167,0.7247136235237122,0.1906659294577206,0.14836054479129424,-0.2935352325439453,0.32979851961135864,0.07088763667087929,0.08179816987073533,61.0,0.07521195006792351,306.3250792637304,3381.4388326340722,0.013610560027698108,0.9291123633291207,0.1906659294577206,0.1863707254036226,0.22303620280661696,0.20103691636482035,1414.1462301510599
1198,80.19841164552204,13.073517786561256,40.24308991999999,44.607901459999994,42.535363152941194,0.8638003332136234,-0.01927882991731167,0.650236964225769,0.16438653684129903,0.11658931835240972,-0.1822793334722519,0.4906531870365143,0.07891951018688725,0.0688191342578754,212.0,0.17386294249690598,203.74957196063593,9221.041648594573,0.03711542544104991,0.9210804898131127,0.16438653684129903,0.4308219994920188,0.6082103557147981,0.5017773419811306,1118.0126967358215
1199,80.2030222784289,13.073517786561256,39.61759226000004,43.83542894000004,42.13201313882355,0.8414194253359135,-0.005457025952637196,0.6541925668716431,0.20545609694260816,0.1284092684391883,-0.19837744534015656,0.37207943201065063,0.06511730487530049,0.07350447196179465,268.0,0.21715135457618132,201.3044100756754,10483.881994320727,0.04219845819179045,0.9348826951246996,0.20545609694260816,0.5380881021990965,0.6915059968316745,0.5994552600521277,999.9999999999268
1200,80.20763291133576,13.073517786561256,39.019438760000014,43.29879979999998,41.449544536470604,1.2630318863859251,-0.025494277477264404,0.6939203143119812,0.1756170175589767,0.110539564958701,-0.20081399381160736,0.2635379135608673,0.06466410319010417,0.07287326254520012,461.0,0.37782608107723914,203.61817884124227,12277.16671593445,0.049416571710426675,0.9353358968098958,0.1756170175589767,0.9362304892132289,0.8097891995321886,0.8856539733408129,1118.0126967358215
1201,80.21224354424263,13.073517786561256,40.22599982000003,43.295381780000014,41.66715059176472,0.6283801207564031,-0.03987324982881546,0.7377892136573792,0.23544424019607843,0.14273452424293018,-0.2869013249874115,0.2698248028755188,0.046486672794117646,0.08860840128529177,320.0,0.30312133288933946,235.33800316305832,8082.111478017534,0.03253114099255084,0.9535133272058823,0.23544424019607843,0.7511165798105311,0.5330877014009489,0.6639050284466982,1414.1462301510599
1202,80.21685417714949,13.073517786561256,39.66886255999998,43.38083228000005,41.95049144000002,0.9303517442808587,-0.010911424644291401,0.7742597460746765,0.1883172372671274,0.13821893399257376,-0.2370055615901947,0.29732391238212585,0.06753612811748798,0.08769114769712562,357.0,0.28044083327871727,195.1634888851281,12664.53754283135,0.050975770073436025,0.932463871882512,0.1883172372671274,0.6949156548095058,0.8353397780241975,0.7510853040953824,1802.6567922274348
1203,80.22146481005635,13.073517786561256,39.88077980000003,43.63376576000002,42.043085483529424,0.9027736874946192,-0.022464698180556297,0.7610753178596497,0.20099504059436274,0.1565442984969548,-0.37462908029556274,0.4121842384338379,0.06805531819661459,0.10559414910746742,140.0,0.17792267165121411,315.7394121618293,9479.385426802099,0.03815527967917517,0.9319446818033854,0.20099504059436274,0.4408817661480801,0.6252504437252728,0.5146292371789571,1802.6567922274348
1204,80.22607544296321,13.073517786561256,40.72844875999999,44.765130380000016,42.74337746352943,1.0175997634363063,-0.031083201989531517,0.7240375876426697,0.1666353831571691,0.12795959076607888,-0.3190443515777588,0.5248940587043762,0.10450979195389093,0.094424653707539,229.0,0.2219142390497941,240.75495140529517,9630.244318923456,0.038762498708871565,0.8954902080461091,0.1666353831571691,0.5498902457887684,0.6352009399855143,0.5840145234674667,1414.1462301510599
1205,80.23068607587007,13.073517786561256,39.033110840000006,43.15524296000001,41.555732470000024,0.8131722449227201,-0.014369847252964973,0.8255211114883423,0.2750445556640625,0.18367247293353137,-0.33473923802375793,0.5301271677017212,0.044457109891451324,0.11232476153563734,196.0,0.2032056187460485,257.5758735740166,7892.828378311775,0.031769261473716795,0.9555428901085486,0.2750445556640625,0.5035314007626635,0.5206027842093661,0.5103599541413445,1118.0126967358215
1206,80.23529670877693,13.073517786561256,38.657128639999996,42.97408790000003,40.429046765882376,0.7937344003471379,-0.010365251451730728,0.8707453608512878,0.36375818589154413,0.2157552450240252,-0.3817024528980255,0.29266348481178284,-0.014705702837775735,0.12058191686959896,143.0,0.20248492400028287,351.78895217155696,3942.256135777243,0.015867894241564668,1.0147057028377757,0.36375818589154413,0.5017455621766194,0.2600271312108618,0.4050581897903163,999.9999999999268
1207,80.23990734168379,13.073517786561256,35.22201854000002,42.721154420000005,40.28046342588237,1.4408528840352086,-0.2108108103275299,0.8071709275245667,0.3149135694316789,0.2111434634175707,-0.561637818813324,0.5420363545417786,-0.009153091580260033,0.1264974634229208,96.0,0.12960316872572114,335.4053049844893,6936.962864550822,0.027921826817234922,1.00915309158026,0.3149135694316789,0.3211489204602085,0.45755488503534314,0.37571130629026234,999.9999999999268
1208,80.24451797459065,13.073517786561256,36.76696358000004,43.43552060000002,41.82126899529413,0.9502698389619342,-0.17235346138477325,0.7720018029212952,0.2129613318810096,0.153879480425016,-0.3968871533870697,0.5719457268714905,0.06261510995718149,0.10840839294318869,300.0,0.16512435321289856,136.74624679449786,13026.646803532742,0.05243328862494638,0.9373848900428186,0.2129613318810096,0.409168296557924,0.859224129776625,0.5891906298454044,1118.0126967358215
1209,80.24912860749751,13.073517786561256,39.033110840000006,44.31395173999999,41.60864213176472,1.5161837173163233,-0.030759017914533615,0.8396965861320496,0.2869587737438726,0.195520864579893,-0.3388299345970154,0.3189239501953125,0.025644573136871938,0.11139836220018474,151.0,0.22418063909711622,368.8473742481297,5642.3328894923925,0.022710838282078146,0.974355426863128,0.2869587737438726,0.5555062499010507,0.3721624328963442,0.4821687230991681,1414.1462301510599
1210,80.25373924040437,13.073517786561256,33.33868952,43.85593706000003,39.63736710235296,2.389185707009529,-0.0044843051582574844,0.8733949065208435,0.29837297028186277,0.21845332646262186,-0.3729632496833801,0.3346273899078369,0.021260043873506433,0.12976063560223136,265.0,0.22984569827918158,215.4845050650635,8714.135885903976,0.03507508946190932,0.9787399561264936,0.29837297028186277,0.5695439285978866,0.5747753766756438,0.5716365078289896,1802.6567922274348
1211,80.25834987331123,13.073517786561256,38.332416739999985,43.21676732000003,41.07075932352943,1.1925873281731818,-0.05248618870973587,0.8508254289627075,0.33040743314302884,0.2177746674922232,-0.4117647111415863,0.3864189386367798,0.012098805354191706,0.13387151962709798,152.0,0.26790416363199765,437.8863585208251,4596.69073398007,0.018502045507906968,0.9879011946458083,0.33040743314302884,0.6638505353159325,0.3031929594256903,0.5195875049598356,2235.897636521461
1212,80.26296050621809,13.073517786561256,39.65519047999999,44.80272860000002,41.7304726647059,1.0987945128605774,-0.024491922929883003,0.8411614298820496,0.27474499272365194,0.19465982203241922,-0.3215250074863434,0.32546597719192505,0.03220849729051777,0.11476472147092523,170.0,0.25210520625173694,368.43292465729604,6978.246466680559,0.02808799659665651,0.9677915027094822,0.27474499272365194,0.6247016614345748,0.4602779086690497,0.5589321603283648,2061.3680508347766
1213,80.26757113912495,13.073517786561256,38.38368704000004,44.69335196000003,42.626041212941196,1.2989840296216768,-0.12039311975240707,0.7710481882095337,0.13935735964307597,0.12492012762615011,-0.4440642297267914,0.6875170469284058,0.11840442133884804,0.1258610944695334,206.0,0.17718504923974515,213.69058783731393,10921.470864281073,0.043959788169008585,0.881595578661152,0.13935735964307597,0.4390539818162646,0.7203689054268203,0.5515799512604869,1581.0033240204825
1214,80.27218177203181,13.073517786561256,38.851955780000026,46.40919800000006,42.556988930000024,1.4194951421545599,-0.12646369636058807,0.8502843976020813,0.2470294893704928,0.2140476003035944,-0.47511026263237,0.5795887112617493,0.054527329664963944,0.14018140129535422,163.0,0.23463091655408858,357.6211317467889,7499.982959574739,0.03018802744347957,0.945472670335036,0.2470294893704928,0.5814014140148142,0.4946911073103253,0.5467172913330186,1117.9488182607306
1215,80.27679240493867,13.073517786561256,36.900266360000046,44.97362959999998,42.108524600000024,1.4397935098212258,-0.19696970283985138,0.8592516183853149,0.3441061102175245,0.22478245850089842,-0.5008264183998108,0.6632747650146484,0.024118149701286763,0.15645309218132716,29.0,0.05530811900303045,473.8233197838406,2900.8503758985653,0.011676153296489534,0.9758818502987132,0.3441061102175245,0.1370502194132147,0.19133708600801977,0.1587649660511367,707.0731150755299
1216,80.28140303784554,13.073517786561256,40.048262780000016,44.95995751999999,42.89265860000002,1.165307231446127,-0.13393665850162506,0.8172795176506042,0.3512354473039216,0.17144211043772983,-0.4462222158908844,0.6168286800384521,0.08577015596277573,0.14403495624388546,8.0,0.004077072563376283,126.61466042921462,0.0,0.0,0.9142298440372243,0.3512354473039216,0.010102742589088984,0.0,0.00606164555345339,499.9999999999634
1217,80.2860136707524,13.073517786561256,39.60050216000002,44.8881791,42.82655716823531,1.192298435797973,-0.008407398127019405,0.8551483154296875,0.30375813802083335,0.18907600830073998,-0.4165070354938507,0.5535929203033447,0.031197156719132965,0.1247380045966653,35.0,0.06052944250788472,429.6592540693754,3840.2670591096517,0.015457380102803083,0.9688028432808671,0.30375813802083335,0.14998834757353863,0.25330003735715667,0.19131302348698587,499.9999999999634
1218,80.29062430365926,13.073517786561256,31.39383614000002,46.026379760000054,42.02847906588237,3.5909726189209987,-0.3141075670719147,0.7541943192481995,0.1602819589468149,0.19641756288099002,-0.40342921018600464,0.3845379054546356,0.07625569270207332,0.0982991691569725,10.0,0.0132063491509579,328.1015752878289,190.96826058604935,0.0007686624252986435,0.9237443072979267,0.1602819589468149,0.032724545354491846,0.012596068657707474,0.024673154675778096,707.0731150755299
1219,80.29523493656612,13.073517786561256,30.696560060000024,37.84022186000004,31.20204855411766,0.8273395084228345,-0.3349282443523407,0.19038155674934387,-0.17993045582490808,0.04786659242521474,-0.37348124384880066,0.2211320698261261,0.011830968669816559,0.04484158682959998,0.0,0.0,0.0,0.0,0.0,0.9881690313301834,0.0,0.0,0.0,0.0,1117.9488182607306
1220,80.29984556947298,13.073517786561256,30.361594100000048,30.908477300000015,30.656513638823544,0.11281826390315974,-0.223300963640213,-0.007970570586621761,-0.10130627202052696,0.028543646968208075,-0.15310698747634888,0.09364548325538635,-0.049413814170687805,0.030396827222968742,0.0,0.0,0.0,0.0,0.0,1.049413814170688,0.0,0.0,0.0,0.0,1581.0033240204825
1221,80.30445620237984,13.073517786561256,30.248799440000028,30.75466640000002,30.45590306705884,0.11971258619590193,-0.16113458573818207,0.03325415775179863,-0.0683032461313101,0.02721007307325774,-0.16186819970607758,0.027696793898940086,-0.06171147273137019,0.029754723684056336,0.0,0.0,0.0,0.0,0.0,1.0617114727313701,0.0,0.0,0.0,0.0,2061.3680508347766
1222,80.3090668352867,13.073517786561256,29.97193981999999,30.40602836000005,30.246575952941193,0.09553581279572437,-0.16239316761493683,0.036868974566459656,-0.06171682320389093,0.024449120380530515,-0.14141413569450378,0.06599713116884232,-0.043014173320695466,0.028379655823553313,0.0,0.0,0.0,0.0,0.0,1.0430141733206955,0.0,0.0,0.0,0.0,2549.2763191867252
1223,80.31367746819356,13.073517786561256,29.442146719999982,30.334249940000007,29.968226123529426,0.2018907562871665,-0.14435695111751556,0.04674127697944641,-0.05787245806525735,0.025090358148119926,-0.1235521212220192,0.054187193512916565,-0.03711156508501838,0.02692900262742648,0.0,0.0,0.0,0.0,0.0,1.0371115650850184,0.0,0.0,0.0,0.0,3041.0994791777807
1224,80.31828810110042,13.073517786561256,29.24390156000004,30.170184980000045,29.816743840000022,0.23241318369393232,-0.1525423675775528,0.04495114088058472,-0.05423663799579327,0.027839171651996956,-0.167119562625885,0.07413249462842941,-0.0406995362501878,0.0315032126002685,0.0,0.0,0.0,0.0,0.0,1.0406995362501879,0.0,0.0,0.0,0.0,3535.203970504364
1225,80.32289873400728,13.073517786561256,29.462654840000027,30.11207864000005,29.951975744705905,0.09572075287279154,-0.18200409412384033,0.06809078902006149,-0.056437419816559434,0.03134349046902723,-0.14498645067214966,0.07338769733905792,-0.036873028325099574,0.03264998347692126,0.0,0.0,0.0,0.0,0.0,1.0368730283250995,0.0,0.0,0.0,0.0,4030.750918130463
1226,80.32750936691414,13.073517786561256,29.657481980000057,30.08815249999998,29.90419442705884,0.08632914313371844,-0.15835776925086975,0.07252747565507889,-0.05290693694469976,0.034532192847835534,-0.1541786789894104,0.14959469437599182,-0.0047649996888403795,0.042204337578414575,0.0,0.0,0.0,0.0,0.0,1.0047649996888404,0.0,0.0,0.0,0.0,4527.266680357435
1227,80.332119999821,13.073517786561256,29.609629700000028,30.012956060000022,29.843651712941195,0.06716846712875398,-0.14744932949543,0.06534653156995773,-0.04423027918888972,0.0321247180606989,-0.1015424132347107,0.1384180784225464,0.02497984372652494,0.032614992432753974,0.0,0.0,0.0,0.0,0.0,0.975020156273475,0.0,0.0,0.0,0.0,5024.464051644213
1228,80.33673063272786,13.073517786561256,29.50708910000003,29.99586596000006,29.803356923529428,0.08782365993839639,-0.16245006024837494,0.08661417663097382,-0.04191445743336397,0.034059778698865034,-0.08464328944683075,0.15555556118488312,0.029800881778492647,0.03671355001325703,0.0,0.0,0.0,0.0,0.0,0.9701991182215074,0.0,0.0,0.0,0.0,5522.15892541863
1229,80.34134126563472,13.073517786561256,29.062746500000003,29.94801368000003,29.527384332941192,0.27587900288629974,-0.21153846383094788,0.06280875205993652,-0.04496114095052083,0.03587571596600881,-0.17790530622005463,0.1863013654947281,0.018152229458678,0.04524225826270732,0.0,0.0,0.0,0.0,0.0,0.981847770541322,0.0,0.0,0.0,0.0,6020.227916700628
1230,80.34595189854159,13.073517786561256,29.042238380000015,29.896743380000032,29.567194212941192,0.208143637079258,-0.1612446904182434,0.08321579545736313,-0.047229100740872894,0.03510386777118678,-0.1406649649143219,0.19005848467350006,0.013870230454664964,0.045543731532384196,0.0,0.0,0.0,0.0,0.0,0.986129769545335,0.0,0.0,0.0,0.0,6518.585269871664
1231,80.35056253144845,13.073517786561256,0.0,29.62330178000002,12.05212078000001,14.405540564982955,-0.1624898910522461,0.03963612765073776,-0.019461086497587318,0.03253306383982942,-0.11866666376590729,0.15198864042758942,0.001547824354732738,0.027034447211020836,0.0,0.0,0.0,0.0,0.0,0.9984521756452672,0.0,0.0,0.0,0.0,7017.169547066637
1232,80.15230531645344,13.07800934243621,40.31486834000003,43.05612038000004,41.69892768125002,0.605807414702226,-0.04436860233545303,0.700440526008606,0.19577038334865196,0.12965069686964567,-0.1754690259695053,0.3128282129764557,0.08850164675245098,0.06864012382289464,148.0,0.1676593284425787,281.44371022928993,4881.217267084383,0.019647287415261665,0.911498353247549,0.19577038334865196,0.41544981394989483,0.3219600348282885,0.3780539023012523,999.9999999999268
1233,80.1569159493603,13.07800934243621,39.35782274000002,45.05566208000005,42.22100510375002,1.2345961333936717,-0.0010235414374619722,0.803814709186554,0.22489305683210783,0.15046838883223018,-0.2966601252555847,0.35300034284591675,0.07344728357651654,0.08719947513894442,143.0,0.18618867564630673,323.476522685376,5216.010726463358,0.02099485769563508,0.9265527164234835,0.22489305683210783,0.46136443092892143,0.34404266462000077,0.41443572440535315,1118.008626170817
1234,80.16152658226716,13.07800934243621,37.594124420000014,43.96189568,41.60674167125002,1.1203165468753404,0.002834868850186467,0.7616865038871765,0.2523020817683293,0.15332856919983873,-0.2222222238779068,0.27780023217201233,0.05297321026141827,0.081674957409328,106.0,0.07783818732491965,182.43677602461386,7574.303620209173,0.03048717400887084,0.9470267897385818,0.2523020817683293,0.19287838465492996,0.4995932211022435,0.3155643192338554,1414.1333574913895
1235,80.16613721517402,13.07800934243621,37.34119094000005,42.522909260000006,41.10996011000002,0.7193885006034259,0.006651884876191616,0.7579793334007263,0.28794206207873774,0.1695680597417403,-0.2800000011920929,0.3525451123714447,0.02854330025467218,0.0920120194672102,330.0,0.1792971895091559,134.9848669096237,11426.114242693067,0.045991017871633844,0.9714566997453278,0.28794206207873774,0.44428773940144606,0.7536546599424023,0.5680345076178286,1802.6340709451792
1236,80.17074784808088,13.07800934243621,39.20401184000002,42.539999360000024,41.05956944750001,0.9453474464572656,0.00047438329784199595,0.8263913989067078,0.31804457720588236,0.20440756003813318,-0.422087162733078,0.24789965152740479,-0.002175324383903952,0.10975608001773898,173.0,0.11685017562617692,167.80651066821054,9728.814952053288,0.03915925334072652,1.002175324383904,0.31804457720588236,0.289547764355587,0.6417025568443934,0.4304096813511095,2235.865069962836
1237,80.17535848098774,13.07800934243621,38.53407992000001,41.81196110000002,40.29723789125002,0.8237936622659802,-0.0012278547510504723,0.7660277485847473,0.26180274376502405,0.15333706295232177,-0.32348597049713135,0.21366345882415771,0.028080054063063402,0.08885725455778284,313.0,0.21425396741395497,170.06309383628638,13454.178311657864,0.054154136921509076,0.9719199459369366,0.26180274376502405,0.5309085496584217,0.8874236652028311,0.6735145958761855,2692.3191127376513
1238,80.1799691138946,13.07800934243621,39.4364372,42.54683540000002,41.313018143750014,0.6252693939567167,-0.019000979140400887,0.742222249507904,0.2197830020680147,0.1465316533553221,-0.2750769257545471,0.26613861322402954,0.062144930970435046,0.08428113786483751,299.0,0.23987671235485794,199.31612724715018,11444.660079263878,0.046065666337687654,0.937855069029565,0.2197830020680147,0.5944001830644896,0.7548779241122894,0.6585912794836095,2915.232787413772
1239,80.18457974680146,13.07800934243621,39.15274154000002,42.129836960000034,40.998962423750015,0.628238425003795,-0.00981647428125143,0.775016188621521,0.20059926949295342,0.1343829824080343,-0.2690148949623108,0.2856617271900177,0.06007017846200981,0.08425912825957257,223.0,0.2574167955543149,286.78574283767784,12259.412016851606,0.049345107635634426,0.9399298215379902,0.20059926949295342,0.6378634628567369,0.8086181179715244,0.7061653249026519,2499.8185156286313
1240,80.18919037970832,13.07800934243621,39.08779916000003,43.39792238000001,41.323196108125025,1.0156689907729,-0.011317040771245956,0.7501604557037354,0.255242919921875,0.15912890855303166,-0.27034223079681396,0.32316845655441284,0.039402184119591344,0.08400749265428326,179.0,0.18037792023738705,250.35477825467237,8999.448716780957,0.03622349628028688,0.9605978158804087,0.255242919921875,0.4469657256736346,0.5935943154648566,0.5056171615901234,2121.200036237084
1241,80.19380101261518,13.07800934243621,38.380269020000014,43.48679090000002,40.31534585750002,1.0696169487073175,-0.05990491434931755,0.7984193563461304,0.22080360562193627,0.18729923584707828,-0.30559229850769043,0.4512763023376465,0.044800456925934436,0.10791115326836814,41.0,0.0746522743377128,452.3605538932383,5089.75626510564,0.0204866734551012,0.9551995430740655,0.22080360562193627,0.1849838823323291,0.33571505112693495,0.24527634985017144,1802.7127205324996
1242,80.19841164552204,13.07800934243621,39.24161006000003,44.730950180000036,41.67694931000002,1.4605582224194518,-0.011827320791780949,0.736798882484436,0.24542411056219363,0.17187634528438797,-0.3610585927963257,0.3075842559337616,0.03895501230277267,0.09875783915295264,84.0,0.07160887059290173,211.79372005401024,5660.106235511292,0.022782377412269905,0.9610449876972273,0.24542411056219363,0.17744250941081458,0.3733347443895956,0.255799403402327,1581.120896134187
1243,80.2030222784289,13.07800934243621,37.542854120000015,44.52928700000001,40.654596908750015,1.6416043952392863,-0.018363939598202705,0.7577524781227112,0.28939777080829326,0.19341164464225946,-0.38624101877212524,0.3155568242073059,0.014587651766263521,0.11579026561924902,149.0,0.1146776536042878,191.2132884461035,6563.6255104157235,0.026419114297346016,0.9854123482337365,0.28939777080829326,0.2841643843899145,0.4329299398704182,0.343670606582116,1499.9999999998902
1244,80.20763291133576,13.07800934243621,38.43153932000001,43.00143206000001,40.47621899000002,1.1055567234086907,-0.026156941428780556,0.7711843252182007,0.2575847311580882,0.18371862555627808,-0.41285440325737,0.44318482279777527,0.03146019430721508,0.1141092073943496,237.0,0.23467257610122613,246.00250830556666,7889.191075794635,0.03175462104202522,0.968539805692785,0.2575847311580882,0.5815046438873677,0.5203628715029607,0.5570479349336048,1581.120896134187
1245,80.21224354424263,13.07800934243621,39.37149482000001,43.144988900000044,41.24301156500002,0.9143408661245499,0.00028694403590634465,0.7224299311637878,0.25119920917585786,0.155487540420757,-0.32169756293296814,0.4321414828300476,0.04645994597790288,0.09672966312962643,253.0,0.221503071715881,217.51277673454325,7159.51663369951,0.028817623424630328,0.9535400540220971,0.25119920917585786,0.5488713976640428,0.47223430112064224,0.5182165590466825,1802.7127205324996
1246,80.21685417714949,13.07800934243621,39.340732640000056,43.50388099999998,41.34874399250002,1.0077642796068482,-0.005343783181160688,0.7837631702423096,0.27747582068810095,0.16054384953806758,-0.34046122431755066,0.35705316066741943,0.04068359668438251,0.10191632730646588,219.0,0.14616622053612466,165.81676693744694,8610.68121561597,0.03465867619235337,0.9593164033156175,0.27747582068810095,0.3621911747564334,0.5679516137848412,0.4444953503677965,1999.9999999998536
1247,80.22146481005635,13.07800934243621,40.09611505999999,43.3158899,41.75292485750002,0.8031334649275187,-0.009961439296603203,0.7755539417266846,0.2830907245710784,0.17550864028334107,-0.3935808539390564,0.4555021822452545,0.029882145301968442,0.11138005199547384,190.0,0.11420291782519224,149.33071331468827,10056.105969559318,0.04047662569633472,0.9701178546980316,0.2830907245710784,0.28298801745028335,0.6632903333414163,0.4351089438067365,1802.6340709451792
1248,80.22607544296321,13.07800934243621,39.27237223999998,42.191361320000055,40.67303159750002,0.6114722059951863,-0.03480561822652817,0.764692485332489,0.26933270622702205,0.17566959979328864,-0.3018893897533417,0.29547250270843506,0.005326978646072687,0.10284160495330583,303.0,0.2533950427585883,207.76913247412125,8887.841689169052,0.035774269124626196,0.9946730213539273,0.26933270622702205,0.6278977993517126,0.5862328315294215,0.6112318122227962,1414.1333574913895
1249,80.23068607587007,13.07800934243621,39.983320400000025,45.03857198000003,42.00806999750002,1.123117759947386,-0.040214478969573975,0.7999770045280457,0.24383352426382213,0.1720662879703203,-0.2770914137363434,0.29641813039779663,0.058343194814828726,0.09534557085602115,339.0,0.22422839247803,164.32984504789755,10274.603895259806,0.04135609721152917,0.9416568051851713,0.24383352426382213,0.5556245799301662,0.6777022301940344,0.6044556400357135,1118.008626170817
1250,80.23529670877693,13.07800934243621,38.69472686000006,42.734826500000054,40.47376857125002,0.8187149489405843,0.005206247325986624,0.7947154641151428,0.29860758463541665,0.17871573972945565,-0.29575401544570923,0.3604138195514679,0.014502678665460325,0.09452535817084728,229.0,0.20805290523062195,225.71677826085556,7784.522871572715,0.0313333232019445,0.9854973213345397,0.29860758463541665,0.5155426875003863,0.5134590651708912,0.5147092385685883,999.9999999999268
1251,80.23990734168379,13.07800934243621,38.56826011999999,43.015104140000005,40.49442748625002,0.968613954000334,-0.13700787723064423,0.8117647171020508,0.27725887522977943,0.19445425772971595,-0.42524194717407227,0.5089073777198792,0.0080306199017693,0.10982481869694902,173.0,0.2514402640523591,361.08900244278004,6540.867478137238,0.02632751140882139,0.9919693800982307,0.27725887522977943,0.6230539743324904,0.4314288436347694,0.546403922053402,999.9999999999268
1252,80.24451797459065,13.07800934243621,39.22793797999998,43.40475842000001,40.61574206375002,0.964643932140776,-0.018703468143939972,0.7995226979255676,0.28238473745492787,0.19239834933927685,-0.33208924531936646,0.38997215032577515,0.02848343482384315,0.1082997161277758,171.0,0.24866659293188326,361.2824572572638,4790.896732049162,0.019283740083881114,0.9715165651761568,0.28238473745492787,0.6161809827628354,0.31600258589403546,0.4961096240153154,1118.008626170817
1253,80.24912860749751,13.07800934243621,39.47061740000004,44.026838060000046,41.534812456250016,1.1362713896322687,-0.01388495322316885,0.7898593544960022,0.24516625497855393,0.16728447203896796,-0.32666969299316406,0.3245014548301697,0.045694436465992645,0.10517806098750113,170.0,0.17556571177468727,256.5761715928159,8344.631038601718,0.03358780308659577,0.9543055635340073,0.24516625497855393,0.4350413601814905,0.5504032196915896,0.4811861039855301,1414.1333574913895
1254,80.25373924040437,13.07800934243621,40.51653152000006,43.81492082,41.799822102500016,0.6937724828751491,-0.04257703199982643,0.7688789963722229,0.22937050015318627,0.1589834488519134,-0.32144057750701904,0.3692447543144226,0.048374442306219366,0.10332987247174907,214.0,0.23000295962415856,267.0208608057569,7439.846331106356,0.029945972734775967,0.9516255576937807,0.22937050015318627,0.5699336128291137,0.49072455758784156,0.5382499907326048,1802.6340709451792
1255,80.25834987331123,13.07800934243621,38.97158648000004,43.50046298000001,41.964867230000024,0.9016613683548937,-0.02696804329752922,0.850927472114563,0.2711391038161058,0.18590514971713257,-0.399880975484848,0.3030852973461151,0.02358528577364408,0.10643774180615376,53.0,0.07334146986094778,343.7947817177411,3731.067983911664,0.015017845146970818,0.976414714226356,0.2711391038161058,0.18173578703661622,0.24609737946871546,0.20748042400945593,2235.865069962836
1256,80.26296050621809,13.07800934243621,39.689370680000025,44.2558454,42.34900492625002,1.1338909374626813,-0.01844635047018528,0.839175283908844,0.2569361308976716,0.18273711056068612,-0.29859301447868347,0.34609630703926086,0.03674486945657169,0.1081354399038973,85.0,0.1965537368202843,574.4972044465176,3481.6780313943327,0.01401403076881813,0.9632551305434283,0.2569361308976716,0.4870484341771097,0.2296478765261296,0.38408821111671765,1999.7731399036402
1257,80.26757113912495,13.07800934243621,39.04336490000003,44.52586898000004,42.099288406250025,1.1741386329424102,-0.1683366745710373,0.8646153807640076,0.18858726351868874,0.18306455825156873,-0.5562624335289001,0.6594173312187195,0.09169505399816176,0.14789691132094052,114.0,0.09516384481290158,207.39231971625512,8871.75577101296,0.03570952202568383,0.9083049460018382,0.18858726351868874,0.235810330325981,0.5851718210301136,0.375554926607634,1499.8298549277301
1258,80.27218177203181,13.07800934243621,37.53943609999999,44.56004918000002,41.446019333750016,1.7995897940152983,-0.11632870882749557,0.8225966095924377,0.2306696495643029,0.17976721094282772,-0.523036539554596,0.6030769348144531,0.06851913452148438,0.1366628923498194,117.0,0.13039091877316908,276.87709155417434,5704.764679941396,0.022962131200152582,0.9314808654785156,0.2306696495643029,0.3231009180835519,0.3762803691256733,0.3443726985004004,999.8865699518201
1259,80.27679240493867,13.07800934243621,39.62101028000001,44.41307432000002,41.799017862500015,1.0304554962873884,-0.004172989167273045,0.8448418974876404,0.35049795113357846,0.21661295578496198,-0.4616100490093231,0.5539906024932861,0.01325234057856541,0.13290972660365497,31.0,0.05498336091160566,440.651375053934,4307.185565413499,0.017336764197159512,0.9867476594214346,0.35049795113357846,0.13624548823652174,0.2840974983850188,0.19538629229592058,499.94328497591005
1260,80.28140303784554,13.07800934243621,35.909040559999994,43.93796954000004,40.562737621250015,2.0197231338947903,-0.08283313363790512,0.866733193397522,0.4257134650735294,0.2130567182731496,-0.426545649766922,0.631436288356781,-0.007448482139437806,0.15412617222811892,16.0,0.017252757911603873,267.89467816537876,3543.349883594078,0.014262264875046246,1.0074484821394378,0.4257134650735294,0.042751304869703334,0.2337156880157041,0.11913705812810366,0.0
1261,80.2860136707524,13.07800934243621,35.902204520000055,43.66110992000006,40.33560265250002,1.905493977470868,-0.0181818176060915,0.8775510191917419,0.44693230124080885,0.2368766261515807,-0.3489510416984558,0.36798593401908875,-0.04078711117015166,0.12318237166753876,71.0,0.2191737702125468,766.9300773493277,1406.3110693799795,0.005660513815209938,1.0407871111701517,0.44693230124080885,0.5430995274962291,0.09275882143788183,0.36296324507289024,0.0
1262,80.29062430365926,13.07800934243621,40.75921094,47.02102358000002,44.299387456250024,1.2407305019090502,-0.012947448529303074,0.783979594707489,0.13309589092548077,0.1402087708377061,-0.29172319173812866,0.29739129543304443,0.11379844078650841,0.08410437838243923,4.0,0.0031559005264284712,196.01479605318568,0.0,0.0,0.8862015592134915,0.13309589092548077,0.007820133235223627,0.0,0.004692079941134176,499.94328497591005
1263,80.29523493656612,13.07800934243621,30.87087908000001,45.653815580000014,34.876547195000015,4.9180427527152,-0.35333630442619324,0.6410256624221802,-0.0957826322667739,0.1647764471046878,-0.4549524486064911,0.3644775450229645,0.04616796456131281,0.10492605496609808,4.0,0.07843280986241676,4871.506912310268,0.0,0.0,0.9538320354386872,0.0,0.19435182382988284,0.0,0.1166110942979297,999.8865699518201
1264,80.29984556947298,13.07800934243621,30.14284082000006,30.98709176,30.64409596625002,0.16658011303279965,-0.2559948265552521,-0.012507445178925991,-0.12301956475949755,0.032092976029528056,-0.14478114247322083,0.08124999701976776,-0.031110750086167278,0.03260940355816821,0.0,0.0,0.0,0.0,0.0,1.0311107500861674,0.0,0.0,0.0,0.0,1499.8298549277301
1265,80.30445620237984,13.07800934243621,30.14284082000006,30.778592539999977,30.443991001250023,0.132499974313353,-0.19369664788246155,0.03909952566027641,-0.0769888188288762,0.030060037122859005,-0.14707952737808228,0.05135520547628403,-0.05371967609112079,0.031099124130825568,0.0,0.0,0.0,0.0,0.0,1.0537196760911207,0.0,0.0,0.0,0.0,1999.7731399036402
1266,80.3090668352867,13.07800934243621,29.954849720000027,30.477806780000037,30.25282064000002,0.12369306549526785,-0.14654003083705902,0.01989150047302246,-0.06494533164828431,0.025279653558439585,-0.14386959373950958,0.04109589010477066,-0.04820177863625919,0.02922133648911277,0.0,0.0,0.0,0.0,0.0,1.0482017786362592,0.0,0.0,0.0,0.0,2499.7164248795502
1267,80.31367746819356,13.07800934243621,29.677990099999988,30.320577860000014,30.13737450125002,0.12072565240569748,-0.15561224520206451,0.039127644151449203,-0.05838757084865196,0.025165885207583782,-0.15713250637054443,0.08462623506784439,-0.039943545472388174,0.02743187936048885,0.0,0.0,0.0,0.0,0.0,1.0399435454723882,0.0,0.0,0.0,0.0,2999.6597098554603
1268,80.31828810110042,13.07800934243621,29.85230912000003,30.173603000000014,30.03137539000002,0.05794360413029453,-0.1497083604335785,0.04582548514008522,-0.05460878225473257,0.02778844994121985,-0.1342465728521347,0.07174888253211975,-0.037683768639197715,0.030304267772667922,0.0,0.0,0.0,0.0,0.0,1.0376837686391978,0.0,0.0,0.0,0.0,3499.6029948313703
1269,80.32289873400728,13.07800934243621,29.807874860000027,30.101824580000027,29.946430332500018,0.06604078363643329,-0.14211885631084442,0.035451505333185196,-0.056551519655713846,0.027756966033827622,-0.13908205926418304,0.08042242377996445,-0.03345287846583946,0.032363627063833514,0.0,0.0,0.0,0.0,0.0,1.0334528784658394,0.0,0.0,0.0,0.0,3999.5462798072804
1270,80.32750936691414,13.07800934243621,29.55835940000003,30.108660620000023,29.850047195000016,0.07302625760969567,-0.15594974160194397,0.07311028242111206,-0.05569189333448223,0.03163213616005818,-0.11437403410673141,0.1273486465215683,0.005757249196370442,0.038239042395304235,0.0,0.0,0.0,0.0,0.0,0.9942427508036296,0.0,0.0,0.0,0.0,4499.48956478319
1271,80.332119999821,13.07800934243621,29.64039188000004,29.930923580000012,29.78930194250002,0.057706841557936275,-0.13997627794742584,0.09153475612401962,-0.04359693673940805,0.030423454437557475,-0.08401083946228027,0.14126652479171753,0.02745291489821214,0.03378673721325668,0.0,0.0,0.0,0.0,0.0,0.9725470851017879,0.0,0.0,0.0,0.0,4999.4328497591005
1272,80.33673063272786,13.07800934243621,29.25073759999998,29.94801368000003,29.735091140000016,0.11384730670763121,-0.15041783452033997,0.08461026102304459,-0.043585501278147976,0.03143669114976313,-0.10141206532716751,0.1352112740278244,0.030831472359451592,0.03423728367787559,0.0,0.0,0.0,0.0,0.0,0.9691685276405484,0.0,0.0,0.0,0.0,5499.37613473501
1273,80.34134126563472,13.07800934243621,29.042238380000015,29.643809900000008,29.28006722750002,0.14253959137048622,-0.14848698675632477,0.06414584815502167,-0.04656955494600184,0.031357646581633675,-0.12163050472736359,0.1405680924654007,-0.0038783813925350416,0.04159198058564188,0.0,0.0,0.0,0.0,0.0,1.003878381392535,0.0,0.0,0.0,0.0,5999.319419710921
1274,80.34595189854159,13.07800934243621,29.052492440000037,29.780530699999986,29.477483015000022,0.2177853912581378,-0.17175830900669098,0.06203840300440788,-0.053412422767052284,0.03321157744808584,-0.13695485889911652,0.10907704383134842,-0.019782706040602463,0.0359810734330816,0.0,0.0,0.0,0.0,0.0,1.0197827060406024,0.0,0.0,0.0,0.0,6499.26270468683
1275,80.35056253144845,13.07800934243621,0.0,29.64039188000004,12.09043897220589,14.451352319915129,-0.1634678989648819,0.05312085151672363,-0.02249639024921492,0.033666638190911036,-0.12220761924982071,0.12316715717315674,-0.0003617593353869868,0.026618245875785596,0.0,0.0,0.0,0.0,0.0,1.000361759335387,0.0,0.0,0.0,0.0,6999.205989662741
1276,80.15230531645344,13.082500898311165,38.27431039999999,45.26757931999998,42.255830617647085,1.728774613921797,-0.004966139793395996,0.7279313206672668,0.22426111557904413,0.16261875863907096,-0.2698802649974823,0.2788482904434204,0.06465439740349264,0.08286662452599895,69.0,0.07393774626578901,266.2212132214283,4669.763992876819,0.018796171182171785,0.9353456025965073,0.22426111557904413,0.1832133243961843,0.3080127958910863,0.2331331129941451,499.9999999999634
1277,80.1569159493603,13.082500898311165,41.22406166000002,47.41751390000002,44.743061088235315,1.1787742914060213,-0.03164341673254967,0.7098039388656616,0.13338964125689337,0.10821640145578441,-0.18847352266311646,0.31835058331489563,0.09750795850566789,0.061188189396530084,111.0,0.17020173353012996,380.9487394639275,5282.669813641685,0.02126316581899257,0.9024920414943322,0.13338964125689337,0.4217497420864327,0.34843942896283764,0.3924256168369946,707.0602403021326
1278,80.16152658226716,13.082500898311165,39.395420960000024,44.41991036000002,41.88435452705884,0.9923227164615313,-0.0625724196434021,0.7173414826393127,0.22254380446213942,0.15506678493806675,-0.2618641257286072,0.2937595248222351,0.04595666738656851,0.08254124337064622,140.0,0.16382943019941215,290.72971705018153,7903.700639267629,0.03181302318809363,0.9540433326134314,0.22254380446213942,0.40595955458078664,0.5213199072802062,0.4521036956605544,1117.9162462655904
1279,80.16613721517402,13.082500898311165,40.068770900000004,42.28706588,41.19812492000002,0.524140629619616,-0.009153317660093307,0.7453798651695251,0.18882494159773283,0.13600363774201496,-0.20667347311973572,0.3193000257015228,0.06801654890471814,0.08244117337701111,181.0,0.1203611214305485,165.2088054980152,15210.14701998433,0.061222050521122964,0.9319834510952818,0.18882494159773283,0.2982476786088753,1.0,0.5789486071653251,1580.9515017056274
1280,80.17074784808088,13.082500898311165,38.062393160000056,42.61177778000001,41.00220969058825,1.083037091660486,-0.009936407208442688,0.8426175713539124,0.24340351179534314,0.2102887992756152,-0.3529362976551056,0.30597370862960815,0.046929764093137254,0.12243810790322078,79.0,0.07192665737607061,226.19777422457852,12953.869265054687,0.05214035324886801,0.9530702359068628,0.24340351179534314,0.1782299661015317,0.8544237987237301,0.4487074991504111,2061.297391124896
1281,80.17535848098774,13.082500898311165,39.10488926000005,41.61713396000005,40.554590995294134,0.5713467839257289,-0.011420059949159622,0.7335782051086426,0.21339085505558894,0.13770322238935714,-0.2122795581817627,0.2602958679199219,0.06168597881610577,0.07770886653415082,291.0,0.20498651419481614,175.0079758804565,14748.96943783751,0.05936577410273559,0.9383140211838943,0.21339085505558894,0.507944353443123,0.9728267467028604,0.693897310747018,2549.187044020822
1282,80.1799691138946,13.082500898311165,39.330478579999976,42.017042300000014,40.64733879058826,0.5626856175334022,-0.016364699229598045,0.8081662058830261,0.21079790900735293,0.1509309018868996,-0.29910406470298767,0.2634051740169525,0.06447217754289215,0.08766490970519178,251.0,0.19186754263962943,189.91240445882366,12881.650472501187,0.051849666869540074,0.9355278224571079,0.21079790900735293,0.47543632455833046,0.8496603219732535,0.6251259235242996,3040.9917137311018
1283,80.18457974680146,13.082500898311165,39.723550880000005,41.723092580000014,40.90111199176472,0.4820235679143287,-0.022750424221158028,0.7246255278587341,0.1759835994944853,0.12952902672234842,-0.2382345348596573,0.2731253504753113,0.08616493374693628,0.0792597340631161,257.0,0.11208084470446902,108.34872686256654,16447.6823320691,0.06620322850044046,0.9138350662530638,0.1759835994944853,0.2777296468521065,1.0,0.5666377881112639,2828.2409612085303
1284,80.18919037970832,13.082500898311165,39.658608500000014,43.16891504,41.565126440000014,0.6781136159956405,-0.021658912301063538,0.6546411514282227,0.16158304067758414,0.10007640867587933,-0.21619325876235962,0.31327903270721436,0.103013916015625,0.07050995438292583,338.0,0.1902664118978405,139.85273643684786,15145.309689521466,0.06096107511332205,0.896986083984375,0.16158304067758414,0.4714688180976715,0.9989689391630291,0.6824688665238146,2499.8815273417918
1285,80.19380101261518,13.082500898311165,38.40077714000006,42.87838334000003,40.0896220047059,1.0367994970635146,-0.04090576991438866,0.815767228603363,0.2697714173560049,0.1922653629423035,-0.30366766452789307,0.39359697699546814,0.02191771114573759,0.11032877251826799,115.0,0.17573613973010355,379.65470159952025,10115.095030437693,0.0407140613542902,0.9780822888542624,0.2697714173560049,0.43546367048791523,0.6671811906943474,0.5281506785704881,2236.0091085825206
1286,80.19841164552204,13.082500898311165,37.86756602000003,41.99995220000005,39.51120786588237,0.8622473868221199,-0.11142295598983765,0.8146870136260986,0.29373030120251226,0.2011010727258313,-0.3507995307445526,0.44872018694877625,0.00733275619207644,0.11246461929002204,360.0,0.3500686581358826,241.58850682848444,11492.781366782825,0.046259358344198545,0.9926672438079236,0.29373030120251226,0.8674492510689725,0.7580519543915923,0.8236903323980205,2061.5368498805838
1287,80.2030222784289,13.082500898311165,37.79578760000004,40.15763942000001,38.994057891764726,0.5231456270286495,-0.01699667051434517,0.806192934513092,0.2933009221003606,0.17873775585269538,-0.32760584354400635,0.30246397852897644,-0.00438618146456205,0.09104220644689733,470.0,0.3400912109101079,179.7724309041962,10042.484120023328,0.04042179666941028,1.004386181464562,0.2933009221003606,0.8427257320608271,0.6623918502559354,0.7705921793388704,1999.9999999998536
1288,80.20763291133576,13.082500898311165,38.05555712,41.494085240000004,39.834772541176484,0.7291527816388669,-0.027890466153621674,0.8127859234809875,0.2927183622472426,0.1787433643189245,-0.2998720705509186,0.2553657591342926,-0.006168105555515663,0.09033929947666036,377.0,0.327784592190712,216.00943731980087,10162.802683092686,0.0409060884476017,1.0061681055555156,0.2927183622472426,0.8122306650411808,0.6703279380464792,0.7554695742433002,1802.702619309201
1289,80.21224354424263,13.082500898311165,38.71865300000002,41.15911928000003,40.1509453047059,0.4615557945786263,-0.040764689445495605,0.7298197150230408,0.24493068321078432,0.15053485768239286,-0.25679346919059753,0.2783878743648529,0.023333677404067096,0.08535065327925233,338.0,0.3307927486249568,243.14470760875065,8377.431643172502,0.03371982812669022,0.9766663225959329,0.24493068321078432,0.8196846972298353,0.5525667135932463,0.7128375037751997,1581.1180169158204
1290,80.21685417714949,13.082500898311165,38.67763676000004,43.39792238000001,40.6017691329412,0.9185788874192401,-0.02755664475262165,0.7792068719863892,0.2583242328350361,0.16475245612491657,-0.38872116804122925,0.36269429326057434,0.023260603684645432,0.09727996961055914,290.0,0.2621094825349376,224.54856068188454,8892.956745129459,0.03579485763136547,0.9767393963153546,0.2583242328350361,0.6494916612465002,0.5865702153222443,0.6243230828767978,1499.9999999998902
1291,80.22146481005635,13.082500898311165,39.57999404000003,42.89205542000002,40.79502327411766,0.6951296466836617,-0.03522387892007828,0.7800849676132202,0.29264837526807597,0.17633993938997833,-0.3075818121433258,0.26165905594825745,0.006507750118480009,0.09830147902433173,341.0,0.24984262084892317,182.0277867188835,11075.687900857316,0.04458052399701101,0.99349224988152,0.29264837526807597,0.6190951097838168,0.7305409014168411,0.6636734264370265,1580.9515017056274
1292,80.22607544296321,13.082500898311165,36.281604740000034,42.03755042,39.580478949411784,1.024815722617677,-0.1800590306520462,0.8733759522438049,0.33936633540134803,0.22543038568589743,-0.4043441414833069,0.5272314548492432,-0.02816747927198223,0.12641527111972847,262.0,0.2001720107533446,189.81372013206686,9124.147189300067,0.03672541754208936,1.0281674792719822,0.33936633540134803,0.49601430113049244,0.6018192975458669,0.5383362996966422,1117.9162462655904
1293,80.23068607587007,13.082500898311165,35.42026370000002,42.13667300000003,39.87225709000002,1.7215667411420776,0.001758499420247972,0.8535100817680359,0.353173335148738,0.2384562240693244,-0.3756523132324219,0.2695944607257843,-0.01471201676588792,0.1483163643506492,359.0,0.176747908536545,122.3165929050655,11036.617129473758,0.04442326103719868,1.0147120167658878,0.353173335148738,0.4379707732319202,0.7279638338070373,0.5539679974619671,707.0602403021326
1294,80.23529670877693,13.082500898311165,39.22110194000004,41.87690348000001,40.60353136470591,0.6151159734344182,-0.010182042606174946,0.7187060713768005,0.25120856789981616,0.15714885697728853,-0.22973427176475525,0.2970651388168335,0.034740462957644,0.08713005878486733,361.0,0.30925680111958487,212.8323292206454,7567.114673635822,0.030458237927600287,0.965259537042356,0.25120856789981616,0.7663199040659062,0.49911904563278786,0.6594395606926589,499.9999999999634
1295,80.23990734168379,13.082500898311165,37.51892798000006,41.70600248000005,39.58519794588238,0.9423058259279699,0.005927552003413439,0.8185648918151855,0.3347552370557598,0.19609288988388315,-0.34378573298454285,0.2513582408428192,-0.02070400462431066,0.10222218202056377,212.0,0.23958507477862073,280.7691836641361,7145.081240228764,0.028759519818715332,1.0207040046243108,0.3347552370557598,0.593677522548585,0.47128215751991753,0.544719376537118,499.9999999999634
1296,80.24451797459065,13.082500898311165,38.506735760000026,40.882259660000045,39.93607130000002,0.5445012172564646,0.0,0.7850760817527771,0.2948780940129207,0.1704690905632712,-0.3106066584587097,0.28009578585624695,0.006564810826228215,0.09288566074523018,210.0,0.2550409121080984,301.7283366940654,6183.369235698704,0.0248885525722613,0.9934351891737718,0.2948780940129207,0.631976165413366,0.40784862987073156,0.5423251511963122,707.0602403021326
1297,80.24912860749751,13.082500898311165,38.11366346,43.05612038000004,40.32243765764708,1.1785911631117894,-0.02165963500738144,0.7741251587867737,0.23611495672487745,0.1615856648436866,-0.25377586483955383,0.3726745843887329,0.04305255366306679,0.0981962839647334,281.0,0.2638825786136703,233.3081660677043,6515.608684776265,0.026225842758201758,0.9569474463369332,0.23611495672487745,0.6538852875532946,0.4297627997884817,0.5642362924473694,1117.9162462655904
1298,80.25373924040437,13.082500898311165,37.53260006000005,43.028776220000054,40.77697518235296,1.2560423017187359,-0.012918994762003422,0.8010939955711365,0.24650280522365195,0.17707528585261084,-0.3349739611148834,0.30149680376052856,0.05237875545726103,0.10723883604341322,198.0,0.20649435308895356,259.1006663815911,6564.863860771509,0.026424098755941004,0.947621244542739,0.24650280522365195,0.5116806882707455,0.4330116201771661,0.48021306103331374,1580.9515017056274
1299,80.25834987331123,13.082500898311165,38.52040784000002,43.16549702000003,41.0108789247059,0.8085297201429165,-0.025314150378108025,0.8125694394111633,0.29281099759615387,0.19365869691170667,-0.38014882802963257,0.34149327874183655,0.01321751227745643,0.10635771386282687,176.0,0.23185265141579411,327.2841244020814,5545.5507366511665,0.022321282425517158,0.9867824877225436,0.29281099759615387,0.5745170387430665,0.3657787823447411,0.49102173618373635,2061.297391124896
1300,80.26296050621809,13.082500898311165,39.24161006000003,42.375934400000006,40.58441883764708,0.6828139827648615,-0.011472275480628014,0.8463693857192993,0.3278424191942402,0.20846395926856495,-0.3317354917526245,0.29100683331489563,-0.006881562775256587,0.10438938329113708,123.0,0.19686892728837052,397.6469026233262,3429.6793459851015,0.01380473192765813,1.0068815627752565,0.3278424191942402,0.4878294573539385,0.22621809709830643,0.3831849132516857,2061.297391124896
1301,80.26757113912495,13.082500898311165,39.54581384000005,44.42674640000001,42.79937858705884,1.2730654523162646,-0.029467517510056496,0.8534347414970398,0.20449762082567402,0.1924517404306087,-0.3407394587993622,0.3641436994075775,0.09311246385761336,0.12318744012933146,211.0,0.1789067711693215,210.65407417064807,11943.754357075235,0.04807456046940274,0.9068875361423866,0.20449762082567402,0.4433203060462398,0.7877976657001752,0.5811112499078139,1580.9515017056274
1302,80.27218177203181,13.082500898311165,40.85833352000003,44.12254261999999,42.68234984000002,0.8731011767561926,-0.009296149015426636,0.8149121403694153,0.21058218149038463,0.17530219012552697,-0.4367825984954834,0.2974555194377899,0.048535344050480766,0.10519224846473277,77.0,0.17116747641552585,552.2758631662618,4954.471252149351,0.019942140526716053,0.9514646559495192,0.21058218149038463,0.42414279534382165,0.3267917918045387,0.3852023939281085,1117.9162462655904
1303,80.27679240493867,13.082500898311165,41.19671749999998,44.82665473999998,42.63662643058825,0.8045595452162811,-0.020444445312023163,0.7038015723228455,0.17155417049632352,0.13747519294578173,-0.32211488485336304,0.4160403609275818,0.10411913105085785,0.10174376704325787,143.0,0.2543652215152719,441.9236404267731,4693.758686847314,0.018892751732285495,0.8958808689491422,0.17155417049632352,0.630301844433525,0.30959546105096947,0.5020192910805028,707.0602403021326
1304,80.28140303784554,13.082500898311165,36.55504633999999,43.38425030000002,41.18526890705884,1.4693117549542716,0.025513820350170135,0.876761794090271,0.3857882391237745,0.2020837593829847,-0.32121211290359497,0.32941943407058716,0.0027062533883487477,0.1167668448426541,81.0,0.15594220036492643,478.30418357008807,2098.931062441259,0.008448364330489256,0.9972937466116513,0.3857882391237745,0.3864154695736741,0.13844331874401733,0.2872266092418114,499.9341790837531
1305,80.2860136707524,13.082500898311165,37.12585568000003,43.56198734000003,40.03558417294119,1.489254088104458,-0.0219015721231699,0.8976492881774902,0.4958381204044118,0.23177187550158046,-0.39504992961883545,0.43927860260009766,-0.05799166810278799,0.13369769602095316,78.0,0.2249859345577637,716.6156790717744,321.82050107104493,0.0012953530922099475,1.0579916681027879,0.4958381204044118,0.5575017240116086,0.02122694689949348,0.3429918131667625,0.0
1306,80.29062430365926,13.082500898311165,39.65519047999999,45.69483181999999,43.095327080000025,1.2627968939097014,-0.02430468611419201,0.799339771270752,0.21538731501652644,0.18306406764013047,-0.3193754553794861,0.257033109664917,0.05356702364408053,0.09230280971389923,28.0,0.061462204790401626,545.3504106754164,2669.2874083059182,0.01074409394938713,0.9464329763559195,0.21538731501652644,0.15229967686449333,0.17606343252535017,0.16180517912883607,499.9341790837531
1307,80.29523493656612,13.082500898311165,31.038362060000054,45.60938132000001,40.86714467882355,4.096814715509521,-0.3338013291358948,0.4846353232860565,0.04188054701861213,0.1323938023129691,-0.40305206179618835,0.434047132730484,0.09261474609375,0.09493217539817975,7.0,0.0687900366276086,2441.479270271921,0.0,0.0,0.90738525390625,0.04188054701861213,0.17045760700594922,0.0,0.10227456420356953,999.8683581675062
1308,80.29984556947298,13.082500898311165,30.28981568000006,40.26701606000006,31.08226410235296,1.2691475773138485,-0.28396376967430115,0.06674371659755707,-0.1391604674096201,0.04412730742614329,-0.3115505874156952,0.1944306343793869,-0.011488344529095819,0.04002028609101847,0.0,0.0,0.0,0.0,0.0,1.0114883445290959,0.0,0.0,0.0,0.0,1499.8025372512593
1309,80.30445620237984,13.082500898311165,30.23170934000001,30.67605193999998,30.446488728235316,0.07717492561012594,-0.19898605346679688,0.0066385031677782536,-0.09073107205904447,0.030034581158791675,-0.1554977297782898,0.04651162773370743,-0.04554574232835036,0.02574013799702734,0.0,0.0,0.0,0.0,0.0,1.0455457423283503,0.0,0.0,0.0,0.0,1999.7367163350125
1310,80.3090668352867,13.082500898311165,29.98561189999998,30.395774300000028,30.158476191764727,0.09403089562002713,-0.150478795170784,0.020151132717728615,-0.06380106608072916,0.02323896587969965,-0.1258106380701065,0.056410256773233414,-0.040573859121285236,0.0248068931178353,0.0,0.0,0.0,0.0,0.0,1.0405738591212852,0.0,0.0,0.0,0.0,2499.6708954187657
1311,80.31367746819356,13.082500898311165,29.84889110000006,30.272725580000042,30.094444495294134,0.08637643329035226,-0.14155250787734985,0.036201778799295425,-0.06171289780560662,0.024202665298778212,-0.12427559494972229,0.046043165028095245,-0.04011104508942249,0.026015597479909995,0.0,0.0,0.0,0.0,0.0,1.0401110450894224,0.0,0.0,0.0,0.0,2999.6050745025186
1312,80.31828810110042,13.082500898311165,29.91725150000002,30.13258675999998,30.038725250000017,0.04345337458414958,-0.14493712782859802,0.0628342255949974,-0.059027968186598556,0.024813665348880975,-0.11925287544727325,0.06185567006468773,-0.035562462439903846,0.0264368209188736,0.0,0.0,0.0,0.0,0.0,1.0355624624399038,0.0,0.0,0.0,0.0,3499.539253586272
1313,80.32289873400728,13.082500898311165,29.336188100000015,30.08815249999998,29.84954158823531,0.2053485668815481,-0.16959063708782196,0.0381966196000576,-0.06286194446040134,0.026376197955970255,-0.1698630154132843,0.0758226066827774,-0.035282018324908085,0.03290127464445696,0.0,0.0,0.0,0.0,0.0,1.035282018324908,0.0,0.0,0.0,0.0,3999.473432670025
1314,80.32750936691414,13.082500898311165,29.531015239999988,30.071062400000017,29.761713849411787,0.09316961646603394,-0.16927453875541687,0.047146402299404144,-0.05957024667777267,0.030421387750232672,-0.13913042843341827,0.11849711090326309,-0.003200353734633502,0.03975574540941576,0.0,0.0,0.0,0.0,0.0,1.0032003537346335,0.0,0.0,0.0,0.0,4499.407611753778
1315,80.332119999821,13.082500898311165,29.25073759999998,30.14967686,29.701372195294134,0.12119477165050531,-0.14630872011184692,0.06001348793506622,-0.04819645221416767,0.03210815604454435,-0.13074712455272675,0.14985591173171997,0.012827843886155349,0.04307432700072514,0.0,0.0,0.0,0.0,0.0,0.9871721561138447,0.0,0.0,0.0,0.0,4999.341790837531
1316,80.33673063272786,13.082500898311165,29.206303339999977,30.098406560000058,29.761039707058842,0.17405020031054155,-0.1448170691728592,0.06172839552164078,-0.045842342002719055,0.030643076183492417,-0.12301012873649597,0.1695040762424469,0.03322817334941789,0.034061164671339614,0.0,0.0,0.0,0.0,0.0,0.9667718266505821,0.0,0.0,0.0,0.0,5499.275969921285
1317,80.34134126563472,13.082500898311165,29.062746500000003,29.71900634000002,29.314757469411784,0.17548345272692895,-0.17262639105319977,0.056910570710897446,-0.05122017056334253,0.032980712614994315,-0.09946949779987335,0.15811088681221008,0.01743364221909467,0.039698401748600856,0.0,0.0,0.0,0.0,0.0,0.9825663577809053,0.0,0.0,0.0,0.0,5999.210149005037
1318,80.34595189854159,13.082500898311165,29.052492440000037,29.363532260000056,29.15916068352943,0.05236505055821827,-0.1709633618593216,0.06986591219902039,-0.05412405160757212,0.032796888647043845,-0.14305555820465088,0.11279334127902985,-0.007410312799307016,0.035696002284317276,0.0,0.0,0.0,0.0,0.0,1.007410312799307,0.0,0.0,0.0,0.0,6499.144328088791
1319,80.35056253144845,13.082500898311165,0.0,29.206303339999977,11.98869226352942,14.329250281251895,-0.14754098653793335,0.04842931777238846,-0.024723432952282475,0.03702055513220588,-0.14671163260936737,0.11163895577192307,-0.00740327423694087,0.026561638017569746,0.0,0.0,0.0,0.0,0.0,1.0074032742369408,0.0,0.0,0.0,0.0,6999.078507172544
1320,80.15230531645344,13.08699245418612,36.33629306,43.38425030000002,40.24266414588237,1.5827120805431378,0.010068465955555439,0.8162750005722046,0.4642673866421569,0.16453704662192517,-0.2999408543109894,0.3431348204612732,-0.0018617390651328892,0.1024778061201877,0.0,0.0,0.0,41.149363533315864,0.00016562945840291516,1.001861739065133,0.4642673866421569,0.0,0.002714169394934915,0.001085667757973966,0.0
1321,80.1569159493603,13.08699245418612,39.91154198000004,47.23294082000001,44.37605562588237,1.4789462015908754,-0.0397351011633873,0.7171420454978943,0.21725138346354167,0.1521978102879463,-0.2240590900182724,0.2946133017539978,0.07971638399011949,0.07601751033908033,115.0,0.13015768641195946,281.1884776319098,5540.872369208414,0.02230245162476551,0.9202836160098805,0.21725138346354167,0.3225229822062481,0.36547020207420794,0.339701870153432,499.9250701193136
1322,80.16152658226716,13.08699245418612,41.83930526000006,47.46194816000002,44.25469817529414,1.3628119471608835,-0.02171136625111103,0.748577356338501,0.2078997802734375,0.14174739406735665,-0.24991723895072937,0.24910007417201996,0.07813524099496695,0.07708111863388833,86.0,0.09630587589939853,278.21457298883456,6083.786010522581,0.024487722176948314,0.9218647590050331,0.2078997802734375,0.2386402152290012,0.4012802234893519,0.3036962185331415,999.8501402386272
1323,80.16613721517402,13.08699245418612,39.45010927999999,45.31884962000004,41.7455521647059,1.1713874108817897,-0.029496818780899048,0.7752553820610046,0.37495986040900736,0.21224505956909598,-0.37535014748573303,0.23718887567520142,0.0023911427516563268,0.10322271461773747,82.0,0.11415504397007407,345.86514194064273,5042.353386802017,0.02029587310277469,0.9976088572483437,0.37495986040900736,0.28286938889327634,0.3325884063753254,0.30275699588609595,1499.7752103579408
1324,80.17074784808088,13.08699245418612,40.769465000000025,47.63284915999998,43.66035298823531,1.7984266389153625,-0.06493506580591202,0.7714735865592957,0.23131002987132354,0.18494598801232498,-0.421286404132843,0.3603718876838684,0.053446026970358454,0.1031990047631614,108.0,0.16960909305842128,390.16734369302276,7050.938082083553,0.028380586125529367,0.9465539730296415,0.23131002987132354,0.42028121435226085,0.46507257232491517,0.43819775754132256,1999.7002804772544
1325,80.17535848098774,13.08699245418612,37.474493720000055,45.53076686000003,41.863822752941196,1.5414621186250648,-0.058551616966724396,0.7448145747184753,0.22014230581430289,0.1509070401940126,-0.3679415285587311,0.385820597410202,0.052452468872070314,0.09627470291292364,240.0,0.20540521749859172,212.63060247028594,8822.931315452057,0.03551299971192259,0.9475475311279297,0.22014230581430289,0.5089818752516,0.5819514105151252,0.53816968935701,2499.625350596568
1326,80.1799691138946,13.08699245418612,38.95449638000002,42.604941740000015,41.21577089176473,0.7526493223377547,-0.06491712480783463,0.794848620891571,0.28127297794117645,0.1750520976006373,-0.32419443130493164,0.30015236139297485,0.020824514650831037,0.09966967821460143,236.0,0.20634943376322137,217.22850785172986,11412.80847921488,0.045937461116211734,0.979175485349169,0.28127297794117645,0.5113215868269282,0.7527770255658828,0.6079037623225101,2999.5504207158815
1327,80.18457974680146,13.08699245418612,39.50137958000005,43.097136620000015,41.28195511294119,0.7082399182728217,-0.022816680371761322,0.6920524835586548,0.24575611787683824,0.15075255747444302,-0.2801719009876251,0.28017622232437134,0.02825778736787684,0.08829832663886358,293.0,0.27463300575801763,232.86844882884228,11116.55295581455,0.04474500909080091,0.9717422126321231,0.24575611787683824,0.6805242046865613,0.7332363181125929,0.7016090500569739,3201.3748939697607
1328,80.18919037970832,13.08699245418612,39.58341206,43.44919268000001,41.72974990000002,0.8129334769438099,0.006329114083200693,0.7354611754417419,0.21377953162560095,0.14379079151531166,-0.2402190864086151,0.30772626399993896,0.058633317213792065,0.09060425745853692,245.0,0.17415970593015243,176.60668508350554,13801.546977350428,0.055552323406658985,0.9413666827862079,0.21377953162560095,0.4315573615758029,0.9103357425772187,0.6230687139763692,2915.3603004780202
1329,80.19380101261518,13.08699245418612,38.43495733999998,42.09223874000003,40.261303590588255,0.8081001802051975,-0.002222927985712886,0.7807407379150391,0.2773418112362132,0.17818322595249086,-0.3325006663799286,0.27446162700653076,0.024501526776482076,0.1002551056309909,214.0,0.18845405465401696,218.78485380483443,12806.19394231972,0.0515459483389533,0.9754984732235179,0.2773418112362132,0.46697790496595687,0.84468328740258,0.6180600579406061,2692.234553924466
1330,80.19841164552204,13.08699245418612,37.90174622000001,40.656670340000005,39.19566193647061,0.6545641409555989,-0.01775594986975193,0.7650864720344543,0.24585880055147058,0.17176424240737603,-0.32144805788993835,0.3115423917770386,0.02583992453182445,0.09647518762091171,355.0,0.27389209360792255,191.67994813648417,11357.52172122979,0.045714927521627466,0.9741600754681755,0.24585880055147058,0.6786882685786838,0.7491303682768383,0.7068651084579456,2235.799904226821
1331,80.2030222784289,13.08699245418612,36.428579600000035,40.09269704000002,38.5449253329412,0.8739341446042546,-0.029278598725795746,0.7702439427375793,0.3129198983999399,0.18692745450455203,-0.32230275869369507,0.2653689682483673,-0.009792894216684195,0.10600103842099114,344.0,0.2549161334808644,184.1045070251689,7730.408379146754,0.03111550806939685,1.0097928942166843,0.3129198983999399,0.631666971418908,0.5098897293038598,0.5829560745728888,1802.5886057567488
1332,80.20763291133576,13.08699245418612,36.53112020000003,42.11958290000001,38.82411488352943,1.3215650689580207,-0.006036217324435711,0.7813683152198792,0.35411673751531864,0.21380219725388652,-0.32610535621643066,0.2944658100605011,-0.03160821652879902,0.11488709791737649,317.0,0.21162797762188068,165.85912122394444,6368.418168427694,0.02563338923252034,1.031608216528799,0.35411673751531864,0.5244015036104278,0.4200542657944015,0.4826626084840173,1414.1075994898888
1333,80.21224354424263,13.08699245418612,35.382665480000014,41.41205276000005,39.027575776470606,1.505656092581928,-0.04588865488767624,0.7754918336868286,0.3145323988970588,0.20895181771567314,-0.42672470211982727,0.3627890944480896,-0.020433912090226717,0.11616543899939896,300.0,0.29789135539239725,246.6960445859551,9252.85381672642,0.0372434719459256,1.0204339120902268,0.3145323988970588,0.7381570075740783,0.6103086533727942,0.6870176658935647,1118.0004810972373
1334,80.21685417714949,13.08699245418612,36.10386770000002,43.671363980000024,40.68617885176473,1.6451208021661428,-0.01739378459751606,0.7739214301109314,0.3021456204927885,0.18822594752328853,-0.446987509727478,0.3364682197570801,0.017670816274789662,0.11392866704315696,220.0,0.2837831675925528,320.4715579776227,8736.498231494297,0.035165099680068465,0.9823291837252104,0.3021456204927885,0.7031977598479789,0.5762503738272052,0.6524188054396695,999.9999999999268
1335,80.22146481005635,13.08699245418612,38.35292486000003,43.09371859999999,39.93750237411766,0.9383989019806152,-0.005972474813461304,0.7962478995323181,0.3051581648284314,0.17531177103471332,-0.2924092411994934,0.25647470355033875,-0.021777735691444547,0.088222405514153,332.0,0.30375058595672166,227.30269304606318,8777.389847136617,0.035329691682726636,1.0217777356914446,0.3051581648284314,0.752675831372611,0.5789475424382329,0.6831845157988596,1118.0004810972373
1336,80.22607544296321,13.08699245418612,37.42322342,42.07173062000004,40.27986024588237,0.8967861814927945,-0.027100270614027977,0.8013738393783569,0.2801565611596201,0.18044920627509936,-0.2808593511581421,0.27512067556381226,0.02040007198558134,0.09746948700370688,411.0,0.26257410157410904,158.72144433161455,9485.041121647853,0.038178044300393094,0.9795999280144186,0.2801565611596201,0.6506429595081263,0.6256234874989636,0.6406351707044613,999.8501402386272
1337,80.23068607587007,13.08699245418612,36.10728572000005,42.71431838000001,40.06592255000002,1.2502715097660653,-0.0044737462885677814,0.8522554039955139,0.3205314753605769,0.1960193552902823,-0.35455670952796936,0.31977543234825134,0.0029377966660719653,0.11673156777708037,331.0,0.2203344253430581,165.37882574475054,8469.465539549341,0.03409027187363334,0.997062203333928,0.3205314753605769,0.5459755616692757,0.5586371740668424,0.5510402066283024,499.9250701193136
1338,80.23529670877693,13.08699245418612,35.72788550000001,43.127898800000025,39.087692716470606,1.6206255276305095,0.01131418626755476,0.8657277226448059,0.4006615253523284,0.2167929059819285,-0.3473418056964874,0.3272268772125244,-0.025388886694814646,0.12009252554585433,237.0,0.15780819875659374,165.4271383996736,8010.712241038633,0.032243753389541566,1.0253888866948146,0.4006615253523284,0.3910393022697147,0.5283782816872529,0.44597489403672996,0.0
1339,80.23990734168379,13.08699245418612,35.215182500000026,42.143509040000026,39.02506844000002,1.9381241456190235,0.03447062894701958,0.8744005560874939,0.4657579848345588,0.2520319083695853,-0.41837558150291443,0.28214216232299805,-0.05389452765969669,0.1517413208641796,155.0,0.11001666834841052,176.3406069866019,5993.141331655172,0.024122870140883167,1.0538945276596967,0.4657579848345588,0.27261474098286353,0.3953013943636854,0.3216894023351923,0.0
1340,80.24451797459065,13.08699245418612,38.869045880000044,41.70600248000005,40.40753334588237,0.7075559492782909,-0.0005194804980419576,0.8340314626693726,0.2772401780348558,0.1862625915379308,-0.42357611656188965,0.43347638845443726,0.03151309380164513,0.11354061801565221,264.0,0.22150198545476366,208.44872212359638,6304.232866361223,0.025375038290832267,0.9684869061983549,0.2772401780348558,0.5488687059737963,0.4158206697551233,0.4956494914863271,499.9250701193136
1341,80.24912860749751,13.08699245418612,37.13610974000005,42.82369502000006,40.30075865882355,1.489755291270094,-0.018817652016878128,0.8381010293960571,0.2728520412071078,0.1970305659680428,-0.4776454269886017,0.4287088215351105,0.025248571657666974,0.1232069001140723,120.0,0.17968435637285607,372.009955884474,4335.100916019662,0.017449125701810318,0.9747514283423331,0.2728520412071078,0.4452471157927626,0.2859387659954591,0.38152377587384123,999.8501402386272
1342,80.25373924040437,13.08699245418612,38.43837536000001,43.442356640000014,41.04729443882354,1.6094065786713612,-0.024362390860915184,0.6979427933692932,0.1403531302657782,0.10811541355770478,-0.253141313791275,0.36073628067970276,0.12060616287530637,0.07996817638734437,273.0,0.21310910537394281,193.93888722626178,12062.969989743895,0.04855441286508036,0.8793938371246937,0.1403531302657782,0.528071649821475,0.7956610053439367,0.6351073920304597,1499.7752103579408
1343,80.25834987331123,13.08699245418612,37.81287770000006,42.509237180000014,39.7180631247059,1.1775183056814482,-0.05735189840197563,0.7964601516723633,0.22319260817307693,0.18550910569306245,-0.2870471477508545,0.33382993936538696,0.07065298814039964,0.10760475110130648,205.0,0.2305775997225222,279.44014204845513,8074.595270399394,0.03250088765956725,0.9293470118596003,0.22319260817307693,0.5713575367119716,0.5325919401319656,0.5558512980799692,1999.7002804772544
1344,80.26296050621809,13.08699245418612,38.94082430000003,42.31782806000001,40.86548889058825,0.8484924119113906,-0.00045871559996157885,0.8415768146514893,0.34483685661764707,0.2072068831151873,-0.35597968101501465,0.31226134300231934,-0.003802622626809513,0.11174683652701914,99.0,0.16304183307941117,409.15644391257155,4293.946256778942,0.017283474927764247,1.0038026226268095,0.34483685661764707,0.4040079359025337,0.28322424730114926,0.35569446046197994,2061.5346409248655
1345,80.26757113912495,13.08699245418612,41.31976622000002,44.242173320000006,42.922711156470605,0.6120596885012031,-0.01050262525677681,0.7298343181610107,0.20028966567095588,0.14329675111607734,-0.22737742960453033,0.33534902334213257,0.09211661544500613,0.09216482552158096,142.0,0.18574991739172264,324.9868777060212,6736.092624897272,0.02711330813926935,0.9078833845549938,0.20028966567095588,0.4602772141487447,0.4443056920951048,0.4538886053272887,1802.5886057567488
1346,80.27218177203181,13.08699245418612,38.37343298000002,44.69335196000003,41.48679123000002,1.2876547922335142,-0.19401267170906067,0.8417132496833801,0.36332122802734373,0.2445772936044925,-0.4313768148422241,0.5183727145195007,-0.028127086345966047,0.13804851799373313,26.0,0.17267582173351034,1649.9991632019044,952.9474851941914,0.0038356893596019933,1.028127086345966,0.36332122802734373,0.4278803850595258,0.06285542903233933,0.2818704026486512,1414.1075994898888
1347,80.27679240493867,13.08699245418612,42.46480292000001,44.22508321999999,43.25570199764708,0.34252993823681877,-0.011460475623607635,0.7288658618927002,0.10349055271522671,0.07491655092982845,-0.2501462399959564,0.4217802584171295,0.14046427408854167,0.08010645373464448,400.0,0.35777310351979247,222.21493146715912,8536.918325895964,0.034361774699219284,0.8595357259114583,0.10349055271522671,0.8865404071117973,0.563086289984683,0.7571587602609515,1117.8999521134106
1348,80.28140303784554,13.08699245418612,39.95597624000004,44.67626186000001,42.73745210705884,1.4656914827300758,-0.023780593648552895,0.8272119164466858,0.275452330346201,0.22697076877124114,-0.33307498693466187,0.5169034600257874,0.07562022489659927,0.13711013105343123,593.0,0.35831897565599985,150.12072565883807,6083.843310436825,0.024487952813656826,0.9243797751034007,0.275452330346201,0.8878930457006216,0.40128400293234245,0.69324942859331,707.0537997449444
1349,80.2860136707524,13.08699245418612,40.458425180000006,45.13085852000006,42.55574117529413,1.2694492618875695,-0.017927682027220726,0.808812141418457,0.24753149892769608,0.19868448339843064,-0.28328239917755127,0.35623374581336975,0.03922547284294577,0.1209470092761692,170.0,0.250106563244689,365.5120572171479,4406.180287868515,0.017735225822251142,0.9607745271570542,0.24753149892769608,0.6197491432947047,0.2906270877365028,0.48810032107142387,499.9999999999634
1350,80.29062430365926,13.08699245418612,39.74405899999999,45.10693237999999,42.653385372941194,1.1351422280242203,-0.16085489094257355,0.8545047640800476,0.22022787240835337,0.19266316036215736,-0.3315921723842621,0.5539215803146362,0.048463340172400844,0.11064225400945252,24.0,0.10409579557913187,1077.5749515109708,2961.8688892081454,0.011921757661763236,0.9515366598275992,0.22022787240835337,0.25794317147779855,0.1953618039411466,0.23291062446313776,707.0537997449444
1351,80.29523493656612,13.08699245418612,33.793286179999996,44.53954106000003,39.82760534352943,3.119321492424749,-0.23717059195041656,0.645875871181488,-0.001657415651807598,0.11037317015928068,-0.2682012915611267,0.6718885898590088,0.1063418638939951,0.10963878961958927,6.0,0.07268560022759478,3009.6962785112883,0.0,0.0,0.8936581361060049,0.0,0.18011058121190596,0.0,0.10806634872714357,1117.8999521134106
1352,80.29984556947298,13.08699245418612,30.37526618000004,43.914043400000025,37.37700327411766,4.978442044183701,-0.3030960261821747,0.48821547627449036,-0.032966868082682295,0.12631806447228744,-0.4817679524421692,0.3045203387737274,0.0021110100839652267,0.08599963585039223,0.0,0.0,0.0,0.0,0.0,0.9978889899160348,0.0,0.0,0.0,0.0,1580.9255775033082
1353,80.30445620237984,13.08699245418612,30.13258675999998,36.691767140000024,30.63546147411767,0.6975988583589545,-0.2246963530778885,0.02416028268635273,-0.10580189631535457,0.02696783091034542,-0.13226032257080078,0.13444767892360687,-0.04870116013746995,0.026514005004341576,0.0,0.0,0.0,0.0,0.0,1.04870116013747,0.0,0.0,0.0,0.0,2061.2620434434757
1354,80.3090668352867,13.08699245418612,29.941177639999978,30.371848160000013,30.143171977647075,0.0869163769535612,-0.14358001947402954,0.020512821152806282,-0.06541308833103554,0.023336465232737486,-0.1318681389093399,0.03785271942615509,-0.043325341916551775,0.025439425576684823,0.0,0.0,0.0,0.0,0.0,1.0433253419165518,0.0,0.0,0.0,0.0,2549.142383890115
1355,80.31367746819356,13.08699245418612,29.859145160000025,30.21120122000002,30.039803483529433,0.06659545978164624,-0.14864864945411682,0.03994490206241608,-0.061246631098728556,0.023468630737371446,-0.13060951232910156,0.06929248571395874,-0.03687711229511336,0.026718225538854393,0.0,0.0,0.0,0.0,0.0,1.0368771122951133,0.0,0.0,0.0,0.0,3040.937803773169
1356,80.31828810110042,13.08699245418612,29.72242435999999,30.173603000000014,29.966243120000026,0.10918133970073912,-0.14835505187511444,0.041486069560050964,-0.05896976764385517,0.026234765487609564,-0.13347309827804565,0.10354041308164597,-0.027990848834698018,0.03546559552991789,0.0,0.0,0.0,0.0,0.0,1.027990848834698,0.0,0.0,0.0,0.0,3535.0146691288555
1357,80.32289873400728,13.08699245418612,29.626719800000046,30.27956161999998,29.865307057647076,0.11112485574697943,-0.16508539021015167,0.04370860755443573,-0.05614893296185662,0.028738546919331014,-0.13767629861831665,0.1111111119389534,-0.00909490099140242,0.04179368092204633,0.0,0.0,0.0,0.0,0.0,1.0090949009914023,0.0,0.0,0.0,0.0,4030.53406473177
1358,80.32750936691414,13.08699245418612,29.27466374000005,30.303487760000053,29.739514460000013,0.20206399960775634,-0.1437578797340393,0.042756859213113785,-0.05882607852711397,0.028832002369149016,-0.13858164846897125,0.10189228504896164,-0.027439608106426164,0.031974549670990386,0.0,0.0,0.0,0.0,0.0,1.027439608106426,0.0,0.0,0.0,0.0,4527.022325374353
1359,80.332119999821,13.08699245418612,29.219975420000026,30.81960878000001,29.72609074823531,0.2342523712077306,-0.15438108146190643,0.09044259041547775,-0.05597698505108173,0.030976412784798228,-0.11316725611686707,0.11259259283542633,-0.013307339594914362,0.036371141964866044,0.0,0.0,0.0,0.0,0.0,1.0133073395949144,0.0,0.0,0.0,0.0,5024.192230934244
1360,80.33673063272786,13.08699245418612,29.185795220000045,30.66921590000004,29.57540219176472,0.2925219130932912,-0.15982404351234436,0.09219858050346375,-0.04775860356349571,0.03268723154520164,-0.1032448410987854,0.14049586653709412,0.019807386211320464,0.0404051764659879,0.0,0.0,0.0,0.0,0.0,0.9801926137886795,0.0,0.0,0.0,0.0,5521.8596653473405
1361,80.34134126563472,13.08699245418612,29.144778980000012,29.496835040000008,29.291836629411783,0.05958192867887335,-0.14435695111751556,0.07888040691614151,-0.047077756395526964,0.031537698843044415,-0.06898774951696396,0.15406976640224457,0.03470104741115196,0.03229524663713275,0.0,0.0,0.0,0.0,0.0,0.965298952588848,0.0,0.0,0.0,0.0,6019.90123720209
1362,80.34595189854159,13.08699245418612,29.021730260000027,29.54126930000001,29.23115199058825,0.1320296812263697,-0.16655607521533966,0.06265060603618622,-0.055308931790865386,0.03175373700602663,-0.07385998964309692,0.13283582031726837,0.027743823711688702,0.034328419012002995,0.0,0.0,0.0,0.0,0.0,0.9722561762883113,0.0,0.0,0.0,0.0,6518.231186373513
1363,80.35056253144845,13.08699245418612,0.0,29.582285540000044,12.061901757647064,14.417232106156165,-0.14747190475463867,0.04697157070040703,-0.022315392587699143,0.03431366276701211,-0.11836734414100647,0.10931768268346786,-8.64726421879787e-05,0.023165011470641733,0.0,0.0,0.0,0.0,0.0,1.000086472642188,0.0,0.0,0.0,0.0,7016.788071747991
1364,80.15230531645344,13.091484010061075,38.000868800000035,45.305177540000045,41.88543596375001,1.6832361179394784,-0.0021660649217665195,0.7650259733200073,0.3170345770143995,0.1853580834615753,-0.2681017518043518,0.2352576106786728,0.039623356239468444,0.09906043542720132,109.0,0.059788712025612985,136.27564319267,3727.1232295308178,0.015001967197094311,0.9603766437605316,0.3170345770143995,0.14815286162768979,0.24583718755584757,0.18722659199895292,499.9999999999634
1365,80.1569159493603,13.091484010061075,39.046782920000055,45.92042114000003,42.44540063000002,1.2039633066887943,-0.007562536280602217,0.7805383205413818,0.2964001704197304,0.18057290075269225,-0.32095834612846375,0.26862746477127075,0.04077793196135876,0.09604180298082186,123.0,0.10328841387327325,208.62773226483432,5237.85872355428,0.02108279762020835,0.9592220680386412,0.2964001704197304,0.2559425277760651,0.3454837358773192,0.2917590110165667,707.0473570742306
1366,80.16152658226716,13.091484010061075,40.64641628000004,46.159682540000006,43.20219047000002,1.4934629526336252,-0.027491409331560135,0.7655571699142456,0.2126739736703726,0.16975299481589345,-0.28221431374549866,0.40182968974113464,0.062044061514047476,0.09244795617726474,78.0,0.3431236776557842,1092.903019703102,6355.274870283798,0.02558048641298003,0.9379559384859525,0.2126739736703726,0.8502400037509463,0.4191873474630454,0.677818941235786,1117.8836525250417
1367,80.16613721517402,13.091484010061075,42.45113084000002,47.53714460000003,44.97041264000001,1.047204671455535,-0.0351337194442749,0.7816764116287231,0.2242165958180147,0.18051019514329725,-0.2856888771057129,0.34691745042800903,0.0620352232689951,0.09290646491607062,33.0,0.22259850272486245,1675.8449670546943,2479.305158867342,0.009979400297316362,0.9379647767310049,0.2242165958180147,0.5515858103549666,0.16353240014159062,0.3963644462696162,1580.8996446046738
1368,80.17074784808088,13.091484010061075,41.94526388000003,46.764672080000025,44.33301474125002,1.072907655941338,-0.013042631559073925,0.7407159209251404,0.25154794730392155,0.1663252567845115,-0.24974535405635834,0.2730785608291626,0.06816841873468137,0.08747388995083778,82.0,0.22083202009988026,669.0733525266444,5213.195300588033,0.02098352538274217,0.9318315812653186,0.25154794730392155,0.547208571792032,0.3438569620455654,0.46586792789344533,2061.2266838780793
1369,80.17535848098774,13.091484010061075,39.935468119999996,45.49316864000002,43.560894076250015,1.2627254962367143,-0.029845505952835083,0.7588853240013123,0.2590197988656851,0.1676205589656026,-0.25078776478767395,0.3289242684841156,0.04732558910663311,0.0870571805145735,110.0,0.152879561036583,345.28863374075985,8645.16504193775,0.0347974763337629,0.9526744108933669,0.2590197988656851,0.3788264320236897,0.5702261312496628,0.45538631171407895,2549.097708727981
1370,80.1799691138946,13.091484010061075,39.785075240000026,44.0507642,42.42001680500002,0.9321185741694703,0.0028598664794117212,0.7980970144271851,0.18867966595818014,0.13446155456437708,-0.3236425817012787,0.2889460623264313,0.0647964298023897,0.08951534173718576,325.0,0.23217721899643043,177.48505295657648,13764.119948105774,0.055401676639585576,0.9352035701976102,0.18867966595818014,0.5753212978453908,0.9078670944962604,0.7083396165057386,3040.88387565932
1371,80.18457974680146,13.091484010061075,39.68253464000003,44.54295908000006,42.45414674000002,1.0358303795499388,-0.0026187803596258163,0.728987991809845,0.21869300991881127,0.14306624741019253,-0.26466208696365356,0.2750615179538727,0.05342786601945466,0.09069673868139551,169.0,0.12554350253856258,184.55808565214878,11385.607824208138,0.04582797631814618,0.9465721339805453,0.21869300991881127,0.3110893098329875,0.7509828985368777,0.4870467453145436,3162.224511413041
1372,80.18919037970832,13.091484010061075,39.17324966000001,43.179169100000024,41.74256817312502,0.9393514280461712,-0.00950628612190485,0.7867494821548462,0.22546187180739183,0.14375109666585398,-0.24079985916614532,0.2539932429790497,0.04727213346041166,0.08426378880563613,33.0,0.039174302082756504,294.92586957969297,13621.621656395519,0.0548281096909692,0.9527278665395883,0.22546187180739183,0.09707158356817673,0.8984680547789791,0.4176301720524977,3040.88387565932
1373,80.19380101261518,13.091484010061075,37.94618048000001,42.25630369999999,39.88551727625002,0.9549126708825799,0.021586930379271507,0.7864401936531067,0.3232740693933824,0.17972590183983136,-0.27131208777427673,0.275898814201355,-0.013902936449237898,0.08985204186707044,42.0,0.16365550337360052,968.0702287250509,9435.072069483902,0.03797691489434234,1.0139029364492378,0.3232740693933824,0.4055285742822518,0.6223275805776451,0.4922481768004091,2549.097708727981
1374,80.19841164552204,13.091484010061075,38.17176979999999,40.94378402000001,39.75105840125002,0.6660955503320501,-0.02684563770890236,0.7844194173812866,0.29999231675091914,0.18869202939526925,-0.28612568974494934,0.2863447368144989,-0.010160851572074142,0.09808838499557976,256.0,0.24786283026753161,240.54535760272623,10762.809254582702,0.043321162580974897,1.0101608515720741,0.29999231675091914,0.6141893068300577,0.7099037499974837,0.6524750840970281,2061.2266838780793
1375,80.2030222784289,13.091484010061075,37.63855868000002,41.767526840000016,39.97545392750002,0.9462170218176356,-0.002585463924333453,0.8021464943885803,0.2913515765850361,0.18283729574431254,-0.28765353560447693,0.3490762412548065,-0.0018885487776536208,0.09385787104237954,421.0,0.28188989439500917,166.35005607609835,9628.992560298648,0.03875746028092819,1.0018885487776537,0.2913515765850361,0.6985063418100903,0.6351183752832303,0.6731511551993463,1580.8996446046738
1376,80.20763291133576,13.091484010061075,37.330936880000024,45.14794862000002,39.43128503750001,1.0710303002045043,-0.028842192143201828,0.7824277877807617,0.329708802466299,0.21149718987805316,-0.31995317339897156,0.2729206681251526,-0.024426489437327666,0.10546179656504254,283.0,0.25519345434648316,224.03126731537054,7699.197343745761,0.030989881171535467,1.0244264894373276,0.329708802466299,0.6323541559799818,0.5078310817381199,0.582544926283237,1117.8836525250417
1377,80.21224354424263,13.091484010061075,37.231814299999996,45.537602900000024,39.54316236125002,1.609670435061917,-0.01769057661294937,0.7819687128067017,0.2900155579810049,0.18166514202119774,-0.3337036073207855,0.2987045645713806,0.007596934449438955,0.10233228719100504,288.0,0.2761239611762203,238.1974718736315,7962.831695923859,0.03205103039033951,0.992403065550561,0.2900155579810049,0.6842187032680227,0.5252201305275612,0.6206192741718382,707.0473570742306
1378,80.21685417714949,13.091484010061075,37.32410084000003,41.68891238000003,39.26840130500001,1.0170040659755575,-0.014739464037120342,0.8064172267913818,0.2940846839317909,0.1703147602634955,-0.29923635721206665,0.3137410581111908,-0.0061124673256507285,0.09251542612196913,326.0,0.32198875969042356,245.38536170208633,10118.793161516576,0.040728946625776904,1.0061124673256507,0.2940846839317909,0.7978689378632371,0.6674251155896777,0.7456914089538134,499.9999999999634
1379,80.22146481005635,13.091484010061075,38.10682742000006,41.79487100000006,39.585347262500015,0.8459477849910757,0.005284791346639395,0.8032183051109314,0.31055826822916666,0.19907512558289112,-0.36462917923927307,0.3160046637058258,-0.02030958886240043,0.1108294225057361,530.0,0.3010941107812325,141.1405911127638,11834.87868681506,0.04763632724414649,1.0203095888624005,0.31055826822916666,0.7460932443631594,0.7806163392664397,0.7599024823244716,707.0473570742306
1380,80.22607544296321,13.091484010061075,37.63172264000002,41.55902762000005,40.04987126000002,0.880630164803194,-0.020240839570760727,0.8284623622894287,0.31175486845128675,0.19818615739991988,-0.3628523051738739,0.3297377824783325,-0.0017804373946844363,0.12007903668040805,493.0,0.24912016186108482,125.5415535472759,10231.59690016846,0.041182990638477336,1.0017804373946844,0.31175486845128675,0.6173048995111646,0.6748655333457213,0.6403291530449873,999.9999999999268
1381,80.23068607587007,13.091484010061075,39.11172529999999,42.574179560000005,41.03345957250002,0.7393299952361726,-0.047568146139383316,0.8073524832725525,0.24066509540264422,0.18655621666132863,-0.3408750593662262,0.38622838258743286,0.05926619896521935,0.11860953119611164,481.0,0.1963380577402327,101.41097416075321,9160.819332610126,0.03687302583328448,0.9407338010347807,0.24066509540264422,0.4865139942833521,0.6042381541325126,0.5336036582230164,707.0473570742306
1382,80.23529670877693,13.091484010061075,34.302571160000014,43.29879979999998,38.63243595875002,2.4216408429854033,-0.2568514943122864,0.8836458921432495,0.3895849130667892,0.2777693946683449,-0.46441391110420227,0.6457316875457764,0.0001633307513068704,0.17258103395682656,106.0,0.08547592224071245,200.33806306707007,2434.2081829386875,0.009797881385301481,0.9998366692486931,0.3895849130667892,0.21180423613745858,0.16055785032211237,0.1913056818113201,499.9159580826473
1383,80.23990734168379,13.091484010061075,35.331395180000015,41.032652540000015,37.988742368750025,1.9158106954327647,0.009379187598824501,0.8947623372077942,0.46197347005208333,0.27378080481851497,-0.39615294337272644,0.2866721451282501,-0.0701322966930913,0.14626300432686304,194.0,0.13391906180042634,171.50082308752485,5624.517556759689,0.0226391301520266,1.0701322966930913,0.46197347005208333,0.3318434460292287,0.3709873520029414,0.3475010084187138,0.0
1384,80.24451797459065,13.091484010061075,39.279208280000034,43.09030058000002,40.60796355500002,0.7972968561018545,-0.010575187392532825,0.7514410614967346,0.24813021146334135,0.15828716556401137,-0.24739305675029755,0.26860523223876953,0.038753902728740984,0.08885253392653213,381.0,0.2874276067261929,187.42565772789249,9294.58200271185,0.03741143121069788,0.961246097271259,0.24813021146334135,0.7122284626074801,0.6130610012971092,0.6725614780833317,499.9159580826473
1385,80.24912860749751,13.091484010061075,37.94959849999998,43.68161803999999,41.25883247375002,1.2294878275336159,0.009293156675994396,0.8289812803268433,0.32528308344822304,0.19297596426233554,-0.3718717098236084,0.4984188675880432,0.02643059524835325,0.11932740908070978,88.0,0.042343472759546724,119.54442894335247,6096.428318751109,0.02453860847226509,0.9735694047516468,0.32528308344822304,0.10492459944434905,0.40211409704483037,0.22380039848454159,999.8319161652946
1386,80.25373924040437,13.091484010061075,37.559944220000034,43.57565942000002,40.66613272625002,1.6508644050670884,-0.0321505106985569,0.7742516994476318,0.1785009765625,0.13587545352413502,-0.3434269428253174,0.29087451100349426,0.0816343359853707,0.0892239801004434,279.0,0.19954052556066998,177.68568831952143,11450.764699086816,0.046090237917615254,0.9183656640146293,0.1785009765625,0.49444951849509833,0.7552805785124653,0.5987819425020451,1414.0947141484612
1387,80.25834987331123,13.091484010061075,36.84557804000002,41.494085240000004,38.99054895125002,0.7684499480310852,-0.02184235490858555,0.7905938625335693,0.18574484018179085,0.1686440625124759,-0.3706563711166382,0.295093297958374,0.07336264977088341,0.10662711386618508,217.0,0.1682493626728715,192.6279197003393,9278.585450750132,0.03734704381778989,0.9266373502291165,0.18574484018179085,0.41691188357331677,0.6120058852994139,0.4949494842637556,1802.5658618511209
1388,80.26296050621809,13.091484010061075,38.98184054000001,43.30221782000001,41.39810422250002,1.378425990967152,-0.04726134613156319,0.7461178302764893,0.17371936274509803,0.14192680782006176,-0.2729218602180481,0.3830470144748688,0.09139352835860907,0.08893628677789789,186.0,0.1399212001137994,186.89432647470926,12666.193263002102,0.050982434478705055,0.908606471641391,0.17371936274509803,0.3467163867045601,0.8354489876116167,0.5422094270673827,1581.1122557065205
1389,80.26757113912495,13.091484010061075,41.81537911999999,44.28318955999998,43.35147752000001,0.600960600081891,-0.028336236253380775,0.7514792680740356,0.1480871701708027,0.12156503694426764,-0.23105360567569733,0.3919515013694763,0.11008021934359681,0.07923184468958755,210.0,0.20759637595416516,245.59867161162478,8460.580221687154,0.03405450776311288,0.8899197806564032,0.1480871701708027,0.514411435188162,0.5580511077043264,0.5318673041946278,1499.9999999998902
1390,80.27218177203181,13.091484010061075,39.932050100000026,44.92919533999998,42.761031320000015,1.101973791528655,-0.01903155818581581,0.8599597811698914,0.32693636380709135,0.20633806559865056,-0.4657394587993622,0.4544960558414459,0.004589157838087815,0.11879895824724025,22.0,0.026289658040394657,296.8846863743763,3230.148116917597,0.01300160287371391,0.9954108421619122,0.32693636380709135,0.06514420428105784,0.21305722390933712,0.12430941213236957,1581.1122557065205
1391,80.27679240493867,13.091484010061075,41.88715754000003,44.07127232000005,42.88768236500002,0.3641050638450133,-0.0264036413282156,0.6425544619560242,0.11515282724417893,0.08821968834019811,-0.19566050171852112,0.35849055647850037,0.13556877585018381,0.07771854175095089,452.0,0.36194786524986555,198.94504422902915,11349.178697157327,0.045681346186707286,0.8644312241498162,0.11515282724417893,0.8968852176281893,0.7485800710509687,0.8375631589973009,1414.0947141484612
1392,80.28140303784554,13.091484010061075,42.895473440000046,44.85399890000002,43.89011726000002,0.4860791834279072,-0.02089839056134224,0.5982954502105713,0.1056964231004902,0.06243231101103685,-0.13076791167259216,0.38542449474334717,0.16622936772365196,0.07664150748505964,1126.0,0.8105595480063991,178.84305337455962,9239.440696937101,0.037189483072819475,0.8337706322763481,0.1056964231004902,1.0,0.6094239378851952,0.8437695751540781,1117.9964065888337
1393,80.2860136707524,13.091484010061075,42.72799046,44.491688780000004,43.597700622500014,0.40535005508631927,-0.03835464268922806,0.7142161130905151,0.15019520479090073,0.12046148285070607,-0.21856598556041718,0.5068379640579224,0.13071952071844362,0.09546921641205823,652.0,0.6041686209886364,230.21632142203717,10966.729725683017,0.04414195868291866,0.8692804792815564,0.15019520479090073,1.0,0.7233541330444311,0.8893416532177725,999.9999999999268
1394,80.29062430365926,13.091484010061075,42.18794330000003,45.27099734000001,43.51713839375003,0.6696606327054953,-0.04114583507180214,0.6994564533233643,0.1413965548001803,0.12532362678228975,-0.23653286695480347,0.4219536781311035,0.10757515540489784,0.08932180931198903,397.0,0.4469906858603985,279.72643302683144,7869.795840030747,0.03167655367671667,0.8924248445951022,0.1413965548001803,1.0,0.519083581842131,0.8076334327368524,1117.9964065888337
1395,80.29523493656612,13.091484010061075,31.12723058000006,45.192382880000025,37.58821828250002,3.6719410021673338,-0.3056994676589966,0.6097849607467651,-0.02502661611519608,0.1667854193168302,-0.3117679953575134,0.6641366481781006,0.11050087124693628,0.11661783932090622,18.0,0.10539589143363548,1454.7109800058452,0.0,0.0,0.8894991287530637,0.0,0.26116473144638414,0.0,0.15669883886783048,1414.0947141484612
1396,80.29984556947298,13.091484010061075,30.894805220000023,43.72263428000002,37.71974922125002,4.4352517453909845,-0.31226053833961487,0.5528765320777893,-0.039004654229856,0.12353662700566437,-0.24217844009399414,0.6607912182807922,0.07051577100566789,0.09467941683127991,6.0,0.009484976239911905,392.74488484162157,0.0,0.0,0.9294842289943321,0.0,0.02350320528416144,0.0,0.014101923170496864,1802.5658618511209
1397,80.30445620237984,13.091484010061075,30.108660620000023,43.51413506000006,33.77085542375002,4.535624655594822,-0.22336448729038239,0.23423944413661957,-0.07111950214092548,0.08502451713506869,-0.24978139996528625,0.2695009112358093,-0.02693657508263221,0.06924984145607473,0.0,0.0,0.0,0.0,0.0,1.0269365750826323,0.0,0.0,0.0,0.0,2235.7673050500835
1398,80.3090668352867,13.091484010061075,29.57203148000002,30.347922020000055,30.01363463750002,0.17035566944737868,-0.16929133236408234,0.020741671323776245,-0.08114323634727329,0.026176763495191196,-0.15261323750019073,0.04584527388215065,-0.0492217149921492,0.028888594242185355,0.0,0.0,0.0,0.0,0.0,1.0492217149921492,0.0,0.0,0.0,0.0,2692.192253283954
1399,80.31367746819356,13.091484010061075,29.57203148000002,30.170184980000045,29.850411616250017,0.11241191527951401,-0.13279132544994354,0.012987012974917889,-0.06449911080154719,0.023605654653422996,-0.1257328987121582,0.055039312690496445,-0.03402520871629902,0.02512350513978435,0.0,0.0,0.0,0.0,0.0,1.034025208716299,0.0,0.0,0.0,0.0,3161.7992892093475
1400,80.31828810110042,13.091484010061075,29.52759722000002,30.023210120000044,29.72704106062502,0.09840123386782336,-0.14212548732757568,0.05384150147438049,-0.0604113534780649,0.025677274121835028,-0.12195122241973877,0.11397557705640793,-0.008752764188326323,0.03504902935140965,0.0,0.0,0.0,0.0,0.0,1.0087527641883263,0.0,0.0,0.0,0.0,3639.4892900156638
1401,80.32289873400728,13.091484010061075,29.370368299999996,29.893325360000006,29.516124233750016,0.10510195074013677,-0.13507108390331268,0.03810775279998779,-0.05199045817057291,0.02699707055526572,-0.13153961300849915,0.10704606771469116,0.011840070836684284,0.036014221819683036,0.0,0.0,0.0,0.0,0.0,0.9881599291633157,0.0,0.0,0.0,0.0,4122.4533677561585
1402,80.32750936691414,13.091484010061075,29.202885320000007,29.83521902000001,29.43748464125002,0.13146787868402715,-0.16022099554538727,0.04336734861135483,-0.05635952818627451,0.027022101927998317,-0.15591397881507874,0.15003588795661926,-0.026786397298177084,0.034968519210906324,0.0,0.0,0.0,0.0,0.0,1.026786397298177,0.0,0.0,0.0,0.0,4609.033865876973
1403,80.332119999821,13.091484010061075,29.192631259999985,29.70875228,29.482961900000017,0.12566489259122116,-0.15000000596046448,0.054347824305295944,-0.05828517033503606,0.02740420165276934,-0.12850812077522278,0.10248447209596634,-0.018497399550217848,0.03197086837930413,0.0,0.0,0.0,0.0,0.0,1.0184973995502178,0.0,0.0,0.0,0.0,5098.195417455962
1404,80.33673063272786,13.091484010061075,29.1652871,29.486580979999985,29.348138603750016,0.0592728992896327,-0.15131136775016785,0.06473828852176666,-0.042449544270833334,0.032373083104874585,-0.0899328887462616,0.14845938980579376,0.03191121120078891,0.03241482861126643,0.0,0.0,0.0,0.0,0.0,0.9680887887992111,0.0,0.0,0.0,0.0,5589.260396745574
1405,80.34134126563472,13.091484010061075,29.168705120000027,29.483162960000016,29.35062672125002,0.0649970267610082,-0.17382937669754028,0.06816677749156952,-0.044979182224647675,0.03185988116903106,-0.07967033237218857,0.1582537591457367,0.031781885483685664,0.03415347356420352,0.0,0.0,0.0,0.0,0.0,0.9682181145163143,0.0,0.0,0.0,0.0,6081.76775131864
1406,80.34595189854159,13.091484010061075,29.038820360000045,29.469490880000023,29.20822597625002,0.08851619313997952,-0.15508021414279938,0.049051668494939804,-0.04602269099308894,0.031075659297348984,-0.09646078944206238,0.14534494280815125,0.023077686016376203,0.037194112146496566,0.0,0.0,0.0,0.0,0.0,0.9769223139836238,0.0,0.0,0.0,0.0,6575.393380598735
1407,80.35056253144845,13.091484010061075,0.0,29.431892660000017,12.00353078720589,14.347044028766929,-0.14104996621608734,0.0476795919239521,-0.019332863302791818,0.03056449134588127,-0.11909514665603638,0.11205074191093445,-0.005554149852079504,0.022635765654074103,0.0,0.0,0.0,0.0,0.0,1.0055541498520795,0.0,0.0,0.0,0.0,7069.903052274149
1408,80.15230531645344,13.09597556593603,39.80900138000004,45.192382880000025,42.05436849764707,1.0901567605372997,-0.07342430204153061,0.7174702882766724,0.1975536391314338,0.13796880820247256,-0.2525252401828766,0.37749940156936646,0.0729656982421875,0.07143856922008862,83.0,0.0700997819814484,209.82832577772044,6465.087835152033,0.026022492323521475,0.9270343017578125,0.1975536391314338,0.17370307785823672,0.4264304968782512,0.27479404546624253,999.9999999999268
1409,80.1569159493603,13.09597556593603,40.35246656000004,50.39119130000006,42.706488867058845,1.4768054169531186,-0.013100436888635159,0.8023282289505005,0.2243997491574755,0.15547049669602223,-0.23784494400024414,0.41858142614364624,0.052053761201746325,0.08102012009053444,121.0,0.16017238010203466,328.8726814127587,8940.504767365188,0.03598624219955345,0.9479462387982537,0.2243997491574755,0.3968976026054674,0.5897064336172714,0.474021135010189,1117.9923307661352
1410,80.16152658226716,13.09597556593603,40.64983430000001,52.50694568000006,44.3977346247059,2.151303969330329,-0.023498695343732834,0.7539782524108887,0.20447547325721155,0.14758381211076466,-0.22010870277881622,0.2972181439399719,0.07466292161207932,0.08288813210994031,77.0,0.2515085296472673,811.4981491426759,5643.82111177914,0.022716828495052827,0.9253370783879207,0.20447547325721155,0.6232231324042019,0.3722605944968336,0.5228381172412546,1414.0818245801834
1411,80.16613721517402,13.09597556593603,41.295840080000005,47.95756105999999,45.252901940000015,1.7070159773046663,-0.04171934351325035,0.754780650138855,0.21022329293045344,0.15083107934742251,-0.24840325117111206,0.40949034690856934,0.08457486021752451,0.09179000709402725,33.0,0.16864255584060286,1269.6346784777736,3118.49924909206,0.012552207307868272,0.9154251397824755,0.21022329293045344,0.4178861927865158,0.20569298023675006,0.33300890776660946,1802.543110404916
1412,80.17074784808088,13.09597556593603,40.95745610000006,46.094740160000015,43.83408065529414,0.8854454819238639,-0.02989283762872219,0.789191484451294,0.23125847311580883,0.16882202278798825,-0.3162074685096741,0.3846767842769623,0.058320689481847425,0.0968848654985805,47.0,0.2473455873348438,1307.470351545314,4855.386275801967,0.019543315622535078,0.9416793105181526,0.23125847311580883,0.6129076096996433,0.32025624939980185,0.4958470655797067,2235.734695001292
1413,80.17535848098774,13.09597556593603,41.442814940000005,45.455570420000015,43.76456120352943,0.7778414662947049,-0.02738095261156559,0.7534558773040771,0.22227447509765624,0.1665783997821779,-0.2676105499267578,0.3297463357448578,0.06985287006084735,0.09526884900283573,110.0,0.19315602514125768,436.2557006810163,8178.769154548259,0.03292019582206981,0.9301471299391526,0.22227447509765624,0.4786291073313002,0.5394631416240476,0.5029627210483991,2499.999999999817
1414,80.1799691138946,13.09597556593603,41.70600248000005,44.41991036000002,43.46750096705884,0.5237670612695778,-0.011507157236337662,0.6944578289985657,0.16929732977175246,0.12215320935196741,-0.1821204274892807,0.2935153543949127,0.09627763336780025,0.07597772320261843,242.0,0.2314329089932947,237.5939013308479,11531.670366308656,0.04641588965783793,0.9037223666321997,0.16929732977175246,0.5734769420603818,0.7606170325179451,0.6483329782434071,2549.49148883677
1415,80.18457974680146,13.09597556593603,41.31293018000002,44.01658400000002,42.89930540705885,0.6012849399365507,-0.03565267473459244,0.6142175793647766,0.16201578776041667,0.09887052057974302,-0.18429003655910492,0.27479639649391174,0.09584142348345588,0.06560601503366922,127.0,0.08193952387429819,160.2932578151461,11372.469791557181,0.045775094692633404,0.9041585765165441,0.16201578776041667,0.20304125195383355,0.7501163275119817,0.4218712821770928,2692.513213822219
1416,80.18919037970832,13.09597556593603,40.161057440000036,43.25778356000001,41.66532134000002,0.5294993217318208,-0.0008257638546638191,0.7535984516143799,0.18414994459885817,0.11333438514640841,-0.23906360566616058,0.40102022886276245,0.07607033362755408,0.07045129826137518,117.0,0.09926280223036392,210.77845174840317,13585.059599517741,0.0546809445064127,0.9239296663724459,0.18414994459885817,0.2459673022779264,0.8960564593793762,0.5060029651185063,2915.332170588364
1417,80.19380101261518,13.09597556593603,38.920316179999986,42.96383384000001,40.158006058823545,0.6162961513798867,0.023036358878016472,0.7970065474510193,0.3533072437959559,0.1740978830254187,-0.3030734360218048,0.23236288130283356,-0.030374187394684435,0.09206541105645394,162.0,0.14177618756213375,217.42717328246047,11507.152297039058,0.04631720248055217,1.0303741873946843,0.3533072437959559,0.35131293493989335,0.7589998460654607,0.5143876993901203,2499.534214869051
1418,80.19841164552204,13.09597556593603,39.47403542000001,42.509237180000014,40.823881297647084,0.7348770001277014,-0.018964963033795357,0.7802472710609436,0.29526010550704657,0.17746956422780036,-0.27535077929496765,0.26948773860931396,-0.0003797267465030446,0.09017935284508863,424.0,0.2546005442770785,149.18288846492644,10269.3540260465,0.041334966070733226,1.000379726746503,0.29526010550704657,0.6308849601988026,0.6773559542586939,0.6494733578227592,1999.627371895241
1419,80.2030222784289,13.09597556593603,38.54433398000003,42.92623562000006,40.538376097647074,0.8889733881713333,0.016001543030142784,0.7697270512580872,0.2671604567307692,0.15797547244109683,-0.2744138836860657,0.26874473690986633,0.025466692997859076,0.08404618274654933,596.0,0.2776386212771117,115.73351935946366,10975.450891858362,0.04417706206985427,0.9745333070021409,0.2671604567307692,0.6879719406390538,0.723929372131716,0.7023549132361186,1499.7205289214307
1420,80.20763291133576,13.09597556593603,39.07754510000001,47.73538976000003,43.6832146929412,2.5943255235307046,-0.029447853565216064,0.7536945939064026,0.18914498123468138,0.16160070984494138,-0.23509028553962708,0.3870685398578644,0.09123529770795037,0.10489412054011117,252.0,0.21613433938226834,213.08298534420277,4336.623902398458,0.01745525584301823,0.9087647022920496,0.18914498123468138,0.535567999219917,0.2860392205994503,0.43575648777173037,999.8136859476205
1421,80.21224354424263,13.09597556593603,37.1292737,46.815942380000024,43.57321121882355,2.52335580960716,-0.03410283476114273,0.7679779529571533,0.22681140376072303,0.18323451521310274,-0.31253769993782043,0.3702560365200043,0.08577496696920955,0.12417544417952403,65.0,0.3036403056656672,1160.5707046489035,276.86516129633344,0.001114404276970654,0.9142250330307904,0.22681140376072303,0.7524025633902892,0.018261739254018385,0.4587462337357809,499.9068429738102
1422,80.21685417714949,13.09597556593603,36.99938894000002,41.17279136000002,39.1039785764706,1.0857225941508775,0.02551863342523575,0.7814393043518066,0.4470850078876202,0.16206845672273848,-0.35502251982688904,0.2836662828922272,-0.07073546189528246,0.09647807173060714,168.0,0.1073151590201184,158.70014817208653,3595.184276261659,0.01447090242486459,1.0707354618952825,0.4470850078876202,0.265920562029336,0.23713463086446726,0.2544061895633885,0.0
1423,80.22146481005635,13.09597556593603,38.36659694000002,42.047804480000025,40.43907611176472,0.7611527962763617,-0.014005602337419987,0.8176057934761047,0.3823874080882353,0.19078644638501396,-0.3338450789451599,0.2888736426830292,-0.022286557964250154,0.11075035004729987,214.0,0.11431986183652006,132.71910920043865,7611.145070775281,0.03063546377522657,1.0222865579642502,0.3823874080882353,0.2832777977339097,0.5020232450201245,0.3707759766483956,499.9068429738102
1424,80.22607544296321,13.09597556593603,39.06045500000005,42.66646609999998,41.68600292352943,0.5054237546734069,-0.07586882263422012,0.773625910282135,0.17920327579273898,0.13122930694659996,-0.36968374252319336,0.4408901333808899,0.08730763154871324,0.08853816558945098,557.0,0.2501521352006552,111.57696899183907,12313.763290285868,0.04956387583055771,0.9126923684512868,0.17920327579273898,0.6198620678829359,0.8122030716685987,0.696798469397201,499.9999999999634
1425,80.23068607587007,13.09597556593603,40.26701606000006,42.803186900000014,41.752860630000015,0.5252443578282645,-0.013770876452326775,0.7811775803565979,0.1721294696514423,0.1409758305922101,-0.2802709639072418,0.31101512908935547,0.10645565326397236,0.08582563812809957,515.0,0.2524361161434174,121.77827030330518,11344.188017226697,0.04566125830337215,0.8935443467360277,0.1721294696514423,0.6255216364053078,0.7482508909722377,0.6746133382320798,707.0409122900917
1426,80.23529670877693,13.09597556593603,40.198655659999986,42.99117799999999,41.53064267882355,0.4491585540866853,0.0,0.6948477029800415,0.145111083984375,0.10746208554272775,-0.19362017512321472,0.2864864766597748,0.10916417738970588,0.07110654137160147,460.0,0.22333096774126548,120.61925914322612,12685.848042093803,0.05106154652653422,0.8908358226102941,0.145111083984375,0.5534008149694797,0.8367453964815063,0.6667386475742904,707.0409122900917
1427,80.23990734168379,13.09597556593603,39.053618959999994,43.51071704000003,41.017809581176486,0.8794642286479236,-0.007035647053271532,0.7352041602134705,0.24325480143229167,0.15628957516822417,-0.30430448055267334,0.30283913016319275,0.03810583974800858,0.10071182048702312,217.0,0.21560765001247914,246.84820455536453,8224.18538439327,0.03310299975646945,0.9618941602519914,0.24325480143229167,0.5342628943819048,0.5424587491011561,0.5375412362696053,499.9999999999634
1428,80.24451797459065,13.09597556593603,38.36659694000002,42.61861382000001,41.04110888705885,0.9665294045940322,0.012583271600306034,0.8428295850753784,0.267915532038762,0.20345602701485643,-0.30324840545654297,0.4533248841762543,0.05307759798490084,0.11874919932318329,304.0,0.1676269818804134,136.99221335409607,8806.325115762105,0.035446158438459135,0.9469224020150991,0.267915532038762,0.4153696610985246,0.5808560827847667,0.48156422977302143,499.9999999999634
1429,80.24912860749751,13.09597556593603,39.11856134000004,43.78757666000001,41.7112182129412,0.7999090686422863,-0.020837044343352318,0.8056237101554871,0.19056939816942403,0.16393927962451849,-0.36239534616470337,0.5797468423843384,0.09502034505208333,0.10369546034079369,279.0,0.1542818727190465,137.3840259881118,10699.927819818495,0.043068059808798076,0.9049796549479167,0.19056939816942403,0.38230127671614444,0.7057561556948786,0.5116832283076381,707.0409122900917
1430,80.25373924040437,13.09597556593603,39.06045500000005,43.51071704000003,41.79785141882354,1.1031499173637314,-0.009666666388511658,0.7204688787460327,0.12572488223805148,0.08619698969124513,-0.2594914734363556,0.30792462825775146,0.12421515969669118,0.06845415583239486,185.0,0.13282176732719314,178.3705152252452,13816.171666297352,0.05561118894190909,0.8757848403033088,0.12572488223805148,0.32912441578505647,0.9113003719114742,0.5619947982356236,1117.867347500646
1431,80.25834987331123,13.09597556593603,37.71033710000006,43.23727544000002,40.52065916352943,1.5876383005167918,-0.021210553124547005,0.7686868906021118,0.19509142362154447,0.16564507934382622,-0.25327348709106445,0.4609929025173187,0.06865906348595252,0.10842658018388934,155.0,0.13971555117224335,223.94356663443702,11306.897454674054,0.04551116082557923,0.9313409365140475,0.19509142362154447,0.34620680089563377,0.7457912440929282,0.5060405781745515,1414.0818245801834
1432,80.26296050621809,13.09597556593603,39.51846968000001,43.70896220000003,42.62934096235296,0.8726740215377048,-0.015856236219406128,0.7042115330696106,0.18576443541283702,0.12670226605802146,-0.2529115378856659,0.3945119082927704,0.09027487362132353,0.0844090246019706,150.0,0.10204192146204233,169.010197516319,13590.03891720844,0.05470098665582915,0.9097251263786765,0.18576443541283702,0.2528537939421275,0.8963848900165308,0.5102662323718888,1117.9923307661352
1433,80.26757113912495,13.09597556593603,39.69278870000005,45.489750619999995,42.924532523529436,1.0106817685571563,-0.007591442205011845,0.8225370049476624,0.24443141563265933,0.21087195320014776,-0.34487301111221313,0.46166205406188965,0.0641346830480239,0.11973039299001673,166.0,0.13070301667906747,195.61540983910731,12718.255405785596,0.05119198874083948,0.9358653169519761,0.24443141563265933,0.32387427807577,0.8388829526221152,0.5298777478943082,999.9999999999268
1434,80.27218177203181,13.09597556593603,39.36465878000001,44.720696120000014,42.68696305000002,1.0115927190209075,-0.026272188872098923,0.8697279691696167,0.2919000244140625,0.2162691154478275,-0.37180250883102417,0.5859649181365967,0.040566212580754206,0.13720170664396822,15.0,0.030122186107691046,498.90834578001596,1010.4069148993339,0.004066968130523878,0.9594337874192458,0.2919000244140625,0.07464098019747428,0.06664539349752105,0.071442745517493,1117.9923307661352
1435,80.27679240493867,13.09597556593603,41.51801138000002,44.79589256000003,42.830259037647075,0.5370389443946204,0.0,0.7284172773361206,0.1805764950022978,0.1487150681781984,-0.21348313987255096,0.34405648708343506,0.1134423828125,0.08757101053194442,411.0,0.3260772798962264,197.10800310687043,13178.492571633484,0.053044479908887825,0.8865576171875,0.1805764950022978,0.8080000470273354,0.8692397193542314,0.8324959159580938,1414.0818245801834
1436,80.28140303784554,13.09597556593603,42.51265520000004,44.41991036000002,43.30239522588237,0.44035794832002423,-0.01832844503223896,0.7200992703437805,0.10667308134191177,0.07329259672093712,-0.164944127202034,0.38743919134140015,0.15609169155943628,0.07009840427338462,1025.0,0.7629229624045759,184.91935143996466,10910.935572387843,0.04391738278188809,0.8439083084405637,0.10667308134191177,1.0,0.7196740084863085,0.8878696033945234,1581.1093737157187
1437,80.2860136707524,13.09597556593603,42.88863739999999,44.652335719999996,43.87017683882355,0.351996289679438,-0.025067858397960663,0.7028069496154785,0.11543751436121323,0.0818838756579164,-0.17933130264282227,0.3635590672492981,0.14405251895680146,0.07688603950030373,1229.0,0.696056391602796,140.70777103914006,13723.031474243919,0.055236292266949254,0.8559474810431985,0.11543751436121323,1.0,0.9051569413209837,0.9620627765283934,1499.9999999998902
1438,80.29062430365926,13.09597556593603,40.94720203999998,44.53954106000003,43.53971698823531,0.6729066449902412,-0.04915102943778038,0.7546741962432861,0.14600970928485577,0.12240414810496153,-0.23468747735023499,0.36661607027053833,0.11743002084585337,0.09683668913918192,776.0,0.6026210276430919,192.9337035019299,9768.884566813907,0.03932053672451061,0.8825699791541466,0.14600970928485577,1.0,0.6443455071287167,0.8577382028514866,1581.1093737157187
1439,80.29523493656612,13.09597556593603,31.072542259999977,44.406238280000025,37.99068570235296,5.2114413946433364,-0.27255815267562866,0.6216813921928406,-0.018669895845301012,0.17187364090687854,-0.19604362547397614,0.3657393753528595,0.060380931181066175,0.07110639887330511,17.0,0.06093072443571946,890.457017493078,971.4511089646364,0.003910167915779632,0.9396190688189339,0.0,0.15098270025172852,0.06407590888963946,0.11621998370689289,1802.6722959561555
1440,80.29984556947298,13.09597556593603,30.570093320000012,39.41592908000001,31.77750592823531,1.5253910605723804,-0.31813865900039673,0.1366594433784485,-0.17921159332873773,0.05423647994276479,-0.2896551787853241,0.5265049338340759,0.013588146134918811,0.07006415811846922,0.0,0.0,0.0,0.0,0.0,0.9864118538650812,0.0,0.0,0.0,0.0,2121.122736870275
1441,80.30445620237984,13.09597556593603,30.204365180000025,42.39644252000005,35.40194358588237,4.082412592092335,-0.23840521275997162,0.5479961633682251,-0.01960892017071064,0.14072179527954762,-0.25483036041259766,0.5748592019081116,0.019977386181171123,0.10133115112230782,0.0,0.0,0.0,0.0,0.0,0.9800226138188288,0.0,0.0,0.0,0.0,2499.701907514642
1442,80.3090668352867,13.09597556593603,29.57544949999999,30.535913120000032,29.888854731764724,0.19946363914103268,-0.1980319768190384,-0.003811944043263793,-0.09094203574984681,0.02445927027735146,-0.14556533098220825,0.027586206793785095,-0.053939137178308824,0.02729950505014586,0.0,0.0,0.0,0.0,0.0,1.053939137178309,0.0,0.0,0.0,0.0,2915.076549818326
1443,80.31367746819356,13.09597556593603,29.54126930000001,29.97193981999999,29.7080899647059,0.0874509652467177,-0.15734036266803741,0.020652897655963898,-0.06796938428691789,0.02342611594648986,-0.13550135493278503,0.05074626952409744,-0.03347772037281709,0.028366146451363414,0.0,0.0,0.0,0.0,0.0,1.0334777203728172,0.0,0.0,0.0,0.0,3353.6020425019383
1444,80.31828810110042,13.09597556593603,29.469490880000023,29.814710900000023,29.615304060000014,0.06541995036520831,-0.14267835021018982,0.04098360612988472,-0.056066043560321514,0.027341110107097853,-0.11036339402198792,0.11344537883996964,-0.003132908160869892,0.03525283551088737,0.0,0.0,0.0,0.0,0.0,1.00313290816087,0.0,0.0,0.0,0.0,3807.287187874027
1445,80.32289873400728,13.09597556593603,29.384040379999988,29.68482614000004,29.557365927058843,0.046285560002955056,-0.17466667294502258,0.051442909985780716,-0.05567226634306066,0.02862360057296031,-0.11594203114509583,0.13269494473934174,-0.004406976512834138,0.037986094447442637,0.0,0.0,0.0,0.0,0.0,1.004406976512834,0.0,0.0,0.0,0.0,4271.304075540671
1446,80.32750936691414,13.09597556593603,29.284917800000017,29.910415460000024,29.52490065058825,0.10283155165948105,-0.14864864945411682,0.04871447756886482,-0.06158103793275123,0.02931152243306647,-0.1397409737110138,0.11862245202064514,-0.013462032243317249,0.03885523003591099,0.0,0.0,0.0,0.0,0.0,1.0134620322433172,0.0,0.0,0.0,0.0,4742.6211090298
1447,80.332119999821,13.09597556593603,29.216557400000056,29.660900000000026,29.50816536235296,0.08713865849304606,-0.16155418753623962,0.06616257131099701,-0.05036714407113882,0.03016417017586681,-0.11223750561475754,0.1410614550113678,0.010909962287315956,0.03768402851148012,0.0,0.0,0.0,0.0,0.0,0.989090037712684,0.0,0.0,0.0,0.0,5219.260978836357
1448,80.33673063272786,13.09597556593603,29.223393439999995,29.695080200000007,29.482216795294136,0.07489798179385898,-0.1430472433567047,0.06084655970335007,-0.04711483226102941,0.032735636219855924,-0.10491562634706497,0.15523464977741241,0.015384708479339001,0.03936576556380045,0.0,0.0,0.0,0.0,0.0,0.984615291520661,0.0,0.0,0.0,0.0,5699.888512058524
1449,80.34134126563472,13.09597556593603,29.15161502000001,29.56861346000005,29.326868377647077,0.08970778197044411,-0.18387293815612793,0.07253886014223099,-0.048646736892999386,0.032547474645051394,-0.14707857370376587,0.1480194628238678,0.01278421439376532,0.035938606029663304,0.0,0.0,0.0,0.0,0.0,0.9872157856062347,0.0,0.0,0.0,0.0,6183.573937286889
1450,80.34595189854159,13.09597556593603,29.055910460000007,29.41480256,29.19871036823531,0.07121891086028802,-0.1458333283662796,0.05875077471137047,-0.045610803457406854,0.03177385386245332,-0.12159174680709839,0.14605170488357544,0.026416127131535457,0.03375458138640059,0.0,0.0,0.0,0.0,0.0,0.9735838728684646,0.0,0.0,0.0,0.0,6669.652009602504
1451,80.35056253144845,13.09597556593603,0.0,29.192631259999985,11.984067883529418,14.32375289263647,-0.14525139331817627,0.05249343812465668,-0.018600804946001838,0.02987350207106444,-0.1174473837018013,0.10889570415019989,-0.0026026441536697686,0.02169119684681804,0.0,0.0,0.0,0.0,0.0,1.0026026441536697,0.0,0.0,0.0,0.0,7157.635288543268
1452,80.15230531645344,13.100467121810984,37.14294577999999,47.42776795999998,41.93103592823531,1.8125299432960094,-0.04109589010477066,0.6364160180091858,0.2015033318014706,0.1292088992862818,-0.3090676963329315,0.34293627738952637,0.07005031211703432,0.08867660125566526,53.0,0.09295193562412592,435.72061589065254,2725.509830546359,0.010970393666957361,0.9299496878829657,0.2015033318014706,0.2303293513104553,0.1797718052594889,0.21010633289006872,1499.9999999998902
1453,80.1569159493603,13.100467121810984,38.85879182000002,44.13621469999998,41.183057247058834,1.219103082858909,-0.017921147868037224,0.6962283253669739,0.21699084712009803,0.1475485210603373,-0.23991507291793823,0.46380090713500977,0.0382327210669424,0.07765738309107403,210.0,0.23009267427312313,272.2131101244376,13980.122678730779,0.05627110479630554,0.9617672789330576,0.21699084712009803,0.5701559203772062,0.922114410866296,0.7109393165728422,1581.1064908009032
1454,80.16152658226716,13.100467121810984,42.04096844000003,47.10305606000003,44.571935374117665,1.1157091348326709,-0.011993146501481533,0.7716737985610962,0.18184063251201923,0.13016850083994957,-0.30876606702804565,0.4506963789463043,0.09038520812988281,0.07957792272660952,68.0,0.12245385329487249,447.3928957652625,7846.898444454622,0.031584389839843706,0.9096147918701172,0.18184063251201923,0.3034333433240849,0.5175732933477265,0.3890893233335415,1802.6621816114011
1455,80.16613721517402,13.100467121810984,41.295840080000005,47.91996284000004,43.91535620352943,1.6293367037543243,-0.04084720090031624,0.7361963391304016,0.20425048828125,0.16275557307528504,-0.2303476631641388,0.4628099203109741,0.06490422865923713,0.08792445523447058,66.0,0.32884018565813855,1237.8456354256755,3896.1717685484755,0.015682401001097853,0.9350957713407628,0.20425048828125,0.8148463626806908,0.2569874540839971,0.5917027992420133,2121.1033961778853
1456,80.17074784808088,13.100467121810984,40.769465000000025,46.6655495,44.732901644705905,1.1421225430816675,-0.020096588879823685,0.7898064851760864,0.16508220597809437,0.14580393321752658,-0.28325292468070984,0.35049504041671753,0.09008668787339154,0.0865504697943619,162.0,0.1966473114887976,301.57722397399533,8368.012552221131,0.03368191553706632,0.9099133121266084,0.16508220597809437,0.48728030662336963,0.5519454401106657,0.5131463600182881,2061.528009815169
1457,80.17535848098774,13.100467121810984,40.86516956000003,45.43848032000005,42.866899265882374,0.8104846206127315,-0.0024554941337555647,0.7311050295829773,0.19152246328500602,0.13938713158708216,-0.23933345079421997,0.2837623953819275,0.07659944387582632,0.07466163289576908,236.0,0.14159692027924697,149.06213769384942,9794.308697869848,0.03942287087249204,0.9234005561241737,0.19152246328500602,0.35086872130731805,0.6460224564781029,0.468930215375632,1999.9999999998536
1458,80.1799691138946,13.100467121810984,40.06193486000001,44.33104184000001,42.71498069529413,0.8177008890441392,-0.035418733954429626,0.7732327580451965,0.2321353687959559,0.16914055463517555,-0.2360038161277771,0.2950899302959442,0.06436878877527573,0.08938514212029695,182.0,0.1440519199162338,196.64060577566173,9308.115147620723,0.03746590319444874,0.9356312112247243,0.2321353687959559,0.35695206395164075,0.6139536335172684,0.4597526917778918,2061.528009815169
1459,80.18457974680146,13.100467121810984,39.99015644000002,44.375476100000014,42.21752277411767,0.9297766039627356,-0.1694318801164627,0.7841415405273438,0.22089226217830882,0.17179935216368586,-0.28782132267951965,0.5506259799003601,0.06714426078048406,0.1004276826882012,196.0,0.13968239868939566,177.0562058635733,9823.61281375208,0.03954082226774559,0.9328557392195159,0.22089226217830882,0.3461246510208908,0.6479553256076286,0.4668569208555859,2235.976507258455
1460,80.18919037970832,13.100467121810984,39.05703698000002,46.70656574000003,41.57927883000002,1.213800463012129,-0.039891451597213745,0.7550122737884521,0.26788287823016826,0.19965449134285804,-0.2886101305484772,0.3562491834163666,0.028337640028733475,0.10845922046686242,78.0,0.12447812146267322,396.48244552216704,6070.233298025656,0.024433171432100494,0.9716623599712665,0.26788287823016826,0.3084493590835989,0.40038630061135344,0.3452241356947007,2499.8159166780865
1461,80.19380101261518,13.100467121810984,39.904705939999985,45.43848032000005,42.19687272941178,1.1083416149871868,-0.008806559257209301,0.7659744620323181,0.21101732441023285,0.16219162971655995,-0.2855585515499115,0.3454784154891968,0.0420439177868413,0.09786396926476792,117.0,0.10693199704182987,227.06351495633265,10977.212664943545,0.044184153346532015,0.9579560822131588,0.21101732441023285,0.26497110950515296,0.7240455768595183,0.4486008964468991,2499.4886239642924
1462,80.19841164552204,13.100467121810984,40.21232773999998,44.67284384000004,41.93135525882355,0.9624440545613634,0.013636363670229912,0.7419814467430115,0.21817272709865196,0.1554497763097085,-0.2944915294647217,0.29974615573883057,0.0610467529296875,0.0884463618168773,682.0,0.22035036172495917,80.27030878721384,10139.613227730359,0.04081274904687898,0.9389532470703125,0.21817272709865196,0.5460150510729215,0.6687983855911008,0.5951283848801932,1999.590899171434
1463,80.2030222784289,13.100467121810984,39.603920180000046,43.41501248000003,41.6324026929412,0.655705333632944,-0.009198423475027084,0.7807275056838989,0.22050804725060097,0.13697949891228403,-0.25628918409347534,0.35473912954330444,0.0674758559006911,0.08572592599610503,697.0,0.27838679164265073,99.22963372220288,10663.890973740181,0.04292300863944845,0.9325241440993088,0.22050804725060097,0.6898258621718033,0.7033792026555795,0.6952471983653138,1499.6931743785756
1464,80.20763291133576,13.100467121810984,37.183962020000024,45.35986586000001,41.007874851764726,1.9046717845616452,-0.008607895113527775,0.740669310092926,0.3152893784466912,0.17277783620603526,-0.2855440378189087,0.2939279079437256,0.016990532968558517,0.11835874205384705,96.0,0.13380116146864138,346.2694609314912,4948.126983031802,0.01991660433933247,0.9830094670314414,0.3152893784466912,0.33155129604056005,0.326373330385126,0.32948010977838643,999.795449585717
1465,80.21224354424263,13.100467121810984,37.19421608000005,41.82563318000001,38.96515256000002,0.9380515009968566,-0.01828189566731453,0.7607799172401428,0.3816270297181373,0.19056157447516517,-0.30974286794662476,0.2695264518260956,-0.04921242807425705,0.1131712368612407,165.0,0.12228255518449119,184.12217706406773,5052.408495616975,0.020336345714844512,1.049212428074257,0.3816270297181373,0.30300887682556704,0.3332516309373822,0.3151059784702931,499.8977247928585
1466,80.21685417714949,13.100467121810984,33.12677228000001,41.12152106000002,38.26287363411767,1.7543970176905723,-0.13804277777671814,0.8158437609672546,0.448423837515024,0.22346676867127424,-0.3742331266403198,0.441458135843277,-0.08520484924316406,0.11944346074448164,66.0,0.06696891087520146,252.089548818887,8280.497143032318,0.033329659060143735,1.085204849243164,0.448423837515024,0.16594496603306097,0.5461730143716098,0.3180361853684805,0.0
1467,80.22146481005635,13.100467121810984,36.30894890000002,44.751458300000024,39.92273037764708,1.7144923138136983,-0.033691756427288055,0.8292452692985535,0.47440937117034315,0.18360271647669418,-0.3703659474849701,0.3406432867050171,-0.051523078469669116,0.12146679253353511,60.0,0.06594566296589438,273.06153597265234,6804.0452710899635,0.02738682294046009,1.0515230784696692,0.47440937117034315,0.16340941875695555,0.4487877782506226,0.2775607625544224,0.0
1468,80.22607544296321,13.100467121810984,36.53453822000006,43.032194240000024,39.899620304705905,1.6770675559870205,0.011898603290319443,0.8475073575973511,0.40438026577818625,0.24831925894451476,-0.36637169122695923,0.262330561876297,-0.028719769646139707,0.14338658652804537,196.0,0.10219062253936195,129.53302686252908,10463.097437694352,0.04211479869959967,1.0287197696461396,0.40438026577818625,0.2532222663407733,0.6901350690058546,0.42798738740680586,0.0
1469,80.23068607587007,13.100467121810984,36.51744812000004,42.49898312000005,40.02563236000002,1.6491138481314758,-0.011857707053422928,0.8432651162147522,0.38031578650841347,0.2508299333103012,-0.39304429292678833,0.278618723154068,-0.029833544217623197,0.15184328705462274,249.0,0.18858662209169574,188.16423322613866,8240.5618898207,0.033168916492272216,1.0298335442176232,0.38031578650841347,0.4673063991680455,0.5435389264358828,0.4977994100751804,499.8977247928585
1470,80.23529670877693,13.100467121810984,37.05749528000001,41.897411600000055,40.073146911764724,1.4643718424792893,0.005581602919846773,0.8471840023994446,0.3331030752144608,0.24705063866720386,-0.39268311858177185,0.28178539872169495,-0.0022481162875306374,0.15088874009365158,301.0,0.16146588197213774,133.2722758476328,11383.354463863212,0.045818906363681036,1.0022481162875307,0.3331030752144608,0.400102823074081,0.7508342692226233,0.540395401533498,499.9999999999634
1471,80.23990734168379,13.100467121810984,36.84216002000005,45.31543160000001,40.07865832117649,2.212894928336547,0.021159153431653976,0.8517110347747803,0.3434673234528186,0.23926132917912948,-0.35534143447875977,0.35798320174217224,-0.000944525026807598,0.1364952141882744,295.0,0.16552869284627306,139.40450544643883,6825.561470751981,0.027473427354013744,1.0009445250268076,0.3434673234528186,0.4101702260480301,0.450206964493216,0.4261849214261045,499.8977247928585
1472,80.24451797459065,13.100467121810984,35.97398294000004,43.00826810000001,39.067988836470604,1.428591913210612,0.011251757852733135,0.8489043712615967,0.46192209097055287,0.20933581804812126,-0.4691973328590393,0.3963056206703186,-0.0575395261324369,0.11661578001603277,137.0,0.08804384664577028,159.6628885372042,3961.6613628231644,0.015946001822577417,1.057539526132437,0.46192209097055287,0.2181673996203903,0.2613070798863051,0.2354232717267562,0.0
1473,80.24912860749751,13.100467121810984,39.10147124000002,45.12402248000001,42.866544454117665,1.1661360033902803,-0.0103573277592659,0.8188350200653076,0.22951729568780638,0.16194991076729007,-0.30247873067855835,0.3687087297439575,0.0743252503638174,0.09279104777565136,245.0,0.19050385975102668,193.18047757691474,7028.820320249407,0.028291560376426144,0.9256747496361826,0.22951729568780638,0.4720571997126127,0.46361370766456395,0.46867980289339317,499.8977247928585
1474,80.25373924040437,13.100467121810984,38.725489040000014,44.38231214000001,41.819376665882366,1.0281566492186343,-0.035520266741514206,0.7156729102134705,0.18208242378982842,0.13339635451462642,-0.37199708819389343,0.5908560752868652,0.07118289124731925,0.10240338219290923,59.0,0.09021321574378192,379.87760639100475,6080.717641285025,0.02447537174692076,0.9288171087526808,0.18208242378982842,0.2235429668287861,0.4010778370327499,0.2945569149103716,999.795449585717
1475,80.25834987331123,13.100467121810984,41.036070559999985,45.54102092000005,43.098484904705906,1.0380765190772678,-0.005124920047819614,0.751968502998352,0.2001689265324519,0.14887888089871748,-0.3359440565109253,0.4952627122402191,0.07966002244215745,0.08808158428344093,67.0,0.08782645537295079,325.6687543560687,5849.842841632193,0.02354608233046551,0.9203399775578426,0.2001689265324519,0.21762871701509692,0.38584957439456585,0.2849170599668845,1117.8510370403874
1476,80.26296050621809,13.100467121810984,41.935009820000005,44.26951747999999,42.97955200117649,0.42352053841948667,-0.004123711492866278,0.6788259744644165,0.13764788459329044,0.09915448809720959,-0.17988064885139465,0.29665833711624146,0.11229888317631741,0.06864579047178532,251.0,0.1568655500328812,155.26708360180575,13207.266801469099,0.053160298470693174,0.8877011168236826,0.13764788459329044,0.38870347496726537,0.871137637748994,0.5816771400799569,707.0344653926285
1477,80.26757113912495,13.100467121810984,37.54627214000004,45.19921892000002,42.55882803764708,1.684497409658913,0.0007207207381725311,0.8672128915786743,0.3200331265318627,0.24607605969301471,-0.4754028618335724,0.27839040756225586,0.02356836057176777,0.15208662483914542,100.0,0.09069935833006926,225.33557159158175,6920.673448888905,0.027856260624659457,0.9764316394282322,0.3200331265318627,0.22474759915615086,0.4564804520513396,0.31744074031422637,499.9999999999634
1478,80.27218177203181,13.100467121810984,37.11901964000003,44.90868722000005,41.92665466000002,1.7372691723863025,-0.015739180147647858,0.8939096331596375,0.34232694185697116,0.2517349579596228,-0.44159844517707825,0.5627705454826355,-0.016661441509540263,0.1611146568401688,38.0,0.05872560509662396,383.9453783632251,2004.2863936674892,0.008067412017167786,1.0166614415095403,0.34232694185697116,0.14551854607865308,0.13220065442743467,0.14019138941816572,707.0344653926285
1479,80.27679240493867,13.100467121810984,38.94082430000003,44.61131948000002,42.19496857294119,1.0380878917937835,-0.005995582323521376,0.7827655076980591,0.16424851361443016,0.14611374870748353,-0.44951215386390686,0.34509316086769104,0.10139736998314951,0.10976232630859695,533.0,0.39792682378428074,185.48190466861092,11669.427341918697,0.046970372432353795,0.8986026300168505,0.16424851361443016,0.986038930505866,0.7697033399364512,0.8995046942781,1117.8510370403874
1480,80.28140303784554,13.100467121810984,41.85297734000005,43.68845408000004,42.77510946235295,0.3099615390799657,-0.028181549161672592,0.6506909728050232,0.11484274471507352,0.07272970842376984,-0.14149896800518036,0.36592310667037964,0.15498592601102942,0.06756201352291935,855.0,0.5232770518119068,152.0516422217829,14810.630034263524,0.059613962903579926,0.8450140739889705,0.11484274471507352,1.0,0.9768938157732585,0.9907575263093034,1580.8477527192972
1481,80.2860136707524,13.100467121810984,41.459905040000024,44.23191926000004,43.22140352705884,0.5065279759949864,-0.029120558872818947,0.7137814164161682,0.1522024117264093,0.11044600724550939,-0.2267370969057083,0.3377850651741028,0.1276312375536152,0.07929236367540526,1040.0,0.5942507597221611,141.958678179462,11379.597467155585,0.04580378415336053,0.8723687624463848,0.1522024117264093,1.0,0.7505864616113961,0.9002345846445584,1999.9999999998536
1482,80.29062430365926,13.100467121810984,42.07173062000004,44.437000460000036,43.46277014352944,0.4415537513922222,-0.04858757182955742,0.7547926902770996,0.13751493013822116,0.10967962356781351,-0.233211487531662,0.3370191156864166,0.1304308847280649,0.07834673145930873,1137.0,0.6746175984279765,147.40857302489056,11764.953656749143,0.04735487344111868,0.8695691152719351,0.13751493013822116,1.0,0.7760041567136972,0.9104016626854788,2061.528009815169
1483,80.29523493656612,13.100467121810984,31.65360566000004,45.39746408000002,42.78658170941178,2.6222722268660035,-0.19439366459846497,0.732843816280365,0.11685372146905637,0.15521370957586508,-0.22987067699432373,0.5305685997009277,0.054399025112974876,0.0787693082595981,175.0,0.12392886432095236,175.93812596198651,4280.849699143635,0.017230760242485522,0.9456009748870251,0.11685372146905637,0.3070883326530491,0.28236041192532446,0.29719716436195925,2235.976507258455
1484,80.29984556947298,13.100467121810984,30.570093320000012,40.913021840000056,32.61516919647061,2.301722876369379,-0.336623877286911,0.6079447269439697,-0.14550093108532475,0.10642648880789084,-0.34215500950813293,0.5891719460487366,0.0346849837957644,0.11150970515992828,2.0,0.010041985337980014,1247.4269651463596,0.0,0.0,0.9653150162042357,0.0,0.02488344060008691,0.0,0.014930064360052146,2499.8159166780865
1485,80.30445620237984,13.100467121810984,30.071062400000017,41.494085240000004,33.554817192941194,3.4283705291617683,-0.28667789697647095,0.40789100527763367,-0.052844637357271636,0.15358942690109578,-0.300560861825943,0.5679277777671814,0.02953315734863281,0.12442156298490638,0.0,0.0,0.0,0.0,0.0,0.9704668426513672,0.0,0.0,0.0,0.0,2828.137861570514
1486,80.3090668352867,13.100467121810984,29.667736040000023,33.56427884000004,30.212549504705905,0.6798256059085667,-0.20574162900447845,0.16731855273246765,-0.0972772216796875,0.03588431792184038,-0.29425695538520813,0.5022115111351013,-0.05629192277496936,0.04529965725704881,0.0,0.0,0.0,0.0,0.0,1.0562919227749694,0.0,0.0,0.0,0.0,3201.162817059814
1487,80.31367746819356,13.100467121810984,29.452400780000005,29.82496495999999,29.662721367058843,0.06973795524671911,-0.16344229876995087,0.007874015718698502,-0.07305516860064339,0.023332330797870126,-0.15059445798397064,0.050632912665605545,-0.04834729961320466,0.03115680315452773,0.0,0.0,0.0,0.0,0.0,1.0483472996132046,0.0,0.0,0.0,0.0,3605.0407028368168
1488,80.31828810110042,13.100467121810984,29.366950280000026,29.695080200000007,29.541771950000015,0.05611292275366987,-0.1501377373933792,0.028864657506346703,-0.0630558835543119,0.02456725262749296,-0.12252964079380035,0.08621960133314133,-0.031165196345402643,0.026770413401833712,0.0,0.0,0.0,0.0,0.0,1.0311651963454027,0.0,0.0,0.0,0.0,4030.507291570152
1489,80.32289873400728,13.100467121810984,29.442146719999982,29.68482614000004,29.54413144823531,0.052955309522070976,-0.1407000720500946,0.04527813568711281,-0.059211078718596814,0.027434765523967442,-0.12491077929735184,0.09829620271921158,-0.017114613850911457,0.033558117290718927,0.0,0.0,0.0,0.0,0.0,1.0171146138509115,0.0,0.0,0.0,0.0,4471.4041481615495
1490,80.32750936691414,13.100467121810984,29.32935206000002,29.69166217999998,29.519377414117663,0.07191138876388982,-0.1581699401140213,0.03878116235136986,-0.062068577186734065,0.027816272136399575,-0.13392141461372375,0.11640571802854538,-0.012947618073108149,0.034706665255602065,0.0,0.0,0.0,0.0,0.0,1.012947618073108,0.0,0.0,0.0,0.0,4923.587772701793
1491,80.332119999821,13.100467121810984,29.332770080000046,29.633555839999985,29.514551974117666,0.06286438569044567,-0.143599733710289,0.04282115772366524,-0.059494276780348555,0.02913453259447293,-0.1560283750295639,0.113588847219944,-0.011828555327195388,0.04020468666824644,0.0,0.0,0.0,0.0,0.0,1.0118285553271953,0.0,0.0,0.0,0.0,5384.215219073905
1492,80.33673063272786,13.100467121810984,29.086672640000018,29.56177742,29.357914407058843,0.0888622174683513,-0.15242165327072144,0.06453759223222733,-0.05974679984298407,0.028008706218377973,-0.13547486066818237,0.07759882509708405,-0.023647598565793505,0.02868480633498526,0.0,0.0,0.0,0.0,0.0,1.0236475985657936,0.0,0.0,0.0,0.0,5851.292674753304
1493,80.34134126563472,13.100467121810984,29.052492440000037,29.418220580000025,29.212311485882374,0.06402586568793059,-0.14487633109092712,0.06905710697174072,-0.0589444029564951,0.02903843767360374,-0.12863071262836456,0.11420612782239914,-0.009346781711952358,0.03466313603175955,0.0,0.0,0.0,0.0,0.0,1.0093467817119524,0.0,0.0,0.0,0.0,6323.391010877189
1494,80.34595189854159,13.100467121810984,29.031984319999992,29.41138454000003,29.206173242352957,0.060955536746458996,-0.15555556118488312,0.06818182021379471,-0.05105394803560697,0.030554035837358568,-0.1187584325671196,0.13604487478733063,0.014929300454946665,0.036845933126990124,0.0,0.0,0.0,0.0,0.0,0.9850706995450533,0.0,0.0,0.0,0.0,6799.464483161107
1495,80.35056253144845,13.100467121810984,0.0,29.26440968000003,11.97995206705883,14.31884549447346,-0.15142428874969482,0.05679642781615257,-0.019227296417834713,0.030548531804285607,-0.10372881591320038,0.11560693383216858,-0.001337591246062634,0.023439472440568834,0.0,0.0,0.0,0.0,0.0,1.0013375912460627,0.0,0.0,0.0,0.0,7278.733139056714
1496,80.15230531645344,13.10495867768594,38.35634288000006,45.031735939999976,41.69047059500002,1.4972413308982364,-0.22962963581085205,0.702680766582489,0.2389791810278799,0.15467650932745938,-0.4066234230995178,0.4979536235332489,0.04258076985677083,0.08497437625537134,108.0,0.04759476466055368,109.48659984229992,5921.235594216143,0.02383344383326978,0.9574192301432292,0.2389791810278799,0.11793698750253644,0.3905585664042875,0.22698561906323686,1999.9999999998536
1497,80.1569159493603,13.10495867768594,39.17666768000004,47.37649766000004,43.68090176375002,2.096843400303843,-0.010760952718555927,0.7632306218147278,0.24964010799632352,0.1570376712913952,-0.34188583493232727,0.3128598928451538,0.042275677849264705,0.09151368642126026,167.0,0.2227038042476227,331.3116482950586,5652.197600001201,0.022750544525834568,0.9577243221507353,0.24964010799632352,0.55184674124647,0.3728130989833475,0.48023328434122103,2061.5257980312626
1498,80.16152658226716,13.10495867768594,38.178605840000046,46.289567300000044,43.78126840250002,1.7628650430597008,-0.1195795014500618,0.8064516186714172,0.21618272047776443,0.1629812389276913,-0.47165584564208984,0.39448508620262146,0.05474476740910457,0.09741880655204276,113.0,0.22277168903430447,489.7868205114017,4568.546667759195,0.01838876340473069,0.9452552325908954,0.21618272047776443,0.552014955698114,0.30133660597021406,0.45174361580695405,2121.084049145824
1499,80.16613721517402,13.10495867768594,38.93057024000001,45.930675199999996,42.64791831500002,1.4724465309726875,-0.004089050460606813,0.7363408803939819,0.30049189548866423,0.17975806582878107,-0.2523511052131653,0.2740970551967621,0.05111924713733149,0.0962233495441865,74.0,0.1156034704010626,388.1188112500415,5004.119360022369,0.02014197810649003,0.9488807528626685,0.30049189548866423,0.28645850318154203,0.3300665295728707,0.3039017137380735,1802.652063986766
1500,80.17074784808088,13.10495867768594,41.49066721999998,47.04836774,44.60164346750002,1.4513904143171525,-0.011636544018983841,0.6427226066589355,0.17228565889246322,0.115157986465414,-0.18990042805671692,0.34026673436164856,0.09076033049938725,0.06598290036561745,139.0,0.2423033832678717,433.08208452510945,7537.530263151124,0.03033915832429651,0.9092396695006127,0.17228565889246322,0.6004133288207932,0.4971676885616208,0.5591150727171242,1581.10360696214
1501,80.17535848098774,13.10495867768594,40.475515280000025,47.37991568000001,45.27005487125002,1.5106135870884239,-0.02754444256424904,0.7434167861938477,0.21601698655348558,0.12278683657867213,-0.26682353019714355,0.3010782301425934,0.0966865480863131,0.07272660066403246,171.0,0.2151064635725864,312.52365191134544,5617.22185742998,0.02260976438242796,0.903313451913687,0.21601698655348558,0.533020984282766,0.37050613523225406,0.4680150446625613,1499.9999999998902
1502,80.1799691138946,13.10495867768594,39.94914019999999,44.36180402000002,42.18911196125003,1.1251313922165003,0.004834980238229036,0.7676598429679871,0.21275153664981616,0.16738860709158046,-0.3104988932609558,0.2512393295764923,0.059435185451133576,0.09346434704309096,553.0,0.33313157786161,149.66360811170165,12394.137066563657,0.049887386667460676,0.9405648145488664,0.21275153664981616,0.8254801765524246,0.8175044426983572,0.8222898830107976,1581.10360696214
1503,80.18457974680146,13.10495867768594,37.99745078000001,41.79487100000006,39.91499769875002,0.6430106946021606,-0.019693654030561447,0.8277442455291748,0.26957344803155636,0.18021898435652134,-0.3279244899749756,0.3360477685928345,0.018680677226945466,0.09643241944845422,445.0,0.2790848298277966,155.812307677141,11175.737972783721,0.044983233487594664,0.9813193227730546,0.26957344803155636,0.6915555591522375,0.7371401005262959,0.709789375701861,1802.652063986766
1504,80.18919037970832,13.10495867768594,35.77915580000001,50.45955170000002,42.15592309875002,3.199543459684609,-0.03494860604405403,0.8091185688972473,0.312402108999399,0.2326373449983226,-0.47448015213012695,0.46543169021606445,0.0343369880089393,0.15409560215967077,38.0,0.38948784831370664,2546.4541241020174,0.0,0.0,0.9656630119910607,0.312402108999399,0.9651276527276154,0.0,0.5790765916365692,2121.084049145824
1505,80.19380101261518,13.10495867768594,33.76936004000004,48.829156160000025,43.544457421250016,3.0954606682032866,-0.21998508274555206,0.7489177584648132,0.16839958639705882,0.17853758795061345,-0.3276371955871582,0.622628927230835,0.08115608963311888,0.12021330050721403,35.0,0.2837834416128417,2014.394595237363,1708.1570242604107,0.0068754677716053834,0.9188439103668811,0.16839958639705882,0.7031984388539079,0.11266826796086563,0.46698637049669095,2499.6435456248514
1506,80.19841164552204,13.10495867768594,33.22931288000001,44.48827075999998,41.20761243875001,2.670423091489073,-0.19524870812892914,0.698991060256958,0.16023277133118874,0.1783230566311853,-0.5096963047981262,0.5717067122459412,0.07544538909313725,0.11151157923199087,114.0,0.08099568142121899,176.51538028934354,7367.319741898509,0.029654047449453373,0.9245546109068628,0.16023277133118874,0.20070246666122715,0.485940778888869,0.3147977915522839,2061.1205338806058
1507,80.2030222784289,13.10495867768594,39.95597624000004,43.51071704000003,42.02866608125002,0.6760887027094893,-0.006469002924859524,0.7684404850006104,0.20495525653545674,0.14273314053351402,-0.2933727204799652,0.36195382475852966,0.06863359891451322,0.08994951694759887,264.0,0.1662073206872437,156.41260972768242,13955.34374123033,0.05617136760365914,0.9313664010854867,0.20495525653545674,0.41185182535354703,0.9204800178155197,0.6153031023383362,1580.8217937329741
1508,80.20763291133576,13.10495867768594,39.92863208000006,43.36716020000006,41.14221767375002,0.716286181126709,-0.12282352894544601,0.6912353038787842,0.1666677198223039,0.11896070159956436,-0.1974436640739441,0.5573344230651855,0.10059213675704656,0.08078776224574684,231.0,0.15696879802135189,168.82116515905557,9641.929789797348,0.0388095336577951,0.8994078632429534,0.1666677198223039,0.38895931732330546,0.6359717015402013,0.4877642710100638,1117.834721144428
1509,80.21224354424263,13.10495867768594,38.68105478000001,41.54877356000003,40.09453171250002,0.6148813630922292,-0.037974681705236435,0.6732401251792908,0.17922711540670955,0.10955139771037431,-0.1752140372991562,0.28139960765838623,0.08405227960324754,0.06907341211953615,532.0,0.24156529585408787,112.81022108003071,11595.50483333115,0.046672828460592786,0.9159477203967524,0.17922711540670955,0.5985843922409817,0.764827487841128,0.6650816304810403,707.0280163819414
1510,80.21685417714949,13.10495867768594,32.53545482000004,47.868692539999984,38.87172249125002,4.209950728477136,-0.1699807494878769,0.8119735717773438,0.15490462083082931,0.2272304049708114,-0.42779019474983215,0.49437859654426575,0.019675557063176082,0.1419780809107074,119.0,0.15033029491465755,313.8521359139893,3888.4723109546812,0.01565141007239919,0.980324442936824,0.15490462083082931,0.37250950265327637,0.2564796058364353,0.32609754392653995,499.9999999999634
1511,80.22146481005635,13.10495867768594,34.58626681999999,48.70610743999998,43.15605976625002,3.61944093319982,-0.132096067070961,0.8178021311759949,0.3667784926470588,0.19442539686828172,-0.34526732563972473,0.40173912048339844,0.04560784433402267,0.15236748637249112,22.0,0.3713824614488821,4193.95967124341,1362.6839648083997,0.005484911252219437,0.9543921556659773,0.3667784926470588,0.9202635841764976,0.08988122281058016,0.5881106396301307,499.888603539848
1512,80.22607544296321,13.10495867768594,36.07652354000004,42.23237756000003,38.61440339000002,1.0652231403171333,0.07473309338092804,0.8449869751930237,0.5891142961090686,0.16287869603318433,-0.30719423294067383,0.19891685247421265,-0.10274461933210784,0.09884616565820527,5.0,0.010968346975534874,545.0002691645416,3471.5371524225225,0.01397321292505074,1.1027446193321078,0.5891142961090686,0.027178909474664295,0.22897899465337013,0.10789894354614664,0.0
1513,80.23068607587007,13.10495867768594,37.34119094000005,45.079588220000005,41.61866494812502,2.3125322588673316,-0.006593406666070223,0.8299348950386047,0.3872826209435096,0.21465762668651286,-0.3549630641937256,0.36222684383392334,0.0038829715435321514,0.14842440613125296,13.0,0.2045463919482197,3909.0750767805266,1632.1438256679594,0.006569508606425401,0.9961170284564679,0.3872826209435096,0.5068537567721103,0.10765451611841724,0.3471740605106331,499.888603539848
1514,80.23529670877693,13.10495867768594,36.43199762000006,46.00587164000001,41.46069671375002,2.42127793444811,0.052825551480054855,0.8534502983093262,0.4351191023284314,0.2000482980135271,-0.3733302652835846,0.4014708697795868,-0.008088975794175092,0.1590256647797073,17.0,0.18496073046565414,2703.0628952646343,2214.953121220979,0.008915362337467364,1.0080889757941751,0.4351191023284314,0.4583216560258983,0.14609601356206228,0.3334313990403639,0.0
1515,80.23990734168379,13.10495867768594,35.297214980000035,41.54877356000003,38.19097103000002,1.2719330560721427,-0.01005883514881134,0.8675282597541809,0.5099219707414215,0.20789486090242676,-0.40337109565734863,0.3655523359775543,-0.09175681918275122,0.11808598642803911,23.0,0.062188098315158084,671.7458328475672,4516.334203278995,0.018178604085820803,1.0917568191827511,0.5099219707414215,0.1540983977147369,0.2978927258963084,0.21161612898736548,0.0
1516,80.24451797459065,13.10495867768594,39.29288036000003,43.15182493999998,41.36763106625002,0.7489325920338512,-0.0178048238158226,0.7903461456298828,0.26012423001802887,0.1567195150682977,-0.28458982706069946,0.26107731461524963,0.05526187603290265,0.08515427902509067,159.0,0.08427459530947298,131.68159911758468,12888.503718281529,0.051877251728440286,0.9447381239670973,0.26012423001802887,0.20882741966853563,0.850112354966131,0.4653413937875738,499.888603539848
1517,80.24912860749751,13.10495867768594,41.07025076000002,44.44725452,42.67773802625002,0.747691239612116,-0.03451882675290108,0.6972677707672119,0.1936883544921875,0.12715345256286656,-0.15655139088630676,0.3194354474544525,0.0924801575903799,0.07738110506436309,268.0,0.1949596784113483,180.73220463090152,9979.183062410766,0.04016700488192099,0.9075198424096201,0.1936883544921875,0.4830984525353513,0.6582165780649105,0.553145702747175,707.0280163819414
1518,80.25373924040437,13.10495867768594,37.25232242000004,45.70508588000001,41.436293056250015,1.9707952479883604,-0.01658603921532631,0.845440149307251,0.2439819814644608,0.20969710498649605,-0.3593849241733551,0.42615780234336853,0.04607910455441942,0.11554334493975531,78.0,0.19398129030070804,617.8609980632855,5591.972921773134,0.02250813540985083,0.9539208954455806,0.2439819814644608,0.4806740651641738,0.36884074158991953,0.4359407357344721,1117.834721144428
1519,80.25834987331123,13.10495867768594,39.32706056000001,47.21926874000002,43.25070876125001,1.8724671372671557,-0.0053114439360797405,0.7870980501174927,0.16987818791316106,0.14135631434810295,-0.3976583778858185,0.5715370774269104,0.10363915076622596,0.10267787961510871,10.0,0.04034276634700896,1002.2849644984859,949.2636353512438,0.003820861571224876,0.896360849233774,0.16987818791316106,0.09996696830877015,0.06261244611253867,0.08502515943027755,999.777207079696
1520,80.26296050621809,13.10495867768594,41.641060100000004,45.51367676000001,43.51767874250002,0.7762798751755343,0.015341701917350292,0.7126342058181763,0.15326092888327206,0.09496277458449284,-0.285509318113327,0.4852297604084015,0.12669026692708332,0.07502313951770505,39.0,0.055890951336042036,356.04298663712314,18129.54528652891,0.07297286055148225,0.8733097330729167,0.15326092888327206,0.13849444316481216,1.0,0.48309666589888733,499.888603539848
1521,80.26757113912495,13.10495867768594,36.96862676000001,44.10887054,41.28872758250002,1.8599886916729582,0.04901036620140076,0.8812329173088074,0.42270163143382355,0.23937909941610944,-0.4315883219242096,0.4169658124446869,0.004963714749205346,0.14370514556388592,49.0,0.051056203133779794,258.86776565938834,7235.32794532365,0.029122769978718696,0.9950362852507947,0.42270163143382355,0.1265142255426692,0.47723473670778127,0.26680243000871406,0.0
1522,80.27218177203181,13.10495867768594,37.67273888,44.82665473999998,41.07498614187502,1.5394066964608806,-0.0740935355424881,0.8747726678848267,0.38485013521634615,0.21361483784764215,-0.49405109882354736,0.5358000993728638,-0.018999978579007662,0.14742069470962324,42.0,0.029474424265210325,174.349851069928,6191.495233656548,0.024921260359822856,1.0189999785790076,0.38485013521634615,0.07303586499486493,0.40838461227888295,0.20717536390847216,499.888603539848
1523,80.27679240493867,13.10495867768594,39.016020740000044,45.08984228000003,42.146411843750016,1.0993148329483542,-0.0317460335791111,0.8175910711288452,0.2829388308057598,0.18665432823589836,-0.35435327887535095,0.3640446960926056,0.045202714508655026,0.1213789983994747,323.0,0.23975177421134208,184.4101613845523,7886.006100960172,0.03174180126520335,0.954797285491345,0.2829388308057598,0.5940905937982015,0.5201527938619702,0.564515473823709,999.777207079696
1524,80.28140303784554,13.10495867768594,39.638100380000026,43.82517488000002,42.118916888750014,0.9203487808353412,0.00966891273856163,0.8112359642982483,0.3097318043428309,0.19937175088072384,-0.3789563775062561,0.3148237466812134,0.045728717878753065,0.10987870315589553,280.0,0.2080978751336293,184.64398088519118,7146.752322985216,0.02876624605961268,0.9542712821212469,0.3097318043428309,0.5156541202373017,0.4713923804075764,0.4979494243054116,1499.6658106195441
1525,80.2860136707524,13.10495867768594,39.70987880000001,43.28512771999999,41.40350771000003,0.712374750100863,-0.01295896340161562,0.8345733284950256,0.32870811312806375,0.20653982951346206,-0.3036380112171173,0.3046228289604187,0.028440399169921873,0.11410809801750983,413.0,0.318491270177559,191.59008130108091,7764.4590151252105,0.03125256458524844,0.9715596008300781,0.32870811312806375,0.7892023674975509,0.5121356739823473,0.6783756900914695,1999.554414159392
1526,80.29062430365926,13.10495867768594,40.70794064000006,44.91210524000002,42.746136125000014,0.8283123443673996,-0.03030303120613098,0.8192484974861145,0.26725381704477164,0.17798563792756092,-0.27952271699905396,0.4542117118835449,0.049916287935697114,0.10136537024929165,83.0,0.056793434831633106,169.9986934202077,6875.099883114535,0.027672823400640496,0.9500837120643029,0.26725381704477164,0.14073074342808425,0.4534744668593037,0.26582823280057205,2499.44301769924
1527,80.29523493656612,13.10495867768594,41.347110380000004,45.725594,43.27078962875002,1.1975440762782414,-0.03281733766198158,0.7363175749778748,0.18917606129365808,0.1487576986169455,-0.2198256105184555,0.29477041959762573,0.06378627403109681,0.07256734747370407,22.0,0.07144973633994223,806.8698547627511,3087.3174961206105,0.012426698274112908,0.9362137259689032,0.18917606129365808,0.1770481842253375,0.2036362641097313,0.187683416179095,2692.499668299917
1528,80.29984556947298,13.10495867768594,30.58376540000006,45.52734884000006,34.919850492500025,4.971009002331162,-0.3766816258430481,0.23627685010433197,-0.13226428462009804,0.13504801091710647,-0.17234884202480316,0.653401792049408,0.060408373066023285,0.0808782902792262,0.0,0.0,0.0,0.0,0.0,0.9395916269339767,0.0,0.0,0.0,0.0,2915.3040224889514
1529,80.30445620237984,13.10495867768594,29.913833479999994,34.69906148000001,30.95679453125002,1.2081481688602425,-0.3513513505458832,0.2436048835515976,-0.1395616736778846,0.07039583673040352,-0.37728938460350037,0.6407061219215393,-0.0019948900662935696,0.09881426349700828,0.0,0.0,0.0,0.0,0.0,1.0019948900662936,0.0,0.0,0.0,0.0,3201.2837823572277
1530,80.3090668352867,13.10495867768594,29.630137820000016,31.024689980000005,30.218112657500015,0.3611456255403726,-0.2302025854587555,0.1783975213766098,-0.1050048828125,0.06211854956017541,-0.29032257199287415,0.5450236797332764,-0.05326317880667892,0.08373577823183175,0.0,0.0,0.0,0.0,0.0,1.0532631788066789,0.0,0.0,0.0,0.0,3535.140081909707
1531,80.31367746819356,13.10495867768594,29.565195440000025,29.859145160000025,29.731019675000017,0.07866906083897426,-0.16103602945804596,0.026255708187818527,-0.0744825714709712,0.023596605645453267,-0.17148621380329132,0.052173912525177,-0.05874053955078125,0.031729915890614226,0.0,0.0,0.0,0.0,0.0,1.0587405395507812,0.0,0.0,0.0,0.0,3904.611398611107
1532,80.31828810110042,13.10495867768594,29.431892660000017,29.698498220000033,29.57515279687502,0.05515468842059401,-0.1415313184261322,0.0521792508661747,-0.07091072082519531,0.023627379227311205,-0.14050719141960144,0.06209849938750267,-0.042833965008075424,0.03184273947173369,0.0,0.0,0.0,0.0,0.0,1.0428339650080753,0.0,0.0,0.0,0.0,4300.528128207166
1533,80.32289873400728,13.10495867768594,29.380622360000018,29.67457208000002,29.507466087500017,0.052490085152325755,-0.17839375138282776,0.03966844454407692,-0.06452724082797182,0.02719210533979991,-0.10592685639858246,0.11756756901741028,-0.001956053715126187,0.03439241675062147,0.0,0.0,0.0,0.0,0.0,1.0019560537151262,0.0,0.0,0.0,0.0,4716.234877604838
1534,80.32750936691414,13.10495867768594,29.41138454000003,29.773694660000046,29.544712452500022,0.0750288895322976,-0.16736990213394165,0.06528370827436447,-0.057696084415211395,0.02866235465442746,-0.11463844776153564,0.11464088410139084,0.010858075011010264,0.037034089693955,0.0,0.0,0.0,0.0,0.0,0.9891419249889898,0.0,0.0,0.0,0.0,5146.938691287244
1535,80.332119999821,13.10495867768594,29.240483540000014,29.619883759999993,29.45230025000002,0.08309833758845298,-0.15238718688488007,0.03872157260775566,-0.06369242741511419,0.027712714557322913,-0.14450035989284515,0.08708708733320236,-0.02791569636418269,0.031072776020903945,0.0,0.0,0.0,0.0,0.0,1.0279156963641827,0.0,0.0,0.0,0.0,5589.17360572214
1536,80.33673063272786,13.10495867768594,29.16186908000003,29.45581880000003,29.30961048125002,0.06083258027657421,-0.1551976501941681,0.022516556084156036,-0.06189374736711091,0.025237448117166602,-0.13841599225997925,0.07680608332157135,-0.027896890079273897,0.027539117067197767,0.0,0.0,0.0,0.0,0.0,1.027896890079274,0.0,0.0,0.0,0.0,6040.407480446202
1537,80.34134126563472,13.10495867768594,29.076418579999995,29.486580979999985,29.25686993000002,0.07436662158576776,-0.16905070841312408,0.04233171418309212,-0.06701921051623774,0.026829217298142485,-0.13710878789424896,0.09206349402666092,-0.022742453182444854,0.03194169661262578,0.0,0.0,0.0,0.0,0.0,1.022742453182445,0.0,0.0,0.0,0.0,6498.76609031729
1538,80.34595189854159,13.10495867768594,28.990968080000016,29.339606119999985,29.167674687500018,0.07984325488360926,-0.16506101191043854,0.05227882042527199,-0.05865975013146034,0.031048400129551935,-0.15026697516441345,0.1369047611951828,-0.0028895510160006008,0.044503187730408074,0.0,0.0,0.0,0.0,0.0,1.0028895510160005,0.0,0.0,0.0,0.0,6962.84252984249
1539,80.35056253144845,13.10495867768594,0.0,29.370368299999996,12.015003773455888,14.360809397529435,-0.14747190475463867,0.05475141480565071,-0.021034258674172794,0.03186317855823851,-0.12914608418941498,0.1250893473625183,0.00010529387230966605,0.024960460101671432,0.0,0.0,0.0,0.0,0.0,0.9998947061276904,0.0,0.0,0.0,0.0,7431.565698155865
1540,80.15230531645344,13.109450233560894,38.62978448000001,42.01020626000002,40.57425939411766,0.6242065789234343,-0.009367681108415127,0.6042314767837524,0.1943930233226103,0.11796963781445104,-0.25841477513313293,0.27058130502700806,0.06424876493566177,0.0698638685554488,244.0,0.1431212236143504,145.72690951502665,11303.339112072887,0.04549683821382447,0.9357512350643382,0.1943930233226103,0.3546458540374471,0.7455565395007913,0.5110101282227848,2499.999999999817
1541,80.1569159493603,13.109450233560894,39.60050216000002,47.05178576000003,43.33509704352943,1.9555769936448857,-0.032511211931705475,0.7612403035163879,0.20285319010416666,0.1428848611521036,-0.25845831632614136,0.29605910181999207,0.0774422918581495,0.0821050092094572,241.0,0.2527143317266134,260.51838060367777,8147.139190247475,0.032792882702094066,0.9225577081418505,0.20285319010416666,0.6262110380231626,0.5373768619420164,0.5906773675907041,2235.6367996258623
1542,80.16152658226716,13.109450233560894,41.442814940000005,47.48245628000001,44.826796664705896,1.2030841300900297,-0.05082417652010918,0.5457994341850281,0.13858295147235578,0.09963243100832304,-0.17031681537628174,0.35727110505104065,0.09105015681340144,0.07135976406375788,139.0,0.3676957119866751,657.2026493005569,6338.916393292601,0.02551464224306584,0.9089498431865985,0.13858295147235578,0.9111280389468842,0.41810835926529827,0.7139201670742499,1802.4748108255785
1543,80.16613721517402,13.109450233560894,39.82267346000003,46.57668097999999,44.38292714705884,1.165693839107628,-0.34836065769195557,0.5993391275405884,0.16397525562959558,0.11441694528296496,-0.3077564537525177,0.41582733392715454,0.07893022724226409,0.07516157506929584,188.0,0.298830136903138,394.9045021977235,6795.252042369187,0.02735142949605223,0.9210697727577359,0.16397525562959558,0.7404832521534869,0.44820778599248545,0.6235730656890863,1414.0431305162626
1544,80.17074784808088,13.109450233560894,42.38960648,47.403841820000025,45.30431416470589,0.8924708153634344,-0.056680161505937576,0.7084782123565674,0.17147927676930147,0.12135661786052417,-0.3015362024307251,0.39835914969444275,0.09340327244178921,0.08164164631207188,142.0,0.2840717112285239,497.0100647855168,6966.1145980359015,0.028039164861229957,0.9065967275582107,0.17147927676930147,0.7039127537644773,0.4594777031797949,0.6061387335306043,1117.9800954131285
1545,80.17535848098774,13.109450233560894,39.15274154000002,47.93363492000003,43.745519638823545,2.1057359763589187,-0.018095986917614937,0.8198309540748596,0.30628335806039664,0.2110858250254641,-0.32988739013671875,0.2998543083667755,0.028430880033052885,0.12225867507409852,55.0,0.2675879517302836,1208.7302924205615,2428.6831992718276,0.009775642886966359,0.9715691199669472,0.30628335806039664,0.6630669810875088,0.16019342812238707,0.46191755990146016,999.9999999999268
1546,80.1799691138946,13.109450233560894,39.17324966000001,45.23681714000003,41.74272549764708,1.5265042862426632,-0.007876968942582607,0.7440414428710938,0.2628481397441789,0.162731737105199,-0.2767452597618103,0.2834516763687134,0.029509765026616116,0.09336056173742785,327.0,0.24977582800179274,189.77027860121976,7844.964611943199,0.031576606010301614,0.9704902349733839,0.2628481397441789,0.6189296010932399,0.5174457397583937,0.5783360565593014,1117.9800954131285
1547,80.18457974680146,13.109450233560894,38.27772842000002,41.46674108000002,39.70342122588237,0.71852707460889,0.008201202377676964,0.7855150103569031,0.257131227979473,0.1721173418963887,-0.2851405739784241,0.26814427971839905,0.023415973139744178,0.09961131205970918,497.0,0.3209469633115916,160.43622057700046,12258.311591292484,0.04934067833530704,0.9765840268602558,0.257131227979473,0.7952874285861815,0.808545535041498,0.8005906711683081,1414.0431305162626
1548,80.18919037970832,13.109450233560894,35.53305836000004,42.91256354000001,40.13550048000002,1.5168350932279622,-0.2504012882709503,0.8047999739646912,0.28227158766526445,0.20557955278061107,-0.3356669545173645,0.5304173231124878,0.022266822228064902,0.13304422267240296,57.0,0.19359424926681387,843.8070260424836,1229.5677674890435,0.004949107979130904,0.9777331777719351,0.28227158766526445,0.47971500057161004,0.08110101632107289,0.32026940687139516,1802.4748108255785
1549,80.19380101261518,13.109450233560894,34.90072466000004,46.60060712000001,40.86995951882355,2.748138899397502,-0.01101170014590025,0.8688672184944153,0.39785414751838233,0.24612495226669948,-0.5779001712799072,0.31304070353507996,-0.050539987601485904,0.16328382026695482,29.0,0.23198670743627958,1987.4245200267574,384.12186833807823,0.0015461210466120924,1.0505399876014858,0.39785414751838233,0.5748492215645468,0.025336280550836004,0.35504404515906246,2235.6367996258623
1550,80.19841164552204,13.109450233560894,38.25722030000003,43.965313700000024,41.55337428588237,1.0854960968719018,-0.008914981968700886,0.855405867099762,0.3083190678615196,0.2042755404217587,-0.5319023132324219,0.2586572468280792,0.013476810829312194,0.11967940644275803,150.0,0.0628854558431868,104.15604842284631,9047.094540059885,0.03641527450544608,0.9865231891706878,0.3083190678615196,0.15582640806744041,0.5967369846153879,0.33219063868661947,2235.6367996258623
1551,80.2030222784289,13.109450233560894,39.897869900000046,43.36716020000006,41.94758198352943,0.5972911951870014,0.03128990903496742,0.7916157245635986,0.23666407658503605,0.14530294136759914,-0.3162323236465454,0.2274729609489441,0.04415278508112981,0.0864995818426706,315.0,0.15622590968209513,123.21626750591454,12913.221278913064,0.05197674187431162,0.9558472149188701,0.23666407658503605,0.3871184843365775,0.8517426996622098,0.5729681704668305,1802.4748108255785
1552,80.20763291133576,13.109450233560894,39.51846968000001,42.051222499999994,40.82653055882355,0.4892792189298171,0.0053176600486040115,0.7335737943649292,0.20074083515242033,0.13709488263242522,-0.2482890784740448,0.44916200637817383,0.0828955078125,0.08103098102301927,200.0,0.14821211764752348,184.1107967123915,11327.365798113478,0.04559354753456276,0.9171044921875,0.20074083515242033,0.3672607857478813,0.7471413148244797,0.5192129973785207,1414.0431305162626
1553,80.21224354424263,13.109450233560894,39.12539737999998,44.16355886000002,41.35434854000002,0.850683125493388,-0.060824740678071976,0.622434675693512,0.19369760550704657,0.11500377870240922,-0.24293498694896698,0.45318126678466797,0.07494361428653493,0.07437506369476929,181.0,0.11665072820336633,160.11588491282106,11390.90857412981,0.04584931225783683,0.925056385713465,0.19369760550704657,0.28905354554015245,0.7513325305110381,0.4739651395285067,1117.9800954131285
1554,80.21685417714949,13.109450233560894,40.099533080000015,48.44633792000002,42.8877267164706,1.951030281411016,-0.030430853366851807,0.7499691843986511,0.20858104999248797,0.13191950751723794,-0.2616996765136719,0.34238922595977783,0.09074764545147236,0.08993158622424705,106.0,0.31480460906642616,737.8375567255928,7246.058303655254,0.029165960523755776,0.9092523545485276,0.20858104999248797,0.7800670411966286,0.47794250002851274,0.6592172247293823,999.9999999999268
1555,80.22146481005635,13.109450233560894,40.54387568000004,48.34721534000005,43.12975564823531,1.8683697768119425,0.021395348012447357,0.7399032711982727,0.21571523628982844,0.12793845666338832,-0.2953919470310211,0.33627253770828247,0.08062921262254902,0.08744648265726422,186.0,0.15657952761174068,209.14504255912493,9132.87706430429,0.03676055598275331,0.919370787377451,0.21571523628982844,0.3879947284707111,0.6023951110584839,0.47375488150582024,707.0215652581313
1556,80.22607544296321,13.109450233560894,38.69130884000003,43.326143960000024,40.74919342117649,0.8387185213146512,0.02231237292289734,0.8185463547706604,0.30742149203431374,0.18248347428951014,-0.30211982131004333,0.20732451975345612,0.01048488691741345,0.09524392706915706,195.0,0.11379257563646833,144.9789188347998,9672.887432003625,0.03893414062791034,0.9895151130825866,0.30742149203431374,0.28197121398611147,0.6380136355532899,0.42438818261298283,499.9999999999634
1557,80.23068607587007,13.109450233560894,39.63126434000003,44.83007276000001,41.76861033000002,0.8456808063001521,-0.007931665517389774,0.7960441708564758,0.2185222449669471,0.14505104308246072,-0.27836182713508606,0.3215656280517578,0.06055579552283654,0.09111639650633625,263.0,0.17844939557046863,168.57178024497986,9540.28039011212,0.038400386745882004,0.9394442044771635,0.2185222449669471,0.4421869565976064,0.6292670124284055,0.517018978929926,707.0215652581313
1558,80.23529670877693,13.109450233560894,40.43108102000002,43.66110992000006,41.81660913411766,0.5367152963860634,0.0067589315585792065,0.7558591365814209,0.23316937614889705,0.16367326677426344,-0.3570598363876343,0.2933618724346161,0.06116954130284927,0.09824049681307687,145.0,0.10127097076293645,173.51719215762023,10523.84208832829,0.042359300745839774,0.9388304586971508,0.23316937614889705,0.25094342410178916,0.6941417232405712,0.42822274375730196,499.9999999999634
1559,80.23990734168379,13.109450233560894,38.44862942000003,43.032194240000024,41.403300736470605,0.7847067909237603,-0.03233679011464119,0.7814137935638428,0.265693359375,0.1584564352602488,-0.24650071561336517,0.2916097342967987,0.051373805625765934,0.08686788677989526,111.0,0.1104589488221759,247.23130865684934,4937.0282507481415,0.019871931059863315,0.948626194374234,0.265693359375,0.2737106856120491,0.3256412695000895,0.29448291916726527,499.9999999999634
1560,80.24451797459065,13.109450233560894,39.084381140000005,43.37399624,40.959561316470605,0.9331818286854613,-0.02242744155228138,0.7929793000221252,0.22810687725360576,0.151772521133639,-0.265267550945282,0.28033724427223206,0.062156413151667665,0.08452308302474176,214.0,0.1475719899777811,171.32301192591575,10409.62955304638,0.041899586214744995,0.9378435868483324,0.22810687725360576,0.36567458756989124,0.6866083827180839,0.49404810562916834,707.0215652581313
1561,80.24912860749751,13.109450233560894,40.00724653999998,44.36864006000002,41.632899429411786,0.609375897110977,-0.009190631099045277,0.7593145370483398,0.23076167087928923,0.15118216949212934,-0.26019689440727234,0.2757834792137146,0.060958299823835785,0.09053096855179585,338.0,0.22160435311423882,162.88726360165074,10140.513850210866,0.0408163741239364,0.9390417001761642,0.23076167087928923,0.5491223669271027,0.6688577897170238,0.5970165360430711,1117.8183998129311
1562,80.25373924040437,13.109450233560894,39.00234866000005,46.009289660000036,41.127410935294144,1.2645441984743429,0.01566915027797222,0.8142051100730896,0.31308581782322303,0.19788293993093037,-0.35139963030815125,0.27574169635772705,0.022094334621055454,0.10665010927719594,199.0,0.13629573604375422,170.15892509287013,8597.266811780843,0.03460468215086081,0.9779056653789445,0.31308581782322303,0.33773270302066566,0.5670668136029107,0.4294663472535637,1414.0431305162626
1563,80.25834987331123,13.109450233560894,38.92373420000001,44.59422938,41.1116099847059,1.238545464217265,-0.01814582571387291,0.728733479976654,0.2305530019906851,0.156965481985946,-0.2671719789505005,0.4101469814777374,0.0404409907414363,0.08776673502566942,88.0,0.11552366124254211,326.1473188821377,5665.181189880164,0.02280280450691635,0.9595590092585637,0.2305530019906851,0.2862607408478453,0.37366948312297926,0.3212242377578989,1117.8183998129311
1564,80.26296050621809,13.109450233560894,41.96919002000004,44.97021158000001,43.185508403529425,0.6452105276826049,0.004460303112864494,0.7085112929344177,0.18435044232536765,0.12016272862473483,-0.2915419638156891,0.2506037950515747,0.07233494178921569,0.07198653081586008,86.0,0.03168690736599373,91.53916435354034,12730.185150681504,0.05124000691211434,0.9276650582107843,0.18435044232536765,0.0785182661301084,0.8396698262382681,0.38297889017337233,707.0215652581313
1565,80.26757113912495,13.109450233560894,38.09315534000001,43.623511699999995,41.68467829294119,1.2417918843661329,0.00695944344624877,0.8492346405982971,0.3790508674172794,0.22097482660456516,-0.4285281300544739,0.2869887351989746,-0.01879089953852635,0.12917710300749963,10.0,0.003955826156646573,98.27945473230173,8144.684341243041,0.0327830017397619,1.0187908995385264,0.3790508674172794,0.009802301226321608,0.5372149426444888,0.2207673577935885,499.9999999999634
1566,80.27218177203181,13.109450233560894,37.40613331999998,44.14988678000003,41.71803257000001,1.5642229813729633,-0.015776362270116806,0.9012187123298645,0.34499107947716345,0.23485686767976954,-0.607738196849823,0.4240976572036743,-0.017532950181227466,0.15423793794425658,36.0,0.023126063545798867,159.59701135774196,7640.162484756294,0.03075226117254323,1.0175329501812274,0.34499107947716345,0.05730500585170907,0.5039372035892202,0.23595788494671355,707.0215652581313
1567,80.27679240493867,13.109450233560894,38.182023860000015,45.36670190000001,41.76299707647061,1.6816068409995004,0.012093023397028446,0.8419842720031738,0.3871851064644608,0.21545374480790594,-0.3566661775112152,0.313040554523468,-0.01668028887580423,0.12379942232858929,34.0,0.031147374702809667,227.5978058480452,5389.9919576408565,0.02169514597758799,1.0166802888758042,0.3871851064644608,0.07718133637724661,0.35551828641358557,0.1885161163917822,1117.8183998129311
1568,80.28140303784554,13.109450233560894,40.26018002000001,45.02489990000004,42.46370300352943,1.0148603645642467,-0.034354690462350845,0.7851579785346985,0.2520059263939951,0.18471424257771227,-0.2658613622188568,0.33636364340782166,0.07112450693167892,0.10604094685457599,58.0,0.0615673710577333,263.7230904864107,11934.933236838913,0.04803905475942825,0.9288754930683211,0.2520059263939951,0.15256027260111357,0.7872158337465635,0.4064224970592935,1580.7958260511743
1569,80.2860136707524,13.109450233560894,39.26553620000004,44.15672282000003,42.57228723058826,0.8300063503055096,-0.0009986018994823098,0.8741433024406433,0.23202529009650735,0.1784761354730343,-0.2917748987674713,0.32554981112480164,0.0886262482287837,0.10395739028316353,10.0,0.01486145539532224,369.2214154372371,12169.436888327755,0.04898295059291194,0.9113737517712163,0.23202529009650735,0.036825799890555275,0.802683451692979,0.3431688606115248,2061.08512678188
1570,80.29062430365926,13.109450233560894,39.39200294,43.79441270000001,42.350659975294136,0.6420039751378708,-0.024417314678430557,0.850220263004303,0.21114696796123797,0.17049949556721533,-0.32128313183784485,0.3354611098766327,0.09363210237943209,0.10380074827341007,4.0,0.010237881617065145,635.8807130897593,11411.881770372616,0.04593373103947514,0.9063678976205679,0.21114696796123797,0.02536885989321779,0.7527159008105594,0.31630767626015444,2548.9188577713353
1571,80.29523493656612,13.109450233560894,40.63958023999999,44.81298265999999,43.12352278823531,0.9045529698580218,-0.02062813565135002,0.6685556173324585,0.20386302274816176,0.12966648857260415,-0.2214912325143814,0.33387139439582825,0.07720104741115195,0.0776356198151409,21.0,0.03453631946294166,408.5848870659436,7909.768452954373,0.03183744662039803,0.922798952588848,0.20386302274816176,0.08557893932103694,0.5217201339857637,0.26003541718692763,3040.667981651954
1572,80.29984556947298,13.109450233560894,30.508568960000048,44.963375540000015,38.0062855929412,5.202011427759387,-0.30557867884635925,0.6698113083839417,-0.009837974847531785,0.17808594165883562,-0.1994917392730713,0.5738552212715149,0.05313196518841912,0.09738079936520698,12.0,0.03633854965973858,752.3360702460826,0.0,0.0,0.9468680348115809,0.0,0.0900447582343615,0.0,0.0540268549406169,3353.940286239386
1573,80.30445620237984,13.109450233560894,30.08815249999998,34.41194780000001,31.75188851882354,1.1323923669036922,-0.33833175897598267,0.23236514627933502,-0.1024554678109976,0.10062323562223836,-0.3644859790802002,0.7074981331825256,0.045500253530649036,0.1291890750565145,0.0,0.0,0.0,0.0,0.0,0.954499746469351,0.0,0.0,0.0,0.0,3605.2838861648875
1574,80.3090668352867,13.109450233560894,29.60279366000003,30.62136362000001,29.917310635294136,0.17885198623885729,-0.19566898047924042,0.13826850056648254,-0.10478328929227941,0.028140286404153208,-0.2494109719991684,0.28669410943984985,-0.05255182004442402,0.03787754019429219,0.0,0.0,0.0,0.0,0.0,1.052551820044424,0.0,0.0,0.0,0.0,3904.739087762593
1575,80.31367746819356,13.109450233560894,29.42847463999999,29.84889110000006,29.58006205294119,0.07209387603588557,-0.17126363515853882,0.00219058059155941,-0.08293243408203126,0.023350979035705613,-0.1626429408788681,0.052269600331783295,-0.061638506721047794,0.031933020073843514,0.0,0.0,0.0,0.0,0.0,1.0616385067210479,0.0,0.0,0.0,0.0,4242.129391548788
1576,80.31828810110042,13.109450233560894,29.29858988000001,29.609629700000028,29.469591410000017,0.06724625459804856,-0.15239295363426208,0.013019219040870667,-0.07465271582970252,0.02215795785797043,-0.154852032661438,0.04301075264811516,-0.05332751347468449,0.028258925832050516,0.0,0.0,0.0,0.0,0.0,1.0533275134746845,0.0,0.0,0.0,0.0,4609.131717933793
1577,80.32289873400728,13.109450233560894,29.363532260000056,29.595957620000036,29.482204968235312,0.05831928822082728,-0.15307402610778809,0.015384615398943424,-0.06781648523667279,0.023565975952779435,-0.11330049484968185,0.05685131251811981,-0.03032911113664216,0.026227066975362128,0.0,0.0,0.0,0.0,0.0,1.0303291111366422,0.0,0.0,0.0,0.0,4999.228700446173
1578,80.32750936691414,13.109450233560894,29.339606119999985,29.650645940000004,29.485965972941198,0.06576188021973216,-0.16154873371124268,0.0162443146109581,-0.07084129183900123,0.024513228959600387,-0.13377483189105988,0.06283941119909286,-0.028365101533777574,0.027662925708041134,0.0,0.0,0.0,0.0,0.0,1.0283651015337776,0.0,0.0,0.0,0.0,5407.424432476735
1579,80.332119999821,13.109450233560894,29.189213240000015,29.578867520000017,29.40542370235296,0.0769424471539546,-0.14152823388576508,0.021709633991122246,-0.0677069796048678,0.025486579967963063,-0.15118643641471863,0.060259342193603516,-0.025321153494027946,0.028827124012770166,0.0,0.0,0.0,0.0,0.0,1.0253211534940279,0.0,0.0,0.0,0.0,5829.918470614159
1580,80.33673063272786,13.109450233560894,29.117434820000028,29.435310680000043,29.258472496470606,0.05916496313096431,-0.14510364830493927,0.02606309950351715,-0.06175456925934436,0.023460577980420536,-0.12052593380212784,0.08146964758634567,-0.023588027954101563,0.027193123119044114,0.0,0.0,0.0,0.0,0.0,1.0235880279541016,0.0,0.0,0.0,0.0,6263.818223938984
1581,80.34134126563472,13.109450233560894,29.086672640000018,29.387458400000014,29.276213084705905,0.06800514394780655,-0.150478795170784,0.031562741845846176,-0.06240261900658701,0.026726858529837475,-0.11856823414564133,0.07993197441101074,-0.02274577720492494,0.027194796768151282,0.0,0.0,0.0,0.0,0.0,1.0227457772049249,0.0,0.0,0.0,0.0,6706.910398877587
1582,80.34595189854159,13.109450233560894,28.997804120000012,29.353278199999977,29.155541603529432,0.07403830832185454,-0.1618780642747879,0.03527717664837837,-0.06043405386117789,0.027873866565480035,-0.12172573059797287,0.0701373815536499,-0.026140767610990084,0.030282256834044025,0.0,0.0,0.0,0.0,0.0,1.0261407676109902,0.0,0.0,0.0,0.0,7157.487998039162
1583,80.35056253144845,13.109450233560894,0.0,29.325934039999993,12.001784817647065,14.344962678903814,-0.1376146823167801,0.05953177437186241,-0.023297455731560203,0.034341458751245967,-0.17304746806621552,0.06603023409843445,-0.011058273315429688,0.024747200487350456,0.0,0.0,0.0,0.0,0.0,1.0110582733154296,0.0,0.0,0.0,0.0,7614.222269743459
1584,80.15230531645344,13.113941789435849,39.279208280000034,42.77926076000006,41.25834830352943,0.6560309193728049,-0.008474576286971569,0.8298162221908569,0.22282324697457107,0.16313761663005727,-0.377578467130661,0.30013036727905273,0.056341205671721815,0.08798408944222211,199.0,0.1263076844867751,157.68930450134894,8311.539142257141,0.033454605573962556,0.9436587943282781,0.22282324697457107,0.3129829071124105,0.5482205124862621,0.4070779492619512,2548.8741074566874
1585,80.1569159493603,13.113941789435849,40.07218892000003,43.852519040000004,41.893757038823544,0.5916526114085137,-0.05077262595295906,0.6955503225326538,0.20220516429227942,0.13056652517593695,-0.2464626580476761,0.27510738372802734,0.07244464949065564,0.0780260358476397,288.0,0.1673036096342798,144.32393581658633,9992.202093759137,0.040219407517733695,0.9275553505093443,0.20220516429227942,0.4145683639637888,0.659075299887153,0.5123711383331344,2061.049707800466
1586,80.16152658226716,13.113941789435849,39.96964832000003,46.55617286000006,42.62155875764707,1.8704418526339421,-0.03242446482181549,0.7553957104682922,0.2305792001577524,0.17328271429351008,-0.33820840716362,0.35659489035606384,0.03002455784724309,0.09617899253583721,116.0,0.2307761268736248,494.26337639563525,4617.616651969729,0.0185862739908191,0.9699754421527569,0.2305792001577524,0.5718494751490139,0.3045732113006061,0.46493896960965075,1580.7698496741077
1587,80.16613721517402,13.113941789435849,41.23431572000004,46.74758198000001,44.04448403176472,1.6125013924911387,-0.036707453429698944,0.629729151725769,0.16115485696231618,0.12114885311043556,-0.21128956973552704,0.2896868884563446,0.0704969877355239,0.07730636424528593,193.0,0.27167160216546277,349.71356263296383,8403.840053395148,0.0338261240765393,0.9295030122644761,0.16115485696231618,0.673186023250514,0.554308584976923,0.6256350479410776,1117.80207304606
1588,80.17074784808088,13.113941789435849,39.983320400000025,48.38481356,44.31171642588238,2.056236809921501,-0.23102174699306488,0.6751192808151245,0.2033572926240809,0.13668895310574336,-0.3525298237800598,0.41793292760849,0.07919739966299019,0.09102954236422814,258.0,0.35778526535240657,344.53098488576006,6950.5628612932705,0.0279765678849287,0.9208026003370098,0.2033572926240809,0.8865705434074854,0.45845192673319785,0.7153230967377704,707.0151120212989
1589,80.17535848098774,13.113941789435849,31.858686860000034,46.54591879999998,40.03706255529414,4.44105830096657,-0.08066298067569733,0.8585078120231628,0.29322918231670675,0.22059744126610098,-0.6751530766487122,0.4100080728530884,-0.04008134988638071,0.16134162838507007,42.0,0.11081706528368744,655.515393765386,2937.392652660534,0.011823238864507958,1.0400813498863808,0.29322918231670675,0.27459807683978094,0.19374737673167283,0.2422577967965377,499.9999999999634
1590,80.1799691138946,13.113941789435849,31.879194980000022,45.41797220000001,39.13049484235296,3.551360396611533,-0.11582569032907486,0.846279501914978,0.25518119064031863,0.1811842243597369,-0.6371046900749207,0.2729376256465912,-0.019669177485447303,0.146396616595086,313.0,0.20012348058292365,158.8470853912471,6707.263161946322,0.02699726725978535,1.0196691774854474,0.25518119064031863,0.49589404626331846,0.44240413058126693,0.47449807999049787,707.0151120212989
1591,80.18457974680146,13.113941789435849,35.25619874000006,41.98628012000006,40.45611890352943,1.1830655281505602,0.004632310476154089,0.7031330466270447,0.20580554438572304,0.12593976742638632,-0.19699595868587494,0.24614599347114563,0.05443278593175552,0.06953916939582849,550.0,0.2996637568446226,135.3620961244692,13079.300694823265,0.05264522472184845,0.9455672140682445,0.20580554438572304,0.7425489126378263,0.8626971259056967,0.7906081979449744,1117.80207304606
1592,80.18919037970832,13.113941789435849,39.37491283999998,41.145447200000035,40.08465464000002,0.3696901871117211,-0.10427528619766235,0.719081699848175,0.257981450007512,0.138238833239947,-0.2839163541793823,0.6249098181724548,0.02482863499568059,0.08881422502570041,437.0,0.24354642705166582,138.46049062971622,8986.621903464287,0.03617186733732753,0.9751713650043194,0.257981450007512,0.6034935171616745,0.5927482721448802,0.5991954191549569,1580.7698496741077
1593,80.19380101261518,13.113941789435849,37.00280696000004,44.98388366000006,41.02651429647061,1.0625779031905176,-0.0031061575282365084,0.8256080150604248,0.29653399299172795,0.15023176466599922,-0.44590604305267334,0.22077922523021698,0.009035220426671646,0.09592299594039169,129.0,0.1046242077228543,201.49673460779863,6339.194261237839,0.025515760683627868,0.9909647795733284,0.29653399299172795,0.25925254524684316,0.4181266871471424,0.32280220200696286,2061.049707800466
1594,80.19841164552204,13.113941789435849,39.40567501999999,45.75635618000001,42.23603212117649,1.2481907890743955,-0.14486920833587646,0.6859434247016907,0.2287521781173407,0.13171662522668104,-0.32339298725128174,0.5702729821205139,0.04673489738913143,0.08546658863039913,170.0,0.09039320795801932,132.10292033347793,9048.807147683081,0.03642216788723209,0.9532651026108686,0.2287521781173407,0.22398897679800156,0.5968499464402445,0.37313336465489877,2499.585145183915
1595,80.2030222784289,13.113941789435849,40.40373685999998,43.13131682000005,41.96351303176473,0.5658295937412116,-0.025305848568677902,0.7216615676879883,0.253584712101863,0.13603330874007064,-0.23331086337566376,0.23042765259742737,0.03325865525465745,0.07080652794006839,237.0,0.13308651337788005,139.51189634735417,11864.73257247776,0.04775649150645718,0.9667413447453426,0.253584712101863,0.3297804407048957,0.7825854706412173,0.5109024526794244,2121.0453360638967
1596,80.20763291133576,13.113941789435849,40.15080338000001,42.669884120000006,41.33611121529414,0.6131004596619635,-0.043414633721113205,0.7081921696662903,0.16927843280867033,0.10640124307247421,-0.22622478008270264,0.26651817560195923,0.08802479463465074,0.06817570007698383,272.0,0.14580721872807134,133.17897325196373,14619.150170751192,0.058843241235845396,0.9119752053653493,0.16927843280867033,0.3613015896927875,0.9642640023164669,0.6024865547422593,1802.6318188986281
1597,80.21224354424263,13.113941789435849,39.46719938000001,42.36226232000001,40.89393296705884,0.5677806305753156,0.00776397529989481,0.6482694149017334,0.18581776338465072,0.10028133088901534,-0.17277146875858307,0.2750796973705292,0.07584723379097733,0.06593620467850925,270.0,0.14447761416148922,132.94203966075588,14143.520031990884,0.05692879212852951,0.9241527662090226,0.18581776338465072,0.35800690889605113,0.932891931035542,0.5879609177518476,1581.097836513034
1598,80.21685417714949,13.113941789435849,39.76456712000004,42.26997577999998,40.64523357411767,0.5069403015193117,0.014338821172714233,0.648186981678009,0.18212884756234976,0.09217610496482774,-0.1487070471048355,0.22797054052352905,0.07726448645958534,0.05903398715100108,172.0,0.09826242089977394,141.93338265277373,12686.857365937172,0.05106560913521576,0.9227355135404147,0.18212884756234976,0.24348841701974708,0.8368119704367275,0.48081783838653924,1414.0302240425979
1599,80.22146481005635,13.113941789435849,38.84170172000006,42.160599140000045,40.70917065411767,0.8495660475866157,-0.14928169548511505,0.7327510714530945,0.24665685317095587,0.14665107347785772,-0.28359976410865784,0.5245124101638794,0.029079625746783088,0.08620828705488437,258.0,0.12312209777917346,118.56099654433173,12257.158957759586,0.049336038893736174,0.9709203742532169,0.24665685317095587,0.30508921329120675,0.8084695085275997,0.506441331385764,1117.976014334109
1600,80.22607544296321,13.113941789435849,39.01260272000002,41.55902762000005,40.357043631764725,0.4280059180134297,0.005312868859618902,0.7175909876823425,0.27743178423713233,0.14258216757268666,-0.2658982276916504,0.2312580943107605,0.012270818972120097,0.07586791796701775,334.0,0.20077025145424765,149.3407873355406,11846.77844448141,0.047684224714439255,0.9877291810278799,0.27743178423713233,0.4974967058985191,0.7814012349559926,0.6110585175215084,999.9999999999268
1601,80.23068607587007,13.113941789435849,39.71671484000001,42.885219380000024,41.11331111000002,0.7098333888815166,-0.0071215252391994,0.775651752948761,0.23201730581430288,0.14621330295754573,-0.3004726469516754,0.3055926561355591,0.03975572439340445,0.08549701442716627,307.0,0.1861795954196063,150.66738381630645,10660.191898028546,0.04290811956573985,0.9602442756065955,0.23201730581430288,0.46134193066885026,0.7031352154532516,0.5580592445826108,1117.976014334109
1602,80.23529670877693,13.113941789435849,40.540457660000015,43.20651326000001,42.03972659882355,0.5336787983210854,-0.014508622698485851,0.7456049919128418,0.17527535232843136,0.11655533211277672,-0.2422955483198166,0.29403606057167053,0.09472392961090687,0.07715033201152013,440.0,0.21533269640766264,121.58579609690887,12096.630829069843,0.04868990041842807,0.9052760703890932,0.17527535232843136,0.533581575751877,0.7978812394389876,0.6393014412267213,999.9999999999268
1603,80.23990734168379,13.113941789435849,39.87394376000003,42.803186900000014,41.881007469411784,0.7089013602887414,0.0041551245376467705,0.6441908478736877,0.16286082548253678,0.1008059663979735,-0.15968680381774902,0.2924092411994934,0.10401108685661764,0.06895533805452375,407.0,0.20849754796549533,127.27176974276394,11570.995810799548,0.04657417769714641,0.8959889131433824,0.16286082548253678,0.5166444856716739,0.7632108981021108,0.6152710506438487,999.9999999999268
1604,80.24451797459065,13.113941789435849,40.15422139999998,44.05418222000003,42.15612851176473,0.6820250260931925,0.0011806375114247203,0.6808536648750305,0.18357705923227163,0.11998641582831138,-0.20570021867752075,0.298045814037323,0.09385999239408054,0.07684790578282465,303.0,0.17481831250740212,143.34080388801019,9477.063128057243,0.03814593224217171,0.9061400076059195,0.18357705923227163,0.4331893493842133,0.6250972673055676,0.509952516552755,1117.976014334109
1605,80.24912860749751,13.113941789435849,40.27043408000003,43.274873660000026,41.76130580705884,0.7508233155288958,0.0010679956758394837,0.689629077911377,0.18886062921262256,0.11733751822804912,-0.2455357164144516,0.2642916440963745,0.07578484628714767,0.07638157706128618,411.0,0.20920560835247964,126.46112514873344,10997.701075072364,0.04426662082553508,0.9242151537128523,0.18886062921262256,0.5183990170703766,0.7253969711691166,0.6011981987098727,1414.0302240425979
1606,80.25373924040437,13.113941789435849,39.15615955999999,43.032194240000024,41.10775436352943,0.8640620760342748,0.010641200467944145,0.8083034157752991,0.2477694642310049,0.15290172885668013,-0.2505277991294861,0.2689554989337921,0.05450540580001532,0.08426515409601779,212.0,0.1273322528374697,149.22036657052215,12227.91132473769,0.04921831484648422,0.9454945941999847,0.2477694642310049,0.3155217263635016,0.8065403649490351,0.5119291817977151,1802.4520292198047
1607,80.25834987331123,13.113941789435849,38.882717960000036,43.67478200000005,41.25892782941178,1.1214414950009708,-0.035465482622385025,0.6578171253204346,0.20176262488731972,0.1193235920200207,-0.20047667622566223,0.3723260164260864,0.05850507296048678,0.06945697672488559,52.0,0.057442991744174846,274.4474801341245,16925.518365671982,0.06812655650980237,0.9414949270395132,0.20176262488731972,0.14234030670721762,1.0,0.4854041840243306,1414.0302240425979
1608,80.26296050621809,13.113941789435849,40.74895688000004,43.40134039999998,42.49173313294119,0.5960687019113634,-0.08631578832864761,0.7386273741722107,0.19328814338235295,0.12573623079894086,-0.23278844356536865,0.46331408619880676,0.0763624782188266,0.08001194761039186,282.0,0.1183405594400314,104.25815860871198,11654.71188915913,0.0469111415655447,0.9236375217811734,0.19328814338235295,0.2932408465355734,0.7687327239151295,0.4834375974873959,1117.976014334109
1609,80.26757113912495,13.113941789435849,38.14442564000001,44.28318955999998,41.54492976588237,1.3601253749085482,0.007340485695749521,0.8499047756195068,0.3253048885569853,0.21167128595839496,-0.4614400863647461,0.2670828402042389,0.00569101520613128,0.11733185486058244,174.0,0.06398705656050917,91.36259470644087,8424.628134079678,0.03390979775334422,0.9943089847938688,0.3253048885569853,0.15855610892757113,0.5556797452459684,0.31740556345493004,999.9999999999268
1610,80.27218177203181,13.113941789435849,36.60289862000002,44.14988678000003,41.681238590000014,2.0234401093193717,0.0009721952374093235,0.8945875763893127,0.3469087571364183,0.26052390231887235,-0.5091277956962585,0.4650512635707855,-0.02713156480055589,0.174001520587174,20.0,0.09150273924704531,1136.657548082825,6890.336790858326,0.02773415316520164,1.027131564800556,0.3469087571364183,0.22673832914170552,0.45447947751124634,0.31783478848952185,1117.976014334109
1611,80.27679240493867,13.113941789435849,41.391544640000006,44.26268144000005,42.788474038823544,0.663956964941746,0.012643223628401756,0.7505578994750977,0.19155081954656863,0.14031125704459987,-0.29273083806037903,0.2949337959289551,0.08913817760991115,0.08971852563315501,2.0,0.001491946162739625,185.33126780310693,14335.930151741566,0.057703258151551806,0.9108618223900888,0.19155081954656863,0.0036969535873199004,0.9455831032302285,0.3804514134444834,1414.0302240425979
1612,80.28140303784554,13.113941789435849,40.56780182,44.04051014000004,42.49092889294119,0.6412611400546315,-0.021052632480859756,0.7656415700912476,0.1823953067555147,0.14355086706170736,-0.2287737876176834,0.34863701462745667,0.11362986845128677,0.09137243011019539,4.0,0.003209552526461942,199.34715262030088,12633.431116234106,0.0508505642343231,0.8863701315487132,0.1823953067555147,0.007953079690628159,0.8332880303467961,0.33808705995309535,1802.4520292198047
1613,80.2860136707524,13.113941789435849,40.02775466000003,44.77196642000001,42.86490049294119,0.8202158141546471,-0.015058561228215694,0.7784711122512817,0.15581131280637256,0.12986002134240493,-0.22800718247890472,0.3073747754096985,0.1267575133080576,0.08455964914641974,3.0,0.005630999410275214,466.3261475818559,12740.453447388318,0.051281337622391135,0.8732424866919424,0.15581131280637256,0.013953280614218974,0.8403471124528454,0.3445108133496696,2235.60414609212
1614,80.29062430365926,13.113941789435849,40.67034242,44.05418222000003,42.778503828235316,0.6352970367646998,-0.022358346730470657,0.7322363257408142,0.1683692110501803,0.12614593157854737,-0.2587219476699829,0.3517328202724457,0.11336128821739784,0.08477648501587544,1.0,0.0028634945981523704,711.4131829642222,13508.604235052075,0.05437320558845366,0.8866387117826021,0.1683692110501803,0.007095568788803588,0.891013542733939,0.36066275836685774,2691.980537757102
1615,80.29523493656612,13.113941789435849,39.70987880000001,44.05418222000003,42.02830166000001,0.9515644939487301,-0.038751889020204544,0.7637003660202026,0.21373185700061276,0.15948269203421145,-0.2920151948928833,0.3354756832122803,0.059101765950520836,0.09534061479454,11.0,0.010959153003713334,247.51974312005123,8740.01282277206,0.03517924618926956,0.9408982340494791,0.21373185700061276,0.02715612736096862,0.5764821926273692,0.24688655346752886,3161.5396993482154
1616,80.29984556947298,13.113941789435849,31.817670620000058,44.69676998,41.09446074941178,3.6366573085421,-0.23752792179584503,0.5840708017349243,0.05127385158164829,0.12077064020417512,-0.33427098393440247,0.5571296811103821,0.07692428289675245,0.08405423592453518,20.0,0.03466030858912316,430.5543386011689,0.0,0.0,0.9230757171032475,0.05127385158164829,0.08588617697898543,0.0,0.05153170618739126,3353.928043002327
1617,80.30445620237984,13.113941789435849,30.14284082000006,34.12483412000006,31.134516048235312,1.1154045014654894,-0.2113526612520218,0.16836205124855042,-0.10703880896935096,0.0535766178201266,-0.27003243565559387,0.4754813015460968,0.01736789263211764,0.07689704664082352,0.0,0.0,0.0,0.0,0.0,0.9826321073678823,0.0,0.0,0.0,0.0,3605.2636377972563
1618,80.3090668352867,13.113941789435849,29.534433260000014,30.22829132000004,29.831718210588257,0.15958070648844414,-0.18232044577598572,-0.01886792480945587,-0.0963528621897978,0.024794280713901697,-0.15389923751354218,0.06163328140974045,-0.056198927935431985,0.032851168872759726,0.0,0.0,0.0,0.0,0.0,1.056198927935432,0.0,0.0,0.0,0.0,3904.7098759910245
1619,80.31367746819356,13.113941789435849,29.42163860000005,29.807874860000027,29.622651291764722,0.07359085302952455,-0.1701764315366745,-0.006670709699392319,-0.08886284323299633,0.022736879073826752,-0.16120028495788574,0.034638553857803345,-0.058399807799096204,0.026500502206278424,0.0,0.0,0.0,0.0,0.0,1.0583998077990961,0.0,0.0,0.0,0.0,4242.090672127793
1620,80.31828810110042,13.113941789435849,29.325934039999993,29.657481980000057,29.51284165000002,0.05786148087070812,-0.15577276051044464,0.02033492736518383,-0.07369527963491587,0.022236183145776148,-0.1773049682378769,0.03983228653669357,-0.04623542785644531,0.02790373808256853,0.0,0.0,0.0,0.0,0.0,1.0462354278564454,0.0,0.0,0.0,0.0,4609.083212819929
1621,80.32289873400728,13.113941789435849,29.339606119999985,29.67457208000002,29.489561398823547,0.07393932307132176,-0.1385023146867752,0.009222661145031452,-0.06958627738204656,0.022503211703830992,-0.12398921698331833,0.04733283072710037,-0.033282566444546566,0.02609589522694357,0.0,0.0,0.0,0.0,0.0,1.0332825664445466,0.0,0.0,0.0,0.0,4999.17029036783
1622,80.32750936691414,13.113941789435849,29.322516020000023,29.54468731999998,29.420905322352958,0.053740859091141124,-0.14845231175422668,0.018648019060492516,-0.06996561686197916,0.02196215949414262,-0.12328767031431198,0.06352604925632477,-0.022653581207873776,0.026402701994720803,0.0,0.0,0.0,0.0,0.0,1.0226535812078739,0.0,0.0,0.0,0.0,5407.356087659414
1623,80.332119999821,13.113941789435849,29.230229480000048,29.534433260000014,29.365128912941195,0.06274745269983663,-0.14040113985538483,0.022535210475325584,-0.07006767859825722,0.02403586054607478,-0.12406779825687408,0.055094338953495026,-0.032728641216571513,0.028529984177189913,0.0,0.0,0.0,0.0,0.0,1.0327286412165715,0.0,0.0,0.0,0.0,5829.84020901528
1624,80.33673063272786,13.113941789435849,29.13110690000002,29.42847463999999,29.268951270588254,0.052631567880228596,-0.14827828109264374,0.009472260251641273,-0.06825087603400735,0.023747479578534913,-0.12907609343528748,0.06327272951602936,-0.0244683837890625,0.028139257333161156,0.0,0.0,0.0,0.0,0.0,1.0244683837890625,0.0,0.0,0.0,0.0,6263.73008708137
1625,80.34134126563472,13.113941789435849,29.13452491999999,29.401130480000006,29.28412538705884,0.05520825959743109,-0.14184898138046265,0.06520335376262665,-0.0597503781786152,0.0255451704843101,-0.13432836532592773,0.07356507331132889,-0.023058815750421263,0.02987480153534258,0.0,0.0,0.0,0.0,0.0,1.0230588157504212,0.0,0.0,0.0,0.0,6706.81243827636
1626,80.34595189854159,13.113941789435849,29.055910460000007,29.336188100000015,29.187959571764726,0.05643203751073763,-0.16236722469329834,0.044736843556165695,-0.06001685509314904,0.026527044491379607,-0.1330343782901764,0.10638298094272614,-0.01809754885160006,0.035194520706633085,0.0,0.0,0.0,0.0,0.0,1.0180975488516,0.0,0.0,0.0,0.0,7157.380267799221
1627,80.35056253144845,13.113941789435849,0.0,29.302007900000035,12.004871680000006,14.3486107226718,-0.1410006433725357,0.019411396235227585,-0.0243448190128102,0.034262081886853625,-0.14202898740768433,0.0882352963089943,-0.005766763126148897,0.026940866656685204,0.0,0.0,0.0,0.0,0.0,1.0057667631261489,0.0,0.0,0.0,0.0,7614.104822682562
1628,80.15230531645344,13.118433345310804,40.51311350000003,44.06785430000002,42.07499784500002,0.6089640140772095,-0.012520413845777512,0.7964364290237427,0.21298363779105392,0.1318482737327517,-0.27093765139579773,0.3444976210594177,0.07633312748927697,0.08235977340964708,285.0,0.26833187978733647,233.91224308908727,7266.810418414025,0.029249489434851266,0.923666872510723,0.21298363779105392,0.66491039043291,0.4793112880223497,0.5906707494686859,2499.306106745126
1629,80.1569159493603,13.118433345310804,40.02775466000003,42.43404074,41.40318098750002,0.5260179433059619,-0.01600000075995922,0.7263157963752747,0.21367943857230393,0.1252594063727024,-0.2523784935474396,0.2491525411605835,0.06577690573299633,0.0762607971849111,303.0,0.21785545059758696,178.62874301981705,10951.908541532204,0.04408230223885722,0.9342230942670037,0.21367943857230393,0.5398328101363946,0.7223765430900625,0.6128503033178618,1999.4448853961005
1630,80.16152658226716,13.118433345310804,39.556067900000016,42.28706588,40.87382770625002,0.5068646407813634,-0.005917159840464592,0.7659175992012024,0.23184053861177883,0.12610530572531742,-0.2374100685119629,0.23493380844593048,0.042313314584585336,0.07380873771177925,350.0,0.3024849563556259,214.71445189345025,12038.484415088327,0.04845585648119845,0.9576866854154147,0.23184053861177883,0.7495396767238417,0.7940459622025348,0.7673421909153189,1499.5836640470754
1631,80.16613721517402,13.118433345310804,40.07218892000003,44.24559134000003,42.23735379500002,0.9772599830667634,-0.017028773203492165,0.5829527974128723,0.20083713905484069,0.10382207592223858,-0.15803632140159607,0.24399493634700775,0.06069101969401042,0.06030268060169153,346.0,0.18858208795178663,135.40973295133708,13999.829939892199,0.05635042808863613,0.9393089803059895,0.20083713905484069,0.4672951638398406,0.9234142813991418,0.6497428108635611,999.7224426980503
1632,80.17074784808088,13.118433345310804,35.26303478,44.293443620000005,41.45940239000002,2.007987673290628,-0.013219616375863552,0.7407071590423584,0.25244030522365196,0.15758882805314398,-0.4102093279361725,0.5226994156837463,0.032652605842141545,0.09327006879000958,215.0,0.10411159640236238,120.30569501917604,7137.95017086422,0.02873081669780979,0.9673473941578584,0.25244030522365196,0.2579823249751455,0.4708117995712039,0.34311411481356885,499.86122134902513
1633,80.17535848098774,13.118433345310804,31.882612999999992,42.64595798000005,37.33601364500002,3.1375552428293605,-0.06698564440011978,0.8224455714225769,0.45481342022235577,0.25765145256524064,-0.5907827019691467,0.248204305768013,-0.15390216533954326,0.1942420595855389,33.0,0.019610962980854938,147.64220427476812,3190.393757484635,0.012841588417677298,1.1539021653395434,0.45481342022235577,0.04859479634958001,0.21043506753987523,0.1133309048256981,0.0
1634,80.1799691138946,13.118433345310804,30.973419680000006,35.49546013999998,32.83608978500002,1.1620096964341695,-0.20909090340137482,0.814067006111145,0.3281103754978554,0.36709461874084826,-0.6597203612327576,0.19515012204647064,-0.27593462775735295,0.14312173957340052,0.0,0.0,0.0,0.0,0.0,1.275934627757353,0.3281103754978554,0.0,0.0,0.0,499.86122134902513
1635,80.18457974680146,13.118433345310804,30.97000165999998,40.36613864000003,34.313880785000016,3.0665923706268874,-0.3541315197944641,0.7349397540092468,0.0658824187634038,0.2831355079248193,-0.6056990027427673,0.41807910799980164,-0.07648588891122855,0.12421910774099792,168.0,0.08360304288112919,123.63412041709023,3702.7715434011693,0.01490394972516948,1.0764858889112285,0.0658824187634038,0.20716335281341527,0.2442309755629296,0.221990401913221,999.7224426980503
1636,80.18919037970832,13.118433345310804,38.20253198,42.461384899999985,40.288378685000026,0.8396543997804623,0.0009794319048523903,0.766749382019043,0.23290010892427884,0.1208463137526609,-0.4160134494304657,0.42085379362106323,0.04049969306358924,0.06904511927884464,400.0,0.23793544072843859,147.78307014952364,11068.822862738964,0.044552891673013156,0.9595003069364108,0.23290010892427884,0.5895898277832543,0.7300880906135633,0.6457891329153779,1499.5836640470754
1637,80.19380101261518,13.118433345310804,39.85685366000001,42.97750592,41.23613782625002,0.6773333225838932,0.0002806623524520546,0.6406921148300171,0.2201858340992647,0.11705848032418706,-0.17969271540641785,0.2444910854101181,0.05181811762791054,0.06617887167409184,242.0,0.15416526539970554,158.26931016575028,10614.947080723141,0.04272600558043445,0.9481818823720894,0.2201858340992647,0.38201233073517576,0.7001509141697013,0.509267764108986,1999.4448853961005
1638,80.19841164552204,13.118433345310804,39.74747702000002,44.79589256000003,42.355840966250014,1.147725402760533,-0.03219543769955635,0.8211320638656616,0.22593766754748776,0.16668753629784963,-0.36833930015563965,0.36506158113479614,0.04451731064740349,0.09677051575809852,139.0,0.08891104106847433,158.915564792851,8249.42275976535,0.03320458219798168,0.9554826893525965,0.22593766754748776,0.22031625566626298,0.5441233802390818,0.34983910549539055,2499.306106745126
1639,80.2030222784289,13.118433345310804,40.195237640000016,42.66646609999998,41.36227784375002,0.4289915947253358,0.01652461290359497,0.7030725479125977,0.2442815223106971,0.13313084146995463,-0.2423424869775772,0.30510154366493225,0.03355432363656851,0.07457780351377166,285.0,0.17414469960995022,151.80670049389028,13468.729082415752,0.05421270493017396,0.9664456763634315,0.2442815223106971,0.43152017680956295,0.8883834189699045,0.6142654736736997,2499.7502206173053
1640,80.20763291133576,13.118433345310804,40.19181962000005,42.25630369999999,41.479470691250015,0.4569668402894955,0.01572897844016552,0.7102001905441284,0.21777482575061274,0.12290715680540536,-0.2293986678123474,0.2512356638908386,0.059487986845128675,0.06985752697318574,238.0,0.158399046594487,165.34883779959924,12194.29582976604,0.04908300980776613,0.9405120131548713,0.21777482575061274,0.39250338796423373,0.8043231217206248,0.5572312814667901,2235.943863882448
1641,80.21224354424263,13.118433345310804,39.08779916000003,41.57953573999998,40.54001784125003,0.5966006113923468,0.014040561392903328,0.7473951578140259,0.2299188352098652,0.12757728009751262,-0.2022590935230255,0.2525843679904938,0.04423143573835785,0.07342802705449754,224.0,0.13496912349916682,149.69660456328594,13675.526131789207,0.055045079488271684,0.9557685642616421,0.2299188352098652,0.3344454362759393,0.9020235381401036,0.5614766770216051,2061.5191584382505
1642,80.21685417714949,13.118433345310804,39.66202652000004,41.51117534000002,40.397705060000014,0.3315425598638714,0.0037378519773483276,0.6765608787536621,0.20628204345703124,0.10747925681423612,-0.16969050467014313,0.24550779163837433,0.06318807748647837,0.0662518938210736,209.0,0.12874283055791727,153.03906643844957,13746.136187809952,0.05532929057520738,0.9368119225135216,0.20628204345703124,0.31901705380495987,0.9066809042952566,0.5540825940010786,1802.621691435512
1643,80.22146481005635,13.118433345310804,38.71865300000002,42.013624280000045,40.900970806250015,0.58066616405942,-0.1615278422832489,0.6904129385948181,0.22242747587316178,0.12206622458791784,-0.2742081582546234,0.4308300316333771,0.05943404852175245,0.0759821754385147,261.0,0.12738967504517001,121.26047439954797,13465.576400891903,0.0542000151364937,0.9405659514782475,0.22242747587316178,0.31566401516858805,0.8881754713622318,0.5446685976460456,1581.0949499028227
1644,80.22607544296321,13.118433345310804,39.57999404000003,42.43745876000003,41.067636980000024,0.6047029666389763,-0.00197795988060534,0.7063683867454529,0.21261766620710784,0.13061543276242732,-0.17961335182189941,0.27277061343193054,0.05753037396599265,0.07585836757371069,400.0,0.24706976401605055,153.45645085753787,12590.814708050548,0.05067902980461545,0.9424696260340073,0.21261766620710784,0.612224135970265,0.8304770962063392,0.6995253200646947,1414.0173133430899
1645,80.23068607587007,13.118433345310804,40.40031884000001,43.042448300000046,42.02999042437502,0.529835367210081,-0.01593860611319542,0.7310843467712402,0.17479440542367788,0.11125271593468347,-0.21352075040340424,0.299456387758255,0.09058853149414063,0.07263032487249263,360.0,0.19457305993614718,134.27827349450095,11993.489365689671,0.048274747831567016,0.9094114685058594,0.17479440542367788,0.4821404350180206,0.7910781353513967,0.6057155151513711,1117.971931941224
1646,80.23529670877693,13.118433345310804,40.76262896000003,42.338336180000056,41.535666961250016,0.3687849103795861,-0.008495477959513664,0.715247392654419,0.21296894148284315,0.12823645553534638,-0.2305215746164322,0.24564476311206818,0.0660806334252451,0.07534512401474514,526.0,0.23000059168385414,108.63474508725731,14706.539361797075,0.059194989674712005,0.9339193665747549,0.21296894148284315,0.5699277452143018,0.9700281028375556,0.7299678882636034,999.9999999999268
1647,80.23990734168379,13.118433345310804,41.066832739999995,44.10545252000003,42.11592612125002,0.5346408564132671,-0.029766693711280823,0.7238602638244629,0.22996570063572305,0.14263013893828871,-0.16629286110401154,0.2665499746799469,0.061904895258884804,0.07143356827820363,319.0,0.16864714173800074,131.34509003342305,10170.19895186159,0.04093585901718546,0.9380951047411152,0.22996570063572305,0.4178975563666902,0.6708157882732031,0.5190648491292953,1117.971931941224
1648,80.24451797459065,13.118433345310804,40.50285944000001,42.85787521999998,41.66660728625001,0.48806075425934853,0.007342143915593624,0.7059462070465088,0.20983727088341347,0.12043174376191237,-0.18967166543006897,0.3128536641597748,0.07690628051757813,0.07091401155362828,431.0,0.199796314490237,115.16903905111343,12812.174136501186,0.05157001909578575,0.9230937194824219,0.20983727088341347,0.495083348203151,0.8450777348163283,0.635081102848422,1414.0173133430899
1649,80.24912860749751,13.118433345310804,40.13371328000005,42.485311040000056,41.657559586250024,0.3387419211108129,0.015171948820352554,0.6366109848022461,0.189170592064951,0.10261950104587275,-0.12980350852012634,0.2619072198867798,0.08425514370787378,0.061182941497324936,432.0,0.16339502458295024,93.9681380942042,15047.8010552347,0.06056859511120856,0.9157448562921262,0.189170592064951,0.40488312337821447,0.9925373706477891,0.6399448222860443,1802.4292400748236
1650,80.25373924040437,13.118433345310804,39.30313441999999,43.00143206000001,41.579975558750014,0.9573920179059099,0.024855295196175575,0.764359712600708,0.21722510244332108,0.1410601098156037,-0.24474067986011505,0.28986212611198425,0.07067399567248775,0.07526464972875953,68.0,0.03203667389712975,117.04801376082496,13202.368088524747,0.05314058076178651,0.9293260043275122,0.21722510244332108,0.07938496672849549,0.8708145237174156,0.3959567895240636,2121.025970014635
1651,80.25834987331123,13.118433345310804,39.38858492000003,44.41649233999999,42.13599442250001,1.1299202740188394,-0.01880469173192978,0.7301072478294373,0.21328160212590144,0.14343087513200925,-0.2727773189544678,0.281843900680542,0.0581654064471905,0.0790685939666533,89.0,0.07938204532653254,221.5939088858805,9355.56535443558,0.0376568940477942,0.9418345935528095,0.21328160212590144,0.19670397268211093,0.6170834000084546,0.3648557436126484,1802.621691435512
1652,80.26296050621809,13.118433345310804,40.09269704000002,43.82175686000005,41.73205231625002,0.8292086289547136,-0.023652365431189537,0.8148182034492493,0.231270751953125,0.16394132218009344,-0.4081646800041199,0.24289855360984802,0.05496099733838848,0.09968481231754855,332.0,0.18176247524264807,136.01652812369838,10419.221563807638,0.0419381948203458,0.9450390026616116,0.231270751953125,0.45039657037927877,0.6872410618122092,0.5451343669524509,1581.0949499028227
1653,80.26757113912495,13.118433345310804,40.742120839999984,46.79543425999998,43.51868404250002,1.2480674289823745,-0.014700855128467083,0.7582759857177734,0.24149978936887254,0.16312062018182658,-0.2550196945667267,0.3420078158378601,0.07872473623238357,0.10072135825650357,82.0,0.04744562757980268,143.75001004470008,10392.282444253207,0.04182976272326029,0.9212752637676165,0.24149978936887254,0.117567434713398,0.6854641853907325,0.3447261349843318,1499.9999999998902
1654,80.27218177203181,13.118433345310804,37.08825746000002,43.63034774000005,41.033471440625014,1.801311949002578,-0.10575427860021591,0.7827174067497253,0.30932415301983174,0.22190039330895653,-0.43052729964256287,0.48160648345947266,0.03897259051983173,0.13290766767874435,0.0,0.0,0.0,14269.058618364917,0.057434094915362756,0.9610274094801683,0.30932415301983174,0.0,0.9411723261562084,0.37646893046248336,1581.0949499028227
1655,80.27679240493867,13.118433345310804,41.880321500000036,44.03709212000001,42.80306123750002,0.4527570195664161,-0.01914099045097828,0.7957137227058411,0.20341433057598038,0.15217510922095975,-0.2684422433376312,0.39122137427330017,0.07784360997817096,0.09082912465188712,2.0,0.0024345418342104973,302.4215859273441,11343.81090824975,0.04565974040977071,0.922156390021829,0.20341433057598038,0.006032649429479192,0.7482260172547388,0.302909996559583,1802.621691435512
1656,80.28140303784554,13.118433345310804,41.982862100000034,44.00291192000003,42.75259517750002,0.42739981536268973,-0.0066201467998325825,0.6965453028678894,0.15574943991268383,0.10679445855190857,-0.37024733424186707,0.3023512661457062,0.1114770627489277,0.0746087610558762,1.0,0.000866933806578534,215.38302853976822,11649.43987082332,0.04688992127277046,0.8885229372510723,0.15574943991268383,0.002148210254661011,0.7683849870466112,0.30864292097144114,2121.025970014635
1657,80.2860136707524,13.118433345310804,41.723092580000014,44.90526920000002,42.92784410000002,0.6036718351853906,0.0082866745069623,0.741988480091095,0.1818521417356005,0.11665561255076873,-0.19004808366298676,0.38964033126831055,0.11688847560508578,0.07578682404165668,20.0,0.02605366972345433,323.64168100440327,9407.263251156193,0.037864982190578544,0.8831115243949142,0.1818521417356005,0.06455943930986337,0.6204933397259426,0.2869329994762951,2499.5559305077163
1658,80.29062430365926,13.118433345310804,41.26507790000005,44.69676998,42.703197248750016,0.6669194247318853,-0.03159692510962486,0.7839080691337585,0.20051990215594953,0.13796344632069485,-0.2664428949356079,0.3229398727416992,0.09669743464543269,0.08031418948103651,4.0,0.0067424510639078885,418.7775118774626,7185.487045095568,0.02892215639439418,0.9033025653545673,0.20051990215594953,0.016707391506856496,0.4739472825554093,0.19960334792627762,2549.4825436954116
1659,80.29523493656612,13.118433345310804,41.68891238000003,45.10351436000002,42.88956730250002,0.8898936350897549,-0.007908773608505726,0.6926714181900024,0.22781915402879901,0.14171125911884253,-0.20712007582187653,0.2922285199165344,0.07990903368183211,0.0811836141225345,2.0,0.0033866971369971104,420.69941244546544,10596.966225473909,0.04265363120909963,0.9200909663181679,0.22781915402879901,0.008392033467746906,0.6989649155825614,0.2846211863136727,2692.479333705877
1660,80.29984556947298,13.118433345310804,30.918731360000038,45.44189834000002,41.20656944000001,4.224916485179816,-0.219730943441391,0.7323907017707825,0.14192703546262256,0.17794208436182268,-0.2568627595901489,0.39010751247406006,0.07196445839077818,0.08782756131492755,4.0,0.04531051311957146,2814.262019294129,294.13909496815575,0.0011839332327766262,0.9280355416092219,0.14192703546262256,0.11227674845391804,0.019401110026162568,0.07512649308281584,2915.26176620144
1661,80.30445620237984,13.118433345310804,30.060808339999994,33.33868952,30.534945518750018,0.46707439551058627,-0.20769231021404266,-0.010960670188069344,-0.11412065946138822,0.02472737853064638,-0.12903225421905518,0.12711864709854126,-0.008427311090322642,0.03789836140825202,0.0,0.0,0.0,0.0,0.0,1.0084273110903226,0.0,0.0,0.0,0.0,3201.215370720269
1662,80.3090668352867,13.118433345310804,29.42163860000005,30.300069740000026,29.80406728625002,0.21126598316954368,-0.19010989367961884,-0.003496503457427025,-0.08895593381395527,0.023609252318235876,-0.1760154664516449,0.05936073139309883,-0.060618322035845586,0.032669682555596914,0.0,0.0,0.0,0.0,0.0,1.0606183220358456,0.0,0.0,0.0,0.0,3535.043283357725
1663,80.31367746819356,13.118433345310804,29.469490880000023,29.783948720000012,29.620474373750017,0.06242975603286748,-0.1636798083782196,-0.01285046711564064,-0.09024147183287377,0.022553229341180356,-0.1712864190340042,0.01855670101940632,-0.06026815377029718,0.02801723169752444,0.0,0.0,0.0,0.0,0.0,1.0602681537702972,0.0,0.0,0.0,0.0,3904.48519806472
1664,80.31828810110042,13.118433345310804,29.346442160000038,29.712170300000025,29.57021565687502,0.07449993203953828,-0.15581853687763214,0.010698552243411541,-0.06989916287935698,0.02336670219794083,-0.1497005969285965,0.07578805834054947,-0.04048802889310397,0.0313690837797275,0.0,0.0,0.0,0.0,0.0,1.040488028893104,0.0,0.0,0.0,0.0,4300.372168756735
1665,80.32289873400728,13.118433345310804,29.322516020000023,29.60279366000003,29.465607908750016,0.06303197805572147,-0.15117014944553375,0.02382485568523407,-0.06530386532054228,0.023118989956911796,-0.13960546255111694,0.04978662729263306,-0.03611648858762255,0.029498889399562685,0.0,0.0,0.0,0.0,0.0,1.0361164885876226,0.0,0.0,0.0,0.0,4716.049130251464
1666,80.32750936691414,13.118433345310804,29.25073759999998,29.486580979999985,29.359674421250016,0.04362088209084781,-0.14154653251171112,0.02801303006708622,-0.06498630897671569,0.023475528427846813,-0.12334495037794113,0.06268221884965897,-0.032182380825865504,0.025084306541743782,0.0,0.0,0.0,0.0,0.0,1.0321823808258654,0.0,0.0,0.0,0.0,5146.723276929774
1667,80.332119999821,13.118433345310804,29.192631259999985,29.469490880000023,29.291640743750015,0.05643718604093156,-0.15238718688488007,0.038770053535699844,-0.06566629849947415,0.025046167970166483,-0.1383344829082489,0.05563909932971001,-0.03329000032865084,0.028451362426584918,0.0,0.0,0.0,0.0,0.0,1.033290000328651,0.0,0.0,0.0,0.0,5588.9287042198885
1668,80.33673063272786,13.118433345310804,29.107180760000006,29.42847463999999,29.26562860625002,0.059752272974258405,-0.1622149795293808,0.024523161351680756,-0.06499889897365196,0.024595853325359414,-0.13483145833015442,0.0928870290517807,-0.023783491546032477,0.028425559218470068,0.0,0.0,0.0,0.0,0.0,1.0237834915460324,0.0,0.0,0.0,0.0,6040.133286081717
1669,80.34134126563472,13.118433345310804,29.055910460000007,29.39771245999998,29.263454645000014,0.058822185382553474,-0.15416666865348816,0.039150629192590714,-0.0608354216930913,0.02634479884090779,-0.1366417407989502,0.07543252408504486,-0.02059871598785999,0.03294071096339366,0.0,0.0,0.0,0.0,0.0,1.02059871598786,0.0,0.0,0.0,0.0,6498.46279112443
1670,80.34595189854159,13.118433345310804,28.98413204000002,29.435310680000043,29.184274703750013,0.06864417668580138,-0.15751445293426514,0.034215621650218964,-0.0611222898043119,0.026472389776550385,-0.16201117634773254,0.11063829809427261,-0.02540138244628906,0.03415039068455239,0.0,0.0,0.0,0.0,0.0,1.025401382446289,0.0,0.0,0.0,0.0,6962.510298939757
1671,80.35056253144845,13.118433345310804,0.0,29.30884394000003,12.01035426095589,14.355183336009205,-0.15214385092258453,0.015235456638038158,-0.022433589860504748,0.032773264939111334,-0.15417255461215973,0.09260588884353638,-0.0056396835925532325,0.02423026233754278,0.0,0.0,0.0,0.0,0.0,1.0056396835925532,0.0,0.0,0.0,0.0,7431.204690981991
1672,80.15230531645344,13.122924901185758,39.85001762000002,43.015104140000005,41.55909858235296,0.7943918480059607,-0.005378973204642534,0.5937846899032593,0.18940351897594976,0.11234345519539389,-0.2179505079984665,0.3011494278907776,0.08176914589077819,0.07911903850000578,361.0,0.25841082148747035,177.83983030895985,10040.476841429621,0.04041371721355016,0.9182308541092218,0.18940351897594976,0.6403265998192128,0.6622594522390928,0.6490997407871648,2548.7845617389657
1673,80.1569159493603,13.122924901185758,38.07264722000002,41.40521672,40.36017780235296,0.5366253753625219,-0.002430133754387498,0.7033968567848206,0.1952080820121017,0.10962476467916096,-0.2948085367679596,0.24279238283634186,0.06918575511259191,0.07068528499766723,394.0,0.22631735490736737,142.70762462192377,12323.810229629944,0.049604315559857996,0.930814244887408,0.1952080820121017,0.5608009042103494,0.8128657573808182,0.661626845478537,2060.978834190608
1674,80.16152658226716,13.122924901185758,38.28114644000004,44.143050740000035,40.98760327294119,1.2833800229955452,0.008588956668972969,0.803168535232544,0.23305452786959135,0.11833420244435268,-0.4440693259239197,0.24172422289848328,0.0555816415640024,0.07502770259074557,343.0,0.16629223957115175,120.44905659157116,11691.829656857422,0.04706054353031667,0.9444183584359976,0.23305452786959135,0.412062249281927,0.7711809734248319,0.555709738939089,1580.7178708350132
1675,80.16613721517402,13.122924901185758,39.56290394000001,43.37741426000002,41.46878716117649,0.8091923776334522,-0.32367148995399475,0.5460993051528931,0.1783736883425245,0.10726632677464493,-0.20511454343795776,0.5909368991851807,0.07248836741727942,0.07778617943178726,260.0,0.10977452215982239,104.89474894993089,11854.61033617796,0.04771574870092619,0.9275116325827206,0.1783736883425245,0.2720147171730815,0.781917818419793,0.47597595767176615,1117.7694032068473
1676,80.17074784808088,13.122924901185758,31.855268840000008,43.13473484000002,38.56263044000002,3.3047985537590163,-0.03051391802728176,0.8360400795936584,0.376846804151348,0.2360890817401604,-0.6318063735961914,0.21105271577835083,-0.09653857062844669,0.18637095953575303,155.0,0.07424677423423418,119.00670536394412,5677.284769588919,0.022851522377127738,1.0965385706284467,0.376846804151348,0.18397907726653429,0.3744678227033243,0.2601745754412503,707.0021992089703
1677,80.17535848098774,13.122924901185758,30.108660620000023,38.46913754000002,33.58697496588237,2.614250875479764,-0.22335025668144226,0.8363933563232422,0.365430908203125,0.3548082124264122,-0.6662484407424927,0.23184242844581604,-0.26407919076772834,0.12226988826303806,0.0,0.0,0.0,12.949710111974412,5.2123612327187824e-05,1.2640791907677285,0.365430908203125,0.0,0.0008541494652947284,0.0003416597861178914,499.9999999999634
1678,80.1799691138946,13.122924901185758,29.97193981999999,35.187838339999985,31.745513734117665,1.7188076284444165,-0.39042821526527405,0.8038904070854187,0.0701530366785386,0.397982093240026,-0.63261479139328,0.3593023121356964,-0.21767506318933824,0.148739895444378,0.0,0.0,0.0,0.0,0.0,1.2176750631893383,0.0701530366785386,0.0,0.0,0.0,707.0021992089703
1679,80.18457974680146,13.122924901185758,30.730740260000005,39.11856134000004,31.84393851764707,1.622312440924064,-0.42497754096984863,0.7219402194023132,-0.25082780426623774,0.18143225800806084,-0.5076419115066528,0.4960695207118988,-0.02932900223077512,0.08480155525597835,10.0,0.006793854993259271,168.78809579283057,426.289814942223,0.0017158503828229152,1.029329002230775,0.0,0.016834767377222334,0.02811763463004445,0.02134791427835118,1117.7694032068473
1680,80.18919037970832,13.122924901185758,31.639933580000047,40.84124342000001,38.08236512000002,2.6564300941756622,-0.3536701500415802,0.711921751499176,0.1908930382361779,0.2336783248088776,-0.4070839285850525,0.5597600340843201,0.028745093712439905,0.09906323115923633,138.0,0.09019564891555307,162.37981473816498,5938.208945340964,0.023901762920436477,0.9712549062875601,0.1908930382361779,0.22349943727640653,0.3916781110629838,0.29077090679103745,1580.7178708350132
1681,80.19380101261518,13.122924901185758,36.609734660000015,43.476536839999994,40.672991681176484,0.9727833929124583,0.014170602895319462,0.684633731842041,0.27520692114736517,0.13257531565334948,-0.24883580207824707,0.290630966424942,0.024708426980411306,0.06586389974585312,152.0,0.13071147936454094,213.64645080481546,9124.621110008293,0.03672732511060293,0.9752915730195887,0.27520692114736517,0.32389524810552095,0.6018505568648805,0.4350773716092648,2060.978834190608
1682,80.19841164552204,13.122924901185758,38.899808060000055,43.64743784000001,41.03880261058825,0.9617559270995168,-0.03507880121469498,0.723632276058197,0.28366871553308826,0.16517045683246034,-0.2555464208126068,0.3007330000400543,0.02631609449199602,0.08830065827914443,188.0,0.12526225705426,165.53427234218285,10094.45024379964,0.04063096444741007,0.973683905508004,0.28366871553308826,0.31039240030094334,0.6658194819521795,0.45256323296143786,2548.7845617389657
1683,80.2030222784289,13.122924901185758,40.2738521,43.96189568,41.84719390823531,0.8820081598230728,-0.010397830046713352,0.6887169480323792,0.19146505502554087,0.12055614774668173,-0.2026800662279129,0.292026549577713,0.060228019127478966,0.0720778559562567,325.0,0.19500439408054274,149.0687387838957,13169.009797568375,0.053006310989670166,0.939771980872521,0.19146505502554087,0.4832092552960449,0.8686142453994334,0.6373712513374004,2915.247671669819
1684,80.20763291133576,13.122924901185758,39.98673842000005,43.032194240000024,41.0340008247059,0.5319260714522223,-0.026913778856396675,0.6763147115707397,0.20798318301930147,0.10989311754162336,-0.16652166843414307,0.23352472484111786,0.06042979520909927,0.06387263531876054,275.0,0.16451086779503105,148.62348476487398,14699.114819418804,0.05916510530160361,0.9395702047909007,0.20798318301930147,0.40764811629070247,0.9695383877128445,0.6324042248595593,2692.472551158974
1685,80.21224354424263,13.122924901185758,39.395420960000024,43.20651326000001,40.95904092588238,0.724779605161801,0.0007658922695554793,0.7193852066993713,0.22317825616574755,0.12489418301946942,-0.17945058643817902,0.24530625343322754,0.058872459262025126,0.06646456221301746,204.0,0.13065695339232883,159.12114688434124,11654.02192795543,0.04690836441686789,0.9411275407379749,0.22317825616574755,0.3237601359991957,0.7686872147888154,0.5017309675150436,2499.733783261055
1686,80.21685417714949,13.122924901185758,39.41592908000001,42.83736710000005,40.818086038823544,0.8175485387906598,-0.04796710982918739,0.6663525104522705,0.20566051776592548,0.109106605126119,-0.2800910174846649,0.3934970200061798,0.06066124549278846,0.06959186895234067,257.0,0.14162646851881716,136.9105273476168,12552.527928728116,0.050524922475153784,0.9393387545072115,0.20566051776592548,0.3509419400822351,0.8279517399008052,0.5417458600096632,2060.978834190608
1687,80.22146481005635,13.122924901185758,40.40373685999998,43.45944674000003,41.86771385529414,0.60561087561668,-0.0039045552257448435,0.6886518001556396,0.20833907781862746,0.11710562458178306,-0.18953000009059906,0.262734591960907,0.06962624942555147,0.06754078600453717,274.0,0.1581627633953101,143.40992939757456,13737.56529965922,0.05529479206926357,0.9303737505744485,0.20833907781862746,0.3919178922924486,0.9061155773908125,0.5975969663317942,1580.7178708350132
1688,80.22607544296321,13.122924901185758,40.61565410000003,42.76558868000001,41.3426752329412,0.45683010724753526,-0.023076923564076424,0.6559478044509888,0.1692667164522059,0.09215690126418476,-0.1813504844903946,0.2833755910396576,0.07777975643382352,0.06323828486992289,584.0,0.2689440079507868,114.41278734416144,14268.17266406227,0.057430528878886916,0.9222202435661765,0.1692667164522059,0.6664272075046546,0.9411138895281032,0.776301880314034,1117.7694032068473
1689,80.23068607587007,13.122924901185758,41.09075888000001,43.41501248000003,42.01543382000002,0.46975965024200517,0.0066916923969984055,0.7110998630523682,0.18577906681941106,0.09982721279996583,-0.20679110288619995,0.23917487263679504,0.0818316415640024,0.06319528511333983,552.0,0.2538325126762253,114.24408183336713,13570.00419469385,0.054620345305528374,0.9181683584359976,0.18577906681941106,0.6289818237097918,0.895063420472024,0.7354144624146848,707.0021992089703
1690,80.23529670877693,13.122924901185758,39.36124075999999,47.752479859999994,42.86262969764707,1.5589838300200611,0.0008158825221471488,0.8155794143676758,0.3123743393841912,0.19580387191252044,-0.32841601967811584,0.3032911419868469,0.007475703370337393,0.11129140303128231,210.0,0.1983862216678721,234.7025196549494,7694.342010616143,0.030970338069830548,0.9925242966296626,0.3123743393841912,0.49158922231021435,0.5075108289941873,0.49795786498380357,499.9999999999634
1691,80.23990734168379,13.122924901185758,38.325580700000046,46.71681980000005,41.80741950941178,1.8159626089109202,-0.019662922248244286,0.7974011301994324,0.3797956399356618,0.2187750327989878,-0.3639031648635864,0.3366752564907074,-0.012366727941176471,0.12818212552451141,141.0,0.15819559774131364,278.7409793997422,5000.2239171883175,0.020126298639508215,1.0123667279411765,0.3797956399356618,0.39199925384307066,0.3298095901985511,0.3671233883852628,707.0021992089703
1692,80.24451797459065,13.122924901185758,40.21916378000003,43.360324160000005,41.63124364117648,0.6126610063696432,-0.0020480358507484198,0.742284893989563,0.2570763221153846,0.15051795715382663,-0.2230858951807022,0.3027033507823944,0.04803522550142728,0.07716874539185957,239.0,0.13127652716134494,136.4629384785564,9213.73891326068,0.037086031350975275,0.9519647744985728,0.2570763221153846,0.32529540283735514,0.607728674856563,0.4382687116450383,1117.7694032068473
1693,80.24912860749751,13.122924901185758,39.97306634000006,43.29879979999998,41.62897284588237,0.5868765364305883,-0.01661604456603527,0.6765235066413879,0.21120466643688726,0.12022701635443701,-0.30538618564605713,0.3469790518283844,0.06816275802313113,0.07944571883193648,210.0,0.07658661390350029,90.60644990298383,13382.145567520647,0.05386419940184213,0.9318372419768689,0.21120466643688726,0.18977706038085956,0.882672460013178,0.4669352202337869,1580.7178708350132
1694,80.25373924040437,13.122924901185758,39.36124075999999,42.539999360000024,41.33141587294119,0.49506385379529505,0.014960497617721558,0.7177011370658875,0.20444197112438725,0.1282761503673563,-0.19755278527736664,0.3087347447872162,0.07379644057329963,0.06737382888275598,440.0,0.14745350964291837,83.25838414838834,16970.159960444173,0.06830624247647289,0.9262035594267004,0.20444197112438725,0.3653810003681967,1.0,0.6192286002209181,2060.978834190608
1695,80.25834987331123,13.122924901185758,37.95985256000006,45.26074328000004,42.09027544823532,1.5456153037225757,-0.024081561714410782,0.7342807054519653,0.1888211411696214,0.13325837770839494,-0.25031766295433044,0.29998713731765747,0.08324172973632812,0.080743116606619,739.0,0.2949938234399624,99.17313108829606,12655.7009430078,0.05094020205689276,0.9167582702636718,0.1888211411696214,0.7309770962519044,0.8347569250530464,0.7724890277723613,2235.9356964691187
1696,80.26296050621809,13.122924901185758,37.61463254,41.63764207999998,40.28720484941178,0.8482697447546036,-0.012403100728988647,0.8384428024291992,0.2760720885033701,0.19251761495934522,-0.3379223942756653,0.27404719591140747,0.02709352979473039,0.10570971054810059,796.0,0.2930505477343013,91.46501506169206,12855.591494787712,0.051744777413310156,0.9729064702052697,0.2760720885033701,0.726161774981864,0.8479414987959292,0.7748736645074901,2061.5169438269895
1697,80.26757113912495,13.122924901185758,36.21324434000002,44.34129589999998,41.36397576588237,1.9708859478349359,0.011135857552289963,0.7911550998687744,0.3095168887867647,0.19904201847877254,-0.32600945234298706,0.329107403755188,0.02671007044175092,0.10548265940833605,206.0,0.08132591913370316,98.08154548398895,13495.61218758981,0.05432091156492696,0.9732899295582491,0.3095168887867647,0.2015207760120115,0.8901566007408733,0.4769751059035563,1999.9999999998536
1698,80.27218177203181,13.122924901185758,35.89195046000003,43.98582182000001,40.62867832000002,1.8428773588195577,-0.08984660357236862,0.7854601144790649,0.3154541250375601,0.22007911910754838,-0.41639137268066406,0.5587967038154602,0.027367063669057994,0.1400919636287995,0.0,0.0,0.0,5483.052583514739,0.02206972239235193,0.972632936330942,0.3154541250375601,0.0,0.36165646890128994,0.14466258756051598,2061.5169438269895
1699,80.27679240493867,13.122924901185758,40.10978713999998,44.505360859999996,42.89387678705884,0.8548538728522668,-0.005513784475624561,0.8304266929626465,0.18987084482230393,0.14847727270273708,-0.42918917536735535,0.33650603890419006,0.08748387953814338,0.09766153902609902,15.0,0.0240230023874792,397.888663822658,11969.112081358224,0.04817662732484563,0.9125161204618566,0.18987084482230393,0.05952756679336375,0.7894702349276035,0.35150463404705967,2235.9356964691187
1700,80.28140303784554,13.122924901185758,39.88077980000003,44.160140840000054,41.88188267176472,0.945619523941525,-0.006207674741744995,0.8322674036026001,0.301148681640625,0.18580839208970007,-0.4591232240200043,0.3777512311935425,0.04283047844381893,0.11792129594167643,28.0,0.01882524904025183,167.03529152881268,4445.60987318695,0.017893933036666657,0.9571695215561811,0.301148681640625,0.04664784407753153,0.2932278223417811,0.14527983538323136,2061.5169438269895
1701,80.2860136707524,13.122924901185758,41.41888879999999,44.160140840000054,42.321364350588254,0.4534355319630468,-0.024587949737906456,0.7411067485809326,0.18957840265012255,0.1194908072810887,-0.2915521264076233,0.3011191487312317,0.09669185862821691,0.07618408093586433,24.0,0.03542473225196179,366.70841436317687,12073.929426846014,0.04859852547037389,0.9033081413717831,0.18957840265012255,0.08778037321283218,0.7963838784630849,0.3712217753129333,1999.9999999998536
1702,80.29062430365926,13.122924901185758,41.230897700000014,44.54295908000006,42.69538325882355,0.603452769786992,-0.014993026852607727,0.7272171378135681,0.16311373197115384,0.10979429148099401,-0.18669728934764862,0.28247520327568054,0.09914743276742788,0.07281296909659123,9.0,0.008917909853196024,246.17622576521885,9376.394341698491,0.037740732376828,0.9008525672325721,0.16311373197115384,0.022098048606947158,0.6184572584330379,0.2606417325373835,2061.5169438269895
1703,80.29523493656612,13.122924901185758,39.29288036000003,45.24707120000005,42.916738491764725,0.9015785942335703,-0.22232916951179504,0.6955847144126892,0.18831787109375,0.11541014704724592,-0.22153370082378387,0.5091130137443542,0.08102373310163909,0.06857708586578828,102.0,0.02398780114421338,58.42729881875309,12449.566606703962,0.05011049497156672,0.9189762668983609,0.18831787109375,0.059440340212526054,0.8211605177504615,0.3641284112277003,2235.9356964691187
1704,80.29984556947298,13.122924901185758,30.778592539999977,44.80614662000005,36.217017171764724,4.948927487471802,-0.34658384323120117,0.6694835424423218,-0.017065479054170496,0.1819249349822127,-0.3708842396736145,0.6950541138648987,0.07323959051393995,0.11527286384848374,3.0,0.0017828888524491259,147.64833550011005,752.9025677195519,0.00303049266899572,0.9267604094860601,0.0,0.004417892215863264,0.04966067348812897,0.022515004724769548,2499.733783261055
1705,80.30445620237984,13.122924901185758,30.036882200000036,31.229771180000057,30.37993786823531,0.23723828633516741,-0.20389610528945923,-0.03221884369850159,-0.11758514404296876,0.024664871502723056,-0.14028507471084595,0.11988086253404617,-0.01272609123816857,0.03773259621670251,0.0,0.0,0.0,0.0,0.0,1.0127260912381686,0.0,0.0,0.0,0.0,2828.008796835881
1706,80.3090668352867,13.122924901185758,29.39771245999998,30.190693100000033,29.766172650588253,0.20575211209995875,-0.1713555008172989,0.010778442956507206,-0.0896399284811581,0.023708891706092965,-0.13752591609954834,0.043598614633083344,-0.04671395096124387,0.027741465226111192,0.0,0.0,0.0,0.0,0.0,1.046713950961244,0.0,0.0,0.0,0.0,3200.9846519716934
1707,80.31367746819356,13.122924901185758,29.40796652000006,29.746350500000005,29.601066909411784,0.0791145532047523,-0.17736288905143738,0.02725118398666382,-0.09141840916053921,0.024676805488327163,-0.14265233278274536,0.09265614300966263,-0.04285297169404871,0.03254033897465973,0.0,0.0,0.0,0.0,0.0,1.0428529716940487,0.0,0.0,0.0,0.0,3604.8128867818186
1708,80.31828810110042,13.122924901185758,29.39771245999998,29.80103882000003,29.554952550000017,0.06738925061024867,-0.1595383584499359,0.013316423632204533,-0.06965902475210337,0.024340060047054416,-0.15279673039913177,0.09388335794210434,-0.03767958420973558,0.036172492456281395,0.0,0.0,0.0,0.0,0.0,1.0376795842097355,0.0,0.0,0.0,0.0,4030.2299406647894
1709,80.32289873400728,13.122924901185758,29.34302414000001,29.633555839999985,29.472696012941196,0.05734225521135166,-0.13558243215084076,0.023498695343732834,-0.06121966792087929,0.02280398075433152,-0.14945651590824127,0.05222135782241821,-0.03639549105775122,0.02919822864573668,0.0,0.0,0.0,0.0,0.0,1.0363954910577513,0.0,0.0,0.0,0.0,4471.077612827389
1710,80.32750936691414,13.122924901185758,29.175541160000023,29.565195440000025,29.34913872941178,0.08647780264850512,-0.15662650763988495,0.027559055015444756,-0.05814717610677083,0.02480391739846524,-0.13700565695762634,0.10928961634635925,-0.02467423682119332,0.032548210602381285,0.0,0.0,0.0,0.0,0.0,1.0246742368211934,0.0,0.0,0.0,0.0,4923.212455764462
1711,80.332119999821,13.122924901185758,29.10034472000001,29.384040379999988,29.26856097764708,0.056637106328650044,-0.15883100032806396,0.06210393086075783,-0.06286668043870192,0.02722404756453573,-0.15643274784088135,0.10084033757448196,-0.024627896822415864,0.03843818333008651,0.0,0.0,0.0,0.0,0.0,1.0246278968224158,0.0,0.0,0.0,0.0,5383.791504937308
1712,80.33673063272786,13.122924901185758,29.15845106000006,29.486580979999985,29.31499401058825,0.059843089800963166,-0.14251060783863068,0.029925186187028885,-0.06482509239047181,0.024989574807753937,-0.1422976553440094,0.09810126572847366,-0.026465492996515013,0.030044980985952773,0.0,0.0,0.0,0.0,0.0,1.026465492996515,0.0,0.0,0.0,0.0,5850.8209058258335
1713,80.34134126563472,13.122924901185758,29.13452491999999,29.431892660000017,29.276106641176487,0.06385182501836725,-0.16385704278945923,0.02365308813750744,-0.060573395373774507,0.024328538236613635,-0.11938202381134033,0.09541984647512436,-0.013325733857996324,0.034144738871457025,0.0,0.0,0.0,0.0,0.0,1.0133257338579964,0.0,0.0,0.0,0.0,6322.871483340053
1714,80.34595189854159,13.122924901185758,29.021730260000027,29.366950280000026,29.185960798823547,0.08031367352771106,-0.14869625866413116,0.029840389266610146,-0.06361853379469651,0.025138133351849546,-0.12921348214149475,0.11348464339971542,-0.012833401606633113,0.03893120843084774,0.0,0.0,0.0,0.0,0.0,1.0128334016066332,0.0,0.0,0.0,0.0,6798.897450101285
1715,80.35056253144845,13.122924901185758,0.0,29.32935206000002,12.002648192941185,14.345985193513133,-0.16191799938678741,0.015521064400672913,-0.023243960212258732,0.033432358676036965,-0.13567839562892914,0.12668082118034363,-0.0005511899087943283,0.024325887396073897,0.0,0.0,0.0,0.0,0.0,1.0005511899087944,0.0,0.0,0.0,0.0,7278.118815911526
1716,80.15230531645344,13.127416457060713,39.20742986000005,41.719674560000044,40.66108183294119,0.6050857720232639,-0.010334346443414688,0.6372278928756714,0.18591175752527572,0.10869503702348349,-0.1866028755903244,0.3280254900455475,0.08094582351983762,0.07219021576794016,471.0,0.24048128255714368,126.84866848884505,13617.25994932119,0.054810553473365775,0.9190541764801624,0.18591175752527572,0.5958982719593482,0.898180361098341,0.7168111076149453,2691.8533385949863
1717,80.1569159493603,13.127416457060713,39.79532930000005,42.62203183999998,40.96681130352943,0.5328172704759687,-0.0016818029107525945,0.6964054703712463,0.20204666436887256,0.11716801748477852,-0.20616114139556885,0.2993960380554199,0.0698782647824755,0.07235842432555069,379.0,0.18922499099737236,124.04087575792039,15162.687042133924,0.061031020338582896,0.9301217352175245,0.20204666436887256,0.4688882392336019,1.0,0.6813329435401612,2235.506120269665
1718,80.16152658226716,13.127416457060713,39.344150660000025,42.539999360000024,40.72108050235296,0.682145824034136,-0.002357696183025837,0.6837782263755798,0.18984171940730168,0.10844076077391332,-0.19285042583942413,0.24337446689605713,0.07273084787222055,0.06218966585148354,450.0,0.2003439487925755,110.60869190325154,12863.13107683514,0.051775124830229224,0.9272691521277795,0.18984171940730168,0.49644035333452385,0.8484388018180564,0.6372397327279369,1802.383639168337
1719,80.16613721517402,13.127416457060713,40.09269704000002,44.94628544,42.14156940235296,1.0833050282820278,-0.07799442857503891,0.7406548261642456,0.2546710564108456,0.1533490818719986,-0.209819033741951,0.2751920521259308,0.06382153080958947,0.07731295218342486,200.0,0.08529126245967802,105.9497869222935,6710.261372952744,0.027009335297357044,0.9361784691904105,0.2546710564108456,0.21134666021616977,0.44260188947361523,0.30384875191914795,1413.9914792673515
1720,80.17074784808088,13.127416457060713,35.05795358,44.51903293999999,42.01429842235296,1.0988668603251486,-0.039627037942409515,0.754127562046051,0.22325003829656861,0.12788334691292438,-0.30553901195526123,0.22056113183498383,0.05067558737362132,0.06809391689736814,328.0,0.16401673299088712,124.23382415630473,12426.404600575508,0.050017266056191764,0.9493244126263787,0.22325003829656861,0.406423679724275,0.8196327758181168,0.5717073181618118,1117.9637632142012
1721,80.17535848098774,13.127416457060713,30.053972300000055,42.786096799999996,34.4750215047059,4.006084680480565,-0.27246376872062683,0.8536007404327393,0.27362828181340143,0.39516752978179503,-0.6234413981437683,0.24009111523628235,-0.17560323861929086,0.15243012202252984,154.0,0.05127588319377288,82.72141777012462,4074.3340370247006,0.016399518290449378,1.175603238619291,0.27362828181340143,0.12705857962603825,0.26873885276696435,0.18373068888240868,999.9999999999268
1722,80.1799691138946,13.127416457060713,30.074480419999986,39.658608500000014,33.48184424000002,3.171713973783146,-0.3367496430873871,0.8518250584602356,0.1405340935202206,0.3711638236840819,-0.6410256624221802,0.25789159536361694,-0.12611276663985907,0.1522600443637329,51.0,0.015975064118081913,77.82120914413808,3106.4267509664305,0.01250361454349904,1.1261127666398592,0.1405340935202206,0.03958525587180679,0.20489669076543263,0.10570982982925713,1117.9637632142012
1723,80.18457974680146,13.127416457060713,30.402610340000024,43.38083228000005,37.050410871764726,4.192661584693046,-0.3804877996444702,0.8191940188407898,0.1469384526271446,0.31279664522765005,-0.5791594982147217,0.29853373765945435,-0.006613048478668811,0.14290886403812367,31.0,0.01663131600912663,133.28781920334126,5487.428933110345,0.022087337547267147,1.0066130484786688,0.1469384526271446,0.04121140890827306,0.3619451283874643,0.16950489669994956,1413.9914792673515
1724,80.18919037970832,13.127416457060713,31.236607219999996,42.13325498000006,33.62380377000002,2.909252562952116,-0.3941825330257416,0.7528390288352966,-0.0977024899996244,0.2834488718704996,-0.5790750980377197,0.5128297805786133,0.012029079290536733,0.10407066619304352,1.0,0.007723825445514998,1918.9249556815435,549.3750160175482,0.00221127809885586,0.9879709207094632,0.0,0.019139178679340032,0.03623620699769676,0.025977990006682723,1802.383639168337
1725,80.19380101261518,13.127416457060713,34.83578227999999,44.93944940000006,40.70057238235295,2.116546520392344,-0.028865164145827293,0.7653958797454834,0.21512992110906862,0.14610880050510597,-0.3815048038959503,0.40444445610046387,0.046701642204733454,0.09905772040477928,65.0,0.12273252755464505,469.10694439977675,5341.482961959115,0.02149989341491029,0.9532983577952665,0.21512992110906862,0.3041238815151333,0.3523186833054642,0.32340180223126563,2235.506120269665
1726,80.19841164552204,13.127416457060713,40.66008836000003,43.914043400000025,41.77351133176472,0.8759897409607548,-0.029729017987847328,0.6439763903617859,0.19266034294577206,0.10481468407639476,-0.1363469362258911,0.27580371499061584,0.05953372730928309,0.05812984203827513,395.0,0.2043498371291752,128.52947713138892,13672.700210187322,0.05503370492924527,0.9404662726907169,0.19266034294577206,0.5063667056562462,0.9018371432784162,0.6645548807051143,2691.8533385949863
1727,80.2030222784289,13.127416457060713,40.325122400000055,43.438938620000044,42.00501418117649,0.5234842635080297,-0.0005592841189354658,0.6056444644927979,0.19167590801532453,0.10228482384718292,-0.16215386986732483,0.2621711492538452,0.06561272254356972,0.06347406420783547,364.0,0.22588887871395058,154.17679255550993,15067.836431233256,0.06064923909183423,0.9343872774564302,0.19167590801532453,0.5597391657643558,0.9938588832954214,0.7333870527767821,3161.3837367468104
1728,80.20763291133576,13.127416457060713,39.689370680000025,43.739724379999984,41.536733614117665,0.9874101451263703,-0.03277591988444328,0.6543446779251099,0.1840185307521446,0.11278821722498536,-0.21982300281524658,0.3259706199169159,0.06588989856196385,0.06505247766382935,275.0,0.13812147891105062,124.78261036355943,12585.999906067287,0.050659649843995666,0.9341101014380362,0.1840185307521446,0.34225678492880957,0.830159516854837,0.5374178776992206,2999.0577071752678
1729,80.21224354424263,13.127416457060713,35.23910864000004,43.48679090000002,40.72142348705884,1.3203439068906515,-0.14038127660751343,0.6407713294029236,0.1917093194699755,0.13423183054212773,-0.3686600923538208,0.4793270528316498,0.053432736864276964,0.09270118857676299,171.0,0.06847501301248778,99.48590468141957,11945.913956031582,0.04808325302682754,0.946567263135723,0.1917093194699755,0.1696769972808149,0.7879401106103596,0.4169822426126328,2499.21475597939
1730,80.21685417714949,13.127416457060713,39.456945320000045,43.476536839999994,41.6506045364706,0.8715660778451139,-0.003870513755828142,0.7002819180488586,0.18522898747370795,0.11622689237042151,-0.17770767211914062,0.3008849620819092,0.07972393329326923,0.07012653976751038,258.0,0.1484934368713513,142.99244549371429,13187.147730196104,0.05307931760993653,0.9202760667067308,0.18522898747370795,0.36795787800206997,0.8698106046477537,0.5686989686603435,1999.3718047835116
1731,80.22146481005635,13.127416457060713,41.46674108000002,43.72947032000002,42.30889863058825,0.5023760251218979,0.00650356151163578,0.5981385111808777,0.1878790163526348,0.09602050683646696,-0.12537018954753876,0.26170700788497925,0.07609319948682598,0.06139111778941332,385.0,0.21625999108227123,139.55358312737965,13463.32135038709,0.05419093837900069,0.923906800513174,0.1878790163526348,0.535879356636612,0.888026730566782,0.67673830620868,1499.5288535876339
1732,80.22607544296321,13.127416457060713,40.40031884000001,44.324205800000016,42.003583107058844,0.7095125910100922,0.016428763046860695,0.6973844766616821,0.1950731943167892,0.1051001532431142,-0.22577406466007233,0.2349434792995453,0.058699969123391545,0.06617899379103279,365.0,0.18962302110828283,129.06953268035986,13599.458175121901,0.05473889991748873,0.9413000308766084,0.1950731943167892,0.4698745341034447,0.8970061745117579,0.6407271902667699,999.6859023917558
1733,80.23068607587007,13.127416457060713,41.20355354000003,44.04392816000001,42.54039031000002,0.5954130936159509,0.009900989942252636,0.6001921892166138,0.18046301034780649,0.09635039220433124,-0.16912809014320374,0.2524752616882324,0.07447607187124398,0.06005370679684249,454.0,0.23518043811368708,128.6977287988845,12631.320103374219,0.05084206723979774,0.9255239281287561,0.18046301034780649,0.5827630956570906,0.8331487901252073,0.6829173734443372,499.8429511958779
1734,80.23529670877693,13.127416457060713,35.77915580000001,42.71090035999998,39.91452239882355,1.5308635552278687,0.02569018490612507,0.8532710075378418,0.4729367244944853,0.24323337743500625,-0.407866507768631,0.34551361203193665,-0.09188319785922182,0.1451391701330509,107.0,0.146839235315507,340.9446476521549,2647.651844584252,0.010657009086007406,1.0918831978592218,0.4729367244944853,0.36385886523018884,0.17463637315302313,0.28816986839932257,0.0
1735,80.23990734168379,13.127416457060713,39.046782920000055,46.72365583999999,42.95815685176472,1.3836420212212879,-0.00040241447277367115,0.843142032623291,0.3092160931755515,0.22328893315454396,-0.3543779253959656,0.3486863374710083,0.0076215018478094365,0.12811968758633788,98.0,0.20533972593435842,520.5619767147311,4445.428570493539,0.01789320327891737,0.9923784981521906,0.3092160931755515,0.5088195910624126,0.2932158638039224,0.42257810015901653,499.8429511958779
1736,80.24451797459065,13.127416457060713,40.43449903999999,43.65769190000003,42.47750518117649,0.7154317370758159,0.004653567913919687,0.7926498055458069,0.26097097543569714,0.16935455309562922,-0.2674711346626282,0.30308642983436584,0.04840400695800781,0.09242317763303692,227.0,0.13527525444797356,148.0532832558933,9451.667698965095,0.03804371362187551,0.9515959930419922,0.26097097543569714,0.3352040105044507,0.6234222111079828,0.4504912907458636,999.6859023917558
1737,80.24912860749751,13.127416457060713,40.50285944000001,43.192841180000016,41.85025711647061,0.6206901944847554,0.0027497708797454834,0.7411647439002991,0.21906254787071078,0.1231165336141547,-0.23057405650615692,0.34927284717559814,0.06065912583295037,0.07521759623008413,276.0,0.11661676005477378,104.97295668213715,12111.736948126254,0.0487507037481286,0.9393408741670496,0.21906254787071078,0.2889693744943533,0.7988776234045853,0.4929326740584461,1499.5288535876339
1738,80.25373924040437,13.127416457060713,40.63274420000005,42.28364786000003,41.23934222000002,0.3533699141006495,0.01643059402704239,0.7495173215866089,0.22100456686580883,0.11833027198308751,-0.254612535238266,0.3561224341392517,0.059225176642922796,0.07451517910948123,332.0,0.1301866621671623,97.42130641845164,15256.807421008549,0.061409862343394454,0.9407748233570772,0.22100456686580883,0.32259478239905515,1.0,0.5935568694394331,1999.3718047835116
1739,80.25834987331123,13.127416457060713,38.84511974000003,43.179169100000024,41.30468672000002,0.9969525177497586,-0.09520682692527771,0.7470930218696594,0.2047009042593149,0.13106865344964982,-0.35074830055236816,0.48306334018707275,0.058295816274789664,0.09650954301703464,380.0,0.16695717840090807,109.15585616550466,14091.073707720885,0.05671769150538061,0.9417041837252104,0.2047009042593149,0.41370992803429024,0.92943262581214,0.6199990071454302,2235.9275264284024
1740,80.26296050621809,13.127416457060713,37.79236958000001,43.01852216000003,40.791829968235305,1.1954531484358175,-0.07458142936229706,0.6951034665107727,0.19839427274816177,0.11804210703272808,-0.3402746915817261,0.500632107257843,0.06393316530713848,0.09239665002771122,479.0,0.15509200264597903,80.4413649117649,13132.919419379545,0.052861044349321464,0.9360668346928616,0.19839427274816177,0.38430873034575047,0.8662337614375749,0.5770787427824803,2061.51472850902
1741,80.26757113912495,13.127416457060713,37.46765768,45.599127260000046,41.010358534117664,1.7902546348031452,-0.04340704157948494,0.8118882179260254,0.28607402726715686,0.18159272983890604,-0.42835044860839844,0.49127012491226196,0.035939543480966604,0.11149374087326906,85.0,0.05022992125098121,146.81455466116276,13820.16570813447,0.055627265277714014,0.9640604565190334,0.28607402726715686,0.1244667483299926,0.9115638147739044,0.43930557490755734,1999.9999999998536
1742,80.27218177203181,13.127416457060713,37.78211552000005,43.50046298000001,41.25400843000002,1.290700896297499,-0.022464262321591377,0.8296059370040894,0.22702660193810095,0.16355587071109226,-0.39149460196495056,0.6125308871269226,0.06982115525465746,0.10756775389634644,6.0,0.005738008310690594,237.59399667440553,16531.86542383898,0.06654207213492921,0.9301788447453425,0.22702660193810095,0.014218442285696017,1.0,0.40853106537141765,1999.9999999998536
1743,80.27679240493867,13.127416457060713,39.64493642000002,44.27635352000004,41.947676600000015,0.9832921472987575,0.029673030599951744,0.83506840467453,0.26984207452512254,0.1855531835015838,-0.372059166431427,0.298484206199646,0.05324813543581495,0.10859472888677948,4.0,0.0011930318504552878,74.09989411694096,13868.53290214294,0.055821947077387676,0.946751864564185,0.26984207452512254,0.0029562617535933916,0.9147540647905391,0.3676753829683717,1802.6014266721552
1744,80.28140303784554,13.127416457060713,39.92863208000006,46.25538710000001,42.91834697176473,1.4082963429047106,-0.0019801980815827847,0.8322821855545044,0.26135519588694855,0.178832453839961,-0.48435264825820923,0.3114808201789856,0.04818454218845741,0.11921494515808605,48.0,0.07063367213002873,365.59149866287174,7999.6505963546615,0.032199229390608555,0.9518154578115425,0.26135519588694855,0.17502602579652185,0.5276486670618756,0.31607508230266335,1581.0891739114131
1745,80.2860136707524,13.127416457060713,37.75135334000004,46.29982136000001,43.21472123882354,1.5674135901293191,-0.028901733458042145,0.7524034976959229,0.19130957509957108,0.13458255069046263,-0.44742900133132935,0.5308427214622498,0.08740353453393077,0.09738171842133718,29.0,0.07307480255422125,626.0300686937597,5029.483030180556,0.02024406889455312,0.9125964654660692,0.19130957509957108,0.18107500135892576,0.3317394909840682,0.24134079720898272,1499.9999999998902
1746,80.29062430365926,13.127416457060713,40.98480026000004,44.39940224000003,42.83892827176472,0.6621816921123823,-0.039931055158376694,0.6621292233467102,0.19713954045222357,0.13188856979276645,-0.20221039652824402,0.30206298828125,0.09217803955078124,0.07949117052808688,116.0,0.1347698194819269,288.6424471879828,7738.387941642929,0.03114762644258781,0.9078219604492188,0.19713954045222357,0.33395157281095383,0.5104160529806416,0.40453736487882896,1581.0891739114131
1747,80.29523493656612,13.127416457060713,39.74405899999999,46.20411680000001,42.96836360352943,1.100662407901565,0.006775832735002041,0.7655972838401794,0.24951471066942402,0.16597450165607075,-0.2151332050561905,0.31064262986183167,0.05369391347847733,0.0848282807063217,58.0,0.06959853841823462,298.1244988970262,5541.105892500245,0.022303391574573464,0.9463060865215227,0.24951471066942402,0.17246102621091625,0.36548560502864685,0.2496708577380085,1802.6014266721552
1748,80.29984556947298,13.127416457060713,30.658961840000018,42.574179560000005,33.500507338823546,3.167585558362157,-0.2982456088066101,0.42817097902297974,-0.055497209137561274,0.15006940349748712,-0.26906222105026245,0.6113795042037964,0.05046579398360907,0.09687721750756398,2.0,0.00783314937493255,973.0428220557178,0.0,0.0,0.9495342060163909,0.0,0.019410076854578448,0.0,0.011646046112747069,2120.987218901027
1749,80.30445620237984,13.127416457060713,30.08473448000001,32.06035004,30.79956191529413,0.5328979042367209,-0.29870128631591797,0.18569780886173248,-0.10017387977013222,0.0679132697126379,-0.3727193772792816,0.6240506172180176,-0.005500221252441406,0.08839217697951014,0.0,0.0,0.0,0.0,0.0,1.0055002212524413,0.0,0.0,0.0,0.0,2499.4974722457605
1750,80.3090668352867,13.127416457060713,29.384040379999988,30.214619240000047,29.83261706705884,0.17577641332207594,-0.1606401950120926,0.002858776366338134,-0.08346007104013481,0.023838921618020634,-0.14530962705612183,0.049435026943683624,-0.049239334405637256,0.027518906653740183,0.0,0.0,0.0,0.0,0.0,1.0492393344056372,0.0,0.0,0.0,0.0,2914.802634228395
1751,80.31367746819356,13.127416457060713,29.40796652000006,29.82496495999999,29.589984955294135,0.07852430683016688,-0.16511628031730652,0.0066385031677782536,-0.08329751407398897,0.02203712981990643,-0.13037633895874023,0.058394160121679306,-0.04860750983743107,0.025684052906629923,0.0,0.0,0.0,0.0,0.0,1.048607509837431,0.0,0.0,0.0,0.0,3353.259180404498
1752,80.31828810110042,13.127416457060713,29.40796652000006,29.71900634000002,29.552551000000022,0.05960621385898205,-0.16112852096557617,0.030112924054265022,-0.07120962876539964,0.02340072288218484,-0.12952646613121033,0.04163512587547302,-0.04426470829890324,0.02447837967841489,0.0,0.0,0.0,0.0,0.0,1.0442647082989032,0.0,0.0,0.0,0.0,3806.876123168405
1753,80.32289873400728,13.127416457060713,29.322516020000023,29.626719800000046,29.460549623529428,0.06006223444915435,-0.15107913315296173,0.024761904031038284,-0.06222379796645221,0.023233687735574896,-0.1487889289855957,0.03957382217049599,-0.04233249739104626,0.026110777053873803,0.0,0.0,0.0,0.0,0.0,1.0423324973910462,0.0,0.0,0.0,0.0,4270.82550042176
1754,80.32750936691414,13.127416457060713,29.10376273999998,29.55494138000006,29.365956807058843,0.09493515508416298,-0.1558883637189865,0.02228224091231823,-0.06278621897977942,0.02390274925504901,-0.11869225651025772,0.05543237179517746,-0.03825307808670343,0.028359959346625562,0.0,0.0,0.0,0.0,0.0,1.0382530780867034,0.0,0.0,0.0,0.0,4742.075605120215
1755,80.332119999821,13.127416457060713,29.03540234000002,29.356696220000003,29.218579827058843,0.06037621900865928,-0.15452688932418823,0.038359787315130234,-0.06460701575646034,0.023963265640432954,-0.1352226734161377,0.05198776721954346,-0.03600323016826923,0.028291961999172423,0.0,0.0,0.0,0.0,0.0,1.0360032301682693,0.0,0.0,0.0,0.0,5218.649019240531
1756,80.33673063272786,13.127416457060713,29.10376273999998,29.54468731999998,29.28860784235296,0.08197213229967167,-0.14909544587135315,0.031963471323251724,-0.06224337110332414,0.02420071877832116,-0.1314285695552826,0.06245407834649086,-0.03130303775562959,0.028021898435288836,0.0,0.0,0.0,0.0,0.0,1.0313030377556296,0.0,0.0,0.0,0.0,5699.2104785737165
1757,80.34134126563472,13.127416457060713,29.141360960000043,29.418220580000025,29.30509476235296,0.05642206721097544,-0.14635807275772095,0.03281733766198158,-0.06230384976256127,0.02495434763223226,-0.150141641497612,0.11355815827846527,-0.025375973570580575,0.030380357913611416,0.0,0.0,0.0,0.0,0.0,1.0253759735705805,0.0,0.0,0.0,0.0,6182.83013868804
1758,80.34595189854159,13.127416457060713,29.10034472000001,29.431892660000017,29.25272454588237,0.06325449186901028,-0.14979757368564606,0.04872727394104004,-0.058329279972956734,0.027685322284089965,-0.12842713296413422,0.10775566101074219,-0.02348220678476187,0.03265622218696503,0.0,0.0,0.0,0.0,0.0,1.0234822067847618,0.0,0.0,0.0,0.0,6668.842697228229
1759,80.35056253144845,13.127416457060713,0.0,29.27466374000005,12.001063367058832,14.344071800042276,-0.16678012907505035,0.03661971911787987,-0.021556134691425397,0.03220830880747865,-0.11896178871393204,0.12954875826835632,-0.009135991264792049,0.023181807961238667,0.0,0.0,0.0,0.0,0.0,1.0091359912647921,0.0,0.0,0.0,0.0,7156.760668668459
1760,80.15230531645344,13.131908012935668,38.13075356000002,41.54877356000003,39.94258061750002,0.6395046476717294,-0.011289364658296108,0.7550274133682251,0.2383612419577206,0.13472105224098846,-0.3826659917831421,0.25935372710227966,0.05137196260340073,0.09333719983724403,547.0,0.21176448402742065,96.18145410109318,10818.252861659113,0.04354432750561669,0.9486280373965993,0.2383612419577206,0.5247397583398924,0.7135607528901228,0.6002681561599845,2914.763451509803
1761,80.1569159493603,13.131908012935668,39.33731462000003,42.76558868000001,40.80840780875002,0.6385737045170988,0.0078125,0.6827238202095032,0.2166418217677696,0.12537605426311946,-0.17949475347995758,0.2971605360507965,0.06339366239659927,0.07804655568793022,396.0,0.2488696784931914,156.13574554259256,10758.779490715111,0.04330494246115845,0.9366063376034007,0.2166418217677696,0.6166842166684291,0.7096379509469255,0.6538657103798277,2499.468228660764
1762,80.16152658226716,13.131908012935668,39.634682360000056,42.82027700000003,41.24771134250002,0.6389458676774162,-0.03942254185676575,0.6710918545722961,0.19739534818209134,0.11939414181520791,-0.19210733473300934,0.34331440925598145,0.07231312091533955,0.07664076076731334,407.0,0.2881612024395994,175.90032383383266,11350.826694599877,0.045687979507381564,0.9276868790846604,0.19739534818209134,0.7140462690217146,0.748688771255235,0.7279032699151229,2120.9678338372864
1763,80.16613721517402,13.131908012935668,39.757731079999985,43.46286476,41.676848780000014,0.8120558368634082,-0.05267489701509476,0.7605495452880859,0.24451521331188725,0.16394290699850747,-0.24277159571647644,0.436860054731369,0.04647539026596967,0.08940110906025574,261.0,0.18490021985231617,176.00396867267673,6573.779048838024,0.02645998309640769,0.9535246097340303,0.24451521331188725,0.45817171433588455,0.43359965674741907,0.4483428913004983,1802.5912893723018
1764,80.17074784808088,13.131908012935668,39.96964832000003,43.92087944000002,42.03992544125001,0.7692474284133359,-0.005123200826346874,0.7194684743881226,0.22567191329656863,0.1361905056998384,-0.22035928070545197,0.2738317847251892,0.04699809953278186,0.06967763881052244,308.0,0.1369977902501469,110.50664303567358,12309.434274783333,0.04954645119912879,0.9530019004672181,0.22567191329656863,0.3394723514621687,0.8119175342901731,0.5284504245933704,1581.0862845303468
1765,80.17535848098774,13.131908012935668,36.886594280000054,43.69870814000001,41.561063352500014,1.4654926127468286,0.00800000037997961,0.7156362533569336,0.20560699462890625,0.10765725367168041,-0.18396428227424622,0.2603146433830261,0.05656282865084135,0.06483468433813774,427.0,0.17707353339521592,103.0270628609504,13103.835449744747,0.05274397906020908,0.9434371713491586,0.20560699462890625,0.4387776522061409,0.8643154129264959,0.608992756494283,1499.9999999998902
1766,80.1799691138946,13.131908012935668,33.67365547999998,42.62886788000003,39.71288213375002,2.1508820442476027,-0.2544378638267517,0.6929939389228821,0.2118053481158088,0.17081281209133153,-0.42231667041778564,0.5950879454612732,0.04887323117723652,0.09068277221615759,132.0,0.05681771586297472,106.93881809955542,9596.143760146017,0.038625241249786654,0.9511267688227635,0.2118053481158088,0.14079091037523292,0.6329517024509175,0.3376552272055068,1581.0862845303468
1767,80.18457974680146,13.131908012935668,38.43495733999998,43.801248740000005,41.82911403125002,0.7060996900346749,-0.02975166030228138,0.5840604901313782,0.21286786247702205,0.09316761805785406,-0.12136201560497284,0.3936326205730438,0.07622036803002451,0.05023579074919348,126.0,0.0786091445845526,154.9987035961462,10255.252262140515,0.04127820535033027,0.9237796319699755,0.21286786247702205,0.194788770751863,0.6764258165184774,0.3874435890585088,1802.5912893723018
1768,80.18919037970832,13.131908012935668,32.24150510000004,43.64743784000001,40.05146717375002,2.3415732275995063,-0.2390572428703308,0.7942238450050354,0.24964918870192307,0.1839924962943134,-0.5579280257225037,0.5045017004013062,0.05367540799654447,0.12367768462632027,33.0,0.013603669625522959,102.41596864461368,2962.1042528471035,0.011922705019114627,0.9463245920034555,0.24964918870192307,0.03370908178780502,0.1953773282829757,0.09837638038587329,2120.9678338372864
1769,80.19380101261518,13.131908012935668,38.475973580000016,44.00632994,41.51876535500002,1.2521832410916611,-0.006654567550867796,0.7771018743515015,0.20363613951439952,0.12027017916245163,-0.45048320293426514,0.38936811685562134,0.06451192220052084,0.06947697878803219,177.0,0.08867102142204625,124.46120041406522,11104.9807653901,0.04469843010468889,0.9354880777994792,0.20363613951439952,0.21972150130109194,0.7324730284190119,0.42482211214825993,2499.468228660764
1770,80.19841164552204,13.131908012935668,41.16595532000002,44.90526920000002,43.134571478750026,0.7966358296069025,-0.01076787244528532,0.6730486154556274,0.1974697337431066,0.11293591193563993,-0.1805238127708435,0.27714458107948303,0.07248946844362746,0.06343275442396767,324.0,0.15710783179209528,120.46984883170549,12979.63523874162,0.052244063340605766,0.9275105315563725,0.1974697337431066,0.3893038347129709,0.8561232956589658,0.5760316190913689,2914.763451509803
1771,80.2030222784289,13.131908012935668,40.35930259999998,44.01658400000002,42.14431328000002,0.6175996220119517,0.016783973202109337,0.6000000238418579,0.18040920551006612,0.09592789786918861,-0.1421397626399994,0.22060640156269073,0.07546289297250601,0.06002305704865729,423.0,0.1987714817850188,116.74525777069,14968.616417773415,0.06024987065254408,0.924537107027494,0.18040920551006612,0.4925438738973208,0.9873144339826222,0.6904520979314415,3353.2101348842893
1772,80.20763291133576,13.131908012935668,40.10295110000004,43.12448078,41.535541298750026,0.7798632203217974,0.021616820245981216,0.6611262559890747,0.18899856866574755,0.1026237256505773,-0.15801024436950684,0.2718736529350281,0.08379557291666667,0.05932055596814641,508.0,0.20206545967058304,98.82206196426411,12536.66798916797,0.05046108495801885,0.9162044270833334,0.18899856866574755,0.5007061545913021,0.8269056347156104,0.6311859466410255,3040.397705677829
1773,80.21224354424263,13.131908012935668,39.932050100000026,43.59958556000004,41.89116617375002,0.6899616998319372,-0.06492335349321365,0.5983914136886597,0.14887031106387869,0.10724518873301359,-0.16898955404758453,0.48472049832344055,0.09800495820886948,0.06812319514646208,280.0,0.11297330163614352,100.2405244861148,9345.613999513545,0.037616839053388834,0.9019950417911305,0.14887031106387869,0.27994110188814075,0.6164270189457038,0.414535468711166,2548.694955905401
1774,80.21685417714949,13.131908012935668,41.63080604000004,44.38231214000001,42.425432858750014,0.5348647998301639,-0.0327349528670311,0.6916253566741943,0.15816511887770432,0.09507976152339287,-0.16300731897354126,0.3198312222957611,0.09361595153808594,0.05911634340143801,480.0,0.22790291115607417,117.95984029514814,14230.597017617736,0.05727928391577325,0.9063840484619141,0.15816511887770432,0.5647298180062671,0.9386354388105831,0.7142920663279935,2060.9079130530968
1775,80.22146481005635,13.131908012935668,41.41205276000005,43.14840692000001,42.04447442375002,0.35786767456540597,-0.0022391402162611485,0.6018772125244141,0.17323323567708335,0.08911664298547367,-0.12790697813034058,0.2318570911884308,0.07451512953814338,0.05619707814460921,616.0,0.30114008299431055,121.4544395001645,15302.719688863821,0.06159466287020605,0.9254848704618566,0.17323323567708335,0.7462071607646359,1.0,0.8477242964587816,1580.6658572173703
1776,80.22607544296321,13.131908012935668,41.330020279999985,43.162079000000006,41.940966222500016,0.2931522877170564,0.0094798868522048,0.6016260385513306,0.1759072935814951,0.09390576658065565,-0.13371311128139496,0.2254582643508911,0.07224216835171568,0.057429245917371564,526.0,0.2919851707256713,137.91153474354,15422.4664426984,0.06207665307078523,0.9277578316482843,0.1759072935814951,0.7235218343109014,1.0,0.8341131005865409,1117.7367116280964
1777,80.23068607587007,13.131908012935668,40.687432520000016,48.23100266000006,43.265189270000015,1.4999901953651897,0.007389890495687723,0.7701396346092224,0.261710205078125,0.1573472440866252,-0.29050329327583313,0.2736087739467621,0.051577171912560095,0.09001708029001598,330.0,0.22165565037445767,166.8746651716722,10396.26714562275,0.04184580146294093,0.9484228280874399,0.261710205078125,0.5492494784777215,0.6857270121655965,0.6038404919528715,706.9892779457622
1778,80.23529670877693,13.131908012935668,39.96623030000001,44.44725452,41.754948023750025,0.90353267674608,0.028610823675990105,0.7946844696998596,0.3483160041360294,0.18613828785865225,-0.24984322488307953,0.29326575994491577,0.02007389592189415,0.08899932273389893,175.0,0.12445824511780108,176.6896721480035,4885.839028007154,0.01966589037027181,0.9799261040781059,0.3483160041360294,0.30840010668675444,0.3222648813913984,0.31394601656861204,499.9999999999634
1779,80.23990734168379,13.131908012935668,40.03800871999999,42.85445720000001,41.64765738125002,0.5746827685364339,-0.011284255422651768,0.7622202634811401,0.28817052504595586,0.18631415768215792,-0.2822689116001129,0.31775450706481934,0.029467366536458334,0.10200017637579083,183.0,0.14707857102875022,199.67507329925726,6816.092042194701,0.02743531215152568,0.9705326334635417,0.28817052504595586,0.3644519248497287,0.44958237079429086,0.3985041032275536,706.9892779457622
1780,80.24451797459065,13.131908012935668,40.936947980000014,42.74166253999999,41.72847093500002,0.48929411059245786,-0.03491435945034027,0.693556547164917,0.16487258911132813,0.1036624138106454,-0.20190836489200592,0.25864192843437195,0.07727523803710938,0.06668791853762868,439.0,0.26780309776747746,151.5572151694059,13178.813495936512,0.05304577165471169,0.9227247619628907,0.16487258911132813,0.6636001001328643,0.8692608871888363,0.7458644149552531,1117.7367116280964
1781,80.24912860749751,13.131908012935668,40.345630519999986,42.509237180000014,41.44988973875002,0.5272885910481822,-0.04028620198369026,0.721011757850647,0.18533562155330882,0.11834005162410408,-0.16769428551197052,0.3216401934623718,0.08368278353821998,0.0712275644400276,2.0,0.004160406044988415,516.8104226211126,14369.628538876714,0.0578388968378155,0.91631721646178,0.18533562155330882,0.010309237985158844,0.947805813939881,0.38530786836704767,1580.6658572173703
1782,80.25373924040437,13.131908012935668,40.28068814000005,43.84568300000001,41.76201025625002,0.8028550685479906,-0.006646525580435991,0.7911571264266968,0.22371909945618873,0.14713588543579065,-0.3206956088542938,0.3528904318809509,0.06341640696806067,0.0871562347010013,1.0,0.0002857575557059607,70.99426427834878,12654.121168580601,0.05093384333927702,0.9365835930319393,0.22371909945618873,0.0007080901758083658,0.8346527247682054,0.33428594401276723,2060.9079130530968
1783,80.25834987331123,13.131908012935668,40.28752417999999,42.76217066000004,41.30660935625002,0.5893707294832135,0.0020567667670547962,0.7253774404525757,0.2121306903545673,0.13905664213846436,-0.2154478281736374,0.2946256101131439,0.06194605900691106,0.07622814529618456,1.0,0.0006274676538930929,155.88950688127863,15701.138197410866,0.06319832902982761,0.9380539409930889,0.2121306903545673,0.0015548274139648764,1.0,0.40093289644837893,1802.5912893723018
1784,80.26296050621809,13.131908012935668,41.38129058000004,47.19192457999998,43.172471288750025,1.3120478463057057,0.03083491511642933,0.716313898563385,0.19212088790594362,0.11804050960221422,-0.2445494532585144,0.29681527614593506,0.08304789225260417,0.07171712904072326,0.0,0.0,0.0,11293.172622817692,0.04545591728663118,0.9169521077473959,0.19212088790594362,0.0,0.7448859684002676,0.29795438736010704,1581.0862845303468
1785,80.26757113912495,13.131908012935668,42.79635086000002,49.22222846,45.69339926750002,1.4489874468486252,0.044344473630189896,0.7566331028938293,0.19431712431066175,0.10748931118650384,-0.20452991127967834,0.327772319316864,0.14584957347196692,0.07355624630201843,0.0,0.0,0.0,1924.2601939854255,0.00774530020368488,0.8541504265280331,0.19431712431066175,0.0,0.12692220918990016,0.050768883675960066,1499.9999999998902
1786,80.27218177203181,13.131908012935668,35.707377380000025,49.65973502000003,43.695895394375015,3.4924446825756625,0.03599683567881584,0.7653365135192871,0.2544073955829327,0.13770279931998594,-0.6404443383216858,0.4246090352535248,0.0864050527719351,0.1628322630612338,0.0,0.0,0.0,4773.853468474075,0.019215139593546086,0.9135949472280649,0.2544073955829327,0.0,0.31487842988253706,0.12595137195301484,1499.9999999998902
1787,80.27679240493867,13.131908012935668,37.050659240000016,45.32910368,41.442375121250016,1.5639297417619225,-0.08710330724716187,0.7969530820846558,0.1995450128293505,0.13171977165793367,-0.5012569427490234,0.47811993956565857,0.06917314118030024,0.11336807327645554,0.0,0.0,0.0,9947.693116658189,0.04004025534772919,0.9308268588196997,0.1995450128293505,0.0,0.6561395338612837,0.26245581354451347,1413.9785558915244
1788,80.28140303784554,13.131908012935668,38.04530306000004,44.81298265999999,41.389546606250015,1.3581082471371042,-0.029925186187028885,0.8564910888671875,0.3072509286917892,0.20498919024247397,-0.38334858417510986,0.3803786635398865,0.018190980799057906,0.12347605414805177,1.0,0.016761885684827272,4164.361425797554,5786.913813121888,0.023292787989678324,0.9818090192009421,0.3072509286917892,0.041534952775358916,0.3816988408577671,0.1776005080083222,1117.9596768802355
1789,80.2860136707524,13.131908012935668,39.14932352000005,44.95653950000002,42.58650705125002,0.9781633205674668,-0.015223097056150436,0.695682168006897,0.22397475298713235,0.13273473059553834,-0.4615384638309479,0.4840976297855377,0.07803776161343444,0.08655293863169464,3.0,0.00848945150924274,703.0462852054625,6927.0122898463915,0.027881774963267405,0.9219622383865655,0.22397475298713235,0.02103635439085923,0.4568985554349372,0.19538123480849043,999.9999999999268
1790,80.29062430365926,13.131908012935668,40.71477668,45.141112580000026,43.13249804750002,0.8109956477614321,-0.001754386001266539,0.7362298369407654,0.19832233135516827,0.12091040065349411,-0.35481148958206177,0.2975764870643616,0.08874735905573919,0.07588090382493178,1.0,0.0014389684696473701,357.5006357048901,10261.40566450945,0.041302973283882306,0.9112526409442608,0.19832233135516827,0.0035656780242890613,0.6768316885648569,0.2728720822405162,1117.9596768802355
1791,80.29523493656612,13.131908012935668,39.145905500000026,46.05372392000004,43.90764717875001,1.3045931199132634,-0.01766381785273552,0.7314527630805969,0.1857632625804228,0.12920849167541382,-0.22636328637599945,0.2832795977592468,0.08046782848881741,0.07461278723237329,1.0,0.0037385803425983404,928.8214976942774,5884.07380392043,0.023683864674044673,0.9195321715111826,0.1857632625804228,0.009263979059185868,0.3881074132096591,0.16080135271937515,1413.9785558915244
1792,80.29984556947298,13.131908012935668,30.894805220000023,43.81150280000003,34.22278803875002,3.1938478707438,-0.25326696038246155,0.44219931960105896,-0.040208231608072915,0.13388948874473497,-0.330424427986145,0.5627726316452026,0.043924237419577204,0.10229647665552423,0.0,0.0,0.0,0.0,0.0,0.9560757625804228,0.0,0.0,0.0,0.0,1802.3608274073797
1793,80.30445620237984,13.131908012935668,30.08473448000001,34.66488128000003,30.981210755000014,0.9612317494230583,-0.2610294222831726,0.22310200333595276,-0.10600426307091346,0.06829282237188898,-0.29319727420806885,0.5213930606842041,-0.01509530727679913,0.0818534000968041,0.0,0.0,0.0,0.0,0.0,1.0150953072767992,0.0,0.0,0.0,0.0,2235.4734232561927
1794,80.3090668352867,13.131908012935668,29.664318019999996,30.269307560000016,29.978323475000018,0.13985951502424862,-0.16135995090007782,0.0029958058148622513,-0.08390769808900123,0.02177592231494698,-0.15204286575317383,0.02660609968006611,-0.06241586722579657,0.027690345344415983,0.0,0.0,0.0,0.0,0.0,1.0624158672257966,0.0,0.0,0.0,0.0,2691.810910568854
1795,80.31367746819356,13.131908012935668,29.39771245999998,29.85572714,29.65045744625002,0.11026059339391713,-0.15267175436019897,0.0024906599428504705,-0.0807484166762408,0.022379697070743533,-0.13945339620113373,0.03908794745802879,-0.05059591854319853,0.024328867543087336,0.0,0.0,0.0,0.0,0.0,1.0505959185431986,0.0,0.0,0.0,0.0,3161.3317144347407
1796,80.31828810110042,13.131908012935668,29.37720434000005,29.70875228,29.542111936875017,0.0823595603998326,-0.1483870893716812,0.018134715035557747,-0.07000877380371094,0.023138090707109458,-0.1343705803155899,0.04754481837153435,-0.04317603478064904,0.02760376086386857,0.0,0.0,0.0,0.0,0.0,1.0431760347806491,0.0,0.0,0.0,0.0,3638.9363991948094
1797,80.32289873400728,13.131908012935668,29.349860180000007,29.664318019999996,29.478174158750022,0.0719742925054366,-0.1547260731458664,0.02376103214919567,-0.06231228697533701,0.024100264135651403,-0.12670007348060608,0.04755043238401413,-0.04049011828852635,0.026505768921533696,0.0,0.0,0.0,0.0,0.0,1.0404901182885264,0.0,0.0,0.0,0.0,4121.8158261061935
1798,80.32750936691414,13.131908012935668,29.178959179999993,29.57203148000002,29.431591070000014,0.0817528972954021,-0.14359638094902039,0.047491639852523804,-0.06257912430108763,0.025345697399088173,-0.12232204526662827,0.05642633140087128,-0.035620871151194854,0.027395975766968454,0.0,0.0,0.0,0.0,0.0,1.035620871151195,0.0,0.0,0.0,0.0,4608.312160602264
1799,80.332119999821,13.131908012935668,29.137942940000016,29.44556474000001,29.258692036250014,0.059826794488537505,-0.16137930750846863,0.024484535679221153,-0.06441414466271034,0.024238653168831042,-0.13375796377658844,0.08797851204872131,-0.035097251305213344,0.027694394000730697,0.0,0.0,0.0,0.0,0.0,1.0350972513052132,0.0,0.0,0.0,0.0,5097.389911810802
1800,80.33673063272786,13.131908012935668,29.110598780000032,29.373786320000022,29.238284446250017,0.0501301828282537,-0.15006640553474426,0.02366463840007782,-0.0643841552734375,0.026207169338993194,-0.13636364042758942,0.0729086697101593,-0.031086138556985294,0.0300700215735699,0.0,0.0,0.0,0.0,0.0,1.0310861385569854,0.0,0.0,0.0,0.0,5588.371366933928
1801,80.34134126563472,13.131908012935668,29.10376273999998,29.435310680000043,29.284528246250016,0.058602241718463254,-0.14661407470703125,0.04060913622379303,-0.061709995643765315,0.025186312255306237,-0.14393368363380432,0.10644067823886871,-0.024655564252068014,0.034856329174514374,0.0,0.0,0.0,0.0,0.0,1.024655564252068,0.0,0.0,0.0,0.0,6080.795411355658
1802,80.34595189854159,13.131908012935668,29.107180760000006,29.486580979999985,29.24814895250002,0.07512443098078463,-0.15683646500110626,0.06610066443681717,-0.06012856703538161,0.02688630385904383,-0.11702872812747955,0.1170068010687828,-4.8209337087777944e-05,0.03582704106566937,0.0,0.0,0.0,0.0,0.0,1.0000482093370877,0.0,0.0,0.0,0.0,6574.33789921249
1803,80.35056253144845,13.131908012935668,0.0,29.319098000000054,12.012013005955891,14.357183669016639,-0.15593895316123962,0.06137184053659439,-0.023172941020890778,0.03339748114016066,-0.1386071741580963,0.1040661633014679,-0.0022614277110380287,0.023157042072751877,0.0,0.0,0.0,0.0,0.0,1.002261427711038,0.0,0.0,0.0,0.0,7068.764564585525
1804,80.15230531645344,13.136399568810623,39.12881540000001,41.67865832000001,40.36811375882355,0.5507480242408486,0.015857284888625145,0.7093698978424072,0.25098125382965686,0.11861770461024952,-0.3947772681713104,0.22954940795898438,0.03781918993183211,0.07177242677692142,393.0,0.16624127488501475,105.09253085772198,12808.576904050082,0.05155553994929437,0.9621808100681679,0.25098125382965686,0.4119359618300428,0.8448404650899728,0.5850977631340148,3200.8776120654165
1805,80.1569159493603,13.136399568810623,39.45010927999999,42.478475,40.59305259058825,0.5967295029944846,0.007540056481957436,0.6588085889816284,0.23506079580269607,0.11572620300029667,-0.17715658247470856,0.23382696509361267,0.04288897944431679,0.06217071850195296,545.0,0.2241098221632043,102.16212768725366,12382.600271155023,0.049840950149100186,0.9571110205556832,0.23506079580269607,0.5553307697634914,0.8167434876233561,0.6598958569074374,2827.931256581322
1806,80.16152658226716,13.136399568810623,31.592081300000018,41.767526840000016,39.73880778588237,1.8878681335230478,-0.34736841917037964,0.6768743395805359,0.19862215482271633,0.17513419451749815,-0.3527272641658783,0.5056657195091248,0.04287419245793269,0.08138836895606952,471.0,0.2358406403498117,124.40083022603423,11350.449474815721,0.0456864611677723,0.9571258075420673,0.19862215482271633,0.584399037413002,0.7486638902290075,0.6501049785394042,2499.684439178554
1807,80.16613721517402,13.136399568810623,31.222935140000004,41.97602605999998,36.943837244705904,4.007970054918758,-0.3571428656578064,0.8149697780609131,0.05345439836090686,0.26884514087374456,-0.5326560139656067,0.5550239086151123,0.05845837761374081,0.09204280790983381,247.0,0.1162660952562956,116.94500435357915,6603.8462705346465,0.026581006053208952,0.9415416223862592,0.05345439836090686,0.28810044804307955,0.43558285954601456,0.34709341264425353,2235.9111784654965
1808,80.17074784808088,13.136399568810623,40.31486834000003,42.328082119999976,41.44292138352943,0.4819838366883907,0.014192785136401653,0.6205565333366394,0.23227855009191176,0.10431123989197039,-0.13982725143432617,0.236524298787117,0.0506298708448223,0.054960476628678756,470.0,0.19985997820313836,105.64611189418417,12608.00799182895,0.05074823413819108,0.9493701291551777,0.23227855009191176,0.4952411030857807,0.831611147395053,0.6297891208094897,2061.510295753165
1809,80.17535848098774,13.136399568810623,34.93490486000002,43.049284339999986,40.86194077294119,1.5635691626118675,-0.1540265828371048,0.7822784781455994,0.24710841252253607,0.15175400876802062,-0.4966629445552826,0.3524835407733917,0.024218905522273137,0.10837455288506948,149.0,0.07372201116616339,122.92393280547022,12828.455092166118,0.051635551236201026,0.9757810944777269,0.24710841252253607,0.18267874568926418,0.8461516097876939,0.44806789132863606,1999.9999999998536
1810,80.1799691138946,13.136399568810623,35.909040559999994,44.16697687999999,41.92179899529414,1.3523130251654993,-0.2526799440383911,0.7924779653549194,0.23272173713235295,0.1280142433651913,-0.46392470598220825,0.5640828609466553,0.07890924191942401,0.08317438478462982,17.0,0.023997768827865983,350.7094631624427,7013.61576195353,0.028230360820963696,0.9210907580805759,0.23272173713235295,0.05946503953798234,0.4626108307486972,0.22072335602226828,2061.510295753165
1811,80.18457974680146,13.136399568810623,38.53066190000004,42.61861382000001,41.11574945529413,0.8316554217380343,-0.16618357598781586,0.7121734619140625,0.22890313840379903,0.13588551156036327,-0.334201455116272,0.4551704525947571,0.06783550187653187,0.07747805418863697,133.0,0.051142987001027866,95.53444587113208,9732.16969132529,0.039172756432900836,0.9321644981234681,0.22890313840379903,0.12672927078850776,0.6419238319718369,0.33280709526183944,2235.9111784654965
1812,80.18919037970832,13.136399568810623,39.248446100000024,42.15034508000002,40.53460458000002,0.5715553928065902,0.007619628217071295,0.7236623167991638,0.2643275334284856,0.1323889451657685,-0.18800196051597595,0.29350006580352783,0.053941368689903846,0.06475855269757869,192.0,0.06831060004583918,88.39188835936648,10569.673430844789,0.042543775541731575,0.9460586313100962,0.2643275334284856,0.16926959175772463,0.6971647111195051,0.3804276395024368,2499.684439178554
1813,80.19380101261518,13.136399568810623,38.41786724000002,43.55856932000006,40.81391108705884,1.014062349875837,-0.09231685847043991,0.8118740916252136,0.24440992168351716,0.14421565981589893,-0.5218926072120667,0.5227639675140381,0.05250902961282169,0.08572175829168442,79.0,0.03691578000047563,116.09419336995163,12190.995163118036,0.04906972436220061,0.9474909703871783,0.24440992168351716,0.09147510058329661,0.8041054131674501,0.37652722561695806,2827.931256581322
1814,80.19841164552204,13.136399568810623,40.738702820000015,43.94138756000001,42.641238983529426,0.6128897219055726,0.012254203669726849,0.7157521843910217,0.19444653080958946,0.10887914229902654,-0.2147858589887619,0.28787022829055786,0.07824817133884804,0.057353153037960444,422.0,0.1500079503176577,88.31355483604361,12693.571044822871,0.05109263222627351,0.9217518286611519,0.19444653080958946,0.3717107519717883,0.8372547977418019,0.5579283702797938,3200.8776120654165
1815,80.2030222784289,13.136399568810623,40.61223608,44.95995751999999,42.9030545847059,0.6215108775279851,0.011501398868858814,0.6791588068008423,0.18547513521634615,0.09227820684161839,-0.13669277727603912,0.2567949593067169,0.08149153489332933,0.05671567479154603,612.0,0.2554516026016137,103.70095358889196,14368.879129160441,0.057835880404151156,0.9185084651066706,0.18547513521634615,0.6329938319560323,0.9477563836512563,0.7588988526341219,3604.676016216626
1816,80.20763291133576,13.136399568810623,40.48235132000002,45.68115974,42.02920051647061,1.1847354221435158,-0.004263959359377623,0.690513014793396,0.19612407609528187,0.10827095057985613,-0.18416456878185272,0.24794645607471466,0.07647895364200367,0.06214080280582918,456.0,0.22152386123761966,120.69275769830826,10014.511267749062,0.04030920371597564,0.9235210463579964,0.19612407609528187,0.5489229128586858,0.6605467898950289,0.593572463673223,3161.2796747342372
1817,80.21224354424263,13.136399568810623,39.50479760000002,44.146468760000005,42.281093215294135,0.9798104670812929,-0.04523646458983421,0.5938777923583984,0.13595937691482843,0.09422840044214728,-0.15030060708522797,0.324571430683136,0.11128299488740809,0.0616640336911677,218.0,0.11560624623980605,131.74991590946752,6272.562475153555,0.02524756244934355,0.8887170051125919,0.13595937691482843,0.28646538154435214,0.41373172355618937,0.33737191834908703,2691.7684683906305
1818,80.21685417714949,13.136399568810623,39.29288036000003,44.08494440000004,42.6943543047059,0.7675904324461612,-0.043743640184402466,0.7457323670387268,0.185609623835637,0.12283278922136348,-0.21897141635417938,0.30732089281082153,0.07057584322415865,0.06431071490843242,206.0,0.13585110405804784,163.84058592456276,10269.04308912211,0.04133371452490208,0.9294241567758413,0.185609623835637,0.33663093148517276,0.6773354451812387,0.47291273696359915,2235.4407153736047
1819,80.22146481005635,13.136399568810623,40.608818059999976,42.80660492000004,41.61836397411766,0.44636934674572964,-0.13209494948387146,0.581993579864502,0.17694084616268382,0.09935021819846894,-0.22498483955860138,0.4879953861236572,0.06984274471507353,0.0637442203030887,401.0,0.18330499849175494,113.56786872897784,13142.357079642461,0.052899031681900056,0.9301572552849264,0.17694084616268382,0.4542188509693762,0.8668562597327104,0.6192738144747099,1802.338008108313
1820,80.22607544296321,13.136399568810623,40.94036600000004,43.82517488000002,41.98483721882354,0.5707624369955381,0.01587301678955555,0.7912474274635315,0.20492441214767157,0.1412640336824237,-0.25450828671455383,0.32968178391456604,0.07195980296415441,0.07139659672682666,353.0,0.19761605760235276,139.08268497451465,11558.997162694388,0.0465258821849785,0.9280401970358456,0.20492441214767157,0.48968080170097583,0.7624194797016475,0.5987762729012445,1413.965628290661
1821,80.23068607587007,13.136399568810623,41.26507790000005,48.12162602000001,43.99230042000002,1.3235540338613951,-0.007399577181786299,0.7608129978179932,0.22526263897235577,0.16671521049974647,-0.2935764193534851,0.3809671401977539,0.0700644273024339,0.09322729273516005,128.0,0.15416230052485697,299.22215984207855,4152.539797636166,0.016714302692001002,0.9299355726975661,0.22526263897235577,0.38200498395217436,0.2738972237290666,0.33876187986293127,1117.9555892327483
1822,80.23529670877693,13.136399568810623,41.07708680000002,47.85502045999999,44.00306567176473,1.6013118764119103,0.0027529250364750624,0.7758155465126038,0.26007759842218137,0.14305604785557027,-0.28775638341903687,0.35501858592033386,0.066572265625,0.09099387725844132,490.0,0.20468933488521365,103.78263075536847,7953.98645750206,0.03201542760275178,0.933427734375,0.26007759842218137,0.5072079608425384,0.5246367077634179,0.5141794596108902,999.9999999999268
1823,80.23990734168379,13.136399568810623,40.981382240000016,45.18554684000003,42.43129686235296,0.9409028808606431,-0.008040021173655987,0.7732110023498535,0.2770941999846814,0.15759453160571718,-0.2774170935153961,0.3138248920440674,0.046935188443053,0.08711700914767666,305.0,0.22372715881903776,182.2402945191527,8438.702474327805,0.033966448091344914,0.953064811556947,0.2770941999846814,0.5543825528249159,0.5566080741501188,0.555272761354997,1117.9555892327483
1824,80.24451797459065,13.136399568810623,40.35588458000001,44.474598679999986,41.80251128000002,0.7237948325404853,0.015071853995323181,0.7744948863983154,0.23428079458383413,0.13852532099011686,-0.21142008900642395,0.2789785861968994,0.06054264948918269,0.07364512436729544,272.0,0.1275819602377859,116.53218968280048,11282.19205947943,0.04541171964655826,0.9394573505108174,0.23428079458383413,0.3161404864048721,0.7441617018164667,0.48734897256950993,1413.965628290661
1825,80.24912860749751,13.136399568810623,39.887615840000024,41.79145298000003,40.81334338823532,0.3864382278236098,-0.010617760941386223,0.7396435141563416,0.23741799747242648,0.1488156490416145,-0.2856637239456177,0.2570186257362366,0.053962115119485295,0.08318023629917133,0.0,0.0,0.0,13479.688815190515,0.05425681872557338,0.9460378848805147,0.23741799747242648,0.0,0.8891063115913139,0.35564252463652557,1802.338008108313
1826,80.25373924040437,13.136399568810623,39.74405899999999,44.35154996000006,41.690367108235314,0.8842439282071994,-0.031062670052051544,0.7988227605819702,0.24726629518995097,0.15764929263892308,-0.29931971430778503,0.3441670536994934,0.053787644330193014,0.08809491839285342,0.0,0.0,0.0,11705.392262955487,0.04711513409769533,0.946212355669807,0.24726629518995097,0.0,0.7720755488745134,0.3088302195498054,1802.338008108313
1827,80.25834987331123,13.136399568810623,36.84557804000002,44.05418222000003,40.99931206117649,1.309764526314924,-0.03068072907626629,0.7470065355300903,0.29875661996694713,0.1905871219332879,-0.39742788672447205,0.568658173084259,0.025764796917255108,0.1110459387228039,16.0,0.02711588102375565,421.04573988973436,6935.173881699184,0.02791462601908481,0.9742352030827449,0.29875661996694713,0.06719153554444181,0.4574368855795302,0.22328967555847717,1413.965628290661
1828,80.26296050621809,13.136399568810623,35.38608350000004,48.34721534000005,41.26734869529413,3.1864733659911737,0.030630631372332573,0.777550995349884,0.38390967275582105,0.20202148429923208,-0.4399999976158142,0.5646085143089294,0.010865698421702666,0.14072214156422147,6.0,0.012773093244617856,528.8961098626144,320.8957834319972,0.0012916310302245391,0.9891343015782973,0.38390967275582105,0.03165096306501423,0.02116595348187165,0.027456959231757193,1117.9555892327483
1829,80.26757113912495,13.136399568810623,42.59468767999999,50.254470500000025,47.73440811411766,1.6429746203980036,0.055817414075136185,0.48871782422065735,0.11800194833792892,0.04337607757306691,-0.003040601033717394,0.2837454676628113,0.1680679381127451,0.0320037687001613,0.0,0.0,0.0,0.0,0.0,0.8319320618872549,0.11800194833792892,0.0,0.0,0.0,999.9999999999268
1830,80.27218177203181,13.136399568810623,32.65508552000006,50.09382356000003,45.53329128000002,3.7970378523781814,-0.004273504484444857,0.8188340663909912,0.1816143798828125,0.14130841145272013,-0.4410620331764221,0.36539191007614136,0.1240817378117488,0.10916749221750284,0.0,0.0,0.0,0.0,0.0,0.8759182621882512,0.1816143798828125,0.0,0.0,0.0,999.9999999999268
1831,80.27679240493867,13.136399568810623,37.187380039999994,49.57086650000002,41.025875635294135,2.324953386196901,-0.10457516461610794,0.7329025268554688,0.27361483704810047,0.20773236550426685,-0.30010929703712463,0.5406871438026428,0.05353127872242647,0.13541014753839506,0.0,0.0,0.0,9645.203968570891,0.0388227124875609,0.9464687212775735,0.27361483704810047,0.0,0.6361876629806135,0.2544750651922454,1117.7203576868023
1832,80.28140303784554,13.136399568810623,37.09167548000005,43.22360336000003,40.925345635294136,1.4707655269548197,0.015436116605997086,0.8531656265258789,0.3134191176470588,0.21359493045476421,-0.4120841920375824,0.396373450756073,0.014399298873602175,0.13255988238692223,0.0,0.0,0.0,8246.95057669367,0.0331946314646513,0.9856007011263979,0.3134191176470588,0.0,0.5439603176044339,0.21758412704177355,706.9828141453305
1833,80.2860136707524,13.136399568810623,40.424244980000026,46.85695862,43.13099748941178,1.3819162053093221,-0.013535463251173496,0.8069130182266235,0.256688352098652,0.18487140997681398,-0.2815960645675659,0.354420930147171,0.036277029000076594,0.09930151129192358,0.0,0.0,0.0,1361.3510851953956,0.005479546305851812,0.9637229709999234,0.256688352098652,0.0,0.08979330745194238,0.035917322980776954,499.9999999999634
1834,80.29062430365926,13.136399568810623,40.919857879999995,46.173354620000055,42.52728527176472,0.8931403010724275,-0.007072135806083679,0.7323882579803467,0.23383573091947116,0.15166320311983625,-0.25123557448387146,0.32983657717704773,0.07265454805814303,0.08612744581666497,1.0,0.0005918117373337666,147.03106897560065,13497.67459631788,0.05432921292395914,0.9273454519418569,0.23383573091947116,0.0014664741798299892,0.8902926350842731,0.3569969385416073,706.9828141453305
1835,80.29523493656612,13.136399568810623,40.69768657999998,44.785638500000005,43.440547100000025,0.6245078309416537,-0.006077348254621029,0.7686375379562378,0.12456852931602329,0.0993873015191827,-0.2872125208377838,0.2981341779232025,0.09339062859030331,0.07360360089250127,1.0,0.00021488525580306824,53.38658710988332,11935.412402056758,0.04804098343750981,0.9066093714096967,0.12456852931602329,0.0005324728446263313,0.787247438987999,0.31521845930197545,1117.7203576868023
1836,80.29984556947298,13.136399568810623,30.70339610000002,45.20263694000005,34.60459876117649,4.824639936254746,-0.4207403361797333,0.47151973843574524,-0.11073781929764093,0.12850807180659138,-0.3901918828487396,0.4460285007953644,0.01377046173694087,0.0784160682930047,1.0,0.00019404796561920524,48.20972281839276,2297.7194123392164,0.009248503236738695,0.9862295382630591,0.0,0.0004808392826258088,0.15155519239245943,0.06091058052655926,1580.6398373671186
1837,80.30445620237984,13.136399568810623,30.060808339999994,30.82302679999998,30.38918662823531,0.1784646744283804,-0.2175000011920929,-0.018389346078038216,-0.11847651554987981,0.030313244557562912,-0.15567640960216522,0.09466984868049622,-0.040238577035757214,0.03783104694116882,0.0,0.0,0.0,0.0,0.0,1.0402385770357572,0.0,0.0,0.0,0.0,2060.8724346621175
1838,80.3090668352867,13.136399568810623,29.75318654,30.255635480000024,29.967208996470607,0.10246297856723588,-0.1679643988609314,0.0029886432457715273,-0.08421842088886336,0.022608192277556477,-0.17256011068820953,0.037447988986968994,-0.0677037197935815,0.02845353685570579,0.0,0.0,0.0,0.0,0.0,1.0677037197935815,0.0,0.0,0.0,0.0,2548.650130445949
1839,80.31367746819356,13.136399568810623,29.370368299999996,29.879653280000014,29.648800918823547,0.12486162591070138,-0.16486023366451263,0.0025220680981874466,-0.08586461085899204,0.024092098994165378,-0.14166666567325592,0.0670241266489029,-0.048668595856311274,0.03348167740728948,0.0,0.0,0.0,0.0,0.0,1.0486685958563113,0.0,0.0,0.0,0.0,3040.3435960246193
1840,80.31828810110042,13.136399568810623,29.332770080000046,29.70533426000003,29.501202510000017,0.08218810475393744,-0.1765517294406891,0.04619225859642029,-0.07086165794959436,0.026595654443658356,-0.13453537225723267,0.09037472307682037,-0.036468532268817605,0.033790528778525834,0.0,0.0,0.0,0.0,0.0,1.0364685322688176,0.0,0.0,0.0,0.0,3534.3189266600502
1841,80.32289873400728,13.136399568810623,29.302007900000035,29.599375640000005,29.46622661176473,0.06084662114942044,-0.15802623331546783,0.039083559066057205,-0.058095697141161154,0.02756696577848884,-0.11878453195095062,0.10035087913274765,-4.2442620969286155e-05,0.03179528968508883,0.0,0.0,0.0,0.0,0.0,1.0000424426209693,0.0,0.0,0.0,0.0,4029.737059387469
1842,80.32750936691414,13.136399568810623,29.284917800000017,29.55835940000003,29.424335169411783,0.05427209588175859,-0.15887850522994995,0.04112952575087547,-0.057842072131587007,0.026964961624726166,-0.11189303547143936,0.11994113028049469,0.008553331412521063,0.03236375076348963,0.0,0.0,0.0,0.0,0.0,0.991446668587479,0.0,0.0,0.0,0.0,4526.124242577512
1843,80.332119999821,13.136399568810623,29.11401680000006,29.469490880000023,29.310298668235315,0.06154756639684143,-0.1741100251674652,0.05322923883795738,-0.0583275134746845,0.028824402207080543,-0.12885905802249908,0.10899780690670013,-0.015810899000901442,0.03613520251697929,0.0,0.0,0.0,0.0,0.0,1.0158108990009014,0.0,0.0,0.0,0.0,5023.193202504629
1844,80.33673063272786,13.136399568810623,29.19604928000001,29.54126930000001,29.305047454117666,0.07357380114283144,-0.15404699742794037,0.0191672183573246,-0.06039678835401348,0.025895591335781808,-0.14442162215709686,0.10841654986143112,-0.016838844149720436,0.03896560606325116,0.0,0.0,0.0,0.0,0.0,1.0168388441497205,0.0,0.0,0.0,0.0,5520.759788210619
1845,80.34134126563472,13.136399568810623,29.141360960000043,29.44556474000001,29.30161760705884,0.04717470562937167,-0.14586254954338074,0.026640675961971283,-0.06350970099954044,0.02419846765858064,-0.13428571820259094,0.0656934306025505,-0.029853988348268995,0.0286822431405628,0.0,0.0,0.0,0.0,0.0,1.029853988348269,0.0,0.0,0.0,0.0,6018.700584640489
1846,80.34595189854159,13.136399568810623,29.069582540000056,29.41480256,29.286715512941193,0.07108147955929432,-0.13689379394054413,0.03759398311376572,-0.061158470740685096,0.024925423081100552,-0.16233766078948975,0.09726027399301529,-0.02840876946082482,0.038188072494145534,0.0,0.0,0.0,0.0,0.0,1.0284087694608248,0.0,0.0,0.0,0.0,6516.929815102658
1847,80.35056253144845,13.136399568810623,0.0,29.336188100000015,12.0310567882353,14.379890261267647,-0.13289473950862885,0.017718715593218803,-0.0245468199486826,0.03480169407182711,-0.16566866636276245,0.09740714728832245,-0.006130472445020489,0.028778720086906903,0.0,0.0,0.0,0.0,0.0,1.0061304724450204,0.0,0.0,0.0,0.0,7015.386026541228
1848,80.15230531645344,13.140891124685577,30.78542858000003,41.572699700000044,35.59691265058825,3.938192140804703,-0.38704580068588257,0.7183279991149902,0.036554966346890316,0.2986013584253613,-0.4610091745853424,0.4153645932674408,0.0034265989415785845,0.0861035965643007,147.0,0.042241616826668986,71.39186683550449,4825.453672187776,0.019422834514213835,0.9965734010584214,0.036554966346890316,0.10467220651902344,0.31828192587048215,0.1901160942596069,3534.881741162409
1849,80.1569159493603,13.140891124685577,30.771756500000038,40.95403808000003,35.8830446847059,3.9810808065445253,-0.330739289522171,0.6908652782440186,0.05552771474800858,0.24526209672681676,-0.3552188575267792,0.401699036359787,0.006663124234068628,0.07892030752076562,145.0,0.05149691213504287,88.23456051761879,6244.256287417934,0.025133627794186455,0.9933368757659313,0.05552771474800858,0.12760627615674222,0.41186467673353067,0.24130963638745762,3201.1012029240555
1850,80.16152658226716,13.140891124685577,30.82302679999998,41.04290660000004,33.211584118823545,3.3504574567855543,-0.4108019769191742,0.6820288896560669,-0.12719916710486778,0.2337345343055968,-0.30268198251724243,0.4913516938686371,-0.01001325900738056,0.08390150741686149,65.0,0.024911454557658017,95.21629319410656,2635.7483448935955,0.010609096553769418,1.0100132590073805,0.0,0.06172909826932087,0.17385123064342295,0.10657795121896169,2915.1912480385627
1851,80.16613721517402,13.140891124685577,30.83328086000006,40.12004120000006,32.45324493411766,2.590307881000846,-0.37195122241973877,0.5583596229553223,-0.17597366632199754,0.18444906225173968,-0.3910690248012543,0.4961937665939331,-0.03974875057444853,0.08997674390041935,48.0,0.013583925438622482,70.3087848765464,1693.6366624996638,0.00681702216157062,1.0397487505744485,0.0,0.033660156870530256,0.1117105199397451,0.06488030209821619,2692.4453992309245
1852,80.17074784808088,13.140891124685577,31.01785394000001,41.63080604000004,37.2802579329412,3.838363455650281,-0.23888888955116272,0.6538709998130798,0.113506804821538,0.20701139549191494,-0.38387978076934814,0.5607396960258484,-0.007106997920017616,0.11194320618673086,261.0,0.10389558546557187,98.89677461777697,9023.090450528603,0.036318656137453526,1.0071069979200176,0.113506804821538,0.25744706276018625,0.5951536997340474,0.39252971754973076,2549.4735842834807
1853,80.17535848098774,13.140891124685577,31.01785394000001,40.916439860000025,32.96307395882355,2.4840105585519674,-0.337579607963562,0.6296684741973877,-0.05855526850773738,0.22367214394085494,-0.5486284494400024,0.5209444165229797,-0.04631172180175781,0.11177666999355247,22.0,0.00970152016415393,109.5576354345874,1212.7557351333505,0.004881438212830115,1.046311721801758,0.0,0.024039788210229528,0.07999211208128962,0.04642071775865357,2499.999999999817
1854,80.1799691138946,13.140891124685577,36.27135068000001,43.28170970000002,40.89588443176473,1.4099233825375663,0.01287553645670414,0.7380732297897339,0.24541211894914217,0.12032364241916389,-0.4728654623031616,0.2721811532974243,0.03807998956418505,0.08733685225992238,392.0,0.11541595890917364,73.14848532206567,12810.218834267685,0.05156214884890607,0.961920010435815,0.24541211894914217,0.28599386089087814,0.8449487651063662,0.5095758225770733,2549.4735842834807
1855,80.18457974680146,13.140891124685577,35.481788059999985,42.79635086000002,40.45329223647061,1.4712570170901973,-0.0613437183201313,0.7416346669197083,0.24655309340533088,0.1462669190231491,-0.35457125306129456,0.49237170815467834,0.041903692507276345,0.08985000197326097,248.0,0.1123971533550425,112.59760988799705,11207.110661950172,0.0451095110547088,0.9580963074927237,0.24655309340533088,0.27851344081843205,0.7392094106069595,0.46279182873384306,2692.4453992309245
1856,80.18919037970832,13.140891124685577,37.19079806000002,42.39986054000002,40.66157397000001,1.1662797968938408,0.031988874077796936,0.8566853404045105,0.35508878267728367,0.20301039232833235,-0.4797059893608093,0.2432893067598343,-0.00895504511319674,0.14777068605692473,29.0,0.014574722586424302,124.86129641200961,7535.882459587633,0.030332525784000856,1.0089550451131968,0.35508878267728367,0.03611529309551716,0.49705900114541646,0.2204927763154769,2915.1912480385627
1857,80.19380101261518,13.140891124685577,38.920316179999986,42.97066988000006,41.00872640000002,0.869173519920145,-0.125827819108963,0.6948803663253784,0.2611611519607843,0.12529059207686655,-0.32911521196365356,0.5155050754547119,0.06272131826363359,0.07592100947667468,109.0,0.052892148223743336,120.55639392172979,10961.696172127486,0.04412169822983608,0.9372786817363664,0.2611611519607843,0.13106358794995576,0.7230221250658112,0.36784700279629795,3201.1012029240555
1858,80.19841164552204,13.140891124685577,40.13713130000002,43.02194018,41.57661445647061,0.6010096704404013,-0.1034482792019844,0.8058164119720459,0.2438195561427696,0.14978737006893197,-0.46590080857276917,0.4986020624637604,0.04788082347196691,0.0997788055427635,292.0,0.14260867170729036,121.3357066684691,10637.83437487963,0.04281812875829061,0.9521191765280331,0.2438195561427696,0.35337578098868927,0.70166053638493,0.49268968314718553,3534.881741162409
1859,80.2030222784289,13.140891124685577,41.572699700000044,44.864252960000044,43.02844506235296,0.568556132973588,-0.019882386550307274,0.618653416633606,0.19516028771033653,0.10004988704834791,-0.15822434425354004,0.25572478771209717,0.0833421853872446,0.05765684252717891,399.0,0.19132112661492093,119.1284728456828,10842.297739243631,0.04364111004876498,0.9166578146127554,0.19516028771033653,0.4740823382462468,0.7151467281092052,0.5705080941914302,3806.69965863451
1860,80.20763291133576,13.140891124685577,40.75921094,45.67774172000003,42.94839952823531,0.9282920860405335,0.010262654162943363,0.7917184829711914,0.19602634803921568,0.11090871359588955,-0.3421916663646698,0.29286515712738037,0.09280168720320159,0.06875610468819905,386.0,0.16808932818170993,108.18782186002113,10370.763317313013,0.04174314652717934,0.9071983127967984,0.19602634803921568,0.41651532765127985,0.6840448060679026,0.5235271190179289,3353.111994933342
1861,80.21224354424263,13.140891124685577,35.38950152000001,44.467762640000046,40.34339520588237,2.4365648486038154,0.03214364871382713,0.4426840543746948,0.09459948371438419,0.03634788645582747,-0.08701372146606445,0.3647686839103699,0.16646285711550246,0.06503544950172159,1.0,0.0017225472499659002,427.9536000155923,200.04727531772537,0.0008052061811120742,0.8335371428844975,0.09459948371438419,0.0042683693246649956,0.013194911065097986,0.007838986020838191,2914.6850471369917
1862,80.21685417714949,13.140891124685577,37.48474778000002,43.326143960000024,40.29881902117649,1.2374121227765993,-0.01249636709690094,0.7634974718093872,0.3037520188551683,0.19021912966937302,-0.23827330768108368,0.31105121970176697,0.026388414823091948,0.09325741002141393,19.0,0.038789286462962855,507.2052384290535,3994.265115056957,0.016077234516371424,0.973611585176908,0.3037520188551683,0.09611753783092533,0.26345758961171933,0.16305355854324294,2499.4097125846374
1863,80.22146481005635,13.140891124685577,37.15661785999998,44.57372126000001,41.0562711764706,1.786873845687955,0.002463054144755006,0.7042178511619568,0.2985503791360294,0.17798644605010985,-0.3975665867328644,0.41027265787124634,0.04162988999310662,0.09070547565977996,47.0,0.11577202041575886,611.9716379948538,4408.401001901435,0.017744164372716024,0.9583701100068934,0.2985503791360294,0.28687616006289357,0.29077356373383323,0.28843512153126943,2120.929044697445
1864,80.22607544296321,13.140891124685577,39.47745343999998,46.323747500000025,42.40544291176472,1.5012595789917187,-0.005300676450133324,0.8021162748336792,0.28244648054534316,0.2052238033624549,-0.3943801522254944,0.3018513023853302,0.032286179486443016,0.11550953881948883,44.0,0.1040936832779784,587.7562284388,1733.3719498896353,0.00697695985111852,0.967713820513557,0.28244648054534316,0.25793793732155224,0.11433141833700673,0.200495329727734,1802.5710049372142
1865,80.23068607587007,13.140891124685577,38.359760900000026,45.28125140000003,42.21211518000002,1.3625338041455233,-0.02124645933508873,0.85329270362854,0.3320797964242789,0.2184000654539596,-0.295147180557251,0.2931293249130249,0.031667820857121394,0.11519817571529528,99.0,0.10068552275128162,252.67214962142697,2916.170799880082,0.011737819220544647,0.9683321791428786,0.3320797964242789,0.24949271885455543,0.1923476053044943,0.22663467343453098,1581.080502997821
1866,80.23529670877693,13.140891124685577,40.84466143999998,44.80956464000002,43.23745284588238,0.7314193670792314,0.022117963060736656,0.6971682906150818,0.2582387886795343,0.13622503166696925,-0.1712350845336914,0.2855108678340912,0.057061324774050244,0.06979708037339237,250.0,0.13908559000574194,138.2189753097995,9303.446882184015,0.037447113055074234,0.9429386752259498,0.2582387886795343,0.3446457947061792,0.6136457195645899,0.45224576464954347,1499.9999999998902
1867,80.23990734168379,13.140891124685577,40.51994954000003,47.256866960000025,43.718672215294134,1.6426434491581068,-0.0025491623673588037,0.8015267252922058,0.24051978017769607,0.15512339817493231,-0.2919688820838928,0.3093370497226715,0.06174209893918505,0.08990869091551597,434.0,0.3024789340639625,173.1533685961236,11284.171260407154,0.04541968608758144,0.938257901060815,0.24051978017769607,0.7495247538443672,0.7442922478595448,0.7474317514504383,1581.080502997821
1868,80.24451797459065,13.140891124685577,40.967710160000024,45.75977420000004,42.38334996588237,1.0466171819195824,0.000584112131036818,0.7189249992370605,0.21235623873197115,0.11569077674774161,-0.22197939455509186,0.2880396246910095,0.06738090515136719,0.06906488319373824,404.0,0.2157846902336579,132.69813036681205,13849.755020020848,0.05574636460954907,0.9326190948486328,0.21235623873197115,0.5347015894884258,0.9135154951364493,0.6862271517476353,1802.5710049372142
1869,80.24912860749751,13.140891124685577,39.93888614000002,42.246049640000024,41.23452860705884,0.48722214290427446,-0.013078001327812672,0.7466937899589539,0.23684407552083334,0.12476512850741135,-0.2594982087612152,0.23999616503715515,0.0534547274720435,0.07044503783463014,1.0,0.0011381260474332008,282.7586525015189,13574.881291562022,0.05463997600801056,0.9465452725279565,0.23684407552083334,0.002820208449180282,0.8953851087296081,0.35984616856135143,2060.8369443900006
1870,80.25373924040437,13.140891124685577,39.867107720000035,44.87450702000001,42.02987465882355,1.121715263663528,-0.02348136715590954,0.7286742329597473,0.19943780637254901,0.12302682424664657,-0.2463313341140747,0.25273311138153076,0.06722368427351409,0.07055249832559655,0.0,0.0,0.0,13550.056934024004,0.05454005599610336,0.9327763157264859,0.19943780637254901,0.0,0.893747719820201,0.3574990879280804,1580.6138088228604
1871,80.25834987331123,13.140891124685577,36.55504633999999,45.33252170000003,41.21876313764708,2.0632963086841545,-0.17685306072235107,0.8087267279624939,0.23131988525390626,0.17740569363427977,-0.39363715052604675,0.5590000152587891,0.040251106849083534,0.1261631723350408,25.0,0.030305980056097446,301.17149511607045,5851.967340964575,0.023554633609114445,0.9597488931509165,0.23131988525390626,0.07509641063716321,0.3859897041699108,0.19945372805026226,1117.7039983111142
1872,80.26296050621809,13.140891124685577,31.387000100000023,42.164017160000014,34.9255496564706,2.45373666846206,-0.45732253789901733,0.8805123567581177,0.35863324333639707,0.3864777883303544,-0.5530364513397217,0.530643880367279,-0.08876559388403799,0.19542312358848368,3.0,0.003449879626850748,285.69867598899486,0.0,0.0,1.088765593884038,0.35863324333639707,0.0085485959083723,0.0,0.00512915754502338,706.9763482324818
1873,80.26757113912495,13.140891124685577,31.60575338000001,46.10841224000001,38.24966280941179,5.142109826745356,-0.27250608801841736,0.8370635509490967,0.20162714939491422,0.27767612376123946,-0.4859663248062134,0.5409457683563232,0.06012563668045343,0.18150168514770768,0.0,0.0,0.0,0.0,0.0,0.9398743633195465,0.20162714939491422,0.0,0.0,0.0,499.9999999999634
1874,80.27218177203181,13.140891124685577,30.973419680000006,43.81150280000003,33.56988618000001,2.2951988660124667,-0.24444444477558136,0.885545551776886,0.24529926006610578,0.31893244513992974,-0.5998095273971558,0.39448365569114685,-0.14222001295823317,0.16813639893972793,0.0,0.0,0.0,0.0,0.0,1.1422200129582332,0.24529926006610578,0.0,0.0,0.0,499.9999999999634
1875,80.27679240493867,13.140891124685577,33.22931288000001,43.65769190000003,39.09886928705885,2.6619474183065774,-0.08365310728549957,0.8709843158721924,0.3875273820465686,0.22592227894866226,-0.5730980634689331,0.5250856876373291,-0.01894444185144761,0.1900477206980573,0.0,0.0,0.0,3827.8703188236404,0.015407482237970466,1.0189444418514475,0.3875273820465686,0.0,0.2524823612088001,0.10099294448352003,706.9763482324818
1876,80.28140303784554,13.140891124685577,37.88123810000002,47.291047160000005,43.50764200470591,2.0971589114615927,-0.043478261679410934,0.8312531113624573,0.22574348000919117,0.1993386310661679,-0.3469387888908386,0.4474935829639435,0.07772946226830577,0.13011499840322296,57.0,0.07030484512806703,306.4332877064493,3506.3965691997855,0.014113524847892144,0.9222705377316942,0.22574348000919117,0.17421121210225446,0.23127828567558786,0.19703804153158783,499.81552292838194
1877,80.2860136707524,13.140891124685577,36.295276820000026,45.22314505999998,41.016839762352966,1.980560240709101,0.01380542479455471,0.8614162802696228,0.42059397977941176,0.2384480167723788,-0.3954523801803589,0.28516876697540283,-0.044654708563112745,0.13048495138880567,0.0,0.0,0.0,1124.944106741722,0.004527989430075358,1.0446547085631128,0.42059397977941176,0.0,0.07420014803044854,0.029680059212179418,0.0
1878,80.29062430365926,13.140891124685577,39.69620672000002,44.915523259999986,42.514322815294136,1.1209825140957668,0.032896652817726135,0.8069916367530823,0.33534111609825723,0.17759877811355523,-0.2908079922199249,0.33649852871894836,0.036802473801832936,0.0880518660436269,0.0,0.0,0.0,3213.3240476199344,0.012933884657765104,0.9631975261981671,0.33534111609825723,0.0,0.21194752572532974,0.0847790102901319,499.81552292838194
1879,80.29523493656612,13.140891124685577,40.23625388000005,46.36476374000006,43.46925137176472,1.0847964379943509,-0.028299391269683838,0.7625679969787598,0.24312466490502452,0.15476752866402288,-0.28917196393013,0.30231910943984985,0.06414389217601103,0.07852860106310208,0.0,0.0,0.0,7544.162049312199,0.030365851790629558,0.935856107823989,0.24312466490502452,0.0,0.4976051143074059,0.19904204572296236,999.6310458567639
1880,80.29984556947298,13.140891124685577,30.788846600000056,45.335939720000056,36.958585587058835,5.366639356153135,-0.3539906144142151,0.5839802026748657,-0.03946570901309743,0.1708355021737006,-0.3867647051811218,0.3774770498275757,0.010025473201976103,0.10102267113696134,0.0,0.0,0.0,3739.4255645985477,0.015051485073420868,0.9899745267980239,0.0,0.0,0.24664863683379407,0.09865945473351763,1499.4465687851457
1881,80.30445620237984,13.140891124685577,30.122332700000015,31.03152602,30.485896488235312,0.19935107832313795,-0.23974359035491943,-0.00676090968772769,-0.12933094904972955,0.030234382555613948,-0.15269461274147034,0.08902333676815033,-0.031950630774864784,0.03476381787828583,0.0,0.0,0.0,0.0,0.0,1.0319506307748647,0.0,0.0,0.0,0.0,1999.2620917135278
1882,80.3090668352867,13.140891124685577,29.756604560000028,30.32741390000001,30.018491123529433,0.1498554189100216,-0.1654861569404602,0.004545454401522875,-0.08645169127221201,0.022806326648276486,-0.160690575838089,0.054014597088098526,-0.06016655417049632,0.028832222635386706,0.0,0.0,0.0,0.0,0.0,1.0601665541704963,0.0,0.0,0.0,0.0,2499.07761464191
1883,80.31367746819356,13.140891124685577,29.380622360000018,29.876235260000044,29.646813972941192,0.11687394208032882,-0.17614804208278656,0.02602739818394184,-0.0857699405445772,0.023226010245745703,-0.14490674436092377,0.04977375641465187,-0.05292707854626225,0.03286415680016866,0.0,0.0,0.0,0.0,0.0,1.0529270785462623,0.0,0.0,0.0,0.0,2998.8931375702914
1884,80.31828810110042,13.140891124685577,29.339606119999985,29.67115406000005,29.508060890000017,0.06773826646630063,-0.17287233471870422,0.03718199580907822,-0.07143184955303486,0.02783320252807431,-0.13829787075519562,0.1056661531329155,-0.009800733419565054,0.03281793009103377,0.0,0.0,0.0,0.0,0.0,1.009800733419565,0.0,0.0,0.0,0.0,3498.7086604986735
1885,80.32289873400728,13.140891124685577,29.202885320000007,29.55494138000006,29.376719430588256,0.0730341098203696,-0.14540816843509674,0.040441177785396576,-0.0626359588024663,0.026682329375326108,-0.10540184378623962,0.11396011710166931,-0.001824492660223269,0.03078475494774235,0.0,0.0,0.0,0.0,0.0,1.0018244926602233,0.0,0.0,0.0,0.0,3998.5241834270555
1886,80.32750936691414,13.140891124685577,29.192631259999985,29.585703560000013,29.37395189882355,0.07932710680449007,-0.14963744580745697,0.03846153989434242,-0.06016949821920956,0.02735122847169909,-0.1013941690325737,0.0952727273106575,0.005446402605842142,0.02884515254967092,0.0,0.0,0.0,0.0,0.0,0.9945535973941578,0.0,0.0,0.0,0.0,4498.339706355438
1887,80.332119999821,13.140891124685577,29.192631259999985,29.472908899999993,29.340469495294133,0.06089714113995433,-0.1450471729040146,0.04413619264960289,-0.051791170560396636,0.02739798888866666,-0.08258258551359177,0.11728813499212265,0.012368228618915265,0.030982916255874543,0.0,0.0,0.0,0.0,0.0,0.9876317713810847,0.0,0.0,0.0,0.0,4998.15522928382
1888,80.33673063272786,13.140891124685577,29.192631259999985,29.510507120000057,29.334709717647076,0.06461348142673504,-0.15824031829833984,0.05192425101995468,-0.05138705384497549,0.028850701584612663,-0.11618798971176147,0.14437690377235413,0.011967962676403569,0.03450294174879394,0.0,0.0,0.0,0.0,0.0,0.9880320373235965,0.0,0.0,0.0,0.0,5497.970752212201
1889,80.34134126563472,13.140891124685577,29.144778980000012,29.442146719999982,29.307093535294136,0.05900424465611107,-0.16842105984687805,0.028308097273111343,-0.06284506405101103,0.027250545265339713,-0.16326530277729034,0.10349462181329727,-0.015192105162377451,0.040664348179466805,0.0,0.0,0.0,0.0,0.0,1.0151921051623773,0.0,0.0,0.0,0.0,5997.786275140583
1890,80.34595189854159,13.140891124685577,29.137942940000016,29.384040379999988,29.25545659647061,0.04854011968790858,-0.14513981342315674,0.053078554570674896,-0.055842408400315506,0.026760000873697412,-0.15931721031665802,0.09266943484544754,-0.030560704744779146,0.038825162528350415,0.0,0.0,0.0,0.0,0.0,1.0305607047447791,0.0,0.0,0.0,0.0,6497.601798068965
1891,80.35056253144845,13.140891124685577,0.0,29.339606119999985,12.02565182235295,14.373456854240898,-0.1665603071451187,0.04993757978081703,-0.02402881098728554,0.03474332012752807,-0.1843416392803192,0.10055096447467804,-0.010437104468252145,0.02768963921378392,0.0,0.0,0.0,0.0,0.0,1.010437104468252,0.0,0.0,0.0,0.0,6997.417320997347
1892,80.15230531645344,13.145382680560532,30.658961840000018,31.089632359999996,30.87551602625002,0.08908439924785495,-0.4120956361293793,-0.1374853104352951,-0.24284931257659315,0.057882583581503576,-0.3139931857585907,0.0382978729903698,-0.1807137642654718,0.07957398060282986,0.0,0.0,0.0,0.0,0.0,1.1807137642654717,0.0,0.0,0.0,0.0,3904.5051271586635
1893,80.1569159493603,13.145382680560532,30.617945599999985,31.171664840000005,30.858036372500024,0.12246930575473931,-0.2900523543357849,-0.08631578832864761,-0.17793557559742648,0.023178015567293275,-0.3215433955192566,0.02687411569058895,-0.1422399303959865,0.0675675469464875,0.0,0.0,0.0,0.0,0.0,1.1422399303959865,0.0,0.0,0.0,0.0,3605.1217156047355
1894,80.16152658226716,13.145382680560532,30.730740260000005,31.14090266000005,30.929990720000017,0.08469633109918462,-0.35607674717903137,-0.10323253273963928,-0.20783602201021634,0.0431721685928035,-0.29581528902053833,0.019607843831181526,-0.10895329402043269,0.0611601612151434,0.0,0.0,0.0,0.0,0.0,1.1089532940204327,0.0,0.0,0.0,0.0,3353.8422299926606
1895,80.16613721517402,13.145382680560532,30.740994320000027,31.25711534000004,30.986639375000014,0.11326495871633832,-0.34299516677856445,-0.10843373835086823,-0.18137831744025734,0.04053232139649131,-0.3224755823612213,-0.013592232950031757,-0.19899616316253063,0.05651227879740872,0.0,0.0,0.0,0.0,0.0,1.1989961631625305,0.0,0.0,0.0,0.0,3162.1552216929863
1896,80.17074784808088,13.145382680560532,30.614527580000015,31.25711534000004,30.98540788250002,0.15143370302441939,-0.2185090035200119,-0.10921501368284225,-0.1619589412913603,0.015567785932031506,-0.2930232584476471,-0.05647263303399086,-0.16382783777573529,0.03669228287509898,0.0,0.0,0.0,0.0,0.0,1.1638278377757354,0.0,0.0,0.0,0.0,3041.3494392323723
1897,80.17535848098774,13.145382680560532,30.542749160000028,38.22645812000002,31.991889110000017,2.0107825428838173,-0.250567764043808,0.8069514036178589,-0.0020767886822040263,0.27231187326599277,-0.518771767616272,0.3328951597213745,-0.1682519061748798,0.08824700769125124,2.0,0.00020357683487726367,25.28854850490442,516.1308220760128,0.002077467576291642,1.1682519061748797,0.0,0.0005044512521904435,0.03404345440062822,0.013920052511565554,2999.9999999997804
1898,80.1799691138946,13.145382680560532,34.57943078000005,41.76069080000002,39.700315883750015,1.31059854827729,-0.1461126059293747,0.7420118451118469,0.2982696652879902,0.1300133860044805,-0.38425755500793457,0.34742268919944763,0.01821386599073223,0.06351348205259684,194.0,0.04946154606895229,63.34196004634676,11424.099649258755,0.04598290897295897,0.9817861340092677,0.2982696652879902,0.12256276046732524,0.7535217794462503,0.3749463680588953,3041.3494392323723
1899,80.18457974680146,13.145382680560532,32.40557006000006,42.21870548000004,39.14448551375002,1.7903113545901042,-0.19132652878761292,0.7232790589332581,0.23374650543811273,0.16173292038792472,-0.45991984009742737,0.5067659020423889,0.02492316451727175,0.09821120599762903,400.0,0.12201562847774361,75.78460832678043,10684.125999233358,0.04300445622515632,0.9750768354827283,0.23374650543811273,0.30234744837009925,0.704713883977074,0.46329402261288916,3162.1552216929863
1900,80.18919037970832,13.145382680560532,38.216204059999995,43.29879979999998,40.540505132500016,1.1660107151434145,0.010519605129957199,0.7268965244293213,0.2757608032226562,0.14839437474722994,-0.33689671754837036,0.31946006417274475,0.03491781381460336,0.08214422494402161,189.0,0.09272980941625784,121.8942174408048,7157.099628799466,0.02880789478782584,0.9650821861853967,0.2757608032226562,0.22977893581858008,0.4720748779810402,0.3266973126835641,3353.8422299926606
1901,80.19380101261518,13.145382680560532,38.56826011999999,41.79828902000003,40.23440664125002,0.7564638659678395,0.016679905354976654,0.7579143643379211,0.2685959999234069,0.13569189848597743,-0.2482186108827591,0.2928357422351837,0.04080045213886336,0.078579001108456,190.0,0.141505063743976,185.03075498362642,9404.13624838824,0.037852395755931474,0.9591995478611366,0.2685959999234069,0.3506411062927352,0.6202870858624099,0.4584994981206051,3605.1217156047355
1902,80.19841164552204,13.145382680560532,38.380269020000014,43.295381780000014,41.18613671750001,1.4260373867010057,-0.01675213687121868,0.737687349319458,0.2924645756740196,0.15217355557054016,-0.3270567059516907,0.30581703782081604,0.039382126752068015,0.0800149174236241,93.0,0.04629412452236534,123.67116941974393,10232.597384752167,0.04118701766843627,0.960617873247932,0.2924645756740196,0.11471407883145003,0.6749315242725312,0.3388010570078825,3904.5051271586635
1903,80.2030222784289,13.145382680560532,41.083922840000014,43.910625380000056,42.87197455250002,0.6091901793417492,0.015849055722355843,0.7973637580871582,0.21666424091045672,0.12131163445959922,-0.3839402496814728,0.26029080152511597,0.0733295147235577,0.06781019813142714,173.0,0.10448078471570492,150.04304290571628,11308.372704137328,0.04551709882190847,0.9266704852764422,0.21666424091045672,0.2588971515912092,0.7458885500194189,0.45369371096249306,4029.952129306035
1904,80.20763291133576,13.145382680560532,38.212786040000026,44.84374484,41.827455286250014,1.344480422153688,0.0017123287543654442,0.8472703099250793,0.24668224858302695,0.18722871561583135,-0.52095627784729,0.3708875775337219,0.05182153439989277,0.13399507559454166,92.0,0.048366827315574894,130.61267178745666,3303.7690113113795,0.01329793282437543,0.9481784656001072,0.24668224858302695,0.11985011270329782,0.21791318184486047,0.15907534035992288,3604.584693793898
1905,80.21224354424263,13.145382680560532,36.98913488000005,44.08494440000004,41.64176381000002,1.055567075224385,0.008203228004276752,0.2039942890405655,0.09075934914981618,0.0256067809780656,-0.09702315181493759,0.398751825094223,0.17706718893612133,0.06333034978505053,0.0,0.0,0.0,0.0,0.0,0.8229328110638787,0.09075934914981618,0.0,0.0,0.0,3200.8061934470547
1906,80.21685417714949,13.145382680560532,40.07902496000003,47.420931920000044,44.201446103750015,1.5794451445273279,-0.026102088391780853,0.6369065642356873,0.14664215087890625,0.12110117963340829,-0.22846025228500366,0.3322460353374481,0.11279158372145433,0.0751923931322233,32.0,0.25410977730166207,1972.8630447865705,2004.7809922306476,0.008069402815690744,0.8872084162785456,0.14664215087890625,0.6296688689110498,0.13223327763634082,0.4306946324011662,2827.879520829267
1907,80.22146481005635,13.145382680560532,41.719674560000044,47.584996880000006,43.77206990750002,0.9883028625474132,-0.013953488320112228,0.6951219439506531,0.15853766946231618,0.1390492898849913,-0.13712000846862793,0.3231904208660126,0.09839022168926165,0.06119519143929693,65.0,0.1333150612206543,509.55539055321447,2959.506017844733,0.011912246916745736,0.9016097783107384,0.15853766946231618,0.33034676862497764,0.19520595139354766,0.27629044173240563,2499.6515164484176
1908,80.22607544296321,13.145382680560532,40.35246656000004,46.71340178000003,42.97604823500002,1.427603966142458,-0.021529072895646095,0.7974526882171631,0.24644358915441175,0.15983170410171618,-0.27418699860572815,0.3559504449367523,0.08071737850413603,0.07897398682951935,192.0,0.20345229388887492,263.2612279179918,3215.055224450484,0.012940852782086431,0.9192826214958639,0.24644358915441175,0.5041426470508674,0.21206171235586885,0.38731027317286804,2235.894819995107
1909,80.23068607587007,13.145382680560532,40.53703963999999,46.63136930000002,42.30769268125002,1.3919480735298269,-0.03206191211938858,0.784288227558136,0.2521110652043269,0.1558623860962951,-0.34307458996772766,0.2683732509613037,0.056968800471379206,0.0827619994890218,366.0,0.25812615086493007,175.21708884544097,9621.324557732352,0.03872659596121497,0.9430311995286208,0.2521110652043269,0.6396212029989465,0.6346126017767004,0.6376177625100481,2061.505860171103
1910,80.23529670877693,13.145382680560532,37.248904400000015,46.125502340000025,41.56806275375001,2.081444225732537,-0.01542699709534645,0.7775696516036987,0.27278858857996324,0.17358863559746235,-0.4146195352077484,0.2852935492992401,0.042000654631969975,0.10230090608618642,343.0,0.2938464477839751,212.83932136364243,7919.378258240427,0.03187612685037529,0.95799934536803,0.27278858857996324,0.7281339678245243,0.5223539867883125,0.6458219754100396,1999.9999999998536
1911,80.23990734168379,13.145382680560532,38.25722030000003,45.68799578000005,41.37430374500001,1.977500483924881,-0.007936508394777775,0.8176077604293823,0.36052207797181374,0.19513945597535728,-0.3092603385448456,0.3621584177017212,0.0015277398801317402,0.10040667730173952,244.0,0.23385256782833122,238.11012183352295,7902.0080346219875,0.03180621031988192,0.9984722601198682,0.36052207797181374,0.5794727123057721,0.5212082648310293,0.556166933315875,2061.505860171103
1912,80.24451797459065,13.145382680560532,39.262118180000016,43.879863200000045,41.36020441250002,0.8471482690301556,0.014258811250329018,0.7233027815818787,0.2767804189828726,0.14528965907905766,-0.2811204195022583,0.2401464581489563,0.03336100358229417,0.07759815492781443,344.0,0.1935735155539454,139.8018876544084,12784.560831958472,0.05145887335054423,0.9666389964177058,0.2767804189828726,0.47966362366801796,0.8432563898513649,0.6251007301413567,2235.894819995107
1913,80.24912860749751,13.145382680560532,37.90174622000001,41.79828902000003,40.458261818750024,0.80419777697885,0.013790990225970745,0.7701492309570312,0.2806549191942402,0.15831067186018055,-0.28089281916618347,0.24212859570980072,0.028842136158662685,0.08226921117579314,0.0,0.0,0.0,12995.178023224902,0.0523066242833517,0.9711578638413373,0.2806549191942402,0.0,0.8571484816238093,0.34285939264952375,1999.2254961174717
1914,80.25373924040437,13.145382680560532,37.61805056000003,42.79976887999999,40.79817888125002,1.4383303378526568,0.026044225320219994,0.7800407409667969,0.31947667738970587,0.20141788106066816,-0.46109744906425476,0.21432675421237946,0.01357268539129519,0.10273672530461772,0.0,0.0,0.0,11404.4390319737,0.045903773425937586,0.9864273146087048,0.31947667738970587,0.0,0.7522249854951744,0.3008899941980698,1499.4191220881037
1915,80.25834987331123,13.145382680560532,38.01795890000005,43.27145564,41.19288479375002,1.1336804192252872,-0.14346590638160706,0.7327935099601746,0.24063582200270434,0.15885298086770755,-0.29391583800315857,0.5059357285499573,0.0412489494910607,0.0957949242308844,15.0,0.02799001820295676,463.59363261566773,4218.458872567229,0.016979632207253733,0.9587510505089393,0.24063582200270434,0.06935759532673519,0.27824517763060036,0.15291262824828128,999.6127480587359
1916,80.26296050621809,13.145382680560532,31.70487595999998,41.42230682000002,36.80392092125002,3.0575278993096155,-0.450950562953949,0.9042206406593323,0.34061695772058825,0.325985706743995,-0.6005154848098755,0.36390888690948486,-0.06536524753944546,0.20267417924283837,10.0,0.0212136674050631,527.0372313856644,0.0,0.0,1.0653652475394455,0.34061695772058825,0.052566202301393763,0.0,0.03153972138083626,499.80637402936793
1917,80.26757113912495,13.145382680560532,31.50663080000004,39.26553620000004,34.71804908375002,1.876693905329145,-0.23529411852359772,0.8962451219558716,0.5393549900428921,0.2801451859353029,-0.6318488121032715,0.5094903111457825,-0.18449940400965073,0.1791245540211071,0.0,0.0,0.0,0.0,0.0,1.1844994040096508,0.5393549900428921,0.0,0.0,0.0,0.0
1918,80.27218177203181,13.145382680560532,32.12871044000002,39.95597624000004,35.27481982812502,1.4671674896388467,-0.12751677632331848,0.8954570889472961,0.5722879732572116,0.23619673203317565,-0.6243069171905518,0.6177361607551575,-0.20822603665865386,0.2055771203354168,0.0,0.0,0.0,0.0,0.0,1.208226036658654,0.5722879732572116,0.0,0.0,0.0,0.0
1919,80.27679240493867,13.145382680560532,33.60187705999999,44.717278100000044,40.84600602875002,2.193396569462395,-0.10951525717973709,0.880704402923584,0.28753676470588235,0.22764773616559983,-0.5131136775016785,0.7245204448699951,0.051930871103324144,0.17248317593139212,16.0,0.10454426623022421,1623.3261197587847,0.0,0.0,0.9480691288966758,0.28753676470588235,0.2590544549971174,0.0,0.15543267299827043,499.80637402936793
1920,80.28140303784554,13.145382680560532,37.07800340000006,45.03515396,41.03507782625002,1.836134584119652,-0.11731843650341034,0.8666173815727234,0.34071128695618874,0.22535298388015415,-0.5042334198951721,0.6030423641204834,0.021232892204733456,0.1671032707037782,10.0,0.009087007247904193,225.75969774909586,0.0,0.0,0.9787671077952665,0.34071128695618874,0.022517061863313512,0.0,0.013510237117988107,706.9698802073168
1921,80.2860136707524,13.145382680560532,37.836803840000016,46.50148453999998,43.17497197250002,2.0117246285788233,-0.04450314864516258,0.8292459845542908,0.2165215705422794,0.22608355437427813,-0.38032710552215576,0.38473039865493774,0.05909089929917279,0.12017522351261939,5.0,0.13635763970354078,6775.401116214901,0.0,0.0,0.9409091007008272,0.2165215705422794,0.33788609659667507,0.0,0.20273165795800505,499.9999999999634
1922,80.29062430365926,13.145382680560532,41.33685632000004,43.87644518000002,42.61872691625002,0.5815947353966374,0.001637733425013721,0.7941088676452637,0.223516352726863,0.15068395883533567,-0.18698036670684814,0.2509578466415405,0.06935416588416467,0.07178480377927667,2.0,0.0008372882153023517,104.00890483450166,6167.320195792921,0.02482395391120718,0.9306458341158353,0.223516352726863,0.002074750248024144,0.40679005182261435,0.16396087087786024,706.9698802073168
1923,80.29523493656612,13.145382680560532,41.442814940000005,46.85695862,44.24314092125002,1.344514852253627,-0.014184396713972092,0.6693715453147888,0.18048353008195467,0.11861630104127048,-0.2758651077747345,0.25339168310165405,0.09550154143688726,0.06974536840384929,0.0,0.0,0.0,9445.462606268422,0.03801873763064644,0.9044984585631127,0.18048353008195467,0.0,0.6230129296211281,0.24920517184845126,1117.6876335011948
1924,80.29984556947298,13.145382680560532,31.352819899999986,45.633307460000026,41.51116277375002,3.3686142256845675,-0.36972343921661377,0.7531195282936096,0.10552767884497549,0.1726563845985747,-0.3690795302391052,0.3242975175380707,0.0573672425513174,0.10002424374937609,3.0,0.0118906749078059,984.7155394453072,8412.845050695776,0.03386236990631052,0.9426327574486826,0.10552767884497549,0.02946438306818417,0.5549025452712311,0.23963964794940296,1580.587771584806
1925,80.30445620237984,13.145382680560532,30.371848160000013,38.23671218000004,31.047975241250015,0.9910205900407881,-0.3765079379081726,0.11508309841156006,-0.14333726149338943,0.04615421510846318,-0.3449564278125763,0.19261404871940613,-0.020563179896428033,0.04831864131676595,0.0,0.0,0.0,34.605679507522154,0.0001392906101659426,1.020563179896428,0.0,0.0,0.002282554774734188,0.0009130219098936751,2060.801442237004
1926,80.3090668352867,13.145382680560532,29.763440600000024,30.563257280000016,30.185352443750016,0.1840607524119596,-0.1796443909406662,-0.013364323414862156,-0.09525254193474264,0.022706114932675492,-0.1599423587322235,0.06842923909425735,-0.05203320073146446,0.028680540713324286,0.0,0.0,0.0,0.0,0.0,1.0520332007314646,0.0,0.0,0.0,0.0,2548.5604344432513
1927,80.31367746819356,13.145382680560532,29.284917800000017,29.97193981999999,29.67438358625002,0.18883345603567256,-0.15514019131660461,0.0035128805320709944,-0.08280778473498775,0.022125242298967833,-0.14902225136756897,0.08119970560073853,-0.048520020129633884,0.027510748994275448,0.0,0.0,0.0,0.0,0.0,1.0485200201296339,0.0,0.0,0.0,0.0,3040.235322262703
1928,80.31828810110042,13.145382680560532,29.39087642000004,29.667736040000023,29.514898326250016,0.05822791442669325,-0.17168141901493073,0.023746700957417488,-0.07275604248046875,0.026992372080905845,-0.1400832235813141,0.07739938050508499,-0.030923074575570912,0.03315634416385735,0.0,0.0,0.0,0.0,0.0,1.0309230745755709,0.0,0.0,0.0,0.0,3534.1921516095863
1929,80.32289873400728,13.145382680560532,29.19604928000001,29.585703560000013,29.427004388750017,0.06848678534377559,-0.1566101759672165,0.02935665287077427,-0.07022099513633578,0.026355192963568363,-0.15279673039913177,0.07920791953802109,-0.03272404390222886,0.03213146788115048,0.0,0.0,0.0,0.0,0.0,1.032724043902229,0.0,0.0,0.0,0.0,4029.5918325935404
1930,80.32750936691414,13.145382680560532,29.25073759999998,29.496835040000008,29.370632191250017,0.048439904487538425,-0.1610117256641388,0.02302861213684082,-0.06771035587086396,0.025317271502875136,-0.13323983550071716,0.09929078072309494,-0.020865293016620712,0.03453400947561702,0.0,0.0,0.0,0.0,0.0,1.0208652930166207,0.0,0.0,0.0,0.0,4525.960597834574
1931,80.332119999821,13.145382680560532,29.219975420000026,29.616465740000024,29.327253496250016,0.07080374249381187,-0.15447154641151428,0.06474819779396057,-0.05469943119929387,0.028300418699368734,-0.17385444045066833,0.09337349236011505,-0.01637127509483924,0.03730101164888016,0.0,0.0,0.0,0.0,0.0,1.0163712750948393,0.0,0.0,0.0,0.0,5023.011163837724
1932,80.33673063272786,13.145382680560532,29.21313938000003,29.45581880000003,29.31130692500002,0.05869572562900949,-0.1832752674818039,0.04103967174887657,-0.05954629935470282,0.028088966138499698,-0.13144516944885254,0.10146956145763397,-0.03309176575903799,0.03407106872751526,0.0,0.0,0.0,0.0,0.0,1.033091765759038,0.0,0.0,0.0,0.0,5520.559373285146
1933,80.34134126563472,13.145382680560532,29.069582540000056,29.55835940000003,29.275116125000018,0.06966835984568161,-0.15938130021095276,0.056551724672317505,-0.059085543763403796,0.030131931821475944,-0.15156130492687225,0.10239651054143906,-0.03417873606962316,0.03578100439540329,0.0,0.0,0.0,0.0,0.0,1.034178736069623,0.0,0.0,0.0,0.0,6018.481806812688
1934,80.34595189854159,13.145382680560532,29.059328479999976,29.42163860000005,29.277654507500014,0.0627984234062674,-0.15421521663665771,0.04563233256340027,-0.05981427119328425,0.02860788183320657,-0.15462428331375122,0.12301012873649597,-0.027406669029822715,0.037726848162948516,0.0,0.0,0.0,0.0,0.0,1.0274066690298227,0.0,0.0,0.0,0.0,6516.692684709395
1935,80.35056253144845,13.145382680560532,0.0,29.41138454000003,12.05341879970589,14.406687596480436,-0.12459230422973633,0.026476578786969185,-0.018284289790134804,0.028275806780007705,-0.1428571492433548,0.03670411929488182,-0.016015741684857535,0.027134747411047516,0.0,0.0,0.0,0.0,0.0,1.0160157416848576,0.0,0.0,0.0,0.0,7015.130551742804
1936,80.15230531645344,13.149874236435487,0.0,31.236607219999996,17.404239543750013,15.349458458285206,-0.4005449712276459,0.0,-0.13516466327742035,0.13123672763657354,-0.3054545521736145,0.0,-0.10638858570772058,0.10994461450857125,0.0,0.0,0.0,0.0,0.0,1.1063885857077205,0.0,0.0,0.0,0.0,4300.573401238718
1937,80.1569159493603,13.149874236435487,0.0,31.24344326000005,17.448912562500013,15.388641530326089,-0.23306773602962494,0.0,-0.08768362007889093,0.08271945550008362,-0.3038167953491211,0.0,-0.10834235696231617,0.106266516233592,0.0,0.0,0.0,0.0,0.0,1.108342356962316,0.0,0.0,0.0,0.0,4030.726511541339
1938,80.16152658226716,13.149874236435487,0.0,31.233189200000027,17.46142854750001,15.399632814304008,-0.25244617462158203,0.0,-0.09576755230243389,0.0904400052260387,-0.34567901492118835,0.0,-0.10416615412785457,0.10302894478687959,0.0,0.0,0.0,0.0,0.0,1.1041661541278547,0.0,0.0,0.0,0.0,3807.646959553624
1939,80.16613721517402,13.149874236435487,0.0,31.075960280000004,17.390316138750013,15.33695681997984,-0.23678646981716156,0.0,-0.08450391582414216,0.07977897500397955,-0.3294290006160736,0.0,-0.12435666551776961,0.12427046644996552,0.0,0.0,0.0,0.0,0.0,1.1243566655177697,0.0,0.0,0.0,0.0,3639.9435507586113
1940,80.17074784808088,13.149874236435487,0.0,30.98367374000003,17.27563654125001,15.235830997022301,-0.18889494240283966,0.0,-0.07509952919155943,0.07014792885805743,-0.3182811439037323,0.0,-0.14218481924019608,0.1322127160348887,0.0,0.0,0.0,0.0,0.0,1.142184819240196,0.0,0.0,0.0,0.0,3535.5052344998667
1941,80.17535848098774,13.149874236435487,0.0,38.55458804,17.57485152000001,15.55350682651691,-0.17853231728076935,0.6847681999206543,-0.046213185237004205,0.1273855035798161,-0.4886224567890167,0.3388640582561493,-0.11054496178260216,0.12116106894519772,0.0,0.0,0.0,0.0,0.0,1.1105449617826022,0.0,0.0,0.0,0.0,3499.999999999744
1942,80.1799691138946,13.149874236435487,0.0,39.76798514000001,18.711984048750008,16.65697971730465,-0.2623574137687683,0.7241922616958618,0.02191386802523744,0.20082946667290458,-0.5405804514884949,0.4874624013900757,-0.06500325520833333,0.10737455628186315,0.0,0.0,0.0,1158.9842636612748,0.004665003766882074,1.0650032552083333,0.02191386802523744,0.0,0.07644540152106521,0.030578160608426087,3535.5052344998667
1943,80.18457974680146,13.149874236435487,0.0,40.41399092000006,18.245788740000012,16.201046969808104,-0.2663622498512268,0.6955467462539673,-0.03702809950884651,0.17652303480930312,-0.33758413791656494,0.44453710317611694,-0.03768429026884191,0.07619346720902742,11.0,0.0050099307857365384,113.15261140295887,574.9850159633917,0.002314360383890341,1.037684290268842,0.0,0.012414309613252097,0.037925416066532436,0.02261875219456423,3639.9435507586113
1944,80.18919037970832,13.149874236435487,0.0,42.6835562,22.095587184375013,19.5407195667765,0.0,0.6684266328811646,0.1693551518366887,0.19718387280986743,-0.38646894693374634,0.33864542841911316,0.016855094616229718,0.07172971629895886,25.0,0.046675918448569956,463.850900682002,848.532842059661,0.003415412123048771,0.9831449053837703,0.1693551518366887,0.11566014140418204,0.05596834732694809,0.09178342377328846,3807.646959553624
1945,80.19380101261518,13.149874236435487,0.0,44.211411139999996,23.408155035000014,20.65704058646171,-0.0015519916778430343,0.7302117943763733,0.14855540556066177,0.16459086867366493,-0.17203514277935028,0.25302594900131226,0.03355979769837623,0.05729060516231434,16.0,0.041584350366728924,645.7069771273202,4081.944986907374,0.016430152968576982,0.9664402023016238,0.14855540556066177,0.10304353944135991,0.26924086313757944,0.16952246891984774,4030.726511541339
1946,80.19841164552204,13.149874236435487,0.0,44.730950180000036,23.707256917500008,20.92401383203307,0.0,0.6677777767181396,0.13945941999846814,0.15180618160316112,-0.22963787615299225,0.22616149485111237,0.035261769014246325,0.052820924095983955,28.0,0.014653690881333606,130.0213093119282,6536.573470161594,0.02631022768547029,0.9647382309857537,0.13945941999846814,0.03631097181934819,0.4311456153165558,0.19424482921823125,4300.573401238718
1947,80.2030222784289,13.149874236435487,0.0,44.46434462000002,24.072407010000006,21.234323510160433,-0.0031152646988630295,0.6004864573478699,0.12692427415114182,0.13933324990351334,-0.12271904200315475,0.26620370149612427,0.049841590294471154,0.06142220873469996,106.0,0.0545089336711776,127.75778143442817,4740.7628727234605,0.019081947315906927,0.9501584097055289,0.12692427415114182,0.13506988583730242,0.3126958084630401,0.2061202548875975,4300.007662284898
1948,80.20763291133576,13.149874236435487,0.0,44.38573015999998,24.17470885125001,21.325824634192642,-0.010786634869873524,0.7231482863426208,0.11619481703814338,0.14229348560491661,-0.14901189506053925,0.318583220243454,0.05115532370174632,0.06703652090787957,65.0,0.03282578546144322,125.46636349914762,1904.5939716484963,0.007666142095884265,0.9488446762982536,0.11619481703814338,0.08134033810940867,0.12562504553540857,0.09905422107980863,3904.190245671705
1949,80.21224354424263,13.149874236435487,0.0,43.849101020000035,23.55329522250001,20.78844802630526,0.0,0.6372464895248413,0.057689843271292895,0.07675142572060524,-0.15593300759792328,0.30282244086265564,0.06874031814874387,0.07704158993582055,2.0,0.006704717235677651,832.8676842251039,0.0,0.0,0.9312596818512562,0.057689843271292895,0.016613889331561556,0.0,0.009968333598936932,3534.8170503496835
1950,80.21685417714949,13.149874236435487,0.0,44.54637710000003,23.16605366250001,20.460986141457017,-0.09619686752557755,0.7491189241409302,0.17128091665414663,0.216823578001515,-0.2815497815608978,0.5312424898147583,0.018034301170935997,0.08927139493600314,5.0,0.01241793653456189,617.0281418795464,232.19224908476946,0.0009345922551178317,0.981965698829064,0.17128091665414663,0.030770905924821505,0.015315160238061716,0.02458860765011759,3201.055483874512
1951,80.22146481005635,13.149874236435487,0.0,46.41261602000003,24.346112501250015,21.51793284195067,-0.008675078861415386,0.7344686388969421,0.13193032657398898,0.18879808649952456,-0.24875105917453766,0.2708391845226288,0.04223377900965074,0.07595844326371361,10.0,0.06710777395808486,1667.2409685692833,1626.2949879904056,0.006545966569960232,0.9577662209903492,0.13193032657398898,0.16628906046839192,0.1072687328436041,0.1426809294184768,2915.1630089240016
1952,80.22607544296321,13.149874236435487,0.0,46.95608120000003,23.94499780125001,21.159506015750097,-0.0115871736779809,0.6868287324905396,0.12407949410232844,0.15113018636185307,-0.15274199843406677,0.28659093379974365,0.04414424522250306,0.06390616753708435,148.0,0.08442875330285195,141.72752450053056,5169.825031293057,0.020808956602150958,0.955855754777497,0.12407949410232844,0.20920941397963722,0.3409963040070709,0.2619241699906107,2692.431810224743
1953,80.23068607587007,13.149874236435487,0.0,43.07321048000006,23.440079593125013,20.67708884048069,0.0,0.7038269639015198,0.11791338407076322,0.1401164091759185,-0.19368281960487366,0.4282982647418976,0.04322705782376803,0.06629360437815572,237.0,0.10993698185924869,115.24471134306286,6362.397420413659,0.02560915524328895,0.956772942176232,0.11791338407076322,0.27241728261651954,0.4196571434918639,0.33131322696665727,2549.4699965241475
1954,80.23529670877693,13.149874236435487,0.0,41.81196110000002,22.412656710000007,19.798692745666667,0.0,0.8072186708450317,0.19128902659696692,0.23508656410439435,-0.4252226948738098,0.22512324154376984,-0.01038429484647863,0.1084071078474773,148.0,0.06512777723942995,109.32766721375485,5345.750563103627,0.02151707084866751,1.0103842948464787,0.19128902659696692,0.16138274671879158,0.3526001698564493,0.23786971597385467,2499.999999999817
1955,80.23990734168379,13.149874236435487,0.0,44.621573539999986,23.344104858750004,20.61576183501695,0.0,0.7902944087982178,0.15212969611672794,0.18401612815024393,-0.2772751450538635,0.22841225564479828,0.019391753252814798,0.06128813966838908,136.0,0.0773794448826025,141.3553472889597,3670.6573439675344,0.014774687520301361,0.9806082467471852,0.15212969611672794,0.19174164824973283,0.2421127562331206,0.21189009144308793,2549.4699965241475
1956,80.24451797459065,13.149874236435487,0.0,41.53510147999998,22.413435817500012,19.78346878588478,-0.09806295484304428,0.7582911849021912,0.172536867581881,0.20321343676149015,-0.3648192882537842,0.4221325218677521,0.004681774286123422,0.07994359993486128,171.0,0.10580233799304949,153.7179892281037,4789.01679197297,0.019276173175673712,0.9953182257138766,0.172536867581881,0.26217188177352474,0.31587858699390714,0.2836545638616777,2548.515563900624
1957,80.24912860749751,13.149874236435487,0.0,40.72503074000002,22.02346738125001,19.430489388034083,0.0,0.7467870116233826,0.17270311542585784,0.20623521426836394,-0.27764806151390076,0.24942263960838318,0.011287310731177237,0.06106944634586366,0.0,0.0,0.0,6216.071375879084,0.02502018128535931,0.9887126892688227,0.17270311542585784,0.0,0.41000562916318956,0.16400225166527582,2060.765928203386
1958,80.25373924040437,13.149874236435487,0.0,42.39986054000002,21.92553859500001,19.360942441688653,0.0,0.796593189239502,0.27293260761335786,0.28779654808616933,-0.41752713918685913,0.3250606954097748,-0.026138649734796262,0.09966089482841604,0.0,0.0,0.0,1089.1988382692005,0.004384111883761011,1.0261386497347962,0.27293260761335786,0.0,0.0718424271480028,0.028736970859201124,1580.5617256531657
1959,80.25834987331123,13.149874236435487,0.0,43.56540536,22.404312720000014,19.795484300935257,0.0,0.7108661532402039,0.2136322021484375,0.2408387174078264,-0.25760960578918457,0.2889576852321625,0.008600160892193134,0.07182606187372147,3.0,0.0017931888446096314,148.50132007964442,0.0,0.0,0.9913998391078068,0.2136322021484375,0.004443414981977844,0.0,0.0026660489891867064,1117.671263257208
1960,80.26296050621809,13.149874236435487,0.0,42.604941740000015,23.051839016250007,20.33780798377562,0.0,0.7638161778450012,0.16682729683670344,0.19510918293343488,-0.2314731627702713,0.40626487135887146,0.03815877577837776,0.08521305176204101,0.0,0.0,0.0,0.0,0.0,0.9618412242216222,0.16682729683670344,0.0,0.0,0.0,706.9634100699367
1961,80.26757113912495,13.149874236435487,0.0,40.46526122,21.449265153750012,18.937927779309423,-0.020588235929608345,0.7739387154579163,0.2316900754442402,0.2521661458331149,-0.4138564169406891,0.25691699981689453,-0.03605420580097273,0.09694983131211121,0.0,0.0,0.0,0.0,0.0,1.0360542058009727,0.2316900754442402,0.0,0.0,0.0,499.9999999999634
1962,80.27218177203181,13.149874236435487,0.0,40.25334398000001,20.56791026625001,18.186813152627767,-0.06209150329232216,0.8171115517616272,0.2830931443434495,0.3072658641327863,-0.46077921986579895,0.6050516366958618,-0.07568800706129808,0.14456191757945283,0.0,0.0,0.0,0.0,0.0,1.0756880070612982,0.2830931443434495,0.0,0.0,0.0,499.9999999999634
1963,80.27679240493867,13.149874236435487,0.0,43.770486559999995,23.202407823750008,20.500599983121443,-0.02397260256111622,0.774243175983429,0.16932621974571077,0.21146680815651744,-0.3410222828388214,0.5935335159301758,0.02693203795189951,0.1180714971142114,6.0,0.02880237851186146,1192.6215254189067,0.0,0.0,0.9730679620481005,0.16932621974571077,0.07137057570981196,0.0,0.04282234542588718,706.9634100699367
1964,80.28140303784554,13.149874236435487,0.0,44.816400680000015,23.210965440000013,20.5042576367191,-0.056338027119636536,0.8385238647460938,0.17118328019684437,0.21229085158284058,-0.5610079765319824,0.5669658780097961,0.025640893075980394,0.11114419156533123,1.0,0.02106676543261251,5233.875649999751,0.0,0.0,0.9743591069240196,0.17118328019684437,0.05220218797728551,0.0,0.031321312786371305,1117.671263257208
1965,80.2860136707524,13.149874236435487,0.0,43.56198734000003,21.79047654000001,19.260093866285544,-0.028587136417627335,0.8507936596870422,0.2802729827282475,0.3182254968556777,-0.3334605395793915,0.4257700443267822,-0.04587569891237745,0.11487964122507015,1.0,0.01731136806434683,4300.876091775619,0.0,0.0,1.0458756989123774,0.2802729827282475,0.04289653733173706,0.0,0.025737922399042237,999.9999999999268
1966,80.29062430365926,13.149874236435487,0.0,44.01316598000005,23.85557636625001,21.063771777179976,0.0,0.803756594657898,0.1418382028432993,0.1968773543469059,-0.2730545401573181,0.37935858964920044,0.02630083524263822,0.08338579772593861,1.0,0.010466923832694595,2600.4266271240613,1146.8543260016152,0.004616179803823595,0.9736991647573617,0.1418382028432993,0.02593641283974242,0.07564532339758073,0.04581997706287774,1117.9433184100183
1967,80.29523493656612,13.149874236435487,0.0,43.57907743999999,23.93138855250001,21.10896476172595,-0.003997475374490023,0.5555251240730286,0.0805079979990043,0.09858888006606004,-0.1649802029132843,0.25777295231819153,0.04751010670381434,0.06350490107436702,0.0,0.0,0.0,5386.659792304271,0.0216817337472977,0.9524898932961856,0.0805079979990043,0.0,0.35529850023953935,0.14211940009581575,1413.9268201398734
1968,80.29984556947298,13.149874236435487,0.0,45.031735939999976,24.122835371250016,21.28489837388293,-0.025537090376019478,0.5678483843803406,0.0748867738013174,0.10074400201909278,-0.14784689247608185,0.2945762574672699,0.04712081909179688,0.0659926255082345,2.0,0.0023875182655566816,296.58026416058874,5285.114026203377,0.02127300396879741,0.9528791809082031,0.0748867738013174,0.005916127831605927,0.34860064669161944,0.14298993537561133,1802.2695049852016
1969,80.30445620237984,13.149874236435487,0.0,43.10397266000001,18.842409157500008,16.851888128484724,-0.3373413383960724,0.4853878319263458,-0.06052296565129207,0.09940423505237603,-0.3425000011920929,0.28530409932136536,-0.0045253977408775915,0.05951627562735569,0.0,0.0,0.0,909.0659380032787,0.0036590626448478668,1.0045253977408777,0.0,0.0,0.05996104763342563,0.023984419053370253,2235.342526514416
1970,80.3090668352867,13.149874236435487,0.0,30.66921590000004,17.04781042875001,15.03528240250579,-0.19946631789207458,0.005940594244748354,-0.05531707763671875,0.054891041720999276,-0.14498645067214966,0.07590273022651672,-0.02452397066004136,0.03400002507384906,0.0,0.0,0.0,0.0,0.0,1.0245239706600413,0.0,0.0,0.0,0.0,2691.6410569471564
1971,80.31367746819356,13.149874236435487,0.0,30.053972300000055,16.78210963875001,14.800715292579156,-0.1706102043390274,0.009935709647834301,-0.045832645191865806,0.045597853363645455,-0.1443994641304016,0.034281548112630844,-0.029610332414215686,0.03379999762990607,0.0,0.0,0.0,0.0,0.0,1.0296103324142156,0.0,0.0,0.0,0.0,3161.1234513063314
1972,80.31828810110042,13.149874236435487,0.0,29.749768520000032,16.65859736375001,14.69161635013392,-0.15795943140983582,0.0,-0.04300699087289663,0.04361644031992301,-0.14125874638557434,0.05960264801979065,-0.02637250753549429,0.03212840840839186,0.0,0.0,0.0,0.0,0.0,1.0263725075354944,0.0,0.0,0.0,0.0,3638.6901346102013
1973,80.32289873400728,13.149874236435487,0.0,29.695080200000007,16.60786601625001,14.646863407306558,-0.15762273967266083,0.03262955695390701,-0.03850859398935355,0.04038783204992414,-0.12914608418941498,0.06904231756925583,-0.02106699176863128,0.029888907480719328,0.0,0.0,0.0,0.0,0.0,1.0210669917686312,0.0,0.0,0.0,0.0,4121.531856406772
1974,80.32750936691414,13.149874236435487,0.0,29.503671080000004,16.535949367500006,14.583390857049162,-0.1367466002702713,0.011522134765982628,-0.037112893497242644,0.03832700779485313,-0.125,0.04961565509438515,-0.022596315870098038,0.029462709872011075,0.0,0.0,0.0,0.0,0.0,1.0225963158700981,0.0,0.0,0.0,0.0,4607.990702833243
1975,80.332119999821,13.149874236435487,0.0,29.667736040000023,16.51726335375001,14.567103859844657,-0.17572693526744843,0.019243530929088593,-0.03554081550011268,0.03802087489304634,-0.12382331490516663,0.0436781607568264,-0.02181585898766151,0.02936983555019915,0.0,0.0,0.0,0.0,0.0,1.0218158589876616,0.0,0.0,0.0,0.0,5097.031127801248
1976,80.33673063272786,13.149874236435487,0.0,29.452400780000005,16.49323668375001,14.545767211140642,-0.15010006725788116,0.017676766961812973,-0.03631425146963082,0.03917162170434895,-0.13967309892177582,0.05279503017663956,-0.02092788995481005,0.028672792388202445,0.0,0.0,0.0,0.0,0.0,1.02092788995481,0.0,0.0,0.0,0.0,5587.975379733487
1977,80.34134126563472,13.149874236435487,0.0,29.431892660000017,16.463768827500008,14.519816130920642,-0.139889195561409,0.03773584961891174,-0.02975758571250766,0.03379588808439158,-0.128043994307518,0.09909909963607788,-0.006599475636201746,0.028292657901958704,0.0,0.0,0.0,0.0,0.0,1.0065994756362018,0.0,0.0,0.0,0.0,6080.362316309436
1978,80.34595189854159,13.149874236435487,0.0,29.41480256,16.44895321875001,14.506717059327551,-0.15224257111549377,0.03807106614112854,-0.0375449958214393,0.039266065612421706,-0.15076474845409393,0.06534090638160706,-0.02193506387563852,0.031084007143742178,0.0,0.0,0.0,0.0,0.0,1.0219350638756386,0.0,0.0,0.0,0.0,6573.867771490358
1979,80.35056253144845,13.149874236435487,0.0,29.435310680000043,6.540545036808514,12.194605054109404,-0.13990972936153412,0.034812286496162415,-0.011159204969219133,0.025308150299019134,-0.1805555522441864,0.04036557674407959,-0.00855432248583027,0.021959463281514772,0.0,0.0,0.0,0.0,0.0,1.0085543224858302,0.0,0.0,0.0,0.0,7068.257464385324
