{
"type": "FeatureCollection",
"name": "chennai_grid",
"crs": { "type": "name", "properties": { "name": "urn:ogc:def:crs:OGC:1.3:CRS84" } },
"features": [
{ "type": "Feature", "properties": { "cell_id": 0, "lon": 80.152305316453436, "lat": 12.952245777937478 }, "geometry": { "type": "Polygon", "coordinates": [ [ [ 80.154610632906866, 12.95 ], [ 80.154610632906866, 12.954491555874954 ], [ 80.15, 12.954491555874954 ], [ 80.15, 12.95 ], [ 80.154610632906866, 12.95 ] ] ] } },
{ "type": "Feature", "properties": { "cell_id": 1, "lon": 80.156915949360297, "lat": 12.952245777937478 }, "geometry": { "type": "Polygon", "coordinates": [ [ [ 80.159221265813727, 12.95 ], [ 80.159221265813727, 12.954491555874954 ], [ 80.154610632906866, 12.954491555874954 ], [ 80.154610632906866, 12.95 ], [ 80.159221265813727, 12.95 ] ] ] } },
{ "type": "Feature", "properties": { "cell_id": 2, "lon": 80.161526582267157, "lat": 12.952245777937478 }, "geometry": { "type": "Polygon", "coordinates": [ [ [ 80.163831898720588, 12.95 ], [ 80.163831898720588, 12.954491555874954 ], [ 80.159221265813727, 12.954491555874954 ], [ 80.159221265813727, 12.95 ], [ 80.163831898720588, 12.95 ] ] ] } },
{ "type": "Feature", "properties": { "cell_id": 3, "lon": 80.166137215174018, "lat": 12.952245777937478 }, "geometry": { "type": "Polygon", "coordinates": [ [ [ 80.168442531627448, 12.95 ], [ 80.168442531627448, 12.954491555874954 ], [ 80.163831898720588, 12.954491555874954 ], [ 80.163831898720588, 12.95 ], [ 80.168442531627448, 12.95 ] ] ] } },
{ "type": "Feature", "properties": { "cell_id": 4, "lon": 80.170747848080879, "lat": 12.952245777937478 }, "geometry": { "type": "Polygon", "coordinates": [ [ [ 80.173053164534309, 12.95 ], [ 80.173053164534309, 12.954491555874954 ], [ 80.168442531627448, 12.954491555874954 ], [ 80.168442531627448, 12.95 ], [ 80.173053164534309, 12.95 ] ] ] } },
{ "type": "Feature", "properties": { "cell_id": 5, "lon": 80.17535848098774, "lat": 12.952245777937478 }, "geometry": { "type": "Polygon", "coordinates": [ [ [ 80.17766379744117, 12.95 ], [ 80.17766379744117, 12.954491555874954 ], [ 80.173053164534309, 12.954491555874954 ], [ 80.173053164534309, 12.95 ], [ 80.17766379744117, 12.95 ] ] ] } },
{ "type": "Feature", "properties": { "cell_id": 6, "lon": 80.1799691138946, "lat": 12.952245777937478 }, "geometry": { "type": "Polygon", "coordinates": [ [ [ 80.182274430348031, 12.95 ], [ 80.182274430348031, 12.954491555874954 ], [ 80.17766379744117, 12.954491555874954 ], [ 80.17766379744117, 12.95 ], [ 80.182274430348031, 12.95 ] ] ] } },
{ "type": "Feature", "properties": { "cell_id": 7, "lon": 80.184579746801461, "lat": 12.952245777937478 }, "geometry": { "type": "Polygon", "coordinates": [ [ [ 80.186885063254891, 12.95 ], [ 80.186885063254891, 12.954491555874954 ], [ 80.182274430348031, 12.954491555874954 ], [ 80.182274430348031, 12.95 ], [ 80.186885063254891, 12.95 ] ] ] } },
{ "type": "Feature", "properties": { "cell_id": 8, "lon": 80.189190379708322, "lat": 12.952245777937478 }, "geometry": { "type": "Polygon", "coordinates": [ [ [ 80.191495696161752, 12.95 ], [ 80.191495696161752, 12.954491555874954 ], [ 80.186885063254891, 12.954491555874954 ], [ 80.186885063254891, 12.95 ], [ 80.191495696161752, 12.95 ] ] ] } },
{ "type": "Feature", "properties": { "cell_id": 9, "lon": 80.193801012615182, "lat": 12.952245777937478 }, "geometry": { "type": "Polygon", "coordinates": [ [ [ 80.196106329068613, 12.95 ], [ 80.196106329068613, 12.954491555874954 ], [ 80.191495696161752, 12.954491555874954 ], [ 80.191495696161752, 12.95 ], [ 80.196106329068613, 12.95 ] ] ] } },
{ "type": "Feature", "properties": { "cell_id": 10, "lon": 80.198411645522043, "lat": 12.952245777937478 }, "geometry": { "type": "Polygon", "coordinates": [ [ [ 80.200716961975473, 12.95 ], [ 80.200716961975473, 12.954491555874954 ], [ 80.196106329068613, 12.954491555874954 ], [ 80.196106329068613, 12.95 ], [ 80.200716961975473, 12.95 ] ] ] } },
{ "type": "Feature", "properties": { "cell_id": 11, "lon": 80.203022278428904, "lat": 12.952245777937478 }, "geometry": { "type": "Polygon", "coordinates": [ [ [ 80.205327594882334, 12.95 ], [ 80.205327594882334, 12.954491555874954 ], [ 80.200716961975473, 12.954491555874954 ], [ 80.200716961975473, 12.95 ], [ 80.205327594882334, 12.95 ] ] ] } },
{ "type": "Feature", "properties": { "cell_id": 12, "lon": 80.207632911335764, "lat": 12.952245777937478 }, "geometry": { "type": "Polygon", "coordinates": [ [ [ 80.209938227789195, 12.95 ], [ 80.209938227789195, 12.954491555874954 ], [ 80.205327594882334, 12.954491555874954 ], [ 80.205327594882334, 12.95 ], [ 80.209938227789195, 12.95 ] ] ] } },
{ "type": "Feature", "properties": { "cell_id": 13, "lon": 80.212243544242625, "lat": 12.952245777937478 }, "geometry": { "type": "Polygon", "coordinates": [ [ [ 80.214548860696055, 12.95 ], [ 80.214548860696055, 12.954491555874954 ], [ 80.209938227789195, 12.954491555874954 ], [ 80.209938227789195, 12.95 ], [ 80.214548860696055, 12.95 ] ] ] } },
{ "type": "Feature", "properties": { "cell_id": 14, "lon": 80.216854177149486, "lat": 12.952245777937478 }, "geometry": { "type": "Polygon", "coordinates": [ [ [ 80.219159493602916, 12.95 ], [ 80.219159493602916, 12.954491555874954 ], [ 80.214548860696055, 12.954491555874954 ], [ 80.214548860696055, 12.95 ], [ 80.219159493602916, 12.95 ] ] ] } },
{ "type": "Feature", "properties": { "cell_id": 15, "lon": 80.221464810056347, "lat": 12.952245777937478 }, "geometry": { "type": "Polygon", "coordinates": [ [ [ 80.223770126509777, 12.95 ], [ 80.223770126509777, 12.954491555874954 ], [ 80.219159493602916, 12.954491555874954 ], [ 80.219159493602916, 12.95 ], [ 80.223770126509777, 12.95 ] ] ] } },
{ "type": "Feature", "properties": { "cell_id": 16, "lon": 80.226075442963207, "lat": 12.952245777937478 }, "geometry": { "type": "Polygon", "coordinates": [ [ [ 80.228380759416638, 12.95 ], [ 80.228380759416638, 12.954491555874954 ], [ 80.223770126509777, 12.954491555874954 ], [ 80.223770126509777, 12.95 ], [ 80.228380759416638, 12.95 ] ] ] } },
{ "type": "Feature", "properties": { "cell_id": 17, "lon": 80.230686075870068, "lat": 12.952245777937478 }, "geometry": { "type": "Polygon", "coordinates": [ [ [ 80.232991392323498, 12.95 ], [ 80.232991392323498, 12.954491555874954 ], [ 80.228380759416638, 12.954491555874954 ], [ 80.228380759416638, 12.95 ], [ 80.232991392323498, 12.95 ] ] ] } },
{ "type": "Feature", "properties": { "cell_id": 18, "lon": 80.235296708776929, "lat": 12.952245777937478 }, "geometry": { "type": "Polygon", "coordinates": [ [ [ 80.237602025230359, 12.95 ], [ 80.237602025230359, 12.954491555874954 ], [ 80.232991392323498, 12.954491555874954 ], [ 80.232991392323498, 12.95 ], [ 80.237602025230359, 12.95 ] ] ] } },
{ "type": "Feature", "properties": { "cell_id": 19, "lon": 80.239907341683789, "lat": 12.952245777937478 }, "geometry": { "type": "Polygon", "coordinates": [ [ [ 80.24221265813722, 12.95 ], [ 80.24221265813722, 12.954491555874954 ], [ 80.237602025230359, 12.954491555874954 ], [ 80.237602025230359, 12.95 ], [ 80.24221265813722, 12.95 ] ] ] } },
{ "type": "Feature", "properties": { "cell_id": 20, "lon": 80.24451797459065, "lat": 12.952245777937478 }, "geometry": { "type": "Polygon", "coordinates": [ [ [ 80.24682329104408, 12.95 ], [ 80.24682329104408, 12.954491555874954 ], [ 80.24221265813722, 12.954491555874954 ], [ 80.24221265813722, 12.95 ], [ 80.24682329104408, 12.95 ] ] ] } },
{ "type": "Feature", "properties": { "cell_id": 21, "lon": 80.249128607497511, "lat": 12.952245777937478 }, "geometry": { "type": "Polygon", "coordinates": [ [ [ 80.251433923950941, 12.95 ], [ 80.251433923950941, 12.954491555874954 ], [ 80.24682329104408, 12.954491555874954 ], [ 80.24682329104408, 12.95 ], [ 80.251433923950941, 12.95 ] ] ] } },
{ "type": "Feature", "properties": { "cell_id": 22, "lon": 80.253739240404371, "lat": 12.952245777937478 }, "geometry": { "type": "Polygon", "coordinates": [ [ [ 80.256044556857802, 12.95 ], [ 80.256044556857802, 12.954491555874954 ], [ 80.251433923950941, 12.954491555874954 ], [ 80.251433923950941, 12.95 ], [ 80.256044556857802, 12.95 ] ] ] } },
{ "type": "Feature", "properties": { "cell_id": 23, "lon": 80.258349873311232, "lat": 12.952245777937478 }, "geometry": { "type": "Polygon", "coordinates": [ [ [ 80.260655189764663, 12.95 ], [ 80.260655189764663, 12.954491555874954 ], [ 80.256044556857802, 12.954491555874954 ], [ 80.256044556857802, 12.95 ], [ 80.260655189764663, 12.95 ] ] ] } },
{ "type": "Feature", "properties": { "cell_id": 24, "lon": 80.262960506218093, "lat": 12.952245777937478 }, "geometry": { "type": "Polygon", "coordinates": [ [ [ 80.265265822671523, 12.95 ], [ 80.265265822671523, 12.954491555874954 ], [ 80.260655189764663, 12.954491555874954 ], [ 80.260655189764663, 12.95 ], [ 80.265265822671523, 12.95 ] ] ] } },
{ "type": "Feature", "properties": { "cell_id": 25, "lon": 80.267571139124954, "lat": 12.952245777937478 }, "geometry": { "type": "Polygon", "coordinates": [ [ [ 80.269876455578384, 12.95 ], [ 80.269876455578384, 12.954491555874954 ], [ 80.265265822671523, 12.954491555874954 ], [ 80.265265822671523, 12.95 ], [ 80.269876455578384, 12.95 ] ] ] } },
{ "type": "Feature", "properties": { "cell_id": 26, "lon": 80.272181772031814, "lat": 12.952245777937478 }, "geometry": { "type": "Polygon", "coordinates": [ [ [ 80.274487088485245, 12.95 ], [ 80.274487088485245, 12.954491555874954 ], [ 80.269876455578384, 12.954491555874954 ], [ 80.269876455578384, 12.95 ], [ 80.274487088485245, 12.95 ] ] ] } },
{ "type": "Feature", "properties": { "cell_id": 27, "lon": 80.276792404938675, "lat": 12.952245777937478 }, "geometry": { "type": "Polygon", "coordinates": [ [ [ 80.279097721392105, 12.95 ], [ 80.279097721392105, 12.954491555874954 ], [ 80.274487088485245, 12.954491555874954 ], [ 80.274487088485245, 12.95 ], [ 80.279097721392105, 12.95 ] ] ] } },
{ "type": "Feature", "properties": { "cell_id": 28, "lon": 80.281403037845536, "lat": 12.952245777937478 }, "geometry": { "type": "Polygon", "coordinates": [ [ [ 80.283708354298966, 12.95 ], [ 80.283708354298966, 12.954491555874954 ], [ 80.279097721392105, 12.954491555874954 ], [ 80.279097721392105, 12.95 ], [ 80.283708354298966, 12.95 ] ] ] } },
{ "type": "Feature", "properties": { "cell_id": 29, "lon": 80.286013670752396, "lat": 12.952245777937478 }, "geometry": { "type": "Polygon", "coordinates": [ [ [ 80.288318987205827, 12.95 ], [ 80.288318987205827, 12.954491555874954 ], [ 80.283708354298966, 12.954491555874954 ], [ 80.283708354298966, 12.95 ], [ 80.288318987205827, 12.95 ] ] ] } },
{ "type": "Feature", "properties": { "cell_id": 30, "lon": 80.290624303659257, "lat": 12.952245777937478 }, "geometry": { "type": "Polygon", "coordinates": [ [ [ 80.292929620112687, 12.95 ], [ 80.292929620112687, 12.954491555874954 ], [ 80.288318987205827, 12.954491555874954 ], [ 80.288318987205827, 12.95 ], [ 80.292929620112687, 12.95 ] ] ] } },
{ "type": "Feature", "properties": { "cell_id": 31, "lon": 80.295234936566118, "lat": 12.952245777937478 }, "geometry": { "type": "Polygon", "coordinates": [ [ [ 80.297540253019548, 12.95 ], [ 80.297540253019548, 12.954491555874954 ], [ 80.292929620112687, 12.954491555874954 ], [ 80.292929620112687, 12.95 ], [ 80.297540253019548, 12.95 ] ] ] } },
{ "type": "Feature", "properties": { "cell_id": 32, "lon": 80.299845569472978, "lat": 12.952245777937478 }, "geometry": { "type": "Polygon", "coordinates": [ [ [ 80.302150885926409, 12.95 ], [ 80.302150885926409, 12.954491555874954 ], [ 80.297540253019548, 12.954491555874954 ], [ 80.297540253019548, 12.95 ], [ 80.302150885926409, 12.95 ] ] ] } },
{ "type": "Feature", "properties": { "cell_id": 44, "lon": 80.152305316453436, "lat": 12.956737333812432 }, "geometry": { "type": "Polygon", "coordinates": [ [ [ 80.154610632906866, 12.954491555874954 ], [ 80.154610632906866, 12.958983111749909 ], [ 80.15, 12.958983111749909 ], [ 80.15, 12.954491555874954 ], [ 80.154610632906866, 12.954491555874954 ] ] ] } },
{ "type": "Feature", "properties": { "cell_id": 45, "lon": 80.156915949360297, "lat": 12.956737333812432 }, "geometry": { "type": "Polygon", "coordinates": [ [ [ 80.159221265813727, 12.954491555874954 ], [ 80.159221265813727, 12.958983111749909 ], [ 80.154610632906866, 12.958983111749909 ], [ 80.154610632906866, 12.954491555874954 ], [ 80.159221265813727, 12.954491555874954 ] ] ] } },
{ "type": "Feature", "properties": { "cell_id": 46, "lon": 80.161526582267157, "lat": 12.956737333812432 }, "geometry": { "type": "Polygon", "coordinates": [ [ [ 80.163831898720588, 12.954491555874954 ], [ 80.163831898720588, 12.958983111749909 ], [ 80.159221265813727, 12.958983111749909 ], [ 80.159221265813727, 12.954491555874954 ], [ 80.163831898720588, 12.954491555874954 ] ] ] } },
{ "type": "Feature", "properties": { "cell_id": 47, "lon": 80.166137215174018, "lat": 12.956737333812432 }, "geometry": { "type": "Polygon", "coordinates": [ [ [ 80.168442531627448, 12.954491555874954 ], [ 80.168442531627448, 12.958983111749909 ], [ 80.163831898720588, 12.958983111749909 ], [ 80.163831898720588, 12.954491555874954 ], [ 80.168442531627448, 12.954491555874954 ] ] ] } },
{ "type": "Feature", "properties": { "cell_id": 48, "lon": 80.170747848080879, "lat": 12.956737333812432 }, "geometry": { "type": "Polygon", "coordinates": [ [ [ 80.173053164534309, 12.954491555874954 ], [ 80.173053164534309, 12.958983111749909 ], [ 80.168442531627448, 12.958983111749909 ], [ 80.168442531627448, 12.954491555874954 ], [ 80.173053164534309, 12.954491555874954 ] ] ] } },
{ "type": "Feature", "properties": { "cell_id": 49, "lon": 80.17535848098774, "lat": 12.956737333812432 }, "geometry": { "type": "Polygon", "coordinates": [ [ [ 80.17766379744117, 12.954491555874954 ], [ 80.17766379744117, 12.958983111749909 ], [ 80.173053164534309, 12.958983111749909 ], [ 80.173053164534309, 12.954491555874954 ], [ 80.17766379744117, 12.954491555874954 ] ] ] } },
{ "type": "Feature", "properties": { "cell_id": 50, "lon": 80.1799691138946, "lat": 12.956737333812432 }, "geometry": { "type": "Polygon", "coordinates": [ [ [ 80.182274430348031, 12.954491555874954 ], [ 80.182274430348031, 12.958983111749909 ], [ 80.17766379744117, 12.958983111749909 ], [ 80.17766379744117, 12.954491555874954 ], [ 80.182274430348031, 12.954491555874954 ] ] ] } },
{ "type": "Feature", "properties": { "cell_id": 51, "lon": 80.184579746801461, "lat": 12.956737333812432 }, "geometry": { "type": "Polygon", "coordinates": [ [ [ 80.186885063254891, 12.954491555874954 ], [ 80.186885063254891, 12.958983111749909 ], [ 80.182274430348031, 12.958983111749909 ], [ 80.182274430348031, 12.954491555874954 ], [ 80.186885063254891, 12.954491555874954 ] ] ] } },
{ "type": "Feature", "properties": { "cell_id": 52, "lon": 80.189190379708322, "lat": 12.956737333812432 }, "geometry": { "type": "Polygon", "coordinates": [ [ [ 80.191495696161752, 12.954491555874954 ], [ 80.191495696161752, 12.958983111749909 ], [ 80.186885063254891, 12.958983111749909 ], [ 80.186885063254891, 12.954491555874954 ], [ 80.191495696161752, 12.954491555874954 ] ] ] } },
{ "type": "Feature", "properties": { "cell_id": 53, "lon": 80.193801012615182, "lat": 12.956737333812432 }, "geometry": { "type": "Polygon", "coordinates": [ [ [ 80.196106329068613, 12.954491555874954 ], [ 80.196106329068613, 12.958983111749909 ], [ 80.191495696161752, 12.958983111749909 ], [ 80.191495696161752, 12.954491555874954 ], [ 80.196106329068613, 12.954491555874954 ] ] ] } },
{ "type": "Feature", "properties": { "cell_id": 54, "lon": 80.198411645522043, "lat": 12.956737333812432 }, "geometry": { "type": "Polygon", "coordinates": [ [ [ 80.200716961975473, 12.954491555874954 ], [ 80.200716961975473, 12.958983111749909 ], [ 80.196106329068613, 12.958983111749909 ], [ 80.196106329068613, 12.954491555874954 ], [ 80.200716961975473, 12.954491555874954 ] ] ] } },
{ "type": "Feature", "properties": { "cell_id": 55, "lon": 80.203022278428904, "lat": 12.956737333812432 }, "geometry": { "type": "Polygon", "coordinates": [ [ [ 80.205327594882334, 12.954491555874954 ], [ 80.205327594882334, 12.958983111749909 ], [ 80.200716961975473, 12.958983111749909 ], [ 80.200716961975473, 12.954491555874954 ], [ 80.205327594882334, 12.954491555874954 ] ] ] } },
{ "type": "Feature", "properties": { "cell_id": 56, "lon": 80.207632911335764, "lat": 12.956737333812432 }, "geometry": { "type": "Polygon", "coordinates": [ [ [ 80.209938227789195, 12.954491555874954 ], [ 80.209938227789195, 12.958983111749909 ], [ 80.205327594882334, 12.958983111749909 ], [ 80.205327594882334, 12.954491555874954 ], [ 80.209938227789195, 12.954491555874954 ] ] ] } },
{ "type": "Feature", "properties": { "cell_id": 57, "lon": 80.212243544242625, "lat": 12.956737333812432 }, "geometry": { "type": "Polygon", "coordinates": [ [ [ 80.214548860696055, 12.954491555874954 ], [ 80.214548860696055, 12.958983111749909 ], [ 80.209938227789195, 12.958983111749909 ], [ 80.209938227789195, 12.954491555874954 ], [ 80.214548860696055, 12.954491555874954 ] ] ] } },
{ "type": "Feature", "properties": { "cell_id": 58, "lon": 80.216854177149486, "lat": 12.956737333812432 }, "geometry": { "type": "Polygon", "coordinates": [ [ [ 80.219159493602916, 12.954491555874954 ], [ 80.219159493602916, 12.958983111749909 ], [ 80.214548860696055, 12.958983111749909 ], [ 80.214548860696055, 12.954491555874954 ], [ 80.219159493602916, 12.954491555874954 ] ] ] } },
{ "type": "Feature", "properties": { "cell_id": 59, "lon": 80.221464810056347, "lat": 12.956737333812432 }, "geometry": { "type": "Polygon", "coordinates": [ [ [ 80.223770126509777, 12.954491555874954 ], [ 80.223770126509777, 12.958983111749909 ], [ 80.219159493602916, 12.958983111749909 ], [ 80.219159493602916, 12.954491555874954 ], [ 80.223770126509777, 12.954491555874954 ] ] ] } },
{ "type": "Feature", "properties": { "cell_id": 60, "lon": 80.226075442963207, "lat": 12.956737333812432 }, "geometry": { "type": "Polygon", "coordinates": [ [ [ 80.228380759416638, 12.954491555874954 ], [ 80.228380759416638, 12.958983111749909 ], [ 80.223770126509777, 12.958983111749909 ], [ 80.223770126509777, 12.954491555874954 ], [ 80.228380759416638, 12.954491555874954 ] ] ] } },
{ "type": "Feature", "properties": { "cell_id": 61, "lon": 80.230686075870068, "lat": 12.956737333812432 }, "geometry": { "type": "Polygon", "coordinates": [ [ [ 80.232991392323498, 12.954491555874954 ], [ 80.232991392323498, 12.958983111749909 ], [ 80.228380759416638, 12.958983111749909 ], [ 80.228380759416638, 12.954491555874954 ], [ 80.232991392323498, 12.954491555874954 ] ] ] } },
{ "type": "Feature", "properties": { "cell_id": 62, "lon": 80.235296708776929, "lat": 12.956737333812432 }, "geometry": { "type": "Polygon", "coordinates": [ [ [ 80.237602025230359, 12.954491555874954 ], [ 80.237602025230359, 12.958983111749909 ], [ 80.232991392323498, 12.958983111749909 ], [ 80.232991392323498, 12.954491555874954 ], [ 80.237602025230359, 12.954491555874954 ] ] ] } },
{ "type": "Feature", "properties": { "cell_id": 63, "lon": 80.239907341683789, "lat": 12.956737333812432 }, "geometry": { "type": "Polygon", "coordinates": [ [ [ 80.24221265813722, 12.954491555874954 ], [ 80.24221265813722, 12.958983111749909 ], [ 80.237602025230359, 12.958983111749909 ], [ 80.237602025230359, 12.954491555874954 ], [ 80.24221265813722, 12.954491555874954 ] ] ] } },
{ "type": "Feature", "properties": { "cell_id": 64, "lon": 80.24451797459065, "lat": 12.956737333812432 }, "geometry": { "type": "Polygon", "coordinates": [ [ [ 80.24682329104408, 12.954491555874954 ], [ 80.24682329104408, 12.958983111749909 ], [ 80.24221265813722, 12.958983111749909 ], [ 80.24221265813722, 12.954491555874954 ], [ 80.24682329104408, 12.954491555874954 ] ] ] } },
{ "type": "Feature", "properties": { "cell_id": 65, "lon": 80.249128607497511, "lat": 12.956737333812432 }, "geometry": { "type": "Polygon", "coordinates": [ [ [ 80.251433923950941, 12.954491555874954 ], [ 80.251433923950941, 12.958983111749909 ], [ 80.24682329104408, 12.958983111749909 ], [ 80.24682329104408, 12.954491555874954 ], [ 80.251433923950941, 12.954491555874954 ] ] ] } },
{ "type": "Feature", "properties": { "cell_id": 66, "lon": 80.253739240404371, "lat": 12.956737333812432 }, "geometry": { "type": "Polygon", "coordinates": [ [ [ 80.256044556857802, 12.954491555874954 ], [ 80.256044556857802, 12.958983111749909 ], [ 80.251433923950941, 12.958983111749909 ], [ 80.251433923950941, 12.954491555874954 ], [ 80.256044556857802, 12.954491555874954 ] ] ] } },
{ "type": "Feature", "properties": { "cell_id": 67, "lon": 80.258349873311232, "lat": 12.956737333812432 }, "geometry": { "type": "Polygon", "coordinates": [ [ [ 80.260655189764663, 12.954491555874954 ], [ 80.260655189764663, 12.958983111749909 ], [ 80.256044556857802, 12.958983111749909 ], [ 80.256044556857802, 12.954491555874954 ], [ 80.260655189764663, 12.954491555874954 ] ] ] } },
{ "type": "Feature", "properties": { "cell_id": 68, "lon": 80.262960506218093, "lat": 12.956737333812432 }, "geometry": { "type": "Polygon", "coordinates": [ [ [ 80.265265822671523, 12.954491555874954 ], [ 80.265265822671523, 12.958983111749909 ], [ 80.260655189764663, 12.958983111749909 ], [ 80.260655189764663, 12.954491555874954 ], [ 80.265265822671523, 12.954491555874954 ] ] ] } },
{ "type": "Feature", "properties": { "cell_id": 69, "lon": 80.267571139124954, "lat": 12.956737333812432 }, "geometry": { "type": "Polygon", "coordinates": [ [ [ 80.269876455578384, 12.954491555874954 ], [ 80.269876455578384, 12.958983111749909 ], [ 80.265265822671523, 12.958983111749909 ], [ 80.265265822671523, 12.954491555874954 ], [ 80.269876455578384, 12.954491555874954 ] ] ] } },
{ "type": "Feature", "properties": { "cell_id": 70, "lon": 80.272181772031814, "lat": 12.956737333812432 }, "geometry": { "type": "Polygon", "coordinates": [ [ [ 80.274487088485245, 12.954491555874954 ], [ 80.274487088485245, 12.958983111749909 ], [ 80.269876455578384, 12.958983111749909 ], [ 80.269876455578384, 12.954491555874954 ], [ 80.274487088485245, 12.954491555874954 ] ] ] } },
{ "type": "Feature", "properties": { "cell_id": 71, "lon": 80.276792404938675, "lat": 12.956737333812432 }, "geometry": { "type": "Polygon", "coordinates": [ [ [ 80.279097721392105, 12.954491555874954 ], [ 80.279097721392105, 12.958983111749909 ], [ 80.274487088485245, 12.958983111749909 ], [ 80.274487088485245, 12.954491555874954 ], [ 80.279097721392105, 12.954491555874954 ] ] ] } },
{ "type": "Feature", "properties": { "cell_id": 72, "lon": 80.281403037845536, "lat": 12.956737333812432 }, "geometry": { "type": "Polygon", "coordinates": [ [ [ 80.283708354298966, 12.954491555874954 ], [ 80.283708354298966, 12.958983111749909 ], [ 80.279097721392105, 12.958983111749909 ], [ 80.279097721392105, 12.954491555874954 ], [ 80.283708354298966, 12.954491555874954 ] ] ] } },
{ "type": "Feature", "properties": { "cell_id": 73, "lon": 80.286013670752396, "lat": 12.956737333812432 }, "geometry": { "type": "Polygon", "coordinates": [ [ [ 80.288318987205827, 12.954491555874954 ], [ 80.288318987205827, 12.958983111749909 ], [ 80.283708354298966, 12.958983111749909 ], [ 80.283708354298966, 12.954491555874954 ], [ 80.288318987205827, 12.954491555874954 ] ] ] } },
{ "type": "Feature", "properties": { "cell_id": 74, "lon": 80.290624303659257, "lat": 12.956737333812432 }, "geometry": { "type": "Polygon", "coordinates": [ [ [ 80.292929620112687, 12.954491555874954 ], [ 80.292929620112687, 12.958983111749909 ], [ 80.288318987205827, 12.958983111749909 ], [ 80.288318987205827, 12.954491555874954 ], [ 80.292929620112687, 12.954491555874954 ] ] ] } },
{ "type": "Feature", "properties": { "cell_id": 75, "lon": 80.295234936566118, "lat": 12.956737333812432 }, "geometry": { "type": "Polygon", "coordinates": [ [ [ 80.297540253019548, 12.954491555874954 ], [ 80.297540253019548, 12.958983111749909 ], [ 80.292929620112687, 12.958983111749909 ], [ 80.292929620112687, 12.954491555874954 ], [ 80.297540253019548, 12.954491555874954 ] ] ] } },
{ "type": "Feature", "properties": { "cell_id": 76, "lon": 80.299845569472978, "lat": 12.956737333812432 }, "geometry": { "type": "Polygon", "coordinates": [ [ [ 80.302150885926409, 12.954491555874954 ], [ 80.302150885926409, 12.958983111749909 ], [ 80.297540253019548, 12.958983111749909 ], [ 80.297540253019548, 12.954491555874954 ], [ 80.302150885926409, 12.954491555874954 ] ] ] } },
{ "type": "Feature", "properties": { "cell_id": 88, "lon": 80.152305316453436, "lat": 12.961228889687387 }, "geometry": { "type": "Polygon", "coordinates": [ [ [ 80.154610632906866, 12.958983111749909 ], [ 80.154610632906866, 12.963474667624864 ], [ 80.15, 12.963474667624864 ], [ 80.15, 12.958983111749909 ], [ 80.154610632906866, 12.958983111749909 ] ] ] } },
{ "type": "Feature", "properties": { "cell_id": 89, "lon": 80.156915949360297, "lat": 12.961228889687387 }, "geometry": { "type": "Polygon", "coordinates": [ [ [ 80.159221265813727, 12.958983111749909 ], [ 80.159221265813727, 12.963474667624864 ], [ 80.154610632906866, 12.963474667624864 ], [ 80.154610632906866, 12.958983111749909 ], [ 80.159221265813727, 12.958983111749909 ] ] ] } },
{ "type": "Feature", "properties": { "cell_id": 90, "lon": 80.161526582267157, "lat": 12.961228889687387 }, "geometry": { "type": "Polygon", "coordinates": [ [ [ 80.163831898720588, 12.958983111749909 ], [ 80.163831898720588, 12.963474667624864 ], [ 80.159221265813727, 12.963474667624864 ], [ 80.159221265813727, 12.958983111749909 ], [ 80.163831898720588, 12.958983111749909 ] ] ] } },
{ "type": "Feature", "properties": { "cell_id": 91, "lon": 80.166137215174018, "lat": 12.961228889687387 }, "geometry": { "type": "Polygon", "coordinates": [ [ [ 80.168442531627448, 12.958983111749909 ], [ 80.168442531627448, 12.963474667624864 ], [ 80.163831898720588, 12.963474667624864 ], [ 80.163831898720588, 12.958983111749909 ], [ 80.168442531627448, 12.958983111749909 ] ] ] } },
{ "type": "Feature", "properties": { "cell_id": 92, "lon": 80.170747848080879, "lat": 12.961228889687387 }, "geometry": { "type": "Polygon", "coordinates": [ [ [ 80.173053164534309, 12.958983111749909 ], [ 80.173053164534309, 12.963474667624864 ], [ 80.168442531627448, 12.963474667624864 ], [ 80.168442531627448, 12.958983111749909 ], [ 80.173053164534309, 12.958983111749909 ] ] ] } },
{ "type": "Feature", "properties": { "cell_id": 93, "lon": 80.17535848098774, "lat": 12.961228889687387 }, "geometry": { "type": "Polygon", "coordinates": [ [ [ 80.17766379744117, 12.958983111749909 ], [ 80.17766379744117, 12.963474667624864 ], [ 80.173053164534309, 12.963474667624864 ], [ 80.173053164534309, 12.958983111749909 ], [ 80.17766379744117, 12.958983111749909 ] ] ] } },
{ "type": "Feature", "properties": { "cell_id": 94, "lon": 80.1799691138946, "lat": 12.961228889687387 }, "geometry": { "type": "Polygon", "coordinates": [ [ [ 80.182274430348031, 12.958983111749909 ], [ 80.182274430348031, 12.963474667624864 ], [ 80.17766379744117, 12.963474667624864 ], [ 80.17766379744117, 12.958983111749909 ], [ 80.182274430348031, 12.958983111749909 ] ] ] } },
{ "type": "Feature", "properties": { "cell_id": 95, "lon": 80.184579746801461, "lat": 12.961228889687387 }, "geometry": { "type": "Polygon", "coordinates": [ [ [ 80.186885063254891, 12.958983111749909 ], [ 80.186885063254891, 12.963474667624864 ], [ 80.182274430348031, 12.963474667624864 ], [ 80.182274430348031, 12.958983111749909 ], [ 80.186885063254891, 12.958983111749909 ] ] ] } },
{ "type": "Feature", "properties": { "cell_id": 96, "lon": 80.189190379708322, "lat": 12.961228889687387 }, "geometry": { "type": "Polygon", "coordinates": [ [ [ 80.191495696161752, 12.958983111749909 ], [ 80.191495696161752, 12.963474667624864 ], [ 80.186885063254891, 12.963474667624864 ], [ 80.186885063254891, 12.958983111749909 ], [ 80.191495696161752, 12.958983111749909 ] ] ] } },
{ "type": "Feature", "properties": { "cell_id": 97, "lon": 80.193801012615182, "lat": 12.961228889687387 }, "geometry": { "type": "Polygon", "coordinates": [ [ [ 80.196106329068613, 12.958983111749909 ], [ 80.196106329068613, 12.963474667624864 ], [ 80.191495696161752, 12.963474667624864 ], [ 80.191495696161752, 12.958983111749909 ], [ 80.196106329068613, 12.958983111749909 ] ] ] } },
{ "type": "Feature", "properties": { "cell_id": 98, "lon": 80.198411645522043, "lat": 12.961228889687387 }, "geometry": { "type": "Polygon", "coordinates": [ [ [ 80.200716961975473, 12.958983111749909 ], [ 80.200716961975473, 12.963474667624864 ], [ 80.196106329068613, 12.963474667624864 ], [ 80.196106329068613, 12.958983111749909 ], [ 80.200716961975473, 12.958983111749909 ] ] ] } },
{ "type": "Feature", "properties": { "cell_id": 99, "lon": 80.203022278428904, "lat": 12.961228889687387 }, "geometry": { "type": "Polygon", "coordinates": [ [ [ 80.205327594882334, 12.958983111749909 ], [ 80.205327594882334, 12.963474667624864 ], [ 80.200716961975473, 12.963474667624864 ], [ 80.200716961975473, 12.958983111749909 ], [ 80.205327594882334, 12.958983111749909 ] ] ] } },
{ "type": "Feature", "properties": { "cell_id": 100, "lon": 80.207632911335764, "lat": 12.961228889687387 }, "geometry": { "type": "Polygon", "coordinates": [ [ [ 80.209938227789195, 12.958983111749909 ], [ 80.209938227789195, 12.963474667624864 ], [ 80.205327594882334, 12.963474667624864 ], [ 80.205327594882334, 12.958983111749909 ], [ 80.209938227789195, 12.958983111749909 ] ] ] } },
{ "type": "Feature", "properties": { "cell_id": 101, "lon": 80.212243544242625, "lat": 12.961228889687387 }, "geometry": { "type": "Polygon", "coordinates": [ [ [ 80.214548860696055, 12.958983111749909 ], [ 80.214548860696055, 12.963474667624864 ], [ 80.209938227789195, 12.963474667624864 ], [ 80.209938227789195, 12.958983111749909 ], [ 80.214548860696055, 12.958983111749909 ] ] ] } },
{ "type": "Feature", "properties": { "cell_id": 102, "lon": 80.216854177149486, "lat": 12.961228889687387 }, "geometry": { "type": "Polygon", "coordinates": [ [ [ 80.219159493602916, 12.958983111749909 ], [ 80.219159493602916, 12.963474667624864 ], [ 80.214548860696055, 12.963474667624864 ], [ 80.214548860696055, 12.958983111749909 ], [ 80.219159493602916, 12.958983111749909 ] ] ] } },
{ "type": "Feature", "properties": { "cell_id": 103, "lon": 80.221464810056347, "lat": 12.961228889687387 }, "geometry": { "type": "Polygon", "coordinates": [ [ [ 80.223770126509777, 12.958983111749909 ], [ 80.223770126509777, 12.963474667624864 ], [ 80.219159493602916, 12.963474667624864 ], [ 80.219159493602916, 12.958983111749909 ], [ 80.223770126509777, 12.958983111749909 ] ] ] } },
{ "type": "Feature", "properties": { "cell_id": 104, "lon": 80.226075442963207, "lat": 12.961228889687387 }, "geometry": { "type": "Polygon", "coordinates": [ [ [ 80.228380759416638, 12.958983111749909 ], [ 80.228380759416638, 12.963474667624864 ], [ 80.223770126509777, 12.963474667624864 ], [ 80.223770126509777, 12.958983111749909 ], [ 80.228380759416638, 12.958983111749909 ] ] ] } },
{ "type": "Feature", "properties": { "cell_id": 105, "lon": 80.230686075870068, "lat": 12.961228889687387 }, "geometry": { "type": "Polygon", "coordinates": [ [ [ 80.232991392323498, 12.958983111749909 ], [ 80.232991392323498, 12.963474667624864 ], [ 80.228380759416638, 12.963474667624864 ], [ 80.228380759416638, 12.958983111749909 ], [ 80.232991392323498, 12.958983111749909 ] ] ] } },
{ "type": "Feature", "properties": { "cell_id": 106, "lon": 80.235296708776929, "lat": 12.961228889687387 }, "geometry": { "type": "Polygon", "coordinates": [ [ [ 80.237602025230359, 12.958983111749909 ], [ 80.237602025230359, 12.963474667624864 ], [ 80.232991392323498, 12.963474667624864 ], [ 80.232991392323498, 12.958983111749909 ], [ 80.237602025230359, 12.958983111749909 ] ] ] } },
{ "type": "Feature", "properties": { "cell_id": 107, "lon": 80.239907341683789, "lat": 12.961228889687387 }, "geometry": { "type": "Polygon", "coordinates": [ [ [ 80.24221265813722, 12.958983111749909 ], [ 80.24221265813722, 12.963474667624864 ], [ 80.237602025230359, 12.963474667624864 ], [ 80.237602025230359, 12.958983111749909 ], [ 80.24221265813722, 12.958983111749909 ] ] ] } },
{ "type": "Feature", "properties": { "cell_id": 108, "lon": 80.24451797459065, "lat": 12.961228889687387 }, "geometry": { "type": "Polygon", "coordinates": [ [ [ 80.24682329104408, 12.958983111749909 ], [ 80.24682329104408, 12.963474667624864 ], [ 80.24221265813722, 12.963474667624864 ], [ 80.24221265813722, 12.958983111749909 ], [ 80.24682329104408, 12.958983111749909 ] ] ] } },
{ "type": "Feature", "properties": { "cell_id": 109, "lon": 80.249128607497511, "lat": 12.961228889687387 }, "geometry": { "type": "Polygon", "coordinates": [ [ [ 80.251433923950941, 12.958983111749909 ], [ 80.251433923950941, 12.963474667624864 ], [ 80.24682329104408, 12.963474667624864 ], [ 80.24682329104408, 12.958983111749909 ], [ 80.251433923950941, 12.958983111749909 ] ] ] } },
{ "type": "Feature", "properties": { "cell_id": 110, "lon": 80.253739240404371, "lat": 12.961228889687387 }, "geometry": { "type": "Polygon", "coordinates": [ [ [ 80.256044556857802, 12.958983111749909 ], [ 80.256044556857802, 12.963474667624864 ], [ 80.251433923950941, 12.963474667624864 ], [ 80.251433923950941, 12.958983111749909 ], [ 80.256044556857802, 12.958983111749909 ] ] ] } },
{ "type": "Feature", "properties": { "cell_id": 111, "lon": 80.258349873311232, "lat": 12.961228889687387 }, "geometry": { "type": "Polygon", "coordinates": [ [ [ 80.260655189764663, 12.958983111749909 ], [ 80.260655189764663, 12.963474667624864 ], [ 80.256044556857802, 12.963474667624864 ], [ 80.256044556857802, 12.958983111749909 ], [ 80.260655189764663, 12.958983111749909 ] ] ] } },
{ "type": "Feature", "properties": { "cell_id": 112, "lon": 80.262960506218093, "lat": 12.961228889687387 }, "geometry": { "type": "Polygon", "coordinates": [ [ [ 80.265265822671523, 12.958983111749909 ], [ 80.265265822671523, 12.963474667624864 ], [ 80.260655189764663, 12.963474667624864 ], [ 80.260655189764663, 12.958983111749909 ], [ 80.265265822671523, 12.958983111749909 ] ] ] } },
{ "type": "Feature", "properties": { "cell_id": 113, "lon": 80.267571139124954, "lat": 12.961228889687387 }, "geometry": { "type": "Polygon", "coordinates": [ [ [ 80.269876455578384, 12.958983111749909 ], [ 80.269876455578384, 12.963474667624864 ], [ 80.265265822671523, 12.963474667624864 ], [ 80.265265822671523, 12.958983111749909 ], [ 80.269876455578384, 12.958983111749909 ] ] ] } },
{ "type": "Feature", "properties": { "cell_id": 114, "lon": 80.272181772031814, "lat": 12.961228889687387 }, "geometry": { "type": "Polygon", "coordinates": [ [ [ 80.274487088485245, 12.958983111749909 ], [ 80.274487088485245, 12.963474667624864 ], [ 80.269876455578384, 12.963474667624864 ], [ 80.269876455578384, 12.958983111749909 ], [ 80.274487088485245, 12.958983111749909 ] ] ] } },
{ "type": "Feature", "properties": { "cell_id": 115, "lon": 80.276792404938675, "lat": 12.961228889687387 }, "geometry": { "type": "Polygon", "coordinates": [ [ [ 80.279097721392105, 12.958983111749909 ], [ 80.279097721392105, 12.963474667624864 ], [ 80.274487088485245, 12.963474667624864 ], [ 80.274487088485245, 12.958983111749909 ], [ 80.279097721392105, 12.958983111749909 ] ] ] } },
{ "type": "Feature", "properties": { "cell_id": 116, "lon": 80.281403037845536, "lat": 12.961228889687387 }, "geometry": { "type": "Polygon", "coordinates": [ [ [ 80.283708354298966, 12.958983111749909 ], [ 80.283708354298966, 12.963474667624864 ], [ 80.279097721392105, 12.963474667624864 ], [ 80.279097721392105, 12.958983111749909 ], [ 80.283708354298966, 12.958983111749909 ] ] ] } },
{ "type": "Feature", "properties": { "cell_id": 117, "lon": 80.286013670752396, "lat": 12.961228889687387 }, "geometry": { "type": "Polygon", "coordinates": [ [ [ 80.288318987205827, 12.958983111749909 ], [ 80.288318987205827, 12.963474667624864 ], [ 80.283708354298966, 12.963474667624864 ], [ 80.283708354298966, 12.958983111749909 ], [ 80.288318987205827, 12.958983111749909 ] ] ] } },
{ "type": "Feature", "properties": { "cell_id": 118, "lon": 80.290624303659257, "lat": 12.961228889687387 }, "geometry": { "type": "Polygon", "coordinates": [ [ [ 80.292929620112687, 12.958983111749909 ], [ 80.292929620112687, 12.963474667624864 ], [ 80.288318987205827, 12.963474667624864 ], [ 80.288318987205827, 12.958983111749909 ], [ 80.292929620112687, 12.958983111749909 ] ] ] } },
{ "type": "Feature", "properties": { "cell_id": 119, "lon": 80.295234936566118, "lat": 12.961228889687387 }, "geometry": { "type": "Polygon", "coordinates": [ [ [ 80.297540253019548, 12.958983111749909 ], [ 80.297540253019548, 12.963474667624864 ], [ 80.292929620112687, 12.963474667624864 ], [ 80.292929620112687, 12.958983111749909 ], [ 80.297540253019548, 12.958983111749909 ] ] ] } },
{ "type": "Feature", "properties": { "cell_id": 120, "lon": 80.299845569472978, "lat": 12.961228889687387 }, "geometry": { "type": "Polygon", "coordinates": [ [ [ 80.302150885926409, 12.958983111749909 ], [ 80.302150885926409, 12.963474667624864 ], [ 80.297540253019548, 12.963474667624864 ], [ 80.297540253019548, 12.958983111749909 ], [ 80.302150885926409, 12.958983111749909 ] ] ] } },
{ "type": "Feature", "properties": { "cell_id": 132, "lon": 80.152305316453436, "lat": 12.965720445562342 }, "geometry": { "type": "Polygon", "coordinates": [ [ [ 80.154610632906866, 12.963474667624864 ], [ 80.154610632906866, 12.967966223499818 ], [ 80.15, 12.967966223499818 ], [ 80.15, 12.963474667624864 ], [ 80.154610632906866, 12.963474667624864 ] ] ] } },
{ "type": "Feature", "properties": { "cell_id": 133, "lon": 80.156915949360297, "lat": 12.965720445562342 }, "geometry": { "type": "Polygon", "coordinates": [ [ [ 80.159221265813727, 12.963474667624864 ], [ 80.159221265813727, 12.967966223499818 ], [ 80.154610632906866, 12.967966223499818 ], [ 80.154610632906866, 12.963474667624864 ], [ 80.159221265813727, 12.963474667624864 ] ] ] } },
{ "type": "Feature", "properties": { "cell_id": 134, "lon": 80.161526582267157, "lat": 12.965720445562342 }, "geometry": { "type": "Polygon", "coordinates": [ [ [ 80.163831898720588, 12.963474667624864 ], [ 80.163831898720588, 12.967966223499818 ], [ 80.159221265813727, 12.967966223499818 ], [ 80.159221265813727, 12.963474667624864 ], [ 80.163831898720588, 12.963474667624864 ] ] ] } },
{ "type": "Feature", "properties": { "cell_id": 135, "lon": 80.166137215174018, "lat": 12.965720445562342 }, "geometry": { "type": "Polygon", "coordinates": [ [ [ 80.168442531627448, 12.963474667624864 ], [ 80.168442531627448, 12.967966223499818 ], [ 80.163831898720588, 12.967966223499818 ], [ 80.163831898720588, 12.963474667624864 ], [ 80.168442531627448, 12.963474667624864 ] ] ] } },
{ "type": "Feature", "properties": { "cell_id": 136, "lon": 80.170747848080879, "lat": 12.965720445562342 }, "geometry": { "type": "Polygon", "coordinates": [ [ [ 80.173053164534309, 12.963474667624864 ], [ 80.173053164534309, 12.967966223499818 ], [ 80.168442531627448, 12.967966223499818 ], [ 80.168442531627448, 12.963474667624864 ], [ 80.173053164534309, 12.963474667624864 ] ] ] } },
{ "type": "Feature", "properties": { "cell_id": 137, "lon": 80.17535848098774, "lat": 12.965720445562342 }, "geometry": { "type": "Polygon", "coordinates": [ [ [ 80.17766379744117, 12.963474667624864 ], [ 80.17766379744117, 12.967966223499818 ], [ 80.173053164534309, 12.967966223499818 ], [ 80.173053164534309, 12.963474667624864 ], [ 80.17766379744117, 12.963474667624864 ] ] ] } },
{ "type": "Feature", "properties": { "cell_id": 138, "lon": 80.1799691138946, "lat": 12.965720445562342 }, "geometry": { "type": "Polygon", "coordinates": [ [ [ 80.182274430348031, 12.963474667624864 ], [ 80.182274430348031, 12.967966223499818 ], [ 80.17766379744117, 12.967966223499818 ], [ 80.17766379744117, 12.963474667624864 ], [ 80.182274430348031, 12.963474667624864 ] ] ] } },
{ "type": "Feature", "properties": { "cell_id": 139, "lon": 80.184579746801461, "lat": 12.965720445562342 }, "geometry": { "type": "Polygon", "coordinates": [ [ [ 80.186885063254891, 12.963474667624864 ], [ 80.186885063254891, 12.967966223499818 ], [ 80.182274430348031, 12.967966223499818 ], [ 80.182274430348031, 12.963474667624864 ], [ 80.186885063254891, 12.963474667624864 ] ] ] } },
{ "type": "Feature", "properties": { "cell_id": 140, "lon": 80.189190379708322, "lat": 12.965720445562342 }, "geometry": { "type": "Polygon", "coordinates": [ [ [ 80.191495696161752, 12.963474667624864 ], [ 80.191495696161752, 12.967966223499818 ], [ 80.186885063254891, 12.967966223499818 ], [ 80.186885063254891, 12.963474667624864 ], [ 80.191495696161752, 12.963474667624864 ] ] ] } },
{ "type": "Feature", "properties": { "cell_id": 141, "lon": 80.193801012615182, "lat": 12.965720445562342 }, "geometry": { "type": "Polygon", "coordinates": [ [ [ 80.196106329068613, 12.963474667624864 ], [ 80.196106329068613, 12.967966223499818 ], [ 80.191495696161752, 12.967966223499818 ], [ 80.191495696161752, 12.963474667624864 ], [ 80.196106329068613, 12.963474667624864 ] ] ] } },
{ "type": "Feature", "properties": { "cell_id": 142, "lon": 80.198411645522043, "lat": 12.965720445562342 }, "geometry": { "type": "Polygon", "coordinates": [ [ [ 80.200716961975473, 12.963474667624864 ], [ 80.200716961975473, 12.967966223499818 ], [ 80.196106329068613, 12.967966223499818 ], [ 80.196106329068613, 12.963474667624864 ], [ 80.200716961975473, 12.963474667624864 ] ] ] } },
{ "type": "Feature", "properties": { "cell_id": 143, "lon": 80.203022278428904, "lat": 12.965720445562342 }, "geometry": { "type": "Polygon", "coordinates": [ [ [ 80.205327594882334, 12.963474667624864 ], [ 80.205327594882334, 12.967966223499818 ], [ 80.200716961975473, 12.967966223499818 ], [ 80.200716961975473, 12.963474667624864 ], [ 80.205327594882334, 12.963474667624864 ] ] ] } },
{ "type": "Feature", "properties": { "cell_id": 144, "lon": 80.207632911335764, "lat": 12.965720445562342 }, "geometry": { "type": "Polygon", "coordinates": [ [ [ 80.209938227789195, 12.963474667624864 ], [ 80.209938227789195, 12.967966223499818 ], [ 80.205327594882334, 12.967966223499818 ], [ 80.205327594882334, 12.963474667624864 ], [ 80.209938227789195, 12.963474667624864 ] ] ] } },
{ "type": "Feature", "properties": { "cell_id": 145, "lon": 80.212243544242625, "lat": 12.965720445562342 }, "geometry": { "type": "Polygon", "coordinates": [ [ [ 80.214548860696055, 12.963474667624864 ], [ 80.214548860696055, 12.967966223499818 ], [ 80.209938227789195, 12.967966223499818 ], [ 80.209938227789195, 12.963474667624864 ], [ 80.214548860696055, 12.963474667624864 ] ] ] } },
{ "type": "Feature", "properties": { "cell_id": 146, "lon": 80.216854177149486, "lat": 12.965720445562342 }, "geometry": { "type": "Polygon", "coordinates": [ [ [ 80.219159493602916, 12.963474667624864 ], [ 80.219159493602916, 12.967966223499818 ], [ 80.214548860696055, 12.967966223499818 ], [ 80.214548860696055, 12.963474667624864 ], [ 80.219159493602916, 12.963474667624864 ] ] ] } },
{ "type": "Feature", "properties": { "cell_id": 147, "lon": 80.221464810056347, "lat": 12.965720445562342 }, "geometry": { "type": "Polygon", "coordinates": [ [ [ 80.223770126509777, 12.963474667624864 ], [ 80.223770126509777, 12.967966223499818 ], [ 80.219159493602916, 12.967966223499818 ], [ 80.219159493602916, 12.963474667624864 ], [ 80.223770126509777, 12.963474667624864 ] ] ] } },
{ "type": "Feature", "properties": { "cell_id": 148, "lon": 80.226075442963207, "lat": 12.965720445562342 }, "geometry": { "type": "Polygon", "coordinates": [ [ [ 80.228380759416638, 12.963474667624864 ], [ 80.228380759416638, 12.967966223499818 ], [ 80.223770126509777, 12.967966223499818 ], [ 80.223770126509777, 12.963474667624864 ], [ 80.228380759416638, 12.963474667624864 ] ] ] } },
{ "type": "Feature", "properties": { "cell_id": 149, "lon": 80.230686075870068, "lat": 12.965720445562342 }, "geometry": { "type": "Polygon", "coordinates": [ [ [ 80.232991392323498, 12.963474667624864 ], [ 80.232991392323498, 12.967966223499818 ], [ 80.228380759416638, 12.967966223499818 ], [ 80.228380759416638, 12.963474667624864 ], [ 80.232991392323498, 12.963474667624864 ] ] ] } },
{ "type": "Feature", "properties": { "cell_id": 150, "lon": 80.235296708776929, "lat": 12.965720445562342 }, "geometry": { "type": "Polygon", "coordinates": [ [ [ 80.237602025230359, 12.963474667624864 ], [ 80.237602025230359, 12.967966223499818 ], [ 80.232991392323498, 12.967966223499818 ], [ 80.232991392323498, 12.963474667624864 ], [ 80.237602025230359, 12.963474667624864 ] ] ] } },
{ "type": "Feature", "properties": { "cell_id": 151, "lon": 80.239907341683789, "lat": 12.965720445562342 }, "geometry": { "type": "Polygon", "coordinates": [ [ [ 80.24221265813722, 12.963474667624864 ], [ 80.24221265813722, 12.967966223499818 ], [ 80.237602025230359, 12.967966223499818 ], [ 80.237602025230359, 12.963474667624864 ], [ 80.24221265813722, 12.963474667624864 ] ] ] } },
{ "type": "Feature", "properties": { "cell_id": 152, "lon": 80.24451797459065, "lat": 12.965720445562342 }, "geometry": { "type": "Polygon", "coordinates": [ [ [ 80.24682329104408, 12.963474667624864 ], [ 80.24682329104408, 12.967966223499818 ], [ 80.24221265813722, 12.967966223499818 ], [ 80.24221265813722, 12.963474667624864 ], [ 80.24682329104408, 12.963474667624864 ] ] ] } },
{ "type": "Feature", "properties": { "cell_id": 153, "lon": 80.249128607497511, "lat": 12.965720445562342 }, "geometry": { "type": "Polygon", "coordinates": [ [ [ 80.251433923950941, 12.963474667624864 ], [ 80.251433923950941, 12.967966223499818 ], [ 80.24682329104408, 12.967966223499818 ], [ 80.24682329104408, 12.963474667624864 ], [ 80.251433923950941, 12.963474667624864 ] ] ] } },
{ "type": "Feature", "properties": { "cell_id": 154, "lon": 80.253739240404371, "lat": 12.965720445562342 }, "geometry": { "type": "Polygon", "coordinates": [ [ [ 80.256044556857802, 12.963474667624864 ], [ 80.256044556857802, 12.967966223499818 ], [ 80.251433923950941, 12.967966223499818 ], [ 80.251433923950941, 12.963474667624864 ], [ 80.256044556857802, 12.963474667624864 ] ] ] } },
{ "type": "Feature", "properties": { "cell_id": 155, "lon": 80.258349873311232, "lat": 12.965720445562342 }, "geometry": { "type": "Polygon", "coordinates": [ [ [ 80.260655189764663, 12.963474667624864 ], [ 80.260655189764663, 12.967966223499818 ], [ 80.256044556857802, 12.967966223499818 ], [ 80.256044556857802, 12.963474667624864 ], [ 80.260655189764663, 12.963474667624864 ] ] ] } },
{ "type": "Feature", "properties": { "cell_id": 156, "lon": 80.262960506218093, "lat": 12.965720445562342 }, "geometry": { "type": "Polygon", "coordinates": [ [ [ 80.265265822671523, 12.963474667624864 ], [ 80.265265822671523, 12.967966223499818 ], [ 80.260655189764663, 12.967966223499818 ], [ 80.260655189764663, 12.963474667624864 ], [ 80.265265822671523, 12.963474667624864 ] ] ] } },
{ "type": "Feature", "properties": { "cell_id": 157, "lon": 80.267571139124954, "lat": 12.965720445562342 }, "geometry": { "type": "Polygon", "coordinates": [ [ [ 80.269876455578384, 12.963474667624864 ], [ 80.269876455578384, 12.967966223499818 ], [ 80.265265822671523, 12.967966223499818 ], [ 80.265265822671523, 12.963474667624864 ], [ 80.269876455578384, 12.963474667624864 ] ] ] } },
{ "type": "Feature", "properties": { "cell_id": 158, "lon": 80.272181772031814, "lat": 12.965720445562342 }, "geometry": { "type": "Polygon", "coordinates": [ [ [ 80.274487088485245, 12.963474667624864 ], [ 80.274487088485245, 12.967966223499818 ], [ 80.269876455578384, 12.967966223499818 ], [ 80.269876455578384, 12.963474667624864 ], [ 80.274487088485245, 12.963474667624864 ] ] ] } },
{ "type": "Feature", "properties": { "cell_id": 159, "lon": 80.276792404938675, "lat": 12.965720445562342 }, "geometry": { "type": "Polygon", "coordinates": [ [ [ 80.279097721392105, 12.963474667624864 ], [ 80.279097721392105, 12.967966223499818 ], [ 80.274487088485245, 12.967966223499818 ], [ 80.274487088485245, 12.963474667624864 ], [ 80.279097721392105, 12.963474667624864 ] ] ] } },
{ "type": "Feature", "properties": { "cell_id": 160, "lon": 80.281403037845536, "lat": 12.965720445562342 }, "geometry": { "type": "Polygon", "coordinates": [ [ [ 80.283708354298966, 12.963474667624864 ], [ 80.283708354298966, 12.967966223499818 ], [ 80.279097721392105, 12.967966223499818 ], [ 80.279097721392105, 12.963474667624864 ], [ 80.283708354298966, 12.963474667624864 ] ] ] } },
{ "type": "Feature", "properties": { "cell_id": 161, "lon": 80.286013670752396, "lat": 12.965720445562342 }, "geometry": { "type": "Polygon", "coordinates": [ [ [ 80.288318987205827, 12.963474667624864 ], [ 80.288318987205827, 12.967966223499818 ], [ 80.283708354298966, 12.967966223499818 ], [ 80.283708354298966, 12.963474667624864 ], [ 80.288318987205827, 12.963474667624864 ] ] ] } },
{ "type": "Feature", "properties": { "cell_id": 162, "lon": 80.290624303659257, "lat": 12.965720445562342 }, "geometry": { "type": "Polygon", "coordinates": [ [ [ 80.292929620112687, 12.963474667624864 ], [ 80.292929620112687, 12.967966223499818 ], [ 80.288318987205827, 12.967966223499818 ], [ 80.288318987205827, 12.963474667624864 ], [ 80.292929620112687, 12.963474667624864 ] ] ] } },
{ "type": "Feature", "properties": { "cell_id": 163, "lon": 80.295234936566118, "lat": 12.965720445562342 }, "geometry": { "type": "Polygon", "coordinates": [ [ [ 80.297540253019548, 12.963474667624864 ], [ 80.297540253019548, 12.967966223499818 ], [ 80.292929620112687, 12.967966223499818 ], [ 80.292929620112687, 12.963474667624864 ], [ 80.297540253019548, 12.963474667624864 ] ] ] } },
{ "type": "Feature", "properties": { "cell_id": 164, "lon": 80.299845569472978, "lat": 12.965720445562342 }, "geometry": { "type": "Polygon", "coordinates": [ [ [ 80.302150885926409, 12.963474667624864 ], [ 80.302150885926409, 12.967966223499818 ], [ 80.297540253019548, 12.967966223499818 ], [ 80.297540253019548, 12.963474667624864 ], [ 80.302150885926409, 12.963474667624864 ] ] ] } },
{ "type": "Feature", "properties": { "cell_id": 176, "lon": 80.152305316453436, "lat": 12.970212001437297 }, "geometry": { "type": "Polygon", "coordinates": [ [ [ 80.154610632906866, 12.967966223499818 ], [ 80.154610632906866, 12.972457779374773 ], [ 80.15, 12.972457779374773 ], [ 80.15, 12.967966223499818 ], [ 80.154610632906866, 12.967966223499818 ] ] ] } },
{ "type": "Feature", "properties": { "cell_id": 177, "lon": 80.156915949360297, "lat": 12.970212001437297 }, "geometry": { "type": "Polygon", "coordinates": [ [ [ 80.159221265813727, 12.967966223499818 ], [ 80.159221265813727, 12.972457779374773 ], [ 80.154610632906866, 12.972457779374773 ], [ 80.154610632906866, 12.967966223499818 ], [ 80.159221265813727, 12.967966223499818 ] ] ] } },
{ "type": "Feature", "properties": { "cell_id": 178, "lon": 80.161526582267157, "lat": 12.970212001437297 }, "geometry": { "type": "Polygon", "coordinates": [ [ [ 80.163831898720588, 12.967966223499818 ], [ 80.163831898720588, 12.972457779374773 ], [ 80.159221265813727, 12.972457779374773 ], [ 80.159221265813727, 12.967966223499818 ], [ 80.163831898720588, 12.967966223499818 ] ] ] } },
{ "type": "Feature", "properties": { "cell_id": 179, "lon": 80.166137215174018, "lat": 12.970212001437297 }, "geometry": { "type": "Polygon", "coordinates": [ [ [ 80.168442531627448, 12.967966223499818 ], [ 80.168442531627448, 12.972457779374773 ], [ 80.163831898720588, 12.972457779374773 ], [ 80.163831898720588, 12.967966223499818 ], [ 80.168442531627448, 12.967966223499818 ] ] ] } },
{ "type": "Feature", "properties": { "cell_id": 180, "lon": 80.170747848080879, "lat": 12.970212001437297 }, "geometry": { "type": "Polygon", "coordinates": [ [ [ 80.173053164534309, 12.967966223499818 ], [ 80.173053164534309, 12.972457779374773 ], [ 80.168442531627448, 12.972457779374773 ], [ 80.168442531627448, 12.967966223499818 ], [ 80.173053164534309, 12.967966223499818 ] ] ] } },
{ "type": "Feature", "properties": { "cell_id": 181, "lon": 80.17535848098774, "lat": 12.970212001437297 }, "geometry": { "type": "Polygon", "coordinates": [ [ [ 80.17766379744117, 12.967966223499818 ], [ 80.17766379744117, 12.972457779374773 ], [ 80.173053164534309, 12.972457779374773 ], [ 80.173053164534309, 12.967966223499818 ], [ 80.17766379744117, 12.967966223499818 ] ] ] } },
{ "type": "Feature", "properties": { "cell_id": 182, "lon": 80.1799691138946, "lat": 12.970212001437297 }, "geometry": { "type": "Polygon", "coordinates": [ [ [ 80.182274430348031, 12.967966223499818 ], [ 80.182274430348031, 12.972457779374773 ], [ 80.17766379744117, 12.972457779374773 ], [ 80.17766379744117, 12.967966223499818 ], [ 80.182274430348031, 12.967966223499818 ] ] ] } },
{ "type": "Feature", "properties": { "cell_id": 183, "lon": 80.184579746801461, "lat": 12.970212001437297 }, "geometry": { "type": "Polygon", "coordinates": [ [ [ 80.186885063254891, 12.967966223499818 ], [ 80.186885063254891, 12.972457779374773 ], [ 80.182274430348031, 12.972457779374773 ], [ 80.182274430348031, 12.967966223499818 ], [ 80.186885063254891, 12.967966223499818 ] ] ] } },
{ "type": "Feature", "properties": { "cell_id": 184, "lon": 80.189190379708322, "lat": 12.970212001437297 }, "geometry": { "type": "Polygon", "coordinates": [ [ [ 80.191495696161752, 12.967966223499818 ], [ 80.191495696161752, 12.972457779374773 ], [ 80.186885063254891, 12.972457779374773 ], [ 80.186885063254891, 12.967966223499818 ], [ 80.191495696161752, 12.967966223499818 ] ] ] } },
{ "type": "Feature", "properties": { "cell_id": 185, "lon": 80.193801012615182, "lat": 12.970212001437297 }, "geometry": { "type": "Polygon", "coordinates": [ [ [ 80.196106329068613, 12.967966223499818 ], [ 80.196106329068613, 12.972457779374773 ], [ 80.191495696161752, 12.972457779374773 ], [ 80.191495696161752, 12.967966223499818 ], [ 80.196106329068613, 12.967966223499818 ] ] ] } },
{ "type": "Feature", "properties": { "cell_id": 186, "lon": 80.198411645522043, "lat": 12.970212001437297 }, "geometry": { "type": "Polygon", "coordinates": [ [ [ 80.200716961975473, 12.967966223499818 ], [ 80.200716961975473, 12.972457779374773 ], [ 80.196106329068613, 12.972457779374773 ], [ 80.196106329068613, 12.967966223499818 ], [ 80.200716961975473, 12.967966223499818 ] ] ] } },
{ "type": "Feature", "properties": { "cell_id": 187, "lon": 80.203022278428904, "lat": 12.970212001437297 }, "geometry": { "type": "Polygon", "coordinates": [ [ [ 80.205327594882334, 12.967966223499818 ], [ 80.205327594882334, 12.972457779374773 ], [ 80.200716961975473, 12.972457779374773 ], [ 80.200716961975473, 12.967966223499818 ], [ 80.205327594882334, 12.967966223499818 ] ] ] } },
{ "type": "Feature", "properties": { "cell_id": 188, "lon": 80.207632911335764, "lat": 12.970212001437297 }, "geometry": { "type": "Polygon", "coordinates": [ [ [ 80.209938227789195, 12.967966223499818 ], [ 80.209938227789195, 12.972457779374773 ], [ 80.205327594882334, 12.972457779374773 ], [ 80.205327594882334, 12.967966223499818 ], [ 80.209938227789195, 12.967966223499818 ] ] ] } },
{ "type": "Feature", "properties": { "cell_id": 189, "lon": 80.212243544242625, "lat": 12.970212001437297 }, "geometry": { "type": "Polygon", "coordinates": [ [ [ 80.214548860696055, 12.967966223499818 ], [ 80.214548860696055, 12.972457779374773 ], [ 80.209938227789195, 12.972457779374773 ], [ 80.209938227789195, 12.967966223499818 ], [ 80.214548860696055, 12.967966223499818 ] ] ] } },
{ "type": "Feature", "properties": { "cell_id": 190, "lon": 80.216854177149486, "lat": 12.970212001437297 }, "geometry": { "type": "Polygon", "coordinates": [ [ [ 80.219159493602916, 12.967966223499818 ], [ 80.219159493602916, 12.972457779374773 ], [ 80.214548860696055, 12.972457779374773 ], [ 80.214548860696055, 12.967966223499818 ], [ 80.219159493602916, 12.967966223499818 ] ] ] } },
{ "type": "Feature", "properties": { "cell_id": 191, "lon": 80.221464810056347, "lat": 12.970212001437297 }, "geometry": { "type": "Polygon", "coordinates": [ [ [ 80.223770126509777, 12.967966223499818 ], [ 80.223770126509777, 12.972457779374773 ], [ 80.219159493602916, 12.972457779374773 ], [ 80.219159493602916, 12.967966223499818 ], [ 80.223770126509777, 12.967966223499818 ] ] ] } },
{ "type": "Feature", "properties": { "cell_id": 192, "lon": 80.226075442963207, "lat": 12.970212001437297 }, "geometry": { "type": "Polygon", "coordinates": [ [ [ 80.228380759416638, 12.967966223499818 ], [ 80.228380759416638, 12.972457779374773 ], [ 80.223770126509777, 12.972457779374773 ], [ 80.223770126509777, 12.967966223499818 ], [ 80.228380759416638, 12.967966223499818 ] ] ] } },
{ "type": "Feature", "properties": { "cell_id": 193, "lon": 80.230686075870068, "lat": 12.970212001437297 }, "geometry": { "type": "Polygon", "coordinates": [ [ [ 80.232991392323498, 12.967966223499818 ], [ 80.232991392323498, 12.972457779374773 ], [ 80.228380759416638, 12.972457779374773 ], [ 80.228380759416638, 12.967966223499818 ], [ 80.232991392323498, 12.967966223499818 ] ] ] } },
{ "type": "Feature", "properties": { "cell_id": 194, "lon": 80.235296708776929, "lat": 12.970212001437297 }, "geometry": { "type": "Polygon", "coordinates": [ [ [ 80.237602025230359, 12.967966223499818 ], [ 80.237602025230359, 12.972457779374773 ], [ 80.232991392323498, 12.972457779374773 ], [ 80.232991392323498, 12.967966223499818 ], [ 80.237602025230359, 12.967966223499818 ] ] ] } },
{ "type": "Feature", "properties": { "cell_id": 195, "lon": 80.239907341683789, "lat": 12.970212001437297 }, "geometry": { "type": "Polygon", "coordinates": [ [ [ 80.24221265813722, 12.967966223499818 ], [ 80.24221265813722, 12.972457779374773 ], [ 80.237602025230359, 12.972457779374773 ], [ 80.237602025230359, 12.967966223499818 ], [ 80.24221265813722, 12.967966223499818 ] ] ] } },
{ "type": "Feature", "properties": { "cell_id": 196, "lon": 80.24451797459065, "lat": 12.970212001437297 }, "geometry": { "type": "Polygon", "coordinates": [ [ [ 80.24682329104408, 12.967966223499818 ], [ 80.24682329104408, 12.972457779374773 ], [ 80.24221265813722, 12.972457779374773 ], [ 80.24221265813722, 12.967966223499818 ], [ 80.24682329104408, 12.967966223499818 ] ] ] } },
{ "type": "Feature", "properties": { "cell_id": 197, "lon": 80.249128607497511, "lat": 12.970212001437297 }, "geometry": { "type": "Polygon", "coordinates": [ [ [ 80.251433923950941, 12.967966223499818 ], [ 80.251433923950941, 12.972457779374773 ], [ 80.24682329104408, 12.972457779374773 ], [ 80.24682329104408, 12.967966223499818 ], [ 80.251433923950941, 12.967966223499818 ] ] ] } },
{ "type": "Feature", "properties": { "cell_id": 198, "lon": 80.253739240404371, "lat": 12.970212001437297 }, "geometry": { "type": "Polygon", "coordinates": [ [ [ 80.256044556857802, 12.967966223499818 ], [ 80.256044556857802, 12.972457779374773 ], [ 80.251433923950941, 12.972457779374773 ], [ 80.251433923950941, 12.967966223499818 ], [ 80.256044556857802, 12.967966223499818 ] ] ] } },
{ "type": "Feature", "properties": { "cell_id": 199, "lon": 80.258349873311232, "lat": 12.970212001437297 }, "geometry": { "type": "Polygon", "coordinates": [ [ [ 80.260655189764663, 12.967966223499818 ], [ 80.260655189764663, 12.972457779374773 ], [ 80.256044556857802, 12.972457779374773 ], [ 80.256044556857802, 12.967966223499818 ], [ 80.260655189764663, 12.967966223499818 ] ] ] } },
{ "type": "Feature", "properties": { "cell_id": 200, "lon": 80.262960506218093, "lat": 12.970212001437297 }, "geometry": { "type": "Polygon", "coordinates": [ [ [ 80.265265822671523, 12.967966223499818 ], [ 80.265265822671523, 12.972457779374773 ], [ 80.260655189764663, 12.972457779374773 ], [ 80.260655189764663, 12.967966223499818 ], [ 80.265265822671523, 12.967966223499818 ] ] ] } },
{ "type": "Feature", "properties": { "cell_id": 201, "lon": 80.267571139124954, "lat": 12.970212001437297 }, "geometry": { "type": "Polygon", "coordinates": [ [ [ 80.269876455578384, 12.967966223499818 ], [ 80.269876455578384, 12.972457779374773 ], [ 80.265265822671523, 12.972457779374773 ], [ 80.265265822671523, 12.967966223499818 ], [ 80.269876455578384, 12.967966223499818 ] ] ] } },
{ "type": "Feature", "properties": { "cell_id": 202, "lon": 80.272181772031814, "lat": 12.970212001437297 }, "geometry": { "type": "Polygon", "coordinates": [ [ [ 80.274487088485245, 12.967966223499818 ], [ 80.274487088485245, 12.972457779374773 ], [ 80.269876455578384, 12.972457779374773 ], [ 80.269876455578384, 12.967966223499818 ], [ 80.274487088485245, 12.967966223499818 ] ] ] } },
{ "type": "Feature", "properties": { "cell_id": 203, "lon": 80.276792404938675, "lat": 12.970212001437297 }, "geometry": { "type": "Polygon", "coordinates": [ [ [ 80.279097721392105, 12.967966223499818 ], [ 80.279097721392105, 12.972457779374773 ], [ 80.274487088485245, 12.972457779374773 ], [ 80.274487088485245, 12.967966223499818 ], [ 80.279097721392105, 12.967966223499818 ] ] ] } },
{ "type": "Feature", "properties": { "cell_id": 204, "lon": 80.281403037845536, "lat": 12.970212001437297 }, "geometry": { "type": "Polygon", "coordinates": [ [ [ 80.283708354298966, 12.967966223499818 ], [ 80.283708354298966, 12.972457779374773 ], [ 80.279097721392105, 12.972457779374773 ], [ 80.279097721392105, 12.967966223499818 ], [ 80.283708354298966, 12.967966223499818 ] ] ] } },
{ "type": "Feature", "properties": { "cell_id": 205, "lon": 80.286013670752396, "lat": 12.970212001437297 }, "geometry": { "type": "Polygon", "coordinates": [ [ [ 80.288318987205827, 12.967966223499818 ], [ 80.288318987205827, 12.972457779374773 ], [ 80.283708354298966, 12.972457779374773 ], [ 80.283708354298966, 12.967966223499818 ], [ 80.288318987205827, 12.967966223499818 ] ] ] } },
{ "type": "Feature", "properties": { "cell_id": 206, "lon": 80.290624303659257, "lat": 12.970212001437297 }, "geometry": { "type": "Polygon", "coordinates": [ [ [ 80.292929620112687, 12.967966223499818 ], [ 80.292929620112687, 12.972457779374773 ], [ 80.288318987205827, 12.972457779374773 ], [ 80.288318987205827, 12.967966223499818 ], [ 80.292929620112687, 12.967966223499818 ] ] ] } },
{ "type": "Feature", "properties": { "cell_id": 207, "lon": 80.295234936566118, "lat": 12.970212001437297 }, "geometry": { "type": "Polygon", "coordinates": [ [ [ 80.297540253019548, 12.967966223499818 ], [ 80.297540253019548, 12.972457779374773 ], [ 80.292929620112687, 12.972457779374773 ], [ 80.292929620112687, 12.967966223499818 ], [ 80.297540253019548, 12.967966223499818 ] ] ] } },
{ "type": "Feature", "properties": { "cell_id": 208, "lon": 80.299845569472978, "lat": 12.970212001437297 }, "geometry": { "type": "Polygon", "coordinates": [ [ [ 80.302150885926409, 12.967966223499818 ], [ 80.302150885926409, 12.972457779374773 ], [ 80.297540253019548, 12.972457779374773 ], [ 80.297540253019548, 12.967966223499818 ], [ 80.302150885926409, 12.967966223499818 ] ] ] } },
{ "type": "Feature", "properties": { "cell_id": 220, "lon": 80.152305316453436, "lat": 12.974703557312251 }, "geometry": { "type": "Polygon", "coordinates": [ [ [ 80.154610632906866, 12.972457779374773 ], [ 80.154610632906866, 12.976949335249728 ], [ 80.15, 12.976949335249728 ], [ 80.15, 12.972457779374773 ], [ 80.154610632906866, 12.972457779374773 ] ] ] } },
{ "type": "Feature", "properties": { "cell_id": 221, "lon": 80.156915949360297, "lat": 12.974703557312251 }, "geometry": { "type": "Polygon", "coordinates": [ [ [ 80.159221265813727, 12.972457779374773 ], [ 80.159221265813727, 12.976949335249728 ], [ 80.154610632906866, 12.976949335249728 ], [ 80.154610632906866, 12.972457779374773 ], [ 80.159221265813727, 12.972457779374773 ] ] ] } },
{ "type": "Feature", "properties": { "cell_id": 222, "lon": 80.161526582267157, "lat": 12.974703557312251 }, "geometry": { "type": "Polygon", "coordinates": [ [ [ 80.163831898720588, 12.972457779374773 ], [ 80.163831898720588, 12.976949335249728 ], [ 80.159221265813727, 12.976949335249728 ], [ 80.159221265813727, 12.972457779374773 ], [ 80.163831898720588, 12.972457779374773 ] ] ] } },
{ "type": "Feature", "properties": { "cell_id": 223, "lon": 80.166137215174018, "lat": 12.974703557312251 }, "geometry": { "type": "Polygon", "coordinates": [ [ [ 80.168442531627448, 12.972457779374773 ], [ 80.168442531627448, 12.976949335249728 ], [ 80.163831898720588, 12.976949335249728 ], [ 80.163831898720588, 12.972457779374773 ], [ 80.168442531627448, 12.972457779374773 ] ] ] } },
{ "type": "Feature", "properties": { "cell_id": 224, "lon": 80.170747848080879, "lat": 12.974703557312251 }, "geometry": { "type": "Polygon", "coordinates": [ [ [ 80.173053164534309, 12.972457779374773 ], [ 80.173053164534309, 12.976949335249728 ], [ 80.168442531627448, 12.976949335249728 ], [ 80.168442531627448, 12.972457779374773 ], [ 80.173053164534309, 12.972457779374773 ] ] ] } },
{ "type": "Feature", "properties": { "cell_id": 225, "lon": 80.17535848098774, "lat": 12.974703557312251 }, "geometry": { "type": "Polygon", "coordinates": [ [ [ 80.17766379744117, 12.972457779374773 ], [ 80.17766379744117, 12.976949335249728 ], [ 80.173053164534309, 12.976949335249728 ], [ 80.173053164534309, 12.972457779374773 ], [ 80.17766379744117, 12.972457779374773 ] ] ] } },
{ "type": "Feature", "properties": { "cell_id": 226, "lon": 80.1799691138946, "lat": 12.974703557312251 }, "geometry": { "type": "Polygon", "coordinates": [ [ [ 80.182274430348031, 12.972457779374773 ], [ 80.182274430348031, 12.976949335249728 ], [ 80.17766379744117, 12.976949335249728 ], [ 80.17766379744117, 12.972457779374773 ], [ 80.182274430348031, 12.972457779374773 ] ] ] } },
{ "type": "Feature", "properties": { "cell_id": 227, "lon": 80.184579746801461, "lat": 12.974703557312251 }, "geometry": { "type": "Polygon", "coordinates": [ [ [ 80.186885063254891, 12.972457779374773 ], [ 80.186885063254891, 12.976949335249728 ], [ 80.182274430348031, 12.976949335249728 ], [ 80.182274430348031, 12.972457779374773 ], [ 80.186885063254891, 12.972457779374773 ] ] ] } },
{ "type": "Feature", "properties": { "cell_id": 228, "lon": 80.189190379708322, "lat": 12.974703557312251 }, "geometry": { "type": "Polygon", "coordinates": [ [ [ 80.191495696161752, 12.972457779374773 ], [ 80.191495696161752, 12.976949335249728 ], [ 80.186885063254891, 12.976949335249728 ], [ 80.186885063254891, 12.972457779374773 ], [ 80.191495696161752, 12.972457779374773 ] ] ] } },
{ "type": "Feature", "properties": { "cell_id": 229, "lon": 80.193801012615182, "lat": 12.974703557312251 }, "geometry": { "type": "Polygon", "coordinates": [ [ [ 80.196106329068613, 12.972457779374773 ], [ 80.196106329068613, 12.976949335249728 ], [ 80.191495696161752, 12.976949335249728 ], [ 80.191495696161752, 12.972457779374773 ], [ 80.196106329068613, 12.972457779374773 ] ] ] } },
{ "type": "Feature", "properties": { "cell_id": 230, "lon": 80.198411645522043, "lat": 12.974703557312251 }, "geometry": { "type": "Polygon", "coordinates": [ [ [ 80.200716961975473, 12.972457779374773 ], [ 80.200716961975473, 12.976949335249728 ], [ 80.196106329068613, 12.976949335249728 ], [ 80.196106329068613, 12.972457779374773 ], [ 80.200716961975473, 12.972457779374773 ] ] ] } },
{ "type": "Feature", "properties": { "cell_id": 231, "lon": 80.203022278428904, "lat": 12.974703557312251 }, "geometry": { "type": "Polygon", "coordinates": [ [ [ 80.205327594882334, 12.972457779374773 ], [ 80.205327594882334, 12.976949335249728 ], [ 80.200716961975473, 12.976949335249728 ], [ 80.200716961975473, 12.972457779374773 ], [ 80.205327594882334, 12.972457779374773 ] ] ] } },
{ "type": "Feature", "properties": { "cell_id": 232, "lon": 80.207632911335764, "lat": 12.974703557312251 }, "geometry": { "type": "Polygon", "coordinates": [ [ [ 80.209938227789195, 12.972457779374773 ], [ 80.209938227789195, 12.976949335249728 ], [ 80.205327594882334, 12.976949335249728 ], [ 80.205327594882334, 12.972457779374773 ], [ 80.209938227789195, 12.972457779374773 ] ] ] } },
{ "type": "Feature", "properties": { "cell_id": 233, "lon": 80.212243544242625, "lat": 12.974703557312251 }, "geometry": { "type": "Polygon", "coordinates": [ [ [ 80.214548860696055, 12.972457779374773 ], [ 80.214548860696055, 12.976949335249728 ], [ 80.209938227789195, 12.976949335249728 ], [ 80.209938227789195, 12.972457779374773 ], [ 80.214548860696055, 12.972457779374773 ] ] ] } },
{ "type": "Feature", "properties": { "cell_id": 234, "lon": 80.216854177149486, "lat": 12.974703557312251 }, "geometry": { "type": "Polygon", "coordinates": [ [ [ 80.219159493602916, 12.972457779374773 ], [ 80.219159493602916, 12.976949335249728 ], [ 80.214548860696055, 12.976949335249728 ], [ 80.214548860696055, 12.972457779374773 ], [ 80.219159493602916, 12.972457779374773 ] ] ] } },
{ "type": "Feature", "properties": { "cell_id": 235, "lon": 80.221464810056347, "lat": 12.974703557312251 }, "geometry": { "type": "Polygon", "coordinates": [ [ [ 80.223770126509777, 12.972457779374773 ], [ 80.223770126509777, 12.976949335249728 ], [ 80.219159493602916, 12.976949335249728 ], [ 80.219159493602916, 12.972457779374773 ], [ 80.223770126509777, 12.972457779374773 ] ] ] } },
{ "type": "Feature", "properties": { "cell_id": 236, "lon": 80.226075442963207, "lat": 12.974703557312251 }, "geometry": { "type": "Polygon", "coordinates": [ [ [ 80.228380759416638, 12.972457779374773 ], [ 80.228380759416638, 12.976949335249728 ], [ 80.223770126509777, 12.976949335249728 ], [ 80.223770126509777, 12.972457779374773 ], [ 80.228380759416638, 12.972457779374773 ] ] ] } },
{ "type": "Feature", "properties": { "cell_id": 237, "lon": 80.230686075870068, "lat": 12.974703557312251 }, "geometry": { "type": "Polygon", "coordinates": [ [ [ 80.232991392323498, 12.972457779374773 ], [ 80.232991392323498, 12.976949335249728 ], [ 80.228380759416638, 12.976949335249728 ], [ 80.228380759416638, 12.972457779374773 ], [ 80.232991392323498, 12.972457779374773 ] ] ] } },
{ "type": "Feature", "properties": { "cell_id": 238, "lon": 80.235296708776929, "lat": 12.974703557312251 }, "geometry": { "type": "Polygon", "coordinates": [ [ [ 80.237602025230359, 12.972457779374773 ], [ 80.237602025230359, 12.976949335249728 ], [ 80.232991392323498, 12.976949335249728 ], [ 80.232991392323498, 12.972457779374773 ], [ 80.237602025230359, 12.972457779374773 ] ] ] } },
{ "type": "Feature", "properties": { "cell_id": 239, "lon": 80.239907341683789, "lat": 12.974703557312251 }, "geometry": { "type": "Polygon", "coordinates": [ [ [ 80.24221265813722, 12.972457779374773 ], [ 80.24221265813722, 12.976949335249728 ], [ 80.237602025230359, 12.976949335249728 ], [ 80.237602025230359, 12.972457779374773 ], [ 80.24221265813722, 12.972457779374773 ] ] ] } },
{ "type": "Feature", "properties": { "cell_id": 240, "lon": 80.24451797459065, "lat": 12.974703557312251 }, "geometry": { "type": "Polygon", "coordinates": [ [ [ 80.24682329104408, 12.972457779374773 ], [ 80.24682329104408, 12.976949335249728 ], [ 80.24221265813722, 12.976949335249728 ], [ 80.24221265813722, 12.972457779374773 ], [ 80.24682329104408, 12.972457779374773 ] ] ] } },
{ "type": "Feature", "properties": { "cell_id": 241, "lon": 80.249128607497511, "lat": 12.974703557312251 }, "geometry": { "type": "Polygon", "coordinates": [ [ [ 80.251433923950941, 12.972457779374773 ], [ 80.251433923950941, 12.976949335249728 ], [ 80.24682329104408, 12.976949335249728 ], [ 80.24682329104408, 12.972457779374773 ], [ 80.251433923950941, 12.972457779374773 ] ] ] } },
{ "type": "Feature", "properties": { "cell_id": 242, "lon": 80.253739240404371, "lat": 12.974703557312251 }, "geometry": { "type": "Polygon", "coordinates": [ [ [ 80.256044556857802, 12.972457779374773 ], [ 80.256044556857802, 12.976949335249728 ], [ 80.251433923950941, 12.976949335249728 ], [ 80.251433923950941, 12.972457779374773 ], [ 80.256044556857802, 12.972457779374773 ] ] ] } },
{ "type": "Feature", "properties": { "cell_id": 243, "lon": 80.258349873311232, "lat": 12.974703557312251 }, "geometry": { "type": "Polygon", "coordinates": [ [ [ 80.260655189764663, 12.972457779374773 ], [ 80.260655189764663, 12.976949335249728 ], [ 80.256044556857802, 12.976949335249728 ], [ 80.256044556857802, 12.972457779374773 ], [ 80.260655189764663, 12.972457779374773 ] ] ] } },
{ "type": "Feature", "properties": { "cell_id": 244, "lon": 80.262960506218093, "lat": 12.974703557312251 }, "geometry": { "type": "Polygon", "coordinates": [ [ [ 80.265265822671523, 12.972457779374773 ], [ 80.265265822671523, 12.976949335249728 ], [ 80.260655189764663, 12.976949335249728 ], [ 80.260655189764663, 12.972457779374773 ], [ 80.265265822671523, 12.972457779374773 ] ] ] } },
{ "type": "Feature", "properties": { "cell_id": 245, "lon": 80.267571139124954, "lat": 12.974703557312251 }, "geometry": { "type": "Polygon", "coordinates": [ [ [ 80.269876455578384, 12.972457779374773 ], [ 80.269876455578384, 12.976949335249728 ], [ 80.265265822671523, 12.976949335249728 ], [ 80.265265822671523, 12.972457779374773 ], [ 80.269876455578384, 12.972457779374773 ] ] ] } },
{ "type": "Feature", "properties": { "cell_id": 246, "lon": 80.272181772031814, "lat": 12.974703557312251 }, "geometry": { "type": "Polygon", "coordinates": [ [ [ 80.274487088485245, 12.972457779374773 ], [ 80.274487088485245, 12.976949335249728 ], [ 80.269876455578384, 12.976949335249728 ], [ 80.269876455578384, 12.972457779374773 ], [ 80.274487088485245, 12.972457779374773 ] ] ] } },
{ "type": "Feature", "properties": { "cell_id": 247, "lon": 80.276792404938675, "lat": 12.974703557312251 }, "geometry": { "type": "Polygon", "coordinates": [ [ [ 80.279097721392105, 12.972457779374773 ], [ 80.279097721392105, 12.976949335249728 ], [ 80.274487088485245, 12.976949335249728 ], [ 80.274487088485245, 12.972457779374773 ], [ 80.279097721392105, 12.972457779374773 ] ] ] } },
{ "type": "Feature", "properties": { "cell_id": 248, "lon": 80.281403037845536, "lat": 12.974703557312251 }, "geometry": { "type": "Polygon", "coordinates": [ [ [ 80.283708354298966, 12.972457779374773 ], [ 80.283708354298966, 12.976949335249728 ], [ 80.279097721392105, 12.976949335249728 ], [ 80.279097721392105, 12.972457779374773 ], [ 80.283708354298966, 12.972457779374773 ] ] ] } },
{ "type": "Feature", "properties": { "cell_id": 249, "lon": 80.286013670752396, "lat": 12.974703557312251 }, "geometry": { "type": "Polygon", "coordinates": [ [ [ 80.288318987205827, 12.972457779374773 ], [ 80.288318987205827, 12.976949335249728 ], [ 80.283708354298966, 12.976949335249728 ], [ 80.283708354298966, 12.972457779374773 ], [ 80.288318987205827, 12.972457779374773 ] ] ] } },
{ "type": "Feature", "properties": { "cell_id": 250, "lon": 80.290624303659257, "lat": 12.974703557312251 }, "geometry": { "type": "Polygon", "coordinates": [ [ [ 80.292929620112687, 12.972457779374773 ], [ 80.292929620112687, 12.976949335249728 ], [ 80.288318987205827, 12.976949335249728 ], [ 80.288318987205827, 12.972457779374773 ], [ 80.292929620112687, 12.972457779374773 ] ] ] } },
{ "type": "Feature", "properties": { "cell_id": 251, "lon": 80.295234936566118, "lat": 12.974703557312251 }, "geometry": { "type": "Polygon", "coordinates": [ [ [ 80.297540253019548, 12.972457779374773 ], [ 80.297540253019548, 12.976949335249728 ], [ 80.292929620112687, 12.976949335249728 ], [ 80.292929620112687, 12.972457779374773 ], [ 80.297540253019548, 12.972457779374773 ] ] ] } },
{ "type": "Feature", "properties": { "cell_id": 252, "lon": 80.299845569472978, "lat": 12.974703557312251 }, "geometry": { "type": "Polygon", "coordinates": [ [ [ 80.302150885926409, 12.972457779374773 ], [ 80.302150885926409, 12.976949335249728 ], [ 80.297540253019548, 12.976949335249728 ], [ 80.297540253019548, 12.972457779374773 ], [ 80.302150885926409, 12.972457779374773 ] ] ] } },
{ "type": "Feature", "properties": { "cell_id": 264, "lon": 80.152305316453436, "lat": 12.979195113187206 }, "geometry": { "type": "Polygon", "coordinates": [ [ [ 80.154610632906866, 12.976949335249728 ], [ 80.154610632906866, 12.981440891124683 ], [ 80.15, 12.981440891124683 ], [ 80.15, 12.976949335249728 ], [ 80.154610632906866, 12.976949335249728 ] ] ] } },
{ "type": "Feature", "properties": { "cell_id": 265, "lon": 80.156915949360297, "lat": 12.979195113187206 }, "geometry": { "type": "Polygon", "coordinates": [ [ [ 80.159221265813727, 12.976949335249728 ], [ 80.159221265813727, 12.981440891124683 ], [ 80.154610632906866, 12.981440891124683 ], [ 80.154610632906866, 12.976949335249728 ], [ 80.159221265813727, 12.976949335249728 ] ] ] } },
{ "type": "Feature", "properties": { "cell_id": 266, "lon": 80.161526582267157, "lat": 12.979195113187206 }, "geometry": { "type": "Polygon", "coordinates": [ [ [ 80.163831898720588, 12.976949335249728 ], [ 80.163831898720588, 12.981440891124683 ], [ 80.159221265813727, 12.981440891124683 ], [ 80.159221265813727, 12.976949335249728 ], [ 80.163831898720588, 12.976949335249728 ] ] ] } },
{ "type": "Feature", "properties": { "cell_id": 267, "lon": 80.166137215174018, "lat": 12.979195113187206 }, "geometry": { "type": "Polygon", "coordinates": [ [ [ 80.168442531627448, 12.976949335249728 ], [ 80.168442531627448, 12.981440891124683 ], [ 80.163831898720588, 12.981440891124683 ], [ 80.163831898720588, 12.976949335249728 ], [ 80.168442531627448, 12.976949335249728 ] ] ] } },
{ "type": "Feature", "properties": { "cell_id": 268, "lon": 80.170747848080879, "lat": 12.979195113187206 }, "geometry": { "type": "Polygon", "coordinates": [ [ [ 80.173053164534309, 12.976949335249728 ], [ 80.173053164534309, 12.981440891124683 ], [ 80.168442531627448, 12.981440891124683 ], [ 80.168442531627448, 12.976949335249728 ], [ 80.173053164534309, 12.976949335249728 ] ] ] } },
{ "type": "Feature", "properties": { "cell_id": 269, "lon": 80.17535848098774, "lat": 12.979195113187206 }, "geometry": { "type": "Polygon", "coordinates": [ [ [ 80.17766379744117, 12.976949335249728 ], [ 80.17766379744117, 12.981440891124683 ], [ 80.173053164534309, 12.981440891124683 ], [ 80.173053164534309, 12.976949335249728 ], [ 80.17766379744117, 12.976949335249728 ] ] ] } },
{ "type": "Feature", "properties": { "cell_id": 270, "lon": 80.1799691138946, "lat": 12.979195113187206 }, "geometry": { "type": "Polygon", "coordinates": [ [ [ 80.182274430348031, 12.976949335249728 ], [ 80.182274430348031, 12.981440891124683 ], [ 80.17766379744117, 12.981440891124683 ], [ 80.17766379744117, 12.976949335249728 ], [ 80.182274430348031, 12.976949335249728 ] ] ] } },
{ "type": "Feature", "properties": { "cell_id": 271, "lon": 80.184579746801461, "lat": 12.979195113187206 }, "geometry": { "type": "Polygon", "coordinates": [ [ [ 80.186885063254891, 12.976949335249728 ], [ 80.186885063254891, 12.981440891124683 ], [ 80.182274430348031, 12.981440891124683 ], [ 80.182274430348031, 12.976949335249728 ], [ 80.186885063254891, 12.976949335249728 ] ] ] } },
{ "type": "Feature", "properties": { "cell_id": 272, "lon": 80.189190379708322, "lat": 12.979195113187206 }, "geometry": { "type": "Polygon", "coordinates": [ [ [ 80.191495696161752, 12.976949335249728 ], [ 80.191495696161752, 12.981440891124683 ], [ 80.186885063254891, 12.981440891124683 ], [ 80.186885063254891, 12.976949335249728 ], [ 80.191495696161752, 12.976949335249728 ] ] ] } },
{ "type": "Feature", "properties": { "cell_id": 273, "lon": 80.193801012615182, "lat": 12.979195113187206 }, "geometry": { "type": "Polygon", "coordinates": [ [ [ 80.196106329068613, 12.976949335249728 ], [ 80.196106329068613, 12.981440891124683 ], [ 80.191495696161752, 12.981440891124683 ], [ 80.191495696161752, 12.976949335249728 ], [ 80.196106329068613, 12.976949335249728 ] ] ] } },
{ "type": "Feature", "properties": { "cell_id": 274, "lon": 80.198411645522043, "lat": 12.979195113187206 }, "geometry": { "type": "Polygon", "coordinates": [ [ [ 80.200716961975473, 12.976949335249728 ], [ 80.200716961975473, 12.981440891124683 ], [ 80.196106329068613, 12.981440891124683 ], [ 80.196106329068613, 12.976949335249728 ], [ 80.200716961975473, 12.976949335249728 ] ] ] } },
{ "type": "Feature", "properties": { "cell_id": 275, "lon": 80.203022278428904, "lat": 12.979195113187206 }, "geometry": { "type": "Polygon", "coordinates": [ [ [ 80.205327594882334, 12.976949335249728 ], [ 80.205327594882334, 12.981440891124683 ], [ 80.200716961975473, 12.981440891124683 ], [ 80.200716961975473, 12.976949335249728 ], [ 80.205327594882334, 12.976949335249728 ] ] ] } },
{ "type": "Feature", "properties": { "cell_id": 276, "lon": 80.207632911335764, "lat": 12.979195113187206 }, "geometry": { "type": "Polygon", "coordinates": [ [ [ 80.209938227789195, 12.976949335249728 ], [ 80.209938227789195, 12.981440891124683 ], [ 80.205327594882334, 12.981440891124683 ], [ 80.205327594882334, 12.976949335249728 ], [ 80.209938227789195, 12.976949335249728 ] ] ] } },
{ "type": "Feature", "properties": { "cell_id": 277, "lon": 80.212243544242625, "lat": 12.979195113187206 }, "geometry": { "type": "Polygon", "coordinates": [ [ [ 80.214548860696055, 12.976949335249728 ], [ 80.214548860696055, 12.981440891124683 ], [ 80.209938227789195, 12.981440891124683 ], [ 80.209938227789195, 12.976949335249728 ], [ 80.214548860696055, 12.976949335249728 ] ] ] } },
{ "type": "Feature", "properties": { "cell_id": 278, "lon": 80.216854177149486, "lat": 12.979195113187206 }, "geometry": { "type": "Polygon", "coordinates": [ [ [ 80.219159493602916, 12.976949335249728 ], [ 80.219159493602916, 12.981440891124683 ], [ 80.214548860696055, 12.981440891124683 ], [ 80.214548860696055, 12.976949335249728 ], [ 80.219159493602916, 12.976949335249728 ] ] ] } },
{ "type": "Feature", "properties": { "cell_id": 279, "lon": 80.221464810056347, "lat": 12.979195113187206 }, "geometry": { "type": "Polygon", "coordinates": [ [ [ 80.223770126509777, 12.976949335249728 ], [ 80.223770126509777, 12.981440891124683 ], [ 80.219159493602916, 12.981440891124683 ], [ 80.219159493602916, 12.976949335249728 ], [ 80.223770126509777, 12.976949335249728 ] ] ] } },
{ "type": "Feature", "properties": { "cell_id": 280, "lon": 80.226075442963207, "lat": 12.979195113187206 }, "geometry": { "type": "Polygon", "coordinates": [ [ [ 80.228380759416638, 12.976949335249728 ], [ 80.228380759416638, 12.981440891124683 ], [ 80.223770126509777, 12.981440891124683 ], [ 80.223770126509777, 12.976949335249728 ], [ 80.228380759416638, 12.976949335249728 ] ] ] } },
{ "type": "Feature", "properties": { "cell_id": 281, "lon": 80.230686075870068, "lat": 12.979195113187206 }, "geometry": { "type": "Polygon", "coordinates": [ [ [ 80.232991392323498, 12.976949335249728 ], [ 80.232991392323498, 12.981440891124683 ], [ 80.228380759416638, 12.981440891124683 ], [ 80.228380759416638, 12.976949335249728 ], [ 80.232991392323498, 12.976949335249728 ] ] ] } },
{ "type": "Feature", "properties": { "cell_id": 282, "lon": 80.235296708776929, "lat": 12.979195113187206 }, "geometry": { "type": "Polygon", "coordinates": [ [ [ 80.237602025230359, 12.976949335249728 ], [ 80.237602025230359, 12.981440891124683 ], [ 80.232991392323498, 12.981440891124683 ], [ 80.232991392323498, 12.976949335249728 ], [ 80.237602025230359, 12.976949335249728 ] ] ] } },
{ "type": "Feature", "properties": { "cell_id": 283, "lon": 80.239907341683789, "lat": 12.979195113187206 }, "geometry": { "type": "Polygon", "coordinates": [ [ [ 80.24221265813722, 12.976949335249728 ], [ 80.24221265813722, 12.981440891124683 ], [ 80.237602025230359, 12.981440891124683 ], [ 80.237602025230359, 12.976949335249728 ], [ 80.24221265813722, 12.976949335249728 ] ] ] } },
{ "type": "Feature", "properties": { "cell_id": 284, "lon": 80.24451797459065, "lat": 12.979195113187206 }, "geometry": { "type": "Polygon", "coordinates": [ [ [ 80.24682329104408, 12.976949335249728 ], [ 80.24682329104408, 12.981440891124683 ], [ 80.24221265813722, 12.981440891124683 ], [ 80.24221265813722, 12.976949335249728 ], [ 80.24682329104408, 12.976949335249728 ] ] ] } },
{ "type": "Feature", "properties": { "cell_id": 285, "lon": 80.249128607497511, "lat": 12.979195113187206 }, "geometry": { "type": "Polygon", "coordinates": [ [ [ 80.251433923950941, 12.976949335249728 ], [ 80.251433923950941, 12.981440891124683 ], [ 80.24682329104408, 12.981440891124683 ], [ 80.24682329104408, 12.976949335249728 ], [ 80.251433923950941, 12.976949335249728 ] ] ] } },
{ "type": "Feature", "properties": { "cell_id": 286, "lon": 80.253739240404371, "lat": 12.979195113187206 }, "geometry": { "type": "Polygon", "coordinates": [ [ [ 80.256044556857802, 12.976949335249728 ], [ 80.256044556857802, 12.981440891124683 ], [ 80.251433923950941, 12.981440891124683 ], [ 80.251433923950941, 12.976949335249728 ], [ 80.256044556857802, 12.976949335249728 ] ] ] } },
{ "type": "Feature", "properties": { "cell_id": 287, "lon": 80.258349873311232, "lat": 12.979195113187206 }, "geometry": { "type": "Polygon", "coordinates": [ [ [ 80.260655189764663, 12.976949335249728 ], [ 80.260655189764663, 12.981440891124683 ], [ 80.256044556857802, 12.981440891124683 ], [ 80.256044556857802, 12.976949335249728 ], [ 80.260655189764663, 12.976949335249728 ] ] ] } },
{ "type": "Feature", "properties": { "cell_id": 288, "lon": 80.262960506218093, "lat": 12.979195113187206 }, "geometry": { "type": "Polygon", "coordinates": [ [ [ 80.265265822671523, 12.976949335249728 ], [ 80.265265822671523, 12.981440891124683 ], [ 80.260655189764663, 12.981440891124683 ], [ 80.260655189764663, 12.976949335249728 ], [ 80.265265822671523, 12.976949335249728 ] ] ] } },
{ "type": "Feature", "properties": { "cell_id": 289, "lon": 80.267571139124954, "lat": 12.979195113187206 }, "geometry": { "type": "Polygon", "coordinates": [ [ [ 80.269876455578384, 12.976949335249728 ], [ 80.269876455578384, 12.981440891124683 ], [ 80.265265822671523, 12.981440891124683 ], [ 80.265265822671523, 12.976949335249728 ], [ 80.269876455578384, 12.976949335249728 ] ] ] } },
{ "type": "Feature", "properties": { "cell_id": 290, "lon": 80.272181772031814, "lat": 12.979195113187206 }, "geometry": { "type": "Polygon", "coordinates": [ [ [ 80.274487088485245, 12.976949335249728 ], [ 80.274487088485245, 12.981440891124683 ], [ 80.269876455578384, 12.981440891124683 ], [ 80.269876455578384, 12.976949335249728 ], [ 80.274487088485245, 12.976949335249728 ] ] ] } },
{ "type": "Feature", "properties": { "cell_id": 291, "lon": 80.276792404938675, "lat": 12.979195113187206 }, "geometry": { "type": "Polygon", "coordinates": [ [ [ 80.279097721392105, 12.976949335249728 ], [ 80.279097721392105, 12.981440891124683 ], [ 80.274487088485245, 12.981440891124683 ], [ 80.274487088485245, 12.976949335249728 ], [ 80.279097721392105, 12.976949335249728 ] ] ] } },
{ "type": "Feature", "properties": { "cell_id": 292, "lon": 80.281403037845536, "lat": 12.979195113187206 }, "geometry": { "type": "Polygon", "coordinates": [ [ [ 80.283708354298966, 12.976949335249728 ], [ 80.283708354298966, 12.981440891124683 ], [ 80.279097721392105, 12.981440891124683 ], [ 80.279097721392105, 12.976949335249728 ], [ 80.283708354298966, 12.976949335249728 ] ] ] } },
{ "type": "Feature", "properties": { "cell_id": 293, "lon": 80.286013670752396, "lat": 12.979195113187206 }, "geometry": { "type": "Polygon", "coordinates": [ [ [ 80.288318987205827, 12.976949335249728 ], [ 80.288318987205827, 12.981440891124683 ], [ 80.283708354298966, 12.981440891124683 ], [ 80.283708354298966, 12.976949335249728 ], [ 80.288318987205827, 12.976949335249728 ] ] ] } },
{ "type": "Feature", "properties": { "cell_id": 294, "lon": 80.290624303659257, "lat": 12.979195113187206 }, "geometry": { "type": "Polygon", "coordinates": [ [ [ 80.292929620112687, 12.976949335249728 ], [ 80.292929620112687, 12.981440891124683 ], [ 80.288318987205827, 12.981440891124683 ], [ 80.288318987205827, 12.976949335249728 ], [ 80.292929620112687, 12.976949335249728 ] ] ] } },
{ "type": "Feature", "properties": { "cell_id": 295, "lon": 80.295234936566118, "lat": 12.979195113187206 }, "geometry": { "type": "Polygon", "coordinates": [ [ [ 80.297540253019548, 12.976949335249728 ], [ 80.297540253019548, 12.981440891124683 ], [ 80.292929620112687, 12.981440891124683 ], [ 80.292929620112687, 12.976949335249728 ], [ 80.297540253019548, 12.976949335249728 ] ] ] } },
{ "type": "Feature", "properties": { "cell_id": 296, "lon": 80.299845569472978, "lat": 12.979195113187206 }, "geometry": { "type": "Polygon", "coordinates": [ [ [ 80.302150885926409, 12.976949335249728 ], [ 80.302150885926409, 12.981440891124683 ], [ 80.297540253019548, 12.981440891124683 ], [ 80.297540253019548, 12.976949335249728 ], [ 80.302150885926409, 12.976949335249728 ] ] ] } },
{ "type": "Feature", "properties": { "cell_id": 308, "lon": 80.152305316453436, "lat": 12.983686669062161 }, "geometry": { "type": "Polygon", "coordinates": [ [ [ 80.154610632906866, 12.981440891124683 ], [ 80.154610632906866, 12.985932446999637 ], [ 80.15, 12.985932446999637 ], [ 80.15, 12.981440891124683 ], [ 80.154610632906866, 12.981440891124683 ] ] ] } },
{ "type": "Feature", "properties": { "cell_id": 309, "lon": 80.156915949360297, "lat": 12.983686669062161 }, "geometry": { "type": "Polygon", "coordinates": [ [ [ 80.159221265813727, 12.981440891124683 ], [ 80.159221265813727, 12.985932446999637 ], [ 80.154610632906866, 12.985932446999637 ], [ 80.154610632906866, 12.981440891124683 ], [ 80.159221265813727, 12.981440891124683 ] ] ] } },
{ "type": "Feature", "properties": { "cell_id": 310, "lon": 80.161526582267157, "lat": 12.983686669062161 }, "geometry": { "type": "Polygon", "coordinates": [ [ [ 80.163831898720588, 12.981440891124683 ], [ 80.163831898720588, 12.985932446999637 ], [ 80.159221265813727, 12.985932446999637 ], [ 80.159221265813727, 12.981440891124683 ], [ 80.163831898720588, 12.981440891124683 ] ] ] } },
{ "type": "Feature", "properties": { "cell_id": 311, "lon": 80.166137215174018, "lat": 12.983686669062161 }, "geometry": { "type": "Polygon", "coordinates": [ [ [ 80.168442531627448, 12.981440891124683 ], [ 80.168442531627448, 12.985932446999637 ], [ 80.163831898720588, 12.985932446999637 ], [ 80.163831898720588, 12.981440891124683 ], [ 80.168442531627448, 12.981440891124683 ] ] ] } },
{ "type": "Feature", "properties": { "cell_id": 312, "lon": 80.170747848080879, "lat": 12.983686669062161 }, "geometry": { "type": "Polygon", "coordinates": [ [ [ 80.173053164534309, 12.981440891124683 ], [ 80.173053164534309, 12.985932446999637 ], [ 80.168442531627448, 12.985932446999637 ], [ 80.168442531627448, 12.981440891124683 ], [ 80.173053164534309, 12.981440891124683 ] ] ] } },
{ "type": "Feature", "properties": { "cell_id": 313, "lon": 80.17535848098774, "lat": 12.983686669062161 }, "geometry": { "type": "Polygon", "coordinates": [ [ [ 80.17766379744117, 12.981440891124683 ], [ 80.17766379744117, 12.985932446999637 ], [ 80.173053164534309, 12.985932446999637 ], [ 80.173053164534309, 12.981440891124683 ], [ 80.17766379744117, 12.981440891124683 ] ] ] } },
{ "type": "Feature", "properties": { "cell_id": 314, "lon": 80.1799691138946, "lat": 12.983686669062161 }, "geometry": { "type": "Polygon", "coordinates": [ [ [ 80.182274430348031, 12.981440891124683 ], [ 80.182274430348031, 12.985932446999637 ], [ 80.17766379744117, 12.985932446999637 ], [ 80.17766379744117, 12.981440891124683 ], [ 80.182274430348031, 12.981440891124683 ] ] ] } },
{ "type": "Feature", "properties": { "cell_id": 315, "lon": 80.184579746801461, "lat": 12.983686669062161 }, "geometry": { "type": "Polygon", "coordinates": [ [ [ 80.186885063254891, 12.981440891124683 ], [ 80.186885063254891, 12.985932446999637 ], [ 80.182274430348031, 12.985932446999637 ], [ 80.182274430348031, 12.981440891124683 ], [ 80.186885063254891, 12.981440891124683 ] ] ] } },
{ "type": "Feature", "properties": { "cell_id": 316, "lon": 80.189190379708322, "lat": 12.983686669062161 }, "geometry": { "type": "Polygon", "coordinates": [ [ [ 80.191495696161752, 12.981440891124683 ], [ 80.191495696161752, 12.985932446999637 ], [ 80.186885063254891, 12.985932446999637 ], [ 80.186885063254891, 12.981440891124683 ], [ 80.191495696161752, 12.981440891124683 ] ] ] } },
{ "type": "Feature", "properties": { "cell_id": 317, "lon": 80.193801012615182, "lat": 12.983686669062161 }, "geometry": { "type": "Polygon", "coordinates": [ [ [ 80.196106329068613, 12.981440891124683 ], [ 80.196106329068613, 12.985932446999637 ], [ 80.191495696161752, 12.985932446999637 ], [ 80.191495696161752, 12.981440891124683 ], [ 80.196106329068613, 12.981440891124683 ] ] ] } },
{ "type": "Feature", "properties": { "cell_id": 318, "lon": 80.198411645522043, "lat": 12.983686669062161 }, "geometry": { "type": "Polygon", "coordinates": [ [ [ 80.200716961975473, 12.981440891124683 ], [ 80.200716961975473, 12.985932446999637 ], [ 80.196106329068613, 12.985932446999637 ], [ 80.196106329068613, 12.981440891124683 ], [ 80.200716961975473, 12.981440891124683 ] ] ] } },
{ "type": "Feature", "properties": { "cell_id": 319, "lon": 80.203022278428904, "lat": 12.983686669062161 }, "geometry": { "type": "Polygon", "coordinates": [ [ [ 80.205327594882334, 12.981440891124683 ], [ 80.205327594882334, 12.985932446999637 ], [ 80.200716961975473, 12.985932446999637 ], [ 80.200716961975473, 12.981440891124683 ], [ 80.205327594882334, 12.981440891124683 ] ] ] } },
{ "type": "Feature", "properties": { "cell_id": 320, "lon": 80.207632911335764, "lat": 12.983686669062161 }, "geometry": { "type": "Polygon", "coordinates": [ [ [ 80.209938227789195, 12.981440891124683 ], [ 80.209938227789195, 12.985932446999637 ], [ 80.205327594882334, 12.985932446999637 ], [ 80.205327594882334, 12.981440891124683 ], [ 80.209938227789195, 12.981440891124683 ] ] ] } },
{ "type": "Feature", "properties": { "cell_id": 321, "lon": 80.212243544242625, "lat": 12.983686669062161 }, "geometry": { "type": "Polygon", "coordinates": [ [ [ 80.214548860696055, 12.981440891124683 ], [ 80.214548860696055, 12.985932446999637 ], [ 80.209938227789195, 12.985932446999637 ], [ 80.209938227789195, 12.981440891124683 ], [ 80.214548860696055, 12.981440891124683 ] ] ] } },
{ "type": "Feature", "properties": { "cell_id": 322, "lon": 80.216854177149486, "lat": 12.983686669062161 }, "geometry": { "type": "Polygon", "coordinates": [ [ [ 80.219159493602916, 12.981440891124683 ], [ 80.219159493602916, 12.985932446999637 ], [ 80.214548860696055, 12.985932446999637 ], [ 80.214548860696055, 12.981440891124683 ], [ 80.219159493602916, 12.981440891124683 ] ] ] } },
{ "type": "Feature", "properties": { "cell_id": 323, "lon": 80.221464810056347, "lat": 12.983686669062161 }, "geometry": { "type": "Polygon", "coordinates": [ [ [ 80.223770126509777, 12.981440891124683 ], [ 80.223770126509777, 12.985932446999637 ], [ 80.219159493602916, 12.985932446999637 ], [ 80.219159493602916, 12.981440891124683 ], [ 80.223770126509777, 12.981440891124683 ] ] ] } },
{ "type": "Feature", "properties": { "cell_id": 324, "lon": 80.226075442963207, "lat": 12.983686669062161 }, "geometry": { "type": "Polygon", "coordinates": [ [ [ 80.228380759416638, 12.981440891124683 ], [ 80.228380759416638, 12.985932446999637 ], [ 80.223770126509777, 12.985932446999637 ], [ 80.223770126509777, 12.981440891124683 ], [ 80.228380759416638, 12.981440891124683 ] ] ] } },
{ "type": "Feature", "properties": { "cell_id": 325, "lon": 80.230686075870068, "lat": 12.983686669062161 }, "geometry": { "type": "Polygon", "coordinates": [ [ [ 80.232991392323498, 12.981440891124683 ], [ 80.232991392323498, 12.985932446999637 ], [ 80.228380759416638, 12.985932446999637 ], [ 80.228380759416638, 12.981440891124683 ], [ 80.232991392323498, 12.981440891124683 ] ] ] } },
{ "type": "Feature", "properties": { "cell_id": 326, "lon": 80.235296708776929, "lat": 12.983686669062161 }, "geometry": { "type": "Polygon", "coordinates": [ [ [ 80.237602025230359, 12.981440891124683 ], [ 80.237602025230359, 12.985932446999637 ], [ 80.232991392323498, 12.985932446999637 ], [ 80.232991392323498, 12.981440891124683 ], [ 80.237602025230359, 12.981440891124683 ] ] ] } },
{ "type": "Feature", "properties": { "cell_id": 327, "lon": 80.239907341683789, "lat": 12.983686669062161 }, "geometry": { "type": "Polygon", "coordinates": [ [ [ 80.24221265813722, 12.981440891124683 ], [ 80.24221265813722, 12.985932446999637 ], [ 80.237602025230359, 12.985932446999637 ], [ 80.237602025230359, 12.981440891124683 ], [ 80.24221265813722, 12.981440891124683 ] ] ] } },
{ "type": "Feature", "properties": { "cell_id": 328, "lon": 80.24451797459065, "lat": 12.983686669062161 }, "geometry": { "type": "Polygon", "coordinates": [ [ [ 80.24682329104408, 12.981440891124683 ], [ 80.24682329104408, 12.985932446999637 ], [ 80.24221265813722, 12.985932446999637 ], [ 80.24221265813722, 12.981440891124683 ], [ 80.24682329104408, 12.981440891124683 ] ] ] } },
{ "type": "Feature", "properties": { "cell_id": 329, "lon": 80.249128607497511, "lat": 12.983686669062161 }, "geometry": { "type": "Polygon", "coordinates": [ [ [ 80.251433923950941, 12.981440891124683 ], [ 80.251433923950941, 12.985932446999637 ], [ 80.24682329104408, 12.985932446999637 ], [ 80.24682329104408, 12.981440891124683 ], [ 80.251433923950941, 12.981440891124683 ] ] ] } },
{ "type": "Feature", "properties": { "cell_id": 330, "lon": 80.253739240404371, "lat": 12.983686669062161 }, "geometry": { "type": "Polygon", "coordinates": [ [ [ 80.256044556857802, 12.981440891124683 ], [ 80.256044556857802, 12.985932446999637 ], [ 80.251433923950941, 12.985932446999637 ], [ 80.251433923950941, 12.981440891124683 ], [ 80.256044556857802, 12.981440891124683 ] ] ] } },
{ "type": "Feature", "properties": { "cell_id": 331, "lon": 80.258349873311232, "lat": 12.983686669062161 }, "geometry": { "type": "Polygon", "coordinates": [ [ [ 80.260655189764663, 12.981440891124683 ], [ 80.260655189764663, 12.985932446999637 ], [ 80.256044556857802, 12.985932446999637 ], [ 80.256044556857802, 12.981440891124683 ], [ 80.260655189764663, 12.981440891124683 ] ] ] } },
{ "type": "Feature", "properties": { "cell_id": 332, "lon": 80.262960506218093, "lat": 12.983686669062161 }, "geometry": { "type": "Polygon", "coordinates": [ [ [ 80.265265822671523, 12.981440891124683 ], [ 80.265265822671523, 12.985932446999637 ], [ 80.260655189764663, 12.985932446999637 ], [ 80.260655189764663, 12.981440891124683 ], [ 80.265265822671523, 12.981440891124683 ] ] ] } },
{ "type": "Feature", "properties": { "cell_id": 333, "lon": 80.267571139124954, "lat": 12.983686669062161 }, "geometry": { "type": "Polygon", "coordinates": [ [ [ 80.269876455578384, 12.981440891124683 ], [ 80.269876455578384, 12.985932446999637 ], [ 80.265265822671523, 12.985932446999637 ], [ 80.265265822671523, 12.981440891124683 ], [ 80.269876455578384, 12.981440891124683 ] ] ] } },
{ "type": "Feature", "properties": { "cell_id": 334, "lon": 80.272181772031814, "lat": 12.983686669062161 }, "geometry": { "type": "Polygon", "coordinates": [ [ [ 80.274487088485245, 12.981440891124683 ], [ 80.274487088485245, 12.985932446999637 ], [ 80.269876455578384, 12.985932446999637 ], [ 80.269876455578384, 12.981440891124683 ], [ 80.274487088485245, 12.981440891124683 ] ] ] } },
{ "type": "Feature", "properties": { "cell_id": 335, "lon": 80.276792404938675, "lat": 12.983686669062161 }, "geometry": { "type": "Polygon", "coordinates": [ [ [ 80.279097721392105, 12.981440891124683 ], [ 80.279097721392105, 12.985932446999637 ], [ 80.274487088485245, 12.985932446999637 ], [ 80.274487088485245, 12.981440891124683 ], [ 80.279097721392105, 12.981440891124683 ] ] ] } },
{ "type": "Feature", "properties": { "cell_id": 336, "lon": 80.281403037845536, "lat": 12.983686669062161 }, "geometry": { "type": "Polygon", "coordinates": [ [ [ 80.283708354298966, 12.981440891124683 ], [ 80.283708354298966, 12.985932446999637 ], [ 80.279097721392105, 12.985932446999637 ], [ 80.279097721392105, 12.981440891124683 ], [ 80.283708354298966, 12.981440891124683 ] ] ] } },
{ "type": "Feature", "properties": { "cell_id": 337, "lon": 80.286013670752396, "lat": 12.983686669062161 }, "geometry": { "type": "Polygon", "coordinates": [ [ [ 80.288318987205827, 12.981440891124683 ], [ 80.288318987205827, 12.985932446999637 ], [ 80.283708354298966, 12.985932446999637 ], [ 80.283708354298966, 12.981440891124683 ], [ 80.288318987205827, 12.981440891124683 ] ] ] } },
{ "type": "Feature", "properties": { "cell_id": 338, "lon": 80.290624303659257, "lat": 12.983686669062161 }, "geometry": { "type": "Polygon", "coordinates": [ [ [ 80.292929620112687, 12.981440891124683 ], [ 80.292929620112687, 12.985932446999637 ], [ 80.288318987205827, 12.985932446999637 ], [ 80.288318987205827, 12.981440891124683 ], [ 80.292929620112687, 12.981440891124683 ] ] ] } },
{ "type": "Feature", "properties": { "cell_id": 339, "lon": 80.295234936566118, "lat": 12.983686669062161 }, "geometry": { "type": "Polygon", "coordinates": [ [ [ 80.297540253019548, 12.981440891124683 ], [ 80.297540253019548, 12.985932446999637 ], [ 80.292929620112687, 12.985932446999637 ], [ 80.292929620112687, 12.981440891124683 ], [ 80.297540253019548, 12.981440891124683 ] ] ] } },
{ "type": "Feature", "properties": { "cell_id": 340, "lon": 80.299845569472978, "lat": 12.983686669062161 }, "geometry": { "type": "Polygon", "coordinates": [ [ [ 80.302150885926409, 12.981440891124683 ], [ 80.302150885926409, 12.985932446999637 ], [ 80.297540253019548, 12.985932446999637 ], [ 80.297540253019548, 12.981440891124683 ], [ 80.302150885926409, 12.981440891124683 ] ] ] } },
{ "type": "Feature", "properties": { "cell_id": 352, "lon": 80.152305316453436, "lat": 12.988178224937116 }, "geometry": { "type": "Polygon", "coordinates": [ [ [ 80.154610632906866, 12.985932446999637 ], [ 80.154610632906866, 12.990424002874592 ], [ 80.15, 12.990424002874592 ], [ 80.15, 12.985932446999637 ], [ 80.154610632906866, 12.985932446999637 ] ] ] } },
{ "type": "Feature", "properties": { "cell_id": 353, "lon": 80.156915949360297, "lat": 12.988178224937116 }, "geometry": { "type": "Polygon", "coordinates": [ [ [ 80.159221265813727, 12.985932446999637 ], [ 80.159221265813727, 12.990424002874592 ], [ 80.154610632906866, 12.990424002874592 ], [ 80.154610632906866, 12.985932446999637 ], [ 80.159221265813727, 12.985932446999637 ] ] ] } },
{ "type": "Feature", "properties": { "cell_id": 354, "lon": 80.161526582267157, "lat": 12.988178224937116 }, "geometry": { "type": "Polygon", "coordinates": [ [ [ 80.163831898720588, 12.985932446999637 ], [ 80.163831898720588, 12.990424002874592 ], [ 80.159221265813727, 12.990424002874592 ], [ 80.159221265813727, 12.985932446999637 ], [ 80.163831898720588, 12.985932446999637 ] ] ] } },
{ "type": "Feature", "properties": { "cell_id": 355, "lon": 80.166137215174018, "lat": 12.988178224937116 }, "geometry": { "type": "Polygon", "coordinates": [ [ [ 80.168442531627448, 12.985932446999637 ], [ 80.168442531627448, 12.990424002874592 ], [ 80.163831898720588, 12.990424002874592 ], [ 80.163831898720588, 12.985932446999637 ], [ 80.168442531627448, 12.985932446999637 ] ] ] } },
{ "type": "Feature", "properties": { "cell_id": 356, "lon": 80.170747848080879, "lat": 12.988178224937116 }, "geometry": { "type": "Polygon", "coordinates": [ [ [ 80.173053164534309, 12.985932446999637 ], [ 80.173053164534309, 12.990424002874592 ], [ 80.168442531627448, 12.990424002874592 ], [ 80.168442531627448, 12.985932446999637 ], [ 80.173053164534309, 12.985932446999637 ] ] ] } },
{ "type": "Feature", "properties": { "cell_id": 357, "lon": 80.17535848098774, "lat": 12.988178224937116 }, "geometry": { "type": "Polygon", "coordinates": [ [ [ 80.17766379744117, 12.985932446999637 ], [ 80.17766379744117, 12.990424002874592 ], [ 80.173053164534309, 12.990424002874592 ], [ 80.173053164534309, 12.985932446999637 ], [ 80.17766379744117, 12.985932446999637 ] ] ] } },
{ "type": "Feature", "properties": { "cell_id": 358, "lon": 80.1799691138946, "lat": 12.988178224937116 }, "geometry": { "type": "Polygon", "coordinates": [ [ [ 80.182274430348031, 12.985932446999637 ], [ 80.182274430348031, 12.990424002874592 ], [ 80.17766379744117, 12.990424002874592 ], [ 80.17766379744117, 12.985932446999637 ], [ 80.182274430348031, 12.985932446999637 ] ] ] } },
{ "type": "Feature", "properties": { "cell_id": 359, "lon": 80.184579746801461, "lat": 12.988178224937116 }, "geometry": { "type": "Polygon", "coordinates": [ [ [ 80.186885063254891, 12.985932446999637 ], [ 80.186885063254891, 12.990424002874592 ], [ 80.182274430348031, 12.990424002874592 ], [ 80.182274430348031, 12.985932446999637 ], [ 80.186885063254891, 12.985932446999637 ] ] ] } },
{ "type": "Feature", "properties": { "cell_id": 360, "lon": 80.189190379708322, "lat": 12.988178224937116 }, "geometry": { "type": "Polygon", "coordinates": [ [ [ 80.191495696161752, 12.985932446999637 ], [ 80.191495696161752, 12.990424002874592 ], [ 80.186885063254891, 12.990424002874592 ], [ 80.186885063254891, 12.985932446999637 ], [ 80.191495696161752, 12.985932446999637 ] ] ] } },
{ "type": "Feature", "properties": { "cell_id": 361, "lon": 80.193801012615182, "lat": 12.988178224937116 }, "geometry": { "type": "Polygon", "coordinates": [ [ [ 80.196106329068613, 12.985932446999637 ], [ 80.196106329068613, 12.990424002874592 ], [ 80.191495696161752, 12.990424002874592 ], [ 80.191495696161752, 12.985932446999637 ], [ 80.196106329068613, 12.985932446999637 ] ] ] } },
{ "type": "Feature", "properties": { "cell_id": 362, "lon": 80.198411645522043, "lat": 12.988178224937116 }, "geometry": { "type": "Polygon", "coordinates": [ [ [ 80.200716961975473, 12.985932446999637 ], [ 80.200716961975473, 12.990424002874592 ], [ 80.196106329068613, 12.990424002874592 ], [ 80.196106329068613, 12.985932446999637 ], [ 80.200716961975473, 12.985932446999637 ] ] ] } },
{ "type": "Feature", "properties": { "cell_id": 363, "lon": 80.203022278428904, "lat": 12.988178224937116 }, "geometry": { "type": "Polygon", "coordinates": [ [ [ 80.205327594882334, 12.985932446999637 ], [ 80.205327594882334, 12.990424002874592 ], [ 80.200716961975473, 12.990424002874592 ], [ 80.200716961975473, 12.985932446999637 ], [ 80.205327594882334, 12.985932446999637 ] ] ] } },
{ "type": "Feature", "properties": { "cell_id": 364, "lon": 80.207632911335764, "lat": 12.988178224937116 }, "geometry": { "type": "Polygon", "coordinates": [ [ [ 80.209938227789195, 12.985932446999637 ], [ 80.209938227789195, 12.990424002874592 ], [ 80.205327594882334, 12.990424002874592 ], [ 80.205327594882334, 12.985932446999637 ], [ 80.209938227789195, 12.985932446999637 ] ] ] } },
{ "type": "Feature", "properties": { "cell_id": 365, "lon": 80.212243544242625, "lat": 12.988178224937116 }, "geometry": { "type": "Polygon", "coordinates": [ [ [ 80.214548860696055, 12.985932446999637 ], [ 80.214548860696055, 12.990424002874592 ], [ 80.209938227789195, 12.990424002874592 ], [ 80.209938227789195, 12.985932446999637 ], [ 80.214548860696055, 12.985932446999637 ] ] ] } },
{ "type": "Feature", "properties": { "cell_id": 366, "lon": 80.216854177149486, "lat": 12.988178224937116 }, "geometry": { "type": "Polygon", "coordinates": [ [ [ 80.219159493602916, 12.985932446999637 ], [ 80.219159493602916, 12.990424002874592 ], [ 80.214548860696055, 12.990424002874592 ], [ 80.214548860696055, 12.985932446999637 ], [ 80.219159493602916, 12.985932446999637 ] ] ] } },
{ "type": "Feature", "properties": { "cell_id": 367, "lon": 80.221464810056347, "lat": 12.988178224937116 }, "geometry": { "type": "Polygon", "coordinates": [ [ [ 80.223770126509777, 12.985932446999637 ], [ 80.223770126509777, 12.990424002874592 ], [ 80.219159493602916, 12.990424002874592 ], [ 80.219159493602916, 12.985932446999637 ], [ 80.223770126509777, 12.985932446999637 ] ] ] } },
{ "type": "Feature", "properties": { "cell_id": 368, "lon": 80.226075442963207, "lat": 12.988178224937116 }, "geometry": { "type": "Polygon", "coordinates": [ [ [ 80.228380759416638, 12.985932446999637 ], [ 80.228380759416638, 12.990424002874592 ], [ 80.223770126509777, 12.990424002874592 ], [ 80.223770126509777, 12.985932446999637 ], [ 80.228380759416638, 12.985932446999637 ] ] ] } },
{ "type": "Feature", "properties": { "cell_id": 369, "lon": 80.230686075870068, "lat": 12.988178224937116 }, "geometry": { "type": "Polygon", "coordinates": [ [ [ 80.232991392323498, 12.985932446999637 ], [ 80.232991392323498, 12.990424002874592 ], [ 80.228380759416638, 12.990424002874592 ], [ 80.228380759416638, 12.985932446999637 ], [ 80.232991392323498, 12.985932446999637 ] ] ] } },
{ "type": "Feature", "properties": { "cell_id": 370, "lon": 80.235296708776929, "lat": 12.988178224937116 }, "geometry": { "type": "Polygon", "coordinates": [ [ [ 80.237602025230359, 12.985932446999637 ], [ 80.237602025230359, 12.990424002874592 ], [ 80.232991392323498, 12.990424002874592 ], [ 80.232991392323498, 12.985932446999637 ], [ 80.237602025230359, 12.985932446999637 ] ] ] } },
{ "type": "Feature", "properties": { "cell_id": 371, "lon": 80.239907341683789, "lat": 12.988178224937116 }, "geometry": { "type": "Polygon", "coordinates": [ [ [ 80.24221265813722, 12.985932446999637 ], [ 80.24221265813722, 12.990424002874592 ], [ 80.237602025230359, 12.990424002874592 ], [ 80.237602025230359, 12.985932446999637 ], [ 80.24221265813722, 12.985932446999637 ] ] ] } },
{ "type": "Feature", "properties": { "cell_id": 372, "lon": 80.24451797459065, "lat": 12.988178224937116 }, "geometry": { "type": "Polygon", "coordinates": [ [ [ 80.24682329104408, 12.985932446999637 ], [ 80.24682329104408, 12.990424002874592 ], [ 80.24221265813722, 12.990424002874592 ], [ 80.24221265813722, 12.985932446999637 ], [ 80.24682329104408, 12.985932446999637 ] ] ] } },
{ "type": "Feature", "properties": { "cell_id": 373, "lon": 80.249128607497511, "lat": 12.988178224937116 }, "geometry": { "type": "Polygon", "coordinates": [ [ [ 80.251433923950941, 12.985932446999637 ], [ 80.251433923950941, 12.990424002874592 ], [ 80.24682329104408, 12.990424002874592 ], [ 80.24682329104408, 12.985932446999637 ], [ 80.251433923950941, 12.985932446999637 ] ] ] } },
{ "type": "Feature", "properties": { "cell_id": 374, "lon": 80.253739240404371, "lat": 12.988178224937116 }, "geometry": { "type": "Polygon", "coordinates": [ [ [ 80.256044556857802, 12.985932446999637 ], [ 80.256044556857802, 12.990424002874592 ], [ 80.251433923950941, 12.990424002874592 ], [ 80.251433923950941, 12.985932446999637 ], [ 80.256044556857802, 12.985932446999637 ] ] ] } },
{ "type": "Feature", "properties": { "cell_id": 375, "lon": 80.258349873311232, "lat": 12.988178224937116 }, "geometry": { "type": "Polygon", "coordinates": [ [ [ 80.260655189764663, 12.985932446999637 ], [ 80.260655189764663, 12.990424002874592 ], [ 80.256044556857802, 12.990424002874592 ], [ 80.256044556857802, 12.985932446999637 ], [ 80.260655189764663, 12.985932446999637 ] ] ] } },
{ "type": "Feature", "properties": { "cell_id": 376, "lon": 80.262960506218093, "lat": 12.988178224937116 }, "geometry": { "type": "Polygon", "coordinates": [ [ [ 80.265265822671523, 12.985932446999637 ], [ 80.265265822671523, 12.990424002874592 ], [ 80.260655189764663, 12.990424002874592 ], [ 80.260655189764663, 12.985932446999637 ], [ 80.265265822671523, 12.985932446999637 ] ] ] } },
{ "type": "Feature", "properties": { "cell_id": 377, "lon": 80.267571139124954, "lat": 12.988178224937116 }, "geometry": { "type": "Polygon", "coordinates": [ [ [ 80.269876455578384, 12.985932446999637 ], [ 80.269876455578384, 12.990424002874592 ], [ 80.265265822671523, 12.990424002874592 ], [ 80.265265822671523, 12.985932446999637 ], [ 80.269876455578384, 12.985932446999637 ] ] ] } },
{ "type": "Feature", "properties": { "cell_id": 378, "lon": 80.272181772031814, "lat": 12.988178224937116 }, "geometry": { "type": "Polygon", "coordinates": [ [ [ 80.274487088485245, 12.985932446999637 ], [ 80.274487088485245, 12.990424002874592 ], [ 80.269876455578384, 12.990424002874592 ], [ 80.269876455578384, 12.985932446999637 ], [ 80.274487088485245, 12.985932446999637 ] ] ] } },
{ "type": "Feature", "properties": { "cell_id": 379, "lon": 80.276792404938675, "lat": 12.988178224937116 }, "geometry": { "type": "Polygon", "coordinates": [ [ [ 80.279097721392105, 12.985932446999637 ], [ 80.279097721392105, 12.990424002874592 ], [ 80.274487088485245, 12.990424002874592 ], [ 80.274487088485245, 12.985932446999637 ], [ 80.279097721392105, 12.985932446999637 ] ] ] } },
{ "type": "Feature", "properties": { "cell_id": 380, "lon": 80.281403037845536, "lat": 12.988178224937116 }, "geometry": { "type": "Polygon", "coordinates": [ [ [ 80.283708354298966, 12.985932446999637 ], [ 80.283708354298966, 12.990424002874592 ], [ 80.279097721392105, 12.990424002874592 ], [ 80.279097721392105, 12.985932446999637 ], [ 80.283708354298966, 12.985932446999637 ] ] ] } },
{ "type": "Feature", "properties": { "cell_id": 381, "lon": 80.286013670752396, "lat": 12.988178224937116 }, "geometry": { "type": "Polygon", "coordinates": [ [ [ 80.288318987205827, 12.985932446999637 ], [ 80.288318987205827, 12.990424002874592 ], [ 80.283708354298966, 12.990424002874592 ], [ 80.283708354298966, 12.985932446999637 ], [ 80.288318987205827, 12.985932446999637 ] ] ] } },
{ "type": "Feature", "properties": { "cell_id": 382, "lon": 80.290624303659257, "lat": 12.988178224937116 }, "geometry": { "type": "Polygon", "coordinates": [ [ [ 80.292929620112687, 12.985932446999637 ], [ 80.292929620112687, 12.990424002874592 ], [ 80.288318987205827, 12.990424002874592 ], [ 80.288318987205827, 12.985932446999637 ], [ 80.292929620112687, 12.985932446999637 ] ] ] } },
{ "type": "Feature", "properties": { "cell_id": 383, "lon": 80.295234936566118, "lat": 12.988178224937116 }, "geometry": { "type": "Polygon", "coordinates": [ [ [ 80.297540253019548, 12.985932446999637 ], [ 80.297540253019548, 12.990424002874592 ], [ 80.292929620112687, 12.990424002874592 ], [ 80.292929620112687, 12.985932446999637 ], [ 80.297540253019548, 12.985932446999637 ] ] ] } },
{ "type": "Feature", "properties": { "cell_id": 384, "lon": 80.299845569472978, "lat": 12.988178224937116 }, "geometry": { "type": "Polygon", "coordinates": [ [ [ 80.302150885926409, 12.985932446999637 ], [ 80.302150885926409, 12.990424002874592 ], [ 80.297540253019548, 12.990424002874592 ], [ 80.297540253019548, 12.985932446999637 ], [ 80.302150885926409, 12.985932446999637 ] ] ] } },
{ "type": "Feature", "properties": { "cell_id": 396, "lon": 80.152305316453436, "lat": 12.99266978081207 }, "geometry": { "type": "Polygon", "coordinates": [ [ [ 80.154610632906866, 12.990424002874592 ], [ 80.154610632906866, 12.994915558749547 ], [ 80.15, 12.994915558749547 ], [ 80.15, 12.990424002874592 ], [ 80.154610632906866, 12.990424002874592 ] ] ] } },
{ "type": "Feature", "properties": { "cell_id": 397, "lon": 80.156915949360297, "lat": 12.99266978081207 }, "geometry": { "type": "Polygon", "coordinates": [ [ [ 80.159221265813727, 12.990424002874592 ], [ 80.159221265813727, 12.994915558749547 ], [ 80.154610632906866, 12.994915558749547 ], [ 80.154610632906866, 12.990424002874592 ], [ 80.159221265813727, 12.990424002874592 ] ] ] } },
{ "type": "Feature", "properties": { "cell_id": 398, "lon": 80.161526582267157, "lat": 12.99266978081207 }, "geometry": { "type": "Polygon", "coordinates": [ [ [ 80.163831898720588, 12.990424002874592 ], [ 80.163831898720588, 12.994915558749547 ], [ 80.159221265813727, 12.994915558749547 ], [ 80.159221265813727, 12.990424002874592 ], [ 80.163831898720588, 12.990424002874592 ] ] ] } },
{ "type": "Feature", "properties": { "cell_id": 399, "lon": 80.166137215174018, "lat": 12.99266978081207 }, "geometry": { "type": "Polygon", "coordinates": [ [ [ 80.168442531627448, 12.990424002874592 ], [ 80.168442531627448, 12.994915558749547 ], [ 80.163831898720588, 12.994915558749547 ], [ 80.163831898720588, 12.990424002874592 ], [ 80.168442531627448, 12.990424002874592 ] ] ] } },
{ "type": "Feature", "properties": { "cell_id": 400, "lon": 80.170747848080879, "lat": 12.99266978081207 }, "geometry": { "type": "Polygon", "coordinates": [ [ [ 80.173053164534309, 12.990424002874592 ], [ 80.173053164534309, 12.994915558749547 ], [ 80.168442531627448, 12.994915558749547 ], [ 80.168442531627448, 12.990424002874592 ], [ 80.173053164534309, 12.990424002874592 ] ] ] } },
{ "type": "Feature", "properties": { "cell_id": 401, "lon": 80.17535848098774, "lat": 12.99266978081207 }, "geometry": { "type": "Polygon", "coordinates": [ [ [ 80.17766379744117, 12.990424002874592 ], [ 80.17766379744117, 12.994915558749547 ], [ 80.173053164534309, 12.994915558749547 ], [ 80.173053164534309, 12.990424002874592 ], [ 80.17766379744117, 12.990424002874592 ] ] ] } },
{ "type": "Feature", "properties": { "cell_id": 402, "lon": 80.1799691138946, "lat": 12.99266978081207 }, "geometry": { "type": "Polygon", "coordinates": [ [ [ 80.182274430348031, 12.990424002874592 ], [ 80.182274430348031, 12.994915558749547 ], [ 80.17766379744117, 12.994915558749547 ], [ 80.17766379744117, 12.990424002874592 ], [ 80.182274430348031, 12.990424002874592 ] ] ] } },
{ "type": "Feature", "properties": { "cell_id": 403, "lon": 80.184579746801461, "lat": 12.99266978081207 }, "geometry": { "type": "Polygon", "coordinates": [ [ [ 80.186885063254891, 12.990424002874592 ], [ 80.186885063254891, 12.994915558749547 ], [ 80.182274430348031, 12.994915558749547 ], [ 80.182274430348031, 12.990424002874592 ], [ 80.186885063254891, 12.990424002874592 ] ] ] } },
{ "type": "Feature", "properties": { "cell_id": 404, "lon": 80.189190379708322, "lat": 12.99266978081207 }, "geometry": { "type": "Polygon", "coordinates": [ [ [ 80.191495696161752, 12.990424002874592 ], [ 80.191495696161752, 12.994915558749547 ], [ 80.186885063254891, 12.994915558749547 ], [ 80.186885063254891, 12.990424002874592 ], [ 80.191495696161752, 12.990424002874592 ] ] ] } },
{ "type": "Feature", "properties": { "cell_id": 405, "lon": 80.193801012615182, "lat": 12.99266978081207 }, "geometry": { "type": "Polygon", "coordinates": [ [ [ 80.196106329068613, 12.990424002874592 ], [ 80.196106329068613, 12.994915558749547 ], [ 80.191495696161752, 12.994915558749547 ], [ 80.191495696161752, 12.990424002874592 ], [ 80.196106329068613, 12.990424002874592 ] ] ] } },
{ "type": "Feature", "properties": { "cell_id": 406, "lon": 80.198411645522043, "lat": 12.99266978081207 }, "geometry": { "type": "Polygon", "coordinates": [ [ [ 80.200716961975473, 12.990424002874592 ], [ 80.200716961975473, 12.994915558749547 ], [ 80.196106329068613, 12.994915558749547 ], [ 80.196106329068613, 12.990424002874592 ], [ 80.200716961975473, 12.990424002874592 ] ] ] } },
{ "type": "Feature", "properties": { "cell_id": 407, "lon": 80.203022278428904, "lat": 12.99266978081207 }, "geometry": { "type": "Polygon", "coordinates": [ [ [ 80.205327594882334, 12.990424002874592 ], [ 80.205327594882334, 12.994915558749547 ], [ 80.200716961975473, 12.994915558749547 ], [ 80.200716961975473, 12.990424002874592 ], [ 80.205327594882334, 12.990424002874592 ] ] ] } },
{ "type": "Feature", "properties": { "cell_id": 408, "lon": 80.207632911335764, "lat": 12.99266978081207 }, "geometry": { "type": "Polygon", "coordinates": [ [ [ 80.209938227789195, 12.990424002874592 ], [ 80.209938227789195, 12.994915558749547 ], [ 80.205327594882334, 12.994915558749547 ], [ 80.205327594882334, 12.990424002874592 ], [ 80.209938227789195, 12.990424002874592 ] ] ] } },
{ "type": "Feature", "properties": { "cell_id": 409, "lon": 80.212243544242625, "lat": 12.99266978081207 }, "geometry": { "type": "Polygon", "coordinates": [ [ [ 80.214548860696055, 12.990424002874592 ], [ 80.214548860696055, 12.994915558749547 ], [ 80.209938227789195, 12.994915558749547 ], [ 80.209938227789195, 12.990424002874592 ], [ 80.214548860696055, 12.990424002874592 ] ] ] } },
{ "type": "Feature", "properties": { "cell_id": 410, "lon": 80.216854177149486, "lat": 12.99266978081207 }, "geometry": { "type": "Polygon", "coordinates": [ [ [ 80.219159493602916, 12.990424002874592 ], [ 80.219159493602916, 12.994915558749547 ], [ 80.214548860696055, 12.994915558749547 ], [ 80.214548860696055, 12.990424002874592 ], [ 80.219159493602916, 12.990424002874592 ] ] ] } },
{ "type": "Feature", "properties": { "cell_id": 411, "lon": 80.221464810056347, "lat": 12.99266978081207 }, "geometry": { "type": "Polygon", "coordinates": [ [ [ 80.223770126509777, 12.990424002874592 ], [ 80.223770126509777, 12.994915558749547 ], [ 80.219159493602916, 12.994915558749547 ], [ 80.219159493602916, 12.990424002874592 ], [ 80.223770126509777, 12.990424002874592 ] ] ] } },
{ "type": "Feature", "properties": { "cell_id": 412, "lon": 80.226075442963207, "lat": 12.99266978081207 }, "geometry": { "type": "Polygon", "coordinates": [ [ [ 80.228380759416638, 12.990424002874592 ], [ 80.228380759416638, 12.994915558749547 ], [ 80.223770126509777, 12.994915558749547 ], [ 80.223770126509777, 12.990424002874592 ], [ 80.228380759416638, 12.990424002874592 ] ] ] } },
{ "type": "Feature", "properties": { "cell_id": 413, "lon": 80.230686075870068, "lat": 12.99266978081207 }, "geometry": { "type": "Polygon", "coordinates": [ [ [ 80.232991392323498, 12.990424002874592 ], [ 80.232991392323498, 12.994915558749547 ], [ 80.228380759416638, 12.994915558749547 ], [ 80.228380759416638, 12.990424002874592 ], [ 80.232991392323498, 12.990424002874592 ] ] ] } },
{ "type": "Feature", "properties": { "cell_id": 414, "lon": 80.235296708776929, "lat": 12.99266978081207 }, "geometry": { "type": "Polygon", "coordinates": [ [ [ 80.237602025230359, 12.990424002874592 ], [ 80.237602025230359, 12.994915558749547 ], [ 80.232991392323498, 12.994915558749547 ], [ 80.232991392323498, 12.990424002874592 ], [ 80.237602025230359, 12.990424002874592 ] ] ] } },
{ "type": "Feature", "properties": { "cell_id": 415, "lon": 80.239907341683789, "lat": 12.99266978081207 }, "geometry": { "type": "Polygon", "coordinates": [ [ [ 80.24221265813722, 12.990424002874592 ], [ 80.24221265813722, 12.994915558749547 ], [ 80.237602025230359, 12.994915558749547 ], [ 80.237602025230359, 12.990424002874592 ], [ 80.24221265813722, 12.990424002874592 ] ] ] } },
{ "type": "Feature", "properties": { "cell_id": 416, "lon": 80.24451797459065, "lat": 12.99266978081207 }, "geometry": { "type": "Polygon", "coordinates": [ [ [ 80.24682329104408, 12.990424002874592 ], [ 80.24682329104408, 12.994915558749547 ], [ 80.24221265813722, 12.994915558749547 ], [ 80.24221265813722, 12.990424002874592 ], [ 80.24682329104408, 12.990424002874592 ] ] ] } },
{ "type": "Feature", "properties": { "cell_id": 417, "lon": 80.249128607497511, "lat": 12.99266978081207 }, "geometry": { "type": "Polygon", "coordinates": [ [ [ 80.251433923950941, 12.990424002874592 ], [ 80.251433923950941, 12.994915558749547 ], [ 80.24682329104408, 12.994915558749547 ], [ 80.24682329104408, 12.990424002874592 ], [ 80.251433923950941, 12.990424002874592 ] ] ] } },
{ "type": "Feature", "properties": { "cell_id": 418, "lon": 80.253739240404371, "lat": 12.99266978081207 }, "geometry": { "type": "Polygon", "coordinates": [ [ [ 80.256044556857802, 12.990424002874592 ], [ 80.256044556857802, 12.994915558749547 ], [ 80.251433923950941, 12.994915558749547 ], [ 80.251433923950941, 12.990424002874592 ], [ 80.256044556857802, 12.990424002874592 ] ] ] } },
{ "type": "Feature", "properties": { "cell_id": 419, "lon": 80.258349873311232, "lat": 12.99266978081207 }, "geometry": { "type": "Polygon", "coordinates": [ [ [ 80.260655189764663, 12.990424002874592 ], [ 80.260655189764663, 12.994915558749547 ], [ 80.256044556857802, 12.994915558749547 ], [ 80.256044556857802, 12.990424002874592 ], [ 80.260655189764663, 12.990424002874592 ] ] ] } },
{ "type": "Feature", "properties": { "cell_id": 420, "lon": 80.262960506218093, "lat": 12.99266978081207 }, "geometry": { "type": "Polygon", "coordinates": [ [ [ 80.265265822671523, 12.990424002874592 ], [ 80.265265822671523, 12.994915558749547 ], [ 80.260655189764663, 12.994915558749547 ], [ 80.260655189764663, 12.990424002874592 ], [ 80.265265822671523, 12.990424002874592 ] ] ] } },
{ "type": "Feature", "properties": { "cell_id": 421, "lon": 80.267571139124954, "lat": 12.99266978081207 }, "geometry": { "type": "Polygon", "coordinates": [ [ [ 80.269876455578384, 12.990424002874592 ], [ 80.269876455578384, 12.994915558749547 ], [ 80.265265822671523, 12.994915558749547 ], [ 80.265265822671523, 12.990424002874592 ], [ 80.269876455578384, 12.990424002874592 ] ] ] } },
{ "type": "Feature", "properties": { "cell_id": 422, "lon": 80.272181772031814, "lat": 12.99266978081207 }, "geometry": { "type": "Polygon", "coordinates": [ [ [ 80.274487088485245, 12.990424002874592 ], [ 80.274487088485245, 12.994915558749547 ], [ 80.269876455578384, 12.994915558749547 ], [ 80.269876455578384, 12.990424002874592 ], [ 80.274487088485245, 12.990424002874592 ] ] ] } },
{ "type": "Feature", "properties": { "cell_id": 423, "lon": 80.276792404938675, "lat": 12.99266978081207 }, "geometry": { "type": "Polygon", "coordinates": [ [ [ 80.279097721392105, 12.990424002874592 ], [ 80.279097721392105, 12.994915558749547 ], [ 80.274487088485245, 12.994915558749547 ], [ 80.274487088485245, 12.990424002874592 ], [ 80.279097721392105, 12.990424002874592 ] ] ] } },
{ "type": "Feature", "properties": { "cell_id": 424, "lon": 80.281403037845536, "lat": 12.99266978081207 }, "geometry": { "type": "Polygon", "coordinates": [ [ [ 80.283708354298966, 12.990424002874592 ], [ 80.283708354298966, 12.994915558749547 ], [ 80.279097721392105, 12.994915558749547 ], [ 80.279097721392105, 12.990424002874592 ], [ 80.283708354298966, 12.990424002874592 ] ] ] } },
{ "type": "Feature", "properties": { "cell_id": 425, "lon": 80.286013670752396, "lat": 12.99266978081207 }, "geometry": { "type": "Polygon", "coordinates": [ [ [ 80.288318987205827, 12.990424002874592 ], [ 80.288318987205827, 12.994915558749547 ], [ 80.283708354298966, 12.994915558749547 ], [ 80.283708354298966, 12.990424002874592 ], [ 80.288318987205827, 12.990424002874592 ] ] ] } },
{ "type": "Feature", "properties": { "cell_id": 426, "lon": 80.290624303659257, "lat": 12.99266978081207 }, "geometry": { "type": "Polygon", "coordinates": [ [ [ 80.292929620112687, 12.990424002874592 ], [ 80.292929620112687, 12.994915558749547 ], [ 80.288318987205827, 12.994915558749547 ], [ 80.288318987205827, 12.990424002874592 ], [ 80.292929620112687, 12.990424002874592 ] ] ] } },
{ "type": "Feature", "properties": { "cell_id": 427, "lon": 80.295234936566118, "lat": 12.99266978081207 }, "geometry": { "type": "Polygon", "coordinates": [ [ [ 80.297540253019548, 12.990424002874592 ], [ 80.297540253019548, 12.994915558749547 ], [ 80.292929620112687, 12.994915558749547 ], [ 80.292929620112687, 12.990424002874592 ], [ 80.297540253019548, 12.990424002874592 ] ] ] } },
{ "type": "Feature", "properties": { "cell_id": 428, "lon": 80.299845569472978, "lat": 12.99266978081207 }, "geometry": { "type": "Polygon", "coordinates": [ [ [ 80.302150885926409, 12.990424002874592 ], [ 80.302150885926409, 12.994915558749547 ], [ 80.297540253019548, 12.994915558749547 ], [ 80.297540253019548, 12.990424002874592 ], [ 80.302150885926409, 12.990424002874592 ] ] ] } },
{ "type": "Feature", "properties": { "cell_id": 440, "lon": 80.152305316453436, "lat": 12.997161336687025 }, "geometry": { "type": "Polygon", "coordinates": [ [ [ 80.154610632906866, 12.994915558749547 ], [ 80.154610632906866, 12.999407114624502 ], [ 80.15, 12.999407114624502 ], [ 80.15, 12.994915558749547 ], [ 80.154610632906866, 12.994915558749547 ] ] ] } },
{ "type": "Feature", "properties": { "cell_id": 441, "lon": 80.156915949360297, "lat": 12.997161336687025 }, "geometry": { "type": "Polygon", "coordinates": [ [ [ 80.159221265813727, 12.994915558749547 ], [ 80.159221265813727, 12.999407114624502 ], [ 80.154610632906866, 12.999407114624502 ], [ 80.154610632906866, 12.994915558749547 ], [ 80.159221265813727, 12.994915558749547 ] ] ] } },
{ "type": "Feature", "properties": { "cell_id": 442, "lon": 80.161526582267157, "lat": 12.997161336687025 }, "geometry": { "type": "Polygon", "coordinates": [ [ [ 80.163831898720588, 12.994915558749547 ], [ 80.163831898720588, 12.999407114624502 ], [ 80.159221265813727, 12.999407114624502 ], [ 80.159221265813727, 12.994915558749547 ], [ 80.163831898720588, 12.994915558749547 ] ] ] } },
{ "type": "Feature", "properties": { "cell_id": 443, "lon": 80.166137215174018, "lat": 12.997161336687025 }, "geometry": { "type": "Polygon", "coordinates": [ [ [ 80.168442531627448, 12.994915558749547 ], [ 80.168442531627448, 12.999407114624502 ], [ 80.163831898720588, 12.999407114624502 ], [ 80.163831898720588, 12.994915558749547 ], [ 80.168442531627448, 12.994915558749547 ] ] ] } },
{ "type": "Feature", "properties": { "cell_id": 444, "lon": 80.170747848080879, "lat": 12.997161336687025 }, "geometry": { "type": "Polygon", "coordinates": [ [ [ 80.173053164534309, 12.994915558749547 ], [ 80.173053164534309, 12.999407114624502 ], [ 80.168442531627448, 12.999407114624502 ], [ 80.168442531627448, 12.994915558749547 ], [ 80.173053164534309, 12.994915558749547 ] ] ] } },
{ "type": "Feature", "properties": { "cell_id": 445, "lon": 80.17535848098774, "lat": 12.997161336687025 }, "geometry": { "type": "Polygon", "coordinates": [ [ [ 80.17766379744117, 12.994915558749547 ], [ 80.17766379744117, 12.999407114624502 ], [ 80.173053164534309, 12.999407114624502 ], [ 80.173053164534309, 12.994915558749547 ], [ 80.17766379744117, 12.994915558749547 ] ] ] } },
{ "type": "Feature", "properties": { "cell_id": 446, "lon": 80.1799691138946, "lat": 12.997161336687025 }, "geometry": { "type": "Polygon", "coordinates": [ [ [ 80.182274430348031, 12.994915558749547 ], [ 80.182274430348031, 12.999407114624502 ], [ 80.17766379744117, 12.999407114624502 ], [ 80.17766379744117, 12.994915558749547 ], [ 80.182274430348031, 12.994915558749547 ] ] ] } },
{ "type": "Feature", "properties": { "cell_id": 447, "lon": 80.184579746801461, "lat": 12.997161336687025 }, "geometry": { "type": "Polygon", "coordinates": [ [ [ 80.186885063254891, 12.994915558749547 ], [ 80.186885063254891, 12.999407114624502 ], [ 80.182274430348031, 12.999407114624502 ], [ 80.182274430348031, 12.994915558749547 ], [ 80.186885063254891, 12.994915558749547 ] ] ] } },
{ "type": "Feature", "properties": { "cell_id": 448, "lon": 80.189190379708322, "lat": 12.997161336687025 }, "geometry": { "type": "Polygon", "coordinates": [ [ [ 80.191495696161752, 12.994915558749547 ], [ 80.191495696161752, 12.999407114624502 ], [ 80.186885063254891, 12.999407114624502 ], [ 80.186885063254891, 12.994915558749547 ], [ 80.191495696161752, 12.994915558749547 ] ] ] } },
{ "type": "Feature", "properties": { "cell_id": 449, "lon": 80.193801012615182, "lat": 12.997161336687025 }, "geometry": { "type": "Polygon", "coordinates": [ [ [ 80.196106329068613, 12.994915558749547 ], [ 80.196106329068613, 12.999407114624502 ], [ 80.191495696161752, 12.999407114624502 ], [ 80.191495696161752, 12.994915558749547 ], [ 80.196106329068613, 12.994915558749547 ] ] ] } },
{ "type": "Feature", "properties": { "cell_id": 450, "lon": 80.198411645522043, "lat": 12.997161336687025 }, "geometry": { "type": "Polygon", "coordinates": [ [ [ 80.200716961975473, 12.994915558749547 ], [ 80.200716961975473, 12.999407114624502 ], [ 80.196106329068613, 12.999407114624502 ], [ 80.196106329068613, 12.994915558749547 ], [ 80.200716961975473, 12.994915558749547 ] ] ] } },
{ "type": "Feature", "properties": { "cell_id": 451, "lon": 80.203022278428904, "lat": 12.997161336687025 }, "geometry": { "type": "Polygon", "coordinates": [ [ [ 80.205327594882334, 12.994915558749547 ], [ 80.205327594882334, 12.999407114624502 ], [ 80.200716961975473, 12.999407114624502 ], [ 80.200716961975473, 12.994915558749547 ], [ 80.205327594882334, 12.994915558749547 ] ] ] } },
{ "type": "Feature", "properties": { "cell_id": 452, "lon": 80.207632911335764, "lat": 12.997161336687025 }, "geometry": { "type": "Polygon", "coordinates": [ [ [ 80.209938227789195, 12.994915558749547 ], [ 80.209938227789195, 12.999407114624502 ], [ 80.205327594882334, 12.999407114624502 ], [ 80.205327594882334, 12.994915558749547 ], [ 80.209938227789195, 12.994915558749547 ] ] ] } },
{ "type": "Feature", "properties": { "cell_id": 453, "lon": 80.212243544242625, "lat": 12.997161336687025 }, "geometry": { "type": "Polygon", "coordinates": [ [ [ 80.214548860696055, 12.994915558749547 ], [ 80.214548860696055, 12.999407114624502 ], [ 80.209938227789195, 12.999407114624502 ], [ 80.209938227789195, 12.994915558749547 ], [ 80.214548860696055, 12.994915558749547 ] ] ] } },
{ "type": "Feature", "properties": { "cell_id": 454, "lon": 80.216854177149486, "lat": 12.997161336687025 }, "geometry": { "type": "Polygon", "coordinates": [ [ [ 80.219159493602916, 12.994915558749547 ], [ 80.219159493602916, 12.999407114624502 ], [ 80.214548860696055, 12.999407114624502 ], [ 80.214548860696055, 12.994915558749547 ], [ 80.219159493602916, 12.994915558749547 ] ] ] } },
{ "type": "Feature", "properties": { "cell_id": 455, "lon": 80.221464810056347, "lat": 12.997161336687025 }, "geometry": { "type": "Polygon", "coordinates": [ [ [ 80.223770126509777, 12.994915558749547 ], [ 80.223770126509777, 12.999407114624502 ], [ 80.219159493602916, 12.999407114624502 ], [ 80.219159493602916, 12.994915558749547 ], [ 80.223770126509777, 12.994915558749547 ] ] ] } },
{ "type": "Feature", "properties": { "cell_id": 456, "lon": 80.226075442963207, "lat": 12.997161336687025 }, "geometry": { "type": "Polygon", "coordinates": [ [ [ 80.228380759416638, 12.994915558749547 ], [ 80.228380759416638, 12.999407114624502 ], [ 80.223770126509777, 12.999407114624502 ], [ 80.223770126509777, 12.994915558749547 ], [ 80.228380759416638, 12.994915558749547 ] ] ] } },
{ "type": "Feature", "properties": { "cell_id": 457, "lon": 80.230686075870068, "lat": 12.997161336687025 }, "geometry": { "type": "Polygon", "coordinates": [ [ [ 80.232991392323498, 12.994915558749547 ], [ 80.232991392323498, 12.999407114624502 ], [ 80.228380759416638, 12.999407114624502 ], [ 80.228380759416638, 12.994915558749547 ], [ 80.232991392323498, 12.994915558749547 ] ] ] } },
{ "type": "Feature", "properties": { "cell_id": 458, "lon": 80.235296708776929, "lat": 12.997161336687025 }, "geometry": { "type": "Polygon", "coordinates": [ [ [ 80.237602025230359, 12.994915558749547 ], [ 80.237602025230359, 12.999407114624502 ], [ 80.232991392323498, 12.999407114624502 ], [ 80.232991392323498, 12.994915558749547 ], [ 80.237602025230359, 12.994915558749547 ] ] ] } },
{ "type": "Feature", "properties": { "cell_id": 459, "lon": 80.239907341683789, "lat": 12.997161336687025 }, "geometry": { "type": "Polygon", "coordinates": [ [ [ 80.24221265813722, 12.994915558749547 ], [ 80.24221265813722, 12.999407114624502 ], [ 80.237602025230359, 12.999407114624502 ], [ 80.237602025230359, 12.994915558749547 ], [ 80.24221265813722, 12.994915558749547 ] ] ] } },
{ "type": "Feature", "properties": { "cell_id": 460, "lon": 80.24451797459065, "lat": 12.997161336687025 }, "geometry": { "type": "Polygon", "coordinates": [ [ [ 80.24682329104408, 12.994915558749547 ], [ 80.24682329104408, 12.999407114624502 ], [ 80.24221265813722, 12.999407114624502 ], [ 80.24221265813722, 12.994915558749547 ], [ 80.24682329104408, 12.994915558749547 ] ] ] } },
{ "type": "Feature", "properties": { "cell_id": 461, "lon": 80.249128607497511, "lat": 12.997161336687025 }, "geometry": { "type": "Polygon", "coordinates": [ [ [ 80.251433923950941, 12.994915558749547 ], [ 80.251433923950941, 12.999407114624502 ], [ 80.24682329104408, 12.999407114624502 ], [ 80.24682329104408, 12.994915558749547 ], [ 80.251433923950941, 12.994915558749547 ] ] ] } },
{ "type": "Feature", "properties": { "cell_id": 462, "lon": 80.253739240404371, "lat": 12.997161336687025 }, "geometry": { "type": "Polygon", "coordinates": [ [ [ 80.256044556857802, 12.994915558749547 ], [ 80.256044556857802, 12.999407114624502 ], [ 80.251433923950941, 12.999407114624502 ], [ 80.251433923950941, 12.994915558749547 ], [ 80.256044556857802, 12.994915558749547 ] ] ] } },
{ "type": "Feature", "properties": { "cell_id": 463, "lon": 80.258349873311232, "lat": 12.997161336687025 }, "geometry": { "type": "Polygon", "coordinates": [ [ [ 80.260655189764663, 12.994915558749547 ], [ 80.260655189764663, 12.999407114624502 ], [ 80.256044556857802, 12.999407114624502 ], [ 80.256044556857802, 12.994915558749547 ], [ 80.260655189764663, 12.994915558749547 ] ] ] } },
{ "type": "Feature", "properties": { "cell_id": 464, "lon": 80.262960506218093, "lat": 12.997161336687025 }, "geometry": { "type": "Polygon", "coordinates": [ [ [ 80.265265822671523, 12.994915558749547 ], [ 80.265265822671523, 12.999407114624502 ], [ 80.260655189764663, 12.999407114624502 ], [ 80.260655189764663, 12.994915558749547 ], [ 80.265265822671523, 12.994915558749547 ] ] ] } },
{ "type": "Feature", "properties": { "cell_id": 465, "lon": 80.267571139124954, "lat": 12.997161336687025 }, "geometry": { "type": "Polygon", "coordinates": [ [ [ 80.269876455578384, 12.994915558749547 ], [ 80.269876455578384, 12.999407114624502 ], [ 80.265265822671523, 12.999407114624502 ], [ 80.265265822671523, 12.994915558749547 ], [ 80.269876455578384, 12.994915558749547 ] ] ] } },
{ "type": "Feature", "properties": { "cell_id": 466, "lon": 80.272181772031814, "lat": 12.997161336687025 }, "geometry": { "type": "Polygon", "coordinates": [ [ [ 80.274487088485245, 12.994915558749547 ], [ 80.274487088485245, 12.999407114624502 ], [ 80.269876455578384, 12.999407114624502 ], [ 80.269876455578384, 12.994915558749547 ], [ 80.274487088485245, 12.994915558749547 ] ] ] } },
{ "type": "Feature", "properties": { "cell_id": 467, "lon": 80.276792404938675, "lat": 12.997161336687025 }, "geometry": { "type": "Polygon", "coordinates": [ [ [ 80.279097721392105, 12.994915558749547 ], [ 80.279097721392105, 12.999407114624502 ], [ 80.274487088485245, 12.999407114624502 ], [ 80.274487088485245, 12.994915558749547 ], [ 80.279097721392105, 12.994915558749547 ] ] ] } },
{ "type": "Feature", "properties": { "cell_id": 468, "lon": 80.281403037845536, "lat": 12.997161336687025 }, "geometry": { "type": "Polygon", "coordinates": [ [ [ 80.283708354298966, 12.994915558749547 ], [ 80.283708354298966, 12.999407114624502 ], [ 80.279097721392105, 12.999407114624502 ], [ 80.279097721392105, 12.994915558749547 ], [ 80.283708354298966, 12.994915558749547 ] ] ] } },
{ "type": "Feature", "properties": { "cell_id": 469, "lon": 80.286013670752396, "lat": 12.997161336687025 }, "geometry": { "type": "Polygon", "coordinates": [ [ [ 80.288318987205827, 12.994915558749547 ], [ 80.288318987205827, 12.999407114624502 ], [ 80.283708354298966, 12.999407114624502 ], [ 80.283708354298966, 12.994915558749547 ], [ 80.288318987205827, 12.994915558749547 ] ] ] } },
{ "type": "Feature", "properties": { "cell_id": 470, "lon": 80.290624303659257, "lat": 12.997161336687025 }, "geometry": { "type": "Polygon", "coordinates": [ [ [ 80.292929620112687, 12.994915558749547 ], [ 80.292929620112687, 12.999407114624502 ], [ 80.288318987205827, 12.999407114624502 ], [ 80.288318987205827, 12.994915558749547 ], [ 80.292929620112687, 12.994915558749547 ] ] ] } },
{ "type": "Feature", "properties": { "cell_id": 471, "lon": 80.295234936566118, "lat": 12.997161336687025 }, "geometry": { "type": "Polygon", "coordinates": [ [ [ 80.297540253019548, 12.994915558749547 ], [ 80.297540253019548, 12.999407114624502 ], [ 80.292929620112687, 12.999407114624502 ], [ 80.292929620112687, 12.994915558749547 ], [ 80.297540253019548, 12.994915558749547 ] ] ] } },
{ "type": "Feature", "properties": { "cell_id": 472, "lon": 80.299845569472978, "lat": 12.997161336687025 }, "geometry": { "type": "Polygon", "coordinates": [ [ [ 80.302150885926409, 12.994915558749547 ], [ 80.302150885926409, 12.999407114624502 ], [ 80.297540253019548, 12.999407114624502 ], [ 80.297540253019548, 12.994915558749547 ], [ 80.302150885926409, 12.994915558749547 ] ] ] } },
{ "type": "Feature", "properties": { "cell_id": 484, "lon": 80.152305316453436, "lat": 13.00165289256198 }, "geometry": { "type": "Polygon", "coordinates": [ [ [ 80.154610632906866, 12.999407114624502 ], [ 80.154610632906866, 13.003898670499456 ], [ 80.15, 13.003898670499456 ], [ 80.15, 12.999407114624502 ], [ 80.154610632906866, 12.999407114624502 ] ] ] } },
{ "type": "Feature", "properties": { "cell_id": 485, "lon": 80.156915949360297, "lat": 13.00165289256198 }, "geometry": { "type": "Polygon", "coordinates": [ [ [ 80.159221265813727, 12.999407114624502 ], [ 80.159221265813727, 13.003898670499456 ], [ 80.154610632906866, 13.003898670499456 ], [ 80.154610632906866, 12.999407114624502 ], [ 80.159221265813727, 12.999407114624502 ] ] ] } },
{ "type": "Feature", "properties": { "cell_id": 486, "lon": 80.161526582267157, "lat": 13.00165289256198 }, "geometry": { "type": "Polygon", "coordinates": [ [ [ 80.163831898720588, 12.999407114624502 ], [ 80.163831898720588, 13.003898670499456 ], [ 80.159221265813727, 13.003898670499456 ], [ 80.159221265813727, 12.999407114624502 ], [ 80.163831898720588, 12.999407114624502 ] ] ] } },
{ "type": "Feature", "properties": { "cell_id": 487, "lon": 80.166137215174018, "lat": 13.00165289256198 }, "geometry": { "type": "Polygon", "coordinates": [ [ [ 80.168442531627448, 12.999407114624502 ], [ 80.168442531627448, 13.003898670499456 ], [ 80.163831898720588, 13.003898670499456 ], [ 80.163831898720588, 12.999407114624502 ], [ 80.168442531627448, 12.999407114624502 ] ] ] } },
{ "type": "Feature", "properties": { "cell_id": 488, "lon": 80.170747848080879, "lat": 13.00165289256198 }, "geometry": { "type": "Polygon", "coordinates": [ [ [ 80.173053164534309, 12.999407114624502 ], [ 80.173053164534309, 13.003898670499456 ], [ 80.168442531627448, 13.003898670499456 ], [ 80.168442531627448, 12.999407114624502 ], [ 80.173053164534309, 12.999407114624502 ] ] ] } },
{ "type": "Feature", "properties": { "cell_id": 489, "lon": 80.17535848098774, "lat": 13.00165289256198 }, "geometry": { "type": "Polygon", "coordinates": [ [ [ 80.17766379744117, 12.999407114624502 ], [ 80.17766379744117, 13.003898670499456 ], [ 80.173053164534309, 13.003898670499456 ], [ 80.173053164534309, 12.999407114624502 ], [ 80.17766379744117, 12.999407114624502 ] ] ] } },
{ "type": "Feature", "properties": { "cell_id": 490, "lon": 80.1799691138946, "lat": 13.00165289256198 }, "geometry": { "type": "Polygon", "coordinates": [ [ [ 80.182274430348031, 12.999407114624502 ], [ 80.182274430348031, 13.003898670499456 ], [ 80.17766379744117, 13.003898670499456 ], [ 80.17766379744117, 12.999407114624502 ], [ 80.182274430348031, 12.999407114624502 ] ] ] } },
{ "type": "Feature", "properties": { "cell_id": 491, "lon": 80.184579746801461, "lat": 13.00165289256198 }, "geometry": { "type": "Polygon", "coordinates": [ [ [ 80.186885063254891, 12.999407114624502 ], [ 80.186885063254891, 13.003898670499456 ], [ 80.182274430348031, 13.003898670499456 ], [ 80.182274430348031, 12.999407114624502 ], [ 80.186885063254891, 12.999407114624502 ] ] ] } },
{ "type": "Feature", "properties": { "cell_id": 492, "lon": 80.189190379708322, "lat": 13.00165289256198 }, "geometry": { "type": "Polygon", "coordinates": [ [ [ 80.191495696161752, 12.999407114624502 ], [ 80.191495696161752, 13.003898670499456 ], [ 80.186885063254891, 13.003898670499456 ], [ 80.186885063254891, 12.999407114624502 ], [ 80.191495696161752, 12.999407114624502 ] ] ] } },
{ "type": "Feature", "properties": { "cell_id": 493, "lon": 80.193801012615182, "lat": 13.00165289256198 }, "geometry": { "type": "Polygon", "coordinates": [ [ [ 80.196106329068613, 12.999407114624502 ], [ 80.196106329068613, 13.003898670499456 ], [ 80.191495696161752, 13.003898670499456 ], [ 80.191495696161752, 12.999407114624502 ], [ 80.196106329068613, 12.999407114624502 ] ] ] } },
{ "type": "Feature", "properties": { "cell_id": 494, "lon": 80.198411645522043, "lat": 13.00165289256198 }, "geometry": { "type": "Polygon", "coordinates": [ [ [ 80.200716961975473, 12.999407114624502 ], [ 80.200716961975473, 13.003898670499456 ], [ 80.196106329068613, 13.003898670499456 ], [ 80.196106329068613, 12.999407114624502 ], [ 80.200716961975473, 12.999407114624502 ] ] ] } },
{ "type": "Feature", "properties": { "cell_id": 495, "lon": 80.203022278428904, "lat": 13.00165289256198 }, "geometry": { "type": "Polygon", "coordinates": [ [ [ 80.205327594882334, 12.999407114624502 ], [ 80.205327594882334, 13.003898670499456 ], [ 80.200716961975473, 13.003898670499456 ], [ 80.200716961975473, 12.999407114624502 ], [ 80.205327594882334, 12.999407114624502 ] ] ] } },
{ "type": "Feature", "properties": { "cell_id": 496, "lon": 80.207632911335764, "lat": 13.00165289256198 }, "geometry": { "type": "Polygon", "coordinates": [ [ [ 80.209938227789195, 12.999407114624502 ], [ 80.209938227789195, 13.003898670499456 ], [ 80.205327594882334, 13.003898670499456 ], [ 80.205327594882334, 12.999407114624502 ], [ 80.209938227789195, 12.999407114624502 ] ] ] } },
{ "type": "Feature", "properties": { "cell_id": 497, "lon": 80.212243544242625, "lat": 13.00165289256198 }, "geometry": { "type": "Polygon", "coordinates": [ [ [ 80.214548860696055, 12.999407114624502 ], [ 80.214548860696055, 13.003898670499456 ], [ 80.209938227789195, 13.003898670499456 ], [ 80.209938227789195, 12.999407114624502 ], [ 80.214548860696055, 12.999407114624502 ] ] ] } },
{ "type": "Feature", "properties": { "cell_id": 498, "lon": 80.216854177149486, "lat": 13.00165289256198 }, "geometry": { "type": "Polygon", "coordinates": [ [ [ 80.219159493602916, 12.999407114624502 ], [ 80.219159493602916, 13.003898670499456 ], [ 80.214548860696055, 13.003898670499456 ], [ 80.214548860696055, 12.999407114624502 ], [ 80.219159493602916, 12.999407114624502 ] ] ] } },
{ "type": "Feature", "properties": { "cell_id": 499, "lon": 80.221464810056347, "lat": 13.00165289256198 }, "geometry": { "type": "Polygon", "coordinates": [ [ [ 80.223770126509777, 12.999407114624502 ], [ 80.223770126509777, 13.003898670499456 ], [ 80.219159493602916, 13.003898670499456 ], [ 80.219159493602916, 12.999407114624502 ], [ 80.223770126509777, 12.999407114624502 ] ] ] } },
{ "type": "Feature", "properties": { "cell_id": 500, "lon": 80.226075442963207, "lat": 13.00165289256198 }, "geometry": { "type": "Polygon", "coordinates": [ [ [ 80.228380759416638, 12.999407114624502 ], [ 80.228380759416638, 13.003898670499456 ], [ 80.223770126509777, 13.003898670499456 ], [ 80.223770126509777, 12.999407114624502 ], [ 80.228380759416638, 12.999407114624502 ] ] ] } },
{ "type": "Feature", "properties": { "cell_id": 501, "lon": 80.230686075870068, "lat": 13.00165289256198 }, "geometry": { "type": "Polygon", "coordinates": [ [ [ 80.232991392323498, 12.999407114624502 ], [ 80.232991392323498, 13.003898670499456 ], [ 80.228380759416638, 13.003898670499456 ], [ 80.228380759416638, 12.999407114624502 ], [ 80.232991392323498, 12.999407114624502 ] ] ] } },
{ "type": "Feature", "properties": { "cell_id": 502, "lon": 80.235296708776929, "lat": 13.00165289256198 }, "geometry": { "type": "Polygon", "coordinates": [ [ [ 80.237602025230359, 12.999407114624502 ], [ 80.237602025230359, 13.003898670499456 ], [ 80.232991392323498, 13.003898670499456 ], [ 80.232991392323498, 12.999407114624502 ], [ 80.237602025230359, 12.999407114624502 ] ] ] } },
{ "type": "Feature", "properties": { "cell_id": 503, "lon": 80.239907341683789, "lat": 13.00165289256198 }, "geometry": { "type": "Polygon", "coordinates": [ [ [ 80.24221265813722, 12.999407114624502 ], [ 80.24221265813722, 13.003898670499456 ], [ 80.237602025230359, 13.003898670499456 ], [ 80.237602025230359, 12.999407114624502 ], [ 80.24221265813722, 12.999407114624502 ] ] ] } },
{ "type": "Feature", "properties": { "cell_id": 504, "lon": 80.24451797459065, "lat": 13.00165289256198 }, "geometry": { "type": "Polygon", "coordinates": [ [ [ 80.24682329104408, 12.999407114624502 ], [ 80.24682329104408, 13.003898670499456 ], [ 80.24221265813722, 13.003898670499456 ], [ 80.24221265813722, 12.999407114624502 ], [ 80.24682329104408, 12.999407114624502 ] ] ] } },
{ "type": "Feature", "properties": { "cell_id": 505, "lon": 80.249128607497511, "lat": 13.00165289256198 }, "geometry": { "type": "Polygon", "coordinates": [ [ [ 80.251433923950941, 12.999407114624502 ], [ 80.251433923950941, 13.003898670499456 ], [ 80.24682329104408, 13.003898670499456 ], [ 80.24682329104408, 12.999407114624502 ], [ 80.251433923950941, 12.999407114624502 ] ] ] } },
{ "type": "Feature", "properties": { "cell_id": 506, "lon": 80.253739240404371, "lat": 13.00165289256198 }, "geometry": { "type": "Polygon", "coordinates": [ [ [ 80.256044556857802, 12.999407114624502 ], [ 80.256044556857802, 13.003898670499456 ], [ 80.251433923950941, 13.003898670499456 ], [ 80.251433923950941, 12.999407114624502 ], [ 80.256044556857802, 12.999407114624502 ] ] ] } },
{ "type": "Feature", "properties": { "cell_id": 507, "lon": 80.258349873311232, "lat": 13.00165289256198 }, "geometry": { "type": "Polygon", "coordinates": [ [ [ 80.260655189764663, 12.999407114624502 ], [ 80.260655189764663, 13.003898670499456 ], [ 80.256044556857802, 13.003898670499456 ], [ 80.256044556857802, 12.999407114624502 ], [ 80.260655189764663, 12.999407114624502 ] ] ] } },
{ "type": "Feature", "properties": { "cell_id": 508, "lon": 80.262960506218093, "lat": 13.00165289256198 }, "geometry": { "type": "Polygon", "coordinates": [ [ [ 80.265265822671523, 12.999407114624502 ], [ 80.265265822671523, 13.003898670499456 ], [ 80.260655189764663, 13.003898670499456 ], [ 80.260655189764663, 12.999407114624502 ], [ 80.265265822671523, 12.999407114624502 ] ] ] } },
{ "type": "Feature", "properties": { "cell_id": 509, "lon": 80.267571139124954, "lat": 13.00165289256198 }, "geometry": { "type": "Polygon", "coordinates": [ [ [ 80.269876455578384, 12.999407114624502 ], [ 80.269876455578384, 13.003898670499456 ], [ 80.265265822671523, 13.003898670499456 ], [ 80.265265822671523, 12.999407114624502 ], [ 80.269876455578384, 12.999407114624502 ] ] ] } },
{ "type": "Feature", "properties": { "cell_id": 510, "lon": 80.272181772031814, "lat": 13.00165289256198 }, "geometry": { "type": "Polygon", "coordinates": [ [ [ 80.274487088485245, 12.999407114624502 ], [ 80.274487088485245, 13.003898670499456 ], [ 80.269876455578384, 13.003898670499456 ], [ 80.269876455578384, 12.999407114624502 ], [ 80.274487088485245, 12.999407114624502 ] ] ] } },
{ "type": "Feature", "properties": { "cell_id": 511, "lon": 80.276792404938675, "lat": 13.00165289256198 }, "geometry": { "type": "Polygon", "coordinates": [ [ [ 80.279097721392105, 12.999407114624502 ], [ 80.279097721392105, 13.003898670499456 ], [ 80.274487088485245, 13.003898670499456 ], [ 80.274487088485245, 12.999407114624502 ], [ 80.279097721392105, 12.999407114624502 ] ] ] } },
{ "type": "Feature", "properties": { "cell_id": 512, "lon": 80.281403037845536, "lat": 13.00165289256198 }, "geometry": { "type": "Polygon", "coordinates": [ [ [ 80.283708354298966, 12.999407114624502 ], [ 80.283708354298966, 13.003898670499456 ], [ 80.279097721392105, 13.003898670499456 ], [ 80.279097721392105, 12.999407114624502 ], [ 80.283708354298966, 12.999407114624502 ] ] ] } },
{ "type": "Feature", "properties": { "cell_id": 513, "lon": 80.286013670752396, "lat": 13.00165289256198 }, "geometry": { "type": "Polygon", "coordinates": [ [ [ 80.288318987205827, 12.999407114624502 ], [ 80.288318987205827, 13.003898670499456 ], [ 80.283708354298966, 13.003898670499456 ], [ 80.283708354298966, 12.999407114624502 ], [ 80.288318987205827, 12.999407114624502 ] ] ] } },
{ "type": "Feature", "properties": { "cell_id": 514, "lon": 80.290624303659257, "lat": 13.00165289256198 }, "geometry": { "type": "Polygon", "coordinates": [ [ [ 80.292929620112687, 12.999407114624502 ], [ 80.292929620112687, 13.003898670499456 ], [ 80.288318987205827, 13.003898670499456 ], [ 80.288318987205827, 12.999407114624502 ], [ 80.292929620112687, 12.999407114624502 ] ] ] } },
{ "type": "Feature", "properties": { "cell_id": 515, "lon": 80.295234936566118, "lat": 13.00165289256198 }, "geometry": { "type": "Polygon", "coordinates": [ [ [ 80.297540253019548, 12.999407114624502 ], [ 80.297540253019548, 13.003898670499456 ], [ 80.292929620112687, 13.003898670499456 ], [ 80.292929620112687, 12.999407114624502 ], [ 80.297540253019548, 12.999407114624502 ] ] ] } },
{ "type": "Feature", "properties": { "cell_id": 516, "lon": 80.299845569472978, "lat": 13.00165289256198 }, "geometry": { "type": "Polygon", "coordinates": [ [ [ 80.302150885926409, 12.999407114624502 ], [ 80.302150885926409, 13.003898670499456 ], [ 80.297540253019548, 13.003898670499456 ], [ 80.297540253019548, 12.999407114624502 ], [ 80.302150885926409, 12.999407114624502 ] ] ] } },
{ "type": "Feature", "properties": { "cell_id": 528, "lon": 80.152305316453436, "lat": 13.006144448436935 }, "geometry": { "type": "Polygon", "coordinates": [ [ [ 80.154610632906866, 13.003898670499456 ], [ 80.154610632906866, 13.008390226374411 ], [ 80.15, 13.008390226374411 ], [ 80.15, 13.003898670499456 ], [ 80.154610632906866, 13.003898670499456 ] ] ] } },
{ "type": "Feature", "properties": { "cell_id": 529, "lon": 80.156915949360297, "lat": 13.006144448436935 }, "geometry": { "type": "Polygon", "coordinates": [ [ [ 80.159221265813727, 13.003898670499456 ], [ 80.159221265813727, 13.008390226374411 ], [ 80.154610632906866, 13.008390226374411 ], [ 80.154610632906866, 13.003898670499456 ], [ 80.159221265813727, 13.003898670499456 ] ] ] } },
{ "type": "Feature", "properties": { "cell_id": 530, "lon": 80.161526582267157, "lat": 13.006144448436935 }, "geometry": { "type": "Polygon", "coordinates": [ [ [ 80.163831898720588, 13.003898670499456 ], [ 80.163831898720588, 13.008390226374411 ], [ 80.159221265813727, 13.008390226374411 ], [ 80.159221265813727, 13.003898670499456 ], [ 80.163831898720588, 13.003898670499456 ] ] ] } },
{ "type": "Feature", "properties": { "cell_id": 531, "lon": 80.166137215174018, "lat": 13.006144448436935 }, "geometry": { "type": "Polygon", "coordinates": [ [ [ 80.168442531627448, 13.003898670499456 ], [ 80.168442531627448, 13.008390226374411 ], [ 80.163831898720588, 13.008390226374411 ], [ 80.163831898720588, 13.003898670499456 ], [ 80.168442531627448, 13.003898670499456 ] ] ] } },
{ "type": "Feature", "properties": { "cell_id": 532, "lon": 80.170747848080879, "lat": 13.006144448436935 }, "geometry": { "type": "Polygon", "coordinates": [ [ [ 80.173053164534309, 13.003898670499456 ], [ 80.173053164534309, 13.008390226374411 ], [ 80.168442531627448, 13.008390226374411 ], [ 80.168442531627448, 13.003898670499456 ], [ 80.173053164534309, 13.003898670499456 ] ] ] } },
{ "type": "Feature", "properties": { "cell_id": 533, "lon": 80.17535848098774, "lat": 13.006144448436935 }, "geometry": { "type": "Polygon", "coordinates": [ [ [ 80.17766379744117, 13.003898670499456 ], [ 80.17766379744117, 13.008390226374411 ], [ 80.173053164534309, 13.008390226374411 ], [ 80.173053164534309, 13.003898670499456 ], [ 80.17766379744117, 13.003898670499456 ] ] ] } },
{ "type": "Feature", "properties": { "cell_id": 534, "lon": 80.1799691138946, "lat": 13.006144448436935 }, "geometry": { "type": "Polygon", "coordinates": [ [ [ 80.182274430348031, 13.003898670499456 ], [ 80.182274430348031, 13.008390226374411 ], [ 80.17766379744117, 13.008390226374411 ], [ 80.17766379744117, 13.003898670499456 ], [ 80.182274430348031, 13.003898670499456 ] ] ] } },
{ "type": "Feature", "properties": { "cell_id": 535, "lon": 80.184579746801461, "lat": 13.006144448436935 }, "geometry": { "type": "Polygon", "coordinates": [ [ [ 80.186885063254891, 13.003898670499456 ], [ 80.186885063254891, 13.008390226374411 ], [ 80.182274430348031, 13.008390226374411 ], [ 80.182274430348031, 13.003898670499456 ], [ 80.186885063254891, 13.003898670499456 ] ] ] } },
{ "type": "Feature", "properties": { "cell_id": 536, "lon": 80.189190379708322, "lat": 13.006144448436935 }, "geometry": { "type": "Polygon", "coordinates": [ [ [ 80.191495696161752, 13.003898670499456 ], [ 80.191495696161752, 13.008390226374411 ], [ 80.186885063254891, 13.008390226374411 ], [ 80.186885063254891, 13.003898670499456 ], [ 80.191495696161752, 13.003898670499456 ] ] ] } },
{ "type": "Feature", "properties": { "cell_id": 537, "lon": 80.193801012615182, "lat": 13.006144448436935 }, "geometry": { "type": "Polygon", "coordinates": [ [ [ 80.196106329068613, 13.003898670499456 ], [ 80.196106329068613, 13.008390226374411 ], [ 80.191495696161752, 13.008390226374411 ], [ 80.191495696161752, 13.003898670499456 ], [ 80.196106329068613, 13.003898670499456 ] ] ] } },
{ "type": "Feature", "properties": { "cell_id": 538, "lon": 80.198411645522043, "lat": 13.006144448436935 }, "geometry": { "type": "Polygon", "coordinates": [ [ [ 80.200716961975473, 13.003898670499456 ], [ 80.200716961975473, 13.008390226374411 ], [ 80.196106329068613, 13.008390226374411 ], [ 80.196106329068613, 13.003898670499456 ], [ 80.200716961975473, 13.003898670499456 ] ] ] } },
{ "type": "Feature", "properties": { "cell_id": 539, "lon": 80.203022278428904, "lat": 13.006144448436935 }, "geometry": { "type": "Polygon", "coordinates": [ [ [ 80.205327594882334, 13.003898670499456 ], [ 80.205327594882334, 13.008390226374411 ], [ 80.200716961975473, 13.008390226374411 ], [ 80.200716961975473, 13.003898670499456 ], [ 80.205327594882334, 13.003898670499456 ] ] ] } },
{ "type": "Feature", "properties": { "cell_id": 540, "lon": 80.207632911335764, "lat": 13.006144448436935 }, "geometry": { "type": "Polygon", "coordinates": [ [ [ 80.209938227789195, 13.003898670499456 ], [ 80.209938227789195, 13.008390226374411 ], [ 80.205327594882334, 13.008390226374411 ], [ 80.205327594882334, 13.003898670499456 ], [ 80.209938227789195, 13.003898670499456 ] ] ] } },
{ "type": "Feature", "properties": { "cell_id": 541, "lon": 80.212243544242625, "lat": 13.006144448436935 }, "geometry": { "type": "Polygon", "coordinates": [ [ [ 80.214548860696055, 13.003898670499456 ], [ 80.214548860696055, 13.008390226374411 ], [ 80.209938227789195, 13.008390226374411 ], [ 80.209938227789195, 13.003898670499456 ], [ 80.214548860696055, 13.003898670499456 ] ] ] } },
{ "type": "Feature", "properties": { "cell_id": 542, "lon": 80.216854177149486, "lat": 13.006144448436935 }, "geometry": { "type": "Polygon", "coordinates": [ [ [ 80.219159493602916, 13.003898670499456 ], [ 80.219159493602916, 13.008390226374411 ], [ 80.214548860696055, 13.008390226374411 ], [ 80.214548860696055, 13.003898670499456 ], [ 80.219159493602916, 13.003898670499456 ] ] ] } },
{ "type": "Feature", "properties": { "cell_id": 543, "lon": 80.221464810056347, "lat": 13.006144448436935 }, "geometry": { "type": "Polygon", "coordinates": [ [ [ 80.223770126509777, 13.003898670499456 ], [ 80.223770126509777, 13.008390226374411 ], [ 80.219159493602916, 13.008390226374411 ], [ 80.219159493602916, 13.003898670499456 ], [ 80.223770126509777, 13.003898670499456 ] ] ] } },
{ "type": "Feature", "properties": { "cell_id": 544, "lon": 80.226075442963207, "lat": 13.006144448436935 }, "geometry": { "type": "Polygon", "coordinates": [ [ [ 80.228380759416638, 13.003898670499456 ], [ 80.228380759416638, 13.008390226374411 ], [ 80.223770126509777, 13.008390226374411 ], [ 80.223770126509777, 13.003898670499456 ], [ 80.228380759416638, 13.003898670499456 ] ] ] } },
{ "type": "Feature", "properties": { "cell_id": 545, "lon": 80.230686075870068, "lat": 13.006144448436935 }, "geometry": { "type": "Polygon", "coordinates": [ [ [ 80.232991392323498, 13.003898670499456 ], [ 80.232991392323498, 13.008390226374411 ], [ 80.228380759416638, 13.008390226374411 ], [ 80.228380759416638, 13.003898670499456 ], [ 80.232991392323498, 13.003898670499456 ] ] ] } },
{ "type": "Feature", "properties": { "cell_id": 546, "lon": 80.235296708776929, "lat": 13.006144448436935 }, "geometry": { "type": "Polygon", "coordinates": [ [ [ 80.237602025230359, 13.003898670499456 ], [ 80.237602025230359, 13.008390226374411 ], [ 80.232991392323498, 13.008390226374411 ], [ 80.232991392323498, 13.003898670499456 ], [ 80.237602025230359, 13.003898670499456 ] ] ] } },
{ "type": "Feature", "properties": { "cell_id": 547, "lon": 80.239907341683789, "lat": 13.006144448436935 }, "geometry": { "type": "Polygon", "coordinates": [ [ [ 80.24221265813722, 13.003898670499456 ], [ 80.24221265813722, 13.008390226374411 ], [ 80.237602025230359, 13.008390226374411 ], [ 80.237602025230359, 13.003898670499456 ], [ 80.24221265813722, 13.003898670499456 ] ] ] } },
{ "type": "Feature", "properties": { "cell_id": 548, "lon": 80.24451797459065, "lat": 13.006144448436935 }, "geometry": { "type": "Polygon", "coordinates": [ [ [ 80.24682329104408, 13.003898670499456 ], [ 80.24682329104408, 13.008390226374411 ], [ 80.24221265813722, 13.008390226374411 ], [ 80.24221265813722, 13.003898670499456 ], [ 80.24682329104408, 13.003898670499456 ] ] ] } },
{ "type": "Feature", "properties": { "cell_id": 549, "lon": 80.249128607497511, "lat": 13.006144448436935 }, "geometry": { "type": "Polygon", "coordinates": [ [ [ 80.251433923950941, 13.003898670499456 ], [ 80.251433923950941, 13.008390226374411 ], [ 80.24682329104408, 13.008390226374411 ], [ 80.24682329104408, 13.003898670499456 ], [ 80.251433923950941, 13.003898670499456 ] ] ] } },
{ "type": "Feature", "properties": { "cell_id": 550, "lon": 80.253739240404371, "lat": 13.006144448436935 }, "geometry": { "type": "Polygon", "coordinates": [ [ [ 80.256044556857802, 13.003898670499456 ], [ 80.256044556857802, 13.008390226374411 ], [ 80.251433923950941, 13.008390226374411 ], [ 80.251433923950941, 13.003898670499456 ], [ 80.256044556857802, 13.003898670499456 ] ] ] } },
{ "type": "Feature", "properties": { "cell_id": 551, "lon": 80.258349873311232, "lat": 13.006144448436935 }, "geometry": { "type": "Polygon", "coordinates": [ [ [ 80.260655189764663, 13.003898670499456 ], [ 80.260655189764663, 13.008390226374411 ], [ 80.256044556857802, 13.008390226374411 ], [ 80.256044556857802, 13.003898670499456 ], [ 80.260655189764663, 13.003898670499456 ] ] ] } },
{ "type": "Feature", "properties": { "cell_id": 552, "lon": 80.262960506218093, "lat": 13.006144448436935 }, "geometry": { "type": "Polygon", "coordinates": [ [ [ 80.265265822671523, 13.003898670499456 ], [ 80.265265822671523, 13.008390226374411 ], [ 80.260655189764663, 13.008390226374411 ], [ 80.260655189764663, 13.003898670499456 ], [ 80.265265822671523, 13.003898670499456 ] ] ] } },
{ "type": "Feature", "properties": { "cell_id": 553, "lon": 80.267571139124954, "lat": 13.006144448436935 }, "geometry": { "type": "Polygon", "coordinates": [ [ [ 80.269876455578384, 13.003898670499456 ], [ 80.269876455578384, 13.008390226374411 ], [ 80.265265822671523, 13.008390226374411 ], [ 80.265265822671523, 13.003898670499456 ], [ 80.269876455578384, 13.003898670499456 ] ] ] } },
{ "type": "Feature", "properties": { "cell_id": 554, "lon": 80.272181772031814, "lat": 13.006144448436935 }, "geometry": { "type": "Polygon", "coordinates": [ [ [ 80.274487088485245, 13.003898670499456 ], [ 80.274487088485245, 13.008390226374411 ], [ 80.269876455578384, 13.008390226374411 ], [ 80.269876455578384, 13.003898670499456 ], [ 80.274487088485245, 13.003898670499456 ] ] ] } },
{ "type": "Feature", "properties": { "cell_id": 555, "lon": 80.276792404938675, "lat": 13.006144448436935 }, "geometry": { "type": "Polygon", "coordinates": [ [ [ 80.279097721392105, 13.003898670499456 ], [ 80.279097721392105, 13.008390226374411 ], [ 80.274487088485245, 13.008390226374411 ], [ 80.274487088485245, 13.003898670499456 ], [ 80.279097721392105, 13.003898670499456 ] ] ] } },
{ "type": "Feature", "properties": { "cell_id": 556, "lon": 80.281403037845536, "lat": 13.006144448436935 }, "geometry": { "type": "Polygon", "coordinates": [ [ [ 80.283708354298966, 13.003898670499456 ], [ 80.283708354298966, 13.008390226374411 ], [ 80.279097721392105, 13.008390226374411 ], [ 80.279097721392105, 13.003898670499456 ], [ 80.283708354298966, 13.003898670499456 ] ] ] } },
{ "type": "Feature", "properties": { "cell_id": 557, "lon": 80.286013670752396, "lat": 13.006144448436935 }, "geometry": { "type": "Polygon", "coordinates": [ [ [ 80.288318987205827, 13.003898670499456 ], [ 80.288318987205827, 13.008390226374411 ], [ 80.283708354298966, 13.008390226374411 ], [ 80.283708354298966, 13.003898670499456 ], [ 80.288318987205827, 13.003898670499456 ] ] ] } },
{ "type": "Feature", "properties": { "cell_id": 558, "lon": 80.290624303659257, "lat": 13.006144448436935 }, "geometry": { "type": "Polygon", "coordinates": [ [ [ 80.292929620112687, 13.003898670499456 ], [ 80.292929620112687, 13.008390226374411 ], [ 80.288318987205827, 13.008390226374411 ], [ 80.288318987205827, 13.003898670499456 ], [ 80.292929620112687, 13.003898670499456 ] ] ] } },
{ "type": "Feature", "properties": { "cell_id": 559, "lon": 80.295234936566118, "lat": 13.006144448436935 }, "geometry": { "type": "Polygon", "coordinates": [ [ [ 80.297540253019548, 13.003898670499456 ], [ 80.297540253019548, 13.008390226374411 ], [ 80.292929620112687, 13.008390226374411 ], [ 80.292929620112687, 13.003898670499456 ], [ 80.297540253019548, 13.003898670499456 ] ] ] } },
{ "type": "Feature", "properties": { "cell_id": 560, "lon": 80.299845569472978, "lat": 13.006144448436935 }, "geometry": { "type": "Polygon", "coordinates": [ [ [ 80.302150885926409, 13.003898670499456 ], [ 80.302150885926409, 13.008390226374411 ], [ 80.297540253019548, 13.008390226374411 ], [ 80.297540253019548, 13.003898670499456 ], [ 80.302150885926409, 13.003898670499456 ] ] ] } },
{ "type": "Feature", "properties": { "cell_id": 572, "lon": 80.152305316453436, "lat": 13.010636004311889 }, "geometry": { "type": "Polygon", "coordinates": [ [ [ 80.154610632906866, 13.008390226374411 ], [ 80.154610632906866, 13.012881782249366 ], [ 80.15, 13.012881782249366 ], [ 80.15, 13.008390226374411 ], [ 80.154610632906866, 13.008390226374411 ] ] ] } },
{ "type": "Feature", "properties": { "cell_id": 573, "lon": 80.156915949360297, "lat": 13.010636004311889 }, "geometry": { "type": "Polygon", "coordinates": [ [ [ 80.159221265813727, 13.008390226374411 ], [ 80.159221265813727, 13.012881782249366 ], [ 80.154610632906866, 13.012881782249366 ], [ 80.154610632906866, 13.008390226374411 ], [ 80.159221265813727, 13.008390226374411 ] ] ] } },
{ "type": "Feature", "properties": { "cell_id": 574, "lon": 80.161526582267157, "lat": 13.010636004311889 }, "geometry": { "type": "Polygon", "coordinates": [ [ [ 80.163831898720588, 13.008390226374411 ], [ 80.163831898720588, 13.012881782249366 ], [ 80.159221265813727, 13.012881782249366 ], [ 80.159221265813727, 13.008390226374411 ], [ 80.163831898720588, 13.008390226374411 ] ] ] } },
{ "type": "Feature", "properties": { "cell_id": 575, "lon": 80.166137215174018, "lat": 13.010636004311889 }, "geometry": { "type": "Polygon", "coordinates": [ [ [ 80.168442531627448, 13.008390226374411 ], [ 80.168442531627448, 13.012881782249366 ], [ 80.163831898720588, 13.012881782249366 ], [ 80.163831898720588, 13.008390226374411 ], [ 80.168442531627448, 13.008390226374411 ] ] ] } },
{ "type": "Feature", "properties": { "cell_id": 576, "lon": 80.170747848080879, "lat": 13.010636004311889 }, "geometry": { "type": "Polygon", "coordinates": [ [ [ 80.173053164534309, 13.008390226374411 ], [ 80.173053164534309, 13.012881782249366 ], [ 80.168442531627448, 13.012881782249366 ], [ 80.168442531627448, 13.008390226374411 ], [ 80.173053164534309, 13.008390226374411 ] ] ] } },
{ "type": "Feature", "properties": { "cell_id": 577, "lon": 80.17535848098774, "lat": 13.010636004311889 }, "geometry": { "type": "Polygon", "coordinates": [ [ [ 80.17766379744117, 13.008390226374411 ], [ 80.17766379744117, 13.012881782249366 ], [ 80.173053164534309, 13.012881782249366 ], [ 80.173053164534309, 13.008390226374411 ], [ 80.17766379744117, 13.008390226374411 ] ] ] } },
{ "type": "Feature", "properties": { "cell_id": 578, "lon": 80.1799691138946, "lat": 13.010636004311889 }, "geometry": { "type": "Polygon", "coordinates": [ [ [ 80.182274430348031, 13.008390226374411 ], [ 80.182274430348031, 13.012881782249366 ], [ 80.17766379744117, 13.012881782249366 ], [ 80.17766379744117, 13.008390226374411 ], [ 80.182274430348031, 13.008390226374411 ] ] ] } },
{ "type": "Feature", "properties": { "cell_id": 579, "lon": 80.184579746801461, "lat": 13.010636004311889 }, "geometry": { "type": "Polygon", "coordinates": [ [ [ 80.186885063254891, 13.008390226374411 ], [ 80.186885063254891, 13.012881782249366 ], [ 80.182274430348031, 13.012881782249366 ], [ 80.182274430348031, 13.008390226374411 ], [ 80.186885063254891, 13.008390226374411 ] ] ] } },
{ "type": "Feature", "properties": { "cell_id": 580, "lon": 80.189190379708322, "lat": 13.010636004311889 }, "geometry": { "type": "Polygon", "coordinates": [ [ [ 80.191495696161752, 13.008390226374411 ], [ 80.191495696161752, 13.012881782249366 ], [ 80.186885063254891, 13.012881782249366 ], [ 80.186885063254891, 13.008390226374411 ], [ 80.191495696161752, 13.008390226374411 ] ] ] } },
{ "type": "Feature", "properties": { "cell_id": 581, "lon": 80.193801012615182, "lat": 13.010636004311889 }, "geometry": { "type": "Polygon", "coordinates": [ [ [ 80.196106329068613, 13.008390226374411 ], [ 80.196106329068613, 13.012881782249366 ], [ 80.191495696161752, 13.012881782249366 ], [ 80.191495696161752, 13.008390226374411 ], [ 80.196106329068613, 13.008390226374411 ] ] ] } },
{ "type": "Feature", "properties": { "cell_id": 582, "lon": 80.198411645522043, "lat": 13.010636004311889 }, "geometry": { "type": "Polygon", "coordinates": [ [ [ 80.200716961975473, 13.008390226374411 ], [ 80.200716961975473, 13.012881782249366 ], [ 80.196106329068613, 13.012881782249366 ], [ 80.196106329068613, 13.008390226374411 ], [ 80.200716961975473, 13.008390226374411 ] ] ] } },
{ "type": "Feature", "properties": { "cell_id": 583, "lon": 80.203022278428904, "lat": 13.010636004311889 }, "geometry": { "type": "Polygon", "coordinates": [ [ [ 80.205327594882334, 13.008390226374411 ], [ 80.205327594882334, 13.012881782249366 ], [ 80.200716961975473, 13.012881782249366 ], [ 80.200716961975473, 13.008390226374411 ], [ 80.205327594882334, 13.008390226374411 ] ] ] } },
{ "type": "Feature", "properties": { "cell_id": 584, "lon": 80.207632911335764, "lat": 13.010636004311889 }, "geometry": { "type": "Polygon", "coordinates": [ [ [ 80.209938227789195, 13.008390226374411 ], [ 80.209938227789195, 13.012881782249366 ], [ 80.205327594882334, 13.012881782249366 ], [ 80.205327594882334, 13.008390226374411 ], [ 80.209938227789195, 13.008390226374411 ] ] ] } },
{ "type": "Feature", "properties": { "cell_id": 585, "lon": 80.212243544242625, "lat": 13.010636004311889 }, "geometry": { "type": "Polygon", "coordinates": [ [ [ 80.214548860696055, 13.008390226374411 ], [ 80.214548860696055, 13.012881782249366 ], [ 80.209938227789195, 13.012881782249366 ], [ 80.209938227789195, 13.008390226374411 ], [ 80.214548860696055, 13.008390226374411 ] ] ] } },
{ "type": "Feature", "properties": { "cell_id": 586, "lon": 80.216854177149486, "lat": 13.010636004311889 }, "geometry": { "type": "Polygon", "coordinates": [ [ [ 80.219159493602916, 13.008390226374411 ], [ 80.219159493602916, 13.012881782249366 ], [ 80.214548860696055, 13.012881782249366 ], [ 80.214548860696055, 13.008390226374411 ], [ 80.219159493602916, 13.008390226374411 ] ] ] } },
{ "type": "Feature", "properties": { "cell_id": 587, "lon": 80.221464810056347, "lat": 13.010636004311889 }, "geometry": { "type": "Polygon", "coordinates": [ [ [ 80.223770126509777, 13.008390226374411 ], [ 80.223770126509777, 13.012881782249366 ], [ 80.219159493602916, 13.012881782249366 ], [ 80.219159493602916, 13.008390226374411 ], [ 80.223770126509777, 13.008390226374411 ] ] ] } },
{ "type": "Feature", "properties": { "cell_id": 588, "lon": 80.226075442963207, "lat": 13.010636004311889 }, "geometry": { "type": "Polygon", "coordinates": [ [ [ 80.228380759416638, 13.008390226374411 ], [ 80.228380759416638, 13.012881782249366 ], [ 80.223770126509777, 13.012881782249366 ], [ 80.223770126509777, 13.008390226374411 ], [ 80.228380759416638, 13.008390226374411 ] ] ] } },
{ "type": "Feature", "properties": { "cell_id": 589, "lon": 80.230686075870068, "lat": 13.010636004311889 }, "geometry": { "type": "Polygon", "coordinates": [ [ [ 80.232991392323498, 13.008390226374411 ], [ 80.232991392323498, 13.012881782249366 ], [ 80.228380759416638, 13.012881782249366 ], [ 80.228380759416638, 13.008390226374411 ], [ 80.232991392323498, 13.008390226374411 ] ] ] } },
{ "type": "Feature", "properties": { "cell_id": 590, "lon": 80.235296708776929, "lat": 13.010636004311889 }, "geometry": { "type": "Polygon", "coordinates": [ [ [ 80.237602025230359, 13.008390226374411 ], [ 80.237602025230359, 13.012881782249366 ], [ 80.232991392323498, 13.012881782249366 ], [ 80.232991392323498, 13.008390226374411 ], [ 80.237602025230359, 13.008390226374411 ] ] ] } },
{ "type": "Feature", "properties": { "cell_id": 591, "lon": 80.239907341683789, "lat": 13.010636004311889 }, "geometry": { "type": "Polygon", "coordinates": [ [ [ 80.24221265813722, 13.008390226374411 ], [ 80.24221265813722, 13.012881782249366 ], [ 80.237602025230359, 13.012881782249366 ], [ 80.237602025230359, 13.008390226374411 ], [ 80.24221265813722, 13.008390226374411 ] ] ] } },
{ "type": "Feature", "properties": { "cell_id": 592, "lon": 80.24451797459065, "lat": 13.010636004311889 }, "geometry": { "type": "Polygon", "coordinates": [ [ [ 80.24682329104408, 13.008390226374411 ], [ 80.24682329104408, 13.012881782249366 ], [ 80.24221265813722, 13.012881782249366 ], [ 80.24221265813722, 13.008390226374411 ], [ 80.24682329104408, 13.008390226374411 ] ] ] } },
{ "type": "Feature", "properties": { "cell_id": 593, "lon": 80.249128607497511, "lat": 13.010636004311889 }, "geometry": { "type": "Polygon", "coordinates": [ [ [ 80.251433923950941, 13.008390226374411 ], [ 80.251433923950941, 13.012881782249366 ], [ 80.24682329104408, 13.012881782249366 ], [ 80.24682329104408, 13.008390226374411 ], [ 80.251433923950941, 13.008390226374411 ] ] ] } },
{ "type": "Feature", "properties": { "cell_id": 594, "lon": 80.253739240404371, "lat": 13.010636004311889 }, "geometry": { "type": "Polygon", "coordinates": [ [ [ 80.256044556857802, 13.008390226374411 ], [ 80.256044556857802, 13.012881782249366 ], [ 80.251433923950941, 13.012881782249366 ], [ 80.251433923950941, 13.008390226374411 ], [ 80.256044556857802, 13.008390226374411 ] ] ] } },
{ "type": "Feature", "properties": { "cell_id": 595, "lon": 80.258349873311232, "lat": 13.010636004311889 }, "geometry": { "type": "Polygon", "coordinates": [ [ [ 80.260655189764663, 13.008390226374411 ], [ 80.260655189764663, 13.012881782249366 ], [ 80.256044556857802, 13.012881782249366 ], [ 80.256044556857802, 13.008390226374411 ], [ 80.260655189764663, 13.008390226374411 ] ] ] } },
{ "type": "Feature", "properties": { "cell_id": 596, "lon": 80.262960506218093, "lat": 13.010636004311889 }, "geometry": { "type": "Polygon", "coordinates": [ [ [ 80.265265822671523, 13.008390226374411 ], [ 80.265265822671523, 13.012881782249366 ], [ 80.260655189764663, 13.012881782249366 ], [ 80.260655189764663, 13.008390226374411 ], [ 80.265265822671523, 13.008390226374411 ] ] ] } },
{ "type": "Feature", "properties": { "cell_id": 597, "lon": 80.267571139124954, "lat": 13.010636004311889 }, "geometry": { "type": "Polygon", "coordinates": [ [ [ 80.269876455578384, 13.008390226374411 ], [ 80.269876455578384, 13.012881782249366 ], [ 80.265265822671523, 13.012881782249366 ], [ 80.265265822671523, 13.008390226374411 ], [ 80.269876455578384, 13.008390226374411 ] ] ] } },
{ "type": "Feature", "properties": { "cell_id": 598, "lon": 80.272181772031814, "lat": 13.010636004311889 }, "geometry": { "type": "Polygon", "coordinates": [ [ [ 80.274487088485245, 13.008390226374411 ], [ 80.274487088485245, 13.012881782249366 ], [ 80.269876455578384, 13.012881782249366 ], [ 80.269876455578384, 13.008390226374411 ], [ 80.274487088485245, 13.008390226374411 ] ] ] } },
{ "type": "Feature", "properties": { "cell_id": 599, "lon": 80.276792404938675, "lat": 13.010636004311889 }, "geometry": { "type": "Polygon", "coordinates": [ [ [ 80.279097721392105, 13.008390226374411 ], [ 80.279097721392105, 13.012881782249366 ], [ 80.274487088485245, 13.012881782249366 ], [ 80.274487088485245, 13.008390226374411 ], [ 80.279097721392105, 13.008390226374411 ] ] ] } },
{ "type": "Feature", "properties": { "cell_id": 600, "lon": 80.281403037845536, "lat": 13.010636004311889 }, "geometry": { "type": "Polygon", "coordinates": [ [ [ 80.283708354298966, 13.008390226374411 ], [ 80.283708354298966, 13.012881782249366 ], [ 80.279097721392105, 13.012881782249366 ], [ 80.279097721392105, 13.008390226374411 ], [ 80.283708354298966, 13.008390226374411 ] ] ] } },
{ "type": "Feature", "properties": { "cell_id": 601, "lon": 80.286013670752396, "lat": 13.010636004311889 }, "geometry": { "type": "Polygon", "coordinates": [ [ [ 80.288318987205827, 13.008390226374411 ], [ 80.288318987205827, 13.012881782249366 ], [ 80.283708354298966, 13.012881782249366 ], [ 80.283708354298966, 13.008390226374411 ], [ 80.288318987205827, 13.008390226374411 ] ] ] } },
{ "type": "Feature", "properties": { "cell_id": 602, "lon": 80.290624303659257, "lat": 13.010636004311889 }, "geometry": { "type": "Polygon", "coordinates": [ [ [ 80.292929620112687, 13.008390226374411 ], [ 80.292929620112687, 13.012881782249366 ], [ 80.288318987205827, 13.012881782249366 ], [ 80.288318987205827, 13.008390226374411 ], [ 80.292929620112687, 13.008390226374411 ] ] ] } },
{ "type": "Feature", "properties": { "cell_id": 603, "lon": 80.295234936566118, "lat": 13.010636004311889 }, "geometry": { "type": "Polygon", "coordinates": [ [ [ 80.297540253019548, 13.008390226374411 ], [ 80.297540253019548, 13.012881782249366 ], [ 80.292929620112687, 13.012881782249366 ], [ 80.292929620112687, 13.008390226374411 ], [ 80.297540253019548, 13.008390226374411 ] ] ] } },
{ "type": "Feature", "properties": { "cell_id": 604, "lon": 80.299845569472978, "lat": 13.010636004311889 }, "geometry": { "type": "Polygon", "coordinates": [ [ [ 80.302150885926409, 13.008390226374411 ], [ 80.302150885926409, 13.012881782249366 ], [ 80.297540253019548, 13.012881782249366 ], [ 80.297540253019548, 13.008390226374411 ], [ 80.302150885926409, 13.008390226374411 ] ] ] } },
{ "type": "Feature", "properties": { "cell_id": 616, "lon": 80.152305316453436, "lat": 13.015127560186844 }, "geometry": { "type": "Polygon", "coordinates": [ [ [ 80.154610632906866, 13.012881782249366 ], [ 80.154610632906866, 13.017373338124321 ], [ 80.15, 13.017373338124321 ], [ 80.15, 13.012881782249366 ], [ 80.154610632906866, 13.012881782249366 ] ] ] } },
{ "type": "Feature", "properties": { "cell_id": 617, "lon": 80.156915949360297, "lat": 13.015127560186844 }, "geometry": { "type": "Polygon", "coordinates": [ [ [ 80.159221265813727, 13.012881782249366 ], [ 80.159221265813727, 13.017373338124321 ], [ 80.154610632906866, 13.017373338124321 ], [ 80.154610632906866, 13.012881782249366 ], [ 80.159221265813727, 13.012881782249366 ] ] ] } },
{ "type": "Feature", "properties": { "cell_id": 618, "lon": 80.161526582267157, "lat": 13.015127560186844 }, "geometry": { "type": "Polygon", "coordinates": [ [ [ 80.163831898720588, 13.012881782249366 ], [ 80.163831898720588, 13.017373338124321 ], [ 80.159221265813727, 13.017373338124321 ], [ 80.159221265813727, 13.012881782249366 ], [ 80.163831898720588, 13.012881782249366 ] ] ] } },
{ "type": "Feature", "properties": { "cell_id": 619, "lon": 80.166137215174018, "lat": 13.015127560186844 }, "geometry": { "type": "Polygon", "coordinates": [ [ [ 80.168442531627448, 13.012881782249366 ], [ 80.168442531627448, 13.017373338124321 ], [ 80.163831898720588, 13.017373338124321 ], [ 80.163831898720588, 13.012881782249366 ], [ 80.168442531627448, 13.012881782249366 ] ] ] } },
{ "type": "Feature", "properties": { "cell_id": 620, "lon": 80.170747848080879, "lat": 13.015127560186844 }, "geometry": { "type": "Polygon", "coordinates": [ [ [ 80.173053164534309, 13.012881782249366 ], [ 80.173053164534309, 13.017373338124321 ], [ 80.168442531627448, 13.017373338124321 ], [ 80.168442531627448, 13.012881782249366 ], [ 80.173053164534309, 13.012881782249366 ] ] ] } },
{ "type": "Feature", "properties": { "cell_id": 621, "lon": 80.17535848098774, "lat": 13.015127560186844 }, "geometry": { "type": "Polygon", "coordinates": [ [ [ 80.17766379744117, 13.012881782249366 ], [ 80.17766379744117, 13.017373338124321 ], [ 80.173053164534309, 13.017373338124321 ], [ 80.173053164534309, 13.012881782249366 ], [ 80.17766379744117, 13.012881782249366 ] ] ] } },
{ "type": "Feature", "properties": { "cell_id": 622, "lon": 80.1799691138946, "lat": 13.015127560186844 }, "geometry": { "type": "Polygon", "coordinates": [ [ [ 80.182274430348031, 13.012881782249366 ], [ 80.182274430348031, 13.017373338124321 ], [ 80.17766379744117, 13.017373338124321 ], [ 80.17766379744117, 13.012881782249366 ], [ 80.182274430348031, 13.012881782249366 ] ] ] } },
{ "type": "Feature", "properties": { "cell_id": 623, "lon": 80.184579746801461, "lat": 13.015127560186844 }, "geometry": { "type": "Polygon", "coordinates": [ [ [ 80.186885063254891, 13.012881782249366 ], [ 80.186885063254891, 13.017373338124321 ], [ 80.182274430348031, 13.017373338124321 ], [ 80.182274430348031, 13.012881782249366 ], [ 80.186885063254891, 13.012881782249366 ] ] ] } },
{ "type": "Feature", "properties": { "cell_id": 624, "lon": 80.189190379708322, "lat": 13.015127560186844 }, "geometry": { "type": "Polygon", "coordinates": [ [ [ 80.191495696161752, 13.012881782249366 ], [ 80.191495696161752, 13.017373338124321 ], [ 80.186885063254891, 13.017373338124321 ], [ 80.186885063254891, 13.012881782249366 ], [ 80.191495696161752, 13.012881782249366 ] ] ] } },
{ "type": "Feature", "properties": { "cell_id": 625, "lon": 80.193801012615182, "lat": 13.015127560186844 }, "geometry": { "type": "Polygon", "coordinates": [ [ [ 80.196106329068613, 13.012881782249366 ], [ 80.196106329068613, 13.017373338124321 ], [ 80.191495696161752, 13.017373338124321 ], [ 80.191495696161752, 13.012881782249366 ], [ 80.196106329068613, 13.012881782249366 ] ] ] } },
{ "type": "Feature", "properties": { "cell_id": 626, "lon": 80.198411645522043, "lat": 13.015127560186844 }, "geometry": { "type": "Polygon", "coordinates": [ [ [ 80.200716961975473, 13.012881782249366 ], [ 80.200716961975473, 13.017373338124321 ], [ 80.196106329068613, 13.017373338124321 ], [ 80.196106329068613, 13.012881782249366 ], [ 80.200716961975473, 13.012881782249366 ] ] ] } },
{ "type": "Feature", "properties": { "cell_id": 627, "lon": 80.203022278428904, "lat": 13.015127560186844 }, "geometry": { "type": "Polygon", "coordinates": [ [ [ 80.205327594882334, 13.012881782249366 ], [ 80.205327594882334, 13.017373338124321 ], [ 80.200716961975473, 13.017373338124321 ], [ 80.200716961975473, 13.012881782249366 ], [ 80.205327594882334, 13.012881782249366 ] ] ] } },
{ "type": "Feature", "properties": { "cell_id": 628, "lon": 80.207632911335764, "lat": 13.015127560186844 }, "geometry": { "type": "Polygon", "coordinates": [ [ [ 80.209938227789195, 13.012881782249366 ], [ 80.209938227789195, 13.017373338124321 ], [ 80.205327594882334, 13.017373338124321 ], [ 80.205327594882334, 13.012881782249366 ], [ 80.209938227789195, 13.012881782249366 ] ] ] } },
{ "type": "Feature", "properties": { "cell_id": 629, "lon": 80.212243544242625, "lat": 13.015127560186844 }, "geometry": { "type": "Polygon", "coordinates": [ [ [ 80.214548860696055, 13.012881782249366 ], [ 80.214548860696055, 13.017373338124321 ], [ 80.209938227789195, 13.017373338124321 ], [ 80.209938227789195, 13.012881782249366 ], [ 80.214548860696055, 13.012881782249366 ] ] ] } },
{ "type": "Feature", "properties": { "cell_id": 630, "lon": 80.216854177149486, "lat": 13.015127560186844 }, "geometry": { "type": "Polygon", "coordinates": [ [ [ 80.219159493602916, 13.012881782249366 ], [ 80.219159493602916, 13.017373338124321 ], [ 80.214548860696055, 13.017373338124321 ], [ 80.214548860696055, 13.012881782249366 ], [ 80.219159493602916, 13.012881782249366 ] ] ] } },
{ "type": "Feature", "properties": { "cell_id": 631, "lon": 80.221464810056347, "lat": 13.015127560186844 }, "geometry": { "type": "Polygon", "coordinates": [ [ [ 80.223770126509777, 13.012881782249366 ], [ 80.223770126509777, 13.017373338124321 ], [ 80.219159493602916, 13.017373338124321 ], [ 80.219159493602916, 13.012881782249366 ], [ 80.223770126509777, 13.012881782249366 ] ] ] } },
{ "type": "Feature", "properties": { "cell_id": 632, "lon": 80.226075442963207, "lat": 13.015127560186844 }, "geometry": { "type": "Polygon", "coordinates": [ [ [ 80.228380759416638, 13.012881782249366 ], [ 80.228380759416638, 13.017373338124321 ], [ 80.223770126509777, 13.017373338124321 ], [ 80.223770126509777, 13.012881782249366 ], [ 80.228380759416638, 13.012881782249366 ] ] ] } },
{ "type": "Feature", "properties": { "cell_id": 633, "lon": 80.230686075870068, "lat": 13.015127560186844 }, "geometry": { "type": "Polygon", "coordinates": [ [ [ 80.232991392323498, 13.012881782249366 ], [ 80.232991392323498, 13.017373338124321 ], [ 80.228380759416638, 13.017373338124321 ], [ 80.228380759416638, 13.012881782249366 ], [ 80.232991392323498, 13.012881782249366 ] ] ] } },
{ "type": "Feature", "properties": { "cell_id": 634, "lon": 80.235296708776929, "lat": 13.015127560186844 }, "geometry": { "type": "Polygon", "coordinates": [ [ [ 80.237602025230359, 13.012881782249366 ], [ 80.237602025230359, 13.017373338124321 ], [ 80.232991392323498, 13.017373338124321 ], [ 80.232991392323498, 13.012881782249366 ], [ 80.237602025230359, 13.012881782249366 ] ] ] } },
{ "type": "Feature", "properties": { "cell_id": 635, "lon": 80.239907341683789, "lat": 13.015127560186844 }, "geometry": { "type": "Polygon", "coordinates": [ [ [ 80.24221265813722, 13.012881782249366 ], [ 80.24221265813722, 13.017373338124321 ], [ 80.237602025230359, 13.017373338124321 ], [ 80.237602025230359, 13.012881782249366 ], [ 80.24221265813722, 13.012881782249366 ] ] ] } },
{ "type": "Feature", "properties": { "cell_id": 636, "lon": 80.24451797459065, "lat": 13.015127560186844 }, "geometry": { "type": "Polygon", "coordinates": [ [ [ 80.24682329104408, 13.012881782249366 ], [ 80.24682329104408, 13.017373338124321 ], [ 80.24221265813722, 13.017373338124321 ], [ 80.24221265813722, 13.012881782249366 ], [ 80.24682329104408, 13.012881782249366 ] ] ] } },
{ "type": "Feature", "properties": { "cell_id": 637, "lon": 80.249128607497511, "lat": 13.015127560186844 }, "geometry": { "type": "Polygon", "coordinates": [ [ [ 80.251433923950941, 13.012881782249366 ], [ 80.251433923950941, 13.017373338124321 ], [ 80.24682329104408, 13.017373338124321 ], [ 80.24682329104408, 13.012881782249366 ], [ 80.251433923950941, 13.012881782249366 ] ] ] } },
{ "type": "Feature", "properties": { "cell_id": 638, "lon": 80.253739240404371, "lat": 13.015127560186844 }, "geometry": { "type": "Polygon", "coordinates": [ [ [ 80.256044556857802, 13.012881782249366 ], [ 80.256044556857802, 13.017373338124321 ], [ 80.251433923950941, 13.017373338124321 ], [ 80.251433923950941, 13.012881782249366 ], [ 80.256044556857802, 13.012881782249366 ] ] ] } },
{ "type": "Feature", "properties": { "cell_id": 639, "lon": 80.258349873311232, "lat": 13.015127560186844 }, "geometry": { "type": "Polygon", "coordinates": [ [ [ 80.260655189764663, 13.012881782249366 ], [ 80.260655189764663, 13.017373338124321 ], [ 80.256044556857802, 13.017373338124321 ], [ 80.256044556857802, 13.012881782249366 ], [ 80.260655189764663, 13.012881782249366 ] ] ] } },
{ "type": "Feature", "properties": { "cell_id": 640, "lon": 80.262960506218093, "lat": 13.015127560186844 }, "geometry": { "type": "Polygon", "coordinates": [ [ [ 80.265265822671523, 13.012881782249366 ], [ 80.265265822671523, 13.017373338124321 ], [ 80.260655189764663, 13.017373338124321 ], [ 80.260655189764663, 13.012881782249366 ], [ 80.265265822671523, 13.012881782249366 ] ] ] } },
{ "type": "Feature", "properties": { "cell_id": 641, "lon": 80.267571139124954, "lat": 13.015127560186844 }, "geometry": { "type": "Polygon", "coordinates": [ [ [ 80.269876455578384, 13.012881782249366 ], [ 80.269876455578384, 13.017373338124321 ], [ 80.265265822671523, 13.017373338124321 ], [ 80.265265822671523, 13.012881782249366 ], [ 80.269876455578384, 13.012881782249366 ] ] ] } },
{ "type": "Feature", "properties": { "cell_id": 642, "lon": 80.272181772031814, "lat": 13.015127560186844 }, "geometry": { "type": "Polygon", "coordinates": [ [ [ 80.274487088485245, 13.012881782249366 ], [ 80.274487088485245, 13.017373338124321 ], [ 80.269876455578384, 13.017373338124321 ], [ 80.269876455578384, 13.012881782249366 ], [ 80.274487088485245, 13.012881782249366 ] ] ] } },
{ "type": "Feature", "properties": { "cell_id": 643, "lon": 80.276792404938675, "lat": 13.015127560186844 }, "geometry": { "type": "Polygon", "coordinates": [ [ [ 80.279097721392105, 13.012881782249366 ], [ 80.279097721392105, 13.017373338124321 ], [ 80.274487088485245, 13.017373338124321 ], [ 80.274487088485245, 13.012881782249366 ], [ 80.279097721392105, 13.012881782249366 ] ] ] } },
{ "type": "Feature", "properties": { "cell_id": 644, "lon": 80.281403037845536, "lat": 13.015127560186844 }, "geometry": { "type": "Polygon", "coordinates": [ [ [ 80.283708354298966, 13.012881782249366 ], [ 80.283708354298966, 13.017373338124321 ], [ 80.279097721392105, 13.017373338124321 ], [ 80.279097721392105, 13.012881782249366 ], [ 80.283708354298966, 13.012881782249366 ] ] ] } },
{ "type": "Feature", "properties": { "cell_id": 645, "lon": 80.286013670752396, "lat": 13.015127560186844 }, "geometry": { "type": "Polygon", "coordinates": [ [ [ 80.288318987205827, 13.012881782249366 ], [ 80.288318987205827, 13.017373338124321 ], [ 80.283708354298966, 13.017373338124321 ], [ 80.283708354298966, 13.012881782249366 ], [ 80.288318987205827, 13.012881782249366 ] ] ] } },
{ "type": "Feature", "properties": { "cell_id": 646, "lon": 80.290624303659257, "lat": 13.015127560186844 }, "geometry": { "type": "Polygon", "coordinates": [ [ [ 80.292929620112687, 13.012881782249366 ], [ 80.292929620112687, 13.017373338124321 ], [ 80.288318987205827, 13.017373338124321 ], [ 80.288318987205827, 13.012881782249366 ], [ 80.292929620112687, 13.012881782249366 ] ] ] } },
{ "type": "Feature", "properties": { "cell_id": 647, "lon": 80.295234936566118, "lat": 13.015127560186844 }, "geometry": { "type": "Polygon", "coordinates": [ [ [ 80.297540253019548, 13.012881782249366 ], [ 80.297540253019548, 13.017373338124321 ], [ 80.292929620112687, 13.017373338124321 ], [ 80.292929620112687, 13.012881782249366 ], [ 80.297540253019548, 13.012881782249366 ] ] ] } },
{ "type": "Feature", "properties": { "cell_id": 648, "lon": 80.299845569472978, "lat": 13.015127560186844 }, "geometry": { "type": "Polygon", "coordinates": [ [ [ 80.302150885926409, 13.012881782249366 ], [ 80.302150885926409, 13.017373338124321 ], [ 80.297540253019548, 13.017373338124321 ], [ 80.297540253019548, 13.012881782249366 ], [ 80.302150885926409, 13.012881782249366 ] ] ] } },
{ "type": "Feature", "properties": { "cell_id": 660, "lon": 80.152305316453436, "lat": 13.019619116061799 }, "geometry": { "type": "Polygon", "coordinates": [ [ [ 80.154610632906866, 13.017373338124321 ], [ 80.154610632906866, 13.021864893999275 ], [ 80.15, 13.021864893999275 ], [ 80.15, 13.017373338124321 ], [ 80.154610632906866, 13.017373338124321 ] ] ] } },
{ "type": "Feature", "properties": { "cell_id": 661, "lon": 80.156915949360297, "lat": 13.019619116061799 }, "geometry": { "type": "Polygon", "coordinates": [ [ [ 80.159221265813727, 13.017373338124321 ], [ 80.159221265813727, 13.021864893999275 ], [ 80.154610632906866, 13.021864893999275 ], [ 80.154610632906866, 13.017373338124321 ], [ 80.159221265813727, 13.017373338124321 ] ] ] } },
{ "type": "Feature", "properties": { "cell_id": 662, "lon": 80.161526582267157, "lat": 13.019619116061799 }, "geometry": { "type": "Polygon", "coordinates": [ [ [ 80.163831898720588, 13.017373338124321 ], [ 80.163831898720588, 13.021864893999275 ], [ 80.159221265813727, 13.021864893999275 ], [ 80.159221265813727, 13.017373338124321 ], [ 80.163831898720588, 13.017373338124321 ] ] ] } },
{ "type": "Feature", "properties": { "cell_id": 663, "lon": 80.166137215174018, "lat": 13.019619116061799 }, "geometry": { "type": "Polygon", "coordinates": [ [ [ 80.168442531627448, 13.017373338124321 ], [ 80.168442531627448, 13.021864893999275 ], [ 80.163831898720588, 13.021864893999275 ], [ 80.163831898720588, 13.017373338124321 ], [ 80.168442531627448, 13.017373338124321 ] ] ] } },
{ "type": "Feature", "properties": { "cell_id": 664, "lon": 80.170747848080879, "lat": 13.019619116061799 }, "geometry": { "type": "Polygon", "coordinates": [ [ [ 80.173053164534309, 13.017373338124321 ], [ 80.173053164534309, 13.021864893999275 ], [ 80.168442531627448, 13.021864893999275 ], [ 80.168442531627448, 13.017373338124321 ], [ 80.173053164534309, 13.017373338124321 ] ] ] } },
{ "type": "Feature", "properties": { "cell_id": 665, "lon": 80.17535848098774, "lat": 13.019619116061799 }, "geometry": { "type": "Polygon", "coordinates": [ [ [ 80.17766379744117, 13.017373338124321 ], [ 80.17766379744117, 13.021864893999275 ], [ 80.173053164534309, 13.021864893999275 ], [ 80.173053164534309, 13.017373338124321 ], [ 80.17766379744117, 13.017373338124321 ] ] ] } },
{ "type": "Feature", "properties": { "cell_id": 666, "lon": 80.1799691138946, "lat": 13.019619116061799 }, "geometry": { "type": "Polygon", "coordinates": [ [ [ 80.182274430348031, 13.017373338124321 ], [ 80.182274430348031, 13.021864893999275 ], [ 80.17766379744117, 13.021864893999275 ], [ 80.17766379744117, 13.017373338124321 ], [ 80.182274430348031, 13.017373338124321 ] ] ] } },
{ "type": "Feature", "properties": { "cell_id": 667, "lon": 80.184579746801461, "lat": 13.019619116061799 }, "geometry": { "type": "Polygon", "coordinates": [ [ [ 80.186885063254891, 13.017373338124321 ], [ 80.186885063254891, 13.021864893999275 ], [ 80.182274430348031, 13.021864893999275 ], [ 80.182274430348031, 13.017373338124321 ], [ 80.186885063254891, 13.017373338124321 ] ] ] } },
{ "type": "Feature", "properties": { "cell_id": 668, "lon": 80.189190379708322, "lat": 13.019619116061799 }, "geometry": { "type": "Polygon", "coordinates": [ [ [ 80.191495696161752, 13.017373338124321 ], [ 80.191495696161752, 13.021864893999275 ], [ 80.186885063254891, 13.021864893999275 ], [ 80.186885063254891, 13.017373338124321 ], [ 80.191495696161752, 13.017373338124321 ] ] ] } },
{ "type": "Feature", "properties": { "cell_id": 669, "lon": 80.193801012615182, "lat": 13.019619116061799 }, "geometry": { "type": "Polygon", "coordinates": [ [ [ 80.196106329068613, 13.017373338124321 ], [ 80.196106329068613, 13.021864893999275 ], [ 80.191495696161752, 13.021864893999275 ], [ 80.191495696161752, 13.017373338124321 ], [ 80.196106329068613, 13.017373338124321 ] ] ] } },
{ "type": "Feature", "properties": { "cell_id": 670, "lon": 80.198411645522043, "lat": 13.019619116061799 }, "geometry": { "type": "Polygon", "coordinates": [ [ [ 80.200716961975473, 13.017373338124321 ], [ 80.200716961975473, 13.021864893999275 ], [ 80.196106329068613, 13.021864893999275 ], [ 80.196106329068613, 13.017373338124321 ], [ 80.200716961975473, 13.017373338124321 ] ] ] } },
{ "type": "Feature", "properties": { "cell_id": 671, "lon": 80.203022278428904, "lat": 13.019619116061799 }, "geometry": { "type": "Polygon", "coordinates": [ [ [ 80.205327594882334, 13.017373338124321 ], [ 80.205327594882334, 13.021864893999275 ], [ 80.200716961975473, 13.021864893999275 ], [ 80.200716961975473, 13.017373338124321 ], [ 80.205327594882334, 13.017373338124321 ] ] ] } },
{ "type": "Feature", "properties": { "cell_id": 672, "lon": 80.207632911335764, "lat": 13.019619116061799 }, "geometry": { "type": "Polygon", "coordinates": [ [ [ 80.209938227789195, 13.017373338124321 ], [ 80.209938227789195, 13.021864893999275 ], [ 80.205327594882334, 13.021864893999275 ], [ 80.205327594882334, 13.017373338124321 ], [ 80.209938227789195, 13.017373338124321 ] ] ] } },
{ "type": "Feature", "properties": { "cell_id": 673, "lon": 80.212243544242625, "lat": 13.019619116061799 }, "geometry": { "type": "Polygon", "coordinates": [ [ [ 80.214548860696055, 13.017373338124321 ], [ 80.214548860696055, 13.021864893999275 ], [ 80.209938227789195, 13.021864893999275 ], [ 80.209938227789195, 13.017373338124321 ], [ 80.214548860696055, 13.017373338124321 ] ] ] } },
{ "type": "Feature", "properties": { "cell_id": 674, "lon": 80.216854177149486, "lat": 13.019619116061799 }, "geometry": { "type": "Polygon", "coordinates": [ [ [ 80.219159493602916, 13.017373338124321 ], [ 80.219159493602916, 13.021864893999275 ], [ 80.214548860696055, 13.021864893999275 ], [ 80.214548860696055, 13.017373338124321 ], [ 80.219159493602916, 13.017373338124321 ] ] ] } },
{ "type": "Feature", "properties": { "cell_id": 675, "lon": 80.221464810056347, "lat": 13.019619116061799 }, "geometry": { "type": "Polygon", "coordinates": [ [ [ 80.223770126509777, 13.017373338124321 ], [ 80.223770126509777, 13.021864893999275 ], [ 80.219159493602916, 13.021864893999275 ], [ 80.219159493602916, 13.017373338124321 ], [ 80.223770126509777, 13.017373338124321 ] ] ] } },
{ "type": "Feature", "properties": { "cell_id": 676, "lon": 80.226075442963207, "lat": 13.019619116061799 }, "geometry": { "type": "Polygon", "coordinates": [ [ [ 80.228380759416638, 13.017373338124321 ], [ 80.228380759416638, 13.021864893999275 ], [ 80.223770126509777, 13.021864893999275 ], [ 80.223770126509777, 13.017373338124321 ], [ 80.228380759416638, 13.017373338124321 ] ] ] } },
{ "type": "Feature", "properties": { "cell_id": 677, "lon": 80.230686075870068, "lat": 13.019619116061799 }, "geometry": { "type": "Polygon", "coordinates": [ [ [ 80.232991392323498, 13.017373338124321 ], [ 80.232991392323498, 13.021864893999275 ], [ 80.228380759416638, 13.021864893999275 ], [ 80.228380759416638, 13.017373338124321 ], [ 80.232991392323498, 13.017373338124321 ] ] ] } },
{ "type": "Feature", "properties": { "cell_id": 678, "lon": 80.235296708776929, "lat": 13.019619116061799 }, "geometry": { "type": "Polygon", "coordinates": [ [ [ 80.237602025230359, 13.017373338124321 ], [ 80.237602025230359, 13.021864893999275 ], [ 80.232991392323498, 13.021864893999275 ], [ 80.232991392323498, 13.017373338124321 ], [ 80.237602025230359, 13.017373338124321 ] ] ] } },
{ "type": "Feature", "properties": { "cell_id": 679, "lon": 80.239907341683789, "lat": 13.019619116061799 }, "geometry": { "type": "Polygon", "coordinates": [ [ [ 80.24221265813722, 13.017373338124321 ], [ 80.24221265813722, 13.021864893999275 ], [ 80.237602025230359, 13.021864893999275 ], [ 80.237602025230359, 13.017373338124321 ], [ 80.24221265813722, 13.017373338124321 ] ] ] } },
{ "type": "Feature", "properties": { "cell_id": 680, "lon": 80.24451797459065, "lat": 13.019619116061799 }, "geometry": { "type": "Polygon", "coordinates": [ [ [ 80.24682329104408, 13.017373338124321 ], [ 80.24682329104408, 13.021864893999275 ], [ 80.24221265813722, 13.021864893999275 ], [ 80.24221265813722, 13.017373338124321 ], [ 80.24682329104408, 13.017373338124321 ] ] ] } },
{ "type": "Feature", "properties": { "cell_id": 681, "lon": 80.249128607497511, "lat": 13.019619116061799 }, "geometry": { "type": "Polygon", "coordinates": [ [ [ 80.251433923950941, 13.017373338124321 ], [ 80.251433923950941, 13.021864893999275 ], [ 80.24682329104408, 13.021864893999275 ], [ 80.24682329104408, 13.017373338124321 ], [ 80.251433923950941, 13.017373338124321 ] ] ] } },
{ "type": "Feature", "properties": { "cell_id": 682, "lon": 80.253739240404371, "lat": 13.019619116061799 }, "geometry": { "type": "Polygon", "coordinates": [ [ [ 80.256044556857802, 13.017373338124321 ], [ 80.256044556857802, 13.021864893999275 ], [ 80.251433923950941, 13.021864893999275 ], [ 80.251433923950941, 13.017373338124321 ], [ 80.256044556857802, 13.017373338124321 ] ] ] } },
{ "type": "Feature", "properties": { "cell_id": 683, "lon": 80.258349873311232, "lat": 13.019619116061799 }, "geometry": { "type": "Polygon", "coordinates": [ [ [ 80.260655189764663, 13.017373338124321 ], [ 80.260655189764663, 13.021864893999275 ], [ 80.256044556857802, 13.021864893999275 ], [ 80.256044556857802, 13.017373338124321 ], [ 80.260655189764663, 13.017373338124321 ] ] ] } },
{ "type": "Feature", "properties": { "cell_id": 684, "lon": 80.262960506218093, "lat": 13.019619116061799 }, "geometry": { "type": "Polygon", "coordinates": [ [ [ 80.265265822671523, 13.017373338124321 ], [ 80.265265822671523, 13.021864893999275 ], [ 80.260655189764663, 13.021864893999275 ], [ 80.260655189764663, 13.017373338124321 ], [ 80.265265822671523, 13.017373338124321 ] ] ] } },
{ "type": "Feature", "properties": { "cell_id": 685, "lon": 80.267571139124954, "lat": 13.019619116061799 }, "geometry": { "type": "Polygon", "coordinates": [ [ [ 80.269876455578384, 13.017373338124321 ], [ 80.269876455578384, 13.021864893999275 ], [ 80.265265822671523, 13.021864893999275 ], [ 80.265265822671523, 13.017373338124321 ], [ 80.269876455578384, 13.017373338124321 ] ] ] } },
{ "type": "Feature", "properties": { "cell_id": 686, "lon": 80.272181772031814, "lat": 13.019619116061799 }, "geometry": { "type": "Polygon", "coordinates": [ [ [ 80.274487088485245, 13.017373338124321 ], [ 80.274487088485245, 13.021864893999275 ], [ 80.269876455578384, 13.021864893999275 ], [ 80.269876455578384, 13.017373338124321 ], [ 80.274487088485245, 13.017373338124321 ] ] ] } },
{ "type": "Feature", "properties": { "cell_id": 687, "lon": 80.276792404938675, "lat": 13.019619116061799 }, "geometry": { "type": "Polygon", "coordinates": [ [ [ 80.279097721392105, 13.017373338124321 ], [ 80.279097721392105, 13.021864893999275 ], [ 80.274487088485245, 13.021864893999275 ], [ 80.274487088485245, 13.017373338124321 ], [ 80.279097721392105, 13.017373338124321 ] ] ] } },
{ "type": "Feature", "properties": { "cell_id": 688, "lon": 80.281403037845536, "lat": 13.019619116061799 }, "geometry": { "type": "Polygon", "coordinates": [ [ [ 80.283708354298966, 13.017373338124321 ], [ 80.283708354298966, 13.021864893999275 ], [ 80.279097721392105, 13.021864893999275 ], [ 80.279097721392105, 13.017373338124321 ], [ 80.283708354298966, 13.017373338124321 ] ] ] } },
{ "type": "Feature", "properties": { "cell_id": 689, "lon": 80.286013670752396, "lat": 13.019619116061799 }, "geometry": { "type": "Polygon", "coordinates": [ [ [ 80.288318987205827, 13.017373338124321 ], [ 80.288318987205827, 13.021864893999275 ], [ 80.283708354298966, 13.021864893999275 ], [ 80.283708354298966, 13.017373338124321 ], [ 80.288318987205827, 13.017373338124321 ] ] ] } },
{ "type": "Feature", "properties": { "cell_id": 690, "lon": 80.290624303659257, "lat": 13.019619116061799 }, "geometry": { "type": "Polygon", "coordinates": [ [ [ 80.292929620112687, 13.017373338124321 ], [ 80.292929620112687, 13.021864893999275 ], [ 80.288318987205827, 13.021864893999275 ], [ 80.288318987205827, 13.017373338124321 ], [ 80.292929620112687, 13.017373338124321 ] ] ] } },
{ "type": "Feature", "properties": { "cell_id": 691, "lon": 80.295234936566118, "lat": 13.019619116061799 }, "geometry": { "type": "Polygon", "coordinates": [ [ [ 80.297540253019548, 13.017373338124321 ], [ 80.297540253019548, 13.021864893999275 ], [ 80.292929620112687, 13.021864893999275 ], [ 80.292929620112687, 13.017373338124321 ], [ 80.297540253019548, 13.017373338124321 ] ] ] } },
{ "type": "Feature", "properties": { "cell_id": 692, "lon": 80.299845569472978, "lat": 13.019619116061799 }, "geometry": { "type": "Polygon", "coordinates": [ [ [ 80.302150885926409, 13.017373338124321 ], [ 80.302150885926409, 13.021864893999275 ], [ 80.297540253019548, 13.021864893999275 ], [ 80.297540253019548, 13.017373338124321 ], [ 80.302150885926409, 13.017373338124321 ] ] ] } },
{ "type": "Feature", "properties": { "cell_id": 704, "lon": 80.152305316453436, "lat": 13.024110671936754 }, "geometry": { "type": "Polygon", "coordinates": [ [ [ 80.154610632906866, 13.021864893999275 ], [ 80.154610632906866, 13.02635644987423 ], [ 80.15, 13.02635644987423 ], [ 80.15, 13.021864893999275 ], [ 80.154610632906866, 13.021864893999275 ] ] ] } },
{ "type": "Feature", "properties": { "cell_id": 705, "lon": 80.156915949360297, "lat": 13.024110671936754 }, "geometry": { "type": "Polygon", "coordinates": [ [ [ 80.159221265813727, 13.021864893999275 ], [ 80.159221265813727, 13.02635644987423 ], [ 80.154610632906866, 13.02635644987423 ], [ 80.154610632906866, 13.021864893999275 ], [ 80.159221265813727, 13.021864893999275 ] ] ] } },
{ "type": "Feature", "properties": { "cell_id": 706, "lon": 80.161526582267157, "lat": 13.024110671936754 }, "geometry": { "type": "Polygon", "coordinates": [ [ [ 80.163831898720588, 13.021864893999275 ], [ 80.163831898720588, 13.02635644987423 ], [ 80.159221265813727, 13.02635644987423 ], [ 80.159221265813727, 13.021864893999275 ], [ 80.163831898720588, 13.021864893999275 ] ] ] } },
{ "type": "Feature", "properties": { "cell_id": 707, "lon": 80.166137215174018, "lat": 13.024110671936754 }, "geometry": { "type": "Polygon", "coordinates": [ [ [ 80.168442531627448, 13.021864893999275 ], [ 80.168442531627448, 13.02635644987423 ], [ 80.163831898720588, 13.02635644987423 ], [ 80.163831898720588, 13.021864893999275 ], [ 80.168442531627448, 13.021864893999275 ] ] ] } },
{ "type": "Feature", "properties": { "cell_id": 708, "lon": 80.170747848080879, "lat": 13.024110671936754 }, "geometry": { "type": "Polygon", "coordinates": [ [ [ 80.173053164534309, 13.021864893999275 ], [ 80.173053164534309, 13.02635644987423 ], [ 80.168442531627448, 13.02635644987423 ], [ 80.168442531627448, 13.021864893999275 ], [ 80.173053164534309, 13.021864893999275 ] ] ] } },
{ "type": "Feature", "properties": { "cell_id": 709, "lon": 80.17535848098774, "lat": 13.024110671936754 }, "geometry": { "type": "Polygon", "coordinates": [ [ [ 80.17766379744117, 13.021864893999275 ], [ 80.17766379744117, 13.02635644987423 ], [ 80.173053164534309, 13.02635644987423 ], [ 80.173053164534309, 13.021864893999275 ], [ 80.17766379744117, 13.021864893999275 ] ] ] } },
{ "type": "Feature", "properties": { "cell_id": 710, "lon": 80.1799691138946, "lat": 13.024110671936754 }, "geometry": { "type": "Polygon", "coordinates": [ [ [ 80.182274430348031, 13.021864893999275 ], [ 80.182274430348031, 13.02635644987423 ], [ 80.17766379744117, 13.02635644987423 ], [ 80.17766379744117, 13.021864893999275 ], [ 80.182274430348031, 13.021864893999275 ] ] ] } },
{ "type": "Feature", "properties": { "cell_id": 711, "lon": 80.184579746801461, "lat": 13.024110671936754 }, "geometry": { "type": "Polygon", "coordinates": [ [ [ 80.186885063254891, 13.021864893999275 ], [ 80.186885063254891, 13.02635644987423 ], [ 80.182274430348031, 13.02635644987423 ], [ 80.182274430348031, 13.021864893999275 ], [ 80.186885063254891, 13.021864893999275 ] ] ] } },
{ "type": "Feature", "properties": { "cell_id": 712, "lon": 80.189190379708322, "lat": 13.024110671936754 }, "geometry": { "type": "Polygon", "coordinates": [ [ [ 80.191495696161752, 13.021864893999275 ], [ 80.191495696161752, 13.02635644987423 ], [ 80.186885063254891, 13.02635644987423 ], [ 80.186885063254891, 13.021864893999275 ], [ 80.191495696161752, 13.021864893999275 ] ] ] } },
{ "type": "Feature", "properties": { "cell_id": 713, "lon": 80.193801012615182, "lat": 13.024110671936754 }, "geometry": { "type": "Polygon", "coordinates": [ [ [ 80.196106329068613, 13.021864893999275 ], [ 80.196106329068613, 13.02635644987423 ], [ 80.191495696161752, 13.02635644987423 ], [ 80.191495696161752, 13.021864893999275 ], [ 80.196106329068613, 13.021864893999275 ] ] ] } },
{ "type": "Feature", "properties": { "cell_id": 714, "lon": 80.198411645522043, "lat": 13.024110671936754 }, "geometry": { "type": "Polygon", "coordinates": [ [ [ 80.200716961975473, 13.021864893999275 ], [ 80.200716961975473, 13.02635644987423 ], [ 80.196106329068613, 13.02635644987423 ], [ 80.196106329068613, 13.021864893999275 ], [ 80.200716961975473, 13.021864893999275 ] ] ] } },
{ "type": "Feature", "properties": { "cell_id": 715, "lon": 80.203022278428904, "lat": 13.024110671936754 }, "geometry": { "type": "Polygon", "coordinates": [ [ [ 80.205327594882334, 13.021864893999275 ], [ 80.205327594882334, 13.02635644987423 ], [ 80.200716961975473, 13.02635644987423 ], [ 80.200716961975473, 13.021864893999275 ], [ 80.205327594882334, 13.021864893999275 ] ] ] } },
{ "type": "Feature", "properties": { "cell_id": 716, "lon": 80.207632911335764, "lat": 13.024110671936754 }, "geometry": { "type": "Polygon", "coordinates": [ [ [ 80.209938227789195, 13.021864893999275 ], [ 80.209938227789195, 13.02635644987423 ], [ 80.205327594882334, 13.02635644987423 ], [ 80.205327594882334, 13.021864893999275 ], [ 80.209938227789195, 13.021864893999275 ] ] ] } },
{ "type": "Feature", "properties": { "cell_id": 717, "lon": 80.212243544242625, "lat": 13.024110671936754 }, "geometry": { "type": "Polygon", "coordinates": [ [ [ 80.214548860696055, 13.021864893999275 ], [ 80.214548860696055, 13.02635644987423 ], [ 80.209938227789195, 13.02635644987423 ], [ 80.209938227789195, 13.021864893999275 ], [ 80.214548860696055, 13.021864893999275 ] ] ] } },
{ "type": "Feature", "properties": { "cell_id": 718, "lon": 80.216854177149486, "lat": 13.024110671936754 }, "geometry": { "type": "Polygon", "coordinates": [ [ [ 80.219159493602916, 13.021864893999275 ], [ 80.219159493602916, 13.02635644987423 ], [ 80.214548860696055, 13.02635644987423 ], [ 80.214548860696055, 13.021864893999275 ], [ 80.219159493602916, 13.021864893999275 ] ] ] } },
{ "type": "Feature", "properties": { "cell_id": 719, "lon": 80.221464810056347, "lat": 13.024110671936754 }, "geometry": { "type": "Polygon", "coordinates": [ [ [ 80.223770126509777, 13.021864893999275 ], [ 80.223770126509777, 13.02635644987423 ], [ 80.219159493602916, 13.02635644987423 ], [ 80.219159493602916, 13.021864893999275 ], [ 80.223770126509777, 13.021864893999275 ] ] ] } },
{ "type": "Feature", "properties": { "cell_id": 720, "lon": 80.226075442963207, "lat": 13.024110671936754 }, "geometry": { "type": "Polygon", "coordinates": [ [ [ 80.228380759416638, 13.021864893999275 ], [ 80.228380759416638, 13.02635644987423 ], [ 80.223770126509777, 13.02635644987423 ], [ 80.223770126509777, 13.021864893999275 ], [ 80.228380759416638, 13.021864893999275 ] ] ] } },
{ "type": "Feature", "properties": { "cell_id": 721, "lon": 80.230686075870068, "lat": 13.024110671936754 }, "geometry": { "type": "Polygon", "coordinates": [ [ [ 80.232991392323498, 13.021864893999275 ], [ 80.232991392323498, 13.02635644987423 ], [ 80.228380759416638, 13.02635644987423 ], [ 80.228380759416638, 13.021864893999275 ], [ 80.232991392323498, 13.021864893999275 ] ] ] } },
{ "type": "Feature", "properties": { "cell_id": 722, "lon": 80.235296708776929, "lat": 13.024110671936754 }, "geometry": { "type": "Polygon", "coordinates": [ [ [ 80.237602025230359, 13.021864893999275 ], [ 80.237602025230359, 13.02635644987423 ], [ 80.232991392323498, 13.02635644987423 ], [ 80.232991392323498, 13.021864893999275 ], [ 80.237602025230359, 13.021864893999275 ] ] ] } },
{ "type": "Feature", "properties": { "cell_id": 723, "lon": 80.239907341683789, "lat": 13.024110671936754 }, "geometry": { "type": "Polygon", "coordinates": [ [ [ 80.24221265813722, 13.021864893999275 ], [ 80.24221265813722, 13.02635644987423 ], [ 80.237602025230359, 13.02635644987423 ], [ 80.237602025230359, 13.021864893999275 ], [ 80.24221265813722, 13.021864893999275 ] ] ] } },
{ "type": "Feature", "properties": { "cell_id": 724, "lon": 80.24451797459065, "lat": 13.024110671936754 }, "geometry": { "type": "Polygon", "coordinates": [ [ [ 80.24682329104408, 13.021864893999275 ], [ 80.24682329104408, 13.02635644987423 ], [ 80.24221265813722, 13.02635644987423 ], [ 80.24221265813722, 13.021864893999275 ], [ 80.24682329104408, 13.021864893999275 ] ] ] } },
{ "type": "Feature", "properties": { "cell_id": 725, "lon": 80.249128607497511, "lat": 13.024110671936754 }, "geometry": { "type": "Polygon", "coordinates": [ [ [ 80.251433923950941, 13.021864893999275 ], [ 80.251433923950941, 13.02635644987423 ], [ 80.24682329104408, 13.02635644987423 ], [ 80.24682329104408, 13.021864893999275 ], [ 80.251433923950941, 13.021864893999275 ] ] ] } },
{ "type": "Feature", "properties": { "cell_id": 726, "lon": 80.253739240404371, "lat": 13.024110671936754 }, "geometry": { "type": "Polygon", "coordinates": [ [ [ 80.256044556857802, 13.021864893999275 ], [ 80.256044556857802, 13.02635644987423 ], [ 80.251433923950941, 13.02635644987423 ], [ 80.251433923950941, 13.021864893999275 ], [ 80.256044556857802, 13.021864893999275 ] ] ] } },
{ "type": "Feature", "properties": { "cell_id": 727, "lon": 80.258349873311232, "lat": 13.024110671936754 }, "geometry": { "type": "Polygon", "coordinates": [ [ [ 80.260655189764663, 13.021864893999275 ], [ 80.260655189764663, 13.02635644987423 ], [ 80.256044556857802, 13.02635644987423 ], [ 80.256044556857802, 13.021864893999275 ], [ 80.260655189764663, 13.021864893999275 ] ] ] } },
{ "type": "Feature", "properties": { "cell_id": 728, "lon": 80.262960506218093, "lat": 13.024110671936754 }, "geometry": { "type": "Polygon", "coordinates": [ [ [ 80.265265822671523, 13.021864893999275 ], [ 80.265265822671523, 13.02635644987423 ], [ 80.260655189764663, 13.02635644987423 ], [ 80.260655189764663, 13.021864893999275 ], [ 80.265265822671523, 13.021864893999275 ] ] ] } },
{ "type": "Feature", "properties": { "cell_id": 729, "lon": 80.267571139124954, "lat": 13.024110671936754 }, "geometry": { "type": "Polygon", "coordinates": [ [ [ 80.269876455578384, 13.021864893999275 ], [ 80.269876455578384, 13.02635644987423 ], [ 80.265265822671523, 13.02635644987423 ], [ 80.265265822671523, 13.021864893999275 ], [ 80.269876455578384, 13.021864893999275 ] ] ] } },
{ "type": "Feature", "properties": { "cell_id": 730, "lon": 80.272181772031814, "lat": 13.024110671936754 }, "geometry": { "type": "Polygon", "coordinates": [ [ [ 80.274487088485245, 13.021864893999275 ], [ 80.274487088485245, 13.02635644987423 ], [ 80.269876455578384, 13.02635644987423 ], [ 80.269876455578384, 13.021864893999275 ], [ 80.274487088485245, 13.021864893999275 ] ] ] } },
{ "type": "Feature", "properties": { "cell_id": 731, "lon": 80.276792404938675, "lat": 13.024110671936754 }, "geometry": { "type": "Polygon", "coordinates": [ [ [ 80.279097721392105, 13.021864893999275 ], [ 80.279097721392105, 13.02635644987423 ], [ 80.274487088485245, 13.02635644987423 ], [ 80.274487088485245, 13.021864893999275 ], [ 80.279097721392105, 13.021864893999275 ] ] ] } },
{ "type": "Feature", "properties": { "cell_id": 732, "lon": 80.281403037845536, "lat": 13.024110671936754 }, "geometry": { "type": "Polygon", "coordinates": [ [ [ 80.283708354298966, 13.021864893999275 ], [ 80.283708354298966, 13.02635644987423 ], [ 80.279097721392105, 13.02635644987423 ], [ 80.279097721392105, 13.021864893999275 ], [ 80.283708354298966, 13.021864893999275 ] ] ] } },
{ "type": "Feature", "properties": { "cell_id": 733, "lon": 80.286013670752396, "lat": 13.024110671936754 }, "geometry": { "type": "Polygon", "coordinates": [ [ [ 80.288318987205827, 13.021864893999275 ], [ 80.288318987205827, 13.02635644987423 ], [ 80.283708354298966, 13.02635644987423 ], [ 80.283708354298966, 13.021864893999275 ], [ 80.288318987205827, 13.021864893999275 ] ] ] } },
{ "type": "Feature", "properties": { "cell_id": 734, "lon": 80.290624303659257, "lat": 13.024110671936754 }, "geometry": { "type": "Polygon", "coordinates": [ [ [ 80.292929620112687, 13.021864893999275 ], [ 80.292929620112687, 13.02635644987423 ], [ 80.288318987205827, 13.02635644987423 ], [ 80.288318987205827, 13.021864893999275 ], [ 80.292929620112687, 13.021864893999275 ] ] ] } },
{ "type": "Feature", "properties": { "cell_id": 735, "lon": 80.295234936566118, "lat": 13.024110671936754 }, "geometry": { "type": "Polygon", "coordinates": [ [ [ 80.297540253019548, 13.021864893999275 ], [ 80.297540253019548, 13.02635644987423 ], [ 80.292929620112687, 13.02635644987423 ], [ 80.292929620112687, 13.021864893999275 ], [ 80.297540253019548, 13.021864893999275 ] ] ] } },
{ "type": "Feature", "properties": { "cell_id": 736, "lon": 80.299845569472978, "lat": 13.024110671936754 }, "geometry": { "type": "Polygon", "coordinates": [ [ [ 80.302150885926409, 13.021864893999275 ], [ 80.302150885926409, 13.02635644987423 ], [ 80.297540253019548, 13.02635644987423 ], [ 80.297540253019548, 13.021864893999275 ], [ 80.302150885926409, 13.021864893999275 ] ] ] } },
{ "type": "Feature", "properties": { "cell_id": 748, "lon": 80.152305316453436, "lat": 13.028602227811708 }, "geometry": { "type": "Polygon", "coordinates": [ [ [ 80.154610632906866, 13.02635644987423 ], [ 80.154610632906866, 13.030848005749185 ], [ 80.15, 13.030848005749185 ], [ 80.15, 13.02635644987423 ], [ 80.154610632906866, 13.02635644987423 ] ] ] } },
{ "type": "Feature", "properties": { "cell_id": 749, "lon": 80.156915949360297, "lat": 13.028602227811708 }, "geometry": { "type": "Polygon", "coordinates": [ [ [ 80.159221265813727, 13.02635644987423 ], [ 80.159221265813727, 13.030848005749185 ], [ 80.154610632906866, 13.030848005749185 ], [ 80.154610632906866, 13.02635644987423 ], [ 80.159221265813727, 13.02635644987423 ] ] ] } },
{ "type": "Feature", "properties": { "cell_id": 750, "lon": 80.161526582267157, "lat": 13.028602227811708 }, "geometry": { "type": "Polygon", "coordinates": [ [ [ 80.163831898720588, 13.02635644987423 ], [ 80.163831898720588, 13.030848005749185 ], [ 80.159221265813727, 13.030848005749185 ], [ 80.159221265813727, 13.02635644987423 ], [ 80.163831898720588, 13.02635644987423 ] ] ] } },
{ "type": "Feature", "properties": { "cell_id": 751, "lon": 80.166137215174018, "lat": 13.028602227811708 }, "geometry": { "type": "Polygon", "coordinates": [ [ [ 80.168442531627448, 13.02635644987423 ], [ 80.168442531627448, 13.030848005749185 ], [ 80.163831898720588, 13.030848005749185 ], [ 80.163831898720588, 13.02635644987423 ], [ 80.168442531627448, 13.02635644987423 ] ] ] } },
{ "type": "Feature", "properties": { "cell_id": 752, "lon": 80.170747848080879, "lat": 13.028602227811708 }, "geometry": { "type": "Polygon", "coordinates": [ [ [ 80.173053164534309, 13.02635644987423 ], [ 80.173053164534309, 13.030848005749185 ], [ 80.168442531627448, 13.030848005749185 ], [ 80.168442531627448, 13.02635644987423 ], [ 80.173053164534309, 13.02635644987423 ] ] ] } },
{ "type": "Feature", "properties": { "cell_id": 753, "lon": 80.17535848098774, "lat": 13.028602227811708 }, "geometry": { "type": "Polygon", "coordinates": [ [ [ 80.17766379744117, 13.02635644987423 ], [ 80.17766379744117, 13.030848005749185 ], [ 80.173053164534309, 13.030848005749185 ], [ 80.173053164534309, 13.02635644987423 ], [ 80.17766379744117, 13.02635644987423 ] ] ] } },
{ "type": "Feature", "properties": { "cell_id": 754, "lon": 80.1799691138946, "lat": 13.028602227811708 }, "geometry": { "type": "Polygon", "coordinates": [ [ [ 80.182274430348031, 13.02635644987423 ], [ 80.182274430348031, 13.030848005749185 ], [ 80.17766379744117, 13.030848005749185 ], [ 80.17766379744117, 13.02635644987423 ], [ 80.182274430348031, 13.02635644987423 ] ] ] } },
{ "type": "Feature", "properties": { "cell_id": 755, "lon": 80.184579746801461, "lat": 13.028602227811708 }, "geometry": { "type": "Polygon", "coordinates": [ [ [ 80.186885063254891, 13.02635644987423 ], [ 80.186885063254891, 13.030848005749185 ], [ 80.182274430348031, 13.030848005749185 ], [ 80.182274430348031, 13.02635644987423 ], [ 80.186885063254891, 13.02635644987423 ] ] ] } },
{ "type": "Feature", "properties": { "cell_id": 756, "lon": 80.189190379708322, "lat": 13.028602227811708 }, "geometry": { "type": "Polygon", "coordinates": [ [ [ 80.191495696161752, 13.02635644987423 ], [ 80.191495696161752, 13.030848005749185 ], [ 80.186885063254891, 13.030848005749185 ], [ 80.186885063254891, 13.02635644987423 ], [ 80.191495696161752, 13.02635644987423 ] ] ] } },
{ "type": "Feature", "properties": { "cell_id": 757, "lon": 80.193801012615182, "lat": 13.028602227811708 }, "geometry": { "type": "Polygon", "coordinates": [ [ [ 80.196106329068613, 13.02635644987423 ], [ 80.196106329068613, 13.030848005749185 ], [ 80.191495696161752, 13.030848005749185 ], [ 80.191495696161752, 13.02635644987423 ], [ 80.196106329068613, 13.02635644987423 ] ] ] } },
{ "type": "Feature", "properties": { "cell_id": 758, "lon": 80.198411645522043, "lat": 13.028602227811708 }, "geometry": { "type": "Polygon", "coordinates": [ [ [ 80.200716961975473, 13.02635644987423 ], [ 80.200716961975473, 13.030848005749185 ], [ 80.196106329068613, 13.030848005749185 ], [ 80.196106329068613, 13.02635644987423 ], [ 80.200716961975473, 13.02635644987423 ] ] ] } },
{ "type": "Feature", "properties": { "cell_id": 759, "lon": 80.203022278428904, "lat": 13.028602227811708 }, "geometry": { "type": "Polygon", "coordinates": [ [ [ 80.205327594882334, 13.02635644987423 ], [ 80.205327594882334, 13.030848005749185 ], [ 80.200716961975473, 13.030848005749185 ], [ 80.200716961975473, 13.02635644987423 ], [ 80.205327594882334, 13.02635644987423 ] ] ] } },
{ "type": "Feature", "properties": { "cell_id": 760, "lon": 80.207632911335764, "lat": 13.028602227811708 }, "geometry": { "type": "Polygon", "coordinates": [ [ [ 80.209938227789195, 13.02635644987423 ], [ 80.209938227789195, 13.030848005749185 ], [ 80.205327594882334, 13.030848005749185 ], [ 80.205327594882334, 13.02635644987423 ], [ 80.209938227789195, 13.02635644987423 ] ] ] } },
{ "type": "Feature", "properties": { "cell_id": 761, "lon": 80.212243544242625, "lat": 13.028602227811708 }, "geometry": { "type": "Polygon", "coordinates": [ [ [ 80.214548860696055, 13.02635644987423 ], [ 80.214548860696055, 13.030848005749185 ], [ 80.209938227789195, 13.030848005749185 ], [ 80.209938227789195, 13.02635644987423 ], [ 80.214548860696055, 13.02635644987423 ] ] ] } },
{ "type": "Feature", "properties": { "cell_id": 762, "lon": 80.216854177149486, "lat": 13.028602227811708 }, "geometry": { "type": "Polygon", "coordinates": [ [ [ 80.219159493602916, 13.02635644987423 ], [ 80.219159493602916, 13.030848005749185 ], [ 80.214548860696055, 13.030848005749185 ], [ 80.214548860696055, 13.02635644987423 ], [ 80.219159493602916, 13.02635644987423 ] ] ] } },
{ "type": "Feature", "properties": { "cell_id": 763, "lon": 80.221464810056347, "lat": 13.028602227811708 }, "geometry": { "type": "Polygon", "coordinates": [ [ [ 80.223770126509777, 13.02635644987423 ], [ 80.223770126509777, 13.030848005749185 ], [ 80.219159493602916, 13.030848005749185 ], [ 80.219159493602916, 13.02635644987423 ], [ 80.223770126509777, 13.02635644987423 ] ] ] } },
{ "type": "Feature", "properties": { "cell_id": 764, "lon": 80.226075442963207, "lat": 13.028602227811708 }, "geometry": { "type": "Polygon", "coordinates": [ [ [ 80.228380759416638, 13.02635644987423 ], [ 80.228380759416638, 13.030848005749185 ], [ 80.223770126509777, 13.030848005749185 ], [ 80.223770126509777, 13.02635644987423 ], [ 80.228380759416638, 13.02635644987423 ] ] ] } },
{ "type": "Feature", "properties": { "cell_id": 765, "lon": 80.230686075870068, "lat": 13.028602227811708 }, "geometry": { "type": "Polygon", "coordinates": [ [ [ 80.232991392323498, 13.02635644987423 ], [ 80.232991392323498, 13.030848005749185 ], [ 80.228380759416638, 13.030848005749185 ], [ 80.228380759416638, 13.02635644987423 ], [ 80.232991392323498, 13.02635644987423 ] ] ] } },
{ "type": "Feature", "properties": { "cell_id": 766, "lon": 80.235296708776929, "lat": 13.028602227811708 }, "geometry": { "type": "Polygon", "coordinates": [ [ [ 80.237602025230359, 13.02635644987423 ], [ 80.237602025230359, 13.030848005749185 ], [ 80.232991392323498, 13.030848005749185 ], [ 80.232991392323498, 13.02635644987423 ], [ 80.237602025230359, 13.02635644987423 ] ] ] } },
{ "type": "Feature", "properties": { "cell_id": 767, "lon": 80.239907341683789, "lat": 13.028602227811708 }, "geometry": { "type": "Polygon", "coordinates": [ [ [ 80.24221265813722, 13.02635644987423 ], [ 80.24221265813722, 13.030848005749185 ], [ 80.237602025230359, 13.030848005749185 ], [ 80.237602025230359, 13.02635644987423 ], [ 80.24221265813722, 13.02635644987423 ] ] ] } },
{ "type": "Feature", "properties": { "cell_id": 768, "lon": 80.24451797459065, "lat": 13.028602227811708 }, "geometry": { "type": "Polygon", "coordinates": [ [ [ 80.24682329104408, 13.02635644987423 ], [ 80.24682329104408, 13.030848005749185 ], [ 80.24221265813722, 13.030848005749185 ], [ 80.24221265813722, 13.02635644987423 ], [ 80.24682329104408, 13.02635644987423 ] ] ] } },
{ "type": "Feature", "properties": { "cell_id": 769, "lon": 80.249128607497511, "lat": 13.028602227811708 }, "geometry": { "type": "Polygon", "coordinates": [ [ [ 80.251433923950941, 13.02635644987423 ], [ 80.251433923950941, 13.030848005749185 ], [ 80.24682329104408, 13.030848005749185 ], [ 80.24682329104408, 13.02635644987423 ], [ 80.251433923950941, 13.02635644987423 ] ] ] } },
{ "type": "Feature", "properties": { "cell_id": 770, "lon": 80.253739240404371, "lat": 13.028602227811708 }, "geometry": { "type": "Polygon", "coordinates": [ [ [ 80.256044556857802, 13.02635644987423 ], [ 80.256044556857802, 13.030848005749185 ], [ 80.251433923950941, 13.030848005749185 ], [ 80.251433923950941, 13.02635644987423 ], [ 80.256044556857802, 13.02635644987423 ] ] ] } },
{ "type": "Feature", "properties": { "cell_id": 771, "lon": 80.258349873311232, "lat": 13.028602227811708 }, "geometry": { "type": "Polygon", "coordinates": [ [ [ 80.260655189764663, 13.02635644987423 ], [ 80.260655189764663, 13.030848005749185 ], [ 80.256044556857802, 13.030848005749185 ], [ 80.256044556857802, 13.02635644987423 ], [ 80.260655189764663, 13.02635644987423 ] ] ] } },
{ "type": "Feature", "properties": { "cell_id": 772, "lon": 80.262960506218093, "lat": 13.028602227811708 }, "geometry": { "type": "Polygon", "coordinates": [ [ [ 80.265265822671523, 13.02635644987423 ], [ 80.265265822671523, 13.030848005749185 ], [ 80.260655189764663, 13.030848005749185 ], [ 80.260655189764663, 13.02635644987423 ], [ 80.265265822671523, 13.02635644987423 ] ] ] } },
{ "type": "Feature", "properties": { "cell_id": 773, "lon": 80.267571139124954, "lat": 13.028602227811708 }, "geometry": { "type": "Polygon", "coordinates": [ [ [ 80.269876455578384, 13.02635644987423 ], [ 80.269876455578384, 13.030848005749185 ], [ 80.265265822671523, 13.030848005749185 ], [ 80.265265822671523, 13.02635644987423 ], [ 80.269876455578384, 13.02635644987423 ] ] ] } },
{ "type": "Feature", "properties": { "cell_id": 774, "lon": 80.272181772031814, "lat": 13.028602227811708 }, "geometry": { "type": "Polygon", "coordinates": [ [ [ 80.274487088485245, 13.02635644987423 ], [ 80.274487088485245, 13.030848005749185 ], [ 80.269876455578384, 13.030848005749185 ], [ 80.269876455578384, 13.02635644987423 ], [ 80.274487088485245, 13.02635644987423 ] ] ] } },
{ "type": "Feature", "properties": { "cell_id": 775, "lon": 80.276792404938675, "lat": 13.028602227811708 }, "geometry": { "type": "Polygon", "coordinates": [ [ [ 80.279097721392105, 13.02635644987423 ], [ 80.279097721392105, 13.030848005749185 ], [ 80.274487088485245, 13.030848005749185 ], [ 80.274487088485245, 13.02635644987423 ], [ 80.279097721392105, 13.02635644987423 ] ] ] } },
{ "type": "Feature", "properties": { "cell_id": 776, "lon": 80.281403037845536, "lat": 13.028602227811708 }, "geometry": { "type": "Polygon", "coordinates": [ [ [ 80.283708354298966, 13.02635644987423 ], [ 80.283708354298966, 13.030848005749185 ], [ 80.279097721392105, 13.030848005749185 ], [ 80.279097721392105, 13.02635644987423 ], [ 80.283708354298966, 13.02635644987423 ] ] ] } },
{ "type": "Feature", "properties": { "cell_id": 777, "lon": 80.286013670752396, "lat": 13.028602227811708 }, "geometry": { "type": "Polygon", "coordinates": [ [ [ 80.288318987205827, 13.02635644987423 ], [ 80.288318987205827, 13.030848005749185 ], [ 80.283708354298966, 13.030848005749185 ], [ 80.283708354298966, 13.02635644987423 ], [ 80.288318987205827, 13.02635644987423 ] ] ] } },
{ "type": "Feature", "properties": { "cell_id": 778, "lon": 80.290624303659257, "lat": 13.028602227811708 }, "geometry": { "type": "Polygon", "coordinates": [ [ [ 80.292929620112687, 13.02635644987423 ], [ 80.292929620112687, 13.030848005749185 ], [ 80.288318987205827, 13.030848005749185 ], [ 80.288318987205827, 13.02635644987423 ], [ 80.292929620112687, 13.02635644987423 ] ] ] } },
{ "type": "Feature", "properties": { "cell_id": 779, "lon": 80.295234936566118, "lat": 13.028602227811708 }, "geometry": { "type": "Polygon", "coordinates": [ [ [ 80.297540253019548, 13.02635644987423 ], [ 80.297540253019548, 13.030848005749185 ], [ 80.292929620112687, 13.030848005749185 ], [ 80.292929620112687, 13.02635644987423 ], [ 80.297540253019548, 13.02635644987423 ] ] ] } },
{ "type": "Feature", "properties": { "cell_id": 780, "lon": 80.299845569472978, "lat": 13.028602227811708 }, "geometry": { "type": "Polygon", "coordinates": [ [ [ 80.302150885926409, 13.02635644987423 ], [ 80.302150885926409, 13.030848005749185 ], [ 80.297540253019548, 13.030848005749185 ], [ 80.297540253019548, 13.02635644987423 ], [ 80.302150885926409, 13.02635644987423 ] ] ] } },
{ "type": "Feature", "properties": { "cell_id": 792, "lon": 80.152305316453436, "lat": 13.033093783686663 }, "geometry": { "type": "Polygon", "coordinates": [ [ [ 80.154610632906866, 13.030848005749185 ], [ 80.154610632906866, 13.03533956162414 ], [ 80.15, 13.03533956162414 ], [ 80.15, 13.030848005749185 ], [ 80.154610632906866, 13.030848005749185 ] ] ] } },
{ "type": "Feature", "properties": { "cell_id": 793, "lon": 80.156915949360297, "lat": 13.033093783686663 }, "geometry": { "type": "Polygon", "coordinates": [ [ [ 80.159221265813727, 13.030848005749185 ], [ 80.159221265813727, 13.03533956162414 ], [ 80.154610632906866, 13.03533956162414 ], [ 80.154610632906866, 13.030848005749185 ], [ 80.159221265813727, 13.030848005749185 ] ] ] } },
{ "type": "Feature", "properties": { "cell_id": 794, "lon": 80.161526582267157, "lat": 13.033093783686663 }, "geometry": { "type": "Polygon", "coordinates": [ [ [ 80.163831898720588, 13.030848005749185 ], [ 80.163831898720588, 13.03533956162414 ], [ 80.159221265813727, 13.03533956162414 ], [ 80.159221265813727, 13.030848005749185 ], [ 80.163831898720588, 13.030848005749185 ] ] ] } },
{ "type": "Feature", "properties": { "cell_id": 795, "lon": 80.166137215174018, "lat": 13.033093783686663 }, "geometry": { "type": "Polygon", "coordinates": [ [ [ 80.168442531627448, 13.030848005749185 ], [ 80.168442531627448, 13.03533956162414 ], [ 80.163831898720588, 13.03533956162414 ], [ 80.163831898720588, 13.030848005749185 ], [ 80.168442531627448, 13.030848005749185 ] ] ] } },
{ "type": "Feature", "properties": { "cell_id": 796, "lon": 80.170747848080879, "lat": 13.033093783686663 }, "geometry": { "type": "Polygon", "coordinates": [ [ [ 80.173053164534309, 13.030848005749185 ], [ 80.173053164534309, 13.03533956162414 ], [ 80.168442531627448, 13.03533956162414 ], [ 80.168442531627448, 13.030848005749185 ], [ 80.173053164534309, 13.030848005749185 ] ] ] } },
{ "type": "Feature", "properties": { "cell_id": 797, "lon": 80.17535848098774, "lat": 13.033093783686663 }, "geometry": { "type": "Polygon", "coordinates": [ [ [ 80.17766379744117, 13.030848005749185 ], [ 80.17766379744117, 13.03533956162414 ], [ 80.173053164534309, 13.03533956162414 ], [ 80.173053164534309, 13.030848005749185 ], [ 80.17766379744117, 13.030848005749185 ] ] ] } },
{ "type": "Feature", "properties": { "cell_id": 798, "lon": 80.1799691138946, "lat": 13.033093783686663 }, "geometry": { "type": "Polygon", "coordinates": [ [ [ 80.182274430348031, 13.030848005749185 ], [ 80.182274430348031, 13.03533956162414 ], [ 80.17766379744117, 13.03533956162414 ], [ 80.17766379744117, 13.030848005749185 ], [ 80.182274430348031, 13.030848005749185 ] ] ] } },
{ "type": "Feature", "properties": { "cell_id": 799, "lon": 80.184579746801461, "lat": 13.033093783686663 }, "geometry": { "type": "Polygon", "coordinates": [ [ [ 80.186885063254891, 13.030848005749185 ], [ 80.186885063254891, 13.03533956162414 ], [ 80.182274430348031, 13.03533956162414 ], [ 80.182274430348031, 13.030848005749185 ], [ 80.186885063254891, 13.030848005749185 ] ] ] } },
{ "type": "Feature", "properties": { "cell_id": 800, "lon": 80.189190379708322, "lat": 13.033093783686663 }, "geometry": { "type": "Polygon", "coordinates": [ [ [ 80.191495696161752, 13.030848005749185 ], [ 80.191495696161752, 13.03533956162414 ], [ 80.186885063254891, 13.03533956162414 ], [ 80.186885063254891, 13.030848005749185 ], [ 80.191495696161752, 13.030848005749185 ] ] ] } },
{ "type": "Feature", "properties": { "cell_id": 801, "lon": 80.193801012615182, "lat": 13.033093783686663 }, "geometry": { "type": "Polygon", "coordinates": [ [ [ 80.196106329068613, 13.030848005749185 ], [ 80.196106329068613, 13.03533956162414 ], [ 80.191495696161752, 13.03533956162414 ], [ 80.191495696161752, 13.030848005749185 ], [ 80.196106329068613, 13.030848005749185 ] ] ] } },
{ "type": "Feature", "properties": { "cell_id": 802, "lon": 80.198411645522043, "lat": 13.033093783686663 }, "geometry": { "type": "Polygon", "coordinates": [ [ [ 80.200716961975473, 13.030848005749185 ], [ 80.200716961975473, 13.03533956162414 ], [ 80.196106329068613, 13.03533956162414 ], [ 80.196106329068613, 13.030848005749185 ], [ 80.200716961975473, 13.030848005749185 ] ] ] } },
{ "type": "Feature", "properties": { "cell_id": 803, "lon": 80.203022278428904, "lat": 13.033093783686663 }, "geometry": { "type": "Polygon", "coordinates": [ [ [ 80.205327594882334, 13.030848005749185 ], [ 80.205327594882334, 13.03533956162414 ], [ 80.200716961975473, 13.03533956162414 ], [ 80.200716961975473, 13.030848005749185 ], [ 80.205327594882334, 13.030848005749185 ] ] ] } },
{ "type": "Feature", "properties": { "cell_id": 804, "lon": 80.207632911335764, "lat": 13.033093783686663 }, "geometry": { "type": "Polygon", "coordinates": [ [ [ 80.209938227789195, 13.030848005749185 ], [ 80.209938227789195, 13.03533956162414 ], [ 80.205327594882334, 13.03533956162414 ], [ 80.205327594882334, 13.030848005749185 ], [ 80.209938227789195, 13.030848005749185 ] ] ] } },
{ "type": "Feature", "properties": { "cell_id": 805, "lon": 80.212243544242625, "lat": 13.033093783686663 }, "geometry": { "type": "Polygon", "coordinates": [ [ [ 80.214548860696055, 13.030848005749185 ], [ 80.214548860696055, 13.03533956162414 ], [ 80.209938227789195, 13.03533956162414 ], [ 80.209938227789195, 13.030848005749185 ], [ 80.214548860696055, 13.030848005749185 ] ] ] } },
{ "type": "Feature", "properties": { "cell_id": 806, "lon": 80.216854177149486, "lat": 13.033093783686663 }, "geometry": { "type": "Polygon", "coordinates": [ [ [ 80.219159493602916, 13.030848005749185 ], [ 80.219159493602916, 13.03533956162414 ], [ 80.214548860696055, 13.03533956162414 ], [ 80.214548860696055, 13.030848005749185 ], [ 80.219159493602916, 13.030848005749185 ] ] ] } },
{ "type": "Feature", "properties": { "cell_id": 807, "lon": 80.221464810056347, "lat": 13.033093783686663 }, "geometry": { "type": "Polygon", "coordinates": [ [ [ 80.223770126509777, 13.030848005749185 ], [ 80.223770126509777, 13.03533956162414 ], [ 80.219159493602916, 13.03533956162414 ], [ 80.219159493602916, 13.030848005749185 ], [ 80.223770126509777, 13.030848005749185 ] ] ] } },
{ "type": "Feature", "properties": { "cell_id": 808, "lon": 80.226075442963207, "lat": 13.033093783686663 }, "geometry": { "type": "Polygon", "coordinates": [ [ [ 80.228380759416638, 13.030848005749185 ], [ 80.228380759416638, 13.03533956162414 ], [ 80.223770126509777, 13.03533956162414 ], [ 80.223770126509777, 13.030848005749185 ], [ 80.228380759416638, 13.030848005749185 ] ] ] } },
{ "type": "Feature", "properties": { "cell_id": 809, "lon": 80.230686075870068, "lat": 13.033093783686663 }, "geometry": { "type": "Polygon", "coordinates": [ [ [ 80.232991392323498, 13.030848005749185 ], [ 80.232991392323498, 13.03533956162414 ], [ 80.228380759416638, 13.03533956162414 ], [ 80.228380759416638, 13.030848005749185 ], [ 80.232991392323498, 13.030848005749185 ] ] ] } },
{ "type": "Feature", "properties": { "cell_id": 810, "lon": 80.235296708776929, "lat": 13.033093783686663 }, "geometry": { "type": "Polygon", "coordinates": [ [ [ 80.237602025230359, 13.030848005749185 ], [ 80.237602025230359, 13.03533956162414 ], [ 80.232991392323498, 13.03533956162414 ], [ 80.232991392323498, 13.030848005749185 ], [ 80.237602025230359, 13.030848005749185 ] ] ] } },
{ "type": "Feature", "properties": { "cell_id": 811, "lon": 80.239907341683789, "lat": 13.033093783686663 }, "geometry": { "type": "Polygon", "coordinates": [ [ [ 80.24221265813722, 13.030848005749185 ], [ 80.24221265813722, 13.03533956162414 ], [ 80.237602025230359, 13.03533956162414 ], [ 80.237602025230359, 13.030848005749185 ], [ 80.24221265813722, 13.030848005749185 ] ] ] } },
{ "type": "Feature", "properties": { "cell_id": 812, "lon": 80.24451797459065, "lat": 13.033093783686663 }, "geometry": { "type": "Polygon", "coordinates": [ [ [ 80.24682329104408, 13.030848005749185 ], [ 80.24682329104408, 13.03533956162414 ], [ 80.24221265813722, 13.03533956162414 ], [ 80.24221265813722, 13.030848005749185 ], [ 80.24682329104408, 13.030848005749185 ] ] ] } },
{ "type": "Feature", "properties": { "cell_id": 813, "lon": 80.249128607497511, "lat": 13.033093783686663 }, "geometry": { "type": "Polygon", "coordinates": [ [ [ 80.251433923950941, 13.030848005749185 ], [ 80.251433923950941, 13.03533956162414 ], [ 80.24682329104408, 13.03533956162414 ], [ 80.24682329104408, 13.030848005749185 ], [ 80.251433923950941, 13.030848005749185 ] ] ] } },
{ "type": "Feature", "properties": { "cell_id": 814, "lon": 80.253739240404371, "lat": 13.033093783686663 }, "geometry": { "type": "Polygon", "coordinates": [ [ [ 80.256044556857802, 13.030848005749185 ], [ 80.256044556857802, 13.03533956162414 ], [ 80.251433923950941, 13.03533956162414 ], [ 80.251433923950941, 13.030848005749185 ], [ 80.256044556857802, 13.030848005749185 ] ] ] } },
{ "type": "Feature", "properties": { "cell_id": 815, "lon": 80.258349873311232, "lat": 13.033093783686663 }, "geometry": { "type": "Polygon", "coordinates": [ [ [ 80.260655189764663, 13.030848005749185 ], [ 80.260655189764663, 13.03533956162414 ], [ 80.256044556857802, 13.03533956162414 ], [ 80.256044556857802, 13.030848005749185 ], [ 80.260655189764663, 13.030848005749185 ] ] ] } },
{ "type": "Feature", "properties": { "cell_id": 816, "lon": 80.262960506218093, "lat": 13.033093783686663 }, "geometry": { "type": "Polygon", "coordinates": [ [ [ 80.265265822671523, 13.030848005749185 ], [ 80.265265822671523, 13.03533956162414 ], [ 80.260655189764663, 13.03533956162414 ], [ 80.260655189764663, 13.030848005749185 ], [ 80.265265822671523, 13.030848005749185 ] ] ] } },
{ "type": "Feature", "properties": { "cell_id": 817, "lon": 80.267571139124954, "lat": 13.033093783686663 }, "geometry": { "type": "Polygon", "coordinates": [ [ [ 80.269876455578384, 13.030848005749185 ], [ 80.269876455578384, 13.03533956162414 ], [ 80.265265822671523, 13.03533956162414 ], [ 80.265265822671523, 13.030848005749185 ], [ 80.269876455578384, 13.030848005749185 ] ] ] } },
{ "type": "Feature", "properties": { "cell_id": 818, "lon": 80.272181772031814, "lat": 13.033093783686663 }, "geometry": { "type": "Polygon", "coordinates": [ [ [ 80.274487088485245, 13.030848005749185 ], [ 80.274487088485245, 13.03533956162414 ], [ 80.269876455578384, 13.03533956162414 ], [ 80.269876455578384, 13.030848005749185 ], [ 80.274487088485245, 13.030848005749185 ] ] ] } },
{ "type": "Feature", "properties": { "cell_id": 819, "lon": 80.276792404938675, "lat": 13.033093783686663 }, "geometry": { "type": "Polygon", "coordinates": [ [ [ 80.279097721392105, 13.030848005749185 ], [ 80.279097721392105, 13.03533956162414 ], [ 80.274487088485245, 13.03533956162414 ], [ 80.274487088485245, 13.030848005749185 ], [ 80.279097721392105, 13.030848005749185 ] ] ] } },
{ "type": "Feature", "properties": { "cell_id": 820, "lon": 80.281403037845536, "lat": 13.033093783686663 }, "geometry": { "type": "Polygon", "coordinates": [ [ [ 80.283708354298966, 13.030848005749185 ], [ 80.283708354298966, 13.03533956162414 ], [ 80.279097721392105, 13.03533956162414 ], [ 80.279097721392105, 13.030848005749185 ], [ 80.283708354298966, 13.030848005749185 ] ] ] } },
{ "type": "Feature", "properties": { "cell_id": 821, "lon": 80.286013670752396, "lat": 13.033093783686663 }, "geometry": { "type": "Polygon", "coordinates": [ [ [ 80.288318987205827, 13.030848005749185 ], [ 80.288318987205827, 13.03533956162414 ], [ 80.283708354298966, 13.03533956162414 ], [ 80.283708354298966, 13.030848005749185 ], [ 80.288318987205827, 13.030848005749185 ] ] ] } },
{ "type": "Feature", "properties": { "cell_id": 822, "lon": 80.290624303659257, "lat": 13.033093783686663 }, "geometry": { "type": "Polygon", "coordinates": [ [ [ 80.292929620112687, 13.030848005749185 ], [ 80.292929620112687, 13.03533956162414 ], [ 80.288318987205827, 13.03533956162414 ], [ 80.288318987205827, 13.030848005749185 ], [ 80.292929620112687, 13.030848005749185 ] ] ] } },
{ "type": "Feature", "properties": { "cell_id": 823, "lon": 80.295234936566118, "lat": 13.033093783686663 }, "geometry": { "type": "Polygon", "coordinates": [ [ [ 80.297540253019548, 13.030848005749185 ], [ 80.297540253019548, 13.03533956162414 ], [ 80.292929620112687, 13.03533956162414 ], [ 80.292929620112687, 13.030848005749185 ], [ 80.297540253019548, 13.030848005749185 ] ] ] } },
{ "type": "Feature", "properties": { "cell_id": 824, "lon": 80.299845569472978, "lat": 13.033093783686663 }, "geometry": { "type": "Polygon", "coordinates": [ [ [ 80.302150885926409, 13.030848005749185 ], [ 80.302150885926409, 13.03533956162414 ], [ 80.297540253019548, 13.03533956162414 ], [ 80.297540253019548, 13.030848005749185 ], [ 80.302150885926409, 13.030848005749185 ] ] ] } },
{ "type": "Feature", "properties": { "cell_id": 836, "lon": 80.152305316453436, "lat": 13.037585339561618 }, "geometry": { "type": "Polygon", "coordinates": [ [ [ 80.154610632906866, 13.03533956162414 ], [ 80.154610632906866, 13.039831117499094 ], [ 80.15, 13.039831117499094 ], [ 80.15, 13.03533956162414 ], [ 80.154610632906866, 13.03533956162414 ] ] ] } },
{ "type": "Feature", "properties": { "cell_id": 837, "lon": 80.156915949360297, "lat": 13.037585339561618 }, "geometry": { "type": "Polygon", "coordinates": [ [ [ 80.159221265813727, 13.03533956162414 ], [ 80.159221265813727, 13.039831117499094 ], [ 80.154610632906866, 13.039831117499094 ], [ 80.154610632906866, 13.03533956162414 ], [ 80.159221265813727, 13.03533956162414 ] ] ] } },
{ "type": "Feature", "properties": { "cell_id": 838, "lon": 80.161526582267157, "lat": 13.037585339561618 }, "geometry": { "type": "Polygon", "coordinates": [ [ [ 80.163831898720588, 13.03533956162414 ], [ 80.163831898720588, 13.039831117499094 ], [ 80.159221265813727, 13.039831117499094 ], [ 80.159221265813727, 13.03533956162414 ], [ 80.163831898720588, 13.03533956162414 ] ] ] } },
{ "type": "Feature", "properties": { "cell_id": 839, "lon": 80.166137215174018, "lat": 13.037585339561618 }, "geometry": { "type": "Polygon", "coordinates": [ [ [ 80.168442531627448, 13.03533956162414 ], [ 80.168442531627448, 13.039831117499094 ], [ 80.163831898720588, 13.039831117499094 ], [ 80.163831898720588, 13.03533956162414 ], [ 80.168442531627448, 13.03533956162414 ] ] ] } },
{ "type": "Feature", "properties": { "cell_id": 840, "lon": 80.170747848080879, "lat": 13.037585339561618 }, "geometry": { "type": "Polygon", "coordinates": [ [ [ 80.173053164534309, 13.03533956162414 ], [ 80.173053164534309, 13.039831117499094 ], [ 80.168442531627448, 13.039831117499094 ], [ 80.168442531627448, 13.03533956162414 ], [ 80.173053164534309, 13.03533956162414 ] ] ] } },
{ "type": "Feature", "properties": { "cell_id": 841, "lon": 80.17535848098774, "lat": 13.037585339561618 }, "geometry": { "type": "Polygon", "coordinates": [ [ [ 80.17766379744117, 13.03533956162414 ], [ 80.17766379744117, 13.039831117499094 ], [ 80.173053164534309, 13.039831117499094 ], [ 80.173053164534309, 13.03533956162414 ], [ 80.17766379744117, 13.03533956162414 ] ] ] } },
{ "type": "Feature", "properties": { "cell_id": 842, "lon": 80.1799691138946, "lat": 13.037585339561618 }, "geometry": { "type": "Polygon", "coordinates": [ [ [ 80.182274430348031, 13.03533956162414 ], [ 80.182274430348031, 13.039831117499094 ], [ 80.17766379744117, 13.039831117499094 ], [ 80.17766379744117, 13.03533956162414 ], [ 80.182274430348031, 13.03533956162414 ] ] ] } },
{ "type": "Feature", "properties": { "cell_id": 843, "lon": 80.184579746801461, "lat": 13.037585339561618 }, "geometry": { "type": "Polygon", "coordinates": [ [ [ 80.186885063254891, 13.03533956162414 ], [ 80.186885063254891, 13.039831117499094 ], [ 80.182274430348031, 13.039831117499094 ], [ 80.182274430348031, 13.03533956162414 ], [ 80.186885063254891, 13.03533956162414 ] ] ] } },
{ "type": "Feature", "properties": { "cell_id": 844, "lon": 80.189190379708322, "lat": 13.037585339561618 }, "geometry": { "type": "Polygon", "coordinates": [ [ [ 80.191495696161752, 13.03533956162414 ], [ 80.191495696161752, 13.039831117499094 ], [ 80.186885063254891, 13.039831117499094 ], [ 80.186885063254891, 13.03533956162414 ], [ 80.191495696161752, 13.03533956162414 ] ] ] } },
{ "type": "Feature", "properties": { "cell_id": 845, "lon": 80.193801012615182, "lat": 13.037585339561618 }, "geometry": { "type": "Polygon", "coordinates": [ [ [ 80.196106329068613, 13.03533956162414 ], [ 80.196106329068613, 13.039831117499094 ], [ 80.191495696161752, 13.039831117499094 ], [ 80.191495696161752, 13.03533956162414 ], [ 80.196106329068613, 13.03533956162414 ] ] ] } },
{ "type": "Feature", "properties": { "cell_id": 846, "lon": 80.198411645522043, "lat": 13.037585339561618 }, "geometry": { "type": "Polygon", "coordinates": [ [ [ 80.200716961975473, 13.03533956162414 ], [ 80.200716961975473, 13.039831117499094 ], [ 80.196106329068613, 13.039831117499094 ], [ 80.196106329068613, 13.03533956162414 ], [ 80.200716961975473, 13.03533956162414 ] ] ] } },
{ "type": "Feature", "properties": { "cell_id": 847, "lon": 80.203022278428904, "lat": 13.037585339561618 }, "geometry": { "type": "Polygon", "coordinates": [ [ [ 80.205327594882334, 13.03533956162414 ], [ 80.205327594882334, 13.039831117499094 ], [ 80.200716961975473, 13.039831117499094 ], [ 80.200716961975473, 13.03533956162414 ], [ 80.205327594882334, 13.03533956162414 ] ] ] } },
{ "type": "Feature", "properties": { "cell_id": 848, "lon": 80.207632911335764, "lat": 13.037585339561618 }, "geometry": { "type": "Polygon", "coordinates": [ [ [ 80.209938227789195, 13.03533956162414 ], [ 80.209938227789195, 13.039831117499094 ], [ 80.205327594882334, 13.039831117499094 ], [ 80.205327594882334, 13.03533956162414 ], [ 80.209938227789195, 13.03533956162414 ] ] ] } },
{ "type": "Feature", "properties": { "cell_id": 849, "lon": 80.212243544242625, "lat": 13.037585339561618 }, "geometry": { "type": "Polygon", "coordinates": [ [ [ 80.214548860696055, 13.03533956162414 ], [ 80.214548860696055, 13.039831117499094 ], [ 80.209938227789195, 13.039831117499094 ], [ 80.209938227789195, 13.03533956162414 ], [ 80.214548860696055, 13.03533956162414 ] ] ] } },
{ "type": "Feature", "properties": { "cell_id": 850, "lon": 80.216854177149486, "lat": 13.037585339561618 }, "geometry": { "type": "Polygon", "coordinates": [ [ [ 80.219159493602916, 13.03533956162414 ], [ 80.219159493602916, 13.039831117499094 ], [ 80.214548860696055, 13.039831117499094 ], [ 80.214548860696055, 13.03533956162414 ], [ 80.219159493602916, 13.03533956162414 ] ] ] } },
{ "type": "Feature", "properties": { "cell_id": 851, "lon": 80.221464810056347, "lat": 13.037585339561618 }, "geometry": { "type": "Polygon", "coordinates": [ [ [ 80.223770126509777, 13.03533956162414 ], [ 80.223770126509777, 13.039831117499094 ], [ 80.219159493602916, 13.039831117499094 ], [ 80.219159493602916, 13.03533956162414 ], [ 80.223770126509777, 13.03533956162414 ] ] ] } },
{ "type": "Feature", "properties": { "cell_id": 852, "lon": 80.226075442963207, "lat": 13.037585339561618 }, "geometry": { "type": "Polygon", "coordinates": [ [ [ 80.228380759416638, 13.03533956162414 ], [ 80.228380759416638, 13.039831117499094 ], [ 80.223770126509777, 13.039831117499094 ], [ 80.223770126509777, 13.03533956162414 ], [ 80.228380759416638, 13.03533956162414 ] ] ] } },
{ "type": "Feature", "properties": { "cell_id": 853, "lon": 80.230686075870068, "lat": 13.037585339561618 }, "geometry": { "type": "Polygon", "coordinates": [ [ [ 80.232991392323498, 13.03533956162414 ], [ 80.232991392323498, 13.039831117499094 ], [ 80.228380759416638, 13.039831117499094 ], [ 80.228380759416638, 13.03533956162414 ], [ 80.232991392323498, 13.03533956162414 ] ] ] } },
{ "type": "Feature", "properties": { "cell_id": 854, "lon": 80.235296708776929, "lat": 13.037585339561618 }, "geometry": { "type": "Polygon", "coordinates": [ [ [ 80.237602025230359, 13.03533956162414 ], [ 80.237602025230359, 13.039831117499094 ], [ 80.232991392323498, 13.039831117499094 ], [ 80.232991392323498, 13.03533956162414 ], [ 80.237602025230359, 13.03533956162414 ] ] ] } },
{ "type": "Feature", "properties": { "cell_id": 855, "lon": 80.239907341683789, "lat": 13.037585339561618 }, "geometry": { "type": "Polygon", "coordinates": [ [ [ 80.24221265813722, 13.03533956162414 ], [ 80.24221265813722, 13.039831117499094 ], [ 80.237602025230359, 13.039831117499094 ], [ 80.237602025230359, 13.03533956162414 ], [ 80.24221265813722, 13.03533956162414 ] ] ] } },
{ "type": "Feature", "properties": { "cell_id": 856, "lon": 80.24451797459065, "lat": 13.037585339561618 }, "geometry": { "type": "Polygon", "coordinates": [ [ [ 80.24682329104408, 13.03533956162414 ], [ 80.24682329104408, 13.039831117499094 ], [ 80.24221265813722, 13.039831117499094 ], [ 80.24221265813722, 13.03533956162414 ], [ 80.24682329104408, 13.03533956162414 ] ] ] } },
{ "type": "Feature", "properties": { "cell_id": 857, "lon": 80.249128607497511, "lat": 13.037585339561618 }, "geometry": { "type": "Polygon", "coordinates": [ [ [ 80.251433923950941, 13.03533956162414 ], [ 80.251433923950941, 13.039831117499094 ], [ 80.24682329104408, 13.039831117499094 ], [ 80.24682329104408, 13.03533956162414 ], [ 80.251433923950941, 13.03533956162414 ] ] ] } },
{ "type": "Feature", "properties": { "cell_id": 858, "lon": 80.253739240404371, "lat": 13.037585339561618 }, "geometry": { "type": "Polygon", "coordinates": [ [ [ 80.256044556857802, 13.03533956162414 ], [ 80.256044556857802, 13.039831117499094 ], [ 80.251433923950941, 13.039831117499094 ], [ 80.251433923950941, 13.03533956162414 ], [ 80.256044556857802, 13.03533956162414 ] ] ] } },
{ "type": "Feature", "properties": { "cell_id": 859, "lon": 80.258349873311232, "lat": 13.037585339561618 }, "geometry": { "type": "Polygon", "coordinates": [ [ [ 80.260655189764663, 13.03533956162414 ], [ 80.260655189764663, 13.039831117499094 ], [ 80.256044556857802, 13.039831117499094 ], [ 80.256044556857802, 13.03533956162414 ], [ 80.260655189764663, 13.03533956162414 ] ] ] } },
{ "type": "Feature", "properties": { "cell_id": 860, "lon": 80.262960506218093, "lat": 13.037585339561618 }, "geometry": { "type": "Polygon", "coordinates": [ [ [ 80.265265822671523, 13.03533956162414 ], [ 80.265265822671523, 13.039831117499094 ], [ 80.260655189764663, 13.039831117499094 ], [ 80.260655189764663, 13.03533956162414 ], [ 80.265265822671523, 13.03533956162414 ] ] ] } },
{ "type": "Feature", "properties": { "cell_id": 861, "lon": 80.267571139124954, "lat": 13.037585339561618 }, "geometry": { "type": "Polygon", "coordinates": [ [ [ 80.269876455578384, 13.03533956162414 ], [ 80.269876455578384, 13.039831117499094 ], [ 80.265265822671523, 13.039831117499094 ], [ 80.265265822671523, 13.03533956162414 ], [ 80.269876455578384, 13.03533956162414 ] ] ] } },
{ "type": "Feature", "properties": { "cell_id": 862, "lon": 80.272181772031814, "lat": 13.037585339561618 }, "geometry": { "type": "Polygon", "coordinates": [ [ [ 80.274487088485245, 13.03533956162414 ], [ 80.274487088485245, 13.039831117499094 ], [ 80.269876455578384, 13.039831117499094 ], [ 80.269876455578384, 13.03533956162414 ], [ 80.274487088485245, 13.03533956162414 ] ] ] } },
{ "type": "Feature", "properties": { "cell_id": 863, "lon": 80.276792404938675, "lat": 13.037585339561618 }, "geometry": { "type": "Polygon", "coordinates": [ [ [ 80.279097721392105, 13.03533956162414 ], [ 80.279097721392105, 13.039831117499094 ], [ 80.274487088485245, 13.039831117499094 ], [ 80.274487088485245, 13.03533956162414 ], [ 80.279097721392105, 13.03533956162414 ] ] ] } },
{ "type": "Feature", "properties": { "cell_id": 864, "lon": 80.281403037845536, "lat": 13.037585339561618 }, "geometry": { "type": "Polygon", "coordinates": [ [ [ 80.283708354298966, 13.03533956162414 ], [ 80.283708354298966, 13.039831117499094 ], [ 80.279097721392105, 13.039831117499094 ], [ 80.279097721392105, 13.03533956162414 ], [ 80.283708354298966, 13.03533956162414 ] ] ] } },
{ "type": "Feature", "properties": { "cell_id": 865, "lon": 80.286013670752396, "lat": 13.037585339561618 }, "geometry": { "type": "Polygon", "coordinates": [ [ [ 80.288318987205827, 13.03533956162414 ], [ 80.288318987205827, 13.039831117499094 ], [ 80.283708354298966, 13.039831117499094 ], [ 80.283708354298966, 13.03533956162414 ], [ 80.288318987205827, 13.03533956162414 ] ] ] } },
{ "type": "Feature", "properties": { "cell_id": 866, "lon": 80.290624303659257, "lat": 13.037585339561618 }, "geometry": { "type": "Polygon", "coordinates": [ [ [ 80.292929620112687, 13.03533956162414 ], [ 80.292929620112687, 13.039831117499094 ], [ 80.288318987205827, 13.039831117499094 ], [ 80.288318987205827, 13.03533956162414 ], [ 80.292929620112687, 13.03533956162414 ] ] ] } },
{ "type": "Feature", "properties": { "cell_id": 867, "lon": 80.295234936566118, "lat": 13.037585339561618 }, "geometry": { "type": "Polygon", "coordinates": [ [ [ 80.297540253019548, 13.03533956162414 ], [ 80.297540253019548, 13.039831117499094 ], [ 80.292929620112687, 13.039831117499094 ], [ 80.292929620112687, 13.03533956162414 ], [ 80.297540253019548, 13.03533956162414 ] ] ] } },
{ "type": "Feature", "properties": { "cell_id": 868, "lon": 80.299845569472978, "lat": 13.037585339561618 }, "geometry": { "type": "Polygon", "coordinates": [ [ [ 80.302150885926409, 13.03533956162414 ], [ 80.302150885926409, 13.039831117499094 ], [ 80.297540253019548, 13.039831117499094 ], [ 80.297540253019548, 13.03533956162414 ], [ 80.302150885926409, 13.03533956162414 ] ] ] } },
{ "type": "Feature", "properties": { "cell_id": 880, "lon": 80.152305316453436, "lat": 13.042076895436573 }, "geometry": { "type": "Polygon", "coordinates": [ [ [ 80.154610632906866, 13.039831117499094 ], [ 80.154610632906866, 13.044322673374049 ], [ 80.15, 13.044322673374049 ], [ 80.15, 13.039831117499094 ], [ 80.154610632906866, 13.039831117499094 ] ] ] } },
{ "type": "Feature", "properties": { "cell_id": 881, "lon": 80.156915949360297, "lat": 13.042076895436573 }, "geometry": { "type": "Polygon", "coordinates": [ [ [ 80.159221265813727, 13.039831117499094 ], [ 80.159221265813727, 13.044322673374049 ], [ 80.154610632906866, 13.044322673374049 ], [ 80.154610632906866, 13.039831117499094 ], [ 80.159221265813727, 13.039831117499094 ] ] ] } },
{ "type": "Feature", "properties": { "cell_id": 882, "lon": 80.161526582267157, "lat": 13.042076895436573 }, "geometry": { "type": "Polygon", "coordinates": [ [ [ 80.163831898720588, 13.039831117499094 ], [ 80.163831898720588, 13.044322673374049 ], [ 80.159221265813727, 13.044322673374049 ], [ 80.159221265813727, 13.039831117499094 ], [ 80.163831898720588, 13.039831117499094 ] ] ] } },
{ "type": "Feature", "properties": { "cell_id": 883, "lon": 80.166137215174018, "lat": 13.042076895436573 }, "geometry": { "type": "Polygon", "coordinates": [ [ [ 80.168442531627448, 13.039831117499094 ], [ 80.168442531627448, 13.044322673374049 ], [ 80.163831898720588, 13.044322673374049 ], [ 80.163831898720588, 13.039831117499094 ], [ 80.168442531627448, 13.039831117499094 ] ] ] } },
{ "type": "Feature", "properties": { "cell_id": 884, "lon": 80.170747848080879, "lat": 13.042076895436573 }, "geometry": { "type": "Polygon", "coordinates": [ [ [ 80.173053164534309, 13.039831117499094 ], [ 80.173053164534309, 13.044322673374049 ], [ 80.168442531627448, 13.044322673374049 ], [ 80.168442531627448, 13.039831117499094 ], [ 80.173053164534309, 13.039831117499094 ] ] ] } },
{ "type": "Feature", "properties": { "cell_id": 885, "lon": 80.17535848098774, "lat": 13.042076895436573 }, "geometry": { "type": "Polygon", "coordinates": [ [ [ 80.17766379744117, 13.039831117499094 ], [ 80.17766379744117, 13.044322673374049 ], [ 80.173053164534309, 13.044322673374049 ], [ 80.173053164534309, 13.039831117499094 ], [ 80.17766379744117, 13.039831117499094 ] ] ] } },
{ "type": "Feature", "properties": { "cell_id": 886, "lon": 80.1799691138946, "lat": 13.042076895436573 }, "geometry": { "type": "Polygon", "coordinates": [ [ [ 80.182274430348031, 13.039831117499094 ], [ 80.182274430348031, 13.044322673374049 ], [ 80.17766379744117, 13.044322673374049 ], [ 80.17766379744117, 13.039831117499094 ], [ 80.182274430348031, 13.039831117499094 ] ] ] } },
{ "type": "Feature", "properties": { "cell_id": 887, "lon": 80.184579746801461, "lat": 13.042076895436573 }, "geometry": { "type": "Polygon", "coordinates": [ [ [ 80.186885063254891, 13.039831117499094 ], [ 80.186885063254891, 13.044322673374049 ], [ 80.182274430348031, 13.044322673374049 ], [ 80.182274430348031, 13.039831117499094 ], [ 80.186885063254891, 13.039831117499094 ] ] ] } },
{ "type": "Feature", "properties": { "cell_id": 888, "lon": 80.189190379708322, "lat": 13.042076895436573 }, "geometry": { "type": "Polygon", "coordinates": [ [ [ 80.191495696161752, 13.039831117499094 ], [ 80.191495696161752, 13.044322673374049 ], [ 80.186885063254891, 13.044322673374049 ], [ 80.186885063254891, 13.039831117499094 ], [ 80.191495696161752, 13.039831117499094 ] ] ] } },
{ "type": "Feature", "properties": { "cell_id": 889, "lon": 80.193801012615182, "lat": 13.042076895436573 }, "geometry": { "type": "Polygon", "coordinates": [ [ [ 80.196106329068613, 13.039831117499094 ], [ 80.196106329068613, 13.044322673374049 ], [ 80.191495696161752, 13.044322673374049 ], [ 80.191495696161752, 13.039831117499094 ], [ 80.196106329068613, 13.039831117499094 ] ] ] } },
{ "type": "Feature", "properties": { "cell_id": 890, "lon": 80.198411645522043, "lat": 13.042076895436573 }, "geometry": { "type": "Polygon", "coordinates": [ [ [ 80.200716961975473, 13.039831117499094 ], [ 80.200716961975473, 13.044322673374049 ], [ 80.196106329068613, 13.044322673374049 ], [ 80.196106329068613, 13.039831117499094 ], [ 80.200716961975473, 13.039831117499094 ] ] ] } },
{ "type": "Feature", "properties": { "cell_id": 891, "lon": 80.203022278428904, "lat": 13.042076895436573 }, "geometry": { "type": "Polygon", "coordinates": [ [ [ 80.205327594882334, 13.039831117499094 ], [ 80.205327594882334, 13.044322673374049 ], [ 80.200716961975473, 13.044322673374049 ], [ 80.200716961975473, 13.039831117499094 ], [ 80.205327594882334, 13.039831117499094 ] ] ] } },
{ "type": "Feature", "properties": { "cell_id": 892, "lon": 80.207632911335764, "lat": 13.042076895436573 }, "geometry": { "type": "Polygon", "coordinates": [ [ [ 80.209938227789195, 13.039831117499094 ], [ 80.209938227789195, 13.044322673374049 ], [ 80.205327594882334, 13.044322673374049 ], [ 80.205327594882334, 13.039831117499094 ], [ 80.209938227789195, 13.039831117499094 ] ] ] } },
{ "type": "Feature", "properties": { "cell_id": 893, "lon": 80.212243544242625, "lat": 13.042076895436573 }, "geometry": { "type": "Polygon", "coordinates": [ [ [ 80.214548860696055, 13.039831117499094 ], [ 80.214548860696055, 13.044322673374049 ], [ 80.209938227789195, 13.044322673374049 ], [ 80.209938227789195, 13.039831117499094 ], [ 80.214548860696055, 13.039831117499094 ] ] ] } },
{ "type": "Feature", "properties": { "cell_id": 894, "lon": 80.216854177149486, "lat": 13.042076895436573 }, "geometry": { "type": "Polygon", "coordinates": [ [ [ 80.219159493602916, 13.039831117499094 ], [ 80.219159493602916, 13.044322673374049 ], [ 80.214548860696055, 13.044322673374049 ], [ 80.214548860696055, 13.039831117499094 ], [ 80.219159493602916, 13.039831117499094 ] ] ] } },
{ "type": "Feature", "properties": { "cell_id": 895, "lon": 80.221464810056347, "lat": 13.042076895436573 }, "geometry": { "type": "Polygon", "coordinates": [ [ [ 80.223770126509777, 13.039831117499094 ], [ 80.223770126509777, 13.044322673374049 ], [ 80.219159493602916, 13.044322673374049 ], [ 80.219159493602916, 13.039831117499094 ], [ 80.223770126509777, 13.039831117499094 ] ] ] } },
{ "type": "Feature", "properties": { "cell_id": 896, "lon": 80.226075442963207, "lat": 13.042076895436573 }, "geometry": { "type": "Polygon", "coordinates": [ [ [ 80.228380759416638, 13.039831117499094 ], [ 80.228380759416638, 13.044322673374049 ], [ 80.223770126509777, 13.044322673374049 ], [ 80.223770126509777, 13.039831117499094 ], [ 80.228380759416638, 13.039831117499094 ] ] ] } },
{ "type": "Feature", "properties": { "cell_id": 897, "lon": 80.230686075870068, "lat": 13.042076895436573 }, "geometry": { "type": "Polygon", "coordinates": [ [ [ 80.232991392323498, 13.039831117499094 ], [ 80.232991392323498, 13.044322673374049 ], [ 80.228380759416638, 13.044322673374049 ], [ 80.228380759416638, 13.039831117499094 ], [ 80.232991392323498, 13.039831117499094 ] ] ] } },
{ "type": "Feature", "properties": { "cell_id": 898, "lon": 80.235296708776929, "lat": 13.042076895436573 }, "geometry": { "type": "Polygon", "coordinates": [ [ [ 80.237602025230359, 13.039831117499094 ], [ 80.237602025230359, 13.044322673374049 ], [ 80.232991392323498, 13.044322673374049 ], [ 80.232991392323498, 13.039831117499094 ], [ 80.237602025230359, 13.039831117499094 ] ] ] } },
{ "type": "Feature", "properties": { "cell_id": 899, "lon": 80.239907341683789, "lat": 13.042076895436573 }, "geometry": { "type": "Polygon", "coordinates": [ [ [ 80.24221265813722, 13.039831117499094 ], [ 80.24221265813722, 13.044322673374049 ], [ 80.237602025230359, 13.044322673374049 ], [ 80.237602025230359, 13.039831117499094 ], [ 80.24221265813722, 13.039831117499094 ] ] ] } },
{ "type": "Feature", "properties": { "cell_id": 900, "lon": 80.24451797459065, "lat": 13.042076895436573 }, "geometry": { "type": "Polygon", "coordinates": [ [ [ 80.24682329104408, 13.039831117499094 ], [ 80.24682329104408, 13.044322673374049 ], [ 80.24221265813722, 13.044322673374049 ], [ 80.24221265813722, 13.039831117499094 ], [ 80.24682329104408, 13.039831117499094 ] ] ] } },
{ "type": "Feature", "properties": { "cell_id": 901, "lon": 80.249128607497511, "lat": 13.042076895436573 }, "geometry": { "type": "Polygon", "coordinates": [ [ [ 80.251433923950941, 13.039831117499094 ], [ 80.251433923950941, 13.044322673374049 ], [ 80.24682329104408, 13.044322673374049 ], [ 80.24682329104408, 13.039831117499094 ], [ 80.251433923950941, 13.039831117499094 ] ] ] } },
{ "type": "Feature", "properties": { "cell_id": 902, "lon": 80.253739240404371, "lat": 13.042076895436573 }, "geometry": { "type": "Polygon", "coordinates": [ [ [ 80.256044556857802, 13.039831117499094 ], [ 80.256044556857802, 13.044322673374049 ], [ 80.251433923950941, 13.044322673374049 ], [ 80.251433923950941, 13.039831117499094 ], [ 80.256044556857802, 13.039831117499094 ] ] ] } },
{ "type": "Feature", "properties": { "cell_id": 903, "lon": 80.258349873311232, "lat": 13.042076895436573 }, "geometry": { "type": "Polygon", "coordinates": [ [ [ 80.260655189764663, 13.039831117499094 ], [ 80.260655189764663, 13.044322673374049 ], [ 80.256044556857802, 13.044322673374049 ], [ 80.256044556857802, 13.039831117499094 ], [ 80.260655189764663, 13.039831117499094 ] ] ] } },
{ "type": "Feature", "properties": { "cell_id": 904, "lon": 80.262960506218093, "lat": 13.042076895436573 }, "geometry": { "type": "Polygon", "coordinates": [ [ [ 80.265265822671523, 13.039831117499094 ], [ 80.265265822671523, 13.044322673374049 ], [ 80.260655189764663, 13.044322673374049 ], [ 80.260655189764663, 13.039831117499094 ], [ 80.265265822671523, 13.039831117499094 ] ] ] } },
{ "type": "Feature", "properties": { "cell_id": 905, "lon": 80.267571139124954, "lat": 13.042076895436573 }, "geometry": { "type": "Polygon", "coordinates": [ [ [ 80.269876455578384, 13.039831117499094 ], [ 80.269876455578384, 13.044322673374049 ], [ 80.265265822671523, 13.044322673374049 ], [ 80.265265822671523, 13.039831117499094 ], [ 80.269876455578384, 13.039831117499094 ] ] ] } },
{ "type": "Feature", "properties": { "cell_id": 906, "lon": 80.272181772031814, "lat": 13.042076895436573 }, "geometry": { "type": "Polygon", "coordinates": [ [ [ 80.274487088485245, 13.039831117499094 ], [ 80.274487088485245, 13.044322673374049 ], [ 80.269876455578384, 13.044322673374049 ], [ 80.269876455578384, 13.039831117499094 ], [ 80.274487088485245, 13.039831117499094 ] ] ] } },
{ "type": "Feature", "properties": { "cell_id": 907, "lon": 80.276792404938675, "lat": 13.042076895436573 }, "geometry": { "type": "Polygon", "coordinates": [ [ [ 80.279097721392105, 13.039831117499094 ], [ 80.279097721392105, 13.044322673374049 ], [ 80.274487088485245, 13.044322673374049 ], [ 80.274487088485245, 13.039831117499094 ], [ 80.279097721392105, 13.039831117499094 ] ] ] } },
{ "type": "Feature", "properties": { "cell_id": 908, "lon": 80.281403037845536, "lat": 13.042076895436573 }, "geometry": { "type": "Polygon", "coordinates": [ [ [ 80.283708354298966, 13.039831117499094 ], [ 80.283708354298966, 13.044322673374049 ], [ 80.279097721392105, 13.044322673374049 ], [ 80.279097721392105, 13.039831117499094 ], [ 80.283708354298966, 13.039831117499094 ] ] ] } },
{ "type": "Feature", "properties": { "cell_id": 909, "lon": 80.286013670752396, "lat": 13.042076895436573 }, "geometry": { "type": "Polygon", "coordinates": [ [ [ 80.288318987205827, 13.039831117499094 ], [ 80.288318987205827, 13.044322673374049 ], [ 80.283708354298966, 13.044322673374049 ], [ 80.283708354298966, 13.039831117499094 ], [ 80.288318987205827, 13.039831117499094 ] ] ] } },
{ "type": "Feature", "properties": { "cell_id": 910, "lon": 80.290624303659257, "lat": 13.042076895436573 }, "geometry": { "type": "Polygon", "coordinates": [ [ [ 80.292929620112687, 13.039831117499094 ], [ 80.292929620112687, 13.044322673374049 ], [ 80.288318987205827, 13.044322673374049 ], [ 80.288318987205827, 13.039831117499094 ], [ 80.292929620112687, 13.039831117499094 ] ] ] } },
{ "type": "Feature", "properties": { "cell_id": 911, "lon": 80.295234936566118, "lat": 13.042076895436573 }, "geometry": { "type": "Polygon", "coordinates": [ [ [ 80.297540253019548, 13.039831117499094 ], [ 80.297540253019548, 13.044322673374049 ], [ 80.292929620112687, 13.044322673374049 ], [ 80.292929620112687, 13.039831117499094 ], [ 80.297540253019548, 13.039831117499094 ] ] ] } },
{ "type": "Feature", "properties": { "cell_id": 912, "lon": 80.299845569472978, "lat": 13.042076895436573 }, "geometry": { "type": "Polygon", "coordinates": [ [ [ 80.302150885926409, 13.039831117499094 ], [ 80.302150885926409, 13.044322673374049 ], [ 80.297540253019548, 13.044322673374049 ], [ 80.297540253019548, 13.039831117499094 ], [ 80.302150885926409, 13.039831117499094 ] ] ] } },
{ "type": "Feature", "properties": { "cell_id": 924, "lon": 80.152305316453436, "lat": 13.046568451311527 }, "geometry": { "type": "Polygon", "coordinates": [ [ [ 80.154610632906866, 13.044322673374049 ], [ 80.154610632906866, 13.048814229249004 ], [ 80.15, 13.048814229249004 ], [ 80.15, 13.044322673374049 ], [ 80.154610632906866, 13.044322673374049 ] ] ] } },
{ "type": "Feature", "properties": { "cell_id": 925, "lon": 80.156915949360297, "lat": 13.046568451311527 }, "geometry": { "type": "Polygon", "coordinates": [ [ [ 80.159221265813727, 13.044322673374049 ], [ 80.159221265813727, 13.048814229249004 ], [ 80.154610632906866, 13.048814229249004 ], [ 80.154610632906866, 13.044322673374049 ], [ 80.159221265813727, 13.044322673374049 ] ] ] } },
{ "type": "Feature", "properties": { "cell_id": 926, "lon": 80.161526582267157, "lat": 13.046568451311527 }, "geometry": { "type": "Polygon", "coordinates": [ [ [ 80.163831898720588, 13.044322673374049 ], [ 80.163831898720588, 13.048814229249004 ], [ 80.159221265813727, 13.048814229249004 ], [ 80.159221265813727, 13.044322673374049 ], [ 80.163831898720588, 13.044322673374049 ] ] ] } },
{ "type": "Feature", "properties": { "cell_id": 927, "lon": 80.166137215174018, "lat": 13.046568451311527 }, "geometry": { "type": "Polygon", "coordinates": [ [ [ 80.168442531627448, 13.044322673374049 ], [ 80.168442531627448, 13.048814229249004 ], [ 80.163831898720588, 13.048814229249004 ], [ 80.163831898720588, 13.044322673374049 ], [ 80.168442531627448, 13.044322673374049 ] ] ] } },
{ "type": "Feature", "properties": { "cell_id": 928, "lon": 80.170747848080879, "lat": 13.046568451311527 }, "geometry": { "type": "Polygon", "coordinates": [ [ [ 80.173053164534309, 13.044322673374049 ], [ 80.173053164534309, 13.048814229249004 ], [ 80.168442531627448, 13.048814229249004 ], [ 80.168442531627448, 13.044322673374049 ], [ 80.173053164534309, 13.044322673374049 ] ] ] } },
{ "type": "Feature", "properties": { "cell_id": 929, "lon": 80.17535848098774, "lat": 13.046568451311527 }, "geometry": { "type": "Polygon", "coordinates": [ [ [ 80.17766379744117, 13.044322673374049 ], [ 80.17766379744117, 13.048814229249004 ], [ 80.173053164534309, 13.048814229249004 ], [ 80.173053164534309, 13.044322673374049 ], [ 80.17766379744117, 13.044322673374049 ] ] ] } },
{ "type": "Feature", "properties": { "cell_id": 930, "lon": 80.1799691138946, "lat": 13.046568451311527 }, "geometry": { "type": "Polygon", "coordinates": [ [ [ 80.182274430348031, 13.044322673374049 ], [ 80.182274430348031, 13.048814229249004 ], [ 80.17766379744117, 13.048814229249004 ], [ 80.17766379744117, 13.044322673374049 ], [ 80.182274430348031, 13.044322673374049 ] ] ] } },
{ "type": "Feature", "properties": { "cell_id": 931, "lon": 80.184579746801461, "lat": 13.046568451311527 }, "geometry": { "type": "Polygon", "coordinates": [ [ [ 80.186885063254891, 13.044322673374049 ], [ 80.186885063254891, 13.048814229249004 ], [ 80.182274430348031, 13.048814229249004 ], [ 80.182274430348031, 13.044322673374049 ], [ 80.186885063254891, 13.044322673374049 ] ] ] } },
{ "type": "Feature", "properties": { "cell_id": 932, "lon": 80.189190379708322, "lat": 13.046568451311527 }, "geometry": { "type": "Polygon", "coordinates": [ [ [ 80.191495696161752, 13.044322673374049 ], [ 80.191495696161752, 13.048814229249004 ], [ 80.186885063254891, 13.048814229249004 ], [ 80.186885063254891, 13.044322673374049 ], [ 80.191495696161752, 13.044322673374049 ] ] ] } },
{ "type": "Feature", "properties": { "cell_id": 933, "lon": 80.193801012615182, "lat": 13.046568451311527 }, "geometry": { "type": "Polygon", "coordinates": [ [ [ 80.196106329068613, 13.044322673374049 ], [ 80.196106329068613, 13.048814229249004 ], [ 80.191495696161752, 13.048814229249004 ], [ 80.191495696161752, 13.044322673374049 ], [ 80.196106329068613, 13.044322673374049 ] ] ] } },
{ "type": "Feature", "properties": { "cell_id": 934, "lon": 80.198411645522043, "lat": 13.046568451311527 }, "geometry": { "type": "Polygon", "coordinates": [ [ [ 80.200716961975473, 13.044322673374049 ], [ 80.200716961975473, 13.048814229249004 ], [ 80.196106329068613, 13.048814229249004 ], [ 80.196106329068613, 13.044322673374049 ], [ 80.200716961975473, 13.044322673374049 ] ] ] } },
{ "type": "Feature", "properties": { "cell_id": 935, "lon": 80.203022278428904, "lat": 13.046568451311527 }, "geometry": { "type": "Polygon", "coordinates": [ [ [ 80.205327594882334, 13.044322673374049 ], [ 80.205327594882334, 13.048814229249004 ], [ 80.200716961975473, 13.048814229249004 ], [ 80.200716961975473, 13.044322673374049 ], [ 80.205327594882334, 13.044322673374049 ] ] ] } },
{ "type": "Feature", "properties": { "cell_id": 936, "lon": 80.207632911335764, "lat": 13.046568451311527 }, "geometry": { "type": "Polygon", "coordinates": [ [ [ 80.209938227789195, 13.044322673374049 ], [ 80.209938227789195, 13.048814229249004 ], [ 80.205327594882334, 13.048814229249004 ], [ 80.205327594882334, 13.044322673374049 ], [ 80.209938227789195, 13.044322673374049 ] ] ] } },
{ "type": "Feature", "properties": { "cell_id": 937, "lon": 80.212243544242625, "lat": 13.046568451311527 }, "geometry": { "type": "Polygon", "coordinates": [ [ [ 80.214548860696055, 13.044322673374049 ], [ 80.214548860696055, 13.048814229249004 ], [ 80.209938227789195, 13.048814229249004 ], [ 80.209938227789195, 13.044322673374049 ], [ 80.214548860696055, 13.044322673374049 ] ] ] } },
{ "type": "Feature", "properties": { "cell_id": 938, "lon": 80.216854177149486, "lat": 13.046568451311527 }, "geometry": { "type": "Polygon", "coordinates": [ [ [ 80.219159493602916, 13.044322673374049 ], [ 80.219159493602916, 13.048814229249004 ], [ 80.214548860696055, 13.048814229249004 ], [ 80.214548860696055, 13.044322673374049 ], [ 80.219159493602916, 13.044322673374049 ] ] ] } },
{ "type": "Feature", "properties": { "cell_id": 939, "lon": 80.221464810056347, "lat": 13.046568451311527 }, "geometry": { "type": "Polygon", "coordinates": [ [ [ 80.223770126509777, 13.044322673374049 ], [ 80.223770126509777, 13.048814229249004 ], [ 80.219159493602916, 13.048814229249004 ], [ 80.219159493602916, 13.044322673374049 ], [ 80.223770126509777, 13.044322673374049 ] ] ] } },
{ "type": "Feature", "properties": { "cell_id": 940, "lon": 80.226075442963207, "lat": 13.046568451311527 }, "geometry": { "type": "Polygon", "coordinates": [ [ [ 80.228380759416638, 13.044322673374049 ], [ 80.228380759416638, 13.048814229249004 ], [ 80.223770126509777, 13.048814229249004 ], [ 80.223770126509777, 13.044322673374049 ], [ 80.228380759416638, 13.044322673374049 ] ] ] } },
{ "type": "Feature", "properties": { "cell_id": 941, "lon": 80.230686075870068, "lat": 13.046568451311527 }, "geometry": { "type": "Polygon", "coordinates": [ [ [ 80.232991392323498, 13.044322673374049 ], [ 80.232991392323498, 13.048814229249004 ], [ 80.228380759416638, 13.048814229249004 ], [ 80.228380759416638, 13.044322673374049 ], [ 80.232991392323498, 13.044322673374049 ] ] ] } },
{ "type": "Feature", "properties": { "cell_id": 942, "lon": 80.235296708776929, "lat": 13.046568451311527 }, "geometry": { "type": "Polygon", "coordinates": [ [ [ 80.237602025230359, 13.044322673374049 ], [ 80.237602025230359, 13.048814229249004 ], [ 80.232991392323498, 13.048814229249004 ], [ 80.232991392323498, 13.044322673374049 ], [ 80.237602025230359, 13.044322673374049 ] ] ] } },
{ "type": "Feature", "properties": { "cell_id": 943, "lon": 80.239907341683789, "lat": 13.046568451311527 }, "geometry": { "type": "Polygon", "coordinates": [ [ [ 80.24221265813722, 13.044322673374049 ], [ 80.24221265813722, 13.048814229249004 ], [ 80.237602025230359, 13.048814229249004 ], [ 80.237602025230359, 13.044322673374049 ], [ 80.24221265813722, 13.044322673374049 ] ] ] } },
{ "type": "Feature", "properties": { "cell_id": 944, "lon": 80.24451797459065, "lat": 13.046568451311527 }, "geometry": { "type": "Polygon", "coordinates": [ [ [ 80.24682329104408, 13.044322673374049 ], [ 80.24682329104408, 13.048814229249004 ], [ 80.24221265813722, 13.048814229249004 ], [ 80.24221265813722, 13.044322673374049 ], [ 80.24682329104408, 13.044322673374049 ] ] ] } },
{ "type": "Feature", "properties": { "cell_id": 945, "lon": 80.249128607497511, "lat": 13.046568451311527 }, "geometry": { "type": "Polygon", "coordinates": [ [ [ 80.251433923950941, 13.044322673374049 ], [ 80.251433923950941, 13.048814229249004 ], [ 80.24682329104408, 13.048814229249004 ], [ 80.24682329104408, 13.044322673374049 ], [ 80.251433923950941, 13.044322673374049 ] ] ] } },
{ "type": "Feature", "properties": { "cell_id": 946, "lon": 80.253739240404371, "lat": 13.046568451311527 }, "geometry": { "type": "Polygon", "coordinates": [ [ [ 80.256044556857802, 13.044322673374049 ], [ 80.256044556857802, 13.048814229249004 ], [ 80.251433923950941, 13.048814229249004 ], [ 80.251433923950941, 13.044322673374049 ], [ 80.256044556857802, 13.044322673374049 ] ] ] } },
{ "type": "Feature", "properties": { "cell_id": 947, "lon": 80.258349873311232, "lat": 13.046568451311527 }, "geometry": { "type": "Polygon", "coordinates": [ [ [ 80.260655189764663, 13.044322673374049 ], [ 80.260655189764663, 13.048814229249004 ], [ 80.256044556857802, 13.048814229249004 ], [ 80.256044556857802, 13.044322673374049 ], [ 80.260655189764663, 13.044322673374049 ] ] ] } },
{ "type": "Feature", "properties": { "cell_id": 948, "lon": 80.262960506218093, "lat": 13.046568451311527 }, "geometry": { "type": "Polygon", "coordinates": [ [ [ 80.265265822671523, 13.044322673374049 ], [ 80.265265822671523, 13.048814229249004 ], [ 80.260655189764663, 13.048814229249004 ], [ 80.260655189764663, 13.044322673374049 ], [ 80.265265822671523, 13.044322673374049 ] ] ] } },
{ "type": "Feature", "properties": { "cell_id": 949, "lon": 80.267571139124954, "lat": 13.046568451311527 }, "geometry": { "type": "Polygon", "coordinates": [ [ [ 80.269876455578384, 13.044322673374049 ], [ 80.269876455578384, 13.048814229249004 ], [ 80.265265822671523, 13.048814229249004 ], [ 80.265265822671523, 13.044322673374049 ], [ 80.269876455578384, 13.044322673374049 ] ] ] } },
{ "type": "Feature", "properties": { "cell_id": 950, "lon": 80.272181772031814, "lat": 13.046568451311527 }, "geometry": { "type": "Polygon", "coordinates": [ [ [ 80.274487088485245, 13.044322673374049 ], [ 80.274487088485245, 13.048814229249004 ], [ 80.269876455578384, 13.048814229249004 ], [ 80.269876455578384, 13.044322673374049 ], [ 80.274487088485245, 13.044322673374049 ] ] ] } },
{ "type": "Feature", "properties": { "cell_id": 951, "lon": 80.276792404938675, "lat": 13.046568451311527 }, "geometry": { "type": "Polygon", "coordinates": [ [ [ 80.279097721392105, 13.044322673374049 ], [ 80.279097721392105, 13.048814229249004 ], [ 80.274487088485245, 13.048814229249004 ], [ 80.274487088485245, 13.044322673374049 ], [ 80.279097721392105, 13.044322673374049 ] ] ] } },
{ "type": "Feature", "properties": { "cell_id": 952, "lon": 80.281403037845536, "lat": 13.046568451311527 }, "geometry": { "type": "Polygon", "coordinates": [ [ [ 80.283708354298966, 13.044322673374049 ], [ 80.283708354298966, 13.048814229249004 ], [ 80.279097721392105, 13.048814229249004 ], [ 80.279097721392105, 13.044322673374049 ], [ 80.283708354298966, 13.044322673374049 ] ] ] } },
{ "type": "Feature", "properties": { "cell_id": 953, "lon": 80.286013670752396, "lat": 13.046568451311527 }, "geometry": { "type": "Polygon", "coordinates": [ [ [ 80.288318987205827, 13.044322673374049 ], [ 80.288318987205827, 13.048814229249004 ], [ 80.283708354298966, 13.048814229249004 ], [ 80.283708354298966, 13.044322673374049 ], [ 80.288318987205827, 13.044322673374049 ] ] ] } },
{ "type": "Feature", "properties": { "cell_id": 954, "lon": 80.290624303659257, "lat": 13.046568451311527 }, "geometry": { "type": "Polygon", "coordinates": [ [ [ 80.292929620112687, 13.044322673374049 ], [ 80.292929620112687, 13.048814229249004 ], [ 80.288318987205827, 13.048814229249004 ], [ 80.288318987205827, 13.044322673374049 ], [ 80.292929620112687, 13.044322673374049 ] ] ] } },
{ "type": "Feature", "properties": { "cell_id": 955, "lon": 80.295234936566118, "lat": 13.046568451311527 }, "geometry": { "type": "Polygon", "coordinates": [ [ [ 80.297540253019548, 13.044322673374049 ], [ 80.297540253019548, 13.048814229249004 ], [ 80.292929620112687, 13.048814229249004 ], [ 80.292929620112687, 13.044322673374049 ], [ 80.297540253019548, 13.044322673374049 ] ] ] } },
{ "type": "Feature", "properties": { "cell_id": 956, "lon": 80.299845569472978, "lat": 13.046568451311527 }, "geometry": { "type": "Polygon", "coordinates": [ [ [ 80.302150885926409, 13.044322673374049 ], [ 80.302150885926409, 13.048814229249004 ], [ 80.297540253019548, 13.048814229249004 ], [ 80.297540253019548, 13.044322673374049 ], [ 80.302150885926409, 13.044322673374049 ] ] ] } },
{ "type": "Feature", "properties": { "cell_id": 968, "lon": 80.152305316453436, "lat": 13.051060007186482 }, "geometry": { "type": "Polygon", "coordinates": [ [ [ 80.154610632906866, 13.048814229249004 ], [ 80.154610632906866, 13.053305785123959 ], [ 80.15, 13.053305785123959 ], [ 80.15, 13.048814229249004 ], [ 80.154610632906866, 13.048814229249004 ] ] ] } },
{ "type": "Feature", "properties": { "cell_id": 969, "lon": 80.156915949360297, "lat": 13.051060007186482 }, "geometry": { "type": "Polygon", "coordinates": [ [ [ 80.159221265813727, 13.048814229249004 ], [ 80.159221265813727, 13.053305785123959 ], [ 80.154610632906866, 13.053305785123959 ], [ 80.154610632906866, 13.048814229249004 ], [ 80.159221265813727, 13.048814229249004 ] ] ] } },
{ "type": "Feature", "properties": { "cell_id": 970, "lon": 80.161526582267157, "lat": 13.051060007186482 }, "geometry": { "type": "Polygon", "coordinates": [ [ [ 80.163831898720588, 13.048814229249004 ], [ 80.163831898720588, 13.053305785123959 ], [ 80.159221265813727, 13.053305785123959 ], [ 80.159221265813727, 13.048814229249004 ], [ 80.163831898720588, 13.048814229249004 ] ] ] } },
{ "type": "Feature", "properties": { "cell_id": 971, "lon": 80.166137215174018, "lat": 13.051060007186482 }, "geometry": { "type": "Polygon", "coordinates": [ [ [ 80.168442531627448, 13.048814229249004 ], [ 80.168442531627448, 13.053305785123959 ], [ 80.163831898720588, 13.053305785123959 ], [ 80.163831898720588, 13.048814229249004 ], [ 80.168442531627448, 13.048814229249004 ] ] ] } },
{ "type": "Feature", "properties": { "cell_id": 972, "lon": 80.170747848080879, "lat": 13.051060007186482 }, "geometry": { "type": "Polygon", "coordinates": [ [ [ 80.173053164534309, 13.048814229249004 ], [ 80.173053164534309, 13.053305785123959 ], [ 80.168442531627448, 13.053305785123959 ], [ 80.168442531627448, 13.048814229249004 ], [ 80.173053164534309, 13.048814229249004 ] ] ] } },
{ "type": "Feature", "properties": { "cell_id": 973, "lon": 80.17535848098774, "lat": 13.051060007186482 }, "geometry": { "type": "Polygon", "coordinates": [ [ [ 80.17766379744117, 13.048814229249004 ], [ 80.17766379744117, 13.053305785123959 ], [ 80.173053164534309, 13.053305785123959 ], [ 80.173053164534309, 13.048814229249004 ], [ 80.17766379744117, 13.048814229249004 ] ] ] } },
{ "type": "Feature", "properties": { "cell_id": 974, "lon": 80.1799691138946, "lat": 13.051060007186482 }, "geometry": { "type": "Polygon", "coordinates": [ [ [ 80.182274430348031, 13.048814229249004 ], [ 80.182274430348031, 13.053305785123959 ], [ 80.17766379744117, 13.053305785123959 ], [ 80.17766379744117, 13.048814229249004 ], [ 80.182274430348031, 13.048814229249004 ] ] ] } },
{ "type": "Feature", "properties": { "cell_id": 975, "lon": 80.184579746801461, "lat": 13.051060007186482 }, "geometry": { "type": "Polygon", "coordinates": [ [ [ 80.186885063254891, 13.048814229249004 ], [ 80.186885063254891, 13.053305785123959 ], [ 80.182274430348031, 13.053305785123959 ], [ 80.182274430348031, 13.048814229249004 ], [ 80.186885063254891, 13.048814229249004 ] ] ] } },
{ "type": "Feature", "properties": { "cell_id": 976, "lon": 80.189190379708322, "lat": 13.051060007186482 }, "geometry": { "type": "Polygon", "coordinates": [ [ [ 80.191495696161752, 13.048814229249004 ], [ 80.191495696161752, 13.053305785123959 ], [ 80.186885063254891, 13.053305785123959 ], [ 80.186885063254891, 13.048814229249004 ], [ 80.191495696161752, 13.048814229249004 ] ] ] } },
{ "type": "Feature", "properties": { "cell_id": 977, "lon": 80.193801012615182, "lat": 13.051060007186482 }, "geometry": { "type": "Polygon", "coordinates": [ [ [ 80.196106329068613, 13.048814229249004 ], [ 80.196106329068613, 13.053305785123959 ], [ 80.191495696161752, 13.053305785123959 ], [ 80.191495696161752, 13.048814229249004 ], [ 80.196106329068613, 13.048814229249004 ] ] ] } },
{ "type": "Feature", "properties": { "cell_id": 978, "lon": 80.198411645522043, "lat": 13.051060007186482 }, "geometry": { "type": "Polygon", "coordinates": [ [ [ 80.200716961975473, 13.048814229249004 ], [ 80.200716961975473, 13.053305785123959 ], [ 80.196106329068613, 13.053305785123959 ], [ 80.196106329068613, 13.048814229249004 ], [ 80.200716961975473, 13.048814229249004 ] ] ] } },
{ "type": "Feature", "properties": { "cell_id": 979, "lon": 80.203022278428904, "lat": 13.051060007186482 }, "geometry": { "type": "Polygon", "coordinates": [ [ [ 80.205327594882334, 13.048814229249004 ], [ 80.205327594882334, 13.053305785123959 ], [ 80.200716961975473, 13.053305785123959 ], [ 80.200716961975473, 13.048814229249004 ], [ 80.205327594882334, 13.048814229249004 ] ] ] } },
{ "type": "Feature", "properties": { "cell_id": 980, "lon": 80.207632911335764, "lat": 13.051060007186482 }, "geometry": { "type": "Polygon", "coordinates": [ [ [ 80.209938227789195, 13.048814229249004 ], [ 80.209938227789195, 13.053305785123959 ], [ 80.205327594882334, 13.053305785123959 ], [ 80.205327594882334, 13.048814229249004 ], [ 80.209938227789195, 13.048814229249004 ] ] ] } },
{ "type": "Feature", "properties": { "cell_id": 981, "lon": 80.212243544242625, "lat": 13.051060007186482 }, "geometry": { "type": "Polygon", "coordinates": [ [ [ 80.214548860696055, 13.048814229249004 ], [ 80.214548860696055, 13.053305785123959 ], [ 80.209938227789195, 13.053305785123959 ], [ 80.209938227789195, 13.048814229249004 ], [ 80.214548860696055, 13.048814229249004 ] ] ] } },
{ "type": "Feature", "properties": { "cell_id": 982, "lon": 80.216854177149486, "lat": 13.051060007186482 }, "geometry": { "type": "Polygon", "coordinates": [ [ [ 80.219159493602916, 13.048814229249004 ], [ 80.219159493602916, 13.053305785123959 ], [ 80.214548860696055, 13.053305785123959 ], [ 80.214548860696055, 13.048814229249004 ], [ 80.219159493602916, 13.048814229249004 ] ] ] } },
{ "type": "Feature", "properties": { "cell_id": 983, "lon": 80.221464810056347, "lat": 13.051060007186482 }, "geometry": { "type": "Polygon", "coordinates": [ [ [ 80.223770126509777, 13.048814229249004 ], [ 80.223770126509777, 13.053305785123959 ], [ 80.219159493602916, 13.053305785123959 ], [ 80.219159493602916, 13.048814229249004 ], [ 80.223770126509777, 13.048814229249004 ] ] ] } },
{ "type": "Feature", "properties": { "cell_id": 984, "lon": 80.226075442963207, "lat": 13.051060007186482 }, "geometry": { "type": "Polygon", "coordinates": [ [ [ 80.228380759416638, 13.048814229249004 ], [ 80.228380759416638, 13.053305785123959 ], [ 80.223770126509777, 13.053305785123959 ], [ 80.223770126509777, 13.048814229249004 ], [ 80.228380759416638, 13.048814229249004 ] ] ] } },
{ "type": "Feature", "properties": { "cell_id": 985, "lon": 80.230686075870068, "lat": 13.051060007186482 }, "geometry": { "type": "Polygon", "coordinates": [ [ [ 80.232991392323498, 13.048814229249004 ], [ 80.232991392323498, 13.053305785123959 ], [ 80.228380759416638, 13.053305785123959 ], [ 80.228380759416638, 13.048814229249004 ], [ 80.232991392323498, 13.048814229249004 ] ] ] } },
{ "type": "Feature", "properties": { "cell_id": 986, "lon": 80.235296708776929, "lat": 13.051060007186482 }, "geometry": { "type": "Polygon", "coordinates": [ [ [ 80.237602025230359, 13.048814229249004 ], [ 80.237602025230359, 13.053305785123959 ], [ 80.232991392323498, 13.053305785123959 ], [ 80.232991392323498, 13.048814229249004 ], [ 80.237602025230359, 13.048814229249004 ] ] ] } },
{ "type": "Feature", "properties": { "cell_id": 987, "lon": 80.239907341683789, "lat": 13.051060007186482 }, "geometry": { "type": "Polygon", "coordinates": [ [ [ 80.24221265813722, 13.048814229249004 ], [ 80.24221265813722, 13.053305785123959 ], [ 80.237602025230359, 13.053305785123959 ], [ 80.237602025230359, 13.048814229249004 ], [ 80.24221265813722, 13.048814229249004 ] ] ] } },
{ "type": "Feature", "properties": { "cell_id": 988, "lon": 80.24451797459065, "lat": 13.051060007186482 }, "geometry": { "type": "Polygon", "coordinates": [ [ [ 80.24682329104408, 13.048814229249004 ], [ 80.24682329104408, 13.053305785123959 ], [ 80.24221265813722, 13.053305785123959 ], [ 80.24221265813722, 13.048814229249004 ], [ 80.24682329104408, 13.048814229249004 ] ] ] } },
{ "type": "Feature", "properties": { "cell_id": 989, "lon": 80.249128607497511, "lat": 13.051060007186482 }, "geometry": { "type": "Polygon", "coordinates": [ [ [ 80.251433923950941, 13.048814229249004 ], [ 80.251433923950941, 13.053305785123959 ], [ 80.24682329104408, 13.053305785123959 ], [ 80.24682329104408, 13.048814229249004 ], [ 80.251433923950941, 13.048814229249004 ] ] ] } },
{ "type": "Feature", "properties": { "cell_id": 990, "lon": 80.253739240404371, "lat": 13.051060007186482 }, "geometry": { "type": "Polygon", "coordinates": [ [ [ 80.256044556857802, 13.048814229249004 ], [ 80.256044556857802, 13.053305785123959 ], [ 80.251433923950941, 13.053305785123959 ], [ 80.251433923950941, 13.048814229249004 ], [ 80.256044556857802, 13.048814229249004 ] ] ] } },
{ "type": "Feature", "properties": { "cell_id": 991, "lon": 80.258349873311232, "lat": 13.051060007186482 }, "geometry": { "type": "Polygon", "coordinates": [ [ [ 80.260655189764663, 13.048814229249004 ], [ 80.260655189764663, 13.053305785123959 ], [ 80.256044556857802, 13.053305785123959 ], [ 80.256044556857802, 13.048814229249004 ], [ 80.260655189764663, 13.048814229249004 ] ] ] } },
{ "type": "Feature", "properties": { "cell_id": 992, "lon": 80.262960506218093, "lat": 13.051060007186482 }, "geometry": { "type": "Polygon", "coordinates": [ [ [ 80.265265822671523, 13.048814229249004 ], [ 80.265265822671523, 13.053305785123959 ], [ 80.260655189764663, 13.053305785123959 ], [ 80.260655189764663, 13.048814229249004 ], [ 80.265265822671523, 13.048814229249004 ] ] ] } },
{ "type": "Feature", "properties": { "cell_id": 993, "lon": 80.267571139124954, "lat": 13.051060007186482 }, "geometry": { "type": "Polygon", "coordinates": [ [ [ 80.269876455578384, 13.048814229249004 ], [ 80.269876455578384, 13.053305785123959 ], [ 80.265265822671523, 13.053305785123959 ], [ 80.265265822671523, 13.048814229249004 ], [ 80.269876455578384, 13.048814229249004 ] ] ] } },
{ "type": "Feature", "properties": { "cell_id": 994, "lon": 80.272181772031814, "lat": 13.051060007186482 }, "geometry": { "type": "Polygon", "coordinates": [ [ [ 80.274487088485245, 13.048814229249004 ], [ 80.274487088485245, 13.053305785123959 ], [ 80.269876455578384, 13.053305785123959 ], [ 80.269876455578384, 13.048814229249004 ], [ 80.274487088485245, 13.048814229249004 ] ] ] } },
{ "type": "Feature", "properties": { "cell_id": 995, "lon": 80.276792404938675, "lat": 13.051060007186482 }, "geometry": { "type": "Polygon", "coordinates": [ [ [ 80.279097721392105, 13.048814229249004 ], [ 80.279097721392105, 13.053305785123959 ], [ 80.274487088485245, 13.053305785123959 ], [ 80.274487088485245, 13.048814229249004 ], [ 80.279097721392105, 13.048814229249004 ] ] ] } },
{ "type": "Feature", "properties": { "cell_id": 996, "lon": 80.281403037845536, "lat": 13.051060007186482 }, "geometry": { "type": "Polygon", "coordinates": [ [ [ 80.283708354298966, 13.048814229249004 ], [ 80.283708354298966, 13.053305785123959 ], [ 80.279097721392105, 13.053305785123959 ], [ 80.279097721392105, 13.048814229249004 ], [ 80.283708354298966, 13.048814229249004 ] ] ] } },
{ "type": "Feature", "properties": { "cell_id": 997, "lon": 80.286013670752396, "lat": 13.051060007186482 }, "geometry": { "type": "Polygon", "coordinates": [ [ [ 80.288318987205827, 13.048814229249004 ], [ 80.288318987205827, 13.053305785123959 ], [ 80.283708354298966, 13.053305785123959 ], [ 80.283708354298966, 13.048814229249004 ], [ 80.288318987205827, 13.048814229249004 ] ] ] } },
{ "type": "Feature", "properties": { "cell_id": 998, "lon": 80.290624303659257, "lat": 13.051060007186482 }, "geometry": { "type": "Polygon", "coordinates": [ [ [ 80.292929620112687, 13.048814229249004 ], [ 80.292929620112687, 13.053305785123959 ], [ 80.288318987205827, 13.053305785123959 ], [ 80.288318987205827, 13.048814229249004 ], [ 80.292929620112687, 13.048814229249004 ] ] ] } },
{ "type": "Feature", "properties": { "cell_id": 999, "lon": 80.295234936566118, "lat": 13.051060007186482 }, "geometry": { "type": "Polygon", "coordinates": [ [ [ 80.297540253019548, 13.048814229249004 ], [ 80.297540253019548, 13.053305785123959 ], [ 80.292929620112687, 13.053305785123959 ], [ 80.292929620112687, 13.048814229249004 ], [ 80.297540253019548, 13.048814229249004 ] ] ] } },
{ "type": "Feature", "properties": { "cell_id": 1000, "lon": 80.299845569472978, "lat": 13.051060007186482 }, "geometry": { "type": "Polygon", "coordinates": [ [ [ 80.302150885926409, 13.048814229249004 ], [ 80.302150885926409, 13.053305785123959 ], [ 80.297540253019548, 13.053305785123959 ], [ 80.297540253019548, 13.048814229249004 ], [ 80.302150885926409, 13.048814229249004 ] ] ] } },
{ "type": "Feature", "properties": { "cell_id": 1012, "lon": 80.152305316453436, "lat": 13.055551563061437 }, "geometry": { "type": "Polygon", "coordinates": [ [ [ 80.154610632906866, 13.053305785123959 ], [ 80.154610632906866, 13.057797340998913 ], [ 80.15, 13.057797340998913 ], [ 80.15, 13.053305785123959 ], [ 80.154610632906866, 13.053305785123959 ] ] ] } },
{ "type": "Feature", "properties": { "cell_id": 1013, "lon": 80.156915949360297, "lat": 13.055551563061437 }, "geometry": { "type": "Polygon", "coordinates": [ [ [ 80.159221265813727, 13.053305785123959 ], [ 80.159221265813727, 13.057797340998913 ], [ 80.154610632906866, 13.057797340998913 ], [ 80.154610632906866, 13.053305785123959 ], [ 80.159221265813727, 13.053305785123959 ] ] ] } },
{ "type": "Feature", "properties": { "cell_id": 1014, "lon": 80.161526582267157, "lat": 13.055551563061437 }, "geometry": { "type": "Polygon", "coordinates": [ [ [ 80.163831898720588, 13.053305785123959 ], [ 80.163831898720588, 13.057797340998913 ], [ 80.159221265813727, 13.057797340998913 ], [ 80.159221265813727, 13.053305785123959 ], [ 80.163831898720588, 13.053305785123959 ] ] ] } },
{ "type": "Feature", "properties": { "cell_id": 1015, "lon": 80.166137215174018, "lat": 13.055551563061437 }, "geometry": { "type": "Polygon", "coordinates": [ [ [ 80.168442531627448, 13.053305785123959 ], [ 80.168442531627448, 13.057797340998913 ], [ 80.163831898720588, 13.057797340998913 ], [ 80.163831898720588, 13.053305785123959 ], [ 80.168442531627448, 13.053305785123959 ] ] ] } },
{ "type": "Feature", "properties": { "cell_id": 1016, "lon": 80.170747848080879, "lat": 13.055551563061437 }, "geometry": { "type": "Polygon", "coordinates": [ [ [ 80.173053164534309, 13.053305785123959 ], [ 80.173053164534309, 13.057797340998913 ], [ 80.168442531627448, 13.057797340998913 ], [ 80.168442531627448, 13.053305785123959 ], [ 80.173053164534309, 13.053305785123959 ] ] ] } },
{ "type": "Feature", "properties": { "cell_id": 1017, "lon": 80.17535848098774, "lat": 13.055551563061437 }, "geometry": { "type": "Polygon", "coordinates": [ [ [ 80.17766379744117, 13.053305785123959 ], [ 80.17766379744117, 13.057797340998913 ], [ 80.173053164534309, 13.057797340998913 ], [ 80.173053164534309, 13.053305785123959 ], [ 80.17766379744117, 13.053305785123959 ] ] ] } },
{ "type": "Feature", "properties": { "cell_id": 1018, "lon": 80.1799691138946, "lat": 13.055551563061437 }, "geometry": { "type": "Polygon", "coordinates": [ [ [ 80.182274430348031, 13.053305785123959 ], [ 80.182274430348031, 13.057797340998913 ], [ 80.17766379744117, 13.057797340998913 ], [ 80.17766379744117, 13.053305785123959 ], [ 80.182274430348031, 13.053305785123959 ] ] ] } },
{ "type": "Feature", "properties": { "cell_id": 1019, "lon": 80.184579746801461, "lat": 13.055551563061437 }, "geometry": { "type": "Polygon", "coordinates": [ [ [ 80.186885063254891, 13.053305785123959 ], [ 80.186885063254891, 13.057797340998913 ], [ 80.182274430348031, 13.057797340998913 ], [ 80.182274430348031, 13.053305785123959 ], [ 80.186885063254891, 13.053305785123959 ] ] ] } },
{ "type": "Feature", "properties": { "cell_id": 1020, "lon": 80.189190379708322, "lat": 13.055551563061437 }, "geometry": { "type": "Polygon", "coordinates": [ [ [ 80.191495696161752, 13.053305785123959 ], [ 80.191495696161752, 13.057797340998913 ], [ 80.186885063254891, 13.057797340998913 ], [ 80.186885063254891, 13.053305785123959 ], [ 80.191495696161752, 13.053305785123959 ] ] ] } },
{ "type": "Feature", "properties": { "cell_id": 1021, "lon": 80.193801012615182, "lat": 13.055551563061437 }, "geometry": { "type": "Polygon", "coordinates": [ [ [ 80.196106329068613, 13.053305785123959 ], [ 80.196106329068613, 13.057797340998913 ], [ 80.191495696161752, 13.057797340998913 ], [ 80.191495696161752, 13.053305785123959 ], [ 80.196106329068613, 13.053305785123959 ] ] ] } },
{ "type": "Feature", "properties": { "cell_id": 1022, "lon": 80.198411645522043, "lat": 13.055551563061437 }, "geometry": { "type": "Polygon", "coordinates": [ [ [ 80.200716961975473, 13.053305785123959 ], [ 80.200716961975473, 13.057797340998913 ], [ 80.196106329068613, 13.057797340998913 ], [ 80.196106329068613, 13.053305785123959 ], [ 80.200716961975473, 13.053305785123959 ] ] ] } },
{ "type": "Feature", "properties": { "cell_id": 1023, "lon": 80.203022278428904, "lat": 13.055551563061437 }, "geometry": { "type": "Polygon", "coordinates": [ [ [ 80.205327594882334, 13.053305785123959 ], [ 80.205327594882334, 13.057797340998913 ], [ 80.200716961975473, 13.057797340998913 ], [ 80.200716961975473, 13.053305785123959 ], [ 80.205327594882334, 13.053305785123959 ] ] ] } },
{ "type": "Feature", "properties": { "cell_id": 1024, "lon": 80.207632911335764, "lat": 13.055551563061437 }, "geometry": { "type": "Polygon", "coordinates": [ [ [ 80.209938227789195, 13.053305785123959 ], [ 80.209938227789195, 13.057797340998913 ], [ 80.205327594882334, 13.057797340998913 ], [ 80.205327594882334, 13.053305785123959 ], [ 80.209938227789195, 13.053305785123959 ] ] ] } },
{ "type": "Feature", "properties": { "cell_id": 1025, "lon": 80.212243544242625, "lat": 13.055551563061437 }, "geometry": { "type": "Polygon", "coordinates": [ [ [ 80.214548860696055, 13.053305785123959 ], [ 80.214548860696055, 13.057797340998913 ], [ 80.209938227789195, 13.057797340998913 ], [ 80.209938227789195, 13.053305785123959 ], [ 80.214548860696055, 13.053305785123959 ] ] ] } },
{ "type": "Feature", "properties": { "cell_id": 1026, "lon": 80.216854177149486, "lat": 13.055551563061437 }, "geometry": { "type": "Polygon", "coordinates": [ [ [ 80.219159493602916, 13.053305785123959 ], [ 80.219159493602916, 13.057797340998913 ], [ 80.214548860696055, 13.057797340998913 ], [ 80.214548860696055, 13.053305785123959 ], [ 80.219159493602916, 13.053305785123959 ] ] ] } },
{ "type": "Feature", "properties": { "cell_id": 1027, "lon": 80.221464810056347, "lat": 13.055551563061437 }, "geometry": { "type": "Polygon", "coordinates": [ [ [ 80.223770126509777, 13.053305785123959 ], [ 80.223770126509777, 13.057797340998913 ], [ 80.219159493602916, 13.057797340998913 ], [ 80.219159493602916, 13.053305785123959 ], [ 80.223770126509777, 13.053305785123959 ] ] ] } },
{ "type": "Feature", "properties": { "cell_id": 1028, "lon": 80.226075442963207, "lat": 13.055551563061437 }, "geometry": { "type": "Polygon", "coordinates": [ [ [ 80.228380759416638, 13.053305785123959 ], [ 80.228380759416638, 13.057797340998913 ], [ 80.223770126509777, 13.057797340998913 ], [ 80.223770126509777, 13.053305785123959 ], [ 80.228380759416638, 13.053305785123959 ] ] ] } },
{ "type": "Feature", "properties": { "cell_id": 1029, "lon": 80.230686075870068, "lat": 13.055551563061437 }, "geometry": { "type": "Polygon", "coordinates": [ [ [ 80.232991392323498, 13.053305785123959 ], [ 80.232991392323498, 13.057797340998913 ], [ 80.228380759416638, 13.057797340998913 ], [ 80.228380759416638, 13.053305785123959 ], [ 80.232991392323498, 13.053305785123959 ] ] ] } },
{ "type": "Feature", "properties": { "cell_id": 1030, "lon": 80.235296708776929, "lat": 13.055551563061437 }, "geometry": { "type": "Polygon", "coordinates": [ [ [ 80.237602025230359, 13.053305785123959 ], [ 80.237602025230359, 13.057797340998913 ], [ 80.232991392323498, 13.057797340998913 ], [ 80.232991392323498, 13.053305785123959 ], [ 80.237602025230359, 13.053305785123959 ] ] ] } },
{ "type": "Feature", "properties": { "cell_id": 1031, "lon": 80.239907341683789, "lat": 13.055551563061437 }, "geometry": { "type": "Polygon", "coordinates": [ [ [ 80.24221265813722, 13.053305785123959 ], [ 80.24221265813722, 13.057797340998913 ], [ 80.237602025230359, 13.057797340998913 ], [ 80.237602025230359, 13.053305785123959 ], [ 80.24221265813722, 13.053305785123959 ] ] ] } },
{ "type": "Feature", "properties": { "cell_id": 1032, "lon": 80.24451797459065, "lat": 13.055551563061437 }, "geometry": { "type": "Polygon", "coordinates": [ [ [ 80.24682329104408, 13.053305785123959 ], [ 80.24682329104408, 13.057797340998913 ], [ 80.24221265813722, 13.057797340998913 ], [ 80.24221265813722, 13.053305785123959 ], [ 80.24682329104408, 13.053305785123959 ] ] ] } },
{ "type": "Feature", "properties": { "cell_id": 1033, "lon": 80.249128607497511, "lat": 13.055551563061437 }, "geometry": { "type": "Polygon", "coordinates": [ [ [ 80.251433923950941, 13.053305785123959 ], [ 80.251433923950941, 13.057797340998913 ], [ 80.24682329104408, 13.057797340998913 ], [ 80.24682329104408, 13.053305785123959 ], [ 80.251433923950941, 13.053305785123959 ] ] ] } },
{ "type": "Feature", "properties": { "cell_id": 1034, "lon": 80.253739240404371, "lat": 13.055551563061437 }, "geometry": { "type": "Polygon", "coordinates": [ [ [ 80.256044556857802, 13.053305785123959 ], [ 80.256044556857802, 13.057797340998913 ], [ 80.251433923950941, 13.057797340998913 ], [ 80.251433923950941, 13.053305785123959 ], [ 80.256044556857802, 13.053305785123959 ] ] ] } },
{ "type": "Feature", "properties": { "cell_id": 1035, "lon": 80.258349873311232, "lat": 13.055551563061437 }, "geometry": { "type": "Polygon", "coordinates": [ [ [ 80.260655189764663, 13.053305785123959 ], [ 80.260655189764663, 13.057797340998913 ], [ 80.256044556857802, 13.057797340998913 ], [ 80.256044556857802, 13.053305785123959 ], [ 80.260655189764663, 13.053305785123959 ] ] ] } },
{ "type": "Feature", "properties": { "cell_id": 1036, "lon": 80.262960506218093, "lat": 13.055551563061437 }, "geometry": { "type": "Polygon", "coordinates": [ [ [ 80.265265822671523, 13.053305785123959 ], [ 80.265265822671523, 13.057797340998913 ], [ 80.260655189764663, 13.057797340998913 ], [ 80.260655189764663, 13.053305785123959 ], [ 80.265265822671523, 13.053305785123959 ] ] ] } },
{ "type": "Feature", "properties": { "cell_id": 1037, "lon": 80.267571139124954, "lat": 13.055551563061437 }, "geometry": { "type": "Polygon", "coordinates": [ [ [ 80.269876455578384, 13.053305785123959 ], [ 80.269876455578384, 13.057797340998913 ], [ 80.265265822671523, 13.057797340998913 ], [ 80.265265822671523, 13.053305785123959 ], [ 80.269876455578384, 13.053305785123959 ] ] ] } },
{ "type": "Feature", "properties": { "cell_id": 1038, "lon": 80.272181772031814, "lat": 13.055551563061437 }, "geometry": { "type": "Polygon", "coordinates": [ [ [ 80.274487088485245, 13.053305785123959 ], [ 80.274487088485245, 13.057797340998913 ], [ 80.269876455578384, 13.057797340998913 ], [ 80.269876455578384, 13.053305785123959 ], [ 80.274487088485245, 13.053305785123959 ] ] ] } },
{ "type": "Feature", "properties": { "cell_id": 1039, "lon": 80.276792404938675, "lat": 13.055551563061437 }, "geometry": { "type": "Polygon", "coordinates": [ [ [ 80.279097721392105, 13.053305785123959 ], [ 80.279097721392105, 13.057797340998913 ], [ 80.274487088485245, 13.057797340998913 ], [ 80.274487088485245, 13.053305785123959 ], [ 80.279097721392105, 13.053305785123959 ] ] ] } },
{ "type": "Feature", "properties": { "cell_id": 1040, "lon": 80.281403037845536, "lat": 13.055551563061437 }, "geometry": { "type": "Polygon", "coordinates": [ [ [ 80.283708354298966, 13.053305785123959 ], [ 80.283708354298966, 13.057797340998913 ], [ 80.279097721392105, 13.057797340998913 ], [ 80.279097721392105, 13.053305785123959 ], [ 80.283708354298966, 13.053305785123959 ] ] ] } },
{ "type": "Feature", "properties": { "cell_id": 1041, "lon": 80.286013670752396, "lat": 13.055551563061437 }, "geometry": { "type": "Polygon", "coordinates": [ [ [ 80.288318987205827, 13.053305785123959 ], [ 80.288318987205827, 13.057797340998913 ], [ 80.283708354298966, 13.057797340998913 ], [ 80.283708354298966, 13.053305785123959 ], [ 80.288318987205827, 13.053305785123959 ] ] ] } },
{ "type": "Feature", "properties": { "cell_id": 1042, "lon": 80.290624303659257, "lat": 13.055551563061437 }, "geometry": { "type": "Polygon", "coordinates": [ [ [ 80.292929620112687, 13.053305785123959 ], [ 80.292929620112687, 13.057797340998913 ], [ 80.288318987205827, 13.057797340998913 ], [ 80.288318987205827, 13.053305785123959 ], [ 80.292929620112687, 13.053305785123959 ] ] ] } },
{ "type": "Feature", "properties": { "cell_id": 1043, "lon": 80.295234936566118, "lat": 13.055551563061437 }, "geometry": { "type": "Polygon", "coordinates": [ [ [ 80.297540253019548, 13.053305785123959 ], [ 80.297540253019548, 13.057797340998913 ], [ 80.292929620112687, 13.057797340998913 ], [ 80.292929620112687, 13.053305785123959 ], [ 80.297540253019548, 13.053305785123959 ] ] ] } },
{ "type": "Feature", "properties": { "cell_id": 1044, "lon": 80.299845569472978, "lat": 13.055551563061437 }, "geometry": { "type": "Polygon", "coordinates": [ [ [ 80.302150885926409, 13.053305785123959 ], [ 80.302150885926409, 13.057797340998913 ], [ 80.297540253019548, 13.057797340998913 ], [ 80.297540253019548, 13.053305785123959 ], [ 80.302150885926409, 13.053305785123959 ] ] ] } },
{ "type": "Feature", "properties": { "cell_id": 1056, "lon": 80.152305316453436, "lat": 13.060043118936392 }, "geometry": { "type": "Polygon", "coordinates": [ [ [ 80.154610632906866, 13.057797340998913 ], [ 80.154610632906866, 13.062288896873868 ], [ 80.15, 13.062288896873868 ], [ 80.15, 13.057797340998913 ], [ 80.154610632906866, 13.057797340998913 ] ] ] } },
{ "type": "Feature", "properties": { "cell_id": 1057, "lon": 80.156915949360297, "lat": 13.060043118936392 }, "geometry": { "type": "Polygon", "coordinates": [ [ [ 80.159221265813727, 13.057797340998913 ], [ 80.159221265813727, 13.062288896873868 ], [ 80.154610632906866, 13.062288896873868 ], [ 80.154610632906866, 13.057797340998913 ], [ 80.159221265813727, 13.057797340998913 ] ] ] } },
{ "type": "Feature", "properties": { "cell_id": 1058, "lon": 80.161526582267157, "lat": 13.060043118936392 }, "geometry": { "type": "Polygon", "coordinates": [ [ [ 80.163831898720588, 13.057797340998913 ], [ 80.163831898720588, 13.062288896873868 ], [ 80.159221265813727, 13.062288896873868 ], [ 80.159221265813727, 13.057797340998913 ], [ 80.163831898720588, 13.057797340998913 ] ] ] } },
{ "type": "Feature", "properties": { "cell_id": 1059, "lon": 80.166137215174018, "lat": 13.060043118936392 }, "geometry": { "type": "Polygon", "coordinates": [ [ [ 80.168442531627448, 13.057797340998913 ], [ 80.168442531627448, 13.062288896873868 ], [ 80.163831898720588, 13.062288896873868 ], [ 80.163831898720588, 13.057797340998913 ], [ 80.168442531627448, 13.057797340998913 ] ] ] } },
{ "type": "Feature", "properties": { "cell_id": 1060, "lon": 80.170747848080879, "lat": 13.060043118936392 }, "geometry": { "type": "Polygon", "coordinates": [ [ [ 80.173053164534309, 13.057797340998913 ], [ 80.173053164534309, 13.062288896873868 ], [ 80.168442531627448, 13.062288896873868 ], [ 80.168442531627448, 13.057797340998913 ], [ 80.173053164534309, 13.057797340998913 ] ] ] } },
{ "type": "Feature", "properties": { "cell_id": 1061, "lon": 80.17535848098774, "lat": 13.060043118936392 }, "geometry": { "type": "Polygon", "coordinates": [ [ [ 80.17766379744117, 13.057797340998913 ], [ 80.17766379744117, 13.062288896873868 ], [ 80.173053164534309, 13.062288896873868 ], [ 80.173053164534309, 13.057797340998913 ], [ 80.17766379744117, 13.057797340998913 ] ] ] } },
{ "type": "Feature", "properties": { "cell_id": 1062, "lon": 80.1799691138946, "lat": 13.060043118936392 }, "geometry": { "type": "Polygon", "coordinates": [ [ [ 80.182274430348031, 13.057797340998913 ], [ 80.182274430348031, 13.062288896873868 ], [ 80.17766379744117, 13.062288896873868 ], [ 80.17766379744117, 13.057797340998913 ], [ 80.182274430348031, 13.057797340998913 ] ] ] } },
{ "type": "Feature", "properties": { "cell_id": 1063, "lon": 80.184579746801461, "lat": 13.060043118936392 }, "geometry": { "type": "Polygon", "coordinates": [ [ [ 80.186885063254891, 13.057797340998913 ], [ 80.186885063254891, 13.062288896873868 ], [ 80.182274430348031, 13.062288896873868 ], [ 80.182274430348031, 13.057797340998913 ], [ 80.186885063254891, 13.057797340998913 ] ] ] } },
{ "type": "Feature", "properties": { "cell_id": 1064, "lon": 80.189190379708322, "lat": 13.060043118936392 }, "geometry": { "type": "Polygon", "coordinates": [ [ [ 80.191495696161752, 13.057797340998913 ], [ 80.191495696161752, 13.062288896873868 ], [ 80.186885063254891, 13.062288896873868 ], [ 80.186885063254891, 13.057797340998913 ], [ 80.191495696161752, 13.057797340998913 ] ] ] } },
{ "type": "Feature", "properties": { "cell_id": 1065, "lon": 80.193801012615182, "lat": 13.060043118936392 }, "geometry": { "type": "Polygon", "coordinates": [ [ [ 80.196106329068613, 13.057797340998913 ], [ 80.196106329068613, 13.062288896873868 ], [ 80.191495696161752, 13.062288896873868 ], [ 80.191495696161752, 13.057797340998913 ], [ 80.196106329068613, 13.057797340998913 ] ] ] } },
{ "type": "Feature", "properties": { "cell_id": 1066, "lon": 80.198411645522043, "lat": 13.060043118936392 }, "geometry": { "type": "Polygon", "coordinates": [ [ [ 80.200716961975473, 13.057797340998913 ], [ 80.200716961975473, 13.062288896873868 ], [ 80.196106329068613, 13.062288896873868 ], [ 80.196106329068613, 13.057797340998913 ], [ 80.200716961975473, 13.057797340998913 ] ] ] } },
{ "type": "Feature", "properties": { "cell_id": 1067, "lon": 80.203022278428904, "lat": 13.060043118936392 }, "geometry": { "type": "Polygon", "coordinates": [ [ [ 80.205327594882334, 13.057797340998913 ], [ 80.205327594882334, 13.062288896873868 ], [ 80.200716961975473, 13.062288896873868 ], [ 80.200716961975473, 13.057797340998913 ], [ 80.205327594882334, 13.057797340998913 ] ] ] } },
{ "type": "Feature", "properties": { "cell_id": 1068, "lon": 80.207632911335764, "lat": 13.060043118936392 }, "geometry": { "type": "Polygon", "coordinates": [ [ [ 80.209938227789195, 13.057797340998913 ], [ 80.209938227789195, 13.062288896873868 ], [ 80.205327594882334, 13.062288896873868 ], [ 80.205327594882334, 13.057797340998913 ], [ 80.209938227789195, 13.057797340998913 ] ] ] } },
{ "type": "Feature", "properties": { "cell_id": 1069, "lon": 80.212243544242625, "lat": 13.060043118936392 }, "geometry": { "type": "Polygon", "coordinates": [ [ [ 80.214548860696055, 13.057797340998913 ], [ 80.214548860696055, 13.062288896873868 ], [ 80.209938227789195, 13.062288896873868 ], [ 80.209938227789195, 13.057797340998913 ], [ 80.214548860696055, 13.057797340998913 ] ] ] } },
{ "type": "Feature", "properties": { "cell_id": 1070, "lon": 80.216854177149486, "lat": 13.060043118936392 }, "geometry": { "type": "Polygon", "coordinates": [ [ [ 80.219159493602916, 13.057797340998913 ], [ 80.219159493602916, 13.062288896873868 ], [ 80.214548860696055, 13.062288896873868 ], [ 80.214548860696055, 13.057797340998913 ], [ 80.219159493602916, 13.057797340998913 ] ] ] } },
{ "type": "Feature", "properties": { "cell_id": 1071, "lon": 80.221464810056347, "lat": 13.060043118936392 }, "geometry": { "type": "Polygon", "coordinates": [ [ [ 80.223770126509777, 13.057797340998913 ], [ 80.223770126509777, 13.062288896873868 ], [ 80.219159493602916, 13.062288896873868 ], [ 80.219159493602916, 13.057797340998913 ], [ 80.223770126509777, 13.057797340998913 ] ] ] } },
{ "type": "Feature", "properties": { "cell_id": 1072, "lon": 80.226075442963207, "lat": 13.060043118936392 }, "geometry": { "type": "Polygon", "coordinates": [ [ [ 80.228380759416638, 13.057797340998913 ], [ 80.228380759416638, 13.062288896873868 ], [ 80.223770126509777, 13.062288896873868 ], [ 80.223770126509777, 13.057797340998913 ], [ 80.228380759416638, 13.057797340998913 ] ] ] } },
{ "type": "Feature", "properties": { "cell_id": 1073, "lon": 80.230686075870068, "lat": 13.060043118936392 }, "geometry": { "type": "Polygon", "coordinates": [ [ [ 80.232991392323498, 13.057797340998913 ], [ 80.232991392323498, 13.062288896873868 ], [ 80.228380759416638, 13.062288896873868 ], [ 80.228380759416638, 13.057797340998913 ], [ 80.232991392323498, 13.057797340998913 ] ] ] } },
{ "type": "Feature", "properties": { "cell_id": 1074, "lon": 80.235296708776929, "lat": 13.060043118936392 }, "geometry": { "type": "Polygon", "coordinates": [ [ [ 80.237602025230359, 13.057797340998913 ], [ 80.237602025230359, 13.062288896873868 ], [ 80.232991392323498, 13.062288896873868 ], [ 80.232991392323498, 13.057797340998913 ], [ 80.237602025230359, 13.057797340998913 ] ] ] } },
{ "type": "Feature", "properties": { "cell_id": 1075, "lon": 80.239907341683789, "lat": 13.060043118936392 }, "geometry": { "type": "Polygon", "coordinates": [ [ [ 80.24221265813722, 13.057797340998913 ], [ 80.24221265813722, 13.062288896873868 ], [ 80.237602025230359, 13.062288896873868 ], [ 80.237602025230359, 13.057797340998913 ], [ 80.24221265813722, 13.057797340998913 ] ] ] } },
{ "type": "Feature", "properties": { "cell_id": 1076, "lon": 80.24451797459065, "lat": 13.060043118936392 }, "geometry": { "type": "Polygon", "coordinates": [ [ [ 80.24682329104408, 13.057797340998913 ], [ 80.24682329104408, 13.062288896873868 ], [ 80.24221265813722, 13.062288896873868 ], [ 80.24221265813722, 13.057797340998913 ], [ 80.24682329104408, 13.057797340998913 ] ] ] } },
{ "type": "Feature", "properties": { "cell_id": 1077, "lon": 80.249128607497511, "lat": 13.060043118936392 }, "geometry": { "type": "Polygon", "coordinates": [ [ [ 80.251433923950941, 13.057797340998913 ], [ 80.251433923950941, 13.062288896873868 ], [ 80.24682329104408, 13.062288896873868 ], [ 80.24682329104408, 13.057797340998913 ], [ 80.251433923950941, 13.057797340998913 ] ] ] } },
{ "type": "Feature", "properties": { "cell_id": 1078, "lon": 80.253739240404371, "lat": 13.060043118936392 }, "geometry": { "type": "Polygon", "coordinates": [ [ [ 80.256044556857802, 13.057797340998913 ], [ 80.256044556857802, 13.062288896873868 ], [ 80.251433923950941, 13.062288896873868 ], [ 80.251433923950941, 13.057797340998913 ], [ 80.256044556857802, 13.057797340998913 ] ] ] } },
{ "type": "Feature", "properties": { "cell_id": 1079, "lon": 80.258349873311232, "lat": 13.060043118936392 }, "geometry": { "type": "Polygon", "coordinates": [ [ [ 80.260655189764663, 13.057797340998913 ], [ 80.260655189764663, 13.062288896873868 ], [ 80.256044556857802, 13.062288896873868 ], [ 80.256044556857802, 13.057797340998913 ], [ 80.260655189764663, 13.057797340998913 ] ] ] } },
{ "type": "Feature", "properties": { "cell_id": 1080, "lon": 80.262960506218093, "lat": 13.060043118936392 }, "geometry": { "type": "Polygon", "coordinates": [ [ [ 80.265265822671523, 13.057797340998913 ], [ 80.265265822671523, 13.062288896873868 ], [ 80.260655189764663, 13.062288896873868 ], [ 80.260655189764663, 13.057797340998913 ], [ 80.265265822671523, 13.057797340998913 ] ] ] } },
{ "type": "Feature", "properties": { "cell_id": 1081, "lon": 80.267571139124954, "lat": 13.060043118936392 }, "geometry": { "type": "Polygon", "coordinates": [ [ [ 80.269876455578384, 13.057797340998913 ], [ 80.269876455578384, 13.062288896873868 ], [ 80.265265822671523, 13.062288896873868 ], [ 80.265265822671523, 13.057797340998913 ], [ 80.269876455578384, 13.057797340998913 ] ] ] } },
{ "type": "Feature", "properties": { "cell_id": 1082, "lon": 80.272181772031814, "lat": 13.060043118936392 }, "geometry": { "type": "Polygon", "coordinates": [ [ [ 80.274487088485245, 13.057797340998913 ], [ 80.274487088485245, 13.062288896873868 ], [ 80.269876455578384, 13.062288896873868 ], [ 80.269876455578384, 13.057797340998913 ], [ 80.274487088485245, 13.057797340998913 ] ] ] } },
{ "type": "Feature", "properties": { "cell_id": 1083, "lon": 80.276792404938675, "lat": 13.060043118936392 }, "geometry": { "type": "Polygon", "coordinates": [ [ [ 80.279097721392105, 13.057797340998913 ], [ 80.279097721392105, 13.062288896873868 ], [ 80.274487088485245, 13.062288896873868 ], [ 80.274487088485245, 13.057797340998913 ], [ 80.279097721392105, 13.057797340998913 ] ] ] } },
{ "type": "Feature", "properties": { "cell_id": 1084, "lon": 80.281403037845536, "lat": 13.060043118936392 }, "geometry": { "type": "Polygon", "coordinates": [ [ [ 80.283708354298966, 13.057797340998913 ], [ 80.283708354298966, 13.062288896873868 ], [ 80.279097721392105, 13.062288896873868 ], [ 80.279097721392105, 13.057797340998913 ], [ 80.283708354298966, 13.057797340998913 ] ] ] } },
{ "type": "Feature", "properties": { "cell_id": 1085, "lon": 80.286013670752396, "lat": 13.060043118936392 }, "geometry": { "type": "Polygon", "coordinates": [ [ [ 80.288318987205827, 13.057797340998913 ], [ 80.288318987205827, 13.062288896873868 ], [ 80.283708354298966, 13.062288896873868 ], [ 80.283708354298966, 13.057797340998913 ], [ 80.288318987205827, 13.057797340998913 ] ] ] } },
{ "type": "Feature", "properties": { "cell_id": 1086, "lon": 80.290624303659257, "lat": 13.060043118936392 }, "geometry": { "type": "Polygon", "coordinates": [ [ [ 80.292929620112687, 13.057797340998913 ], [ 80.292929620112687, 13.062288896873868 ], [ 80.288318987205827, 13.062288896873868 ], [ 80.288318987205827, 13.057797340998913 ], [ 80.292929620112687, 13.057797340998913 ] ] ] } },
{ "type": "Feature", "properties": { "cell_id": 1087, "lon": 80.295234936566118, "lat": 13.060043118936392 }, "geometry": { "type": "Polygon", "coordinates": [ [ [ 80.297540253019548, 13.057797340998913 ], [ 80.297540253019548, 13.062288896873868 ], [ 80.292929620112687, 13.062288896873868 ], [ 80.292929620112687, 13.057797340998913 ], [ 80.297540253019548, 13.057797340998913 ] ] ] } },
{ "type": "Feature", "properties": { "cell_id": 1088, "lon": 80.299845569472978, "lat": 13.060043118936392 }, "geometry": { "type": "Polygon", "coordinates": [ [ [ 80.302150885926409, 13.057797340998913 ], [ 80.302150885926409, 13.062288896873868 ], [ 80.297540253019548, 13.062288896873868 ], [ 80.297540253019548, 13.057797340998913 ], [ 80.302150885926409, 13.057797340998913 ] ] ] } },
{ "type": "Feature", "properties": { "cell_id": 1100, "lon": 80.152305316453436, "lat": 13.064534674811346 }, "geometry": { "type": "Polygon", "coordinates": [ [ [ 80.154610632906866, 13.062288896873868 ], [ 80.154610632906866, 13.066780452748823 ], [ 80.15, 13.066780452748823 ], [ 80.15, 13.062288896873868 ], [ 80.154610632906866, 13.062288896873868 ] ] ] } },
{ "type": "Feature", "properties": { "cell_id": 1101, "lon": 80.156915949360297, "lat": 13.064534674811346 }, "geometry": { "type": "Polygon", "coordinates": [ [ [ 80.159221265813727, 13.062288896873868 ], [ 80.159221265813727, 13.066780452748823 ], [ 80.154610632906866, 13.066780452748823 ], [ 80.154610632906866, 13.062288896873868 ], [ 80.159221265813727, 13.062288896873868 ] ] ] } },
{ "type": "Feature", "properties": { "cell_id": 1102, "lon": 80.161526582267157, "lat": 13.064534674811346 }, "geometry": { "type": "Polygon", "coordinates": [ [ [ 80.163831898720588, 13.062288896873868 ], [ 80.163831898720588, 13.066780452748823 ], [ 80.159221265813727, 13.066780452748823 ], [ 80.159221265813727, 13.062288896873868 ], [ 80.163831898720588, 13.062288896873868 ] ] ] } },
{ "type": "Feature", "properties": { "cell_id": 1103, "lon": 80.166137215174018, "lat": 13.064534674811346 }, "geometry": { "type": "Polygon", "coordinates": [ [ [ 80.168442531627448, 13.062288896873868 ], [ 80.168442531627448, 13.066780452748823 ], [ 80.163831898720588, 13.066780452748823 ], [ 80.163831898720588, 13.062288896873868 ], [ 80.168442531627448, 13.062288896873868 ] ] ] } },
{ "type": "Feature", "properties": { "cell_id": 1104, "lon": 80.170747848080879, "lat": 13.064534674811346 }, "geometry": { "type": "Polygon", "coordinates": [ [ [ 80.173053164534309, 13.062288896873868 ], [ 80.173053164534309, 13.066780452748823 ], [ 80.168442531627448, 13.066780452748823 ], [ 80.168442531627448, 13.062288896873868 ], [ 80.173053164534309, 13.062288896873868 ] ] ] } },
{ "type": "Feature", "properties": { "cell_id": 1105, "lon": 80.17535848098774, "lat": 13.064534674811346 }, "geometry": { "type": "Polygon", "coordinates": [ [ [ 80.17766379744117, 13.062288896873868 ], [ 80.17766379744117, 13.066780452748823 ], [ 80.173053164534309, 13.066780452748823 ], [ 80.173053164534309, 13.062288896873868 ], [ 80.17766379744117, 13.062288896873868 ] ] ] } },
{ "type": "Feature", "properties": { "cell_id": 1106, "lon": 80.1799691138946, "lat": 13.064534674811346 }, "geometry": { "type": "Polygon", "coordinates": [ [ [ 80.182274430348031, 13.062288896873868 ], [ 80.182274430348031, 13.066780452748823 ], [ 80.17766379744117, 13.066780452748823 ], [ 80.17766379744117, 13.062288896873868 ], [ 80.182274430348031, 13.062288896873868 ] ] ] } },
{ "type": "Feature", "properties": { "cell_id": 1107, "lon": 80.184579746801461, "lat": 13.064534674811346 }, "geometry": { "type": "Polygon", "coordinates": [ [ [ 80.186885063254891, 13.062288896873868 ], [ 80.186885063254891, 13.066780452748823 ], [ 80.182274430348031, 13.066780452748823 ], [ 80.182274430348031, 13.062288896873868 ], [ 80.186885063254891, 13.062288896873868 ] ] ] } },
{ "type": "Feature", "properties": { "cell_id": 1108, "lon": 80.189190379708322, "lat": 13.064534674811346 }, "geometry": { "type": "Polygon", "coordinates": [ [ [ 80.191495696161752, 13.062288896873868 ], [ 80.191495696161752, 13.066780452748823 ], [ 80.186885063254891, 13.066780452748823 ], [ 80.186885063254891, 13.062288896873868 ], [ 80.191495696161752, 13.062288896873868 ] ] ] } },
{ "type": "Feature", "properties": { "cell_id": 1109, "lon": 80.193801012615182, "lat": 13.064534674811346 }, "geometry": { "type": "Polygon", "coordinates": [ [ [ 80.196106329068613, 13.062288896873868 ], [ 80.196106329068613, 13.066780452748823 ], [ 80.191495696161752, 13.066780452748823 ], [ 80.191495696161752, 13.062288896873868 ], [ 80.196106329068613, 13.062288896873868 ] ] ] } },
{ "type": "Feature", "properties": { "cell_id": 1110, "lon": 80.198411645522043, "lat": 13.064534674811346 }, "geometry": { "type": "Polygon", "coordinates": [ [ [ 80.200716961975473, 13.062288896873868 ], [ 80.200716961975473, 13.066780452748823 ], [ 80.196106329068613, 13.066780452748823 ], [ 80.196106329068613, 13.062288896873868 ], [ 80.200716961975473, 13.062288896873868 ] ] ] } },
{ "type": "Feature", "properties": { "cell_id": 1111, "lon": 80.203022278428904, "lat": 13.064534674811346 }, "geometry": { "type": "Polygon", "coordinates": [ [ [ 80.205327594882334, 13.062288896873868 ], [ 80.205327594882334, 13.066780452748823 ], [ 80.200716961975473, 13.066780452748823 ], [ 80.200716961975473, 13.062288896873868 ], [ 80.205327594882334, 13.062288896873868 ] ] ] } },
{ "type": "Feature", "properties": { "cell_id": 1112, "lon": 80.207632911335764, "lat": 13.064534674811346 }, "geometry": { "type": "Polygon", "coordinates": [ [ [ 80.209938227789195, 13.062288896873868 ], [ 80.209938227789195, 13.066780452748823 ], [ 80.205327594882334, 13.066780452748823 ], [ 80.205327594882334, 13.062288896873868 ], [ 80.209938227789195, 13.062288896873868 ] ] ] } },
{ "type": "Feature", "properties": { "cell_id": 1113, "lon": 80.212243544242625, "lat": 13.064534674811346 }, "geometry": { "type": "Polygon", "coordinates": [ [ [ 80.214548860696055, 13.062288896873868 ], [ 80.214548860696055, 13.066780452748823 ], [ 80.209938227789195, 13.066780452748823 ], [ 80.209938227789195, 13.062288896873868 ], [ 80.214548860696055, 13.062288896873868 ] ] ] } },
{ "type": "Feature", "properties": { "cell_id": 1114, "lon": 80.216854177149486, "lat": 13.064534674811346 }, "geometry": { "type": "Polygon", "coordinates": [ [ [ 80.219159493602916, 13.062288896873868 ], [ 80.219159493602916, 13.066780452748823 ], [ 80.214548860696055, 13.066780452748823 ], [ 80.214548860696055, 13.062288896873868 ], [ 80.219159493602916, 13.062288896873868 ] ] ] } },
{ "type": "Feature", "properties": { "cell_id": 1115, "lon": 80.221464810056347, "lat": 13.064534674811346 }, "geometry": { "type": "Polygon", "coordinates": [ [ [ 80.223770126509777, 13.062288896873868 ], [ 80.223770126509777, 13.066780452748823 ], [ 80.219159493602916, 13.066780452748823 ], [ 80.219159493602916, 13.062288896873868 ], [ 80.223770126509777, 13.062288896873868 ] ] ] } },
{ "type": "Feature", "properties": { "cell_id": 1116, "lon": 80.226075442963207, "lat": 13.064534674811346 }, "geometry": { "type": "Polygon", "coordinates": [ [ [ 80.228380759416638, 13.062288896873868 ], [ 80.228380759416638, 13.066780452748823 ], [ 80.223770126509777, 13.066780452748823 ], [ 80.223770126509777, 13.062288896873868 ], [ 80.228380759416638, 13.062288896873868 ] ] ] } },
{ "type": "Feature", "properties": { "cell_id": 1117, "lon": 80.230686075870068, "lat": 13.064534674811346 }, "geometry": { "type": "Polygon", "coordinates": [ [ [ 80.232991392323498, 13.062288896873868 ], [ 80.232991392323498, 13.066780452748823 ], [ 80.228380759416638, 13.066780452748823 ], [ 80.228380759416638, 13.062288896873868 ], [ 80.232991392323498, 13.062288896873868 ] ] ] } },
{ "type": "Feature", "properties": { "cell_id": 1118, "lon": 80.235296708776929, "lat": 13.064534674811346 }, "geometry": { "type": "Polygon", "coordinates": [ [ [ 80.237602025230359, 13.062288896873868 ], [ 80.237602025230359, 13.066780452748823 ], [ 80.232991392323498, 13.066780452748823 ], [ 80.232991392323498, 13.062288896873868 ], [ 80.237602025230359, 13.062288896873868 ] ] ] } },
{ "type": "Feature", "properties": { "cell_id": 1119, "lon": 80.239907341683789, "lat": 13.064534674811346 }, "geometry": { "type": "Polygon", "coordinates": [ [ [ 80.24221265813722, 13.062288896873868 ], [ 80.24221265813722, 13.066780452748823 ], [ 80.237602025230359, 13.066780452748823 ], [ 80.237602025230359, 13.062288896873868 ], [ 80.24221265813722, 13.062288896873868 ] ] ] } },
{ "type": "Feature", "properties": { "cell_id": 1120, "lon": 80.24451797459065, "lat": 13.064534674811346 }, "geometry": { "type": "Polygon", "coordinates": [ [ [ 80.24682329104408, 13.062288896873868 ], [ 80.24682329104408, 13.066780452748823 ], [ 80.24221265813722, 13.066780452748823 ], [ 80.24221265813722, 13.062288896873868 ], [ 80.24682329104408, 13.062288896873868 ] ] ] } },
{ "type": "Feature", "properties": { "cell_id": 1121, "lon": 80.249128607497511, "lat": 13.064534674811346 }, "geometry": { "type": "Polygon", "coordinates": [ [ [ 80.251433923950941, 13.062288896873868 ], [ 80.251433923950941, 13.066780452748823 ], [ 80.24682329104408, 13.066780452748823 ], [ 80.24682329104408, 13.062288896873868 ], [ 80.251433923950941, 13.062288896873868 ] ] ] } },
{ "type": "Feature", "properties": { "cell_id": 1122, "lon": 80.253739240404371, "lat": 13.064534674811346 }, "geometry": { "type": "Polygon", "coordinates": [ [ [ 80.256044556857802, 13.062288896873868 ], [ 80.256044556857802, 13.066780452748823 ], [ 80.251433923950941, 13.066780452748823 ], [ 80.251433923950941, 13.062288896873868 ], [ 80.256044556857802, 13.062288896873868 ] ] ] } },
{ "type": "Feature", "properties": { "cell_id": 1123, "lon": 80.258349873311232, "lat": 13.064534674811346 }, "geometry": { "type": "Polygon", "coordinates": [ [ [ 80.260655189764663, 13.062288896873868 ], [ 80.260655189764663, 13.066780452748823 ], [ 80.256044556857802, 13.066780452748823 ], [ 80.256044556857802, 13.062288896873868 ], [ 80.260655189764663, 13.062288896873868 ] ] ] } },
{ "type": "Feature", "properties": { "cell_id": 1124, "lon": 80.262960506218093, "lat": 13.064534674811346 }, "geometry": { "type": "Polygon", "coordinates": [ [ [ 80.265265822671523, 13.062288896873868 ], [ 80.265265822671523, 13.066780452748823 ], [ 80.260655189764663, 13.066780452748823 ], [ 80.260655189764663, 13.062288896873868 ], [ 80.265265822671523, 13.062288896873868 ] ] ] } },
{ "type": "Feature", "properties": { "cell_id": 1125, "lon": 80.267571139124954, "lat": 13.064534674811346 }, "geometry": { "type": "Polygon", "coordinates": [ [ [ 80.269876455578384, 13.062288896873868 ], [ 80.269876455578384, 13.066780452748823 ], [ 80.265265822671523, 13.066780452748823 ], [ 80.265265822671523, 13.062288896873868 ], [ 80.269876455578384, 13.062288896873868 ] ] ] } },
{ "type": "Feature", "properties": { "cell_id": 1126, "lon": 80.272181772031814, "lat": 13.064534674811346 }, "geometry": { "type": "Polygon", "coordinates": [ [ [ 80.274487088485245, 13.062288896873868 ], [ 80.274487088485245, 13.066780452748823 ], [ 80.269876455578384, 13.066780452748823 ], [ 80.269876455578384, 13.062288896873868 ], [ 80.274487088485245, 13.062288896873868 ] ] ] } },
{ "type": "Feature", "properties": { "cell_id": 1127, "lon": 80.276792404938675, "lat": 13.064534674811346 }, "geometry": { "type": "Polygon", "coordinates": [ [ [ 80.279097721392105, 13.062288896873868 ], [ 80.279097721392105, 13.066780452748823 ], [ 80.274487088485245, 13.066780452748823 ], [ 80.274487088485245, 13.062288896873868 ], [ 80.279097721392105, 13.062288896873868 ] ] ] } },
{ "type": "Feature", "properties": { "cell_id": 1128, "lon": 80.281403037845536, "lat": 13.064534674811346 }, "geometry": { "type": "Polygon", "coordinates": [ [ [ 80.283708354298966, 13.062288896873868 ], [ 80.283708354298966, 13.066780452748823 ], [ 80.279097721392105, 13.066780452748823 ], [ 80.279097721392105, 13.062288896873868 ], [ 80.283708354298966, 13.062288896873868 ] ] ] } },
{ "type": "Feature", "properties": { "cell_id": 1129, "lon": 80.286013670752396, "lat": 13.064534674811346 }, "geometry": { "type": "Polygon", "coordinates": [ [ [ 80.288318987205827, 13.062288896873868 ], [ 80.288318987205827, 13.066780452748823 ], [ 80.283708354298966, 13.066780452748823 ], [ 80.283708354298966, 13.062288896873868 ], [ 80.288318987205827, 13.062288896873868 ] ] ] } },
{ "type": "Feature", "properties": { "cell_id": 1130, "lon": 80.290624303659257, "lat": 13.064534674811346 }, "geometry": { "type": "Polygon", "coordinates": [ [ [ 80.292929620112687, 13.062288896873868 ], [ 80.292929620112687, 13.066780452748823 ], [ 80.288318987205827, 13.066780452748823 ], [ 80.288318987205827, 13.062288896873868 ], [ 80.292929620112687, 13.062288896873868 ] ] ] } },
{ "type": "Feature", "properties": { "cell_id": 1131, "lon": 80.295234936566118, "lat": 13.064534674811346 }, "geometry": { "type": "Polygon", "coordinates": [ [ [ 80.297540253019548, 13.062288896873868 ], [ 80.297540253019548, 13.066780452748823 ], [ 80.292929620112687, 13.066780452748823 ], [ 80.292929620112687, 13.062288896873868 ], [ 80.297540253019548, 13.062288896873868 ] ] ] } },
{ "type": "Feature", "properties": { "cell_id": 1132, "lon": 80.299845569472978, "lat": 13.064534674811346 }, "geometry": { "type": "Polygon", "coordinates": [ [ [ 80.302150885926409, 13.062288896873868 ], [ 80.302150885926409, 13.066780452748823 ], [ 80.297540253019548, 13.066780452748823 ], [ 80.297540253019548, 13.062288896873868 ], [ 80.302150885926409, 13.062288896873868 ] ] ] } },
{ "type": "Feature", "properties": { "cell_id": 1144, "lon": 80.152305316453436, "lat": 13.069026230686301 }, "geometry": { "type": "Polygon", "coordinates": [ [ [ 80.154610632906866, 13.066780452748823 ], [ 80.154610632906866, 13.071272008623778 ], [ 80.15, 13.071272008623778 ], [ 80.15, 13.066780452748823 ], [ 80.154610632906866, 13.066780452748823 ] ] ] } },
{ "type": "Feature", "properties": { "cell_id": 1145, "lon": 80.156915949360297, "lat": 13.069026230686301 }, "geometry": { "type": "Polygon", "coordinates": [ [ [ 80.159221265813727, 13.066780452748823 ], [ 80.159221265813727, 13.071272008623778 ], [ 80.154610632906866, 13.071272008623778 ], [ 80.154610632906866, 13.066780452748823 ], [ 80.159221265813727, 13.066780452748823 ] ] ] } },
{ "type": "Feature", "properties": { "cell_id": 1146, "lon": 80.161526582267157, "lat": 13.069026230686301 }, "geometry": { "type": "Polygon", "coordinates": [ [ [ 80.163831898720588, 13.066780452748823 ], [ 80.163831898720588, 13.071272008623778 ], [ 80.159221265813727, 13.071272008623778 ], [ 80.159221265813727, 13.066780452748823 ], [ 80.163831898720588, 13.066780452748823 ] ] ] } },
{ "type": "Feature", "properties": { "cell_id": 1147, "lon": 80.166137215174018, "lat": 13.069026230686301 }, "geometry": { "type": "Polygon", "coordinates": [ [ [ 80.168442531627448, 13.066780452748823 ], [ 80.168442531627448, 13.071272008623778 ], [ 80.163831898720588, 13.071272008623778 ], [ 80.163831898720588, 13.066780452748823 ], [ 80.168442531627448, 13.066780452748823 ] ] ] } },
{ "type": "Feature", "properties": { "cell_id": 1148, "lon": 80.170747848080879, "lat": 13.069026230686301 }, "geometry": { "type": "Polygon", "coordinates": [ [ [ 80.173053164534309, 13.066780452748823 ], [ 80.173053164534309, 13.071272008623778 ], [ 80.168442531627448, 13.071272008623778 ], [ 80.168442531627448, 13.066780452748823 ], [ 80.173053164534309, 13.066780452748823 ] ] ] } },
{ "type": "Feature", "properties": { "cell_id": 1149, "lon": 80.17535848098774, "lat": 13.069026230686301 }, "geometry": { "type": "Polygon", "coordinates": [ [ [ 80.17766379744117, 13.066780452748823 ], [ 80.17766379744117, 13.071272008623778 ], [ 80.173053164534309, 13.071272008623778 ], [ 80.173053164534309, 13.066780452748823 ], [ 80.17766379744117, 13.066780452748823 ] ] ] } },
{ "type": "Feature", "properties": { "cell_id": 1150, "lon": 80.1799691138946, "lat": 13.069026230686301 }, "geometry": { "type": "Polygon", "coordinates": [ [ [ 80.182274430348031, 13.066780452748823 ], [ 80.182274430348031, 13.071272008623778 ], [ 80.17766379744117, 13.071272008623778 ], [ 80.17766379744117, 13.066780452748823 ], [ 80.182274430348031, 13.066780452748823 ] ] ] } },
{ "type": "Feature", "properties": { "cell_id": 1151, "lon": 80.184579746801461, "lat": 13.069026230686301 }, "geometry": { "type": "Polygon", "coordinates": [ [ [ 80.186885063254891, 13.066780452748823 ], [ 80.186885063254891, 13.071272008623778 ], [ 80.182274430348031, 13.071272008623778 ], [ 80.182274430348031, 13.066780452748823 ], [ 80.186885063254891, 13.066780452748823 ] ] ] } },
{ "type": "Feature", "properties": { "cell_id": 1152, "lon": 80.189190379708322, "lat": 13.069026230686301 }, "geometry": { "type": "Polygon", "coordinates": [ [ [ 80.191495696161752, 13.066780452748823 ], [ 80.191495696161752, 13.071272008623778 ], [ 80.186885063254891, 13.071272008623778 ], [ 80.186885063254891, 13.066780452748823 ], [ 80.191495696161752, 13.066780452748823 ] ] ] } },
{ "type": "Feature", "properties": { "cell_id": 1153, "lon": 80.193801012615182, "lat": 13.069026230686301 }, "geometry": { "type": "Polygon", "coordinates": [ [ [ 80.196106329068613, 13.066780452748823 ], [ 80.196106329068613, 13.071272008623778 ], [ 80.191495696161752, 13.071272008623778 ], [ 80.191495696161752, 13.066780452748823 ], [ 80.196106329068613, 13.066780452748823 ] ] ] } },
{ "type": "Feature", "properties": { "cell_id": 1154, "lon": 80.198411645522043, "lat": 13.069026230686301 }, "geometry": { "type": "Polygon", "coordinates": [ [ [ 80.200716961975473, 13.066780452748823 ], [ 80.200716961975473, 13.071272008623778 ], [ 80.196106329068613, 13.071272008623778 ], [ 80.196106329068613, 13.066780452748823 ], [ 80.200716961975473, 13.066780452748823 ] ] ] } },
{ "type": "Feature", "properties": { "cell_id": 1155, "lon": 80.203022278428904, "lat": 13.069026230686301 }, "geometry": { "type": "Polygon", "coordinates": [ [ [ 80.205327594882334, 13.066780452748823 ], [ 80.205327594882334, 13.071272008623778 ], [ 80.200716961975473, 13.071272008623778 ], [ 80.200716961975473, 13.066780452748823 ], [ 80.205327594882334, 13.066780452748823 ] ] ] } },
{ "type": "Feature", "properties": { "cell_id": 1156, "lon": 80.207632911335764, "lat": 13.069026230686301 }, "geometry": { "type": "Polygon", "coordinates": [ [ [ 80.209938227789195, 13.066780452748823 ], [ 80.209938227789195, 13.071272008623778 ], [ 80.205327594882334, 13.071272008623778 ], [ 80.205327594882334, 13.066780452748823 ], [ 80.209938227789195, 13.066780452748823 ] ] ] } },
{ "type": "Feature", "properties": { "cell_id": 1157, "lon": 80.212243544242625, "lat": 13.069026230686301 }, "geometry": { "type": "Polygon", "coordinates": [ [ [ 80.214548860696055, 13.066780452748823 ], [ 80.214548860696055, 13.071272008623778 ], [ 80.209938227789195, 13.071272008623778 ], [ 80.209938227789195, 13.066780452748823 ], [ 80.214548860696055, 13.066780452748823 ] ] ] } },
{ "type": "Feature", "properties": { "cell_id": 1158, "lon": 80.216854177149486, "lat": 13.069026230686301 }, "geometry": { "type": "Polygon", "coordinates": [ [ [ 80.219159493602916, 13.066780452748823 ], [ 80.219159493602916, 13.071272008623778 ], [ 80.214548860696055, 13.071272008623778 ], [ 80.214548860696055, 13.066780452748823 ], [ 80.219159493602916, 13.066780452748823 ] ] ] } },
{ "type": "Feature", "properties": { "cell_id": 1159, "lon": 80.221464810056347, "lat": 13.069026230686301 }, "geometry": { "type": "Polygon", "coordinates": [ [ [ 80.223770126509777, 13.066780452748823 ], [ 80.223770126509777, 13.071272008623778 ], [ 80.219159493602916, 13.071272008623778 ], [ 80.219159493602916, 13.066780452748823 ], [ 80.223770126509777, 13.066780452748823 ] ] ] } },
{ "type": "Feature", "properties": { "cell_id": 1160, "lon": 80.226075442963207, "lat": 13.069026230686301 }, "geometry": { "type": "Polygon", "coordinates": [ [ [ 80.228380759416638, 13.066780452748823 ], [ 80.228380759416638, 13.071272008623778 ], [ 80.223770126509777, 13.071272008623778 ], [ 80.223770126509777, 13.066780452748823 ], [ 80.228380759416638, 13.066780452748823 ] ] ] } },
{ "type": "Feature", "properties": { "cell_id": 1161, "lon": 80.230686075870068, "lat": 13.069026230686301 }, "geometry": { "type": "Polygon", "coordinates": [ [ [ 80.232991392323498, 13.066780452748823 ], [ 80.232991392323498, 13.071272008623778 ], [ 80.228380759416638, 13.071272008623778 ], [ 80.228380759416638, 13.066780452748823 ], [ 80.232991392323498, 13.066780452748823 ] ] ] } },
{ "type": "Feature", "properties": { "cell_id": 1162, "lon": 80.235296708776929, "lat": 13.069026230686301 }, "geometry": { "type": "Polygon", "coordinates": [ [ [ 80.237602025230359, 13.066780452748823 ], [ 80.237602025230359, 13.071272008623778 ], [ 80.232991392323498, 13.071272008623778 ], [ 80.232991392323498, 13.066780452748823 ], [ 80.237602025230359, 13.066780452748823 ] ] ] } },
{ "type": "Feature", "properties": { "cell_id": 1163, "lon": 80.239907341683789, "lat": 13.069026230686301 }, "geometry": { "type": "Polygon", "coordinates": [ [ [ 80.24221265813722, 13.066780452748823 ], [ 80.24221265813722, 13.071272008623778 ], [ 80.237602025230359, 13.071272008623778 ], [ 80.237602025230359, 13.066780452748823 ], [ 80.24221265813722, 13.066780452748823 ] ] ] } },
{ "type": "Feature", "properties": { "cell_id": 1164, "lon": 80.24451797459065, "lat": 13.069026230686301 }, "geometry": { "type": "Polygon", "coordinates": [ [ [ 80.24682329104408, 13.066780452748823 ], [ 80.24682329104408, 13.071272008623778 ], [ 80.24221265813722, 13.071272008623778 ], [ 80.24221265813722, 13.066780452748823 ], [ 80.24682329104408, 13.066780452748823 ] ] ] } },
{ "type": "Feature", "properties": { "cell_id": 1165, "lon": 80.249128607497511, "lat": 13.069026230686301 }, "geometry": { "type": "Polygon", "coordinates": [ [ [ 80.251433923950941, 13.066780452748823 ], [ 80.251433923950941, 13.071272008623778 ], [ 80.24682329104408, 13.071272008623778 ], [ 80.24682329104408, 13.066780452748823 ], [ 80.251433923950941, 13.066780452748823 ] ] ] } },
{ "type": "Feature", "properties": { "cell_id": 1166, "lon": 80.253739240404371, "lat": 13.069026230686301 }, "geometry": { "type": "Polygon", "coordinates": [ [ [ 80.256044556857802, 13.066780452748823 ], [ 80.256044556857802, 13.071272008623778 ], [ 80.251433923950941, 13.071272008623778 ], [ 80.251433923950941, 13.066780452748823 ], [ 80.256044556857802, 13.066780452748823 ] ] ] } },
{ "type": "Feature", "properties": { "cell_id": 1167, "lon": 80.258349873311232, "lat": 13.069026230686301 }, "geometry": { "type": "Polygon", "coordinates": [ [ [ 80.260655189764663, 13.066780452748823 ], [ 80.260655189764663, 13.071272008623778 ], [ 80.256044556857802, 13.071272008623778 ], [ 80.256044556857802, 13.066780452748823 ], [ 80.260655189764663, 13.066780452748823 ] ] ] } },
{ "type": "Feature", "properties": { "cell_id": 1168, "lon": 80.262960506218093, "lat": 13.069026230686301 }, "geometry": { "type": "Polygon", "coordinates": [ [ [ 80.265265822671523, 13.066780452748823 ], [ 80.265265822671523, 13.071272008623778 ], [ 80.260655189764663, 13.071272008623778 ], [ 80.260655189764663, 13.066780452748823 ], [ 80.265265822671523, 13.066780452748823 ] ] ] } },
{ "type": "Feature", "properties": { "cell_id": 1169, "lon": 80.267571139124954, "lat": 13.069026230686301 }, "geometry": { "type": "Polygon", "coordinates": [ [ [ 80.269876455578384, 13.066780452748823 ], [ 80.269876455578384, 13.071272008623778 ], [ 80.265265822671523, 13.071272008623778 ], [ 80.265265822671523, 13.066780452748823 ], [ 80.269876455578384, 13.066780452748823 ] ] ] } },
{ "type": "Feature", "properties": { "cell_id": 1170, "lon": 80.272181772031814, "lat": 13.069026230686301 }, "geometry": { "type": "Polygon", "coordinates": [ [ [ 80.274487088485245, 13.066780452748823 ], [ 80.274487088485245, 13.071272008623778 ], [ 80.269876455578384, 13.071272008623778 ], [ 80.269876455578384, 13.066780452748823 ], [ 80.274487088485245, 13.066780452748823 ] ] ] } },
{ "type": "Feature", "properties": { "cell_id": 1171, "lon": 80.276792404938675, "lat": 13.069026230686301 }, "geometry": { "type": "Polygon", "coordinates": [ [ [ 80.279097721392105, 13.066780452748823 ], [ 80.279097721392105, 13.071272008623778 ], [ 80.274487088485245, 13.071272008623778 ], [ 80.274487088485245, 13.066780452748823 ], [ 80.279097721392105, 13.066780452748823 ] ] ] } },
{ "type": "Feature", "properties": { "cell_id": 1172, "lon": 80.281403037845536, "lat": 13.069026230686301 }, "geometry": { "type": "Polygon", "coordinates": [ [ [ 80.283708354298966, 13.066780452748823 ], [ 80.283708354298966, 13.071272008623778 ], [ 80.279097721392105, 13.071272008623778 ], [ 80.279097721392105, 13.066780452748823 ], [ 80.283708354298966, 13.066780452748823 ] ] ] } },
{ "type": "Feature", "properties": { "cell_id": 1173, "lon": 80.286013670752396, "lat": 13.069026230686301 }, "geometry": { "type": "Polygon", "coordinates": [ [ [ 80.288318987205827, 13.066780452748823 ], [ 80.288318987205827, 13.071272008623778 ], [ 80.283708354298966, 13.071272008623778 ], [ 80.283708354298966, 13.066780452748823 ], [ 80.288318987205827, 13.066780452748823 ] ] ] } },
{ "type": "Feature", "properties": { "cell_id": 1174, "lon": 80.290624303659257, "lat": 13.069026230686301 }, "geometry": { "type": "Polygon", "coordinates": [ [ [ 80.292929620112687, 13.066780452748823 ], [ 80.292929620112687, 13.071272008623778 ], [ 80.288318987205827, 13.071272008623778 ], [ 80.288318987205827, 13.066780452748823 ], [ 80.292929620112687, 13.066780452748823 ] ] ] } },
{ "type": "Feature", "properties": { "cell_id": 1175, "lon": 80.295234936566118, "lat": 13.069026230686301 }, "geometry": { "type": "Polygon", "coordinates": [ [ [ 80.297540253019548, 13.066780452748823 ], [ 80.297540253019548, 13.071272008623778 ], [ 80.292929620112687, 13.071272008623778 ], [ 80.292929620112687, 13.066780452748823 ], [ 80.297540253019548, 13.066780452748823 ] ] ] } },
{ "type": "Feature", "properties": { "cell_id": 1176, "lon": 80.299845569472978, "lat": 13.069026230686301 }, "geometry": { "type": "Polygon", "coordinates": [ [ [ 80.302150885926409, 13.066780452748823 ], [ 80.302150885926409, 13.071272008623778 ], [ 80.297540253019548, 13.071272008623778 ], [ 80.297540253019548, 13.066780452748823 ], [ 80.302150885926409, 13.066780452748823 ] ] ] } },
{ "type": "Feature", "properties": { "cell_id": 1188, "lon": 80.152305316453436, "lat": 13.073517786561256 }, "geometry": { "type": "Polygon", "coordinates": [ [ [ 80.154610632906866, 13.071272008623778 ], [ 80.154610632906866, 13.075763564498732 ], [ 80.15, 13.075763564498732 ], [ 80.15, 13.071272008623778 ], [ 80.154610632906866, 13.071272008623778 ] ] ] } },
{ "type": "Feature", "properties": { "cell_id": 1189, "lon": 80.156915949360297, "lat": 13.073517786561256 }, "geometry": { "type": "Polygon", "coordinates": [ [ [ 80.159221265813727, 13.071272008623778 ], [ 80.159221265813727, 13.075763564498732 ], [ 80.154610632906866, 13.075763564498732 ], [ 80.154610632906866, 13.071272008623778 ], [ 80.159221265813727, 13.071272008623778 ] ] ] } },
{ "type": "Feature", "properties": { "cell_id": 1190, "lon": 80.161526582267157, "lat": 13.073517786561256 }, "geometry": { "type": "Polygon", "coordinates": [ [ [ 80.163831898720588, 13.071272008623778 ], [ 80.163831898720588, 13.075763564498732 ], [ 80.159221265813727, 13.075763564498732 ], [ 80.159221265813727, 13.071272008623778 ], [ 80.163831898720588, 13.071272008623778 ] ] ] } },
{ "type": "Feature", "properties": { "cell_id": 1191, "lon": 80.166137215174018, "lat": 13.073517786561256 }, "geometry": { "type": "Polygon", "coordinates": [ [ [ 80.168442531627448, 13.071272008623778 ], [ 80.168442531627448, 13.075763564498732 ], [ 80.163831898720588, 13.075763564498732 ], [ 80.163831898720588, 13.071272008623778 ], [ 80.168442531627448, 13.071272008623778 ] ] ] } },
{ "type": "Feature", "properties": { "cell_id": 1192, "lon": 80.170747848080879, "lat": 13.073517786561256 }, "geometry": { "type": "Polygon", "coordinates": [ [ [ 80.173053164534309, 13.071272008623778 ], [ 80.173053164534309, 13.075763564498732 ], [ 80.168442531627448, 13.075763564498732 ], [ 80.168442531627448, 13.071272008623778 ], [ 80.173053164534309, 13.071272008623778 ] ] ] } },
{ "type": "Feature", "properties": { "cell_id": 1193, "lon": 80.17535848098774, "lat": 13.073517786561256 }, "geometry": { "type": "Polygon", "coordinates": [ [ [ 80.17766379744117, 13.071272008623778 ], [ 80.17766379744117, 13.075763564498732 ], [ 80.173053164534309, 13.075763564498732 ], [ 80.173053164534309, 13.071272008623778 ], [ 80.17766379744117, 13.071272008623778 ] ] ] } },
{ "type": "Feature", "properties": { "cell_id": 1194, "lon": 80.1799691138946, "lat": 13.073517786561256 }, "geometry": { "type": "Polygon", "coordinates": [ [ [ 80.182274430348031, 13.071272008623778 ], [ 80.182274430348031, 13.075763564498732 ], [ 80.17766379744117, 13.075763564498732 ], [ 80.17766379744117, 13.071272008623778 ], [ 80.182274430348031, 13.071272008623778 ] ] ] } },
{ "type": "Feature", "properties": { "cell_id": 1195, "lon": 80.184579746801461, "lat": 13.073517786561256 }, "geometry": { "type": "Polygon", "coordinates": [ [ [ 80.186885063254891, 13.071272008623778 ], [ 80.186885063254891, 13.075763564498732 ], [ 80.182274430348031, 13.075763564498732 ], [ 80.182274430348031, 13.071272008623778 ], [ 80.186885063254891, 13.071272008623778 ] ] ] } },
{ "type": "Feature", "properties": { "cell_id": 1196, "lon": 80.189190379708322, "lat": 13.073517786561256 }, "geometry": { "type": "Polygon", "coordinates": [ [ [ 80.191495696161752, 13.071272008623778 ], [ 80.191495696161752, 13.075763564498732 ], [ 80.186885063254891, 13.075763564498732 ], [ 80.186885063254891, 13.071272008623778 ], [ 80.191495696161752, 13.071272008623778 ] ] ] } },
{ "type": "Feature", "properties": { "cell_id": 1197, "lon": 80.193801012615182, "lat": 13.073517786561256 }, "geometry": { "type": "Polygon", "coordinates": [ [ [ 80.196106329068613, 13.071272008623778 ], [ 80.196106329068613, 13.075763564498732 ], [ 80.191495696161752, 13.075763564498732 ], [ 80.191495696161752, 13.071272008623778 ], [ 80.196106329068613, 13.071272008623778 ] ] ] } },
{ "type": "Feature", "properties": { "cell_id": 1198, "lon": 80.198411645522043, "lat": 13.073517786561256 }, "geometry": { "type": "Polygon", "coordinates": [ [ [ 80.200716961975473, 13.071272008623778 ], [ 80.200716961975473, 13.075763564498732 ], [ 80.196106329068613, 13.075763564498732 ], [ 80.196106329068613, 13.071272008623778 ], [ 80.200716961975473, 13.071272008623778 ] ] ] } },
{ "type": "Feature", "properties": { "cell_id": 1199, "lon": 80.203022278428904, "lat": 13.073517786561256 }, "geometry": { "type": "Polygon", "coordinates": [ [ [ 80.205327594882334, 13.071272008623778 ], [ 80.205327594882334, 13.075763564498732 ], [ 80.200716961975473, 13.075763564498732 ], [ 80.200716961975473, 13.071272008623778 ], [ 80.205327594882334, 13.071272008623778 ] ] ] } },
{ "type": "Feature", "properties": { "cell_id": 1200, "lon": 80.207632911335764, "lat": 13.073517786561256 }, "geometry": { "type": "Polygon", "coordinates": [ [ [ 80.209938227789195, 13.071272008623778 ], [ 80.209938227789195, 13.075763564498732 ], [ 80.205327594882334, 13.075763564498732 ], [ 80.205327594882334, 13.071272008623778 ], [ 80.209938227789195, 13.071272008623778 ] ] ] } },
{ "type": "Feature", "properties": { "cell_id": 1201, "lon": 80.212243544242625, "lat": 13.073517786561256 }, "geometry": { "type": "Polygon", "coordinates": [ [ [ 80.214548860696055, 13.071272008623778 ], [ 80.214548860696055, 13.075763564498732 ], [ 80.209938227789195, 13.075763564498732 ], [ 80.209938227789195, 13.071272008623778 ], [ 80.214548860696055, 13.071272008623778 ] ] ] } },
{ "type": "Feature", "properties": { "cell_id": 1202, "lon": 80.216854177149486, "lat": 13.073517786561256 }, "geometry": { "type": "Polygon", "coordinates": [ [ [ 80.219159493602916, 13.071272008623778 ], [ 80.219159493602916, 13.075763564498732 ], [ 80.214548860696055, 13.075763564498732 ], [ 80.214548860696055, 13.071272008623778 ], [ 80.219159493602916, 13.071272008623778 ] ] ] } },
{ "type": "Feature", "properties": { "cell_id": 1203, "lon": 80.221464810056347, "lat": 13.073517786561256 }, "geometry": { "type": "Polygon", "coordinates": [ [ [ 80.223770126509777, 13.071272008623778 ], [ 80.223770126509777, 13.075763564498732 ], [ 80.219159493602916, 13.075763564498732 ], [ 80.219159493602916, 13.071272008623778 ], [ 80.223770126509777, 13.071272008623778 ] ] ] } },
{ "type": "Feature", "properties": { "cell_id": 1204, "lon": 80.226075442963207, "lat": 13.073517786561256 }, "geometry": { "type": "Polygon", "coordinates": [ [ [ 80.228380759416638, 13.071272008623778 ], [ 80.228380759416638, 13.075763564498732 ], [ 80.223770126509777, 13.075763564498732 ], [ 80.223770126509777, 13.071272008623778 ], [ 80.228380759416638, 13.071272008623778 ] ] ] } },
{ "type": "Feature", "properties": { "cell_id": 1205, "lon": 80.230686075870068, "lat": 13.073517786561256 }, "geometry": { "type": "Polygon", "coordinates": [ [ [ 80.232991392323498, 13.071272008623778 ], [ 80.232991392323498, 13.075763564498732 ], [ 80.228380759416638, 13.075763564498732 ], [ 80.228380759416638, 13.071272008623778 ], [ 80.232991392323498, 13.071272008623778 ] ] ] } },
{ "type": "Feature", "properties": { "cell_id": 1206, "lon": 80.235296708776929, "lat": 13.073517786561256 }, "geometry": { "type": "Polygon", "coordinates": [ [ [ 80.237602025230359, 13.071272008623778 ], [ 80.237602025230359, 13.075763564498732 ], [ 80.232991392323498, 13.075763564498732 ], [ 80.232991392323498, 13.071272008623778 ], [ 80.237602025230359, 13.071272008623778 ] ] ] } },
{ "type": "Feature", "properties": { "cell_id": 1207, "lon": 80.239907341683789, "lat": 13.073517786561256 }, "geometry": { "type": "Polygon", "coordinates": [ [ [ 80.24221265813722, 13.071272008623778 ], [ 80.24221265813722, 13.075763564498732 ], [ 80.237602025230359, 13.075763564498732 ], [ 80.237602025230359, 13.071272008623778 ], [ 80.24221265813722, 13.071272008623778 ] ] ] } },
{ "type": "Feature", "properties": { "cell_id": 1208, "lon": 80.24451797459065, "lat": 13.073517786561256 }, "geometry": { "type": "Polygon", "coordinates": [ [ [ 80.24682329104408, 13.071272008623778 ], [ 80.24682329104408, 13.075763564498732 ], [ 80.24221265813722, 13.075763564498732 ], [ 80.24221265813722, 13.071272008623778 ], [ 80.24682329104408, 13.071272008623778 ] ] ] } },
{ "type": "Feature", "properties": { "cell_id": 1209, "lon": 80.249128607497511, "lat": 13.073517786561256 }, "geometry": { "type": "Polygon", "coordinates": [ [ [ 80.251433923950941, 13.071272008623778 ], [ 80.251433923950941, 13.075763564498732 ], [ 80.24682329104408, 13.075763564498732 ], [ 80.24682329104408, 13.071272008623778 ], [ 80.251433923950941, 13.071272008623778 ] ] ] } },
{ "type": "Feature", "properties": { "cell_id": 1210, "lon": 80.253739240404371, "lat": 13.073517786561256 }, "geometry": { "type": "Polygon", "coordinates": [ [ [ 80.256044556857802, 13.071272008623778 ], [ 80.256044556857802, 13.075763564498732 ], [ 80.251433923950941, 13.075763564498732 ], [ 80.251433923950941, 13.071272008623778 ], [ 80.256044556857802, 13.071272008623778 ] ] ] } },
{ "type": "Feature", "properties": { "cell_id": 1211, "lon": 80.258349873311232, "lat": 13.073517786561256 }, "geometry": { "type": "Polygon", "coordinates": [ [ [ 80.260655189764663, 13.071272008623778 ], [ 80.260655189764663, 13.075763564498732 ], [ 80.256044556857802, 13.075763564498732 ], [ 80.256044556857802, 13.071272008623778 ], [ 80.260655189764663, 13.071272008623778 ] ] ] } },
{ "type": "Feature", "properties": { "cell_id": 1212, "lon": 80.262960506218093, "lat": 13.073517786561256 }, "geometry": { "type": "Polygon", "coordinates": [ [ [ 80.265265822671523, 13.071272008623778 ], [ 80.265265822671523, 13.075763564498732 ], [ 80.260655189764663, 13.075763564498732 ], [ 80.260655189764663, 13.071272008623778 ], [ 80.265265822671523, 13.071272008623778 ] ] ] } },
{ "type": "Feature", "properties": { "cell_id": 1213, "lon": 80.267571139124954, "lat": 13.073517786561256 }, "geometry": { "type": "Polygon", "coordinates": [ [ [ 80.269876455578384, 13.071272008623778 ], [ 80.269876455578384, 13.075763564498732 ], [ 80.265265822671523, 13.075763564498732 ], [ 80.265265822671523, 13.071272008623778 ], [ 80.269876455578384, 13.071272008623778 ] ] ] } },
{ "type": "Feature", "properties": { "cell_id": 1214, "lon": 80.272181772031814, "lat": 13.073517786561256 }, "geometry": { "type": "Polygon", "coordinates": [ [ [ 80.274487088485245, 13.071272008623778 ], [ 80.274487088485245, 13.075763564498732 ], [ 80.269876455578384, 13.075763564498732 ], [ 80.269876455578384, 13.071272008623778 ], [ 80.274487088485245, 13.071272008623778 ] ] ] } },
{ "type": "Feature", "properties": { "cell_id": 1215, "lon": 80.276792404938675, "lat": 13.073517786561256 }, "geometry": { "type": "Polygon", "coordinates": [ [ [ 80.279097721392105, 13.071272008623778 ], [ 80.279097721392105, 13.075763564498732 ], [ 80.274487088485245, 13.075763564498732 ], [ 80.274487088485245, 13.071272008623778 ], [ 80.279097721392105, 13.071272008623778 ] ] ] } },
{ "type": "Feature", "properties": { "cell_id": 1216, "lon": 80.281403037845536, "lat": 13.073517786561256 }, "geometry": { "type": "Polygon", "coordinates": [ [ [ 80.283708354298966, 13.071272008623778 ], [ 80.283708354298966, 13.075763564498732 ], [ 80.279097721392105, 13.075763564498732 ], [ 80.279097721392105, 13.071272008623778 ], [ 80.283708354298966, 13.071272008623778 ] ] ] } },
{ "type": "Feature", "properties": { "cell_id": 1217, "lon": 80.286013670752396, "lat": 13.073517786561256 }, "geometry": { "type": "Polygon", "coordinates": [ [ [ 80.288318987205827, 13.071272008623778 ], [ 80.288318987205827, 13.075763564498732 ], [ 80.283708354298966, 13.075763564498732 ], [ 80.283708354298966, 13.071272008623778 ], [ 80.288318987205827, 13.071272008623778 ] ] ] } },
{ "type": "Feature", "properties": { "cell_id": 1218, "lon": 80.290624303659257, "lat": 13.073517786561256 }, "geometry": { "type": "Polygon", "coordinates": [ [ [ 80.292929620112687, 13.071272008623778 ], [ 80.292929620112687, 13.075763564498732 ], [ 80.288318987205827, 13.075763564498732 ], [ 80.288318987205827, 13.071272008623778 ], [ 80.292929620112687, 13.071272008623778 ] ] ] } },
{ "type": "Feature", "properties": { "cell_id": 1219, "lon": 80.295234936566118, "lat": 13.073517786561256 }, "geometry": { "type": "Polygon", "coordinates": [ [ [ 80.297540253019548, 13.071272008623778 ], [ 80.297540253019548, 13.075763564498732 ], [ 80.292929620112687, 13.075763564498732 ], [ 80.292929620112687, 13.071272008623778 ], [ 80.297540253019548, 13.071272008623778 ] ] ] } },
{ "type": "Feature", "properties": { "cell_id": 1220, "lon": 80.299845569472978, "lat": 13.073517786561256 }, "geometry": { "type": "Polygon", "coordinates": [ [ [ 80.302150885926409, 13.071272008623778 ], [ 80.302150885926409, 13.075763564498732 ], [ 80.297540253019548, 13.075763564498732 ], [ 80.297540253019548, 13.071272008623778 ], [ 80.302150885926409, 13.071272008623778 ] ] ] } },
{ "type": "Feature", "properties": { "cell_id": 1232, "lon": 80.152305316453436, "lat": 13.078009342436211 }, "geometry": { "type": "Polygon", "coordinates": [ [ [ 80.154610632906866, 13.075763564498732 ], [ 80.154610632906866, 13.080255120373687 ], [ 80.15, 13.080255120373687 ], [ 80.15, 13.075763564498732 ], [ 80.154610632906866, 13.075763564498732 ] ] ] } },
{ "type": "Feature", "properties": { "cell_id": 1233, "lon": 80.156915949360297, "lat": 13.078009342436211 }, "geometry": { "type": "Polygon", "coordinates": [ [ [ 80.159221265813727, 13.075763564498732 ], [ 80.159221265813727, 13.080255120373687 ], [ 80.154610632906866, 13.080255120373687 ], [ 80.154610632906866, 13.075763564498732 ], [ 80.159221265813727, 13.075763564498732 ] ] ] } },
{ "type": "Feature", "properties": { "cell_id": 1234, "lon": 80.161526582267157, "lat": 13.078009342436211 }, "geometry": { "type": "Polygon", "coordinates": [ [ [ 80.163831898720588, 13.075763564498732 ], [ 80.163831898720588, 13.080255120373687 ], [ 80.159221265813727, 13.080255120373687 ], [ 80.159221265813727, 13.075763564498732 ], [ 80.163831898720588, 13.075763564498732 ] ] ] } },
{ "type": "Feature", "properties": { "cell_id": 1235, "lon": 80.166137215174018, "lat": 13.078009342436211 }, "geometry": { "type": "Polygon", "coordinates": [ [ [ 80.168442531627448, 13.075763564498732 ], [ 80.168442531627448, 13.080255120373687 ], [ 80.163831898720588, 13.080255120373687 ], [ 80.163831898720588, 13.075763564498732 ], [ 80.168442531627448, 13.075763564498732 ] ] ] } },
{ "type": "Feature", "properties": { "cell_id": 1236, "lon": 80.170747848080879, "lat": 13.078009342436211 }, "geometry": { "type": "Polygon", "coordinates": [ [ [ 80.173053164534309, 13.075763564498732 ], [ 80.173053164534309, 13.080255120373687 ], [ 80.168442531627448, 13.080255120373687 ], [ 80.168442531627448, 13.075763564498732 ], [ 80.173053164534309, 13.075763564498732 ] ] ] } },
{ "type": "Feature", "properties": { "cell_id": 1237, "lon": 80.17535848098774, "lat": 13.078009342436211 }, "geometry": { "type": "Polygon", "coordinates": [ [ [ 80.17766379744117, 13.075763564498732 ], [ 80.17766379744117, 13.080255120373687 ], [ 80.173053164534309, 13.080255120373687 ], [ 80.173053164534309, 13.075763564498732 ], [ 80.17766379744117, 13.075763564498732 ] ] ] } },
{ "type": "Feature", "properties": { "cell_id": 1238, "lon": 80.1799691138946, "lat": 13.078009342436211 }, "geometry": { "type": "Polygon", "coordinates": [ [ [ 80.182274430348031, 13.075763564498732 ], [ 80.182274430348031, 13.080255120373687 ], [ 80.17766379744117, 13.080255120373687 ], [ 80.17766379744117, 13.075763564498732 ], [ 80.182274430348031, 13.075763564498732 ] ] ] } },
{ "type": "Feature", "properties": { "cell_id": 1239, "lon": 80.184579746801461, "lat": 13.078009342436211 }, "geometry": { "type": "Polygon", "coordinates": [ [ [ 80.186885063254891, 13.075763564498732 ], [ 80.186885063254891, 13.080255120373687 ], [ 80.182274430348031, 13.080255120373687 ], [ 80.182274430348031, 13.075763564498732 ], [ 80.186885063254891, 13.075763564498732 ] ] ] } },
{ "type": "Feature", "properties": { "cell_id": 1240, "lon": 80.189190379708322, "lat": 13.078009342436211 }, "geometry": { "type": "Polygon", "coordinates": [ [ [ 80.191495696161752, 13.075763564498732 ], [ 80.191495696161752, 13.080255120373687 ], [ 80.186885063254891, 13.080255120373687 ], [ 80.186885063254891, 13.075763564498732 ], [ 80.191495696161752, 13.075763564498732 ] ] ] } },
{ "type": "Feature", "properties": { "cell_id": 1241, "lon": 80.193801012615182, "lat": 13.078009342436211 }, "geometry": { "type": "Polygon", "coordinates": [ [ [ 80.196106329068613, 13.075763564498732 ], [ 80.196106329068613, 13.080255120373687 ], [ 80.191495696161752, 13.080255120373687 ], [ 80.191495696161752, 13.075763564498732 ], [ 80.196106329068613, 13.075763564498732 ] ] ] } },
{ "type": "Feature", "properties": { "cell_id": 1242, "lon": 80.198411645522043, "lat": 13.078009342436211 }, "geometry": { "type": "Polygon", "coordinates": [ [ [ 80.200716961975473, 13.075763564498732 ], [ 80.200716961975473, 13.080255120373687 ], [ 80.196106329068613, 13.080255120373687 ], [ 80.196106329068613, 13.075763564498732 ], [ 80.200716961975473, 13.075763564498732 ] ] ] } },
{ "type": "Feature", "properties": { "cell_id": 1243, "lon": 80.203022278428904, "lat": 13.078009342436211 }, "geometry": { "type": "Polygon", "coordinates": [ [ [ 80.205327594882334, 13.075763564498732 ], [ 80.205327594882334, 13.080255120373687 ], [ 80.200716961975473, 13.080255120373687 ], [ 80.200716961975473, 13.075763564498732 ], [ 80.205327594882334, 13.075763564498732 ] ] ] } },
{ "type": "Feature", "properties": { "cell_id": 1244, "lon": 80.207632911335764, "lat": 13.078009342436211 }, "geometry": { "type": "Polygon", "coordinates": [ [ [ 80.209938227789195, 13.075763564498732 ], [ 80.209938227789195, 13.080255120373687 ], [ 80.205327594882334, 13.080255120373687 ], [ 80.205327594882334, 13.075763564498732 ], [ 80.209938227789195, 13.075763564498732 ] ] ] } },
{ "type": "Feature", "properties": { "cell_id": 1245, "lon": 80.212243544242625, "lat": 13.078009342436211 }, "geometry": { "type": "Polygon", "coordinates": [ [ [ 80.214548860696055, 13.075763564498732 ], [ 80.214548860696055, 13.080255120373687 ], [ 80.209938227789195, 13.080255120373687 ], [ 80.209938227789195, 13.075763564498732 ], [ 80.214548860696055, 13.075763564498732 ] ] ] } },
{ "type": "Feature", "properties": { "cell_id": 1246, "lon": 80.216854177149486, "lat": 13.078009342436211 }, "geometry": { "type": "Polygon", "coordinates": [ [ [ 80.219159493602916, 13.075763564498732 ], [ 80.219159493602916, 13.080255120373687 ], [ 80.214548860696055, 13.080255120373687 ], [ 80.214548860696055, 13.075763564498732 ], [ 80.219159493602916, 13.075763564498732 ] ] ] } },
{ "type": "Feature", "properties": { "cell_id": 1247, "lon": 80.221464810056347, "lat": 13.078009342436211 }, "geometry": { "type": "Polygon", "coordinates": [ [ [ 80.223770126509777, 13.075763564498732 ], [ 80.223770126509777, 13.080255120373687 ], [ 80.219159493602916, 13.080255120373687 ], [ 80.219159493602916, 13.075763564498732 ], [ 80.223770126509777, 13.075763564498732 ] ] ] } },
{ "type": "Feature", "properties": { "cell_id": 1248, "lon": 80.226075442963207, "lat": 13.078009342436211 }, "geometry": { "type": "Polygon", "coordinates": [ [ [ 80.228380759416638, 13.075763564498732 ], [ 80.228380759416638, 13.080255120373687 ], [ 80.223770126509777, 13.080255120373687 ], [ 80.223770126509777, 13.075763564498732 ], [ 80.228380759416638, 13.075763564498732 ] ] ] } },
{ "type": "Feature", "properties": { "cell_id": 1249, "lon": 80.230686075870068, "lat": 13.078009342436211 }, "geometry": { "type": "Polygon", "coordinates": [ [ [ 80.232991392323498, 13.075763564498732 ], [ 80.232991392323498, 13.080255120373687 ], [ 80.228380759416638, 13.080255120373687 ], [ 80.228380759416638, 13.075763564498732 ], [ 80.232991392323498, 13.075763564498732 ] ] ] } },
{ "type": "Feature", "properties": { "cell_id": 1250, "lon": 80.235296708776929, "lat": 13.078009342436211 }, "geometry": { "type": "Polygon", "coordinates": [ [ [ 80.237602025230359, 13.075763564498732 ], [ 80.237602025230359, 13.080255120373687 ], [ 80.232991392323498, 13.080255120373687 ], [ 80.232991392323498, 13.075763564498732 ], [ 80.237602025230359, 13.075763564498732 ] ] ] } },
{ "type": "Feature", "properties": { "cell_id": 1251, "lon": 80.239907341683789, "lat": 13.078009342436211 }, "geometry": { "type": "Polygon", "coordinates": [ [ [ 80.24221265813722, 13.075763564498732 ], [ 80.24221265813722, 13.080255120373687 ], [ 80.237602025230359, 13.080255120373687 ], [ 80.237602025230359, 13.075763564498732 ], [ 80.24221265813722, 13.075763564498732 ] ] ] } },
{ "type": "Feature", "properties": { "cell_id": 1252, "lon": 80.24451797459065, "lat": 13.078009342436211 }, "geometry": { "type": "Polygon", "coordinates": [ [ [ 80.24682329104408, 13.075763564498732 ], [ 80.24682329104408, 13.080255120373687 ], [ 80.24221265813722, 13.080255120373687 ], [ 80.24221265813722, 13.075763564498732 ], [ 80.24682329104408, 13.075763564498732 ] ] ] } },
{ "type": "Feature", "properties": { "cell_id": 1253, "lon": 80.249128607497511, "lat": 13.078009342436211 }, "geometry": { "type": "Polygon", "coordinates": [ [ [ 80.251433923950941, 13.075763564498732 ], [ 80.251433923950941, 13.080255120373687 ], [ 80.24682329104408, 13.080255120373687 ], [ 80.24682329104408, 13.075763564498732 ], [ 80.251433923950941, 13.075763564498732 ] ] ] } },
{ "type": "Feature", "properties": { "cell_id": 1254, "lon": 80.253739240404371, "lat": 13.078009342436211 }, "geometry": { "type": "Polygon", "coordinates": [ [ [ 80.256044556857802, 13.075763564498732 ], [ 80.256044556857802, 13.080255120373687 ], [ 80.251433923950941, 13.080255120373687 ], [ 80.251433923950941, 13.075763564498732 ], [ 80.256044556857802, 13.075763564498732 ] ] ] } },
{ "type": "Feature", "properties": { "cell_id": 1255, "lon": 80.258349873311232, "lat": 13.078009342436211 }, "geometry": { "type": "Polygon", "coordinates": [ [ [ 80.260655189764663, 13.075763564498732 ], [ 80.260655189764663, 13.080255120373687 ], [ 80.256044556857802, 13.080255120373687 ], [ 80.256044556857802, 13.075763564498732 ], [ 80.260655189764663, 13.075763564498732 ] ] ] } },
{ "type": "Feature", "properties": { "cell_id": 1256, "lon": 80.262960506218093, "lat": 13.078009342436211 }, "geometry": { "type": "Polygon", "coordinates": [ [ [ 80.265265822671523, 13.075763564498732 ], [ 80.265265822671523, 13.080255120373687 ], [ 80.260655189764663, 13.080255120373687 ], [ 80.260655189764663, 13.075763564498732 ], [ 80.265265822671523, 13.075763564498732 ] ] ] } },
{ "type": "Feature", "properties": { "cell_id": 1257, "lon": 80.267571139124954, "lat": 13.078009342436211 }, "geometry": { "type": "Polygon", "coordinates": [ [ [ 80.269876455578384, 13.075763564498732 ], [ 80.269876455578384, 13.080255120373687 ], [ 80.265265822671523, 13.080255120373687 ], [ 80.265265822671523, 13.075763564498732 ], [ 80.269876455578384, 13.075763564498732 ] ] ] } },
{ "type": "Feature", "properties": { "cell_id": 1258, "lon": 80.272181772031814, "lat": 13.078009342436211 }, "geometry": { "type": "Polygon", "coordinates": [ [ [ 80.274487088485245, 13.075763564498732 ], [ 80.274487088485245, 13.080255120373687 ], [ 80.269876455578384, 13.080255120373687 ], [ 80.269876455578384, 13.075763564498732 ], [ 80.274487088485245, 13.075763564498732 ] ] ] } },
{ "type": "Feature", "properties": { "cell_id": 1259, "lon": 80.276792404938675, "lat": 13.078009342436211 }, "geometry": { "type": "Polygon", "coordinates": [ [ [ 80.279097721392105, 13.075763564498732 ], [ 80.279097721392105, 13.080255120373687 ], [ 80.274487088485245, 13.080255120373687 ], [ 80.274487088485245, 13.075763564498732 ], [ 80.279097721392105, 13.075763564498732 ] ] ] } },
{ "type": "Feature", "properties": { "cell_id": 1260, "lon": 80.281403037845536, "lat": 13.078009342436211 }, "geometry": { "type": "Polygon", "coordinates": [ [ [ 80.283708354298966, 13.075763564498732 ], [ 80.283708354298966, 13.080255120373687 ], [ 80.279097721392105, 13.080255120373687 ], [ 80.279097721392105, 13.075763564498732 ], [ 80.283708354298966, 13.075763564498732 ] ] ] } },
{ "type": "Feature", "properties": { "cell_id": 1261, "lon": 80.286013670752396, "lat": 13.078009342436211 }, "geometry": { "type": "Polygon", "coordinates": [ [ [ 80.288318987205827, 13.075763564498732 ], [ 80.288318987205827, 13.080255120373687 ], [ 80.283708354298966, 13.080255120373687 ], [ 80.283708354298966, 13.075763564498732 ], [ 80.288318987205827, 13.075763564498732 ] ] ] } },
{ "type": "Feature", "properties": { "cell_id": 1262, "lon": 80.290624303659257, "lat": 13.078009342436211 }, "geometry": { "type": "Polygon", "coordinates": [ [ [ 80.292929620112687, 13.075763564498732 ], [ 80.292929620112687, 13.080255120373687 ], [ 80.288318987205827, 13.080255120373687 ], [ 80.288318987205827, 13.075763564498732 ], [ 80.292929620112687, 13.075763564498732 ] ] ] } },
{ "type": "Feature", "properties": { "cell_id": 1263, "lon": 80.295234936566118, "lat": 13.078009342436211 }, "geometry": { "type": "Polygon", "coordinates": [ [ [ 80.297540253019548, 13.075763564498732 ], [ 80.297540253019548, 13.080255120373687 ], [ 80.292929620112687, 13.080255120373687 ], [ 80.292929620112687, 13.075763564498732 ], [ 80.297540253019548, 13.075763564498732 ] ] ] } },
{ "type": "Feature", "properties": { "cell_id": 1264, "lon": 80.299845569472978, "lat": 13.078009342436211 }, "geometry": { "type": "Polygon", "coordinates": [ [ [ 80.302150885926409, 13.075763564498732 ], [ 80.302150885926409, 13.080255120373687 ], [ 80.297540253019548, 13.080255120373687 ], [ 80.297540253019548, 13.075763564498732 ], [ 80.302150885926409, 13.075763564498732 ] ] ] } },
{ "type": "Feature", "properties": { "cell_id": 1276, "lon": 80.152305316453436, "lat": 13.082500898311165 }, "geometry": { "type": "Polygon", "coordinates": [ [ [ 80.154610632906866, 13.080255120373687 ], [ 80.154610632906866, 13.084746676248642 ], [ 80.15, 13.084746676248642 ], [ 80.15, 13.080255120373687 ], [ 80.154610632906866, 13.080255120373687 ] ] ] } },
{ "type": "Feature", "properties": { "cell_id": 1277, "lon": 80.156915949360297, "lat": 13.082500898311165 }, "geometry": { "type": "Polygon", "coordinates": [ [ [ 80.159221265813727, 13.080255120373687 ], [ 80.159221265813727, 13.084746676248642 ], [ 80.154610632906866, 13.084746676248642 ], [ 80.154610632906866, 13.080255120373687 ], [ 80.159221265813727, 13.080255120373687 ] ] ] } },
{ "type": "Feature", "properties": { "cell_id": 1278, "lon": 80.161526582267157, "lat": 13.082500898311165 }, "geometry": { "type": "Polygon", "coordinates": [ [ [ 80.163831898720588, 13.080255120373687 ], [ 80.163831898720588, 13.084746676248642 ], [ 80.159221265813727, 13.084746676248642 ], [ 80.159221265813727, 13.080255120373687 ], [ 80.163831898720588, 13.080255120373687 ] ] ] } },
{ "type": "Feature", "properties": { "cell_id": 1279, "lon": 80.166137215174018, "lat": 13.082500898311165 }, "geometry": { "type": "Polygon", "coordinates": [ [ [ 80.168442531627448, 13.080255120373687 ], [ 80.168442531627448, 13.084746676248642 ], [ 80.163831898720588, 13.084746676248642 ], [ 80.163831898720588, 13.080255120373687 ], [ 80.168442531627448, 13.080255120373687 ] ] ] } },
{ "type": "Feature", "properties": { "cell_id": 1280, "lon": 80.170747848080879, "lat": 13.082500898311165 }, "geometry": { "type": "Polygon", "coordinates": [ [ [ 80.173053164534309, 13.080255120373687 ], [ 80.173053164534309, 13.084746676248642 ], [ 80.168442531627448, 13.084746676248642 ], [ 80.168442531627448, 13.080255120373687 ], [ 80.173053164534309, 13.080255120373687 ] ] ] } },
{ "type": "Feature", "properties": { "cell_id": 1281, "lon": 80.17535848098774, "lat": 13.082500898311165 }, "geometry": { "type": "Polygon", "coordinates": [ [ [ 80.17766379744117, 13.080255120373687 ], [ 80.17766379744117, 13.084746676248642 ], [ 80.173053164534309, 13.084746676248642 ], [ 80.173053164534309, 13.080255120373687 ], [ 80.17766379744117, 13.080255120373687 ] ] ] } },
{ "type": "Feature", "properties": { "cell_id": 1282, "lon": 80.1799691138946, "lat": 13.082500898311165 }, "geometry": { "type": "Polygon", "coordinates": [ [ [ 80.182274430348031, 13.080255120373687 ], [ 80.182274430348031, 13.084746676248642 ], [ 80.17766379744117, 13.084746676248642 ], [ 80.17766379744117, 13.080255120373687 ], [ 80.182274430348031, 13.080255120373687 ] ] ] } },
{ "type": "Feature", "properties": { "cell_id": 1283, "lon": 80.184579746801461, "lat": 13.082500898311165 }, "geometry": { "type": "Polygon", "coordinates": [ [ [ 80.186885063254891, 13.080255120373687 ], [ 80.186885063254891, 13.084746676248642 ], [ 80.182274430348031, 13.084746676248642 ], [ 80.182274430348031, 13.080255120373687 ], [ 80.186885063254891, 13.080255120373687 ] ] ] } },
{ "type": "Feature", "properties": { "cell_id": 1284, "lon": 80.189190379708322, "lat": 13.082500898311165 }, "geometry": { "type": "Polygon", "coordinates": [ [ [ 80.191495696161752, 13.080255120373687 ], [ 80.191495696161752, 13.084746676248642 ], [ 80.186885063254891, 13.084746676248642 ], [ 80.186885063254891, 13.080255120373687 ], [ 80.191495696161752, 13.080255120373687 ] ] ] } },
{ "type": "Feature", "properties": { "cell_id": 1285, "lon": 80.193801012615182, "lat": 13.082500898311165 }, "geometry": { "type": "Polygon", "coordinates": [ [ [ 80.196106329068613, 13.080255120373687 ], [ 80.196106329068613, 13.084746676248642 ], [ 80.191495696161752, 13.084746676248642 ], [ 80.191495696161752, 13.080255120373687 ], [ 80.196106329068613, 13.080255120373687 ] ] ] } },
{ "type": "Feature", "properties": { "cell_id": 1286, "lon": 80.198411645522043, "lat": 13.082500898311165 }, "geometry": { "type": "Polygon", "coordinates": [ [ [ 80.200716961975473, 13.080255120373687 ], [ 80.200716961975473, 13.084746676248642 ], [ 80.196106329068613, 13.084746676248642 ], [ 80.196106329068613, 13.080255120373687 ], [ 80.200716961975473, 13.080255120373687 ] ] ] } },
{ "type": "Feature", "properties": { "cell_id": 1287, "lon": 80.203022278428904, "lat": 13.082500898311165 }, "geometry": { "type": "Polygon", "coordinates": [ [ [ 80.205327594882334, 13.080255120373687 ], [ 80.205327594882334, 13.084746676248642 ], [ 80.200716961975473, 13.084746676248642 ], [ 80.200716961975473, 13.080255120373687 ], [ 80.205327594882334, 13.080255120373687 ] ] ] } },
{ "type": "Feature", "properties": { "cell_id": 1288, "lon": 80.207632911335764, "lat": 13.082500898311165 }, "geometry": { "type": "Polygon", "coordinates": [ [ [ 80.209938227789195, 13.080255120373687 ], [ 80.209938227789195, 13.084746676248642 ], [ 80.205327594882334, 13.084746676248642 ], [ 80.205327594882334, 13.080255120373687 ], [ 80.209938227789195, 13.080255120373687 ] ] ] } },
{ "type": "Feature", "properties": { "cell_id": 1289, "lon": 80.212243544242625, "lat": 13.082500898311165 }, "geometry": { "type": "Polygon", "coordinates": [ [ [ 80.214548860696055, 13.080255120373687 ], [ 80.214548860696055, 13.084746676248642 ], [ 80.209938227789195, 13.084746676248642 ], [ 80.209938227789195, 13.080255120373687 ], [ 80.214548860696055, 13.080255120373687 ] ] ] } },
{ "type": "Feature", "properties": { "cell_id": 1290, "lon": 80.216854177149486, "lat": 13.082500898311165 }, "geometry": { "type": "Polygon", "coordinates": [ [ [ 80.219159493602916, 13.080255120373687 ], [ 80.219159493602916, 13.084746676248642 ], [ 80.214548860696055, 13.084746676248642 ], [ 80.214548860696055, 13.080255120373687 ], [ 80.219159493602916, 13.080255120373687 ] ] ] } },
{ "type": "Feature", "properties": { "cell_id": 1291, "lon": 80.221464810056347, "lat": 13.082500898311165 }, "geometry": { "type": "Polygon", "coordinates": [ [ [ 80.223770126509777, 13.080255120373687 ], [ 80.223770126509777, 13.084746676248642 ], [ 80.219159493602916, 13.084746676248642 ], [ 80.219159493602916, 13.080255120373687 ], [ 80.223770126509777, 13.080255120373687 ] ] ] } },
{ "type": "Feature", "properties": { "cell_id": 1292, "lon": 80.226075442963207, "lat": 13.082500898311165 }, "geometry": { "type": "Polygon", "coordinates": [ [ [ 80.228380759416638, 13.080255120373687 ], [ 80.228380759416638, 13.084746676248642 ], [ 80.223770126509777, 13.084746676248642 ], [ 80.223770126509777, 13.080255120373687 ], [ 80.228380759416638, 13.080255120373687 ] ] ] } },
{ "type": "Feature", "properties": { "cell_id": 1293, "lon": 80.230686075870068, "lat": 13.082500898311165 }, "geometry": { "type": "Polygon", "coordinates": [ [ [ 80.232991392323498, 13.080255120373687 ], [ 80.232991392323498, 13.084746676248642 ], [ 80.228380759416638, 13.084746676248642 ], [ 80.228380759416638, 13.080255120373687 ], [ 80.232991392323498, 13.080255120373687 ] ] ] } },
{ "type": "Feature", "properties": { "cell_id": 1294, "lon": 80.235296708776929, "lat": 13.082500898311165 }, "geometry": { "type": "Polygon", "coordinates": [ [ [ 80.237602025230359, 13.080255120373687 ], [ 80.237602025230359, 13.084746676248642 ], [ 80.232991392323498, 13.084746676248642 ], [ 80.232991392323498, 13.080255120373687 ], [ 80.237602025230359, 13.080255120373687 ] ] ] } },
{ "type": "Feature", "properties": { "cell_id": 1295, "lon": 80.239907341683789, "lat": 13.082500898311165 }, "geometry": { "type": "Polygon", "coordinates": [ [ [ 80.24221265813722, 13.080255120373687 ], [ 80.24221265813722, 13.084746676248642 ], [ 80.237602025230359, 13.084746676248642 ], [ 80.237602025230359, 13.080255120373687 ], [ 80.24221265813722, 13.080255120373687 ] ] ] } },
{ "type": "Feature", "properties": { "cell_id": 1296, "lon": 80.24451797459065, "lat": 13.082500898311165 }, "geometry": { "type": "Polygon", "coordinates": [ [ [ 80.24682329104408, 13.080255120373687 ], [ 80.24682329104408, 13.084746676248642 ], [ 80.24221265813722, 13.084746676248642 ], [ 80.24221265813722, 13.080255120373687 ], [ 80.24682329104408, 13.080255120373687 ] ] ] } },
{ "type": "Feature", "properties": { "cell_id": 1297, "lon": 80.249128607497511, "lat": 13.082500898311165 }, "geometry": { "type": "Polygon", "coordinates": [ [ [ 80.251433923950941, 13.080255120373687 ], [ 80.251433923950941, 13.084746676248642 ], [ 80.24682329104408, 13.084746676248642 ], [ 80.24682329104408, 13.080255120373687 ], [ 80.251433923950941, 13.080255120373687 ] ] ] } },
{ "type": "Feature", "properties": { "cell_id": 1298, "lon": 80.253739240404371, "lat": 13.082500898311165 }, "geometry": { "type": "Polygon", "coordinates": [ [ [ 80.256044556857802, 13.080255120373687 ], [ 80.256044556857802, 13.084746676248642 ], [ 80.251433923950941, 13.084746676248642 ], [ 80.251433923950941, 13.080255120373687 ], [ 80.256044556857802, 13.080255120373687 ] ] ] } },
{ "type": "Feature", "properties": { "cell_id": 1299, "lon": 80.258349873311232, "lat": 13.082500898311165 }, "geometry": { "type": "Polygon", "coordinates": [ [ [ 80.260655189764663, 13.080255120373687 ], [ 80.260655189764663, 13.084746676248642 ], [ 80.256044556857802, 13.084746676248642 ], [ 80.256044556857802, 13.080255120373687 ], [ 80.260655189764663, 13.080255120373687 ] ] ] } },
{ "type": "Feature", "properties": { "cell_id": 1300, "lon": 80.262960506218093, "lat": 13.082500898311165 }, "geometry": { "type": "Polygon", "coordinates": [ [ [ 80.265265822671523, 13.080255120373687 ], [ 80.265265822671523, 13.084746676248642 ], [ 80.260655189764663, 13.084746676248642 ], [ 80.260655189764663, 13.080255120373687 ], [ 80.265265822671523, 13.080255120373687 ] ] ] } },
{ "type": "Feature", "properties": { "cell_id": 1301, "lon": 80.267571139124954, "lat": 13.082500898311165 }, "geometry": { "type": "Polygon", "coordinates": [ [ [ 80.269876455578384, 13.080255120373687 ], [ 80.269876455578384, 13.084746676248642 ], [ 80.265265822671523, 13.084746676248642 ], [ 80.265265822671523, 13.080255120373687 ], [ 80.269876455578384, 13.080255120373687 ] ] ] } },
{ "type": "Feature", "properties": { "cell_id": 1302, "lon": 80.272181772031814, "lat": 13.082500898311165 }, "geometry": { "type": "Polygon", "coordinates": [ [ [ 80.274487088485245, 13.080255120373687 ], [ 80.274487088485245, 13.084746676248642 ], [ 80.269876455578384, 13.084746676248642 ], [ 80.269876455578384, 13.080255120373687 ], [ 80.274487088485245, 13.080255120373687 ] ] ] } },
{ "type": "Feature", "properties": { "cell_id": 1303, "lon": 80.276792404938675, "lat": 13.082500898311165 }, "geometry": { "type": "Polygon", "coordinates": [ [ [ 80.279097721392105, 13.080255120373687 ], [ 80.279097721392105, 13.084746676248642 ], [ 80.274487088485245, 13.084746676248642 ], [ 80.274487088485245, 13.080255120373687 ], [ 80.279097721392105, 13.080255120373687 ] ] ] } },
{ "type": "Feature", "properties": { "cell_id": 1304, "lon": 80.281403037845536, "lat": 13.082500898311165 }, "geometry": { "type": "Polygon", "coordinates": [ [ [ 80.283708354298966, 13.080255120373687 ], [ 80.283708354298966, 13.084746676248642 ], [ 80.279097721392105, 13.084746676248642 ], [ 80.279097721392105, 13.080255120373687 ], [ 80.283708354298966, 13.080255120373687 ] ] ] } },
{ "type": "Feature", "properties": { "cell_id": 1305, "lon": 80.286013670752396, "lat": 13.082500898311165 }, "geometry": { "type": "Polygon", "coordinates": [ [ [ 80.288318987205827, 13.080255120373687 ], [ 80.288318987205827, 13.084746676248642 ], [ 80.283708354298966, 13.084746676248642 ], [ 80.283708354298966, 13.080255120373687 ], [ 80.288318987205827, 13.080255120373687 ] ] ] } },
{ "type": "Feature", "properties": { "cell_id": 1306, "lon": 80.290624303659257, "lat": 13.082500898311165 }, "geometry": { "type": "Polygon", "coordinates": [ [ [ 80.292929620112687, 13.080255120373687 ], [ 80.292929620112687, 13.084746676248642 ], [ 80.288318987205827, 13.084746676248642 ], [ 80.288318987205827, 13.080255120373687 ], [ 80.292929620112687, 13.080255120373687 ] ] ] } },
{ "type": "Feature", "properties": { "cell_id": 1307, "lon": 80.295234936566118, "lat": 13.082500898311165 }, "geometry": { "type": "Polygon", "coordinates": [ [ [ 80.297540253019548, 13.080255120373687 ], [ 80.297540253019548, 13.084746676248642 ], [ 80.292929620112687, 13.084746676248642 ], [ 80.292929620112687, 13.080255120373687 ], [ 80.297540253019548, 13.080255120373687 ] ] ] } },
{ "type": "Feature", "properties": { "cell_id": 1308, "lon": 80.299845569472978, "lat": 13.082500898311165 }, "geometry": { "type": "Polygon", "coordinates": [ [ [ 80.302150885926409, 13.080255120373687 ], [ 80.302150885926409, 13.084746676248642 ], [ 80.297540253019548, 13.084746676248642 ], [ 80.297540253019548, 13.080255120373687 ], [ 80.302150885926409, 13.080255120373687 ] ] ] } },
{ "type": "Feature", "properties": { "cell_id": 1320, "lon": 80.152305316453436, "lat": 13.08699245418612 }, "geometry": { "type": "Polygon", "coordinates": [ [ [ 80.154610632906866, 13.084746676248642 ], [ 80.154610632906866, 13.089238232123597 ], [ 80.15, 13.089238232123597 ], [ 80.15, 13.084746676248642 ], [ 80.154610632906866, 13.084746676248642 ] ] ] } },
{ "type": "Feature", "properties": { "cell_id": 1321, "lon": 80.156915949360297, "lat": 13.08699245418612 }, "geometry": { "type": "Polygon", "coordinates": [ [ [ 80.159221265813727, 13.084746676248642 ], [ 80.159221265813727, 13.089238232123597 ], [ 80.154610632906866, 13.089238232123597 ], [ 80.154610632906866, 13.084746676248642 ], [ 80.159221265813727, 13.084746676248642 ] ] ] } },
{ "type": "Feature", "properties": { "cell_id": 1322, "lon": 80.161526582267157, "lat": 13.08699245418612 }, "geometry": { "type": "Polygon", "coordinates": [ [ [ 80.163831898720588, 13.084746676248642 ], [ 80.163831898720588, 13.089238232123597 ], [ 80.159221265813727, 13.089238232123597 ], [ 80.159221265813727, 13.084746676248642 ], [ 80.163831898720588, 13.084746676248642 ] ] ] } },
{ "type": "Feature", "properties": { "cell_id": 1323, "lon": 80.166137215174018, "lat": 13.08699245418612 }, "geometry": { "type": "Polygon", "coordinates": [ [ [ 80.168442531627448, 13.084746676248642 ], [ 80.168442531627448, 13.089238232123597 ], [ 80.163831898720588, 13.089238232123597 ], [ 80.163831898720588, 13.084746676248642 ], [ 80.168442531627448, 13.084746676248642 ] ] ] } },
{ "type": "Feature", "properties": { "cell_id": 1324, "lon": 80.170747848080879, "lat": 13.08699245418612 }, "geometry": { "type": "Polygon", "coordinates": [ [ [ 80.173053164534309, 13.084746676248642 ], [ 80.173053164534309, 13.089238232123597 ], [ 80.168442531627448, 13.089238232123597 ], [ 80.168442531627448, 13.084746676248642 ], [ 80.173053164534309, 13.084746676248642 ] ] ] } },
{ "type": "Feature", "properties": { "cell_id": 1325, "lon": 80.17535848098774, "lat": 13.08699245418612 }, "geometry": { "type": "Polygon", "coordinates": [ [ [ 80.17766379744117, 13.084746676248642 ], [ 80.17766379744117, 13.089238232123597 ], [ 80.173053164534309, 13.089238232123597 ], [ 80.173053164534309, 13.084746676248642 ], [ 80.17766379744117, 13.084746676248642 ] ] ] } },
{ "type": "Feature", "properties": { "cell_id": 1326, "lon": 80.1799691138946, "lat": 13.08699245418612 }, "geometry": { "type": "Polygon", "coordinates": [ [ [ 80.182274430348031, 13.084746676248642 ], [ 80.182274430348031, 13.089238232123597 ], [ 80.17766379744117, 13.089238232123597 ], [ 80.17766379744117, 13.084746676248642 ], [ 80.182274430348031, 13.084746676248642 ] ] ] } },
{ "type": "Feature", "properties": { "cell_id": 1327, "lon": 80.184579746801461, "lat": 13.08699245418612 }, "geometry": { "type": "Polygon", "coordinates": [ [ [ 80.186885063254891, 13.084746676248642 ], [ 80.186885063254891, 13.089238232123597 ], [ 80.182274430348031, 13.089238232123597 ], [ 80.182274430348031, 13.084746676248642 ], [ 80.186885063254891, 13.084746676248642 ] ] ] } },
{ "type": "Feature", "properties": { "cell_id": 1328, "lon": 80.189190379708322, "lat": 13.08699245418612 }, "geometry": { "type": "Polygon", "coordinates": [ [ [ 80.191495696161752, 13.084746676248642 ], [ 80.191495696161752, 13.089238232123597 ], [ 80.186885063254891, 13.089238232123597 ], [ 80.186885063254891, 13.084746676248642 ], [ 80.191495696161752, 13.084746676248642 ] ] ] } },
{ "type": "Feature", "properties": { "cell_id": 1329, "lon": 80.193801012615182, "lat": 13.08699245418612 }, "geometry": { "type": "Polygon", "coordinates": [ [ [ 80.196106329068613, 13.084746676248642 ], [ 80.196106329068613, 13.089238232123597 ], [ 80.191495696161752, 13.089238232123597 ], [ 80.191495696161752, 13.084746676248642 ], [ 80.196106329068613, 13.084746676248642 ] ] ] } },
{ "type": "Feature", "properties": { "cell_id": 1330, "lon": 80.198411645522043, "lat": 13.08699245418612 }, "geometry": { "type": "Polygon", "coordinates": [ [ [ 80.200716961975473, 13.084746676248642 ], [ 80.200716961975473, 13.089238232123597 ], [ 80.196106329068613, 13.089238232123597 ], [ 80.196106329068613, 13.084746676248642 ], [ 80.200716961975473, 13.084746676248642 ] ] ] } },
{ "type": "Feature", "properties": { "cell_id": 1331, "lon": 80.203022278428904, "lat": 13.08699245418612 }, "geometry": { "type": "Polygon", "coordinates": [ [ [ 80.205327594882334, 13.084746676248642 ], [ 80.205327594882334, 13.089238232123597 ], [ 80.200716961975473, 13.089238232123597 ], [ 80.200716961975473, 13.084746676248642 ], [ 80.205327594882334, 13.084746676248642 ] ] ] } },
{ "type": "Feature", "properties": { "cell_id": 1332, "lon": 80.207632911335764, "lat": 13.08699245418612 }, "geometry": { "type": "Polygon", "coordinates": [ [ [ 80.209938227789195, 13.084746676248642 ], [ 80.209938227789195, 13.089238232123597 ], [ 80.205327594882334, 13.089238232123597 ], [ 80.205327594882334, 13.084746676248642 ], [ 80.209938227789195, 13.084746676248642 ] ] ] } },
{ "type": "Feature", "properties": { "cell_id": 1333, "lon": 80.212243544242625, "lat": 13.08699245418612 }, "geometry": { "type": "Polygon", "coordinates": [ [ [ 80.214548860696055, 13.084746676248642 ], [ 80.214548860696055, 13.089238232123597 ], [ 80.209938227789195, 13.089238232123597 ], [ 80.209938227789195, 13.084746676248642 ], [ 80.214548860696055, 13.084746676248642 ] ] ] } },
{ "type": "Feature", "properties": { "cell_id": 1334, "lon": 80.216854177149486, "lat": 13.08699245418612 }, "geometry": { "type": "Polygon", "coordinates": [ [ [ 80.219159493602916, 13.084746676248642 ], [ 80.219159493602916, 13.089238232123597 ], [ 80.214548860696055, 13.089238232123597 ], [ 80.214548860696055, 13.084746676248642 ], [ 80.219159493602916, 13.084746676248642 ] ] ] } },
{ "type": "Feature", "properties": { "cell_id": 1335, "lon": 80.221464810056347, "lat": 13.08699245418612 }, "geometry": { "type": "Polygon", "coordinates": [ [ [ 80.223770126509777, 13.084746676248642 ], [ 80.223770126509777, 13.089238232123597 ], [ 80.219159493602916, 13.089238232123597 ], [ 80.219159493602916, 13.084746676248642 ], [ 80.223770126509777, 13.084746676248642 ] ] ] } },
{ "type": "Feature", "properties": { "cell_id": 1336, "lon": 80.226075442963207, "lat": 13.08699245418612 }, "geometry": { "type": "Polygon", "coordinates": [ [ [ 80.228380759416638, 13.084746676248642 ], [ 80.228380759416638, 13.089238232123597 ], [ 80.223770126509777, 13.089238232123597 ], [ 80.223770126509777, 13.084746676248642 ], [ 80.228380759416638, 13.084746676248642 ] ] ] } },
{ "type": "Feature", "properties": { "cell_id": 1337, "lon": 80.230686075870068, "lat": 13.08699245418612 }, "geometry": { "type": "Polygon", "coordinates": [ [ [ 80.232991392323498, 13.084746676248642 ], [ 80.232991392323498, 13.089238232123597 ], [ 80.228380759416638, 13.089238232123597 ], [ 80.228380759416638, 13.084746676248642 ], [ 80.232991392323498, 13.084746676248642 ] ] ] } },
{ "type": "Feature", "properties": { "cell_id": 1338, "lon": 80.235296708776929, "lat": 13.08699245418612 }, "geometry": { "type": "Polygon", "coordinates": [ [ [ 80.237602025230359, 13.084746676248642 ], [ 80.237602025230359, 13.089238232123597 ], [ 80.232991392323498, 13.089238232123597 ], [ 80.232991392323498, 13.084746676248642 ], [ 80.237602025230359, 13.084746676248642 ] ] ] } },
{ "type": "Feature", "properties": { "cell_id": 1339, "lon": 80.239907341683789, "lat": 13.08699245418612 }, "geometry": { "type": "Polygon", "coordinates": [ [ [ 80.24221265813722, 13.084746676248642 ], [ 80.24221265813722, 13.089238232123597 ], [ 80.237602025230359, 13.089238232123597 ], [ 80.237602025230359, 13.084746676248642 ], [ 80.24221265813722, 13.084746676248642 ] ] ] } },
{ "type": "Feature", "properties": { "cell_id": 1340, "lon": 80.24451797459065, "lat": 13.08699245418612 }, "geometry": { "type": "Polygon", "coordinates": [ [ [ 80.24682329104408, 13.084746676248642 ], [ 80.24682329104408, 13.089238232123597 ], [ 80.24221265813722, 13.089238232123597 ], [ 80.24221265813722, 13.084746676248642 ], [ 80.24682329104408, 13.084746676248642 ] ] ] } },
{ "type": "Feature", "properties": { "cell_id": 1341, "lon": 80.249128607497511, "lat": 13.08699245418612 }, "geometry": { "type": "Polygon", "coordinates": [ [ [ 80.251433923950941, 13.084746676248642 ], [ 80.251433923950941, 13.089238232123597 ], [ 80.24682329104408, 13.089238232123597 ], [ 80.24682329104408, 13.084746676248642 ], [ 80.251433923950941, 13.084746676248642 ] ] ] } },
{ "type": "Feature", "properties": { "cell_id": 1342, "lon": 80.253739240404371, "lat": 13.08699245418612 }, "geometry": { "type": "Polygon", "coordinates": [ [ [ 80.256044556857802, 13.084746676248642 ], [ 80.256044556857802, 13.089238232123597 ], [ 80.251433923950941, 13.089238232123597 ], [ 80.251433923950941, 13.084746676248642 ], [ 80.256044556857802, 13.084746676248642 ] ] ] } },
{ "type": "Feature", "properties": { "cell_id": 1343, "lon": 80.258349873311232, "lat": 13.08699245418612 }, "geometry": { "type": "Polygon", "coordinates": [ [ [ 80.260655189764663, 13.084746676248642 ], [ 80.260655189764663, 13.089238232123597 ], [ 80.256044556857802, 13.089238232123597 ], [ 80.256044556857802, 13.084746676248642 ], [ 80.260655189764663, 13.084746676248642 ] ] ] } },
{ "type": "Feature", "properties": { "cell_id": 1344, "lon": 80.262960506218093, "lat": 13.08699245418612 }, "geometry": { "type": "Polygon", "coordinates": [ [ [ 80.265265822671523, 13.084746676248642 ], [ 80.265265822671523, 13.089238232123597 ], [ 80.260655189764663, 13.089238232123597 ], [ 80.260655189764663, 13.084746676248642 ], [ 80.265265822671523, 13.084746676248642 ] ] ] } },
{ "type": "Feature", "properties": { "cell_id": 1345, "lon": 80.267571139124954, "lat": 13.08699245418612 }, "geometry": { "type": "Polygon", "coordinates": [ [ [ 80.269876455578384, 13.084746676248642 ], [ 80.269876455578384, 13.089238232123597 ], [ 80.265265822671523, 13.089238232123597 ], [ 80.265265822671523, 13.084746676248642 ], [ 80.269876455578384, 13.084746676248642 ] ] ] } },
{ "type": "Feature", "properties": { "cell_id": 1346, "lon": 80.272181772031814, "lat": 13.08699245418612 }, "geometry": { "type": "Polygon", "coordinates": [ [ [ 80.274487088485245, 13.084746676248642 ], [ 80.274487088485245, 13.089238232123597 ], [ 80.269876455578384, 13.089238232123597 ], [ 80.269876455578384, 13.084746676248642 ], [ 80.274487088485245, 13.084746676248642 ] ] ] } },
{ "type": "Feature", "properties": { "cell_id": 1347, "lon": 80.276792404938675, "lat": 13.08699245418612 }, "geometry": { "type": "Polygon", "coordinates": [ [ [ 80.279097721392105, 13.084746676248642 ], [ 80.279097721392105, 13.089238232123597 ], [ 80.274487088485245, 13.089238232123597 ], [ 80.274487088485245, 13.084746676248642 ], [ 80.279097721392105, 13.084746676248642 ] ] ] } },
{ "type": "Feature", "properties": { "cell_id": 1348, "lon": 80.281403037845536, "lat": 13.08699245418612 }, "geometry": { "type": "Polygon", "coordinates": [ [ [ 80.283708354298966, 13.084746676248642 ], [ 80.283708354298966, 13.089238232123597 ], [ 80.279097721392105, 13.089238232123597 ], [ 80.279097721392105, 13.084746676248642 ], [ 80.283708354298966, 13.084746676248642 ] ] ] } },
{ "type": "Feature", "properties": { "cell_id": 1349, "lon": 80.286013670752396, "lat": 13.08699245418612 }, "geometry": { "type": "Polygon", "coordinates": [ [ [ 80.288318987205827, 13.084746676248642 ], [ 80.288318987205827, 13.089238232123597 ], [ 80.283708354298966, 13.089238232123597 ], [ 80.283708354298966, 13.084746676248642 ], [ 80.288318987205827, 13.084746676248642 ] ] ] } },
{ "type": "Feature", "properties": { "cell_id": 1350, "lon": 80.290624303659257, "lat": 13.08699245418612 }, "geometry": { "type": "Polygon", "coordinates": [ [ [ 80.292929620112687, 13.084746676248642 ], [ 80.292929620112687, 13.089238232123597 ], [ 80.288318987205827, 13.089238232123597 ], [ 80.288318987205827, 13.084746676248642 ], [ 80.292929620112687, 13.084746676248642 ] ] ] } },
{ "type": "Feature", "properties": { "cell_id": 1351, "lon": 80.295234936566118, "lat": 13.08699245418612 }, "geometry": { "type": "Polygon", "coordinates": [ [ [ 80.297540253019548, 13.084746676248642 ], [ 80.297540253019548, 13.089238232123597 ], [ 80.292929620112687, 13.089238232123597 ], [ 80.292929620112687, 13.084746676248642 ], [ 80.297540253019548, 13.084746676248642 ] ] ] } },
{ "type": "Feature", "properties": { "cell_id": 1352, "lon": 80.299845569472978, "lat": 13.08699245418612 }, "geometry": { "type": "Polygon", "coordinates": [ [ [ 80.302150885926409, 13.084746676248642 ], [ 80.302150885926409, 13.089238232123597 ], [ 80.297540253019548, 13.089238232123597 ], [ 80.297540253019548, 13.084746676248642 ], [ 80.302150885926409, 13.084746676248642 ] ] ] } },
{ "type": "Feature", "properties": { "cell_id": 1364, "lon": 80.152305316453436, "lat": 13.091484010061075 }, "geometry": { "type": "Polygon", "coordinates": [ [ [ 80.154610632906866, 13.089238232123597 ], [ 80.154610632906866, 13.093729787998551 ], [ 80.15, 13.093729787998551 ], [ 80.15, 13.089238232123597 ], [ 80.154610632906866, 13.089238232123597 ] ] ] } },
{ "type": "Feature", "properties": { "cell_id": 1365, "lon": 80.156915949360297, "lat": 13.091484010061075 }, "geometry": { "type": "Polygon", "coordinates": [ [ [ 80.159221265813727, 13.089238232123597 ], [ 80.159221265813727, 13.093729787998551 ], [ 80.154610632906866, 13.093729787998551 ], [ 80.154610632906866, 13.089238232123597 ], [ 80.159221265813727, 13.089238232123597 ] ] ] } },
{ "type": "Feature", "properties": { "cell_id": 1366, "lon": 80.161526582267157, "lat": 13.091484010061075 }, "geometry": { "type": "Polygon", "coordinates": [ [ [ 80.163831898720588, 13.089238232123597 ], [ 80.163831898720588, 13.093729787998551 ], [ 80.159221265813727, 13.093729787998551 ], [ 80.159221265813727, 13.089238232123597 ], [ 80.163831898720588, 13.089238232123597 ] ] ] } },
{ "type": "Feature", "properties": { "cell_id": 1367, "lon": 80.166137215174018, "lat": 13.091484010061075 }, "geometry": { "type": "Polygon", "coordinates": [ [ [ 80.168442531627448, 13.089238232123597 ], [ 80.168442531627448, 13.093729787998551 ], [ 80.163831898720588, 13.093729787998551 ], [ 80.163831898720588, 13.089238232123597 ], [ 80.168442531627448, 13.089238232123597 ] ] ] } },
{ "type": "Feature", "properties": { "cell_id": 1368, "lon": 80.170747848080879, "lat": 13.091484010061075 }, "geometry": { "type": "Polygon", "coordinates": [ [ [ 80.173053164534309, 13.089238232123597 ], [ 80.173053164534309, 13.093729787998551 ], [ 80.168442531627448, 13.093729787998551 ], [ 80.168442531627448, 13.089238232123597 ], [ 80.173053164534309, 13.089238232123597 ] ] ] } },
{ "type": "Feature", "properties": { "cell_id": 1369, "lon": 80.17535848098774, "lat": 13.091484010061075 }, "geometry": { "type": "Polygon", "coordinates": [ [ [ 80.17766379744117, 13.089238232123597 ], [ 80.17766379744117, 13.093729787998551 ], [ 80.173053164534309, 13.093729787998551 ], [ 80.173053164534309, 13.089238232123597 ], [ 80.17766379744117, 13.089238232123597 ] ] ] } },
{ "type": "Feature", "properties": { "cell_id": 1370, "lon": 80.1799691138946, "lat": 13.091484010061075 }, "geometry": { "type": "Polygon", "coordinates": [ [ [ 80.182274430348031, 13.089238232123597 ], [ 80.182274430348031, 13.093729787998551 ], [ 80.17766379744117, 13.093729787998551 ], [ 80.17766379744117, 13.089238232123597 ], [ 80.182274430348031, 13.089238232123597 ] ] ] } },
{ "type": "Feature", "properties": { "cell_id": 1371, "lon": 80.184579746801461, "lat": 13.091484010061075 }, "geometry": { "type": "Polygon", "coordinates": [ [ [ 80.186885063254891, 13.089238232123597 ], [ 80.186885063254891, 13.093729787998551 ], [ 80.182274430348031, 13.093729787998551 ], [ 80.182274430348031, 13.089238232123597 ], [ 80.186885063254891, 13.089238232123597 ] ] ] } },
{ "type": "Feature", "properties": { "cell_id": 1372, "lon": 80.189190379708322, "lat": 13.091484010061075 }, "geometry": { "type": "Polygon", "coordinates": [ [ [ 80.191495696161752, 13.089238232123597 ], [ 80.191495696161752, 13.093729787998551 ], [ 80.186885063254891, 13.093729787998551 ], [ 80.186885063254891, 13.089238232123597 ], [ 80.191495696161752, 13.089238232123597 ] ] ] } },
{ "type": "Feature", "properties": { "cell_id": 1373, "lon": 80.193801012615182, "lat": 13.091484010061075 }, "geometry": { "type": "Polygon", "coordinates": [ [ [ 80.196106329068613, 13.089238232123597 ], [ 80.196106329068613, 13.093729787998551 ], [ 80.191495696161752, 13.093729787998551 ], [ 80.191495696161752, 13.089238232123597 ], [ 80.196106329068613, 13.089238232123597 ] ] ] } },
{ "type": "Feature", "properties": { "cell_id": 1374, "lon": 80.198411645522043, "lat": 13.091484010061075 }, "geometry": { "type": "Polygon", "coordinates": [ [ [ 80.200716961975473, 13.089238232123597 ], [ 80.200716961975473, 13.093729787998551 ], [ 80.196106329068613, 13.093729787998551 ], [ 80.196106329068613, 13.089238232123597 ], [ 80.200716961975473, 13.089238232123597 ] ] ] } },
{ "type": "Feature", "properties": { "cell_id": 1375, "lon": 80.203022278428904, "lat": 13.091484010061075 }, "geometry": { "type": "Polygon", "coordinates": [ [ [ 80.205327594882334, 13.089238232123597 ], [ 80.205327594882334, 13.093729787998551 ], [ 80.200716961975473, 13.093729787998551 ], [ 80.200716961975473, 13.089238232123597 ], [ 80.205327594882334, 13.089238232123597 ] ] ] } },
{ "type": "Feature", "properties": { "cell_id": 1376, "lon": 80.207632911335764, "lat": 13.091484010061075 }, "geometry": { "type": "Polygon", "coordinates": [ [ [ 80.209938227789195, 13.089238232123597 ], [ 80.209938227789195, 13.093729787998551 ], [ 80.205327594882334, 13.093729787998551 ], [ 80.205327594882334, 13.089238232123597 ], [ 80.209938227789195, 13.089238232123597 ] ] ] } },
{ "type": "Feature", "properties": { "cell_id": 1377, "lon": 80.212243544242625, "lat": 13.091484010061075 }, "geometry": { "type": "Polygon", "coordinates": [ [ [ 80.214548860696055, 13.089238232123597 ], [ 80.214548860696055, 13.093729787998551 ], [ 80.209938227789195, 13.093729787998551 ], [ 80.209938227789195, 13.089238232123597 ], [ 80.214548860696055, 13.089238232123597 ] ] ] } },
{ "type": "Feature", "properties": { "cell_id": 1378, "lon": 80.216854177149486, "lat": 13.091484010061075 }, "geometry": { "type": "Polygon", "coordinates": [ [ [ 80.219159493602916, 13.089238232123597 ], [ 80.219159493602916, 13.093729787998551 ], [ 80.214548860696055, 13.093729787998551 ], [ 80.214548860696055, 13.089238232123597 ], [ 80.219159493602916, 13.089238232123597 ] ] ] } },
{ "type": "Feature", "properties": { "cell_id": 1379, "lon": 80.221464810056347, "lat": 13.091484010061075 }, "geometry": { "type": "Polygon", "coordinates": [ [ [ 80.223770126509777, 13.089238232123597 ], [ 80.223770126509777, 13.093729787998551 ], [ 80.219159493602916, 13.093729787998551 ], [ 80.219159493602916, 13.089238232123597 ], [ 80.223770126509777, 13.089238232123597 ] ] ] } },
{ "type": "Feature", "properties": { "cell_id": 1380, "lon": 80.226075442963207, "lat": 13.091484010061075 }, "geometry": { "type": "Polygon", "coordinates": [ [ [ 80.228380759416638, 13.089238232123597 ], [ 80.228380759416638, 13.093729787998551 ], [ 80.223770126509777, 13.093729787998551 ], [ 80.223770126509777, 13.089238232123597 ], [ 80.228380759416638, 13.089238232123597 ] ] ] } },
{ "type": "Feature", "properties": { "cell_id": 1381, "lon": 80.230686075870068, "lat": 13.091484010061075 }, "geometry": { "type": "Polygon", "coordinates": [ [ [ 80.232991392323498, 13.089238232123597 ], [ 80.232991392323498, 13.093729787998551 ], [ 80.228380759416638, 13.093729787998551 ], [ 80.228380759416638, 13.089238232123597 ], [ 80.232991392323498, 13.089238232123597 ] ] ] } },
{ "type": "Feature", "properties": { "cell_id": 1382, "lon": 80.235296708776929, "lat": 13.091484010061075 }, "geometry": { "type": "Polygon", "coordinates": [ [ [ 80.237602025230359, 13.089238232123597 ], [ 80.237602025230359, 13.093729787998551 ], [ 80.232991392323498, 13.093729787998551 ], [ 80.232991392323498, 13.089238232123597 ], [ 80.237602025230359, 13.089238232123597 ] ] ] } },
{ "type": "Feature", "properties": { "cell_id": 1383, "lon": 80.239907341683789, "lat": 13.091484010061075 }, "geometry": { "type": "Polygon", "coordinates": [ [ [ 80.24221265813722, 13.089238232123597 ], [ 80.24221265813722, 13.093729787998551 ], [ 80.237602025230359, 13.093729787998551 ], [ 80.237602025230359, 13.089238232123597 ], [ 80.24221265813722, 13.089238232123597 ] ] ] } },
{ "type": "Feature", "properties": { "cell_id": 1384, "lon": 80.24451797459065, "lat": 13.091484010061075 }, "geometry": { "type": "Polygon", "coordinates": [ [ [ 80.24682329104408, 13.089238232123597 ], [ 80.24682329104408, 13.093729787998551 ], [ 80.24221265813722, 13.093729787998551 ], [ 80.24221265813722, 13.089238232123597 ], [ 80.24682329104408, 13.089238232123597 ] ] ] } },
{ "type": "Feature", "properties": { "cell_id": 1385, "lon": 80.249128607497511, "lat": 13.091484010061075 }, "geometry": { "type": "Polygon", "coordinates": [ [ [ 80.251433923950941, 13.089238232123597 ], [ 80.251433923950941, 13.093729787998551 ], [ 80.24682329104408, 13.093729787998551 ], [ 80.24682329104408, 13.089238232123597 ], [ 80.251433923950941, 13.089238232123597 ] ] ] } },
{ "type": "Feature", "properties": { "cell_id": 1386, "lon": 80.253739240404371, "lat": 13.091484010061075 }, "geometry": { "type": "Polygon", "coordinates": [ [ [ 80.256044556857802, 13.089238232123597 ], [ 80.256044556857802, 13.093729787998551 ], [ 80.251433923950941, 13.093729787998551 ], [ 80.251433923950941, 13.089238232123597 ], [ 80.256044556857802, 13.089238232123597 ] ] ] } },
{ "type": "Feature", "properties": { "cell_id": 1387, "lon": 80.258349873311232, "lat": 13.091484010061075 }, "geometry": { "type": "Polygon", "coordinates": [ [ [ 80.260655189764663, 13.089238232123597 ], [ 80.260655189764663, 13.093729787998551 ], [ 80.256044556857802, 13.093729787998551 ], [ 80.256044556857802, 13.089238232123597 ], [ 80.260655189764663, 13.089238232123597 ] ] ] } },
{ "type": "Feature", "properties": { "cell_id": 1388, "lon": 80.262960506218093, "lat": 13.091484010061075 }, "geometry": { "type": "Polygon", "coordinates": [ [ [ 80.265265822671523, 13.089238232123597 ], [ 80.265265822671523, 13.093729787998551 ], [ 80.260655189764663, 13.093729787998551 ], [ 80.260655189764663, 13.089238232123597 ], [ 80.265265822671523, 13.089238232123597 ] ] ] } },
{ "type": "Feature", "properties": { "cell_id": 1389, "lon": 80.267571139124954, "lat": 13.091484010061075 }, "geometry": { "type": "Polygon", "coordinates": [ [ [ 80.269876455578384, 13.089238232123597 ], [ 80.269876455578384, 13.093729787998551 ], [ 80.265265822671523, 13.093729787998551 ], [ 80.265265822671523, 13.089238232123597 ], [ 80.269876455578384, 13.089238232123597 ] ] ] } },
{ "type": "Feature", "properties": { "cell_id": 1390, "lon": 80.272181772031814, "lat": 13.091484010061075 }, "geometry": { "type": "Polygon", "coordinates": [ [ [ 80.274487088485245, 13.089238232123597 ], [ 80.274487088485245, 13.093729787998551 ], [ 80.269876455578384, 13.093729787998551 ], [ 80.269876455578384, 13.089238232123597 ], [ 80.274487088485245, 13.089238232123597 ] ] ] } },
{ "type": "Feature", "properties": { "cell_id": 1391, "lon": 80.276792404938675, "lat": 13.091484010061075 }, "geometry": { "type": "Polygon", "coordinates": [ [ [ 80.279097721392105, 13.089238232123597 ], [ 80.279097721392105, 13.093729787998551 ], [ 80.274487088485245, 13.093729787998551 ], [ 80.274487088485245, 13.089238232123597 ], [ 80.279097721392105, 13.089238232123597 ] ] ] } },
{ "type": "Feature", "properties": { "cell_id": 1392, "lon": 80.281403037845536, "lat": 13.091484010061075 }, "geometry": { "type": "Polygon", "coordinates": [ [ [ 80.283708354298966, 13.089238232123597 ], [ 80.283708354298966, 13.093729787998551 ], [ 80.279097721392105, 13.093729787998551 ], [ 80.279097721392105, 13.089238232123597 ], [ 80.283708354298966, 13.089238232123597 ] ] ] } },
{ "type": "Feature", "properties": { "cell_id": 1393, "lon": 80.286013670752396, "lat": 13.091484010061075 }, "geometry": { "type": "Polygon", "coordinates": [ [ [ 80.288318987205827, 13.089238232123597 ], [ 80.288318987205827, 13.093729787998551 ], [ 80.283708354298966, 13.093729787998551 ], [ 80.283708354298966, 13.089238232123597 ], [ 80.288318987205827, 13.089238232123597 ] ] ] } },
{ "type": "Feature", "properties": { "cell_id": 1394, "lon": 80.290624303659257, "lat": 13.091484010061075 }, "geometry": { "type": "Polygon", "coordinates": [ [ [ 80.292929620112687, 13.089238232123597 ], [ 80.292929620112687, 13.093729787998551 ], [ 80.288318987205827, 13.093729787998551 ], [ 80.288318987205827, 13.089238232123597 ], [ 80.292929620112687, 13.089238232123597 ] ] ] } },
{ "type": "Feature", "properties": { "cell_id": 1395, "lon": 80.295234936566118, "lat": 13.091484010061075 }, "geometry": { "type": "Polygon", "coordinates": [ [ [ 80.297540253019548, 13.089238232123597 ], [ 80.297540253019548, 13.093729787998551 ], [ 80.292929620112687, 13.093729787998551 ], [ 80.292929620112687, 13.089238232123597 ], [ 80.297540253019548, 13.089238232123597 ] ] ] } },
{ "type": "Feature", "properties": { "cell_id": 1396, "lon": 80.299845569472978, "lat": 13.091484010061075 }, "geometry": { "type": "Polygon", "coordinates": [ [ [ 80.302150885926409, 13.089238232123597 ], [ 80.302150885926409, 13.093729787998551 ], [ 80.297540253019548, 13.093729787998551 ], [ 80.297540253019548, 13.089238232123597 ], [ 80.302150885926409, 13.089238232123597 ] ] ] } },
{ "type": "Feature", "properties": { "cell_id": 1408, "lon": 80.152305316453436, "lat": 13.09597556593603 }, "geometry": { "type": "Polygon", "coordinates": [ [ [ 80.154610632906866, 13.093729787998551 ], [ 80.154610632906866, 13.098221343873506 ], [ 80.15, 13.098221343873506 ], [ 80.15, 13.093729787998551 ], [ 80.154610632906866, 13.093729787998551 ] ] ] } },
{ "type": "Feature", "properties": { "cell_id": 1409, "lon": 80.156915949360297, "lat": 13.09597556593603 }, "geometry": { "type": "Polygon", "coordinates": [ [ [ 80.159221265813727, 13.093729787998551 ], [ 80.159221265813727, 13.098221343873506 ], [ 80.154610632906866, 13.098221343873506 ], [ 80.154610632906866, 13.093729787998551 ], [ 80.159221265813727, 13.093729787998551 ] ] ] } },
{ "type": "Feature", "properties": { "cell_id": 1410, "lon": 80.161526582267157, "lat": 13.09597556593603 }, "geometry": { "type": "Polygon", "coordinates": [ [ [ 80.163831898720588, 13.093729787998551 ], [ 80.163831898720588, 13.098221343873506 ], [ 80.159221265813727, 13.098221343873506 ], [ 80.159221265813727, 13.093729787998551 ], [ 80.163831898720588, 13.093729787998551 ] ] ] } },
{ "type": "Feature", "properties": { "cell_id": 1411, "lon": 80.166137215174018, "lat": 13.09597556593603 }, "geometry": { "type": "Polygon", "coordinates": [ [ [ 80.168442531627448, 13.093729787998551 ], [ 80.168442531627448, 13.098221343873506 ], [ 80.163831898720588, 13.098221343873506 ], [ 80.163831898720588, 13.093729787998551 ], [ 80.168442531627448, 13.093729787998551 ] ] ] } },
{ "type": "Feature", "properties": { "cell_id": 1412, "lon": 80.170747848080879, "lat": 13.09597556593603 }, "geometry": { "type": "Polygon", "coordinates": [ [ [ 80.173053164534309, 13.093729787998551 ], [ 80.173053164534309, 13.098221343873506 ], [ 80.168442531627448, 13.098221343873506 ], [ 80.168442531627448, 13.093729787998551 ], [ 80.173053164534309, 13.093729787998551 ] ] ] } },
{ "type": "Feature", "properties": { "cell_id": 1413, "lon": 80.17535848098774, "lat": 13.09597556593603 }, "geometry": { "type": "Polygon", "coordinates": [ [ [ 80.17766379744117, 13.093729787998551 ], [ 80.17766379744117, 13.098221343873506 ], [ 80.173053164534309, 13.098221343873506 ], [ 80.173053164534309, 13.093729787998551 ], [ 80.17766379744117, 13.093729787998551 ] ] ] } },
{ "type": "Feature", "properties": { "cell_id": 1414, "lon": 80.1799691138946, "lat": 13.09597556593603 }, "geometry": { "type": "Polygon", "coordinates": [ [ [ 80.182274430348031, 13.093729787998551 ], [ 80.182274430348031, 13.098221343873506 ], [ 80.17766379744117, 13.098221343873506 ], [ 80.17766379744117, 13.093729787998551 ], [ 80.182274430348031, 13.093729787998551 ] ] ] } },
{ "type": "Feature", "properties": { "cell_id": 1415, "lon": 80.184579746801461, "lat": 13.09597556593603 }, "geometry": { "type": "Polygon", "coordinates": [ [ [ 80.186885063254891, 13.093729787998551 ], [ 80.186885063254891, 13.098221343873506 ], [ 80.182274430348031, 13.098221343873506 ], [ 80.182274430348031, 13.093729787998551 ], [ 80.186885063254891, 13.093729787998551 ] ] ] } },
{ "type": "Feature", "properties": { "cell_id": 1416, "lon": 80.189190379708322, "lat": 13.09597556593603 }, "geometry": { "type": "Polygon", "coordinates": [ [ [ 80.191495696161752, 13.093729787998551 ], [ 80.191495696161752, 13.098221343873506 ], [ 80.186885063254891, 13.098221343873506 ], [ 80.186885063254891, 13.093729787998551 ], [ 80.191495696161752, 13.093729787998551 ] ] ] } },
{ "type": "Feature", "properties": { "cell_id": 1417, "lon": 80.193801012615182, "lat": 13.09597556593603 }, "geometry": { "type": "Polygon", "coordinates": [ [ [ 80.196106329068613, 13.093729787998551 ], [ 80.196106329068613, 13.098221343873506 ], [ 80.191495696161752, 13.098221343873506 ], [ 80.191495696161752, 13.093729787998551 ], [ 80.196106329068613, 13.093729787998551 ] ] ] } },
{ "type": "Feature", "properties": { "cell_id": 1418, "lon": 80.198411645522043, "lat": 13.09597556593603 }, "geometry": { "type": "Polygon", "coordinates": [ [ [ 80.200716961975473, 13.093729787998551 ], [ 80.200716961975473, 13.098221343873506 ], [ 80.196106329068613, 13.098221343873506 ], [ 80.196106329068613, 13.093729787998551 ], [ 80.200716961975473, 13.093729787998551 ] ] ] } },
{ "type": "Feature", "properties": { "cell_id": 1419, "lon": 80.203022278428904, "lat": 13.09597556593603 }, "geometry": { "type": "Polygon", "coordinates": [ [ [ 80.205327594882334, 13.093729787998551 ], [ 80.205327594882334, 13.098221343873506 ], [ 80.200716961975473, 13.098221343873506 ], [ 80.200716961975473, 13.093729787998551 ], [ 80.205327594882334, 13.093729787998551 ] ] ] } },
{ "type": "Feature", "properties": { "cell_id": 1420, "lon": 80.207632911335764, "lat": 13.09597556593603 }, "geometry": { "type": "Polygon", "coordinates": [ [ [ 80.209938227789195, 13.093729787998551 ], [ 80.209938227789195, 13.098221343873506 ], [ 80.205327594882334, 13.098221343873506 ], [ 80.205327594882334, 13.093729787998551 ], [ 80.209938227789195, 13.093729787998551 ] ] ] } },
{ "type": "Feature", "properties": { "cell_id": 1421, "lon": 80.212243544242625, "lat": 13.09597556593603 }, "geometry": { "type": "Polygon", "coordinates": [ [ [ 80.214548860696055, 13.093729787998551 ], [ 80.214548860696055, 13.098221343873506 ], [ 80.209938227789195, 13.098221343873506 ], [ 80.209938227789195, 13.093729787998551 ], [ 80.214548860696055, 13.093729787998551 ] ] ] } },
{ "type": "Feature", "properties": { "cell_id": 1422, "lon": 80.216854177149486, "lat": 13.09597556593603 }, "geometry": { "type": "Polygon", "coordinates": [ [ [ 80.219159493602916, 13.093729787998551 ], [ 80.219159493602916, 13.098221343873506 ], [ 80.214548860696055, 13.098221343873506 ], [ 80.214548860696055, 13.093729787998551 ], [ 80.219159493602916, 13.093729787998551 ] ] ] } },
{ "type": "Feature", "properties": { "cell_id": 1423, "lon": 80.221464810056347, "lat": 13.09597556593603 }, "geometry": { "type": "Polygon", "coordinates": [ [ [ 80.223770126509777, 13.093729787998551 ], [ 80.223770126509777, 13.098221343873506 ], [ 80.219159493602916, 13.098221343873506 ], [ 80.219159493602916, 13.093729787998551 ], [ 80.223770126509777, 13.093729787998551 ] ] ] } },
{ "type": "Feature", "properties": { "cell_id": 1424, "lon": 80.226075442963207, "lat": 13.09597556593603 }, "geometry": { "type": "Polygon", "coordinates": [ [ [ 80.228380759416638, 13.093729787998551 ], [ 80.228380759416638, 13.098221343873506 ], [ 80.223770126509777, 13.098221343873506 ], [ 80.223770126509777, 13.093729787998551 ], [ 80.228380759416638, 13.093729787998551 ] ] ] } },
{ "type": "Feature", "properties": { "cell_id": 1425, "lon": 80.230686075870068, "lat": 13.09597556593603 }, "geometry": { "type": "Polygon", "coordinates": [ [ [ 80.232991392323498, 13.093729787998551 ], [ 80.232991392323498, 13.098221343873506 ], [ 80.228380759416638, 13.098221343873506 ], [ 80.228380759416638, 13.093729787998551 ], [ 80.232991392323498, 13.093729787998551 ] ] ] } },
{ "type": "Feature", "properties": { "cell_id": 1426, "lon": 80.235296708776929, "lat": 13.09597556593603 }, "geometry": { "type": "Polygon", "coordinates": [ [ [ 80.237602025230359, 13.093729787998551 ], [ 80.237602025230359, 13.098221343873506 ], [ 80.232991392323498, 13.098221343873506 ], [ 80.232991392323498, 13.093729787998551 ], [ 80.237602025230359, 13.093729787998551 ] ] ] } },
{ "type": "Feature", "properties": { "cell_id": 1427, "lon": 80.239907341683789, "lat": 13.09597556593603 }, "geometry": { "type": "Polygon", "coordinates": [ [ [ 80.24221265813722, 13.093729787998551 ], [ 80.24221265813722, 13.098221343873506 ], [ 80.237602025230359, 13.098221343873506 ], [ 80.237602025230359, 13.093729787998551 ], [ 80.24221265813722, 13.093729787998551 ] ] ] } },
{ "type": "Feature", "properties": { "cell_id": 1428, "lon": 80.24451797459065, "lat": 13.09597556593603 }, "geometry": { "type": "Polygon", "coordinates": [ [ [ 80.24682329104408, 13.093729787998551 ], [ 80.24682329104408, 13.098221343873506 ], [ 80.24221265813722, 13.098221343873506 ], [ 80.24221265813722, 13.093729787998551 ], [ 80.24682329104408, 13.093729787998551 ] ] ] } },
{ "type": "Feature", "properties": { "cell_id": 1429, "lon": 80.249128607497511, "lat": 13.09597556593603 }, "geometry": { "type": "Polygon", "coordinates": [ [ [ 80.251433923950941, 13.093729787998551 ], [ 80.251433923950941, 13.098221343873506 ], [ 80.24682329104408, 13.098221343873506 ], [ 80.24682329104408, 13.093729787998551 ], [ 80.251433923950941, 13.093729787998551 ] ] ] } },
{ "type": "Feature", "properties": { "cell_id": 1430, "lon": 80.253739240404371, "lat": 13.09597556593603 }, "geometry": { "type": "Polygon", "coordinates": [ [ [ 80.256044556857802, 13.093729787998551 ], [ 80.256044556857802, 13.098221343873506 ], [ 80.251433923950941, 13.098221343873506 ], [ 80.251433923950941, 13.093729787998551 ], [ 80.256044556857802, 13.093729787998551 ] ] ] } },
{ "type": "Feature", "properties": { "cell_id": 1431, "lon": 80.258349873311232, "lat": 13.09597556593603 }, "geometry": { "type": "Polygon", "coordinates": [ [ [ 80.260655189764663, 13.093729787998551 ], [ 80.260655189764663, 13.098221343873506 ], [ 80.256044556857802, 13.098221343873506 ], [ 80.256044556857802, 13.093729787998551 ], [ 80.260655189764663, 13.093729787998551 ] ] ] } },
{ "type": "Feature", "properties": { "cell_id": 1432, "lon": 80.262960506218093, "lat": 13.09597556593603 }, "geometry": { "type": "Polygon", "coordinates": [ [ [ 80.265265822671523, 13.093729787998551 ], [ 80.265265822671523, 13.098221343873506 ], [ 80.260655189764663, 13.098221343873506 ], [ 80.260655189764663, 13.093729787998551 ], [ 80.265265822671523, 13.093729787998551 ] ] ] } },
{ "type": "Feature", "properties": { "cell_id": 1433, "lon": 80.267571139124954, "lat": 13.09597556593603 }, "geometry": { "type": "Polygon", "coordinates": [ [ [ 80.269876455578384, 13.093729787998551 ], [ 80.269876455578384, 13.098221343873506 ], [ 80.265265822671523, 13.098221343873506 ], [ 80.265265822671523, 13.093729787998551 ], [ 80.269876455578384, 13.093729787998551 ] ] ] } },
{ "type": "Feature", "properties": { "cell_id": 1434, "lon": 80.272181772031814, "lat": 13.09597556593603 }, "geometry": { "type": "Polygon", "coordinates": [ [ [ 80.274487088485245, 13.093729787998551 ], [ 80.274487088485245, 13.098221343873506 ], [ 80.269876455578384, 13.098221343873506 ], [ 80.269876455578384, 13.093729787998551 ], [ 80.274487088485245, 13.093729787998551 ] ] ] } },
{ "type": "Feature", "properties": { "cell_id": 1435, "lon": 80.276792404938675, "lat": 13.09597556593603 }, "geometry": { "type": "Polygon", "coordinates": [ [ [ 80.279097721392105, 13.093729787998551 ], [ 80.279097721392105, 13.098221343873506 ], [ 80.274487088485245, 13.098221343873506 ], [ 80.274487088485245, 13.093729787998551 ], [ 80.279097721392105, 13.093729787998551 ] ] ] } },
{ "type": "Feature", "properties": { "cell_id": 1436, "lon": 80.281403037845536, "lat": 13.09597556593603 }, "geometry": { "type": "Polygon", "coordinates": [ [ [ 80.283708354298966, 13.093729787998551 ], [ 80.283708354298966, 13.098221343873506 ], [ 80.279097721392105, 13.098221343873506 ], [ 80.279097721392105, 13.093729787998551 ], [ 80.283708354298966, 13.093729787998551 ] ] ] } },
{ "type": "Feature", "properties": { "cell_id": 1437, "lon": 80.286013670752396, "lat": 13.09597556593603 }, "geometry": { "type": "Polygon", "coordinates": [ [ [ 80.288318987205827, 13.093729787998551 ], [ 80.288318987205827, 13.098221343873506 ], [ 80.283708354298966, 13.098221343873506 ], [ 80.283708354298966, 13.093729787998551 ], [ 80.288318987205827, 13.093729787998551 ] ] ] } },
{ "type": "Feature", "properties": { "cell_id": 1438, "lon": 80.290624303659257, "lat": 13.09597556593603 }, "geometry": { "type": "Polygon", "coordinates": [ [ [ 80.292929620112687, 13.093729787998551 ], [ 80.292929620112687, 13.098221343873506 ], [ 80.288318987205827, 13.098221343873506 ], [ 80.288318987205827, 13.093729787998551 ], [ 80.292929620112687, 13.093729787998551 ] ] ] } },
{ "type": "Feature", "properties": { "cell_id": 1439, "lon": 80.295234936566118, "lat": 13.09597556593603 }, "geometry": { "type": "Polygon", "coordinates": [ [ [ 80.297540253019548, 13.093729787998551 ], [ 80.297540253019548, 13.098221343873506 ], [ 80.292929620112687, 13.098221343873506 ], [ 80.292929620112687, 13.093729787998551 ], [ 80.297540253019548, 13.093729787998551 ] ] ] } },
{ "type": "Feature", "properties": { "cell_id": 1440, "lon": 80.299845569472978, "lat": 13.09597556593603 }, "geometry": { "type": "Polygon", "coordinates": [ [ [ 80.302150885926409, 13.093729787998551 ], [ 80.302150885926409, 13.098221343873506 ], [ 80.297540253019548, 13.098221343873506 ], [ 80.297540253019548, 13.093729787998551 ], [ 80.302150885926409, 13.093729787998551 ] ] ] } },
{ "type": "Feature", "properties": { "cell_id": 1452, "lon": 80.152305316453436, "lat": 13.100467121810984 }, "geometry": { "type": "Polygon", "coordinates": [ [ [ 80.154610632906866, 13.098221343873506 ], [ 80.154610632906866, 13.102712899748461 ], [ 80.15, 13.102712899748461 ], [ 80.15, 13.098221343873506 ], [ 80.154610632906866, 13.098221343873506 ] ] ] } },
{ "type": "Feature", "properties": { "cell_id": 1453, "lon": 80.156915949360297, "lat": 13.100467121810984 }, "geometry": { "type": "Polygon", "coordinates": [ [ [ 80.159221265813727, 13.098221343873506 ], [ 80.159221265813727, 13.102712899748461 ], [ 80.154610632906866, 13.102712899748461 ], [ 80.154610632906866, 13.098221343873506 ], [ 80.159221265813727, 13.098221343873506 ] ] ] } },
{ "type": "Feature", "properties": { "cell_id": 1454, "lon": 80.161526582267157, "lat": 13.100467121810984 }, "geometry": { "type": "Polygon", "coordinates": [ [ [ 80.163831898720588, 13.098221343873506 ], [ 80.163831898720588, 13.102712899748461 ], [ 80.159221265813727, 13.102712899748461 ], [ 80.159221265813727, 13.098221343873506 ], [ 80.163831898720588, 13.098221343873506 ] ] ] } },
{ "type": "Feature", "properties": { "cell_id": 1455, "lon": 80.166137215174018, "lat": 13.100467121810984 }, "geometry": { "type": "Polygon", "coordinates": [ [ [ 80.168442531627448, 13.098221343873506 ], [ 80.168442531627448, 13.102712899748461 ], [ 80.163831898720588, 13.102712899748461 ], [ 80.163831898720588, 13.098221343873506 ], [ 80.168442531627448, 13.098221343873506 ] ] ] } },
{ "type": "Feature", "properties": { "cell_id": 1456, "lon": 80.170747848080879, "lat": 13.100467121810984 }, "geometry": { "type": "Polygon", "coordinates": [ [ [ 80.173053164534309, 13.098221343873506 ], [ 80.173053164534309, 13.102712899748461 ], [ 80.168442531627448, 13.102712899748461 ], [ 80.168442531627448, 13.098221343873506 ], [ 80.173053164534309, 13.098221343873506 ] ] ] } },
{ "type": "Feature", "properties": { "cell_id": 1457, "lon": 80.17535848098774, "lat": 13.100467121810984 }, "geometry": { "type": "Polygon", "coordinates": [ [ [ 80.17766379744117, 13.098221343873506 ], [ 80.17766379744117, 13.102712899748461 ], [ 80.173053164534309, 13.102712899748461 ], [ 80.173053164534309, 13.098221343873506 ], [ 80.17766379744117, 13.098221343873506 ] ] ] } },
{ "type": "Feature", "properties": { "cell_id": 1458, "lon": 80.1799691138946, "lat": 13.100467121810984 }, "geometry": { "type": "Polygon", "coordinates": [ [ [ 80.182274430348031, 13.098221343873506 ], [ 80.182274430348031, 13.102712899748461 ], [ 80.17766379744117, 13.102712899748461 ], [ 80.17766379744117, 13.098221343873506 ], [ 80.182274430348031, 13.098221343873506 ] ] ] } },
{ "type": "Feature", "properties": { "cell_id": 1459, "lon": 80.184579746801461, "lat": 13.100467121810984 }, "geometry": { "type": "Polygon", "coordinates": [ [ [ 80.186885063254891, 13.098221343873506 ], [ 80.186885063254891, 13.102712899748461 ], [ 80.182274430348031, 13.102712899748461 ], [ 80.182274430348031, 13.098221343873506 ], [ 80.186885063254891, 13.098221343873506 ] ] ] } },
{ "type": "Feature", "properties": { "cell_id": 1460, "lon": 80.189190379708322, "lat": 13.100467121810984 }, "geometry": { "type": "Polygon", "coordinates": [ [ [ 80.191495696161752, 13.098221343873506 ], [ 80.191495696161752, 13.102712899748461 ], [ 80.186885063254891, 13.102712899748461 ], [ 80.186885063254891, 13.098221343873506 ], [ 80.191495696161752, 13.098221343873506 ] ] ] } },
{ "type": "Feature", "properties": { "cell_id": 1461, "lon": 80.193801012615182, "lat": 13.100467121810984 }, "geometry": { "type": "Polygon", "coordinates": [ [ [ 80.196106329068613, 13.098221343873506 ], [ 80.196106329068613, 13.102712899748461 ], [ 80.191495696161752, 13.102712899748461 ], [ 80.191495696161752, 13.098221343873506 ], [ 80.196106329068613, 13.098221343873506 ] ] ] } },
{ "type": "Feature", "properties": { "cell_id": 1462, "lon": 80.198411645522043, "lat": 13.100467121810984 }, "geometry": { "type": "Polygon", "coordinates": [ [ [ 80.200716961975473, 13.098221343873506 ], [ 80.200716961975473, 13.102712899748461 ], [ 80.196106329068613, 13.102712899748461 ], [ 80.196106329068613, 13.098221343873506 ], [ 80.200716961975473, 13.098221343873506 ] ] ] } },
{ "type": "Feature", "properties": { "cell_id": 1463, "lon": 80.203022278428904, "lat": 13.100467121810984 }, "geometry": { "type": "Polygon", "coordinates": [ [ [ 80.205327594882334, 13.098221343873506 ], [ 80.205327594882334, 13.102712899748461 ], [ 80.200716961975473, 13.102712899748461 ], [ 80.200716961975473, 13.098221343873506 ], [ 80.205327594882334, 13.098221343873506 ] ] ] } },
{ "type": "Feature", "properties": { "cell_id": 1464, "lon": 80.207632911335764, "lat": 13.100467121810984 }, "geometry": { "type": "Polygon", "coordinates": [ [ [ 80.209938227789195, 13.098221343873506 ], [ 80.209938227789195, 13.102712899748461 ], [ 80.205327594882334, 13.102712899748461 ], [ 80.205327594882334, 13.098221343873506 ], [ 80.209938227789195, 13.098221343873506 ] ] ] } },
{ "type": "Feature", "properties": { "cell_id": 1465, "lon": 80.212243544242625, "lat": 13.100467121810984 }, "geometry": { "type": "Polygon", "coordinates": [ [ [ 80.214548860696055, 13.098221343873506 ], [ 80.214548860696055, 13.102712899748461 ], [ 80.209938227789195, 13.102712899748461 ], [ 80.209938227789195, 13.098221343873506 ], [ 80.214548860696055, 13.098221343873506 ] ] ] } },
{ "type": "Feature", "properties": { "cell_id": 1466, "lon": 80.216854177149486, "lat": 13.100467121810984 }, "geometry": { "type": "Polygon", "coordinates": [ [ [ 80.219159493602916, 13.098221343873506 ], [ 80.219159493602916, 13.102712899748461 ], [ 80.214548860696055, 13.102712899748461 ], [ 80.214548860696055, 13.098221343873506 ], [ 80.219159493602916, 13.098221343873506 ] ] ] } },
{ "type": "Feature", "properties": { "cell_id": 1467, "lon": 80.221464810056347, "lat": 13.100467121810984 }, "geometry": { "type": "Polygon", "coordinates": [ [ [ 80.223770126509777, 13.098221343873506 ], [ 80.223770126509777, 13.102712899748461 ], [ 80.219159493602916, 13.102712899748461 ], [ 80.219159493602916, 13.098221343873506 ], [ 80.223770126509777, 13.098221343873506 ] ] ] } },
{ "type": "Feature", "properties": { "cell_id": 1468, "lon": 80.226075442963207, "lat": 13.100467121810984 }, "geometry": { "type": "Polygon", "coordinates": [ [ [ 80.228380759416638, 13.098221343873506 ], [ 80.228380759416638, 13.102712899748461 ], [ 80.223770126509777, 13.102712899748461 ], [ 80.223770126509777, 13.098221343873506 ], [ 80.228380759416638, 13.098221343873506 ] ] ] } },
{ "type": "Feature", "properties": { "cell_id": 1469, "lon": 80.230686075870068, "lat": 13.100467121810984 }, "geometry": { "type": "Polygon", "coordinates": [ [ [ 80.232991392323498, 13.098221343873506 ], [ 80.232991392323498, 13.102712899748461 ], [ 80.228380759416638, 13.102712899748461 ], [ 80.228380759416638, 13.098221343873506 ], [ 80.232991392323498, 13.098221343873506 ] ] ] } },
{ "type": "Feature", "properties": { "cell_id": 1470, "lon": 80.235296708776929, "lat": 13.100467121810984 }, "geometry": { "type": "Polygon", "coordinates": [ [ [ 80.237602025230359, 13.098221343873506 ], [ 80.237602025230359, 13.102712899748461 ], [ 80.232991392323498, 13.102712899748461 ], [ 80.232991392323498, 13.098221343873506 ], [ 80.237602025230359, 13.098221343873506 ] ] ] } },
{ "type": "Feature", "properties": { "cell_id": 1471, "lon": 80.239907341683789, "lat": 13.100467121810984 }, "geometry": { "type": "Polygon", "coordinates": [ [ [ 80.24221265813722, 13.098221343873506 ], [ 80.24221265813722, 13.102712899748461 ], [ 80.237602025230359, 13.102712899748461 ], [ 80.237602025230359, 13.098221343873506 ], [ 80.24221265813722, 13.098221343873506 ] ] ] } },
{ "type": "Feature", "properties": { "cell_id": 1472, "lon": 80.24451797459065, "lat": 13.100467121810984 }, "geometry": { "type": "Polygon", "coordinates": [ [ [ 80.24682329104408, 13.098221343873506 ], [ 80.24682329104408, 13.102712899748461 ], [ 80.24221265813722, 13.102712899748461 ], [ 80.24221265813722, 13.098221343873506 ], [ 80.24682329104408, 13.098221343873506 ] ] ] } },
{ "type": "Feature", "properties": { "cell_id": 1473, "lon": 80.249128607497511, "lat": 13.100467121810984 }, "geometry": { "type": "Polygon", "coordinates": [ [ [ 80.251433923950941, 13.098221343873506 ], [ 80.251433923950941, 13.102712899748461 ], [ 80.24682329104408, 13.102712899748461 ], [ 80.24682329104408, 13.098221343873506 ], [ 80.251433923950941, 13.098221343873506 ] ] ] } },
{ "type": "Feature", "properties": { "cell_id": 1474, "lon": 80.253739240404371, "lat": 13.100467121810984 }, "geometry": { "type": "Polygon", "coordinates": [ [ [ 80.256044556857802, 13.098221343873506 ], [ 80.256044556857802, 13.102712899748461 ], [ 80.251433923950941, 13.102712899748461 ], [ 80.251433923950941, 13.098221343873506 ], [ 80.256044556857802, 13.098221343873506 ] ] ] } },
{ "type": "Feature", "properties": { "cell_id": 1475, "lon": 80.258349873311232, "lat": 13.100467121810984 }, "geometry": { "type": "Polygon", "coordinates": [ [ [ 80.260655189764663, 13.098221343873506 ], [ 80.260655189764663, 13.102712899748461 ], [ 80.256044556857802, 13.102712899748461 ], [ 80.256044556857802, 13.098221343873506 ], [ 80.260655189764663, 13.098221343873506 ] ] ] } },
{ "type": "Feature", "properties": { "cell_id": 1476, "lon": 80.262960506218093, "lat": 13.100467121810984 }, "geometry": { "type": "Polygon", "coordinates": [ [ [ 80.265265822671523, 13.098221343873506 ], [ 80.265265822671523, 13.102712899748461 ], [ 80.260655189764663, 13.102712899748461 ], [ 80.260655189764663, 13.098221343873506 ], [ 80.265265822671523, 13.098221343873506 ] ] ] } },
{ "type": "Feature", "properties": { "cell_id": 1477, "lon": 80.267571139124954, "lat": 13.100467121810984 }, "geometry": { "type": "Polygon", "coordinates": [ [ [ 80.269876455578384, 13.098221343873506 ], [ 80.269876455578384, 13.102712899748461 ], [ 80.265265822671523, 13.102712899748461 ], [ 80.265265822671523, 13.098221343873506 ], [ 80.269876455578384, 13.098221343873506 ] ] ] } },
{ "type": "Feature", "properties": { "cell_id": 1478, "lon": 80.272181772031814, "lat": 13.100467121810984 }, "geometry": { "type": "Polygon", "coordinates": [ [ [ 80.274487088485245, 13.098221343873506 ], [ 80.274487088485245, 13.102712899748461 ], [ 80.269876455578384, 13.102712899748461 ], [ 80.269876455578384, 13.098221343873506 ], [ 80.274487088485245, 13.098221343873506 ] ] ] } },
{ "type": "Feature", "properties": { "cell_id": 1479, "lon": 80.276792404938675, "lat": 13.100467121810984 }, "geometry": { "type": "Polygon", "coordinates": [ [ [ 80.279097721392105, 13.098221343873506 ], [ 80.279097721392105, 13.102712899748461 ], [ 80.274487088485245, 13.102712899748461 ], [ 80.274487088485245, 13.098221343873506 ], [ 80.279097721392105, 13.098221343873506 ] ] ] } },
{ "type": "Feature", "properties": { "cell_id": 1480, "lon": 80.281403037845536, "lat": 13.100467121810984 }, "geometry": { "type": "Polygon", "coordinates": [ [ [ 80.283708354298966, 13.098221343873506 ], [ 80.283708354298966, 13.102712899748461 ], [ 80.279097721392105, 13.102712899748461 ], [ 80.279097721392105, 13.098221343873506 ], [ 80.283708354298966, 13.098221343873506 ] ] ] } },
{ "type": "Feature", "properties": { "cell_id": 1481, "lon": 80.286013670752396, "lat": 13.100467121810984 }, "geometry": { "type": "Polygon", "coordinates": [ [ [ 80.288318987205827, 13.098221343873506 ], [ 80.288318987205827, 13.102712899748461 ], [ 80.283708354298966, 13.102712899748461 ], [ 80.283708354298966, 13.098221343873506 ], [ 80.288318987205827, 13.098221343873506 ] ] ] } },
{ "type": "Feature", "properties": { "cell_id": 1482, "lon": 80.290624303659257, "lat": 13.100467121810984 }, "geometry": { "type": "Polygon", "coordinates": [ [ [ 80.292929620112687, 13.098221343873506 ], [ 80.292929620112687, 13.102712899748461 ], [ 80.288318987205827, 13.102712899748461 ], [ 80.288318987205827, 13.098221343873506 ], [ 80.292929620112687, 13.098221343873506 ] ] ] } },
{ "type": "Feature", "properties": { "cell_id": 1483, "lon": 80.295234936566118, "lat": 13.100467121810984 }, "geometry": { "type": "Polygon", "coordinates": [ [ [ 80.297540253019548, 13.098221343873506 ], [ 80.297540253019548, 13.102712899748461 ], [ 80.292929620112687, 13.102712899748461 ], [ 80.292929620112687, 13.098221343873506 ], [ 80.297540253019548, 13.098221343873506 ] ] ] } },
{ "type": "Feature", "properties": { "cell_id": 1484, "lon": 80.299845569472978, "lat": 13.100467121810984 }, "geometry": { "type": "Polygon", "coordinates": [ [ [ 80.302150885926409, 13.098221343873506 ], [ 80.302150885926409, 13.102712899748461 ], [ 80.297540253019548, 13.102712899748461 ], [ 80.297540253019548, 13.098221343873506 ], [ 80.302150885926409, 13.098221343873506 ] ] ] } },
{ "type": "Feature", "properties": { "cell_id": 1496, "lon": 80.152305316453436, "lat": 13.104958677685939 }, "geometry": { "type": "Polygon", "coordinates": [ [ [ 80.154610632906866, 13.102712899748461 ], [ 80.154610632906866, 13.107204455623416 ], [ 80.15, 13.107204455623416 ], [ 80.15, 13.102712899748461 ], [ 80.154610632906866, 13.102712899748461 ] ] ] } },
{ "type": "Feature", "properties": { "cell_id": 1497, "lon": 80.156915949360297, "lat": 13.104958677685939 }, "geometry": { "type": "Polygon", "coordinates": [ [ [ 80.159221265813727, 13.102712899748461 ], [ 80.159221265813727, 13.107204455623416 ], [ 80.154610632906866, 13.107204455623416 ], [ 80.154610632906866, 13.102712899748461 ], [ 80.159221265813727, 13.102712899748461 ] ] ] } },
{ "type": "Feature", "properties": { "cell_id": 1498, "lon": 80.161526582267157, "lat": 13.104958677685939 }, "geometry": { "type": "Polygon", "coordinates": [ [ [ 80.163831898720588, 13.102712899748461 ], [ 80.163831898720588, 13.107204455623416 ], [ 80.159221265813727, 13.107204455623416 ], [ 80.159221265813727, 13.102712899748461 ], [ 80.163831898720588, 13.102712899748461 ] ] ] } },
{ "type": "Feature", "properties": { "cell_id": 1499, "lon": 80.166137215174018, "lat": 13.104958677685939 }, "geometry": { "type": "Polygon", "coordinates": [ [ [ 80.168442531627448, 13.102712899748461 ], [ 80.168442531627448, 13.107204455623416 ], [ 80.163831898720588, 13.107204455623416 ], [ 80.163831898720588, 13.102712899748461 ], [ 80.168442531627448, 13.102712899748461 ] ] ] } },
{ "type": "Feature", "properties": { "cell_id": 1500, "lon": 80.170747848080879, "lat": 13.104958677685939 }, "geometry": { "type": "Polygon", "coordinates": [ [ [ 80.173053164534309, 13.102712899748461 ], [ 80.173053164534309, 13.107204455623416 ], [ 80.168442531627448, 13.107204455623416 ], [ 80.168442531627448, 13.102712899748461 ], [ 80.173053164534309, 13.102712899748461 ] ] ] } },
{ "type": "Feature", "properties": { "cell_id": 1501, "lon": 80.17535848098774, "lat": 13.104958677685939 }, "geometry": { "type": "Polygon", "coordinates": [ [ [ 80.17766379744117, 13.102712899748461 ], [ 80.17766379744117, 13.107204455623416 ], [ 80.173053164534309, 13.107204455623416 ], [ 80.173053164534309, 13.102712899748461 ], [ 80.17766379744117, 13.102712899748461 ] ] ] } },
{ "type": "Feature", "properties": { "cell_id": 1502, "lon": 80.1799691138946, "lat": 13.104958677685939 }, "geometry": { "type": "Polygon", "coordinates": [ [ [ 80.182274430348031, 13.102712899748461 ], [ 80.182274430348031, 13.107204455623416 ], [ 80.17766379744117, 13.107204455623416 ], [ 80.17766379744117, 13.102712899748461 ], [ 80.182274430348031, 13.102712899748461 ] ] ] } },
{ "type": "Feature", "properties": { "cell_id": 1503, "lon": 80.184579746801461, "lat": 13.104958677685939 }, "geometry": { "type": "Polygon", "coordinates": [ [ [ 80.186885063254891, 13.102712899748461 ], [ 80.186885063254891, 13.107204455623416 ], [ 80.182274430348031, 13.107204455623416 ], [ 80.182274430348031, 13.102712899748461 ], [ 80.186885063254891, 13.102712899748461 ] ] ] } },
{ "type": "Feature", "properties": { "cell_id": 1504, "lon": 80.189190379708322, "lat": 13.104958677685939 }, "geometry": { "type": "Polygon", "coordinates": [ [ [ 80.191495696161752, 13.102712899748461 ], [ 80.191495696161752, 13.107204455623416 ], [ 80.186885063254891, 13.107204455623416 ], [ 80.186885063254891, 13.102712899748461 ], [ 80.191495696161752, 13.102712899748461 ] ] ] } },
{ "type": "Feature", "properties": { "cell_id": 1505, "lon": 80.193801012615182, "lat": 13.104958677685939 }, "geometry": { "type": "Polygon", "coordinates": [ [ [ 80.196106329068613, 13.102712899748461 ], [ 80.196106329068613, 13.107204455623416 ], [ 80.191495696161752, 13.107204455623416 ], [ 80.191495696161752, 13.102712899748461 ], [ 80.196106329068613, 13.102712899748461 ] ] ] } },
{ "type": "Feature", "properties": { "cell_id": 1506, "lon": 80.198411645522043, "lat": 13.104958677685939 }, "geometry": { "type": "Polygon", "coordinates": [ [ [ 80.200716961975473, 13.102712899748461 ], [ 80.200716961975473, 13.107204455623416 ], [ 80.196106329068613, 13.107204455623416 ], [ 80.196106329068613, 13.102712899748461 ], [ 80.200716961975473, 13.102712899748461 ] ] ] } },
{ "type": "Feature", "properties": { "cell_id": 1507, "lon": 80.203022278428904, "lat": 13.104958677685939 }, "geometry": { "type": "Polygon", "coordinates": [ [ [ 80.205327594882334, 13.102712899748461 ], [ 80.205327594882334, 13.107204455623416 ], [ 80.200716961975473, 13.107204455623416 ], [ 80.200716961975473, 13.102712899748461 ], [ 80.205327594882334, 13.102712899748461 ] ] ] } },
{ "type": "Feature", "properties": { "cell_id": 1508, "lon": 80.207632911335764, "lat": 13.104958677685939 }, "geometry": { "type": "Polygon", "coordinates": [ [ [ 80.209938227789195, 13.102712899748461 ], [ 80.209938227789195, 13.107204455623416 ], [ 80.205327594882334, 13.107204455623416 ], [ 80.205327594882334, 13.102712899748461 ], [ 80.209938227789195, 13.102712899748461 ] ] ] } },
{ "type": "Feature", "properties": { "cell_id": 1509, "lon": 80.212243544242625, "lat": 13.104958677685939 }, "geometry": { "type": "Polygon", "coordinates": [ [ [ 80.214548860696055, 13.102712899748461 ], [ 80.214548860696055, 13.107204455623416 ], [ 80.209938227789195, 13.107204455623416 ], [ 80.209938227789195, 13.102712899748461 ], [ 80.214548860696055, 13.102712899748461 ] ] ] } },
{ "type": "Feature", "properties": { "cell_id": 1510, "lon": 80.216854177149486, "lat": 13.104958677685939 }, "geometry": { "type": "Polygon", "coordinates": [ [ [ 80.219159493602916, 13.102712899748461 ], [ 80.219159493602916, 13.107204455623416 ], [ 80.214548860696055, 13.107204455623416 ], [ 80.214548860696055, 13.102712899748461 ], [ 80.219159493602916, 13.102712899748461 ] ] ] } },
{ "type": "Feature", "properties": { "cell_id": 1511, "lon": 80.221464810056347, "lat": 13.104958677685939 }, "geometry": { "type": "Polygon", "coordinates": [ [ [ 80.223770126509777, 13.102712899748461 ], [ 80.223770126509777, 13.107204455623416 ], [ 80.219159493602916, 13.107204455623416 ], [ 80.219159493602916, 13.102712899748461 ], [ 80.223770126509777, 13.102712899748461 ] ] ] } },
{ "type": "Feature", "properties": { "cell_id": 1512, "lon": 80.226075442963207, "lat": 13.104958677685939 }, "geometry": { "type": "Polygon", "coordinates": [ [ [ 80.228380759416638, 13.102712899748461 ], [ 80.228380759416638, 13.107204455623416 ], [ 80.223770126509777, 13.107204455623416 ], [ 80.223770126509777, 13.102712899748461 ], [ 80.228380759416638, 13.102712899748461 ] ] ] } },
{ "type": "Feature", "properties": { "cell_id": 1513, "lon": 80.230686075870068, "lat": 13.104958677685939 }, "geometry": { "type": "Polygon", "coordinates": [ [ [ 80.232991392323498, 13.102712899748461 ], [ 80.232991392323498, 13.107204455623416 ], [ 80.228380759416638, 13.107204455623416 ], [ 80.228380759416638, 13.102712899748461 ], [ 80.232991392323498, 13.102712899748461 ] ] ] } },
{ "type": "Feature", "properties": { "cell_id": 1514, "lon": 80.235296708776929, "lat": 13.104958677685939 }, "geometry": { "type": "Polygon", "coordinates": [ [ [ 80.237602025230359, 13.102712899748461 ], [ 80.237602025230359, 13.107204455623416 ], [ 80.232991392323498, 13.107204455623416 ], [ 80.232991392323498, 13.102712899748461 ], [ 80.237602025230359, 13.102712899748461 ] ] ] } },
{ "type": "Feature", "properties": { "cell_id": 1515, "lon": 80.239907341683789, "lat": 13.104958677685939 }, "geometry": { "type": "Polygon", "coordinates": [ [ [ 80.24221265813722, 13.102712899748461 ], [ 80.24221265813722, 13.107204455623416 ], [ 80.237602025230359, 13.107204455623416 ], [ 80.237602025230359, 13.102712899748461 ], [ 80.24221265813722, 13.102712899748461 ] ] ] } },
{ "type": "Feature", "properties": { "cell_id": 1516, "lon": 80.24451797459065, "lat": 13.104958677685939 }, "geometry": { "type": "Polygon", "coordinates": [ [ [ 80.24682329104408, 13.102712899748461 ], [ 80.24682329104408, 13.107204455623416 ], [ 80.24221265813722, 13.107204455623416 ], [ 80.24221265813722, 13.102712899748461 ], [ 80.24682329104408, 13.102712899748461 ] ] ] } },
{ "type": "Feature", "properties": { "cell_id": 1517, "lon": 80.249128607497511, "lat": 13.104958677685939 }, "geometry": { "type": "Polygon", "coordinates": [ [ [ 80.251433923950941, 13.102712899748461 ], [ 80.251433923950941, 13.107204455623416 ], [ 80.24682329104408, 13.107204455623416 ], [ 80.24682329104408, 13.102712899748461 ], [ 80.251433923950941, 13.102712899748461 ] ] ] } },
{ "type": "Feature", "properties": { "cell_id": 1518, "lon": 80.253739240404371, "lat": 13.104958677685939 }, "geometry": { "type": "Polygon", "coordinates": [ [ [ 80.256044556857802, 13.102712899748461 ], [ 80.256044556857802, 13.107204455623416 ], [ 80.251433923950941, 13.107204455623416 ], [ 80.251433923950941, 13.102712899748461 ], [ 80.256044556857802, 13.102712899748461 ] ] ] } },
{ "type": "Feature", "properties": { "cell_id": 1519, "lon": 80.258349873311232, "lat": 13.104958677685939 }, "geometry": { "type": "Polygon", "coordinates": [ [ [ 80.260655189764663, 13.102712899748461 ], [ 80.260655189764663, 13.107204455623416 ], [ 80.256044556857802, 13.107204455623416 ], [ 80.256044556857802, 13.102712899748461 ], [ 80.260655189764663, 13.102712899748461 ] ] ] } },
{ "type": "Feature", "properties": { "cell_id": 1520, "lon": 80.262960506218093, "lat": 13.104958677685939 }, "geometry": { "type": "Polygon", "coordinates": [ [ [ 80.265265822671523, 13.102712899748461 ], [ 80.265265822671523, 13.107204455623416 ], [ 80.260655189764663, 13.107204455623416 ], [ 80.260655189764663, 13.102712899748461 ], [ 80.265265822671523, 13.102712899748461 ] ] ] } },
{ "type": "Feature", "properties": { "cell_id": 1521, "lon": 80.267571139124954, "lat": 13.104958677685939 }, "geometry": { "type": "Polygon", "coordinates": [ [ [ 80.269876455578384, 13.102712899748461 ], [ 80.269876455578384, 13.107204455623416 ], [ 80.265265822671523, 13.107204455623416 ], [ 80.265265822671523, 13.102712899748461 ], [ 80.269876455578384, 13.102712899748461 ] ] ] } },
{ "type": "Feature", "properties": { "cell_id": 1522, "lon": 80.272181772031814, "lat": 13.104958677685939 }, "geometry": { "type": "Polygon", "coordinates": [ [ [ 80.274487088485245, 13.102712899748461 ], [ 80.274487088485245, 13.107204455623416 ], [ 80.269876455578384, 13.107204455623416 ], [ 80.269876455578384, 13.102712899748461 ], [ 80.274487088485245, 13.102712899748461 ] ] ] } },
{ "type": "Feature", "properties": { "cell_id": 1523, "lon": 80.276792404938675, "lat": 13.104958677685939 }, "geometry": { "type": "Polygon", "coordinates": [ [ [ 80.279097721392105, 13.102712899748461 ], [ 80.279097721392105, 13.107204455623416 ], [ 80.274487088485245, 13.107204455623416 ], [ 80.274487088485245, 13.102712899748461 ], [ 80.279097721392105, 13.102712899748461 ] ] ] } },
{ "type": "Feature", "properties": { "cell_id": 1524, "lon": 80.281403037845536, "lat": 13.104958677685939 }, "geometry": { "type": "Polygon", "coordinates": [ [ [ 80.283708354298966, 13.102712899748461 ], [ 80.283708354298966, 13.107204455623416 ], [ 80.279097721392105, 13.107204455623416 ], [ 80.279097721392105, 13.102712899748461 ], [ 80.283708354298966, 13.102712899748461 ] ] ] } },
{ "type": "Feature", "properties": { "cell_id": 1525, "lon": 80.286013670752396, "lat": 13.104958677685939 }, "geometry": { "type": "Polygon", "coordinates": [ [ [ 80.288318987205827, 13.102712899748461 ], [ 80.288318987205827, 13.107204455623416 ], [ 80.283708354298966, 13.107204455623416 ], [ 80.283708354298966, 13.102712899748461 ], [ 80.288318987205827, 13.102712899748461 ] ] ] } },
{ "type": "Feature", "properties": { "cell_id": 1526, "lon": 80.290624303659257, "lat": 13.104958677685939 }, "geometry": { "type": "Polygon", "coordinates": [ [ [ 80.292929620112687, 13.102712899748461 ], [ 80.292929620112687, 13.107204455623416 ], [ 80.288318987205827, 13.107204455623416 ], [ 80.288318987205827, 13.102712899748461 ], [ 80.292929620112687, 13.102712899748461 ] ] ] } },
{ "type": "Feature", "properties": { "cell_id": 1527, "lon": 80.295234936566118, "lat": 13.104958677685939 }, "geometry": { "type": "Polygon", "coordinates": [ [ [ 80.297540253019548, 13.102712899748461 ], [ 80.297540253019548, 13.107204455623416 ], [ 80.292929620112687, 13.107204455623416 ], [ 80.292929620112687, 13.102712899748461 ], [ 80.297540253019548, 13.102712899748461 ] ] ] } },
{ "type": "Feature", "properties": { "cell_id": 1528, "lon": 80.299845569472978, "lat": 13.104958677685939 }, "geometry": { "type": "Polygon", "coordinates": [ [ [ 80.302150885926409, 13.102712899748461 ], [ 80.302150885926409, 13.107204455623416 ], [ 80.297540253019548, 13.107204455623416 ], [ 80.297540253019548, 13.102712899748461 ], [ 80.302150885926409, 13.102712899748461 ] ] ] } },
{ "type": "Feature", "properties": { "cell_id": 1540, "lon": 80.152305316453436, "lat": 13.109450233560894 }, "geometry": { "type": "Polygon", "coordinates": [ [ [ 80.154610632906866, 13.107204455623416 ], [ 80.154610632906866, 13.11169601149837 ], [ 80.15, 13.11169601149837 ], [ 80.15, 13.107204455623416 ], [ 80.154610632906866, 13.107204455623416 ] ] ] } },
{ "type": "Feature", "properties": { "cell_id": 1541, "lon": 80.156915949360297, "lat": 13.109450233560894 }, "geometry": { "type": "Polygon", "coordinates": [ [ [ 80.159221265813727, 13.107204455623416 ], [ 80.159221265813727, 13.11169601149837 ], [ 80.154610632906866, 13.11169601149837 ], [ 80.154610632906866, 13.107204455623416 ], [ 80.159221265813727, 13.107204455623416 ] ] ] } },
{ "type": "Feature", "properties": { "cell_id": 1542, "lon": 80.161526582267157, "lat": 13.109450233560894 }, "geometry": { "type": "Polygon", "coordinates": [ [ [ 80.163831898720588, 13.107204455623416 ], [ 80.163831898720588, 13.11169601149837 ], [ 80.159221265813727, 13.11169601149837 ], [ 80.159221265813727, 13.107204455623416 ], [ 80.163831898720588, 13.107204455623416 ] ] ] } },
{ "type": "Feature", "properties": { "cell_id": 1543, "lon": 80.166137215174018, "lat": 13.109450233560894 }, "geometry": { "type": "Polygon", "coordinates": [ [ [ 80.168442531627448, 13.107204455623416 ], [ 80.168442531627448, 13.11169601149837 ], [ 80.163831898720588, 13.11169601149837 ], [ 80.163831898720588, 13.107204455623416 ], [ 80.168442531627448, 13.107204455623416 ] ] ] } },
{ "type": "Feature", "properties": { "cell_id": 1544, "lon": 80.170747848080879, "lat": 13.109450233560894 }, "geometry": { "type": "Polygon", "coordinates": [ [ [ 80.173053164534309, 13.107204455623416 ], [ 80.173053164534309, 13.11169601149837 ], [ 80.168442531627448, 13.11169601149837 ], [ 80.168442531627448, 13.107204455623416 ], [ 80.173053164534309, 13.107204455623416 ] ] ] } },
{ "type": "Feature", "properties": { "cell_id": 1545, "lon": 80.17535848098774, "lat": 13.109450233560894 }, "geometry": { "type": "Polygon", "coordinates": [ [ [ 80.17766379744117, 13.107204455623416 ], [ 80.17766379744117, 13.11169601149837 ], [ 80.173053164534309, 13.11169601149837 ], [ 80.173053164534309, 13.107204455623416 ], [ 80.17766379744117, 13.107204455623416 ] ] ] } },
{ "type": "Feature", "properties": { "cell_id": 1546, "lon": 80.1799691138946, "lat": 13.109450233560894 }, "geometry": { "type": "Polygon", "coordinates": [ [ [ 80.182274430348031, 13.107204455623416 ], [ 80.182274430348031, 13.11169601149837 ], [ 80.17766379744117, 13.11169601149837 ], [ 80.17766379744117, 13.107204455623416 ], [ 80.182274430348031, 13.107204455623416 ] ] ] } },
{ "type": "Feature", "properties": { "cell_id": 1547, "lon": 80.184579746801461, "lat": 13.109450233560894 }, "geometry": { "type": "Polygon", "coordinates": [ [ [ 80.186885063254891, 13.107204455623416 ], [ 80.186885063254891, 13.11169601149837 ], [ 80.182274430348031, 13.11169601149837 ], [ 80.182274430348031, 13.107204455623416 ], [ 80.186885063254891, 13.107204455623416 ] ] ] } },
{ "type": "Feature", "properties": { "cell_id": 1548, "lon": 80.189190379708322, "lat": 13.109450233560894 }, "geometry": { "type": "Polygon", "coordinates": [ [ [ 80.191495696161752, 13.107204455623416 ], [ 80.191495696161752, 13.11169601149837 ], [ 80.186885063254891, 13.11169601149837 ], [ 80.186885063254891, 13.107204455623416 ], [ 80.191495696161752, 13.107204455623416 ] ] ] } },
{ "type": "Feature", "properties": { "cell_id": 1549, "lon": 80.193801012615182, "lat": 13.109450233560894 }, "geometry": { "type": "Polygon", "coordinates": [ [ [ 80.196106329068613, 13.107204455623416 ], [ 80.196106329068613, 13.11169601149837 ], [ 80.191495696161752, 13.11169601149837 ], [ 80.191495696161752, 13.107204455623416 ], [ 80.196106329068613, 13.107204455623416 ] ] ] } },
{ "type": "Feature", "properties": { "cell_id": 1550, "lon": 80.198411645522043, "lat": 13.109450233560894 }, "geometry": { "type": "Polygon", "coordinates": [ [ [ 80.200716961975473, 13.107204455623416 ], [ 80.200716961975473, 13.11169601149837 ], [ 80.196106329068613, 13.11169601149837 ], [ 80.196106329068613, 13.107204455623416 ], [ 80.200716961975473, 13.107204455623416 ] ] ] } },
{ "type": "Feature", "properties": { "cell_id": 1551, "lon": 80.203022278428904, "lat": 13.109450233560894 }, "geometry": { "type": "Polygon", "coordinates": [ [ [ 80.205327594882334, 13.107204455623416 ], [ 80.205327594882334, 13.11169601149837 ], [ 80.200716961975473, 13.11169601149837 ], [ 80.200716961975473, 13.107204455623416 ], [ 80.205327594882334, 13.107204455623416 ] ] ] } },
{ "type": "Feature", "properties": { "cell_id": 1552, "lon": 80.207632911335764, "lat": 13.109450233560894 }, "geometry": { "type": "Polygon", "coordinates": [ [ [ 80.209938227789195, 13.107204455623416 ], [ 80.209938227789195, 13.11169601149837 ], [ 80.205327594882334, 13.11169601149837 ], [ 80.205327594882334, 13.107204455623416 ], [ 80.209938227789195, 13.107204455623416 ] ] ] } },
{ "type": "Feature", "properties": { "cell_id": 1553, "lon": 80.212243544242625, "lat": 13.109450233560894 }, "geometry": { "type": "Polygon", "coordinates": [ [ [ 80.214548860696055, 13.107204455623416 ], [ 80.214548860696055, 13.11169601149837 ], [ 80.209938227789195, 13.11169601149837 ], [ 80.209938227789195, 13.107204455623416 ], [ 80.214548860696055, 13.107204455623416 ] ] ] } },
{ "type": "Feature", "properties": { "cell_id": 1554, "lon": 80.216854177149486, "lat": 13.109450233560894 }, "geometry": { "type": "Polygon", "coordinates": [ [ [ 80.219159493602916, 13.107204455623416 ], [ 80.219159493602916, 13.11169601149837 ], [ 80.214548860696055, 13.11169601149837 ], [ 80.214548860696055, 13.107204455623416 ], [ 80.219159493602916, 13.107204455623416 ] ] ] } },
{ "type": "Feature", "properties": { "cell_id": 1555, "lon": 80.221464810056347, "lat": 13.109450233560894 }, "geometry": { "type": "Polygon", "coordinates": [ [ [ 80.223770126509777, 13.107204455623416 ], [ 80.223770126509777, 13.11169601149837 ], [ 80.219159493602916, 13.11169601149837 ], [ 80.219159493602916, 13.107204455623416 ], [ 80.223770126509777, 13.107204455623416 ] ] ] } },
{ "type": "Feature", "properties": { "cell_id": 1556, "lon": 80.226075442963207, "lat": 13.109450233560894 }, "geometry": { "type": "Polygon", "coordinates": [ [ [ 80.228380759416638, 13.107204455623416 ], [ 80.228380759416638, 13.11169601149837 ], [ 80.223770126509777, 13.11169601149837 ], [ 80.223770126509777, 13.107204455623416 ], [ 80.228380759416638, 13.107204455623416 ] ] ] } },
{ "type": "Feature", "properties": { "cell_id": 1557, "lon": 80.230686075870068, "lat": 13.109450233560894 }, "geometry": { "type": "Polygon", "coordinates": [ [ [ 80.232991392323498, 13.107204455623416 ], [ 80.232991392323498, 13.11169601149837 ], [ 80.228380759416638, 13.11169601149837 ], [ 80.228380759416638, 13.107204455623416 ], [ 80.232991392323498, 13.107204455623416 ] ] ] } },
{ "type": "Feature", "properties": { "cell_id": 1558, "lon": 80.235296708776929, "lat": 13.109450233560894 }, "geometry": { "type": "Polygon", "coordinates": [ [ [ 80.237602025230359, 13.107204455623416 ], [ 80.237602025230359, 13.11169601149837 ], [ 80.232991392323498, 13.11169601149837 ], [ 80.232991392323498, 13.107204455623416 ], [ 80.237602025230359, 13.107204455623416 ] ] ] } },
{ "type": "Feature", "properties": { "cell_id": 1559, "lon": 80.239907341683789, "lat": 13.109450233560894 }, "geometry": { "type": "Polygon", "coordinates": [ [ [ 80.24221265813722, 13.107204455623416 ], [ 80.24221265813722, 13.11169601149837 ], [ 80.237602025230359, 13.11169601149837 ], [ 80.237602025230359, 13.107204455623416 ], [ 80.24221265813722, 13.107204455623416 ] ] ] } },
{ "type": "Feature", "properties": { "cell_id": 1560, "lon": 80.24451797459065, "lat": 13.109450233560894 }, "geometry": { "type": "Polygon", "coordinates": [ [ [ 80.24682329104408, 13.107204455623416 ], [ 80.24682329104408, 13.11169601149837 ], [ 80.24221265813722, 13.11169601149837 ], [ 80.24221265813722, 13.107204455623416 ], [ 80.24682329104408, 13.107204455623416 ] ] ] } },
{ "type": "Feature", "properties": { "cell_id": 1561, "lon": 80.249128607497511, "lat": 13.109450233560894 }, "geometry": { "type": "Polygon", "coordinates": [ [ [ 80.251433923950941, 13.107204455623416 ], [ 80.251433923950941, 13.11169601149837 ], [ 80.24682329104408, 13.11169601149837 ], [ 80.24682329104408, 13.107204455623416 ], [ 80.251433923950941, 13.107204455623416 ] ] ] } },
{ "type": "Feature", "properties": { "cell_id": 1562, "lon": 80.253739240404371, "lat": 13.109450233560894 }, "geometry": { "type": "Polygon", "coordinates": [ [ [ 80.256044556857802, 13.107204455623416 ], [ 80.256044556857802, 13.11169601149837 ], [ 80.251433923950941, 13.11169601149837 ], [ 80.251433923950941, 13.107204455623416 ], [ 80.256044556857802, 13.107204455623416 ] ] ] } },
{ "type": "Feature", "properties": { "cell_id": 1563, "lon": 80.258349873311232, "lat": 13.109450233560894 }, "geometry": { "type": "Polygon", "coordinates": [ [ [ 80.260655189764663, 13.107204455623416 ], [ 80.260655189764663, 13.11169601149837 ], [ 80.256044556857802, 13.11169601149837 ], [ 80.256044556857802, 13.107204455623416 ], [ 80.260655189764663, 13.107204455623416 ] ] ] } },
{ "type": "Feature", "properties": { "cell_id": 1564, "lon": 80.262960506218093, "lat": 13.109450233560894 }, "geometry": { "type": "Polygon", "coordinates": [ [ [ 80.265265822671523, 13.107204455623416 ], [ 80.265265822671523, 13.11169601149837 ], [ 80.260655189764663, 13.11169601149837 ], [ 80.260655189764663, 13.107204455623416 ], [ 80.265265822671523, 13.107204455623416 ] ] ] } },
{ "type": "Feature", "properties": { "cell_id": 1565, "lon": 80.267571139124954, "lat": 13.109450233560894 }, "geometry": { "type": "Polygon", "coordinates": [ [ [ 80.269876455578384, 13.107204455623416 ], [ 80.269876455578384, 13.11169601149837 ], [ 80.265265822671523, 13.11169601149837 ], [ 80.265265822671523, 13.107204455623416 ], [ 80.269876455578384, 13.107204455623416 ] ] ] } },
{ "type": "Feature", "properties": { "cell_id": 1566, "lon": 80.272181772031814, "lat": 13.109450233560894 }, "geometry": { "type": "Polygon", "coordinates": [ [ [ 80.274487088485245, 13.107204455623416 ], [ 80.274487088485245, 13.11169601149837 ], [ 80.269876455578384, 13.11169601149837 ], [ 80.269876455578384, 13.107204455623416 ], [ 80.274487088485245, 13.107204455623416 ] ] ] } },
{ "type": "Feature", "properties": { "cell_id": 1567, "lon": 80.276792404938675, "lat": 13.109450233560894 }, "geometry": { "type": "Polygon", "coordinates": [ [ [ 80.279097721392105, 13.107204455623416 ], [ 80.279097721392105, 13.11169601149837 ], [ 80.274487088485245, 13.11169601149837 ], [ 80.274487088485245, 13.107204455623416 ], [ 80.279097721392105, 13.107204455623416 ] ] ] } },
{ "type": "Feature", "properties": { "cell_id": 1568, "lon": 80.281403037845536, "lat": 13.109450233560894 }, "geometry": { "type": "Polygon", "coordinates": [ [ [ 80.283708354298966, 13.107204455623416 ], [ 80.283708354298966, 13.11169601149837 ], [ 80.279097721392105, 13.11169601149837 ], [ 80.279097721392105, 13.107204455623416 ], [ 80.283708354298966, 13.107204455623416 ] ] ] } },
{ "type": "Feature", "properties": { "cell_id": 1569, "lon": 80.286013670752396, "lat": 13.109450233560894 }, "geometry": { "type": "Polygon", "coordinates": [ [ [ 80.288318987205827, 13.107204455623416 ], [ 80.288318987205827, 13.11169601149837 ], [ 80.283708354298966, 13.11169601149837 ], [ 80.283708354298966, 13.107204455623416 ], [ 80.288318987205827, 13.107204455623416 ] ] ] } },
{ "type": "Feature", "properties": { "cell_id": 1570, "lon": 80.290624303659257, "lat": 13.109450233560894 }, "geometry": { "type": "Polygon", "coordinates": [ [ [ 80.292929620112687, 13.107204455623416 ], [ 80.292929620112687, 13.11169601149837 ], [ 80.288318987205827, 13.11169601149837 ], [ 80.288318987205827, 13.107204455623416 ], [ 80.292929620112687, 13.107204455623416 ] ] ] } },
{ "type": "Feature", "properties": { "cell_id": 1571, "lon": 80.295234936566118, "lat": 13.109450233560894 }, "geometry": { "type": "Polygon", "coordinates": [ [ [ 80.297540253019548, 13.107204455623416 ], [ 80.297540253019548, 13.11169601149837 ], [ 80.292929620112687, 13.11169601149837 ], [ 80.292929620112687, 13.107204455623416 ], [ 80.297540253019548, 13.107204455623416 ] ] ] } },
{ "type": "Feature", "properties": { "cell_id": 1572, "lon": 80.299845569472978, "lat": 13.109450233560894 }, "geometry": { "type": "Polygon", "coordinates": [ [ [ 80.302150885926409, 13.107204455623416 ], [ 80.302150885926409, 13.11169601149837 ], [ 80.297540253019548, 13.11169601149837 ], [ 80.297540253019548, 13.107204455623416 ], [ 80.302150885926409, 13.107204455623416 ] ] ] } },
{ "type": "Feature", "properties": { "cell_id": 1584, "lon": 80.152305316453436, "lat": 13.113941789435849 }, "geometry": { "type": "Polygon", "coordinates": [ [ [ 80.154610632906866, 13.11169601149837 ], [ 80.154610632906866, 13.116187567373325 ], [ 80.15, 13.116187567373325 ], [ 80.15, 13.11169601149837 ], [ 80.154610632906866, 13.11169601149837 ] ] ] } },
{ "type": "Feature", "properties": { "cell_id": 1585, "lon": 80.156915949360297, "lat": 13.113941789435849 }, "geometry": { "type": "Polygon", "coordinates": [ [ [ 80.159221265813727, 13.11169601149837 ], [ 80.159221265813727, 13.116187567373325 ], [ 80.154610632906866, 13.116187567373325 ], [ 80.154610632906866, 13.11169601149837 ], [ 80.159221265813727, 13.11169601149837 ] ] ] } },
{ "type": "Feature", "properties": { "cell_id": 1586, "lon": 80.161526582267157, "lat": 13.113941789435849 }, "geometry": { "type": "Polygon", "coordinates": [ [ [ 80.163831898720588, 13.11169601149837 ], [ 80.163831898720588, 13.116187567373325 ], [ 80.159221265813727, 13.116187567373325 ], [ 80.159221265813727, 13.11169601149837 ], [ 80.163831898720588, 13.11169601149837 ] ] ] } },
{ "type": "Feature", "properties": { "cell_id": 1587, "lon": 80.166137215174018, "lat": 13.113941789435849 }, "geometry": { "type": "Polygon", "coordinates": [ [ [ 80.168442531627448, 13.11169601149837 ], [ 80.168442531627448, 13.116187567373325 ], [ 80.163831898720588, 13.116187567373325 ], [ 80.163831898720588, 13.11169601149837 ], [ 80.168442531627448, 13.11169601149837 ] ] ] } },
{ "type": "Feature", "properties": { "cell_id": 1588, "lon": 80.170747848080879, "lat": 13.113941789435849 }, "geometry": { "type": "Polygon", "coordinates": [ [ [ 80.173053164534309, 13.11169601149837 ], [ 80.173053164534309, 13.116187567373325 ], [ 80.168442531627448, 13.116187567373325 ], [ 80.168442531627448, 13.11169601149837 ], [ 80.173053164534309, 13.11169601149837 ] ] ] } },
{ "type": "Feature", "properties": { "cell_id": 1589, "lon": 80.17535848098774, "lat": 13.113941789435849 }, "geometry": { "type": "Polygon", "coordinates": [ [ [ 80.17766379744117, 13.11169601149837 ], [ 80.17766379744117, 13.116187567373325 ], [ 80.173053164534309, 13.116187567373325 ], [ 80.173053164534309, 13.11169601149837 ], [ 80.17766379744117, 13.11169601149837 ] ] ] } },
{ "type": "Feature", "properties": { "cell_id": 1590, "lon": 80.1799691138946, "lat": 13.113941789435849 }, "geometry": { "type": "Polygon", "coordinates": [ [ [ 80.182274430348031, 13.11169601149837 ], [ 80.182274430348031, 13.116187567373325 ], [ 80.17766379744117, 13.116187567373325 ], [ 80.17766379744117, 13.11169601149837 ], [ 80.182274430348031, 13.11169601149837 ] ] ] } },
{ "type": "Feature", "properties": { "cell_id": 1591, "lon": 80.184579746801461, "lat": 13.113941789435849 }, "geometry": { "type": "Polygon", "coordinates": [ [ [ 80.186885063254891, 13.11169601149837 ], [ 80.186885063254891, 13.116187567373325 ], [ 80.182274430348031, 13.116187567373325 ], [ 80.182274430348031, 13.11169601149837 ], [ 80.186885063254891, 13.11169601149837 ] ] ] } },
{ "type": "Feature", "properties": { "cell_id": 1592, "lon": 80.189190379708322, "lat": 13.113941789435849 }, "geometry": { "type": "Polygon", "coordinates": [ [ [ 80.191495696161752, 13.11169601149837 ], [ 80.191495696161752, 13.116187567373325 ], [ 80.186885063254891, 13.116187567373325 ], [ 80.186885063254891, 13.11169601149837 ], [ 80.191495696161752, 13.11169601149837 ] ] ] } },
{ "type": "Feature", "properties": { "cell_id": 1593, "lon": 80.193801012615182, "lat": 13.113941789435849 }, "geometry": { "type": "Polygon", "coordinates": [ [ [ 80.196106329068613, 13.11169601149837 ], [ 80.196106329068613, 13.116187567373325 ], [ 80.191495696161752, 13.116187567373325 ], [ 80.191495696161752, 13.11169601149837 ], [ 80.196106329068613, 13.11169601149837 ] ] ] } },
{ "type": "Feature", "properties": { "cell_id": 1594, "lon": 80.198411645522043, "lat": 13.113941789435849 }, "geometry": { "type": "Polygon", "coordinates": [ [ [ 80.200716961975473, 13.11169601149837 ], [ 80.200716961975473, 13.116187567373325 ], [ 80.196106329068613, 13.116187567373325 ], [ 80.196106329068613, 13.11169601149837 ], [ 80.200716961975473, 13.11169601149837 ] ] ] } },
{ "type": "Feature", "properties": { "cell_id": 1595, "lon": 80.203022278428904, "lat": 13.113941789435849 }, "geometry": { "type": "Polygon", "coordinates": [ [ [ 80.205327594882334, 13.11169601149837 ], [ 80.205327594882334, 13.116187567373325 ], [ 80.200716961975473, 13.116187567373325 ], [ 80.200716961975473, 13.11169601149837 ], [ 80.205327594882334, 13.11169601149837 ] ] ] } },
{ "type": "Feature", "properties": { "cell_id": 1596, "lon": 80.207632911335764, "lat": 13.113941789435849 }, "geometry": { "type": "Polygon", "coordinates": [ [ [ 80.209938227789195, 13.11169601149837 ], [ 80.209938227789195, 13.116187567373325 ], [ 80.205327594882334, 13.116187567373325 ], [ 80.205327594882334, 13.11169601149837 ], [ 80.209938227789195, 13.11169601149837 ] ] ] } },
{ "type": "Feature", "properties": { "cell_id": 1597, "lon": 80.212243544242625, "lat": 13.113941789435849 }, "geometry": { "type": "Polygon", "coordinates": [ [ [ 80.214548860696055, 13.11169601149837 ], [ 80.214548860696055, 13.116187567373325 ], [ 80.209938227789195, 13.116187567373325 ], [ 80.209938227789195, 13.11169601149837 ], [ 80.214548860696055, 13.11169601149837 ] ] ] } },
{ "type": "Feature", "properties": { "cell_id": 1598, "lon": 80.216854177149486, "lat": 13.113941789435849 }, "geometry": { "type": "Polygon", "coordinates": [ [ [ 80.219159493602916, 13.11169601149837 ], [ 80.219159493602916, 13.116187567373325 ], [ 80.214548860696055, 13.116187567373325 ], [ 80.214548860696055, 13.11169601149837 ], [ 80.219159493602916, 13.11169601149837 ] ] ] } },
{ "type": "Feature", "properties": { "cell_id": 1599, "lon": 80.221464810056347, "lat": 13.113941789435849 }, "geometry": { "type": "Polygon", "coordinates": [ [ [ 80.223770126509777, 13.11169601149837 ], [ 80.223770126509777, 13.116187567373325 ], [ 80.219159493602916, 13.116187567373325 ], [ 80.219159493602916, 13.11169601149837 ], [ 80.223770126509777, 13.11169601149837 ] ] ] } },
{ "type": "Feature", "properties": { "cell_id": 1600, "lon": 80.226075442963207, "lat": 13.113941789435849 }, "geometry": { "type": "Polygon", "coordinates": [ [ [ 80.228380759416638, 13.11169601149837 ], [ 80.228380759416638, 13.116187567373325 ], [ 80.223770126509777, 13.116187567373325 ], [ 80.223770126509777, 13.11169601149837 ], [ 80.228380759416638, 13.11169601149837 ] ] ] } },
{ "type": "Feature", "properties": { "cell_id": 1601, "lon": 80.230686075870068, "lat": 13.113941789435849 }, "geometry": { "type": "Polygon", "coordinates": [ [ [ 80.232991392323498, 13.11169601149837 ], [ 80.232991392323498, 13.116187567373325 ], [ 80.228380759416638, 13.116187567373325 ], [ 80.228380759416638, 13.11169601149837 ], [ 80.232991392323498, 13.11169601149837 ] ] ] } },
{ "type": "Feature", "properties": { "cell_id": 1602, "lon": 80.235296708776929, "lat": 13.113941789435849 }, "geometry": { "type": "Polygon", "coordinates": [ [ [ 80.237602025230359, 13.11169601149837 ], [ 80.237602025230359, 13.116187567373325 ], [ 80.232991392323498, 13.116187567373325 ], [ 80.232991392323498, 13.11169601149837 ], [ 80.237602025230359, 13.11169601149837 ] ] ] } },
{ "type": "Feature", "properties": { "cell_id": 1603, "lon": 80.239907341683789, "lat": 13.113941789435849 }, "geometry": { "type": "Polygon", "coordinates": [ [ [ 80.24221265813722, 13.11169601149837 ], [ 80.24221265813722, 13.116187567373325 ], [ 80.237602025230359, 13.116187567373325 ], [ 80.237602025230359, 13.11169601149837 ], [ 80.24221265813722, 13.11169601149837 ] ] ] } },
{ "type": "Feature", "properties": { "cell_id": 1604, "lon": 80.24451797459065, "lat": 13.113941789435849 }, "geometry": { "type": "Polygon", "coordinates": [ [ [ 80.24682329104408, 13.11169601149837 ], [ 80.24682329104408, 13.116187567373325 ], [ 80.24221265813722, 13.116187567373325 ], [ 80.24221265813722, 13.11169601149837 ], [ 80.24682329104408, 13.11169601149837 ] ] ] } },
{ "type": "Feature", "properties": { "cell_id": 1605, "lon": 80.249128607497511, "lat": 13.113941789435849 }, "geometry": { "type": "Polygon", "coordinates": [ [ [ 80.251433923950941, 13.11169601149837 ], [ 80.251433923950941, 13.116187567373325 ], [ 80.24682329104408, 13.116187567373325 ], [ 80.24682329104408, 13.11169601149837 ], [ 80.251433923950941, 13.11169601149837 ] ] ] } },
{ "type": "Feature", "properties": { "cell_id": 1606, "lon": 80.253739240404371, "lat": 13.113941789435849 }, "geometry": { "type": "Polygon", "coordinates": [ [ [ 80.256044556857802, 13.11169601149837 ], [ 80.256044556857802, 13.116187567373325 ], [ 80.251433923950941, 13.116187567373325 ], [ 80.251433923950941, 13.11169601149837 ], [ 80.256044556857802, 13.11169601149837 ] ] ] } },
{ "type": "Feature", "properties": { "cell_id": 1607, "lon": 80.258349873311232, "lat": 13.113941789435849 }, "geometry": { "type": "Polygon", "coordinates": [ [ [ 80.260655189764663, 13.11169601149837 ], [ 80.260655189764663, 13.116187567373325 ], [ 80.256044556857802, 13.116187567373325 ], [ 80.256044556857802, 13.11169601149837 ], [ 80.260655189764663, 13.11169601149837 ] ] ] } },
{ "type": "Feature", "properties": { "cell_id": 1608, "lon": 80.262960506218093, "lat": 13.113941789435849 }, "geometry": { "type": "Polygon", "coordinates": [ [ [ 80.265265822671523, 13.11169601149837 ], [ 80.265265822671523, 13.116187567373325 ], [ 80.260655189764663, 13.116187567373325 ], [ 80.260655189764663, 13.11169601149837 ], [ 80.265265822671523, 13.11169601149837 ] ] ] } },
{ "type": "Feature", "properties": { "cell_id": 1609, "lon": 80.267571139124954, "lat": 13.113941789435849 }, "geometry": { "type": "Polygon", "coordinates": [ [ [ 80.269876455578384, 13.11169601149837 ], [ 80.269876455578384, 13.116187567373325 ], [ 80.265265822671523, 13.116187567373325 ], [ 80.265265822671523, 13.11169601149837 ], [ 80.269876455578384, 13.11169601149837 ] ] ] } },
{ "type": "Feature", "properties": { "cell_id": 1610, "lon": 80.272181772031814, "lat": 13.113941789435849 }, "geometry": { "type": "Polygon", "coordinates": [ [ [ 80.274487088485245, 13.11169601149837 ], [ 80.274487088485245, 13.116187567373325 ], [ 80.269876455578384, 13.116187567373325 ], [ 80.269876455578384, 13.11169601149837 ], [ 80.274487088485245, 13.11169601149837 ] ] ] } },
{ "type": "Feature", "properties": { "cell_id": 1611, "lon": 80.276792404938675, "lat": 13.113941789435849 }, "geometry": { "type": "Polygon", "coordinates": [ [ [ 80.279097721392105, 13.11169601149837 ], [ 80.279097721392105, 13.116187567373325 ], [ 80.274487088485245, 13.116187567373325 ], [ 80.274487088485245, 13.11169601149837 ], [ 80.279097721392105, 13.11169601149837 ] ] ] } },
{ "type": "Feature", "properties": { "cell_id": 1612, "lon": 80.281403037845536, "lat": 13.113941789435849 }, "geometry": { "type": "Polygon", "coordinates": [ [ [ 80.283708354298966, 13.11169601149837 ], [ 80.283708354298966, 13.116187567373325 ], [ 80.279097721392105, 13.116187567373325 ], [ 80.279097721392105, 13.11169601149837 ], [ 80.283708354298966, 13.11169601149837 ] ] ] } },
{ "type": "Feature", "properties": { "cell_id": 1613, "lon": 80.286013670752396, "lat": 13.113941789435849 }, "geometry": { "type": "Polygon", "coordinates": [ [ [ 80.288318987205827, 13.11169601149837 ], [ 80.288318987205827, 13.116187567373325 ], [ 80.283708354298966, 13.116187567373325 ], [ 80.283708354298966, 13.11169601149837 ], [ 80.288318987205827, 13.11169601149837 ] ] ] } },
{ "type": "Feature", "properties": { "cell_id": 1614, "lon": 80.290624303659257, "lat": 13.113941789435849 }, "geometry": { "type": "Polygon", "coordinates": [ [ [ 80.292929620112687, 13.11169601149837 ], [ 80.292929620112687, 13.116187567373325 ], [ 80.288318987205827, 13.116187567373325 ], [ 80.288318987205827, 13.11169601149837 ], [ 80.292929620112687, 13.11169601149837 ] ] ] } },
{ "type": "Feature", "properties": { "cell_id": 1615, "lon": 80.295234936566118, "lat": 13.113941789435849 }, "geometry": { "type": "Polygon", "coordinates": [ [ [ 80.297540253019548, 13.11169601149837 ], [ 80.297540253019548, 13.116187567373325 ], [ 80.292929620112687, 13.116187567373325 ], [ 80.292929620112687, 13.11169601149837 ], [ 80.297540253019548, 13.11169601149837 ] ] ] } },
{ "type": "Feature", "properties": { "cell_id": 1616, "lon": 80.299845569472978, "lat": 13.113941789435849 }, "geometry": { "type": "Polygon", "coordinates": [ [ [ 80.302150885926409, 13.11169601149837 ], [ 80.302150885926409, 13.116187567373325 ], [ 80.297540253019548, 13.116187567373325 ], [ 80.297540253019548, 13.11169601149837 ], [ 80.302150885926409, 13.11169601149837 ] ] ] } },
{ "type": "Feature", "properties": { "cell_id": 1628, "lon": 80.152305316453436, "lat": 13.118433345310804 }, "geometry": { "type": "Polygon", "coordinates": [ [ [ 80.154610632906866, 13.116187567373325 ], [ 80.154610632906866, 13.12067912324828 ], [ 80.15, 13.12067912324828 ], [ 80.15, 13.116187567373325 ], [ 80.154610632906866, 13.116187567373325 ] ] ] } },
{ "type": "Feature", "properties": { "cell_id": 1629, "lon": 80.156915949360297, "lat": 13.118433345310804 }, "geometry": { "type": "Polygon", "coordinates": [ [ [ 80.159221265813727, 13.116187567373325 ], [ 80.159221265813727, 13.12067912324828 ], [ 80.154610632906866, 13.12067912324828 ], [ 80.154610632906866, 13.116187567373325 ], [ 80.159221265813727, 13.116187567373325 ] ] ] } },
{ "type": "Feature", "properties": { "cell_id": 1630, "lon": 80.161526582267157, "lat": 13.118433345310804 }, "geometry": { "type": "Polygon", "coordinates": [ [ [ 80.163831898720588, 13.116187567373325 ], [ 80.163831898720588, 13.12067912324828 ], [ 80.159221265813727, 13.12067912324828 ], [ 80.159221265813727, 13.116187567373325 ], [ 80.163831898720588, 13.116187567373325 ] ] ] } },
{ "type": "Feature", "properties": { "cell_id": 1631, "lon": 80.166137215174018, "lat": 13.118433345310804 }, "geometry": { "type": "Polygon", "coordinates": [ [ [ 80.168442531627448, 13.116187567373325 ], [ 80.168442531627448, 13.12067912324828 ], [ 80.163831898720588, 13.12067912324828 ], [ 80.163831898720588, 13.116187567373325 ], [ 80.168442531627448, 13.116187567373325 ] ] ] } },
{ "type": "Feature", "properties": { "cell_id": 1632, "lon": 80.170747848080879, "lat": 13.118433345310804 }, "geometry": { "type": "Polygon", "coordinates": [ [ [ 80.173053164534309, 13.116187567373325 ], [ 80.173053164534309, 13.12067912324828 ], [ 80.168442531627448, 13.12067912324828 ], [ 80.168442531627448, 13.116187567373325 ], [ 80.173053164534309, 13.116187567373325 ] ] ] } },
{ "type": "Feature", "properties": { "cell_id": 1633, "lon": 80.17535848098774, "lat": 13.118433345310804 }, "geometry": { "type": "Polygon", "coordinates": [ [ [ 80.17766379744117, 13.116187567373325 ], [ 80.17766379744117, 13.12067912324828 ], [ 80.173053164534309, 13.12067912324828 ], [ 80.173053164534309, 13.116187567373325 ], [ 80.17766379744117, 13.116187567373325 ] ] ] } },
{ "type": "Feature", "properties": { "cell_id": 1634, "lon": 80.1799691138946, "lat": 13.118433345310804 }, "geometry": { "type": "Polygon", "coordinates": [ [ [ 80.182274430348031, 13.116187567373325 ], [ 80.182274430348031, 13.12067912324828 ], [ 80.17766379744117, 13.12067912324828 ], [ 80.17766379744117, 13.116187567373325 ], [ 80.182274430348031, 13.116187567373325 ] ] ] } },
{ "type": "Feature", "properties": { "cell_id": 1635, "lon": 80.184579746801461, "lat": 13.118433345310804 }, "geometry": { "type": "Polygon", "coordinates": [ [ [ 80.186885063254891, 13.116187567373325 ], [ 80.186885063254891, 13.12067912324828 ], [ 80.182274430348031, 13.12067912324828 ], [ 80.182274430348031, 13.116187567373325 ], [ 80.186885063254891, 13.116187567373325 ] ] ] } },
{ "type": "Feature", "properties": { "cell_id": 1636, "lon": 80.189190379708322, "lat": 13.118433345310804 }, "geometry": { "type": "Polygon", "coordinates": [ [ [ 80.191495696161752, 13.116187567373325 ], [ 80.191495696161752, 13.12067912324828 ], [ 80.186885063254891, 13.12067912324828 ], [ 80.186885063254891, 13.116187567373325 ], [ 80.191495696161752, 13.116187567373325 ] ] ] } },
{ "type": "Feature", "properties": { "cell_id": 1637, "lon": 80.193801012615182, "lat": 13.118433345310804 }, "geometry": { "type": "Polygon", "coordinates": [ [ [ 80.196106329068613, 13.116187567373325 ], [ 80.196106329068613, 13.12067912324828 ], [ 80.191495696161752, 13.12067912324828 ], [ 80.191495696161752, 13.116187567373325 ], [ 80.196106329068613, 13.116187567373325 ] ] ] } },
{ "type": "Feature", "properties": { "cell_id": 1638, "lon": 80.198411645522043, "lat": 13.118433345310804 }, "geometry": { "type": "Polygon", "coordinates": [ [ [ 80.200716961975473, 13.116187567373325 ], [ 80.200716961975473, 13.12067912324828 ], [ 80.196106329068613, 13.12067912324828 ], [ 80.196106329068613, 13.116187567373325 ], [ 80.200716961975473, 13.116187567373325 ] ] ] } },
{ "type": "Feature", "properties": { "cell_id": 1639, "lon": 80.203022278428904, "lat": 13.118433345310804 }, "geometry": { "type": "Polygon", "coordinates": [ [ [ 80.205327594882334, 13.116187567373325 ], [ 80.205327594882334, 13.12067912324828 ], [ 80.200716961975473, 13.12067912324828 ], [ 80.200716961975473, 13.116187567373325 ], [ 80.205327594882334, 13.116187567373325 ] ] ] } },
{ "type": "Feature", "properties": { "cell_id": 1640, "lon": 80.207632911335764, "lat": 13.118433345310804 }, "geometry": { "type": "Polygon", "coordinates": [ [ [ 80.209938227789195, 13.116187567373325 ], [ 80.209938227789195, 13.12067912324828 ], [ 80.205327594882334, 13.12067912324828 ], [ 80.205327594882334, 13.116187567373325 ], [ 80.209938227789195, 13.116187567373325 ] ] ] } },
{ "type": "Feature", "properties": { "cell_id": 1641, "lon": 80.212243544242625, "lat": 13.118433345310804 }, "geometry": { "type": "Polygon", "coordinates": [ [ [ 80.214548860696055, 13.116187567373325 ], [ 80.214548860696055, 13.12067912324828 ], [ 80.209938227789195, 13.12067912324828 ], [ 80.209938227789195, 13.116187567373325 ], [ 80.214548860696055, 13.116187567373325 ] ] ] } },
{ "type": "Feature", "properties": { "cell_id": 1642, "lon": 80.216854177149486, "lat": 13.118433345310804 }, "geometry": { "type": "Polygon", "coordinates": [ [ [ 80.219159493602916, 13.116187567373325 ], [ 80.219159493602916, 13.12067912324828 ], [ 80.214548860696055, 13.12067912324828 ], [ 80.214548860696055, 13.116187567373325 ], [ 80.219159493602916, 13.116187567373325 ] ] ] } },
{ "type": "Feature", "properties": { "cell_id": 1643, "lon": 80.221464810056347, "lat": 13.118433345310804 }, "geometry": { "type": "Polygon", "coordinates": [ [ [ 80.223770126509777, 13.116187567373325 ], [ 80.223770126509777, 13.12067912324828 ], [ 80.219159493602916, 13.12067912324828 ], [ 80.219159493602916, 13.116187567373325 ], [ 80.223770126509777, 13.116187567373325 ] ] ] } },
{ "type": "Feature", "properties": { "cell_id": 1644, "lon": 80.226075442963207, "lat": 13.118433345310804 }, "geometry": { "type": "Polygon", "coordinates": [ [ [ 80.228380759416638, 13.116187567373325 ], [ 80.228380759416638, 13.12067912324828 ], [ 80.223770126509777, 13.12067912324828 ], [ 80.223770126509777, 13.116187567373325 ], [ 80.228380759416638, 13.116187567373325 ] ] ] } },
{ "type": "Feature", "properties": { "cell_id": 1645, "lon": 80.230686075870068, "lat": 13.118433345310804 }, "geometry": { "type": "Polygon", "coordinates": [ [ [ 80.232991392323498, 13.116187567373325 ], [ 80.232991392323498, 13.12067912324828 ], [ 80.228380759416638, 13.12067912324828 ], [ 80.228380759416638, 13.116187567373325 ], [ 80.232991392323498, 13.116187567373325 ] ] ] } },
{ "type": "Feature", "properties": { "cell_id": 1646, "lon": 80.235296708776929, "lat": 13.118433345310804 }, "geometry": { "type": "Polygon", "coordinates": [ [ [ 80.237602025230359, 13.116187567373325 ], [ 80.237602025230359, 13.12067912324828 ], [ 80.232991392323498, 13.12067912324828 ], [ 80.232991392323498, 13.116187567373325 ], [ 80.237602025230359, 13.116187567373325 ] ] ] } },
{ "type": "Feature", "properties": { "cell_id": 1647, "lon": 80.239907341683789, "lat": 13.118433345310804 }, "geometry": { "type": "Polygon", "coordinates": [ [ [ 80.24221265813722, 13.116187567373325 ], [ 80.24221265813722, 13.12067912324828 ], [ 80.237602025230359, 13.12067912324828 ], [ 80.237602025230359, 13.116187567373325 ], [ 80.24221265813722, 13.116187567373325 ] ] ] } },
{ "type": "Feature", "properties": { "cell_id": 1648, "lon": 80.24451797459065, "lat": 13.118433345310804 }, "geometry": { "type": "Polygon", "coordinates": [ [ [ 80.24682329104408, 13.116187567373325 ], [ 80.24682329104408, 13.12067912324828 ], [ 80.24221265813722, 13.12067912324828 ], [ 80.24221265813722, 13.116187567373325 ], [ 80.24682329104408, 13.116187567373325 ] ] ] } },
{ "type": "Feature", "properties": { "cell_id": 1649, "lon": 80.249128607497511, "lat": 13.118433345310804 }, "geometry": { "type": "Polygon", "coordinates": [ [ [ 80.251433923950941, 13.116187567373325 ], [ 80.251433923950941, 13.12067912324828 ], [ 80.24682329104408, 13.12067912324828 ], [ 80.24682329104408, 13.116187567373325 ], [ 80.251433923950941, 13.116187567373325 ] ] ] } },
{ "type": "Feature", "properties": { "cell_id": 1650, "lon": 80.253739240404371, "lat": 13.118433345310804 }, "geometry": { "type": "Polygon", "coordinates": [ [ [ 80.256044556857802, 13.116187567373325 ], [ 80.256044556857802, 13.12067912324828 ], [ 80.251433923950941, 13.12067912324828 ], [ 80.251433923950941, 13.116187567373325 ], [ 80.256044556857802, 13.116187567373325 ] ] ] } },
{ "type": "Feature", "properties": { "cell_id": 1651, "lon": 80.258349873311232, "lat": 13.118433345310804 }, "geometry": { "type": "Polygon", "coordinates": [ [ [ 80.260655189764663, 13.116187567373325 ], [ 80.260655189764663, 13.12067912324828 ], [ 80.256044556857802, 13.12067912324828 ], [ 80.256044556857802, 13.116187567373325 ], [ 80.260655189764663, 13.116187567373325 ] ] ] } },
{ "type": "Feature", "properties": { "cell_id": 1652, "lon": 80.262960506218093, "lat": 13.118433345310804 }, "geometry": { "type": "Polygon", "coordinates": [ [ [ 80.265265822671523, 13.116187567373325 ], [ 80.265265822671523, 13.12067912324828 ], [ 80.260655189764663, 13.12067912324828 ], [ 80.260655189764663, 13.116187567373325 ], [ 80.265265822671523, 13.116187567373325 ] ] ] } },
{ "type": "Feature", "properties": { "cell_id": 1653, "lon": 80.267571139124954, "lat": 13.118433345310804 }, "geometry": { "type": "Polygon", "coordinates": [ [ [ 80.269876455578384, 13.116187567373325 ], [ 80.269876455578384, 13.12067912324828 ], [ 80.265265822671523, 13.12067912324828 ], [ 80.265265822671523, 13.116187567373325 ], [ 80.269876455578384, 13.116187567373325 ] ] ] } },
{ "type": "Feature", "properties": { "cell_id": 1654, "lon": 80.272181772031814, "lat": 13.118433345310804 }, "geometry": { "type": "Polygon", "coordinates": [ [ [ 80.274487088485245, 13.116187567373325 ], [ 80.274487088485245, 13.12067912324828 ], [ 80.269876455578384, 13.12067912324828 ], [ 80.269876455578384, 13.116187567373325 ], [ 80.274487088485245, 13.116187567373325 ] ] ] } },
{ "type": "Feature", "properties": { "cell_id": 1655, "lon": 80.276792404938675, "lat": 13.118433345310804 }, "geometry": { "type": "Polygon", "coordinates": [ [ [ 80.279097721392105, 13.116187567373325 ], [ 80.279097721392105, 13.12067912324828 ], [ 80.274487088485245, 13.12067912324828 ], [ 80.274487088485245, 13.116187567373325 ], [ 80.279097721392105, 13.116187567373325 ] ] ] } },
{ "type": "Feature", "properties": { "cell_id": 1656, "lon": 80.281403037845536, "lat": 13.118433345310804 }, "geometry": { "type": "Polygon", "coordinates": [ [ [ 80.283708354298966, 13.116187567373325 ], [ 80.283708354298966, 13.12067912324828 ], [ 80.279097721392105, 13.12067912324828 ], [ 80.279097721392105, 13.116187567373325 ], [ 80.283708354298966, 13.116187567373325 ] ] ] } },
{ "type": "Feature", "properties": { "cell_id": 1657, "lon": 80.286013670752396, "lat": 13.118433345310804 }, "geometry": { "type": "Polygon", "coordinates": [ [ [ 80.288318987205827, 13.116187567373325 ], [ 80.288318987205827, 13.12067912324828 ], [ 80.283708354298966, 13.12067912324828 ], [ 80.283708354298966, 13.116187567373325 ], [ 80.288318987205827, 13.116187567373325 ] ] ] } },
{ "type": "Feature", "properties": { "cell_id": 1658, "lon": 80.290624303659257, "lat": 13.118433345310804 }, "geometry": { "type": "Polygon", "coordinates": [ [ [ 80.292929620112687, 13.116187567373325 ], [ 80.292929620112687, 13.12067912324828 ], [ 80.288318987205827, 13.12067912324828 ], [ 80.288318987205827, 13.116187567373325 ], [ 80.292929620112687, 13.116187567373325 ] ] ] } },
{ "type": "Feature", "properties": { "cell_id": 1659, "lon": 80.295234936566118, "lat": 13.118433345310804 }, "geometry": { "type": "Polygon", "coordinates": [ [ [ 80.297540253019548, 13.116187567373325 ], [ 80.297540253019548, 13.12067912324828 ], [ 80.292929620112687, 13.12067912324828 ], [ 80.292929620112687, 13.116187567373325 ], [ 80.297540253019548, 13.116187567373325 ] ] ] } },
{ "type": "Feature", "properties": { "cell_id": 1660, "lon": 80.299845569472978, "lat": 13.118433345310804 }, "geometry": { "type": "Polygon", "coordinates": [ [ [ 80.302150885926409, 13.116187567373325 ], [ 80.302150885926409, 13.12067912324828 ], [ 80.297540253019548, 13.12067912324828 ], [ 80.297540253019548, 13.116187567373325 ], [ 80.302150885926409, 13.116187567373325 ] ] ] } },
{ "type": "Feature", "properties": { "cell_id": 1672, "lon": 80.152305316453436, "lat": 13.122924901185758 }, "geometry": { "type": "Polygon", "coordinates": [ [ [ 80.154610632906866, 13.12067912324828 ], [ 80.154610632906866, 13.125170679123235 ], [ 80.15, 13.125170679123235 ], [ 80.15, 13.12067912324828 ], [ 80.154610632906866, 13.12067912324828 ] ] ] } },
{ "type": "Feature", "properties": { "cell_id": 1673, "lon": 80.156915949360297, "lat": 13.122924901185758 }, "geometry": { "type": "Polygon", "coordinates": [ [ [ 80.159221265813727, 13.12067912324828 ], [ 80.159221265813727, 13.125170679123235 ], [ 80.154610632906866, 13.125170679123235 ], [ 80.154610632906866, 13.12067912324828 ], [ 80.159221265813727, 13.12067912324828 ] ] ] } },
{ "type": "Feature", "properties": { "cell_id": 1674, "lon": 80.161526582267157, "lat": 13.122924901185758 }, "geometry": { "type": "Polygon", "coordinates": [ [ [ 80.163831898720588, 13.12067912324828 ], [ 80.163831898720588, 13.125170679123235 ], [ 80.159221265813727, 13.125170679123235 ], [ 80.159221265813727, 13.12067912324828 ], [ 80.163831898720588, 13.12067912324828 ] ] ] } },
{ "type": "Feature", "properties": { "cell_id": 1675, "lon": 80.166137215174018, "lat": 13.122924901185758 }, "geometry": { "type": "Polygon", "coordinates": [ [ [ 80.168442531627448, 13.12067912324828 ], [ 80.168442531627448, 13.125170679123235 ], [ 80.163831898720588, 13.125170679123235 ], [ 80.163831898720588, 13.12067912324828 ], [ 80.168442531627448, 13.12067912324828 ] ] ] } },
{ "type": "Feature", "properties": { "cell_id": 1676, "lon": 80.170747848080879, "lat": 13.122924901185758 }, "geometry": { "type": "Polygon", "coordinates": [ [ [ 80.173053164534309, 13.12067912324828 ], [ 80.173053164534309, 13.125170679123235 ], [ 80.168442531627448, 13.125170679123235 ], [ 80.168442531627448, 13.12067912324828 ], [ 80.173053164534309, 13.12067912324828 ] ] ] } },
{ "type": "Feature", "properties": { "cell_id": 1677, "lon": 80.17535848098774, "lat": 13.122924901185758 }, "geometry": { "type": "Polygon", "coordinates": [ [ [ 80.17766379744117, 13.12067912324828 ], [ 80.17766379744117, 13.125170679123235 ], [ 80.173053164534309, 13.125170679123235 ], [ 80.173053164534309, 13.12067912324828 ], [ 80.17766379744117, 13.12067912324828 ] ] ] } },
{ "type": "Feature", "properties": { "cell_id": 1678, "lon": 80.1799691138946, "lat": 13.122924901185758 }, "geometry": { "type": "Polygon", "coordinates": [ [ [ 80.182274430348031, 13.12067912324828 ], [ 80.182274430348031, 13.125170679123235 ], [ 80.17766379744117, 13.125170679123235 ], [ 80.17766379744117, 13.12067912324828 ], [ 80.182274430348031, 13.12067912324828 ] ] ] } },
{ "type": "Feature", "properties": { "cell_id": 1679, "lon": 80.184579746801461, "lat": 13.122924901185758 }, "geometry": { "type": "Polygon", "coordinates": [ [ [ 80.186885063254891, 13.12067912324828 ], [ 80.186885063254891, 13.125170679123235 ], [ 80.182274430348031, 13.125170679123235 ], [ 80.182274430348031, 13.12067912324828 ], [ 80.186885063254891, 13.12067912324828 ] ] ] } },
{ "type": "Feature", "properties": { "cell_id": 1680, "lon": 80.189190379708322, "lat": 13.122924901185758 }, "geometry": { "type": "Polygon", "coordinates": [ [ [ 80.191495696161752, 13.12067912324828 ], [ 80.191495696161752, 13.125170679123235 ], [ 80.186885063254891, 13.125170679123235 ], [ 80.186885063254891, 13.12067912324828 ], [ 80.191495696161752, 13.12067912324828 ] ] ] } },
{ "type": "Feature", "properties": { "cell_id": 1681, "lon": 80.193801012615182, "lat": 13.122924901185758 }, "geometry": { "type": "Polygon", "coordinates": [ [ [ 80.196106329068613, 13.12067912324828 ], [ 80.196106329068613, 13.125170679123235 ], [ 80.191495696161752, 13.125170679123235 ], [ 80.191495696161752, 13.12067912324828 ], [ 80.196106329068613, 13.12067912324828 ] ] ] } },
{ "type": "Feature", "properties": { "cell_id": 1682, "lon": 80.198411645522043, "lat": 13.122924901185758 }, "geometry": { "type": "Polygon", "coordinates": [ [ [ 80.200716961975473, 13.12067912324828 ], [ 80.200716961975473, 13.125170679123235 ], [ 80.196106329068613, 13.125170679123235 ], [ 80.196106329068613, 13.12067912324828 ], [ 80.200716961975473, 13.12067912324828 ] ] ] } },
{ "type": "Feature", "properties": { "cell_id": 1683, "lon": 80.203022278428904, "lat": 13.122924901185758 }, "geometry": { "type": "Polygon", "coordinates": [ [ [ 80.205327594882334, 13.12067912324828 ], [ 80.205327594882334, 13.125170679123235 ], [ 80.200716961975473, 13.125170679123235 ], [ 80.200716961975473, 13.12067912324828 ], [ 80.205327594882334, 13.12067912324828 ] ] ] } },
{ "type": "Feature", "properties": { "cell_id": 1684, "lon": 80.207632911335764, "lat": 13.122924901185758 }, "geometry": { "type": "Polygon", "coordinates": [ [ [ 80.209938227789195, 13.12067912324828 ], [ 80.209938227789195, 13.125170679123235 ], [ 80.205327594882334, 13.125170679123235 ], [ 80.205327594882334, 13.12067912324828 ], [ 80.209938227789195, 13.12067912324828 ] ] ] } },
{ "type": "Feature", "properties": { "cell_id": 1685, "lon": 80.212243544242625, "lat": 13.122924901185758 }, "geometry": { "type": "Polygon", "coordinates": [ [ [ 80.214548860696055, 13.12067912324828 ], [ 80.214548860696055, 13.125170679123235 ], [ 80.209938227789195, 13.125170679123235 ], [ 80.209938227789195, 13.12067912324828 ], [ 80.214548860696055, 13.12067912324828 ] ] ] } },
{ "type": "Feature", "properties": { "cell_id": 1686, "lon": 80.216854177149486, "lat": 13.122924901185758 }, "geometry": { "type": "Polygon", "coordinates": [ [ [ 80.219159493602916, 13.12067912324828 ], [ 80.219159493602916, 13.125170679123235 ], [ 80.214548860696055, 13.125170679123235 ], [ 80.214548860696055, 13.12067912324828 ], [ 80.219159493602916, 13.12067912324828 ] ] ] } },
{ "type": "Feature", "properties": { "cell_id": 1687, "lon": 80.221464810056347, "lat": 13.122924901185758 }, "geometry": { "type": "Polygon", "coordinates": [ [ [ 80.223770126509777, 13.12067912324828 ], [ 80.223770126509777, 13.125170679123235 ], [ 80.219159493602916, 13.125170679123235 ], [ 80.219159493602916, 13.12067912324828 ], [ 80.223770126509777, 13.12067912324828 ] ] ] } },
{ "type": "Feature", "properties": { "cell_id": 1688, "lon": 80.226075442963207, "lat": 13.122924901185758 }, "geometry": { "type": "Polygon", "coordinates": [ [ [ 80.228380759416638, 13.12067912324828 ], [ 80.228380759416638, 13.125170679123235 ], [ 80.223770126509777, 13.125170679123235 ], [ 80.223770126509777, 13.12067912324828 ], [ 80.228380759416638, 13.12067912324828 ] ] ] } },
{ "type": "Feature", "properties": { "cell_id": 1689, "lon": 80.230686075870068, "lat": 13.122924901185758 }, "geometry": { "type": "Polygon", "coordinates": [ [ [ 80.232991392323498, 13.12067912324828 ], [ 80.232991392323498, 13.125170679123235 ], [ 80.228380759416638, 13.125170679123235 ], [ 80.228380759416638, 13.12067912324828 ], [ 80.232991392323498, 13.12067912324828 ] ] ] } },
{ "type": "Feature", "properties": { "cell_id": 1690, "lon": 80.235296708776929, "lat": 13.122924901185758 }, "geometry": { "type": "Polygon", "coordinates": [ [ [ 80.237602025230359, 13.12067912324828 ], [ 80.237602025230359, 13.125170679123235 ], [ 80.232991392323498, 13.125170679123235 ], [ 80.232991392323498, 13.12067912324828 ], [ 80.237602025230359, 13.12067912324828 ] ] ] } },
{ "type": "Feature", "properties": { "cell_id": 1691, "lon": 80.239907341683789, "lat": 13.122924901185758 }, "geometry": { "type": "Polygon", "coordinates": [ [ [ 80.24221265813722, 13.12067912324828 ], [ 80.24221265813722, 13.125170679123235 ], [ 80.237602025230359, 13.125170679123235 ], [ 80.237602025230359, 13.12067912324828 ], [ 80.24221265813722, 13.12067912324828 ] ] ] } },
{ "type": "Feature", "properties": { "cell_id": 1692, "lon": 80.24451797459065, "lat": 13.122924901185758 }, "geometry": { "type": "Polygon", "coordinates": [ [ [ 80.24682329104408, 13.12067912324828 ], [ 80.24682329104408, 13.125170679123235 ], [ 80.24221265813722, 13.125170679123235 ], [ 80.24221265813722, 13.12067912324828 ], [ 80.24682329104408, 13.12067912324828 ] ] ] } },
{ "type": "Feature", "properties": { "cell_id": 1693, "lon": 80.249128607497511, "lat": 13.122924901185758 }, "geometry": { "type": "Polygon", "coordinates": [ [ [ 80.251433923950941, 13.12067912324828 ], [ 80.251433923950941, 13.125170679123235 ], [ 80.24682329104408, 13.125170679123235 ], [ 80.24682329104408, 13.12067912324828 ], [ 80.251433923950941, 13.12067912324828 ] ] ] } },
{ "type": "Feature", "properties": { "cell_id": 1694, "lon": 80.253739240404371, "lat": 13.122924901185758 }, "geometry": { "type": "Polygon", "coordinates": [ [ [ 80.256044556857802, 13.12067912324828 ], [ 80.256044556857802, 13.125170679123235 ], [ 80.251433923950941, 13.125170679123235 ], [ 80.251433923950941, 13.12067912324828 ], [ 80.256044556857802, 13.12067912324828 ] ] ] } },
{ "type": "Feature", "properties": { "cell_id": 1695, "lon": 80.258349873311232, "lat": 13.122924901185758 }, "geometry": { "type": "Polygon", "coordinates": [ [ [ 80.260655189764663, 13.12067912324828 ], [ 80.260655189764663, 13.125170679123235 ], [ 80.256044556857802, 13.125170679123235 ], [ 80.256044556857802, 13.12067912324828 ], [ 80.260655189764663, 13.12067912324828 ] ] ] } },
{ "type": "Feature", "properties": { "cell_id": 1696, "lon": 80.262960506218093, "lat": 13.122924901185758 }, "geometry": { "type": "Polygon", "coordinates": [ [ [ 80.265265822671523, 13.12067912324828 ], [ 80.265265822671523, 13.125170679123235 ], [ 80.260655189764663, 13.125170679123235 ], [ 80.260655189764663, 13.12067912324828 ], [ 80.265265822671523, 13.12067912324828 ] ] ] } },
{ "type": "Feature", "properties": { "cell_id": 1697, "lon": 80.267571139124954, "lat": 13.122924901185758 }, "geometry": { "type": "Polygon", "coordinates": [ [ [ 80.269876455578384, 13.12067912324828 ], [ 80.269876455578384, 13.125170679123235 ], [ 80.265265822671523, 13.125170679123235 ], [ 80.265265822671523, 13.12067912324828 ], [ 80.269876455578384, 13.12067912324828 ] ] ] } },
{ "type": "Feature", "properties": { "cell_id": 1698, "lon": 80.272181772031814, "lat": 13.122924901185758 }, "geometry": { "type": "Polygon", "coordinates": [ [ [ 80.274487088485245, 13.12067912324828 ], [ 80.274487088485245, 13.125170679123235 ], [ 80.269876455578384, 13.125170679123235 ], [ 80.269876455578384, 13.12067912324828 ], [ 80.274487088485245, 13.12067912324828 ] ] ] } },
{ "type": "Feature", "properties": { "cell_id": 1699, "lon": 80.276792404938675, "lat": 13.122924901185758 }, "geometry": { "type": "Polygon", "coordinates": [ [ [ 80.279097721392105, 13.12067912324828 ], [ 80.279097721392105, 13.125170679123235 ], [ 80.274487088485245, 13.125170679123235 ], [ 80.274487088485245, 13.12067912324828 ], [ 80.279097721392105, 13.12067912324828 ] ] ] } },
{ "type": "Feature", "properties": { "cell_id": 1700, "lon": 80.281403037845536, "lat": 13.122924901185758 }, "geometry": { "type": "Polygon", "coordinates": [ [ [ 80.283708354298966, 13.12067912324828 ], [ 80.283708354298966, 13.125170679123235 ], [ 80.279097721392105, 13.125170679123235 ], [ 80.279097721392105, 13.12067912324828 ], [ 80.283708354298966, 13.12067912324828 ] ] ] } },
{ "type": "Feature", "properties": { "cell_id": 1701, "lon": 80.286013670752396, "lat": 13.122924901185758 }, "geometry": { "type": "Polygon", "coordinates": [ [ [ 80.288318987205827, 13.12067912324828 ], [ 80.288318987205827, 13.125170679123235 ], [ 80.283708354298966, 13.125170679123235 ], [ 80.283708354298966, 13.12067912324828 ], [ 80.288318987205827, 13.12067912324828 ] ] ] } },
{ "type": "Feature", "properties": { "cell_id": 1702, "lon": 80.290624303659257, "lat": 13.122924901185758 }, "geometry": { "type": "Polygon", "coordinates": [ [ [ 80.292929620112687, 13.12067912324828 ], [ 80.292929620112687, 13.125170679123235 ], [ 80.288318987205827, 13.125170679123235 ], [ 80.288318987205827, 13.12067912324828 ], [ 80.292929620112687, 13.12067912324828 ] ] ] } },
{ "type": "Feature", "properties": { "cell_id": 1703, "lon": 80.295234936566118, "lat": 13.122924901185758 }, "geometry": { "type": "Polygon", "coordinates": [ [ [ 80.297540253019548, 13.12067912324828 ], [ 80.297540253019548, 13.125170679123235 ], [ 80.292929620112687, 13.125170679123235 ], [ 80.292929620112687, 13.12067912324828 ], [ 80.297540253019548, 13.12067912324828 ] ] ] } },
{ "type": "Feature", "properties": { "cell_id": 1704, "lon": 80.299845569472978, "lat": 13.122924901185758 }, "geometry": { "type": "Polygon", "coordinates": [ [ [ 80.302150885926409, 13.12067912324828 ], [ 80.302150885926409, 13.125170679123235 ], [ 80.297540253019548, 13.125170679123235 ], [ 80.297540253019548, 13.12067912324828 ], [ 80.302150885926409, 13.12067912324828 ] ] ] } },
{ "type": "Feature", "properties": { "cell_id": 1716, "lon": 80.152305316453436, "lat": 13.127416457060713 }, "geometry": { "type": "Polygon", "coordinates": [ [ [ 80.154610632906866, 13.125170679123235 ], [ 80.154610632906866, 13.12966223499819 ], [ 80.15, 13.12966223499819 ], [ 80.15, 13.125170679123235 ], [ 80.154610632906866, 13.125170679123235 ] ] ] } },
{ "type": "Feature", "properties": { "cell_id": 1717, "lon": 80.156915949360297, "lat": 13.127416457060713 }, "geometry": { "type": "Polygon", "coordinates": [ [ [ 80.159221265813727, 13.125170679123235 ], [ 80.159221265813727, 13.12966223499819 ], [ 80.154610632906866, 13.12966223499819 ], [ 80.154610632906866, 13.125170679123235 ], [ 80.159221265813727, 13.125170679123235 ] ] ] } },
{ "type": "Feature", "properties": { "cell_id": 1718, "lon": 80.161526582267157, "lat": 13.127416457060713 }, "geometry": { "type": "Polygon", "coordinates": [ [ [ 80.163831898720588, 13.125170679123235 ], [ 80.163831898720588, 13.12966223499819 ], [ 80.159221265813727, 13.12966223499819 ], [ 80.159221265813727, 13.125170679123235 ], [ 80.163831898720588, 13.125170679123235 ] ] ] } },
{ "type": "Feature", "properties": { "cell_id": 1719, "lon": 80.166137215174018, "lat": 13.127416457060713 }, "geometry": { "type": "Polygon", "coordinates": [ [ [ 80.168442531627448, 13.125170679123235 ], [ 80.168442531627448, 13.12966223499819 ], [ 80.163831898720588, 13.12966223499819 ], [ 80.163831898720588, 13.125170679123235 ], [ 80.168442531627448, 13.125170679123235 ] ] ] } },
{ "type": "Feature", "properties": { "cell_id": 1720, "lon": 80.170747848080879, "lat": 13.127416457060713 }, "geometry": { "type": "Polygon", "coordinates": [ [ [ 80.173053164534309, 13.125170679123235 ], [ 80.173053164534309, 13.12966223499819 ], [ 80.168442531627448, 13.12966223499819 ], [ 80.168442531627448, 13.125170679123235 ], [ 80.173053164534309, 13.125170679123235 ] ] ] } },
{ "type": "Feature", "properties": { "cell_id": 1721, "lon": 80.17535848098774, "lat": 13.127416457060713 }, "geometry": { "type": "Polygon", "coordinates": [ [ [ 80.17766379744117, 13.125170679123235 ], [ 80.17766379744117, 13.12966223499819 ], [ 80.173053164534309, 13.12966223499819 ], [ 80.173053164534309, 13.125170679123235 ], [ 80.17766379744117, 13.125170679123235 ] ] ] } },
{ "type": "Feature", "properties": { "cell_id": 1722, "lon": 80.1799691138946, "lat": 13.127416457060713 }, "geometry": { "type": "Polygon", "coordinates": [ [ [ 80.182274430348031, 13.125170679123235 ], [ 80.182274430348031, 13.12966223499819 ], [ 80.17766379744117, 13.12966223499819 ], [ 80.17766379744117, 13.125170679123235 ], [ 80.182274430348031, 13.125170679123235 ] ] ] } },
{ "type": "Feature", "properties": { "cell_id": 1723, "lon": 80.184579746801461, "lat": 13.127416457060713 }, "geometry": { "type": "Polygon", "coordinates": [ [ [ 80.186885063254891, 13.125170679123235 ], [ 80.186885063254891, 13.12966223499819 ], [ 80.182274430348031, 13.12966223499819 ], [ 80.182274430348031, 13.125170679123235 ], [ 80.186885063254891, 13.125170679123235 ] ] ] } },
{ "type": "Feature", "properties": { "cell_id": 1724, "lon": 80.189190379708322, "lat": 13.127416457060713 }, "geometry": { "type": "Polygon", "coordinates": [ [ [ 80.191495696161752, 13.125170679123235 ], [ 80.191495696161752, 13.12966223499819 ], [ 80.186885063254891, 13.12966223499819 ], [ 80.186885063254891, 13.125170679123235 ], [ 80.191495696161752, 13.125170679123235 ] ] ] } },
{ "type": "Feature", "properties": { "cell_id": 1725, "lon": 80.193801012615182, "lat": 13.127416457060713 }, "geometry": { "type": "Polygon", "coordinates": [ [ [ 80.196106329068613, 13.125170679123235 ], [ 80.196106329068613, 13.12966223499819 ], [ 80.191495696161752, 13.12966223499819 ], [ 80.191495696161752, 13.125170679123235 ], [ 80.196106329068613, 13.125170679123235 ] ] ] } },
{ "type": "Feature", "properties": { "cell_id": 1726, "lon": 80.198411645522043, "lat": 13.127416457060713 }, "geometry": { "type": "Polygon", "coordinates": [ [ [ 80.200716961975473, 13.125170679123235 ], [ 80.200716961975473, 13.12966223499819 ], [ 80.196106329068613, 13.12966223499819 ], [ 80.196106329068613, 13.125170679123235 ], [ 80.200716961975473, 13.125170679123235 ] ] ] } },
{ "type": "Feature", "properties": { "cell_id": 1727, "lon": 80.203022278428904, "lat": 13.127416457060713 }, "geometry": { "type": "Polygon", "coordinates": [ [ [ 80.205327594882334, 13.125170679123235 ], [ 80.205327594882334, 13.12966223499819 ], [ 80.200716961975473, 13.12966223499819 ], [ 80.200716961975473, 13.125170679123235 ], [ 80.205327594882334, 13.125170679123235 ] ] ] } },
{ "type": "Feature", "properties": { "cell_id": 1728, "lon": 80.207632911335764, "lat": 13.127416457060713 }, "geometry": { "type": "Polygon", "coordinates": [ [ [ 80.209938227789195, 13.125170679123235 ], [ 80.209938227789195, 13.12966223499819 ], [ 80.205327594882334, 13.12966223499819 ], [ 80.205327594882334, 13.125170679123235 ], [ 80.209938227789195, 13.125170679123235 ] ] ] } },
{ "type": "Feature", "properties": { "cell_id": 1729, "lon": 80.212243544242625, "lat": 13.127416457060713 }, "geometry": { "type": "Polygon", "coordinates": [ [ [ 80.214548860696055, 13.125170679123235 ], [ 80.214548860696055, 13.12966223499819 ], [ 80.209938227789195, 13.12966223499819 ], [ 80.209938227789195, 13.125170679123235 ], [ 80.214548860696055, 13.125170679123235 ] ] ] } },
{ "type": "Feature", "properties": { "cell_id": 1730, "lon": 80.216854177149486, "lat": 13.127416457060713 }, "geometry": { "type": "Polygon", "coordinates": [ [ [ 80.219159493602916, 13.125170679123235 ], [ 80.219159493602916, 13.12966223499819 ], [ 80.214548860696055, 13.12966223499819 ], [ 80.214548860696055, 13.125170679123235 ], [ 80.219159493602916, 13.125170679123235 ] ] ] } },
{ "type": "Feature", "properties": { "cell_id": 1731, "lon": 80.221464810056347, "lat": 13.127416457060713 }, "geometry": { "type": "Polygon", "coordinates": [ [ [ 80.223770126509777, 13.125170679123235 ], [ 80.223770126509777, 13.12966223499819 ], [ 80.219159493602916, 13.12966223499819 ], [ 80.219159493602916, 13.125170679123235 ], [ 80.223770126509777, 13.125170679123235 ] ] ] } },
{ "type": "Feature", "properties": { "cell_id": 1732, "lon": 80.226075442963207, "lat": 13.127416457060713 }, "geometry": { "type": "Polygon", "coordinates": [ [ [ 80.228380759416638, 13.125170679123235 ], [ 80.228380759416638, 13.12966223499819 ], [ 80.223770126509777, 13.12966223499819 ], [ 80.223770126509777, 13.125170679123235 ], [ 80.228380759416638, 13.125170679123235 ] ] ] } },
{ "type": "Feature", "properties": { "cell_id": 1733, "lon": 80.230686075870068, "lat": 13.127416457060713 }, "geometry": { "type": "Polygon", "coordinates": [ [ [ 80.232991392323498, 13.125170679123235 ], [ 80.232991392323498, 13.12966223499819 ], [ 80.228380759416638, 13.12966223499819 ], [ 80.228380759416638, 13.125170679123235 ], [ 80.232991392323498, 13.125170679123235 ] ] ] } },
{ "type": "Feature", "properties": { "cell_id": 1734, "lon": 80.235296708776929, "lat": 13.127416457060713 }, "geometry": { "type": "Polygon", "coordinates": [ [ [ 80.237602025230359, 13.125170679123235 ], [ 80.237602025230359, 13.12966223499819 ], [ 80.232991392323498, 13.12966223499819 ], [ 80.232991392323498, 13.125170679123235 ], [ 80.237602025230359, 13.125170679123235 ] ] ] } },
{ "type": "Feature", "properties": { "cell_id": 1735, "lon": 80.239907341683789, "lat": 13.127416457060713 }, "geometry": { "type": "Polygon", "coordinates": [ [ [ 80.24221265813722, 13.125170679123235 ], [ 80.24221265813722, 13.12966223499819 ], [ 80.237602025230359, 13.12966223499819 ], [ 80.237602025230359, 13.125170679123235 ], [ 80.24221265813722, 13.125170679123235 ] ] ] } },
{ "type": "Feature", "properties": { "cell_id": 1736, "lon": 80.24451797459065, "lat": 13.127416457060713 }, "geometry": { "type": "Polygon", "coordinates": [ [ [ 80.24682329104408, 13.125170679123235 ], [ 80.24682329104408, 13.12966223499819 ], [ 80.24221265813722, 13.12966223499819 ], [ 80.24221265813722, 13.125170679123235 ], [ 80.24682329104408, 13.125170679123235 ] ] ] } },
{ "type": "Feature", "properties": { "cell_id": 1737, "lon": 80.249128607497511, "lat": 13.127416457060713 }, "geometry": { "type": "Polygon", "coordinates": [ [ [ 80.251433923950941, 13.125170679123235 ], [ 80.251433923950941, 13.12966223499819 ], [ 80.24682329104408, 13.12966223499819 ], [ 80.24682329104408, 13.125170679123235 ], [ 80.251433923950941, 13.125170679123235 ] ] ] } },
{ "type": "Feature", "properties": { "cell_id": 1738, "lon": 80.253739240404371, "lat": 13.127416457060713 }, "geometry": { "type": "Polygon", "coordinates": [ [ [ 80.256044556857802, 13.125170679123235 ], [ 80.256044556857802, 13.12966223499819 ], [ 80.251433923950941, 13.12966223499819 ], [ 80.251433923950941, 13.125170679123235 ], [ 80.256044556857802, 13.125170679123235 ] ] ] } },
{ "type": "Feature", "properties": { "cell_id": 1739, "lon": 80.258349873311232, "lat": 13.127416457060713 }, "geometry": { "type": "Polygon", "coordinates": [ [ [ 80.260655189764663, 13.125170679123235 ], [ 80.260655189764663, 13.12966223499819 ], [ 80.256044556857802, 13.12966223499819 ], [ 80.256044556857802, 13.125170679123235 ], [ 80.260655189764663, 13.125170679123235 ] ] ] } },
{ "type": "Feature", "properties": { "cell_id": 1740, "lon": 80.262960506218093, "lat": 13.127416457060713 }, "geometry": { "type": "Polygon", "coordinates": [ [ [ 80.265265822671523, 13.125170679123235 ], [ 80.265265822671523, 13.12966223499819 ], [ 80.260655189764663, 13.12966223499819 ], [ 80.260655189764663, 13.125170679123235 ], [ 80.265265822671523, 13.125170679123235 ] ] ] } },
{ "type": "Feature", "properties": { "cell_id": 1741, "lon": 80.267571139124954, "lat": 13.127416457060713 }, "geometry": { "type": "Polygon", "coordinates": [ [ [ 80.269876455578384, 13.125170679123235 ], [ 80.269876455578384, 13.12966223499819 ], [ 80.265265822671523, 13.12966223499819 ], [ 80.265265822671523, 13.125170679123235 ], [ 80.269876455578384, 13.125170679123235 ] ] ] } },
{ "type": "Feature", "properties": { "cell_id": 1742, "lon": 80.272181772031814, "lat": 13.127416457060713 }, "geometry": { "type": "Polygon", "coordinates": [ [ [ 80.274487088485245, 13.125170679123235 ], [ 80.274487088485245, 13.12966223499819 ], [ 80.269876455578384, 13.12966223499819 ], [ 80.269876455578384, 13.125170679123235 ], [ 80.274487088485245, 13.125170679123235 ] ] ] } },
{ "type": "Feature", "properties": { "cell_id": 1743, "lon": 80.276792404938675, "lat": 13.127416457060713 }, "geometry": { "type": "Polygon", "coordinates": [ [ [ 80.279097721392105, 13.125170679123235 ], [ 80.279097721392105, 13.12966223499819 ], [ 80.274487088485245, 13.12966223499819 ], [ 80.274487088485245, 13.125170679123235 ], [ 80.279097721392105, 13.125170679123235 ] ] ] } },
{ "type": "Feature", "properties": { "cell_id": 1744, "lon": 80.281403037845536, "lat": 13.127416457060713 }, "geometry": { "type": "Polygon", "coordinates": [ [ [ 80.283708354298966, 13.125170679123235 ], [ 80.283708354298966, 13.12966223499819 ], [ 80.279097721392105, 13.12966223499819 ], [ 80.279097721392105, 13.125170679123235 ], [ 80.283708354298966, 13.125170679123235 ] ] ] } },
{ "type": "Feature", "properties": { "cell_id": 1745, "lon": 80.286013670752396, "lat": 13.127416457060713 }, "geometry": { "type": "Polygon", "coordinates": [ [ [ 80.288318987205827, 13.125170679123235 ], [ 80.288318987205827, 13.12966223499819 ], [ 80.283708354298966, 13.12966223499819 ], [ 80.283708354298966, 13.125170679123235 ], [ 80.288318987205827, 13.125170679123235 ] ] ] } },
{ "type": "Feature", "properties": { "cell_id": 1746, "lon": 80.290624303659257, "lat": 13.127416457060713 }, "geometry": { "type": "Polygon", "coordinates": [ [ [ 80.292929620112687, 13.125170679123235 ], [ 80.292929620112687, 13.12966223499819 ], [ 80.288318987205827, 13.12966223499819 ], [ 80.288318987205827, 13.125170679123235 ], [ 80.292929620112687, 13.125170679123235 ] ] ] } },
{ "type": "Feature", "properties": { "cell_id": 1747, "lon": 80.295234936566118, "lat": 13.127416457060713 }, "geometry": { "type": "Polygon", "coordinates": [ [ [ 80.297540253019548, 13.125170679123235 ], [ 80.297540253019548, 13.12966223499819 ], [ 80.292929620112687, 13.12966223499819 ], [ 80.292929620112687, 13.125170679123235 ], [ 80.297540253019548, 13.125170679123235 ] ] ] } },
{ "type": "Feature", "properties": { "cell_id": 1748, "lon": 80.299845569472978, "lat": 13.127416457060713 }, "geometry": { "type": "Polygon", "coordinates": [ [ [ 80.302150885926409, 13.125170679123235 ], [ 80.302150885926409, 13.12966223499819 ], [ 80.297540253019548, 13.12966223499819 ], [ 80.297540253019548, 13.125170679123235 ], [ 80.302150885926409, 13.125170679123235 ] ] ] } },
{ "type": "Feature", "properties": { "cell_id": 1760, "lon": 80.152305316453436, "lat": 13.131908012935668 }, "geometry": { "type": "Polygon", "coordinates": [ [ [ 80.154610632906866, 13.12966223499819 ], [ 80.154610632906866, 13.134153790873144 ], [ 80.15, 13.134153790873144 ], [ 80.15, 13.12966223499819 ], [ 80.154610632906866, 13.12966223499819 ] ] ] } },
{ "type": "Feature", "properties": { "cell_id": 1761, "lon": 80.156915949360297, "lat": 13.131908012935668 }, "geometry": { "type": "Polygon", "coordinates": [ [ [ 80.159221265813727, 13.12966223499819 ], [ 80.159221265813727, 13.134153790873144 ], [ 80.154610632906866, 13.134153790873144 ], [ 80.154610632906866, 13.12966223499819 ], [ 80.159221265813727, 13.12966223499819 ] ] ] } },
{ "type": "Feature", "properties": { "cell_id": 1762, "lon": 80.161526582267157, "lat": 13.131908012935668 }, "geometry": { "type": "Polygon", "coordinates": [ [ [ 80.163831898720588, 13.12966223499819 ], [ 80.163831898720588, 13.134153790873144 ], [ 80.159221265813727, 13.134153790873144 ], [ 80.159221265813727, 13.12966223499819 ], [ 80.163831898720588, 13.12966223499819 ] ] ] } },
{ "type": "Feature", "properties": { "cell_id": 1763, "lon": 80.166137215174018, "lat": 13.131908012935668 }, "geometry": { "type": "Polygon", "coordinates": [ [ [ 80.168442531627448, 13.12966223499819 ], [ 80.168442531627448, 13.134153790873144 ], [ 80.163831898720588, 13.134153790873144 ], [ 80.163831898720588, 13.12966223499819 ], [ 80.168442531627448, 13.12966223499819 ] ] ] } },
{ "type": "Feature", "properties": { "cell_id": 1764, "lon": 80.170747848080879, "lat": 13.131908012935668 }, "geometry": { "type": "Polygon", "coordinates": [ [ [ 80.173053164534309, 13.12966223499819 ], [ 80.173053164534309, 13.134153790873144 ], [ 80.168442531627448, 13.134153790873144 ], [ 80.168442531627448, 13.12966223499819 ], [ 80.173053164534309, 13.12966223499819 ] ] ] } },
{ "type": "Feature", "properties": { "cell_id": 1765, "lon": 80.17535848098774, "lat": 13.131908012935668 }, "geometry": { "type": "Polygon", "coordinates": [ [ [ 80.17766379744117, 13.12966223499819 ], [ 80.17766379744117, 13.134153790873144 ], [ 80.173053164534309, 13.134153790873144 ], [ 80.173053164534309, 13.12966223499819 ], [ 80.17766379744117, 13.12966223499819 ] ] ] } },
{ "type": "Feature", "properties": { "cell_id": 1766, "lon": 80.1799691138946, "lat": 13.131908012935668 }, "geometry": { "type": "Polygon", "coordinates": [ [ [ 80.182274430348031, 13.12966223499819 ], [ 80.182274430348031, 13.134153790873144 ], [ 80.17766379744117, 13.134153790873144 ], [ 80.17766379744117, 13.12966223499819 ], [ 80.182274430348031, 13.12966223499819 ] ] ] } },
{ "type": "Feature", "properties": { "cell_id": 1767, "lon": 80.184579746801461, "lat": 13.131908012935668 }, "geometry": { "type": "Polygon", "coordinates": [ [ [ 80.186885063254891, 13.12966223499819 ], [ 80.186885063254891, 13.134153790873144 ], [ 80.182274430348031, 13.134153790873144 ], [ 80.182274430348031, 13.12966223499819 ], [ 80.186885063254891, 13.12966223499819 ] ] ] } },
{ "type": "Feature", "properties": { "cell_id": 1768, "lon": 80.189190379708322, "lat": 13.131908012935668 }, "geometry": { "type": "Polygon", "coordinates": [ [ [ 80.191495696161752, 13.12966223499819 ], [ 80.191495696161752, 13.134153790873144 ], [ 80.186885063254891, 13.134153790873144 ], [ 80.186885063254891, 13.12966223499819 ], [ 80.191495696161752, 13.12966223499819 ] ] ] } },
{ "type": "Feature", "properties": { "cell_id": 1769, "lon": 80.193801012615182, "lat": 13.131908012935668 }, "geometry": { "type": "Polygon", "coordinates": [ [ [ 80.196106329068613, 13.12966223499819 ], [ 80.196106329068613, 13.134153790873144 ], [ 80.191495696161752, 13.134153790873144 ], [ 80.191495696161752, 13.12966223499819 ], [ 80.196106329068613, 13.12966223499819 ] ] ] } },
{ "type": "Feature", "properties": { "cell_id": 1770, "lon": 80.198411645522043, "lat": 13.131908012935668 }, "geometry": { "type": "Polygon", "coordinates": [ [ [ 80.200716961975473, 13.12966223499819 ], [ 80.200716961975473, 13.134153790873144 ], [ 80.196106329068613, 13.134153790873144 ], [ 80.196106329068613, 13.12966223499819 ], [ 80.200716961975473, 13.12966223499819 ] ] ] } },
{ "type": "Feature", "properties": { "cell_id": 1771, "lon": 80.203022278428904, "lat": 13.131908012935668 }, "geometry": { "type": "Polygon", "coordinates": [ [ [ 80.205327594882334, 13.12966223499819 ], [ 80.205327594882334, 13.134153790873144 ], [ 80.200716961975473, 13.134153790873144 ], [ 80.200716961975473, 13.12966223499819 ], [ 80.205327594882334, 13.12966223499819 ] ] ] } },
{ "type": "Feature", "properties": { "cell_id": 1772, "lon": 80.207632911335764, "lat": 13.131908012935668 }, "geometry": { "type": "Polygon", "coordinates": [ [ [ 80.209938227789195, 13.12966223499819 ], [ 80.209938227789195, 13.134153790873144 ], [ 80.205327594882334, 13.134153790873144 ], [ 80.205327594882334, 13.12966223499819 ], [ 80.209938227789195, 13.12966223499819 ] ] ] } },
{ "type": "Feature", "properties": { "cell_id": 1773, "lon": 80.212243544242625, "lat": 13.131908012935668 }, "geometry": { "type": "Polygon", "coordinates": [ [ [ 80.214548860696055, 13.12966223499819 ], [ 80.214548860696055, 13.134153790873144 ], [ 80.209938227789195, 13.134153790873144 ], [ 80.209938227789195, 13.12966223499819 ], [ 80.214548860696055, 13.12966223499819 ] ] ] } },
{ "type": "Feature", "properties": { "cell_id": 1774, "lon": 80.216854177149486, "lat": 13.131908012935668 }, "geometry": { "type": "Polygon", "coordinates": [ [ [ 80.219159493602916, 13.12966223499819 ], [ 80.219159493602916, 13.134153790873144 ], [ 80.214548860696055, 13.134153790873144 ], [ 80.214548860696055, 13.12966223499819 ], [ 80.219159493602916, 13.12966223499819 ] ] ] } },
{ "type": "Feature", "properties": { "cell_id": 1775, "lon": 80.221464810056347, "lat": 13.131908012935668 }, "geometry": { "type": "Polygon", "coordinates": [ [ [ 80.223770126509777, 13.12966223499819 ], [ 80.223770126509777, 13.134153790873144 ], [ 80.219159493602916, 13.134153790873144 ], [ 80.219159493602916, 13.12966223499819 ], [ 80.223770126509777, 13.12966223499819 ] ] ] } },
{ "type": "Feature", "properties": { "cell_id": 1776, "lon": 80.226075442963207, "lat": 13.131908012935668 }, "geometry": { "type": "Polygon", "coordinates": [ [ [ 80.228380759416638, 13.12966223499819 ], [ 80.228380759416638, 13.134153790873144 ], [ 80.223770126509777, 13.134153790873144 ], [ 80.223770126509777, 13.12966223499819 ], [ 80.228380759416638, 13.12966223499819 ] ] ] } },
{ "type": "Feature", "properties": { "cell_id": 1777, "lon": 80.230686075870068, "lat": 13.131908012935668 }, "geometry": { "type": "Polygon", "coordinates": [ [ [ 80.232991392323498, 13.12966223499819 ], [ 80.232991392323498, 13.134153790873144 ], [ 80.228380759416638, 13.134153790873144 ], [ 80.228380759416638, 13.12966223499819 ], [ 80.232991392323498, 13.12966223499819 ] ] ] } },
{ "type": "Feature", "properties": { "cell_id": 1778, "lon": 80.235296708776929, "lat": 13.131908012935668 }, "geometry": { "type": "Polygon", "coordinates": [ [ [ 80.237602025230359, 13.12966223499819 ], [ 80.237602025230359, 13.134153790873144 ], [ 80.232991392323498, 13.134153790873144 ], [ 80.232991392323498, 13.12966223499819 ], [ 80.237602025230359, 13.12966223499819 ] ] ] } },
{ "type": "Feature", "properties": { "cell_id": 1779, "lon": 80.239907341683789, "lat": 13.131908012935668 }, "geometry": { "type": "Polygon", "coordinates": [ [ [ 80.24221265813722, 13.12966223499819 ], [ 80.24221265813722, 13.134153790873144 ], [ 80.237602025230359, 13.134153790873144 ], [ 80.237602025230359, 13.12966223499819 ], [ 80.24221265813722, 13.12966223499819 ] ] ] } },
{ "type": "Feature", "properties": { "cell_id": 1780, "lon": 80.24451797459065, "lat": 13.131908012935668 }, "geometry": { "type": "Polygon", "coordinates": [ [ [ 80.24682329104408, 13.12966223499819 ], [ 80.24682329104408, 13.134153790873144 ], [ 80.24221265813722, 13.134153790873144 ], [ 80.24221265813722, 13.12966223499819 ], [ 80.24682329104408, 13.12966223499819 ] ] ] } },
{ "type": "Feature", "properties": { "cell_id": 1781, "lon": 80.249128607497511, "lat": 13.131908012935668 }, "geometry": { "type": "Polygon", "coordinates": [ [ [ 80.251433923950941, 13.12966223499819 ], [ 80.251433923950941, 13.134153790873144 ], [ 80.24682329104408, 13.134153790873144 ], [ 80.24682329104408, 13.12966223499819 ], [ 80.251433923950941, 13.12966223499819 ] ] ] } },
{ "type": "Feature", "properties": { "cell_id": 1782, "lon": 80.253739240404371, "lat": 13.131908012935668 }, "geometry": { "type": "Polygon", "coordinates": [ [ [ 80.256044556857802, 13.12966223499819 ], [ 80.256044556857802, 13.134153790873144 ], [ 80.251433923950941, 13.134153790873144 ], [ 80.251433923950941, 13.12966223499819 ], [ 80.256044556857802, 13.12966223499819 ] ] ] } },
{ "type": "Feature", "properties": { "cell_id": 1783, "lon": 80.258349873311232, "lat": 13.131908012935668 }, "geometry": { "type": "Polygon", "coordinates": [ [ [ 80.260655189764663, 13.12966223499819 ], [ 80.260655189764663, 13.134153790873144 ], [ 80.256044556857802, 13.134153790873144 ], [ 80.256044556857802, 13.12966223499819 ], [ 80.260655189764663, 13.12966223499819 ] ] ] } },
{ "type": "Feature", "properties": { "cell_id": 1784, "lon": 80.262960506218093, "lat": 13.131908012935668 }, "geometry": { "type": "Polygon", "coordinates": [ [ [ 80.265265822671523, 13.12966223499819 ], [ 80.265265822671523, 13.134153790873144 ], [ 80.260655189764663, 13.134153790873144 ], [ 80.260655189764663, 13.12966223499819 ], [ 80.265265822671523, 13.12966223499819 ] ] ] } },
{ "type": "Feature", "properties": { "cell_id": 1785, "lon": 80.267571139124954, "lat": 13.131908012935668 }, "geometry": { "type": "Polygon", "coordinates": [ [ [ 80.269876455578384, 13.12966223499819 ], [ 80.269876455578384, 13.134153790873144 ], [ 80.265265822671523, 13.134153790873144 ], [ 80.265265822671523, 13.12966223499819 ], [ 80.269876455578384, 13.12966223499819 ] ] ] } },
{ "type": "Feature", "properties": { "cell_id": 1786, "lon": 80.272181772031814, "lat": 13.131908012935668 }, "geometry": { "type": "Polygon", "coordinates": [ [ [ 80.274487088485245, 13.12966223499819 ], [ 80.274487088485245, 13.134153790873144 ], [ 80.269876455578384, 13.134153790873144 ], [ 80.269876455578384, 13.12966223499819 ], [ 80.274487088485245, 13.12966223499819 ] ] ] } },
{ "type": "Feature", "properties": { "cell_id": 1787, "lon": 80.276792404938675, "lat": 13.131908012935668 }, "geometry": { "type": "Polygon", "coordinates": [ [ [ 80.279097721392105, 13.12966223499819 ], [ 80.279097721392105, 13.134153790873144 ], [ 80.274487088485245, 13.134153790873144 ], [ 80.274487088485245, 13.12966223499819 ], [ 80.279097721392105, 13.12966223499819 ] ] ] } },
{ "type": "Feature", "properties": { "cell_id": 1788, "lon": 80.281403037845536, "lat": 13.131908012935668 }, "geometry": { "type": "Polygon", "coordinates": [ [ [ 80.283708354298966, 13.12966223499819 ], [ 80.283708354298966, 13.134153790873144 ], [ 80.279097721392105, 13.134153790873144 ], [ 80.279097721392105, 13.12966223499819 ], [ 80.283708354298966, 13.12966223499819 ] ] ] } },
{ "type": "Feature", "properties": { "cell_id": 1789, "lon": 80.286013670752396, "lat": 13.131908012935668 }, "geometry": { "type": "Polygon", "coordinates": [ [ [ 80.288318987205827, 13.12966223499819 ], [ 80.288318987205827, 13.134153790873144 ], [ 80.283708354298966, 13.134153790873144 ], [ 80.283708354298966, 13.12966223499819 ], [ 80.288318987205827, 13.12966223499819 ] ] ] } },
{ "type": "Feature", "properties": { "cell_id": 1790, "lon": 80.290624303659257, "lat": 13.131908012935668 }, "geometry": { "type": "Polygon", "coordinates": [ [ [ 80.292929620112687, 13.12966223499819 ], [ 80.292929620112687, 13.134153790873144 ], [ 80.288318987205827, 13.134153790873144 ], [ 80.288318987205827, 13.12966223499819 ], [ 80.292929620112687, 13.12966223499819 ] ] ] } },
{ "type": "Feature", "properties": { "cell_id": 1791, "lon": 80.295234936566118, "lat": 13.131908012935668 }, "geometry": { "type": "Polygon", "coordinates": [ [ [ 80.297540253019548, 13.12966223499819 ], [ 80.297540253019548, 13.134153790873144 ], [ 80.292929620112687, 13.134153790873144 ], [ 80.292929620112687, 13.12966223499819 ], [ 80.297540253019548, 13.12966223499819 ] ] ] } },
{ "type": "Feature", "properties": { "cell_id": 1792, "lon": 80.299845569472978, "lat": 13.131908012935668 }, "geometry": { "type": "Polygon", "coordinates": [ [ [ 80.302150885926409, 13.12966223499819 ], [ 80.302150885926409, 13.134153790873144 ], [ 80.297540253019548, 13.134153790873144 ], [ 80.297540253019548, 13.12966223499819 ], [ 80.302150885926409, 13.12966223499819 ] ] ] } },
{ "type": "Feature", "properties": { "cell_id": 1804, "lon": 80.152305316453436, "lat": 13.136399568810623 }, "geometry": { "type": "Polygon", "coordinates": [ [ [ 80.154610632906866, 13.134153790873144 ], [ 80.154610632906866, 13.138645346748099 ], [ 80.15, 13.138645346748099 ], [ 80.15, 13.134153790873144 ], [ 80.154610632906866, 13.134153790873144 ] ] ] } },
{ "type": "Feature", "properties": { "cell_id": 1805, "lon": 80.156915949360297, "lat": 13.136399568810623 }, "geometry": { "type": "Polygon", "coordinates": [ [ [ 80.159221265813727, 13.134153790873144 ], [ 80.159221265813727, 13.138645346748099 ], [ 80.154610632906866, 13.138645346748099 ], [ 80.154610632906866, 13.134153790873144 ], [ 80.159221265813727, 13.134153790873144 ] ] ] } },
{ "type": "Feature", "properties": { "cell_id": 1806, "lon": 80.161526582267157, "lat": 13.136399568810623 }, "geometry": { "type": "Polygon", "coordinates": [ [ [ 80.163831898720588, 13.134153790873144 ], [ 80.163831898720588, 13.138645346748099 ], [ 80.159221265813727, 13.138645346748099 ], [ 80.159221265813727, 13.134153790873144 ], [ 80.163831898720588, 13.134153790873144 ] ] ] } },
{ "type": "Feature", "properties": { "cell_id": 1807, "lon": 80.166137215174018, "lat": 13.136399568810623 }, "geometry": { "type": "Polygon", "coordinates": [ [ [ 80.168442531627448, 13.134153790873144 ], [ 80.168442531627448, 13.138645346748099 ], [ 80.163831898720588, 13.138645346748099 ], [ 80.163831898720588, 13.134153790873144 ], [ 80.168442531627448, 13.134153790873144 ] ] ] } },
{ "type": "Feature", "properties": { "cell_id": 1808, "lon": 80.170747848080879, "lat": 13.136399568810623 }, "geometry": { "type": "Polygon", "coordinates": [ [ [ 80.173053164534309, 13.134153790873144 ], [ 80.173053164534309, 13.138645346748099 ], [ 80.168442531627448, 13.138645346748099 ], [ 80.168442531627448, 13.134153790873144 ], [ 80.173053164534309, 13.134153790873144 ] ] ] } },
{ "type": "Feature", "properties": { "cell_id": 1809, "lon": 80.17535848098774, "lat": 13.136399568810623 }, "geometry": { "type": "Polygon", "coordinates": [ [ [ 80.17766379744117, 13.134153790873144 ], [ 80.17766379744117, 13.138645346748099 ], [ 80.173053164534309, 13.138645346748099 ], [ 80.173053164534309, 13.134153790873144 ], [ 80.17766379744117, 13.134153790873144 ] ] ] } },
{ "type": "Feature", "properties": { "cell_id": 1810, "lon": 80.1799691138946, "lat": 13.136399568810623 }, "geometry": { "type": "Polygon", "coordinates": [ [ [ 80.182274430348031, 13.134153790873144 ], [ 80.182274430348031, 13.138645346748099 ], [ 80.17766379744117, 13.138645346748099 ], [ 80.17766379744117, 13.134153790873144 ], [ 80.182274430348031, 13.134153790873144 ] ] ] } },
{ "type": "Feature", "properties": { "cell_id": 1811, "lon": 80.184579746801461, "lat": 13.136399568810623 }, "geometry": { "type": "Polygon", "coordinates": [ [ [ 80.186885063254891, 13.134153790873144 ], [ 80.186885063254891, 13.138645346748099 ], [ 80.182274430348031, 13.138645346748099 ], [ 80.182274430348031, 13.134153790873144 ], [ 80.186885063254891, 13.134153790873144 ] ] ] } },
{ "type": "Feature", "properties": { "cell_id": 1812, "lon": 80.189190379708322, "lat": 13.136399568810623 }, "geometry": { "type": "Polygon", "coordinates": [ [ [ 80.191495696161752, 13.134153790873144 ], [ 80.191495696161752, 13.138645346748099 ], [ 80.186885063254891, 13.138645346748099 ], [ 80.186885063254891, 13.134153790873144 ], [ 80.191495696161752, 13.134153790873144 ] ] ] } },
{ "type": "Feature", "properties": { "cell_id": 1813, "lon": 80.193801012615182, "lat": 13.136399568810623 }, "geometry": { "type": "Polygon", "coordinates": [ [ [ 80.196106329068613, 13.134153790873144 ], [ 80.196106329068613, 13.138645346748099 ], [ 80.191495696161752, 13.138645346748099 ], [ 80.191495696161752, 13.134153790873144 ], [ 80.196106329068613, 13.134153790873144 ] ] ] } },
{ "type": "Feature", "properties": { "cell_id": 1814, "lon": 80.198411645522043, "lat": 13.136399568810623 }, "geometry": { "type": "Polygon", "coordinates": [ [ [ 80.200716961975473, 13.134153790873144 ], [ 80.200716961975473, 13.138645346748099 ], [ 80.196106329068613, 13.138645346748099 ], [ 80.196106329068613, 13.134153790873144 ], [ 80.200716961975473, 13.134153790873144 ] ] ] } },
{ "type": "Feature", "properties": { "cell_id": 1815, "lon": 80.203022278428904, "lat": 13.136399568810623 }, "geometry": { "type": "Polygon", "coordinates": [ [ [ 80.205327594882334, 13.134153790873144 ], [ 80.205327594882334, 13.138645346748099 ], [ 80.200716961975473, 13.138645346748099 ], [ 80.200716961975473, 13.134153790873144 ], [ 80.205327594882334, 13.134153790873144 ] ] ] } },
{ "type": "Feature", "properties": { "cell_id": 1816, "lon": 80.207632911335764, "lat": 13.136399568810623 }, "geometry": { "type": "Polygon", "coordinates": [ [ [ 80.209938227789195, 13.134153790873144 ], [ 80.209938227789195, 13.138645346748099 ], [ 80.205327594882334, 13.138645346748099 ], [ 80.205327594882334, 13.134153790873144 ], [ 80.209938227789195, 13.134153790873144 ] ] ] } },
{ "type": "Feature", "properties": { "cell_id": 1817, "lon": 80.212243544242625, "lat": 13.136399568810623 }, "geometry": { "type": "Polygon", "coordinates": [ [ [ 80.214548860696055, 13.134153790873144 ], [ 80.214548860696055, 13.138645346748099 ], [ 80.209938227789195, 13.138645346748099 ], [ 80.209938227789195, 13.134153790873144 ], [ 80.214548860696055, 13.134153790873144 ] ] ] } },
{ "type": "Feature", "properties": { "cell_id": 1818, "lon": 80.216854177149486, "lat": 13.136399568810623 }, "geometry": { "type": "Polygon", "coordinates": [ [ [ 80.219159493602916, 13.134153790873144 ], [ 80.219159493602916, 13.138645346748099 ], [ 80.214548860696055, 13.138645346748099 ], [ 80.214548860696055, 13.134153790873144 ], [ 80.219159493602916, 13.134153790873144 ] ] ] } },
{ "type": "Feature", "properties": { "cell_id": 1819, "lon": 80.221464810056347, "lat": 13.136399568810623 }, "geometry": { "type": "Polygon", "coordinates": [ [ [ 80.223770126509777, 13.134153790873144 ], [ 80.223770126509777, 13.138645346748099 ], [ 80.219159493602916, 13.138645346748099 ], [ 80.219159493602916, 13.134153790873144 ], [ 80.223770126509777, 13.134153790873144 ] ] ] } },
{ "type": "Feature", "properties": { "cell_id": 1820, "lon": 80.226075442963207, "lat": 13.136399568810623 }, "geometry": { "type": "Polygon", "coordinates": [ [ [ 80.228380759416638, 13.134153790873144 ], [ 80.228380759416638, 13.138645346748099 ], [ 80.223770126509777, 13.138645346748099 ], [ 80.223770126509777, 13.134153790873144 ], [ 80.228380759416638, 13.134153790873144 ] ] ] } },
{ "type": "Feature", "properties": { "cell_id": 1821, "lon": 80.230686075870068, "lat": 13.136399568810623 }, "geometry": { "type": "Polygon", "coordinates": [ [ [ 80.232991392323498, 13.134153790873144 ], [ 80.232991392323498, 13.138645346748099 ], [ 80.228380759416638, 13.138645346748099 ], [ 80.228380759416638, 13.134153790873144 ], [ 80.232991392323498, 13.134153790873144 ] ] ] } },
{ "type": "Feature", "properties": { "cell_id": 1822, "lon": 80.235296708776929, "lat": 13.136399568810623 }, "geometry": { "type": "Polygon", "coordinates": [ [ [ 80.237602025230359, 13.134153790873144 ], [ 80.237602025230359, 13.138645346748099 ], [ 80.232991392323498, 13.138645346748099 ], [ 80.232991392323498, 13.134153790873144 ], [ 80.237602025230359, 13.134153790873144 ] ] ] } },
{ "type": "Feature", "properties": { "cell_id": 1823, "lon": 80.239907341683789, "lat": 13.136399568810623 }, "geometry": { "type": "Polygon", "coordinates": [ [ [ 80.24221265813722, 13.134153790873144 ], [ 80.24221265813722, 13.138645346748099 ], [ 80.237602025230359, 13.138645346748099 ], [ 80.237602025230359, 13.134153790873144 ], [ 80.24221265813722, 13.134153790873144 ] ] ] } },
{ "type": "Feature", "properties": { "cell_id": 1824, "lon": 80.24451797459065, "lat": 13.136399568810623 }, "geometry": { "type": "Polygon", "coordinates": [ [ [ 80.24682329104408, 13.134153790873144 ], [ 80.24682329104408, 13.138645346748099 ], [ 80.24221265813722, 13.138645346748099 ], [ 80.24221265813722, 13.134153790873144 ], [ 80.24682329104408, 13.134153790873144 ] ] ] } },
{ "type": "Feature", "properties": { "cell_id": 1825, "lon": 80.249128607497511, "lat": 13.136399568810623 }, "geometry": { "type": "Polygon", "coordinates": [ [ [ 80.251433923950941, 13.134153790873144 ], [ 80.251433923950941, 13.138645346748099 ], [ 80.24682329104408, 13.138645346748099 ], [ 80.24682329104408, 13.134153790873144 ], [ 80.251433923950941, 13.134153790873144 ] ] ] } },
{ "type": "Feature", "properties": { "cell_id": 1826, "lon": 80.253739240404371, "lat": 13.136399568810623 }, "geometry": { "type": "Polygon", "coordinates": [ [ [ 80.256044556857802, 13.134153790873144 ], [ 80.256044556857802, 13.138645346748099 ], [ 80.251433923950941, 13.138645346748099 ], [ 80.251433923950941, 13.134153790873144 ], [ 80.256044556857802, 13.134153790873144 ] ] ] } },
{ "type": "Feature", "properties": { "cell_id": 1827, "lon": 80.258349873311232, "lat": 13.136399568810623 }, "geometry": { "type": "Polygon", "coordinates": [ [ [ 80.260655189764663, 13.134153790873144 ], [ 80.260655189764663, 13.138645346748099 ], [ 80.256044556857802, 13.138645346748099 ], [ 80.256044556857802, 13.134153790873144 ], [ 80.260655189764663, 13.134153790873144 ] ] ] } },
{ "type": "Feature", "properties": { "cell_id": 1828, "lon": 80.262960506218093, "lat": 13.136399568810623 }, "geometry": { "type": "Polygon", "coordinates": [ [ [ 80.265265822671523, 13.134153790873144 ], [ 80.265265822671523, 13.138645346748099 ], [ 80.260655189764663, 13.138645346748099 ], [ 80.260655189764663, 13.134153790873144 ], [ 80.265265822671523, 13.134153790873144 ] ] ] } },
{ "type": "Feature", "properties": { "cell_id": 1829, "lon": 80.267571139124954, "lat": 13.136399568810623 }, "geometry": { "type": "Polygon", "coordinates": [ [ [ 80.269876455578384, 13.134153790873144 ], [ 80.269876455578384, 13.138645346748099 ], [ 80.265265822671523, 13.138645346748099 ], [ 80.265265822671523, 13.134153790873144 ], [ 80.269876455578384, 13.134153790873144 ] ] ] } },
{ "type": "Feature", "properties": { "cell_id": 1830, "lon": 80.272181772031814, "lat": 13.136399568810623 }, "geometry": { "type": "Polygon", "coordinates": [ [ [ 80.274487088485245, 13.134153790873144 ], [ 80.274487088485245, 13.138645346748099 ], [ 80.269876455578384, 13.138645346748099 ], [ 80.269876455578384, 13.134153790873144 ], [ 80.274487088485245, 13.134153790873144 ] ] ] } },
{ "type": "Feature", "properties": { "cell_id": 1831, "lon": 80.276792404938675, "lat": 13.136399568810623 }, "geometry": { "type": "Polygon", "coordinates": [ [ [ 80.279097721392105, 13.134153790873144 ], [ 80.279097721392105, 13.138645346748099 ], [ 80.274487088485245, 13.138645346748099 ], [ 80.274487088485245, 13.134153790873144 ], [ 80.279097721392105, 13.134153790873144 ] ] ] } },
{ "type": "Feature", "properties": { "cell_id": 1832, "lon": 80.281403037845536, "lat": 13.136399568810623 }, "geometry": { "type": "Polygon", "coordinates": [ [ [ 80.283708354298966, 13.134153790873144 ], [ 80.283708354298966, 13.138645346748099 ], [ 80.279097721392105, 13.138645346748099 ], [ 80.279097721392105, 13.134153790873144 ], [ 80.283708354298966, 13.134153790873144 ] ] ] } },
{ "type": "Feature", "properties": { "cell_id": 1833, "lon": 80.286013670752396, "lat": 13.136399568810623 }, "geometry": { "type": "Polygon", "coordinates": [ [ [ 80.288318987205827, 13.134153790873144 ], [ 80.288318987205827, 13.138645346748099 ], [ 80.283708354298966, 13.138645346748099 ], [ 80.283708354298966, 13.134153790873144 ], [ 80.288318987205827, 13.134153790873144 ] ] ] } },
{ "type": "Feature", "properties": { "cell_id": 1834, "lon": 80.290624303659257, "lat": 13.136399568810623 }, "geometry": { "type": "Polygon", "coordinates": [ [ [ 80.292929620112687, 13.134153790873144 ], [ 80.292929620112687, 13.138645346748099 ], [ 80.288318987205827, 13.138645346748099 ], [ 80.288318987205827, 13.134153790873144 ], [ 80.292929620112687, 13.134153790873144 ] ] ] } },
{ "type": "Feature", "properties": { "cell_id": 1835, "lon": 80.295234936566118, "lat": 13.136399568810623 }, "geometry": { "type": "Polygon", "coordinates": [ [ [ 80.297540253019548, 13.134153790873144 ], [ 80.297540253019548, 13.138645346748099 ], [ 80.292929620112687, 13.138645346748099 ], [ 80.292929620112687, 13.134153790873144 ], [ 80.297540253019548, 13.134153790873144 ] ] ] } },
{ "type": "Feature", "properties": { "cell_id": 1836, "lon": 80.299845569472978, "lat": 13.136399568810623 }, "geometry": { "type": "Polygon", "coordinates": [ [ [ 80.302150885926409, 13.134153790873144 ], [ 80.302150885926409, 13.138645346748099 ], [ 80.297540253019548, 13.138645346748099 ], [ 80.297540253019548, 13.134153790873144 ], [ 80.302150885926409, 13.134153790873144 ] ] ] } },
{ "type": "Feature", "properties": { "cell_id": 1848, "lon": 80.152305316453436, "lat": 13.140891124685577 }, "geometry": { "type": "Polygon", "coordinates": [ [ [ 80.154610632906866, 13.138645346748099 ], [ 80.154610632906866, 13.143136902623054 ], [ 80.15, 13.143136902623054 ], [ 80.15, 13.138645346748099 ], [ 80.154610632906866, 13.138645346748099 ] ] ] } },
{ "type": "Feature", "properties": { "cell_id": 1849, "lon": 80.156915949360297, "lat": 13.140891124685577 }, "geometry": { "type": "Polygon", "coordinates": [ [ [ 80.159221265813727, 13.138645346748099 ], [ 80.159221265813727, 13.143136902623054 ], [ 80.154610632906866, 13.143136902623054 ], [ 80.154610632906866, 13.138645346748099 ], [ 80.159221265813727, 13.138645346748099 ] ] ] } },
{ "type": "Feature", "properties": { "cell_id": 1850, "lon": 80.161526582267157, "lat": 13.140891124685577 }, "geometry": { "type": "Polygon", "coordinates": [ [ [ 80.163831898720588, 13.138645346748099 ], [ 80.163831898720588, 13.143136902623054 ], [ 80.159221265813727, 13.143136902623054 ], [ 80.159221265813727, 13.138645346748099 ], [ 80.163831898720588, 13.138645346748099 ] ] ] } },
{ "type": "Feature", "properties": { "cell_id": 1851, "lon": 80.166137215174018, "lat": 13.140891124685577 }, "geometry": { "type": "Polygon", "coordinates": [ [ [ 80.168442531627448, 13.138645346748099 ], [ 80.168442531627448, 13.143136902623054 ], [ 80.163831898720588, 13.143136902623054 ], [ 80.163831898720588, 13.138645346748099 ], [ 80.168442531627448, 13.138645346748099 ] ] ] } },
{ "type": "Feature", "properties": { "cell_id": 1852, "lon": 80.170747848080879, "lat": 13.140891124685577 }, "geometry": { "type": "Polygon", "coordinates": [ [ [ 80.173053164534309, 13.138645346748099 ], [ 80.173053164534309, 13.143136902623054 ], [ 80.168442531627448, 13.143136902623054 ], [ 80.168442531627448, 13.138645346748099 ], [ 80.173053164534309, 13.138645346748099 ] ] ] } },
{ "type": "Feature", "properties": { "cell_id": 1853, "lon": 80.17535848098774, "lat": 13.140891124685577 }, "geometry": { "type": "Polygon", "coordinates": [ [ [ 80.17766379744117, 13.138645346748099 ], [ 80.17766379744117, 13.143136902623054 ], [ 80.173053164534309, 13.143136902623054 ], [ 80.173053164534309, 13.138645346748099 ], [ 80.17766379744117, 13.138645346748099 ] ] ] } },
{ "type": "Feature", "properties": { "cell_id": 1854, "lon": 80.1799691138946, "lat": 13.140891124685577 }, "geometry": { "type": "Polygon", "coordinates": [ [ [ 80.182274430348031, 13.138645346748099 ], [ 80.182274430348031, 13.143136902623054 ], [ 80.17766379744117, 13.143136902623054 ], [ 80.17766379744117, 13.138645346748099 ], [ 80.182274430348031, 13.138645346748099 ] ] ] } },
{ "type": "Feature", "properties": { "cell_id": 1855, "lon": 80.184579746801461, "lat": 13.140891124685577 }, "geometry": { "type": "Polygon", "coordinates": [ [ [ 80.186885063254891, 13.138645346748099 ], [ 80.186885063254891, 13.143136902623054 ], [ 80.182274430348031, 13.143136902623054 ], [ 80.182274430348031, 13.138645346748099 ], [ 80.186885063254891, 13.138645346748099 ] ] ] } },
{ "type": "Feature", "properties": { "cell_id": 1856, "lon": 80.189190379708322, "lat": 13.140891124685577 }, "geometry": { "type": "Polygon", "coordinates": [ [ [ 80.191495696161752, 13.138645346748099 ], [ 80.191495696161752, 13.143136902623054 ], [ 80.186885063254891, 13.143136902623054 ], [ 80.186885063254891, 13.138645346748099 ], [ 80.191495696161752, 13.138645346748099 ] ] ] } },
{ "type": "Feature", "properties": { "cell_id": 1857, "lon": 80.193801012615182, "lat": 13.140891124685577 }, "geometry": { "type": "Polygon", "coordinates": [ [ [ 80.196106329068613, 13.138645346748099 ], [ 80.196106329068613, 13.143136902623054 ], [ 80.191495696161752, 13.143136902623054 ], [ 80.191495696161752, 13.138645346748099 ], [ 80.196106329068613, 13.138645346748099 ] ] ] } },
{ "type": "Feature", "properties": { "cell_id": 1858, "lon": 80.198411645522043, "lat": 13.140891124685577 }, "geometry": { "type": "Polygon", "coordinates": [ [ [ 80.200716961975473, 13.138645346748099 ], [ 80.200716961975473, 13.143136902623054 ], [ 80.196106329068613, 13.143136902623054 ], [ 80.196106329068613, 13.138645346748099 ], [ 80.200716961975473, 13.138645346748099 ] ] ] } },
{ "type": "Feature", "properties": { "cell_id": 1859, "lon": 80.203022278428904, "lat": 13.140891124685577 }, "geometry": { "type": "Polygon", "coordinates": [ [ [ 80.205327594882334, 13.138645346748099 ], [ 80.205327594882334, 13.143136902623054 ], [ 80.200716961975473, 13.143136902623054 ], [ 80.200716961975473, 13.138645346748099 ], [ 80.205327594882334, 13.138645346748099 ] ] ] } },
{ "type": "Feature", "properties": { "cell_id": 1860, "lon": 80.207632911335764, "lat": 13.140891124685577 }, "geometry": { "type": "Polygon", "coordinates": [ [ [ 80.209938227789195, 13.138645346748099 ], [ 80.209938227789195, 13.143136902623054 ], [ 80.205327594882334, 13.143136902623054 ], [ 80.205327594882334, 13.138645346748099 ], [ 80.209938227789195, 13.138645346748099 ] ] ] } },
{ "type": "Feature", "properties": { "cell_id": 1861, "lon": 80.212243544242625, "lat": 13.140891124685577 }, "geometry": { "type": "Polygon", "coordinates": [ [ [ 80.214548860696055, 13.138645346748099 ], [ 80.214548860696055, 13.143136902623054 ], [ 80.209938227789195, 13.143136902623054 ], [ 80.209938227789195, 13.138645346748099 ], [ 80.214548860696055, 13.138645346748099 ] ] ] } },
{ "type": "Feature", "properties": { "cell_id": 1862, "lon": 80.216854177149486, "lat": 13.140891124685577 }, "geometry": { "type": "Polygon", "coordinates": [ [ [ 80.219159493602916, 13.138645346748099 ], [ 80.219159493602916, 13.143136902623054 ], [ 80.214548860696055, 13.143136902623054 ], [ 80.214548860696055, 13.138645346748099 ], [ 80.219159493602916, 13.138645346748099 ] ] ] } },
{ "type": "Feature", "properties": { "cell_id": 1863, "lon": 80.221464810056347, "lat": 13.140891124685577 }, "geometry": { "type": "Polygon", "coordinates": [ [ [ 80.223770126509777, 13.138645346748099 ], [ 80.223770126509777, 13.143136902623054 ], [ 80.219159493602916, 13.143136902623054 ], [ 80.219159493602916, 13.138645346748099 ], [ 80.223770126509777, 13.138645346748099 ] ] ] } },
{ "type": "Feature", "properties": { "cell_id": 1864, "lon": 80.226075442963207, "lat": 13.140891124685577 }, "geometry": { "type": "Polygon", "coordinates": [ [ [ 80.228380759416638, 13.138645346748099 ], [ 80.228380759416638, 13.143136902623054 ], [ 80.223770126509777, 13.143136902623054 ], [ 80.223770126509777, 13.138645346748099 ], [ 80.228380759416638, 13.138645346748099 ] ] ] } },
{ "type": "Feature", "properties": { "cell_id": 1865, "lon": 80.230686075870068, "lat": 13.140891124685577 }, "geometry": { "type": "Polygon", "coordinates": [ [ [ 80.232991392323498, 13.138645346748099 ], [ 80.232991392323498, 13.143136902623054 ], [ 80.228380759416638, 13.143136902623054 ], [ 80.228380759416638, 13.138645346748099 ], [ 80.232991392323498, 13.138645346748099 ] ] ] } },
{ "type": "Feature", "properties": { "cell_id": 1866, "lon": 80.235296708776929, "lat": 13.140891124685577 }, "geometry": { "type": "Polygon", "coordinates": [ [ [ 80.237602025230359, 13.138645346748099 ], [ 80.237602025230359, 13.143136902623054 ], [ 80.232991392323498, 13.143136902623054 ], [ 80.232991392323498, 13.138645346748099 ], [ 80.237602025230359, 13.138645346748099 ] ] ] } },
{ "type": "Feature", "properties": { "cell_id": 1867, "lon": 80.239907341683789, "lat": 13.140891124685577 }, "geometry": { "type": "Polygon", "coordinates": [ [ [ 80.24221265813722, 13.138645346748099 ], [ 80.24221265813722, 13.143136902623054 ], [ 80.237602025230359, 13.143136902623054 ], [ 80.237602025230359, 13.138645346748099 ], [ 80.24221265813722, 13.138645346748099 ] ] ] } },
{ "type": "Feature", "properties": { "cell_id": 1868, "lon": 80.24451797459065, "lat": 13.140891124685577 }, "geometry": { "type": "Polygon", "coordinates": [ [ [ 80.24682329104408, 13.138645346748099 ], [ 80.24682329104408, 13.143136902623054 ], [ 80.24221265813722, 13.143136902623054 ], [ 80.24221265813722, 13.138645346748099 ], [ 80.24682329104408, 13.138645346748099 ] ] ] } },
{ "type": "Feature", "properties": { "cell_id": 1869, "lon": 80.249128607497511, "lat": 13.140891124685577 }, "geometry": { "type": "Polygon", "coordinates": [ [ [ 80.251433923950941, 13.138645346748099 ], [ 80.251433923950941, 13.143136902623054 ], [ 80.24682329104408, 13.143136902623054 ], [ 80.24682329104408, 13.138645346748099 ], [ 80.251433923950941, 13.138645346748099 ] ] ] } },
{ "type": "Feature", "properties": { "cell_id": 1870, "lon": 80.253739240404371, "lat": 13.140891124685577 }, "geometry": { "type": "Polygon", "coordinates": [ [ [ 80.256044556857802, 13.138645346748099 ], [ 80.256044556857802, 13.143136902623054 ], [ 80.251433923950941, 13.143136902623054 ], [ 80.251433923950941, 13.138645346748099 ], [ 80.256044556857802, 13.138645346748099 ] ] ] } },
{ "type": "Feature", "properties": { "cell_id": 1871, "lon": 80.258349873311232, "lat": 13.140891124685577 }, "geometry": { "type": "Polygon", "coordinates": [ [ [ 80.260655189764663, 13.138645346748099 ], [ 80.260655189764663, 13.143136902623054 ], [ 80.256044556857802, 13.143136902623054 ], [ 80.256044556857802, 13.138645346748099 ], [ 80.260655189764663, 13.138645346748099 ] ] ] } },
{ "type": "Feature", "properties": { "cell_id": 1872, "lon": 80.262960506218093, "lat": 13.140891124685577 }, "geometry": { "type": "Polygon", "coordinates": [ [ [ 80.265265822671523, 13.138645346748099 ], [ 80.265265822671523, 13.143136902623054 ], [ 80.260655189764663, 13.143136902623054 ], [ 80.260655189764663, 13.138645346748099 ], [ 80.265265822671523, 13.138645346748099 ] ] ] } },
{ "type": "Feature", "properties": { "cell_id": 1873, "lon": 80.267571139124954, "lat": 13.140891124685577 }, "geometry": { "type": "Polygon", "coordinates": [ [ [ 80.269876455578384, 13.138645346748099 ], [ 80.269876455578384, 13.143136902623054 ], [ 80.265265822671523, 13.143136902623054 ], [ 80.265265822671523, 13.138645346748099 ], [ 80.269876455578384, 13.138645346748099 ] ] ] } },
{ "type": "Feature", "properties": { "cell_id": 1874, "lon": 80.272181772031814, "lat": 13.140891124685577 }, "geometry": { "type": "Polygon", "coordinates": [ [ [ 80.274487088485245, 13.138645346748099 ], [ 80.274487088485245, 13.143136902623054 ], [ 80.269876455578384, 13.143136902623054 ], [ 80.269876455578384, 13.138645346748099 ], [ 80.274487088485245, 13.138645346748099 ] ] ] } },
{ "type": "Feature", "properties": { "cell_id": 1875, "lon": 80.276792404938675, "lat": 13.140891124685577 }, "geometry": { "type": "Polygon", "coordinates": [ [ [ 80.279097721392105, 13.138645346748099 ], [ 80.279097721392105, 13.143136902623054 ], [ 80.274487088485245, 13.143136902623054 ], [ 80.274487088485245, 13.138645346748099 ], [ 80.279097721392105, 13.138645346748099 ] ] ] } },
{ "type": "Feature", "properties": { "cell_id": 1876, "lon": 80.281403037845536, "lat": 13.140891124685577 }, "geometry": { "type": "Polygon", "coordinates": [ [ [ 80.283708354298966, 13.138645346748099 ], [ 80.283708354298966, 13.143136902623054 ], [ 80.279097721392105, 13.143136902623054 ], [ 80.279097721392105, 13.138645346748099 ], [ 80.283708354298966, 13.138645346748099 ] ] ] } },
{ "type": "Feature", "properties": { "cell_id": 1877, "lon": 80.286013670752396, "lat": 13.140891124685577 }, "geometry": { "type": "Polygon", "coordinates": [ [ [ 80.288318987205827, 13.138645346748099 ], [ 80.288318987205827, 13.143136902623054 ], [ 80.283708354298966, 13.143136902623054 ], [ 80.283708354298966, 13.138645346748099 ], [ 80.288318987205827, 13.138645346748099 ] ] ] } },
{ "type": "Feature", "properties": { "cell_id": 1878, "lon": 80.290624303659257, "lat": 13.140891124685577 }, "geometry": { "type": "Polygon", "coordinates": [ [ [ 80.292929620112687, 13.138645346748099 ], [ 80.292929620112687, 13.143136902623054 ], [ 80.288318987205827, 13.143136902623054 ], [ 80.288318987205827, 13.138645346748099 ], [ 80.292929620112687, 13.138645346748099 ] ] ] } },
{ "type": "Feature", "properties": { "cell_id": 1879, "lon": 80.295234936566118, "lat": 13.140891124685577 }, "geometry": { "type": "Polygon", "coordinates": [ [ [ 80.297540253019548, 13.138645346748099 ], [ 80.297540253019548, 13.143136902623054 ], [ 80.292929620112687, 13.143136902623054 ], [ 80.292929620112687, 13.138645346748099 ], [ 80.297540253019548, 13.138645346748099 ] ] ] } },
{ "type": "Feature", "properties": { "cell_id": 1880, "lon": 80.299845569472978, "lat": 13.140891124685577 }, "geometry": { "type": "Polygon", "coordinates": [ [ [ 80.302150885926409, 13.138645346748099 ], [ 80.302150885926409, 13.143136902623054 ], [ 80.297540253019548, 13.143136902623054 ], [ 80.297540253019548, 13.138645346748099 ], [ 80.302150885926409, 13.138645346748099 ] ] ] } },
{ "type": "Feature", "properties": { "cell_id": 1892, "lon": 80.152305316453436, "lat": 13.145382680560532 }, "geometry": { "type": "Polygon", "coordinates": [ [ [ 80.154610632906866, 13.143136902623054 ], [ 80.154610632906866, 13.147628458498009 ], [ 80.15, 13.147628458498009 ], [ 80.15, 13.143136902623054 ], [ 80.154610632906866, 13.143136902623054 ] ] ] } },
{ "type": "Feature", "properties": { "cell_id": 1893, "lon": 80.156915949360297, "lat": 13.145382680560532 }, "geometry": { "type": "Polygon", "coordinates": [ [ [ 80.159221265813727, 13.143136902623054 ], [ 80.159221265813727, 13.147628458498009 ], [ 80.154610632906866, 13.147628458498009 ], [ 80.154610632906866, 13.143136902623054 ], [ 80.159221265813727, 13.143136902623054 ] ] ] } },
{ "type": "Feature", "properties": { "cell_id": 1894, "lon": 80.161526582267157, "lat": 13.145382680560532 }, "geometry": { "type": "Polygon", "coordinates": [ [ [ 80.163831898720588, 13.143136902623054 ], [ 80.163831898720588, 13.147628458498009 ], [ 80.159221265813727, 13.147628458498009 ], [ 80.159221265813727, 13.143136902623054 ], [ 80.163831898720588, 13.143136902623054 ] ] ] } },
{ "type": "Feature", "properties": { "cell_id": 1895, "lon": 80.166137215174018, "lat": 13.145382680560532 }, "geometry": { "type": "Polygon", "coordinates": [ [ [ 80.168442531627448, 13.143136902623054 ], [ 80.168442531627448, 13.147628458498009 ], [ 80.163831898720588, 13.147628458498009 ], [ 80.163831898720588, 13.143136902623054 ], [ 80.168442531627448, 13.143136902623054 ] ] ] } },
{ "type": "Feature", "properties": { "cell_id": 1896, "lon": 80.170747848080879, "lat": 13.145382680560532 }, "geometry": { "type": "Polygon", "coordinates": [ [ [ 80.173053164534309, 13.143136902623054 ], [ 80.173053164534309, 13.147628458498009 ], [ 80.168442531627448, 13.147628458498009 ], [ 80.168442531627448, 13.143136902623054 ], [ 80.173053164534309, 13.143136902623054 ] ] ] } },
{ "type": "Feature", "properties": { "cell_id": 1897, "lon": 80.17535848098774, "lat": 13.145382680560532 }, "geometry": { "type": "Polygon", "coordinates": [ [ [ 80.17766379744117, 13.143136902623054 ], [ 80.17766379744117, 13.147628458498009 ], [ 80.173053164534309, 13.147628458498009 ], [ 80.173053164534309, 13.143136902623054 ], [ 80.17766379744117, 13.143136902623054 ] ] ] } },
{ "type": "Feature", "properties": { "cell_id": 1898, "lon": 80.1799691138946, "lat": 13.145382680560532 }, "geometry": { "type": "Polygon", "coordinates": [ [ [ 80.182274430348031, 13.143136902623054 ], [ 80.182274430348031, 13.147628458498009 ], [ 80.17766379744117, 13.147628458498009 ], [ 80.17766379744117, 13.143136902623054 ], [ 80.182274430348031, 13.143136902623054 ] ] ] } },
{ "type": "Feature", "properties": { "cell_id": 1899, "lon": 80.184579746801461, "lat": 13.145382680560532 }, "geometry": { "type": "Polygon", "coordinates": [ [ [ 80.186885063254891, 13.143136902623054 ], [ 80.186885063254891, 13.147628458498009 ], [ 80.182274430348031, 13.147628458498009 ], [ 80.182274430348031, 13.143136902623054 ], [ 80.186885063254891, 13.143136902623054 ] ] ] } },
{ "type": "Feature", "properties": { "cell_id": 1900, "lon": 80.189190379708322, "lat": 13.145382680560532 }, "geometry": { "type": "Polygon", "coordinates": [ [ [ 80.191495696161752, 13.143136902623054 ], [ 80.191495696161752, 13.147628458498009 ], [ 80.186885063254891, 13.147628458498009 ], [ 80.186885063254891, 13.143136902623054 ], [ 80.191495696161752, 13.143136902623054 ] ] ] } },
{ "type": "Feature", "properties": { "cell_id": 1901, "lon": 80.193801012615182, "lat": 13.145382680560532 }, "geometry": { "type": "Polygon", "coordinates": [ [ [ 80.196106329068613, 13.143136902623054 ], [ 80.196106329068613, 13.147628458498009 ], [ 80.191495696161752, 13.147628458498009 ], [ 80.191495696161752, 13.143136902623054 ], [ 80.196106329068613, 13.143136902623054 ] ] ] } },
{ "type": "Feature", "properties": { "cell_id": 1902, "lon": 80.198411645522043, "lat": 13.145382680560532 }, "geometry": { "type": "Polygon", "coordinates": [ [ [ 80.200716961975473, 13.143136902623054 ], [ 80.200716961975473, 13.147628458498009 ], [ 80.196106329068613, 13.147628458498009 ], [ 80.196106329068613, 13.143136902623054 ], [ 80.200716961975473, 13.143136902623054 ] ] ] } },
{ "type": "Feature", "properties": { "cell_id": 1903, "lon": 80.203022278428904, "lat": 13.145382680560532 }, "geometry": { "type": "Polygon", "coordinates": [ [ [ 80.205327594882334, 13.143136902623054 ], [ 80.205327594882334, 13.147628458498009 ], [ 80.200716961975473, 13.147628458498009 ], [ 80.200716961975473, 13.143136902623054 ], [ 80.205327594882334, 13.143136902623054 ] ] ] } },
{ "type": "Feature", "properties": { "cell_id": 1904, "lon": 80.207632911335764, "lat": 13.145382680560532 }, "geometry": { "type": "Polygon", "coordinates": [ [ [ 80.209938227789195, 13.143136902623054 ], [ 80.209938227789195, 13.147628458498009 ], [ 80.205327594882334, 13.147628458498009 ], [ 80.205327594882334, 13.143136902623054 ], [ 80.209938227789195, 13.143136902623054 ] ] ] } },
{ "type": "Feature", "properties": { "cell_id": 1905, "lon": 80.212243544242625, "lat": 13.145382680560532 }, "geometry": { "type": "Polygon", "coordinates": [ [ [ 80.214548860696055, 13.143136902623054 ], [ 80.214548860696055, 13.147628458498009 ], [ 80.209938227789195, 13.147628458498009 ], [ 80.209938227789195, 13.143136902623054 ], [ 80.214548860696055, 13.143136902623054 ] ] ] } },
{ "type": "Feature", "properties": { "cell_id": 1906, "lon": 80.216854177149486, "lat": 13.145382680560532 }, "geometry": { "type": "Polygon", "coordinates": [ [ [ 80.219159493602916, 13.143136902623054 ], [ 80.219159493602916, 13.147628458498009 ], [ 80.214548860696055, 13.147628458498009 ], [ 80.214548860696055, 13.143136902623054 ], [ 80.219159493602916, 13.143136902623054 ] ] ] } },
{ "type": "Feature", "properties": { "cell_id": 1907, "lon": 80.221464810056347, "lat": 13.145382680560532 }, "geometry": { "type": "Polygon", "coordinates": [ [ [ 80.223770126509777, 13.143136902623054 ], [ 80.223770126509777, 13.147628458498009 ], [ 80.219159493602916, 13.147628458498009 ], [ 80.219159493602916, 13.143136902623054 ], [ 80.223770126509777, 13.143136902623054 ] ] ] } },
{ "type": "Feature", "properties": { "cell_id": 1908, "lon": 80.226075442963207, "lat": 13.145382680560532 }, "geometry": { "type": "Polygon", "coordinates": [ [ [ 80.228380759416638, 13.143136902623054 ], [ 80.228380759416638, 13.147628458498009 ], [ 80.223770126509777, 13.147628458498009 ], [ 80.223770126509777, 13.143136902623054 ], [ 80.228380759416638, 13.143136902623054 ] ] ] } },
{ "type": "Feature", "properties": { "cell_id": 1909, "lon": 80.230686075870068, "lat": 13.145382680560532 }, "geometry": { "type": "Polygon", "coordinates": [ [ [ 80.232991392323498, 13.143136902623054 ], [ 80.232991392323498, 13.147628458498009 ], [ 80.228380759416638, 13.147628458498009 ], [ 80.228380759416638, 13.143136902623054 ], [ 80.232991392323498, 13.143136902623054 ] ] ] } },
{ "type": "Feature", "properties": { "cell_id": 1910, "lon": 80.235296708776929, "lat": 13.145382680560532 }, "geometry": { "type": "Polygon", "coordinates": [ [ [ 80.237602025230359, 13.143136902623054 ], [ 80.237602025230359, 13.147628458498009 ], [ 80.232991392323498, 13.147628458498009 ], [ 80.232991392323498, 13.143136902623054 ], [ 80.237602025230359, 13.143136902623054 ] ] ] } },
{ "type": "Feature", "properties": { "cell_id": 1911, "lon": 80.239907341683789, "lat": 13.145382680560532 }, "geometry": { "type": "Polygon", "coordinates": [ [ [ 80.24221265813722, 13.143136902623054 ], [ 80.24221265813722, 13.147628458498009 ], [ 80.237602025230359, 13.147628458498009 ], [ 80.237602025230359, 13.143136902623054 ], [ 80.24221265813722, 13.143136902623054 ] ] ] } },
{ "type": "Feature", "properties": { "cell_id": 1912, "lon": 80.24451797459065, "lat": 13.145382680560532 }, "geometry": { "type": "Polygon", "coordinates": [ [ [ 80.24682329104408, 13.143136902623054 ], [ 80.24682329104408, 13.147628458498009 ], [ 80.24221265813722, 13.147628458498009 ], [ 80.24221265813722, 13.143136902623054 ], [ 80.24682329104408, 13.143136902623054 ] ] ] } },
{ "type": "Feature", "properties": { "cell_id": 1913, "lon": 80.249128607497511, "lat": 13.145382680560532 }, "geometry": { "type": "Polygon", "coordinates": [ [ [ 80.251433923950941, 13.143136902623054 ], [ 80.251433923950941, 13.147628458498009 ], [ 80.24682329104408, 13.147628458498009 ], [ 80.24682329104408, 13.143136902623054 ], [ 80.251433923950941, 13.143136902623054 ] ] ] } },
{ "type": "Feature", "properties": { "cell_id": 1914, "lon": 80.253739240404371, "lat": 13.145382680560532 }, "geometry": { "type": "Polygon", "coordinates": [ [ [ 80.256044556857802, 13.143136902623054 ], [ 80.256044556857802, 13.147628458498009 ], [ 80.251433923950941, 13.147628458498009 ], [ 80.251433923950941, 13.143136902623054 ], [ 80.256044556857802, 13.143136902623054 ] ] ] } },
{ "type": "Feature", "properties": { "cell_id": 1915, "lon": 80.258349873311232, "lat": 13.145382680560532 }, "geometry": { "type": "Polygon", "coordinates": [ [ [ 80.260655189764663, 13.143136902623054 ], [ 80.260655189764663, 13.147628458498009 ], [ 80.256044556857802, 13.147628458498009 ], [ 80.256044556857802, 13.143136902623054 ], [ 80.260655189764663, 13.143136902623054 ] ] ] } },
{ "type": "Feature", "properties": { "cell_id": 1916, "lon": 80.262960506218093, "lat": 13.145382680560532 }, "geometry": { "type": "Polygon", "coordinates": [ [ [ 80.265265822671523, 13.143136902623054 ], [ 80.265265822671523, 13.147628458498009 ], [ 80.260655189764663, 13.147628458498009 ], [ 80.260655189764663, 13.143136902623054 ], [ 80.265265822671523, 13.143136902623054 ] ] ] } },
{ "type": "Feature", "properties": { "cell_id": 1917, "lon": 80.267571139124954, "lat": 13.145382680560532 }, "geometry": { "type": "Polygon", "coordinates": [ [ [ 80.269876455578384, 13.143136902623054 ], [ 80.269876455578384, 13.147628458498009 ], [ 80.265265822671523, 13.147628458498009 ], [ 80.265265822671523, 13.143136902623054 ], [ 80.269876455578384, 13.143136902623054 ] ] ] } },
{ "type": "Feature", "properties": { "cell_id": 1918, "lon": 80.272181772031814, "lat": 13.145382680560532 }, "geometry": { "type": "Polygon", "coordinates": [ [ [ 80.274487088485245, 13.143136902623054 ], [ 80.274487088485245, 13.147628458498009 ], [ 80.269876455578384, 13.147628458498009 ], [ 80.269876455578384, 13.143136902623054 ], [ 80.274487088485245, 13.143136902623054 ] ] ] } },
{ "type": "Feature", "properties": { "cell_id": 1919, "lon": 80.276792404938675, "lat": 13.145382680560532 }, "geometry": { "type": "Polygon", "coordinates": [ [ [ 80.279097721392105, 13.143136902623054 ], [ 80.279097721392105, 13.147628458498009 ], [ 80.274487088485245, 13.147628458498009 ], [ 80.274487088485245, 13.143136902623054 ], [ 80.279097721392105, 13.143136902623054 ] ] ] } },
{ "type": "Feature", "properties": { "cell_id": 1920, "lon": 80.281403037845536, "lat": 13.145382680560532 }, "geometry": { "type": "Polygon", "coordinates": [ [ [ 80.283708354298966, 13.143136902623054 ], [ 80.283708354298966, 13.147628458498009 ], [ 80.279097721392105, 13.147628458498009 ], [ 80.279097721392105, 13.143136902623054 ], [ 80.283708354298966, 13.143136902623054 ] ] ] } },
{ "type": "Feature", "properties": { "cell_id": 1921, "lon": 80.286013670752396, "lat": 13.145382680560532 }, "geometry": { "type": "Polygon", "coordinates": [ [ [ 80.288318987205827, 13.143136902623054 ], [ 80.288318987205827, 13.147628458498009 ], [ 80.283708354298966, 13.147628458498009 ], [ 80.283708354298966, 13.143136902623054 ], [ 80.288318987205827, 13.143136902623054 ] ] ] } },
{ "type": "Feature", "properties": { "cell_id": 1922, "lon": 80.290624303659257, "lat": 13.145382680560532 }, "geometry": { "type": "Polygon", "coordinates": [ [ [ 80.292929620112687, 13.143136902623054 ], [ 80.292929620112687, 13.147628458498009 ], [ 80.288318987205827, 13.147628458498009 ], [ 80.288318987205827, 13.143136902623054 ], [ 80.292929620112687, 13.143136902623054 ] ] ] } },
{ "type": "Feature", "properties": { "cell_id": 1923, "lon": 80.295234936566118, "lat": 13.145382680560532 }, "geometry": { "type": "Polygon", "coordinates": [ [ [ 80.297540253019548, 13.143136902623054 ], [ 80.297540253019548, 13.147628458498009 ], [ 80.292929620112687, 13.147628458498009 ], [ 80.292929620112687, 13.143136902623054 ], [ 80.297540253019548, 13.143136902623054 ] ] ] } },
{ "type": "Feature", "properties": { "cell_id": 1924, "lon": 80.299845569472978, "lat": 13.145382680560532 }, "geometry": { "type": "Polygon", "coordinates": [ [ [ 80.302150885926409, 13.143136902623054 ], [ 80.302150885926409, 13.147628458498009 ], [ 80.297540253019548, 13.147628458498009 ], [ 80.297540253019548, 13.143136902623054 ], [ 80.302150885926409, 13.143136902623054 ] ] ] } },
{ "type": "Feature", "properties": { "cell_id": 1936, "lon": 80.152305316453436, "lat": 13.149874236435487 }, "geometry": { "type": "Polygon", "coordinates": [ [ [ 80.154610632906866, 13.147628458498009 ], [ 80.154610632906866, 13.152120014372963 ], [ 80.15, 13.152120014372963 ], [ 80.15, 13.147628458498009 ], [ 80.154610632906866, 13.147628458498009 ] ] ] } },
{ "type": "Feature", "properties": { "cell_id": 1937, "lon": 80.156915949360297, "lat": 13.149874236435487 }, "geometry": { "type": "Polygon", "coordinates": [ [ [ 80.159221265813727, 13.147628458498009 ], [ 80.159221265813727, 13.152120014372963 ], [ 80.154610632906866, 13.152120014372963 ], [ 80.154610632906866, 13.147628458498009 ], [ 80.159221265813727, 13.147628458498009 ] ] ] } },
{ "type": "Feature", "properties": { "cell_id": 1938, "lon": 80.161526582267157, "lat": 13.149874236435487 }, "geometry": { "type": "Polygon", "coordinates": [ [ [ 80.163831898720588, 13.147628458498009 ], [ 80.163831898720588, 13.152120014372963 ], [ 80.159221265813727, 13.152120014372963 ], [ 80.159221265813727, 13.147628458498009 ], [ 80.163831898720588, 13.147628458498009 ] ] ] } },
{ "type": "Feature", "properties": { "cell_id": 1939, "lon": 80.166137215174018, "lat": 13.149874236435487 }, "geometry": { "type": "Polygon", "coordinates": [ [ [ 80.168442531627448, 13.147628458498009 ], [ 80.168442531627448, 13.152120014372963 ], [ 80.163831898720588, 13.152120014372963 ], [ 80.163831898720588, 13.147628458498009 ], [ 80.168442531627448, 13.147628458498009 ] ] ] } },
{ "type": "Feature", "properties": { "cell_id": 1940, "lon": 80.170747848080879, "lat": 13.149874236435487 }, "geometry": { "type": "Polygon", "coordinates": [ [ [ 80.173053164534309, 13.147628458498009 ], [ 80.173053164534309, 13.152120014372963 ], [ 80.168442531627448, 13.152120014372963 ], [ 80.168442531627448, 13.147628458498009 ], [ 80.173053164534309, 13.147628458498009 ] ] ] } },
{ "type": "Feature", "properties": { "cell_id": 1941, "lon": 80.17535848098774, "lat": 13.149874236435487 }, "geometry": { "type": "Polygon", "coordinates": [ [ [ 80.17766379744117, 13.147628458498009 ], [ 80.17766379744117, 13.152120014372963 ], [ 80.173053164534309, 13.152120014372963 ], [ 80.173053164534309, 13.147628458498009 ], [ 80.17766379744117, 13.147628458498009 ] ] ] } },
{ "type": "Feature", "properties": { "cell_id": 1942, "lon": 80.1799691138946, "lat": 13.149874236435487 }, "geometry": { "type": "Polygon", "coordinates": [ [ [ 80.182274430348031, 13.147628458498009 ], [ 80.182274430348031, 13.152120014372963 ], [ 80.17766379744117, 13.152120014372963 ], [ 80.17766379744117, 13.147628458498009 ], [ 80.182274430348031, 13.147628458498009 ] ] ] } },
{ "type": "Feature", "properties": { "cell_id": 1943, "lon": 80.184579746801461, "lat": 13.149874236435487 }, "geometry": { "type": "Polygon", "coordinates": [ [ [ 80.186885063254891, 13.147628458498009 ], [ 80.186885063254891, 13.152120014372963 ], [ 80.182274430348031, 13.152120014372963 ], [ 80.182274430348031, 13.147628458498009 ], [ 80.186885063254891, 13.147628458498009 ] ] ] } },
{ "type": "Feature", "properties": { "cell_id": 1944, "lon": 80.189190379708322, "lat": 13.149874236435487 }, "geometry": { "type": "Polygon", "coordinates": [ [ [ 80.191495696161752, 13.147628458498009 ], [ 80.191495696161752, 13.152120014372963 ], [ 80.186885063254891, 13.152120014372963 ], [ 80.186885063254891, 13.147628458498009 ], [ 80.191495696161752, 13.147628458498009 ] ] ] } },
{ "type": "Feature", "properties": { "cell_id": 1945, "lon": 80.193801012615182, "lat": 13.149874236435487 }, "geometry": { "type": "Polygon", "coordinates": [ [ [ 80.196106329068613, 13.147628458498009 ], [ 80.196106329068613, 13.152120014372963 ], [ 80.191495696161752, 13.152120014372963 ], [ 80.191495696161752, 13.147628458498009 ], [ 80.196106329068613, 13.147628458498009 ] ] ] } },
{ "type": "Feature", "properties": { "cell_id": 1946, "lon": 80.198411645522043, "lat": 13.149874236435487 }, "geometry": { "type": "Polygon", "coordinates": [ [ [ 80.200716961975473, 13.147628458498009 ], [ 80.200716961975473, 13.152120014372963 ], [ 80.196106329068613, 13.152120014372963 ], [ 80.196106329068613, 13.147628458498009 ], [ 80.200716961975473, 13.147628458498009 ] ] ] } },
{ "type": "Feature", "properties": { "cell_id": 1947, "lon": 80.203022278428904, "lat": 13.149874236435487 }, "geometry": { "type": "Polygon", "coordinates": [ [ [ 80.205327594882334, 13.147628458498009 ], [ 80.205327594882334, 13.152120014372963 ], [ 80.200716961975473, 13.152120014372963 ], [ 80.200716961975473, 13.147628458498009 ], [ 80.205327594882334, 13.147628458498009 ] ] ] } },
{ "type": "Feature", "properties": { "cell_id": 1948, "lon": 80.207632911335764, "lat": 13.149874236435487 }, "geometry": { "type": "Polygon", "coordinates": [ [ [ 80.209938227789195, 13.147628458498009 ], [ 80.209938227789195, 13.152120014372963 ], [ 80.205327594882334, 13.152120014372963 ], [ 80.205327594882334, 13.147628458498009 ], [ 80.209938227789195, 13.147628458498009 ] ] ] } },
{ "type": "Feature", "properties": { "cell_id": 1949, "lon": 80.212243544242625, "lat": 13.149874236435487 }, "geometry": { "type": "Polygon", "coordinates": [ [ [ 80.214548860696055, 13.147628458498009 ], [ 80.214548860696055, 13.152120014372963 ], [ 80.209938227789195, 13.152120014372963 ], [ 80.209938227789195, 13.147628458498009 ], [ 80.214548860696055, 13.147628458498009 ] ] ] } },
{ "type": "Feature", "properties": { "cell_id": 1950, "lon": 80.216854177149486, "lat": 13.149874236435487 }, "geometry": { "type": "Polygon", "coordinates": [ [ [ 80.219159493602916, 13.147628458498009 ], [ 80.219159493602916, 13.152120014372963 ], [ 80.214548860696055, 13.152120014372963 ], [ 80.214548860696055, 13.147628458498009 ], [ 80.219159493602916, 13.147628458498009 ] ] ] } },
{ "type": "Feature", "properties": { "cell_id": 1951, "lon": 80.221464810056347, "lat": 13.149874236435487 }, "geometry": { "type": "Polygon", "coordinates": [ [ [ 80.223770126509777, 13.147628458498009 ], [ 80.223770126509777, 13.152120014372963 ], [ 80.219159493602916, 13.152120014372963 ], [ 80.219159493602916, 13.147628458498009 ], [ 80.223770126509777, 13.147628458498009 ] ] ] } },
{ "type": "Feature", "properties": { "cell_id": 1952, "lon": 80.226075442963207, "lat": 13.149874236435487 }, "geometry": { "type": "Polygon", "coordinates": [ [ [ 80.228380759416638, 13.147628458498009 ], [ 80.228380759416638, 13.152120014372963 ], [ 80.223770126509777, 13.152120014372963 ], [ 80.223770126509777, 13.147628458498009 ], [ 80.228380759416638, 13.147628458498009 ] ] ] } },
{ "type": "Feature", "properties": { "cell_id": 1953, "lon": 80.230686075870068, "lat": 13.149874236435487 }, "geometry": { "type": "Polygon", "coordinates": [ [ [ 80.232991392323498, 13.147628458498009 ], [ 80.232991392323498, 13.152120014372963 ], [ 80.228380759416638, 13.152120014372963 ], [ 80.228380759416638, 13.147628458498009 ], [ 80.232991392323498, 13.147628458498009 ] ] ] } },
{ "type": "Feature", "properties": { "cell_id": 1954, "lon": 80.235296708776929, "lat": 13.149874236435487 }, "geometry": { "type": "Polygon", "coordinates": [ [ [ 80.237602025230359, 13.147628458498009 ], [ 80.237602025230359, 13.152120014372963 ], [ 80.232991392323498, 13.152120014372963 ], [ 80.232991392323498, 13.147628458498009 ], [ 80.237602025230359, 13.147628458498009 ] ] ] } },
{ "type": "Feature", "properties": { "cell_id": 1955, "lon": 80.239907341683789, "lat": 13.149874236435487 }, "geometry": { "type": "Polygon", "coordinates": [ [ [ 80.24221265813722, 13.147628458498009 ], [ 80.24221265813722, 13.152120014372963 ], [ 80.237602025230359, 13.152120014372963 ], [ 80.237602025230359, 13.147628458498009 ], [ 80.24221265813722, 13.147628458498009 ] ] ] } },
{ "type": "Feature", "properties": { "cell_id": 1956, "lon": 80.24451797459065, "lat": 13.149874236435487 }, "geometry": { "type": "Polygon", "coordinates": [ [ [ 80.24682329104408, 13.147628458498009 ], [ 80.24682329104408, 13.152120014372963 ], [ 80.24221265813722, 13.152120014372963 ], [ 80.24221265813722, 13.147628458498009 ], [ 80.24682329104408, 13.147628458498009 ] ] ] } },
{ "type": "Feature", "properties": { "cell_id": 1957, "lon": 80.249128607497511, "lat": 13.149874236435487 }, "geometry": { "type": "Polygon", "coordinates": [ [ [ 80.251433923950941, 13.147628458498009 ], [ 80.251433923950941, 13.152120014372963 ], [ 80.24682329104408, 13.152120014372963 ], [ 80.24682329104408, 13.147628458498009 ], [ 80.251433923950941, 13.147628458498009 ] ] ] } },
{ "type": "Feature", "properties": { "cell_id": 1958, "lon": 80.253739240404371, "lat": 13.149874236435487 }, "geometry": { "type": "Polygon", "coordinates": [ [ [ 80.256044556857802, 13.147628458498009 ], [ 80.256044556857802, 13.152120014372963 ], [ 80.251433923950941, 13.152120014372963 ], [ 80.251433923950941, 13.147628458498009 ], [ 80.256044556857802, 13.147628458498009 ] ] ] } },
{ "type": "Feature", "properties": { "cell_id": 1959, "lon": 80.258349873311232, "lat": 13.149874236435487 }, "geometry": { "type": "Polygon", "coordinates": [ [ [ 80.260655189764663, 13.147628458498009 ], [ 80.260655189764663, 13.152120014372963 ], [ 80.256044556857802, 13.152120014372963 ], [ 80.256044556857802, 13.147628458498009 ], [ 80.260655189764663, 13.147628458498009 ] ] ] } },
{ "type": "Feature", "properties": { "cell_id": 1960, "lon": 80.262960506218093, "lat": 13.149874236435487 }, "geometry": { "type": "Polygon", "coordinates": [ [ [ 80.265265822671523, 13.147628458498009 ], [ 80.265265822671523, 13.152120014372963 ], [ 80.260655189764663, 13.152120014372963 ], [ 80.260655189764663, 13.147628458498009 ], [ 80.265265822671523, 13.147628458498009 ] ] ] } },
{ "type": "Feature", "properties": { "cell_id": 1961, "lon": 80.267571139124954, "lat": 13.149874236435487 }, "geometry": { "type": "Polygon", "coordinates": [ [ [ 80.269876455578384, 13.147628458498009 ], [ 80.269876455578384, 13.152120014372963 ], [ 80.265265822671523, 13.152120014372963 ], [ 80.265265822671523, 13.147628458498009 ], [ 80.269876455578384, 13.147628458498009 ] ] ] } },
{ "type": "Feature", "properties": { "cell_id": 1962, "lon": 80.272181772031814, "lat": 13.149874236435487 }, "geometry": { "type": "Polygon", "coordinates": [ [ [ 80.274487088485245, 13.147628458498009 ], [ 80.274487088485245, 13.152120014372963 ], [ 80.269876455578384, 13.152120014372963 ], [ 80.269876455578384, 13.147628458498009 ], [ 80.274487088485245, 13.147628458498009 ] ] ] } },
{ "type": "Feature", "properties": { "cell_id": 1963, "lon": 80.276792404938675, "lat": 13.149874236435487 }, "geometry": { "type": "Polygon", "coordinates": [ [ [ 80.279097721392105, 13.147628458498009 ], [ 80.279097721392105, 13.152120014372963 ], [ 80.274487088485245, 13.152120014372963 ], [ 80.274487088485245, 13.147628458498009 ], [ 80.279097721392105, 13.147628458498009 ] ] ] } },
{ "type": "Feature", "properties": { "cell_id": 1964, "lon": 80.281403037845536, "lat": 13.149874236435487 }, "geometry": { "type": "Polygon", "coordinates": [ [ [ 80.283708354298966, 13.147628458498009 ], [ 80.283708354298966, 13.152120014372963 ], [ 80.279097721392105, 13.152120014372963 ], [ 80.279097721392105, 13.147628458498009 ], [ 80.283708354298966, 13.147628458498009 ] ] ] } },
{ "type": "Feature", "properties": { "cell_id": 1965, "lon": 80.286013670752396, "lat": 13.149874236435487 }, "geometry": { "type": "Polygon", "coordinates": [ [ [ 80.288318987205827, 13.147628458498009 ], [ 80.288318987205827, 13.152120014372963 ], [ 80.283708354298966, 13.152120014372963 ], [ 80.283708354298966, 13.147628458498009 ], [ 80.288318987205827, 13.147628458498009 ] ] ] } },
{ "type": "Feature", "properties": { "cell_id": 1966, "lon": 80.290624303659257, "lat": 13.149874236435487 }, "geometry": { "type": "Polygon", "coordinates": [ [ [ 80.292929620112687, 13.147628458498009 ], [ 80.292929620112687, 13.152120014372963 ], [ 80.288318987205827, 13.152120014372963 ], [ 80.288318987205827, 13.147628458498009 ], [ 80.292929620112687, 13.147628458498009 ] ] ] } },
{ "type": "Feature", "properties": { "cell_id": 1967, "lon": 80.295234936566118, "lat": 13.149874236435487 }, "geometry": { "type": "Polygon", "coordinates": [ [ [ 80.297540253019548, 13.147628458498009 ], [ 80.297540253019548, 13.152120014372963 ], [ 80.292929620112687, 13.152120014372963 ], [ 80.292929620112687, 13.147628458498009 ], [ 80.297540253019548, 13.147628458498009 ] ] ] } },
{ "type": "Feature", "properties": { "cell_id": 1968, "lon": 80.299845569472978, "lat": 13.149874236435487 }, "geometry": { "type": "Polygon", "coordinates": [ [ [ 80.302150885926409, 13.147628458498009 ], [ 80.302150885926409, 13.152120014372963 ], [ 80.297540253019548, 13.152120014372963 ], [ 80.297540253019548, 13.147628458498009 ], [ 80.302150885926409, 13.147628458498009 ] ] ] } }
]
}
