cell_id,lon,lat,lst_min,lst_max,lst_mean,lst_std,ndvi_min,ndvi_max,ndvi_mean,ndvi_std,ndbi_min,ndbi_max,ndbi_mean,ndbi_std,building_count,building_density,avg_building_area,road_length_m,road_density,albedo_proxy,green_fraction,norm_building_density,norm_road_density,impervious_fraction,dist_to_green_m
0,77.50230461918542,12.902245777937479,37.07458538000003,43.25436554000004,39.66023472058825,1.6250389242355774,-0.01855817250907421,0.7232168316841125,0.37723316865808826,0.1299558888600758,-0.22332055866718292,0.31084415316581726,0.07315576889935661,0.08321373323491178,10.0,0.041017025626290754,1020.5741259703834,997.4505011618602,0.004008768371254969,0.9268442311006434,0.37723316865808826,0.08947248949762081,0.050457311653914795,0.07386641836013841,1581.5540275646795
1,77.50691385755627,12.902245777937479,40.96600115000001,44.83519979000002,42.64765582000002,0.7324705721235628,0.004106409382075071,0.7252452969551086,0.2343379094050481,0.13707669787544755,-0.22513088583946228,0.2763320803642273,0.0733035160945012,0.06985089705825612,323.0,0.1392108439072205,107.23855009731498,7545.306126874777,0.03032469733347056,0.9266964839054987,0.2343379094050481,0.3036675765553333,0.38168897837481075,0.33487613728312426,1118.2949605152407
2,77.51152309592712,12.902245777937479,41.572699700000015,45.6743237,43.319390709411785,0.9371530041324156,-0.0044614402577281,0.6764371991157532,0.23062995461856617,0.13657338428528237,-0.2282157689332962,0.3393957316875458,0.07142076679304535,0.07833962300892235,129.0,0.10003843182324867,192.95567433343834,9933.179500159142,0.039921595868519684,0.9285792332069547,0.23062995461856617,0.21821883483737872,0.5024826125907931,0.3319243459387444,707.2099438486556
3,77.51613233429796,12.902245777937479,40.005537530000026,45.79224539000003,42.729687642941194,1.1239712309720296,-0.012738853693008423,0.699070930480957,0.17668693991268383,0.11365579611115273,-0.25122302770614624,0.3339037299156189,0.09732424268535539,0.06937531979195165,301.0,0.24030950554079253,198.64829593955557,7240.930486841691,0.02910140711774173,0.9026757573146447,0.17668693991268383,0.5241991437062032,0.36629174662133546,0.46103618487225617,499.9999999999634
4,77.52074157266881,12.902245777937479,39.98502941000001,43.87986320000002,41.89440161352944,0.9085044581382571,-0.003502360312268138,0.672204315662384,0.183409423828125,0.13374940504070995,-0.2411167472600937,0.3232174813747406,0.07566665649414063,0.07577015029180197,249.0,0.15664842989803598,156.53342535579216,11463.698914515251,0.046072776115274425,0.9243333435058594,0.183409423828125,0.3417050550317605,0.5799058982501599,0.43698539231912026,707.2099438486556
5,77.52535081103966,12.902245777937479,37.525764020000025,44.38573016000001,41.43710247058826,1.433175760072794,-0.01137638185173273,0.737388014793396,0.23125292011335785,0.13164875972467188,-0.212600976228714,0.4076325595378876,0.05697379317938113,0.07978436051846877,154.0,0.10043023652704401,162.26473854780983,9698.792879659859,0.03897959256127948,0.9430262068206189,0.23125292011335785,0.21907349803418977,0.4906258650687212,0.32769444484800236,1118.2949605152407
6,77.5299600494105,12.902245777937479,37.46253065000002,48.04984760000002,41.27508950529413,1.9961484406836143,0.02452937886118889,0.8357794284820557,0.29394090839460785,0.15504258674620358,-0.33757224678993225,0.386370450258255,0.013434436274509805,0.09071089407868006,131.0,0.11717112396987349,222.55107168028658,11105.875413863767,0.04463467815429036,0.9865655637254902,0.29394090839460785,0.25559123312196597,0.5618049379835243,0.3780767150665893,1581.5540275646795
7,77.53456928778135,12.902245777937479,39.309970460000045,48.44121089000001,42.481195223529426,2.067299178658113,-0.016867469996213913,0.7506290078163147,0.2690020751953125,0.1414155438620218,-0.2006606161594391,0.38846051692962646,0.05581577007587139,0.08904851842681333,129.0,0.07706802292518153,148.6499944276153,4463.906755257366,0.017940507515774227,0.9441842299241286,0.2690020751953125,0.1681123330248477,0.22581244290485988,0.1911923769768526,2062.1189283974977
8,77.5391785261522,12.902245777937479,38.64174755000005,44.26268144000002,41.5260951747059,1.1521196294877616,-0.013739324174821377,0.8122653365135193,0.22060652190563726,0.17228513128710046,-0.3400748074054718,0.3403922915458679,0.06699753705193015,0.09362986194000096,252.0,0.13236807036512002,130.6962379496556,9049.863520165236,0.036371535832158,0.9330024629480699,0.22060652190563726,0.28874109238121626,0.45779894193293136,0.3563642322019023,2549.538370897277
9,77.54378776452305,12.902245777937479,40.29094220000002,47.72000867000003,42.819644252352965,1.3754474532839545,-0.023474179208278656,0.8173587918281555,0.19936353496476716,0.15758705236679263,-0.41684603691101074,0.2857414186000824,0.0608351105334712,0.09320483358874117,345.0,0.19268417753438927,138.9656132081013,10024.687837264906,0.040289369233782846,0.9391648894665288,0.19936353496476716,0.42031163370737046,0.5071116790746925,0.4550316518542993,2692.6907766605705
10,77.54839700289389,12.902245777937479,30.342794990000016,47.71659065,40.23285951411766,3.3241916587353786,-0.00962025299668312,0.756624162197113,0.2971414244408701,0.1859006393792444,-0.7551429867744446,0.2582363486289978,-0.07501622218711704,0.26266935180005274,242.0,0.14649120544340605,150.617895937045,9329.863811271702,0.03749686115870033,1.0750162221871171,0.2971414244408701,0.31954859330725793,0.4719631154283469,0.38051440215569354,2915.7011407387386
11,77.55300624126474,12.902245777937479,31.327184750000043,44.903560190000036,40.58485841000002,2.699358844200857,-0.0012391573982313275,0.789594292640686,0.28023303692157453,0.16020150511811826,-0.7433155179023743,0.2615039348602295,-0.02371447049654447,0.20124342179299962,269.0,0.11826502793750755,109.39171935628376,7109.631123312343,0.02857371302658708,1.0237144704965444,0.28023303692157453,0.25797742055903866,0.3596498000807864,0.2986463723677377,3201.9266816800114
12,77.55761547963559,12.902245777937479,37.22156024000003,40.34221250000002,38.70340792117649,0.7563812074982044,0.01160381268709898,0.8060498237609863,0.2524557674632353,0.17783120475405986,-0.36058980226516724,0.24555903673171997,0.00037560257257199757,0.08801361391085863,692.0,0.3119819077833305,112.17696987852416,13572.84156397781,0.054549451733544904,0.999624397427428,0.2524557674632353,0.6805417394697627,0.6865995816585424,0.6829648763452746,2916.101441473024
13,77.56222471800643,12.902245777937479,38.05897514,41.29071305000002,39.553383157647076,0.6399866353152258,-0.0013218771200627089,0.7784662842750549,0.23078689874387254,0.17661483192977456,-0.31752103567123413,0.2293906807899475,0.019269666484757964,0.09256460983132986,900.0,0.3011775241158453,83.26460746567936,18094.656730746825,0.07272269401483092,0.9807303335152421,0.23078689874387254,0.6569735969860788,0.9153413957588881,0.7603207164952025,2500.466851380948
14,77.56683395637728,12.902245777937479,36.29698583000001,42.77071571000002,41.11537690294119,0.973303028519239,-0.16890594363212585,0.755241334438324,0.12991372915414665,0.10929490665022024,-0.32418838143348694,0.32028985023498535,0.0774534665621244,0.07082872895277816,905.0,0.3699080715066252,101.70109251404429,17406.20464377865,0.06995579485728098,0.9225465334378756,0.12991372915414665,0.8068989776223,0.8805151648126123,0.8363454524984248,2121.629831545966
15,77.57144319474813,12.902245777937479,40.46355220999999,44.626700570000025,42.39518885176472,0.8989889529845627,-0.031855955719947815,0.7635675072669983,0.15056039847579658,0.12914968839209484,-0.3044966459274292,0.3757961690425873,0.08485359341490502,0.07485217831694221,326.0,0.22414041835039644,171.0735894445036,9517.732581224464,0.0382519085340397,0.9151464065850949,0.15056039847579658,0.4889287051081021,0.4814666978763002,0.4859439022153813,1802.937497173291
16,77.57605243311897,12.902245777937479,33.284001200000034,42.93990769999999,40.91851550882355,0.964251147456575,-0.37638747692108154,0.7702635526657104,0.13748829561121323,0.13323295345778546,-0.3358633816242218,0.5151739716529846,0.07662345138250613,0.08087043674498975,486.0,0.30832556932147,157.85329892229055,13066.695998928055,0.052515245193913145,0.9233765486174939,0.13748829561121323,0.672565985508245,0.6609955597163868,0.6679378151915016,1581.1849685214331
17,77.58066167148982,12.902245777937479,28.914062630000018,41.923046750000026,38.24094035352943,3.9639254711494303,-0.5451174378395081,0.7961595058441162,0.013498987051156852,0.255070436255613,-0.3840469419956207,0.6066323518753052,0.07070693969726563,0.1014254855186821,359.0,0.23434026007608974,162.41751021051823,12441.460371044208,0.050002413923867214,0.9292930603027344,0.013498987051156852,0.5111781300175118,0.6293672143533652,0.5584537637518532,1499.9999999998902
18,77.58527090986067,12.902245777937479,38.10853643000004,41.680367330000024,40.55687953117649,0.6029753600672069,-0.04533218592405319,0.7654086351394653,0.11602065142463236,0.11956458484380185,-0.3279906213283539,0.36641019582748413,0.08730821198108149,0.07284558659191852,466.0,0.36950644828075135,197.29518875695118,14164.456429089572,0.05692716065891187,0.9126917880189185,0.11602065142463236,0.806022896792198,0.7165271776578037,0.7702246091384403,1581.1849685214331
19,77.58988014823152,12.902245777937479,38.30507258000003,41.60858891000004,39.951363687058844,0.5548392213404546,-0.02256770245730877,0.7477578520774841,0.10954214058670343,0.1177885050602149,-0.2917921543121338,0.2764836847782135,0.07580695657169118,0.0731688167393559,513.0,0.39268293862468173,190.46055999195357,14177.570399389602,0.05697986590022369,0.9241930434283088,0.10954214058670343,0.856578934369917,0.7171905646486149,0.8008235864813962,1802.937497173291
20,77.59448938660236,12.902245777937479,37.69324700000004,40.86004252999999,38.88353895500002,0.6017623030364088,-0.013287904672324657,0.8011152148246765,0.25734952486478363,0.18658683863387956,-0.3697452247142792,0.42432814836502075,0.007145888255192683,0.10237962781080166,215.0,0.28052873336670825,324.6528954731112,6936.6807297386395,0.02787862282737743,0.9928541117448073,0.25734952486478363,0.6119313569593777,0.3509008828171722,0.5075191673024955,2121.629831545966
21,77.59909862497321,12.902245777937479,37.24206836000002,43.28000069000004,40.476313606470605,1.4527470052297504,-0.044921875,0.7679557800292969,0.2003740976371017,0.16703383112547562,-0.29706424474716187,0.37906503677368164,0.042968947466681985,0.09986195866578189,231.0,0.2961577475198199,319.00060600621515,8060.892685904088,0.03239684736805707,0.957031052533318,0.2003740976371017,0.64602370722907,0.40777058509435044,0.5507224583751822,2500.466851380948
22,77.60370786334406,12.902245777937479,38.518698830000005,43.66110992,40.95737331058825,1.0068727645273443,-0.04057653248310089,0.7774410247802734,0.16826790603936886,0.13611591446116098,-0.3117033541202545,0.326438844203949,0.06428970636106004,0.08593784917572173,241.0,0.3026356966976553,312.45213747139246,5340.19029784185,0.02146230408179139,0.93571029363894,0.16826790603936886,0.6601543817704364,0.2701403687055678,0.504148776544489,2916.101441473024
23,77.6083171017149,12.902245777937479,35.20834646000003,45.07787921000002,40.793876049411786,1.9987449452124497,-0.035697728395462036,0.8693018555641174,0.2185281910615809,0.20794260564411304,-0.5261538624763489,0.34356287121772766,0.03071554744944853,0.14299771512857365,227.0,0.20686778403394054,226.75005171655422,7054.969119964319,0.028354025623677614,0.9692844525505515,0.2185281910615809,0.451251043969144,0.3568846526019432,0.41350448742226364,2915.7011407387386
24,77.61292634008575,12.902245777937479,28.44408487999999,42.00507922999998,34.85684035823532,4.3151987353249535,-0.10030394792556763,0.8237839937210083,0.27520113431490384,0.22867461104467515,-0.5847693085670471,0.4052089750766754,-0.14034098698542669,0.19487363563129,31.0,0.026933811658028526,216.1804988666383,892.3251345264841,0.003586267962168411,1.1403409869854266,0.27520113431490384,0.05875207048555998,0.04513941028349634,0.05330700640473453,2692.6907766605705
25,77.6175355784566,12.902245777937479,28.464593000000008,42.75533462000001,36.38380235529414,4.812856967350656,-0.10049423575401306,0.8069294095039368,0.15034750545726103,0.16427030740973955,-0.43560606241226196,0.45938920974731445,-0.0510766721239277,0.18325900968764203,125.0,0.0764407844104926,152.15825242720584,3725.262075346328,0.014971883582081284,1.0510766721239277,0.15034750545726103,0.16674410628092612,0.18844715533182832,0.175425325901287,2549.538370897277
26,77.62214481682744,12.902245777937479,39.47574443000002,42.99117799999999,41.13479693352943,0.9144779594262044,-0.011355034075677395,0.7187421321868896,0.16247753666896447,0.1280311891866781,-0.2679245173931122,0.3568340539932251,0.06313001445695465,0.07857666170668408,161.0,0.1601681537832618,247.53161948792726,12180.131784296744,0.0489521304543239,0.9368699855430453,0.16247753666896447,0.34938280478437883,0.616147572947366,0.4560887120495737,2499.999999999817
27,77.62675405519829,12.902245777937479,38.20082297000002,43.068083450000046,41.3408183847059,1.1813823946510387,-0.006729475222527981,0.7197100520133972,0.16739998450646035,0.1354589584928137,-0.266747385263443,0.40889105200767517,0.07997647798978365,0.09503496780909786,147.0,0.2372770471908581,401.62319250005135,6234.485792308908,0.025056490949810824,0.9200235220102163,0.16739998450646035,0.5175842906366874,0.31537945217131835,0.4367023552505398,2499.999999999817
28,77.63136329356914,12.902245777937479,38.026503950000006,44.03196509,41.47576512588237,1.394021277282637,-0.010683760978281498,0.7309381365776062,0.1389748965992647,0.13574650228517515,-0.34058433771133423,0.4594445824623108,0.09017938352098652,0.0925899090695633,124.0,0.23545606010822695,472.4638419326449,6914.042348950983,0.0277876388389266,0.9098206164790135,0.1389748965992647,0.5136120804352342,0.3497556913180329,0.4480695247883537,2549.538370897277
29,77.63597253193998,12.902245777937479,40.786555100000015,43.532934170000004,42.16467356176473,0.6207728750868391,-0.018011420965194702,0.610664963722229,0.09211744121476716,0.07984811410957462,-0.16252869367599487,0.2443658858537674,0.10679572610294118,0.048207731659682035,272.0,0.16470032402630697,150.66276700097544,14953.533023366876,0.0600984712051012,0.8932042738970588,0.09211744121476716,0.3592690544156142,0.7564436282384412,0.5181388839447449,2692.6907766605705
30,77.64058177031083,12.902245777937479,34.81527416,43.07662850000003,40.77735102000002,1.5942707982925126,-0.06810035556554794,0.6442357897758484,0.1504201448880709,0.11822089317829855,-0.5153248906135559,0.37295570969581604,0.06753095186673679,0.08949191372715357,308.0,0.1449281367519327,117.07991055034987,10636.53689325885,0.0427483996726805,0.9324690481332633,0.1504201448880709,0.3161389933924297,0.5380628475461896,0.40490853505393365,2915.7011407387386
31,77.64519100868168,12.902245777937479,38.55287903000004,42.65792105,40.52025113000002,0.817325543542713,-0.026441264897584915,0.6635841131210327,0.16377757352941177,0.12860732467013727,-0.19670724868774414,0.3722750246524811,0.057120163861443016,0.07513721295877417,207.0,0.23711145800068306,285.011632172471,6639.9599712662575,0.02668609769427727,0.942879836138557,0.16377757352941177,0.5172230826540842,0.3358908830557932,0.4446902028147678,3201.9266816800114
32,77.64980024705253,12.902245777937479,39.21768392000001,43.85935508000003,41.831363390000014,0.9809856480280729,-0.04177505895495415,0.7520342469215393,0.1742837823606005,0.12460593097632393,-0.3078644573688507,0.42762431502342224,0.09567529416551777,0.08529431159975337,127.0,0.21755530132231,426.2322819831083,4584.712991212608,0.018426029571438775,0.9043247058344822,0.1742837823606005,0.4745642599748983,0.23192358114202527,0.3775079884417491,3536.0497192432777
33,77.65440948542337,12.902245777937479,36.886594280000025,41.13519314000001,38.40628854941179,1.046939712984812,-0.17350848019123077,0.7527272701263428,0.294434814453125,0.11447120222787924,-0.24912647902965546,0.36268457770347595,0.1311034921499399,0.11808565035326084,76.0,0.09292752464364062,304.23639488617823,776.1336272167257,0.003119292569435398,0.8688965078500601,0.294434814453125,0.20270745734885035,0.03926171400780393,0.13732916001243178,3808.0589730339398
34,77.65901872379422,12.902245777937479,35.685160250000024,43.48508189000003,39.444201664117664,2.1662617510289626,0.004415371920913458,0.7334164977073669,0.2945779957490809,0.12154070757853871,-0.2726176083087921,0.3145202696323395,0.11506822773054534,0.07877404426618224,41.0,0.03319089719453326,201.42599844739397,2881.18601830684,0.011579529378587415,0.8849317722694546,0.2945779957490809,0.07240096411942198,0.145748486455489,0.1017399730538488,3354.8848815457222
35,77.66362796216507,12.902245777937479,36.044052350000015,44.41649234000002,40.28021505764708,1.6534375111399782,-0.028545118868350983,0.8036295771598816,0.23201442344515932,0.16198411689909886,-0.323514461517334,0.42343586683273315,0.05350481220320159,0.10186162462721678,44.0,0.14283931656132484,807.7472288413314,2621.477964503714,0.010535758855004098,0.9464951877967984,0.23201442344515932,0.3115825454366621,0.13261082178489944,0.23999385597595702,2916.101441473024
36,77.66823720053591,12.902245777937479,29.396003450000023,42.972378890000016,37.06189494588237,3.750432504858703,-0.5725429058074951,0.7972128987312317,0.18608858548677884,0.3624917190165124,-0.5506282448768616,0.4739440381526947,-0.0007848490201509916,0.1330875002537352,32.0,0.05225242144927743,406.290654126038,39.916639833028256,0.00016042556804876814,1.000784849020151,0.18608858548677884,0.1139808203535141,0.002019234371917311,0.06919618596087539,2500.466851380948
37,77.67284643890676,12.902245777937479,37.8128777,43.02194018000003,39.987406648823544,0.9807300117866892,-0.024570023640990257,0.7834793329238892,0.2935151702282475,0.16918061267933823,-0.30001410841941833,0.4515599310398102,0.0447210693359375,0.09392961052531762,284.0,0.21390775446828603,187.40819519489384,360.5620403865045,0.001449104192832546,0.9552789306640626,0.2935151702282475,0.46660768358727367,0.018239492808075717,0.2872604072755945,2121.629831545966
38,77.6774556772776,12.902245777937479,37.33777292000002,42.480184010000016,40.232061187647076,1.0211234757388095,-0.020141534507274628,0.7306091785430908,0.22083960439644607,0.16286678080862466,-0.2813211977481842,0.3365553617477417,0.05140677657781863,0.09008828798948955,337.0,0.2851225196902521,210.5144971921029,8333.25943981887,0.03349149339530669,0.9485932234221813,0.22083960439644607,0.6219520128287819,0.42154860632992575,0.5417906502292394,1802.937497173291
39,77.68206491564845,12.902245777937479,33.71638073,43.27658267000004,39.65882730058825,2.289150686450402,0.009084556251764297,0.779554545879364,0.3417144655713848,0.18834037219932528,-0.4147559702396393,0.27955132722854614,0.012634682748831954,0.10413597695336328,144.0,0.12416449843246159,214.54348754738203,4511.817189651249,0.01813306026283041,0.987365317251168,0.3417144655713848,0.27084623061636687,0.22823605361724178,0.25380215981671683,1581.1849685214331
40,77.6866741540193,12.902245777937479,39.34585966999998,44.25242738,42.25623109500002,1.0850715404947815,-0.01066325418651104,0.7121025323867798,0.22264178936298076,0.12872970261085878,-0.23131799697875977,0.3138028085231781,0.07221089876615085,0.07646565799560982,155.0,0.1381501839315304,221.76865317118012,7209.032550187734,0.028973208836806756,0.9277891012338492,0.22264178936298076,0.3013539059006125,0.36467814862425113,0.32668360299006793,1499.9999999998902
41,77.69128339239015,12.902245777937479,31.445106440000018,44.04563717000002,39.587492395294134,2.698596312576871,-0.016321130096912384,0.8694218397140503,0.34862283145680145,0.2029799710257246,-0.6952256560325623,0.2899085581302643,-0.020882568359375,0.17358519247489898,56.0,0.038130027925336055,169.4179748223828,5684.251685767732,0.02284509190743362,1.020882568359375,0.34862283145680145,0.08317493701705388,0.2875451548663174,0.16492302415675927,1581.1849685214331
42,77.695892630761,12.902245777937479,37.45911262999999,45.36670190000001,40.42295583058825,1.9249352241476183,-0.01274623442441225,0.750518798828125,0.34911025103400734,0.16359799241396253,-0.25820350646972656,0.4577367305755615,0.037475660735485604,0.10160863671782715,72.0,0.06746463655286063,233.14391142232,1176.9691205214745,0.0047302563674030615,0.9625243392645144,0.34911025103400734,0.14716398600993572,0.05953849103490412,0.11211378801992307,1802.937497173291
43,77.70050186913184,12.902245777937479,0.0,44.61473750000005,17.112948818235303,20.469809494644807,-0.003956834319978952,0.7081895470619202,0.13010938204251804,0.18003114567501163,-0.17652438580989838,0.31724339723587036,0.019683695573073166,0.05692624317867433,22.0,0.036321475388560814,410.7912555006207,0.0,0.0,0.9803163044269269,0.13010938204251804,0.07922985091239984,0.0,0.0475379105474399,2121.629831545966
44,77.50230461918542,12.906737333812433,38.28456446000001,44.02342004000002,41.445416892941196,1.4922176030904148,0.017015941441059113,0.6454000473022461,0.32004133635876225,0.0940104861954533,-0.15168806910514832,0.43031439185142517,0.1258267032398897,0.07162075027719814,28.0,0.024079804091965525,213.9810467156678,2135.2248682211516,0.008581500442650044,0.8741732967601104,0.32004133635876225,0.05252648103626001,0.10801308586393779,0.07472112296733113,1500.4107014713545
45,77.50691385755627,12.906737333812433,38.96987747000003,43.481663870000006,41.12300108500002,0.9087353055321264,-0.0015748031437397003,0.709585428237915,0.2532305908203125,0.13713152955214225,-0.24346153438091278,0.26466837525367737,0.05419125483586238,0.07343342614147971,175.0,0.13488119894724726,191.77578038602934,8129.300617883445,0.032671779862193245,0.9458087451641376,0.2532305908203125,0.29422310545352504,0.4112310879859341,0.3410262984664887,1000.273800980903
46,77.51152309592712,12.906737333812433,38.985258560000034,43.213349300000004,41.23320989000001,0.9390611639250123,-0.0024307244457304478,0.6902199387550354,0.22321920955882352,0.14015294258508387,-0.24788391590118408,0.2868534028530121,0.05784951004327512,0.07888687337864259,175.0,0.17638424839742511,250.7853366387191,8967.819218795059,0.036041798567009134,0.9421504899567249,0.22321920955882352,0.38475578302705693,0.4536486258231689,0.4123129201455017,500.1369004904515
47,77.51613233429796,12.906737333812433,36.324329989999995,42.01533329000006,39.147649991176486,1.2739807106332488,0.01104972418397665,0.8405796885490417,0.43711689070159315,0.19549485867598812,-0.5049734115600586,0.4285714328289032,-0.05103436638327206,0.1094048056646732,93.0,0.06314619348467737,168.94471754647583,4973.6493991423,0.019989170768642966,1.051034366383272,0.43711689070159315,0.1377439501549604,0.25159842768889973,0.18328574116853613,0.0
48,77.52074157266881,12.906737333812433,36.5823905,42.23066855000002,39.898957989411784,1.0648738126963337,0.0007581501267850399,0.7938435673713684,0.2818431208683894,0.17573232050816914,-0.3514893651008606,0.2973421812057495,0.007842637575589693,0.09153038561183668,323.0,0.18856760210165738,145.2596340712241,11822.624125372837,0.04751530186593162,0.9921573624244103,0.2818431208683894,0.41133194182217475,0.5980625899392139,0.4860242010689904,500.1369004904515
49,77.52535081103966,12.906737333812433,36.626824760000034,42.83907611000001,40.13391434000002,1.2219016354488785,0.00600822176784277,0.8093909621238708,0.3153529746859681,0.1679441301397601,-0.33223414421081543,0.2575237452983856,0.021313264136220894,0.08336883543080947,119.0,0.09688009247631053,202.56666262309653,8475.79462582178,0.03406434442377761,0.9786867358637791,0.3153529746859681,0.21132939125306097,0.4287589313469768,0.2983012072906273,1000.273800980903
50,77.5299600494105,12.906737333812433,39.010893710000005,48.128462060000004,41.71497330411766,1.6587912006972376,0.0,0.7757575511932373,0.24818931429993873,0.14323806550142412,-0.29669925570487976,0.3282548487186432,0.04882624009076287,0.08822713233608914,129.0,0.06549924481064107,126.33595629625879,11432.600122200938,0.045947789607303724,0.9511737599092371,0.24818931429993873,0.14287677870200902,0.5783327259934556,0.31705915761858766,1500.4107014713545
51,77.53456928778135,12.906737333812433,39.313388480000015,48.842828240000046,42.90327929882355,2.7753638638542157,0.008943089284002781,0.8075549006462097,0.2610804396409255,0.1563906498852504,-0.32129210233688354,0.3429245352745056,0.06147514930138221,0.10109266204728767,227.0,0.1019563720835342,111.75550002015095,9461.887224343584,0.03802746521571489,0.9385248506986178,0.2610804396409255,0.22240253385443928,0.4786416889427437,0.3248981958897611,1999.9999999998536
52,77.5391785261522,12.906737333812433,37.39075223000003,44.095198460000006,41.32525397529414,1.4320490988461612,-0.01573362573981285,0.7870651483535767,0.25847211052389707,0.17985284947498678,-0.7120253443717957,0.3734409511089325,0.02346486110313266,0.13554895840606745,151.0,0.1069153474839154,176.17468114770116,8110.17078531351,0.03259489678111361,0.9765351388968674,0.25847211052389707,0.2332197949223694,0.41026338089395914,0.3040372293110053,2061.5860203327948
53,77.54378776452305,12.906737333812433,38.23158515,42.921108590000046,41.21187387588237,0.9386365510785778,-0.05154639109969139,0.6949915885925293,0.14940568512561275,0.1305258396190373,-0.640282928943634,0.35590940713882446,0.07440916173598346,0.0926891437404415,575.0,0.30940836545058586,133.88890708127727,14116.80713268059,0.056735657429293575,0.9255908382640166,0.14940568512561275,0.6749279428615906,0.7141167769449892,0.69060347649495,2236.190438430546
54,77.54839700289389,12.906737333812433,38.01624989000001,43.87815419000003,40.92031322176472,1.024760652963154,-0.020061112940311432,0.7626112699508667,0.1867004035500919,0.14332501890352653,-0.37352555990219116,0.3614864945411682,0.04606322344611673,0.08455370060385559,532.0,0.28374683898006564,132.7088205607977,14422.891540954784,0.05796581520994997,0.9539367765538833,0.1867004035500919,0.6189511716898929,0.7296004489294188,0.6632108825857033,2500.246442471057
55,77.55300624126474,12.906737333812433,37.87782008000002,43.232148410000036,40.810592940000014,0.9237316132392526,-0.013743815012276173,0.8083537817001343,0.19271743774414063,0.16658118786506296,-0.3686657249927521,0.33105218410491943,0.04383962777944712,0.09128875542067341,641.0,0.3052955039804122,118.50666289811328,14527.686481471097,0.058386987631558855,0.9561603722205528,0.19271743774414063,0.66595635242868,0.734901635271223,0.6935344655656972,2828.8143643078715
56,77.55761547963559,12.906737333812433,38.69130884000003,45.52222181000002,40.90052655235296,1.655161523907543,-0.03152747452259064,0.7612383365631104,0.1397802614698223,0.11215175301705559,-0.25449326634407043,0.2700296640396118,0.07964366239659927,0.06359723520209004,1121.0,0.3269929350118726,72.57936203710597,19299.60327861449,0.07756539207806133,0.9203563376034007,0.1397802614698223,0.7132860439517864,0.9762951608041186,0.8184896906927193,2693.217960137046
57,77.56222471800643,12.906737333812433,37.55652620000001,40.94891105000005,39.29665910529413,0.6966841288390012,0.007741222158074379,0.7899019122123718,0.22493695427389707,0.18455734836235502,-0.3715749979019165,0.27213647961616516,0.016832836375517003,0.09639628053190635,1294.0,0.3759246462287853,72.2847882306938,19084.027651399334,0.07669899043207797,0.983167163624483,0.22493695427389707,0.8200232329874934,0.9653899914802142,0.8781699363845816,2236.557780991805
58,77.56683395637728,12.906737333812433,37.84022186000004,41.97260804000004,40.274147776470606,0.9449009166672789,-0.009716439060866833,0.7886956334114075,0.21598294771634616,0.19131382418464868,-0.33849403262138367,0.3508671522140503,0.04160641596867488,0.10353009941906365,728.0,0.2979568937363955,101.83626167894097,12652.119327996399,0.05084905539907608,0.9583935840313251,0.21598294771634616,0.649948274857008,0.6400236676121925,0.6459784319590818,1803.117376403881
59,77.57144319474813,12.906737333812433,39.28604432000003,42.5810156,41.16789495764708,0.7351387778977536,-0.04341260716319084,0.7767400741577148,0.15277220482919732,0.1308375505076518,-0.3040708005428314,0.360857218503952,0.07607369217218138,0.07833966057890751,669.0,0.29100495998667814,108.23174566142741,14784.818739556526,0.05942040599391523,0.9239263078278186,0.15277220482919732,0.6347836740622821,0.7479090000150158,0.6800338044433756,1414.4071821539358
60,77.57605243311897,12.906737333812433,38.91006212000002,41.87348546000001,40.36762884941179,0.7087136291484946,-0.02603624202311039,0.8013902902603149,0.17493794759114584,0.1433192545531377,-0.3486988842487335,0.25338834524154663,0.05300741756663603,0.08205329408810491,675.0,0.3486512807515435,128.51916100271978,13093.358278870703,0.05262240129280239,0.9469925824333639,0.17493794759114584,0.7605304767730305,0.6623443053101813,0.7212560081878908,1118.095219215273
61,77.58066167148982,12.906737333812433,36.68664011000004,40.79851817000002,39.11532663941179,0.7979734119328429,-0.01244062464684248,0.8362672328948975,0.26088590181790866,0.20299921275135574,-0.3842141926288605,0.40019991993904114,0.0032526632455679087,0.11064018611970497,741.0,0.3674601397300424,123.38785588021665,13341.374448618002,0.05361918196080011,0.9967473367544321,0.26088590181790866,0.8015591816027952,0.6748905210447693,0.7508917173795848,999.9999999999268
62,77.58527090986067,12.906737333812433,37.59583343000003,42.099074780000024,39.50580290000002,1.1825570331764823,-0.01633605547249317,0.7864077687263489,0.24378209731158088,0.17845137872296357,-0.36485224962234497,0.281897634267807,0.015172298655790442,0.10174615478299195,646.0,0.3871940214789224,149.13394784612262,13242.285103898708,0.05322094041339862,0.9848277013442096,0.24378209731158088,0.8446056848673379,0.6698779595770477,0.7747145947512217,1118.095219215273
63,77.58988014823152,12.906737333812433,37.647103730000026,40.860042530000015,39.07768111117649,0.785308002169724,-0.017863398417830467,0.7992745041847229,0.26943433574601716,0.20543853715226199,-0.3486063480377197,0.22337079048156738,0.0014607896991804534,0.11070276081239215,601.0,0.4006737261082975,165.8810525834144,14152.47736142752,0.056879016608149625,0.9985392103008196,0.26943433574601716,0.874009638773487,0.7159212011711075,0.8107742637325351,1414.4071821539358
64,77.59448938660236,12.906737333812433,38.27601941000003,40.93523897000003,39.631515665000016,0.5751095145031347,-0.011671087704598904,0.7911392450332642,0.22944866473858172,0.17227459170563875,-0.37634408473968506,0.32577261328697205,0.025682020920973558,0.09276327285584672,564.0,0.41933477371320244,184.99592574766655,12639.182924904711,0.05079706380301056,0.9743179790790264,0.22944866473858172,0.9147159152611284,0.6393692630861357,0.8045772543911314,1803.117376403881
65,77.59909862497321,12.906737333812433,38.22645812000002,45.532475869999985,39.984899312352965,1.398557702051451,-0.03326201066374779,0.826839804649353,0.22676192938112746,0.19473183540322547,-0.3968884348869324,0.37725451588630676,0.022941511565563726,0.10985962265137796,562.0,0.3776231727358366,167.18707930867447,11347.247318990607,0.04560475542414479,0.9770584884344363,0.22676192938112746,0.8237283138104717,0.5740150450788615,0.7238430063178276,2236.557780991805
66,77.60370786334406,12.906737333812433,38.7015629,45.35473883,40.881715615294134,0.8671243964713907,-0.03478260710835457,0.680824339389801,0.15062461703431373,0.1290797008433543,-0.28668269515037537,0.3573792278766632,0.054054972330729166,0.0762045473597664,530.0,0.3655140379166272,171.59656153401116,12278.628596286266,0.04934799060388832,0.9459450276692708,0.15062461703431373,0.7973140523813704,0.6211301603877285,0.7268404955839136,2693.217960137046
67,77.6083171017149,12.906737333812433,35.90391353000001,42.76217066000001,40.165563549411786,1.1579516132813907,-0.021750126034021378,0.8414995074272156,0.19099477730545344,0.17753436854147148,-0.48560816049575806,0.2877969741821289,0.032864861581839766,0.10517529961710138,613.0,0.290448213338384,117.89316428742792,12220.530585580109,0.04911449383639922,0.9671351384181602,0.19099477730545344,0.6335692147522339,0.6181911980740514,0.6274180080809609,2500.246442471057
68,77.61292634008575,12.906737333812433,28.782468860000023,42.26997578000004,36.66680613235296,4.2153469519442295,-0.07195301353931427,0.8142539262771606,0.19053364680363583,0.2123229837738537,-0.4931354224681854,0.3536439538002014,-0.08563928457406851,0.20501175363660404,679.0,0.20084688192716016,73.59964324984924,12097.822150574604,0.04862132681451366,1.0856392845740686,0.19053364680363583,0.43811734906344085,0.611983834660604,0.5076639433023061,2236.190438430546
69,77.6175355784566,12.906737333812433,28.39965061999999,40.57976489000001,30.665768312352963,2.9518913713004236,-0.23824959993362427,0.8546209931373596,0.05114023246017157,0.25193579538491784,-0.653826117515564,0.467804491519928,-0.2262643133425245,0.16758013648308911,9.0,0.008943395942660566,247.25229904252456,794.5001215722107,0.003193107782899463,1.2262643133425244,0.05114023246017157,0.019508676880750322,0.040190806658121005,0.027781528791698595,2061.5860203327948
70,77.62214481682744,12.906737333812433,31.123812560000033,41.43597890000004,40.10682446176473,1.8390730598881257,-0.2167413979768753,0.7201422452926636,0.1139300896139706,0.10867750799099875,-0.45104745030403137,0.40318524837493896,0.07526178696576287,0.07861149625843047,887.0,0.410256141372833,115.08318183672398,17579.198907084283,0.07065106136959451,0.9247382130342371,0.1139300896139706,0.8949122404621003,0.8892663012828274,0.892653864790391,1999.9999999998536
71,77.62675405519829,12.906737333812433,40.53533063000003,44.15672282000003,41.92890705764707,0.8871425724291574,-0.027917927131056786,0.5077083706855774,0.09645646315354567,0.0713887690501473,-0.13754266500473022,0.2825886011123657,0.10082361074594351,0.054827121599737995,629.0,0.4364732366030787,172.65826134012127,14238.877970111538,0.05722626193706191,0.8991763892540565,0.09645646315354567,0.9521009015565982,0.7202918866681615,0.8593772956012236,1999.9999999998536
72,77.63136329356914,12.906737333812433,38.80923053000001,43.51071704000003,41.65940978176472,0.7732375900383164,-0.030256012454628944,0.6303696036338806,0.11048895143995098,0.09434498516732812,-0.20173391699790955,0.3234100043773651,0.09756359623927696,0.06936792290091676,612.0,0.35761306873761073,145.39261540011046,14420.221648242568,0.0579550848715052,0.9024364037607231,0.11048895143995098,0.7800792731379564,0.7294653889855861,0.7598337194770083,2061.5860203327948
73,77.63597253193998,12.906737333812433,38.56996913000003,42.96725186000003,41.21215181176473,1.113734111492097,-0.005080831237137318,0.7383273243904114,0.14908741670496323,0.1291906798658005,-0.2770448625087738,0.31113138794898987,0.07417262058632046,0.08025089509612988,730.0,0.4096222411290938,139.61788631325618,14984.733388814082,0.060223865937000846,0.9258273794136795,0.14908741670496323,0.8935294821554096,0.7580219387022207,0.8393264647741341,2236.190438430546
74,77.64058177031083,12.906737333812433,37.944471470000025,43.18771415000003,40.62839907000002,1.1662141479017576,-0.0008539709378965199,0.7036640644073486,0.1982623291015625,0.1362467388752743,-0.24806639552116394,0.22922520339488983,0.04644638354961689,0.07432312948796616,825.0,0.2861831977696336,86.31187939169482,15480.0532058871,0.0622145636348066,0.9535536164503831,0.1982623291015625,0.6242657229739902,0.7830783263117324,0.687790764309087,2500.246442471057
75,77.64519100868168,12.906737333812433,37.73426324000002,41.917919719999986,39.654244315294136,0.9654552699760106,-0.040437158197164536,0.7722368836402893,0.20899433210784313,0.15514062492818523,-0.37861955165863037,0.4027377665042877,0.017861124674479166,0.09161777219374499,780.0,0.36486985894536395,116.39217283125517,13917.916789718089,0.05593631418841355,0.9821388753255208,0.20899433210784313,0.795908872572233,0.7040556541041832,0.759167585185013,2828.8143643078715
76,77.64980024705253,12.906737333812433,38.3084906,43.045866320000016,39.70051176941178,0.8954411676005862,-0.0203295536339283,0.7181175351142883,0.20870993221507353,0.14982740147028473,-0.2894599735736847,0.3031359016895294,0.03519753549613205,0.08232912480836706,684.0,0.3473773695642772,126.36471150389099,13719.547695612606,0.05513906585442778,0.964802464503868,0.20870993221507353,0.7577516305845706,0.6940208993046958,0.7322593380726207,3202.0966538823136
77,77.65440948542337,12.906737333812433,36.28844078000003,42.06831260000001,38.332339864117664,1.1694298395259186,0.003395311301574111,0.7351899743080139,0.3090972196138822,0.07560518109822874,-0.26977548003196716,0.3342829942703247,0.1660302969125601,0.08684896163160032,84.0,0.0447751259551478,132.62882430599728,2495.3328460076477,0.010028779751152628,0.8339697030874399,0.3090972196138822,0.09767022170931836,0.1262296093335929,0.10909397675902817,3354.285657645819
78,77.65901872379422,12.906737333812433,36.05088839000004,41.12152106000002,37.98769937000002,1.0699313868190556,0.16659976541996002,0.6781740188598633,0.36704522824754904,0.06131726992136654,-0.20163431763648987,0.3206384778022766,0.1492310168696385,0.05047995327638372,0.0,0.0,0.0,0.0,0.0,0.8507689831303615,0.36704522824754904,0.0,0.0,0.0,3162.3642543083906
79,77.66362796216507,12.906737333812433,36.75329150000002,44.43700046000001,40.66706041117649,1.8378937248204237,-0.018013857305049896,0.7471455335617065,0.2870376646752451,0.13980786653123456,-0.27302980422973633,0.3429325520992279,0.07629288018918505,0.08882714066993472,20.0,0.056532324685866366,703.3107224914288,1765.5583576763897,0.007095805249096215,0.923707119810815,0.2870376646752451,0.12331678734623255,0.0893130317671727,0.10971528511460861,2693.217960137046
80,77.66823720053591,12.906737333812433,29.568613460000023,44.462635610000035,39.23973547117649,3.974734757421838,-0.5359477400779724,0.7482319474220276,0.13984353872445912,0.2950257224302611,-0.4479302167892456,0.4006849229335785,0.05658380361703726,0.11971904869575745,18.0,0.04321121080722657,597.3162367515373,0.0,0.0,0.9434161963829627,0.13984353872445912,0.09425877537670416,0.0,0.05655526522602249,2236.557780991805
81,77.67284643890676,12.906737333812433,39.00405767000001,45.57520112000003,41.72620309647061,1.6646787398209515,-0.012003380805253983,0.7307501435279846,0.25261812097886027,0.1431015759744072,-0.2755351662635803,0.36641019582748413,0.06944584266812194,0.09146441938419438,111.0,0.11135813863608657,249.619997165202,953.3415291204924,0.0038314937578259947,0.9305541573318781,0.25261812097886027,0.24291107747231536,0.04822600278552218,0.16503704759759807,1803.117376403881
82,77.6774556772776,12.906737333812433,38.02137692000002,41.940136850000016,39.82110046117649,0.9507112329203427,-0.02078257128596306,0.7300509214401245,0.18287328383501839,0.13890866157691073,-0.185573011636734,0.37279191613197327,0.0667381077186734,0.07180865369394644,311.0,0.31220577518658327,249.781881721051,6921.067630060905,0.0278158735479972,0.9332618922813266,0.18287328383501839,0.6810300726333832,0.3501110741646071,0.5486624732458727,1414.4071821539358
83,77.68206491564845,12.906737333812433,38.554588040000056,43.515844070000014,40.688798545294134,1.0183083537340396,-0.01830173097550869,0.7423409223556519,0.2403912473192402,0.1487223501526598,-0.2340504378080368,0.2771037220954895,0.040784603941674324,0.07914322260259031,324.0,0.2689437547272238,206.53651431667086,6296.2271626333095,0.025304630433691078,0.9592153960583256,0.2403912473192402,0.5866604636211967,0.3185027184995916,0.47939736557255463,1118.095219215273
84,77.6866741540193,12.906737333812433,35.80479095000001,44.016583999999995,40.15000472500002,1.6238518577548104,-0.033106133341789246,0.7743473052978516,0.2840049861027644,0.17855409537803163,-0.3700524568557739,0.33396050333976746,0.016764781658466045,0.10263665339042218,274.0,0.20502529247014803,186.18181809167066,2772.6431701635856,0.01114329406058841,0.9832352183415339,0.2840049861027644,0.44723192496736985,0.14025770740410928,0.3244422379420656,999.9999999999268
85,77.69128339239015,12.906737333812433,37.76160740000003,43.93284251000003,41.46480735588237,1.1504611429703038,-0.03907380625605583,0.6399456262588501,0.19727709003523283,0.14506573700509698,-0.26500409841537476,0.5212153196334839,0.0693756342869179,0.08753967488169702,158.0,0.2197940061364312,346.12992445522787,5736.157787105458,0.023053703299252517,0.9306243657130822,0.19727709003523283,0.47944765875653367,0.290170891510779,0.4037369518582318,1118.095219215273
86,77.695892630761,12.906737333812433,38.50844477000001,44.55492215000001,42.455808441764724,1.2137871803772395,-0.020359911024570465,0.6606943011283875,0.17350842045802697,0.10798936915035531,-0.2144394814968109,0.2867469787597656,0.09283674053117341,0.062110819899482875,302.0,0.18500356626621062,152.42406756916083,8365.475707440415,0.033620971053125996,0.9071632594688266,0.17350842045802697,0.40355753219624224,0.4231783075068891,0.411405842320501,1414.4071821539358
87,77.70050186913184,12.906737333812433,0.0,44.98559267000002,17.5287408982353,20.96625472916435,-0.058537211269140244,0.7508466243743896,0.09044169499323919,0.1439413056794439,-0.23835794627666473,0.42643624544143677,0.03232146336482122,0.06873629434896945,13.0,0.05853928760927049,1120.4293334391914,582.1672982013692,0.0023397390137056013,0.9676785366351788,0.09044169499323919,0.12769467595089265,0.029449678721748723,0.08839667705923508,1803.117376403881
88,77.50230461918542,12.911228889687388,38.66054666000002,46.48439444000002,41.54342033750002,1.4134157607242446,0.06334549933671951,0.6231511235237122,0.34727462469362746,0.0897753070505653,-0.13185638189315796,0.3239263892173767,0.1282647585401348,0.06904416751986318,29.0,0.017830381425008864,152.98294794024866,862.8469973745241,0.0034677948913537245,0.8717352414598651,0.34727462469362746,0.038894302803007694,0.04364822094475648,0.04079587005970721,1581.502885820012
89,77.50691385755627,12.911228889687388,39.474035420000035,45.404300120000016,41.958449366875016,1.3121672693433653,0.002728512976318598,0.6960995197296143,0.2790204796424279,0.13228913180843663,-0.16619490087032318,0.29186132550239563,0.05407752403846154,0.0837172421770651,209.0,0.10186037982966832,121.26609560399375,10802.899490566026,0.04341701342089958,0.9459224759615384,0.2790204796424279,0.22219314114995312,0.5464785126945906,0.3519072897678081,1118.2628150358892
90,77.51152309592712,12.911228889687388,39.814128409999995,43.11764474,41.32129301937501,0.6631677426523616,-0.027176927775144577,0.675636351108551,0.2059817804074755,0.13670895801813177,-0.20355555415153503,0.33368393778800964,0.05321453019684436,0.0802415435184765,191.0,0.1795206893538174,233.86300708132114,10127.722235737689,0.04070346601078366,0.9467854698031556,0.2059817804074755,0.39159745855681166,0.5123238061414082,0.4398879975906502,707.1972361887243
91,77.51613233429796,12.911228889687388,38.82461162000001,43.46628278,40.60988619125002,0.9488663823288714,0.01711677387356758,0.7938061952590942,0.3090682923560049,0.16348036231785487,-0.3026575446128845,0.34508076310157776,0.0027779478185317097,0.09301231113375688,239.0,0.16693313127250162,173.79009815911428,12610.964195139673,0.05068365230917973,0.9972220521814683,0.3090682923560049,0.3641395885373598,0.6379417824837664,0.47366046611592244,499.9999999999634
92,77.52074157266881,12.911228889687388,37.836803840000016,43.98411281000003,39.61875463812502,1.5844357617767257,0.010434783063828945,0.7953643798828125,0.2931018535907452,0.1655028758315103,-0.3312942683696747,0.2717086970806122,0.0006449053837702825,0.08921025220015913,420.0,0.21235279307205535,125.80244357750779,12869.44008972315,0.051722470766567955,0.9993550946162297,0.2931018535907452,0.46321576852105106,0.6510171168014405,0.5383363078332069,707.1972361887243
93,77.52535081103966,12.911228889687388,37.641976700000015,41.22406166000002,39.04050607812502,0.656313439728723,-0.011350737884640694,0.8020750284194946,0.31186056698069853,0.16601259921466482,-0.3145062327384949,0.2697400748729706,-0.014710234099743412,0.08151227723608681,331.0,0.19262884923221268,144.80172182431565,12768.402448356079,0.05131639898601672,1.0147102340997434,0.31186056698069853,0.4201909433145439,0.6459059982514008,0.5104769652892867,1118.2628150358892
94,77.5299600494105,12.911228889687388,38.246966240000035,44.876216029999995,41.33309272812502,1.5869280715980998,-0.09714286029338837,0.7943037748336792,0.2924088541666667,0.1635748523854319,-0.3307570815086365,0.3689708113670349,0.06057410146675858,0.09562210512913596,42.0,0.026416716642077065,156.49841270231167,3880.400956857987,0.01559538904990288,0.9394258985332414,0.2924088541666667,0.05762410526434866,0.19629505443554862,0.11309248493282865,1581.179284860726
95,77.53456928778135,12.911228889687388,38.009413850000044,43.86790013000001,39.862621568750015,1.1439426592191964,0.001969796372577548,0.7488038539886475,0.2833167912409856,0.1683622520146699,-0.2591336965560913,0.31865444779396057,0.032997404245229865,0.08060418126332233,348.0,0.17986177328135633,128.59971809945387,11598.21684570447,0.046613405677633515,0.9670025957547701,0.2833167912409856,0.3923414819875348,0.5867106601597967,0.4700891532564396,1499.9999999998902
96,77.5391785261522,12.911228889687388,38.30507258000003,43.93284251,40.926398613125016,1.1063048568676304,-0.027571579441428185,0.7442657351493835,0.18157305549172795,0.1321882526980672,-0.2776479721069336,0.3024366796016693,0.07291516472311581,0.07734237801667172,427.0,0.20076820439741566,116.98965209460071,11080.96536612956,0.044534564302658605,0.9270848352768842,0.18157305549172795,0.43794572583269026,0.5605448313011628,0.4869853680200793,1581.179284860726
97,77.54378776452305,12.911228889687388,39.49625255000004,42.500692130000004,40.51968564875001,0.5761457400608327,-0.027368420735001564,0.7137069702148438,0.19166495528875613,0.13523634546015814,-0.25450199842453003,0.2560175061225891,0.039400697595932906,0.07000793498900029,527.0,0.3272714094674731,154.51755991744054,14103.016733634307,0.05668023361080902,0.9605993024040671,0.19166495528875613,0.7138934942099079,0.7134191719393276,0.7137037653016758,1802.9175587063592
98,77.54839700289389,12.911228889687388,39.25015511000001,41.57269969999999,40.33153118750002,0.49622740948048344,-0.009893153794109821,0.75272536277771,0.18460073433670343,0.1437161442678823,-0.29247531294822693,0.26335570216178894,0.03884294696882659,0.0742458627531545,795.0,0.3608003028700813,112.92241419020911,16780.446001831795,0.06744086158595172,0.9611570530311734,0.18460073433670343,0.7870317463631517,0.8488603621130655,0.8117631926631173,2121.591708566173
99,77.55300624126474,12.911228889687388,37.91370929000004,43.20309523999998,40.66820022343752,1.0223849814592203,-0.015243524685502052,0.7228676676750183,0.16074357252854568,0.14506398630371345,-0.2794612646102905,0.4108843505382538,0.0720285386305589,0.08185331877733229,600.0,0.3238504675578297,134.29927484433128,11777.479585557136,0.047333865290244664,0.9279714613694411,0.16074357252854568,0.7064312225212863,0.5957788955480636,0.6621702917319972,2500.4093452808443
100,77.55761547963559,12.911228889687388,39.63468236,43.25436554000001,41.352111747500025,0.8723319132653937,-0.39786297082901,0.8430755138397217,0.1592032398897059,0.1404662932104913,-0.34636229276657104,0.47911548614501953,0.06788692100375307,0.08722967112432219,696.0,0.33598517724141264,120.11334674003078,13927.819410818473,0.05597611296961973,0.932113078996247,0.1592032398897059,0.7329012716811926,0.7045565908809663,0.721563399361102,2550.136912368655
101,77.56222471800643,12.911228889687388,37.45227659,41.59491682999999,39.595626455000016,0.8748453869316954,-0.0015760441310703754,0.8195030689239502,0.2470785223268995,0.17750854352433984,-0.3660682737827301,0.23979148268699646,0.020086559220856313,0.08606632190710797,784.0,0.24251016365444342,76.96517685789672,14978.72288164914,0.060199709619479375,0.9799134407791437,0.2470785223268995,0.5289995493171669,0.7577178894959029,0.6204868853886614,2062.0491977564634
102,77.56683395637728,12.911228889687388,38.696435870000016,43.37741426000002,40.351630904375014,0.9179418877292002,-0.014746312983334064,0.8092796802520752,0.26707608736478367,0.17821306342351387,-0.33953312039375305,0.2849259376525879,0.02665938450739934,0.09603620413757458,498.0,0.26626504418916386,133.0347819207977,10788.883278935544,0.043360682058286956,0.9733406154926006,0.26707608736478367,0.5808172583466993,0.5457694846700192,0.5667981488760272,1581.502885820012
103,77.57144319474813,12.911228889687388,38.74428815000002,42.816858980000006,40.98437300750002,0.8722079881562261,-0.012315270490944386,0.8183765411376953,0.17420582490808822,0.15596179837634278,-0.33090466260910034,0.39959225058555603,0.06731590719784007,0.09225820455664033,928.0,0.2590787766725987,69.4647138698755,14021.540100272085,0.05635277781181112,0.9326840928021599,0.17420582490808822,0.5651414935859596,0.7092975720431115,0.6228039249688203,1118.2628150358892
104,77.57605243311897,12.911228889687388,38.306781590000014,42.709191350000026,40.211492084375024,0.7889503488860145,-0.014004809781908989,0.8071802854537964,0.16270531747855393,0.16907333141071637,-0.3591087758541107,0.2669253945350647,0.05249016855277267,0.1008295222138106,670.0,0.3059810359393647,113.63185530856013,17356.86311954163,0.06975749053890082,0.9475098314472273,0.16270531747855393,0.6674517375781664,0.8780191605868324,0.7516787067816328,707.1972361887243
105,77.58066167148982,12.911228889687388,36.96691774999999,42.02900536999999,39.38440035875002,1.2634557696604636,-0.02841096743941307,0.8584178686141968,0.24779583270733174,0.20277636039090577,-0.39064234495162964,0.29127517342567444,0.01739468501164363,0.10825237310083966,594.0,0.32626508131787546,136.667276648407,12689.76023258242,0.05100033475338399,0.9826053149883563,0.24779583270733174,0.711698340284892,0.6419277810006963,0.6837901165712137,499.9999999999634
106,77.58527090986067,12.911228889687388,35.987655020000034,41.83417823000002,39.04799556312502,1.3857253791040747,-0.04554655775427818,0.8451759219169617,0.3253772690716912,0.21308252444419337,-0.39764201641082764,0.287137895822525,-0.027422144272748163,0.11082437112054308,428.0,0.3552985476888521,206.55230838777004,12060.35836683299,0.048470759311508765,1.0274221442727483,0.3253772690716912,0.7750304926116975,0.6100886811569629,0.7090537680298037,707.1972361887243
107,77.58988014823152,12.911228889687388,37.65223076000004,40.92840293000003,39.26993438750002,0.8122804369098723,-0.014519906602799892,0.8258872628211975,0.2617896225873162,0.20064470086228076,-0.4022767245769501,0.23986901342868805,-0.00244996145659802,0.10816343280998397,755.0,0.3894952185262785,128.36173205674618,15750.311671357733,0.06330073641950178,1.002449961456598,0.2617896225873162,0.849625401082927,0.7967496970749696,0.828475119479744,1118.2628150358892
108,77.59448938660236,12.911228889687388,38.04701207000002,41.57611772000001,39.291533327812516,0.7954001442575181,-0.00743331853300333,0.8222129344940186,0.2714851731520433,0.1970814559170499,-0.41552674770355225,0.2657682001590729,0.006833105820875901,0.10610483290256234,510.0,0.34842544787808927,169.98871093087357,13775.086920051832,0.05536227882192507,0.9931668941791241,0.2714851731520433,0.760037856230955,0.6968304221364378,0.734754882593148,1581.502885820012
109,77.59909862497321,12.911228889687388,37.43860451000003,46.063977980000004,39.784842764375014,1.8519018105746223,-0.02308478020131588,0.8315488696098328,0.25219898897058823,0.20262161428653258,-0.4029524326324463,0.33110976219177246,0.01310940611596201,0.11777414168217738,348.0,0.3598083939052432,257.2601013648952,12046.771347146769,0.04841615287769145,0.986890593884038,0.25219898897058823,0.7848680457270386,0.609401364356824,0.7146813731789528,2062.0491977564634
110,77.60370786334406,12.911228889687388,36.77721764000003,46.171645609999985,39.976515775625025,2.091572553822914,-0.02078169770538807,0.8327205777168274,0.20628609451593138,0.18012886526428276,-0.3949055075645447,0.28125,0.03842028748755361,0.11025953913101735,658.0,0.3949664819691301,149.35327070711722,13488.472947034337,0.05421037300960265,0.9615797125124463,0.20628609451593138,0.8615601416803895,0.6823316870673141,0.7898687598351594,2500.4093452808443
111,77.6083171017149,12.911228889687388,36.92590151000002,41.22577067,39.386712548750026,0.8130692896542546,-0.0004928536363877356,0.7945031523704529,0.2107126512714461,0.16103451001480928,-0.3813229501247406,0.24022066593170166,0.02449948179955576,0.08480145077704777,796.0,0.3849577374160341,120.33178942343632,13800.23808412606,0.05546336172370673,0.9755005182004443,0.2107126512714461,0.8397275665914428,0.6981027259978062,0.7830776303539881,2121.591708566173
112,77.61292634008575,12.911228889687388,36.601189610000034,40.92327590000002,38.65612962312502,1.0011422194362527,0.004351610317826271,0.807735800743103,0.2731549072265625,0.1981021675780874,-0.3717834949493408,0.31574103236198425,-0.018621312654935395,0.10485746480316802,866.0,0.32679383827812686,93.89367916026595,16208.938185142704,0.06514396318668325,1.0186213126549355,0.2731549072265625,0.7128517442884861,0.8199499069218154,0.7556910093418178,1802.9175587063592
113,77.6175355784566,12.911228889687388,28.80297698000004,39.0946352,31.475265440000022,2.9479605502452206,-0.25,0.7831027507781982,0.04161497826669731,0.21420615084241293,-0.5028524994850159,0.4332493841648102,-0.21375713273590685,0.14642849011075088,67.0,0.043678226160541074,162.20736883160035,2913.6069431655696,0.011709829556881091,1.213757132735907,0.04161497826669731,0.09527749932503152,0.14738854048102665,0.11612191578742956,1581.179284860726
114,77.62214481682744,12.911228889687388,29.768567630000035,41.909374670000034,38.41753423437502,3.280729776214545,-0.2390977442264557,0.7523277401924133,0.12611348470052083,0.14345712342920858,-0.4549671411514282,0.540645182132721,0.0436003890692019,0.11688245366971263,350.0,0.263819019012492,187.55059506694104,11149.332169300273,0.04480933149950228,0.9563996109307981,0.12611348470052083,0.5754816212889403,0.5640032536392621,0.570890274229069,1499.9999999998902
115,77.62675405519829,12.911228889687388,40.518240530000014,44.42503739000003,42.52295952500002,0.9448497857798169,-0.042553190141916275,0.6132125854492188,0.1270366962139423,0.10651768679842825,-0.18174134194850922,0.3692709505558014,0.10035372220552885,0.06852144865060189,314.0,0.28962575323238604,229.50276271241134,10152.128978109686,0.04080155707069316,0.8996462777944711,0.1270366962139423,0.6317751413870276,0.5135584524771272,0.5844884658230675,1499.9999999998902
116,77.63136329356914,12.911228889687388,38.95107836,42.656212040000014,40.64727078500002,0.6358776740452763,-0.009201991371810436,0.7165354490280151,0.20066352395450368,0.15897653890051208,-0.2789924740791321,0.28528109192848206,0.03568842569986979,0.0890134676244298,534.0,0.30403015883366197,141.66279267357456,13910.45781919327,0.05590633647514639,0.9643115743001303,0.20066352395450368,0.663196191772835,0.7036783325228619,0.6793890480728457,1581.179284860726
117,77.63597253193998,12.911228889687388,38.66738270000002,42.890346410000035,40.780818606875016,0.9352183583031506,-0.017495816573500633,0.789081335067749,0.22631922104779412,0.16461832621466613,-0.3800033628940582,0.287200003862381,0.021065634933172487,0.08982716015792834,536.0,0.334595043769839,155.3227616047017,12797.493125032945,0.051433314847430175,0.9789343650668275,0.22631922104779412,0.7298689040110234,0.6473775874055474,0.696872377368833,1802.9175587063592
118,77.64058177031083,12.911228889687388,38.42641229000003,42.85787522000001,40.24723189562502,1.015181371721377,-0.03570279851555824,0.7547712326049805,0.24991225022536057,0.15755354784071143,-0.27818697690963745,0.25040093064308167,0.01037855368394118,0.07854969025992635,403.0,0.30640433181391763,189.1778321311579,10887.314005675424,0.04375627661025204,0.9896214463160589,0.24991225022536057,0.6683750940408069,0.5507487291033523,0.621324548065825,2121.591708566173
119,77.64519100868168,12.911228889687388,37.636849670000004,42.61177778000001,39.444743491250016,1.1042520879610431,-0.01392383873462677,0.7655601501464844,0.26445508769914217,0.18580701261147523,-0.4431900978088379,0.30460497736930847,-0.004571050008138021,0.1053578873316471,431.0,0.29767092098782055,171.84604075440643,11448.49867525487,0.04601168612804042,1.004571050008138,0.26445508769914217,0.6493244681973882,0.5791369746708126,0.621249470786758,2500.4093452808443
120,77.64980024705253,12.911228889687388,36.37560029000002,40.308032300000036,38.95182605187502,0.7793176328451334,-0.03510638326406479,0.8203522562980652,0.2497458065257353,0.19235258574269104,-0.4193548262119293,0.2886061370372772,-0.004511128593893612,0.11019817481401518,543.0,0.32498344031298043,148.91614734703467,13211.0701313157,0.05309548697520335,1.0045111285938937,0.2497458065257353,0.7089026326586254,0.6682989101925874,0.6926611436722101,2916.0243949296523
121,77.65440948542337,12.911228889687388,36.35680118000002,39.47745344000003,38.07998591000002,0.676624039481458,0.003754266304895282,0.757682204246521,0.29363264817457935,0.11048438651263155,-0.36086493730545044,0.34073883295059204,0.11064413217397837,0.12957849718544268,186.0,0.1243554170171398,166.35358082536553,4438.0132760123815,0.017836441238301682,0.8893558678260216,0.29363264817457935,0.2712626908740695,0.22450258807943602,0.2525586497562161,2915.673400409612
122,77.65901872379422,12.911228889687388,36.31920296000004,39.57486701000005,37.53642648312502,0.7032465256696037,0.08556701242923737,0.5777438879013062,0.32325300628063725,0.05477802696804112,-0.06951364129781723,0.3722194731235504,0.19156214096966911,0.05584169982641975,0.0,0.0,0.0,0.0,0.0,0.8084378590303309,0.32325300628063725,0.0,0.0,0.0,2692.677426557276
123,77.66362796216507,12.911228889687388,35.81162699000001,40.764337970000014,39.396200067500025,0.8143083574416407,-0.0448143407702446,0.7415730357170105,0.3033071001838235,0.13756366208485601,-0.3405522406101227,0.3457658290863037,0.03442058189242494,0.08922997449164867,101.0,0.12222083450133352,301.09549702614436,2646.989978750216,0.01063829201898492,0.9655794181075751,0.3033071001838235,0.2666064192695077,0.1339013797145966,0.21352440344754323,2549.5348459811435
124,77.66823720053591,12.911228889687388,34.33504235000001,41.48041316000001,39.70671838812502,1.1924256077407565,-0.4744121730327606,0.8361871242523193,0.2769356595552885,0.16852860571346606,-0.4308115541934967,0.3770044445991516,0.029943794837364784,0.08891678953987339,70.0,0.15436613828221038,548.6992787969428,180.88241585408224,0.0007269691145048268,0.9700562051626352,0.2769356595552885,0.33672657817953905,0.00915016877412085,0.20569601441737176,2062.0491977564634
125,77.67284643890676,12.911228889687388,29.672863070000034,45.274415360000035,37.92703579812502,4.881742373419659,-0.043988268822431564,0.8854149580001831,0.2573840092677696,0.2216027209415026,-0.6133137345314026,0.3862267732620239,-0.04245108211741728,0.2057039605890396,89.0,0.05478220283490553,153.15453977673644,973.8740111106009,0.003914014107747552,1.0424510821174173,0.2573840092677696,0.11949915901900246,0.04926466469565859,0.09140536128966491,1581.502885820012
126,77.6774556772776,12.911228889687388,37.28479361000001,43.603003580000035,41.06017891062502,1.2536013552655763,-0.046705055981874466,0.7905678749084473,0.17777608235677084,0.1423691234250839,-0.3190891146659851,0.4283232092857361,0.07160954494102328,0.08306148687487824,265.0,0.2469587957098862,231.87771624827673,8587.533875125115,0.034513426125489334,0.9283904550589768,0.17777608235677084,0.5387035729215566,0.4344114044466499,0.4969867055315939,1118.2628150358892
127,77.68206491564845,12.911228889687388,37.90174622000001,42.75875264000004,39.84572624562502,0.8685744088994448,-0.017680034041404724,0.799223780632019,0.18491842830882352,0.15577337644657788,-0.4008183479309082,0.4922619163990021,0.06164319805070466,0.09650160812031783,168.0,0.23114557400608612,342.3392460656775,4984.346857343565,0.020032164011956895,0.9383568019492954,0.18491842830882352,0.5042094015082612,0.2521395723188711,0.4033814698325051,707.1972361887243
128,77.6866741540193,12.911228889687388,36.85070507000003,42.669884120000034,39.60765270531252,1.471288335598517,-0.021453646942973137,0.7777777910232544,0.29084871732271633,0.18537156928907744,-0.2996038794517517,0.3598995804786682,0.021138869065504808,0.10582336171729621,85.0,0.16246843386297855,475.58752911163043,5885.099546151207,0.02365230243988775,0.9788611309344952,0.29084871732271633,0.3544005207725933,0.29770530123406824,0.3317224329571833,499.9999999999634
129,77.69128339239015,12.911228889687388,30.96658364000004,43.22018534,39.14841875000002,2.854599553486422,-0.11025144904851913,0.752947211265564,0.27252786075367647,0.17953175003363872,-0.4515151381492615,0.4728546440601349,0.03795632156671262,0.11697235013558425,38.0,0.03738290341359039,244.77655696830746,2399.805632509932,0.009644854462010263,0.9620436784332874,0.27252786075367647,0.08154519695155943,0.12139724283794247,0.09748601530611264,707.1972361887243
130,77.695892630761,12.911228889687388,31.974899540000024,45.84351569000003,42.422002272500016,2.838338606655121,-0.14800000190734863,0.7300000190734863,0.21571487725949756,0.14024729686221268,-0.3923541307449341,0.512125551700592,0.08708713905484068,0.09775517740355114,87.0,0.07844874876891515,224.36089209808975,3967.3555649549935,0.015944860910680043,0.9129128609451593,0.21571487725949756,0.17112417936587948,0.20069376470275888,0.18295201350063123,1118.2628150358892
131,77.70050186913184,12.911228889687388,0.0,44.55834017000001,17.68321817908089,21.141104497974613,0.0,0.5155741572380066,0.06412607633150541,0.09668457261645882,-0.09164075553417206,0.29176345467567444,0.04557327857384315,0.06370844976498748,163.0,0.08142322588031628,124.29140284480664,3648.7236709397293,0.01466427459856371,0.9544267214261568,0.06412607633150541,0.17761255505980514,0.18457536207478084,0.1803976778657954,1581.502885820012
132,77.50230461918542,12.915720445562343,41.30267612,47.287629140000035,43.07261321352943,1.1757371288506118,-0.034097060561180115,0.7608445882797241,0.22318424000459558,0.13069589730230058,-0.32275861501693726,0.3654458522796631,0.0777352606081495,0.08595345523416258,61.0,0.13045501471490448,532.1221446348903,7037.367382302086,0.028283283978716493,0.9222647393918505,0.22318424000459558,0.284568048408409,0.35599424614885183,0.31313852750458615,1803.0725044794615
133,77.50691385755627,12.915720445562343,39.65006345000003,43.95847766000003,41.703383115000015,0.9328843907456572,0.007792207878082991,0.7527205348014832,0.25370159442608176,0.13995333106847754,-0.32179808616638184,0.23694171011447906,0.03626080439640925,0.07493068207604786,286.0,0.17624030763943857,153.32733907741627,11325.044534821121,0.04551552210496879,0.9637391956035908,0.25370159442608176,0.38444179785234994,0.5728918887927907,0.4598218342285263,1414.381758368048
134,77.51152309592712,12.915720445562343,39.23477402000003,42.280229840000004,40.48866105588237,0.5978951884976962,-0.011901541613042355,0.7121211886405945,0.23095458984375,0.14923253867278646,-0.28296607732772827,0.33816561102867126,0.03251527374865962,0.0769675343101116,356.0,0.23031173155481477,160.9705589868407,11804.828162128942,0.04744377962547453,0.9674847262513404,0.23095458984375,0.502390499264013,0.5971623583362091,0.5402992428928914,1118.0871788912361
135,77.51613233429796,12.915720445562343,38.609276360000024,42.62886788,40.353643352352954,0.8947281823243425,0.022115739062428474,0.8045202493667603,0.28052490234375,0.16584688628880395,-0.30194947123527527,0.3002282977104187,0.008814424252977559,0.08693915859225504,348.0,0.22227950849344535,158.9280568630157,12527.136666381295,0.05034674822668579,0.9911855757470225,0.28052490234375,0.4848694093622557,0.633701259531688,0.5444021494300286,999.9999999999268
136,77.52074157266881,12.915720445562343,37.70862809000002,41.612006930000035,39.49722236882355,0.824981637432455,-0.0031835867557674646,0.8139534592628479,0.27038867657001203,0.1792315780965846,-0.33215829730033875,0.25553780794143677,0.0041671151381272534,0.09210347980714897,447.0,0.26834876530086477,149.37312536585284,13863.34594879872,0.05571699316865815,0.9958328848618727,0.27038867657001203,0.5853625834266127,0.7012951181936018,0.6317355973334083,1118.0871788912361
137,77.52535081103966,12.915720445562343,38.52211685,42.463093910000026,40.215396861764724,0.9170906813094435,-0.003330919658765197,0.811008095741272,0.2628811705346201,0.1508670913874189,-0.35897043347358704,0.24539096653461456,0.03178961660347733,0.07693897947051101,266.0,0.14172401946981872,132.56907133542737,12059.722359021063,0.04846820318667114,0.9682103833965227,0.2628811705346201,0.3091496921084932,0.6100565078868675,0.4295124184198429,1414.381758368048
138,77.5299600494105,12.915720445562343,40.56267479000002,47.27395705999999,43.83734492352943,1.5953113611176442,0.005470459349453449,0.7299145460128784,0.20362048579197303,0.11589268550711879,-0.1873413473367691,0.33213967084884644,0.11124218510646446,0.07652333297920934,46.0,0.033314247498274496,180.19907854153908,3247.1819237256036,0.013050472355649968,0.8887578148935356,0.20362048579197303,0.07267003430643579,0.164262858288738,0.10930716389935666,1118.0871788912361
139,77.53456928778135,12.915720445562343,39.209138870000004,47.24319488000003,43.731173416470604,1.867738661564722,0.003253796137869358,0.7121835350990295,0.22356412447415866,0.10688855301188803,-0.2780599594116211,0.3523849546909332,0.1127655264047476,0.07341132583768774,124.0,0.05026473849656696,100.86073576917873,6643.900573417182,0.02670193503281981,0.8872344735952524,0.22356412447415866,0.10964498811323106,0.3360902234647675,0.20022308225384566,999.9999999999268
140,77.5391785261522,12.915720445562343,38.47768259000003,45.49829567000003,40.602325004705904,1.5290813475726188,-0.005509252659976482,0.7971360087394714,0.24934275907628675,0.16284169476385327,-0.2976873815059662,0.3273223042488098,0.03187976612764246,0.08902826549010716,432.0,0.2002004290912761,115.30858607727825,13500.492169102126,0.05425867844151764,0.9681202338723576,0.24934275907628675,0.4367072091596768,0.6829396948160752,0.5352002034222362,1118.0871788912361
141,77.54378776452305,12.915720445562343,39.50650661,42.42207767000002,40.791900930588255,0.6143121403830099,-0.014935988932847977,0.7089591026306152,0.16429819144454658,0.1248556686574639,-0.16348357498645782,0.309170126914978,0.062323440850949756,0.0667809591203022,642.0,0.2839533068917572,110.05056901085591,13899.62595218415,0.0558628030408384,0.9376765591490502,0.16429819144454658,0.6194015504723216,0.7031303886511246,0.6528930857438429,1414.381758368048
142,77.54839700289389,12.915720445562343,39.383457890000045,42.06147656000002,40.743321286470604,0.5689470850993575,-0.03376347944140434,0.7018140554428101,0.13689632640165442,0.10701373943051358,-0.1659919023513794,0.2896755039691925,0.07210684982000613,0.059996526971532994,844.0,0.36918902419952265,108.83954667210004,16234.533998488921,0.06524683314048983,0.9278931501799939,0.13689632640165442,0.8053304837675972,0.8212447039363452,0.8116961718350963,1803.0725044794615
143,77.55300624126474,12.915720445562343,39.00405767000001,42.72286343000002,40.84686193000002,0.8268797114817183,-0.038133468478918076,0.783427894115448,0.17115179208608775,0.12928506656159455,-0.21374449133872986,0.40317022800445557,0.06669272789588342,0.06865627148795524,668.0,0.3027497331270897,112.76847208846485,13507.669180994922,0.05428752295885705,0.9333072721041166,0.17115179208608775,0.6604031351375839,0.6833027531587167,0.669562982346037,2236.493468270722
144,77.55761547963559,12.915720445562343,39.06900005000003,42.12470993000002,40.265803786470606,0.5371445144747199,0.006812477484345436,0.7869945764541626,0.19799413344439337,0.1509798736896202,-0.38156622648239136,0.280758798122406,0.04258396522671569,0.08562795771581005,846.0,0.3815805711859368,112.22672263942394,15944.320225232115,0.06408045967756683,0.9574160347732843,0.19799413344439337,0.8323607849820901,0.8065638683596222,0.822042018333103,2500.5946272892243
145,77.56222471800643,12.915720445562343,39.192048770000014,43.19796821,41.003309607058846,0.9367943848759858,-0.029369628056883812,0.7395860552787781,0.14983362534466912,0.12196970854613666,-0.2672984004020691,0.2996307909488678,0.07471886728324142,0.07360082146684516,955.0,0.2919903737761128,76.07562904963703,18110.069179923492,0.0727846368768687,0.9252811327167586,0.14983362534466912,0.6369332064474263,0.9161210542487592,0.7486083455679595,2000.4757018313794
146,77.56683395637728,12.915720445562343,37.39417025,43.79099468000001,41.36583852764708,1.3380551591563308,0.0,0.8393399715423584,0.17463145329402044,0.17561932288233198,-0.38318368792533875,0.30394265055656433,0.06736201946551983,0.1024290939067914,960.0,0.2174310017911594,56.354762449151856,18992.78871388075,0.0763322997877549,0.9326379805344802,0.17463145329402044,0.4742931191906601,0.9607745529196192,0.6688856926822437,1500.3567763735346
147,77.57144319474813,12.915720445562343,37.486456790000034,43.071501470000015,40.52817525941179,1.1221427705461469,-0.01828949712216854,0.8242753744125366,0.24854755476409313,0.21951515748167466,-0.38698071241378784,0.4081437587738037,0.03529734892003676,0.13047948964556544,576.0,0.1947280469397319,84.11751112671115,10482.290131263893,0.04212847964643998,0.9647026510799632,0.24854755476409313,0.4247700282669899,0.5302600774513117,0.4669660479407186,1000.2378509156897
148,77.57605243311897,12.915720445562343,37.97352464000002,42.87838334000003,40.150927564117666,1.1643479621122415,-0.020731545984745026,0.7391533255577087,0.22720174153645833,0.16089918485357463,-0.32777348160743713,0.44694533944129944,0.040251976461971505,0.09467935457038557,334.0,0.2765546517198539,206.0226128114457,8587.646516643237,0.03451387883342282,0.9597480235380285,0.22720174153645833,0.6032624938962561,0.43441710256217386,0.5357243373626233,500.11892545784485
149,77.58066167148982,12.915720445562343,35.26132577000004,42.095656760000026,37.747562767647075,1.4016197505948609,-0.004684838000684977,0.8736190795898438,0.40208721454326923,0.24106105900801106,-0.413696825504303,0.26277056336402893,-0.05714487515963041,0.13502323387227122,301.0,0.2290337061248183,189.32732324520123,6378.811079542328,0.025636536421701103,1.0571448751596304,0.40208721454326923,0.49960267847210854,0.32268033175280625,0.4288337397843876,0.0
150,77.58527090986067,12.915720445562343,34.717860590000015,41.64960515000004,37.897269678235304,1.664574459336338,-0.025884514674544334,0.8427795767784119,0.3254641065410539,0.23966975811282026,-0.4483437240123749,0.2626660168170929,-0.039287261962890625,0.13871810701850998,381.0,0.3240095638102858,211.59882097074774,10550.345575719535,0.04240199548798569,1.0392872619628906,0.3254641065410539,0.7067782671340938,0.5337027493098592,0.6375480600043999,500.11892545784485
151,77.58988014823152,12.915720445562343,37.183962019999996,40.95232907000002,39.09064948117649,0.8211635756040127,-0.03406326100230217,0.7865786552429199,0.20955877565870099,0.18099604853714207,-0.37525418400764465,0.32555878162384033,0.017988650752048866,0.10157700258386693,698.0,0.38503990170430447,137.25579981201167,15983.568220215557,0.06423819795203911,0.9820113492479511,0.20955877565870099,0.8399067956629587,0.8085492784750754,0.8273637887878054,1000.2378509156897
152,77.59448938660236,12.915720445562343,36.56700941,40.79339114000001,39.42063165000002,0.9128993253746537,-0.03006572462618351,0.8201255202293396,0.2176080322265625,0.1757828757344021,-0.36546576023101807,0.3600853681564331,0.024070045764629656,0.09664125384932089,659.0,0.364950781057632,137.79367165608406,12648.548091717548,0.05083470254745662,0.9759299542353703,0.2176080322265625,0.7960853920231068,0.6398430120491326,0.7335884400335171,1500.3567763735346
153,77.59909862497321,12.915720445562343,37.430059459999995,42.68013818,39.79600344235296,1.2313961147571157,-0.03030303120613098,0.8336798548698425,0.2337890864353554,0.20946166877306283,-0.42753884196281433,0.3762110769748688,0.024029683131797642,0.12559453844143145,490.0,0.39179117274743214,198.94771549343355,13506.203806997246,0.054281633599007006,0.9759703168682023,0.2337890864353554,0.8546336808594965,0.6832286253374321,0.7860716586506709,2000.4757018313794
154,77.60370786334406,12.915720445562343,36.160265030000005,41.46674108000002,39.242366991764726,1.2607145060716858,-0.02610587328672409,0.7882353067398071,0.23978036917892157,0.18615041650353253,-0.37224093079566956,0.3137359619140625,0.02104378943349801,0.10193371822219958,693.0,0.3830157506565775,137.51934297694595,18009.3332992812,0.07237977787714997,0.978956210566502,0.23978036917892157,0.8354914137430356,0.9110252006516343,0.8657049285064751,2236.493468270722
155,77.6083171017149,12.915720445562343,37.79578760000004,41.340274340000036,39.43696941764708,0.7606875590833543,-0.018246186897158623,0.7963955402374268,0.2587970090379902,0.2041226833654547,-0.35677215456962585,0.28983834385871887,0.0012867310467888327,0.11069116769621488,537.0,0.32471020786929156,150.45341355538912,14861.66215404174,0.05972924081746662,0.9987132689532112,0.2587970090379902,0.70830661706327,0.7517962225977054,0.7257024592770442,1803.0725044794615
156,77.61292634008575,12.915720445562343,38.36830595000001,41.818797140000015,40.4199162764706,0.6231049056851684,-0.010309278033673763,0.7365902662277222,0.16356393667367788,0.13075673173013724,-0.25336241722106934,0.27846047282218933,0.05300687936636118,0.07445301232770624,839.0,0.3881031370734709,115.09741823680059,15344.0144283046,0.061667821768216044,0.9469931206336388,0.16356393667367788,0.8465887841838623,0.7761966304386015,0.8184319226857579,1414.381758368048
157,77.6175355784566,12.915720445562343,32.11503836000003,42.94332572000002,39.765105251176486,1.9819111019829119,-0.06832297891378403,0.7756604552268982,0.18837837967218138,0.16704276395271628,-0.4417892098426819,0.37466877698898315,0.037105617149203435,0.10148076711551862,458.0,0.31822114970300086,172.87968084875192,13948.162928402857,0.05605787386878952,0.9628943828507965,0.18837837967218138,0.6941517099297613,0.7055856937845154,0.698725303471663,1118.0871788912361
158,77.62214481682744,12.915720445562343,37.961561570000015,42.60152372000002,40.616671227058845,1.0427471797117058,-0.012963790446519852,0.7737659811973572,0.18489705403645834,0.15324526658239157,-0.2973424792289734,0.3633584678173065,0.07028112074908088,0.08456719221382193,183.0,0.22328167728914455,303.58645145845486,9561.66894989308,0.0384284894519513,0.9297188792509191,0.18489705403645834,0.4870554902805797,0.48368927538192213,0.4857090043211167,999.9999999999268
159,77.62675405519829,12.915720445562343,37.534309070000006,42.49898312000005,39.83637510764708,1.2243751834846468,-0.018420713022351265,0.7800201773643494,0.2602165339543269,0.19684407756647512,-0.3509843945503235,0.3327961266040802,0.0058771280141977165,0.11150109562360924,268.0,0.2617731943349096,243.03608923837572,11968.117053472637,0.048100040103797426,0.9941228719858023,0.2602165339543269,0.5710189615961897,0.6054225361300485,0.5847803914097333,999.9999999999268
160,77.63136329356914,12.915720445562343,38.57680517000003,41.188172450000025,39.95776803941179,0.6468339983339441,-0.016961006447672844,0.7816162705421448,0.2234964049096201,0.167923033769268,-0.34634652733802795,0.26912540197372437,0.017562676224054073,0.09183385628632429,482.0,0.3311803892063604,170.96135985490423,13358.5412456077,0.053688175572741643,0.982437323775946,0.2234964049096201,0.7224203472250575,0.6757589254666425,0.7037557785216915,1118.0871788912361
161,77.63597253193998,12.915720445562343,38.176896830000004,42.31270103,40.689987164705904,1.0066728565331768,-0.009327247738838196,0.7720364928245544,0.19865650850183825,0.16253658253150746,-0.32209858298301697,0.2970976233482361,0.03701922547583487,0.08838767295686019,379.0,0.31638792312465763,207.71175602606507,12274.807651185962,0.04933263416880853,0.9629807745241651,0.19865650850183825,0.6901528011041432,0.6209368729839787,0.6624664298560774,1414.381758368048
162,77.64058177031083,12.915720445562343,30.787137589999986,41.97089903000003,38.83408378000002,2.0415379796146427,-0.2752475142478943,0.7635089159011841,0.27090416541466344,0.2064516956934002,-0.5121042728424072,0.5534307956695557,-0.005143997485821064,0.11414061765950441,168.0,0.19739523457342875,292.35314615648167,9858.366943698999,0.03962092309351901,1.0051439974858212,0.27090416541466344,0.4305880980538729,0.49869812356347937,0.4578321082577155,1803.0725044794615
163,77.64519100868168,12.915720445562343,36.85925012000001,40.33024943000004,38.66914493176473,0.7541459668638738,-0.02772466465830803,0.7515981793403625,0.26332797181372547,0.17122848098784202,-0.36637642979621887,0.28870540857315063,-0.008931441213570389,0.08871529181726161,553.0,0.3775569563092168,169.87823288597983,12791.746694530062,0.05141021985793372,1.0089314412135704,0.26332797181372547,0.823583872607219,0.6470868968555464,0.7529850823065499,2236.493468270722
164,77.64980024705253,12.915720445562343,36.16197404000002,40.45671616999999,38.61307875941178,0.9252855165308463,-0.01760237105190754,0.80033278465271,0.2629542930453431,0.18855613148843273,-0.39388084411621094,0.2907407283782959,-0.016780586990655637,0.10568024882296546,630.0,0.3586777992404563,141.65905378081914,12835.399152111815,0.05158565973297258,1.0167805869906557,0.2629542930453431,0.7824018230371521,0.6492951123550587,0.7291591387643148,2499.999999999817
165,77.65440948542337,12.915720445562343,35.82529907000003,39.603920180000046,37.53484128764707,0.9336151873592359,-0.002292364602908492,0.7634495496749878,0.33036074124849757,0.12442782602673444,-0.31467315554618835,0.3080299496650696,0.07686806898850661,0.12814933678238022,242.0,0.14581689586636676,149.92459090623143,3738.519622860161,0.015025165862346777,0.9231319310114934,0.33036074124849757,0.31807768810073506,0.18911780535996792,0.2664937350044282,2499.999999999817
166,77.65901872379422,12.915720445562343,36.332875040000005,39.171540650000054,37.35441950529414,0.5156879712662812,0.11030413210391998,0.5950413346290588,0.33930252374387254,0.06073043701428549,-0.08536025881767273,0.3616414964199066,0.17933452531403185,0.06029723197029411,0.0,0.0,0.0,0.0,0.0,0.8206654746859682,0.33930252374387254,0.0,0.0,0.0,2236.1743577824723
167,77.66362796216507,12.915720445562343,32.94903524,41.381290579999984,37.38628160176472,1.3951386152035645,-0.04712041839957237,0.8430023193359375,0.36014433019301473,0.17602720865561713,-0.4995187819004059,0.3299788236618042,0.012237744798847273,0.12563198384695945,89.0,0.1309593593156994,366.1229261973469,1518.0532144379658,0.006101078404223822,0.9877622552011527,0.36014433019301473,0.28566820051131725,0.07679266696332424,0.20211798709212006,2061.5816596973605
168,77.66823720053591,12.915720445562343,37.86927503000001,41.71625654000002,39.826523167647075,0.9362420621122881,-0.09361955523490906,0.721238911151886,0.24982222336989182,0.14158170679895316,-0.25548726320266724,0.44199705123901367,0.03715123103215144,0.08433221127298644,114.0,0.19495446140610506,425.50896685433895,1921.777033680743,0.007723650427013426,0.9628487689678485,0.24982222336989182,0.42526391746678843,0.09721555365886755,0.2940445719436201,1999.9999999998536
169,77.67284643890676,12.915720445562343,30.293233700000002,41.029234520000045,37.82927000352943,3.0697921060274886,-0.029056480154395103,0.7202831506729126,0.2107461607689951,0.16116544366029487,-0.5095505714416504,0.4070438742637634,-0.02248628204944087,0.17073978505233545,94.0,0.1604000755547093,424.5776261932489,3620.269040347167,0.014549915015805128,1.022486282049441,0.2107461607689951,0.3498887073441882,0.18313594812678688,0.28318760365722767,1500.3567763735346
170,77.6774556772776,12.915720445562343,32.76275315000004,43.53977021000003,40.38162026000002,1.6719688408033406,-0.014987080357968807,0.7310796976089478,0.20311264935661766,0.15283523351538722,-0.43832793831825256,0.3104448616504669,0.05112819297640931,0.09450889300260384,158.0,0.23527639471067185,370.5114718949792,3485.1260561459003,0.014006773356111748,0.9488718070235906,0.20311264935661766,0.5132201673174402,0.17629956710964323,0.3784519272343214,1000.2378509156897
171,77.68206491564845,12.915720445562343,32.834531569999996,43.269746630000014,38.89319082058825,2.394701533045805,-0.030342435464262962,0.8321958780288696,0.3320257688036152,0.21678468377361187,-0.627442479133606,0.4020792245864868,-0.01812482946059283,0.15128567192502348,55.0,0.1602014836820023,724.7433416266797,61.18213300726677,0.0002458919008008454,1.018124829460593,0.3320257688036152,0.3494555089595227,0.0030949765920243624,0.21091129601252337,500.11892545784485
172,77.6866741540193,12.915720445562343,36.001327100000026,40.44817112000001,37.66457361000002,0.9531203355477053,0.000985221704468131,0.805469810962677,0.42652202899639424,0.15160223062745445,-0.3284647762775421,0.29968875646591187,-0.020106947972224308,0.0890486821183426,29.0,0.08614733234934037,739.1357787503912,1607.0591161657767,0.0064587944445545055,1.0201069479722242,0.42652202899639424,0.18791748478061054,0.08129514454721097,0.1452685486872507,0.0
173,77.69128339239015,12.915720445562343,37.412969360000005,42.73140848000003,39.6448240629412,1.2669184104416582,-0.021276595070958138,0.7410526275634766,0.25770098517922796,0.16218199903185457,-0.2630041837692261,0.3371402323246002,0.01762183843874464,0.08315008053911846,159.0,0.25524687114662997,399.4327703593065,3871.654134420573,0.015560235440680923,0.9823781615612553,0.25770098517922796,0.5567827664063769,0.19585258521507906,0.41241069392985774,500.11892545784485
174,77.695892630761,12.915720445562343,39.81583742000001,44.14134173000002,42.339329652941196,0.854300736112475,-0.019157087430357933,0.7698800563812256,0.20578299728094362,0.14849068527620096,-0.25361862778663635,0.3555189371109009,0.06478515625,0.07965021033978437,141.0,0.2015709112073841,355.7043170296628,2678.063785571069,0.010763178109886496,0.93521484375,0.20578299728094362,0.4396967103452907,0.13547328804809985,0.3180073414264143,1000.2378509156897
175,77.70050186913184,12.915720445562343,0.0,44.621573540000014,17.61790509470589,21.064234005731276,0.0,0.5605453252792358,0.06892772381122296,0.1106293367025125,-0.14967621862888336,0.36907675862312317,0.038609742384690504,0.06116707129099289,214.0,0.09710394871490324,112.90248660512728,4996.291846030275,0.020080171098811335,0.9613902576153095,0.06892772381122296,0.21181770006265016,0.2527438248769336,0.2281881499883635,1500.3567763735346
176,77.50230461918542,12.920212001437298,38.433248330000026,43.990948849999995,40.7924745429412,1.2466974772921795,-0.023977432399988174,0.7832003831863403,0.3198008099724265,0.19675233654962582,-0.38398170471191406,0.41282176971435547,0.014661488252527574,0.12389653317704268,17.0,0.13214945510660203,1934.1798075250117,2202.184804729557,0.008850613421493068,0.9853385117474724,0.3198008099724265,0.2882642159835958,0.11140034004927875,0.217518665609869,2121.5535601888982
177,77.50691385755627,12.920212001437298,39.568030970000024,44.207993120000026,41.67574853500001,1.2068695243325542,-0.020237265154719353,0.7434961199760437,0.26445392315204325,0.1500349208006652,-0.2642126679420471,0.23209664225578308,0.04310201204740084,0.08263616801755547,266.0,0.1269671248033367,118.76542796538554,11531.569261596083,0.04634554804772301,0.9568979879525992,0.26445392315204325,0.2769597396947323,0.5833392067208337,0.39951152650517285,1802.8976070943595
178,77.51152309592712,12.920212001437298,39.080963120000035,43.72263428000002,41.32285899588238,0.9495128191295124,-0.029852692037820816,0.7063398361206055,0.20446255553002451,0.13268979138954337,-0.24956612288951874,0.32129356265068054,0.061438042135799634,0.07451557268779949,478.0,0.25992887051294294,135.30287120503226,13363.747306715017,0.05370909880961558,0.9385619578642004,0.20446255553002451,0.5669958457980185,0.6760222807383831,0.6106064197741643,1581.1735974953524
179,77.51613233429796,12.920212001437298,38.224749110000005,42.704064319999986,40.38157886529413,0.9353193081581412,0.0004161464748904109,0.7857649326324463,0.20906793332567403,0.1528931459006154,-0.24383267760276794,0.2753399908542633,0.03926435881969975,0.08274542146636445,583.0,0.37366037782409184,159.47363131654996,13377.814362980696,0.05376563451757185,0.9607356411803003,0.20906793332567403,0.8150840710671596,0.6767338808039741,0.7597439949618854,1499.9999999998902
180,77.52074157266881,12.920212001437298,37.120728650000046,39.961103269999995,38.814972567058845,0.5547803276499942,-0.01788727566599846,0.8155384063720703,0.30475365271935095,0.19942444188396716,-0.3632896840572357,0.24709926545619965,-0.012774276733398437,0.09842911953925332,465.0,0.2808692158963178,150.29051706376495,12410.562452092092,0.04987823472892113,1.0127742767333985,0.30475365271935095,0.6126740685307182,0.6278042035330704,0.618726122531659,1581.1735974953524
181,77.52535081103966,12.920212001437298,38.54262497000002,44.87963405000005,40.52160532823531,1.2969428589117638,0.00020429008873179555,0.7594015598297119,0.22107335707720588,0.14202488619804166,-0.31968456506729126,0.3261113166809082,0.03719831279679841,0.08225514669541532,409.0,0.2216154024335016,134.82083809627008,14879.037548531927,0.05979907278585924,0.9628016872032016,0.22107335707720588,0.48342076159791036,0.7526751791914209,0.5911225286353146,1118.230647794479
182,77.5299600494105,12.920212001437298,40.255052989999996,46.75270900999999,43.792946144705894,1.4657640715592986,0.0027259383350610733,0.6575630307197571,0.18482345281862744,0.09322488385538366,-0.11645937711000443,0.30803772807121277,0.11282340255438113,0.05928657510990766,99.0,0.04766839269850918,119.80520966566208,8435.176940651585,0.0339011013441118,0.8871765974456188,0.18482345281862744,0.10398144916563809,0.426704233698416,0.23307056297874926,707.184520062966
183,77.53456928778135,12.920212001437298,37.26428549000002,47.34402647000002,42.786303773529426,2.6466057266220138,0.04097311198711395,0.7083972692489624,0.23641681377704327,0.10942168673028732,-0.2939954996109009,0.36324167251586914,0.0944415987454928,0.09370966558857755,35.0,0.025609738990822146,182.06124051315285,5707.171493184698,0.022937206953685403,0.9055584012545073,0.23641681377704327,0.055863804552040534,0.2887045826920977,0.1490001158080634,499.9999999999634
184,77.5391785261522,12.920212001437298,37.893201170000054,45.70337687,41.07361555823531,1.2384481644312448,-0.028973950073122978,0.7179842591285706,0.16509227079503677,0.1207087672295953,-0.23304347693920135,0.3928866684436798,0.07645778880399816,0.07093893392631014,577.0,0.22065207738224835,95.15083352571813,11029.274229843633,0.04432681685857403,0.9235422111960019,0.16509227079503677,0.4813194124821469,0.5579299689392853,0.5119636350650022,707.184520062966
185,77.54378776452305,12.920212001437298,39.92008702999999,42.88351037000004,40.86823868176472,0.6492259697401782,-0.01834394969046116,0.6366594433784485,0.1383236275467218,0.10324277262548591,-0.21647214889526367,0.29543301463127136,0.08230758367800245,0.057687937114094666,1458.0,0.3240921154963176,55.308430088345716,17301.426717960247,0.06953469081799558,0.9176924163219975,0.1383236275467218,0.7069583412557229,0.8752148391811032,0.774260940425875,1118.230647794479
186,77.54839700289389,12.920212001437298,37.97694266000002,41.80854307999999,40.30223704117648,0.6701397725768631,-0.010423053056001663,0.770719587802887,0.16164984011182598,0.1369872849321581,-0.31297218799591064,0.23480969667434692,0.058424030378753065,0.07081961762655259,1094.0,0.336463863007462,76.52467511938853,16445.975992499956,0.06609662165326233,0.9415759696212469,0.16164984011182598,0.7339454528845234,0.8319407681281147,0.77314357898196,1581.4517092692022
187,77.55300624126474,12.920212001437298,37.93421741000003,41.08734086000001,39.98109198500002,0.5927617650965997,-0.02104499191045761,0.7472118735313416,0.15565577580378606,0.13335947661570005,-0.2871428430080414,0.35522714257240295,0.05364911592923678,0.07542393310487747,961.0,0.40493539875868484,104.84379816556425,16119.846940224492,0.06478590415080343,0.9463508840707632,0.15565577580378606,0.8833058384767067,0.8154431121432902,0.8561607479433402,2061.9794195548
188,77.55761547963559,12.920212001437298,37.452276590000025,42.59468767999999,39.98540196235295,1.0681448002531004,-0.0235294122248888,0.7884657979011536,0.22767496744791665,0.17818564263171255,-0.3608951270580292,0.2906724512577057,0.023424259260589,0.09542933329382769,721.0,0.36131559822805315,124.69006050864725,14527.790647706941,0.05838740627720705,0.976575740739411,0.22767496744791665,0.7881557859004007,0.7349069046537333,0.7668562334017337,2550.048751576736
189,77.56222471800643,12.920212001437298,37.18567103000001,42.32808212000003,39.29514524176472,1.0906634914078486,-0.050847455859184265,0.7964783906936646,0.25985897288602944,0.19447999122009282,-0.36447733640670776,0.4547293782234192,0.005647378809311811,0.11279708822851746,384.0,0.21468830313470155,139.10974313805897,10975.100768215765,0.04410909291209024,0.9943526211906882,0.25985897288602944,0.46831033343308504,0.5551895349693341,0.5030620140475847,2061.9794195548
190,77.56683395637728,12.920212001437298,37.69153799000003,41.08563185,39.15698745411767,0.6293969517978173,-0.013071895577013493,0.7998228669166565,0.2556053278996394,0.1714405356219408,-0.31468531489372253,0.2943558692932129,0.0035248191540057845,0.08879023576889854,507.0,0.33714413194580306,165.45810096574058,12895.168242674887,0.05182587259521368,0.9964751808459942,0.2556053278996394,0.735429357543916,0.6523186083844846,0.7021850578801434,1581.4517092692022
191,77.57144319474813,12.920212001437298,37.51550996000003,43.35861515000002,40.593691251764724,1.1502182579599889,-0.05249864608049393,0.8296266794204712,0.21833453010110293,0.17291291618008822,-0.38206857442855835,0.32109227776527405,0.0396463072533701,0.101334478056343,444.0,0.20197134578769915,113.18455790585504,13555.37780088817,0.054479264610439254,0.9603536927466299,0.21833453010110293,0.4405701983233843,0.6857161548259951,0.5386285809244287,1118.230647794479
192,77.57605243311897,12.920212001437298,36.81652487000002,41.90766566000002,38.51734463176472,1.0176584893513065,0.005312275607138872,0.8054212927818298,0.3145550417432598,0.19902845083911205,-0.4344947636127472,0.3471873998641968,-0.028965286554074755,0.11026259295424808,446.0,0.3545550323479734,197.8013197051096,11215.234520175985,0.04507419402598773,1.0289652865540748,0.3145550417432598,0.7734086254111308,0.5673370085002684,0.6909799786467858,707.184520062966
193,77.58066167148982,12.920212001437298,34.610192960000006,39.13052441000002,37.37204773647061,0.99729378362831,0.0030006524175405502,0.856692910194397,0.35454686091496396,0.22143264577626684,-0.44353628158569336,0.22123479843139648,-0.060956238966721754,0.12028849879026282,425.0,0.34631217616787313,202.74923349584995,11308.716237046618,0.045449898433820586,1.0609562389667218,0.35454686091496396,0.7554280709525037,0.5720659009281034,0.6820832029427436,499.9999999999634
194,77.58527090986067,12.920212001437298,36.60631664000002,39.89103386000002,38.565120035882366,0.7257336759020352,-0.0020903008989989758,0.7898371815681458,0.2829220281862745,0.1987132602988334,-0.3672998547554016,0.29625293612480164,-0.0037882277544806983,0.11002448007242324,517.0,0.353576368737913,170.16611267749997,13317.647891082384,0.053523824573845316,1.0037882277544807,0.2829220281862745,0.7712738175298711,0.6736902827305326,0.7322404036101358,707.184520062966
195,77.58988014823152,12.920212001437298,35.755229660000026,40.38835577000003,38.2227266829412,1.051967542183472,-0.015910429880023003,0.8325897455215454,0.27864130955116423,0.2247882948038461,-0.4168856739997864,0.4939759075641632,-0.014917599547143076,0.13773352389156784,592.0,0.3536333606900082,148.6318595133784,13611.710754675076,0.05470566758796773,1.0149175995471431,0.27864130955116423,0.771398136925474,0.6885658294738103,0.7382652139448085,1118.230647794479
196,77.59448938660236,12.920212001437298,38.540915960000035,41.53851950000001,39.93548487500002,0.84238963135763,-0.006984866224229336,0.7881090641021729,0.24635845477764423,0.18455464369759245,-0.3428027033805847,0.2525252401828766,0.008946533936720628,0.10398285831765473,652.0,0.3321851422269001,126.7689804880482,13656.119376394272,0.054884146497900174,0.9910534660632794,0.24635845477764423,0.7246120652422782,0.6908122965051027,0.711092157747408,1581.4517092692022
197,77.59909862497321,12.920212001437298,37.87782008000002,42.00166121000001,39.98711097235296,0.8881349421448345,-0.0330815315246582,0.8004931807518005,0.2079736806832108,0.17644464892476033,-0.3522281050682068,0.4148434102535248,0.03164651908126532,0.10724568778954545,458.0,0.3114547779553958,169.20372094061338,9332.783570491449,0.03750859571434812,0.9683534809187346,0.2079736806832108,0.6793918848112732,0.47211081518962184,0.5964794569626126,2061.5794783165984
198,77.60370786334406,12.920212001437298,38.899808060000026,42.025587349999995,40.53424254058825,0.6930405416534963,-0.009093970991671085,0.7813531160354614,0.10689553653492648,0.12359234267888897,-0.368404358625412,0.30595481395721436,0.07862173043045344,0.07904346328435381,1276.0,0.45287033279212874,88.30871932703185,17954.0255390023,0.07215749516754912,0.9213782695695466,0.10689553653492648,0.9878687075875138,0.9082273867310221,0.956012179244917,2061.9794195548
199,77.6083171017149,12.920212001437298,38.37001495999999,41.434269890000024,40.06294016000002,0.6857928480638809,-0.010225921869277954,0.758810818195343,0.16639950022977942,0.16438196964842391,-0.34687620401382446,0.28404325246810913,0.04428616991230086,0.09201505226570007,1094.0,0.42671144753994983,97.05040713984334,16184.400636445398,0.06504534641421053,0.9557138300876992,0.16639950022977942,0.9308070228295909,0.818708643580526,0.885967671129965,1581.4517092692022
200,77.61292634008575,12.920212001437298,38.851955780000026,42.22725052999999,40.450849948823546,0.6195102578069637,-0.01043219119310379,0.7230769395828247,0.11911686823918269,0.10272396065239328,-0.25259625911712646,0.32677480578422546,0.07668040348933293,0.06975089334516874,781.0,0.415857075797879,132.48705644259178,18319.754198349536,0.07362736407868294,0.9233195965106671,0.11911686823918269,0.9071298388586203,0.9267282395793152,0.9149691991468982,1118.230647794479
201,77.6175355784566,12.920212001437298,38.83486568000001,41.47528613,40.04701502529414,0.49712879829259354,-0.03194888308644295,0.6344916224479675,0.11516752355238971,0.10646560654062305,-0.23910777270793915,0.25595539808273315,0.07519722134459253,0.06495520451627855,673.0,0.37654293219712154,139.21301062527291,16427.175591072875,0.06602106256083619,0.9248027786554075,0.11516752355238971,0.8213719310942872,0.8309897257326073,0.8252190489496152,707.184520062966
202,77.62214481682744,12.920212001437298,36.41832554000001,43.00997711000002,39.97793908823532,1.3763728157789914,-0.03218645974993706,0.8337345123291016,0.2635104788985907,0.20917960719998702,-0.4182072877883911,0.366079717874527,0.026733024447571998,0.11762613168850242,101.0,0.17714907410932598,436.4132247525017,5411.964514555148,0.02175076572424554,0.973266975552428,0.2635104788985907,0.3864241356057894,0.27377115942370367,0.3413629451329551,499.9999999999634
203,77.62675405519829,12.920212001437298,36.02354423000003,44.768548400000014,39.77619311882355,1.885181184403732,-0.06949352473020554,0.8186845779418945,0.36523287259615383,0.2175431934962505,-0.3805124759674072,0.47815385460853577,-0.0028201315953181342,0.12710267106067263,67.0,0.0797489143858698,296.1627040933902,2056.5114442247186,0.008265150023112906,1.0028201315953182,0.36523287259615383,0.17396029565495477,0.10403126645404383,0.1459886839745904,499.9999999999634
204,77.63136329356914,12.920212001437298,36.84386903000001,40.916439860000025,38.81140670882355,0.8794976970703315,-0.004514411557465792,0.8448537588119507,0.3730383540134804,0.22569592743471414,-0.3926817774772644,0.24873585999011993,-0.045299257764629286,0.12390703407870315,510.0,0.2821039534961445,137.63198898173337,15280.37056055613,0.06141203611894602,1.0452992577646292,0.3730383540134804,0.6153674634135982,0.7729771238404252,0.678411327584329,707.184520062966
205,77.63597253193998,12.920212001437298,38.26918337000001,40.81902629000001,39.84396807941179,0.5228071111329757,-0.03145047649741173,0.8168118596076965,0.14243570963541666,0.1505203394186523,-0.34234538674354553,0.26905742287635803,0.06266822964537377,0.07744855621790006,1244.0,0.5011113809548595,100.22920268846313,16321.456640931607,0.06559617653082775,0.9373317703546262,0.14243570963541666,1.0,0.8256417971799733,0.9302567188719894,1118.230647794479
206,77.64058177031083,12.920212001437298,29.493417020000038,40.34221250000002,33.050548200000016,3.283268309746814,-0.35172414779663086,0.8550992012023926,0.11447821983924279,0.3194501005430451,-0.6312122344970703,0.5069307088851929,-0.05102532019981971,0.1577243858209286,56.0,0.028710297738160084,127.56456693058796,2897.562899728939,0.01164534830813653,1.0510253201998196,0.11447821983924279,0.06262720842450795,0.14657693198624114,0.09620709784920123,1581.4517092692022
207,77.64519100868168,12.920212001437298,29.56177742,41.95893596000002,38.91668527294119,2.623990075379202,-0.22165820002555847,0.7837143540382385,0.19282951803768383,0.17585712912359489,-0.4748538136482239,0.4644877314567566,0.0208416000067019,0.10321396217833757,357.0,0.24103397013147967,167.99270679291152,10369.175011267103,0.04167386829998655,0.9791583999932981,0.19282951803768383,0.5257794545525389,0.5245380041696804,0.5252828743993956,1999.9999999998536
208,77.64980024705253,12.920212001437298,38.19398693000005,41.31634819999999,39.76405855647061,0.5996653718226185,-0.016149068251252174,0.7174415588378906,0.17385000191482844,0.12796341185675186,-0.2732546031475067,0.30563798546791077,0.05505908442478554,0.07486568539593053,665.0,0.3524032686817123,131.85562825404517,14041.252976340322,0.056432004153365675,0.9449409155752144,0.17385000191482844,0.768714875703753,0.7102947731375131,0.7453468346772569,1999.9999999998536
209,77.65440948542337,12.920212001437298,34.76742188000003,40.89593174000001,37.67736326000002,1.1463761165432804,0.01595744676887989,0.7582644820213318,0.3398488206129808,0.1427559752182309,-0.3214424252510071,0.31617462635040283,0.06134624774639423,0.09901220165277297,299.0,0.1336370343000401,111.20800003356644,5497.400605733012,0.02209413464298239,0.9386537522536058,0.3398488206129808,0.29150914688069274,0.278093053566854,0.28614270955515725,1999.9999999998536
210,77.65901872379422,12.920212001437298,35.44931687000002,44.22679223,40.05941569647061,2.2781191870909345,0.06305544078350067,0.777319610118866,0.365941162109375,0.13430598125012258,-0.28873106837272644,0.3281938433647156,0.10529201133578431,0.09637855438584716,0.0,0.0,0.0,1284.7820937875333,0.005163558307435673,0.8947079886642157,0.365941162109375,0.0,0.06499234843041808,0.025996939372167235,1802.8976070943595
211,77.66362796216507,12.920212001437298,34.972503080000024,42.07514864000001,39.05628004823531,1.9238354822379098,-0.018446059897542,0.7201793789863586,0.2950375306372549,0.18068888492660193,-0.25866568088531494,0.4635499119758606,0.06815976011986825,0.09313964136449344,121.0,0.11424941909409195,234.93570230234405,4642.721775620824,0.01865916773711189,0.9318402398801318,0.2950375306372549,0.2492179721450424,0.23485802982909365,0.2434739952186629,1581.1735974953524
212,77.66823720053591,12.920212001437298,33.42755804000004,42.622031840000005,39.821561716470605,1.6936187140612686,-0.19393938779830933,0.7944297194480896,0.18284987229567307,0.16083514498628873,-0.4201747477054596,0.49504950642585754,0.054232072096604564,0.09939953155498693,109.0,0.21825946075600453,498.22666776984335,4294.234404936903,0.017258591821061684,0.9457679279033955,0.18284987229567307,0.47610027816670747,0.21722934965943122,0.372551906763797,1499.9999999998902
213,77.67284643890676,12.920212001437298,38.59047725000005,42.30415598000002,40.212534713529436,0.7641935970361805,-0.04422079771757126,0.7257171869277954,0.20193670534620098,0.15275066081526245,-0.27495816349983215,0.43972834944725037,0.04947544471890319,0.09166526267876128,131.0,0.2190295978876276,416.0177873869924,3493.1621415090003,0.014039070502481193,0.9505245552810968,0.20193670534620098,0.4777802168109349,0.17670608278452743,0.35735056320037195,1581.1735974953524
214,77.6774556772776,12.920212001437298,30.12916874000001,43.144988900000016,39.404776163529434,3.0369022492067503,-0.03097456507384777,0.8606396317481995,0.28034706265318626,0.2055450350465172,-0.6333885788917542,0.36458006501197815,-0.01046864528282016,0.1601769975285188,68.0,0.1246426338134877,456.0769192811035,2988.059857939682,0.01200905692660675,1.0104686452828202,0.28034706265318626,0.2718892112373185,0.15115483657283654,0.22359546137152572,1118.230647794479
215,77.68206491564845,12.920212001437298,30.040300220000006,41.78632594999999,37.73322245882355,2.9785720185771773,-0.04182933643460274,0.8125811815261841,0.25875550513174017,0.22499369568680036,-0.6168196797370911,0.4924924969673157,-0.034469347187117035,0.17582373872198484,20.0,0.2936093213266183,3652.7523865309695,334.4722970447309,0.0013442491270414766,1.0344693471871171,0.25875550513174017,0.6404646977122869,0.016919709711838746,0.3910467025121076,707.184520062966
216,77.6866741540193,12.920212001437298,36.04917938000003,42.630576890000015,39.60417150500002,1.1043271444895022,-0.05573248490691185,0.7243491411209106,0.1529077383188101,0.1450694742583578,-0.3375251591205597,0.49202197790145874,0.06020430931678185,0.10482013860685335,27.0,0.3369093512619693,3104.771841424479,1502.5330452820563,0.006038702613990357,0.9397956906832181,0.1529077383188101,0.7349172186955277,0.07600755932027926,0.47135335494542835,499.9999999999634
217,77.69128339239015,12.920212001437298,37.85047592000004,40.79680916000004,39.691369452941196,0.6207800246829567,-0.2929411828517914,0.7007741928100586,0.2692761469822304,0.12698569113689748,-0.31172439455986023,0.412799209356308,-0.017299840590533088,0.06555557636026173,291.0,0.3702984761270994,316.6207151469232,0.0,0.0,1.0172998405905331,0.2692761469822304,0.8077505867473364,0.0,0.4846503520484018,707.184520062966
218,77.695892630761,12.920212001437298,38.76650527999999,46.892847829999994,41.7844572747059,1.6920412438929535,-0.018067557364702225,0.7542234063148499,0.25923378140318626,0.14148093287039468,-0.2663257420063019,0.4123159348964691,0.032452841366038605,0.09247955414300875,177.0,0.23087068718889037,324.5457444760601,1400.422425600731,0.005628318517665844,0.9675471586339613,0.25923378140318626,0.5036097771452305,0.07084216278738513,0.3305027314020923,1118.230647794479
219,77.70050186913184,12.920212001437298,0.0,46.26393215000002,17.878922369411775,21.442788341546464,0.0,0.6160051822662354,0.12137316190279447,0.16323118515324844,-0.2602902054786682,0.5504443049430847,0.03903759296123798,0.0753344725714907,1.0,0.011661236932718104,2901.516262728234,93.28189630574562,0.00037490132601625427,0.960962407038762,0.12137316190279447,0.025437239367330534,0.00471878424852622,0.01714985731980881,1581.4517092692022
220,77.50230461918542,12.924703557312252,39.002348660000024,46.95779021000004,42.75821229125001,2.0986621228834355,-0.0487329438328743,0.7421652674674988,0.17440841375612745,0.15250745781191435,-0.3092350661754608,0.5993660688400269,0.07358106426164215,0.09394022662883866,81.0,0.2756761386509222,846.8267101422642,2308.5367637117643,0.00927804352343022,0.9264189357383579,0.17440841375612745,0.6013461493994692,0.11678029016521818,0.4075198057057688,2236.1582665991473
221,77.50691385755627,12.924703557312252,38.69472686,44.17552193000003,41.38308860093751,1.0916597178491863,0.0006022886955179274,0.7043632864952087,0.24775738055889424,0.15621665583271038,-0.32265445590019226,0.45394933223724365,0.04449047382061298,0.09054044408004965,303.0,0.1606301434773862,131.9060782749954,6721.8887312417155,0.027015370596845553,0.955509526179387,0.24775738055889424,0.3503905660109525,0.34003535435605836,0.34624848134899483,2061.577296227208
222,77.51152309592712,12.924703557312252,38.49819071000002,41.818797140000015,40.38781542125002,0.9134981758305032,-0.019617900252342224,0.7854729890823364,0.31531508501838235,0.17850393533777045,-0.341370552778244,0.33543843030929565,0.00614922467400046,0.09760944466049218,259.0,0.20532019935437082,197.24786123864254,8693.581859857317,0.03493963455040324,0.9938507753259995,0.31531508501838235,0.4478752201039262,0.4397759776356648,0.44463552311662163,1999.9999999998536
223,77.51613233429796,12.924703557312252,38.303363570000016,42.635703920000026,39.88495179500002,0.9077385992913566,-0.01879194565117359,0.7676516771316528,0.31926073261335786,0.17605831026071167,-0.319163054227829,0.22994652390480042,0.004270562190635532,0.09391255857845782,264.0,0.2167691909081976,204.30265918079257,10552.727761622304,0.04241156952849231,0.9957294378093645,0.31926073261335786,0.4728494780106605,0.5338232552360916,0.49723898890083296,1999.9999999998536
224,77.52074157266881,12.924703557312252,36.748164470000034,40.33366745000001,38.44791942687502,0.8187158420292937,0.005039596930146217,0.8319662809371948,0.39448326697716346,0.20678618728811476,-0.40494850277900696,0.23895898461341858,-0.06462564321664663,0.10386877206493551,348.0,0.2594599425362412,185.51176750640735,12671.75298593756,0.05092796336180194,1.0646256432166465,0.39448326697716346,0.5659729497486352,0.6410168613561323,0.595990514391634,1500.302814394698
225,77.52535081103966,12.924703557312252,38.68105478000001,48.125044040000006,43.194964876250026,2.1177329893509182,0.02093900367617607,0.7948493957519531,0.21506077186734068,0.1386790236163775,-0.33723533153533936,0.37008529901504517,0.08515954709520528,0.09306693969444664,96.0,0.1255199385843305,325.32832315909815,6724.328560956846,0.02702517630868977,0.9148404529047948,0.21506077186734068,0.27380292001305023,0.34015877626839924,0.30034526251518984,1000.201876263132
226,77.5299600494105,12.924703557312252,39.352695710000035,46.64845940000001,43.41289506687502,1.3432314240526944,0.004878048785030842,0.7156423330307007,0.18085396560968137,0.11650336911648218,-0.24613061547279358,0.39546599984169006,0.11506413478477329,0.07914411326084778,144.0,0.045017512924655737,77.7856339412389,10234.267599960904,0.04113167341125551,0.8849358652152267,0.18085396560968137,0.09819895252908209,0.5177135399092778,0.2660047874811604,500.100938131566
227,77.53456928778135,12.924703557312252,32.99517851000002,45.07104317000005,40.22238074000001,2.9372910175689917,0.031907178461551666,0.8601108193397522,0.41349477914663463,0.2077953347785855,-0.4395531415939331,0.24636678397655487,-0.02325493445763221,0.14084628046175315,17.0,0.011687722746341622,171.0650816811076,2976.745505641993,0.011963584376761541,1.0232549344576323,0.41349477914663463,0.025495014197296436,0.15058248556455925,0.07553000274420156,0.0
228,77.5391785261522,12.924703557312252,39.12539738000001,42.17939825000002,40.602145381250025,0.7853888788924888,-0.01429836731404066,0.7277439832687378,0.15314157523360908,0.10705633398138509,-0.22714902460575104,0.3808184862136841,0.07645669974532782,0.0624846540499118,444.0,0.2804068267255248,157.13972986085423,17633.117337771873,0.07086776034294341,0.9235433002546722,0.15314157523360908,0.6116654359057072,0.8919938341858885,0.7237967952177797,500.100938131566
229,77.54378776452305,12.924703557312252,37.435186490000035,41.01727145000001,39.91283630375001,0.6655895428691193,-0.001270647975616157,0.7712110877037048,0.15177135991115195,0.12840202781756493,-0.34397825598716736,0.23133236169815063,0.060185295553768385,0.06883802768767673,724.0,0.4476275566771749,153.836233445928,17003.905801881738,0.06833894983959811,0.9398147044462316,0.15177135991115195,0.976432377826369,0.8601643624219607,0.9299251716646056,1000.201876263132
230,77.54839700289389,12.924703557312252,37.577034320000024,40.77288302000002,39.88118820312502,0.6548782372787657,-0.004962130915373564,0.7738728523254395,0.18899126838235294,0.1589104724230584,-0.34292566776275635,0.2875731885433197,0.04130608053768382,0.08601583259663487,805.0,0.4067822685122332,125.7322024702374,15556.447486894223,0.06252159338424218,0.9586939194623162,0.18899126838235294,0.8873345078427739,0.7869428289019493,0.8471778362664442,1500.302814394698
231,77.55300624126474,12.924703557312252,38.65883765000001,41.823924170000026,40.148524700000024,0.8129238181075262,-0.016438700258731842,0.8112068772315979,0.22734637920673076,0.16870655145730112,-0.39084967970848083,0.3219178020954132,0.02934186495267428,0.09646401068821878,524.0,0.38369165298329305,182.19290229768524,13087.540298100434,0.05259901874171915,0.9706581350473257,0.22734637920673076,0.8369657932940899,0.6620499952982257,0.7669994740957442,2000.403752526264
232,77.55761547963559,12.924703557312252,38.26063832,41.63080604000001,39.36373516062502,0.7189446792652002,-0.014101531356573105,0.8229019641876221,0.23691186044730392,0.17672970834448518,-0.3905434310436249,0.2870510220527649,0.013422731885723039,0.09739587359999859,650.0,0.3135698701463588,120.03319307188161,14550.891609541388,0.05848024938575192,0.9865772681142769,0.23691186044730392,0.6840056411954304,0.7360754964078386,0.7048335832803937,2500.50469065783
233,77.56222471800643,12.924703557312252,37.49329283,41.45477801000004,38.97826544187502,0.7616461476052299,-0.017241379246115685,0.8324994444847107,0.2844130332797181,0.20630003425325097,-0.38844653964042664,0.2771835923194885,-0.008517556283988205,0.11304686441813812,539.0,0.32895856061919865,151.85630110101158,12979.943276235477,0.052166584713573355,1.0085175562839883,0.2844130332797181,0.7175737614013667,0.6566070620810394,0.6931870816732357,2236.4291120268067
234,77.56683395637728,12.924703557312252,36.50548505000003,40.41740894,38.73282773000002,0.7770395735141477,0.009342783130705357,0.8332539200782776,0.3089576603816106,0.21382456859109644,-0.3885042667388916,0.2464013546705246,-0.029644678556002103,0.11535279974890494,486.0,0.3577188689802656,183.14116367173938,11840.570984702283,0.04758743055999658,1.029644678556002,0.3089576603816106,0.7803100604989424,0.5989704548140523,0.7077742182249863,1803.0276023623449
235,77.57144319474813,12.924703557312252,37.94618048000001,40.64128925000003,39.157636094375015,0.6013536235928448,-0.023952802643179893,0.7910182476043701,0.2462908815870098,0.1697273042957923,-0.37145617604255676,0.25631067156791687,0.01162430258358226,0.09149361178244877,557.0,0.3621025824155275,161.75466575349566,13677.449563823331,0.05496987283782276,0.9883756974164177,0.2462908815870098,0.7898724738701753,0.6918913113669839,0.7506800088688987,1414.3563176512994
236,77.57605243311897,12.924703557312252,37.84705790000004,41.20868057000001,39.14419649000003,0.6442884868880688,-0.005784959066659212,0.778935968875885,0.2450081858915441,0.16953397195057007,-0.36465099453926086,0.24652567505836487,0.010073817384009268,0.09069342343953489,562.0,0.4209137945512671,186.35336237955272,11475.41128664134,0.04611984831271855,0.9899261826159907,0.2450081858915441,0.9181603123911755,0.5804983836014473,0.7830955408752842,1118.0791332995736
237,77.58066167148982,12.924703557312252,35.03060942000002,41.39496266000003,37.62469182312502,1.4617959817458388,0.015588723123073578,0.8342267870903015,0.3562195528470553,0.2373149827086018,-0.41798943281173706,0.2470245361328125,-0.04960047795222356,0.13736695303856525,365.0,0.29649575543364515,202.11847169427284,10285.917114565058,0.04133925357718317,1.0496004779522237,0.3562195528470553,0.6467610207972303,0.5203262967850522,0.596187131192359,999.9999999999268
238,77.58527090986067,12.924703557312252,37.438604510000005,40.74553886000001,38.72356012062502,0.6901268119057945,-0.015854142606258392,0.83201003074646,0.24936982996323528,0.1979063093670294,-0.37952175736427307,0.2660430669784546,0.009068101621141621,0.1132455015795378,576.0,0.4185416751620337,180.79924577239316,12732.468491060574,0.051171979878208915,0.9909318983788584,0.24936982996323528,0.9129858897240124,0.6440882329787324,0.8054268270259004,1118.0791332995736
239,77.58988014823152,12.924703557312252,36.52428416000001,38.85879182000002,37.69366796937502,0.5243472375238704,0.022305704653263092,0.8108296394348145,0.34701746323529414,0.2129930256949986,-0.3985820412635803,0.23190125823020935,-0.05312114042394302,0.11768580183923247,601.0,0.35324566009824676,146.245581128477,12178.65766319545,0.048946205939734574,1.0531211404239431,0.34701746323529414,0.7705524262335128,0.6160730026426372,0.7087606567971626,1414.3563176512994
240,77.59448938660236,12.924703557312252,37.025024090000045,40.113205160000035,38.48397269625002,0.6337270113449895,0.00927441380918026,0.8304482698440552,0.3471393761268029,0.2252456855041324,-0.43497759103775024,0.2869374454021454,-0.049031988290640025,0.12731733074143275,461.0,0.34831508521524746,187.99735888623624,9129.82423807868,0.036692899144463595,1.04903198829064,0.3471393761268029,0.7597971166346222,0.4618438573037991,0.640615812902293,1499.9999999998902
241,77.59909862497321,12.924703557312252,38.90493508999998,43.87644518000002,40.685390504375015,1.1779954410566735,-0.03495334833860397,0.8112505674362183,0.22743877336090687,0.17774628500507594,-0.3641575872898102,0.42455244064331055,0.037287268545113356,0.10573971133016515,292.0,0.26268634656817824,223.83862977085056,10609.723714478067,0.0426406371091207,0.9627127314548867,0.22743877336090687,0.5730108662346501,0.5367064685413185,0.5584891071573175,1581.1707524235778
242,77.60370786334406,12.924703557312252,39.896160890000004,42.047804480000025,41.21999019500002,0.45213608905470015,-0.018626634031534195,0.712518036365509,0.09038012934666054,0.09063210509046218,-0.26009103655815125,0.3430340588092804,0.10370477414598651,0.06207167822802882,940.0,0.4702275733568395,124.46883592543114,18178.449392434653,0.0730594579660507,0.8962952258540134,0.09038012934666054,1.0,0.9195801549155268,0.9678320619662107,1802.8876263594357
243,77.6083171017149,12.924703557312252,39.86027168000001,42.92281760000003,40.96906731500002,0.5811717411945876,-0.018233483657240868,0.690792977809906,0.10065009622012867,0.08712150759132246,-0.20000000298023224,0.2840369641780853,0.08452279483570772,0.06152073159772569,913.0,0.4611413537516036,125.67349188985148,14737.93253578568,0.05923196964493767,0.9154772051642923,0.10065009622012867,1.0,0.7455372013210668,0.8982148805284267,1500.302814394698
244,77.61292634008575,12.924703557312252,38.91006212000002,41.76923585000003,40.13360018375002,0.5074633563848824,-0.03030303120613098,0.7766134738922119,0.12392133272611178,0.10997556819209074,-0.28672507405281067,0.2863340675830841,0.08065256558931791,0.061794774140211416,963.0,0.45122155652711315,116.58533953894555,16223.458545968273,0.065202320732395,0.9193474344106821,0.12392133272611178,0.9842721494557857,0.8206844379793964,0.91883706486523,1000.201876263132
245,77.6175355784566,12.924703557312252,36.43199762000003,41.16595532000002,39.34476012312501,0.8407955933740493,-0.014563106931746006,0.7779739499092102,0.18039197734757967,0.17869727891008794,-0.3430630564689636,0.31047528982162476,0.04680627261891084,0.1022545098955806,612.0,0.33084097993948475,134.50804671299818,15749.378057043265,0.06329698420971248,0.9531937273810892,0.18039197734757967,0.7216799768153987,0.7967024689986141,0.7516889736886849,500.100938131566
246,77.62214481682744,12.924703557312252,35.93467571000002,40.86175154000003,37.87281871250002,0.9084827452584862,0.003005780279636383,0.8263217210769653,0.4389117551317402,0.2194790385419545,-0.4276050925254822,0.254844605922699,-0.06778509401807598,0.1324118116509177,168.0,0.1801057722737234,266.74650621101495,5218.347731542883,0.020972616999091157,1.067785094018076,0.4389117551317402,0.3928737291933878,0.2639768063700949,0.34131496006407064,0.0
247,77.62675405519829,12.924703557312252,36.08848661000002,44.12254262000002,38.51774379500002,1.920821572871722,0.01956947147846222,0.8446424603462219,0.41973675067608174,0.22448618140408277,-0.42022472620010376,0.24031007289886475,-0.07373207679161659,0.14302614787496357,184.0,0.19364924270025438,261.8655508927532,6043.707443148562,0.024289749932443663,1.0737320767916165,0.41973675067608174,0.42241677862217,0.3057286849310492,0.37574154114572167,0.0
248,77.63136329356914,12.924703557312252,38.433248330000026,41.606879899999996,40.01557796375001,0.7808844426766475,-0.03145574405789375,0.8678196668624878,0.3025472723268995,0.20687896999821256,-0.41853034496307373,0.4523971676826477,0.0037012242335899203,0.12097371798979575,119.0,0.2226991729544486,465.6418783388055,7845.7080088786515,0.03153201695668982,0.9962987757664101,0.3025472723268995,0.4857848444408922,0.3968851924867252,0.45022498365922536,500.100938131566
249,77.63597253193998,12.924703557312252,36.963499730000024,41.72992862000001,39.44569852625002,1.0305003437931881,-0.02679496631026268,0.8602370023727417,0.2582308900122549,0.2068071274405731,-0.4392676055431366,0.23928193747997284,0.00574890884698606,0.11568010204882546,802.0,0.3722939102051172,115.50265139359857,14349.869825127957,0.0576723398500395,0.9942510911530139,0.2582308900122549,0.812103326904931,0.7259065518701802,0.7776246168910307,1000.201876263132
250,77.64058177031083,12.924703557312252,30.337667960000005,46.56984494000005,41.009996289375025,3.2867152783196683,-0.23346303403377533,0.8013244867324829,0.1594943354679988,0.143954502271322,-0.49109897017478943,0.47457626461982727,0.07495997502253605,0.10835494234165616,226.0,0.1506768524443813,165.88934408147125,5713.967223391347,0.022964519094268082,0.925040024977464,0.1594943354679988,0.328678954458932,0.2890483534121017,0.3128267140401999,1499.9999999998902
251,77.64519100868168,12.924703557312252,30.006120020000026,42.35884429999999,38.13226151000002,2.792653348610565,-0.24907062947750092,0.8125177025794983,0.27850782207414215,0.21055000328693788,-0.5369079113006592,0.4935305118560791,0.05733163871017157,0.1276827409439719,37.0,0.03687236618840632,247.9588844467704,3019.7614468128113,0.012136466082895807,0.9426683612898284,0.27850782207414215,0.08043153656734212,0.1527585020658435,0.10936232276674267,1499.9999999998902
252,77.64980024705253,12.924703557312252,35.72275847000003,42.47847500000003,39.79474496937502,1.5924338388534327,-0.020875150337815285,0.8175321817398071,0.2982422593060662,0.23262557768545972,-0.3699539303779602,0.3480341136455536,0.014130817488128064,0.12896895552911636,178.0,0.17440307661374618,243.78923767379084,7595.500647443723,0.03052642985677143,0.9858691825118719,0.2982422593060662,0.3804341539254436,0.38422813251300203,0.38195174536046694,1499.9999999998902
253,77.65440948542337,12.924703557312252,36.78918071000001,44.358385999999996,39.101772830000016,1.2852487578006688,-0.004865103866904974,0.8407286405563354,0.371538813664363,0.15642439871181835,-0.3852372467517853,0.3759199380874634,0.09558060866135817,0.10517808148468892,20.0,0.033712991822646005,419.4186028592718,2765.799009832935,0.011115787278618427,0.9044193913386418,0.371538813664363,0.07353983524470027,0.13991148678422816,0.10008849586051143,1499.9999999998902
254,77.65901872379422,12.924703557312252,36.43370663000002,47.74735283000001,39.92412707937502,2.11289454639666,0.04185623303055763,0.8170002698898315,0.3907053031173407,0.11802607724281013,-0.3097245693206787,0.3395031690597534,0.13575659658394607,0.094746846858023,0.0,0.0,0.0,870.6398306946022,0.003499114404151204,0.864243403416054,0.3907053031173407,0.0,0.04404243140336087,0.01761697256134435,1414.3563176512994
255,77.66362796216507,12.924703557312252,37.47449372000003,49.304260940000034,42.924476345000016,3.1077672573102997,-0.07482992857694626,0.7036643624305725,0.19131785673253676,0.11762068190438274,-0.21664676070213318,0.5392433404922485,0.09169804591758579,0.08611304218669111,153.0,0.11839214085968158,192.53595024556816,4248.324003990301,0.017074077238120485,0.9083019540824142,0.19131785673253676,0.25825469833383025,0.21490691320166164,0.2409155842809628,1118.0791332995736
256,77.66823720053591,12.924703557312252,35.29379696000004,41.793161990000016,38.83641132875002,1.0711629310386868,-0.21393035352230072,0.7069457769393921,0.1955578848031851,0.1636247680499873,-0.29262280464172363,0.4851851761341095,0.028773304865910457,0.09561644582046118,136.0,0.3084997164761201,564.4120153143679,4233.374135702556,0.017013993495542248,0.9712266951340895,0.1955578848031851,0.672945861406791,0.21415065495877028,0.4894277788275827,999.9999999999268
257,77.67284643890676,12.924703557312252,38.89639004000003,42.059767550000004,40.361677621250024,0.678199274151628,-0.0382462702691555,0.7008426785469055,0.14428020402496936,0.12990332378614708,-0.2976799011230469,0.37103593349456787,0.06936327167585785,0.08143698556746588,199.0,0.3558657537004336,444.9523547673411,7679.07709627789,0.030862324845322694,0.9306367283241421,0.14428020402496936,0.7762677674540178,0.38845595426540064,0.6211430421785709,1118.0791332995736
258,77.6774556772776,12.924703557312252,38.67763676000001,43.87644518000002,41.43777587375001,1.2570041027060017,-0.04019607976078987,0.6774935126304626,0.226507568359375,0.16690028917861022,-0.22846782207489014,0.4817749559879303,0.07775887283624387,0.08783224918075573,128.0,0.3430143742140644,666.7802687830891,5727.379287111204,0.023018422377459366,0.9222411271637562,0.226507568359375,0.7482344106084865,0.28972681984050763,0.5648313743012949,1414.3563176512994
259,77.68206491564845,12.924703557312252,38.53407992000004,43.15011593000003,40.34050349000002,0.9884715789223179,-0.036363635212183,0.7473338842391968,0.17652607038909313,0.15920116931809072,-0.27595847845077515,0.42496925592422485,0.036945399864047185,0.10780467949713556,33.0,0.2663278008226079,2008.0889795773494,0.0,0.0,0.9630546001359528,0.17652607038909313,0.5809541525300534,0.0,0.34857249151803205,1118.0791332995736
260,77.6866741540193,12.924703557312252,32.43633224000001,43.110808700000035,39.154628571875016,2.3925136505145077,-0.45296671986579895,0.7267373204231262,0.1654282907339243,0.2322595441010203,-0.5444617867469788,0.525469183921814,-0.015898924607496995,0.13530442359269607,23.0,0.259932402231232,2811.9848342714477,1722.0558304788321,0.006920967946497147,1.015898924607497,0.1654282907339243,0.5670035497117641,0.08711240068825375,0.37504709010236,999.9999999999268
261,77.69128339239015,12.924703557312252,39.29288036000003,43.95847766000003,42.01877015937502,1.0452412445499326,-0.01742788404226303,0.6480246186256409,0.1787726069431679,0.10223035799186737,-0.19496344029903412,0.25011226534843445,0.0693937353994332,0.06781689863665985,806.0,0.38916495359710873,120.13763289031222,9690.363650603496,0.03894571536457063,0.9306062646005668,0.1787726069431679,0.8489049776744672,0.49019946171637074,0.7054227712912285,1118.0791332995736
262,77.695892630761,12.924703557312252,38.54091596000001,44.354967980000026,41.53294636812502,1.1608850459931268,-0.05148378014564514,0.7042562365531921,0.20755529067095588,0.1354214848080408,-0.27098673582077026,0.4233975410461426,0.05550120634191177,0.09159225739297858,356.0,0.2535189506859319,177.19065776707552,4691.818364382815,0.01885648765618188,0.9444987936580882,0.20755529067095588,0.5530135670821471,0.23734164368002886,0.4267447977212998,1414.3563176512994
263,77.70050186913184,12.924703557312252,0.0,44.886470090000046,16.80873284158089,20.15616943797096,-0.03663003817200661,0.6280876994132996,0.06030955974872296,0.10365565132983481,-0.24951320886611938,0.5584781765937805,0.03630962371826172,0.08932885967824573,26.0,0.025619388313531305,245.1747821295993,1057.199302044906,0.004248899688970851,0.9636903762817383,0.06030955974872296,0.05588485310228453,0.05347978130387923,0.05492282438292241,1803.0276023623449
264,77.50230461918542,12.929195113187207,37.55310818000001,44.90185118000002,41.533274199411785,1.6923922253656312,-0.018062908202409744,0.733784556388855,0.28296829522824757,0.17615742419692804,-0.27340513467788696,0.3624647557735443,0.05615236768535539,0.09346563534981622,87.0,0.11299022130840658,323.1483898588286,6142.744257602807,0.02468778035993011,0.9438476323146446,0.28296829522824757,0.2464712210353533,0.31073858908800533,0.2721781682564141,1802.877642338817
265,77.50691385755627,12.929195113187207,37.38904322000002,45.49829567000003,41.62579071000002,1.6024726287190327,-0.03657655045390129,0.7404181361198425,0.2225434288611779,0.15608414459405198,-0.4353129267692566,0.38141369819641113,0.04705834021935096,0.0965751995709606,291.0,0.20610727380671018,176.2303564200046,7962.4649979281185,0.03200126502892926,0.952941659780649,0.2225434288611779,0.4495921049729656,0.4027914943807835,0.43087186073609274,1581.167906425831
266,77.51152309592712,12.929195113187207,38.40932219000001,42.04096844000003,40.24349204000002,0.9470159179772485,0.008950365707278252,0.7671835422515869,0.22288095511642156,0.16474202658424872,-0.3270142078399658,0.22875505685806274,0.029670152851179535,0.09067850344379796,559.0,0.33666253671018165,149.85228625048885,13446.862580893403,0.05404314033037916,0.9703298471488204,0.22288095511642156,0.7343788297690882,0.6802267733799071,0.7127180072134157,1499.9999999998902
267,77.51613233429796,12.929195113187207,37.373662130000014,41.015562440000025,38.84419722941179,0.7193334763543037,-0.019447844475507736,0.848015308380127,0.35302691291360294,0.1991786352360602,-0.35417640209198,0.24970580637454987,-0.03486545637542126,0.10044144645027916,230.0,0.2720074008729813,294.26138469031315,9864.10173524041,0.03964397130585654,1.0348654563754212,0.35302691291360294,0.5933433481896238,0.49898822534170123,0.5556012990504547,1581.167906425831
268,77.52074157266881,12.929195113187207,37.110474590000024,42.251176670000035,39.649791427647074,1.155077541310226,-0.020062416791915894,0.8073394298553467,0.31840721717247594,0.1849377106632083,-0.43010982871055603,0.3777015507221222,-0.018165159959059495,0.10146310890894962,466.0,0.2792596856967457,149.10860868085268,11858.289216108278,0.04765864039504323,1.0181651599590595,0.31840721717247594,0.609163119804465,0.5998667542524376,0.6054445735836541,1581.400497913903
269,77.52535081103966,12.929195113187207,40.59001895,45.58032815000004,42.68854130529414,1.2475171749966218,-0.019597094506025314,0.772970974445343,0.21358994427849265,0.13999195253382496,-0.3537951111793518,0.2931276261806488,0.07425482058057598,0.08459755182105787,304.0,0.16774288327328318,137.2937950047104,6993.942126152546,0.028108757229606488,0.925745179419424,0.21358994427849265,0.36590594107705166,0.3537975239249057,0.36106257421619325,1118.1984587922952
270,77.5299600494105,12.929195113187207,39.75773108000004,46.98342536000001,43.63078534117649,1.3740582244976012,0.0017711654072627425,0.6634717583656311,0.21620873544730393,0.10773211195942338,-0.22290748357772827,0.39815762639045715,0.10082951564414828,0.08179606737270649,140.0,0.055989982778804924,99.50907469881291,5472.649753554253,0.02199466060065123,0.8991704843558517,0.21620873544730393,0.1221337498186998,0.2768409999956453,0.18401664988947802,707.1717954721743
271,77.53456928778135,12.929195113187207,33.128481290000025,42.19648835000001,39.711830264705895,1.7680612203216224,-0.020172910764813423,0.8427278995513916,0.24603407639723557,0.20720019666497963,-0.43782418966293335,0.27860817313194275,0.025151067880483775,0.11803367977045431,493.0,0.19630775331913514,99.07656089063526,15147.889602076955,0.06087959318014732,0.9748489321195162,0.24603407639723557,0.42821592080264675,0.7662754048053386,0.5634397144037235,499.9999999999634
272,77.5391785261522,12.929195113187207,38.10340940000003,41.66156822000002,40.04726930705884,0.7194961691401875,-0.010564171709120274,0.7452807426452637,0.15641930673636642,0.11589770782216079,-0.2720411717891693,0.3031359016895294,0.06164435891544118,0.06584410673383434,755.0,0.3691672957400708,121.66247811512848,19124.29932251563,0.07686084287612462,0.9383556410845588,0.15641930673636642,0.8052830863922288,0.9674271855645044,0.870140726061139,707.1717954721743
273,77.54378776452305,12.929195113187207,36.691767140000024,40.19352863000003,38.84263014411767,0.8151678466779718,0.0,0.8215115070343018,0.27890711167279414,0.19534302161382439,-0.3868008255958557,0.41236412525177,0.006757329305013021,0.11371419074127483,385.0,0.2885789504803008,186.50235056442563,11713.874172817883,0.04707823419222754,0.993242670694987,0.27890711167279414,0.6294916981872362,0.5925613342458015,0.6147195526106624,1118.1984587922952
274,77.54839700289389,12.929195113187207,37.51892798000003,40.21916378,38.782347625294136,0.5268693279583991,0.009397024288773537,0.8033192753791809,0.24730787090226716,0.17100638710116964,-0.3517100512981415,0.25463181734085083,0.009952177159926471,0.08498462076736464,615.0,0.4321212262493015,174.82795345448685,14788.325008808855,0.059434497742090676,0.9900478228400735,0.24730787090226716,0.9426076437026625,0.7480863691377956,0.8647991338767157,1581.400497913903
275,77.55300624126474,12.929195113187207,38.28456446000004,41.620551980000016,40.077103720000025,0.6907677580467275,-0.021491417661309242,0.7940917015075684,0.18934397770808292,0.15918564336726232,-0.36927810311317444,0.26490873098373413,0.040380457364595855,0.09398976922203892,474.0,0.37470725364398044,196.69537502630334,17347.972588709374,0.06972175936350664,0.9596195426354042,0.18934397770808292,0.8173676736534051,0.8775694216930733,0.8414483728692723,2061.9095937945403
276,77.55761547963559,12.929195113187207,37.53260005999999,40.94378402000001,39.59939041647061,0.793993116969623,-0.011418739333748817,0.7636013627052307,0.20391974954044118,0.1588114310047731,-0.28694555163383484,0.3814968764781952,0.029807003245634192,0.08463208819209074,519.0,0.4029373150164309,193.17482166700034,17498.443639303754,0.07032650474957806,0.9701929967543658,0.20391974954044118,0.8789473184739888,0.8851811925888611,0.8814408681199377,2499.999999999817
277,77.56222471800643,12.929195113187207,37.54969016000001,41.541937520000005,39.74153983647061,0.815831245050288,0.0063051702454686165,0.7963683605194092,0.2068051566329657,0.16268594914337148,-0.34476661682128906,0.24907974898815155,0.033147484274471506,0.08808962274459742,572.0,0.28463240378145727,123.81369980442965,17337.63691805605,0.0696802201497186,0.9668525157255285,0.2068051566329657,0.6208828984833927,0.87704657854978,0.7233483705099476,2121.5153864165227
278,77.56683395637728,12.929195113187207,37.291629650000004,41.89399358000003,39.74547233352943,1.082337024469466,-0.03064139187335968,0.7971504330635071,0.23404625525841347,0.1801278200999186,-0.35910478234291077,0.2922520637512207,0.017195023756760817,0.1010776526440594,633.0,0.3612664417664778,142.00521746264457,14756.104338491294,0.05930500238977072,0.9828049762432391,0.23404625525841347,0.7880485584521671,0.746456445244813,0.7714117131692255,1802.877642338817
279,77.57144319474813,12.929195113187207,37.63001363000001,41.22235265000003,39.72977782647061,0.7725108673094847,-0.3296501040458679,0.753505527973175,0.20503946940104167,0.15743139117904495,-0.3169276714324951,0.39484623074531555,0.029212137858072917,0.08685217381086655,535.0,0.3572064358311301,166.1291651695716,16188.998764756412,0.0650638263601514,0.970787862141927,0.20503946940104167,0.7791922644409837,0.8189412457928095,0.795091856981714,1581.167906425831
280,77.57605243311897,12.929195113187207,36.89343032000002,41.179627400000015,38.936223574117676,0.9069322716587046,-0.02243436686694622,0.8177766799926758,0.2527951229319853,0.18618724408402065,-0.3785436451435089,0.37693798542022705,0.005350655948414522,0.11259578298058816,483.0,0.33964489698101685,174.9678892977439,13756.862419018778,0.05528903428173174,0.9946493440515854,0.2527951229319853,0.7408844013929698,0.6959085124002747,0.7228940457958919,1499.9999999998902
281,77.58066167148982,12.929195113187207,34.808438120000034,40.41399092000003,37.30925196764708,1.092455240553319,0.005279831122606993,0.8258047103881836,0.39346092810997596,0.24050856365088574,-0.3942578434944153,0.25539645552635193,-0.07597585824819711,0.1371147342957494,431.0,0.3340902905984248,192.8710184498588,11654.136800041524,0.046838148804242086,1.075975858248197,0.39346092810997596,0.7287678606725884,0.5895394427012568,0.6730764934840557,1414.3435909443485
282,77.58527090986067,12.929195113187207,37.27795757000001,40.46013419000002,39.00341309529414,0.7465775144144121,-0.012846198864281178,0.8284628391265869,0.3020149739583333,0.22553157652778147,-0.38746538758277893,0.37389427423477173,-0.004138195561427696,0.13225772303617944,435.0,0.35028734064694034,200.36210002461155,7750.0303728361705,0.03114748711710703,1.0041381955614277,0.3020149739583333,0.7640992960516899,0.39204521667390846,0.6152776643005773,1118.0751085285947
283,77.58988014823152,12.929195113187207,37.61805056000003,40.665215390000014,38.75128385529414,0.6097042185418508,0.009720293805003166,0.7840851545333862,0.2501299689797794,0.17998191094910898,-0.34608030319213867,0.30142903327941895,0.014880493762446385,0.09844198008369391,602.0,0.3543802514178027,146.47159483008443,14782.30076116337,0.05941028620137392,0.9851195062375536,0.2501299689797794,0.7730273670263429,0.7477816248516636,0.7629290701564712,999.9999999999268
284,77.59448938660236,12.929195113187207,36.16710107,42.181107260000005,39.97282060000002,1.343457511947418,-0.002606429159641266,0.805463969707489,0.2052312762920673,0.17060492804317393,-0.42521557211875916,0.35433655977249146,0.037285907451923075,0.11177084401531243,966.0,0.3320479068919864,85.52715193284914,18260.696883756773,0.07339001185463277,0.9627140925480769,0.2052312762920673,0.7243127069422971,0.9237407496493596,0.8040839240251221,999.9999999999268
285,77.59909862497321,12.929195113187207,39.330478580000005,41.917919720000015,40.6925536364706,0.619625533957203,-0.03894329443573952,0.8063053488731384,0.1925585817823223,0.16836507642921952,-0.3828679621219635,0.31588783860206604,0.059626991421568624,0.09614330707414467,339.0,0.3400046387110562,249.5545736252778,10415.496999372936,0.04186003705783069,0.9403730085784314,0.1925585817823223,0.741669124021472,0.5268812612912743,0.6557539789293929,1118.0751085285947
286,77.60370786334406,12.929195113187207,37.90003721000005,43.01681315000002,40.81768983235296,1.1895872845932234,-0.0864686444401741,0.7811694145202637,0.21771369485294118,0.16822724956990792,-0.3538661003112793,0.3446232080459595,0.05673683316099878,0.0930374802542504,261.0,0.27513661348275,262.29394782604527,7038.021315816808,0.028285912147219757,0.9432631668390012,0.21771369485294118,0.6001692561653569,0.3560273262135917,0.5025124841846508,1414.3435909443485
287,77.6083171017149,12.929195113187207,39.378330860000005,43.03903028000002,40.88026088705884,0.6107396876450034,-0.022374145686626434,0.6912510991096497,0.11122051164215686,0.09904562779535156,-0.24232082068920135,0.2996108829975128,0.08855820599724265,0.07007515578775061,979.0,0.45799868126097976,116.40239748908117,16039.973141912253,0.06446489016966539,0.9114417940027574,0.11122051164215686,0.9990554306010251,0.8114025937118212,0.9239942958453435,1581.400497913903
288,77.61292634008575,12.929195113187207,36.78918071000001,42.71944540999999,39.0662266047059,0.9708641011116139,0.00897496473044157,0.7771894931793213,0.33187345064603363,0.1931039014323008,-0.3783690333366394,0.25944754481315613,0.001353928309220534,0.10693024763214534,280.0,0.20464751689261712,181.8565039200453,5003.827224549573,0.02011045589694258,0.9986460716907795,0.33187345064603363,0.4464078642053573,0.2531250116545587,0.36909472318503783,1118.1984587922952
289,77.6175355784566,12.929195113187207,36.11070374000002,43.054411370000025,39.328302401176494,1.5255736818063155,-0.0014629049692302942,0.8305732607841492,0.36425094305300243,0.22391878625822445,-0.41669270396232605,0.28565120697021484,-0.019742798150754443,0.13530082112192335,52.0,0.1680911550895497,804.3071095734629,2823.3680529325907,0.011347158117444507,1.0197427981507545,0.36425094305300243,0.36666564380896427,0.14282369059375394,0.2771288625228801,707.1717954721743
290,77.62214481682744,12.929195113187207,36.19273622000003,40.090988030000005,38.040128721764724,0.7374868999675197,-0.0035211266949772835,0.8188679218292236,0.3594900811887255,0.20615308718375408,-0.4112986624240875,0.313777357339859,-0.04154307346717984,0.12084172744804665,263.0,0.3091255360036097,292.45531841103093,7185.342846147241,0.028877999564595955,1.0415430734671798,0.3594900811887255,0.6743109928429629,0.3634797745912863,0.5499785055422923,499.9999999999634
291,77.62675405519829,12.929195113187207,36.24571553000001,39.79191128000002,37.52118694823531,0.7628372669864131,0.015744740143418312,0.8124143481254578,0.4013201904296875,0.20415224459370576,-0.3804958760738373,0.21710936725139618,-0.07504137479341948,0.11580542811427391,276.0,0.3026635183778355,272.8546653732812,7887.178296040788,0.03169868665641806,1.0750413747934195,0.4013201904296875,0.6602150705929368,0.3989830200995038,0.5557222503955637,0.0
292,77.63136329356914,12.929195113187207,36.380727320000034,40.690850539999985,38.384124641176484,1.175018426405703,-0.02698495052754879,0.8149798512458801,0.323328857421875,0.22798512636562762,-0.3918451964855194,0.3328838050365448,-0.029167274026309743,0.1338435950071178,435.0,0.34634413485937005,198.10661174185597,9628.552654052528,0.03869729605185221,1.0291672740263098,0.323328857421875,0.7554977840447052,0.4870726732562132,0.6481277397293084,500.0919398584377
293,77.63597253193998,12.929195113187207,35.50229618000003,41.227479680000044,37.74992226588237,1.0802821768502227,-0.00783444195985794,0.8085606694221497,0.30632621017156864,0.18990312335072437,-0.38085833191871643,0.22312787175178528,-0.020502682854147518,0.105544837715912,383.0,0.2926570890979894,190.12562918692757,10257.22561149011,0.041223942000401526,1.0205026828541475,0.30632621017156864,0.6383875459253301,0.5188749003390275,0.590582487690809,1000.1838797168754
294,77.64058177031083,12.929195113187207,35.741557580000034,43.38083228000005,40.59357101000002,1.3610191402438263,-0.029528016224503517,0.7523809671401978,0.3002763953575721,0.16842636800539376,-0.307289183139801,0.37385159730911255,0.039982798649714546,0.10687435155072483,60.0,0.0604810051777623,250.8119008900083,3420.335755842292,0.013746380177383905,0.9600172013502855,0.3002763953575721,0.1319302415995845,0.1730220667517188,0.14836697166043822,999.9999999999268
295,77.64519100868168,12.929195113187207,32.35600877000002,43.266328610000016,38.55813615764708,1.9308290474003393,-0.24087591469287872,0.7362425327301025,0.32080269607843137,0.18876140290383034,-0.37702909111976624,0.5371384024620056,0.027802052217371323,0.12805411056208785,1.0,0.011151786398136597,2774.7562097705168,0.0,0.0,0.9721979477826287,0.32080269607843137,0.024325949435676283,0.0,0.01459556966140577,999.9999999999268
296,77.64980024705253,12.929195113187207,38.63662052000004,48.86504537000002,45.4206746829412,2.131997554944021,0.04240052029490471,0.6672611236572266,0.17779101801853553,0.09328056586428397,-0.24837848544120789,0.30848944187164307,0.13286114860983456,0.05656540394444814,0.0,0.0,0.0,0.0,0.0,0.8671388513901654,0.17779101801853553,0.0,0.0,0.0,999.9999999999268
297,77.65440948542337,12.929195113187207,37.797496609999996,47.81229521,44.093767385882366,2.4478433963534645,0.053079139441251755,0.7904806137084961,0.237479248046875,0.13909436751934423,-0.33992311358451843,0.3098188638687134,0.12736109806941107,0.07511498630965947,0.0,0.0,0.0,0.0,0.0,0.8726389019305889,0.237479248046875,0.0,0.0,0.0,999.9999999999268
298,77.65901872379422,12.929195113187207,35.297214980000035,47.36624360000002,40.73292530176472,3.6206521015164714,0.013644523918628693,0.8733572363853455,0.3599936092601103,0.21610405948919068,-0.40875697135925293,0.32461538910865784,0.03410575717103247,0.13013391630291368,11.0,0.03814759509377077,862.8888730568906,112.915480919408,0.00045380899403780345,0.9658942428289675,0.3599936092601103,0.08321325716019634,0.005711974283100487,0.05221274400935799,1118.0751085285947
299,77.66362796216507,12.929195113187207,38.30507258000003,47.796914120000054,43.673220828235316,2.2890036725584264,0.011610297486186028,0.7173699736595154,0.21833151424632352,0.1259006822038755,-0.24826201796531677,0.3010149300098419,0.09107296214384192,0.08875163472071478,12.0,0.052900370215934356,1096.8768105496101,1455.8418198843406,0.005851049885988844,0.908927037856158,0.21833151424632352,0.11539422340589314,0.07364562385716457,0.09869478358640171,707.1717954721743
300,77.66823720053591,12.929195113187207,36.985716860000025,44.765130380000016,39.78258564411767,1.5209209439131575,-0.01875418610870838,0.7249549031257629,0.28191408597506007,0.14705885770596264,-0.30311283469200134,0.27936631441116333,0.03060380202073317,0.07721116909682216,55.0,0.1365209558486022,617.6138414559514,4544.300975261506,0.018263613079417644,0.9693961979792668,0.28191408597506007,0.2977999891961895,0.2298792875344402,0.27063170853148977,499.9999999999634
301,77.67284643890676,12.929195113187207,38.17518782000002,43.22360336,40.85259739647061,0.821698178136309,-0.021379588171839714,0.6922726035118103,0.16837316176470588,0.12788803031503185,-0.2561759650707245,0.33697977662086487,0.08434030570235906,0.07105423739567855,314.0,0.2999156161978552,237.65656793225466,7692.156222847087,0.03091489004916305,0.9156596942976409,0.16837316176470588,0.6542209341292439,0.38911757864144164,0.548179591934123,707.1717954721743
302,77.6774556772776,12.929195113187207,38.46913754000002,43.96702271000001,41.04650793941179,1.3833772969564206,-0.019576186314225197,0.7436100840568542,0.1333487716375613,0.1272670497899574,-0.36893483996391296,0.40955138206481934,0.09100594314874387,0.07546368093208215,739.0,0.3356950501834561,113.02665863374081,11496.136190663005,0.04620314200964142,0.9089940568512561,0.1333487716375613,0.7322684030187375,0.581546779426604,0.6719797535818841,1118.0751085285947
303,77.68206491564845,12.929195113187207,39.036528860000004,44.02854707,41.04089600000002,1.0548979210665381,-0.038309115916490555,0.7547417879104614,0.1705584836473652,0.15979778799437708,-0.3229830861091614,0.4653046727180481,0.06712083405139399,0.1073581638760911,49.0,0.2329340146068193,1182.816083929867,4690.766023442966,0.018852258282322697,0.932879165948606,0.1705584836473652,0.5081106164409123,0.23728840966520176,0.3997817337306281,1414.3435909443485
304,77.6866741540193,12.929195113187207,37.80775067000002,43.266328610000016,40.45500716000002,1.1242459078234825,-0.09961046278476715,0.6785072088241577,0.1561909484863281,0.13581067576141373,-0.27880537509918213,0.47162163257598877,0.07559832646296574,0.09978244373939683,219.0,0.26505160316106563,301.13879636421245,5604.577569418394,0.022524880451068745,0.9244016735370343,0.1561909484863281,0.5781703187408954,0.28351473760279805,0.46030808628565645,1499.9999999998902
305,77.69128339239015,12.929195113187207,40.28752418000005,43.53635219,41.67714445647061,0.7837920798375512,-0.048157114535570145,0.723861575126648,0.1666079532398897,0.1286370869591682,-0.25867801904678345,0.41526907682418823,0.0667062318091299,0.09799282630199521,41.0,0.26764385259733264,1624.253478950977,937.7364102539664,0.003768776553444489,0.9332937681908701,0.1666079532398897,0.5838249220896314,0.04743659785251798,0.3692695923947861,1581.167906425831
306,77.695892630761,12.929195113187207,40.11833219000002,46.323747500000025,42.07390088529414,1.2517874536658475,-0.040512971580028534,0.6599835157394409,0.1861606014476103,0.14638371633698358,-0.18907563388347626,0.37892094254493713,0.08803741455078125,0.07569346343301625,103.0,0.2575221840362573,622.0965772607701,3963.8825958246457,0.015930902996189183,0.9119625854492187,0.1861606014476103,0.5617460202140957,0.20051808010931763,0.41725484417218445,1802.877642338817
307,77.70050186913184,12.929195113187207,0.0,47.21414171000001,18.44650883588236,22.086018744106667,-0.03125467151403427,0.5455650091171265,0.06233487642728366,0.0921189807602086,-0.1559310108423233,0.37046369910240173,0.05464537400465745,0.0864447522185379,27.0,0.06482942696013255,597.4324505020804,752.7231870235037,0.0030252056627724324,0.9453546259953426,0.06233487642728366,0.14141567152322498,0.03807746689437944,0.10008038967168677,2121.5153864165227
308,77.50230461918542,12.933686669062162,37.16003588000004,44.89501514,41.016940292352956,1.5245354485096556,0.04839968681335449,0.7872666716575623,0.3577574008118872,0.13319348195531974,-0.30703067779541016,0.29063618183135986,0.0460633072198606,0.08864023396058067,47.0,0.08374507530922552,443.3449941616552,1826.4650382886693,0.007340590102632535,0.9539366927801394,0.3577574008118872,0.1826773213482213,0.09239407424685415,0.14656402250767442,1414.330860005278
309,77.50691385755627,12.933686669062162,37.14465479000003,44.397693230000044,41.318811185000015,1.5465693822952293,-0.0021739129442721605,0.7527346611022949,0.2801300048828125,0.13269915745117536,-0.2988874316215515,0.2878885269165039,0.05069379366361178,0.0872317444764401,92.0,0.07917945376531134,214.14358239174564,2084.9450028746533,0.008379424917421255,0.9493062063363882,0.2801300048828125,0.17271810272130708,0.10546961445082007,0.14581870741311226,1118.0710824409632
310,77.51152309592712,12.933686669062162,38.07948326000002,45.50513171000006,41.11069930117649,1.6173630701880186,-0.07557117938995361,0.7510452270507812,0.21853769339767157,0.15736266195632406,-0.3390289545059204,0.457441508769989,0.06268064611098345,0.09900074185507199,120.0,0.1725968323026116,357.87549719270095,4461.450593376926,0.017930636164715182,0.9373193538890165,0.21853769339767157,0.3764941028688273,0.22568819480901006,0.31617173964490036,999.9999999999268
311,77.51613233429796,12.933686669062162,38.06239316000003,43.348361090000026,40.457520410000015,1.4087903753485538,-0.016806723549962044,0.7609732747077942,0.26605995327818627,0.1680320774862433,-0.30648115277290344,0.46890342235565186,0.02678871005189185,0.10954902460569589,180.0,0.19586299880353747,270.7448997116144,6918.792032432414,0.027806727887347202,0.9732112899481081,0.26605995327818627,0.4272457555330246,0.34999596014280254,0.39634583737693574,1118.0710824409632
312,77.52074157266881,12.933686669062162,38.224749110000005,44.177230940000015,40.83615187117649,1.4153076334415173,-0.025010250508785248,0.7591512203216553,0.2683956204927885,0.15954487138939902,-0.3462335765361786,0.4485081732273102,0.0540793198805589,0.11603495991259946,21.0,0.042002481860288855,497.6637959785456,36.62899035645025,0.00014721245599746627,0.9459206801194411,0.2683956204927885,0.09162211446921419,0.0018529244106156753,0.05571443844577478,1414.330860005278
313,77.52535081103966,12.933686669062162,36.49864901000001,46.46388632000003,41.90583246588237,2.1844296538409673,-0.013814399018883705,0.7712582945823669,0.26009236653645834,0.13734942890901988,-0.4259220361709595,0.43739622831344604,0.06399057425704657,0.1090384265940972,128.0,0.0725993208440979,141.12468253498773,6952.970655229954,0.02794409227974987,0.9360094257429534,0.26009236653645834,0.1583645296697094,0.35172492957074736,0.2357086896301246,1414.330860005278
314,77.5299600494105,12.933686669062162,40.060225849999995,44.363513030000036,42.353344717647076,0.8216047413337083,-0.006841504946351051,0.7830365300178528,0.24485552619485293,0.14459717387134854,-0.27684563398361206,0.4137720763683319,0.07638668284696691,0.08191221718134928,31.0,0.04206025259453112,337.59077637391135,3642.123090926409,0.01463774676950501,0.9236133171530331,0.24485552619485293,0.09174813266126582,0.18424146327735605,0.12874546490770192,1118.0710824409632
315,77.53456928778135,12.933686669062162,39.321933530000024,44.36522204000005,41.09168139058825,1.1111046485220935,-0.04142417013645172,0.7112796902656555,0.15084855299729566,0.12578011556101276,-0.22719664871692657,0.4839424192905426,0.07932862501878005,0.07829983577498192,348.0,0.3867180114470039,276.5002609991562,10216.867017221217,0.04106174021091423,0.92067137498122,0.15084855299729566,0.8435673403766957,0.5168333091356871,0.7128737278802922,999.9999999999268
316,77.5391785261522,12.933686669062162,37.73597225000003,42.11958290000001,40.16132946235296,0.9829028662605728,-0.006027397233992815,0.7412639260292053,0.21544684914981618,0.14988554887822225,-0.2694658041000366,0.28551778197288513,0.045687049416934744,0.07823155146319782,656.0,0.25171159363404394,95.47282416651724,14595.461385181397,0.05865937597568443,0.9543129505830652,0.21544684914981618,0.5490710887484709,0.738330115616705,0.6247746994957646,1118.0710824409632
317,77.54378776452305,12.933686669062162,37.011352010000024,41.827342190000024,39.07005265823531,1.031343626559151,-0.005226727109402418,0.8172970414161682,0.26946001838235295,0.1784881497392333,-0.3557528257369995,0.31480491161346436,0.00030335220636106,0.09683762587869969,636.0,0.3224168152021374,126.13655274997741,13886.65974344949,0.05581069165545131,0.999696647793639,0.26946001838235295,0.7033039249325577,0.7024744763684275,0.7029721455069056,1414.330860005278
318,77.54839700289389,12.933686669062162,38.142716630000024,40.69085054000004,39.33178547000002,0.5560881081463785,-0.021299397572875023,0.7429139614105225,0.1786504767922794,0.12915282096175917,-0.2572858929634094,0.3026669919490814,0.0417720001819087,0.06990709061097382,764.0,0.41693136806477865,135.78493909688865,17166.436799872892,0.06899216433328627,0.9582279998180913,0.1786504767922794,0.9094732463119862,0.8683862012094583,0.8930384282709751,1802.98267005469
319,77.55300624126474,12.933686669062162,38.87075489000003,40.854915500000004,39.75584893500002,0.3910384918496472,-0.005912334192544222,0.6770808696746826,0.13127447275015025,0.09778243205441933,-0.24708512425422668,0.2351750135421753,0.06460267287034255,0.05910283912429846,714.0,0.49315075159800126,171.8548833027895,18064.31023284408,0.07260073098926806,0.9353973271296574,0.13127447275015025,1.0,0.9138062792789222,0.9655225117115689,2061.572929922749
320,77.55761547963559,12.933686669062162,38.05555712,40.95574708999999,39.665391318235315,0.5249664540979804,-0.027099814265966415,0.7851546406745911,0.18863993326822917,0.15436373888820706,-0.3416483998298645,0.2619718313217163,0.03774555879480698,0.0835146395966663,492.0,0.3538117016199676,178.93177870294585,15824.521820392452,0.06359898811011697,0.962254441205193,0.18863993326822917,0.7717871609158572,0.8005037125507918,0.7832737815698311,1999.9999999998536
321,77.56222471800643,12.933686669062162,38.31019961000004,42.143509040000026,40.060148974117666,0.7023346724203848,-0.009314360097050667,0.8143036365509033,0.2192050111060049,0.17385325413574287,-0.3782348036766052,0.3187912702560425,0.039183427399280026,0.09630738622343774,423.0,0.22233666107583036,130.78294168690334,15363.507187167856,0.061746163455456166,0.96081657260072,0.2192050111060049,0.48499407914874376,0.7771826966221488,0.6018695261381057,1802.98267005469
322,77.56683395637728,12.933686669062162,39.21768392000001,41.88886655000002,40.59130218588237,0.7473730834306652,-0.006542402319610119,0.7339679598808289,0.13541570810171275,0.113943699308749,-0.2726261019706726,0.26759061217308044,0.07391304602989783,0.06789203977840215,485.0,0.30974292795625985,158.90591025962232,19569.407622190323,0.0786497397401199,0.9260869539701022,0.13541570810171275,0.6756577407886257,0.9899435592294322,0.8013720681649483,1414.330860005278
323,77.57144319474813,12.933686669062162,38.65883765000004,41.26678691000001,40.12419249764708,0.5767211922944021,-0.020408162847161293,0.7215496301651001,0.1266235112208946,0.11324614630976838,-0.3553614020347595,0.2409638613462448,0.0769602756874234,0.0692262225061342,453.0,0.2909357721764613,159.80093318021,15720.940620581563,0.06318269373042108,0.9230397243125766,0.1266235112208946,0.6346327512313731,0.795263924837761,0.6988852206739282,1118.0710824409632
324,77.57605243311897,12.933686669062162,30.81448175,42.30757400000002,37.85185968588237,2.635892506203717,-0.014412998221814632,0.8028777241706848,0.24137740789675244,0.20288381169381997,-0.551551103591919,0.2650890648365021,-0.045073170381433825,0.18499924277723567,393.0,0.2761283856915945,174.82313069106314,12130.987268578774,0.04875461791610636,1.0450731703814338,0.24137740789675244,0.6023326584887811,0.6136615346499529,0.6068642089532499,999.9999999999268
325,77.58066167148982,12.933686669062162,35.80991798000002,42.72799046000003,37.797520264117665,1.3124995520727776,-0.013256006874144077,0.8173032402992249,0.35115861159104567,0.22268464536281815,-0.4123491942882538,0.334316611289978,-0.0391166012103741,0.12851085101431575,408.0,0.23536929653866498,143.53903953835677,11935.775250980365,0.04797005791946911,1.039116601210374,0.35115861159104567,0.5134228187214,0.6037864846107991,0.5495682850771597,1118.0710824409632
326,77.58527090986067,12.933686669062162,37.03015112,42.49385609000001,38.802140208235315,1.0333501370427858,-0.3647175431251526,0.8234695792198181,0.2883009248621324,0.21008515234725902,-0.40930524468421936,0.3463129699230194,-0.006103738149007162,0.12494378338405583,392.0,0.28126893492221977,178.5320086771072,7836.975961871195,0.0314969227301402,1.0061037381490072,0.2883009248621324,0.6135459956341816,0.39644347070031205,0.5267049856606337,707.165430002639
327,77.58988014823152,12.933686669062162,36.53282920999999,41.34027434000001,39.10280178411766,1.1167501003736637,0.002495148219168186,0.815330982208252,0.21034572227328432,0.19648359586018557,-0.4303362965583801,0.2596069276332855,0.026257946537990195,0.11567593687817378,652.0,0.3956553557369871,150.9905763249162,16404.84656190473,0.06593132186113648,0.9737420534620098,0.21034572227328432,0.8630628164847827,0.8298601831815192,0.8497817631634772,499.9999999999634
328,77.59448938660236,12.933686669062162,36.65929595000003,42.49556510000002,38.668482945000015,1.1637024601706156,0.003878975985571742,0.8355605602264404,0.37613609900841344,0.22070601234365764,-0.40565240383148193,0.29435813426971436,-0.04350089146540715,0.12242876147076794,294.0,0.2729646060411501,231.0145836179078,4854.794754752582,0.019511492188451503,1.0435008914654071,0.37613609900841344,0.5954313476983242,0.24558601321168844,0.45549321390366987,499.9999999999634
329,77.59909862497321,12.933686669062162,35.85947927000004,42.18452528000003,38.86482953352943,1.3807824006198675,-0.010150622576475143,0.8455039262771606,0.3533873075597426,0.2410719565678654,-0.4483582079410553,0.343260794878006,-0.021221124985638787,0.14085406482321572,106.0,0.19631291492055095,460.8115925874405,2698.821511318059,0.01084660371781069,1.0212211249856389,0.3533873075597426,0.4282271800619767,0.13652334420228732,0.3115456457181009,707.165430002639
330,77.60370786334406,12.933686669062162,37.101929540000015,41.606879900000024,39.59544609235295,1.0518326423273685,-0.061296384781599045,0.8269270062446594,0.2899221622242647,0.21306316028346983,-0.3720284104347229,0.5096592903137207,0.025021449070350796,0.13276215088475962,29.0,0.29166683584604153,2502.4732393861195,215.09242084459135,0.0008644596324069009,0.9749785509296492,0.2899221622242647,0.6362274569785563,0.0108807257105076,0.38608876447133683,1118.1823561313151
331,77.6083171017149,12.933686669062162,38.778468350000026,41.77778090000004,40.222191507058845,0.6187078559246145,-0.019964687526226044,0.7858213782310486,0.1997628125957414,0.1720986246610476,-0.3491436243057251,0.34837496280670166,0.056862170649509804,0.09676689629665547,546.0,0.41640521975207495,189.7596679903877,9997.022975443819,0.040178183743440885,0.9431378293504902,0.1997628125957414,0.9083255326817615,0.5057122165919495,0.7472802062458367,1499.9999999998902
332,77.61292634008575,12.933686669062162,38.59389527000002,42.53487233000001,40.152825807058846,0.8872174854670055,-0.026565726846456528,0.7675341963768005,0.23735088641826924,0.20055575418306743,-0.3527085781097412,0.33287888765335083,0.022540039649376502,0.11871075687919963,237.0,0.3336596735438579,350.296472676343,6433.53296827856,0.025856464504874766,0.9774599603506235,0.23735088641826924,0.7278285341538089,0.3254485086107442,0.5668765239365829,1414.330860005278
333,77.6175355784566,12.933686669062162,37.83167681000003,42.42549569000002,39.98613524000002,1.0533473243013938,-0.027961362153291702,0.8115254044532776,0.2483044194240196,0.19242049665425423,-0.36187562346458435,0.3406856954097748,0.028371459362553614,0.10776171622493372,319.0,0.3283769251199562,256.1311140440947,6916.795992737504,0.027798705774182288,0.9716285406374464,0.2483044194240196,0.7163050107959095,0.34989498791727125,0.5697410016444542,1118.0710824409632
334,77.62214481682744,12.933686669062162,37.47449372000003,41.45819603000004,39.08711910411766,0.7450623401062786,-0.005958292167633772,0.8081005215644836,0.2900973690257353,0.19811323948458698,-0.38326430320739746,0.3141883611679077,-0.0016949866799747242,0.10968711117847134,413.0,0.3658502857954784,220.41123938749303,8671.47322401288,0.03485077961474324,1.0016949866799747,0.2900973690257353,0.7980475266972124,0.4386575839632507,0.6542915496036277,707.165430002639
335,77.62675405519829,12.933686669062162,37.04724122000002,41.66498624000002,39.46760150000002,0.9604261388562756,0.0170047115534544,0.7734408378601074,0.25624060997596154,0.14852014308525585,-0.2859559953212738,0.2997811734676361,0.02792970217191256,0.08051101669118439,568.0,0.3039499040346874,133.1478213269899,11390.15726583494,0.045777211137507434,0.9720702978280874,0.25624060997596154,0.6630211279658245,0.5761856997213278,0.6282869566680258,499.9999999999634
336,77.63136329356914,12.933686669062162,36.50890307000003,40.70964965000002,38.84494233411767,0.8566185714905231,-0.016879495233297348,0.7480827569961548,0.19903647030101104,0.1527537911539841,-0.3325066566467285,0.3516276478767395,0.03436846564797794,0.09041790592001951,675.0,0.3672840713525407,135.38754424805776,14123.41391301998,0.05676221017755479,0.9656315343520221,0.19903647030101104,0.8011751148447515,0.7144509893938528,0.7664854646643919,707.165430002639
337,77.63597253193998,12.933686669062162,37.236941330000036,43.56027833000002,39.68055360764708,1.5592772098247243,0.011519880965352058,0.7559613585472107,0.2298862113204657,0.14744615482557388,-0.29335442185401917,0.3933333456516266,0.03938327564912684,0.0782273339660297,226.0,0.2335216287984837,257.0982151655758,6369.7428807560045,0.025600091196162068,0.9606167243508732,0.2298862113204657,0.5093924086671786,0.32222160529794136,0.4345240873194837,707.165430002639
338,77.64058177031083,12.933686669062162,34.62386504,42.43745876000003,38.78995669500002,1.828571411774672,0.057851240038871765,0.8078337907791138,0.392644770695613,0.16309140801243802,-0.36831969022750854,0.2716606557369232,0.02369148401113657,0.12346574565752912,11.0,0.010719817875573658,242.47954669989997,0.0,0.0,0.9763085159888635,0.392644770695613,0.02338367489216228,0.0,0.014030204935297368,499.9999999999634
339,77.64519100868168,12.933686669062162,35.15536715000002,42.41695064000001,38.551235068823544,1.8728931278996765,0.10485515743494034,0.8079589009284973,0.3740286075367647,0.14958502582275654,-0.3556453287601471,0.23690450191497803,0.05492058249080883,0.10710077892066697,0.0,0.0,0.0,0.0,0.0,0.9450794175091912,0.3740286075367647,0.0,0.0,0.0,499.9999999999634
340,77.64980024705253,12.933686669062162,37.14294578000002,47.802041150000036,40.87545318764708,2.953911893949703,0.07894282042980194,0.756248414516449,0.3109328086703431,0.12772186849013684,-0.25574445724487305,0.33557844161987305,0.11934073653875613,0.08664394325495775,0.0,0.0,0.0,0.0,0.0,0.8806592634612439,0.3109328086703431,0.0,0.0,0.0,499.9999999999634
341,77.65440948542337,12.933686669062162,37.11901964000003,45.95460134000001,41.934501256470604,2.516212723382308,0.05782601237297058,0.7632153630256653,0.32022869403545673,0.14530728434614884,-0.3407842516899109,0.2621561288833618,0.08520218482384315,0.10669824707533869,0.0,0.0,0.0,0.0,0.0,0.9147978151761569,0.32022869403545673,0.0,0.0,0.0,499.9999999999634
342,77.65901872379422,12.933686669062162,34.11970709000002,45.922130150000015,42.28915926941178,2.9230744682683283,-0.02888086624443531,0.6879892945289612,0.2166265510110294,0.1437919579210868,-0.5950069427490234,0.2740544080734253,0.03129006180108762,0.15337717288520172,0.0,0.0,0.0,0.0,0.0,0.9687099381989124,0.2166265510110294,0.0,0.0,0.0,707.165430002639
343,77.66362796216507,12.933686669062162,38.829738649999996,44.39085719000002,42.86141742411767,1.2318578804463558,0.024267399683594704,0.6135709881782532,0.12018734202665442,0.08381265121136705,-0.22070765495300293,0.2582268714904785,0.12933827119715074,0.05880120783470788,0.0,0.0,0.0,0.0,0.0,0.8706617288028493,0.12018734202665442,0.0,0.0,0.0,500.0829385120571
344,77.66823720053591,12.933686669062162,28.515863300000007,42.763879669999994,33.745788711764725,3.916888157226448,0.06772100925445557,0.8799578547477722,0.6278658353365385,0.2017416087442009,-0.5266477465629578,0.1826678067445755,-0.21964578481820912,0.18101606352363847,0.0,0.0,0.0,0.0,0.0,1.2196457848182092,0.6278658353365385,0.0,0.0,0.0,0.0
345,77.67284643890676,12.933686669062162,28.341544280000022,40.936947980000014,30.446754837058837,3.3711593747831876,-0.07651006430387497,0.8767334222793579,0.2949660357306985,0.26361399811063346,-0.6825255751609802,0.24715447425842285,-0.3933831667432598,0.19558072560985648,0.0,0.0,0.0,0.0,0.0,1.3933831667432597,0.2949660357306985,0.0,0.0,0.0,499.9999999999634
346,77.6774556772776,12.933686669062162,28.613276869999993,42.42720470000003,38.06268292294119,3.983107786836219,-0.08645161241292953,0.8139283657073975,0.24995978860294119,0.19549044824767625,-0.6116589903831482,0.40755176544189453,-0.011908537920783549,0.1999929322595183,14.0,0.016066714053635554,285.54819444111513,1567.854913707361,0.00630123217289039,1.0119085379207835,0.24995978860294119,0.03504712695461195,0.07931194973274823,0.05275305606586646,707.165430002639
347,77.68206491564845,12.933686669062162,36.985716860000025,45.66919667000002,41.26778629647061,1.950157577649474,-0.02737940102815628,0.7547264695167542,0.18876761642156864,0.1540145691421525,-0.2763892114162445,0.5107212662696838,0.07919948802274816,0.10237238075257307,8.0,0.0804795801423147,2503.0879222736658,820.4666698434833,0.0032974677258733663,0.9208005119772519,0.18876761642156864,0.175554133414314,0.04150435777386446,0.12193422315813418,1118.0710824409632
348,77.6866741540193,12.933686669062162,37.89832820000001,43.45090169000002,41.55914490500002,1.2736231082677134,-0.008723747916519642,0.698113203048706,0.20300337571364183,0.143025702554591,-0.23786793649196625,0.3812185525894165,0.06600233811598558,0.08611324463628736,61.0,0.23727094443965455,967.8211611159323,3564.6560624256085,0.014326405631967477,0.9339976618840145,0.20300337571364183,0.5175709784002531,0.18032269438063933,0.3826716647924076,1414.330860005278
349,77.69128339239015,12.933686669062162,39.28604432000003,43.81662983000001,41.429474017647074,0.9448133787604021,-0.019014516845345497,0.7590256929397583,0.17625595990349266,0.14267508965738643,-0.30099642276763916,0.4685378074645996,0.07032555075252757,0.10343665123795948,43.0,0.2026493956145323,1172.6198643283367,3367.9753689813206,0.013535943005303247,0.9296744492474724,0.17625595990349266,0.44204926232385405,0.17037334949197894,0.33337889719110403,1802.98267005469
350,77.695892630761,12.933686669062162,40.20549169999998,44.01658400000002,41.485924569411786,0.8083806291979253,-0.04744391143321991,0.7416006326675415,0.14378427542892158,0.11785461331026462,-0.2852247655391693,0.4665813744068146,0.08485614851409314,0.08324784447542824,62.0,0.34911213580016637,1401.0500376982625,1940.8442445397664,0.0078002818305073,0.9151438514859068,0.14378427542892158,0.7615357629406215,0.09818009295135774,0.496193494944916,2236.1421648819264
351,77.70050186913184,12.933686669062162,0.0,42.80489591,16.828153241764713,20.122687946522472,-0.03807850182056427,0.6304242014884949,0.05647014911358173,0.10397560851113004,-0.17312964797019958,0.3227919638156891,0.034934398944561296,0.06474250537318761,38.0,0.17542958029238423,1148.6814755740459,698.0228152792142,0.0028053640567088016,0.9650656010554387,0.05647014911358173,0.38267331774105057,0.035310378501049004,0.24372814204504994,2500.149297245486
352,77.50230461918542,12.938178224937117,39.00576668000002,47.37478865000003,42.72144344375002,1.723360530822241,0.03421156108379364,0.7508213520050049,0.34322428385416665,0.13374824658121023,-0.3071698248386383,0.32739517092704773,0.08312733968098958,0.09934746193756538,23.0,0.030679376179649546,331.8937531510165,3315.758056753507,0.013326080852297185,0.9168726603190104,0.34322428385416665,0.06692245771394525,0.16773186984588168,0.10724622256671981,1118.1662480306236
353,77.50691385755627,12.938178224937117,37.91712731000001,47.22439577000003,41.01645848343752,1.8674628587433768,0.0325581394135952,0.8160866498947144,0.38688180776742787,0.15686423737103128,-0.3607197403907776,0.3223905861377716,0.040012444716233476,0.12035369833036752,30.0,0.043513609365063564,360.89780741440546,3337.68240220032,0.013414195122113358,0.9599875552837666,0.38688180776742787,0.09491841247561714,0.1688409409523971,0.12448742386632912,707.1590624171432
354,77.51152309592712,12.938178224937117,38.385396050000026,44.08323539000003,40.52169624875002,1.0027998502300555,0.0659058466553688,0.7900022864341736,0.3966775811887255,0.11252678954313917,-0.34347236156463623,0.3549899458885193,0.04130126354741115,0.08564694983027843,2.0,0.01343438401971533,1671.3528735349396,1234.0176574708746,0.004959535284284386,0.9586987364525889,0.3966775811887255,0.0293050937935522,0.06242436437388463,0.04255280202568517,499.9999999999634
355,77.51613233429796,12.938178224937117,37.61292353000002,44.29515263000002,40.95214057625002,1.6969628893542523,-0.004629629664123058,0.7990594506263733,0.27549299651501225,0.18936524333165003,-0.3850816488265991,0.28991860151290894,0.03208692363664216,0.11289814259452467,159.0,0.16030829576349553,250.86453127022992,5882.580647081481,0.02364217894713364,0.9679130763633579,0.27549299651501225,0.3496885034951747,0.297577879497112,0.3288442538959496,707.1590624171432
356,77.52074157266881,12.938178224937117,33.586495970000044,42.26997578000001,40.10472294125002,1.7741487852816515,-0.23785166442394257,0.7945088148117065,0.2502835787259615,0.1957075035126252,-0.5899528861045837,0.6170598864555359,0.03312326871431791,0.11678928581336047,144.0,0.13413241792905858,231.7670276042423,5693.805405298897,0.022883488448053695,0.9668767312856821,0.2502835787259615,0.29258975196767495,0.2880284420101672,0.29076522798467186,1118.1662480306236
357,77.52535081103966,12.938178224937117,38.00257781000002,45.441898339999995,41.76796037562502,1.4185099707460398,-0.031223628669977188,0.7417969703674316,0.21070697859221812,0.14798869670174644,-0.3331753611564636,0.39950644969940186,0.05833102357153799,0.11228002092031146,154.0,0.22364450830691596,361.3415533309341,5587.519512061809,0.022456323865326918,0.941668976428462,0.21070697859221812,0.48784695172692494,0.282651833914596,0.40576890460199333,1581.3492517557688
358,77.5299600494105,12.938178224937117,39.76969415000002,45.86744183000002,42.40412678187502,1.8757363746856597,-0.028382109478116035,0.7340824007987976,0.22042494829963236,0.13838819196483276,-0.3040428161621094,0.33034512400627136,0.06627255308861826,0.08499391882323443,246.0,0.14035580283570875,141.96315914756622,10778.531413989072,0.04331907775939435,0.9337274469113818,0.22042494829963236,0.3061651327320715,0.545245822317657,0.4017974085663057,1581.1622116526817
359,77.53456928778135,12.938178224937117,39.253573130000035,45.54272993000001,42.56060801000002,1.8775242766029576,-0.016452504321932793,0.7235808968544006,0.17701124924879807,0.1028633744532981,-0.2870275676250458,0.3974076807498932,0.09043714083158053,0.07130251340092891,336.0,0.1325597963364812,98.1641567907674,14551.31443149723,0.05848194871346921,0.9095628591684195,0.17701124924879807,0.2891593138318726,0.7360968853982448,0.46793434245842147,1499.9999999998902
360,77.5391785261522,12.938178224937117,37.693246999999985,43.74314240000001,40.029802958750025,1.2100687854979406,-0.01852405071258545,0.8072677254676819,0.2700801834405637,0.1659338046932278,-0.3035832643508911,0.2749638259410858,0.01917570675120634,0.09243990755658724,488.0,0.26511418154261446,135.17411266623205,12698.44195955841,0.051035226742980146,0.9808242932487936,0.2700801834405637,0.5783068240944752,0.6423669572838416,0.6039308773702218,1581.1622116526817
361,77.54378776452305,12.938178224937117,37.42835045000001,39.94230415999999,38.694632613125016,0.5748333820892403,0.02475908026099205,0.8202196955680847,0.2926593137254902,0.18562859588830757,-0.35799601674079895,0.19892781972885132,-0.020219485712986367,0.09508816697252484,782.0,0.4186896216327772,133.21889666335682,14153.250280032942,0.056882122979498746,1.0202194857129863,0.2926593137254902,0.913308612760305,0.7159603002491184,0.8343692877558304,1802.8576644412583
362,77.54839700289389,12.938178224937117,37.084839440000025,40.76775599000001,39.338395317500016,0.7863967944763883,-0.017355244606733322,0.7870326638221741,0.24314505782781862,0.18208845295821796,-0.33949902653694153,0.275235116481781,0.008324819826612286,0.0980475226618854,795.0,0.38679784461874794,121.05906250762278,14042.886920888406,0.056438571000760225,0.9916751801733877,0.24314505782781862,0.8437414844671401,0.7103774283160827,0.7903958620067173,1802.8576644412583
363,77.55300624126474,12.938178224937117,39.27579026000001,41.24115176000001,40.18711390843752,0.4385397155549946,-0.026716873049736023,0.7254165410995483,0.15296485314002403,0.11122119420711396,-0.25955113768577576,0.2596348822116852,0.06037914569561298,0.06804387609617739,953.0,0.47498878771134273,124.01403753403665,18301.625384823958,0.07355450410800263,0.939620854304387,0.15296485314002403,1.0,0.925811170318324,0.9703244681273296,1581.1622116526817
364,77.55761547963559,12.938178224937117,38.04188504000001,41.34198335000002,40.07732851625002,0.5378934600262999,0.0,0.7607097625732422,0.16799031575520834,0.13674756639196728,-0.3618365526199341,0.2957324683666229,0.05230692545572917,0.07930628467569088,670.0,0.41829310520306096,155.34107027607322,16320.390331214505,0.06559189101624542,0.9476930745442709,0.16799031575520834,0.9124436716400819,0.8255878565366505,0.8777013455987093,1499.9999999998902
365,77.56222471800643,12.938178224937117,38.393941100000006,41.999952199999996,39.837595881875025,0.6696139489341365,0.00746965454891324,0.7819905281066895,0.22207845052083333,0.16576077158695465,-0.3768717348575592,0.2686716914176941,0.025758224188112744,0.09350029510106578,590.0,0.35951803419422784,151.6174047223307,14839.123344019987,0.05963865700540208,0.9742417758118873,0.22207845052083333,0.7842346695668301,0.7506560680133413,0.7708032289454345,1581.1622116526817
366,77.56683395637728,12.938178224937117,38.33925278000001,42.34688123000001,40.20282137187502,0.7452696083931829,-0.0048496606759727,0.781718373298645,0.21516643817608172,0.16546870038030909,-0.3452468812465668,0.34829169511795044,0.03578134976900541,0.09818526729000411,448.0,0.3775556682981827,209.69272836306772,13140.54709942,0.05281205386310488,0.9642186502309946,0.21516643817608172,0.8235810630043294,0.6647314122616169,0.7600412027072445,1118.1662480306236
367,77.57144319474813,12.938178224937117,37.80775067000002,40.695977570000025,39.02913362187502,0.6514123562998597,-0.0173469390720129,0.7950363755226135,0.24642535041360294,0.20610444524576244,-0.36239999532699585,0.28666821122169495,0.0026488412595262714,0.11879638585933254,420.0,0.3837463057840381,227.33971276324328,14293.987976772944,0.05744774987193843,0.9973511587404738,0.24642535041360294,0.8370850101818582,0.7230796969686474,0.7914828848965738,707.1590624171432
368,77.57605243311897,12.938178224937117,36.74645546000002,40.96941917000004,38.83585841375002,0.6630008184159792,-0.022213710471987724,0.7926904559135437,0.25257838828890933,0.1915271640734654,-0.40287530422210693,0.3124300241470337,0.0017534177443560431,0.10760788661696045,373.0,0.40939737021129263,273.0967969375171,10781.127077323508,0.043329509768867895,0.998246582255644,0.25257838828890933,0.893038959975313,0.545377127273303,0.753974226894509,499.9999999999634
369,77.58066167148982,12.938178224937117,36.597771590000036,41.01385343000004,39.10140212562502,0.8792298006870919,-0.023527733981609344,0.8149417638778687,0.24514681302584135,0.20795748157065932,-0.4013303816318512,0.26747098565101624,0.005606466440054086,0.12554400669412458,432.0,0.3854416113794868,222.00115866511447,11972.99595216879,0.04811964847008419,0.9943935335599459,0.24514681302584135,0.8407830650692611,0.6056693414720207,0.7467375756303649,707.1590624171432
370,77.58527090986067,12.938178224937117,36.71569327999998,39.54068681000001,38.06295864125002,0.5277997296930944,0.005963473580777645,0.813640296459198,0.32044409658394607,0.21468303001764563,-0.4454003870487213,0.2838221490383148,-0.028883424646714156,0.1247615004372734,385.0,0.3307190905529235,213.73661406000505,11055.011775132072,0.04443025643516039,1.0288834246467142,0.32044409658394607,0.7214140934000984,0.5592319356457162,0.6565412302983455,500.07393409247965
371,77.58988014823152,12.938178224937117,35.84068016000003,42.43745876,38.85274745375001,1.742128859234251,-0.004004003945738077,0.8455172181129456,0.408953737745098,0.23734712567808622,-0.4586374759674072,0.25785499811172485,-0.05028248506433824,0.15344917672694025,95.0,0.14729052463141684,385.7727913153678,828.2830635632904,0.0033288819282671087,1.0502824850643382,0.408953737745098,0.32129218823064754,0.04189976006547753,0.20953521696457952,0.0
372,77.59448938660236,12.938178224937117,36.16197404000002,42.38277044000003,38.87975686281251,1.5638893378142544,0.001780799706466496,0.8498055934906006,0.4051654991736779,0.23802088365487686,-0.417233943939209,0.27838125824928284,-0.05047812828650841,0.14985674676335067,53.0,0.20152373522844835,946.0862359705045,1109.3431239216034,0.004458466483164818,1.0504781282865083,0.4051654991736779,0.4395938030228942,0.056117543346400664,0.28620329915229675,0.0
373,77.59909862497321,12.938178224937117,35.922712640000015,41.21209859000001,38.688104446250016,1.2493902125366032,-0.0017411491135135293,0.8339285850524902,0.36875710880055146,0.23144725676027395,-0.4308064877986908,0.33373039960861206,-0.04245977663526348,0.13931858763622065,247.0,0.24136915353042732,243.1449219359291,4760.709922187309,0.019133363849688674,1.0424597766352635,0.36875710880055146,0.5265106068651263,0.24082661140365624,0.41223700868053825,500.07393409247965
374,77.60370786334406,12.938178224937117,37.66419382999999,42.59468768000005,40.21442002062502,0.9488871795432903,-0.033664457499980927,0.797330915927887,0.2812617043887868,0.20113826538030125,-0.37284162640571594,0.3050946593284607,0.005737497666302849,0.12276245881275714,147.0,0.22644548112091442,383.2893157248281,5289.680738298567,0.021259305412175928,0.9942625023336972,0.2812617043887868,0.4939568538189714,0.26758527791719405,0.40340822345826044,1000.1478681849593
375,77.6083171017149,12.938178224937117,37.636849670000004,41.266786910000036,39.34466587625002,0.887236382648122,-0.04356435686349869,0.8268914222717285,0.24969278971354167,0.2075907999278244,-0.4199424684047699,0.34915676712989807,0.011947947483436734,0.1249719335554002,280.0,0.28885451076287033,256.68560394228643,5358.59956157651,0.021536291186025264,0.9880520525165633,0.24969278971354167,0.6300927916139706,0.27107162489973163,0.486484324928275,999.9999999999268
376,77.61292634008575,12.938178224937117,35.811626990000036,42.039259430000016,38.776828454375014,1.0819578687253217,0.01427165325731039,0.8371996879577637,0.39047269381009614,0.23232081272425065,-0.43236544728279114,0.27123287320137024,-0.054507598876953126,0.13636422972414966,303.0,0.15522879309185586,127.47060351714123,5311.804986750237,0.021348223095136166,1.0545075988769532,0.39047269381009614,0.3386083302621816,0.26870446137334975,0.31064678270664886,999.9999999999268
377,77.6175355784566,12.938178224937117,36.544792280000024,40.774592030000036,38.10466602500002,1.012190240174977,0.014627659693360329,0.8350617289543152,0.37012953814338234,0.23377034885191453,-0.40932101011276245,0.28092485666275024,-0.044352204565908396,0.1321134332530306,505.0,0.24997049210330516,123.16229040457642,9583.498103592421,0.03851622114472127,1.0443522045659084,0.37012953814338234,0.5452731368968996,0.4847935310919207,0.521081294574908,1118.0670550367645
378,77.62214481682744,12.938178224937117,37.10022053000003,40.224290810000014,38.76390406625002,0.6316337789390147,-0.012396694160997868,0.8128786087036133,0.25276410271139704,0.19155490486741844,-0.40025368332862854,0.29315629601478577,0.01084857417087929,0.10700698450355199,589.0,0.3713948570899061,156.89206543882528,12175.067067991124,0.04893177528430624,0.9891514258291207,0.25276410271139704,0.8101421773778681,0.6158913677835272,0.7324418535401317,1118.0670550367645
379,77.62675405519829,12.938178224937117,37.840221860000014,41.19500849000002,39.87041264375002,0.9243721363379312,-0.04313553869724274,0.8399319052696228,0.18700791579026443,0.16974583415417238,-0.4019130766391754,0.3335338234901428,0.05308748098520132,0.1061009955455833,460.0,0.3406269107615987,184.2474618370724,12395.430885679334,0.04981742073888118,0.9469125190147987,0.18700791579026443,0.7430265171687493,0.6270387538577121,0.6966314118443344,999.9999999999268
380,77.63136329356914,12.938178224937117,39.76114910000001,42.83394908,40.730716968125016,0.6180013823079163,-0.016520893201231956,0.7600974440574646,0.14004167145373775,0.12816374257872093,-0.36330386996269226,0.27688586711883545,0.08872358733532476,0.07986037259285257,690.0,0.3845725365760461,138.67863737474525,14176.79194302356,0.056976737272532434,0.9112764126646753,0.14004167145373775,0.8388873087330521,0.7171511854358873,0.7901928594141863,999.9999999999268
381,77.63597253193998,12.938178224937117,36.04576136000003,44.18235797000003,41.226411548750015,1.887622205389069,0.031353920698165894,0.7574612498283386,0.26322619868259806,0.14579569536137663,-0.3287632167339325,0.2825509309768677,0.0737832462086397,0.09440535168700258,96.0,0.12077857968417903,313.03945210101193,1693.554130739846,0.006806419192140351,0.9262167537913603,0.26322619868259806,0.2634603567013327,0.08567060568717735,0.19234445629567057,500.07393409247965
382,77.64058177031083,12.938178224937117,34.43074691000004,38.86220984000005,35.63226995093752,0.6836631023301925,0.11263467371463776,0.7812823057174683,0.5221085298978365,0.08073138966930112,-0.3053988814353943,0.20897196233272552,-0.070562744140625,0.08544438196554889,0.0,0.0,0.0,0.0,0.0,1.070562744140625,0.5221085298978365,0.0,0.0,0.0,0.0
383,77.64519100868168,12.938178224937117,35.045990510000024,39.84147257000001,37.583135234375014,1.0855398461870904,0.17384769022464752,0.8148605227470398,0.4525290096507353,0.1410454598918057,-0.35361215472221375,0.2577049136161804,0.0016216427672143077,0.12162496034762178,0.0,0.0,0.0,0.0,0.0,0.9983783572327857,0.4525290096507353,0.0,0.0,0.0,0.0
384,77.64980024705253,12.938178224937117,36.15342899000001,44.4951068,38.94318047187502,2.2405732581970903,0.0757281556725502,0.8429248332977295,0.47729262408088236,0.19215983682836477,-0.3853279650211334,0.2323773056268692,-0.011947953467275582,0.139138146793656,0.0,0.0,0.0,0.0,0.0,1.0119479534672755,0.47729262408088236,0.0,0.0,0.0,0.0
385,77.65440948542337,12.938178224937117,34.83407327000003,40.30632329000002,37.43047414625001,1.1803668704556425,0.049266938120126724,0.844368577003479,0.5080733079176682,0.1601192463906422,-0.3733848035335541,0.31260696053504944,-0.020334185086763823,0.11692242466747343,4.0,0.0043717529782928526,271.94182821973243,0.0,0.0,1.0203341850867638,0.5080733079176682,0.009536323428234704,0.0,0.005721794056940822,0.0
386,77.65901872379422,12.938178224937117,36.49864901000001,43.97727677,39.19789207625002,1.6976113183664392,-0.03211009129881859,0.8102493286132812,0.32591322954963237,0.16212430347176252,-0.3821656107902527,0.5932372212409973,0.01787832821116728,0.13205908346746997,20.0,0.023802595226653567,296.1247487884409,0.0,0.0,0.9821216717888327,0.32591322954963237,0.05192179147353428,0.0,0.031153074884120568,500.07393409247965
387,77.66362796216507,12.938178224937117,37.002806960000015,45.14794862000002,42.75010706000001,2.1452513106468376,0.03430749848484993,0.804584264755249,0.1787234556908701,0.16664449676588577,-0.3831799626350403,0.266034334897995,0.08878370098039216,0.108622600723465,1.0,0.0009194850878314352,228.78370031172585,0.0,0.0,0.9112162990196079,0.1787234556908701,0.0020057188108609505,0.0,0.0012034312865165703,499.9999999999634
388,77.66823720053591,12.938178224937117,28.727780540000026,43.502171989999994,36.30520415750002,3.9704874735196194,0.05822387710213661,0.8719614148139954,0.5170301231971154,0.254450339841377,-0.484184205532074,0.2503022849559784,-0.12589481060321514,0.20004477186988578,2.0,0.005143809160764857,639.9340832555611,0.0,0.0,1.1258948106032152,0.5170301231971154,0.01122044819406177,0.0,0.006732268916437061,0.0
389,77.67284643890676,12.938178224937117,28.35692537,38.24354822000001,31.226560503125015,3.072613023381317,-0.06139153987169266,0.8825300931930542,0.48440783930759806,0.30804681718574195,-0.7616906762123108,0.20036236941814423,-0.3845554725796569,0.20511005087607045,0.0,0.0,0.0,0.0,0.0,1.384555472579657,0.48440783930759806,0.0,0.0,0.0,0.0
390,77.6774556772776,12.938178224937117,28.519281320000033,43.85935508,36.18055952375001,4.933441433409741,-0.04043545946478844,0.8618155121803284,0.3247588752297794,0.2922317333632173,-0.6697703003883362,0.5290844440460205,-0.13376609652650123,0.2829343529591285,5.0,0.11550512239144782,5747.932110133081,1106.5186357523887,0.004447114823283409,1.1337660965265013,0.3247588752297794,0.2519571005525588,0.055974662993289556,0.1735641255288511,499.9999999999634
391,77.68206491564845,12.938178224937117,40.786555100000015,46.168227590000015,43.05168449375002,0.9093235055017185,-0.035720109939575195,0.6817806959152222,0.1913808785232843,0.1505053686368033,-0.2814701497554779,0.41329798102378845,0.1002041446461397,0.08104057037441209,9.0,0.1374272506342456,3799.3625562665193,0.0,0.0,0.8997958553538603,0.1913808785232843,0.2997769353411643,0.0,0.17986616120469856,707.1590624171432
392,77.6866741540193,12.938178224937117,38.23500317000003,43.83884696000001,41.61445769781252,1.2104392123587109,-0.016382014378905296,0.7134670615196228,0.18364892812875602,0.13803726102726152,-0.31700679659843445,0.37383797764778137,0.08284302931565504,0.08042285791316982,147.0,0.18496979600217156,313.0861617926337,4864.221371514701,0.01954937790115595,0.917156970684345,0.18364892812875602,0.4034838674302474,0.24606287069910684,0.34051546873779115,1118.1662480306236
393,77.69128339239015,12.938178224937117,37.97865167000003,42.70577333000003,40.579903118750025,1.1053812126267784,-0.030153846368193626,0.7406501173973083,0.22806765088848038,0.1726973879671766,-0.30315321683883667,0.37485378980636597,0.04090392168830423,0.0983087119293095,31.0,0.20952634426376632,1681.7341044687284,2282.9085735139643,0.009175043446576507,0.9590960783116957,0.22806765088848038,0.4570502943684565,0.1154838553261661,0.32042371875154035,1581.3492517557688
394,77.695892630761,12.938178224937117,39.56973998000001,43.62009368,41.374900641875016,0.7471626160043203,-0.01876247487962246,0.6673584580421448,0.139364683861826,0.11203232967047147,-0.2379484921693802,0.37653350830078125,0.09000484092562806,0.08370498817222134,262.0,0.31141883475767507,295.74946910369516,6539.710407633313,0.02628319320983845,0.9099951590743719,0.139364683861826,0.6793134801163575,0.3308196304277135,0.5399159402409,2061.839720477719
395,77.70050186913184,12.938178224937117,0.0,43.59616754000004,16.93137315845589,20.243427891967688,-0.008027923293411732,0.6668936014175415,0.05220314025878906,0.09375970847417002,-0.1947120726108551,0.34065935015678406,0.03819770226111779,0.0687178651275743,99.0,0.15577467562812808,391.5092709809797,1662.4036846253478,0.0066812250867799095,0.9618022977388823,0.05220314025878906,0.3397990911412992,0.08409482045680565,0.23751738286750176,2500.133087663131
396,77.50230461918542,12.942669780812071,39.149323520000024,44.134505690000026,41.91734019411766,1.1901132404500712,0.07060900330543518,0.8241084814071655,0.3714599130667892,0.12213961481682281,-0.35555192828178406,0.29345428943634033,0.05218591428270527,0.0945257778606584,11.0,0.06949248994246736,1571.9024013171593,3484.809570806152,0.014005501396833096,0.9478140857172948,0.3714599130667892,0.15158744403337676,0.17628355729321327,0.16146588933731137,1000.1298531995213
397,77.50691385755627,12.942669780812071,38.30507258000003,42.51607322000004,40.65919476000002,0.9057735841381577,0.05356878042221069,0.8112187385559082,0.3864816753680889,0.13573540894461564,-0.35885339975357056,0.3344680964946747,0.04145601125863882,0.10890282798442052,8.0,0.0185951830993119,578.3501621907977,2429.2806509681104,0.009763314998748343,0.9585439887413612,0.3864816753680889,0.04056260294732582,0.12288827441356132,0.07349287153382002,500.06492659976067
398,77.51152309592712,12.942669780812071,37.443731540000016,44.471180660000016,40.641868775882365,1.6136733109474068,0.07792936265468597,0.8052306771278381,0.40484059053308824,0.12763810929223093,-0.34847521781921387,0.31075698137283325,0.04448974310183058,0.10077545367257322,8.0,0.031165019013289184,969.2990762581987,0.0,0.0,0.9555102568981694,0.40484059053308824,0.067981814716774,0.0,0.0407890888300644,0.0
399,77.51613233429796,12.942669780812071,38.182023860000015,48.868463390000045,41.37913805529413,2.0383918678727215,-0.06102253869175911,0.7317565679550171,0.3172122252221201,0.14030850699003267,-0.3250047266483307,0.43725574016571045,0.050608927408854164,0.10141307433088383,24.0,0.04927253605673556,510.82725864670186,603.6612412494088,0.002426123489891808,0.9493910725911459,0.3172122252221201,0.10748064730543669,0.03053697737143925,0.0767031793318377,500.06492659976067
400,77.52074157266881,12.942669780812071,34.86312644,44.587393340000034,41.966298304117664,1.3155316758398876,-0.20595534145832062,0.7711229920387268,0.16893111008864184,0.12772557008836055,-0.2641221284866333,0.5414908528327942,0.07512133084810697,0.07593176062494723,334.0,0.15981633898943035,119.05704541146366,12259.509225124682,0.04927114956736414,0.924878669151893,0.16893111008864184,0.34861537357829897,0.6201629824994993,0.45723441714677915,1000.1298531995213
401,77.52535081103966,12.942669780812071,40.34392151000003,45.15820268000002,43.0862202447059,1.067798732972915,-0.020354563370347023,0.6955550909042358,0.13941178864123774,0.1050307817914537,-0.26825565099716187,0.3488558828830719,0.10006013159658395,0.06917619445134236,351.0,0.2427137407642672,172.05513430770475,10854.807150221808,0.04362563107562188,0.8999398684034161,0.13941178864123774,0.5294436222488956,0.5491043281685678,0.5373079046167646,1500.194779799282
402,77.5299600494105,12.942669780812071,41.044615609999994,46.275895220000024,43.67073714588236,1.1073987688479614,-0.049836304038763046,0.7203647494316101,0.1832843137254902,0.12746813265678375,-0.34286776185035706,0.33629241585731506,0.08431774662990196,0.07735429730805972,90.0,0.14333139466787675,396.25906181294755,6564.153931631133,0.026381432095648152,0.915682253370098,0.1832843137254902,0.31265594002215963,0.33205613740910384,0.3204160189769373,2000.2597063990427
403,77.53456928778135,12.942669780812071,40.316577350000045,46.59035306000004,44.13435193823531,1.6563530608926484,0.03205381706357002,0.702890157699585,0.1756146474984976,0.12045190500277013,-0.23843416571617126,0.3149775564670563,0.11889150766225962,0.07345844390336102,31.0,0.01360209523489437,109.17532842532043,4464.028070589652,0.017940995083895604,0.8811084923377404,0.1756146474984976,0.02967093065543137,0.22581857979638728,0.10812999031181374,1999.9999999998536
404,77.5391785261522,12.942669780812071,38.23158515,43.37570525000004,40.21538503470591,0.9308124334241037,-0.008875739760696888,0.8141758441925049,0.2213180242800245,0.17358325136085273,-0.36612021923065186,0.26978880167007446,0.021308403763116573,0.10197182836019363,660.0,0.32490089802895983,122.48625768161926,16084.352382089528,0.06464325099474469,0.9786915962368834,0.2213180242800245,0.7087225790460736,0.8136475744401684,0.7506925772037115,2061.568560784394
405,77.54378776452305,12.942669780812071,37.11218360000004,41.11297601000001,39.01816143764708,0.8684458162383178,0.022757111117243767,0.7963782548904419,0.28756855085784316,0.19897485271106616,-0.3686806559562683,0.20966443419456482,-0.020671545290479473,0.10706542809720973,703.0,0.3269547994228,115.72116081550026,16222.092621804159,0.06519683106290236,1.0206715452904795,0.28756855085784316,0.7132028568839606,0.8206153409553695,0.7561678505125242,1802.9377075586583
406,77.54839700289389,12.942669780812071,37.79920562000001,41.63251505000002,40.29539508764708,0.6447949611102993,0.011178861372172832,0.7787456512451172,0.16884698606004903,0.14117988751272736,-0.33150774240493774,0.25163042545318604,0.05359768736596201,0.0798002175420181,621.0,0.29613877795129984,118.65446060001284,19002.355955484585,0.07637075067378578,0.946402312634038,0.16884698606004903,0.6459823279604793,0.9612585240948414,0.7720928064142241,1414.3053854315729
407,77.55300624126474,12.942669780812071,38.93227925000002,41.32831127,40.06206890000002,0.408157325811116,0.006690455134958029,0.7744626998901367,0.1822498262845553,0.15003522131792438,-0.3916427791118622,0.2731092572212219,0.04403304173396184,0.08527225325152789,662.0,0.276403754361782,103.88822782729419,18542.78613278939,0.07452373273409076,0.9559669582660382,0.1822498262845553,0.6029333339418431,0.9380105957580919,0.7369642386683426,1118.0630263160829
408,77.55761547963559,12.942669780812071,38.64174755000002,40.87371461000001,40.211227823529434,0.5068822121196509,-0.002695417730137706,0.6988103985786438,0.15165296367570466,0.11931529259336188,-0.30625247955322266,0.2549889087677002,0.05871954226026348,0.07524630218197749,767.0,0.3414108485257496,110.75474529401549,19818.074644684857,0.07964913619497062,0.9412804577397366,0.15165296367570466,0.7447365598229593,1.0,0.8468419358937755,999.9999999999268
409,77.56222471800643,12.942669780812071,37.62146858,40.55583875000002,39.57057970117649,0.5101224471970972,0.00496806250885129,0.7688630223274231,0.21616581935508578,0.16205821343291382,-0.3497224450111389,0.2527528703212738,0.02744913138595282,0.09105755923708783,675.0,0.3338950228355488,123.07973774055532,16288.973563882711,0.06546562656195914,0.9725508686140472,0.21616581935508578,0.7283419133349552,0.8239985991062593,0.7666045876434768,1118.0630263160829
410,77.56683395637728,12.942669780812071,34.77254891000001,41.72821961,39.383558420000014,1.406645727564565,-0.0027090483345091343,0.8115941882133484,0.3011180701622596,0.22409284603258653,-0.42560911178588867,0.29252925515174866,-0.003416143930875338,0.13788294653601538,361.0,0.271583473944447,187.18736335060711,8621.242114150442,0.03464890003852866,1.0034161439308753,0.3011180701622596,0.592418615177371,0.43611657890876554,0.5298978006699289,1000.1298531995213
411,77.57144319474813,12.942669780812071,34.639246130000004,41.55902762000002,38.78653440411767,1.4298460825960002,-0.008528454229235649,0.8528515696525574,0.2968506816789216,0.23754369173787188,-0.4520114064216614,0.29501572251319885,-0.020658877503638175,0.14729292819614032,397.0,0.3514890846482088,220.2935216173709,10619.484087429173,0.042679864192903275,1.0206588775036383,0.2968506816789216,0.766720720347834,0.537200209513205,0.6749125160139824,500.06492659976067
412,77.57605243311897,12.942669780812071,34.71615158000003,39.49283453000001,37.27733664941179,1.2374560457250758,-0.0023276633583009243,0.8512575626373291,0.43208204082414214,0.2472612857097531,-0.4515470862388611,0.2676232159137726,-0.09746719659543505,0.1517931214916699,160.0,0.2109899401339682,328.112031608935,6345.263616517647,0.025501708669795082,1.097467196595435,0.43208204082414214,0.46024290924303346,0.32098329035068873,0.40453906168609555,0.0
413,77.58066167148982,12.942669780812071,30.501732919999995,40.65667034000003,38.40960012588237,1.8687701147443616,-0.08991825580596924,0.809249758720398,0.22726466252253605,0.19143484246238265,-0.34296977519989014,0.5408934950828552,0.0061784890981820915,0.11625146157622578,496.0,0.34789898920250345,174.52268266905756,11401.929094091147,0.045824522290021125,0.9938215109018179,0.22726466252253605,0.7588894655906524,0.5767811927371396,0.6860461564492473,500.06492659976067
414,77.58527090986067,12.942669780812071,30.90164126000002,40.812190250000015,38.43875382588237,1.5675321921082799,-0.0202312134206295,0.8122630715370178,0.2737659170113358,0.20088105095612543,-0.41806381940841675,0.37198758125305176,0.0027425339642693017,0.11736624527388359,399.0,0.3177721618894029,198.16335323409058,10223.139279273786,0.041086948525214814,0.9972574660357307,0.2737659170113358,0.6931723103554792,0.5171505995483872,0.6227636260326423,499.9999999999634
415,77.58988014823152,12.942669780812071,36.502067030000035,42.268266770000025,39.00282174235296,1.279131654820892,-0.011510791257023811,0.8126684427261353,0.2434238089767157,0.18394329996122757,-0.3605784475803375,0.37226858735084534,0.03330695657169118,0.09560026830175103,428.0,0.23488475736408676,136.54992162011484,10809.75935913113,0.04344458333449702,0.9666930434283089,0.2434238089767157,0.5123658691852824,0.5468255279356388,0.526149732685425,499.9999999999634
416,77.59448938660236,12.942669780812071,36.39098138,42.794641850000005,40.05132336000001,1.2262605221838871,-0.007623007521033287,0.8190430998802185,0.22299227201021635,0.2003323709674039,-0.39002084732055664,0.28137898445129395,0.037186552194448615,0.11354446636584993,464.0,0.35484646522729674,190.28427176727448,9887.831524402203,0.03973934168076491,0.9628134478055513,0.22299227201021635,0.7740443425270448,0.5001886271318888,0.6645020563689824,499.9999999999634
417,77.59909862497321,12.942669780812071,35.91245858000002,41.43256088000004,39.69437352588237,1.4687821679000215,0.002244948875159025,0.8273162245750427,0.20000483494178922,0.21253636826721772,-0.4214259088039398,0.2690112292766571,0.043300452138863355,0.12038196848187623,986.0,0.4291970359864769,108.30791334274157,13293.36407451601,0.053426227554573436,0.9566995478611366,0.20000483494178922,0.9362289612266734,0.6724618547541981,0.8307221186376832,707.1526927157864
418,77.60370786334406,12.942669780812071,38.26576535000001,43.99778489000005,41.50121104294119,1.140153648756629,-0.027923017740249634,0.7566871643066406,0.16649238137637867,0.16385863118895824,-0.33223140239715576,0.2884811460971832,0.049827168782552084,0.09425195099165853,356.0,0.33672296665785123,235.34400006767046,8562.25718588748,0.03441183873621253,0.9501728312174479,0.16649238137637867,0.7345106486363916,0.4331327507340527,0.6139594894754561,707.1526927157864
419,77.6083171017149,12.942669780812071,38.33241674000004,41.78119892000001,40.41609613647061,0.7734762355280352,0.00400534039363265,0.7601410746574402,0.17396112180223652,0.1506491886952319,-0.32533520460128784,0.28473177552223206,0.05905421836703431,0.08597017750786318,720.0,0.3816205269423538,131.88020698914536,12515.14357853388,0.05029854782859045,0.9409457816329657,0.17396112180223652,0.8324479424719814,0.6330945738159508,0.7527065950095692,499.9999999999634
420,77.61292634008575,12.942669780812071,37.88294711,42.92623562,40.52538407352942,1.1509069498756526,0.017844397574663162,0.8174790740013123,0.36433485764723555,0.18766644917814687,-0.39813536405563354,0.25442683696746826,-0.007837321208073542,0.11754607503354379,348.0,0.2065685232066967,147.69482902321226,4049.6009743902796,0.01627540643212802,1.0078373212080736,0.36433485764723555,0.4505982513589099,0.20485425412167857,0.35230065246401737,499.9999999999634
421,77.6175355784566,12.942669780812071,38.08973732000004,42.27168479000005,40.5654304947059,1.110854091804223,-0.009253139607608318,0.7811434864997864,0.18670945111443016,0.16483347721453306,-0.4187905192375183,0.24878285825252533,0.057689029469209556,0.09666807963564696,797.0,0.37402083919599105,116.76639403384742,16136.60761045199,0.06485326553325878,0.9423109705307905,0.18670945111443016,0.8158703634864442,0.8162909721225198,0.8160386069408744,707.1526927157864
422,77.62214481682744,12.942669780812071,37.43176847000004,42.55025342000002,40.19121052647061,1.2639296809729015,-0.006811145693063736,0.7926421165466309,0.24781587488511028,0.17453425289773994,-0.3494926691055298,0.3244626522064209,0.0315663117053462,0.10656347521773685,417.0,0.3090428573084306,184.40090374361682,9123.457769518356,0.03666731221280986,0.9684336882946538,0.24781587488511028,0.6741306416699284,0.46152180133419574,0.5890871055356354,1118.150134490382
423,77.62675405519829,12.942669780812071,37.390752230000004,42.017042300000014,40.11475450470591,1.0525823237165235,-0.01667778566479683,0.7371720671653748,0.1647247314453125,0.14780461697585084,-0.3453265428543091,0.37685272097587585,0.0709551004263071,0.08849618210311444,619.0,0.3738255943631553,150.2653243511315,12684.638757508561,0.050979751469034204,0.9290448995736929,0.1647247314453125,0.8154444661672547,0.64166870462184,0.7459341615490889,707.1526927157864
424,77.63136329356914,12.942669780812071,37.404424310000024,42.90914552000004,39.69988493529414,1.3429064688421442,-0.0086855823174119,0.7898046374320984,0.318971497778799,0.21604267171654218,-0.3556516766548157,0.27248263359069824,0.0005720729453890931,0.12327799796440707,459.0,0.17793076867965346,96.45367047987904,8013.5718300582175,0.032206664145937605,0.9994279270546109,0.318971497778799,0.38812928506911726,0.4053767989682582,0.39502829062877365,499.9999999999634
425,77.63597253193998,12.942669780812071,36.091904630000045,43.671363980000024,40.20378860352943,1.4936519077714525,0.07096504420042038,0.7425742745399475,0.3469575291053922,0.14038224433060356,-0.30947646498680115,0.26006659865379333,0.037121821384803924,0.09240003470792894,13.0,0.029804399243776085,570.4497704370975,694.0384147785383,0.002789350691948428,0.9628781786151961,0.3469575291053922,0.06501382676106067,0.035108822496432796,0.05305182505520952,500.06492659976067
426,77.64058177031083,12.942669780812071,35.4031736,43.47824585000001,37.97034119000002,1.5911185030132633,0.07938320934772491,0.7444444298744202,0.45303044245793267,0.1262571142086347,-0.26825985312461853,0.25955870747566223,0.014609844501201922,0.1047720772057465,0.0,0.0,0.0,466.6895612541756,0.0018756322746556094,0.985390155498798,0.45303044245793267,0.0,0.023608089434414434,0.009443235773765775,0.0
427,77.64519100868168,12.942669780812071,36.98913488000002,45.40600913,41.23063159117649,2.0782736151145156,0.07339189201593399,0.7741814255714417,0.29984331916360296,0.142948346267287,-0.27397477626800537,0.33894091844558716,0.10463607488893995,0.09554138696353075,3.0,0.03131944536179707,2597.605513640278,0.0,0.0,0.8953639251110601,0.29984331916360296,0.06831867263453027,0.0,0.040991203580718165,499.9999999999634
428,77.64980024705253,12.942669780812071,38.84170172,45.23339912,40.97944260235297,1.3167990490464387,-0.02121712639927864,0.7689486742019653,0.26040242513020834,0.1545705449887952,-0.2576966881752014,0.3371785581111908,0.06922615799249388,0.08240915946858107,191.0,0.13680968979690636,178.22305367103868,2348.9023062245583,0.009440273238012898,0.9307738420075061,0.26040242513020834,0.29842981899888227,0.11882223285437915,0.226586784541081,499.9999999999634
429,77.65440948542337,12.942669780812071,37.421514410000015,42.96383384000001,40.446976587058835,1.2556532020797948,-0.02065727673470974,0.7185461521148682,0.23942974384014423,0.16124954201727762,-0.3020871579647064,0.45536816120147705,0.057295655470628,0.09096976455454964,103.0,0.08672505345210584,209.50179153387577,2996.0085215860336,0.012041002723798813,0.942704344529372,0.23942974384014423,0.18917769671725096,0.15155692990816388,0.17412938999361613,499.9999999999634
430,77.65901872379422,12.942669780812071,36.49181297000004,44.026838060000046,39.83474297352943,1.762187588142738,-0.04856952652335167,0.7895693182945251,0.35907360600490196,0.19729532815788953,-0.3608391582965851,0.6219838857650757,0.0047336077222637106,0.14225541264330824,43.0,0.03181993097032362,184.12432479360513,642.7430435939391,0.0025831938336811967,0.9952663922777363,0.35907360600490196,0.06941040692459298,0.03251398041930745,0.05465183632247876,499.9999999999634
431,77.66362796216507,12.942669780812071,36.225207410000024,43.41330347000002,39.7808470664706,1.8709150175550677,0.042016807943582535,0.8436355590820312,0.4138344439338235,0.18093207163545572,-0.37997743487358093,0.2488284856081009,-0.033381841322954964,0.11100585891008741,11.0,0.030971654739431052,700.5709321681142,606.2811574978512,0.002436652972186778,1.033381841322955,0.4138344439338235,0.0675600195549401,0.030669509191816123,0.05280381540969051,0.0
432,77.66823720053591,12.942669780812071,34.873380499999996,42.958706810000024,37.3030782429412,1.4251346495906958,0.0442199781537056,0.8746654987335205,0.5081489445612981,0.18795231039572416,-0.3919523060321808,0.30418604612350464,-0.05292890108548678,0.13699403508271388,18.0,0.044633868995460346,616.9818934018583,0.0,0.0,1.0529289010854868,0.5081489445612981,0.0973620908380735,0.0,0.058417254502844095,0.0
433,77.67284643890676,12.942669780812071,35.86460630000002,44.05760024,38.94712812235296,1.691748494454174,0.013473053462803364,0.8545545935630798,0.48888901654411765,0.18856294065204154,-0.4106728434562683,0.2908554673194885,-0.056008528167126224,0.13511750966752611,26.0,0.044406005455897776,424.9606813268552,867.2310405406322,0.003485414425919138,1.0560085281671263,0.48888901654411765,0.09686504070245043,0.04386999338567346,0.07566702177573964,0.0
434,77.6774556772776,12.942669780812071,35.66294312000002,45.373537940000006,40.23285951411766,2.3092743476018356,0.005243288818746805,0.8345534205436707,0.40503920611213234,0.20001960335072236,-0.4039239287376404,0.35697808861732483,-0.019822725782207413,0.13141967673709246,38.0,0.07045986328598017,461.35856674336947,2263.7386690942258,0.00909799931613764,1.0198227257822075,0.40503920611213234,0.1536976238915245,0.11451412114832389,0.13802422279424426,0.0
435,77.68206491564845,12.942669780812071,40.28752417999999,47.64652124000003,42.33934739352944,1.6627492782352846,0.006791975814849138,0.7623393535614014,0.31142594879748775,0.15029223007096834,-0.3498336672782898,0.44117647409439087,0.06675711239085477,0.09758909970052596,42.0,0.06482643922664098,384.04601819261126,2247.1805508993016,0.009031451993308091,0.9332428876091452,0.31142594879748775,0.14140915423072598,0.11367650752319618,0.13031609554771406,500.06492659976067
436,77.6866741540193,12.942669780812071,38.35121585000002,44.828363749999994,41.86675553500002,1.522959252525339,0.011180124245584011,0.7113401889801025,0.29748854417067305,0.13612744256050147,-0.2595342695713043,0.38270941376686096,0.060606419489933894,0.09043057531714833,38.0,0.08874929279151328,581.1144758483706,681.4124525825421,0.002738606762451162,0.9393935805100662,0.29748854417067305,0.19359327123223272,0.034470122020858474,0.129944011547683,1000.1298531995213
437,77.69128339239015,12.942669780812071,38.527243880000015,42.85787521999998,40.500304795294134,1.1338251092051395,-0.017180094495415688,0.7143526077270508,0.21714403339460783,0.1554035052307177,-0.28566643595695496,0.37833037972450256,0.039619792863434436,0.09557762306680695,39.0,0.20977540889383361,1338.3520205419006,0.0,0.0,0.9603802071365656,0.21714403339460783,0.45759359150318685,0.0,0.2745561549019121,1500.194779799282
438,77.695892630761,12.942669780812071,39.062164010000004,44.40452927000001,41.481039994117666,1.1037827815740677,-0.018137354403734207,0.6840413212776184,0.1501547301049326,0.13181758593437862,-0.2917857766151428,0.40644732117652893,0.0682386989219516,0.0898093298052107,98.0,0.2753222494379389,699.0296918391996,2632.496143336117,0.010580041079295647,0.9317613010780484,0.1501547301049326,0.6005741931591397,0.13316819047894243,0.4136117920870608,1802.8476705647004
439,77.70050186913184,12.942669780812071,0.0,45.19750991000001,17.88517888352942,21.38275139489306,-0.011876484379172325,0.6226325631141663,0.058911531888521634,0.10002884712938379,-0.14431172609329224,0.35384616255760193,0.04445403465857872,0.0713427512925495,15.0,0.07114914531697011,1180.2087171798519,704.1336944640525,0.002829923770868256,0.9555459653414213,0.058911531888521634,0.15520118926070905,0.03561950515460188,0.10736851561826619,2121.458078147359
440,77.50230461918542,12.947161336687026,39.63980939000001,42.73995352999998,41.61434277411767,0.6955768637318106,-0.0247553251683712,0.7195208072662354,0.30348709405637253,0.1117791121796234,-0.22674933075904846,0.27388906478881836,0.07825878666896446,0.07239366306848947,74.0,0.05189972590437587,174.5073542688529,2981.279435081813,0.011981806306486055,0.9217412133310355,0.30348709405637253,0.11321146792107357,0.15081184019468413,0.12825161683051778,1000.111832067911
441,77.50691385755627,12.947161336687026,38.798976470000014,45.19067387000001,41.042208475000024,1.4410532758627863,0.01878025196492672,0.7477042078971863,0.35904085599459135,0.12027230734810365,-0.2969112694263458,0.3443646728992462,0.09208784250112681,0.10625648608818283,8.0,0.0875129496974494,2721.8408327040283,975.7244707249245,0.003921451132407466,0.9079121574988732,0.35904085599459135,0.19089637420447303,0.04935827256627889,0.13428113354919535,500.0559160339555
442,77.51152309592712,12.947161336687026,36.12437582000001,44.87792504000001,39.42911033705884,2.063340173544152,0.020933276042342186,0.7927080988883972,0.4079735370710784,0.13856805685075282,-0.375687837600708,0.21875779330730438,0.01608480116900276,0.09665571796717398,6.0,0.044586411754212504,1848.9776505980342,619.1042627097877,0.0024881892223916832,0.9839151988309972,0.4079735370710784,0.0972585699841281,0.031318182399454955,0.07088241495025885,0.0
443,77.51613233429796,12.947161336687026,38.55287903000004,47.619177079999986,41.91792563352943,1.6634161416400008,-0.01516503095626831,0.7381437420845032,0.2980944345511642,0.14071654492585842,-0.3715067505836487,0.3980582654476166,0.05902823653875613,0.08739378466552063,7.0,0.04917915664903082,1748.0885436048295,319.505193371439,0.0012840961151928715,0.9409717634612439,0.2980944345511642,0.10727695413296537,0.016162579594885512,0.07083120431773342,500.0559160339555
444,77.52074157266881,12.947161336687026,39.87736178000003,44.440418480000034,42.06076102294119,0.8747081177912844,-0.003401360474526882,0.7153909802436829,0.18818680983323316,0.1271016827016636,-0.23305293917655945,0.26428407430648804,0.06853814345139723,0.06941407333737405,371.0,0.16849522581702855,113.00406857890785,13404.586224959672,0.05387323102829184,0.9314618565486028,0.18818680983323316,0.3675470634967311,0.6780881697454858,0.491763505996233,1000.111832067911
445,77.52535081103966,12.947161336687026,41.06854175000001,46.510029590000045,43.82438246705884,1.3018394885122155,-0.0058291456662118435,0.6196911334991455,0.11442217658547794,0.07423688698667866,-0.08236223459243774,0.32450032234191895,0.11460744820389093,0.05712852275774968,379.0,0.26319348366001205,172.78908792008187,17349.481020620893,0.06972782177375161,0.8853925517961091,0.11442217658547794,0.5741171097379302,0.8776457276541006,0.6955285569043983,1500.1677481018664
446,77.5299600494105,12.947161336687026,39.94230416000005,46.71511079000001,43.27751700764708,1.4107130991729568,-0.028338342905044556,0.7735849022865295,0.17514783672257966,0.1433924997206158,-0.30229008197784424,0.4675596356391907,0.09006585813036153,0.0883743201137465,162.0,0.19514913298137135,299.7312336832114,8146.0557574690865,0.03273911901691686,0.9099341418696385,0.17514783672257966,0.4256885643105696,0.41207866819055866,0.4202446058625652,2000.223664135822
447,77.53456928778135,12.947161336687026,39.59537513000001,45.07275218000001,41.976014232941196,1.2420956149821176,0.004357298370450735,0.7936359643936157,0.2327404315655048,0.17201677625422826,-0.3690236806869507,0.31918177008628845,0.04797765878530649,0.10103425711722538,225.0,0.25974483056923,287.23991170426746,7531.794986136975,0.03027039585827336,0.9520223412146935,0.2327404315655048,0.566594390263894,0.38100550000850275,0.4923588341617375,2499.999999999817
448,77.5391785261522,12.947161336687026,39.91496000000001,43.86448211000001,41.891551292352965,0.8915221612899681,0.0032760032918304205,0.734427809715271,0.1588751699410233,0.11624465097911585,-0.23633334040641785,0.37167713046073914,0.07425698074640012,0.06968079916559874,122.0,0.09417190754530584,192.06221208467494,13248.907015528654,0.05324755397454121,0.9257430192535999,0.1588751699410233,0.20542189201104816,0.670212937461632,0.39133831019128174,2061.769799606371
449,77.54378776452305,12.947161336687026,39.91666900999999,46.34254661,41.73871021117649,1.485368428586823,-0.01480075903236866,0.6813317537307739,0.14076485428155638,0.10778721979615223,-0.22403046488761902,0.31968262791633606,0.08018004772709865,0.06906094706041165,4.0,0.003129068699995439,194.64152414992643,18153.81916508995,0.07296046871671828,0.9198199522729014,0.14076485428155638,0.006825594058147061,0.9183342033061078,0.3714290377573314,1581.2979707964555
450,77.54839700289389,12.947161336687026,39.15615955999999,44.510487890000036,41.20087471117649,1.2956385531028045,-0.027014492079615593,0.7796067595481873,0.16237472234987746,0.1203475933279273,-0.26466286182403564,0.2672596275806427,0.07380368700214461,0.07242113821669596,27.0,0.01787506637519771,164.7268101565813,15446.568814394961,0.062079989368326156,0.9261963129978554,0.16237472234987746,0.03899177631980776,0.7813844754639033,0.335948855977446,1118.1340155107512
451,77.55300624126474,12.947161336687026,39.171540650000026,41.22918869000003,40.00461042000001,0.38819358706565577,0.0009891196386888623,0.7725507020950317,0.15584648719200722,0.12594759517165924,-0.3155028820037842,0.231489360332489,0.055787987342247596,0.07251034674665102,171.0,0.05298039179004608,77.09024836372942,19505.88427807207,0.07839443847710888,0.9442120126577525,0.15584648719200722,0.11556877846784538,0.9867301494735193,0.464033326870115,707.1463208986678
452,77.55761547963559,12.947161336687026,38.42812130000004,41.81196110000002,40.24414844176473,0.6365360357240709,0.000697836687322706,0.781895637512207,0.2313385368795956,0.17221626434361417,-0.3448496460914612,0.2577652335166931,0.03297991584329044,0.0934709744180084,327.0,0.14012361474084764,106.6212989597782,15064.875212793962,0.06054595711727596,0.9670200841567096,0.2313385368795956,0.3056586492276797,0.7620760155555139,0.4882255957588134,499.9999999999634
453,77.56222471800643,12.947161336687026,36.85754111000003,41.309512160000025,39.186892172352955,1.0727927282988166,0.008198444731533527,0.7948718070983887,0.2785370710784314,0.20092868369409903,-0.3832853138446808,0.2143927961587906,-0.00408812354592716,0.11604421522446196,866.0,0.28908691065599207,83.0598085373477,15268.713407001196,0.061365185845759083,1.0040881235459271,0.2785370710784314,0.6305997371245016,0.7723874317913122,0.6873148149912258,707.1463208986678
454,77.56683395637728,12.947161336687026,36.77550863000005,40.49602340000001,38.857307524117665,0.6275967127852756,-0.004950494971126318,0.7521058917045593,0.2914362511268029,0.18589934644115588,-0.3685181736946106,0.2710611820220947,-0.007629164182222806,0.10300593582683834,410.0,0.24987489198098575,151.64187731717792,9445.452327140976,0.03796141311988267,1.0076291641822228,0.2914362511268029,0.5450645995685685,0.4778103086093979,0.5181628831849002,1118.1340155107512
455,77.57144319474813,12.947161336687026,37.47107570000003,41.50092128,39.80366146294119,0.8882816892101132,-0.012926292605698109,0.7695072889328003,0.21400089039522058,0.1694421295779771,-0.3546598553657532,0.2526595890522003,0.03458902695599724,0.10043956578328166,442.0,0.37255989987440996,209.7269439390347,13775.735662789197,0.055364886128617084,0.9654109730440028,0.21400089039522058,0.8126835434742431,0.696863239619054,0.7663554219321675,707.1463208986678
456,77.57605243311897,12.947161336687026,36.73961942,40.62932618000002,38.844989642352964,0.734295056907092,-0.022906793281435966,0.8051215410232544,0.24265639361213234,0.18425598371424223,-0.3587062954902649,0.33098921179771423,0.010123735315659467,0.10552828875924407,394.0,0.3694542809545947,233.31618739334826,12050.75798929463,0.04843217525166514,0.9898762646843405,0.24265639361213234,0.8059091015944624,0.6096030337580354,0.7273866744598916,499.9999999999634
457,77.58066167148982,12.947161336687026,29.987320909999994,40.03800872000002,36.02022674000002,2.7598913793868007,-0.101234570145607,0.8706533908843994,0.3910669884314904,0.2696618747991467,-0.5625818371772766,0.4451810419559479,-0.11012230506310096,0.1544485055157871,146.0,0.1386387489663981,236.27194947286057,5643.975100486528,0.02268321971328527,1.110122305063101,0.3910669884314904,0.3024196372471363,0.28550771219269905,0.2956548672253614,500.0559160339555
458,77.58527090986067,12.947161336687026,30.12404171000003,40.155930410000025,34.864391935294144,2.4469615653535115,-0.08678237348794937,0.8703703880310059,0.4180619064031863,0.26677233954174506,-0.5650684833526611,0.47710683941841125,-0.1086810422411152,0.15939244181463624,29.0,0.02290743879665385,196.54360909843442,1326.8539444463172,0.005332645699787112,1.1086810422411153,0.4180619064031863,0.049969141980818726,0.0671206069034696,0.056829727949879075,0.0
459,77.58988014823152,12.947161336687026,36.11241275000003,44.27464451,40.684416620000015,1.5773825584013765,0.002504173666238785,0.8258706331253052,0.2785092821308211,0.19251988625407873,-0.3572028875350952,0.28725165128707886,0.04217334822112439,0.1166543354162854,264.0,0.11160701812703212,105.18842872024251,8746.537167333192,0.03515246271726675,0.9578266517788756,0.2785092821308211,0.24345397075381955,0.44245478971699276,0.32305429833908883,499.9999999999634
460,77.59448938660236,12.947161336687026,38.56313309000001,43.93796954000001,41.241369575000014,1.3201737775077411,-0.03757472336292267,0.7643186450004578,0.17799337533804085,0.1571571243627363,-0.3594859540462494,0.35485729575157166,0.0672989008976863,0.09622315425564817,450.0,0.2860630450367735,158.1720098493283,11657.89708274052,0.04685326143623049,0.9327010991023137,0.17799337533804085,0.6240036278082685,0.5897296614197085,0.6102940412528445,707.1463208986678
461,77.59909862497321,12.947161336687026,38.78530439000002,41.54535554,39.81662983294119,0.5876056143089691,0.0,0.7118778228759766,0.16545065487132352,0.1361018643040209,-0.26459142565727234,0.2639661133289337,0.06168660481770833,0.07561309473529303,894.0,0.4403223575873886,122.55008262763363,13311.811040276567,0.05350036618380908,0.9383133951822916,0.16545065487132352,0.9604971816765052,0.6733950181536503,0.8456563162673632,1000.111832067911
462,77.60370786334406,12.947161336687026,38.82461162000004,48.62236595000002,42.80827844882355,2.4078695991921273,-0.4987238347530365,0.7119143009185791,0.16332634420955883,0.18193305192742315,-0.2899243235588074,0.5428305268287659,0.03671332265816483,0.10938772414738045,359.0,0.32308003426687076,223.9216374826755,5725.3823418405955,0.023010396624772275,0.9632866773418352,0.16332634420955883,0.7047506378498869,0.28962580180526926,0.5387007034320399,500.0559160339555
463,77.6083171017149,12.947161336687026,35.73643055000002,42.46822094000001,38.91640733705884,1.5787502852801372,0.010806317441165447,0.823889434337616,0.44997663909313723,0.2039494518622253,-0.4134078323841095,0.2114984095096588,-0.06620175829120711,0.1348959131676839,62.0,0.10775347677359783,432.4341585827397,1558.6597488166587,0.006264276668693055,1.0662017582912071,0.44997663909313723,0.2350480482616533,0.07884680053480923,0.17256754917091569,0.0
464,77.61292634008575,12.947161336687026,36.626824760000034,46.93728209,40.70129383294119,2.590740084012754,0.0675017386674881,0.8046971559524536,0.44835360013521636,0.15986326692004457,-0.3727737367153168,0.3755820095539093,-0.02806544670691857,0.1317610821198196,31.0,0.02676002416186051,214.78561766321286,1039.7983414052906,0.004178964969844149,1.0280654467069186,0.44835360013521636,0.05837297912804955,0.05259953141373645,0.056063600042324316,0.0
465,77.6175355784566,12.947161336687026,39.374912840000036,46.004162629999996,41.59687420823532,1.4804378000305098,0.006145251449197531,0.7235110998153687,0.17507635378370098,0.1305234683642192,-0.2806113362312317,0.316763311624527,0.08867176729090073,0.0714515606143505,202.0,0.08943354010863852,110.16139891241018,20010.165227688107,0.08042115109963244,0.9113282327090992,0.17507635378370098,0.195085854128249,1.0,0.5170515124769495,500.0559160339555
466,77.62214481682744,12.947161336687026,37.577034320000024,43.14669791000006,39.02392712882355,1.0558424820514059,-0.010457820259034634,0.7355180978775024,0.22258949429381128,0.1714295658032219,-0.328152596950531,0.4251207709312439,0.0289649185479856,0.09893645755296604,259.0,0.3376353875182507,324.36096534034215,4694.608856161363,0.01886770268406453,0.9710350814520144,0.22258949429381128,0.7365009578946322,0.2374828042821579,0.5368936964496425,999.9999999999268
467,77.62675405519829,12.947161336687026,37.93421741,42.44771282000005,40.5487898229412,0.810262592070529,0.002754820976406336,0.7420435547828674,0.1589447021484375,0.12431189220029783,-0.31016814708709717,0.23462215065956116,0.08756851783165565,0.06342792438835262,712.0,0.3220983785073778,112.56125705595583,16217.433194062003,0.06517810475363775,0.9124314821683444,0.1589447021484375,0.7026093030434154,0.8203796378328175,0.7497174369591764,500.0559160339555
468,77.63136329356914,12.947161336687026,36.380727320000034,46.69802069000002,40.52565018235296,2.71235685657685,0.032485876232385635,0.8067107796669006,0.4114680989583333,0.19113721784884113,-0.32561132311820984,0.2481614500284195,0.0035721917245902265,0.12584737149687036,32.0,0.017915137486208734,139.29982048956902,809.268422898716,0.0032524618051651254,0.9964278082754098,0.4114680989583333,0.039079185438444436,0.040937880103632744,0.03982266330451976,0.0
469,77.63597253193998,12.947161336687026,39.13394242999999,48.01566740000001,42.9021971229412,2.5736379690104667,-0.007874015718698502,0.7317073345184326,0.29829486921721815,0.14535820627237983,-0.236737921833992,0.2758229374885559,0.07498247931985294,0.08309125287559796,4.0,0.004247656952563926,264.22252196453195,0.0,0.0,0.9250175206801471,0.29829486921721815,0.009265626560551275,0.0,0.005559375936330765,500.0559160339555
470,77.64058177031083,12.947161336687026,37.85560295000002,42.79805987000003,39.948190750000016,1.321507032591897,-0.005633112974464893,0.7260273694992065,0.3755309589092548,0.15021357806982102,-0.32473811507225037,0.29780420660972595,0.03823883936955379,0.09109273397512166,5.0,0.025692071823666892,1278.5258484954818,1492.6360454657179,0.005998926424808198,0.9617611606304463,0.3755309589092548,0.05604340127826656,0.07550690690335228,0.06382880352830085,499.9999999999634
471,77.64519100868168,12.947161336687026,35.09213377999998,43.87302716000005,40.1158603347059,1.7298074421611376,-0.030534351244568825,0.7822376489639282,0.2788482785692402,0.19645491635159132,-0.3808317184448242,0.3579493463039398,0.017347413605334712,0.09512136423587689,36.0,0.24676166148326387,1705.5151227918136,3847.1368943267817,0.015461700288787199,0.9826525863946652,0.2788482785692402,0.5382735541732009,0.19461234921052015,0.4008090721881286,499.9999999999634
472,77.64980024705253,12.947161336687026,34.74178673000003,48.388231579999996,41.026602999411786,2.9867490201496993,-0.0239680428057909,0.7990148067474365,0.33441209980085784,0.19757886599300756,-0.3653886914253235,0.383256196975708,0.04184991574754902,0.11653652390841605,57.0,0.05924738884940628,258.6275280524427,4574.895086144043,0.01838657126522207,0.958150084252451,0.33441209980085784,0.12923929260224468,0.23142692983426,0.1701143474950508,499.9999999999634
473,77.65440948542337,12.947161336687026,36.838742000000025,48.40361267000003,42.38792112411766,3.3380042418133606,-0.0021468440536409616,0.8125628232955933,0.33079690786508414,0.1967077088236001,-0.35143718123435974,0.3723044991493225,0.060817659818209135,0.135971598395333,12.0,0.024925948486480876,516.8337152305904,2062.54092412951,0.008289382592357486,0.9391823401817909,0.33079690786508414,0.054372218124597776,0.10433627542071706,0.07435784104304549,500.0559160339555
474,77.65901872379422,12.947161336687026,37.568489270000015,46.63478731999999,41.05235642000002,2.7515344664299572,-0.015143603086471558,0.8321620225906372,0.411616881127451,0.21448375027650007,-0.4175187349319458,0.3565632402896881,0.013816030165728401,0.15550568925706276,36.0,0.006691067918913412,46.24590973629812,2336.367483027593,0.00938989559750569,0.9861839698342716,0.411616881127451,0.01459556111058232,0.11818814276184897,0.05603259377108898,0.0
475,77.66362796216507,12.947161336687026,37.52234600000003,47.36282558000005,43.24382763058825,2.860120478524671,-0.006643921602517366,0.7935512065887451,0.2612787702971814,0.18110249362463934,-0.4110155999660492,0.3684210479259491,0.08191625258501838,0.13572264319992783,39.0,0.12979273818120185,828.0683341887341,1437.5504376162214,0.005777536549118936,0.9180837474149817,0.2612787702971814,0.28312339148115856,0.07272033084802947,0.1989621672279069,499.9999999999634
476,77.66823720053591,12.947161336687026,34.393148690000004,47.86527452000004,41.909552075882374,3.986313881657785,-0.002235136227682233,0.8472344279289246,0.3247876211313101,0.23415277753246047,-0.40201088786125183,0.3498944640159607,0.04685102316049429,0.17821495561194858,10.0,0.06441887081375203,1602.8522734862527,1019.7865773372746,0.004098537392981504,0.9531489768395057,0.3247876211313101,0.1405201048668346,0.051587210686895056,0.1049469471948588,499.9999999999634
477,77.67284643890676,12.947161336687026,38.05213910000003,47.18679755000002,42.06506607235296,2.0911234452219247,-0.02752688154578209,0.801030695438385,0.269066712622549,0.17566452030305488,-0.345153272151947,0.3200438916683197,0.06983023250804228,0.12855690819051407,136.0,0.1338658672205693,244.91271746635655,4884.354390467798,0.019630292803201756,0.9301697674919577,0.269066712622549,0.2920083115755027,0.24708132525967627,0.2740375170491721,499.9999999999634
478,77.6774556772776,12.947161336687026,37.20447014000001,46.49293949,41.00559814294119,2.3618750090772513,0.007554672192782164,0.7833367586135864,0.2519753370098039,0.16451622614163489,-0.3423058092594147,0.3057882785797119,0.03428072162702972,0.1201897216897741,84.0,0.22448126317040443,664.9380739395316,2286.2813113992834,0.009188598530205672,0.9657192783729702,0.2519753370098039,0.4896722069616089,0.11565446959364935,0.340065112014425,499.9999999999634
479,77.68206491564845,12.947161336687026,40.993345309999995,47.75931590000002,43.167075932352965,1.7312198309650537,-0.004981520120054483,0.7884423136711121,0.15320020488664216,0.1027346593547496,-0.3116292655467987,0.2818755507469177,0.11260426240808824,0.06816254264423263,485.0,0.22270294402103946,114.25220995572947,12475.333838197344,0.050138551891205,0.8873957375919117,0.15320020488664216,0.4857930704570597,0.6310807470920359,0.5439081411110502,707.1463208986678
480,77.6866741540193,12.947161336687026,37.611214520000004,46.74416396000001,40.64631016500002,2.394434424012435,0.011243173852562904,0.7749683856964111,0.31666938194861777,0.17685365618896423,-0.35490158200263977,0.36566126346588135,0.007328569705669696,0.11136622099059455,196.0,0.20810179140024704,264.1801224032398,3555.2745423575743,0.014288701163546014,0.9926714302943302,0.31666938194861777,0.4539428459571232,0.1798481181672745,0.34430495484118373,999.9999999999268
481,77.69128339239015,12.947161336687026,37.98719672000004,42.61861382000001,40.618735048823545,1.1094228529733543,-0.028032194823026657,0.718259334564209,0.2198977960324755,0.17120047289397824,-0.27284812927246094,0.34609392285346985,0.03647308349609375,0.09485215468140178,53.0,0.26084988799890335,1224.6025928928507,82.07435396924816,0.0003298580469906605,0.9635269165039062,0.2198977960324755,0.5690049073055623,0.004151836358993474,0.34306367892693473,1118.0589962790032
482,77.695892630761,12.947161336687026,37.21301519000002,43.63547477,39.96668564176473,1.2097504540676793,-0.2204899787902832,0.717626690864563,0.21667913698682598,0.14951203662591847,-0.3378882110118866,0.44968554377555847,0.03589207667930453,0.09309053819895194,110.0,0.20795774441678536,470.39511476977697,737.1995121211129,0.002962815782891816,0.9641079233206955,0.21667913698682598,0.4536286290674744,0.03729218190865675,0.28709405020394735,1414.2926417973356
483,77.70050186913184,12.947161336687026,0.0,45.887949950000035,17.74064631117648,21.216960221245735,-0.04879581183195114,0.6199155449867249,0.054148160494290866,0.0905352166581776,-0.1743474006652832,0.36410433053970337,0.04627723693847656,0.07207553384891198,28.0,0.07565107865187672,672.2603279193266,1097.933982455538,0.004412612974244765,0.9537227630615235,0.054148160494290866,0.1650214816118989,0.05554039730658585,0.12122904788977368,1802.8376734032113
484,77.50230461918542,12.951652892561981,38.886135980000006,51.30892967,43.243703076875015,2.687232225011445,0.012762212194502354,0.7639046311378479,0.3240445006127451,0.13801536412921928,-0.31694915890693665,0.37253057956695557,0.09063328761680453,0.12213871939247704,21.0,0.055076536705431556,652.570922293311,1456.4568985807352,0.005853521896400456,0.9093667123831954,0.3240445006127451,0.12014120421212232,0.07367673840113395,0.10155541788772698,1118.1178910918918
485,77.50691385755627,12.951652892561981,39.44156423000004,49.82550899000003,43.11787616843752,2.233848722568655,0.08295123279094696,0.6226271986961365,0.3082561316856971,0.0810658160604644,-0.12710970640182495,0.39086294174194336,0.15199566180889423,0.07933660786388898,3.0,0.03848145589679758,3191.61597070795,96.23336498640332,0.00038676332245817115,0.8480043381911058,0.3082561316856971,0.08394152442815096,0.004868088073511263,0.05231214988629508,707.139946965887
486,77.51152309592712,12.951652892561981,36.74987348000002,44.91210524000002,39.96088336062502,1.9644126898252905,0.05714800953865051,0.7313836812973022,0.3622144512101716,0.10785439885628702,-0.30317428708076477,0.24907062947750092,0.07299314012714461,0.0876336095777725,1.0,0.015404169582097635,3832.8222652673485,477.89716491021227,0.0019206758001253416,0.9270068598728554,0.3622144512101716,0.03360188556116028,0.024175040425874643,0.029831147507046026,499.9999999999634
487,77.51613233429796,12.951652892561981,36.78576269000001,42.58272461000004,39.030296000000014,1.5029135474129915,-0.015193798579275608,0.7484143972396851,0.34829565908394605,0.16578562566613234,-0.3178747594356537,0.24883580207824707,0.008224678787530637,0.09409328657633244,44.0,0.11207253082019662,633.7630169238672,1163.8465990384143,0.004677516758759696,0.9917753212124694,0.34829565908394605,0.244469416874405,0.05887467147154264,0.17023151871326003,707.139946965887
488,77.52074157266881,12.951652892561981,38.25892931000001,42.116164880000014,40.28972955687502,0.8008364875842997,0.014925372786819935,0.792245090007782,0.24866861196664664,0.15496482947814477,-0.32056736946105957,0.3116542100906372,0.018968253502478966,0.09034406908845002,457.0,0.20862213527572618,113.58593981294972,14908.202382569556,0.059916286686806465,0.981031746497521,0.24866861196664664,0.45507789807811655,0.754150519690681,0.5747069467231424,1118.1178910918918
489,77.52535081103966,12.951652892561981,40.229417839999996,43.042448300000046,41.60361895812501,0.5893607946216076,-0.0022969304118305445,0.5987826585769653,0.11491603477328431,0.07775924902917764,-0.22407767176628113,0.290254682302475,0.09387220195695466,0.058405571905098284,557.0,0.3669336600676985,163.91275406549605,21761.21901027558,0.08745866224612686,0.9061277980430453,0.11491603477328431,0.8004107451830276,1.0,0.8802464471098166,1581.272317266874
490,77.5299600494105,12.951652892561981,38.640038540000006,45.95460134000001,41.27058191750002,1.577013039981887,-0.002956194570288062,0.8013125061988831,0.24131196863511029,0.17480025178364092,-0.40462327003479004,0.2939406931400299,0.023374101227405023,0.10255536903831068,526.0,0.27278343362174795,129.03651857504752,16490.325238797184,0.06627486193249245,0.976625898772595,0.24131196863511029,0.5950361472384004,0.8341842315776079,0.6906953809740835,2061.7348213383866
491,77.53456928778135,12.951652892561981,38.85024677000001,44.751458300000024,41.95344450875002,1.1680112097176434,-0.02273613028228283,0.7665063142776489,0.2064458289513221,0.17332115963932132,-0.32057416439056396,0.3859516680240631,0.06267113318810096,0.10512827171950649,334.0,0.35354805548848833,263.37974679930227,10877.023263737254,0.04371491796563716,0.9373288668118991,0.2064458289513221,0.7712120564227916,0.550228158736683,0.6828184973483481,2500.234511975597
492,77.5391785261522,12.951652892561981,39.412511060000014,44.46092660000002,42.040088802500016,0.9380298284486862,-0.017448199912905693,0.8100840449333191,0.1769275141697304,0.150688639454772,-0.35068193078041077,0.37867337465286255,0.0796679807176777,0.10108369435607527,257.0,0.1501902522508888,145.40823839388008,12407.138678932495,0.04986447453376703,0.9203320192823223,0.1769275141697304,0.32761750911917314,0.6276310075808453,0.447622908503842,2000.1876095804776
493,77.54378776452305,12.951652892561981,40.16276645000002,45.770028260000004,42.58554573312502,1.0262485132110484,-0.03250477835536003,0.7642940282821655,0.17789325788909313,0.1440376174660705,-0.36115747690200806,0.323466420173645,0.07703150132123161,0.08886524880660694,18.0,0.06217611265757143,859.4714411994482,8907.162017411392,0.035798016374196114,0.9229684986787684,0.17789325788909313,0.13562786432743407,0.4505802035699294,0.2616088000244322,1500.1407071853582
494,77.54839700289389,12.951652892561981,38.385396050000026,43.79441270000001,41.07858218375002,1.13213779591709,-0.008130080997943878,0.8293676376342773,0.2284545659083946,0.18687599153432374,-0.4003506600856781,0.29653552174568176,0.0396923828125,0.11400622781894722,84.0,0.044393142874124075,131.49734860692928,12803.305336899804,0.05145667421320498,0.9603076171875,0.2284545659083946,0.09683698290949525,0.6476716055901321,0.31717083198175,1000.0938047902388
495,77.55300624126474,12.951652892561981,38.23500317000003,42.921108590000046,40.76372676156252,1.0285732613187069,-0.00682235648855567,0.7658863067626953,0.15841137225811297,0.1415279586806599,-0.296045184135437,0.31890660524368286,0.0687892092191256,0.08296573142613381,1031.0,0.29293917955935717,70.6967070183321,17680.928157954484,0.07105991273900572,0.9312107907808744,0.15841137225811297,0.6390028839576893,0.8944124057857555,0.7411666926889158,500.0469023951194
496,77.55761547963559,12.951652892561981,30.805936700000018,41.08563185000003,37.623604842500015,1.9965772426604778,0.022359291091561317,0.8652126789093018,0.426053347120098,0.19665232533319071,-0.6947368383407593,0.2178318202495575,-0.10490320542279412,0.1672674081028687,177.0,0.07522599679033665,105.74870906975993,5698.025841076654,0.022900450442096584,1.104903205422794,0.426053347120098,0.16409422928651587,0.2882419381617111,0.213753312836594,0.0
497,77.56222471800643,12.951652892561981,30.22487330000004,41.31976622000002,38.28842229875002,2.8277713580605446,-0.006753714755177498,0.8260185122489929,0.2707128427542892,0.19899656986437006,-0.6992952227592468,0.2557785212993622,-0.06269460042317708,0.22828161767835756,697.0,0.18332111057722664,65.44253156499376,12966.592452147011,0.05211292755336972,1.062694600423177,0.2707128427542892,0.3998875074525089,0.6559316935378547,0.5023051818866473,500.0469023951194
498,77.56683395637728,12.951652892561981,36.49694000000002,41.31122117000004,39.50148639312502,0.8984095890407922,-0.012884455733001232,0.7308809161186218,0.20657797006460338,0.16176063617470254,-0.32576295733451843,0.39567428827285767,0.04287330334003155,0.09604967887676748,811.0,0.3029123728830827,92.93441050919954,11657.603855829751,0.04685208295292318,0.9571266966599684,0.20657797006460338,0.6607579093718875,0.5897148281607101,0.6323406768874165,1000.0938047902388
499,77.57144319474813,12.951652892561981,37.624886600000025,42.517782229999995,39.65234422437502,1.0939324904142846,-0.3737623691558838,0.7881336808204651,0.2511273073682598,0.19422408592935778,-0.3494623601436615,0.44203683733940125,0.015422692392386642,0.11107495490143351,492.0,0.2686267032590437,135.85150971879693,10508.598098448223,0.042234211757093805,0.9845773076076133,0.2511273073682598,0.5859688633960753,0.5315908996802388,0.5642176779097408,1118.0549649256102
500,77.57605243311897,12.951652892561981,37.95985256,42.237504590000015,39.678783614375014,0.8525070978333967,-0.023255813866853714,0.7845328450202942,0.23182913985906864,0.18851355955819485,-0.3550577163696289,0.27337968349456787,0.021947981890510112,0.10881521333322186,331.0,0.3511031988592509,263.9290424849964,11839.736115324456,0.04758407520757352,0.9780520181094899,0.23182913985906864,0.765878968375997,0.5989282218768407,0.6990986697763345,999.9999999999268
501,77.58066167148982,12.951652892561981,35.54843944999999,42.112746860000016,40.13911676750002,1.12288894466155,-0.01315789483487606,0.8468301892280579,0.16721689077524038,0.18665766693763625,-0.39465978741645813,0.28912875056266785,0.05909828186035156,0.11134258844926899,411.0,0.3130611632911255,189.52554862280937,15804.19183832658,0.06351728161039702,0.9409017181396484,0.16721689077524038,0.6828959734887341,0.79947529435879,0.7295277018367565,500.0469023951194
502,77.58527090986067,12.951652892561981,34.05647372000004,41.46332305999999,37.50719738562502,1.4308144052405007,0.034027960151433945,0.8461538553237915,0.5212203201593137,0.19428050370709493,-0.4005080461502075,0.2613489031791687,-0.09356310077742035,0.12528455544166314,81.0,0.04970542205342282,152.6859714435861,1888.3965602884325,0.007589493808918853,1.0935631007774202,0.5212203201593137,0.10842492318114627,0.09552695964127059,0.103265737765196,0.0
503,77.58988014823152,12.951652892561981,34.05134669000003,43.965313700000024,38.94348834500002,2.1439050910196915,0.018020370975136757,0.8336380124092102,0.4483915919883578,0.2229362011438552,-0.41809290647506714,0.27106228470802307,-0.06753536448759191,0.14147799108135353,60.0,0.1303306491851146,540.4751090077175,2007.2529582465152,0.008067179436727603,1.067535364487592,0.4483915919883578,0.28429676365803797,0.10153946282498447,0.21119384332481655,0.0
504,77.59448938660236,12.951652892561981,36.428579600000035,41.400089690000016,38.93881858687502,1.1063220448138003,0.00592557480558753,0.7889677286148071,0.29412588266225964,0.19906732680194472,-0.3871876895427704,0.3123456835746765,0.005066454227154071,0.10877373433342497,345.0,0.2893260891622967,208.66465483583633,9058.398659524215,0.0364058386839453,0.9949335457728459,0.29412588266225964,0.6311214691630062,0.4582307028936446,0.5619651626552615,500.0469023951194
505,77.59909862497321,12.951652892561981,38.25209326999999,45.16503872000001,40.43322356562502,1.2758099325453547,-0.00519267562776804,0.7734693884849548,0.22469592524509804,0.16867555639535364,-0.3877207636833191,0.2709646224975586,0.045420262953814336,0.09275638802673632,835.0,0.2521754125119465,75.14440570704106,11156.370127821447,0.0448376171592769,0.9545797370461857,0.22469592524509804,0.5500828400651078,0.5643592777889282,0.555793415154636,707.139946965887
506,77.60370786334406,12.951652892561981,36.71398427,42.78951482000002,39.642925820000016,1.4679594707630705,-0.007836456410586834,0.8017731308937073,0.2809481751685049,0.22469644818103954,-0.38999152183532715,0.27447134256362915,0.01522050745346967,0.11886969659295778,616.0,0.18502992860005837,74.73803215559373,9984.999590397849,0.04012986158045479,0.9847794925465303,0.2809481751685049,0.40361503767359735,0.5051039982536031,0.4442106219055997,499.9999999999634
507,77.6083171017149,12.951652892561981,37.24206836000002,46.315202450000015,41.59354082562502,1.6072841236509796,0.016353724524378777,0.8342180252075195,0.22279598460477942,0.16295877504723955,-0.32351207733154297,0.2634553015232086,0.07385566861021753,0.09058570754683819,632.0,0.21473999688592144,84.5427273088407,9608.308284245548,0.03861593362907165,0.9261443313897825,0.22279598460477942,0.46842309559812484,0.48604858587002403,0.4754732917068845,499.9999999999634
508,77.61292634008575,12.951652892561981,38.546042990000046,43.79441270000001,41.44876505937502,0.9555435842253983,0.0023419202771037817,0.8002830147743225,0.14310726459209736,0.14485868419776707,-0.30778267979621887,0.29329419136047363,0.09981353759765625,0.07675845051124262,1194.0,0.3356407965056825,69.94405484289575,18716.580663889923,0.07522221553455188,0.9001864624023438,0.14310726459209736,0.7321500567578695,0.9468022148001103,0.8180109199747658,499.9999999999634
509,77.6175355784566,12.951652892561981,39.89103386000002,42.98263295000004,41.17695707187502,0.605228189004358,-0.03131672739982605,0.7122375965118408,0.12793111165364585,0.10830221486891506,-0.30040833353996277,0.38499775528907776,0.10145462335324755,0.06639977177987116,521.0,0.24125950539551522,115.21979534898087,18227.568415982623,0.0732568680508586,0.8985453766467525,0.12793111165364585,0.5262714259043043,0.922064903658857,0.6845888170061254,707.139946965887
510,77.62214481682744,12.951652892561981,38.20253198000003,43.51413506000003,40.57292885000002,1.1220296745286904,-0.005976095795631409,0.7664394378662109,0.18854477826286764,0.14136535201809547,-0.28512001037597656,0.3302392065525055,0.06323495902267157,0.07953013452431307,550.0,0.3247326857864631,146.9074108573489,13845.131642424105,0.05564378960094842,0.9367650409773285,0.18854477826286764,0.7083556492682471,0.7003737241672984,0.7051628792278677,499.9999999999634
511,77.62675405519829,12.951652892561981,36.91735646000001,42.234086570000045,39.717977748125016,1.3688731076932723,0.0004442470089998096,0.7824798822402954,0.34217519906850963,0.17585519506635958,-0.3995823264122009,0.3397676348686218,0.05696690486027644,0.1048718657623008,351.0,0.10412526293274336,73.81240980550103,6712.862528952803,0.026979094155853048,0.9430330951397236,0.34217519906850963,0.22713364394261126,0.3395787523478259,0.27211168730469715,499.9999999999634
512,77.63136329356914,12.951652892561981,36.43028860999999,43.70896220000003,40.38833692062502,1.4779328782132082,0.06559263169765472,0.8086912035942078,0.4142056334252451,0.13051541859787164,-0.35715600848197937,0.3210556209087372,0.054933818742340684,0.08655467353689487,2.0,0.005783922113622147,719.5696379318995,0.0,0.0,0.9450661812576593,0.4142056334252451,0.012616758593885223,0.0,0.007570055156331133,0.0
513,77.63597253193998,12.951652892561981,37.79578760000001,47.675574410000024,42.338882811875024,2.4945314538860486,-0.19199058413505554,0.8033228516578674,0.3347842706418505,0.18426570922942612,-0.38315826654434204,0.38203126192092896,0.04386369293811274,0.11567022319486213,25.0,0.038450315843631296,382.6839892578322,68.28860569816393,0.00027445292004066915,0.9561363070618872,0.3347842706418505,0.08387359707268496,0.003454466618754466,0.051705944891112764,500.0469023951194
514,77.64058177031083,12.951652892561981,37.56507125000002,43.196259200000014,40.15947304531252,1.1253853084407819,-0.22905568778514862,0.778984546661377,0.23364741398737982,0.18173574262460826,-0.31210649013519287,0.3740949332714081,0.05185916020320012,0.09824398047788056,107.0,0.26347720902931954,612.6884118899595,4759.304189993104,0.019127714191132166,0.9481408397967999,0.23364741398737982,0.5747360140767495,0.24075550063942053,0.4411438087018179,500.0469023951194
515,77.64519100868168,12.951652892561981,34.005203420000015,41.451359990000014,36.69583860500002,2.2326830968749958,-0.05302557721734047,0.7975016236305237,0.4586828852634804,0.24541549411196806,-0.4415811002254486,0.3466944396495819,-0.06285260368795956,0.11348898820704054,14.0,0.12494560173267498,2220.6152956366855,2022.236424106387,0.008127398208446967,1.0628526036879595,0.4586828852634804,0.27255009031262195,0.10229742064411103,0.20444902244521757,0.0
516,77.64980024705253,12.951652892561981,33.67194647000002,47.59183292,38.080614222500024,3.3448036658755593,-0.00019642506958916783,0.7870233058929443,0.41642415364583335,0.22817343607571752,-0.42289498448371887,0.4300704896450043,-0.008719976088579964,0.13811544803874737,34.0,0.07105709833201977,520.006702503027,1196.4599681726459,0.004808590373453439,1.0087199760885799,0.41642415364583335,0.1550004025686341,0.06052446053733915,0.11721002575611612,0.0
517,77.65440948542337,12.951652892561981,39.58683008000003,47.58157886000001,44.265854418125016,2.3282722807717335,0.005826147738844156,0.7684164047241211,0.19500622089092548,0.11160007636649229,-0.315798282623291,0.4112103283405304,0.13415865384615386,0.08634460002548475,272.0,0.14489443002316127,132.54494719046107,5847.262294354121,0.023500233963223812,0.8658413461538461,0.19500622089092548,0.31606546721909184,0.2957912553703092,0.3079557824795788,500.0469023951194
518,77.65901872379422,12.951652892561981,39.85685366000001,46.677512570000005,44.23580223125002,1.9011297426791647,-0.0048458147794008255,0.5698735117912292,0.1759448122510723,0.10631143358999015,-0.1624022275209427,0.38858115673065186,0.1458054007735907,0.07717868207103516,197.0,0.11688136639695715,147.62484123665914,4337.573235779576,0.017432771225580408,0.8541945992264093,0.1759448122510723,0.25495917043570926,0.219421699948491,0.24074418224082197,499.9999999999634
519,77.66362796216507,12.951652892561981,42.75875264000001,47.11160111000004,45.16773418062502,0.9432962661488656,-0.03887762129306793,0.6978667974472046,0.1357061767578125,0.10913843972195073,-0.2699427902698517,0.3671931028366089,0.16995070513556984,0.07266916191749676,0.0,0.0,0.0,0.0,0.0,0.8300492948644301,0.1357061767578125,0.0,0.0,0.0,707.139946965887
520,77.66823720053591,12.951652892561981,43.44919268000001,47.67728342000001,45.884349719375024,0.6901518418670726,-0.011464010924100876,0.6271721720695496,0.1496563720703125,0.11961986962652912,-0.09151610732078552,0.33346205949783325,0.16751179621769832,0.062463390331939296,0.0,0.0,0.0,0.0,0.0,0.8324882037823017,0.1496563720703125,0.0,0.0,0.0,999.9999999999268
521,77.67284643890676,12.951652892561981,44.16355886000002,48.69414437000003,46.83021135687502,0.9083177359636623,-0.005817711818963289,0.6300386786460876,0.17079754997702207,0.11188202604221682,-0.16664019227027893,0.3434150218963623,0.17174874100030638,0.07097684865779469,1.0,0.021855813996706497,5438.102331038559,0.0,0.0,0.8282512589996937,0.17079754997702207,0.047675180206847065,0.0,0.028605108124108238,707.139946965887
522,77.6774556772776,12.951652892561981,44.37034907000003,47.43631301000002,46.23795142812502,0.5689026307999384,-0.02371312864124775,0.5925172567367554,0.19356076708026962,0.09305037016447662,-0.1745082587003708,0.34656980633735657,0.18238350662530636,0.07969600640811436,2.0,0.014532533879197103,1807.9721573460436,0.0,0.0,0.8176164933746937,0.19356076708026962,0.03170054300687396,0.0,0.019020325804124372,499.9999999999634
523,77.68206491564845,12.951652892561981,44.37718511000003,47.779824020000035,46.53040576437502,0.5812928308647837,-0.043519847095012665,0.5326251983642578,0.15525555778952205,0.08854606561803531,-0.2098436951637268,0.38879913091659546,0.21102864583333333,0.06913709654140637,0.0,0.0,0.0,0.0,0.0,0.7889713541666666,0.15525555778952205,0.0,0.0,0.0,499.9999999999634
524,77.6866741540193,12.951652892561981,43.10397266000001,48.448046930000004,45.665137771250016,1.2154988192994833,-0.0028205683920532465,0.7496135830879211,0.21855811485877405,0.11405271153965313,-0.22876526415348053,0.402686208486557,0.13834885817307693,0.07257532266299423,9.0,0.028031551762033435,774.9702309199606,0.0,0.0,0.861651141826923,0.21855811485877405,0.061146625878765806,0.0,0.036687975527259484,499.9999999999634
525,77.69128339239015,12.951652892561981,39.55435889,45.41797220000001,43.08871723250002,1.1799362556109174,-0.011811023578047752,0.6337448358535767,0.1903442143458946,0.11575038373501305,-0.22087912261486053,0.32019928097724915,0.08650139902152267,0.06467963783307054,153.0,0.13095319658886517,212.96344470039222,3853.0535468543326,0.015485479403127734,0.9134986009784773,0.1903442143458946,0.28565475744704005,0.19491165065974778,0.24935751473212314,707.139946965887
526,77.695892630761,12.951652892561981,39.867107720000035,44.228501240000014,41.821536582500016,0.9142181649263731,-0.024676568806171417,0.5802469253540039,0.11510916915594363,0.09544783395161963,-0.19272392988204956,0.30726006627082825,0.09182217467064951,0.057164266425420746,787.0,0.3848272176528789,121.66661857650229,13486.063349452019,0.054200688801149005,0.9081778253293504,0.11510916915594363,0.839442857304023,0.6822097944861485,0.7765496321768732,1118.0549649256102
527,77.70050186913184,12.951652892561981,0.0,43.95335063000002,17.55393031595589,20.989281028108174,-0.037818823009729385,0.5741391181945801,0.043718167818509616,0.08086533672463711,-0.16570022702217102,0.3544681966304779,0.03599499042217548,0.06577197198780983,82.0,0.15234034861704723,462.2548562662365,1954.514375610217,0.007855222290211615,0.9640050095778245,0.043718167818509616,0.3323076218614456,0.09887161404736014,0.2389332187358114,1414.279893931774
528,77.50230461918542,12.956144448436936,40.017500600000005,51.43197839000001,42.43689106117648,3.035970614749606,-0.015002586878836155,0.7031484246253967,0.25788976332720587,0.1387202331171744,-0.29411765933036804,0.3911152482032776,0.06809396781173407,0.10082149404154771,109.0,0.15986730281826778,364.9333380216683,8835.646175718139,0.035510593144783074,0.931906032188266,0.25788976332720587,0.3487265435271383,0.4469624830832433,0.3880209193495803,1414.2671418350867
529,77.50691385755627,12.956144448436936,39.321933530000024,50.57576438000001,43.73320668500002,3.12363087699964,0.021616540849208832,0.765613317489624,0.26554720365084133,0.11903906544463473,-0.2778678238391876,0.37017932534217834,0.096998537503756,0.107662515926301,225.0,0.12673645288381624,140.1520386614844,4167.472819313786,0.016749135126675183,0.903001462496244,0.26554720365084133,0.2764565634994438,0.21081695242861154,0.2502007190711109,1118.0509322559892
530,77.51152309592712,12.956144448436936,37.28992064000005,45.761483209999994,39.75637096823531,1.704087315428899,0.023569023236632347,0.7575492262840271,0.2955941712622549,0.1500409340530008,-0.3158268332481384,0.36099231243133545,0.019584549548579196,0.09470782666531756,405.0,0.1936460127847772,118.9690313722414,9273.178623932443,0.03726904254929606,0.9804154504514208,0.2955941712622549,0.4224097330459928,0.4690956225949623,0.4410840888655806,999.9999999999268
531,77.51613233429796,12.956144448436936,36.717402290000024,41.53510148000001,38.974903970000014,1.1905562262891018,0.02169349230825901,0.8009132146835327,0.29446516448376225,0.1817579406041358,-0.3850746154785156,0.4038531482219696,-0.011909101897594976,0.0950568345412293,465.0,0.3112114958762613,166.5263901640858,9615.94681317743,0.03864663299024233,1.011909101897595,0.29446516448376225,0.6788612014441114,0.48643499064343837,0.6018907171238422,1118.0509322559892
532,77.52074157266881,12.956144448436936,38.54775200000003,42.2392136,40.023615189411785,0.8288687861631188,0.015893198549747467,0.7410609722137451,0.22590806227463942,0.14219695626295195,-0.2928459048271179,0.2902374565601349,0.021069195087139423,0.07843202772395058,443.0,0.25089117016260326,140.91656249759987,14383.91625537412,0.0578091729586158,0.9789308049128606,0.22590806227463942,0.5472814579960882,0.7276288341685327,0.6194204084650661,1414.2671418350867
533,77.52535081103966,12.956144448436936,38.735743100000036,41.533392470000024,40.152796239411785,0.6174178263158488,0.004341533873230219,0.7370942234992981,0.18849499272365197,0.1480298030529708,-0.30264872312545776,0.25764191150665283,0.03968066346411612,0.080753198121764,563.0,0.29133809528426613,128.75653221627854,18526.655729285034,0.07445890440295198,0.9603193365358839,0.18849499272365197,0.6355103587489364,0.9371946186286255,0.7561840627008121,1802.8702072161348
534,77.5299600494105,12.956144448436936,38.27943743000003,41.02239848000002,39.44300121764707,0.550173831855833,0.0016353229293599725,0.8035563230514526,0.24417528339460784,0.17264145968368236,-0.33941203355789185,0.25511524081230164,0.008944730571672029,0.09058392878345789,620.0,0.3279840816422803,131.6259341417967,16149.70984294299,0.06490592360014186,0.991055269428328,0.24417528339460784,0.7154480816696778,0.8169537653412211,0.7560503551382951,2236.2035224679307
535,77.53456928778135,12.956144448436936,37.99915978999999,41.15911928,39.38434491941178,0.760799696718419,0.010493985377252102,0.7810923457145691,0.24074242225060097,0.1779264909725155,-0.3478480875492096,0.21008403599262238,0.009821720123291015,0.09201823960941166,717.0,0.328312257247616,113.9326846603487,16714.53095556989,0.06717594803652072,0.990178279876709,0.24074242225060097,0.716163947531559,0.8455259650396819,0.7679087545348082,2549.695506911715
536,77.5391785261522,12.956144448436936,38.19227791999998,42.50069213000003,40.441139933529435,0.7673722534024138,0.021946564316749573,0.7490900158882141,0.17678667853860294,0.13619144219525137,-0.28584474325180054,0.24483613669872284,0.04934644512101716,0.07376752478270075,718.0,0.23663094317153419,82.00257313064367,20425.501941513758,0.08209039551814325,0.9506535548789828,0.17678667853860294,0.5161749116239324,1.0,0.7097049469743595,2061.699831182534
537,77.54378776452305,12.956144448436936,40.40373686000004,43.44064763,41.737971020000025,0.7474868248183805,-0.009183180518448353,0.7322873473167419,0.1526180970435049,0.12357831731782255,-0.26021045446395874,0.4333333373069763,0.07976629518995099,0.07687005237416196,86.0,0.10578896122800603,306.0710765665966,10474.060663129538,0.04209540529184211,0.9202337048100491,0.1526180970435049,0.23076275224525442,0.5298437792611584,0.35039516305161605,1581.2466550376191
538,77.54839700289389,12.956144448436936,40.15422140000001,44.92748633000002,42.11777927352943,1.0431248535757338,-0.005388414952903986,0.7366659045219421,0.17637896369485295,0.15855144143872094,-0.3072400391101837,0.35067474842071533,0.07492808622472426,0.09492854126596474,155.0,0.15400834683766476,247.22532162705127,10382.187168284167,0.04172616435220272,0.9250719137752758,0.17637896369485295,0.33594610980632944,0.5251962408051173,0.4116461622058446,1118.1017612339654
539,77.55300624126474,12.956144448436936,38.55117002,43.710671210000015,41.51930710000002,1.0173041339551998,-0.021446531638503075,0.7746285796165466,0.1835994896521935,0.1630772303095042,-0.3405030369758606,0.32963475584983826,0.07142325768103966,0.09843613641766305,253.0,0.1041533239320584,102.43137510223983,15626.778734779311,0.06280425571355498,0.9285767423189604,0.1835994896521935,0.22719485480391022,0.7905006251930063,0.4525171629595487,707.1335709175434
540,77.55761547963559,12.956144448436936,38.31019961000004,44.483143729999995,41.17473691117649,1.2834593659628282,0.005611672066152096,0.7731788158416748,0.153149964575674,0.14404490052646773,-0.34212779998779297,0.2848575711250305,0.07617751177619485,0.08616712149033255,213.0,0.2633050567273556,307.58134093593645,16310.917374986271,0.06555381906453875,0.9238224882238052,0.153149964575674,0.5743604896501419,0.8251086549079629,0.6746597557532703,499.9999999999634
541,77.56222471800643,12.956144448436936,38.269183370000036,42.99459602000002,40.13704851058825,0.7559034558550272,-0.0154359620064497,0.7476420998573303,0.170428466796875,0.15527203423412342,-0.310391366481781,0.26891595125198364,0.05686384612438725,0.08755044698957956,470.0,0.3864926223268804,204.60853221079785,13064.982977915883,0.05250836053703554,0.9431361538756128,0.170428466796875,0.8430756878159551,0.6609089043535591,0.7702089744309968,707.1335709175434
542,77.56683395637728,12.956144448436936,38.086319300000014,41.20868057000001,39.58884659352943,0.5283935854280178,-0.039131082594394684,0.7638924717903137,0.20591031588040865,0.16882160878567767,-0.32123908400535583,0.36983728408813477,0.03992922562819261,0.09623796653524257,598.0,0.375017886333249,156.03829183420996,13171.64322097439,0.0529370296372518,0.9600707743718074,0.20591031588040865,0.8180452722750464,0.6663044494145085,0.7573489431308313,1118.1017612339654
543,77.57144319474813,12.956144448436936,36.53112020000003,42.25288568000002,39.34476566705884,1.136404809279007,-0.06951193511486053,0.8410710692405701,0.3238147451363358,0.21659664851753682,-0.3924131393432617,0.31037360429763794,-0.020152902042164522,0.12687604945017483,201.0,0.26726699483915484,330.8488753568251,7519.7851137794605,0.030222128002982764,1.0201529020421645,0.3238147451363358,0.5830028634128792,0.38039796522681585,0.5019609041384538,1581.1508109975794
544,77.57605243311897,12.956144448436936,38.97500450000004,43.76194151000004,41.78422073352943,1.0588199084744332,-0.001484230044297874,0.7481769323348999,0.19108379289215685,0.16921874997879277,-0.33662667870521545,0.3276740312576294,0.061478403128829656,0.10388439019188137,206.0,0.2705060356163408,326.7308397431361,12552.05494134338,0.05044689514366853,0.9385215968711703,0.19108379289215685,0.5900683450633424,0.6349617823989133,0.6080257199975707,1118.1017612339654
545,77.58066167148982,12.956144448436936,39.96281228000004,43.33810703,42.11873135176472,0.6147620358604102,-0.01138290110975504,0.7589017748832703,0.14126014122596153,0.14829901846977936,-0.34912800788879395,0.3257142901420593,0.08842726487379808,0.09723611843951714,454.0,0.32432415752826654,177.74763682003913,13986.79063246262,0.05621311918483137,0.911572735126202,0.14126014122596153,0.7074645061457788,0.7075397256888037,0.7074945939629887,707.1335709175434
546,77.58527090986067,12.956144448436936,37.966688600000026,43.80295775000002,41.93622800705885,1.147314581577171,-0.019052045419812202,0.7625383734703064,0.1408059991574755,0.13276191968489587,-0.33566027879714966,0.43119916319847107,0.0928290034275429,0.08972277428553563,422.0,0.30807443575446,181.64506380697426,9742.364770740514,0.03915470863835442,0.9071709965724571,0.1408059991574755,0.672018175297882,0.4928300050085439,0.6003429071821468,499.9999999999634
547,77.58988014823152,12.956144448436936,38.61098537000004,44.030256080000015,41.48348228176472,1.0138381118363418,-0.02381354570388794,0.7310924530029297,0.11334326650582108,0.11209456963530084,-0.2709559500217438,0.31756356358528137,0.10659871419270833,0.0732128184971013,620.0,0.339057181048913,136.06976887287567,14232.582369612508,0.057200959825198544,0.8934012858072917,0.11334326650582108,0.7396023872351944,0.7199734156502433,0.731750798601214,499.9999999999634
548,77.59448938660236,12.956144448436936,38.790431420000004,44.31053372000002,41.18385524500002,1.0628686641739014,-0.01812450774013996,0.7489239573478699,0.21762906588040865,0.1641515441262728,-0.2994818687438965,0.3342784345149994,0.045190541194035455,0.0986536913924924,236.0,0.3012101379269636,317.5689050682587,5964.347432306104,0.02397080087077381,0.9548094588059646,0.21762906588040865,0.6570447391234767,0.3017141570970648,0.514912506312912,707.1335709175434
549,77.59909862497321,12.956144448436936,37.04895023000003,46.11183026000003,40.3329046047059,2.006912957413715,-0.018787361681461334,0.7863529324531555,0.2516616402420343,0.19314984947286304,-0.36890384554862976,0.35820895433425903,0.03627835741230086,0.11905628054672746,453.0,0.30080547889251114,165.2220209056587,8530.411829716677,0.03428385177701991,0.9637216425876991,0.2516616402420343,0.6561620361322837,0.4315218125880812,0.5663059467146028,500.03788568330793
550,77.60370786334406,12.956144448436936,35.133150020000016,39.46378136000001,37.64396364588237,0.954937837343733,0.001649917452596128,0.8431928753852844,0.4158686140471814,0.2085458739595435,-0.4101054072380066,0.2638920247554779,-0.06359595803653492,0.12194131686148804,246.0,0.1660306011886421,167.93198559448982,6418.569601246767,0.025796326510643817,1.0635959580365348,0.4158686140471814,0.36217085452468073,0.32469156751658906,0.3471791397214441,0.0
551,77.6083171017149,12.956144448436936,36.103867699999995,43.69699913000002,39.11197958176472,1.6329386696033938,0.040697675198316574,0.851446807384491,0.47463905484068625,0.19963101966160787,-0.4252989590167999,0.24985994398593903,-0.06484827976600796,0.12703154703516378,19.0,0.04949369455469248,648.1516970848429,148.8245648773838,0.000598128135532839,1.064848279766008,0.47463905484068625,0.1079630713984474,0.007528481306119324,0.06778923536151615,0.0
552,77.61292634008575,12.956144448436936,37.534309070000006,41.84443229000004,39.84574805176472,1.0621111312512175,0.013238289393484592,0.8557648062705994,0.30161933312049277,0.22003182787074863,-0.4261838495731354,0.3048214614391327,0.013068774296687199,0.1291572883784416,671.0,0.224674478423814,83.31277718075557,10739.616157161912,0.04316267676451163,0.9869312257033128,0.30161933312049277,0.490093677057685,0.5432772441881829,0.5113671039098842,500.03788568330793
553,77.6175355784566,12.956144448436936,38.08973732000004,42.88009235000001,40.61794854941178,0.8916586944091782,-0.0032284099142998457,0.8289703130722046,0.1874292470894608,0.15969768146643773,-0.41447052359580994,0.339013010263443,0.06744380576937806,0.09327195382914788,578.0,0.28811999778607905,124.02977447289491,19458.8880273701,0.0782055598478815,0.932556194230622,0.1874292470894608,0.628490561720448,0.9843527839145542,0.7708354505980906,500.03788568330793
554,77.62214481682744,12.956144448436936,35.80137293000004,42.548544410000005,38.12605230411767,1.5722668443289634,-0.007017140276730061,0.8364266753196716,0.4251144588694853,0.23747027493030856,-0.40863579511642456,0.285844087600708,-0.06277014638863358,0.14396316786186095,324.0,0.15497314944589688,119.01229731731743,7913.703234012713,0.031805290775888145,1.0627701463886337,0.4251144588694853,0.33805068199103205,0.4003248180737303,0.3629603364241114,0.0
555,77.62675405519829,12.956144448436936,36.55504634000002,44.07469034000002,39.69129849058826,1.6096049402652601,-0.12133891135454178,0.8316666483879089,0.4122875037560096,0.19080280892196066,-0.4317343235015869,0.39922311902046204,-0.007854937039888822,0.13156525848439188,22.0,0.04335191129106915,490.3045891472382,0.0,0.0,1.0078549370398888,0.4122875037560096,0.094565692379356,0.0,0.0567394154276136,0.0
556,77.63136329356914,12.956144448436936,37.29504767,44.17552193,40.806613791764725,1.6229010101647963,0.046810049563646317,0.7795344591140747,0.36726146024816175,0.13316601693816504,-0.2985101342201233,0.3381628394126892,0.06325589647480086,0.09794145554924194,33.0,0.0733522872635002,553.0700108124911,0.0,0.0,0.9367441035251991,0.36726146024816175,0.1600070129805629,0.0,0.09600420778833775,499.9999999999634
557,77.63597253193998,12.956144448436936,37.95814355000002,41.54877356000003,39.810379232352965,0.7322166793045729,-0.002934190211817622,0.8092837929725647,0.32468067842371323,0.1821735105564867,-0.4013444185256958,0.31516528129577637,0.026316917269837623,0.10162769396526806,360.0,0.2457688354601977,169.86531176226865,5987.503695759413,0.02406386623734583,0.9736830827301624,0.32468067842371323,0.5361078531121076,0.3028855463544192,0.4428189304090323,707.1335709175434
558,77.64058177031083,12.956144448436936,37.38220718000002,41.71796555000003,39.955864540000015,0.8861668388320483,-0.029936404898762703,0.7941681146621704,0.2239990469125601,0.17595233504249153,-0.3782963156700134,0.3295869529247284,0.03911467038668119,0.09863326135232889,357.0,0.3278616079244912,228.50869916247623,9626.366048314752,0.038688508050932074,0.9608853296133189,0.2239990469125601,0.7151809236234444,0.48696206100322753,0.6238933785753576,707.1335709175434
559,77.64519100868168,12.956144448436936,33.988113320000025,45.66919667000002,38.87801670411767,2.8682722443311928,-0.03316535800695419,0.819305956363678,0.3635259172028186,0.23451615433259324,-0.3861115276813507,0.37833172082901,-0.006623241948146446,0.12166407545033098,119.0,0.13659370006879365,285.60387641084844,2688.9592416259466,0.01080696710951336,1.0066232419481465,0.3635259172028186,0.2979586698020528,0.13602444865319469,0.23318498134250956,499.9999999999634
560,77.64980024705253,12.956144448436936,35.03060942000002,42.01533329000003,39.27022562882355,1.2215597786444854,0.009621392004191875,0.805584728717804,0.2784733551623775,0.18568880004673957,-0.36859384179115295,0.28897029161453247,0.0033087547152650123,0.10005621350892481,331.0,0.316608309902256,237.99876602318724,5958.789542022087,0.02394846362721584,0.996691245284735,0.2784733551623775,0.6906335418049377,0.30143300409561535,0.5349533267212088,499.9999999999634
561,77.65440948542337,12.956144448436936,38.56142408000002,42.29561093000001,39.98470416588237,0.6774136940721714,-0.026661023497581482,0.8188539743423462,0.1930005587064303,0.1821169059847221,-0.36784836649894714,0.2840663194656372,0.05494226308969351,0.10005317503321284,617.0,0.39786276370963575,160.44586195074876,12854.426269916574,0.05166213000188618,0.9450577369103065,0.1930005587064303,0.8678779459007776,0.6502576234890267,0.7808298169360772,707.1335709175434
562,77.65901872379422,12.956144448436936,39.32706056000001,42.44258579000001,40.493859048235315,0.5953551472725159,-0.012700534425675869,0.6395701169967651,0.1316556085324755,0.09861423910877837,-0.19656391441822052,0.23618090152740479,0.08147432813457414,0.0586350045714305,839.0,0.44581928837937396,132.21395085739732,16748.601070696852,0.06731287633498453,0.9185256718654259,0.1316556085324755,0.972487911746406,0.8472494454680775,0.9223925252350746,707.1335709175434
563,77.66362796216507,12.956144448436936,39.37662185000002,44.703606019999995,41.449154243529435,1.266675301583533,-0.006882989313453436,0.8059270977973938,0.2841296865425858,0.20613295808335635,-0.3879280984401703,0.3097890615463257,0.016539665670955883,0.11562482310647938,258.0,0.36504470682974227,352.0519378624233,5437.347622196034,0.021852780810664784,0.9834603343290441,0.2841296865425858,0.7962902770075827,0.27505519644758525,0.5877962447835837,499.9999999999634
564,77.66823720053591,12.956144448436936,39.75944009000003,48.272018900000035,44.23629527176472,1.7665455555993221,-0.024059223011136055,0.8373391628265381,0.27748802771935094,0.21713418104024562,-0.3719383180141449,0.3145996332168579,0.06448777418870193,0.1438283587082104,39.0,0.4043103693844776,2579.471076448293,1404.0631768859462,0.005642950751127832,0.9355122258112981,0.27748802771935094,0.8819424306414099,0.07102633485611286,0.557575992327291,499.9999999999634
565,77.67284643890676,12.956144448436936,38.12220851000001,45.68628677000001,42.006190973529435,2.099983150169629,-0.020154517143964767,0.8310932517051697,0.3434759162454044,0.24111044296095654,-0.3993082344532013,0.30363261699676514,0.010149607938878676,0.15046684582659406,65.0,0.3115529803290906,1192.6113635377963,1066.433167250563,0.004286010730308493,0.9898503920611214,0.3434759162454044,0.6796060985606832,0.053946888206837684,0.429342414419145,500.03788568330793
566,77.6774556772776,12.956144448436936,36.847287050000006,46.15797352999999,40.016241018235306,2.3359084129206664,0.017592592164874077,0.8218352198600769,0.4323855890012255,0.20483671037146498,-0.39083006978034973,0.30902230739593506,-0.04519779878504136,0.14608298458457705,42.0,0.1837825547336995,1088.7680890814238,1363.42587233956,0.0054796288208978595,1.0451977987850414,0.4323855890012255,0.4008940786705178,0.0689706447362687,0.26812470509681813,0.0
567,77.68206491564845,12.956144448436936,36.544792280000024,44.182357970000055,39.54591437000002,1.7846836104774455,-0.0011217748979106545,0.8492871522903442,0.45421875,0.20100415952020734,-0.3975985050201416,0.2879472076892853,-0.03776736091164982,0.1389264609474553,22.0,0.06500750799064053,735.2266266378666,8239.437753810098,0.03311442264646083,1.0377673609116498,0.45421875,0.1418041285819357,0.4168025161276289,0.251803483600213,0.0
568,77.6866741540193,12.956144448436936,36.24571553000001,45.766610240000006,38.88006508500001,2.3780374066759817,0.0332927331328392,0.875102698802948,0.5074556790865384,0.20953144656310563,-0.42107728123664856,0.29434484243392944,-0.0853959479698768,0.14908654247865805,31.0,0.12736098625869252,1022.2452690740522,9200.75659034785,0.03697797732121938,1.0853959479698767,0.5074556790865384,0.2778188893865923,0.46543206123033165,0.3528641581240881,0.0
569,77.69128339239015,12.956144448436936,37.53601808000002,48.846246260000015,41.28215617294119,2.273031270191475,-0.011369019746780396,0.8364630341529846,0.2991223383884804,0.21062675056826516,-0.3797931671142578,0.3350253701210022,0.022763457952761183,0.13547039661782762,251.0,0.23222114183184453,230.20164585007853,8426.170202419864,0.03386490312945409,0.9772365420472389,0.2991223383884804,0.5065555914019639,0.42624861630445626,0.47443280136296084,499.9999999999634
570,77.695892630761,12.956144448436936,39.132233420000034,42.21357845,40.97964957588237,0.7046253474769145,-0.02216114103794098,0.8063462376594543,0.16810800589767158,0.15195764285549324,-0.3259889781475067,0.28954845666885376,0.07776928471583947,0.08232470760668938,619.0,0.3019905653643809,121.39005712748718,14172.36629090296,0.05695895051096124,0.9222307152841606,0.16810800589767158,0.6587471245264108,0.7169273081526931,0.6820191979769238,707.1335709175434
571,77.70050186913184,12.956144448436936,0.0,43.44577466000004,17.225725737647068,20.596585906854223,-0.026345083490014076,0.7602976560592651,0.05750632652869592,0.11460384623946555,-0.2497865855693817,0.2899099886417389,0.03324762197641226,0.06368231997633199,222.0,0.1474332750679957,165.24294566739206,2240.7615933344673,0.009005654107566029,0.9667523780235877,0.05750632652869592,0.321603576897733,0.1133517963300444,0.23830286467065756,1118.1017612339654
572,77.50230461918542,12.96063600431189,40.44646211000003,43.50046298000004,42.10501787705884,0.6495732091719448,-0.011280039325356483,0.6746158003807068,0.16716604195389093,0.1128507618027023,-0.15216650068759918,0.3493461310863495,0.08655759325214461,0.05768949890449207,311.0,0.23317244719115945,186.55084964428647,12746.56454350649,0.051228632122244,0.9134424067478554,0.16716604195389093,0.5086307213625278,0.6448012998532541,0.5630989527588184,1802.807662211068
573,77.50691385755627,12.96063600431189,39.34756868000002,42.57076154000001,40.57806146500001,0.4960656078220877,-0.01188095472753048,0.7242346405982971,0.2498462853064904,0.1563774381752356,-0.27031680941581726,0.2424411028623581,0.02161228033212515,0.07707016210328467,500.0,0.2756840258018292,137.18985196057574,12978.911185103036,0.05216243672399075,0.9783877196678749,0.2498462853064904,0.6013633540362248,0.6565548524286664,0.6234399533932014,1581.1479585198492
574,77.51152309592712,12.96063600431189,37.60608749000002,42.90914552000001,40.35020759176473,1.1502480191885711,-0.014320642687380314,0.7392986416816711,0.2144403195848652,0.15132838683355415,-0.34713712334632874,0.4090777635574341,0.035306964949065565,0.0867714407201407,555.0,0.29386662017109033,131.74606866189797,13624.37106587421,0.05475654956661851,0.9646930350509344,0.2144403195848652,0.6410259565507389,0.6892062675377203,0.6602980809455314,1499.9999999998902
575,77.51613233429796,12.96063600431189,37.992323750000025,43.232148410000036,40.80685624647061,1.088414334446295,-0.010526316240429878,0.6925271153450012,0.21398217294730393,0.13227580341551595,-0.29676222801208496,0.44070905447006226,0.04886806114047181,0.08869048139629564,474.0,0.2064177318224222,108.35502322959232,14129.734360514249,0.056787612149860875,0.9511319388595282,0.21398217294730393,0.45026932257044155,0.7147707173288621,0.5560698804738098,1581.1479585198492
576,77.52074157266881,12.96063600431189,38.834865680000036,43.365451190000044,40.82087131117649,0.8942061118678919,-0.008971177972853184,0.7822796106338501,0.17682273277869592,0.1287497122980197,-0.2944220006465912,0.32434016466140747,0.05197311401367188,0.08332805517941122,570.0,0.2733256975097645,119.31251464910503,15856.656326799512,0.06372813716840152,0.9480268859863281,0.17682273277869592,0.5962190145790883,0.8021292777319582,0.6785831198402363,1802.807662211068
577,77.52535081103966,12.96063600431189,38.55629705000001,41.43768791000002,40.1723581947059,0.6372075838093016,-0.010845987126231194,0.8163947463035583,0.23249832452512256,0.18597696511605513,-0.403402179479599,0.34756234288215637,0.02019112231684666,0.1051898938671115,485.0,0.29128442832674234,149.43623582666936,15162.76532696019,0.060939378939282175,0.9798088776831534,0.23249832452512256,0.6353932923302943,0.7670279124091114,0.6880471403618211,2121.381578261209
578,77.5299600494105,12.96063600431189,36.60802565000003,41.44794197000002,39.39627842176473,0.9646739697464822,0.003203074913471937,0.7814891934394836,0.24947524126838236,0.1758789948352591,-0.32466280460357666,0.2860203683376312,0.014824888939950981,0.09760799523108703,699.0,0.3227807927776298,114.89758430375991,13551.088644081354,0.05446202642556042,0.9851751110600491,0.24947524126838236,0.7040978874226057,0.6854991823331427,0.6966584053868206,2500.0923718352356
579,77.53456928778135,12.96063600431189,38.407613180000055,41.31634820000002,39.378389995294135,0.6189075515128449,0.0024749250151216984,0.7876356840133667,0.23180450439453126,0.17948336370327372,-0.3550265431404114,0.40789473056793213,0.02101948958176833,0.09921161147849555,570.0,0.354639913388628,154.80790956300916,12750.917686144978,0.05124612746713019,0.9789805104182316,0.23180450439453126,0.773593780670503,0.6450215091513879,0.722164872062857,2692.716410670694
580,77.5391785261522,12.96063600431189,37.85560295000005,41.90253863000001,39.60967404411767,0.825129462075441,-0.390928715467453,0.7896670699119568,0.2219857967601103,0.17281801812429043,-0.3307599425315857,0.3726707994937897,0.018291993982651654,0.09409050651260967,732.0,0.3120725246857823,106.07788278608989,17357.891657380413,0.06976162424774346,0.9817080060173483,0.2219857967601103,0.6807394066513568,0.8780711904912927,0.7596721201873311,2236.1712518742647
581,77.54378776452305,12.96063600431189,38.117081480000024,42.358844300000015,41.53234577529414,0.6696676643248727,-0.003561022924259305,0.7376355528831482,0.10611300599341299,0.09208681608993224,-0.267615407705307,0.34191617369651794,0.10371330710018382,0.06832733672667281,30.0,0.03220300596393592,267.0887203824701,15468.526395029003,0.062168237210853176,0.8962866928998162,0.10611300599341299,0.0702460275679584,0.7824952278149496,0.3551457076667549,1802.8476920101161
582,77.54839700289389,12.96063600431189,40.885677680000015,44.375476100000014,41.75820120411767,0.7153693164638594,-0.02278716489672661,0.62986820936203,0.10914166618795956,0.07700947714160193,-0.17802368104457855,0.273893266916275,0.10953220741421568,0.05398808359505374,52.0,0.30028288396761715,1436.8374012880647,20678.02760007644,0.08310529988863305,0.8904677925857843,0.10914166618795956,0.6550220736846137,1.0,0.7930132442107682,1414.2543855074728
583,77.55300624126474,12.96063600431189,37.89491018000001,43.54489724000004,41.361843610000015,1.0589356451730991,0.006725297309458256,0.7845467925071716,0.22360551100510817,0.1794505199488574,-0.36232420802116394,0.3497021198272705,0.054692846444936896,0.09717074280553771,39.0,0.11648257978861877,743.1504809838253,7723.703578299506,0.031041679339044687,0.9453071535550631,0.22360551100510817,0.254089277261313,0.3907134420392397,0.3087389431724836,1118.0468982702246
584,77.55761547963559,12.96063600431189,37.78724255,41.82050615000003,40.134623963529435,0.8245140637422871,-0.015153882093727589,0.7927641272544861,0.3013254442401961,0.20828713692959536,-0.3849325478076935,0.26967811584472656,0.006236344879748774,0.11733135130180322,224.0,0.21602218277991794,239.95550694945996,12353.933402885628,0.04965064173950594,0.9937636551202512,0.3013254442401961,0.4712199918182415,0.6249395505190641,0.5327078152985705,999.9999999999268
585,77.56222471800643,12.96063600431189,38.17860584000002,42.319537070000024,40.00835828352943,0.8047416371795313,-0.004918765742331743,0.7844168543815613,0.28933890548406865,0.20392073539434985,-0.36693549156188965,0.2411404252052307,0.002039492738013174,0.11770240317803467,295.0,0.2774849920192343,234.04419438177058,10904.139655067655,0.04382389914493504,0.9979605072619868,0.28933890548406865,0.6052918917230009,0.5515998761368887,0.583815085488556,1118.0468982702246
586,77.56683395637728,12.96063600431189,38.65371062,43.430393570000035,40.74935900000002,1.0947176118622115,-0.008447984233498573,0.8008118867874146,0.2152599862905649,0.17964088734544528,-0.3384860157966614,0.2514256238937378,0.043154335021972655,0.10317650345221184,757.0,0.3452903929320456,113.49298150224054,12332.856324724724,0.04956593264948946,0.9568456649780274,0.2152599862905649,0.7531992040748962,0.6238733395138265,0.7014688582504682,1414.2543855074728
587,77.57144319474813,12.96063600431189,36.98742586999998,45.161620700000014,41.19492570058825,1.8157655946914923,-0.007086614146828651,0.8239195346832275,0.2573358273973652,0.21302140730873526,-0.37006521224975586,0.3142402470111847,0.02940392587699142,0.12766467725857944,198.0,0.3544366265708603,445.40367270281297,6324.134519822807,0.025416790516518507,0.9705960741230086,0.2573358273973652,0.7731503409673552,0.31991444792125956,0.591855983748917,1802.8476920101161
588,77.57605243311897,12.96063600431189,39.192048769999985,44.700188000000026,42.25145460588237,1.1717916923475438,-0.007375537883490324,0.8138670921325684,0.20611584233302696,0.16582691428175594,-0.3685193955898285,0.324063777923584,0.06223752489276961,0.10293069342580677,191.0,0.32620206827471726,424.9459874372392,8032.458188173806,0.03228256869957087,0.9377624751072304,0.20611584233302696,0.7115608867822037,0.4063321895929916,0.5894694079065189,1414.2543855074728
589,77.58066167148982,12.96063600431189,41.65985921000001,44.474598680000014,43.12579358352942,0.676858937620133,-0.021107127889990807,0.6838523745536804,0.12111788236177885,0.10129884127404828,-0.20510204136371613,0.341106116771698,0.12125150240384615,0.06639859266690436,508.0,0.38382079177704337,187.99451330000298,13960.393707044766,0.05610702954971644,0.8787484975961538,0.12111788236177885,0.8372474902038765,0.70620440339365,0.7848302554797859,1118.0468982702246
590,77.58527090986067,12.96063600431189,38.16664277000004,43.50900803000002,41.43213510588237,1.2177416717019713,-0.04952581599354744,0.800000011920929,0.19442768171721814,0.17340165661689955,-0.3748874068260193,0.3730103671550751,0.06085193708831189,0.1029613600229977,284.0,0.3006114860153412,263.37079826314897,7525.903761202579,0.030246718937807185,0.9391480629116881,0.19442768171721814,0.6557388697666057,0.38070748484665573,0.5457263157986256,999.9999999999268
591,77.58988014823152,12.96063600431189,38.532370910000054,42.99972305,40.800765311176484,1.0747466021917138,-0.028522631153464317,0.7799999713897705,0.15776708266314338,0.14977869643345817,-0.32139018177986145,0.303498774766922,0.08079958448223039,0.09545980462581752,572.0,0.3519946203969933,153.11593368712116,11786.567338522242,0.04737038910431851,0.9192004155177697,0.15776708266314338,0.7678234707614281,0.5962386111761174,0.6991895269273039,999.9999999999268
592,77.59448938660236,12.96063600431189,38.87588192000004,41.58124475000005,40.154070605000015,0.5794892760818289,-0.031317707151174545,0.7349632978439331,0.15726292536808895,0.1326395438435295,-0.26333263516426086,0.33885350823402405,0.07507281376765325,0.08471848476985758,446.0,0.39424863964862916,219.94583097020532,10907.707259633906,0.043838237400647656,0.9249271862323467,0.15726292536808895,0.8599942763232292,0.5517803479851132,0.7367087049879828,1118.0468982702246
593,77.59909862497321,12.96063600431189,37.693247000000014,41.23602473,39.7779316964706,0.6925768940795903,-0.027554534375667572,0.7979225516319275,0.20303720511642157,0.1928666893967589,-0.3723442554473877,0.3354368805885315,0.042587902592677696,0.11420531569414619,505.0,0.3578448122054653,176.31275719698394,12478.099495350743,0.05014966710836051,0.9574120974073224,0.20303720511642157,0.7805847867552206,0.6312206514028307,0.7208391326142646,707.1271927537364
594,77.60370786334406,12.96063600431189,36.86095913,41.58637178000001,39.51659509117649,0.8559891264031851,0.009133024141192436,0.7565913200378418,0.2559192133884804,0.15991732993057559,-0.3574788272380829,0.36764705181121826,0.01743012222589231,0.09032505824512073,383.0,0.4116306493133963,267.4171892932652,8387.206942546729,0.03370830920961699,0.9825698777741076,0.2559192133884804,0.8979105233799533,0.42427760987939434,0.7084573579797296,499.9999999999634
595,77.6083171017149,12.96063600431189,36.604607630000004,43.227021380000025,39.01055072529413,1.395307743355441,0.017543859779834747,0.8385395407676697,0.4496976007199755,0.23970525350064903,-0.3870862126350403,0.29096147418022156,-0.0689382755055147,0.14914088672479453,22.0,0.08670719194702317,980.6472853817157,1006.2203502605898,0.004044014524970582,1.0689382755055148,0.4496976007199755,0.18913873452285682,0.050900945707551506,0.1338436189967347,0.0
596,77.61292634008575,12.96063600431189,37.32922787000001,42.656212040000014,39.679104792941196,1.04568859882891,0.0072189755737781525,0.8267293572425842,0.31837618314302885,0.21052747188564977,-0.3852696120738983,0.245300754904747,0.0021117342435396634,0.12858391304069658,609.0,0.20007603162231116,81.7444284993481,11122.760530243577,0.04470253968767923,0.9978882657564604,0.31837618314302885,0.43643585473878577,0.5626590932308235,0.4869251501356009,500.0288658985763
597,77.6175355784566,12.96063600431189,36.53453822,42.777551750000015,39.252047439411776,1.2157645984256467,0.014314928092062473,0.8151260614395142,0.3302365531173407,0.21497391074076885,-0.4026835560798645,0.23956723511219025,-0.012634519689223345,0.13214964200575235,673.0,0.21837419988766638,80.73589280207864,11976.717390588354,0.04813460498633692,1.0126345196892232,0.3302365531173407,0.4763505643733699,0.6058575952028254,0.5281533767051522,499.9999999999634
598,77.62214481682744,12.96063600431189,35.61679985000001,41.36761850000002,37.762908376470605,1.2546051465577777,0.0764027088880539,0.8297700881958008,0.48618097043504904,0.19268172558035507,-0.4159420430660248,0.2906838655471802,-0.09120569565716911,0.13272959805261308,46.0,0.09305673458567987,503.3503405800361,563.6074922635887,0.0022651468781225933,1.0912056956571692,0.48618097043504904,0.20298930945795804,0.02851080715734735,0.13319790853771377,0.0
599,77.62675405519829,12.96063600431189,36.64220585000001,41.95380893000004,38.85011075882355,1.3311795611175732,0.04342581331729889,0.8270881175994873,0.4422094257061298,0.19642117378923862,-0.4262857139110565,0.3998181223869324,-0.04966693584735577,0.13924525549037714,28.0,0.04947942983678235,439.69046205412496,417.38539632052243,0.0016774781038702525,1.0496669358473558,0.4422094257061298,0.10793195505580887,0.02111397507686432,0.07320476306423104,0.0
600,77.63136329356914,12.96063600431189,35.244235669999995,40.71306766999999,37.74034826176472,1.3428409482794346,0.06749448925256729,0.8408136367797852,0.5061372166053921,0.18010892250023716,-0.4308243691921234,0.2871662974357605,-0.08821880864162071,0.1332275419440267,39.0,0.07744035787191964,494.0639132865402,1047.8681353432999,0.004211397591476556,1.0882188086416207,0.5061372166053921,0.16892452586679452,0.0530077522800739,0.12255781643210627,0.0
601,77.63597253193998,12.96063600431189,35.905622540000024,41.23260671000003,39.22140353000002,0.9685913738681347,-0.0036968577187508345,0.8090793490409851,0.2757675589767157,0.2059633358795797,-0.39674487709999084,0.27436158061027527,0.011996435277602252,0.11961962859855646,690.0,0.36366873430662555,131.14062948555966,12616.445220488711,0.050705680631422965,0.9880035647223977,0.2757675589767157,0.7932887993225537,0.6382190471739914,0.7312608984631288,500.0288658985763
602,77.64058177031083,12.96063600431189,36.70373021000003,40.66008836000003,38.81162649500002,0.9087905310662634,-0.010732081718742847,0.8272520899772644,0.2993245286207933,0.21023083493238473,-0.4211735725402832,0.35471785068511963,-0.010487472827617939,0.1278789193243213,392.0,0.24338925223322486,154.4883444154004,12315.610398406448,0.0494966210156017,1.0104874728276179,0.2993245286207933,0.5309171492023737,0.6230009322334772,0.5677506624148151,1000.0577317971527
603,77.64519100868168,12.96063600431189,37.03186013000004,40.622490140000025,39.23698568000002,0.784515946754988,-0.02967625856399536,0.7831932902336121,0.2041919184666054,0.16940814835732854,-0.36730191111564636,0.3041532039642334,0.038235401826746326,0.0983184598664038,492.0,0.35495209075956713,179.50850314769366,11189.839081076345,0.04497212937925269,0.9617645981732537,0.2041919184666054,0.7742747487835308,0.5660523476737451,0.6909857883396164,999.9999999999268
604,77.64980024705253,12.96063600431189,35.28696092000004,40.673760440000024,38.23751642000001,1.1438031440939893,-0.019309716299176216,0.8409506678581238,0.3281674613204657,0.23175416420527917,-0.3927451968193054,0.4485333263874054,-0.02121754515404795,0.13573855186167974,178.0,0.3061444845530854,427.9438869792836,4143.743382919519,0.01665376616954474,1.021217545154048,0.3281674613204657,0.6678082762142872,0.20961656848362117,0.48453159312202077,999.9999999999268
605,77.65440948542337,12.96063600431189,35.11776893000001,40.57292884999998,38.202886791764726,1.3967967828845174,-0.016190148890018463,0.8713163137435913,0.3952966778094952,0.2672218426576592,-0.4107967019081116,0.31898239254951477,-0.04274535839374249,0.15680980857219082,271.0,0.2801294193401607,257.1993222536786,4996.371578140822,0.02008049154334724,1.0427453583937425,0.3952966778094952,0.6110603133012626,0.2527478582279079,0.46773533127192074,1000.0577317971527
606,77.65901872379422,12.96063600431189,36.29185880000003,40.69426856000001,39.17552045529414,0.7274398020301132,-0.004005768336355686,0.8501465320587158,0.27905163334865196,0.20063571471913916,-0.3963038921356201,0.2534337639808655,0.012894846598307292,0.10872272601814065,574.0,0.3106179162450347,134.64647841028747,13611.724856140423,0.05470572426196629,0.9871051534016927,0.27905163334865196,0.677566396506162,0.6885665428145032,0.6819664550294985,500.0288658985763
607,77.66362796216507,12.96063600431189,35.96372888000002,40.62761717000001,37.51783397705884,1.0156813842518257,0.0361623615026474,0.8776489496231079,0.5328990023743873,0.20799918942047088,-0.43279939889907837,0.24518342316150665,-0.11100478228400736,0.13388634801970237,102.0,0.09172542749942826,223.75356443061392,3155.4798179782665,0.012681920231339842,1.1110047822840075,0.5328990023743873,0.20008526272434005,0.15962398976982511,0.18390075354253407,0.0
608,77.66823720053591,12.96063600431189,36.881467250000014,45.53247587000001,40.397959341764725,2.172855150538949,0.032574087381362915,0.8870031237602234,0.4283096548227163,0.22234429709393425,-0.36890876293182373,0.3817405104637146,-0.021098197056696966,0.1388496803452086,62.0,0.07593756771734873,304.7511707642422,6296.90306785116,0.025307346906795387,1.021098197056697,0.4283096548227163,0.1656464145393903,0.31853691003108703,0.226802612736069,0.0
609,77.67284643890676,12.96063600431189,37.88294711000003,45.77686430000003,41.06123262764708,1.5023301545204768,-0.019864995032548904,0.8288569450378418,0.288396666283701,0.21615589587758965,-0.41395947337150574,0.2828848958015442,0.030757559982000613,0.12351231583807142,343.0,0.3083118969861632,223.65393983706812,4843.543110652857,0.01946627166378481,0.9692424400179994,0.288396666283701,0.6725361613594075,0.24501683437795435,0.5015284305668262,500.0288658985763
610,77.6774556772776,12.96063600431189,39.48428948000003,45.969982430000016,42.7823180547059,1.6005874727446168,0.0028907302767038345,0.7849968075752258,0.21222031537224265,0.18965527582249758,-0.3503105640411377,0.28586655855178833,0.06135260488472733,0.1096763515953264,232.0,0.24594170471174676,263.76950464083006,2980.9448491126295,0.011980461600509,0.9386473951152726,0.21222031537224265,0.5364849414567039,0.1507949147347215,0.3822089307679109,499.9999999999634
611,77.68206491564845,12.96063600431189,37.25061341,44.54979512000003,40.60869978941179,1.574893439746991,0.00026560426340438426,0.8465655446052551,0.36645368987438726,0.20028863054036222,-0.37104883790016174,0.2820945978164673,-0.017475606880935968,0.11728480644648923,138.0,0.11803108443353162,212.81277782909174,8823.042059313078,0.03545993701384388,1.0174756068809359,0.36645368987438726,0.2574671078929465,0.44632488770499495,0.3330102198177659,499.9999999999634
612,77.6866741540193,12.96063600431189,36.29527682,42.099074780000024,38.84116556000003,1.2887037682317026,0.011353489011526108,0.8770546913146973,0.4717059795673077,0.19375123878214445,-0.4139534831047058,0.22084130346775055,-0.07758705726036659,0.12270338511732423,22.0,0.07200452465409193,814.3619929518463,7380.280613036734,0.029661457343562837,1.0775870572603665,0.4717059795673077,0.15706707099124728,0.3733409513069268,0.2435766231175191,0.0
613,77.69128339239015,12.96063600431189,35.89878650000003,47.57986985000002,38.954378109411785,2.493900844841452,0.021881217136979103,0.8743842244148254,0.46515854779411764,0.2025634936990398,-0.39804041385650635,0.31047675013542175,-0.06059721703622856,0.1328958588251262,9.0,0.04510380926660342,1246.955922363604,9729.08503532491,0.039101337184582335,1.0605972170362286,0.46515854779411764,0.0983871950559524,0.4921582325769635,0.25589561006435685,0.0
614,77.695892630761,12.96063600431189,37.70521007000002,45.91871213000002,42.16791417588237,2.134474115838908,-0.006027610506862402,0.8387622237205505,0.33373769722732843,0.2007327803513107,-0.37828680872917175,0.3414818048477173,0.02489777359307981,0.11151664624139415,38.0,0.04301545197380217,281.6574762557111,2547.429133888899,0.010238155505513257,0.9751022264069202,0.33373769722732843,0.09383175684232255,0.12886496680804843,0.1078450408286129,500.0288658985763
615,77.70050186913184,12.96063600431189,0.0,43.914043400000025,17.0559483082353,20.39906616441627,0.0,0.8164411783218384,0.08738504263070913,0.14432404040804236,-0.2792026996612549,0.2913035452365875,0.027150902381310096,0.06298587542399803,102.0,0.09907752211736219,241.6881483474248,1511.727386680137,0.006075654808558622,0.9728490976186899,0.08738504263070913,0.21612275443526924,0.07647266686078887,0.1602627194054771,1000.0577317971527
616,77.50230461918542,12.965127560186845,39.045073909999985,42.75875264000001,40.48630968875002,0.9992003986565698,0.005642824340611696,0.711166262626648,0.1932067272709865,0.1260526814611925,-0.25705793499946594,0.27313151955604553,0.04749269971660539,0.07349558507044869,662.0,0.27526250207609665,103.45928040674464,14224.272562791097,0.057167562588224766,0.9525073002833946,0.1932067272709865,0.6004438632504415,0.7195530534246657,0.6480875393201312,2236.085725936803
617,77.50691385755627,12.965127560186845,40.181565559999996,44.76342137000006,42.32973178937502,1.1776375178119292,-0.01089530996978283,0.7688442468643188,0.26324129544771635,0.14472388413208523,-0.3208477199077606,0.3156258761882782,0.06714101938100961,0.08582195222408852,262.0,0.19104443563568455,181.4318342640843,7308.973905703661,0.029374874628247952,0.9328589806189904,0.26324129544771635,0.41673478269073727,0.36973381014981843,0.39793439367436967,2061.557625542915
618,77.51152309592712,12.965127560186845,38.09828236999999,43.83884696000001,41.06235287187502,1.253920522912913,-0.004887585528194904,0.7414515614509583,0.22795726102941177,0.13732350247993366,-0.3173198401927948,0.40618154406547546,0.055510547114353555,0.08591414439707569,407.0,0.19250571984675524,117.68730519790789,11170.044647637882,0.04489257525741648,0.9444894528856465,0.22795726102941177,0.4199223550276319,0.5650510208952697,0.477973821374687,1999.9999999998536
619,77.51613233429796,12.965127560186845,37.72230017000001,41.38983562999999,38.97387982062502,0.6861124372647226,0.015578781254589558,0.8162668347358704,0.28479142731311274,0.16443682679071137,-0.3618016839027405,0.3344932496547699,-0.008407833622951133,0.08504917369252714,641.0,0.3110578657833633,120.74344090098587,13683.247897691908,0.05499317642771644,1.0084078336229512,0.28479142731311274,0.6785260804385425,0.6921846275152433,0.6839894992692228,2061.557625542915
620,77.52074157266881,12.965127560186845,37.563362240000004,40.950620060000006,39.461180146250015,0.5177098888059224,0.0008818341884762049,0.7225557565689087,0.1810150381234976,0.13020873462328367,-0.27255532145500183,0.21217961609363556,0.03470633873572716,0.07015555196070083,668.0,0.33949796287984535,126.45648323341443,19108.27228919545,0.07679642999129058,0.9652936612642729,0.1810150381234976,0.7405638866890591,0.9666164375482548,0.8309849070327374,2236.085725936803
621,77.52535081103966,12.965127560186845,38.267474359999994,41.283877010000026,39.86684382875002,0.7637433924231871,-0.004055880941450596,0.8052619695663452,0.23930187748927695,0.16744133739634895,-0.3361274003982544,0.29954442381858826,0.012977063048119639,0.09039060544777856,620.0,0.30217525283468016,121.26838512936877,17152.929840892823,0.06893787966463548,0.9870229369518804,0.23930187748927695,0.6591499925426646,0.8677029343827235,0.7425711692786883,2500.0357179272364
622,77.5299600494105,12.965127560186845,37.99745078000004,40.99163630000001,39.29278611312502,0.891325290972704,-0.0028095957823097706,0.7860289216041565,0.231065673828125,0.17415940876871716,-0.375,0.22148247063159943,0.00217900089189118,0.09178872075256002,658.0,0.3525426470841751,133.31105248035146,16527.147685220556,0.06642285189129472,0.9978209991081088,0.231065673828125,0.7690189087841661,0.836046942211248,0.7958301221549988,2828.483249898263
623,77.53456928778135,12.965127560186845,37.318973810000045,40.919857879999995,39.21131283125002,0.9863921813217917,-0.007862758822739124,0.7981692552566528,0.2498680232121394,0.19397842040400848,-0.3792973756790161,0.2513798177242279,0.00016013255486121544,0.10549860922730835,638.0,0.3218491692340589,125.5197609271299,15981.590778593276,0.06423025058480418,0.9998398674451388,0.2498680232121394,0.7020656903911258,0.8084492470568782,0.7446191130574267,2915.561024205776
624,77.5391785261522,12.965127560186845,37.387334210000006,40.051680800000014,38.751205870625014,0.5246272275797402,-0.007758499123156071,0.8127385973930359,0.27846634210324755,0.2030361919528417,-0.35853034257888794,0.24896769225597382,-0.014410567938112745,0.10573561102833069,692.0,0.3994619971987482,143.63152256412138,14654.284231798272,0.058895785869458844,1.0144105679381128,0.27846634210324755,0.8713664338975069,0.741305744683672,0.819342158211973,2500.0634981846547
625,77.54378776452305,12.965127560186845,37.02160607000002,42.488729060000026,39.92423389250001,1.2601427517646802,0.011168618686497211,0.8035363554954529,0.2389193426393995,0.18219549299946866,-0.3550926744937897,0.28959575295448303,0.02113337797277114,0.10682151005422295,581.0,0.2941951823401205,125.99108437969629,17228.278672588738,0.06924070773776969,0.9788666220272288,0.2389193426393995,0.6417426656433413,0.8715145515799785,0.7336514200179962,2121.362437423697
626,77.54839700289389,12.965127560186845,39.22964699000002,43.00826810000001,41.25302686625002,1.0281027278357124,-0.019760645925998688,0.7052153944969177,0.14271742876838237,0.11566337853005079,-0.26176369190216064,0.3400250971317291,0.08478626924402574,0.07769392371782333,332.0,0.190689206691293,142.9119081557148,14948.30776653004,0.06007747082030537,0.9152137307559742,0.14271742876838237,0.4159599040272793,0.7561793019261271,0.5520476631868184,1802.7976519117658
627,77.55300624126474,12.965127560186845,39.075836089999996,43.07662850000003,41.48746876031252,1.052771614146071,0.0004123711260035634,0.7678610682487488,0.13632103553185096,0.12781984720380868,-0.30828046798706055,0.31603774428367615,0.09268385667067308,0.07759966052041038,118.0,0.10476576689872558,220.91122238874962,15364.339315687947,0.0617495077923313,0.9073161433293269,0.13632103553185096,0.22853080727892094,0.77722479090956,0.44800840073117654,1581.1451051166673
628,77.55761547963559,12.965127560186845,38.03675801000003,42.12300092000001,40.03066374687502,1.0361433895114882,-0.04247104376554489,0.7335620522499084,0.19304432588465073,0.14606058395758395,-0.28932851552963257,0.41886791586875916,0.0557009827856924,0.08743706207422489,101.0,0.12531256218933334,308.71208129089706,15755.981666483312,0.06332352421408217,0.9442990172143076,0.19304432588465073,0.2733505595105485,0.7970365210434716,0.4828249441237177,1499.9999999998902
629,77.56222471800643,12.965127560186845,36.58068149000002,44.035383110000026,40.660345968125014,1.813320689769442,-0.0510173998773098,0.777725875377655,0.2536795582490809,0.2062846436158297,-0.3596428632736206,0.33424845337867737,0.039361829570695464,0.12036023031550656,82.0,0.14931810205048382,453.08428415641555,7219.995165783217,0.029017267751624293,0.9606381704293045,0.2536795582490809,0.3257150442657473,0.3652327065807603,0.3415221091917525,1581.1451051166673
630,77.56683395637728,12.965127560186845,39.383457890000045,46.33741958000002,42.14716581875001,1.3637114020268393,0.008976660668849945,0.7627450823783875,0.1867485868013822,0.15295047471695267,-0.3644105792045593,0.25,0.07870660635141226,0.09515511181761313,436.0,0.17064984932891336,97.3867358281642,19999.01603555584,0.08037634233094386,0.9212933936485878,0.1867485868013822,0.37224705152840526,1.0,0.6233482309170432,1802.7976519117658
631,77.57144319474813,12.965127560186845,39.98161139000001,45.84864271999999,42.280946116250014,1.2820461989486749,-0.02957211248576641,0.7660846710205078,0.1470101868872549,0.14085844933148786,-0.3482993245124817,0.35493895411491394,0.0918979061351103,0.08905660716261789,625.0,0.36243812450101526,144.28933994428945,14179.447822935268,0.05698741129332395,0.9081020938648897,0.1470101868872549,0.7906044086036528,0.7172855365242514,0.7612768597718922,2061.6298152082463
632,77.57605243311897,12.965127560186845,38.891263010000046,44.561758190000006,42.57989092062502,1.062784677882542,0.003373493906110525,0.781390368938446,0.1817789474188113,0.16327971093045152,-0.3389715850353241,0.3028547763824463,0.09057823031556372,0.10193036886637111,466.0,0.35044033692149795,187.1149820055203,10500.104845129357,0.04220007724592351,0.9094217696844362,0.1817789474188113,0.7644330344776122,0.531161257578534,0.6711243237179809,1581.1953044809175
633,77.58066167148982,12.965127560186845,40.44304409000003,43.54147922000004,41.64177009312502,0.773951087095559,-0.016243422403931618,0.7268416285514832,0.12140916090745192,0.13320764695418763,-0.3162393271923065,0.33464956283569336,0.10802450326772836,0.08788883763582894,614.0,0.28308721631723466,114.71818742293587,16717.295633236274,0.06718705931710336,0.8919754967322716,0.12140916090745192,0.6175123037839102,0.8456658198018709,0.7087737101910945,1118.0694852015547
634,77.58527090986067,12.965127560186845,37.879529090000005,42.005079230000035,40.44928951625002,0.7870132232442507,-0.025727540254592896,0.8185890316963196,0.230709228515625,0.21093259087002236,-0.4120962619781494,0.279979407787323,0.04153875612745098,0.12503821191978712,547.0,0.29763832646335575,135.38854385192423,9967.915165996023,0.04006119902516673,0.958461243872549,0.230709228515625,0.6492533681309322,0.504239760754633,0.5912479251804125,707.1208124745657
635,77.58988014823152,12.965127560186845,37.91370929000004,42.51265520000001,39.75551942000002,1.0128609882989135,0.002111932495608926,0.8258629441261292,0.25418588675704656,0.20881182697350506,-0.4339699447154999,0.27763158082962036,0.01992890900256587,0.12321559369427353,709.0,0.3675518370275853,128.98902266797685,9216.601671804841,0.03704165893881419,0.9800710909974342,0.25418588675704656,0.8017592055042384,0.46623360497844324,0.6675489652939204,499.9999999999634
636,77.59448938660236,12.965127560186845,37.833385820000046,41.80512506000002,39.64118015843752,0.7504211855992569,-0.0361216738820076,0.7651547193527222,0.1892376239483173,0.1696656934893678,-0.37954628467559814,0.41866829991340637,0.04874600923978365,0.10808810709997016,737.0,0.42351741022739753,142.98292266818942,10762.076901909893,0.04325294683108201,0.9512539907602163,0.1892376239483173,0.923839709487417,0.5444134497406468,0.7720692055887088,707.1208124745657
637,77.59909862497321,12.965127560186845,36.97546280000003,41.719674560000016,38.97004711437502,0.9713409601466757,-0.027698185294866562,0.777824342250824,0.28957438151041665,0.17857536068628238,-0.3866274356842041,0.42953208088874817,0.010477284450157016,0.10928189498694207,125.0,0.2707973696246058,539.0323351824251,4906.438563821558,0.019719049423748584,0.989522715549843,0.28957438151041665,0.5907038465068719,0.2481984814656552,0.4537017004903853,1118.0428629684016
638,77.60370786334406,12.965127560186845,36.51573911000003,41.90253863000001,39.117486925625016,1.0281995336205172,-0.021027609705924988,0.7854060530662537,0.24767843807444853,0.17277429677622075,-0.3637230098247528,0.3751962184906006,0.014160313325769761,0.10305431855576971,312.0,0.3736164088780483,297.9557270119587,7830.6612067179485,0.031471543635437194,0.9858396866742303,0.24767843807444853,0.8149881594060132,0.39612403071966706,0.6474425079314747,707.1208124745657
639,77.6083171017149,12.965127560186845,35.67490619000003,42.117873890000055,38.73321100062502,1.4288437304686712,-0.012807881459593773,0.8491790890693665,0.36558186848958335,0.24282266166411687,-0.41649603843688965,0.33850663900375366,-0.041670059503293506,0.14403866964713774,139.0,0.22256715530776036,398.40672850209245,3998.8656474403733,0.016071500399953836,1.0416700595032935,0.36558186848958335,0.48549686774520406,0.20228774259976068,0.3722132176870267,499.9999999999634
640,77.61292634008575,12.965127560186845,36.07823255000005,40.65154331000002,39.11895089375002,0.8538486883448363,-0.013975155539810658,0.8166630268096924,0.25269430307241586,0.19999613867663008,-0.3896830379962921,0.29727497696876526,0.01711090087890625,0.1170307671307925,531.0,0.3683754311273093,172.61420234506534,11081.670722142491,0.044537399138945534,0.9828890991210938,0.25269430307241586,0.803555752506677,0.5605805126388632,0.7063656565595515,500.0198430409802
641,77.6175355784566,12.965127560186845,34.904142680000035,39.74234999000004,37.481279495000024,1.3032487136845223,0.0025331545621156693,0.8386349081993103,0.4506073357077206,0.21882398108110984,-0.4106796085834503,0.2680058777332306,-0.07617556702856924,0.1382870831769872,168.0,0.15194117480949404,225.03319587354903,4280.2500195942885,0.01720238836877246,1.0761755670285693,0.4506073357077206,0.33143688407003596,0.21652193160841135,0.28547090308538614,0.0
642,77.62214481682744,12.965127560186845,36.11924879000003,43.85935508,38.96757156312501,1.995099918515667,0.031497955322265625,0.833091139793396,0.41359375,0.2040887667972285,-0.41529619693756104,0.2673724591732025,-0.044476803050321694,0.13367937106119132,8.0,0.059803042677514226,1860.0031657297,1346.9178273517784,0.00541328274303115,1.0444768030503218,0.41359375,0.13045136808896243,0.06813556412848405,0.10552504650477108,0.0
643,77.62675405519829,12.965127560186845,34.82723723000004,41.50604831000001,37.06194373250002,1.24807097468941,0.021262457594275475,0.845636248588562,0.4992747145432692,0.19749900707450074,-0.45135244727134705,0.23311132192611694,-0.11570465087890625,0.13436136467367454,39.0,0.05950410957783251,379.6319392438555,2962.9596627830106,0.011908178869661383,1.1157046508789064,0.4992747145432692,0.12979929036725119,0.14988511103947022,0.1378336186361388,0.0
644,77.63136329356914,12.965127560186845,35.03231843000003,40.653252320000036,37.21973813375002,1.2393344826211203,0.07674236595630646,0.8640580773353577,0.5128129787071078,0.19078027228939384,-0.4384251534938812,0.33784642815589905,-0.08286981919232536,0.13772598936327934,54.0,0.0901493612985803,415.3835407563359,371.73319433342874,0.0014940012263802618,1.0828698191923254,0.5128129787071078,0.19664731069223224,0.018804599944296754,0.12551022639305803,0.0
645,77.63597253193998,12.965127560186845,36.52428415999998,39.41592908000001,38.13360609875002,0.471180608321127,0.021894823759794235,0.8189075589179993,0.3351102223115809,0.19594177518034775,-0.44372186064720154,0.26013752818107605,-0.031328217749502146,0.11023438475417377,643.0,0.30257092922213413,117.08374785229441,13125.475306652032,0.05275148010423066,1.0313282177495022,0.3351102223115809,0.6600131012366856,0.6639689863126693,0.6615954552670791,500.0198430409802
646,77.64058177031083,12.965127560186845,37.776988490000036,40.71990371000001,39.38402756000002,0.609330223840896,-0.028917910531163216,0.7961717247962952,0.22288438063401442,0.16877980516107158,-0.3734227120876312,0.2741974890232086,0.03361790583683894,0.09349447509387895,681.0,0.4248618217104378,155.2319041122827,14476.820668708348,0.05818255717496581,0.966382094163161,0.22288438063401442,0.9267723414971769,0.7323285229572685,0.8489948140812135,1000.0396860819604
647,77.64519100868168,12.965127560186845,37.27283054000003,40.613945090000016,38.87302938125002,0.6389534582415737,-0.011649294756352901,0.792647659778595,0.2661182119332108,0.18680279917444215,-0.32862189412117004,0.2910401523113251,0.018742298799402573,0.10125168648763086,554.0,0.31790905955915183,142.78202244508697,10537.146250588223,0.042348947204339855,0.9812577012005974,0.2661182119332108,0.6934709320895479,0.5330350445355408,0.6292965770679451,1499.9999999998902
648,77.64980024705253,12.965127560186845,34.68197137999999,40.419117950000015,37.981328281250015,1.3796175543278992,-0.026905829086899757,0.8344300389289856,0.33345492493872547,0.2534910841130371,-0.38760435581207275,0.26720741391181946,-0.015900015737496172,0.13971874572589002,452.0,0.2557972780876598,140.81141858020652,8762.893239525263,0.03521819801421147,1.0159000157374962,0.33345492493872547,0.5579833965958839,0.4432821825861807,0.5121029109920026,1499.9999999998902
649,77.65440948542337,12.965127560186845,35.05111754000001,40.94207501000005,38.26179441500002,1.6702223606017221,-0.011997177265584469,0.8339852094650269,0.39849538949819713,0.2318332121572009,-0.42929720878601074,0.3179578185081482,-0.03236976330096905,0.1337730048384991,198.0,0.18139031247420176,227.94458955998476,4257.763680997588,0.01711201544014414,1.032369763300969,0.39849538949819713,0.3956757609799858,0.2153844313583162,0.32355922913131796,1118.0694852015547
650,77.65901872379422,12.965127560186845,37.70521007000002,42.40327855999999,39.80517495687502,0.9084769118864942,0.004252029582858086,0.829293966293335,0.24435934627757352,0.19094914638638777,-0.3599293828010559,0.29168498516082764,0.035554848465265014,0.11105673491281248,639.0,0.3480811533234184,135.53767788643356,14457.818262147513,0.05810618622090837,0.964445151534735,0.24435934627757352,0.7592868292986867,0.7313672618732372,0.7481190023285069,707.1208124745657
651,77.66362796216507,12.965127560186845,36.38243633000002,45.34277576000005,39.98504197625002,2.1690471699937532,0.03617570921778679,0.8479359745979309,0.3993825635723039,0.21445669936094292,-0.40541407465934753,0.2960951626300812,-0.019552422317804075,0.13496602774913508,174.0,0.08486460028756779,121.35501028928532,6705.3395924127135,0.026948859362220943,1.019552422317804,0.3993825635723039,0.18511939717740694,0.3391981949636612,0.24675091629190865,499.9999999999634
652,77.66823720053591,12.965127560186845,36.355092170000006,44.725823150000025,41.35579994187502,1.6897203826594285,0.015362107194960117,0.8545780777931213,0.2493347637469952,0.19254681997978984,-0.37972620129585266,0.3353579044342041,0.05249010526216947,0.11544411832266135,309.0,0.2229160372736125,179.49949221322757,7969.5730648142635,0.03202983245526345,0.9475098947378305,0.2493347637469952,0.48625790142692493,0.4031510650519229,0.4530151668769241,499.9999999999634
653,77.67284643890676,12.965127560186845,40.66350638000003,44.61473750000002,41.72691272000002,0.7263178141876546,-0.01693515107035637,0.7215825915336609,0.11868992225796568,0.09926292605862254,-0.23539131879806519,0.25840336084365845,0.10324565812653186,0.05512994695151429,978.0,0.4098381146259694,104.26868102926795,14776.996732512325,0.059388969231487426,0.8967543418734681,0.11868992225796568,0.8940003778112282,0.7475133137661959,0.8354055521932153,707.1208124745657
654,77.6774556772776,12.965127560186845,39.44669126000002,47.11672814000002,41.881339366250025,1.703037196140232,-0.0019096117466688156,0.7134273052215576,0.14899873621323528,0.11920773957947224,-0.25402647256851196,0.2868128716945648,0.08789724312576593,0.06804508965195294,814.0,0.3302027543566823,100.93381214880222,13497.585408053334,0.05424699612571187,0.912102756874234,0.14899873621323528,0.7202877834302741,0.6827926525839328,0.7052897310917376,999.9999999999268
655,77.68206491564845,12.965127560186845,39.34756868000002,42.32124608000004,40.97737360625002,0.6918247920592098,-0.006226649973541498,0.7918532490730286,0.21820214365042892,0.16171867302032863,-0.3504762053489685,0.285549134016037,0.04567420510684743,0.0914636286179632,488.0,0.35316645883596126,180.06944184897503,7904.502011360977,0.031768310925459294,0.9543257948931526,0.21820214365042892,0.7703796605587757,0.3998593624361876,0.6221715413097404,707.1208124745657
656,77.6866741540193,12.965127560186845,38.829738650000024,46.61769722,42.163216061562515,1.6905054005999434,-0.009407665580511093,0.8208540081977844,0.252493896484375,0.1711070121861532,-0.40323546528816223,0.36729559302330017,0.04350789583646334,0.09853093564641088,162.0,0.2755358413886797,423.19787129802023,1838.3670412277725,0.007388424429129222,0.9564921041635367,0.252493896484375,0.601040111964261,0.09299615231579553,0.39782252810487484,499.9999999999634
657,77.69128339239015,12.965127560186845,35.266452800000025,41.668404260000045,38.42426974437502,1.4152654133223639,-0.014114114455878735,0.8341395854949951,0.3906335209865196,0.20781286746776492,-0.376279354095459,0.23856858909130096,-0.02918255974264706,0.11349937354540315,10.0,0.07211648144327627,1794.3820619176101,2977.1204707485354,0.011965091367091066,1.0291825597426472,0.3906335209865196,0.1573112879351025,0.15060145365492375,0.15462735422303098,499.9999999999634
658,77.695892630761,12.965127560186845,37.42322342,43.76877754999998,41.056182843125015,1.5022452454045314,-0.07884940505027771,0.854619562625885,0.24063711128982843,0.19239497380887005,-0.3727712035179138,0.3942049443721771,0.056413885378370096,0.10250514086407571,30.0,0.2655044046662478,2202.068706804366,311.6168550755628,0.0012523927664798947,0.9435861146216299,0.24063711128982843,0.5791580373113749,0.015763537894708003,0.35380023754470813,707.1208124745657
659,77.70050186913184,12.965127560186845,0.0,43.17233306,17.12189635783089,20.47001942876336,-0.027301587164402008,0.7979830503463745,0.08607579157902644,0.1453234521512562,-0.32765957713127136,0.2799352705478668,0.02778783944936899,0.06382518147746989,17.0,0.08564667186478331,1253.550861552576,237.79573457303962,0.0009557045873106964,0.972212160550631,0.08607579157902644,0.18682536902471591,0.012029201925656671,0.11690690218509221,1118.0694852015547
660,77.50230461918542,12.9696191160618,39.03823787000002,42.890346410000035,40.45360565352943,0.8460934994686071,0.00972072221338749,0.7451605200767517,0.19991853601792278,0.12679285241959362,-0.2683882415294647,0.28742969036102295,0.05623633291207108,0.07375768730154478,397.0,0.1913184843271054,119.90762872508056,14217.062596496728,0.05713858562665623,0.9437636670879289,0.19991853601792278,0.41733257880809577,0.7191883280413957,0.5380748785014158,2692.590438390032
661,77.50691385755627,12.9696191160618,39.23477402,43.139861870000004,40.98953634000002,0.7181478641572182,-0.02600780315697193,0.7517745494842529,0.21880995530348557,0.14384657457789327,-0.30429211258888245,0.3032231628894806,0.04721599285419171,0.07780441470973194,487.0,0.25705698237917923,131.33510736443475,14090.991045824852,0.056631902192982295,0.9527840071458082,0.21880995530348557,0.5607312525720822,0.7128108371127396,0.6215630863883452,2549.5118782281975
662,77.51152309592712,12.9696191160618,38.56484210000002,44.281480550000026,40.83491003000002,1.2079845014441863,0.006926845759153366,0.7638329267501831,0.21445894129136028,0.14057675146478008,-0.36864614486694336,0.3323970139026642,0.04806682811063879,0.08592911662851598,495.0,0.2500752485781982,125.70307447786297,13171.865159036968,0.05293792160961996,0.9519331718893612,0.21445894129136028,0.5455016474350617,0.6663156764357776,0.593827259035348,2499.999999999817
663,77.51613233429796,12.9696191160618,37.64539472000001,42.293901920000025,40.04911432823531,1.0278426440185902,-0.012423207983374596,0.7683020830154419,0.25452567306219365,0.15840170408579307,-0.3267103135585785,0.2935188412666321,0.021374284332873774,0.08556137034728782,459.0,0.22953993445799017,124.43024533910048,13869.701084621936,0.05574253455387322,0.9786257156671262,0.25452567306219365,0.500706939654667,0.7016166008821778,0.5810708041456714,2549.5118782281975
664,77.52074157266881,12.9696191160618,37.522346,40.86346055000004,39.8929321029412,0.48151011900534,0.003157419851049781,0.7190959453582764,0.15639214148888222,0.1146069841243184,-0.2664766013622284,0.39232054352760315,0.04394881615271935,0.06637794667371626,770.0,0.3741615425183362,120.90626681942366,19765.58071241303,0.07943816230190126,0.9560511838472806,0.15639214148888222,0.8161772866808636,0.999867226358727,0.889653262552009,2692.590438390032
665,77.52535081103966,12.9696191160618,38.713525970000006,41.98115309000002,40.983895490000016,0.5762617064786085,-0.0010025062365457416,0.7800125479698181,0.15751910041360295,0.12898474562521828,-0.3528662323951721,0.3528274595737457,0.06328643798828125,0.08067896246448887,518.0,0.3390240492780891,162.84751534151403,17254.68136606264,0.06934682055478751,0.9367135620117187,0.15751910041360295,0.7395301152463845,0.8728501656596382,0.7928581354116859,2915.4926436277196
666,77.5299600494105,12.9696191160618,38.62978448000004,41.80854308000005,39.96055922529414,0.5689680479107119,-0.008048289455473423,0.688089907169342,0.16875265682444854,0.12314841056020956,-0.22805100679397583,0.2291758507490158,0.042049081839767154,0.07209708336955695,855.0,0.38024959214796644,110.65805483303713,17425.910313761597,0.0700349922374718,0.9579509181602328,0.16875265682444854,0.8294574538365956,0.8815120013779563,0.8502792728531399,3201.589148476182
667,77.53456928778135,12.9696191160618,37.54969016000001,41.39667166999999,39.36684087235296,1.0957879468999123,-0.01842428557574749,0.7887619733810425,0.20118729811448316,0.16674529386961018,-0.3629261255264282,0.2628205120563507,0.034351131732647235,0.09581736548990118,756.0,0.4139734953481067,136.24831200763603,16012.514100772049,0.0643545318756953,0.9656488682673527,0.20118729811448316,0.9030210906147652,0.8100135429319429,0.8658180715416363,3201.6043526158937
668,77.5391785261522,12.9696191160618,38.32558070000002,40.6156541,39.37973828000002,0.5895735077190746,-0.005181347019970417,0.7956670522689819,0.22332682291666667,0.17144716847911226,-0.33674120903015137,0.30916517972946167,0.02733172846775429,0.09429635178948763,688.0,0.4123506963387993,149.12782497148464,14921.380117049248,0.05996924819730293,0.9726682715322457,0.22332682291666667,0.8994811979701864,0.7548171322742226,0.841615571691801,2828.457720320523
669,77.54378776452305,12.9696191160618,38.535788930000024,40.78142807000003,39.87345885058825,0.4681040897635714,-0.020160416141152382,0.781937301158905,0.18476957433363972,0.1561046811185766,-0.3474414646625519,0.24810300767421722,0.040266957002527574,0.08510803123113507,889.0,0.38563510264944056,107.93323340647703,18260.554396904092,0.07338943919785663,0.9597330429974724,0.18476957433363972,0.8412051372540303,0.9237335417693454,0.8742164990601563,2500.019470933712
670,77.54839700289389,12.9696191160618,39.17324966000001,41.97260804000001,40.357883352941194,0.5377453789739373,-0.011014948599040508,0.6357972025871277,0.10450659658394608,0.0765677899247418,-0.14193807542324066,0.29224807024002075,0.08787381041283701,0.05484150728271757,471.0,0.24677464384126424,130.36470202634013,17954.865101605574,0.07216086938211491,0.912126189587163,0.10450659658394608,0.5383018732400301,0.9082698570810565,0.6862890667764407,2236.07765270121
671,77.55300624126474,12.9696191160618,39.15957758000002,43.13302583000004,40.90950329000002,0.8348354955590995,-0.0035041612572968006,0.7078288793563843,0.11422770573542668,0.08207233213049195,-0.26347216963768005,0.3123529553413391,0.09692225529597356,0.05506179750432257,250.0,0.09668910669797436,96.23164922606408,18563.9155371273,0.07460865212378939,0.9030777447040265,0.11422770573542668,0.21091278442247144,0.9390794537500399,0.5021794521534988,2061.555436370072
672,77.55761547963559,12.9696191160618,38.44350239000002,42.704064320000015,40.98719523941178,0.9765531879679554,-0.06106497347354889,0.7146614193916321,0.14218012791053922,0.11869786179236429,-0.2637699842453003,0.3977598249912262,0.08195456112132353,0.07000520436457307,369.0,0.18846394840307779,127.08149317746131,15416.296081856854,0.06195832280685883,0.9180454388786765,0.14218012791053922,0.41110583682514135,0.7798530904994248,0.5586047382948547,1999.9999999998536
673,77.56222471800643,12.9696191160618,36.63536981000004,45.04711703000001,41.429976667647075,1.5266685660739465,-0.014821497723460197,0.7467249035835266,0.13685580384497548,0.11716400377102643,-0.3242153227329254,0.29588982462882996,0.0962186985389859,0.07444908491660875,253.0,0.1407042702163453,138.37803093465365,17820.417835811004,0.07162052382502594,0.9037813014610141,0.13685580384497548,0.3069252620583258,0.901468669870953,0.5447426251833767,2061.555436370072
674,77.56683395637728,12.9696191160618,36.87634022,47.183379529999996,42.448913266470605,2.250580892908363,-0.000705716316588223,0.8018787503242493,0.23182236891526442,0.18094930873080733,-0.31954023241996765,0.33420252799987793,0.05367052518404447,0.1227988084038603,305.0,0.14092414228341746,114.9650812374897,6944.008823408945,0.027908074544623445,0.9463294748159555,0.23182236891526442,0.30740487999530575,0.351271583825113,0.32495156152722865,2236.07765270121
675,77.57144319474813,12.9696191160618,39.90641495,41.31293018000002,40.600468156470605,0.34007290468124735,-0.022970903664827347,0.6360673308372498,0.08299261354932598,0.07598979221904939,-0.15442664921283722,0.2766073942184448,0.1120157039866728,0.05755708641077385,640.0,0.2855280748532875,111.00671039341348,20400.272597154024,0.08198899840863356,0.8879842960133272,0.08299261354932598,0.6228366705900734,1.0,0.7737020023540441,2000.0432684422997
676,77.57605243311897,12.9696191160618,39.57828503000002,43.74997844000001,41.148924355294135,0.9408881151518255,-0.035420097410678864,0.6196436882019043,0.07525610830269608,0.06187107342580292,-0.17298701405525208,0.3276646137237549,0.12541094611672793,0.05662797122461672,245.0,0.22001584508493746,223.44377717883322,19048.875911355757,0.07655771506701763,0.8745890538832721,0.07525610830269608,0.4799315671503609,0.9636117956695048,0.6734036585580185,1500.0324513317248
677,77.58066167148982,12.9696191160618,36.41661653,42.234086570000045,40.29356780705884,0.9208021951241638,-0.022332506254315376,0.7698273658752441,0.0677501443716196,0.06455718278463812,-0.30036765336990356,0.27919912338256836,0.1234027334359976,0.054947423654540216,495.0,0.23286562166266875,117.05246620615883,20263.564098073373,0.08143956492139998,0.8765972665640024,0.0677501443716196,0.5079614274911095,1.0,0.7047768564946657,1000.0216342211498
678,77.58527090986067,12.9696191160618,36.449087719999994,40.75921094000003,38.97101878117649,1.1086945847831138,-0.019123997539281845,0.8280501961708069,0.2872617953431372,0.24307351980232136,-0.4086378812789917,0.34211352467536926,-0.0016187630447686888,0.14017148986218628,440.0,0.2497574135141113,141.23622508512145,9451.90354114769,0.037987340644743496,1.0016187630447686,0.2872617953431372,0.5448083379129968,0.47813665153599294,0.5181396633621952,500.0108171105749
679,77.58988014823152,12.9696191160618,32.32182857000004,41.101012940000004,36.49837698764708,2.395678740035075,0.001319067901931703,0.8749483823776245,0.5439946193321078,0.2612378254229286,-0.44092339277267456,0.31745514273643494,-0.1411295333563113,0.1616002652169316,86.0,0.12465132166238344,360.6440953175237,2186.492206617687,0.0087875446367259,1.1411295333563114,0.5439946193321078,0.27190816247664445,0.11060650986655997,0.20738750143261067,0.0
680,77.59448938660236,12.9696191160618,32.50981967000001,42.92794463000001,39.440463985000015,1.985773591661599,-0.04619565233588219,0.8553615808486938,0.34224693885216345,0.24742715268635446,-0.40656352043151855,0.40081799030303955,-0.025023718613844653,0.14665190867293068,135.0,0.2212342720140074,407.7547479963165,3264.850272274131,0.013121481710751944,1.0250237186138447,0.34224693885216345,0.48258938275132807,0.1651566343388624,0.3556162833863418,499.9999999999634
681,77.59909862497321,12.9696191160618,37.452276590000054,41.13348413000003,38.85079672823531,0.8010387418086382,-0.028799131512641907,0.7983316779136658,0.3031297392003676,0.19922166982620299,-0.3707602322101593,0.37135550379753113,-0.01440488478716682,0.1209886888659174,183.0,0.33704321842186247,458.2631047523253,3923.361220173476,0.015768046985910042,1.0144048847871667,0.3031297392003676,0.7352092298268746,0.1984682544011799,0.5205128396565968,707.1144300801308
682,77.60370786334406,12.9696191160618,37.10363855000003,41.15570126000003,39.637674605882374,0.7971052548107338,-0.03742533177137375,0.8389981985092163,0.27478352864583333,0.1955522493761934,-0.35361501574516296,0.33908507227897644,0.023772415460324756,0.11724673643856862,106.0,0.27835390303968854,653.389031559946,1817.8268814733408,0.007305873222158874,0.9762275845396753,0.27478352864583333,0.6071872907911899,0.09195710201611317,0.4010952152811592,999.9999999999268
683,77.6083171017149,12.9696191160618,38.096573360000036,42.02729636000001,40.21217990176473,0.7129812048075087,-0.04635227844119072,0.7801159620285034,0.1869295726102941,0.1654025523525403,-0.33367645740509033,0.3983103334903717,0.06863762350643382,0.10044218472178991,442.0,0.32568882045658015,183.34158081020905,11474.971097996407,0.046118079188019995,0.9313623764935661,0.1869295726102941,0.7104413136460056,0.5804761160948212,0.6584552346255318,999.9999999999268
684,77.61292634008575,12.9696191160618,35.91245858000002,46.22120690000003,38.92342669647061,2.335337849499842,-0.021916093304753304,0.814668595790863,0.3368577693058894,0.21310958064501592,-0.3917545676231384,0.38407960534095764,-0.01982971925001878,0.13172581803133196,136.0,0.27095254952056486,495.7180391486868,4087.5585987220798,0.016427958687795896,1.0198297192500188,0.3368577693058894,0.5910423481753726,0.20677438918434174,0.43733516457896027,500.0108171105749
685,77.6175355784566,12.9696191160618,34.19661254000002,39.23819204000003,36.60664779764708,1.3835391172959424,-0.0009206891991198063,0.8287763595581055,0.4565566119025735,0.22517933310250401,-0.4367654025554657,0.2978907823562622,-0.08603565889246323,0.13443744427158902,82.0,0.19919045672808172,604.4147645736832,3085.2171756550797,0.012399533628798766,1.0860356588924631,0.4565566119025735,0.434504105929274,0.1560696639790225,0.3231303291491734,0.0
686,77.62214481682744,12.9696191160618,34.58968484000002,42.35200826000002,38.23105293235296,1.6623154556597288,-0.020307082682847977,0.8575392961502075,0.44246347464767155,0.2195110087189261,-0.4259338080883026,0.2648487091064453,-0.06695154526654412,0.14833870998687562,158.0,0.11028245611705463,173.67197074900588,2860.570359182849,0.011496674738530024,1.0669515452665441,0.44246347464767155,0.24056463739243863,0.14470561692345865,0.20222102920484664,0.0
687,77.62675405519829,12.9696191160618,36.264514640000044,40.687432520000016,38.71133796411767,0.7545310361555586,0.008284023962914944,0.7931034564971924,0.27828625018780045,0.19707498628860437,-0.3959234058856964,0.2884788513183594,0.009893437899076022,0.11214466702865648,385.0,0.2378136703090055,153.69384508178302,8598.423373379295,0.03455719118062675,0.990106562100924,0.27828625018780045,0.5187548534839321,0.43496226366876256,0.4852378175578643,499.9999999999634
688,77.63136329356914,12.9696191160618,36.03379828999999,40.77117400999998,38.1759329247059,0.769803071473802,-0.11014492809772491,0.7965863943099976,0.3087112007889093,0.19439005361182904,-0.3871428668498993,0.5109573006629944,-0.007250990774117264,0.10849701368607928,453.0,0.27312739201831415,150.01940735954264,7784.542152775624,0.03128619047300874,1.0072509907741172,0.3087112007889093,0.5957864408921816,0.39379103928275766,0.514988280248412,499.9999999999634
689,77.63597253193998,12.9696191160618,36.977171810000016,41.40692573000001,38.57260656411766,0.9050022822196928,0.0010353497928008437,0.8362385034561157,0.3556783758425245,0.2109365438773638,-0.4134140610694885,0.28735631704330444,-0.034484121285232844,0.12569363893384589,394.0,0.2479223082046042,156.56683574108007,6975.8546632912685,0.02803606344785985,1.034484121285233,0.3556783758425245,0.5408053309171248,0.35288254644025163,0.4656362171263755,707.1144300801308
690,77.64058177031083,12.9696191160618,37.49671085,40.64128925000003,38.97844486000002,0.6511756265423548,-0.00032425421522930264,0.7692627906799316,0.2593587083082933,0.17714240057596137,-0.35383063554763794,0.29937997460365295,0.0179679929293119,0.09424467643009053,561.0,0.40134959331261016,178.00834221842746,12195.49714365123,0.049013884061667304,0.982032007070688,0.2593587083082933,0.8754839417102873,0.6169248493382452,0.7720603047614705,1118.053339027393
691,77.64519100868168,12.9696191160618,37.29504767,39.91666901000002,38.69390487941179,0.5758668699504269,0.0019071836723014712,0.825664758682251,0.315267214307598,0.19555389214647398,-0.3926701545715332,0.27118146419525146,-0.016505637075386794,0.10493345226897836,448.0,0.36305327706299806,201.6381651787778,10021.59889167172,0.04027695471558864,1.0165056370753869,0.315267214307598,0.791946271654448,0.5069554208039353,0.677949931314243,1118.038826350605
692,77.64980024705253,12.9696191160618,36.48668594000003,39.69278870000002,38.73733383941178,0.45900413420723507,-0.01264298614114523,0.7875320911407471,0.2417242311963848,0.1754308645063679,-0.3288358449935913,0.25535881519317627,0.01904721129174326,0.09321163590734786,986.0,0.40494341826830266,102.18751057707391,16662.778451004357,0.06696795395240938,0.9809527887082568,0.2417242311963848,0.8833233318341382,0.8429079982847479,0.8671571984143822,999.9999999999268
693,77.65440948542337,12.9696191160618,36.623406740000036,40.77971905999999,39.37080293705884,0.839044023166095,-0.04222553223371506,0.773755669593811,0.2315350341796875,0.17668559351415614,-0.33297258615493774,0.2581556737422943,0.028863501915564905,0.09510087728339996,672.0,0.43001059286699056,159.21730579888202,13374.723924366466,0.053753213998903905,0.9711364980844351,0.2315350341796875,0.938003613540829,0.6765775470068345,0.8334331869272311,999.9999999999268
694,77.65901872379422,12.9696191160618,37.240359350000034,42.41695064000004,40.08003026000002,1.2471277907843394,-0.04185105487704277,0.8373116850852966,0.25849853515625,0.20216589568469373,-0.3713901937007904,0.347489595413208,0.049945289761412374,0.12221556041166876,171.0,0.2351623018748118,342.1779198832117,5571.8221458356675,0.02239323591743771,0.9500547102385877,0.25849853515625,0.5129712909081352,0.28185776253070727,0.42052587955716403,1118.038826350605
695,77.66362796216507,12.9696191160618,38.15467970000003,44.582266309999994,40.775603243529424,1.2065272695698153,-0.025269929319620132,0.8101293444633484,0.1979718496285233,0.17120168190617796,-0.33432063460350037,0.3234234154224396,0.0644195676317402,0.09334231103138114,604.0,0.3593457322729945,148.03211441300826,9026.472870316558,0.03627752846318354,0.9355804323682598,0.1979718496285233,0.7838588187682268,0.4566156959394434,0.6529615696367135,999.9999999999268
696,77.66823720053591,12.9696191160618,39.40225700000002,45.17358377000005,41.36259200000002,1.1578302529469215,-0.008160237222909927,0.7576062083244324,0.17552163931039663,0.1484237022333129,-0.2782176434993744,0.2913223206996918,0.06968761737530048,0.07548010901463462,487.0,0.36629741129595067,187.14803774092994,10674.88686414745,0.04290252877498451,0.9303123826246995,0.17552163931039663,0.7990228639147282,0.5400028299621497,0.6954148503336968,999.9999999999268
697,77.67284643890676,12.9696191160618,39.42105611000005,45.780282320000026,41.24956671235296,1.3452991246419261,-0.026430347934365273,0.7761695384979248,0.21532710056678922,0.1670251892634479,-0.3377457559108734,0.35485681891441345,0.06554542092715993,0.08191719859679315,514.0,0.35247071288777837,170.6240740605176,9048.666530658775,0.0363667251135623,0.93445457907284,0.21532710056678922,0.7688619951237202,0.45773839068502115,0.6444125533482405,1118.038826350605
698,77.6774556772776,12.9696191160618,38.68959983000002,47.12014616000002,40.90503266176472,1.9320480640282474,-0.03108935058116913,0.7886478900909424,0.3119344314874387,0.18779897500478282,-0.5381526350975037,0.27715951204299927,0.03364702710918352,0.10965071605752669,122.0,0.11516392317805751,234.8751173728331,3481.1672361261744,0.013990862799684053,0.9663529728908165,0.3119344314874387,0.25121282564304187,0.17609930512643263,0.22116741743639817,1118.053339027393
699,77.68206491564845,12.9696191160618,38.31703565000001,41.589789800000034,39.802874963529426,0.7181055999845357,-0.008816705085337162,0.7823834419250488,0.233192689185049,0.17750482888337504,-0.32686981558799744,0.2722463607788086,0.0328564453125,0.08439789312123985,544.0,0.3617463181513726,165.45717674603853,9929.97741609629,0.03990872664513636,0.9671435546875,0.233192689185049,0.7890953368119352,0.5023206310655813,0.6743854545133937,707.1144300801308
700,77.6866741540193,12.9696191160618,38.54262497000002,42.60665075000003,40.39789495000003,0.9244665464024527,-0.04117964580655098,0.6964239478111267,0.22566558837890624,0.1531179700877186,-0.21761006116867065,0.2746930420398712,0.052505111694335936,0.07450447108263761,481.0,0.313806561695141,162.32945618284592,7201.871229678689,0.028944427383371583,0.9474948883056641,0.22566558837890624,0.6845219483091041,0.3643158840503624,0.5564395226056074,499.9999999999634
701,77.69128339239015,12.9696191160618,37.81629572000003,42.05805854000002,40.66004105176473,0.721776148947506,-0.028646690770983696,0.7070730924606323,0.14018226773131126,0.11292154119051839,-0.22404371201992035,0.24205686151981354,0.08394221885531557,0.057824300926588613,735.0,0.36923600059491635,124.99628017167491,15162.79987337569,0.06093951778183891,0.9160577811446844,0.14018226773131126,0.8054329557284311,0.7670296599838045,0.7900716374305804,707.1144300801308
702,77.695892630761,12.9696191160618,37.828258790000035,43.66965497000001,41.175446534705905,1.0259286101022718,-0.0027863322757184505,0.7662612199783325,0.21571549957873776,0.15843769522148005,-0.32712021470069885,0.25959810614585876,0.06010577033547794,0.08544249721554104,617.0,0.30552385756937644,123.20841040055642,10043.401668992421,0.0403645804013013,0.9398942296645221,0.21571549957873776,0.6664544715335731,0.5080583422310238,0.6030960198125533,1118.038826350605
703,77.70050186913184,12.9696191160618,0.0,42.33662717000004,16.58886818764707,19.836442810883874,0.0,0.677647054195404,0.0920975083571214,0.14801638504410283,-0.2143634408712387,0.2659175992012024,0.013718465658334586,0.05147770596263937,192.0,0.1178969637195771,152.785373961405,3646.298910078489,0.014654529448666973,0.9862815343416654,0.0920975083571214,0.2571745436714439,0.18445270243972195,0.2280858071787551,1414.2288601602615
704,77.50230461918542,12.974110671936755,39.97306634000003,41.91962873,40.86570769117649,0.3870003948865003,-0.01744656264781952,0.7398562431335449,0.19492749980851715,0.11915334054014838,-0.16619092226028442,0.27596282958984375,0.06420906216490503,0.05674115438748428,353.0,0.18444909292844927,130.01163145987212,13277.807711106729,0.05336370629909837,0.9357909378350949,0.19492749980851715,0.4023480317721607,0.6716749161784699,0.5100787855346844,3162.278791068418
705,77.50691385755627,12.974110671936755,39.468908389999996,42.582724610000014,40.929503175000015,0.7551781113491558,0.008048727177083492,0.7438110113143921,0.19347331120417668,0.1147778162523604,-0.25827598571777344,0.29064449667930603,0.052967464740459734,0.06337411314789293,429.0,0.22553067464308799,130.8063166197098,14337.944194054351,0.05762441056171949,0.9470325352595402,0.19347331120417668,0.49196134069411873,0.7253032785417798,0.5852981158331831,3041.381559112453
706,77.51152309592712,12.974110671936755,39.34585967000001,43.81150280000003,41.116382202941196,0.8954195304684383,-0.024220246821641922,0.7395328283309937,0.19811288871017158,0.13522873187193638,-0.36401814222335815,0.2747199237346649,0.05096538468903186,0.07600518713168354,667.0,0.3137827669523111,117.05329517658838,14972.402897180185,0.0601743095080789,0.9490346153109681,0.19811288871017158,0.6844700436464564,0.7573981849836223,0.7136413001813228,2999.9999999997804
707,77.51613233429796,12.974110671936755,39.140778470000015,42.85103918000004,41.33928086705885,0.8361330988456429,0.013767208904027939,0.6974601149559021,0.18136522480085784,0.11888782493566444,-0.3059670031070709,0.3730129301548004,0.06963152717141544,0.07770021856201809,464.0,0.22758397442717712,122.04053043627756,16548.170087268285,0.06650734123720069,0.9303684728285846,0.18136522480085784,0.49644030621056584,0.8371103873552431,0.6327083386684368,3041.381559112453
708,77.52074157266881,12.974110671936755,38.76479627000003,42.45454885999999,40.63569505117649,0.8938163140846384,-0.010058550164103508,0.696177065372467,0.1436220022348257,0.1049020550731444,-0.3115275800228119,0.28380799293518066,0.07223206740159255,0.06467321011194098,392.0,0.21069490308121278,133.73600705502497,18995.96735733249,0.0763450748029742,0.9277679325984074,0.1436220022348257,0.45959933016334636,0.9609353486714831,0.6601337375666011,3162.278791068418
709,77.52535081103966,12.974110671936755,39.51505166000001,41.666695250000004,40.437976195294134,0.5273072449494052,-0.005902192089706659,0.7497648000717163,0.14621924306832107,0.10647172220792321,-0.2676776349544525,0.26814043521881104,0.05579260732613358,0.06070508586701347,461.0,0.2724229964369478,147.03584772497473,17985.085309548915,0.07228232484645615,0.9442073926738664,0.14621924306832107,0.5942499075796448,0.9097985850216079,0.72046937855643,3354.1043652507597
710,77.5299600494105,12.974110671936755,38.47939160000004,41.12664809,39.74268706117649,0.5436761828408653,-0.0035490035079419613,0.7106024622917175,0.1909283088235294,0.13456063762974704,-0.2564757466316223,0.3580653965473175,0.03760189879174326,0.07681866403398142,634.0,0.3630603873795024,142.48527944652992,15689.818626976064,0.06305761397611669,0.9623981012082568,0.1909283088235294,0.791961781743467,0.7936895789140137,0.7926529006116856,3605.555242922856
711,77.53456928778135,12.974110671936755,37.74793532000001,41.15570126000003,39.483266439411786,0.7431503134866168,-0.0004928536363877356,0.7643032073974609,0.2024150672325721,0.14887555136537986,-0.356035977602005,0.23739741742610931,0.034757972130408654,0.08246627860057308,725.0,0.4067467578668433,139.59391355774605,15084.949343659875,0.060626635347225184,0.9652420278695913,0.2024150672325721,0.8872570466958919,0.7630914911867387,0.8375908244922305,3535.540227852657
712,77.5391785261522,12.974110671936755,37.07458538000003,40.93011194000002,38.714649540588255,0.8804470378766367,-0.017045455053448677,0.7896749377250671,0.3026182167202819,0.19449030302892584,-0.36368662118911743,0.25794529914855957,-0.010322586508358227,0.10571508792482819,460.0,0.32002512053770044,173.10381041632567,12659.174486581232,0.05087741018616188,1.0103225865083583,0.3026182167202819,0.6980868017385202,0.6403805618491176,0.6750043057827592,3201.5665868085425
713,77.54378776452305,12.974110671936755,37.274539550000014,41.511175339999994,39.3978750747059,0.823276961425357,-0.008316700346767902,0.790736734867096,0.26885146197150733,0.1912717861982,-0.3741307258605957,0.2550981044769287,0.0007063458012599571,0.10958261194120575,548.0,0.38271255865874015,173.76909726387564,12768.703368554217,0.05131760838876018,0.9992936541987401,0.26885146197150733,0.8348300458737653,0.6459212206851985,0.7592665157983386,2915.4787073471493
714,77.54839700289389,12.974110671936755,37.93421741000003,42.635703920000026,40.289357374117664,1.0027275916362632,-0.0065146577544510365,0.7461951375007629,0.22472699333639706,0.159881461781119,-0.29644399881362915,0.34917402267456055,0.04126836739334406,0.0968500400359826,364.0,0.22152837026328523,151.42875736515023,15447.040404710533,0.062081884696805166,0.958731632606656,0.22472699333639706,0.4832309139720345,0.7814083314642744,0.6025018809689304,2692.583731741975
715,77.55300624126474,12.974110671936755,39.545813839999994,42.17939825000002,40.63725688000002,0.6227551844550225,-0.010742857120931149,0.731410801410675,0.14250382643479567,0.12160695628701085,-0.38819247484207153,0.4158730208873749,0.08077741182767428,0.07876556038419741,324.0,0.18323588044346717,140.7167832654234,16165.723303164266,0.0649702819344899,0.9192225881723257,0.14250382643479567,0.39970159069888683,0.817763826744871,0.5669264851172806,2549.5101074735317
716,77.55761547963559,12.974110671936755,40.29265121,43.73972438000004,41.55568647588237,0.6109090762747253,-0.009885329753160477,0.5893197655677795,0.09257317636527267,0.07118282849405402,-0.11569204926490784,0.2632612884044647,0.11120489382276348,0.05078952286940541,418.0,0.24054179993723127,143.18405721990524,19441.00777858357,0.07813369886257734,0.8887951061772366,0.09257317636527267,0.5247058590915431,0.9834482886193786,0.7082028309026773,2499.999999999817
717,77.56222471800643,12.974110671936755,36.315784940000015,42.519491240000036,40.05826255823531,1.4043220638361547,-0.00324324332177639,0.7690731287002563,0.2105334712009804,0.1772721711759379,-0.3427830636501312,0.32469725608825684,0.04721959132774203,0.10617790563851276,215.0,0.18939632063286335,219.18633128049453,12931.40723400103,0.051971517639318836,0.952780408672258,0.2105334712009804,0.41313966700330745,0.654151804194439,0.5095445218797601,2549.5101074735317
718,77.56683395637728,12.974110671936755,36.320911970000026,45.14794862000002,40.888007610588254,2.4172324483183436,-0.004541811533272266,0.8063891530036926,0.2643493887094351,0.20451990770068001,-0.36496102809906006,0.274379163980484,0.00966108909020057,0.11346774433793393,84.0,0.15277463265572272,452.5351851205583,2868.4954080372404,0.01152852562752264,0.9903389109097994,0.2643493887094351,0.33325494735606825,0.1451065156742766,0.25799557468335155,2500.005721947349
719,77.57144319474813,12.974110671936755,39.499670570000006,45.51538577000002,41.90739955117649,1.4519370789639987,-0.020408162847161293,0.7754318714141846,0.16850898293887867,0.1596621411408832,-0.32878434658050537,0.34641745686531067,0.08398813285079657,0.10262736623697014,586.0,0.3700256809178859,157.11391120992232,10031.950128617329,0.04031855649053646,0.9160118671492035,0.16850898293887867,0.8071555249134108,0.5074790513880693,0.6872849355032742,2000.007152429664
720,77.57605243311897,12.974110671936755,38.83657469000002,44.717278100000016,40.92338234352943,1.1174130359870835,-0.0025949515402317047,0.7216312289237976,0.1393771063112745,0.12362981289833874,-0.2767915725708008,0.3255118429660797,0.09542747347962623,0.08333715467240238,316.0,0.30931572216127856,243.55402002646255,11221.8493710574,0.04510077920987715,0.9045725265203738,0.1393771063112745,0.6747258554209972,0.5676716292078413,0.6319041649357349,1500.005364322248
721,77.58066167148982,12.974110671936755,35.88682343000002,40.894222730000024,38.63224450823531,1.3376513760858106,-0.3173026740550995,0.8129779100418091,0.29238182654747596,0.2259752642978249,-0.3856433629989624,0.48133140802383423,0.0012615328568678637,0.1301648413141675,156.0,0.25425958641304724,405.5394683919653,5742.18845653699,0.023077940649222726,0.9987384671431322,0.29238182654747596,0.5546291528371857,0.29047596065118664,0.4489678759627861,1000.003576214832
722,77.58527090986067,12.974110671936755,36.756709520000015,40.40031884000001,38.38012118176472,0.7160469190832874,-0.035081375390291214,0.8236004710197449,0.3491052006740196,0.22526297119289063,-0.37931033968925476,0.38393017649650574,-0.03081174663468903,0.138307358639228,57.0,0.3197667875649033,1395.8504404538032,2037.858765851331,0.008190184631832508,1.030811746634689,0.3491052006740196,0.6975232871042297,0.10308769681848802,0.459749050989933,500.001788107416
723,77.58988014823152,12.974110671936755,31.85185082000001,38.70839894000002,34.86328019176472,1.7440738911407132,0.04923474043607712,0.8830591440200806,0.6336353975183824,0.1899299270663061,-0.4540673792362213,0.34019994735717773,-0.19103051279105393,0.13477099980721066,13.0,0.04671786480663202,894.1698517818584,2327.8523822449947,0.00935567328105433,1.1910305127910539,0.6336353975183824,0.1019080151336818,0.1177573954781977,0.10824776727148816,0.0
724,77.59448938660236,12.974110671936755,31.86552290000003,39.38174888,35.10316415500002,2.052523651037092,-0.021692490205168724,0.8658508062362671,0.5273482102614183,0.24979877041980927,-0.46399056911468506,0.4790586233139038,-0.13408379187950722,0.15896993981172525,22.0,0.10389396793308656,1175.0275303963897,2503.7184756969473,0.010062481721358029,1.1340837918795073,0.5273482102614183,0.22662910859145743,0.12665380715609578,0.18663898801731277,0.0
725,77.59909862497321,12.974110671936755,35.37753845000003,39.67398959000002,37.77537409647061,0.8908440133338262,0.0013245033333078027,0.8150498867034912,0.33554462507659316,0.20693714564488871,-0.387438029050827,0.3111046552658081,-0.037135626101026345,0.12214919838546166,146.0,0.2891868671287581,492.8401717980097,4744.635275071356,0.019068759604302606,1.0371356261010263,0.33554462507659316,0.6308177771779482,0.24001345478253913,0.4744960482197846,499.9999999999634
726,77.60370786334406,12.974110671936755,35.80649996,41.753854760000024,38.61618927588238,1.1759869307342736,-0.026049822568893433,0.8223194479942322,0.2831005380667892,0.2087447844072556,-0.408660352230072,0.34689581394195557,0.005666770187078738,0.12564019178365962,180.0,0.3330054251339537,460.31930983427503,4477.3073436989,0.017994364679651584,0.9943332298129213,0.2831005380667892,0.7264013893745329,0.22649032884160836,0.5264369651613631,499.9999999999634
727,77.6083171017149,12.974110671936755,37.04211419000001,43.78586765000003,40.13686519117649,1.2012014492924568,-0.040830448269844055,0.8022304773330688,0.23806779450061274,0.21347066969542827,-0.38790035247802734,0.40205201506614685,0.030801598044002756,0.1287879185943694,167.0,0.31747699695025566,473.01638220484466,3995.9214995316943,0.01605966782580318,0.9691984019559973,0.23806779450061274,0.6925284523108094,0.20213880910540644,0.4963725950286482,707.1080455705314
728,77.61292634008575,12.974110671936755,35.40317360000003,40.36955666,37.72139540000002,0.9122296381966578,0.0024286580737680197,0.8388732671737671,0.3941089806189904,0.22438812585243978,-0.425540953874588,0.40853869915008545,-0.05604486318734976,0.1409191820022805,90.0,0.22406925107818151,619.469805754073,3898.3495090887204,0.015667524547763247,1.0560448631873498,0.3941089806189904,0.4887734643777323,0.19720300494796783,0.37214528060582647,499.9999999999634
729,77.6175355784566,12.974110671936755,35.76890174000002,40.26188903000002,38.47560694117648,0.7750546323963123,-0.014475271105766296,0.8044619560241699,0.2673759191176471,0.19442713638348558,-0.39398106932640076,0.3687024414539337,-0.0005700002932081036,0.11399411628708253,176.0,0.3736535597155674,528.2467647438126,4862.79244421435,0.019543635021123513,1.000570000293208,0.2673759191176471,0.8150691983860222,0.24599058658070638,0.5874377536638958,499.9999999999634
730,77.62214481682744,12.974110671936755,36.68151308000003,42.24092261000001,39.27730412352943,1.3720189336086963,-0.01052864920347929,0.8097426295280457,0.28004978553921567,0.21089615778626636,-0.4000000059604645,0.39004677534103394,0.012338849235983456,0.12922187037868627,355.0,0.2861056834392186,200.5296157743363,9193.919435637834,0.03695049869494272,0.9876611507640165,0.28004978553921567,0.6240966370881154,0.4650861949987467,0.5604924602523679,499.9999999999634
731,77.62675405519829,12.974110671936755,36.65416892000002,41.4017987,39.202042634705904,1.1420619639083627,-0.01600000075995922,0.8028169274330139,0.22211763822115385,0.21215187153061477,-0.3815993070602417,0.4633360207080841,0.03192545670729417,0.12816098726451797,605.0,0.2820292041672021,115.98961233443887,12007.573885317466,0.04825861769671581,0.9680745432927058,0.22211763822115385,0.6152044089637294,0.6074185105257218,0.6120900495885264,707.1080455705314
732,77.63136329356914,12.974110671936755,37.73768125999999,41.12493907999999,39.67141129117649,0.6988373607018211,-0.01560140959918499,0.7662042379379272,0.1422061456418505,0.13653986440624952,-0.3279890716075897,0.25645124912261963,0.07434923358992035,0.079758593699724,1063.0,0.3896088010312086,91.19601973952061,15600.344680252962,0.06269801685600182,0.9256507664100797,0.1422061456418505,0.8498731642818498,0.7891634246743249,0.8255892684388397,999.9999999999268
733,77.63597253193998,12.974110671936755,37.71375512,41.439396920000036,39.404066540000024,0.6409962923008996,-0.01230992004275322,0.737864077091217,0.18666927562040442,0.1496999766619944,-0.278767466545105,0.32045653462409973,0.054083700741038604,0.08602306468019838,835.0,0.3835561386435692,114.29384731270358,14568.764087431678,0.058552079139708724,0.9459162992589614,0.18666927562040442,0.8366701890869933,0.7369795986022709,0.7967939528931043,1118.03478841692
734,77.64058177031083,12.974110671936755,36.63024278,40.01066456000001,38.46546819500002,0.9211469834356818,-0.0021210231352597475,0.8154286742210388,0.2623291719876803,0.18904110518293643,-0.3701930642127991,0.2456335872411728,0.006715798011192909,0.1028145118514801,592.0,0.4134642724687089,173.77875079280298,12714.367331265286,0.05109923104828115,0.9932842019888071,0.2623291719876803,0.9019102972787497,0.6431725626171212,0.7984152034140983,1118.037187414809
735,77.64519100868168,12.974110671936755,34.95199496000001,40.178147540000055,38.21195814588237,1.0730996678913822,-0.022504327818751335,0.8187513947486877,0.3176546702665441,0.20340498532971463,-0.4028305113315582,0.3005008399486542,-0.021421430999157474,0.11353358988215967,363.0,0.32771996064325776,224.63460419234573,10607.346630590117,0.042631083573687376,1.0214214309991574,0.3176546702665441,0.714871941324289,0.5365862207070429,0.6435576530773905,707.1080455705314
736,77.64980024705253,12.974110671936755,37.628304619999994,42.86471126000001,39.551555877058846,0.8730145974915303,-0.031229235231876373,0.7917768955230713,0.20066056793811274,0.1662484105599678,-0.32712244987487793,0.2578663229942322,0.059816930434283086,0.09150520795484313,737.0,0.4249861498950012,143.478781126995,12333.575110746577,0.04956882146118161,0.940183069565717,0.20066056793811274,0.9270435447845377,0.6239097002257363,0.8057900069610171,499.9999999999634
737,77.65440948542337,12.974110671936755,36.541374260000026,40.82928035000003,38.96847596352943,1.0228814552246677,-0.0023155806120485067,0.7948063015937805,0.2572416569636418,0.20654576779264994,-0.3596540689468384,0.23306666314601898,0.00863661839411809,0.11160115520948895,749.0,0.40876459251251807,135.79126740412016,13961.379745619102,0.05611099245338437,0.9913633816058819,0.2572416569636418,0.8916586503320988,0.706254283418363,0.8174969035666044,499.9999999999634
738,77.65901872379422,12.974110671936755,38.15297069000002,51.49008473000001,43.71767282882355,3.47431694731484,0.0,0.8092243075370789,0.30058849858302694,0.19790626416413207,-0.37330690026283264,0.380203515291214,0.08233545639935662,0.15138837087857795,62.0,0.43726115837944163,1754.8079817602568,2214.649024953244,0.008900707307602576,0.9176645436006434,0.30058849858302694,0.9538196347359098,0.1120308585999407,0.6171041242815222,707.1080455705314
739,77.66362796216507,12.974110671936755,37.17199895000002,46.903101890000045,40.477963481176495,1.4443184632308523,-0.013785789720714092,0.8073018193244934,0.27540661381740195,0.2112688828177342,-0.37066566944122314,0.2896551787853241,0.02435185899921492,0.1186390117968639,483.0,0.34068272634342106,175.50252654566123,9391.742439612064,0.03774555228458431,0.9756481410007851,0.27540661381740195,0.743148270489039,0.4750933251292288,0.635926292345115,999.9999999999268
740,77.66823720053591,12.974110671936755,38.798976470000014,45.973400450000014,41.53565143823531,1.7438288284692516,-0.01796860247850418,0.7873259782791138,0.29246650108924277,0.17618315763916031,-0.34485071897506714,0.35438767075538635,0.07176409207857572,0.11169440096924366,224.0,0.13936781992929193,154.8085268522857,5919.659443984465,0.02379119918231897,0.9282359079214243,0.29246650108924277,0.3040099962035577,0.2994535579482299,0.3021874209014266,1118.03478841692
741,77.67284643890676,12.974110671936755,39.97135732999999,46.89284783000002,42.30545104294119,2.0037044820068823,-0.028831563889980316,0.7804877758026123,0.25214439242493875,0.18979176267355377,-0.28953856229782104,0.3550765812397003,0.09120761646943934,0.10342414595002528,595.0,0.2995258737569809,125.25577766362014,9260.17088998187,0.037216764273449776,0.9087923835305607,0.25214439242493875,0.6533707694496883,0.46843760970601117,0.5793975055522175,1414.2160911410629
742,77.6774556772776,12.974110671936755,39.29288036000003,43.08517355000001,40.93125916470591,0.705853265446458,-0.03044802136719227,0.789823591709137,0.17480119293811275,0.1573821414756038,-0.28205129504203796,0.30791983008384705,0.07161947811351103,0.07594889907162675,740.0,0.45304101138294023,152.33026166147135,13652.036639513166,0.05486773791776706,0.928380521886489,0.17480119293811275,0.9882410173342756,0.6906057660286822,0.8691869168120383,1000.003576214832
743,77.68206491564845,12.974110671936755,39.28604432000003,41.77265387000003,40.69182627235296,0.5737325293015928,-0.014606496319174767,0.6617941856384277,0.14114600088082108,0.11715169594892838,-0.2256956398487091,0.3263252079486847,0.07688956466375613,0.06865130907632103,812.0,0.482330893779472,147.79830050062571,15645.549543185181,0.06287969587118956,0.9231104353362438,0.14114600088082108,1.0,0.7914501705876176,0.916580068235047,500.001788107416
744,77.6866741540193,12.974110671936755,31.67069576000003,41.95039091000001,35.79090664000002,2.88827372320467,0.00544959120452404,0.7238120436668396,0.47101553109975963,0.16795006031303056,-0.46362340450286865,0.33857351541519165,-0.11318278386042668,0.150935423559295,134.0,0.10674850511688555,198.21540002647092,1157.7619086064155,0.0046530622975866735,1.1131827838604267,0.47101553109975963,0.23285585332241418,0.0585668696096083,0.16314025983729183,0.0
745,77.69128339239015,12.974110671936755,30.32741390000004,43.71067120999999,38.13538385352943,4.102202109733928,-0.14311926066875458,0.7787418365478516,0.2777699668734681,0.22812152642098601,-0.5877141356468201,0.5428887605667114,-0.006837179146560968,0.17138700551032263,248.0,0.13252371132170485,132.96039560299621,4830.474430622446,0.019413748444738914,1.006837179146561,0.2777699668734681,0.2890805997843203,0.24435573845346323,0.2711906552519775,500.001788107416
746,77.695892630761,12.974110671936755,40.065352880000034,44.91039623000003,42.15146865058826,1.1223554469232082,-0.0282344538718462,0.6786941289901733,0.13411460726868873,0.09474946996182222,-0.18477316200733185,0.4147186279296875,0.10769756242340686,0.06569893677563272,504.0,0.3037532491852558,149.95839564628992,9610.331526468675,0.03862406506960129,0.8923024375765931,0.13411460726868873,0.6625921549069114,0.4861509341703003,0.5920156666122669,1000.003576214832
747,77.70050186913184,12.974110671936755,0.0,42.19819736000002,16.698676515294128,19.962241697749267,-0.009221689775586128,0.6364144086837769,0.09140144935021034,0.13554385985597228,-0.142471045255661,0.3863636255264282,0.02309895442082332,0.052394431801052556,70.0,0.08098585096671203,287.8667466368343,1154.0394680462937,0.0046381017537161645,0.9769010455791767,0.09140144935021034,0.1766584872851078,0.05837856518423937,0.12934651844476042,1500.005364322248
748,77.50230461918542,12.97860222781171,39.335605610000016,50.18440109000002,41.51586883437502,1.9904368864371051,0.011639849282801151,0.7681222558021545,0.20561987783394609,0.14518449583100168,-0.3555406630039215,0.40723317861557007,0.049573941698261334,0.09583194539048906,507.0,0.22182404788300789,108.86319005295942,13104.91239782362,0.052668837468394285,0.9504260583017387,0.20561987783394609,0.4838758903524856,0.6629287852219309,0.5554970483002637,3640.050964524308
749,77.50691385755627,12.97860222781171,38.73232508000004,41.465032070000035,40.03352256875002,0.6326197333000948,0.005274093244224787,0.7435897588729858,0.2231793682391827,0.1476209350985095,-0.28743666410446167,0.2263621836900711,0.014679037240835337,0.07268161303651244,757.0,0.3116372953543599,102.4315953210471,16252.648707315777,0.0653196364241766,0.9853209627591647,0.2231793682391827,0.6797900191423858,0.8221610596930788,0.736738435362663,3535.5328814879153
750,77.51152309592712,12.97860222781171,38.90835311000001,43.14157088000002,40.66027685375002,0.7776685141893602,-0.16201959550380707,0.8028674125671387,0.24894583907781861,0.1752059458103596,-0.32839328050613403,0.4205315411090851,0.025819965437346815,0.09413654035595892,506.0,0.27312395079759433,134.3042199584709,12134.787094789928,0.04876988947405715,0.9741800345626532,0.24894583907781861,0.59577893438531,0.6138537537276351,0.60300886212224,3499.999999999744
751,77.51613233429796,12.97860222781171,39.45010928000005,42.276811820000006,40.98049631937503,0.599915116854571,-0.011202938854694366,0.7250826358795166,0.22468369427849263,0.14138569640954338,-0.2348267138004303,0.28525546193122864,0.04743380378274357,0.07456268174174772,503.0,0.2635621594593828,130.37534234580522,13484.452777749106,0.05419421588956617,0.9525661962172565,0.22468369427849263,0.5749213206987095,0.6821283216528999,0.6178041210803856,3535.5328814879153
752,77.52074157266881,12.97860222781171,39.51505166000001,48.66338218999999,44.42623746687502,2.534928536529793,-0.05231846123933792,0.6169946789741516,0.17694508479191706,0.08976328051243967,-0.22916172444820404,0.4721144139766693,0.12498795729417067,0.07002958980264191,88.0,0.07066907698975947,199.81456253588877,3931.325137799409,0.015800054089072486,0.8750120427058293,0.17694508479191706,0.15415399220756723,0.1988711193786096,0.17204084307598416,3640.050964524308
753,77.52535081103966,12.97860222781171,38.060684150000014,48.90606161000002,41.93761103375002,2.5271570098296516,0.008818342350423336,0.8148820400238037,0.15087926528033088,0.12783717727606564,-0.4014325737953186,0.24283082783222198,0.0796035826439951,0.08474510906050346,299.0,0.19235790601936448,160.07342673461167,15426.541335076492,0.06199949863163865,0.9203964173560049,0.15087926528033088,0.4195999213329189,0.7803713597609815,0.5639084967041439,3807.8779923672073
754,77.5299600494105,12.97860222781171,37.32922787000001,43.03390325000004,39.47286047562502,1.1688884158408894,0.015766842290759087,0.7786009907722473,0.20551461014093136,0.16369040907226406,-0.3412116765975952,0.20560109615325928,0.021630706787109374,0.08976788865239317,385.0,0.21638848396244612,139.84720932313323,16401.030161075458,0.06591598368954943,0.9783692932128907,0.20551461014093136,0.4720190229085337,0.8296671256555422,0.6150782640073371,4031.1144981683105
755,77.53456928778135,12.97860222781171,37.13952776000002,41.92817378000001,39.68561965437501,1.0010263358773088,0.01053864136338234,0.7597841024398804,0.22114356407752403,0.15635088138141376,-0.36927878856658936,0.23529411852359772,0.02237819378192608,0.08830450454695597,402.0,0.225472149332449,139.55559135878443,16753.36607074373,0.06733202694090905,0.9776218062180739,0.22114356407752403,0.4918336765068322,0.8474904891009357,0.6340964015444737,3905.1016506743495
756,77.5391785261522,12.97860222781171,38.50673576,41.52142939999999,39.90563584250002,0.6852202725609122,-0.03324668109416962,0.6987709403038025,0.1615133128446691,0.12225073500277485,-0.2874467372894287,0.39842209219932556,0.06303616392846201,0.07450165891630824,387.0,0.22700229226594373,145.94851059108032,17046.037152220764,0.06850827636204772,0.936963836071538,0.1615133128446691,0.4951714538189739,0.8622956307625754,0.6420211245964145,3605.53520262155
757,77.54378776452305,12.97860222781171,39.02114777000003,42.32295509000002,40.86833625500002,0.6158897254979049,-0.05662805587053299,0.7908143401145935,0.1536004518995098,0.13202372390070324,-0.33410006761550903,0.3155101239681244,0.07801717122395833,0.07788597369961868,475.0,0.2800218713616044,146.6826453566416,16817.405116006994,0.06758940081447741,0.9219828287760417,0.1536004518995098,0.6108257135165405,0.8507299862600466,0.7067874226139429,3354.0922475022935
758,77.54839700289389,12.97860222781171,39.474035420000035,42.70235531,41.32630695312502,0.8240547850770665,-0.02208009734749794,0.7942265272140503,0.22991067325367648,0.16260930563248593,-0.32269662618637085,0.35214826464653015,0.05403201832490809,0.10241407499373226,265.0,0.29130291824503046,273.51386786995135,12874.672781009507,0.05174350103052677,0.9459679816750919,0.22991067325367648,0.6354336253138441,0.6512818191949096,0.6417729028662702,3162.2730787101254
759,77.55300624126474,12.97860222781171,39.43131017000002,42.78951482000002,40.729570297812515,0.6324040305168257,0.01527403388172388,0.7765211462974548,0.19566914485051082,0.13193529746648502,-0.28019559383392334,0.39529120922088623,0.052968174861027645,0.07990550019316846,782.0,0.32056909313802573,101.99885233763202,17072.279265451663,0.0686137438046851,0.9470318251389723,0.19566914485051082,0.6992733963788298,0.8636231216848883,0.7650132865012531,3041.380074256211
760,77.55761547963559,12.97860222781171,39.11685233000003,43.520971100000025,41.40450672687502,0.9288120219901242,-0.03303108736872673,0.7867435216903687,0.1835595583448223,0.14752487184483867,-0.35276177525520325,0.4032424986362457,0.06692699955958946,0.09026334211233947,420.0,0.25016120441075296,148.20097418020055,14177.126326029773,0.0569780811627983,0.9330730004404105,0.1835595583448223,0.5456891471917624,0.7171681006287081,0.6142807285665407,2999.9999999997804
761,77.56222471800643,12.97860222781171,36.33971108000003,45.062498120000015,39.836307841250026,1.7989066632928594,-0.0466531440615654,0.8147138953208923,0.30740894990808826,0.20507375039625803,-0.39123600721359253,0.40300750732421875,0.018849358652152266,0.13959825420157587,94.0,0.20719057184685147,548.4316691257022,3989.086096292648,0.016032196238714352,0.9811506413478477,0.30740894990808826,0.45195515716993445,0.20179303147422475,0.3518903068916506,2692.548774321591
762,77.56683395637728,12.97860222781171,37.33777292000002,44.24730035000002,40.53614743625002,1.8151111735016991,0.005167464260011911,0.8239660859107971,0.3043000206580529,0.22692864016046305,-0.3947696089744568,0.22997316718101501,-0.0031604348696195163,0.13033179624273494,141.0,0.2209187338146914,389.8466641834281,7583.280452621444,0.03047731671237272,1.0031604348696195,0.3043000206580529,0.4819010834952674,0.38360995829994476,0.4425846334171384,2236.0420607279275
763,77.57144319474813,12.97860222781171,39.43643720000003,45.57349211000002,41.94828606312502,1.4740139291036365,0.005343197844922543,0.797653317451477,0.24861285041360295,0.19783342573320795,-0.39614856243133545,0.35996150970458984,0.02469973695044424,0.12705970115755516,84.0,0.20630320795052962,611.0926845508658,3269.5681539744664,0.013140442947342228,0.9753002630495557,0.24861285041360295,0.4500195059206802,0.16539529442978704,0.33616982132432294,1802.757555734037
764,77.57605243311897,12.97860222781171,39.08096312000001,44.717278100000044,41.08327567812501,1.1597255791993861,-0.04122178629040718,0.7483010292053223,0.15252556295955882,0.13510052779584195,-0.3211261034011841,0.47117647528648376,0.09304730583639706,0.09133674222739348,291.0,0.3597996021629507,307.6437379323986,8782.506626609924,0.035297024508064136,0.9069526941636029,0.15252556295955882,0.78484886785985,0.444274350902871,0.6486190610770584,1414.203317891734
765,77.58066167148982,12.97860222781171,36.81994289000002,41.48383118000004,39.14968165812502,0.9109536725008701,0.0029041627421975136,0.8234695792198181,0.34637357271634617,0.196825608252383,-0.3877108693122864,0.3200232684612274,-0.011107157193697415,0.12310218594301796,148.0,0.24306627479285597,408.6423558790986,4502.556686230096,0.018095842162109247,1.0111071571936974,0.34637357271634617,0.5302126223577248,0.2277675991860204,0.4092346130890431,1118.0210303639637
766,77.58527090986067,12.97860222781171,36.59435357000004,39.85685366000004,37.93269689375001,0.7790490395103614,-0.001786423148587346,0.8034656643867493,0.38367118087469365,0.1947392009781282,-0.474494069814682,0.26812228560447693,-0.03983273973651961,0.11807206495422355,71.0,0.2356001820528733,825.653188980834,2781.1733985432497,0.011177577175076945,1.0398327397365197,0.38367118087469365,0.5139264608414644,0.14068921993664138,0.3646315644795352,707.101658945867
767,77.58988014823152,12.97860222781171,34.69906148000004,41.23431572000001,38.76854729562502,1.4177720018645972,-0.027843087911605835,0.8104151487350464,0.35489315257352944,0.23470263922448661,-0.4116838574409485,0.37025225162506104,-0.03897037880093444,0.14833082981362,16.0,0.17779185212005866,2764.8543700987607,2495.4319919345544,0.010029178220104679,1.0389703788009343,0.35489315257352944,0.38782625942965143,0.12623462475734304,0.2831896055607281,499.9927560315588
768,77.59448938660236,12.97860222781171,32.01762479000001,40.868587580000025,35.02685909250002,2.2826443455818497,0.05312627553939819,0.8460487127304077,0.5982176325871394,0.19533806780106536,-0.4401609003543854,0.28093159198760986,-0.17838883620042068,0.13415658444429626,17.0,0.09756952839331477,1428.0574331226255,1478.0461266225157,0.005940289324391007,1.1783888362004207,0.5982176325871394,0.21283329230150524,0.07476885716432337,0.1576075182466325,0.0
769,77.59909862497321,12.97860222781171,32.831113550000026,40.634453210000004,37.15643564937502,1.711411507190346,-0.013392857275903225,0.8560606241226196,0.4946173215379902,0.24449783754764537,-0.43718215823173523,0.33436670899391174,-0.11123055252374388,0.15657671046076713,32.0,0.13087350418871613,1017.6118187406136,4334.923426079007,0.017422121601057577,1.1112305525237438,0.4946173215379902,0.28548092042871653,0.21928765592953528,0.25900361462904403,0.0
770,77.60370786334406,12.97860222781171,33.465156260000015,41.12835710000002,37.59178709750001,2.058309225462791,-0.010971150361001492,0.8381876945495605,0.42073864506740194,0.2470198885987339,-0.4357565641403198,0.3410249650478363,-0.0730800075157016,0.155224712001106,108.0,0.15409089533395895,355.0042994211531,3558.6409788912274,0.01430223092194929,1.0730800075157017,0.42073864506740194,0.33612617697002434,0.18001841367280969,0.2736830716511385,0.0
771,77.6083171017149,12.97860222781171,36.182482160000006,43.744851410000024,39.49836368000002,1.7271657776546891,-0.016271186992526054,0.8390284180641174,0.39404952703737745,0.23751650779800906,-0.39949658513069153,0.2883172631263733,-0.05146963082107843,0.1474456135689176,51.0,0.18831922017942782,918.7658845460975,2824.187956056198,0.011350453320269691,1.0514696308210785,0.39404952703737745,0.41079013391219704,0.14286516644381936,0.30362014692484596,499.9927560315588
772,77.61292634008575,12.97860222781171,35.01864635000001,40.993345309999995,37.751799441875015,1.468878672083758,0.04211793094873428,0.8574010729789734,0.46328791691706733,0.21564157517406954,-0.4193759262561798,0.2977290451526642,-0.07764651958759014,0.1435529965454683,86.0,0.16370457263913465,473.63386694518334,2300.2140070693945,0.009244594240933776,1.0776465195875902,0.46328791691706733,0.35709697211148167,0.11635927285635467,0.26080189240943086,0.0
773,77.6175355784566,12.97860222781171,28.97216897000004,38.98354955000002,35.488649232500016,2.570539831659285,-0.11849957704544067,0.8390713930130005,0.3681345262714461,0.25431499880740005,-0.6389244794845581,0.269153892993927,-0.14091957241881128,0.19360282311508076,157.0,0.18688074658019782,296.1728862799034,3220.3927464392896,0.012942806254452741,1.1409195724188113,0.3681345262714461,0.4076523195038013,0.1629076934302182,0.30975446907436804,499.9927560315588
774,77.62214481682744,12.97860222781171,29.06616452,41.58808078999999,38.842342598750015,2.6247135944227424,-0.12054329365491867,0.8175369501113892,0.17419689702052696,0.17319040198166846,-0.620895504951477,0.421757310628891,0.006418917786841299,0.18707639661003606,593.0,0.2176284519720808,91.3148414019161,13647.003554169862,0.054847509873056505,0.9935810822131587,0.17419689702052696,0.474723827145931,0.6903511609576014,0.5609747606705991,707.101658945867
775,77.62675405519829,12.97860222781171,39.041655890000044,41.12152106000002,40.115102663750015,0.36624341445702047,-0.016365569084882736,0.7905146479606628,0.1803817396897536,0.16659084828960674,-0.3361445665359497,0.5367076992988586,0.061532733623798075,0.10042070353235918,686.0,0.28954249888483585,105.01917256337615,15574.120633052202,0.06259262202100777,0.9384672663762019,0.1803817396897536,0.6315935345146844,0.7878368476452952,0.6940908597669286,499.9999999999634
776,77.63136329356914,12.97860222781171,36.044052350000044,40.77971905999999,39.00934177812502,1.2885557269581607,-0.0010460250778123736,0.8021218776702881,0.28623214422487747,0.22821914681045513,-0.37217795848846436,0.2921108603477478,0.015853931202607998,0.12529839846496268,817.0,0.2636961136172674,80.30860134363625,10039.928235556983,0.04035062062076139,0.984146068797392,0.28623214422487747,0.5752135216031263,0.5078826341501146,0.5482811666219216,499.9999999999634
777,77.63597253193998,12.97860222781171,36.66271397000003,40.50456845000002,38.96213666000002,0.968828458119367,-0.03722988814115524,0.836624801158905,0.2717242551317402,0.21976731774526076,-0.39754098653793335,0.2940816581249237,0.015121833950865502,0.12444507950802473,622.0,0.35928692165027115,143.72470098276577,11878.660078703284,0.047740511194216635,0.9848781660491345,0.2717242551317402,0.7837305322154206,0.6008972404383867,0.710597215504607,707.101658945867
778,77.64058177031083,12.97860222781171,36.83190596,40.69768658000004,39.07165851000002,0.8234907260332802,0.004291845485568047,0.8009822964668274,0.2818450692983774,0.19176125232162328,-0.4159548878669739,0.35683003067970276,0.006539896451509916,0.10884951321320589,481.0,0.3839430881672296,198.61048274668343,11394.504858972978,0.045794684178868936,0.9934601035484901,0.2818450692983774,0.8375142614365404,0.5764056282908707,0.7330708081782725,999.9855120631177
779,77.64519100868168,12.97860222781171,35.26474379000004,39.528723740000004,37.922650176875024,0.7846702508926813,-0.01588488183915615,0.8288973569869995,0.3637188361672794,0.20964223036138366,-0.3874301314353943,0.26224783062934875,-0.043499809713924635,0.11931826820525511,413.0,0.34110696989781275,205.5043085053629,10016.180909904164,0.04025517976643526,1.0434998097139245,0.3637188361672794,0.7440736941731106,0.5066813452540585,0.6491167546054898,499.9927560315588
780,77.64980024705253,12.97860222781171,34.376058590000014,40.73528479999999,37.11980503062502,1.0879256786096767,-0.011041926220059395,0.8688397407531738,0.5304922066482843,0.21907538799855705,-0.42183148860931396,0.3600998520851135,-0.11796620088465073,0.14981775678391596,64.0,0.14871965825725048,578.1876280450797,824.9625106763187,0.003315536576920986,1.1179662008846507,0.5304922066482843,0.32440962888792757,0.041731785643001354,0.21133849158995707,0.0
781,77.65440948542337,12.97860222781171,32.16630866,40.86687857000001,36.606825573125015,1.9613899967535677,-0.05865921825170517,0.863095223903656,0.46476590670072115,0.24302386622268154,-0.5445752739906311,0.4647696614265442,-0.10599952110877404,0.18298279654473454,83.0,0.12546700397049423,376.1246744716298,4483.528295996476,0.01801936677928516,1.105999521108774,0.46476590670072115,0.2736874510923226,0.22680502368460786,0.2549344801292367,0.0
782,77.65901872379422,12.97860222781171,33.93342500000006,44.81469167000003,39.18412574937502,2.151926648786915,-0.040250662714242935,0.8296455144882202,0.3376105574065564,0.2410080273152285,-0.44250229001045227,0.31662023067474365,-0.019286071178959866,0.15584687648737436,97.0,0.23947500960181936,614.2835065887714,2940.1373617057066,0.011816455702836176,1.01928607117896,0.3376105574065564,0.5223788159765463,0.14873061569681847,0.3729195358646552,499.9927560315588
783,77.66362796216507,12.97860222781171,33.284001200000006,41.70087545000001,38.71077396125002,2.1700884876079996,-0.048469386994838715,0.8073047995567322,0.22090930415134805,0.2203201911740914,-0.5525758862495422,0.5226891040802002,0.021216794182272517,0.14030250406184502,207.0,0.23222479746527333,279.13779078659456,4300.814572030129,0.017285037610291498,0.9787832058177275,0.22090930415134805,0.5065635656180015,0.2175622158431376,0.3909630257080559,499.9999999999634
784,77.66823720053591,12.97860222781171,38.33925278000004,41.952099919999995,40.24888924437502,0.9258106095655713,-0.020975211635231972,0.708045482635498,0.18264214148888222,0.1575380563746172,-0.3173828125,0.3570657968521118,0.07669615525465745,0.07901133066555248,318.0,0.30997279316163057,242.53635500479103,5777.169438515758,0.023218529735085713,0.9233038447453426,0.18264214148888222,0.676159157257991,0.2922455184463922,0.5225937017333515,707.101658945867
785,77.67284643890676,12.97860222781171,37.85560295000002,44.22679223,41.49735246500001,1.1500693573361727,-0.03577512875199318,0.7138895392417908,0.1945862055759804,0.1323935469664785,-0.3333333432674408,0.34365326166152954,0.07349803251378677,0.0849041040941197,196.0,0.2137022275667077,271.28973881745657,4238.572458960023,0.01703488563388277,0.9265019674862133,0.1945862055759804,0.4661593574772703,0.21441361880146154,0.3654610620069468,1118.0210303639637
786,77.6774556772776,12.97860222781171,38.53749794000004,41.76069080000002,40.57984028750002,0.6749820805014294,-0.04296793043613434,0.6743491291999817,0.14449595731847426,0.11712006651399141,-0.20257794857025146,0.2998430132865906,0.07029412961473652,0.0709603207888544,362.0,0.4435657568501781,304.8806281094767,8143.616472643401,0.03272931549499141,0.9297058703852634,0.14449595731847426,0.9675721707096084,0.4119552738421485,0.7453254119626245,1118.0210303639637
787,77.68206491564845,12.97860222781171,39.304843430000005,42.51607322000004,40.36672297062502,0.6080209826597306,-0.033193439245224,0.6682546734809875,0.11656047746246936,0.09337388979809413,-0.17224588990211487,0.24909164011478424,0.07774936451631434,0.055863655040016606,739.0,0.46558398615036034,156.75954184964775,14059.878745563234,0.05650686139637085,0.9222506354836857,0.11656047746246936,1.0,0.7112369815392129,0.8844947926156852,707.101658945867
788,77.6866741540193,12.97860222781171,33.04473980000003,44.720696120000014,40.648748366562515,3.076628179095485,-0.012916136533021927,0.6974844932556152,0.26193932166466344,0.1784199215723312,-0.42740413546562195,0.31128019094467163,0.06235632089468149,0.09468162882835257,75.0,0.048266592950998714,160.12744354289063,2916.144623339169,0.011720028531170478,0.9376436791053185,0.26193932166466344,0.10528633329585249,0.1475169122841869,0.12217856489118625,499.9999999999634
789,77.69128339239015,12.97860222781171,35.27328884000002,43.538061200000016,40.73225633375002,1.3428578734721888,-0.042740046977996826,0.6649773120880127,0.20707837871476717,0.12174718191105252,-0.2351343184709549,0.36451300978660583,0.06699106852213542,0.0752558991036411,149.0,0.22754617584494316,379.98255829013374,0.0,0.0,0.9330089314778646,0.20707837871476717,0.49635785427261286,0.0,0.29781471256356773,707.101658945867
790,77.695892630761,12.97860222781171,38.16151574,43.951641620000004,40.939693705625025,1.489638975578374,-0.02865329571068287,0.79217928647995,0.18008510215609683,0.14989179450321496,-0.34787675738334656,0.4547390937805176,0.07560209386488971,0.10254305774953378,49.0,0.17365540527453294,881.805118787764,4892.567145878958,0.01966329998911701,0.9243979061351103,0.18008510215609683,0.37880322103784414,0.24749677801531236,0.32628064382883143,1118.0210303639637
791,77.70050186913184,12.97860222781171,0.0,40.53703964000002,16.42665601033089,19.63568363932339,-0.0224155243486166,0.6636308431625366,0.08989450307992788,0.14487644125408788,-0.2591869831085205,0.4659270942211151,0.012026758927565355,0.05536490890871369,73.0,0.1248118588726679,425.41557007736964,117.94049083386551,0.00047400458347994165,0.9879732410724347,0.08989450307992788,0.2722583503228335,0.00596617084826583,0.16574147853300644,1581.1182134034977
792,77.50230461918542,12.983093783686664,40.18498358000005,52.10020130000001,44.909657038823546,3.555194254820538,0.01250968687236309,0.820711612701416,0.22164799708946079,0.1467194141650302,-0.32863715291023254,0.47459349036216736,0.11092388078278187,0.12388593275676514,95.0,0.06561832039702509,171.86280437477046,7368.174578608339,0.029612803011481854,0.8890761192172181,0.22164799708946079,0.14313652423424816,0.3727285520436701,0.23497333535801695,4123.097729206759
793,77.50691385755627,12.983093783686664,39.78678425000001,48.02250344000001,42.12569289000002,1.511487693243772,-0.008271658793091774,0.7071213722229004,0.16272352952223557,0.10147961891595507,-0.22743934392929077,0.25894829630851746,0.07712778531588041,0.06393239445999867,401.0,0.2473756117548844,153.49452819177415,13540.846533667194,0.05442086323176247,0.9228722146841196,0.16272352952223557,0.5396127946078955,0.6849810720544279,0.5977601055865085,4031.1268550053996
794,77.51152309592712,12.983093783686664,39.30142541000001,48.20878553,41.7620390847059,1.7356263410457866,0.001485884073190391,0.7369093298912048,0.2066586722579657,0.13644194251806024,-0.3015766441822052,0.36151546239852905,0.05604835659849877,0.08427736817758938,218.0,0.14991029958589572,171.10211114870305,12826.65392359759,0.051550512529751576,0.9439516434015012,0.2066586722579657,0.32700683436896966,0.6488527237652358,0.45574519012747616,3999.999999999707
795,77.51613233429796,12.983093783686664,40.17472952000003,43.46628278000003,41.76779294882355,0.7128415787220608,0.0117647061124444,0.7059003114700317,0.22975566789215687,0.1295184151678418,-0.23178808391094208,0.26026442646980286,0.07679224350873162,0.07140476288172272,194.0,0.09794121134008407,125.61576016130934,10751.170216099208,0.04320911269889985,0.9232077564912684,0.22975566789215687,0.2136440629033098,0.5438617210639655,0.34573112616757207,4031.1268550053996
796,77.52074157266881,12.983093783686664,39.983320400000025,47.42434994000001,43.304612799411785,1.9260096436903682,-0.008200081996619701,0.5983086824417114,0.16244508009690506,0.10551018716730647,-0.21865443885326385,0.39089691638946533,0.10078744741586539,0.07708635306513141,139.0,0.19414634695996855,347.5320104442035,6572.384722835066,0.0264145117676823,0.8992125525841346,0.16244508009690506,0.42350113700694736,0.33247250252842697,0.3870896832155392,4123.097729206759
797,77.52535081103966,12.983093783686664,41.494085240000004,47.16116240000002,44.163269097058844,1.3309557290869867,-0.014995001256465912,0.6496513485908508,0.14446693570006128,0.10540403050883593,-0.2190837860107422,0.2754964232444763,0.10382692823223039,0.06410749298967645,323.0,0.27167697640843885,209.28143402593307,13941.662957588786,0.05603175038959614,0.8961730717677696,0.14446693570006128,0.5926225767786762,0.7052568844323471,0.6376762998401446,4271.984724964531
798,77.5299600494105,12.983093783686664,39.66544454000001,44.590811360000004,41.274226130000024,1.0396435921594547,-0.000749063678085804,0.7748168110847473,0.13607497271369484,0.11345485711758409,-0.34071463346481323,0.28574126958847046,0.08334437949984681,0.0714115499661973,230.0,0.1613004602183121,174.49707847173497,16102.777846441728,0.06471730320950096,0.9166556205001531,0.13607497271369484,0.35185276144435634,0.8145796501633289,0.5369435169319454,4472.106834408895
799,77.53456928778135,12.983093783686664,37.15490885000003,42.281938850000046,39.46246264294119,1.1956469986921423,0.012658228166401386,0.7764589786529541,0.26735633263221154,0.18745931720351386,-0.35756704211235046,0.25964996218681335,0.01365656485924354,0.10005297290150258,342.0,0.27452309889432486,199.72534328559132,11435.086189030024,0.045957781146795315,0.9863434351407565,0.26735633263221154,0.5988309661082075,0.5784584868694505,0.5906819744127048,4301.115323808456
800,77.5391785261522,12.983093783686664,37.94105345,42.03755042000003,39.8082385347059,0.996817681274119,-0.030006123706698418,0.7541980743408203,0.21120248831954658,0.15739497790813806,-0.34955593943595886,0.472190260887146,0.03572553746840533,0.09131937780650165,390.0,0.22802717965578703,145.47970052354614,15990.077035601202,0.06426435697769695,0.9642744625315947,0.21120248831954658,0.4974070919429928,0.8088785352412295,0.6219956692622876,4031.0965677303375
801,77.54378776452305,12.983093783686664,37.76160740000003,41.676949310000026,40.17695300705884,0.7762129089362202,-0.0018912529340013862,0.7808337211608887,0.20582098268995097,0.1723789534301523,-0.31789109110832214,0.2509111166000366,0.030383938060087316,0.09661177276683315,531.0,0.3137258157427644,147.00636053216303,15144.312596487209,0.060865217141581725,0.9696160619399127,0.20582098268995097,0.6843458131246124,0.7660944573942947,0.7170452708324853,3807.8673152213205
802,77.54839700289389,12.983093783686664,38.61953042000002,42.51607322000001,40.62791284647061,1.1247329617149422,-0.030920829623937607,0.7721304297447205,0.21757118374693626,0.16243374746947759,-0.35084426403045654,0.39757975935935974,0.045259680654488356,0.10659327556237957,439.0,0.3555414197295268,201.51439346206664,13158.172613067665,0.052882891064104404,0.9547403193455116,0.21757118374693626,0.7755602815414586,0.665623021453396,0.7315853775062335,3640.046000339897
803,77.55300624126474,12.983093783686664,38.264056339999996,41.24286077000002,39.73397249000002,0.6369889377878927,-0.006031363271176815,0.7177109122276306,0.21006312443659855,0.14113406527745387,-0.3170308768749237,0.2613683044910431,0.026432820833646335,0.07875463715509688,878.0,0.41043423587686984,116.31332034635159,18153.28667510434,0.07295832863156133,0.9735671791663537,0.21006312443659855,0.8953007269112933,0.918307266617896,0.9045033427939343,3535.421097444451
804,77.55761547963559,12.983093783686664,37.19079806000002,44.64891770000003,40.45926490117648,1.8401023948268747,0.002509410260245204,0.7927671670913696,0.26710004021139705,0.18838838165831,-0.3498546779155731,0.31744229793548584,0.013586190915575214,0.11476661261505754,371.0,0.3183025738493066,213.4748074296759,11083.980128700172,0.04454668067818384,0.9864138090844248,0.26710004021139705,0.6943293244925911,0.5606973369286709,0.640876529467023,3041.284919459279
805,77.56222471800643,12.983093783686664,37.76502542000003,44.46092660000005,41.02607669529413,1.4530991765098138,-0.029442913830280304,0.7544968128204346,0.24307935527726715,0.1942835957187781,-0.3558206558227539,0.37586936354637146,0.023666658588484223,0.11257641854314188,224.0,0.23771703103150157,264.05395018991175,10610.666149845354,0.042644424770852216,0.9763333414115157,0.24307935527726715,0.5185440493944229,0.5367541428419333,0.5258280867734271,2549.429941908912
806,77.56683395637728,12.983093783686664,38.22816713,43.10397266000004,40.58010196117649,0.9648643040286161,-0.014274980872869492,0.7793576717376709,0.26519263634314905,0.1959217306230735,-0.3523879647254944,0.3977128267288208,0.022243904700646033,0.11409084255676669,260.0,0.22620554284645014,216.47626401210402,10516.879551127735,0.04226749503835037,0.9777560952993539,0.26519263634314905,0.4934334644601798,0.5320098275752175,0.5088640097061949,2061.4896406164794
807,77.57144319474813,12.983093783686664,39.20401184000002,43.62180269000001,41.50258889529413,1.1992389795008342,-0.003013863693922758,0.7905224561691284,0.24042923272824754,0.17391291474507944,-0.36233440041542053,0.26814761757850647,0.04280101701325061,0.10771447486721558,105.0,0.08755230867992271,207.47161764995786,8948.54353013141,0.035964329288123625,0.9571989829867494,0.24042923272824754,0.1909822299215127,0.452673540413805,0.2956587541184296,1581.0924989805565
808,77.57605243311897,12.983093783686664,37.166871920000034,43.905498350000045,40.40626785058826,1.7610657806087824,-0.023655913770198822,0.8212141394615173,0.28080805759803923,0.20006377552551638,-0.36314067244529724,0.3951132297515869,0.009544948503082873,0.12484078030015604,138.0,0.20964455324809822,377.99398309003396,5103.472419624167,0.020510931415173576,0.9904550514969171,0.28080805759803923,0.45730814953829557,0.258165691524725,0.3776511663328673,1118.0048678750186
809,77.58066167148982,12.983093783686664,37.840221860000014,47.12185517000003,43.0224842247059,2.4987920110314517,0.0033632286358624697,0.7668821215629578,0.24316054124098557,0.15476326082666492,-0.376149982213974,0.3101397454738617,0.06802819472092848,0.10367609548628667,126.0,0.20528911624151708,405.39255593539065,1994.232264707934,0.008014849076104728,0.9319718052790715,0.24316054124098557,0.44780741695521187,0.10088079435866858,0.3090367679165945,707.0952702062375
810,77.58527090986067,12.983093783686664,34.68538940000002,45.59570924000002,38.97140907411766,2.3827373215809473,0.003993154503405094,0.8022500872612,0.3900710401348039,0.2024568565109355,-0.38190650939941406,0.35457348823547363,-0.03784322701248468,0.13811719757822086,51.0,0.15450278710347168,753.7833351407724,2344.7343753968653,0.009423522262143748,1.0378432270124847,0.3900710401348039,0.3370246570879552,0.11861139273300982,0.24965935134597705,499.983720883059
811,77.58988014823152,12.983093783686664,34.44783701000003,39.140778470000015,36.871745407647076,1.1214686858732676,0.01621394045650959,0.8029066324234009,0.46780254289215684,0.2153784555497017,-0.4552466571331024,0.3088505268096924,-0.11457174862132354,0.14004001161997037,43.0,0.1348372760288058,780.2286695394527,2788.201701143487,0.011205824027561977,1.1145717486213236,0.46780254289215684,0.29412729419468914,0.1410447556291746,0.23289427876848331,0.0
812,77.59448938660236,12.983093783686664,33.818921329999995,39.74405900000002,36.75124180500002,1.4060963090356606,-0.02500906214118004,0.8042501211166382,0.37844456599308895,0.21999722972818578,-0.41655027866363525,0.506334662437439,-0.058398472712590146,0.1394867621518311,73.0,0.23439663010448003,798.9303013413269,2748.780799234356,0.011047390837588548,1.0583984727125901,0.37844456599308895,0.5113010927798312,0.13905059879533624,0.3624008951860332,499.983720883059
813,77.59909862497321,12.983093783686664,36.45250574000002,41.567572670000004,38.285173553529425,0.9243693336601043,-0.0031564708333462477,0.800966203212738,0.3170904660692402,0.2086980157417864,-0.4073048233985901,0.4276527464389801,-0.022086645388135723,0.12628515912513508,216.0,0.32290795671924083,371.9678333498749,8259.232595877536,0.033193978410582956,1.0220866453881357,0.3170904660692402,0.7043752764886471,0.4178038635771247,0.5897467113240381,499.9999999999634
814,77.60370786334406,12.983093783686664,38.36146990999998,43.78757666000001,40.99811752823531,0.9378336937763624,-0.025698324665427208,0.7764312624931335,0.15189248477711398,0.1384779037282728,-0.3463224470615387,0.4260806441307068,0.09733498965992647,0.09271856081962807,305.0,0.39426151428196465,321.6362099766018,7224.135196843497,0.02903390659791404,0.9026650103400735,0.15189248477711398,0.8600223604048589,0.3654421353566465,0.6621902703855739,499.9999999999634
815,77.6083171017149,12.983093783686664,37.00280695999999,43.57565942000002,41.2289284947059,1.1449486348976137,-0.034819599241018295,0.7872244715690613,0.11655843098958334,0.13571760532096064,-0.3642743229866028,0.3186553120613098,0.10997564577588848,0.09003813372007749,969.0,0.4582890885583758,117.67823062015341,9742.671287982554,0.03915594053570041,0.8900243542241115,0.11655843098958334,0.9996889105637858,0.492845510575979,0.7969515505686631,707.0952702062375
816,77.61292634008575,12.983093783686664,36.75841853000003,44.93603138000003,40.409538032352955,1.4111254869974565,-0.03200226649641991,0.773739218711853,0.2143005840594952,0.1706948527296526,-0.37649470567703247,0.3579217493534088,0.05145595257098858,0.10514024802131675,548.0,0.3075948736247339,139.6622146398572,10410.80475168605,0.04184117884472099,0.9485440474290114,0.2143005840594952,0.6709720824386312,0.5266438979297653,0.6132408086350848,499.9999999999634
817,77.6175355784566,12.983093783686664,28.447502900000018,39.01089371000003,32.57527652705884,3.4981648603996662,-0.10322580486536026,0.8408076763153076,0.19688581878063727,0.27754966663597624,-0.6754507422447205,0.22041553258895874,-0.33822241689644605,0.24701487129567687,111.0,0.09874572619574587,221.34805946792474,2993.9622024956284,0.012032778536997007,1.338222416896446,0.19688581878063727,0.215398991396412,0.15145341423498748,0.1898207605318422,707.0952702062375
818,77.62214481682744,12.983093783686664,28.44921191000003,40.30290527,33.391450029411786,3.6854654875151125,-0.13518352806568146,0.8333333134651184,0.23256570255055148,0.2961318365134073,-0.6729729771614075,0.44988611340522766,-0.2899796070772059,0.2605831848629612,29.0,0.043023044521547094,369.13356048790007,2038.8444816338488,0.008194146238195331,1.2899796070772058,0.23256570255055148,0.09384831884646584,0.10313756051436339,0.09756401551362487,499.983720883059
819,77.62675405519829,12.983093783686664,36.199572260000025,41.256532849999985,39.011822134117665,1.0407032810838002,-0.0034602077212184668,0.8441210389137268,0.4083136455829327,0.21381557442861746,-0.4209960699081421,0.30547642707824707,-0.047689825204702524,0.12644767797317658,375.0,0.1820825901218955,120.8140781740586,5793.9217089905305,0.02328585735881015,1.0476898252047024,0.4083136455829327,0.3971858608377145,0.29309295351336706,0.3555486979079755,0.0
820,77.63136329356914,12.983093783686664,35.556984500000056,40.47209726000003,37.80898068411766,1.180930707983166,0.030556166544556618,0.8272768259048462,0.49544749540441174,0.20256926039505968,-0.40244096517562866,0.29048553109169006,-0.08575436461205575,0.12543111258507636,48.0,0.05643043751839254,292.51798272126797,2323.761455593499,0.009339231786112437,1.0857543646120558,0.49544749540441174,0.12309453577185459,0.11755045071174826,0.12087690174781204,0.0
821,77.63597253193998,12.983093783686664,33.09088307000002,41.892284570000015,37.81031714176472,1.632137384461698,-0.05238095298409462,0.8411777019500732,0.3737205355775123,0.21626012996785662,-0.4618736505508423,0.2765164375305176,-0.05010503731521906,0.14931013975058355,197.0,0.09757440449726909,123.23954122635847,7140.77925448948,0.0286988978281799,1.050105037315219,0.3737205355775123,0.212843928790943,0.3612254682070855,0.2721965445574,499.983720883059
822,77.64058177031083,12.983093783686664,37.49671085,41.880321500000036,40.02753126000002,0.9612385727971866,-0.007451565004885197,0.8067456483840942,0.2998441960261418,0.1868027304346479,-0.37936073541641235,0.2936481535434723,0.023076488788311297,0.10532298972097917,305.0,0.22430781648144119,182.98898915510543,7036.26572274641,0.028278856392608166,0.9769235112116887,0.2998441960261418,0.4892938590239,0.3559385172886502,0.43595172232980006,499.9999999999634
823,77.64519100868168,12.983093783686664,37.24206836000002,40.59001895000003,38.98894268882354,0.7331653657667803,0.004224502015858889,0.8125255703926086,0.35194783528645834,0.1875387345002279,-0.36670687794685364,0.3153688907623291,0.01009960698146446,0.10589854332681294,254.0,0.19548037474193328,191.49164764716085,4935.557663042587,0.019836079515788963,0.9899003930185355,0.35194783528645834,0.42641111853020214,0.24967150841061664,0.35571527448236795,499.983720883059
824,77.64980024705253,12.983093783686664,35.04257249,41.8461413,38.84316236176472,1.4077315076239356,0.02179598994553089,0.8681403994560242,0.40948500689338235,0.20535428469713252,-0.4510592222213745,0.32359549403190613,-0.024925573012408088,0.13788551916679415,132.0,0.15091260313270974,284.4670499043897,3488.8238946723272,0.01402163502404362,1.024925573012408,0.40948500689338235,0.3291932092266401,0.17648662700961462,0.2681105763398299,0.0
825,77.65440948542337,12.983093783686664,35.58774668000001,41.61542495000003,39.26048604588237,1.2119223958082954,-0.013660017400979996,0.8227289319038391,0.28888516939603365,0.216107783935218,-0.40458759665489197,0.41129156947135925,0.029460631150465745,0.12965378816644652,428.0,0.3256485371572161,189.3153166835586,5111.072739833058,0.020541477214919352,0.9705393688495343,0.28888516939603365,0.7103534416703017,0.2585501634609293,0.5296321303865528,499.983720883059
826,77.65901872379422,12.983093783686664,33.742015880000025,40.907894810000016,37.29556214705884,1.8320583691867,-0.0043343654833734035,0.8717840313911438,0.43294289981617645,0.26272441138719693,-0.43443968892097473,0.2377079427242279,-0.08169745950137867,0.1600112884478479,313.0,0.24416885316715686,194.10034865291917,6734.595208348344,0.02706643811696389,1.0816974595013786,0.43294289981617645,0.5326177317119172,0.3406781277815523,0.45584189013977117,0.0
827,77.66362796216507,12.983093783686664,34.58626682000005,40.56609281000004,37.33366301705884,1.4933241890680593,0.009715812280774117,0.8670033812522888,0.41147240732230395,0.23399290256253297,-0.4229012429714203,0.28209322690963745,-0.06610160678040748,0.1392023188706559,280.0,0.23857473990054856,212.00534841922195,5598.137717396654,0.022498998590194202,1.0661016067804074,0.41147240732230395,0.5204150126494629,0.2831889694367712,0.4255245953643862,0.0
828,77.66823720053591,12.983093783686664,34.42732889000001,42.03413240000003,40.16015858352943,1.3776664066439819,-0.2590909004211426,0.7783094048500061,0.25279987041766827,0.17778926444121732,-0.5637764930725098,0.3713001012802124,0.01762926248403696,0.13042697904408435,267.0,0.2119997798812723,197.56251142568527,6208.548449821137,0.024952248385314374,0.982370737515963,0.25279987041766827,0.4624457231917619,0.3140673784675553,0.40309438530207925,499.983720883059
829,77.67284643890676,12.983093783686664,33.719798749999995,42.69722827999999,39.94906332411767,1.8870244905827114,-0.34587082266807556,0.7460831999778748,0.19185542087928922,0.15003764701888353,-0.47395244240760803,0.272367388010025,0.039262698304419426,0.12161315589387711,394.0,0.29002161585631425,183.15321045520542,8355.420430926515,0.03358055874754673,0.9607373016955806,0.19185542087928922,0.6326386563279845,0.422669648460413,0.548651053180956,999.967441766118
830,77.6774556772776,12.983093783686664,38.64687458,41.827342190000024,40.67863318823531,0.5191804532915524,-0.0005441683460958302,0.7314117550849915,0.1363855339499081,0.10624920854089213,-0.22048436105251312,0.2955997884273529,0.08637966978783701,0.06403566409220558,739.0,0.4238315379063655,142.70172445788717,14872.395050200223,0.05977237648645668,0.913620330212163,0.1363855339499081,0.9245249319048943,0.75233915990215,0.8556506231037966,1414.190540412475
831,77.68206491564845,12.983093783686664,35.41513667000001,42.833949080000025,39.563170048823544,2.144342161271765,-0.030570341274142265,0.8008213639259338,0.32284519569546566,0.21839530560029707,-0.3610159158706665,0.2630159258842468,0.023592390172621783,0.1076521707742192,282.0,0.18603961469085545,164.14842222940794,7148.918079874317,0.028731607888221874,0.9764076098273782,0.32284519569546566,0.4058175164437018,0.361637181117612,0.3881453823132659,1118.0267086022238
832,77.6866741540193,12.983093783686664,35.79966392,43.21334930000003,39.90446578500002,1.706992073417768,-0.03635449707508087,0.7576650977134705,0.2887623948317308,0.18791585933870103,-0.2602510452270508,0.3827974796295166,0.04762461735652043,0.08526763166407003,113.0,0.17317115003997532,381.309378686013,3163.377007599717,0.0127136591536617,0.9523753826434795,0.2887623948317308,0.37774689087429486,0.1600234792256482,0.2906575262148362,999.9999999999268
833,77.69128339239015,12.983093783686664,38.51186279000004,42.67501115000002,40.29399949470591,0.8897366751533184,-0.06317044049501419,0.7348761558532715,0.1327844477634804,0.11955651026193262,-0.25143325328826904,0.5258073210716248,0.0812230188706342,0.09449054871537532,63.0,0.22301910566827327,880.8093378211148,3500.957873256604,0.014070401664101924,0.9187769811293658,0.1327844477634804,0.4864827296712458,0.177100439863802,0.3627298137482683,1118.0267086022238
834,77.695892630761,12.983093783686664,37.79578760000004,45.927257180000026,40.73843079764708,1.5939796146196574,-0.031237322837114334,0.7555259466171265,0.24116534064797795,0.18254957006135597,-0.3687528073787689,0.4209078550338745,0.03574022779277727,0.10359143870096639,25.0,0.19625276325470428,1953.242481820153,1674.8517833915384,0.006731254180512417,0.9642597722072227,0.24116534064797795,0.42809596822473217,0.08472452348288341,0.2907473903279927,1414.190540412475
835,77.70050186913184,12.983093783686664,0.0,47.47562024000001,17.437731680588243,20.883997874964326,-0.02224969118833542,0.796167254447937,0.10800120427058293,0.16542930591658792,-0.34683212637901306,0.42177170515060425,0.023641903217022236,0.07498709885093896,33.0,0.06790230878904419,511.9776363788571,0.0,0.0,0.9763580967829778,0.10800120427058293,0.14811870234924612,0.0,0.08887122140954767,1802.7350028033713
836,77.50230461918542,12.987585339561619,41.19500849000002,52.93419818000004,44.097599352941195,2.7442335980499646,-0.01277955248951912,0.7796852588653564,0.16032245710784312,0.10561651361201466,-0.29067957401275635,0.5101584196090698,0.11034622491574755,0.08366763953856864,1.0,0.0005493498918786323,136.68769911892335,12499.449550587819,0.050235473297298446,0.8896537750842525,0.16032245710784312,0.0011983243953243945,0.6323006713032374,0.2536392631584896,4609.761244707669
837,77.50691385755627,12.987585339561619,41.57611772000004,48.04642958000002,44.07608100500002,1.2930043053045646,-0.030069390311837196,0.7118279337882996,0.12117483285757212,0.09056368878469152,-0.21545274555683136,0.35115525126457214,0.11777525681715745,0.06951014228346775,66.0,0.062146350657064725,234.28910066832137,9735.195454377848,0.03912589504946485,0.8822247431828425,0.12117483285757212,0.13556294298715876,0.4924673359541546,0.2783247001739571,4527.689773306027
838,77.51152309592712,12.987585339561619,40.37810171000004,49.83405404000001,44.725095785882374,2.17560099216314,-0.025850340723991394,0.7642236948013306,0.18362010282628677,0.12352384798078353,-0.2607412338256836,0.3819828927516937,0.10992122874540441,0.08538488775959494,47.0,0.08257791711858499,437.1660786934372,7484.374381187818,0.030079811743027013,0.8900787712545956,0.18362010282628677,0.18013134081063664,0.37860666794621023,0.25952147166486605,4499.999999999671
839,77.51613233429796,12.987585339561619,37.00964300000001,43.96873172000002,41.259601971764724,1.6884412261947181,-0.0009243852691724896,0.7810285687446594,0.2799678548177083,0.1982480413671781,-0.3138882517814636,0.3029235005378723,0.03124883913526348,0.1136186749150878,38.0,0.04770985771482649,312.39560436703505,7611.579290059672,0.030591050160131292,0.9687511608647366,0.2799678548177083,0.10407189887963665,0.3850414912516059,0.21645973582842437,4527.689773306027
840,77.52074157266881,12.987585339561619,36.963499730000024,45.706794890000026,42.4262940164706,1.9627013006290872,0.004400977864861488,0.7813519835472107,0.19408629197340746,0.1678666215506988,-0.3861781358718872,0.3644595444202423,0.07250921982985277,0.1066196022072074,304.0,0.19002274325409169,155.5293616603479,11460.241975152527,0.0460588826246576,0.9274907801701472,0.19408629197340746,0.41450611399801585,0.5797310245430531,0.4805960782160308,4609.761244707669
841,77.52535081103966,12.987585339561619,40.38322874000002,44.207993120000026,41.905063707058844,0.8765674372347618,-0.004406904336065054,0.6794981360435486,0.09215136958103554,0.07135971935751462,-0.23930636048316956,0.29714030027389526,0.1037530637254902,0.05442934696774638,252.0,0.11374748828816951,112.31083715641792,18870.668535487734,0.07584149697792755,0.8962469362745098,0.09215136958103554,0.24812308537361738,0.9545969472206592,0.5307126301124342,4743.392472663789
842,77.5299600494105,12.987585339561619,40.30803230000001,43.266328610000016,41.980774624117664,0.6158530965450851,-0.014264264144003391,0.7015473246574402,0.11391047459022671,0.08199077018445468,-0.23042885959148407,0.2969878017902374,0.10177152745863971,0.054779626070357995,52.0,0.032577955435713346,155.88375937063637,19597.358927460755,0.07876207645093701,0.8982284725413603,0.11391047459022671,0.07106392360414103,0.9913575118210857,0.4391813588909189,4924.387772387961
843,77.53456928778135,12.987585339561619,36.25767860000002,42.37935242000003,39.432611146470606,1.3515642801448593,0.009331950917840004,0.833935022354126,0.2179388192983774,0.1777737618187854,-0.4352530539035797,0.2348659634590149,0.024151438199556792,0.10110750697892715,560.0,0.2954648299277481,131.2798753140637,15820.076276683785,0.06358112140395804,0.9758485618004432,0.2179388192983774,0.6445122114286621,0.8002788290261276,0.7068188584676482,4609.637673596779
844,77.5391785261522,12.987585339561619,37.89832820000004,40.220872790000016,39.24640593235296,0.4975863040207358,0.0065876152366399765,0.799812912940979,0.21178351907169118,0.16195195539578017,-0.3221096098423004,0.302325576543808,0.029360590916053923,0.08689063081027198,781.0,0.4206495034034714,134.0138661655259,16165.530472898547,0.06496950694678942,0.9706394090839461,0.21178351907169118,0.9175838008917578,0.8177540721788024,0.8776519094065757,4242.533276110455
845,77.54378776452305,12.987585339561619,38.14613465000002,40.32341339000004,39.12262984823531,0.4906795681611726,-0.020628822967410088,0.770638108253479,0.22665146771599265,0.167422907293059,-0.3228871524333954,0.31529295444488525,0.020198298435585172,0.09025374654258257,791.0,0.43156908632907004,135.75449996000256,16059.976573726994,0.06454528425907843,0.9798017015644148,0.22665146771599265,0.9414032332789466,0.8124144929409545,0.8898077371437498,3905.043800339782
846,77.54839700289389,12.987585339561619,38.50160872999999,40.639580240000015,39.42865499529414,0.47853240325032137,0.0015565932262688875,0.7505499124526978,0.17902164234834558,0.1337235943975765,-0.28148147463798523,0.3411513864994049,0.045649180692784924,0.07792969723327299,895.0,0.42714582985698885,118.74997452584452,18968.182912415323,0.07623340870639389,0.9543508193072151,0.17902164234834558,0.9317545627037235,0.9595298369246008,0.9428646723920744,3605.495102318919
847,77.55300624126474,12.987585339561619,37.72742720000002,40.251634970000055,39.09490886500002,0.5019436342998104,0.013770491816103458,0.7562723755836487,0.23250194842998798,0.17023596748366934,-0.36395370960235596,0.2757726013660431,0.014434378697321965,0.09329237971332612,785.0,0.4425254188879876,140.26488331480832,15888.729808259854,0.06385704096651931,0.985565621302678,0.23250194842998798,0.965302829479356,0.8037517558880025,0.9006824000428145,3354.0680001641495
848,77.55761547963559,12.987585339561619,37.95814355000002,41.037779570000055,38.834960296470605,0.626155615107921,0.01652892492711544,0.7714285850524902,0.24499688840379902,0.17240451146676494,-0.3184027671813965,0.21590909361839294,-0.0017789833218443628,0.09213490116299683,887.0,0.4268555440676309,119.73957058038539,15758.970355079153,0.06333553579791573,1.0017789833218445,0.24499688840379902,0.9311213477925234,0.7971877076855566,0.8775478917497367,2999.8480959718318
849,77.56222471800643,12.987585339561619,39.47745344000003,42.15889013000003,40.894388308823544,0.6010936218897537,-0.016906922683119774,0.7418079376220703,0.15537305644914215,0.12377809407764057,-0.24349474906921387,0.29201003909111023,0.0660403262867647,0.07351602530132956,404.0,0.29498698782905763,181.6778090229498,16363.550007257476,0.0657653503949646,0.9339596737132353,0.15537305644914215,0.643469870559138,0.8277711440506128,0.717190379955728,2499.8734133098596
850,77.56683395637728,12.987585339561619,39.321933530000024,44.23704629000002,41.29801034529414,1.2219617511172502,-0.034375693649053574,0.7652620673179626,0.18784478994516227,0.15633474309775042,-0.3398117125034332,0.2919882833957672,0.053481210561899035,0.09298434675030964,364.0,0.2578258303260678,176.24038427454246,18433.20666857374,0.07408333124070829,0.946518789438101,0.18784478994516227,0.5624083790531688,0.9324673781544537,0.7104319786936828,1999.8987306478878
851,77.57144319474813,12.987585339561619,39.858562670000026,43.88499023,41.662147745882365,0.6594418340047238,-0.0051943399012088776,0.7313175201416016,0.16362455480238972,0.12394284035255808,-0.30108749866485596,0.3487681746482849,0.07623123468137255,0.08001256891707054,133.0,0.14372855832765755,268.8882459466945,12632.599278439957,0.05077060403013492,0.9237687653186275,0.16362455480238972,0.3135222929776942,0.6390362208939624,0.4437278641442015,1499.9240479859159
852,77.57605243311897,12.987585339561619,37.97181563000001,41.45819603000001,39.75473883411767,0.6337447883000881,-0.18822023272514343,0.8029903173446655,0.21495042987898283,0.1772997859339694,-0.40311890840530396,0.48455286026000977,0.03654950310202206,0.1038490403667634,388.0,0.39395340392545003,252.63500228926347,11322.95448070416,0.04550712214644602,0.9634504968979779,0.21495042987898283,0.8593502638738102,0.5727861607272574,0.7447246226151891,999.9493653239439
853,77.58066167148982,12.987585339561619,35.10067883000005,41.22918869000003,38.45865876588237,1.353121300924361,-0.020846493542194366,0.8032923340797424,0.3277988140399639,0.2091387941757989,-0.3919438421726227,0.26843348145484924,-0.017238411536583533,0.11724123638600116,246.0,0.25705311452318985,259.99688982683796,9107.104296627098,0.036601587362493686,1.0172384115365836,0.3277988140399639,0.5607228154243588,0.4606945399539699,0.5207115052362032,499.97468266197194
854,77.58527090986067,12.987585339561619,34.08210887000004,38.54091596000001,36.02553117588237,1.0239905134690643,-0.004642525687813759,0.826411783695221,0.5061274509803921,0.1793474482026899,-0.3960362672805786,0.38158994913101196,-0.07987903071384804,0.11904516504118258,70.0,0.10079409389299647,358.2757672214962,811.3651427511857,0.003260888553377866,1.079879030713848,0.5061274509803921,0.21986719830515594,0.04104394536393767,0.14833789712866863,0.0
855,77.58988014823152,12.987585339561619,33.65314736000002,39.43301918000003,36.76851883823531,1.5302565174581275,-0.01123595517128706,0.8307692408561707,0.4376305912990196,0.22722337650554994,-0.45156848430633545,0.3345695436000824,-0.09283192354090074,0.14555490223905557,89.0,0.1750494630613777,489.38557717594864,2620.4076612320823,0.01053145729026683,1.0928319235409008,0.4376305912990196,0.3818441490131919,0.13255667912250366,0.2821291610569166,0.0
856,77.59448938660236,12.987585339561619,34.28548106000002,39.16470461000003,37.42488216500002,0.9421961448519832,-0.01745379902422428,0.8306900262832642,0.3303294020432692,0.2334358227640934,-0.4313691258430481,0.46075814962387085,-0.035731529822716344,0.14794104193517135,166.0,0.29558348449387173,443.04971971193555,3668.6323076871176,0.014744287705193834,1.0357315298227163,0.3303294020432692,0.6447710385683496,0.18558246597396927,0.46109560953059747,499.97468266197194
857,77.59909862497321,12.987585339561619,35.51084123000001,40.64299826000001,38.930244995882376,1.2413897156656484,0.00372717110440135,0.8192382454872131,0.2953223374310662,0.21949274378373626,-0.38888007402420044,0.25777947902679443,0.002859949598125383,0.12846238548183314,404.0,0.2665727413471031,164.1779250996934,10893.142821859188,0.04377970270902297,0.9971400504018746,0.2953223374310662,0.581488453547029,0.551043587238583,0.5693105070236506,999.9493653239439
858,77.60370786334406,12.987585339561619,39.58853909000004,43.849101020000006,41.30505927235296,1.0661787388847426,-0.017704395577311516,0.7429030537605286,0.11321964039522059,0.11713355578416053,-0.25946319103240967,0.3337598741054535,0.11683857038909314,0.07743046984715161,1043.0,0.3583121359908418,85.47863909670843,19748.20764074653,0.07936833966897151,0.8831614296109068,0.11321964039522059,0.7816041835018311,0.9989883872680239,0.8685578650083082,999.9999999999268
859,77.6083171017149,12.987585339561619,39.99015644000002,43.58420447,41.53924095058825,0.6270949595902269,-0.029530201107263565,0.6587605476379395,0.09186470779718137,0.0733409791943488,-0.13938692212104797,0.31415706872940063,0.1309521723728554,0.05483259547871744,1237.0,0.394310023319863,79.31375418399432,17151.81949407446,0.06893341716428947,0.8690478276271446,0.09186470779718137,0.8601281755954444,0.8676467660662078,0.8631356117837498,1117.9886999481353
860,77.61292634008575,12.987585339561619,35.99961809000001,42.013624280000016,39.41837136764708,1.5748035531530307,0.012742188759148121,0.8364115953445435,0.292571293757512,0.22874002409964747,-0.3762068450450897,0.2621951103210449,0.01600120837871845,0.13237277161356537,686.0,0.25722026767765166,93.29566395978857,9764.523227368107,0.03924376380448151,0.9839987916212816,0.292571293757512,0.5610874349604835,0.49395091892911025,0.5342328285479342,707.0888793517424
861,77.6175355784566,12.987585339561619,30.838407889999985,40.71990371000001,38.303215731764716,1.4112874352760494,-0.048120301216840744,0.8505002856254578,0.35624076095281865,0.22328950178598614,-0.5910780429840088,0.3456708490848541,-0.04692042631261489,0.1364475532842436,328.0,0.24200101077229474,183.57930690450218,7053.557023292658,0.02834835038619173,1.0469204263126148,0.35624076095281865,0.5278889086696517,0.3568132198824604,0.45945863315477514,499.9999999999634
862,77.62214481682744,12.987585339561619,29.840346050000022,42.104201810000006,36.915872164117665,2.6745163251485797,-0.1551155149936676,0.8427312970161438,0.3875698912377451,0.23401421278307588,-0.5794872045516968,0.49201008677482605,-0.07713915058210784,0.16969071050116896,88.0,0.08603482522244965,243.26072586410808,4419.991450297122,0.017764011253219268,1.0771391505821077,0.3875698912377451,0.18767206735759084,0.22359093093391536,0.20203961278812066,499.97468266197194
863,77.62675405519829,12.987585339561619,36.765254570000025,44.73607721000002,39.34651015823531,1.4586215975639931,0.056338027119636536,0.842917799949646,0.45206298828125,0.18631380427744887,-0.4329990744590759,0.284727543592453,-0.04200471731332632,0.1333367741563167,28.0,0.0489843420026962,435.2909489787966,376.93275234011605,0.0015148983271962263,1.0420047173133262,0.45206298828125,0.10685199520110697,0.019067626248359393,0.07173824762000794,0.0
864,77.63136329356914,12.987585339561619,36.89172131000004,45.37182892999999,39.997412340588255,1.3058093179580306,-0.06109613552689552,0.8247984051704407,0.4314276960784314,0.1885616934404204,-0.3463650941848755,0.392892062664032,-0.03290841495289522,0.11823493543572948,5.0,0.02710070132119172,1348.624096542558,0.0,0.0,1.0329084149528953,0.4314276960784314,0.05911611525493641,0.0,0.03546966915296185,0.0
865,77.63597253193998,12.987585339561619,36.33458405000002,44.151595790000016,40.588256718235314,1.8234048226718924,-0.16985951364040375,0.805343508720398,0.3021667959175858,0.1687793964070347,-0.41141438484191895,0.2972382605075836,0.061934281891467526,0.10812627223860048,97.0,0.026091161867861333,66.92711038957333,2052.1107080567926,0.00824746339912538,0.9380657181085325,0.3021667959175858,0.05691395635247225,0.10380864957624084,0.07567183364197969,499.97468266197194
866,77.64058177031083,12.987585339561619,36.49694000000005,41.420597810000004,38.80233305500001,1.2502849634591113,-0.06186186149716377,0.8060405850410461,0.43301429161658656,0.1596835729936085,-0.3522167503833771,0.34943774342536926,-0.005627009685222919,0.10856135624698411,4.0,0.006866395552947128,427.11932014910826,496.5316827101355,0.0019955682037913936,1.005627009685223,0.43301429161658656,0.014978012047850415,0.02511769138555226,0.019033883782931152,0.0
867,77.64519100868168,12.987585339561619,37.45569461000002,41.572699700000015,39.32536337705884,0.8724350888508959,-0.02106567472219467,0.8088072538375854,0.2842714077818628,0.20210406000376763,-0.3376920521259308,0.36080074310302734,0.017808588065353095,0.11074273197865535,546.0,0.21335309082394985,97.22695528067767,9872.177376881846,0.03967642742949582,0.9821914119346469,0.2842714077818628,0.4653977680379421,0.49939674202160916,0.4789973576314089,499.97468266197194
868,77.64980024705253,12.987585339561619,38.13588059,46.83986852000004,41.87747117882355,1.9359174681336808,0.013392857275903225,0.8014821410179138,0.30252096737132356,0.2113994223104756,-0.3810945153236389,0.3402898609638214,0.037600193397671566,0.15092475881476583,268.0,0.3366749042524299,312.5765122059453,4081.648302978342,0.016404205121463875,0.9623998066023285,0.30252096737132356,0.7344058077075668,0.20647540930116842,0.5232336483450074,499.97468266197194
869,77.65440948542337,12.987585339561619,35.38095647,43.48849991000003,38.94530675529414,1.6691832636702697,-0.0007363770273514092,0.831661581993103,0.4219705904447115,0.19949136153927258,-0.4121090769767761,0.2964899241924286,-0.038262833815354565,0.13256128878042459,63.0,0.1883852596385514,744.0236803940188,1585.704803234153,0.006372971143878974,1.0382628338153546,0.4219705904447115,0.4109341890873991,0.0802149092658701,0.2786464771587875,0.0
870,77.65901872379422,12.987585339561619,33.906080840000016,40.639580240000015,36.12875774529414,1.2546306194832688,0.0267192292958498,0.8529544472694397,0.5333633961397058,0.1746968091076111,-0.41236943006515503,0.25261804461479187,-0.1223999143114277,0.11650474173038287,56.0,0.10659450188264835,473.61687412138957,646.2580137809464,0.0025973205510422745,1.1223999143114276,0.5333633961397058,0.23251991836497896,0.03269178969001658,0.152588666894994,0.0
871,77.66362796216507,12.987585339561619,34.712733560000004,41.31122117000004,37.74660477588237,1.3476849172222554,-0.004903225693851709,0.8374574184417725,0.4108449659160539,0.23550119668232627,-0.4351766109466553,0.2628841698169708,-0.05686074649586397,0.14237216203823222,215.0,0.2187512248104393,253.1584471604315,5736.183873401305,0.023053808140462775,1.056860746495864,0.4108449659160539,0.4771729876946143,0.29017221111947933,0.4023726770645603,0.0
872,77.66823720053591,12.987585339561619,36.68151308000003,42.12470993000002,39.903458185294134,1.2523270333608678,0.0,0.7837486267089844,0.2732884333683894,0.17184416475160194,-0.3269605338573456,0.3616282045841217,0.035181385920597955,0.10192069593153374,120.0,0.16949652728678777,351.44708721445943,3189.546104776598,0.012818833143694069,0.9648186140794021,0.2732884333683894,0.36973125247360217,0.16134727653731168,0.286377662099086,499.97468266197194
873,77.67284643890676,12.987585339561619,38.182023860000015,42.53487233000004,40.382578251764734,0.8243056529613099,-0.0017939007375389338,0.7109611630439758,0.20245380476409314,0.1306363215631517,-0.3066112995147705,0.32563209533691406,0.04702177459118413,0.07304899132870657,636.0,0.3485022915927039,136.34176511361957,10504.295215989136,0.04221691840861473,0.9529782254088158,0.20245380476409314,0.760205479269043,0.5313732328576792,0.6686725807044975,999.9493653239439
874,77.6774556772776,12.987585339561619,37.124146670000044,41.049742640000034,39.23009641823531,0.8596034318714775,0.0030706243123859167,0.7954260110855103,0.36250043083639705,0.1842570474775439,-0.3588247001171112,0.2741279602050781,-0.0033660380045572916,0.10221672820589797,317.0,0.17094561135083594,134.1773107184037,6277.759021458545,0.02523040670015139,1.0033660380045573,0.36250043083639705,0.37289221201959655,0.31756848391467923,0.3507627207776296,1499.9240479859159
875,77.68206491564845,12.987585339561619,35.92100363,41.174500370000004,39.3465042447059,1.29324181710308,-0.006690881215035915,0.8509212732315063,0.35965633616727943,0.21242029612468244,-0.4094387888908386,0.32367414236068726,-0.011242631650438496,0.12487544009700266,197.0,0.19105946329536896,241.31411024019675,5698.647269973921,0.02290294797405977,1.0112426316504386,0.35965633616727943,0.4167675632764272,0.28827337393872826,0.36536988754134764,1581.1308242212629
876,77.6866741540193,12.987585339561619,35.94151175000002,43.32443495000004,40.99017861500002,1.482931205199167,-0.007790077943354845,0.8538960814476013,0.2059430870643029,0.1665608827113235,-0.39055654406547546,0.4053720235824585,0.062145233154296875,0.08530339179303162,432.0,0.2634471144155702,151.7365092936361,10880.38571061548,0.04372843168955605,0.9378547668457031,0.2059430870643029,0.5746703671905722,0.5503982524203863,0.5649615212824979,1499.9999999998902
877,77.69128339239015,12.987585339561619,30.05568131000001,44.327623820000014,38.83666930647061,3.7450760168542097,-0.28630706667900085,0.8103517889976501,0.13056352203967525,0.20734103227306078,-0.4453294575214386,0.3983739912509918,0.00792848923627068,0.15730638054236798,104.0,0.1504269228376223,359.8923555647583,4359.440406779235,0.017520655710444717,0.9920715107637293,0.13056352203967525,0.32813377050728154,0.2205278788123384,0.28509141382930425,1581.1308242212629
878,77.695892630761,12.987585339561619,36.869504180000035,45.41113616000001,40.678284290000015,1.5849417478569439,-0.20915032923221588,0.743915319442749,0.18883525773590687,0.15814186314091452,-0.31405895948410034,0.4721115529537201,0.04951552746342678,0.09499608537847459,170.0,0.24292008599738343,355.54526108288525,3502.059344518239,0.0140748284934537,0.9504844725365732,0.18883525773590687,0.5298937334264122,0.17715615919890826,0.3887987037354106,1802.7475511594596
879,77.70050186913184,12.987585339561619,0.0,47.09622002000003,17.55423412352942,20.999571328557234,-0.1472742110490799,0.6641808748245239,0.0741554671067458,0.1268175591292962,-0.3429054021835327,0.4079277515411377,0.031696436955378604,0.06694419632751039,162.0,0.093164970577149,143.09288050905454,2454.22407675715,0.00986356299727797,0.9683035630446214,0.0741554671067458,0.2032254100396584,0.12415006956759439,0.1715952738508328,2121.2666380552273
880,77.50230461918542,12.992076895436574,41.05316066,45.07446119000002,42.34006403937502,0.7412356309458884,-0.016404885798692703,0.6856092810630798,0.13656515682444853,0.09060912137314653,-0.24363787472248077,0.49166667461395264,0.09756030512791054,0.0627244489077759,412.0,0.2121708397757475,128.1353232858304,15897.092579280417,0.06389065106739573,0.9024396948720894,0.13656515682444853,0.4628188646952766,0.8041747973754583,0.5993612377673493,5099.00603747356
881,77.50691385755627,12.992076895436574,41.13861116000001,46.27931323999999,42.68039927875002,1.3480152563295256,-0.016208598390221596,0.6925238966941833,0.12758290217472956,0.09299082238501645,-0.23578904569149017,0.331134557723999,0.09167681180513822,0.06261214244058314,118.0,0.10858669848421278,228.9681162788093,16578.926130203712,0.06663095023032956,0.9083231881948618,0.12758290217472956,0.23686559645326086,0.8386662211954451,0.47758584635013457,5024.934391864755
882,77.51152309592712,12.992076895436574,40.20036467000003,46.33400156000002,41.747822960000015,1.248616869373008,0.007015650160610676,0.7461167573928833,0.21854695638020832,0.15346194270135818,-0.2966054677963257,0.2599431872367859,0.058837082806755515,0.08244791578486207,88.0,0.06986193154393144,197.5323845164372,11903.52264731066,0.047840434226532835,0.9411629171932445,0.21854695638020832,0.1523933254765644,0.6021549453282814,0.3322979734172512,4999.999999999634
883,77.51613233429796,12.992076895436574,38.41786724000002,46.47414038000002,41.70784971875002,1.6832579422461726,0.03554065525531769,0.8195592164993286,0.36393633674172793,0.154716726311321,-0.33516839146614075,0.28285229206085205,0.04294087129480698,0.11403943992626085,14.0,0.03582532113180249,636.7111364718993,112.86346776891712,0.0004535999524138489,0.957059128705193,0.36393633674172793,0.07814756481658516,0.005709343131237449,0.04917227614244608,5024.934391864755
884,77.52074157266881,12.992076895436574,38.39906813000002,42.825404030000016,40.469879316875016,0.8447172561631887,-0.012316010892391205,0.8371770977973938,0.29505403958834137,0.17958420106558157,-0.332998663187027,0.32965588569641113,0.03010110121506911,0.10097801333339795,306.0,0.09955743509519237,80.95294683784253,6356.262349901357,0.02554591274253967,0.9698988987849309,0.29505403958834137,0.21716961261703754,0.3215396753717938,0.25891763771894005,5099.00603747356
885,77.52535081103966,12.992076895436574,39.56119493,42.42720470000003,40.84792866500002,0.6621193161348602,-0.0033030554186552763,0.626954197883606,0.11262108896292893,0.0828054920899954,-0.21396563947200775,0.25355398654937744,0.08824620863970588,0.05207060971301202,429.0,0.16181174602930967,93.84975466150695,19118.497432273245,0.07683752499311179,0.9117537913602941,0.11262108896292893,0.35296805475624976,0.9671336895125188,0.5986343086587573,5147.544759053335
886,77.5299600494105,12.992076895436574,37.80775067000002,43.01339513000002,40.120669512500015,1.4329093244942896,-0.005903187673538923,0.7579832077026367,0.20128736308976716,0.15328919588582166,-0.3100249767303467,0.29309535026550293,0.040228050082337624,0.0888392608726752,543.0,0.2769593901806614,126.91023677258084,16362.170072246805,0.06575980441567167,0.9597719499176623,0.20128736308976716,0.60414537014413,0.8277013382699605,0.6935677573944621,4716.757479787008
887,77.53456928778135,12.992076895436574,36.38243633000002,41.00530838000003,38.758946680625016,0.7029181708763904,0.01254275906831026,0.8306145071983337,0.22693626990685095,0.1725533045051599,-0.426004022359848,0.2634575664997101,0.013008817526010366,0.094646277611505,699.0,0.29575819906971057,105.27857720007243,17028.38463392884,0.06843733062898202,0.9869911824739896,0.22693626990685095,0.6451521522111147,0.8614026555062649,0.7316523535291748,4300.966924412888
888,77.5391785261522,12.992076895436574,37.74793532000001,40.08586100000002,39.003649266875016,0.5850586815015594,0.00357941840775311,0.7810384035110474,0.22355186312806372,0.16864255273997705,-0.29050183296203613,0.24792565405368805,0.020016460044711245,0.0845968654592551,835.0,0.44606943069171673,132.9218496740607,14635.715826741478,0.058821159173888866,0.9799835399552888,0.22355186312806372,0.973033559683385,0.7403664381218172,0.8799667110587579,3904.966469991562
889,77.54378776452305,12.992076895436574,37.81629572000003,40.54729370000001,39.21907877375003,0.712583884267749,-0.018158236518502235,0.7887986302375793,0.22175776462928923,0.1919261271624654,-0.39939460158348083,0.2733532786369324,0.020240912343941483,0.11092756469791734,710.0,0.32842960304066643,115.09708810215605,15887.214012199063,0.0638509489596491,0.9797590876560586,0.22175776462928923,0.7164199197790826,0.8036750774020486,0.751321982828269,3535.412431912408
890,77.54839700289389,12.992076895436574,37.89491018000004,41.080504820000044,39.931962136250014,0.6101527125568654,0.0062947687692940235,0.7777254581451416,0.16135713465073528,0.1520529866414647,-0.35038453340530396,0.2607036828994751,0.05699589149624694,0.08949974946183857,1245.0,0.473802828762825,94.69099661935228,17672.431422453254,0.07102576423289281,0.943004108503753,0.16135713465073528,1.0,0.8939825875333941,0.9575930350133577,3201.4762658468962
891,77.55300624126474,12.992076895436574,38.21962208000002,41.86835843,39.82280994343752,0.8315450688952265,-0.009254748933017254,0.7846018671989441,0.30824251615084136,0.20356399738707906,-0.3535572290420532,0.3773483633995056,-0.002508741158705491,0.12313230421976007,227.0,0.3067711315776043,336.25520897422547,8641.53677293646,0.03473046457346251,1.0025087411587055,0.30824251615084136,0.6691752127111169,0.4371432102273955,0.5763624117176284,2915.4229166518717
892,77.55761547963559,12.992076895436574,37.647103730000026,41.080504820000016,39.34104051312502,0.9350538322717619,0.015477015636861324,0.7920515537261963,0.21918557559742646,0.18388762890593432,-0.3472077548503876,0.24470651149749756,0.01993794459922641,0.10365156456454329,744.0,0.4301982305132096,143.87193141080598,17427.160740006508,0.07004001771911259,0.9800620554007736,0.21918557559742646,0.9384129169233719,0.8815752557917504,0.9156778524707233,2692.556883372116
893,77.56222471800643,12.992076895436574,38.487936649999995,41.991407150000015,40.90059381875002,0.5981386884054148,-0.0063965884037315845,0.6973333358764648,0.12284906125536152,0.09441042108711334,-0.24865129590034485,0.27803099155426025,0.08426828421798407,0.060628131174049985,515.0,0.4308580908537111,208.164857414743,17608.962173351487,0.07077068037855608,0.915731715782016,0.12284906125536152,0.9398523032875449,0.8907719142432032,0.9202201476698082,2499.828206841766
894,77.56683395637728,12.992076895436574,38.458883480000026,41.91791972000004,40.33525708062501,0.7137698133694247,-0.027298536151647568,0.7241379022598267,0.16056532639723559,0.13435502775908462,-0.3143456280231476,0.2559938132762909,0.0730194091796875,0.08089909957928364,244.0,0.2049826760451839,209.02956745000526,16755.12222747752,0.06733908496089218,0.9269805908203125,0.16056532639723559,0.4471389636281014,0.8475793265395121,0.6073151087926656,1999.862565473413
895,77.57144319474813,12.992076895436574,37.276248560000056,41.78461694000001,39.42952576250002,0.8788703200970052,-0.05304299294948578,0.7860064506530762,0.2413617302389706,0.20714472900374137,-0.3869283199310303,0.41192787885665894,0.026553302839690564,0.12528752108362798,229.0,0.309341881910723,336.1117001040977,6598.782230358156,0.026520603742286823,0.9734466971603094,0.2413617302389706,0.6747829189908608,0.33380785427012005,0.5383928931025646,1499.8969241050597
896,77.57605243311897,12.992076895436574,37.426641440000026,41.14373819000002,39.13688921562502,0.7391672090639265,0.0024271844886243343,0.7608410120010376,0.20983503753063726,0.17012357934719047,-0.316306471824646,0.31475701928138733,0.03556446748621324,0.09631415730746909,472.0,0.41754541142447693,220.11118223799457,13197.21999293211,0.05303982306343533,0.9644355325137868,0.20983503753063726,0.9108126898043606,0.667598283196003,0.8135269271610175,999.9312827367065
897,77.58066167148982,12.992076895436574,34.36580453000002,40.687432520000016,37.32160643937502,1.4718639194101084,0.0032362460624426603,0.7834493517875671,0.37050494854266824,0.21207757322042908,-0.3937745690345764,0.2698863744735718,-0.051428780188927284,0.11854159834878283,233.0,0.23656024939820053,252.61913167993126,6550.830742132248,0.026327885999270287,1.0514287801889273,0.37050494854266824,0.5160207037603547,0.3313821667970421,0.44216528897502966,499.96564136835326
898,77.58527090986067,12.992076895436574,35.03573645000003,39.525305720000006,36.55695641000002,1.1110550108175135,0.005390297621488571,0.7890148162841797,0.41128360523897056,0.19148700404498759,-0.36982354521751404,0.30349013209342957,-0.02932792214786305,0.11161966490079926,83.0,0.13994660573216863,419.5315888534331,4271.949722106221,0.01716902934995056,1.029327922147863,0.41128360523897056,0.30527253062380255,0.21610205042464556,0.26960433854413973,0.0
899,77.58988014823152,12.992076895436574,35.04769952000004,40.509695480000005,38.32223807750002,1.0531004342460155,-0.026960784569382668,0.7958387732505798,0.27823898016237747,0.2026239674015899,-0.40090876817703247,0.37455689907073975,0.0034162633559283086,0.12029352564317526,414.0,0.3477366301106986,208.99239823686534,9464.229257016697,0.03803687787979545,0.9965837366440717,0.27823898016237747,0.75853530358318,0.478760163666405,0.64662524761647,499.96564136835326
900,77.59448938660236,12.992076895436574,36.38585435000002,41.459905040000024,39.24297489437501,0.8485060888320084,-0.01781833916902542,0.7688223719596863,0.22682835505558893,0.18904801194057771,-0.36928048729896545,0.34124964475631714,0.03135495405930739,0.11144479735557007,490.0,0.3242490610509588,164.6504935131975,12321.033698716983,0.04951841734005826,0.9686450459406926,0.22682835505558893,0.7073006944438177,0.6232752768286652,0.6736905273977567,499.9999999999634
901,77.59909862497321,12.992076895436574,35.71250441000001,42.57247055000002,39.07517007875002,1.6047671304312634,-0.001357773202471435,0.8285253047943115,0.3585874550015319,0.2360271496697388,-0.41185319423675537,0.28896284103393555,-0.03614873549517463,0.13468900175031678,74.0,0.19087639998315845,641.8017623984381,4609.483521604817,0.018525582700801915,1.0361487354951746,0.3585874550015319,0.416368238117446,0.23317663016087542,0.3430915949348178,499.9999999999634
902,77.60370786334406,12.992076895436574,37.93421741,42.50240114000002,40.36042099625003,1.0526302511273922,0.003678605891764164,0.8399044275283813,0.2594641352634804,0.2054768205834614,-0.4013969302177429,0.271400511264801,0.012817411235734528,0.11579448226434319,250.0,0.24785908108970775,246.68640515446018,8569.64431716381,0.03444152772647357,0.9871825887642655,0.2594641352634804,0.540667410449047,0.4335064382349403,0.4978030215634043,707.0824863824815
903,77.6083171017149,12.992076895436574,35.931257690000024,41.977735069999994,40.330997121875015,1.1682419273619882,-0.02492707595229149,0.7969565391540527,0.19340290144378064,0.1914736090258627,-0.3531041145324707,0.29973772168159485,0.057736989937576595,0.11790884700283893,683.0,0.34358386808480373,125.16775149585459,13336.531458736243,0.05359971791257146,0.9422630100624234,0.19340290144378064,0.7494766760724169,0.6746455321961838,0.7195442185219236,999.9312827367065
904,77.61292634008575,12.992076895436574,34.64608217,41.253114830000015,39.557431338125014,1.1236895265013374,-0.01227573212236166,0.8325812220573425,0.2929201331505409,0.20517982498816753,-0.38594290614128113,0.35337650775909424,0.01130454210134653,0.1185796243511017,251.0,0.24851079506083476,246.34963717446865,7829.789840105572,0.03146804160008667,0.9886954578986534,0.2929201331505409,0.5420890267302563,0.39607995152308106,0.4836853966473862,499.96564136835326
905,77.6175355784566,12.992076895436574,34.683680390000006,40.78826411,37.427728420625016,1.2517092765428781,-0.01816294714808464,0.8442232608795166,0.4525413602941176,0.22791460012280548,-0.4535955786705017,0.24869304895401,-0.08472299613204656,0.14290494016051583,129.0,0.15812223091761457,304.9886042568432,3860.5610146913414,0.015515652027812528,1.0847229961320466,0.4525413602941176,0.3449199309090915,0.1952914255397468,0.28506852876135363,0.0
906,77.62214481682744,12.992076895436574,36.17051909,43.03390325000001,40.06572986750002,1.6520167792577314,-0.0731707289814949,0.8089659810066223,0.36267326803768385,0.18866204084910046,-0.3637130856513977,0.4445740878582001,0.027097114114200366,0.10472554003940839,304.0,0.12187424125881621,99.75133829363222,6636.315067058539,0.02667144877015809,0.9729028858857997,0.36267326803768385,0.26585037809446943,0.3357065009061594,0.2937928272191454,499.96564136835326
907,77.62675405519829,12.992076895436574,36.50719406000002,45.44189834000002,38.84865085625002,1.480467555678743,0.011678344570100307,0.8238009214401245,0.45012864332932695,0.19668683149834842,-0.406853586435318,0.3172948360443115,-0.037388384892390325,0.11516266375000839,142.0,0.15990320070435005,280.1877877160554,3095.9354165632485,0.01244261039812026,1.0373883848923904,0.45012864332932695,0.34880484938151074,0.15661185992885188,0.2719276536004472,0.0
908,77.63136329356914,12.992076895436574,38.48964566000001,45.64697954000002,40.47955532937502,1.4898265483464972,0.04488406702876091,0.791986346244812,0.34954489315257353,0.1710932725298886,-0.29627570509910583,0.25934910774230957,0.03210689769071691,0.09686963866685686,19.0,0.049961345064061496,654.2758806604936,1372.0626462725895,0.005514340143547031,0.967893102309283,0.34954489315257353,0.1089831808444443,0.06940754701213667,0.09315292731152125,499.96564136835326
909,77.63597253193998,12.992076895436574,37.783824530000004,44.21312015000001,41.43859268000001,1.6173587270480647,0.03868347778916359,0.7804681062698364,0.32410934149050247,0.16218670138676214,-0.2944110333919525,0.28655415773391724,0.055495832854626226,0.09443902532538709,56.0,0.00955651324441129,42.46115747415023,1791.5580878272294,0.007200298550536681,0.9445041671453738,0.32410934149050247,0.020846100316606178,0.09062826143081064,0.048758964762287964,707.0824863824815
910,77.64058177031083,12.992076895436574,36.71911130000001,43.15182494000001,40.87776757468752,1.1152775496794345,0.02571295015513897,0.7561973929405212,0.27418349045973556,0.15247010490514804,-0.31991374492645264,0.23794975876808167,0.04762626647949219,0.07962710835857405,298.0,0.11020677237768,92.0179193376234,7105.317497607686,0.02855637650084458,0.9523737335205078,0.27418349045973556,0.24039954466635866,0.35943158979738415,0.28801236271876884,499.9999999999634
911,77.64519100868168,12.992076895436574,37.949598500000036,43.568823380000026,40.84567930625002,1.1261908684890336,-0.01396508701145649,0.791904628276825,0.2607587028952206,0.18114666528797885,-0.3053545653820038,0.3074905276298523,0.06363538555070465,0.09256910371339248,138.0,0.043014443240617775,77.556037011273,5104.545240786329,0.02051524309935026,0.9363646144492953,0.2607587028952206,0.09382955644217485,0.2582199615578395,0.15958571848844072,707.0824863824815
912,77.64980024705253,12.992076895436574,38.53749794000004,45.60425429000003,41.34172574187502,1.4431470006667326,-0.0033777777571231127,0.8408335447311401,0.3304841164981618,0.21062836690824968,-0.4006548225879669,0.2817387878894806,0.027372227089077817,0.1370158665641301,43.0,0.18567559301722877,1074.4018655110792,1891.480789898976,0.007601889373508807,0.9726277729109222,0.3304841164981618,0.4050234577601879,0.09568297934800303,0.28128726639531393,499.9999999999634
913,77.65440948542337,12.992076895436574,34.86312644,43.16720603000002,41.11265557062501,1.5640663533518047,-0.028935492038726807,0.8323276042938232,0.15421795184795672,0.1555717947975898,-0.39950618147850037,0.3141193687915802,0.06213278550368089,0.09340121261548819,35.0,0.09372058707047623,666.2655308508511,1866.4889313862939,0.0075014467231438835,0.9378672144963192,0.15421795184795672,0.20443740408615166,0.09441873416258675,0.16042993611672568,499.9999999999634
914,77.65901872379422,12.992076895436574,34.610192960000035,43.29025475000003,38.45295221000002,1.9284124708455619,-0.007605940103530884,0.8106483221054077,0.30173875995710786,0.21407002968545388,-0.39887735247612,0.336623877286911,-0.017289219276577818,0.1257889071510354,79.0,0.14221346871939866,447.9133717032,3697.5627406951935,0.014860559544923619,1.017289219276578,0.30173875995710786,0.3102173522367934,0.18704594899680682,0.2609487909407988,499.9999999999634
915,77.66362796216507,12.992076895436574,36.79430774000002,43.136443850000035,40.24938561125003,1.2818067872728396,-0.02642732486128807,0.7949572801589966,0.1502969300513174,0.13352578838716297,-0.36289727687835693,0.3716684877872467,0.07330984078201593,0.09044290420776677,348.0,0.3607304426784549,257.9193588054603,8838.642971041527,0.035522637309675,0.926690159217984,0.1502969300513174,0.7868793568330442,0.4471140798145288,0.650973246025638,499.9999999999634
916,77.66823720053591,12.992076895436574,39.31338848000004,42.051222499999994,40.61604993687502,0.6663826536054803,-0.037685882300138474,0.6843839883804321,0.1318812208909255,0.10474581225673026,-0.23982179164886475,0.41575756669044495,0.07625884422889123,0.0687052387898631,689.0,0.4009569491073094,144.79678280809716,12938.42140547452,0.051999707698595694,0.9237411557711088,0.1318812208909255,0.8746274472668542,0.6545066250458192,0.7865791183784402,707.0824863824815
917,77.67284643890676,12.992076895436574,39.31851551,41.06170571000001,39.98247846125002,0.3787464662637047,-0.04137323796749115,0.5929570198059082,0.0970862175436581,0.07571744164362519,-0.12958091497421265,0.2327854335308075,0.08517100614659927,0.048006670236211156,1245.0,0.4534014946159195,90.61372534644914,19082.72264482601,0.07669374559128705,0.9148289938534008,0.0970862175436581,0.9890273574402274,0.9653239760505726,0.9795460048843655,1117.972526583475
918,77.6774556772776,12.992076895436574,38.11879049000001,41.00189036000003,39.58076058125001,0.6953106131718353,-0.006878762040287256,0.7811501622200012,0.15445076736749389,0.13964519811259754,-0.2888283431529999,0.3636363744735718,0.05226742015165441,0.07167083801243,1108.0,0.4316398781205313,96.93088780084454,18349.121246018716,0.07374539067921722,0.9477325798483456,0.15445076736749389,0.9415576549543685,0.9282138093142276,0.9362201166983122,1581.041044040218
919,77.68206491564845,12.992076895436574,38.173478810000034,41.67865832000004,40.313178179375015,0.6834575165481513,-0.021173624321818352,0.7332150340080261,0.16116052964154412,0.12482742457370717,-0.3104320466518402,0.35338786244392395,0.051322314692478554,0.07689041508753905,731.0,0.43431256082773934,147.83096182957033,15507.547208545244,0.06232506243963629,0.9486776853075214,0.16116052964154412,0.9473877114199419,0.7844691456647926,0.8822202851178822,1499.9999999998902
920,77.6866741540193,12.992076895436574,38.021376919999994,43.187714150000005,41.01311760625002,0.8691787898611777,-0.10234278440475464,0.7189651131629944,0.15073007436899039,0.12571639954850222,-0.3294154107570648,0.49453550577163696,0.08215215242826021,0.08963847546489458,442.0,0.2589239052479525,145.7572846103913,12055.409870246349,0.04845087123026696,0.9178478475717398,0.15073007436899039,0.5648036648013619,0.6098383551165232,0.5828175409274263,1499.9999999998902
921,77.69128339239015,12.992076895436574,39.06558203,44.85741692000005,41.435294039375016,1.0852064352422353,-0.026805425062775612,0.6495350003242493,0.12433957567401961,0.08956213856805875,-0.14505529403686523,0.29290273785591125,0.08534803203507965,0.059239295654004945,723.0,0.3650623118563429,125.63455103988966,12076.729241405319,0.04853655409943949,0.9146519679649203,0.12433957567401961,0.796328679732636,0.6109168228235228,0.7221639369689907,1581.1279652667392
922,77.695892630761,12.992076895436574,36.94128260000002,42.41353262000004,40.81741781000002,0.874403561499643,-0.08264462649822235,0.6599423885345459,0.14109127269071692,0.11473414683699007,-0.40429994463920593,0.41237112879753113,0.0766310329063266,0.08252097610178383,587.0,0.26814667377664975,113.66184530215817,12787.512463467689,0.05139320242043716,0.9233689670936734,0.14109127269071692,0.584921751077075,0.6468727028518539,0.6097021317869866,1802.7375211591802
923,77.70050186913184,12.992076895436574,0.0,43.70896220000003,17.16444568033089,20.521004285146876,-0.02857142873108387,0.6381251811981201,0.04699333777794471,0.08382123367926013,-0.18058252334594727,0.42268040776252747,0.04266879155085637,0.07056733519895199,164.0,0.11656629971217658,176.85182752991798,4051.6888257965793,0.01628379753792395,0.9573312084491437,0.04699333777794471,0.25427189971788783,0.20495987076027067,0.23454708813484096,2121.2474591474447
924,77.50230461918542,12.996568451311528,39.98502941000001,45.110350400000044,42.127264574705904,1.2176172527949818,-0.010698552243411541,0.6298051476478577,0.1369787238625919,0.08828202848043458,-0.19290807843208313,0.3191896080970764,0.09149392520680147,0.061054304459796184,430.0,0.1780316881264531,103.01708196262463,14304.980232160264,0.05749192790951936,0.9085060747931986,0.1369787238625919,0.3883494257059873,0.7236357542920047,0.5224639571403942,5590.154416072948
925,77.50691385755627,12.996568451311528,40.89593174000004,43.51926209000001,41.79573667500002,0.4971790064264912,0.010526316240429878,0.6699077486991882,0.12202601506159856,0.0798197987484783,-0.15866170823574066,0.25013989210128784,0.08618071922889123,0.04621697484595688,247.0,0.1204831068971637,121.36950887312167,18446.718778721013,0.07413763661197655,0.9138192807711087,0.12202601506159856,0.2628158271327109,0.9331509055595819,0.5309498585034593,5522.676579239604
926,77.51152309592712,12.996568451311528,40.402027850000025,45.09838733000001,42.645827882352954,1.2389158553657384,0.008581524714827538,0.6984511017799377,0.15264416264552697,0.0869734790735363,-0.21418684720993042,0.3734297752380371,0.0858971808938419,0.050385394948499536,109.0,0.08279705479983154,189.00303597924247,16301.279176107595,0.06551508300016694,0.9141028191061581,0.15264416264552697,0.18060935679508427,0.8246210942680743,0.4382140517842803,5408.182463628226
927,77.51613233429796,12.996568451311528,39.89616089000003,46.96120823000001,43.61886957941178,1.3774681889764826,0.009623796679079533,0.7428340315818787,0.2755731560202206,0.13731239921241706,-0.44026732444763184,0.2912658751010895,0.06970537971047794,0.09349421060394451,3.0,0.010416107984442192,863.9022568408301,2966.845966990279,0.01192379798396232,0.930294620289522,0.2755731560202206,0.022721177316346687,0.15008170471739174,0.0736653882767647,5147.709682193529
928,77.52074157266881,12.996568451311528,39.503088590000004,43.54831526000004,41.79563384529414,0.7355405312818052,0.009152215905487537,0.8234674334526062,0.2516443810096154,0.16335745704723095,-0.35681378841400146,0.24059292674064636,0.05837593078613281,0.08894626091875571,57.0,0.03909287762679754,170.64877459450452,9215.594322858764,0.03703761038844588,0.9416240692138672,0.2516443810096154,0.08527524922854153,0.46618264694127015,0.237638208313633,4924.358392945654
929,77.52535081103966,12.996568451311528,39.619301269999994,42.90914552000001,40.66388484588237,0.8688337213478807,0.0167731624096632,0.7339516878128052,0.15946176566329656,0.10935385568776156,-0.3391140401363373,0.27193859219551086,0.06864963905484069,0.06285555403923451,342.0,0.1351665103220515,98.33845597517129,16358.569043244053,0.06574533182665258,0.9313503609451593,0.15946176566329656,0.2948454694254597,0.8275191756037882,0.5079149518967911,4743.375316161662
930,77.5299600494105,12.996568451311528,37.91712731000001,41.222352650000005,39.91480624823531,0.7465102183336054,0.011791128665208817,0.7247706651687622,0.14939644607843136,0.0967132199638044,-0.23087525367736816,0.2153470814228058,0.0660153138403799,0.05752795166687828,610.0,0.254136389288084,103.6614811575292,18452.551248851643,0.07416107739601417,0.9339846861596202,0.14939644607843136,0.5543604167867018,0.9334459485343967,0.7059946294857797,4471.825391124798
931,77.53456928778135,12.996568451311528,37.059204290000025,39.74064098000002,38.67023302117649,0.6606661047913786,0.02184813842177391,0.8080107569694519,0.23869300255408654,0.17133027826504768,-0.4350731372833252,0.26252132654190063,0.006289214354294997,0.09946180799557164,643.0,0.3328145013717384,128.78689059908908,15758.360142015503,0.06333308334255436,0.993710785645705,0.23869300255408654,0.7259849178228096,0.7971568392758541,0.7544536864040274,4030.8650864817187
932,77.5391785261522,12.996568451311528,36.855832100000015,39.19546679000004,38.360216241764725,0.4180422104711299,0.007856341078877449,0.8055358529090881,0.23222886029411766,0.1744317426007919,-0.37811484932899475,0.23167702555656433,0.006640117121677773,0.09162485697540113,894.0,0.4070725146123882,113.29601924945632,15282.66355129875,0.061421251682779905,0.9933598828783222,0.23222886029411766,0.8879676361779304,0.773093117715194,0.8420178287928358,3605.334597495529
933,77.54378776452305,12.996568451311528,36.855832100000015,40.63787123000003,39.06347090000002,0.856719349603852,-0.011576135642826557,0.7986514568328857,0.20582959941789217,0.16334909099836034,-0.3913668990135193,0.25360292196273804,0.028654001273360905,0.09121937343875972,1207.0,0.44662344605590565,92.06925685724337,17702.109652635092,0.07114504148056494,0.9713459987266391,0.20582959941789217,0.9742420611068071,0.8954838988344334,0.9427387961978575,3201.3926613508975
934,77.54839700289389,12.996568451311528,38.626366460000014,40.85491550000003,39.65247617000002,0.535003791396985,-0.002597402548417449,0.7098943591117859,0.19025653913909313,0.1476186289103582,-0.2836722433567047,0.30181199312210083,0.04613297107172947,0.0829050924666366,1031.0,0.4720674408602016,113.92676667418986,16358.135261798985,0.06574358845258539,0.9538670289282706,0.19025653913909313,1.0,0.8274972322135767,0.9309988928854307,2828.304365194219
935,77.55300624126474,12.996568451311528,37.754771360000035,40.72332173000004,39.474996040000015,0.583520788881316,-0.012964311987161636,0.7837597131729126,0.28732342059795674,0.20770011455748277,-0.36938926577568054,0.3163621425628662,0.00039271262975839466,0.11857364906770179,566.0,0.3650917707986741,160.4966612954699,13041.542383113218,0.05241415243854958,0.9996072873702416,0.28732342059795674,0.7963929399969554,0.6597231318305782,0.7417250167304045,2499.921876774177
936,77.55761547963559,12.996568451311528,34.91097872,40.77630104000002,39.006162886470605,1.4933401262138049,0.009190631099045277,0.8164419531822205,0.26962261125153186,0.23112597362645437,-0.4249078333377838,0.30596405267715454,-0.0015427458520029106,0.14839770848027842,579.0,0.3474578323649163,149.3151695976005,16426.399196845145,0.06601794222090943,1.001542745852003,0.26962261125153186,0.7579271481160152,0.8309504508357887,0.7871364692039247,2236.0291580262833
937,77.56222471800643,12.996568451311528,37.96327058000003,42.25459469000003,40.26844122058826,0.8864165470045402,-0.01931922696530819,0.7311007380485535,0.15495563581878063,0.13965592713805006,-0.30199429392814636,0.2975066602230072,0.06711513145297181,0.0834796436021419,603.0,0.4048827357566945,167.0676394306413,15379.259194436443,0.061809471006506106,0.9328848685470282,0.15495563581878063,0.8831909620364835,0.7779795320931823,0.841106390059163,2061.542286465522
938,77.56683395637728,12.996568451311528,38.33241674000004,42.497274110000035,40.46720085764708,0.7835132247115351,-0.0025575447361916304,0.7354122400283813,0.22748802771935095,0.15831773282920852,-0.31299394369125366,0.34322452545166016,0.03327708024245042,0.09117365342889677,394.0,0.2753662112845682,173.89809203960078,16073.992922825633,0.06460161617417763,0.9667229197575495,0.22748802771935095,0.6006700893339786,0.8131235279195287,0.6856514647681986,1999.9999999998536
939,77.57144319474813,12.996568451311528,37.520636990000014,41.72992862000001,40.265726910588256,0.7934850129871447,-0.0014548981562256813,0.7522087693214417,0.23710396560968136,0.18158401966840151,-0.3526639938354492,0.27772125601768494,0.028228753781786152,0.10237093779172202,431.0,0.4318626718393232,249.31521714962446,10287.063231608456,0.041343859838594614,0.9717712462182139,0.23710396560968136,0.9420436460363735,0.5203842745842344,0.7733798974555178,1581.0153035232365
940,77.57605243311897,12.996568451311528,39.00405767000004,41.65644119000001,40.294295171176486,0.5346116833990152,-0.011549566872417927,0.7335038185119629,0.1436707021675858,0.12930138616334694,-0.3482726514339447,0.2782719135284424,0.06884102615655638,0.07822364199544522,390.0,0.24832152446403033,158.42734654311963,18222.402146263215,0.07323610473616336,0.9311589738434436,0.1436707021675858,0.5416761613109281,0.9218035612854591,0.6937271213007405,1117.9563477811996
941,77.58066167148982,12.996568451311528,37.39075223000003,41.31463919000001,39.781533035882376,0.8962653216345107,-0.004696753341704607,0.7320764064788818,0.20651282677283653,0.16086409064390414,-0.28342247009277344,0.21690768003463745,0.04061809246356671,0.0853361417537565,561.0,0.36667887660692244,162.63103299191206,13789.21624572193,0.05541906479154208,0.9593819075364333,0.20651282677283653,0.7998549732768403,0.6975451721796382,0.7589310528379594,707.0760912985547
942,77.58527090986067,12.996568451311528,34.38802166000002,39.836345540000025,38.15395824941178,1.151610472742899,-0.01600492373108864,0.8225769400596619,0.35684445848651963,0.20430315806083477,-0.3881346583366394,0.3826794922351837,-0.029695997051164217,0.1185928357759724,168.0,0.20056812312231193,297.0523677545837,5828.6370931453575,0.023425379003075935,1.0296959970511643,0.35684445848651963,0.43750927854008315,0.29484907570233293,0.38044519740498306,499.9999999999634
943,77.58988014823152,12.996568451311528,36.52941119000002,46.116957290000045,39.07740317529414,1.8844876724436057,0.012206874787807465,0.7982208728790283,0.3543972598805147,0.2140117207906915,-0.38157692551612854,0.2857142984867096,-0.005385487874348958,0.1403072378725026,106.0,0.16721016303179514,392.497770993165,4069.089723524627,0.01635373200420813,1.005385487874349,0.3543972598805147,0.3647438917698694,0.2058401174679512,0.3011823820491021,499.95659700225855
944,77.59448938660236,12.996568451311528,33.31647239,44.78392949000002,38.146877455000016,2.3411612737332006,-0.004870343487709761,0.8310626745223999,0.44532733623798076,0.22542848311587854,-0.4089965522289276,0.27193859219551086,-0.06443736149714543,0.15116445833846784,90.0,0.12390129409218624,342.54191601320804,3195.8414832859544,0.01284413436337764,1.0644373614971454,0.44532733623798076,0.27027208982455087,0.16166573632559783,0.22682954842496966,0.0
945,77.59909862497321,12.996568451311528,35.83726214000001,39.822673460000004,37.5839590629412,1.0010608311788858,-0.008715862408280373,0.8127874732017517,0.40505840226715684,0.21241533429642037,-0.3975945711135864,0.258395791053772,-0.052352647968367035,0.1281850519480982,219.0,0.2306913545225347,262.10034575920133,4998.918358365956,0.020090727090878835,1.0523526479683671,0.40505840226715684,0.5032185898306436,0.25287669036883514,0.40308183004592024,0.0
946,77.60370786334406,12.996568451311528,36.99597092000002,40.45158914000004,38.61077839647061,0.7854532149690898,-0.0020790020935237408,0.7885141372680664,0.2756128887101716,0.17832566434784536,-0.3897644877433777,0.23913608491420746,0.0019460064757104013,0.09875295300928404,334.0,0.3739686337916073,278.59229473861893,8599.709405770935,0.03456235976389982,0.9980539935242896,0.2756128887101716,0.8157564852267671,0.43502731926511196,0.6634648188421051,499.95659700225855
947,77.6083171017149,12.996568451311528,35.698832330000016,40.769465,39.02580763117649,1.0652614828172167,-0.006947975140064955,0.7677921056747437,0.22166338752297793,0.1926902944588908,-0.3511250615119934,0.3672869801521301,0.032282322902305455,0.11216822019691917,325.0,0.33578005182951276,257.07030954298045,8659.363791531207,0.034802111625835686,0.9677176770976945,0.22166338752297793,0.7324538213607056,0.43804501280511493,0.6146902979384694,707.0760912985547
948,77.61292634008575,12.996568451311528,37.34289995000006,40.012373569999994,38.802364922352965,0.522877635978898,-0.04314329847693443,0.7930752038955688,0.2383654080904447,0.18462350744619563,-0.35593220591545105,0.28387942910194397,0.02320861522967999,0.1044888998703437,489.0,0.4027969634650239,204.95462283405206,11337.46669803912,0.045565446963348105,0.97679138477032,0.2383654080904447,0.8786411626151108,0.5735202798359315,0.7565928095034391,707.0760912985547
949,77.6175355784566,12.996568451311528,36.81652487000002,41.69574842000003,39.01903664000002,0.817079676767356,-0.007645260076969862,0.8061366677284241,0.2417086492800245,0.20044400119761366,-0.36210009455680847,0.40240609645843506,0.02439765032599954,0.11818267300052869,486.0,0.31131003757126824,159.38125574986165,11059.78380326444,0.04444943528706481,0.9756023496740005,0.2417086492800245,0.679076155372071,0.559473334803284,0.6312350271445561,499.9999999999634
950,77.62214481682744,12.996568451311528,35.75352065000001,42.87325630999999,39.4538170629412,1.4364186921477733,-0.013791984878480434,0.8065661191940308,0.23418299057904413,0.2077379553566602,-0.38735440373420715,0.33220338821411133,0.025755073696959254,0.1330060772228572,560.0,0.30939446126921244,137.46903923629935,12323.862306172377,0.04952978555541198,0.9742449263030407,0.23418299057904413,0.6748976129753321,0.6234183655611458,0.6543059140096577,707.0760912985547
951,77.62675405519829,12.996568451311528,39.19375778000003,43.28341870999998,40.614879427647075,1.025560625260136,-0.11511380225419998,0.7839493751525879,0.18242572490985576,0.17069014715118316,-0.39463600516319275,0.34410905838012695,0.05946324861966647,0.10341617072669425,404.0,0.36255975367457716,223.2948041954586,6884.800927723612,0.027670117132926872,0.9405367513803335,0.18242572490985576,0.7908697244033227,0.34827647655764715,0.6138324252650524,499.9999999999634
952,77.63136329356914,12.996568451311528,38.250384260000004,41.66498624000002,40.365967147647076,0.6399267933534254,0.017636394128203392,0.8009268641471863,0.2070798148360907,0.1636817166079321,-0.37043851613998413,0.315999299287796,0.07155963972503064,0.08265516320645087,599.0,0.24283008656869157,100.8686159911524,14607.278402836,0.05870686874506111,0.9284403602749693,0.2070798148360907,0.529697413171214,0.7389278945961367,0.6133896057411832,707.0760912985547
953,77.63597253193998,12.996568451311528,36.748164470000006,44.392566200000005,40.645558818235315,1.616772893628202,0.0014513788046315312,0.8285232782363892,0.35883252910539215,0.2064918396551974,-0.3855324685573578,0.32908812165260315,0.021994558596143535,0.11480260763493298,45.0,0.07155120184868607,395.6259852469513,306.707534680698,0.0012326621349344029,0.9780054414038565,0.35883252910539215,0.15607821528251667,0.015515193632126481,0.09985300662236059,1117.9563477811996
954,77.64058177031083,12.996568451311528,34.96566704000003,44.103743510000015,40.41452708000001,2.043159826421543,-0.012100889347493649,0.8386213779449463,0.2929258845402644,0.2063381645585414,-0.5192083716392517,0.26477113366127014,0.015769945291372447,0.12704901557141096,328.0,0.07689909936129434,58.334811566593025,7458.3992289476,0.029975417220574195,0.9842300547086276,0.2929258845402644,0.16774385160609487,0.37729268158767326,0.2515633835987262,999.9131940045171
955,77.64519100868168,12.996568451311528,35.857770259999995,42.95187077000003,39.14440346352943,1.9239998987465328,-0.004835589788854122,0.7792103290557861,0.3295488664215686,0.20532059984774423,-0.31824982166290283,0.2863514721393585,0.05061282887178309,0.09224805064489558,65.0,0.03328392215631813,127.40941763677944,1399.6807990633456,0.005625337909602697,0.9493871711282169,0.3295488664215686,0.0726038841212804,0.07080464665873105,0.07188418913626066,499.95659700225855
956,77.64980024705253,12.996568451311528,34.94515892000004,43.57907743999999,37.724647841176484,1.856009166407382,0.0939720943570137,0.8206133246421814,0.5085264437806373,0.1577829470297145,-0.39210155606269836,0.29885512590408325,0.00023608936982996324,0.12667667701680863,9.0,0.10890247920662265,3010.7565993838643,166.57694056042385,0.0006694751969357973,0.99976391063017,0.5085264437806373,0.23755442473707622,0.00842650797650863,0.14590325803284918,0.0
957,77.65440948542337,12.996568451311528,37.330936879999996,41.459905040000024,39.289202144705904,0.7631508173187268,-0.0076210093684494495,0.7386074662208557,0.21556603064903845,0.162339980872819,-0.29563868045806885,0.3317744731903076,0.06637633690467247,0.08793966268869029,458.0,0.26573811206295817,144.36727428604615,9480.251909449318,0.03810127315777735,0.9336236630953275,0.21556603064903845,0.5796678349448796,0.47957069006984404,0.5396289769948655,499.95659700225855
958,77.65901872379422,12.996568451311528,38.558006060000025,41.52142939999999,39.81980539823531,0.6599171082928386,-0.0051267025992274284,0.7620150446891785,0.22592452703737745,0.14918418544941262,-0.27371007204055786,0.28979256749153137,0.05365469539866728,0.08746683056474898,454.0,0.28061631428145484,153.79331313712206,9884.367471789867,0.0397254196018923,0.9463453046013327,0.22592452703737745,0.6121224015891432,0.5000133935919361,0.5672787983902603,999.9131940045171
959,77.66362796216507,12.996568451311528,31.240025240000023,43.15695197000002,40.065435669411784,2.4378039949776733,-0.2764045000076294,0.8464763760566711,0.17425307329963236,0.20303946030722744,-0.4889981746673584,0.4593980610370636,0.03655248006184896,0.12256164481825636,214.0,0.09021682931296973,104.89485235013255,6916.1440382995825,0.02779608555961806,0.963447519938151,0.17425307329963236,0.19679448204648603,0.3498620079666671,0.25802149241455846,999.9999999999268
960,77.66823720053591,12.996568451311528,31.86894092,44.954830490000035,40.67153103941179,2.283965522487693,-0.2743142247200012,0.7306843400001526,0.16366707435021033,0.17193815281291033,-0.386839896440506,0.5138888955116272,0.06358220613919771,0.10303974838342095,222.0,0.2106892847600826,236.14016590390133,7555.323177527941,0.030364956008748067,0.9364177938608023,0.16366707435021033,0.4595870746384604,0.38219570371714195,0.428630526269933,1118.0145790131417
961,77.67284643890676,12.996568451311528,39.750895040000046,43.64743784000001,40.89316420823531,1.0050199152229722,-0.024105185642838478,0.7016933560371399,0.12011317832797182,0.10656090069717601,-0.23460114002227783,0.31472867727279663,0.08485107421875,0.061875474993699386,724.0,0.2842500316156222,97.68825347848164,17355.84816556984,0.06975341142382127,0.91514892578125,0.12011317832797182,0.6200488109534102,0.8779678178396892,0.7232164137079219,1414.1521825971095
962,77.6774556772776,12.996568451311528,39.65177246000002,44.42503739,41.99242427705884,1.282163646369224,-0.00801957305520773,0.7163375020027161,0.18263872931985295,0.12466508079611777,-0.20745185017585754,0.3225632607936859,0.07989208146637561,0.06211846349415016,637.0,0.27284309862069706,106.57465376475285,13206.1264253589,0.053075618147573986,0.9201079185336244,0.18263872931985295,0.5951662974848002,0.6680488264922965,0.6243193090877988,1118.0145790131417
963,77.68206491564845,12.996568451311528,39.69962474000002,45.25048922000002,42.5048552547059,1.4698611489471405,-0.026332158595323563,0.8035589456558228,0.17651534734987745,0.11860444790215297,-0.3438190519809723,0.3309626579284668,0.08761970071231617,0.06601108552662828,356.0,0.15753674743955556,110.10632469791732,8977.36896434434,0.03608017913613702,0.9123802992876838,0.17651534734987745,0.3436427865149819,0.45413171193805313,0.3878383566842104,999.9999999999268
964,77.6866741540193,12.996568451311528,38.069229199999995,42.285356870000015,40.19119410000001,0.950286606805777,-0.05486968532204628,0.6626421809196472,0.14095921443058895,0.1149110178458754,-0.22117979824543,0.5188071727752686,0.07255899282602163,0.07566694627603045,453.0,0.2784411513434674,152.9380711336883,11070.359693044411,0.04449193994508889,0.9274410071739784,0.14095921443058895,0.6073776098800158,0.5600083297388962,0.5884298978235679,999.9999999999268
965,77.69128339239015,12.996568451311528,38.81948459000003,43.82346587000001,40.82773100529413,1.1546934549312464,-0.03678929805755615,0.7441227436065674,0.1997830379710478,0.1581555088670478,-0.2651229500770569,0.43172574043273926,0.06532577215456495,0.09282856163589742,210.0,0.22186579937708947,262.8763135547187,7659.731040514938,0.030784572760020498,0.9346742278454351,0.1997830379710478,0.48396696497475983,0.38747730924615587,0.44537110268331825,1118.0145790131417
966,77.695892630761,12.996568451311528,38.790431420000004,44.626700570000025,41.83751937411766,1.4861658886117717,-0.03247658908367157,0.7627118825912476,0.14255440506280637,0.11652725169274755,-0.3012198805809021,0.45563769340515137,0.08729427562040441,0.08160764590526212,285.0,0.41033119480179503,358.2366907818826,6165.790671142435,0.024780404238068328,0.9127057243795956,0.14255440506280637,0.8950759582605518,0.31190442144672337,0.6618073435350204,1414.1521825971095
967,77.70050186913184,12.996568451311528,0.0,44.448963530000015,17.361630470588242,20.761589102362194,-0.00770712923258543,0.7150996923446655,0.09742047236515926,0.15670752515957884,-0.3028828203678131,0.4680284261703491,0.02618344233586238,0.06843537739742256,105.0,0.12316754447368589,291.8685992319089,443.62150394159096,0.001782921409872576,0.9738165576641377,0.09742047236515926,0.2686715250826483,0.022441162197708812,0.1701793799286725,1802.6672987477646
968,77.50230461918542,13.001060007186483,40.10636912000001,42.60835976000004,41.159929433529435,0.49883924084142683,0.015442561358213425,0.6764252781867981,0.13511400409773283,0.08345095231028027,-0.18643471598625183,0.24042145907878876,0.07661038267846201,0.048095256366399164,954.0,0.39665813606342326,103.45426074609611,17793.983833661663,0.07151428517797676,0.923389617321538,0.13511400409773283,0.8652502313656893,0.9001314720018297,0.8792027276201455,5656.557552800495
969,77.50691385755627,13.001060007186483,40.613945090000016,44.53954106000003,41.97888558000002,0.8372326343214803,0.0,0.5549923777580261,0.1501773892916166,0.08354736120358318,-0.1295224279165268,0.24880805611610413,0.0782062471829928,0.05096824690397648,366.0,0.17850908630403525,121.35554677411916,16834.866638369196,0.06765957893206623,0.9217937528170073,0.1501773892916166,0.38939079822819483,0.8516132997425254,0.5742797988339271,5314.831141571898
970,77.51152309592712,13.001060007186483,40.661797370000016,48.46513703000002,43.83833248294119,1.6111155431918942,-0.004732927773147821,0.6487740278244019,0.15590116613051472,0.08601898260491345,-0.1353818029165268,0.32295843958854675,0.10481403425628064,0.05824547144383003,3.0,0.0016058219130301108,133.18536797268658,12479.256548810372,0.05015431732339114,0.8951859657437193,0.15590116613051472,0.003502859655346221,0.631279182434641,0.25461338876706413,4999.8111847678965
971,77.51613233429796,13.001060007186483,40.27727012,46.64162336000004,42.454442416470606,1.5990824567644466,-0.005730294156819582,0.6939685344696045,0.1968303964652267,0.10284032266644032,-0.2017982006072998,0.29361701011657715,0.07464736040900735,0.05574186704820484,0.0,0.0,0.0,13258.438572546893,0.05328586144369283,0.9253526395909927,0.1968303964652267,0.0,0.6706951034863682,0.2682780413945473,4716.85157789255
972,77.52074157266881,13.001060007186483,39.71842385000002,42.73995352999998,41.06007357588237,0.5870191297980196,0.013124387711286545,0.664383590221405,0.15455768291766828,0.09511394719373854,-0.1864936649799347,0.23207828402519226,0.06689332228440505,0.049889936104030815,247.0,0.12117712137454895,122.06862925970815,17804.78138713041,0.0715576807056566,0.933106677715595,0.15455768291766828,0.2643297156239146,0.9006776800791606,0.518868901406013,4472.042132743644
973,77.52535081103966,13.001060007186483,39.533850770000015,43.21164029000002,41.45007084058825,0.8200422667090945,-0.0003432887024246156,0.7410764694213867,0.15001641965379903,0.10497859278461379,-0.25639039278030396,0.31997641921043396,0.07448015998391544,0.06305789803016613,316.0,0.14621262202580113,115.12726098813047,17638.512825472502,0.07088944488810789,0.9255198400160846,0.15001641965379903,0.31894090536486625,0.8922667718445677,0.5482712519567469,4271.946625466051
974,77.5299600494105,13.001060007186483,38.75454221000001,41.24627879000002,39.69925810117648,0.5360315096624418,0.003522080834954977,0.634598433971405,0.16247721354166667,0.1032847489561817,-0.22547559440135956,0.21311475336551666,0.059079583859911154,0.0571274477376379,420.0,0.18557571554627178,109.93911663052054,17749.988379662544,0.07133746679524475,0.9409204161400888,0.16247721354166667,0.4048055900373386,0.8979059055890571,0.602045716258026,4123.08018467466
975,77.53456928778135,13.001060007186483,38.65883765000001,40.23112685000001,39.33184460529414,0.38850172427801516,-0.004338394850492477,0.7216307520866394,0.16760350153996395,0.11957004422274696,-0.3012772500514984,0.22158198058605194,0.044023041358360875,0.06540166906097489,658.0,0.3096415296254188,117.08835384144201,19072.48087167128,0.07665258375293975,0.9559769586416391,0.16760350153996395,0.6754365555380444,0.9648058828325582,0.7911842864558499,3807.5490887740975
976,77.5391785261522,13.001060007186483,37.41638738000003,40.35588458000001,38.98700305117649,0.6291346182420714,0.0019663535058498383,0.7777777910232544,0.23543739468443628,0.16826310685658724,-0.35410019755363464,0.3088145852088928,0.01044685962153416,0.09057255064712377,824.0,0.3436145137628177,103.75873718848071,15889.529879583355,0.06386025646504546,0.9895531403784659,0.23543739468443628,0.7495435250226365,0.8037922285210487,0.7712430064220014,3353.8204906244114
977,77.54378776452305,13.001060007186483,37.322391830000015,39.80900138000001,38.69953455941178,0.5137339523140969,0.012023217044770718,0.8207505345344543,0.23138111787683824,0.1673276701565009,-0.36342957615852356,0.2332298904657364,0.0100597396551394,0.08866139849970343,760.0,0.4049445161216054,132.57520867601855,14400.066066858482,0.05787407929071431,0.9899402603448606,0.23138111787683824,0.8833257266364576,0.7284457930755354,0.8213737532120886,2915.251071154843
978,77.54839700289389,13.001060007186483,37.68299294000002,40.521658549999984,38.87272409529414,0.652972379075708,0.0022716945968568325,0.7559537291526794,0.22034802006740195,0.15725829882200915,-0.31079497933387756,0.3127501308917999,0.02692403755935968,0.09003159742662221,520.0,0.39059712376673533,186.89861668043383,13824.894799433447,0.055562457428554396,0.9730759624406403,0.22034802006740195,0.8520290420965979,0.6993500175347571,0.7909574322718615,2499.832161773333
979,77.55300624126474,13.001060007186483,38.29652753000002,40.549002710000025,39.46284308000001,0.5456840053803687,-0.008013496175408363,0.7620512843132019,0.19494591346153847,0.16218012986962227,-0.32292917370796204,0.24462366104125977,0.040590465252216046,0.09007966320553067,997.0,0.4078039373642836,101.77395362731262,17674.704343726044,0.07103489913722952,0.959409534747784,0.19494591346153847,0.8895631252093276,0.8940975661683163,0.8913769015929232,2121.2090823001854
980,77.55761547963559,13.001060007186483,38.32728971,40.66008836000003,39.40258815764708,0.4771006704167125,-0.015204678289592266,0.6204279065132141,0.12886551202512256,0.08930581336915233,-0.1995912790298462,0.2503894865512848,0.07234153597962623,0.05608136699065904,1175.0,0.5104571233285576,108.09405067760163,19289.66688886932,0.07752545758017046,0.9276584640203738,0.12886551202512256,1.0,0.9757925157971705,0.9903170063188682,1802.7174513103369
981,77.56222471800643,13.001060007186483,36.65587793,40.67034242,39.03545259764708,0.971397546650978,0.00021381227998062968,0.7671934962272644,0.20231071920955881,0.16666341297234633,-0.3776223659515381,0.22719059884548187,0.03752568562825521,0.09686931548243367,762.0,0.40547653277712253,132.40096257958385,16969.83790107807,0.06820203044053248,0.9624743143717448,0.20231071920955881,0.8844862411763711,0.8584409940079463,0.8740681423090011,1581.1222445827716
982,77.56683395637728,13.001060007186483,36.65416892000002,40.06364387000002,37.829459236470605,0.6644983298170284,0.014608234167098999,0.8102817535400391,0.3042833064152644,0.17599376663872787,-0.37651291489601135,0.324978768825531,-0.017932935861440805,0.10019010102470816,422.0,0.42163812246320487,248.603826769073,10489.751344235247,0.04215846637213306,1.0179329358614408,0.3042833064152644,0.9197403250933189,0.5306375124696643,0.7640992000438571,1499.9999999998902
983,77.57144319474813,13.001060007186483,37.905164240000005,41.68378535000002,39.37862653647061,0.8340662723170357,0.010160151869058609,0.800122857093811,0.2373010014552696,0.17268839053041535,-0.4227905571460724,0.2538253962993622,0.02845031139897365,0.09657690745004449,549.0,0.4351209546258545,197.2050553272167,12840.705027802074,0.051606984126137095,0.9715496886010263,0.2373010014552696,0.949151101244226,0.6495635168753716,0.8293160674966842,1499.8426486912301
984,77.57605243311897,13.001060007186483,37.905164240000005,40.993345309999995,38.85623126176473,0.5516852861479842,0.004332265816628933,0.7728520035743713,0.20653104894301472,0.16535564960714863,-0.39300963282585144,0.23966118693351746,0.031578536688112745,0.09437185456044844,782.0,0.38023257561514895,120.98261237376481,19952.617295131127,0.08018986510439076,0.9684214633118873,0.20653104894301472,0.8294203348224655,1.0,0.8976522008934793,999.8950991274868
985,77.58066167148982,13.001060007186483,35.16733022,40.993345310000024,39.011284002941196,1.3272025156843283,-0.00600934773683548,0.81427001953125,0.24269373967097355,0.23039961884942559,-0.39216330647468567,0.23490670323371887,0.012003145951491136,0.13715771443604677,723.0,0.3664437661984723,126.10997233214245,18845.571030541018,0.07574062973297593,0.9879968540485089,0.24269373967097355,0.7993421151836548,0.9533273577750105,0.8609362122201971,499.9475495637434
986,77.58527090986067,13.001060007186483,30.894805220000023,39.83292752,35.307126055294134,1.7302278735879237,-0.18395574390888214,0.8480180501937866,0.5206020220588236,0.250452331313204,-0.46049046516418457,0.42526689171791077,-0.1228869868259804,0.13898164435723492,21.0,0.03551457878523013,420.792279599718,1702.3874174766106,0.006841920302664954,1.1228869868259803,0.5206020220588236,0.07746972699398251,0.08611744881501794,0.08092881572239669,0.0
987,77.58988014823152,13.001060007186483,34.98788417,46.556172860000004,41.38819758235296,2.7717816895081473,0.040421053767204285,0.8269557952880859,0.37105746400122547,0.20642350694493225,-0.391966313123703,0.2894308865070343,0.021439286774280024,0.1486303198891272,15.0,0.07695057339250423,1276.4417211932423,0.0,0.0,0.97856071322572,0.37105746400122547,0.1678561344848874,0.0,0.10071368069093244,499.9475495637434
988,77.59448938660236,13.001060007186483,33.67365548000001,44.26097242999998,38.22627940000002,1.8016511702193299,-0.007256893906742334,0.8371501564979553,0.4279986102764423,0.21059058485825194,-0.39463362097740173,0.26850828528404236,-0.07268724294809195,0.12377469418411706,174.0,0.16856628627899417,241.04707188269992,6059.232144615332,0.02435214393810176,1.072687242948092,0.4279986102764423,0.3677020712365619,0.3065140218468464,0.3432268514806757,0.0
989,77.59909862497321,13.001060007186483,36.42516158000001,41.174500370000004,38.649624371176486,1.1136387195273882,0.01128843892365694,0.8159931302070618,0.29971969305300245,0.1796901302095408,-0.4087962210178375,0.2821997106075287,-0.0004189184600231694,0.10847722392080555,311.0,0.3013066069799456,241.06194455069848,10234.515854146379,0.041132671148512254,1.0004189184600232,0.29971969305300245,0.6572551718937223,0.517726098165343,0.6014435424023705,499.9475495637434
990,77.60370786334406,13.001060007186483,35.181002300000046,41.106139970000015,37.92476167647061,1.1322877006185514,0.008569988422095776,0.8270407319068909,0.47420199525122547,0.2061318840399676,-0.4075337052345276,0.254046767950058,-0.06719839058670343,0.13530627936607492,161.0,0.11675509707756261,180.43897978737556,3496.347898656792,0.014051874107750517,1.0671983905867035,0.47420199525122547,0.25468373285385404,0.17686723839182078,0.22355713506904074,0.0
991,77.6083171017149,13.001060007186483,34.68880742000002,41.47528613,38.59504840823532,1.6500767568815349,0.00048614488332532346,0.8426501154899597,0.3031100404028799,0.23021209352998595,-0.4630434811115265,0.29476121068000793,0.0006485164866727941,0.13592464175311908,368.0,0.20333254657282873,137.4799833458121,11180.31201850373,0.04493383997334475,0.9993514835133273,0.3031100404028799,0.4435394536775218,0.5655704090062996,0.4923518358090329,499.9475495637434
992,77.61292634008575,13.001060007186483,37.58216135000001,42.27852083000005,39.98421925647061,0.990634923755828,-0.0017628911882638931,0.7853500247001648,0.23877000075120192,0.17506046879003276,-0.2817838490009308,0.27474698424339294,0.03717860001784105,0.09648618297324232,313.0,0.2667574946954894,212.05703370661672,12511.992737166376,0.05028588455036043,0.962821399982159,0.23877000075120192,0.5818914652664491,0.6329351844681416,0.6023089529471262,999.8950991274868
993,77.6175355784566,13.001060007186483,36.713984270000026,41.07025075999999,38.97392823764707,0.9911947197562386,0.001170372823253274,0.8228228092193604,0.30174972234987746,0.21730498477043772,-0.4072013199329376,0.26745328307151794,-0.010667194291657092,0.12577681918281552,418.0,0.3144878692431195,187.20093171508347,10290.66847134917,0.04135834935063209,1.0106671942916572,0.30174972234987746,0.6860081185396457,0.5205666502559819,0.6198315312261802,999.9999999999268
994,77.62214481682744,13.001060007186483,36.994261910000006,40.35759358999999,38.234955861764725,0.5232953916867383,-0.043074727058410645,0.8144833445549011,0.31341236787683824,0.18978653176804,-0.40538838505744934,0.29776185750961304,-0.023382550407858457,0.10320915887712047,459.0,0.3842318828555808,208.2864908178952,9855.235910236359,0.03960833942355268,1.0233825504078584,0.31341236787683824,0.8381442237345357,0.49853973622391795,0.7023024287302886,1118.010533185911
995,77.62675405519829,13.001060007186483,37.050659240000016,41.05145165000005,39.13085556764707,0.9811802220358498,-0.010777520947158337,0.8026345372200012,0.26368426983173077,0.17570368598262476,-0.36082133650779724,0.25329121947288513,0.014812105618990384,0.09814125557880615,288.0,0.31678785934388476,273.6884254933608,7293.3774831043975,0.02931219237429367,0.9851878943810096,0.26368426983173077,0.6910252019822698,0.36894484512863635,0.5621930592408164,999.9999999999268
996,77.63136329356914,13.001060007186483,37.257449450000024,42.17085320000004,39.480167750000014,0.9996002983622385,-0.02136695384979248,0.8247109055519104,0.2742395976945466,0.2181801809352949,-0.43160301446914673,0.3333333432674408,0.024311439663756127,0.12694803165230084,493.0,0.3112045481913655,157.06499538100007,7955.4700023731475,0.031973152037953596,0.9756885603362438,0.2742395976945466,0.6788460461115543,0.40243764356781203,0.5682826850940574,1118.010533185911
997,77.63597253193998,13.001060007186483,36.5823905,41.883739520000006,39.42510096411767,1.135956674790743,0.0004231908533256501,0.8349969387054443,0.3336614870557598,0.21137947554464334,-0.40552347898483276,0.29801324009895325,0.009474017573337929,0.11578961407300327,461.0,0.23850049544952365,128.72673375562,8440.767293372144,0.03392356905468413,0.9905259824266621,0.3336614870557598,0.5202530595150473,0.4269870288538127,0.4829466472505535,1414.1393882001237
998,77.64058177031083,13.001060007186483,35.80820897000001,43.95505964000003,41.166234570000015,1.8528522090222508,-0.0717703327536583,0.7858798503875732,0.19342982365534855,0.19546690896635807,-0.3641664981842041,0.3000154197216034,0.03957552983210637,0.09784329488513326,257.0,0.2618873836692294,253.54896570326187,4480.8254694871075,0.018008504079420732,0.9604244701678937,0.19342982365534855,0.5712680485024114,0.22666829774244754,0.43342814819842584,999.8950991274868
999,77.64519100868168,13.001060007186483,36.295276820000026,45.07958822000003,40.07918462529413,2.043198500646273,-0.005703422240912914,0.8145779967308044,0.3790945973115809,0.17481895584887486,-0.38236725330352783,0.3028275966644287,0.04949815637925092,0.11851019630152657,10.0,0.016988331351962826,422.698895312186,0.0,0.0,0.9505018436207491,0.3790945973115809,0.037057496862871665,0.0,0.022234498117723,499.9475495637434
1000,77.64980024705253,13.001060007186483,36.31236692000002,45.17700179000002,40.77992603352943,2.3447473774087157,0.09792709350585938,0.8063294291496277,0.4024381510416667,0.15740918040161658,-0.34328359365463257,0.31200897693634033,0.06357705508961398,0.11109649799718255,0.0,0.0,0.0,0.0,0.0,0.936422944910386,0.4024381510416667,0.0,0.0,0.0,0.0
1001,77.65440948542337,13.001060007186483,37.69495601,43.65598289000002,40.929727560588255,1.2661990770152447,-0.013686534017324448,0.7563239932060242,0.3095224233774038,0.15250189874818593,-0.28599676489830017,0.3551281988620758,0.09595730708195613,0.09762476221401799,10.0,0.02083242793619951,518.3466282157742,0.0,0.0,0.9040426929180438,0.3095224233774038,0.04544281700759958,0.0,0.027265690204559746,499.9475495637434
1002,77.65901872379422,13.001060007186483,38.12904455000003,41.572699700000015,40.19681655235296,0.7500445836418326,-0.1980542093515396,0.7526004910469055,0.27412123736213234,0.11896710514108923,-0.2490241974592209,0.3564213514328003,0.115323486328125,0.1028045107914993,170.0,0.08294099278352886,121.39497157106682,4017.563671519209,0.016146648036297586,0.884676513671875,0.27412123736213234,0.1809233359180954,0.20323360610592892,0.1898474439932288,999.8950991274868
1003,77.66362796216507,13.001060007186483,36.061142450000034,42.68526521000004,40.23947084000002,1.194435399176383,0.03376459330320358,0.8557923436164856,0.2609772805606618,0.19446913349319384,-0.4879401624202728,0.32229745388031006,0.013134577134076286,0.13065394673733305,447.0,0.1925843438521809,107.19976783004645,13341.539256819091,0.05361984432740685,0.9868654228659237,0.2609772805606618,0.42009386150310873,0.6748988580787934,0.5220158601333826,1499.8426486912301
1004,77.66823720053591,13.001060007186483,38.99893064,45.97510946000003,42.07229240529414,1.5001089489230937,0.005527517292648554,0.7546666860580444,0.17440860454852763,0.12121701418705472,-0.28313156962394714,0.3925327956676483,0.07687518780048076,0.06829437047427685,555.0,0.33925005578196593,152.09233738960233,10481.239423791252,0.042124256837509755,0.9231248121995193,0.17440860454852763,0.7400231145371852,0.5302069260675163,0.6560966391493176,1580.9895543086575
1005,77.67284643890676,13.001060007186483,40.407154880000036,45.92383916,42.45596219352943,0.9691401893864365,-0.01880035735666752,0.7416244745254517,0.1333926212086397,0.11934100782038135,-0.2799319624900818,0.3023405075073242,0.09110544840494791,0.06599087812849141,594.0,0.2625018867496748,109.9578840378376,9823.757815825076,0.03948182849482355,0.9088945515950521,0.1333926212086397,0.5726084948066448,0.49694737648463133,0.5423440474778394,1117.9401635414706
1006,77.6774556772776,13.001060007186483,40.35246656000001,44.53441403000005,42.67664328411766,0.858573358429781,-0.020627416670322418,0.7221260666847229,0.19144727519914215,0.15255309206830095,-0.28819724917411804,0.32919254899024963,0.07653511795343138,0.08863966370107734,199.0,0.25091592568229315,313.7296320874594,9350.808980972513,0.037581040106657526,0.9234648820465686,0.19144727519914215,0.5473354584493546,0.47302265367511404,0.5176103365396584,707.0696941000618
1007,77.68206491564845,13.001060007186483,38.10340940000003,43.809793790000015,41.6586942447059,1.0795311093102444,-0.03850305825471878,0.8001958727836609,0.25313758999693625,0.19818384323923752,-0.3419165015220642,0.3292781710624695,0.03899526558670343,0.10435192179680379,128.0,0.08723240552075472,169.56970661359344,6855.569025878631,0.027552633685466277,0.9610047344132966,0.25313758999693625,0.19028440916020992,0.34679774334741686,0.2528897428350927,499.9999999999634
1008,77.6866741540193,13.001060007186483,37.28479361000001,43.102263650000026,40.51880461500002,1.342468504775156,-0.012459016405045986,0.8029606938362122,0.3025838294396034,0.20348247015803836,-0.32157066464424133,0.2883031368255615,0.04691669464111328,0.1011858594888767,191.0,0.07315049004486873,95.29371591064177,4252.8996309985405,0.01709246675099147,0.9530833053588867,0.3025838294396034,0.15956682261451452,0.21513837715671288,0.18179544443139387,499.9999999999634
1009,77.69128339239015,13.001060007186483,38.170060790000036,43.65598289000002,41.06431357647061,1.5129744094266497,-0.006715415511280298,0.8172757625579834,0.314002805223652,0.19271900480441825,-0.34942731261253357,0.28912466764450073,0.052520793839996936,0.1158687953595165,63.0,0.10783561281076223,425.8945188967899,2216.1184845542416,0.008906613087553014,0.947479206160003,0.314002805223652,0.2352272157076189,0.1121051930967042,0.18597840666325302,707.0696941000618
1010,77.695892630761,13.001060007186483,38.88100895000002,44.765130380000016,41.48911787529414,1.546403555732475,0.005159958731383085,0.7932203412055969,0.2737944479549632,0.1896409618667549,-0.36125171184539795,0.23285788297653198,0.04003159466911765,0.10043297098976733,219.0,0.0798875070625122,90.76431696481168,4986.2489343126335,0.020039808487531785,0.9599684053308823,0.2737944479549632,0.17426261479233723,0.25223579131951945,0.20545188540321013,1117.9401635414706
1011,77.70050186913184,13.001060007186483,0.0,44.89501514,17.653445406470595,21.106891478370645,-0.1251336932182312,0.6957290768623352,0.05975832425631009,0.11110161924156982,-0.25435853004455566,0.43312543630599976,0.04040284376878005,0.06867880496443124,141.0,0.07618274908932661,134.43672289788404,3927.2755923485734,0.01578377890579035,0.95959715623122,0.05975832425631009,0.16618124092902598,0.1986662679332181,0.1791752517307028,1414.1393882001237
1012,77.50230461918542,13.005551563061438,40.851497480000006,44.272935500000045,41.98353439437501,0.6098950268122438,0.016875676810741425,0.6548157930374146,0.14582502776501224,0.09655448459995149,-0.18573413789272308,0.21412420272827148,0.0827029359106924,0.05071616189006756,302.0,0.12555315819267476,103.44299547363413,16620.424575660272,0.06679773309866109,0.9172970640893076,0.14582502776501224,0.2738753836062366,0.840765473231627,0.5006314194563928,5314.702642806361
1013,77.50691385755627,13.005551563061438,40.81560827000004,46.37159978,42.65309665718752,1.142389527939042,0.01400084886699915,0.7214885950088501,0.16110863318810095,0.1130913964453596,-0.16642120480537415,0.29997140169143677,0.07029625525841346,0.06510235097549803,464.0,0.2190741732955206,117.47720102510712,16687.463146754522,0.06706716211107196,0.9297037447415866,0.16110863318810095,0.4778774513776462,0.8441567052482489,0.6243891529258874,4949.443063509718
1014,77.51152309592712,13.005551563061438,40.66692440000003,48.85308230000001,44.97873778062502,2.032111364545751,0.01056338008493185,0.6955457925796509,0.17461803959865196,0.10575824447810506,-0.29835081100463867,0.2729370892047882,0.09544864430147058,0.06732794008153292,231.0,0.24561086008205602,264.5550010561184,11942.383255853107,0.04799661558914804,0.9045513556985294,0.17461803959865196,0.5357632535185035,0.6041207590042513,0.5631062557128026,4609.53209144556
1015,77.51613233429796,13.005551563061438,40.49944142000004,46.906519910000014,42.22458020187502,1.162771403541682,0.00984589010477066,0.5844358205795288,0.1559332036037071,0.08767794041198702,-0.08891250193119049,0.28120604157447815,0.08611110911649816,0.05034058511329931,142.0,0.09691848623777656,169.823844226608,15121.764955483726,0.060774597837670516,0.9138888908835019,0.1559332036037071,0.21141314148524118,0.7649538560834045,0.4328294273245066,4300.98390730295
1016,77.52074157266881,13.005551563061438,40.56951083000004,43.00143206000001,41.44603190000002,0.6184878570837097,-0.0025718961842358112,0.6368534564971924,0.160378171480619,0.0918780209913361,-0.14759597182273865,0.2547067105770111,0.07223345243013822,0.05219980384460497,158.0,0.0656347488978645,103.36110195632,16989.92699058509,0.06828276878948238,0.9277665475698618,0.160378171480619,0.14317236054481364,0.8594572263411983,0.4296863068633675,4031.0068277493506
1017,77.52535081103966,13.005551563061438,40.39177379,42.43404074,41.43648155000001,0.47493506542828606,-0.006168080028146505,0.6824910640716553,0.1442215025658701,0.09468023496036743,-0.267017662525177,0.3230445384979248,0.0783907901539522,0.0633248154396224,208.0,0.08072881354610344,96.57075449325387,17172.54754319834,0.06901672350142482,0.9216092098460478,0.1442215025658701,0.17609779870360429,0.8686953209903899,0.45313680761831854,3807.8138774781623
1018,77.5299600494105,13.005551563061438,39.07925411000002,40.928402930000004,39.96513075312502,0.333841837240376,-0.015706805512309074,0.6459033489227295,0.1343184886259191,0.09425780074402326,-0.2001507729291916,0.25540652871131897,0.06897604549632352,0.05277570163175649,255.0,0.09872402630936995,96.33033449443852,16832.684082430344,0.06765080720734808,0.9310239545036765,0.1343184886259191,0.21535165634892323,0.8515028923538073,0.4698121507508769,3640.02115534225
1019,77.53456928778135,13.005551563061438,38.49135467000002,40.39519181000003,39.449506100000015,0.3793868061067712,0.007136485073715448,0.6555459499359131,0.15011908897986778,0.10394585833906071,-0.2823822796344757,0.23076923191547394,0.050953650841346156,0.0596094145128634,314.0,0.12265665713943417,97.1945393819399,18565.741016768552,0.0746159887535667,0.9490463491586538,0.15011908897986778,0.2675571009880108,0.939171797976715,0.5362029797834924,3535.5252089093406
1020,77.5391785261522,13.005551563061438,38.47084655000003,40.665215390000014,39.52209504312502,0.43503510953192415,0.008252770639955997,0.7686876058578491,0.18625482297411153,0.14611621127934538,-0.29985806345939636,0.21954886615276337,0.02976543950099571,0.07771414748353339,754.0,0.2533912911429047,83.61818338949594,17349.349700281826,0.06972729399535946,0.9702345604990043,0.18625482297411153,0.5527350969359488,0.8776390846464855,0.6826966920201635,3161.9275927933777
1021,77.54378776452305,13.005551563061438,36.71227526000001,39.884197820000026,38.42031137562502,0.654775086619129,-0.029372137039899826,0.8180286288261414,0.24812480851715688,0.18205917923079407,-0.35904383659362793,0.30372563004493713,-0.0019603983561197916,0.09867981075085405,710.0,0.3185019310990642,111.61796770151905,15676.867013365918,0.06300556124875167,1.0019603983561198,0.24812480851715688,0.694764192432498,0.7930344049443911,0.7340722774372552,2692.2968950100203
1022,77.54839700289389,13.005551563061438,37.15661786000001,40.59001895000003,38.744300716250024,0.8057736417118454,0.0024096386041492224,0.7108485698699951,0.22538095511642156,0.16282373684078005,-0.32169845700263977,0.36050155758857727,0.018607186710133273,0.09309030175801575,781.0,0.37386332698617575,119.10835377562968,17323.73925252061,0.06962436522562175,0.9813928132898667,0.22538095511642156,0.8155267742250761,0.8763435473313217,0.8398534834675744,2235.847947728899
1023,77.55300624126474,13.005551563061438,36.15855602000002,39.991865450000006,38.54941353750002,0.9362799180619127,-0.008483203127980232,0.8321503400802612,0.3007696063701923,0.20897331383765835,-0.40176132321357727,0.3472000062465668,-0.005603020741389348,0.11270082325438378,566.0,0.37170977916162856,163.40597980559704,10244.59128970739,0.04117316447360112,1.0056030207413893,0.3007696063701923,0.8108291326439929,0.5182357769830475,0.6937917903796147,1802.622124993733
1024,77.55761547963559,13.005551563061438,37.15490885000003,40.15934843000002,38.844170988125015,0.6025277154598855,-0.007009910419583321,0.8146207928657532,0.18129946241191788,0.15938685623083496,-0.4078729748725891,0.29403167963027954,0.04269907035079657,0.09660628778142791,1062.0,0.4191552863972792,98.20437155481619,17428.981530576624,0.0700473355034434,0.9573009296492034,0.18129946241191788,0.9143243906017049,0.8816673628157541,0.9012615794873247,1414.1265895742054
1025,77.56222471800643,13.005551563061438,36.661004960000014,39.335605610000016,38.058020105000026,0.621368662838814,-0.018048010766506195,0.7984117269515991,0.2834198357077206,0.17738408060778718,-0.394819974899292,0.26221078634262085,-0.011447005926393996,0.10075399579153187,518.0,0.3717222499832757,178.55383692051805,12432.398502474227,0.04996599413956163,1.011447005926394,0.2834198357077206,0.8108563358709898,0.628908808120605,0.7380773247708359,1118.0064860433874
1026,77.56683395637728,13.005551563061438,36.83190596000003,39.50650661,38.13383857437502,0.7060181664971124,0.006644518114626408,0.7756379246711731,0.29289050762469954,0.1826355501245503,-0.3324615955352783,0.28308290243148804,-0.02279781048114483,0.09862354599323166,449.0,0.42388799589882886,234.9011627921901,7679.348314876384,0.030863414876896266,1.0227978104811448,0.29289050762469954,0.9246480865476457,0.38846967420572315,0.7101767216108766,999.9999999999268
1027,77.57144319474813,13.005551563061438,36.69860318000002,39.85514465000003,38.49795195125002,0.5240295398939475,-0.007149240467697382,0.8000977635383606,0.26887403301164214,0.19907610535297288,-0.4102458953857422,0.2514340281486511,-0.002516318676518459,0.11244932488872017,595.0,0.39171829339459807,163.8088184128466,13946.703261911265,0.05605200744749116,1.0025163186765185,0.26887403301164214,0.8544747054820411,0.7055118546847393,0.7948895651631203,999.9999999999268
1028,77.57605243311897,13.005551563061438,35.96031086000002,40.23967190000002,38.56726738625002,0.7641127239664415,-0.1258823573589325,0.785682737827301,0.25230463962928923,0.1860760853526659,-0.3662392497062683,0.38435080647468567,0.01013008940453623,0.10142882335994559,640.0,0.3722367987407633,144.71705641141963,14037.557734016698,0.05641715291961141,0.9898699105954638,0.25230463962928923,0.8119787468112608,0.710107844569787,0.7712303859146713,999.9999999999268
1029,77.58066167148982,13.005551563061438,35.50913222,40.549002709999996,38.081544125000015,1.0890876209528304,-0.008247422985732555,0.813010036945343,0.33400719275841345,0.21854065218585308,-0.40585172176361084,0.2694355845451355,-0.04033996875469501,0.12478415140500031,349.0,0.33780835924601627,240.83819015257657,10728.136718316242,0.043116540729379385,1.040339968754695,0.33400719275841345,0.7368782697757251,0.5426965420653473,0.659205578691574,707.0632947871027
1030,77.58527090986067,13.005551563061438,36.713984270000026,43.53122516000002,40.54950536000002,1.6043305722781838,-0.027530590072274208,0.7940199375152588,0.3024977979473039,0.18959579540804147,-0.35221174359321594,0.2957916259765625,0.0027986878039790134,0.10588150552810094,70.0,0.21297346280812393,757.0208515034948,2202.2607952106673,0.008850918828364725,0.997201312196021,0.3024977979473039,0.46456966645962544,0.11140418412513381,0.3233034735258288,499.9999999999634
1031,77.58988014823152,13.005551563061438,37.823131760000024,49.844308100000006,41.649517186250016,2.9193935544129914,-0.19658119976520538,0.7963929772377014,0.2817076918658088,0.18611724241416897,-0.3354632556438446,0.368538498878479,0.042771555582682294,0.12417503897867956,36.0,0.07354651764833753,508.3232837870239,49.31403457971685,0.00019819383703940113,0.9572284444173177,0.2817076918658088,0.16043069743359498,0.0024946136262424166,0.09725626391065395,707.0632947871027
1032,77.59448938660236,13.005551563061438,36.12437582000001,45.43677131000001,39.790208204062516,1.9314769643401806,0.0007535794866271317,0.8354802131652832,0.3446484844501202,0.22331461324060767,-0.3959537446498871,0.28642937541007996,-0.012191085815429688,0.12899532917895784,141.0,0.1123065948962116,198.18306320193167,8767.758241624473,0.03523775052986883,1.0121910858154297,0.3446484844501202,0.24497999255031644,0.44352828495099067,0.32439930951058615,499.9999999999634
1033,77.59909862497321,13.005551563061438,36.95324567000006,41.89057556,39.82798898375001,0.8486203619034921,-0.03124617040157318,0.779050350189209,0.22139107498468139,0.16770946218488364,-0.3557594418525696,0.2292020320892334,0.05155081954656863,0.08767175872523218,525.0,0.26324003626018067,124.75932839828675,12816.959777437918,0.05151155161242691,0.9484491804534314,0.22139107498468139,0.5742186572530431,0.6483623329604516,0.6038761275360065,707.0632947871027
1034,77.60370786334406,13.005551563061438,36.22691642000001,45.73584806000002,39.49181038062502,1.7095698771038914,0.011333494447171688,0.7044673562049866,0.22439582375919118,0.17104828616652729,-0.2882824242115021,0.2843579649925232,0.056031290690104166,0.10058257952493113,848.0,0.300657750177402,88.2179457850978,14275.14681739132,0.057372026972687944,0.9439687093098958,0.22439582375919118,0.6558397880972475,0.7221265927797856,0.6823545099702628,499.9999999999634
1035,77.6083171017149,13.005551563061438,35.611672820000024,45.744393110000004,38.78426139125002,1.9843342804518818,0.03126268833875656,0.8416886329650879,0.39544510186887255,0.2082895265212952,-0.409267783164978,0.2847265899181366,-0.000904996535357307,0.1355520419484227,277.0,0.09998427445520296,89.81157655094925,4543.110734243937,0.018258829483098985,1.0009049965353574,0.39544510186887255,0.21810069866173698,0.2298190776674876,0.22278805026403725,707.0632947871027
1036,77.61292634008575,13.005551563061438,37.296756680000016,42.42720470000003,40.18727063750002,1.473420003792121,0.006835270207375288,0.7856042385101318,0.23154364952674278,0.1946851950847907,-0.34755900502204895,0.3927249014377594,0.05849178020770733,0.10434006426408189,550.0,0.28956980653461,130.99990362053146,11313.997513795062,0.04547112396347278,0.9415082197922927,0.23154364952674278,0.6316531020569504,0.5723330610794256,0.6079250856659405,1117.9239738644494
1037,77.6175355784566,13.005551563061438,35.83384412000004,43.19796821,38.89989602375002,1.9605604184356649,0.022012578323483467,0.8273694515228271,0.34960693359375,0.21825626166649473,-0.3968466818332672,0.2657856047153473,-0.02220664379643459,0.13905710281203032,281.0,0.2404783210842417,212.93644586399896,9394.434029204323,0.03775636982311207,1.0222066437964346,0.34960693359375,0.5245673894945719,0.47522948263753917,0.5048322267517589,1499.9999999998902
1038,77.62214481682744,13.005551563061438,37.44202253,43.11080870000001,39.86328758000001,0.9867915484797181,0.005137786269187927,0.7789115905761719,0.22188364066329658,0.1555968581224932,-0.36109304428100586,0.2929864227771759,0.044105697332643995,0.08890873473321932,611.0,0.38990075036838684,158.77906873689304,10939.323585971986,0.043965303885542636,0.955894302667356,0.22188364066329658,0.8505100079731138,0.5533797003635362,0.7316578849292827,1581.119382853458
1039,77.62675405519829,13.005551563061438,37.02160607000002,41.07537779000003,39.41629350125001,0.8598168416360081,-0.008446565829217434,0.7910271286964417,0.22311903733473556,0.15782964931332902,-0.3430156707763672,0.2448565661907196,0.034423628586989184,0.08786484162533299,705.0,0.35868897636700814,126.59288644424366,12753.509478805428,0.051256543920307526,0.9655763714130108,0.22311903733473556,0.7824262042623324,0.6451526183040308,0.7275167698790117,1499.9999999998902
1040,77.63136329356914,13.005551563061438,39.26382719000003,42.980923940000025,41.05074165687502,0.868707879244569,0.0031723652500659227,0.7764286994934082,0.1576968204273897,0.11404423800617391,-0.32994771003723145,0.3365994095802307,0.08637244131050859,0.07112069116666946,767.0,0.2963730693882883,96.14434911440657,18209.62319635794,0.07318474594679142,0.9136275586894914,0.1576968204273897,0.6464933995902538,0.921157121730585,0.7563588884463863,1581.119382853458
1041,77.63597253193998,13.005551563061438,39.612465230000026,43.14327989000003,41.14486286937502,0.7949382688367693,0.0007961783558130264,0.698630154132843,0.15759819479549633,0.11775248845465805,-0.26419752836227417,0.2879854142665863,0.07572625253714767,0.06815644853418393,793.0,0.33959058108029766,106.55230239691626,17029.56376041554,0.06844206955583614,0.9242737474628523,0.15759819479549633,0.7407659194020784,0.8614623031304324,0.7890444728934201,1580.9637963966888
1042,77.64058177031083,13.005551563061438,35.97398294000004,42.84591215000003,39.58402326843751,1.6150780661771063,0.016105417162179947,0.8251339793205261,0.3057683621920072,0.20713338041264054,-0.3840867877006531,0.28174304962158203,0.007320492084209735,0.11483015050028836,490.0,0.2605827297874364,132.32135482968954,7304.446132233483,0.029356677439456812,0.9926795079157903,0.3057683621920072,0.5684221417367601,0.3695047669273056,0.4888551918129783,1117.9239738644494
1043,77.64519100868168,13.005551563061438,35.40146459000002,40.70110460000001,38.74567043750002,1.3667546604342076,-0.0006406150059774518,0.83387690782547,0.3267684158624387,0.22133258689352772,-0.4089542329311371,0.24735261499881744,0.01156990649653416,0.12163638889349561,327.0,0.20278751153922253,154.30281279226816,7194.418410418755,0.02891447439212931,0.9884300935034659,0.3267684158624387,0.4423505414983581,0.36393887363865707,0.41098587435447764,707.0632947871027
1044,77.64980024705253,13.005551563061438,35.515968259999994,40.42595399000001,38.707726645625016,0.9891774262798506,-0.007706799078732729,0.8073920011520386,0.31036702473958333,0.19934947151516755,-0.33787766098976135,0.265501469373703,0.022865163765701593,0.09411690915179512,519.0,0.2258812563954596,108.29121502517476,9669.394243182145,0.038861439004854774,0.9771348362342984,0.31036702473958333,0.49272608220519076,0.48913869737345383,0.491291128272496,499.9999999999634
1045,77.65440948542337,13.005551563061438,38.42983031000003,43.59274952000001,40.02855890000002,1.2275710525202785,-0.025400420650839806,0.7610258460044861,0.21191265399639422,0.13187016074704955,-0.3096373379230499,0.2969260811805725,0.06037115243765024,0.07703154889883003,548.0,0.30834884409178853,140.00455189652544,11356.880783188268,0.045643472459763315,0.9396288475623498,0.21191265399639422,0.6726167559288468,0.5745023662088443,0.6333710000408458,707.0632947871027
1046,77.65901872379422,13.005551563061438,38.02479494000005,40.84295243,38.78179212312502,0.49954168080333455,-0.011180992238223553,0.7314771413803101,0.22871311561734067,0.15082813192874042,-0.2976958453655243,0.2570725679397583,0.022728558708639705,0.0766295245077219,610.0,0.33576515011564245,136.95761114561336,13390.0832378389,0.053814943307757594,0.9772714412913603,0.22871311561734067,0.7324213155069192,0.6773545175590233,0.7103945963277609,1117.9239738644494
1047,77.66362796216507,13.005551563061438,38.36830595000001,44.14817777000002,41.36376066125002,1.3007856554996,-0.023879796266555786,0.8090793490409851,0.19732681573606006,0.15333444234481453,-0.38351720571517944,0.2954545319080353,0.057949242685355395,0.09170292740960018,187.0,0.15304296447106072,203.6348722979851,7841.099786520513,0.03151349644262371,0.9420507573146446,0.19732681573606006,0.33384027296569313,0.3966520796541342,0.35896499564106954,1580.9637963966888
1048,77.66823720053591,13.005551563061438,38.43837536000001,42.46822093999998,40.63527001625001,0.8483186462667333,0.004883342422544956,0.7793955206871033,0.25394679142878607,0.17628243504906127,-0.31100329756736755,0.2479255199432373,0.05315288837139423,0.09358302193675136,180.0,0.10497868169863638,145.11389502855633,10243.02379513121,0.0411668646896301,0.9468471116286058,0.25394679142878607,0.22899524898106857,0.5181564832614503,0.34465974269322125,1499.8154971585898
1049,77.67284643890676,13.005551563061438,37.25915846000001,43.82688389000003,41.070828807500014,1.152373542004456,-0.016686251387000084,0.7926298975944519,0.14276800417432597,0.13277293870842358,-0.3583153784275055,0.2595589756965637,0.07761544021905638,0.07745456752960207,477.0,0.20479967820472977,106.82952085632223,18775.6317019153,0.07545954253298455,0.9223845597809436,0.14276800417432597,0.44673978128593705,0.9497893872218625,0.6479596236603072,999.8769981057266
1050,77.6774556772776,13.005551563061438,37.469366690000015,46.99197041000002,42.09233927000002,2.1381112134542883,-0.012005230411887169,0.8450203537940979,0.32571705537683826,0.22112726016064072,-0.3685375452041626,0.3162689805030823,0.03478548236921722,0.13796919009526942,201.0,0.37289531797524966,461.60580602997425,3337.037853506211,0.01341160467134345,0.9652145176307828,0.32571705537683826,0.8134152077538065,0.16880833563083286,0.555572458904617,499.9384990528633
1051,77.68206491564845,13.005551563061438,35.300633000000005,45.096678320000024,39.06697060062501,2.5855547625468063,0.02738225646317005,0.8145480155944824,0.4658175359987745,0.2002237376295386,-0.3960784375667572,0.30005112290382385,-0.05831371830958946,0.1403559269854323,21.0,0.1538411422511763,1822.777213143216,6511.4882716900765,0.026169768026526877,1.0583137183095894,0.4658175359987745,0.33558137807895244,0.3293919775194556,0.3331056178551537,0.0
1052,77.6866741540193,13.005551563061438,37.27966658,42.54170837000001,39.37493064218752,1.1215613268238764,0.033629272133111954,0.847667932510376,0.41774240347055286,0.18674114986879725,-0.39242395758628845,0.265444278717041,-0.014162326225867638,0.12428800693608841,22.0,0.06966385383263131,787.8893044067025,8492.111528256974,0.034129922296887966,1.0141623262258677,0.41774240347055286,0.15196124865789196,0.4295843427638241,0.2630104863002648,0.0
1053,77.69128339239015,13.005551563061438,35.11605992,43.56027833000002,40.164400062500015,1.4995385896728641,-0.235121950507164,0.8270165324211121,0.36378212124693626,0.20841219958486706,-0.4319206476211548,0.39714285731315613,0.005228355258118872,0.13249699279420746,54.0,0.041076200976103844,189.26787230096085,4581.278421724026,0.01841222598567821,0.9947716447418812,0.36378212124693626,0.08960157164787004,0.23174983904366495,0.146460878606188,499.9384990528633
1054,77.695892630761,13.005551563061438,34.79476604000001,43.92942449,40.36985196687502,1.5207919947673476,-0.23717328906059265,0.8044871687889099,0.15786240521599265,0.16246333445276764,-0.5465405583381653,0.3239067792892456,0.06171395096124387,0.11403444017148322,627.0,0.22443294020424645,89.06343640515423,14882.805111797421,0.05981421467855248,0.9382860490387561,0.15786240521599265,0.48956679765861716,0.7528657662066577,0.5948863850778334,707.0632947871027
1055,77.70050186913184,13.005551563061438,0.0,44.02000202000005,16.913887221580893,20.22701531692483,0.0,0.40278103947639465,0.03882935744065505,0.060656375465962684,-0.07435766607522964,0.2631041407585144,0.042819351783165566,0.06043016950693999,257.0,0.09141334294467554,88.502768748777,7407.393070656904,0.029770422713220904,0.9571806482168345,0.03882935744065505,0.199404497075902,0.37471246971536004,0.2695276861316852,1117.9239738644494
1056,77.50230461918542,13.010043118936393,42.12470993000005,46.20582580999999,43.6569763629412,0.9354133769090963,-0.004249893594533205,0.7272958755493164,0.18734687356387866,0.1315671703094424,-0.23972977697849274,0.2913035452365875,0.08354996026731006,0.07390906807230296,77.0,0.08911332564820222,287.9601002141934,16440.617686434576,0.06607508654164188,0.9164500397326899,0.18734687356387866,0.19438735430991969,0.8316697113500962,0.4493002971259903,4999.548462475995
1057,77.50691385755627,13.010043118936393,41.18304542000004,47.149199330000044,42.91888576000002,1.0445489940363493,0.0016792610986158252,0.6811881065368652,0.16930131178635818,0.12950361924742237,-0.23588305711746216,0.3008284568786621,0.08157133249136118,0.0757187585947025,537.0,0.2790892794962647,129.315105498099,15288.899784702502,0.06144631519740605,0.9184286675086388,0.16930131178635818,0.6087914042363549,0.7734085855725295,0.6746382767708248,4609.397256901584
1058,77.51152309592712,13.010043118936393,40.099533080000015,47.79007808,43.58567693882355,1.9978299418096754,0.010329090058803558,0.7191798686981201,0.18998270670572917,0.10366340544661308,-0.27383142709732056,0.25359711050987244,0.0866543758616728,0.06288842178771982,150.0,0.06119220085040099,101.50447843796961,12361.622921780116,0.049681546030093275,0.9133456241383272,0.18998270670572917,0.13348160829132558,0.6253285346850713,0.3302203788488239,4242.341360158662
1059,77.51613233429796,13.010043118936393,39.95084921000003,43.792703690000025,41.44480188588237,0.7574897633142924,-0.003606853075325489,0.8224703073501587,0.17508552102481617,0.15100581782118894,-0.34734657406806946,0.22903935611248016,0.06543650309244792,0.08349163641509234,324.0,0.11367391486914794,87.29637231998998,15611.184509699582,0.06274158229146433,0.934563496907552,0.17508552102481617,0.24796259599487283,0.7897117713361657,0.46466226613138994,3904.8990078091742
1060,77.52074157266881,13.010043118936393,40.453298149999995,43.312471880000004,41.784066981764724,0.7130349406645498,0.02217741869390011,0.5851775407791138,0.1602893301156851,0.09791638899973654,-0.1382562667131424,0.4308243691921234,0.07777098435621996,0.05343968572504824,85.0,0.03871912836859812,113.34099893957102,15561.220053002802,0.06254077439828098,0.92222901564378,0.1602893301156851,0.08445997127826624,0.7871842552737333,0.36554968487645306,3605.3947366634534
1061,77.52535081103966,13.010043118936393,40.073897930000015,43.404758420000036,41.61729362529414,0.7711755602550548,-0.015058561228215694,0.6624717712402344,0.16827949075137869,0.10293645541561015,-0.2639842927455902,0.3313283324241638,0.06701046214384192,0.06180613409110994,1.0,0.001242422382920695,309.13605220623003,16244.090390918747,0.0652852404235293,0.9329895378561581,0.16827949075137869,0.0027101580846035016,0.8217281262921986,0.33031734536764157,3354.0073127569685
1062,77.5299600494105,13.010043118936393,36.934446560000026,43.53635219000003,39.43647268117648,1.4414566251982834,0.019658120349049568,0.7866604924201965,0.23523293887867647,0.1505902416151687,-0.3143920302391052,0.261762410402298,0.019493976667815563,0.0832818459463648,85.0,0.05653919795233062,165.5049957260006,16871.31620093751,0.06780607026511956,0.9805060233321844,0.23523293887867647,0.1233317803461429,0.8534571475685736,0.41538192723511524,3162.2330403986903
1063,77.53456928778135,13.010043118936393,36.85754111,41.179627400000015,38.9254846047059,1.099283110458887,0.0024597919546067715,0.8505747318267822,0.2870708759014423,0.20201145194645437,-0.3985406458377838,0.24899111688137054,-0.00043194110576923075,0.11028007020644316,83.0,0.09518417003776834,285.34286973750596,16724.275387834972,0.06721511105444952,1.0004319411057692,0.2870708759014423,0.20762999081496616,0.8460188996315409,0.46298555434159605,3041.369666851811
1064,77.5391785261522,13.010043118936393,36.131211860000036,40.3251224,38.862032434117666,0.9392235333917661,0.019096696749329567,0.8202977180480957,0.263658566942402,0.18215466039574704,-0.32341480255126953,0.25565415620803833,-0.0021060532214594824,0.094275129493088,613.0,0.2503943919706796,101.63528585682225,17381.166854065275,0.06985516760873864,1.0021060532214594,0.263658566942402,0.5461978108792906,0.8792485961385565,0.6794181249829969,2999.9999999997804
1065,77.54378776452305,13.010043118936393,36.47472287000002,40.371265670000014,38.73932078529414,1.0567968770094711,-0.03926842287182808,0.813703179359436,0.23535778569240196,0.1773609009543956,-0.4024828374385834,0.28055697679519653,0.005992209116617839,0.10448829291428363,886.0,0.37730030270528,105.9580168805337,15310.630787481245,0.06153365242016909,0.9940077908833822,0.23535778569240196,0.8230240212642185,0.7745078761924468,0.8036175632355098,2549.163835690118
1066,77.54839700289389,13.010043118936393,36.42174356000004,41.25653285000001,39.415201715882375,0.9895420761458146,0.005551150068640709,0.7839001417160034,0.26681662166819853,0.1750086160072703,-0.33395493030548096,0.3614121079444885,0.02374836192411535,0.10117082885843925,433.0,0.3086162126625139,177.34184835350976,10840.694374314704,0.04356891161974802,0.9762516380758847,0.26681662166819853,0.6731999803648206,0.5483904153163338,0.6232761543454259,2061.279022151493
1067,77.55300624126474,13.010043118936393,35.10409685000002,41.22918869000003,38.58531671000002,1.4095055294276684,-0.09346365183591843,0.8328332901000977,0.2662144822340745,0.20926973823744902,-0.3674866855144501,0.4188532531261444,0.002399196624755859,0.1205141676618911,110.0,0.27912774917302335,631.3798506321742,2583.3940587531392,0.010382699072439525,0.9976008033752441,0.2662144822340745,0.6088753200663598,0.13068429861486072,0.41759891148576017,1580.9380297875387
1068,77.55761547963559,13.010043118936393,35.68003322000004,39.56803097000005,37.92660078411767,0.8301754113019283,-0.25724977254867554,0.7716494798660278,0.24195805568321077,0.18915596359942358,-0.5552478432655334,0.45204561948776245,0.0011648006065219057,0.11566761925317405,464.0,0.35721650326243604,191.55519033564278,10016.420378034294,0.04025614219240514,0.9988351993934781,0.24195805568321077,0.7792142250324219,0.5066934590562564,0.6702059186419557,1117.9077787502983
1069,77.56222471800643,13.010043118936393,36.18590018000003,43.73801537000003,38.03336364411767,1.8218086040442443,-0.013068949803709984,0.798872172832489,0.3620997051164216,0.19001579937655033,-0.367690771818161,0.2459253966808319,-0.017409066592945773,0.1146659512975479,249.0,0.26976051498687853,269.5624684149357,5821.11699957953,0.02339515563539959,1.0174090665929458,0.3620997051164216,0.5884421036264922,0.29446866213366407,0.47085272702936093,707.0568933597771
1070,77.56683395637728,13.010043118936393,35.33823122000001,43.30050881000005,37.93758220823532,1.5216230919405251,-0.018922092393040657,0.8242847323417664,0.357862548828125,0.21135223257671448,-0.4110078513622284,0.28540849685668945,-0.02118573995736929,0.13594374963848682,196.0,0.34509121307159524,438.08483481141394,5745.504432289268,0.023091267604996565,1.0211857399573694,0.357862548828125,0.7527647230831573,0.2906437035334395,0.5679163152632701,499.9999999999634
1071,77.57144319474813,13.010043118936393,29.15161502000001,40.75921094,35.613748468823545,2.7729289174226204,-0.4184100329875946,0.8501040935516357,0.36491479013480393,0.31913806691098373,-0.4389914572238922,0.6664280891418457,-0.06501673081341912,0.15975297365999977,94.0,0.11595064668009421,306.92036866413514,3360.81953610611,0.013507183606749918,1.065016730813419,0.36491479013480393,0.252928944966633,0.17001136251707916,0.21976191198681144,499.9999999999634
1072,77.57605243311897,13.010043118936393,28.62011290999999,38.310199609999984,34.456890623529425,2.700908841213025,-0.49354004859924316,0.815523087978363,0.20022843903186274,0.34010827507569025,-0.46804511547088623,0.647398829460144,-0.029403094123391545,0.15529776296191564,227.0,0.19312433220826,211.6857031192601,7245.065724782931,0.0291180267004149,1.0294030941233916,0.20022843903186274,0.421271765112169,0.36650093293115354,0.3993634322397628,499.9999999999634
1073,77.58066167148982,13.010043118936393,34.782802970000034,39.13052441000002,37.096495006470604,0.9330465812630835,0.023579305037856102,0.8159943222999573,0.35724691537710335,0.20584387224781428,-0.4005201458930969,0.22834263741970062,-0.05202063927283654,0.106536894387773,330.0,0.36601140393427734,275.96948736478475,10218.47016561236,0.04106818328809687,1.0520206392728366,0.35724691537710335,0.7983989817518257,0.5169144064511982,0.6858051516315746,499.9999999999634
1074,77.58527090986067,13.010043118936393,36.804561800000045,47.09792903000002,42.85040051882355,2.514431222631887,-0.05084354057908058,0.7555656433105469,0.18645333084405638,0.1792315063051185,-0.3330563008785248,0.37224313616752625,0.06151923684512867,0.11044937753769471,51.0,0.24300810427425137,1185.5802910753175,2087.7856976595517,0.008390841711931685,0.9384807631548713,0.18645333084405638,0.530085732096048,0.1056133146363514,0.36029676511216935,707.0568933597771
1075,77.58988014823152,13.010043118936393,37.353154010000026,44.45409056,41.03418414411766,1.9283775100030305,-0.034220531582832336,0.7947571873664856,0.319693603515625,0.20368669548164556,-0.3492290675640106,0.2693169116973877,0.020312146953507967,0.113862483370194,27.0,0.04718515080594088,434.8324764715125,1621.272317043017,0.006515917509874143,0.9796878530464921,0.319693603515625,0.10292732945565322,0.08201413752523569,0.0945620526834862,499.9999999999634
1076,77.59448938660236,13.010043118936393,36.60460763000003,41.84272328000003,39.26976963000003,1.0608554343169785,0.012859481386840343,0.8110854625701904,0.3031546255258413,0.21579623077810817,-0.3959311544895172,0.31224295496940613,0.012500308110163762,0.12461661732036165,209.0,0.18952710476228896,225.63446203601995,10622.164339671392,0.04269063616645292,0.9874996918898362,0.3031546255258413,0.4134249529660952,0.5373357935071368,0.46298928918251187,707.0568933597771
1077,77.59909862497321,13.010043118936393,36.592644560000025,43.07150146999999,39.68465168352943,1.5179149855171141,0.0,0.8158534169197083,0.3020605947457108,0.19560837019512392,-0.38801687955856323,0.21518397331237793,0.022274476593615963,0.10439900949288987,355.0,0.14008984632892954,98.18806365723266,6368.543546138637,0.025595271052530826,0.9777255234063841,0.3020605947457108,0.30558498850180893,0.3221609354195912,0.31221536726892185,499.9999999999634
1078,77.60370786334406,13.010043118936393,37.71888215000004,46.26393215000002,42.409801182941194,1.6631860611664453,0.011654387228190899,0.8075388073921204,0.2592538871017157,0.17326328283757964,-0.34233492612838745,0.28172987699508667,0.08855207854626225,0.10578097008437269,642.0,0.16637623023197648,64.48172415153404,6877.992867951969,0.027642755439639448,0.9114479214537378,0.2592538871017157,0.3629247924438161,0.34793208213079974,0.35692770831860954,707.0568933597771
1079,77.6083171017149,13.010043118936393,36.977171810000016,45.29492348000002,41.337725608823554,1.6941666968999962,0.00528240529820323,0.7407975196838379,0.20626759248621324,0.1850547846148161,-0.32387247681617737,0.24173465371131897,0.08367666805491727,0.0988523014702076,734.0,0.2720055355004779,92.20661354498402,12043.630054932892,0.04840352797765161,0.9163233319450828,0.20626759248621324,0.593339279159284,0.6092424580651865,0.599700550721645,1117.9077787502983
1080,77.61292634008575,13.010043118936393,38.48622763999998,43.261201580000034,41.71521575882355,0.7124888614063576,-0.0030612244736403227,0.6309523582458496,0.1107977294921875,0.08612560893399193,-0.1618887037038803,0.2498186230659485,0.12052901047926683,0.05384721531440769,997.0,0.36637413744043346,91.43448862976831,19732.64690159572,0.07930580082732629,0.8794709895207332,0.1107977294921875,0.7991902304912073,0.9982012273398038,0.8787946292306459,1414.1137867195541
1081,77.6175355784566,13.010043118936393,39.200593819999995,42.52632728000003,40.99701169823531,0.6783292713183786,0.010431017726659775,0.7793372273445129,0.1665189017501532,0.12397203632365383,-0.28011354804039,0.27554744482040405,0.0779261749865962,0.07325024295485826,1046.0,0.3320296882934404,78.98154461428963,21683.07692471306,0.0871446080442371,0.9220738250134038,0.1665189017501532,0.724272965802071,1.0,0.8345637794812426,1802.599526802444
1082,77.62214481682744,13.010043118936393,39.50137958000002,42.81514996999999,40.8685757529412,0.7486284222558507,0.00971967913210392,0.7676088213920593,0.18212936102175245,0.13227613780144287,-0.32704615592956543,0.30796459317207336,0.06878601672602634,0.07801201921425936,1080.0,0.25769581254284324,59.36958260724414,14508.03284127502,0.05830799935985386,0.9312139832739736,0.18212936102175245,0.5621247647596787,0.7339074306993146,0.630837831135533,2061.535701957895
1083,77.62675405519829,13.010043118936393,38.93569726999999,41.77436288000001,40.55550759235296,0.587123250890472,-0.012594458647072315,0.7853949069976807,0.1550800264798678,0.1200017898448806,-0.36513105034828186,0.30609017610549927,0.07602895296536959,0.074423803475527,1028.0,0.38127328113356773,92.28341274717879,18890.76103663299,0.07592224903830216,0.9239710470346304,0.1550800264798678,0.8316904778215024,0.9556133521360028,0.8812596275473026,1999.9999999998536
1084,77.63136329356914,13.010043118936393,38.74087013000002,41.473577120000016,39.89626733352944,0.530390686406734,-0.024156086146831512,0.7586280107498169,0.17582533892463234,0.11809630213513563,-0.31632331013679504,0.26454293727874756,0.05665378944546569,0.06429358453759487,994.0,0.35915611078943604,89.90363784690557,19262.849668808885,0.07741767877464775,0.9433462105545343,0.17582533892463234,0.7834451879420722,0.9744359323589902,0.8598414857088393,2061.535701957895
1085,77.63597253193998,13.010043118936393,39.658608500000014,41.58466277000002,40.56778407941179,0.42036327055443395,-0.012335853651165962,0.6593279242515564,0.12516338273590685,0.09235122292522986,-0.17903457581996918,0.26535147428512573,0.08622521493949142,0.05620296323091753,1245.0,0.46532080106635715,92.99583650806991,18841.9228877168,0.07572596779280896,0.9137747850605086,0.12516338273590685,1.0,0.9531428117958114,0.9812571247183246,1802.599526802444
1086,77.64058177031083,13.010043118936393,39.48770750000003,41.98798913000002,40.49777150500002,0.5299263921366331,-0.00031555697205476463,0.7231143712997437,0.11778109036959135,0.08682900233168774,-0.31537890434265137,0.24435196816921234,0.08512694138746996,0.0551423164037759,1441.0,0.5089821873548244,87.88585712320074,18982.45885397271,0.0762907839274384,0.91487305861253,0.11778109036959135,1.0,0.9602520037203214,0.9841008014881285,1414.1137867195541
1087,77.64519100868168,13.010043118936393,38.216204059999995,41.507757320000024,39.668626018823545,0.7245214080278787,-0.010740741156041622,0.7571059465408325,0.20909002565870097,0.15115735584304255,-0.2816285192966461,0.2870466411113739,0.0451385498046875,0.07799086989291773,681.0,0.3210080864176135,117.28683054983505,15118.242425482693,0.06076044073730464,0.9548614501953125,0.20909002565870097,0.7002309943761909,0.7647756643898163,0.726048862381641,1118.0024375856563
1088,77.64980024705253,13.010043118936393,37.927381370000035,40.10636912000001,39.08180284117648,0.4561859798420715,-0.00875598844140768,0.7646255493164062,0.2093224858302696,0.14635856355408172,-0.3092383146286011,0.2934645414352417,0.03934205896714155,0.07542925304454151,842.0,0.38778010883655023,114.59187520295701,15111.097452900258,0.060731724986429196,0.9606579410328584,0.2093224858302696,0.8458841465341544,0.7644142267967421,0.8132961786391895,999.9999999999268
1089,77.65440948542337,13.010043118936393,37.27795757000001,40.27214309000004,38.708032301176495,0.6332878927861019,0.007357859518378973,0.8101183772087097,0.2699458665114183,0.17730317701598983,-0.3200947344303131,0.27830085158348083,0.008929944405188928,0.08948046071067575,463.0,0.34007402712467144,182.75651293607748,11542.977243005698,0.04639139689435897,0.9910700555948111,0.2699458665114183,0.7418204844386074,0.5839162940777066,0.6786588082942471,1118.0024375856563
1090,77.65901872379422,13.010043118936393,37.26086747000002,40.670342420000026,39.20401184000002,0.8259065384260745,0.004595744889229536,0.7951984405517578,0.20609750785079656,0.16104707003746024,-0.37832769751548767,0.2694419026374817,0.03514533547794118,0.09116431557780677,806.0,0.39660445951850104,122.43425447200485,14211.682939254013,0.057116964704337116,0.9648546645220588,0.20609750785079656,0.8651331440335757,0.7189161911867139,0.8066463628948309,1414.1137867195541
1091,77.66362796216507,13.010043118936393,39.05190995000001,43.88669924000001,40.7103947547059,0.8814122818568432,-0.017456358298659325,0.7460625171661377,0.2265842333026961,0.1687265149141677,-0.31601423025131226,0.30388349294662476,0.048089668423521754,0.09043633251701094,129.0,0.12853511217270955,247.9205120750952,5163.339670449164,0.02075153878496454,0.9519103315764782,0.2265842333026961,0.28038006896767437,0.2611941531167753,0.27270570262731475,1802.599526802444
1092,77.66823720053591,13.010043118936393,37.508673920000035,42.13154596999999,40.2202636964706,0.885082541559366,-0.007968127727508545,0.7658421397209167,0.1902998234675481,0.14837377949615982,-0.3104895055294037,0.300772488117218,0.05596329909104567,0.07702514703540699,629.0,0.34916007588899184,138.11928562117228,14968.781980217096,0.060159756989051974,0.9440367009089543,0.1902998234675481,0.761640337054138,0.7572150162594934,0.7598702087362802,1499.788336409022
1093,77.67284643890676,13.010043118936393,36.98229884000003,42.36909836000001,40.821379874705904,0.7868363321663188,-0.0488956980407238,0.780214786529541,0.13807437672334558,0.11819656594995896,-0.37725359201431274,0.26318201422691345,0.07025802313112745,0.07304880836995907,706.0,0.36154701951440166,127.42084309071579,17680.68204316578,0.07105892360001637,0.9297419768688726,0.13807437672334558,0.7886605967270315,0.8943999557538174,0.8309563403377458,999.8588909393479
1094,77.6774556772776,13.010043118936393,36.00645413000004,42.30586499000003,39.988340986470604,1.350720626877531,-0.03476245701313019,0.8662222027778625,0.2346872127757353,0.19406774702905633,-0.37859007716178894,0.3509044051170349,0.037840262020335476,0.1144993709592791,337.0,0.22184967622830848,163.79826151287298,11705.82565280539,0.047045887070817596,0.9621597379796645,0.2346872127757353,0.4839317947439118,0.592154189548245,0.527220752665645,499.92944546967396
1095,77.68206491564845,13.010043118936393,35.198092400000036,41.94697289000001,38.13344421588237,1.8612103366661314,0.014569071121513844,0.8620154857635498,0.4361800608915441,0.22411068270559173,-0.4954184591770172,0.28926002979278564,-0.05036336861404718,0.14824530282284804,41.0,0.061936775278605305,375.8764557638942,9505.766563980938,0.038203816933103256,1.0503633686140472,0.4361800608915441,0.13510578573204685,0.4808613815617469,0.2734080240639269,0.0
1096,77.6866741540193,13.010043118936393,34.63924613000003,42.73140848,38.81910481000001,1.8699987344684914,0.061863355338573456,0.8400378823280334,0.4597600848858173,0.22080695583293092,-0.46813061833381653,0.28187283873558044,-0.05665404099684495,0.14905607214141217,0.0,0.0,0.0,7858.851019599398,0.03158483891188361,1.056654040996845,0.4597600848858173,0.0,0.39755004852442827,0.1590200194097713,0.0
1097,77.69128339239015,13.010043118936393,34.82381921000001,42.276811820000034,38.411291395294135,1.9897592980480219,-0.004109940957278013,0.8278782367706299,0.44056798598345587,0.22981761534090106,-0.39426034688949585,0.2851388454437256,-0.059198979396446076,0.12914188030179577,113.0,0.06946975477178997,152.9669868415496,13855.926551240846,0.055687174499732595,1.059198979396446,0.44056798598345587,0.15153785066846065,0.7009197984615189,0.37129062978568395,0.0
1098,77.695892630761,13.010043118936393,40.00211951,44.26609946000002,41.69911913176472,0.8973184799054654,-0.00803212821483612,0.6966871023178101,0.1090462957643995,0.08613954076802562,-0.20557977259159088,0.3052760064601898,0.10623195274203431,0.061236404288918966,493.0,0.24740473665934745,124.86521821892865,17347.027903534243,0.069717962659764,0.8937680472579657,0.1090462957643995,0.5396763262187059,0.8775216335830459,0.6748144491644419,499.92944546967396
1099,77.70050186913184,13.010043118936393,0.0,43.03390325000004,16.955406481176478,20.273863412006932,-0.046615321189165115,0.6759541034698486,0.04704947251539964,0.0764538328159781,-0.16314591467380524,0.3095998167991638,0.03537957118107722,0.05712977402095265,288.0,0.1346440278207055,116.32551844839034,4229.722969044886,0.01699931940254375,0.9646204288189227,0.04704947251539964,0.29370575221289796,0.21396595601508153,0.2618098337337714,999.8588909393479
1100,77.50230461918542,13.014534674811348,42.07856666000001,45.46069745,43.78378608764707,0.8561714944830588,0.017238182947039604,0.7612366080284119,0.22524864047181373,0.14526388423357559,-0.29413920640945435,0.30545711517333984,0.06982912549785539,0.08489917310895616,53.0,0.141313412469723,663.418997985873,10933.24107846645,0.04394085819758347,0.9301708745021446,0.22524864047181373,0.3082540145223504,0.553072008927734,0.4061812122845039,4716.450496903162
1101,77.50691385755627,13.014534674811348,41.44110593000002,45.22827209000002,43.03002726000002,0.6724364423661611,0.0038953812327235937,0.7704081535339355,0.24171306903545672,0.15388469601976695,-0.2456207126379013,0.31715574860572815,0.0664293201153095,0.08519250776784677,132.0,0.2882604631852111,543.3648473630801,10338.165953078134,0.04154924243479771,0.9335706798846906,0.24171306903545672,0.6287969659210628,0.5229693712286847,0.5864659280441116,4300.7091697132355
1102,77.51152309592712,13.014534674811348,41.420597810000004,44.932613360000005,42.372031470588254,0.6003869820670013,-0.006395614240318537,0.6399345397949219,0.12526903339460785,0.0843481829979824,-0.16325785219669342,0.3248486816883087,0.09071479946959253,0.0525669595853112,292.0,0.16228584817577854,138.2859914930465,16338.729364491996,0.06566559586322937,0.9092852005304075,0.12526903339460785,0.35400223748093634,0.8265155600331507,0.5430075665018221,3904.757895885131
1103,77.51613233429796,13.014534674811348,40.22258180000003,42.67159313000002,41.02072495117649,0.423800927445311,0.00431832205504179,0.6025672554969788,0.1315484858494179,0.08455786794972543,-0.17382778227329254,0.2085106372833252,0.07721435546875,0.045435510671347955,298.0,0.12140508598027927,101.36803000296472,18531.4883892065,0.07447832693491688,0.92278564453125,0.1315484858494179,0.26482698622022427,0.9374390849229337,0.5338718257013081,3535.252449090925
1104,77.52074157266881,13.014534674811348,39.43985522000003,42.51607322000004,40.88665932588237,0.6535172434415916,0.009633121080696583,0.6785387992858887,0.1661962655874399,0.10914717112799349,-0.2924995422363281,0.2381889820098877,0.06294370211087741,0.06116632529777013,110.0,0.043781479426420154,99.03258999725541,17130.298944162096,0.06884692575472055,0.9370562978891226,0.1661962655874399,0.09550273083818735,0.8665581214741934,0.40392488709258983,3201.3631975197436
1105,77.52535081103966,13.014534674811348,38.95791439999999,44.915523259999986,41.41570140764708,1.405294489573502,-0.011039934121072292,0.6904637813568115,0.17557241402420343,0.11013022393173541,-0.2756796181201935,0.2877630889415741,0.07652548995672488,0.07158228705833056,2.0,0.0023323280961533464,290.1616672421703,16060.731842332269,0.06454831969481495,0.9234745100432751,0.17557241402420343,0.005087623929374556,0.8124526991710926,0.3280336540260618,2915.353075764346
1106,77.5299600494105,13.014534674811348,37.61805056000003,43.433811590000005,40.386835992941194,1.1716807617287444,0.025716077536344528,0.7731343507766724,0.19415393305759804,0.12783838510252207,-0.29342833161354065,0.28095367550849915,0.058429146560968134,0.08333710764829545,129.0,0.049668980267792595,95.80229724071792,16220.579565735665,0.06519075006810188,0.9415708534390319,0.19415393305759804,0.10834543089148632,0.8205388010754368,0.3932227789650665,2692.523273921281
1107,77.53456928778135,13.014534674811348,36.26622365,41.547064550000016,39.11072591352943,1.2157714667637072,0.025616846978664398,0.8520264029502869,0.2908191856971154,0.18916453052250193,-0.38255470991134644,0.33709716796875,0.0004505509596604567,0.1002624662102387,224.0,0.1311097457764166,145.63553200388975,16405.71398892634,0.06593480806321324,0.9995494490403395,0.2908191856971154,0.28599624601977747,0.8299040630888586,0.5035593728474099,2549.49414495332
1108,77.5391785261522,13.014534674811348,36.912229430000025,42.095656760000054,39.43084300117649,1.1472478552570282,0.00974251888692379,0.8411726355552673,0.2491542920879289,0.1777832685739665,-0.376963347196579,0.2501299977302551,0.017282592175053617,0.10151258038288524,528.0,0.2888557691965133,136.12174663592657,16313.912525912558,0.0655658566205743,0.9827174078249464,0.2491542920879289,0.6300955366982175,0.825260168455314,0.7081613894010561,2499.999999999817
1109,77.54378776452305,13.014534674811348,37.77869750000002,42.034132400000004,39.12639085294119,1.0600790559737123,0.007017544005066156,0.7636618614196777,0.23781094420189952,0.16576946935590986,-0.3098916709423065,0.24882137775421143,0.01463221232096354,0.08902472266103864,844.0,0.3447046136515319,101.62136853055077,15980.640302650012,0.06422643060787846,0.9853677876790364,0.23781094420189952,0.7519214144320973,0.808401166013425,0.7745133150646284,2499.601944071155
1110,77.54839700289389,13.014534674811348,38.37856001000003,43.445774659999984,40.69457606352943,0.8727839211691468,0.0022262700367718935,0.7729406952857971,0.21607096354166666,0.15544784773046505,-0.4029044210910797,0.29308006167411804,0.052384835037530636,0.09343251254940983,377.0,0.3112018155213724,205.3908827255988,10334.653239811589,0.04153512478803347,0.9476151649624693,0.21607096354166666,0.6788400852018217,0.522791676127189,0.6164207215719686,1999.681555256924
1111,77.55300624126474,13.014534674811348,37.99915979000002,44.91894128000001,41.073456550000024,1.3048925061344467,-0.025287965312600136,0.8101761341094971,0.26782315767728365,0.19309523499444564,-0.37452274560928345,0.32114434242248535,0.029389900794396035,0.11583724841653618,76.0,0.32401752397004246,1060.8043607167965,4280.536130851457,0.01720353825416232,0.9706100992056039,0.26782315767728365,0.7067956310287047,0.2165364049129551,0.5106919405824049,1499.761166442693
1112,77.55761547963559,13.014534674811348,35.30917805000004,43.31247188000003,38.54389637882355,1.5010046907520618,-0.03277236595749855,0.7926405668258667,0.3634163411458333,0.18849908796264514,-0.381285160779953,0.43375980854034424,0.0019234391754748773,0.11488220927999893,40.0,0.2035842786206748,1266.3817283317935,2851.340639636816,0.011459580358659953,0.9980765608245251,0.3634163411458333,0.444088569384066,0.14423871973400418,0.3241486295240413,999.840777628462
1113,77.56222471800643,13.014534674811348,34.80331109000002,46.84328654000001,40.82807990352943,3.397875257670951,0.04605475068092346,0.7822445631027222,0.3335220396752451,0.1761020831580713,-0.39993003010749817,0.4175007939338684,0.0458629742790671,0.14859440711508312,30.0,0.3138416567445674,2602.973355856741,1651.291100380539,0.00663656344573446,0.954137025720933,0.3335220396752451,0.6845985028957245,0.08353267614401262,0.4441721721950398,499.920388814231
1114,77.56683395637728,13.014534674811348,34.946867929999996,42.18794330000003,37.592326707058845,1.6982267579823094,0.020576132461428642,0.8215329051017761,0.4352293513371394,0.1916638674942592,-0.401951402425766,0.24215668439865112,-0.05867584228515625,0.12711718071076497,20.0,0.19043112087042577,2369.1268658852114,2837.711963801498,0.011404806508161034,1.0586758422851563,0.4352293513371394,0.41539692851785504,0.14354929570418834,0.30665787539238837,0.0
1115,77.57144319474813,13.014534674811348,33.266911100000016,39.339023629999986,35.976170945882366,1.4327484118050746,0.014814814552664757,0.8063962459564209,0.4901296817555147,0.18505024810995813,-0.41960594058036804,0.23662208020687103,-0.09887904148475797,0.1141525458681297,70.0,0.22928751026264396,815.0096447204968,1779.416469667628,0.0071515012069117406,1.098879041484758,0.4901296817555147,0.5001563141321624,0.09001406211891674,0.33609941332686416,0.0
1116,77.57605243311897,13.014534674811348,33.79499519000004,40.484060330000034,37.40574894058825,1.3330082639082776,-0.013592717237770557,0.8265241980552673,0.4018151137408088,0.20149962264795782,-0.41136473417282104,0.3695395588874817,-0.056421939625459556,0.12330867741517627,186.0,0.213662020673864,285.82142280606587,6381.573707724283,0.025647639465375408,1.0564219396254595,0.4018151137408088,0.4660716521709307,0.32282008283919944,0.4087710244382382,0.0
1117,77.58066167148982,13.014534674811348,33.521553590000025,39.231356000000034,36.23907463647061,1.1182654956674452,0.037446074187755585,0.857111930847168,0.48599801870492787,0.20017580298402313,-0.4385376572608948,0.25792813301086426,-0.1037945321890024,0.1264543495186098,78.0,0.0963027860965658,307.2024243351193,3659.807038155063,0.014708818815933975,1.1037945321890024,0.48599801870492787,0.2100700839724884,0.18513602840670154,0.20009646174617365,0.0
1118,77.58527090986067,13.014534674811348,36.16881008000004,44.276353520000015,39.86914788764708,2.222888596908781,-0.013902680948376656,0.8324412107467651,0.3272138528262868,0.22827815454415207,-0.4073813855648041,0.260834664106369,-0.009015697404450062,0.13139909697362354,39.0,0.04877378893869068,311.17326534978656,3849.999345753616,0.015473204523564547,1.00901569740445,0.3272138528262868,0.10639270527161364,0.19475714998366103,0.1417384831564326,499.920388814231
1119,77.58988014823152,13.014534674811348,34.24788284000002,44.37205807999999,37.304337824705904,1.8123408742217395,-0.028148148208856583,0.8610283732414246,0.5310724954044118,0.19006069641770246,-0.4255011975765228,0.27923470735549927,-0.09774648030598958,0.13515356119750432,9.0,0.048034701072355385,1327.9843976612644,1593.307619464336,0.006403526975171374,1.0977464803059895,0.5310724954044118,0.104780495942712,0.08059950746650958,0.09510810055223101,0.0
1120,77.59448938660236,13.014534674811348,35.17074824000002,42.22212350000001,39.182258265000016,1.5914146795449624,0.01253481861203909,0.8371466994285583,0.23870563213641827,0.21573344883542858,-0.4057142734527588,0.2584841549396515,0.03877961085392879,0.1263188009402179,363.0,0.18338034127292907,125.6974713949246,16106.886891335642,0.0647338175219281,0.9612203891460712,0.23870563213641827,0.40001671033151476,0.8147875114642863,0.5659250307846234,499.920388814231
1121,77.59909862497321,13.014534674811348,35.71250441000004,39.86027168000001,37.964376410000014,0.8600583273895595,0.03856143727898598,0.8571740388870239,0.5173314950980392,0.19090385549840144,-0.3898550868034363,0.2772599160671234,-0.1007891726026348,0.12673335465709298,39.0,0.0223218595790106,142.4118586032206,2128.1783694734377,0.008553180459578182,1.1007891726026349,0.5173314950980392,0.04869178874516558,0.10765662969596938,0.07227772512548711,0.0
1122,77.60370786334406,13.014534674811348,37.29504767000003,44.172103910000004,41.656340660000026,1.3734616177943881,0.016558675095438957,0.844656229019165,0.20575839173560048,0.16073612908550755,-0.3970204293727875,0.2111406922340393,0.06837200089996937,0.08836834615424558,632.0,0.18912555878381324,74.45837186952252,13712.716534125759,0.055111611315004014,0.9316279991000307,0.20575839173560048,0.4125490406396063,0.6936753362479842,0.5249995588829575,499.920388814231
1123,77.6083171017149,13.014534674811348,39.901287920000016,42.87838334000003,41.74119980705884,0.6167579130427595,0.022113021463155746,0.782025933265686,0.15226665422028185,0.11088831780519731,-0.3078116774559021,0.2673701047897339,0.10321686389399509,0.0634240078225545,757.0,0.29966160448768203,98.49532344719884,19073.231685872095,0.07665560128635862,0.8967831361060049,0.15226665422028185,0.6536668456812464,0.9648438637309393,0.7781376529011236,999.840777628462
1124,77.61292634008575,13.014534674811348,40.14225833000003,43.28170970000002,41.72614396117649,0.8170528898677826,0.013727936893701553,0.6842105388641357,0.1135275151179387,0.07498223462431398,-0.23798952996730804,0.2533091604709625,0.10843026968149039,0.05029530958674023,552.0,0.18144944429988552,81.78938722440807,19899.47255696904,0.07997627561278728,0.8915697303185096,0.1135275151179387,0.39580474818887484,1.0,0.6374828489133249,1499.761166442693
1125,77.6175355784566,13.014534674811348,40.367847650000044,43.102263650000026,41.56536692352943,0.5947625965232534,-0.029093226417899132,0.7272942662239075,0.1313000847311581,0.10157012010059203,-0.2795734703540802,0.2809087038040161,0.09792759315640319,0.06151076370903123,524.0,0.1894979105592282,89.98156211033415,20505.7823468816,0.0824130436590738,0.9020724068435968,0.1313000847311581,0.41336127019078767,1.0,0.6480167621144726,1999.681555256924
1126,77.62214481682744,13.014534674811348,39.27749926999999,42.912563540000036,41.01236913411768,0.7714170778438916,-0.013795316219329834,0.7238790988922119,0.1521646417356005,0.11327891206546001,-0.27882784605026245,0.22991226613521576,0.08266509411381741,0.06181371043433898,512.0,0.16260212206805724,79.01992948958639,17041.530398790004,0.06849016365310705,0.9173349058861826,0.1521646417356005,0.3546921415408528,0.8620676508656901,0.5576423452707877,2499.601944071155
1127,77.62675405519829,13.014534674811348,38.36146991000004,44.38231214000004,40.38200463941178,1.068588158029738,-0.0021021391730755568,0.7664164900779724,0.23070159912109375,0.15879610077085748,-0.31352585554122925,0.27597254514694214,0.04891148787278395,0.08674952259976855,452.0,0.22655676228045388,124.71508424228358,13254.908632472187,0.05327167456213087,0.951088512127216,0.23070159912109375,0.49419959697809007,0.6705165369447087,0.5647263729647376,2499.999999999817
1128,77.63136329356914,13.014534674811348,38.15126168000003,40.367847650000016,39.50918543882355,0.46564733049025464,-0.022853612899780273,0.7609723210334778,0.21508465935202206,0.1528310982640039,-0.2985248565673828,0.2749686539173126,0.03750904756433823,0.07913037728985926,798.0,0.3633027318998896,113.27815370033012,15396.373393135327,0.06187825322513604,0.9624909524356617,0.21508465935202206,0.7924904199668406,0.7788452757631195,0.7870323622853521,2499.745251507525
1129,77.63597253193998,13.014534674811348,38.80581251000001,41.153992250000044,40.362306672941195,0.5098566348330196,-0.00023646252520848066,0.7552350163459778,0.14508567660462623,0.11439440947812077,-0.30142927169799805,0.3132786452770233,0.07721348781211704,0.07055092338490063,935.0,0.4412818752607246,117.43157044389974,19057.856691592046,0.07659380895610635,0.922786512187883,0.14508567660462623,0.9625902255683887,0.964066099945005,0.9631805753190352,2121.151469454555
1130,77.64058177031083,13.014534674811348,37.71888215000001,41.00530838000003,40.05741101000002,0.7220015826345982,0.004992403090000153,0.7508915066719055,0.1535602510892428,0.12923347828387594,-0.3191015422344208,0.2877785861492157,0.0696534670316256,0.07500106078711889,1115.0,0.4639255055890586,103.52703403212661,17358.71471827416,0.06976493214169371,0.9303465329683744,0.1535602510892428,1.0,0.8781128260812068,0.9512451304324827,1802.687321919239
1131,77.64519100868168,13.014534674811348,37.08654845000001,40.94378402000001,39.23482132823531,0.7852647000572738,0.023150397464632988,0.7808088064193726,0.3097411630667892,0.17762381218408443,-0.2912040948867798,0.2929232716560364,0.004058315426695581,0.08300872442781534,554.0,0.2838167433111,127.47019122365361,11287.300376519546,0.04536382777244528,0.9959416845733045,0.3097411630667892,0.6191036575034986,0.5709825521827846,0.599855215375213,1581.1136566204982
1132,77.64980024705253,13.014534674811348,38.798976470000014,41.83076021000002,40.464983284117665,0.7791376672133165,0.00440343888476491,0.7763704061508179,0.18807017606847426,0.14038711965939216,-0.3238932192325592,0.2825194001197815,0.060680691588158704,0.08465155300353597,572.0,0.31286757436395224,136.09586054222137,14461.894921409796,0.058122570375001216,0.9393193084118413,0.18807017606847426,0.6824736882793877,0.7315734849055222,0.7021136069298415,1499.9999999998902
1133,77.65440948542337,13.014534674811348,37.81971374,41.80512506000002,40.38109395588237,0.7837788686440785,-0.01386849395930767,0.7640330195426941,0.16093591543344352,0.14058255538837527,-0.3530895411968231,0.2670156955718994,0.07116891714242789,0.07674345279058281,556.0,0.30839008870099416,138.00855540874724,16301.108720598797,0.06551439793694668,0.9288310828575721,0.16093591543344352,0.6727067248577888,0.8246124715577537,0.7334690235377748,1581.1136566204982
1134,77.65901872379422,13.014534674811348,38.14613465000002,44.03196509,40.73024055941178,1.219966717686363,-0.018807947635650635,0.7109336256980896,0.15545492733226102,0.114323842024549,-0.1992792785167694,0.36014625430107117,0.07453885545917585,0.07362706723150425,620.0,0.40245418905234576,161.51213290000558,13907.76550999239,0.0558955160445009,0.9254611445408242,0.15545492733226102,0.8778934516446025,0.7035421386122275,0.8081529264316525,1802.687321919239
1135,77.66362796216507,13.014534674811348,39.248446100000024,43.792703690000025,41.32116181294119,0.7408070452771475,-0.013964313082396984,0.832521915435791,0.16513691023284313,0.13385157848256202,-0.36352109909057617,0.28651443123817444,0.07707719391467524,0.07949979944810949,376.0,0.2657327198804763,175.84805839172762,11035.020315306068,0.044349910461347807,0.9229228060853247,0.16513691023284313,0.5796560727075376,0.5582206420349731,0.5710819004385118,2061.243877476587
1136,77.66823720053591,13.014534674811348,39.429601160000004,42.37764341000002,40.73559230352943,0.6047905240474893,-0.006701226346194744,0.7772194147109985,0.1746395521897536,0.13468405662150992,-0.3460196554660797,0.2607215940952301,0.05626886221078726,0.07601261728639847,785.0,0.41605648289571573,131.8751681482703,15649.463951304002,0.06289542793552823,0.9437311377892127,0.1746395521897536,0.9075648155346353,0.7916481859379151,0.8611981636959473,1580.912254481415
1137,77.67284643890676,13.014534674811348,39.248446100000024,42.17427122000004,40.416421380588254,0.553621206342755,-0.025312399491667747,0.6503711342811584,0.1229946959252451,0.09325678311338684,-0.22959095239639282,0.24677343666553497,0.07736574060776655,0.05349286193715463,841.0,0.4094799157014052,121.14820926872271,15706.111236068346,0.06312309421392125,0.9226342593922334,0.1229946959252451,0.8932190205814735,0.7945137614209823,0.853736916917277,1117.8915781991789
1138,77.6774556772776,13.014534674811348,39.76456712000004,41.10955799000004,40.43639136941179,0.30169134527241753,-0.014714538119733334,0.5164201855659485,0.10386005476409314,0.06964209271378208,-0.14185228943824768,0.26481837034225464,0.08692953670726103,0.048553486091374685,1104.0,0.4260728332226489,96.02739781515511,21273.97347984863,0.0855004152262139,0.913070463292739,0.10386005476409314,0.929413981478462,1.0,0.9576483888870772,707.0504898181849
1139,77.68206491564845,13.014534674811348,35.62363589,42.82027700000003,40.33270354470591,1.2635953944080158,-0.026883400976657867,0.8585826754570007,0.22715030445772058,0.20961059408361413,-0.5097801089286804,0.26999175548553467,0.030358004102519914,0.12753154460133645,793.0,0.3163097359514321,99.24754252302534,14027.115394667973,0.05637518500275306,0.9696419958974801,0.22715030445772058,0.6899822475125931,0.7095796054538602,0.6978211906890999,499.9999999999634
1140,77.6866741540193,13.014534674811348,33.72663478999999,45.243653180000024,41.07035129000002,2.7721319035427583,0.005367194768041372,0.8387301564216614,0.32862163837139424,0.23601522120625745,-0.444073885679245,0.34028682112693787,0.010276559682992788,0.17088021703219528,247.0,0.10268512131638187,103.44058236631989,3789.15003655727,0.015228650246600538,0.9897234403170072,0.32862163837139424,0.22399219100501944,0.19167900971056567,0.21106691848723794,499.9999999999634
1141,77.69128339239015,13.014534674811348,33.04986683000001,45.35473883,39.37635574117649,3.04887787736188,0.015555919148027897,0.8420231938362122,0.3782242359834559,0.2601215016077265,-0.529641330242157,0.23108981549739838,-0.04933346617455576,0.187450569402038,284.0,0.10495451114402153,91.9524192096534,6838.041846434466,0.027482191691090382,1.0493334661745557,0.3782242359834559,0.22894252454137778,0.3459111085173193,0.2757299581317544,499.9999999999634
1142,77.695892630761,13.014534674811348,34.242755810000034,41.79487100000003,39.868923173529424,1.5337802530370355,-0.005976095795631409,0.8553417325019836,0.18758761536841298,0.19104439095277495,-0.5150630474090576,0.477711021900177,0.0415952106550628,0.13264680499647183,807.0,0.35919029572375977,110.7468671862337,13523.066962654553,0.05434940687192613,0.9584047893449372,0.18758761536841298,0.7835197572490991,0.6840816696734449,0.7437445222188374,707.0504898181849
1143,77.70050186913184,13.014534674811348,0.0,43.72947032000002,15.929083884117654,19.150884188465334,0.0,0.8546181917190552,0.17149943425105169,0.26551199435721606,-0.5335105657577515,0.28896471858024597,-0.03993668189415565,0.12955859996477825,49.0,0.037629406821832224,191.07843778304243,1512.3840737247897,0.006078294043539555,1.0399366818941556,0.17149943425105169,0.08208290716502034,0.07650588621636845,0.07985209878555959,1117.8915781991789
1144,77.50230461918542,13.019026230686302,41.85810437000001,45.75122915,43.44475679375002,0.7076888812408465,-0.0032852450385689735,0.7532750964164734,0.23692928538602942,0.15406722100086157,-0.28092244267463684,0.4525386393070221,0.0681208771350337,0.09120648788171122,66.0,0.2587044767009864,975.3048818523432,7861.524540914321,0.03159558383373653,0.9318791228649663,0.23692928538602942,0.5643250143369724,0.3976852920257783,0.49766912541249475,4471.501488845011
1145,77.50691385755627,13.019026230686302,41.15228324000003,44.86937999000003,43.04152258625002,0.889481659310375,-0.01233905553817749,0.7310657501220703,0.20981417142427886,0.151249899594062,-0.24461305141448975,0.3674618899822235,0.08104175861065205,0.09097850466129523,78.0,0.35066076420126047,1118.5952270769696,3845.1922415191893,0.015453884700285246,0.918958241389348,0.20981417142427886,0.764913863527803,0.1945139764565268,0.5367539086992925,4030.589970526193
1146,77.51152309592712,13.019026230686302,41.69574842000003,44.20115708000003,43.246938886250014,0.47354073051460543,-0.011550151742994785,0.7621241807937622,0.18653918696384805,0.14544095483156053,-0.2987326383590698,0.36146610975265503,0.082265900256587,0.08816600376688864,115.0,0.3575032386682604,773.5039392617007,5185.6559628289515,0.020841228295322763,0.917734099743413,0.18653918696384805,0.7798396953144447,0.2623230513611044,0.5728330377331086,3605.108615585357
1147,77.51613233429796,13.019026230686302,39.00576668000002,44.14817777000002,41.82063809562502,1.361342512009541,-0.03013993613421917,0.7041208148002625,0.16744363223805148,0.1045053393923838,-0.21807537972927094,0.26770853996276855,0.07537828034045649,0.062451522451827536,520.0,0.2676970395807075,128.09158937115168,13575.684894310296,0.05456087912036021,0.9246217196595435,0.16744363223805148,0.5839409415166561,0.6867434151666253,0.6250619309766438,3201.2159289444126
1148,77.52074157266881,13.019026230686302,38.631493490000025,42.86983829000002,41.04926512250002,1.1146295311501824,-0.007669616490602493,0.7563636302947998,0.20309772198016826,0.143554854897246,-0.32977941632270813,0.2745140790939331,0.05066814716045673,0.08392689975973652,99.0,0.08197806940654771,206.0358916516354,13748.724304623112,0.0552563270791658,0.9493318528395432,0.20309772198016826,0.17882286299451178,0.6954968354560463,0.38549245197912557,2828.1763366497057
1149,77.52535081103966,13.019026230686302,40.53020360000002,44.32249679,42.16821428750002,0.8509792609315691,0.009543146938085556,0.7245696187019348,0.162432310814951,0.10290296079753115,-0.2305748611688614,0.3070104718208313,0.08781538421032475,0.060255563500947344,2.0,0.01324561223526412,1647.8680405927043,14231.783477412071,0.05719774906558548,0.9121846157896752,0.162432310814951,0.028893316458558603,0.719933002664648,0.3053091909409944,2499.8404014139587
1150,77.5299600494105,13.019026230686302,38.85366479000001,42.55196243000003,40.562015061875016,0.681117363933884,0.0030502488370984793,0.680514931678772,0.16077562519148283,0.11714401757454253,-0.2750677466392517,0.2633238732814789,0.06470293830422794,0.0677311688434131,334.0,0.0988845280860478,73.66518232913822,17779.95165383424,0.07145788963894358,0.9352970616957721,0.16077562519148283,0.21570176690201395,0.8994216362055557,0.48918971462343064,2235.9886734498227
1151,77.53456928778135,13.019026230686302,38.6502926,42.72115442000003,40.135761578750014,0.7064960476054127,0.014909090474247932,0.7762437462806702,0.2438471397986779,0.18071578740222508,-0.3300988972187042,0.25343915820121765,0.025513376089242788,0.09809105545798452,609.0,0.16207733527661192,66.2194218740514,15235.61917141506,0.0612321796216567,0.9744866239107572,0.2438471397986779,0.3535473978650465,0.7707133174799026,0.520413765710989,2061.5313087480713
1152,77.5391785261522,13.019026230686302,38.60414933000001,43.910625380000056,40.83670072062502,1.152468779784399,-0.005065856035798788,0.7904592156410217,0.23312241498161765,0.17293943757380353,-0.3276033103466034,0.4087875485420227,0.03576457304113052,0.09708684988610662,359.0,0.15226926165410967,105.5354054460137,15340.716100825965,0.06165456574111596,0.9642354269588694,0.23312241498161765,0.3321525563137192,0.776029780316884,0.5097034459149852,1999.9999999998536
1153,77.54378776452305,13.019026230686302,38.985258560000034,45.576910130000044,41.49538584687502,1.735643840594365,-0.019693654030561447,0.7709004878997803,0.17095470952052697,0.1290599375612639,-0.35635536909103394,0.28869566321372986,0.07824957155713848,0.078672927876525,482.0,0.31992331304433475,165.15025173566428,14353.603112482575,0.05768734398733811,0.9217504284428615,0.17095470952052697,0.6978647239612593,0.7260954049945468,0.7091569963745743,2061.5313087480713
1154,77.54839700289389,13.019026230686302,38.699853890000014,44.686515920000005,41.670955208750016,1.3996700989456596,-0.016962843015789986,0.7570921778678894,0.16534478879442402,0.13925059571719683,-0.307705283164978,0.33003300428390503,0.08681097292432598,0.08366107100772295,267.0,0.2995041515306561,279.1078009229691,8478.19446586765,0.03407398941654742,0.9131890270756741,0.16534478879442402,0.6533233856709516,0.42888033033065864,0.5635461635348344,1999.6453163463602
1155,77.55300624126474,13.019026230686302,38.78359538000001,43.18942316000002,41.37274553000002,1.005281109013788,0.0011411183513700962,0.816118061542511,0.23384662334735576,0.17323820122587963,-0.34884506464004517,0.3306719958782196,0.05974939786470854,0.10444499583473432,187.0,0.15672257513353088,208.53086375991285,6765.363820283025,0.027190097625087343,0.9402506021352914,0.23384662334735576,0.34186679174237816,0.34223459744068646,0.34201391402170145,1499.7339872597702
1156,77.55761547963559,13.019026230686302,35.09213378000004,42.97066988,40.051115318750014,1.9421037401910495,-0.008465445600450039,0.7765617966651917,0.2093478094362745,0.18277699131691907,-0.3798925578594208,0.47834843397140503,0.044789817660462625,0.11633754135202051,348.0,0.2968188076208792,212.22305490645195,10423.345632696082,0.04189158083166884,0.9552101823395374,0.2093478094362745,0.6474657106909547,0.5272782944645316,0.5993907442003854,999.8226581731801
1157,77.56222471800643,13.019026230686302,33.988113320000025,40.86687857000001,36.82549088937502,2.244856545365027,0.002621919149532914,0.814416229724884,0.3725387752757353,0.23028728161450424,-0.4173228442668915,0.2803146243095398,-0.04225171855851716,0.13649211124498334,447.0,0.27578002545765745,153.50964730506254,6850.7981122114215,0.027533459312613872,1.0422517185585172,0.3725387752757353,0.6015727628869816,0.346556400566497,0.49956621795878775,499.91132908659006
1158,77.56683395637728,13.019026230686302,32.98321544000004,37.04724122000002,35.08985928875001,1.0075061817640274,0.11355167627334595,0.8415250182151794,0.5582484788161057,0.14583588403362324,-0.39770403504371643,0.26691654324531555,-0.11085653451772837,0.11334813073510819,23.0,0.07752377969097123,838.6630174428436,0.0,0.0,1.1108565345177284,0.5582484788161057,0.16910649805310005,0.0,0.10146389883186002,0.0
1159,77.57144319474813,13.019026230686302,32.588434129999996,39.21255689,35.11530594500002,1.332539991459693,-0.01453710813075304,0.8366265892982483,0.5607402726715687,0.1778334782427647,-0.4766269624233246,0.3282114267349243,-0.12469547047334559,0.13871905346956273,33.0,0.09984739636781849,752.8408812989667,996.126435877221,0.004003446933220344,1.1246954704733456,0.5607402726715687,0.2178021196436594,0.05039033211494083,0.15083740463217196,0.0
1160,77.57605243311897,13.019026230686302,34.112871050000024,41.50263029000001,37.97814902000002,1.7664790179726182,-0.0022271715570241213,0.8245311379432678,0.43165058210784313,0.16086488146676098,-0.3947198987007141,0.30393946170806885,-0.0024974995033413758,0.12493159999202434,68.0,0.11768890350252355,430.6326888383978,1898.940605715987,0.007631870484017838,1.0024974995033413,0.43165058210784313,0.25672069151368854,0.09606034368951301,0.19245655238401832,0.0
1161,77.58066167148982,13.019026230686302,34.058182730000055,43.52780713999999,37.534692340625014,2.315019161491334,0.03428278863430023,0.8578742742538452,0.49359450120192305,0.20319940983371307,-0.41890981793403625,0.2877516746520996,-0.08857697120079627,0.14279754504847167,20.0,0.03674755735824747,457.1712070755466,354.5761890892808,0.0014250469676094447,1.0885769712007962,0.49359450120192305,0.0801592848237042,0.017936690850418477,0.05527024723438991,0.0
1162,77.58527090986067,13.019026230686302,35.015228330000014,40.69768658000004,37.697343597500016,1.1391616343300095,0.002039151731878519,0.8468172550201416,0.3844875679764093,0.22204046917625556,-0.40704861283302307,0.3833504617214203,-0.05156164431104473,0.13581855507646468,216.0,0.1670483410618562,192.428239058524,6855.311354125931,0.027551598098867057,1.0515616443110447,0.3844875679764093,0.3643909014131877,0.34678470869164674,0.3573484243245713,499.91132908659006
1163,77.58988014823152,13.019026230686302,36.70543922000002,40.713067670000015,39.000067885625015,0.8253334734252976,0.003049400169402361,0.7588008046150208,0.20126215916053922,0.16739398898135946,-0.3092993199825287,0.24231566488742828,0.03949192720301011,0.08691066177182018,650.0,0.36007765604732506,137.83617280903172,15514.453373940065,0.06235281842087964,0.9605080727969899,0.20126215916053922,0.7854554007049208,0.7848185028902931,0.7852006415790698,499.9999999999634
1164,77.59448938660236,13.019026230686302,36.86950418000001,41.852977339999995,39.02628073406252,1.199129509049454,-0.03091910295188427,0.7757178544998169,0.22015054556039662,0.1808195498215066,-0.3557742238044739,0.27690741419792175,0.027471190232496997,0.09896107117454808,660.0,0.381718043627708,143.90608009134996,15779.297345250367,0.06341723027316665,0.972528809767503,0.22015054556039662,0.8326606604951187,0.7982159745287337,0.8188827861085647,707.0440841624264
1165,77.59909862497321,13.019026230686302,35.91758561000003,40.72844875999999,38.92172988312502,0.9266742411224922,0.011248386465013027,0.8358882069587708,0.3503729607077206,0.20903266925137579,-0.36318734288215637,0.44778987765312195,-0.012827637616325827,0.11514856705472597,260.0,0.1408282752040332,134.77113999868527,7757.600346896997,0.031177910955233246,1.0128276376163259,0.3503729607077206,0.30719576034017704,0.39242815351132976,0.3412887176086381,499.9999999999634
1166,77.60370786334406,13.019026230686302,37.20276113,43.266328610000016,40.33797767375001,1.258066971629386,0.024145949631929398,0.8371278643608093,0.3607569795496324,0.20756581835401902,-0.3710993826389313,0.25268176198005676,0.007540500117283242,0.12252491221584724,216.0,0.12653241057398779,145.75666418361303,7034.389447043461,0.028271315612704826,0.9924594998827168,0.3607569795496324,0.2760114758036774,0.3558436034781081,0.3079443268734497,707.0440841624264
1167,77.6083171017149,13.019026230686302,39.29458936999998,41.451359990000014,40.48064859312502,0.5344963530093241,0.013094170019030571,0.7504474520683289,0.18569907992493873,0.15161608605393076,-0.3067379295825958,0.24661372601985931,0.06901157154756433,0.07468357631644672,392.0,0.1768227963214091,112.23610248993162,14757.2376485292,0.05930955717963698,0.9309884284524357,0.18569907992493873,0.3857124095479646,0.7465137751852126,0.5300329558028638,1117.8753722112529
1168,77.61292634008575,13.019026230686302,40.50285944000004,43.29367277000003,41.81399054937502,0.6071868216874922,0.005200594197958708,0.7300066947937012,0.11611585176908053,0.07956274577583299,-0.29692718386650085,0.3217831552028656,0.10576387845552884,0.05068147649294433,480.0,0.1576622228279373,81.7272333888029,18300.47940725831,0.07354989840715433,0.8942361215444712,0.11611585176908053,0.3439164922554098,0.9257531995748025,0.5766511751831669,1580.886470478526
1169,77.6175355784566,13.019026230686302,39.90641495000003,43.312471880000004,41.44475014250002,0.7098529140636084,-0.0031432420946657658,0.7684346437454224,0.145300843481924,0.1364339312401766,-0.3284742534160614,0.2659350037574768,0.08317731071920956,0.07836736830146311,226.0,0.13501086512499005,148.64170239900542,16921.950577855154,0.0680095705776155,0.9168226892807905,0.145300843481924,0.2945059527723919,0.8560185524037606,0.5191109926249393,2061.2087209173887
1170,77.62214481682744,13.019026230686302,40.029463669999984,42.375934400000006,41.55163866500002,0.45276419382539107,-0.002097692573443055,0.7124968767166138,0.111610107421875,0.07879313392519022,-0.23955579102039337,0.2798237204551697,0.10601125679764094,0.04973050964256954,334.0,0.1451548137146671,108.13477118420674,21065.970867231386,0.08466444963832043,0.8939887432023591,0.111610107421875,0.31663345518866987,1.0,0.5899800731132019,2549.0750133583724
1171,77.62675405519829,13.019026230686302,39.25357313000001,44.86596197,42.09423677375002,1.5846485189662531,-0.0021830883342772722,0.739130437374115,0.20611830491286057,0.13063646181510716,-0.31129691004753113,0.34922394156455994,0.0760696528508113,0.08369266858020581,84.0,0.09673945559652015,286.5528568835568,4839.090972731052,0.019448378455385388,0.9239303471491886,0.20611830491286057,0.2110226129931094,0.24479161727656934,0.22453021470649337,2999.9999999997804
1172,77.63136329356914,13.019026230686302,38.489645660000036,41.270204930000034,39.65023937750002,0.5094871080557455,0.005622763652354479,0.7327735424041748,0.22243008482689952,0.13802848556974706,-0.32108843326568604,0.28446248173713684,0.040546180874693624,0.07499506341102757,824.0,0.3431954308540042,103.63218981735955,15753.8009716319,0.06331475996910207,0.9594538191253064,0.22243008482689952,0.7486293585128784,0.7969262078002463,0.7679480982278255,2828.1763366497057
1173,77.63597253193998,13.019026230686302,37.84022186000004,41.136902150000026,39.40646669375002,0.8551383030686759,0.010373122990131378,0.773345410823822,0.23546951593137255,0.14681893844424856,-0.2468152940273285,0.2874622642993927,0.03152983721564798,0.07842684143274306,721.0,0.378424494345353,130.59434281077966,13033.183105601618,0.05238055637813755,0.968470162784352,0.23546951593137255,0.8254762767160442,0.6593002670667498,0.7590058728563265,2499.8404014139587
1174,77.64058177031083,13.019026230686302,37.48816580000005,40.33024943000001,38.72166156968752,0.6068950147967873,0.0006333122146315873,0.7867833375930786,0.26640892615685097,0.17249687415544987,-0.36917319893836975,0.22743858397006989,0.0010725298294654258,0.08942012302503903,690.0,0.37750180162432473,136.12889761154506,12460.380467999992,0.05007845407440007,0.9989274701705346,0.26640892615685097,0.8234635609344586,0.63032431170056,0.7462078612408991,2235.9886734498227
1175,77.64519100868168,13.019026230686302,37.14636380000002,40.34733953,38.49082688750001,0.7666187526519314,0.001208824454806745,0.7676443457603455,0.3010044232536765,0.18028636854614855,-0.2816212475299835,0.30751311779022217,-0.016052663466509652,0.08575622887734828,667.0,0.3599773191897648,134.28567734696676,14039.874726050968,0.05642646494499273,1.0160526634665097,0.3010044232536765,0.7852365308990972,0.7102250525806474,0.7552319395717173,2061.5313087480713
1176,77.64980024705253,13.019026230686302,38.057266130000016,41.784616940000035,39.11420085125002,0.8694887754077513,0.0061295973137021065,0.7598697543144226,0.2677758310355392,0.16086731834011114,-0.2909174859523773,0.23720009624958038,0.0084173209994447,0.07606495837516572,577.0,0.2942857924513281,126.90357951179254,12752.052543054764,0.05125068847389749,0.9915826790005553,0.2677758310355392,0.6419403180108548,0.6450789173422835,0.6431957577434263,1999.9999999998536
1177,77.65440948542337,13.019026230686302,38.838283700000034,42.41695064000004,40.370989212500014,0.7765975875725596,-0.014894709922373295,0.7093735337257385,0.18068068284254807,0.13144885329649889,-0.2566956579685211,0.41004031896591187,0.061988724928635816,0.0817256410841067,398.0,0.27493394577296787,171.88013359686406,13328.954168873011,0.053569264672126776,0.9380112750713642,0.18068068284254807,0.5997271669534233,0.6742622252795241,0.6295411902838637,2061.5313087480713
1178,77.65901872379422,13.019026230686302,39.34244165000001,44.37718511,41.26670522937502,1.1973493309415202,-0.014477211982011795,0.6673948764801025,0.1614944996553309,0.1183708115107736,-0.28461241722106934,0.31813472509384155,0.07137686935125613,0.07411387605771631,465.0,0.37452543440884434,200.40509249548674,12275.935663002976,0.049337167665046366,0.9286231306487439,0.1614944996553309,0.8169710622619698,0.6209939349070858,0.7385802113200162,2235.9886734498227
1179,77.66362796216507,13.019026230686302,39.47232641000005,43.637183780000015,41.12947549625002,0.8675761874585559,0.0006547073717229068,0.7086501717567444,0.18030904134114584,0.11530363450040448,-0.23575130105018616,0.2723924219608307,0.07384905646829044,0.06413460906310878,480.0,0.29906803490343226,155.02764485540672,9598.868767141726,0.03857799606970239,0.9261509435317096,0.18030904134114584,0.6523720626592701,0.48557107580229114,0.5856516679164785,2235.7507444225057
1180,77.66823720053591,13.019026230686302,39.788493259999996,42.81002294000001,40.958178659375015,0.6672123011962119,-0.005988024175167084,0.5137686729431152,0.12937565730168268,0.07743121787863039,-0.09475962072610855,0.26001328229904175,0.08481330871582031,0.04927202107653227,816.0,0.3638019809939204,110.93160344607762,16153.980892112011,0.06492308901015559,0.9151866912841797,0.12937565730168268,0.7935794569859884,0.817169821836014,0.8030156029259987,1802.5543077926784
1181,77.67284643890676,13.019026230686302,39.797038310000005,43.22189435000004,41.323309902500014,0.6669380252546625,-0.024909039959311485,0.6352860927581787,0.12522204829197303,0.07848368295950345,-0.17741671204566956,0.30572646856307983,0.09130960501876532,0.05375414394734322,471.0,0.25391608485982736,134.1373417754325,14917.784886892645,0.05995479891393259,0.9086903949812347,0.12522204829197303,0.5538798557186453,0.7546352629501129,0.6341820186112324,1414.0881683248529
1182,77.6774556772776,13.019026230686302,39.995283470000004,43.03390325000004,41.14081025375002,0.6174930147545717,-0.009766454808413982,0.7168686389923096,0.12767958697150736,0.09656245326959247,-0.3041749596595764,0.28352490067481995,0.07736181520948222,0.05978502743897909,979.0,0.43653047156818614,110.94615671747174,18143.95618299042,0.07292082924524497,0.9226381847905177,0.12767958697150736,0.9522257510486392,0.9178352717189732,0.9384695593167727,1117.9943367249114
1183,77.68206491564845,13.019026230686302,39.43814621000001,42.418659649999995,40.69998620375002,0.5320455701039204,-0.04083266481757164,0.6989642977714539,0.1391677437576593,0.1143341659555426,-0.2420727014541626,0.28709056973457336,0.06977832868987438,0.06487998699775328,940.0,0.45159322885098685,119.53634089473921,17328.161312158045,0.06964213754894978,0.9302216713101257,0.1391677437576593,0.9850828968853368,0.876567242884152,0.9416766352848629,999.9999999999268
1184,77.6866741540193,13.019026230686302,40.48747835,45.85889678000001,41.810649672187516,1.1532847335314218,-0.00886579044163227,0.5028757452964783,0.13115793081430288,0.08156917683226754,-0.21601124107837677,0.2676258981227875,0.07876571068396936,0.05501789107336082,833.0,0.434021182055998,129.6421765291431,13657.806940481198,0.05489092884301731,0.9212342893160307,0.13115793081430288,0.9467521123316026,0.6908976640967485,0.8444103330376609,999.9999999999268
1185,77.69128339239015,13.019026230686302,40.21745477000002,46.98171635000003,42.80085586062502,1.4886027024393986,0.002815843792632222,0.5967025756835938,0.19607925714231006,0.10770388764791838,-0.14536799490451813,0.287676602602005,0.07695535697189032,0.057362730869611696,360.0,0.19922476394469343,137.69596366790103,7892.078035387184,0.03171837878158753,0.9230446430281096,0.19607925714231006,0.4345789419767717,0.3992308796924722,0.4204397170630519,999.9999999999268
1186,77.695892630761,13.019026230686302,34.32307928,46.241715020000015,40.84143819687502,2.6219084628169393,-0.0019220688845962286,0.858104944229126,0.31254968979779413,0.22002065871723228,-0.5423138737678528,0.33985698223114014,0.00419221466662837,0.17165300014573648,193.0,0.09924354278562666,127.94559548399609,7576.484121386147,0.030450002156246984,0.9958077853333717,0.31254968979779413,0.21648490362260964,0.3832661571761365,0.28319740504402036,1117.9943367249114
1187,77.70050186913184,13.019026230686302,0.0,42.79805987000003,16.41800414720589,19.674331456105406,-0.019103210419416428,0.8543964624404907,0.11980911254882813,0.22427360830169388,-0.5488979816436768,0.21417617797851562,-0.01421749995304988,0.13149345457835004,3.0,0.004111058312827664,340.9673324970112,4328.381706489577,0.01739583033291627,1.0142174999530498,0.11980911254882813,0.008967657115605512,0.21895673466207194,0.09296328813419209,1414.0881683248529
1188,77.50230461918542,13.023517786561257,42.45454886000002,47.91312680000004,45.89786102529414,1.4021052208089377,0.011491251178085804,0.6806216835975647,0.2109130380667892,0.10903775559092557,-0.19074492156505585,0.3703353703022003,0.10839025160845588,0.065885509052368,36.0,0.1323022917039821,914.4190305934507,5356.423277137417,0.021527544666557756,0.8916097483915442,0.2109130380667892,0.28859760609770435,0.2709615347628647,0.2815431775637685,4271.269794063065
1189,77.50691385755627,13.023517786561257,41.05828769000004,47.69950055000004,44.29334867500002,1.771247980414262,0.01855670101940632,0.7468198537826538,0.20614699143629808,0.13813676687020293,-0.2678450047969818,0.2845044732093811,0.08928186269906851,0.07901994591603308,78.0,0.13822143440685455,440.9214049351124,5470.853557854159,0.021987441663468145,0.9107181373009314,0.20614699143629808,0.301509328126086,0.2767501371346557,0.29160565172951386,3807.2577422726795
1190,77.51152309592712,13.023517786561257,41.28045899000003,44.83349077999998,43.18236831941178,0.6672329329088024,-0.007767995819449425,0.7012383937835693,0.18724135454963237,0.1277107578448182,-0.28975486755371094,0.3367786407470703,0.0819354248046875,0.07581891084745009,118.0,0.29311459994465344,618.0673944415176,5763.663102102886,0.023164247568541727,0.9180645751953125,0.18724135454963237,0.6393855372179255,0.29156228311301663,0.5002562355759619,3353.5774823600464
1191,77.51613233429796,13.023517786561257,39.83976356000002,44.02683805999999,42.591730915294136,0.8158433532826,-0.019501442089676857,0.7688442468643188,0.216759703393076,0.13903137675736807,-0.3405875861644745,0.3309174180030823,0.07008998496859681,0.08372916431164049,126.0,0.16339638903966455,322.66532681388657,6439.174309688359,0.025879137139746083,0.9299100150314032,0.216759703393076,0.35642471581191093,0.3257338830943189,0.34414838272487414,2915.056928426409
1192,77.52074157266881,13.023517786561257,40.19011061000003,44.57201225,42.81288508823531,0.8874301874394075,-0.009918846189975739,0.7245033383369446,0.22105262169471154,0.14910990762922102,-0.26592159271240234,0.3253510594367981,0.06821895892803485,0.08641606322691726,65.0,0.15604062488072534,597.3167780636227,7300.242830654926,0.029339784308014868,0.9317810410719651,0.22105262169471154,0.34037921954765193,0.3692921375311826,0.3519443867410642,2499.6872631228566
1193,77.52535081103966,13.023517786561257,39.75089504000002,45.141112580000026,42.73048005588237,0.9361065657298552,-0.007360254414379597,0.7352607846260071,0.21357230392156862,0.14126073348101062,-0.2890995144844055,0.313669890165329,0.06741648954503676,0.07965110814916344,29.0,0.14128966653917385,1212.251672324883,3657.8212991514324,0.014700838101400222,0.9325835104549632,0.21357230392156862,0.308202216336372,0.18503557725483705,0.258935560703758,2121.113029177804
1194,77.5299600494105,13.023517786561257,37.28479361000001,44.94970346000002,40.905972912941195,1.9786102463185617,-0.022739291191101074,0.8101802468299866,0.30012949027267155,0.19356104375403346,-0.33584001660346985,0.2740710377693176,0.029020505418964462,0.1083042226705429,30.0,0.11222323706877382,930.7690350225292,2967.1973876077045,0.011925210348640568,0.9709794945810355,0.30012949027267155,0.2447981599521187,0.15009948177960625,0.20691868868311372,1802.6672192488586
1195,77.53456928778135,13.023517786561257,39.12027035,43.761941510000014,41.75495467647061,0.8339233229362718,-0.014484601095318794,0.7832003831863403,0.2305884493314303,0.17510725113411615,-0.3285740315914154,0.3955715000629425,0.054545164841871996,0.09537052509410274,64.0,0.06765983412247624,263.04578334579975,9144.529429862068,0.036751999528538616,0.945454835158128,0.2305884493314303,0.14758978023149916,0.46258773827220884,0.27358896344778305,1581.1079266888632
1196,77.5391785261522,13.023517786561257,38.985258560000005,42.88692839000004,41.33804493941179,0.9904933182091202,-0.009053497575223446,0.8263971209526062,0.26488838943780635,0.19827549127304667,-0.35390040278434753,0.41363993287086487,0.04204832488415288,0.11473791787031697,56.0,0.18610678203095826,826.9029903186909,7776.083650156122,0.03125219562541506,0.9579516751158471,0.26488838943780635,0.40596403192209574,0.393363155089707,0.40092368118914024,1499.9999999998902
1197,77.54378776452305,13.023517786561257,38.33241674000001,45.16503872000004,41.08987185058825,1.6991429291188191,-0.030222516506910324,0.7980037927627563,0.20504112094056373,0.1589300660953013,-0.3176593482494354,0.4508580267429352,0.07154295678232231,0.09545814105635382,101.0,0.2616022275469937,644.4666578147867,5977.613420638851,0.024024117074815825,0.9284570432176777,0.20504112094056373,0.5706460231906696,0.3023852341148446,0.4633417075603396,1581.1079266888632
1198,77.54839700289389,13.023517786561257,38.10682742,44.40794729000001,41.34288812000002,1.5827972723211494,-0.006819590926170349,0.7652581930160522,0.20817028569240195,0.16187762014328902,-0.3334474563598633,0.34679970145225525,0.06546488444010416,0.09731996774123779,176.0,0.316794443381264,447.86309524886224,6206.670604577297,0.024944701297402897,0.9345351155598959,0.20817028569240195,0.691039564072311,0.3139723852597762,0.5402126925472971,1802.6672192488586
1199,77.55300624126474,13.023517786561257,38.59389527000002,42.71773640000001,40.83444089000002,0.8444969261406436,-0.014547321945428848,0.7022671103477478,0.13934967041015625,0.11916940096580766,-0.23261985182762146,0.30809858441352844,0.0878335688664363,0.07085173059215104,569.0,0.2731384904578877,119.44033922051906,12498.88551002137,0.050233206409888743,0.9121664311335637,0.13934967041015625,0.5958106504735206,0.6322721385884674,0.6103952457194993,1499.7067988604203
1200,77.55761547963559,13.023517786561257,39.11685233000003,40.88225965999999,40.06240794235296,0.36848014825695014,-0.010793054476380348,0.7360544204711914,0.10547656489353555,0.0855556213524451,-0.3312242925167084,0.29537639021873474,0.09025043562346814,0.06117484193773446,759.0,0.43670651308862185,143.16217336456728,19168.48015122187,0.07703840628255641,0.9097495643765319,0.10547656489353555,0.9526097592220215,0.9696621293943607,0.9594307072909573,999.8045325736136
1201,77.56222471800643,13.023517786561257,34.85970842000003,40.37810171000001,38.27387279882355,1.1088638688030839,-0.011969531886279583,0.7771114706993103,0.24226404526654413,0.18950176761638413,-0.3300916254520416,0.34038245677948,0.025636638566559435,0.0977949366352719,520.0,0.35987426045183063,172.19789231604526,11959.436028694694,0.04806515093634565,0.9743633614334406,0.24226404526654413,0.7850117237194771,0.6049833953684911,0.7130003923790827,499.9022662868068
1202,77.56683395637728,13.023517786561257,33.22931288000001,38.06752018999998,34.88061866000002,0.9967121363800585,-0.015637217089533806,0.8352993726730347,0.533566425030048,0.19511408531506305,-0.4198233485221863,0.2749629020690918,-0.11443737323467548,0.1152178491481421,72.0,0.16660756449127212,575.7614839828938,0.0,0.0,1.1144373732346755,0.533566425030048,0.3634294134339837,0.0,0.2180576480603902,0.0
1203,77.57144319474813,13.023517786561257,33.547188740000024,39.07412707999998,36.005584841176486,1.0640414538876803,0.044314537197351456,0.8355674743652344,0.49842476639093136,0.16532751270742388,-0.40301647782325745,0.2782536745071411,-0.026745638379863663,0.14741970752215305,40.0,0.055604546076235786,345.8841794671725,1009.5570408897585,0.004057424734142158,1.0267456383798637,0.49842476639093136,0.12129297746146407,0.051069736478394315,0.09320368106823616,0.0
1204,77.57605243311897,13.023517786561257,35.71421341999999,41.49237622999999,38.255883842352965,1.4506576578089958,-0.01829127036035061,0.7741153836250305,0.3417312921262255,0.1819561078659085,-0.34115466475486755,0.3373934328556061,0.01128151912315219,0.1084014978699819,127.0,0.16770831624969668,328.57254182351915,2443.57546861576,0.009820766083079852,0.9887184808768478,0.3417312921262255,0.3658305382996054,0.12361139608049435,0.26894288141196093,499.9022662868068
1205,77.58066167148982,13.023517786561257,34.791348020000044,40.34733953000003,37.25229285235296,1.110908014350962,-0.017693715170025826,0.844361424446106,0.3958978740985577,0.20878362176893087,-0.40479639172554016,0.23230904340744019,-0.04876855703500601,0.12062878191084833,246.0,0.21780510753303436,220.2994141970617,6245.143001520142,0.02509932243183633,1.048768557035006,0.3958978740985577,0.4751091747566067,0.3159185607545572,0.4114329291557869,499.9999999999634
1206,77.58527090986067,13.023517786561257,34.73836871,40.99676333000002,39.012951618235306,1.486904280801427,-0.026729857549071312,0.844361424446106,0.27492505840226716,0.22920337492972237,-0.42984670400619507,0.2927536368370056,0.00823769214106541,0.1325571238468575,346.0,0.2798935043702591,201.27837176213802,10363.644369366157,0.041651640568084645,0.9917623078589346,0.27492505840226716,0.6105457001779423,0.5242582295626025,0.5760307119318064,707.0376763926014
1207,77.58988014823152,13.023517786561257,38.65029260000003,41.67011327000003,40.31864708529414,0.5460276943685264,-0.02021116204559803,0.7530922889709473,0.12454695159313725,0.10421154664132065,-0.2604932188987732,0.2641509473323822,0.08195715810738358,0.061133125978555976,998.0,0.3761676607308675,93.78455125976677,18900.513222955837,0.07596144321990424,0.9180428418926164,0.12454695159313725,0.8205533326754479,0.9561066789768092,0.8747746711959925,999.9999999999268
1208,77.59448938660236,13.023517786561257,36.954954680000014,40.90618580000003,38.94593457500002,0.801336212082433,-0.00461095105856657,0.793246328830719,0.2324835205078125,0.1641135650952174,-0.3234916627407074,0.264982670545578,0.022007551926832934,0.08654573794927874,864.0,0.4432388325270673,127.64518863727746,17071.10254334587,0.06860901454107356,0.9779924480731671,0.2324835205078125,0.9668590343322282,0.86356359568941,0.9255408588751008,1117.9902843220682
1209,77.59909862497321,13.023517786561257,36.96008171,41.03436155000003,39.705502788235314,0.8780992131835881,-0.016590701416134834,0.8013985753059387,0.1793014346852022,0.15912943448557965,-0.35287797451019287,0.323199599981308,0.060688195322074145,0.09620135119107859,682.0,0.35333337038933843,128.90823766394203,14840.946551910924,0.059645984504981146,0.9393118046779259,0.1793014346852022,0.7707437530783707,0.7507482973206159,0.7627455707752688,999.9999999999268
1210,77.60370786334406,13.023517786561257,36.63707882,41.50092128,38.807208102941196,0.872483203337542,-0.0020689654629677534,0.8470921516418457,0.3403125,0.2118496689637154,-0.38134899735450745,0.2421272099018097,-0.016537619198069852,0.11677292744074017,470.0,0.29808199921163203,157.80409977805257,10914.755900941462,0.04386656599469933,1.01653761919807,0.3403125,0.6502211736873909,0.5521369125372166,0.6109874692273212,1117.9902843220682
1211,77.6083171017149,13.023517786561257,37.49671085,41.27191393999999,39.644924592941194,0.7761276700690848,-0.0013309671776369214,0.8107573986053467,0.288382568359375,0.1923253947332244,-0.32954034209251404,0.256426066160202,0.010292162427715227,0.09893730677607472,551.0,0.3273592555358138,147.8268814678751,11402.463107152134,0.045826668496440626,0.9897078375722848,0.288382568359375,0.7140851172324701,0.5768082064720709,0.6591743529283105,1414.0753527852028
1212,77.61292634008575,13.023517786561257,38.7015629,43.19796821,41.16269696529414,1.112326370044715,-0.03707365319132805,0.7742434144020081,0.1851489023061899,0.1375963471413235,-0.34674715995788574,0.2730010449886322,0.06636961129995493,0.08215549677670941,397.0,0.3149653367762407,197.40249770567908,10078.724306623653,0.040506542606303396,0.9336303887000451,0.1851489023061899,0.6870496423505595,0.5098451831151792,0.6161678586564074,1802.5316869747458
1213,77.6175355784566,13.023517786561257,41.171082350000034,45.12914951000002,42.57481230764708,0.7800159391879086,-0.02295306697487831,0.6372770667076111,0.12694527420343138,0.09399523834132881,-0.19056262075901031,0.29677674174308777,0.10719104243259804,0.05550395293744907,347.0,0.21871456921623877,156.82981440163172,15320.747202234907,0.06157431044124155,0.892808957567402,0.12694527420343138,0.47709302901362616,0.7750196279951189,0.5962636686062233,2235.7183215733644
1214,77.62214481682744,13.023517786561257,39.61417424000001,43.49191793,41.57611772000002,0.8209367083114247,-0.056550756096839905,0.6702714562416077,0.15858850815716913,0.11445482150441409,-0.228770911693573,0.27888354659080505,0.08679727591720282,0.0644915317377353,514.0,0.31209609365597357,151.07952249896422,15178.501137727933,0.06100262139635478,0.9132027240827971,0.15858850815716913,0.6807908188248558,0.7678239285593966,0.7156040627186722,2692.128692311531
1215,77.62675405519829,13.023517786561257,38.120499499999994,40.74553886000001,39.60478946882355,0.536506412964896,0.012662873603403568,0.7313290238380432,0.19603439331054687,0.13156562658465262,-0.26477253437042236,0.3460772633552551,0.0452730472271259,0.07268631194600038,630.0,0.3176907854989494,125.47131761142535,15535.429601931395,0.06243712219256749,0.9547269527728741,0.19603439331054687,0.6929947999648784,0.7858796122604816,0.7301487248831198,3161.72135555816
1216,77.63136329356914,13.023517786561257,38.34950684000003,42.29561093000004,40.15443428705885,1.0446667496665971,-0.008860963396728039,0.6905859112739563,0.20253195369944854,0.1398558843739733,-0.22444136440753937,0.3206349313259125,0.050345566693474265,0.08707772774135696,576.0,0.3265767901919366,141.0727792653209,13613.483164131332,0.054712790927883725,0.9496544333065258,0.20253195369944854,0.7123782864422474,0.6886554890771776,0.7028891674962194,3201.317918204634
1217,77.63597253193998,13.023517786561257,37.50525590000001,40.93011194000002,38.55490737058825,0.6119816897320173,-0.00896168127655983,0.71407550573349,0.23970968807444853,0.15246243624547404,-0.29394859075546265,0.3075779974460602,0.024073588053385418,0.08332675237683992,596.0,0.38930086555983917,162.5247472196516,9520.694333806076,0.03826381186163222,0.9759264119466146,0.23970968807444853,0.8492014492365154,0.481616521925592,0.7021674783121461,2915.3251075218445
1218,77.64058177031083,13.023517786561257,37.443731540000016,43.3671602,39.69182808000002,1.1437621243045226,-0.04646046459674835,0.7191351056098938,0.1913909912109375,0.142140836519017,-0.287112295627594,0.39392489194869995,0.04971194927509014,0.0781450887981658,515.0,0.36031594872480843,174.08311386689041,13257.668149735038,0.05328276510297511,0.9502880507249098,0.1913909912109375,0.7859752004407121,0.6706561306612729,0.7398475725289364,2692.509814903899
1219,77.64519100868168,13.023517786561257,34.92635981000004,42.67159313000002,39.91105707058825,1.4714846627182918,-0.019565217196941376,0.801125705242157,0.22990332509957107,0.1681422904735509,-0.458029568195343,0.27242913842201233,0.03662109375,0.09601280837432245,397.0,0.30970762090128695,194.10725811974328,12679.733182723483,0.05096003589115004,0.96337890625,0.22990332509957107,0.675580723743703,0.6414205498357288,0.6619166541805133,2549.490591439351
1220,77.64980024705253,13.023517786561257,39.111725300000046,41.71454753000003,40.475302392941195,0.5292888892104576,-0.02301117777824402,0.7894300222396851,0.16982084386488971,0.13318061101181936,-0.3494690954685211,0.40139123797416687,0.06569014006969975,0.07908927388590498,674.0,0.38018052088061316,140.34933347663994,13942.67103005638,0.05603580184780817,0.9343098599303002,0.16982084386488971,0.8293067852264638,0.7053078790697832,0.7797072227637916,2499.999999999817
1221,77.65440948542337,13.023517786561257,38.97500450000001,42.24434063000004,39.980233537647074,0.6254696036224411,-0.005988024175167084,0.7718977928161621,0.21156022291917068,0.14362976592542498,-0.2550008296966553,0.36882129311561584,0.05006988525390625,0.07164950932259473,613.0,0.3490662961270883,141.68629141667472,14793.445290331063,0.05945507622953866,0.9499301147460938,0.21156022291917068,0.7614357705690288,0.7483453851393124,0.7561996163971422,2499.999999999817
1222,77.65901872379422,13.023517786561257,38.428121300000015,42.12300092000004,40.19536773764707,0.788088700736603,-0.018649335950613022,0.7821739912033081,0.17260079178155638,0.1268043229922504,-0.306827187538147,0.33186206221580505,0.07074466480928308,0.07143547763988739,569.0,0.3579270912413862,156.51742499717795,13562.02825492694,0.05450599288394661,0.9292553351907169,0.17260079178155638,0.7807642661315259,0.6860525765649018,0.7428795903048763,2499.999999999817
1223,77.66362796216507,13.023517786561257,39.824382470000046,42.726281450000016,41.200827402941194,0.6642804969374014,-0.01017055194824934,0.6756198406219482,0.17032041063495712,0.11030912343205564,-0.16788843274116516,0.3178028464317322,0.08574683694278493,0.061085063265711705,259.0,0.2520166995310775,242.10844882889714,9441.363756077702,0.03794498109208481,0.914253163057215,0.17032041063495712,0.5497366315017831,0.47760348300339683,0.5208833721024286,2499.6872631228566
1224,77.66823720053591,13.023517786561257,40.95574709000002,44.82152771,42.88505380117648,0.7345199479964711,-0.011806215159595013,0.635307788848877,0.1599686490572416,0.0957673919224192,-0.16560837626457214,0.4031347930431366,0.11328092134915865,0.06311137076736212,148.0,0.16051167581156675,269.85179003396894,5234.476988978611,0.021037440724163088,0.8867190786508413,0.1599686490572416,0.35013214656624647,0.2647927255242111,0.3159963781494323,2121.113029177804
1225,77.67284643890676,13.023517786561257,40.01237357000002,43.832010920000016,41.83925795176472,0.950327449842884,-0.03685956448316574,0.6713910698890686,0.1763424622778799,0.11784366308580473,-0.19676752388477325,0.3006451725959778,0.0667086851830576,0.06821449904639197,270.0,0.21178701154236673,195.1712967755806,10258.487666401688,0.04122901421782628,0.9332913148169424,0.1763424622778799,0.4619816009723304,0.518938743003825,0.4847644577849282,1802.6672192488586
1226,77.6774556772776,13.023517786561257,39.875652770000016,46.07081402,42.143248844705894,1.3102643846759745,-0.02916589193046093,0.6478046774864197,0.14163185269224876,0.10391417400852125,-0.2673845589160919,0.27174919843673706,0.07441443349800858,0.06600614520343796,434.0,0.3320904141767393,190.39125647577774,11186.757925065966,0.044959746167507426,0.9255855665019914,0.14163185269224876,0.7244054302085641,0.5658964834490153,0.6610018515047446,1581.1079266888632
1227,77.68206491564845,13.023517786561257,39.57486701000002,42.83907611000001,41.14349573529413,0.746897952012921,-0.02916589193046093,0.6680637001991272,0.15796474082797182,0.10998438652152218,-0.16359490156173706,0.26083797216415405,0.05670748841528799,0.06366498670746695,688.0,0.39936924962861015,144.43304712810456,13171.431429416121,0.05293617844383509,0.9432925115847121,0.15796474082797182,0.8711641189839217,0.6662937356671609,0.7892159656572173,1499.9999999998902
1228,77.6866741540193,13.023517786561257,40.91302184,44.527577990000026,42.27127150000002,0.7072737643406769,-0.004310344811528921,0.5759096741676331,0.14224706796499398,0.08951137226309339,-0.12224210053682327,0.3530060648918152,0.09287882291353666,0.05569698123896588,789.0,0.35444020601672327,111.77543450296061,13681.339764554923,0.054985507612312794,0.9071211770864633,0.14224706796499398,0.773158148991645,0.692088102155581,0.7407301302572195,1499.9999999998902
1229,77.69128339239015,13.023517786561257,39.875652770000016,43.25949257000002,41.38714497411767,0.5955301204490232,0.0004810004902537912,0.52173912525177,0.11910893458946079,0.07712215011594196,-0.16148370504379272,0.27123695611953735,0.08659775677849264,0.05219701610588586,611.0,0.27392372577750745,111.54980861872981,16830.21892053709,0.06764089968510392,0.9134022432215073,0.11910893458946079,0.5975235235503731,0.8513781889807773,0.6990653897225347,1499.9999999998902
1230,77.695892630761,13.023517786561257,38.79726746,44.54125007000002,40.742848204117664,0.9270344646220113,-0.03365384787321091,0.6397515535354614,0.1508994188495711,0.10757807297124869,-0.23471331596374512,0.300678551197052,0.06841133865655637,0.06378714710397458,384.0,0.2820034413867111,182.7273573946895,11707.91585958146,0.047054287642879604,0.9315886613434436,0.1508994188495711,0.6151482113220984,0.592259925336235,0.605992896927753,1581.1079266888632
1231,77.70050186913184,13.023517786561257,0.0,42.124709929999995,16.804771146470593,20.088047271402324,0.0,0.6222957372665405,0.09837692260742187,0.14882265346267445,-0.15914388000965118,0.2648569345474243,0.02285817072941707,0.05071657742312957,33.0,0.022589171641738202,170.32043403448208,1929.1418257923458,0.0077532496358397995,0.9771418292705829,0.09837692260742187,0.04927488991741764,0.09758811110448372,0.06860017839224407,1802.6672192488586
1232,77.50230461918542,13.028009342436212,41.67011327000003,46.98000734000004,44.79628876647061,1.0488655679570968,0.027027027681469917,0.7006121277809143,0.2511924115349265,0.11921195487590544,-0.1979527771472931,0.2890163064002991,0.09786872414981618,0.07376048915777494,118.0,0.059176411281593955,124.78058186156738,3405.122231768946,0.01368523679828939,0.9021312758501838,0.2511924115349265,0.12908446568357645,0.1722524711430856,0.1463516678673801,4122.276744294287
1233,77.50691385755627,13.028009342436212,40.769465000000025,46.59889811000002,42.65278843500002,1.2217001549233217,-0.034610629081726074,0.7448258996009827,0.14893791785606972,0.11266771072886603,-0.2508178949356079,0.30318933725357056,0.0975185042161208,0.06586178069229603,590.0,0.28952389095771064,122.09919051906056,11132.152429178357,0.04474028586892022,0.9024814957838792,0.14893791785606972,0.6315529441125559,0.5631341944724613,0.604185444256518,3639.336117924969
1234,77.51152309592712,13.028009342436212,40.885677680000015,45.97681847000001,43.16018667058825,1.1890407395217664,-0.03474563732743263,0.7831004858016968,0.19810132793351715,0.15358084231620947,-0.3348676562309265,0.4306839108467102,0.07330187629250919,0.09570623496909711,70.0,0.34211176719692005,1216.0470036875352,2913.8476308663794,0.01171079688432364,0.9266981237074908,0.19810132793351715,0.7462655087773854,0.14740071597676993,0.5067195916571392,3161.6697527665715
1235,77.51613233429796,13.028009342436212,41.55390059000004,44.457508579999995,42.97299389705884,0.6022652757059088,-0.031130529940128326,0.7616487741470337,0.22883453967524509,0.16119885867922096,-0.34888508915901184,0.32134830951690674,0.055847030340456495,0.09499617237637994,159.0,0.2988520799500795,467.67003915016375,4368.538478800927,0.017557220996960162,0.9441529696595435,0.22883453967524509,0.6519009893183638,0.22098811644309155,0.4795358401682549,2692.0866062456203
1236,77.52074157266881,13.028009342436212,39.58683008000003,44.49339779000002,42.09657927058825,0.9336594591322666,-0.00788695365190506,0.7812862992286682,0.2695556171123798,0.16734423538871876,-0.3236643970012665,0.267646461725235,0.034519623976487376,0.09975376035583221,45.0,0.1409766984688214,779.498370223589,4781.546792868202,0.019217107542277123,0.9654803760235127,0.2695556171123798,0.30751952343116656,0.24188067120573511,0.281263982540994,2235.685887851258
1237,77.52535081103966,13.028009342436212,41.14202918000001,46.53395573,43.96954187352942,1.1540641627104424,0.0027777778450399637,0.7234612107276917,0.2076778875612745,0.1354588051363843,-0.3028208613395691,0.3453989326953888,0.10818713618259804,0.09012984840794169,8.0,0.016283125295364468,506.4401950360791,1421.7860268906886,0.005714179148391406,0.891812863817402,0.2076778875612745,0.03551919562017473,0.07192286793223367,0.05008066454499831,1802.5090586151427
1238,77.5299600494105,13.028009342436212,38.24354822000001,46.38185384000002,43.029136945294134,1.681407079515868,-0.002546885749325156,0.7726960778236389,0.23389488070618872,0.15434970166900117,-0.3180385231971741,0.3973288834095001,0.06674027386833639,0.0932609349445234,24.0,0.10951107713520035,1135.343292661201,6721.4017114308845,0.027013413256996046,0.9332597261316636,0.23389488070618872,0.23888198983818973,0.3400107178348995,0.2793334810368736,1414.06253301762
1239,77.53456928778135,13.028009342436212,39.70133375,45.12573149000002,42.363279447058844,1.2708950260724126,-0.0010706637986004353,0.7647963166236877,0.2731724196213942,0.178387432969231,-0.36179932951927185,0.41158536076545715,0.03733127300555889,0.11146510537850576,41.0,0.206917693546855,1255.7239045039091,6777.21545451655,0.027237729519008592,0.9626687269944411,0.2731724196213942,0.45135991408592807,0.34283412754411774,0.40794959946920395,1117.9862306043585
1240,77.5391785261522,13.028009342436212,36.85241408000002,41.95893596000002,40.58521125058826,0.8939007301797252,-0.011084547266364098,0.7430360317230225,0.1997543514476103,0.16113793311715655,-0.31954193115234375,0.4167224168777466,0.059932047526041664,0.09148537816150641,138.0,0.19048342969865864,343.4460337218401,9864.278403355369,0.039644681337633186,0.9400679524739584,0.1997543514476103,0.41551103238114684,0.4989971623246647,0.448905484358554,999.9999999999268
1241,77.54378776452305,13.028009342436212,36.81994289000005,45.92725718,40.577789771176484,1.860008211632747,-0.0710059180855751,0.7288301587104797,0.16972798665364583,0.13343339896847145,-0.254313588142395,0.47491762042045593,0.08012230368221507,0.08642194902627026,97.0,0.26073077756129165,668.8072236943356,5242.995257434986,0.02107167577154238,0.9198776963177849,0.16972798665364583,0.5687450857505971,0.26522363304869917,0.44733650466983793,1117.9862306043585
1242,77.54839700289389,13.028009342436212,36.60802565,42.618613820000036,40.262870675882375,1.3944352565467502,-0.0017074558418244123,0.7743785977363586,0.1916076540479473,0.14759569457996272,-0.345639705657959,0.3411192297935486,0.06448573692172181,0.08585260800117275,99.0,0.12840806507445668,322.728631869486,4287.732456095125,0.017232460392145585,0.9355142630782782,0.1916076540479473,0.2801029347778942,0.21690044024619692,0.25482193696521527,1414.06253301762
1243,77.55300624126474,13.028009342436212,38.17689683000003,43.473118820000025,40.56870100500002,1.104485543651901,-0.02745915949344635,0.7571870684623718,0.20127328725961538,0.15412020914775623,-0.33694180846214294,0.24603593349456787,0.06897171607384314,0.08194282481007356,364.0,0.27566850432286544,188.4369889270091,10778.832588005394,0.043320288182236856,0.9310282839261569,0.20127328725961538,0.6013294962578419,0.5452610575911727,0.5789021207911742,1580.8348763832857
1244,77.55761547963559,13.028009342436212,38.01795890000005,40.673760439999995,39.43827039411766,0.5941522651100725,-0.006119951140135527,0.7367808222770691,0.1670120777803309,0.1297601753555521,-0.2554302215576172,0.35187023878097534,0.04810296152152267,0.07599295743994296,529.0,0.3890518402674929,182.9920369909456,17716.285830146197,0.07120201574842647,0.9518970384784773,0.1670120777803309,0.8486582379111235,0.8962010189380433,0.8676753503218915,1117.842943925629
1245,77.56222471800643,13.028009342436212,37.39246123999999,41.05145165000002,39.00370285823531,0.7058282787711746,-0.02944640815258026,0.7692307829856873,0.25607388365502454,0.17985302252376967,-0.4138619899749756,0.3671664595603943,0.03481408212699142,0.11019601919951424,198.0,0.3020199753834749,379.53415697155384,8060.063996407859,0.03239351685266989,0.9651859178730086,0.25607388365502454,0.658811278072026,0.4077286647743678,0.5583782327529627,707.03126650881
1246,77.56683395637728,13.028009342436212,34.56404969000002,44.16355886000002,38.87569860058826,2.531452139359203,-0.03309505060315132,0.793325662612915,0.297371333195613,0.22148373977101962,-0.3546200394630432,0.41573959589004517,0.03659480168269231,0.12187884606469418,25.0,0.20000536456490275,1990.5909510842562,0.0,0.0,0.9634051983173076,0.297371333195613,0.436281705151992,0.0,0.2617690230911952,499.9999999999634
1247,77.57144319474813,13.028009342436212,35.642435000000035,42.907436510000025,38.600352844117666,1.376771705586088,-0.025964280590415,0.7976512908935547,0.3227792298560049,0.2010413664628518,-0.34534117579460144,0.4120267331600189,0.01069546568627451,0.11833880682821311,314.0,0.28366925928071723,224.78276871073533,7224.189698427739,0.02903412564059018,0.9893045343137254,0.3227792298560049,0.6187819432114942,0.3654448923891193,0.5174471228825441,499.9999999999634
1248,77.57605243311897,13.028009342436212,36.79943477000003,40.50115043000005,38.51452387823531,0.6733982769250271,-0.03068862296640873,0.8093058466911316,0.250741517310049,0.17631618812899783,-0.390590637922287,0.2720664441585541,0.005466522515988817,0.09613619907350827,431.0,0.3873501848168266,223.6180659681662,13968.844086615029,0.05614099175065464,0.9945334774840112,0.250741517310049,0.8449463317669412,0.7066318766718466,0.7896205497289034,707.03126650881
1249,77.58066167148982,13.028009342436212,36.83703299000001,43.291963760000016,39.49389305176473,1.349442211731271,-0.009918218478560448,0.784749448299408,0.2615307382436899,0.17805791879551025,-0.31005534529685974,0.2600996196269989,0.0370715097280649,0.09340720749705224,544.0,0.2673208722374248,122.26843670924299,11237.821579568037,0.04516497175298776,0.9629284902719351,0.2615307382436899,0.5831203888764462,0.5684796038408519,0.5772640748622085,707.03126650881
1250,77.58527090986067,13.028009342436212,38.246966240000006,42.2904839,40.2014645864706,0.9728009022694234,0.0010787486098706722,0.8148788809776306,0.3179922545189951,0.18263272407895034,-0.4033798575401306,0.3109399080276489,0.020056260052849266,0.10568750017182962,204.0,0.1913390684586068,233.37475632214077,5938.829528353629,0.023868244035977253,0.9799437399471508,0.3179922545189951,0.41737748000367136,0.3004233012290444,0.37059580849382057,499.9999999999634
1251,77.58988014823152,13.028009342436212,38.23500317000003,40.92327590000002,39.60218751588237,0.6740313317054086,-0.009459459222853184,0.7689919471740723,0.19637792250689337,0.1398081211243617,-0.311540812253952,0.24222180247306824,0.04171163820752911,0.07050268720317254,802.0,0.4015152755970479,124.56845958328822,13670.501511046483,0.05494194851056923,0.9582883617924709,0.19637792250689337,0.875845352764062,0.6915398352145925,0.8021231457442741,707.03126650881
1252,77.59448938660236,13.028009342436212,38.493063680000006,41.16937334000002,39.631638535000015,0.5356192998679624,-0.0005874290363863111,0.7593087553977966,0.20482708270733174,0.149198314226306,-0.3768508732318878,0.26921263337135315,0.03731839693509616,0.08464629340239584,874.0,0.42929132227416517,122.21403044114857,14659.217122190485,0.05891561122917357,0.9626816030649038,0.20482708270733174,0.936434632621811,0.7415552812647701,0.8584828920789946,1117.842943925629
1253,77.59909862497321,13.028009342436212,38.43495734000001,41.44794197000002,40.318457852352964,0.6951647689294222,-0.003960808739066124,0.7560571432113647,0.12556879978553923,0.1083738943539114,-0.32216015458106995,0.26193341612815857,0.08735572964537378,0.06624067552640278,1352.0,0.42998699359696696,79.13325265730742,16882.91003206744,0.0678526660445404,0.9126442703546263,0.12556879978553923,0.9379521352727903,0.8540436363716817,0.9043887357123468,1499.9999999998902
1254,77.60370786334406,13.028009342436212,38.99038559000002,41.12835710000002,39.972616911764725,0.4166108026405661,0.0037652270402759314,0.6282585859298706,0.14178483551623774,0.09629760316561121,-0.20038314163684845,0.24726955592632294,0.07407979329427083,0.05752521192669009,1037.0,0.5004397602023377,120.07523370565602,17254.1194921969,0.06934456237538011,0.9259202067057292,0.14178483551623774,1.0,0.8728217425501998,0.94912869702008,1581.1050603362064
1255,77.6083171017149,13.028009342436212,39.30313442000002,42.94845275,40.76345094058825,0.7999328960721587,-0.009513924829661846,0.7922261357307434,0.18786793428308823,0.13365960815043068,-0.27670973539352417,0.27408167719841003,0.06110251034007353,0.0774757941064415,647.0,0.3915365182225753,150.57344384426202,11551.155795427416,0.04642426661795191,0.9388974896599265,0.18786793428308823,0.8540781902076787,0.5843300166312968,0.7461789207771259,1802.6571629913503
1256,77.61292634008575,13.028009342436212,38.93911529000002,43.38425030000002,40.66645131764708,0.9467157063806513,-0.015115080401301384,0.6476564407348633,0.1598611332820012,0.10493872481384209,-0.2031697928905487,0.28381702303886414,0.07078144953801081,0.06097902438697814,821.0,0.3927461581100275,119.02801141398209,16102.154863954709,0.0647147994336375,0.9292185504619892,0.1598611332820012,0.8567168381952743,0.8145481357959835,0.839849357235558,2121.0937995264294
1257,77.6175355784566,13.028009342436212,41.244569780000006,44.63353661000002,42.78278522352944,0.8294657432115455,-0.015214384533464909,0.6079503297805786,0.1341271733302696,0.08432150195750017,-0.13938230276107788,0.2711062729358673,0.10654630773207721,0.048891669213531205,491.0,0.198610927801451,100.64727888625484,15250.330963831264,0.061291306533772995,0.8934536922679228,0.1341271733302696,0.4332399504960166,0.7714575323497808,0.5685269832375223,2499.658254469415
1258,77.62214481682744,13.028009342436212,39.723550880000005,44.51732393,42.15353838588237,0.8322907114245397,-0.0019220688845962286,0.723192572593689,0.1811847282858456,0.11429179055591428,-0.20724907517433167,0.28381046652793884,0.07569498099532782,0.06836087917285653,564.0,0.2919294106816614,128.78910829122196,11483.512784553754,0.046152408353094726,0.9243050190046722,0.1811847282858456,0.6368002246003821,0.5809082082539528,0.6144434180618104,2828.12506603524
1259,77.62675405519829,13.028009342436212,38.24013020000004,41.53851950000001,39.572081737647075,0.6836150388742447,-0.023283230140805244,0.7349798083305359,0.22700092022235577,0.15241557831245545,-0.3237905502319336,0.2611736059188843,0.022880379603459285,0.0834074260380934,594.0,0.3132359972853393,131.20959964307923,14625.253901110926,0.0587791125394731,0.9771196203965408,0.22700092022235577,0.6832773476247732,0.7398372082087279,0.7059012918583552,3201.145153773353
1260,77.63136329356914,13.028009342436212,38.55287903000004,42.39815153000001,40.68799430529414,0.8680200882084741,-0.041052211076021194,0.7198237776756287,0.1842718745212929,0.1412474229320409,-0.2804412245750427,0.29246607422828674,0.06132003484987745,0.08039578201118888,486.0,0.27100068782491815,138.74409662979033,14053.754389471036,0.05648224751832066,0.9386799651501225,0.1842718745212929,0.5911473546663338,0.7109271731390331,0.6390592820554135,3201.145153773353
1261,77.63597253193998,13.028009342436212,38.56826012000002,42.228959540000005,40.23768495411767,0.803310662339204,-0.026472177356481552,0.8187263011932373,0.25256464939491424,0.17502149831670002,-0.34450653195381165,0.38117721676826477,0.03357264500038296,0.09854172097180589,261.0,0.2765218285425904,263.614504628844,8931.050178734176,0.03589402324917052,0.9664273549996171,0.25256464939491424,0.603190895058014,0.45178861681880605,0.5426299837623308,2828.12506603524
1262,77.64058177031083,13.028009342436212,38.704980920000025,44.45579957000001,41.42707641000002,1.186726644957927,-0.04067140072584152,0.6829638481140137,0.15371551513671874,0.10891565430925979,-0.2532083988189697,0.46535539627075195,0.08701515784630409,0.07015673038191926,423.0,0.30750614781903624,180.88136434173126,10948.133753659911,0.04400071208026675,0.9129848421536959,0.15371551513671874,0.6707785404009714,0.5538253739846684,0.6239972738344501,2499.807773887666
1263,77.64519100868168,13.028009342436212,32.65337650999999,43.329561979999994,40.05722177705884,2.3152905764135725,-0.003098106710240245,0.7861482501029968,0.2214599609375,0.14935610924230475,-0.514839231967926,0.29623329639434814,0.03466720281862745,0.12027462842912849,496.0,0.23679113620575382,118.78569816375018,11301.31037202806,0.045420134152371436,0.9653327971813725,0.2214599609375,0.516524348701657,0.5716912657568614,0.5385911155237387,2235.972461208717
1264,77.64980024705253,13.028009342436212,39.14248748000003,42.91427255000002,40.744391635294136,0.7729654344640895,-0.011793412268161774,0.752293586730957,0.16273885091145834,0.11456365513903934,-0.26517871022224426,0.33473241329193115,0.0695782590379902,0.06642916933554842,687.0,0.3880005231898087,140.52576681511573,13800.45201454018,0.055464221513216866,0.9304217409620098,0.16273885091145834,0.8463649473871154,0.6981135479419177,0.7870643876090364,2061.526912708273
1265,77.65440948542337,13.028009342436212,39.43131017000002,42.44258579000004,40.70763905000001,0.6580399851455073,-0.010748560540378094,0.7297794222831726,0.20153120774489183,0.13640289686869367,-0.2514021694660187,0.3085384964942932,0.059877002422626203,0.06719149028777534,482.0,0.2957592618550393,152.67632759774878,10136.612529425878,0.0407391962330923,0.9401229975773738,0.20153120774489183,0.6451544705179083,0.5127735330389306,0.5922020955263172,1999.9999999998536
1266,77.65901872379422,13.028009342436212,38.91689816000002,42.480184010000016,41.180561737647075,0.7936593834012383,-0.018268467858433723,0.6349362134933472,0.12723501168045342,0.09068879779563534,-0.12183468788862228,0.2772739827632904,0.0907040106081495,0.060734979486975274,363.0,0.33425132158692406,229.1115047678799,11848.04529728608,0.047617469933226526,0.9092959893918505,0.12723501168045342,0.7291191256218941,0.5993485524930852,0.6772108963703705,1999.9999999998536
1267,77.66362796216507,13.028009342436212,38.060684150000014,42.54341738000002,41.005125060588256,0.9603759530537963,-0.06285714358091354,0.6707955002784729,0.1509752939261642,0.10374839414961873,-0.22561806440353394,0.3775322139263153,0.09323437859030331,0.06638698509136991,290.0,0.2831247473644285,242.9182946467837,9953.087391120169,0.04000160597782335,0.9067656214096966,0.1509752939261642,0.6175941721342992,0.5034896787634228,0.5719523747859486,1999.9999999998536
1268,77.66823720053591,13.028009342436212,38.97842252000004,45.92896618999998,41.20957351294119,1.5299477232931644,-0.029808979481458664,0.7426773905754089,0.17389556884765625,0.11542059845306749,-0.27124449610710144,0.3568406105041504,0.07477671696589543,0.07641817065245574,259.0,0.21646053767159557,207.95020768802857,11978.563026638658,0.04814202262502143,0.9252232830341046,0.17389556884765625,0.47217619726812465,0.6059509590672792,0.5256861019877865,2061.526912708273
1269,77.67284643890676,13.028009342436212,39.78678425000001,45.22143605000002,41.383360315294134,1.0576054724907873,0.005072819534689188,0.6783448457717896,0.1768880687040441,0.1172975394526105,-0.1524105817079544,0.3056901693344116,0.06791925766888787,0.0573327262695284,416.0,0.1916517139920406,114.63038912102276,11887.071163034754,0.04777431546700679,0.9320807423311122,0.1768880687040441,0.41805946934296423,0.6013227259165793,0.49136477197241024,2235.972461208717
1270,77.6774556772776,13.028009342436212,40.38322873999999,47.991741260000026,43.598402854117666,1.9829713759357577,-0.030604982748627663,0.6308992505073547,0.16506201650582109,0.11186674751898294,-0.20506592094898224,0.40279069542884827,0.09143449371936274,0.07234607307285808,254.0,0.268911692823953,263.42461844789835,9070.301142113167,0.03645367493816185,0.9085655062806373,0.16506201650582109,0.5865905253879906,0.45883280522628817,0.5354874373233096,2061.526912708273
1271,77.68206491564845,13.028009342436212,39.42447413000002,43.360324160000005,40.72671018235296,0.7984596810856717,0.005946135148406029,0.7619562745094299,0.17553631950827206,0.1249092833478918,-0.22657427191734314,0.2687724530696869,0.05088316075942095,0.062014761511868174,545.0,0.36096169437140496,164.79536928781138,13308.629456066465,0.05348757934963828,0.9491168392405791,0.17553631950827206,0.7873837977171126,0.6732340736397568,0.7417239080861703,1999.9999999998536
1272,77.6866741540193,13.028009342436212,36.807979820000014,44.83519979000005,41.796842505000015,1.1805611466235102,-0.24110141396522522,0.6264644861221313,0.14731077927809494,0.11530353127862997,-0.30078125,0.43267202377319336,0.08181103046123799,0.07696853252837398,411.0,0.20519874310452604,124.22621814457005,9584.01517047434,0.03851829924419553,0.9181889695387621,0.14731077927809494,0.44761028151140936,0.4848196875826704,0.4624940439399138,1999.9999999998536
1273,77.69128339239015,13.028009342436212,40.178147540000026,44.36180402000002,41.78665119411767,0.7168286171488065,0.002425222424790263,0.6004041433334351,0.14134937959558824,0.0990113677472089,-0.13507702946662903,0.25155454874038696,0.08546413047640931,0.05085243412389345,592.0,0.27484675721839835,115.51790398644603,15298.137438898324,0.06148344146675141,0.9145358695235907,0.14134937959558824,0.5995369781985362,0.7738758841464102,0.6692725405776858,1999.9999999998536
1274,77.695892630761,13.028009342436212,39.15274154000002,43.94993261000002,41.32528354294119,1.043069045606789,-0.026478873565793037,0.7203676700592041,0.17991474226409312,0.12386432256166469,-0.24102717638015747,0.3040768504142761,0.0657447665345435,0.06534851397442545,341.0,0.17291445746325418,126.17035268218952,9745.512216589115,0.039167358269943574,0.9342552334654565,0.17991474226409312,0.3771869545180107,0.49298922258967875,0.4235078617466779,1999.9999999998536
1275,77.70050186913184,13.028009342436212,0.0,42.15205409000001,16.634910927647066,19.89292720787981,0.0,0.6381909251213074,0.10899510310246394,0.16473879694417526,-0.21221674978733063,0.2300746589899063,0.02097599616417518,0.04935797699069907,60.0,0.03648077947404244,151.28408694500322,765.1252686627861,0.0030750498129887742,0.9790240038358248,0.10899510310246394,0.07957734888178081,0.038704842085129906,0.06322834616312045,2061.526912708273
1276,77.50230461918542,13.032500898311167,38.040176030000026,44.83519978999999,41.654072451875024,1.4357217915601563,-0.009125699289143085,0.730846107006073,0.21079972809436273,0.1494473761849159,-0.3068203032016754,0.26209765672683716,0.059393789253982844,0.08809927173252997,547.0,0.26350119930882904,119.86038257089254,13965.778651633922,0.05612867172195939,0.9406062107460171,0.21079972809436273,0.5747883452733363,0.7064768077155261,0.6274637302502122,4030.2090855660713
1277,77.50691385755627,13.032500898311167,39.668862560000036,44.293443620000005,41.957594861875016,0.9794531951569396,-0.012079378589987755,0.7142857313156128,0.18060326209435096,0.14019241330113158,-0.21926671266555786,0.28423237800598145,0.07780468280498798,0.07279236577699161,583.0,0.28900082052548054,123.34197853955435,11887.657556943135,0.04777667219282956,0.922195317195012,0.18060326209435096,0.6304119444169508,0.6013523894037927,0.6187881224116876,3534.730979852784
1278,77.51152309592712,13.032500898311167,39.21939293,44.19090302000001,41.05835052125002,1.1542342175622622,-0.011135857552289963,0.7982906103134155,0.28175522748161763,0.18386814324937775,-0.3917645215988159,0.31532546877861023,0.02114844228707108,0.10489243909197762,83.0,0.27250330116104915,816.9097228602642,3010.6832443405456,0.012099980652394468,0.9788515577129289,0.28175522748161763,0.5944250802908314,0.15229926956170733,0.41757475599918176,3040.695515219478
1279,77.51613233429796,13.032500898311167,39.60562919000003,44.87108900000001,42.19882567250002,1.2443484810399676,-0.020510254427790642,0.768103837966919,0.26344822303921567,0.19320849945215735,-0.3454219102859497,0.279165655374527,0.02444453519933364,0.10578819281666774,61.0,0.24208307816377855,987.4497121773596,2034.2984699152191,0.008175875749612921,0.9755554648006663,0.26344822303921567,0.5280679263753608,0.10290759468668367,0.35800379369988994,2548.9416671265294
1280,77.52074157266881,13.032500898311167,40.61736311000004,44.78734751000002,42.333831179375025,0.8701724679820794,-0.02365356683731079,0.7573829889297485,0.2653309748722957,0.1664968453006615,-0.28566065430641174,0.37357503175735474,0.048262857290414664,0.0991322669597035,56.0,0.09965999026462222,442.8057003921503,9353.482517463768,0.037591785089504344,0.9517371427095853,0.2653309748722957,0.2173933213374928,0.4731578979441782,0.31969915198016696,2061.1031799366087
1281,77.52535081103966,13.032500898311167,40.63445321000006,45.180419810000046,43.11593573000002,0.9118872461537773,-0.011355862952768803,0.7661439180374146,0.18345384784773283,0.1473072862642878,-0.3103328049182892,0.2744046449661255,0.07573036941827513,0.08305885500298994,2.0,0.007374669441738677,917.4722819246477,10882.382243126845,0.04373645578335762,0.9242696305817248,0.18345384784773283,0.016086735303192157,0.5504992495756696,0.22985174101218317,1580.8090662913512
1282,77.5299600494105,13.032500898311167,38.199113960000005,45.05566208000002,42.25446274437501,1.3211933667738924,0.008214440196752548,0.7223893404006958,0.20262072993259803,0.15035926491089419,-0.29101794958114624,0.25238096714019775,0.06676654890471814,0.08320563883326423,23.0,0.06224705605289273,673.3972990526518,10658.112175567396,0.04283511105256216,0.9332334510952819,0.20262072993259803,0.13578261670393846,0.5391542608465945,0.29713127436100084,1117.826721628255
1283,77.53456928778135,13.032500898311167,36.68664011000004,44.56004918000002,41.029366465625024,1.9807561411707073,0.010490978136658669,0.8061674237251282,0.2933456655649038,0.18787763720135994,-0.38210010528564453,0.33427098393440247,0.029081655649038463,0.11394664304213799,59.0,0.20950244115535988,883.5221988838535,4088.1545346602147,0.01643035376317789,0.9709183443509616,0.2933456655649038,0.45699815332255667,0.20680453536735657,0.3569207061404766,707.024854511152
1284,77.5391785261522,13.032500898311167,36.182482160000006,41.42743385,38.30022829062502,1.0174526564305344,-0.04153354465961456,0.7467657327651978,0.3899437997855392,0.14783339538135956,-0.32871973514556885,0.5021594166755676,0.009979008693321079,0.09300698563628632,30.0,0.05876648223241488,487.40370878459686,2414.9726068923046,0.009705810757205731,0.9900209913066789,0.3899437997855392,0.12819026694567637,0.12216448367081276,0.1257799536357309,499.9999999999634
1285,77.54378776452305,13.032500898311167,36.380727320000005,42.10078379000004,39.62744420000002,1.5309987182032279,-0.027663087472319603,0.7627409100532532,0.35652994791666665,0.18910498474094925,-0.3541700839996338,0.35063162446022034,0.008630649342256434,0.09964414698218031,99.0,0.15569894942217302,391.318947928994,2792.201310253248,0.011221898515948034,0.9913693506577436,0.35652994791666665,0.3396339057807433,0.14124708098076846,0.2602791758607534,707.024854511152
1286,77.54839700289389,13.032500898311167,36.493521980000025,43.70554418000003,40.66120047312502,1.85294271074657,-0.01441899873316288,0.760019063949585,0.2103069948682598,0.17534213415576852,-0.3003172278404236,0.2775316536426544,0.04910554474475337,0.09296166860323875,222.0,0.08503759954011372,95.30998639222922,4900.673117305112,0.019695878008611323,0.9508944552552466,0.2103069948682598,0.1854967690996799,0.24790682896624253,0.21046079304630497,1117.826721628255
1287,77.55300624126474,13.032500898311167,35.67490619000003,41.80512506000002,39.29320673343752,1.2391916757111772,-0.001110370852984488,0.8246808648109436,0.23900658240685096,0.19737881285191913,-0.3634340167045593,0.3247492015361786,0.02494666466346154,0.10897427402972723,364.0,0.24906114928430942,170.24916627714572,13201.801387945965,0.053058235758006514,0.9750533353365385,0.23900658240685096,0.5432895419243235,0.667830038933009,0.5931057407277978,1499.9999999998902
1288,77.55761547963559,13.032500898311167,38.518698830000005,40.972837190000035,39.73878745812502,0.4784364559594196,0.0041981530375778675,0.748681902885437,0.17551590265012254,0.1402839461636773,-0.2918461859226227,0.2549728751182556,0.04858688055300245,0.07717741995653606,724.0,0.3944918477141891,135.57507591348426,18200.380954107386,0.07314760123798597,0.9514131194469976,0.17551590265012254,0.8605247982408789,0.9206895910640766,0.884590715370158,1414.049709022304
1289,77.56222471800643,13.032500898311167,38.70668993000001,41.07025075999999,39.83548475187502,0.5386093730151763,-0.033350978046655655,0.7188165783882141,0.16384260589001226,0.12334737458108044,-0.26885735988616943,0.33807170391082764,0.05871741201363358,0.07149960366985376,512.0,0.42092403184576493,204.55690795353323,16847.857720466513,0.06771179028386708,0.9412825879863664,0.16384260589001226,0.9181826435136899,0.8522704702761431,0.8918177742186713,1117.9821755718674
1290,77.56683395637728,13.032500898311167,37.783824530000004,42.760461650000025,39.494782298750025,0.9882351829428089,-0.04041450843214989,0.7912247776985168,0.20887418306790864,0.15750710241765598,-0.38511013984680176,0.2801402807235718,0.03256605295034555,0.09722564396253658,427.0,0.4238121294481154,246.95959067034985,12012.48287921885,0.048278347016079144,0.9674339470496545,0.20887418306790864,0.924482595264184,0.6076668382722122,0.7977562924673952,999.9999999999268
1291,77.57144319474813,13.032500898311167,36.765254569999996,39.027983809999995,38.00310559250003,0.5065060983274651,-0.020229101181030273,0.7950855493545532,0.29215741325827205,0.18932924320115985,-0.35851797461509705,0.2199893295764923,-0.014514783971449908,0.09787297495929435,496.0,0.3823983808096674,191.8292186481776,12492.990752693066,0.050209515292679016,1.01451478397145,0.29215741325827205,0.8341447140177292,0.6319739447359485,0.7532764063050169,999.9999999999268
1292,77.57605243311897,13.032500898311167,36.15001097000001,40.631035190000006,37.88512107125001,1.0795463952559827,0.0006478082505054772,0.8097118139266968,0.27735042796415443,0.17976823022996763,-0.4091607630252838,0.22151899337768555,-0.014571949079924939,0.0969365804813272,544.0,0.3884300357379388,177.66189689225547,14618.356249291834,0.05875139077441699,1.014571949079925,0.27735042796415443,0.8473018645907615,0.7394882816533642,0.8041764314158026,999.7682629420725
1293,77.58066167148982,13.032500898311167,37.833385820000046,44.06956330999998,39.389024738750024,1.1496214981996373,0.001058948109857738,0.7814638018608093,0.29176438551682693,0.15556186653220833,-0.3306477665901184,0.3137630224227905,0.029817472604604867,0.08637589626391194,441.0,0.22905698573396788,129.23654572302192,8516.891355564116,0.03422951279069024,0.9701825273953951,0.29176438551682693,0.4996534594478946,0.4308378620790285,0.47212722050034817,499.88413147103626
1294,77.58527090986067,13.032500898311167,36.920774480000006,44.53270502000004,39.59337709625002,1.5133284693116738,0.04826712980866432,0.8556876182556152,0.42519722732843135,0.18316316960867396,-0.37206771969795227,0.25095218420028687,-0.011383731318455116,0.11913391620828741,59.0,0.13162763378781284,555.1054001888499,812.572055043384,0.003265739151796743,1.011383731318455,0.42519722732843135,0.28712594104161476,0.041104998568678615,0.18871756405244028,0.0
1295,77.58988014823152,13.032500898311167,37.69495601,43.56198734000003,39.52815825875002,1.166656173979943,0.01435557659715414,0.8483370542526245,0.33504586014093135,0.19548113818104218,-0.4035572409629822,0.2689966857433319,-0.02233513775993796,0.1043508501935252,423.0,0.26126727134153127,153.6827176733666,7793.174363678118,0.031320883456770456,1.022335137759938,0.33504586014093135,0.5699153664665947,0.39422771073187934,0.49964030417270855,499.88413147103626
1296,77.59448938660236,13.032500898311167,37.90858226000003,44.14817777000002,40.08555242875002,1.2648112311348623,-0.0008860535454005003,0.8129438161849976,0.21586214505709134,0.15075074130348198,-0.37625133991241455,0.27362877130508423,0.039008037860576925,0.08609959923766736,856.0,0.36574090257465863,106.31147831876227,12786.524956271907,0.05138923361435784,0.9609919621394231,0.21586214505709134,0.7978089236067498,0.6468227485350433,0.7374144535780672,999.7682629420725
1297,77.59909862497321,13.032500898311167,39.78678425000001,41.623970000000014,40.73221235187502,0.39704241565348375,-0.0013839766616001725,0.685352623462677,0.13335628733915442,0.09934990572106742,-0.23922261595726013,0.2344827651977539,0.08457736146216299,0.05759566248062271,1336.0,0.3747567661787398,69.79485578778389,17929.996961902085,0.07206092395948073,0.915422638537837,0.13335628733915442,0.8174756778218844,0.9070118703701264,0.8532901548411811,1499.6523944131088
1298,77.60370786334406,13.032500898311167,39.40054799000001,41.227479680000044,40.62786221187501,0.3667571748540063,-0.01880115084350109,0.528351902961731,0.12151085947074142,0.08358812542126728,-0.13808801770210266,0.24712643027305603,0.07827695360370711,0.05124644332860984,1099.0,0.35805279955417,81.06432503472014,17468.914639045543,0.07020782725918429,0.9217230463962929,0.12151085947074142,0.7810384799616019,0.8836874302747194,0.8220980600868488,1499.9999999998902
1299,77.6083171017149,13.032500898311167,39.65348147000003,43.21164029000005,40.77636387125001,0.5986051546766242,-0.005983246956020594,0.6372936367988586,0.13848136153875612,0.09419477217619415,-0.20602843165397644,0.2974238991737366,0.0765914857153799,0.06443935803096272,1035.0,0.512878417522377,123.2975547589654,16811.262011686857,0.0675647115870208,0.9234085142846201,0.13848136153875612,1.0,0.8504192294567339,0.9401676917826935,1581.102193059077
1300,77.61292634008575,13.032500898311167,40.108078130000024,43.29709079000003,41.574345878750016,0.717592730877994,-0.005788377020508051,0.7546239495277405,0.1594256591796875,0.1179179411998844,-0.2971741259098053,0.28276780247688293,0.08298379751352164,0.06751130932630736,678.0,0.3120425997533932,114.51558165439971,15266.590991209017,0.061356655825183196,0.9170162024864783,0.1594256591796875,0.6806741298996174,0.7722800666689723,0.7173165046073593,1802.647103452553
1301,77.6175355784566,13.032500898311167,41.05316066,43.71579824000003,42.05804597375001,0.6306432835641042,-0.028726287186145782,0.5767162442207336,0.09304607316559436,0.06628478951711328,-0.07967975735664368,0.24970963597297668,0.10841837565104166,0.0468355382083024,929.0,0.41225234476091116,110.41493220307513,19871.046655565668,0.07986203149306653,0.8915816243489584,0.09304607316559436,0.8992666587542071,1.0,0.9395599952525242,2121.074563533456
1302,77.62214481682744,13.032500898311167,40.59514598000001,44.677970870000024,42.65206517750001,0.635273807769392,-0.007367716170847416,0.7797513604164124,0.1707867551317402,0.13471970441773193,-0.3248386085033417,0.30915603041648865,0.08673230937882966,0.07142797626541135,735.0,0.33573226269346845,113.65436713291311,11655.37340315355,0.04684311873050661,0.9132676906211703,0.1707867551317402,0.7323495765280407,0.5896019978541622,0.6752505450584894,2499.6292361757387
1303,77.62675405519829,13.032500898311167,37.38391619000001,42.68013818000003,39.44312244500002,1.2859633089327969,0.033221352845430374,0.7773503065109253,0.2971257605919471,0.17351037712704004,-0.35459044575691223,0.268488347530365,0.019170589447021484,0.08671510244567081,406.0,0.19560252279035115,119.87505181563887,11373.832146205998,0.045711600239373415,0.9808294105529786,0.2971257605919471,0.4266775661775473,0.5753598726272059,0.48615048875741074,2914.9791804425427
1304,77.63136329356914,13.032500898311167,38.36146991000001,41.162537300000025,39.52906302875002,0.5993948818395533,-0.01643306016921997,0.7047898173332214,0.2138702033547794,0.13313319764527465,-0.2510082721710205,0.2811950743198395,0.03985972086588541,0.07171330966333547,485.0,0.2877080457657921,147.60146164785522,14970.89212514815,0.060168237692854835,0.9601402791341146,0.2138702033547794,0.6275919501744899,0.7573217606446003,0.679483874362534,2914.9791804425427
1305,77.63597253193998,13.032500898311167,38.855373800000024,41.90595665000001,40.50848283687502,0.6693158749172287,-0.025875886902213097,0.7334019541740417,0.17617180319393383,0.13010204980874338,-0.2925216257572174,0.327506422996521,0.06761416566138174,0.07526677090808362,599.0,0.3381783000218859,140.47508512417747,12237.593616433747,0.04918307041069954,0.9323858343386182,0.17617180319393383,0.7376852400930102,0.6190543533529745,0.6902328853969959,2499.6292361757387
1306,77.64058177031083,13.032500898311167,39.56632196000001,43.24069346000002,40.80799486781252,0.831081780788624,-0.00725063681602478,0.7409904599189758,0.1933069551908053,0.13123943948773928,-0.25586485862731934,0.3872799575328827,0.059321652925931494,0.06835174070881644,619.0,0.3414553992709005,137.2535939126806,11413.998122354991,0.04587302789377743,0.9406783470740685,0.1933069551908053,0.7448337405915978,0.5773917199961458,0.677856932353417,2121.074563533456
1307,77.64519100868168,13.032500898311167,40.37981072000002,43.19967722000001,41.984294652500026,0.6312053893409346,-0.0021328958682715893,0.6537835597991943,0.16969994638480393,0.09016584399890445,-0.1457158923149109,0.3028498589992523,0.08634569953469669,0.05033453500690693,418.0,0.17647556828122085,105.04821978253828,14999.453068162875,0.06028302454681629,0.9136543004653033,0.16969994638480393,0.3849549836570168,0.7587665525426895,0.534479611211286,1802.647103452553
1308,77.64980024705253,13.032500898311167,39.09121718000003,43.467991789999985,40.481289471875016,0.8774888259009349,-0.01291409321129322,0.7211704254150391,0.17820237103630515,0.13055030720341962,-0.22331690788269043,0.3224250078201294,0.06938593845741421,0.06498199748307527,402.0,0.2793443583734922,172.8997006547029,9479.43861601123,0.03809800451937639,0.9306140615425857,0.17820237103630515,0.6093478205492231,0.47952954857918967,0.5574205117612098,1581.102193059077
1309,77.65440948542337,13.032500898311167,40.048262780000016,44.35667699000001,41.35334952312502,0.7371049440726751,-0.0017221583984792233,0.6817080974578857,0.18960497342623198,0.12476281073132292,-0.20523741841316223,0.23342940211296082,0.06794930091271034,0.05507489301863995,598.0,0.28774527449372966,119.72570576398847,12173.640099315338,0.048926040276015006,0.9320506990872897,0.18960497342623198,0.6276731590607644,0.61581918274466,0.6229315685343226,1499.9999999998902
1310,77.65901872379422,13.032500898311167,30.105242599999997,42.45625787,38.57874037250002,2.968774823596442,-0.15086781978607178,0.772357702255249,0.19756553500306373,0.13436270494758348,-0.5803571343421936,0.4944356083869934,0.00025908825444240197,0.17157950011090958,172.0,0.18221122336013165,263.5888690510553,4697.320537712332,0.018878600972472605,0.9997409117455576,0.19756553500306373,0.3974664549539722,0.23761997816794375,0.3335278642395608,1499.9999999998902
1311,77.66362796216507,13.032500898311167,37.681283930000035,43.385959310000004,39.530150009375014,0.9813074332512608,-0.006638297811150551,0.7825020551681519,0.27134200750612747,0.1574238794616915,-0.2832965552806854,0.2719644606113434,0.021945253259995405,0.07622768056433638,258.0,0.18965595563745583,182.90567007305552,9920.081728350142,0.03986895572918377,0.9780547467400046,0.27134200750612747,0.4137060218246752,0.5018200450214061,0.44895163110336755,1499.9999999998902
1312,77.66823720053591,13.032500898311167,39.511633640000014,43.07321048,41.06661911375002,0.7831166110411099,-0.015454545617103577,0.7272920608520508,0.22126854529747597,0.15019044846975954,-0.276729553937912,0.3954869210720062,0.06981116661658654,0.08180014292176147,146.0,0.14979185063808406,255.27937051700857,6808.406468264302,0.027363086666289303,0.9301888333834134,0.22126854529747597,0.3267484557547902,0.3444119649401977,0.3338138594289532,1581.102193059077
1313,77.67284643890676,13.032500898311167,40.22599982000003,43.78757666000001,42.12653203625002,0.8000413158790863,-0.026429010555148125,0.7460822463035583,0.18818461100260417,0.1372018129233743,-0.2895086407661438,0.3999478220939636,0.0846734499463848,0.07752856673057895,171.0,0.11916258839425327,173.39006422190627,11389.79324578612,0.04577574813552738,0.9153265500536152,0.18818461100260417,0.25993531407553455,0.5761672853007324,0.38642810256561366,1802.647103452553
1314,77.6774556772776,13.032500898311167,40.42253597000001,44.91210524000002,42.450741286250015,0.9394081710946982,-0.014452214352786541,0.5959362983703613,0.1776415895948223,0.10618859661889939,-0.1297636330127716,0.27860695123672485,0.09725901884191177,0.0615311013389036,302.0,0.22233914832709653,183.18477882265955,10097.99026614393,0.04058397278361726,0.9027409811580882,0.1776415895948223,0.4849995047143325,0.5108197763633594,0.49532761337394327,2121.074563533456
1315,77.68206491564845,13.032500898311167,39.34585967000001,43.23043940000002,41.33750348187502,0.8606680588343631,-0.021361151710152626,0.5765575766563416,0.1626224054074755,0.10452532493396915,-0.16937005519866943,0.2453361451625824,0.06433600930606617,0.05583127662425146,435.0,0.31765050744486384,181.6940418914118,11353.858014653928,0.04563132390815101,0.9356639906939338,0.1626224054074755,0.6929069394309629,0.5743494555894029,0.6454839458943389,1802.647103452553
1316,77.6866741540193,13.032500898311167,40.215745760000004,45.70508588000004,42.158706174062516,0.9658473122110673,0.00206611561588943,0.6053404808044434,0.17196608323317308,0.09334580181633018,-0.10676156729459763,0.2704874277114868,0.08095780592698318,0.05653882952624707,458.0,0.2158463815018286,117.26264448865508,13548.268881136051,0.05445069375642406,0.9190421940730168,0.17196608323317308,0.4708365076975052,0.6853565410115376,0.5566445210231181,1581.102193059077
1317,77.69128339239015,13.032500898311167,40.07902496,43.269746629999986,41.794029061250015,0.731466365118969,0.0022354694083333015,0.6662006974220276,0.17681604721966912,0.10753981073429845,-0.16157372295856476,0.2858473062515259,0.07578406240425858,0.0528969727046455,479.0,0.21960491943314633,114.07407106643156,13909.132107009307,0.05590100841819893,0.9242159375957414,0.17681604721966912,0.47903519447333726,0.7036112696733754,0.5688656245533525,1499.9999999998902
1318,77.695892630761,13.032500898311167,38.25892931000001,42.92110859000002,40.73007608937502,1.1238163578867462,0.022618232294917107,0.7301550507545471,0.2514163746553309,0.1451080523505927,-0.23980098962783813,0.41243696212768555,0.052907463522518385,0.07223704232952834,241.0,0.12937442380970862,133.5708764516888,5108.769297271832,0.020532219645071334,0.9470925364774816,0.2514163746553309,0.2822109014202961,0.2584336408675241,0.2726999971991873,1499.9999999998902
1319,77.70050186913184,13.032500898311167,0.0,44.38060313,17.09278035658089,20.439590867199843,0.0,0.677369236946106,0.08689010620117188,0.1322402577205226,-0.20557977259159088,0.3277909755706787,0.025180306067833533,0.05711091513467305,43.0,0.037608212251987835,217.61790413844577,682.45665206983,0.0027428034156916433,0.9748196939321665,0.08689010620117188,0.08203667438975559,0.03452294418987596,0.06303118230980373,1581.102193059077
1320,77.50230461918542,13.036992454186121,37.90003721000005,42.967251860000005,40.57583830647061,0.9424167807675325,0.01934235915541649,0.7475824356079102,0.28777477787990197,0.17330310396818693,-0.321351557970047,0.286735862493515,0.0006312149646235447,0.0909855514060027,326.0,0.224842865561507,171.60972731149064,11288.256468372452,0.045367670319795224,0.9993687850353764,0.28777477787990197,0.4904609883431507,0.5710309173142228,0.5226889599315796,3999.0004756412827
1321,77.50691385755627,13.036992454186121,39.10318025000004,43.956768650000015,41.496084670000016,0.9713360668318441,-0.026428570970892906,0.74900221824646,0.2335041222205529,0.15761216864416905,-0.26123055815696716,0.446724534034729,0.049447350135216346,0.0819769015946048,185.0,0.1965362929817369,264.333022253278,7644.721370778894,0.0307242486745338,0.9505526498647836,0.2335041222205529,0.42871444579927204,0.38671802587037757,0.4119158778277142,3499.1254161861225
1322,77.51152309592712,13.036992454186121,39.92521406000003,43.97214974000002,42.05351694941179,0.8494703807450059,-0.0058293589390814304,0.7611940503120422,0.2510832902496936,0.1676131749881626,-0.2967667579650879,0.32801008224487305,0.05081364650352328,0.09317259857407098,190.0,0.25001576241057055,327.41168781672303,8066.717071447378,0.03242025566001817,0.9491863534964767,0.2510832902496936,0.5453718872823679,0.40806521909995574,0.490449220009403,2999.2503567309623
1323,77.51613233429796,13.036992454186121,39.07412708000004,43.90208033000002,41.731200028823544,0.7179097322097499,0.0011632415698841214,0.787263810634613,0.1916152415556066,0.14583746916308427,-0.3276728391647339,0.23807699978351593,0.06827205882352941,0.08712115779574396,451.0,0.254490754127025,140.40282831771898,12336.636795239461,0.04958112641660902,0.9317279411764706,0.1916152415556066,0.5551334105337216,0.6240645794588046,0.5827058781037547,2499.3752972758016
1324,77.52074157266881,13.036992454186121,38.78872240999999,42.929653640000026,41.23186751882355,0.8236166689564877,0.009040615521371365,0.7418293952941895,0.2796607619065505,0.15818666966651518,-0.3783344030380249,0.30204281210899353,0.03083372262807993,0.09469852548542829,50.0,0.11915877652990625,592.9750504910356,7396.529470741369,0.02972676174389096,0.9691662773719201,0.2796607619065505,0.259926999065181,0.3741629205938918,0.3056213676766653,1999.5002378206414
1325,77.52535081103966,13.036992454186121,40.89251372000001,44.327623820000014,42.523376428823546,0.7396740496496245,-0.0032102728728204966,0.7100534439086914,0.1850213982077206,0.1396179472853633,-0.25644612312316895,0.32986563444137573,0.07892512302772671,0.07938927382033008,32.0,0.18035920260779054,1402.3897146336587,7091.015334734685,0.028498895895943344,0.9210748769722733,0.1850213982077206,0.39342654945660716,0.35870809656281516,0.37953916829909035,1499.6251783654811
1326,77.5299600494105,13.036992454186121,37.19079806000002,44.55492215000001,40.85809106529413,1.5649255893896918,-0.0631290003657341,0.7726141214370728,0.22278992895986519,0.17194099912859837,-0.3781978189945221,0.3809286057949066,0.06725783404181986,0.1022752832953785,26.0,0.17761810356725533,1699.7860882327975,7422.7194107319665,0.029832019501501068,0.9327421659581802,0.22278992895986519,0.3874472530212502,0.37548777226599345,0.3826634607191475,999.7501189103207
1327,77.53456928778135,13.036992454186121,36.013290170000005,42.42549569000002,38.257592852352964,1.4752951645924404,0.0018927444471046329,0.811965823173523,0.3838606614332933,0.1940776446033671,-0.41238126158714294,0.4026517868041992,-0.016749763488769533,0.1239188624812594,31.0,0.17897124680890958,1436.4878580563416,2226.549526219057,0.008948535598852017,1.0167497634887694,0.3838606614332933,0.3903989320528006,0.11263286070481457,0.2792925035136061,499.87505945516034
1328,77.5391785261522,13.036992454186121,36.83361497000001,40.64983430000001,39.00549465764708,0.708066401579703,0.013827993534505367,0.8005457520484924,0.40575247970281864,0.13951676330331117,-0.3427802622318268,0.3539797365665436,0.027208964029947918,0.10577534663950602,19.0,0.05649472356129809,739.8346654467474,1094.4345721128027,0.004398548792128802,0.9727910359700521,0.40575247970281864,0.12323476613256176,0.05536337515053636,0.0960862097397516,0.0
1329,77.54378776452305,13.036992454186121,36.151719980000024,44.00632994,39.69044102882355,2.333847055688349,0.027412692084908485,0.7764765620231628,0.34454944087009803,0.20248158730400093,-0.3939282298088074,0.26090994477272034,-0.00042661928663066787,0.11605236934680972,47.0,0.03690858325022952,195.3934074949165,2053.3810914496353,0.00825256908883997,1.0004266192866307,0.34454944087009803,0.08051053865572205,0.1038729135479346,0.08985548861260707,499.87505945516034
1330,77.54839700289389,13.036992454186121,37.87269305000001,42.61519580000001,39.76627613000002,0.8289613949149254,-0.011384806595742702,0.6974700689315796,0.20635780484068628,0.14184754055767385,-0.26189154386520386,0.2388012558221817,0.03147246117685355,0.06686362018871173,660.0,0.2709036761432559,102.129534526627,15344.62328985548,0.06167026879182755,0.9685275388231465,0.20635780484068628,0.5909357382330079,0.7762274304802991,0.6650524151319244,999.7501189103207
1331,77.55300624126474,13.036992454186121,36.091904630000016,42.440876779999996,39.896021265000016,1.2529901265649164,-0.006301742047071457,0.7668825387954712,0.2372644277719351,0.179093527757639,-0.33988073468208313,0.24921448528766632,0.029497281588040866,0.09144267546322117,309.0,0.19744501153070665,158.9893654277338,9952.442619421281,0.03999901463079393,0.9705027184119591,0.2372644277719351,0.4306966790204171,0.5034570621608762,0.45980083227660073,999.9999999999268
1332,77.55761547963559,13.036992454186121,39.15786857000003,41.90595665000001,40.65450598823531,0.7137825711133504,-0.005354465451091528,0.7553924918174744,0.17295417336856617,0.12938851712512742,-0.40550029277801514,0.3118920624256134,0.05848626828661152,0.07799712026705932,459.0,0.27853613562465374,150.9903702526486,13584.297491663065,0.05459549327697442,0.9415137317133885,0.17295417336856617,0.6075848038432815,0.687179094439203,0.6394225200816501,999.9999999999268
1333,77.56222471800643,13.036992454186121,38.105118410000046,41.7436007,40.180217275294126,0.720121603631789,-0.009952401742339134,0.7317554354667664,0.16026003370098038,0.11992468010902069,-0.26001986861228943,0.3511827290058136,0.062022531546798404,0.06984517894291678,511.0,0.37640011857884853,183.27753750864122,14313.942948264154,0.05752794919859181,0.9379774684532016,0.16026003370098038,0.8210604046058122,0.7240891447702217,0.7822719006715759,1117.9781192246803
1334,77.56683395637728,13.036992454186121,36.34825613000004,41.51117534000002,39.15003314352943,1.1283786626253736,-0.008523880504071712,0.8353404998779297,0.2724028602013221,0.20163124482929215,-0.4007539749145508,0.3112356960773468,-0.0006892710465651292,0.11449201031447825,498.0,0.3726578856267598,186.19214811464605,14226.218364102187,0.05717538279257933,1.0006892710465651,0.2724028602013221,0.8128972846966787,0.7196514842771802,0.7755989645288792,1414.0368807994555
1335,77.57144319474813,13.036992454186121,36.134629880000006,39.49454354000002,37.68892421000002,0.8625235442994794,0.02756129950284958,0.7869997620582581,0.30785381242340687,0.20327294332412107,-0.36653608083724976,0.21552878618240356,-0.025151824951171874,0.10716590334115898,519.0,0.37587247442536176,180.1994888800323,11352.049674617181,0.04562405616269864,1.025151824951172,0.30785381242340687,0.8199094280232716,0.574257978391583,0.7216488481705962,1499.9999999998902
1336,77.57605243311897,13.036992454186121,37.047241220000046,40.49944142000001,38.529798524705896,0.9182738300230789,0.006755861919373274,0.7845659255981445,0.27268116670496323,0.16645239062932352,-0.2970893383026123,0.3213537037372589,-0.004640989864573759,0.08704933627440858,675.0,0.42409200364375566,156.3279744126297,13692.00595156243,0.055028375176234795,1.0046409898645738,0.27268116670496323,0.9250930988452634,0.6926276648921478,0.8321069252640171,1117.8104938947226
1337,77.58066167148982,13.036992454186121,38.12733554000002,47.22268675999999,40.43539198294119,1.6803210684490335,-0.022496908903121948,0.7437276244163513,0.29213839017427884,0.14976386012310045,-0.3035230338573456,0.32777532935142517,0.02897752615121695,0.093896116384688,305.0,0.21605502154000458,176.25640788474743,8839.368000423263,0.03552555121352321,0.971022473848783,0.29213839017427884,0.47129162464807506,0.4471507563547981,0.46163527733076426,707.0184403997278
1338,77.58527090986067,13.036992454186121,37.05578627,52.301864480000035,42.60535568705884,3.7082364396785215,0.08855291455984116,0.803992748260498,0.3563272633272059,0.1729578982220779,-0.34052595496177673,0.3411446511745453,0.04716095868278952,0.13760898992792403,51.0,0.08789089771402495,428.79934562620946,0.0,0.0,0.9528390413172105,0.3563272633272059,0.19172081111639838,0.0,0.11503248666983902,499.9999999999634
1339,77.58988014823152,13.036992454186121,39.132233420000006,43.00485007999998,41.25021720058825,0.863770182576271,-0.014516348019242287,0.8024847507476807,0.2203937126608456,0.16431193840977812,-0.3542957007884979,0.35787874460220337,0.0481555804084329,0.0993302097989017,539.0,0.3192019310814363,147.35237309856458,8877.310891132845,0.035678044254544676,0.9518444195915671,0.2203937126608456,0.6962911374050992,0.4490701460983029,0.5974027408823807,707.0184403997278
1340,77.59448938660236,13.036992454186121,39.79191128000002,43.235566430000034,41.02873745500002,0.657976111289552,0.011227402836084366,0.7105719447135925,0.1616132061298077,0.12249608567856486,-0.30039525032043457,0.28317660093307495,0.07656962468073918,0.07026082949386228,1027.0,0.30350460976926796,73.53180685852098,13916.328660828402,0.055929931474830226,0.9234303753192609,0.1616132061298077,0.6620497853129199,0.703975316569398,0.6788199978155112,1117.8104938947226
1341,77.59909862497321,13.036992454186121,39.145905500000026,42.56392550000004,40.67330509823531,0.5308411662184249,0.0038850039709359407,0.6047255992889404,0.16165214987362134,0.10149300655024261,-0.15390247106552124,0.27272728085517883,0.06796432195925245,0.05981032432738746,722.0,0.3173317631590803,109.35955562837022,15333.059365513198,0.061623793208230235,0.9320356780407475,0.16165214987362134,0.6922116465781356,0.7756424545503644,0.7255839697670271,1117.9781192246803
1342,77.60370786334406,13.036992454186121,39.106598270000006,43.04928434000004,40.8296765564706,0.7322925902663088,-0.0004952946910634637,0.6546652913093567,0.14985145718443627,0.1053301093663288,-0.19548341631889343,0.3609251379966736,0.0741298122032016,0.06375186436281503,838.0,0.39295892052876463,116.67653498698185,15735.3005823846,0.06324040663008015,0.9258701877967984,0.14985145718443627,0.8571809475007464,0.7959903419052647,0.8327047052625538,999.9999999999268
1343,77.6083171017149,13.036992454186121,39.71671484000001,43.291963760000016,41.31308393176472,0.7276702625993442,0.006690881215035915,0.7622610330581665,0.16183083926930147,0.117236753278986,-0.3096926808357239,0.3086223900318146,0.05966327143650429,0.0638422447833266,932.0,0.42769601480414887,114.18253505993829,15933.541420995694,0.06403713950333002,0.9403367285634957,0.16183083926930147,0.9329547086468991,0.8060186087362321,0.8821802686826323,1117.9781192246803
1344,77.61292634008575,13.036992454186121,39.672280580000006,43.36032416000003,41.77192650588237,0.7724684030900615,0.009508460760116577,0.6923495531082153,0.1715741201547476,0.10309934986261611,-0.23333333432674408,0.3266194760799408,0.0786457766019381,0.0627374368367795,333.0,0.20194650192752497,150.89418057237378,11097.265138310046,0.044600073329020995,0.9213542233980619,0.1715741201547476,0.440516005168601,0.5613693761621265,0.4888573535660112,1414.0368807994555
1345,77.6175355784566,13.036992454186121,40.15251239000003,44.63524561999998,42.436429805882376,0.996392764484836,-0.02240120805799961,0.6667520999908447,0.1308409926470588,0.09776270984210597,-0.1455250233411789,0.34032145142555237,0.09829621558095894,0.05689971977504512,503.0,0.2284103249332461,112.98691120747849,11318.427965844865,0.0454889300160307,0.9017037844190411,0.1308409926470588,0.49824286590002853,0.5725571811731889,0.5279685920092927,1802.4637792720148
1346,77.62214481682744,13.036992454186121,39.98673842000002,42.319537070000024,41.4234008229412,0.6549499686143876,-0.026476578786969185,0.7262594699859619,0.14312765682444853,0.11399312507617854,-0.24320629239082336,0.25997012853622437,0.08594573376225491,0.06410631088583021,902.0,0.3290402005479287,90.76591985754338,16084.749783396912,0.06464484815649846,0.9140542662377451,0.14312765682444853,0.7177518466611913,0.8136676774945004,0.756118178994515,2235.6209877894453
1347,77.62675405519829,13.036992454186121,36.56017337000003,41.52826544000004,39.18336770882355,1.1908679296610063,0.008562149479985237,0.7811607718467712,0.300166015625,0.18111117693907725,-0.2892360985279083,0.2844827473163605,0.01587368891789363,0.08533501774535093,352.0,0.16561728518774163,117.06939865991718,10992.144756706664,0.044177592954852025,0.9841263110821064,0.300166015625,0.36126926765958967,0.5560517269659389,0.43918225138212935,2692.002391646849
1348,77.63136329356914,13.036992454186121,37.970106620000024,42.37935242000003,39.947839223529435,0.9659658796342555,-0.0013831258984282613,0.7103574872016907,0.17496541341145833,0.115371684683462,-0.2328581064939499,0.2946292757987976,0.059719298119638484,0.06816138369108922,583.0,0.32307811753065924,137.8857477518919,15053.019416476935,0.060498308495879324,0.9402807018803615,0.17496541341145833,0.7047464567773216,0.7614762749077556,0.7274383840294952,2692.002391646849
1349,77.63597253193998,13.036992454186121,39.53726879000001,42.79293284000002,40.827790140588256,0.7354388132917326,-0.007348029408603907,0.6505139470100403,0.16900041168811275,0.10704111047236993,-0.2367750108242035,0.3132409155368805,0.07673008937461703,0.05936466694795757,596.0,0.2679433609087867,111.86059640083381,14561.826568333214,0.05852419714746499,0.923269910625383,0.16900041168811275,0.5844782545495514,0.7366286553094975,0.6453384148535298,2235.6209877894453
1350,77.64058177031083,13.036992454186121,39.70987880000001,44.02683806000002,41.83584814500002,1.2385112365193591,-0.00789612252265215,0.7477962970733643,0.22691004826472355,0.14868177474220173,-0.25034675002098083,0.3389473557472229,0.06529489370492789,0.08360300124969242,258.0,0.2133006498774286,205.70879602340466,8336.558828982987,0.03350475368933648,0.9347051062950721,0.22691004826472355,0.4652833759784199,0.4217155101583638,0.4478562296503975,1802.4637792720148
1351,77.64519100868168,13.036992454186121,37.90174622000001,43.10739068000004,40.54669052000002,1.0657301609189875,-0.006912742741405964,0.7409224510192871,0.2554629337086397,0.14933540841061746,-0.3004840910434723,0.2801504135131836,0.03877588010301777,0.07631459709568067,417.0,0.23122911726872686,137.97069625730776,10555.885574002936,0.042424260823327585,0.9612241198969822,0.2554629337086397,0.5043916386055418,0.5339829972215321,0.5162281820519379,1414.0368807994555
1352,77.64980024705253,13.036992454186121,39.038237870000046,43.58420447000003,41.22431002823531,1.0276321556913623,0.0067965565249323845,0.7527881264686584,0.2162466490502451,0.1334903957697622,-0.21651621162891388,0.3067500591278076,0.06721274581609987,0.07179192319727933,340.0,0.19273609948040282,141.04722244045905,10645.66014521262,0.04278506615771676,0.9327872541839002,0.2162466490502451,0.42042489364512703,0.5385243589360704,0.4676646797615044,1117.9781192246803
1353,77.65440948542337,13.036992454186121,39.97819337000004,44.51561492000002,41.71962725176472,1.06954583614515,-0.014084506779909134,0.7062343955039978,0.16492828369140625,0.10465517100379135,-0.2524254024028778,0.38203486800193787,0.08845484806941106,0.06015133234172095,423.0,0.2376983247156962,139.81898437237476,11934.909343529704,0.04796657782457056,0.9115451519305889,0.16492828369140625,0.5185032443721456,0.6037426815729033,0.5525990192524487,999.9999999999268
1354,77.65901872379422,13.036992454186121,28.874755400000026,43.062956420000006,37.2304482747059,4.479213976452239,-0.15064935386180878,0.6857143044471741,0.12312503590303309,0.18876792266566328,-0.38058552145957947,0.43592438101768494,-0.025703804165709252,0.16177883417358072,128.0,0.07611120416229437,147.95137750427944,3841.1743402511265,0.015437736695443429,1.0257038041657092,0.12312503590303309,0.16602517640131442,0.19431072577266714,0.1773393961498555,999.9999999999268
1355,77.66362796216507,13.036992454186121,38.57680517000003,46.14088343000003,41.78197950588237,1.5139426812735106,-0.030525030568242073,0.6803884506225586,0.18360385071997548,0.1190284791329265,-0.20807406306266785,0.354653924703598,0.08528394512101715,0.07555850577844331,268.0,0.19329734350426772,179.46157758743155,10098.601374434422,0.040586428836908606,0.9147160548789829,0.18360385071997548,0.4216491633054475,0.5108506900592589,0.45732977400697206,999.9999999999268
1356,77.66823720053591,13.036992454186121,39.98844743000001,45.260743280000014,41.863426546470606,1.160102667711208,-0.0387907475233078,0.6771084070205688,0.1267926729642428,0.0961826696539658,-0.1473100483417511,0.46830159425735474,0.09108028705303485,0.06030750495880002,197.0,0.17847725274867723,225.42238265674902,7999.126100792563,0.03214860654557306,0.9089197129469652,0.1267926729642428,0.3893213581017119,0.4046460432437624,0.3954512321585321,1117.9781192246803
1357,77.67284643890676,13.036992454186121,40.890804710000026,45.882822919999995,43.61699499058825,1.00903387715657,-0.002481389557942748,0.5281409621238708,0.13064498602175245,0.07542666457505286,-0.1312793791294098,0.3978827893733978,0.11778997683057597,0.051969613405132266,271.0,0.221447292546221,203.32064262282438,10713.635264824028,0.043058259172521075,0.882210023169424,0.13064498602175245,0.4830540550926361,0.5419629674594505,0.5066176200393618,1414.0368807994555
1358,77.6774556772776,13.036992454186121,40.056807830000025,44.630118589999995,42.3854256147059,0.8714641195043812,-0.00803212821483612,0.5818424820899963,0.14789806889552695,0.09593011488928245,-0.13724161684513092,0.3138519823551178,0.0985043394799326,0.05744151087561272,207.0,0.147924182673293,177.80715068342477,10551.027445823685,0.04240473593405659,0.9014956605200674,0.14789806889552695,0.32267441821030035,0.533737242582771,0.4070995479592886,1802.4637792720148
1359,77.68206491564845,13.036992454186121,39.45010928000002,43.97044073000001,41.64634088176472,0.9626302927233901,-0.006954102776944637,0.6668264865875244,0.15445973115808823,0.09939760850133403,-0.16834677755832672,0.24711863696575165,0.09127881218405332,0.05534529903111209,396.0,0.24873142081129712,156.2844808362263,15116.405156951789,0.06075305672780481,0.9087211878159467,0.15445973115808823,0.5425702887145113,0.7646827238070528,0.6314152627515279,1414.0368807994555
1360,77.6866741540193,13.036992454186121,39.991865450000034,45.53076686000003,42.41562141000002,1.1511125682479402,-0.013650682754814625,0.768403947353363,0.17670406634990984,0.12858474632904465,-0.298817902803421,0.4050162434577942,0.08907153789813702,0.07127828370970062,390.0,0.21360742596703458,136.28000138491862,10517.549405032936,0.042270187191139307,0.910928462101863,0.17670406634990984,0.4659525620063263,0.5320437129933089,0.4923890224011193,1117.9781192246803
1361,77.69128339239015,13.036992454186121,39.525305720000006,44.53441403000005,42.434673487647075,1.225346233060127,-0.0025575447361916304,0.7105792760848999,0.15749331006816789,0.09884752186660818,-0.2684129476547241,0.3949349820613861,0.10020552691291361,0.057267480672958136,248.0,0.12609248936341957,126.50798186317486,10132.51720840959,0.04072273707713308,0.8997944730870864,0.15749331006816789,0.2750518536640575,0.5125663659779076,0.37005765858959755,999.9999999999268
1362,77.695892630761,13.036992454186121,39.607338200000015,42.81514996999999,41.43490263764708,0.6076633571299903,-0.016846789047122,0.6472087502479553,0.17375197466681985,0.12081490682650192,-0.18844343721866608,0.28976744413375854,0.07128049962660846,0.059774039699268054,314.0,0.17173868388840965,136.08769930538125,11070.140791406455,0.04449106017615636,0.9287195003733916,0.17375197466681985,0.3746221808119566,0.5599972563190573,0.44877221101479686,999.9999999999268
1363,77.70050186913184,13.036992454186121,0.0,44.41649234000005,17.473402090000008,20.889999270949737,-0.0005058168899267912,0.6522974967956543,0.085539797269381,0.13280332171020567,-0.17714622616767883,0.29656028747558594,0.02611910893366887,0.054707608263796136,65.0,0.031813177891731007,121.77947206234813,2431.110796772118,0.009770670381903043,0.9738808910663311,0.085539797269381,0.06939567609649834,0.12298085468405832,0.09082974753152234,1117.9781192246803
1364,77.50230461918542,13.041484010061076,40.18498358000002,44.17210391000003,41.37763601882355,0.7035220302092052,0.005295488052070141,0.7021551728248596,0.18706120509727328,0.12033298677660673,-0.2930911183357239,0.32723432779312134,0.058562514361213236,0.06219302523459371,481.0,0.22430185147880569,116.02943346587067,15012.410058732039,0.06033509888425941,0.9414374856387868,0.18706120509727328,0.48928084726530685,0.7594219985126736,0.5973373077642535,4030.065030364085
1365,77.50691385755627,13.041484010061076,39.42105611000002,43.999493900000004,40.98834115000002,0.67804154085093,-0.0042808218859136105,0.7005508542060852,0.16157827524038462,0.10379082953713104,-0.23558305203914642,0.2955628037452698,0.07055264399601863,0.05653504822965966,387.0,0.2092779319546012,134.55283716946795,14575.18728389184,0.05857789406163404,0.9294473560039813,0.16157827524038462,0.45650842017393645,0.7373045242253743,0.5688268617945116,3534.6052274688545
1366,77.51152309592712,13.041484010061076,34.969085060000026,43.558569320000004,40.91279712588237,1.8149931008540028,0.0029873040039092302,0.6808080673217773,0.19449228324142157,0.11907765863742217,-0.5134649872779846,0.30356064438819885,0.041397597369025735,0.13280140428246884,269.0,0.14385772840168,133.0642247077858,9934.070960874546,0.03992517866236857,0.9586024026309743,0.19449228324142157,0.31380405812070283,0.5025277082733276,0.38929351818175273,3040.588114788312
1367,77.51613233429796,13.041484010061076,38.199113960000005,43.348361090000026,41.249850561764724,1.1016668824044722,-0.019772209227085114,0.6536192893981934,0.15403291590073528,0.1165941263821642,-0.22429534792900085,0.2710157632827759,0.0683898806104473,0.07272363651121301,354.0,0.23577100805871087,165.71717758539162,12349.956910231002,0.04963466015649623,0.9316101193895527,0.15403291590073528,0.5142990921519958,0.6247383945429729,0.5584748131083866,2548.8526944860573
1368,77.52074157266881,13.041484010061076,38.57680517000003,45.226563080000034,41.1038691747059,1.5006178789904971,-0.006263891700655222,0.7230250239372253,0.24936328594501203,0.1506328652109363,-0.31173014640808105,0.3203149735927582,0.030034801776592547,0.09236999046077338,94.0,0.20772627521059234,549.8496713413138,4664.950732150285,0.018748506243391156,0.9699651982234074,0.24936328594501203,0.45312371371089005,0.2359825100775289,0.3662672322575456,2061.032759865995
1369,77.52535081103966,13.041484010061076,38.985258560000005,47.373079640000014,42.98568433117649,1.7153032190630202,0.0010245901066809893,0.6986037492752075,0.22921544692095588,0.16815636097104283,-0.3248216211795807,0.3322884142398834,0.044090893315333946,0.1022021318138872,26.0,0.26748310922660357,2559.78449701483,3775.3620852887593,0.015173236265771186,0.9559091066846661,0.22921544692095588,0.5834742845353532,0.1909815285288791,0.42647718213276353,1580.7574200198958
1370,77.5299600494105,13.041484010061076,37.34289995,45.06420713000003,41.49612540764708,1.7459561899697802,-0.01833740808069706,0.7542178630828857,0.2446814204197304,0.18206871376906295,-0.3445082902908325,0.3421729803085327,0.04523838118010876,0.12248517366425471,30.0,0.24849967632164507,2061.0330799098524,2980.848941310384,0.01198007614562803,0.9547616188198912,0.2446814204197304,0.5420647728683493,0.15079006311565638,0.38555488896727214,1117.794260725194
1371,77.53456928778135,13.041484010061076,36.20640829999999,44.88305207000002,40.40752151882354,2.1421983030187293,0.010315533727407455,0.81190425157547,0.3541985614483173,0.19261000923992258,-0.37530985474586487,0.38948848843574524,0.012072668809157151,0.12739323708399772,16.0,0.11693040158208272,1818.3934075522795,1099.5359906032852,0.004419051468772265,0.9879273311908429,0.3541985614483173,0.25506613333755723,0.05562143694142371,0.17528825477910384,707.0120241746375
1372,77.5391785261522,13.041484010061076,37.05578627,43.312471880000004,40.150927564117666,1.1417480597806133,0.011874469928443432,0.77385014295578,0.32468943876378675,0.17482295390973404,-0.373483270406723,0.2475292980670929,0.044662732891007965,0.10828514000407168,12.0,0.04171393060927149,864.9286002237351,1227.8129623118568,0.004934598522332012,0.955337267108992,0.32468943876378675,0.09099268319325086,0.06211049191906965,0.07943980668357839,499.9999999999634
1373,77.54378776452305,13.041484010061076,36.81652487000002,43.93284251000003,40.249588888823546,1.4813087407035517,0.0006583278300240636,0.7438971996307373,0.2824804208792892,0.14943639347079934,-0.2988835871219635,0.31577518582344055,0.07307195925245098,0.09411503102513882,65.0,0.05102769328198521,195.33180776808797,4025.3043344614844,0.01617775787557221,0.926928040747549,0.2824804208792892,0.1113092595464512,0.20362517745912523,0.1482356267115208,707.0120241746375
1374,77.54839700289389,13.041484010061076,40.11491417000002,43.17233306000003,41.41825013882355,0.7706379168585052,-0.004193671513348818,0.692448079586029,0.1465551877489277,0.10303609116300506,-0.21308258175849915,0.39229023456573486,0.074716521618413,0.06797158878908975,467.0,0.23049685301435674,122.80852334388726,14560.49282816377,0.058518836825924715,0.925283478381587,0.1465551877489277,0.5027943139627081,0.7365611863540791,0.5963010629192564,707.0120241746375
1375,77.55300624126474,13.041484010061076,37.97694266000002,42.39815153000001,40.49589494500002,0.9886474210225639,-0.009574875235557556,0.7067130208015442,0.1807347459059495,0.13580711077331148,-0.2799459397792816,0.3800131380558014,0.0524563716008113,0.08422734117969853,567.0,0.32554186936885054,142.85787435745183,14043.144884427269,0.05643960776005237,0.9475436283991887,0.1807347459059495,0.7101207618884661,0.7103904777322299,0.7102286482259716,499.9999999999634
1376,77.55761547963559,13.041484010061076,35.625344900000016,41.45819603000001,38.84422679705884,1.3746013657620437,-0.001865091733634472,0.8196573257446289,0.33687413832720586,0.20906714849917396,-0.39259737730026245,0.29519110918045044,-0.025681966145833332,0.11039741376423058,270.0,0.1804660609347573,166.30762613868615,8481.24048853837,0.03408623142687905,1.0256819661458334,0.33687413832720586,0.3936596448698236,0.4290344172903849,0.40780955383804807,499.9999999999634
1377,77.56222471800643,13.041484010061076,36.07994156000001,41.572699700000015,38.565256047058845,0.9032473034935434,0.029501525685191154,0.8343544602394104,0.3694022623697917,0.20695715196728012,-0.3720298707485199,0.23938973248004913,-0.02780008353439032,0.11508723222770513,324.0,0.18796485190353127,144.3484172576508,8712.664950884197,0.035016329776527466,1.0278000835343903,0.3694022623697917,0.4100171326679741,0.44074132024679347,0.4223068076995019,707.0120241746375
1378,77.56683395637728,13.041484010061076,35.29379696000001,38.95278737000004,37.367795908823545,0.8417545464913609,0.006963249295949936,0.8254320025444031,0.3740105496920072,0.20758521323580187,-0.40088406205177307,0.22905594110488892,-0.05632938091571514,0.10862675239499416,386.0,0.32111703414902865,206.9933670294293,12597.92710290238,0.050631256041943296,1.056329380915715,0.3740105496920072,0.7004686475118337,0.6372822844682642,0.6751941022944059,1117.794260725194
1379,77.57144319474813,13.041484010061076,36.24571553000001,40.68401450000002,38.96111361941178,0.9553757901989595,-0.025641025975346565,0.7644659876823425,0.20889715456495098,0.16424806542649723,-0.29972898960113525,0.2534501552581787,0.03652184579886642,0.08915898648091392,791.0,0.42239944764093124,132.87009569112726,15889.257464571587,0.06385916162506919,0.9634781542011336,0.20889715456495098,0.9214010417817747,0.8037784480586277,0.8743520042925159,1580.7574200198958
1380,77.57605243311897,13.041484010061076,37.310428760000036,40.73357579,39.18481061000002,0.7818071188056485,-0.01574344001710415,0.7502681612968445,0.19042255476409314,0.14923076784545347,-0.3173367381095886,0.2201680690050125,0.03833812638825061,0.08156232499089314,744.0,0.398129558828984,133.1471505871273,17210.301004164205,0.06916845522149422,0.9616618736117494,0.19042255476409314,0.8684599194385809,0.8706051281875887,0.8693180029381841,1414.024048349275
1381,77.58066167148982,13.041484010061076,37.12756469000004,46.96120823000001,39.482314361176485,1.596916255893505,0.01745379902422428,0.7863948345184326,0.27873568021334133,0.1776768687814494,-0.3473970592021942,0.3137574791908264,0.000824136734008789,0.10256529541462309,527.0,0.3061960161374133,144.56704710924856,13616.18272196909,0.05472364049090842,0.9991758632659912,0.27873568021334133,0.6679206846365746,0.6887920496693962,0.6762692306497032,1117.9740615628828
1382,77.58527090986067,13.041484010061076,37.84193087000003,52.00620574999999,44.18672806823531,3.181157330954723,0.04466944560408592,0.7679197788238525,0.24091921338848038,0.13153859051702593,-0.29692956805229187,0.4028182625770569,0.10241404813878677,0.0993716533001548,4.0,0.016519865300736063,1027.606636086781,2462.221117396776,0.009895703222324154,0.8975859518612133,0.24091921338848038,0.03603560843463048,0.12455461011511287,0.07144320910682345,999.9999999999268
1383,77.58988014823152,13.041484010061076,32.053514000000035,44.03367410000001,41.267041191764726,2.16487046569055,-0.12684366106987,0.7407407164573669,0.2342102768841912,0.16999812028117284,-0.3806489109992981,0.39696311950683594,0.04808549170400582,0.10465541371538221,540.0,0.12028989324262719,55.42628483726264,9289.924224908384,0.03733634336820569,0.9519145082959942,0.2342102768841912,0.2623943605243366,0.46994272027679307,0.34541370442531916,1117.9740615628828
1384,77.59448938660236,13.041484010061076,40.224290810000014,45.91871213000002,43.17053469000002,1.2053152670605212,-0.0030816642101854086,0.6945996284484863,0.16360818716195913,0.10554959659091022,-0.2431693971157074,0.2543725073337555,0.09015466543344351,0.055810972417875186,462.0,0.1705482831535498,91.85139699183624,9187.960417163922,0.036926549311234846,0.9098453345665565,0.16360818716195913,0.3720255001501721,0.4647847504138382,0.4091292002556386,1117.794260725194
1385,77.59909862497321,13.041484010061076,40.444753100000014,44.86767098000004,42.378613228823546,1.155069300429123,0.0027010180056095123,0.5783551931381226,0.16036096909466913,0.09545318707236294,-0.08759670704603195,0.30621102452278137,0.09189457912071078,0.057614254058517465,437.0,0.15939240584906536,90.75416776342273,9528.025129287891,0.0382932744374988,0.9081054208792892,0.16036096909466913,0.34769062701586934,0.4819873596081299,0.4014093200527735,707.0120241746375
1386,77.60370786334406,13.041484010061076,37.58728838000002,43.25778356000001,41.24105123000002,1.2632730441923548,-0.051094889640808105,0.718725323677063,0.20688376034007352,0.13281792952050778,-0.30392348766326904,0.592476487159729,0.06920285094018076,0.0848377393181175,331.0,0.1487436764044962,111.81264145894143,6772.428618906523,0.02721849115563164,0.9307971490598193,0.20688376034007352,0.3244620208738013,0.34259197933131935,0.3317140042568085,499.9999999999634
1387,77.6083171017149,13.041484010061076,32.990051480000034,43.32956198000002,40.41187979000002,1.8302008304280593,-0.0501885712146759,0.7255139350891113,0.21546492034313725,0.1319674355424498,-0.4791666567325592,0.47963204979896545,0.04842838062959559,0.0987437197713362,203.0,0.15926121614051378,195.20654708046035,5406.356799777424,0.021728228235307723,0.9515716193704045,0.21546492034313725,0.34740445634304873,0.273487485986399,0.31783766820038883,707.0120241746375
1388,77.61292634008575,13.041484010061076,31.694621900000016,44.592520370000045,41.52953093529413,2.18124062458544,-0.009821753017604351,0.6587324142456055,0.1809668673001803,0.12254473415570792,-0.5089974403381348,0.39698493480682373,0.06669137807992788,0.11197813130376852,216.0,0.14848281821444945,171.04202925830572,8427.1573109581,0.033868870333322816,0.9333086219200721,0.1809668673001803,0.3238929978568236,0.4262985504546642,0.36485521889595984,1117.794260725194
1389,77.6175355784566,13.041484010061076,39.38003987000002,44.88305207000002,42.28906465294119,1.2218897115503096,-0.03432494401931763,0.6487570405006409,0.14773578718596814,0.1080310340297876,-0.22963586449623108,0.4672709107398987,0.10051212086397059,0.07707786100917918,60.0,0.15790811487226805,654.8375699224229,5124.853545090725,0.020596862475825036,0.8994878791360295,0.14773578718596814,0.3444528688701937,0.25924728315250095,0.31037063458311664,1580.7574200198958
1390,77.62214481682744,13.041484010061076,39.69107969000001,42.81856799000002,41.078381862941185,0.7706832473275589,-0.03987884894013405,0.7056320309638977,0.145257017846201,0.11661531203768812,-0.24116575717926025,0.5116198658943176,0.07608114205154719,0.07965897639186721,352.0,0.2707675430425011,191.39664923667678,11672.106375747084,0.04691036879575987,0.9239188579484529,0.145257017846201,0.5906387842915268,0.5904484567130879,0.5905626532601512,2061.032759865995
1391,77.62675405519829,13.041484010061076,39.90812396000001,44.997555740000024,41.82070721000002,1.127273089836697,-0.013068478554487228,0.7355411648750305,0.16399559607872596,0.1081789636943243,-0.2241029143333435,0.35110875964164734,0.08865728525015024,0.0688486997652444,326.0,0.2501581726301494,190.93145643110083,9747.809409106398,0.039176590720772196,0.9113427147498497,0.16399559607872596,0.545682533817095,0.4931054290166027,0.5246516918968981,2548.8526944860573
1392,77.63136329356914,13.041484010061076,39.49625255000001,46.116957290000016,41.95943861000002,1.7002243711995213,-0.018844984471797943,0.6848331093788147,0.2091744456571691,0.11753744314882518,-0.3196558654308319,0.4286666810512543,0.0774943572399663,0.08669507203569161,189.0,0.10839823368340358,142.7055261260514,10006.938224664713,0.04021803327725087,0.9225056427600337,0.2091744456571691,0.23645448875703962,0.5062137921783894,0.34435821012557954,2548.8526944860573
1393,77.63597253193998,13.041484010061076,41.16082829000004,46.815942380000024,43.34297977823531,1.3078354079471657,-0.015290520153939724,0.7640129327774048,0.19043533624387254,0.11900817619162826,-0.3968428373336792,0.4424242377281189,0.09059466193704044,0.08088399435199878,41.0,0.04211105409592326,255.55986230889357,9640.883795830989,0.03874685509371481,0.9094053380629595,0.19043533624387254,0.09185894851712978,0.48769645986320737,0.2501939530555608,2061.032759865995
1394,77.64058177031083,13.041484010061076,39.344150660000025,45.44189834000002,41.81168743500002,1.2401666687519453,-0.045066043734550476,0.7625024914741516,0.1584363262469952,0.12871787927039924,-0.4768621623516083,0.4816611111164093,0.08989336453951322,0.09405202736147052,61.0,0.1137784700088064,464.09901226622196,5427.743662774636,0.021814182355180053,0.9101066354604868,0.1584363262469952,0.24819066735041792,0.27456936785451463,0.2587421475520566,1580.7574200198958
1395,77.64519100868168,13.041484010061076,37.387334210000006,43.74314240000001,41.33370440882355,1.1714035996705934,0.007871631532907486,0.7220043540000916,0.23979793772977942,0.1275200635791632,-0.44497257471084595,0.43458521366119385,0.06930866316253063,0.0860731618139438,195.0,0.12291533896392154,156.8382043685699,4621.574849367923,0.018574177926576785,0.9306913368374694,0.23979793772977942,0.2681213765899412,0.23378828546862454,0.25438814014141453,1117.794260725194
1396,77.64980024705253,13.041484010061076,38.85879182000002,43.33298000000002,41.51324507529413,1.0610057271785416,0.004109077155590057,0.6606624126434326,0.20072881960401348,0.11755788194333146,-0.2377895563840866,0.25931501388549805,0.07747825472962623,0.060078056577905006,236.0,0.18635065576459797,196.4713874413647,8910.426586349173,0.03581113672521936,0.9225217452703738,0.20072881960401348,0.40649600589482177,0.4507453459726024,0.424195741925934,707.0120241746375
1397,77.65440948542337,13.041484010061076,36.30894890000002,42.73311749000004,40.357611330588256,1.0136741194832535,-0.03796152025461197,0.7539874315261841,0.22869300255408653,0.15917428742198325,-0.31082653999328613,0.23250995576381683,0.05649956336388221,0.07592444109748406,292.0,0.21181200088065574,180.48790378925472,9152.300224070706,0.03678323046582005,0.9435004366361178,0.22869300255408653,0.4620361114658017,0.4629808338541219,0.4624140004211298,499.9999999999634
1398,77.65901872379422,13.041484010061076,39.18179471000002,45.32568565999998,42.02426863294119,1.1579393685535146,-0.025039957836270332,0.7171795964241028,0.23899672564338234,0.1421383106384959,-0.20783668756484985,0.3424365222454071,0.08416231641582414,0.0695896837033148,117.0,0.08261282165214197,175.68795339077508,6264.195568814662,0.02517589498262708,0.9158376835841758,0.23899672564338234,0.18020747981546234,0.3168823592835739,0.23487743160270697,499.9999999999634
1399,77.66362796216507,13.041484010061076,39.564612950000026,46.569844940000024,42.27460607352943,1.811428324126297,-0.053694844245910645,0.6638935208320618,0.18054546281403186,0.10855320462113542,-0.15340253710746765,0.2891240417957306,0.09225438735064338,0.062053490340000544,226.0,0.1756427459356188,193.3758201292638,9145.454526113754,0.03675571750410713,0.9077456126493566,0.18054546281403186,0.3831383066202864,0.4626345354514441,0.4149367981527495,499.9999999999634
1400,77.66823720053591,13.041484010061076,40.01066456000004,47.032986650000026,42.53035439352943,1.5582998978362375,-0.008045771159231663,0.6830786466598511,0.18190754817082333,0.10252959213003164,-0.2313847541809082,0.2510893940925598,0.08425133925217848,0.06701085613979968,440.0,0.2140209026652219,121.02745602800012,13182.748869312616,0.052981663402785734,0.9157486607478216,0.18190754817082333,0.4668544994084465,0.6668662428655799,0.5468591967912999,707.0120241746375
1401,77.67284643890676,13.041484010061076,40.017500600000005,46.75270901000002,42.56637370117649,1.4002893561075904,-0.010004168376326561,0.722645103931427,0.18152751847809437,0.12213913753350378,-0.19953051209449768,0.28798115253448486,0.08510718252144608,0.06533254985442327,309.0,0.18858254116658738,151.85300615286658,10788.092400740294,0.04335750350707971,0.9148928174785539,0.18152751847809437,0.4113645291516957,0.5457294770831449,0.46511050832427536,1117.794260725194
1402,77.6774556772776,13.041484010061076,41.205262550000015,45.37182893000005,42.89505949294119,1.0068505603924807,-0.01007706020027399,0.5989257097244263,0.14442591050091913,0.09170445578173486,-0.14818386733531952,0.4291614890098572,0.09732135847503064,0.05768079530217119,433.0,0.27072170264408746,155.5663155934494,10791.433603840218,0.043370931851938244,0.9026786415249693,0.14442591050091913,0.5905387903377233,0.5458984961231028,0.572682672651875,1580.7574200198958
1403,77.68206491564845,13.041484010061076,40.407154880000036,44.70531503000004,42.31740819941178,1.0016395506930276,-0.022954680025577545,0.6120783686637878,0.1749664306640625,0.13216892579783868,-0.19519934058189392,0.31036368012428284,0.09027674057904411,0.06824389979640012,283.0,0.15885437000275743,139.66678000911216,12546.437367928516,0.05042431803272169,0.9097232594209559,0.1749664306640625,0.3465169825140293,0.6346776102498168,0.46178123360834433,1117.794260725194
1404,77.6866741540193,13.041484010061076,40.53703964000002,46.63307831000003,42.79797051000003,1.607515353287341,-0.0031999999191612005,0.5869891047477722,0.15267555823692908,0.07633660678831916,-0.12656505405902863,0.2998306155204773,0.10674229548527644,0.05193300131362909,370.0,0.15818017736196618,106.37283248884079,12965.46467798896,0.052108395012286784,0.8932577045147235,0.15267555823692908,0.34504633238639293,0.6558746436370309,0.4693776568866481,707.0120241746375
1405,77.69128339239015,13.041484010061076,40.48235132000002,46.185317690000005,42.6087027447059,1.224120602369121,-0.004889975767582655,0.6362459659576416,0.15557598039215687,0.0991533202868602,-0.16821345686912537,0.3623518645763397,0.1017269837622549,0.0563293026096676,247.0,0.09061532073048163,91.28198348027378,14118.490746527488,0.05674242389833739,0.8982730162377451,0.15557598039215687,0.1976637313063683,0.7142019447086815,0.4042790166672936,499.9999999999634
1406,77.695892630761,13.041484010061076,40.46355220999999,44.32591481000003,42.3884415147059,0.9211495642521336,-0.022190408781170845,0.7879205346107483,0.18431063782935048,0.14562183420485675,-0.3208722770214081,0.2867303490638733,0.085760025323606,0.0830223819183184,121.0,0.04837052102257603,99.46625914841829,11378.642709915686,0.045730933966335145,0.914239974676394,0.18431063782935048,0.10551303679642883,0.5756032211563289,0.29354911054038885,499.9999999999634
1407,77.70050186913184,13.041484010061076,0.0,44.34984094999999,17.711492611176478,21.175802615902157,0.0,0.6607843041419983,0.08157467181865985,0.11810664946342185,-0.13538874685764313,0.3421304225921631,0.04275824033297025,0.0649340055275737,19.0,0.010665836417532736,139.67597361748653,2114.2111082504084,0.008497045829379777,0.9572417596670297,0.08157467181865985,0.023265922437812277,0.10695007789048018,0.05673958461887944,707.0120241746375
1408,77.50230461918542,13.04597556593603,37.36682609000002,46.604025140000005,41.61074402187502,2.0033043842634664,-0.0202395711094141,0.7505030035972595,0.22495806525735293,0.15563298221018368,-0.31165990233421326,0.38837921619415283,0.05698051303040748,0.108310384072353,167.0,0.18818018643904258,280.37404866210227,6864.000675891889,0.027586520612036838,0.9430194869695925,0.22495806525735293,0.4104868526604122,0.3472242691669739,0.38518181926303685,3998.8552496616494
1409,77.50691385755627,13.04597556593603,39.35782274000002,45.011227820000045,41.86257271906251,1.1107720058644428,-0.02149837091565132,0.7286608219146729,0.2038824462890625,0.15510959447509426,-0.2763759195804596,0.31486275792121887,0.06969190157376803,0.08842904853749947,212.0,0.17661146970031932,207.28287961785267,10034.107316595371,0.04032722626104352,0.930308098426232,0.2038824462890625,0.3852514322197133,0.5075881755059853,0.4341861295342221,3498.998343453943
1410,77.51152309592712,13.04597556593603,39.83976356000002,43.06637444000003,41.33526668937502,0.8646478916628494,-0.002314814832061529,0.754229724407196,0.11685581581265318,0.09279490114389045,-0.29733288288116455,0.2935080826282501,0.09013109394148285,0.06105960448907078,530.0,0.24166435648656412,113.45329677292128,18486.305106636733,0.0742967346515262,0.9098689060585171,0.11685581581265318,0.527154547838157,0.9351534306799271,0.690354100974865,2999.1414372462373
1411,77.51613233429796,13.04597556593603,39.39712997000001,41.8974116,41.08727802875002,0.41530403390223075,0.0022271715570241213,0.5277314782142639,0.11880626005284926,0.07563188139150226,-0.19373679161071777,0.2513507604598999,0.08156008851294425,0.045906780758439764,648.0,0.2616961485149931,100.48534196156463,18266.61054896424,0.07341377896288954,0.9184399114870557,0.11880626005284926,0.5708508976956983,0.9240398999811731,0.7121264986098883,2499.284531038531
1412,77.52074157266881,13.04597556593603,39.335605610000016,45.21801803000005,41.56913088500002,1.1544570987992915,-0.010730709880590439,0.7837254405021667,0.23201329157902645,0.16513875584958565,-0.37991857528686523,0.3335542678833008,0.058783856905423676,0.09799424574502777,270.0,0.168548694904598,155.325235078363,10414.953082112403,0.041857851046286185,0.9412161430945764,0.23201329157902645,0.36766369829174506,0.5268537465397185,0.4313397175909345,1999.4276248308247
1413,77.52535081103966,13.04597556593603,37.689828980000016,47.28592013000002,42.814546790000016,2.0475597841097732,-0.018176693469285965,0.7821389436721802,0.25419964958639707,0.17859149554532713,-0.3539956510066986,0.3062780201435089,0.05872239056755515,0.09729490539528138,23.0,0.102654003113123,1110.5252652363322,4875.4664118261,0.01959457188509933,0.9412776094324449,0.25419964958639707,0.2239243113118493,0.24663171547174684,0.2330072729758083,1499.5707186231186
1414,77.5299600494105,13.04597556593603,36.83190596000003,44.237046289999995,40.85586425187502,2.374108091568664,-0.009081435389816761,0.7510475516319275,0.27719097062653186,0.15851025905770907,-0.27426010370254517,0.26693227887153625,0.05436370849609375,0.07999529873724594,58.0,0.07355870575721841,315.5632901275139,5357.424418397124,0.021531568268142395,0.9456362915039063,0.27719097062653186,0.16045728396509476,0.2710121787762687,0.20467924188956432,999.7138124154123
1415,77.53456928778135,13.04597556593603,36.97888082000003,43.23898445000003,39.26098093437502,1.531122313809355,0.02726796083152294,0.8417234420776367,0.3768437312199519,0.18971414920725352,-0.37530985474586487,0.3417840301990509,-0.00793410741365873,0.11694901855045926,18.0,0.04519450959039898,624.7317278564597,3402.5925292741213,0.013675069886409425,1.0079341074136587,0.3768437312199519,0.09858504420869613,0.1721245029010281,0.12800082768562893,499.8569062077062
1416,77.5391785261522,13.04597556593603,35.63218094000004,41.40692573000001,38.04750215375002,1.2476039282552256,0.013232514262199402,0.8224322199821472,0.4672345090379902,0.18128455324162787,-0.37690916657447815,0.23363745212554932,-0.05831821217256434,0.10509084805616803,17.0,0.03952150800229246,578.4488682099251,4324.554651991284,0.017380449344075264,1.0583182121725643,0.4672345090379902,0.08621024210489599,0.21876313820659676,0.1392314005455763,0.0
1417,77.54378776452305,13.04597556593603,36.26964167000003,42.23579558000003,38.935584173750016,1.19232561976551,-0.02797035686671734,0.8086956739425659,0.3140188179764093,0.19240182806323122,-0.3546484410762787,0.25126904249191284,-0.006548536712048101,0.09964587520645417,175.0,0.14440085052555007,205.31094039855367,10131.16060841795,0.04071728488162804,1.0065485367120481,0.3140188179764093,0.3149887975741834,0.5124977406290926,0.39399237479614707,499.8569062077062
1418,77.54839700289389,13.04597556593603,38.33412575000003,42.30757399999999,40.56962392625002,0.8257831093163275,-0.04267844185233116,0.7740192413330078,0.21798447552849265,0.1693481082673523,-0.28088846802711487,0.2650580108165741,0.0506057799096201,0.08517228953784989,46.0,0.05459117624978527,295.2874639362506,17630.04855627558,0.07085542686455394,0.9493942200903799,0.21798447552849265,0.11908246317453382,0.8918385959418093,0.428184916281444,499.8569062077062
1419,77.55300624126474,13.04597556593603,34.81698317000004,42.11958290000001,38.39762021875002,1.7108216622822514,0.016934046521782875,0.8175114989280701,0.4160441706730769,0.20707708605047495,-0.39643576741218567,0.27226173877716064,-0.05416782085712139,0.11096822771362809,20.0,0.040274184089610914,501.0454756143905,5768.589214389366,0.023184045686948894,1.0541678208571215,0.4160441706730769,0.08785209209985381,0.2918114768149513,0.16943584598589279,0.0
1420,77.55761547963559,13.04597556593603,35.32114112000002,42.81344096000001,38.212176576875024,1.9417824395747558,-0.011807749979197979,0.8154868483543396,0.43796286190257355,0.20577157884811317,-0.36352962255477905,0.25820836424827576,-0.06200289857153799,0.11722230395101908,9.0,0.040327747529120994,1114.9152241173558,2851.1478194676256,0.011458805411537574,1.062002898571538,0.43796286190257355,0.08796893270947496,0.14422896567868146,0.11047294589715756,0.0
1421,77.56222471800643,13.04597556593603,35.560402520000025,43.56711437000004,39.58152712250002,1.60426573720362,-0.030540328472852707,0.8275694251060486,0.3544434311810662,0.23649485071475962,-0.39373379945755005,0.29206350445747375,-0.0332507204541973,0.1441543254286594,42.0,0.19774201807955308,1171.4670060362453,2790.201027068053,0.011213859348132666,1.0332507204541974,0.3544434311810662,0.43134455426043333,0.14114589409284378,0.3152650901933975,499.8569062077062
1422,77.56683395637728,13.04597556593603,36.31236692000002,41.20355354,39.54046061750002,1.1335643430583537,0.007779506500810385,0.8101378679275513,0.24663278432992788,0.16584102983887897,-0.376240998506546,0.2757677137851715,0.034554396409254805,0.09253484540481682,409.0,0.2315472141067675,140.86290538446687,13890.533232831667,0.05582625926677996,0.9654456035907452,0.24663278432992788,0.505085519148225,0.7026704217920019,0.5841194802057358,999.7138124154123
1423,77.57144319474813,13.04597556593603,35.650980050000044,42.06831260000004,39.07109233062502,1.6466500700839442,-0.03150524944067001,0.7924151420593262,0.23046156939338236,0.1671096161585153,-0.3111913502216339,0.45216354727745056,0.03475246953029259,0.09741546319145869,276.0,0.20167520762986982,181.8125342190726,10393.984053725453,0.041773576209915224,0.9652475304697075,0.23046156939338236,0.43992421734812687,0.5257930013707426,0.4742717309571732,1499.5707186231186
1424,77.57605243311897,13.04597556593603,37.31213777000005,42.98775998000002,40.45689209750002,1.23394678677377,-0.03393770381808281,0.806665301322937,0.2232888853783701,0.167144797783564,-0.35443824529647827,0.3296823799610138,0.04179263545017616,0.09025745386996194,519.0,0.251943202727543,120.78574369594294,15080.590338366696,0.06060911644024275,0.9582073645498238,0.2232888853783701,0.5495763092482324,0.7628709853187052,0.6348941796764216,1802.6169051503507
1425,77.58066167148982,13.04597556593603,31.470741590000046,42.30928301,39.55876964375002,1.7644954763905862,-0.06021251529455185,0.787048876285553,0.2820496779221755,0.1704791175594334,-0.4763880670070648,0.3821624219417572,0.028403734060434196,0.108214531696846,203.0,0.1618251496653327,198.3491616005087,7598.115132589883,0.0305369375113857,0.9715962659395658,0.2820496779221755,0.35299729277790026,0.384360389594111,0.36554253150438454,1581.0935856815086
1426,77.58527090986067,13.04597556593603,28.437248840000024,40.12858625000001,31.652242221875017,3.3068631824994474,-0.26080000400543213,0.7827957272529602,0.059385794845281864,0.31577928403781924,-0.6001734733581543,0.47058823704719543,-0.15742264093137254,0.13185712188384863,0.0,0.0,0.0,737.017761988825,0.0029620853264120824,1.1574226409313726,0.059385794845281864,0.0,0.03728298784533499,0.014913195138133998,1499.9999999998902
1427,77.58988014823152,13.04597556593603,28.70385440000001,42.389606480000026,33.306890624375015,4.328513095051339,-0.26605504751205444,0.8476836085319519,0.08282221177045036,0.27502940487863775,-0.5562435388565063,0.4389009475708008,-0.11585978190104167,0.1644937505602876,4.0,0.0057091496806235915,355.1336522072083,2944.8501618217165,0.011835396516463622,1.1158597819010416,0.08282221177045036,0.01245365374598307,0.14896901872928892,0.06705979973930541,1499.5707186231186
1428,77.59448938660236,13.04597556593603,37.91200028,43.82346587000001,41.89823643468752,1.1852995617990743,0.01786681078374386,0.787802517414093,0.2725635235126202,0.1723524118704353,-0.35151341557502747,0.29921409487724304,0.05942149235652043,0.1081204032327837,61.0,0.08407272439702428,342.9301549596271,1970.4233887501748,0.007919160850189334,0.9405785076434796,0.2725635235126202,0.1833920386910651,0.09967639186157151,0.14990577995926768,999.7138124154123
1429,77.59909862497321,13.04597556593603,39.29971640000002,44.228501240000014,41.792225804375015,1.017757338360366,0.006472492124885321,0.7300786972045898,0.20294366574754902,0.1267277332561056,-0.35496771335601807,0.3663528561592102,0.08034969554227941,0.07417058303183122,182.0,0.1970409950813329,269.3801520744003,6994.717531027986,0.028111873593311718,0.9196503044577206,0.20294366574754902,0.4298153777321957,0.3538367487740712,0.39942392614894584,499.8569062077062
1430,77.60370786334406,13.04597556593603,32.164599650000014,42.915981560000006,38.18862742437502,2.6803686823731967,-0.009118541143834591,0.8210645318031311,0.4298895143995098,0.21966796498334124,-0.4351687431335449,0.32873839139938354,-0.0600213623046875,0.14754613906602176,68.0,0.09098913210212123,332.93618553739407,3141.257170128762,0.012624759198498436,1.0600213623046875,0.4298895143995098,0.1984791447477973,0.15890451890460383,0.1826492944105199,0.0
1431,77.6083171017149,13.04597556593603,28.532953399999997,42.49043807000004,34.11650897937502,4.414134403531068,0.0346565842628479,0.7559681534767151,0.2735491584329044,0.18301922328160294,-0.546308696269989,0.34224289655685425,-0.22654986213235295,0.22196873316533372,34.0,0.06343129097213664,464.1998790860733,893.3062414377345,0.003590211045409192,1.226549862132353,0.2735491584329044,0.13836584756373174,0.04518904083371322,0.10109512487172434,499.8569062077062
1432,77.61292634008575,13.04597556593603,28.937988770000004,44.99926475000004,40.04947542312502,4.5297920935541205,-0.003710575168952346,0.6944293975830078,0.1781410099909856,0.10693995703104443,-0.5099714994430542,0.36845529079437256,-0.0015905086810772235,0.19863292726814852,40.0,0.08802914157037682,547.5791018871771,2021.239265200032,0.00812339061199957,1.0015905086810772,0.1781410099909856,0.1920223693546346,0.10224697808315404,0.15611221284604238,999.7138124154123
1433,77.6175355784566,13.04597556593603,39.20401184000002,43.17404207000001,40.98444212187502,0.9000312695234043,-0.046608563512563705,0.6298733949661255,0.1524377680759804,0.1281679236678292,-0.29416030645370483,0.3912772536277771,0.06306013518688726,0.09604437885726021,19.0,0.20324399363357742,2661.610546174405,1375.9921267978978,0.005530132784111119,0.9369398648131128,0.1524377680759804,0.4433462887220876,0.06960632481942888,0.29385030316102406,1499.5707186231186
1434,77.62214481682744,13.04597556593603,39.02798381000002,43.507299020000005,40.84921670562502,0.7376878785093793,-0.0409538634121418,0.7718612551689148,0.2021143056832108,0.17213114034753987,-0.332601934671402,0.4559338092803955,0.010692977905273437,0.09829462409424025,111.0,0.34990452199997074,784.3446995388242,1670.2283672597864,0.006712672602444605,0.9893070220947265,0.2021143056832108,0.7632642345900776,0.0844906420537861,0.491754797575561,1999.4276248308247
1435,77.62675405519829,13.04597556593603,39.60904721000003,43.914043400000025,41.89202696187502,1.0954793446399604,-0.023132696747779846,0.732501745223999,0.19056851900540867,0.14438941544263784,-0.3132549524307251,0.3932766318321228,0.06427278371957632,0.0874697163896081,325.0,0.20996652063542662,160.74855596489482,5486.641043613432,0.022050891803098827,0.9357272162804237,0.19056851900540867,0.45801047310372867,0.27754876733059974,0.3858257907944771,2499.284531038531
1436,77.63136329356914,13.04597556593603,41.394962660000004,46.28614928000002,43.45788224187502,1.1754958036978465,-0.013527575880289078,0.5932203531265259,0.13407138001685048,0.07776819016203494,-0.07806112617254257,0.2998976409435272,0.11420280905330882,0.0407775520538481,269.0,0.1355133566317792,125.34592293441777,15658.935687696468,0.06293349498469683,0.8857971909466912,0.13407138001685048,0.2956020626286614,0.7921273258596472,0.4942121679210557,2499.284531038531
1437,77.63597253193998,13.04597556593603,41.499212270000015,45.97169144,43.77530571687502,0.9016729224819507,-0.013373403809964657,0.5590764880180359,0.15286728802849264,0.0858918680016041,-0.08579272776842117,0.2890625,0.10669153550091912,0.04501135126850786,133.0,0.10637690788421013,199.01055505622654,15033.324025108122,0.060419152425591316,0.8933084644990809,0.15286728802849264,0.23204526969304964,0.760479958299278,0.443419145135541,1999.4276248308247
1438,77.64058177031083,13.04597556593603,39.56119493,45.13256753000002,42.381874396562516,1.2690356968743375,-0.010392813012003899,0.6232339143753052,0.19279474111703726,0.1175831747541703,-0.18216422200202942,0.2746894657611847,0.07454431973970853,0.06476657406848882,276.0,0.1642219648784845,148.04800232951706,13884.007922808833,0.055800033948930405,0.9254556802602915,0.19279474111703726,0.35822558568095775,0.7023403306234908,0.49587148365797096,1499.5707186231186
1439,77.64519100868168,13.04597556593603,37.317264800000004,43.64401982000001,40.84773388812502,1.519444974287299,-0.00671140942722559,0.7105751633644104,0.24866431142769607,0.1340500158135419,-0.2890625,0.45778530836105347,0.05096041211894914,0.09791713212873275,115.0,0.1118351006728599,241.96953079481577,4782.3822940570635,0.01922046543395812,0.9490395878810509,0.24866431142769607,0.2439514986187627,0.24192293610391755,0.24314007361282464,999.7138124154123
1440,77.64980024705253,13.04597556593603,35.69712332,48.46342802000001,41.743085483750015,2.467129230165888,0.023139221593737602,0.8208654522895813,0.28686348709405635,0.1490043109281781,-0.42429807782173157,0.40566688776016235,0.0816608922621783,0.1279213400987416,2.0,0.0010034200578936943,124.83408205855038,6829.588860360676,0.027448219014575812,0.9183391077378217,0.28686348709405635,0.0021888103591317003,0.3454835033858019,0.13950668756979978,499.8569062077062
1441,77.65440948542337,13.04597556593603,34.21882967000002,48.11308097000003,38.14798817187502,3.5249714409879362,0.10376282781362534,0.863755464553833,0.5250738055889423,0.198838775065289,-0.471994012594223,0.43361297249794006,-0.09192619910606971,0.17608967871372946,3.0,0.0010436857458509306,86.56231988185452,55.34394287053567,0.0002224281279737841,1.0919261991060698,0.5250738055889423,0.002276643918193065,0.002799644263371745,0.002485844056264537,0.0
1442,77.65901872379422,13.04597556593603,28.572260630000017,43.27145564000003,32.72023524312502,3.1191351031880465,0.08870138227939606,0.8701121807098389,0.6254088637408088,0.14383540820297802,-0.8147938847541809,0.18200983107089996,-0.39638221890318626,0.2718468748640791,0.0,0.0,0.0,0.0,0.0,1.3963822189031863,0.6254088637408088,0.0,0.0,0.0,0.0
1443,77.66362796216507,13.04597556593603,28.43553983000004,46.32545651000001,33.420388994375024,5.566739781983749,0.03928571566939354,0.7409502267837524,0.44027980430453434,0.1471384387294869,-0.813318133354187,0.3579545319080353,-0.43983652152267155,0.38286374399210016,23.0,0.015989607265449596,172.97779249700014,647.0412194952116,0.0026004682664345423,1.4398365215226716,0.44027980430453434,0.03487893006098489,0.032731409154609335,0.034019921698434666,0.0
1444,77.66823720053591,13.04597556593603,28.25438477,44.00120291000002,35.03046490812502,5.26782724204474,0.047800417989492416,0.7702335715293884,0.38770730825570915,0.12790050890512095,-0.746170699596405,0.26978418231010437,-0.2682477276141827,0.35690843309938575,52.0,0.020622461529731018,98.67736595915092,1629.6139736920354,0.006549442751777879,1.2682477276141828,0.38770730825570915,0.044984806783533886,0.08243611091515247,0.059965328436181325,499.8569062077062
1445,77.67284643890676,13.04597556593603,41.73505564999999,44.53441403000002,43.00936136375002,0.5934909016138241,-0.004571428522467613,0.7632377743721008,0.25118116191789214,0.13623838985018571,-0.29134246706962585,0.33375823497772217,0.09142085056678921,0.07698490338692816,44.0,0.05751387100441724,325.2372738972795,1190.8854685517,0.004786186376723786,0.9085791494332108,0.25118116191789214,0.12545788342370337,0.06024246733129929,0.09937171698674173,999.7138124154123
1446,77.6774556772776,13.04597556593603,41.32318424000002,44.67113483,43.00719368562502,0.716060400483116,-0.03095388412475586,0.650325357913971,0.23194053500306372,0.12511617148724624,-0.140941321849823,0.3008130192756653,0.09929145364200367,0.06295602096020408,124.0,0.09693325484259768,194.5053271209887,3377.8508966050376,0.013575632897424509,0.9007085463579964,0.23194053500306372,0.21144535698160094,0.17087291571052945,0.19521638047317233,1499.5707186231186
1447,77.68206491564845,13.04597556593603,41.62909703,46.01954372000003,43.67045292687502,0.8925258448248136,-0.03759398311376572,0.5561395287513733,0.2013244868259804,0.10571171081630225,-0.1236979141831398,0.32283464074134827,0.1053817689185049,0.047821277842440814,239.0,0.11864081826801205,123.51412386087489,7119.453057583232,0.028613187526227733,0.8946182310814951,0.2013244868259804,0.2587971508024189,0.3601466552109139,0.2993369525658169,999.7138124154123
1448,77.6866741540193,13.04597556593603,42.29048390000003,46.05885095000002,44.29595966250002,0.6730678606628236,0.033898305147886276,0.5842534899711609,0.27193378155048076,0.08185109270047794,-0.08575712144374847,0.2794334590435028,0.12409122173602764,0.0358816914311079,25.0,0.00853710051605243,84.9670961212448,1147.1735739413161,0.004610507623384524,0.8759087782639724,0.27193378155048076,0.018622404345502743,0.058031245133536004,0.03438594066071605,499.8569062077062
1449,77.69128339239015,13.04597556593603,38.55629705000004,47.26370300000002,44.15393311250002,1.933266575442418,0.08452693372964859,0.8424376249313354,0.41155417049632353,0.16054558347096815,-0.4556567370891571,0.3037162125110626,0.04949305814855239,0.1271962964164278,0.0,0.0,0.0,182.71521175912287,0.0007343351484549167,0.9505069418514476,0.41155417049632353,0.0,0.009242883103374214,0.003697153241349686,0.0
1450,77.695892630761,13.04597556593603,37.07800340000003,44.618155520000016,41.093623985000015,1.95377701763967,0.045562878251075745,0.8327650427818298,0.43494825176164215,0.1906195240076032,-0.47228381037712097,0.35257411003112793,-0.007425828073538986,0.12711775238396733,0.0,0.0,0.0,484.3502482339718,0.0019466108377991182,1.007425828073539,0.43494825176164215,0.0,0.02450147791426764,0.009800591165707057,0.0
1451,77.70050186913184,13.04597556593603,0.0,44.838617810000045,17.836928549080895,21.33228437013486,-0.006503251846879721,0.8392801880836487,0.08677893418532151,0.159833950778325,-0.4637036919593811,0.33070212602615356,0.040805147611177886,0.10007416946467029,0.0,0.0,0.0,1109.356523152028,0.004458520334870806,0.9591948523888221,0.08677893418532151,0.0,0.05611822116364039,0.022447288465456156,499.8569062077062
1452,77.50230461918542,13.050467121810986,0.0,47.157744380000025,17.59937209352942,21.088127011270085,0.0,0.7119265794754028,0.07045492733226102,0.12188392197532483,-0.2371954321861267,0.31815657019615173,0.01331068001541437,0.05093140581519241,169.0,0.19934840487465583,293.4988811231546,4096.264717573805,0.016462948708702727,0.9866893199845856,0.07045492733226102,0.43484864612129764,0.20721479936177492,0.3437951074174886,4029.9208777025024
1453,77.50691385755627,13.050467121810986,0.0,42.299028950000036,17.05999710470589,20.39337317481765,0.0,0.6581196784973145,0.06379144521859977,0.10406866436473404,-0.1782178282737732,0.29308390617370605,0.03020336444561298,0.05570763430405655,110.0,0.07336844923228084,165.95756120498504,5025.460476673067,0.020197400258371072,0.969796635554387,0.06379144521859977,0.16004226789141776,0.2542193574323305,0.19771310370778286,3534.4793900290815
1454,77.51152309592712,13.050467121810986,0.0,41.42230682000002,16.660534250588242,19.916557758680728,0.0,0.7455608248710632,0.05522806803385417,0.10583019945381052,-0.2889626622200012,0.1937035471200943,0.027039531632965685,0.05690052510925606,1.0,0.0008752626964203686,217.78040892880776,6721.65838550461,0.02701444483390866,0.9729604683670343,0.05522806803385417,0.0019092542966580922,0.34002370202180043,0.13715503338671506,3040.480641741556
1455,77.51613233429796,13.050467121810986,0.0,42.08369369000002,16.84948925588236,20.14012775085999,-0.0013568521244451404,0.534656286239624,0.04621477912454044,0.07337535682852497,-0.15383152663707733,0.24225865304470062,0.03090130974264706,0.04928558253650899,165.0,0.03602339014010413,54.322659913029895,6610.023458075739,0.026565782403359054,0.969098690257353,0.04621477912454044,0.07857962265097171,0.3343765061778167,0.18089837606170972,2548.7636617263856
1456,77.52074157266881,13.050467121810986,0.0,43.249238510000055,16.729196240588244,20.012279720566443,0.0,0.7747800350189209,0.12233710655799279,0.1857262625126219,-0.3527045249938965,0.3684925436973572,0.018843539311335637,0.06941199321747181,58.0,0.027610436931329307,118.4474390925984,153.62849195329812,0.0006174351897649123,0.9811564606886644,0.12233710655799279,0.06022802703615942,0.007771494112619237,0.039245413866743344,2060.962292264368
1457,77.52535081103966,13.050467121810986,0.0,41.88544853000002,16.098648426470596,19.252902171813602,0.0,0.7484586834907532,0.1768499396829044,0.23384655790112344,-0.28326648473739624,0.24072153866291046,-0.006058504815195121,0.05562147667817831,18.0,0.026783270267865353,370.2298988026778,0.0,0.0,1.006058504815195,0.1768499396829044,0.0584236870217503,0.0,0.035054212213050176,1580.705738966383
1458,77.5299600494105,13.050467121810986,0.0,42.216996470000026,15.937368738823539,19.062820631874487,0.0,0.8061767816543579,0.18076703239889705,0.23648081758900535,-0.3518548905849457,0.2649572789669037,0.001693741293514476,0.07309552262693389,25.0,0.03355391731329597,333.95166335951916,0.0,0.0,0.9983062587064855,0.18076703239889705,0.07319283806121757,0.0,0.04391570283673054,1117.7617780787964
1459,77.53456928778135,13.050467121810986,0.0,42.358844300000015,16.68267450470589,19.949813102604086,0.0,0.7766788005828857,0.14201065063476562,0.19730797541601697,-0.30612245202064514,0.2638436555862427,0.023317391322209283,0.06803266154524608,13.0,0.06335931841228906,1212.6836829596189,822.0420969253084,0.0033037993907023304,0.9766826086777907,0.14201065063476562,0.1382088502191717,0.04158405277142381,0.09955893124007255,706.9991853838593
1460,77.5391785261522,13.050467121810986,0.0,39.58853909000001,15.033361584117653,17.980011541825522,0.0,0.826306164264679,0.23302085726868874,0.2957196478963839,-0.38015735149383545,0.2242540866136551,-0.04655382941750919,0.09151490311541038,1.0,0.004775812418134914,1188.30424927555,3980.2261613639566,0.015996588028710804,1.0465538294175092,0.23302085726868874,0.010417718493714801,0.20134484031345068,0.08678856722160916,499.9999999999634
1461,77.54378776452305,13.050467121810986,0.0,42.23579558000003,16.208456754117655,19.39211435231077,0.0,0.7799227833747864,0.16542853860294118,0.2308217821115412,-0.30743616819381714,0.2508487403392792,-0.010107057608810126,0.07141159292822262,6.0,0.034757945477142387,1441.395749050593,2944.111311330583,0.011832427065371569,1.01010705760881,0.16542853860294118,0.07581924491543711,0.14893164303049145,0.10506420416145884,706.9991853838593
1462,77.54839700289389,13.050467121810986,0.0,41.33856533000005,15.842716787058833,18.94664369203453,0.0,0.7477797269821167,0.17001481598498774,0.22925577525753146,-0.3000631630420685,0.20492926239967346,-0.011226616653741575,0.056568153100005646,21.0,0.030575322455688694,362.2698079408553,2790.5849498827483,0.011215402339624236,1.0112266166537416,0.17001481598498774,0.06669548012154011,0.1411653153203529,0.09648341420106524,706.9991853838593
1463,77.55300624126474,13.050467121810986,0.0,38.267474359999994,14.87530148470589,17.789837511316197,0.0,0.8441670536994934,0.2200371844951923,0.2869403296902455,-0.39908555150032043,0.2023952156305313,-0.05035028310922476,0.09724240233504895,17.0,0.02020929571295335,295.78942766555036,1155.2905486465754,0.004643129865220904,1.0503502831092248,0.2200371844951923,0.04408354752258151,0.05844185269943841,0.049826869593324274,499.9999999999634
1464,77.55761547963559,13.050467121810986,0.0,40.91643986,15.682531102352948,18.76849876258076,0.0,0.832393229007721,0.17508705288756127,0.2554836164489504,-0.3897631764411926,0.21692490577697754,-0.02866177428002451,0.08947954943823554,4.0,0.021453950216498187,1334.5279281282442,1341.001359902361,0.005389504372522381,1.0286617742800246,0.17508705288756127,0.04679857464354373,0.06783627204167096,0.05521365360279462,499.9999999999634
1465,77.56222471800643,13.050467121810986,0.0,46.22291591000001,17.512324940588243,20.957388665300545,-0.03269537538290024,0.7790868878364563,0.10513598872166054,0.19645900592144613,-0.39755964279174805,0.3258832097053528,0.015470616957720588,0.09893207595202189,13.0,0.2556824408460398,4893.70674753252,0.0,0.0,0.9845293830422794,0.10513598872166054,0.5577328963770628,0.0,0.3346397378262377,706.9991853838593
1466,77.56683395637728,13.050467121810986,0.0,41.84101427000002,16.309513058235304,19.49940638801935,-0.026151930913329124,0.7700729966163635,0.11049966665414664,0.18023328327136487,-0.3340209722518921,0.29319095611572266,0.002977298223055326,0.06679019484336188,114.0,0.12460882315451455,271.9720862964161,2408.888236269655,0.009681357581351229,0.9970227017769446,0.11049966665414664,0.27181545835583354,0.1218566979868441,0.21183195420823778,1117.7617780787964
1467,77.57144319474813,13.050467121810986,0.0,42.32295509000002,16.775286288823537,20.05348184912142,-0.008630952797830105,0.5313959717750549,0.0521365416283701,0.08370283735909463,-0.12170818448066711,0.24556690454483032,0.0324739044787837,0.05167524341394816,93.0,0.0634590307500319,169.78169916827628,5265.414547089506,0.021161779229476742,0.9675260955212163,0.0521365416283701,0.13842635772868161,0.2663577415421431,0.1895989112540662,1580.705738966383
1468,77.57605243311897,13.050467121810986,0.0,41.991407149999986,16.70665978000001,19.96962750713187,0.0,0.5297571420669556,0.056601089776731006,0.08879430316571696,-0.1638963371515274,0.2358870953321457,0.02867572260837929,0.04840380528439554,202.0,0.08518759764900376,104.93138162262399,5905.074738685441,0.023732583035213226,0.9713242773916207,0.056601089776731006,0.18582396747687582,0.29871577194301346,0.23098068926333087,2060.962292264368
1469,77.58066167148982,13.050467121810986,0.0,42.28877489000001,15.788856361176478,18.98037625301928,0.0,0.8602187037467957,0.17131568321814905,0.25506624434285485,-0.5186942219734192,0.2527964115142822,-0.026587988046499398,0.12784041697590406,34.0,0.022505942643369307,164.70192697732233,612.5592473146919,0.002461884708358481,1.0265879880464994,0.17131568321814905,0.049093338340511355,0.03098709440943907,0.041850840768082445,2061.5159102303555
1470,77.58527090986067,13.050467121810986,0.0,37.55310818000001,13.452657431764715,16.148633473181796,-0.1785714328289032,0.8556700944900513,0.09701705633425245,0.21876692745767268,-0.541201114654541,0.375963032245636,-0.05483686858532476,0.11386396405788661,0.0,0.0,0.0,0.0,0.0,1.0548368685853247,0.09701705633425245,0.0,0.0,0.0,1999.9999999998536
1471,77.58988014823152,13.050467121810986,0.0,40.537039640000046,15.319251163529419,18.35004343652774,-0.10632570832967758,0.800635814666748,0.1681072758693321,0.23705687716140533,-0.36722174286842346,0.3732852041721344,-0.020878515804515167,0.08314071570352297,12.0,0.024376734409732394,505.44588973232266,0.0,0.0,1.0208785158045153,0.1681072758693321,0.053174189989609676,0.0,0.0319045139937658,1580.705738966383
1472,77.59448938660236,13.050467121810986,0.0,41.835887240000034,16.06006428970589,19.216601725302514,-0.01343570090830326,0.7759301662445068,0.11635947594275842,0.18981616744707636,-0.36265432834625244,0.3154471516609192,-0.0014194184083205002,0.07388917674732448,68.0,0.06765484623709486,247.55425091885408,1954.3284134379282,0.007854474905480592,1.0014194184083205,0.11635947594275842,0.14757889990764372,0.09886220691259799,0.12809222270962545,1117.7617780787964
1473,77.59909862497321,13.050467121810986,0.0,42.18965231000004,16.874822815882364,20.172031989967394,0.0,0.6112708449363708,0.05641885196461397,0.0976226642688015,-0.14268167316913605,0.37147966027259827,0.035584184235217524,0.06157312581562335,135.0,0.10195983575902132,187.92118760439283,3279.1489525356137,0.013178948318985787,0.9644158157647825,0.05641885196461397,0.2224100893430178,0.1658799514010654,0.19979803416623687,706.9991853838593
1474,77.60370786334406,13.050467121810986,0.0,42.09394775000004,16.352906537058832,19.558053171403756,-0.3675038516521454,0.6883328557014465,0.09518388336780025,0.1571384662116358,-0.23042404651641846,0.4195672571659088,0.0045251296548282395,0.05704039116259921,202.0,0.15551308294874688,191.55608450705705,4540.31704642068,0.018247601610265205,0.9954748703451718,0.09518388336780025,0.33922846594600015,0.2296777553893418,0.2954081817233368,499.9999999999634
1475,77.6083171017149,13.050467121810986,0.0,42.43745876,16.502926864705888,19.747705915307833,0.0,0.7433691620826721,0.09695902506510416,0.14965565997099986,-0.3101367652416229,0.25829797983169556,0.01183575200099571,0.05156814432224352,254.0,0.14561306928366277,142.6418718139859,5446.083495405397,0.021887890414776665,0.9881642479990043,0.09695902506510416,0.31763307098133503,0.2754971117873244,0.30077868730373075,706.9991853838593
1476,77.61292634008575,13.050467121810986,0.0,42.79293284000002,17.00319371235295,20.329991726242657,0.0,0.6538246870040894,0.06464672382061298,0.10548398514285581,-0.18174274265766144,0.24406224489212036,0.03181262969970703,0.055128120642453475,187.0,0.11287260241982486,150.18526372081962,4640.74667008327,0.018651229758636152,0.968187370300293,0.06464672382061298,0.2462146530708882,0.23475811658473553,0.2416320384764271,1117.7617780787964
1477,77.6175355784566,13.050467121810986,0.0,42.10078379000004,16.626478234705893,19.87964008857342,-0.024960428476333618,0.6397415399551392,0.08858554615693934,0.13352954140216086,-0.23372243344783783,0.47065868973731995,0.017707833682789522,0.05571611448846034,73.0,0.08754710693609676,298.4003502731258,2746.869579247439,0.011039709616089197,0.9822921663172105,0.08858554615693934,0.19097088309753582,0.13895391728341486,0.17016409677188743,1580.705738966383
1478,77.62214481682744,13.050467121810986,0.0,43.26291059000002,16.894579917647064,20.19892559620848,-0.042381107807159424,0.5812328457832336,0.03795280306946998,0.08069864419424529,-0.2872563302516937,0.3985547423362732,0.016209393669577205,0.06639758533480478,17.0,0.21600194817719565,3161.4705199758614,0.0,0.0,0.9837906063304228,0.03795280306946998,0.47117585306727366,0.0,0.2827055118403642,2060.962292264368
1479,77.62675405519829,13.050467121810986,0.0,43.53977021000003,17.315859752941186,20.70416871166975,-0.031561460345983505,0.4722875952720642,0.045793638962965746,0.07438320224770016,-0.15082824230194092,0.44680851697921753,0.040992601834810696,0.06417103847617311,21.0,0.03547000350491957,420.26413216119397,3907.352185668375,0.015703706438581006,0.9590073981651893,0.045793638962965746,0.07737249270557318,0.1976584168780535,0.1254868623745653,2548.7636617263856
1480,77.63136329356914,13.050467121810986,0.0,44.618155520000016,17.981800040588244,21.49469803306143,0.0,0.5052012801170349,0.043630517697801775,0.06826957472428655,-0.03494176268577576,0.2652968168258667,0.0501630386651731,0.06669812255944522,148.0,0.055189675200155865,92.78473088549103,6407.7982834506965,0.025753036424521925,0.9498369613348269,0.043630517697801775,0.12038799886937579,0.3241466866043768,0.2018914739633762,2548.7636617263856
1481,77.63597253193998,13.050467121810986,0.0,44.38231214000001,17.60030643117648,21.045719989406912,0.0,0.5996318459510803,0.05958104152305453,0.09672305869037151,-0.13838210701942444,0.2484097182750702,0.03587148628982843,0.058685789078249076,104.0,0.0627494783120118,150.12643437868385,5161.268470410849,0.02074321460126373,0.9641285137101716,0.05958104152305453,0.13687857550680174,0.26108937880896843,0.1865628968276684,2060.962292264368
1482,77.64058177031083,13.050467121810986,0.0,45.701667859999986,17.79769182970589,21.294289743401187,-0.00027808675076812506,0.7072243094444275,0.0716103773850661,0.11949013523535718,-0.1585228145122528,0.26554542779922485,0.04034924140343299,0.061758023594430396,52.0,0.04645706921228901,222.29457009492305,4188.760413466867,0.016834690283589318,0.959650758596567,0.0716103773850661,0.10133912865984337,0.21189381265505178,0.14556100225792673,1580.705738966383
1483,77.64519100868168,13.050467121810986,0.0,42.772424720000004,16.992348299411773,20.317290321773726,0.0,0.8275538682937622,0.10050181669347426,0.16365898379321356,-0.3086705207824707,0.27299413084983826,0.0198836098465265,0.05932060642893394,57.0,0.06516165837527463,284.44457986546206,2233.2129477651915,0.008975315988963976,0.9801163901534735,0.10050181669347426,0.1421403845258915,0.11296993842169685,0.13047220608421364,1117.7617780787964
1484,77.64980024705253,13.050467121810986,0.0,47.83451234,18.23955304705883,21.819845847210388,0.0,0.5182631015777588,0.09259924196729473,0.12091331519859648,-0.04741096869111061,0.37959539890289307,0.05032753140318628,0.06923525468894134,7.0,0.013316614065903403,473.3432225026051,0.0,0.0,0.9496724685968138,0.09259924196729473,0.029048196302944813,0.0,0.017428917781766886,706.9991853838593
1485,77.65440948542337,13.050467121810986,0.0,46.31178443000002,17.84915957588236,21.370271334956044,-0.030845770612359047,0.7904191613197327,0.1158239980844351,0.174496550407974,-0.35096418857574463,0.4662686586380005,0.031113636310283955,0.08328744195394239,18.0,0.012242199028124859,169.2260900918783,0.0,0.0,0.968886363689716,0.1158239980844351,0.026704521043320193,0.0,0.016022712625992114,499.9999999999634
1486,77.65901872379422,13.050467121810986,0.0,41.25824186000003,15.386724534117652,18.51323803333247,0.0,0.7551818490028381,0.17698778339460786,0.2288842050229139,-0.7862595319747925,0.20483192801475525,-0.05316808962354473,0.19556392316402402,0.0,0.0,0.0,0.0,0.0,1.0531680896235447,0.17698778339460786,0.0,0.0,0.0,499.9999999999634
1487,77.66362796216507,13.050467121810986,0.0,45.036862970000016,15.094371467058833,18.267997182886454,0.0,0.6540145874023438,0.1571548761106005,0.2116570471950946,-0.7861339449882507,0.2556937634944916,-0.08427652994791666,0.24335569790744968,6.0,0.005609918321016984,232.6406900474751,0.0,0.0,1.0842765299479167,0.1571548761106005,0.012237195418138207,0.0,0.007342317250882924,499.9999999999634
1488,77.66823720053591,13.050467121810986,0.0,41.74701872,14.060515033529418,16.969146062039993,0.0,0.6063569784164429,0.16798931415264423,0.21726237144330005,-0.7362110018730164,0.18426424264907837,-0.12633927565354566,0.25397855639734807,3.0,0.0013723099803822903,113.81810661988298,0.0,0.0,1.1263392756535457,0.16798931415264423,0.0029934883973774446,0.0,0.0017960930384264668,706.9991853838593
1489,77.67284643890676,13.050467121810986,0.0,46.52370167000004,18.113547562352945,21.665562144110222,0.0,0.7415399551391602,0.09525417552274816,0.13384966959761652,-0.18651148676872253,0.39625412225723267,0.05335147633272059,0.08707029431005947,0.0,0.0,0.0,0.0,0.0,0.9466485236672794,0.09525417552274816,0.0,0.0,0.0,1117.7617780787964
1490,77.6774556772776,13.050467121810986,0.0,46.57497196999998,18.26232604882354,21.836231659135088,0.0,0.4375,0.07006810805376838,0.09639597840944789,-0.10967986285686493,0.4005134701728821,0.050581042719822306,0.07502891577104932,0.0,0.0,0.0,0.0,0.0,0.9494189572801777,0.07006810805376838,0.0,0.0,0.0,1580.705738966383
1491,77.68206491564845,13.050467121810986,0.0,45.50513171,18.1946516182353,21.752303744890433,0.0,0.6383029222488403,0.08037823845358456,0.11583334580360781,-0.19235095381736755,0.3308199942111969,0.041701067756204045,0.0592532258225371,2.0,0.001458476207354106,181.44697937518671,0.0,0.0,0.9582989322437959,0.08037823845358456,0.0031814470979430903,0.0,0.001908868258765854,1117.7617780787964
1492,77.6866741540193,13.050467121810986,0.0,45.71704895000002,18.00339296470589,21.542663447123072,0.0,0.6273660063743591,0.1040233905498798,0.1367701199116342,-0.1773461550474167,0.2533797323703766,0.04457511901855469,0.06166818880721832,1.0,0.0037445936028109145,931.7192763127803,0.0,0.0,0.9554248809814453,0.1040233905498798,0.008168269314623527,0.0,0.004900961588774116,706.9991853838593
1493,77.69128339239015,13.050467121810986,0.0,46.397234930000025,17.510822904117656,20.967198711343332,0.0,0.8009389638900757,0.1525011728324142,0.21613106983398303,-0.3254353404045105,0.24306687712669373,0.012658867929496017,0.07975654726298638,0.0,0.0,0.0,0.0,0.0,0.987341132070504,0.1525011728324142,0.0,0.0,0.0,499.9999999999634
1494,77.695892630761,13.050467121810986,0.0,44.30882471000001,17.499096375294123,20.925720610605975,0.0,0.7735399007797241,0.09230870863970589,0.165678061857078,-0.34313344955444336,0.3176631033420563,0.027979993633195466,0.07714355878474226,12.0,0.03839289742089189,796.0677533803237,0.0,0.0,0.9720200063668045,0.09230870863970589,0.08374834739533565,0.0,0.05024900843720139,499.9999999999634
1495,77.70050186913184,13.050467121810986,0.0,45.43677131000004,7.377533451349485,16.334303388251374,-0.004840271081775427,0.5930806994438171,0.02495345482459435,0.07100380948058663,-0.1301320195198059,0.28790122270584106,0.01798833993765024,0.04711223440320106,0.0,0.0,0.0,0.0,0.0,0.9820116600623497,0.02495345482459435,0.0,0.0,0.0,706.9991853838593
