{
"type": "FeatureCollection",
"name": "bangalore_grid",
"crs": { "type": "name", "properties": { "name": "urn:ogc:def:crs:OGC:1.3:CRS84" } },
"features": [
{ "type": "Feature", "properties": { "cell_id": 0, "lon": 77.502304619185423, "lat": 12.902245777937479 }, "geometry": { "type": "Polygon", "coordinates": [ [ [ 77.504609238370847, 12.9 ], [ 77.504609238370847, 12.904491555874955 ], [ 77.5, 12.904491555874955 ], [ 77.5, 12.9 ], [ 77.504609238370847, 12.9 ] ] ] } },
{ "type": "Feature", "properties": { "cell_id": 1, "lon": 77.50691385755627, "lat": 12.902245777937479 }, "geometry": { "type": "Polygon", "coordinates": [ [ [ 77.509218476741694, 12.9 ], [ 77.509218476741694, 12.904491555874955 ], [ 77.504609238370847, 12.904491555874955 ], [ 77.504609238370847, 12.9 ], [ 77.509218476741694, 12.9 ] ] ] } },
{ "type": "Feature", "properties": { "cell_id": 2, "lon": 77.511523095927117, "lat": 12.902245777937479 }, "geometry": { "type": "Polygon", "coordinates": [ [ [ 77.513827715112541, 12.9 ], [ 77.513827715112541, 12.904491555874955 ], [ 77.509218476741694, 12.904491555874955 ], [ 77.509218476741694, 12.9 ], [ 77.513827715112541, 12.9 ] ] ] } },
{ "type": "Feature", "properties": { "cell_id": 3, "lon": 77.516132334297964, "lat": 12.902245777937479 }, "geometry": { "type": "Polygon", "coordinates": [ [ [ 77.518436953483388, 12.9 ], [ 77.518436953483388, 12.904491555874955 ], [ 77.513827715112541, 12.904491555874955 ], [ 77.513827715112541, 12.9 ], [ 77.518436953483388, 12.9 ] ] ] } },
{ "type": "Feature", "properties": { "cell_id": 4, "lon": 77.520741572668811, "lat": 12.902245777937479 }, "geometry": { "type": "Polygon", "coordinates": [ [ [ 77.523046191854235, 12.9 ], [ 77.523046191854235, 12.904491555874955 ], [ 77.518436953483388, 12.904491555874955 ], [ 77.518436953483388, 12.9 ], [ 77.523046191854235, 12.9 ] ] ] } },
{ "type": "Feature", "properties": { "cell_id": 5, "lon": 77.525350811039658, "lat": 12.902245777937479 }, "geometry": { "type": "Polygon", "coordinates": [ [ [ 77.527655430225082, 12.9 ], [ 77.527655430225082, 12.904491555874955 ], [ 77.523046191854235, 12.904491555874955 ], [ 77.523046191854235, 12.9 ], [ 77.527655430225082, 12.9 ] ] ] } },
{ "type": "Feature", "properties": { "cell_id": 6, "lon": 77.529960049410505, "lat": 12.902245777937479 }, "geometry": { "type": "Polygon", "coordinates": [ [ [ 77.532264668595928, 12.9 ], [ 77.532264668595928, 12.904491555874955 ], [ 77.527655430225082, 12.904491555874955 ], [ 77.527655430225082, 12.9 ], [ 77.532264668595928, 12.9 ] ] ] } },
{ "type": "Feature", "properties": { "cell_id": 7, "lon": 77.534569287781352, "lat": 12.902245777937479 }, "geometry": { "type": "Polygon", "coordinates": [ [ [ 77.536873906966775, 12.9 ], [ 77.536873906966775, 12.904491555874955 ], [ 77.532264668595928, 12.904491555874955 ], [ 77.532264668595928, 12.9 ], [ 77.536873906966775, 12.9 ] ] ] } },
{ "type": "Feature", "properties": { "cell_id": 8, "lon": 77.539178526152199, "lat": 12.902245777937479 }, "geometry": { "type": "Polygon", "coordinates": [ [ [ 77.541483145337622, 12.9 ], [ 77.541483145337622, 12.904491555874955 ], [ 77.536873906966775, 12.904491555874955 ], [ 77.536873906966775, 12.9 ], [ 77.541483145337622, 12.9 ] ] ] } },
{ "type": "Feature", "properties": { "cell_id": 9, "lon": 77.543787764523046, "lat": 12.902245777937479 }, "geometry": { "type": "Polygon", "coordinates": [ [ [ 77.546092383708469, 12.9 ], [ 77.546092383708469, 12.904491555874955 ], [ 77.541483145337622, 12.904491555874955 ], [ 77.541483145337622, 12.9 ], [ 77.546092383708469, 12.9 ] ] ] } },
{ "type": "Feature", "properties": { "cell_id": 10, "lon": 77.548397002893893, "lat": 12.902245777937479 }, "geometry": { "type": "Polygon", "coordinates": [ [ [ 77.550701622079316, 12.9 ], [ 77.550701622079316, 12.904491555874955 ], [ 77.546092383708469, 12.904491555874955 ], [ 77.546092383708469, 12.9 ], [ 77.550701622079316, 12.9 ] ] ] } },
{ "type": "Feature", "properties": { "cell_id": 11, "lon": 77.55300624126474, "lat": 12.902245777937479 }, "geometry": { "type": "Polygon", "coordinates": [ [ [ 77.555310860450163, 12.9 ], [ 77.555310860450163, 12.904491555874955 ], [ 77.550701622079316, 12.904491555874955 ], [ 77.550701622079316, 12.9 ], [ 77.555310860450163, 12.9 ] ] ] } },
{ "type": "Feature", "properties": { "cell_id": 12, "lon": 77.557615479635587, "lat": 12.902245777937479 }, "geometry": { "type": "Polygon", "coordinates": [ [ [ 77.55992009882101, 12.9 ], [ 77.55992009882101, 12.904491555874955 ], [ 77.555310860450163, 12.904491555874955 ], [ 77.555310860450163, 12.9 ], [ 77.55992009882101, 12.9 ] ] ] } },
{ "type": "Feature", "properties": { "cell_id": 13, "lon": 77.562224718006433, "lat": 12.902245777937479 }, "geometry": { "type": "Polygon", "coordinates": [ [ [ 77.564529337191857, 12.9 ], [ 77.564529337191857, 12.904491555874955 ], [ 77.55992009882101, 12.904491555874955 ], [ 77.55992009882101, 12.9 ], [ 77.564529337191857, 12.9 ] ] ] } },
{ "type": "Feature", "properties": { "cell_id": 14, "lon": 77.56683395637728, "lat": 12.902245777937479 }, "geometry": { "type": "Polygon", "coordinates": [ [ [ 77.569138575562704, 12.9 ], [ 77.569138575562704, 12.904491555874955 ], [ 77.564529337191857, 12.904491555874955 ], [ 77.564529337191857, 12.9 ], [ 77.569138575562704, 12.9 ] ] ] } },
{ "type": "Feature", "properties": { "cell_id": 15, "lon": 77.571443194748127, "lat": 12.902245777937479 }, "geometry": { "type": "Polygon", "coordinates": [ [ [ 77.573747813933551, 12.9 ], [ 77.573747813933551, 12.904491555874955 ], [ 77.569138575562704, 12.904491555874955 ], [ 77.569138575562704, 12.9 ], [ 77.573747813933551, 12.9 ] ] ] } },
{ "type": "Feature", "properties": { "cell_id": 16, "lon": 77.576052433118974, "lat": 12.902245777937479 }, "geometry": { "type": "Polygon", "coordinates": [ [ [ 77.578357052304398, 12.9 ], [ 77.578357052304398, 12.904491555874955 ], [ 77.573747813933551, 12.904491555874955 ], [ 77.573747813933551, 12.9 ], [ 77.578357052304398, 12.9 ] ] ] } },
{ "type": "Feature", "properties": { "cell_id": 17, "lon": 77.580661671489821, "lat": 12.902245777937479 }, "geometry": { "type": "Polygon", "coordinates": [ [ [ 77.582966290675245, 12.9 ], [ 77.582966290675245, 12.904491555874955 ], [ 77.578357052304398, 12.904491555874955 ], [ 77.578357052304398, 12.9 ], [ 77.582966290675245, 12.9 ] ] ] } },
{ "type": "Feature", "properties": { "cell_id": 18, "lon": 77.585270909860668, "lat": 12.902245777937479 }, "geometry": { "type": "Polygon", "coordinates": [ [ [ 77.587575529046092, 12.9 ], [ 77.587575529046092, 12.904491555874955 ], [ 77.582966290675245, 12.904491555874955 ], [ 77.582966290675245, 12.9 ], [ 77.587575529046092, 12.9 ] ] ] } },
{ "type": "Feature", "properties": { "cell_id": 19, "lon": 77.589880148231515, "lat": 12.902245777937479 }, "geometry": { "type": "Polygon", "coordinates": [ [ [ 77.592184767416938, 12.9 ], [ 77.592184767416938, 12.904491555874955 ], [ 77.587575529046092, 12.904491555874955 ], [ 77.587575529046092, 12.9 ], [ 77.592184767416938, 12.9 ] ] ] } },
{ "type": "Feature", "properties": { "cell_id": 20, "lon": 77.594489386602362, "lat": 12.902245777937479 }, "geometry": { "type": "Polygon", "coordinates": [ [ [ 77.596794005787785, 12.9 ], [ 77.596794005787785, 12.904491555874955 ], [ 77.592184767416938, 12.904491555874955 ], [ 77.592184767416938, 12.9 ], [ 77.596794005787785, 12.9 ] ] ] } },
{ "type": "Feature", "properties": { "cell_id": 21, "lon": 77.599098624973209, "lat": 12.902245777937479 }, "geometry": { "type": "Polygon", "coordinates": [ [ [ 77.601403244158632, 12.9 ], [ 77.601403244158632, 12.904491555874955 ], [ 77.596794005787785, 12.904491555874955 ], [ 77.596794005787785, 12.9 ], [ 77.601403244158632, 12.9 ] ] ] } },
{ "type": "Feature", "properties": { "cell_id": 22, "lon": 77.603707863344056, "lat": 12.902245777937479 }, "geometry": { "type": "Polygon", "coordinates": [ [ [ 77.606012482529479, 12.9 ], [ 77.606012482529479, 12.904491555874955 ], [ 77.601403244158632, 12.904491555874955 ], [ 77.601403244158632, 12.9 ], [ 77.606012482529479, 12.9 ] ] ] } },
{ "type": "Feature", "properties": { "cell_id": 23, "lon": 77.608317101714903, "lat": 12.902245777937479 }, "geometry": { "type": "Polygon", "coordinates": [ [ [ 77.610621720900326, 12.9 ], [ 77.610621720900326, 12.904491555874955 ], [ 77.606012482529479, 12.904491555874955 ], [ 77.606012482529479, 12.9 ], [ 77.610621720900326, 12.9 ] ] ] } },
{ "type": "Feature", "properties": { "cell_id": 24, "lon": 77.61292634008575, "lat": 12.902245777937479 }, "geometry": { "type": "Polygon", "coordinates": [ [ [ 77.615230959271173, 12.9 ], [ 77.615230959271173, 12.904491555874955 ], [ 77.610621720900326, 12.904491555874955 ], [ 77.610621720900326, 12.9 ], [ 77.615230959271173, 12.9 ] ] ] } },
{ "type": "Feature", "properties": { "cell_id": 25, "lon": 77.617535578456597, "lat": 12.902245777937479 }, "geometry": { "type": "Polygon", "coordinates": [ [ [ 77.61984019764202, 12.9 ], [ 77.61984019764202, 12.904491555874955 ], [ 77.615230959271173, 12.904491555874955 ], [ 77.615230959271173, 12.9 ], [ 77.61984019764202, 12.9 ] ] ] } },
{ "type": "Feature", "properties": { "cell_id": 26, "lon": 77.622144816827443, "lat": 12.902245777937479 }, "geometry": { "type": "Polygon", "coordinates": [ [ [ 77.624449436012867, 12.9 ], [ 77.624449436012867, 12.904491555874955 ], [ 77.61984019764202, 12.904491555874955 ], [ 77.61984019764202, 12.9 ], [ 77.624449436012867, 12.9 ] ] ] } },
{ "type": "Feature", "properties": { "cell_id": 27, "lon": 77.62675405519829, "lat": 12.902245777937479 }, "geometry": { "type": "Polygon", "coordinates": [ [ [ 77.629058674383714, 12.9 ], [ 77.629058674383714, 12.904491555874955 ], [ 77.624449436012867, 12.904491555874955 ], [ 77.624449436012867, 12.9 ], [ 77.629058674383714, 12.9 ] ] ] } },
{ "type": "Feature", "properties": { "cell_id": 28, "lon": 77.631363293569137, "lat": 12.902245777937479 }, "geometry": { "type": "Polygon", "coordinates": [ [ [ 77.633667912754561, 12.9 ], [ 77.633667912754561, 12.904491555874955 ], [ 77.629058674383714, 12.904491555874955 ], [ 77.629058674383714, 12.9 ], [ 77.633667912754561, 12.9 ] ] ] } },
{ "type": "Feature", "properties": { "cell_id": 29, "lon": 77.635972531939984, "lat": 12.902245777937479 }, "geometry": { "type": "Polygon", "coordinates": [ [ [ 77.638277151125408, 12.9 ], [ 77.638277151125408, 12.904491555874955 ], [ 77.633667912754561, 12.904491555874955 ], [ 77.633667912754561, 12.9 ], [ 77.638277151125408, 12.9 ] ] ] } },
{ "type": "Feature", "properties": { "cell_id": 30, "lon": 77.640581770310831, "lat": 12.902245777937479 }, "geometry": { "type": "Polygon", "coordinates": [ [ [ 77.642886389496255, 12.9 ], [ 77.642886389496255, 12.904491555874955 ], [ 77.638277151125408, 12.904491555874955 ], [ 77.638277151125408, 12.9 ], [ 77.642886389496255, 12.9 ] ] ] } },
{ "type": "Feature", "properties": { "cell_id": 31, "lon": 77.645191008681678, "lat": 12.902245777937479 }, "geometry": { "type": "Polygon", "coordinates": [ [ [ 77.647495627867102, 12.9 ], [ 77.647495627867102, 12.904491555874955 ], [ 77.642886389496255, 12.904491555874955 ], [ 77.642886389496255, 12.9 ], [ 77.647495627867102, 12.9 ] ] ] } },
{ "type": "Feature", "properties": { "cell_id": 32, "lon": 77.649800247052525, "lat": 12.902245777937479 }, "geometry": { "type": "Polygon", "coordinates": [ [ [ 77.652104866237948, 12.9 ], [ 77.652104866237948, 12.904491555874955 ], [ 77.647495627867102, 12.904491555874955 ], [ 77.647495627867102, 12.9 ], [ 77.652104866237948, 12.9 ] ] ] } },
{ "type": "Feature", "properties": { "cell_id": 33, "lon": 77.654409485423372, "lat": 12.902245777937479 }, "geometry": { "type": "Polygon", "coordinates": [ [ [ 77.656714104608795, 12.9 ], [ 77.656714104608795, 12.904491555874955 ], [ 77.652104866237948, 12.904491555874955 ], [ 77.652104866237948, 12.9 ], [ 77.656714104608795, 12.9 ] ] ] } },
{ "type": "Feature", "properties": { "cell_id": 34, "lon": 77.659018723794219, "lat": 12.902245777937479 }, "geometry": { "type": "Polygon", "coordinates": [ [ [ 77.661323342979642, 12.9 ], [ 77.661323342979642, 12.904491555874955 ], [ 77.656714104608795, 12.904491555874955 ], [ 77.656714104608795, 12.9 ], [ 77.661323342979642, 12.9 ] ] ] } },
{ "type": "Feature", "properties": { "cell_id": 35, "lon": 77.663627962165066, "lat": 12.902245777937479 }, "geometry": { "type": "Polygon", "coordinates": [ [ [ 77.665932581350489, 12.9 ], [ 77.665932581350489, 12.904491555874955 ], [ 77.661323342979642, 12.904491555874955 ], [ 77.661323342979642, 12.9 ], [ 77.665932581350489, 12.9 ] ] ] } },
{ "type": "Feature", "properties": { "cell_id": 36, "lon": 77.668237200535913, "lat": 12.902245777937479 }, "geometry": { "type": "Polygon", "coordinates": [ [ [ 77.670541819721336, 12.9 ], [ 77.670541819721336, 12.904491555874955 ], [ 77.665932581350489, 12.904491555874955 ], [ 77.665932581350489, 12.9 ], [ 77.670541819721336, 12.9 ] ] ] } },
{ "type": "Feature", "properties": { "cell_id": 37, "lon": 77.67284643890676, "lat": 12.902245777937479 }, "geometry": { "type": "Polygon", "coordinates": [ [ [ 77.675151058092183, 12.9 ], [ 77.675151058092183, 12.904491555874955 ], [ 77.670541819721336, 12.904491555874955 ], [ 77.670541819721336, 12.9 ], [ 77.675151058092183, 12.9 ] ] ] } },
{ "type": "Feature", "properties": { "cell_id": 38, "lon": 77.677455677277607, "lat": 12.902245777937479 }, "geometry": { "type": "Polygon", "coordinates": [ [ [ 77.67976029646303, 12.9 ], [ 77.67976029646303, 12.904491555874955 ], [ 77.675151058092183, 12.904491555874955 ], [ 77.675151058092183, 12.9 ], [ 77.67976029646303, 12.9 ] ] ] } },
{ "type": "Feature", "properties": { "cell_id": 39, "lon": 77.682064915648454, "lat": 12.902245777937479 }, "geometry": { "type": "Polygon", "coordinates": [ [ [ 77.684369534833877, 12.9 ], [ 77.684369534833877, 12.904491555874955 ], [ 77.67976029646303, 12.904491555874955 ], [ 77.67976029646303, 12.9 ], [ 77.684369534833877, 12.9 ] ] ] } },
{ "type": "Feature", "properties": { "cell_id": 40, "lon": 77.6866741540193, "lat": 12.902245777937479 }, "geometry": { "type": "Polygon", "coordinates": [ [ [ 77.688978773204724, 12.9 ], [ 77.688978773204724, 12.904491555874955 ], [ 77.684369534833877, 12.904491555874955 ], [ 77.684369534833877, 12.9 ], [ 77.688978773204724, 12.9 ] ] ] } },
{ "type": "Feature", "properties": { "cell_id": 41, "lon": 77.691283392390147, "lat": 12.902245777937479 }, "geometry": { "type": "Polygon", "coordinates": [ [ [ 77.693588011575571, 12.9 ], [ 77.693588011575571, 12.904491555874955 ], [ 77.688978773204724, 12.904491555874955 ], [ 77.688978773204724, 12.9 ], [ 77.693588011575571, 12.9 ] ] ] } },
{ "type": "Feature", "properties": { "cell_id": 42, "lon": 77.695892630760994, "lat": 12.902245777937479 }, "geometry": { "type": "Polygon", "coordinates": [ [ [ 77.698197249946418, 12.9 ], [ 77.698197249946418, 12.904491555874955 ], [ 77.693588011575571, 12.904491555874955 ], [ 77.693588011575571, 12.9 ], [ 77.698197249946418, 12.9 ] ] ] } },
{ "type": "Feature", "properties": { "cell_id": 43, "lon": 77.700501869131841, "lat": 12.902245777937479 }, "geometry": { "type": "Polygon", "coordinates": [ [ [ 77.702806488317265, 12.9 ], [ 77.702806488317265, 12.904491555874955 ], [ 77.698197249946418, 12.904491555874955 ], [ 77.698197249946418, 12.9 ], [ 77.702806488317265, 12.9 ] ] ] } },
{ "type": "Feature", "properties": { "cell_id": 44, "lon": 77.502304619185423, "lat": 12.906737333812433 }, "geometry": { "type": "Polygon", "coordinates": [ [ [ 77.504609238370847, 12.904491555874955 ], [ 77.504609238370847, 12.90898311174991 ], [ 77.5, 12.90898311174991 ], [ 77.5, 12.904491555874955 ], [ 77.504609238370847, 12.904491555874955 ] ] ] } },
{ "type": "Feature", "properties": { "cell_id": 45, "lon": 77.50691385755627, "lat": 12.906737333812433 }, "geometry": { "type": "Polygon", "coordinates": [ [ [ 77.509218476741694, 12.904491555874955 ], [ 77.509218476741694, 12.90898311174991 ], [ 77.504609238370847, 12.90898311174991 ], [ 77.504609238370847, 12.904491555874955 ], [ 77.509218476741694, 12.904491555874955 ] ] ] } },
{ "type": "Feature", "properties": { "cell_id": 46, "lon": 77.511523095927117, "lat": 12.906737333812433 }, "geometry": { "type": "Polygon", "coordinates": [ [ [ 77.513827715112541, 12.904491555874955 ], [ 77.513827715112541, 12.90898311174991 ], [ 77.509218476741694, 12.90898311174991 ], [ 77.509218476741694, 12.904491555874955 ], [ 77.513827715112541, 12.904491555874955 ] ] ] } },
{ "type": "Feature", "properties": { "cell_id": 47, "lon": 77.516132334297964, "lat": 12.906737333812433 }, "geometry": { "type": "Polygon", "coordinates": [ [ [ 77.518436953483388, 12.904491555874955 ], [ 77.518436953483388, 12.90898311174991 ], [ 77.513827715112541, 12.90898311174991 ], [ 77.513827715112541, 12.904491555874955 ], [ 77.518436953483388, 12.904491555874955 ] ] ] } },
{ "type": "Feature", "properties": { "cell_id": 48, "lon": 77.520741572668811, "lat": 12.906737333812433 }, "geometry": { "type": "Polygon", "coordinates": [ [ [ 77.523046191854235, 12.904491555874955 ], [ 77.523046191854235, 12.90898311174991 ], [ 77.518436953483388, 12.90898311174991 ], [ 77.518436953483388, 12.904491555874955 ], [ 77.523046191854235, 12.904491555874955 ] ] ] } },
{ "type": "Feature", "properties": { "cell_id": 49, "lon": 77.525350811039658, "lat": 12.906737333812433 }, "geometry": { "type": "Polygon", "coordinates": [ [ [ 77.527655430225082, 12.904491555874955 ], [ 77.527655430225082, 12.90898311174991 ], [ 77.523046191854235, 12.90898311174991 ], [ 77.523046191854235, 12.904491555874955 ], [ 77.527655430225082, 12.904491555874955 ] ] ] } },
{ "type": "Feature", "properties": { "cell_id": 50, "lon": 77.529960049410505, "lat": 12.906737333812433 }, "geometry": { "type": "Polygon", "coordinates": [ [ [ 77.532264668595928, 12.904491555874955 ], [ 77.532264668595928, 12.90898311174991 ], [ 77.527655430225082, 12.90898311174991 ], [ 77.527655430225082, 12.904491555874955 ], [ 77.532264668595928, 12.904491555874955 ] ] ] } },
{ "type": "Feature", "properties": { "cell_id": 51, "lon": 77.534569287781352, "lat": 12.906737333812433 }, "geometry": { "type": "Polygon", "coordinates": [ [ [ 77.536873906966775, 12.904491555874955 ], [ 77.536873906966775, 12.90898311174991 ], [ 77.532264668595928, 12.90898311174991 ], [ 77.532264668595928, 12.904491555874955 ], [ 77.536873906966775, 12.904491555874955 ] ] ] } },
{ "type": "Feature", "properties": { "cell_id": 52, "lon": 77.539178526152199, "lat": 12.906737333812433 }, "geometry": { "type": "Polygon", "coordinates": [ [ [ 77.541483145337622, 12.904491555874955 ], [ 77.541483145337622, 12.90898311174991 ], [ 77.536873906966775, 12.90898311174991 ], [ 77.536873906966775, 12.904491555874955 ], [ 77.541483145337622, 12.904491555874955 ] ] ] } },
{ "type": "Feature", "properties": { "cell_id": 53, "lon": 77.543787764523046, "lat": 12.906737333812433 }, "geometry": { "type": "Polygon", "coordinates": [ [ [ 77.546092383708469, 12.904491555874955 ], [ 77.546092383708469, 12.90898311174991 ], [ 77.541483145337622, 12.90898311174991 ], [ 77.541483145337622, 12.904491555874955 ], [ 77.546092383708469, 12.904491555874955 ] ] ] } },
{ "type": "Feature", "properties": { "cell_id": 54, "lon": 77.548397002893893, "lat": 12.906737333812433 }, "geometry": { "type": "Polygon", "coordinates": [ [ [ 77.550701622079316, 12.904491555874955 ], [ 77.550701622079316, 12.90898311174991 ], [ 77.546092383708469, 12.90898311174991 ], [ 77.546092383708469, 12.904491555874955 ], [ 77.550701622079316, 12.904491555874955 ] ] ] } },
{ "type": "Feature", "properties": { "cell_id": 55, "lon": 77.55300624126474, "lat": 12.906737333812433 }, "geometry": { "type": "Polygon", "coordinates": [ [ [ 77.555310860450163, 12.904491555874955 ], [ 77.555310860450163, 12.90898311174991 ], [ 77.550701622079316, 12.90898311174991 ], [ 77.550701622079316, 12.904491555874955 ], [ 77.555310860450163, 12.904491555874955 ] ] ] } },
{ "type": "Feature", "properties": { "cell_id": 56, "lon": 77.557615479635587, "lat": 12.906737333812433 }, "geometry": { "type": "Polygon", "coordinates": [ [ [ 77.55992009882101, 12.904491555874955 ], [ 77.55992009882101, 12.90898311174991 ], [ 77.555310860450163, 12.90898311174991 ], [ 77.555310860450163, 12.904491555874955 ], [ 77.55992009882101, 12.904491555874955 ] ] ] } },
{ "type": "Feature", "properties": { "cell_id": 57, "lon": 77.562224718006433, "lat": 12.906737333812433 }, "geometry": { "type": "Polygon", "coordinates": [ [ [ 77.564529337191857, 12.904491555874955 ], [ 77.564529337191857, 12.90898311174991 ], [ 77.55992009882101, 12.90898311174991 ], [ 77.55992009882101, 12.904491555874955 ], [ 77.564529337191857, 12.904491555874955 ] ] ] } },
{ "type": "Feature", "properties": { "cell_id": 58, "lon": 77.56683395637728, "lat": 12.906737333812433 }, "geometry": { "type": "Polygon", "coordinates": [ [ [ 77.569138575562704, 12.904491555874955 ], [ 77.569138575562704, 12.90898311174991 ], [ 77.564529337191857, 12.90898311174991 ], [ 77.564529337191857, 12.904491555874955 ], [ 77.569138575562704, 12.904491555874955 ] ] ] } },
{ "type": "Feature", "properties": { "cell_id": 59, "lon": 77.571443194748127, "lat": 12.906737333812433 }, "geometry": { "type": "Polygon", "coordinates": [ [ [ 77.573747813933551, 12.904491555874955 ], [ 77.573747813933551, 12.90898311174991 ], [ 77.569138575562704, 12.90898311174991 ], [ 77.569138575562704, 12.904491555874955 ], [ 77.573747813933551, 12.904491555874955 ] ] ] } },
{ "type": "Feature", "properties": { "cell_id": 60, "lon": 77.576052433118974, "lat": 12.906737333812433 }, "geometry": { "type": "Polygon", "coordinates": [ [ [ 77.578357052304398, 12.904491555874955 ], [ 77.578357052304398, 12.90898311174991 ], [ 77.573747813933551, 12.90898311174991 ], [ 77.573747813933551, 12.904491555874955 ], [ 77.578357052304398, 12.904491555874955 ] ] ] } },
{ "type": "Feature", "properties": { "cell_id": 61, "lon": 77.580661671489821, "lat": 12.906737333812433 }, "geometry": { "type": "Polygon", "coordinates": [ [ [ 77.582966290675245, 12.904491555874955 ], [ 77.582966290675245, 12.90898311174991 ], [ 77.578357052304398, 12.90898311174991 ], [ 77.578357052304398, 12.904491555874955 ], [ 77.582966290675245, 12.904491555874955 ] ] ] } },
{ "type": "Feature", "properties": { "cell_id": 62, "lon": 77.585270909860668, "lat": 12.906737333812433 }, "geometry": { "type": "Polygon", "coordinates": [ [ [ 77.587575529046092, 12.904491555874955 ], [ 77.587575529046092, 12.90898311174991 ], [ 77.582966290675245, 12.90898311174991 ], [ 77.582966290675245, 12.904491555874955 ], [ 77.587575529046092, 12.904491555874955 ] ] ] } },
{ "type": "Feature", "properties": { "cell_id": 63, "lon": 77.589880148231515, "lat": 12.906737333812433 }, "geometry": { "type": "Polygon", "coordinates": [ [ [ 77.592184767416938, 12.904491555874955 ], [ 77.592184767416938, 12.90898311174991 ], [ 77.587575529046092, 12.90898311174991 ], [ 77.587575529046092, 12.904491555874955 ], [ 77.592184767416938, 12.904491555874955 ] ] ] } },
{ "type": "Feature", "properties": { "cell_id": 64, "lon": 77.594489386602362, "lat": 12.906737333812433 }, "geometry": { "type": "Polygon", "coordinates": [ [ [ 77.596794005787785, 12.904491555874955 ], [ 77.596794005787785, 12.90898311174991 ], [ 77.592184767416938, 12.90898311174991 ], [ 77.592184767416938, 12.904491555874955 ], [ 77.596794005787785, 12.904491555874955 ] ] ] } },
{ "type": "Feature", "properties": { "cell_id": 65, "lon": 77.599098624973209, "lat": 12.906737333812433 }, "geometry": { "type": "Polygon", "coordinates": [ [ [ 77.601403244158632, 12.904491555874955 ], [ 77.601403244158632, 12.90898311174991 ], [ 77.596794005787785, 12.90898311174991 ], [ 77.596794005787785, 12.904491555874955 ], [ 77.601403244158632, 12.904491555874955 ] ] ] } },
{ "type": "Feature", "properties": { "cell_id": 66, "lon": 77.603707863344056, "lat": 12.906737333812433 }, "geometry": { "type": "Polygon", "coordinates": [ [ [ 77.606012482529479, 12.904491555874955 ], [ 77.606012482529479, 12.90898311174991 ], [ 77.601403244158632, 12.90898311174991 ], [ 77.601403244158632, 12.904491555874955 ], [ 77.606012482529479, 12.904491555874955 ] ] ] } },
{ "type": "Feature", "properties": { "cell_id": 67, "lon": 77.608317101714903, "lat": 12.906737333812433 }, "geometry": { "type": "Polygon", "coordinates": [ [ [ 77.610621720900326, 12.904491555874955 ], [ 77.610621720900326, 12.90898311174991 ], [ 77.606012482529479, 12.90898311174991 ], [ 77.606012482529479, 12.904491555874955 ], [ 77.610621720900326, 12.904491555874955 ] ] ] } },
{ "type": "Feature", "properties": { "cell_id": 68, "lon": 77.61292634008575, "lat": 12.906737333812433 }, "geometry": { "type": "Polygon", "coordinates": [ [ [ 77.615230959271173, 12.904491555874955 ], [ 77.615230959271173, 12.90898311174991 ], [ 77.610621720900326, 12.90898311174991 ], [ 77.610621720900326, 12.904491555874955 ], [ 77.615230959271173, 12.904491555874955 ] ] ] } },
{ "type": "Feature", "properties": { "cell_id": 69, "lon": 77.617535578456597, "lat": 12.906737333812433 }, "geometry": { "type": "Polygon", "coordinates": [ [ [ 77.61984019764202, 12.904491555874955 ], [ 77.61984019764202, 12.90898311174991 ], [ 77.615230959271173, 12.90898311174991 ], [ 77.615230959271173, 12.904491555874955 ], [ 77.61984019764202, 12.904491555874955 ] ] ] } },
{ "type": "Feature", "properties": { "cell_id": 70, "lon": 77.622144816827443, "lat": 12.906737333812433 }, "geometry": { "type": "Polygon", "coordinates": [ [ [ 77.624449436012867, 12.904491555874955 ], [ 77.624449436012867, 12.90898311174991 ], [ 77.61984019764202, 12.90898311174991 ], [ 77.61984019764202, 12.904491555874955 ], [ 77.624449436012867, 12.904491555874955 ] ] ] } },
{ "type": "Feature", "properties": { "cell_id": 71, "lon": 77.62675405519829, "lat": 12.906737333812433 }, "geometry": { "type": "Polygon", "coordinates": [ [ [ 77.629058674383714, 12.904491555874955 ], [ 77.629058674383714, 12.90898311174991 ], [ 77.624449436012867, 12.90898311174991 ], [ 77.624449436012867, 12.904491555874955 ], [ 77.629058674383714, 12.904491555874955 ] ] ] } },
{ "type": "Feature", "properties": { "cell_id": 72, "lon": 77.631363293569137, "lat": 12.906737333812433 }, "geometry": { "type": "Polygon", "coordinates": [ [ [ 77.633667912754561, 12.904491555874955 ], [ 77.633667912754561, 12.90898311174991 ], [ 77.629058674383714, 12.90898311174991 ], [ 77.629058674383714, 12.904491555874955 ], [ 77.633667912754561, 12.904491555874955 ] ] ] } },
{ "type": "Feature", "properties": { "cell_id": 73, "lon": 77.635972531939984, "lat": 12.906737333812433 }, "geometry": { "type": "Polygon", "coordinates": [ [ [ 77.638277151125408, 12.904491555874955 ], [ 77.638277151125408, 12.90898311174991 ], [ 77.633667912754561, 12.90898311174991 ], [ 77.633667912754561, 12.904491555874955 ], [ 77.638277151125408, 12.904491555874955 ] ] ] } },
{ "type": "Feature", "properties": { "cell_id": 74, "lon": 77.640581770310831, "lat": 12.906737333812433 }, "geometry": { "type": "Polygon", "coordinates": [ [ [ 77.642886389496255, 12.904491555874955 ], [ 77.642886389496255, 12.90898311174991 ], [ 77.638277151125408, 12.90898311174991 ], [ 77.638277151125408, 12.904491555874955 ], [ 77.642886389496255, 12.904491555874955 ] ] ] } },
{ "type": "Feature", "properties": { "cell_id": 75, "lon": 77.645191008681678, "lat": 12.906737333812433 }, "geometry": { "type": "Polygon", "coordinates": [ [ [ 77.647495627867102, 12.904491555874955 ], [ 77.647495627867102, 12.90898311174991 ], [ 77.642886389496255, 12.90898311174991 ], [ 77.642886389496255, 12.904491555874955 ], [ 77.647495627867102, 12.904491555874955 ] ] ] } },
{ "type": "Feature", "properties": { "cell_id": 76, "lon": 77.649800247052525, "lat": 12.906737333812433 }, "geometry": { "type": "Polygon", "coordinates": [ [ [ 77.652104866237948, 12.904491555874955 ], [ 77.652104866237948, 12.90898311174991 ], [ 77.647495627867102, 12.90898311174991 ], [ 77.647495627867102, 12.904491555874955 ], [ 77.652104866237948, 12.904491555874955 ] ] ] } },
{ "type": "Feature", "properties": { "cell_id": 77, "lon": 77.654409485423372, "lat": 12.906737333812433 }, "geometry": { "type": "Polygon", "coordinates": [ [ [ 77.656714104608795, 12.904491555874955 ], [ 77.656714104608795, 12.90898311174991 ], [ 77.652104866237948, 12.90898311174991 ], [ 77.652104866237948, 12.904491555874955 ], [ 77.656714104608795, 12.904491555874955 ] ] ] } },
{ "type": "Feature", "properties": { "cell_id": 78, "lon": 77.659018723794219, "lat": 12.906737333812433 }, "geometry": { "type": "Polygon", "coordinates": [ [ [ 77.661323342979642, 12.904491555874955 ], [ 77.661323342979642, 12.90898311174991 ], [ 77.656714104608795, 12.90898311174991 ], [ 77.656714104608795, 12.904491555874955 ], [ 77.661323342979642, 12.904491555874955 ] ] ] } },
{ "type": "Feature", "properties": { "cell_id": 79, "lon": 77.663627962165066, "lat": 12.906737333812433 }, "geometry": { "type": "Polygon", "coordinates": [ [ [ 77.665932581350489, 12.904491555874955 ], [ 77.665932581350489, 12.90898311174991 ], [ 77.661323342979642, 12.90898311174991 ], [ 77.661323342979642, 12.904491555874955 ], [ 77.665932581350489, 12.904491555874955 ] ] ] } },
{ "type": "Feature", "properties": { "cell_id": 80, "lon": 77.668237200535913, "lat": 12.906737333812433 }, "geometry": { "type": "Polygon", "coordinates": [ [ [ 77.670541819721336, 12.904491555874955 ], [ 77.670541819721336, 12.90898311174991 ], [ 77.665932581350489, 12.90898311174991 ], [ 77.665932581350489, 12.904491555874955 ], [ 77.670541819721336, 12.904491555874955 ] ] ] } },
{ "type": "Feature", "properties": { "cell_id": 81, "lon": 77.67284643890676, "lat": 12.906737333812433 }, "geometry": { "type": "Polygon", "coordinates": [ [ [ 77.675151058092183, 12.904491555874955 ], [ 77.675151058092183, 12.90898311174991 ], [ 77.670541819721336, 12.90898311174991 ], [ 77.670541819721336, 12.904491555874955 ], [ 77.675151058092183, 12.904491555874955 ] ] ] } },
{ "type": "Feature", "properties": { "cell_id": 82, "lon": 77.677455677277607, "lat": 12.906737333812433 }, "geometry": { "type": "Polygon", "coordinates": [ [ [ 77.67976029646303, 12.904491555874955 ], [ 77.67976029646303, 12.90898311174991 ], [ 77.675151058092183, 12.90898311174991 ], [ 77.675151058092183, 12.904491555874955 ], [ 77.67976029646303, 12.904491555874955 ] ] ] } },
{ "type": "Feature", "properties": { "cell_id": 83, "lon": 77.682064915648454, "lat": 12.906737333812433 }, "geometry": { "type": "Polygon", "coordinates": [ [ [ 77.684369534833877, 12.904491555874955 ], [ 77.684369534833877, 12.90898311174991 ], [ 77.67976029646303, 12.90898311174991 ], [ 77.67976029646303, 12.904491555874955 ], [ 77.684369534833877, 12.904491555874955 ] ] ] } },
{ "type": "Feature", "properties": { "cell_id": 84, "lon": 77.6866741540193, "lat": 12.906737333812433 }, "geometry": { "type": "Polygon", "coordinates": [ [ [ 77.688978773204724, 12.904491555874955 ], [ 77.688978773204724, 12.90898311174991 ], [ 77.684369534833877, 12.90898311174991 ], [ 77.684369534833877, 12.904491555874955 ], [ 77.688978773204724, 12.904491555874955 ] ] ] } },
{ "type": "Feature", "properties": { "cell_id": 85, "lon": 77.691283392390147, "lat": 12.906737333812433 }, "geometry": { "type": "Polygon", "coordinates": [ [ [ 77.693588011575571, 12.904491555874955 ], [ 77.693588011575571, 12.90898311174991 ], [ 77.688978773204724, 12.90898311174991 ], [ 77.688978773204724, 12.904491555874955 ], [ 77.693588011575571, 12.904491555874955 ] ] ] } },
{ "type": "Feature", "properties": { "cell_id": 86, "lon": 77.695892630760994, "lat": 12.906737333812433 }, "geometry": { "type": "Polygon", "coordinates": [ [ [ 77.698197249946418, 12.904491555874955 ], [ 77.698197249946418, 12.90898311174991 ], [ 77.693588011575571, 12.90898311174991 ], [ 77.693588011575571, 12.904491555874955 ], [ 77.698197249946418, 12.904491555874955 ] ] ] } },
{ "type": "Feature", "properties": { "cell_id": 87, "lon": 77.700501869131841, "lat": 12.906737333812433 }, "geometry": { "type": "Polygon", "coordinates": [ [ [ 77.702806488317265, 12.904491555874955 ], [ 77.702806488317265, 12.90898311174991 ], [ 77.698197249946418, 12.90898311174991 ], [ 77.698197249946418, 12.904491555874955 ], [ 77.702806488317265, 12.904491555874955 ] ] ] } },
{ "type": "Feature", "properties": { "cell_id": 88, "lon": 77.502304619185423, "lat": 12.911228889687388 }, "geometry": { "type": "Polygon", "coordinates": [ [ [ 77.504609238370847, 12.90898311174991 ], [ 77.504609238370847, 12.913474667624865 ], [ 77.5, 12.913474667624865 ], [ 77.5, 12.90898311174991 ], [ 77.504609238370847, 12.90898311174991 ] ] ] } },
{ "type": "Feature", "properties": { "cell_id": 89, "lon": 77.50691385755627, "lat": 12.911228889687388 }, "geometry": { "type": "Polygon", "coordinates": [ [ [ 77.509218476741694, 12.90898311174991 ], [ 77.509218476741694, 12.913474667624865 ], [ 77.504609238370847, 12.913474667624865 ], [ 77.504609238370847, 12.90898311174991 ], [ 77.509218476741694, 12.90898311174991 ] ] ] } },
{ "type": "Feature", "properties": { "cell_id": 90, "lon": 77.511523095927117, "lat": 12.911228889687388 }, "geometry": { "type": "Polygon", "coordinates": [ [ [ 77.513827715112541, 12.90898311174991 ], [ 77.513827715112541, 12.913474667624865 ], [ 77.509218476741694, 12.913474667624865 ], [ 77.509218476741694, 12.90898311174991 ], [ 77.513827715112541, 12.90898311174991 ] ] ] } },
{ "type": "Feature", "properties": { "cell_id": 91, "lon": 77.516132334297964, "lat": 12.911228889687388 }, "geometry": { "type": "Polygon", "coordinates": [ [ [ 77.518436953483388, 12.90898311174991 ], [ 77.518436953483388, 12.913474667624865 ], [ 77.513827715112541, 12.913474667624865 ], [ 77.513827715112541, 12.90898311174991 ], [ 77.518436953483388, 12.90898311174991 ] ] ] } },
{ "type": "Feature", "properties": { "cell_id": 92, "lon": 77.520741572668811, "lat": 12.911228889687388 }, "geometry": { "type": "Polygon", "coordinates": [ [ [ 77.523046191854235, 12.90898311174991 ], [ 77.523046191854235, 12.913474667624865 ], [ 77.518436953483388, 12.913474667624865 ], [ 77.518436953483388, 12.90898311174991 ], [ 77.523046191854235, 12.90898311174991 ] ] ] } },
{ "type": "Feature", "properties": { "cell_id": 93, "lon": 77.525350811039658, "lat": 12.911228889687388 }, "geometry": { "type": "Polygon", "coordinates": [ [ [ 77.527655430225082, 12.90898311174991 ], [ 77.527655430225082, 12.913474667624865 ], [ 77.523046191854235, 12.913474667624865 ], [ 77.523046191854235, 12.90898311174991 ], [ 77.527655430225082, 12.90898311174991 ] ] ] } },
{ "type": "Feature", "properties": { "cell_id": 94, "lon": 77.529960049410505, "lat": 12.911228889687388 }, "geometry": { "type": "Polygon", "coordinates": [ [ [ 77.532264668595928, 12.90898311174991 ], [ 77.532264668595928, 12.913474667624865 ], [ 77.527655430225082, 12.913474667624865 ], [ 77.527655430225082, 12.90898311174991 ], [ 77.532264668595928, 12.90898311174991 ] ] ] } },
{ "type": "Feature", "properties": { "cell_id": 95, "lon": 77.534569287781352, "lat": 12.911228889687388 }, "geometry": { "type": "Polygon", "coordinates": [ [ [ 77.536873906966775, 12.90898311174991 ], [ 77.536873906966775, 12.913474667624865 ], [ 77.532264668595928, 12.913474667624865 ], [ 77.532264668595928, 12.90898311174991 ], [ 77.536873906966775, 12.90898311174991 ] ] ] } },
{ "type": "Feature", "properties": { "cell_id": 96, "lon": 77.539178526152199, "lat": 12.911228889687388 }, "geometry": { "type": "Polygon", "coordinates": [ [ [ 77.541483145337622, 12.90898311174991 ], [ 77.541483145337622, 12.913474667624865 ], [ 77.536873906966775, 12.913474667624865 ], [ 77.536873906966775, 12.90898311174991 ], [ 77.541483145337622, 12.90898311174991 ] ] ] } },
{ "type": "Feature", "properties": { "cell_id": 97, "lon": 77.543787764523046, "lat": 12.911228889687388 }, "geometry": { "type": "Polygon", "coordinates": [ [ [ 77.546092383708469, 12.90898311174991 ], [ 77.546092383708469, 12.913474667624865 ], [ 77.541483145337622, 12.913474667624865 ], [ 77.541483145337622, 12.90898311174991 ], [ 77.546092383708469, 12.90898311174991 ] ] ] } },
{ "type": "Feature", "properties": { "cell_id": 98, "lon": 77.548397002893893, "lat": 12.911228889687388 }, "geometry": { "type": "Polygon", "coordinates": [ [ [ 77.550701622079316, 12.90898311174991 ], [ 77.550701622079316, 12.913474667624865 ], [ 77.546092383708469, 12.913474667624865 ], [ 77.546092383708469, 12.90898311174991 ], [ 77.550701622079316, 12.90898311174991 ] ] ] } },
{ "type": "Feature", "properties": { "cell_id": 99, "lon": 77.55300624126474, "lat": 12.911228889687388 }, "geometry": { "type": "Polygon", "coordinates": [ [ [ 77.555310860450163, 12.90898311174991 ], [ 77.555310860450163, 12.913474667624865 ], [ 77.550701622079316, 12.913474667624865 ], [ 77.550701622079316, 12.90898311174991 ], [ 77.555310860450163, 12.90898311174991 ] ] ] } },
{ "type": "Feature", "properties": { "cell_id": 100, "lon": 77.557615479635587, "lat": 12.911228889687388 }, "geometry": { "type": "Polygon", "coordinates": [ [ [ 77.55992009882101, 12.90898311174991 ], [ 77.55992009882101, 12.913474667624865 ], [ 77.555310860450163, 12.913474667624865 ], [ 77.555310860450163, 12.90898311174991 ], [ 77.55992009882101, 12.90898311174991 ] ] ] } },
{ "type": "Feature", "properties": { "cell_id": 101, "lon": 77.562224718006433, "lat": 12.911228889687388 }, "geometry": { "type": "Polygon", "coordinates": [ [ [ 77.564529337191857, 12.90898311174991 ], [ 77.564529337191857, 12.913474667624865 ], [ 77.55992009882101, 12.913474667624865 ], [ 77.55992009882101, 12.90898311174991 ], [ 77.564529337191857, 12.90898311174991 ] ] ] } },
{ "type": "Feature", "properties": { "cell_id": 102, "lon": 77.56683395637728, "lat": 12.911228889687388 }, "geometry": { "type": "Polygon", "coordinates": [ [ [ 77.569138575562704, 12.90898311174991 ], [ 77.569138575562704, 12.913474667624865 ], [ 77.564529337191857, 12.913474667624865 ], [ 77.564529337191857, 12.90898311174991 ], [ 77.569138575562704, 12.90898311174991 ] ] ] } },
{ "type": "Feature", "properties": { "cell_id": 103, "lon": 77.571443194748127, "lat": 12.911228889687388 }, "geometry": { "type": "Polygon", "coordinates": [ [ [ 77.573747813933551, 12.90898311174991 ], [ 77.573747813933551, 12.913474667624865 ], [ 77.569138575562704, 12.913474667624865 ], [ 77.569138575562704, 12.90898311174991 ], [ 77.573747813933551, 12.90898311174991 ] ] ] } },
{ "type": "Feature", "properties": { "cell_id": 104, "lon": 77.576052433118974, "lat": 12.911228889687388 }, "geometry": { "type": "Polygon", "coordinates": [ [ [ 77.578357052304398, 12.90898311174991 ], [ 77.578357052304398, 12.913474667624865 ], [ 77.573747813933551, 12.913474667624865 ], [ 77.573747813933551, 12.90898311174991 ], [ 77.578357052304398, 12.90898311174991 ] ] ] } },
{ "type": "Feature", "properties": { "cell_id": 105, "lon": 77.580661671489821, "lat": 12.911228889687388 }, "geometry": { "type": "Polygon", "coordinates": [ [ [ 77.582966290675245, 12.90898311174991 ], [ 77.582966290675245, 12.913474667624865 ], [ 77.578357052304398, 12.913474667624865 ], [ 77.578357052304398, 12.90898311174991 ], [ 77.582966290675245, 12.90898311174991 ] ] ] } },
{ "type": "Feature", "properties": { "cell_id": 106, "lon": 77.585270909860668, "lat": 12.911228889687388 }, "geometry": { "type": "Polygon", "coordinates": [ [ [ 77.587575529046092, 12.90898311174991 ], [ 77.587575529046092, 12.913474667624865 ], [ 77.582966290675245, 12.913474667624865 ], [ 77.582966290675245, 12.90898311174991 ], [ 77.587575529046092, 12.90898311174991 ] ] ] } },
{ "type": "Feature", "properties": { "cell_id": 107, "lon": 77.589880148231515, "lat": 12.911228889687388 }, "geometry": { "type": "Polygon", "coordinates": [ [ [ 77.592184767416938, 12.90898311174991 ], [ 77.592184767416938, 12.913474667624865 ], [ 77.587575529046092, 12.913474667624865 ], [ 77.587575529046092, 12.90898311174991 ], [ 77.592184767416938, 12.90898311174991 ] ] ] } },
{ "type": "Feature", "properties": { "cell_id": 108, "lon": 77.594489386602362, "lat": 12.911228889687388 }, "geometry": { "type": "Polygon", "coordinates": [ [ [ 77.596794005787785, 12.90898311174991 ], [ 77.596794005787785, 12.913474667624865 ], [ 77.592184767416938, 12.913474667624865 ], [ 77.592184767416938, 12.90898311174991 ], [ 77.596794005787785, 12.90898311174991 ] ] ] } },
{ "type": "Feature", "properties": { "cell_id": 109, "lon": 77.599098624973209, "lat": 12.911228889687388 }, "geometry": { "type": "Polygon", "coordinates": [ [ [ 77.601403244158632, 12.90898311174991 ], [ 77.601403244158632, 12.913474667624865 ], [ 77.596794005787785, 12.913474667624865 ], [ 77.596794005787785, 12.90898311174991 ], [ 77.601403244158632, 12.90898311174991 ] ] ] } },
{ "type": "Feature", "properties": { "cell_id": 110, "lon": 77.603707863344056, "lat": 12.911228889687388 }, "geometry": { "type": "Polygon", "coordinates": [ [ [ 77.606012482529479, 12.90898311174991 ], [ 77.606012482529479, 12.913474667624865 ], [ 77.601403244158632, 12.913474667624865 ], [ 77.601403244158632, 12.90898311174991 ], [ 77.606012482529479, 12.90898311174991 ] ] ] } },
{ "type": "Feature", "properties": { "cell_id": 111, "lon": 77.608317101714903, "lat": 12.911228889687388 }, "geometry": { "type": "Polygon", "coordinates": [ [ [ 77.610621720900326, 12.90898311174991 ], [ 77.610621720900326, 12.913474667624865 ], [ 77.606012482529479, 12.913474667624865 ], [ 77.606012482529479, 12.90898311174991 ], [ 77.610621720900326, 12.90898311174991 ] ] ] } },
{ "type": "Feature", "properties": { "cell_id": 112, "lon": 77.61292634008575, "lat": 12.911228889687388 }, "geometry": { "type": "Polygon", "coordinates": [ [ [ 77.615230959271173, 12.90898311174991 ], [ 77.615230959271173, 12.913474667624865 ], [ 77.610621720900326, 12.913474667624865 ], [ 77.610621720900326, 12.90898311174991 ], [ 77.615230959271173, 12.90898311174991 ] ] ] } },
{ "type": "Feature", "properties": { "cell_id": 113, "lon": 77.617535578456597, "lat": 12.911228889687388 }, "geometry": { "type": "Polygon", "coordinates": [ [ [ 77.61984019764202, 12.90898311174991 ], [ 77.61984019764202, 12.913474667624865 ], [ 77.615230959271173, 12.913474667624865 ], [ 77.615230959271173, 12.90898311174991 ], [ 77.61984019764202, 12.90898311174991 ] ] ] } },
{ "type": "Feature", "properties": { "cell_id": 114, "lon": 77.622144816827443, "lat": 12.911228889687388 }, "geometry": { "type": "Polygon", "coordinates": [ [ [ 77.624449436012867, 12.90898311174991 ], [ 77.624449436012867, 12.913474667624865 ], [ 77.61984019764202, 12.913474667624865 ], [ 77.61984019764202, 12.90898311174991 ], [ 77.624449436012867, 12.90898311174991 ] ] ] } },
{ "type": "Feature", "properties": { "cell_id": 115, "lon": 77.62675405519829, "lat": 12.911228889687388 }, "geometry": { "type": "Polygon", "coordinates": [ [ [ 77.629058674383714, 12.90898311174991 ], [ 77.629058674383714, 12.913474667624865 ], [ 77.624449436012867, 12.913474667624865 ], [ 77.624449436012867, 12.90898311174991 ], [ 77.629058674383714, 12.90898311174991 ] ] ] } },
{ "type": "Feature", "properties": { "cell_id": 116, "lon": 77.631363293569137, "lat": 12.911228889687388 }, "geometry": { "type": "Polygon", "coordinates": [ [ [ 77.633667912754561, 12.90898311174991 ], [ 77.633667912754561, 12.913474667624865 ], [ 77.629058674383714, 12.913474667624865 ], [ 77.629058674383714, 12.90898311174991 ], [ 77.633667912754561, 12.90898311174991 ] ] ] } },
{ "type": "Feature", "properties": { "cell_id": 117, "lon": 77.635972531939984, "lat": 12.911228889687388 }, "geometry": { "type": "Polygon", "coordinates": [ [ [ 77.638277151125408, 12.90898311174991 ], [ 77.638277151125408, 12.913474667624865 ], [ 77.633667912754561, 12.913474667624865 ], [ 77.633667912754561, 12.90898311174991 ], [ 77.638277151125408, 12.90898311174991 ] ] ] } },
{ "type": "Feature", "properties": { "cell_id": 118, "lon": 77.640581770310831, "lat": 12.911228889687388 }, "geometry": { "type": "Polygon", "coordinates": [ [ [ 77.642886389496255, 12.90898311174991 ], [ 77.642886389496255, 12.913474667624865 ], [ 77.638277151125408, 12.913474667624865 ], [ 77.638277151125408, 12.90898311174991 ], [ 77.642886389496255, 12.90898311174991 ] ] ] } },
{ "type": "Feature", "properties": { "cell_id": 119, "lon": 77.645191008681678, "lat": 12.911228889687388 }, "geometry": { "type": "Polygon", "coordinates": [ [ [ 77.647495627867102, 12.90898311174991 ], [ 77.647495627867102, 12.913474667624865 ], [ 77.642886389496255, 12.913474667624865 ], [ 77.642886389496255, 12.90898311174991 ], [ 77.647495627867102, 12.90898311174991 ] ] ] } },
{ "type": "Feature", "properties": { "cell_id": 120, "lon": 77.649800247052525, "lat": 12.911228889687388 }, "geometry": { "type": "Polygon", "coordinates": [ [ [ 77.652104866237948, 12.90898311174991 ], [ 77.652104866237948, 12.913474667624865 ], [ 77.647495627867102, 12.913474667624865 ], [ 77.647495627867102, 12.90898311174991 ], [ 77.652104866237948, 12.90898311174991 ] ] ] } },
{ "type": "Feature", "properties": { "cell_id": 121, "lon": 77.654409485423372, "lat": 12.911228889687388 }, "geometry": { "type": "Polygon", "coordinates": [ [ [ 77.656714104608795, 12.90898311174991 ], [ 77.656714104608795, 12.913474667624865 ], [ 77.652104866237948, 12.913474667624865 ], [ 77.652104866237948, 12.90898311174991 ], [ 77.656714104608795, 12.90898311174991 ] ] ] } },
{ "type": "Feature", "properties": { "cell_id": 122, "lon": 77.659018723794219, "lat": 12.911228889687388 }, "geometry": { "type": "Polygon", "coordinates": [ [ [ 77.661323342979642, 12.90898311174991 ], [ 77.661323342979642, 12.913474667624865 ], [ 77.656714104608795, 12.913474667624865 ], [ 77.656714104608795, 12.90898311174991 ], [ 77.661323342979642, 12.90898311174991 ] ] ] } },
{ "type": "Feature", "properties": { "cell_id": 123, "lon": 77.663627962165066, "lat": 12.911228889687388 }, "geometry": { "type": "Polygon", "coordinates": [ [ [ 77.665932581350489, 12.90898311174991 ], [ 77.665932581350489, 12.913474667624865 ], [ 77.661323342979642, 12.913474667624865 ], [ 77.661323342979642, 12.90898311174991 ], [ 77.665932581350489, 12.90898311174991 ] ] ] } },
{ "type": "Feature", "properties": { "cell_id": 124, "lon": 77.668237200535913, "lat": 12.911228889687388 }, "geometry": { "type": "Polygon", "coordinates": [ [ [ 77.670541819721336, 12.90898311174991 ], [ 77.670541819721336, 12.913474667624865 ], [ 77.665932581350489, 12.913474667624865 ], [ 77.665932581350489, 12.90898311174991 ], [ 77.670541819721336, 12.90898311174991 ] ] ] } },
{ "type": "Feature", "properties": { "cell_id": 125, "lon": 77.67284643890676, "lat": 12.911228889687388 }, "geometry": { "type": "Polygon", "coordinates": [ [ [ 77.675151058092183, 12.90898311174991 ], [ 77.675151058092183, 12.913474667624865 ], [ 77.670541819721336, 12.913474667624865 ], [ 77.670541819721336, 12.90898311174991 ], [ 77.675151058092183, 12.90898311174991 ] ] ] } },
{ "type": "Feature", "properties": { "cell_id": 126, "lon": 77.677455677277607, "lat": 12.911228889687388 }, "geometry": { "type": "Polygon", "coordinates": [ [ [ 77.67976029646303, 12.90898311174991 ], [ 77.67976029646303, 12.913474667624865 ], [ 77.675151058092183, 12.913474667624865 ], [ 77.675151058092183, 12.90898311174991 ], [ 77.67976029646303, 12.90898311174991 ] ] ] } },
{ "type": "Feature", "properties": { "cell_id": 127, "lon": 77.682064915648454, "lat": 12.911228889687388 }, "geometry": { "type": "Polygon", "coordinates": [ [ [ 77.684369534833877, 12.90898311174991 ], [ 77.684369534833877, 12.913474667624865 ], [ 77.67976029646303, 12.913474667624865 ], [ 77.67976029646303, 12.90898311174991 ], [ 77.684369534833877, 12.90898311174991 ] ] ] } },
{ "type": "Feature", "properties": { "cell_id": 128, "lon": 77.6866741540193, "lat": 12.911228889687388 }, "geometry": { "type": "Polygon", "coordinates": [ [ [ 77.688978773204724, 12.90898311174991 ], [ 77.688978773204724, 12.913474667624865 ], [ 77.684369534833877, 12.913474667624865 ], [ 77.684369534833877, 12.90898311174991 ], [ 77.688978773204724, 12.90898311174991 ] ] ] } },
{ "type": "Feature", "properties": { "cell_id": 129, "lon": 77.691283392390147, "lat": 12.911228889687388 }, "geometry": { "type": "Polygon", "coordinates": [ [ [ 77.693588011575571, 12.90898311174991 ], [ 77.693588011575571, 12.913474667624865 ], [ 77.688978773204724, 12.913474667624865 ], [ 77.688978773204724, 12.90898311174991 ], [ 77.693588011575571, 12.90898311174991 ] ] ] } },
{ "type": "Feature", "properties": { "cell_id": 130, "lon": 77.695892630760994, "lat": 12.911228889687388 }, "geometry": { "type": "Polygon", "coordinates": [ [ [ 77.698197249946418, 12.90898311174991 ], [ 77.698197249946418, 12.913474667624865 ], [ 77.693588011575571, 12.913474667624865 ], [ 77.693588011575571, 12.90898311174991 ], [ 77.698197249946418, 12.90898311174991 ] ] ] } },
{ "type": "Feature", "properties": { "cell_id": 131, "lon": 77.700501869131841, "lat": 12.911228889687388 }, "geometry": { "type": "Polygon", "coordinates": [ [ [ 77.702806488317265, 12.90898311174991 ], [ 77.702806488317265, 12.913474667624865 ], [ 77.698197249946418, 12.913474667624865 ], [ 77.698197249946418, 12.90898311174991 ], [ 77.702806488317265, 12.90898311174991 ] ] ] } },
{ "type": "Feature", "properties": { "cell_id": 132, "lon": 77.502304619185423, "lat": 12.915720445562343 }, "geometry": { "type": "Polygon", "coordinates": [ [ [ 77.504609238370847, 12.913474667624865 ], [ 77.504609238370847, 12.917966223499819 ], [ 77.5, 12.917966223499819 ], [ 77.5, 12.913474667624865 ], [ 77.504609238370847, 12.913474667624865 ] ] ] } },
{ "type": "Feature", "properties": { "cell_id": 133, "lon": 77.50691385755627, "lat": 12.915720445562343 }, "geometry": { "type": "Polygon", "coordinates": [ [ [ 77.509218476741694, 12.913474667624865 ], [ 77.509218476741694, 12.917966223499819 ], [ 77.504609238370847, 12.917966223499819 ], [ 77.504609238370847, 12.913474667624865 ], [ 77.509218476741694, 12.913474667624865 ] ] ] } },
{ "type": "Feature", "properties": { "cell_id": 134, "lon": 77.511523095927117, "lat": 12.915720445562343 }, "geometry": { "type": "Polygon", "coordinates": [ [ [ 77.513827715112541, 12.913474667624865 ], [ 77.513827715112541, 12.917966223499819 ], [ 77.509218476741694, 12.917966223499819 ], [ 77.509218476741694, 12.913474667624865 ], [ 77.513827715112541, 12.913474667624865 ] ] ] } },
{ "type": "Feature", "properties": { "cell_id": 135, "lon": 77.516132334297964, "lat": 12.915720445562343 }, "geometry": { "type": "Polygon", "coordinates": [ [ [ 77.518436953483388, 12.913474667624865 ], [ 77.518436953483388, 12.917966223499819 ], [ 77.513827715112541, 12.917966223499819 ], [ 77.513827715112541, 12.913474667624865 ], [ 77.518436953483388, 12.913474667624865 ] ] ] } },
{ "type": "Feature", "properties": { "cell_id": 136, "lon": 77.520741572668811, "lat": 12.915720445562343 }, "geometry": { "type": "Polygon", "coordinates": [ [ [ 77.523046191854235, 12.913474667624865 ], [ 77.523046191854235, 12.917966223499819 ], [ 77.518436953483388, 12.917966223499819 ], [ 77.518436953483388, 12.913474667624865 ], [ 77.523046191854235, 12.913474667624865 ] ] ] } },
{ "type": "Feature", "properties": { "cell_id": 137, "lon": 77.525350811039658, "lat": 12.915720445562343 }, "geometry": { "type": "Polygon", "coordinates": [ [ [ 77.527655430225082, 12.913474667624865 ], [ 77.527655430225082, 12.917966223499819 ], [ 77.523046191854235, 12.917966223499819 ], [ 77.523046191854235, 12.913474667624865 ], [ 77.527655430225082, 12.913474667624865 ] ] ] } },
{ "type": "Feature", "properties": { "cell_id": 138, "lon": 77.529960049410505, "lat": 12.915720445562343 }, "geometry": { "type": "Polygon", "coordinates": [ [ [ 77.532264668595928, 12.913474667624865 ], [ 77.532264668595928, 12.917966223499819 ], [ 77.527655430225082, 12.917966223499819 ], [ 77.527655430225082, 12.913474667624865 ], [ 77.532264668595928, 12.913474667624865 ] ] ] } },
{ "type": "Feature", "properties": { "cell_id": 139, "lon": 77.534569287781352, "lat": 12.915720445562343 }, "geometry": { "type": "Polygon", "coordinates": [ [ [ 77.536873906966775, 12.913474667624865 ], [ 77.536873906966775, 12.917966223499819 ], [ 77.532264668595928, 12.917966223499819 ], [ 77.532264668595928, 12.913474667624865 ], [ 77.536873906966775, 12.913474667624865 ] ] ] } },
{ "type": "Feature", "properties": { "cell_id": 140, "lon": 77.539178526152199, "lat": 12.915720445562343 }, "geometry": { "type": "Polygon", "coordinates": [ [ [ 77.541483145337622, 12.913474667624865 ], [ 77.541483145337622, 12.917966223499819 ], [ 77.536873906966775, 12.917966223499819 ], [ 77.536873906966775, 12.913474667624865 ], [ 77.541483145337622, 12.913474667624865 ] ] ] } },
{ "type": "Feature", "properties": { "cell_id": 141, "lon": 77.543787764523046, "lat": 12.915720445562343 }, "geometry": { "type": "Polygon", "coordinates": [ [ [ 77.546092383708469, 12.913474667624865 ], [ 77.546092383708469, 12.917966223499819 ], [ 77.541483145337622, 12.917966223499819 ], [ 77.541483145337622, 12.913474667624865 ], [ 77.546092383708469, 12.913474667624865 ] ] ] } },
{ "type": "Feature", "properties": { "cell_id": 142, "lon": 77.548397002893893, "lat": 12.915720445562343 }, "geometry": { "type": "Polygon", "coordinates": [ [ [ 77.550701622079316, 12.913474667624865 ], [ 77.550701622079316, 12.917966223499819 ], [ 77.546092383708469, 12.917966223499819 ], [ 77.546092383708469, 12.913474667624865 ], [ 77.550701622079316, 12.913474667624865 ] ] ] } },
{ "type": "Feature", "properties": { "cell_id": 143, "lon": 77.55300624126474, "lat": 12.915720445562343 }, "geometry": { "type": "Polygon", "coordinates": [ [ [ 77.555310860450163, 12.913474667624865 ], [ 77.555310860450163, 12.917966223499819 ], [ 77.550701622079316, 12.917966223499819 ], [ 77.550701622079316, 12.913474667624865 ], [ 77.555310860450163, 12.913474667624865 ] ] ] } },
{ "type": "Feature", "properties": { "cell_id": 144, "lon": 77.557615479635587, "lat": 12.915720445562343 }, "geometry": { "type": "Polygon", "coordinates": [ [ [ 77.55992009882101, 12.913474667624865 ], [ 77.55992009882101, 12.917966223499819 ], [ 77.555310860450163, 12.917966223499819 ], [ 77.555310860450163, 12.913474667624865 ], [ 77.55992009882101, 12.913474667624865 ] ] ] } },
{ "type": "Feature", "properties": { "cell_id": 145, "lon": 77.562224718006433, "lat": 12.915720445562343 }, "geometry": { "type": "Polygon", "coordinates": [ [ [ 77.564529337191857, 12.913474667624865 ], [ 77.564529337191857, 12.917966223499819 ], [ 77.55992009882101, 12.917966223499819 ], [ 77.55992009882101, 12.913474667624865 ], [ 77.564529337191857, 12.913474667624865 ] ] ] } },
{ "type": "Feature", "properties": { "cell_id": 146, "lon": 77.56683395637728, "lat": 12.915720445562343 }, "geometry": { "type": "Polygon", "coordinates": [ [ [ 77.569138575562704, 12.913474667624865 ], [ 77.569138575562704, 12.917966223499819 ], [ 77.564529337191857, 12.917966223499819 ], [ 77.564529337191857, 12.913474667624865 ], [ 77.569138575562704, 12.913474667624865 ] ] ] } },
{ "type": "Feature", "properties": { "cell_id": 147, "lon": 77.571443194748127, "lat": 12.915720445562343 }, "geometry": { "type": "Polygon", "coordinates": [ [ [ 77.573747813933551, 12.913474667624865 ], [ 77.573747813933551, 12.917966223499819 ], [ 77.569138575562704, 12.917966223499819 ], [ 77.569138575562704, 12.913474667624865 ], [ 77.573747813933551, 12.913474667624865 ] ] ] } },
{ "type": "Feature", "properties": { "cell_id": 148, "lon": 77.576052433118974, "lat": 12.915720445562343 }, "geometry": { "type": "Polygon", "coordinates": [ [ [ 77.578357052304398, 12.913474667624865 ], [ 77.578357052304398, 12.917966223499819 ], [ 77.573747813933551, 12.917966223499819 ], [ 77.573747813933551, 12.913474667624865 ], [ 77.578357052304398, 12.913474667624865 ] ] ] } },
{ "type": "Feature", "properties": { "cell_id": 149, "lon": 77.580661671489821, "lat": 12.915720445562343 }, "geometry": { "type": "Polygon", "coordinates": [ [ [ 77.582966290675245, 12.913474667624865 ], [ 77.582966290675245, 12.917966223499819 ], [ 77.578357052304398, 12.917966223499819 ], [ 77.578357052304398, 12.913474667624865 ], [ 77.582966290675245, 12.913474667624865 ] ] ] } },
{ "type": "Feature", "properties": { "cell_id": 150, "lon": 77.585270909860668, "lat": 12.915720445562343 }, "geometry": { "type": "Polygon", "coordinates": [ [ [ 77.587575529046092, 12.913474667624865 ], [ 77.587575529046092, 12.917966223499819 ], [ 77.582966290675245, 12.917966223499819 ], [ 77.582966290675245, 12.913474667624865 ], [ 77.587575529046092, 12.913474667624865 ] ] ] } },
{ "type": "Feature", "properties": { "cell_id": 151, "lon": 77.589880148231515, "lat": 12.915720445562343 }, "geometry": { "type": "Polygon", "coordinates": [ [ [ 77.592184767416938, 12.913474667624865 ], [ 77.592184767416938, 12.917966223499819 ], [ 77.587575529046092, 12.917966223499819 ], [ 77.587575529046092, 12.913474667624865 ], [ 77.592184767416938, 12.913474667624865 ] ] ] } },
{ "type": "Feature", "properties": { "cell_id": 152, "lon": 77.594489386602362, "lat": 12.915720445562343 }, "geometry": { "type": "Polygon", "coordinates": [ [ [ 77.596794005787785, 12.913474667624865 ], [ 77.596794005787785, 12.917966223499819 ], [ 77.592184767416938, 12.917966223499819 ], [ 77.592184767416938, 12.913474667624865 ], [ 77.596794005787785, 12.913474667624865 ] ] ] } },
{ "type": "Feature", "properties": { "cell_id": 153, "lon": 77.599098624973209, "lat": 12.915720445562343 }, "geometry": { "type": "Polygon", "coordinates": [ [ [ 77.601403244158632, 12.913474667624865 ], [ 77.601403244158632, 12.917966223499819 ], [ 77.596794005787785, 12.917966223499819 ], [ 77.596794005787785, 12.913474667624865 ], [ 77.601403244158632, 12.913474667624865 ] ] ] } },
{ "type": "Feature", "properties": { "cell_id": 154, "lon": 77.603707863344056, "lat": 12.915720445562343 }, "geometry": { "type": "Polygon", "coordinates": [ [ [ 77.606012482529479, 12.913474667624865 ], [ 77.606012482529479, 12.917966223499819 ], [ 77.601403244158632, 12.917966223499819 ], [ 77.601403244158632, 12.913474667624865 ], [ 77.606012482529479, 12.913474667624865 ] ] ] } },
{ "type": "Feature", "properties": { "cell_id": 155, "lon": 77.608317101714903, "lat": 12.915720445562343 }, "geometry": { "type": "Polygon", "coordinates": [ [ [ 77.610621720900326, 12.913474667624865 ], [ 77.610621720900326, 12.917966223499819 ], [ 77.606012482529479, 12.917966223499819 ], [ 77.606012482529479, 12.913474667624865 ], [ 77.610621720900326, 12.913474667624865 ] ] ] } },
{ "type": "Feature", "properties": { "cell_id": 156, "lon": 77.61292634008575, "lat": 12.915720445562343 }, "geometry": { "type": "Polygon", "coordinates": [ [ [ 77.615230959271173, 12.913474667624865 ], [ 77.615230959271173, 12.917966223499819 ], [ 77.610621720900326, 12.917966223499819 ], [ 77.610621720900326, 12.913474667624865 ], [ 77.615230959271173, 12.913474667624865 ] ] ] } },
{ "type": "Feature", "properties": { "cell_id": 157, "lon": 77.617535578456597, "lat": 12.915720445562343 }, "geometry": { "type": "Polygon", "coordinates": [ [ [ 77.61984019764202, 12.913474667624865 ], [ 77.61984019764202, 12.917966223499819 ], [ 77.615230959271173, 12.917966223499819 ], [ 77.615230959271173, 12.913474667624865 ], [ 77.61984019764202, 12.913474667624865 ] ] ] } },
{ "type": "Feature", "properties": { "cell_id": 158, "lon": 77.622144816827443, "lat": 12.915720445562343 }, "geometry": { "type": "Polygon", "coordinates": [ [ [ 77.624449436012867, 12.913474667624865 ], [ 77.624449436012867, 12.917966223499819 ], [ 77.61984019764202, 12.917966223499819 ], [ 77.61984019764202, 12.913474667624865 ], [ 77.624449436012867, 12.913474667624865 ] ] ] } },
{ "type": "Feature", "properties": { "cell_id": 159, "lon": 77.62675405519829, "lat": 12.915720445562343 }, "geometry": { "type": "Polygon", "coordinates": [ [ [ 77.629058674383714, 12.913474667624865 ], [ 77.629058674383714, 12.917966223499819 ], [ 77.624449436012867, 12.917966223499819 ], [ 77.624449436012867, 12.913474667624865 ], [ 77.629058674383714, 12.913474667624865 ] ] ] } },
{ "type": "Feature", "properties": { "cell_id": 160, "lon": 77.631363293569137, "lat": 12.915720445562343 }, "geometry": { "type": "Polygon", "coordinates": [ [ [ 77.633667912754561, 12.913474667624865 ], [ 77.633667912754561, 12.917966223499819 ], [ 77.629058674383714, 12.917966223499819 ], [ 77.629058674383714, 12.913474667624865 ], [ 77.633667912754561, 12.913474667624865 ] ] ] } },
{ "type": "Feature", "properties": { "cell_id": 161, "lon": 77.635972531939984, "lat": 12.915720445562343 }, "geometry": { "type": "Polygon", "coordinates": [ [ [ 77.638277151125408, 12.913474667624865 ], [ 77.638277151125408, 12.917966223499819 ], [ 77.633667912754561, 12.917966223499819 ], [ 77.633667912754561, 12.913474667624865 ], [ 77.638277151125408, 12.913474667624865 ] ] ] } },
{ "type": "Feature", "properties": { "cell_id": 162, "lon": 77.640581770310831, "lat": 12.915720445562343 }, "geometry": { "type": "Polygon", "coordinates": [ [ [ 77.642886389496255, 12.913474667624865 ], [ 77.642886389496255, 12.917966223499819 ], [ 77.638277151125408, 12.917966223499819 ], [ 77.638277151125408, 12.913474667624865 ], [ 77.642886389496255, 12.913474667624865 ] ] ] } },
{ "type": "Feature", "properties": { "cell_id": 163, "lon": 77.645191008681678, "lat": 12.915720445562343 }, "geometry": { "type": "Polygon", "coordinates": [ [ [ 77.647495627867102, 12.913474667624865 ], [ 77.647495627867102, 12.917966223499819 ], [ 77.642886389496255, 12.917966223499819 ], [ 77.642886389496255, 12.913474667624865 ], [ 77.647495627867102, 12.913474667624865 ] ] ] } },
{ "type": "Feature", "properties": { "cell_id": 164, "lon": 77.649800247052525, "lat": 12.915720445562343 }, "geometry": { "type": "Polygon", "coordinates": [ [ [ 77.652104866237948, 12.913474667624865 ], [ 77.652104866237948, 12.917966223499819 ], [ 77.647495627867102, 12.917966223499819 ], [ 77.647495627867102, 12.913474667624865 ], [ 77.652104866237948, 12.913474667624865 ] ] ] } },
{ "type": "Feature", "properties": { "cell_id": 165, "lon": 77.654409485423372, "lat": 12.915720445562343 }, "geometry": { "type": "Polygon", "coordinates": [ [ [ 77.656714104608795, 12.913474667624865 ], [ 77.656714104608795, 12.917966223499819 ], [ 77.652104866237948, 12.917966223499819 ], [ 77.652104866237948, 12.913474667624865 ], [ 77.656714104608795, 12.913474667624865 ] ] ] } },
{ "type": "Feature", "properties": { "cell_id": 166, "lon": 77.659018723794219, "lat": 12.915720445562343 }, "geometry": { "type": "Polygon", "coordinates": [ [ [ 77.661323342979642, 12.913474667624865 ], [ 77.661323342979642, 12.917966223499819 ], [ 77.656714104608795, 12.917966223499819 ], [ 77.656714104608795, 12.913474667624865 ], [ 77.661323342979642, 12.913474667624865 ] ] ] } },
{ "type": "Feature", "properties": { "cell_id": 167, "lon": 77.663627962165066, "lat": 12.915720445562343 }, "geometry": { "type": "Polygon", "coordinates": [ [ [ 77.665932581350489, 12.913474667624865 ], [ 77.665932581350489, 12.917966223499819 ], [ 77.661323342979642, 12.917966223499819 ], [ 77.661323342979642, 12.913474667624865 ], [ 77.665932581350489, 12.913474667624865 ] ] ] } },
{ "type": "Feature", "properties": { "cell_id": 168, "lon": 77.668237200535913, "lat": 12.915720445562343 }, "geometry": { "type": "Polygon", "coordinates": [ [ [ 77.670541819721336, 12.913474667624865 ], [ 77.670541819721336, 12.917966223499819 ], [ 77.665932581350489, 12.917966223499819 ], [ 77.665932581350489, 12.913474667624865 ], [ 77.670541819721336, 12.913474667624865 ] ] ] } },
{ "type": "Feature", "properties": { "cell_id": 169, "lon": 77.67284643890676, "lat": 12.915720445562343 }, "geometry": { "type": "Polygon", "coordinates": [ [ [ 77.675151058092183, 12.913474667624865 ], [ 77.675151058092183, 12.917966223499819 ], [ 77.670541819721336, 12.917966223499819 ], [ 77.670541819721336, 12.913474667624865 ], [ 77.675151058092183, 12.913474667624865 ] ] ] } },
{ "type": "Feature", "properties": { "cell_id": 170, "lon": 77.677455677277607, "lat": 12.915720445562343 }, "geometry": { "type": "Polygon", "coordinates": [ [ [ 77.67976029646303, 12.913474667624865 ], [ 77.67976029646303, 12.917966223499819 ], [ 77.675151058092183, 12.917966223499819 ], [ 77.675151058092183, 12.913474667624865 ], [ 77.67976029646303, 12.913474667624865 ] ] ] } },
{ "type": "Feature", "properties": { "cell_id": 171, "lon": 77.682064915648454, "lat": 12.915720445562343 }, "geometry": { "type": "Polygon", "coordinates": [ [ [ 77.684369534833877, 12.913474667624865 ], [ 77.684369534833877, 12.917966223499819 ], [ 77.67976029646303, 12.917966223499819 ], [ 77.67976029646303, 12.913474667624865 ], [ 77.684369534833877, 12.913474667624865 ] ] ] } },
{ "type": "Feature", "properties": { "cell_id": 172, "lon": 77.6866741540193, "lat": 12.915720445562343 }, "geometry": { "type": "Polygon", "coordinates": [ [ [ 77.688978773204724, 12.913474667624865 ], [ 77.688978773204724, 12.917966223499819 ], [ 77.684369534833877, 12.917966223499819 ], [ 77.684369534833877, 12.913474667624865 ], [ 77.688978773204724, 12.913474667624865 ] ] ] } },
{ "type": "Feature", "properties": { "cell_id": 173, "lon": 77.691283392390147, "lat": 12.915720445562343 }, "geometry": { "type": "Polygon", "coordinates": [ [ [ 77.693588011575571, 12.913474667624865 ], [ 77.693588011575571, 12.917966223499819 ], [ 77.688978773204724, 12.917966223499819 ], [ 77.688978773204724, 12.913474667624865 ], [ 77.693588011575571, 12.913474667624865 ] ] ] } },
{ "type": "Feature", "properties": { "cell_id": 174, "lon": 77.695892630760994, "lat": 12.915720445562343 }, "geometry": { "type": "Polygon", "coordinates": [ [ [ 77.698197249946418, 12.913474667624865 ], [ 77.698197249946418, 12.917966223499819 ], [ 77.693588011575571, 12.917966223499819 ], [ 77.693588011575571, 12.913474667624865 ], [ 77.698197249946418, 12.913474667624865 ] ] ] } },
{ "type": "Feature", "properties": { "cell_id": 175, "lon": 77.700501869131841, "lat": 12.915720445562343 }, "geometry": { "type": "Polygon", "coordinates": [ [ [ 77.702806488317265, 12.913474667624865 ], [ 77.702806488317265, 12.917966223499819 ], [ 77.698197249946418, 12.917966223499819 ], [ 77.698197249946418, 12.913474667624865 ], [ 77.702806488317265, 12.913474667624865 ] ] ] } },
{ "type": "Feature", "properties": { "cell_id": 176, "lon": 77.502304619185423, "lat": 12.920212001437298 }, "geometry": { "type": "Polygon", "coordinates": [ [ [ 77.504609238370847, 12.917966223499819 ], [ 77.504609238370847, 12.922457779374774 ], [ 77.5, 12.922457779374774 ], [ 77.5, 12.917966223499819 ], [ 77.504609238370847, 12.917966223499819 ] ] ] } },
{ "type": "Feature", "properties": { "cell_id": 177, "lon": 77.50691385755627, "lat": 12.920212001437298 }, "geometry": { "type": "Polygon", "coordinates": [ [ [ 77.509218476741694, 12.917966223499819 ], [ 77.509218476741694, 12.922457779374774 ], [ 77.504609238370847, 12.922457779374774 ], [ 77.504609238370847, 12.917966223499819 ], [ 77.509218476741694, 12.917966223499819 ] ] ] } },
{ "type": "Feature", "properties": { "cell_id": 178, "lon": 77.511523095927117, "lat": 12.920212001437298 }, "geometry": { "type": "Polygon", "coordinates": [ [ [ 77.513827715112541, 12.917966223499819 ], [ 77.513827715112541, 12.922457779374774 ], [ 77.509218476741694, 12.922457779374774 ], [ 77.509218476741694, 12.917966223499819 ], [ 77.513827715112541, 12.917966223499819 ] ] ] } },
{ "type": "Feature", "properties": { "cell_id": 179, "lon": 77.516132334297964, "lat": 12.920212001437298 }, "geometry": { "type": "Polygon", "coordinates": [ [ [ 77.518436953483388, 12.917966223499819 ], [ 77.518436953483388, 12.922457779374774 ], [ 77.513827715112541, 12.922457779374774 ], [ 77.513827715112541, 12.917966223499819 ], [ 77.518436953483388, 12.917966223499819 ] ] ] } },
{ "type": "Feature", "properties": { "cell_id": 180, "lon": 77.520741572668811, "lat": 12.920212001437298 }, "geometry": { "type": "Polygon", "coordinates": [ [ [ 77.523046191854235, 12.917966223499819 ], [ 77.523046191854235, 12.922457779374774 ], [ 77.518436953483388, 12.922457779374774 ], [ 77.518436953483388, 12.917966223499819 ], [ 77.523046191854235, 12.917966223499819 ] ] ] } },
{ "type": "Feature", "properties": { "cell_id": 181, "lon": 77.525350811039658, "lat": 12.920212001437298 }, "geometry": { "type": "Polygon", "coordinates": [ [ [ 77.527655430225082, 12.917966223499819 ], [ 77.527655430225082, 12.922457779374774 ], [ 77.523046191854235, 12.922457779374774 ], [ 77.523046191854235, 12.917966223499819 ], [ 77.527655430225082, 12.917966223499819 ] ] ] } },
{ "type": "Feature", "properties": { "cell_id": 182, "lon": 77.529960049410505, "lat": 12.920212001437298 }, "geometry": { "type": "Polygon", "coordinates": [ [ [ 77.532264668595928, 12.917966223499819 ], [ 77.532264668595928, 12.922457779374774 ], [ 77.527655430225082, 12.922457779374774 ], [ 77.527655430225082, 12.917966223499819 ], [ 77.532264668595928, 12.917966223499819 ] ] ] } },
{ "type": "Feature", "properties": { "cell_id": 183, "lon": 77.534569287781352, "lat": 12.920212001437298 }, "geometry": { "type": "Polygon", "coordinates": [ [ [ 77.536873906966775, 12.917966223499819 ], [ 77.536873906966775, 12.922457779374774 ], [ 77.532264668595928, 12.922457779374774 ], [ 77.532264668595928, 12.917966223499819 ], [ 77.536873906966775, 12.917966223499819 ] ] ] } },
{ "type": "Feature", "properties": { "cell_id": 184, "lon": 77.539178526152199, "lat": 12.920212001437298 }, "geometry": { "type": "Polygon", "coordinates": [ [ [ 77.541483145337622, 12.917966223499819 ], [ 77.541483145337622, 12.922457779374774 ], [ 77.536873906966775, 12.922457779374774 ], [ 77.536873906966775, 12.917966223499819 ], [ 77.541483145337622, 12.917966223499819 ] ] ] } },
{ "type": "Feature", "properties": { "cell_id": 185, "lon": 77.543787764523046, "lat": 12.920212001437298 }, "geometry": { "type": "Polygon", "coordinates": [ [ [ 77.546092383708469, 12.917966223499819 ], [ 77.546092383708469, 12.922457779374774 ], [ 77.541483145337622, 12.922457779374774 ], [ 77.541483145337622, 12.917966223499819 ], [ 77.546092383708469, 12.917966223499819 ] ] ] } },
{ "type": "Feature", "properties": { "cell_id": 186, "lon": 77.548397002893893, "lat": 12.920212001437298 }, "geometry": { "type": "Polygon", "coordinates": [ [ [ 77.550701622079316, 12.917966223499819 ], [ 77.550701622079316, 12.922457779374774 ], [ 77.546092383708469, 12.922457779374774 ], [ 77.546092383708469, 12.917966223499819 ], [ 77.550701622079316, 12.917966223499819 ] ] ] } },
{ "type": "Feature", "properties": { "cell_id": 187, "lon": 77.55300624126474, "lat": 12.920212001437298 }, "geometry": { "type": "Polygon", "coordinates": [ [ [ 77.555310860450163, 12.917966223499819 ], [ 77.555310860450163, 12.922457779374774 ], [ 77.550701622079316, 12.922457779374774 ], [ 77.550701622079316, 12.917966223499819 ], [ 77.555310860450163, 12.917966223499819 ] ] ] } },
{ "type": "Feature", "properties": { "cell_id": 188, "lon": 77.557615479635587, "lat": 12.920212001437298 }, "geometry": { "type": "Polygon", "coordinates": [ [ [ 77.55992009882101, 12.917966223499819 ], [ 77.55992009882101, 12.922457779374774 ], [ 77.555310860450163, 12.922457779374774 ], [ 77.555310860450163, 12.917966223499819 ], [ 77.55992009882101, 12.917966223499819 ] ] ] } },
{ "type": "Feature", "properties": { "cell_id": 189, "lon": 77.562224718006433, "lat": 12.920212001437298 }, "geometry": { "type": "Polygon", "coordinates": [ [ [ 77.564529337191857, 12.917966223499819 ], [ 77.564529337191857, 12.922457779374774 ], [ 77.55992009882101, 12.922457779374774 ], [ 77.55992009882101, 12.917966223499819 ], [ 77.564529337191857, 12.917966223499819 ] ] ] } },
{ "type": "Feature", "properties": { "cell_id": 190, "lon": 77.56683395637728, "lat": 12.920212001437298 }, "geometry": { "type": "Polygon", "coordinates": [ [ [ 77.569138575562704, 12.917966223499819 ], [ 77.569138575562704, 12.922457779374774 ], [ 77.564529337191857, 12.922457779374774 ], [ 77.564529337191857, 12.917966223499819 ], [ 77.569138575562704, 12.917966223499819 ] ] ] } },
{ "type": "Feature", "properties": { "cell_id": 191, "lon": 77.571443194748127, "lat": 12.920212001437298 }, "geometry": { "type": "Polygon", "coordinates": [ [ [ 77.573747813933551, 12.917966223499819 ], [ 77.573747813933551, 12.922457779374774 ], [ 77.569138575562704, 12.922457779374774 ], [ 77.569138575562704, 12.917966223499819 ], [ 77.573747813933551, 12.917966223499819 ] ] ] } },
{ "type": "Feature", "properties": { "cell_id": 192, "lon": 77.576052433118974, "lat": 12.920212001437298 }, "geometry": { "type": "Polygon", "coordinates": [ [ [ 77.578357052304398, 12.917966223499819 ], [ 77.578357052304398, 12.922457779374774 ], [ 77.573747813933551, 12.922457779374774 ], [ 77.573747813933551, 12.917966223499819 ], [ 77.578357052304398, 12.917966223499819 ] ] ] } },
{ "type": "Feature", "properties": { "cell_id": 193, "lon": 77.580661671489821, "lat": 12.920212001437298 }, "geometry": { "type": "Polygon", "coordinates": [ [ [ 77.582966290675245, 12.917966223499819 ], [ 77.582966290675245, 12.922457779374774 ], [ 77.578357052304398, 12.922457779374774 ], [ 77.578357052304398, 12.917966223499819 ], [ 77.582966290675245, 12.917966223499819 ] ] ] } },
{ "type": "Feature", "properties": { "cell_id": 194, "lon": 77.585270909860668, "lat": 12.920212001437298 }, "geometry": { "type": "Polygon", "coordinates": [ [ [ 77.587575529046092, 12.917966223499819 ], [ 77.587575529046092, 12.922457779374774 ], [ 77.582966290675245, 12.922457779374774 ], [ 77.582966290675245, 12.917966223499819 ], [ 77.587575529046092, 12.917966223499819 ] ] ] } },
{ "type": "Feature", "properties": { "cell_id": 195, "lon": 77.589880148231515, "lat": 12.920212001437298 }, "geometry": { "type": "Polygon", "coordinates": [ [ [ 77.592184767416938, 12.917966223499819 ], [ 77.592184767416938, 12.922457779374774 ], [ 77.587575529046092, 12.922457779374774 ], [ 77.587575529046092, 12.917966223499819 ], [ 77.592184767416938, 12.917966223499819 ] ] ] } },
{ "type": "Feature", "properties": { "cell_id": 196, "lon": 77.594489386602362, "lat": 12.920212001437298 }, "geometry": { "type": "Polygon", "coordinates": [ [ [ 77.596794005787785, 12.917966223499819 ], [ 77.596794005787785, 12.922457779374774 ], [ 77.592184767416938, 12.922457779374774 ], [ 77.592184767416938, 12.917966223499819 ], [ 77.596794005787785, 12.917966223499819 ] ] ] } },
{ "type": "Feature", "properties": { "cell_id": 197, "lon": 77.599098624973209, "lat": 12.920212001437298 }, "geometry": { "type": "Polygon", "coordinates": [ [ [ 77.601403244158632, 12.917966223499819 ], [ 77.601403244158632, 12.922457779374774 ], [ 77.596794005787785, 12.922457779374774 ], [ 77.596794005787785, 12.917966223499819 ], [ 77.601403244158632, 12.917966223499819 ] ] ] } },
{ "type": "Feature", "properties": { "cell_id": 198, "lon": 77.603707863344056, "lat": 12.920212001437298 }, "geometry": { "type": "Polygon", "coordinates": [ [ [ 77.606012482529479, 12.917966223499819 ], [ 77.606012482529479, 12.922457779374774 ], [ 77.601403244158632, 12.922457779374774 ], [ 77.601403244158632, 12.917966223499819 ], [ 77.606012482529479, 12.917966223499819 ] ] ] } },
{ "type": "Feature", "properties": { "cell_id": 199, "lon": 77.608317101714903, "lat": 12.920212001437298 }, "geometry": { "type": "Polygon", "coordinates": [ [ [ 77.610621720900326, 12.917966223499819 ], [ 77.610621720900326, 12.922457779374774 ], [ 77.606012482529479, 12.922457779374774 ], [ 77.606012482529479, 12.917966223499819 ], [ 77.610621720900326, 12.917966223499819 ] ] ] } },
{ "type": "Feature", "properties": { "cell_id": 200, "lon": 77.61292634008575, "lat": 12.920212001437298 }, "geometry": { "type": "Polygon", "coordinates": [ [ [ 77.615230959271173, 12.917966223499819 ], [ 77.615230959271173, 12.922457779374774 ], [ 77.610621720900326, 12.922457779374774 ], [ 77.610621720900326, 12.917966223499819 ], [ 77.615230959271173, 12.917966223499819 ] ] ] } },
{ "type": "Feature", "properties": { "cell_id": 201, "lon": 77.617535578456597, "lat": 12.920212001437298 }, "geometry": { "type": "Polygon", "coordinates": [ [ [ 77.61984019764202, 12.917966223499819 ], [ 77.61984019764202, 12.922457779374774 ], [ 77.615230959271173, 12.922457779374774 ], [ 77.615230959271173, 12.917966223499819 ], [ 77.61984019764202, 12.917966223499819 ] ] ] } },
{ "type": "Feature", "properties": { "cell_id": 202, "lon": 77.622144816827443, "lat": 12.920212001437298 }, "geometry": { "type": "Polygon", "coordinates": [ [ [ 77.624449436012867, 12.917966223499819 ], [ 77.624449436012867, 12.922457779374774 ], [ 77.61984019764202, 12.922457779374774 ], [ 77.61984019764202, 12.917966223499819 ], [ 77.624449436012867, 12.917966223499819 ] ] ] } },
{ "type": "Feature", "properties": { "cell_id": 203, "lon": 77.62675405519829, "lat": 12.920212001437298 }, "geometry": { "type": "Polygon", "coordinates": [ [ [ 77.629058674383714, 12.917966223499819 ], [ 77.629058674383714, 12.922457779374774 ], [ 77.624449436012867, 12.922457779374774 ], [ 77.624449436012867, 12.917966223499819 ], [ 77.629058674383714, 12.917966223499819 ] ] ] } },
{ "type": "Feature", "properties": { "cell_id": 204, "lon": 77.631363293569137, "lat": 12.920212001437298 }, "geometry": { "type": "Polygon", "coordinates": [ [ [ 77.633667912754561, 12.917966223499819 ], [ 77.633667912754561, 12.922457779374774 ], [ 77.629058674383714, 12.922457779374774 ], [ 77.629058674383714, 12.917966223499819 ], [ 77.633667912754561, 12.917966223499819 ] ] ] } },
{ "type": "Feature", "properties": { "cell_id": 205, "lon": 77.635972531939984, "lat": 12.920212001437298 }, "geometry": { "type": "Polygon", "coordinates": [ [ [ 77.638277151125408, 12.917966223499819 ], [ 77.638277151125408, 12.922457779374774 ], [ 77.633667912754561, 12.922457779374774 ], [ 77.633667912754561, 12.917966223499819 ], [ 77.638277151125408, 12.917966223499819 ] ] ] } },
{ "type": "Feature", "properties": { "cell_id": 206, "lon": 77.640581770310831, "lat": 12.920212001437298 }, "geometry": { "type": "Polygon", "coordinates": [ [ [ 77.642886389496255, 12.917966223499819 ], [ 77.642886389496255, 12.922457779374774 ], [ 77.638277151125408, 12.922457779374774 ], [ 77.638277151125408, 12.917966223499819 ], [ 77.642886389496255, 12.917966223499819 ] ] ] } },
{ "type": "Feature", "properties": { "cell_id": 207, "lon": 77.645191008681678, "lat": 12.920212001437298 }, "geometry": { "type": "Polygon", "coordinates": [ [ [ 77.647495627867102, 12.917966223499819 ], [ 77.647495627867102, 12.922457779374774 ], [ 77.642886389496255, 12.922457779374774 ], [ 77.642886389496255, 12.917966223499819 ], [ 77.647495627867102, 12.917966223499819 ] ] ] } },
{ "type": "Feature", "properties": { "cell_id": 208, "lon": 77.649800247052525, "lat": 12.920212001437298 }, "geometry": { "type": "Polygon", "coordinates": [ [ [ 77.652104866237948, 12.917966223499819 ], [ 77.652104866237948, 12.922457779374774 ], [ 77.647495627867102, 12.922457779374774 ], [ 77.647495627867102, 12.917966223499819 ], [ 77.652104866237948, 12.917966223499819 ] ] ] } },
{ "type": "Feature", "properties": { "cell_id": 209, "lon": 77.654409485423372, "lat": 12.920212001437298 }, "geometry": { "type": "Polygon", "coordinates": [ [ [ 77.656714104608795, 12.917966223499819 ], [ 77.656714104608795, 12.922457779374774 ], [ 77.652104866237948, 12.922457779374774 ], [ 77.652104866237948, 12.917966223499819 ], [ 77.656714104608795, 12.917966223499819 ] ] ] } },
{ "type": "Feature", "properties": { "cell_id": 210, "lon": 77.659018723794219, "lat": 12.920212001437298 }, "geometry": { "type": "Polygon", "coordinates": [ [ [ 77.661323342979642, 12.917966223499819 ], [ 77.661323342979642, 12.922457779374774 ], [ 77.656714104608795, 12.922457779374774 ], [ 77.656714104608795, 12.917966223499819 ], [ 77.661323342979642, 12.917966223499819 ] ] ] } },
{ "type": "Feature", "properties": { "cell_id": 211, "lon": 77.663627962165066, "lat": 12.920212001437298 }, "geometry": { "type": "Polygon", "coordinates": [ [ [ 77.665932581350489, 12.917966223499819 ], [ 77.665932581350489, 12.922457779374774 ], [ 77.661323342979642, 12.922457779374774 ], [ 77.661323342979642, 12.917966223499819 ], [ 77.665932581350489, 12.917966223499819 ] ] ] } },
{ "type": "Feature", "properties": { "cell_id": 212, "lon": 77.668237200535913, "lat": 12.920212001437298 }, "geometry": { "type": "Polygon", "coordinates": [ [ [ 77.670541819721336, 12.917966223499819 ], [ 77.670541819721336, 12.922457779374774 ], [ 77.665932581350489, 12.922457779374774 ], [ 77.665932581350489, 12.917966223499819 ], [ 77.670541819721336, 12.917966223499819 ] ] ] } },
{ "type": "Feature", "properties": { "cell_id": 213, "lon": 77.67284643890676, "lat": 12.920212001437298 }, "geometry": { "type": "Polygon", "coordinates": [ [ [ 77.675151058092183, 12.917966223499819 ], [ 77.675151058092183, 12.922457779374774 ], [ 77.670541819721336, 12.922457779374774 ], [ 77.670541819721336, 12.917966223499819 ], [ 77.675151058092183, 12.917966223499819 ] ] ] } },
{ "type": "Feature", "properties": { "cell_id": 214, "lon": 77.677455677277607, "lat": 12.920212001437298 }, "geometry": { "type": "Polygon", "coordinates": [ [ [ 77.67976029646303, 12.917966223499819 ], [ 77.67976029646303, 12.922457779374774 ], [ 77.675151058092183, 12.922457779374774 ], [ 77.675151058092183, 12.917966223499819 ], [ 77.67976029646303, 12.917966223499819 ] ] ] } },
{ "type": "Feature", "properties": { "cell_id": 215, "lon": 77.682064915648454, "lat": 12.920212001437298 }, "geometry": { "type": "Polygon", "coordinates": [ [ [ 77.684369534833877, 12.917966223499819 ], [ 77.684369534833877, 12.922457779374774 ], [ 77.67976029646303, 12.922457779374774 ], [ 77.67976029646303, 12.917966223499819 ], [ 77.684369534833877, 12.917966223499819 ] ] ] } },
{ "type": "Feature", "properties": { "cell_id": 216, "lon": 77.6866741540193, "lat": 12.920212001437298 }, "geometry": { "type": "Polygon", "coordinates": [ [ [ 77.688978773204724, 12.917966223499819 ], [ 77.688978773204724, 12.922457779374774 ], [ 77.684369534833877, 12.922457779374774 ], [ 77.684369534833877, 12.917966223499819 ], [ 77.688978773204724, 12.917966223499819 ] ] ] } },
{ "type": "Feature", "properties": { "cell_id": 217, "lon": 77.691283392390147, "lat": 12.920212001437298 }, "geometry": { "type": "Polygon", "coordinates": [ [ [ 77.693588011575571, 12.917966223499819 ], [ 77.693588011575571, 12.922457779374774 ], [ 77.688978773204724, 12.922457779374774 ], [ 77.688978773204724, 12.917966223499819 ], [ 77.693588011575571, 12.917966223499819 ] ] ] } },
{ "type": "Feature", "properties": { "cell_id": 218, "lon": 77.695892630760994, "lat": 12.920212001437298 }, "geometry": { "type": "Polygon", "coordinates": [ [ [ 77.698197249946418, 12.917966223499819 ], [ 77.698197249946418, 12.922457779374774 ], [ 77.693588011575571, 12.922457779374774 ], [ 77.693588011575571, 12.917966223499819 ], [ 77.698197249946418, 12.917966223499819 ] ] ] } },
{ "type": "Feature", "properties": { "cell_id": 219, "lon": 77.700501869131841, "lat": 12.920212001437298 }, "geometry": { "type": "Polygon", "coordinates": [ [ [ 77.702806488317265, 12.917966223499819 ], [ 77.702806488317265, 12.922457779374774 ], [ 77.698197249946418, 12.922457779374774 ], [ 77.698197249946418, 12.917966223499819 ], [ 77.702806488317265, 12.917966223499819 ] ] ] } },
{ "type": "Feature", "properties": { "cell_id": 220, "lon": 77.502304619185423, "lat": 12.924703557312252 }, "geometry": { "type": "Polygon", "coordinates": [ [ [ 77.504609238370847, 12.922457779374774 ], [ 77.504609238370847, 12.926949335249729 ], [ 77.5, 12.926949335249729 ], [ 77.5, 12.922457779374774 ], [ 77.504609238370847, 12.922457779374774 ] ] ] } },
{ "type": "Feature", "properties": { "cell_id": 221, "lon": 77.50691385755627, "lat": 12.924703557312252 }, "geometry": { "type": "Polygon", "coordinates": [ [ [ 77.509218476741694, 12.922457779374774 ], [ 77.509218476741694, 12.926949335249729 ], [ 77.504609238370847, 12.926949335249729 ], [ 77.504609238370847, 12.922457779374774 ], [ 77.509218476741694, 12.922457779374774 ] ] ] } },
{ "type": "Feature", "properties": { "cell_id": 222, "lon": 77.511523095927117, "lat": 12.924703557312252 }, "geometry": { "type": "Polygon", "coordinates": [ [ [ 77.513827715112541, 12.922457779374774 ], [ 77.513827715112541, 12.926949335249729 ], [ 77.509218476741694, 12.926949335249729 ], [ 77.509218476741694, 12.922457779374774 ], [ 77.513827715112541, 12.922457779374774 ] ] ] } },
{ "type": "Feature", "properties": { "cell_id": 223, "lon": 77.516132334297964, "lat": 12.924703557312252 }, "geometry": { "type": "Polygon", "coordinates": [ [ [ 77.518436953483388, 12.922457779374774 ], [ 77.518436953483388, 12.926949335249729 ], [ 77.513827715112541, 12.926949335249729 ], [ 77.513827715112541, 12.922457779374774 ], [ 77.518436953483388, 12.922457779374774 ] ] ] } },
{ "type": "Feature", "properties": { "cell_id": 224, "lon": 77.520741572668811, "lat": 12.924703557312252 }, "geometry": { "type": "Polygon", "coordinates": [ [ [ 77.523046191854235, 12.922457779374774 ], [ 77.523046191854235, 12.926949335249729 ], [ 77.518436953483388, 12.926949335249729 ], [ 77.518436953483388, 12.922457779374774 ], [ 77.523046191854235, 12.922457779374774 ] ] ] } },
{ "type": "Feature", "properties": { "cell_id": 225, "lon": 77.525350811039658, "lat": 12.924703557312252 }, "geometry": { "type": "Polygon", "coordinates": [ [ [ 77.527655430225082, 12.922457779374774 ], [ 77.527655430225082, 12.926949335249729 ], [ 77.523046191854235, 12.926949335249729 ], [ 77.523046191854235, 12.922457779374774 ], [ 77.527655430225082, 12.922457779374774 ] ] ] } },
{ "type": "Feature", "properties": { "cell_id": 226, "lon": 77.529960049410505, "lat": 12.924703557312252 }, "geometry": { "type": "Polygon", "coordinates": [ [ [ 77.532264668595928, 12.922457779374774 ], [ 77.532264668595928, 12.926949335249729 ], [ 77.527655430225082, 12.926949335249729 ], [ 77.527655430225082, 12.922457779374774 ], [ 77.532264668595928, 12.922457779374774 ] ] ] } },
{ "type": "Feature", "properties": { "cell_id": 227, "lon": 77.534569287781352, "lat": 12.924703557312252 }, "geometry": { "type": "Polygon", "coordinates": [ [ [ 77.536873906966775, 12.922457779374774 ], [ 77.536873906966775, 12.926949335249729 ], [ 77.532264668595928, 12.926949335249729 ], [ 77.532264668595928, 12.922457779374774 ], [ 77.536873906966775, 12.922457779374774 ] ] ] } },
{ "type": "Feature", "properties": { "cell_id": 228, "lon": 77.539178526152199, "lat": 12.924703557312252 }, "geometry": { "type": "Polygon", "coordinates": [ [ [ 77.541483145337622, 12.922457779374774 ], [ 77.541483145337622, 12.926949335249729 ], [ 77.536873906966775, 12.926949335249729 ], [ 77.536873906966775, 12.922457779374774 ], [ 77.541483145337622, 12.922457779374774 ] ] ] } },
{ "type": "Feature", "properties": { "cell_id": 229, "lon": 77.543787764523046, "lat": 12.924703557312252 }, "geometry": { "type": "Polygon", "coordinates": [ [ [ 77.546092383708469, 12.922457779374774 ], [ 77.546092383708469, 12.926949335249729 ], [ 77.541483145337622, 12.926949335249729 ], [ 77.541483145337622, 12.922457779374774 ], [ 77.546092383708469, 12.922457779374774 ] ] ] } },
{ "type": "Feature", "properties": { "cell_id": 230, "lon": 77.548397002893893, "lat": 12.924703557312252 }, "geometry": { "type": "Polygon", "coordinates": [ [ [ 77.550701622079316, 12.922457779374774 ], [ 77.550701622079316, 12.926949335249729 ], [ 77.546092383708469, 12.926949335249729 ], [ 77.546092383708469, 12.922457779374774 ], [ 77.550701622079316, 12.922457779374774 ] ] ] } },
{ "type": "Feature", "properties": { "cell_id": 231, "lon": 77.55300624126474, "lat": 12.924703557312252 }, "geometry": { "type": "Polygon", "coordinates": [ [ [ 77.555310860450163, 12.922457779374774 ], [ 77.555310860450163, 12.926949335249729 ], [ 77.550701622079316, 12.926949335249729 ], [ 77.550701622079316, 12.922457779374774 ], [ 77.555310860450163, 12.922457779374774 ] ] ] } },
{ "type": "Feature", "properties": { "cell_id": 232, "lon": 77.557615479635587, "lat": 12.924703557312252 }, "geometry": { "type": "Polygon", "coordinates": [ [ [ 77.55992009882101, 12.922457779374774 ], [ 77.55992009882101, 12.926949335249729 ], [ 77.555310860450163, 12.926949335249729 ], [ 77.555310860450163, 12.922457779374774 ], [ 77.55992009882101, 12.922457779374774 ] ] ] } },
{ "type": "Feature", "properties": { "cell_id": 233, "lon": 77.562224718006433, "lat": 12.924703557312252 }, "geometry": { "type": "Polygon", "coordinates": [ [ [ 77.564529337191857, 12.922457779374774 ], [ 77.564529337191857, 12.926949335249729 ], [ 77.55992009882101, 12.926949335249729 ], [ 77.55992009882101, 12.922457779374774 ], [ 77.564529337191857, 12.922457779374774 ] ] ] } },
{ "type": "Feature", "properties": { "cell_id": 234, "lon": 77.56683395637728, "lat": 12.924703557312252 }, "geometry": { "type": "Polygon", "coordinates": [ [ [ 77.569138575562704, 12.922457779374774 ], [ 77.569138575562704, 12.926949335249729 ], [ 77.564529337191857, 12.926949335249729 ], [ 77.564529337191857, 12.922457779374774 ], [ 77.569138575562704, 12.922457779374774 ] ] ] } },
{ "type": "Feature", "properties": { "cell_id": 235, "lon": 77.571443194748127, "lat": 12.924703557312252 }, "geometry": { "type": "Polygon", "coordinates": [ [ [ 77.573747813933551, 12.922457779374774 ], [ 77.573747813933551, 12.926949335249729 ], [ 77.569138575562704, 12.926949335249729 ], [ 77.569138575562704, 12.922457779374774 ], [ 77.573747813933551, 12.922457779374774 ] ] ] } },
{ "type": "Feature", "properties": { "cell_id": 236, "lon": 77.576052433118974, "lat": 12.924703557312252 }, "geometry": { "type": "Polygon", "coordinates": [ [ [ 77.578357052304398, 12.922457779374774 ], [ 77.578357052304398, 12.926949335249729 ], [ 77.573747813933551, 12.926949335249729 ], [ 77.573747813933551, 12.922457779374774 ], [ 77.578357052304398, 12.922457779374774 ] ] ] } },
{ "type": "Feature", "properties": { "cell_id": 237, "lon": 77.580661671489821, "lat": 12.924703557312252 }, "geometry": { "type": "Polygon", "coordinates": [ [ [ 77.582966290675245, 12.922457779374774 ], [ 77.582966290675245, 12.926949335249729 ], [ 77.578357052304398, 12.926949335249729 ], [ 77.578357052304398, 12.922457779374774 ], [ 77.582966290675245, 12.922457779374774 ] ] ] } },
{ "type": "Feature", "properties": { "cell_id": 238, "lon": 77.585270909860668, "lat": 12.924703557312252 }, "geometry": { "type": "Polygon", "coordinates": [ [ [ 77.587575529046092, 12.922457779374774 ], [ 77.587575529046092, 12.926949335249729 ], [ 77.582966290675245, 12.926949335249729 ], [ 77.582966290675245, 12.922457779374774 ], [ 77.587575529046092, 12.922457779374774 ] ] ] } },
{ "type": "Feature", "properties": { "cell_id": 239, "lon": 77.589880148231515, "lat": 12.924703557312252 }, "geometry": { "type": "Polygon", "coordinates": [ [ [ 77.592184767416938, 12.922457779374774 ], [ 77.592184767416938, 12.926949335249729 ], [ 77.587575529046092, 12.926949335249729 ], [ 77.587575529046092, 12.922457779374774 ], [ 77.592184767416938, 12.922457779374774 ] ] ] } },
{ "type": "Feature", "properties": { "cell_id": 240, "lon": 77.594489386602362, "lat": 12.924703557312252 }, "geometry": { "type": "Polygon", "coordinates": [ [ [ 77.596794005787785, 12.922457779374774 ], [ 77.596794005787785, 12.926949335249729 ], [ 77.592184767416938, 12.926949335249729 ], [ 77.592184767416938, 12.922457779374774 ], [ 77.596794005787785, 12.922457779374774 ] ] ] } },
{ "type": "Feature", "properties": { "cell_id": 241, "lon": 77.599098624973209, "lat": 12.924703557312252 }, "geometry": { "type": "Polygon", "coordinates": [ [ [ 77.601403244158632, 12.922457779374774 ], [ 77.601403244158632, 12.926949335249729 ], [ 77.596794005787785, 12.926949335249729 ], [ 77.596794005787785, 12.922457779374774 ], [ 77.601403244158632, 12.922457779374774 ] ] ] } },
{ "type": "Feature", "properties": { "cell_id": 242, "lon": 77.603707863344056, "lat": 12.924703557312252 }, "geometry": { "type": "Polygon", "coordinates": [ [ [ 77.606012482529479, 12.922457779374774 ], [ 77.606012482529479, 12.926949335249729 ], [ 77.601403244158632, 12.926949335249729 ], [ 77.601403244158632, 12.922457779374774 ], [ 77.606012482529479, 12.922457779374774 ] ] ] } },
{ "type": "Feature", "properties": { "cell_id": 243, "lon": 77.608317101714903, "lat": 12.924703557312252 }, "geometry": { "type": "Polygon", "coordinates": [ [ [ 77.610621720900326, 12.922457779374774 ], [ 77.610621720900326, 12.926949335249729 ], [ 77.606012482529479, 12.926949335249729 ], [ 77.606012482529479, 12.922457779374774 ], [ 77.610621720900326, 12.922457779374774 ] ] ] } },
{ "type": "Feature", "properties": { "cell_id": 244, "lon": 77.61292634008575, "lat": 12.924703557312252 }, "geometry": { "type": "Polygon", "coordinates": [ [ [ 77.615230959271173, 12.922457779374774 ], [ 77.615230959271173, 12.926949335249729 ], [ 77.610621720900326, 12.926949335249729 ], [ 77.610621720900326, 12.922457779374774 ], [ 77.615230959271173, 12.922457779374774 ] ] ] } },
{ "type": "Feature", "properties": { "cell_id": 245, "lon": 77.617535578456597, "lat": 12.924703557312252 }, "geometry": { "type": "Polygon", "coordinates": [ [ [ 77.61984019764202, 12.922457779374774 ], [ 77.61984019764202, 12.926949335249729 ], [ 77.615230959271173, 12.926949335249729 ], [ 77.615230959271173, 12.922457779374774 ], [ 77.61984019764202, 12.922457779374774 ] ] ] } },
{ "type": "Feature", "properties": { "cell_id": 246, "lon": 77.622144816827443, "lat": 12.924703557312252 }, "geometry": { "type": "Polygon", "coordinates": [ [ [ 77.624449436012867, 12.922457779374774 ], [ 77.624449436012867, 12.926949335249729 ], [ 77.61984019764202, 12.926949335249729 ], [ 77.61984019764202, 12.922457779374774 ], [ 77.624449436012867, 12.922457779374774 ] ] ] } },
{ "type": "Feature", "properties": { "cell_id": 247, "lon": 77.62675405519829, "lat": 12.924703557312252 }, "geometry": { "type": "Polygon", "coordinates": [ [ [ 77.629058674383714, 12.922457779374774 ], [ 77.629058674383714, 12.926949335249729 ], [ 77.624449436012867, 12.926949335249729 ], [ 77.624449436012867, 12.922457779374774 ], [ 77.629058674383714, 12.922457779374774 ] ] ] } },
{ "type": "Feature", "properties": { "cell_id": 248, "lon": 77.631363293569137, "lat": 12.924703557312252 }, "geometry": { "type": "Polygon", "coordinates": [ [ [ 77.633667912754561, 12.922457779374774 ], [ 77.633667912754561, 12.926949335249729 ], [ 77.629058674383714, 12.926949335249729 ], [ 77.629058674383714, 12.922457779374774 ], [ 77.633667912754561, 12.922457779374774 ] ] ] } },
{ "type": "Feature", "properties": { "cell_id": 249, "lon": 77.635972531939984, "lat": 12.924703557312252 }, "geometry": { "type": "Polygon", "coordinates": [ [ [ 77.638277151125408, 12.922457779374774 ], [ 77.638277151125408, 12.926949335249729 ], [ 77.633667912754561, 12.926949335249729 ], [ 77.633667912754561, 12.922457779374774 ], [ 77.638277151125408, 12.922457779374774 ] ] ] } },
{ "type": "Feature", "properties": { "cell_id": 250, "lon": 77.640581770310831, "lat": 12.924703557312252 }, "geometry": { "type": "Polygon", "coordinates": [ [ [ 77.642886389496255, 12.922457779374774 ], [ 77.642886389496255, 12.926949335249729 ], [ 77.638277151125408, 12.926949335249729 ], [ 77.638277151125408, 12.922457779374774 ], [ 77.642886389496255, 12.922457779374774 ] ] ] } },
{ "type": "Feature", "properties": { "cell_id": 251, "lon": 77.645191008681678, "lat": 12.924703557312252 }, "geometry": { "type": "Polygon", "coordinates": [ [ [ 77.647495627867102, 12.922457779374774 ], [ 77.647495627867102, 12.926949335249729 ], [ 77.642886389496255, 12.926949335249729 ], [ 77.642886389496255, 12.922457779374774 ], [ 77.647495627867102, 12.922457779374774 ] ] ] } },
{ "type": "Feature", "properties": { "cell_id": 252, "lon": 77.649800247052525, "lat": 12.924703557312252 }, "geometry": { "type": "Polygon", "coordinates": [ [ [ 77.652104866237948, 12.922457779374774 ], [ 77.652104866237948, 12.926949335249729 ], [ 77.647495627867102, 12.926949335249729 ], [ 77.647495627867102, 12.922457779374774 ], [ 77.652104866237948, 12.922457779374774 ] ] ] } },
{ "type": "Feature", "properties": { "cell_id": 253, "lon": 77.654409485423372, "lat": 12.924703557312252 }, "geometry": { "type": "Polygon", "coordinates": [ [ [ 77.656714104608795, 12.922457779374774 ], [ 77.656714104608795, 12.926949335249729 ], [ 77.652104866237948, 12.926949335249729 ], [ 77.652104866237948, 12.922457779374774 ], [ 77.656714104608795, 12.922457779374774 ] ] ] } },
{ "type": "Feature", "properties": { "cell_id": 254, "lon": 77.659018723794219, "lat": 12.924703557312252 }, "geometry": { "type": "Polygon", "coordinates": [ [ [ 77.661323342979642, 12.922457779374774 ], [ 77.661323342979642, 12.926949335249729 ], [ 77.656714104608795, 12.926949335249729 ], [ 77.656714104608795, 12.922457779374774 ], [ 77.661323342979642, 12.922457779374774 ] ] ] } },
{ "type": "Feature", "properties": { "cell_id": 255, "lon": 77.663627962165066, "lat": 12.924703557312252 }, "geometry": { "type": "Polygon", "coordinates": [ [ [ 77.665932581350489, 12.922457779374774 ], [ 77.665932581350489, 12.926949335249729 ], [ 77.661323342979642, 12.926949335249729 ], [ 77.661323342979642, 12.922457779374774 ], [ 77.665932581350489, 12.922457779374774 ] ] ] } },
{ "type": "Feature", "properties": { "cell_id": 256, "lon": 77.668237200535913, "lat": 12.924703557312252 }, "geometry": { "type": "Polygon", "coordinates": [ [ [ 77.670541819721336, 12.922457779374774 ], [ 77.670541819721336, 12.926949335249729 ], [ 77.665932581350489, 12.926949335249729 ], [ 77.665932581350489, 12.922457779374774 ], [ 77.670541819721336, 12.922457779374774 ] ] ] } },
{ "type": "Feature", "properties": { "cell_id": 257, "lon": 77.67284643890676, "lat": 12.924703557312252 }, "geometry": { "type": "Polygon", "coordinates": [ [ [ 77.675151058092183, 12.922457779374774 ], [ 77.675151058092183, 12.926949335249729 ], [ 77.670541819721336, 12.926949335249729 ], [ 77.670541819721336, 12.922457779374774 ], [ 77.675151058092183, 12.922457779374774 ] ] ] } },
{ "type": "Feature", "properties": { "cell_id": 258, "lon": 77.677455677277607, "lat": 12.924703557312252 }, "geometry": { "type": "Polygon", "coordinates": [ [ [ 77.67976029646303, 12.922457779374774 ], [ 77.67976029646303, 12.926949335249729 ], [ 77.675151058092183, 12.926949335249729 ], [ 77.675151058092183, 12.922457779374774 ], [ 77.67976029646303, 12.922457779374774 ] ] ] } },
{ "type": "Feature", "properties": { "cell_id": 259, "lon": 77.682064915648454, "lat": 12.924703557312252 }, "geometry": { "type": "Polygon", "coordinates": [ [ [ 77.684369534833877, 12.922457779374774 ], [ 77.684369534833877, 12.926949335249729 ], [ 77.67976029646303, 12.926949335249729 ], [ 77.67976029646303, 12.922457779374774 ], [ 77.684369534833877, 12.922457779374774 ] ] ] } },
{ "type": "Feature", "properties": { "cell_id": 260, "lon": 77.6866741540193, "lat": 12.924703557312252 }, "geometry": { "type": "Polygon", "coordinates": [ [ [ 77.688978773204724, 12.922457779374774 ], [ 77.688978773204724, 12.926949335249729 ], [ 77.684369534833877, 12.926949335249729 ], [ 77.684369534833877, 12.922457779374774 ], [ 77.688978773204724, 12.922457779374774 ] ] ] } },
{ "type": "Feature", "properties": { "cell_id": 261, "lon": 77.691283392390147, "lat": 12.924703557312252 }, "geometry": { "type": "Polygon", "coordinates": [ [ [ 77.693588011575571, 12.922457779374774 ], [ 77.693588011575571, 12.926949335249729 ], [ 77.688978773204724, 12.926949335249729 ], [ 77.688978773204724, 12.922457779374774 ], [ 77.693588011575571, 12.922457779374774 ] ] ] } },
{ "type": "Feature", "properties": { "cell_id": 262, "lon": 77.695892630760994, "lat": 12.924703557312252 }, "geometry": { "type": "Polygon", "coordinates": [ [ [ 77.698197249946418, 12.922457779374774 ], [ 77.698197249946418, 12.926949335249729 ], [ 77.693588011575571, 12.926949335249729 ], [ 77.693588011575571, 12.922457779374774 ], [ 77.698197249946418, 12.922457779374774 ] ] ] } },
{ "type": "Feature", "properties": { "cell_id": 263, "lon": 77.700501869131841, "lat": 12.924703557312252 }, "geometry": { "type": "Polygon", "coordinates": [ [ [ 77.702806488317265, 12.922457779374774 ], [ 77.702806488317265, 12.926949335249729 ], [ 77.698197249946418, 12.926949335249729 ], [ 77.698197249946418, 12.922457779374774 ], [ 77.702806488317265, 12.922457779374774 ] ] ] } },
{ "type": "Feature", "properties": { "cell_id": 264, "lon": 77.502304619185423, "lat": 12.929195113187207 }, "geometry": { "type": "Polygon", "coordinates": [ [ [ 77.504609238370847, 12.926949335249729 ], [ 77.504609238370847, 12.931440891124684 ], [ 77.5, 12.931440891124684 ], [ 77.5, 12.926949335249729 ], [ 77.504609238370847, 12.926949335249729 ] ] ] } },
{ "type": "Feature", "properties": { "cell_id": 265, "lon": 77.50691385755627, "lat": 12.929195113187207 }, "geometry": { "type": "Polygon", "coordinates": [ [ [ 77.509218476741694, 12.926949335249729 ], [ 77.509218476741694, 12.931440891124684 ], [ 77.504609238370847, 12.931440891124684 ], [ 77.504609238370847, 12.926949335249729 ], [ 77.509218476741694, 12.926949335249729 ] ] ] } },
{ "type": "Feature", "properties": { "cell_id": 266, "lon": 77.511523095927117, "lat": 12.929195113187207 }, "geometry": { "type": "Polygon", "coordinates": [ [ [ 77.513827715112541, 12.926949335249729 ], [ 77.513827715112541, 12.931440891124684 ], [ 77.509218476741694, 12.931440891124684 ], [ 77.509218476741694, 12.926949335249729 ], [ 77.513827715112541, 12.926949335249729 ] ] ] } },
{ "type": "Feature", "properties": { "cell_id": 267, "lon": 77.516132334297964, "lat": 12.929195113187207 }, "geometry": { "type": "Polygon", "coordinates": [ [ [ 77.518436953483388, 12.926949335249729 ], [ 77.518436953483388, 12.931440891124684 ], [ 77.513827715112541, 12.931440891124684 ], [ 77.513827715112541, 12.926949335249729 ], [ 77.518436953483388, 12.926949335249729 ] ] ] } },
{ "type": "Feature", "properties": { "cell_id": 268, "lon": 77.520741572668811, "lat": 12.929195113187207 }, "geometry": { "type": "Polygon", "coordinates": [ [ [ 77.523046191854235, 12.926949335249729 ], [ 77.523046191854235, 12.931440891124684 ], [ 77.518436953483388, 12.931440891124684 ], [ 77.518436953483388, 12.926949335249729 ], [ 77.523046191854235, 12.926949335249729 ] ] ] } },
{ "type": "Feature", "properties": { "cell_id": 269, "lon": 77.525350811039658, "lat": 12.929195113187207 }, "geometry": { "type": "Polygon", "coordinates": [ [ [ 77.527655430225082, 12.926949335249729 ], [ 77.527655430225082, 12.931440891124684 ], [ 77.523046191854235, 12.931440891124684 ], [ 77.523046191854235, 12.926949335249729 ], [ 77.527655430225082, 12.926949335249729 ] ] ] } },
{ "type": "Feature", "properties": { "cell_id": 270, "lon": 77.529960049410505, "lat": 12.929195113187207 }, "geometry": { "type": "Polygon", "coordinates": [ [ [ 77.532264668595928, 12.926949335249729 ], [ 77.532264668595928, 12.931440891124684 ], [ 77.527655430225082, 12.931440891124684 ], [ 77.527655430225082, 12.926949335249729 ], [ 77.532264668595928, 12.926949335249729 ] ] ] } },
{ "type": "Feature", "properties": { "cell_id": 271, "lon": 77.534569287781352, "lat": 12.929195113187207 }, "geometry": { "type": "Polygon", "coordinates": [ [ [ 77.536873906966775, 12.926949335249729 ], [ 77.536873906966775, 12.931440891124684 ], [ 77.532264668595928, 12.931440891124684 ], [ 77.532264668595928, 12.926949335249729 ], [ 77.536873906966775, 12.926949335249729 ] ] ] } },
{ "type": "Feature", "properties": { "cell_id": 272, "lon": 77.539178526152199, "lat": 12.929195113187207 }, "geometry": { "type": "Polygon", "coordinates": [ [ [ 77.541483145337622, 12.926949335249729 ], [ 77.541483145337622, 12.931440891124684 ], [ 77.536873906966775, 12.931440891124684 ], [ 77.536873906966775, 12.926949335249729 ], [ 77.541483145337622, 12.926949335249729 ] ] ] } },
{ "type": "Feature", "properties": { "cell_id": 273, "lon": 77.543787764523046, "lat": 12.929195113187207 }, "geometry": { "type": "Polygon", "coordinates": [ [ [ 77.546092383708469, 12.926949335249729 ], [ 77.546092383708469, 12.931440891124684 ], [ 77.541483145337622, 12.931440891124684 ], [ 77.541483145337622, 12.926949335249729 ], [ 77.546092383708469, 12.926949335249729 ] ] ] } },
{ "type": "Feature", "properties": { "cell_id": 274, "lon": 77.548397002893893, "lat": 12.929195113187207 }, "geometry": { "type": "Polygon", "coordinates": [ [ [ 77.550701622079316, 12.926949335249729 ], [ 77.550701622079316, 12.931440891124684 ], [ 77.546092383708469, 12.931440891124684 ], [ 77.546092383708469, 12.926949335249729 ], [ 77.550701622079316, 12.926949335249729 ] ] ] } },
{ "type": "Feature", "properties": { "cell_id": 275, "lon": 77.55300624126474, "lat": 12.929195113187207 }, "geometry": { "type": "Polygon", "coordinates": [ [ [ 77.555310860450163, 12.926949335249729 ], [ 77.555310860450163, 12.931440891124684 ], [ 77.550701622079316, 12.931440891124684 ], [ 77.550701622079316, 12.926949335249729 ], [ 77.555310860450163, 12.926949335249729 ] ] ] } },
{ "type": "Feature", "properties": { "cell_id": 276, "lon": 77.557615479635587, "lat": 12.929195113187207 }, "geometry": { "type": "Polygon", "coordinates": [ [ [ 77.55992009882101, 12.926949335249729 ], [ 77.55992009882101, 12.931440891124684 ], [ 77.555310860450163, 12.931440891124684 ], [ 77.555310860450163, 12.926949335249729 ], [ 77.55992009882101, 12.926949335249729 ] ] ] } },
{ "type": "Feature", "properties": { "cell_id": 277, "lon": 77.562224718006433, "lat": 12.929195113187207 }, "geometry": { "type": "Polygon", "coordinates": [ [ [ 77.564529337191857, 12.926949335249729 ], [ 77.564529337191857, 12.931440891124684 ], [ 77.55992009882101, 12.931440891124684 ], [ 77.55992009882101, 12.926949335249729 ], [ 77.564529337191857, 12.926949335249729 ] ] ] } },
{ "type": "Feature", "properties": { "cell_id": 278, "lon": 77.56683395637728, "lat": 12.929195113187207 }, "geometry": { "type": "Polygon", "coordinates": [ [ [ 77.569138575562704, 12.926949335249729 ], [ 77.569138575562704, 12.931440891124684 ], [ 77.564529337191857, 12.931440891124684 ], [ 77.564529337191857, 12.926949335249729 ], [ 77.569138575562704, 12.926949335249729 ] ] ] } },
{ "type": "Feature", "properties": { "cell_id": 279, "lon": 77.571443194748127, "lat": 12.929195113187207 }, "geometry": { "type": "Polygon", "coordinates": [ [ [ 77.573747813933551, 12.926949335249729 ], [ 77.573747813933551, 12.931440891124684 ], [ 77.569138575562704, 12.931440891124684 ], [ 77.569138575562704, 12.926949335249729 ], [ 77.573747813933551, 12.926949335249729 ] ] ] } },
{ "type": "Feature", "properties": { "cell_id": 280, "lon": 77.576052433118974, "lat": 12.929195113187207 }, "geometry": { "type": "Polygon", "coordinates": [ [ [ 77.578357052304398, 12.926949335249729 ], [ 77.578357052304398, 12.931440891124684 ], [ 77.573747813933551, 12.931440891124684 ], [ 77.573747813933551, 12.926949335249729 ], [ 77.578357052304398, 12.926949335249729 ] ] ] } },
{ "type": "Feature", "properties": { "cell_id": 281, "lon": 77.580661671489821, "lat": 12.929195113187207 }, "geometry": { "type": "Polygon", "coordinates": [ [ [ 77.582966290675245, 12.926949335249729 ], [ 77.582966290675245, 12.931440891124684 ], [ 77.578357052304398, 12.931440891124684 ], [ 77.578357052304398, 12.926949335249729 ], [ 77.582966290675245, 12.926949335249729 ] ] ] } },
{ "type": "Feature", "properties": { "cell_id": 282, "lon": 77.585270909860668, "lat": 12.929195113187207 }, "geometry": { "type": "Polygon", "coordinates": [ [ [ 77.587575529046092, 12.926949335249729 ], [ 77.587575529046092, 12.931440891124684 ], [ 77.582966290675245, 12.931440891124684 ], [ 77.582966290675245, 12.926949335249729 ], [ 77.587575529046092, 12.926949335249729 ] ] ] } },
{ "type": "Feature", "properties": { "cell_id": 283, "lon": 77.589880148231515, "lat": 12.929195113187207 }, "geometry": { "type": "Polygon", "coordinates": [ [ [ 77.592184767416938, 12.926949335249729 ], [ 77.592184767416938, 12.931440891124684 ], [ 77.587575529046092, 12.931440891124684 ], [ 77.587575529046092, 12.926949335249729 ], [ 77.592184767416938, 12.926949335249729 ] ] ] } },
{ "type": "Feature", "properties": { "cell_id": 284, "lon": 77.594489386602362, "lat": 12.929195113187207 }, "geometry": { "type": "Polygon", "coordinates": [ [ [ 77.596794005787785, 12.926949335249729 ], [ 77.596794005787785, 12.931440891124684 ], [ 77.592184767416938, 12.931440891124684 ], [ 77.592184767416938, 12.926949335249729 ], [ 77.596794005787785, 12.926949335249729 ] ] ] } },
{ "type": "Feature", "properties": { "cell_id": 285, "lon": 77.599098624973209, "lat": 12.929195113187207 }, "geometry": { "type": "Polygon", "coordinates": [ [ [ 77.601403244158632, 12.926949335249729 ], [ 77.601403244158632, 12.931440891124684 ], [ 77.596794005787785, 12.931440891124684 ], [ 77.596794005787785, 12.926949335249729 ], [ 77.601403244158632, 12.926949335249729 ] ] ] } },
{ "type": "Feature", "properties": { "cell_id": 286, "lon": 77.603707863344056, "lat": 12.929195113187207 }, "geometry": { "type": "Polygon", "coordinates": [ [ [ 77.606012482529479, 12.926949335249729 ], [ 77.606012482529479, 12.931440891124684 ], [ 77.601403244158632, 12.931440891124684 ], [ 77.601403244158632, 12.926949335249729 ], [ 77.606012482529479, 12.926949335249729 ] ] ] } },
{ "type": "Feature", "properties": { "cell_id": 287, "lon": 77.608317101714903, "lat": 12.929195113187207 }, "geometry": { "type": "Polygon", "coordinates": [ [ [ 77.610621720900326, 12.926949335249729 ], [ 77.610621720900326, 12.931440891124684 ], [ 77.606012482529479, 12.931440891124684 ], [ 77.606012482529479, 12.926949335249729 ], [ 77.610621720900326, 12.926949335249729 ] ] ] } },
{ "type": "Feature", "properties": { "cell_id": 288, "lon": 77.61292634008575, "lat": 12.929195113187207 }, "geometry": { "type": "Polygon", "coordinates": [ [ [ 77.615230959271173, 12.926949335249729 ], [ 77.615230959271173, 12.931440891124684 ], [ 77.610621720900326, 12.931440891124684 ], [ 77.610621720900326, 12.926949335249729 ], [ 77.615230959271173, 12.926949335249729 ] ] ] } },
{ "type": "Feature", "properties": { "cell_id": 289, "lon": 77.617535578456597, "lat": 12.929195113187207 }, "geometry": { "type": "Polygon", "coordinates": [ [ [ 77.61984019764202, 12.926949335249729 ], [ 77.61984019764202, 12.931440891124684 ], [ 77.615230959271173, 12.931440891124684 ], [ 77.615230959271173, 12.926949335249729 ], [ 77.61984019764202, 12.926949335249729 ] ] ] } },
{ "type": "Feature", "properties": { "cell_id": 290, "lon": 77.622144816827443, "lat": 12.929195113187207 }, "geometry": { "type": "Polygon", "coordinates": [ [ [ 77.624449436012867, 12.926949335249729 ], [ 77.624449436012867, 12.931440891124684 ], [ 77.61984019764202, 12.931440891124684 ], [ 77.61984019764202, 12.926949335249729 ], [ 77.624449436012867, 12.926949335249729 ] ] ] } },
{ "type": "Feature", "properties": { "cell_id": 291, "lon": 77.62675405519829, "lat": 12.929195113187207 }, "geometry": { "type": "Polygon", "coordinates": [ [ [ 77.629058674383714, 12.926949335249729 ], [ 77.629058674383714, 12.931440891124684 ], [ 77.624449436012867, 12.931440891124684 ], [ 77.624449436012867, 12.926949335249729 ], [ 77.629058674383714, 12.926949335249729 ] ] ] } },
{ "type": "Feature", "properties": { "cell_id": 292, "lon": 77.631363293569137, "lat": 12.929195113187207 }, "geometry": { "type": "Polygon", "coordinates": [ [ [ 77.633667912754561, 12.926949335249729 ], [ 77.633667912754561, 12.931440891124684 ], [ 77.629058674383714, 12.931440891124684 ], [ 77.629058674383714, 12.926949335249729 ], [ 77.633667912754561, 12.926949335249729 ] ] ] } },
{ "type": "Feature", "properties": { "cell_id": 293, "lon": 77.635972531939984, "lat": 12.929195113187207 }, "geometry": { "type": "Polygon", "coordinates": [ [ [ 77.638277151125408, 12.926949335249729 ], [ 77.638277151125408, 12.931440891124684 ], [ 77.633667912754561, 12.931440891124684 ], [ 77.633667912754561, 12.926949335249729 ], [ 77.638277151125408, 12.926949335249729 ] ] ] } },
{ "type": "Feature", "properties": { "cell_id": 294, "lon": 77.640581770310831, "lat": 12.929195113187207 }, "geometry": { "type": "Polygon", "coordinates": [ [ [ 77.642886389496255, 12.926949335249729 ], [ 77.642886389496255, 12.931440891124684 ], [ 77.638277151125408, 12.931440891124684 ], [ 77.638277151125408, 12.926949335249729 ], [ 77.642886389496255, 12.926949335249729 ] ] ] } },
{ "type": "Feature", "properties": { "cell_id": 295, "lon": 77.645191008681678, "lat": 12.929195113187207 }, "geometry": { "type": "Polygon", "coordinates": [ [ [ 77.647495627867102, 12.926949335249729 ], [ 77.647495627867102, 12.931440891124684 ], [ 77.642886389496255, 12.931440891124684 ], [ 77.642886389496255, 12.926949335249729 ], [ 77.647495627867102, 12.926949335249729 ] ] ] } },
{ "type": "Feature", "properties": { "cell_id": 296, "lon": 77.649800247052525, "lat": 12.929195113187207 }, "geometry": { "type": "Polygon", "coordinates": [ [ [ 77.652104866237948, 12.926949335249729 ], [ 77.652104866237948, 12.931440891124684 ], [ 77.647495627867102, 12.931440891124684 ], [ 77.647495627867102, 12.926949335249729 ], [ 77.652104866237948, 12.926949335249729 ] ] ] } },
{ "type": "Feature", "properties": { "cell_id": 297, "lon": 77.654409485423372, "lat": 12.929195113187207 }, "geometry": { "type": "Polygon", "coordinates": [ [ [ 77.656714104608795, 12.926949335249729 ], [ 77.656714104608795, 12.931440891124684 ], [ 77.652104866237948, 12.931440891124684 ], [ 77.652104866237948, 12.926949335249729 ], [ 77.656714104608795, 12.926949335249729 ] ] ] } },
{ "type": "Feature", "properties": { "cell_id": 298, "lon": 77.659018723794219, "lat": 12.929195113187207 }, "geometry": { "type": "Polygon", "coordinates": [ [ [ 77.661323342979642, 12.926949335249729 ], [ 77.661323342979642, 12.931440891124684 ], [ 77.656714104608795, 12.931440891124684 ], [ 77.656714104608795, 12.926949335249729 ], [ 77.661323342979642, 12.926949335249729 ] ] ] } },
{ "type": "Feature", "properties": { "cell_id": 299, "lon": 77.663627962165066, "lat": 12.929195113187207 }, "geometry": { "type": "Polygon", "coordinates": [ [ [ 77.665932581350489, 12.926949335249729 ], [ 77.665932581350489, 12.931440891124684 ], [ 77.661323342979642, 12.931440891124684 ], [ 77.661323342979642, 12.926949335249729 ], [ 77.665932581350489, 12.926949335249729 ] ] ] } },
{ "type": "Feature", "properties": { "cell_id": 300, "lon": 77.668237200535913, "lat": 12.929195113187207 }, "geometry": { "type": "Polygon", "coordinates": [ [ [ 77.670541819721336, 12.926949335249729 ], [ 77.670541819721336, 12.931440891124684 ], [ 77.665932581350489, 12.931440891124684 ], [ 77.665932581350489, 12.926949335249729 ], [ 77.670541819721336, 12.926949335249729 ] ] ] } },
{ "type": "Feature", "properties": { "cell_id": 301, "lon": 77.67284643890676, "lat": 12.929195113187207 }, "geometry": { "type": "Polygon", "coordinates": [ [ [ 77.675151058092183, 12.926949335249729 ], [ 77.675151058092183, 12.931440891124684 ], [ 77.670541819721336, 12.931440891124684 ], [ 77.670541819721336, 12.926949335249729 ], [ 77.675151058092183, 12.926949335249729 ] ] ] } },
{ "type": "Feature", "properties": { "cell_id": 302, "lon": 77.677455677277607, "lat": 12.929195113187207 }, "geometry": { "type": "Polygon", "coordinates": [ [ [ 77.67976029646303, 12.926949335249729 ], [ 77.67976029646303, 12.931440891124684 ], [ 77.675151058092183, 12.931440891124684 ], [ 77.675151058092183, 12.926949335249729 ], [ 77.67976029646303, 12.926949335249729 ] ] ] } },
{ "type": "Feature", "properties": { "cell_id": 303, "lon": 77.682064915648454, "lat": 12.929195113187207 }, "geometry": { "type": "Polygon", "coordinates": [ [ [ 77.684369534833877, 12.926949335249729 ], [ 77.684369534833877, 12.931440891124684 ], [ 77.67976029646303, 12.931440891124684 ], [ 77.67976029646303, 12.926949335249729 ], [ 77.684369534833877, 12.926949335249729 ] ] ] } },
{ "type": "Feature", "properties": { "cell_id": 304, "lon": 77.6866741540193, "lat": 12.929195113187207 }, "geometry": { "type": "Polygon", "coordinates": [ [ [ 77.688978773204724, 12.926949335249729 ], [ 77.688978773204724, 12.931440891124684 ], [ 77.684369534833877, 12.931440891124684 ], [ 77.684369534833877, 12.926949335249729 ], [ 77.688978773204724, 12.926949335249729 ] ] ] } },
{ "type": "Feature", "properties": { "cell_id": 305, "lon": 77.691283392390147, "lat": 12.929195113187207 }, "geometry": { "type": "Polygon", "coordinates": [ [ [ 77.693588011575571, 12.926949335249729 ], [ 77.693588011575571, 12.931440891124684 ], [ 77.688978773204724, 12.931440891124684 ], [ 77.688978773204724, 12.926949335249729 ], [ 77.693588011575571, 12.926949335249729 ] ] ] } },
{ "type": "Feature", "properties": { "cell_id": 306, "lon": 77.695892630760994, "lat": 12.929195113187207 }, "geometry": { "type": "Polygon", "coordinates": [ [ [ 77.698197249946418, 12.926949335249729 ], [ 77.698197249946418, 12.931440891124684 ], [ 77.693588011575571, 12.931440891124684 ], [ 77.693588011575571, 12.926949335249729 ], [ 77.698197249946418, 12.926949335249729 ] ] ] } },
{ "type": "Feature", "properties": { "cell_id": 307, "lon": 77.700501869131841, "lat": 12.929195113187207 }, "geometry": { "type": "Polygon", "coordinates": [ [ [ 77.702806488317265, 12.926949335249729 ], [ 77.702806488317265, 12.931440891124684 ], [ 77.698197249946418, 12.931440891124684 ], [ 77.698197249946418, 12.926949335249729 ], [ 77.702806488317265, 12.926949335249729 ] ] ] } },
{ "type": "Feature", "properties": { "cell_id": 308, "lon": 77.502304619185423, "lat": 12.933686669062162 }, "geometry": { "type": "Polygon", "coordinates": [ [ [ 77.504609238370847, 12.931440891124684 ], [ 77.504609238370847, 12.935932446999638 ], [ 77.5, 12.935932446999638 ], [ 77.5, 12.931440891124684 ], [ 77.504609238370847, 12.931440891124684 ] ] ] } },
{ "type": "Feature", "properties": { "cell_id": 309, "lon": 77.50691385755627, "lat": 12.933686669062162 }, "geometry": { "type": "Polygon", "coordinates": [ [ [ 77.509218476741694, 12.931440891124684 ], [ 77.509218476741694, 12.935932446999638 ], [ 77.504609238370847, 12.935932446999638 ], [ 77.504609238370847, 12.931440891124684 ], [ 77.509218476741694, 12.931440891124684 ] ] ] } },
{ "type": "Feature", "properties": { "cell_id": 310, "lon": 77.511523095927117, "lat": 12.933686669062162 }, "geometry": { "type": "Polygon", "coordinates": [ [ [ 77.513827715112541, 12.931440891124684 ], [ 77.513827715112541, 12.935932446999638 ], [ 77.509218476741694, 12.935932446999638 ], [ 77.509218476741694, 12.931440891124684 ], [ 77.513827715112541, 12.931440891124684 ] ] ] } },
{ "type": "Feature", "properties": { "cell_id": 311, "lon": 77.516132334297964, "lat": 12.933686669062162 }, "geometry": { "type": "Polygon", "coordinates": [ [ [ 77.518436953483388, 12.931440891124684 ], [ 77.518436953483388, 12.935932446999638 ], [ 77.513827715112541, 12.935932446999638 ], [ 77.513827715112541, 12.931440891124684 ], [ 77.518436953483388, 12.931440891124684 ] ] ] } },
{ "type": "Feature", "properties": { "cell_id": 312, "lon": 77.520741572668811, "lat": 12.933686669062162 }, "geometry": { "type": "Polygon", "coordinates": [ [ [ 77.523046191854235, 12.931440891124684 ], [ 77.523046191854235, 12.935932446999638 ], [ 77.518436953483388, 12.935932446999638 ], [ 77.518436953483388, 12.931440891124684 ], [ 77.523046191854235, 12.931440891124684 ] ] ] } },
{ "type": "Feature", "properties": { "cell_id": 313, "lon": 77.525350811039658, "lat": 12.933686669062162 }, "geometry": { "type": "Polygon", "coordinates": [ [ [ 77.527655430225082, 12.931440891124684 ], [ 77.527655430225082, 12.935932446999638 ], [ 77.523046191854235, 12.935932446999638 ], [ 77.523046191854235, 12.931440891124684 ], [ 77.527655430225082, 12.931440891124684 ] ] ] } },
{ "type": "Feature", "properties": { "cell_id": 314, "lon": 77.529960049410505, "lat": 12.933686669062162 }, "geometry": { "type": "Polygon", "coordinates": [ [ [ 77.532264668595928, 12.931440891124684 ], [ 77.532264668595928, 12.935932446999638 ], [ 77.527655430225082, 12.935932446999638 ], [ 77.527655430225082, 12.931440891124684 ], [ 77.532264668595928, 12.931440891124684 ] ] ] } },
{ "type": "Feature", "properties": { "cell_id": 315, "lon": 77.534569287781352, "lat": 12.933686669062162 }, "geometry": { "type": "Polygon", "coordinates": [ [ [ 77.536873906966775, 12.931440891124684 ], [ 77.536873906966775, 12.935932446999638 ], [ 77.532264668595928, 12.935932446999638 ], [ 77.532264668595928, 12.931440891124684 ], [ 77.536873906966775, 12.931440891124684 ] ] ] } },
{ "type": "Feature", "properties": { "cell_id": 316, "lon": 77.539178526152199, "lat": 12.933686669062162 }, "geometry": { "type": "Polygon", "coordinates": [ [ [ 77.541483145337622, 12.931440891124684 ], [ 77.541483145337622, 12.935932446999638 ], [ 77.536873906966775, 12.935932446999638 ], [ 77.536873906966775, 12.931440891124684 ], [ 77.541483145337622, 12.931440891124684 ] ] ] } },
{ "type": "Feature", "properties": { "cell_id": 317, "lon": 77.543787764523046, "lat": 12.933686669062162 }, "geometry": { "type": "Polygon", "coordinates": [ [ [ 77.546092383708469, 12.931440891124684 ], [ 77.546092383708469, 12.935932446999638 ], [ 77.541483145337622, 12.935932446999638 ], [ 77.541483145337622, 12.931440891124684 ], [ 77.546092383708469, 12.931440891124684 ] ] ] } },
{ "type": "Feature", "properties": { "cell_id": 318, "lon": 77.548397002893893, "lat": 12.933686669062162 }, "geometry": { "type": "Polygon", "coordinates": [ [ [ 77.550701622079316, 12.931440891124684 ], [ 77.550701622079316, 12.935932446999638 ], [ 77.546092383708469, 12.935932446999638 ], [ 77.546092383708469, 12.931440891124684 ], [ 77.550701622079316, 12.931440891124684 ] ] ] } },
{ "type": "Feature", "properties": { "cell_id": 319, "lon": 77.55300624126474, "lat": 12.933686669062162 }, "geometry": { "type": "Polygon", "coordinates": [ [ [ 77.555310860450163, 12.931440891124684 ], [ 77.555310860450163, 12.935932446999638 ], [ 77.550701622079316, 12.935932446999638 ], [ 77.550701622079316, 12.931440891124684 ], [ 77.555310860450163, 12.931440891124684 ] ] ] } },
{ "type": "Feature", "properties": { "cell_id": 320, "lon": 77.557615479635587, "lat": 12.933686669062162 }, "geometry": { "type": "Polygon", "coordinates": [ [ [ 77.55992009882101, 12.931440891124684 ], [ 77.55992009882101, 12.935932446999638 ], [ 77.555310860450163, 12.935932446999638 ], [ 77.555310860450163, 12.931440891124684 ], [ 77.55992009882101, 12.931440891124684 ] ] ] } },
{ "type": "Feature", "properties": { "cell_id": 321, "lon": 77.562224718006433, "lat": 12.933686669062162 }, "geometry": { "type": "Polygon", "coordinates": [ [ [ 77.564529337191857, 12.931440891124684 ], [ 77.564529337191857, 12.935932446999638 ], [ 77.55992009882101, 12.935932446999638 ], [ 77.55992009882101, 12.931440891124684 ], [ 77.564529337191857, 12.931440891124684 ] ] ] } },
{ "type": "Feature", "properties": { "cell_id": 322, "lon": 77.56683395637728, "lat": 12.933686669062162 }, "geometry": { "type": "Polygon", "coordinates": [ [ [ 77.569138575562704, 12.931440891124684 ], [ 77.569138575562704, 12.935932446999638 ], [ 77.564529337191857, 12.935932446999638 ], [ 77.564529337191857, 12.931440891124684 ], [ 77.569138575562704, 12.931440891124684 ] ] ] } },
{ "type": "Feature", "properties": { "cell_id": 323, "lon": 77.571443194748127, "lat": 12.933686669062162 }, "geometry": { "type": "Polygon", "coordinates": [ [ [ 77.573747813933551, 12.931440891124684 ], [ 77.573747813933551, 12.935932446999638 ], [ 77.569138575562704, 12.935932446999638 ], [ 77.569138575562704, 12.931440891124684 ], [ 77.573747813933551, 12.931440891124684 ] ] ] } },
{ "type": "Feature", "properties": { "cell_id": 324, "lon": 77.576052433118974, "lat": 12.933686669062162 }, "geometry": { "type": "Polygon", "coordinates": [ [ [ 77.578357052304398, 12.931440891124684 ], [ 77.578357052304398, 12.935932446999638 ], [ 77.573747813933551, 12.935932446999638 ], [ 77.573747813933551, 12.931440891124684 ], [ 77.578357052304398, 12.931440891124684 ] ] ] } },
{ "type": "Feature", "properties": { "cell_id": 325, "lon": 77.580661671489821, "lat": 12.933686669062162 }, "geometry": { "type": "Polygon", "coordinates": [ [ [ 77.582966290675245, 12.931440891124684 ], [ 77.582966290675245, 12.935932446999638 ], [ 77.578357052304398, 12.935932446999638 ], [ 77.578357052304398, 12.931440891124684 ], [ 77.582966290675245, 12.931440891124684 ] ] ] } },
{ "type": "Feature", "properties": { "cell_id": 326, "lon": 77.585270909860668, "lat": 12.933686669062162 }, "geometry": { "type": "Polygon", "coordinates": [ [ [ 77.587575529046092, 12.931440891124684 ], [ 77.587575529046092, 12.935932446999638 ], [ 77.582966290675245, 12.935932446999638 ], [ 77.582966290675245, 12.931440891124684 ], [ 77.587575529046092, 12.931440891124684 ] ] ] } },
{ "type": "Feature", "properties": { "cell_id": 327, "lon": 77.589880148231515, "lat": 12.933686669062162 }, "geometry": { "type": "Polygon", "coordinates": [ [ [ 77.592184767416938, 12.931440891124684 ], [ 77.592184767416938, 12.935932446999638 ], [ 77.587575529046092, 12.935932446999638 ], [ 77.587575529046092, 12.931440891124684 ], [ 77.592184767416938, 12.931440891124684 ] ] ] } },
{ "type": "Feature", "properties": { "cell_id": 328, "lon": 77.594489386602362, "lat": 12.933686669062162 }, "geometry": { "type": "Polygon", "coordinates": [ [ [ 77.596794005787785, 12.931440891124684 ], [ 77.596794005787785, 12.935932446999638 ], [ 77.592184767416938, 12.935932446999638 ], [ 77.592184767416938, 12.931440891124684 ], [ 77.596794005787785, 12.931440891124684 ] ] ] } },
{ "type": "Feature", "properties": { "cell_id": 329, "lon": 77.599098624973209, "lat": 12.933686669062162 }, "geometry": { "type": "Polygon", "coordinates": [ [ [ 77.601403244158632, 12.931440891124684 ], [ 77.601403244158632, 12.935932446999638 ], [ 77.596794005787785, 12.935932446999638 ], [ 77.596794005787785, 12.931440891124684 ], [ 77.601403244158632, 12.931440891124684 ] ] ] } },
{ "type": "Feature", "properties": { "cell_id": 330, "lon": 77.603707863344056, "lat": 12.933686669062162 }, "geometry": { "type": "Polygon", "coordinates": [ [ [ 77.606012482529479, 12.931440891124684 ], [ 77.606012482529479, 12.935932446999638 ], [ 77.601403244158632, 12.935932446999638 ], [ 77.601403244158632, 12.931440891124684 ], [ 77.606012482529479, 12.931440891124684 ] ] ] } },
{ "type": "Feature", "properties": { "cell_id": 331, "lon": 77.608317101714903, "lat": 12.933686669062162 }, "geometry": { "type": "Polygon", "coordinates": [ [ [ 77.610621720900326, 12.931440891124684 ], [ 77.610621720900326, 12.935932446999638 ], [ 77.606012482529479, 12.935932446999638 ], [ 77.606012482529479, 12.931440891124684 ], [ 77.610621720900326, 12.931440891124684 ] ] ] } },
{ "type": "Feature", "properties": { "cell_id": 332, "lon": 77.61292634008575, "lat": 12.933686669062162 }, "geometry": { "type": "Polygon", "coordinates": [ [ [ 77.615230959271173, 12.931440891124684 ], [ 77.615230959271173, 12.935932446999638 ], [ 77.610621720900326, 12.935932446999638 ], [ 77.610621720900326, 12.931440891124684 ], [ 77.615230959271173, 12.931440891124684 ] ] ] } },
{ "type": "Feature", "properties": { "cell_id": 333, "lon": 77.617535578456597, "lat": 12.933686669062162 }, "geometry": { "type": "Polygon", "coordinates": [ [ [ 77.61984019764202, 12.931440891124684 ], [ 77.61984019764202, 12.935932446999638 ], [ 77.615230959271173, 12.935932446999638 ], [ 77.615230959271173, 12.931440891124684 ], [ 77.61984019764202, 12.931440891124684 ] ] ] } },
{ "type": "Feature", "properties": { "cell_id": 334, "lon": 77.622144816827443, "lat": 12.933686669062162 }, "geometry": { "type": "Polygon", "coordinates": [ [ [ 77.624449436012867, 12.931440891124684 ], [ 77.624449436012867, 12.935932446999638 ], [ 77.61984019764202, 12.935932446999638 ], [ 77.61984019764202, 12.931440891124684 ], [ 77.624449436012867, 12.931440891124684 ] ] ] } },
{ "type": "Feature", "properties": { "cell_id": 335, "lon": 77.62675405519829, "lat": 12.933686669062162 }, "geometry": { "type": "Polygon", "coordinates": [ [ [ 77.629058674383714, 12.931440891124684 ], [ 77.629058674383714, 12.935932446999638 ], [ 77.624449436012867, 12.935932446999638 ], [ 77.624449436012867, 12.931440891124684 ], [ 77.629058674383714, 12.931440891124684 ] ] ] } },
{ "type": "Feature", "properties": { "cell_id": 336, "lon": 77.631363293569137, "lat": 12.933686669062162 }, "geometry": { "type": "Polygon", "coordinates": [ [ [ 77.633667912754561, 12.931440891124684 ], [ 77.633667912754561, 12.935932446999638 ], [ 77.629058674383714, 12.935932446999638 ], [ 77.629058674383714, 12.931440891124684 ], [ 77.633667912754561, 12.931440891124684 ] ] ] } },
{ "type": "Feature", "properties": { "cell_id": 337, "lon": 77.635972531939984, "lat": 12.933686669062162 }, "geometry": { "type": "Polygon", "coordinates": [ [ [ 77.638277151125408, 12.931440891124684 ], [ 77.638277151125408, 12.935932446999638 ], [ 77.633667912754561, 12.935932446999638 ], [ 77.633667912754561, 12.931440891124684 ], [ 77.638277151125408, 12.931440891124684 ] ] ] } },
{ "type": "Feature", "properties": { "cell_id": 338, "lon": 77.640581770310831, "lat": 12.933686669062162 }, "geometry": { "type": "Polygon", "coordinates": [ [ [ 77.642886389496255, 12.931440891124684 ], [ 77.642886389496255, 12.935932446999638 ], [ 77.638277151125408, 12.935932446999638 ], [ 77.638277151125408, 12.931440891124684 ], [ 77.642886389496255, 12.931440891124684 ] ] ] } },
{ "type": "Feature", "properties": { "cell_id": 339, "lon": 77.645191008681678, "lat": 12.933686669062162 }, "geometry": { "type": "Polygon", "coordinates": [ [ [ 77.647495627867102, 12.931440891124684 ], [ 77.647495627867102, 12.935932446999638 ], [ 77.642886389496255, 12.935932446999638 ], [ 77.642886389496255, 12.931440891124684 ], [ 77.647495627867102, 12.931440891124684 ] ] ] } },
{ "type": "Feature", "properties": { "cell_id": 340, "lon": 77.649800247052525, "lat": 12.933686669062162 }, "geometry": { "type": "Polygon", "coordinates": [ [ [ 77.652104866237948, 12.931440891124684 ], [ 77.652104866237948, 12.935932446999638 ], [ 77.647495627867102, 12.935932446999638 ], [ 77.647495627867102, 12.931440891124684 ], [ 77.652104866237948, 12.931440891124684 ] ] ] } },
{ "type": "Feature", "properties": { "cell_id": 341, "lon": 77.654409485423372, "lat": 12.933686669062162 }, "geometry": { "type": "Polygon", "coordinates": [ [ [ 77.656714104608795, 12.931440891124684 ], [ 77.656714104608795, 12.935932446999638 ], [ 77.652104866237948, 12.935932446999638 ], [ 77.652104866237948, 12.931440891124684 ], [ 77.656714104608795, 12.931440891124684 ] ] ] } },
{ "type": "Feature", "properties": { "cell_id": 342, "lon": 77.659018723794219, "lat": 12.933686669062162 }, "geometry": { "type": "Polygon", "coordinates": [ [ [ 77.661323342979642, 12.931440891124684 ], [ 77.661323342979642, 12.935932446999638 ], [ 77.656714104608795, 12.935932446999638 ], [ 77.656714104608795, 12.931440891124684 ], [ 77.661323342979642, 12.931440891124684 ] ] ] } },
{ "type": "Feature", "properties": { "cell_id": 343, "lon": 77.663627962165066, "lat": 12.933686669062162 }, "geometry": { "type": "Polygon", "coordinates": [ [ [ 77.665932581350489, 12.931440891124684 ], [ 77.665932581350489, 12.935932446999638 ], [ 77.661323342979642, 12.935932446999638 ], [ 77.661323342979642, 12.931440891124684 ], [ 77.665932581350489, 12.931440891124684 ] ] ] } },
{ "type": "Feature", "properties": { "cell_id": 344, "lon": 77.668237200535913, "lat": 12.933686669062162 }, "geometry": { "type": "Polygon", "coordinates": [ [ [ 77.670541819721336, 12.931440891124684 ], [ 77.670541819721336, 12.935932446999638 ], [ 77.665932581350489, 12.935932446999638 ], [ 77.665932581350489, 12.931440891124684 ], [ 77.670541819721336, 12.931440891124684 ] ] ] } },
{ "type": "Feature", "properties": { "cell_id": 345, "lon": 77.67284643890676, "lat": 12.933686669062162 }, "geometry": { "type": "Polygon", "coordinates": [ [ [ 77.675151058092183, 12.931440891124684 ], [ 77.675151058092183, 12.935932446999638 ], [ 77.670541819721336, 12.935932446999638 ], [ 77.670541819721336, 12.931440891124684 ], [ 77.675151058092183, 12.931440891124684 ] ] ] } },
{ "type": "Feature", "properties": { "cell_id": 346, "lon": 77.677455677277607, "lat": 12.933686669062162 }, "geometry": { "type": "Polygon", "coordinates": [ [ [ 77.67976029646303, 12.931440891124684 ], [ 77.67976029646303, 12.935932446999638 ], [ 77.675151058092183, 12.935932446999638 ], [ 77.675151058092183, 12.931440891124684 ], [ 77.67976029646303, 12.931440891124684 ] ] ] } },
{ "type": "Feature", "properties": { "cell_id": 347, "lon": 77.682064915648454, "lat": 12.933686669062162 }, "geometry": { "type": "Polygon", "coordinates": [ [ [ 77.684369534833877, 12.931440891124684 ], [ 77.684369534833877, 12.935932446999638 ], [ 77.67976029646303, 12.935932446999638 ], [ 77.67976029646303, 12.931440891124684 ], [ 77.684369534833877, 12.931440891124684 ] ] ] } },
{ "type": "Feature", "properties": { "cell_id": 348, "lon": 77.6866741540193, "lat": 12.933686669062162 }, "geometry": { "type": "Polygon", "coordinates": [ [ [ 77.688978773204724, 12.931440891124684 ], [ 77.688978773204724, 12.935932446999638 ], [ 77.684369534833877, 12.935932446999638 ], [ 77.684369534833877, 12.931440891124684 ], [ 77.688978773204724, 12.931440891124684 ] ] ] } },
{ "type": "Feature", "properties": { "cell_id": 349, "lon": 77.691283392390147, "lat": 12.933686669062162 }, "geometry": { "type": "Polygon", "coordinates": [ [ [ 77.693588011575571, 12.931440891124684 ], [ 77.693588011575571, 12.935932446999638 ], [ 77.688978773204724, 12.935932446999638 ], [ 77.688978773204724, 12.931440891124684 ], [ 77.693588011575571, 12.931440891124684 ] ] ] } },
{ "type": "Feature", "properties": { "cell_id": 350, "lon": 77.695892630760994, "lat": 12.933686669062162 }, "geometry": { "type": "Polygon", "coordinates": [ [ [ 77.698197249946418, 12.931440891124684 ], [ 77.698197249946418, 12.935932446999638 ], [ 77.693588011575571, 12.935932446999638 ], [ 77.693588011575571, 12.931440891124684 ], [ 77.698197249946418, 12.931440891124684 ] ] ] } },
{ "type": "Feature", "properties": { "cell_id": 351, "lon": 77.700501869131841, "lat": 12.933686669062162 }, "geometry": { "type": "Polygon", "coordinates": [ [ [ 77.702806488317265, 12.931440891124684 ], [ 77.702806488317265, 12.935932446999638 ], [ 77.698197249946418, 12.935932446999638 ], [ 77.698197249946418, 12.931440891124684 ], [ 77.702806488317265, 12.931440891124684 ] ] ] } },
{ "type": "Feature", "properties": { "cell_id": 352, "lon": 77.502304619185423, "lat": 12.938178224937117 }, "geometry": { "type": "Polygon", "coordinates": [ [ [ 77.504609238370847, 12.935932446999638 ], [ 77.504609238370847, 12.940424002874593 ], [ 77.5, 12.940424002874593 ], [ 77.5, 12.935932446999638 ], [ 77.504609238370847, 12.935932446999638 ] ] ] } },
{ "type": "Feature", "properties": { "cell_id": 353, "lon": 77.50691385755627, "lat": 12.938178224937117 }, "geometry": { "type": "Polygon", "coordinates": [ [ [ 77.509218476741694, 12.935932446999638 ], [ 77.509218476741694, 12.940424002874593 ], [ 77.504609238370847, 12.940424002874593 ], [ 77.504609238370847, 12.935932446999638 ], [ 77.509218476741694, 12.935932446999638 ] ] ] } },
{ "type": "Feature", "properties": { "cell_id": 354, "lon": 77.511523095927117, "lat": 12.938178224937117 }, "geometry": { "type": "Polygon", "coordinates": [ [ [ 77.513827715112541, 12.935932446999638 ], [ 77.513827715112541, 12.940424002874593 ], [ 77.509218476741694, 12.940424002874593 ], [ 77.509218476741694, 12.935932446999638 ], [ 77.513827715112541, 12.935932446999638 ] ] ] } },
{ "type": "Feature", "properties": { "cell_id": 355, "lon": 77.516132334297964, "lat": 12.938178224937117 }, "geometry": { "type": "Polygon", "coordinates": [ [ [ 77.518436953483388, 12.935932446999638 ], [ 77.518436953483388, 12.940424002874593 ], [ 77.513827715112541, 12.940424002874593 ], [ 77.513827715112541, 12.935932446999638 ], [ 77.518436953483388, 12.935932446999638 ] ] ] } },
{ "type": "Feature", "properties": { "cell_id": 356, "lon": 77.520741572668811, "lat": 12.938178224937117 }, "geometry": { "type": "Polygon", "coordinates": [ [ [ 77.523046191854235, 12.935932446999638 ], [ 77.523046191854235, 12.940424002874593 ], [ 77.518436953483388, 12.940424002874593 ], [ 77.518436953483388, 12.935932446999638 ], [ 77.523046191854235, 12.935932446999638 ] ] ] } },
{ "type": "Feature", "properties": { "cell_id": 357, "lon": 77.525350811039658, "lat": 12.938178224937117 }, "geometry": { "type": "Polygon", "coordinates": [ [ [ 77.527655430225082, 12.935932446999638 ], [ 77.527655430225082, 12.940424002874593 ], [ 77.523046191854235, 12.940424002874593 ], [ 77.523046191854235, 12.935932446999638 ], [ 77.527655430225082, 12.935932446999638 ] ] ] } },
{ "type": "Feature", "properties": { "cell_id": 358, "lon": 77.529960049410505, "lat": 12.938178224937117 }, "geometry": { "type": "Polygon", "coordinates": [ [ [ 77.532264668595928, 12.935932446999638 ], [ 77.532264668595928, 12.940424002874593 ], [ 77.527655430225082, 12.940424002874593 ], [ 77.527655430225082, 12.935932446999638 ], [ 77.532264668595928, 12.935932446999638 ] ] ] } },
{ "type": "Feature", "properties": { "cell_id": 359, "lon": 77.534569287781352, "lat": 12.938178224937117 }, "geometry": { "type": "Polygon", "coordinates": [ [ [ 77.536873906966775, 12.935932446999638 ], [ 77.536873906966775, 12.940424002874593 ], [ 77.532264668595928, 12.940424002874593 ], [ 77.532264668595928, 12.935932446999638 ], [ 77.536873906966775, 12.935932446999638 ] ] ] } },
{ "type": "Feature", "properties": { "cell_id": 360, "lon": 77.539178526152199, "lat": 12.938178224937117 }, "geometry": { "type": "Polygon", "coordinates": [ [ [ 77.541483145337622, 12.935932446999638 ], [ 77.541483145337622, 12.940424002874593 ], [ 77.536873906966775, 12.940424002874593 ], [ 77.536873906966775, 12.935932446999638 ], [ 77.541483145337622, 12.935932446999638 ] ] ] } },
{ "type": "Feature", "properties": { "cell_id": 361, "lon": 77.543787764523046, "lat": 12.938178224937117 }, "geometry": { "type": "Polygon", "coordinates": [ [ [ 77.546092383708469, 12.935932446999638 ], [ 77.546092383708469, 12.940424002874593 ], [ 77.541483145337622, 12.940424002874593 ], [ 77.541483145337622, 12.935932446999638 ], [ 77.546092383708469, 12.935932446999638 ] ] ] } },
{ "type": "Feature", "properties": { "cell_id": 362, "lon": 77.548397002893893, "lat": 12.938178224937117 }, "geometry": { "type": "Polygon", "coordinates": [ [ [ 77.550701622079316, 12.935932446999638 ], [ 77.550701622079316, 12.940424002874593 ], [ 77.546092383708469, 12.940424002874593 ], [ 77.546092383708469, 12.935932446999638 ], [ 77.550701622079316, 12.935932446999638 ] ] ] } },
{ "type": "Feature", "properties": { "cell_id": 363, "lon": 77.55300624126474, "lat": 12.938178224937117 }, "geometry": { "type": "Polygon", "coordinates": [ [ [ 77.555310860450163, 12.935932446999638 ], [ 77.555310860450163, 12.940424002874593 ], [ 77.550701622079316, 12.940424002874593 ], [ 77.550701622079316, 12.935932446999638 ], [ 77.555310860450163, 12.935932446999638 ] ] ] } },
{ "type": "Feature", "properties": { "cell_id": 364, "lon": 77.557615479635587, "lat": 12.938178224937117 }, "geometry": { "type": "Polygon", "coordinates": [ [ [ 77.55992009882101, 12.935932446999638 ], [ 77.55992009882101, 12.940424002874593 ], [ 77.555310860450163, 12.940424002874593 ], [ 77.555310860450163, 12.935932446999638 ], [ 77.55992009882101, 12.935932446999638 ] ] ] } },
{ "type": "Feature", "properties": { "cell_id": 365, "lon": 77.562224718006433, "lat": 12.938178224937117 }, "geometry": { "type": "Polygon", "coordinates": [ [ [ 77.564529337191857, 12.935932446999638 ], [ 77.564529337191857, 12.940424002874593 ], [ 77.55992009882101, 12.940424002874593 ], [ 77.55992009882101, 12.935932446999638 ], [ 77.564529337191857, 12.935932446999638 ] ] ] } },
{ "type": "Feature", "properties": { "cell_id": 366, "lon": 77.56683395637728, "lat": 12.938178224937117 }, "geometry": { "type": "Polygon", "coordinates": [ [ [ 77.569138575562704, 12.935932446999638 ], [ 77.569138575562704, 12.940424002874593 ], [ 77.564529337191857, 12.940424002874593 ], [ 77.564529337191857, 12.935932446999638 ], [ 77.569138575562704, 12.935932446999638 ] ] ] } },
{ "type": "Feature", "properties": { "cell_id": 367, "lon": 77.571443194748127, "lat": 12.938178224937117 }, "geometry": { "type": "Polygon", "coordinates": [ [ [ 77.573747813933551, 12.935932446999638 ], [ 77.573747813933551, 12.940424002874593 ], [ 77.569138575562704, 12.940424002874593 ], [ 77.569138575562704, 12.935932446999638 ], [ 77.573747813933551, 12.935932446999638 ] ] ] } },
{ "type": "Feature", "properties": { "cell_id": 368, "lon": 77.576052433118974, "lat": 12.938178224937117 }, "geometry": { "type": "Polygon", "coordinates": [ [ [ 77.578357052304398, 12.935932446999638 ], [ 77.578357052304398, 12.940424002874593 ], [ 77.573747813933551, 12.940424002874593 ], [ 77.573747813933551, 12.935932446999638 ], [ 77.578357052304398, 12.935932446999638 ] ] ] } },
{ "type": "Feature", "properties": { "cell_id": 369, "lon": 77.580661671489821, "lat": 12.938178224937117 }, "geometry": { "type": "Polygon", "coordinates": [ [ [ 77.582966290675245, 12.935932446999638 ], [ 77.582966290675245, 12.940424002874593 ], [ 77.578357052304398, 12.940424002874593 ], [ 77.578357052304398, 12.935932446999638 ], [ 77.582966290675245, 12.935932446999638 ] ] ] } },
{ "type": "Feature", "properties": { "cell_id": 370, "lon": 77.585270909860668, "lat": 12.938178224937117 }, "geometry": { "type": "Polygon", "coordinates": [ [ [ 77.587575529046092, 12.935932446999638 ], [ 77.587575529046092, 12.940424002874593 ], [ 77.582966290675245, 12.940424002874593 ], [ 77.582966290675245, 12.935932446999638 ], [ 77.587575529046092, 12.935932446999638 ] ] ] } },
{ "type": "Feature", "properties": { "cell_id": 371, "lon": 77.589880148231515, "lat": 12.938178224937117 }, "geometry": { "type": "Polygon", "coordinates": [ [ [ 77.592184767416938, 12.935932446999638 ], [ 77.592184767416938, 12.940424002874593 ], [ 77.587575529046092, 12.940424002874593 ], [ 77.587575529046092, 12.935932446999638 ], [ 77.592184767416938, 12.935932446999638 ] ] ] } },
{ "type": "Feature", "properties": { "cell_id": 372, "lon": 77.594489386602362, "lat": 12.938178224937117 }, "geometry": { "type": "Polygon", "coordinates": [ [ [ 77.596794005787785, 12.935932446999638 ], [ 77.596794005787785, 12.940424002874593 ], [ 77.592184767416938, 12.940424002874593 ], [ 77.592184767416938, 12.935932446999638 ], [ 77.596794005787785, 12.935932446999638 ] ] ] } },
{ "type": "Feature", "properties": { "cell_id": 373, "lon": 77.599098624973209, "lat": 12.938178224937117 }, "geometry": { "type": "Polygon", "coordinates": [ [ [ 77.601403244158632, 12.935932446999638 ], [ 77.601403244158632, 12.940424002874593 ], [ 77.596794005787785, 12.940424002874593 ], [ 77.596794005787785, 12.935932446999638 ], [ 77.601403244158632, 12.935932446999638 ] ] ] } },
{ "type": "Feature", "properties": { "cell_id": 374, "lon": 77.603707863344056, "lat": 12.938178224937117 }, "geometry": { "type": "Polygon", "coordinates": [ [ [ 77.606012482529479, 12.935932446999638 ], [ 77.606012482529479, 12.940424002874593 ], [ 77.601403244158632, 12.940424002874593 ], [ 77.601403244158632, 12.935932446999638 ], [ 77.606012482529479, 12.935932446999638 ] ] ] } },
{ "type": "Feature", "properties": { "cell_id": 375, "lon": 77.608317101714903, "lat": 12.938178224937117 }, "geometry": { "type": "Polygon", "coordinates": [ [ [ 77.610621720900326, 12.935932446999638 ], [ 77.610621720900326, 12.940424002874593 ], [ 77.606012482529479, 12.940424002874593 ], [ 77.606012482529479, 12.935932446999638 ], [ 77.610621720900326, 12.935932446999638 ] ] ] } },
{ "type": "Feature", "properties": { "cell_id": 376, "lon": 77.61292634008575, "lat": 12.938178224937117 }, "geometry": { "type": "Polygon", "coordinates": [ [ [ 77.615230959271173, 12.935932446999638 ], [ 77.615230959271173, 12.940424002874593 ], [ 77.610621720900326, 12.940424002874593 ], [ 77.610621720900326, 12.935932446999638 ], [ 77.615230959271173, 12.935932446999638 ] ] ] } },
{ "type": "Feature", "properties": { "cell_id": 377, "lon": 77.617535578456597, "lat": 12.938178224937117 }, "geometry": { "type": "Polygon", "coordinates": [ [ [ 77.61984019764202, 12.935932446999638 ], [ 77.61984019764202, 12.940424002874593 ], [ 77.615230959271173, 12.940424002874593 ], [ 77.615230959271173, 12.935932446999638 ], [ 77.61984019764202, 12.935932446999638 ] ] ] } },
{ "type": "Feature", "properties": { "cell_id": 378, "lon": 77.622144816827443, "lat": 12.938178224937117 }, "geometry": { "type": "Polygon", "coordinates": [ [ [ 77.624449436012867, 12.935932446999638 ], [ 77.624449436012867, 12.940424002874593 ], [ 77.61984019764202, 12.940424002874593 ], [ 77.61984019764202, 12.935932446999638 ], [ 77.624449436012867, 12.935932446999638 ] ] ] } },
{ "type": "Feature", "properties": { "cell_id": 379, "lon": 77.62675405519829, "lat": 12.938178224937117 }, "geometry": { "type": "Polygon", "coordinates": [ [ [ 77.629058674383714, 12.935932446999638 ], [ 77.629058674383714, 12.940424002874593 ], [ 77.624449436012867, 12.940424002874593 ], [ 77.624449436012867, 12.935932446999638 ], [ 77.629058674383714, 12.935932446999638 ] ] ] } },
{ "type": "Feature", "properties": { "cell_id": 380, "lon": 77.631363293569137, "lat": 12.938178224937117 }, "geometry": { "type": "Polygon", "coordinates": [ [ [ 77.633667912754561, 12.935932446999638 ], [ 77.633667912754561, 12.940424002874593 ], [ 77.629058674383714, 12.940424002874593 ], [ 77.629058674383714, 12.935932446999638 ], [ 77.633667912754561, 12.935932446999638 ] ] ] } },
{ "type": "Feature", "properties": { "cell_id": 381, "lon": 77.635972531939984, "lat": 12.938178224937117 }, "geometry": { "type": "Polygon", "coordinates": [ [ [ 77.638277151125408, 12.935932446999638 ], [ 77.638277151125408, 12.940424002874593 ], [ 77.633667912754561, 12.940424002874593 ], [ 77.633667912754561, 12.935932446999638 ], [ 77.638277151125408, 12.935932446999638 ] ] ] } },
{ "type": "Feature", "properties": { "cell_id": 382, "lon": 77.640581770310831, "lat": 12.938178224937117 }, "geometry": { "type": "Polygon", "coordinates": [ [ [ 77.642886389496255, 12.935932446999638 ], [ 77.642886389496255, 12.940424002874593 ], [ 77.638277151125408, 12.940424002874593 ], [ 77.638277151125408, 12.935932446999638 ], [ 77.642886389496255, 12.935932446999638 ] ] ] } },
{ "type": "Feature", "properties": { "cell_id": 383, "lon": 77.645191008681678, "lat": 12.938178224937117 }, "geometry": { "type": "Polygon", "coordinates": [ [ [ 77.647495627867102, 12.935932446999638 ], [ 77.647495627867102, 12.940424002874593 ], [ 77.642886389496255, 12.940424002874593 ], [ 77.642886389496255, 12.935932446999638 ], [ 77.647495627867102, 12.935932446999638 ] ] ] } },
{ "type": "Feature", "properties": { "cell_id": 384, "lon": 77.649800247052525, "lat": 12.938178224937117 }, "geometry": { "type": "Polygon", "coordinates": [ [ [ 77.652104866237948, 12.935932446999638 ], [ 77.652104866237948, 12.940424002874593 ], [ 77.647495627867102, 12.940424002874593 ], [ 77.647495627867102, 12.935932446999638 ], [ 77.652104866237948, 12.935932446999638 ] ] ] } },
{ "type": "Feature", "properties": { "cell_id": 385, "lon": 77.654409485423372, "lat": 12.938178224937117 }, "geometry": { "type": "Polygon", "coordinates": [ [ [ 77.656714104608795, 12.935932446999638 ], [ 77.656714104608795, 12.940424002874593 ], [ 77.652104866237948, 12.940424002874593 ], [ 77.652104866237948, 12.935932446999638 ], [ 77.656714104608795, 12.935932446999638 ] ] ] } },
{ "type": "Feature", "properties": { "cell_id": 386, "lon": 77.659018723794219, "lat": 12.938178224937117 }, "geometry": { "type": "Polygon", "coordinates": [ [ [ 77.661323342979642, 12.935932446999638 ], [ 77.661323342979642, 12.940424002874593 ], [ 77.656714104608795, 12.940424002874593 ], [ 77.656714104608795, 12.935932446999638 ], [ 77.661323342979642, 12.935932446999638 ] ] ] } },
{ "type": "Feature", "properties": { "cell_id": 387, "lon": 77.663627962165066, "lat": 12.938178224937117 }, "geometry": { "type": "Polygon", "coordinates": [ [ [ 77.665932581350489, 12.935932446999638 ], [ 77.665932581350489, 12.940424002874593 ], [ 77.661323342979642, 12.940424002874593 ], [ 77.661323342979642, 12.935932446999638 ], [ 77.665932581350489, 12.935932446999638 ] ] ] } },
{ "type": "Feature", "properties": { "cell_id": 388, "lon": 77.668237200535913, "lat": 12.938178224937117 }, "geometry": { "type": "Polygon", "coordinates": [ [ [ 77.670541819721336, 12.935932446999638 ], [ 77.670541819721336, 12.940424002874593 ], [ 77.665932581350489, 12.940424002874593 ], [ 77.665932581350489, 12.935932446999638 ], [ 77.670541819721336, 12.935932446999638 ] ] ] } },
{ "type": "Feature", "properties": { "cell_id": 389, "lon": 77.67284643890676, "lat": 12.938178224937117 }, "geometry": { "type": "Polygon", "coordinates": [ [ [ 77.675151058092183, 12.935932446999638 ], [ 77.675151058092183, 12.940424002874593 ], [ 77.670541819721336, 12.940424002874593 ], [ 77.670541819721336, 12.935932446999638 ], [ 77.675151058092183, 12.935932446999638 ] ] ] } },
{ "type": "Feature", "properties": { "cell_id": 390, "lon": 77.677455677277607, "lat": 12.938178224937117 }, "geometry": { "type": "Polygon", "coordinates": [ [ [ 77.67976029646303, 12.935932446999638 ], [ 77.67976029646303, 12.940424002874593 ], [ 77.675151058092183, 12.940424002874593 ], [ 77.675151058092183, 12.935932446999638 ], [ 77.67976029646303, 12.935932446999638 ] ] ] } },
{ "type": "Feature", "properties": { "cell_id": 391, "lon": 77.682064915648454, "lat": 12.938178224937117 }, "geometry": { "type": "Polygon", "coordinates": [ [ [ 77.684369534833877, 12.935932446999638 ], [ 77.684369534833877, 12.940424002874593 ], [ 77.67976029646303, 12.940424002874593 ], [ 77.67976029646303, 12.935932446999638 ], [ 77.684369534833877, 12.935932446999638 ] ] ] } },
{ "type": "Feature", "properties": { "cell_id": 392, "lon": 77.6866741540193, "lat": 12.938178224937117 }, "geometry": { "type": "Polygon", "coordinates": [ [ [ 77.688978773204724, 12.935932446999638 ], [ 77.688978773204724, 12.940424002874593 ], [ 77.684369534833877, 12.940424002874593 ], [ 77.684369534833877, 12.935932446999638 ], [ 77.688978773204724, 12.935932446999638 ] ] ] } },
{ "type": "Feature", "properties": { "cell_id": 393, "lon": 77.691283392390147, "lat": 12.938178224937117 }, "geometry": { "type": "Polygon", "coordinates": [ [ [ 77.693588011575571, 12.935932446999638 ], [ 77.693588011575571, 12.940424002874593 ], [ 77.688978773204724, 12.940424002874593 ], [ 77.688978773204724, 12.935932446999638 ], [ 77.693588011575571, 12.935932446999638 ] ] ] } },
{ "type": "Feature", "properties": { "cell_id": 394, "lon": 77.695892630760994, "lat": 12.938178224937117 }, "geometry": { "type": "Polygon", "coordinates": [ [ [ 77.698197249946418, 12.935932446999638 ], [ 77.698197249946418, 12.940424002874593 ], [ 77.693588011575571, 12.940424002874593 ], [ 77.693588011575571, 12.935932446999638 ], [ 77.698197249946418, 12.935932446999638 ] ] ] } },
{ "type": "Feature", "properties": { "cell_id": 395, "lon": 77.700501869131841, "lat": 12.938178224937117 }, "geometry": { "type": "Polygon", "coordinates": [ [ [ 77.702806488317265, 12.935932446999638 ], [ 77.702806488317265, 12.940424002874593 ], [ 77.698197249946418, 12.940424002874593 ], [ 77.698197249946418, 12.935932446999638 ], [ 77.702806488317265, 12.935932446999638 ] ] ] } },
{ "type": "Feature", "properties": { "cell_id": 396, "lon": 77.502304619185423, "lat": 12.942669780812071 }, "geometry": { "type": "Polygon", "coordinates": [ [ [ 77.504609238370847, 12.940424002874593 ], [ 77.504609238370847, 12.944915558749548 ], [ 77.5, 12.944915558749548 ], [ 77.5, 12.940424002874593 ], [ 77.504609238370847, 12.940424002874593 ] ] ] } },
{ "type": "Feature", "properties": { "cell_id": 397, "lon": 77.50691385755627, "lat": 12.942669780812071 }, "geometry": { "type": "Polygon", "coordinates": [ [ [ 77.509218476741694, 12.940424002874593 ], [ 77.509218476741694, 12.944915558749548 ], [ 77.504609238370847, 12.944915558749548 ], [ 77.504609238370847, 12.940424002874593 ], [ 77.509218476741694, 12.940424002874593 ] ] ] } },
{ "type": "Feature", "properties": { "cell_id": 398, "lon": 77.511523095927117, "lat": 12.942669780812071 }, "geometry": { "type": "Polygon", "coordinates": [ [ [ 77.513827715112541, 12.940424002874593 ], [ 77.513827715112541, 12.944915558749548 ], [ 77.509218476741694, 12.944915558749548 ], [ 77.509218476741694, 12.940424002874593 ], [ 77.513827715112541, 12.940424002874593 ] ] ] } },
{ "type": "Feature", "properties": { "cell_id": 399, "lon": 77.516132334297964, "lat": 12.942669780812071 }, "geometry": { "type": "Polygon", "coordinates": [ [ [ 77.518436953483388, 12.940424002874593 ], [ 77.518436953483388, 12.944915558749548 ], [ 77.513827715112541, 12.944915558749548 ], [ 77.513827715112541, 12.940424002874593 ], [ 77.518436953483388, 12.940424002874593 ] ] ] } },
{ "type": "Feature", "properties": { "cell_id": 400, "lon": 77.520741572668811, "lat": 12.942669780812071 }, "geometry": { "type": "Polygon", "coordinates": [ [ [ 77.523046191854235, 12.940424002874593 ], [ 77.523046191854235, 12.944915558749548 ], [ 77.518436953483388, 12.944915558749548 ], [ 77.518436953483388, 12.940424002874593 ], [ 77.523046191854235, 12.940424002874593 ] ] ] } },
{ "type": "Feature", "properties": { "cell_id": 401, "lon": 77.525350811039658, "lat": 12.942669780812071 }, "geometry": { "type": "Polygon", "coordinates": [ [ [ 77.527655430225082, 12.940424002874593 ], [ 77.527655430225082, 12.944915558749548 ], [ 77.523046191854235, 12.944915558749548 ], [ 77.523046191854235, 12.940424002874593 ], [ 77.527655430225082, 12.940424002874593 ] ] ] } },
{ "type": "Feature", "properties": { "cell_id": 402, "lon": 77.529960049410505, "lat": 12.942669780812071 }, "geometry": { "type": "Polygon", "coordinates": [ [ [ 77.532264668595928, 12.940424002874593 ], [ 77.532264668595928, 12.944915558749548 ], [ 77.527655430225082, 12.944915558749548 ], [ 77.527655430225082, 12.940424002874593 ], [ 77.532264668595928, 12.940424002874593 ] ] ] } },
{ "type": "Feature", "properties": { "cell_id": 403, "lon": 77.534569287781352, "lat": 12.942669780812071 }, "geometry": { "type": "Polygon", "coordinates": [ [ [ 77.536873906966775, 12.940424002874593 ], [ 77.536873906966775, 12.944915558749548 ], [ 77.532264668595928, 12.944915558749548 ], [ 77.532264668595928, 12.940424002874593 ], [ 77.536873906966775, 12.940424002874593 ] ] ] } },
{ "type": "Feature", "properties": { "cell_id": 404, "lon": 77.539178526152199, "lat": 12.942669780812071 }, "geometry": { "type": "Polygon", "coordinates": [ [ [ 77.541483145337622, 12.940424002874593 ], [ 77.541483145337622, 12.944915558749548 ], [ 77.536873906966775, 12.944915558749548 ], [ 77.536873906966775, 12.940424002874593 ], [ 77.541483145337622, 12.940424002874593 ] ] ] } },
{ "type": "Feature", "properties": { "cell_id": 405, "lon": 77.543787764523046, "lat": 12.942669780812071 }, "geometry": { "type": "Polygon", "coordinates": [ [ [ 77.546092383708469, 12.940424002874593 ], [ 77.546092383708469, 12.944915558749548 ], [ 77.541483145337622, 12.944915558749548 ], [ 77.541483145337622, 12.940424002874593 ], [ 77.546092383708469, 12.940424002874593 ] ] ] } },
{ "type": "Feature", "properties": { "cell_id": 406, "lon": 77.548397002893893, "lat": 12.942669780812071 }, "geometry": { "type": "Polygon", "coordinates": [ [ [ 77.550701622079316, 12.940424002874593 ], [ 77.550701622079316, 12.944915558749548 ], [ 77.546092383708469, 12.944915558749548 ], [ 77.546092383708469, 12.940424002874593 ], [ 77.550701622079316, 12.940424002874593 ] ] ] } },
{ "type": "Feature", "properties": { "cell_id": 407, "lon": 77.55300624126474, "lat": 12.942669780812071 }, "geometry": { "type": "Polygon", "coordinates": [ [ [ 77.555310860450163, 12.940424002874593 ], [ 77.555310860450163, 12.944915558749548 ], [ 77.550701622079316, 12.944915558749548 ], [ 77.550701622079316, 12.940424002874593 ], [ 77.555310860450163, 12.940424002874593 ] ] ] } },
{ "type": "Feature", "properties": { "cell_id": 408, "lon": 77.557615479635587, "lat": 12.942669780812071 }, "geometry": { "type": "Polygon", "coordinates": [ [ [ 77.55992009882101, 12.940424002874593 ], [ 77.55992009882101, 12.944915558749548 ], [ 77.555310860450163, 12.944915558749548 ], [ 77.555310860450163, 12.940424002874593 ], [ 77.55992009882101, 12.940424002874593 ] ] ] } },
{ "type": "Feature", "properties": { "cell_id": 409, "lon": 77.562224718006433, "lat": 12.942669780812071 }, "geometry": { "type": "Polygon", "coordinates": [ [ [ 77.564529337191857, 12.940424002874593 ], [ 77.564529337191857, 12.944915558749548 ], [ 77.55992009882101, 12.944915558749548 ], [ 77.55992009882101, 12.940424002874593 ], [ 77.564529337191857, 12.940424002874593 ] ] ] } },
{ "type": "Feature", "properties": { "cell_id": 410, "lon": 77.56683395637728, "lat": 12.942669780812071 }, "geometry": { "type": "Polygon", "coordinates": [ [ [ 77.569138575562704, 12.940424002874593 ], [ 77.569138575562704, 12.944915558749548 ], [ 77.564529337191857, 12.944915558749548 ], [ 77.564529337191857, 12.940424002874593 ], [ 77.569138575562704, 12.940424002874593 ] ] ] } },
{ "type": "Feature", "properties": { "cell_id": 411, "lon": 77.571443194748127, "lat": 12.942669780812071 }, "geometry": { "type": "Polygon", "coordinates": [ [ [ 77.573747813933551, 12.940424002874593 ], [ 77.573747813933551, 12.944915558749548 ], [ 77.569138575562704, 12.944915558749548 ], [ 77.569138575562704, 12.940424002874593 ], [ 77.573747813933551, 12.940424002874593 ] ] ] } },
{ "type": "Feature", "properties": { "cell_id": 412, "lon": 77.576052433118974, "lat": 12.942669780812071 }, "geometry": { "type": "Polygon", "coordinates": [ [ [ 77.578357052304398, 12.940424002874593 ], [ 77.578357052304398, 12.944915558749548 ], [ 77.573747813933551, 12.944915558749548 ], [ 77.573747813933551, 12.940424002874593 ], [ 77.578357052304398, 12.940424002874593 ] ] ] } },
{ "type": "Feature", "properties": { "cell_id": 413, "lon": 77.580661671489821, "lat": 12.942669780812071 }, "geometry": { "type": "Polygon", "coordinates": [ [ [ 77.582966290675245, 12.940424002874593 ], [ 77.582966290675245, 12.944915558749548 ], [ 77.578357052304398, 12.944915558749548 ], [ 77.578357052304398, 12.940424002874593 ], [ 77.582966290675245, 12.940424002874593 ] ] ] } },
{ "type": "Feature", "properties": { "cell_id": 414, "lon": 77.585270909860668, "lat": 12.942669780812071 }, "geometry": { "type": "Polygon", "coordinates": [ [ [ 77.587575529046092, 12.940424002874593 ], [ 77.587575529046092, 12.944915558749548 ], [ 77.582966290675245, 12.944915558749548 ], [ 77.582966290675245, 12.940424002874593 ], [ 77.587575529046092, 12.940424002874593 ] ] ] } },
{ "type": "Feature", "properties": { "cell_id": 415, "lon": 77.589880148231515, "lat": 12.942669780812071 }, "geometry": { "type": "Polygon", "coordinates": [ [ [ 77.592184767416938, 12.940424002874593 ], [ 77.592184767416938, 12.944915558749548 ], [ 77.587575529046092, 12.944915558749548 ], [ 77.587575529046092, 12.940424002874593 ], [ 77.592184767416938, 12.940424002874593 ] ] ] } },
{ "type": "Feature", "properties": { "cell_id": 416, "lon": 77.594489386602362, "lat": 12.942669780812071 }, "geometry": { "type": "Polygon", "coordinates": [ [ [ 77.596794005787785, 12.940424002874593 ], [ 77.596794005787785, 12.944915558749548 ], [ 77.592184767416938, 12.944915558749548 ], [ 77.592184767416938, 12.940424002874593 ], [ 77.596794005787785, 12.940424002874593 ] ] ] } },
{ "type": "Feature", "properties": { "cell_id": 417, "lon": 77.599098624973209, "lat": 12.942669780812071 }, "geometry": { "type": "Polygon", "coordinates": [ [ [ 77.601403244158632, 12.940424002874593 ], [ 77.601403244158632, 12.944915558749548 ], [ 77.596794005787785, 12.944915558749548 ], [ 77.596794005787785, 12.940424002874593 ], [ 77.601403244158632, 12.940424002874593 ] ] ] } },
{ "type": "Feature", "properties": { "cell_id": 418, "lon": 77.603707863344056, "lat": 12.942669780812071 }, "geometry": { "type": "Polygon", "coordinates": [ [ [ 77.606012482529479, 12.940424002874593 ], [ 77.606012482529479, 12.944915558749548 ], [ 77.601403244158632, 12.944915558749548 ], [ 77.601403244158632, 12.940424002874593 ], [ 77.606012482529479, 12.940424002874593 ] ] ] } },
{ "type": "Feature", "properties": { "cell_id": 419, "lon": 77.608317101714903, "lat": 12.942669780812071 }, "geometry": { "type": "Polygon", "coordinates": [ [ [ 77.610621720900326, 12.940424002874593 ], [ 77.610621720900326, 12.944915558749548 ], [ 77.606012482529479, 12.944915558749548 ], [ 77.606012482529479, 12.940424002874593 ], [ 77.610621720900326, 12.940424002874593 ] ] ] } },
{ "type": "Feature", "properties": { "cell_id": 420, "lon": 77.61292634008575, "lat": 12.942669780812071 }, "geometry": { "type": "Polygon", "coordinates": [ [ [ 77.615230959271173, 12.940424002874593 ], [ 77.615230959271173, 12.944915558749548 ], [ 77.610621720900326, 12.944915558749548 ], [ 77.610621720900326, 12.940424002874593 ], [ 77.615230959271173, 12.940424002874593 ] ] ] } },
{ "type": "Feature", "properties": { "cell_id": 421, "lon": 77.617535578456597, "lat": 12.942669780812071 }, "geometry": { "type": "Polygon", "coordinates": [ [ [ 77.61984019764202, 12.940424002874593 ], [ 77.61984019764202, 12.944915558749548 ], [ 77.615230959271173, 12.944915558749548 ], [ 77.615230959271173, 12.940424002874593 ], [ 77.61984019764202, 12.940424002874593 ] ] ] } },
{ "type": "Feature", "properties": { "cell_id": 422, "lon": 77.622144816827443, "lat": 12.942669780812071 }, "geometry": { "type": "Polygon", "coordinates": [ [ [ 77.624449436012867, 12.940424002874593 ], [ 77.624449436012867, 12.944915558749548 ], [ 77.61984019764202, 12.944915558749548 ], [ 77.61984019764202, 12.940424002874593 ], [ 77.624449436012867, 12.940424002874593 ] ] ] } },
{ "type": "Feature", "properties": { "cell_id": 423, "lon": 77.62675405519829, "lat": 12.942669780812071 }, "geometry": { "type": "Polygon", "coordinates": [ [ [ 77.629058674383714, 12.940424002874593 ], [ 77.629058674383714, 12.944915558749548 ], [ 77.624449436012867, 12.944915558749548 ], [ 77.624449436012867, 12.940424002874593 ], [ 77.629058674383714, 12.940424002874593 ] ] ] } },
{ "type": "Feature", "properties": { "cell_id": 424, "lon": 77.631363293569137, "lat": 12.942669780812071 }, "geometry": { "type": "Polygon", "coordinates": [ [ [ 77.633667912754561, 12.940424002874593 ], [ 77.633667912754561, 12.944915558749548 ], [ 77.629058674383714, 12.944915558749548 ], [ 77.629058674383714, 12.940424002874593 ], [ 77.633667912754561, 12.940424002874593 ] ] ] } },
{ "type": "Feature", "properties": { "cell_id": 425, "lon": 77.635972531939984, "lat": 12.942669780812071 }, "geometry": { "type": "Polygon", "coordinates": [ [ [ 77.638277151125408, 12.940424002874593 ], [ 77.638277151125408, 12.944915558749548 ], [ 77.633667912754561, 12.944915558749548 ], [ 77.633667912754561, 12.940424002874593 ], [ 77.638277151125408, 12.940424002874593 ] ] ] } },
{ "type": "Feature", "properties": { "cell_id": 426, "lon": 77.640581770310831, "lat": 12.942669780812071 }, "geometry": { "type": "Polygon", "coordinates": [ [ [ 77.642886389496255, 12.940424002874593 ], [ 77.642886389496255, 12.944915558749548 ], [ 77.638277151125408, 12.944915558749548 ], [ 77.638277151125408, 12.940424002874593 ], [ 77.642886389496255, 12.940424002874593 ] ] ] } },
{ "type": "Feature", "properties": { "cell_id": 427, "lon": 77.645191008681678, "lat": 12.942669780812071 }, "geometry": { "type": "Polygon", "coordinates": [ [ [ 77.647495627867102, 12.940424002874593 ], [ 77.647495627867102, 12.944915558749548 ], [ 77.642886389496255, 12.944915558749548 ], [ 77.642886389496255, 12.940424002874593 ], [ 77.647495627867102, 12.940424002874593 ] ] ] } },
{ "type": "Feature", "properties": { "cell_id": 428, "lon": 77.649800247052525, "lat": 12.942669780812071 }, "geometry": { "type": "Polygon", "coordinates": [ [ [ 77.652104866237948, 12.940424002874593 ], [ 77.652104866237948, 12.944915558749548 ], [ 77.647495627867102, 12.944915558749548 ], [ 77.647495627867102, 12.940424002874593 ], [ 77.652104866237948, 12.940424002874593 ] ] ] } },
{ "type": "Feature", "properties": { "cell_id": 429, "lon": 77.654409485423372, "lat": 12.942669780812071 }, "geometry": { "type": "Polygon", "coordinates": [ [ [ 77.656714104608795, 12.940424002874593 ], [ 77.656714104608795, 12.944915558749548 ], [ 77.652104866237948, 12.944915558749548 ], [ 77.652104866237948, 12.940424002874593 ], [ 77.656714104608795, 12.940424002874593 ] ] ] } },
{ "type": "Feature", "properties": { "cell_id": 430, "lon": 77.659018723794219, "lat": 12.942669780812071 }, "geometry": { "type": "Polygon", "coordinates": [ [ [ 77.661323342979642, 12.940424002874593 ], [ 77.661323342979642, 12.944915558749548 ], [ 77.656714104608795, 12.944915558749548 ], [ 77.656714104608795, 12.940424002874593 ], [ 77.661323342979642, 12.940424002874593 ] ] ] } },
{ "type": "Feature", "properties": { "cell_id": 431, "lon": 77.663627962165066, "lat": 12.942669780812071 }, "geometry": { "type": "Polygon", "coordinates": [ [ [ 77.665932581350489, 12.940424002874593 ], [ 77.665932581350489, 12.944915558749548 ], [ 77.661323342979642, 12.944915558749548 ], [ 77.661323342979642, 12.940424002874593 ], [ 77.665932581350489, 12.940424002874593 ] ] ] } },
{ "type": "Feature", "properties": { "cell_id": 432, "lon": 77.668237200535913, "lat": 12.942669780812071 }, "geometry": { "type": "Polygon", "coordinates": [ [ [ 77.670541819721336, 12.940424002874593 ], [ 77.670541819721336, 12.944915558749548 ], [ 77.665932581350489, 12.944915558749548 ], [ 77.665932581350489, 12.940424002874593 ], [ 77.670541819721336, 12.940424002874593 ] ] ] } },
{ "type": "Feature", "properties": { "cell_id": 433, "lon": 77.67284643890676, "lat": 12.942669780812071 }, "geometry": { "type": "Polygon", "coordinates": [ [ [ 77.675151058092183, 12.940424002874593 ], [ 77.675151058092183, 12.944915558749548 ], [ 77.670541819721336, 12.944915558749548 ], [ 77.670541819721336, 12.940424002874593 ], [ 77.675151058092183, 12.940424002874593 ] ] ] } },
{ "type": "Feature", "properties": { "cell_id": 434, "lon": 77.677455677277607, "lat": 12.942669780812071 }, "geometry": { "type": "Polygon", "coordinates": [ [ [ 77.67976029646303, 12.940424002874593 ], [ 77.67976029646303, 12.944915558749548 ], [ 77.675151058092183, 12.944915558749548 ], [ 77.675151058092183, 12.940424002874593 ], [ 77.67976029646303, 12.940424002874593 ] ] ] } },
{ "type": "Feature", "properties": { "cell_id": 435, "lon": 77.682064915648454, "lat": 12.942669780812071 }, "geometry": { "type": "Polygon", "coordinates": [ [ [ 77.684369534833877, 12.940424002874593 ], [ 77.684369534833877, 12.944915558749548 ], [ 77.67976029646303, 12.944915558749548 ], [ 77.67976029646303, 12.940424002874593 ], [ 77.684369534833877, 12.940424002874593 ] ] ] } },
{ "type": "Feature", "properties": { "cell_id": 436, "lon": 77.6866741540193, "lat": 12.942669780812071 }, "geometry": { "type": "Polygon", "coordinates": [ [ [ 77.688978773204724, 12.940424002874593 ], [ 77.688978773204724, 12.944915558749548 ], [ 77.684369534833877, 12.944915558749548 ], [ 77.684369534833877, 12.940424002874593 ], [ 77.688978773204724, 12.940424002874593 ] ] ] } },
{ "type": "Feature", "properties": { "cell_id": 437, "lon": 77.691283392390147, "lat": 12.942669780812071 }, "geometry": { "type": "Polygon", "coordinates": [ [ [ 77.693588011575571, 12.940424002874593 ], [ 77.693588011575571, 12.944915558749548 ], [ 77.688978773204724, 12.944915558749548 ], [ 77.688978773204724, 12.940424002874593 ], [ 77.693588011575571, 12.940424002874593 ] ] ] } },
{ "type": "Feature", "properties": { "cell_id": 438, "lon": 77.695892630760994, "lat": 12.942669780812071 }, "geometry": { "type": "Polygon", "coordinates": [ [ [ 77.698197249946418, 12.940424002874593 ], [ 77.698197249946418, 12.944915558749548 ], [ 77.693588011575571, 12.944915558749548 ], [ 77.693588011575571, 12.940424002874593 ], [ 77.698197249946418, 12.940424002874593 ] ] ] } },
{ "type": "Feature", "properties": { "cell_id": 439, "lon": 77.700501869131841, "lat": 12.942669780812071 }, "geometry": { "type": "Polygon", "coordinates": [ [ [ 77.702806488317265, 12.940424002874593 ], [ 77.702806488317265, 12.944915558749548 ], [ 77.698197249946418, 12.944915558749548 ], [ 77.698197249946418, 12.940424002874593 ], [ 77.702806488317265, 12.940424002874593 ] ] ] } },
{ "type": "Feature", "properties": { "cell_id": 440, "lon": 77.502304619185423, "lat": 12.947161336687026 }, "geometry": { "type": "Polygon", "coordinates": [ [ [ 77.504609238370847, 12.944915558749548 ], [ 77.504609238370847, 12.949407114624503 ], [ 77.5, 12.949407114624503 ], [ 77.5, 12.944915558749548 ], [ 77.504609238370847, 12.944915558749548 ] ] ] } },
{ "type": "Feature", "properties": { "cell_id": 441, "lon": 77.50691385755627, "lat": 12.947161336687026 }, "geometry": { "type": "Polygon", "coordinates": [ [ [ 77.509218476741694, 12.944915558749548 ], [ 77.509218476741694, 12.949407114624503 ], [ 77.504609238370847, 12.949407114624503 ], [ 77.504609238370847, 12.944915558749548 ], [ 77.509218476741694, 12.944915558749548 ] ] ] } },
{ "type": "Feature", "properties": { "cell_id": 442, "lon": 77.511523095927117, "lat": 12.947161336687026 }, "geometry": { "type": "Polygon", "coordinates": [ [ [ 77.513827715112541, 12.944915558749548 ], [ 77.513827715112541, 12.949407114624503 ], [ 77.509218476741694, 12.949407114624503 ], [ 77.509218476741694, 12.944915558749548 ], [ 77.513827715112541, 12.944915558749548 ] ] ] } },
{ "type": "Feature", "properties": { "cell_id": 443, "lon": 77.516132334297964, "lat": 12.947161336687026 }, "geometry": { "type": "Polygon", "coordinates": [ [ [ 77.518436953483388, 12.944915558749548 ], [ 77.518436953483388, 12.949407114624503 ], [ 77.513827715112541, 12.949407114624503 ], [ 77.513827715112541, 12.944915558749548 ], [ 77.518436953483388, 12.944915558749548 ] ] ] } },
{ "type": "Feature", "properties": { "cell_id": 444, "lon": 77.520741572668811, "lat": 12.947161336687026 }, "geometry": { "type": "Polygon", "coordinates": [ [ [ 77.523046191854235, 12.944915558749548 ], [ 77.523046191854235, 12.949407114624503 ], [ 77.518436953483388, 12.949407114624503 ], [ 77.518436953483388, 12.944915558749548 ], [ 77.523046191854235, 12.944915558749548 ] ] ] } },
{ "type": "Feature", "properties": { "cell_id": 445, "lon": 77.525350811039658, "lat": 12.947161336687026 }, "geometry": { "type": "Polygon", "coordinates": [ [ [ 77.527655430225082, 12.944915558749548 ], [ 77.527655430225082, 12.949407114624503 ], [ 77.523046191854235, 12.949407114624503 ], [ 77.523046191854235, 12.944915558749548 ], [ 77.527655430225082, 12.944915558749548 ] ] ] } },
{ "type": "Feature", "properties": { "cell_id": 446, "lon": 77.529960049410505, "lat": 12.947161336687026 }, "geometry": { "type": "Polygon", "coordinates": [ [ [ 77.532264668595928, 12.944915558749548 ], [ 77.532264668595928, 12.949407114624503 ], [ 77.527655430225082, 12.949407114624503 ], [ 77.527655430225082, 12.944915558749548 ], [ 77.532264668595928, 12.944915558749548 ] ] ] } },
{ "type": "Feature", "properties": { "cell_id": 447, "lon": 77.534569287781352, "lat": 12.947161336687026 }, "geometry": { "type": "Polygon", "coordinates": [ [ [ 77.536873906966775, 12.944915558749548 ], [ 77.536873906966775, 12.949407114624503 ], [ 77.532264668595928, 12.949407114624503 ], [ 77.532264668595928, 12.944915558749548 ], [ 77.536873906966775, 12.944915558749548 ] ] ] } },
{ "type": "Feature", "properties": { "cell_id": 448, "lon": 77.539178526152199, "lat": 12.947161336687026 }, "geometry": { "type": "Polygon", "coordinates": [ [ [ 77.541483145337622, 12.944915558749548 ], [ 77.541483145337622, 12.949407114624503 ], [ 77.536873906966775, 12.949407114624503 ], [ 77.536873906966775, 12.944915558749548 ], [ 77.541483145337622, 12.944915558749548 ] ] ] } },
{ "type": "Feature", "properties": { "cell_id": 449, "lon": 77.543787764523046, "lat": 12.947161336687026 }, "geometry": { "type": "Polygon", "coordinates": [ [ [ 77.546092383708469, 12.944915558749548 ], [ 77.546092383708469, 12.949407114624503 ], [ 77.541483145337622, 12.949407114624503 ], [ 77.541483145337622, 12.944915558749548 ], [ 77.546092383708469, 12.944915558749548 ] ] ] } },
{ "type": "Feature", "properties": { "cell_id": 450, "lon": 77.548397002893893, "lat": 12.947161336687026 }, "geometry": { "type": "Polygon", "coordinates": [ [ [ 77.550701622079316, 12.944915558749548 ], [ 77.550701622079316, 12.949407114624503 ], [ 77.546092383708469, 12.949407114624503 ], [ 77.546092383708469, 12.944915558749548 ], [ 77.550701622079316, 12.944915558749548 ] ] ] } },
{ "type": "Feature", "properties": { "cell_id": 451, "lon": 77.55300624126474, "lat": 12.947161336687026 }, "geometry": { "type": "Polygon", "coordinates": [ [ [ 77.555310860450163, 12.944915558749548 ], [ 77.555310860450163, 12.949407114624503 ], [ 77.550701622079316, 12.949407114624503 ], [ 77.550701622079316, 12.944915558749548 ], [ 77.555310860450163, 12.944915558749548 ] ] ] } },
{ "type": "Feature", "properties": { "cell_id": 452, "lon": 77.557615479635587, "lat": 12.947161336687026 }, "geometry": { "type": "Polygon", "coordinates": [ [ [ 77.55992009882101, 12.944915558749548 ], [ 77.55992009882101, 12.949407114624503 ], [ 77.555310860450163, 12.949407114624503 ], [ 77.555310860450163, 12.944915558749548 ], [ 77.55992009882101, 12.944915558749548 ] ] ] } },
{ "type": "Feature", "properties": { "cell_id": 453, "lon": 77.562224718006433, "lat": 12.947161336687026 }, "geometry": { "type": "Polygon", "coordinates": [ [ [ 77.564529337191857, 12.944915558749548 ], [ 77.564529337191857, 12.949407114624503 ], [ 77.55992009882101, 12.949407114624503 ], [ 77.55992009882101, 12.944915558749548 ], [ 77.564529337191857, 12.944915558749548 ] ] ] } },
{ "type": "Feature", "properties": { "cell_id": 454, "lon": 77.56683395637728, "lat": 12.947161336687026 }, "geometry": { "type": "Polygon", "coordinates": [ [ [ 77.569138575562704, 12.944915558749548 ], [ 77.569138575562704, 12.949407114624503 ], [ 77.564529337191857, 12.949407114624503 ], [ 77.564529337191857, 12.944915558749548 ], [ 77.569138575562704, 12.944915558749548 ] ] ] } },
{ "type": "Feature", "properties": { "cell_id": 455, "lon": 77.571443194748127, "lat": 12.947161336687026 }, "geometry": { "type": "Polygon", "coordinates": [ [ [ 77.573747813933551, 12.944915558749548 ], [ 77.573747813933551, 12.949407114624503 ], [ 77.569138575562704, 12.949407114624503 ], [ 77.569138575562704, 12.944915558749548 ], [ 77.573747813933551, 12.944915558749548 ] ] ] } },
{ "type": "Feature", "properties": { "cell_id": 456, "lon": 77.576052433118974, "lat": 12.947161336687026 }, "geometry": { "type": "Polygon", "coordinates": [ [ [ 77.578357052304398, 12.944915558749548 ], [ 77.578357052304398, 12.949407114624503 ], [ 77.573747813933551, 12.949407114624503 ], [ 77.573747813933551, 12.944915558749548 ], [ 77.578357052304398, 12.944915558749548 ] ] ] } },
{ "type": "Feature", "properties": { "cell_id": 457, "lon": 77.580661671489821, "lat": 12.947161336687026 }, "geometry": { "type": "Polygon", "coordinates": [ [ [ 77.582966290675245, 12.944915558749548 ], [ 77.582966290675245, 12.949407114624503 ], [ 77.578357052304398, 12.949407114624503 ], [ 77.578357052304398, 12.944915558749548 ], [ 77.582966290675245, 12.944915558749548 ] ] ] } },
{ "type": "Feature", "properties": { "cell_id": 458, "lon": 77.585270909860668, "lat": 12.947161336687026 }, "geometry": { "type": "Polygon", "coordinates": [ [ [ 77.587575529046092, 12.944915558749548 ], [ 77.587575529046092, 12.949407114624503 ], [ 77.582966290675245, 12.949407114624503 ], [ 77.582966290675245, 12.944915558749548 ], [ 77.587575529046092, 12.944915558749548 ] ] ] } },
{ "type": "Feature", "properties": { "cell_id": 459, "lon": 77.589880148231515, "lat": 12.947161336687026 }, "geometry": { "type": "Polygon", "coordinates": [ [ [ 77.592184767416938, 12.944915558749548 ], [ 77.592184767416938, 12.949407114624503 ], [ 77.587575529046092, 12.949407114624503 ], [ 77.587575529046092, 12.944915558749548 ], [ 77.592184767416938, 12.944915558749548 ] ] ] } },
{ "type": "Feature", "properties": { "cell_id": 460, "lon": 77.594489386602362, "lat": 12.947161336687026 }, "geometry": { "type": "Polygon", "coordinates": [ [ [ 77.596794005787785, 12.944915558749548 ], [ 77.596794005787785, 12.949407114624503 ], [ 77.592184767416938, 12.949407114624503 ], [ 77.592184767416938, 12.944915558749548 ], [ 77.596794005787785, 12.944915558749548 ] ] ] } },
{ "type": "Feature", "properties": { "cell_id": 461, "lon": 77.599098624973209, "lat": 12.947161336687026 }, "geometry": { "type": "Polygon", "coordinates": [ [ [ 77.601403244158632, 12.944915558749548 ], [ 77.601403244158632, 12.949407114624503 ], [ 77.596794005787785, 12.949407114624503 ], [ 77.596794005787785, 12.944915558749548 ], [ 77.601403244158632, 12.944915558749548 ] ] ] } },
{ "type": "Feature", "properties": { "cell_id": 462, "lon": 77.603707863344056, "lat": 12.947161336687026 }, "geometry": { "type": "Polygon", "coordinates": [ [ [ 77.606012482529479, 12.944915558749548 ], [ 77.606012482529479, 12.949407114624503 ], [ 77.601403244158632, 12.949407114624503 ], [ 77.601403244158632, 12.944915558749548 ], [ 77.606012482529479, 12.944915558749548 ] ] ] } },
{ "type": "Feature", "properties": { "cell_id": 463, "lon": 77.608317101714903, "lat": 12.947161336687026 }, "geometry": { "type": "Polygon", "coordinates": [ [ [ 77.610621720900326, 12.944915558749548 ], [ 77.610621720900326, 12.949407114624503 ], [ 77.606012482529479, 12.949407114624503 ], [ 77.606012482529479, 12.944915558749548 ], [ 77.610621720900326, 12.944915558749548 ] ] ] } },
{ "type": "Feature", "properties": { "cell_id": 464, "lon": 77.61292634008575, "lat": 12.947161336687026 }, "geometry": { "type": "Polygon", "coordinates": [ [ [ 77.615230959271173, 12.944915558749548 ], [ 77.615230959271173, 12.949407114624503 ], [ 77.610621720900326, 12.949407114624503 ], [ 77.610621720900326, 12.944915558749548 ], [ 77.615230959271173, 12.944915558749548 ] ] ] } },
{ "type": "Feature", "properties": { "cell_id": 465, "lon": 77.617535578456597, "lat": 12.947161336687026 }, "geometry": { "type": "Polygon", "coordinates": [ [ [ 77.61984019764202, 12.944915558749548 ], [ 77.61984019764202, 12.949407114624503 ], [ 77.615230959271173, 12.949407114624503 ], [ 77.615230959271173, 12.944915558749548 ], [ 77.61984019764202, 12.944915558749548 ] ] ] } },
{ "type": "Feature", "properties": { "cell_id": 466, "lon": 77.622144816827443, "lat": 12.947161336687026 }, "geometry": { "type": "Polygon", "coordinates": [ [ [ 77.624449436012867, 12.944915558749548 ], [ 77.624449436012867, 12.949407114624503 ], [ 77.61984019764202, 12.949407114624503 ], [ 77.61984019764202, 12.944915558749548 ], [ 77.624449436012867, 12.944915558749548 ] ] ] } },
{ "type": "Feature", "properties": { "cell_id": 467, "lon": 77.62675405519829, "lat": 12.947161336687026 }, "geometry": { "type": "Polygon", "coordinates": [ [ [ 77.629058674383714, 12.944915558749548 ], [ 77.629058674383714, 12.949407114624503 ], [ 77.624449436012867, 12.949407114624503 ], [ 77.624449436012867, 12.944915558749548 ], [ 77.629058674383714, 12.944915558749548 ] ] ] } },
{ "type": "Feature", "properties": { "cell_id": 468, "lon": 77.631363293569137, "lat": 12.947161336687026 }, "geometry": { "type": "Polygon", "coordinates": [ [ [ 77.633667912754561, 12.944915558749548 ], [ 77.633667912754561, 12.949407114624503 ], [ 77.629058674383714, 12.949407114624503 ], [ 77.629058674383714, 12.944915558749548 ], [ 77.633667912754561, 12.944915558749548 ] ] ] } },
{ "type": "Feature", "properties": { "cell_id": 469, "lon": 77.635972531939984, "lat": 12.947161336687026 }, "geometry": { "type": "Polygon", "coordinates": [ [ [ 77.638277151125408, 12.944915558749548 ], [ 77.638277151125408, 12.949407114624503 ], [ 77.633667912754561, 12.949407114624503 ], [ 77.633667912754561, 12.944915558749548 ], [ 77.638277151125408, 12.944915558749548 ] ] ] } },
{ "type": "Feature", "properties": { "cell_id": 470, "lon": 77.640581770310831, "lat": 12.947161336687026 }, "geometry": { "type": "Polygon", "coordinates": [ [ [ 77.642886389496255, 12.944915558749548 ], [ 77.642886389496255, 12.949407114624503 ], [ 77.638277151125408, 12.949407114624503 ], [ 77.638277151125408, 12.944915558749548 ], [ 77.642886389496255, 12.944915558749548 ] ] ] } },
{ "type": "Feature", "properties": { "cell_id": 471, "lon": 77.645191008681678, "lat": 12.947161336687026 }, "geometry": { "type": "Polygon", "coordinates": [ [ [ 77.647495627867102, 12.944915558749548 ], [ 77.647495627867102, 12.949407114624503 ], [ 77.642886389496255, 12.949407114624503 ], [ 77.642886389496255, 12.944915558749548 ], [ 77.647495627867102, 12.944915558749548 ] ] ] } },
{ "type": "Feature", "properties": { "cell_id": 472, "lon": 77.649800247052525, "lat": 12.947161336687026 }, "geometry": { "type": "Polygon", "coordinates": [ [ [ 77.652104866237948, 12.944915558749548 ], [ 77.652104866237948, 12.949407114624503 ], [ 77.647495627867102, 12.949407114624503 ], [ 77.647495627867102, 12.944915558749548 ], [ 77.652104866237948, 12.944915558749548 ] ] ] } },
{ "type": "Feature", "properties": { "cell_id": 473, "lon": 77.654409485423372, "lat": 12.947161336687026 }, "geometry": { "type": "Polygon", "coordinates": [ [ [ 77.656714104608795, 12.944915558749548 ], [ 77.656714104608795, 12.949407114624503 ], [ 77.652104866237948, 12.949407114624503 ], [ 77.652104866237948, 12.944915558749548 ], [ 77.656714104608795, 12.944915558749548 ] ] ] } },
{ "type": "Feature", "properties": { "cell_id": 474, "lon": 77.659018723794219, "lat": 12.947161336687026 }, "geometry": { "type": "Polygon", "coordinates": [ [ [ 77.661323342979642, 12.944915558749548 ], [ 77.661323342979642, 12.949407114624503 ], [ 77.656714104608795, 12.949407114624503 ], [ 77.656714104608795, 12.944915558749548 ], [ 77.661323342979642, 12.944915558749548 ] ] ] } },
{ "type": "Feature", "properties": { "cell_id": 475, "lon": 77.663627962165066, "lat": 12.947161336687026 }, "geometry": { "type": "Polygon", "coordinates": [ [ [ 77.665932581350489, 12.944915558749548 ], [ 77.665932581350489, 12.949407114624503 ], [ 77.661323342979642, 12.949407114624503 ], [ 77.661323342979642, 12.944915558749548 ], [ 77.665932581350489, 12.944915558749548 ] ] ] } },
{ "type": "Feature", "properties": { "cell_id": 476, "lon": 77.668237200535913, "lat": 12.947161336687026 }, "geometry": { "type": "Polygon", "coordinates": [ [ [ 77.670541819721336, 12.944915558749548 ], [ 77.670541819721336, 12.949407114624503 ], [ 77.665932581350489, 12.949407114624503 ], [ 77.665932581350489, 12.944915558749548 ], [ 77.670541819721336, 12.944915558749548 ] ] ] } },
{ "type": "Feature", "properties": { "cell_id": 477, "lon": 77.67284643890676, "lat": 12.947161336687026 }, "geometry": { "type": "Polygon", "coordinates": [ [ [ 77.675151058092183, 12.944915558749548 ], [ 77.675151058092183, 12.949407114624503 ], [ 77.670541819721336, 12.949407114624503 ], [ 77.670541819721336, 12.944915558749548 ], [ 77.675151058092183, 12.944915558749548 ] ] ] } },
{ "type": "Feature", "properties": { "cell_id": 478, "lon": 77.677455677277607, "lat": 12.947161336687026 }, "geometry": { "type": "Polygon", "coordinates": [ [ [ 77.67976029646303, 12.944915558749548 ], [ 77.67976029646303, 12.949407114624503 ], [ 77.675151058092183, 12.949407114624503 ], [ 77.675151058092183, 12.944915558749548 ], [ 77.67976029646303, 12.944915558749548 ] ] ] } },
{ "type": "Feature", "properties": { "cell_id": 479, "lon": 77.682064915648454, "lat": 12.947161336687026 }, "geometry": { "type": "Polygon", "coordinates": [ [ [ 77.684369534833877, 12.944915558749548 ], [ 77.684369534833877, 12.949407114624503 ], [ 77.67976029646303, 12.949407114624503 ], [ 77.67976029646303, 12.944915558749548 ], [ 77.684369534833877, 12.944915558749548 ] ] ] } },
{ "type": "Feature", "properties": { "cell_id": 480, "lon": 77.6866741540193, "lat": 12.947161336687026 }, "geometry": { "type": "Polygon", "coordinates": [ [ [ 77.688978773204724, 12.944915558749548 ], [ 77.688978773204724, 12.949407114624503 ], [ 77.684369534833877, 12.949407114624503 ], [ 77.684369534833877, 12.944915558749548 ], [ 77.688978773204724, 12.944915558749548 ] ] ] } },
{ "type": "Feature", "properties": { "cell_id": 481, "lon": 77.691283392390147, "lat": 12.947161336687026 }, "geometry": { "type": "Polygon", "coordinates": [ [ [ 77.693588011575571, 12.944915558749548 ], [ 77.693588011575571, 12.949407114624503 ], [ 77.688978773204724, 12.949407114624503 ], [ 77.688978773204724, 12.944915558749548 ], [ 77.693588011575571, 12.944915558749548 ] ] ] } },
{ "type": "Feature", "properties": { "cell_id": 482, "lon": 77.695892630760994, "lat": 12.947161336687026 }, "geometry": { "type": "Polygon", "coordinates": [ [ [ 77.698197249946418, 12.944915558749548 ], [ 77.698197249946418, 12.949407114624503 ], [ 77.693588011575571, 12.949407114624503 ], [ 77.693588011575571, 12.944915558749548 ], [ 77.698197249946418, 12.944915558749548 ] ] ] } },
{ "type": "Feature", "properties": { "cell_id": 483, "lon": 77.700501869131841, "lat": 12.947161336687026 }, "geometry": { "type": "Polygon", "coordinates": [ [ [ 77.702806488317265, 12.944915558749548 ], [ 77.702806488317265, 12.949407114624503 ], [ 77.698197249946418, 12.949407114624503 ], [ 77.698197249946418, 12.944915558749548 ], [ 77.702806488317265, 12.944915558749548 ] ] ] } },
{ "type": "Feature", "properties": { "cell_id": 484, "lon": 77.502304619185423, "lat": 12.951652892561981 }, "geometry": { "type": "Polygon", "coordinates": [ [ [ 77.504609238370847, 12.949407114624503 ], [ 77.504609238370847, 12.953898670499457 ], [ 77.5, 12.953898670499457 ], [ 77.5, 12.949407114624503 ], [ 77.504609238370847, 12.949407114624503 ] ] ] } },
{ "type": "Feature", "properties": { "cell_id": 485, "lon": 77.50691385755627, "lat": 12.951652892561981 }, "geometry": { "type": "Polygon", "coordinates": [ [ [ 77.509218476741694, 12.949407114624503 ], [ 77.509218476741694, 12.953898670499457 ], [ 77.504609238370847, 12.953898670499457 ], [ 77.504609238370847, 12.949407114624503 ], [ 77.509218476741694, 12.949407114624503 ] ] ] } },
{ "type": "Feature", "properties": { "cell_id": 486, "lon": 77.511523095927117, "lat": 12.951652892561981 }, "geometry": { "type": "Polygon", "coordinates": [ [ [ 77.513827715112541, 12.949407114624503 ], [ 77.513827715112541, 12.953898670499457 ], [ 77.509218476741694, 12.953898670499457 ], [ 77.509218476741694, 12.949407114624503 ], [ 77.513827715112541, 12.949407114624503 ] ] ] } },
{ "type": "Feature", "properties": { "cell_id": 487, "lon": 77.516132334297964, "lat": 12.951652892561981 }, "geometry": { "type": "Polygon", "coordinates": [ [ [ 77.518436953483388, 12.949407114624503 ], [ 77.518436953483388, 12.953898670499457 ], [ 77.513827715112541, 12.953898670499457 ], [ 77.513827715112541, 12.949407114624503 ], [ 77.518436953483388, 12.949407114624503 ] ] ] } },
{ "type": "Feature", "properties": { "cell_id": 488, "lon": 77.520741572668811, "lat": 12.951652892561981 }, "geometry": { "type": "Polygon", "coordinates": [ [ [ 77.523046191854235, 12.949407114624503 ], [ 77.523046191854235, 12.953898670499457 ], [ 77.518436953483388, 12.953898670499457 ], [ 77.518436953483388, 12.949407114624503 ], [ 77.523046191854235, 12.949407114624503 ] ] ] } },
{ "type": "Feature", "properties": { "cell_id": 489, "lon": 77.525350811039658, "lat": 12.951652892561981 }, "geometry": { "type": "Polygon", "coordinates": [ [ [ 77.527655430225082, 12.949407114624503 ], [ 77.527655430225082, 12.953898670499457 ], [ 77.523046191854235, 12.953898670499457 ], [ 77.523046191854235, 12.949407114624503 ], [ 77.527655430225082, 12.949407114624503 ] ] ] } },
{ "type": "Feature", "properties": { "cell_id": 490, "lon": 77.529960049410505, "lat": 12.951652892561981 }, "geometry": { "type": "Polygon", "coordinates": [ [ [ 77.532264668595928, 12.949407114624503 ], [ 77.532264668595928, 12.953898670499457 ], [ 77.527655430225082, 12.953898670499457 ], [ 77.527655430225082, 12.949407114624503 ], [ 77.532264668595928, 12.949407114624503 ] ] ] } },
{ "type": "Feature", "properties": { "cell_id": 491, "lon": 77.534569287781352, "lat": 12.951652892561981 }, "geometry": { "type": "Polygon", "coordinates": [ [ [ 77.536873906966775, 12.949407114624503 ], [ 77.536873906966775, 12.953898670499457 ], [ 77.532264668595928, 12.953898670499457 ], [ 77.532264668595928, 12.949407114624503 ], [ 77.536873906966775, 12.949407114624503 ] ] ] } },
{ "type": "Feature", "properties": { "cell_id": 492, "lon": 77.539178526152199, "lat": 12.951652892561981 }, "geometry": { "type": "Polygon", "coordinates": [ [ [ 77.541483145337622, 12.949407114624503 ], [ 77.541483145337622, 12.953898670499457 ], [ 77.536873906966775, 12.953898670499457 ], [ 77.536873906966775, 12.949407114624503 ], [ 77.541483145337622, 12.949407114624503 ] ] ] } },
{ "type": "Feature", "properties": { "cell_id": 493, "lon": 77.543787764523046, "lat": 12.951652892561981 }, "geometry": { "type": "Polygon", "coordinates": [ [ [ 77.546092383708469, 12.949407114624503 ], [ 77.546092383708469, 12.953898670499457 ], [ 77.541483145337622, 12.953898670499457 ], [ 77.541483145337622, 12.949407114624503 ], [ 77.546092383708469, 12.949407114624503 ] ] ] } },
{ "type": "Feature", "properties": { "cell_id": 494, "lon": 77.548397002893893, "lat": 12.951652892561981 }, "geometry": { "type": "Polygon", "coordinates": [ [ [ 77.550701622079316, 12.949407114624503 ], [ 77.550701622079316, 12.953898670499457 ], [ 77.546092383708469, 12.953898670499457 ], [ 77.546092383708469, 12.949407114624503 ], [ 77.550701622079316, 12.949407114624503 ] ] ] } },
{ "type": "Feature", "properties": { "cell_id": 495, "lon": 77.55300624126474, "lat": 12.951652892561981 }, "geometry": { "type": "Polygon", "coordinates": [ [ [ 77.555310860450163, 12.949407114624503 ], [ 77.555310860450163, 12.953898670499457 ], [ 77.550701622079316, 12.953898670499457 ], [ 77.550701622079316, 12.949407114624503 ], [ 77.555310860450163, 12.949407114624503 ] ] ] } },
{ "type": "Feature", "properties": { "cell_id": 496, "lon": 77.557615479635587, "lat": 12.951652892561981 }, "geometry": { "type": "Polygon", "coordinates": [ [ [ 77.55992009882101, 12.949407114624503 ], [ 77.55992009882101, 12.953898670499457 ], [ 77.555310860450163, 12.953898670499457 ], [ 77.555310860450163, 12.949407114624503 ], [ 77.55992009882101, 12.949407114624503 ] ] ] } },
{ "type": "Feature", "properties": { "cell_id": 497, "lon": 77.562224718006433, "lat": 12.951652892561981 }, "geometry": { "type": "Polygon", "coordinates": [ [ [ 77.564529337191857, 12.949407114624503 ], [ 77.564529337191857, 12.953898670499457 ], [ 77.55992009882101, 12.953898670499457 ], [ 77.55992009882101, 12.949407114624503 ], [ 77.564529337191857, 12.949407114624503 ] ] ] } },
{ "type": "Feature", "properties": { "cell_id": 498, "lon": 77.56683395637728, "lat": 12.951652892561981 }, "geometry": { "type": "Polygon", "coordinates": [ [ [ 77.569138575562704, 12.949407114624503 ], [ 77.569138575562704, 12.953898670499457 ], [ 77.564529337191857, 12.953898670499457 ], [ 77.564529337191857, 12.949407114624503 ], [ 77.569138575562704, 12.949407114624503 ] ] ] } },
{ "type": "Feature", "properties": { "cell_id": 499, "lon": 77.571443194748127, "lat": 12.951652892561981 }, "geometry": { "type": "Polygon", "coordinates": [ [ [ 77.573747813933551, 12.949407114624503 ], [ 77.573747813933551, 12.953898670499457 ], [ 77.569138575562704, 12.953898670499457 ], [ 77.569138575562704, 12.949407114624503 ], [ 77.573747813933551, 12.949407114624503 ] ] ] } },
{ "type": "Feature", "properties": { "cell_id": 500, "lon": 77.576052433118974, "lat": 12.951652892561981 }, "geometry": { "type": "Polygon", "coordinates": [ [ [ 77.578357052304398, 12.949407114624503 ], [ 77.578357052304398, 12.953898670499457 ], [ 77.573747813933551, 12.953898670499457 ], [ 77.573747813933551, 12.949407114624503 ], [ 77.578357052304398, 12.949407114624503 ] ] ] } },
{ "type": "Feature", "properties": { "cell_id": 501, "lon": 77.580661671489821, "lat": 12.951652892561981 }, "geometry": { "type": "Polygon", "coordinates": [ [ [ 77.582966290675245, 12.949407114624503 ], [ 77.582966290675245, 12.953898670499457 ], [ 77.578357052304398, 12.953898670499457 ], [ 77.578357052304398, 12.949407114624503 ], [ 77.582966290675245, 12.949407114624503 ] ] ] } },
{ "type": "Feature", "properties": { "cell_id": 502, "lon": 77.585270909860668, "lat": 12.951652892561981 }, "geometry": { "type": "Polygon", "coordinates": [ [ [ 77.587575529046092, 12.949407114624503 ], [ 77.587575529046092, 12.953898670499457 ], [ 77.582966290675245, 12.953898670499457 ], [ 77.582966290675245, 12.949407114624503 ], [ 77.587575529046092, 12.949407114624503 ] ] ] } },
{ "type": "Feature", "properties": { "cell_id": 503, "lon": 77.589880148231515, "lat": 12.951652892561981 }, "geometry": { "type": "Polygon", "coordinates": [ [ [ 77.592184767416938, 12.949407114624503 ], [ 77.592184767416938, 12.953898670499457 ], [ 77.587575529046092, 12.953898670499457 ], [ 77.587575529046092, 12.949407114624503 ], [ 77.592184767416938, 12.949407114624503 ] ] ] } },
{ "type": "Feature", "properties": { "cell_id": 504, "lon": 77.594489386602362, "lat": 12.951652892561981 }, "geometry": { "type": "Polygon", "coordinates": [ [ [ 77.596794005787785, 12.949407114624503 ], [ 77.596794005787785, 12.953898670499457 ], [ 77.592184767416938, 12.953898670499457 ], [ 77.592184767416938, 12.949407114624503 ], [ 77.596794005787785, 12.949407114624503 ] ] ] } },
{ "type": "Feature", "properties": { "cell_id": 505, "lon": 77.599098624973209, "lat": 12.951652892561981 }, "geometry": { "type": "Polygon", "coordinates": [ [ [ 77.601403244158632, 12.949407114624503 ], [ 77.601403244158632, 12.953898670499457 ], [ 77.596794005787785, 12.953898670499457 ], [ 77.596794005787785, 12.949407114624503 ], [ 77.601403244158632, 12.949407114624503 ] ] ] } },
{ "type": "Feature", "properties": { "cell_id": 506, "lon": 77.603707863344056, "lat": 12.951652892561981 }, "geometry": { "type": "Polygon", "coordinates": [ [ [ 77.606012482529479, 12.949407114624503 ], [ 77.606012482529479, 12.953898670499457 ], [ 77.601403244158632, 12.953898670499457 ], [ 77.601403244158632, 12.949407114624503 ], [ 77.606012482529479, 12.949407114624503 ] ] ] } },
{ "type": "Feature", "properties": { "cell_id": 507, "lon": 77.608317101714903, "lat": 12.951652892561981 }, "geometry": { "type": "Polygon", "coordinates": [ [ [ 77.610621720900326, 12.949407114624503 ], [ 77.610621720900326, 12.953898670499457 ], [ 77.606012482529479, 12.953898670499457 ], [ 77.606012482529479, 12.949407114624503 ], [ 77.610621720900326, 12.949407114624503 ] ] ] } },
{ "type": "Feature", "properties": { "cell_id": 508, "lon": 77.61292634008575, "lat": 12.951652892561981 }, "geometry": { "type": "Polygon", "coordinates": [ [ [ 77.615230959271173, 12.949407114624503 ], [ 77.615230959271173, 12.953898670499457 ], [ 77.610621720900326, 12.953898670499457 ], [ 77.610621720900326, 12.949407114624503 ], [ 77.615230959271173, 12.949407114624503 ] ] ] } },
{ "type": "Feature", "properties": { "cell_id": 509, "lon": 77.617535578456597, "lat": 12.951652892561981 }, "geometry": { "type": "Polygon", "coordinates": [ [ [ 77.61984019764202, 12.949407114624503 ], [ 77.61984019764202, 12.953898670499457 ], [ 77.615230959271173, 12.953898670499457 ], [ 77.615230959271173, 12.949407114624503 ], [ 77.61984019764202, 12.949407114624503 ] ] ] } },
{ "type": "Feature", "properties": { "cell_id": 510, "lon": 77.622144816827443, "lat": 12.951652892561981 }, "geometry": { "type": "Polygon", "coordinates": [ [ [ 77.624449436012867, 12.949407114624503 ], [ 77.624449436012867, 12.953898670499457 ], [ 77.61984019764202, 12.953898670499457 ], [ 77.61984019764202, 12.949407114624503 ], [ 77.624449436012867, 12.949407114624503 ] ] ] } },
{ "type": "Feature", "properties": { "cell_id": 511, "lon": 77.62675405519829, "lat": 12.951652892561981 }, "geometry": { "type": "Polygon", "coordinates": [ [ [ 77.629058674383714, 12.949407114624503 ], [ 77.629058674383714, 12.953898670499457 ], [ 77.624449436012867, 12.953898670499457 ], [ 77.624449436012867, 12.949407114624503 ], [ 77.629058674383714, 12.949407114624503 ] ] ] } },
{ "type": "Feature", "properties": { "cell_id": 512, "lon": 77.631363293569137, "lat": 12.951652892561981 }, "geometry": { "type": "Polygon", "coordinates": [ [ [ 77.633667912754561, 12.949407114624503 ], [ 77.633667912754561, 12.953898670499457 ], [ 77.629058674383714, 12.953898670499457 ], [ 77.629058674383714, 12.949407114624503 ], [ 77.633667912754561, 12.949407114624503 ] ] ] } },
{ "type": "Feature", "properties": { "cell_id": 513, "lon": 77.635972531939984, "lat": 12.951652892561981 }, "geometry": { "type": "Polygon", "coordinates": [ [ [ 77.638277151125408, 12.949407114624503 ], [ 77.638277151125408, 12.953898670499457 ], [ 77.633667912754561, 12.953898670499457 ], [ 77.633667912754561, 12.949407114624503 ], [ 77.638277151125408, 12.949407114624503 ] ] ] } },
{ "type": "Feature", "properties": { "cell_id": 514, "lon": 77.640581770310831, "lat": 12.951652892561981 }, "geometry": { "type": "Polygon", "coordinates": [ [ [ 77.642886389496255, 12.949407114624503 ], [ 77.642886389496255, 12.953898670499457 ], [ 77.638277151125408, 12.953898670499457 ], [ 77.638277151125408, 12.949407114624503 ], [ 77.642886389496255, 12.949407114624503 ] ] ] } },
{ "type": "Feature", "properties": { "cell_id": 515, "lon": 77.645191008681678, "lat": 12.951652892561981 }, "geometry": { "type": "Polygon", "coordinates": [ [ [ 77.647495627867102, 12.949407114624503 ], [ 77.647495627867102, 12.953898670499457 ], [ 77.642886389496255, 12.953898670499457 ], [ 77.642886389496255, 12.949407114624503 ], [ 77.647495627867102, 12.949407114624503 ] ] ] } },
{ "type": "Feature", "properties": { "cell_id": 516, "lon": 77.649800247052525, "lat": 12.951652892561981 }, "geometry": { "type": "Polygon", "coordinates": [ [ [ 77.652104866237948, 12.949407114624503 ], [ 77.652104866237948, 12.953898670499457 ], [ 77.647495627867102, 12.953898670499457 ], [ 77.647495627867102, 12.949407114624503 ], [ 77.652104866237948, 12.949407114624503 ] ] ] } },
{ "type": "Feature", "properties": { "cell_id": 517, "lon": 77.654409485423372, "lat": 12.951652892561981 }, "geometry": { "type": "Polygon", "coordinates": [ [ [ 77.656714104608795, 12.949407114624503 ], [ 77.656714104608795, 12.953898670499457 ], [ 77.652104866237948, 12.953898670499457 ], [ 77.652104866237948, 12.949407114624503 ], [ 77.656714104608795, 12.949407114624503 ] ] ] } },
{ "type": "Feature", "properties": { "cell_id": 518, "lon": 77.659018723794219, "lat": 12.951652892561981 }, "geometry": { "type": "Polygon", "coordinates": [ [ [ 77.661323342979642, 12.949407114624503 ], [ 77.661323342979642, 12.953898670499457 ], [ 77.656714104608795, 12.953898670499457 ], [ 77.656714104608795, 12.949407114624503 ], [ 77.661323342979642, 12.949407114624503 ] ] ] } },
{ "type": "Feature", "properties": { "cell_id": 519, "lon": 77.663627962165066, "lat": 12.951652892561981 }, "geometry": { "type": "Polygon", "coordinates": [ [ [ 77.665932581350489, 12.949407114624503 ], [ 77.665932581350489, 12.953898670499457 ], [ 77.661323342979642, 12.953898670499457 ], [ 77.661323342979642, 12.949407114624503 ], [ 77.665932581350489, 12.949407114624503 ] ] ] } },
{ "type": "Feature", "properties": { "cell_id": 520, "lon": 77.668237200535913, "lat": 12.951652892561981 }, "geometry": { "type": "Polygon", "coordinates": [ [ [ 77.670541819721336, 12.949407114624503 ], [ 77.670541819721336, 12.953898670499457 ], [ 77.665932581350489, 12.953898670499457 ], [ 77.665932581350489, 12.949407114624503 ], [ 77.670541819721336, 12.949407114624503 ] ] ] } },
{ "type": "Feature", "properties": { "cell_id": 521, "lon": 77.67284643890676, "lat": 12.951652892561981 }, "geometry": { "type": "Polygon", "coordinates": [ [ [ 77.675151058092183, 12.949407114624503 ], [ 77.675151058092183, 12.953898670499457 ], [ 77.670541819721336, 12.953898670499457 ], [ 77.670541819721336, 12.949407114624503 ], [ 77.675151058092183, 12.949407114624503 ] ] ] } },
{ "type": "Feature", "properties": { "cell_id": 522, "lon": 77.677455677277607, "lat": 12.951652892561981 }, "geometry": { "type": "Polygon", "coordinates": [ [ [ 77.67976029646303, 12.949407114624503 ], [ 77.67976029646303, 12.953898670499457 ], [ 77.675151058092183, 12.953898670499457 ], [ 77.675151058092183, 12.949407114624503 ], [ 77.67976029646303, 12.949407114624503 ] ] ] } },
{ "type": "Feature", "properties": { "cell_id": 523, "lon": 77.682064915648454, "lat": 12.951652892561981 }, "geometry": { "type": "Polygon", "coordinates": [ [ [ 77.684369534833877, 12.949407114624503 ], [ 77.684369534833877, 12.953898670499457 ], [ 77.67976029646303, 12.953898670499457 ], [ 77.67976029646303, 12.949407114624503 ], [ 77.684369534833877, 12.949407114624503 ] ] ] } },
{ "type": "Feature", "properties": { "cell_id": 524, "lon": 77.6866741540193, "lat": 12.951652892561981 }, "geometry": { "type": "Polygon", "coordinates": [ [ [ 77.688978773204724, 12.949407114624503 ], [ 77.688978773204724, 12.953898670499457 ], [ 77.684369534833877, 12.953898670499457 ], [ 77.684369534833877, 12.949407114624503 ], [ 77.688978773204724, 12.949407114624503 ] ] ] } },
{ "type": "Feature", "properties": { "cell_id": 525, "lon": 77.691283392390147, "lat": 12.951652892561981 }, "geometry": { "type": "Polygon", "coordinates": [ [ [ 77.693588011575571, 12.949407114624503 ], [ 77.693588011575571, 12.953898670499457 ], [ 77.688978773204724, 12.953898670499457 ], [ 77.688978773204724, 12.949407114624503 ], [ 77.693588011575571, 12.949407114624503 ] ] ] } },
{ "type": "Feature", "properties": { "cell_id": 526, "lon": 77.695892630760994, "lat": 12.951652892561981 }, "geometry": { "type": "Polygon", "coordinates": [ [ [ 77.698197249946418, 12.949407114624503 ], [ 77.698197249946418, 12.953898670499457 ], [ 77.693588011575571, 12.953898670499457 ], [ 77.693588011575571, 12.949407114624503 ], [ 77.698197249946418, 12.949407114624503 ] ] ] } },
{ "type": "Feature", "properties": { "cell_id": 527, "lon": 77.700501869131841, "lat": 12.951652892561981 }, "geometry": { "type": "Polygon", "coordinates": [ [ [ 77.702806488317265, 12.949407114624503 ], [ 77.702806488317265, 12.953898670499457 ], [ 77.698197249946418, 12.953898670499457 ], [ 77.698197249946418, 12.949407114624503 ], [ 77.702806488317265, 12.949407114624503 ] ] ] } },
{ "type": "Feature", "properties": { "cell_id": 528, "lon": 77.502304619185423, "lat": 12.956144448436936 }, "geometry": { "type": "Polygon", "coordinates": [ [ [ 77.504609238370847, 12.953898670499457 ], [ 77.504609238370847, 12.958390226374412 ], [ 77.5, 12.958390226374412 ], [ 77.5, 12.953898670499457 ], [ 77.504609238370847, 12.953898670499457 ] ] ] } },
{ "type": "Feature", "properties": { "cell_id": 529, "lon": 77.50691385755627, "lat": 12.956144448436936 }, "geometry": { "type": "Polygon", "coordinates": [ [ [ 77.509218476741694, 12.953898670499457 ], [ 77.509218476741694, 12.958390226374412 ], [ 77.504609238370847, 12.958390226374412 ], [ 77.504609238370847, 12.953898670499457 ], [ 77.509218476741694, 12.953898670499457 ] ] ] } },
{ "type": "Feature", "properties": { "cell_id": 530, "lon": 77.511523095927117, "lat": 12.956144448436936 }, "geometry": { "type": "Polygon", "coordinates": [ [ [ 77.513827715112541, 12.953898670499457 ], [ 77.513827715112541, 12.958390226374412 ], [ 77.509218476741694, 12.958390226374412 ], [ 77.509218476741694, 12.953898670499457 ], [ 77.513827715112541, 12.953898670499457 ] ] ] } },
{ "type": "Feature", "properties": { "cell_id": 531, "lon": 77.516132334297964, "lat": 12.956144448436936 }, "geometry": { "type": "Polygon", "coordinates": [ [ [ 77.518436953483388, 12.953898670499457 ], [ 77.518436953483388, 12.958390226374412 ], [ 77.513827715112541, 12.958390226374412 ], [ 77.513827715112541, 12.953898670499457 ], [ 77.518436953483388, 12.953898670499457 ] ] ] } },
{ "type": "Feature", "properties": { "cell_id": 532, "lon": 77.520741572668811, "lat": 12.956144448436936 }, "geometry": { "type": "Polygon", "coordinates": [ [ [ 77.523046191854235, 12.953898670499457 ], [ 77.523046191854235, 12.958390226374412 ], [ 77.518436953483388, 12.958390226374412 ], [ 77.518436953483388, 12.953898670499457 ], [ 77.523046191854235, 12.953898670499457 ] ] ] } },
{ "type": "Feature", "properties": { "cell_id": 533, "lon": 77.525350811039658, "lat": 12.956144448436936 }, "geometry": { "type": "Polygon", "coordinates": [ [ [ 77.527655430225082, 12.953898670499457 ], [ 77.527655430225082, 12.958390226374412 ], [ 77.523046191854235, 12.958390226374412 ], [ 77.523046191854235, 12.953898670499457 ], [ 77.527655430225082, 12.953898670499457 ] ] ] } },
{ "type": "Feature", "properties": { "cell_id": 534, "lon": 77.529960049410505, "lat": 12.956144448436936 }, "geometry": { "type": "Polygon", "coordinates": [ [ [ 77.532264668595928, 12.953898670499457 ], [ 77.532264668595928, 12.958390226374412 ], [ 77.527655430225082, 12.958390226374412 ], [ 77.527655430225082, 12.953898670499457 ], [ 77.532264668595928, 12.953898670499457 ] ] ] } },
{ "type": "Feature", "properties": { "cell_id": 535, "lon": 77.534569287781352, "lat": 12.956144448436936 }, "geometry": { "type": "Polygon", "coordinates": [ [ [ 77.536873906966775, 12.953898670499457 ], [ 77.536873906966775, 12.958390226374412 ], [ 77.532264668595928, 12.958390226374412 ], [ 77.532264668595928, 12.953898670499457 ], [ 77.536873906966775, 12.953898670499457 ] ] ] } },
{ "type": "Feature", "properties": { "cell_id": 536, "lon": 77.539178526152199, "lat": 12.956144448436936 }, "geometry": { "type": "Polygon", "coordinates": [ [ [ 77.541483145337622, 12.953898670499457 ], [ 77.541483145337622, 12.958390226374412 ], [ 77.536873906966775, 12.958390226374412 ], [ 77.536873906966775, 12.953898670499457 ], [ 77.541483145337622, 12.953898670499457 ] ] ] } },
{ "type": "Feature", "properties": { "cell_id": 537, "lon": 77.543787764523046, "lat": 12.956144448436936 }, "geometry": { "type": "Polygon", "coordinates": [ [ [ 77.546092383708469, 12.953898670499457 ], [ 77.546092383708469, 12.958390226374412 ], [ 77.541483145337622, 12.958390226374412 ], [ 77.541483145337622, 12.953898670499457 ], [ 77.546092383708469, 12.953898670499457 ] ] ] } },
{ "type": "Feature", "properties": { "cell_id": 538, "lon": 77.548397002893893, "lat": 12.956144448436936 }, "geometry": { "type": "Polygon", "coordinates": [ [ [ 77.550701622079316, 12.953898670499457 ], [ 77.550701622079316, 12.958390226374412 ], [ 77.546092383708469, 12.958390226374412 ], [ 77.546092383708469, 12.953898670499457 ], [ 77.550701622079316, 12.953898670499457 ] ] ] } },
{ "type": "Feature", "properties": { "cell_id": 539, "lon": 77.55300624126474, "lat": 12.956144448436936 }, "geometry": { "type": "Polygon", "coordinates": [ [ [ 77.555310860450163, 12.953898670499457 ], [ 77.555310860450163, 12.958390226374412 ], [ 77.550701622079316, 12.958390226374412 ], [ 77.550701622079316, 12.953898670499457 ], [ 77.555310860450163, 12.953898670499457 ] ] ] } },
{ "type": "Feature", "properties": { "cell_id": 540, "lon": 77.557615479635587, "lat": 12.956144448436936 }, "geometry": { "type": "Polygon", "coordinates": [ [ [ 77.55992009882101, 12.953898670499457 ], [ 77.55992009882101, 12.958390226374412 ], [ 77.555310860450163, 12.958390226374412 ], [ 77.555310860450163, 12.953898670499457 ], [ 77.55992009882101, 12.953898670499457 ] ] ] } },
{ "type": "Feature", "properties": { "cell_id": 541, "lon": 77.562224718006433, "lat": 12.956144448436936 }, "geometry": { "type": "Polygon", "coordinates": [ [ [ 77.564529337191857, 12.953898670499457 ], [ 77.564529337191857, 12.958390226374412 ], [ 77.55992009882101, 12.958390226374412 ], [ 77.55992009882101, 12.953898670499457 ], [ 77.564529337191857, 12.953898670499457 ] ] ] } },
{ "type": "Feature", "properties": { "cell_id": 542, "lon": 77.56683395637728, "lat": 12.956144448436936 }, "geometry": { "type": "Polygon", "coordinates": [ [ [ 77.569138575562704, 12.953898670499457 ], [ 77.569138575562704, 12.958390226374412 ], [ 77.564529337191857, 12.958390226374412 ], [ 77.564529337191857, 12.953898670499457 ], [ 77.569138575562704, 12.953898670499457 ] ] ] } },
{ "type": "Feature", "properties": { "cell_id": 543, "lon": 77.571443194748127, "lat": 12.956144448436936 }, "geometry": { "type": "Polygon", "coordinates": [ [ [ 77.573747813933551, 12.953898670499457 ], [ 77.573747813933551, 12.958390226374412 ], [ 77.569138575562704, 12.958390226374412 ], [ 77.569138575562704, 12.953898670499457 ], [ 77.573747813933551, 12.953898670499457 ] ] ] } },
{ "type": "Feature", "properties": { "cell_id": 544, "lon": 77.576052433118974, "lat": 12.956144448436936 }, "geometry": { "type": "Polygon", "coordinates": [ [ [ 77.578357052304398, 12.953898670499457 ], [ 77.578357052304398, 12.958390226374412 ], [ 77.573747813933551, 12.958390226374412 ], [ 77.573747813933551, 12.953898670499457 ], [ 77.578357052304398, 12.953898670499457 ] ] ] } },
{ "type": "Feature", "properties": { "cell_id": 545, "lon": 77.580661671489821, "lat": 12.956144448436936 }, "geometry": { "type": "Polygon", "coordinates": [ [ [ 77.582966290675245, 12.953898670499457 ], [ 77.582966290675245, 12.958390226374412 ], [ 77.578357052304398, 12.958390226374412 ], [ 77.578357052304398, 12.953898670499457 ], [ 77.582966290675245, 12.953898670499457 ] ] ] } },
{ "type": "Feature", "properties": { "cell_id": 546, "lon": 77.585270909860668, "lat": 12.956144448436936 }, "geometry": { "type": "Polygon", "coordinates": [ [ [ 77.587575529046092, 12.953898670499457 ], [ 77.587575529046092, 12.958390226374412 ], [ 77.582966290675245, 12.958390226374412 ], [ 77.582966290675245, 12.953898670499457 ], [ 77.587575529046092, 12.953898670499457 ] ] ] } },
{ "type": "Feature", "properties": { "cell_id": 547, "lon": 77.589880148231515, "lat": 12.956144448436936 }, "geometry": { "type": "Polygon", "coordinates": [ [ [ 77.592184767416938, 12.953898670499457 ], [ 77.592184767416938, 12.958390226374412 ], [ 77.587575529046092, 12.958390226374412 ], [ 77.587575529046092, 12.953898670499457 ], [ 77.592184767416938, 12.953898670499457 ] ] ] } },
{ "type": "Feature", "properties": { "cell_id": 548, "lon": 77.594489386602362, "lat": 12.956144448436936 }, "geometry": { "type": "Polygon", "coordinates": [ [ [ 77.596794005787785, 12.953898670499457 ], [ 77.596794005787785, 12.958390226374412 ], [ 77.592184767416938, 12.958390226374412 ], [ 77.592184767416938, 12.953898670499457 ], [ 77.596794005787785, 12.953898670499457 ] ] ] } },
{ "type": "Feature", "properties": { "cell_id": 549, "lon": 77.599098624973209, "lat": 12.956144448436936 }, "geometry": { "type": "Polygon", "coordinates": [ [ [ 77.601403244158632, 12.953898670499457 ], [ 77.601403244158632, 12.958390226374412 ], [ 77.596794005787785, 12.958390226374412 ], [ 77.596794005787785, 12.953898670499457 ], [ 77.601403244158632, 12.953898670499457 ] ] ] } },
{ "type": "Feature", "properties": { "cell_id": 550, "lon": 77.603707863344056, "lat": 12.956144448436936 }, "geometry": { "type": "Polygon", "coordinates": [ [ [ 77.606012482529479, 12.953898670499457 ], [ 77.606012482529479, 12.958390226374412 ], [ 77.601403244158632, 12.958390226374412 ], [ 77.601403244158632, 12.953898670499457 ], [ 77.606012482529479, 12.953898670499457 ] ] ] } },
{ "type": "Feature", "properties": { "cell_id": 551, "lon": 77.608317101714903, "lat": 12.956144448436936 }, "geometry": { "type": "Polygon", "coordinates": [ [ [ 77.610621720900326, 12.953898670499457 ], [ 77.610621720900326, 12.958390226374412 ], [ 77.606012482529479, 12.958390226374412 ], [ 77.606012482529479, 12.953898670499457 ], [ 77.610621720900326, 12.953898670499457 ] ] ] } },
{ "type": "Feature", "properties": { "cell_id": 552, "lon": 77.61292634008575, "lat": 12.956144448436936 }, "geometry": { "type": "Polygon", "coordinates": [ [ [ 77.615230959271173, 12.953898670499457 ], [ 77.615230959271173, 12.958390226374412 ], [ 77.610621720900326, 12.958390226374412 ], [ 77.610621720900326, 12.953898670499457 ], [ 77.615230959271173, 12.953898670499457 ] ] ] } },
{ "type": "Feature", "properties": { "cell_id": 553, "lon": 77.617535578456597, "lat": 12.956144448436936 }, "geometry": { "type": "Polygon", "coordinates": [ [ [ 77.61984019764202, 12.953898670499457 ], [ 77.61984019764202, 12.958390226374412 ], [ 77.615230959271173, 12.958390226374412 ], [ 77.615230959271173, 12.953898670499457 ], [ 77.61984019764202, 12.953898670499457 ] ] ] } },
{ "type": "Feature", "properties": { "cell_id": 554, "lon": 77.622144816827443, "lat": 12.956144448436936 }, "geometry": { "type": "Polygon", "coordinates": [ [ [ 77.624449436012867, 12.953898670499457 ], [ 77.624449436012867, 12.958390226374412 ], [ 77.61984019764202, 12.958390226374412 ], [ 77.61984019764202, 12.953898670499457 ], [ 77.624449436012867, 12.953898670499457 ] ] ] } },
{ "type": "Feature", "properties": { "cell_id": 555, "lon": 77.62675405519829, "lat": 12.956144448436936 }, "geometry": { "type": "Polygon", "coordinates": [ [ [ 77.629058674383714, 12.953898670499457 ], [ 77.629058674383714, 12.958390226374412 ], [ 77.624449436012867, 12.958390226374412 ], [ 77.624449436012867, 12.953898670499457 ], [ 77.629058674383714, 12.953898670499457 ] ] ] } },
{ "type": "Feature", "properties": { "cell_id": 556, "lon": 77.631363293569137, "lat": 12.956144448436936 }, "geometry": { "type": "Polygon", "coordinates": [ [ [ 77.633667912754561, 12.953898670499457 ], [ 77.633667912754561, 12.958390226374412 ], [ 77.629058674383714, 12.958390226374412 ], [ 77.629058674383714, 12.953898670499457 ], [ 77.633667912754561, 12.953898670499457 ] ] ] } },
{ "type": "Feature", "properties": { "cell_id": 557, "lon": 77.635972531939984, "lat": 12.956144448436936 }, "geometry": { "type": "Polygon", "coordinates": [ [ [ 77.638277151125408, 12.953898670499457 ], [ 77.638277151125408, 12.958390226374412 ], [ 77.633667912754561, 12.958390226374412 ], [ 77.633667912754561, 12.953898670499457 ], [ 77.638277151125408, 12.953898670499457 ] ] ] } },
{ "type": "Feature", "properties": { "cell_id": 558, "lon": 77.640581770310831, "lat": 12.956144448436936 }, "geometry": { "type": "Polygon", "coordinates": [ [ [ 77.642886389496255, 12.953898670499457 ], [ 77.642886389496255, 12.958390226374412 ], [ 77.638277151125408, 12.958390226374412 ], [ 77.638277151125408, 12.953898670499457 ], [ 77.642886389496255, 12.953898670499457 ] ] ] } },
{ "type": "Feature", "properties": { "cell_id": 559, "lon": 77.645191008681678, "lat": 12.956144448436936 }, "geometry": { "type": "Polygon", "coordinates": [ [ [ 77.647495627867102, 12.953898670499457 ], [ 77.647495627867102, 12.958390226374412 ], [ 77.642886389496255, 12.958390226374412 ], [ 77.642886389496255, 12.953898670499457 ], [ 77.647495627867102, 12.953898670499457 ] ] ] } },
{ "type": "Feature", "properties": { "cell_id": 560, "lon": 77.649800247052525, "lat": 12.956144448436936 }, "geometry": { "type": "Polygon", "coordinates": [ [ [ 77.652104866237948, 12.953898670499457 ], [ 77.652104866237948, 12.958390226374412 ], [ 77.647495627867102, 12.958390226374412 ], [ 77.647495627867102, 12.953898670499457 ], [ 77.652104866237948, 12.953898670499457 ] ] ] } },
{ "type": "Feature", "properties": { "cell_id": 561, "lon": 77.654409485423372, "lat": 12.956144448436936 }, "geometry": { "type": "Polygon", "coordinates": [ [ [ 77.656714104608795, 12.953898670499457 ], [ 77.656714104608795, 12.958390226374412 ], [ 77.652104866237948, 12.958390226374412 ], [ 77.652104866237948, 12.953898670499457 ], [ 77.656714104608795, 12.953898670499457 ] ] ] } },
{ "type": "Feature", "properties": { "cell_id": 562, "lon": 77.659018723794219, "lat": 12.956144448436936 }, "geometry": { "type": "Polygon", "coordinates": [ [ [ 77.661323342979642, 12.953898670499457 ], [ 77.661323342979642, 12.958390226374412 ], [ 77.656714104608795, 12.958390226374412 ], [ 77.656714104608795, 12.953898670499457 ], [ 77.661323342979642, 12.953898670499457 ] ] ] } },
{ "type": "Feature", "properties": { "cell_id": 563, "lon": 77.663627962165066, "lat": 12.956144448436936 }, "geometry": { "type": "Polygon", "coordinates": [ [ [ 77.665932581350489, 12.953898670499457 ], [ 77.665932581350489, 12.958390226374412 ], [ 77.661323342979642, 12.958390226374412 ], [ 77.661323342979642, 12.953898670499457 ], [ 77.665932581350489, 12.953898670499457 ] ] ] } },
{ "type": "Feature", "properties": { "cell_id": 564, "lon": 77.668237200535913, "lat": 12.956144448436936 }, "geometry": { "type": "Polygon", "coordinates": [ [ [ 77.670541819721336, 12.953898670499457 ], [ 77.670541819721336, 12.958390226374412 ], [ 77.665932581350489, 12.958390226374412 ], [ 77.665932581350489, 12.953898670499457 ], [ 77.670541819721336, 12.953898670499457 ] ] ] } },
{ "type": "Feature", "properties": { "cell_id": 565, "lon": 77.67284643890676, "lat": 12.956144448436936 }, "geometry": { "type": "Polygon", "coordinates": [ [ [ 77.675151058092183, 12.953898670499457 ], [ 77.675151058092183, 12.958390226374412 ], [ 77.670541819721336, 12.958390226374412 ], [ 77.670541819721336, 12.953898670499457 ], [ 77.675151058092183, 12.953898670499457 ] ] ] } },
{ "type": "Feature", "properties": { "cell_id": 566, "lon": 77.677455677277607, "lat": 12.956144448436936 }, "geometry": { "type": "Polygon", "coordinates": [ [ [ 77.67976029646303, 12.953898670499457 ], [ 77.67976029646303, 12.958390226374412 ], [ 77.675151058092183, 12.958390226374412 ], [ 77.675151058092183, 12.953898670499457 ], [ 77.67976029646303, 12.953898670499457 ] ] ] } },
{ "type": "Feature", "properties": { "cell_id": 567, "lon": 77.682064915648454, "lat": 12.956144448436936 }, "geometry": { "type": "Polygon", "coordinates": [ [ [ 77.684369534833877, 12.953898670499457 ], [ 77.684369534833877, 12.958390226374412 ], [ 77.67976029646303, 12.958390226374412 ], [ 77.67976029646303, 12.953898670499457 ], [ 77.684369534833877, 12.953898670499457 ] ] ] } },
{ "type": "Feature", "properties": { "cell_id": 568, "lon": 77.6866741540193, "lat": 12.956144448436936 }, "geometry": { "type": "Polygon", "coordinates": [ [ [ 77.688978773204724, 12.953898670499457 ], [ 77.688978773204724, 12.958390226374412 ], [ 77.684369534833877, 12.958390226374412 ], [ 77.684369534833877, 12.953898670499457 ], [ 77.688978773204724, 12.953898670499457 ] ] ] } },
{ "type": "Feature", "properties": { "cell_id": 569, "lon": 77.691283392390147, "lat": 12.956144448436936 }, "geometry": { "type": "Polygon", "coordinates": [ [ [ 77.693588011575571, 12.953898670499457 ], [ 77.693588011575571, 12.958390226374412 ], [ 77.688978773204724, 12.958390226374412 ], [ 77.688978773204724, 12.953898670499457 ], [ 77.693588011575571, 12.953898670499457 ] ] ] } },
{ "type": "Feature", "properties": { "cell_id": 570, "lon": 77.695892630760994, "lat": 12.956144448436936 }, "geometry": { "type": "Polygon", "coordinates": [ [ [ 77.698197249946418, 12.953898670499457 ], [ 77.698197249946418, 12.958390226374412 ], [ 77.693588011575571, 12.958390226374412 ], [ 77.693588011575571, 12.953898670499457 ], [ 77.698197249946418, 12.953898670499457 ] ] ] } },
{ "type": "Feature", "properties": { "cell_id": 571, "lon": 77.700501869131841, "lat": 12.956144448436936 }, "geometry": { "type": "Polygon", "coordinates": [ [ [ 77.702806488317265, 12.953898670499457 ], [ 77.702806488317265, 12.958390226374412 ], [ 77.698197249946418, 12.958390226374412 ], [ 77.698197249946418, 12.953898670499457 ], [ 77.702806488317265, 12.953898670499457 ] ] ] } },
{ "type": "Feature", "properties": { "cell_id": 572, "lon": 77.502304619185423, "lat": 12.96063600431189 }, "geometry": { "type": "Polygon", "coordinates": [ [ [ 77.504609238370847, 12.958390226374412 ], [ 77.504609238370847, 12.962881782249367 ], [ 77.5, 12.962881782249367 ], [ 77.5, 12.958390226374412 ], [ 77.504609238370847, 12.958390226374412 ] ] ] } },
{ "type": "Feature", "properties": { "cell_id": 573, "lon": 77.50691385755627, "lat": 12.96063600431189 }, "geometry": { "type": "Polygon", "coordinates": [ [ [ 77.509218476741694, 12.958390226374412 ], [ 77.509218476741694, 12.962881782249367 ], [ 77.504609238370847, 12.962881782249367 ], [ 77.504609238370847, 12.958390226374412 ], [ 77.509218476741694, 12.958390226374412 ] ] ] } },
{ "type": "Feature", "properties": { "cell_id": 574, "lon": 77.511523095927117, "lat": 12.96063600431189 }, "geometry": { "type": "Polygon", "coordinates": [ [ [ 77.513827715112541, 12.958390226374412 ], [ 77.513827715112541, 12.962881782249367 ], [ 77.509218476741694, 12.962881782249367 ], [ 77.509218476741694, 12.958390226374412 ], [ 77.513827715112541, 12.958390226374412 ] ] ] } },
{ "type": "Feature", "properties": { "cell_id": 575, "lon": 77.516132334297964, "lat": 12.96063600431189 }, "geometry": { "type": "Polygon", "coordinates": [ [ [ 77.518436953483388, 12.958390226374412 ], [ 77.518436953483388, 12.962881782249367 ], [ 77.513827715112541, 12.962881782249367 ], [ 77.513827715112541, 12.958390226374412 ], [ 77.518436953483388, 12.958390226374412 ] ] ] } },
{ "type": "Feature", "properties": { "cell_id": 576, "lon": 77.520741572668811, "lat": 12.96063600431189 }, "geometry": { "type": "Polygon", "coordinates": [ [ [ 77.523046191854235, 12.958390226374412 ], [ 77.523046191854235, 12.962881782249367 ], [ 77.518436953483388, 12.962881782249367 ], [ 77.518436953483388, 12.958390226374412 ], [ 77.523046191854235, 12.958390226374412 ] ] ] } },
{ "type": "Feature", "properties": { "cell_id": 577, "lon": 77.525350811039658, "lat": 12.96063600431189 }, "geometry": { "type": "Polygon", "coordinates": [ [ [ 77.527655430225082, 12.958390226374412 ], [ 77.527655430225082, 12.962881782249367 ], [ 77.523046191854235, 12.962881782249367 ], [ 77.523046191854235, 12.958390226374412 ], [ 77.527655430225082, 12.958390226374412 ] ] ] } },
{ "type": "Feature", "properties": { "cell_id": 578, "lon": 77.529960049410505, "lat": 12.96063600431189 }, "geometry": { "type": "Polygon", "coordinates": [ [ [ 77.532264668595928, 12.958390226374412 ], [ 77.532264668595928, 12.962881782249367 ], [ 77.527655430225082, 12.962881782249367 ], [ 77.527655430225082, 12.958390226374412 ], [ 77.532264668595928, 12.958390226374412 ] ] ] } },
{ "type": "Feature", "properties": { "cell_id": 579, "lon": 77.534569287781352, "lat": 12.96063600431189 }, "geometry": { "type": "Polygon", "coordinates": [ [ [ 77.536873906966775, 12.958390226374412 ], [ 77.536873906966775, 12.962881782249367 ], [ 77.532264668595928, 12.962881782249367 ], [ 77.532264668595928, 12.958390226374412 ], [ 77.536873906966775, 12.958390226374412 ] ] ] } },
{ "type": "Feature", "properties": { "cell_id": 580, "lon": 77.539178526152199, "lat": 12.96063600431189 }, "geometry": { "type": "Polygon", "coordinates": [ [ [ 77.541483145337622, 12.958390226374412 ], [ 77.541483145337622, 12.962881782249367 ], [ 77.536873906966775, 12.962881782249367 ], [ 77.536873906966775, 12.958390226374412 ], [ 77.541483145337622, 12.958390226374412 ] ] ] } },
{ "type": "Feature", "properties": { "cell_id": 581, "lon": 77.543787764523046, "lat": 12.96063600431189 }, "geometry": { "type": "Polygon", "coordinates": [ [ [ 77.546092383708469, 12.958390226374412 ], [ 77.546092383708469, 12.962881782249367 ], [ 77.541483145337622, 12.962881782249367 ], [ 77.541483145337622, 12.958390226374412 ], [ 77.546092383708469, 12.958390226374412 ] ] ] } },
{ "type": "Feature", "properties": { "cell_id": 582, "lon": 77.548397002893893, "lat": 12.96063600431189 }, "geometry": { "type": "Polygon", "coordinates": [ [ [ 77.550701622079316, 12.958390226374412 ], [ 77.550701622079316, 12.962881782249367 ], [ 77.546092383708469, 12.962881782249367 ], [ 77.546092383708469, 12.958390226374412 ], [ 77.550701622079316, 12.958390226374412 ] ] ] } },
{ "type": "Feature", "properties": { "cell_id": 583, "lon": 77.55300624126474, "lat": 12.96063600431189 }, "geometry": { "type": "Polygon", "coordinates": [ [ [ 77.555310860450163, 12.958390226374412 ], [ 77.555310860450163, 12.962881782249367 ], [ 77.550701622079316, 12.962881782249367 ], [ 77.550701622079316, 12.958390226374412 ], [ 77.555310860450163, 12.958390226374412 ] ] ] } },
{ "type": "Feature", "properties": { "cell_id": 584, "lon": 77.557615479635587, "lat": 12.96063600431189 }, "geometry": { "type": "Polygon", "coordinates": [ [ [ 77.55992009882101, 12.958390226374412 ], [ 77.55992009882101, 12.962881782249367 ], [ 77.555310860450163, 12.962881782249367 ], [ 77.555310860450163, 12.958390226374412 ], [ 77.55992009882101, 12.958390226374412 ] ] ] } },
{ "type": "Feature", "properties": { "cell_id": 585, "lon": 77.562224718006433, "lat": 12.96063600431189 }, "geometry": { "type": "Polygon", "coordinates": [ [ [ 77.564529337191857, 12.958390226374412 ], [ 77.564529337191857, 12.962881782249367 ], [ 77.55992009882101, 12.962881782249367 ], [ 77.55992009882101, 12.958390226374412 ], [ 77.564529337191857, 12.958390226374412 ] ] ] } },
{ "type": "Feature", "properties": { "cell_id": 586, "lon": 77.56683395637728, "lat": 12.96063600431189 }, "geometry": { "type": "Polygon", "coordinates": [ [ [ 77.569138575562704, 12.958390226374412 ], [ 77.569138575562704, 12.962881782249367 ], [ 77.564529337191857, 12.962881782249367 ], [ 77.564529337191857, 12.958390226374412 ], [ 77.569138575562704, 12.958390226374412 ] ] ] } },
{ "type": "Feature", "properties": { "cell_id": 587, "lon": 77.571443194748127, "lat": 12.96063600431189 }, "geometry": { "type": "Polygon", "coordinates": [ [ [ 77.573747813933551, 12.958390226374412 ], [ 77.573747813933551, 12.962881782249367 ], [ 77.569138575562704, 12.962881782249367 ], [ 77.569138575562704, 12.958390226374412 ], [ 77.573747813933551, 12.958390226374412 ] ] ] } },
{ "type": "Feature", "properties": { "cell_id": 588, "lon": 77.576052433118974, "lat": 12.96063600431189 }, "geometry": { "type": "Polygon", "coordinates": [ [ [ 77.578357052304398, 12.958390226374412 ], [ 77.578357052304398, 12.962881782249367 ], [ 77.573747813933551, 12.962881782249367 ], [ 77.573747813933551, 12.958390226374412 ], [ 77.578357052304398, 12.958390226374412 ] ] ] } },
{ "type": "Feature", "properties": { "cell_id": 589, "lon": 77.580661671489821, "lat": 12.96063600431189 }, "geometry": { "type": "Polygon", "coordinates": [ [ [ 77.582966290675245, 12.958390226374412 ], [ 77.582966290675245, 12.962881782249367 ], [ 77.578357052304398, 12.962881782249367 ], [ 77.578357052304398, 12.958390226374412 ], [ 77.582966290675245, 12.958390226374412 ] ] ] } },
{ "type": "Feature", "properties": { "cell_id": 590, "lon": 77.585270909860668, "lat": 12.96063600431189 }, "geometry": { "type": "Polygon", "coordinates": [ [ [ 77.587575529046092, 12.958390226374412 ], [ 77.587575529046092, 12.962881782249367 ], [ 77.582966290675245, 12.962881782249367 ], [ 77.582966290675245, 12.958390226374412 ], [ 77.587575529046092, 12.958390226374412 ] ] ] } },
{ "type": "Feature", "properties": { "cell_id": 591, "lon": 77.589880148231515, "lat": 12.96063600431189 }, "geometry": { "type": "Polygon", "coordinates": [ [ [ 77.592184767416938, 12.958390226374412 ], [ 77.592184767416938, 12.962881782249367 ], [ 77.587575529046092, 12.962881782249367 ], [ 77.587575529046092, 12.958390226374412 ], [ 77.592184767416938, 12.958390226374412 ] ] ] } },
{ "type": "Feature", "properties": { "cell_id": 592, "lon": 77.594489386602362, "lat": 12.96063600431189 }, "geometry": { "type": "Polygon", "coordinates": [ [ [ 77.596794005787785, 12.958390226374412 ], [ 77.596794005787785, 12.962881782249367 ], [ 77.592184767416938, 12.962881782249367 ], [ 77.592184767416938, 12.958390226374412 ], [ 77.596794005787785, 12.958390226374412 ] ] ] } },
{ "type": "Feature", "properties": { "cell_id": 593, "lon": 77.599098624973209, "lat": 12.96063600431189 }, "geometry": { "type": "Polygon", "coordinates": [ [ [ 77.601403244158632, 12.958390226374412 ], [ 77.601403244158632, 12.962881782249367 ], [ 77.596794005787785, 12.962881782249367 ], [ 77.596794005787785, 12.958390226374412 ], [ 77.601403244158632, 12.958390226374412 ] ] ] } },
{ "type": "Feature", "properties": { "cell_id": 594, "lon": 77.603707863344056, "lat": 12.96063600431189 }, "geometry": { "type": "Polygon", "coordinates": [ [ [ 77.606012482529479, 12.958390226374412 ], [ 77.606012482529479, 12.962881782249367 ], [ 77.601403244158632, 12.962881782249367 ], [ 77.601403244158632, 12.958390226374412 ], [ 77.606012482529479, 12.958390226374412 ] ] ] } },
{ "type": "Feature", "properties": { "cell_id": 595, "lon": 77.608317101714903, "lat": 12.96063600431189 }, "geometry": { "type": "Polygon", "coordinates": [ [ [ 77.610621720900326, 12.958390226374412 ], [ 77.610621720900326, 12.962881782249367 ], [ 77.606012482529479, 12.962881782249367 ], [ 77.606012482529479, 12.958390226374412 ], [ 77.610621720900326, 12.958390226374412 ] ] ] } },
{ "type": "Feature", "properties": { "cell_id": 596, "lon": 77.61292634008575, "lat": 12.96063600431189 }, "geometry": { "type": "Polygon", "coordinates": [ [ [ 77.615230959271173, 12.958390226374412 ], [ 77.615230959271173, 12.962881782249367 ], [ 77.610621720900326, 12.962881782249367 ], [ 77.610621720900326, 12.958390226374412 ], [ 77.615230959271173, 12.958390226374412 ] ] ] } },
{ "type": "Feature", "properties": { "cell_id": 597, "lon": 77.617535578456597, "lat": 12.96063600431189 }, "geometry": { "type": "Polygon", "coordinates": [ [ [ 77.61984019764202, 12.958390226374412 ], [ 77.61984019764202, 12.962881782249367 ], [ 77.615230959271173, 12.962881782249367 ], [ 77.615230959271173, 12.958390226374412 ], [ 77.61984019764202, 12.958390226374412 ] ] ] } },
{ "type": "Feature", "properties": { "cell_id": 598, "lon": 77.622144816827443, "lat": 12.96063600431189 }, "geometry": { "type": "Polygon", "coordinates": [ [ [ 77.624449436012867, 12.958390226374412 ], [ 77.624449436012867, 12.962881782249367 ], [ 77.61984019764202, 12.962881782249367 ], [ 77.61984019764202, 12.958390226374412 ], [ 77.624449436012867, 12.958390226374412 ] ] ] } },
{ "type": "Feature", "properties": { "cell_id": 599, "lon": 77.62675405519829, "lat": 12.96063600431189 }, "geometry": { "type": "Polygon", "coordinates": [ [ [ 77.629058674383714, 12.958390226374412 ], [ 77.629058674383714, 12.962881782249367 ], [ 77.624449436012867, 12.962881782249367 ], [ 77.624449436012867, 12.958390226374412 ], [ 77.629058674383714, 12.958390226374412 ] ] ] } },
{ "type": "Feature", "properties": { "cell_id": 600, "lon": 77.631363293569137, "lat": 12.96063600431189 }, "geometry": { "type": "Polygon", "coordinates": [ [ [ 77.633667912754561, 12.958390226374412 ], [ 77.633667912754561, 12.962881782249367 ], [ 77.629058674383714, 12.962881782249367 ], [ 77.629058674383714, 12.958390226374412 ], [ 77.633667912754561, 12.958390226374412 ] ] ] } },
{ "type": "Feature", "properties": { "cell_id": 601, "lon": 77.635972531939984, "lat": 12.96063600431189 }, "geometry": { "type": "Polygon", "coordinates": [ [ [ 77.638277151125408, 12.958390226374412 ], [ 77.638277151125408, 12.962881782249367 ], [ 77.633667912754561, 12.962881782249367 ], [ 77.633667912754561, 12.958390226374412 ], [ 77.638277151125408, 12.958390226374412 ] ] ] } },
{ "type": "Feature", "properties": { "cell_id": 602, "lon": 77.640581770310831, "lat": 12.96063600431189 }, "geometry": { "type": "Polygon", "coordinates": [ [ [ 77.642886389496255, 12.958390226374412 ], [ 77.642886389496255, 12.962881782249367 ], [ 77.638277151125408, 12.962881782249367 ], [ 77.638277151125408, 12.958390226374412 ], [ 77.642886389496255, 12.958390226374412 ] ] ] } },
{ "type": "Feature", "properties": { "cell_id": 603, "lon": 77.645191008681678, "lat": 12.96063600431189 }, "geometry": { "type": "Polygon", "coordinates": [ [ [ 77.647495627867102, 12.958390226374412 ], [ 77.647495627867102, 12.962881782249367 ], [ 77.642886389496255, 12.962881782249367 ], [ 77.642886389496255, 12.958390226374412 ], [ 77.647495627867102, 12.958390226374412 ] ] ] } },
{ "type": "Feature", "properties": { "cell_id": 604, "lon": 77.649800247052525, "lat": 12.96063600431189 }, "geometry": { "type": "Polygon", "coordinates": [ [ [ 77.652104866237948, 12.958390226374412 ], [ 77.652104866237948, 12.962881782249367 ], [ 77.647495627867102, 12.962881782249367 ], [ 77.647495627867102, 12.958390226374412 ], [ 77.652104866237948, 12.958390226374412 ] ] ] } },
{ "type": "Feature", "properties": { "cell_id": 605, "lon": 77.654409485423372, "lat": 12.96063600431189 }, "geometry": { "type": "Polygon", "coordinates": [ [ [ 77.656714104608795, 12.958390226374412 ], [ 77.656714104608795, 12.962881782249367 ], [ 77.652104866237948, 12.962881782249367 ], [ 77.652104866237948, 12.958390226374412 ], [ 77.656714104608795, 12.958390226374412 ] ] ] } },
{ "type": "Feature", "properties": { "cell_id": 606, "lon": 77.659018723794219, "lat": 12.96063600431189 }, "geometry": { "type": "Polygon", "coordinates": [ [ [ 77.661323342979642, 12.958390226374412 ], [ 77.661323342979642, 12.962881782249367 ], [ 77.656714104608795, 12.962881782249367 ], [ 77.656714104608795, 12.958390226374412 ], [ 77.661323342979642, 12.958390226374412 ] ] ] } },
{ "type": "Feature", "properties": { "cell_id": 607, "lon": 77.663627962165066, "lat": 12.96063600431189 }, "geometry": { "type": "Polygon", "coordinates": [ [ [ 77.665932581350489, 12.958390226374412 ], [ 77.665932581350489, 12.962881782249367 ], [ 77.661323342979642, 12.962881782249367 ], [ 77.661323342979642, 12.958390226374412 ], [ 77.665932581350489, 12.958390226374412 ] ] ] } },
{ "type": "Feature", "properties": { "cell_id": 608, "lon": 77.668237200535913, "lat": 12.96063600431189 }, "geometry": { "type": "Polygon", "coordinates": [ [ [ 77.670541819721336, 12.958390226374412 ], [ 77.670541819721336, 12.962881782249367 ], [ 77.665932581350489, 12.962881782249367 ], [ 77.665932581350489, 12.958390226374412 ], [ 77.670541819721336, 12.958390226374412 ] ] ] } },
{ "type": "Feature", "properties": { "cell_id": 609, "lon": 77.67284643890676, "lat": 12.96063600431189 }, "geometry": { "type": "Polygon", "coordinates": [ [ [ 77.675151058092183, 12.958390226374412 ], [ 77.675151058092183, 12.962881782249367 ], [ 77.670541819721336, 12.962881782249367 ], [ 77.670541819721336, 12.958390226374412 ], [ 77.675151058092183, 12.958390226374412 ] ] ] } },
{ "type": "Feature", "properties": { "cell_id": 610, "lon": 77.677455677277607, "lat": 12.96063600431189 }, "geometry": { "type": "Polygon", "coordinates": [ [ [ 77.67976029646303, 12.958390226374412 ], [ 77.67976029646303, 12.962881782249367 ], [ 77.675151058092183, 12.962881782249367 ], [ 77.675151058092183, 12.958390226374412 ], [ 77.67976029646303, 12.958390226374412 ] ] ] } },
{ "type": "Feature", "properties": { "cell_id": 611, "lon": 77.682064915648454, "lat": 12.96063600431189 }, "geometry": { "type": "Polygon", "coordinates": [ [ [ 77.684369534833877, 12.958390226374412 ], [ 77.684369534833877, 12.962881782249367 ], [ 77.67976029646303, 12.962881782249367 ], [ 77.67976029646303, 12.958390226374412 ], [ 77.684369534833877, 12.958390226374412 ] ] ] } },
{ "type": "Feature", "properties": { "cell_id": 612, "lon": 77.6866741540193, "lat": 12.96063600431189 }, "geometry": { "type": "Polygon", "coordinates": [ [ [ 77.688978773204724, 12.958390226374412 ], [ 77.688978773204724, 12.962881782249367 ], [ 77.684369534833877, 12.962881782249367 ], [ 77.684369534833877, 12.958390226374412 ], [ 77.688978773204724, 12.958390226374412 ] ] ] } },
{ "type": "Feature", "properties": { "cell_id": 613, "lon": 77.691283392390147, "lat": 12.96063600431189 }, "geometry": { "type": "Polygon", "coordinates": [ [ [ 77.693588011575571, 12.958390226374412 ], [ 77.693588011575571, 12.962881782249367 ], [ 77.688978773204724, 12.962881782249367 ], [ 77.688978773204724, 12.958390226374412 ], [ 77.693588011575571, 12.958390226374412 ] ] ] } },
{ "type": "Feature", "properties": { "cell_id": 614, "lon": 77.695892630760994, "lat": 12.96063600431189 }, "geometry": { "type": "Polygon", "coordinates": [ [ [ 77.698197249946418, 12.958390226374412 ], [ 77.698197249946418, 12.962881782249367 ], [ 77.693588011575571, 12.962881782249367 ], [ 77.693588011575571, 12.958390226374412 ], [ 77.698197249946418, 12.958390226374412 ] ] ] } },
{ "type": "Feature", "properties": { "cell_id": 615, "lon": 77.700501869131841, "lat": 12.96063600431189 }, "geometry": { "type": "Polygon", "coordinates": [ [ [ 77.702806488317265, 12.958390226374412 ], [ 77.702806488317265, 12.962881782249367 ], [ 77.698197249946418, 12.962881782249367 ], [ 77.698197249946418, 12.958390226374412 ], [ 77.702806488317265, 12.958390226374412 ] ] ] } },
{ "type": "Feature", "properties": { "cell_id": 616, "lon": 77.502304619185423, "lat": 12.965127560186845 }, "geometry": { "type": "Polygon", "coordinates": [ [ [ 77.504609238370847, 12.962881782249367 ], [ 77.504609238370847, 12.967373338124322 ], [ 77.5, 12.967373338124322 ], [ 77.5, 12.962881782249367 ], [ 77.504609238370847, 12.962881782249367 ] ] ] } },
{ "type": "Feature", "properties": { "cell_id": 617, "lon": 77.50691385755627, "lat": 12.965127560186845 }, "geometry": { "type": "Polygon", "coordinates": [ [ [ 77.509218476741694, 12.962881782249367 ], [ 77.509218476741694, 12.967373338124322 ], [ 77.504609238370847, 12.967373338124322 ], [ 77.504609238370847, 12.962881782249367 ], [ 77.509218476741694, 12.962881782249367 ] ] ] } },
{ "type": "Feature", "properties": { "cell_id": 618, "lon": 77.511523095927117, "lat": 12.965127560186845 }, "geometry": { "type": "Polygon", "coordinates": [ [ [ 77.513827715112541, 12.962881782249367 ], [ 77.513827715112541, 12.967373338124322 ], [ 77.509218476741694, 12.967373338124322 ], [ 77.509218476741694, 12.962881782249367 ], [ 77.513827715112541, 12.962881782249367 ] ] ] } },
{ "type": "Feature", "properties": { "cell_id": 619, "lon": 77.516132334297964, "lat": 12.965127560186845 }, "geometry": { "type": "Polygon", "coordinates": [ [ [ 77.518436953483388, 12.962881782249367 ], [ 77.518436953483388, 12.967373338124322 ], [ 77.513827715112541, 12.967373338124322 ], [ 77.513827715112541, 12.962881782249367 ], [ 77.518436953483388, 12.962881782249367 ] ] ] } },
{ "type": "Feature", "properties": { "cell_id": 620, "lon": 77.520741572668811, "lat": 12.965127560186845 }, "geometry": { "type": "Polygon", "coordinates": [ [ [ 77.523046191854235, 12.962881782249367 ], [ 77.523046191854235, 12.967373338124322 ], [ 77.518436953483388, 12.967373338124322 ], [ 77.518436953483388, 12.962881782249367 ], [ 77.523046191854235, 12.962881782249367 ] ] ] } },
{ "type": "Feature", "properties": { "cell_id": 621, "lon": 77.525350811039658, "lat": 12.965127560186845 }, "geometry": { "type": "Polygon", "coordinates": [ [ [ 77.527655430225082, 12.962881782249367 ], [ 77.527655430225082, 12.967373338124322 ], [ 77.523046191854235, 12.967373338124322 ], [ 77.523046191854235, 12.962881782249367 ], [ 77.527655430225082, 12.962881782249367 ] ] ] } },
{ "type": "Feature", "properties": { "cell_id": 622, "lon": 77.529960049410505, "lat": 12.965127560186845 }, "geometry": { "type": "Polygon", "coordinates": [ [ [ 77.532264668595928, 12.962881782249367 ], [ 77.532264668595928, 12.967373338124322 ], [ 77.527655430225082, 12.967373338124322 ], [ 77.527655430225082, 12.962881782249367 ], [ 77.532264668595928, 12.962881782249367 ] ] ] } },
{ "type": "Feature", "properties": { "cell_id": 623, "lon": 77.534569287781352, "lat": 12.965127560186845 }, "geometry": { "type": "Polygon", "coordinates": [ [ [ 77.536873906966775, 12.962881782249367 ], [ 77.536873906966775, 12.967373338124322 ], [ 77.532264668595928, 12.967373338124322 ], [ 77.532264668595928, 12.962881782249367 ], [ 77.536873906966775, 12.962881782249367 ] ] ] } },
{ "type": "Feature", "properties": { "cell_id": 624, "lon": 77.539178526152199, "lat": 12.965127560186845 }, "geometry": { "type": "Polygon", "coordinates": [ [ [ 77.541483145337622, 12.962881782249367 ], [ 77.541483145337622, 12.967373338124322 ], [ 77.536873906966775, 12.967373338124322 ], [ 77.536873906966775, 12.962881782249367 ], [ 77.541483145337622, 12.962881782249367 ] ] ] } },
{ "type": "Feature", "properties": { "cell_id": 625, "lon": 77.543787764523046, "lat": 12.965127560186845 }, "geometry": { "type": "Polygon", "coordinates": [ [ [ 77.546092383708469, 12.962881782249367 ], [ 77.546092383708469, 12.967373338124322 ], [ 77.541483145337622, 12.967373338124322 ], [ 77.541483145337622, 12.962881782249367 ], [ 77.546092383708469, 12.962881782249367 ] ] ] } },
{ "type": "Feature", "properties": { "cell_id": 626, "lon": 77.548397002893893, "lat": 12.965127560186845 }, "geometry": { "type": "Polygon", "coordinates": [ [ [ 77.550701622079316, 12.962881782249367 ], [ 77.550701622079316, 12.967373338124322 ], [ 77.546092383708469, 12.967373338124322 ], [ 77.546092383708469, 12.962881782249367 ], [ 77.550701622079316, 12.962881782249367 ] ] ] } },
{ "type": "Feature", "properties": { "cell_id": 627, "lon": 77.55300624126474, "lat": 12.965127560186845 }, "geometry": { "type": "Polygon", "coordinates": [ [ [ 77.555310860450163, 12.962881782249367 ], [ 77.555310860450163, 12.967373338124322 ], [ 77.550701622079316, 12.967373338124322 ], [ 77.550701622079316, 12.962881782249367 ], [ 77.555310860450163, 12.962881782249367 ] ] ] } },
{ "type": "Feature", "properties": { "cell_id": 628, "lon": 77.557615479635587, "lat": 12.965127560186845 }, "geometry": { "type": "Polygon", "coordinates": [ [ [ 77.55992009882101, 12.962881782249367 ], [ 77.55992009882101, 12.967373338124322 ], [ 77.555310860450163, 12.967373338124322 ], [ 77.555310860450163, 12.962881782249367 ], [ 77.55992009882101, 12.962881782249367 ] ] ] } },
{ "type": "Feature", "properties": { "cell_id": 629, "lon": 77.562224718006433, "lat": 12.965127560186845 }, "geometry": { "type": "Polygon", "coordinates": [ [ [ 77.564529337191857, 12.962881782249367 ], [ 77.564529337191857, 12.967373338124322 ], [ 77.55992009882101, 12.967373338124322 ], [ 77.55992009882101, 12.962881782249367 ], [ 77.564529337191857, 12.962881782249367 ] ] ] } },
{ "type": "Feature", "properties": { "cell_id": 630, "lon": 77.56683395637728, "lat": 12.965127560186845 }, "geometry": { "type": "Polygon", "coordinates": [ [ [ 77.569138575562704, 12.962881782249367 ], [ 77.569138575562704, 12.967373338124322 ], [ 77.564529337191857, 12.967373338124322 ], [ 77.564529337191857, 12.962881782249367 ], [ 77.569138575562704, 12.962881782249367 ] ] ] } },
{ "type": "Feature", "properties": { "cell_id": 631, "lon": 77.571443194748127, "lat": 12.965127560186845 }, "geometry": { "type": "Polygon", "coordinates": [ [ [ 77.573747813933551, 12.962881782249367 ], [ 77.573747813933551, 12.967373338124322 ], [ 77.569138575562704, 12.967373338124322 ], [ 77.569138575562704, 12.962881782249367 ], [ 77.573747813933551, 12.962881782249367 ] ] ] } },
{ "type": "Feature", "properties": { "cell_id": 632, "lon": 77.576052433118974, "lat": 12.965127560186845 }, "geometry": { "type": "Polygon", "coordinates": [ [ [ 77.578357052304398, 12.962881782249367 ], [ 77.578357052304398, 12.967373338124322 ], [ 77.573747813933551, 12.967373338124322 ], [ 77.573747813933551, 12.962881782249367 ], [ 77.578357052304398, 12.962881782249367 ] ] ] } },
{ "type": "Feature", "properties": { "cell_id": 633, "lon": 77.580661671489821, "lat": 12.965127560186845 }, "geometry": { "type": "Polygon", "coordinates": [ [ [ 77.582966290675245, 12.962881782249367 ], [ 77.582966290675245, 12.967373338124322 ], [ 77.578357052304398, 12.967373338124322 ], [ 77.578357052304398, 12.962881782249367 ], [ 77.582966290675245, 12.962881782249367 ] ] ] } },
{ "type": "Feature", "properties": { "cell_id": 634, "lon": 77.585270909860668, "lat": 12.965127560186845 }, "geometry": { "type": "Polygon", "coordinates": [ [ [ 77.587575529046092, 12.962881782249367 ], [ 77.587575529046092, 12.967373338124322 ], [ 77.582966290675245, 12.967373338124322 ], [ 77.582966290675245, 12.962881782249367 ], [ 77.587575529046092, 12.962881782249367 ] ] ] } },
{ "type": "Feature", "properties": { "cell_id": 635, "lon": 77.589880148231515, "lat": 12.965127560186845 }, "geometry": { "type": "Polygon", "coordinates": [ [ [ 77.592184767416938, 12.962881782249367 ], [ 77.592184767416938, 12.967373338124322 ], [ 77.587575529046092, 12.967373338124322 ], [ 77.587575529046092, 12.962881782249367 ], [ 77.592184767416938, 12.962881782249367 ] ] ] } },
{ "type": "Feature", "properties": { "cell_id": 636, "lon": 77.594489386602362, "lat": 12.965127560186845 }, "geometry": { "type": "Polygon", "coordinates": [ [ [ 77.596794005787785, 12.962881782249367 ], [ 77.596794005787785, 12.967373338124322 ], [ 77.592184767416938, 12.967373338124322 ], [ 77.592184767416938, 12.962881782249367 ], [ 77.596794005787785, 12.962881782249367 ] ] ] } },
{ "type": "Feature", "properties": { "cell_id": 637, "lon": 77.599098624973209, "lat": 12.965127560186845 }, "geometry": { "type": "Polygon", "coordinates": [ [ [ 77.601403244158632, 12.962881782249367 ], [ 77.601403244158632, 12.967373338124322 ], [ 77.596794005787785, 12.967373338124322 ], [ 77.596794005787785, 12.962881782249367 ], [ 77.601403244158632, 12.962881782249367 ] ] ] } },
{ "type": "Feature", "properties": { "cell_id": 638, "lon": 77.603707863344056, "lat": 12.965127560186845 }, "geometry": { "type": "Polygon", "coordinates": [ [ [ 77.606012482529479, 12.962881782249367 ], [ 77.606012482529479, 12.967373338124322 ], [ 77.601403244158632, 12.967373338124322 ], [ 77.601403244158632, 12.962881782249367 ], [ 77.606012482529479, 12.962881782249367 ] ] ] } },
{ "type": "Feature", "properties": { "cell_id": 639, "lon": 77.608317101714903, "lat": 12.965127560186845 }, "geometry": { "type": "Polygon", "coordinates": [ [ [ 77.610621720900326, 12.962881782249367 ], [ 77.610621720900326, 12.967373338124322 ], [ 77.606012482529479, 12.967373338124322 ], [ 77.606012482529479, 12.962881782249367 ], [ 77.610621720900326, 12.962881782249367 ] ] ] } },
{ "type": "Feature", "properties": { "cell_id": 640, "lon": 77.61292634008575, "lat": 12.965127560186845 }, "geometry": { "type": "Polygon", "coordinates": [ [ [ 77.615230959271173, 12.962881782249367 ], [ 77.615230959271173, 12.967373338124322 ], [ 77.610621720900326, 12.967373338124322 ], [ 77.610621720900326, 12.962881782249367 ], [ 77.615230959271173, 12.962881782249367 ] ] ] } },
{ "type": "Feature", "properties": { "cell_id": 641, "lon": 77.617535578456597, "lat": 12.965127560186845 }, "geometry": { "type": "Polygon", "coordinates": [ [ [ 77.61984019764202, 12.962881782249367 ], [ 77.61984019764202, 12.967373338124322 ], [ 77.615230959271173, 12.967373338124322 ], [ 77.615230959271173, 12.962881782249367 ], [ 77.61984019764202, 12.962881782249367 ] ] ] } },
{ "type": "Feature", "properties": { "cell_id": 642, "lon": 77.622144816827443, "lat": 12.965127560186845 }, "geometry": { "type": "Polygon", "coordinates": [ [ [ 77.624449436012867, 12.962881782249367 ], [ 77.624449436012867, 12.967373338124322 ], [ 77.61984019764202, 12.967373338124322 ], [ 77.61984019764202, 12.962881782249367 ], [ 77.624449436012867, 12.962881782249367 ] ] ] } },
{ "type": "Feature", "properties": { "cell_id": 643, "lon": 77.62675405519829, "lat": 12.965127560186845 }, "geometry": { "type": "Polygon", "coordinates": [ [ [ 77.629058674383714, 12.962881782249367 ], [ 77.629058674383714, 12.967373338124322 ], [ 77.624449436012867, 12.967373338124322 ], [ 77.624449436012867, 12.962881782249367 ], [ 77.629058674383714, 12.962881782249367 ] ] ] } },
{ "type": "Feature", "properties": { "cell_id": 644, "lon": 77.631363293569137, "lat": 12.965127560186845 }, "geometry": { "type": "Polygon", "coordinates": [ [ [ 77.633667912754561, 12.962881782249367 ], [ 77.633667912754561, 12.967373338124322 ], [ 77.629058674383714, 12.967373338124322 ], [ 77.629058674383714, 12.962881782249367 ], [ 77.633667912754561, 12.962881782249367 ] ] ] } },
{ "type": "Feature", "properties": { "cell_id": 645, "lon": 77.635972531939984, "lat": 12.965127560186845 }, "geometry": { "type": "Polygon", "coordinates": [ [ [ 77.638277151125408, 12.962881782249367 ], [ 77.638277151125408, 12.967373338124322 ], [ 77.633667912754561, 12.967373338124322 ], [ 77.633667912754561, 12.962881782249367 ], [ 77.638277151125408, 12.962881782249367 ] ] ] } },
{ "type": "Feature", "properties": { "cell_id": 646, "lon": 77.640581770310831, "lat": 12.965127560186845 }, "geometry": { "type": "Polygon", "coordinates": [ [ [ 77.642886389496255, 12.962881782249367 ], [ 77.642886389496255, 12.967373338124322 ], [ 77.638277151125408, 12.967373338124322 ], [ 77.638277151125408, 12.962881782249367 ], [ 77.642886389496255, 12.962881782249367 ] ] ] } },
{ "type": "Feature", "properties": { "cell_id": 647, "lon": 77.645191008681678, "lat": 12.965127560186845 }, "geometry": { "type": "Polygon", "coordinates": [ [ [ 77.647495627867102, 12.962881782249367 ], [ 77.647495627867102, 12.967373338124322 ], [ 77.642886389496255, 12.967373338124322 ], [ 77.642886389496255, 12.962881782249367 ], [ 77.647495627867102, 12.962881782249367 ] ] ] } },
{ "type": "Feature", "properties": { "cell_id": 648, "lon": 77.649800247052525, "lat": 12.965127560186845 }, "geometry": { "type": "Polygon", "coordinates": [ [ [ 77.652104866237948, 12.962881782249367 ], [ 77.652104866237948, 12.967373338124322 ], [ 77.647495627867102, 12.967373338124322 ], [ 77.647495627867102, 12.962881782249367 ], [ 77.652104866237948, 12.962881782249367 ] ] ] } },
{ "type": "Feature", "properties": { "cell_id": 649, "lon": 77.654409485423372, "lat": 12.965127560186845 }, "geometry": { "type": "Polygon", "coordinates": [ [ [ 77.656714104608795, 12.962881782249367 ], [ 77.656714104608795, 12.967373338124322 ], [ 77.652104866237948, 12.967373338124322 ], [ 77.652104866237948, 12.962881782249367 ], [ 77.656714104608795, 12.962881782249367 ] ] ] } },
{ "type": "Feature", "properties": { "cell_id": 650, "lon": 77.659018723794219, "lat": 12.965127560186845 }, "geometry": { "type": "Polygon", "coordinates": [ [ [ 77.661323342979642, 12.962881782249367 ], [ 77.661323342979642, 12.967373338124322 ], [ 77.656714104608795, 12.967373338124322 ], [ 77.656714104608795, 12.962881782249367 ], [ 77.661323342979642, 12.962881782249367 ] ] ] } },
{ "type": "Feature", "properties": { "cell_id": 651, "lon": 77.663627962165066, "lat": 12.965127560186845 }, "geometry": { "type": "Polygon", "coordinates": [ [ [ 77.665932581350489, 12.962881782249367 ], [ 77.665932581350489, 12.967373338124322 ], [ 77.661323342979642, 12.967373338124322 ], [ 77.661323342979642, 12.962881782249367 ], [ 77.665932581350489, 12.962881782249367 ] ] ] } },
{ "type": "Feature", "properties": { "cell_id": 652, "lon": 77.668237200535913, "lat": 12.965127560186845 }, "geometry": { "type": "Polygon", "coordinates": [ [ [ 77.670541819721336, 12.962881782249367 ], [ 77.670541819721336, 12.967373338124322 ], [ 77.665932581350489, 12.967373338124322 ], [ 77.665932581350489, 12.962881782249367 ], [ 77.670541819721336, 12.962881782249367 ] ] ] } },
{ "type": "Feature", "properties": { "cell_id": 653, "lon": 77.67284643890676, "lat": 12.965127560186845 }, "geometry": { "type": "Polygon", "coordinates": [ [ [ 77.675151058092183, 12.962881782249367 ], [ 77.675151058092183, 12.967373338124322 ], [ 77.670541819721336, 12.967373338124322 ], [ 77.670541819721336, 12.962881782249367 ], [ 77.675151058092183, 12.962881782249367 ] ] ] } },
{ "type": "Feature", "properties": { "cell_id": 654, "lon": 77.677455677277607, "lat": 12.965127560186845 }, "geometry": { "type": "Polygon", "coordinates": [ [ [ 77.67976029646303, 12.962881782249367 ], [ 77.67976029646303, 12.967373338124322 ], [ 77.675151058092183, 12.967373338124322 ], [ 77.675151058092183, 12.962881782249367 ], [ 77.67976029646303, 12.962881782249367 ] ] ] } },
{ "type": "Feature", "properties": { "cell_id": 655, "lon": 77.682064915648454, "lat": 12.965127560186845 }, "geometry": { "type": "Polygon", "coordinates": [ [ [ 77.684369534833877, 12.962881782249367 ], [ 77.684369534833877, 12.967373338124322 ], [ 77.67976029646303, 12.967373338124322 ], [ 77.67976029646303, 12.962881782249367 ], [ 77.684369534833877, 12.962881782249367 ] ] ] } },
{ "type": "Feature", "properties": { "cell_id": 656, "lon": 77.6866741540193, "lat": 12.965127560186845 }, "geometry": { "type": "Polygon", "coordinates": [ [ [ 77.688978773204724, 12.962881782249367 ], [ 77.688978773204724, 12.967373338124322 ], [ 77.684369534833877, 12.967373338124322 ], [ 77.684369534833877, 12.962881782249367 ], [ 77.688978773204724, 12.962881782249367 ] ] ] } },
{ "type": "Feature", "properties": { "cell_id": 657, "lon": 77.691283392390147, "lat": 12.965127560186845 }, "geometry": { "type": "Polygon", "coordinates": [ [ [ 77.693588011575571, 12.962881782249367 ], [ 77.693588011575571, 12.967373338124322 ], [ 77.688978773204724, 12.967373338124322 ], [ 77.688978773204724, 12.962881782249367 ], [ 77.693588011575571, 12.962881782249367 ] ] ] } },
{ "type": "Feature", "properties": { "cell_id": 658, "lon": 77.695892630760994, "lat": 12.965127560186845 }, "geometry": { "type": "Polygon", "coordinates": [ [ [ 77.698197249946418, 12.962881782249367 ], [ 77.698197249946418, 12.967373338124322 ], [ 77.693588011575571, 12.967373338124322 ], [ 77.693588011575571, 12.962881782249367 ], [ 77.698197249946418, 12.962881782249367 ] ] ] } },
{ "type": "Feature", "properties": { "cell_id": 659, "lon": 77.700501869131841, "lat": 12.965127560186845 }, "geometry": { "type": "Polygon", "coordinates": [ [ [ 77.702806488317265, 12.962881782249367 ], [ 77.702806488317265, 12.967373338124322 ], [ 77.698197249946418, 12.967373338124322 ], [ 77.698197249946418, 12.962881782249367 ], [ 77.702806488317265, 12.962881782249367 ] ] ] } },
{ "type": "Feature", "properties": { "cell_id": 660, "lon": 77.502304619185423, "lat": 12.9696191160618 }, "geometry": { "type": "Polygon", "coordinates": [ [ [ 77.504609238370847, 12.967373338124322 ], [ 77.504609238370847, 12.971864893999276 ], [ 77.5, 12.971864893999276 ], [ 77.5, 12.967373338124322 ], [ 77.504609238370847, 12.967373338124322 ] ] ] } },
{ "type": "Feature", "properties": { "cell_id": 661, "lon": 77.50691385755627, "lat": 12.9696191160618 }, "geometry": { "type": "Polygon", "coordinates": [ [ [ 77.509218476741694, 12.967373338124322 ], [ 77.509218476741694, 12.971864893999276 ], [ 77.504609238370847, 12.971864893999276 ], [ 77.504609238370847, 12.967373338124322 ], [ 77.509218476741694, 12.967373338124322 ] ] ] } },
{ "type": "Feature", "properties": { "cell_id": 662, "lon": 77.511523095927117, "lat": 12.9696191160618 }, "geometry": { "type": "Polygon", "coordinates": [ [ [ 77.513827715112541, 12.967373338124322 ], [ 77.513827715112541, 12.971864893999276 ], [ 77.509218476741694, 12.971864893999276 ], [ 77.509218476741694, 12.967373338124322 ], [ 77.513827715112541, 12.967373338124322 ] ] ] } },
{ "type": "Feature", "properties": { "cell_id": 663, "lon": 77.516132334297964, "lat": 12.9696191160618 }, "geometry": { "type": "Polygon", "coordinates": [ [ [ 77.518436953483388, 12.967373338124322 ], [ 77.518436953483388, 12.971864893999276 ], [ 77.513827715112541, 12.971864893999276 ], [ 77.513827715112541, 12.967373338124322 ], [ 77.518436953483388, 12.967373338124322 ] ] ] } },
{ "type": "Feature", "properties": { "cell_id": 664, "lon": 77.520741572668811, "lat": 12.9696191160618 }, "geometry": { "type": "Polygon", "coordinates": [ [ [ 77.523046191854235, 12.967373338124322 ], [ 77.523046191854235, 12.971864893999276 ], [ 77.518436953483388, 12.971864893999276 ], [ 77.518436953483388, 12.967373338124322 ], [ 77.523046191854235, 12.967373338124322 ] ] ] } },
{ "type": "Feature", "properties": { "cell_id": 665, "lon": 77.525350811039658, "lat": 12.9696191160618 }, "geometry": { "type": "Polygon", "coordinates": [ [ [ 77.527655430225082, 12.967373338124322 ], [ 77.527655430225082, 12.971864893999276 ], [ 77.523046191854235, 12.971864893999276 ], [ 77.523046191854235, 12.967373338124322 ], [ 77.527655430225082, 12.967373338124322 ] ] ] } },
{ "type": "Feature", "properties": { "cell_id": 666, "lon": 77.529960049410505, "lat": 12.9696191160618 }, "geometry": { "type": "Polygon", "coordinates": [ [ [ 77.532264668595928, 12.967373338124322 ], [ 77.532264668595928, 12.971864893999276 ], [ 77.527655430225082, 12.971864893999276 ], [ 77.527655430225082, 12.967373338124322 ], [ 77.532264668595928, 12.967373338124322 ] ] ] } },
{ "type": "Feature", "properties": { "cell_id": 667, "lon": 77.534569287781352, "lat": 12.9696191160618 }, "geometry": { "type": "Polygon", "coordinates": [ [ [ 77.536873906966775, 12.967373338124322 ], [ 77.536873906966775, 12.971864893999276 ], [ 77.532264668595928, 12.971864893999276 ], [ 77.532264668595928, 12.967373338124322 ], [ 77.536873906966775, 12.967373338124322 ] ] ] } },
{ "type": "Feature", "properties": { "cell_id": 668, "lon": 77.539178526152199, "lat": 12.9696191160618 }, "geometry": { "type": "Polygon", "coordinates": [ [ [ 77.541483145337622, 12.967373338124322 ], [ 77.541483145337622, 12.971864893999276 ], [ 77.536873906966775, 12.971864893999276 ], [ 77.536873906966775, 12.967373338124322 ], [ 77.541483145337622, 12.967373338124322 ] ] ] } },
{ "type": "Feature", "properties": { "cell_id": 669, "lon": 77.543787764523046, "lat": 12.9696191160618 }, "geometry": { "type": "Polygon", "coordinates": [ [ [ 77.546092383708469, 12.967373338124322 ], [ 77.546092383708469, 12.971864893999276 ], [ 77.541483145337622, 12.971864893999276 ], [ 77.541483145337622, 12.967373338124322 ], [ 77.546092383708469, 12.967373338124322 ] ] ] } },
{ "type": "Feature", "properties": { "cell_id": 670, "lon": 77.548397002893893, "lat": 12.9696191160618 }, "geometry": { "type": "Polygon", "coordinates": [ [ [ 77.550701622079316, 12.967373338124322 ], [ 77.550701622079316, 12.971864893999276 ], [ 77.546092383708469, 12.971864893999276 ], [ 77.546092383708469, 12.967373338124322 ], [ 77.550701622079316, 12.967373338124322 ] ] ] } },
{ "type": "Feature", "properties": { "cell_id": 671, "lon": 77.55300624126474, "lat": 12.9696191160618 }, "geometry": { "type": "Polygon", "coordinates": [ [ [ 77.555310860450163, 12.967373338124322 ], [ 77.555310860450163, 12.971864893999276 ], [ 77.550701622079316, 12.971864893999276 ], [ 77.550701622079316, 12.967373338124322 ], [ 77.555310860450163, 12.967373338124322 ] ] ] } },
{ "type": "Feature", "properties": { "cell_id": 672, "lon": 77.557615479635587, "lat": 12.9696191160618 }, "geometry": { "type": "Polygon", "coordinates": [ [ [ 77.55992009882101, 12.967373338124322 ], [ 77.55992009882101, 12.971864893999276 ], [ 77.555310860450163, 12.971864893999276 ], [ 77.555310860450163, 12.967373338124322 ], [ 77.55992009882101, 12.967373338124322 ] ] ] } },
{ "type": "Feature", "properties": { "cell_id": 673, "lon": 77.562224718006433, "lat": 12.9696191160618 }, "geometry": { "type": "Polygon", "coordinates": [ [ [ 77.564529337191857, 12.967373338124322 ], [ 77.564529337191857, 12.971864893999276 ], [ 77.55992009882101, 12.971864893999276 ], [ 77.55992009882101, 12.967373338124322 ], [ 77.564529337191857, 12.967373338124322 ] ] ] } },
{ "type": "Feature", "properties": { "cell_id": 674, "lon": 77.56683395637728, "lat": 12.9696191160618 }, "geometry": { "type": "Polygon", "coordinates": [ [ [ 77.569138575562704, 12.967373338124322 ], [ 77.569138575562704, 12.971864893999276 ], [ 77.564529337191857, 12.971864893999276 ], [ 77.564529337191857, 12.967373338124322 ], [ 77.569138575562704, 12.967373338124322 ] ] ] } },
{ "type": "Feature", "properties": { "cell_id": 675, "lon": 77.571443194748127, "lat": 12.9696191160618 }, "geometry": { "type": "Polygon", "coordinates": [ [ [ 77.573747813933551, 12.967373338124322 ], [ 77.573747813933551, 12.971864893999276 ], [ 77.569138575562704, 12.971864893999276 ], [ 77.569138575562704, 12.967373338124322 ], [ 77.573747813933551, 12.967373338124322 ] ] ] } },
{ "type": "Feature", "properties": { "cell_id": 676, "lon": 77.576052433118974, "lat": 12.9696191160618 }, "geometry": { "type": "Polygon", "coordinates": [ [ [ 77.578357052304398, 12.967373338124322 ], [ 77.578357052304398, 12.971864893999276 ], [ 77.573747813933551, 12.971864893999276 ], [ 77.573747813933551, 12.967373338124322 ], [ 77.578357052304398, 12.967373338124322 ] ] ] } },
{ "type": "Feature", "properties": { "cell_id": 677, "lon": 77.580661671489821, "lat": 12.9696191160618 }, "geometry": { "type": "Polygon", "coordinates": [ [ [ 77.582966290675245, 12.967373338124322 ], [ 77.582966290675245, 12.971864893999276 ], [ 77.578357052304398, 12.971864893999276 ], [ 77.578357052304398, 12.967373338124322 ], [ 77.582966290675245, 12.967373338124322 ] ] ] } },
{ "type": "Feature", "properties": { "cell_id": 678, "lon": 77.585270909860668, "lat": 12.9696191160618 }, "geometry": { "type": "Polygon", "coordinates": [ [ [ 77.587575529046092, 12.967373338124322 ], [ 77.587575529046092, 12.971864893999276 ], [ 77.582966290675245, 12.971864893999276 ], [ 77.582966290675245, 12.967373338124322 ], [ 77.587575529046092, 12.967373338124322 ] ] ] } },
{ "type": "Feature", "properties": { "cell_id": 679, "lon": 77.589880148231515, "lat": 12.9696191160618 }, "geometry": { "type": "Polygon", "coordinates": [ [ [ 77.592184767416938, 12.967373338124322 ], [ 77.592184767416938, 12.971864893999276 ], [ 77.587575529046092, 12.971864893999276 ], [ 77.587575529046092, 12.967373338124322 ], [ 77.592184767416938, 12.967373338124322 ] ] ] } },
{ "type": "Feature", "properties": { "cell_id": 680, "lon": 77.594489386602362, "lat": 12.9696191160618 }, "geometry": { "type": "Polygon", "coordinates": [ [ [ 77.596794005787785, 12.967373338124322 ], [ 77.596794005787785, 12.971864893999276 ], [ 77.592184767416938, 12.971864893999276 ], [ 77.592184767416938, 12.967373338124322 ], [ 77.596794005787785, 12.967373338124322 ] ] ] } },
{ "type": "Feature", "properties": { "cell_id": 681, "lon": 77.599098624973209, "lat": 12.9696191160618 }, "geometry": { "type": "Polygon", "coordinates": [ [ [ 77.601403244158632, 12.967373338124322 ], [ 77.601403244158632, 12.971864893999276 ], [ 77.596794005787785, 12.971864893999276 ], [ 77.596794005787785, 12.967373338124322 ], [ 77.601403244158632, 12.967373338124322 ] ] ] } },
{ "type": "Feature", "properties": { "cell_id": 682, "lon": 77.603707863344056, "lat": 12.9696191160618 }, "geometry": { "type": "Polygon", "coordinates": [ [ [ 77.606012482529479, 12.967373338124322 ], [ 77.606012482529479, 12.971864893999276 ], [ 77.601403244158632, 12.971864893999276 ], [ 77.601403244158632, 12.967373338124322 ], [ 77.606012482529479, 12.967373338124322 ] ] ] } },
{ "type": "Feature", "properties": { "cell_id": 683, "lon": 77.608317101714903, "lat": 12.9696191160618 }, "geometry": { "type": "Polygon", "coordinates": [ [ [ 77.610621720900326, 12.967373338124322 ], [ 77.610621720900326, 12.971864893999276 ], [ 77.606012482529479, 12.971864893999276 ], [ 77.606012482529479, 12.967373338124322 ], [ 77.610621720900326, 12.967373338124322 ] ] ] } },
{ "type": "Feature", "properties": { "cell_id": 684, "lon": 77.61292634008575, "lat": 12.9696191160618 }, "geometry": { "type": "Polygon", "coordinates": [ [ [ 77.615230959271173, 12.967373338124322 ], [ 77.615230959271173, 12.971864893999276 ], [ 77.610621720900326, 12.971864893999276 ], [ 77.610621720900326, 12.967373338124322 ], [ 77.615230959271173, 12.967373338124322 ] ] ] } },
{ "type": "Feature", "properties": { "cell_id": 685, "lon": 77.617535578456597, "lat": 12.9696191160618 }, "geometry": { "type": "Polygon", "coordinates": [ [ [ 77.61984019764202, 12.967373338124322 ], [ 77.61984019764202, 12.971864893999276 ], [ 77.615230959271173, 12.971864893999276 ], [ 77.615230959271173, 12.967373338124322 ], [ 77.61984019764202, 12.967373338124322 ] ] ] } },
{ "type": "Feature", "properties": { "cell_id": 686, "lon": 77.622144816827443, "lat": 12.9696191160618 }, "geometry": { "type": "Polygon", "coordinates": [ [ [ 77.624449436012867, 12.967373338124322 ], [ 77.624449436012867, 12.971864893999276 ], [ 77.61984019764202, 12.971864893999276 ], [ 77.61984019764202, 12.967373338124322 ], [ 77.624449436012867, 12.967373338124322 ] ] ] } },
{ "type": "Feature", "properties": { "cell_id": 687, "lon": 77.62675405519829, "lat": 12.9696191160618 }, "geometry": { "type": "Polygon", "coordinates": [ [ [ 77.629058674383714, 12.967373338124322 ], [ 77.629058674383714, 12.971864893999276 ], [ 77.624449436012867, 12.971864893999276 ], [ 77.624449436012867, 12.967373338124322 ], [ 77.629058674383714, 12.967373338124322 ] ] ] } },
{ "type": "Feature", "properties": { "cell_id": 688, "lon": 77.631363293569137, "lat": 12.9696191160618 }, "geometry": { "type": "Polygon", "coordinates": [ [ [ 77.633667912754561, 12.967373338124322 ], [ 77.633667912754561, 12.971864893999276 ], [ 77.629058674383714, 12.971864893999276 ], [ 77.629058674383714, 12.967373338124322 ], [ 77.633667912754561, 12.967373338124322 ] ] ] } },
{ "type": "Feature", "properties": { "cell_id": 689, "lon": 77.635972531939984, "lat": 12.9696191160618 }, "geometry": { "type": "Polygon", "coordinates": [ [ [ 77.638277151125408, 12.967373338124322 ], [ 77.638277151125408, 12.971864893999276 ], [ 77.633667912754561, 12.971864893999276 ], [ 77.633667912754561, 12.967373338124322 ], [ 77.638277151125408, 12.967373338124322 ] ] ] } },
{ "type": "Feature", "properties": { "cell_id": 690, "lon": 77.640581770310831, "lat": 12.9696191160618 }, "geometry": { "type": "Polygon", "coordinates": [ [ [ 77.642886389496255, 12.967373338124322 ], [ 77.642886389496255, 12.971864893999276 ], [ 77.638277151125408, 12.971864893999276 ], [ 77.638277151125408, 12.967373338124322 ], [ 77.642886389496255, 12.967373338124322 ] ] ] } },
{ "type": "Feature", "properties": { "cell_id": 691, "lon": 77.645191008681678, "lat": 12.9696191160618 }, "geometry": { "type": "Polygon", "coordinates": [ [ [ 77.647495627867102, 12.967373338124322 ], [ 77.647495627867102, 12.971864893999276 ], [ 77.642886389496255, 12.971864893999276 ], [ 77.642886389496255, 12.967373338124322 ], [ 77.647495627867102, 12.967373338124322 ] ] ] } },
{ "type": "Feature", "properties": { "cell_id": 692, "lon": 77.649800247052525, "lat": 12.9696191160618 }, "geometry": { "type": "Polygon", "coordinates": [ [ [ 77.652104866237948, 12.967373338124322 ], [ 77.652104866237948, 12.971864893999276 ], [ 77.647495627867102, 12.971864893999276 ], [ 77.647495627867102, 12.967373338124322 ], [ 77.652104866237948, 12.967373338124322 ] ] ] } },
{ "type": "Feature", "properties": { "cell_id": 693, "lon": 77.654409485423372, "lat": 12.9696191160618 }, "geometry": { "type": "Polygon", "coordinates": [ [ [ 77.656714104608795, 12.967373338124322 ], [ 77.656714104608795, 12.971864893999276 ], [ 77.652104866237948, 12.971864893999276 ], [ 77.652104866237948, 12.967373338124322 ], [ 77.656714104608795, 12.967373338124322 ] ] ] } },
{ "type": "Feature", "properties": { "cell_id": 694, "lon": 77.659018723794219, "lat": 12.9696191160618 }, "geometry": { "type": "Polygon", "coordinates": [ [ [ 77.661323342979642, 12.967373338124322 ], [ 77.661323342979642, 12.971864893999276 ], [ 77.656714104608795, 12.971864893999276 ], [ 77.656714104608795, 12.967373338124322 ], [ 77.661323342979642, 12.967373338124322 ] ] ] } },
{ "type": "Feature", "properties": { "cell_id": 695, "lon": 77.663627962165066, "lat": 12.9696191160618 }, "geometry": { "type": "Polygon", "coordinates": [ [ [ 77.665932581350489, 12.967373338124322 ], [ 77.665932581350489, 12.971864893999276 ], [ 77.661323342979642, 12.971864893999276 ], [ 77.661323342979642, 12.967373338124322 ], [ 77.665932581350489, 12.967373338124322 ] ] ] } },
{ "type": "Feature", "properties": { "cell_id": 696, "lon": 77.668237200535913, "lat": 12.9696191160618 }, "geometry": { "type": "Polygon", "coordinates": [ [ [ 77.670541819721336, 12.967373338124322 ], [ 77.670541819721336, 12.971864893999276 ], [ 77.665932581350489, 12.971864893999276 ], [ 77.665932581350489, 12.967373338124322 ], [ 77.670541819721336, 12.967373338124322 ] ] ] } },
{ "type": "Feature", "properties": { "cell_id": 697, "lon": 77.67284643890676, "lat": 12.9696191160618 }, "geometry": { "type": "Polygon", "coordinates": [ [ [ 77.675151058092183, 12.967373338124322 ], [ 77.675151058092183, 12.971864893999276 ], [ 77.670541819721336, 12.971864893999276 ], [ 77.670541819721336, 12.967373338124322 ], [ 77.675151058092183, 12.967373338124322 ] ] ] } },
{ "type": "Feature", "properties": { "cell_id": 698, "lon": 77.677455677277607, "lat": 12.9696191160618 }, "geometry": { "type": "Polygon", "coordinates": [ [ [ 77.67976029646303, 12.967373338124322 ], [ 77.67976029646303, 12.971864893999276 ], [ 77.675151058092183, 12.971864893999276 ], [ 77.675151058092183, 12.967373338124322 ], [ 77.67976029646303, 12.967373338124322 ] ] ] } },
{ "type": "Feature", "properties": { "cell_id": 699, "lon": 77.682064915648454, "lat": 12.9696191160618 }, "geometry": { "type": "Polygon", "coordinates": [ [ [ 77.684369534833877, 12.967373338124322 ], [ 77.684369534833877, 12.971864893999276 ], [ 77.67976029646303, 12.971864893999276 ], [ 77.67976029646303, 12.967373338124322 ], [ 77.684369534833877, 12.967373338124322 ] ] ] } },
{ "type": "Feature", "properties": { "cell_id": 700, "lon": 77.6866741540193, "lat": 12.9696191160618 }, "geometry": { "type": "Polygon", "coordinates": [ [ [ 77.688978773204724, 12.967373338124322 ], [ 77.688978773204724, 12.971864893999276 ], [ 77.684369534833877, 12.971864893999276 ], [ 77.684369534833877, 12.967373338124322 ], [ 77.688978773204724, 12.967373338124322 ] ] ] } },
{ "type": "Feature", "properties": { "cell_id": 701, "lon": 77.691283392390147, "lat": 12.9696191160618 }, "geometry": { "type": "Polygon", "coordinates": [ [ [ 77.693588011575571, 12.967373338124322 ], [ 77.693588011575571, 12.971864893999276 ], [ 77.688978773204724, 12.971864893999276 ], [ 77.688978773204724, 12.967373338124322 ], [ 77.693588011575571, 12.967373338124322 ] ] ] } },
{ "type": "Feature", "properties": { "cell_id": 702, "lon": 77.695892630760994, "lat": 12.9696191160618 }, "geometry": { "type": "Polygon", "coordinates": [ [ [ 77.698197249946418, 12.967373338124322 ], [ 77.698197249946418, 12.971864893999276 ], [ 77.693588011575571, 12.971864893999276 ], [ 77.693588011575571, 12.967373338124322 ], [ 77.698197249946418, 12.967373338124322 ] ] ] } },
{ "type": "Feature", "properties": { "cell_id": 703, "lon": 77.700501869131841, "lat": 12.9696191160618 }, "geometry": { "type": "Polygon", "coordinates": [ [ [ 77.702806488317265, 12.967373338124322 ], [ 77.702806488317265, 12.971864893999276 ], [ 77.698197249946418, 12.971864893999276 ], [ 77.698197249946418, 12.967373338124322 ], [ 77.702806488317265, 12.967373338124322 ] ] ] } },
{ "type": "Feature", "properties": { "cell_id": 704, "lon": 77.502304619185423, "lat": 12.974110671936755 }, "geometry": { "type": "Polygon", "coordinates": [ [ [ 77.504609238370847, 12.971864893999276 ], [ 77.504609238370847, 12.976356449874231 ], [ 77.5, 12.976356449874231 ], [ 77.5, 12.971864893999276 ], [ 77.504609238370847, 12.971864893999276 ] ] ] } },
{ "type": "Feature", "properties": { "cell_id": 705, "lon": 77.50691385755627, "lat": 12.974110671936755 }, "geometry": { "type": "Polygon", "coordinates": [ [ [ 77.509218476741694, 12.971864893999276 ], [ 77.509218476741694, 12.976356449874231 ], [ 77.504609238370847, 12.976356449874231 ], [ 77.504609238370847, 12.971864893999276 ], [ 77.509218476741694, 12.971864893999276 ] ] ] } },
{ "type": "Feature", "properties": { "cell_id": 706, "lon": 77.511523095927117, "lat": 12.974110671936755 }, "geometry": { "type": "Polygon", "coordinates": [ [ [ 77.513827715112541, 12.971864893999276 ], [ 77.513827715112541, 12.976356449874231 ], [ 77.509218476741694, 12.976356449874231 ], [ 77.509218476741694, 12.971864893999276 ], [ 77.513827715112541, 12.971864893999276 ] ] ] } },
{ "type": "Feature", "properties": { "cell_id": 707, "lon": 77.516132334297964, "lat": 12.974110671936755 }, "geometry": { "type": "Polygon", "coordinates": [ [ [ 77.518436953483388, 12.971864893999276 ], [ 77.518436953483388, 12.976356449874231 ], [ 77.513827715112541, 12.976356449874231 ], [ 77.513827715112541, 12.971864893999276 ], [ 77.518436953483388, 12.971864893999276 ] ] ] } },
{ "type": "Feature", "properties": { "cell_id": 708, "lon": 77.520741572668811, "lat": 12.974110671936755 }, "geometry": { "type": "Polygon", "coordinates": [ [ [ 77.523046191854235, 12.971864893999276 ], [ 77.523046191854235, 12.976356449874231 ], [ 77.518436953483388, 12.976356449874231 ], [ 77.518436953483388, 12.971864893999276 ], [ 77.523046191854235, 12.971864893999276 ] ] ] } },
{ "type": "Feature", "properties": { "cell_id": 709, "lon": 77.525350811039658, "lat": 12.974110671936755 }, "geometry": { "type": "Polygon", "coordinates": [ [ [ 77.527655430225082, 12.971864893999276 ], [ 77.527655430225082, 12.976356449874231 ], [ 77.523046191854235, 12.976356449874231 ], [ 77.523046191854235, 12.971864893999276 ], [ 77.527655430225082, 12.971864893999276 ] ] ] } },
{ "type": "Feature", "properties": { "cell_id": 710, "lon": 77.529960049410505, "lat": 12.974110671936755 }, "geometry": { "type": "Polygon", "coordinates": [ [ [ 77.532264668595928, 12.971864893999276 ], [ 77.532264668595928, 12.976356449874231 ], [ 77.527655430225082, 12.976356449874231 ], [ 77.527655430225082, 12.971864893999276 ], [ 77.532264668595928, 12.971864893999276 ] ] ] } },
{ "type": "Feature", "properties": { "cell_id": 711, "lon": 77.534569287781352, "lat": 12.974110671936755 }, "geometry": { "type": "Polygon", "coordinates": [ [ [ 77.536873906966775, 12.971864893999276 ], [ 77.536873906966775, 12.976356449874231 ], [ 77.532264668595928, 12.976356449874231 ], [ 77.532264668595928, 12.971864893999276 ], [ 77.536873906966775, 12.971864893999276 ] ] ] } },
{ "type": "Feature", "properties": { "cell_id": 712, "lon": 77.539178526152199, "lat": 12.974110671936755 }, "geometry": { "type": "Polygon", "coordinates": [ [ [ 77.541483145337622, 12.971864893999276 ], [ 77.541483145337622, 12.976356449874231 ], [ 77.536873906966775, 12.976356449874231 ], [ 77.536873906966775, 12.971864893999276 ], [ 77.541483145337622, 12.971864893999276 ] ] ] } },
{ "type": "Feature", "properties": { "cell_id": 713, "lon": 77.543787764523046, "lat": 12.974110671936755 }, "geometry": { "type": "Polygon", "coordinates": [ [ [ 77.546092383708469, 12.971864893999276 ], [ 77.546092383708469, 12.976356449874231 ], [ 77.541483145337622, 12.976356449874231 ], [ 77.541483145337622, 12.971864893999276 ], [ 77.546092383708469, 12.971864893999276 ] ] ] } },
{ "type": "Feature", "properties": { "cell_id": 714, "lon": 77.548397002893893, "lat": 12.974110671936755 }, "geometry": { "type": "Polygon", "coordinates": [ [ [ 77.550701622079316, 12.971864893999276 ], [ 77.550701622079316, 12.976356449874231 ], [ 77.546092383708469, 12.976356449874231 ], [ 77.546092383708469, 12.971864893999276 ], [ 77.550701622079316, 12.971864893999276 ] ] ] } },
{ "type": "Feature", "properties": { "cell_id": 715, "lon": 77.55300624126474, "lat": 12.974110671936755 }, "geometry": { "type": "Polygon", "coordinates": [ [ [ 77.555310860450163, 12.971864893999276 ], [ 77.555310860450163, 12.976356449874231 ], [ 77.550701622079316, 12.976356449874231 ], [ 77.550701622079316, 12.971864893999276 ], [ 77.555310860450163, 12.971864893999276 ] ] ] } },
{ "type": "Feature", "properties": { "cell_id": 716, "lon": 77.557615479635587, "lat": 12.974110671936755 }, "geometry": { "type": "Polygon", "coordinates": [ [ [ 77.55992009882101, 12.971864893999276 ], [ 77.55992009882101, 12.976356449874231 ], [ 77.555310860450163, 12.976356449874231 ], [ 77.555310860450163, 12.971864893999276 ], [ 77.55992009882101, 12.971864893999276 ] ] ] } },
{ "type": "Feature", "properties": { "cell_id": 717, "lon": 77.562224718006433, "lat": 12.974110671936755 }, "geometry": { "type": "Polygon", "coordinates": [ [ [ 77.564529337191857, 12.971864893999276 ], [ 77.564529337191857, 12.976356449874231 ], [ 77.55992009882101, 12.976356449874231 ], [ 77.55992009882101, 12.971864893999276 ], [ 77.564529337191857, 12.971864893999276 ] ] ] } },
{ "type": "Feature", "properties": { "cell_id": 718, "lon": 77.56683395637728, "lat": 12.974110671936755 }, "geometry": { "type": "Polygon", "coordinates": [ [ [ 77.569138575562704, 12.971864893999276 ], [ 77.569138575562704, 12.976356449874231 ], [ 77.564529337191857, 12.976356449874231 ], [ 77.564529337191857, 12.971864893999276 ], [ 77.569138575562704, 12.971864893999276 ] ] ] } },
{ "type": "Feature", "properties": { "cell_id": 719, "lon": 77.571443194748127, "lat": 12.974110671936755 }, "geometry": { "type": "Polygon", "coordinates": [ [ [ 77.573747813933551, 12.971864893999276 ], [ 77.573747813933551, 12.976356449874231 ], [ 77.569138575562704, 12.976356449874231 ], [ 77.569138575562704, 12.971864893999276 ], [ 77.573747813933551, 12.971864893999276 ] ] ] } },
{ "type": "Feature", "properties": { "cell_id": 720, "lon": 77.576052433118974, "lat": 12.974110671936755 }, "geometry": { "type": "Polygon", "coordinates": [ [ [ 77.578357052304398, 12.971864893999276 ], [ 77.578357052304398, 12.976356449874231 ], [ 77.573747813933551, 12.976356449874231 ], [ 77.573747813933551, 12.971864893999276 ], [ 77.578357052304398, 12.971864893999276 ] ] ] } },
{ "type": "Feature", "properties": { "cell_id": 721, "lon": 77.580661671489821, "lat": 12.974110671936755 }, "geometry": { "type": "Polygon", "coordinates": [ [ [ 77.582966290675245, 12.971864893999276 ], [ 77.582966290675245, 12.976356449874231 ], [ 77.578357052304398, 12.976356449874231 ], [ 77.578357052304398, 12.971864893999276 ], [ 77.582966290675245, 12.971864893999276 ] ] ] } },
{ "type": "Feature", "properties": { "cell_id": 722, "lon": 77.585270909860668, "lat": 12.974110671936755 }, "geometry": { "type": "Polygon", "coordinates": [ [ [ 77.587575529046092, 12.971864893999276 ], [ 77.587575529046092, 12.976356449874231 ], [ 77.582966290675245, 12.976356449874231 ], [ 77.582966290675245, 12.971864893999276 ], [ 77.587575529046092, 12.971864893999276 ] ] ] } },
{ "type": "Feature", "properties": { "cell_id": 723, "lon": 77.589880148231515, "lat": 12.974110671936755 }, "geometry": { "type": "Polygon", "coordinates": [ [ [ 77.592184767416938, 12.971864893999276 ], [ 77.592184767416938, 12.976356449874231 ], [ 77.587575529046092, 12.976356449874231 ], [ 77.587575529046092, 12.971864893999276 ], [ 77.592184767416938, 12.971864893999276 ] ] ] } },
{ "type": "Feature", "properties": { "cell_id": 724, "lon": 77.594489386602362, "lat": 12.974110671936755 }, "geometry": { "type": "Polygon", "coordinates": [ [ [ 77.596794005787785, 12.971864893999276 ], [ 77.596794005787785, 12.976356449874231 ], [ 77.592184767416938, 12.976356449874231 ], [ 77.592184767416938, 12.971864893999276 ], [ 77.596794005787785, 12.971864893999276 ] ] ] } },
{ "type": "Feature", "properties": { "cell_id": 725, "lon": 77.599098624973209, "lat": 12.974110671936755 }, "geometry": { "type": "Polygon", "coordinates": [ [ [ 77.601403244158632, 12.971864893999276 ], [ 77.601403244158632, 12.976356449874231 ], [ 77.596794005787785, 12.976356449874231 ], [ 77.596794005787785, 12.971864893999276 ], [ 77.601403244158632, 12.971864893999276 ] ] ] } },
{ "type": "Feature", "properties": { "cell_id": 726, "lon": 77.603707863344056, "lat": 12.974110671936755 }, "geometry": { "type": "Polygon", "coordinates": [ [ [ 77.606012482529479, 12.971864893999276 ], [ 77.606012482529479, 12.976356449874231 ], [ 77.601403244158632, 12.976356449874231 ], [ 77.601403244158632, 12.971864893999276 ], [ 77.606012482529479, 12.971864893999276 ] ] ] } },
{ "type": "Feature", "properties": { "cell_id": 727, "lon": 77.608317101714903, "lat": 12.974110671936755 }, "geometry": { "type": "Polygon", "coordinates": [ [ [ 77.610621720900326, 12.971864893999276 ], [ 77.610621720900326, 12.976356449874231 ], [ 77.606012482529479, 12.976356449874231 ], [ 77.606012482529479, 12.971864893999276 ], [ 77.610621720900326, 12.971864893999276 ] ] ] } },
{ "type": "Feature", "properties": { "cell_id": 728, "lon": 77.61292634008575, "lat": 12.974110671936755 }, "geometry": { "type": "Polygon", "coordinates": [ [ [ 77.615230959271173, 12.971864893999276 ], [ 77.615230959271173, 12.976356449874231 ], [ 77.610621720900326, 12.976356449874231 ], [ 77.610621720900326, 12.971864893999276 ], [ 77.615230959271173, 12.971864893999276 ] ] ] } },
{ "type": "Feature", "properties": { "cell_id": 729, "lon": 77.617535578456597, "lat": 12.974110671936755 }, "geometry": { "type": "Polygon", "coordinates": [ [ [ 77.61984019764202, 12.971864893999276 ], [ 77.61984019764202, 12.976356449874231 ], [ 77.615230959271173, 12.976356449874231 ], [ 77.615230959271173, 12.971864893999276 ], [ 77.61984019764202, 12.971864893999276 ] ] ] } },
{ "type": "Feature", "properties": { "cell_id": 730, "lon": 77.622144816827443, "lat": 12.974110671936755 }, "geometry": { "type": "Polygon", "coordinates": [ [ [ 77.624449436012867, 12.971864893999276 ], [ 77.624449436012867, 12.976356449874231 ], [ 77.61984019764202, 12.976356449874231 ], [ 77.61984019764202, 12.971864893999276 ], [ 77.624449436012867, 12.971864893999276 ] ] ] } },
{ "type": "Feature", "properties": { "cell_id": 731, "lon": 77.62675405519829, "lat": 12.974110671936755 }, "geometry": { "type": "Polygon", "coordinates": [ [ [ 77.629058674383714, 12.971864893999276 ], [ 77.629058674383714, 12.976356449874231 ], [ 77.624449436012867, 12.976356449874231 ], [ 77.624449436012867, 12.971864893999276 ], [ 77.629058674383714, 12.971864893999276 ] ] ] } },
{ "type": "Feature", "properties": { "cell_id": 732, "lon": 77.631363293569137, "lat": 12.974110671936755 }, "geometry": { "type": "Polygon", "coordinates": [ [ [ 77.633667912754561, 12.971864893999276 ], [ 77.633667912754561, 12.976356449874231 ], [ 77.629058674383714, 12.976356449874231 ], [ 77.629058674383714, 12.971864893999276 ], [ 77.633667912754561, 12.971864893999276 ] ] ] } },
{ "type": "Feature", "properties": { "cell_id": 733, "lon": 77.635972531939984, "lat": 12.974110671936755 }, "geometry": { "type": "Polygon", "coordinates": [ [ [ 77.638277151125408, 12.971864893999276 ], [ 77.638277151125408, 12.976356449874231 ], [ 77.633667912754561, 12.976356449874231 ], [ 77.633667912754561, 12.971864893999276 ], [ 77.638277151125408, 12.971864893999276 ] ] ] } },
{ "type": "Feature", "properties": { "cell_id": 734, "lon": 77.640581770310831, "lat": 12.974110671936755 }, "geometry": { "type": "Polygon", "coordinates": [ [ [ 77.642886389496255, 12.971864893999276 ], [ 77.642886389496255, 12.976356449874231 ], [ 77.638277151125408, 12.976356449874231 ], [ 77.638277151125408, 12.971864893999276 ], [ 77.642886389496255, 12.971864893999276 ] ] ] } },
{ "type": "Feature", "properties": { "cell_id": 735, "lon": 77.645191008681678, "lat": 12.974110671936755 }, "geometry": { "type": "Polygon", "coordinates": [ [ [ 77.647495627867102, 12.971864893999276 ], [ 77.647495627867102, 12.976356449874231 ], [ 77.642886389496255, 12.976356449874231 ], [ 77.642886389496255, 12.971864893999276 ], [ 77.647495627867102, 12.971864893999276 ] ] ] } },
{ "type": "Feature", "properties": { "cell_id": 736, "lon": 77.649800247052525, "lat": 12.974110671936755 }, "geometry": { "type": "Polygon", "coordinates": [ [ [ 77.652104866237948, 12.971864893999276 ], [ 77.652104866237948, 12.976356449874231 ], [ 77.647495627867102, 12.976356449874231 ], [ 77.647495627867102, 12.971864893999276 ], [ 77.652104866237948, 12.971864893999276 ] ] ] } },
{ "type": "Feature", "properties": { "cell_id": 737, "lon": 77.654409485423372, "lat": 12.974110671936755 }, "geometry": { "type": "Polygon", "coordinates": [ [ [ 77.656714104608795, 12.971864893999276 ], [ 77.656714104608795, 12.976356449874231 ], [ 77.652104866237948, 12.976356449874231 ], [ 77.652104866237948, 12.971864893999276 ], [ 77.656714104608795, 12.971864893999276 ] ] ] } },
{ "type": "Feature", "properties": { "cell_id": 738, "lon": 77.659018723794219, "lat": 12.974110671936755 }, "geometry": { "type": "Polygon", "coordinates": [ [ [ 77.661323342979642, 12.971864893999276 ], [ 77.661323342979642, 12.976356449874231 ], [ 77.656714104608795, 12.976356449874231 ], [ 77.656714104608795, 12.971864893999276 ], [ 77.661323342979642, 12.971864893999276 ] ] ] } },
{ "type": "Feature", "properties": { "cell_id": 739, "lon": 77.663627962165066, "lat": 12.974110671936755 }, "geometry": { "type": "Polygon", "coordinates": [ [ [ 77.665932581350489, 12.971864893999276 ], [ 77.665932581350489, 12.976356449874231 ], [ 77.661323342979642, 12.976356449874231 ], [ 77.661323342979642, 12.971864893999276 ], [ 77.665932581350489, 12.971864893999276 ] ] ] } },
{ "type": "Feature", "properties": { "cell_id": 740, "lon": 77.668237200535913, "lat": 12.974110671936755 }, "geometry": { "type": "Polygon", "coordinates": [ [ [ 77.670541819721336, 12.971864893999276 ], [ 77.670541819721336, 12.976356449874231 ], [ 77.665932581350489, 12.976356449874231 ], [ 77.665932581350489, 12.971864893999276 ], [ 77.670541819721336, 12.971864893999276 ] ] ] } },
{ "type": "Feature", "properties": { "cell_id": 741, "lon": 77.67284643890676, "lat": 12.974110671936755 }, "geometry": { "type": "Polygon", "coordinates": [ [ [ 77.675151058092183, 12.971864893999276 ], [ 77.675151058092183, 12.976356449874231 ], [ 77.670541819721336, 12.976356449874231 ], [ 77.670541819721336, 12.971864893999276 ], [ 77.675151058092183, 12.971864893999276 ] ] ] } },
{ "type": "Feature", "properties": { "cell_id": 742, "lon": 77.677455677277607, "lat": 12.974110671936755 }, "geometry": { "type": "Polygon", "coordinates": [ [ [ 77.67976029646303, 12.971864893999276 ], [ 77.67976029646303, 12.976356449874231 ], [ 77.675151058092183, 12.976356449874231 ], [ 77.675151058092183, 12.971864893999276 ], [ 77.67976029646303, 12.971864893999276 ] ] ] } },
{ "type": "Feature", "properties": { "cell_id": 743, "lon": 77.682064915648454, "lat": 12.974110671936755 }, "geometry": { "type": "Polygon", "coordinates": [ [ [ 77.684369534833877, 12.971864893999276 ], [ 77.684369534833877, 12.976356449874231 ], [ 77.67976029646303, 12.976356449874231 ], [ 77.67976029646303, 12.971864893999276 ], [ 77.684369534833877, 12.971864893999276 ] ] ] } },
{ "type": "Feature", "properties": { "cell_id": 744, "lon": 77.6866741540193, "lat": 12.974110671936755 }, "geometry": { "type": "Polygon", "coordinates": [ [ [ 77.688978773204724, 12.971864893999276 ], [ 77.688978773204724, 12.976356449874231 ], [ 77.684369534833877, 12.976356449874231 ], [ 77.684369534833877, 12.971864893999276 ], [ 77.688978773204724, 12.971864893999276 ] ] ] } },
{ "type": "Feature", "properties": { "cell_id": 745, "lon": 77.691283392390147, "lat": 12.974110671936755 }, "geometry": { "type": "Polygon", "coordinates": [ [ [ 77.693588011575571, 12.971864893999276 ], [ 77.693588011575571, 12.976356449874231 ], [ 77.688978773204724, 12.976356449874231 ], [ 77.688978773204724, 12.971864893999276 ], [ 77.693588011575571, 12.971864893999276 ] ] ] } },
{ "type": "Feature", "properties": { "cell_id": 746, "lon": 77.695892630760994, "lat": 12.974110671936755 }, "geometry": { "type": "Polygon", "coordinates": [ [ [ 77.698197249946418, 12.971864893999276 ], [ 77.698197249946418, 12.976356449874231 ], [ 77.693588011575571, 12.976356449874231 ], [ 77.693588011575571, 12.971864893999276 ], [ 77.698197249946418, 12.971864893999276 ] ] ] } },
{ "type": "Feature", "properties": { "cell_id": 747, "lon": 77.700501869131841, "lat": 12.974110671936755 }, "geometry": { "type": "Polygon", "coordinates": [ [ [ 77.702806488317265, 12.971864893999276 ], [ 77.702806488317265, 12.976356449874231 ], [ 77.698197249946418, 12.976356449874231 ], [ 77.698197249946418, 12.971864893999276 ], [ 77.702806488317265, 12.971864893999276 ] ] ] } },
{ "type": "Feature", "properties": { "cell_id": 748, "lon": 77.502304619185423, "lat": 12.978602227811709 }, "geometry": { "type": "Polygon", "coordinates": [ [ [ 77.504609238370847, 12.976356449874231 ], [ 77.504609238370847, 12.980848005749186 ], [ 77.5, 12.980848005749186 ], [ 77.5, 12.976356449874231 ], [ 77.504609238370847, 12.976356449874231 ] ] ] } },
{ "type": "Feature", "properties": { "cell_id": 749, "lon": 77.50691385755627, "lat": 12.978602227811709 }, "geometry": { "type": "Polygon", "coordinates": [ [ [ 77.509218476741694, 12.976356449874231 ], [ 77.509218476741694, 12.980848005749186 ], [ 77.504609238370847, 12.980848005749186 ], [ 77.504609238370847, 12.976356449874231 ], [ 77.509218476741694, 12.976356449874231 ] ] ] } },
{ "type": "Feature", "properties": { "cell_id": 750, "lon": 77.511523095927117, "lat": 12.978602227811709 }, "geometry": { "type": "Polygon", "coordinates": [ [ [ 77.513827715112541, 12.976356449874231 ], [ 77.513827715112541, 12.980848005749186 ], [ 77.509218476741694, 12.980848005749186 ], [ 77.509218476741694, 12.976356449874231 ], [ 77.513827715112541, 12.976356449874231 ] ] ] } },
{ "type": "Feature", "properties": { "cell_id": 751, "lon": 77.516132334297964, "lat": 12.978602227811709 }, "geometry": { "type": "Polygon", "coordinates": [ [ [ 77.518436953483388, 12.976356449874231 ], [ 77.518436953483388, 12.980848005749186 ], [ 77.513827715112541, 12.980848005749186 ], [ 77.513827715112541, 12.976356449874231 ], [ 77.518436953483388, 12.976356449874231 ] ] ] } },
{ "type": "Feature", "properties": { "cell_id": 752, "lon": 77.520741572668811, "lat": 12.978602227811709 }, "geometry": { "type": "Polygon", "coordinates": [ [ [ 77.523046191854235, 12.976356449874231 ], [ 77.523046191854235, 12.980848005749186 ], [ 77.518436953483388, 12.980848005749186 ], [ 77.518436953483388, 12.976356449874231 ], [ 77.523046191854235, 12.976356449874231 ] ] ] } },
{ "type": "Feature", "properties": { "cell_id": 753, "lon": 77.525350811039658, "lat": 12.978602227811709 }, "geometry": { "type": "Polygon", "coordinates": [ [ [ 77.527655430225082, 12.976356449874231 ], [ 77.527655430225082, 12.980848005749186 ], [ 77.523046191854235, 12.980848005749186 ], [ 77.523046191854235, 12.976356449874231 ], [ 77.527655430225082, 12.976356449874231 ] ] ] } },
{ "type": "Feature", "properties": { "cell_id": 754, "lon": 77.529960049410505, "lat": 12.978602227811709 }, "geometry": { "type": "Polygon", "coordinates": [ [ [ 77.532264668595928, 12.976356449874231 ], [ 77.532264668595928, 12.980848005749186 ], [ 77.527655430225082, 12.980848005749186 ], [ 77.527655430225082, 12.976356449874231 ], [ 77.532264668595928, 12.976356449874231 ] ] ] } },
{ "type": "Feature", "properties": { "cell_id": 755, "lon": 77.534569287781352, "lat": 12.978602227811709 }, "geometry": { "type": "Polygon", "coordinates": [ [ [ 77.536873906966775, 12.976356449874231 ], [ 77.536873906966775, 12.980848005749186 ], [ 77.532264668595928, 12.980848005749186 ], [ 77.532264668595928, 12.976356449874231 ], [ 77.536873906966775, 12.976356449874231 ] ] ] } },
{ "type": "Feature", "properties": { "cell_id": 756, "lon": 77.539178526152199, "lat": 12.978602227811709 }, "geometry": { "type": "Polygon", "coordinates": [ [ [ 77.541483145337622, 12.976356449874231 ], [ 77.541483145337622, 12.980848005749186 ], [ 77.536873906966775, 12.980848005749186 ], [ 77.536873906966775, 12.976356449874231 ], [ 77.541483145337622, 12.976356449874231 ] ] ] } },
{ "type": "Feature", "properties": { "cell_id": 757, "lon": 77.543787764523046, "lat": 12.978602227811709 }, "geometry": { "type": "Polygon", "coordinates": [ [ [ 77.546092383708469, 12.976356449874231 ], [ 77.546092383708469, 12.980848005749186 ], [ 77.541483145337622, 12.980848005749186 ], [ 77.541483145337622, 12.976356449874231 ], [ 77.546092383708469, 12.976356449874231 ] ] ] } },
{ "type": "Feature", "properties": { "cell_id": 758, "lon": 77.548397002893893, "lat": 12.978602227811709 }, "geometry": { "type": "Polygon", "coordinates": [ [ [ 77.550701622079316, 12.976356449874231 ], [ 77.550701622079316, 12.980848005749186 ], [ 77.546092383708469, 12.980848005749186 ], [ 77.546092383708469, 12.976356449874231 ], [ 77.550701622079316, 12.976356449874231 ] ] ] } },
{ "type": "Feature", "properties": { "cell_id": 759, "lon": 77.55300624126474, "lat": 12.978602227811709 }, "geometry": { "type": "Polygon", "coordinates": [ [ [ 77.555310860450163, 12.976356449874231 ], [ 77.555310860450163, 12.980848005749186 ], [ 77.550701622079316, 12.980848005749186 ], [ 77.550701622079316, 12.976356449874231 ], [ 77.555310860450163, 12.976356449874231 ] ] ] } },
{ "type": "Feature", "properties": { "cell_id": 760, "lon": 77.557615479635587, "lat": 12.978602227811709 }, "geometry": { "type": "Polygon", "coordinates": [ [ [ 77.55992009882101, 12.976356449874231 ], [ 77.55992009882101, 12.980848005749186 ], [ 77.555310860450163, 12.980848005749186 ], [ 77.555310860450163, 12.976356449874231 ], [ 77.55992009882101, 12.976356449874231 ] ] ] } },
{ "type": "Feature", "properties": { "cell_id": 761, "lon": 77.562224718006433, "lat": 12.978602227811709 }, "geometry": { "type": "Polygon", "coordinates": [ [ [ 77.564529337191857, 12.976356449874231 ], [ 77.564529337191857, 12.980848005749186 ], [ 77.55992009882101, 12.980848005749186 ], [ 77.55992009882101, 12.976356449874231 ], [ 77.564529337191857, 12.976356449874231 ] ] ] } },
{ "type": "Feature", "properties": { "cell_id": 762, "lon": 77.56683395637728, "lat": 12.978602227811709 }, "geometry": { "type": "Polygon", "coordinates": [ [ [ 77.569138575562704, 12.976356449874231 ], [ 77.569138575562704, 12.980848005749186 ], [ 77.564529337191857, 12.980848005749186 ], [ 77.564529337191857, 12.976356449874231 ], [ 77.569138575562704, 12.976356449874231 ] ] ] } },
{ "type": "Feature", "properties": { "cell_id": 763, "lon": 77.571443194748127, "lat": 12.978602227811709 }, "geometry": { "type": "Polygon", "coordinates": [ [ [ 77.573747813933551, 12.976356449874231 ], [ 77.573747813933551, 12.980848005749186 ], [ 77.569138575562704, 12.980848005749186 ], [ 77.569138575562704, 12.976356449874231 ], [ 77.573747813933551, 12.976356449874231 ] ] ] } },
{ "type": "Feature", "properties": { "cell_id": 764, "lon": 77.576052433118974, "lat": 12.978602227811709 }, "geometry": { "type": "Polygon", "coordinates": [ [ [ 77.578357052304398, 12.976356449874231 ], [ 77.578357052304398, 12.980848005749186 ], [ 77.573747813933551, 12.980848005749186 ], [ 77.573747813933551, 12.976356449874231 ], [ 77.578357052304398, 12.976356449874231 ] ] ] } },
{ "type": "Feature", "properties": { "cell_id": 765, "lon": 77.580661671489821, "lat": 12.978602227811709 }, "geometry": { "type": "Polygon", "coordinates": [ [ [ 77.582966290675245, 12.976356449874231 ], [ 77.582966290675245, 12.980848005749186 ], [ 77.578357052304398, 12.980848005749186 ], [ 77.578357052304398, 12.976356449874231 ], [ 77.582966290675245, 12.976356449874231 ] ] ] } },
{ "type": "Feature", "properties": { "cell_id": 766, "lon": 77.585270909860668, "lat": 12.978602227811709 }, "geometry": { "type": "Polygon", "coordinates": [ [ [ 77.587575529046092, 12.976356449874231 ], [ 77.587575529046092, 12.980848005749186 ], [ 77.582966290675245, 12.980848005749186 ], [ 77.582966290675245, 12.976356449874231 ], [ 77.587575529046092, 12.976356449874231 ] ] ] } },
{ "type": "Feature", "properties": { "cell_id": 767, "lon": 77.589880148231515, "lat": 12.978602227811709 }, "geometry": { "type": "Polygon", "coordinates": [ [ [ 77.592184767416938, 12.976356449874231 ], [ 77.592184767416938, 12.980848005749186 ], [ 77.587575529046092, 12.980848005749186 ], [ 77.587575529046092, 12.976356449874231 ], [ 77.592184767416938, 12.976356449874231 ] ] ] } },
{ "type": "Feature", "properties": { "cell_id": 768, "lon": 77.594489386602362, "lat": 12.978602227811709 }, "geometry": { "type": "Polygon", "coordinates": [ [ [ 77.596794005787785, 12.976356449874231 ], [ 77.596794005787785, 12.980848005749186 ], [ 77.592184767416938, 12.980848005749186 ], [ 77.592184767416938, 12.976356449874231 ], [ 77.596794005787785, 12.976356449874231 ] ] ] } },
{ "type": "Feature", "properties": { "cell_id": 769, "lon": 77.599098624973209, "lat": 12.978602227811709 }, "geometry": { "type": "Polygon", "coordinates": [ [ [ 77.601403244158632, 12.976356449874231 ], [ 77.601403244158632, 12.980848005749186 ], [ 77.596794005787785, 12.980848005749186 ], [ 77.596794005787785, 12.976356449874231 ], [ 77.601403244158632, 12.976356449874231 ] ] ] } },
{ "type": "Feature", "properties": { "cell_id": 770, "lon": 77.603707863344056, "lat": 12.978602227811709 }, "geometry": { "type": "Polygon", "coordinates": [ [ [ 77.606012482529479, 12.976356449874231 ], [ 77.606012482529479, 12.980848005749186 ], [ 77.601403244158632, 12.980848005749186 ], [ 77.601403244158632, 12.976356449874231 ], [ 77.606012482529479, 12.976356449874231 ] ] ] } },
{ "type": "Feature", "properties": { "cell_id": 771, "lon": 77.608317101714903, "lat": 12.978602227811709 }, "geometry": { "type": "Polygon", "coordinates": [ [ [ 77.610621720900326, 12.976356449874231 ], [ 77.610621720900326, 12.980848005749186 ], [ 77.606012482529479, 12.980848005749186 ], [ 77.606012482529479, 12.976356449874231 ], [ 77.610621720900326, 12.976356449874231 ] ] ] } },
{ "type": "Feature", "properties": { "cell_id": 772, "lon": 77.61292634008575, "lat": 12.978602227811709 }, "geometry": { "type": "Polygon", "coordinates": [ [ [ 77.615230959271173, 12.976356449874231 ], [ 77.615230959271173, 12.980848005749186 ], [ 77.610621720900326, 12.980848005749186 ], [ 77.610621720900326, 12.976356449874231 ], [ 77.615230959271173, 12.976356449874231 ] ] ] } },
{ "type": "Feature", "properties": { "cell_id": 773, "lon": 77.617535578456597, "lat": 12.978602227811709 }, "geometry": { "type": "Polygon", "coordinates": [ [ [ 77.61984019764202, 12.976356449874231 ], [ 77.61984019764202, 12.980848005749186 ], [ 77.615230959271173, 12.980848005749186 ], [ 77.615230959271173, 12.976356449874231 ], [ 77.61984019764202, 12.976356449874231 ] ] ] } },
{ "type": "Feature", "properties": { "cell_id": 774, "lon": 77.622144816827443, "lat": 12.978602227811709 }, "geometry": { "type": "Polygon", "coordinates": [ [ [ 77.624449436012867, 12.976356449874231 ], [ 77.624449436012867, 12.980848005749186 ], [ 77.61984019764202, 12.980848005749186 ], [ 77.61984019764202, 12.976356449874231 ], [ 77.624449436012867, 12.976356449874231 ] ] ] } },
{ "type": "Feature", "properties": { "cell_id": 775, "lon": 77.62675405519829, "lat": 12.978602227811709 }, "geometry": { "type": "Polygon", "coordinates": [ [ [ 77.629058674383714, 12.976356449874231 ], [ 77.629058674383714, 12.980848005749186 ], [ 77.624449436012867, 12.980848005749186 ], [ 77.624449436012867, 12.976356449874231 ], [ 77.629058674383714, 12.976356449874231 ] ] ] } },
{ "type": "Feature", "properties": { "cell_id": 776, "lon": 77.631363293569137, "lat": 12.978602227811709 }, "geometry": { "type": "Polygon", "coordinates": [ [ [ 77.633667912754561, 12.976356449874231 ], [ 77.633667912754561, 12.980848005749186 ], [ 77.629058674383714, 12.980848005749186 ], [ 77.629058674383714, 12.976356449874231 ], [ 77.633667912754561, 12.976356449874231 ] ] ] } },
{ "type": "Feature", "properties": { "cell_id": 777, "lon": 77.635972531939984, "lat": 12.978602227811709 }, "geometry": { "type": "Polygon", "coordinates": [ [ [ 77.638277151125408, 12.976356449874231 ], [ 77.638277151125408, 12.980848005749186 ], [ 77.633667912754561, 12.980848005749186 ], [ 77.633667912754561, 12.976356449874231 ], [ 77.638277151125408, 12.976356449874231 ] ] ] } },
{ "type": "Feature", "properties": { "cell_id": 778, "lon": 77.640581770310831, "lat": 12.978602227811709 }, "geometry": { "type": "Polygon", "coordinates": [ [ [ 77.642886389496255, 12.976356449874231 ], [ 77.642886389496255, 12.980848005749186 ], [ 77.638277151125408, 12.980848005749186 ], [ 77.638277151125408, 12.976356449874231 ], [ 77.642886389496255, 12.976356449874231 ] ] ] } },
{ "type": "Feature", "properties": { "cell_id": 779, "lon": 77.645191008681678, "lat": 12.978602227811709 }, "geometry": { "type": "Polygon", "coordinates": [ [ [ 77.647495627867102, 12.976356449874231 ], [ 77.647495627867102, 12.980848005749186 ], [ 77.642886389496255, 12.980848005749186 ], [ 77.642886389496255, 12.976356449874231 ], [ 77.647495627867102, 12.976356449874231 ] ] ] } },
{ "type": "Feature", "properties": { "cell_id": 780, "lon": 77.649800247052525, "lat": 12.978602227811709 }, "geometry": { "type": "Polygon", "coordinates": [ [ [ 77.652104866237948, 12.976356449874231 ], [ 77.652104866237948, 12.980848005749186 ], [ 77.647495627867102, 12.980848005749186 ], [ 77.647495627867102, 12.976356449874231 ], [ 77.652104866237948, 12.976356449874231 ] ] ] } },
{ "type": "Feature", "properties": { "cell_id": 781, "lon": 77.654409485423372, "lat": 12.978602227811709 }, "geometry": { "type": "Polygon", "coordinates": [ [ [ 77.656714104608795, 12.976356449874231 ], [ 77.656714104608795, 12.980848005749186 ], [ 77.652104866237948, 12.980848005749186 ], [ 77.652104866237948, 12.976356449874231 ], [ 77.656714104608795, 12.976356449874231 ] ] ] } },
{ "type": "Feature", "properties": { "cell_id": 782, "lon": 77.659018723794219, "lat": 12.978602227811709 }, "geometry": { "type": "Polygon", "coordinates": [ [ [ 77.661323342979642, 12.976356449874231 ], [ 77.661323342979642, 12.980848005749186 ], [ 77.656714104608795, 12.980848005749186 ], [ 77.656714104608795, 12.976356449874231 ], [ 77.661323342979642, 12.976356449874231 ] ] ] } },
{ "type": "Feature", "properties": { "cell_id": 783, "lon": 77.663627962165066, "lat": 12.978602227811709 }, "geometry": { "type": "Polygon", "coordinates": [ [ [ 77.665932581350489, 12.976356449874231 ], [ 77.665932581350489, 12.980848005749186 ], [ 77.661323342979642, 12.980848005749186 ], [ 77.661323342979642, 12.976356449874231 ], [ 77.665932581350489, 12.976356449874231 ] ] ] } },
{ "type": "Feature", "properties": { "cell_id": 784, "lon": 77.668237200535913, "lat": 12.978602227811709 }, "geometry": { "type": "Polygon", "coordinates": [ [ [ 77.670541819721336, 12.976356449874231 ], [ 77.670541819721336, 12.980848005749186 ], [ 77.665932581350489, 12.980848005749186 ], [ 77.665932581350489, 12.976356449874231 ], [ 77.670541819721336, 12.976356449874231 ] ] ] } },
{ "type": "Feature", "properties": { "cell_id": 785, "lon": 77.67284643890676, "lat": 12.978602227811709 }, "geometry": { "type": "Polygon", "coordinates": [ [ [ 77.675151058092183, 12.976356449874231 ], [ 77.675151058092183, 12.980848005749186 ], [ 77.670541819721336, 12.980848005749186 ], [ 77.670541819721336, 12.976356449874231 ], [ 77.675151058092183, 12.976356449874231 ] ] ] } },
{ "type": "Feature", "properties": { "cell_id": 786, "lon": 77.677455677277607, "lat": 12.978602227811709 }, "geometry": { "type": "Polygon", "coordinates": [ [ [ 77.67976029646303, 12.976356449874231 ], [ 77.67976029646303, 12.980848005749186 ], [ 77.675151058092183, 12.980848005749186 ], [ 77.675151058092183, 12.976356449874231 ], [ 77.67976029646303, 12.976356449874231 ] ] ] } },
{ "type": "Feature", "properties": { "cell_id": 787, "lon": 77.682064915648454, "lat": 12.978602227811709 }, "geometry": { "type": "Polygon", "coordinates": [ [ [ 77.684369534833877, 12.976356449874231 ], [ 77.684369534833877, 12.980848005749186 ], [ 77.67976029646303, 12.980848005749186 ], [ 77.67976029646303, 12.976356449874231 ], [ 77.684369534833877, 12.976356449874231 ] ] ] } },
{ "type": "Feature", "properties": { "cell_id": 788, "lon": 77.6866741540193, "lat": 12.978602227811709 }, "geometry": { "type": "Polygon", "coordinates": [ [ [ 77.688978773204724, 12.976356449874231 ], [ 77.688978773204724, 12.980848005749186 ], [ 77.684369534833877, 12.980848005749186 ], [ 77.684369534833877, 12.976356449874231 ], [ 77.688978773204724, 12.976356449874231 ] ] ] } },
{ "type": "Feature", "properties": { "cell_id": 789, "lon": 77.691283392390147, "lat": 12.978602227811709 }, "geometry": { "type": "Polygon", "coordinates": [ [ [ 77.693588011575571, 12.976356449874231 ], [ 77.693588011575571, 12.980848005749186 ], [ 77.688978773204724, 12.980848005749186 ], [ 77.688978773204724, 12.976356449874231 ], [ 77.693588011575571, 12.976356449874231 ] ] ] } },
{ "type": "Feature", "properties": { "cell_id": 790, "lon": 77.695892630760994, "lat": 12.978602227811709 }, "geometry": { "type": "Polygon", "coordinates": [ [ [ 77.698197249946418, 12.976356449874231 ], [ 77.698197249946418, 12.980848005749186 ], [ 77.693588011575571, 12.980848005749186 ], [ 77.693588011575571, 12.976356449874231 ], [ 77.698197249946418, 12.976356449874231 ] ] ] } },
{ "type": "Feature", "properties": { "cell_id": 791, "lon": 77.700501869131841, "lat": 12.978602227811709 }, "geometry": { "type": "Polygon", "coordinates": [ [ [ 77.702806488317265, 12.976356449874231 ], [ 77.702806488317265, 12.980848005749186 ], [ 77.698197249946418, 12.980848005749186 ], [ 77.698197249946418, 12.976356449874231 ], [ 77.702806488317265, 12.976356449874231 ] ] ] } },
{ "type": "Feature", "properties": { "cell_id": 792, "lon": 77.502304619185423, "lat": 12.983093783686664 }, "geometry": { "type": "Polygon", "coordinates": [ [ [ 77.504609238370847, 12.980848005749186 ], [ 77.504609238370847, 12.985339561624141 ], [ 77.5, 12.985339561624141 ], [ 77.5, 12.980848005749186 ], [ 77.504609238370847, 12.980848005749186 ] ] ] } },
{ "type": "Feature", "properties": { "cell_id": 793, "lon": 77.50691385755627, "lat": 12.983093783686664 }, "geometry": { "type": "Polygon", "coordinates": [ [ [ 77.509218476741694, 12.980848005749186 ], [ 77.509218476741694, 12.985339561624141 ], [ 77.504609238370847, 12.985339561624141 ], [ 77.504609238370847, 12.980848005749186 ], [ 77.509218476741694, 12.980848005749186 ] ] ] } },
{ "type": "Feature", "properties": { "cell_id": 794, "lon": 77.511523095927117, "lat": 12.983093783686664 }, "geometry": { "type": "Polygon", "coordinates": [ [ [ 77.513827715112541, 12.980848005749186 ], [ 77.513827715112541, 12.985339561624141 ], [ 77.509218476741694, 12.985339561624141 ], [ 77.509218476741694, 12.980848005749186 ], [ 77.513827715112541, 12.980848005749186 ] ] ] } },
{ "type": "Feature", "properties": { "cell_id": 795, "lon": 77.516132334297964, "lat": 12.983093783686664 }, "geometry": { "type": "Polygon", "coordinates": [ [ [ 77.518436953483388, 12.980848005749186 ], [ 77.518436953483388, 12.985339561624141 ], [ 77.513827715112541, 12.985339561624141 ], [ 77.513827715112541, 12.980848005749186 ], [ 77.518436953483388, 12.980848005749186 ] ] ] } },
{ "type": "Feature", "properties": { "cell_id": 796, "lon": 77.520741572668811, "lat": 12.983093783686664 }, "geometry": { "type": "Polygon", "coordinates": [ [ [ 77.523046191854235, 12.980848005749186 ], [ 77.523046191854235, 12.985339561624141 ], [ 77.518436953483388, 12.985339561624141 ], [ 77.518436953483388, 12.980848005749186 ], [ 77.523046191854235, 12.980848005749186 ] ] ] } },
{ "type": "Feature", "properties": { "cell_id": 797, "lon": 77.525350811039658, "lat": 12.983093783686664 }, "geometry": { "type": "Polygon", "coordinates": [ [ [ 77.527655430225082, 12.980848005749186 ], [ 77.527655430225082, 12.985339561624141 ], [ 77.523046191854235, 12.985339561624141 ], [ 77.523046191854235, 12.980848005749186 ], [ 77.527655430225082, 12.980848005749186 ] ] ] } },
{ "type": "Feature", "properties": { "cell_id": 798, "lon": 77.529960049410505, "lat": 12.983093783686664 }, "geometry": { "type": "Polygon", "coordinates": [ [ [ 77.532264668595928, 12.980848005749186 ], [ 77.532264668595928, 12.985339561624141 ], [ 77.527655430225082, 12.985339561624141 ], [ 77.527655430225082, 12.980848005749186 ], [ 77.532264668595928, 12.980848005749186 ] ] ] } },
{ "type": "Feature", "properties": { "cell_id": 799, "lon": 77.534569287781352, "lat": 12.983093783686664 }, "geometry": { "type": "Polygon", "coordinates": [ [ [ 77.536873906966775, 12.980848005749186 ], [ 77.536873906966775, 12.985339561624141 ], [ 77.532264668595928, 12.985339561624141 ], [ 77.532264668595928, 12.980848005749186 ], [ 77.536873906966775, 12.980848005749186 ] ] ] } },
{ "type": "Feature", "properties": { "cell_id": 800, "lon": 77.539178526152199, "lat": 12.983093783686664 }, "geometry": { "type": "Polygon", "coordinates": [ [ [ 77.541483145337622, 12.980848005749186 ], [ 77.541483145337622, 12.985339561624141 ], [ 77.536873906966775, 12.985339561624141 ], [ 77.536873906966775, 12.980848005749186 ], [ 77.541483145337622, 12.980848005749186 ] ] ] } },
{ "type": "Feature", "properties": { "cell_id": 801, "lon": 77.543787764523046, "lat": 12.983093783686664 }, "geometry": { "type": "Polygon", "coordinates": [ [ [ 77.546092383708469, 12.980848005749186 ], [ 77.546092383708469, 12.985339561624141 ], [ 77.541483145337622, 12.985339561624141 ], [ 77.541483145337622, 12.980848005749186 ], [ 77.546092383708469, 12.980848005749186 ] ] ] } },
{ "type": "Feature", "properties": { "cell_id": 802, "lon": 77.548397002893893, "lat": 12.983093783686664 }, "geometry": { "type": "Polygon", "coordinates": [ [ [ 77.550701622079316, 12.980848005749186 ], [ 77.550701622079316, 12.985339561624141 ], [ 77.546092383708469, 12.985339561624141 ], [ 77.546092383708469, 12.980848005749186 ], [ 77.550701622079316, 12.980848005749186 ] ] ] } },
{ "type": "Feature", "properties": { "cell_id": 803, "lon": 77.55300624126474, "lat": 12.983093783686664 }, "geometry": { "type": "Polygon", "coordinates": [ [ [ 77.555310860450163, 12.980848005749186 ], [ 77.555310860450163, 12.985339561624141 ], [ 77.550701622079316, 12.985339561624141 ], [ 77.550701622079316, 12.980848005749186 ], [ 77.555310860450163, 12.980848005749186 ] ] ] } },
{ "type": "Feature", "properties": { "cell_id": 804, "lon": 77.557615479635587, "lat": 12.983093783686664 }, "geometry": { "type": "Polygon", "coordinates": [ [ [ 77.55992009882101, 12.980848005749186 ], [ 77.55992009882101, 12.985339561624141 ], [ 77.555310860450163, 12.985339561624141 ], [ 77.555310860450163, 12.980848005749186 ], [ 77.55992009882101, 12.980848005749186 ] ] ] } },
{ "type": "Feature", "properties": { "cell_id": 805, "lon": 77.562224718006433, "lat": 12.983093783686664 }, "geometry": { "type": "Polygon", "coordinates": [ [ [ 77.564529337191857, 12.980848005749186 ], [ 77.564529337191857, 12.985339561624141 ], [ 77.55992009882101, 12.985339561624141 ], [ 77.55992009882101, 12.980848005749186 ], [ 77.564529337191857, 12.980848005749186 ] ] ] } },
{ "type": "Feature", "properties": { "cell_id": 806, "lon": 77.56683395637728, "lat": 12.983093783686664 }, "geometry": { "type": "Polygon", "coordinates": [ [ [ 77.569138575562704, 12.980848005749186 ], [ 77.569138575562704, 12.985339561624141 ], [ 77.564529337191857, 12.985339561624141 ], [ 77.564529337191857, 12.980848005749186 ], [ 77.569138575562704, 12.980848005749186 ] ] ] } },
{ "type": "Feature", "properties": { "cell_id": 807, "lon": 77.571443194748127, "lat": 12.983093783686664 }, "geometry": { "type": "Polygon", "coordinates": [ [ [ 77.573747813933551, 12.980848005749186 ], [ 77.573747813933551, 12.985339561624141 ], [ 77.569138575562704, 12.985339561624141 ], [ 77.569138575562704, 12.980848005749186 ], [ 77.573747813933551, 12.980848005749186 ] ] ] } },
{ "type": "Feature", "properties": { "cell_id": 808, "lon": 77.576052433118974, "lat": 12.983093783686664 }, "geometry": { "type": "Polygon", "coordinates": [ [ [ 77.578357052304398, 12.980848005749186 ], [ 77.578357052304398, 12.985339561624141 ], [ 77.573747813933551, 12.985339561624141 ], [ 77.573747813933551, 12.980848005749186 ], [ 77.578357052304398, 12.980848005749186 ] ] ] } },
{ "type": "Feature", "properties": { "cell_id": 809, "lon": 77.580661671489821, "lat": 12.983093783686664 }, "geometry": { "type": "Polygon", "coordinates": [ [ [ 77.582966290675245, 12.980848005749186 ], [ 77.582966290675245, 12.985339561624141 ], [ 77.578357052304398, 12.985339561624141 ], [ 77.578357052304398, 12.980848005749186 ], [ 77.582966290675245, 12.980848005749186 ] ] ] } },
{ "type": "Feature", "properties": { "cell_id": 810, "lon": 77.585270909860668, "lat": 12.983093783686664 }, "geometry": { "type": "Polygon", "coordinates": [ [ [ 77.587575529046092, 12.980848005749186 ], [ 77.587575529046092, 12.985339561624141 ], [ 77.582966290675245, 12.985339561624141 ], [ 77.582966290675245, 12.980848005749186 ], [ 77.587575529046092, 12.980848005749186 ] ] ] } },
{ "type": "Feature", "properties": { "cell_id": 811, "lon": 77.589880148231515, "lat": 12.983093783686664 }, "geometry": { "type": "Polygon", "coordinates": [ [ [ 77.592184767416938, 12.980848005749186 ], [ 77.592184767416938, 12.985339561624141 ], [ 77.587575529046092, 12.985339561624141 ], [ 77.587575529046092, 12.980848005749186 ], [ 77.592184767416938, 12.980848005749186 ] ] ] } },
{ "type": "Feature", "properties": { "cell_id": 812, "lon": 77.594489386602362, "lat": 12.983093783686664 }, "geometry": { "type": "Polygon", "coordinates": [ [ [ 77.596794005787785, 12.980848005749186 ], [ 77.596794005787785, 12.985339561624141 ], [ 77.592184767416938, 12.985339561624141 ], [ 77.592184767416938, 12.980848005749186 ], [ 77.596794005787785, 12.980848005749186 ] ] ] } },
{ "type": "Feature", "properties": { "cell_id": 813, "lon": 77.599098624973209, "lat": 12.983093783686664 }, "geometry": { "type": "Polygon", "coordinates": [ [ [ 77.601403244158632, 12.980848005749186 ], [ 77.601403244158632, 12.985339561624141 ], [ 77.596794005787785, 12.985339561624141 ], [ 77.596794005787785, 12.980848005749186 ], [ 77.601403244158632, 12.980848005749186 ] ] ] } },
{ "type": "Feature", "properties": { "cell_id": 814, "lon": 77.603707863344056, "lat": 12.983093783686664 }, "geometry": { "type": "Polygon", "coordinates": [ [ [ 77.606012482529479, 12.980848005749186 ], [ 77.606012482529479, 12.985339561624141 ], [ 77.601403244158632, 12.985339561624141 ], [ 77.601403244158632, 12.980848005749186 ], [ 77.606012482529479, 12.980848005749186 ] ] ] } },
{ "type": "Feature", "properties": { "cell_id": 815, "lon": 77.608317101714903, "lat": 12.983093783686664 }, "geometry": { "type": "Polygon", "coordinates": [ [ [ 77.610621720900326, 12.980848005749186 ], [ 77.610621720900326, 12.985339561624141 ], [ 77.606012482529479, 12.985339561624141 ], [ 77.606012482529479, 12.980848005749186 ], [ 77.610621720900326, 12.980848005749186 ] ] ] } },
{ "type": "Feature", "properties": { "cell_id": 816, "lon": 77.61292634008575, "lat": 12.983093783686664 }, "geometry": { "type": "Polygon", "coordinates": [ [ [ 77.615230959271173, 12.980848005749186 ], [ 77.615230959271173, 12.985339561624141 ], [ 77.610621720900326, 12.985339561624141 ], [ 77.610621720900326, 12.980848005749186 ], [ 77.615230959271173, 12.980848005749186 ] ] ] } },
{ "type": "Feature", "properties": { "cell_id": 817, "lon": 77.617535578456597, "lat": 12.983093783686664 }, "geometry": { "type": "Polygon", "coordinates": [ [ [ 77.61984019764202, 12.980848005749186 ], [ 77.61984019764202, 12.985339561624141 ], [ 77.615230959271173, 12.985339561624141 ], [ 77.615230959271173, 12.980848005749186 ], [ 77.61984019764202, 12.980848005749186 ] ] ] } },
{ "type": "Feature", "properties": { "cell_id": 818, "lon": 77.622144816827443, "lat": 12.983093783686664 }, "geometry": { "type": "Polygon", "coordinates": [ [ [ 77.624449436012867, 12.980848005749186 ], [ 77.624449436012867, 12.985339561624141 ], [ 77.61984019764202, 12.985339561624141 ], [ 77.61984019764202, 12.980848005749186 ], [ 77.624449436012867, 12.980848005749186 ] ] ] } },
{ "type": "Feature", "properties": { "cell_id": 819, "lon": 77.62675405519829, "lat": 12.983093783686664 }, "geometry": { "type": "Polygon", "coordinates": [ [ [ 77.629058674383714, 12.980848005749186 ], [ 77.629058674383714, 12.985339561624141 ], [ 77.624449436012867, 12.985339561624141 ], [ 77.624449436012867, 12.980848005749186 ], [ 77.629058674383714, 12.980848005749186 ] ] ] } },
{ "type": "Feature", "properties": { "cell_id": 820, "lon": 77.631363293569137, "lat": 12.983093783686664 }, "geometry": { "type": "Polygon", "coordinates": [ [ [ 77.633667912754561, 12.980848005749186 ], [ 77.633667912754561, 12.985339561624141 ], [ 77.629058674383714, 12.985339561624141 ], [ 77.629058674383714, 12.980848005749186 ], [ 77.633667912754561, 12.980848005749186 ] ] ] } },
{ "type": "Feature", "properties": { "cell_id": 821, "lon": 77.635972531939984, "lat": 12.983093783686664 }, "geometry": { "type": "Polygon", "coordinates": [ [ [ 77.638277151125408, 12.980848005749186 ], [ 77.638277151125408, 12.985339561624141 ], [ 77.633667912754561, 12.985339561624141 ], [ 77.633667912754561, 12.980848005749186 ], [ 77.638277151125408, 12.980848005749186 ] ] ] } },
{ "type": "Feature", "properties": { "cell_id": 822, "lon": 77.640581770310831, "lat": 12.983093783686664 }, "geometry": { "type": "Polygon", "coordinates": [ [ [ 77.642886389496255, 12.980848005749186 ], [ 77.642886389496255, 12.985339561624141 ], [ 77.638277151125408, 12.985339561624141 ], [ 77.638277151125408, 12.980848005749186 ], [ 77.642886389496255, 12.980848005749186 ] ] ] } },
{ "type": "Feature", "properties": { "cell_id": 823, "lon": 77.645191008681678, "lat": 12.983093783686664 }, "geometry": { "type": "Polygon", "coordinates": [ [ [ 77.647495627867102, 12.980848005749186 ], [ 77.647495627867102, 12.985339561624141 ], [ 77.642886389496255, 12.985339561624141 ], [ 77.642886389496255, 12.980848005749186 ], [ 77.647495627867102, 12.980848005749186 ] ] ] } },
{ "type": "Feature", "properties": { "cell_id": 824, "lon": 77.649800247052525, "lat": 12.983093783686664 }, "geometry": { "type": "Polygon", "coordinates": [ [ [ 77.652104866237948, 12.980848005749186 ], [ 77.652104866237948, 12.985339561624141 ], [ 77.647495627867102, 12.985339561624141 ], [ 77.647495627867102, 12.980848005749186 ], [ 77.652104866237948, 12.980848005749186 ] ] ] } },
{ "type": "Feature", "properties": { "cell_id": 825, "lon": 77.654409485423372, "lat": 12.983093783686664 }, "geometry": { "type": "Polygon", "coordinates": [ [ [ 77.656714104608795, 12.980848005749186 ], [ 77.656714104608795, 12.985339561624141 ], [ 77.652104866237948, 12.985339561624141 ], [ 77.652104866237948, 12.980848005749186 ], [ 77.656714104608795, 12.980848005749186 ] ] ] } },
{ "type": "Feature", "properties": { "cell_id": 826, "lon": 77.659018723794219, "lat": 12.983093783686664 }, "geometry": { "type": "Polygon", "coordinates": [ [ [ 77.661323342979642, 12.980848005749186 ], [ 77.661323342979642, 12.985339561624141 ], [ 77.656714104608795, 12.985339561624141 ], [ 77.656714104608795, 12.980848005749186 ], [ 77.661323342979642, 12.980848005749186 ] ] ] } },
{ "type": "Feature", "properties": { "cell_id": 827, "lon": 77.663627962165066, "lat": 12.983093783686664 }, "geometry": { "type": "Polygon", "coordinates": [ [ [ 77.665932581350489, 12.980848005749186 ], [ 77.665932581350489, 12.985339561624141 ], [ 77.661323342979642, 12.985339561624141 ], [ 77.661323342979642, 12.980848005749186 ], [ 77.665932581350489, 12.980848005749186 ] ] ] } },
{ "type": "Feature", "properties": { "cell_id": 828, "lon": 77.668237200535913, "lat": 12.983093783686664 }, "geometry": { "type": "Polygon", "coordinates": [ [ [ 77.670541819721336, 12.980848005749186 ], [ 77.670541819721336, 12.985339561624141 ], [ 77.665932581350489, 12.985339561624141 ], [ 77.665932581350489, 12.980848005749186 ], [ 77.670541819721336, 12.980848005749186 ] ] ] } },
{ "type": "Feature", "properties": { "cell_id": 829, "lon": 77.67284643890676, "lat": 12.983093783686664 }, "geometry": { "type": "Polygon", "coordinates": [ [ [ 77.675151058092183, 12.980848005749186 ], [ 77.675151058092183, 12.985339561624141 ], [ 77.670541819721336, 12.985339561624141 ], [ 77.670541819721336, 12.980848005749186 ], [ 77.675151058092183, 12.980848005749186 ] ] ] } },
{ "type": "Feature", "properties": { "cell_id": 830, "lon": 77.677455677277607, "lat": 12.983093783686664 }, "geometry": { "type": "Polygon", "coordinates": [ [ [ 77.67976029646303, 12.980848005749186 ], [ 77.67976029646303, 12.985339561624141 ], [ 77.675151058092183, 12.985339561624141 ], [ 77.675151058092183, 12.980848005749186 ], [ 77.67976029646303, 12.980848005749186 ] ] ] } },
{ "type": "Feature", "properties": { "cell_id": 831, "lon": 77.682064915648454, "lat": 12.983093783686664 }, "geometry": { "type": "Polygon", "coordinates": [ [ [ 77.684369534833877, 12.980848005749186 ], [ 77.684369534833877, 12.985339561624141 ], [ 77.67976029646303, 12.985339561624141 ], [ 77.67976029646303, 12.980848005749186 ], [ 77.684369534833877, 12.980848005749186 ] ] ] } },
{ "type": "Feature", "properties": { "cell_id": 832, "lon": 77.6866741540193, "lat": 12.983093783686664 }, "geometry": { "type": "Polygon", "coordinates": [ [ [ 77.688978773204724, 12.980848005749186 ], [ 77.688978773204724, 12.985339561624141 ], [ 77.684369534833877, 12.985339561624141 ], [ 77.684369534833877, 12.980848005749186 ], [ 77.688978773204724, 12.980848005749186 ] ] ] } },
{ "type": "Feature", "properties": { "cell_id": 833, "lon": 77.691283392390147, "lat": 12.983093783686664 }, "geometry": { "type": "Polygon", "coordinates": [ [ [ 77.693588011575571, 12.980848005749186 ], [ 77.693588011575571, 12.985339561624141 ], [ 77.688978773204724, 12.985339561624141 ], [ 77.688978773204724, 12.980848005749186 ], [ 77.693588011575571, 12.980848005749186 ] ] ] } },
{ "type": "Feature", "properties": { "cell_id": 834, "lon": 77.695892630760994, "lat": 12.983093783686664 }, "geometry": { "type": "Polygon", "coordinates": [ [ [ 77.698197249946418, 12.980848005749186 ], [ 77.698197249946418, 12.985339561624141 ], [ 77.693588011575571, 12.985339561624141 ], [ 77.693588011575571, 12.980848005749186 ], [ 77.698197249946418, 12.980848005749186 ] ] ] } },
{ "type": "Feature", "properties": { "cell_id": 835, "lon": 77.700501869131841, "lat": 12.983093783686664 }, "geometry": { "type": "Polygon", "coordinates": [ [ [ 77.702806488317265, 12.980848005749186 ], [ 77.702806488317265, 12.985339561624141 ], [ 77.698197249946418, 12.985339561624141 ], [ 77.698197249946418, 12.980848005749186 ], [ 77.702806488317265, 12.980848005749186 ] ] ] } },
{ "type": "Feature", "properties": { "cell_id": 836, "lon": 77.502304619185423, "lat": 12.987585339561619 }, "geometry": { "type": "Polygon", "coordinates": [ [ [ 77.504609238370847, 12.985339561624141 ], [ 77.504609238370847, 12.989831117499095 ], [ 77.5, 12.989831117499095 ], [ 77.5, 12.985339561624141 ], [ 77.504609238370847, 12.985339561624141 ] ] ] } },
{ "type": "Feature", "properties": { "cell_id": 837, "lon": 77.50691385755627, "lat": 12.987585339561619 }, "geometry": { "type": "Polygon", "coordinates": [ [ [ 77.509218476741694, 12.985339561624141 ], [ 77.509218476741694, 12.989831117499095 ], [ 77.504609238370847, 12.989831117499095 ], [ 77.504609238370847, 12.985339561624141 ], [ 77.509218476741694, 12.985339561624141 ] ] ] } },
{ "type": "Feature", "properties": { "cell_id": 838, "lon": 77.511523095927117, "lat": 12.987585339561619 }, "geometry": { "type": "Polygon", "coordinates": [ [ [ 77.513827715112541, 12.985339561624141 ], [ 77.513827715112541, 12.989831117499095 ], [ 77.509218476741694, 12.989831117499095 ], [ 77.509218476741694, 12.985339561624141 ], [ 77.513827715112541, 12.985339561624141 ] ] ] } },
{ "type": "Feature", "properties": { "cell_id": 839, "lon": 77.516132334297964, "lat": 12.987585339561619 }, "geometry": { "type": "Polygon", "coordinates": [ [ [ 77.518436953483388, 12.985339561624141 ], [ 77.518436953483388, 12.989831117499095 ], [ 77.513827715112541, 12.989831117499095 ], [ 77.513827715112541, 12.985339561624141 ], [ 77.518436953483388, 12.985339561624141 ] ] ] } },
{ "type": "Feature", "properties": { "cell_id": 840, "lon": 77.520741572668811, "lat": 12.987585339561619 }, "geometry": { "type": "Polygon", "coordinates": [ [ [ 77.523046191854235, 12.985339561624141 ], [ 77.523046191854235, 12.989831117499095 ], [ 77.518436953483388, 12.989831117499095 ], [ 77.518436953483388, 12.985339561624141 ], [ 77.523046191854235, 12.985339561624141 ] ] ] } },
{ "type": "Feature", "properties": { "cell_id": 841, "lon": 77.525350811039658, "lat": 12.987585339561619 }, "geometry": { "type": "Polygon", "coordinates": [ [ [ 77.527655430225082, 12.985339561624141 ], [ 77.527655430225082, 12.989831117499095 ], [ 77.523046191854235, 12.989831117499095 ], [ 77.523046191854235, 12.985339561624141 ], [ 77.527655430225082, 12.985339561624141 ] ] ] } },
{ "type": "Feature", "properties": { "cell_id": 842, "lon": 77.529960049410505, "lat": 12.987585339561619 }, "geometry": { "type": "Polygon", "coordinates": [ [ [ 77.532264668595928, 12.985339561624141 ], [ 77.532264668595928, 12.989831117499095 ], [ 77.527655430225082, 12.989831117499095 ], [ 77.527655430225082, 12.985339561624141 ], [ 77.532264668595928, 12.985339561624141 ] ] ] } },
{ "type": "Feature", "properties": { "cell_id": 843, "lon": 77.534569287781352, "lat": 12.987585339561619 }, "geometry": { "type": "Polygon", "coordinates": [ [ [ 77.536873906966775, 12.985339561624141 ], [ 77.536873906966775, 12.989831117499095 ], [ 77.532264668595928, 12.989831117499095 ], [ 77.532264668595928, 12.985339561624141 ], [ 77.536873906966775, 12.985339561624141 ] ] ] } },
{ "type": "Feature", "properties": { "cell_id": 844, "lon": 77.539178526152199, "lat": 12.987585339561619 }, "geometry": { "type": "Polygon", "coordinates": [ [ [ 77.541483145337622, 12.985339561624141 ], [ 77.541483145337622, 12.989831117499095 ], [ 77.536873906966775, 12.989831117499095 ], [ 77.536873906966775, 12.985339561624141 ], [ 77.541483145337622, 12.985339561624141 ] ] ] } },
{ "type": "Feature", "properties": { "cell_id": 845, "lon": 77.543787764523046, "lat": 12.987585339561619 }, "geometry": { "type": "Polygon", "coordinates": [ [ [ 77.546092383708469, 12.985339561624141 ], [ 77.546092383708469, 12.989831117499095 ], [ 77.541483145337622, 12.989831117499095 ], [ 77.541483145337622, 12.985339561624141 ], [ 77.546092383708469, 12.985339561624141 ] ] ] } },
{ "type": "Feature", "properties": { "cell_id": 846, "lon": 77.548397002893893, "lat": 12.987585339561619 }, "geometry": { "type": "Polygon", "coordinates": [ [ [ 77.550701622079316, 12.985339561624141 ], [ 77.550701622079316, 12.989831117499095 ], [ 77.546092383708469, 12.989831117499095 ], [ 77.546092383708469, 12.985339561624141 ], [ 77.550701622079316, 12.985339561624141 ] ] ] } },
{ "type": "Feature", "properties": { "cell_id": 847, "lon": 77.55300624126474, "lat": 12.987585339561619 }, "geometry": { "type": "Polygon", "coordinates": [ [ [ 77.555310860450163, 12.985339561624141 ], [ 77.555310860450163, 12.989831117499095 ], [ 77.550701622079316, 12.989831117499095 ], [ 77.550701622079316, 12.985339561624141 ], [ 77.555310860450163, 12.985339561624141 ] ] ] } },
{ "type": "Feature", "properties": { "cell_id": 848, "lon": 77.557615479635587, "lat": 12.987585339561619 }, "geometry": { "type": "Polygon", "coordinates": [ [ [ 77.55992009882101, 12.985339561624141 ], [ 77.55992009882101, 12.989831117499095 ], [ 77.555310860450163, 12.989831117499095 ], [ 77.555310860450163, 12.985339561624141 ], [ 77.55992009882101, 12.985339561624141 ] ] ] } },
{ "type": "Feature", "properties": { "cell_id": 849, "lon": 77.562224718006433, "lat": 12.987585339561619 }, "geometry": { "type": "Polygon", "coordinates": [ [ [ 77.564529337191857, 12.985339561624141 ], [ 77.564529337191857, 12.989831117499095 ], [ 77.55992009882101, 12.989831117499095 ], [ 77.55992009882101, 12.985339561624141 ], [ 77.564529337191857, 12.985339561624141 ] ] ] } },
{ "type": "Feature", "properties": { "cell_id": 850, "lon": 77.56683395637728, "lat": 12.987585339561619 }, "geometry": { "type": "Polygon", "coordinates": [ [ [ 77.569138575562704, 12.985339561624141 ], [ 77.569138575562704, 12.989831117499095 ], [ 77.564529337191857, 12.989831117499095 ], [ 77.564529337191857, 12.985339561624141 ], [ 77.569138575562704, 12.985339561624141 ] ] ] } },
{ "type": "Feature", "properties": { "cell_id": 851, "lon": 77.571443194748127, "lat": 12.987585339561619 }, "geometry": { "type": "Polygon", "coordinates": [ [ [ 77.573747813933551, 12.985339561624141 ], [ 77.573747813933551, 12.989831117499095 ], [ 77.569138575562704, 12.989831117499095 ], [ 77.569138575562704, 12.985339561624141 ], [ 77.573747813933551, 12.985339561624141 ] ] ] } },
{ "type": "Feature", "properties": { "cell_id": 852, "lon": 77.576052433118974, "lat": 12.987585339561619 }, "geometry": { "type": "Polygon", "coordinates": [ [ [ 77.578357052304398, 12.985339561624141 ], [ 77.578357052304398, 12.989831117499095 ], [ 77.573747813933551, 12.989831117499095 ], [ 77.573747813933551, 12.985339561624141 ], [ 77.578357052304398, 12.985339561624141 ] ] ] } },
{ "type": "Feature", "properties": { "cell_id": 853, "lon": 77.580661671489821, "lat": 12.987585339561619 }, "geometry": { "type": "Polygon", "coordinates": [ [ [ 77.582966290675245, 12.985339561624141 ], [ 77.582966290675245, 12.989831117499095 ], [ 77.578357052304398, 12.989831117499095 ], [ 77.578357052304398, 12.985339561624141 ], [ 77.582966290675245, 12.985339561624141 ] ] ] } },
{ "type": "Feature", "properties": { "cell_id": 854, "lon": 77.585270909860668, "lat": 12.987585339561619 }, "geometry": { "type": "Polygon", "coordinates": [ [ [ 77.587575529046092, 12.985339561624141 ], [ 77.587575529046092, 12.989831117499095 ], [ 77.582966290675245, 12.989831117499095 ], [ 77.582966290675245, 12.985339561624141 ], [ 77.587575529046092, 12.985339561624141 ] ] ] } },
{ "type": "Feature", "properties": { "cell_id": 855, "lon": 77.589880148231515, "lat": 12.987585339561619 }, "geometry": { "type": "Polygon", "coordinates": [ [ [ 77.592184767416938, 12.985339561624141 ], [ 77.592184767416938, 12.989831117499095 ], [ 77.587575529046092, 12.989831117499095 ], [ 77.587575529046092, 12.985339561624141 ], [ 77.592184767416938, 12.985339561624141 ] ] ] } },
{ "type": "Feature", "properties": { "cell_id": 856, "lon": 77.594489386602362, "lat": 12.987585339561619 }, "geometry": { "type": "Polygon", "coordinates": [ [ [ 77.596794005787785, 12.985339561624141 ], [ 77.596794005787785, 12.989831117499095 ], [ 77.592184767416938, 12.989831117499095 ], [ 77.592184767416938, 12.985339561624141 ], [ 77.596794005787785, 12.985339561624141 ] ] ] } },
{ "type": "Feature", "properties": { "cell_id": 857, "lon": 77.599098624973209, "lat": 12.987585339561619 }, "geometry": { "type": "Polygon", "coordinates": [ [ [ 77.601403244158632, 12.985339561624141 ], [ 77.601403244158632, 12.989831117499095 ], [ 77.596794005787785, 12.989831117499095 ], [ 77.596794005787785, 12.985339561624141 ], [ 77.601403244158632, 12.985339561624141 ] ] ] } },
{ "type": "Feature", "properties": { "cell_id": 858, "lon": 77.603707863344056, "lat": 12.987585339561619 }, "geometry": { "type": "Polygon", "coordinates": [ [ [ 77.606012482529479, 12.985339561624141 ], [ 77.606012482529479, 12.989831117499095 ], [ 77.601403244158632, 12.989831117499095 ], [ 77.601403244158632, 12.985339561624141 ], [ 77.606012482529479, 12.985339561624141 ] ] ] } },
{ "type": "Feature", "properties": { "cell_id": 859, "lon": 77.608317101714903, "lat": 12.987585339561619 }, "geometry": { "type": "Polygon", "coordinates": [ [ [ 77.610621720900326, 12.985339561624141 ], [ 77.610621720900326, 12.989831117499095 ], [ 77.606012482529479, 12.989831117499095 ], [ 77.606012482529479, 12.985339561624141 ], [ 77.610621720900326, 12.985339561624141 ] ] ] } },
{ "type": "Feature", "properties": { "cell_id": 860, "lon": 77.61292634008575, "lat": 12.987585339561619 }, "geometry": { "type": "Polygon", "coordinates": [ [ [ 77.615230959271173, 12.985339561624141 ], [ 77.615230959271173, 12.989831117499095 ], [ 77.610621720900326, 12.989831117499095 ], [ 77.610621720900326, 12.985339561624141 ], [ 77.615230959271173, 12.985339561624141 ] ] ] } },
{ "type": "Feature", "properties": { "cell_id": 861, "lon": 77.617535578456597, "lat": 12.987585339561619 }, "geometry": { "type": "Polygon", "coordinates": [ [ [ 77.61984019764202, 12.985339561624141 ], [ 77.61984019764202, 12.989831117499095 ], [ 77.615230959271173, 12.989831117499095 ], [ 77.615230959271173, 12.985339561624141 ], [ 77.61984019764202, 12.985339561624141 ] ] ] } },
{ "type": "Feature", "properties": { "cell_id": 862, "lon": 77.622144816827443, "lat": 12.987585339561619 }, "geometry": { "type": "Polygon", "coordinates": [ [ [ 77.624449436012867, 12.985339561624141 ], [ 77.624449436012867, 12.989831117499095 ], [ 77.61984019764202, 12.989831117499095 ], [ 77.61984019764202, 12.985339561624141 ], [ 77.624449436012867, 12.985339561624141 ] ] ] } },
{ "type": "Feature", "properties": { "cell_id": 863, "lon": 77.62675405519829, "lat": 12.987585339561619 }, "geometry": { "type": "Polygon", "coordinates": [ [ [ 77.629058674383714, 12.985339561624141 ], [ 77.629058674383714, 12.989831117499095 ], [ 77.624449436012867, 12.989831117499095 ], [ 77.624449436012867, 12.985339561624141 ], [ 77.629058674383714, 12.985339561624141 ] ] ] } },
{ "type": "Feature", "properties": { "cell_id": 864, "lon": 77.631363293569137, "lat": 12.987585339561619 }, "geometry": { "type": "Polygon", "coordinates": [ [ [ 77.633667912754561, 12.985339561624141 ], [ 77.633667912754561, 12.989831117499095 ], [ 77.629058674383714, 12.989831117499095 ], [ 77.629058674383714, 12.985339561624141 ], [ 77.633667912754561, 12.985339561624141 ] ] ] } },
{ "type": "Feature", "properties": { "cell_id": 865, "lon": 77.635972531939984, "lat": 12.987585339561619 }, "geometry": { "type": "Polygon", "coordinates": [ [ [ 77.638277151125408, 12.985339561624141 ], [ 77.638277151125408, 12.989831117499095 ], [ 77.633667912754561, 12.989831117499095 ], [ 77.633667912754561, 12.985339561624141 ], [ 77.638277151125408, 12.985339561624141 ] ] ] } },
{ "type": "Feature", "properties": { "cell_id": 866, "lon": 77.640581770310831, "lat": 12.987585339561619 }, "geometry": { "type": "Polygon", "coordinates": [ [ [ 77.642886389496255, 12.985339561624141 ], [ 77.642886389496255, 12.989831117499095 ], [ 77.638277151125408, 12.989831117499095 ], [ 77.638277151125408, 12.985339561624141 ], [ 77.642886389496255, 12.985339561624141 ] ] ] } },
{ "type": "Feature", "properties": { "cell_id": 867, "lon": 77.645191008681678, "lat": 12.987585339561619 }, "geometry": { "type": "Polygon", "coordinates": [ [ [ 77.647495627867102, 12.985339561624141 ], [ 77.647495627867102, 12.989831117499095 ], [ 77.642886389496255, 12.989831117499095 ], [ 77.642886389496255, 12.985339561624141 ], [ 77.647495627867102, 12.985339561624141 ] ] ] } },
{ "type": "Feature", "properties": { "cell_id": 868, "lon": 77.649800247052525, "lat": 12.987585339561619 }, "geometry": { "type": "Polygon", "coordinates": [ [ [ 77.652104866237948, 12.985339561624141 ], [ 77.652104866237948, 12.989831117499095 ], [ 77.647495627867102, 12.989831117499095 ], [ 77.647495627867102, 12.985339561624141 ], [ 77.652104866237948, 12.985339561624141 ] ] ] } },
{ "type": "Feature", "properties": { "cell_id": 869, "lon": 77.654409485423372, "lat": 12.987585339561619 }, "geometry": { "type": "Polygon", "coordinates": [ [ [ 77.656714104608795, 12.985339561624141 ], [ 77.656714104608795, 12.989831117499095 ], [ 77.652104866237948, 12.989831117499095 ], [ 77.652104866237948, 12.985339561624141 ], [ 77.656714104608795, 12.985339561624141 ] ] ] } },
{ "type": "Feature", "properties": { "cell_id": 870, "lon": 77.659018723794219, "lat": 12.987585339561619 }, "geometry": { "type": "Polygon", "coordinates": [ [ [ 77.661323342979642, 12.985339561624141 ], [ 77.661323342979642, 12.989831117499095 ], [ 77.656714104608795, 12.989831117499095 ], [ 77.656714104608795, 12.985339561624141 ], [ 77.661323342979642, 12.985339561624141 ] ] ] } },
{ "type": "Feature", "properties": { "cell_id": 871, "lon": 77.663627962165066, "lat": 12.987585339561619 }, "geometry": { "type": "Polygon", "coordinates": [ [ [ 77.665932581350489, 12.985339561624141 ], [ 77.665932581350489, 12.989831117499095 ], [ 77.661323342979642, 12.989831117499095 ], [ 77.661323342979642, 12.985339561624141 ], [ 77.665932581350489, 12.985339561624141 ] ] ] } },
{ "type": "Feature", "properties": { "cell_id": 872, "lon": 77.668237200535913, "lat": 12.987585339561619 }, "geometry": { "type": "Polygon", "coordinates": [ [ [ 77.670541819721336, 12.985339561624141 ], [ 77.670541819721336, 12.989831117499095 ], [ 77.665932581350489, 12.989831117499095 ], [ 77.665932581350489, 12.985339561624141 ], [ 77.670541819721336, 12.985339561624141 ] ] ] } },
{ "type": "Feature", "properties": { "cell_id": 873, "lon": 77.67284643890676, "lat": 12.987585339561619 }, "geometry": { "type": "Polygon", "coordinates": [ [ [ 77.675151058092183, 12.985339561624141 ], [ 77.675151058092183, 12.989831117499095 ], [ 77.670541819721336, 12.989831117499095 ], [ 77.670541819721336, 12.985339561624141 ], [ 77.675151058092183, 12.985339561624141 ] ] ] } },
{ "type": "Feature", "properties": { "cell_id": 874, "lon": 77.677455677277607, "lat": 12.987585339561619 }, "geometry": { "type": "Polygon", "coordinates": [ [ [ 77.67976029646303, 12.985339561624141 ], [ 77.67976029646303, 12.989831117499095 ], [ 77.675151058092183, 12.989831117499095 ], [ 77.675151058092183, 12.985339561624141 ], [ 77.67976029646303, 12.985339561624141 ] ] ] } },
{ "type": "Feature", "properties": { "cell_id": 875, "lon": 77.682064915648454, "lat": 12.987585339561619 }, "geometry": { "type": "Polygon", "coordinates": [ [ [ 77.684369534833877, 12.985339561624141 ], [ 77.684369534833877, 12.989831117499095 ], [ 77.67976029646303, 12.989831117499095 ], [ 77.67976029646303, 12.985339561624141 ], [ 77.684369534833877, 12.985339561624141 ] ] ] } },
{ "type": "Feature", "properties": { "cell_id": 876, "lon": 77.6866741540193, "lat": 12.987585339561619 }, "geometry": { "type": "Polygon", "coordinates": [ [ [ 77.688978773204724, 12.985339561624141 ], [ 77.688978773204724, 12.989831117499095 ], [ 77.684369534833877, 12.989831117499095 ], [ 77.684369534833877, 12.985339561624141 ], [ 77.688978773204724, 12.985339561624141 ] ] ] } },
{ "type": "Feature", "properties": { "cell_id": 877, "lon": 77.691283392390147, "lat": 12.987585339561619 }, "geometry": { "type": "Polygon", "coordinates": [ [ [ 77.693588011575571, 12.985339561624141 ], [ 77.693588011575571, 12.989831117499095 ], [ 77.688978773204724, 12.989831117499095 ], [ 77.688978773204724, 12.985339561624141 ], [ 77.693588011575571, 12.985339561624141 ] ] ] } },
{ "type": "Feature", "properties": { "cell_id": 878, "lon": 77.695892630760994, "lat": 12.987585339561619 }, "geometry": { "type": "Polygon", "coordinates": [ [ [ 77.698197249946418, 12.985339561624141 ], [ 77.698197249946418, 12.989831117499095 ], [ 77.693588011575571, 12.989831117499095 ], [ 77.693588011575571, 12.985339561624141 ], [ 77.698197249946418, 12.985339561624141 ] ] ] } },
{ "type": "Feature", "properties": { "cell_id": 879, "lon": 77.700501869131841, "lat": 12.987585339561619 }, "geometry": { "type": "Polygon", "coordinates": [ [ [ 77.702806488317265, 12.985339561624141 ], [ 77.702806488317265, 12.989831117499095 ], [ 77.698197249946418, 12.989831117499095 ], [ 77.698197249946418, 12.985339561624141 ], [ 77.702806488317265, 12.985339561624141 ] ] ] } },
{ "type": "Feature", "properties": { "cell_id": 880, "lon": 77.502304619185423, "lat": 12.992076895436574 }, "geometry": { "type": "Polygon", "coordinates": [ [ [ 77.504609238370847, 12.989831117499095 ], [ 77.504609238370847, 12.99432267337405 ], [ 77.5, 12.99432267337405 ], [ 77.5, 12.989831117499095 ], [ 77.504609238370847, 12.989831117499095 ] ] ] } },
{ "type": "Feature", "properties": { "cell_id": 881, "lon": 77.50691385755627, "lat": 12.992076895436574 }, "geometry": { "type": "Polygon", "coordinates": [ [ [ 77.509218476741694, 12.989831117499095 ], [ 77.509218476741694, 12.99432267337405 ], [ 77.504609238370847, 12.99432267337405 ], [ 77.504609238370847, 12.989831117499095 ], [ 77.509218476741694, 12.989831117499095 ] ] ] } },
{ "type": "Feature", "properties": { "cell_id": 882, "lon": 77.511523095927117, "lat": 12.992076895436574 }, "geometry": { "type": "Polygon", "coordinates": [ [ [ 77.513827715112541, 12.989831117499095 ], [ 77.513827715112541, 12.99432267337405 ], [ 77.509218476741694, 12.99432267337405 ], [ 77.509218476741694, 12.989831117499095 ], [ 77.513827715112541, 12.989831117499095 ] ] ] } },
{ "type": "Feature", "properties": { "cell_id": 883, "lon": 77.516132334297964, "lat": 12.992076895436574 }, "geometry": { "type": "Polygon", "coordinates": [ [ [ 77.518436953483388, 12.989831117499095 ], [ 77.518436953483388, 12.99432267337405 ], [ 77.513827715112541, 12.99432267337405 ], [ 77.513827715112541, 12.989831117499095 ], [ 77.518436953483388, 12.989831117499095 ] ] ] } },
{ "type": "Feature", "properties": { "cell_id": 884, "lon": 77.520741572668811, "lat": 12.992076895436574 }, "geometry": { "type": "Polygon", "coordinates": [ [ [ 77.523046191854235, 12.989831117499095 ], [ 77.523046191854235, 12.99432267337405 ], [ 77.518436953483388, 12.99432267337405 ], [ 77.518436953483388, 12.989831117499095 ], [ 77.523046191854235, 12.989831117499095 ] ] ] } },
{ "type": "Feature", "properties": { "cell_id": 885, "lon": 77.525350811039658, "lat": 12.992076895436574 }, "geometry": { "type": "Polygon", "coordinates": [ [ [ 77.527655430225082, 12.989831117499095 ], [ 77.527655430225082, 12.99432267337405 ], [ 77.523046191854235, 12.99432267337405 ], [ 77.523046191854235, 12.989831117499095 ], [ 77.527655430225082, 12.989831117499095 ] ] ] } },
{ "type": "Feature", "properties": { "cell_id": 886, "lon": 77.529960049410505, "lat": 12.992076895436574 }, "geometry": { "type": "Polygon", "coordinates": [ [ [ 77.532264668595928, 12.989831117499095 ], [ 77.532264668595928, 12.99432267337405 ], [ 77.527655430225082, 12.99432267337405 ], [ 77.527655430225082, 12.989831117499095 ], [ 77.532264668595928, 12.989831117499095 ] ] ] } },
{ "type": "Feature", "properties": { "cell_id": 887, "lon": 77.534569287781352, "lat": 12.992076895436574 }, "geometry": { "type": "Polygon", "coordinates": [ [ [ 77.536873906966775, 12.989831117499095 ], [ 77.536873906966775, 12.99432267337405 ], [ 77.532264668595928, 12.99432267337405 ], [ 77.532264668595928, 12.989831117499095 ], [ 77.536873906966775, 12.989831117499095 ] ] ] } },
{ "type": "Feature", "properties": { "cell_id": 888, "lon": 77.539178526152199, "lat": 12.992076895436574 }, "geometry": { "type": "Polygon", "coordinates": [ [ [ 77.541483145337622, 12.989831117499095 ], [ 77.541483145337622, 12.99432267337405 ], [ 77.536873906966775, 12.99432267337405 ], [ 77.536873906966775, 12.989831117499095 ], [ 77.541483145337622, 12.989831117499095 ] ] ] } },
{ "type": "Feature", "properties": { "cell_id": 889, "lon": 77.543787764523046, "lat": 12.992076895436574 }, "geometry": { "type": "Polygon", "coordinates": [ [ [ 77.546092383708469, 12.989831117499095 ], [ 77.546092383708469, 12.99432267337405 ], [ 77.541483145337622, 12.99432267337405 ], [ 77.541483145337622, 12.989831117499095 ], [ 77.546092383708469, 12.989831117499095 ] ] ] } },
{ "type": "Feature", "properties": { "cell_id": 890, "lon": 77.548397002893893, "lat": 12.992076895436574 }, "geometry": { "type": "Polygon", "coordinates": [ [ [ 77.550701622079316, 12.989831117499095 ], [ 77.550701622079316, 12.99432267337405 ], [ 77.546092383708469, 12.99432267337405 ], [ 77.546092383708469, 12.989831117499095 ], [ 77.550701622079316, 12.989831117499095 ] ] ] } },
{ "type": "Feature", "properties": { "cell_id": 891, "lon": 77.55300624126474, "lat": 12.992076895436574 }, "geometry": { "type": "Polygon", "coordinates": [ [ [ 77.555310860450163, 12.989831117499095 ], [ 77.555310860450163, 12.99432267337405 ], [ 77.550701622079316, 12.99432267337405 ], [ 77.550701622079316, 12.989831117499095 ], [ 77.555310860450163, 12.989831117499095 ] ] ] } },
{ "type": "Feature", "properties": { "cell_id": 892, "lon": 77.557615479635587, "lat": 12.992076895436574 }, "geometry": { "type": "Polygon", "coordinates": [ [ [ 77.55992009882101, 12.989831117499095 ], [ 77.55992009882101, 12.99432267337405 ], [ 77.555310860450163, 12.99432267337405 ], [ 77.555310860450163, 12.989831117499095 ], [ 77.55992009882101, 12.989831117499095 ] ] ] } },
{ "type": "Feature", "properties": { "cell_id": 893, "lon": 77.562224718006433, "lat": 12.992076895436574 }, "geometry": { "type": "Polygon", "coordinates": [ [ [ 77.564529337191857, 12.989831117499095 ], [ 77.564529337191857, 12.99432267337405 ], [ 77.55992009882101, 12.99432267337405 ], [ 77.55992009882101, 12.989831117499095 ], [ 77.564529337191857, 12.989831117499095 ] ] ] } },
{ "type": "Feature", "properties": { "cell_id": 894, "lon": 77.56683395637728, "lat": 12.992076895436574 }, "geometry": { "type": "Polygon", "coordinates": [ [ [ 77.569138575562704, 12.989831117499095 ], [ 77.569138575562704, 12.99432267337405 ], [ 77.564529337191857, 12.99432267337405 ], [ 77.564529337191857, 12.989831117499095 ], [ 77.569138575562704, 12.989831117499095 ] ] ] } },
{ "type": "Feature", "properties": { "cell_id": 895, "lon": 77.571443194748127, "lat": 12.992076895436574 }, "geometry": { "type": "Polygon", "coordinates": [ [ [ 77.573747813933551, 12.989831117499095 ], [ 77.573747813933551, 12.99432267337405 ], [ 77.569138575562704, 12.99432267337405 ], [ 77.569138575562704, 12.989831117499095 ], [ 77.573747813933551, 12.989831117499095 ] ] ] } },
{ "type": "Feature", "properties": { "cell_id": 896, "lon": 77.576052433118974, "lat": 12.992076895436574 }, "geometry": { "type": "Polygon", "coordinates": [ [ [ 77.578357052304398, 12.989831117499095 ], [ 77.578357052304398, 12.99432267337405 ], [ 77.573747813933551, 12.99432267337405 ], [ 77.573747813933551, 12.989831117499095 ], [ 77.578357052304398, 12.989831117499095 ] ] ] } },
{ "type": "Feature", "properties": { "cell_id": 897, "lon": 77.580661671489821, "lat": 12.992076895436574 }, "geometry": { "type": "Polygon", "coordinates": [ [ [ 77.582966290675245, 12.989831117499095 ], [ 77.582966290675245, 12.99432267337405 ], [ 77.578357052304398, 12.99432267337405 ], [ 77.578357052304398, 12.989831117499095 ], [ 77.582966290675245, 12.989831117499095 ] ] ] } },
{ "type": "Feature", "properties": { "cell_id": 898, "lon": 77.585270909860668, "lat": 12.992076895436574 }, "geometry": { "type": "Polygon", "coordinates": [ [ [ 77.587575529046092, 12.989831117499095 ], [ 77.587575529046092, 12.99432267337405 ], [ 77.582966290675245, 12.99432267337405 ], [ 77.582966290675245, 12.989831117499095 ], [ 77.587575529046092, 12.989831117499095 ] ] ] } },
{ "type": "Feature", "properties": { "cell_id": 899, "lon": 77.589880148231515, "lat": 12.992076895436574 }, "geometry": { "type": "Polygon", "coordinates": [ [ [ 77.592184767416938, 12.989831117499095 ], [ 77.592184767416938, 12.99432267337405 ], [ 77.587575529046092, 12.99432267337405 ], [ 77.587575529046092, 12.989831117499095 ], [ 77.592184767416938, 12.989831117499095 ] ] ] } },
{ "type": "Feature", "properties": { "cell_id": 900, "lon": 77.594489386602362, "lat": 12.992076895436574 }, "geometry": { "type": "Polygon", "coordinates": [ [ [ 77.596794005787785, 12.989831117499095 ], [ 77.596794005787785, 12.99432267337405 ], [ 77.592184767416938, 12.99432267337405 ], [ 77.592184767416938, 12.989831117499095 ], [ 77.596794005787785, 12.989831117499095 ] ] ] } },
{ "type": "Feature", "properties": { "cell_id": 901, "lon": 77.599098624973209, "lat": 12.992076895436574 }, "geometry": { "type": "Polygon", "coordinates": [ [ [ 77.601403244158632, 12.989831117499095 ], [ 77.601403244158632, 12.99432267337405 ], [ 77.596794005787785, 12.99432267337405 ], [ 77.596794005787785, 12.989831117499095 ], [ 77.601403244158632, 12.989831117499095 ] ] ] } },
{ "type": "Feature", "properties": { "cell_id": 902, "lon": 77.603707863344056, "lat": 12.992076895436574 }, "geometry": { "type": "Polygon", "coordinates": [ [ [ 77.606012482529479, 12.989831117499095 ], [ 77.606012482529479, 12.99432267337405 ], [ 77.601403244158632, 12.99432267337405 ], [ 77.601403244158632, 12.989831117499095 ], [ 77.606012482529479, 12.989831117499095 ] ] ] } },
{ "type": "Feature", "properties": { "cell_id": 903, "lon": 77.608317101714903, "lat": 12.992076895436574 }, "geometry": { "type": "Polygon", "coordinates": [ [ [ 77.610621720900326, 12.989831117499095 ], [ 77.610621720900326, 12.99432267337405 ], [ 77.606012482529479, 12.99432267337405 ], [ 77.606012482529479, 12.989831117499095 ], [ 77.610621720900326, 12.989831117499095 ] ] ] } },
{ "type": "Feature", "properties": { "cell_id": 904, "lon": 77.61292634008575, "lat": 12.992076895436574 }, "geometry": { "type": "Polygon", "coordinates": [ [ [ 77.615230959271173, 12.989831117499095 ], [ 77.615230959271173, 12.99432267337405 ], [ 77.610621720900326, 12.99432267337405 ], [ 77.610621720900326, 12.989831117499095 ], [ 77.615230959271173, 12.989831117499095 ] ] ] } },
{ "type": "Feature", "properties": { "cell_id": 905, "lon": 77.617535578456597, "lat": 12.992076895436574 }, "geometry": { "type": "Polygon", "coordinates": [ [ [ 77.61984019764202, 12.989831117499095 ], [ 77.61984019764202, 12.99432267337405 ], [ 77.615230959271173, 12.99432267337405 ], [ 77.615230959271173, 12.989831117499095 ], [ 77.61984019764202, 12.989831117499095 ] ] ] } },
{ "type": "Feature", "properties": { "cell_id": 906, "lon": 77.622144816827443, "lat": 12.992076895436574 }, "geometry": { "type": "Polygon", "coordinates": [ [ [ 77.624449436012867, 12.989831117499095 ], [ 77.624449436012867, 12.99432267337405 ], [ 77.61984019764202, 12.99432267337405 ], [ 77.61984019764202, 12.989831117499095 ], [ 77.624449436012867, 12.989831117499095 ] ] ] } },
{ "type": "Feature", "properties": { "cell_id": 907, "lon": 77.62675405519829, "lat": 12.992076895436574 }, "geometry": { "type": "Polygon", "coordinates": [ [ [ 77.629058674383714, 12.989831117499095 ], [ 77.629058674383714, 12.99432267337405 ], [ 77.624449436012867, 12.99432267337405 ], [ 77.624449436012867, 12.989831117499095 ], [ 77.629058674383714, 12.989831117499095 ] ] ] } },
{ "type": "Feature", "properties": { "cell_id": 908, "lon": 77.631363293569137, "lat": 12.992076895436574 }, "geometry": { "type": "Polygon", "coordinates": [ [ [ 77.633667912754561, 12.989831117499095 ], [ 77.633667912754561, 12.99432267337405 ], [ 77.629058674383714, 12.99432267337405 ], [ 77.629058674383714, 12.989831117499095 ], [ 77.633667912754561, 12.989831117499095 ] ] ] } },
{ "type": "Feature", "properties": { "cell_id": 909, "lon": 77.635972531939984, "lat": 12.992076895436574 }, "geometry": { "type": "Polygon", "coordinates": [ [ [ 77.638277151125408, 12.989831117499095 ], [ 77.638277151125408, 12.99432267337405 ], [ 77.633667912754561, 12.99432267337405 ], [ 77.633667912754561, 12.989831117499095 ], [ 77.638277151125408, 12.989831117499095 ] ] ] } },
{ "type": "Feature", "properties": { "cell_id": 910, "lon": 77.640581770310831, "lat": 12.992076895436574 }, "geometry": { "type": "Polygon", "coordinates": [ [ [ 77.642886389496255, 12.989831117499095 ], [ 77.642886389496255, 12.99432267337405 ], [ 77.638277151125408, 12.99432267337405 ], [ 77.638277151125408, 12.989831117499095 ], [ 77.642886389496255, 12.989831117499095 ] ] ] } },
{ "type": "Feature", "properties": { "cell_id": 911, "lon": 77.645191008681678, "lat": 12.992076895436574 }, "geometry": { "type": "Polygon", "coordinates": [ [ [ 77.647495627867102, 12.989831117499095 ], [ 77.647495627867102, 12.99432267337405 ], [ 77.642886389496255, 12.99432267337405 ], [ 77.642886389496255, 12.989831117499095 ], [ 77.647495627867102, 12.989831117499095 ] ] ] } },
{ "type": "Feature", "properties": { "cell_id": 912, "lon": 77.649800247052525, "lat": 12.992076895436574 }, "geometry": { "type": "Polygon", "coordinates": [ [ [ 77.652104866237948, 12.989831117499095 ], [ 77.652104866237948, 12.99432267337405 ], [ 77.647495627867102, 12.99432267337405 ], [ 77.647495627867102, 12.989831117499095 ], [ 77.652104866237948, 12.989831117499095 ] ] ] } },
{ "type": "Feature", "properties": { "cell_id": 913, "lon": 77.654409485423372, "lat": 12.992076895436574 }, "geometry": { "type": "Polygon", "coordinates": [ [ [ 77.656714104608795, 12.989831117499095 ], [ 77.656714104608795, 12.99432267337405 ], [ 77.652104866237948, 12.99432267337405 ], [ 77.652104866237948, 12.989831117499095 ], [ 77.656714104608795, 12.989831117499095 ] ] ] } },
{ "type": "Feature", "properties": { "cell_id": 914, "lon": 77.659018723794219, "lat": 12.992076895436574 }, "geometry": { "type": "Polygon", "coordinates": [ [ [ 77.661323342979642, 12.989831117499095 ], [ 77.661323342979642, 12.99432267337405 ], [ 77.656714104608795, 12.99432267337405 ], [ 77.656714104608795, 12.989831117499095 ], [ 77.661323342979642, 12.989831117499095 ] ] ] } },
{ "type": "Feature", "properties": { "cell_id": 915, "lon": 77.663627962165066, "lat": 12.992076895436574 }, "geometry": { "type": "Polygon", "coordinates": [ [ [ 77.665932581350489, 12.989831117499095 ], [ 77.665932581350489, 12.99432267337405 ], [ 77.661323342979642, 12.99432267337405 ], [ 77.661323342979642, 12.989831117499095 ], [ 77.665932581350489, 12.989831117499095 ] ] ] } },
{ "type": "Feature", "properties": { "cell_id": 916, "lon": 77.668237200535913, "lat": 12.992076895436574 }, "geometry": { "type": "Polygon", "coordinates": [ [ [ 77.670541819721336, 12.989831117499095 ], [ 77.670541819721336, 12.99432267337405 ], [ 77.665932581350489, 12.99432267337405 ], [ 77.665932581350489, 12.989831117499095 ], [ 77.670541819721336, 12.989831117499095 ] ] ] } },
{ "type": "Feature", "properties": { "cell_id": 917, "lon": 77.67284643890676, "lat": 12.992076895436574 }, "geometry": { "type": "Polygon", "coordinates": [ [ [ 77.675151058092183, 12.989831117499095 ], [ 77.675151058092183, 12.99432267337405 ], [ 77.670541819721336, 12.99432267337405 ], [ 77.670541819721336, 12.989831117499095 ], [ 77.675151058092183, 12.989831117499095 ] ] ] } },
{ "type": "Feature", "properties": { "cell_id": 918, "lon": 77.677455677277607, "lat": 12.992076895436574 }, "geometry": { "type": "Polygon", "coordinates": [ [ [ 77.67976029646303, 12.989831117499095 ], [ 77.67976029646303, 12.99432267337405 ], [ 77.675151058092183, 12.99432267337405 ], [ 77.675151058092183, 12.989831117499095 ], [ 77.67976029646303, 12.989831117499095 ] ] ] } },
{ "type": "Feature", "properties": { "cell_id": 919, "lon": 77.682064915648454, "lat": 12.992076895436574 }, "geometry": { "type": "Polygon", "coordinates": [ [ [ 77.684369534833877, 12.989831117499095 ], [ 77.684369534833877, 12.99432267337405 ], [ 77.67976029646303, 12.99432267337405 ], [ 77.67976029646303, 12.989831117499095 ], [ 77.684369534833877, 12.989831117499095 ] ] ] } },
{ "type": "Feature", "properties": { "cell_id": 920, "lon": 77.6866741540193, "lat": 12.992076895436574 }, "geometry": { "type": "Polygon", "coordinates": [ [ [ 77.688978773204724, 12.989831117499095 ], [ 77.688978773204724, 12.99432267337405 ], [ 77.684369534833877, 12.99432267337405 ], [ 77.684369534833877, 12.989831117499095 ], [ 77.688978773204724, 12.989831117499095 ] ] ] } },
{ "type": "Feature", "properties": { "cell_id": 921, "lon": 77.691283392390147, "lat": 12.992076895436574 }, "geometry": { "type": "Polygon", "coordinates": [ [ [ 77.693588011575571, 12.989831117499095 ], [ 77.693588011575571, 12.99432267337405 ], [ 77.688978773204724, 12.99432267337405 ], [ 77.688978773204724, 12.989831117499095 ], [ 77.693588011575571, 12.989831117499095 ] ] ] } },
{ "type": "Feature", "properties": { "cell_id": 922, "lon": 77.695892630760994, "lat": 12.992076895436574 }, "geometry": { "type": "Polygon", "coordinates": [ [ [ 77.698197249946418, 12.989831117499095 ], [ 77.698197249946418, 12.99432267337405 ], [ 77.693588011575571, 12.99432267337405 ], [ 77.693588011575571, 12.989831117499095 ], [ 77.698197249946418, 12.989831117499095 ] ] ] } },
{ "type": "Feature", "properties": { "cell_id": 923, "lon": 77.700501869131841, "lat": 12.992076895436574 }, "geometry": { "type": "Polygon", "coordinates": [ [ [ 77.702806488317265, 12.989831117499095 ], [ 77.702806488317265, 12.99432267337405 ], [ 77.698197249946418, 12.99432267337405 ], [ 77.698197249946418, 12.989831117499095 ], [ 77.702806488317265, 12.989831117499095 ] ] ] } },
{ "type": "Feature", "properties": { "cell_id": 924, "lon": 77.502304619185423, "lat": 12.996568451311528 }, "geometry": { "type": "Polygon", "coordinates": [ [ [ 77.504609238370847, 12.99432267337405 ], [ 77.504609238370847, 12.998814229249005 ], [ 77.5, 12.998814229249005 ], [ 77.5, 12.99432267337405 ], [ 77.504609238370847, 12.99432267337405 ] ] ] } },
{ "type": "Feature", "properties": { "cell_id": 925, "lon": 77.50691385755627, "lat": 12.996568451311528 }, "geometry": { "type": "Polygon", "coordinates": [ [ [ 77.509218476741694, 12.99432267337405 ], [ 77.509218476741694, 12.998814229249005 ], [ 77.504609238370847, 12.998814229249005 ], [ 77.504609238370847, 12.99432267337405 ], [ 77.509218476741694, 12.99432267337405 ] ] ] } },
{ "type": "Feature", "properties": { "cell_id": 926, "lon": 77.511523095927117, "lat": 12.996568451311528 }, "geometry": { "type": "Polygon", "coordinates": [ [ [ 77.513827715112541, 12.99432267337405 ], [ 77.513827715112541, 12.998814229249005 ], [ 77.509218476741694, 12.998814229249005 ], [ 77.509218476741694, 12.99432267337405 ], [ 77.513827715112541, 12.99432267337405 ] ] ] } },
{ "type": "Feature", "properties": { "cell_id": 927, "lon": 77.516132334297964, "lat": 12.996568451311528 }, "geometry": { "type": "Polygon", "coordinates": [ [ [ 77.518436953483388, 12.99432267337405 ], [ 77.518436953483388, 12.998814229249005 ], [ 77.513827715112541, 12.998814229249005 ], [ 77.513827715112541, 12.99432267337405 ], [ 77.518436953483388, 12.99432267337405 ] ] ] } },
{ "type": "Feature", "properties": { "cell_id": 928, "lon": 77.520741572668811, "lat": 12.996568451311528 }, "geometry": { "type": "Polygon", "coordinates": [ [ [ 77.523046191854235, 12.99432267337405 ], [ 77.523046191854235, 12.998814229249005 ], [ 77.518436953483388, 12.998814229249005 ], [ 77.518436953483388, 12.99432267337405 ], [ 77.523046191854235, 12.99432267337405 ] ] ] } },
{ "type": "Feature", "properties": { "cell_id": 929, "lon": 77.525350811039658, "lat": 12.996568451311528 }, "geometry": { "type": "Polygon", "coordinates": [ [ [ 77.527655430225082, 12.99432267337405 ], [ 77.527655430225082, 12.998814229249005 ], [ 77.523046191854235, 12.998814229249005 ], [ 77.523046191854235, 12.99432267337405 ], [ 77.527655430225082, 12.99432267337405 ] ] ] } },
{ "type": "Feature", "properties": { "cell_id": 930, "lon": 77.529960049410505, "lat": 12.996568451311528 }, "geometry": { "type": "Polygon", "coordinates": [ [ [ 77.532264668595928, 12.99432267337405 ], [ 77.532264668595928, 12.998814229249005 ], [ 77.527655430225082, 12.998814229249005 ], [ 77.527655430225082, 12.99432267337405 ], [ 77.532264668595928, 12.99432267337405 ] ] ] } },
{ "type": "Feature", "properties": { "cell_id": 931, "lon": 77.534569287781352, "lat": 12.996568451311528 }, "geometry": { "type": "Polygon", "coordinates": [ [ [ 77.536873906966775, 12.99432267337405 ], [ 77.536873906966775, 12.998814229249005 ], [ 77.532264668595928, 12.998814229249005 ], [ 77.532264668595928, 12.99432267337405 ], [ 77.536873906966775, 12.99432267337405 ] ] ] } },
{ "type": "Feature", "properties": { "cell_id": 932, "lon": 77.539178526152199, "lat": 12.996568451311528 }, "geometry": { "type": "Polygon", "coordinates": [ [ [ 77.541483145337622, 12.99432267337405 ], [ 77.541483145337622, 12.998814229249005 ], [ 77.536873906966775, 12.998814229249005 ], [ 77.536873906966775, 12.99432267337405 ], [ 77.541483145337622, 12.99432267337405 ] ] ] } },
{ "type": "Feature", "properties": { "cell_id": 933, "lon": 77.543787764523046, "lat": 12.996568451311528 }, "geometry": { "type": "Polygon", "coordinates": [ [ [ 77.546092383708469, 12.99432267337405 ], [ 77.546092383708469, 12.998814229249005 ], [ 77.541483145337622, 12.998814229249005 ], [ 77.541483145337622, 12.99432267337405 ], [ 77.546092383708469, 12.99432267337405 ] ] ] } },
{ "type": "Feature", "properties": { "cell_id": 934, "lon": 77.548397002893893, "lat": 12.996568451311528 }, "geometry": { "type": "Polygon", "coordinates": [ [ [ 77.550701622079316, 12.99432267337405 ], [ 77.550701622079316, 12.998814229249005 ], [ 77.546092383708469, 12.998814229249005 ], [ 77.546092383708469, 12.99432267337405 ], [ 77.550701622079316, 12.99432267337405 ] ] ] } },
{ "type": "Feature", "properties": { "cell_id": 935, "lon": 77.55300624126474, "lat": 12.996568451311528 }, "geometry": { "type": "Polygon", "coordinates": [ [ [ 77.555310860450163, 12.99432267337405 ], [ 77.555310860450163, 12.998814229249005 ], [ 77.550701622079316, 12.998814229249005 ], [ 77.550701622079316, 12.99432267337405 ], [ 77.555310860450163, 12.99432267337405 ] ] ] } },
{ "type": "Feature", "properties": { "cell_id": 936, "lon": 77.557615479635587, "lat": 12.996568451311528 }, "geometry": { "type": "Polygon", "coordinates": [ [ [ 77.55992009882101, 12.99432267337405 ], [ 77.55992009882101, 12.998814229249005 ], [ 77.555310860450163, 12.998814229249005 ], [ 77.555310860450163, 12.99432267337405 ], [ 77.55992009882101, 12.99432267337405 ] ] ] } },
{ "type": "Feature", "properties": { "cell_id": 937, "lon": 77.562224718006433, "lat": 12.996568451311528 }, "geometry": { "type": "Polygon", "coordinates": [ [ [ 77.564529337191857, 12.99432267337405 ], [ 77.564529337191857, 12.998814229249005 ], [ 77.55992009882101, 12.998814229249005 ], [ 77.55992009882101, 12.99432267337405 ], [ 77.564529337191857, 12.99432267337405 ] ] ] } },
{ "type": "Feature", "properties": { "cell_id": 938, "lon": 77.56683395637728, "lat": 12.996568451311528 }, "geometry": { "type": "Polygon", "coordinates": [ [ [ 77.569138575562704, 12.99432267337405 ], [ 77.569138575562704, 12.998814229249005 ], [ 77.564529337191857, 12.998814229249005 ], [ 77.564529337191857, 12.99432267337405 ], [ 77.569138575562704, 12.99432267337405 ] ] ] } },
{ "type": "Feature", "properties": { "cell_id": 939, "lon": 77.571443194748127, "lat": 12.996568451311528 }, "geometry": { "type": "Polygon", "coordinates": [ [ [ 77.573747813933551, 12.99432267337405 ], [ 77.573747813933551, 12.998814229249005 ], [ 77.569138575562704, 12.998814229249005 ], [ 77.569138575562704, 12.99432267337405 ], [ 77.573747813933551, 12.99432267337405 ] ] ] } },
{ "type": "Feature", "properties": { "cell_id": 940, "lon": 77.576052433118974, "lat": 12.996568451311528 }, "geometry": { "type": "Polygon", "coordinates": [ [ [ 77.578357052304398, 12.99432267337405 ], [ 77.578357052304398, 12.998814229249005 ], [ 77.573747813933551, 12.998814229249005 ], [ 77.573747813933551, 12.99432267337405 ], [ 77.578357052304398, 12.99432267337405 ] ] ] } },
{ "type": "Feature", "properties": { "cell_id": 941, "lon": 77.580661671489821, "lat": 12.996568451311528 }, "geometry": { "type": "Polygon", "coordinates": [ [ [ 77.582966290675245, 12.99432267337405 ], [ 77.582966290675245, 12.998814229249005 ], [ 77.578357052304398, 12.998814229249005 ], [ 77.578357052304398, 12.99432267337405 ], [ 77.582966290675245, 12.99432267337405 ] ] ] } },
{ "type": "Feature", "properties": { "cell_id": 942, "lon": 77.585270909860668, "lat": 12.996568451311528 }, "geometry": { "type": "Polygon", "coordinates": [ [ [ 77.587575529046092, 12.99432267337405 ], [ 77.587575529046092, 12.998814229249005 ], [ 77.582966290675245, 12.998814229249005 ], [ 77.582966290675245, 12.99432267337405 ], [ 77.587575529046092, 12.99432267337405 ] ] ] } },
{ "type": "Feature", "properties": { "cell_id": 943, "lon": 77.589880148231515, "lat": 12.996568451311528 }, "geometry": { "type": "Polygon", "coordinates": [ [ [ 77.592184767416938, 12.99432267337405 ], [ 77.592184767416938, 12.998814229249005 ], [ 77.587575529046092, 12.998814229249005 ], [ 77.587575529046092, 12.99432267337405 ], [ 77.592184767416938, 12.99432267337405 ] ] ] } },
{ "type": "Feature", "properties": { "cell_id": 944, "lon": 77.594489386602362, "lat": 12.996568451311528 }, "geometry": { "type": "Polygon", "coordinates": [ [ [ 77.596794005787785, 12.99432267337405 ], [ 77.596794005787785, 12.998814229249005 ], [ 77.592184767416938, 12.998814229249005 ], [ 77.592184767416938, 12.99432267337405 ], [ 77.596794005787785, 12.99432267337405 ] ] ] } },
{ "type": "Feature", "properties": { "cell_id": 945, "lon": 77.599098624973209, "lat": 12.996568451311528 }, "geometry": { "type": "Polygon", "coordinates": [ [ [ 77.601403244158632, 12.99432267337405 ], [ 77.601403244158632, 12.998814229249005 ], [ 77.596794005787785, 12.998814229249005 ], [ 77.596794005787785, 12.99432267337405 ], [ 77.601403244158632, 12.99432267337405 ] ] ] } },
{ "type": "Feature", "properties": { "cell_id": 946, "lon": 77.603707863344056, "lat": 12.996568451311528 }, "geometry": { "type": "Polygon", "coordinates": [ [ [ 77.606012482529479, 12.99432267337405 ], [ 77.606012482529479, 12.998814229249005 ], [ 77.601403244158632, 12.998814229249005 ], [ 77.601403244158632, 12.99432267337405 ], [ 77.606012482529479, 12.99432267337405 ] ] ] } },
{ "type": "Feature", "properties": { "cell_id": 947, "lon": 77.608317101714903, "lat": 12.996568451311528 }, "geometry": { "type": "Polygon", "coordinates": [ [ [ 77.610621720900326, 12.99432267337405 ], [ 77.610621720900326, 12.998814229249005 ], [ 77.606012482529479, 12.998814229249005 ], [ 77.606012482529479, 12.99432267337405 ], [ 77.610621720900326, 12.99432267337405 ] ] ] } },
{ "type": "Feature", "properties": { "cell_id": 948, "lon": 77.61292634008575, "lat": 12.996568451311528 }, "geometry": { "type": "Polygon", "coordinates": [ [ [ 77.615230959271173, 12.99432267337405 ], [ 77.615230959271173, 12.998814229249005 ], [ 77.610621720900326, 12.998814229249005 ], [ 77.610621720900326, 12.99432267337405 ], [ 77.615230959271173, 12.99432267337405 ] ] ] } },
{ "type": "Feature", "properties": { "cell_id": 949, "lon": 77.617535578456597, "lat": 12.996568451311528 }, "geometry": { "type": "Polygon", "coordinates": [ [ [ 77.61984019764202, 12.99432267337405 ], [ 77.61984019764202, 12.998814229249005 ], [ 77.615230959271173, 12.998814229249005 ], [ 77.615230959271173, 12.99432267337405 ], [ 77.61984019764202, 12.99432267337405 ] ] ] } },
{ "type": "Feature", "properties": { "cell_id": 950, "lon": 77.622144816827443, "lat": 12.996568451311528 }, "geometry": { "type": "Polygon", "coordinates": [ [ [ 77.624449436012867, 12.99432267337405 ], [ 77.624449436012867, 12.998814229249005 ], [ 77.61984019764202, 12.998814229249005 ], [ 77.61984019764202, 12.99432267337405 ], [ 77.624449436012867, 12.99432267337405 ] ] ] } },
{ "type": "Feature", "properties": { "cell_id": 951, "lon": 77.62675405519829, "lat": 12.996568451311528 }, "geometry": { "type": "Polygon", "coordinates": [ [ [ 77.629058674383714, 12.99432267337405 ], [ 77.629058674383714, 12.998814229249005 ], [ 77.624449436012867, 12.998814229249005 ], [ 77.624449436012867, 12.99432267337405 ], [ 77.629058674383714, 12.99432267337405 ] ] ] } },
{ "type": "Feature", "properties": { "cell_id": 952, "lon": 77.631363293569137, "lat": 12.996568451311528 }, "geometry": { "type": "Polygon", "coordinates": [ [ [ 77.633667912754561, 12.99432267337405 ], [ 77.633667912754561, 12.998814229249005 ], [ 77.629058674383714, 12.998814229249005 ], [ 77.629058674383714, 12.99432267337405 ], [ 77.633667912754561, 12.99432267337405 ] ] ] } },
{ "type": "Feature", "properties": { "cell_id": 953, "lon": 77.635972531939984, "lat": 12.996568451311528 }, "geometry": { "type": "Polygon", "coordinates": [ [ [ 77.638277151125408, 12.99432267337405 ], [ 77.638277151125408, 12.998814229249005 ], [ 77.633667912754561, 12.998814229249005 ], [ 77.633667912754561, 12.99432267337405 ], [ 77.638277151125408, 12.99432267337405 ] ] ] } },
{ "type": "Feature", "properties": { "cell_id": 954, "lon": 77.640581770310831, "lat": 12.996568451311528 }, "geometry": { "type": "Polygon", "coordinates": [ [ [ 77.642886389496255, 12.99432267337405 ], [ 77.642886389496255, 12.998814229249005 ], [ 77.638277151125408, 12.998814229249005 ], [ 77.638277151125408, 12.99432267337405 ], [ 77.642886389496255, 12.99432267337405 ] ] ] } },
{ "type": "Feature", "properties": { "cell_id": 955, "lon": 77.645191008681678, "lat": 12.996568451311528 }, "geometry": { "type": "Polygon", "coordinates": [ [ [ 77.647495627867102, 12.99432267337405 ], [ 77.647495627867102, 12.998814229249005 ], [ 77.642886389496255, 12.998814229249005 ], [ 77.642886389496255, 12.99432267337405 ], [ 77.647495627867102, 12.99432267337405 ] ] ] } },
{ "type": "Feature", "properties": { "cell_id": 956, "lon": 77.649800247052525, "lat": 12.996568451311528 }, "geometry": { "type": "Polygon", "coordinates": [ [ [ 77.652104866237948, 12.99432267337405 ], [ 77.652104866237948, 12.998814229249005 ], [ 77.647495627867102, 12.998814229249005 ], [ 77.647495627867102, 12.99432267337405 ], [ 77.652104866237948, 12.99432267337405 ] ] ] } },
{ "type": "Feature", "properties": { "cell_id": 957, "lon": 77.654409485423372, "lat": 12.996568451311528 }, "geometry": { "type": "Polygon", "coordinates": [ [ [ 77.656714104608795, 12.99432267337405 ], [ 77.656714104608795, 12.998814229249005 ], [ 77.652104866237948, 12.998814229249005 ], [ 77.652104866237948, 12.99432267337405 ], [ 77.656714104608795, 12.99432267337405 ] ] ] } },
{ "type": "Feature", "properties": { "cell_id": 958, "lon": 77.659018723794219, "lat": 12.996568451311528 }, "geometry": { "type": "Polygon", "coordinates": [ [ [ 77.661323342979642, 12.99432267337405 ], [ 77.661323342979642, 12.998814229249005 ], [ 77.656714104608795, 12.998814229249005 ], [ 77.656714104608795, 12.99432267337405 ], [ 77.661323342979642, 12.99432267337405 ] ] ] } },
{ "type": "Feature", "properties": { "cell_id": 959, "lon": 77.663627962165066, "lat": 12.996568451311528 }, "geometry": { "type": "Polygon", "coordinates": [ [ [ 77.665932581350489, 12.99432267337405 ], [ 77.665932581350489, 12.998814229249005 ], [ 77.661323342979642, 12.998814229249005 ], [ 77.661323342979642, 12.99432267337405 ], [ 77.665932581350489, 12.99432267337405 ] ] ] } },
{ "type": "Feature", "properties": { "cell_id": 960, "lon": 77.668237200535913, "lat": 12.996568451311528 }, "geometry": { "type": "Polygon", "coordinates": [ [ [ 77.670541819721336, 12.99432267337405 ], [ 77.670541819721336, 12.998814229249005 ], [ 77.665932581350489, 12.998814229249005 ], [ 77.665932581350489, 12.99432267337405 ], [ 77.670541819721336, 12.99432267337405 ] ] ] } },
{ "type": "Feature", "properties": { "cell_id": 961, "lon": 77.67284643890676, "lat": 12.996568451311528 }, "geometry": { "type": "Polygon", "coordinates": [ [ [ 77.675151058092183, 12.99432267337405 ], [ 77.675151058092183, 12.998814229249005 ], [ 77.670541819721336, 12.998814229249005 ], [ 77.670541819721336, 12.99432267337405 ], [ 77.675151058092183, 12.99432267337405 ] ] ] } },
{ "type": "Feature", "properties": { "cell_id": 962, "lon": 77.677455677277607, "lat": 12.996568451311528 }, "geometry": { "type": "Polygon", "coordinates": [ [ [ 77.67976029646303, 12.99432267337405 ], [ 77.67976029646303, 12.998814229249005 ], [ 77.675151058092183, 12.998814229249005 ], [ 77.675151058092183, 12.99432267337405 ], [ 77.67976029646303, 12.99432267337405 ] ] ] } },
{ "type": "Feature", "properties": { "cell_id": 963, "lon": 77.682064915648454, "lat": 12.996568451311528 }, "geometry": { "type": "Polygon", "coordinates": [ [ [ 77.684369534833877, 12.99432267337405 ], [ 77.684369534833877, 12.998814229249005 ], [ 77.67976029646303, 12.998814229249005 ], [ 77.67976029646303, 12.99432267337405 ], [ 77.684369534833877, 12.99432267337405 ] ] ] } },
{ "type": "Feature", "properties": { "cell_id": 964, "lon": 77.6866741540193, "lat": 12.996568451311528 }, "geometry": { "type": "Polygon", "coordinates": [ [ [ 77.688978773204724, 12.99432267337405 ], [ 77.688978773204724, 12.998814229249005 ], [ 77.684369534833877, 12.998814229249005 ], [ 77.684369534833877, 12.99432267337405 ], [ 77.688978773204724, 12.99432267337405 ] ] ] } },
{ "type": "Feature", "properties": { "cell_id": 965, "lon": 77.691283392390147, "lat": 12.996568451311528 }, "geometry": { "type": "Polygon", "coordinates": [ [ [ 77.693588011575571, 12.99432267337405 ], [ 77.693588011575571, 12.998814229249005 ], [ 77.688978773204724, 12.998814229249005 ], [ 77.688978773204724, 12.99432267337405 ], [ 77.693588011575571, 12.99432267337405 ] ] ] } },
{ "type": "Feature", "properties": { "cell_id": 966, "lon": 77.695892630760994, "lat": 12.996568451311528 }, "geometry": { "type": "Polygon", "coordinates": [ [ [ 77.698197249946418, 12.99432267337405 ], [ 77.698197249946418, 12.998814229249005 ], [ 77.693588011575571, 12.998814229249005 ], [ 77.693588011575571, 12.99432267337405 ], [ 77.698197249946418, 12.99432267337405 ] ] ] } },
{ "type": "Feature", "properties": { "cell_id": 967, "lon": 77.700501869131841, "lat": 12.996568451311528 }, "geometry": { "type": "Polygon", "coordinates": [ [ [ 77.702806488317265, 12.99432267337405 ], [ 77.702806488317265, 12.998814229249005 ], [ 77.698197249946418, 12.998814229249005 ], [ 77.698197249946418, 12.99432267337405 ], [ 77.702806488317265, 12.99432267337405 ] ] ] } },
{ "type": "Feature", "properties": { "cell_id": 968, "lon": 77.502304619185423, "lat": 13.001060007186483 }, "geometry": { "type": "Polygon", "coordinates": [ [ [ 77.504609238370847, 12.998814229249005 ], [ 77.504609238370847, 13.00330578512396 ], [ 77.5, 13.00330578512396 ], [ 77.5, 12.998814229249005 ], [ 77.504609238370847, 12.998814229249005 ] ] ] } },
{ "type": "Feature", "properties": { "cell_id": 969, "lon": 77.50691385755627, "lat": 13.001060007186483 }, "geometry": { "type": "Polygon", "coordinates": [ [ [ 77.509218476741694, 12.998814229249005 ], [ 77.509218476741694, 13.00330578512396 ], [ 77.504609238370847, 13.00330578512396 ], [ 77.504609238370847, 12.998814229249005 ], [ 77.509218476741694, 12.998814229249005 ] ] ] } },
{ "type": "Feature", "properties": { "cell_id": 970, "lon": 77.511523095927117, "lat": 13.001060007186483 }, "geometry": { "type": "Polygon", "coordinates": [ [ [ 77.513827715112541, 12.998814229249005 ], [ 77.513827715112541, 13.00330578512396 ], [ 77.509218476741694, 13.00330578512396 ], [ 77.509218476741694, 12.998814229249005 ], [ 77.513827715112541, 12.998814229249005 ] ] ] } },
{ "type": "Feature", "properties": { "cell_id": 971, "lon": 77.516132334297964, "lat": 13.001060007186483 }, "geometry": { "type": "Polygon", "coordinates": [ [ [ 77.518436953483388, 12.998814229249005 ], [ 77.518436953483388, 13.00330578512396 ], [ 77.513827715112541, 13.00330578512396 ], [ 77.513827715112541, 12.998814229249005 ], [ 77.518436953483388, 12.998814229249005 ] ] ] } },
{ "type": "Feature", "properties": { "cell_id": 972, "lon": 77.520741572668811, "lat": 13.001060007186483 }, "geometry": { "type": "Polygon", "coordinates": [ [ [ 77.523046191854235, 12.998814229249005 ], [ 77.523046191854235, 13.00330578512396 ], [ 77.518436953483388, 13.00330578512396 ], [ 77.518436953483388, 12.998814229249005 ], [ 77.523046191854235, 12.998814229249005 ] ] ] } },
{ "type": "Feature", "properties": { "cell_id": 973, "lon": 77.525350811039658, "lat": 13.001060007186483 }, "geometry": { "type": "Polygon", "coordinates": [ [ [ 77.527655430225082, 12.998814229249005 ], [ 77.527655430225082, 13.00330578512396 ], [ 77.523046191854235, 13.00330578512396 ], [ 77.523046191854235, 12.998814229249005 ], [ 77.527655430225082, 12.998814229249005 ] ] ] } },
{ "type": "Feature", "properties": { "cell_id": 974, "lon": 77.529960049410505, "lat": 13.001060007186483 }, "geometry": { "type": "Polygon", "coordinates": [ [ [ 77.532264668595928, 12.998814229249005 ], [ 77.532264668595928, 13.00330578512396 ], [ 77.527655430225082, 13.00330578512396 ], [ 77.527655430225082, 12.998814229249005 ], [ 77.532264668595928, 12.998814229249005 ] ] ] } },
{ "type": "Feature", "properties": { "cell_id": 975, "lon": 77.534569287781352, "lat": 13.001060007186483 }, "geometry": { "type": "Polygon", "coordinates": [ [ [ 77.536873906966775, 12.998814229249005 ], [ 77.536873906966775, 13.00330578512396 ], [ 77.532264668595928, 13.00330578512396 ], [ 77.532264668595928, 12.998814229249005 ], [ 77.536873906966775, 12.998814229249005 ] ] ] } },
{ "type": "Feature", "properties": { "cell_id": 976, "lon": 77.539178526152199, "lat": 13.001060007186483 }, "geometry": { "type": "Polygon", "coordinates": [ [ [ 77.541483145337622, 12.998814229249005 ], [ 77.541483145337622, 13.00330578512396 ], [ 77.536873906966775, 13.00330578512396 ], [ 77.536873906966775, 12.998814229249005 ], [ 77.541483145337622, 12.998814229249005 ] ] ] } },
{ "type": "Feature", "properties": { "cell_id": 977, "lon": 77.543787764523046, "lat": 13.001060007186483 }, "geometry": { "type": "Polygon", "coordinates": [ [ [ 77.546092383708469, 12.998814229249005 ], [ 77.546092383708469, 13.00330578512396 ], [ 77.541483145337622, 13.00330578512396 ], [ 77.541483145337622, 12.998814229249005 ], [ 77.546092383708469, 12.998814229249005 ] ] ] } },
{ "type": "Feature", "properties": { "cell_id": 978, "lon": 77.548397002893893, "lat": 13.001060007186483 }, "geometry": { "type": "Polygon", "coordinates": [ [ [ 77.550701622079316, 12.998814229249005 ], [ 77.550701622079316, 13.00330578512396 ], [ 77.546092383708469, 13.00330578512396 ], [ 77.546092383708469, 12.998814229249005 ], [ 77.550701622079316, 12.998814229249005 ] ] ] } },
{ "type": "Feature", "properties": { "cell_id": 979, "lon": 77.55300624126474, "lat": 13.001060007186483 }, "geometry": { "type": "Polygon", "coordinates": [ [ [ 77.555310860450163, 12.998814229249005 ], [ 77.555310860450163, 13.00330578512396 ], [ 77.550701622079316, 13.00330578512396 ], [ 77.550701622079316, 12.998814229249005 ], [ 77.555310860450163, 12.998814229249005 ] ] ] } },
{ "type": "Feature", "properties": { "cell_id": 980, "lon": 77.557615479635587, "lat": 13.001060007186483 }, "geometry": { "type": "Polygon", "coordinates": [ [ [ 77.55992009882101, 12.998814229249005 ], [ 77.55992009882101, 13.00330578512396 ], [ 77.555310860450163, 13.00330578512396 ], [ 77.555310860450163, 12.998814229249005 ], [ 77.55992009882101, 12.998814229249005 ] ] ] } },
{ "type": "Feature", "properties": { "cell_id": 981, "lon": 77.562224718006433, "lat": 13.001060007186483 }, "geometry": { "type": "Polygon", "coordinates": [ [ [ 77.564529337191857, 12.998814229249005 ], [ 77.564529337191857, 13.00330578512396 ], [ 77.55992009882101, 13.00330578512396 ], [ 77.55992009882101, 12.998814229249005 ], [ 77.564529337191857, 12.998814229249005 ] ] ] } },
{ "type": "Feature", "properties": { "cell_id": 982, "lon": 77.56683395637728, "lat": 13.001060007186483 }, "geometry": { "type": "Polygon", "coordinates": [ [ [ 77.569138575562704, 12.998814229249005 ], [ 77.569138575562704, 13.00330578512396 ], [ 77.564529337191857, 13.00330578512396 ], [ 77.564529337191857, 12.998814229249005 ], [ 77.569138575562704, 12.998814229249005 ] ] ] } },
{ "type": "Feature", "properties": { "cell_id": 983, "lon": 77.571443194748127, "lat": 13.001060007186483 }, "geometry": { "type": "Polygon", "coordinates": [ [ [ 77.573747813933551, 12.998814229249005 ], [ 77.573747813933551, 13.00330578512396 ], [ 77.569138575562704, 13.00330578512396 ], [ 77.569138575562704, 12.998814229249005 ], [ 77.573747813933551, 12.998814229249005 ] ] ] } },
{ "type": "Feature", "properties": { "cell_id": 984, "lon": 77.576052433118974, "lat": 13.001060007186483 }, "geometry": { "type": "Polygon", "coordinates": [ [ [ 77.578357052304398, 12.998814229249005 ], [ 77.578357052304398, 13.00330578512396 ], [ 77.573747813933551, 13.00330578512396 ], [ 77.573747813933551, 12.998814229249005 ], [ 77.578357052304398, 12.998814229249005 ] ] ] } },
{ "type": "Feature", "properties": { "cell_id": 985, "lon": 77.580661671489821, "lat": 13.001060007186483 }, "geometry": { "type": "Polygon", "coordinates": [ [ [ 77.582966290675245, 12.998814229249005 ], [ 77.582966290675245, 13.00330578512396 ], [ 77.578357052304398, 13.00330578512396 ], [ 77.578357052304398, 12.998814229249005 ], [ 77.582966290675245, 12.998814229249005 ] ] ] } },
{ "type": "Feature", "properties": { "cell_id": 986, "lon": 77.585270909860668, "lat": 13.001060007186483 }, "geometry": { "type": "Polygon", "coordinates": [ [ [ 77.587575529046092, 12.998814229249005 ], [ 77.587575529046092, 13.00330578512396 ], [ 77.582966290675245, 13.00330578512396 ], [ 77.582966290675245, 12.998814229249005 ], [ 77.587575529046092, 12.998814229249005 ] ] ] } },
{ "type": "Feature", "properties": { "cell_id": 987, "lon": 77.589880148231515, "lat": 13.001060007186483 }, "geometry": { "type": "Polygon", "coordinates": [ [ [ 77.592184767416938, 12.998814229249005 ], [ 77.592184767416938, 13.00330578512396 ], [ 77.587575529046092, 13.00330578512396 ], [ 77.587575529046092, 12.998814229249005 ], [ 77.592184767416938, 12.998814229249005 ] ] ] } },
{ "type": "Feature", "properties": { "cell_id": 988, "lon": 77.594489386602362, "lat": 13.001060007186483 }, "geometry": { "type": "Polygon", "coordinates": [ [ [ 77.596794005787785, 12.998814229249005 ], [ 77.596794005787785, 13.00330578512396 ], [ 77.592184767416938, 13.00330578512396 ], [ 77.592184767416938, 12.998814229249005 ], [ 77.596794005787785, 12.998814229249005 ] ] ] } },
{ "type": "Feature", "properties": { "cell_id": 989, "lon": 77.599098624973209, "lat": 13.001060007186483 }, "geometry": { "type": "Polygon", "coordinates": [ [ [ 77.601403244158632, 12.998814229249005 ], [ 77.601403244158632, 13.00330578512396 ], [ 77.596794005787785, 13.00330578512396 ], [ 77.596794005787785, 12.998814229249005 ], [ 77.601403244158632, 12.998814229249005 ] ] ] } },
{ "type": "Feature", "properties": { "cell_id": 990, "lon": 77.603707863344056, "lat": 13.001060007186483 }, "geometry": { "type": "Polygon", "coordinates": [ [ [ 77.606012482529479, 12.998814229249005 ], [ 77.606012482529479, 13.00330578512396 ], [ 77.601403244158632, 13.00330578512396 ], [ 77.601403244158632, 12.998814229249005 ], [ 77.606012482529479, 12.998814229249005 ] ] ] } },
{ "type": "Feature", "properties": { "cell_id": 991, "lon": 77.608317101714903, "lat": 13.001060007186483 }, "geometry": { "type": "Polygon", "coordinates": [ [ [ 77.610621720900326, 12.998814229249005 ], [ 77.610621720900326, 13.00330578512396 ], [ 77.606012482529479, 13.00330578512396 ], [ 77.606012482529479, 12.998814229249005 ], [ 77.610621720900326, 12.998814229249005 ] ] ] } },
{ "type": "Feature", "properties": { "cell_id": 992, "lon": 77.61292634008575, "lat": 13.001060007186483 }, "geometry": { "type": "Polygon", "coordinates": [ [ [ 77.615230959271173, 12.998814229249005 ], [ 77.615230959271173, 13.00330578512396 ], [ 77.610621720900326, 13.00330578512396 ], [ 77.610621720900326, 12.998814229249005 ], [ 77.615230959271173, 12.998814229249005 ] ] ] } },
{ "type": "Feature", "properties": { "cell_id": 993, "lon": 77.617535578456597, "lat": 13.001060007186483 }, "geometry": { "type": "Polygon", "coordinates": [ [ [ 77.61984019764202, 12.998814229249005 ], [ 77.61984019764202, 13.00330578512396 ], [ 77.615230959271173, 13.00330578512396 ], [ 77.615230959271173, 12.998814229249005 ], [ 77.61984019764202, 12.998814229249005 ] ] ] } },
{ "type": "Feature", "properties": { "cell_id": 994, "lon": 77.622144816827443, "lat": 13.001060007186483 }, "geometry": { "type": "Polygon", "coordinates": [ [ [ 77.624449436012867, 12.998814229249005 ], [ 77.624449436012867, 13.00330578512396 ], [ 77.61984019764202, 13.00330578512396 ], [ 77.61984019764202, 12.998814229249005 ], [ 77.624449436012867, 12.998814229249005 ] ] ] } },
{ "type": "Feature", "properties": { "cell_id": 995, "lon": 77.62675405519829, "lat": 13.001060007186483 }, "geometry": { "type": "Polygon", "coordinates": [ [ [ 77.629058674383714, 12.998814229249005 ], [ 77.629058674383714, 13.00330578512396 ], [ 77.624449436012867, 13.00330578512396 ], [ 77.624449436012867, 12.998814229249005 ], [ 77.629058674383714, 12.998814229249005 ] ] ] } },
{ "type": "Feature", "properties": { "cell_id": 996, "lon": 77.631363293569137, "lat": 13.001060007186483 }, "geometry": { "type": "Polygon", "coordinates": [ [ [ 77.633667912754561, 12.998814229249005 ], [ 77.633667912754561, 13.00330578512396 ], [ 77.629058674383714, 13.00330578512396 ], [ 77.629058674383714, 12.998814229249005 ], [ 77.633667912754561, 12.998814229249005 ] ] ] } },
{ "type": "Feature", "properties": { "cell_id": 997, "lon": 77.635972531939984, "lat": 13.001060007186483 }, "geometry": { "type": "Polygon", "coordinates": [ [ [ 77.638277151125408, 12.998814229249005 ], [ 77.638277151125408, 13.00330578512396 ], [ 77.633667912754561, 13.00330578512396 ], [ 77.633667912754561, 12.998814229249005 ], [ 77.638277151125408, 12.998814229249005 ] ] ] } },
{ "type": "Feature", "properties": { "cell_id": 998, "lon": 77.640581770310831, "lat": 13.001060007186483 }, "geometry": { "type": "Polygon", "coordinates": [ [ [ 77.642886389496255, 12.998814229249005 ], [ 77.642886389496255, 13.00330578512396 ], [ 77.638277151125408, 13.00330578512396 ], [ 77.638277151125408, 12.998814229249005 ], [ 77.642886389496255, 12.998814229249005 ] ] ] } },
{ "type": "Feature", "properties": { "cell_id": 999, "lon": 77.645191008681678, "lat": 13.001060007186483 }, "geometry": { "type": "Polygon", "coordinates": [ [ [ 77.647495627867102, 12.998814229249005 ], [ 77.647495627867102, 13.00330578512396 ], [ 77.642886389496255, 13.00330578512396 ], [ 77.642886389496255, 12.998814229249005 ], [ 77.647495627867102, 12.998814229249005 ] ] ] } },
{ "type": "Feature", "properties": { "cell_id": 1000, "lon": 77.649800247052525, "lat": 13.001060007186483 }, "geometry": { "type": "Polygon", "coordinates": [ [ [ 77.652104866237948, 12.998814229249005 ], [ 77.652104866237948, 13.00330578512396 ], [ 77.647495627867102, 13.00330578512396 ], [ 77.647495627867102, 12.998814229249005 ], [ 77.652104866237948, 12.998814229249005 ] ] ] } },
{ "type": "Feature", "properties": { "cell_id": 1001, "lon": 77.654409485423372, "lat": 13.001060007186483 }, "geometry": { "type": "Polygon", "coordinates": [ [ [ 77.656714104608795, 12.998814229249005 ], [ 77.656714104608795, 13.00330578512396 ], [ 77.652104866237948, 13.00330578512396 ], [ 77.652104866237948, 12.998814229249005 ], [ 77.656714104608795, 12.998814229249005 ] ] ] } },
{ "type": "Feature", "properties": { "cell_id": 1002, "lon": 77.659018723794219, "lat": 13.001060007186483 }, "geometry": { "type": "Polygon", "coordinates": [ [ [ 77.661323342979642, 12.998814229249005 ], [ 77.661323342979642, 13.00330578512396 ], [ 77.656714104608795, 13.00330578512396 ], [ 77.656714104608795, 12.998814229249005 ], [ 77.661323342979642, 12.998814229249005 ] ] ] } },
{ "type": "Feature", "properties": { "cell_id": 1003, "lon": 77.663627962165066, "lat": 13.001060007186483 }, "geometry": { "type": "Polygon", "coordinates": [ [ [ 77.665932581350489, 12.998814229249005 ], [ 77.665932581350489, 13.00330578512396 ], [ 77.661323342979642, 13.00330578512396 ], [ 77.661323342979642, 12.998814229249005 ], [ 77.665932581350489, 12.998814229249005 ] ] ] } },
{ "type": "Feature", "properties": { "cell_id": 1004, "lon": 77.668237200535913, "lat": 13.001060007186483 }, "geometry": { "type": "Polygon", "coordinates": [ [ [ 77.670541819721336, 12.998814229249005 ], [ 77.670541819721336, 13.00330578512396 ], [ 77.665932581350489, 13.00330578512396 ], [ 77.665932581350489, 12.998814229249005 ], [ 77.670541819721336, 12.998814229249005 ] ] ] } },
{ "type": "Feature", "properties": { "cell_id": 1005, "lon": 77.67284643890676, "lat": 13.001060007186483 }, "geometry": { "type": "Polygon", "coordinates": [ [ [ 77.675151058092183, 12.998814229249005 ], [ 77.675151058092183, 13.00330578512396 ], [ 77.670541819721336, 13.00330578512396 ], [ 77.670541819721336, 12.998814229249005 ], [ 77.675151058092183, 12.998814229249005 ] ] ] } },
{ "type": "Feature", "properties": { "cell_id": 1006, "lon": 77.677455677277607, "lat": 13.001060007186483 }, "geometry": { "type": "Polygon", "coordinates": [ [ [ 77.67976029646303, 12.998814229249005 ], [ 77.67976029646303, 13.00330578512396 ], [ 77.675151058092183, 13.00330578512396 ], [ 77.675151058092183, 12.998814229249005 ], [ 77.67976029646303, 12.998814229249005 ] ] ] } },
{ "type": "Feature", "properties": { "cell_id": 1007, "lon": 77.682064915648454, "lat": 13.001060007186483 }, "geometry": { "type": "Polygon", "coordinates": [ [ [ 77.684369534833877, 12.998814229249005 ], [ 77.684369534833877, 13.00330578512396 ], [ 77.67976029646303, 13.00330578512396 ], [ 77.67976029646303, 12.998814229249005 ], [ 77.684369534833877, 12.998814229249005 ] ] ] } },
{ "type": "Feature", "properties": { "cell_id": 1008, "lon": 77.6866741540193, "lat": 13.001060007186483 }, "geometry": { "type": "Polygon", "coordinates": [ [ [ 77.688978773204724, 12.998814229249005 ], [ 77.688978773204724, 13.00330578512396 ], [ 77.684369534833877, 13.00330578512396 ], [ 77.684369534833877, 12.998814229249005 ], [ 77.688978773204724, 12.998814229249005 ] ] ] } },
{ "type": "Feature", "properties": { "cell_id": 1009, "lon": 77.691283392390147, "lat": 13.001060007186483 }, "geometry": { "type": "Polygon", "coordinates": [ [ [ 77.693588011575571, 12.998814229249005 ], [ 77.693588011575571, 13.00330578512396 ], [ 77.688978773204724, 13.00330578512396 ], [ 77.688978773204724, 12.998814229249005 ], [ 77.693588011575571, 12.998814229249005 ] ] ] } },
{ "type": "Feature", "properties": { "cell_id": 1010, "lon": 77.695892630760994, "lat": 13.001060007186483 }, "geometry": { "type": "Polygon", "coordinates": [ [ [ 77.698197249946418, 12.998814229249005 ], [ 77.698197249946418, 13.00330578512396 ], [ 77.693588011575571, 13.00330578512396 ], [ 77.693588011575571, 12.998814229249005 ], [ 77.698197249946418, 12.998814229249005 ] ] ] } },
{ "type": "Feature", "properties": { "cell_id": 1011, "lon": 77.700501869131841, "lat": 13.001060007186483 }, "geometry": { "type": "Polygon", "coordinates": [ [ [ 77.702806488317265, 12.998814229249005 ], [ 77.702806488317265, 13.00330578512396 ], [ 77.698197249946418, 13.00330578512396 ], [ 77.698197249946418, 12.998814229249005 ], [ 77.702806488317265, 12.998814229249005 ] ] ] } },
{ "type": "Feature", "properties": { "cell_id": 1012, "lon": 77.502304619185423, "lat": 13.005551563061438 }, "geometry": { "type": "Polygon", "coordinates": [ [ [ 77.504609238370847, 13.00330578512396 ], [ 77.504609238370847, 13.007797340998914 ], [ 77.5, 13.007797340998914 ], [ 77.5, 13.00330578512396 ], [ 77.504609238370847, 13.00330578512396 ] ] ] } },
{ "type": "Feature", "properties": { "cell_id": 1013, "lon": 77.50691385755627, "lat": 13.005551563061438 }, "geometry": { "type": "Polygon", "coordinates": [ [ [ 77.509218476741694, 13.00330578512396 ], [ 77.509218476741694, 13.007797340998914 ], [ 77.504609238370847, 13.007797340998914 ], [ 77.504609238370847, 13.00330578512396 ], [ 77.509218476741694, 13.00330578512396 ] ] ] } },
{ "type": "Feature", "properties": { "cell_id": 1014, "lon": 77.511523095927117, "lat": 13.005551563061438 }, "geometry": { "type": "Polygon", "coordinates": [ [ [ 77.513827715112541, 13.00330578512396 ], [ 77.513827715112541, 13.007797340998914 ], [ 77.509218476741694, 13.007797340998914 ], [ 77.509218476741694, 13.00330578512396 ], [ 77.513827715112541, 13.00330578512396 ] ] ] } },
{ "type": "Feature", "properties": { "cell_id": 1015, "lon": 77.516132334297964, "lat": 13.005551563061438 }, "geometry": { "type": "Polygon", "coordinates": [ [ [ 77.518436953483388, 13.00330578512396 ], [ 77.518436953483388, 13.007797340998914 ], [ 77.513827715112541, 13.007797340998914 ], [ 77.513827715112541, 13.00330578512396 ], [ 77.518436953483388, 13.00330578512396 ] ] ] } },
{ "type": "Feature", "properties": { "cell_id": 1016, "lon": 77.520741572668811, "lat": 13.005551563061438 }, "geometry": { "type": "Polygon", "coordinates": [ [ [ 77.523046191854235, 13.00330578512396 ], [ 77.523046191854235, 13.007797340998914 ], [ 77.518436953483388, 13.007797340998914 ], [ 77.518436953483388, 13.00330578512396 ], [ 77.523046191854235, 13.00330578512396 ] ] ] } },
{ "type": "Feature", "properties": { "cell_id": 1017, "lon": 77.525350811039658, "lat": 13.005551563061438 }, "geometry": { "type": "Polygon", "coordinates": [ [ [ 77.527655430225082, 13.00330578512396 ], [ 77.527655430225082, 13.007797340998914 ], [ 77.523046191854235, 13.007797340998914 ], [ 77.523046191854235, 13.00330578512396 ], [ 77.527655430225082, 13.00330578512396 ] ] ] } },
{ "type": "Feature", "properties": { "cell_id": 1018, "lon": 77.529960049410505, "lat": 13.005551563061438 }, "geometry": { "type": "Polygon", "coordinates": [ [ [ 77.532264668595928, 13.00330578512396 ], [ 77.532264668595928, 13.007797340998914 ], [ 77.527655430225082, 13.007797340998914 ], [ 77.527655430225082, 13.00330578512396 ], [ 77.532264668595928, 13.00330578512396 ] ] ] } },
{ "type": "Feature", "properties": { "cell_id": 1019, "lon": 77.534569287781352, "lat": 13.005551563061438 }, "geometry": { "type": "Polygon", "coordinates": [ [ [ 77.536873906966775, 13.00330578512396 ], [ 77.536873906966775, 13.007797340998914 ], [ 77.532264668595928, 13.007797340998914 ], [ 77.532264668595928, 13.00330578512396 ], [ 77.536873906966775, 13.00330578512396 ] ] ] } },
{ "type": "Feature", "properties": { "cell_id": 1020, "lon": 77.539178526152199, "lat": 13.005551563061438 }, "geometry": { "type": "Polygon", "coordinates": [ [ [ 77.541483145337622, 13.00330578512396 ], [ 77.541483145337622, 13.007797340998914 ], [ 77.536873906966775, 13.007797340998914 ], [ 77.536873906966775, 13.00330578512396 ], [ 77.541483145337622, 13.00330578512396 ] ] ] } },
{ "type": "Feature", "properties": { "cell_id": 1021, "lon": 77.543787764523046, "lat": 13.005551563061438 }, "geometry": { "type": "Polygon", "coordinates": [ [ [ 77.546092383708469, 13.00330578512396 ], [ 77.546092383708469, 13.007797340998914 ], [ 77.541483145337622, 13.007797340998914 ], [ 77.541483145337622, 13.00330578512396 ], [ 77.546092383708469, 13.00330578512396 ] ] ] } },
{ "type": "Feature", "properties": { "cell_id": 1022, "lon": 77.548397002893893, "lat": 13.005551563061438 }, "geometry": { "type": "Polygon", "coordinates": [ [ [ 77.550701622079316, 13.00330578512396 ], [ 77.550701622079316, 13.007797340998914 ], [ 77.546092383708469, 13.007797340998914 ], [ 77.546092383708469, 13.00330578512396 ], [ 77.550701622079316, 13.00330578512396 ] ] ] } },
{ "type": "Feature", "properties": { "cell_id": 1023, "lon": 77.55300624126474, "lat": 13.005551563061438 }, "geometry": { "type": "Polygon", "coordinates": [ [ [ 77.555310860450163, 13.00330578512396 ], [ 77.555310860450163, 13.007797340998914 ], [ 77.550701622079316, 13.007797340998914 ], [ 77.550701622079316, 13.00330578512396 ], [ 77.555310860450163, 13.00330578512396 ] ] ] } },
{ "type": "Feature", "properties": { "cell_id": 1024, "lon": 77.557615479635587, "lat": 13.005551563061438 }, "geometry": { "type": "Polygon", "coordinates": [ [ [ 77.55992009882101, 13.00330578512396 ], [ 77.55992009882101, 13.007797340998914 ], [ 77.555310860450163, 13.007797340998914 ], [ 77.555310860450163, 13.00330578512396 ], [ 77.55992009882101, 13.00330578512396 ] ] ] } },
{ "type": "Feature", "properties": { "cell_id": 1025, "lon": 77.562224718006433, "lat": 13.005551563061438 }, "geometry": { "type": "Polygon", "coordinates": [ [ [ 77.564529337191857, 13.00330578512396 ], [ 77.564529337191857, 13.007797340998914 ], [ 77.55992009882101, 13.007797340998914 ], [ 77.55992009882101, 13.00330578512396 ], [ 77.564529337191857, 13.00330578512396 ] ] ] } },
{ "type": "Feature", "properties": { "cell_id": 1026, "lon": 77.56683395637728, "lat": 13.005551563061438 }, "geometry": { "type": "Polygon", "coordinates": [ [ [ 77.569138575562704, 13.00330578512396 ], [ 77.569138575562704, 13.007797340998914 ], [ 77.564529337191857, 13.007797340998914 ], [ 77.564529337191857, 13.00330578512396 ], [ 77.569138575562704, 13.00330578512396 ] ] ] } },
{ "type": "Feature", "properties": { "cell_id": 1027, "lon": 77.571443194748127, "lat": 13.005551563061438 }, "geometry": { "type": "Polygon", "coordinates": [ [ [ 77.573747813933551, 13.00330578512396 ], [ 77.573747813933551, 13.007797340998914 ], [ 77.569138575562704, 13.007797340998914 ], [ 77.569138575562704, 13.00330578512396 ], [ 77.573747813933551, 13.00330578512396 ] ] ] } },
{ "type": "Feature", "properties": { "cell_id": 1028, "lon": 77.576052433118974, "lat": 13.005551563061438 }, "geometry": { "type": "Polygon", "coordinates": [ [ [ 77.578357052304398, 13.00330578512396 ], [ 77.578357052304398, 13.007797340998914 ], [ 77.573747813933551, 13.007797340998914 ], [ 77.573747813933551, 13.00330578512396 ], [ 77.578357052304398, 13.00330578512396 ] ] ] } },
{ "type": "Feature", "properties": { "cell_id": 1029, "lon": 77.580661671489821, "lat": 13.005551563061438 }, "geometry": { "type": "Polygon", "coordinates": [ [ [ 77.582966290675245, 13.00330578512396 ], [ 77.582966290675245, 13.007797340998914 ], [ 77.578357052304398, 13.007797340998914 ], [ 77.578357052304398, 13.00330578512396 ], [ 77.582966290675245, 13.00330578512396 ] ] ] } },
{ "type": "Feature", "properties": { "cell_id": 1030, "lon": 77.585270909860668, "lat": 13.005551563061438 }, "geometry": { "type": "Polygon", "coordinates": [ [ [ 77.587575529046092, 13.00330578512396 ], [ 77.587575529046092, 13.007797340998914 ], [ 77.582966290675245, 13.007797340998914 ], [ 77.582966290675245, 13.00330578512396 ], [ 77.587575529046092, 13.00330578512396 ] ] ] } },
{ "type": "Feature", "properties": { "cell_id": 1031, "lon": 77.589880148231515, "lat": 13.005551563061438 }, "geometry": { "type": "Polygon", "coordinates": [ [ [ 77.592184767416938, 13.00330578512396 ], [ 77.592184767416938, 13.007797340998914 ], [ 77.587575529046092, 13.007797340998914 ], [ 77.587575529046092, 13.00330578512396 ], [ 77.592184767416938, 13.00330578512396 ] ] ] } },
{ "type": "Feature", "properties": { "cell_id": 1032, "lon": 77.594489386602362, "lat": 13.005551563061438 }, "geometry": { "type": "Polygon", "coordinates": [ [ [ 77.596794005787785, 13.00330578512396 ], [ 77.596794005787785, 13.007797340998914 ], [ 77.592184767416938, 13.007797340998914 ], [ 77.592184767416938, 13.00330578512396 ], [ 77.596794005787785, 13.00330578512396 ] ] ] } },
{ "type": "Feature", "properties": { "cell_id": 1033, "lon": 77.599098624973209, "lat": 13.005551563061438 }, "geometry": { "type": "Polygon", "coordinates": [ [ [ 77.601403244158632, 13.00330578512396 ], [ 77.601403244158632, 13.007797340998914 ], [ 77.596794005787785, 13.007797340998914 ], [ 77.596794005787785, 13.00330578512396 ], [ 77.601403244158632, 13.00330578512396 ] ] ] } },
{ "type": "Feature", "properties": { "cell_id": 1034, "lon": 77.603707863344056, "lat": 13.005551563061438 }, "geometry": { "type": "Polygon", "coordinates": [ [ [ 77.606012482529479, 13.00330578512396 ], [ 77.606012482529479, 13.007797340998914 ], [ 77.601403244158632, 13.007797340998914 ], [ 77.601403244158632, 13.00330578512396 ], [ 77.606012482529479, 13.00330578512396 ] ] ] } },
{ "type": "Feature", "properties": { "cell_id": 1035, "lon": 77.608317101714903, "lat": 13.005551563061438 }, "geometry": { "type": "Polygon", "coordinates": [ [ [ 77.610621720900326, 13.00330578512396 ], [ 77.610621720900326, 13.007797340998914 ], [ 77.606012482529479, 13.007797340998914 ], [ 77.606012482529479, 13.00330578512396 ], [ 77.610621720900326, 13.00330578512396 ] ] ] } },
{ "type": "Feature", "properties": { "cell_id": 1036, "lon": 77.61292634008575, "lat": 13.005551563061438 }, "geometry": { "type": "Polygon", "coordinates": [ [ [ 77.615230959271173, 13.00330578512396 ], [ 77.615230959271173, 13.007797340998914 ], [ 77.610621720900326, 13.007797340998914 ], [ 77.610621720900326, 13.00330578512396 ], [ 77.615230959271173, 13.00330578512396 ] ] ] } },
{ "type": "Feature", "properties": { "cell_id": 1037, "lon": 77.617535578456597, "lat": 13.005551563061438 }, "geometry": { "type": "Polygon", "coordinates": [ [ [ 77.61984019764202, 13.00330578512396 ], [ 77.61984019764202, 13.007797340998914 ], [ 77.615230959271173, 13.007797340998914 ], [ 77.615230959271173, 13.00330578512396 ], [ 77.61984019764202, 13.00330578512396 ] ] ] } },
{ "type": "Feature", "properties": { "cell_id": 1038, "lon": 77.622144816827443, "lat": 13.005551563061438 }, "geometry": { "type": "Polygon", "coordinates": [ [ [ 77.624449436012867, 13.00330578512396 ], [ 77.624449436012867, 13.007797340998914 ], [ 77.61984019764202, 13.007797340998914 ], [ 77.61984019764202, 13.00330578512396 ], [ 77.624449436012867, 13.00330578512396 ] ] ] } },
{ "type": "Feature", "properties": { "cell_id": 1039, "lon": 77.62675405519829, "lat": 13.005551563061438 }, "geometry": { "type": "Polygon", "coordinates": [ [ [ 77.629058674383714, 13.00330578512396 ], [ 77.629058674383714, 13.007797340998914 ], [ 77.624449436012867, 13.007797340998914 ], [ 77.624449436012867, 13.00330578512396 ], [ 77.629058674383714, 13.00330578512396 ] ] ] } },
{ "type": "Feature", "properties": { "cell_id": 1040, "lon": 77.631363293569137, "lat": 13.005551563061438 }, "geometry": { "type": "Polygon", "coordinates": [ [ [ 77.633667912754561, 13.00330578512396 ], [ 77.633667912754561, 13.007797340998914 ], [ 77.629058674383714, 13.007797340998914 ], [ 77.629058674383714, 13.00330578512396 ], [ 77.633667912754561, 13.00330578512396 ] ] ] } },
{ "type": "Feature", "properties": { "cell_id": 1041, "lon": 77.635972531939984, "lat": 13.005551563061438 }, "geometry": { "type": "Polygon", "coordinates": [ [ [ 77.638277151125408, 13.00330578512396 ], [ 77.638277151125408, 13.007797340998914 ], [ 77.633667912754561, 13.007797340998914 ], [ 77.633667912754561, 13.00330578512396 ], [ 77.638277151125408, 13.00330578512396 ] ] ] } },
{ "type": "Feature", "properties": { "cell_id": 1042, "lon": 77.640581770310831, "lat": 13.005551563061438 }, "geometry": { "type": "Polygon", "coordinates": [ [ [ 77.642886389496255, 13.00330578512396 ], [ 77.642886389496255, 13.007797340998914 ], [ 77.638277151125408, 13.007797340998914 ], [ 77.638277151125408, 13.00330578512396 ], [ 77.642886389496255, 13.00330578512396 ] ] ] } },
{ "type": "Feature", "properties": { "cell_id": 1043, "lon": 77.645191008681678, "lat": 13.005551563061438 }, "geometry": { "type": "Polygon", "coordinates": [ [ [ 77.647495627867102, 13.00330578512396 ], [ 77.647495627867102, 13.007797340998914 ], [ 77.642886389496255, 13.007797340998914 ], [ 77.642886389496255, 13.00330578512396 ], [ 77.647495627867102, 13.00330578512396 ] ] ] } },
{ "type": "Feature", "properties": { "cell_id": 1044, "lon": 77.649800247052525, "lat": 13.005551563061438 }, "geometry": { "type": "Polygon", "coordinates": [ [ [ 77.652104866237948, 13.00330578512396 ], [ 77.652104866237948, 13.007797340998914 ], [ 77.647495627867102, 13.007797340998914 ], [ 77.647495627867102, 13.00330578512396 ], [ 77.652104866237948, 13.00330578512396 ] ] ] } },
{ "type": "Feature", "properties": { "cell_id": 1045, "lon": 77.654409485423372, "lat": 13.005551563061438 }, "geometry": { "type": "Polygon", "coordinates": [ [ [ 77.656714104608795, 13.00330578512396 ], [ 77.656714104608795, 13.007797340998914 ], [ 77.652104866237948, 13.007797340998914 ], [ 77.652104866237948, 13.00330578512396 ], [ 77.656714104608795, 13.00330578512396 ] ] ] } },
{ "type": "Feature", "properties": { "cell_id": 1046, "lon": 77.659018723794219, "lat": 13.005551563061438 }, "geometry": { "type": "Polygon", "coordinates": [ [ [ 77.661323342979642, 13.00330578512396 ], [ 77.661323342979642, 13.007797340998914 ], [ 77.656714104608795, 13.007797340998914 ], [ 77.656714104608795, 13.00330578512396 ], [ 77.661323342979642, 13.00330578512396 ] ] ] } },
{ "type": "Feature", "properties": { "cell_id": 1047, "lon": 77.663627962165066, "lat": 13.005551563061438 }, "geometry": { "type": "Polygon", "coordinates": [ [ [ 77.665932581350489, 13.00330578512396 ], [ 77.665932581350489, 13.007797340998914 ], [ 77.661323342979642, 13.007797340998914 ], [ 77.661323342979642, 13.00330578512396 ], [ 77.665932581350489, 13.00330578512396 ] ] ] } },
{ "type": "Feature", "properties": { "cell_id": 1048, "lon": 77.668237200535913, "lat": 13.005551563061438 }, "geometry": { "type": "Polygon", "coordinates": [ [ [ 77.670541819721336, 13.00330578512396 ], [ 77.670541819721336, 13.007797340998914 ], [ 77.665932581350489, 13.007797340998914 ], [ 77.665932581350489, 13.00330578512396 ], [ 77.670541819721336, 13.00330578512396 ] ] ] } },
{ "type": "Feature", "properties": { "cell_id": 1049, "lon": 77.67284643890676, "lat": 13.005551563061438 }, "geometry": { "type": "Polygon", "coordinates": [ [ [ 77.675151058092183, 13.00330578512396 ], [ 77.675151058092183, 13.007797340998914 ], [ 77.670541819721336, 13.007797340998914 ], [ 77.670541819721336, 13.00330578512396 ], [ 77.675151058092183, 13.00330578512396 ] ] ] } },
{ "type": "Feature", "properties": { "cell_id": 1050, "lon": 77.677455677277607, "lat": 13.005551563061438 }, "geometry": { "type": "Polygon", "coordinates": [ [ [ 77.67976029646303, 13.00330578512396 ], [ 77.67976029646303, 13.007797340998914 ], [ 77.675151058092183, 13.007797340998914 ], [ 77.675151058092183, 13.00330578512396 ], [ 77.67976029646303, 13.00330578512396 ] ] ] } },
{ "type": "Feature", "properties": { "cell_id": 1051, "lon": 77.682064915648454, "lat": 13.005551563061438 }, "geometry": { "type": "Polygon", "coordinates": [ [ [ 77.684369534833877, 13.00330578512396 ], [ 77.684369534833877, 13.007797340998914 ], [ 77.67976029646303, 13.007797340998914 ], [ 77.67976029646303, 13.00330578512396 ], [ 77.684369534833877, 13.00330578512396 ] ] ] } },
{ "type": "Feature", "properties": { "cell_id": 1052, "lon": 77.6866741540193, "lat": 13.005551563061438 }, "geometry": { "type": "Polygon", "coordinates": [ [ [ 77.688978773204724, 13.00330578512396 ], [ 77.688978773204724, 13.007797340998914 ], [ 77.684369534833877, 13.007797340998914 ], [ 77.684369534833877, 13.00330578512396 ], [ 77.688978773204724, 13.00330578512396 ] ] ] } },
{ "type": "Feature", "properties": { "cell_id": 1053, "lon": 77.691283392390147, "lat": 13.005551563061438 }, "geometry": { "type": "Polygon", "coordinates": [ [ [ 77.693588011575571, 13.00330578512396 ], [ 77.693588011575571, 13.007797340998914 ], [ 77.688978773204724, 13.007797340998914 ], [ 77.688978773204724, 13.00330578512396 ], [ 77.693588011575571, 13.00330578512396 ] ] ] } },
{ "type": "Feature", "properties": { "cell_id": 1054, "lon": 77.695892630760994, "lat": 13.005551563061438 }, "geometry": { "type": "Polygon", "coordinates": [ [ [ 77.698197249946418, 13.00330578512396 ], [ 77.698197249946418, 13.007797340998914 ], [ 77.693588011575571, 13.007797340998914 ], [ 77.693588011575571, 13.00330578512396 ], [ 77.698197249946418, 13.00330578512396 ] ] ] } },
{ "type": "Feature", "properties": { "cell_id": 1055, "lon": 77.700501869131841, "lat": 13.005551563061438 }, "geometry": { "type": "Polygon", "coordinates": [ [ [ 77.702806488317265, 13.00330578512396 ], [ 77.702806488317265, 13.007797340998914 ], [ 77.698197249946418, 13.007797340998914 ], [ 77.698197249946418, 13.00330578512396 ], [ 77.702806488317265, 13.00330578512396 ] ] ] } },
{ "type": "Feature", "properties": { "cell_id": 1056, "lon": 77.502304619185423, "lat": 13.010043118936393 }, "geometry": { "type": "Polygon", "coordinates": [ [ [ 77.504609238370847, 13.007797340998914 ], [ 77.504609238370847, 13.012288896873869 ], [ 77.5, 13.012288896873869 ], [ 77.5, 13.007797340998914 ], [ 77.504609238370847, 13.007797340998914 ] ] ] } },
{ "type": "Feature", "properties": { "cell_id": 1057, "lon": 77.50691385755627, "lat": 13.010043118936393 }, "geometry": { "type": "Polygon", "coordinates": [ [ [ 77.509218476741694, 13.007797340998914 ], [ 77.509218476741694, 13.012288896873869 ], [ 77.504609238370847, 13.012288896873869 ], [ 77.504609238370847, 13.007797340998914 ], [ 77.509218476741694, 13.007797340998914 ] ] ] } },
{ "type": "Feature", "properties": { "cell_id": 1058, "lon": 77.511523095927117, "lat": 13.010043118936393 }, "geometry": { "type": "Polygon", "coordinates": [ [ [ 77.513827715112541, 13.007797340998914 ], [ 77.513827715112541, 13.012288896873869 ], [ 77.509218476741694, 13.012288896873869 ], [ 77.509218476741694, 13.007797340998914 ], [ 77.513827715112541, 13.007797340998914 ] ] ] } },
{ "type": "Feature", "properties": { "cell_id": 1059, "lon": 77.516132334297964, "lat": 13.010043118936393 }, "geometry": { "type": "Polygon", "coordinates": [ [ [ 77.518436953483388, 13.007797340998914 ], [ 77.518436953483388, 13.012288896873869 ], [ 77.513827715112541, 13.012288896873869 ], [ 77.513827715112541, 13.007797340998914 ], [ 77.518436953483388, 13.007797340998914 ] ] ] } },
{ "type": "Feature", "properties": { "cell_id": 1060, "lon": 77.520741572668811, "lat": 13.010043118936393 }, "geometry": { "type": "Polygon", "coordinates": [ [ [ 77.523046191854235, 13.007797340998914 ], [ 77.523046191854235, 13.012288896873869 ], [ 77.518436953483388, 13.012288896873869 ], [ 77.518436953483388, 13.007797340998914 ], [ 77.523046191854235, 13.007797340998914 ] ] ] } },
{ "type": "Feature", "properties": { "cell_id": 1061, "lon": 77.525350811039658, "lat": 13.010043118936393 }, "geometry": { "type": "Polygon", "coordinates": [ [ [ 77.527655430225082, 13.007797340998914 ], [ 77.527655430225082, 13.012288896873869 ], [ 77.523046191854235, 13.012288896873869 ], [ 77.523046191854235, 13.007797340998914 ], [ 77.527655430225082, 13.007797340998914 ] ] ] } },
{ "type": "Feature", "properties": { "cell_id": 1062, "lon": 77.529960049410505, "lat": 13.010043118936393 }, "geometry": { "type": "Polygon", "coordinates": [ [ [ 77.532264668595928, 13.007797340998914 ], [ 77.532264668595928, 13.012288896873869 ], [ 77.527655430225082, 13.012288896873869 ], [ 77.527655430225082, 13.007797340998914 ], [ 77.532264668595928, 13.007797340998914 ] ] ] } },
{ "type": "Feature", "properties": { "cell_id": 1063, "lon": 77.534569287781352, "lat": 13.010043118936393 }, "geometry": { "type": "Polygon", "coordinates": [ [ [ 77.536873906966775, 13.007797340998914 ], [ 77.536873906966775, 13.012288896873869 ], [ 77.532264668595928, 13.012288896873869 ], [ 77.532264668595928, 13.007797340998914 ], [ 77.536873906966775, 13.007797340998914 ] ] ] } },
{ "type": "Feature", "properties": { "cell_id": 1064, "lon": 77.539178526152199, "lat": 13.010043118936393 }, "geometry": { "type": "Polygon", "coordinates": [ [ [ 77.541483145337622, 13.007797340998914 ], [ 77.541483145337622, 13.012288896873869 ], [ 77.536873906966775, 13.012288896873869 ], [ 77.536873906966775, 13.007797340998914 ], [ 77.541483145337622, 13.007797340998914 ] ] ] } },
{ "type": "Feature", "properties": { "cell_id": 1065, "lon": 77.543787764523046, "lat": 13.010043118936393 }, "geometry": { "type": "Polygon", "coordinates": [ [ [ 77.546092383708469, 13.007797340998914 ], [ 77.546092383708469, 13.012288896873869 ], [ 77.541483145337622, 13.012288896873869 ], [ 77.541483145337622, 13.007797340998914 ], [ 77.546092383708469, 13.007797340998914 ] ] ] } },
{ "type": "Feature", "properties": { "cell_id": 1066, "lon": 77.548397002893893, "lat": 13.010043118936393 }, "geometry": { "type": "Polygon", "coordinates": [ [ [ 77.550701622079316, 13.007797340998914 ], [ 77.550701622079316, 13.012288896873869 ], [ 77.546092383708469, 13.012288896873869 ], [ 77.546092383708469, 13.007797340998914 ], [ 77.550701622079316, 13.007797340998914 ] ] ] } },
{ "type": "Feature", "properties": { "cell_id": 1067, "lon": 77.55300624126474, "lat": 13.010043118936393 }, "geometry": { "type": "Polygon", "coordinates": [ [ [ 77.555310860450163, 13.007797340998914 ], [ 77.555310860450163, 13.012288896873869 ], [ 77.550701622079316, 13.012288896873869 ], [ 77.550701622079316, 13.007797340998914 ], [ 77.555310860450163, 13.007797340998914 ] ] ] } },
{ "type": "Feature", "properties": { "cell_id": 1068, "lon": 77.557615479635587, "lat": 13.010043118936393 }, "geometry": { "type": "Polygon", "coordinates": [ [ [ 77.55992009882101, 13.007797340998914 ], [ 77.55992009882101, 13.012288896873869 ], [ 77.555310860450163, 13.012288896873869 ], [ 77.555310860450163, 13.007797340998914 ], [ 77.55992009882101, 13.007797340998914 ] ] ] } },
{ "type": "Feature", "properties": { "cell_id": 1069, "lon": 77.562224718006433, "lat": 13.010043118936393 }, "geometry": { "type": "Polygon", "coordinates": [ [ [ 77.564529337191857, 13.007797340998914 ], [ 77.564529337191857, 13.012288896873869 ], [ 77.55992009882101, 13.012288896873869 ], [ 77.55992009882101, 13.007797340998914 ], [ 77.564529337191857, 13.007797340998914 ] ] ] } },
{ "type": "Feature", "properties": { "cell_id": 1070, "lon": 77.56683395637728, "lat": 13.010043118936393 }, "geometry": { "type": "Polygon", "coordinates": [ [ [ 77.569138575562704, 13.007797340998914 ], [ 77.569138575562704, 13.012288896873869 ], [ 77.564529337191857, 13.012288896873869 ], [ 77.564529337191857, 13.007797340998914 ], [ 77.569138575562704, 13.007797340998914 ] ] ] } },
{ "type": "Feature", "properties": { "cell_id": 1071, "lon": 77.571443194748127, "lat": 13.010043118936393 }, "geometry": { "type": "Polygon", "coordinates": [ [ [ 77.573747813933551, 13.007797340998914 ], [ 77.573747813933551, 13.012288896873869 ], [ 77.569138575562704, 13.012288896873869 ], [ 77.569138575562704, 13.007797340998914 ], [ 77.573747813933551, 13.007797340998914 ] ] ] } },
{ "type": "Feature", "properties": { "cell_id": 1072, "lon": 77.576052433118974, "lat": 13.010043118936393 }, "geometry": { "type": "Polygon", "coordinates": [ [ [ 77.578357052304398, 13.007797340998914 ], [ 77.578357052304398, 13.012288896873869 ], [ 77.573747813933551, 13.012288896873869 ], [ 77.573747813933551, 13.007797340998914 ], [ 77.578357052304398, 13.007797340998914 ] ] ] } },
{ "type": "Feature", "properties": { "cell_id": 1073, "lon": 77.580661671489821, "lat": 13.010043118936393 }, "geometry": { "type": "Polygon", "coordinates": [ [ [ 77.582966290675245, 13.007797340998914 ], [ 77.582966290675245, 13.012288896873869 ], [ 77.578357052304398, 13.012288896873869 ], [ 77.578357052304398, 13.007797340998914 ], [ 77.582966290675245, 13.007797340998914 ] ] ] } },
{ "type": "Feature", "properties": { "cell_id": 1074, "lon": 77.585270909860668, "lat": 13.010043118936393 }, "geometry": { "type": "Polygon", "coordinates": [ [ [ 77.587575529046092, 13.007797340998914 ], [ 77.587575529046092, 13.012288896873869 ], [ 77.582966290675245, 13.012288896873869 ], [ 77.582966290675245, 13.007797340998914 ], [ 77.587575529046092, 13.007797340998914 ] ] ] } },
{ "type": "Feature", "properties": { "cell_id": 1075, "lon": 77.589880148231515, "lat": 13.010043118936393 }, "geometry": { "type": "Polygon", "coordinates": [ [ [ 77.592184767416938, 13.007797340998914 ], [ 77.592184767416938, 13.012288896873869 ], [ 77.587575529046092, 13.012288896873869 ], [ 77.587575529046092, 13.007797340998914 ], [ 77.592184767416938, 13.007797340998914 ] ] ] } },
{ "type": "Feature", "properties": { "cell_id": 1076, "lon": 77.594489386602362, "lat": 13.010043118936393 }, "geometry": { "type": "Polygon", "coordinates": [ [ [ 77.596794005787785, 13.007797340998914 ], [ 77.596794005787785, 13.012288896873869 ], [ 77.592184767416938, 13.012288896873869 ], [ 77.592184767416938, 13.007797340998914 ], [ 77.596794005787785, 13.007797340998914 ] ] ] } },
{ "type": "Feature", "properties": { "cell_id": 1077, "lon": 77.599098624973209, "lat": 13.010043118936393 }, "geometry": { "type": "Polygon", "coordinates": [ [ [ 77.601403244158632, 13.007797340998914 ], [ 77.601403244158632, 13.012288896873869 ], [ 77.596794005787785, 13.012288896873869 ], [ 77.596794005787785, 13.007797340998914 ], [ 77.601403244158632, 13.007797340998914 ] ] ] } },
{ "type": "Feature", "properties": { "cell_id": 1078, "lon": 77.603707863344056, "lat": 13.010043118936393 }, "geometry": { "type": "Polygon", "coordinates": [ [ [ 77.606012482529479, 13.007797340998914 ], [ 77.606012482529479, 13.012288896873869 ], [ 77.601403244158632, 13.012288896873869 ], [ 77.601403244158632, 13.007797340998914 ], [ 77.606012482529479, 13.007797340998914 ] ] ] } },
{ "type": "Feature", "properties": { "cell_id": 1079, "lon": 77.608317101714903, "lat": 13.010043118936393 }, "geometry": { "type": "Polygon", "coordinates": [ [ [ 77.610621720900326, 13.007797340998914 ], [ 77.610621720900326, 13.012288896873869 ], [ 77.606012482529479, 13.012288896873869 ], [ 77.606012482529479, 13.007797340998914 ], [ 77.610621720900326, 13.007797340998914 ] ] ] } },
{ "type": "Feature", "properties": { "cell_id": 1080, "lon": 77.61292634008575, "lat": 13.010043118936393 }, "geometry": { "type": "Polygon", "coordinates": [ [ [ 77.615230959271173, 13.007797340998914 ], [ 77.615230959271173, 13.012288896873869 ], [ 77.610621720900326, 13.012288896873869 ], [ 77.610621720900326, 13.007797340998914 ], [ 77.615230959271173, 13.007797340998914 ] ] ] } },
{ "type": "Feature", "properties": { "cell_id": 1081, "lon": 77.617535578456597, "lat": 13.010043118936393 }, "geometry": { "type": "Polygon", "coordinates": [ [ [ 77.61984019764202, 13.007797340998914 ], [ 77.61984019764202, 13.012288896873869 ], [ 77.615230959271173, 13.012288896873869 ], [ 77.615230959271173, 13.007797340998914 ], [ 77.61984019764202, 13.007797340998914 ] ] ] } },
{ "type": "Feature", "properties": { "cell_id": 1082, "lon": 77.622144816827443, "lat": 13.010043118936393 }, "geometry": { "type": "Polygon", "coordinates": [ [ [ 77.624449436012867, 13.007797340998914 ], [ 77.624449436012867, 13.012288896873869 ], [ 77.61984019764202, 13.012288896873869 ], [ 77.61984019764202, 13.007797340998914 ], [ 77.624449436012867, 13.007797340998914 ] ] ] } },
{ "type": "Feature", "properties": { "cell_id": 1083, "lon": 77.62675405519829, "lat": 13.010043118936393 }, "geometry": { "type": "Polygon", "coordinates": [ [ [ 77.629058674383714, 13.007797340998914 ], [ 77.629058674383714, 13.012288896873869 ], [ 77.624449436012867, 13.012288896873869 ], [ 77.624449436012867, 13.007797340998914 ], [ 77.629058674383714, 13.007797340998914 ] ] ] } },
{ "type": "Feature", "properties": { "cell_id": 1084, "lon": 77.631363293569137, "lat": 13.010043118936393 }, "geometry": { "type": "Polygon", "coordinates": [ [ [ 77.633667912754561, 13.007797340998914 ], [ 77.633667912754561, 13.012288896873869 ], [ 77.629058674383714, 13.012288896873869 ], [ 77.629058674383714, 13.007797340998914 ], [ 77.633667912754561, 13.007797340998914 ] ] ] } },
{ "type": "Feature", "properties": { "cell_id": 1085, "lon": 77.635972531939984, "lat": 13.010043118936393 }, "geometry": { "type": "Polygon", "coordinates": [ [ [ 77.638277151125408, 13.007797340998914 ], [ 77.638277151125408, 13.012288896873869 ], [ 77.633667912754561, 13.012288896873869 ], [ 77.633667912754561, 13.007797340998914 ], [ 77.638277151125408, 13.007797340998914 ] ] ] } },
{ "type": "Feature", "properties": { "cell_id": 1086, "lon": 77.640581770310831, "lat": 13.010043118936393 }, "geometry": { "type": "Polygon", "coordinates": [ [ [ 77.642886389496255, 13.007797340998914 ], [ 77.642886389496255, 13.012288896873869 ], [ 77.638277151125408, 13.012288896873869 ], [ 77.638277151125408, 13.007797340998914 ], [ 77.642886389496255, 13.007797340998914 ] ] ] } },
{ "type": "Feature", "properties": { "cell_id": 1087, "lon": 77.645191008681678, "lat": 13.010043118936393 }, "geometry": { "type": "Polygon", "coordinates": [ [ [ 77.647495627867102, 13.007797340998914 ], [ 77.647495627867102, 13.012288896873869 ], [ 77.642886389496255, 13.012288896873869 ], [ 77.642886389496255, 13.007797340998914 ], [ 77.647495627867102, 13.007797340998914 ] ] ] } },
{ "type": "Feature", "properties": { "cell_id": 1088, "lon": 77.649800247052525, "lat": 13.010043118936393 }, "geometry": { "type": "Polygon", "coordinates": [ [ [ 77.652104866237948, 13.007797340998914 ], [ 77.652104866237948, 13.012288896873869 ], [ 77.647495627867102, 13.012288896873869 ], [ 77.647495627867102, 13.007797340998914 ], [ 77.652104866237948, 13.007797340998914 ] ] ] } },
{ "type": "Feature", "properties": { "cell_id": 1089, "lon": 77.654409485423372, "lat": 13.010043118936393 }, "geometry": { "type": "Polygon", "coordinates": [ [ [ 77.656714104608795, 13.007797340998914 ], [ 77.656714104608795, 13.012288896873869 ], [ 77.652104866237948, 13.012288896873869 ], [ 77.652104866237948, 13.007797340998914 ], [ 77.656714104608795, 13.007797340998914 ] ] ] } },
{ "type": "Feature", "properties": { "cell_id": 1090, "lon": 77.659018723794219, "lat": 13.010043118936393 }, "geometry": { "type": "Polygon", "coordinates": [ [ [ 77.661323342979642, 13.007797340998914 ], [ 77.661323342979642, 13.012288896873869 ], [ 77.656714104608795, 13.012288896873869 ], [ 77.656714104608795, 13.007797340998914 ], [ 77.661323342979642, 13.007797340998914 ] ] ] } },
{ "type": "Feature", "properties": { "cell_id": 1091, "lon": 77.663627962165066, "lat": 13.010043118936393 }, "geometry": { "type": "Polygon", "coordinates": [ [ [ 77.665932581350489, 13.007797340998914 ], [ 77.665932581350489, 13.012288896873869 ], [ 77.661323342979642, 13.012288896873869 ], [ 77.661323342979642, 13.007797340998914 ], [ 77.665932581350489, 13.007797340998914 ] ] ] } },
{ "type": "Feature", "properties": { "cell_id": 1092, "lon": 77.668237200535913, "lat": 13.010043118936393 }, "geometry": { "type": "Polygon", "coordinates": [ [ [ 77.670541819721336, 13.007797340998914 ], [ 77.670541819721336, 13.012288896873869 ], [ 77.665932581350489, 13.012288896873869 ], [ 77.665932581350489, 13.007797340998914 ], [ 77.670541819721336, 13.007797340998914 ] ] ] } },
{ "type": "Feature", "properties": { "cell_id": 1093, "lon": 77.67284643890676, "lat": 13.010043118936393 }, "geometry": { "type": "Polygon", "coordinates": [ [ [ 77.675151058092183, 13.007797340998914 ], [ 77.675151058092183, 13.012288896873869 ], [ 77.670541819721336, 13.012288896873869 ], [ 77.670541819721336, 13.007797340998914 ], [ 77.675151058092183, 13.007797340998914 ] ] ] } },
{ "type": "Feature", "properties": { "cell_id": 1094, "lon": 77.677455677277607, "lat": 13.010043118936393 }, "geometry": { "type": "Polygon", "coordinates": [ [ [ 77.67976029646303, 13.007797340998914 ], [ 77.67976029646303, 13.012288896873869 ], [ 77.675151058092183, 13.012288896873869 ], [ 77.675151058092183, 13.007797340998914 ], [ 77.67976029646303, 13.007797340998914 ] ] ] } },
{ "type": "Feature", "properties": { "cell_id": 1095, "lon": 77.682064915648454, "lat": 13.010043118936393 }, "geometry": { "type": "Polygon", "coordinates": [ [ [ 77.684369534833877, 13.007797340998914 ], [ 77.684369534833877, 13.012288896873869 ], [ 77.67976029646303, 13.012288896873869 ], [ 77.67976029646303, 13.007797340998914 ], [ 77.684369534833877, 13.007797340998914 ] ] ] } },
{ "type": "Feature", "properties": { "cell_id": 1096, "lon": 77.6866741540193, "lat": 13.010043118936393 }, "geometry": { "type": "Polygon", "coordinates": [ [ [ 77.688978773204724, 13.007797340998914 ], [ 77.688978773204724, 13.012288896873869 ], [ 77.684369534833877, 13.012288896873869 ], [ 77.684369534833877, 13.007797340998914 ], [ 77.688978773204724, 13.007797340998914 ] ] ] } },
{ "type": "Feature", "properties": { "cell_id": 1097, "lon": 77.691283392390147, "lat": 13.010043118936393 }, "geometry": { "type": "Polygon", "coordinates": [ [ [ 77.693588011575571, 13.007797340998914 ], [ 77.693588011575571, 13.012288896873869 ], [ 77.688978773204724, 13.012288896873869 ], [ 77.688978773204724, 13.007797340998914 ], [ 77.693588011575571, 13.007797340998914 ] ] ] } },
{ "type": "Feature", "properties": { "cell_id": 1098, "lon": 77.695892630760994, "lat": 13.010043118936393 }, "geometry": { "type": "Polygon", "coordinates": [ [ [ 77.698197249946418, 13.007797340998914 ], [ 77.698197249946418, 13.012288896873869 ], [ 77.693588011575571, 13.012288896873869 ], [ 77.693588011575571, 13.007797340998914 ], [ 77.698197249946418, 13.007797340998914 ] ] ] } },
{ "type": "Feature", "properties": { "cell_id": 1099, "lon": 77.700501869131841, "lat": 13.010043118936393 }, "geometry": { "type": "Polygon", "coordinates": [ [ [ 77.702806488317265, 13.007797340998914 ], [ 77.702806488317265, 13.012288896873869 ], [ 77.698197249946418, 13.012288896873869 ], [ 77.698197249946418, 13.007797340998914 ], [ 77.702806488317265, 13.007797340998914 ] ] ] } },
{ "type": "Feature", "properties": { "cell_id": 1100, "lon": 77.502304619185423, "lat": 13.014534674811348 }, "geometry": { "type": "Polygon", "coordinates": [ [ [ 77.504609238370847, 13.012288896873869 ], [ 77.504609238370847, 13.016780452748824 ], [ 77.5, 13.016780452748824 ], [ 77.5, 13.012288896873869 ], [ 77.504609238370847, 13.012288896873869 ] ] ] } },
{ "type": "Feature", "properties": { "cell_id": 1101, "lon": 77.50691385755627, "lat": 13.014534674811348 }, "geometry": { "type": "Polygon", "coordinates": [ [ [ 77.509218476741694, 13.012288896873869 ], [ 77.509218476741694, 13.016780452748824 ], [ 77.504609238370847, 13.016780452748824 ], [ 77.504609238370847, 13.012288896873869 ], [ 77.509218476741694, 13.012288896873869 ] ] ] } },
{ "type": "Feature", "properties": { "cell_id": 1102, "lon": 77.511523095927117, "lat": 13.014534674811348 }, "geometry": { "type": "Polygon", "coordinates": [ [ [ 77.513827715112541, 13.012288896873869 ], [ 77.513827715112541, 13.016780452748824 ], [ 77.509218476741694, 13.016780452748824 ], [ 77.509218476741694, 13.012288896873869 ], [ 77.513827715112541, 13.012288896873869 ] ] ] } },
{ "type": "Feature", "properties": { "cell_id": 1103, "lon": 77.516132334297964, "lat": 13.014534674811348 }, "geometry": { "type": "Polygon", "coordinates": [ [ [ 77.518436953483388, 13.012288896873869 ], [ 77.518436953483388, 13.016780452748824 ], [ 77.513827715112541, 13.016780452748824 ], [ 77.513827715112541, 13.012288896873869 ], [ 77.518436953483388, 13.012288896873869 ] ] ] } },
{ "type": "Feature", "properties": { "cell_id": 1104, "lon": 77.520741572668811, "lat": 13.014534674811348 }, "geometry": { "type": "Polygon", "coordinates": [ [ [ 77.523046191854235, 13.012288896873869 ], [ 77.523046191854235, 13.016780452748824 ], [ 77.518436953483388, 13.016780452748824 ], [ 77.518436953483388, 13.012288896873869 ], [ 77.523046191854235, 13.012288896873869 ] ] ] } },
{ "type": "Feature", "properties": { "cell_id": 1105, "lon": 77.525350811039658, "lat": 13.014534674811348 }, "geometry": { "type": "Polygon", "coordinates": [ [ [ 77.527655430225082, 13.012288896873869 ], [ 77.527655430225082, 13.016780452748824 ], [ 77.523046191854235, 13.016780452748824 ], [ 77.523046191854235, 13.012288896873869 ], [ 77.527655430225082, 13.012288896873869 ] ] ] } },
{ "type": "Feature", "properties": { "cell_id": 1106, "lon": 77.529960049410505, "lat": 13.014534674811348 }, "geometry": { "type": "Polygon", "coordinates": [ [ [ 77.532264668595928, 13.012288896873869 ], [ 77.532264668595928, 13.016780452748824 ], [ 77.527655430225082, 13.016780452748824 ], [ 77.527655430225082, 13.012288896873869 ], [ 77.532264668595928, 13.012288896873869 ] ] ] } },
{ "type": "Feature", "properties": { "cell_id": 1107, "lon": 77.534569287781352, "lat": 13.014534674811348 }, "geometry": { "type": "Polygon", "coordinates": [ [ [ 77.536873906966775, 13.012288896873869 ], [ 77.536873906966775, 13.016780452748824 ], [ 77.532264668595928, 13.016780452748824 ], [ 77.532264668595928, 13.012288896873869 ], [ 77.536873906966775, 13.012288896873869 ] ] ] } },
{ "type": "Feature", "properties": { "cell_id": 1108, "lon": 77.539178526152199, "lat": 13.014534674811348 }, "geometry": { "type": "Polygon", "coordinates": [ [ [ 77.541483145337622, 13.012288896873869 ], [ 77.541483145337622, 13.016780452748824 ], [ 77.536873906966775, 13.016780452748824 ], [ 77.536873906966775, 13.012288896873869 ], [ 77.541483145337622, 13.012288896873869 ] ] ] } },
{ "type": "Feature", "properties": { "cell_id": 1109, "lon": 77.543787764523046, "lat": 13.014534674811348 }, "geometry": { "type": "Polygon", "coordinates": [ [ [ 77.546092383708469, 13.012288896873869 ], [ 77.546092383708469, 13.016780452748824 ], [ 77.541483145337622, 13.016780452748824 ], [ 77.541483145337622, 13.012288896873869 ], [ 77.546092383708469, 13.012288896873869 ] ] ] } },
{ "type": "Feature", "properties": { "cell_id": 1110, "lon": 77.548397002893893, "lat": 13.014534674811348 }, "geometry": { "type": "Polygon", "coordinates": [ [ [ 77.550701622079316, 13.012288896873869 ], [ 77.550701622079316, 13.016780452748824 ], [ 77.546092383708469, 13.016780452748824 ], [ 77.546092383708469, 13.012288896873869 ], [ 77.550701622079316, 13.012288896873869 ] ] ] } },
{ "type": "Feature", "properties": { "cell_id": 1111, "lon": 77.55300624126474, "lat": 13.014534674811348 }, "geometry": { "type": "Polygon", "coordinates": [ [ [ 77.555310860450163, 13.012288896873869 ], [ 77.555310860450163, 13.016780452748824 ], [ 77.550701622079316, 13.016780452748824 ], [ 77.550701622079316, 13.012288896873869 ], [ 77.555310860450163, 13.012288896873869 ] ] ] } },
{ "type": "Feature", "properties": { "cell_id": 1112, "lon": 77.557615479635587, "lat": 13.014534674811348 }, "geometry": { "type": "Polygon", "coordinates": [ [ [ 77.55992009882101, 13.012288896873869 ], [ 77.55992009882101, 13.016780452748824 ], [ 77.555310860450163, 13.016780452748824 ], [ 77.555310860450163, 13.012288896873869 ], [ 77.55992009882101, 13.012288896873869 ] ] ] } },
{ "type": "Feature", "properties": { "cell_id": 1113, "lon": 77.562224718006433, "lat": 13.014534674811348 }, "geometry": { "type": "Polygon", "coordinates": [ [ [ 77.564529337191857, 13.012288896873869 ], [ 77.564529337191857, 13.016780452748824 ], [ 77.55992009882101, 13.016780452748824 ], [ 77.55992009882101, 13.012288896873869 ], [ 77.564529337191857, 13.012288896873869 ] ] ] } },
{ "type": "Feature", "properties": { "cell_id": 1114, "lon": 77.56683395637728, "lat": 13.014534674811348 }, "geometry": { "type": "Polygon", "coordinates": [ [ [ 77.569138575562704, 13.012288896873869 ], [ 77.569138575562704, 13.016780452748824 ], [ 77.564529337191857, 13.016780452748824 ], [ 77.564529337191857, 13.012288896873869 ], [ 77.569138575562704, 13.012288896873869 ] ] ] } },
{ "type": "Feature", "properties": { "cell_id": 1115, "lon": 77.571443194748127, "lat": 13.014534674811348 }, "geometry": { "type": "Polygon", "coordinates": [ [ [ 77.573747813933551, 13.012288896873869 ], [ 77.573747813933551, 13.016780452748824 ], [ 77.569138575562704, 13.016780452748824 ], [ 77.569138575562704, 13.012288896873869 ], [ 77.573747813933551, 13.012288896873869 ] ] ] } },
{ "type": "Feature", "properties": { "cell_id": 1116, "lon": 77.576052433118974, "lat": 13.014534674811348 }, "geometry": { "type": "Polygon", "coordinates": [ [ [ 77.578357052304398, 13.012288896873869 ], [ 77.578357052304398, 13.016780452748824 ], [ 77.573747813933551, 13.016780452748824 ], [ 77.573747813933551, 13.012288896873869 ], [ 77.578357052304398, 13.012288896873869 ] ] ] } },
{ "type": "Feature", "properties": { "cell_id": 1117, "lon": 77.580661671489821, "lat": 13.014534674811348 }, "geometry": { "type": "Polygon", "coordinates": [ [ [ 77.582966290675245, 13.012288896873869 ], [ 77.582966290675245, 13.016780452748824 ], [ 77.578357052304398, 13.016780452748824 ], [ 77.578357052304398, 13.012288896873869 ], [ 77.582966290675245, 13.012288896873869 ] ] ] } },
{ "type": "Feature", "properties": { "cell_id": 1118, "lon": 77.585270909860668, "lat": 13.014534674811348 }, "geometry": { "type": "Polygon", "coordinates": [ [ [ 77.587575529046092, 13.012288896873869 ], [ 77.587575529046092, 13.016780452748824 ], [ 77.582966290675245, 13.016780452748824 ], [ 77.582966290675245, 13.012288896873869 ], [ 77.587575529046092, 13.012288896873869 ] ] ] } },
{ "type": "Feature", "properties": { "cell_id": 1119, "lon": 77.589880148231515, "lat": 13.014534674811348 }, "geometry": { "type": "Polygon", "coordinates": [ [ [ 77.592184767416938, 13.012288896873869 ], [ 77.592184767416938, 13.016780452748824 ], [ 77.587575529046092, 13.016780452748824 ], [ 77.587575529046092, 13.012288896873869 ], [ 77.592184767416938, 13.012288896873869 ] ] ] } },
{ "type": "Feature", "properties": { "cell_id": 1120, "lon": 77.594489386602362, "lat": 13.014534674811348 }, "geometry": { "type": "Polygon", "coordinates": [ [ [ 77.596794005787785, 13.012288896873869 ], [ 77.596794005787785, 13.016780452748824 ], [ 77.592184767416938, 13.016780452748824 ], [ 77.592184767416938, 13.012288896873869 ], [ 77.596794005787785, 13.012288896873869 ] ] ] } },
{ "type": "Feature", "properties": { "cell_id": 1121, "lon": 77.599098624973209, "lat": 13.014534674811348 }, "geometry": { "type": "Polygon", "coordinates": [ [ [ 77.601403244158632, 13.012288896873869 ], [ 77.601403244158632, 13.016780452748824 ], [ 77.596794005787785, 13.016780452748824 ], [ 77.596794005787785, 13.012288896873869 ], [ 77.601403244158632, 13.012288896873869 ] ] ] } },
{ "type": "Feature", "properties": { "cell_id": 1122, "lon": 77.603707863344056, "lat": 13.014534674811348 }, "geometry": { "type": "Polygon", "coordinates": [ [ [ 77.606012482529479, 13.012288896873869 ], [ 77.606012482529479, 13.016780452748824 ], [ 77.601403244158632, 13.016780452748824 ], [ 77.601403244158632, 13.012288896873869 ], [ 77.606012482529479, 13.012288896873869 ] ] ] } },
{ "type": "Feature", "properties": { "cell_id": 1123, "lon": 77.608317101714903, "lat": 13.014534674811348 }, "geometry": { "type": "Polygon", "coordinates": [ [ [ 77.610621720900326, 13.012288896873869 ], [ 77.610621720900326, 13.016780452748824 ], [ 77.606012482529479, 13.016780452748824 ], [ 77.606012482529479, 13.012288896873869 ], [ 77.610621720900326, 13.012288896873869 ] ] ] } },
{ "type": "Feature", "properties": { "cell_id": 1124, "lon": 77.61292634008575, "lat": 13.014534674811348 }, "geometry": { "type": "Polygon", "coordinates": [ [ [ 77.615230959271173, 13.012288896873869 ], [ 77.615230959271173, 13.016780452748824 ], [ 77.610621720900326, 13.016780452748824 ], [ 77.610621720900326, 13.012288896873869 ], [ 77.615230959271173, 13.012288896873869 ] ] ] } },
{ "type": "Feature", "properties": { "cell_id": 1125, "lon": 77.617535578456597, "lat": 13.014534674811348 }, "geometry": { "type": "Polygon", "coordinates": [ [ [ 77.61984019764202, 13.012288896873869 ], [ 77.61984019764202, 13.016780452748824 ], [ 77.615230959271173, 13.016780452748824 ], [ 77.615230959271173, 13.012288896873869 ], [ 77.61984019764202, 13.012288896873869 ] ] ] } },
{ "type": "Feature", "properties": { "cell_id": 1126, "lon": 77.622144816827443, "lat": 13.014534674811348 }, "geometry": { "type": "Polygon", "coordinates": [ [ [ 77.624449436012867, 13.012288896873869 ], [ 77.624449436012867, 13.016780452748824 ], [ 77.61984019764202, 13.016780452748824 ], [ 77.61984019764202, 13.012288896873869 ], [ 77.624449436012867, 13.012288896873869 ] ] ] } },
{ "type": "Feature", "properties": { "cell_id": 1127, "lon": 77.62675405519829, "lat": 13.014534674811348 }, "geometry": { "type": "Polygon", "coordinates": [ [ [ 77.629058674383714, 13.012288896873869 ], [ 77.629058674383714, 13.016780452748824 ], [ 77.624449436012867, 13.016780452748824 ], [ 77.624449436012867, 13.012288896873869 ], [ 77.629058674383714, 13.012288896873869 ] ] ] } },
{ "type": "Feature", "properties": { "cell_id": 1128, "lon": 77.631363293569137, "lat": 13.014534674811348 }, "geometry": { "type": "Polygon", "coordinates": [ [ [ 77.633667912754561, 13.012288896873869 ], [ 77.633667912754561, 13.016780452748824 ], [ 77.629058674383714, 13.016780452748824 ], [ 77.629058674383714, 13.012288896873869 ], [ 77.633667912754561, 13.012288896873869 ] ] ] } },
{ "type": "Feature", "properties": { "cell_id": 1129, "lon": 77.635972531939984, "lat": 13.014534674811348 }, "geometry": { "type": "Polygon", "coordinates": [ [ [ 77.638277151125408, 13.012288896873869 ], [ 77.638277151125408, 13.016780452748824 ], [ 77.633667912754561, 13.016780452748824 ], [ 77.633667912754561, 13.012288896873869 ], [ 77.638277151125408, 13.012288896873869 ] ] ] } },
{ "type": "Feature", "properties": { "cell_id": 1130, "lon": 77.640581770310831, "lat": 13.014534674811348 }, "geometry": { "type": "Polygon", "coordinates": [ [ [ 77.642886389496255, 13.012288896873869 ], [ 77.642886389496255, 13.016780452748824 ], [ 77.638277151125408, 13.016780452748824 ], [ 77.638277151125408, 13.012288896873869 ], [ 77.642886389496255, 13.012288896873869 ] ] ] } },
{ "type": "Feature", "properties": { "cell_id": 1131, "lon": 77.645191008681678, "lat": 13.014534674811348 }, "geometry": { "type": "Polygon", "coordinates": [ [ [ 77.647495627867102, 13.012288896873869 ], [ 77.647495627867102, 13.016780452748824 ], [ 77.642886389496255, 13.016780452748824 ], [ 77.642886389496255, 13.012288896873869 ], [ 77.647495627867102, 13.012288896873869 ] ] ] } },
{ "type": "Feature", "properties": { "cell_id": 1132, "lon": 77.649800247052525, "lat": 13.014534674811348 }, "geometry": { "type": "Polygon", "coordinates": [ [ [ 77.652104866237948, 13.012288896873869 ], [ 77.652104866237948, 13.016780452748824 ], [ 77.647495627867102, 13.016780452748824 ], [ 77.647495627867102, 13.012288896873869 ], [ 77.652104866237948, 13.012288896873869 ] ] ] } },
{ "type": "Feature", "properties": { "cell_id": 1133, "lon": 77.654409485423372, "lat": 13.014534674811348 }, "geometry": { "type": "Polygon", "coordinates": [ [ [ 77.656714104608795, 13.012288896873869 ], [ 77.656714104608795, 13.016780452748824 ], [ 77.652104866237948, 13.016780452748824 ], [ 77.652104866237948, 13.012288896873869 ], [ 77.656714104608795, 13.012288896873869 ] ] ] } },
{ "type": "Feature", "properties": { "cell_id": 1134, "lon": 77.659018723794219, "lat": 13.014534674811348 }, "geometry": { "type": "Polygon", "coordinates": [ [ [ 77.661323342979642, 13.012288896873869 ], [ 77.661323342979642, 13.016780452748824 ], [ 77.656714104608795, 13.016780452748824 ], [ 77.656714104608795, 13.012288896873869 ], [ 77.661323342979642, 13.012288896873869 ] ] ] } },
{ "type": "Feature", "properties": { "cell_id": 1135, "lon": 77.663627962165066, "lat": 13.014534674811348 }, "geometry": { "type": "Polygon", "coordinates": [ [ [ 77.665932581350489, 13.012288896873869 ], [ 77.665932581350489, 13.016780452748824 ], [ 77.661323342979642, 13.016780452748824 ], [ 77.661323342979642, 13.012288896873869 ], [ 77.665932581350489, 13.012288896873869 ] ] ] } },
{ "type": "Feature", "properties": { "cell_id": 1136, "lon": 77.668237200535913, "lat": 13.014534674811348 }, "geometry": { "type": "Polygon", "coordinates": [ [ [ 77.670541819721336, 13.012288896873869 ], [ 77.670541819721336, 13.016780452748824 ], [ 77.665932581350489, 13.016780452748824 ], [ 77.665932581350489, 13.012288896873869 ], [ 77.670541819721336, 13.012288896873869 ] ] ] } },
{ "type": "Feature", "properties": { "cell_id": 1137, "lon": 77.67284643890676, "lat": 13.014534674811348 }, "geometry": { "type": "Polygon", "coordinates": [ [ [ 77.675151058092183, 13.012288896873869 ], [ 77.675151058092183, 13.016780452748824 ], [ 77.670541819721336, 13.016780452748824 ], [ 77.670541819721336, 13.012288896873869 ], [ 77.675151058092183, 13.012288896873869 ] ] ] } },
{ "type": "Feature", "properties": { "cell_id": 1138, "lon": 77.677455677277607, "lat": 13.014534674811348 }, "geometry": { "type": "Polygon", "coordinates": [ [ [ 77.67976029646303, 13.012288896873869 ], [ 77.67976029646303, 13.016780452748824 ], [ 77.675151058092183, 13.016780452748824 ], [ 77.675151058092183, 13.012288896873869 ], [ 77.67976029646303, 13.012288896873869 ] ] ] } },
{ "type": "Feature", "properties": { "cell_id": 1139, "lon": 77.682064915648454, "lat": 13.014534674811348 }, "geometry": { "type": "Polygon", "coordinates": [ [ [ 77.684369534833877, 13.012288896873869 ], [ 77.684369534833877, 13.016780452748824 ], [ 77.67976029646303, 13.016780452748824 ], [ 77.67976029646303, 13.012288896873869 ], [ 77.684369534833877, 13.012288896873869 ] ] ] } },
{ "type": "Feature", "properties": { "cell_id": 1140, "lon": 77.6866741540193, "lat": 13.014534674811348 }, "geometry": { "type": "Polygon", "coordinates": [ [ [ 77.688978773204724, 13.012288896873869 ], [ 77.688978773204724, 13.016780452748824 ], [ 77.684369534833877, 13.016780452748824 ], [ 77.684369534833877, 13.012288896873869 ], [ 77.688978773204724, 13.012288896873869 ] ] ] } },
{ "type": "Feature", "properties": { "cell_id": 1141, "lon": 77.691283392390147, "lat": 13.014534674811348 }, "geometry": { "type": "Polygon", "coordinates": [ [ [ 77.693588011575571, 13.012288896873869 ], [ 77.693588011575571, 13.016780452748824 ], [ 77.688978773204724, 13.016780452748824 ], [ 77.688978773204724, 13.012288896873869 ], [ 77.693588011575571, 13.012288896873869 ] ] ] } },
{ "type": "Feature", "properties": { "cell_id": 1142, "lon": 77.695892630760994, "lat": 13.014534674811348 }, "geometry": { "type": "Polygon", "coordinates": [ [ [ 77.698197249946418, 13.012288896873869 ], [ 77.698197249946418, 13.016780452748824 ], [ 77.693588011575571, 13.016780452748824 ], [ 77.693588011575571, 13.012288896873869 ], [ 77.698197249946418, 13.012288896873869 ] ] ] } },
{ "type": "Feature", "properties": { "cell_id": 1143, "lon": 77.700501869131841, "lat": 13.014534674811348 }, "geometry": { "type": "Polygon", "coordinates": [ [ [ 77.702806488317265, 13.012288896873869 ], [ 77.702806488317265, 13.016780452748824 ], [ 77.698197249946418, 13.016780452748824 ], [ 77.698197249946418, 13.012288896873869 ], [ 77.702806488317265, 13.012288896873869 ] ] ] } },
{ "type": "Feature", "properties": { "cell_id": 1144, "lon": 77.502304619185423, "lat": 13.019026230686302 }, "geometry": { "type": "Polygon", "coordinates": [ [ [ 77.504609238370847, 13.016780452748824 ], [ 77.504609238370847, 13.021272008623779 ], [ 77.5, 13.021272008623779 ], [ 77.5, 13.016780452748824 ], [ 77.504609238370847, 13.016780452748824 ] ] ] } },
{ "type": "Feature", "properties": { "cell_id": 1145, "lon": 77.50691385755627, "lat": 13.019026230686302 }, "geometry": { "type": "Polygon", "coordinates": [ [ [ 77.509218476741694, 13.016780452748824 ], [ 77.509218476741694, 13.021272008623779 ], [ 77.504609238370847, 13.021272008623779 ], [ 77.504609238370847, 13.016780452748824 ], [ 77.509218476741694, 13.016780452748824 ] ] ] } },
{ "type": "Feature", "properties": { "cell_id": 1146, "lon": 77.511523095927117, "lat": 13.019026230686302 }, "geometry": { "type": "Polygon", "coordinates": [ [ [ 77.513827715112541, 13.016780452748824 ], [ 77.513827715112541, 13.021272008623779 ], [ 77.509218476741694, 13.021272008623779 ], [ 77.509218476741694, 13.016780452748824 ], [ 77.513827715112541, 13.016780452748824 ] ] ] } },
{ "type": "Feature", "properties": { "cell_id": 1147, "lon": 77.516132334297964, "lat": 13.019026230686302 }, "geometry": { "type": "Polygon", "coordinates": [ [ [ 77.518436953483388, 13.016780452748824 ], [ 77.518436953483388, 13.021272008623779 ], [ 77.513827715112541, 13.021272008623779 ], [ 77.513827715112541, 13.016780452748824 ], [ 77.518436953483388, 13.016780452748824 ] ] ] } },
{ "type": "Feature", "properties": { "cell_id": 1148, "lon": 77.520741572668811, "lat": 13.019026230686302 }, "geometry": { "type": "Polygon", "coordinates": [ [ [ 77.523046191854235, 13.016780452748824 ], [ 77.523046191854235, 13.021272008623779 ], [ 77.518436953483388, 13.021272008623779 ], [ 77.518436953483388, 13.016780452748824 ], [ 77.523046191854235, 13.016780452748824 ] ] ] } },
{ "type": "Feature", "properties": { "cell_id": 1149, "lon": 77.525350811039658, "lat": 13.019026230686302 }, "geometry": { "type": "Polygon", "coordinates": [ [ [ 77.527655430225082, 13.016780452748824 ], [ 77.527655430225082, 13.021272008623779 ], [ 77.523046191854235, 13.021272008623779 ], [ 77.523046191854235, 13.016780452748824 ], [ 77.527655430225082, 13.016780452748824 ] ] ] } },
{ "type": "Feature", "properties": { "cell_id": 1150, "lon": 77.529960049410505, "lat": 13.019026230686302 }, "geometry": { "type": "Polygon", "coordinates": [ [ [ 77.532264668595928, 13.016780452748824 ], [ 77.532264668595928, 13.021272008623779 ], [ 77.527655430225082, 13.021272008623779 ], [ 77.527655430225082, 13.016780452748824 ], [ 77.532264668595928, 13.016780452748824 ] ] ] } },
{ "type": "Feature", "properties": { "cell_id": 1151, "lon": 77.534569287781352, "lat": 13.019026230686302 }, "geometry": { "type": "Polygon", "coordinates": [ [ [ 77.536873906966775, 13.016780452748824 ], [ 77.536873906966775, 13.021272008623779 ], [ 77.532264668595928, 13.021272008623779 ], [ 77.532264668595928, 13.016780452748824 ], [ 77.536873906966775, 13.016780452748824 ] ] ] } },
{ "type": "Feature", "properties": { "cell_id": 1152, "lon": 77.539178526152199, "lat": 13.019026230686302 }, "geometry": { "type": "Polygon", "coordinates": [ [ [ 77.541483145337622, 13.016780452748824 ], [ 77.541483145337622, 13.021272008623779 ], [ 77.536873906966775, 13.021272008623779 ], [ 77.536873906966775, 13.016780452748824 ], [ 77.541483145337622, 13.016780452748824 ] ] ] } },
{ "type": "Feature", "properties": { "cell_id": 1153, "lon": 77.543787764523046, "lat": 13.019026230686302 }, "geometry": { "type": "Polygon", "coordinates": [ [ [ 77.546092383708469, 13.016780452748824 ], [ 77.546092383708469, 13.021272008623779 ], [ 77.541483145337622, 13.021272008623779 ], [ 77.541483145337622, 13.016780452748824 ], [ 77.546092383708469, 13.016780452748824 ] ] ] } },
{ "type": "Feature", "properties": { "cell_id": 1154, "lon": 77.548397002893893, "lat": 13.019026230686302 }, "geometry": { "type": "Polygon", "coordinates": [ [ [ 77.550701622079316, 13.016780452748824 ], [ 77.550701622079316, 13.021272008623779 ], [ 77.546092383708469, 13.021272008623779 ], [ 77.546092383708469, 13.016780452748824 ], [ 77.550701622079316, 13.016780452748824 ] ] ] } },
{ "type": "Feature", "properties": { "cell_id": 1155, "lon": 77.55300624126474, "lat": 13.019026230686302 }, "geometry": { "type": "Polygon", "coordinates": [ [ [ 77.555310860450163, 13.016780452748824 ], [ 77.555310860450163, 13.021272008623779 ], [ 77.550701622079316, 13.021272008623779 ], [ 77.550701622079316, 13.016780452748824 ], [ 77.555310860450163, 13.016780452748824 ] ] ] } },
{ "type": "Feature", "properties": { "cell_id": 1156, "lon": 77.557615479635587, "lat": 13.019026230686302 }, "geometry": { "type": "Polygon", "coordinates": [ [ [ 77.55992009882101, 13.016780452748824 ], [ 77.55992009882101, 13.021272008623779 ], [ 77.555310860450163, 13.021272008623779 ], [ 77.555310860450163, 13.016780452748824 ], [ 77.55992009882101, 13.016780452748824 ] ] ] } },
{ "type": "Feature", "properties": { "cell_id": 1157, "lon": 77.562224718006433, "lat": 13.019026230686302 }, "geometry": { "type": "Polygon", "coordinates": [ [ [ 77.564529337191857, 13.016780452748824 ], [ 77.564529337191857, 13.021272008623779 ], [ 77.55992009882101, 13.021272008623779 ], [ 77.55992009882101, 13.016780452748824 ], [ 77.564529337191857, 13.016780452748824 ] ] ] } },
{ "type": "Feature", "properties": { "cell_id": 1158, "lon": 77.56683395637728, "lat": 13.019026230686302 }, "geometry": { "type": "Polygon", "coordinates": [ [ [ 77.569138575562704, 13.016780452748824 ], [ 77.569138575562704, 13.021272008623779 ], [ 77.564529337191857, 13.021272008623779 ], [ 77.564529337191857, 13.016780452748824 ], [ 77.569138575562704, 13.016780452748824 ] ] ] } },
{ "type": "Feature", "properties": { "cell_id": 1159, "lon": 77.571443194748127, "lat": 13.019026230686302 }, "geometry": { "type": "Polygon", "coordinates": [ [ [ 77.573747813933551, 13.016780452748824 ], [ 77.573747813933551, 13.021272008623779 ], [ 77.569138575562704, 13.021272008623779 ], [ 77.569138575562704, 13.016780452748824 ], [ 77.573747813933551, 13.016780452748824 ] ] ] } },
{ "type": "Feature", "properties": { "cell_id": 1160, "lon": 77.576052433118974, "lat": 13.019026230686302 }, "geometry": { "type": "Polygon", "coordinates": [ [ [ 77.578357052304398, 13.016780452748824 ], [ 77.578357052304398, 13.021272008623779 ], [ 77.573747813933551, 13.021272008623779 ], [ 77.573747813933551, 13.016780452748824 ], [ 77.578357052304398, 13.016780452748824 ] ] ] } },
{ "type": "Feature", "properties": { "cell_id": 1161, "lon": 77.580661671489821, "lat": 13.019026230686302 }, "geometry": { "type": "Polygon", "coordinates": [ [ [ 77.582966290675245, 13.016780452748824 ], [ 77.582966290675245, 13.021272008623779 ], [ 77.578357052304398, 13.021272008623779 ], [ 77.578357052304398, 13.016780452748824 ], [ 77.582966290675245, 13.016780452748824 ] ] ] } },
{ "type": "Feature", "properties": { "cell_id": 1162, "lon": 77.585270909860668, "lat": 13.019026230686302 }, "geometry": { "type": "Polygon", "coordinates": [ [ [ 77.587575529046092, 13.016780452748824 ], [ 77.587575529046092, 13.021272008623779 ], [ 77.582966290675245, 13.021272008623779 ], [ 77.582966290675245, 13.016780452748824 ], [ 77.587575529046092, 13.016780452748824 ] ] ] } },
{ "type": "Feature", "properties": { "cell_id": 1163, "lon": 77.589880148231515, "lat": 13.019026230686302 }, "geometry": { "type": "Polygon", "coordinates": [ [ [ 77.592184767416938, 13.016780452748824 ], [ 77.592184767416938, 13.021272008623779 ], [ 77.587575529046092, 13.021272008623779 ], [ 77.587575529046092, 13.016780452748824 ], [ 77.592184767416938, 13.016780452748824 ] ] ] } },
{ "type": "Feature", "properties": { "cell_id": 1164, "lon": 77.594489386602362, "lat": 13.019026230686302 }, "geometry": { "type": "Polygon", "coordinates": [ [ [ 77.596794005787785, 13.016780452748824 ], [ 77.596794005787785, 13.021272008623779 ], [ 77.592184767416938, 13.021272008623779 ], [ 77.592184767416938, 13.016780452748824 ], [ 77.596794005787785, 13.016780452748824 ] ] ] } },
{ "type": "Feature", "properties": { "cell_id": 1165, "lon": 77.599098624973209, "lat": 13.019026230686302 }, "geometry": { "type": "Polygon", "coordinates": [ [ [ 77.601403244158632, 13.016780452748824 ], [ 77.601403244158632, 13.021272008623779 ], [ 77.596794005787785, 13.021272008623779 ], [ 77.596794005787785, 13.016780452748824 ], [ 77.601403244158632, 13.016780452748824 ] ] ] } },
{ "type": "Feature", "properties": { "cell_id": 1166, "lon": 77.603707863344056, "lat": 13.019026230686302 }, "geometry": { "type": "Polygon", "coordinates": [ [ [ 77.606012482529479, 13.016780452748824 ], [ 77.606012482529479, 13.021272008623779 ], [ 77.601403244158632, 13.021272008623779 ], [ 77.601403244158632, 13.016780452748824 ], [ 77.606012482529479, 13.016780452748824 ] ] ] } },
{ "type": "Feature", "properties": { "cell_id": 1167, "lon": 77.608317101714903, "lat": 13.019026230686302 }, "geometry": { "type": "Polygon", "coordinates": [ [ [ 77.610621720900326, 13.016780452748824 ], [ 77.610621720900326, 13.021272008623779 ], [ 77.606012482529479, 13.021272008623779 ], [ 77.606012482529479, 13.016780452748824 ], [ 77.610621720900326, 13.016780452748824 ] ] ] } },
{ "type": "Feature", "properties": { "cell_id": 1168, "lon": 77.61292634008575, "lat": 13.019026230686302 }, "geometry": { "type": "Polygon", "coordinates": [ [ [ 77.615230959271173, 13.016780452748824 ], [ 77.615230959271173, 13.021272008623779 ], [ 77.610621720900326, 13.021272008623779 ], [ 77.610621720900326, 13.016780452748824 ], [ 77.615230959271173, 13.016780452748824 ] ] ] } },
{ "type": "Feature", "properties": { "cell_id": 1169, "lon": 77.617535578456597, "lat": 13.019026230686302 }, "geometry": { "type": "Polygon", "coordinates": [ [ [ 77.61984019764202, 13.016780452748824 ], [ 77.61984019764202, 13.021272008623779 ], [ 77.615230959271173, 13.021272008623779 ], [ 77.615230959271173, 13.016780452748824 ], [ 77.61984019764202, 13.016780452748824 ] ] ] } },
{ "type": "Feature", "properties": { "cell_id": 1170, "lon": 77.622144816827443, "lat": 13.019026230686302 }, "geometry": { "type": "Polygon", "coordinates": [ [ [ 77.624449436012867, 13.016780452748824 ], [ 77.624449436012867, 13.021272008623779 ], [ 77.61984019764202, 13.021272008623779 ], [ 77.61984019764202, 13.016780452748824 ], [ 77.624449436012867, 13.016780452748824 ] ] ] } },
{ "type": "Feature", "properties": { "cell_id": 1171, "lon": 77.62675405519829, "lat": 13.019026230686302 }, "geometry": { "type": "Polygon", "coordinates": [ [ [ 77.629058674383714, 13.016780452748824 ], [ 77.629058674383714, 13.021272008623779 ], [ 77.624449436012867, 13.021272008623779 ], [ 77.624449436012867, 13.016780452748824 ], [ 77.629058674383714, 13.016780452748824 ] ] ] } },
{ "type": "Feature", "properties": { "cell_id": 1172, "lon": 77.631363293569137, "lat": 13.019026230686302 }, "geometry": { "type": "Polygon", "coordinates": [ [ [ 77.633667912754561, 13.016780452748824 ], [ 77.633667912754561, 13.021272008623779 ], [ 77.629058674383714, 13.021272008623779 ], [ 77.629058674383714, 13.016780452748824 ], [ 77.633667912754561, 13.016780452748824 ] ] ] } },
{ "type": "Feature", "properties": { "cell_id": 1173, "lon": 77.635972531939984, "lat": 13.019026230686302 }, "geometry": { "type": "Polygon", "coordinates": [ [ [ 77.638277151125408, 13.016780452748824 ], [ 77.638277151125408, 13.021272008623779 ], [ 77.633667912754561, 13.021272008623779 ], [ 77.633667912754561, 13.016780452748824 ], [ 77.638277151125408, 13.016780452748824 ] ] ] } },
{ "type": "Feature", "properties": { "cell_id": 1174, "lon": 77.640581770310831, "lat": 13.019026230686302 }, "geometry": { "type": "Polygon", "coordinates": [ [ [ 77.642886389496255, 13.016780452748824 ], [ 77.642886389496255, 13.021272008623779 ], [ 77.638277151125408, 13.021272008623779 ], [ 77.638277151125408, 13.016780452748824 ], [ 77.642886389496255, 13.016780452748824 ] ] ] } },
{ "type": "Feature", "properties": { "cell_id": 1175, "lon": 77.645191008681678, "lat": 13.019026230686302 }, "geometry": { "type": "Polygon", "coordinates": [ [ [ 77.647495627867102, 13.016780452748824 ], [ 77.647495627867102, 13.021272008623779 ], [ 77.642886389496255, 13.021272008623779 ], [ 77.642886389496255, 13.016780452748824 ], [ 77.647495627867102, 13.016780452748824 ] ] ] } },
{ "type": "Feature", "properties": { "cell_id": 1176, "lon": 77.649800247052525, "lat": 13.019026230686302 }, "geometry": { "type": "Polygon", "coordinates": [ [ [ 77.652104866237948, 13.016780452748824 ], [ 77.652104866237948, 13.021272008623779 ], [ 77.647495627867102, 13.021272008623779 ], [ 77.647495627867102, 13.016780452748824 ], [ 77.652104866237948, 13.016780452748824 ] ] ] } },
{ "type": "Feature", "properties": { "cell_id": 1177, "lon": 77.654409485423372, "lat": 13.019026230686302 }, "geometry": { "type": "Polygon", "coordinates": [ [ [ 77.656714104608795, 13.016780452748824 ], [ 77.656714104608795, 13.021272008623779 ], [ 77.652104866237948, 13.021272008623779 ], [ 77.652104866237948, 13.016780452748824 ], [ 77.656714104608795, 13.016780452748824 ] ] ] } },
{ "type": "Feature", "properties": { "cell_id": 1178, "lon": 77.659018723794219, "lat": 13.019026230686302 }, "geometry": { "type": "Polygon", "coordinates": [ [ [ 77.661323342979642, 13.016780452748824 ], [ 77.661323342979642, 13.021272008623779 ], [ 77.656714104608795, 13.021272008623779 ], [ 77.656714104608795, 13.016780452748824 ], [ 77.661323342979642, 13.016780452748824 ] ] ] } },
{ "type": "Feature", "properties": { "cell_id": 1179, "lon": 77.663627962165066, "lat": 13.019026230686302 }, "geometry": { "type": "Polygon", "coordinates": [ [ [ 77.665932581350489, 13.016780452748824 ], [ 77.665932581350489, 13.021272008623779 ], [ 77.661323342979642, 13.021272008623779 ], [ 77.661323342979642, 13.016780452748824 ], [ 77.665932581350489, 13.016780452748824 ] ] ] } },
{ "type": "Feature", "properties": { "cell_id": 1180, "lon": 77.668237200535913, "lat": 13.019026230686302 }, "geometry": { "type": "Polygon", "coordinates": [ [ [ 77.670541819721336, 13.016780452748824 ], [ 77.670541819721336, 13.021272008623779 ], [ 77.665932581350489, 13.021272008623779 ], [ 77.665932581350489, 13.016780452748824 ], [ 77.670541819721336, 13.016780452748824 ] ] ] } },
{ "type": "Feature", "properties": { "cell_id": 1181, "lon": 77.67284643890676, "lat": 13.019026230686302 }, "geometry": { "type": "Polygon", "coordinates": [ [ [ 77.675151058092183, 13.016780452748824 ], [ 77.675151058092183, 13.021272008623779 ], [ 77.670541819721336, 13.021272008623779 ], [ 77.670541819721336, 13.016780452748824 ], [ 77.675151058092183, 13.016780452748824 ] ] ] } },
{ "type": "Feature", "properties": { "cell_id": 1182, "lon": 77.677455677277607, "lat": 13.019026230686302 }, "geometry": { "type": "Polygon", "coordinates": [ [ [ 77.67976029646303, 13.016780452748824 ], [ 77.67976029646303, 13.021272008623779 ], [ 77.675151058092183, 13.021272008623779 ], [ 77.675151058092183, 13.016780452748824 ], [ 77.67976029646303, 13.016780452748824 ] ] ] } },
{ "type": "Feature", "properties": { "cell_id": 1183, "lon": 77.682064915648454, "lat": 13.019026230686302 }, "geometry": { "type": "Polygon", "coordinates": [ [ [ 77.684369534833877, 13.016780452748824 ], [ 77.684369534833877, 13.021272008623779 ], [ 77.67976029646303, 13.021272008623779 ], [ 77.67976029646303, 13.016780452748824 ], [ 77.684369534833877, 13.016780452748824 ] ] ] } },
{ "type": "Feature", "properties": { "cell_id": 1184, "lon": 77.6866741540193, "lat": 13.019026230686302 }, "geometry": { "type": "Polygon", "coordinates": [ [ [ 77.688978773204724, 13.016780452748824 ], [ 77.688978773204724, 13.021272008623779 ], [ 77.684369534833877, 13.021272008623779 ], [ 77.684369534833877, 13.016780452748824 ], [ 77.688978773204724, 13.016780452748824 ] ] ] } },
{ "type": "Feature", "properties": { "cell_id": 1185, "lon": 77.691283392390147, "lat": 13.019026230686302 }, "geometry": { "type": "Polygon", "coordinates": [ [ [ 77.693588011575571, 13.016780452748824 ], [ 77.693588011575571, 13.021272008623779 ], [ 77.688978773204724, 13.021272008623779 ], [ 77.688978773204724, 13.016780452748824 ], [ 77.693588011575571, 13.016780452748824 ] ] ] } },
{ "type": "Feature", "properties": { "cell_id": 1186, "lon": 77.695892630760994, "lat": 13.019026230686302 }, "geometry": { "type": "Polygon", "coordinates": [ [ [ 77.698197249946418, 13.016780452748824 ], [ 77.698197249946418, 13.021272008623779 ], [ 77.693588011575571, 13.021272008623779 ], [ 77.693588011575571, 13.016780452748824 ], [ 77.698197249946418, 13.016780452748824 ] ] ] } },
{ "type": "Feature", "properties": { "cell_id": 1187, "lon": 77.700501869131841, "lat": 13.019026230686302 }, "geometry": { "type": "Polygon", "coordinates": [ [ [ 77.702806488317265, 13.016780452748824 ], [ 77.702806488317265, 13.021272008623779 ], [ 77.698197249946418, 13.021272008623779 ], [ 77.698197249946418, 13.016780452748824 ], [ 77.702806488317265, 13.016780452748824 ] ] ] } },
{ "type": "Feature", "properties": { "cell_id": 1188, "lon": 77.502304619185423, "lat": 13.023517786561257 }, "geometry": { "type": "Polygon", "coordinates": [ [ [ 77.504609238370847, 13.021272008623779 ], [ 77.504609238370847, 13.025763564498734 ], [ 77.5, 13.025763564498734 ], [ 77.5, 13.021272008623779 ], [ 77.504609238370847, 13.021272008623779 ] ] ] } },
{ "type": "Feature", "properties": { "cell_id": 1189, "lon": 77.50691385755627, "lat": 13.023517786561257 }, "geometry": { "type": "Polygon", "coordinates": [ [ [ 77.509218476741694, 13.021272008623779 ], [ 77.509218476741694, 13.025763564498734 ], [ 77.504609238370847, 13.025763564498734 ], [ 77.504609238370847, 13.021272008623779 ], [ 77.509218476741694, 13.021272008623779 ] ] ] } },
{ "type": "Feature", "properties": { "cell_id": 1190, "lon": 77.511523095927117, "lat": 13.023517786561257 }, "geometry": { "type": "Polygon", "coordinates": [ [ [ 77.513827715112541, 13.021272008623779 ], [ 77.513827715112541, 13.025763564498734 ], [ 77.509218476741694, 13.025763564498734 ], [ 77.509218476741694, 13.021272008623779 ], [ 77.513827715112541, 13.021272008623779 ] ] ] } },
{ "type": "Feature", "properties": { "cell_id": 1191, "lon": 77.516132334297964, "lat": 13.023517786561257 }, "geometry": { "type": "Polygon", "coordinates": [ [ [ 77.518436953483388, 13.021272008623779 ], [ 77.518436953483388, 13.025763564498734 ], [ 77.513827715112541, 13.025763564498734 ], [ 77.513827715112541, 13.021272008623779 ], [ 77.518436953483388, 13.021272008623779 ] ] ] } },
{ "type": "Feature", "properties": { "cell_id": 1192, "lon": 77.520741572668811, "lat": 13.023517786561257 }, "geometry": { "type": "Polygon", "coordinates": [ [ [ 77.523046191854235, 13.021272008623779 ], [ 77.523046191854235, 13.025763564498734 ], [ 77.518436953483388, 13.025763564498734 ], [ 77.518436953483388, 13.021272008623779 ], [ 77.523046191854235, 13.021272008623779 ] ] ] } },
{ "type": "Feature", "properties": { "cell_id": 1193, "lon": 77.525350811039658, "lat": 13.023517786561257 }, "geometry": { "type": "Polygon", "coordinates": [ [ [ 77.527655430225082, 13.021272008623779 ], [ 77.527655430225082, 13.025763564498734 ], [ 77.523046191854235, 13.025763564498734 ], [ 77.523046191854235, 13.021272008623779 ], [ 77.527655430225082, 13.021272008623779 ] ] ] } },
{ "type": "Feature", "properties": { "cell_id": 1194, "lon": 77.529960049410505, "lat": 13.023517786561257 }, "geometry": { "type": "Polygon", "coordinates": [ [ [ 77.532264668595928, 13.021272008623779 ], [ 77.532264668595928, 13.025763564498734 ], [ 77.527655430225082, 13.025763564498734 ], [ 77.527655430225082, 13.021272008623779 ], [ 77.532264668595928, 13.021272008623779 ] ] ] } },
{ "type": "Feature", "properties": { "cell_id": 1195, "lon": 77.534569287781352, "lat": 13.023517786561257 }, "geometry": { "type": "Polygon", "coordinates": [ [ [ 77.536873906966775, 13.021272008623779 ], [ 77.536873906966775, 13.025763564498734 ], [ 77.532264668595928, 13.025763564498734 ], [ 77.532264668595928, 13.021272008623779 ], [ 77.536873906966775, 13.021272008623779 ] ] ] } },
{ "type": "Feature", "properties": { "cell_id": 1196, "lon": 77.539178526152199, "lat": 13.023517786561257 }, "geometry": { "type": "Polygon", "coordinates": [ [ [ 77.541483145337622, 13.021272008623779 ], [ 77.541483145337622, 13.025763564498734 ], [ 77.536873906966775, 13.025763564498734 ], [ 77.536873906966775, 13.021272008623779 ], [ 77.541483145337622, 13.021272008623779 ] ] ] } },
{ "type": "Feature", "properties": { "cell_id": 1197, "lon": 77.543787764523046, "lat": 13.023517786561257 }, "geometry": { "type": "Polygon", "coordinates": [ [ [ 77.546092383708469, 13.021272008623779 ], [ 77.546092383708469, 13.025763564498734 ], [ 77.541483145337622, 13.025763564498734 ], [ 77.541483145337622, 13.021272008623779 ], [ 77.546092383708469, 13.021272008623779 ] ] ] } },
{ "type": "Feature", "properties": { "cell_id": 1198, "lon": 77.548397002893893, "lat": 13.023517786561257 }, "geometry": { "type": "Polygon", "coordinates": [ [ [ 77.550701622079316, 13.021272008623779 ], [ 77.550701622079316, 13.025763564498734 ], [ 77.546092383708469, 13.025763564498734 ], [ 77.546092383708469, 13.021272008623779 ], [ 77.550701622079316, 13.021272008623779 ] ] ] } },
{ "type": "Feature", "properties": { "cell_id": 1199, "lon": 77.55300624126474, "lat": 13.023517786561257 }, "geometry": { "type": "Polygon", "coordinates": [ [ [ 77.555310860450163, 13.021272008623779 ], [ 77.555310860450163, 13.025763564498734 ], [ 77.550701622079316, 13.025763564498734 ], [ 77.550701622079316, 13.021272008623779 ], [ 77.555310860450163, 13.021272008623779 ] ] ] } },
{ "type": "Feature", "properties": { "cell_id": 1200, "lon": 77.557615479635587, "lat": 13.023517786561257 }, "geometry": { "type": "Polygon", "coordinates": [ [ [ 77.55992009882101, 13.021272008623779 ], [ 77.55992009882101, 13.025763564498734 ], [ 77.555310860450163, 13.025763564498734 ], [ 77.555310860450163, 13.021272008623779 ], [ 77.55992009882101, 13.021272008623779 ] ] ] } },
{ "type": "Feature", "properties": { "cell_id": 1201, "lon": 77.562224718006433, "lat": 13.023517786561257 }, "geometry": { "type": "Polygon", "coordinates": [ [ [ 77.564529337191857, 13.021272008623779 ], [ 77.564529337191857, 13.025763564498734 ], [ 77.55992009882101, 13.025763564498734 ], [ 77.55992009882101, 13.021272008623779 ], [ 77.564529337191857, 13.021272008623779 ] ] ] } },
{ "type": "Feature", "properties": { "cell_id": 1202, "lon": 77.56683395637728, "lat": 13.023517786561257 }, "geometry": { "type": "Polygon", "coordinates": [ [ [ 77.569138575562704, 13.021272008623779 ], [ 77.569138575562704, 13.025763564498734 ], [ 77.564529337191857, 13.025763564498734 ], [ 77.564529337191857, 13.021272008623779 ], [ 77.569138575562704, 13.021272008623779 ] ] ] } },
{ "type": "Feature", "properties": { "cell_id": 1203, "lon": 77.571443194748127, "lat": 13.023517786561257 }, "geometry": { "type": "Polygon", "coordinates": [ [ [ 77.573747813933551, 13.021272008623779 ], [ 77.573747813933551, 13.025763564498734 ], [ 77.569138575562704, 13.025763564498734 ], [ 77.569138575562704, 13.021272008623779 ], [ 77.573747813933551, 13.021272008623779 ] ] ] } },
{ "type": "Feature", "properties": { "cell_id": 1204, "lon": 77.576052433118974, "lat": 13.023517786561257 }, "geometry": { "type": "Polygon", "coordinates": [ [ [ 77.578357052304398, 13.021272008623779 ], [ 77.578357052304398, 13.025763564498734 ], [ 77.573747813933551, 13.025763564498734 ], [ 77.573747813933551, 13.021272008623779 ], [ 77.578357052304398, 13.021272008623779 ] ] ] } },
{ "type": "Feature", "properties": { "cell_id": 1205, "lon": 77.580661671489821, "lat": 13.023517786561257 }, "geometry": { "type": "Polygon", "coordinates": [ [ [ 77.582966290675245, 13.021272008623779 ], [ 77.582966290675245, 13.025763564498734 ], [ 77.578357052304398, 13.025763564498734 ], [ 77.578357052304398, 13.021272008623779 ], [ 77.582966290675245, 13.021272008623779 ] ] ] } },
{ "type": "Feature", "properties": { "cell_id": 1206, "lon": 77.585270909860668, "lat": 13.023517786561257 }, "geometry": { "type": "Polygon", "coordinates": [ [ [ 77.587575529046092, 13.021272008623779 ], [ 77.587575529046092, 13.025763564498734 ], [ 77.582966290675245, 13.025763564498734 ], [ 77.582966290675245, 13.021272008623779 ], [ 77.587575529046092, 13.021272008623779 ] ] ] } },
{ "type": "Feature", "properties": { "cell_id": 1207, "lon": 77.589880148231515, "lat": 13.023517786561257 }, "geometry": { "type": "Polygon", "coordinates": [ [ [ 77.592184767416938, 13.021272008623779 ], [ 77.592184767416938, 13.025763564498734 ], [ 77.587575529046092, 13.025763564498734 ], [ 77.587575529046092, 13.021272008623779 ], [ 77.592184767416938, 13.021272008623779 ] ] ] } },
{ "type": "Feature", "properties": { "cell_id": 1208, "lon": 77.594489386602362, "lat": 13.023517786561257 }, "geometry": { "type": "Polygon", "coordinates": [ [ [ 77.596794005787785, 13.021272008623779 ], [ 77.596794005787785, 13.025763564498734 ], [ 77.592184767416938, 13.025763564498734 ], [ 77.592184767416938, 13.021272008623779 ], [ 77.596794005787785, 13.021272008623779 ] ] ] } },
{ "type": "Feature", "properties": { "cell_id": 1209, "lon": 77.599098624973209, "lat": 13.023517786561257 }, "geometry": { "type": "Polygon", "coordinates": [ [ [ 77.601403244158632, 13.021272008623779 ], [ 77.601403244158632, 13.025763564498734 ], [ 77.596794005787785, 13.025763564498734 ], [ 77.596794005787785, 13.021272008623779 ], [ 77.601403244158632, 13.021272008623779 ] ] ] } },
{ "type": "Feature", "properties": { "cell_id": 1210, "lon": 77.603707863344056, "lat": 13.023517786561257 }, "geometry": { "type": "Polygon", "coordinates": [ [ [ 77.606012482529479, 13.021272008623779 ], [ 77.606012482529479, 13.025763564498734 ], [ 77.601403244158632, 13.025763564498734 ], [ 77.601403244158632, 13.021272008623779 ], [ 77.606012482529479, 13.021272008623779 ] ] ] } },
{ "type": "Feature", "properties": { "cell_id": 1211, "lon": 77.608317101714903, "lat": 13.023517786561257 }, "geometry": { "type": "Polygon", "coordinates": [ [ [ 77.610621720900326, 13.021272008623779 ], [ 77.610621720900326, 13.025763564498734 ], [ 77.606012482529479, 13.025763564498734 ], [ 77.606012482529479, 13.021272008623779 ], [ 77.610621720900326, 13.021272008623779 ] ] ] } },
{ "type": "Feature", "properties": { "cell_id": 1212, "lon": 77.61292634008575, "lat": 13.023517786561257 }, "geometry": { "type": "Polygon", "coordinates": [ [ [ 77.615230959271173, 13.021272008623779 ], [ 77.615230959271173, 13.025763564498734 ], [ 77.610621720900326, 13.025763564498734 ], [ 77.610621720900326, 13.021272008623779 ], [ 77.615230959271173, 13.021272008623779 ] ] ] } },
{ "type": "Feature", "properties": { "cell_id": 1213, "lon": 77.617535578456597, "lat": 13.023517786561257 }, "geometry": { "type": "Polygon", "coordinates": [ [ [ 77.61984019764202, 13.021272008623779 ], [ 77.61984019764202, 13.025763564498734 ], [ 77.615230959271173, 13.025763564498734 ], [ 77.615230959271173, 13.021272008623779 ], [ 77.61984019764202, 13.021272008623779 ] ] ] } },
{ "type": "Feature", "properties": { "cell_id": 1214, "lon": 77.622144816827443, "lat": 13.023517786561257 }, "geometry": { "type": "Polygon", "coordinates": [ [ [ 77.624449436012867, 13.021272008623779 ], [ 77.624449436012867, 13.025763564498734 ], [ 77.61984019764202, 13.025763564498734 ], [ 77.61984019764202, 13.021272008623779 ], [ 77.624449436012867, 13.021272008623779 ] ] ] } },
{ "type": "Feature", "properties": { "cell_id": 1215, "lon": 77.62675405519829, "lat": 13.023517786561257 }, "geometry": { "type": "Polygon", "coordinates": [ [ [ 77.629058674383714, 13.021272008623779 ], [ 77.629058674383714, 13.025763564498734 ], [ 77.624449436012867, 13.025763564498734 ], [ 77.624449436012867, 13.021272008623779 ], [ 77.629058674383714, 13.021272008623779 ] ] ] } },
{ "type": "Feature", "properties": { "cell_id": 1216, "lon": 77.631363293569137, "lat": 13.023517786561257 }, "geometry": { "type": "Polygon", "coordinates": [ [ [ 77.633667912754561, 13.021272008623779 ], [ 77.633667912754561, 13.025763564498734 ], [ 77.629058674383714, 13.025763564498734 ], [ 77.629058674383714, 13.021272008623779 ], [ 77.633667912754561, 13.021272008623779 ] ] ] } },
{ "type": "Feature", "properties": { "cell_id": 1217, "lon": 77.635972531939984, "lat": 13.023517786561257 }, "geometry": { "type": "Polygon", "coordinates": [ [ [ 77.638277151125408, 13.021272008623779 ], [ 77.638277151125408, 13.025763564498734 ], [ 77.633667912754561, 13.025763564498734 ], [ 77.633667912754561, 13.021272008623779 ], [ 77.638277151125408, 13.021272008623779 ] ] ] } },
{ "type": "Feature", "properties": { "cell_id": 1218, "lon": 77.640581770310831, "lat": 13.023517786561257 }, "geometry": { "type": "Polygon", "coordinates": [ [ [ 77.642886389496255, 13.021272008623779 ], [ 77.642886389496255, 13.025763564498734 ], [ 77.638277151125408, 13.025763564498734 ], [ 77.638277151125408, 13.021272008623779 ], [ 77.642886389496255, 13.021272008623779 ] ] ] } },
{ "type": "Feature", "properties": { "cell_id": 1219, "lon": 77.645191008681678, "lat": 13.023517786561257 }, "geometry": { "type": "Polygon", "coordinates": [ [ [ 77.647495627867102, 13.021272008623779 ], [ 77.647495627867102, 13.025763564498734 ], [ 77.642886389496255, 13.025763564498734 ], [ 77.642886389496255, 13.021272008623779 ], [ 77.647495627867102, 13.021272008623779 ] ] ] } },
{ "type": "Feature", "properties": { "cell_id": 1220, "lon": 77.649800247052525, "lat": 13.023517786561257 }, "geometry": { "type": "Polygon", "coordinates": [ [ [ 77.652104866237948, 13.021272008623779 ], [ 77.652104866237948, 13.025763564498734 ], [ 77.647495627867102, 13.025763564498734 ], [ 77.647495627867102, 13.021272008623779 ], [ 77.652104866237948, 13.021272008623779 ] ] ] } },
{ "type": "Feature", "properties": { "cell_id": 1221, "lon": 77.654409485423372, "lat": 13.023517786561257 }, "geometry": { "type": "Polygon", "coordinates": [ [ [ 77.656714104608795, 13.021272008623779 ], [ 77.656714104608795, 13.025763564498734 ], [ 77.652104866237948, 13.025763564498734 ], [ 77.652104866237948, 13.021272008623779 ], [ 77.656714104608795, 13.021272008623779 ] ] ] } },
{ "type": "Feature", "properties": { "cell_id": 1222, "lon": 77.659018723794219, "lat": 13.023517786561257 }, "geometry": { "type": "Polygon", "coordinates": [ [ [ 77.661323342979642, 13.021272008623779 ], [ 77.661323342979642, 13.025763564498734 ], [ 77.656714104608795, 13.025763564498734 ], [ 77.656714104608795, 13.021272008623779 ], [ 77.661323342979642, 13.021272008623779 ] ] ] } },
{ "type": "Feature", "properties": { "cell_id": 1223, "lon": 77.663627962165066, "lat": 13.023517786561257 }, "geometry": { "type": "Polygon", "coordinates": [ [ [ 77.665932581350489, 13.021272008623779 ], [ 77.665932581350489, 13.025763564498734 ], [ 77.661323342979642, 13.025763564498734 ], [ 77.661323342979642, 13.021272008623779 ], [ 77.665932581350489, 13.021272008623779 ] ] ] } },
{ "type": "Feature", "properties": { "cell_id": 1224, "lon": 77.668237200535913, "lat": 13.023517786561257 }, "geometry": { "type": "Polygon", "coordinates": [ [ [ 77.670541819721336, 13.021272008623779 ], [ 77.670541819721336, 13.025763564498734 ], [ 77.665932581350489, 13.025763564498734 ], [ 77.665932581350489, 13.021272008623779 ], [ 77.670541819721336, 13.021272008623779 ] ] ] } },
{ "type": "Feature", "properties": { "cell_id": 1225, "lon": 77.67284643890676, "lat": 13.023517786561257 }, "geometry": { "type": "Polygon", "coordinates": [ [ [ 77.675151058092183, 13.021272008623779 ], [ 77.675151058092183, 13.025763564498734 ], [ 77.670541819721336, 13.025763564498734 ], [ 77.670541819721336, 13.021272008623779 ], [ 77.675151058092183, 13.021272008623779 ] ] ] } },
{ "type": "Feature", "properties": { "cell_id": 1226, "lon": 77.677455677277607, "lat": 13.023517786561257 }, "geometry": { "type": "Polygon", "coordinates": [ [ [ 77.67976029646303, 13.021272008623779 ], [ 77.67976029646303, 13.025763564498734 ], [ 77.675151058092183, 13.025763564498734 ], [ 77.675151058092183, 13.021272008623779 ], [ 77.67976029646303, 13.021272008623779 ] ] ] } },
{ "type": "Feature", "properties": { "cell_id": 1227, "lon": 77.682064915648454, "lat": 13.023517786561257 }, "geometry": { "type": "Polygon", "coordinates": [ [ [ 77.684369534833877, 13.021272008623779 ], [ 77.684369534833877, 13.025763564498734 ], [ 77.67976029646303, 13.025763564498734 ], [ 77.67976029646303, 13.021272008623779 ], [ 77.684369534833877, 13.021272008623779 ] ] ] } },
{ "type": "Feature", "properties": { "cell_id": 1228, "lon": 77.6866741540193, "lat": 13.023517786561257 }, "geometry": { "type": "Polygon", "coordinates": [ [ [ 77.688978773204724, 13.021272008623779 ], [ 77.688978773204724, 13.025763564498734 ], [ 77.684369534833877, 13.025763564498734 ], [ 77.684369534833877, 13.021272008623779 ], [ 77.688978773204724, 13.021272008623779 ] ] ] } },
{ "type": "Feature", "properties": { "cell_id": 1229, "lon": 77.691283392390147, "lat": 13.023517786561257 }, "geometry": { "type": "Polygon", "coordinates": [ [ [ 77.693588011575571, 13.021272008623779 ], [ 77.693588011575571, 13.025763564498734 ], [ 77.688978773204724, 13.025763564498734 ], [ 77.688978773204724, 13.021272008623779 ], [ 77.693588011575571, 13.021272008623779 ] ] ] } },
{ "type": "Feature", "properties": { "cell_id": 1230, "lon": 77.695892630760994, "lat": 13.023517786561257 }, "geometry": { "type": "Polygon", "coordinates": [ [ [ 77.698197249946418, 13.021272008623779 ], [ 77.698197249946418, 13.025763564498734 ], [ 77.693588011575571, 13.025763564498734 ], [ 77.693588011575571, 13.021272008623779 ], [ 77.698197249946418, 13.021272008623779 ] ] ] } },
{ "type": "Feature", "properties": { "cell_id": 1231, "lon": 77.700501869131841, "lat": 13.023517786561257 }, "geometry": { "type": "Polygon", "coordinates": [ [ [ 77.702806488317265, 13.021272008623779 ], [ 77.702806488317265, 13.025763564498734 ], [ 77.698197249946418, 13.025763564498734 ], [ 77.698197249946418, 13.021272008623779 ], [ 77.702806488317265, 13.021272008623779 ] ] ] } },
{ "type": "Feature", "properties": { "cell_id": 1232, "lon": 77.502304619185423, "lat": 13.028009342436212 }, "geometry": { "type": "Polygon", "coordinates": [ [ [ 77.504609238370847, 13.025763564498734 ], [ 77.504609238370847, 13.030255120373688 ], [ 77.5, 13.030255120373688 ], [ 77.5, 13.025763564498734 ], [ 77.504609238370847, 13.025763564498734 ] ] ] } },
{ "type": "Feature", "properties": { "cell_id": 1233, "lon": 77.50691385755627, "lat": 13.028009342436212 }, "geometry": { "type": "Polygon", "coordinates": [ [ [ 77.509218476741694, 13.025763564498734 ], [ 77.509218476741694, 13.030255120373688 ], [ 77.504609238370847, 13.030255120373688 ], [ 77.504609238370847, 13.025763564498734 ], [ 77.509218476741694, 13.025763564498734 ] ] ] } },
{ "type": "Feature", "properties": { "cell_id": 1234, "lon": 77.511523095927117, "lat": 13.028009342436212 }, "geometry": { "type": "Polygon", "coordinates": [ [ [ 77.513827715112541, 13.025763564498734 ], [ 77.513827715112541, 13.030255120373688 ], [ 77.509218476741694, 13.030255120373688 ], [ 77.509218476741694, 13.025763564498734 ], [ 77.513827715112541, 13.025763564498734 ] ] ] } },
{ "type": "Feature", "properties": { "cell_id": 1235, "lon": 77.516132334297964, "lat": 13.028009342436212 }, "geometry": { "type": "Polygon", "coordinates": [ [ [ 77.518436953483388, 13.025763564498734 ], [ 77.518436953483388, 13.030255120373688 ], [ 77.513827715112541, 13.030255120373688 ], [ 77.513827715112541, 13.025763564498734 ], [ 77.518436953483388, 13.025763564498734 ] ] ] } },
{ "type": "Feature", "properties": { "cell_id": 1236, "lon": 77.520741572668811, "lat": 13.028009342436212 }, "geometry": { "type": "Polygon", "coordinates": [ [ [ 77.523046191854235, 13.025763564498734 ], [ 77.523046191854235, 13.030255120373688 ], [ 77.518436953483388, 13.030255120373688 ], [ 77.518436953483388, 13.025763564498734 ], [ 77.523046191854235, 13.025763564498734 ] ] ] } },
{ "type": "Feature", "properties": { "cell_id": 1237, "lon": 77.525350811039658, "lat": 13.028009342436212 }, "geometry": { "type": "Polygon", "coordinates": [ [ [ 77.527655430225082, 13.025763564498734 ], [ 77.527655430225082, 13.030255120373688 ], [ 77.523046191854235, 13.030255120373688 ], [ 77.523046191854235, 13.025763564498734 ], [ 77.527655430225082, 13.025763564498734 ] ] ] } },
{ "type": "Feature", "properties": { "cell_id": 1238, "lon": 77.529960049410505, "lat": 13.028009342436212 }, "geometry": { "type": "Polygon", "coordinates": [ [ [ 77.532264668595928, 13.025763564498734 ], [ 77.532264668595928, 13.030255120373688 ], [ 77.527655430225082, 13.030255120373688 ], [ 77.527655430225082, 13.025763564498734 ], [ 77.532264668595928, 13.025763564498734 ] ] ] } },
{ "type": "Feature", "properties": { "cell_id": 1239, "lon": 77.534569287781352, "lat": 13.028009342436212 }, "geometry": { "type": "Polygon", "coordinates": [ [ [ 77.536873906966775, 13.025763564498734 ], [ 77.536873906966775, 13.030255120373688 ], [ 77.532264668595928, 13.030255120373688 ], [ 77.532264668595928, 13.025763564498734 ], [ 77.536873906966775, 13.025763564498734 ] ] ] } },
{ "type": "Feature", "properties": { "cell_id": 1240, "lon": 77.539178526152199, "lat": 13.028009342436212 }, "geometry": { "type": "Polygon", "coordinates": [ [ [ 77.541483145337622, 13.025763564498734 ], [ 77.541483145337622, 13.030255120373688 ], [ 77.536873906966775, 13.030255120373688 ], [ 77.536873906966775, 13.025763564498734 ], [ 77.541483145337622, 13.025763564498734 ] ] ] } },
{ "type": "Feature", "properties": { "cell_id": 1241, "lon": 77.543787764523046, "lat": 13.028009342436212 }, "geometry": { "type": "Polygon", "coordinates": [ [ [ 77.546092383708469, 13.025763564498734 ], [ 77.546092383708469, 13.030255120373688 ], [ 77.541483145337622, 13.030255120373688 ], [ 77.541483145337622, 13.025763564498734 ], [ 77.546092383708469, 13.025763564498734 ] ] ] } },
{ "type": "Feature", "properties": { "cell_id": 1242, "lon": 77.548397002893893, "lat": 13.028009342436212 }, "geometry": { "type": "Polygon", "coordinates": [ [ [ 77.550701622079316, 13.025763564498734 ], [ 77.550701622079316, 13.030255120373688 ], [ 77.546092383708469, 13.030255120373688 ], [ 77.546092383708469, 13.025763564498734 ], [ 77.550701622079316, 13.025763564498734 ] ] ] } },
{ "type": "Feature", "properties": { "cell_id": 1243, "lon": 77.55300624126474, "lat": 13.028009342436212 }, "geometry": { "type": "Polygon", "coordinates": [ [ [ 77.555310860450163, 13.025763564498734 ], [ 77.555310860450163, 13.030255120373688 ], [ 77.550701622079316, 13.030255120373688 ], [ 77.550701622079316, 13.025763564498734 ], [ 77.555310860450163, 13.025763564498734 ] ] ] } },
{ "type": "Feature", "properties": { "cell_id": 1244, "lon": 77.557615479635587, "lat": 13.028009342436212 }, "geometry": { "type": "Polygon", "coordinates": [ [ [ 77.55992009882101, 13.025763564498734 ], [ 77.55992009882101, 13.030255120373688 ], [ 77.555310860450163, 13.030255120373688 ], [ 77.555310860450163, 13.025763564498734 ], [ 77.55992009882101, 13.025763564498734 ] ] ] } },
{ "type": "Feature", "properties": { "cell_id": 1245, "lon": 77.562224718006433, "lat": 13.028009342436212 }, "geometry": { "type": "Polygon", "coordinates": [ [ [ 77.564529337191857, 13.025763564498734 ], [ 77.564529337191857, 13.030255120373688 ], [ 77.55992009882101, 13.030255120373688 ], [ 77.55992009882101, 13.025763564498734 ], [ 77.564529337191857, 13.025763564498734 ] ] ] } },
{ "type": "Feature", "properties": { "cell_id": 1246, "lon": 77.56683395637728, "lat": 13.028009342436212 }, "geometry": { "type": "Polygon", "coordinates": [ [ [ 77.569138575562704, 13.025763564498734 ], [ 77.569138575562704, 13.030255120373688 ], [ 77.564529337191857, 13.030255120373688 ], [ 77.564529337191857, 13.025763564498734 ], [ 77.569138575562704, 13.025763564498734 ] ] ] } },
{ "type": "Feature", "properties": { "cell_id": 1247, "lon": 77.571443194748127, "lat": 13.028009342436212 }, "geometry": { "type": "Polygon", "coordinates": [ [ [ 77.573747813933551, 13.025763564498734 ], [ 77.573747813933551, 13.030255120373688 ], [ 77.569138575562704, 13.030255120373688 ], [ 77.569138575562704, 13.025763564498734 ], [ 77.573747813933551, 13.025763564498734 ] ] ] } },
{ "type": "Feature", "properties": { "cell_id": 1248, "lon": 77.576052433118974, "lat": 13.028009342436212 }, "geometry": { "type": "Polygon", "coordinates": [ [ [ 77.578357052304398, 13.025763564498734 ], [ 77.578357052304398, 13.030255120373688 ], [ 77.573747813933551, 13.030255120373688 ], [ 77.573747813933551, 13.025763564498734 ], [ 77.578357052304398, 13.025763564498734 ] ] ] } },
{ "type": "Feature", "properties": { "cell_id": 1249, "lon": 77.580661671489821, "lat": 13.028009342436212 }, "geometry": { "type": "Polygon", "coordinates": [ [ [ 77.582966290675245, 13.025763564498734 ], [ 77.582966290675245, 13.030255120373688 ], [ 77.578357052304398, 13.030255120373688 ], [ 77.578357052304398, 13.025763564498734 ], [ 77.582966290675245, 13.025763564498734 ] ] ] } },
{ "type": "Feature", "properties": { "cell_id": 1250, "lon": 77.585270909860668, "lat": 13.028009342436212 }, "geometry": { "type": "Polygon", "coordinates": [ [ [ 77.587575529046092, 13.025763564498734 ], [ 77.587575529046092, 13.030255120373688 ], [ 77.582966290675245, 13.030255120373688 ], [ 77.582966290675245, 13.025763564498734 ], [ 77.587575529046092, 13.025763564498734 ] ] ] } },
{ "type": "Feature", "properties": { "cell_id": 1251, "lon": 77.589880148231515, "lat": 13.028009342436212 }, "geometry": { "type": "Polygon", "coordinates": [ [ [ 77.592184767416938, 13.025763564498734 ], [ 77.592184767416938, 13.030255120373688 ], [ 77.587575529046092, 13.030255120373688 ], [ 77.587575529046092, 13.025763564498734 ], [ 77.592184767416938, 13.025763564498734 ] ] ] } },
{ "type": "Feature", "properties": { "cell_id": 1252, "lon": 77.594489386602362, "lat": 13.028009342436212 }, "geometry": { "type": "Polygon", "coordinates": [ [ [ 77.596794005787785, 13.025763564498734 ], [ 77.596794005787785, 13.030255120373688 ], [ 77.592184767416938, 13.030255120373688 ], [ 77.592184767416938, 13.025763564498734 ], [ 77.596794005787785, 13.025763564498734 ] ] ] } },
{ "type": "Feature", "properties": { "cell_id": 1253, "lon": 77.599098624973209, "lat": 13.028009342436212 }, "geometry": { "type": "Polygon", "coordinates": [ [ [ 77.601403244158632, 13.025763564498734 ], [ 77.601403244158632, 13.030255120373688 ], [ 77.596794005787785, 13.030255120373688 ], [ 77.596794005787785, 13.025763564498734 ], [ 77.601403244158632, 13.025763564498734 ] ] ] } },
{ "type": "Feature", "properties": { "cell_id": 1254, "lon": 77.603707863344056, "lat": 13.028009342436212 }, "geometry": { "type": "Polygon", "coordinates": [ [ [ 77.606012482529479, 13.025763564498734 ], [ 77.606012482529479, 13.030255120373688 ], [ 77.601403244158632, 13.030255120373688 ], [ 77.601403244158632, 13.025763564498734 ], [ 77.606012482529479, 13.025763564498734 ] ] ] } },
{ "type": "Feature", "properties": { "cell_id": 1255, "lon": 77.608317101714903, "lat": 13.028009342436212 }, "geometry": { "type": "Polygon", "coordinates": [ [ [ 77.610621720900326, 13.025763564498734 ], [ 77.610621720900326, 13.030255120373688 ], [ 77.606012482529479, 13.030255120373688 ], [ 77.606012482529479, 13.025763564498734 ], [ 77.610621720900326, 13.025763564498734 ] ] ] } },
{ "type": "Feature", "properties": { "cell_id": 1256, "lon": 77.61292634008575, "lat": 13.028009342436212 }, "geometry": { "type": "Polygon", "coordinates": [ [ [ 77.615230959271173, 13.025763564498734 ], [ 77.615230959271173, 13.030255120373688 ], [ 77.610621720900326, 13.030255120373688 ], [ 77.610621720900326, 13.025763564498734 ], [ 77.615230959271173, 13.025763564498734 ] ] ] } },
{ "type": "Feature", "properties": { "cell_id": 1257, "lon": 77.617535578456597, "lat": 13.028009342436212 }, "geometry": { "type": "Polygon", "coordinates": [ [ [ 77.61984019764202, 13.025763564498734 ], [ 77.61984019764202, 13.030255120373688 ], [ 77.615230959271173, 13.030255120373688 ], [ 77.615230959271173, 13.025763564498734 ], [ 77.61984019764202, 13.025763564498734 ] ] ] } },
{ "type": "Feature", "properties": { "cell_id": 1258, "lon": 77.622144816827443, "lat": 13.028009342436212 }, "geometry": { "type": "Polygon", "coordinates": [ [ [ 77.624449436012867, 13.025763564498734 ], [ 77.624449436012867, 13.030255120373688 ], [ 77.61984019764202, 13.030255120373688 ], [ 77.61984019764202, 13.025763564498734 ], [ 77.624449436012867, 13.025763564498734 ] ] ] } },
{ "type": "Feature", "properties": { "cell_id": 1259, "lon": 77.62675405519829, "lat": 13.028009342436212 }, "geometry": { "type": "Polygon", "coordinates": [ [ [ 77.629058674383714, 13.025763564498734 ], [ 77.629058674383714, 13.030255120373688 ], [ 77.624449436012867, 13.030255120373688 ], [ 77.624449436012867, 13.025763564498734 ], [ 77.629058674383714, 13.025763564498734 ] ] ] } },
{ "type": "Feature", "properties": { "cell_id": 1260, "lon": 77.631363293569137, "lat": 13.028009342436212 }, "geometry": { "type": "Polygon", "coordinates": [ [ [ 77.633667912754561, 13.025763564498734 ], [ 77.633667912754561, 13.030255120373688 ], [ 77.629058674383714, 13.030255120373688 ], [ 77.629058674383714, 13.025763564498734 ], [ 77.633667912754561, 13.025763564498734 ] ] ] } },
{ "type": "Feature", "properties": { "cell_id": 1261, "lon": 77.635972531939984, "lat": 13.028009342436212 }, "geometry": { "type": "Polygon", "coordinates": [ [ [ 77.638277151125408, 13.025763564498734 ], [ 77.638277151125408, 13.030255120373688 ], [ 77.633667912754561, 13.030255120373688 ], [ 77.633667912754561, 13.025763564498734 ], [ 77.638277151125408, 13.025763564498734 ] ] ] } },
{ "type": "Feature", "properties": { "cell_id": 1262, "lon": 77.640581770310831, "lat": 13.028009342436212 }, "geometry": { "type": "Polygon", "coordinates": [ [ [ 77.642886389496255, 13.025763564498734 ], [ 77.642886389496255, 13.030255120373688 ], [ 77.638277151125408, 13.030255120373688 ], [ 77.638277151125408, 13.025763564498734 ], [ 77.642886389496255, 13.025763564498734 ] ] ] } },
{ "type": "Feature", "properties": { "cell_id": 1263, "lon": 77.645191008681678, "lat": 13.028009342436212 }, "geometry": { "type": "Polygon", "coordinates": [ [ [ 77.647495627867102, 13.025763564498734 ], [ 77.647495627867102, 13.030255120373688 ], [ 77.642886389496255, 13.030255120373688 ], [ 77.642886389496255, 13.025763564498734 ], [ 77.647495627867102, 13.025763564498734 ] ] ] } },
{ "type": "Feature", "properties": { "cell_id": 1264, "lon": 77.649800247052525, "lat": 13.028009342436212 }, "geometry": { "type": "Polygon", "coordinates": [ [ [ 77.652104866237948, 13.025763564498734 ], [ 77.652104866237948, 13.030255120373688 ], [ 77.647495627867102, 13.030255120373688 ], [ 77.647495627867102, 13.025763564498734 ], [ 77.652104866237948, 13.025763564498734 ] ] ] } },
{ "type": "Feature", "properties": { "cell_id": 1265, "lon": 77.654409485423372, "lat": 13.028009342436212 }, "geometry": { "type": "Polygon", "coordinates": [ [ [ 77.656714104608795, 13.025763564498734 ], [ 77.656714104608795, 13.030255120373688 ], [ 77.652104866237948, 13.030255120373688 ], [ 77.652104866237948, 13.025763564498734 ], [ 77.656714104608795, 13.025763564498734 ] ] ] } },
{ "type": "Feature", "properties": { "cell_id": 1266, "lon": 77.659018723794219, "lat": 13.028009342436212 }, "geometry": { "type": "Polygon", "coordinates": [ [ [ 77.661323342979642, 13.025763564498734 ], [ 77.661323342979642, 13.030255120373688 ], [ 77.656714104608795, 13.030255120373688 ], [ 77.656714104608795, 13.025763564498734 ], [ 77.661323342979642, 13.025763564498734 ] ] ] } },
{ "type": "Feature", "properties": { "cell_id": 1267, "lon": 77.663627962165066, "lat": 13.028009342436212 }, "geometry": { "type": "Polygon", "coordinates": [ [ [ 77.665932581350489, 13.025763564498734 ], [ 77.665932581350489, 13.030255120373688 ], [ 77.661323342979642, 13.030255120373688 ], [ 77.661323342979642, 13.025763564498734 ], [ 77.665932581350489, 13.025763564498734 ] ] ] } },
{ "type": "Feature", "properties": { "cell_id": 1268, "lon": 77.668237200535913, "lat": 13.028009342436212 }, "geometry": { "type": "Polygon", "coordinates": [ [ [ 77.670541819721336, 13.025763564498734 ], [ 77.670541819721336, 13.030255120373688 ], [ 77.665932581350489, 13.030255120373688 ], [ 77.665932581350489, 13.025763564498734 ], [ 77.670541819721336, 13.025763564498734 ] ] ] } },
{ "type": "Feature", "properties": { "cell_id": 1269, "lon": 77.67284643890676, "lat": 13.028009342436212 }, "geometry": { "type": "Polygon", "coordinates": [ [ [ 77.675151058092183, 13.025763564498734 ], [ 77.675151058092183, 13.030255120373688 ], [ 77.670541819721336, 13.030255120373688 ], [ 77.670541819721336, 13.025763564498734 ], [ 77.675151058092183, 13.025763564498734 ] ] ] } },
{ "type": "Feature", "properties": { "cell_id": 1270, "lon": 77.677455677277607, "lat": 13.028009342436212 }, "geometry": { "type": "Polygon", "coordinates": [ [ [ 77.67976029646303, 13.025763564498734 ], [ 77.67976029646303, 13.030255120373688 ], [ 77.675151058092183, 13.030255120373688 ], [ 77.675151058092183, 13.025763564498734 ], [ 77.67976029646303, 13.025763564498734 ] ] ] } },
{ "type": "Feature", "properties": { "cell_id": 1271, "lon": 77.682064915648454, "lat": 13.028009342436212 }, "geometry": { "type": "Polygon", "coordinates": [ [ [ 77.684369534833877, 13.025763564498734 ], [ 77.684369534833877, 13.030255120373688 ], [ 77.67976029646303, 13.030255120373688 ], [ 77.67976029646303, 13.025763564498734 ], [ 77.684369534833877, 13.025763564498734 ] ] ] } },
{ "type": "Feature", "properties": { "cell_id": 1272, "lon": 77.6866741540193, "lat": 13.028009342436212 }, "geometry": { "type": "Polygon", "coordinates": [ [ [ 77.688978773204724, 13.025763564498734 ], [ 77.688978773204724, 13.030255120373688 ], [ 77.684369534833877, 13.030255120373688 ], [ 77.684369534833877, 13.025763564498734 ], [ 77.688978773204724, 13.025763564498734 ] ] ] } },
{ "type": "Feature", "properties": { "cell_id": 1273, "lon": 77.691283392390147, "lat": 13.028009342436212 }, "geometry": { "type": "Polygon", "coordinates": [ [ [ 77.693588011575571, 13.025763564498734 ], [ 77.693588011575571, 13.030255120373688 ], [ 77.688978773204724, 13.030255120373688 ], [ 77.688978773204724, 13.025763564498734 ], [ 77.693588011575571, 13.025763564498734 ] ] ] } },
{ "type": "Feature", "properties": { "cell_id": 1274, "lon": 77.695892630760994, "lat": 13.028009342436212 }, "geometry": { "type": "Polygon", "coordinates": [ [ [ 77.698197249946418, 13.025763564498734 ], [ 77.698197249946418, 13.030255120373688 ], [ 77.693588011575571, 13.030255120373688 ], [ 77.693588011575571, 13.025763564498734 ], [ 77.698197249946418, 13.025763564498734 ] ] ] } },
{ "type": "Feature", "properties": { "cell_id": 1275, "lon": 77.700501869131841, "lat": 13.028009342436212 }, "geometry": { "type": "Polygon", "coordinates": [ [ [ 77.702806488317265, 13.025763564498734 ], [ 77.702806488317265, 13.030255120373688 ], [ 77.698197249946418, 13.030255120373688 ], [ 77.698197249946418, 13.025763564498734 ], [ 77.702806488317265, 13.025763564498734 ] ] ] } },
{ "type": "Feature", "properties": { "cell_id": 1276, "lon": 77.502304619185423, "lat": 13.032500898311167 }, "geometry": { "type": "Polygon", "coordinates": [ [ [ 77.504609238370847, 13.030255120373688 ], [ 77.504609238370847, 13.034746676248643 ], [ 77.5, 13.034746676248643 ], [ 77.5, 13.030255120373688 ], [ 77.504609238370847, 13.030255120373688 ] ] ] } },
{ "type": "Feature", "properties": { "cell_id": 1277, "lon": 77.50691385755627, "lat": 13.032500898311167 }, "geometry": { "type": "Polygon", "coordinates": [ [ [ 77.509218476741694, 13.030255120373688 ], [ 77.509218476741694, 13.034746676248643 ], [ 77.504609238370847, 13.034746676248643 ], [ 77.504609238370847, 13.030255120373688 ], [ 77.509218476741694, 13.030255120373688 ] ] ] } },
{ "type": "Feature", "properties": { "cell_id": 1278, "lon": 77.511523095927117, "lat": 13.032500898311167 }, "geometry": { "type": "Polygon", "coordinates": [ [ [ 77.513827715112541, 13.030255120373688 ], [ 77.513827715112541, 13.034746676248643 ], [ 77.509218476741694, 13.034746676248643 ], [ 77.509218476741694, 13.030255120373688 ], [ 77.513827715112541, 13.030255120373688 ] ] ] } },
{ "type": "Feature", "properties": { "cell_id": 1279, "lon": 77.516132334297964, "lat": 13.032500898311167 }, "geometry": { "type": "Polygon", "coordinates": [ [ [ 77.518436953483388, 13.030255120373688 ], [ 77.518436953483388, 13.034746676248643 ], [ 77.513827715112541, 13.034746676248643 ], [ 77.513827715112541, 13.030255120373688 ], [ 77.518436953483388, 13.030255120373688 ] ] ] } },
{ "type": "Feature", "properties": { "cell_id": 1280, "lon": 77.520741572668811, "lat": 13.032500898311167 }, "geometry": { "type": "Polygon", "coordinates": [ [ [ 77.523046191854235, 13.030255120373688 ], [ 77.523046191854235, 13.034746676248643 ], [ 77.518436953483388, 13.034746676248643 ], [ 77.518436953483388, 13.030255120373688 ], [ 77.523046191854235, 13.030255120373688 ] ] ] } },
{ "type": "Feature", "properties": { "cell_id": 1281, "lon": 77.525350811039658, "lat": 13.032500898311167 }, "geometry": { "type": "Polygon", "coordinates": [ [ [ 77.527655430225082, 13.030255120373688 ], [ 77.527655430225082, 13.034746676248643 ], [ 77.523046191854235, 13.034746676248643 ], [ 77.523046191854235, 13.030255120373688 ], [ 77.527655430225082, 13.030255120373688 ] ] ] } },
{ "type": "Feature", "properties": { "cell_id": 1282, "lon": 77.529960049410505, "lat": 13.032500898311167 }, "geometry": { "type": "Polygon", "coordinates": [ [ [ 77.532264668595928, 13.030255120373688 ], [ 77.532264668595928, 13.034746676248643 ], [ 77.527655430225082, 13.034746676248643 ], [ 77.527655430225082, 13.030255120373688 ], [ 77.532264668595928, 13.030255120373688 ] ] ] } },
{ "type": "Feature", "properties": { "cell_id": 1283, "lon": 77.534569287781352, "lat": 13.032500898311167 }, "geometry": { "type": "Polygon", "coordinates": [ [ [ 77.536873906966775, 13.030255120373688 ], [ 77.536873906966775, 13.034746676248643 ], [ 77.532264668595928, 13.034746676248643 ], [ 77.532264668595928, 13.030255120373688 ], [ 77.536873906966775, 13.030255120373688 ] ] ] } },
{ "type": "Feature", "properties": { "cell_id": 1284, "lon": 77.539178526152199, "lat": 13.032500898311167 }, "geometry": { "type": "Polygon", "coordinates": [ [ [ 77.541483145337622, 13.030255120373688 ], [ 77.541483145337622, 13.034746676248643 ], [ 77.536873906966775, 13.034746676248643 ], [ 77.536873906966775, 13.030255120373688 ], [ 77.541483145337622, 13.030255120373688 ] ] ] } },
{ "type": "Feature", "properties": { "cell_id": 1285, "lon": 77.543787764523046, "lat": 13.032500898311167 }, "geometry": { "type": "Polygon", "coordinates": [ [ [ 77.546092383708469, 13.030255120373688 ], [ 77.546092383708469, 13.034746676248643 ], [ 77.541483145337622, 13.034746676248643 ], [ 77.541483145337622, 13.030255120373688 ], [ 77.546092383708469, 13.030255120373688 ] ] ] } },
{ "type": "Feature", "properties": { "cell_id": 1286, "lon": 77.548397002893893, "lat": 13.032500898311167 }, "geometry": { "type": "Polygon", "coordinates": [ [ [ 77.550701622079316, 13.030255120373688 ], [ 77.550701622079316, 13.034746676248643 ], [ 77.546092383708469, 13.034746676248643 ], [ 77.546092383708469, 13.030255120373688 ], [ 77.550701622079316, 13.030255120373688 ] ] ] } },
{ "type": "Feature", "properties": { "cell_id": 1287, "lon": 77.55300624126474, "lat": 13.032500898311167 }, "geometry": { "type": "Polygon", "coordinates": [ [ [ 77.555310860450163, 13.030255120373688 ], [ 77.555310860450163, 13.034746676248643 ], [ 77.550701622079316, 13.034746676248643 ], [ 77.550701622079316, 13.030255120373688 ], [ 77.555310860450163, 13.030255120373688 ] ] ] } },
{ "type": "Feature", "properties": { "cell_id": 1288, "lon": 77.557615479635587, "lat": 13.032500898311167 }, "geometry": { "type": "Polygon", "coordinates": [ [ [ 77.55992009882101, 13.030255120373688 ], [ 77.55992009882101, 13.034746676248643 ], [ 77.555310860450163, 13.034746676248643 ], [ 77.555310860450163, 13.030255120373688 ], [ 77.55992009882101, 13.030255120373688 ] ] ] } },
{ "type": "Feature", "properties": { "cell_id": 1289, "lon": 77.562224718006433, "lat": 13.032500898311167 }, "geometry": { "type": "Polygon", "coordinates": [ [ [ 77.564529337191857, 13.030255120373688 ], [ 77.564529337191857, 13.034746676248643 ], [ 77.55992009882101, 13.034746676248643 ], [ 77.55992009882101, 13.030255120373688 ], [ 77.564529337191857, 13.030255120373688 ] ] ] } },
{ "type": "Feature", "properties": { "cell_id": 1290, "lon": 77.56683395637728, "lat": 13.032500898311167 }, "geometry": { "type": "Polygon", "coordinates": [ [ [ 77.569138575562704, 13.030255120373688 ], [ 77.569138575562704, 13.034746676248643 ], [ 77.564529337191857, 13.034746676248643 ], [ 77.564529337191857, 13.030255120373688 ], [ 77.569138575562704, 13.030255120373688 ] ] ] } },
{ "type": "Feature", "properties": { "cell_id": 1291, "lon": 77.571443194748127, "lat": 13.032500898311167 }, "geometry": { "type": "Polygon", "coordinates": [ [ [ 77.573747813933551, 13.030255120373688 ], [ 77.573747813933551, 13.034746676248643 ], [ 77.569138575562704, 13.034746676248643 ], [ 77.569138575562704, 13.030255120373688 ], [ 77.573747813933551, 13.030255120373688 ] ] ] } },
{ "type": "Feature", "properties": { "cell_id": 1292, "lon": 77.576052433118974, "lat": 13.032500898311167 }, "geometry": { "type": "Polygon", "coordinates": [ [ [ 77.578357052304398, 13.030255120373688 ], [ 77.578357052304398, 13.034746676248643 ], [ 77.573747813933551, 13.034746676248643 ], [ 77.573747813933551, 13.030255120373688 ], [ 77.578357052304398, 13.030255120373688 ] ] ] } },
{ "type": "Feature", "properties": { "cell_id": 1293, "lon": 77.580661671489821, "lat": 13.032500898311167 }, "geometry": { "type": "Polygon", "coordinates": [ [ [ 77.582966290675245, 13.030255120373688 ], [ 77.582966290675245, 13.034746676248643 ], [ 77.578357052304398, 13.034746676248643 ], [ 77.578357052304398, 13.030255120373688 ], [ 77.582966290675245, 13.030255120373688 ] ] ] } },
{ "type": "Feature", "properties": { "cell_id": 1294, "lon": 77.585270909860668, "lat": 13.032500898311167 }, "geometry": { "type": "Polygon", "coordinates": [ [ [ 77.587575529046092, 13.030255120373688 ], [ 77.587575529046092, 13.034746676248643 ], [ 77.582966290675245, 13.034746676248643 ], [ 77.582966290675245, 13.030255120373688 ], [ 77.587575529046092, 13.030255120373688 ] ] ] } },
{ "type": "Feature", "properties": { "cell_id": 1295, "lon": 77.589880148231515, "lat": 13.032500898311167 }, "geometry": { "type": "Polygon", "coordinates": [ [ [ 77.592184767416938, 13.030255120373688 ], [ 77.592184767416938, 13.034746676248643 ], [ 77.587575529046092, 13.034746676248643 ], [ 77.587575529046092, 13.030255120373688 ], [ 77.592184767416938, 13.030255120373688 ] ] ] } },
{ "type": "Feature", "properties": { "cell_id": 1296, "lon": 77.594489386602362, "lat": 13.032500898311167 }, "geometry": { "type": "Polygon", "coordinates": [ [ [ 77.596794005787785, 13.030255120373688 ], [ 77.596794005787785, 13.034746676248643 ], [ 77.592184767416938, 13.034746676248643 ], [ 77.592184767416938, 13.030255120373688 ], [ 77.596794005787785, 13.030255120373688 ] ] ] } },
{ "type": "Feature", "properties": { "cell_id": 1297, "lon": 77.599098624973209, "lat": 13.032500898311167 }, "geometry": { "type": "Polygon", "coordinates": [ [ [ 77.601403244158632, 13.030255120373688 ], [ 77.601403244158632, 13.034746676248643 ], [ 77.596794005787785, 13.034746676248643 ], [ 77.596794005787785, 13.030255120373688 ], [ 77.601403244158632, 13.030255120373688 ] ] ] } },
{ "type": "Feature", "properties": { "cell_id": 1298, "lon": 77.603707863344056, "lat": 13.032500898311167 }, "geometry": { "type": "Polygon", "coordinates": [ [ [ 77.606012482529479, 13.030255120373688 ], [ 77.606012482529479, 13.034746676248643 ], [ 77.601403244158632, 13.034746676248643 ], [ 77.601403244158632, 13.030255120373688 ], [ 77.606012482529479, 13.030255120373688 ] ] ] } },
{ "type": "Feature", "properties": { "cell_id": 1299, "lon": 77.608317101714903, "lat": 13.032500898311167 }, "geometry": { "type": "Polygon", "coordinates": [ [ [ 77.610621720900326, 13.030255120373688 ], [ 77.610621720900326, 13.034746676248643 ], [ 77.606012482529479, 13.034746676248643 ], [ 77.606012482529479, 13.030255120373688 ], [ 77.610621720900326, 13.030255120373688 ] ] ] } },
{ "type": "Feature", "properties": { "cell_id": 1300, "lon": 77.61292634008575, "lat": 13.032500898311167 }, "geometry": { "type": "Polygon", "coordinates": [ [ [ 77.615230959271173, 13.030255120373688 ], [ 77.615230959271173, 13.034746676248643 ], [ 77.610621720900326, 13.034746676248643 ], [ 77.610621720900326, 13.030255120373688 ], [ 77.615230959271173, 13.030255120373688 ] ] ] } },
{ "type": "Feature", "properties": { "cell_id": 1301, "lon": 77.617535578456597, "lat": 13.032500898311167 }, "geometry": { "type": "Polygon", "coordinates": [ [ [ 77.61984019764202, 13.030255120373688 ], [ 77.61984019764202, 13.034746676248643 ], [ 77.615230959271173, 13.034746676248643 ], [ 77.615230959271173, 13.030255120373688 ], [ 77.61984019764202, 13.030255120373688 ] ] ] } },
{ "type": "Feature", "properties": { "cell_id": 1302, "lon": 77.622144816827443, "lat": 13.032500898311167 }, "geometry": { "type": "Polygon", "coordinates": [ [ [ 77.624449436012867, 13.030255120373688 ], [ 77.624449436012867, 13.034746676248643 ], [ 77.61984019764202, 13.034746676248643 ], [ 77.61984019764202, 13.030255120373688 ], [ 77.624449436012867, 13.030255120373688 ] ] ] } },
{ "type": "Feature", "properties": { "cell_id": 1303, "lon": 77.62675405519829, "lat": 13.032500898311167 }, "geometry": { "type": "Polygon", "coordinates": [ [ [ 77.629058674383714, 13.030255120373688 ], [ 77.629058674383714, 13.034746676248643 ], [ 77.624449436012867, 13.034746676248643 ], [ 77.624449436012867, 13.030255120373688 ], [ 77.629058674383714, 13.030255120373688 ] ] ] } },
{ "type": "Feature", "properties": { "cell_id": 1304, "lon": 77.631363293569137, "lat": 13.032500898311167 }, "geometry": { "type": "Polygon", "coordinates": [ [ [ 77.633667912754561, 13.030255120373688 ], [ 77.633667912754561, 13.034746676248643 ], [ 77.629058674383714, 13.034746676248643 ], [ 77.629058674383714, 13.030255120373688 ], [ 77.633667912754561, 13.030255120373688 ] ] ] } },
{ "type": "Feature", "properties": { "cell_id": 1305, "lon": 77.635972531939984, "lat": 13.032500898311167 }, "geometry": { "type": "Polygon", "coordinates": [ [ [ 77.638277151125408, 13.030255120373688 ], [ 77.638277151125408, 13.034746676248643 ], [ 77.633667912754561, 13.034746676248643 ], [ 77.633667912754561, 13.030255120373688 ], [ 77.638277151125408, 13.030255120373688 ] ] ] } },
{ "type": "Feature", "properties": { "cell_id": 1306, "lon": 77.640581770310831, "lat": 13.032500898311167 }, "geometry": { "type": "Polygon", "coordinates": [ [ [ 77.642886389496255, 13.030255120373688 ], [ 77.642886389496255, 13.034746676248643 ], [ 77.638277151125408, 13.034746676248643 ], [ 77.638277151125408, 13.030255120373688 ], [ 77.642886389496255, 13.030255120373688 ] ] ] } },
{ "type": "Feature", "properties": { "cell_id": 1307, "lon": 77.645191008681678, "lat": 13.032500898311167 }, "geometry": { "type": "Polygon", "coordinates": [ [ [ 77.647495627867102, 13.030255120373688 ], [ 77.647495627867102, 13.034746676248643 ], [ 77.642886389496255, 13.034746676248643 ], [ 77.642886389496255, 13.030255120373688 ], [ 77.647495627867102, 13.030255120373688 ] ] ] } },
{ "type": "Feature", "properties": { "cell_id": 1308, "lon": 77.649800247052525, "lat": 13.032500898311167 }, "geometry": { "type": "Polygon", "coordinates": [ [ [ 77.652104866237948, 13.030255120373688 ], [ 77.652104866237948, 13.034746676248643 ], [ 77.647495627867102, 13.034746676248643 ], [ 77.647495627867102, 13.030255120373688 ], [ 77.652104866237948, 13.030255120373688 ] ] ] } },
{ "type": "Feature", "properties": { "cell_id": 1309, "lon": 77.654409485423372, "lat": 13.032500898311167 }, "geometry": { "type": "Polygon", "coordinates": [ [ [ 77.656714104608795, 13.030255120373688 ], [ 77.656714104608795, 13.034746676248643 ], [ 77.652104866237948, 13.034746676248643 ], [ 77.652104866237948, 13.030255120373688 ], [ 77.656714104608795, 13.030255120373688 ] ] ] } },
{ "type": "Feature", "properties": { "cell_id": 1310, "lon": 77.659018723794219, "lat": 13.032500898311167 }, "geometry": { "type": "Polygon", "coordinates": [ [ [ 77.661323342979642, 13.030255120373688 ], [ 77.661323342979642, 13.034746676248643 ], [ 77.656714104608795, 13.034746676248643 ], [ 77.656714104608795, 13.030255120373688 ], [ 77.661323342979642, 13.030255120373688 ] ] ] } },
{ "type": "Feature", "properties": { "cell_id": 1311, "lon": 77.663627962165066, "lat": 13.032500898311167 }, "geometry": { "type": "Polygon", "coordinates": [ [ [ 77.665932581350489, 13.030255120373688 ], [ 77.665932581350489, 13.034746676248643 ], [ 77.661323342979642, 13.034746676248643 ], [ 77.661323342979642, 13.030255120373688 ], [ 77.665932581350489, 13.030255120373688 ] ] ] } },
{ "type": "Feature", "properties": { "cell_id": 1312, "lon": 77.668237200535913, "lat": 13.032500898311167 }, "geometry": { "type": "Polygon", "coordinates": [ [ [ 77.670541819721336, 13.030255120373688 ], [ 77.670541819721336, 13.034746676248643 ], [ 77.665932581350489, 13.034746676248643 ], [ 77.665932581350489, 13.030255120373688 ], [ 77.670541819721336, 13.030255120373688 ] ] ] } },
{ "type": "Feature", "properties": { "cell_id": 1313, "lon": 77.67284643890676, "lat": 13.032500898311167 }, "geometry": { "type": "Polygon", "coordinates": [ [ [ 77.675151058092183, 13.030255120373688 ], [ 77.675151058092183, 13.034746676248643 ], [ 77.670541819721336, 13.034746676248643 ], [ 77.670541819721336, 13.030255120373688 ], [ 77.675151058092183, 13.030255120373688 ] ] ] } },
{ "type": "Feature", "properties": { "cell_id": 1314, "lon": 77.677455677277607, "lat": 13.032500898311167 }, "geometry": { "type": "Polygon", "coordinates": [ [ [ 77.67976029646303, 13.030255120373688 ], [ 77.67976029646303, 13.034746676248643 ], [ 77.675151058092183, 13.034746676248643 ], [ 77.675151058092183, 13.030255120373688 ], [ 77.67976029646303, 13.030255120373688 ] ] ] } },
{ "type": "Feature", "properties": { "cell_id": 1315, "lon": 77.682064915648454, "lat": 13.032500898311167 }, "geometry": { "type": "Polygon", "coordinates": [ [ [ 77.684369534833877, 13.030255120373688 ], [ 77.684369534833877, 13.034746676248643 ], [ 77.67976029646303, 13.034746676248643 ], [ 77.67976029646303, 13.030255120373688 ], [ 77.684369534833877, 13.030255120373688 ] ] ] } },
{ "type": "Feature", "properties": { "cell_id": 1316, "lon": 77.6866741540193, "lat": 13.032500898311167 }, "geometry": { "type": "Polygon", "coordinates": [ [ [ 77.688978773204724, 13.030255120373688 ], [ 77.688978773204724, 13.034746676248643 ], [ 77.684369534833877, 13.034746676248643 ], [ 77.684369534833877, 13.030255120373688 ], [ 77.688978773204724, 13.030255120373688 ] ] ] } },
{ "type": "Feature", "properties": { "cell_id": 1317, "lon": 77.691283392390147, "lat": 13.032500898311167 }, "geometry": { "type": "Polygon", "coordinates": [ [ [ 77.693588011575571, 13.030255120373688 ], [ 77.693588011575571, 13.034746676248643 ], [ 77.688978773204724, 13.034746676248643 ], [ 77.688978773204724, 13.030255120373688 ], [ 77.693588011575571, 13.030255120373688 ] ] ] } },
{ "type": "Feature", "properties": { "cell_id": 1318, "lon": 77.695892630760994, "lat": 13.032500898311167 }, "geometry": { "type": "Polygon", "coordinates": [ [ [ 77.698197249946418, 13.030255120373688 ], [ 77.698197249946418, 13.034746676248643 ], [ 77.693588011575571, 13.034746676248643 ], [ 77.693588011575571, 13.030255120373688 ], [ 77.698197249946418, 13.030255120373688 ] ] ] } },
{ "type": "Feature", "properties": { "cell_id": 1319, "lon": 77.700501869131841, "lat": 13.032500898311167 }, "geometry": { "type": "Polygon", "coordinates": [ [ [ 77.702806488317265, 13.030255120373688 ], [ 77.702806488317265, 13.034746676248643 ], [ 77.698197249946418, 13.034746676248643 ], [ 77.698197249946418, 13.030255120373688 ], [ 77.702806488317265, 13.030255120373688 ] ] ] } },
{ "type": "Feature", "properties": { "cell_id": 1320, "lon": 77.502304619185423, "lat": 13.036992454186121 }, "geometry": { "type": "Polygon", "coordinates": [ [ [ 77.504609238370847, 13.034746676248643 ], [ 77.504609238370847, 13.039238232123598 ], [ 77.5, 13.039238232123598 ], [ 77.5, 13.034746676248643 ], [ 77.504609238370847, 13.034746676248643 ] ] ] } },
{ "type": "Feature", "properties": { "cell_id": 1321, "lon": 77.50691385755627, "lat": 13.036992454186121 }, "geometry": { "type": "Polygon", "coordinates": [ [ [ 77.509218476741694, 13.034746676248643 ], [ 77.509218476741694, 13.039238232123598 ], [ 77.504609238370847, 13.039238232123598 ], [ 77.504609238370847, 13.034746676248643 ], [ 77.509218476741694, 13.034746676248643 ] ] ] } },
{ "type": "Feature", "properties": { "cell_id": 1322, "lon": 77.511523095927117, "lat": 13.036992454186121 }, "geometry": { "type": "Polygon", "coordinates": [ [ [ 77.513827715112541, 13.034746676248643 ], [ 77.513827715112541, 13.039238232123598 ], [ 77.509218476741694, 13.039238232123598 ], [ 77.509218476741694, 13.034746676248643 ], [ 77.513827715112541, 13.034746676248643 ] ] ] } },
{ "type": "Feature", "properties": { "cell_id": 1323, "lon": 77.516132334297964, "lat": 13.036992454186121 }, "geometry": { "type": "Polygon", "coordinates": [ [ [ 77.518436953483388, 13.034746676248643 ], [ 77.518436953483388, 13.039238232123598 ], [ 77.513827715112541, 13.039238232123598 ], [ 77.513827715112541, 13.034746676248643 ], [ 77.518436953483388, 13.034746676248643 ] ] ] } },
{ "type": "Feature", "properties": { "cell_id": 1324, "lon": 77.520741572668811, "lat": 13.036992454186121 }, "geometry": { "type": "Polygon", "coordinates": [ [ [ 77.523046191854235, 13.034746676248643 ], [ 77.523046191854235, 13.039238232123598 ], [ 77.518436953483388, 13.039238232123598 ], [ 77.518436953483388, 13.034746676248643 ], [ 77.523046191854235, 13.034746676248643 ] ] ] } },
{ "type": "Feature", "properties": { "cell_id": 1325, "lon": 77.525350811039658, "lat": 13.036992454186121 }, "geometry": { "type": "Polygon", "coordinates": [ [ [ 77.527655430225082, 13.034746676248643 ], [ 77.527655430225082, 13.039238232123598 ], [ 77.523046191854235, 13.039238232123598 ], [ 77.523046191854235, 13.034746676248643 ], [ 77.527655430225082, 13.034746676248643 ] ] ] } },
{ "type": "Feature", "properties": { "cell_id": 1326, "lon": 77.529960049410505, "lat": 13.036992454186121 }, "geometry": { "type": "Polygon", "coordinates": [ [ [ 77.532264668595928, 13.034746676248643 ], [ 77.532264668595928, 13.039238232123598 ], [ 77.527655430225082, 13.039238232123598 ], [ 77.527655430225082, 13.034746676248643 ], [ 77.532264668595928, 13.034746676248643 ] ] ] } },
{ "type": "Feature", "properties": { "cell_id": 1327, "lon": 77.534569287781352, "lat": 13.036992454186121 }, "geometry": { "type": "Polygon", "coordinates": [ [ [ 77.536873906966775, 13.034746676248643 ], [ 77.536873906966775, 13.039238232123598 ], [ 77.532264668595928, 13.039238232123598 ], [ 77.532264668595928, 13.034746676248643 ], [ 77.536873906966775, 13.034746676248643 ] ] ] } },
{ "type": "Feature", "properties": { "cell_id": 1328, "lon": 77.539178526152199, "lat": 13.036992454186121 }, "geometry": { "type": "Polygon", "coordinates": [ [ [ 77.541483145337622, 13.034746676248643 ], [ 77.541483145337622, 13.039238232123598 ], [ 77.536873906966775, 13.039238232123598 ], [ 77.536873906966775, 13.034746676248643 ], [ 77.541483145337622, 13.034746676248643 ] ] ] } },
{ "type": "Feature", "properties": { "cell_id": 1329, "lon": 77.543787764523046, "lat": 13.036992454186121 }, "geometry": { "type": "Polygon", "coordinates": [ [ [ 77.546092383708469, 13.034746676248643 ], [ 77.546092383708469, 13.039238232123598 ], [ 77.541483145337622, 13.039238232123598 ], [ 77.541483145337622, 13.034746676248643 ], [ 77.546092383708469, 13.034746676248643 ] ] ] } },
{ "type": "Feature", "properties": { "cell_id": 1330, "lon": 77.548397002893893, "lat": 13.036992454186121 }, "geometry": { "type": "Polygon", "coordinates": [ [ [ 77.550701622079316, 13.034746676248643 ], [ 77.550701622079316, 13.039238232123598 ], [ 77.546092383708469, 13.039238232123598 ], [ 77.546092383708469, 13.034746676248643 ], [ 77.550701622079316, 13.034746676248643 ] ] ] } },
{ "type": "Feature", "properties": { "cell_id": 1331, "lon": 77.55300624126474, "lat": 13.036992454186121 }, "geometry": { "type": "Polygon", "coordinates": [ [ [ 77.555310860450163, 13.034746676248643 ], [ 77.555310860450163, 13.039238232123598 ], [ 77.550701622079316, 13.039238232123598 ], [ 77.550701622079316, 13.034746676248643 ], [ 77.555310860450163, 13.034746676248643 ] ] ] } },
{ "type": "Feature", "properties": { "cell_id": 1332, "lon": 77.557615479635587, "lat": 13.036992454186121 }, "geometry": { "type": "Polygon", "coordinates": [ [ [ 77.55992009882101, 13.034746676248643 ], [ 77.55992009882101, 13.039238232123598 ], [ 77.555310860450163, 13.039238232123598 ], [ 77.555310860450163, 13.034746676248643 ], [ 77.55992009882101, 13.034746676248643 ] ] ] } },
{ "type": "Feature", "properties": { "cell_id": 1333, "lon": 77.562224718006433, "lat": 13.036992454186121 }, "geometry": { "type": "Polygon", "coordinates": [ [ [ 77.564529337191857, 13.034746676248643 ], [ 77.564529337191857, 13.039238232123598 ], [ 77.55992009882101, 13.039238232123598 ], [ 77.55992009882101, 13.034746676248643 ], [ 77.564529337191857, 13.034746676248643 ] ] ] } },
{ "type": "Feature", "properties": { "cell_id": 1334, "lon": 77.56683395637728, "lat": 13.036992454186121 }, "geometry": { "type": "Polygon", "coordinates": [ [ [ 77.569138575562704, 13.034746676248643 ], [ 77.569138575562704, 13.039238232123598 ], [ 77.564529337191857, 13.039238232123598 ], [ 77.564529337191857, 13.034746676248643 ], [ 77.569138575562704, 13.034746676248643 ] ] ] } },
{ "type": "Feature", "properties": { "cell_id": 1335, "lon": 77.571443194748127, "lat": 13.036992454186121 }, "geometry": { "type": "Polygon", "coordinates": [ [ [ 77.573747813933551, 13.034746676248643 ], [ 77.573747813933551, 13.039238232123598 ], [ 77.569138575562704, 13.039238232123598 ], [ 77.569138575562704, 13.034746676248643 ], [ 77.573747813933551, 13.034746676248643 ] ] ] } },
{ "type": "Feature", "properties": { "cell_id": 1336, "lon": 77.576052433118974, "lat": 13.036992454186121 }, "geometry": { "type": "Polygon", "coordinates": [ [ [ 77.578357052304398, 13.034746676248643 ], [ 77.578357052304398, 13.039238232123598 ], [ 77.573747813933551, 13.039238232123598 ], [ 77.573747813933551, 13.034746676248643 ], [ 77.578357052304398, 13.034746676248643 ] ] ] } },
{ "type": "Feature", "properties": { "cell_id": 1337, "lon": 77.580661671489821, "lat": 13.036992454186121 }, "geometry": { "type": "Polygon", "coordinates": [ [ [ 77.582966290675245, 13.034746676248643 ], [ 77.582966290675245, 13.039238232123598 ], [ 77.578357052304398, 13.039238232123598 ], [ 77.578357052304398, 13.034746676248643 ], [ 77.582966290675245, 13.034746676248643 ] ] ] } },
{ "type": "Feature", "properties": { "cell_id": 1338, "lon": 77.585270909860668, "lat": 13.036992454186121 }, "geometry": { "type": "Polygon", "coordinates": [ [ [ 77.587575529046092, 13.034746676248643 ], [ 77.587575529046092, 13.039238232123598 ], [ 77.582966290675245, 13.039238232123598 ], [ 77.582966290675245, 13.034746676248643 ], [ 77.587575529046092, 13.034746676248643 ] ] ] } },
{ "type": "Feature", "properties": { "cell_id": 1339, "lon": 77.589880148231515, "lat": 13.036992454186121 }, "geometry": { "type": "Polygon", "coordinates": [ [ [ 77.592184767416938, 13.034746676248643 ], [ 77.592184767416938, 13.039238232123598 ], [ 77.587575529046092, 13.039238232123598 ], [ 77.587575529046092, 13.034746676248643 ], [ 77.592184767416938, 13.034746676248643 ] ] ] } },
{ "type": "Feature", "properties": { "cell_id": 1340, "lon": 77.594489386602362, "lat": 13.036992454186121 }, "geometry": { "type": "Polygon", "coordinates": [ [ [ 77.596794005787785, 13.034746676248643 ], [ 77.596794005787785, 13.039238232123598 ], [ 77.592184767416938, 13.039238232123598 ], [ 77.592184767416938, 13.034746676248643 ], [ 77.596794005787785, 13.034746676248643 ] ] ] } },
{ "type": "Feature", "properties": { "cell_id": 1341, "lon": 77.599098624973209, "lat": 13.036992454186121 }, "geometry": { "type": "Polygon", "coordinates": [ [ [ 77.601403244158632, 13.034746676248643 ], [ 77.601403244158632, 13.039238232123598 ], [ 77.596794005787785, 13.039238232123598 ], [ 77.596794005787785, 13.034746676248643 ], [ 77.601403244158632, 13.034746676248643 ] ] ] } },
{ "type": "Feature", "properties": { "cell_id": 1342, "lon": 77.603707863344056, "lat": 13.036992454186121 }, "geometry": { "type": "Polygon", "coordinates": [ [ [ 77.606012482529479, 13.034746676248643 ], [ 77.606012482529479, 13.039238232123598 ], [ 77.601403244158632, 13.039238232123598 ], [ 77.601403244158632, 13.034746676248643 ], [ 77.606012482529479, 13.034746676248643 ] ] ] } },
{ "type": "Feature", "properties": { "cell_id": 1343, "lon": 77.608317101714903, "lat": 13.036992454186121 }, "geometry": { "type": "Polygon", "coordinates": [ [ [ 77.610621720900326, 13.034746676248643 ], [ 77.610621720900326, 13.039238232123598 ], [ 77.606012482529479, 13.039238232123598 ], [ 77.606012482529479, 13.034746676248643 ], [ 77.610621720900326, 13.034746676248643 ] ] ] } },
{ "type": "Feature", "properties": { "cell_id": 1344, "lon": 77.61292634008575, "lat": 13.036992454186121 }, "geometry": { "type": "Polygon", "coordinates": [ [ [ 77.615230959271173, 13.034746676248643 ], [ 77.615230959271173, 13.039238232123598 ], [ 77.610621720900326, 13.039238232123598 ], [ 77.610621720900326, 13.034746676248643 ], [ 77.615230959271173, 13.034746676248643 ] ] ] } },
{ "type": "Feature", "properties": { "cell_id": 1345, "lon": 77.617535578456597, "lat": 13.036992454186121 }, "geometry": { "type": "Polygon", "coordinates": [ [ [ 77.61984019764202, 13.034746676248643 ], [ 77.61984019764202, 13.039238232123598 ], [ 77.615230959271173, 13.039238232123598 ], [ 77.615230959271173, 13.034746676248643 ], [ 77.61984019764202, 13.034746676248643 ] ] ] } },
{ "type": "Feature", "properties": { "cell_id": 1346, "lon": 77.622144816827443, "lat": 13.036992454186121 }, "geometry": { "type": "Polygon", "coordinates": [ [ [ 77.624449436012867, 13.034746676248643 ], [ 77.624449436012867, 13.039238232123598 ], [ 77.61984019764202, 13.039238232123598 ], [ 77.61984019764202, 13.034746676248643 ], [ 77.624449436012867, 13.034746676248643 ] ] ] } },
{ "type": "Feature", "properties": { "cell_id": 1347, "lon": 77.62675405519829, "lat": 13.036992454186121 }, "geometry": { "type": "Polygon", "coordinates": [ [ [ 77.629058674383714, 13.034746676248643 ], [ 77.629058674383714, 13.039238232123598 ], [ 77.624449436012867, 13.039238232123598 ], [ 77.624449436012867, 13.034746676248643 ], [ 77.629058674383714, 13.034746676248643 ] ] ] } },
{ "type": "Feature", "properties": { "cell_id": 1348, "lon": 77.631363293569137, "lat": 13.036992454186121 }, "geometry": { "type": "Polygon", "coordinates": [ [ [ 77.633667912754561, 13.034746676248643 ], [ 77.633667912754561, 13.039238232123598 ], [ 77.629058674383714, 13.039238232123598 ], [ 77.629058674383714, 13.034746676248643 ], [ 77.633667912754561, 13.034746676248643 ] ] ] } },
{ "type": "Feature", "properties": { "cell_id": 1349, "lon": 77.635972531939984, "lat": 13.036992454186121 }, "geometry": { "type": "Polygon", "coordinates": [ [ [ 77.638277151125408, 13.034746676248643 ], [ 77.638277151125408, 13.039238232123598 ], [ 77.633667912754561, 13.039238232123598 ], [ 77.633667912754561, 13.034746676248643 ], [ 77.638277151125408, 13.034746676248643 ] ] ] } },
{ "type": "Feature", "properties": { "cell_id": 1350, "lon": 77.640581770310831, "lat": 13.036992454186121 }, "geometry": { "type": "Polygon", "coordinates": [ [ [ 77.642886389496255, 13.034746676248643 ], [ 77.642886389496255, 13.039238232123598 ], [ 77.638277151125408, 13.039238232123598 ], [ 77.638277151125408, 13.034746676248643 ], [ 77.642886389496255, 13.034746676248643 ] ] ] } },
{ "type": "Feature", "properties": { "cell_id": 1351, "lon": 77.645191008681678, "lat": 13.036992454186121 }, "geometry": { "type": "Polygon", "coordinates": [ [ [ 77.647495627867102, 13.034746676248643 ], [ 77.647495627867102, 13.039238232123598 ], [ 77.642886389496255, 13.039238232123598 ], [ 77.642886389496255, 13.034746676248643 ], [ 77.647495627867102, 13.034746676248643 ] ] ] } },
{ "type": "Feature", "properties": { "cell_id": 1352, "lon": 77.649800247052525, "lat": 13.036992454186121 }, "geometry": { "type": "Polygon", "coordinates": [ [ [ 77.652104866237948, 13.034746676248643 ], [ 77.652104866237948, 13.039238232123598 ], [ 77.647495627867102, 13.039238232123598 ], [ 77.647495627867102, 13.034746676248643 ], [ 77.652104866237948, 13.034746676248643 ] ] ] } },
{ "type": "Feature", "properties": { "cell_id": 1353, "lon": 77.654409485423372, "lat": 13.036992454186121 }, "geometry": { "type": "Polygon", "coordinates": [ [ [ 77.656714104608795, 13.034746676248643 ], [ 77.656714104608795, 13.039238232123598 ], [ 77.652104866237948, 13.039238232123598 ], [ 77.652104866237948, 13.034746676248643 ], [ 77.656714104608795, 13.034746676248643 ] ] ] } },
{ "type": "Feature", "properties": { "cell_id": 1354, "lon": 77.659018723794219, "lat": 13.036992454186121 }, "geometry": { "type": "Polygon", "coordinates": [ [ [ 77.661323342979642, 13.034746676248643 ], [ 77.661323342979642, 13.039238232123598 ], [ 77.656714104608795, 13.039238232123598 ], [ 77.656714104608795, 13.034746676248643 ], [ 77.661323342979642, 13.034746676248643 ] ] ] } },
{ "type": "Feature", "properties": { "cell_id": 1355, "lon": 77.663627962165066, "lat": 13.036992454186121 }, "geometry": { "type": "Polygon", "coordinates": [ [ [ 77.665932581350489, 13.034746676248643 ], [ 77.665932581350489, 13.039238232123598 ], [ 77.661323342979642, 13.039238232123598 ], [ 77.661323342979642, 13.034746676248643 ], [ 77.665932581350489, 13.034746676248643 ] ] ] } },
{ "type": "Feature", "properties": { "cell_id": 1356, "lon": 77.668237200535913, "lat": 13.036992454186121 }, "geometry": { "type": "Polygon", "coordinates": [ [ [ 77.670541819721336, 13.034746676248643 ], [ 77.670541819721336, 13.039238232123598 ], [ 77.665932581350489, 13.039238232123598 ], [ 77.665932581350489, 13.034746676248643 ], [ 77.670541819721336, 13.034746676248643 ] ] ] } },
{ "type": "Feature", "properties": { "cell_id": 1357, "lon": 77.67284643890676, "lat": 13.036992454186121 }, "geometry": { "type": "Polygon", "coordinates": [ [ [ 77.675151058092183, 13.034746676248643 ], [ 77.675151058092183, 13.039238232123598 ], [ 77.670541819721336, 13.039238232123598 ], [ 77.670541819721336, 13.034746676248643 ], [ 77.675151058092183, 13.034746676248643 ] ] ] } },
{ "type": "Feature", "properties": { "cell_id": 1358, "lon": 77.677455677277607, "lat": 13.036992454186121 }, "geometry": { "type": "Polygon", "coordinates": [ [ [ 77.67976029646303, 13.034746676248643 ], [ 77.67976029646303, 13.039238232123598 ], [ 77.675151058092183, 13.039238232123598 ], [ 77.675151058092183, 13.034746676248643 ], [ 77.67976029646303, 13.034746676248643 ] ] ] } },
{ "type": "Feature", "properties": { "cell_id": 1359, "lon": 77.682064915648454, "lat": 13.036992454186121 }, "geometry": { "type": "Polygon", "coordinates": [ [ [ 77.684369534833877, 13.034746676248643 ], [ 77.684369534833877, 13.039238232123598 ], [ 77.67976029646303, 13.039238232123598 ], [ 77.67976029646303, 13.034746676248643 ], [ 77.684369534833877, 13.034746676248643 ] ] ] } },
{ "type": "Feature", "properties": { "cell_id": 1360, "lon": 77.6866741540193, "lat": 13.036992454186121 }, "geometry": { "type": "Polygon", "coordinates": [ [ [ 77.688978773204724, 13.034746676248643 ], [ 77.688978773204724, 13.039238232123598 ], [ 77.684369534833877, 13.039238232123598 ], [ 77.684369534833877, 13.034746676248643 ], [ 77.688978773204724, 13.034746676248643 ] ] ] } },
{ "type": "Feature", "properties": { "cell_id": 1361, "lon": 77.691283392390147, "lat": 13.036992454186121 }, "geometry": { "type": "Polygon", "coordinates": [ [ [ 77.693588011575571, 13.034746676248643 ], [ 77.693588011575571, 13.039238232123598 ], [ 77.688978773204724, 13.039238232123598 ], [ 77.688978773204724, 13.034746676248643 ], [ 77.693588011575571, 13.034746676248643 ] ] ] } },
{ "type": "Feature", "properties": { "cell_id": 1362, "lon": 77.695892630760994, "lat": 13.036992454186121 }, "geometry": { "type": "Polygon", "coordinates": [ [ [ 77.698197249946418, 13.034746676248643 ], [ 77.698197249946418, 13.039238232123598 ], [ 77.693588011575571, 13.039238232123598 ], [ 77.693588011575571, 13.034746676248643 ], [ 77.698197249946418, 13.034746676248643 ] ] ] } },
{ "type": "Feature", "properties": { "cell_id": 1363, "lon": 77.700501869131841, "lat": 13.036992454186121 }, "geometry": { "type": "Polygon", "coordinates": [ [ [ 77.702806488317265, 13.034746676248643 ], [ 77.702806488317265, 13.039238232123598 ], [ 77.698197249946418, 13.039238232123598 ], [ 77.698197249946418, 13.034746676248643 ], [ 77.702806488317265, 13.034746676248643 ] ] ] } },
{ "type": "Feature", "properties": { "cell_id": 1364, "lon": 77.502304619185423, "lat": 13.041484010061076 }, "geometry": { "type": "Polygon", "coordinates": [ [ [ 77.504609238370847, 13.039238232123598 ], [ 77.504609238370847, 13.043729787998553 ], [ 77.5, 13.043729787998553 ], [ 77.5, 13.039238232123598 ], [ 77.504609238370847, 13.039238232123598 ] ] ] } },
{ "type": "Feature", "properties": { "cell_id": 1365, "lon": 77.50691385755627, "lat": 13.041484010061076 }, "geometry": { "type": "Polygon", "coordinates": [ [ [ 77.509218476741694, 13.039238232123598 ], [ 77.509218476741694, 13.043729787998553 ], [ 77.504609238370847, 13.043729787998553 ], [ 77.504609238370847, 13.039238232123598 ], [ 77.509218476741694, 13.039238232123598 ] ] ] } },
{ "type": "Feature", "properties": { "cell_id": 1366, "lon": 77.511523095927117, "lat": 13.041484010061076 }, "geometry": { "type": "Polygon", "coordinates": [ [ [ 77.513827715112541, 13.039238232123598 ], [ 77.513827715112541, 13.043729787998553 ], [ 77.509218476741694, 13.043729787998553 ], [ 77.509218476741694, 13.039238232123598 ], [ 77.513827715112541, 13.039238232123598 ] ] ] } },
{ "type": "Feature", "properties": { "cell_id": 1367, "lon": 77.516132334297964, "lat": 13.041484010061076 }, "geometry": { "type": "Polygon", "coordinates": [ [ [ 77.518436953483388, 13.039238232123598 ], [ 77.518436953483388, 13.043729787998553 ], [ 77.513827715112541, 13.043729787998553 ], [ 77.513827715112541, 13.039238232123598 ], [ 77.518436953483388, 13.039238232123598 ] ] ] } },
{ "type": "Feature", "properties": { "cell_id": 1368, "lon": 77.520741572668811, "lat": 13.041484010061076 }, "geometry": { "type": "Polygon", "coordinates": [ [ [ 77.523046191854235, 13.039238232123598 ], [ 77.523046191854235, 13.043729787998553 ], [ 77.518436953483388, 13.043729787998553 ], [ 77.518436953483388, 13.039238232123598 ], [ 77.523046191854235, 13.039238232123598 ] ] ] } },
{ "type": "Feature", "properties": { "cell_id": 1369, "lon": 77.525350811039658, "lat": 13.041484010061076 }, "geometry": { "type": "Polygon", "coordinates": [ [ [ 77.527655430225082, 13.039238232123598 ], [ 77.527655430225082, 13.043729787998553 ], [ 77.523046191854235, 13.043729787998553 ], [ 77.523046191854235, 13.039238232123598 ], [ 77.527655430225082, 13.039238232123598 ] ] ] } },
{ "type": "Feature", "properties": { "cell_id": 1370, "lon": 77.529960049410505, "lat": 13.041484010061076 }, "geometry": { "type": "Polygon", "coordinates": [ [ [ 77.532264668595928, 13.039238232123598 ], [ 77.532264668595928, 13.043729787998553 ], [ 77.527655430225082, 13.043729787998553 ], [ 77.527655430225082, 13.039238232123598 ], [ 77.532264668595928, 13.039238232123598 ] ] ] } },
{ "type": "Feature", "properties": { "cell_id": 1371, "lon": 77.534569287781352, "lat": 13.041484010061076 }, "geometry": { "type": "Polygon", "coordinates": [ [ [ 77.536873906966775, 13.039238232123598 ], [ 77.536873906966775, 13.043729787998553 ], [ 77.532264668595928, 13.043729787998553 ], [ 77.532264668595928, 13.039238232123598 ], [ 77.536873906966775, 13.039238232123598 ] ] ] } },
{ "type": "Feature", "properties": { "cell_id": 1372, "lon": 77.539178526152199, "lat": 13.041484010061076 }, "geometry": { "type": "Polygon", "coordinates": [ [ [ 77.541483145337622, 13.039238232123598 ], [ 77.541483145337622, 13.043729787998553 ], [ 77.536873906966775, 13.043729787998553 ], [ 77.536873906966775, 13.039238232123598 ], [ 77.541483145337622, 13.039238232123598 ] ] ] } },
{ "type": "Feature", "properties": { "cell_id": 1373, "lon": 77.543787764523046, "lat": 13.041484010061076 }, "geometry": { "type": "Polygon", "coordinates": [ [ [ 77.546092383708469, 13.039238232123598 ], [ 77.546092383708469, 13.043729787998553 ], [ 77.541483145337622, 13.043729787998553 ], [ 77.541483145337622, 13.039238232123598 ], [ 77.546092383708469, 13.039238232123598 ] ] ] } },
{ "type": "Feature", "properties": { "cell_id": 1374, "lon": 77.548397002893893, "lat": 13.041484010061076 }, "geometry": { "type": "Polygon", "coordinates": [ [ [ 77.550701622079316, 13.039238232123598 ], [ 77.550701622079316, 13.043729787998553 ], [ 77.546092383708469, 13.043729787998553 ], [ 77.546092383708469, 13.039238232123598 ], [ 77.550701622079316, 13.039238232123598 ] ] ] } },
{ "type": "Feature", "properties": { "cell_id": 1375, "lon": 77.55300624126474, "lat": 13.041484010061076 }, "geometry": { "type": "Polygon", "coordinates": [ [ [ 77.555310860450163, 13.039238232123598 ], [ 77.555310860450163, 13.043729787998553 ], [ 77.550701622079316, 13.043729787998553 ], [ 77.550701622079316, 13.039238232123598 ], [ 77.555310860450163, 13.039238232123598 ] ] ] } },
{ "type": "Feature", "properties": { "cell_id": 1376, "lon": 77.557615479635587, "lat": 13.041484010061076 }, "geometry": { "type": "Polygon", "coordinates": [ [ [ 77.55992009882101, 13.039238232123598 ], [ 77.55992009882101, 13.043729787998553 ], [ 77.555310860450163, 13.043729787998553 ], [ 77.555310860450163, 13.039238232123598 ], [ 77.55992009882101, 13.039238232123598 ] ] ] } },
{ "type": "Feature", "properties": { "cell_id": 1377, "lon": 77.562224718006433, "lat": 13.041484010061076 }, "geometry": { "type": "Polygon", "coordinates": [ [ [ 77.564529337191857, 13.039238232123598 ], [ 77.564529337191857, 13.043729787998553 ], [ 77.55992009882101, 13.043729787998553 ], [ 77.55992009882101, 13.039238232123598 ], [ 77.564529337191857, 13.039238232123598 ] ] ] } },
{ "type": "Feature", "properties": { "cell_id": 1378, "lon": 77.56683395637728, "lat": 13.041484010061076 }, "geometry": { "type": "Polygon", "coordinates": [ [ [ 77.569138575562704, 13.039238232123598 ], [ 77.569138575562704, 13.043729787998553 ], [ 77.564529337191857, 13.043729787998553 ], [ 77.564529337191857, 13.039238232123598 ], [ 77.569138575562704, 13.039238232123598 ] ] ] } },
{ "type": "Feature", "properties": { "cell_id": 1379, "lon": 77.571443194748127, "lat": 13.041484010061076 }, "geometry": { "type": "Polygon", "coordinates": [ [ [ 77.573747813933551, 13.039238232123598 ], [ 77.573747813933551, 13.043729787998553 ], [ 77.569138575562704, 13.043729787998553 ], [ 77.569138575562704, 13.039238232123598 ], [ 77.573747813933551, 13.039238232123598 ] ] ] } },
{ "type": "Feature", "properties": { "cell_id": 1380, "lon": 77.576052433118974, "lat": 13.041484010061076 }, "geometry": { "type": "Polygon", "coordinates": [ [ [ 77.578357052304398, 13.039238232123598 ], [ 77.578357052304398, 13.043729787998553 ], [ 77.573747813933551, 13.043729787998553 ], [ 77.573747813933551, 13.039238232123598 ], [ 77.578357052304398, 13.039238232123598 ] ] ] } },
{ "type": "Feature", "properties": { "cell_id": 1381, "lon": 77.580661671489821, "lat": 13.041484010061076 }, "geometry": { "type": "Polygon", "coordinates": [ [ [ 77.582966290675245, 13.039238232123598 ], [ 77.582966290675245, 13.043729787998553 ], [ 77.578357052304398, 13.043729787998553 ], [ 77.578357052304398, 13.039238232123598 ], [ 77.582966290675245, 13.039238232123598 ] ] ] } },
{ "type": "Feature", "properties": { "cell_id": 1382, "lon": 77.585270909860668, "lat": 13.041484010061076 }, "geometry": { "type": "Polygon", "coordinates": [ [ [ 77.587575529046092, 13.039238232123598 ], [ 77.587575529046092, 13.043729787998553 ], [ 77.582966290675245, 13.043729787998553 ], [ 77.582966290675245, 13.039238232123598 ], [ 77.587575529046092, 13.039238232123598 ] ] ] } },
{ "type": "Feature", "properties": { "cell_id": 1383, "lon": 77.589880148231515, "lat": 13.041484010061076 }, "geometry": { "type": "Polygon", "coordinates": [ [ [ 77.592184767416938, 13.039238232123598 ], [ 77.592184767416938, 13.043729787998553 ], [ 77.587575529046092, 13.043729787998553 ], [ 77.587575529046092, 13.039238232123598 ], [ 77.592184767416938, 13.039238232123598 ] ] ] } },
{ "type": "Feature", "properties": { "cell_id": 1384, "lon": 77.594489386602362, "lat": 13.041484010061076 }, "geometry": { "type": "Polygon", "coordinates": [ [ [ 77.596794005787785, 13.039238232123598 ], [ 77.596794005787785, 13.043729787998553 ], [ 77.592184767416938, 13.043729787998553 ], [ 77.592184767416938, 13.039238232123598 ], [ 77.596794005787785, 13.039238232123598 ] ] ] } },
{ "type": "Feature", "properties": { "cell_id": 1385, "lon": 77.599098624973209, "lat": 13.041484010061076 }, "geometry": { "type": "Polygon", "coordinates": [ [ [ 77.601403244158632, 13.039238232123598 ], [ 77.601403244158632, 13.043729787998553 ], [ 77.596794005787785, 13.043729787998553 ], [ 77.596794005787785, 13.039238232123598 ], [ 77.601403244158632, 13.039238232123598 ] ] ] } },
{ "type": "Feature", "properties": { "cell_id": 1386, "lon": 77.603707863344056, "lat": 13.041484010061076 }, "geometry": { "type": "Polygon", "coordinates": [ [ [ 77.606012482529479, 13.039238232123598 ], [ 77.606012482529479, 13.043729787998553 ], [ 77.601403244158632, 13.043729787998553 ], [ 77.601403244158632, 13.039238232123598 ], [ 77.606012482529479, 13.039238232123598 ] ] ] } },
{ "type": "Feature", "properties": { "cell_id": 1387, "lon": 77.608317101714903, "lat": 13.041484010061076 }, "geometry": { "type": "Polygon", "coordinates": [ [ [ 77.610621720900326, 13.039238232123598 ], [ 77.610621720900326, 13.043729787998553 ], [ 77.606012482529479, 13.043729787998553 ], [ 77.606012482529479, 13.039238232123598 ], [ 77.610621720900326, 13.039238232123598 ] ] ] } },
{ "type": "Feature", "properties": { "cell_id": 1388, "lon": 77.61292634008575, "lat": 13.041484010061076 }, "geometry": { "type": "Polygon", "coordinates": [ [ [ 77.615230959271173, 13.039238232123598 ], [ 77.615230959271173, 13.043729787998553 ], [ 77.610621720900326, 13.043729787998553 ], [ 77.610621720900326, 13.039238232123598 ], [ 77.615230959271173, 13.039238232123598 ] ] ] } },
{ "type": "Feature", "properties": { "cell_id": 1389, "lon": 77.617535578456597, "lat": 13.041484010061076 }, "geometry": { "type": "Polygon", "coordinates": [ [ [ 77.61984019764202, 13.039238232123598 ], [ 77.61984019764202, 13.043729787998553 ], [ 77.615230959271173, 13.043729787998553 ], [ 77.615230959271173, 13.039238232123598 ], [ 77.61984019764202, 13.039238232123598 ] ] ] } },
{ "type": "Feature", "properties": { "cell_id": 1390, "lon": 77.622144816827443, "lat": 13.041484010061076 }, "geometry": { "type": "Polygon", "coordinates": [ [ [ 77.624449436012867, 13.039238232123598 ], [ 77.624449436012867, 13.043729787998553 ], [ 77.61984019764202, 13.043729787998553 ], [ 77.61984019764202, 13.039238232123598 ], [ 77.624449436012867, 13.039238232123598 ] ] ] } },
{ "type": "Feature", "properties": { "cell_id": 1391, "lon": 77.62675405519829, "lat": 13.041484010061076 }, "geometry": { "type": "Polygon", "coordinates": [ [ [ 77.629058674383714, 13.039238232123598 ], [ 77.629058674383714, 13.043729787998553 ], [ 77.624449436012867, 13.043729787998553 ], [ 77.624449436012867, 13.039238232123598 ], [ 77.629058674383714, 13.039238232123598 ] ] ] } },
{ "type": "Feature", "properties": { "cell_id": 1392, "lon": 77.631363293569137, "lat": 13.041484010061076 }, "geometry": { "type": "Polygon", "coordinates": [ [ [ 77.633667912754561, 13.039238232123598 ], [ 77.633667912754561, 13.043729787998553 ], [ 77.629058674383714, 13.043729787998553 ], [ 77.629058674383714, 13.039238232123598 ], [ 77.633667912754561, 13.039238232123598 ] ] ] } },
{ "type": "Feature", "properties": { "cell_id": 1393, "lon": 77.635972531939984, "lat": 13.041484010061076 }, "geometry": { "type": "Polygon", "coordinates": [ [ [ 77.638277151125408, 13.039238232123598 ], [ 77.638277151125408, 13.043729787998553 ], [ 77.633667912754561, 13.043729787998553 ], [ 77.633667912754561, 13.039238232123598 ], [ 77.638277151125408, 13.039238232123598 ] ] ] } },
{ "type": "Feature", "properties": { "cell_id": 1394, "lon": 77.640581770310831, "lat": 13.041484010061076 }, "geometry": { "type": "Polygon", "coordinates": [ [ [ 77.642886389496255, 13.039238232123598 ], [ 77.642886389496255, 13.043729787998553 ], [ 77.638277151125408, 13.043729787998553 ], [ 77.638277151125408, 13.039238232123598 ], [ 77.642886389496255, 13.039238232123598 ] ] ] } },
{ "type": "Feature", "properties": { "cell_id": 1395, "lon": 77.645191008681678, "lat": 13.041484010061076 }, "geometry": { "type": "Polygon", "coordinates": [ [ [ 77.647495627867102, 13.039238232123598 ], [ 77.647495627867102, 13.043729787998553 ], [ 77.642886389496255, 13.043729787998553 ], [ 77.642886389496255, 13.039238232123598 ], [ 77.647495627867102, 13.039238232123598 ] ] ] } },
{ "type": "Feature", "properties": { "cell_id": 1396, "lon": 77.649800247052525, "lat": 13.041484010061076 }, "geometry": { "type": "Polygon", "coordinates": [ [ [ 77.652104866237948, 13.039238232123598 ], [ 77.652104866237948, 13.043729787998553 ], [ 77.647495627867102, 13.043729787998553 ], [ 77.647495627867102, 13.039238232123598 ], [ 77.652104866237948, 13.039238232123598 ] ] ] } },
{ "type": "Feature", "properties": { "cell_id": 1397, "lon": 77.654409485423372, "lat": 13.041484010061076 }, "geometry": { "type": "Polygon", "coordinates": [ [ [ 77.656714104608795, 13.039238232123598 ], [ 77.656714104608795, 13.043729787998553 ], [ 77.652104866237948, 13.043729787998553 ], [ 77.652104866237948, 13.039238232123598 ], [ 77.656714104608795, 13.039238232123598 ] ] ] } },
{ "type": "Feature", "properties": { "cell_id": 1398, "lon": 77.659018723794219, "lat": 13.041484010061076 }, "geometry": { "type": "Polygon", "coordinates": [ [ [ 77.661323342979642, 13.039238232123598 ], [ 77.661323342979642, 13.043729787998553 ], [ 77.656714104608795, 13.043729787998553 ], [ 77.656714104608795, 13.039238232123598 ], [ 77.661323342979642, 13.039238232123598 ] ] ] } },
{ "type": "Feature", "properties": { "cell_id": 1399, "lon": 77.663627962165066, "lat": 13.041484010061076 }, "geometry": { "type": "Polygon", "coordinates": [ [ [ 77.665932581350489, 13.039238232123598 ], [ 77.665932581350489, 13.043729787998553 ], [ 77.661323342979642, 13.043729787998553 ], [ 77.661323342979642, 13.039238232123598 ], [ 77.665932581350489, 13.039238232123598 ] ] ] } },
{ "type": "Feature", "properties": { "cell_id": 1400, "lon": 77.668237200535913, "lat": 13.041484010061076 }, "geometry": { "type": "Polygon", "coordinates": [ [ [ 77.670541819721336, 13.039238232123598 ], [ 77.670541819721336, 13.043729787998553 ], [ 77.665932581350489, 13.043729787998553 ], [ 77.665932581350489, 13.039238232123598 ], [ 77.670541819721336, 13.039238232123598 ] ] ] } },
{ "type": "Feature", "properties": { "cell_id": 1401, "lon": 77.67284643890676, "lat": 13.041484010061076 }, "geometry": { "type": "Polygon", "coordinates": [ [ [ 77.675151058092183, 13.039238232123598 ], [ 77.675151058092183, 13.043729787998553 ], [ 77.670541819721336, 13.043729787998553 ], [ 77.670541819721336, 13.039238232123598 ], [ 77.675151058092183, 13.039238232123598 ] ] ] } },
{ "type": "Feature", "properties": { "cell_id": 1402, "lon": 77.677455677277607, "lat": 13.041484010061076 }, "geometry": { "type": "Polygon", "coordinates": [ [ [ 77.67976029646303, 13.039238232123598 ], [ 77.67976029646303, 13.043729787998553 ], [ 77.675151058092183, 13.043729787998553 ], [ 77.675151058092183, 13.039238232123598 ], [ 77.67976029646303, 13.039238232123598 ] ] ] } },
{ "type": "Feature", "properties": { "cell_id": 1403, "lon": 77.682064915648454, "lat": 13.041484010061076 }, "geometry": { "type": "Polygon", "coordinates": [ [ [ 77.684369534833877, 13.039238232123598 ], [ 77.684369534833877, 13.043729787998553 ], [ 77.67976029646303, 13.043729787998553 ], [ 77.67976029646303, 13.039238232123598 ], [ 77.684369534833877, 13.039238232123598 ] ] ] } },
{ "type": "Feature", "properties": { "cell_id": 1404, "lon": 77.6866741540193, "lat": 13.041484010061076 }, "geometry": { "type": "Polygon", "coordinates": [ [ [ 77.688978773204724, 13.039238232123598 ], [ 77.688978773204724, 13.043729787998553 ], [ 77.684369534833877, 13.043729787998553 ], [ 77.684369534833877, 13.039238232123598 ], [ 77.688978773204724, 13.039238232123598 ] ] ] } },
{ "type": "Feature", "properties": { "cell_id": 1405, "lon": 77.691283392390147, "lat": 13.041484010061076 }, "geometry": { "type": "Polygon", "coordinates": [ [ [ 77.693588011575571, 13.039238232123598 ], [ 77.693588011575571, 13.043729787998553 ], [ 77.688978773204724, 13.043729787998553 ], [ 77.688978773204724, 13.039238232123598 ], [ 77.693588011575571, 13.039238232123598 ] ] ] } },
{ "type": "Feature", "properties": { "cell_id": 1406, "lon": 77.695892630760994, "lat": 13.041484010061076 }, "geometry": { "type": "Polygon", "coordinates": [ [ [ 77.698197249946418, 13.039238232123598 ], [ 77.698197249946418, 13.043729787998553 ], [ 77.693588011575571, 13.043729787998553 ], [ 77.693588011575571, 13.039238232123598 ], [ 77.698197249946418, 13.039238232123598 ] ] ] } },
{ "type": "Feature", "properties": { "cell_id": 1407, "lon": 77.700501869131841, "lat": 13.041484010061076 }, "geometry": { "type": "Polygon", "coordinates": [ [ [ 77.702806488317265, 13.039238232123598 ], [ 77.702806488317265, 13.043729787998553 ], [ 77.698197249946418, 13.043729787998553 ], [ 77.698197249946418, 13.039238232123598 ], [ 77.702806488317265, 13.039238232123598 ] ] ] } },
{ "type": "Feature", "properties": { "cell_id": 1408, "lon": 77.502304619185423, "lat": 13.045975565936031 }, "geometry": { "type": "Polygon", "coordinates": [ [ [ 77.504609238370847, 13.043729787998553 ], [ 77.504609238370847, 13.048221343873507 ], [ 77.5, 13.048221343873507 ], [ 77.5, 13.043729787998553 ], [ 77.504609238370847, 13.043729787998553 ] ] ] } },
{ "type": "Feature", "properties": { "cell_id": 1409, "lon": 77.50691385755627, "lat": 13.045975565936031 }, "geometry": { "type": "Polygon", "coordinates": [ [ [ 77.509218476741694, 13.043729787998553 ], [ 77.509218476741694, 13.048221343873507 ], [ 77.504609238370847, 13.048221343873507 ], [ 77.504609238370847, 13.043729787998553 ], [ 77.509218476741694, 13.043729787998553 ] ] ] } },
{ "type": "Feature", "properties": { "cell_id": 1410, "lon": 77.511523095927117, "lat": 13.045975565936031 }, "geometry": { "type": "Polygon", "coordinates": [ [ [ 77.513827715112541, 13.043729787998553 ], [ 77.513827715112541, 13.048221343873507 ], [ 77.509218476741694, 13.048221343873507 ], [ 77.509218476741694, 13.043729787998553 ], [ 77.513827715112541, 13.043729787998553 ] ] ] } },
{ "type": "Feature", "properties": { "cell_id": 1411, "lon": 77.516132334297964, "lat": 13.045975565936031 }, "geometry": { "type": "Polygon", "coordinates": [ [ [ 77.518436953483388, 13.043729787998553 ], [ 77.518436953483388, 13.048221343873507 ], [ 77.513827715112541, 13.048221343873507 ], [ 77.513827715112541, 13.043729787998553 ], [ 77.518436953483388, 13.043729787998553 ] ] ] } },
{ "type": "Feature", "properties": { "cell_id": 1412, "lon": 77.520741572668811, "lat": 13.045975565936031 }, "geometry": { "type": "Polygon", "coordinates": [ [ [ 77.523046191854235, 13.043729787998553 ], [ 77.523046191854235, 13.048221343873507 ], [ 77.518436953483388, 13.048221343873507 ], [ 77.518436953483388, 13.043729787998553 ], [ 77.523046191854235, 13.043729787998553 ] ] ] } },
{ "type": "Feature", "properties": { "cell_id": 1413, "lon": 77.525350811039658, "lat": 13.045975565936031 }, "geometry": { "type": "Polygon", "coordinates": [ [ [ 77.527655430225082, 13.043729787998553 ], [ 77.527655430225082, 13.048221343873507 ], [ 77.523046191854235, 13.048221343873507 ], [ 77.523046191854235, 13.043729787998553 ], [ 77.527655430225082, 13.043729787998553 ] ] ] } },
{ "type": "Feature", "properties": { "cell_id": 1414, "lon": 77.529960049410505, "lat": 13.045975565936031 }, "geometry": { "type": "Polygon", "coordinates": [ [ [ 77.532264668595928, 13.043729787998553 ], [ 77.532264668595928, 13.048221343873507 ], [ 77.527655430225082, 13.048221343873507 ], [ 77.527655430225082, 13.043729787998553 ], [ 77.532264668595928, 13.043729787998553 ] ] ] } },
{ "type": "Feature", "properties": { "cell_id": 1415, "lon": 77.534569287781352, "lat": 13.045975565936031 }, "geometry": { "type": "Polygon", "coordinates": [ [ [ 77.536873906966775, 13.043729787998553 ], [ 77.536873906966775, 13.048221343873507 ], [ 77.532264668595928, 13.048221343873507 ], [ 77.532264668595928, 13.043729787998553 ], [ 77.536873906966775, 13.043729787998553 ] ] ] } },
{ "type": "Feature", "properties": { "cell_id": 1416, "lon": 77.539178526152199, "lat": 13.045975565936031 }, "geometry": { "type": "Polygon", "coordinates": [ [ [ 77.541483145337622, 13.043729787998553 ], [ 77.541483145337622, 13.048221343873507 ], [ 77.536873906966775, 13.048221343873507 ], [ 77.536873906966775, 13.043729787998553 ], [ 77.541483145337622, 13.043729787998553 ] ] ] } },
{ "type": "Feature", "properties": { "cell_id": 1417, "lon": 77.543787764523046, "lat": 13.045975565936031 }, "geometry": { "type": "Polygon", "coordinates": [ [ [ 77.546092383708469, 13.043729787998553 ], [ 77.546092383708469, 13.048221343873507 ], [ 77.541483145337622, 13.048221343873507 ], [ 77.541483145337622, 13.043729787998553 ], [ 77.546092383708469, 13.043729787998553 ] ] ] } },
{ "type": "Feature", "properties": { "cell_id": 1418, "lon": 77.548397002893893, "lat": 13.045975565936031 }, "geometry": { "type": "Polygon", "coordinates": [ [ [ 77.550701622079316, 13.043729787998553 ], [ 77.550701622079316, 13.048221343873507 ], [ 77.546092383708469, 13.048221343873507 ], [ 77.546092383708469, 13.043729787998553 ], [ 77.550701622079316, 13.043729787998553 ] ] ] } },
{ "type": "Feature", "properties": { "cell_id": 1419, "lon": 77.55300624126474, "lat": 13.045975565936031 }, "geometry": { "type": "Polygon", "coordinates": [ [ [ 77.555310860450163, 13.043729787998553 ], [ 77.555310860450163, 13.048221343873507 ], [ 77.550701622079316, 13.048221343873507 ], [ 77.550701622079316, 13.043729787998553 ], [ 77.555310860450163, 13.043729787998553 ] ] ] } },
{ "type": "Feature", "properties": { "cell_id": 1420, "lon": 77.557615479635587, "lat": 13.045975565936031 }, "geometry": { "type": "Polygon", "coordinates": [ [ [ 77.55992009882101, 13.043729787998553 ], [ 77.55992009882101, 13.048221343873507 ], [ 77.555310860450163, 13.048221343873507 ], [ 77.555310860450163, 13.043729787998553 ], [ 77.55992009882101, 13.043729787998553 ] ] ] } },
{ "type": "Feature", "properties": { "cell_id": 1421, "lon": 77.562224718006433, "lat": 13.045975565936031 }, "geometry": { "type": "Polygon", "coordinates": [ [ [ 77.564529337191857, 13.043729787998553 ], [ 77.564529337191857, 13.048221343873507 ], [ 77.55992009882101, 13.048221343873507 ], [ 77.55992009882101, 13.043729787998553 ], [ 77.564529337191857, 13.043729787998553 ] ] ] } },
{ "type": "Feature", "properties": { "cell_id": 1422, "lon": 77.56683395637728, "lat": 13.045975565936031 }, "geometry": { "type": "Polygon", "coordinates": [ [ [ 77.569138575562704, 13.043729787998553 ], [ 77.569138575562704, 13.048221343873507 ], [ 77.564529337191857, 13.048221343873507 ], [ 77.564529337191857, 13.043729787998553 ], [ 77.569138575562704, 13.043729787998553 ] ] ] } },
{ "type": "Feature", "properties": { "cell_id": 1423, "lon": 77.571443194748127, "lat": 13.045975565936031 }, "geometry": { "type": "Polygon", "coordinates": [ [ [ 77.573747813933551, 13.043729787998553 ], [ 77.573747813933551, 13.048221343873507 ], [ 77.569138575562704, 13.048221343873507 ], [ 77.569138575562704, 13.043729787998553 ], [ 77.573747813933551, 13.043729787998553 ] ] ] } },
{ "type": "Feature", "properties": { "cell_id": 1424, "lon": 77.576052433118974, "lat": 13.045975565936031 }, "geometry": { "type": "Polygon", "coordinates": [ [ [ 77.578357052304398, 13.043729787998553 ], [ 77.578357052304398, 13.048221343873507 ], [ 77.573747813933551, 13.048221343873507 ], [ 77.573747813933551, 13.043729787998553 ], [ 77.578357052304398, 13.043729787998553 ] ] ] } },
{ "type": "Feature", "properties": { "cell_id": 1425, "lon": 77.580661671489821, "lat": 13.045975565936031 }, "geometry": { "type": "Polygon", "coordinates": [ [ [ 77.582966290675245, 13.043729787998553 ], [ 77.582966290675245, 13.048221343873507 ], [ 77.578357052304398, 13.048221343873507 ], [ 77.578357052304398, 13.043729787998553 ], [ 77.582966290675245, 13.043729787998553 ] ] ] } },
{ "type": "Feature", "properties": { "cell_id": 1426, "lon": 77.585270909860668, "lat": 13.045975565936031 }, "geometry": { "type": "Polygon", "coordinates": [ [ [ 77.587575529046092, 13.043729787998553 ], [ 77.587575529046092, 13.048221343873507 ], [ 77.582966290675245, 13.048221343873507 ], [ 77.582966290675245, 13.043729787998553 ], [ 77.587575529046092, 13.043729787998553 ] ] ] } },
{ "type": "Feature", "properties": { "cell_id": 1427, "lon": 77.589880148231515, "lat": 13.045975565936031 }, "geometry": { "type": "Polygon", "coordinates": [ [ [ 77.592184767416938, 13.043729787998553 ], [ 77.592184767416938, 13.048221343873507 ], [ 77.587575529046092, 13.048221343873507 ], [ 77.587575529046092, 13.043729787998553 ], [ 77.592184767416938, 13.043729787998553 ] ] ] } },
{ "type": "Feature", "properties": { "cell_id": 1428, "lon": 77.594489386602362, "lat": 13.045975565936031 }, "geometry": { "type": "Polygon", "coordinates": [ [ [ 77.596794005787785, 13.043729787998553 ], [ 77.596794005787785, 13.048221343873507 ], [ 77.592184767416938, 13.048221343873507 ], [ 77.592184767416938, 13.043729787998553 ], [ 77.596794005787785, 13.043729787998553 ] ] ] } },
{ "type": "Feature", "properties": { "cell_id": 1429, "lon": 77.599098624973209, "lat": 13.045975565936031 }, "geometry": { "type": "Polygon", "coordinates": [ [ [ 77.601403244158632, 13.043729787998553 ], [ 77.601403244158632, 13.048221343873507 ], [ 77.596794005787785, 13.048221343873507 ], [ 77.596794005787785, 13.043729787998553 ], [ 77.601403244158632, 13.043729787998553 ] ] ] } },
{ "type": "Feature", "properties": { "cell_id": 1430, "lon": 77.603707863344056, "lat": 13.045975565936031 }, "geometry": { "type": "Polygon", "coordinates": [ [ [ 77.606012482529479, 13.043729787998553 ], [ 77.606012482529479, 13.048221343873507 ], [ 77.601403244158632, 13.048221343873507 ], [ 77.601403244158632, 13.043729787998553 ], [ 77.606012482529479, 13.043729787998553 ] ] ] } },
{ "type": "Feature", "properties": { "cell_id": 1431, "lon": 77.608317101714903, "lat": 13.045975565936031 }, "geometry": { "type": "Polygon", "coordinates": [ [ [ 77.610621720900326, 13.043729787998553 ], [ 77.610621720900326, 13.048221343873507 ], [ 77.606012482529479, 13.048221343873507 ], [ 77.606012482529479, 13.043729787998553 ], [ 77.610621720900326, 13.043729787998553 ] ] ] } },
{ "type": "Feature", "properties": { "cell_id": 1432, "lon": 77.61292634008575, "lat": 13.045975565936031 }, "geometry": { "type": "Polygon", "coordinates": [ [ [ 77.615230959271173, 13.043729787998553 ], [ 77.615230959271173, 13.048221343873507 ], [ 77.610621720900326, 13.048221343873507 ], [ 77.610621720900326, 13.043729787998553 ], [ 77.615230959271173, 13.043729787998553 ] ] ] } },
{ "type": "Feature", "properties": { "cell_id": 1433, "lon": 77.617535578456597, "lat": 13.045975565936031 }, "geometry": { "type": "Polygon", "coordinates": [ [ [ 77.61984019764202, 13.043729787998553 ], [ 77.61984019764202, 13.048221343873507 ], [ 77.615230959271173, 13.048221343873507 ], [ 77.615230959271173, 13.043729787998553 ], [ 77.61984019764202, 13.043729787998553 ] ] ] } },
{ "type": "Feature", "properties": { "cell_id": 1434, "lon": 77.622144816827443, "lat": 13.045975565936031 }, "geometry": { "type": "Polygon", "coordinates": [ [ [ 77.624449436012867, 13.043729787998553 ], [ 77.624449436012867, 13.048221343873507 ], [ 77.61984019764202, 13.048221343873507 ], [ 77.61984019764202, 13.043729787998553 ], [ 77.624449436012867, 13.043729787998553 ] ] ] } },
{ "type": "Feature", "properties": { "cell_id": 1435, "lon": 77.62675405519829, "lat": 13.045975565936031 }, "geometry": { "type": "Polygon", "coordinates": [ [ [ 77.629058674383714, 13.043729787998553 ], [ 77.629058674383714, 13.048221343873507 ], [ 77.624449436012867, 13.048221343873507 ], [ 77.624449436012867, 13.043729787998553 ], [ 77.629058674383714, 13.043729787998553 ] ] ] } },
{ "type": "Feature", "properties": { "cell_id": 1436, "lon": 77.631363293569137, "lat": 13.045975565936031 }, "geometry": { "type": "Polygon", "coordinates": [ [ [ 77.633667912754561, 13.043729787998553 ], [ 77.633667912754561, 13.048221343873507 ], [ 77.629058674383714, 13.048221343873507 ], [ 77.629058674383714, 13.043729787998553 ], [ 77.633667912754561, 13.043729787998553 ] ] ] } },
{ "type": "Feature", "properties": { "cell_id": 1437, "lon": 77.635972531939984, "lat": 13.045975565936031 }, "geometry": { "type": "Polygon", "coordinates": [ [ [ 77.638277151125408, 13.043729787998553 ], [ 77.638277151125408, 13.048221343873507 ], [ 77.633667912754561, 13.048221343873507 ], [ 77.633667912754561, 13.043729787998553 ], [ 77.638277151125408, 13.043729787998553 ] ] ] } },
{ "type": "Feature", "properties": { "cell_id": 1438, "lon": 77.640581770310831, "lat": 13.045975565936031 }, "geometry": { "type": "Polygon", "coordinates": [ [ [ 77.642886389496255, 13.043729787998553 ], [ 77.642886389496255, 13.048221343873507 ], [ 77.638277151125408, 13.048221343873507 ], [ 77.638277151125408, 13.043729787998553 ], [ 77.642886389496255, 13.043729787998553 ] ] ] } },
{ "type": "Feature", "properties": { "cell_id": 1439, "lon": 77.645191008681678, "lat": 13.045975565936031 }, "geometry": { "type": "Polygon", "coordinates": [ [ [ 77.647495627867102, 13.043729787998553 ], [ 77.647495627867102, 13.048221343873507 ], [ 77.642886389496255, 13.048221343873507 ], [ 77.642886389496255, 13.043729787998553 ], [ 77.647495627867102, 13.043729787998553 ] ] ] } },
{ "type": "Feature", "properties": { "cell_id": 1440, "lon": 77.649800247052525, "lat": 13.045975565936031 }, "geometry": { "type": "Polygon", "coordinates": [ [ [ 77.652104866237948, 13.043729787998553 ], [ 77.652104866237948, 13.048221343873507 ], [ 77.647495627867102, 13.048221343873507 ], [ 77.647495627867102, 13.043729787998553 ], [ 77.652104866237948, 13.043729787998553 ] ] ] } },
{ "type": "Feature", "properties": { "cell_id": 1441, "lon": 77.654409485423372, "lat": 13.045975565936031 }, "geometry": { "type": "Polygon", "coordinates": [ [ [ 77.656714104608795, 13.043729787998553 ], [ 77.656714104608795, 13.048221343873507 ], [ 77.652104866237948, 13.048221343873507 ], [ 77.652104866237948, 13.043729787998553 ], [ 77.656714104608795, 13.043729787998553 ] ] ] } },
{ "type": "Feature", "properties": { "cell_id": 1442, "lon": 77.659018723794219, "lat": 13.045975565936031 }, "geometry": { "type": "Polygon", "coordinates": [ [ [ 77.661323342979642, 13.043729787998553 ], [ 77.661323342979642, 13.048221343873507 ], [ 77.656714104608795, 13.048221343873507 ], [ 77.656714104608795, 13.043729787998553 ], [ 77.661323342979642, 13.043729787998553 ] ] ] } },
{ "type": "Feature", "properties": { "cell_id": 1443, "lon": 77.663627962165066, "lat": 13.045975565936031 }, "geometry": { "type": "Polygon", "coordinates": [ [ [ 77.665932581350489, 13.043729787998553 ], [ 77.665932581350489, 13.048221343873507 ], [ 77.661323342979642, 13.048221343873507 ], [ 77.661323342979642, 13.043729787998553 ], [ 77.665932581350489, 13.043729787998553 ] ] ] } },
{ "type": "Feature", "properties": { "cell_id": 1444, "lon": 77.668237200535913, "lat": 13.045975565936031 }, "geometry": { "type": "Polygon", "coordinates": [ [ [ 77.670541819721336, 13.043729787998553 ], [ 77.670541819721336, 13.048221343873507 ], [ 77.665932581350489, 13.048221343873507 ], [ 77.665932581350489, 13.043729787998553 ], [ 77.670541819721336, 13.043729787998553 ] ] ] } },
{ "type": "Feature", "properties": { "cell_id": 1445, "lon": 77.67284643890676, "lat": 13.045975565936031 }, "geometry": { "type": "Polygon", "coordinates": [ [ [ 77.675151058092183, 13.043729787998553 ], [ 77.675151058092183, 13.048221343873507 ], [ 77.670541819721336, 13.048221343873507 ], [ 77.670541819721336, 13.043729787998553 ], [ 77.675151058092183, 13.043729787998553 ] ] ] } },
{ "type": "Feature", "properties": { "cell_id": 1446, "lon": 77.677455677277607, "lat": 13.045975565936031 }, "geometry": { "type": "Polygon", "coordinates": [ [ [ 77.67976029646303, 13.043729787998553 ], [ 77.67976029646303, 13.048221343873507 ], [ 77.675151058092183, 13.048221343873507 ], [ 77.675151058092183, 13.043729787998553 ], [ 77.67976029646303, 13.043729787998553 ] ] ] } },
{ "type": "Feature", "properties": { "cell_id": 1447, "lon": 77.682064915648454, "lat": 13.045975565936031 }, "geometry": { "type": "Polygon", "coordinates": [ [ [ 77.684369534833877, 13.043729787998553 ], [ 77.684369534833877, 13.048221343873507 ], [ 77.67976029646303, 13.048221343873507 ], [ 77.67976029646303, 13.043729787998553 ], [ 77.684369534833877, 13.043729787998553 ] ] ] } },
{ "type": "Feature", "properties": { "cell_id": 1448, "lon": 77.6866741540193, "lat": 13.045975565936031 }, "geometry": { "type": "Polygon", "coordinates": [ [ [ 77.688978773204724, 13.043729787998553 ], [ 77.688978773204724, 13.048221343873507 ], [ 77.684369534833877, 13.048221343873507 ], [ 77.684369534833877, 13.043729787998553 ], [ 77.688978773204724, 13.043729787998553 ] ] ] } },
{ "type": "Feature", "properties": { "cell_id": 1449, "lon": 77.691283392390147, "lat": 13.045975565936031 }, "geometry": { "type": "Polygon", "coordinates": [ [ [ 77.693588011575571, 13.043729787998553 ], [ 77.693588011575571, 13.048221343873507 ], [ 77.688978773204724, 13.048221343873507 ], [ 77.688978773204724, 13.043729787998553 ], [ 77.693588011575571, 13.043729787998553 ] ] ] } },
{ "type": "Feature", "properties": { "cell_id": 1450, "lon": 77.695892630760994, "lat": 13.045975565936031 }, "geometry": { "type": "Polygon", "coordinates": [ [ [ 77.698197249946418, 13.043729787998553 ], [ 77.698197249946418, 13.048221343873507 ], [ 77.693588011575571, 13.048221343873507 ], [ 77.693588011575571, 13.043729787998553 ], [ 77.698197249946418, 13.043729787998553 ] ] ] } },
{ "type": "Feature", "properties": { "cell_id": 1451, "lon": 77.700501869131841, "lat": 13.045975565936031 }, "geometry": { "type": "Polygon", "coordinates": [ [ [ 77.702806488317265, 13.043729787998553 ], [ 77.702806488317265, 13.048221343873507 ], [ 77.698197249946418, 13.048221343873507 ], [ 77.698197249946418, 13.043729787998553 ], [ 77.702806488317265, 13.043729787998553 ] ] ] } },
{ "type": "Feature", "properties": { "cell_id": 1452, "lon": 77.502304619185423, "lat": 13.050467121810986 }, "geometry": { "type": "Polygon", "coordinates": [ [ [ 77.504609238370847, 13.048221343873507 ], [ 77.504609238370847, 13.052712899748462 ], [ 77.5, 13.052712899748462 ], [ 77.5, 13.048221343873507 ], [ 77.504609238370847, 13.048221343873507 ] ] ] } },
{ "type": "Feature", "properties": { "cell_id": 1453, "lon": 77.50691385755627, "lat": 13.050467121810986 }, "geometry": { "type": "Polygon", "coordinates": [ [ [ 77.509218476741694, 13.048221343873507 ], [ 77.509218476741694, 13.052712899748462 ], [ 77.504609238370847, 13.052712899748462 ], [ 77.504609238370847, 13.048221343873507 ], [ 77.509218476741694, 13.048221343873507 ] ] ] } },
{ "type": "Feature", "properties": { "cell_id": 1454, "lon": 77.511523095927117, "lat": 13.050467121810986 }, "geometry": { "type": "Polygon", "coordinates": [ [ [ 77.513827715112541, 13.048221343873507 ], [ 77.513827715112541, 13.052712899748462 ], [ 77.509218476741694, 13.052712899748462 ], [ 77.509218476741694, 13.048221343873507 ], [ 77.513827715112541, 13.048221343873507 ] ] ] } },
{ "type": "Feature", "properties": { "cell_id": 1455, "lon": 77.516132334297964, "lat": 13.050467121810986 }, "geometry": { "type": "Polygon", "coordinates": [ [ [ 77.518436953483388, 13.048221343873507 ], [ 77.518436953483388, 13.052712899748462 ], [ 77.513827715112541, 13.052712899748462 ], [ 77.513827715112541, 13.048221343873507 ], [ 77.518436953483388, 13.048221343873507 ] ] ] } },
{ "type": "Feature", "properties": { "cell_id": 1456, "lon": 77.520741572668811, "lat": 13.050467121810986 }, "geometry": { "type": "Polygon", "coordinates": [ [ [ 77.523046191854235, 13.048221343873507 ], [ 77.523046191854235, 13.052712899748462 ], [ 77.518436953483388, 13.052712899748462 ], [ 77.518436953483388, 13.048221343873507 ], [ 77.523046191854235, 13.048221343873507 ] ] ] } },
{ "type": "Feature", "properties": { "cell_id": 1457, "lon": 77.525350811039658, "lat": 13.050467121810986 }, "geometry": { "type": "Polygon", "coordinates": [ [ [ 77.527655430225082, 13.048221343873507 ], [ 77.527655430225082, 13.052712899748462 ], [ 77.523046191854235, 13.052712899748462 ], [ 77.523046191854235, 13.048221343873507 ], [ 77.527655430225082, 13.048221343873507 ] ] ] } },
{ "type": "Feature", "properties": { "cell_id": 1458, "lon": 77.529960049410505, "lat": 13.050467121810986 }, "geometry": { "type": "Polygon", "coordinates": [ [ [ 77.532264668595928, 13.048221343873507 ], [ 77.532264668595928, 13.052712899748462 ], [ 77.527655430225082, 13.052712899748462 ], [ 77.527655430225082, 13.048221343873507 ], [ 77.532264668595928, 13.048221343873507 ] ] ] } },
{ "type": "Feature", "properties": { "cell_id": 1459, "lon": 77.534569287781352, "lat": 13.050467121810986 }, "geometry": { "type": "Polygon", "coordinates": [ [ [ 77.536873906966775, 13.048221343873507 ], [ 77.536873906966775, 13.052712899748462 ], [ 77.532264668595928, 13.052712899748462 ], [ 77.532264668595928, 13.048221343873507 ], [ 77.536873906966775, 13.048221343873507 ] ] ] } },
{ "type": "Feature", "properties": { "cell_id": 1460, "lon": 77.539178526152199, "lat": 13.050467121810986 }, "geometry": { "type": "Polygon", "coordinates": [ [ [ 77.541483145337622, 13.048221343873507 ], [ 77.541483145337622, 13.052712899748462 ], [ 77.536873906966775, 13.052712899748462 ], [ 77.536873906966775, 13.048221343873507 ], [ 77.541483145337622, 13.048221343873507 ] ] ] } },
{ "type": "Feature", "properties": { "cell_id": 1461, "lon": 77.543787764523046, "lat": 13.050467121810986 }, "geometry": { "type": "Polygon", "coordinates": [ [ [ 77.546092383708469, 13.048221343873507 ], [ 77.546092383708469, 13.052712899748462 ], [ 77.541483145337622, 13.052712899748462 ], [ 77.541483145337622, 13.048221343873507 ], [ 77.546092383708469, 13.048221343873507 ] ] ] } },
{ "type": "Feature", "properties": { "cell_id": 1462, "lon": 77.548397002893893, "lat": 13.050467121810986 }, "geometry": { "type": "Polygon", "coordinates": [ [ [ 77.550701622079316, 13.048221343873507 ], [ 77.550701622079316, 13.052712899748462 ], [ 77.546092383708469, 13.052712899748462 ], [ 77.546092383708469, 13.048221343873507 ], [ 77.550701622079316, 13.048221343873507 ] ] ] } },
{ "type": "Feature", "properties": { "cell_id": 1463, "lon": 77.55300624126474, "lat": 13.050467121810986 }, "geometry": { "type": "Polygon", "coordinates": [ [ [ 77.555310860450163, 13.048221343873507 ], [ 77.555310860450163, 13.052712899748462 ], [ 77.550701622079316, 13.052712899748462 ], [ 77.550701622079316, 13.048221343873507 ], [ 77.555310860450163, 13.048221343873507 ] ] ] } },
{ "type": "Feature", "properties": { "cell_id": 1464, "lon": 77.557615479635587, "lat": 13.050467121810986 }, "geometry": { "type": "Polygon", "coordinates": [ [ [ 77.55992009882101, 13.048221343873507 ], [ 77.55992009882101, 13.052712899748462 ], [ 77.555310860450163, 13.052712899748462 ], [ 77.555310860450163, 13.048221343873507 ], [ 77.55992009882101, 13.048221343873507 ] ] ] } },
{ "type": "Feature", "properties": { "cell_id": 1465, "lon": 77.562224718006433, "lat": 13.050467121810986 }, "geometry": { "type": "Polygon", "coordinates": [ [ [ 77.564529337191857, 13.048221343873507 ], [ 77.564529337191857, 13.052712899748462 ], [ 77.55992009882101, 13.052712899748462 ], [ 77.55992009882101, 13.048221343873507 ], [ 77.564529337191857, 13.048221343873507 ] ] ] } },
{ "type": "Feature", "properties": { "cell_id": 1466, "lon": 77.56683395637728, "lat": 13.050467121810986 }, "geometry": { "type": "Polygon", "coordinates": [ [ [ 77.569138575562704, 13.048221343873507 ], [ 77.569138575562704, 13.052712899748462 ], [ 77.564529337191857, 13.052712899748462 ], [ 77.564529337191857, 13.048221343873507 ], [ 77.569138575562704, 13.048221343873507 ] ] ] } },
{ "type": "Feature", "properties": { "cell_id": 1467, "lon": 77.571443194748127, "lat": 13.050467121810986 }, "geometry": { "type": "Polygon", "coordinates": [ [ [ 77.573747813933551, 13.048221343873507 ], [ 77.573747813933551, 13.052712899748462 ], [ 77.569138575562704, 13.052712899748462 ], [ 77.569138575562704, 13.048221343873507 ], [ 77.573747813933551, 13.048221343873507 ] ] ] } },
{ "type": "Feature", "properties": { "cell_id": 1468, "lon": 77.576052433118974, "lat": 13.050467121810986 }, "geometry": { "type": "Polygon", "coordinates": [ [ [ 77.578357052304398, 13.048221343873507 ], [ 77.578357052304398, 13.052712899748462 ], [ 77.573747813933551, 13.052712899748462 ], [ 77.573747813933551, 13.048221343873507 ], [ 77.578357052304398, 13.048221343873507 ] ] ] } },
{ "type": "Feature", "properties": { "cell_id": 1469, "lon": 77.580661671489821, "lat": 13.050467121810986 }, "geometry": { "type": "Polygon", "coordinates": [ [ [ 77.582966290675245, 13.048221343873507 ], [ 77.582966290675245, 13.052712899748462 ], [ 77.578357052304398, 13.052712899748462 ], [ 77.578357052304398, 13.048221343873507 ], [ 77.582966290675245, 13.048221343873507 ] ] ] } },
{ "type": "Feature", "properties": { "cell_id": 1470, "lon": 77.585270909860668, "lat": 13.050467121810986 }, "geometry": { "type": "Polygon", "coordinates": [ [ [ 77.587575529046092, 13.048221343873507 ], [ 77.587575529046092, 13.052712899748462 ], [ 77.582966290675245, 13.052712899748462 ], [ 77.582966290675245, 13.048221343873507 ], [ 77.587575529046092, 13.048221343873507 ] ] ] } },
{ "type": "Feature", "properties": { "cell_id": 1471, "lon": 77.589880148231515, "lat": 13.050467121810986 }, "geometry": { "type": "Polygon", "coordinates": [ [ [ 77.592184767416938, 13.048221343873507 ], [ 77.592184767416938, 13.052712899748462 ], [ 77.587575529046092, 13.052712899748462 ], [ 77.587575529046092, 13.048221343873507 ], [ 77.592184767416938, 13.048221343873507 ] ] ] } },
{ "type": "Feature", "properties": { "cell_id": 1472, "lon": 77.594489386602362, "lat": 13.050467121810986 }, "geometry": { "type": "Polygon", "coordinates": [ [ [ 77.596794005787785, 13.048221343873507 ], [ 77.596794005787785, 13.052712899748462 ], [ 77.592184767416938, 13.052712899748462 ], [ 77.592184767416938, 13.048221343873507 ], [ 77.596794005787785, 13.048221343873507 ] ] ] } },
{ "type": "Feature", "properties": { "cell_id": 1473, "lon": 77.599098624973209, "lat": 13.050467121810986 }, "geometry": { "type": "Polygon", "coordinates": [ [ [ 77.601403244158632, 13.048221343873507 ], [ 77.601403244158632, 13.052712899748462 ], [ 77.596794005787785, 13.052712899748462 ], [ 77.596794005787785, 13.048221343873507 ], [ 77.601403244158632, 13.048221343873507 ] ] ] } },
{ "type": "Feature", "properties": { "cell_id": 1474, "lon": 77.603707863344056, "lat": 13.050467121810986 }, "geometry": { "type": "Polygon", "coordinates": [ [ [ 77.606012482529479, 13.048221343873507 ], [ 77.606012482529479, 13.052712899748462 ], [ 77.601403244158632, 13.052712899748462 ], [ 77.601403244158632, 13.048221343873507 ], [ 77.606012482529479, 13.048221343873507 ] ] ] } },
{ "type": "Feature", "properties": { "cell_id": 1475, "lon": 77.608317101714903, "lat": 13.050467121810986 }, "geometry": { "type": "Polygon", "coordinates": [ [ [ 77.610621720900326, 13.048221343873507 ], [ 77.610621720900326, 13.052712899748462 ], [ 77.606012482529479, 13.052712899748462 ], [ 77.606012482529479, 13.048221343873507 ], [ 77.610621720900326, 13.048221343873507 ] ] ] } },
{ "type": "Feature", "properties": { "cell_id": 1476, "lon": 77.61292634008575, "lat": 13.050467121810986 }, "geometry": { "type": "Polygon", "coordinates": [ [ [ 77.615230959271173, 13.048221343873507 ], [ 77.615230959271173, 13.052712899748462 ], [ 77.610621720900326, 13.052712899748462 ], [ 77.610621720900326, 13.048221343873507 ], [ 77.615230959271173, 13.048221343873507 ] ] ] } },
{ "type": "Feature", "properties": { "cell_id": 1477, "lon": 77.617535578456597, "lat": 13.050467121810986 }, "geometry": { "type": "Polygon", "coordinates": [ [ [ 77.61984019764202, 13.048221343873507 ], [ 77.61984019764202, 13.052712899748462 ], [ 77.615230959271173, 13.052712899748462 ], [ 77.615230959271173, 13.048221343873507 ], [ 77.61984019764202, 13.048221343873507 ] ] ] } },
{ "type": "Feature", "properties": { "cell_id": 1478, "lon": 77.622144816827443, "lat": 13.050467121810986 }, "geometry": { "type": "Polygon", "coordinates": [ [ [ 77.624449436012867, 13.048221343873507 ], [ 77.624449436012867, 13.052712899748462 ], [ 77.61984019764202, 13.052712899748462 ], [ 77.61984019764202, 13.048221343873507 ], [ 77.624449436012867, 13.048221343873507 ] ] ] } },
{ "type": "Feature", "properties": { "cell_id": 1479, "lon": 77.62675405519829, "lat": 13.050467121810986 }, "geometry": { "type": "Polygon", "coordinates": [ [ [ 77.629058674383714, 13.048221343873507 ], [ 77.629058674383714, 13.052712899748462 ], [ 77.624449436012867, 13.052712899748462 ], [ 77.624449436012867, 13.048221343873507 ], [ 77.629058674383714, 13.048221343873507 ] ] ] } },
{ "type": "Feature", "properties": { "cell_id": 1480, "lon": 77.631363293569137, "lat": 13.050467121810986 }, "geometry": { "type": "Polygon", "coordinates": [ [ [ 77.633667912754561, 13.048221343873507 ], [ 77.633667912754561, 13.052712899748462 ], [ 77.629058674383714, 13.052712899748462 ], [ 77.629058674383714, 13.048221343873507 ], [ 77.633667912754561, 13.048221343873507 ] ] ] } },
{ "type": "Feature", "properties": { "cell_id": 1481, "lon": 77.635972531939984, "lat": 13.050467121810986 }, "geometry": { "type": "Polygon", "coordinates": [ [ [ 77.638277151125408, 13.048221343873507 ], [ 77.638277151125408, 13.052712899748462 ], [ 77.633667912754561, 13.052712899748462 ], [ 77.633667912754561, 13.048221343873507 ], [ 77.638277151125408, 13.048221343873507 ] ] ] } },
{ "type": "Feature", "properties": { "cell_id": 1482, "lon": 77.640581770310831, "lat": 13.050467121810986 }, "geometry": { "type": "Polygon", "coordinates": [ [ [ 77.642886389496255, 13.048221343873507 ], [ 77.642886389496255, 13.052712899748462 ], [ 77.638277151125408, 13.052712899748462 ], [ 77.638277151125408, 13.048221343873507 ], [ 77.642886389496255, 13.048221343873507 ] ] ] } },
{ "type": "Feature", "properties": { "cell_id": 1483, "lon": 77.645191008681678, "lat": 13.050467121810986 }, "geometry": { "type": "Polygon", "coordinates": [ [ [ 77.647495627867102, 13.048221343873507 ], [ 77.647495627867102, 13.052712899748462 ], [ 77.642886389496255, 13.052712899748462 ], [ 77.642886389496255, 13.048221343873507 ], [ 77.647495627867102, 13.048221343873507 ] ] ] } },
{ "type": "Feature", "properties": { "cell_id": 1484, "lon": 77.649800247052525, "lat": 13.050467121810986 }, "geometry": { "type": "Polygon", "coordinates": [ [ [ 77.652104866237948, 13.048221343873507 ], [ 77.652104866237948, 13.052712899748462 ], [ 77.647495627867102, 13.052712899748462 ], [ 77.647495627867102, 13.048221343873507 ], [ 77.652104866237948, 13.048221343873507 ] ] ] } },
{ "type": "Feature", "properties": { "cell_id": 1485, "lon": 77.654409485423372, "lat": 13.050467121810986 }, "geometry": { "type": "Polygon", "coordinates": [ [ [ 77.656714104608795, 13.048221343873507 ], [ 77.656714104608795, 13.052712899748462 ], [ 77.652104866237948, 13.052712899748462 ], [ 77.652104866237948, 13.048221343873507 ], [ 77.656714104608795, 13.048221343873507 ] ] ] } },
{ "type": "Feature", "properties": { "cell_id": 1486, "lon": 77.659018723794219, "lat": 13.050467121810986 }, "geometry": { "type": "Polygon", "coordinates": [ [ [ 77.661323342979642, 13.048221343873507 ], [ 77.661323342979642, 13.052712899748462 ], [ 77.656714104608795, 13.052712899748462 ], [ 77.656714104608795, 13.048221343873507 ], [ 77.661323342979642, 13.048221343873507 ] ] ] } },
{ "type": "Feature", "properties": { "cell_id": 1487, "lon": 77.663627962165066, "lat": 13.050467121810986 }, "geometry": { "type": "Polygon", "coordinates": [ [ [ 77.665932581350489, 13.048221343873507 ], [ 77.665932581350489, 13.052712899748462 ], [ 77.661323342979642, 13.052712899748462 ], [ 77.661323342979642, 13.048221343873507 ], [ 77.665932581350489, 13.048221343873507 ] ] ] } },
{ "type": "Feature", "properties": { "cell_id": 1488, "lon": 77.668237200535913, "lat": 13.050467121810986 }, "geometry": { "type": "Polygon", "coordinates": [ [ [ 77.670541819721336, 13.048221343873507 ], [ 77.670541819721336, 13.052712899748462 ], [ 77.665932581350489, 13.052712899748462 ], [ 77.665932581350489, 13.048221343873507 ], [ 77.670541819721336, 13.048221343873507 ] ] ] } },
{ "type": "Feature", "properties": { "cell_id": 1489, "lon": 77.67284643890676, "lat": 13.050467121810986 }, "geometry": { "type": "Polygon", "coordinates": [ [ [ 77.675151058092183, 13.048221343873507 ], [ 77.675151058092183, 13.052712899748462 ], [ 77.670541819721336, 13.052712899748462 ], [ 77.670541819721336, 13.048221343873507 ], [ 77.675151058092183, 13.048221343873507 ] ] ] } },
{ "type": "Feature", "properties": { "cell_id": 1490, "lon": 77.677455677277607, "lat": 13.050467121810986 }, "geometry": { "type": "Polygon", "coordinates": [ [ [ 77.67976029646303, 13.048221343873507 ], [ 77.67976029646303, 13.052712899748462 ], [ 77.675151058092183, 13.052712899748462 ], [ 77.675151058092183, 13.048221343873507 ], [ 77.67976029646303, 13.048221343873507 ] ] ] } },
{ "type": "Feature", "properties": { "cell_id": 1491, "lon": 77.682064915648454, "lat": 13.050467121810986 }, "geometry": { "type": "Polygon", "coordinates": [ [ [ 77.684369534833877, 13.048221343873507 ], [ 77.684369534833877, 13.052712899748462 ], [ 77.67976029646303, 13.052712899748462 ], [ 77.67976029646303, 13.048221343873507 ], [ 77.684369534833877, 13.048221343873507 ] ] ] } },
{ "type": "Feature", "properties": { "cell_id": 1492, "lon": 77.6866741540193, "lat": 13.050467121810986 }, "geometry": { "type": "Polygon", "coordinates": [ [ [ 77.688978773204724, 13.048221343873507 ], [ 77.688978773204724, 13.052712899748462 ], [ 77.684369534833877, 13.052712899748462 ], [ 77.684369534833877, 13.048221343873507 ], [ 77.688978773204724, 13.048221343873507 ] ] ] } },
{ "type": "Feature", "properties": { "cell_id": 1493, "lon": 77.691283392390147, "lat": 13.050467121810986 }, "geometry": { "type": "Polygon", "coordinates": [ [ [ 77.693588011575571, 13.048221343873507 ], [ 77.693588011575571, 13.052712899748462 ], [ 77.688978773204724, 13.052712899748462 ], [ 77.688978773204724, 13.048221343873507 ], [ 77.693588011575571, 13.048221343873507 ] ] ] } },
{ "type": "Feature", "properties": { "cell_id": 1494, "lon": 77.695892630760994, "lat": 13.050467121810986 }, "geometry": { "type": "Polygon", "coordinates": [ [ [ 77.698197249946418, 13.048221343873507 ], [ 77.698197249946418, 13.052712899748462 ], [ 77.693588011575571, 13.052712899748462 ], [ 77.693588011575571, 13.048221343873507 ], [ 77.698197249946418, 13.048221343873507 ] ] ] } },
{ "type": "Feature", "properties": { "cell_id": 1495, "lon": 77.700501869131841, "lat": 13.050467121810986 }, "geometry": { "type": "Polygon", "coordinates": [ [ [ 77.702806488317265, 13.048221343873507 ], [ 77.702806488317265, 13.052712899748462 ], [ 77.698197249946418, 13.052712899748462 ], [ 77.698197249946418, 13.048221343873507 ], [ 77.702806488317265, 13.048221343873507 ] ] ] } }
]
}
