cell_id,lon,lat,lst_min,lst_max,lst_mean,lst_std,ndvi_min,ndvi_max,ndvi_mean,ndvi_std,ndbi_min,ndbi_max,ndbi_mean,ndbi_std,building_count,building_density,avg_building_area,road_length_m,road_density,albedo_proxy,green_fraction,norm_building_density,norm_road_density,impervious_fraction,dist_to_green_m
0,72.80237518119202,18.902245777937477,28.05101258000002,42.44087678000005,30.891107950000016,3.5733160460250764,-0.29389670491218567,0.7052990198135376,-0.07743933335790094,0.2095073957571906,-0.26591888070106506,0.3990249037742615,0.04229449865952978,0.05789088927570543,0.0,0.0,0.0,590.3053544316326,0.002371182678781378,0.9577055013404703,0.0,0.0,0.056885725037441444,0.02275429001497658,1000.5860129855668
1,72.80712554357608,18.902245777937477,34.15901431999998,43.82175686000005,37.705321770000026,2.0560564061088398,-0.02182890847325325,0.7609921097755432,0.3630459997788915,0.20029102432218446,-0.385980486869812,0.3365222215652466,-0.02476074794553361,0.11343565861996843,33.0,0.08753477127754263,660.3563678782159,8427.421527585588,0.03385189682421322,1.0247607479455336,0.3630459997788915,0.27527473046490464,0.8121220317481824,0.4900136509782158,500.2930064927834
2,72.81187590596014,18.902245777937477,33.51300853999999,40.36613864000003,36.2646565647059,1.8570449902915387,-0.002776920795440674,0.8011441230773926,0.43153053139740566,0.20145999633445644,-0.38804832100868225,0.30990952253341675,-0.048799824264814266,0.12965204739005223,35.0,0.07948424245623639,565.3595124820283,7671.9255236768995,0.030817163994995244,1.0487998242648142,0.43153053139740566,0.24995785216566846,0.7393174440503203,0.4457016889195292,0.0
3,72.8166262683442,18.902245777937477,28.36205240000004,40.63274420000005,35.46986967000002,3.554914287603501,-0.24030296504497528,0.7706889510154724,0.17174521813025842,0.24629852937739413,-0.34250926971435547,0.3645854592323303,0.020127086639404296,0.10370966308898996,21.0,0.11063705634544663,1311.574686692312,1812.475542250261,0.007280487258389678,0.9798729133605957,0.17174521813025842,0.34792557769253896,0.17466212115390378,0.2786201950770849,500.2930064927834
4,72.82137663072825,18.902245777937477,28.13646308,29.172123140000053,28.480926168235314,0.2248726289858923,-0.21817070245742798,0.12258405983448029,-0.14260554475604365,0.030850021555823857,-0.025336680933833122,0.13060718774795532,0.03344581460053066,0.02407585651207397,0.0,0.0,0.0,0.0,0.0,0.9665541853994694,0.0,0.0,0.0,0.0,1000.5860129855668
5,72.82612699311231,18.902245777937477,27.070040840000047,30.935821460000057,28.32705679000002,0.6331714862579161,-0.20505502820014954,0.12092447280883789,-0.12482303259507666,0.03972495057364116,-0.09525880962610245,0.2865384519100189,0.016608647760355248,0.03321104423392263,4.0,0.003465599411583363,215.69003384675463,0.0,0.0,0.9833913522396448,0.0,0.01089843418792016,0.0,0.006539060512752096,1500.8790194783503
6,72.83087735549637,18.902245777937477,27.24435986000003,28.898681539999984,27.99951888000002,0.2908342293046623,-0.1755354404449463,-0.060262009501457214,-0.11750385788251769,0.018533261589971366,-0.0465845987200737,0.06493506580591202,0.00900267834933299,0.015908896966747445,0.0,0.0,0.0,0.0,0.0,0.990997321650667,0.0,0.0,0.0,0.0,2001.1720259711335
7,72.83562771788043,18.902245777937477,26.52657566000005,28.208241499999986,27.661902344705904,0.27243909540227484,-0.16153128445148468,-0.05281690135598183,-0.10796891122494104,0.017431382151236016,-0.03281437233090401,0.07854912430047989,0.019872373185067807,0.014206050919581806,0.0,0.0,0.0,0.0,0.0,0.9801276268149322,0.0,0.0,0.0,0.0,2501.465032463917
8,72.84037808026449,18.902245777937477,26.239461979999987,28.08177476000003,27.073280140000016,0.3771008443951125,-0.1650863140821457,-0.057336341589689255,-0.11940484964622641,0.015535644588165736,-0.03548303619027138,0.08561643958091736,0.02869094560731132,0.015322518003706823,0.0,0.0,0.0,0.0,0.0,0.9713090543926887,0.0,0.0,0.0,0.0,3001.7580389567006
9,72.84512844264854,18.902245777937477,26.8581236,27.85618543999999,27.06749408000002,0.1582954515453125,-0.1653696447610855,-0.041212696582078934,-0.11349686532650353,0.016289327139871187,-0.04518872871994972,0.080520860850811,0.02432373046875,0.01678956880405076,0.0,0.0,0.0,0.0,0.0,0.97567626953125,0.0,0.0,0.0,0.0,3502.051045449484
10,72.8498788050326,18.902245777937477,26.830779440000015,28.464593000000036,27.771657450588258,0.36000201170804136,-0.17762237787246704,-0.022696929052472115,-0.10132688126474057,0.022635385818943598,-0.04528301954269409,0.09607112407684326,0.02257428151256633,0.02001733914185833,0.0,0.0,0.0,0.0,0.0,0.9774257184874336,0.0,0.0,0.0,0.0,4002.344051942267
11,72.85462916741666,18.902245777937477,26.933320040000012,28.416740720000007,27.69439916000002,0.3734728632379101,-0.16050495207309723,-0.028545118868350983,-0.10662740854116587,0.02141770921439212,-0.04100337624549866,0.10916128754615784,0.03356094360351562,0.020029621138947167,0.0,0.0,0.0,0.0,0.0,0.9664390563964844,0.0,0.0,0.0,0.0,4502.63705843505
12,72.85937952980072,18.902245777937477,26.98459034000001,28.18089734,27.492349629411784,0.3760531244123166,-0.1796809434890747,-0.017793593928217888,-0.11686825158461085,0.02122052277409986,-0.02391904406249523,0.10049504786729813,0.039190385926444575,0.01852809901127905,0.0,0.0,0.0,0.0,0.0,0.9608096140735555,0.0,0.0,0.0,0.0,5002.930064927834
13,72.86412989218478,18.902245777937477,26.905975880000028,29.209721360000003,27.408983320000022,0.4769809235640541,-0.19648738205432892,-0.02770083025097847,-0.10058317364386793,0.024144897298952462,-0.034501202404499054,0.17539267241954803,0.054861231390035375,0.02564325520183863,0.0,0.0,0.0,0.0,0.0,0.9451387686099646,0.0,0.0,0.0,0.0,5503.223071420617
14,72.86888025456884,18.902245777937477,27.111057080000023,28.49193716000002,27.69024392000002,0.39053267094570704,-0.23450933396816254,-0.021466905251145363,-0.10846608287883255,0.026527089119996447,-0.04998466745018959,0.19742093980312347,0.050706948334316035,0.02514562704980733,0.0,0.0,0.0,0.0,0.0,0.949293051665684,0.0,0.0,0.0,0.0,5503.223071420617
15,72.8736306169529,18.902245777937477,27.387916700000005,28.611567860000036,27.71413063647061,0.19971434530202314,-0.1977401077747345,-0.017182130366563797,-0.10568536722435141,0.02303895914811948,-0.039256200194358826,0.14249557256698608,0.041685019439121465,0.025401558501639637,0.0,0.0,0.0,0.0,0.0,0.9583149805608785,0.0,0.0,0.0,0.0,5002.930064927834
16,72.87838097933695,18.902245777937477,27.55881770000002,28.44408487999999,27.92549529000002,0.2637862230623204,-0.17241379618644714,-0.04919460043311119,-0.11090746609669812,0.020032014211464583,-0.06148238107562065,0.08049753308296204,0.027608654094192216,0.017806459244621053,0.0,0.0,0.0,0.0,0.0,0.9723913459058078,0.0,0.0,0.0,0.0,4502.63705843505
17,72.88313134172101,18.902245777937477,27.869857519999982,28.485101120000024,28.233262300000014,0.14273918313318906,-0.1948998123407364,-0.04344228282570839,-0.1132520913178066,0.02464599197088372,-0.08274602144956589,0.09685172140598297,0.03353973388671875,0.0258403270878397,0.0,0.0,0.0,0.0,0.0,0.9664602661132813,0.0,0.0,0.0,0.0,4002.344051942267
18,72.88788170410507,18.902245777937477,27.921127820000038,28.468011020000006,28.267128425882373,0.09112098810981421,-0.15046492218971252,-0.02866370603442192,-0.08119596661261792,0.017260135098573055,-0.05726476386189461,0.07371795177459717,0.01161115178522074,0.022630937304894398,0.0,0.0,0.0,0.0,0.0,0.9883888482147792,0.0,0.0,0.0,0.0,3502.051045449484
19,72.89263206648913,18.902245777937477,27.808333160000018,28.57396964000003,28.17505543000002,0.1692453058683706,-0.1719745248556137,-0.027413588017225266,-0.09161568695644162,0.027435343373810803,-0.06740378588438034,0.10249042510986328,0.010151393098651238,0.03152657834864221,0.0,0.0,0.0,0.0,0.0,0.9898486069013488,0.0,0.0,0.0,0.0,3001.7580389567006
20,72.89738242887319,18.902245777937477,27.945053959999996,28.57396964000003,28.208596311764722,0.12440381536706531,-0.1769150048494339,-0.003572846297174692,-0.10776444655198317,0.02819818472030694,-0.05740181356668472,0.1148056611418724,0.0462573476938101,0.0294926149218786,0.0,0.0,0.0,0.0,0.0,0.9537426523061899,0.0,0.0,0.0,0.0,2501.465032463917
21,72.90213279125724,18.902245777937477,28.122791000000007,28.652584100000013,28.425788420000018,0.11088430138221791,-0.20321930944919586,-0.028478438034653664,-0.11624596937647405,0.030688309842406995,-0.05065833404660225,0.10804188251495361,0.028605260309183374,0.02884084128360874,0.0,0.0,0.0,0.0,0.0,0.9713947396908166,0.0,0.0,0.0,0.0,2001.1720259711335
22,72.9068831536413,18.902245777937477,28.22874962000003,36.91393844000004,29.772566490000017,2.0887991928599066,-0.2275209277868271,0.6792616844177246,0.054512334859596105,0.24271087947517767,-0.37392374873161316,0.13050314784049988,-0.05190681889372052,0.08634428886487393,0.0,0.0,0.0,0.0,0.0,1.0519068188937206,0.054512334859596105,0.0,0.0,0.0,1500.8790194783503
23,72.91163351602536,18.902245777937477,29.069582540000056,38.89297202,34.10437330823531,3.2236867551574027,-0.12935324013233185,0.7563188672065735,0.3621310021742335,0.21921403577422363,-0.41222983598709106,0.2502327561378479,-0.09373402721477005,0.1152439960487176,18.0,0.03387963234686475,468.5736821801155,0.0,0.0,1.09373402721477,0.3621310021742335,0.10654288034823405,0.0,0.06392572820894042,1000.5860129855668
24,72.91638387840942,18.902245777937477,29.578867520000017,40.31486834000003,36.448462200000016,2.4897424331119806,-0.04993705451488495,0.7693703174591064,0.31504283977004716,0.17431467911474888,-0.3739928603172302,0.41058802604675293,0.02248387462687942,0.13201879862746524,18.0,0.029294793181903696,405.1628709961442,0.0,0.0,0.9775161253731206,0.31504283977004716,0.09212472003388378,0.0,0.05527483202033027,500.2930064927834
25,72.92113424079348,18.902245777937477,33.25665704000005,40.93352995999999,35.110218010000025,1.5886647772253935,0.09211812913417816,0.6255267858505249,0.40410897884728775,0.1157714022284368,-0.16364435851573944,0.34732142090797424,0.05810530752505896,0.08509627622679793,0.0,0.0,0.0,0.0,0.0,0.9418946924749411,0.40410897884728775,0.0,0.0,0.0,0.0
26,72.92588460317754,18.902245777937477,34.083817880000026,46.64504138000001,40.12745676588237,3.3695199804954483,0.07285768538713455,0.554063618183136,0.269831013229658,0.09997304400862651,-0.11572052538394928,0.3371710479259491,0.14876781535598466,0.07091443413929285,0.0,0.0,0.0,0.0,0.0,0.8512321846440154,0.269831013229658,0.0,0.0,0.0,500.2930064927834
27,72.9306349655616,18.902245777937477,31.137484640000025,46.190444720000016,38.351673820000016,4.729417361396617,0.024818800389766693,0.7459074854850769,0.36985789173054245,0.22629482833267206,-0.38885697722435,0.2824133634567261,-0.04388404702240566,0.19202388204170678,113.0,0.052873008970056846,116.48427253269139,0.0,0.0,1.0438840470224056,0.36985789173054245,0.16627224908091948,0.0,0.09976334944855168,500.2930064927834
28,72.93538532794565,18.902245777937477,29.619883759999993,33.69758162000005,31.600596782352955,0.8647690458219991,-0.10224800556898117,0.7719171047210693,0.577156982421875,0.212331664793285,-0.45633697509765625,0.005007152911275625,-0.26909625713641827,0.10750196287741863,0.0,0.0,0.0,0.0,0.0,1.2690962571364182,0.577156982421875,0.0,0.0,0.0,0.0
29,72.94013569032971,18.902245777937477,29.10034472000001,32.268849260000025,30.216305910000017,0.7274274947922345,-0.17596566677093506,0.7535651326179504,0.09499262971698114,0.26969064613222843,-0.44561219215393066,0.09881756454706192,-0.06800859559257076,0.13618028893130074,0.0,0.0,0.0,0.0,0.0,1.0680085955925707,0.09499262971698114,0.0,0.0,0.0,500.2930064927834
30,72.94488605271377,18.902245777937477,30.85037096000002,45.06591614000001,37.13913681000002,4.415133606622621,-0.048694975674152374,0.7501692771911621,0.4136853718307783,0.2436661452554997,-0.4074276387691498,0.2638888955116272,-0.09075130822523585,0.20232311137003237,0.0,0.0,0.0,0.0,0.0,1.0907513082252358,0.4136853718307783,0.0,0.0,0.0,0.0
31,72.94963641509783,18.902245777937477,0.0,45.47266051999998,25.530436776470598,21.404901611085364,-0.008094186894595623,0.23753462731838226,0.042231122862617924,0.03794708954533366,-0.06764765828847885,0.26986849308013916,0.08827983352373231,0.08349055207380417,0.0,0.0,0.0,0.0,0.0,0.9117201664762677,0.042231122862617924,0.0,0.0,0.0,500.2930064927834
32,72.80237518119202,18.906737333812433,28.061266639999985,40.69085054000004,30.21053102000002,2.838346966253934,-0.3008883595466614,0.7541987299919128,-0.02805563009010171,0.25124076763690406,-0.3140142560005188,0.3360568881034851,0.023200895201485112,0.06842597085335059,3.0,0.0072273708145133815,599.7507387976772,216.47700725228088,0.00086956102650512,0.9767991047985148,0.0,0.022728254428483394,0.020861155026008982,0.021981414667493628,1118.534136575187
33,72.80712554357608,18.906737333812433,35.43735379999998,42.56392549999998,37.67406811000002,1.3562520844437542,-0.024283764883875847,0.7738737463951111,0.32287920106132073,0.18618760807395368,-0.3968379497528076,0.38979223370552063,-0.03308116409013856,0.1090410305200991,73.0,0.1625162632479136,554.2244442787538,9246.681107904644,0.03714275995410752,1.0330811640901385,0.32287920106132073,0.5110725704633245,0.8910712990561026,0.6630720619004358,707.3044985514517
34,72.81187590596014,18.906737333812433,35.19809240000001,39.92521406000003,37.671023956470606,1.2197822908769596,0.00935412012040615,0.7777777910232544,0.3719874198481722,0.17660080502150707,-0.3281870186328888,0.3111906051635742,-0.027078828631706957,0.10220363608860246,51.0,0.09540839220280226,465.72345421870926,9401.225127433288,0.03776354392542759,1.027078828631707,0.3719874198481722,0.30003527814614056,0.905964182095512,0.5424068397258892,500.00000000016115
35,72.8166262683442,18.906737333812433,29.47632692000002,40.50627745999998,36.19992970000002,2.202903544541769,-0.16465476155281067,0.7345698475837708,0.34903470552884613,0.19577934217184528,-0.4026643633842468,0.3378717303276062,-0.04440287369948167,0.1078903841477709,24.0,0.06655894313483851,690.4096998619217,4216.366583399989,0.01693661650685329,1.0444028736994817,0.34903470552884613,0.20931105278585632,0.406316948202656,0.2881134109525762,707.3044985514517
36,72.82137663072825,18.906737333812433,28.269765860000007,36.47643188000001,29.690514955294137,1.8844656570624398,-0.2763465940952301,0.506179928779602,-0.11234515496020048,0.10271496515876098,-0.11925175040960312,0.2516354024410248,0.0471906870716023,0.033685274035214915,1.0,0.0003601202677814065,89.65185357206192,0.0,0.0,0.9528093129283977,0.0,0.0011324872185267095,0.0,0.0006794923311160256,1118.534136575187
37,72.82612699311231,18.906737333812433,28.074938719999977,38.19911395999998,29.627836800000022,2.2694399279444077,-0.26520681381225586,0.3507757782936096,-0.12323613004864387,0.08116931616069381,-0.1440371721982956,0.2027711123228073,0.0242919230910967,0.03788658802183777,1.0,0.0056794797053671756,1413.9050991157928,0.0,0.0,0.9757080769089033,0.0,0.017860528133657735,0.0,0.010716316880194641,1581.9345381648372
38,72.83087735549637,18.906737333812433,27.869857519999982,28.843993220000016,28.353730750000015,0.16506502374324536,-0.2238679677248001,-0.030502885580062866,-0.12328332289209906,0.02543458507450817,-0.0494128055870533,0.1014999970793724,0.023428590882499264,0.019922950573127797,0.0,0.0,0.0,0.0,0.0,0.9765714091175007,0.0,0.0,0.0,0.0,2062.6377429727
39,72.83562771788043,18.906737333812433,27.480203240000037,28.334708240000055,27.935485869411778,0.22658599939847154,-0.17513611912727356,-0.03531438484787941,-0.10562924942880307,0.022414989694500658,-0.04046742990612984,0.10329882055521011,0.01933506227889151,0.019277623241363156,0.0,0.0,0.0,0.0,0.0,0.9806649377211085,0.0,0.0,0.0,0.0,2550.8805032329815
40,72.84037808026449,18.906737333812433,27.19992560000003,28.160389220000013,27.484615390000027,0.19335804842660492,-0.18094365298748016,-0.03381642326712608,-0.10909541292010613,0.023684666098790257,-0.039606280624866486,0.07529005408287048,0.015465539896263267,0.016157515418484716,0.0,0.0,0.0,0.0,0.0,0.9845344601037367,0.0,0.0,0.0,0.0,3043.035907141864
41,72.84512844264854,18.906737333812433,26.817107360000023,28.163807239999983,27.516628610000016,0.39694335954137344,-0.1525581330060959,-0.01585863158106804,-0.08559987194133255,0.023348526582527843,-0.062333252280950546,0.08190954476594925,0.018566864301573557,0.018953500475341174,0.0,0.0,0.0,0.0,0.0,0.9814331356984265,0.0,0.0,0.0,0.0,3537.471276191113
42,72.8498788050326,18.906737333812433,26.82394340000002,28.536371420000023,27.536973122352958,0.5390939717159329,-0.16923077404499054,-0.02745462954044342,-0.10256014841907429,0.01834394995270473,-0.048133596777915955,0.09389788657426834,0.03370302020378833,0.02018791416596261,0.0,0.0,0.0,0.0,0.0,0.9662969797962117,0.0,0.0,0.0,0.0,4033.3482164253523
43,72.85462916741666,18.906737333812433,26.813689339999996,28.4304128,27.426095760000017,0.4134434569708098,-0.16129031777381897,-0.037889689207077026,-0.1049646465594952,0.018982481491721114,-0.023678544908761978,0.11478854715824127,0.04289968637319712,0.02163807336936667,0.0,0.0,0.0,0.0,0.0,0.9571003136268029,0.0,0.0,0.0,0.0,4530.193367544908
44,72.85937952980072,18.906737333812433,26.78976320000004,27.545145620000028,27.093553032941195,0.1250086829124384,-0.1941044181585312,-0.02867715060710907,-0.11032892191185141,0.028553071317291703,-0.03299429267644882,0.13569481670856476,0.033264401993661555,0.023223068949562463,0.0,0.0,0.0,0.0,0.0,0.9667355980063385,0.0,0.0,0.0,0.0,5027.719698540891
45,72.86412989218478,18.906737333812433,26.96750024000005,27.85276742000002,27.18198658000002,0.10202681913290339,-0.19607843458652496,-0.0169958658516407,-0.10011182101267689,0.02298797260210467,-0.01962616853415966,0.14036045968532562,0.04912716847545696,0.022576919556325372,0.0,0.0,0.0,0.0,0.0,0.950872831524543,0.0,0.0,0.0,0.0,5525.743216453897
46,72.86888025456884,18.906737333812433,26.97433627999999,28.642330040000047,27.45320535000002,0.3079305488952713,-0.19128328561782837,-0.00967458263039589,-0.0965577553803066,0.028316093858415683,-0.16309012472629547,0.1967957317829132,0.051152579829377945,0.03979965334150567,0.0,0.0,0.0,0.0,0.0,0.9488474201706221,0.0,0.0,0.0,0.0,5503.0753305934395
47,72.8736306169529,18.906737333812433,27.37766264000004,28.437248840000052,27.953474825882374,0.279974289799869,-0.21545158326625824,-0.03790849819779396,-0.10675719063237028,0.02426849190313556,-0.045950748026371,0.15909694135189056,0.04162343151164505,0.024356210768778398,0.0,0.0,0.0,0.0,0.0,0.958376568488355,0.0,0.0,0.0,0.0,5002.795755084945
48,72.87838097933695,18.906737333812433,27.545145620000028,28.385978539999996,27.905981300000015,0.23267319027673822,-0.17818523943424225,0.05110451579093933,-0.10299139058814859,0.025733243030891303,-0.22584207355976105,0.1439560502767563,0.007575967896659419,0.04023118957678216,0.0,0.0,0.0,0.0,0.0,0.9924240321033406,0.0,0.0,0.0,0.0,4502.516179576451
49,72.88313134172101,18.906737333812433,27.616924040000015,28.40990468000001,28.089705460000015,0.20245814904516443,-0.201947420835495,-0.03624054044485092,-0.12706704193691037,0.02309497299683555,-0.07071665674448013,0.08233604580163956,0.018733557935030957,0.02402739562065467,0.0,0.0,0.0,0.0,0.0,0.981266442064969,0.0,0.0,0.0,0.0,4002.2366040679567
50,72.88788170410507,18.906737333812433,27.866439500000013,28.42699478000003,28.196284343529427,0.1367406457148497,-0.23174840211868286,-0.017197219654917717,-0.1056180903596698,0.03053210741562256,-0.10955710709095001,0.08353929966688156,0.014890873747051886,0.030770817572880416,0.0,0.0,0.0,0.0,0.0,0.9851091262529481,0.0,0.0,0.0,0.0,3501.9570285594623
51,72.89263206648913,18.906737333812433,27.880111580000005,28.358634380000012,28.15288298000001,0.12320534709676158,-0.18518517911434174,-0.04478827491402626,-0.12678814582104952,0.02124173176450505,-0.053916580975055695,0.1057714968919754,0.023396554623010022,0.027465267897463216,0.0,0.0,0.0,0.0,0.0,0.97660344537699,0.0,0.0,0.0,0.0,3001.6774530509674
52,72.89738242887319,18.906737333812433,27.924545840000008,28.464593000000036,28.19816484588237,0.11859578620647077,-0.17950819432735443,-0.06324786692857742,-0.13354008601262018,0.014131630792017737,-0.02052506059408188,0.10113926976919174,0.0446053959773137,0.017195136821389224,0.0,0.0,0.0,0.0,0.0,0.9553946040226863,0.0,0.0,0.0,0.0,2501.3978775424725
53,72.90213279125724,18.906737333812433,28.00316029999999,28.437248840000052,28.281941160000017,0.10168838440397948,-0.1924590915441513,-0.04465709626674652,-0.12484269052181604,0.021377823313193798,-0.05496722087264061,0.10275229066610336,0.03634354789302034,0.02319751742861467,0.0,0.0,0.0,0.0,0.0,0.9636564521069797,0.0,0.0,0.0,0.0,2001.1183020339784
54,72.9068831536413,18.906737333812433,28.204823480000016,29.373786320000022,28.48306818000002,0.2381353475174367,-0.20649652183055878,-0.06607215106487274,-0.15049314103036557,0.023954967092939462,-0.06950477510690689,0.10401596128940582,0.012575356825342719,0.023042010464881784,0.0,0.0,0.0,0.0,0.0,0.9874246431746573,0.0,0.0,0.0,0.0,1500.8387265254837
55,72.91163351602536,18.906737333812433,28.403068640000015,30.52565906000001,28.94180299647061,0.4507479279837694,-0.2965086102485657,0.12613354623317719,-0.1065062094634434,0.0661513550290799,-0.26675158739089966,0.18902269005775452,-0.04588452896981869,0.06180716566875108,0.0,0.0,0.0,0.0,0.0,1.0458845289698186,0.0,0.0,0.0,0.0,1000.5591510169892
56,72.91638387840942,18.906737333812433,28.60814984000001,36.349965139999995,31.14684510000002,2.109735303331711,-0.15536841750144958,0.7524314522743225,0.16992104584316037,0.2298761348165763,-0.4034590423107147,0.21865257620811462,-0.09994320275648585,0.0996305814851845,11.0,0.012897054655091948,291.8835124853408,0.0,0.0,1.099943202756486,0.16992104584316037,0.04055797704337413,0.0,0.024334786226024478,500.2795755084946
57,72.92113424079348,18.906737333812433,33.14386238000003,40.12345922000003,35.95334078000002,1.9127085879711487,0.040778741240501404,0.6791845560073853,0.40625769273290097,0.118729870940433,-0.21176926791667938,0.33672016859054565,0.06232838756633255,0.08179071685949371,28.0,0.020403637984990737,181.41002649684756,0.0,0.0,0.9376716124336675,0.40625769273290097,0.064164284259263,0.0,0.0384985705555578,0.0
58,72.92588460317754,18.906737333812433,35.36899340000002,44.10887054,37.91738159176472,1.5894679578721989,0.03925233706831932,0.7766535878181458,0.3215776090801887,0.08661091799925105,-0.3113040328025818,0.27480658888816833,0.09423359421064269,0.07647197905579509,7.0,0.010355877292986973,368.2990210865029,0.0,0.0,0.9057664057893573,0.3215776090801887,0.0325666165450526,0.0,0.01953996992703156,500.2795755084946
59,72.9306349655616,18.906737333812433,29.503671080000004,46.37843582000005,37.16323050000002,5.514196860226511,-0.08770524710416794,0.7758433222770691,0.2408282355542453,0.251458794037958,-0.4374621510505676,0.27780652046203613,-0.005628748479879127,0.19268671471684043,116.0,0.061011946980194125,130.93887453002338,0.0,0.0,1.0056287484798792,0.2408282355542453,0.19186715193280937,0.0,0.11512029115968561,707.3044985514517
60,72.93538532794565,18.906737333812433,28.775632820000055,31.595499320000044,29.71096394000002,0.6037288451575834,-0.1627199649810791,0.7917227149009705,0.08131979135366586,0.24614750434143598,-0.44724082946777344,0.07086017727851868,-0.08222879263070913,0.1231182465847075,0.0,0.0,0.0,0.0,0.0,1.082228792630709,0.08131979135366586,0.0,0.0,0.0,500.00000000016115
61,72.94013569032971,18.906737333812433,28.65942014000001,37.69324700000004,30.144248240000017,1.8240918181321888,-0.20585118234157562,0.751889169216156,0.04719676755509287,0.23293060401263807,-0.40901684761047363,0.12438405305147171,-0.06325526975235848,0.09416774101125598,0.0,0.0,0.0,0.0,0.0,1.0632552697523585,0.04719676755509287,0.0,0.0,0.0,707.3044985514517
62,72.94488605271377,18.906737333812433,31.40409020000004,42.748498580000046,37.12922902000002,2.5624602303624724,-0.14575323462486267,0.7457133531570435,0.22936366818985848,0.2013487206685378,-0.3993024230003357,0.27149757742881775,-0.021055702353423498,0.1371447283581831,0.0,0.0,0.0,0.0,0.0,1.0210557023534235,0.22936366818985848,0.0,0.0,0.0,500.00000000016115
63,72.94963641509783,18.906737333812433,0.0,43.33639802000005,22.562306267058833,18.937925012050435,-0.06362006813287735,0.7735001444816589,0.08222562394052181,0.12040677778687131,-0.3814243972301483,0.2573402523994446,0.020476614034400795,0.07608454793354398,17.0,0.007281696042330102,106.63390992469971,0.0,0.0,0.9795233859655992,0.08222562394052181,0.02289909353877566,0.0,0.013739456123265395,707.3044985514517
64,72.80237518119202,18.91122888968739,28.139881100000025,34.29573512000002,28.76160469625002,0.8628151202173242,-0.24417909979820251,0.48820891976356506,-0.14597552605395048,0.059604289299148815,-0.12184570729732513,0.23717822134494781,0.03445266723632812,0.02386972150462821,0.0,0.0,0.0,0.0,0.0,0.9655473327636719,0.0,0.0,0.0,0.0,1414.5899932930854
65,72.80712554357608,18.91122888968739,28.847411240000042,39.904705939999985,36.15282371562502,2.8562530126496175,-0.17489270865917206,0.7673425674438477,0.22757625939711085,0.22543013642423987,-0.3903448283672333,0.3003087639808655,0.01957616410165463,0.09929452575415101,37.0,0.1079799393892731,726.5291837000269,5046.862035406524,0.02027261272613319,0.9804238358983454,0.22757625939711085,0.33956961647565,0.4863489783596195,0.39828136122923774,1118.1530361635282
66,72.81187590596014,18.91122888968739,29.859145160000025,40.97112818000005,35.28409581500002,3.0711419260521504,-0.08230088651180267,0.8003044128417969,0.26247802734375,0.2552414679393184,-0.46830466389656067,0.32751816511154175,-0.04871404683814858,0.15100311018758822,49.0,0.08493009566890519,431.4964648393912,7432.255706738275,0.02985444035665259,1.0487140468381486,0.26247802734375,0.26708368403099303,0.7162212766112299,0.44673872106308776,1000.0000000003223
67,72.8166262683442,18.91122888968739,31.181918900000028,44.04392816000001,39.35423856625002,2.769874214320093,-0.03801032528281212,0.74729984998703,0.2252234590970553,0.16601584132914232,-0.36497828364372253,0.44613122940063477,0.05982417179987981,0.116598722629426,54.0,0.048874961389288256,225.3224040343824,3671.2518538526506,0.01474695890854847,0.9401758282001202,0.2252234590970553,0.15369939998198898,0.35378609042525033,0.23373407615929354,1118.1530361635282
68,72.82137663072825,18.91122888968739,29.513925140000026,37.19421608000005,34.45899584000001,1.6351114816981227,-0.21734869480133057,0.7485928535461426,0.23871987396816038,0.2096009402111377,-0.3307059109210968,0.31101882457733154,-0.004803196169295401,0.10605167412648539,70.0,0.1858177124758199,660.8467797481832,3634.766575802298,0.014600402116044332,1.0048031961692954,0.23871987396816038,0.5843497386336284,0.35027012791617684,0.49071789434664775,1414.5899932930854
69,72.82612699311231,18.91122888968739,28.55346152000004,39.26553620000004,34.435173720625016,2.624653701930357,-0.27659574151039124,0.7348703145980835,0.1466347978699882,0.23608042013227687,-0.3171616494655609,0.3189610242843628,0.030552581211306013,0.09757174057599598,50.0,0.14206634008365288,707.3476201250345,2007.5418965429017,0.008064044373430739,0.969447418788694,0.1466347978699882,0.44676273101425396,0.19346000416655473,0.34544164027517427,1803.4400213287634
70,72.83087735549637,18.91122888968739,28.037340500000028,39.47061740000004,29.33015909250001,2.170722488847822,-0.28984156250953674,0.29327452182769775,-0.12101750211895637,0.05252053650715403,-0.10051458328962326,0.1934785395860672,0.030740978312942216,0.034402155458008725,1.0,0.0012332233252338903,307.010648572078,0.0,0.0,0.9692590216870578,0.0,0.0038781756495419803,0.0,0.002326905389725188,2237.0202047585067
71,72.83562771788043,18.91122888968739,26.946992120000004,28.65942014000001,28.01017226750002,0.34004532833066614,-0.19692489504814148,-0.05102485790848732,-0.12409217690521816,0.021108724638035085,-0.043597351759672165,0.12477797269821167,0.017070328334592422,0.018359253145145905,0.0,0.0,0.0,0.0,0.0,0.9829296716654076,0.0,0.0,0.0,0.0,2693.817979564959
72,72.84037808026449,18.91122888968739,26.95041014000003,28.307364080000013,27.72405760437502,0.22522353633486045,-0.21800947189331055,-0.024075666442513466,-0.1017464922059257,0.031412815426911975,-0.055978503078222275,0.06326530873775482,0.004179722048201651,0.021033004685279945,0.0,0.0,0.0,0.0,0.0,0.9958202779517984,0.0,0.0,0.0,0.0,3163.79260415711
73,72.84512844264854,18.91122888968739,26.779509140000016,28.085192780000057,27.35584902625002,0.34647856648141395,-0.18700414896011353,-0.014084506779909134,-0.09015737857458726,0.027180218847265066,-0.049148883670568466,0.05768274515867233,0.007213118931032577,0.015912075288306238,0.0,0.0,0.0,0.0,0.0,0.9927868810689674,0.0,0.0,0.0,0.0,3641.8462902452593
74,72.8498788050326,18.91122888968739,26.82736141999999,28.27660190000006,27.56378136875002,0.5238106785426221,-0.18983402848243713,-0.008547008968889713,-0.09495303747788915,0.025931619802705145,-0.09750566631555557,0.1103641465306282,0.019151398280881485,0.01770301562822519,0.0,0.0,0.0,0.0,0.0,0.9808486017191185,0.0,0.0,0.0,0.0,4125.171218990702
75,72.85462916741666,18.91122888968739,26.95041014000003,28.649166079999986,27.84854236750002,0.4508236229075661,-0.21204188466072083,-0.028547439724206924,-0.1253924325796274,0.02119175819683803,-0.08587517589330673,0.11527146399021149,0.022366566291222207,0.021287344795113558,0.0,0.0,0.0,0.0,0.0,0.9776334337087778,0.0,0.0,0.0,0.0,4612.110492471689
76,72.85937952980072,18.91122888968739,26.96750024000005,28.72436252,27.577252388750015,0.4985805225830387,-0.2098512053489685,-0.03504273667931557,-0.13671994767099058,0.0282730705091318,-0.0704922080039978,0.11870597302913666,0.019864363760318395,0.02233211758230783,0.0,0.0,0.0,0.0,0.0,0.9801356362396816,0.0,0.0,0.0,0.0,5101.629271919689
77,72.86412989218478,18.91122888968739,27.01877053999999,27.67503038000001,27.25937303812502,0.12135486401321509,-0.2151898741722107,-0.05041031539440155,-0.1275322910524764,0.028379032357372797,-0.09499136358499527,0.14024718105793,0.044278668097729956,0.032464021621149516,0.0,0.0,0.0,0.0,0.0,0.95572133190227,0.0,0.0,0.0,0.0,5593.050302474519
78,72.86888025456884,18.91122888968739,27.104221040000027,29.124270860000024,27.969015704375025,0.5872830427949426,-0.19806243479251862,-0.01413427572697401,-0.10452967229879127,0.02219862933117265,-0.11451089382171631,0.23351064324378967,0.07051243044295401,0.03030002020748003,0.0,0.0,0.0,0.0,0.0,0.929487569557046,0.0,0.0,0.0,0.0,5525.596048030459
79,72.8736306169529,18.91122888968739,27.664776319999987,30.03346418000001,28.30838194625002,0.39040438475540484,-0.20985010266304016,0.10758914798498154,-0.11414682064416273,0.03332433779957962,-0.09287768602371216,0.16417153179645538,0.0556559897368809,0.030655439988180103,0.0,0.0,0.0,0.0,0.0,0.9443440102631191,0.0,0.0,0.0,0.0,5027.586023939057
80,72.87838097933695,18.91122888968739,27.551981660000024,29.67115406000005,28.10262705562502,0.36747446810632917,-0.20965147018432617,0.10677314549684525,-0.12193407742482311,0.028538706015167534,-0.1879671812057495,0.14124558866024017,0.04240365658166274,0.03172975371042909,0.0,0.0,0.0,0.0,0.0,0.9575963434183372,0.0,0.0,0.0,0.0,4530.073199713992
81,72.88313134172101,18.91122888968739,27.630596120000007,28.18089734,27.890270695000016,0.11361485429656941,-0.22432024776935577,-0.01456483080983162,-0.115701904296875,0.031150580560736968,-0.12095121294260025,0.0885416641831398,0.009640141613078567,0.031105252691314807,0.0,0.0,0.0,0.0,0.0,0.9903598583869214,0.0,0.0,0.0,0.0,4033.241572976847
82,72.88788170410507,18.91122888968739,27.876693560000035,28.232167640000057,28.055951116250018,0.06611538591027166,-0.240219384431839,-0.0003818251134362072,-0.115574686302329,0.03997059581264661,-0.11196581274271011,0.07877571135759354,-0.00028382170875117463,0.03695385260097693,0.0,0.0,0.0,0.0,0.0,1.000283821708751,0.0,0.0,0.0,0.0,3537.378181898661
83,72.89263206648913,18.91122888968739,27.75706286000002,28.28001992000003,28.019087323750018,0.11226883676690344,-0.19508196413516998,-0.06743897497653961,-0.14039642909787736,0.02072163677762168,-0.05166051536798477,0.08147785812616348,0.009810285028421654,0.02089166733324579,0.0,0.0,0.0,0.0,0.0,0.9901897149715784,0.0,0.0,0.0,0.0,3042.9563983269204
84,72.89738242887319,18.91122888968739,27.924545840000008,28.57738766,28.32779680250002,0.18276091164415603,-0.19900083541870117,-0.09699571132659912,-0.1479048274113582,0.015819786464378,-0.06109979748725891,0.07793794572353363,0.03480141859788161,0.01694190130187557,0.0,0.0,0.0,0.0,0.0,0.9651985814021183,0.0,0.0,0.0,0.0,2550.8146359598445
85,72.90213279125724,18.91122888968739,28.095446840000022,28.47826508000003,28.284577280000022,0.08317377090177537,-0.1791401207447052,-0.08492200821638107,-0.13474824725456958,0.016511650188131728,-0.014432989992201328,0.09329582750797272,0.03738567424270342,0.018063045320908536,0.0,0.0,0.0,0.0,0.0,0.9626143257572966,0.0,0.0,0.0,0.0,2062.585609495351
86,72.9068831536413,18.91122888968739,28.218495560000008,29.57203148000002,28.521560000000022,0.2503783900118329,-0.18455971777439117,-0.056910570710897446,-0.12035782724056604,0.0225911754144004,-0.021763024851679802,0.09519276767969131,0.03508815549454599,0.01706543357322595,0.0,0.0,0.0,0.0,0.0,0.964911844505454,0.0,0.0,0.0,0.0,1581.896302078555
87,72.91163351602536,18.91122888968739,28.632075980000025,31.322057720000032,29.70755848625002,0.6866735094991543,-0.19364753365516663,0.5992895364761353,-0.007288244715276754,0.07149561782580482,-0.4079749882221222,0.16168448328971863,-0.055833486880896226,0.05541278116610414,0.0,0.0,0.0,0.0,0.0,1.0558334868808963,0.0,0.0,0.0,0.0,1118.5101023792533
88,72.91638387840942,18.91122888968739,28.601313800000014,35.560402520000025,29.54798665875002,1.4274859137708924,-0.1605723351240158,0.7051039934158325,0.012226709329857017,0.17018862374942081,-0.39338621497154236,0.161739781498909,-0.06688057953456662,0.06496387779199882,0.0,0.0,0.0,0.0,0.0,1.0668805795345666,0.012226709329857017,0.0,0.0,0.0,707.2949966465427
89,72.92113424079348,18.91122888968739,28.65600212000004,39.70304276000002,32.24609806437502,3.247386677454317,-0.13966479897499084,0.8477606177330017,0.23344763413915096,0.2876122213281627,-0.4801906943321228,0.24587556719779968,-0.07942193948997642,0.12400172236799074,42.0,0.03132088174561944,185.65061752082875,0.0,0.0,1.0794219394899764,0.23344763413915096,0.09849625645461087,0.0,0.059097753872766515,500.00000000016115
90,72.92588460317754,18.91122888968739,28.895263520000015,42.998014040000044,34.82160755000002,4.53670227807277,-0.16777531802654266,0.7760270237922668,0.14034610388413915,0.21996812526806853,-0.34261664748191833,0.27629733085632324,-0.021289531779739093,0.0827690000409917,17.0,0.09880960948393476,1446.9781402785727,0.0,0.0,1.021289531779739,0.14034610388413915,0.31073124680695696,0.0,0.18643874808417418,707.2949966465427
91,72.9306349655616,18.91122888968739,28.580805680000026,40.65325231999998,30.71406554437502,3.2909532965374213,-0.24696356058120728,0.38924893736839294,-0.04173917086619251,0.08573604392436705,-0.2876800000667572,0.2764143943786621,-0.013394021088222288,0.0721782420124053,91.0,0.03503967898696834,95.85845724997962,0.0,0.0,1.0133940210882222,0.0,0.11019093381910841,0.0,0.06611456029146505,1118.1530361635282
92,72.93538532794565,18.91122888968739,28.457756959999983,30.385520240000005,28.91513076125002,0.4629265702305646,-0.21739129722118378,0.1428571492433548,-0.06893346933218149,0.047452882181658364,-0.23258452117443085,0.1428571492433548,-0.04685125497671274,0.04120367811724992,0.0,0.0,0.0,0.0,0.0,1.0468512549767128,0.0,0.0,0.0,0.0,1000.0000000003223
93,72.94013569032971,18.91122888968739,28.464593000000036,30.330831920000037,28.69567726187502,0.20993505312302385,-0.21320605278015137,0.03694968670606613,-0.08161330888856132,0.03201793528834882,-0.21419517695903778,0.08233815431594849,-0.0396383321510171,0.03057713413485974,0.0,0.0,0.0,0.0,0.0,1.0396383321510172,0.0,0.0,0.0,0.0,1118.1530361635282
94,72.94488605271377,18.91122888968739,28.761960740000006,43.291963760000044,31.564060656875014,4.072524710487746,-0.1390502154827118,0.6581818461418152,0.01427190528725678,0.14056322608797794,-0.35887610912323,0.2476007640361786,-0.047357091363870875,0.0918251706264637,0.0,0.0,0.0,0.0,0.0,1.0473570913638708,0.01427190528725678,0.0,0.0,0.0,1000.0000000003223
95,72.94963641509783,18.91122888968739,0.0,43.69529011999998,19.798381755294127,16.9767075104738,-0.10841546952724457,0.6519790887832642,0.07665273990271226,0.15048772333018026,-0.2652941048145294,0.2344471663236618,-0.0325517445690227,0.08654751420299495,2.0,0.0007363233776841638,91.65376340036565,0.0,0.0,1.0325517445690227,0.07665273990271226,0.0023155509104416604,0.0,0.0013893305462649962,1118.1530361635282
96,72.80237518119202,18.915720445562346,27.88694762,28.80981301999998,28.35686952000002,0.23846176127563926,-0.21185509860515594,-0.07412862032651901,-0.13504928876768868,0.01962055544959094,-0.043103449046611786,0.09429202228784561,0.029554500939711084,0.018075374770680636,0.0,0.0,0.0,0.0,0.0,0.9704454990602889,0.0,0.0,0.0,0.0,1803.0560370400226
97,72.80712554357608,18.915720445562346,28.061266639999985,35.23227259999999,29.641966850000017,1.7210213158416412,-0.19064565002918243,0.5293100476264954,-0.10884164486291274,0.08385419207537644,-0.08688706159591675,0.2757694721221924,0.043762172483048346,0.03236633198501495,1.0,0.002835776607413684,705.9659006064321,286.575373836827,0.0011511373859406223,0.9562378275169516,0.0,0.00891780066220101,0.027616296881263987,0.0163971991498262,1581.218760380013
98,72.81187590596014,18.915720445562346,28.885009459999992,31.94755538000004,29.4563155364706,0.4419568592785499,-0.2984512448310852,0.10164299607276917,-0.08715429342017983,0.057004211095831446,-0.2512412965297699,0.23170731961727142,0.019506159368551,0.046625695847293085,0.0,0.0,0.0,0.0,0.0,0.980493840631449,0.0,0.0,0.0,0.0,1500.0000000004834
99,72.8166262683442,18.915720445562346,28.98755005999999,37.90858226,32.41489701000002,2.361882844325172,-0.22672758996486664,0.7420702576637268,0.12228036733774038,0.18859859413586727,-0.3720269203186035,0.5502546429634094,0.020223203805776743,0.1048025463845553,21.0,0.10898966673608347,1292.0452940807238,1319.8639244154244,0.005301728084332891,0.9797767961942233,0.12228036733774038,0.34274495376367436,0.12719081019250678,0.2565232963352073,1581.218760380013
100,72.82137663072825,18.915720445562346,30.23512735999998,36.838742000000025,33.96149061058826,1.2648459779710433,-0.14146772027015686,0.7584381103515625,0.2680694004274764,0.21820810090975404,-0.3594021797180176,0.423152893781662,-0.017619110683225237,0.12345511147262789,210.0,0.14959773248903188,177.34437773412208,3518.255881254401,0.01413239324787006,1.0176191106832253,0.2680694004274764,0.4704470565018105,0.3390423874184568,0.41788518886846904,1803.0560370400226
101,72.82612699311231,18.915720445562346,33.99836737999999,39.95939426000001,36.307306910000015,1.245826334870917,-0.012064965441823006,0.7487409710884094,0.26551504459021225,0.17123445907300863,-0.3356897830963135,0.4485849142074585,0.02563589707860407,0.11158196780447835,252.0,0.32359202150167465,319.6752202173732,5644.940333395743,0.022675018345700258,0.974364102921396,0.26551504459021225,1.0,0.5439837556064453,0.8175935022425781,2121.8564780841675
102,72.83087735549637,18.915720445562346,28.437248840000052,42.51949123999998,34.144482150000016,4.557447575969347,-0.31947702169418335,0.5603603720664978,-0.0012804211310620578,0.1743023563229646,-0.27909329533576965,0.37266862392425537,0.0480731201171875,0.09417643315127125,559.0,0.16162513376140047,71.97949546009643,2514.942679747448,0.010102209772579375,0.9519268798828125,0.0,0.5082701934692561,0.2423564968384659,0.40190471481693996,2500.808727356319
103,72.83562771788043,18.915720445562346,27.83567732000006,28.765378760000033,28.42063182235296,0.16972637588611802,-0.2523267865180969,-0.04679089039564133,-0.12345981813826651,0.022896004104427763,-0.08322324603796005,0.17063377797603607,0.02283599277712264,0.027355936831198628,0.0,0.0,0.0,0.0,0.0,0.9771640072228773,0.0,0.0,0.0,0.0,2916.5594806908757
104,72.84037808026449,18.915720445562346,27.00168044000003,28.403068640000015,28.11468158000002,0.21988424489384356,-0.19809168577194214,-0.02986958436667919,-0.11379040987986438,0.02583435093846462,-0.07780856639146805,0.076701819896698,-0.0019720109903587487,0.022628325399473636,0.0,0.0,0.0,0.0,0.0,1.0019720109903587,0.0,0.0,0.0,0.0,3355.458188436661
105,72.84512844264854,18.915720445562346,27.15207332,29.633555839999985,27.84654573000002,0.3827104699536981,-0.21406593918800354,-0.035795196890830994,-0.12369907595076651,0.02609471368934788,-0.09246575087308884,0.10182207822799683,0.005342486039647517,0.025232854618414437,0.0,0.0,0.0,0.0,0.0,0.9946575139603525,0.0,0.0,0.0,0.0,3809.512520078909
106,72.8498788050326,18.915720445562346,27.425514920000012,29.883071299999983,28.23084300941178,0.24453397900570512,-0.2074546366930008,-0.025873808190226555,-0.12675997752063678,0.032484204866340835,-0.06741572916507721,0.15238358080387115,0.026424986641362027,0.031843999371991505,0.0,0.0,0.0,0.0,0.0,0.9735750133586379,0.0,0.0,0.0,0.0,4273.8948470080295
107,72.85462916741666,18.915720445562346,27.890365640000027,28.29369200000002,28.15184417000002,0.06503534779841212,-0.21722017228603363,-0.0421491414308548,-0.14864386925330528,0.02653187999350875,-0.06756361573934555,0.14653964340686798,0.034023414024939906,0.030058076722765704,0.0,0.0,0.0,0.0,0.0,0.9659765859750601,0.0,0.0,0.0,0.0,4745.574172034204
108,72.85937952980072,18.915720445562346,26.99826242000006,28.40648666000004,27.54480263529414,0.42652016014063215,-0.21556256711483002,-0.02461410127580166,-0.13247724425117924,0.031994500462832205,-0.08820106834173203,0.13228119909763336,0.027618716257923056,0.03136935064168463,0.0,0.0,0.0,0.0,0.0,0.972381283742077,0.0,0.0,0.0,0.0,5222.573773306316
109,72.86412989218478,18.915720445562346,27.039278660000036,28.09886486000005,27.323186550000024,0.20082005336759634,-0.2314651906490326,-0.05471264198422432,-0.1369970703125,0.02911494859686357,-0.1469220221042633,0.12983663380146027,0.011846194717119325,0.0456377956666444,0.0,0.0,0.0,0.0,0.0,0.9881538052828807,0.0,0.0,0.0,0.0,5703.55897219695
110,72.86888025456884,18.915720445562346,27.19992560000003,28.310782099999983,27.656097230000015,0.30026489041813637,-0.22069482505321503,-0.047306790947914124,-0.12632501566185142,0.02218548396144717,-0.07427677512168884,0.13483145833015442,0.050875883282355545,0.02891012063118421,0.0,0.0,0.0,0.0,0.0,0.9491241167176444,0.0,0.0,0.0,0.0,5592.904875762462
111,72.8736306169529,18.915720445562346,27.405006800000024,28.187733380000054,27.75300617882355,0.1634861267302335,-0.18645597994327545,-0.039692699909210205,-0.12383210955925708,0.018486741602116778,-0.054759107530117035,0.12043511867523193,0.048030729473761795,0.026562224404197123,0.0,0.0,0.0,0.0,0.0,0.9519692705262383,0.0,0.0,0.0,0.0,5101.497507362536
112,72.87838097933695,18.915720445562346,27.664776319999987,28.488519139999994,27.972431630000024,0.1514282492350832,-0.18243105709552765,-0.022491348907351494,-0.11239816341760024,0.0228946733302469,-0.03575601801276207,0.10560500621795654,0.02090654193230395,0.020081204854621115,0.0,0.0,0.0,0.0,0.0,0.9790934580676961,0.0,0.0,0.0,0.0,4611.992435192985
113,72.88313134172101,18.915720445562346,27.668194340000014,28.18089734,27.905422800000018,0.11197521591386618,-0.18253807723522186,-0.03142983466386795,-0.11081724922612028,0.025854642731317497,-0.0735328197479248,0.06641366332769394,-0.008855973729547465,0.025077671429070376,0.0,0.0,0.0,0.0,0.0,1.0088559737295475,0.0,0.0,0.0,0.0,4125.0669283395855
114,72.88788170410507,18.915720445562346,27.65452226000002,28.351798340000016,28.05583802000002,0.10900345099358937,-0.23171670734882355,-0.04915572330355644,-0.14978160930129716,0.027373317860728687,-0.10837988555431366,0.08949220925569534,0.015559456303434551,0.03503824989732477,0.0,0.0,0.0,0.0,0.0,0.9844405436965654,0.0,0.0,0.0,0.0,3641.755845830024
115,72.89263206648913,18.915720445562346,27.869857519999982,28.44408487999999,28.09021928000002,0.12221063462388772,-0.22555512189865112,-0.10230769217014313,-0.16193030015477594,0.015708786486043392,-0.06260257959365845,0.11008729040622711,0.03708754629459021,0.029225082380105176,0.0,0.0,0.0,0.0,0.0,0.9629124537054098,0.0,0.0,0.0,0.0,3163.71611468947
116,72.89738242887319,18.915720445562346,28.08177476000003,28.775632820000055,28.4812218447059,0.12721295747374986,-0.1965101808309555,-0.09540034085512161,-0.15620265080378606,0.01611821764531227,0.00690925819799304,0.09762408584356308,0.05069520803598257,0.014634496951695221,0.0,0.0,0.0,0.0,0.0,0.9493047919640174,0.0,0.0,0.0,0.0,2693.755594779717
117,72.90213279125724,18.915720445562346,28.078356740000004,28.727780540000026,28.42275018000002,0.14672242260902668,-0.18100766837596893,-0.07963117957115173,-0.1331135415131191,0.017056996166183197,0.004681647755205631,0.11131639778614044,0.06280790508918042,0.016423451657952733,0.0,0.0,0.0,0.0,0.0,0.9371920949108196,0.0,0.0,0.0,0.0,2236.9721256244407
118,72.9068831536413,18.915720445562346,28.074938719999977,29.223393439999995,28.399941040000023,0.14815695656471758,-0.16765286028385162,-0.06716418266296387,-0.1082990192917158,0.013808880918900935,-0.02561817690730095,0.10404087603092194,0.04121386258107311,0.016972389271488406,0.0,0.0,0.0,0.0,0.0,0.9587861374189269,0.0,0.0,0.0,0.0,1803.406474865537
119,72.91163351602536,18.915720445562346,28.27660190000006,32.54912690000003,29.57093156352943,1.1026213454747267,-0.35792019963264465,0.6753926873207092,-0.1007099770599941,0.11861218360329041,-0.399781733751297,0.2329695075750351,-0.0237285700384176,0.07014605569996601,0.0,0.0,0.0,0.0,0.0,1.0237285700384176,0.0,0.0,0.0,0.0,1414.570985389445
120,72.91638387840942,18.915720445562346,28.42357676000006,29.15161502000001,28.578046690000015,0.0655892593838468,-0.2108108103275299,0.034659821540117264,-0.12802460292600235,0.03701870253489826,-0.17523810267448425,0.13404050469398499,-0.004391991957178655,0.05916371493133038,0.0,0.0,0.0,0.0,0.0,1.0043919919571787,0.0,0.0,0.0,0.0,1118.14702440104
121,72.92113424079348,18.915720445562346,28.52269934000003,29.025148280000053,28.761513940000015,0.10686148394923979,-0.20917782187461853,-0.05809926986694336,-0.1343495034271816,0.02322517768370317,-0.07438016682863235,0.1116071417927742,0.018054528866174088,0.03638727404851861,0.0,0.0,0.0,0.0,0.0,0.9819454711338259,0.0,0.0,0.0,0.0,1000.0000000003223
122,72.92588460317754,18.915720445562346,28.649166079999986,29.36011424000003,28.986544760000015,0.12270558538961944,-0.1848234385251999,0.014424690045416355,-0.1261073850235849,0.01929571228639324,-0.12257305532693863,0.08285164088010788,0.00484684926158977,0.021427552635533455,0.0,0.0,0.0,0.0,0.0,0.9951531507384103,0.0,0.0,0.0,0.0,1118.14702440104
123,72.9306349655616,18.915720445562346,27.80491514000005,29.336188100000015,28.718777520000014,0.27265864934988004,-0.1965344250202179,0.04183339327573776,-0.10476518738944575,0.02715955499242512,-0.21449752151966095,0.0769839733839035,-0.010953134500755454,0.040654823728797806,0.0,0.0,0.0,0.0,0.0,1.0109531345007554,0.0,0.0,0.0,0.0,1414.570985389445
124,72.93538532794565,18.915720445562346,28.321036160000006,29.291753840000013,28.92555261764708,0.3006922353346608,-0.18444493412971497,0.04257393628358841,-0.094093017578125,0.022750039888721627,-0.19410200417041779,0.15744295716285706,-0.019728299654447116,0.0362017637601734,0.0,0.0,0.0,0.0,0.0,1.0197282996544472,0.0,0.0,0.0,0.0,1500.0000000004834
125,72.94013569032971,18.915720445562346,28.25267575999999,29.16186908000003,28.70914898000002,0.2537471107691736,-0.14014598727226257,-0.045405011624097824,-0.10135341428360849,0.01327555946909091,-0.10322964191436768,0.00020656888955272734,-0.045238981426886794,0.016050564632029092,0.0,0.0,0.0,0.0,0.0,1.0452389814268868,0.0,0.0,0.0,0.0,1581.218760380013
126,72.94488605271377,18.915720445562346,28.44066686000002,29.12768888000005,28.837157180000027,0.13750547477785216,-0.14006969332695007,0.0238450076431036,-0.09094072449882075,0.019821829521541986,-0.1863117814064026,-0.005369681864976883,-0.0688648094321197,0.02390385797218775,0.0,0.0,0.0,0.0,0.0,1.0688648094321196,0.0,0.0,0.0,0.0,1500.0000000004834
127,72.94963641509783,18.915720445562346,0.0,29.47632692000002,17.083716943529424,14.293773173418025,-0.14295393228530884,0.03228200227022171,-0.038205609591502064,0.043212350588245484,-0.20658135414123535,0.0,-0.052566856528228185,0.051076160395677826,0.0,0.0,0.0,0.0,0.0,1.0525668565282282,0.0,0.0,0.0,0.0,1581.218760380013
128,72.80237518119202,18.920212001437303,27.907455740000046,28.666256180000005,28.150861210000027,0.20481156444244725,-0.18689383566379547,-0.021256495267152786,-0.10294127266362028,0.023597290185495143,-0.05508021265268326,0.09922347217798233,0.020527238665886644,0.021460489116487624,0.0,0.0,0.0,0.0,0.0,0.9794727613341133,0.0,0.0,0.0,0.0,2236.28202278468
129,72.80712554357608,18.920212001437303,28.074938719999977,28.90209956000001,28.55627636000002,0.2362917345226357,-0.20641598105430603,-0.040515653789043427,-0.11587879108932783,0.021938382720641518,-0.039199333637952805,0.10657193511724472,0.02355331564849278,0.018745500743102467,0.0,0.0,0.0,0.0,0.0,0.9764466843515072,0.0,0.0,0.0,0.0,2061.6108559472177
130,72.81187590596014,18.920212001437303,28.601313800000014,29.531015239999988,29.026555700000024,0.22312279637935112,-0.3180970251560211,0.12831169366836548,-0.12413514335200472,0.046643756511654755,-0.17192746698856354,0.22347065806388855,0.05224569068764741,0.03245886344130892,0.0,0.0,0.0,0.0,0.0,0.9477543093123526,0.0,0.0,0.0,0.0,2000.0000000006446
131,72.8166262683442,18.920212001437303,28.782468859999994,32.04667796000001,29.20595707000002,0.5277932052430708,-0.2321428507566452,0.48493602871894836,-0.11816871056189904,0.05083442611078606,-0.1438547521829605,0.3251155614852905,0.059659282977764426,0.028575976433565946,1.0,0.0032766836309007907,815.729597473817,0.0,0.0,0.9403407170222355,0.0,0.01030434180784098,0.0,0.006182605084704588,2061.6108559472177
132,72.82137663072825,18.920212001437303,29.03540234000002,36.36363721999999,29.816437650588252,0.9924703313829809,-0.1792079210281372,0.256738543510437,-0.09896119315669222,0.047932097023161764,-0.04642216116189957,0.2690463364124298,0.07757719795658903,0.028197650294794638,0.0,0.0,0.0,0.0,0.0,0.922422802043411,0.0,0.0,0.0,0.0,2236.28202278468
133,72.82612699311231,18.920212001437303,29.845473080000033,39.921796040000004,35.56480350000002,2.410134642798857,-0.13890090584754944,0.7480035424232483,0.18108609181530072,0.19919522313489746,-0.32971954345703125,0.308892160654068,0.0474807422565964,0.10302650131517913,62.0,0.11847312541644134,475.70735355925734,3632.8198123693974,0.014592582211147445,0.9525192577434036,0.18108609181530072,0.3725680342836816,0.35008252492642666,0.36357383054077963,2500.430741335209
134,72.83087735549637,18.920212001437303,29.137942940000016,40.97796421999999,36.69172246000002,2.851729114047001,-0.3335607051849365,0.7140210270881653,0.1715591833726415,0.17751275722307586,-0.27353814244270325,0.417677640914917,0.05015186813642394,0.10301473771149791,121.0,0.32804803084807793,674.9378342472396,5621.521990025029,0.022580949793298492,0.9498481318635761,0.1715591833726415,1.0,0.5417270092770788,0.8166908037108316,2829.1039467845694
135,72.83562771788043,18.920212001437303,28.348380320000047,38.69472686000006,30.26099313764708,2.294952802980475,-0.3522888720035553,0.5159332156181335,-0.09330355662219929,0.10233601096107542,-0.147312730550766,0.257535457611084,0.022104178374668337,0.04681977765679917,3.0,0.02526448559263781,2096.529192759844,298.4250480091287,0.0011987360430349976,0.9778958216253316,0.0,0.07945042136223743,0.02875820979411204,0.05917353673498727,3202.4963753177917
136,72.84037808026449,18.920212001437303,27.948471980000022,37.71717314,30.57360070000002,2.9172881532921346,-0.2623467743396759,0.5089184045791626,-0.07216741597877359,0.14070276736869156,-0.21290801465511322,0.3300492465496063,-0.004123232139731353,0.05486758236116187,6.0,0.04728396763275883,1961.8887178228963,0.0,0.0,1.0041232321397313,0.0,0.148696126755726,0.0,0.0892176760534356,3606.745842008949
137,72.84512844264854,18.920212001437303,27.73655474000003,30.72390422000001,28.238813790000016,0.4714388526085101,-0.21884498000144958,0.07209302484989166,-0.14510129532724056,0.0275358518699116,-0.19112731516361237,0.1378365308046341,-0.033288723927623824,0.040664973574402866,0.0,0.0,0.0,0.0,0.0,1.0332887239276238,0.0,0.0,0.0,0.0,4032.5831357193083
138,72.8498788050326,18.920212001437303,27.979234160000033,31.06570622000004,28.311160565882368,0.5430939311280314,-0.23843416571617126,0.11272141337394714,-0.1502985194943986,0.0446941124619487,-0.11072664707899094,0.24111402034759521,-0.010143261315687647,0.03320543677829415,1.0,0.033926323193241334,8445.949954155732,0.0,0.0,1.0101432613156875,0.0,0.10668971125855585,0.0,0.06401382675513351,4473.84807149733
139,72.85462916741666,18.920212001437303,28.068102680000038,28.28001992000003,28.16080251000002,0.04772866236484332,-0.23111611604690552,-0.02068302035331726,-0.1694799335186298,0.026050450998264283,-0.21277877688407898,0.15361803770065308,-0.005522892291729267,0.02904577060300783,0.0,0.0,0.0,0.0,0.0,1.0055228922917292,0.0,0.0,0.0,0.0,4926.396759286311
140,72.85937952980072,18.920212001437303,26.99826242000006,28.416740720000007,28.14342921764708,0.2617270376592823,-0.2570839822292328,-0.0034602077212184668,-0.1732056355026533,0.02327601556973611,-0.14015477895736694,0.10140679776668549,0.00489719642783111,0.02795046248963527,0.0,0.0,0.0,0.0,0.0,0.9951028035721688,0.0,0.0,0.0,0.0,5387.386391905322
141,72.86412989218478,18.920212001437303,27.073458860000017,28.334708240000055,28.168007160000023,0.158872756734327,-0.26608532667160034,-0.0779392346739769,-0.164083251953125,0.023108242817287315,-0.10178263485431671,0.1404164433479309,0.01569901664302034,0.030298711587279658,0.0,0.0,0.0,0.0,0.0,0.9843009833569797,0.0,0.0,0.0,0.0,5854.823471649704
142,72.86888025456884,18.920212001437303,27.073458860000017,28.26292982000001,27.712282330000015,0.3467696067957954,-0.2473883032798767,-0.06265876442193985,-0.1460162468676297,0.024469434403601845,-0.12574850022792816,0.12768781185150146,0.013429209871112176,0.0383906904428572,0.0,0.0,0.0,0.0,0.0,0.9865707901288878,0.0,0.0,0.0,0.0,5703.416334459475
143,72.8736306169529,18.920212001437303,27.251195900000027,28.321036160000006,27.763212930588253,0.2828573620627681,-0.17688575387001038,-0.07227208465337753,-0.12782150556456368,0.015873681988222494,-0.08454227447509766,0.09737417846918106,0.025329532263413914,0.021843846939556395,0.0,0.0,0.0,0.0,0.0,0.974670467736586,0.0,0.0,0.0,0.0,5222.445034242631
144,72.87838097933695,18.920212001437303,27.657940280000048,28.211659520000012,27.927461210000022,0.10094509705918214,-0.19183672964572906,-0.0881458967924118,-0.14518326669369103,0.014156805882187713,-0.025945143774151802,0.064603291451931,0.01831060301582768,0.015223329854940189,0.0,0.0,0.0,0.0,0.0,0.9816893969841723,0.0,0.0,0.0,0.0,4745.45941189107
145,72.88313134172101,18.920212001437303,27.698956520000024,28.109118920000014,27.927416530000016,0.09081971190546162,-0.2073429971933365,-0.017557861283421516,-0.13033214641067217,0.02230099673601258,-0.14369073510169983,0.06397306174039841,-0.0046749895923542525,0.026551626161483943,0.0,0.0,0.0,0.0,0.0,1.0046749895923544,0.0,0.0,0.0,0.0,4273.794165239975
146,72.88788170410507,18.920212001437303,27.96898010000001,28.218495560000008,28.100154009411785,0.05349249921964841,-0.2190099060535431,-0.05220883712172508,-0.1556047086895637,0.022477611981612154,-0.08596527576446533,0.09520366042852402,0.019762515661851415,0.030661672012224223,0.0,0.0,0.0,0.0,0.0,0.9802374843381486,0.0,0.0,0.0,0.0,3809.4260389836472
147,72.89263206648913,18.920212001437303,27.869857519999982,28.21507754000004,28.025433280000012,0.07498401615124618,-0.21827411651611328,-0.07447633892297745,-0.16107841059846698,0.01844559831098255,-0.06965502351522446,0.09444040060043335,0.03021038127395342,0.025952825960490106,0.0,0.0,0.0,0.0,0.0,0.9697896187260466,0.0,0.0,0.0,0.0,3355.386053622997
148,72.89738242887319,18.920212001437303,27.869857519999982,28.580805680000026,28.165415720000016,0.1770376400071605,-0.209193617105484,-0.06938160210847855,-0.15776343712439903,0.015618761298026529,-0.06963545083999634,0.093397356569767,0.03223133967472957,0.024153289408958403,0.0,0.0,0.0,0.0,0.0,0.9677686603252704,0.0,0.0,0.0,0.0,2916.5018487774814
149,72.90213279125724,18.920212001437303,27.05295074000003,28.66967420000003,28.27071531000002,0.24202701653871825,-0.1874483823776245,-0.10645432025194168,-0.1488313034345519,0.011201296643208026,-0.02981029823422432,0.08665431290864944,0.04416102571307488,0.01852727563464464,0.0,0.0,0.0,0.0,0.0,0.9558389742869251,0.0,0.0,0.0,0.0,2500.7657110794885
150,72.9068831536413,18.920212001437303,27.309302240000022,28.642330040000047,28.35971787000002,0.16559512492609174,-0.17828810214996338,-0.06909392029047012,-0.12419382923054245,0.01692663375604558,0.0004442470089998096,0.10911242663860321,0.05257140537477889,0.015210461037157034,0.0,0.0,0.0,0.0,0.0,0.9474285946252211,0.0,0.0,0.0,0.0,2121.827960088427
151,72.91163351602536,18.920212001437303,28.232167640000057,28.748288660000014,28.396930396470605,0.08563243238978263,-0.22549870610237122,-0.06202208995819092,-0.12883764878758844,0.020074329795089406,-0.11898734420537949,0.11981131881475449,0.039676752630269756,0.03635177710942351,0.0,0.0,0.0,0.0,0.0,0.9603232473697303,0.0,0.0,0.0,0.0,1803.0411213915263
152,72.91638387840942,18.920212001437303,28.321036160000006,28.71752648000006,28.566899030000016,0.07693995974742408,-0.22549870610237122,-0.05726528912782669,-0.1383833169037441,0.024034088897708188,-0.11025886982679367,0.1419939547777176,0.019667859347361438,0.04275250054830048,0.0,0.0,0.0,0.0,0.0,0.9803321406526385,0.0,0.0,0.0,0.0,1581.2145083315831
153,72.92113424079348,18.920212001437303,28.36205240000004,28.994386100000042,28.716766920000023,0.10318955063506575,-0.19217686355113983,-0.02631578966975212,-0.12351838885613207,0.024865068108444837,-0.10096272826194763,0.11648453772068024,0.0283589690586306,0.0348370629541149,0.0,0.0,0.0,0.0,0.0,0.9716410309413694,0.0,0.0,0.0,0.0,1500.0000000004834
154,72.92588460317754,18.920212001437303,28.321036160000006,29.086672640000018,28.839333358823552,0.1629547392681155,-0.1715184897184372,-0.03500761091709137,-0.11537279812794811,0.023090139514786997,-0.06382012367248535,0.09571558982133865,0.01739166403716465,0.024279059987426268,0.0,0.0,0.0,0.0,0.0,0.9826083359628354,0.0,0.0,0.0,0.0,1581.2145083315831
155,72.9306349655616,18.920212001437303,28.676510240000027,29.233647500000018,28.99848549000002,0.0981807576863832,-0.18570254743099213,-0.05283162370324135,-0.10484989957989387,0.018898230058789715,-0.1055045872926712,0.09387395530939102,0.028234224139519457,0.025690479276734898,0.0,0.0,0.0,0.0,0.0,0.9717657758604805,0.0,0.0,0.0,0.0,1803.0411213915263
156,72.93538532794565,18.920212001437303,28.468011020000006,29.240483540000014,29.064071130588253,0.15913014275281154,-0.1471727341413498,-0.03593466430902481,-0.0995150639460637,0.014328631412224565,-0.11013583838939667,0.06274008005857468,0.012504482269287109,0.028360253254303438,0.0,0.0,0.0,0.0,0.0,0.9874955177307129,0.0,0.0,0.0,0.0,2000.0000000006446
157,72.94013569032971,18.920212001437303,28.468011020000006,29.07983660000002,28.884908930000023,0.1460524844655172,-0.13343441486358643,-0.017366135492920876,-0.0840357136276533,0.014583316289666984,-0.1342335194349289,0.008496176451444626,-0.07695211734411851,0.022332282683218223,0.0,0.0,0.0,0.0,0.0,1.0769521173441186,0.0,0.0,0.0,0.0,2061.6108559472177
158,72.94488605271377,18.920212001437303,28.355216359999986,29.120852839999998,28.752924210000018,0.16843816046289906,-0.17689386010169983,0.0289608184248209,-0.08930781526385613,0.016983393797095167,-0.20823603868484497,-0.021329365670681,-0.11592310491597878,0.02029778037343845,0.0,0.0,0.0,0.0,0.0,1.1159231049159788,0.0,0.0,0.0,0.0,2000.0000000006446
159,72.94963641509783,18.920212001437303,0.0,29.223393439999995,17.02331615411766,14.243037191399228,-0.15535567700862885,0.04855047166347504,-0.008558611599904186,0.029802779255557046,-0.22210723161697388,0.0,-0.08379002984964623,0.07330195520174798,0.0,0.0,0.0,0.0,0.0,1.0837900298496463,0.0,0.0,0.0,0.0,2061.6108559472177
160,72.80237518119202,18.92470355731226,27.900619699999993,28.635493999999994,28.099505738750015,0.13749506118167107,-0.16156062483787537,-0.007858546450734138,-0.08674597974093455,0.02200884481805184,-0.05121293663978577,0.1023084968328476,0.014756281150961822,0.023298880471802973,0.0,0.0,0.0,0.0,0.0,0.9852437188490382,0.0,0.0,0.0,0.0,2692.750171719735
161,72.80712554357608,18.92470355731226,28.163807239999983,28.765378760000033,28.556665913750017,0.11416321736941147,-0.174554705619812,-0.02518518455326557,-0.09096559920400943,0.022808195303978172,-0.049499593675136566,0.09552323818206787,0.025552425744398585,0.019706600747376388,0.0,0.0,0.0,0.0,0.0,0.9744475742556015,0.0,0.0,0.0,0.0,2549.5540535213577
162,72.81187590596014,18.92470355731226,28.57738766,29.093508680000014,28.84311358250002,0.1317979331850043,-0.16345177590847015,-0.03575076535344124,-0.09644272138487618,0.019253081650067512,-0.014004149474203587,0.09662794321775436,0.036473155471513856,0.016676429293826848,0.0,0.0,0.0,0.0,0.0,0.9635268445284861,0.0,0.0,0.0,0.0,2500.000000000806
163,72.8166262683442,18.92470355731226,28.80981301999998,34.11799808000001,29.439986721250015,1.0150065747534323,-0.18034528195858002,0.3865842819213867,-0.0999114990234375,0.04843146934947728,-0.13145391643047333,0.20245109498500824,0.050136161217322714,0.02153133120257915,0.0,0.0,0.0,143.45204395505596,0.0005762288946023931,0.9498638387826773,0.0,0.0,0.01382398697085067,0.005529594788340269,2549.5540535213577
164,72.82137663072825,18.92470355731226,29.295171859999982,39.04336490000003,34.02407792750002,2.3841163848036047,-0.16449704766273499,0.7378557324409485,0.12460314480763561,0.1903190652446933,-0.31071048974990845,0.4207969009876251,0.02419760362157282,0.09675524720361438,35.0,0.18142207344915576,1290.4280374209673,2704.359476317616,0.010863073321801095,0.9758023963784271,0.12460314480763561,0.5705265649321803,0.26060995113338453,0.446559919412662,2692.750171719735
165,72.82612699311231,18.92470355731226,33.68390954000006,43.20993127999998,38.41666855937501,1.6766987810619072,-0.05078958719968796,0.7741032242774963,0.25342322007665097,0.18993675351797454,-0.3359590470790863,0.4046354293823242,0.008660410035331294,0.11792582664412121,49.0,0.16155638216419158,820.8045360958318,4788.145424379064,0.019233380501360302,0.9913395899646688,0.25342322007665097,0.5080539870736204,0.46141733596972934,0.4893993266320639,2915.824556864225
166,72.83087735549637,18.92470355731226,37.300174700000014,43.917461419999995,39.17597932875001,1.2721195450296052,0.007498897146433592,0.770638108253479,0.3016455078125,0.19090264074557278,-0.37717437744140625,0.3778611719608307,0.005605622777399027,0.12206713498136293,75.0,0.21159437192291533,702.351569571394,5491.474535441376,0.02205856545540735,0.9943943772226009,0.3016455078125,0.6654108173115737,0.5291947771234544,0.610924401236326,3202.1264730136068
167,72.83562771788043,18.92470355731226,32.38164391999999,42.67672016000006,38.72271189875002,2.2557518389432816,-0.2741737961769104,0.6852678656578064,0.2077244020857901,0.17947587431412051,-0.33999499678611755,0.3345179855823517,0.026915421395931605,0.09527046342735047,32.0,0.274725806366736,2137.2788454633283,1294.8751737797459,0.005201351402625914,0.9730845786040684,0.2077244020857901,0.8639432215979151,0.1247827290409152,0.5682790245751151,3536.3323932547664
168,72.84037808026449,18.92470355731226,28.495355180000047,39.06045500000005,32.15747877500002,3.1164243955375412,-0.3302289545536041,0.46359333395957947,-0.09006649377211084,0.10847944187258377,-0.23680415749549866,0.31496891379356384,0.01989501377321639,0.060617410909575196,2.0,0.020681720936844828,2574.3547127618685,0.0,0.0,0.9801049862267837,0.0,0.06503878485486984,0.0,0.039023270912921904,3906.16581645451
169,72.84512844264854,18.92470355731226,27.948471980000022,32.15947262000003,28.88020286937502,0.9790344847159896,-0.25038719177246094,0.023566879332065582,-0.14588362783755895,0.0439813932083484,-0.28824475407600403,0.13936305046081543,-0.04896920833947523,0.048643888343981444,0.0,0.0,0.0,0.0,0.0,1.0489692083394753,0.0,0.0,0.0,0.0,4302.449037390075
170,72.8498788050326,18.92470355731226,27.271704020000016,28.324454180000032,28.032314000000014,0.23641088882073782,-0.22628413140773773,-0.036970242857933044,-0.14314488824808372,0.028676795792592115,-0.10833805799484253,0.06881143897771835,-0.01664365516518647,0.027670680736653252,0.0,0.0,0.0,0.0,0.0,1.0166436551651865,0.0,0.0,0.0,0.0,4718.522628608043
171,72.85462916741666,18.92470355731226,27.975816140000006,28.26634783999998,28.12654132750002,0.06425137623288177,-0.2243424504995346,-0.06415432691574097,-0.16573880709134614,0.024510764152299358,-0.11278195679187775,0.06984667479991913,-0.016927774869478666,0.023407358947142267,0.0,0.0,0.0,0.0,0.0,1.0169277748694787,0.0,0.0,0.0,0.0,5149.591791363647
172,72.85937952980072,18.92470355731226,27.91770980000001,28.502191219999986,28.06313901125002,0.0973477135246993,-0.2286425232887268,-0.03730017691850662,-0.16912622991597878,0.023022758430971027,-0.11633237451314926,0.09313853085041046,-0.005811267348955262,0.030260886254761876,0.0,0.0,0.0,0.0,0.0,1.0058112673489552,0.0,0.0,0.0,0.0,5592.189837829172
173,72.86412989218478,18.92470355731226,27.21359768000002,28.498773200000016,28.00549832062502,0.25702300884356233,-0.2392241358757019,-0.010377749800682068,-0.1630115437057783,0.026282664946650228,-0.09694322943687439,0.13550782203674316,0.01301082395157724,0.02844449152404266,0.0,0.0,0.0,0.0,0.0,0.9869891760484227,0.0,0.0,0.0,0.0,6043.784451037792
174,72.86888025456884,18.92470355731226,26.953828160000057,28.286855960000025,27.27271281062502,0.2646828308889015,-0.2734251618385315,-0.07956448942422867,-0.16315634673496462,0.026340298106525505,-0.13601802289485931,0.08567171543836594,-0.0061572423970924234,0.03905960307309856,0.0,0.0,0.0,0.0,0.0,1.0061572423970924,0.0,0.0,0.0,0.0,5854.68449112373
175,72.8736306169529,18.92470355731226,27.26828599999999,28.26634783999998,27.62911330250002,0.1938186576753486,-0.2919551134109497,-0.04530330002307892,-0.15311311541863207,0.026022201569585877,-0.14543914794921875,0.1379416286945343,-0.0006455565398594119,0.04071759566989438,0.0,0.0,0.0,0.0,0.0,1.0006455565398593,0.0,0.0,0.0,0.0,5387.261566168697
176,72.87838097933695,18.92470355731226,27.716046620000043,28.191151400000024,27.935440778750017,0.11737377381238229,-0.2160857915878296,-0.03364737704396248,-0.1370869301849941,0.019010497016299067,-0.04664504900574684,0.11366119980812073,0.025637748286409197,0.02280333843973743,0.0,0.0,0.0,0.0,0.0,0.9743622517135908,0.0,0.0,0.0,0.0,4926.286189177238
177,72.88313134172101,18.92470355731226,26.68722260000004,28.232167640000057,27.81861095625002,0.4307988831875236,-0.2190963327884674,-0.03162393346428871,-0.14527470426739386,0.025467722751122218,-0.0786997452378273,0.1098591536283493,0.008891094855542453,0.02501396422328723,0.0,0.0,0.0,0.0,0.0,0.9911089051444576,0.0,0.0,0.0,0.0,4473.751870263337
178,72.88788170410507,18.92470355731226,26.70773072000003,28.303946060000044,27.832761950000016,0.5381252443068538,-0.24109485745429993,-0.024671053513884544,-0.14856454525353774,0.027598162218904102,-0.05850585177540779,0.10537189990282059,0.02653021182654039,0.023413335195093518,0.0,0.0,0.0,0.0,0.0,0.9734697881734596,0.0,0.0,0.0,0.0,4032.5014221122524
179,72.89263206648913,18.92470355731226,27.869857519999982,28.351798340000016,28.14638483250002,0.11007044528229967,-0.22478024661540985,-0.07415345311164856,-0.1565953207915684,0.018880924193674938,-0.032258063554763794,0.1318739950656891,0.05052356072191922,0.02563763333295615,0.0,0.0,0.0,0.0,0.0,0.9494764392780808,0.0,0.0,0.0,0.0,3606.678719491976
180,72.89738242887319,18.92470355731226,27.784407020000003,28.42357676000006,28.15372910750002,0.1028386737237958,-0.19420552253723145,-0.07679395377635956,-0.15143616896409254,0.017618577808356236,-0.03988995775580406,0.10278170555830002,0.040902668879582334,0.023726105501716076,0.0,0.0,0.0,0.0,0.0,0.9590973311204176,0.0,0.0,0.0,0.0,3202.443878599832
181,72.90213279125724,18.92470355731226,27.57590779999998,28.331290220000028,28.19396414562502,0.10083158371391542,-0.20808301866054535,-0.07397525757551193,-0.1449904416642099,0.014903422865812754,-0.07463574409484863,0.12378167361021042,0.059324024128464034,0.019915386906873608,0.0,0.0,0.0,0.0,0.0,0.940675975871536,0.0,0.0,0.0,0.0,2829.0659146038133
182,72.9068831536413,18.92470355731226,28.122791000000007,28.62523994000003,28.405015012500016,0.09445718933680311,-0.19802618026733398,-0.053429026156663895,-0.14789490897700472,0.01584378567812601,-0.07129964232444763,0.0980200469493866,0.052639033479510614,0.019354958854179927,0.0,0.0,0.0,0.0,0.0,0.9473609665204894,0.0,0.0,0.0,0.0,2500.4065362278598
183,72.91163351602536,18.92470355731226,28.273183880000033,28.63891202000002,28.46441707250002,0.08487283205422941,-0.18486739695072174,-0.06300734728574753,-0.13860929669074293,0.018348391868969905,-0.041908446699380875,0.1195577085018158,0.05589282917526533,0.018202759583382085,0.0,0.0,0.0,0.0,0.0,0.9441071708247347,0.0,0.0,0.0,0.0,2236.2699942751124
184,72.91638387840942,18.92470355731226,28.31420012000001,28.799558960000013,28.60042369062502,0.10569709681642687,-0.21927404403686523,-0.04442771151661873,-0.1298893075619104,0.02517916363229354,-0.11918604373931885,0.14060258865356445,0.046983890173570166,0.034492045404955256,0.0,0.0,0.0,0.0,0.0,0.9530161098264298,0.0,0.0,0.0,0.0,2061.607594045418
185,72.92113424079348,18.92470355731226,28.225331600000004,28.83715718000002,28.620314668125022,0.1423751952247284,-0.21977315843105316,-0.016153845936059952,-0.12541262068838444,0.0353023115739332,-0.11332821846008301,0.1188906580209732,0.04653343920437795,0.036037792132522846,0.0,0.0,0.0,0.0,0.0,0.9534665607956221,0.0,0.0,0.0,0.0,2000.0000000006446
186,72.92588460317754,18.92470355731226,28.26634783999998,33.742015880000054,28.843515702500017,0.6920345074123839,-0.18760064244270325,0.06783075630664825,-0.10788127395341982,0.039170328094742454,-0.16971279680728912,0.14746059477329254,0.005872303584836564,0.04643473957284324,0.0,0.0,0.0,0.0,0.0,0.9941276964151634,0.0,0.0,0.0,0.0,2061.607594045418
187,72.9306349655616,18.92470355731226,28.474847060000002,41.360782459999996,30.663626013125015,3.050327277132617,-0.19675925374031067,0.08784804493188858,-0.06987615621314859,0.07231113417807818,-0.20858757197856903,0.1523217111825943,0.0024579908263008547,0.05307716331218867,0.0,0.0,0.0,0.0,0.0,0.9975420091736992,0.0,0.0,0.0,0.0,2236.2699942751124
188,72.93538532794565,18.92470355731226,28.580805680000026,29.958267739999997,29.099138360000023,0.13956821067090827,-0.1744510978460312,-0.035121574997901917,-0.11776009192833534,0.01649923732483187,-0.149723619222641,0.0755021944642067,0.003758207467886118,0.029851474529017017,0.0,0.0,0.0,0.0,0.0,0.9962417925321139,0.0,0.0,0.0,0.0,2500.000000000806
189,72.94013569032971,18.92470355731226,28.468011020000006,29.267827699999998,28.90086527500002,0.19874365385083992,-0.17160972952842712,-0.06329113990068436,-0.1012367795548349,0.015031881878716352,-0.21152424812316895,0.040035586804151535,-0.06919960453825177,0.03776663414419057,0.0,0.0,0.0,0.0,0.0,1.0691996045382517,0.0,0.0,0.0,0.0,2549.5540535213577
190,72.94488605271377,18.92470355731226,28.536371420000023,29.45923682,28.955256891875017,0.2384978426832593,-0.14345991611480713,-0.001829491346143186,-0.08517210762455778,0.022936065817066167,-0.18745945394039154,-0.04610081762075424,-0.11826441350972877,0.022100747641632956,0.0,0.0,0.0,0.0,0.0,1.1182644135097288,0.0,0.0,0.0,0.0,2500.000000000806
191,72.94963641509783,18.92470355731226,0.0,30.55300322000005,17.275920694044128,14.456426714992126,-0.1490112990140915,0.05061224475502968,-0.031877591115123824,0.04161880638976419,-0.18320611119270325,0.0,-0.061594526182930424,0.05539938492289117,0.0,0.0,0.0,0.0,0.0,1.0615945261829305,0.0,0.0,0.0,0.0,2549.5540535213577
192,72.80237518119202,18.929195113187216,27.992906240000025,28.73803459999999,28.28392942000002,0.15716111722477424,-0.153941810131073,-0.001702748704701662,-0.07540775514998525,0.022166903556621254,-0.04451628774404526,0.11508823931217194,0.027990408843418337,0.02432666595291473,0.0,0.0,0.0,0.0,0.0,0.9720095911565817,0.0,0.0,0.0,0.0,3162.4120032513088
193,72.80712554357608,18.929195113187216,28.239003679999996,28.86791936000003,28.564631520000017,0.12056089974406603,-0.20043572783470154,-0.011910433880984783,-0.0722878049454599,0.02181010473597124,-0.03315342962741852,0.10997732728719711,0.03634601808943838,0.02092592290722219,0.0,0.0,0.0,0.0,0.0,0.9636539819105616,0.0,0.0,0.0,0.0,3041.4161865126807
194,72.81187590596014,18.929195113187216,28.269765860000007,29.25073759999998,28.854129009411782,0.213439338925286,-0.13867877423763275,-0.008907642215490341,-0.0737301923643868,0.01808280899986622,-0.032774195075035095,0.11014344543218613,0.03199971037090949,0.017002178115261182,0.0,0.0,0.0,0.0,0.0,0.9680002896290905,0.0,0.0,0.0,0.0,3000.000000000967
195,72.8166262683442,18.929195113187216,28.792722920000017,30.7375763,29.115379540000017,0.1832016623075988,-0.1729785054922104,-0.019778098911046982,-0.08491311880258413,0.019166786891162888,-0.0002506893943063915,0.12078346312046051,0.04365750826322115,0.016446912450260778,0.0,0.0,0.0,0.0,0.0,0.9563424917367789,0.0,0.0,0.0,0.0,3041.4161865126807
196,72.82137663072825,18.929195113187216,28.874755400000026,38.937406280000005,33.200975247058835,3.3438413882037836,-0.17814508080482483,0.7175582051277161,0.07406875322449882,0.21448536311387184,-0.3397497534751892,0.40455225110054016,0.024856950292047465,0.08695590452826221,23.0,0.1550181245089217,1677.9010698539155,3087.542138230755,0.012402270084826573,0.9751430497079525,0.07406875322449882,0.4874928193513913,0.29753596473136934,0.41151007750338253,3162.4120032513088
197,72.82612699311231,18.929195113187216,36.44225168000003,43.03561225999999,38.93172075000001,1.4826215823802924,-0.05608465522527695,0.7696903944015503,0.24716055240271226,0.1876328656796225,-0.3436436653137207,0.3305196464061737,-0.00696841113972214,0.10195735691083163,62.0,0.27645327502039974,1110.0479993287427,5844.935250239515,0.02347837287925497,1.0069684111397221,0.24716055240271226,0.8693756738804044,0.5632565874773585,0.7469280393191859,3354.386944910448
198,72.83087735549637,18.929195113187216,37.918836320000025,44.59764740000003,40.081929160000016,1.5323649503232166,-0.047844063490629196,0.7341935634613037,0.22886327203714624,0.17583636998616822,-0.34492501616477966,0.4266188144683838,0.06438138565927182,0.12949901299912908,68.0,0.2581880854329516,945.2332562922413,5252.217877767072,0.02109750142608532,0.9356186143407281,0.22886327203714624,0.8119362693192924,0.5061384244414732,0.6896171313681647,3606.0225613845546
199,72.83562771788043,18.929195113187216,31.786908440000047,43.015104140000005,38.91389408705884,2.182079593975379,-0.3031095564365387,0.6597533822059631,0.10571826862839033,0.1672314233720275,-0.29063013195991516,0.4414014220237732,0.08539927356647996,0.10921236483301013,56.0,0.3142393692151208,1396.9609816053987,3187.6143953853766,0.012804247808745518,0.9146007264335201,0.10571826862839033,0.9882033893466798,0.3071795887670264,0.7157938691148185,3905.804717263047
200,72.84037808026449,18.929195113187216,28.53978944000005,40.017500600000005,31.170335610000013,2.8833185356272844,-0.3513129949569702,0.5885072946548462,-0.1282594846329599,0.14179305001680553,-0.22082751989364624,0.3440205156803131,0.004124957390551297,0.06902270460454972,5.0,0.045345373469274135,2257.7439517541775,0.0,0.0,0.9958750426094487,0.0,0.14259973810872675,0.0,0.08555984286523605,4243.54181135584
201,72.84512844264854,18.929195113187216,27.96898010000001,36.71569327999998,29.824551670000016,2.4529243920025214,-0.2809346914291382,0.05536440387368202,-0.12669708827756485,0.06312807187315696,-0.1952054798603058,0.24344225227832794,-0.027382464138966688,0.06663169811830634,1.0,0.03502445644012433,8719.329960392777,0.0,0.0,1.0273824641389666,0.0,0.11014306275692001,0.0,0.066085837654152,4610.90105719123
202,72.8498788050326,18.929195113187216,27.456277100000023,28.341544279999994,28.120662129411784,0.11575782022847517,-0.2650422751903534,-0.07441655546426773,-0.16491242030881487,0.026284816952398527,-0.17119114100933075,0.052415210753679276,-0.03141962591207252,0.03011971877032779,0.0,0.0,0.0,0.0,0.0,1.0314196259120725,0.0,0.0,0.0,0.0,5001.35930051424
203,72.85462916741666,18.929195113187216,27.96556208000004,28.26292982000001,28.119574040000018,0.06110559296330112,-0.20752963423728943,-0.03848027437925339,-0.14801717904897838,0.02022862913896772,-0.15871253609657288,0.1259736716747284,-0.014678579477163462,0.04111799753700612,0.0,0.0,0.0,0.0,0.0,1.0146785794771636,0.0,0.0,0.0,0.0,5409.917373271467
204,72.85937952980072,18.929195113187216,27.422096900000042,28.580805680000026,28.175184870588257,0.1948305398997385,-0.21888412535190582,-0.02927042357623577,-0.1574569299086085,0.02624539390720814,-0.16876845061779022,0.13237154483795166,0.0017542407197772333,0.03226900799914311,0.0,0.0,0.0,0.0,0.0,0.9982457592802227,0.0,0.0,0.0,0.0,5832.773093268732
205,72.86412989218478,18.929195113187216,27.158909360000052,28.57055162000006,27.644346390000024,0.24258790627577928,-0.22429905831813812,-0.01660079136490822,-0.15793453576429836,0.028737321480411648,-0.12604661285877228,0.14961561560630798,0.016480119813163326,0.030457912450140665,0.0,0.0,0.0,0.0,0.0,0.9835198801868367,0.0,0.0,0.0,0.0,6267.033011612913
206,72.86888025456884,18.929195113187216,27.18283550000001,28.29711001999999,27.68436850000002,0.2818845123935753,-0.23499326407909393,-0.03425505757331848,-0.16529348697302476,0.024186202458067033,-0.08459869772195816,0.11603188514709473,0.018290071307488207,0.02634797079173349,0.0,0.0,0.0,0.0,0.0,0.9817099286925118,0.0,0.0,0.0,0.0,6043.649788715776
207,72.8736306169529,18.929195113187216,27.490457300000003,28.55687954000001,27.86794153647061,0.25011744319810697,-0.22613579034805298,-0.054201889783144,-0.15365237829820166,0.02322926048142403,-0.0718262791633606,0.1313789337873459,0.015075614497346698,0.02789112613990105,0.0,0.0,0.0,0.0,0.0,0.9849243855026533,0.0,0.0,0.0,0.0,5592.0695594348535
208,72.87838097933695,18.929195113187216,27.774152960000038,28.14329912000005,27.92031241000002,0.08064629614272226,-0.21885937452316284,-0.05645514279603958,-0.1545047284971993,0.021777543647961903,-0.13626374304294586,0.10240132361650467,0.01601224071574661,0.030162029979051024,0.0,0.0,0.0,0.0,0.0,0.9839877592842534,0.0,0.0,0.0,0.0,5149.485992370761
209,72.88313134172101,18.929195113187216,26.646206360000008,28.28343794,27.953141040000023,0.33205532651666186,-0.2536918520927429,-0.04419241473078728,-0.15360183427918633,0.030203452195827447,-0.07103298604488373,0.14656570553779602,0.009933612031756706,0.0279702122525335,0.0,0.0,0.0,0.0,0.0,0.9900663879682433,0.0,0.0,0.0,0.0,4718.431397492022
210,72.88788170410507,18.929195113187216,26.697476660000007,28.300528040000017,28.067310267058847,0.21917066039564384,-0.22321614623069763,-0.02916666679084301,-0.13651247420400944,0.029192381975570433,-0.06876040995121002,0.1183057427406311,0.024842563845076653,0.030541346943333478,0.0,0.0,0.0,0.0,0.0,0.9751574361549233,0.0,0.0,0.0,0.0,4302.372433809681
211,72.89263206648913,18.929195113187216,27.517801459999987,28.519281320000005,28.302304070000016,0.1261339769536419,-0.20743301510810852,-0.04973716288805008,-0.14384979823850236,0.023156888803871158,-0.07285144925117493,0.10210210084915161,0.025957330667747643,0.023980716485890004,0.0,0.0,0.0,0.0,0.0,0.9740426693322524,0.0,0.0,0.0,0.0,3906.103826669669
212,72.89738242887319,18.929195113187216,28.092028819999996,28.502191219999986,28.27899096588237,0.07928517800674341,-0.198358416557312,-0.04541154205799103,-0.1382481971153846,0.020405771540627046,-0.09111235290765762,0.09597523510456085,0.01701016646165114,0.027444062978412828,0.0,0.0,0.0,0.0,0.0,0.9829898335383489,0.0,0.0,0.0,0.0,3536.284842796533
213,72.90213279125724,18.929195113187216,27.425514920000012,28.40990468000001,28.167336960000018,0.10634268956894388,-0.19118629395961761,-0.05045045167207718,-0.13368282677992335,0.018813640683481125,-0.14347708225250244,0.10542476922273636,0.013790347981003096,0.03258845279490121,0.0,0.0,0.0,0.0,0.0,0.9862096520189969,0.0,0.0,0.0,0.0,3202.0928645516597
214,72.9068831536413,18.929195113187216,28.009996340000043,28.532953399999997,28.310860290000015,0.12160252448322872,-0.21140702068805695,-0.03703703731298447,-0.14230974305350824,0.021703258588033104,-0.13949580490589142,0.10651305317878723,0.03195146092828715,0.041922555923150355,0.0,0.0,0.0,0.0,0.0,0.9680485390717128,0.0,0.0,0.0,0.0,2915.803795899834
215,72.91163351602536,18.929195113187216,28.095446840000022,28.673092220000058,28.386014021176493,0.12673974131530263,-0.20365257561206818,-0.07227958738803864,-0.1510589023806014,0.017255684653956573,-0.04545454680919647,0.11490168422460556,0.06277823970002948,0.021871607960459682,0.0,0.0,0.0,0.0,0.0,0.9372217602999705,0.0,0.0,0.0,0.0,2692.7401802450577
216,72.91638387840942,18.929195113187216,28.290273980000052,28.72094450000003,28.515014380000014,0.08399519450532535,-0.19780443608760834,-0.026946106925606728,-0.14535015753979952,0.01967906615650772,-0.06688551604747772,0.13342967629432678,0.06871742104584316,0.023030527486900855,0.0,0.0,0.0,0.0,0.0,0.9312825789541568,0.0,0.0,0.0,0.0,2549.551415363018
217,72.92113424079348,18.929195113187216,28.39281458000005,28.885009459999992,28.62183309000002,0.11400619063181013,-0.205900177359581,-0.06687647849321365,-0.1389605712890625,0.024964192308516844,-0.03811563178896904,0.12262841314077377,0.04248084878021816,0.03139316807965517,0.0,0.0,0.0,0.0,0.0,0.9575191512197818,0.0,0.0,0.0,0.0,2500.000000000806
218,72.92588460317754,18.929195113187216,28.60814984000001,37.197634100000016,29.605253688235315,1.522037643305952,-0.22342559695243835,0.0722433477640152,-0.10436974867334906,0.0427228421748577,-0.08669108897447586,0.15181228518486023,0.033865719201429834,0.0282834614532949,0.0,0.0,0.0,0.0,0.0,0.9661342807985702,0.0,0.0,0.0,0.0,2549.551415363018
219,72.9306349655616,18.929195113187216,29.267827699999998,43.127898800000025,39.09457935000002,3.848033521692626,-0.21834540367126465,0.10757441818714142,0.027863343436762972,0.06045949706582734,-0.26682692766189575,0.2473306506872177,0.04644570692530218,0.04570966154278683,0.0,0.0,0.0,0.0,0.0,0.9535542930746979,0.027863343436762972,0.0,0.0,0.0,2692.7401802450577
220,72.93538532794565,18.929195113187216,29.172123140000053,43.09371859999999,36.98351702705884,5.128837416966505,-0.18841730058193207,0.08989361673593521,-0.011033985431377704,0.08248735830038584,-0.1152154803276062,0.1738811433315277,0.026287307739257814,0.04636625527568031,0.0,0.0,0.0,0.0,0.0,0.9737126922607422,0.0,0.0,0.0,0.0,2915.803795899834
221,72.94013569032971,18.929195113187216,28.823485100000028,40.31828636,30.399560930000018,2.355082859362478,-0.1619352251291275,0.0835457369685173,-0.09118561366818986,0.05772846161181948,-0.16174261271953583,0.14420300722122192,-0.046412949472103476,0.053768994411567794,0.0,0.0,0.0,0.0,0.0,1.0464129494721035,0.0,0.0,0.0,0.0,3041.4161865126807
222,72.94488605271377,18.929195113187216,28.905517580000037,38.48964566000001,30.04159594000002,1.463128506435498,-0.139970064163208,0.06313993036746979,-0.05855541877026828,0.044024361283928885,-0.1888081133365631,0.17175830900669098,-0.09148177236880896,0.056118972574017864,0.0,0.0,0.0,0.0,0.0,1.091481772368809,0.0,0.0,0.0,0.0,3000.000000000967
223,72.94963641509783,18.929195113187216,0.0,43.13473484000002,21.04206795294119,17.968364895980702,-0.0838344544172287,0.0849727913737297,0.014951079746462264,0.03172740521306478,-0.16659672558307648,0.19263090193271637,0.01330481619205115,0.06306448122096796,0.0,0.0,0.0,0.0,0.0,0.9866951838079489,0.014951079746462264,0.0,0.0,0.0,3041.4161865126807
224,72.80237518119202,18.933686669062173,28.037340500000028,28.580805680000026,28.25517784000002,0.12855133475168853,-0.16075514256954193,0.00046490004751831293,-0.08123407327903892,0.021687140567766182,-0.051862671971321106,0.12678571045398712,0.028257175661482902,0.022207476653110472,0.0,0.0,0.0,0.0,0.0,0.9717428243385171,0.0,0.0,0.0,0.0,3640.1642625663408
225,72.80712554357608,18.933686669062173,28.13646308,28.75512470000001,28.38772106000001,0.14972914486043115,-0.13806654512882233,-0.0066413660533726215,-0.0755225300339033,0.019286185099957345,-0.03840682655572891,0.11578947305679321,0.036697796515698704,0.0205974033713954,0.0,0.0,0.0,0.0,0.0,0.9633022034843013,0.0,0.0,0.0,0.0,3535.5620436674863
226,72.81187590596014,18.933686669062173,28.26634783999998,29.178959179999993,28.664860587058843,0.19758335301530935,-0.13801950216293335,-0.003835091134533286,-0.07678875617261202,0.018766949056452178,-0.04926231503486633,0.09668039530515671,0.030806406848835496,0.01951143462006777,0.0,0.0,0.0,0.0,0.0,0.9691935931511645,0.0,0.0,0.0,0.0,3500.0000000011282
227,72.8166262683442,18.933686669062173,28.57738766,29.069582540000056,28.85767647000002,0.10232796275325616,-0.16568627953529358,-0.02119641937315464,-0.09703866811899038,0.020383035617159026,-0.025154247879981995,0.10120805352926254,0.04334830357478215,0.016593694689036383,0.0,0.0,0.0,0.0,0.0,0.9566516964252179,0.0,0.0,0.0,0.0,3535.5620436674863
228,72.82137663072825,18.933686669062173,28.71752648000006,37.628304619999994,29.91564302000002,1.9211217242430625,-0.19266964495182037,0.35606059432029724,-0.11436560288915094,0.06717182664729561,-0.10398406535387039,0.30840882658958435,0.07088803849130307,0.027185465981609657,3.0,0.010591996952890368,878.9583599449588,900.2184616764392,0.0036160648169990656,0.9291119615086969,0.0,0.03330915319407504,0.08675100013934461,0.05468589197218287,3640.1642625663408
229,72.82612699311231,18.933686669062173,32.091112220000014,40.803645200000005,38.27622047000002,1.485823442569139,-0.037444934248924255,0.6890115141868591,0.2107044838959316,0.1732463314527429,-0.2564265727996826,0.3431345224380493,0.03207860406839623,0.10223520934320111,77.0,0.36147274846158856,1168.6825105234666,4493.042713505036,0.01804798987050678,0.9679213959316038,0.2107044838959316,1.0,0.43297928853791023,0.7731917154151641,3808.1216736780766
230,72.83087735549637,18.933686669062173,37.08825746000002,42.74166253999999,39.14328055000001,1.0716879690172123,-0.0055432370863854885,0.741974949836731,0.28434872033461084,0.18884366199183264,-0.34867411851882935,0.40238574147224426,0.029961265707915685,0.1255752355761585,73.0,0.23342249731845208,796.033893919468,6135.36120211025,0.02464497755491057,0.9700387342920843,0.28434872033461084,0.7340547544249626,0.5912439515048505,0.6769304332569178,4031.5237111837637
231,72.83562771788043,18.933686669062173,38.48964566000001,41.904247639999994,39.80040310823531,0.7100457792005527,-0.013154747895896435,0.6722004413604736,0.1746705483490566,0.13525389829785453,-0.30975770950317383,0.39623332023620605,0.08283721923828125,0.10816191839325226,125.0,0.46550220681194926,927.0932944636959,8419.417790633222,0.03381974681526532,0.9171627807617188,0.1746705483490566,1.0,0.811350738762059,0.9245402955048236,4301.740823825365
232,72.84037808026449,18.933686669062173,29.903579420000028,40.87542361999999,37.142688870000015,2.568689197520875,-0.3642793893814087,0.7144393920898438,0.15329852410082548,0.23600588260310887,-0.31215614080429077,0.3813936114311218,0.022903688538749262,0.10018984031249736,61.0,0.20222341817550568,825.3028040774567,4405.550682376101,0.017696545338982784,0.9770963114612508,0.15329852410082548,0.635941536369052,0.42454797821960905,0.5513841131092748,4610.5490699181555
233,72.84512844264854,18.933686669062173,28.25267575999999,38.31874465999999,30.51179709000002,2.9482237847907533,-0.19342604279518127,0.5501222610473633,-0.09103098743366746,0.09278051450080191,-0.26906996965408325,0.25326067209243774,0.01129473776187537,0.05080319368162253,0.0,0.0,0.0,0.0,0.0,0.9887052622381246,0.0,0.0,0.0,0.0,4950.732194949474
234,72.8498788050326,18.933686669062173,27.67503038000001,28.457756959999983,28.240292829411786,0.12047066384805893,-0.23344293236732483,-0.01632482185959816,-0.14034764703714622,0.02934220693997119,-0.06659477204084396,0.11720088124275208,0.009815868881513487,0.018818034874912407,0.0,0.0,0.0,0.0,0.0,0.9901841311184865,0.0,0.0,0.0,0.0,5316.270660465279
235,72.85462916741666,18.933686669062173,27.14523728000006,28.341544279999994,28.089973540000013,0.24029791373443588,-0.24175018072128296,-0.03814714029431343,-0.13714546790489784,0.026942038082677824,-0.13481828570365906,0.13331396877765656,0.005949780024014986,0.02984319399510417,0.0,0.0,0.0,0.0,0.0,0.994050219975985,0.0,0.0,0.0,0.0,5702.290428745914
236,72.85937952980072,18.933686669062173,27.08713094000001,28.39623260000002,27.553046095294135,0.26251476279600083,-0.24706469476222992,-0.03545410558581352,-0.15581971366450473,0.02871580378877477,-0.1546829342842102,0.14953534305095673,0.01470408025777565,0.03542373075128169,0.0,0.0,0.0,0.0,0.0,0.9852959197422243,0.0,0.0,0.0,0.0,6104.907571899776
237,72.86412989218478,18.933686669062173,27.14523728000006,28.505609240000013,27.74574765000002,0.3060325168670261,-0.21536795794963837,-0.022708158940076828,-0.14275676223466982,0.02134112832222879,-0.09407337754964828,0.12735849618911743,0.02575566129864387,0.02616120715295076,0.0,0.0,0.0,0.0,0.0,0.9742443387013562,0.0,0.0,0.0,0.0,6521.048590398616
238,72.86888025456884,18.933686669062173,27.288794120000034,28.19798744000002,27.608256120000018,0.14698292615196806,-0.21569688618183136,-0.06387035548686981,-0.14305346219044812,0.022548634138845895,-0.09615384787321091,0.1468277871608734,0.021886003602225826,0.023901731994001325,0.0,0.0,0.0,0.0,0.0,0.9781139963977742,0.0,0.0,0.0,0.0,6266.903120229136
239,72.8736306169529,18.933686669062173,27.357154519999995,27.91770980000001,27.554536304705902,0.11073908797260598,-0.28018486499786377,-0.05536332353949547,-0.1512334514114092,0.0212186800918832,-0.11965811997652054,0.16661253571510315,0.0234131521548865,0.027075167547606402,0.0,0.0,0.0,0.0,0.0,0.9765868478451135,0.0,0.0,0.0,0.0,5832.657752811931
240,72.87838097933695,18.933686669062173,27.456277100000023,28.221913579999978,27.75143318000002,0.12488976945406195,-0.3071960210800171,-0.03679245337843895,-0.15111963811910378,0.04158330178864713,-0.11225415766239166,0.18547341227531433,0.027822349116487323,0.042330253924865884,0.0,0.0,0.0,0.0,0.0,0.9721776508835127,0.0,0.0,0.0,0.0,5409.816645115171
241,72.88313134172101,18.933686669062173,27.651104239999995,28.331290220000028,28.08197582000002,0.1477473190724396,-0.27400243282318115,-0.008775981143116951,-0.15376087116745282,0.03421519940136975,-0.13788414001464844,0.18774816393852234,0.01717406650759139,0.03409143208948439,0.0,0.0,0.0,0.0,0.0,0.9828259334924087,0.0,0.0,0.0,0.0,5001.27321142545
242,72.88788170410507,18.933686669062173,27.975816140000006,28.39281458000005,28.16746180117649,0.08917381965368397,-0.23440684378147125,-0.0333935022354126,-0.14182682829083137,0.024164425451554124,-0.12028250098228455,0.10135720670223236,0.02318195846845519,0.024685336726666462,0.0,0.0,0.0,0.0,0.0,0.9768180415315448,0.0,0.0,0.0,0.0,4610.829563766931
243,72.89263206648913,18.933686669062173,27.80491514000005,28.47826508000003,28.240377590000016,0.09778110625010243,-0.20135077834129333,-0.037974681705236435,-0.143166239036704,0.023046315818959096,-0.03804347664117813,0.1220843642950058,0.03309212162809552,0.025069417973157867,0.0,0.0,0.0,0.0,0.0,0.9669078783719045,0.0,0.0,0.0,0.0,4243.484738528121
244,72.89738242887319,18.933686669062173,28.09886486000005,28.649166079999986,28.274425721176492,0.10737900103837303,-0.19255243241786957,-0.06078343093395233,-0.13225254939152645,0.021429998725425312,-0.13372914493083954,0.17041295766830444,0.030031427236703725,0.04126825818209551,0.0,0.0,0.0,0.0,0.0,0.9699685727632963,0.0,0.0,0.0,0.0,3905.761656241152
245,72.90213279125724,18.933686669062173,26.87179567999999,28.505609240000013,28.082835910000018,0.3602956853133296,-0.1994413435459137,-0.049309663474559784,-0.12801271834463443,0.021637459027738507,-0.16347967088222504,0.09829059988260269,-0.012940311072007665,0.06426538854718034,0.0,0.0,0.0,0.0,0.0,1.0129403110720077,0.0,0.0,0.0,0.0,3605.9927112842047
246,72.9068831536413,18.933686669062173,27.96898010000001,28.55687954000001,28.310134240000014,0.10241896223765279,-0.19151251018047333,-0.05951840057969093,-0.13273197965801886,0.017800886550146295,-0.1385853886604309,0.12906178832054138,0.039922292457436614,0.037153629903089104,0.0,0.0,0.0,0.0,0.0,0.9600777075425634,0.0,0.0,0.0,0.0,3354.3688946707425
247,72.91163351602536,18.933686669062173,28.092028819999996,28.614985880000006,28.322041460000023,0.1276776910513136,-0.2085106372833252,-0.07195174694061279,-0.14357832998599646,0.02022016412161003,-0.09014454483985901,0.13531047105789185,0.04744253482458726,0.03630229053808882,0.0,0.0,0.0,0.0,0.0,0.9525574651754127,0.0,0.0,0.0,0.0,3162.4034939367007
248,72.91638387840942,18.933686669062173,28.016832379999983,28.683346280000023,28.31644529000002,0.15112994025157925,-0.21954944729804993,-0.018882770091295242,-0.14060576816774764,0.026084083502719724,-0.10713455826044083,0.10680529475212097,0.03613929604584316,0.035035195953559056,0.0,0.0,0.0,0.0,0.0,0.9638607039541568,0.0,0.0,0.0,0.0,3041.4139745552748
249,72.92113424079348,18.933686669062173,28.02025040000001,28.823485100000028,28.425877780000018,0.1731996658269018,-0.21246230602264404,-0.03333333507180214,-0.13644866367556013,0.029558122407432504,-0.08879964053630829,0.11477632075548172,0.038592471716538915,0.03308134295733538,0.0,0.0,0.0,0.0,0.0,0.9614075282834611,0.0,0.0,0.0,0.0,3000.000000000967
250,72.92588460317754,18.933686669062173,28.368888439999978,29.059328479999976,28.754119400000025,0.14635731786681647,-0.18419401347637177,-0.04440920054912567,-0.11239485830630896,0.021770267629626503,-0.031041618436574936,0.10112877190113068,0.042116057198002654,0.02519598338908154,0.0,0.0,0.0,0.0,0.0,0.9578839428019974,0.0,0.0,0.0,0.0,3041.4139745552748
251,72.9306349655616,18.933686669062173,28.861083320000034,41.31634819999999,31.388887830000016,3.216433428333229,-0.23176823556423187,0.08330752700567245,-0.08953229796211674,0.06546607367806749,-0.28141361474990845,0.26870816946029663,0.038180930659456075,0.0434623939635806,0.0,0.0,0.0,0.0,0.0,0.961819069340544,0.0,0.0,0.0,0.0,3162.4034939367007
252,72.93538532794565,18.933686669062173,32.873838800000044,43.10739067999998,40.56692661764708,2.816211276135438,-0.2693682909011841,0.15301498770713806,0.00965674326970027,0.0646694320854022,-0.19328568875789642,0.38376614451408386,0.0445172353891226,0.04869131057632592,1.0,0.013653917002815171,3399.139335763524,0.0,0.0,0.9554827646108774,0.00965674326970027,0.04293811782317871,0.0,0.025762870693907227,3354.3688946707425
253,72.94013569032971,18.933686669062173,29.845473080000033,43.97556775999999,39.237097380000016,4.570626486660117,-0.05497564375400543,0.2906714677810669,0.046260738732679836,0.028203796273313347,-0.14416858553886414,0.21408647298812866,0.0395370137916421,0.059547470795426716,0.0,0.0,0.0,0.0,0.0,0.9604629862083579,0.046260738732679836,0.0,0.0,0.0,3535.5620436674863
254,72.94488605271377,18.933686669062173,29.773694660000046,42.29731994000002,34.57198039000002,4.171980061496375,-0.09866280853748322,0.2353193312883377,0.023929925594689712,0.04234869544305596,-0.17223018407821655,0.3422069549560547,0.0006521750396152712,0.0920570934095508,0.0,0.0,0.0,0.0,0.0,0.9993478249603848,0.023929925594689712,0.0,0.0,0.0,3500.0000000011282
255,72.94963641509783,18.933686669062173,0.0,43.13473484000002,24.216261308235307,20.286495214977684,-0.017931034788489342,0.5923202633857727,0.05080919949513561,0.08584197086957097,-0.12512178719043732,0.20920827984809875,0.03932465463314416,0.04830213351818525,1.0,0.003871654155298244,963.8473656338443,0.0,0.0,0.9606753453668558,0.05080919949513561,0.012175373722904547,0.0,0.007305224233742727,3535.5620436674863
256,72.80237518119202,18.93817822493713,28.088610800000026,28.895263520000015,28.474894532500016,0.18697329036176574,-0.14843936264514923,-0.017777778208255768,-0.08737808515440743,0.018957547633032788,-0.035153329372406006,0.11676575243473053,0.03290599607071787,0.022041885390531306,0.0,0.0,0.0,0.0,0.0,0.9670940039292821,0.0,0.0,0.0,0.0,4123.1956087202025
257,72.80712554357608,18.93817822493713,28.37572448000003,28.93286174000002,28.64044300812502,0.10166359667962066,-0.1416795402765274,-0.025444071739912033,-0.07861884926849941,0.014831345058566753,-0.013895781710743904,0.09994597733020782,0.028488320404628537,0.015128899565432855,0.0,0.0,0.0,0.0,0.0,0.9715116795953714,0.0,0.0,0.0,0.0,4031.151883388931
258,72.81187590596014,18.93817822493713,28.368888439999978,29.00122213999998,28.684527507500015,0.1644383175940475,-0.14043402671813965,-0.02123730443418026,-0.07504511995135613,0.015901519238667238,-0.021264994516968727,0.08106666803359985,0.023942968980321343,0.012916933930884954,0.0,0.0,0.0,0.0,0.0,0.9760570310196787,0.0,0.0,0.0,0.0,4000.000000001289
259,72.8166262683442,18.93817822493713,28.54320746000002,29.168705120000027,28.872334302500022,0.18086590756756718,-0.16325511038303375,-0.03426510468125343,-0.08894954974834736,0.018534194502651296,-0.013892529532313347,0.09825970232486725,0.041265968909630406,0.016326645058815856,0.0,0.0,0.0,0.0,0.0,0.9587340310903696,0.0,0.0,0.0,0.0,4000.000000001289
260,72.82137663072825,18.93817822493713,28.714108460000034,32.121874400000024,29.293550813750016,0.7189014221924046,-0.2108108103275299,0.0023331777192652225,-0.1332327673570165,0.01840761938991061,0.009667024947702885,0.13454219698905945,0.06188353340580778,0.015843038222213876,0.0,0.0,0.0,0.0,0.0,0.9381164665941922,0.0,0.0,0.0,0.0,4031.151883388931
261,72.82612699311231,18.93817822493713,31.287877520000052,41.91108368000005,37.474125808125024,2.0056054926496802,-0.15689654648303986,0.7850232720375061,0.21480063384433962,0.20455517108101023,-0.35083770751953125,0.4077441692352295,0.02259907272626769,0.11575716822349523,44.0,0.2581155690861022,1460.4047386559487,3566.596101992878,0.014326569860436802,0.9774009272737323,0.21480063384433962,0.811708223737612,0.34370077054938053,0.6245052424623194,4123.1956087202025
262,72.83087735549637,18.93817822493713,37.35144500000001,43.72263428000002,39.95469448250002,1.5029696238039314,0.022970903664827347,0.7685815691947937,0.28754555756191036,0.15790470026028944,-0.345758855342865,0.3370005786418915,0.035404985535819576,0.11027429506895764,39.0,0.13371219550312435,853.5286854694915,3114.828700023921,0.01251187678617481,0.9645950144641804,0.28754555756191036,0.42049105789388536,0.30016547815138184,0.3723608259968839,4272.197275696502
263,72.83562771788043,18.93817822493713,38.062393160000056,41.94526388000003,39.93482724125003,0.8670228258782681,-0.008586525917053223,0.7059696912765503,0.1664543410966981,0.14809442106763768,-0.2885642647743225,0.3588932752609253,0.07454012312979068,0.10633513489298843,160.0,0.3507776935982856,545.7876374287409,8895.047035017113,0.035730289922045785,0.9254598768702094,0.1664543410966981,1.0,0.857185515988227,0.9428742063952908,4472.467787591913
264,72.84037808026449,18.93817822493713,29.83180100000004,43.343234059999986,37.734631151875014,3.329477542979533,-0.236668661236763,0.7142086029052734,0.1330259272737323,0.1973163670047178,-0.2965346574783325,0.30775290727615356,0.03269881914246757,0.09169840607379251,50.0,0.1341684520262102,668.0240736878102,2965.52818989976,0.011912155335434292,0.9673011808575325,0.1330259272737323,0.4219258693360389,0.28577789433037754,0.3674666793337743,4717.482132823145
265,72.84512844264854,18.93817822493713,28.256093780000015,38.43837536000001,32.181476123750016,3.5449406345310397,-0.25,0.6497102379798889,-0.07337689669627064,0.11578292601047768,-0.3254642188549042,0.22280843555927277,0.0026240113096417123,0.07091709822949087,4.0,0.05023167727353665,3126.2909772824323,0.0,0.0,0.9973759886903583,0.0,0.15796592851577343,0.0,0.09477955710946405,5000.667780391289
266,72.8498788050326,18.93817822493713,27.47678522000001,29.44556474000001,28.41278235125002,0.17821948531223508,-0.28648069500923157,0.018388791009783745,-0.11504030623525943,0.03552024870789033,-0.17369507253170013,0.2503390312194824,0.007556280459997789,0.033449956233822485,0.0,0.0,0.0,0.0,0.0,0.9924437195400022,0.0,0.0,0.0,0.0,5315.927937816792
267,72.85462916741666,18.93817822493713,26.755583,31.585245260000022,27.591134604375018,0.7857782904609557,-0.2242647111415863,0.018101761117577553,-0.11254117525540866,0.03620715422818138,-0.08633696287870407,0.15056706964969635,0.0024335974913377027,0.0261654297374223,0.0,0.0,0.0,0.0,0.0,0.9975664025086622,0.0,0.0,0.0,0.0,5657.9035378979615
268,72.85937952980072,18.93817822493713,27.251195900000027,28.65600212000004,27.967044897500017,0.4194761481100168,-0.2239333540201187,-0.007955077104270458,-0.1299888063826651,0.03451676365161585,-0.13670304417610168,0.15417498350143433,0.00819746917148806,0.03319325478321584,0.0,0.0,0.0,0.0,0.0,0.9918025308285119,0.0,0.0,0.0,0.0,6022.0450066514
269,72.86412989218478,18.93817822493713,27.258031940000023,28.55346152000004,27.715880466250017,0.3146444057256396,-0.242888405919075,-0.029495717957615852,-0.14516223835495284,0.031228558897555454,-0.1982618123292923,0.14597700536251068,-0.0003113759238764925,0.035486635227253795,0.0,0.0,0.0,0.0,0.0,1.0003113759238764,0.0,0.0,0.0,0.0,6404.572639449996
270,72.86888025456884,18.93817822493713,27.401588779999997,28.00316029999999,27.650356548125018,0.10372790066714892,-0.24733474850654602,-0.04669603705406189,-0.1538789914688974,0.02545643651840998,-0.1156199648976326,0.119344063103199,0.006876194072219561,0.028641465620582236,0.0,0.0,0.0,0.0,0.0,0.9931238059277805,0.0,0.0,0.0,0.0,6520.923733622801
271,72.8736306169529,18.93817822493713,27.363990560000047,28.047594559999993,27.59224392500002,0.09813680981991284,-0.2523474097251892,-0.0525345616042614,-0.14941401643573113,0.02633303287164081,-0.073712557554245,0.13294441998004913,0.017511769420695756,0.02527751791328977,0.0,0.0,0.0,0.0,0.0,0.9824882305793042,0.0,0.0,0.0,0.0,6104.7973507716915
272,72.87838097933695,18.93817822493713,27.394752740000058,28.09886486000005,27.67620532437502,0.08896226725493447,-0.2358870953321457,-0.03239556774497032,-0.1294129108932783,0.03125305106746926,-0.1042710542678833,0.15756136178970337,0.008113380288178066,0.03310115495943096,0.0,0.0,0.0,0.0,0.0,0.9918866197118219,0.0,0.0,0.0,0.0,5702.194846033643
273,72.88313134172101,18.93817822493713,27.534891560000005,28.15013515999999,27.775387245000015,0.1330786864437599,-0.28316637873649597,-0.04436860233545303,-0.14211844966096698,0.031001647503314075,-0.11219081282615662,0.1387651115655899,0.02270594758807488,0.03349727215262909,0.0,0.0,0.0,0.0,0.0,0.9772940524119251,0.0,0.0,0.0,0.0,5316.189654645124
274,72.88788170410507,18.93817822493713,27.664776319999987,28.4304128,28.194318095000018,0.16279458487011697,-0.22048066556453705,-0.0743061751127243,-0.12908023474351416,0.01977913161442186,-0.10172969847917557,0.14947128295898438,0.0328531891444944,0.02547675573212832,0.0,0.0,0.0,0.0,0.0,0.9671468108555056,0.0,0.0,0.0,0.0,4950.6655956607165
275,72.89263206648913,18.93817822493713,27.206761640000025,30.90164126000002,28.654696626250015,0.5821765407955413,-0.24233190715312958,0.19138240814208984,-0.12686194077977594,0.05929856982816791,-0.17881976068019867,0.2170673906803131,0.02937793083910672,0.039771400884611,0.0,0.0,0.0,0.0,0.0,0.9706220691608933,0.0,0.0,0.0,0.0,4610.496529642021
276,72.89738242887319,18.93817822493713,27.37766264000004,31.199009000000046,28.372256195000016,0.48150722038361954,-0.2332056164741516,0.15381956100463867,-0.1280437762920673,0.0403495357765196,-0.14432163536548615,0.34216177463531494,0.021813331017127405,0.03858502802534889,0.0,0.0,0.0,0.0,0.0,0.9781866689828725,0.0,0.0,0.0,0.0,4301.701718332315
277,72.90213279125724,18.93817822493713,28.074938719999977,28.77221480000003,28.41240885437502,0.11729227468360985,-0.18138176202774048,-0.004716981202363968,-0.1263408848024764,0.024683322239016803,-0.13111458718776703,0.16258695721626282,0.0628161563513414,0.0278502646798692,0.0,0.0,0.0,0.0,0.0,0.9371838436486586,0.0,0.0,0.0,0.0,4031.497006205621
278,72.9068831536413,18.93817822493713,28.13304506000003,28.54320746000002,28.358135918750023,0.07942093562547486,-0.18918919563293457,-0.06849942356348038,-0.13192366690005897,0.019160658896872056,-0.04416481778025627,0.128001868724823,0.05549673404333726,0.03124099389998153,0.0,0.0,0.0,0.0,0.0,0.9445032659566628,0.0,0.0,0.0,0.0,3808.105770913697
279,72.91163351602536,18.93817822493713,27.96556208000004,28.56029755999998,28.27583535875002,0.14595334446105096,-0.19488535821437836,-0.04434678331017494,-0.12165695478331368,0.018830877185055342,-0.03710170090198517,0.12955744564533234,0.05139537883254717,0.026719809289147446,0.0,0.0,0.0,0.0,0.0,0.9486046211674528,0.0,0.0,0.0,0.0,3640.1568685658513
280,72.91638387840942,18.93817822493713,27.945053959999996,28.37572448000003,28.180007230625012,0.09758487604309227,-0.23386062681674957,-0.01983002759516239,-0.12980424988944575,0.03012166971530298,-0.051094889640808105,0.12640449404716492,0.04697352859209169,0.030953310345769633,0.0,0.0,0.0,0.0,0.0,0.9530264714079083,0.0,0.0,0.0,0.0,3535.5601404795407
281,72.92113424079348,18.93817822493713,28.006578320000017,28.614985880000006,28.291437056250018,0.12123613776508192,-0.20842187106609344,-0.04955820366740227,-0.14098240114607902,0.022045842290018634,-0.06637930870056152,0.08231014013290405,0.03189488824808372,0.024581413513119994,0.0,0.0,0.0,0.0,0.0,0.9681051117519163,0.0,0.0,0.0,0.0,3500.0000000011282
282,72.92588460317754,18.93817822493713,28.24925774000002,28.93286174000002,28.53613266125002,0.12631885963130096,-0.19068297743797302,-0.025599349290132523,-0.11432092054834905,0.028197324783031837,-0.06350915133953094,0.11394163966178894,0.0432033322892099,0.02399031817864202,0.0,0.0,0.0,0.0,0.0,0.9567966677107901,0.0,0.0,0.0,0.0,3535.5601404795407
283,72.9306349655616,18.93817822493713,28.57396964000003,31.42459832000003,28.958876670000013,0.32680533791363564,-0.16570328176021576,-0.021364009007811546,-0.10464512087264151,0.026496766595816682,-0.0560000017285347,0.1494857668876648,0.04170202579138414,0.026840124486005097,0.0,0.0,0.0,0.0,0.0,0.9582979742086158,0.0,0.0,0.0,0.0,3640.1568685658513
284,72.93538532794565,18.93817822493713,28.878173420000053,41.996534180000026,32.781112441250016,3.3736875447997456,-0.338007390499115,0.16225875914096832,-0.07067262502817007,0.08255876873275168,-0.21129359304904938,0.32071390748023987,0.030465574998121994,0.05593016777772495,0.0,0.0,0.0,0.0,0.0,0.969534425001878,0.0,0.0,0.0,0.0,3808.105770913697
285,72.94013569032971,18.93817822493713,34.23762878000002,43.24752950000004,41.08121690750002,2.1893435483188295,-0.3234984278678894,0.6185830235481262,0.025185788712411557,0.07865530949368447,-0.2184724658727646,0.2850402295589447,0.0517144084426592,0.0476751919401806,5.0,0.011802413703669518,587.6416074424058,0.0,0.0,0.9482855915573408,0.025185788712411557,0.03711560793152426,0.0,0.022269364758914556,4031.151883388931
286,72.94488605271377,18.93817822493713,38.82802964000001,44.26609946000002,41.41418902250002,1.0002589571085716,-0.014864864759147167,0.6792598366737366,0.1437617924528302,0.10979857686502849,-0.1977764070034027,0.3292245864868164,0.08882546478847288,0.060645209533113385,0.0,0.0,0.0,0.0,0.0,0.9111745352115271,0.1437617924528302,0.0,0.0,0.0,4000.000000001289
287,72.94963641509783,18.93817822493713,0.0,45.07275218000001,25.43597849279413,21.293538612457258,-0.020477816462516785,0.6200080513954163,0.07749714977336379,0.11655018802139416,-0.19552017748355865,0.2465307116508484,0.03400684284714033,0.05025973290919025,0.0,0.0,0.0,0.0,0.0,0.9659931571528597,0.07749714977336379,0.0,0.0,0.0,4031.151883388931
288,72.80237518119202,18.942669780812086,28.368888439999978,29.302007900000035,28.657543580000016,0.1950597843600185,-0.15342871844768524,-0.029383886605501175,-0.08812487908129422,0.017303257375877436,-0.029177719727158546,0.11713147163391113,0.042722450112396816,0.019539666203859104,0.0,0.0,0.0,0.0,0.0,0.9572775498876032,0.0,0.0,0.0,0.0,3808.089864877034
289,72.80712554357608,18.942669780812086,28.41332269999998,28.81664906000003,28.593908090000017,0.08244948063862508,-0.13499650359153748,-0.02521779015660286,-0.07742739119619693,0.017449508311682117,-0.018216228112578392,0.09855001419782639,0.02732753537735849,0.016921870853691404,0.0,0.0,0.0,0.0,0.0,0.9726724646226415,0.0,0.0,0.0,0.0,3640.1494730597756
290,72.81187590596014,18.942669780812086,28.389396560000023,29.172123140000053,28.731186732941193,0.1836796168327527,-0.1519017219543457,-0.02629016526043415,-0.08991267366229364,0.0169302748670853,-0.05899035558104515,0.0776699036359787,0.018127493228552477,0.012888693491682384,0.0,0.0,0.0,0.0,0.0,0.9818725067714476,0.0,0.0,0.0,0.0,3535.558236906905
291,72.8166262683442,18.942669780812086,28.69018232000002,29.366950280000026,29.073815970000023,0.14045824284379033,-0.15955473482608795,-0.04080652818083763,-0.09890340951772837,0.017636448288686345,-0.004147226456552744,0.08305477350950241,0.03260308779202975,0.011149603638529636,0.0,0.0,0.0,0.0,0.0,0.9673969122079702,0.0,0.0,0.0,0.0,3500.0000000011282
292,72.82137663072825,18.942669780812086,28.775632820000055,40.74553886000001,30.79665245882355,2.9035338139968148,-0.2044280469417572,0.4785737693309784,-0.08782139616192512,0.09212755802232452,-0.20436181128025055,0.2179822325706482,0.046768781554024176,0.03676997727622776,4.0,0.01226519154046417,763.3541169407628,1834.2557586666564,0.007367975659975315,0.9532312184459758,0.0,0.03857092725697113,0.17676100674424705,0.0938469590518815,3535.558236906905
293,72.82612699311231,18.942669780812086,33.51300853999999,42.76558868000001,39.399643220000016,1.9160317723142661,-0.02181730978190899,0.7098200917243958,0.17556509341833726,0.14441331115801306,-0.32824957370758057,0.38610804080963135,0.05892075448665979,0.11354866574163441,166.0,0.2626297103898369,393.86507763083506,7534.709155865937,0.03026598303050624,0.9410792455133402,0.17556509341833726,0.8259040571479274,0.7260943680417239,0.7859801815054459,3640.1494730597756
294,72.83087735549637,18.942669780812086,37.60437848000004,42.259721720000016,39.93628353000002,1.1991353725401253,0.0069225928746163845,0.7371463179588318,0.26809478183962265,0.16602677519901549,-0.3174521028995514,0.39778760075569153,0.03987621379348467,0.10407106353418409,48.0,0.15184437173181192,787.5337420900945,4033.510999817841,0.016202108528476707,0.9601237862065153,0.26809478183962265,0.47751216906202143,0.3886957757516111,0.44198561173785733,3808.089864877034
295,72.83562771788043,18.942669780812086,37.365117080000005,41.71283851999999,39.75659568235296,1.0257509000606029,-0.05160503834486008,0.6932632327079773,0.16493947155070754,0.15491239009490324,-0.28949815034866333,0.32980599999427795,0.09548374391951651,0.1001311545550533,41.0,0.38049244939902255,2310.329347778614,1579.1956393033622,0.006343431104277575,0.9045162560804835,0.16493947155070754,1.0,0.15218172805536,0.660872691222144,4031.4702956670467
296,72.84037808026449,18.942669780812086,30.546167179999998,46.22120690000003,40.23658898000002,3.66015572633213,-0.26990553736686707,0.6772286891937256,0.05971923828125,0.17188804007140832,-0.30392542481422424,0.35248297452926636,0.05891107523216391,0.08033177503370473,6.0,0.057436239848244156,2383.1230032898457,1043.9271631033628,0.0041933246725221135,0.9410889247678361,0.05971923828125,0.18062245679505567,0.10059972032032774,0.1486133622051645,4301.662604600347
297,72.84512844264854,18.942669780812086,28.355216359999986,41.606879900000024,34.976837040000014,3.9819760992469817,-0.27549368143081665,0.44770240783691406,-0.06635272331957547,0.1067574383040098,-0.2080613076686859,0.3400440514087677,0.04115621602760171,0.08634474807539766,3.0,0.0869706847801979,7217.110314295609,0.0,0.0,0.9588437839723983,0.0,0.2735008210087055,0.0,0.16410049260522327,4610.443978175319
298,72.8498788050326,18.942669780812086,27.948471980000022,30.077898440000013,28.859735035294136,0.46677190949201547,-0.28455284237861633,-0.009102731011807919,-0.1489778684220224,0.04980448769134374,-0.33003953099250793,0.19948849081993103,-0.05343055005343455,0.06837647271606517,0.0,0.0,0.0,0.0,0.0,1.0534305500534344,0.0,0.0,0.0,0.0,4950.598982049931
299,72.85462916741666,18.942669780812086,27.27854006000001,33.608713100000045,29.52842380000002,1.737792494491754,-0.21036069095134735,0.05734645575284958,-0.08228701664851262,0.047819836592945544,-0.31298744678497314,0.18518517911434174,-0.023037543663611777,0.052481398759341887,0.0,0.0,0.0,0.0,0.0,1.0230375436636119,0.0,0.0,0.0,0.0,5316.108631260209
300,72.85937952980072,18.942669780812086,28.057848620000016,29.03540234000002,28.33547699882355,0.1562739908164811,-0.21953727304935455,-0.010119595564901829,-0.11993833146005306,0.03240126585651398,-0.16159746050834656,0.13831727206707,-0.0030000146829857015,0.041257844024262746,0.0,0.0,0.0,0.0,0.0,1.0030000146829856,0.0,0.0,0.0,0.0,5702.099242450057
301,72.86412989218478,18.942669780812086,27.333228380000037,28.95678787999998,27.975358170000025,0.3975272687997686,-0.24211058020591736,-0.03787548840045929,-0.15265595058225237,0.027339105304387053,-0.15525352954864502,0.10453850030899048,-0.01596407908313679,0.03789976201233934,0.0,0.0,0.0,0.0,0.0,1.0159640790831368,0.0,0.0,0.0,0.0,6104.68710543337
302,72.86888025456884,18.942669780812086,27.473367199999984,28.464593000000036,27.795945630000016,0.20884481730169488,-0.24070632457733154,-0.04221748560667038,-0.16262386681898586,0.026220705018072492,-0.1425260752439499,0.11527146399021149,-0.011960486645968455,0.042197092937685005,0.0,0.0,0.0,0.0,0.0,1.0119604866459684,0.0,0.0,0.0,0.0,6520.798849285579
303,72.8736306169529,18.942669780812086,27.521219480000013,28.642330040000047,27.964793321176487,0.2811965083319486,-0.23755869269371033,-0.08606839925050735,-0.16871874539357312,0.025006702533873642,-0.1783197820186615,0.1321321278810501,-0.002489598112286262,0.035773348138019176,0.0,0.0,0.0,0.0,0.0,1.0024895981122863,0.0,0.0,0.0,0.0,6404.467554390987
304,72.87838097933695,18.942669780812086,27.37766264000004,28.42699478000003,27.741134440000025,0.15915063665285104,-0.24097098410129547,-0.056910570710897446,-0.15280614313089622,0.02345445622772934,-0.18163897097110748,0.13288947939872742,-0.0028251511195920547,0.04519477834522805,0.0,0.0,0.0,0.0,0.0,1.002825151119592,0.0,0.0,0.0,0.0,6021.95448095981
305,72.88313134172101,18.942669780812086,27.469949180000015,27.845931380000025,27.63363436000002,0.07756038122234879,-0.23787528276443481,-0.08407871425151825,-0.14211872604658018,0.01817364328359597,-0.14235085248947144,0.14434117078781128,0.027638506619435437,0.03505396980806859,0.0,0.0,0.0,0.0,0.0,0.9723614933805645,0.0,0.0,0.0,0.0,5657.827408057064
306,72.88788170410507,18.942669780812086,27.500711360000025,28.532953399999997,27.99961218235296,0.3124292929591963,-0.21371769905090332,-0.08776595443487167,-0.14323466750810732,0.020057127704155808,-0.13909558951854706,0.11564245820045471,0.006814960983564269,0.03969942835370016,0.0,0.0,0.0,0.0,0.0,0.9931850390164357,0.0,0.0,0.0,0.0,5315.865901344411
307,72.89263206648913,18.942669780812086,27.93479990000003,28.673092220000058,28.414640760000015,0.1815872761680094,-0.21786834299564362,-0.03375355899333954,-0.132611083984375,0.024146753258282784,-0.0749027207493782,0.11754068732261658,0.029849113608306308,0.026717609208060492,0.0,0.0,0.0,0.0,0.0,0.9701508863916937,0.0,0.0,0.0,0.0,5000.619329232678
308,72.89738242887319,18.942669780812086,27.777570980000007,29.60621168,28.634252158823546,0.4571722799432572,-0.3004191815853119,0.09639440476894379,-0.12311086801382212,0.0536399046395474,-0.15979136526584625,0.1559475213289261,0.007845770762516902,0.046908502928574736,0.0,0.0,0.0,0.0,0.0,0.9921542292374831,0.0,0.0,0.0,0.0,4717.446466449773
309,72.90213279125724,18.942669780812086,27.98607020000003,29.45923682,28.41916461000002,0.35923518024422607,-0.24486571550369263,0.15217390656471252,-0.12212784677181604,0.047731384066189965,-0.2607099115848541,0.17210683226585388,-0.009562164882443986,0.05325119985766532,0.0,0.0,0.0,0.0,0.0,1.009562164882444,0.0,0.0,0.0,0.0,4472.443710640545
310,72.9068831536413,18.942669780812086,26.78976320000004,28.47826508000003,28.208040440000023,0.27553293014781394,-0.1991475224494934,-0.06642066687345505,-0.12889696804982312,0.02203105483758795,-0.09231512993574142,0.20489296317100525,0.0295130747669148,0.04906085889549824,0.0,0.0,0.0,0.0,0.0,0.9704869252330852,0.0,0.0,0.0,0.0,4272.183097548794
311,72.91163351602536,18.942669780812086,28.071520700000008,28.56029755999998,28.35411644352943,0.10346780317971283,-0.22089552879333496,-0.03668941929936409,-0.14243744472287737,0.02520093899933553,-0.06800787150859833,0.16811594367027283,0.04739233340857164,0.03924656614683971,0.0,0.0,0.0,0.0,0.0,0.9526076665914284,0.0,0.0,0.0,0.0,4123.18907961056
312,72.91638387840942,18.942669780812086,28.023668420000035,28.40990468000001,28.239863770000014,0.07983218067278254,-0.23333996534347534,0.02745722234249115,-0.12730526330336084,0.03783052848446238,-0.07768093794584274,0.13110657036304474,0.03916143165444428,0.043623246742395046,0.0,0.0,0.0,0.0,0.0,0.9608385683455557,0.0,0.0,0.0,0.0,4031.1502138425303
313,72.92113424079348,18.942669780812086,28.071520700000008,28.471429040000032,28.266783470000018,0.07088942883929836,-0.2046925574541092,-0.05576208233833313,-0.1410285805756191,0.023205432033866994,-0.04973716288805008,0.11064425855875015,0.05192591253316627,0.024167464976933287,0.0,0.0,0.0,0.0,0.0,0.9480740874668337,0.0,0.0,0.0,0.0,4000.000000001289
314,72.92588460317754,18.942669780812086,28.174061300000005,28.761960740000006,28.424723984705903,0.12436571832465748,-0.18347248435020447,-0.031759656965732574,-0.10803075250589622,0.029713551301651785,-0.04535820335149765,0.1034320667386055,0.03897215933169959,0.019527659112822417,0.0,0.0,0.0,0.0,0.0,0.9610278406683004,0.0,0.0,0.0,0.0,4031.1502138425303
315,72.9306349655616,18.942669780812086,28.385978539999996,29.13452491999999,28.63805193000002,0.12574491303648333,-0.18506494164466858,-0.037632133811712265,-0.09783617703419811,0.018120737813928183,-0.08041440695524216,0.10970760136842728,0.035703447449882075,0.024058321769043822,0.0,0.0,0.0,0.0,0.0,0.9642965525501179,0.0,0.0,0.0,0.0,4123.18907961056
316,72.93538532794565,18.942669780812086,28.77221480000003,34.459800080000036,29.71250145764708,0.8682713488148563,-0.17071229219436646,0.15995599329471588,-0.07638746995192308,0.03505904959378839,-0.15404461324214935,0.25554484128952026,0.029497469388521633,0.0340463221385608,0.0,0.0,0.0,0.0,0.0,0.9705025306114784,0.0,0.0,0.0,0.0,4272.183097548794
317,72.94013569032971,18.942669780812086,29.613047720000054,40.97796421999999,33.46583763000001,2.975108759605065,-0.3300573229789734,0.4843192398548126,-0.05008215562352594,0.11368240984328302,-0.24895259737968445,0.32549595832824707,0.025598495771300116,0.07882969381886847,0.0,0.0,0.0,0.0,0.0,0.9744015042286999,0.0,0.0,0.0,0.0,4472.443710640545
318,72.94488605271377,18.942669780812086,32.29277539999998,44.37205807999999,40.135399950000014,2.8195996427542243,-0.2777777910232544,0.7077877521514893,0.07777894793816333,0.1368006161843482,-0.33956649899482727,0.23152996599674225,0.0447591817603921,0.07727266011815749,0.0,0.0,0.0,0.0,0.0,0.9552408182396079,0.07777894793816333,0.0,0.0,0.0,4500.000000001451
319,72.94963641509783,18.942669780812086,0.0,45.32568565999998,26.171546154117657,21.899780499660796,-0.01849912665784359,0.27699872851371765,0.018820181792637086,0.024038765038049796,-0.0452338345348835,0.19446580111980438,0.04222789260576356,0.043791928311017796,0.0,0.0,0.0,0.0,0.0,0.9577721073942365,0.018820181792637086,0.0,0.0,0.0,4527.711568393621
320,72.80237518119202,18.947161336687042,28.700436380000042,33.94367906000002,29.811840210000014,1.1497289747279753,-0.3214285671710968,0.7111801505088806,-0.0860848020157724,0.14136956820200633,-0.2999882102012634,0.2397163063287735,0.038951983181935435,0.0534190291075726,3.0,0.009057727202743487,751.6396655287689,142.61482391909757,0.0005728658865715669,0.9610480168180646,0.0,0.028484262630380914,0.013743306915344106,0.02258788034436619,3354.3147215305466
321,72.80712554357608,18.947161336687042,28.550043500000015,29.57203148000002,29.05429081000002,0.24452272920958268,-0.16886793076992035,-0.05141843855381012,-0.10354517522847877,0.018258187149011028,-0.04076738655567169,0.10614524781703949,0.030506157065337557,0.015014082979059843,0.0,0.0,0.0,0.0,0.0,0.9694938429346625,0.0,0.0,0.0,0.0,3162.377955560502
322,72.81187590596014,18.947161336687042,28.710690440000008,29.500253059999977,29.06002627647061,0.17096567645342456,-0.16689655184745789,-0.04703875258564949,-0.09978859955409788,0.014554113561046616,-0.022716287523508072,0.1156095340847969,0.03349904186320755,0.016166808803352174,0.0,0.0,0.0,0.0,0.0,0.9665009581367925,0.0,0.0,0.0,0.0,3041.4073359972854
323,72.8166262683442,18.947161336687042,28.895263520000015,34.64779118000001,29.617929010000015,0.6839691312803278,-0.16769012808799744,0.04049844294786453,-0.11750304002028245,0.018515804681729038,-0.013944223523139954,0.15415507555007935,0.038310860853928784,0.01864034653716245,0.0,0.0,0.0,6.385611491267031,2.5650201625052927e-05,0.9616891391460712,0.0,0.0,0.0006153597231688557,0.0002461438892675423,3000.000000000967
324,72.82137663072825,18.947161336687042,29.059328479999976,41.671822280000015,36.684812829411776,4.195882827022579,-0.1784675121307373,0.7184723019599915,0.11928953926518278,0.2034225087079163,-0.2896874248981476,0.27766332030296326,0.04267270358103626,0.08401938825520575,14.0,0.030456778802196327,541.5862655061285,4374.600465175724,0.017572222192700777,0.9573272964189637,0.11928953926518278,0.09577887110735796,0.4215654107529715,0.22609348696560339,3041.4073359972854
325,72.82612699311231,18.947161336687042,38.05897514000003,42.70748234000001,41.11154625000002,0.9580897636359574,-0.05500868707895279,0.6430931687355042,0.14614770277491157,0.122552369051719,-0.2251148521900177,0.3969246745109558,0.11876750442216981,0.10053842215993454,183.0,0.2085710876722118,283.7361848896081,7873.05222601381,0.03162506476913083,0.8812324955778302,0.14614770277491157,0.6559033525054742,0.7586993422508554,0.6970217484036267,3162.377955560502
326,72.83087735549637,18.947161336687042,38.66738270000002,44.52928700000001,42.14694940000002,1.1657768771834234,-0.029702970758080482,0.6196454763412476,0.11859637566332547,0.09520534735606485,-0.2098245620727539,0.5064119100570679,0.13745439637382076,0.09110870679415485,103.0,0.2136828176629151,516.4687939781951,5946.701371586212,0.023887154643493565,0.8625456036261793,0.11859637566332547,0.6719784512903753,0.5730634434606132,0.6324124481584705,3354.3147215305466
327,72.83562771788043,18.947161336687042,37.96327058000003,43.30221782000001,41.47510281058825,1.2021851611570737,-0.014143530279397964,0.6978177428245544,0.12171642375442217,0.10914690583822559,-0.2638840973377228,0.37233516573905945,0.11116966391509434,0.09295623829079618,91.0,0.2067225396545758,565.533255525977,7267.100951785573,0.02919103439002488,0.8888303360849057,0.12171642375442217,0.6500901362271935,0.7003058729843881,0.6701764309300713,3605.9031233856917
328,72.84037808026449,18.947161336687042,37.888074140000015,45.02148188000001,41.240034760000015,1.4828968498934518,-0.24892845749855042,0.6841088533401489,0.1750314618956368,0.16403287940494243,-0.32455363869667053,0.33059829473495483,0.027882753768057194,0.08853548660409057,12.0,0.03034871024217625,629.6086729336909,2260.624685177459,0.009080646239232472,0.9721172462319428,0.1750314618956368,0.09543902280139809,0.21784873419905817,0.14440290736046213,3905.6324182279923
329,72.84512844264854,18.947161336687042,29.322516020000023,45.82471658000003,38.53539798000002,4.030047537334874,-0.24990461766719818,0.5829081535339355,0.010911741436652418,0.13179114026774844,-0.24301990866661072,0.35384616255760193,0.062139760143352006,0.09478876458860867,5.0,0.1635448738896503,8142.891360569674,0.0,0.0,0.937860239856648,0.010911741436652418,0.5143072909409692,0.0,0.3085843745645815,4243.313446387009
330,72.8498788050326,18.947161336687042,28.72436252,31.99882567999998,29.58211996117649,0.7373733803227485,-0.29131022095680237,0.2513698637485504,-0.1220900395231427,0.0867175910056638,-0.3430708944797516,0.23602251708507538,-0.055031484927771226,0.09431455827577638,4.0,0.002663580895088408,165.77445491679217,0.0,0.0,1.0550314849277713,0.0,0.008376288670957438,0.0,0.005025773202574462,4610.614990342261
331,72.85462916741666,18.947161336687042,28.163807239999983,32.42266016000002,28.970102520000015,0.8662442919820345,-0.2332056164741516,0.07346072047948837,-0.11113917424128605,0.04158225339926202,-0.2773219645023346,0.12869670987129211,-0.04178441561185397,0.0605748541542478,0.0,0.0,0.0,0.0,0.0,1.0417844156118539,0.0,0.0,0.0,0.0,5001.014831107117
332,72.85937952980072,18.947161336687042,28.163807239999983,28.857665300000008,28.387634328235315,0.11218610744921399,-0.24385246634483337,-0.02581755630671978,-0.15478289910082546,0.030551774516167703,-0.2234690636396408,0.0696864128112793,-0.04858215907834611,0.04962948800626138,0.0,0.0,0.0,0.0,0.0,1.0485821590783462,0.0,0.0,0.0,0.0,5409.514327519851
333,72.86412989218478,18.947161336687042,27.504129379999995,28.779050840000025,28.384638140000014,0.22229352986114617,-0.2610275149345398,-0.031292516738176346,-0.1582902555645637,0.02859948833460416,-0.2043929249048233,0.10638298094272614,-0.02971529114921138,0.04293060187938221,0.0,0.0,0.0,0.0,0.0,1.0297152911492113,0.0,0.0,0.0,0.0,5832.31157820262
334,72.86888025456884,18.947161336687042,27.634014139999977,28.666256180000005,28.192391270000016,0.28209644903695297,-0.26173800230026245,-0.02015775628387928,-0.15198657917526534,0.028051413836206976,-0.1506509631872177,0.11967435479164124,-0.004596885105348983,0.03274025258197702,0.0,0.0,0.0,0.0,0.0,1.004596885105349,0.0,0.0,0.0,0.0,6266.513272764589
335,72.8736306169529,18.947161336687042,27.73313672000006,28.727780540000026,28.328404417647075,0.14804789203218152,-0.24244694411754608,-0.10296846181154251,-0.1744961950913915,0.023332580250794557,-0.2088831663131714,0.16883885860443115,-0.05733027620135613,0.05470405737090253,0.0,0.0,0.0,0.0,0.0,1.0573302762013561,0.0,0.0,0.0,0.0,6184.773823762188
336,72.87838097933695,18.947161336687042,26.598354080000036,28.201405460000046,27.76220106000002,0.3636478657600632,-0.19152897596359253,-0.046947214752435684,-0.13695717865566037,0.027406466459791556,-0.2578149139881134,0.01642763987183571,-0.11532563983269457,0.06285328991968765,0.0,0.0,0.0,0.0,0.0,1.1153256398326945,0.0,0.0,0.0,0.0,6082.814671994571
337,72.88313134172101,18.947161336687042,26.55733784000006,28.498773200000016,27.75729743000002,0.47011944786477977,-0.18460534512996674,-0.036256324499845505,-0.12184492003242925,0.025046144554297795,-0.2669856548309326,0.07170002162456512,-0.01907737156130233,0.05432083664238849,0.0,0.0,0.0,0.0,0.0,1.0190773715613024,0.0,0.0,0.0,0.0,6020.810459022565
338,72.88788170410507,18.947161336687042,27.784407020000003,28.642330040000047,28.465444548235315,0.09509012811107982,-0.22080396115779877,-0.03549060598015785,-0.14173098006338444,0.03432104467054848,-0.11599564552307129,0.07231404632329941,-0.013503626697468308,0.03100997356931094,0.0,0.0,0.0,0.0,0.0,1.0135036266974684,0.0,0.0,0.0,0.0,5701.558610518357
339,72.89263206648913,18.947161336687042,27.801497120000022,28.62523994000003,28.346995240000023,0.20364639775350754,-0.20272982120513916,-0.07840000092983246,-0.13539834076503537,0.02179403618839431,-0.09347925335168839,0.07153428345918655,-0.015876997461858784,0.02544583380202178,0.0,0.0,0.0,0.0,0.0,1.0158769974618589,0.0,0.0,0.0,0.0,5408.854685078538
340,72.89738242887319,18.947161336687042,27.510965420000048,29.237065519999987,28.114535712941194,0.327713255083824,-0.21371610462665558,0.0341637022793293,-0.13036576491135818,0.028823065347052878,-0.19126009941101074,0.14064985513687134,-0.015651984581580528,0.04268451172173456,0.0,0.0,0.0,0.0,0.0,1.0156519845815806,0.0,0.0,0.0,0.0,5148.200130756446
341,72.90213279125724,18.947161336687042,27.784407020000003,30.06422636000002,28.596354320000017,0.5512684746938223,-0.20616570115089417,0.07355327159166336,-0.12609242565227005,0.04357533113167392,-0.19006355106830597,0.19147473573684692,-0.03475248228828862,0.0518737263311971,0.0,0.0,0.0,0.0,0.0,1.0347524822882885,0.0,0.0,0.0,0.0,4924.686521520933
342,72.9068831536413,18.947161336687042,26.735074880000013,28.379142500000057,28.084310350000024,0.3235881703616776,-0.20681264996528625,-0.053354889154434204,-0.1378626985369988,0.023575556054851683,-0.14369645714759827,0.10179350525140762,0.0005571171022811026,0.04821194313404369,0.0,0.0,0.0,0.0,0.0,0.9994428828977189,0.0,0.0,0.0,0.0,4743.566933340754
343,72.91163351602536,18.947161336687042,28.06468466000001,28.53978944000005,28.259488145882372,0.09251687716738644,-0.2236894816160202,-0.02449888549745083,-0.1396094440964033,0.02421190836489587,-0.1371900886297226,0.07774022221565247,0.006472089515542084,0.028554500641137966,0.0,0.0,0.0,0.0,0.0,0.9935279104844579,0.0,0.0,0.0,0.0,4609.841031296229
344,72.91638387840942,18.947161336687042,28.068102680000038,28.42699478000003,28.22563319000002,0.07367373741820446,-0.20474550127983093,0.03996802493929863,-0.13178747788915093,0.03202138893394736,-0.08512863516807556,0.10009016841650009,0.013665788758475825,0.030933065244273382,0.0,0.0,0.0,0.0,0.0,0.9863342112415242,0.0,0.0,0.0,0.0,4527.71008164893
345,72.92113424079348,18.947161336687042,28.153553180000017,28.567133600000034,28.391530030000016,0.08170505309673781,-0.22765599191188812,0.018195603042840958,-0.13354914827166864,0.03672600625308918,-0.12936508655548096,0.11213923990726471,0.0235674357864092,0.03719380323757247,0.0,0.0,0.0,0.0,0.0,0.9764325642135908,0.0,0.0,0.0,0.0,4500.000000001451
346,72.92588460317754,18.947161336687042,28.194569419999993,28.758542720000037,28.47859623764708,0.10234907651429077,-0.19838055968284607,0.010770505294203758,-0.11979985075176887,0.026320961802953277,-0.06961506605148315,0.10855427384376526,0.03463131022903154,0.02651508573584016,0.0,0.0,0.0,0.0,0.0,0.9653686897709685,0.0,0.0,0.0,0.0,4527.71008164893
347,72.9306349655616,18.947161336687042,28.485101120000024,28.84057519999999,28.656147330000024,0.07730354798524562,-0.16334661841392517,-0.05153782293200493,-0.10992310721919221,0.02105590281471407,-0.0703633725643158,0.16171617805957794,0.04248952613686616,0.03405199434023138,0.0,0.0,0.0,0.0,0.0,0.9575104738631338,0.0,0.0,0.0,0.0,4609.841031296229
348,72.93538532794565,18.947161336687042,28.676510240000027,30.177021019999984,28.853029092941192,0.155901811290378,-0.15748339891433716,-0.05420712009072304,-0.10144819993239183,0.015062358479805618,-0.043979812413454056,0.0789872333407402,0.033789408757136416,0.017465051019611395,0.0,0.0,0.0,0.0,0.0,0.9662105912428636,0.0,0.0,0.0,0.0,4743.566933340754
349,72.94013569032971,18.947161336687042,28.83715718000002,33.50959052000002,30.92621526000002,1.4465411092727858,-0.29614242911338806,0.08464189618825912,-0.0998111364976415,0.06990007490740584,-0.25917160511016846,0.2451171875,0.009351755538076725,0.06451639684679618,0.0,0.0,0.0,0.0,0.0,0.9906482444619232,0.0,0.0,0.0,0.0,4924.686521520933
350,72.94488605271377,18.947161336687042,29.71558832000005,44.173812920000046,35.82274114000002,4.544414625237829,-0.28356412053108215,0.3765987753868103,-0.0525410317474941,0.1148533042420477,-0.2927400469779968,0.351362943649292,-0.005587562704985997,0.10566828724480794,0.0,0.0,0.0,0.0,0.0,1.005587562704986,0.0,0.0,0.0,0.0,5000.000000001612
351,72.94963641509783,18.947161336687042,0.0,45.568365080000035,25.674644104705894,21.49202365284189,-0.009239517152309418,0.6853170394897461,0.04361881472029776,0.0777317598393118,-0.24156881868839264,0.23960524797439575,0.046290326388377066,0.0560335718667599,0.0,0.0,0.0,0.0,0.0,0.953709673611623,0.04361881472029776,0.0,0.0,0.0,5024.953590180552
352,72.80237518119202,18.951652892562,29.85572714,37.79578760000004,35.10344410312502,1.7540834895152353,-0.24728064239025116,0.7164948582649231,0.21465147774174528,0.20043910031979964,-0.34650272130966187,0.32959267497062683,-0.007036209826199513,0.09733932185961679,110.0,0.2097715376130696,474.75066870232644,2552.3102299406482,0.010252310541785378,1.0070362098261996,0.21465147774174528,0.6596784641449218,0.2459574809217966,0.4941900708556717,2915.6999260492653
353,72.80712554357608,18.951652892562,29.124270860000024,36.62682475999998,30.489983476250018,1.630262109881673,-0.3030567765235901,0.5990139842033386,-0.09522000294811321,0.14262575834885524,-0.18809719383716583,0.25219085812568665,0.01809452992565227,0.048987770174391536,16.0,0.01740222604687803,270.76749786158234,740.3939551424916,0.0029740697907080253,0.9819054700743477,0.0,0.05472560234783735,0.07134925447554531,0.06137506319892053,2692.690192087437
354,72.81187590596014,18.951652892562,29.37720434000005,38.94424232000006,30.47541919250002,1.6783846775103197,-0.20815449953079224,0.5475285053253174,-0.10167478165536556,0.05042245529892543,-0.11151570081710815,0.18105262517929077,0.04191061343786851,0.02726894855448276,0.0,0.0,0.0,368.83220806594574,0.001481552787175251,0.9580893865621315,0.0,0.0,0.03554310902904366,0.014217243611617464,2549.538216549027
355,72.8166262683442,18.951652892562,29.531015239999988,41.41888879999999,35.16413769437502,3.784739442144082,-0.17081080377101898,0.6477011442184448,0.05552039513221154,0.16459393080817505,-0.24261873960494995,0.3461965024471283,0.05204392653245192,0.07187697162255204,24.0,0.07881171023247736,817.5065084338567,4007.6354711801064,0.016098169770595742,0.9479560734675481,0.05552039513221154,0.24784290831053182,0.3862022388113917,0.30318664051087574,2500.000000000806
356,72.82137663072825,18.951652892562,36.73620140000003,41.059996700000056,39.30067143500002,0.7593256283903413,-0.08864398300647736,0.707260251045227,0.1797266891767394,0.13761176657673574,-0.3869278132915497,0.42347419261932373,0.08730229791605247,0.11182352018635237,100.0,0.15143824911131437,377.00515492169075,8573.259219212732,0.034437708566735364,0.9126977020839475,0.1797266891767394,0.476235016071712,0.8261759154944763,0.6162113758408178,2549.538216549027
357,72.82612699311231,18.951652892562,38.84511974000003,43.291963760000044,41.36045015250002,0.6643464599376265,-0.06711979955434799,0.5280135869979858,0.10381573371167453,0.07159449766950904,-0.24744027853012085,0.4446483254432678,0.1437625525132665,0.08835979681271335,148.0,0.1914853969088984,322.0962381844928,7011.708518040605,0.028165154969075082,0.8562374474867335,0.10381573371167453,0.6021731736172996,0.6756945702855544,0.6315817322846016,2692.690192087437
358,72.83087735549637,18.951652892562,40.80022717999998,44.173812920000046,41.95878167437502,0.6947994585665896,-0.012119825929403305,0.5650136470794678,0.09877569234596109,0.06466038173615055,-0.1323789656162262,0.4028128385543823,0.1370473955262382,0.07862883157073979,178.0,0.2016139476427738,281.9760871179589,9490.382801989288,0.03812167913799257,0.8629526044737618,0.09877569234596109,0.6340249055927846,0.9145560048219951,0.7462373452844688,2915.6999260492653
359,72.83562771788043,18.951652892562,40.53362162000002,42.36568034000004,41.32123647125002,0.34021374808108507,-0.03148823231458664,0.47884875535964966,0.09184804088664504,0.05454040474920138,-0.1849563717842102,0.4243268370628357,0.13932992611291273,0.08816663833108296,181.0,0.18754512845052645,257.9520131022911,14186.873878333787,0.05698689560210843,0.8606700738870873,0.09184804088664504,0.5897820252541123,1.0,0.7538692151524673,3201.9247152679004
360,72.84037808026449,18.951652892562,40.33879448000005,44.994137720000026,42.93516045000002,1.1156184562775369,-0.0021691974252462387,0.5406070351600647,0.12391660294442806,0.08950584371409905,-0.189253032207489,0.3279876410961151,0.0960872319059552,0.07425453758816539,47.0,0.18331699584821712,970.9940804831662,5464.051503786528,0.021948410571716252,0.9039127680940449,0.12391660294442806,0.5764856169185006,0.5265521125656972,0.5565122151773793,3536.046937047511
361,72.84512844264854,18.951652892562,30.218037260000017,45.14794862000002,39.16388570937502,3.84976652957346,-0.257485032081604,0.5151619911193848,0.09831713406544812,0.13413680689649973,-0.20639148354530334,0.31466665863990784,0.10076123507517688,0.08594397241203623,1.0,0.010629791136651485,2646.2839327419947,0.0,0.0,0.8992387649248231,0.09831713406544812,0.03342800634918292,0.0,0.020056803809509752,3905.7936754317516
362,72.8498788050326,18.951652892562,28.604731819999984,31.205845039999986,29.056903193750017,0.39352890295340837,-0.2713717818260193,-0.007323026657104492,-0.13174620430424527,0.040864883992793796,-0.23534362018108368,0.11793020367622375,-0.0442212605026533,0.05407664010045994,0.0,0.0,0.0,0.0,0.0,1.0442212605026533,0.0,0.0,0.0,0.0,4301.989163673263
363,72.85462916741666,18.951652892562,28.269765860000007,28.895263520000015,28.552523938125017,0.08143325795354331,-0.21576763689517975,-0.005029013380408287,-0.12226510854867788,0.03343613250218416,-0.14171257615089417,0.08386032283306122,-0.02097918437077449,0.03335249876455275,0.0,0.0,0.0,0.0,0.0,1.0209791843707745,0.0,0.0,0.0,0.0,4717.9749394164455
364,72.85937952980072,18.951652892562,27.91770980000001,28.86791936000003,28.306773466250018,0.15039443344843573,-0.20811288058757782,-0.021739130839705467,-0.12776696547022406,0.024357613526789414,-0.12065070122480392,0.08276037871837616,-0.013342693976636203,0.023143992808173575,0.0,0.0,0.0,0.0,0.0,1.0133426939766361,0.0,0.0,0.0,0.0,5148.95664468453
365,72.86412989218478,18.951652892562,27.859603460000017,28.80981301999998,28.349697681875018,0.17203352772839647,-0.23323537409305573,-0.03118671476840973,-0.14605691010097288,0.02052635412550784,-0.12373113632202148,0.1913214921951294,-0.005613306513372458,0.024998813333717368,0.0,0.0,0.0,0.0,0.0,1.0056133065133726,0.0,0.0,0.0,0.0,5591.467764728708
366,72.86888025456884,18.951652892562,27.685284440000032,29.65406396000003,28.340974610000018,0.3692062649621327,-0.22889114916324615,-0.077493816614151,-0.155587158203125,0.02226815846425205,-0.2225913554430008,0.0792616754770279,-0.01927846944557046,0.04347691027914095,0.0,0.0,0.0,0.0,0.0,1.0192784694455705,0.0,0.0,0.0,0.0,5852.548323786733
367,72.8736306169529,18.951652892562,28.037340500000028,28.55687954000001,28.39420943375002,0.10289721787912247,-0.21463897824287415,-0.08995215594768524,-0.1581317829635908,0.016461320184085693,-0.22822631895542145,0.059090908616781235,-0.03913707229326356,0.06270435937236286,0.0,0.0,0.0,0.0,0.0,1.0391370722932636,0.0,0.0,0.0,0.0,5700.99167327748
368,72.87838097933695,18.951652892562,27.57590779999998,28.29369200000002,28.107587931875017,0.11475302214157489,-0.20381613075733185,-0.051029544323682785,-0.13337132867777124,0.021359624915109666,-0.2171565741300583,0.038239914923906326,-0.10181082095739977,0.055374545728461164,0.0,0.0,0.0,0.0,0.0,1.1018108209573998,0.0,0.0,0.0,0.0,5590.2218623753515
369,72.88313134172101,18.951652892562,27.82542325999998,28.57396964000003,28.17987668125002,0.2293351898469095,-0.19049504399299622,-0.059790048748254776,-0.11970163021447523,0.021015545786026824,-0.21190893650054932,0.018101761117577553,-0.11943853414283609,0.0608096766820602,0.0,0.0,0.0,0.0,0.0,1.1194385341428361,0.0,0.0,0.0,0.0,5522.693646913565
370,72.88788170410507,18.951652892562,27.774152960000038,28.52269934000003,28.36961728250002,0.1557312704959534,-0.20104438066482544,-0.05605786666274071,-0.12073914725825471,0.02393465328235314,-0.17254580557346344,0.0491381511092186,-0.010994975971725753,0.0254463741970174,0.0,0.0,0.0,0.0,0.0,1.0109949759717258,0.0,0.0,0.0,0.0,5500.000000001773
371,72.89263206648913,18.951652892562,27.811751179999987,28.529535380000027,28.224512699375016,0.17672152177108172,-0.19269602000713348,-0.06942752748727798,-0.12811030549823113,0.021649935993226784,-0.22764456272125244,0.03273280709981918,-0.04827387107993072,0.04356244325335162,0.0,0.0,0.0,0.0,0.0,1.0482738710799306,0.0,0.0,0.0,0.0,5522.693646913565
372,72.89738242887319,18.951652892562,27.927963859999977,28.758542720000037,28.210528557500012,0.135093242543367,-0.215100958943367,-0.08460237085819244,-0.13667888934795674,0.019412219697842122,-0.21739129722118378,0.04513435810804367,-0.0489247806255634,0.03775454685859417,0.0,0.0,0.0,0.0,0.0,1.0489247806255635,0.0,0.0,0.0,0.0,5590.2218623753515
373,72.90213279125724,18.951652892562,28.023668420000035,29.616465740000024,28.67869397500002,0.4535717425177194,-0.2243313193321228,0.022961730137467384,-0.11186912680571934,0.037141443449641195,-0.24183624982833862,0.09905140101909637,-0.04745311809035967,0.04468970171250558,0.0,0.0,0.0,0.0,0.0,1.0474531180903597,0.0,0.0,0.0,0.0,5385.380384174874
374,72.9068831536413,18.951652892562,28.047594559999993,30.542749160000028,28.32791967250002,0.43978496071976847,-0.21576164662837982,0.036152154207229614,-0.11480984669811321,0.031014536489470224,-0.18028266727924347,0.10399257391691208,-0.05615628800302182,0.036981032768685536,0.0,0.0,0.0,0.0,0.0,1.0561562880030217,0.0,0.0,0.0,0.0,5220.278350698914
375,72.91163351602536,18.951652892562,28.061266639999985,28.81664906000003,28.200601220000017,0.08411685179374898,-0.1905471533536911,0.022380106151103973,-0.11999866413620283,0.033931769362892834,-0.19891689717769623,0.06625357270240784,-0.03272570628040242,0.04665092570062159,0.0,0.0,0.0,0.0,0.0,1.0327257062804025,0.0,0.0,0.0,0.0,5099.076433098054
376,72.91638387840942,18.951652892562,28.14329912000005,28.495355180000047,28.31461550437502,0.07236287594699398,-0.21227197349071503,-0.011604641564190388,-0.13144522037146225,0.030503950774724665,-0.13247470557689667,0.10390268266201019,0.02304609334693765,0.03616990012439373,0.0,0.0,0.0,0.0,0.0,0.9769539066530624,0.0,0.0,0.0,0.0,5024.952250286174
377,72.92113424079348,18.951652892562,28.22874962000003,28.56029755999998,28.39530688625002,0.0739224684031553,-0.20946887135505676,-0.015698587521910667,-0.13672121443838445,0.026072774461601583,-0.0797385647892952,0.09026632457971573,0.03352703166457842,0.021700918712926016,0.0,0.0,0.0,0.0,0.0,0.9664729683354216,0.0,0.0,0.0,0.0,5000.000000001612
378,72.92588460317754,18.951652892562,28.29369200000002,28.584223700000052,28.395579155000018,0.06028031041862088,-0.21152444183826447,-0.045621782541275024,-0.144267048385908,0.02866295470995764,-0.09335575997829437,0.09501364082098007,0.019764646134286558,0.024845084405519104,0.0,0.0,0.0,0.0,0.0,0.9802353538657135,0.0,0.0,0.0,0.0,5024.952250286174
379,72.9306349655616,18.951652892562,28.317618140000036,30.306905780000022,28.625394225625016,0.2165462104029859,-0.19310344755649567,0.07206477969884872,-0.12736573417231722,0.02453187573046223,-0.1331958770751953,0.042112451046705246,-0.019216891594652858,0.028485533681229035,0.0,0.0,0.0,0.0,0.0,1.019216891594653,0.0,0.0,0.0,0.0,5099.076433098054
380,72.93538532794565,18.951652892562,28.621821920000002,36.60289862000002,29.736272367500018,1.7358962141480179,-0.16575191915035248,0.3343311548233032,-0.06830909729003906,0.08547152193877479,-0.1518518477678299,0.19725343585014343,0.0038394788595346304,0.05975111380149845,0.0,0.0,0.0,0.0,0.0,0.9961605211404654,0.0,0.0,0.0,0.0,5220.278350698914
381,72.94013569032971,18.951652892562,28.80297698000004,31.55790109999998,29.019522788750024,0.33465190541078416,-0.18308550119400024,0.07404709607362747,-0.1257672810104658,0.02568368320863853,-0.08926144242286682,0.17045454680919647,0.03367365711140183,0.03587825680596167,0.0,0.0,0.0,0.0,0.0,0.9663263428885982,0.0,0.0,0.0,0.0,5385.380384174874
382,72.94488605271377,18.951652892562,28.86450134000006,42.46480292000001,31.321879698125016,2.242997065396603,-0.24777182936668396,0.10524176806211472,-0.09735224885760613,0.06748055575953625,-0.32877883315086365,0.2463608831167221,-0.028019996499115567,0.08535727418126947,0.0,0.0,0.0,0.0,0.0,1.0280199964991155,0.0,0.0,0.0,0.0,5500.000000001773
383,72.94963641509783,18.951652892562,0.0,45.19921892000002,23.346814297794126,19.759063955265773,-0.23465926945209503,0.5750824809074402,0.012759111512382076,0.0725022067919222,-0.34852880239486694,0.2532532513141632,0.012289897990676592,0.08720917249925891,0.0,0.0,0.0,0.0,0.0,0.9877101020093234,0.012759111512382076,0.0,0.0,0.0,5522.693646913565
384,72.80237518119202,18.956144448436955,33.810376280000014,38.44862942000003,35.84221045000002,1.0899854112469198,0.01084010861814022,0.7603533864021301,0.35346260502653304,0.17686420031890954,-0.3402616083621979,0.4833734929561615,-0.04471379981850678,0.10289764346987262,63.0,0.16990706001307584,671.4019285656011,3182.8435637261664,0.012785083975470462,1.0447137998185068,0.35346260502653304,0.5343147581992156,0.3067198398998879,0.44327679087948446,2500.2369571789754
385,72.80712554357608,18.956144448436955,30.764920459999985,41.029234520000045,36.67471055000002,1.7285578180652703,-0.27313101291656494,0.8013132810592651,0.3088190964033019,0.23227835824454074,-0.3966168463230133,0.33830001950263977,-0.014849165430608786,0.11426598692426232,69.0,0.11891646941056613,429.04675798249616,6837.341041419721,0.027464742653309542,1.0148491654306089,0.3088190964033019,0.37396223908601084,0.6588913679156918,0.4879338906178833,2236.185724948902
386,72.81187590596014,18.956144448436955,30.758084420000046,45.68115974,39.86038995058825,2.814639045233552,-0.19812792539596558,0.6145214438438416,0.11318150934183373,0.12148501115196478,-0.20615383982658386,0.4138159453868866,0.08720244785524764,0.08513159178267492,76.0,0.16128792404339384,528.3235484795729,5882.7534804149855,0.023630283973506493,0.9127975521447523,0.11318150934183373,0.507209754138923,0.5669010020621388,0.5310862533082094,2061.584742162748
387,72.8166262683442,18.956144448436955,37.590706400000045,42.76217066000004,39.52856736000002,0.8314369750828291,-0.03412073478102684,0.6302162408828735,0.1344674095740685,0.09727254600123712,-0.22845417261123657,0.43793490529060364,0.10202103834885817,0.09692966726302028,143.0,0.23416122981489318,407.6530177094672,7456.639123131306,0.029952385486519045,0.8979789616511418,0.1344674095740685,0.7363778814049683,0.718571023754796,0.7292551383448993,2000.0000000006446
388,72.82137663072825,18.956144448436955,37.11560162000001,41.31634819999999,38.923887951764726,1.0310601538090918,-0.021403683349490166,0.6647127866744995,0.11857486364976415,0.08999295238399918,-0.26389190554618835,0.47479674220085144,0.13428116708431603,0.10770804998888316,136.0,0.20222044309335546,370.1671353142872,8204.774315018743,0.032957550855717346,0.865718832915684,0.11857486364976415,0.6359321804876684,0.7906662749617221,0.6978258182772898,2061.584742162748
389,72.82612699311231,18.956144448436955,38.67080071999999,43.89011726000001,41.53707857000002,1.1854002749767403,-0.0890052393078804,0.6748538017272949,0.11268953143425707,0.0863537290377329,-0.2320045828819275,0.4731323719024658,0.13334108748525944,0.09425173777868406,84.0,0.14233097481335963,421.82454474062484,10233.898987347207,0.04110829053644718,0.8666589125147406,0.11268953143425707,0.4475949403503669,0.9862061380346296,0.6630394194240721,2236.185724948902
390,72.83087735549637,18.956144448436955,40.147385360000044,44.467762640000046,42.86750376000002,0.8955399080225102,-0.02031063288450241,0.569114089012146,0.09653734890919811,0.06060913316826707,-0.19955407083034515,0.4304267168045044,0.14524520010318395,0.0784917471469334,53.0,0.10920296107922453,512.9443537893715,13060.840774552147,0.05246376164884747,0.854754799896816,0.09653734890919811,0.34341571056078396,1.0,0.6060494263364704,2500.2369571789754
391,72.83562771788043,18.956144448436955,39.06045500000005,43.40134039999998,42.16611054941178,0.791978596439358,-0.03988995775580406,0.6613934636116028,0.10297242362544222,0.07792276647474417,-0.2041216939687729,0.46791133284568787,0.15111616026680424,0.08980527248454917,143.0,0.20603699285174343,358.6913254691793,11560.072663196781,0.046435364102056405,0.8488838397331957,0.10297242362544222,0.6479342648104235,1.0,0.7887605588862541,2828.7994601691457
392,72.84037808026449,18.956144448436955,40.43108102000002,45.61621736000001,43.08588843000002,0.9160806054091523,0.010835913009941578,0.6246585845947266,0.1865321090986144,0.13109200137426705,-0.2802317142486572,0.2789115607738495,0.06189184224830484,0.08616983055131566,37.0,0.08533839778867394,574.1884727324891,10719.77783564671,0.04306000501849404,0.9381081577516952,0.1865321090986144,0.2683676909956223,1.0,0.5610206145973734,3202.0760809034905
393,72.84512844264854,18.956144448436955,33.119936240000015,46.09815818000004,41.93351304000002,2.573257646592471,-0.2441968470811844,0.5640850067138672,0.11794136479215801,0.0855497524896753,-0.20914852619171143,0.3004005253314972,0.10438220905807782,0.05950034999926117,2.0,0.022454820332077945,2795.061045578772,1017.4673542538728,0.004087038934205906,0.8956177909419222,0.11794136479215801,0.07061473428601324,0.09804987827763681,0.08158879188266266,3606.208447686655
394,72.8498788050326,18.956144448436955,28.300528040000017,37.56678026000003,30.744968211764725,2.2849858855372815,-0.30444204807281494,0.12543313205242157,-0.11547602815448113,0.07681360066154576,-0.319530725479126,0.32745492458343506,-0.03501899575287441,0.0797969304541965,2.0,0.01436879905600053,1788.5545250078426,804.979268492858,0.0032335009057578093,1.0350189957528744,0.0,0.04518624118755979,0.07757312208766172,0.058140993547600564,4031.928918851406
395,72.85462916741666,18.956144448436955,28.256093780000015,28.90209956000001,28.52648597000002,0.14609936123094222,-0.25868409872055054,0.014173228293657303,-0.1179791025015024,0.02929546793330482,-0.16797779500484467,0.15629741549491882,-0.03803764343261719,0.038668452141406545,0.0,0.0,0.0,0.0,0.0,1.0380376434326173,0.0,0.0,0.0,0.0,4473.077860199314
396,72.85937952980072,18.956144448436955,27.98265218000006,28.734616580000022,28.32706796000002,0.1290805199999981,-0.22554567456245422,-0.021897809579968452,-0.11149600622788915,0.027508726374754235,-0.21348313987255096,0.07303047925233841,-0.04402576950361144,0.038780120220989076,0.0,0.0,0.0,0.0,0.0,1.0440257695036115,0.0,0.0,0.0,0.0,4925.511504237058
397,72.86412989218478,18.956144448436955,27.743390780000027,28.731198560000053,28.200869300000015,0.2738279814934027,-0.2267942577600479,0.0,-0.1385203005232901,0.02680547586964342,-0.15064935386180878,0.08721241354942322,-0.01667146790702388,0.028487116172699906,0.0,0.0,0.0,0.0,0.0,1.016671467907024,0.0,0.0,0.0,0.0,5386.386999795808
398,72.86888025456884,18.956144448436955,27.945053959999996,28.789304900000047,28.454372450000015,0.11582881162167723,-0.2659391164779663,-0.016858916729688644,-0.16886124520931603,0.030271342855621844,-0.1901206225156784,0.13624678552150726,-0.021433528684220222,0.03869926733439532,0.0,0.0,0.0,0.0,0.0,1.0214335286842202,0.0,0.0,0.0,0.0,5385.360376601253
399,72.8736306169529,18.956144448436955,28.092028819999996,28.63891202000002,28.459365440000024,0.12647329266013502,-0.21858863532543182,-0.10766423493623734,-0.16277428968897406,0.0169883570031915,-0.14885954558849335,0.05112004652619362,-0.005749602407779334,0.032586981606852174,0.0,0.0,0.0,0.0,0.0,1.0057496024077794,0.0,0.0,0.0,0.0,5220.266740508297
400,72.87838097933695,18.956144448436955,28.085192780000057,28.587641720000022,28.340874080000017,0.1390409816105231,-0.2481716275215149,-0.05304518714547157,-0.15886184404481132,0.024833470179147065,-0.24185724556446075,0.035246726125478745,-0.07451376860996463,0.05093365029931503,0.0,0.0,0.0,0.0,0.0,1.0745137686099646,0.0,0.0,0.0,0.0,5099.071150364425
401,72.88313134172101,18.956144448436955,28.03392248,28.587641720000022,28.423710800000016,0.07533480278522386,-0.2567324936389923,-0.04152823984622955,-0.13461497180866747,0.023181707785400924,-0.2925945222377777,0.18727050721645355,-0.07677279490344929,0.07442188210961138,0.0,0.0,0.0,0.0,0.0,1.0767727949034493,0.0,0.0,0.0,0.0,5024.950910121589
402,72.88788170410507,18.956144448436955,27.955308020000018,28.587641720000022,28.471500002352965,0.059069181749095576,-0.22429344058036804,-0.052356019616127014,-0.12067841151975235,0.020834011453328288,-0.22281010448932648,0.08990318328142166,-0.043954948569243806,0.05144501910126388,0.0,0.0,0.0,0.0,0.0,1.0439549485692439,0.0,0.0,0.0,0.0,5000.000000001612
403,72.89263206648913,18.956144448436955,27.931381880000004,28.601313800000014,28.40608454000002,0.14187060752983346,-0.2565499246120453,-0.0846380740404129,-0.1600499221513856,0.022562267522580753,-0.17618615925312042,0.0827474296092987,-0.00821794905752506,0.04575029495645588,0.0,0.0,0.0,0.0,0.0,1.0082179490575252,0.0,0.0,0.0,0.0,5024.950910121589
404,72.89738242887319,18.956144448436955,28.201405460000046,32.39531599999998,28.510919589411785,0.45055538130648687,-0.21139296889305115,0.09714286029338837,-0.13656170184795674,0.025369158747944036,-0.15989476442337036,0.078242227435112,-0.02977811079758864,0.029598145597247088,0.0,0.0,0.0,0.0,0.0,1.0297781107975887,0.0,0.0,0.0,0.0,5099.071150364425
405,72.90213279125724,18.956144448436955,28.37572448000003,38.53407992000001,30.583910610000025,2.1723160983003593,-0.21641623973846436,0.6333078742027283,0.017585285114792158,0.1979531604234611,-0.3568170964717865,0.1926107108592987,-0.04593761516067217,0.0847496131142979,0.0,0.0,0.0,0.0,0.0,1.045937615160672,0.017585285114792158,0.0,0.0,0.0,5220.266740508297
406,72.9068831536413,18.956144448436955,28.204823480000016,33.16437050000002,29.96158523000002,1.183685220279704,-0.2830725610256195,0.6496930122375488,-0.08443646700877064,0.15345414146645997,-0.3543848693370819,0.21366721391677856,-0.018884038385355247,0.06355292324422729,2.0,0.0029950629705463977,372.8101010931134,0.0,0.0,1.0188840383853552,0.0,0.009418716013188416,0.0,0.0056512296079130496,5099.071150364425
407,72.91163351602536,18.956144448436955,28.21507754000004,30.655543820000048,28.461021228235317,0.2914714342565916,-0.30875036120414734,-0.03163796663284302,-0.14434999861807193,0.032537373784734196,-0.14544236660003662,0.09651411324739456,-0.01239912213019605,0.04602822054658625,0.0,0.0,0.0,0.0,0.0,1.012399122130196,0.0,0.0,0.0,0.0,5024.950910121589
408,72.91638387840942,18.956144448436955,27.992906240000025,28.57055162000006,28.39253533000002,0.09186046709977605,-0.21894410252571106,-0.03293297067284584,-0.14996469173791274,0.021718826432263597,-0.1349133998155594,0.07507795840501785,-0.003805262727557488,0.033682125653305285,0.0,0.0,0.0,0.0,0.0,1.0038052627275575,0.0,0.0,0.0,0.0,5000.000000001612
409,72.92113424079348,18.956144448436955,28.201405460000046,28.584223700000052,28.42577725000002,0.07697682376164916,-0.20906148850917816,-0.05797101557254791,-0.15658666070902122,0.020726449099014378,-0.1319890022277832,0.10023752599954605,0.025179604584316038,0.03563775335684653,0.0,0.0,0.0,0.0,0.0,0.974820395415684,0.0,0.0,0.0,0.0,5024.950910121589
410,72.92588460317754,18.956144448436955,28.34496230000002,34.93832287999999,28.930862967058843,1.0053958643157883,-0.21632330119609833,0.4810771346092224,-0.09388069584684552,0.09935593623587305,-0.10718172043561935,0.1560666561126709,0.0027803543378721995,0.03245390073298757,0.0,0.0,0.0,0.0,0.0,0.9972196456621278,0.0,0.0,0.0,0.0,5099.071150364425
411,72.9306349655616,18.956144448436955,28.587641720000022,38.54433398000003,33.36928415000001,3.046147869324902,-0.20040039718151093,0.7023723721504211,0.2246597693101415,0.2558313999592021,-0.24217280745506287,0.26033520698547363,0.012744307607974646,0.08900054860171848,0.0,0.0,0.0,0.0,0.0,0.9872556923920254,0.2246597693101415,0.0,0.0,0.0,5220.266740508297
412,72.93538532794565,18.956144448436955,29.13452491999999,42.55708946000004,35.94117467882354,3.615867810696785,-0.19370825588703156,0.5310273170471191,0.1216076894906851,0.15734935423859486,-0.1811697632074356,0.27105554938316345,0.07051670954777645,0.08641524091858867,37.0,0.014240413525230113,95.81479738322628,0.0,0.0,0.9294832904522236,0.1216076894906851,0.04478250114388771,0.0,0.026869500686332624,5385.360376601253
413,72.94013569032971,18.956144448436955,28.765378760000033,29.75318654,28.992833470000026,0.1675164706347913,-0.20129570364952087,-0.06666667014360428,-0.12641212319428066,0.022133995348205465,-0.1598096787929535,0.10920870304107666,0.005733767095601783,0.03912130503536376,0.0,0.0,0.0,0.0,0.0,0.9942662329043982,0.0,0.0,0.0,0.0,5590.464312372255
414,72.94488605271377,18.956144448436955,28.80981301999998,34.12483412000006,29.700888600000017,1.1798805728866144,-0.2678062617778778,0.08553100377321243,-0.10872378943101416,0.04829790362560352,-0.35223010182380676,0.21511216461658478,0.0014776582537956958,0.042947310291409135,0.0,0.0,0.0,0.0,0.0,0.9985223417462044,0.0,0.0,0.0,0.0,5831.358278152709
415,72.94963641509783,18.956144448436955,0.0,39.85001762000002,19.389177347058833,16.30727320854198,-0.2541636526584625,0.4494321346282959,-0.05175712729400059,0.08808075069277954,-0.39348557591438293,0.2947492003440857,-0.04513358062168337,0.10037456754046666,4.0,0.004038993287966336,251.3766005604939,0.0,0.0,1.0451335806216833,0.0,0.012701612998670585,0.0,0.00762096779920235,6020.808222252132
416,72.80237518119202,18.96063600431191,35.01351932,41.26849592000002,37.57520244000001,1.063761859725678,-0.009523809887468815,0.7195523381233215,0.25922768646816036,0.1624696611295955,-0.2751707434654236,0.38574713468551636,0.019587629786077535,0.10325838014874401,58.0,0.18557365751905922,796.5261579294815,2669.1425638336405,0.010721611394926715,0.9804123702139225,0.25922768646816036,0.5835822474817075,0.2572162167123916,0.45303583517398116,2121.571021889017
417,72.80712554357608,18.96063600431191,34.28889908000002,38.920316179999986,36.43874430000002,0.9040259861125585,0.005115089472383261,0.7569444179534912,0.3716242721845519,0.17318947295959777,-0.2596465051174164,0.4321223795413971,0.01910137824292453,0.09661900427494687,76.0,0.1240425984129408,406.320722055544,2124.231365094103,0.00853277135438659,0.9808986217570754,0.3716242721845519,0.3900826191231383,0.2047049725086767,0.31593156047735366,1802.906739551565
418,72.81187590596014,18.96063600431191,36.07994156000001,39.71329681999998,37.8237231129412,0.8326506436329549,-0.037328094244003296,0.7377643585205078,0.21670018609964622,0.15639615800904744,-0.3028312623500824,0.45729729533195496,0.04899683538472877,0.10275608106801838,142.0,0.21148485880044648,370.7683412147942,8366.28180283373,0.03360630620703738,0.9510031646152712,0.21670018609964622,0.6650664262218386,0.806230203823891,0.7215319372626596,1581.176200769921
419,72.8166262683442,18.96063600431191,37.92909038000005,43.616675660000055,40.32415061000002,1.4524241511166573,-0.01527403388172388,0.6792125105857849,0.13797027587890626,0.11178173999571746,-0.21161478757858276,0.42602890729904175,0.11967078575721155,0.08822599711369544,115.0,0.18837210480501543,407.78426030406354,7564.925597984314,0.030387358694182003,0.8803292142427884,0.13797027587890626,0.5923826568632475,0.7290062240922434,0.6470320837548458,1500.0000000004834
420,72.82137663072825,18.96063600431191,36.637078820000056,43.94138756000001,40.61492082235296,2.1497595333336923,-0.08704882860183716,0.5157612562179565,0.10792652058151533,0.08290424926575662,-0.22482118010520935,0.5111371874809265,0.12879251732016508,0.10191264376414169,108.0,0.18846768604336908,434.43504501055475,8720.558758790956,0.035029392369394834,0.8712074826798349,0.10792652058151533,0.5926832356988496,0.8403706725700857,0.6917582104473441,1581.176200769921
421,72.82612699311231,18.96063600431191,39.15274154000002,44.04734617999998,42.58001030000002,0.9299656946937768,-0.04017139971256256,0.6342260241508484,0.1215746379348467,0.08705551829069583,-0.2043321281671524,0.48629701137542725,0.1337333132186026,0.08260137140057053,77.0,0.11227182605065923,362.9875836791643,10840.028543764325,0.04354303705277776,0.8662666867813974,0.1215746379348467,0.3530665152126447,1.0,0.6118399091275868,1802.906739551565
422,72.83087735549637,18.96063600431191,38.643456560000004,44.307115700000054,41.93414973000002,1.494660948111597,-0.08670520037412643,0.6518904566764832,0.08964239156471109,0.08488147604593026,-0.29450830817222595,0.5042321681976318,0.13759931456367924,0.09572373798895582,109.0,0.20719399597198862,473.21922191803674,12649.872531915145,0.05081295368792639,0.8624006854363208,0.08964239156471109,0.6515727471806203,1.0,0.7909436483083723,2121.571021889017
423,72.83562771788043,18.96063600431191,38.51698982000005,42.76558868000001,40.7470408964706,1.0314139153300808,-0.007104795891791582,0.6701674461364746,0.18210525224793633,0.13732993054857914,-0.24727272987365723,0.38806602358818054,0.07979153615123821,0.10197989636877788,97.0,0.17480328458699476,448.6312930226641,9495.718716781063,0.03814311283944,0.9202084638487618,0.18210525224793633,0.5497121469192676,0.9150702088341885,0.695855371685236,2500.378140617428
424,72.84037808026449,18.96063600431191,38.71523497999999,45.53076686000003,41.80691226000002,1.674489243821277,-0.014769765548408031,0.6436007618904114,0.1545087245725236,0.1298640657510929,-0.2912575900554657,0.45896947383880615,0.07360789173054245,0.08955029510044588,43.0,0.29790312973518474,1724.7188860966783,2454.434491285123,0.009859155957584848,0.9263921082694575,0.1545087245725236,0.9368300453141555,0.23652552792459652,0.6567082383583318,2915.982586881346
425,72.84512844264854,18.96063600431191,37.477911740000025,46.29982136000001,42.65394453000002,1.4113776215464087,-0.21694479882717133,0.6260053515434265,0.1518501943912146,0.12382779845150402,-0.3292768597602844,0.353277325630188,0.06395655793963738,0.07967736986033576,29.0,0.09119726105362397,782.8805546204691,5827.713451527072,0.023409195070688886,0.9360434420603626,0.1518501943912146,0.28679233508335544,0.561596981141669,0.3967141935066809,3354.736115355795
426,72.8498788050326,18.96063600431191,28.96704194000006,46.23487898000002,32.9320870647059,4.8601362300753435,-0.27272728085517883,0.5774111747741699,-0.097755126953125,0.1387254298475277,-0.3252336382865906,0.2568710446357727,-0.04787413111272848,0.10143235917537266,5.0,0.03810740674369774,1897.3659385762505,121.01534616351901,0.00048610348955068194,1.0478741311127284,0.0,0.11983816221816226,0.011661838496784338,0.07656763272961109,3808.646835308999
427,72.85462916741666,18.96063600431191,28.567133600000034,29.45923682,29.06918042000002,0.250875394056436,-0.26163142919540405,-0.02090592309832573,-0.13697521503155047,0.03595471731989652,-0.26370757818222046,0.1366906464099884,-0.04489717923677885,0.044560608029464335,0.0,0.0,0.0,0.0,0.0,1.044897179236779,0.0,0.0,0.0,0.0,4272.887008136948
428,72.85937952980072,18.96063600431191,28.331290220000028,29.288335820000043,28.63162655176473,0.1542481429726943,-0.2126789391040802,-0.011638317257165909,-0.1347405314895342,0.0243954814694339,-0.22972051799297333,0.06943005323410034,-0.06216161188089623,0.04730378200963782,0.0,0.0,0.0,0.0,0.0,1.0621616118808963,0.0,0.0,0.0,0.0,4744.425403382509
429,72.86412989218478,18.96063600431191,28.334708240000055,28.83715718000002,28.468066870000012,0.08549224735040925,-0.20922288298606873,0.027027027681469917,-0.13232988465507076,0.024035200316630746,-0.2677966058254242,0.04714912176132202,-0.07870493762897995,0.06233516878038429,0.0,0.0,0.0,0.0,0.0,1.07870493762898,0.0,0.0,0.0,0.0,5000.000000001612
430,72.86888025456884,18.96063600431191,27.99974228000002,28.697018360000015,28.507027830000023,0.11813385715817239,-0.28697851300239563,-0.04571728780865669,-0.15798491855837263,0.024998493106245384,-0.3085501790046692,0.1193317398428917,-0.04609728543263562,0.05024885351653655,0.0,0.0,0.0,0.0,0.0,1.0460972854326356,0.0,0.0,0.0,0.0,4924.620883488299
431,72.8736306169529,18.96063600431191,28.037340500000028,28.65942014000001,28.357912929411782,0.18215726690836118,-0.2170318365097046,-0.08483290672302246,-0.16267541273584907,0.018596216205655162,-0.1973392516374588,0.10388247668743134,-0.02432113359559257,0.03959057571357494,0.0,0.0,0.0,0.0,0.0,1.0243211335955926,0.0,0.0,0.0,0.0,4743.528602309763
432,72.87838097933695,18.96063600431191,28.027086440000005,28.71752648000006,28.277718900000014,0.1626760160115137,-0.2202020138502121,-0.07923269271850586,-0.15797796285377358,0.022056848995049214,-0.20493246614933014,0.0465356782078743,-0.037378482458726416,0.04809391138450382,0.0,0.0,0.0,0.0,0.0,1.0373784824587264,0.0,0.0,0.0,0.0,4609.823501125836
433,72.88313134172101,18.96063600431191,28.11937297999998,28.621821920000002,28.45230600000002,0.101343589764873,-0.23064249753952026,-0.09029535949230194,-0.15917678545106131,0.02398981651953415,-0.18955731391906738,0.04628632962703705,-0.036989561836674525,0.036630134259253884,0.0,0.0,0.0,0.0,0.0,1.0369895618366745,0.0,0.0,0.0,0.0,4527.7056196149515
434,72.88788170410507,18.96063600431191,28.13304506000003,28.57396964000003,28.36137825764708,0.10825130108856817,-0.23274974524974823,-0.06037735939025879,-0.14383372180866746,0.02243445395369332,-0.2861357033252716,0.04921700060367584,-0.07179669650095814,0.059032498626144306,0.0,0.0,0.0,0.0,0.0,1.0717966965009582,0.0,0.0,0.0,0.0,4500.000000001451
435,72.89263206648913,18.96063600431191,28.14329912000005,28.63891202000002,28.395551230000017,0.12712088419659726,-0.24029484391212463,-0.0842490866780281,-0.17424591640256487,0.028852954908909136,-0.14235909283161163,0.07504956424236298,-0.038847469113907726,0.042267612089162306,0.0,0.0,0.0,0.0,0.0,1.0388474691139078,0.0,0.0,0.0,0.0,4527.7056196149515
436,72.89738242887319,18.96063600431191,28.15013515999999,36.80114378000002,29.495498582352955,2.0075702846699115,-0.22460897266864777,0.3546893000602722,-0.09438017038198618,0.09603448391198968,-0.16547144949436188,0.23645496368408203,-0.014736741872934195,0.07074736718910335,0.0,0.0,0.0,0.0,0.0,1.0147367418729343,0.0,0.0,0.0,0.0,4609.823501125836
437,72.90213279125724,18.96063600431191,29.472908899999993,40.56438380000003,35.353433590000016,2.487924507535118,-0.15342284739017487,0.7809150218963623,0.27702411003832544,0.1809913088999165,-0.41019418835639954,0.39695239067077637,0.03505253917766067,0.12803991963058686,24.0,0.08068318924281069,836.9191853930528,0.0,0.0,0.9649474608223393,0.27702411003832544,0.2537282367648303,0.0,0.15223694205889818,4743.528602309763
438,72.9068831536413,18.96063600431191,28.66283815999998,35.088715760000014,30.28583916000002,1.9582917516247242,-0.26134970784187317,0.7587276101112366,-0.06080440881117335,0.20489177936749434,-0.3391089141368866,0.29244178533554077,-0.007142574382278154,0.06678065450855097,5.0,0.009436082639885034,469.82209823210997,0.0,0.0,1.0071425743822782,0.0,0.029674094847441736,0.0,0.017804456908465043,4609.823501125836
439,72.91163351602536,18.96063600431191,28.25951180000004,30.679469960000006,28.5381691329412,0.2840235684500197,-0.2531493604183197,-0.04911267012357712,-0.15324360397626768,0.028237534092007615,-0.2194281816482544,0.131540909409523,0.0004961558108059866,0.029569040872688752,0.0,0.0,0.0,0.0,0.0,0.999503844189194,0.0,0.0,0.0,0.0,4527.7056196149515
440,72.91638387840942,18.96063600431191,28.085192780000057,28.502191219999986,28.310335300000016,0.09355426815068314,-0.20952962338924408,-0.07832573354244232,-0.1611531613907724,0.0178286169342782,-0.1367521435022354,0.06301229447126389,-0.03145897055571934,0.025777013625086515,0.0,0.0,0.0,0.0,0.0,1.0314589705557193,0.0,0.0,0.0,0.0,4500.000000001451
441,72.92113424079348,18.96063600431191,28.211659520000012,28.88842748000002,28.440689200000016,0.11832368926313451,-0.2032327950000763,-0.05016722530126572,-0.15898215239902713,0.01977313419542848,-0.12302284687757492,0.0360531322658062,-0.0317234946196934,0.020212337722702933,0.0,0.0,0.0,0.0,0.0,1.0317234946196934,0.0,0.0,0.0,0.0,4527.7056196149515
442,72.92588460317754,18.96063600431191,28.53978944000005,35.823590060000015,31.640418489411783,1.9739068257946122,-0.18662716448307037,0.6889045238494873,0.2801284502137382,0.2559550069251822,-0.25391700863838196,0.16653385758399963,-0.02184107078696197,0.05485543305503107,0.0,0.0,0.0,0.0,0.0,1.021841070786962,0.2801284502137382,0.0,0.0,0.0,4609.823501125836
443,72.9306349655616,18.96063600431191,34.22737472000006,38.78701339999998,36.697519690000014,1.0572744834559908,0.045611828565597534,0.6904157996177673,0.3682755840949292,0.11007258948313593,-0.23158173263072968,0.2071933150291443,0.05650687739534198,0.06476288449241421,3.0,0.012915190076755961,1071.744482058701,0.0,0.0,0.943493122604658,0.3682755840949292,0.04061500836061606,0.0,0.024369005016369634,4743.528602309763
444,72.93538532794565,18.96063600431191,30.52565906000001,40.000410500000044,36.60416411529413,1.906461430817035,-0.07533112913370132,0.661784291267395,0.32978060208834137,0.1170615247390747,-0.296756386756897,0.22614313662052155,0.06183942354642428,0.0880650564377607,0.0,0.0,0.0,0.0,0.0,0.9381605764535758,0.32978060208834137,0.0,0.0,0.0,4924.620883488299
445,72.94013569032971,18.96063600431191,26.817107360000023,36.42174355999998,29.940094150000018,2.2274634717735196,-0.19451017677783966,0.7045621275901794,-0.027481237447486734,0.16599837354824196,-0.31683167815208435,0.2189432829618454,-0.020113188545658904,0.07295203297482278,0.0,0.0,0.0,0.0,0.0,1.020113188545659,0.0,0.0,0.0,0.0,5148.102023756604
446,72.94488605271377,18.96063600431191,26.80343528000003,29.712170300000025,28.629763790000023,0.5504431151889901,-0.23620089888572693,0.012293344363570213,-0.12641938983269457,0.023034250637765902,-0.16548797488212585,0.10652920603752136,-0.0041614906742887675,0.03182403344358492,0.0,0.0,0.0,0.0,0.0,1.0041614906742888,0.0,0.0,0.0,0.0,5385.340364925149
447,72.94963641509783,18.96063600431191,0.0,33.58136894000006,18.112742023529425,15.199737586801847,-0.24159887433052063,0.137969508767128,-0.045452212927476414,0.06890495480766096,-0.3012462258338928,0.25736621022224426,-0.009852603696427256,0.05626130117832521,0.0,0.0,0.0,0.0,0.0,1.0098526036964273,0.0,0.0,0.0,0.0,5590.434191277981
448,72.80237518119202,18.96512756018687,34.00178540000002,43.87644518000002,38.89354169000002,1.9734049834982383,-0.19438536465168,0.6099773049354553,0.1002235268646816,0.11315832006466767,-0.3632088601589203,0.46332287788391113,0.06175215811099646,0.08130009824450313,59.0,0.13704359156062346,578.2537114602353,4416.746465356641,0.01774151739705333,0.9382478418890036,0.1002235268646816,0.4309674564543187,0.425626877855922,0.42883122501496,1803.0369756035377
449,72.80712554357608,18.96512756018687,35.22885458000002,39.69620672000002,37.103329978750025,1.1823233861824718,-0.023719165474176407,0.7256061434745789,0.21420318027712265,0.16291354432058874,-0.2818991243839264,0.42879077792167664,0.03729046803600383,0.10774796571512889,106.0,0.2489461951826693,584.670708350374,6286.946176835367,0.02525387541384629,0.9627095319639962,0.21420318027712265,0.7828728604532734,0.6058516814318865,0.7120643888447187,1414.3616283436234
450,72.81187590596014,18.96512756018687,35.71079540000005,41.27191393999999,38.84339816375002,1.371598572147152,-0.08625106513500214,0.6710013151168823,0.16035147037146227,0.13062214870181302,-0.22532981634140015,0.47203579545021057,0.08913063481168927,0.10249079489953421,160.0,0.28782759945586717,447.84132047378137,6385.790374627139,0.025650920177107087,0.9108693651883107,0.16035147037146227,0.9051450492668568,0.6153769615516019,0.7892378141807548,1118.0808127918078
451,72.8166262683442,18.96512756018687,37.75135334000004,42.23579558000006,40.23585036375002,1.0552834225929661,-0.028037382289767265,0.6886016726493835,0.17506314791165867,0.1368546498441085,-0.22428114712238312,0.4230397045612335,0.0804961395263672,0.09857507528940763,114.0,0.19741551148441688,431.11003369062206,5763.10625765569,0.023149676064326503,0.9195038604736328,0.17506314791165867,0.6208218850673591,0.5553710049779481,0.5946415330315947,1000.0000000003223
452,72.82137663072825,18.96512756018687,38.37001496000005,45.02489990000004,41.053487382500016,1.756672743279616,-0.08217446506023407,0.6299829483032227,0.16329870835790095,0.12385394568551107,-0.22757598757743835,0.5919055938720703,0.08017627644089033,0.10199647167996906,93.0,0.2232911266157823,597.7233545148391,8906.24417345842,0.035775267424832474,0.9198237235591097,0.16329870835790095,0.7021941543603919,0.8582645462456971,0.7646223111145141,1118.0808127918078
453,72.82612699311231,18.96512756018687,39.13906946000003,44.79931058,42.64610039750002,0.924302072105998,-0.02893436886370182,0.5959183573722839,0.11682724286925118,0.059757180628198056,-0.17040951550006866,0.4832767844200134,0.14576753436394457,0.07208872529708206,73.0,0.09847402184269836,335.8230674330006,14934.263194855463,0.05998906488337606,0.8542324656360554,0.11682724286925118,0.3096759084980717,1.0,0.5858055450988431,1414.3616283436234
454,72.83087735549637,18.96512756018687,38.45546546000003,43.25094752000001,41.15431268937502,0.9994871812227021,-0.0533253438770771,0.7003698945045471,0.17303106343971109,0.13739491197041367,-0.2454339861869812,0.484375,0.09777850456957547,0.11052145579496615,104.0,0.19151900120348492,458.4481637722628,9431.666250429142,0.037885822104049095,0.9022214954304245,0.17303106343971109,0.6022788506299857,0.9088976898802081,0.7249263863300746,1803.0369756035377
455,72.83562771788043,18.96512756018687,37.559944220000034,45.07617019999998,40.45715598875002,1.9716562621220741,-0.008006405085325241,0.6560056805610657,0.19404246204304246,0.1455737485072755,-0.2735166549682617,0.34246575832366943,0.04941941171322229,0.09259761333900951,62.0,0.2886372529179939,1158.9705533773138,737.383217854912,0.0029619760360892083,0.9505805882867777,0.19404246204304246,0.9076912047580301,0.07105911993379424,0.5730383708283358,2236.4425463045923
456,72.84037808026449,18.96512756018687,37.56678026000003,43.84568300000001,40.452787820625026,1.4636656812335513,-0.0016103059751912951,0.6128581166267395,0.19923233895931602,0.1367620489040095,-0.20940357446670532,0.39492300152778625,0.057004256338443395,0.08076054420547675,59.0,0.1003000654365961,423.2148649779032,5094.163985906923,0.02046261873718676,0.9429957436615566,0.19923233895931602,0.31541835405189156,0.49090730690890244,0.3856139351946959,2693.068435505172
457,72.84512844264854,18.96512756018687,39.067291039999986,43.568823380000026,40.92370315250002,0.8121631747854134,-0.007900677621364594,0.6972334384918213,0.2246111484743514,0.1434239391815751,-0.31820377707481384,0.30551955103874207,0.0316874838775059,0.09113704112309398,67.0,0.10884845275990986,404.44471627579424,10428.120924181689,0.04188845573231384,0.9683125161224941,0.2246111484743514,0.3423008715017145,1.0,0.6053805229010287,3162.873589249541
458,72.8498788050326,18.96512756018687,29.271245720000024,43.30221782000001,36.06238650875002,4.90285650070936,-0.29426130652427673,0.6038523316383362,-0.032634015353220816,0.17377333771025097,-0.3127453625202179,0.36920103430747986,0.0063527420331846995,0.10808608100760717,16.0,0.10819267381414777,1683.4087487828422,0.0,0.0,0.9936472579668153,0.0,0.34023861247133613,0.0,0.20414316748280167,3640.759603804591
459,72.85462916741666,18.96512756018687,28.611567860000036,32.81231444000002,29.240614089375022,0.7403614681866305,-0.27319586277008057,0.09631728380918503,-0.15638448861929086,0.051014399716251206,-0.22565320134162903,0.2386934608221054,-0.06361566983736479,0.05487227695577146,0.0,0.0,0.0,0.0,0.0,1.0636156698373649,0.0,0.0,0.0,0.0,4123.91816743295
460,72.85937952980072,18.96512756018687,28.37572448000003,28.85424727999998,28.63388552000002,0.08889552480534366,-0.2556785047054291,0.006499535869807005,-0.12763519862912737,0.03060651095432353,-0.19896641373634338,0.15407854318618774,-0.0598320151275059,0.039602205139924504,0.0,0.0,0.0,0.0,0.0,1.0598320151275058,0.0,0.0,0.0,0.0,4527.7041316704435
461,72.86412989218478,18.96512756018687,28.126209020000033,28.830321140000024,28.481410133125014,0.09927575754880523,-0.19731800258159637,0.06725794821977615,-0.12100479989681603,0.02640057778802181,-0.2911083996295929,0.027142096310853958,-0.10227041568396227,0.04384641940315886,0.0,0.0,0.0,0.0,0.0,1.1022704156839622,0.0,0.0,0.0,0.0,4500.000000001451
462,72.86888025456884,18.96512756018687,27.975816140000006,28.69018232000002,28.35849196250002,0.18006500728455307,-0.23917526006698608,-0.0052083334885537624,-0.1421661492113797,0.029577502606796747,-0.28328612446784973,0.14016489684581757,-0.09512202424823113,0.07595891150519872,0.0,0.0,0.0,0.0,0.0,1.0951220242482311,0.0,0.0,0.0,0.0,4472.323251167231
463,72.8736306169529,18.96512756018687,28.03050446000003,28.416740720000007,28.20830433125002,0.08752903878995183,-0.25399449467658997,0.0036900369450449944,-0.1471599650832842,0.03169170249534993,-0.3543758988380432,0.07409603148698807,-0.1020240639740566,0.074850388235745,0.0,0.0,0.0,0.0,0.0,1.1020240639740566,0.0,0.0,0.0,0.0,4272.112163251712
464,72.87838097933695,18.96512756018687,27.97239811999998,28.420158740000034,28.171509653125018,0.09228005549632937,-0.19631093740463257,-0.016170212998986244,-0.12664202996020046,0.01855542324568968,-0.2251148521900177,0.035356201231479645,-0.0641616533387382,0.04888981099514508,0.0,0.0,0.0,0.0,0.0,1.0641616533387381,0.0,0.0,0.0,0.0,4123.156414173551
465,72.88313134172101,18.96512756018687,28.163807239999983,28.594477760000018,28.44537850562502,0.10275395415183161,-0.194536030292511,-0.06197654828429222,-0.12549891058004128,0.022170576756194563,-0.17661097645759583,0.06148867309093475,-0.014455480035745873,0.030358210364298116,0.0,0.0,0.0,0.0,0.0,1.014455480035746,0.0,0.0,0.0,0.0,4031.141861054118
466,72.88788170410507,18.96512756018687,28.29369200000002,28.628657960000055,28.49005222250002,0.05945713717860418,-0.20484088361263275,-0.07094594836235046,-0.13564904554834906,0.01820361894939642,-0.20276497304439545,0.03358396142721176,-0.06272293954525354,0.05416724530667131,0.0,0.0,0.0,0.0,0.0,1.0627229395452535,0.0,0.0,0.0,0.0,4000.000000001289
467,72.89263206648913,18.96512756018687,28.19798744000002,28.66283815999998,28.46077146375002,0.09452059378044045,-0.24177396297454834,-0.09947182983160019,-0.16883814397847877,0.022886214560702327,-0.09993714839220047,0.08092650771141052,-0.008083399646687058,0.033822647417691976,0.0,0.0,0.0,0.0,0.0,1.0080833996466871,0.0,0.0,0.0,0.0,4031.141861054118
468,72.89738242887319,18.96512756018687,28.163807239999983,28.98413204000002,28.378979138750015,0.1374208920995866,-0.23215177655220032,0.07192575186491013,-0.1399402324969952,0.03092176363407583,-0.1431664377450943,0.07525717467069626,-0.033971672058105466,0.04686910126440641,0.0,0.0,0.0,0.0,0.0,1.0339716720581054,0.0,0.0,0.0,0.0,4123.156414173551
469,72.90213279125724,18.96512756018687,28.40648666000004,35.037445460000015,29.30312350375002,1.403832859971245,-0.2215619683265686,0.6668909788131714,-0.10043732265256486,0.13131332512603275,-0.23928315937519073,0.15947160124778748,-0.036024492371757075,0.04614269821220958,3.0,0.004160320456215924,345.23692381191154,0.0,0.0,1.036024492371757,0.0,0.013083156276279444,0.0,0.007849893765767666,4272.112163251712
470,72.9068831536413,18.96512756018687,28.29711001999999,29.137942940000016,28.55551470562502,0.13665477946201582,-0.2339632660150528,-0.028360050171613693,-0.14715136258107311,0.036136082741576286,-0.14259982109069824,0.1435631364583969,0.00876900295041642,0.03395768889958471,0.0,0.0,0.0,0.0,0.0,0.9912309970495836,0.0,0.0,0.0,0.0,4123.156414173551
471,72.91163351602536,18.96512756018687,28.321036160000006,28.69018232000002,28.48957470500002,0.06928284074485405,-0.21804136037826538,-0.03844629228115082,-0.12195695985038325,0.036096056497681474,-0.09024867415428162,0.13006193935871124,0.026861330428213443,0.03564628778429675,0.0,0.0,0.0,0.0,0.0,0.9731386695717865,0.0,0.0,0.0,0.0,4031.141861054118
472,72.91638387840942,18.96512756018687,28.095446840000022,28.649166079999986,28.40168006937502,0.08980470127789981,-0.19358383119106293,-0.05627009645104408,-0.13386907613502358,0.03132193698290214,-0.09828543663024902,0.0875420868396759,-0.010512115910368146,0.03352209489342371,0.0,0.0,0.0,0.0,0.0,1.010512115910368,0.0,0.0,0.0,0.0,4000.000000001289
473,72.92113424079348,18.96512756018687,28.17747932000003,28.515863299999978,28.341900323750014,0.056376062265953056,-0.22607605159282684,-0.07536118477582932,-0.1602790688568691,0.023341325701362846,-0.13415518403053284,0.06072477996349335,-0.04523462259544517,0.029609540560859376,0.0,0.0,0.0,0.0,0.0,1.0452346225954452,0.0,0.0,0.0,0.0,4031.141861054118
474,72.92588460317754,18.96512756018687,28.139881100000025,35.83726214000001,30.64664691500002,2.3284688325031544,-0.18734177947044373,0.7198290228843689,0.14092128537735849,0.2451751024379137,-0.2907036542892456,0.21732598543167114,-0.04008791365713443,0.0656303818406899,2.0,0.0005558324661918339,69.18717901747769,0.0,0.0,1.0400879136571344,0.14092128537735849,0.0017479526145041144,0.0,0.0010487715687024686,4123.156414173551
475,72.9306349655616,18.96512756018687,32.66875760000005,37.970106620000024,35.19967086062502,0.9810956151381214,0.00401606410741806,0.7198697328567505,0.3957873765477594,0.11079621326101947,-0.2974899709224701,0.246815487742424,0.02675338457215507,0.074400001321263,54.0,0.019771446580705194,91.14994156861347,0.0,0.0,0.973246615427845,0.3957873765477594,0.06217620208486449,0.0,0.037305721250918696,4272.112163251712
476,72.93538532794565,18.96512756018687,31.011017900000013,39.61417424000001,34.77300129500002,2.03049569913774,0.11757691204547882,0.6349117755889893,0.36031273475060094,0.09316164140899745,-0.20230987668037415,0.2581730782985687,0.06511466979980468,0.08866833063929892,0.0,0.0,0.0,0.0,0.0,0.9348853302001954,0.36031273475060094,0.0,0.0,0.0,4472.323251167231
477,72.94013569032971,18.96512756018687,26.912811920000024,40.07218892000003,35.33543034250002,3.5362310252932647,-0.1736111044883728,0.6404874920845032,0.20430795345666272,0.1618588784845254,-0.23041562736034393,0.2560846507549286,0.07510964447597288,0.08744745946984885,0.0,0.0,0.0,0.0,0.0,0.9248903555240271,0.20430795345666272,0.0,0.0,0.0,4717.268022735611
478,72.94488605271377,18.96512756018687,26.800017260000004,28.878173420000053,27.66334027687502,0.6281360983863464,-0.2250060886144638,0.08250539749860764,-0.11508858158903301,0.03907870779437483,-0.26011887192726135,0.14529915153980255,-0.05544651247420401,0.05360467107068024,0.0,0.0,0.0,0.0,0.0,1.055446512474204,0.0,0.0,0.0,0.0,4924.598995139988
479,72.94963641509783,18.96512756018687,0.0,31.209263060000012,16.826036377794132,14.090270224710906,-0.20260755717754364,0.027710257098078728,-0.06438335490676592,0.05792255502979784,-0.15024766325950623,0.20591862499713898,-0.005959330864672391,0.02642975760408428,0.0,0.0,0.0,0.0,0.0,1.0059593308646724,0.0,0.0,0.0,0.0,5148.06930784024
480,72.80237518119202,18.969619116061825,29.992447940000034,42.751916600000015,37.26993751000002,2.5795827595026712,-0.23149016499519348,0.7159532904624939,0.11899920769457548,0.19714052754238648,-0.34144487977027893,0.3603563606739044,0.028378353478773585,0.086134687247175,30.0,0.07246856029102361,601.3676852842065,4951.956197578426,0.019891387861605412,0.9716216465212264,0.11899920769457548,0.22789530503302,0.47720322463299886,0.32761847287301155,1581.3984461449268
481,72.80712554357608,18.969619116061825,35.52280430000002,38.71523497999999,37.26230840000002,0.6543373582944869,-0.0013593112817034125,0.7067466378211975,0.2748974379053656,0.16430392722468756,-0.27725857496261597,0.3541368544101715,0.002768053378698961,0.10110565193139531,97.0,0.2534561711903422,650.4933249644254,4556.082630006981,0.018301213319962293,0.997231946621301,0.2748974379053656,0.7970555950602906,0.43905423149682293,0.6538550496349035,1118.1971691511674
482,72.81187590596014,18.969619116061825,34.88021653999999,41.12493907999999,37.47496680235296,1.5162443235630358,-0.07101280242204666,0.7478705048561096,0.23584286095961085,0.16959393278894866,-0.36200210452079773,0.46082088351249695,0.021635448527785966,0.11059471644811389,104.0,0.24331094300201708,582.4250040154382,8658.353073159518,0.0347795199208669,0.978364551472214,0.23584286095961085,0.7651514167059383,0.8343761216109425,0.7928412986679401,707.1712856688555
483,72.8166262683442,18.969619116061825,37.019897060000005,41.27191393999999,38.96167869000002,0.9386158891309907,-0.019538188353180885,0.681674063205719,0.18408403836763823,0.1393810944102681,-0.24525582790374756,0.4969623386859894,0.07089543856107272,0.10179914244612892,91.0,0.18300370194736676,500.6453554050513,6828.665290340463,0.027429893247777108,0.9291045614389273,0.18408403836763823,0.5755003867881855,0.658055315207237,0.6085223581558061,500.00000000016115
484,72.82137663072825,18.969619116061825,37.231814299999996,42.328082119999976,39.27933837764708,0.9907880732440507,-0.08267716318368912,0.6514619588851929,0.16040973015551296,0.13031053985375587,-0.2818600535392761,0.4391072392463684,0.06139202765698703,0.09944554349224723,84.0,0.2987033429094536,885.2633925996003,4424.607357781757,0.01777309361742515,0.938607972343013,0.16040973015551296,0.9393465134861337,0.42638440539939926,0.73416167025144,707.1712856688555
485,72.82612699311231,18.969619116061825,38.33583476000001,45.520512800000006,41.94133204000003,1.7665123771364337,-0.07424593716859818,0.7328354120254517,0.13134321104805424,0.10557269130527192,-0.25771474838256836,0.49104273319244385,0.12290094339622641,0.09439120194461063,72.0,0.1604629137256716,554.8222717412852,7282.7570062742425,0.02925392280013821,0.8770990566037736,0.13134321104805424,0.5046153052184855,0.7018145938593175,0.5834950206748184,1118.1971691511674
486,72.83087735549637,18.969619116061825,38.54775200000006,43.801248740000005,40.87375929000002,1.0267674349773594,-0.0265619158744812,0.7282313704490662,0.2017265578935731,0.14374620037819721,-0.28847846388816833,0.4074999988079071,0.0603938149506191,0.09583614479255484,79.0,0.1780217680879934,560.9933685114977,5433.155117165784,0.02182430365613088,0.9396061850493809,0.2017265578935731,0.5598334640291741,0.5235747325694572,0.5453299714452874,1581.3984461449268
487,72.83562771788043,18.969619116061825,36.70885724000004,43.39450436000004,39.52188770000002,1.3433358330378207,-0.028099173679947853,0.6725934743881226,0.2017109421064269,0.15142388520467498,-0.2852768003940582,0.4409515857696533,0.03097091962706368,0.09696691232226715,70.0,0.15801423671877013,561.9658002385253,4513.783589830449,0.01813130337311412,0.9690290803729363,0.2017109421064269,0.49691483495697997,0.43497801644851686,0.4721401075535947,2061.906796242317
488,72.84037808026449,18.969619116061825,36.47984989999998,41.19671749999998,39.02581683000002,0.9811954551663288,-0.010498687624931335,0.6826615333557129,0.19675299878390332,0.1382869145238501,-0.3244180381298065,0.44477611780166626,0.058503314324145045,0.10321996566981645,93.0,0.167261829004772,447.73969763271987,7522.180748130936,0.03021565798569524,0.941496685675855,0.19675299878390332,0.5259961752840961,0.7248870478773043,0.6055525243213794,2549.9569960804597
489,72.84512844264854,18.969619116061825,38.43153932000001,44.177230940000015,40.62607571000002,1.0453432039149488,-0.03249630704522133,0.6089943647384644,0.19395662127800709,0.11940237009663679,-0.25447043776512146,0.38483548164367676,0.04788835057672464,0.08052116426282635,86.0,0.20389700338257383,590.2338335032754,7374.530840800499,0.029622566799655265,0.9521116494232753,0.19395662127800709,0.6412045388315252,0.7106585270496558,0.6689861341187775,3041.9211334086017
490,72.8498788050326,18.969619116061825,29.83180100000004,46.43312414000002,40.09896538117649,4.686962156573268,-0.3162790834903717,0.44436147809028625,0.01631400630159198,0.10497711573556011,-0.23692992329597473,0.3305012881755829,0.047072160828788324,0.09006115092529435,16.0,0.14459783896951475,2249.8498151040553,276.59261264444535,0.001111037884474,0.9529278391712117,0.01631400630159198,0.4547236551511131,0.026654292040818258,0.2834959099069952,3536.166022183464
491,72.85462916741666,18.969619116061825,28.80297698000004,33.171206540000014,29.54622878000002,0.8956310950019668,-0.311914324760437,0.013888888992369175,-0.18610142634465143,0.049289077729217146,-0.3210059106349945,0.22987551987171173,-0.0829421879695012,0.062413284667677704,0.0,0.0,0.0,0.0,0.0,1.0829421879695011,0.0,0.0,0.0,0.0,4031.8529915611425
492,72.85937952980072,18.969619116061825,28.53978944000005,29.168705120000027,28.805779992941197,0.14218121685529375,-0.2760595679283142,-0.024347826838493347,-0.1764271401459316,0.04192923299572529,-0.23193277418613434,0.1457541137933731,-0.09542001400353774,0.05052424819647481,0.0,0.0,0.0,0.0,0.0,1.0954200140035377,0.0,0.0,0.0,0.0,4031.140189485438
493,72.86412989218478,18.969619116061825,28.17747932000003,28.727780540000026,28.459186720000023,0.10371978669117995,-0.20016507804393768,-0.044025156646966934,-0.12074945413841391,0.02327227555171288,-0.24062877893447876,0.02662406861782074,-0.11190562122272996,0.03720261735917014,0.0,0.0,0.0,0.0,0.0,1.1119056212227298,0.0,0.0,0.0,0.0,4000.000000001289
494,72.86888025456884,18.969619116061825,27.99974228000002,28.536371420000023,28.326933920000016,0.10181401263763762,-0.2032085508108139,-0.05016181245446205,-0.12595475106869103,0.017764949565011907,-0.23059360682964325,-0.012466124258935452,-0.13183374944722878,0.03408482021971903,0.0,0.0,0.0,0.0,0.0,1.1318337494472288,0.0,0.0,0.0,0.0,4000.000000001289
495,72.8736306169529,18.969619116061825,28.05101258000002,28.420158740000034,28.218826717647076,0.08126687195677534,-0.20068611204624176,-0.0799347460269928,-0.12226306843307783,0.016538109342160563,-0.2016269564628601,0.02441505528986454,-0.12760384037809552,0.03149120083215926,0.0,0.0,0.0,0.0,0.0,1.1276038403780955,0.0,0.0,0.0,0.0,3807.9943599587073
496,72.87838097933695,18.969619116061825,28.05101258000002,28.49193716000002,28.23897017000002,0.0988701575854203,-0.16392020881175995,-0.0476190485060215,-0.11546212826135023,0.015511762251343056,-0.23434902727603912,0.028018338605761528,-0.11185390256485848,0.0429295022500222,0.0,0.0,0.0,0.0,0.0,1.1118539025648584,0.0,0.0,0.0,0.0,3640.1050684156658
497,72.88313134172101,18.969619116061825,28.092028819999996,28.567133600000034,28.32652063000002,0.09121527393525244,-0.17868930101394653,-0.04777594655752182,-0.11398974148732312,0.021362347347905337,-0.1866527646780014,0.04443225637078285,-0.047147579552992334,0.045128438041072465,0.0,0.0,0.0,0.0,0.0,1.0471475795529923,0.0,0.0,0.0,0.0,3535.546807395184
498,72.88788170410507,18.969619116061825,28.22874962000003,28.66283815999998,28.439791657647074,0.09282813081113632,-0.18969957530498505,-0.05882352963089943,-0.12422282668779482,0.017178802869110874,-0.16235552728176117,0.0035989717580378056,-0.04733490853939416,0.03374926198059944,0.0,0.0,0.0,0.0,0.0,1.0473349085393941,0.0,0.0,0.0,0.0,3500.0000000011282
499,72.89263206648913,18.969619116061825,28.26292982000001,28.601313800000014,28.40529147000002,0.07541332912432597,-0.21536175906658173,-0.10067114233970642,-0.1542937656618514,0.014531845616359328,-0.15466220676898956,0.05030609667301178,-0.04328361367279628,0.050745392941092475,0.0,0.0,0.0,0.0,0.0,1.0432836136727963,0.0,0.0,0.0,0.0,3535.546807395184
500,72.89738242887319,18.969619116061825,28.14671714000002,28.632075980000025,28.3742579247059,0.12846031576812558,-0.2081768810749054,-0.07753655314445496,-0.14309612567608174,0.018622842490920652,-0.14301930367946625,0.06624934822320938,-0.023250123537503754,0.031098841751394088,0.0,0.0,0.0,0.0,0.0,1.0232501235375038,0.0,0.0,0.0,0.0,3640.1050684156658
501,72.90213279125724,18.969619116061825,28.013414360000013,28.621821920000002,28.454886270000017,0.11337083876772695,-0.20869967341423035,-0.09894566237926483,-0.1453317778965212,0.015890599447821965,-0.2089030146598816,0.02672605775296688,-0.047853485683225234,0.04241396155194205,0.0,0.0,0.0,0.0,0.0,1.0478534856832253,0.0,0.0,0.0,0.0,3807.9943599587073
502,72.9068831536413,18.969619116061825,28.03050446000003,28.72436252,28.437963720000024,0.15134321335818696,-0.1975392997264862,-0.07837259024381638,-0.14774492371757075,0.016207134487539934,-0.1526627242565155,0.0705910474061966,-0.021357961690650795,0.02270655368614409,0.0,0.0,0.0,0.0,0.0,1.0213579616906507,0.0,0.0,0.0,0.0,3640.1050684156658
503,72.91163351602536,18.969619116061825,28.256093780000015,28.68676430000005,28.442003317647078,0.10854164400248345,-0.20189917087554932,-0.04885430261492729,-0.12677158571639152,0.02646824653351418,-0.10489897429943085,0.12235510349273682,0.022132669124963148,0.0382293621739787,0.0,0.0,0.0,0.0,0.0,0.9778673308750369,0.0,0.0,0.0,0.0,3535.546807395184
504,72.91638387840942,18.969619116061825,28.24583972000005,28.587641720000022,28.43126172000002,0.06283744432843837,-0.18446601927280426,-0.056244831532239914,-0.1264766362028302,0.02627014964922149,-0.05941962078213692,0.10763973742723465,0.029232955068912145,0.029796924357940492,0.0,0.0,0.0,0.0,0.0,0.9707670449310879,0.0,0.0,0.0,0.0,3500.0000000011282
505,72.92113424079348,18.969619116061825,27.58957988000003,28.54320746000002,28.331658830000023,0.12297724865922466,-0.23475541174411774,-0.08836826682090759,-0.16666237885097288,0.02588286616021915,-0.12938816845417023,0.09389050304889679,-0.009795996468022185,0.041467576907651474,0.0,0.0,0.0,0.0,0.0,1.009795996468022,0.0,0.0,0.0,0.0,3535.546807395184
506,72.92588460317754,18.969619116061825,28.00316029999999,31.199009000000046,28.335618923529427,0.29395951734675113,-0.2508776783943176,0.12948517501354218,-0.13599608223393278,0.04517968476036178,-0.1526084840297699,0.07792980223894119,-0.05694715967718161,0.035580653919210996,0.0,0.0,0.0,0.0,0.0,1.0569471596771816,0.0,0.0,0.0,0.0,3640.1050684156658
507,72.9306349655616,18.969619116061825,28.242421700000023,36.83190596000003,30.113977540000022,2.027248273902764,-0.3268428444862366,0.6844738125801086,-0.021375663325471698,0.22457977271101584,-0.36518970131874084,0.23174603283405304,-0.013114796764445755,0.06897768838279571,2.0,0.0004550153816417879,56.63798460900128,0.0,0.0,1.0131147967644458,0.0,0.0014309083660216672,0.0,0.0008585450196130003,3807.9943599587073
508,72.93538532794565,18.969619116061825,28.55346152000004,36.87634022000003,32.71041250117649,2.396464511439876,-0.232710063457489,0.6330505013465881,0.2625434288611779,0.19469096436166056,-0.256317675113678,0.20073530077934265,0.012868351569542517,0.07612455517024766,0.0,0.0,0.0,0.0,0.0,0.9871316484304575,0.2625434288611779,0.0,0.0,0.0,4031.309915697129
509,72.94013569032971,18.969619116061825,28.881591440000022,39.870525740000005,33.87606705000002,3.346538092882717,-0.20132304728031158,0.6500319838523865,0.20898617150648585,0.19059010632564438,-0.27268633246421814,0.23242467641830444,0.04291283949366156,0.0835201781999646,0.0,0.0,0.0,0.0,0.0,0.9570871605063385,0.20898617150648585,0.0,0.0,0.0,4272.097967682827
510,72.94488605271377,18.969619116061825,27.093966980000005,29.435310680000043,28.68388244000002,0.32996842857593817,-0.20000000298023224,0.03014116734266281,-0.05894841032208137,0.03935713969766698,-0.1526803821325302,0.1582089513540268,0.014240120941737914,0.03717351197930988,0.0,0.0,0.0,0.0,0.0,0.9857598790582621,0.0,0.0,0.0,0.0,4472.299144332857
511,72.94963641509783,18.969619116061825,0.0,28.792722920000017,16.747118849411773,14.012317891803598,-0.17473581433296204,0.02122347056865692,-0.0415066873802329,0.04577326026153601,-0.2732919156551361,0.10425391048192978,-0.03414846168374116,0.05581660656734469,0.0,0.0,0.0,0.0,0.0,1.034148461683741,0.0,0.0,0.0,0.0,4717.232311628274
512,72.80237518119202,18.97411067193678,29.291753840000013,44.48485274000001,35.51413638000002,5.444111996241872,-0.23177570104599,0.5306859016418457,-0.05528752165020637,0.12045341782040336,-0.16495081782341003,0.3272542953491211,0.04614046204764888,0.04854904780208825,3.0,0.004098928243965378,340.14239834772064,1509.5525552163306,0.006063683557614909,0.9538595379523511,0.0,0.012890093286186857,0.14547046023033955,0.06592224006384793,1500.2332255853762
513,72.80712554357608,18.97411067193678,36.26793266000004,43.702126160000034,38.84975529000002,1.4441663204519088,0.003544303821399808,0.6518218517303467,0.18941858831441627,0.14633588894508406,-0.2604895234107971,0.34925806522369385,0.022820987341538916,0.09443821102877606,108.0,0.23305630312985928,537.2158361243708,7715.31125106207,0.030991439028263575,0.9771790126584611,0.18941858831441627,0.7329031662607223,0.7434983794595179,0.7371412515402405,1000.1554837235841
514,72.81187590596014,18.97411067193678,35.413427660000025,40.77630104000002,38.34539102352944,0.9185566646183994,-0.04378040134906769,0.7491124272346497,0.2748548054245283,0.17910295154224354,-0.3066614866256714,0.36749520897865295,0.004667516024607532,0.10552806368253248,87.0,0.22494881602983746,643.6891189495466,4294.982931163269,0.01725240852988996,0.9953324839753924,0.2748548054245283,0.7074071685716443,0.41389293901611524,0.5900014767494327,500.07774186179205
515,72.8166262683442,18.97411067193678,34.00862144000001,41.83246922000001,38.062661240000025,1.867617416101794,-0.004219409078359604,0.8021978139877319,0.40794151893028846,0.23842269443994368,-0.384423166513443,0.45351043343544006,-0.035201964745154746,0.13584787751710523,61.0,0.090286242397373,368.4711181941357,4967.371272948367,0.019953308288779083,1.0352019647451547,0.40794151893028846,0.2839274116776285,0.4786887231675161,0.36183193627358357,0.0
516,72.82137663072825,18.97411067193678,35.461279940000054,42.198197359999995,39.3939544047059,1.689002023429968,-0.06809487193822861,0.7343251705169678,0.1937374474867335,0.14760280056397934,-0.34709039330482483,0.4087251126766205,0.05526087347066627,0.09998014828455941,66.0,0.20740843306887383,782.3375644314505,3418.461020145027,0.013731529789123731,0.9447391265293337,0.1937374474867335,0.6522470976494139,0.3294254950989158,0.5231184566292146,500.07774186179205
517,72.82612699311231,18.97411067193678,35.498878160000004,43.42868456000002,38.58099392000002,1.5515196571127179,-0.032139576971530914,0.7563540935516357,0.17295962927476416,0.15087350116380854,-0.3429704010486603,0.4349030554294586,0.08933943838443396,0.11696744390415921,107.0,0.2072501131387196,482.19500508553466,9826.263126698526,0.039470868336624935,0.9106605616155661,0.17295962927476416,0.6517492214858692,0.9469236526053918,0.7698189939336783,1000.1554837235841
518,72.83087735549637,18.97411067193678,38.38710506000001,43.603003580000006,41.41166181000003,0.9492218878335018,-0.10499999672174454,0.665901243686676,0.12377381522700472,0.10359135810522226,-0.2076570987701416,0.4738878011703491,0.10216361567659198,0.0878665917313629,62.0,0.168235147714383,675.5177312453467,7584.745211874702,0.030466971600966956,0.8978363843234081,0.12377381522700472,0.52905701661074,0.7309161730663679,0.6098006791929912,1500.2332255853762
519,72.83562771788043,18.97411067193678,38.45204744,42.08882072000006,40.02904380941178,0.8305105933888285,-0.0054151625372469425,0.730434775352478,0.2476833127579599,0.1654445378977654,-0.2969450056552887,0.3822937607765198,0.05216570008475825,0.10531050343219547,80.0,0.18686646566430756,581.5045179376813,6274.611417273739,0.02520432822949519,0.9478342999152417,0.2476833127579599,0.5876478023295943,0.6046630224851939,0.5944538903918342,2000.3109674471682
520,72.84037808026449,18.97411067193678,36.81481586000001,44.457508580000024,40.50261370000002,1.614528285828106,-0.07682851701974869,0.7001983523368835,0.26409935141509433,0.16986417668211265,-0.26901668310165405,0.3622969388961792,0.030990479667231723,0.1060616422687144,34.0,0.09246160414987725,677.0086468245559,4208.0229022877575,0.016903100984789886,0.9690095203327683,0.26409935141509433,0.2907683745469506,0.4055128959507372,0.33666618310846524,2500.38870930896
521,72.84512844264854,18.97411067193678,39.12539737999998,44.87792504000004,41.69329102000002,1.4558920437621343,-0.023290758952498436,0.6664528250694275,0.15684505822523584,0.10781418068797094,-0.29423075914382935,0.37617766857147217,0.06119626603036556,0.06561961288567845,14.0,0.03727767555258879,662.8763081084522,6757.535250182591,0.02714417278480458,0.9388037339696345,0.15684505822523584,0.117228867344167,0.6512007544685516,0.33081762219392086,3000.4664511707524
522,72.8498788050326,18.97411067193678,33.789868160000026,46.25538710000001,41.51249997058825,2.7097467234930717,-0.2067510485649109,0.49141964316368103,0.11647321593086675,0.10572367517982774,-0.21444201469421387,0.2832369804382324,0.047994292637087266,0.06297447782739106,30.0,0.0809344634967604,671.6205038061812,1276.4207531979762,0.005127222306384577,0.9520057073629127,0.11647321593086675,0.2545184307816681,0.12300433911600822,0.20191279411540414,3500.5441930325446
523,72.85462916741666,18.97411067193678,28.93286174000002,40.936947980000014,33.85392811000002,3.6933629610983045,-0.30600705742836,0.44680851697921753,-0.05876867441030649,0.16276346859958535,-0.2978505492210388,0.2654155492782593,-0.04559780707726112,0.09989679190216624,3.0,0.007316324561640304,607.1324100758493,0.0,0.0,1.0455978070772611,0.0,0.023007991479335653,0.0,0.013804794887601392,3640.097662375318
524,72.85937952980072,18.97411067193678,28.42699478000003,29.893325360000006,29.097068624705898,0.2500712394706714,-0.29271915555000305,0.010479042306542397,-0.18982717837927476,0.05112252838366808,-0.32034632563591003,0.17987151443958282,-0.09690522967644458,0.06254197388979749,0.0,0.0,0.0,0.0,0.0,1.0969052296764445,0.0,0.0,0.0,0.0,3535.5449011310106
525,72.86412989218478,18.97411067193678,28.184315360000028,29.04907442000001,28.51330537000002,0.2101031443602343,-0.3407035171985626,-0.0071146246045827866,-0.1611275151090802,0.04674690429165798,-0.26061877608299255,0.14136125147342682,-0.07945432842902417,0.05898850542623948,0.0,0.0,0.0,0.0,0.0,1.0794543284290241,0.0,0.0,0.0,0.0,3500.0000000011282
526,72.86888025456884,18.97411067193678,28.211659520000012,28.652584100000013,28.432289360000023,0.08097799489813663,-0.30079859495162964,-0.027074236422777176,-0.13079262787441037,0.02204568438177556,-0.21927450597286224,0.12636305391788483,-0.12323273280881486,0.03372448463613107,0.0,0.0,0.0,0.0,0.0,1.1232327328088147,0.0,0.0,0.0,0.0,3500.0000000011282
527,72.8736306169529,18.97411067193678,28.08177476000003,28.529535380000027,28.330864445882376,0.09747398661617626,-0.1681123524904251,-0.07605177909135818,-0.11383267384655071,0.014646517651490063,-0.21167108416557312,-0.04164576157927513,-0.13407668779481133,0.023460040533815747,0.0,0.0,0.0,0.0,0.0,1.1340766877948114,0.0,0.0,0.0,0.0,3354.20627438983
528,72.87838097933695,18.97411067193678,28.170643280000036,28.60814984000001,28.334965150000023,0.08760315961312391,-0.18207283318042755,-0.05101214721798897,-0.10709907963590802,0.016355823065002738,-0.28051117062568665,-0.032192129641771317,-0.15215767338590802,0.03617406474182244,0.0,0.0,0.0,0.0,0.0,1.152157673385908,0.0,0.0,0.0,0.0,3162.3268318799937
529,72.88313134172101,18.97411067193678,28.013414360000013,28.57738766,28.369871400000015,0.09634602028132117,-0.16515152156352997,-0.05246422812342644,-0.10730351286114387,0.015419383572585755,-0.31482648849487305,0.007400098722428083,-0.0987203691590507,0.05373592836442838,0.0,0.0,0.0,0.0,0.0,1.0987203691590508,0.0,0.0,0.0,0.0,3041.3940468001497
530,72.88788170410507,18.97411067193678,28.105700899999988,28.60814984000001,28.32629920117649,0.09887447065812009,-0.20357142388820648,-0.06013745814561844,-0.11760693820017688,0.020385769761637532,-0.3266078233718872,0.03491401672363281,-0.0883171225493809,0.049403965187191694,0.0,0.0,0.0,0.0,0.0,1.0883171225493808,0.0,0.0,0.0,0.0,3000.000000000967
531,72.89263206648913,18.97411067193678,28.204823480000016,28.65942014000001,28.517762200000018,0.08027189451741142,-0.20070423185825348,-0.09820309281349182,-0.15218801822302477,0.01596208059898444,-0.14341846108436584,0.04806201532483101,-0.04060606758549528,0.034874224800843664,0.0,0.0,0.0,0.0,0.0,1.0406060675854953,0.0,0.0,0.0,0.0,3041.3940468001497
532,72.89738242887319,18.97411067193678,28.334708240000055,28.697018360000015,28.511026032941196,0.08491356128151183,-0.20711678266525269,-0.06270626932382584,-0.13157625638521633,0.019470091634666807,-0.10039480775594711,0.07608695328235626,-0.002952687190129207,0.02241735155647204,0.0,0.0,0.0,0.0,0.0,1.0029526871901293,0.0,0.0,0.0,0.0,3162.3268318799937
533,72.90213279125724,18.97411067193678,28.40990468000001,28.758542720000037,28.55934811000002,0.07809146718516187,-0.18808358907699585,-0.09002217650413513,-0.14318144024543042,0.013743234276112142,-0.07905983179807663,0.05799002945423126,-0.0005878088609227594,0.02069473874800563,0.0,0.0,0.0,0.0,0.0,1.0005878088609228,0.0,0.0,0.0,0.0,3354.20627438983
534,72.9068831536413,18.97411067193678,28.286855960000025,28.65600212000004,28.473138050000024,0.06777946519851755,-0.21391138434410095,-0.10180201381444931,-0.1436064982864092,0.012892636246692823,-0.13706794381141663,0.05511811003088951,-0.007777311217110112,0.018198955654696574,0.0,0.0,0.0,0.0,0.0,1.00777731121711,0.0,0.0,0.0,0.0,3162.3268318799937
535,72.91163351602536,18.97411067193678,28.24583972000005,28.53978944000005,28.393595165882378,0.07528426573079554,-0.19309701025485992,-0.062359802424907684,-0.13458514519457548,0.017191427616490267,-0.1513897031545639,0.08146067708730698,-0.011628829668153007,0.033146153540211366,0.0,0.0,0.0,0.0,0.0,1.011628829668153,0.0,0.0,0.0,0.0,3041.3940468001497
536,72.91638387840942,18.97411067193678,28.225331600000004,30.385520240000005,28.46860303000002,0.3766936560170862,-0.21782177686691284,0.07045009732246399,-0.13608043742629716,0.03414712815884826,-0.1643420308828354,0.18275068700313568,0.013314694098706515,0.030456195954420152,0.0,0.0,0.0,0.0,0.0,0.9866853059012934,0.0,0.0,0.0,0.0,3000.000000000967
537,72.92113424079348,18.97411067193678,28.187733380000054,28.594477760000018,28.337545420000016,0.1003356079525476,-0.19719544053077698,-0.06070826202630997,-0.1406734250626474,0.021465510281115728,-0.0888192281126976,0.10551835596561432,0.015407170709573998,0.03575846889124627,0.0,0.0,0.0,0.0,0.0,0.984592829290426,0.0,0.0,0.0,0.0,3041.3940468001497
538,72.92588460317754,18.97411067193678,27.992906240000025,28.649166079999986,28.291515821176485,0.13808194960421072,-0.19242624938488007,-0.04571428522467613,-0.12070049933667452,0.0241557899035329,-0.14633500576019287,0.023234201595187187,-0.06194429217644457,0.03711263927572422,0.0,0.0,0.0,0.0,0.0,1.0619442921764446,0.0,0.0,0.0,0.0,3162.3268318799937
539,72.9306349655616,18.97411067193678,28.023668420000035,28.775632820000055,28.394266680000026,0.16032539410371122,-0.26443156599998474,0.008253094740211964,-0.15119732550854953,0.034485630917004496,-0.123814158141613,0.2126038819551468,0.0023056019477124485,0.03531561612880594,1.0,0.00013823469168714294,34.41349306459316,0.0,0.0,0.9976943980522875,0.0,0.00043471316529092226,0.0,0.0002608278991745533,3354.20627438983
540,72.93538532794565,18.97411067193678,28.109118920000014,30.27956161999998,28.550256387058838,0.1890165989153948,-0.20302821695804596,0.40366461873054504,-0.1447838416466346,0.050289207135743336,-0.10368466377258301,0.12541885673999786,0.03024396456204928,0.0398816828516587,0.0,0.0,0.0,0.0,0.0,0.9697560354379507,0.0,0.0,0.0,0.0,3605.723778452147
541,72.94013569032971,18.97411067193678,28.379142500000057,31.298131580000017,28.768796780000017,0.37015648980287164,-0.20000000298023224,0.5442450046539307,-0.08082843708542158,0.08981183187147773,-0.2789924740791321,0.15776698291301727,0.04140583542158019,0.044661748610161874,0.0,0.0,0.0,0.0,0.0,0.9585941645784198,0.0,0.0,0.0,0.0,3807.9784310258638
542,72.94488605271377,18.97411067193678,28.41332269999998,28.847411240000042,28.651612310000026,0.0932393996848673,-0.20000000298023224,0.011529592797160149,-0.07585373212706369,0.0378510932351134,-0.019913775846362114,0.09828061610460281,0.027890993514150943,0.019287802186836275,0.0,0.0,0.0,0.0,0.0,0.9721090064858491,0.0,0.0,0.0,0.0,4031.283166250831
543,72.94963641509783,18.97411067193678,0.0,28.714108460000034,16.71253652941178,13.982829415751597,-0.18261532485485077,0.0,-0.05398526173717571,0.05093911415202315,-0.12535801529884338,0.09378046542406082,0.017033475479989683,0.024551418371234597,0.0,0.0,0.0,0.0,0.0,0.9829665245200103,0.0,0.0,0.0,0.0,4301.388577848742
544,72.80237518119202,18.978602227811738,28.65942014000001,41.68207633999998,30.17249926437502,2.2453086594721037,-0.2311852127313614,0.07588532567024231,-0.13381923459610848,0.04217184854445065,-0.08317214995622635,0.170634925365448,0.035483807257886205,0.030318617355827866,0.0,0.0,0.0,255.6163802862045,0.001026778986158832,0.9645161927421138,0.0,0.0,0.024632883667517504,0.009853153467007002,1500.1927850908075
545,72.80712554357608,18.978602227811738,29.599375640000005,44.570303240000044,38.69140378500002,4.755014604973651,-0.21996302902698517,0.610866367816925,0.0214727092239092,0.13422706213493396,-0.18304778635501862,0.37949639558792114,0.04957367519162736,0.055709518571405575,31.0,0.03882621470382726,311.79925034573273,4222.196681154462,0.0169600352793703,0.9504263248083726,0.0214727092239092,0.12209863156757433,0.40687877495098634,0.23601068892093915,1000.1285233938715
546,72.81187590596014,18.978602227811738,33.30792733999999,46.06055995999998,40.91339882750002,2.740473595149177,-0.1897106170654297,0.7769080400466919,0.20863140753979953,0.23035390810416145,-0.31985294818878174,0.287931889295578,0.031631256679318986,0.10555950165127564,35.0,0.0933914783163836,664.27959831155,5150.187559974185,0.0206876584178104,0.968368743320681,0.20863140753979953,0.2936925937665304,0.4963061087426983,0.37473799975699756,500.0642616969358
547,72.8166262683442,18.978602227811738,34.022293520000005,41.029234520000045,35.69206749875002,1.3874389434645753,0.03985055908560753,0.7954362630844116,0.5225499549278846,0.20378587431043255,-0.35113784670829773,0.2097902148962021,-0.0932822770338792,0.10094397757833423,23.0,0.0625556861793878,677.0966498165815,2186.1367439655046,0.008781437508269947,1.0932822770338793,0.5225499549278846,0.19672182152026702,0.21067058392381938,0.20230132648168797,0.0
548,72.82137663072825,18.978602227811738,36.47643188000001,42.17085320000001,39.06319444250002,1.5308312442062764,-0.07027027010917664,0.7710994482040405,0.21061972564121462,0.18417737732245554,-0.401046484708786,0.45911329984664917,0.0397570109817217,0.11377178928539987,28.0,0.20599254579808407,1831.492659244046,4801.780821697453,0.019288152184688157,0.9602429890182783,0.21061972564121462,0.6477944900610585,0.46273133296604146,0.5737692272230517,500.0642616969358
549,72.82612699311231,18.978602227811738,35.53305836000004,43.70554418000006,38.653485125625025,2.1529761567626817,-0.16237623989582062,0.689592182636261,0.16447210347877358,0.1421386372801146,-0.25638505816459656,0.4618794322013855,0.05724345657060731,0.10201680427509482,47.0,0.09428496251472847,499.40890672341305,4635.6503877629475,0.01862082703778479,0.9427565434293927,0.16447210347877358,0.296502375734135,0.4467219064646533,0.35659018802634235,1000.1285233938715
550,72.83087735549637,18.978602227811738,36.613152679999985,44.22508321999999,40.90901041375001,1.5656664778561278,-0.05520046502351761,0.6955475211143494,0.16491859292084315,0.11996232946638472,-0.2779580354690552,0.4887152910232544,0.07519384995946345,0.09412013937326455,63.0,0.12625039085326406,498.8889566714828,7150.181694838509,0.0287213843778616,0.9248061500405366,0.16491859292084315,0.3970255683085023,0.689038760713864,0.513830845270647,1500.1927850908075
551,72.83562771788043,18.978602227811738,33.97785926000006,41.476995139999985,37.58327974625002,2.076303764433466,0.012027491815388203,0.7786483764648438,0.389775390625,0.2019740553442061,-0.3773227035999298,0.3452288508415222,-0.0539381264740566,0.12865025256448678,68.0,0.12661374517529278,463.5361947190914,3955.2496307522106,0.01588774241041089,1.0539381264740566,0.389775390625,0.39816822581020045,0.3811539930313651,0.3913625326986663,2000.257046787743
552,72.84037808026449,18.978602227811738,34.21028462000004,43.81492082,38.75526616562502,2.6722179485518875,-0.06759906560182571,0.767615020275116,0.262039956146816,0.20152925312967485,-0.36537277698516846,0.3853779435157776,0.02545311981776975,0.1282724228828868,63.0,0.09563813303638498,377.9220649224391,4696.593645325622,0.01886562847086727,0.9745468801822302,0.262039956146816,0.3007577549986904,0.4525948015122245,0.36149257360410403,2500.321308484679
553,72.84512844264854,18.978602227811738,40.04142674000002,45.831552620000025,42.71205156812502,1.1684777482451907,-0.002422773977741599,0.6438188552856445,0.17510385189416275,0.12229495491491435,-0.2763126492500305,0.34815388917922974,0.07947698629127359,0.08518146810424503,10.0,0.10587309595808213,2635.7081634228725,6395.092611063514,0.0256882860958579,0.9205230137087264,0.17510385189416275,0.33294412640823445,0.6162733865292517,0.4462758304566413,3000.385570181615
554,72.8498788050326,18.978602227811738,34.12825214000003,45.12060445999998,40.536348496250014,2.1765035176503074,-0.20359280705451965,0.6343234181404114,0.18464480993882665,0.13115841358865551,-0.23676323890686035,0.2764914333820343,0.03706784806161557,0.08073179813827366,13.0,0.053216358176386,1019.0922690825842,2718.0733726367666,0.010918160325783776,0.9629321519383844,0.18464480993882665,0.1673519955502159,0.2619315128121776,0.20518380245500056,3354.1881867963693
555,72.85462916741666,18.978602227811738,29.736096439999983,42.33150014,36.609888945625016,3.092751352303131,-0.22506393492221832,0.612602949142456,0.10837634746844951,0.18932534881937163,-0.2759856581687927,0.3486842215061188,0.000753935300386869,0.09728574174951869,14.0,0.02363786829138335,420.3315424654446,1854.6625949052068,0.00744994736538898,0.9992460646996131,0.10837634746844951,0.07433512109198644,0.17872754434455052,0.11609209039301208,3162.3183051855813
556,72.85937952980072,18.978602227811738,28.372306460000004,42.61519580000004,32.245161878750025,4.162277842985829,-0.2432432472705841,0.5349152684211731,-0.061581104206589035,0.16728760550068594,-0.2595744729042053,0.21916300058364868,-0.04528434321565448,0.08576239614483551,3.0,0.03247543807235856,2694.917484732192,840.662147632464,0.0033768345623300918,1.0452843432156544,0.0,0.1021270442776802,0.0810117601349725,0.09368093062059712,3041.3918303685077
557,72.86412989218478,18.978602227811738,28.29369200000002,29.68482614000004,28.849927282500023,0.31770161525114826,-0.3014354109764099,0.015706805512309074,-0.15650734955409787,0.036092902036588374,-0.307332307100296,0.11622924357652664,-0.12528575969192218,0.06970961593093065,0.0,0.0,0.0,0.0,0.0,1.1252857596919221,0.0,0.0,0.0,0.0,3000.000000000967
558,72.86888025456884,18.978602227811738,28.208241499999986,28.751706679999984,28.44944927250002,0.07940886432180923,-0.23864959180355072,0.04077669978141785,-0.1157385944870283,0.02749303343958312,-0.3549257814884186,0.08305199444293976,-0.18070777749115566,0.06232811567029807,0.0,0.0,0.0,0.0,0.0,1.1807077774911556,0.0,0.0,0.0,0.0,3000.000000000967
559,72.8736306169529,18.978602227811738,28.122791000000007,28.550043500000015,28.36460334875002,0.09579057689285034,-0.21152114868164062,-0.07114308327436447,-0.11034885622420401,0.01568188663726657,-0.21258972585201263,-0.02337334118783474,-0.1639193322523585,0.018550256066639157,0.0,0.0,0.0,0.0,0.0,1.1639193322523584,0.0,0.0,0.0,0.0,2915.5751392208267
560,72.87838097933695,18.978602227811738,28.208241499999986,28.611567860000036,28.42071654187502,0.0811448198968509,-0.22737713158130646,-0.07359307259321213,-0.1221143960053066,0.0181144655691853,-0.2907518148422241,-0.03610503301024437,-0.16571563144899765,0.02620993598217315,0.0,0.0,0.0,0.0,0.0,1.1657156314489976,0.0,0.0,0.0,0.0,2692.63013860241
561,72.88313134172101,18.978602227811738,28.00316029999999,28.57055162000006,28.35203570250002,0.1303664950441315,-0.19525547325611115,-0.04155614599585533,-0.11757004072081367,0.016982205367698292,-0.3434534966945648,-0.014846235513687134,-0.17047135263119104,0.03471750058097707,0.0,0.0,0.0,0.0,0.0,1.170471352631191,0.0,0.0,0.0,0.0,2549.522360331545
562,72.88788170410507,18.978602227811738,28.078356740000004,28.652584100000013,28.39420943375002,0.12432865554550988,-0.18491260707378387,-0.03362831845879555,-0.1062619306456368,0.02154021555373512,-0.3425000011920929,0.029041096568107605,-0.15356132075471698,0.04010014204078224,0.0,0.0,0.0,0.0,0.0,1.153561320754717,0.0,0.0,0.0,0.0,2500.000000000806
563,72.89263206648913,18.978602227811738,28.204823480000016,28.70385440000001,28.544572294375016,0.09299351949198559,-0.20508815348148346,-0.044386424124240875,-0.1130202959168632,0.03144246766375725,-0.4071876108646393,0.06748466193675995,-0.06810946482532429,0.06834613592979424,0.0,0.0,0.0,0.0,0.0,1.0681094648253242,0.0,0.0,0.0,0.0,2549.522360331545
564,72.89738242887319,18.978602227811738,28.310782099999983,28.679928259999997,28.47478422875002,0.10159648837632905,-0.18291346728801727,-0.052677787840366364,-0.11683614877554087,0.020334033614793485,-0.1782863289117813,0.0537802018225193,-0.04986822275015024,0.04847377839265095,0.0,0.0,0.0,0.0,0.0,1.0498682227501503,0.0,0.0,0.0,0.0,2692.63013860241
565,72.90213279125724,18.978602227811738,28.303946060000044,28.80297698000004,28.597622813125017,0.138583740912238,-0.18432769179344177,-0.057989154011011124,-0.133648151901533,0.017672091830887998,-0.10388918220996857,0.06403940916061401,-0.01639055072136645,0.023399847567860017,0.0,0.0,0.0,0.0,0.0,1.0163905507213664,0.0,0.0,0.0,0.0,2915.5751392208267
566,72.9068831536413,18.978602227811738,28.303946060000044,28.779050840000025,28.581624580625018,0.08171103221599861,-0.19095022976398468,-0.06096595525741577,-0.13642821114018278,0.016915197900028326,-0.1314142644405365,0.04757085070014,-0.007388619476894163,0.02057042989746314,0.0,0.0,0.0,0.0,0.0,1.0073886194768942,0.0,0.0,0.0,0.0,2692.63013860241
567,72.91163351602536,18.978602227811738,28.14671714000002,28.584223700000052,28.397941610000018,0.1038582917905926,-0.19217081367969513,-0.06661149859428406,-0.13749514021963444,0.013132782115526471,-0.06532180309295654,0.0694374069571495,0.0002275531696823408,0.01875982933154483,0.0,0.0,0.0,0.0,0.0,0.9997724468303176,0.0,0.0,0.0,0.0,2549.522360331545
568,72.91638387840942,18.978602227811738,28.256093780000015,30.159930920000022,28.659396403750023,0.3506109432239176,-0.2372322827577591,0.13328582048416138,-0.13477329470076652,0.03628875118085259,-0.19345706701278687,0.21805225312709808,-0.02390096844367261,0.04719843066268072,0.0,0.0,0.0,0.0,0.0,1.0239009684436726,0.0,0.0,0.0,0.0,2500.000000000806
569,72.92113424079348,18.978602227811738,28.06468466000001,30.535913120000032,28.51068879750002,0.5291974425543332,-0.20828355848789215,0.04009230062365532,-0.12670704967570753,0.03513786286807049,-0.3264181613922119,0.22403685748577118,-0.011930294396742334,0.056109631960461655,0.0,0.0,0.0,0.0,0.0,1.0119302943967423,0.0,0.0,0.0,0.0,2549.522360331545
570,72.92588460317754,18.978602227811738,28.153553180000017,28.536371420000023,28.34390673500002,0.08572652646659625,-0.19819413125514984,-0.06158124655485153,-0.11964315162514741,0.022114615835990604,-0.12038600444793701,0.07158247381448746,-0.03763850374041863,0.040981997709447826,0.0,0.0,0.0,0.0,0.0,1.0376385037404185,0.0,0.0,0.0,0.0,2692.63013860241
571,72.9306349655616,18.978602227811738,27.80491514000005,28.54662547999999,28.12683803062502,0.19438014070486057,-0.17268040776252747,-0.06506024301052094,-0.1128111411040684,0.017473660714665055,-0.2304079830646515,0.04774535819888115,-0.07289254242519162,0.047513733795846946,0.0,0.0,0.0,0.0,0.0,1.0728925424251916,0.0,0.0,0.0,0.0,2915.5751392208267
572,72.93538532794565,18.978602227811738,27.893783660000054,28.433830820000026,28.16389520375002,0.1483774606243818,-0.16659529507160187,-0.03875315934419632,-0.1213025137094351,0.017463207534347158,-0.20136131346225739,0.10480549186468124,-0.016704375927264873,0.056525054281602295,0.0,0.0,0.0,0.0,0.0,1.016704375927265,0.0,0.0,0.0,0.0,3162.3183051855813
573,72.94013569032971,18.978602227811738,28.201405460000046,28.929443719999995,28.546020205625023,0.19353254131294054,-0.2083485871553421,-0.026124196127057076,-0.10621640763192806,0.02387576947874975,-0.16474291682243347,0.1137571781873703,0.03674220534990419,0.04583596267986522,0.0,0.0,0.0,0.0,0.0,0.9632577946500958,0.0,0.0,0.0,0.0,3354.1881867963693
574,72.94488605271377,18.978602227811738,28.42699478000003,29.56861346000005,28.76593656187502,0.24434056521976308,-0.21855410933494568,0.10420980304479599,-0.10550953991008255,0.03358846333110019,-0.13320274651050568,0.11467673629522324,0.0232357442603921,0.023584944397359715,0.0,0.0,0.0,0.0,0.0,0.9767642557396079,0.0,0.0,0.0,0.0,3605.6938657115393
575,72.94963641509783,18.978602227811738,0.0,28.93286174000002,16.825508595294128,14.077386680135032,-0.1710677444934845,0.01634117215871811,-0.0665856242629717,0.05924962049098198,-0.04967112839221954,0.09431438148021698,0.024041052764316773,0.026370911339122345,0.0,0.0,0.0,0.0,0.0,0.9759589472356832,0.0,0.0,0.0,0.0,3905.330542434064
576,72.80237518119202,18.983093783686694,28.450920920000044,29.657481980000057,29.00625981000002,0.31378682030097066,-0.21377912163734436,0.025089606642723083,-0.12339452203714622,0.03107744467266163,-0.06395938992500305,0.13100436329841614,0.02992934892762382,0.026526835203328377,0.0,0.0,0.0,0.0,0.0,0.9700706510723762,0.0,0.0,0.0,0.0,1581.2833488458687
577,72.80712554357608,18.983093783686694,29.22681146000002,31.677531799999997,29.815369930000017,0.5417124439992002,-0.2518778145313263,0.17806889116764069,-0.10599273105837265,0.07023124359554275,-0.11179307103157043,0.22492697834968567,0.03264507077774911,0.04106840638357302,4.0,0.02270087947233678,1412.8446136544014,0.0,0.0,0.9673549292222509,0.0,0.07138852808846023,0.0,0.042833116853076135,1118.1248249412756
578,72.81187590596014,18.983093783686694,29.448982760000035,43.832010920000016,35.48078276000002,4.456601560758794,-0.2631579041481018,0.48820960521698,-0.06511749267578125,0.09160092676348032,-0.1994497925043106,0.2963186502456665,0.07990709412772701,0.05608776991928351,1.0,0.002633924282155353,655.7148130496921,5094.452567099763,0.020463777931696427,0.920092905872273,0.0,0.00828302611925939,0.49093511649975846,0.20134386227145903,707.1426878909308
579,72.8166262683442,18.983093783686694,36.55504633999999,43.99265786000001,41.53494510000002,1.645633848001956,-0.028985507786273956,0.7218256592750549,0.25990865854116585,0.16157440320672936,-0.2622898817062378,0.32302406430244446,0.04926710862379808,0.07484889579886327,8.0,0.033005717044183015,1027.0956594985844,2069.317222799754,0.008312188122249268,0.9507328913762019,0.25990865854116585,0.10379463761127508,0.19941308285229536,0.1420420157076832,500.00000000016115
580,72.82137663072825,18.983093783686694,37.13610974000005,46.09132213999999,43.036558424705895,2.227415075802157,0.021739130839705467,0.7908771634101868,0.3023052402712264,0.16010098801891715,-0.37783893942832947,0.2540226876735687,0.06477811993293042,0.09928528547940492,3.0,0.03839588601207465,3186.2155123257835,703.5776768749059,0.002826183411785801,0.9352218800670695,0.3023052402712264,0.12074535660147061,0.06780139459809546,0.09956777180012054,707.1426878909308
581,72.82612699311231,18.983093783686694,35.85093422,44.79931058,40.62283641000002,1.8589976344336743,-0.1465517282485962,0.6198453903198242,0.14728326761497643,0.12643716174777708,-0.2505263090133667,0.46355685591697693,0.08713925343639446,0.08482401829127166,30.0,0.05555219781287741,460.99020702248544,7312.5733619796,0.029373691366799782,0.9128607465636055,0.14728326761497643,0.17469762080244497,0.7046878949390725,0.386693730457096,1118.1248249412756
582,72.83087735549637,18.983093783686694,35.53989439999998,41.244569780000006,38.85603283000002,1.2915278147072144,-0.16450215876102448,0.7472962141036987,0.28262939453125,0.17516141900731694,-0.3404444456100464,0.36039119958877563,0.008706666478570902,0.10769695859119618,35.0,0.09656313470814928,686.8391152170101,3522.073076619027,0.014147726443583386,0.9912933335214291,0.28262939453125,0.30366665145387345,0.3394102375900606,0.3179640859083483,1581.2833488458687
583,72.83562771788043,18.983093783686694,36.493521980000025,42.09223874000003,39.02994118823531,1.2049454084145148,-0.03195488825440407,0.678260862827301,0.2500052743587854,0.15280995862055025,-0.32793521881103516,0.4289071559906006,0.02481217294369104,0.10092677656028189,41.0,0.08359945557046909,507.61132308363034,5393.146092916565,0.021663592416460632,0.9751878270563089,0.2500052743587854,0.2628991572526982,0.519719198589677,0.3656271737874897,2061.7498627620544
584,72.84037808026449,18.983093783686694,37.183962020000024,42.13667300000003,39.86110943000002,1.2120058831552094,-0.04729148745536804,0.6623711585998535,0.17832694575471697,0.12789567801477333,-0.37673425674438477,0.45216935873031616,0.07820116726857311,0.10046672796293997,48.0,0.1227681645191259,636.7313513868221,6947.008331343525,0.027905262422178313,0.9217988327314269,0.17832694575471697,0.3860748466517519,0.6694596327185981,0.4994287610784904,2549.7587191607745
585,72.84512844264854,18.983093783686694,39.54923186000002,44.80272860000002,41.54079818000002,0.9498517311857734,0.009380863048136234,0.6666666865348816,0.232172160598467,0.13436561873336306,-0.2922932207584381,0.21602465212345123,0.04369780918337264,0.07962482543218534,16.0,0.13961188629968802,2172.271583145193,2677.818568067291,0.01075646181734864,0.9563021908166274,0.232172160598467,0.4390440942490165,0.2580522938164767,0.36664737407600057,3041.681790942034
586,72.8498788050326,18.983093783686694,40.35246656000004,45.30175952000002,43.897154360000016,0.9425454338451154,0.0021052630618214607,0.6191693544387817,0.1453666255159198,0.11245580872526512,-0.2203226536512375,0.27105334401130676,0.10987525795990566,0.07781206930913312,21.0,0.3660809809318758,4339.79865092009,2600.9776318525096,0.010447801400149363,0.8901247420400944,0.1453666255159198,1.0,0.25064739339279285,0.7002589573571172,2915.5543262544556
587,72.85462916741666,18.983093783686694,39.56973998000001,44.669425820000015,42.32580344000002,1.1152092899025303,0.013095238246023655,0.6369725465774536,0.23000600961538462,0.11514331386269812,-0.25388848781585693,0.2947233021259308,0.08151406508225661,0.07522913702783399,23.0,0.12158499169028704,1316.024098998636,1927.4581025623083,0.007742357802722405,0.9184859349177434,0.23000600961538462,0.3823540671626579,0.18574260053784894,0.3037094805127343,2692.6201225114964
588,72.85937952980072,18.983093783686694,29.466072860000054,44.27635352000004,38.73618070117649,4.827611881855485,-0.21473684906959534,0.5498008131980896,0.09467622577019458,0.145302511745419,-0.24351675808429718,0.273483544588089,0.057829676214254125,0.1015147656609625,50.0,0.11181005100661305,556.7017031551369,2315.528273492134,0.009301187077355224,0.9421703237857458,0.09467622577019458,0.3516143494169269,0.2231396068042112,0.3002244523718406,2549.5197157585344
589,72.86412989218478,18.983093783686694,28.300528040000017,30.166766960000018,29.032609840000017,0.25397525798877174,-0.26634252071380615,-0.0004943153471685946,-0.16693720979510612,0.03499578932144862,-0.26002970337867737,0.16687898337841034,-0.10430673275353773,0.051760119341640085,0.0,0.0,0.0,0.0,0.0,1.1043067327535376,0.0,0.0,0.0,0.0,2500.000000000806
590,72.86888025456884,18.983093783686694,28.218495560000008,29.04907442000001,28.674968780000015,0.1939320486879646,-0.2384105920791626,-0.08638132363557816,-0.15686053581957546,0.02878960423021916,-0.32463768124580383,-0.05552238970994949,-0.19830679263708725,0.04207128030049296,0.0,0.0,0.0,0.0,0.0,1.1983067926370872,0.0,0.0,0.0,0.0,2500.000000000806
591,72.8736306169529,18.983093783686694,28.372306460000004,28.929443719999995,28.61293979882355,0.10743029962306905,-0.1927083283662796,-0.08164915442466736,-0.1269993620098762,0.015086383386918908,-0.23680981993675232,-0.08835576474666595,-0.1712247107163915,0.01784712388430322,0.0,0.0,0.0,0.0,0.0,1.1712247107163916,0.0,0.0,0.0,0.0,2500.091404196979
592,72.87838097933695,18.983093783686694,28.348380320000047,28.898681539999984,28.617845400000018,0.10753835805830783,-0.23858822882175446,-0.0890585258603096,-0.1420153117629717,0.01776451068210055,-0.220095694065094,-0.058207977563142776,-0.1488429001142394,0.021543489021391703,0.0,0.0,0.0,0.0,0.0,1.1488429001142393,0.0,0.0,0.0,0.0,2236.113396979763
593,72.88313134172101,18.983093783686694,28.06468466000001,29.70875228,28.598286730000016,0.4183809077637642,-0.21969006955623627,-0.0772986188530922,-0.126142313255454,0.017925938072176646,-0.2291666716337204,-0.006528835743665695,-0.1561994099167158,0.026494342716631484,0.0,0.0,0.0,0.0,0.0,1.1561994099167159,0.0,0.0,0.0,0.0,2061.5651289833236
594,72.88788170410507,18.983093783686694,28.382560520000027,29.332770080000046,28.57866498235296,0.1080931994942597,-0.1837524175643921,-0.050653595477342606,-0.11431055608785377,0.018626474216493386,-0.2471395879983902,0.014056225307285786,-0.11496965516288325,0.05164873383862781,0.0,0.0,0.0,0.0,0.0,1.1149696551628832,0.0,0.0,0.0,0.0,2000.0000000006446
595,72.89263206648913,18.983093783686694,28.39623260000002,28.775632820000055,28.57555578000002,0.07850076056360873,-0.1696750968694687,-0.038179147988557816,-0.11139782023879717,0.016207094590382803,-0.2645314335823059,0.060340382158756256,-0.06262709131780661,0.03555143981000063,0.0,0.0,0.0,0.0,0.0,1.0626270913178066,0.0,0.0,0.0,0.0,2061.5651289833236
596,72.89738242887319,18.983093783686694,28.4304128,29.168705120000027,28.660460921176487,0.13139316444592564,-0.1759554147720337,-0.018324607983231544,-0.10406139667217548,0.020672516992345326,-0.21076472103595734,0.020189734175801277,-0.07244441105769231,0.02914262742548673,0.0,0.0,0.0,0.0,0.0,1.0724444110576923,0.0,0.0,0.0,0.0,2236.113396979763
597,72.90213279125724,18.983093783686694,28.36205240000004,28.850829260000012,28.581285990000023,0.08743339244191853,-0.1490722894668579,-0.02231237292289734,-0.09207809736143868,0.01835652570375161,-0.1824018955230713,0.0009975061984732747,-0.06783301011571344,0.03342857000424052,0.0,0.0,0.0,0.0,0.0,1.0678330101157134,0.0,0.0,0.0,0.0,2500.091404196979
598,72.9068831536413,18.983093783686694,28.088610800000026,28.88842748000002,28.56438578000002,0.13145091015914012,-0.15939562022686005,-0.05548804998397827,-0.10918088517099056,0.015450521594331799,-0.09031198918819427,0.023471882566809654,-0.028997716363870874,0.01855355457846366,0.0,0.0,0.0,0.0,0.0,1.0289977163638708,0.0,0.0,0.0,0.0,2236.113396979763
599,72.91163351602536,18.983093783686694,27.98607020000003,29.216557400000056,28.591189837647082,0.296649199244397,-0.17783504724502563,0.009567799046635628,-0.10225751768867924,0.024886991931495878,-0.12608695030212402,0.0892133042216301,-0.02567288380748821,0.022070972469223023,0.0,0.0,0.0,0.0,0.0,1.0256728838074882,0.0,0.0,0.0,0.0,2061.5651289833236
600,72.91638387840942,18.983093783686694,28.088610800000026,29.438728700000013,28.542112800000016,0.2835189449775433,-0.19691883027553558,0.008245876990258694,-0.12651450103183962,0.029181462431192143,-0.14108969271183014,0.13829557597637177,-0.033365685804834906,0.04191650872607309,0.0,0.0,0.0,0.0,0.0,1.033365685804835,0.0,0.0,0.0,0.0,2000.0000000006446
601,72.92113424079348,18.983093783686694,27.91770980000001,30.057390320000025,28.518711650000018,0.4998087136738526,-0.19102923572063446,0.028394177556037903,-0.12288075573039504,0.03567912540922845,-0.2718990743160248,0.1503889411687851,-0.048868627008402124,0.046564706848212165,0.0,0.0,0.0,0.0,0.0,1.0488686270084022,0.0,0.0,0.0,0.0,2061.5651289833236
602,72.92588460317754,18.983093783686694,27.88694762,28.53978944000005,28.284691608235313,0.16067111081607463,-0.20061099529266357,-0.02570480853319168,-0.12495568617334905,0.02876828757103721,-0.14847591519355774,0.04317617788910866,-0.04281442606224204,0.03186529251939996,0.0,0.0,0.0,0.0,0.0,1.042814426062242,0.0,0.0,0.0,0.0,2236.113396979763
603,72.9306349655616,18.983093783686694,27.910873760000015,28.597895780000044,28.40362714000002,0.11944382835847578,-0.21299999952316284,-0.03990326449275017,-0.12893011129127357,0.03277884319839444,-0.23252032697200775,0.04924454540014267,-0.03340913592644457,0.034894269791080026,0.0,0.0,0.0,0.0,0.0,1.0334091359264446,0.0,0.0,0.0,0.0,2500.091404196979
604,72.93538532794565,18.983093783686694,27.96556208000004,28.57738766,28.380869250588255,0.15538806587492224,-0.19668656587600708,0.004195804242044687,-0.10303685114933894,0.025011640750434445,-0.20998036861419678,0.02697586454451084,-0.043986839881310094,0.02994484093388725,0.0,0.0,0.0,0.0,0.0,1.0439868398813101,0.0,0.0,0.0,0.0,2692.6201225114964
605,72.94013569032971,18.983093783686694,28.088610800000026,28.594477760000018,28.384057300000016,0.09195110348820895,-0.15650485455989838,-0.01660079136490822,-0.09962473743366745,0.0285240586800336,-0.1110047847032547,0.038256432861089706,-0.025985300316000885,0.023557716402295564,0.0,0.0,0.0,0.0,0.0,1.0259853003160009,0.0,0.0,0.0,0.0,2915.5543262544556
606,72.94488605271377,18.983093783686694,28.027086440000005,29.790784760000008,28.62623407000002,0.3275316116486819,-0.17915715277194977,0.06089309975504875,-0.11105370863428655,0.027339328814129166,-0.11564042419195175,0.08306854218244553,0.007965054781931751,0.025616399663524008,0.0,0.0,0.0,0.0,0.0,0.9920349452180682,0.0,0.0,0.0,0.0,3201.689006852979
607,72.94963641509783,18.983093783686694,0.0,29.120852839999998,16.946475752941186,14.178941406329272,-0.1827169507741928,0.0,-0.06788224130306604,0.061353170271671593,-0.047900114208459854,0.05543430894613266,0.004937569960108343,0.014305993268013243,0.0,0.0,0.0,0.0,0.0,0.9950624300398917,0.0,0.0,0.0,0.0,3535.7134394546542
608,72.80237518119202,18.98758533956165,28.594477760000018,29.271245720000024,28.910264830000017,0.1797492160237267,-0.21357285976409912,0.019960079342126846,-0.11382266638413915,0.02677709613955108,-0.05274488776922226,0.1609589010477066,0.031512312979068396,0.024783623087853392,0.0,0.0,0.0,0.0,0.0,0.9684876870209316,0.0,0.0,0.0,0.0,1802.8687256285527
609,72.80712554357608,18.98758533956165,28.990968080000016,35.07846170000005,29.721754160000017,1.0008037178086509,-0.2333010584115982,0.08571428805589676,-0.1283693479142099,0.033982526430208174,-0.06063522771000862,0.1315789520740509,0.027248253012603182,0.02659647672373415,0.0,0.0,0.0,0.0,0.0,0.9727517469873969,0.0,0.0,0.0,0.0,1414.2663024182189
610,72.81187590596014,18.98758533956165,29.589121579999983,42.601523720000046,36.95976829294119,2.87084268413945,-0.283475786447525,0.7108978033065796,0.05734623747051887,0.17550305795891713,-0.3831508755683899,0.4192785322666168,0.043235410294442805,0.08386809319363106,21.0,0.04694931372899634,556.5723951680475,3616.837904069921,0.014528384887086106,0.9567645897055572,0.05734623747051887,0.1476437248151856,0.3485424026248545,0.22800319593905316,1118.050666803347
611,72.8166262683442,18.98758533956165,37.61121452000003,47.41409587999999,41.22424038000002,2.0246873908605947,-0.003307607490569353,0.7392241358757019,0.29192603478064905,0.19175426836841297,-0.3490251302719116,0.40748441219329834,0.04614064436692458,0.11920060861765783,49.0,0.19478894019051948,989.6461133128527,1777.4583959313622,0.007139827767181654,0.9538593556330754,0.29192603478064905,0.6125619822376369,0.17128763752074974,0.436052244350882,1000.0000000003223
612,72.82137663072825,18.98758533956165,37.45056757999998,46.08790412000002,42.377046143529434,2.2573144671265064,0.03172588720917702,0.752720057964325,0.2640428305571934,0.13741030806097027,-0.2775775194168091,0.24460148811340332,0.06777942009691922,0.08082021837755153,28.0,0.04794356771406564,426.2692709878523,1236.6415402032962,0.004967434189742203,0.9322205799030808,0.2640428305571934,0.15077040229156605,0.11917095126744305,0.13813062188191683,1118.050666803347
613,72.82612699311231,18.98758533956165,33.85822856000004,41.753854760000024,38.72296462000002,1.7769047979565973,-0.09671179950237274,0.7243902683258057,0.23936371425412736,0.1922672661305438,-0.3126050531864166,0.49115800857543945,0.03542858771558078,0.11157557864224361,43.0,0.1574759215418093,911.7114554320807,2670.7676121240934,0.010728139010388065,0.9645714122844192,0.23936371425412736,0.49522196978945454,0.257372817104933,0.40008230871564593,1414.2663024182189
614,72.83087735549637,18.98758533956165,36.82506992000003,42.56050748000001,40.332718000000014,1.0023654227160013,0.0,0.7027190327644348,0.24689349480395048,0.15402260543946655,-0.34465351700782776,0.5025761127471924,0.05347374682156545,0.10062966072699199,56.0,0.16353140490889403,726.9839947026154,5477.69711451074,0.022003223281016168,0.9465262531784345,0.24689349480395048,0.514264934400897,0.5278670937932907,0.5197057981578546,1802.8687256285527
615,72.83562771788043,18.98758533956165,37.08825746000002,43.555151300000034,39.98786199058825,1.5173388476913392,-0.04908565804362297,0.685029923915863,0.17339092902417452,0.1491605996811222,-0.25934213399887085,0.45303624868392944,0.0683281779739092,0.10349326586663556,73.0,0.1828151250609594,623.4490571451277,8308.631697921897,0.03337473295571818,0.9316718220260908,0.17339092902417452,0.5749073601449433,0.8006746587288415,0.6652142795785025,2236.2013989399234
616,72.84037808026449,18.98758533956165,36.70885724000004,41.51459336000005,39.77183879000002,0.8382379759343225,-0.06195869296789169,0.667067289352417,0.2546492205925708,0.15440280624174138,-0.29554176330566406,0.360763281583786,0.035530597038988795,0.09734894160982802,39.0,0.07393732862074594,471.9661558718218,5786.42105486232,0.02324332868475528,0.9644694029610112,0.2546492205925708,0.2325142101855537,0.5576177729146494,0.36255563527719203,2692.7555289089546
617,72.84512844264854,18.98758533956165,37.90174622000001,43.45261070000004,41.13677928000002,1.137202739935193,0.006833713036030531,0.6912325024604797,0.21148474351415095,0.1349412853834025,-0.2722347676753998,0.26064908504486084,0.058611835983564266,0.08289088359428677,34.0,0.1865088464345999,1365.6274180666483,2548.817223490783,0.010238279572341153,0.9413881640164358,0.21148474351415095,0.5865231802436496,0.24562087173644986,0.45016225684076966,2828.5326048364377
618,72.8498788050326,18.98758533956165,38.35634288000006,45.29834149999999,42.456204648235314,1.6708747014611935,0.007590132765471935,0.7278106212615967,0.21173411243366747,0.15576739896487385,-0.3131495714187622,0.2740434408187866,0.07494806829488503,0.10011005734394102,11.0,0.24618381578147125,5571.5819455700075,2869.4807011394587,0.011526344602092464,0.925051931705115,0.21173411243366747,0.7741858754528146,0.2765221235752301,0.5751203747017808,2500.0671274690717
619,72.85462916741666,18.98758533956165,40.23283586000002,44.994137720000026,41.92333717000002,0.9439494549709869,0.02777777798473835,0.7408000230789185,0.2720342313326322,0.142998935991213,-0.29516440629959106,0.2453760802745819,0.048848404517540564,0.088568086711395,6.0,0.0701814860458208,2911.943996382169,1560.0562691821715,0.006266550651519613,0.9511515954824594,0.2720342313326322,0.2207030346105011,0.15033733186628565,0.19255675351281493,2236.101333606694
620,72.85937952980072,18.98758533956165,29.336188100000015,43.182587119999994,34.267172772941194,5.10987353074545,-0.1557951420545578,0.5713825225830078,0.08905187066995873,0.1225489402119961,-0.3308957815170288,0.22502277791500092,-0.025671789781102593,0.1078362595298744,7.0,0.0267387193355058,950.9425302907481,422.56357161663095,0.0016973849452307404,1.0256717897811025,0.08905187066995873,0.08408651385768177,0.04072101830918908,0.0667403156382847,2061.5618578013473
621,72.86412989218478,18.98758533956165,28.898681539999984,29.486580979999985,29.170927950000017,0.14480980354669523,-0.25850746035575867,0.07550335675477982,-0.14789874382738796,0.05504256413471395,-0.41697415709495544,0.0671834647655487,-0.15409779674602006,0.07544264323132605,0.0,0.0,0.0,0.0,0.0,1.15409779674602,0.0,0.0,0.0,0.0,2000.0000000006446
622,72.86888025456884,18.98758533956165,27.780988999999977,29.069582540000056,28.821295780000025,0.1933105888376674,-0.2774498164653778,0.005016722250729799,-0.17714387713738208,0.04929007501182392,-0.2895148694515228,0.10925373435020447,-0.15449515864534197,0.07250190152631801,0.0,0.0,0.0,0.0,0.0,1.154495158645342,0.0,0.0,0.0,0.0,2000.0000000006446
623,72.8736306169529,18.98758533956165,28.594477760000018,29.028566300000023,28.84224281529414,0.09779708193770636,-0.2540894150733948,-0.05340699851512909,-0.16581078871241156,0.024903868786693047,-0.3121525049209595,0.02077484503388405,-0.2140910598466981,0.041566822723714626,0.0,0.0,0.0,0.0,0.0,1.214091059846698,0.0,0.0,0.0,0.0,2061.5618578013473
624,72.87838097933695,18.98758533956165,28.563715580000007,28.93286174000002,28.74100582000002,0.08420394388432441,-0.24788135290145874,-0.016393441706895828,-0.16171126455630896,0.02700612756232021,-0.3531777858734131,-0.05699481815099716,-0.20962786980395048,0.042624130088780465,0.0,0.0,0.0,0.0,0.0,1.2096278698039504,0.0,0.0,0.0,0.0,1802.8170107241906
625,72.88313134172101,18.98758533956165,28.65942014000001,30.368430139999987,29.46306813000002,0.5092311709728989,-0.20369555056095123,0.00749375531449914,-0.1234978557082842,0.029279065597828616,-0.33193862438201904,0.040606386959552765,-0.18162954654333727,0.0523545207264706,0.0,0.0,0.0,0.0,0.0,1.1816295465433373,0.0,0.0,0.0,0.0,1581.1506232931176
626,72.88788170410507,18.98758533956165,28.587641720000022,30.55983925999999,29.54325624588237,0.6648766416873882,-0.22033898532390594,0.002994012087583542,-0.11148029831220518,0.028852050131237282,-0.2948361933231354,0.019220778718590736,-0.14973027067364386,0.04177007642743853,0.0,0.0,0.0,0.0,0.0,1.1497302706736439,0.0,0.0,0.0,0.0,1500.0000000004834
627,72.89263206648913,18.98758533956165,28.57055162000006,32.32353757999999,29.394797090000015,1.0296965128505728,-0.22325581312179565,0.0067437379620969296,-0.11473916107753537,0.02502385611879469,-0.18669527769088745,0.07912932336330414,-0.08194896769973467,0.03934146553992174,0.0,0.0,0.0,311.9691323532013,0.0012531409335810792,1.0819489676997347,0.0,0.0,0.030063407268769302,0.012025362907507721,1581.1506232931176
628,72.89738242887319,18.98758533956165,28.57738766,31.968063500000028,29.801121609411783,0.9877137694477185,-0.16347144544124603,0.013593380339443684,-0.08478836059570312,0.022837542339702994,-0.1836542934179306,0.09070099890232086,-0.06445280221792368,0.04580399120534423,0.0,0.0,0.0,1062.6540108169188,0.004268548074433003,1.0644528022179236,0.0,0.0,0.10240436312401209,0.04096174524960484,1802.8170107241906
629,72.90213279125724,18.98758533956165,28.324454180000032,31.51004882000001,29.53904647000002,0.9088609220278528,-0.1460195779800415,0.033055298030376434,-0.0879330098853921,0.025620734780913115,-0.17289972305297852,0.09540636092424393,-0.05694592745798939,0.03709924243805136,0.0,0.0,0.0,1010.0483860064634,0.004057237867909252,1.0569459274579893,0.0,0.0,0.09733493746841783,0.038933974987367136,2121.3994536273285
630,72.9068831536413,18.98758533956165,28.611567860000036,31.609171400000037,29.855291510000015,0.7364049190326453,-0.13430602848529816,0.028875380754470825,-0.07575373811541863,0.02750216737667126,-0.19911177456378937,0.12105877697467804,-0.04528107265256486,0.04605390143352279,0.0,0.0,0.0,1003.1774672833576,0.004029638247913886,1.0452810726525648,0.0,0.0,0.09667281033319383,0.038669124133277534,1802.8170107241906
631,72.91163351602536,18.98758533956165,28.36547042000001,31.75272824000001,29.738852144705906,0.8604680504424747,-0.11958850920200348,0.022522522136569023,-0.06894142006928065,0.028343264036814583,-0.23491322994232178,0.13711340725421906,-0.06388026399432488,0.05217609814876565,0.0,0.0,0.0,1005.0880427024706,0.004037312790091584,1.0638802639943248,0.0,0.0,0.09685692600678382,0.03874277040271353,1581.1506232931176
632,72.91638387840942,18.98758533956165,28.10228288000002,31.25711534000004,29.062523100000018,0.8577557806292495,-0.14427103102207184,0.024747474119067192,-0.08065638128316627,0.03164084922447655,-0.18598106503486633,0.08033540844917297,-0.0688757266638414,0.04488838810752653,0.0,0.0,0.0,1005.3832168542318,0.004038498467691534,1.0688757266638413,0.0,0.0,0.09688537093873166,0.03875414837549267,1500.0000000004834
633,72.92113424079348,18.98758533956165,27.93479990000003,31.13406662,29.206314510000023,0.8787391301968545,-0.1832706779241562,0.05175159126520157,-0.09733830290020637,0.03749030267746664,-0.19265566766262054,0.1017804965376854,-0.05589907088369694,0.04522832939491392,0.0,0.0,0.0,1005.3811200070054,0.004038490044918835,1.0558990708836968,0.0,0.0,0.09688516887267572,0.03875406754907029,1581.1506232931176
634,72.92588460317754,18.98758533956165,27.890365640000027,31.03152602,29.101953200000022,0.8662811904821726,-0.17210236191749573,0.022605592384934425,-0.10613851295327241,0.03326092247640419,-0.13150474429130554,0.09459815174341202,-0.012857647302015772,0.036294457518871115,0.0,0.0,0.0,1005.37525429944,0.004038466483106167,1.0128576473020157,0.0,0.0,0.09688460361433068,0.038753841445732275,1802.8170107241906
635,72.9306349655616,18.98758533956165,28.006578320000017,31.161410779999983,29.023137680000016,0.8946656466476026,-0.20588235557079315,0.02494199573993683,-0.12049421202461674,0.0393850680367466,-0.16580945253372192,0.07667560130357742,-0.010826963748572008,0.03456174342828235,0.0,0.0,0.0,1005.3672347836053,0.004038434269715425,1.010826963748572,0.0,0.0,0.09688383080078718,0.03875353232031487,2061.5618578013473
636,72.93538532794565,18.98758533956165,28.433830820000026,31.01785394000001,29.007596924705904,0.739071994200843,-0.1953914910554886,0.01703033596277237,-0.11538069504957933,0.035576772678265374,-0.19830776751041412,0.09132160991430283,-0.05643201387845553,0.046943170686462025,0.0,0.0,0.0,672.9499902444134,0.002703155830409222,1.0564320138784555,0.0,0.0,0.06484990830864336,0.025939963323457344,2236.101333606694
637,72.94013569032971,18.98758533956165,28.03050446000003,30.898223239999993,28.677012890000018,0.5941899663427456,-0.20267757773399353,0.01305316761136055,-0.0974451374557783,0.02896843769027369,-0.20452310144901276,0.1229785606265068,-0.05924968215654481,0.03459144892053971,0.0,0.0,0.0,0.0,0.0,1.059249682156545,0.0,0.0,0.0,0.0,2500.0671274690717
638,72.94488605271377,18.98758533956165,27.992906240000025,29.98561189999998,28.37131233000002,0.3892696616131153,-0.1734766960144043,-0.01715686358511448,-0.11435656277638562,0.019121656642454594,-0.10980135202407837,0.043948907405138016,-0.016216825089364683,0.022817161439935504,0.0,0.0,0.0,0.0,0.0,1.0162168250893646,0.0,0.0,0.0,0.0,2828.5326048364377
639,72.94963641509783,18.98758533956165,0.0,29.305425920000005,16.797442984705892,14.05494062306233,-0.1981566846370697,0.0,-0.07547109927771227,0.06545071728584487,-0.06483469158411026,0.053359255194664,-0.00260738804655255,0.015239106500578971,0.0,0.0,0.0,0.0,0.0,1.0026073880465525,0.0,0.0,0.0,0.0,3201.6553057167557
640,72.80237518119202,18.992076895436607,28.748288660000014,29.302007900000035,29.06502518000002,0.12018315717394956,-0.2238806039094925,0.0,-0.11662317815816628,0.027706447686313817,-0.10678466409444809,0.1447513848543167,0.040702814066185145,0.027333999618753616,0.0,0.0,0.0,0.0,0.0,0.9592971859338149,0.0,0.0,0.0,0.0,2121.370837448853
641,72.80712554357608,18.992076895436607,29.10376273999998,31.80058052000004,29.440959907500016,0.3428174284521485,-0.23613962531089783,-0.0357142873108387,-0.13760090378095519,0.026614123764751845,-0.07048984616994858,0.131855309009552,0.04267202125405366,0.02648818901287703,0.0,0.0,0.0,0.0,0.0,0.9573279787459463,0.0,0.0,0.0,0.0,1802.802044963495
642,72.81187590596014,18.992076895436607,30.023210120000044,44.92919533999998,37.90741359875001,3.9760384594938705,-0.2248704731464386,0.6234177350997925,0.02714968699329304,0.13682004445275156,-0.26588526368141174,0.3773377239704132,0.05565593215654481,0.07317880053348076,21.0,0.05357196221819759,635.082239918223,2046.7485361333256,0.008221532534417434,0.9443440678434551,0.02714968699329304,0.1684702803795844,0.19723821505798453,0.17997745425094447,1581.1463573408464
643,72.8166262683442,18.992076895436607,36.77721764,43.42868456000002,39.61060193437501,1.4254601142916679,-0.05485232174396515,0.714115560054779,0.24082068810096155,0.16871371020219242,-0.29032257199287415,0.45483359694480896,0.059335250854492184,0.11132834884619235,28.0,0.10879218747797965,967.2781700767495,1422.6562247604472,0.00571463188108888,0.9406647491455078,0.24082068810096155,0.3421239314116015,0.13709655556563347,0.2601129810732143,1500.0000000004834
644,72.82137663072825,18.992076895436607,36.51744812000004,41.702584460000026,38.54168250125002,1.1732346020527045,-0.06051282212138176,0.7404230833053589,0.292855754348467,0.18354689968348895,-0.2950631380081177,0.3631221652030945,0.013411538465967718,0.1095014120909379,30.0,0.07652270760438613,635.0103183908558,3063.672907115427,0.012306390372823975,0.9865884615340322,0.292855754348467,0.240644573611245,0.2952357678792011,0.2624810513184274,1581.1463573408464
645,72.82612699311231,18.992076895436607,36.924192500000004,43.326143960000024,40.789664548750025,1.2999600359945542,-0.10044977813959122,0.6651870608329773,0.24692046543337265,0.16239122375140866,-0.26892513036727905,0.4674859046936035,0.038656953055903595,0.09266970862316343,44.0,0.27545435597031825,1558.5067114191952,1103.7947155160496,0.00443380513273864,0.9613430469440964,0.24692046543337265,0.8662343259536979,0.10636895331075479,0.5622881768965207,1802.802044963495
646,72.83087735549637,18.992076895436607,38.510153779999996,42.375934400000006,40.066705846250024,0.8156084697480565,-0.00921942200511694,0.6616652011871338,0.20449568838443397,0.14594859130155238,-0.27379342913627625,0.34925374388694763,0.04824697530494546,0.09213203305007979,87.0,0.26399840052015067,755.4291719960207,4593.786236695817,0.018452663986023476,0.9517530246950545,0.20449568838443397,0.8302082416589887,0.44268760020493175,0.6751999850773659,2121.370837448853
647,72.83562771788043,18.992076895436607,36.001327100000026,42.26997577999998,39.365877706250025,1.2717558278114691,-0.06968933343887329,0.6763310432434082,0.2012321500958137,0.14524542418731426,-0.26065412163734436,0.4681338965892792,0.0676784241874263,0.10008951824122114,41.0,0.1141371095070561,693.0342880161518,7240.4367700921475,0.029083927711590282,0.9323215758125737,0.2012321500958137,0.3589323602157952,0.6977363362238397,0.494453950619013,2500.076169498419
648,72.84037808026449,18.992076895436607,36.756709520000015,42.047804480000025,39.28710058312502,1.1466265891647067,-0.009523809887468815,0.6869773268699646,0.21443416955336084,0.1466317442502238,-0.3040868043899536,0.4213075041770935,0.06319363576061321,0.11192878442862547,66.0,0.23951328779319406,903.4359859363741,4697.689189884568,0.01887002913615432,0.9368063642393868,0.21443416955336084,0.7532087509657972,0.4527003754259263,0.6330054007498488,2915.578001575482
649,72.84512844264854,18.992076895436607,34.46663612000003,43.08346454000002,39.97581974500002,1.6283264253639287,0.009668508544564247,0.6927343606948853,0.21467501658313679,0.13277547221187366,-0.31460675597190857,0.2859535813331604,0.05373661832989387,0.09660915705363071,54.0,0.11305486757239079,521.2033692733071,4541.885373301735,0.018244184717844825,0.9462633816701062,0.21467501658313679,0.35552898287768314,0.4376860900168965,0.3883918257333685,2500.076169498419
650,72.8498788050326,18.992076895436607,35.84751620000003,44.35154996000006,40.797914990000024,1.469656418250454,-0.03170609101653099,0.6391359567642212,0.20121084537146228,0.1340713797966108,-0.29595014452934265,0.4669067859649658,0.053055581146816036,0.0897144664874828,36.0,0.08209127272083616,567.6834025209533,6156.666244849463,0.02473055724334582,0.9469444188531839,0.20121084537146228,0.25815630339742107,0.5932970462194338,0.3922126005262262,2121.370837448853
651,72.85462916741666,18.992076895436607,37.1292737,45.56494706000001,42.25980479687502,1.6950069779321364,0.01220657303929329,0.6472166180610657,0.18871927114633413,0.12012419366526604,-0.3218514621257782,0.23662066459655762,0.06961836594801683,0.08058835332172302,21.0,0.1655760551042967,1962.8628035719119,5138.675466008281,0.020641415778126504,0.9303816340519832,0.18871927114633413,0.5206948424616598,0.49519672728946695,0.5104955963927826,1802.802044963495
652,72.85937952980072,18.992076895436607,29.50708910000003,42.83053106,32.087442875000015,2.8521731459041573,-0.21469219028949738,0.7097902297973633,0.18523285487912736,0.22457597719058803,-0.4300960600376129,0.2645556628704071,-0.12282160920916864,0.12963424152849173,0.0,0.0,0.0,0.0,0.0,1.1228216092091687,0.18523285487912736,0.0,0.0,0.0,1581.1463573408464
653,72.86412989218478,18.992076895436607,26.09932316000004,29.807874860000027,29.068336386875014,0.6730682606808317,-0.23820483684539795,0.06185567006468773,-0.112353250755454,0.058108808741651044,-0.4087730348110199,0.13288426399230957,-0.12123604252653301,0.08668834269603935,0.0,0.0,0.0,0.0,0.0,1.121236042526533,0.0,0.0,0.0,0.0,1500.0000000004834
654,72.86888025456884,18.992076895436607,26.109577220000006,29.31226196,28.616374450625017,0.5895169196564909,-0.26491647958755493,-0.010319409891963005,-0.19263192806603774,0.04002880067705088,-0.3122923672199249,0.1150442510843277,-0.14312950278228184,0.05934826411253402,0.0,0.0,0.0,0.0,0.0,1.1431295027822819,0.0,0.0,0.0,0.0,1500.0000000004834
655,72.8736306169529,18.992076895436607,28.474847060000002,29.12768888000005,28.914200858750018,0.09392596551376386,-0.25752508640289307,-0.029209621250629425,-0.17578791780291864,0.05454168105001567,-0.3571920096874237,0.06683322787284851,-0.16617272718897405,0.08612920780710115,0.0,0.0,0.0,0.0,0.0,1.1661727271889741,0.0,0.0,0.0,0.0,1581.1463573408464
656,72.87838097933695,18.992076895436607,28.526117360000057,29.893325360000006,28.922500866875023,0.16519063702344047,-0.259217232465744,0.11435941606760025,-0.1800517301739387,0.07197459359847319,-0.433004230260849,0.04378040134906769,-0.22334115658166273,0.06631615600657405,0.0,0.0,0.0,0.0,0.0,1.2233411565816628,0.0,0.0,0.0,0.0,1414.2472249659018
657,72.88313134172101,18.992076895436607,28.57396964000003,33.58478696000003,29.648118029375016,1.0472531096178106,-0.2669491469860077,0.2697495222091675,-0.007910837137474204,0.08845086435485638,-0.4397834837436676,0.14298056066036224,-0.1759758254716981,0.08895046593212695,0.0,0.0,0.0,236.03162225444146,0.0009481094659445792,1.175975825471698,0.0,0.0,0.022745566955995576,0.00909822678239823,1118.0446338726472
658,72.88788170410507,18.992076895436607,30.053972300000055,34.37776760000003,31.869544100000017,1.1267217066469613,-0.19226637482643127,0.34516581892967224,-0.03684940266159346,0.06546566067638834,-0.3074168860912323,0.11761517822742462,-0.1011406779739092,0.07076234753294287,0.0,0.0,0.0,1126.447879528714,0.004524800055490345,1.1011406779739092,0.0,0.0,0.10855196190042488,0.04342078476016995,1000.0000000003223
659,72.89263206648913,18.992076895436607,30.200947160000055,33.12677228000001,31.391142075625023,0.6667066250890921,-0.17839482426643372,0.0935143306851387,-0.05724444695238797,0.050835197032441576,-0.22428499162197113,0.07365792989730835,-0.08340693059957252,0.03943296506541619,0.0,0.0,0.0,810.3328308235682,0.003255005495158966,1.0834069305995726,0.0,0.0,0.07808902673333246,0.031235610693332985,1118.0446338726472
660,72.89738242887319,18.992076895436607,29.219975420000026,31.496376740000017,30.427717707500022,0.438030372674649,-0.25198638439178467,0.059991367161273956,-0.10280746459960938,0.053407562706650584,-0.1869601607322693,0.11488573253154755,-0.06289331876314604,0.04051250411599944,0.0,0.0,0.0,0.0,0.0,1.062893318763146,0.0,0.0,0.0,0.0,1414.2472249659018
661,72.90213279125724,18.992076895436607,28.51244528000001,32.22783302000005,29.58427938500002,0.8418657292103445,-0.18213357031345367,0.35297584533691406,-0.05136703203309257,0.05823608010467253,-0.20360887050628662,0.1785028725862503,-0.08373554733564269,0.04229318694736882,0.0,0.0,0.0,0.0,0.0,1.0837355473356427,0.0,0.0,0.0,0.0,1802.835053458203
662,72.9068831536413,18.992076895436607,29.155033040000035,32.268849260000025,30.32701038375002,0.564660656459884,-0.21524310111999512,0.4331586956977844,-0.0387459319492556,0.08696318734930045,-0.30024296045303345,0.20322422683238983,-0.044664968814489975,0.06740059306740419,0.0,0.0,0.0,0.0,0.0,1.04466496881449,0.0,0.0,0.0,0.0,1414.2472249659018
663,72.91163351602536,18.992076895436607,28.72436252,29.913833479999994,29.15551055750002,0.19785985654187402,-0.17744868993759155,0.1124705895781517,-0.08523076471292748,0.04262174741947954,-0.29813486337661743,0.06738787144422531,-0.09758339935878538,0.07327806783664652,0.0,0.0,0.0,0.0,0.0,1.0975833993587853,0.0,0.0,0.0,0.0,1118.0446338726472
664,72.91638387840942,18.992076895436607,28.160389220000013,29.25073759999998,28.633547627500022,0.28046230299441316,-0.16267123818397522,-0.0486309751868248,-0.10594845177992335,0.01933293661329596,-0.18859334290027618,0.03642469644546509,-0.019030770355800412,0.03064782371079949,0.0,0.0,0.0,0.0,0.0,1.0190307703558004,0.0,0.0,0.0,0.0,1000.0000000003223
665,72.92113424079348,18.992076895436607,28.761960740000006,29.29858988000001,29.11699569937501,0.13026994142030837,-0.15362556278705597,-0.01702442578971386,-0.10703350714917453,0.01971472337079016,-0.18691125512123108,0.020787479355931282,-0.05867133950287441,0.05807668103784551,0.0,0.0,0.0,0.0,0.0,1.0586713395028744,0.0,0.0,0.0,0.0,1118.0446338726472
666,72.92588460317754,18.992076895436607,28.47826508000003,29.237065519999987,28.799923381250014,0.19400262650310507,-0.16722185909748077,-0.05570920556783676,-0.12259165637897995,0.017792639365785498,-0.16265839338302612,0.02260604500770569,-0.04803471115400206,0.03510061862393526,0.0,0.0,0.0,0.0,0.0,1.048034711154002,0.0,0.0,0.0,0.0,1414.2472249659018
667,72.9306349655616,18.992076895436607,27.962144060000014,29.15845106000006,28.405169298125017,0.24875557356972788,-0.19185687601566315,-0.04049079865217209,-0.11787016094855543,0.018829684849620738,-0.2032070755958557,0.050623249262571335,-0.04968623899063974,0.040682093190549926,0.0,0.0,0.0,0.0,0.0,1.0496862389906398,0.0,0.0,0.0,0.0,1581.1463573408464
668,72.93538532794565,18.992076895436607,27.924545840000008,30.81619076000004,28.779339863750014,0.5121973803053493,-0.17241379618644714,-0.01942567527294159,-0.09955830500676081,0.024115635902051576,-0.1701333373785019,0.04629871994256973,-0.04224661313570463,0.03300782488725826,0.0,0.0,0.0,332.40931956037156,0.0013352466056588076,1.0422466131357047,0.0,0.0,0.03203315878881177,0.01281326351552471,1802.802044963495
669,72.94013569032971,18.992076895436607,28.46117498000001,30.942657499999996,28.986873576875023,0.6868186883022683,-0.15294118225574493,0.02381604164838791,-0.08111686850493809,0.03008809841621356,-0.2692885100841522,0.1011357456445694,-0.05676001206883844,0.0536674175921379,0.0,0.0,0.0,754.4521157166132,0.0030305396610871955,1.0567600120688385,0.0,0.0,0.07270399173304769,0.029081596693219077,2121.370837448853
670,72.94488605271377,18.992076895436607,28.416740720000007,31.356237920000012,29.209946854375023,0.887888851397498,-0.17766880989074707,0.02096177637577057,-0.08235091875184257,0.03412359621722152,-0.1942872554063797,0.11324599385261536,-0.052276910745872644,0.053606604905928286,0.0,0.0,0.0,0.0,0.0,1.0522769107458727,0.0,0.0,0.0,0.0,2500.0428456287655
671,72.94963641509783,18.992076895436607,0.0,31.298131580000017,17.160009604044127,14.37498006267999,-0.2002897560596466,0.02188868075609207,-0.06969473209021226,0.0653465777718691,-0.1529722660779953,0.13340505957603455,-0.012128447046819722,0.03128720173897151,0.0,0.0,0.0,0.0,0.0,1.0121284470468197,0.0,0.0,0.0,0.0,2828.4944499318035
672,72.80237518119202,18.996568451311564,29.031984319999992,29.48999900000001,29.26098049000002,0.10251360167069595,-0.21677614748477936,-0.02448979578912258,-0.11198275584094929,0.022819462319542152,-0.04524656757712364,0.11731207370758057,0.04301152067364387,0.02243991840134312,0.0,0.0,0.0,0.0,0.0,0.9569884793263561,0.0,0.0,0.0,0.0,2500.0185586765083
673,72.80712554357608,18.996568451311564,29.21313938000003,31.40409020000004,29.599487340000024,0.37563981933473656,-0.22942036390304565,0.02489626593887806,-0.1453392172759434,0.027321409306337814,-0.07140368968248367,0.15604908764362335,0.05639773962632665,0.024527954251471813,0.0,0.0,0.0,0.0,0.0,0.9436022603736733,0.0,0.0,0.0,0.0,2236.0771993958215
674,72.81187590596014,18.996568451311564,29.98561189999998,44.36864006000002,39.12836597176472,3.956064269898864,-0.21763868629932404,0.6959385275840759,0.08316038887455779,0.17938215415627348,-0.25177234411239624,0.24432209134101868,0.037315155605100236,0.07325338665951017,41.0,0.08203632879439318,498.12010276961166,4227.098868986368,0.01697972675394,0.9626848443948998,0.08316038887455779,0.25798351863633084,0.4073511821670046,0.31773058404860033,2061.5553134505994
675,72.8166262683442,18.996568451311564,37.201052119999986,43.31247188000003,39.95899214000003,1.26056573245738,-0.018290406093001366,0.7578840255737305,0.1998254159780649,0.13753741597551014,-0.3031674325466156,0.5230162143707275,0.0644812481219952,0.09250802862305352,65.0,0.16987719291038667,650.6290167944849,4478.588835596174,0.017989930453153686,0.9355187518780048,0.1998254159780649,0.5342208337104377,0.4315864173428998,0.49316706716342257,2000.0000000006446
676,72.82137663072825,18.996568451311564,36.753291500000046,40.673760440000024,38.719244352941196,0.8166933293602975,-0.05804311856627464,0.6921226978302002,0.1982956220518868,0.14249833828186367,-0.23682361841201782,0.4314115345478058,0.06165748452240566,0.10800728146464084,62.0,0.20348487595137943,817.0566234992815,3611.5975077304615,0.01450733487129887,0.9383425154775944,0.1982956220518868,0.6399085022293443,0.348037403401968,0.5231600626983938,2061.5553134505994
677,72.82612699311231,18.996568451311564,36.97888082000003,43.80466676000003,40.773363330000016,1.6562124254670987,-0.10133542865514755,0.6597569584846497,0.13203134212853773,0.1309740030777997,-0.3330170810222626,0.43478259444236755,0.08985686104252653,0.10780122895478317,54.0,0.27094433285051084,1249.102335879268,4820.50838946487,0.019363378478965226,0.9101431389574735,0.13203134212853773,0.8520514431909256,0.4645360451588744,0.6970452839781052,2236.0771993958215
678,72.83087735549637,18.996568451311564,38.58193219999998,41.66156822000005,40.40298847000002,0.6416580860185531,-0.10325581580400467,0.6303972601890564,0.15600963664504716,0.12745376250484894,-0.27878788113594055,0.4972776770591736,0.07634957943322523,0.08929514697018011,49.0,0.22890193952637544,1162.960867082517,5791.887152027653,0.023265285312493236,0.9236504205667748,0.15600963664504716,0.719838742780637,0.5581445221606808,0.6551610545326545,2500.0185586765083
679,72.83562771788043,18.996568451311564,34.89730664000001,42.35200826000005,39.44814598823532,1.053160506817176,-0.1007252186536789,0.7562568187713623,0.28103907171285375,0.1799285425080372,-0.34586918354034424,0.5002071857452393,0.028752778251216096,0.11638595905873791,53.0,0.2430161595717625,1141.4870595082007,5884.26277064123,0.023636346603321482,0.9712472217487839,0.28103907171285375,0.7642243973269586,0.5670464472426158,0.6853532172932215,2828.4562868504277
680,72.84037808026449,18.996568451311564,35.66977916000002,39.95597624000004,37.893580950000015,1.0226973598356353,0.01380846370011568,0.709659993648529,0.2693087595813679,0.1623479923542863,-0.3211301267147064,0.4334365427494049,-0.0011577462250331662,0.10571451933799446,55.0,0.17485884338116697,791.4739413012937,5015.1674155287055,0.020145299407525054,1.0011577462250332,0.2693087595813679,0.5498868652839529,0.48329467533153364,0.5232499893029852,2692.630268036472
681,72.84512844264854,18.996568451311564,35.509132220000026,39.12539737999998,37.500374610000016,0.7336971540821193,0.017667844891548157,0.7633135914802551,0.3491762326798349,0.16764892804403395,-0.3922522962093353,0.40407103300094604,-0.02798994820072966,0.10468505229653005,51.0,0.10198640807383705,497.8331691256736,4239.498592695387,0.017029534891135047,1.0279899482007298,0.3491762326798349,0.3207214754077027,0.4085461014882611,0.35585132583992607,2236.104864853564
682,72.8498788050326,18.996568451311564,35.86460629999999,43.445774659999984,40.141424522352956,2.0844037794613737,0.0007262164144776762,0.6871604323387146,0.18955495006633255,0.12407719973189546,-0.2830544412136078,0.3841303288936615,0.06877261755601415,0.09383566520970449,51.0,0.12057703219914208,588.5808432434271,4955.913980866988,0.01990728578140193,0.9312273824439858,0.18955495006633255,0.3791842893338598,0.4775846227860407,0.41854442271473213,1802.8013738970335
683,72.85462916741666,18.996568451311564,38.882717960000036,43.74656042000004,41.368109980000014,0.9644930961083779,-0.011326860636472702,0.614654004573822,0.14905821580153245,0.12264639993759158,-0.24765342473983765,0.25554484128952026,0.045856273357684794,0.06673028398319772,23.0,0.047221679616426177,511.1228574058786,9804.723259251243,0.039384345386746865,0.9541437266423152,0.14905821580153245,0.14850024668821774,0.9448479286300793,0.46703931946496235,1414.2281434252138
684,72.85937952980072,18.996568451311564,31.03152602,44.95653950000002,40.12419249764708,3.769221271517708,-0.07427341490983963,0.6716596484184265,0.125598674270342,0.14542906468680522,-0.39849624037742615,0.18663239479064941,0.008023868056963075,0.09747238075807645,1.0,0.0029436154337535315,732.8123503438056,3951.882791429911,0.0158742182385169,0.9919761319430369,0.125598674270342,0.009256926513803812,0.3808295421442171,0.15788597276596913,1118.0385996979107
685,72.86412989218478,18.996568451311564,29.120852839999998,35.73472154000001,30.107063310000015,1.1849889334533419,-0.18924403190612793,0.20683111250400543,0.032032902555645636,0.08147072336797652,-0.3534482717514038,0.15147407352924347,-0.08267189457731428,0.06515635542240551,0.0,0.0,0.0,0.0,0.0,1.0826718945773144,0.032032902555645636,0.0,0.0,0.0,1000.0000000003223
686,72.86888025456884,18.996568451311564,27.685284440000032,29.41480256,28.476310330000025,0.3448645490532935,-0.24723675847053528,0.1195652186870575,-0.05776828981795401,0.07250429299053167,-0.4141414165496826,0.07932542264461517,-0.1374799965912441,0.0784544457077354,0.0,0.0,0.0,0.0,0.0,1.137479996591244,0.0,0.0,0.0,0.0,1000.0000000003223
687,72.8736306169529,18.996568451311564,28.290273980000052,31.469032580000032,28.982109612941198,0.6611423246469632,-0.21794871985912323,0.1156592071056366,-0.05180920294995578,0.07744610920689392,-0.3928077518939972,0.06593406945466995,-0.14026376400353774,0.07459300126616697,0.0,0.0,0.0,208.91466274817225,0.0008391840357417797,1.1402637640035378,0.0,0.0,0.020132397533179983,0.008052959013271993,1118.0385996979107
688,72.87838097933695,18.996568451311564,28.3278722,32.13212845999999,29.73300235000002,0.9862475840496917,-0.2414591759443283,0.1336805522441864,-0.03721997818856869,0.08368356418773222,-0.42996516823768616,0.07682119309902191,-0.12011056576135024,0.08140469635085493,0.0,0.0,0.0,1126.0528479381699,0.004523213263064971,1.1201105657613502,0.0,0.0,0.10851389404575933,0.04340555761830373,1118.052432426782
689,72.88313134172101,18.996568451311564,28.68676430000005,32.34404570000004,30.04934792000002,0.925823932207541,-0.21827411651611328,0.5688716173171997,0.036463579861622936,0.08263881156716309,-0.35423198342323303,0.07463917881250381,-0.06624356251842571,0.05478938081466874,0.0,0.0,0.0,880.440230521398,0.0035366181394792203,1.0662435625184257,0.036463579861622936,0.0,0.0848450390790796,0.03393801563163184,707.1140717126069
690,72.88788170410507,18.996568451311564,30.973419680000006,34.630701079999994,33.242973132941195,1.0663903026066337,-0.2298850566148758,0.6900889873504639,0.13330140311762972,0.16295084081042288,-0.40851423144340515,0.12234042584896088,-0.09485517969671285,0.09055064495295391,0.0,0.0,0.0,0.0,0.0,1.0948551796967128,0.13330140311762972,0.0,0.0,0.0,500.00000000016115
691,72.89263206648913,18.996568451311564,30.81619076000004,35.5569845,33.08492946000002,1.0330143693278664,-0.09954564273357391,0.6441856026649475,0.23801453788325472,0.21962067865590926,-0.27987420558929443,0.13435186445713043,-0.10098886165978774,0.07516477113065459,0.0,0.0,0.0,0.0,0.0,1.1009888616597878,0.23801453788325472,0.0,0.0,0.0,707.1140717126069
692,72.89738242887319,18.996568451311564,30.66921590000004,43.620093680000025,36.37637496235296,4.308432615110674,-0.24556489288806915,0.6963151097297668,0.08263902517465445,0.19966184851529079,-0.24423830211162567,0.622879147529602,0.13803777841421275,0.22281534096604846,0.0,0.0,0.0,0.0,0.0,0.8619622215857873,0.08263902517465445,0.0,0.0,0.0,1118.052432426782
693,72.90213279125724,18.996568451311564,29.60621168,41.80170704,34.481525730000016,3.6138747404516494,-0.08685766160488129,0.5535006523132324,0.08293638985112028,0.115659632301438,-0.20184899866580963,0.34755197167396545,0.010095802163178066,0.11254447997150417,19.0,0.011541327694871048,151.22161781385,0.0,0.0,0.9899041978368219,0.08293638985112028,0.036294558425696684,0.0,0.02177673505541801,1581.1681737641154
694,72.9068831536413,18.996568451311564,29.431892660000017,39.460363340000015,32.944667770000024,2.6046209751036904,-0.2562646269798279,0.6758840084075928,0.1335868403596698,0.12224049520116241,-0.36361163854599,0.2146214097738266,-0.04133690888026975,0.07828795909601648,0.0,0.0,0.0,0.0,0.0,1.0413369088802698,0.1335868403596698,0.0,0.0,0.0,1118.052432426782
695,72.91163351602536,18.996568451311564,28.54320746000002,33.35919764000005,30.18446024000002,0.9957651125205284,-0.07591300457715988,0.7014426589012146,0.08639081271189564,0.17011204623125994,-0.42534908652305603,-0.008388901129364967,-0.12389449209537146,0.07220945566015494,0.0,0.0,0.0,0.0,0.0,1.1238944920953715,0.08639081271189564,0.0,0.0,0.0,707.1140717126069
696,72.91638387840942,18.996568451311564,28.4304128,30.566675300000043,29.334490260000017,0.5053182190259697,-0.18044444918632507,0.6752873659133911,-0.0012005212172022405,0.12648545722315638,-0.41011929512023926,0.030716722831130028,-0.10377782281839623,0.062164521277057766,0.0,0.0,0.0,0.0,0.0,1.1037778228183963,0.0,0.0,0.0,0.0,500.00000000016115
697,72.92113424079348,18.996568451311564,28.891845500000045,29.828382980000015,29.054424850000025,0.11992668874411755,-0.16570104658603668,0.06949646025896072,-0.08828958187463148,0.0469779912876463,-0.19220055639743805,0.06996770948171616,-0.04477050205446639,0.04135356573645178,0.0,0.0,0.0,0.0,0.0,1.0447705020544664,0.0,0.0,0.0,0.0,707.1140717126069
698,72.92588460317754,18.996568451311564,28.047594559999993,29.24731958000001,28.726787067058844,0.3212898276198989,-0.18164581060409546,-0.0035813767462968826,-0.10144072910524764,0.028825880740977954,-0.15047447383403778,0.09993552416563034,-0.01345356635327609,0.033493930209473194,0.0,0.0,0.0,0.0,0.0,1.013453566353276,0.0,0.0,0.0,0.0,1000.0000000003223
699,72.9306349655616,18.996568451311564,27.99974228000002,29.021730260000027,28.424805460000016,0.2508553576528919,-0.21279212832450867,0.004905968904495239,-0.09357125912072524,0.03288076449940349,-0.21633446216583252,0.10894597321748734,-0.027003571132443987,0.04396504083160407,0.0,0.0,0.0,0.0,0.0,1.027003571132444,0.0,0.0,0.0,0.0,1118.0385996979107
700,72.93538532794565,18.996568451311564,27.921127820000038,28.963623920000032,28.424227248235308,0.2696259229307146,-0.1748899668455124,-0.012058212421834469,-0.10176314133864182,0.02735229704419517,-0.16573745012283325,0.0691988617181778,-0.01994868205143855,0.033466367084718895,0.0,0.0,0.0,0.0,0.0,1.0199486820514385,0.0,0.0,0.0,0.0,1414.2281434252138
701,72.94013569032971,18.996568451311564,28.15013515999999,28.94995184000004,28.63721418000002,0.17430527561988787,-0.16501182317733765,-0.030975496396422386,-0.10767995006633255,0.024922392114664717,-0.18575213849544525,0.038224413990974426,-0.028692005085495284,0.04600983031760963,0.0,0.0,0.0,0.0,0.0,1.0286920050854953,0.0,0.0,0.0,0.0,1802.7870760732485
702,72.94488605271377,18.996568451311564,28.08177476000003,28.847411240000042,28.663050390000016,0.13594420908819232,-0.1594066470861435,-0.023677978664636612,-0.11222315374410377,0.020508104494790687,-0.17034068703651428,0.03559563308954239,-0.0613308370338296,0.04638169574646029,0.0,0.0,0.0,0.0,0.0,1.0613308370338297,0.0,0.0,0.0,0.0,2121.342215137821
703,72.94963641509783,18.996568451311564,0.0,28.734616580000022,16.844467370588248,14.093157643255864,-0.1750909835100174,0.0,-0.059364785248378536,0.053615381438539084,-0.1906387060880661,0.00645469781011343,-0.052980980063384434,0.054428646643474285,0.0,0.0,0.0,0.0,0.0,1.0529809800633845,0.0,0.0,0.0,0.0,2500.0185586765083
704,72.80237518119202,19.00106000718652,28.28001992000003,29.71900634000002,29.285409280000025,0.4336688760764057,-0.18647541105747223,0.01998857781291008,-0.10393598448555424,0.027580651158196367,-0.07423053681850433,0.15270936489105225,0.052822138948260614,0.02381329663812628,0.0,0.0,0.0,0.0,0.0,0.9471778610517394,0.0,0.0,0.0,0.0,2915.471031085382
705,72.80712554357608,19.00106000718652,29.363532260000056,31.26395137999998,29.757676880000023,0.33947225739788356,-0.26224157214164734,-0.021350258961319923,-0.1454891564711085,0.03257932682097036,-0.07293550670146942,0.18135304749011993,0.05988841506670106,0.03187235705221722,0.0,0.0,0.0,0.0,0.0,0.9401115849332989,0.0,0.0,0.0,0.0,2692.5800376510506
706,72.81187590596014,19.00106000718652,30.156512900000052,43.45944674000003,38.93394095176472,3.2264515862869243,-0.25731584429740906,0.6722632646560669,0.11175671847361439,0.18956511996963882,-0.22366805374622345,0.31960228085517883,0.02434818483748526,0.0793673427149249,37.0,0.09993174068089988,672.3779101308654,3193.704325171207,0.012828710293991075,0.9756518151625148,0.11175671847361439,0.3142600657926311,0.30776645464702107,0.3116626213343871,2549.509132125683
707,72.8166262683442,19.00106000718652,37.864148,45.605963299999985,40.89162012000002,1.685122117211845,-0.004651162773370743,0.674500584602356,0.2515197988656851,0.15560462639621778,-0.29955291748046875,0.4386339485645294,0.03504347874568059,0.10144575906996753,75.0,0.19594914699180316,650.419903398972,6483.548249301877,0.026043601316458106,0.9649565212543194,0.2515197988656851,0.6162105393749405,0.624797556396699,0.619645346183644,2500.000000000806
708,72.82137663072825,19.00106000718652,34.99984724000001,42.194779340000025,39.859822251764726,1.418554618149322,-0.12274368107318878,0.7626037001609802,0.1876133871978184,0.1404687559609182,-0.240145742893219,0.4560289978981018,0.07000609199955778,0.08725070919721489,88.0,0.2597572474919651,734.846635715624,7945.480660290291,0.031916000718666654,0.9299939080004422,0.1876133871978184,0.8168708873750263,0.7656790248273609,0.7963941423559602,2549.509132125683
709,72.82612699311231,19.00106000718652,35.01010130000003,43.175751080000055,38.576056780000016,1.604563354449946,-0.10997963696718216,0.735990047454834,0.20450835605837264,0.16498792839556617,-0.30234524607658386,0.5740100145339966,0.04279266645323555,0.12264145894565855,38.0,0.314055560025792,2057.475150438728,2226.5001449406936,0.008943572234866198,0.9572073335467645,0.20450835605837264,0.9876253559056712,0.21456026798684363,0.6783993207381401,2692.5800376510506
710,72.83087735549637,19.00106000718652,36.903684380000016,43.56540536,41.04613473000001,1.3600753621398818,-0.021873246878385544,0.6836892366409302,0.18397179945459904,0.13916763778802557,-0.25892454385757446,0.3930170238018036,0.06582423372088739,0.0915989253185313,51.0,0.3096489150615679,1511.5102454615462,3068.970641431689,0.012327670708083006,0.9341757662791126,0.18397179945459904,0.9737675713124472,0.2957462925684553,0.7025590598148505,2915.471031085382
711,72.83562771788043,19.00106000718652,37.96327058000003,46.96633526000005,41.61376324823532,2.321199881817899,0.007481296546757221,0.70372474193573,0.2825797833136792,0.17004250228067422,-0.2993890047073364,0.3111811876296997,0.05614765095260908,0.1439490133216466,35.0,0.4105932662509251,2920.488409559138,3455.751474420832,0.013881320873685068,0.9438523490473909,0.2825797833136792,1.0,0.3330190497101512,0.7332076198840605,3041.3624138494724
712,72.84037808026449,19.00106000718652,35.150240120000035,39.426183140000035,37.62889663000002,0.7179070015246336,-0.049800798296928406,0.7650243639945984,0.2526755739607901,0.1632940388099852,-0.30187302827835083,0.39451277256011963,0.0076340139137124115,0.10525891414125947,92.0,0.2420309240071068,654.9297825911381,6876.371294029778,0.02762152228988685,0.9923659860862876,0.2526755739607901,0.7611260805032918,0.6626525809920247,0.7217366806987849,2549.494139963025
713,72.84512844264854,19.00106000718652,35.741557580000006,40.26359804000003,38.11289273000002,0.9282054160427357,-0.023290758952498436,0.7199772596359253,0.28605344376474057,0.1602101986878218,-0.30793923139572144,0.35503560304641724,0.01549701618698408,0.09976833561165939,56.0,0.11051801772870021,491.31131760157217,6413.742007171132,0.025763198384367792,0.9845029838130159,0.28605344376474057,0.34755123133095556,0.6180705655843423,0.4557589650323103,2061.540452334558
714,72.8498788050326,19.00106000718652,33.30792733999999,43.801248740000005,39.35180276705884,2.0481485566300472,-0.03438974916934967,0.6272264719009399,0.21556969984522406,0.13152151614887947,-0.22515782713890076,0.4518451988697052,0.06705655079967571,0.0906312961942056,53.0,0.13309653853940132,625.1764354921298,3278.040197571715,0.013167476931180982,0.9329434492003243,0.21556969984522406,0.41855497235582695,0.3158936166525008,0.37749043007449645,1581.1297647866202
715,72.85462916741666,19.00106000718652,36.900266360000046,41.897411600000055,39.84348317000002,1.2970709518651469,-0.0025884383358061314,0.6923511028289795,0.1710800523024339,0.11451470891990052,-0.315489262342453,0.29404348134994507,0.05929198044996995,0.07618080789332247,49.0,0.07799328275907706,396.25324246611217,7890.773557679953,0.03169624913901031,0.94070801955003,0.1710800523024339,0.24526916077161365,0.7604070868831707,0.4513243312162365,1118.0282908554077
716,72.85937952980072,19.00106000718652,32.35429976,41.97260804000001,38.602073681176485,1.80031110870895,-0.03614457696676254,0.7092235684394836,0.24750409971992923,0.14333226289090015,-0.3283582031726837,0.31116583943367004,0.01065811445128243,0.09940128267478773,24.0,0.07514843963209632,779.5077446824795,3514.106562093181,0.01411572595246107,0.9893418855487176,0.24750409971992923,0.23632284819701882,0.33864253160294416,0.27725072155938896,707.1045288982294
717,72.86412989218478,19.00106000718652,28.93286174000002,36.16197404000002,31.783032450000018,1.8168515816182251,-0.1772063970565796,0.6605345606803894,0.1636377644089033,0.1685058463606817,-0.44634413719177246,0.16888576745986938,-0.11423276505380306,0.10043367457929689,0.0,0.0,0.0,1031.043562818294,0.0041415728637218836,1.114232765053803,0.1636377644089033,0.0,0.09935817145446257,0.039743268581785035,500.00000000016115
718,72.86888025456884,19.00106000718652,28.24925774000002,33.33185348000001,30.15355285000002,1.134123612200272,-0.07199999690055847,0.24865831434726715,0.05341945432267099,0.04497141905736597,-0.33172497153282166,0.09358569979667664,-0.08184271470555719,0.058182826897982265,0.0,0.0,0.0,1005.5358044988373,0.004039111393149804,1.0818427147055572,0.05341945432267099,0.0,0.0969000752925546,0.03876003011702184,500.00000000016115
719,72.8736306169529,19.00106000718652,28.635493999999994,33.09942812000003,29.918351416470607,0.8086435005166822,-0.12271973490715027,0.11714770644903183,0.026249588300596993,0.0368592687349509,-0.22978529334068298,0.06538461893796921,-0.09237863216760024,0.05063754855243829,0.0,0.0,0.0,857.1634757750461,0.0034431183308489322,1.0923786321676003,0.026249588300596993,0.0,0.08260193716525766,0.033040774866103066,707.1045288982294
720,72.87838097933695,19.00106000718652,28.73803459999999,30.494896880000056,29.603396840000023,0.496874523789981,-0.10796723514795303,0.10757717490196228,0.009464510071952387,0.03458641922198403,-0.18687090277671814,-0.00749063678085804,-0.09674084933298939,0.03241934174772818,0.0,0.0,0.0,0.0,0.0,1.0967408493329893,0.009464510071952387,0.0,0.0,0.0,999.9936295561603
721,72.88313134172101,19.00106000718652,28.710690440000008,31.76981834000003,30.022897360000023,0.7676711902688922,-0.2503618001937866,0.7118698954582214,0.10488088931677476,0.22392894421088444,-0.42865028977394104,0.06658212095499039,-0.1184555341612618,0.10667919342262024,0.0,0.0,0.0,0.0,0.0,1.1184555341612619,0.10488088931677476,0.0,0.0,0.0,499.99681477808014
722,72.88788170410507,19.00106000718652,29.98219388000001,33.95051510000002,31.79657114705884,0.7592109023861862,-0.1091269850730896,0.7160047888755798,0.5337319428066037,0.16872784179163053,-0.4285714328289032,0.0755336582660675,-0.2736313614755307,0.07473815902310302,0.0,0.0,0.0,0.0,0.0,1.2736313614755308,0.5337319428066037,0.0,0.0,0.0,0.0
723,72.89263206648913,19.00106000718652,31.639933580000047,40.89934976000001,34.597313950000014,2.4161109062899664,-0.2950085997581482,0.6610747575759888,0.30505721182193396,0.2739170340483466,-0.36351531744003296,0.30894941091537476,-0.1339371130601415,0.1304167132942366,19.0,0.022794430189570673,298.66673068676386,0.0,0.0,1.1339371130601414,0.30505721182193396,0.07168272144837325,0.0,0.04300963286902395,499.99681477808014
724,72.89738242887319,19.00106000718652,34.53841454000002,43.12448078,39.98397088823531,1.8273842737689625,-0.26501765847206116,0.6119003891944885,0.14577475914588342,0.14445170298822896,-0.39411425590515137,0.47947537899017334,0.0967355698805589,0.13640226382375997,4.0,0.0848554019833498,5281.182950543802,0.0,0.0,0.9032644301194411,0.14577475914588342,0.26684879126942407,0.0,0.16010927476165443,999.9936295561603
725,72.90213279125724,19.00106000718652,35.96372888000002,41.97260804000001,39.21150691000001,1.5915636793490742,-0.021404430270195007,0.6774406433105469,0.21255506983343161,0.11937725955570683,-0.22012723982334137,0.5363945364952087,0.12789412588443397,0.1043619355653025,20.0,0.018865323158685735,234.82588189659327,0.0,0.0,0.8721058741155661,0.21255506983343161,0.05932667295348106,0.0,0.03559600377208864,1499.9904443342405
726,72.9068831536413,19.00106000718652,33.36945170000001,41.83246922000001,37.59890518000002,1.5409213602048886,0.002258610911667347,0.71968674659729,0.333690715285967,0.15766694140950396,-0.35820695757865906,0.2189740687608719,0.005147470438255454,0.09694002810780715,0.0,0.0,0.0,563.1154494011432,0.002261964235543499,0.9948525295617445,0.333690715285967,0.0,0.05426552610184513,0.021706210440738054,999.9936295561603
727,72.91163351602536,19.00106000718652,32.214160940000056,42.26997577999998,36.2407777329412,2.058133492479479,0.01169036328792572,0.6931216716766357,0.3592184275501179,0.139989920368409,-0.3812912404537201,0.22417999804019928,-0.007130124074108196,0.12103274776593895,0.0,0.0,0.0,0.0,0.0,1.0071301240741082,0.3592184275501179,0.0,0.0,0.0,499.99681477808014
728,72.91638387840942,19.00106000718652,30.043718240000032,37.72400918000005,32.34885997000002,1.615828879696263,0.043339960277080536,0.7280296087265015,0.5915128887824292,0.13678235005219253,-0.4294095039367676,0.1225019097328186,-0.2734505131559552,0.11959653371580058,0.0,0.0,0.0,0.0,0.0,1.2734505131559553,0.5915128887824292,0.0,0.0,0.0,0.0
729,72.92113424079348,19.00106000718652,28.98755005999999,32.30644748000003,30.453098740000023,1.031768204647109,-0.1590651273727417,0.7420982122421265,0.26612072062942216,0.2963048705737656,-0.4522513747215271,0.004490057937800884,-0.18062324955778303,0.13571559649161954,0.0,0.0,0.0,0.0,0.0,1.180623249557783,0.26612072062942216,0.0,0.0,0.0,499.99681477808014
730,72.92588460317754,19.00106000718652,28.218495560000008,31.16482880000001,29.004521889411784,0.3570132494977389,-0.17047584056854248,0.5351392030715942,-0.03253971891583137,0.06853488738028873,-0.3087855279445648,0.08829215914011002,-0.09011057151938384,0.058383917571792836,0.0,0.0,0.0,0.0,0.0,1.090110571519384,0.0,0.0,0.0,0.0,500.00000000016115
731,72.9306349655616,19.00106000718652,28.15013515999999,28.96704194000006,28.650696370000016,0.2074566740034036,-0.17527519166469574,0.05735056474804878,-0.07807826204119989,0.022883157179638628,-0.23936571180820465,0.0770605280995369,-0.03936216246406987,0.0438188139338111,0.0,0.0,0.0,0.0,0.0,1.0393621624640699,0.0,0.0,0.0,0.0,707.1045288982294
732,72.93538532794565,19.00106000718652,27.931381880000004,28.95678787999998,28.49450363176473,0.3121482279789735,-0.12302576750516891,0.013854931108653545,-0.058570474477914664,0.025425354598224058,-0.13612434267997742,0.049909256398677826,-0.04754843491774339,0.033484520856777535,0.0,0.0,0.0,0.0,0.0,1.0475484349177433,0.0,0.0,0.0,0.0,1118.0282908554077
733,72.94013569032971,19.00106000718652,28.03392248,28.93286174000002,28.562978360000024,0.23850413341722268,-0.1413857638835907,0.017017828300595284,-0.0646197567345961,0.02340649434119355,-0.12587739527225494,0.058171745389699936,-0.034852749806530074,0.03169158070392248,0.0,0.0,0.0,0.0,0.0,1.03485274980653,0.0,0.0,0.0,0.0,1414.2090577964589
734,72.94488605271377,19.00106000718652,28.55687954000001,28.84057519999999,28.709796840000017,0.06473896878408053,-0.1677018702030182,0.009009009227156639,-0.07420122254569575,0.026787626600815167,-0.13069306313991547,0.06406684964895248,-0.015494557506633255,0.0309386061796659,0.0,0.0,0.0,0.0,0.0,1.0154945575066332,0.0,0.0,0.0,0.0,1802.7676869454579
735,72.94963641509783,19.00106000718652,0.0,28.813231040000005,16.85564394117648,14.102586023474652,-0.17133955657482147,0.0,-0.06147295106132075,0.054170678789272536,-0.19856630265712738,0.010232558473944664,-0.05451638275722288,0.052948883695720254,0.0,0.0,0.0,0.0,0.0,1.0545163827572228,0.0,0.0,0.0,0.0,2061.5520402819825
736,72.80237518119202,19.005551563061477,28.307364080000013,29.664318019999996,29.24933716125002,0.4513016944515418,-0.17622080445289612,0.002114164875820279,-0.1053113483932783,0.02332189537611041,-0.03923647850751877,0.14654162526130676,0.05578149183741156,0.02285122810830307,0.0,0.0,0.0,0.0,0.0,0.9442185081625885,0.0,0.0,0.0,0.0,3354.07958285052
737,72.80712554357608,19.005551563061477,29.322516020000023,30.002702,29.629983534375015,0.13111113357318308,-0.24298571050167084,-0.031185030937194824,-0.1458084509507665,0.029426327440074458,-0.0599294938147068,0.14406268298625946,0.0498661948150059,0.029831819249696127,0.0,0.0,0.0,0.0,0.0,0.9501338051849941,0.0,0.0,0.0,0.0,3162.267108550936
738,72.81187590596014,19.005551563061477,29.404548500000033,43.79099468000004,36.159322561250015,4.903758041493208,-0.2969697117805481,0.6101265549659729,-0.032798899524616745,0.13276109346380577,-0.22237569093704224,0.3529856503009796,0.03615884744896079,0.05879967043482953,11.0,0.018884898764165936,427.39918001654206,4632.956700653106,0.018610006834022513,0.9638411525510392,0.0,0.05938823328480544,0.4464623249732828,0.2142178699601964,3041.378522390813
739,72.8166262683442,19.005551563061477,36.01499918000002,41.866649420000044,38.248473491875025,1.2540629873010016,-0.007079645991325378,0.7544642686843872,0.29193040114182695,0.16427537646945814,-0.3550649881362915,0.3675762414932251,-0.017078358576847957,0.09368503904911528,97.0,0.1865647279883499,478.8169475624496,5474.510117500583,0.021990421513166564,1.017078358576848,0.29193040114182695,0.5866989136056265,0.5275599736998443,0.5630433376433137,3000.000000000967
740,72.82137663072825,19.005551563061477,34.770839900000055,41.70942050000002,38.53176773000002,1.4251377917774188,-0.03548387065529823,0.630094051361084,0.2380905439268868,0.15088789572246353,-0.296562135219574,0.4491609036922455,0.038325442907945165,0.10040196106404155,74.0,0.21429302663399502,720.9215831828437,5761.46991161513,0.023143103067217907,0.9616745570920548,0.2380905439268868,0.6738974042686003,0.5552133158595443,0.6264237689049779,3041.378522390813
741,72.82612699311231,19.005551563061477,34.986175160000016,46.258805120000034,39.60295886187502,2.2448057437977096,-0.06832297891378403,0.7287721633911133,0.23634710347877358,0.17525719967168527,-0.3162790834903717,0.4657461643218994,0.03874492717239092,0.09926798252083019,23.0,0.13639987231229903,1476.3789228244223,1758.17035984529,0.00706235014186172,0.961255072827609,0.23634710347877358,0.42894312212418445,0.16942891489682743,0.3251374392332416,3162.267108550936
742,72.83087735549637,19.005551563061477,35.17758428000002,43.914043400000025,38.925716176875014,2.1018147210432536,-0.059278350323438644,0.6356736421585083,0.1875624516325177,0.1287755377035148,-0.32764989137649536,0.4838709533214569,0.049741118808962266,0.10110456553948233,54.0,0.319293424886768,1472.0003871680963,4800.992405971833,0.019284985217459697,0.9502588811910377,0.1875624516325177,1.0,0.46265535601640667,0.7850621424065627,3354.07958285052
743,72.83562771788043,19.005551563061477,38.11366346,45.14794862000002,40.407644963750016,1.4016633954329862,-0.007472527679055929,0.7196924686431885,0.23295806308962264,0.16278510798739487,-0.30986490845680237,0.4945606589317322,0.03586502938900354,0.1070949356185224,62.0,0.17474642587213532,701.6625880626608,4073.374204308602,0.01636223402843973,0.9641349706109965,0.23295806308962264,0.5495333406325877,0.3925372575758039,0.4867349074098742,2999.8998970558473
744,72.84037808026449,19.005551563061477,37.58387035999999,39.94914019999999,38.89786168750001,0.49346258507457325,-0.05352591350674629,0.7145790457725525,0.20909304061025943,0.15674122322486067,-0.2925654351711273,0.4808831512928009,0.04892883876584611,0.10485577767665938,111.0,0.18730334111654548,420.08217543418385,7917.7266414106525,0.03180451630074649,0.9510711612341539,0.20909304061025943,0.5890216652026716,0.7630044641532652,0.658614784782909,2499.916580879872
745,72.84512844264854,19.005551563061477,35.55014846000006,39.573158000000035,38.098614677500024,0.9149687913501932,-0.03311258181929588,0.725668728351593,0.29806394181161555,0.17406071800299722,-0.2946140468120575,0.39050132036209106,0.007021496610821418,0.11115334394181735,137.0,0.1969363263746516,357.86314469738556,6382.223476094673,0.025636592392421317,0.9929785033891786,0.29806394181161555,0.619314969015506,0.6150332316368536,0.617602274064045,1999.933264703898
746,72.8498788050326,19.005551563061477,32.579889080000044,39.46719938000001,36.62585715875002,1.4181619162188444,-0.08020304888486862,0.7120963335037231,0.2586589309404481,0.16072685407070866,-0.2898969054222107,0.4421221911907196,0.024701114870467274,0.10239603502216782,67.0,0.12983585704023268,482.4269434393105,5790.754156613535,0.023260734211811313,0.9752988851295328,0.2586589309404481,0.40830095320760046,0.5580353392350773,0.46819470761859117,1499.9499485279237
747,72.85462916741666,19.005551563061477,34.34358740000005,40.94720203999998,38.70856509375002,1.646367604823396,0.00676090968772769,0.7218966484069824,0.2838830096905048,0.17333082389444565,-0.33195960521698,0.3372093141078949,0.003742686051588792,0.10682774206322522,40.0,0.07817485749761774,486.5402967021711,6762.595347696547,0.02716449856279043,0.9962573139484112,0.2838830096905048,0.24584016742967119,0.651688378905092,0.4081794520198395,999.966632351949
748,72.85937952980072,19.005551563061477,31.677531799999997,42.25630369999999,39.21801064250002,2.208655642244918,0.018672199919819832,0.626998245716095,0.22572330114976416,0.14868053692228503,-0.3179723620414734,0.25075164437294006,0.03219500271779186,0.09795640318998396,34.0,0.0661812287229215,484.5823789760736,2842.225600169108,0.011416864274929316,0.9678049972822081,0.22572330114976416,0.20812323643110175,0.2738956419280157,0.23443219862986733,499.9833161759745
749,72.86412989218478,19.005551563061477,29.41138454000003,42.94674373999999,34.37805243500002,3.78114656098242,-0.057603687047958374,0.6808362603187561,0.45298837337853776,0.18409985961657072,-0.41369518637657166,0.2549138069152832,-0.1306423662293632,0.20288150930345578,6.0,0.015237033604892354,632.2093051644889,0.0,0.0,1.1306423662293632,0.45298837337853776,0.04791661938971123,0.0,0.028749971633826737,0.0
750,72.86888025456884,19.005551563061477,29.288335820000043,40.84466143999998,31.800746673750016,1.6161760701210983,-0.06925880908966064,0.6794402003288269,0.480882407134434,0.19923249014796254,-0.4288395345211029,0.1583634912967682,-0.2645977207399764,0.10960921640268251,0.0,0.0,0.0,0.0,0.0,1.2645977207399763,0.480882407134434,0.0,0.0,0.0,0.0
751,72.8736306169529,19.005551563061477,29.01489422000003,32.11162034000006,30.32584311875002,0.8877231570697847,-0.13704918324947357,0.6718133091926575,0.29928245688384436,0.2675663493501467,-0.44147989153862,0.03269447758793831,-0.2380201577240566,0.10441552532084236,0.0,0.0,0.0,0.0,0.0,1.2380201577240566,0.29928245688384436,0.0,0.0,0.0,499.9833161759745
752,72.87838097933695,19.005551563061477,28.997804120000012,31.817670620000058,30.561702555625022,0.6483921844194422,-0.06162695214152336,0.6968085169792175,0.2635159013856132,0.2703738235461138,-0.4722598195075989,-0.006032482720911503,-0.2304591225678066,0.1104747218797978,0.0,0.0,0.0,0.0,0.0,1.2304591225678065,0.2635159013856132,0.0,0.0,0.0,500.00000000016115
753,72.88313134172101,19.005551563061477,29.503671080000004,31.872358940000026,30.57931485312502,0.6292414117588486,-0.23726347088813782,0.7104676961898804,0.27747892559699294,0.31502070706286855,-0.503320038318634,0.051465798169374466,-0.24662558501621462,0.12112533766851065,0.0,0.0,0.0,0.0,0.0,1.2466255850162147,0.27747892559699294,0.0,0.0,0.0,499.9833161759745
754,72.88788170410507,19.005551563061477,30.97000165999998,37.96327058000003,32.898644577500015,1.8539151575829675,0.11843876540660858,0.7036011219024658,0.5249305350825472,0.12967609658473786,-0.39653703570365906,0.22943077981472015,-0.19150042839770048,0.15628720184423595,0.0,0.0,0.0,949.7925199277163,0.003815197600328649,1.1915004283977004,0.5249305350825472,0.0,0.09152828400692448,0.03661131360276979,0.0
755,72.89263206648913,19.005551563061477,32.82940454000004,41.80170704,38.25902425500002,2.290003871020176,-0.05869872868061066,0.6935080885887146,0.25468646355395047,0.1586043692165641,-0.3650314509868622,0.2914485037326813,0.0323721658958579,0.1186945524173504,12.0,0.055826719550126434,1158.1706942309906,1974.9656414250699,0.007933189636479657,0.9676278341041421,0.25468646355395047,0.175560922278248,0.19032074094037785,0.18146484974309995,499.9833161759745
756,72.89738242887319,19.005551563061477,38.09657335999998,42.11616488000004,40.121385788750025,0.9298100695337561,-0.08085650205612183,0.6658682823181152,0.16706655649038463,0.11593267639597667,-0.22112128138542175,0.39255812764167786,0.07523171058067908,0.07411232785322866,13.0,0.028038659357679914,536.9398050904384,1453.9763827347563,0.005840441033128309,0.9247682894193209,0.16706655649038463,0.08817449665585385,0.140114772970033,0.10895060718152551,999.966632351949
757,72.90213279125724,19.005551563061477,37.40271530000001,43.476536839999994,40.29091846375002,1.308295401582818,0.0384138785302639,0.7117026448249817,0.2686528504569575,0.13689811771819957,-0.25427186489105225,0.6280784010887146,0.1935051914431014,0.1866784027043762,1.0,0.00025748987467975545,64.10204202972075,692.8563131360484,0.0027831170363927277,0.8064948085568986,0.2686528504569575,0.000809740572979556,0.06676821313515197,0.02719312959784852,1499.9499485279237
758,72.9068831536413,19.005551563061477,33.09601010000006,40.36955666000006,37.178063561875014,1.55416614309086,0.014862804673612118,0.6939399242401123,0.29927527085790095,0.12572392635565707,-0.21090522408485413,0.4974595904350281,0.07364544562573702,0.08380276928680913,23.0,0.009118487557303033,98.69762052867453,975.4364982156445,0.00391820624945386,0.926354554374263,0.29927527085790095,0.02867533858774304,0.09399950722521593,0.054805006042732196,999.966632351949
759,72.91163351602536,19.005551563061477,32.16972668000005,39.576576020000005,35.01247632125002,1.3085993347873692,0.023862238973379135,0.6186548471450806,0.3517093989534198,0.08664101991411832,-0.2078191488981247,0.22699612379074097,0.04027171296893426,0.060518713153178964,0.0,0.0,0.0,0.0,0.0,0.9597282870310657,0.3517093989534198,0.0,0.0,0.0,499.9833161759745
760,72.91638387840942,19.005551563061477,31.431434360000026,39.61759226000004,34.14949608375002,1.9027613820916087,0.018737493082880974,0.7250151634216309,0.4878171064268868,0.15825376065349384,-0.4161684513092041,0.28088507056236267,-0.12808338093307783,0.14035990246413427,0.0,0.0,0.0,0.0,0.0,1.128083380933078,0.4878171064268868,0.0,0.0,0.0,0.0
761,72.92113424079348,19.005551563061477,30.887969180000027,38.359760900000026,32.22305016562502,1.442727530108904,0.013940703123807907,0.7454545497894287,0.5766995872641509,0.13958813798472897,-0.45524492859840393,0.12756669521331787,-0.2915072228773585,0.10638337831173343,0.0,0.0,0.0,0.0,0.0,1.2915072228773585,0.5766995872641509,0.0,0.0,0.0,0.0
762,72.92588460317754,19.005551563061477,28.908935600000007,32.40557006000006,30.718576130000013,0.7327901122067135,-0.03149937093257904,0.7043941617012024,0.4032943322523585,0.2695384773881706,-0.44947367906570435,-0.012340514920651913,-0.25214221882370286,0.11885231313166184,0.0,0.0,0.0,0.0,0.0,1.2521422188237028,0.4032943322523585,0.0,0.0,0.0,0.0
763,72.9306349655616,19.005551563061477,28.727780540000026,30.874297100000035,29.33752919812502,0.6083707764747827,-0.13690952956676483,0.6322089433670044,0.03474306214530513,0.11658394435178282,-0.38147756457328796,0.002083728089928627,-0.10936050127137383,0.05956801663846192,0.0,0.0,0.0,0.0,0.0,1.1093605012713739,0.03474306214530513,0.0,0.0,0.0,499.9833161759745
764,72.93538532794565,19.005551563061477,28.62523994000003,29.01831224,28.82927814125002,0.064380310655242,-0.13900990784168243,0.09397023916244507,-0.06564929668719952,0.02981225413831121,-0.31202515959739685,0.05480363965034485,-0.08296928992638221,0.05271941907640425,0.0,0.0,0.0,0.0,0.0,1.0829692899263823,0.0,0.0,0.0,0.0,707.0949840399702
765,72.94013569032971,19.005551563061477,28.273183880000033,28.908935600000007,28.67056430937502,0.1150263517997871,-0.1470860242843628,0.005771450698375702,-0.07157616381375295,0.020589189477686426,-0.26617059111595154,0.03234381973743439,-0.05765892172759434,0.05554059067746245,0.0,0.0,0.0,0.0,0.0,1.0576589217275942,0.0,0.0,0.0,0.0,1118.0041439178385
766,72.94488605271377,19.005551563061477,28.39281458000005,28.820067080000058,28.61426192437502,0.09413055112597289,-0.15712322294712067,0.019129019230604172,-0.07035059515035377,0.030248957265383417,-0.17032508552074432,0.0571286641061306,-0.04574626418779481,0.03994079737232249,0.0,0.0,0.0,0.0,0.0,1.0457462641877948,0.0,0.0,0.0,0.0,1414.1899680799404
767,72.94963641509783,19.005551563061477,0.0,28.751706679999984,16.834003380294128,14.084496542191594,-0.15251262485980988,0.0,-0.053246966667895045,0.04788368071448065,-0.20012183487415314,0.046309694647789,-0.046949385157171286,0.050848365130646174,0.0,0.0,0.0,0.0,0.0,1.0469493851571712,0.0,0.0,0.0,0.0,1581.133554275468
768,72.80237518119202,19.010043118936434,28.21507754000004,29.68824416000001,28.969186580000013,0.5737425079357825,-0.20000000298023224,0.028700055554509163,-0.10778850051591982,0.025553921257147838,-0.06461538374423981,0.14530892670154572,0.04611096364147258,0.027467843097582018,0.0,0.0,0.0,0.0,0.0,0.9538890363585274,0.0,0.0,0.0,0.0,3807.850881891245
769,72.80712554357608,19.010043118936434,29.09692670000004,29.71900634000002,29.448781700000023,0.15372560471591365,-0.23709167540073395,-0.022908898070454597,-0.1326941608932783,0.027573974340268856,-0.03433242440223694,0.15568512678146362,0.044465009581367926,0.02401965260492535,0.0,0.0,0.0,0.0,0.0,0.9555349904186321,0.0,0.0,0.0,0.0,3640.038359915688
770,72.81187590596014,19.010043118936434,28.86791936000003,43.50046298000001,32.67014136588237,4.016547220857576,-0.25999999046325684,0.09348441660404205,-0.09872846495430425,0.07569999141630075,-0.13358646631240845,0.3191990554332733,0.026038000718602593,0.041970014749367054,0.0,0.0,0.0,2812.173743092166,0.011296149728752333,0.9739619992813974,0.0,0.0,0.2709996463797636,0.10839985855190544,3535.5296371859686
771,72.8166262683442,19.010043118936434,29.356696220000003,43.46286476,38.92812401000002,2.6927902616824637,-0.18875502049922943,0.723507285118103,0.18410520113431492,0.1836831120122827,-0.3007590174674988,0.33428436517715454,-0.0038164373544546273,0.0810829339662166,70.0,0.1255761305185909,446.60210461501197,4783.3121589161,0.01921396587931479,1.0038164373544547,0.18410520113431492,0.39490518998133634,0.4609515705686619,0.42132374221626656,3500.0000000011282
772,72.82137663072825,19.010043118936434,35.064789620000056,40.84124342000001,38.201621296470606,1.3659089859656879,-0.14399999380111694,0.7807051539421082,0.2113568230395047,0.16921389530332015,-0.32602423429489136,0.47447073459625244,0.03873226813550265,0.11549851610654245,55.0,0.3010779366715115,1362.7869003846329,5014.727723661141,0.02014353322036015,0.9612677318644973,0.2113568230395047,0.9468140106678146,0.483252303717433,0.7613893278876619,3535.5296371859686
773,72.82612699311231,19.010043118936434,36.71227526000001,46.23146096000005,40.318766670000024,2.1739000689327566,-0.05459985136985779,0.692307710647583,0.18940336407355543,0.145019794618226,-0.2672978937625885,0.4692823886871338,0.09099626649100825,0.12070555555266001,65.0,0.31212122330148045,1195.4231239531955,3784.287096522665,0.015201007321795634,0.9090037335089918,0.18940336407355543,0.9815423558287655,0.3646789134121908,0.7347969788621356,3640.038359915688
774,72.83087735549637,19.010043118936434,34.446128000000044,42.44087678000005,38.28912182000002,1.6217006179277826,-0.09895513206720352,0.7119171023368835,0.2147314453125,0.1487315940377855,-0.2871055603027344,0.5005675554275513,0.05349139519457547,0.10704553555584488,98.0,0.3083064549334069,783.1920142275112,6210.532137664806,0.02494692978860897,0.9465086048054245,0.2147314453125,0.9695458735282868,0.5984879196285702,0.8211226919684002,3535.3247312248604
775,72.83562771788043,19.010043118936434,36.92077447999998,42.17427122000004,39.471882895294144,1.1470162222243705,-0.06334841996431351,0.6956267952919006,0.174086649192954,0.1439224058571947,-0.2858097553253174,0.4833836853504181,0.07562213249926297,0.10130771154086114,63.0,0.20276455477095431,801.2410614808313,5877.019536057813,0.023607251437144164,0.924377867500737,0.174086649192954,0.6376432741845827,0.5663484412906103,0.6091253410269938,3041.2026165397633
776,72.84037808026449,19.010043118936434,38.38368704000004,45.014645840000014,41.23141152000002,1.685617002514761,-0.007001166697591543,0.7011070251464844,0.23663666347287735,0.15402626772403993,-0.30604287981987,0.3571920096874237,0.09989918834758255,0.12912015666521645,36.0,0.3999522876321542,2765.778480023883,2811.631687260251,0.011293972358362719,0.9001008116524174,0.23663666347287735,1.0,0.270947410297577,0.7083789641190308,2549.3617603846205
777,72.84512844264854,19.010043118936434,38.04530306000004,41.07708680000002,39.35281858000002,0.6623001476226159,-0.006979062687605619,0.6879910230636597,0.22838544737617925,0.1524419581454382,-0.255057156085968,0.31029900908470154,0.04542398128869399,0.09394625420956368,144.0,0.26053025856926215,450.40933933140036,7972.270453469928,0.03202361196270975,0.954576018711306,0.22838544737617925,0.8193018118276035,0.768260666340835,0.7988853536328961,2061.435676076102
778,72.8498788050326,19.010043118936434,36.05943344000002,40.94720203999998,38.458930788235314,1.3964416721785087,-0.042918454855680466,0.6538711786270142,0.2538883309994104,0.1578569624010381,-0.2812006175518036,0.4135020971298218,0.026827260143352006,0.10073722980278693,38.0,0.1392348071043319,912.17030410086,4888.25109519384,0.019635492443767357,0.973172739856648,0.2538883309994104,0.43785827548978923,0.47106417996649597,0.45114063728047193,1581.052920908151
779,72.85462916741666,19.010043118936434,36.88317626000003,42.12641894000001,39.28692675000001,1.1459109040057018,-0.0021551724057644606,0.6735321283340454,0.2601905470628005,0.15744253540685077,-0.2561531364917755,0.3643699586391449,0.024758412287785456,0.09041774767837286,76.0,0.09234668495343402,302.49585376148184,7109.655227534905,0.028558594634246568,0.9752415877122146,0.2601905470628005,0.2904069827210001,0.6851333625017958,0.44829753463331834,1117.9799916143197
780,72.85937952980072,19.010043118936434,37.50183788000004,42.492147079999995,39.891566077647084,1.0101704612507434,0.019955653697252274,0.7293952107429504,0.2769713434183373,0.15568406610506702,-0.27578336000442505,0.24083493649959564,0.040646765367040094,0.0882225107743817,24.0,0.028848054018465196,299.2381696346986,3680.1102671535537,0.014782542045348597,0.9593532346329599,0.2769713434183373,0.09071983828222266,0.3546397456725221,0.19628780123834244,707.0854371379809
781,72.86412989218478,19.010043118936434,38.479391599999985,44.95995751999999,42.11056871000002,1.4993693613510308,-0.015607156790792942,0.655125617980957,0.14406167084316038,0.113694983763258,-0.27429917454719543,0.2708999514579773,0.08418980436505012,0.06845663276951587,44.0,0.08144023020998477,460.78467307107115,2692.9141902131364,0.010817099040929512,0.9158101956349499,0.14406167084316038,0.25610893925766015,0.2595070077271856,0.25746816664547034,500.00000000016115
782,72.86888025456884,19.010043118936434,31.72196606,44.93944940000006,37.03735577000001,3.516267908226103,0.011777302250266075,0.6718506813049316,0.34896767670253537,0.19414014696382761,-0.35814520716667175,0.21403509378433228,-0.07847535331294221,0.14438242298814905,10.0,0.0546928234456185,1361.5765169778067,2926.4151721274643,0.0117550432415658,1.0784753533129423,0.34896767670253537,0.17199510563203824,0.2820087054560505,0.21600054556164314,499.969814501284
783,72.8736306169529,19.010043118936434,31.445106440000018,40.35246656000004,33.30213208117649,1.896425814995584,0.08975265175104141,0.6299244165420532,0.5106006780660377,0.09396217991263185,-0.3478395938873291,0.18337850272655487,-0.19529087282576651,0.08832106750762429,0.0,0.0,0.0,90.62438586065703,0.0003640268081845385,1.1952908728257665,0.5106006780660377,0.0,0.008733164720689307,0.0034932658882757227,0.0
784,72.87838097933695,19.010043118936434,30.682887980000032,34.23762878000002,31.94834845000002,0.5836196667581419,0.24582338333129883,0.7119620442390442,0.5544967017983491,0.08100947042714811,-0.43714433908462524,0.01692708395421505,-0.24319893315153301,0.08422753494997245,0.0,0.0,0.0,0.0,0.0,1.243198933151533,0.5544967017983491,0.0,0.0,0.0,0.0
785,72.88313134172101,19.010043118936434,29.760022580000054,32.593561160000036,31.361208570000016,0.6232940164252401,-0.11358574777841568,0.7233830690383911,0.5594373710200472,0.19740778186446534,-0.49715909361839294,-0.007792207878082991,-0.3164361917747642,0.07246186791816413,0.0,0.0,0.0,0.0,0.0,1.3164361917747642,0.5594373710200472,0.0,0.0,0.0,0.0
786,72.88788170410507,19.010043118936434,30.450462620000053,39.62101028000001,34.70163977882355,2.7529293612642816,-0.035078249871730804,0.7167567610740662,0.4315952056308962,0.17339697744768395,-0.45701077580451965,0.2698118984699249,-0.10368990916126179,0.16839604687121768,9.0,0.013493531708915665,373.24571729278927,2216.3235530885545,0.008902694139914723,1.1036899091612618,0.4315952056308962,0.042433746612694404,0.21357958434307683,0.11089208170484738,0.0
787,72.89263206648913,19.010043118936434,36.21666235999999,42.05805854000005,39.23181397000002,1.554309142667993,-0.018455229699611664,0.6280340552330017,0.19451881264740567,0.12944081457274875,-0.2455819696187973,0.32480281591415405,0.0707832192474941,0.08547721807754166,10.0,0.0628083101641302,1563.6113625687965,3165.191292744868,0.012714177013712828,0.9292167807525059,0.19451881264740567,0.19751626009929116,0.30501875041155785,0.24051725622419784,499.969814501284
788,72.89738242887319,19.010043118936434,38.57167814000002,42.17427122000004,40.45998635176472,0.7582516607294113,-0.20257055759429932,0.6538962125778198,0.1322629136305589,0.1166897259922269,-0.24827586114406586,0.3249855637550354,0.0875325423020583,0.07200957652619784,9.0,0.06560373301277157,1814.670385311917,1659.851503441633,0.006667415609163108,0.9124674576979417,0.1322629136305589,0.20630715838992975,0.1599542601450351,0.1877659990919719,999.939629002568
789,72.90213279125724,19.010043118936434,38.14442564000001,42.23579558000006,40.487601220000016,0.7815756165493668,-0.11352040618658066,0.5847974419593811,0.13235773050560143,0.09550421501748334,-0.2192021608352661,0.31329846382141113,0.08514264376658313,0.0700601301369654,25.0,0.032026547635085396,318.92005153591504,1099.344564498895,0.004415929433440608,0.9148573562334169,0.13235773050560143,0.10071539731356292,0.10594010734953073,0.10280528132795005,1499.9094435038521
790,72.9068831536413,19.010043118936434,32.20390687999998,41.323184240000046,38.196198590000016,2.4297635120575123,-0.032182563096284866,0.5293751955032349,0.15720970297759435,0.13123820174924916,-0.12472647428512573,0.30941498279571533,0.06761762511055425,0.05896858398096842,42.0,0.03242811082989948,192.21357972933552,0.0,0.0,0.9323823748894458,0.15720970297759435,0.10197821206253378,0.0,0.06118692723752027,1117.9799916143197
791,72.91163351602536,19.010043118936434,32.484184519999985,39.36807680000004,35.72418363058825,1.3065203376817234,0.16860657930374146,0.5505865216255188,0.3312760263119104,0.08091564560846705,-0.14781081676483154,0.22680658102035522,0.05577827885465802,0.06427368328951813,0.0,0.0,0.0,0.0,0.0,0.944221721145342,0.3312760263119104,0.0,0.0,0.0,707.0854371379809
792,72.91638387840942,19.010043118936434,34.251300860000015,41.20355354000003,37.41648791000002,1.640212896518536,0.019838353618979454,0.7329670190811157,0.36976028154481133,0.12686279775515252,-0.3062346577644348,0.23453131318092346,0.011689251593823703,0.08829307857972934,0.0,0.0,0.0,0.0,0.0,0.9883107484061763,0.36976028154481133,0.0,0.0,0.0,500.00000000016115
793,72.92113424079348,19.010043118936434,31.561319120000007,42.12300091999998,37.45739245000002,2.690935498829834,-0.010081300511956215,0.7755804061889648,0.35015595058225235,0.2179712905902559,-0.4184701144695282,0.3794087767601013,-0.07476167498894458,0.1458323398090724,2.0,0.08607240354277697,10713.852023036401,0.0,0.0,1.0747616749889446,0.35015595058225235,0.2706759535657015,0.0,0.1624055721394209,499.969814501284
794,72.92588460317754,19.010043118936434,30.594019460000027,40.014082580000036,32.48417269294119,1.415432654753107,0.08241439610719681,0.7302452325820923,0.5326854086821934,0.10283640704094321,-0.4114793837070465,0.09917590022087097,-0.2299491911114387,0.09958892480028954,0.0,0.0,0.0,0.0,0.0,1.2299491911114386,0.5326854086821934,0.0,0.0,0.0,0.0
795,72.9306349655616,19.010043118936434,29.240483540000014,31.920211220000056,30.753918010000024,0.6811665024767812,-0.005771450698375702,0.7047023773193359,0.5222951061320755,0.20967795219848911,-0.42216217517852783,-0.03456892818212509,-0.2951793742629717,0.09123744091924048,0.0,0.0,0.0,0.0,0.0,1.2951793742629718,0.5222951061320755,0.0,0.0,0.0,0.0
796,72.93538532794565,19.010043118936434,28.649166079999986,31.28104148,29.38786052000001,0.6055532009416317,-0.12158182263374329,0.7243793606758118,0.1764258282001202,0.22246220608734057,-0.45508259534835815,-0.03270488604903221,-0.1619482656625601,0.10454535183824422,0.0,0.0,0.0,0.0,0.0,1.1619482656625602,0.1764258282001202,0.0,0.0,0.0,499.969814501284
797,72.94013569032971,19.010043118936434,28.679928259999997,29.65406396000003,28.82147450000002,0.1607852123452942,-0.1666666716337204,0.1747116595506668,-0.05053659115197524,0.06656815191046578,-0.3568708896636963,-0.01077199261635542,-0.15167685454746463,0.055091869566411523,0.0,0.0,0.0,0.0,0.0,1.1516768545474647,0.0,0.0,0.0,0.0,707.0854371379809
798,72.94488605271377,19.010043118936434,28.526117360000057,28.90209956000001,28.742301540000025,0.08038728575870617,-0.1649305522441864,0.00938392523676157,-0.0872970235572671,0.02353551241115297,-0.3657490313053131,0.057183366268873215,-0.118101806640625,0.0913923961979705,0.0,0.0,0.0,0.0,0.0,1.118101806640625,0.0,0.0,0.0,0.0,1000.0000000003223
799,72.94963641509783,19.010043118936434,0.0,28.908935600000007,16.894897949411778,14.135480912852813,-0.14382117986679077,0.010433387011289597,-0.048113178757001766,0.04511896503490548,-0.18379224836826324,0.037550825625658035,-0.030835948440263855,0.04221658121194252,0.0,0.0,0.0,0.0,0.0,1.0308359484402638,0.0,0.0,0.0,0.0,1118.0204897107624
800,72.80237518119202,19.01453467481139,28.225331600000004,29.67115406000005,29.407050580000014,0.25748891436465465,-0.19572953879833221,0.011960478499531746,-0.1035596394089033,0.028504739926994455,-0.1225806474685669,0.16647791862487793,0.04096404165591834,0.032341946895778344,0.0,0.0,0.0,0.0,0.0,0.9590359583440816,0.0,0.0,0.0,0.0,4271.955852414288
801,72.80712554357608,19.01453467481139,29.1652871,29.81812892000005,29.491283550000016,0.15341917578326708,-0.25227272510528564,-0.028604118153452873,-0.12589020351193986,0.026834989013174555,-0.06842736899852753,0.19876161217689514,0.044469552669885025,0.030201687089847756,0.0,0.0,0.0,0.0,0.0,0.9555304473301149,0.0,0.0,0.0,0.0,4123.084433608174
802,72.81187590596014,19.01453467481139,29.216557400000056,32.614069280000024,30.34863164352943,0.7256635488502465,-0.23356926441192627,0.057591624557971954,-0.12403613972214032,0.04315872985131087,-0.1834992915391922,0.2358735054731369,0.024958962494472287,0.04221004440509048,0.0,0.0,0.0,1716.5134504506611,0.006895019553943854,0.9750410375055277,0.0,0.0,0.1654145798142428,0.06616583192569712,4031.1234552756187
803,72.8166262683442,19.01453467481139,29.695080200000007,42.998014040000044,36.69968667000002,4.470303891737344,-0.27550047636032104,0.6293754577636719,0.09418296227088341,0.1932064099486329,-0.21887226402759552,0.35704123973846436,0.01358135516826923,0.0711469120977314,32.0,0.06455537064311077,502.2201221693125,3599.023568895773,0.014456826933762752,0.9864186448317308,0.09418296227088341,0.20301032372039127,0.3468256955598862,0.2605364724561892,4000.000000001289
804,72.82137663072825,19.01453467481139,38.08973732000004,43.70896220000003,40.298204014117665,1.3453270540687858,-0.06728110462427139,0.7290768027305603,0.2727369545990566,0.15036261668952663,-0.3103748857975006,0.28141483664512634,0.004661100135659272,0.09015914309185313,177.0,0.20520942175108292,288.62619161991216,7650.902996274435,0.03073271913528543,0.9953388998643408,0.2727369545990566,0.6453317628749062,0.7372915743806133,0.6821156874771891,4031.1234552756187
805,72.82612699311231,19.01453467481139,36.281604740000034,40.967710160000024,38.61462679000002,0.8597157163811676,-0.006602336186915636,0.7339274287223816,0.24693228091833727,0.1563287309931829,-0.33673468232154846,0.44871342182159424,0.016858857352778596,0.09685504079671095,126.0,0.25620830284986507,506.2142462905327,5974.742179877447,0.023999791058562547,0.9831411426472214,0.24693228091833727,0.80571035350339,0.5757656410576832,0.7137324685251073,4122.766540374089
806,72.83087735549637,19.01453467481139,36.821651900000006,41.52826544000004,38.922539010000015,1.0976598872954868,-0.01368363481014967,0.7305948138237,0.21776657392393867,0.1413985123077228,-0.33470478653907776,0.37901949882507324,0.023031966011479214,0.09845585973883515,119.0,0.23535450387364723,492.3650993344297,6495.399632738117,0.026091206839451653,0.9769680339885208,0.21776657392393867,0.7401304267089686,0.625939634025516,0.6944541096355876,3639.760881086035
807,72.83562771788043,19.01453467481139,37.45056757999998,41.89399358000003,39.350265249411784,1.0031463536346334,-0.008146639913320541,0.7149425148963928,0.1924574020673644,0.12870434199932873,-0.3136289119720459,0.4023818075656891,0.0509662556198408,0.09564078546532499,122.0,0.25344511725507063,517.1729561232518,7586.283753141562,0.030473151728548687,0.9490337443801592,0.1924574020673644,0.7970208332278433,0.7310644370704266,0.7706382747648766,3162.0289720156125
808,72.84037808026449,19.01453467481139,37.52576402,42.79635086000002,40.16787114000002,1.1589358479192888,0.002518891589716077,0.7029328346252441,0.24434648621757077,0.16701687648729707,-0.31271111965179443,0.34826356172561646,0.018469052584666128,0.09608824091980826,53.0,0.11437421209755635,537.2345743627537,2629.286290288675,0.010561513735704924,0.9815309474153339,0.24434648621757077,0.3596779879331002,0.25337540279993953,0.31715695387983595,2692.379577915024
809,72.84512844264854,19.01453467481139,36.40807147999999,42.6835562,39.33051209000002,1.17736885615534,-0.009345794096589088,0.7436510324478149,0.24075953069722877,0.14936863968966146,-0.3085201680660248,0.4405665099620819,0.03300927504053656,0.10135589843258207,74.0,0.1733949993473565,583.333015586117,6462.949857937517,0.025960860158094467,0.9669907249594635,0.24075953069722877,0.5452834457974017,0.6228125592785637,0.5762950911898665,2235.911667890196
810,72.8498788050326,19.01453467481139,36.985716860000025,44.423328380000044,39.9078637647059,1.6497453935035182,-0.004694835748523474,0.7197768092155457,0.2537283037293632,0.15196230387659873,-0.2913992404937744,0.37095752358436584,0.053252862894310145,0.10871554938022504,97.0,0.2819234972361779,723.5544995471324,4678.0919264717095,0.01879130938339038,0.9467471371056898,0.2537283037293632,0.8865781401010225,0.45081185361323906,0.7122716255059092,1802.6665817524356
811,72.85462916741666,19.01453467481139,37.24548637999999,42.29048390000003,39.36436836000003,1.2782329990462693,-0.0032959789969027042,0.7293532490730286,0.22457909217247596,0.15912574401357615,-0.3808777332305908,0.3959057629108429,0.021733807783860425,0.10280000367305604,91.0,0.1480445263543291,405.00713222595033,6087.192759341608,0.024451490952935143,0.9782661922161395,0.22457909217247596,0.4655626157950301,0.5866021220343098,0.513978418290742,1414.1517763848274
812,72.85937952980072,19.01453467481139,36.99255290000002,43.83884696000001,40.199412591764734,1.5247157297064986,0.03381088748574257,0.7234762907028198,0.27572770028744104,0.15019540314386617,-0.33712783455848694,0.23056653141975403,0.02809058999115566,0.09935894700022124,51.0,0.0876726924535807,427.96265849805303,2089.0311297792477,0.008391376417611915,0.9719094100088443,0.27572770028744104,0.2757084577027231,0.20131284520991274,0.24595021270559897,1118.0144505611606
813,72.86412989218478,19.01453467481139,37.922254339999995,43.71238022,41.08555366000002,1.5132780761072724,-0.0016456390731036663,0.7352775931358337,0.2176466225678066,0.13954677696788284,-0.33684849739074707,0.3873606026172638,0.062372338636866156,0.09112079233205862,40.0,0.05428229702562571,337.83911792008234,4617.1697683706125,0.018546592704202558,0.9376276613631338,0.2176466225678066,0.1707041038054163,0.4449409918492232,0.2803988590229391,1000.0000000003223
814,72.86888025456884,19.01453467481139,31.81425260000003,42.998014040000044,35.82706393000002,2.8807175796055056,-0.07569721341133118,0.7913113832473755,0.3842005085495283,0.2423269576670874,-0.45862552523612976,0.21315544843673706,-0.16745878399543043,0.14551074670849942,0.0,0.0,0.0,1735.9951533704555,0.006973275114679973,1.1674587839954305,0.3842005085495283,0.0,0.16729196545412672,0.06691678618165069,707.0758881924137
815,72.8736306169529,19.01453467481139,31.663859720000005,43.78074062000002,37.62508766000002,2.7632801335622648,-0.22003035247325897,0.523809552192688,0.14169189453125,0.13754514405487075,-0.5050167441368103,0.28607451915740967,-0.007853274075490123,0.11390162615504966,0.0,0.0,0.0,3944.035304454316,0.015842695866156904,1.0078532740754902,0.14169189453125,0.0,0.38007330643844683,0.15202932257537874,500.00000000016115
816,72.87838097933695,19.01453467481139,31.055452160000016,40.01066456000001,33.654498930000024,1.769720888806651,-0.11777777969837189,0.5921568870544434,0.1138387658461085,0.18235473654087833,-0.6862093806266785,0.1651170253753662,-0.1169055866745283,0.11876972189944855,0.0,0.0,0.0,0.0,0.0,1.1169055866745283,0.1138387658461085,0.0,0.0,0.0,499.95630975409193
817,72.88313134172101,19.01453467481139,30.918731360000038,36.86266813999998,32.83421881000002,1.0418470846411052,-0.08140703290700912,0.6729776263237,0.4292064047759434,0.18838605282722604,-0.6621431708335876,0.1373954564332962,-0.20263704119988207,0.12698133264729208,0.0,0.0,0.0,0.0,0.0,1.2026370411998821,0.4292064047759434,0.0,0.0,0.0,0.0
818,72.88788170410507,19.01453467481139,31.29129554000002,41.25824186,37.64657742588237,2.191735402086259,-0.04921466112136841,0.7414966225624084,0.26302669885023583,0.18859864601659562,-0.4496709704399109,0.2517162561416626,0.010521672086895638,0.14431120732057587,25.0,0.12654194238872024,1260.1034381818358,3005.3675740517656,0.012072185152079794,0.9894783279131044,0.26302669885023583,0.39794242419523174,0.2896170806693089,0.3546122867848626,499.95630975409193
819,72.89263206648913,19.01453467481139,37.35486302000004,42.406696580000016,40.414124960000024,1.0912358680054843,-0.035768646746873856,0.7013061046600342,0.13169274672022405,0.14888166318312832,-0.3163444697856903,0.2719176113605499,0.06877433345002948,0.09529207340996562,12.0,0.026011511317029674,539.6299543087392,1424.5418976741253,0.005722206393021041,0.9312256665499705,0.13169274672022405,0.08179962844796014,0.13727827146922938,0.10399108565646784,707.0758881924137
820,72.89738242887319,19.01453467481139,37.99745078000001,43.69187210000001,41.39120165529414,1.1735102499368386,-0.0534529834985733,0.5049279928207397,0.09058493980994592,0.07613204120509266,-0.15156316757202148,0.3913944959640503,0.1009262202336238,0.061735180592974365,19.0,0.06718237072689463,880.2649971030352,995.3479602398163,0.003998188098689139,0.8990737797663761,0.09058493980994592,0.2112715749859259,0.09591830729249816,0.16513026790855478,1117.955833945098
821,72.90213279125724,19.01453467481139,38.01795890000005,42.24263162,39.68845474000001,1.056304633631953,-0.012554445303976536,0.5147750973701477,0.09639392780807783,0.05849034781369253,-0.2270987331867218,0.3215222954750061,0.07670049703346109,0.06193015749956102,33.0,0.05840140673003343,440.5762448952381,0.0,0.0,0.923299502966539,0.09639392780807783,0.1836576626836482,0.0,0.11019459761018892,1581.0144860078062
822,72.9068831536413,19.01453467481139,36.490103960000056,43.48337288000005,40.31303646000002,1.712246816788204,-0.12506596744060516,0.5263819098472595,0.15896244840801887,0.08749237354261612,-0.17615506052970886,0.4101140797138214,0.07432525058962264,0.058606345529461805,3.0,0.03989686486642342,3310.7716199227034,0.0,0.0,0.9256747494103774,0.15896244840801887,0.12546555571245388,0.0,0.07527933342747233,1414.1517763848274
823,72.91163351602536,19.01453467481139,33.48566438,41.603461880000054,35.62855003294119,1.6932371590548236,0.09943714737892151,0.5952245593070984,0.35555512050412735,0.09515821827682672,-0.16576534509658813,0.18262481689453125,0.03358017831478479,0.06922684313486105,0.0,0.0,0.0,0.0,0.0,0.9664198216852152,0.35555512050412735,0.0,0.0,0.0,1117.955833945098
824,72.91638387840942,19.01453467481139,33.69074558,40.64641628000004,37.38573690000002,1.8395815003266403,0.11791948974132538,0.693137526512146,0.3686664854805424,0.11316077838802613,-0.23862764239311218,0.28430837392807007,0.04451419470445165,0.08832417614857707,0.0,0.0,0.0,0.0,0.0,0.9554858052955484,0.3686664854805424,0.0,0.0,0.0,707.0758881924137
825,72.92113424079348,19.01453467481139,33.020813660000044,42.85103918000004,38.569567010000014,2.6986570759186885,-0.0011068069143220782,0.6625155806541443,0.33087641877948115,0.18956680146752067,-0.296283096075058,0.28960999846458435,-0.0076007591103607755,0.10774314192261751,6.0,0.028730412195384865,1192.0715279712706,0.0,0.0,1.0076007591103608,0.33087641877948115,0.09034988448366688,0.0,0.05420993069020012,499.95630975409193
826,72.92588460317754,19.01453467481139,30.450462620000053,40.885677680000015,35.20258668235296,3.099013460927265,0.004599211737513542,0.8240090012550354,0.467639851120283,0.216934023921641,-0.4514111876487732,0.22701802849769592,-0.15817541734227594,0.1578632648415737,2.0,0.014532848949572717,1808.974615673183,0.0,0.0,1.158175417342276,0.467639851120283,0.04570213663775405,0.0,0.027421281982652427,0.0
827,72.9306349655616,19.01453467481139,29.54126930000001,32.121874400000024,30.597359290000014,0.6524864716706454,0.3896353244781494,0.7352342009544373,0.5929366892688679,0.05851819877218447,-0.41848018765449524,-0.1274384707212448,-0.2881859890919811,0.05037068018536796,0.0,0.0,0.0,0.0,0.0,1.2881859890919811,0.5929366892688679,0.0,0.0,0.0,0.0
828,72.93538532794565,19.01453467481139,29.168705120000027,32.10820232000003,31.251059885882373,0.6006513607995325,0.08382229506969452,0.7343999743461609,0.6039008507361778,0.09541175668944017,-0.45099034905433655,-0.0885438546538353,-0.32162372295673075,0.06836112786338067,0.0,0.0,0.0,0.0,0.0,1.3216237229567307,0.6039008507361778,0.0,0.0,0.0,0.0
829,72.94013569032971,19.01453467481139,28.587641720000022,32.11503836000003,30.00244509000002,1.0019715104102853,-0.09716775268316269,0.7441493272781372,0.34589083689563677,0.2640938452521335,-0.48200562596321106,-0.0384785495698452,-0.23324819888708725,0.13315046550125811,0.0,0.0,0.0,0.0,0.0,1.2332481988870874,0.34589083689563677,0.0,0.0,0.0,499.95630975409193
830,72.94488605271377,19.01453467481139,28.331290220000028,29.59253960000001,28.853644100000018,0.26708618649326643,-0.11999999731779099,0.6787598133087158,-0.005931410879459021,0.10301242113842847,-0.4351687431335449,0.009626147337257862,-0.09194964714770047,0.05213908372594959,0.0,0.0,0.0,0.0,0.0,1.0919496471477004,0.0,0.0,0.0,0.0,500.00000000016115
831,72.94963641509783,19.01453467481139,0.0,28.926025700000025,16.91314710117648,14.151025795845669,-0.13476432859897614,0.0,-0.042988413684773,0.03915365687849359,-0.19806763529777527,0.026259148493409157,-0.029413210311025943,0.035628872163391154,0.0,0.0,0.0,0.0,0.0,1.0294132103110258,0.0,0.0,0.0,0.0,707.0758881924137
832,72.80237518119202,19.019026230686347,28.307364080000013,29.681408120000015,29.38629532375002,0.33573001666685226,-0.20681817829608917,-0.012644310481846333,-0.11557347711527123,0.02376694777163014,-0.07692307978868484,0.12627986073493958,0.04218090129348467,0.028970738924030476,0.0,0.0,0.0,0.0,0.0,0.9578190987065154,0.0,0.0,0.0,0.0,4743.362230197896
833,72.80712554357608,19.019026230686347,28.46117498000001,29.780530699999986,29.439191556875016,0.23222576053297198,-0.22289156913757324,-0.014396456070244312,-0.12475885355247641,0.025957625614449573,-0.1267973929643631,0.1659824103116989,0.05022522548459611,0.03141710567968067,0.0,0.0,0.0,0.0,0.0,0.9497747745154039,0.0,0.0,0.0,0.0,4609.747413995419
834,72.81187590596014,19.019026230686347,29.137942940000016,32.757626120000054,30.301200702500015,0.9421907820951376,-0.2926829159259796,0.03536345809698105,-0.12404447735480542,0.04376654966841459,-0.23392613232135773,0.23784494400024414,0.03247277025906545,0.05785131245997804,0.0,0.0,0.0,1061.8132816836342,0.004265170970797697,0.9675272297409345,0.0,0.0,0.10232334490869699,0.0409293379634788,4527.686252957371
835,72.8166262683442,19.019026230686347,29.13452491999999,45.64697954000002,37.78317178312502,5.470240296210011,-0.1720675528049469,0.5845697522163391,0.061714647733248196,0.13652339467802885,-0.1372712105512619,0.27467411756515503,0.07758436936598558,0.08333727387222871,1247.0,0.23520947449154483,46.95697016134475,4578.512184977422,0.01839131003319623,0.9224156306340144,0.061714647733248196,0.739674345959741,0.44121569164144453,0.6202908842324224,4500.000000001451
836,72.82137663072825,19.019026230686347,30.27614360000001,43.82859289999999,34.47553302500002,4.6218143065524675,-0.1104910746216774,0.594956636428833,0.1596438310731132,0.08506982737585685,-0.3404761850833893,0.2738853394985199,-0.025393898442106426,0.1145449646131915,1269.0,0.08646727038173006,16.962967730602745,726.1662947034549,0.002916919060599691,1.0253938984421065,0.1596438310731132,0.2719177099680539,0.06997818309090507,0.19114189921719438,4300.996411316846
837,72.82612699311231,19.019026230686347,30.624781640000037,38.84170172000006,33.65510560062502,2.759023924882473,-0.1114666685461998,0.6958698630332947,0.17407683750368513,0.1355586160794094,-0.267550528049469,0.3901750445365906,-0.040553436279296876,0.07077169125478772,43.0,0.09529367106043979,551.7054968490093,2352.30645233561,0.00944892041566238,1.040553436279297,0.17407683750368513,0.2996745091502141,0.2266837951693705,0.27047822355787665,4031.015366294886
838,72.83087735549637,19.019026230686347,31.35965594000004,40.48235132000002,38.01719934000002,1.6481277943571506,-0.01919720694422722,0.7018561363220215,0.23483601120283018,0.14515448356170205,-0.2906542122364044,0.40722495317459106,0.008057558311606353,0.08992111781663759,91.0,0.18558364558225188,507.7033372068814,6584.543854264836,0.026449288012882866,0.9919424416883936,0.23483601120283018,0.5836136574158755,0.634530160329192,0.603980258581202,3807.5185429752464
839,72.83562771788043,19.019026230686347,36.462759800000015,39.330478579999976,37.87045625750002,0.7830283180232818,-0.03790087625384331,0.7528207898139954,0.26860093602594337,0.16556904659252075,-0.340753436088562,0.38542449474334717,-0.005262314058699698,0.10093972219517615,161.0,0.2389243608010465,369.4419990033087,9424.748974313541,0.03785803627221389,1.0052623140586996,0.26860093602594337,0.7513567244321023,0.9082310954402866,0.8141064728353761,3353.795012731256
840,72.84037808026449,19.019026230686347,38.26063832,43.616675660000055,40.88284119812502,1.5540577326270206,-0.014820042066276073,0.6547978520393372,0.1737432861328125,0.12216368403413096,-0.2642642557621002,0.4268605709075928,0.07861557294737619,0.0932437356066443,126.0,0.24466447897512325,483.40605452991133,8027.913894789997,0.03224712469769583,0.9213844270526238,0.1737432861328125,0.7694079452229318,0.773622836070971,0.7710939015621474,2915.230716453493
841,72.84512844264854,19.019026230686347,35.792827880000004,43.77732260000005,39.99161621937502,2.229411646322523,-0.019455252215266228,0.7226053476333618,0.1954599977889151,0.15302479074870134,-0.3161592483520508,0.3159739673137665,0.04618010323002653,0.10069588046643954,114.0,0.1567488771909164,342.3034655110032,6665.311879709875,0.02677372305569058,0.9538198967699735,0.1954599977889151,0.4929355990729136,0.6423135010236151,0.5526867598531942,2499.81696995981
842,72.8498788050326,19.019026230686347,36.11070374000002,40.14396734000002,37.57693379000002,0.7559285918595128,0.013041210360825062,0.7481974363327026,0.3203490750294811,0.17186264392095618,-0.32657110691070557,0.30318257212638855,-0.03266190726802034,0.10128795165247323,196.0,0.2938876792220417,373.2819727959888,8627.513133568475,0.03465563974593039,1.0326619072680203,0.3203490750294811,0.9242024683916554,0.8314041812235196,0.887083153524401,2121.199011610261
843,72.85462916741666,19.019026230686347,35.68003322000004,39.26553620000004,37.39713728125002,0.9055564742949215,0.0033085194882005453,0.7557122707366943,0.3727814424954928,0.19528595879742436,-0.3255523145198822,0.39234042167663574,-0.057986297607421876,0.11279127346067819,132.0,0.1892681613428069,356.9565378283834,8417.527220348577,0.03381215263120733,1.057986297607422,0.3727814424954928,0.5952005281882298,0.8111685509154318,0.6815877372791106,1802.7121846889063
844,72.85937952980072,19.019026230686347,35.77915580000001,43.78757666000001,39.14017529000002,1.7861352500018757,-0.0008467400330118835,0.7435333132743835,0.29034990418632073,0.18117420755650404,-0.3271889388561249,0.35859519243240356,-0.002401894623378538,0.10594221412178591,54.0,0.09962726142408017,459.2996784720843,5936.028921106243,0.02384428474653554,1.0024018946233786,0.29034990418632073,0.3133025554898115,0.5720349756025437,0.41679552353490434,1581.1207433992984
845,72.86412989218478,19.019026230686347,38.84853776,43.59616754000001,41.200906948125024,1.275187945212291,-0.004616805352270603,0.6947835683822632,0.19441136774027123,0.1175412292352454,-0.28462839126586914,0.32814928889274597,0.06859452157650353,0.0809482757647291,58.0,0.07955122153337399,341.45271313665626,7824.304407107073,0.03142925088576987,0.9314054784234964,0.19441136774027123,0.2501684844337003,0.7540016802667904,0.4517017627669363,1414.1326744068408
846,72.86888025456884,19.019026230686347,35.27670685999999,44.76171236000005,42.34555200000002,1.6974890460525036,-0.009001285769045353,0.8067502379417419,0.18464408442659197,0.15786082368051743,-0.4047083556652069,0.28079283237457275,0.07776059708505306,0.1052908172099838,4.0,0.05918129939466701,3683.292542948193,3163.84441578061,0.012708766777630566,0.922239402914947,0.18464408442659197,0.1861102279890155,0.3048889564463281,0.23362171937194054,1118.0084101681634
847,72.8736306169529,19.019026230686347,36.69860318000002,47.25003092000003,42.11042210375002,2.5237145766748283,-0.11688311398029327,0.6060209274291992,0.11088984651385614,0.09224394899153365,-0.2370721995830536,0.4047512412071228,0.09684342294369104,0.07339215886987671,0.0,0.0,0.0,5323.628786273839,0.021384350102039346,0.9031565770563089,0.11088984651385614,0.0,0.513020051510401,0.2052080206041604,999.8856038689622
848,72.87838097933695,19.019026230686347,30.662379859999987,38.61269437999999,33.91028215625002,1.6490099750172598,-0.11501757800579071,0.6126657128334045,0.13192840000368514,0.22578605504029634,-0.705771267414093,0.2534482777118683,-0.33010138745577833,0.22935355942643684,0.0,0.0,0.0,863.9038591746216,0.00347019360679795,1.3301013874557783,0.13192840000368514,0.0,0.08325148505405221,0.03330059402162088,499.9428019344811
849,72.88313134172101,19.019026230686347,30.648707779999995,34.09065392000002,32.35616305562502,0.862238062496199,-0.10916581004858017,0.6824742555618286,0.520248654923349,0.13823928565224736,-0.6811724901199341,0.020907044410705566,-0.26593644052181603,0.09210494615436304,0.0,0.0,0.0,0.0,0.0,1.265936440521816,0.520248654923349,0.0,0.0,0.0,0.0
850,72.88788170410507,19.019026230686347,32.40215204000003,40.619072120000055,36.19175605250001,1.9211367588562307,0.028159789741039276,0.7830231785774231,0.37533696012676887,0.23377854335595868,-0.44042232632637024,0.27964699268341064,-0.08573979215801887,0.16778622090477638,49.0,0.43643582110763274,2217.3590227824134,4035.899064385245,0.016211701084762244,1.085739792158019,0.37533696012676887,1.0,0.38892590543505906,0.7555703621740236,499.9428019344811
851,72.89263206648913,19.019026230686347,37.888074140000015,41.770944859999986,39.99829797375001,0.8071952524799672,-0.031511254608631134,0.6879765391349792,0.10394449485922759,0.12489581727202743,-0.30920326709747314,0.2877674996852875,0.0914297197449882,0.08668552333164482,15.0,0.03766424580803802,625.1003256749057,455.38545728116526,0.0018292263493251025,0.9085702802550117,0.10394449485922759,0.11844453308843605,0.04388395211811708,0.08862030070030846,999.8856038689622
852,72.89738242887319,19.019026230686347,39.197175800000025,42.71431838000001,40.919367796250015,0.8090313004532546,-0.08126036822795868,0.6616661548614502,0.10564109215369591,0.10843287871121927,-0.2652813196182251,0.29209622740745544,0.06801159198467548,0.07317903545660488,1.0,0.015186681355296267,3780.720650627264,995.4566122226279,0.003998624540096495,0.9319884080153246,0.10564109215369591,0.04775827429171678,0.09592877771559799,0.06702647566126926,1414.1326744068408
853,72.90213279125724,19.019026230686347,38.246966240000006,43.37399624,40.34817029875002,1.2174869668713466,-0.04368801787495613,0.5583428144454956,0.08527107094818691,0.07330194995381002,-0.20372836291790009,0.30921053886413574,0.0673348711121757,0.0651106550235034,4.0,0.009253683166343446,575.9255465835454,0.0,0.0,0.9326651288878243,0.08527107094818691,0.029100494606265546,0.0,0.017460296763759327,1802.632865243376
854,72.9068831536413,19.019026230686347,38.43153932000001,45.08300624000003,42.22931558375002,1.2926384856353206,-0.028161529451608658,0.5662072896957397,0.1543857099425118,0.10101716971365964,-0.21896617114543915,0.30314064025878906,0.05223728395857901,0.06994884996040308,5.0,0.06583343745155604,3277.8436664581045,0.0,0.0,0.947762716041421,0.1543857099425118,0.20702952079003817,0.0,0.1242177124740229,1499.8284058034435
855,72.91163351602536,19.019026230686347,34.24788283999999,42.933071659999996,37.451057663750014,1.5952489181934943,-0.003610108280554414,0.6392008066177368,0.3170485471329599,0.12082553284040709,-0.2656439542770386,0.25687339901924133,0.027139541338074884,0.08287739945293565,0.0,0.0,0.0,0.0,0.0,0.9728604586619252,0.3170485471329599,0.0,0.0,0.0,999.8856038689622
856,72.91638387840942,19.019026230686347,31.76981834000003,40.33537646000002,36.44576464500002,2.02710667693047,0.10409620404243469,0.6297692060470581,0.31879873599646225,0.09802575220314877,-0.1796795129776001,0.21444343030452728,0.0685728598540684,0.06086197176197559,0.0,0.0,0.0,0.0,0.0,0.9314271401459316,0.31879873599646225,0.0,0.0,0.0,499.9428019344811
857,72.92113424079348,19.019026230686347,30.433372520000034,41.52142939999999,34.174217388125015,2.5587017799620857,-0.0558183528482914,0.6766431331634521,0.46484457915683963,0.15263654478551283,-0.2631579041481018,0.42670127749443054,-0.06389538459058078,0.09316691168532629,1.0,0.007602304975998409,1892.5919852199916,0.0,0.0,1.0638953845905808,0.46484457915683963,0.023907327598362744,0.0,0.014344396559017645,0.0
858,72.92588460317754,19.019026230686347,31.742474180000045,41.67865832000001,36.61717388000002,2.406233025648412,0.018401814624667168,0.7669172883033752,0.35025584094929246,0.20160154737430339,-0.3599320948123932,0.246726393699646,-0.04098342607606132,0.10850034371910622,1.0,0.01828068049143181,4550.970987310012,0.0,0.0,1.0409834260760613,0.35025584094929246,0.05748811953867484,0.0,0.0344928717232049,499.9428019344811
859,72.9306349655616,19.019026230686347,30.286397660000034,41.02581650000002,32.784566763750014,2.5722665706317,0.037371132522821426,0.7139371633529663,0.47565139482606134,0.15973418389025704,-0.4439876675605774,0.20958751440048218,-0.16438383282355543,0.133348532834172,0.0,0.0,0.0,0.0,0.0,1.1643838328235554,0.47565139482606134,0.0,0.0,0.0,0.0
860,72.93538532794565,19.019026230686347,30.320577860000014,33.167788520000045,31.754286455000017,0.5988551996497656,0.2124060094356537,0.6522678136825562,0.5409904597355769,0.06051690915603535,-0.3547815680503845,0.018638266250491142,-0.2391302724984976,0.051677384123449584,0.0,0.0,0.0,0.0,0.0,1.2391302724984976,0.5409904597355769,0.0,0.0,0.0,0.0
861,72.94013569032971,19.019026230686347,29.780530699999986,32.86700275999999,31.71323112000002,0.3918732928297965,0.4215591847896576,0.7278370261192322,0.6015751216096699,0.04810960153300553,-0.44535160064697266,-0.15542078018188477,-0.29769812242040095,0.05298766471261652,0.0,0.0,0.0,0.0,0.0,1.297698122420401,0.6015751216096699,0.0,0.0,0.0,0.0
862,72.94488605271377,19.019026230686347,28.36547042000001,32.49443858000001,30.31790753187502,1.1646972672580869,0.0014545454178005457,0.7416580319404602,0.4847232919369104,0.23545010575786077,-0.46360915899276733,-0.02980058267712593,-0.26993486512382076,0.12720261431280092,0.0,0.0,0.0,0.0,0.0,1.2699348651238207,0.4847232919369104,0.0,0.0,0.0,0.0
863,72.94963641509783,19.019026230686347,0.0,29.96510378000005,17.09920152029413,14.310302753651943,-0.10653188079595566,0.723526656627655,0.07858113414836379,0.15986481024545077,-0.46966177225112915,0.0,-0.07645569423459611,0.09363986189166981,0.0,0.0,0.0,0.0,0.0,1.0764556942345962,0.07858113414836379,0.0,0.0,0.0,499.9428019344811
864,72.80237518119202,19.023517786561303,28.19798744000002,29.59253960000001,28.55599711000002,0.3499709969974842,-0.2827102839946747,-0.018220793455839157,-0.11142619582841981,0.026555745802505817,-0.1256544440984726,0.23640960454940796,0.0422537576927329,0.03589504263656389,0.0,0.0,0.0,0.0,0.0,0.9577462423072671,0.0,0.0,0.0,0.0,5220.092304202746
865,72.80712554357608,19.023517786561303,28.290273980000052,29.664318019999996,29.29888030000002,0.33613538897754075,-0.20083682239055634,-0.021499738097190857,-0.11319462614239387,0.02528240345085949,-0.09355246275663376,0.14757969975471497,0.04018566203567217,0.03219748116583091,0.0,0.0,0.0,0.0,0.0,0.9598143379643278,0.0,0.0,0.0,0.0,4999.547474193284
866,72.81187590596014,19.023517786561303,29.042238380000015,32.69268374000001,30.02514975764708,1.0776041541240964,-0.26204341650009155,0.0416666679084301,-0.13029158682193395,0.04135989049220221,-0.1239163726568222,0.23008285462856293,0.030685407530586673,0.04263386459540016,0.0,0.0,0.0,861.6173135203016,0.0034610088392720197,0.9693145924694133,0.0,0.0,0.0830311384039656,0.03321245536158624,4609.396436202692
867,72.8166262683442,19.023517786561303,29.910415460000024,42.49556510000002,34.82608672000002,3.8513296527291647,-0.2598714530467987,0.4430379867553711,0.025854762150691105,0.09390526837701875,-0.18597236275672913,0.2676389515399933,0.03793657743013822,0.08471717376844169,339.0,0.11164704566347412,81.98969031564575,2151.9757665902825,0.008644217140481887,0.9620634225698618,0.025854762150691105,0.35110173881382567,0.20737860638814515,0.2936124858435535,4242.340705026918
868,72.82137663072825,19.023517786561303,29.72242435999999,33.577950920000035,30.345651224705904,0.4176490238551784,-0.1407129466533661,0.23676323890686035,-0.012218692707565596,0.050150215205455616,-0.19361276924610138,0.13867276906967163,0.002465363988336527,0.05097938643921197,0.0,0.0,0.0,0.0,0.0,0.9975346360116635,0.0,0.0,0.0,0.0,3904.898513542072
869,72.82612699311231,19.023517786561303,29.82154694000002,30.82302679999998,30.47513715000002,0.20761807123777437,-0.1467980295419693,0.23734533786773682,0.00046072330114976416,0.05715635522885036,-0.23362749814987183,0.1614730805158615,-0.010786861203751474,0.062305639143512226,0.0,0.0,0.0,0.0,0.0,1.0107868612037514,0.00046072330114976416,0.0,0.0,0.0,3605.3943940548943
870,72.83087735549637,19.023517786561303,30.122332700000015,40.916439860000025,32.74042432000002,3.3307611172014298,-0.19600726664066315,0.6417661905288696,0.05428837614239387,0.10665000101038458,-0.29112300276756287,0.25952813029289246,-0.025316904895710497,0.06624356380171939,8.0,0.03238575860001165,1007.803346405507,418.0972171703826,0.0016794441587873591,1.0253169048957105,0.05428837614239387,0.10184502500444467,0.040290610878455764,0.07722325935404911,3354.0071055956964
871,72.83562771788043,19.023517786561303,31.821088640000028,41.059996700000056,37.921757603529436,1.2138887544440908,-0.058260176330804825,0.7326873540878296,0.2588429576945755,0.1502440082253637,-0.2991158068180084,0.3364928960800171,-0.0009058284759521485,0.08535179545180949,152.0,0.24214185791510123,396.5865589996807,8083.7109551720605,0.032471254501214644,1.0009058284759522,0.2588429576945755,0.7614749396043884,0.7789998095491257,0.7684848875822833,3162.232942743935
872,72.84037808026449,19.023517786561303,37.71033710000006,42.04096844000003,39.155701590000014,1.1341147921642172,-0.03762827813625336,0.6917829513549805,0.17636000147405662,0.12234994285604969,-0.3451676666736603,0.40813007950782776,0.07308325425633844,0.09311101777165001,179.0,0.3048542962822131,423.9854934802096,8113.817628416318,0.032592189237070544,0.9269167457436616,0.17636000147405662,0.9586897071345184,0.7819010875455177,0.8879742592989182,3041.3696414688056
873,72.84512844264854,19.023517786561303,36.872922200000005,42.41353262000001,40.18515113000002,1.3954854771411824,-0.017009848728775978,0.7357723712921143,0.1948784824587264,0.14736763393301328,-0.3467036485671997,0.41871407628059387,0.05318226940227005,0.09415095283470425,63.0,0.12998579382256417,513.6497132719722,4760.845892194805,0.01912372169957546,0.94681773059773,0.1948784824587264,0.4087724664901589,0.4587865726371152,0.4287781089489414,2828.227136684612
874,72.8498788050326,19.023517786561303,35.48862410000004,43.25436553999998,38.422527101176485,1.8940715220468918,0.0006761325057595968,0.7728081345558167,0.2868649119251179,0.18341338792104409,-0.3500272035598755,0.3561532199382782,-0.006028797221633624,0.11552988237341236,138.0,0.20654123186189283,372.5970269690093,8330.8636822187,0.03346403605229991,1.0060287972216335,0.2868649119251179,0.6495199690463854,0.8028170796576882,0.7108388132909066,2499.8727296370907
875,72.85462916741666,19.023517786561303,35.80649996,41.900829620000025,38.03001133000002,1.4009408966730474,-0.009208102710545063,0.7394101619720459,0.2933691171499399,0.17716667479846326,-0.3168579041957855,0.3784615397453308,-0.007423200607299805,0.11334366487197092,172.0,0.28551898596666875,413.2551308487687,7015.519838831622,0.02818046456736196,1.0074232006072998,0.2933691171499399,0.8978850433662099,0.6760618543444226,0.809155767757495,2236.0047370637976
876,72.85937952980072,19.023517786561303,36.674677040000006,46.26905918,40.345819752941196,2.1214213914902347,0.004629629664123058,0.7284336686134338,0.2700901938384434,0.1770904353899143,-0.3321976065635681,0.30410832166671753,0.004494402903430866,0.10887477621137184,85.0,0.17800596230540328,521.3475443135883,6416.625026819274,0.025774779113224375,0.9955055970965692,0.2700901938384434,0.5597837588379823,0.618348392410324,0.583209612266919,2061.535664509559
877,72.86412989218478,19.023517786561303,36.60289862000002,45.568365080000035,40.482239620000016,2.0964013320955943,-0.013333333656191826,0.6888633966445923,0.25960939803213445,0.1666926050117562,-0.31381118297576904,0.4100539982318878,0.032590429917821344,0.108154622985869,69.0,0.0875213353507628,315.774134337082,4489.0602877938,0.018031992965184606,0.9674095700821786,0.25960939803213445,0.2752324778712337,0.432595515678168,0.33817769299400746,1802.6971970274471
878,72.86888025456884,19.023517786561303,35.54673044000003,43.538061200000016,39.213819100000016,1.8463808288835295,-0.03328509256243706,0.7228464484214783,0.20805742371757074,0.16238588671391743,-0.28289473056793213,0.44235408306121826,0.03704189084610849,0.10439023021339765,52.0,0.13173245736199232,630.6685269588213,2308.898196386689,0.009274554887974944,0.9629581091538915,0.20805742371757074,0.4142652818366967,0.22250068875888782,0.33755944460557313,1580.9375902864676
879,72.8736306169529,19.023517786561303,34.596520880000014,44.932613360000005,40.80925122588237,2.93113260760029,0.01788170635700226,0.7957446575164795,0.23165016030365565,0.20331111946176475,-0.45266780257225037,0.4431903660297394,0.03695953369140625,0.15608966082887055,4.0,0.0073646536925844755,458.35718892202436,4167.242939722958,0.016739292982458433,0.9630404663085937,0.23165016030365565,0.02315997438053132,0.4015830692600545,0.1745292123323406,1117.907502510528
880,72.87838097933695,19.023517786561303,33.003723560000026,40.89593174000004,37.41276830000001,1.8676870921983018,-0.12626995146274567,0.6101484894752502,0.22194999262971699,0.16079979481012038,-0.3874396085739136,0.33800840377807617,-0.010183703584491083,0.11011591254876547,15.0,0.04011582509236376,665.7883303374821,7232.38111392644,0.02905156914966476,1.0101837035844912,0.22194999262971699,0.1261541302788642,0.6969600399592059,0.3544764941510009,707.056784171153
881,72.88313134172101,19.023517786561303,32.95587128,40.2738521,36.035529640000014,1.829041815459644,0.028062360361218452,0.7184544801712036,0.388643637603184,0.16444474420444674,-0.3603818714618683,0.2366630882024765,-0.064991455078125,0.12070421411629424,0.0,0.0,0.0,1231.6419167170825,0.0049473513283520105,1.064991455078125,0.388643637603184,0.0,0.11868915450786371,0.04747566180314549,500.00000000016115
882,72.88788170410507,19.023517786561303,33.10968218000005,42.51607322000001,39.81263228705885,2.2213452288089286,0.041450776159763336,0.6618095636367798,0.26349736051739386,0.15566193022137015,-0.31754574179649353,0.3274241089820862,0.020157847854326356,0.10025284336670423,10.0,0.10219385450245658,2544.113536364497,1709.2860174181187,0.00686598786061741,0.9798421521456736,0.26349736051739386,0.32137384199175517,0.16471809660410558,0.2587115438366953,707.056784171153
883,72.89263206648913,19.023517786561303,39.41592908000001,43.10739067999998,40.95956723000002,0.6737051958701381,-0.06804925203323364,0.4621026813983917,0.10000140496020048,0.0612709902247349,-0.1266801506280899,0.2905779778957367,0.09543452424823114,0.052176515392790494,51.0,0.14373988098358387,701.6472276187739,0.0,0.0,0.9045654757517688,0.10000140496020048,0.45202559414197985,0.0,0.2712153564851879,1117.907502510528
884,72.89738242887319,19.023517786561303,40.38322874000005,44.994137720000026,42.32291369529414,0.7865142939766153,-0.00121703848708421,0.5038520693778992,0.11637866680438702,0.08168875899730052,-0.16387337446212769,0.29807496070861816,0.07181088961087741,0.05550298272099358,44.0,0.11497532249611916,650.5245165812402,995.4886422235479,0.0039987532005987475,0.9281891103891226,0.11637866680438702,0.3615683282005052,0.09593186433815971,0.25531374265556706,1500.0000000004834
885,72.90213279125724,19.023517786561303,37.87440206000002,44.033674099999985,41.32712725000002,1.3087675057526376,0.0005411255406215787,0.5759408473968506,0.13237981832252357,0.1060250300124982,-0.19516128301620483,0.3035908639431,0.06683384733380011,0.07240087385362566,57.0,0.09573521872340285,418.1273604985507,0.0,0.0,0.9331661526661998,0.13237981832252357,0.3010630649450785,0.0,0.1806378389670471,1500.0000000004834
886,72.9068831536413,19.023517786561303,37.953016520000006,45.85889678000001,42.28531219000002,1.60259875780774,-0.002816901309415698,0.5437276363372803,0.16199216446786557,0.0949463205346216,-0.1704820841550827,0.3584541082382202,0.0750423906434257,0.06231327783722414,33.0,0.183426550033428,1383.7574324430996,0.0,0.0,0.9249576093565743,0.16199216446786557,0.5768301371401804,0.0,0.3460980822841082,1499.787873127604
887,72.91163351602536,19.023517786561303,33.81721232000001,42.96725186000003,37.00702922000002,2.161560124738041,0.0424661859869957,0.6717836260795593,0.37224593252505894,0.1254172937400795,-0.183274507522583,0.29966023564338684,0.027598053554318987,0.0702005458122816,0.0,0.0,0.0,0.0,0.0,0.972401946445681,0.37224593252505894,0.0,0.0,0.0,999.8585820850692
888,72.91638387840942,19.023517786561303,31.786908440000047,39.47403542000001,35.32188951000001,1.6056768513997146,0.12019230425357819,0.6067876219749451,0.3288337448408019,0.10171171434838605,-0.1840202957391739,0.2840774357318878,0.07660269107458727,0.07125231907124771,0.0,0.0,0.0,0.0,0.0,0.9233973089254127,0.3288337448408019,0.0,0.0,0.0,499.9292910425346
889,72.92113424079348,19.023517786561303,31.810834580000005,39.542395820000024,34.897764610000024,2.1558470961479057,0.18295282125473022,0.6712791323661804,0.4065956662735849,0.13011552408311777,-0.23354727029800415,0.24281150102615356,0.010829235292830558,0.10053108177304111,0.0,0.0,0.0,0.0,0.0,0.9891707647071695,0.4065956662735849,0.0,0.0,0.0,0.0
890,72.92588460317754,19.023517786561303,31.43827040000002,38.69130884000003,34.2721046564706,1.9305956340156238,-0.023761577904224396,0.782846987247467,0.4578985480542453,0.16990887440067623,-0.3565060794353485,0.24256348609924316,-0.061198062536851415,0.11088785515851057,0.0,0.0,0.0,0.0,0.0,1.0611980625368513,0.4578985480542453,0.0,0.0,0.0,0.0
891,72.9306349655616,19.023517786561303,32.15947262000003,39.378330860000005,36.558587230000015,1.515053927500394,0.02655721828341484,0.7501334547996521,0.3614641758181014,0.1784693989179174,-0.36420705914497375,0.24106194078922272,-0.021543702899285082,0.12013041902845943,7.0,0.05071766642886934,1803.7358274024757,0.0,0.0,1.021543702899285,0.3614641758181014,0.15949424157115233,0.0,0.09569654494269139,499.9292910425346
892,72.93538532794565,19.023517786561303,32.43633224000001,39.20742986000005,34.66749506000002,1.6912955430771226,0.10420841723680496,0.6858587265014648,0.39784653883713944,0.12463516424819837,-0.3206116855144501,0.24566704034805298,-0.08551470829890324,0.11544719121884922,0.0,0.0,0.0,0.0,0.0,1.0855147082989032,0.39784653883713944,0.0,0.0,0.0,499.9292910425346
893,72.94013569032971,19.023517786561303,30.351340040000025,40.23967190000002,32.700513910000026,1.862924840758544,0.08584098517894745,0.6580565571784973,0.4898351820459906,0.10111131180668402,-0.35769784450531006,0.17699910700321198,-0.1906111001068691,0.08935031419606522,0.0,0.0,0.0,0.0,0.0,1.190611100106869,0.4898351820459906,0.0,0.0,0.0,0.0
894,72.94488605271377,19.023517786561303,30.778592539999977,33.09259208000003,32.040378080000025,0.4336487500376181,0.34280791878700256,0.711243748664856,0.5479640514445755,0.0598668427811555,-0.43215876817703247,-0.07670555263757706,-0.23759963701356132,0.05846270600616058,0.0,0.0,0.0,0.0,0.0,1.2375996370135613,0.5479640514445755,0.0,0.0,0.0,0.0
895,72.94963641509783,19.023517786561303,0.0,32.88409286000001,18.592506664705894,15.571678991366522,0.0,0.72114497423172,0.33931336600825474,0.2931407433831626,-0.44384199380874634,0.0,-0.1722509189821639,0.1550945077221412,0.0,0.0,0.0,0.0,0.0,1.172250918982164,0.33931336600825474,0.0,0.0,0.0,499.9292910425346
896,72.80237518119202,19.02800934243626,28.10228288000002,29.513925140000026,28.352323330000015,0.32561035824317486,-0.1955307275056839,-0.019447287544608116,-0.11015106776975236,0.02338092997046435,-0.07217694818973541,0.15734265744686127,0.035226699541199884,0.029720971117658413,0.0,0.0,0.0,0.0,0.0,0.9647733004588002,0.0,0.0,0.0,0.0,5147.152466939632
897,72.80712554357608,19.02800934243626,28.256093780000015,29.517343159999996,29.263002260000018,0.2906181638052324,-0.2425328493118286,0.02189001627266407,-0.10329471228257665,0.02945927347134942,-0.13266582787036896,0.20650812983512878,0.044572209772074,0.033866253973951654,0.0,0.0,0.0,0.0,0.0,0.955427790227926,0.0,0.0,0.0,0.0,4716.419212390002
898,72.81187590596014,19.02800934243626,28.926025700000025,31.650187640000013,29.306490355294137,0.3390800434534587,-0.20512820780277252,0.12778235971927643,-0.11438071196933962,0.03006544583301569,-0.19319668412208557,0.18809524178504944,0.017866837123654923,0.04340089412222437,0.0,0.0,0.0,0.0,0.0,0.9821331628763451,0.0,0.0,0.0,0.0,4300.682902101013
899,72.8166262683442,19.02800934243626,29.626719800000046,34.69564346000004,30.801792630000016,1.21603766542943,-0.19158360362052917,0.16487455368041992,-0.034530903742863585,0.038885339999562736,-0.2748904228210449,0.24438202381134033,0.026591421274038463,0.057070217702271095,0.0,0.0,0.0,1024.8260811015084,0.004116598018344313,0.9734085787259615,0.0,0.0,0.09875901382746302,0.03950360553098521,3904.7366403113697
900,72.82137663072825,19.02800934243626,29.52759722000002,30.108660620000023,29.85901506235296,0.12443463240587967,-0.1376936286687851,0.09689214080572128,-0.02343352695681014,0.029058232533027282,-0.16605165600776672,0.13075506687164307,0.02173790985683225,0.03439585272318757,0.0,0.0,0.0,0.0,0.0,0.9782620901431678,0.0,0.0,0.0,0.0,3535.2361454788174
901,72.82612699311231,19.02800934243626,29.811292879999996,30.546167179999998,30.002836040000016,0.14782541404869826,-0.15301086008548737,0.08936970680952072,-0.024577688541052477,0.03248611271293153,-0.15634837746620178,0.1611611545085907,0.01451833760963296,0.03429914692228985,0.0,0.0,0.0,0.0,0.0,0.985481662390367,0.0,0.0,0.0,0.0,3201.3516749575333
902,72.83087735549637,19.02800934243626,29.913833479999994,31.202427020000016,30.172106220000018,0.18551591457077304,-0.304964542388916,0.11798839271068573,-0.04472081310344192,0.04954801051128817,-0.25376462936401367,0.29711753129959106,0.004039883523617151,0.051026618279466064,0.0,0.0,0.0,0.0,0.0,0.9959601164763828,0.0,0.0,0.0,0.0,2915.345958467117
903,72.83562771788043,19.02800934243626,30.19752914000003,46.64162336000004,35.47437249411767,4.491565732650527,-0.24028103053569794,0.7661470174789429,0.15613459749041864,0.18766512026144158,-0.3660637438297272,0.4115544855594635,0.00361124002708579,0.08637440324926039,26.0,0.04281921452390634,409.9935807789346,2266.190312909967,0.009103002668793532,0.9963887599729142,0.15613459749041864,0.13465560673500337,0.21838507486829878,0.16814739398832154,2692.519848894595
904,72.84037808026449,19.02800934243626,37.279666580000026,47.94730700000002,39.80000953000002,2.59005277028618,-0.02668759785592556,0.7515320181846619,0.20896608748525944,0.13969792051137686,-0.30909091234207153,0.4388309121131897,0.043609918558372644,0.09832056977956885,202.0,0.24472960023833312,301.6107663044351,7651.860390205046,0.030736564866800473,0.9563900814416274,0.20896608748525944,0.7696127351357401,0.7373838351867883,0.7567211751561593,2549.4932406609482
905,72.84512844264854,19.02800934243626,36.89684834000002,43.12448078,39.22109077000002,1.3910507741280023,-0.010406811721622944,0.7433628439903259,0.2618197228773585,0.16120451820523846,-0.3178808093070984,0.4580031633377075,0.02122521886285746,0.09039984566551114,86.0,0.1768439592597204,511.9216382494548,5287.23611995563,0.021238165319264514,0.9787747811371426,0.2618197228773585,0.5561295529660603,0.5095130136798696,0.537482937251584,2500.000000000806
906,72.8498788050326,19.02800934243626,35.85093422,46.06055995999998,41.93651185647061,2.6088606228034696,0.000507872027810663,0.7063093185424805,0.19140309459758253,0.1384924699939097,-0.2714790999889374,0.32645300030708313,0.06046717805682488,0.08756987399475492,65.0,0.3703685416152142,1418.5101363773504,4028.150550902282,0.016180576276526693,0.9395328219431751,0.19140309459758253,1.0,0.38817920746911383,0.7552716829876456,2500.000000000806
907,72.85462916741666,19.02800934243626,36.48668594000003,41.89399358000003,38.05846132000001,0.9277383977606598,-0.01198630128055811,0.7195508480072021,0.2564562518780048,0.15803877471666486,-0.28183361887931824,0.4046242833137512,0.0010013536306527945,0.10143886449990831,185.0,0.270757256704058,364.351100411156,9392.789089660888,0.03772965741822706,0.9989986463693472,0.2564562518780048,0.8514631359955147,0.9051512297454722,0.8729383734954977,2549.4932406609482
908,72.85937952980072,19.02800934243626,37.594124420000014,45.00097376000002,40.44898718705884,1.4368531803471278,-0.00828157365322113,0.7129892110824585,0.23581174454599058,0.15754803372216383,-0.31655845046043396,0.3894800841808319,0.017716916642099057,0.1047340480887713,92.0,0.13767191561670222,372.53684889086634,6863.567587962973,0.027570091406155416,0.9822830833579009,0.23581174454599058,0.43294337679611405,0.6614187312610195,0.5243335185820762,2499.8484069137276
909,72.86412989218478,19.02800934243626,37.61805056000003,44.177230940000015,39.892832230000025,1.4334577435004794,0.02621231973171234,0.7314285635948181,0.32858380011792454,0.16842447906710617,-0.3566560745239258,0.3118370771408081,-0.028331137603183964,0.10589794674408362,111.0,0.11315043278090012,253.77272861536326,4292.264780422395,0.017241490058785655,1.028331137603184,0.32858380011792454,0.35582951130347656,0.4136310000475884,0.3789501068011213,2235.7666574913446
910,72.86888025456884,19.02800934243626,37.33777292000002,42.632285900000056,39.789599090000024,1.0489641380463368,0.0017172294901683927,0.6956779360771179,0.32313336066479953,0.15383822558593244,-0.326002299785614,0.2053220421075821,-0.03758217289762677,0.0898367923883554,110.0,0.185935101276398,420.80453178079296,1682.962485218334,0.006760249528535751,1.0375821728976267,0.32313336066479953,0.5847188967403684,0.16218138707997637,0.41570389287621157,1802.5654100606635
911,72.8736306169529,19.02800934243626,34.16243234000001,46.552754840000034,41.74073855176472,3.388642319490484,0.0071013555862009525,0.8222377300262451,0.30260937960642686,0.2673244843027475,-0.4663761854171753,0.47403910756111145,-0.02263837418466244,0.19450321672876442,9.0,0.012286321945072235,339.85298632000166,3696.9269104727055,0.014850092395441576,1.0226383741846625,0.30260937960642686,0.038637377038563146,0.35626030855700935,0.16568654964594162,1414.094458191527
912,72.87838097933695,19.02800934243626,33.74543390000002,40.424244980000026,36.64335636000001,1.4277033317019274,-0.1294642835855484,0.8196022510528564,0.3006324393794222,0.22801775478382155,-0.4777156412601471,0.49233388900756836,-0.05556669990971403,0.16029017059833836,20.0,0.06354801404105444,791.0131363478483,4671.465459899304,0.01876469169706914,1.055566699909714,0.3006324393794222,0.19984244182539118,0.4501732835027399,0.2999747784963307,1117.9963256524954
913,72.88313134172101,19.02800934243626,37.11560162000001,41.77778090000004,39.570376670000016,1.1657828769073177,0.014001473784446716,0.6906344294548035,0.30414804134728773,0.1500127592004857,-0.2863125503063202,0.3018103241920471,0.03271611051739387,0.09698782931063533,0.0,0.0,0.0,1417.7097332585474,0.005694762444225416,0.9672838894826061,0.30414804134728773,0.0,0.13661987895518998,0.054647951582076,1000.0000000003223
914,72.88788170410507,19.02800934243626,37.56678026000003,41.29925810000003,39.267002755294136,0.7636981056118917,0.007688828743994236,0.7387387156486511,0.2213249465654481,0.15346852605304875,-0.3281024098396301,0.27029287815093994,0.01833483857928582,0.0804706444398615,8.0,0.027414438161329577,853.1022187883794,3870.817824852802,0.01554859042037063,0.9816651614207141,0.2213249465654481,0.08621147877086963,0.3730175862399464,0.20093392175850036,1117.9963256524954
915,72.89263206648913,19.02800934243626,34.545250580000015,43.36374218000003,38.49212540000002,2.494875280360971,-0.02577512152493,0.7460317611694336,0.3007503408755896,0.20441342782990832,-0.353059858083725,0.31558936834335327,-0.008631920004790685,0.12690757332437969,45.0,0.09347096234572809,517.1016326841557,1617.8627911472074,0.006498752210551826,1.0086319200047906,0.3007503408755896,0.2939425509485135,0.15590795034227764,0.23872871070601917,1117.9963256524954
916,72.89738242887319,19.02800934243626,38.10340940000003,44.621573539999986,40.71935375176473,1.650464969259082,0.021478382870554924,0.7489005327224731,0.2686693866436298,0.1692767399452212,-0.31976619362831116,0.20759493112564087,0.01762751946082482,0.09176623473917862,26.0,0.03060181552750355,293.01209902981134,1934.6059710837358,0.007771069895372376,0.9823724805391751,0.2686693866436298,0.09623497494910868,0.1864314163858861,0.13231355152381966,1000.0000000003223
917,72.90213279125724,19.02800934243626,37.27283054000003,43.244111480000015,39.842913500000016,1.4576361300456275,0.03782383352518082,0.7259621620178223,0.3202047326429835,0.16936572341112324,-0.2941301465034485,0.2892075181007385,0.01919986364976415,0.0983349822528407,14.0,0.030367307012994785,539.995266914435,740.8286650881939,0.002975815966116744,0.9808001363502359,0.3202047326429835,0.09549750494512083,0.07139114599873178,0.0858549613665652,1000.0000000003223
918,72.9068831536413,19.02800934243626,35.939802740000005,45.865732820000005,40.71642984000002,2.0897137271380775,0.07308809459209442,0.6402814388275146,0.25466439876916275,0.11668087562410172,-0.33036112785339355,0.23041868209838867,0.04390313490381781,0.0719329215914436,2.0,0.004543531441470555,565.5555267692281,1100.4689581051512,0.00442044598173764,0.9560968650961822,0.25466439876916275,0.014288257964872337,0.10604846134808277,0.05099233931815651,1117.9963256524954
919,72.91163351602536,19.02800934243626,35.26987082000005,40.86858758000005,37.83139887411767,1.4826914516838923,0.13500000536441803,0.6452054977416992,0.3142027656987028,0.07441939395011228,-0.1310182511806488,0.22601109743118286,0.07155652316111438,0.057573019927964854,0.0,0.0,0.0,0.0,0.0,0.9284434768388856,0.3142027656987028,0.0,0.0,0.0,999.8315541566708
920,72.91638387840942,19.02800934243626,33.167788520000045,40.735284800000045,37.33699102000002,1.8792025055779666,0.062068965286016464,0.6394835710525513,0.3145631725383255,0.08846092125017235,-0.17732660472393036,0.28209957480430603,0.1070683432525059,0.07041192208774398,0.0,0.0,0.0,0.0,0.0,0.8929316567474941,0.3145631725383255,0.0,0.0,0.0,499.9157770783354
921,72.92113424079348,19.02800934243626,32.13896450000004,40.51653152000006,36.18845811000002,1.7293648416486969,0.03807615116238594,0.749121904373169,0.45132715765035375,0.1304832876285652,-0.320204496383667,0.17227722704410553,-0.027937380232900943,0.09554026320074366,3.0,0.003814554394974311,316.5441313701026,0.0,0.0,1.027937380232901,0.45132715765035375,0.011995809409165215,0.0,0.007197485645499129,0.0
922,72.92588460317754,19.02800934243626,31.40750822000001,39.24502808,35.69111517411767,1.8827876883916568,-0.05929168313741684,0.7646769881248474,0.3832570892909788,0.15190306550863084,-0.3593764305114746,0.23346613347530365,-0.007402842539661335,0.09981805142195052,3.0,0.00946796409992396,785.6824576423242,0.0,0.0,1.0074028425396613,0.3832570892909788,0.029774353980937578,0.0,0.017864612388562545,499.9157770783354
923,72.9306349655616,19.02800934243626,32.364553820000026,38.71865300000002,34.748723300000016,1.446327163952462,0.020928116515278816,0.6525239944458008,0.33686560288915096,0.10006950510668032,-0.18118427693843842,0.2150537669658661,0.06752445436873526,0.06095096378766671,1.0,0.0011447415770413979,284.98313875813875,0.0,0.0,0.9324755456312648,0.33686560288915096,0.003599922916036515,0.0,0.002159953749621909,707.0472290957636
924,72.93538532794565,19.02800934243626,33.36945170000001,40.54729370000001,37.15007749647061,1.8341323880716163,0.07017543911933899,0.7432532906532288,0.3614246544471154,0.17235933576288684,-0.33902090787887573,0.2541380524635315,-0.005485220689039964,0.1190924928626143,4.0,0.010184108972164966,633.8328664194087,0.0,0.0,1.00548522068904,0.3614246544471154,0.032026448592059754,0.0,0.019215869155235852,707.0472290957636
925,72.94013569032971,19.02800934243626,32.42949620000002,41.27191393999999,37.31967752000002,1.6573726100398418,0.062350936233997345,0.7568627595901489,0.3558093492040094,0.18042421376256637,-0.3542398512363434,0.25761035084724426,-0.02776562384839328,0.13529918835466712,0.0,0.0,0.0,0.0,0.0,1.0277656238483932,0.3558093492040094,0.0,0.0,0.0,500.00000000016115
926,72.94488605271377,19.02800934243626,32.217578960000026,42.09565676,36.874575360000016,2.7697204075146584,0.04818826913833618,0.7325469851493835,0.3128944253021816,0.14997605281772516,-0.3464122414588928,0.2342042773962021,-0.008889997950140035,0.13065494189407031,0.0,0.0,0.0,0.0,0.0,1.00888999795014,0.3128944253021816,0.0,0.0,0.0,500.00000000016115
927,72.94963641509783,19.02800934243626,0.0,39.98673842000005,19.662536157647068,16.49736066191374,0.0,0.7023346424102783,0.29621692585495285,0.2651383902669215,-0.40263301134109497,0.13325974345207214,-0.11969716198039505,0.12986102679703682,0.0,0.0,0.0,0.0,0.0,1.119697161980395,0.29621692585495285,0.0,0.0,0.0,707.0472290957636
928,72.80237518119202,19.032500898311216,28.11253694000004,29.657481980000057,29.356138418125017,0.3799623809717147,-0.20728929340839386,0.010192525573074818,-0.09892244159050707,0.03013789544029042,-0.17527087032794952,0.17489831149578094,0.03157718298570165,0.04654454290271925,0.0,0.0,0.0,0.0,0.0,0.9684228170142983,0.0,0.0,0.0,0.0,4923.62507073832
929,72.80712554357608,19.032500898311216,29.06616452000003,29.595957620000036,29.402305424375022,0.09137633073683697,-0.1978609561920166,0.031674209982156754,-0.08861975327977595,0.031313856150773894,-0.11389385908842087,0.14917753636837006,0.04222543104639593,0.035667226687582716,0.0,0.0,0.0,0.0,0.0,0.957774568953604,0.0,0.0,0.0,0.0,4471.436598464391
930,72.81187590596014,19.032500898311216,28.78588688000002,29.479744940000046,29.07962297375002,0.11401044914564412,-0.21495327353477478,0.0054054055362939835,-0.09748083726415094,0.03288736397424868,-0.05853418633341789,0.11751151829957962,0.026471620955557194,0.028171464588317537,0.0,0.0,0.0,0.0,0.0,0.9735283790444428,0.0,0.0,0.0,0.0,4030.534854105694
931,72.8166262683442,19.032500898311216,28.994386100000042,32.873838800000044,30.40638440375002,0.9917114326502046,-0.19775070250034332,0.05999999865889549,-0.05760621290940505,0.038429586928513115,-0.10759148001670837,0.281632661819458,0.025893405033991887,0.044204466034557736,0.0,0.0,0.0,1025.2363050468853,0.004118245836556356,0.9741065949660082,0.0,0.0,0.09879854571784025,0.0395194182871361,3605.0633427756793
932,72.82137663072825,19.032500898311216,29.39087642000004,29.913833479999994,29.68116936125002,0.11640022276465328,-0.20317146182060242,0.08969465643167496,-0.05004925421948703,0.037765743616114206,-0.07482992857694626,0.2160857915878296,0.028445659133623232,0.03255805555022846,0.0,0.0,0.0,0.0,0.0,0.9715543408663768,0.0,0.0,0.0,0.0,3201.1805228507856
933,72.82612699311231,19.032500898311216,28.91918966000003,30.166766960000018,29.477003403125018,0.34792509080893314,-0.16593244671821594,0.0771869644522667,-0.047707487862065155,0.03619837172114433,-0.17598344385623932,0.12008072435855865,0.012418189858490566,0.032295295977272175,0.0,0.0,0.0,0.0,0.0,0.9875818101415095,0.0,0.0,0.0,0.0,2828.150687909616
934,72.83087735549637,19.032500898311216,29.10034472000001,30.464134700000045,30.087796456250018,0.36748853124871095,-0.27139875292778015,0.062446534633636475,-0.05924626188458137,0.040612353263424945,-0.14866827428340912,0.2311483472585678,0.017964473220537295,0.04036196627253783,0.0,0.0,0.0,0.0,0.0,0.9820355267794627,0.0,0.0,0.0,0.0,2499.8240790820005
935,72.83562771788043,19.032500898311216,30.11549666000002,37.98036067999999,31.793153866250016,1.9653812002701034,-0.2520473301410675,0.533734142780304,-0.0031615001750442216,0.08922310081906526,-0.27977314591407776,0.29411765933036804,0.0055634498596191405,0.06867752656835062,21.0,0.024944822741914004,295.71464709046035,298.744856803404,0.0012000206749086786,0.9944365501403809,0.0,0.0784451624943798,0.02878902868301271,0.05858270896983296,2235.9805630601627
936,72.84037808026449,19.032500898311216,35.08187972000002,40.308032300000036,38.36270419500002,0.9199855774967722,-0.08053690940141678,0.7032777667045593,0.22130269752358492,0.1395442151615585,-0.3090589940547943,0.44857022166252136,0.023383167194870283,0.0922988256538196,160.0,0.24796165674040158,385.8124654877475,6753.000907722776,0.027125958899025533,0.9766168328051297,0.22130269752358492,0.7797767359033128,0.6507637952635262,0.7281715596473981,2061.529109568343
937,72.84512844264854,19.032500898311216,37.26941252000006,40.92327590000002,38.78517384062502,0.7746411217745748,0.006871609482914209,0.66960608959198,0.22184994103773584,0.13844521024457923,-0.2358703911304474,0.39702144265174866,0.03103073408018868,0.08566379016766101,158.0,0.22017752033675284,346.91861037794735,8266.030101491051,0.03320360767828864,0.9689692659198114,0.22184994103773584,0.6924026496049146,0.7965692873604002,0.7340693047071088,2000.0000000006446
938,72.8498788050326,19.032500898311216,38.099991380000006,45.15478466000002,40.85144721500002,1.8945084460018031,0.025161754339933395,0.7616295218467712,0.28649520010318397,0.17470411765798274,-0.35211268067359924,0.25136491656303406,0.00176809346900796,0.10813759267040852,56.0,0.2397909657618305,1065.9982666953324,5090.6052207249395,0.020448323623151257,0.998231906530992,0.28649520010318397,0.7540819779915477,0.49056436077755655,0.6486749311059512,2000.0000000006446
939,72.85462916741666,19.032500898311216,36.70885724000004,42.21870548000004,39.40910490812502,1.323421774036096,0.0070477682165801525,0.7200788259506226,0.2691644521859976,0.16090958479809972,-0.294890820980072,0.29816684126853943,0.005295073069058932,0.10022821644710456,124.0,0.17994258075037792,361.263402904647,5615.684069959965,0.022557499599539507,0.994704926930941,0.2691644521859976,0.5658739343496481,0.5411644287192056,0.5559901320974711,2061.529109568343
940,72.85937952980072,19.032500898311216,37.590706400000045,41.81196110000002,39.840266210000024,0.8403745897048823,-0.030656933784484863,0.6762269139289856,0.23244882259728775,0.14948556595581677,-0.316984087228775,0.46275198459625244,0.014464413624889446,0.09662136966129992,86.0,0.15962151373228128,462.0667120988799,7564.245438384855,0.030384626578254314,0.9855355863751105,0.23244882259728775,0.5019693149107104,0.7289406794183455,0.5927578607137645,2235.9805630601627
941,72.86412989218478,19.032500898311216,37.481329759999994,43.87644518000002,40.09459594000001,1.570879681294879,0.01576576568186283,0.7445549964904785,0.26787404186320757,0.177961604057329,-0.3433380722999573,0.41436463594436646,0.004843583017025354,0.1180116781307879,69.0,0.10705135019683053,386.2377933625226,3329.9315829380744,0.0133759181273093,0.9951564169829746,0.26787404186320757,0.33664943817471193,0.32089421347514835,0.3303473482948865,2499.6872431411307
942,72.86888025456884,19.032500898311216,37.27624856,48.56255060000001,42.856949506250025,2.8975390325684804,0.029453014954924583,0.6659267544746399,0.23483532023879716,0.15552508257771605,-0.25898274779319763,0.3279132843017578,0.040759916485480545,0.09185322229737432,42.0,0.0916129704645456,543.0244486025392,3520.163183192312,0.01414005464088374,0.9592400835145195,0.23483532023879716,0.2880996361064008,0.33922618763776513,0.30855025671894654,2121.113015932212
943,72.8736306169529,19.032500898311216,38.475973580000016,47.403841820000025,43.060606531250016,2.0734681505409247,-0.016177352517843246,0.7719920873641968,0.1974319861070165,0.15595282592505172,-0.37561410665512085,0.3149811625480652,0.05255914652122642,0.09891813779641842,16.0,0.10712020673825336,1666.7218475843056,4568.45847690223,0.018350925546986762,0.9474408534787736,0.1974319861070165,0.33686597459337486,0.44024684989051255,0.37821832471222994,1802.6672123222615
944,72.87838097933695,19.032500898311216,36.35338316000002,43.65769190000003,40.20443543687501,1.908791266820312,-0.1534309983253479,0.45407167077064514,0.13215818009286556,0.10744563324884825,-0.2664332985877991,0.28939828276634216,0.03777982891730543,0.06917363450727342,15.0,0.04163225649810158,690.9560124522814,6252.458360307297,0.025115342174114645,0.9622201710826945,0.13215818009286556,0.13092292375819425,0.6025282075154988,0.3195650372611161,1581.1079247149817
945,72.88313134172101,19.032500898311216,31.486122679999994,40.57805588000002,36.89121098062502,2.200922197571734,-0.21040189266204834,0.5816680192947388,0.1414531088775059,0.1662934270399733,-0.2830188572406769,0.4241870641708374,0.03412589307101268,0.10355108385304858,2.0,0.020029529132278553,2493.1732167520886,504.74273347294337,0.0020274883462715106,0.9658741069289873,0.1414531088775059,0.06298780647687001,0.04864034543382049,0.0572488220596502,1500.0000000004834
946,72.88788170410507,19.032500898311216,36.41832554000001,40.46867924000003,38.46076841750002,0.9463839174108073,0.04063068702816963,0.6790597438812256,0.30215502469044814,0.1377885573431438,-0.2637655436992645,0.284020334482193,-0.0026031647088392727,0.099139784828036,127.0,0.16435630701476586,322.17687309533443,3392.4405554437963,0.013627008841227525,1.0026031647088394,0.30215502469044814,0.5168590430224165,0.32691799116179526,0.440882622278168,1117.8591496160977
947,72.89263206648913,19.032500898311216,34.61361098000003,40.99163629999998,38.01818439437502,1.3260046058332569,0.02601279318332672,0.7134604454040527,0.3075211204672759,0.1754604520535522,-0.3128598928451538,0.2212885171175003,-0.021757926221163768,0.10044661337196407,84.0,0.14445886804363958,428.1309555152052,2587.6502014146877,0.01039426678121091,1.0217579262211638,0.3075211204672759,0.4542866267153907,0.24936307412031816,0.3723172056773617,707.037671977404
948,72.89738242887319,19.032500898311216,37.27624856,43.82517488000002,40.92747302750002,1.4944866077686711,0.0008678044541738927,0.7093371152877808,0.22718327448918268,0.17511035525238433,-0.324444442987442,0.3275669515132904,0.03234846848707933,0.11039943876736126,35.0,0.07338099257385758,521.948010133528,5593.739724232479,0.022469351911066807,0.9676515315129207,0.22718327448918268,0.23076467393704359,0.5390497265437827,0.3540786949797392,500.00000000016115
949,72.90213279125724,19.032500898311216,37.054077259999985,41.67524030000004,39.41443369625002,1.1877765822834083,0.01117519848048687,0.7028874158859253,0.19813303821491746,0.16342661338702077,-0.28136470913887024,0.2321244776248932,0.026804242404002063,0.087571631762368,129.0,0.19407633451530618,374.5368724172344,11242.717536008742,0.045160588301766946,0.973195757595998,0.19813303821491746,0.610321017506603,1.0,0.7661926105039618,500.00000000016115
950,72.9068831536413,19.032500898311216,33.98127728000003,40.36955666000006,36.976151151250015,1.622876780853021,0.018786126747727394,0.76284259557724,0.3781083247346698,0.15637747842268232,-0.3296516537666321,0.2050565928220749,-0.025215370610075175,0.12080522599015324,34.0,0.047776867039976384,349.8246910341332,2977.5615039308555,0.011960491650842345,1.0252153706100753,0.3781083247346698,0.15024617080665428,0.28693750399361895,0.20492270408144014,707.037671977404
951,72.91163351602536,19.032500898311216,33.615549139999985,39.50137958000005,36.02583128750001,1.2167749182888017,0.024993933737277985,0.6264309287071228,0.32015228847287736,0.08792855215583614,-0.21281598508358002,0.27441859245300293,0.04146236779554835,0.07444688625865584,2.0,0.005200607849622422,647.3450332196744,0.0,0.0,0.9585376322044517,0.32015228847287736,0.01635459718652125,0.0,0.009812758311912749,999.8045200839332
952,72.91638387840942,19.032500898311216,34.14192422000002,40.9061858,37.49725678375002,1.4997253405247202,0.09090909361839294,0.6422953605651855,0.31782440761350234,0.08468656086502012,-0.18578679859638214,0.2500336170196533,0.08889779144862912,0.06872375637717258,0.0,0.0,0.0,0.0,0.0,0.9111022085513709,0.31782440761350234,0.0,0.0,0.0,499.9022600419666
953,72.92113424079348,19.032500898311216,32.84307662000003,40.84466143999998,36.82083299937502,1.8795616397303305,0.028517410159111023,0.7254575490951538,0.41108789983785377,0.14191894578026854,-0.3178015351295471,0.2060013860464096,-0.0024656878777270046,0.08080885250104011,1.0,0.06275886023386432,15623.803077507331,0.0,0.0,1.002465687877727,0.41108789983785377,0.19736075256752084,0.0,0.1184164515405125,0.0
954,72.92588460317754,19.032500898311216,34.58626681999999,41.610297919999994,38.421988970000015,1.4405053357193074,-0.2365315556526184,0.7424749135971069,0.31612339235701653,0.16859846646489543,-0.33377382159233093,0.3836451470851898,-0.003055617494403191,0.10416863857803113,15.0,0.1371648524121725,2276.477122388072,0.0,0.0,1.0030556174944032,0.31612339235701653,0.4313487911826665,0.0,0.2588092747095999,499.9022600419666
955,72.9306349655616,19.032500898311216,33.01055960000002,39.556067900000016,37.03244166812502,1.3185937825593845,0.02378745749592781,0.6536523699760437,0.3054483435288915,0.11161580001758373,-0.28564050793647766,0.3249536454677582,0.04789872655328715,0.07837433664764346,28.0,0.06399639773489986,568.9959906822102,0.0,0.0,0.9521012734467128,0.3054483435288915,0.2012524952095122,0.0,0.1207514971257073,999.8045200839332
956,72.93538532794565,19.032500898311216,33.22589486000004,40.540457660000015,36.09897942875002,1.6366086145494152,0.09615956991910934,0.6416983008384705,0.34085897592397835,0.12108326417125304,-0.2068711668252945,0.2636610269546509,0.06929640549879808,0.09236387782254872,0.0,0.0,0.0,0.0,0.0,0.9307035945012019,0.34085897592397835,0.0,0.0,0.0,999.8045200839332
957,72.94013569032971,19.032500898311216,33.48908240000003,41.377872560000014,37.54331697687502,1.6045380238025655,0.09730363637208939,0.7094852328300476,0.3612842718160377,0.12709337574332463,-0.27384474873542786,0.22943252325057983,0.04592411832989387,0.10055196079878838,0.0,0.0,0.0,0.0,0.0,0.9540758816701062,0.3612842718160377,0.0,0.0,0.0,499.9022600419666
958,72.94488605271377,19.032500898311216,32.501274620000004,41.88715754000003,36.73044535937502,2.603579936091706,0.030105777084827423,0.8103271126747131,0.47008798275353775,0.20210731038672233,-0.47837042808532715,0.23102641105651855,-0.08449656936357607,0.1467905273780201,4.0,0.03186643431168741,1983.2852788150087,155.1457953103435,0.0006232012292686297,1.084496569363576,0.47008798275353775,0.1002118813815629,0.014950874130621702,0.06610747848118642,0.0
959,72.94963641509783,19.032500898311216,0.0,41.97944408000001,23.195114527794125,19.436087682884512,0.0,0.7122172117233276,0.14713179678287147,0.17486012562193884,-0.33980581164360046,0.25895124673843384,0.013378472957970962,0.08645989526260142,0.0,0.0,0.0,162.27363253025442,0.0006518328586891341,0.986621527042029,0.14713179678287147,0.0,0.015637759630066136,0.006255103852026454,499.9022600419666
960,72.80237518119202,19.036992454186173,28.201405460000046,29.619883759999993,28.918765200000017,0.5183114352856849,-0.23002421855926514,0.010224948637187481,-0.1072565388229658,0.026520851539469013,-0.10217534750699997,0.2186732143163681,0.044372872406581665,0.036189864265675005,0.0,0.0,0.0,0.0,0.0,0.9556271275934183,0.0,0.0,0.0,0.0,4742.466545722684
961,72.80712554357608,19.036992454186173,28.710690440000008,29.630137820000016,29.413328120000013,0.13993312180531792,-0.22210849821567535,-0.0030959751456975937,-0.10543113852446934,0.030736480954214992,-0.13027295470237732,0.1458454430103302,0.03170873965857164,0.04046120996297072,0.0,0.0,0.0,0.0,0.0,0.9682912603414283,0.0,0.0,0.0,0.0,4271.168475720609
962,72.81187590596014,19.036992454186173,28.72436252,29.435310680000043,29.029796314117664,0.12809503635373734,-0.20359280705451965,-0.015813954174518585,-0.10999771981869104,0.02952740223335602,-0.10353227704763412,0.11714770644903183,0.013352252312426297,0.023518939348625544,0.0,0.0,0.0,0.0,0.0,0.9866477476875737,0.0,0.0,0.0,0.0,3807.170716333169
963,72.8166262683442,19.036992454186173,28.990968080000016,31.937301320000017,29.97896575000002,0.8682568067340485,-0.24039320647716522,0.02568981982767582,-0.08978285569411058,0.0402404594419448,-0.16814158856868744,0.33951136469841003,0.009808009221003606,0.05029877166342474,0.0,0.0,0.0,1035.8084958469512,0.004160713002936755,0.9901919907789964,0.0,0.0,0.09981735189057941,0.039926940756231766,3353.504895366151
964,72.82137663072825,19.036992454186173,28.963623920000032,30.091570520000005,29.283522207058848,0.20090993514971794,-0.2003745287656784,0.028753994032740593,-0.06459795106132075,0.03515917680744692,-0.21503759920597076,0.14399999380111694,-0.00670685462231906,0.039713677681216135,0.0,0.0,0.0,0.0,0.0,1.006706854622319,0.0,0.0,0.0,0.0,2914.9989378744704
965,72.82612699311231,19.036992454186173,28.93286174000002,30.447044600000027,29.733840100000016,0.3823748061256393,-0.23510292172431946,0.11273486167192459,-0.042984875373120575,0.042917248151530904,-0.2329360842704773,0.18166573345661163,-0.01080716978828862,0.05694560992003087,0.0,0.0,0.0,0.0,0.0,1.0108071697882886,0.0,0.0,0.0,0.0,2499.643982049937
966,72.83087735549637,19.036992454186173,29.069582540000056,30.52565906000001,29.75735295000002,0.29487837185285726,-0.229061558842659,0.15376457571983337,-0.026849123396963444,0.043709639817123835,-0.21791645884513855,0.1791469156742096,0.002402448294297704,0.05520863262205254,0.0,0.0,0.0,0.0,0.0,0.9975975517057023,0.0,0.0,0.0,0.0,2121.0843384486793
967,72.83562771788043,19.036992454186173,29.40796652000006,33.48566438,30.650280778823547,0.6986707938294181,-0.2208293080329895,0.21969296038150787,-0.02334162010336822,0.06121522081122863,-0.29718005657196045,0.23326359689235687,-0.03865456635097288,0.07187225389964473,0.0,0.0,0.0,0.0,0.0,1.038654566350973,0.0,0.0,0.0,0.0,1802.652215279116
968,72.84037808026449,19.036992454186173,32.47051243999999,42.09565676,38.99219513000002,2.003339947453896,-0.02797761745750904,0.6409290432929993,0.16321578115787147,0.11864101316026693,-0.2469525933265686,0.38327693939208984,0.05482018236844045,0.087168808215992,127.0,0.16653112493965178,326.44002582319706,7562.1603454421365,0.030376251021040905,0.9451798176315596,0.16321578115787147,0.5236982956913362,0.7287397460828666,0.6057148758479484,1581.103650085523
969,72.84512844264854,19.036992454186173,37.21130618000001,41.589789800000005,38.808001830000016,0.805507146203863,-0.02413793094456196,0.7108014225959778,0.223518757370283,0.13408927741000334,-0.26978930830955505,0.41002005338668823,0.017356203187186763,0.0877575531495604,185.0,0.2720120530009922,366.0396476255323,7329.9949255642,0.02944367160583872,0.9826437968128132,0.223518757370283,0.855409153188291,0.7063667519380066,0.7957921926881772,1500.0000000004834
970,72.8498788050326,19.036992454186173,38.359760900000026,44.66258978000002,41.70500900705884,1.6232213426772333,0.012900142930448055,0.7327293157577515,0.1954831911482901,0.1292100584964014,-0.3022361099720001,0.45350173115730286,0.06760263119103774,0.09647659470639225,229.0,0.13120046516738104,142.63023612955527,8231.645518742855,0.03306548911572173,0.9323973688089623,0.1954831911482901,0.4125923008504697,0.7932557617332706,0.56485768520359,1500.0000000004834
971,72.85462916741666,19.036992454186173,38.920316179999986,44.90526920000002,41.96922353000002,1.488657770450651,-0.007042253389954567,0.7327659726142883,0.20809844970703126,0.16025391052535423,-0.32437121868133545,0.38794437050819397,0.06760730449969952,0.10232952022949633,284.0,0.1408650078033036,123.47996347039113,4981.074020671464,0.02000835051024767,0.9323926955003005,0.20809844970703126,0.4429848446401249,0.4800092104939169,0.45779459098164166,1581.103650085523
972,72.85937952980072,19.036992454186173,37.50183788000004,43.38425030000002,39.41201432352943,1.1186247328636194,-0.005387931130826473,0.721784770488739,0.23819462614239387,0.1539966108928003,-0.317220538854599,0.3337072432041168,0.004502073323951577,0.0921986844206858,142.0,0.2377454728475469,416.8075913282628,7570.359042571793,0.03040918416060413,0.9954979266760484,0.23819462614239387,0.7476494197929094,0.7295298267200853,0.7404015825637797,1802.652215279116
973,72.86412989218478,19.036992454186173,38.42812130000004,42.83736710000005,40.33553284000001,0.7491971031064104,0.0025380710139870644,0.6738995909690857,0.23135597085053067,0.1327422570924176,-0.28713810443878174,0.2915531396865845,0.020017962185841686,0.07545096670793613,94.0,0.13527922249177918,358.27372045918327,6494.778197795169,0.026088710613114477,0.9799820378141583,0.23135597085053067,0.4254189616929995,0.6258797484476065,0.5056032763948424,2121.0843384486793
974,72.86888025456884,19.036992454186173,38.91689816000002,48.41557574000001,42.17894028000002,2.7779192089111167,-0.05535055324435234,0.6068376302719116,0.16139746324071344,0.13330542664935774,-0.22180166840553284,0.46954217553138733,0.06965671755232901,0.08610205441930106,103.0,0.13016926930431605,314.6175544946053,4250.069882854612,0.017071998439753985,0.930343282447671,0.16139746324071344,0.4093494505051857,0.40956482086929685,0.4094355986508301,2499.643982049937
975,72.8736306169529,19.036992454186173,38.76650528000005,46.908228920000056,42.65947630823531,2.19342367300947,-0.0006191950524225831,0.6407074332237244,0.1397418903854658,0.10266599867492417,-0.23876214027404785,0.31978243589401245,0.06376948518573113,0.0712357090197913,23.0,0.07724705878274152,836.1146348869079,6446.678442359147,0.02589549991955177,0.9362305148142689,0.1397418903854658,0.24292247498087902,0.6212445381423634,0.3942513002454728,2235.9684723295704
976,72.87838097933695,19.036992454186173,36.47984989999998,43.82517488000002,39.315220360000026,1.7456897225710062,-0.04868420958518982,0.5888359546661377,0.11863386046211674,0.1082743420602419,-0.271560937166214,0.39138755202293396,0.040159889077240565,0.0883777712328184,22.0,0.10828375413194861,1225.3279274370443,5005.644503764624,0.020107047063620268,0.9598401109227594,0.11863386046211674,0.340525037049448,0.4823769846209539,0.39726581607805034,1999.5549597340446
977,72.88313134172101,19.036992454186173,36.15855601999999,42.902309479999985,39.982717220000026,1.5377824596671759,-0.12226148694753647,0.6920806765556335,0.21197866763708725,0.157243867713974,-0.3841489851474762,0.2420591413974762,0.03663191885318396,0.09690240342980537,15.0,0.05821423047054414,966.1612398006689,0.0,0.0,0.963368081146816,0.21197866763708725,0.1830690406580422,0.0,0.10984142439482532,1499.6662198005336
978,72.88788170410507,19.036992454186173,38.97842251999998,42.488729060000026,40.49594061058825,0.6062471741483199,-0.008673027157783508,0.6530612111091614,0.1980015016951651,0.1302719959248432,-0.26607459783554077,0.34624412655830383,0.03737421287680572,0.07503778129234909,52.0,0.1624265190582767,777.6162045777463,0.0,0.0,0.9626257871231942,0.1980015016951651,0.51079034767057,0.0,0.306474208602342,999.7774798670223
979,72.89263206648913,19.036992454186173,36.02867126000001,42.75875264000001,38.88310891000002,1.579930350617566,-0.06180344521999359,0.7554110288619995,0.29214882904628536,0.1823026358836975,-0.3720570504665375,0.32938188314437866,-0.005170502572689416,0.10148273273032749,43.0,0.14428065871715032,835.3170952220044,2442.7296340253947,0.009812139011891378,1.0051705025726894,0.29214882904628536,0.4537262034275966,0.2353975705264792,0.3663947502671496,499.88873993351115
980,72.89738242887319,19.036992454186173,34.64095514000002,42.314410039999984,37.04976038352943,1.6564025691363333,-0.040963854640722275,0.7246723771095276,0.4061729079026442,0.18214901993574284,-0.32511115074157715,0.235008105635643,-0.06297351543719952,0.11032620747442815,53.0,0.10119275664478566,475.31909988839743,2132.523957047383,0.008566081657696904,1.0629735154371995,0.4061729079026442,0.31822564226589317,0.20550410147161183,0.2731370259481806,0.0
981,72.90213279125724,19.036992454186173,33.608713100000045,41.654732179999996,36.07789745000002,1.8555074668460363,0.03404027968645096,0.7519358992576599,0.4661787846403302,0.16238208528396234,-0.3363324701786041,0.19085989892482758,-0.10816831192880307,0.10176076685635645,86.0,0.09426089673918879,272.8631098488363,683.3765520998351,0.002745038023557585,1.108168311928803,0.4661787846403302,0.2964266949529046,0.06585468071387501,0.20419788925729276,0.0
982,72.9068831536413,19.036992454186173,38.13758960000001,42.755334619999985,40.56399285000002,1.1067595736810367,-0.006770680192857981,0.6244041919708252,0.17434403329525353,0.09858456987524385,-0.2529555857181549,0.2989007234573364,0.06431743117998232,0.05473768883595518,3.0,0.0039896879350418,331.0772821851685,6748.01265615442,0.027105921717205158,0.9356825688200177,0.17434403329525353,0.012546560126095584,0.6502830943771041,0.267641173826499,499.88873993351115
983,72.91163351602536,19.036992454186173,34.596520880000014,40.803645200000005,37.91160998705884,1.4057688348176778,0.0,0.6329541802406311,0.30255965322818396,0.12159497344242672,-0.22134442627429962,0.2921622097492218,0.014553121890661852,0.07763128875893867,12.0,0.04959191066822792,1028.8245139550336,461.6604079807354,0.0018544320404090904,0.9854468781093382,0.30255965322818396,0.1559540242488574,0.04448864783608653,0.11136787368374905,999.7774798670223
984,72.91638387840942,19.036992454186173,33.84797450000002,39.85685366000001,36.72766752000002,1.399703439147083,0.045016076415777206,0.741685152053833,0.38272629072081366,0.1391472088170083,-0.32915621995925903,0.2410205602645874,-0.013166698239884287,0.10086530472387134,11.0,0.025784247605157528,583.5438368723778,0.0,0.0,1.0131666982398844,0.38272629072081366,0.08108494151707524,0.0,0.04865096491024514,707.0281128162264
985,72.92113424079348,19.036992454186173,36.03208928000004,40.81731728,38.11557353000002,0.9183903445460571,0.018533771857619286,0.6924187541007996,0.29895938513413917,0.1463190922509367,-0.3177580237388611,0.3624325692653656,-0.012735323636036999,0.08407960381956389,33.0,0.11439736086245036,863.0059188075144,0.0,0.0,1.012735323636037,0.29895938513413917,0.3597507849476327,0.0,0.2158504709685796,500.00000000016115
986,72.92588460317754,19.036992454186173,33.902662820000046,40.625908159999994,36.72778053411767,1.4053082316607781,0.025408348068594933,0.7496361136436462,0.3902570846845519,0.17064197218142188,-0.36106714606285095,0.26482120156288147,-0.07057289555387677,0.10484545688867516,33.0,0.14951100913373255,1127.9008959344606,0.0,0.0,1.0705728955538767,0.3902570846845519,0.4701743334695044,0.0,0.28210460008170263,500.00000000016115
987,72.9306349655616,19.036992454186173,34.760585839999976,39.32364254000004,37.23849396000002,0.9366133301864032,0.015162722207605839,0.7215485572814941,0.35219770323555427,0.14624705401901955,-0.3142136037349701,0.31887099146842957,-0.023519079820165094,0.09539247413203815,55.0,0.08013227233242252,362.7074512332154,0.0,0.0,1.023519079820165,0.35219770323555427,0.2519957423308777,0.0,0.15119744539852661,500.00000000016115
988,72.93538532794565,19.036992454186173,36.07310552000001,40.75921094,38.54373080000002,1.2929999615953787,0.016738995909690857,0.6673697829246521,0.3032075852614183,0.13380381524743562,-0.26377907395362854,0.24337466061115265,0.03284094883845402,0.0850708536501372,25.0,0.07179671470882991,714.9509905327754,1297.6956227671662,0.00521268079297474,0.967159051161546,0.3032075852614183,0.22578252049205147,0.1250545261445261,0.18549132275304134,500.00000000016115
989,72.94013569032971,19.036992454186173,35.42709974000002,40.766046980000056,38.66758376000002,0.989167669599985,-0.03238373622298241,0.6633180975914001,0.28665138100678067,0.14162122351019685,-0.22916212677955627,0.3844550848007202,0.05461257646668632,0.08314909279196929,6.0,0.012462672134253491,517.0965356379747,453.49643834811366,0.0018216383968521746,0.9453874235333137,0.28665138100678067,0.039191953809437276,0.043701913769981886,0.040995937793655124,500.00000000016115
990,72.94488605271377,19.036992454186173,36.838742000000025,44.70702404000002,39.87947291000002,1.7990799369436452,0.031022781506180763,0.7792375087738037,0.26473612083579007,0.1493630962409054,-0.4193064570426941,0.2466987520456314,0.054805171174823114,0.09849389912315408,6.0,0.01757038016905735,729.0236489725285,4505.962431476073,0.01809988675952816,0.9451948288251769,0.26473612083579007,0.05525440455962026,0.43422431794268224,0.20684236991284505,500.00000000016115
991,72.94963641509783,19.036992454186173,0.0,45.49658666000005,25.085822154117658,21.033523892950214,-0.02500000037252903,0.7113761901855469,0.10083983223393278,0.1366336140048195,-0.31671032309532166,0.327411949634552,0.04235657601986291,0.07278637044243545,5.0,0.004344688477488202,216.32182914871632,2901.1908763163183,0.011653720404388699,0.9576434239801371,0.10083983223393278,0.013662947102500461,0.27957792561473005,0.1200289385073923,707.0281128162264
992,72.80237518119202,19.04148401006113,28.269765860000007,29.613047720000054,29.15793724000002,0.37938477715906893,-0.236129030585289,-0.013333333656191826,-0.11958422390919811,0.02783155703358954,-0.15411682426929474,0.16049382090568542,0.034472558363428656,0.03884770847917451,0.0,0.0,0.0,0.0,0.0,0.9655274416365713,0.0,0.0,0.0,0.0,4608.675928966739
993,72.80712554357608,19.04148401006113,28.601313800000014,29.650645940000004,29.325554260000015,0.2647200572506396,-0.2943722903728485,-0.020765027031302452,-0.1203873774690448,0.02827588597368622,-0.08919078856706619,0.16633793711662292,0.03676564630472435,0.02817603595206356,0.0,0.0,0.0,0.0,0.0,0.9632343536952757,0.0,0.0,0.0,0.0,4122.137172478731
994,72.81187590596014,19.04148401006113,28.41332269999998,29.510507120000057,28.989442389411778,0.2792554338514324,-0.21628959476947784,-0.00390625,-0.12937897304318985,0.024234585105141492,-0.11928650736808777,0.1369697004556656,0.01710572152767541,0.03315040945469825,0.0,0.0,0.0,0.0,0.0,0.9828942784723246,0.0,0.0,0.0,0.0,3639.2150779903463
995,72.8166262683442,19.04148401006113,28.447502900000018,35.628762919999986,30.05529036000002,1.8165462332288738,-0.23826715350151062,0.7317073345184326,-0.0782201913686899,0.13350599357018947,-0.26477113366127014,0.24855966866016388,0.0019529151916503906,0.052274843984323006,2.0,0.05752724032247189,7160.696282895176,537.9434102756583,0.00216085130692806,0.9980470848083496,0.0,0.18090863028531126,0.05183978206009784,0.1292810909952259,3161.567390340026
996,72.82137663072825,19.04148401006113,29.199467300000038,40.81731728,34.284073640000024,3.64555579358227,-0.24409449100494385,0.6216577291488647,0.013988728073408018,0.149606054714571,-0.269060879945755,0.34964901208877563,0.016546367429337412,0.07757622574094536,2.0,0.0013140124881152247,163.56154556659646,1538.4362298876904,0.006179705661372088,0.9834536325706625,0.013988728073408018,0.004132237146614175,0.14825388200195452,0.061780895088750315,2692.003121858966
997,72.82612699311231,19.04148401006113,29.64039188000004,40.72503074000002,31.80259112000002,3.1300563219843958,-0.24846453964710236,0.17537108063697815,-0.05672988603699882,0.0626859822632903,-0.21436847746372223,0.24743443727493286,-0.0009768712745522553,0.06750623531288821,1.0,0.004522373167436875,1125.8437063347255,488.2373533398926,0.00196118830141443,1.0009768712745521,0.0,0.014221720540981012,0.04704977792695584,0.027352943495370943,2235.621550527553
998,72.83087735549637,19.04148401006113,29.67457208000002,32.070604100000025,30.576907020000018,0.3121858855880613,-0.29068151116371155,0.13700108230113983,-0.07490828604068396,0.06121244096939089,-0.23781561851501465,0.1786508560180664,0.006415143282908314,0.05758262212407528,0.0,0.0,0.0,0.0,0.0,0.9935848567170917,0.0,0.0,0.0,0.0,1802.4641718813289
999,72.83562771788043,19.04148401006113,30.399192319999997,36.10386770000002,31.28166831411767,1.0567322887652109,-0.2645290493965149,0.2902319133281708,-0.0581293415573408,0.07007385445581128,-0.28479382395744324,0.24016563594341278,-0.031353653242003246,0.07533219940318316,0.0,0.0,0.0,14.840260370468492,5.961146731074769e-05,1.0313536532420033,0.0,0.0,0.001430105562453071,0.0005720422249812285,1414.0371032247665
1000,72.84037808026449,19.04148401006113,36.086777600000005,43.179169100000024,40.095143270000015,1.4830187148444187,0.006781429518014193,0.6610389351844788,0.16427798864976415,0.11522550374399616,-0.23234200477600098,0.3698030710220337,0.05470844196823408,0.07969747392268657,144.0,0.18172638196189034,314.171797502671,8311.740971296545,0.03338722251745807,0.9452915580317659,0.16427798864976415,0.5714835382880094,0.8009742888591267,0.6632798385164562,1117.9781895567353
1001,72.84512844264854,19.04148401006113,37.98719672000004,45.44873438000002,40.733855040000016,1.7138313474152063,0.014657980762422085,0.6700782775878906,0.22966552734375,0.13678158662464177,-0.27891698479652405,0.3410138189792633,0.028358781922538327,0.08073813080215793,122.0,0.16665239550510347,340.0661767007126,6783.013181414419,0.027246514443701204,0.9716412180774616,0.22966552734375,0.5240796609674525,0.6536559762951807,0.5759101870985438,1000.0000000003223
1002,72.8498788050326,19.04148401006113,37.94276246000004,46.00587164000001,42.66530704823531,2.0608567297301117,0.0009900990407913923,0.8061590790748596,0.1680372475678066,0.14535791280456514,-0.3995022773742676,0.41366761922836304,0.08506295258144163,0.10435634508128026,94.0,0.18365473660144635,486.39151342069584,7644.6337712090535,0.030707536443356897,0.9149370474185584,0.1680372475678066,0.5775477262203849,0.7366874304225925,0.641203607901268,1000.0000000003223
1003,72.85462916741666,19.04148401006113,41.671822280000015,46.289567300000044,43.80771617000001,1.0777928529799587,-0.013743815012276173,0.5524432063102722,0.1369482421875,0.08875882613181121,-0.16509626805782318,0.44140464067459106,0.12729027381310096,0.07298448653790278,445.0,0.17729603503027944,99.18607874877075,6801.289970305314,0.027319930015686927,0.872709726186899,0.1369482421875,0.5575512169982398,0.6554172484564604,0.596697629581528,1117.9781895567353
1004,72.85937952980072,19.04148401006113,37.94276246000004,46.61086118000003,43.23224894000002,2.354844298569355,0.008522727526724339,0.6896551847457886,0.1603504799896816,0.13094304025613795,-0.2866082489490509,0.3239719271659851,0.08260709366708431,0.09488132392289786,346.0,0.20844251653180157,149.97605225574287,7687.955179121477,0.03088155311335859,0.9173929063329157,0.1603504799896816,0.6554990287663994,0.7408621675823355,0.6896442842927739,1414.0371032247665
1005,72.86412989218478,19.04148401006113,36.43199762000006,40.475515280000025,39.12486122000002,0.9261751444400962,-0.0009442870505154133,0.7423174381256104,0.22521525832841982,0.14435020436031343,-0.31717509031295776,0.37602928280830383,0.010518233101322966,0.08686587910503792,141.0,0.20288096513722426,358.2068596157616,8183.877521966046,0.03287361105514355,0.9894817668986771,0.22521525832841982,0.6380093553627315,0.7886525218848852,0.698266621971593,1802.4641718813289
1006,72.86888025456884,19.04148401006113,37.00622498000001,45.55469300000004,40.24591593000002,1.5428096719536417,0.020944558084011078,0.7472434043884277,0.21181608380011793,0.1226448348011706,-0.30037251114845276,0.401197612285614,0.021379017380048645,0.07357738029458248,68.0,0.15889694050275407,581.725807503602,6315.8543992863915,0.025369996122960013,0.9786209826199513,0.21181608380011793,0.49969071524626646,0.6086374687897762,0.5432694166636703,2235.621550527553
1007,72.8736306169529,19.04148401006113,38.851955780000026,44.505360859999996,41.62158093411767,1.227979094749843,-0.0032615785021334887,0.7361409664154053,0.1528631015993514,0.10789105770486324,-0.35320717096328735,0.330739289522171,0.05018354307930425,0.07290245164694423,44.0,0.1347560881771982,762.4430809560002,6100.289157585443,0.024504097544484876,0.9498164569206957,0.1528631015993514,0.4237738365005587,0.5878641775177756,0.4894099729074455,2548.897959530341
1008,72.87838097933695,19.04148401006113,37.74793532000001,45.97169144000003,42.73088349000002,2.103047455041448,-0.07359307259321213,0.6678058505058289,0.12202909649543042,0.1073867163279493,-0.3487221896648407,0.29432499408721924,0.06726185924602004,0.06072548694405521,4.0,0.011195440468304476,696.7755492648442,2020.2137529685215,0.00811494563366641,0.93273814075398,0.12202909649543042,0.03520683052426109,0.19468114799479563,0.09899655751247491,2061.0685862393657
1009,72.88313134172101,19.04148401006113,36.73278338,43.53464317999999,41.20068285000002,1.3985901707900055,-0.08961593359708786,0.7652906775474548,0.2220812297317217,0.17684799114380514,-0.36315086483955383,0.25253230333328247,0.03971520765772406,0.10400928141336299,20.0,0.09611568658262347,1196.3988464978672,0.0,0.0,0.9602847923422759,0.2220812297317217,0.30225954019564427,0.0,0.18135572411738657,1580.783695170013
1010,72.88788170410507,19.04148401006113,39.00576668000002,43.08346454000002,40.62711452000001,0.8288981308195341,-0.020956475287675858,0.7095282077789307,0.16449224508033608,0.1473616658026561,-0.30970942974090576,0.34545454382896423,0.0353609912800339,0.07771947093081975,23.0,0.1673636095910543,1811.5273970514406,0.0,0.0,0.9646390087199661,0.16449224508033608,0.5263162495019928,0.0,0.3157897497011957,1117.8107752637766
1011,72.89263206648913,19.04148401006113,36.35338316000002,41.80854308000005,38.51391807000002,1.2373105249489758,0.02579365111887455,0.6730888485908508,0.23914751160819575,0.1317666182551089,-0.24322980642318726,0.26772165298461914,0.01564792848982901,0.07484575175800948,126.0,0.1587087282389976,313.5753929579393,6877.432639052253,0.02762578557991905,0.984352071510171,0.23914751160819575,0.49909883524909954,0.6627548592123815,0.5645612448344124,707.0185516123832
1012,72.89738242887319,19.04148401006113,35.594582720000005,39.46719938000001,36.976042325882375,0.7663501187611924,0.01742919348180294,0.7284162640571594,0.3551822603665865,0.16653827605307908,-0.3166818916797638,0.3927842080593109,-0.0399854748065655,0.09668554670748201,116.0,0.16677140249408967,357.91120964322585,1858.5916086904138,0.007465729721693618,1.0399854748065656,0.3551822603665865,0.5244539078677243,0.17910617007812327,0.38631481275188384,499.8752167530523
1013,72.90213279125724,19.04148401006113,34.26497294000001,40.02775466000003,36.247100610000025,1.2290396823512206,-0.07787658274173737,0.7430946826934814,0.41538634102299526,0.16980754385767488,-0.34250572323799133,0.38242194056510925,-0.06854406968602594,0.10916419849956155,95.0,0.10454155945716968,273.9536415194495,1189.8524497145686,0.004779488273124815,1.068544069686026,0.41538634102299526,0.3287567806707253,0.11466204529816477,0.24311888652170108,0.0
1014,72.9068831536413,19.04148401006113,35.327977160000046,41.52826544000004,38.31394156000002,1.5415084414243534,0.011722272261977196,0.7114037275314331,0.3150235849056604,0.15859841174704728,-0.2992980182170868,0.2493537813425064,-0.005699236887805867,0.08983001257455335,35.0,0.07365064285927728,523.865992229029,3369.4166181663263,0.013534524568706822,1.005699236887806,0.3150235849056604,0.23161265592814678,0.3246992524100411,0.2688472945209045,499.8752167530523
1015,72.91163351602536,19.04148401006113,35.96372888000002,40.71477668,38.344279280000016,0.935591182530118,0.022194435819983482,0.7323732376098633,0.3370387124115566,0.15609963958962136,-0.32746195793151855,0.24014337360858917,-0.02833843878979953,0.08732253342428573,77.0,0.11606568689688358,375.25356731752237,1803.0360821317684,0.0072425701292937236,1.0283384387897996,0.3370387124115566,0.36499724864147237,0.17375247239539052,0.28849933814303963,999.7504335061046
1016,72.91638387840942,19.04148401006113,36.70885724000004,40.936947980000014,38.865929450000024,0.8569091242723511,0.012162161991000175,0.7477414011955261,0.3271526523806014,0.13903688756992963,-0.36185774207115173,0.19031476974487305,-0.026247060523842864,0.07589979151188536,59.0,0.15028001590148168,634.1046375371252,0.0,0.0,1.026247060523843,0.3271526523806014,0.47259266538067873,0.0,0.28355559922840723,999.7504335061046
1017,72.92113424079348,19.04148401006113,36.15513800000002,40.704522620000034,38.462904680000015,0.9352570786020923,0.01705930195748806,0.7153368592262268,0.3172299021594929,0.1496074678177305,-0.30613672733306885,0.22675548493862152,-0.02970992754090507,0.08019166591804698,43.0,0.14126174145385592,817.8389853941702,848.1024942815444,0.0034067215029888217,1.0297099275409052,0.3172299021594929,0.44423247169310337,0.08172876110825752,0.299230987459165,499.8752167530523
1018,72.92588460317754,19.04148401006113,35.36899340000002,38.93398825999998,36.714120281176484,0.7190831505003413,0.036363635212183,0.7661228775978088,0.4464847895784198,0.17919523464872558,-0.35392943024635315,0.15904615819454193,-0.1103811357606132,0.09989714776845937,39.0,0.13417012624700442,856.4518072115983,1298.5072356734713,0.0052159409403727906,1.1103811357606133,0.4464847895784198,0.4219311343372623,0.12513273852779233,0.30321177601347427,0.0
1019,72.9306349655616,19.04148401006113,35.41000964,40.30119625999998,37.75244800000002,0.9096872822493162,0.035833731293678284,0.7650762796401978,0.40122291420990563,0.17934892921610637,-0.35993191599845886,0.2626666724681854,-0.05966475576724646,0.10760060150669128,40.0,0.11682790173627779,727.1069470845257,1232.784334578716,0.004951940277825532,1.0596647557672465,0.40122291420990563,0.36739422165469166,0.11879924544277878,0.2679562311699265,0.0
1020,72.93538532794565,19.04148401006113,32.104784300000006,40.06535287999998,36.38164983058825,1.8476290190081501,0.02529127523303032,0.7962098121643066,0.4370264610877404,0.1920725017299169,-0.378173291683197,0.22139228880405426,-0.08337989807128907,0.11273720967496603,12.0,0.03332108867233658,691.273080545623,2024.5518604824458,0.008132371268244318,1.083379898071289,0.4370264610877404,0.10478640166879452,0.19509919670359918,0.1409115196827164,0.0
1021,72.94013569032971,19.04148401006113,33.36603367999999,38.66396468000005,35.36071643000002,1.468204154506368,0.07099514454603195,0.7918810844421387,0.5210744490713444,0.1767224445872973,-0.35474950075149536,0.22408711910247803,-0.10870897976857312,0.11508238297469048,0.0,0.0,0.0,3664.498372692995,0.014719831020537578,1.1087089797685732,0.5210744490713444,0.0,0.3531352803497368,0.14125411213989472,0.0
1022,72.94488605271377,19.04148401006113,33.167788520000045,44.63182760000001,37.387211340000015,3.3001725228802563,0.016163792461156845,0.8030954599380493,0.46739340728183965,0.2609526333963199,-0.4070741832256317,0.21771642565727234,-0.1077905964401533,0.15722439810103683,1.0,0.00408173095706387,1016.1459346280536,2879.437300969369,0.011566339016642495,1.1077905964401533,0.46739340728183965,0.012836012165650992,0.2774816073338985,0.11869425023295,0.0
1023,72.94963641509783,19.04148401006113,0.0,45.00097376000002,24.586874023529422,20.693666546428137,-0.001911132363602519,0.6651996970176697,0.10283872208505307,0.15379652826166196,-0.29518070816993713,0.20469056069850922,0.02462068665702388,0.08367704217231178,3.0,0.004821548822506914,400.1078044370817,2063.5957286442213,0.008289205596787662,0.9753793133429761,0.10283872208505307,0.01516255235683103,0.1988617218644752,0.08864222015988871,499.8752167530523
1024,72.80237518119202,19.045975565936086,29.073000560000025,29.548105340000006,29.383672468125017,0.0882753395281025,-0.24130314588546753,-0.02266736887395382,-0.12473484255232901,0.030748355380234994,-0.1339339315891266,0.17192982137203217,0.02667449951171875,0.04473052744245499,0.0,0.0,0.0,0.0,0.0,0.9733255004882813,0.0,0.0,0.0,0.0,4526.455399100449
1025,72.80712554357608,19.045975565936086,29.26099166000006,29.636973860000012,29.479958566250016,0.06471425969737936,-0.2174900621175766,-0.005955603905022144,-0.12331973669663915,0.024863583012263737,-0.13396824896335602,0.12669683992862701,0.02071577252082105,0.034071698550767415,0.0,0.0,0.0,0.0,0.0,0.979284227479179,0.0,0.0,0.0,0.0,4030.0309448355806
1026,72.81187590596014,19.045975565936086,28.727780540000026,29.60621168,29.17040156375002,0.22369855283322837,-0.26659640669822693,0.024186821654438972,-0.126676025390625,0.028744438624666475,-0.2713393568992615,0.1399642676115036,0.018711796886516068,0.038148093024437106,0.0,0.0,0.0,0.0,0.0,0.981288203113484,0.0,0.0,0.0,0.0,3534.5754726529044
1027,72.8166262683442,19.045975565936086,28.77221480000003,35.55356648000003,29.841402313125016,1.4085927445461612,-0.2920738458633423,0.6486042737960815,-0.10113997239332932,0.12188532353312091,-0.2586711347103119,0.16135770082473755,0.010960442469670222,0.042957010645076184,1.0,0.0009730544872369556,242.24167927243073,189.22996177147542,0.000760113057234604,0.9890395575303298,0.0,0.0030600104140620374,0.01823544965900257,0.00913018611203825,3040.5627023113707
1028,72.82137663072825,19.045975565936086,30.635035700000003,41.51459336000005,37.311522023750015,2.1222712129726675,-0.13036690652370453,0.6955974698066711,0.23791798717570756,0.16209709693187874,-0.3082039952278137,0.38921281695365906,-0.017764061981776977,0.0863318944258675,63.0,0.1531000947068536,604.987802401189,3910.0172276454828,0.01570604951204713,1.017764061981777,0.23791798717570756,0.48146110042321943,0.3767950997457207,0.4395947001522199,2548.8316422931757
1029,72.82612699311231,19.045975565936086,33.841138460000025,42.485311040000056,39.87796705437502,1.7270369102619747,-0.076263926923275,0.7301973700523376,0.24566069980837263,0.15991211021493917,-0.3221052587032318,0.18889832496643066,-0.011437318190088811,0.07982577835767876,66.0,0.11249232153855777,424.31721578307537,6074.839053992626,0.02440186766572902,1.0114373181900889,0.24566069980837263,0.35375991778986227,0.585411637346343,0.44642060561245456,2061.0160974827954
1030,72.83087735549637,19.045975565936086,30.696560060000024,42.70406432000004,34.775848248750016,4.423901410992778,-0.29469791054725647,0.5594713687896729,-0.02869068073776533,0.157990059673873,-0.26654064655303955,0.33739838004112244,-0.02274664249060289,0.0733876680099063,2.0,0.006233840851414058,775.9565861782446,1709.117769918976,0.0068653120314847065,1.0227466424906029,0.0,0.019603853818195415,0.16470188316320988,0.07764306555620121,1580.745199794033
1031,72.83562771788043,19.045975565936086,30.740994320000027,42.393024500000024,33.41187536000001,3.4766331781418676,-0.3318965435028076,0.6321620941162109,-0.02649268960053066,0.15575764792730923,-0.3153274953365326,0.29179030656814575,-0.016226253869398584,0.08615980198676952,2.0,0.0012626896053445351,157.173135939723,1221.0891996208036,0.004904962385400834,1.0162262538693987,0.0,0.003970839652621887,0.11767222494991517,0.049451393771539204,1117.7865800415227
1032,72.84037808026449,19.045975565936086,36.11412175999999,44.440418480000005,40.94107808750002,1.4341822614237272,-0.12962962687015533,0.680886447429657,0.1825994757886203,0.1369374195980044,-0.2935408353805542,0.41802388429641724,0.02721641108674823,0.08268276316257185,51.0,0.11038500986502185,538.8298335331798,10100.586690078737,0.04057279173438073,0.9727835889132518,0.1825994757886203,0.34713295521862436,0.9733592840638985,0.597623486756734,707.0089883660262
1033,72.84512844264854,19.045975565936086,33.18146060000004,47.23635883999998,40.49865812375002,4.113492443788918,0.008372092619538307,0.764102578163147,0.33502464438384433,0.2722144250864331,-0.4189571142196655,0.3885788023471832,-0.06865708836969339,0.20119907365466122,193.0,0.1063909825033143,137.23320914206053,5809.66063202738,0.023336679155697652,1.0686570883696933,0.33502464438384433,0.3345727486924942,0.5598572921510468,0.42468656607591526,500.00000000016115
1034,72.8498788050326,19.045975565936086,32.98663346000001,47.00393348,40.61851920500003,3.8983837885518775,-0.03589743748307228,0.7096655368804932,0.2672013423127948,0.2248488953571167,-0.3581235706806183,0.38298624753952026,-0.00723903440079599,0.17325429611287982,167.0,0.10694170797124822,159.41983435012824,4664.573060168621,0.01873700579055662,1.007239034400796,0.2672013423127948,0.33630464108831704,0.44950908631566666,0.3815864191792569,500.00000000016115
1035,72.85462916741666,19.045975565936086,36.08335957999998,46.28614928000002,44.15398128312503,1.541796696509178,0.009623095393180847,0.6573208570480347,0.13121140700120193,0.087393325084414,-0.2902446389198303,0.28164196014404297,0.1280365929236779,0.07141099472072364,241.0,0.16106839891467195,166.38148944706464,7198.040552512898,0.028913627415285914,0.8719634070763221,0.13121140700120193,0.5065194030960489,0.6936507565188025,0.5813719444651504,707.0089883660262
1036,72.85937952980072,19.045975565936086,41.750436740000055,46.89455684000001,44.28394353500001,1.208223799092077,-0.019685039296746254,0.6015084981918335,0.09189035667563385,0.06006677540910108,-0.1997310072183609,0.42125481367111206,0.12844979915978774,0.06546103564251964,276.0,0.1269485434911218,114.50655507483926,7457.007486615165,0.029953865156499785,0.8715502008402123,0.09189035667563385,0.3992210818901886,0.7186065216944628,0.5269752578118982,1117.7865800415227
1037,72.86412989218478,19.045975565936086,37.97694266000002,44.638663640000004,40.91305744437501,1.7600399133663052,-0.05047048628330231,0.6913827657699585,0.22258319206957547,0.15389252612426593,-0.29720044136047363,0.3188346326351166,0.018023026664302035,0.08886409649500616,102.0,0.14208542691102066,346.78561438538173,6554.846671849851,0.02632999815040343,0.981976973335698,0.22258319206957547,0.4468227542619579,0.6316683435752645,0.5207609899872805,1580.745199794033
1038,72.86888025456884,19.045975565936086,36.27818672000001,48.730033580000054,41.58824694375002,3.244316734171682,0.011004126630723476,0.7303566336631775,0.2630002809920401,0.18740679363665794,-0.297518789768219,0.3523475229740143,0.005202088985802993,0.10843529207179532,40.0,0.0804141795475091,500.47726377114276,3395.366902223341,0.013638763609744652,0.994797911014197,0.2630002809920401,0.25288226926773366,0.3271999932764901,0.2826093588712362,2061.0160974827954
1039,72.8736306169529,19.045975565936086,40.10295110000004,46.74074594000001,42.650582360000016,1.447729817970171,0.01139772031456232,0.6015126705169678,0.21003339659492926,0.12751394122128074,-0.23696482181549072,0.39138755202293396,0.036271805673275356,0.07436283336843,28.0,0.11155893307283352,991.8774788883296,3677.5901321305505,0.01477241897858345,0.9637281943267246,0.21003339659492926,0.350824646987513,0.35439688880717346,0.3522535437153772,2548.8316422931757
1040,72.87838097933695,19.045975565936086,37.91200028000003,45.20947297999999,41.550541910625014,1.856235886796803,-0.05042567104101181,0.7403285503387451,0.2702322560436321,0.1618327753991687,-0.323615163564682,0.29125139117240906,0.011809626885180204,0.09450467430024832,10.0,0.09200577495021121,2290.4815423016576,1583.2975455031444,0.006359907947758479,0.9881903731148198,0.2702322560436321,0.28933490692894254,0.1525770148445758,0.23463175009519585,2061.0160974827954
1041,72.88313134172101,19.045975565936086,36.21666235999999,42.59468767999999,39.23867863312502,1.4205075727774938,-0.22964049875736237,0.7714499831199646,0.33616611696639154,0.20299300558373193,-0.38956648111343384,0.30873575806617737,-0.041097040716207255,0.12181574029335902,16.0,0.025881645358555767,402.7018345468627,0.0,0.0,1.0410970407162072,0.33616611696639154,0.08139123283335203,0.0,0.04883473970001122,1580.745199794033
1042,72.88788170410507,19.045975565936086,36.58580852,44.18748500000004,40.57580652125002,1.6846206191629327,0.034383952617645264,0.755014955997467,0.2890606343971108,0.1827954782764398,-0.3743315637111664,0.2669016420841217,0.0012319651189840065,0.10387921900489622,21.0,0.07030069016627158,833.3971340595572,1464.4359196714458,0.005882455683048318,0.998768034881016,0.2890606343971108,0.22107790143940217,0.1411227230720143,0.18909583009244701,1117.7865800415227
1043,72.89263206648913,19.045975565936086,36.937864579999996,46.16993660000003,42.04823173250002,2.2540838215787886,-0.0014564520679414272,0.7536534667015076,0.1925257729584316,0.15393418889053267,-0.3329101800918579,0.25966131687164307,0.046399927679097876,0.09472480568230518,101.0,0.12213299476291618,301.0394010828676,6213.725012528537,0.024959755167060237,0.9536000723209022,0.1925257729584316,0.38407739831335724,0.5987956061508313,0.46996468144834685,707.0089883660262
1044,72.89738242887319,19.045975565936086,34.64095514000002,46.850122580000004,42.14611025375001,2.9047879383307285,0.01666666753590107,0.7916908264160156,0.2732957575871394,0.22431585959038672,-0.3769281804561615,0.3330022394657135,0.010055905855618991,0.1318435860317439,43.0,0.06781486041700037,392.61611861272263,6117.081776672008,0.02457155139224436,0.989944094144381,0.2732957575871394,0.21326059519383447,0.5894824252684447,0.3637493272236786,500.00000000016115
1045,72.90213279125724,19.045975565936086,34.36409551999998,40.10636912000001,37.77217003125002,1.217116280621782,0.041898246854543686,0.8057143092155457,0.3885134599793632,0.2088930623139914,-0.38937845826148987,0.2735632061958313,-0.0662251137787441,0.1192702892072881,107.0,0.1369737524052445,318.68768724590956,5522.369563731893,0.02218266691475032,1.0662251137787442,0.3885134599793632,0.4307478299631284,0.5321720262220171,0.47131750846668385,500.00000000016115
1046,72.9068831536413,19.045975565936086,35.088715760000014,41.54877356000003,38.45179820937502,1.7436120197199094,-0.01689189113676548,0.719437837600708,0.28069907134433963,0.15939276422301735,-0.3122849762439728,0.3745977580547333,-0.002054069087190448,0.09269096846729301,73.0,0.14211901170037508,484.66429578762353,5132.68093321139,0.020617336490637978,1.0020540690871904,0.28069907134433963,0.44692836993561913,0.4946190544937658,0.46600464375887785,707.0089883660262
1047,72.91163351602536,19.045975565936086,36.65416892000002,43.978985780000016,39.983760218750014,1.8632178416438367,-0.016317015513777733,0.7291314601898193,0.2732441682635613,0.17806338058855348,-0.31910401582717896,0.34748804569244385,-0.008244480636884582,0.10148572135110234,54.0,0.13543357779900397,624.373267399394,3828.802319612853,0.015379819397852735,1.0082444806368847,0.2732441682635613,0.4259043701195253,0.3689686944918948,0.40313009986847315,1117.7865800415227
1048,72.91638387840942,19.045975565936086,37.44031352000002,43.883281220000015,39.85368487062502,1.3450012672931149,0.010723337531089783,0.6731670498847961,0.2589132057045991,0.14259313406947835,-0.27329736948013306,0.3814251124858856,0.014710172257333431,0.08164081969357008,68.0,0.2015489288324669,737.87583955728,3886.1269117219576,0.015610085105010671,0.9852898277426666,0.2589132057045991,0.6338204378684601,0.3744928710220937,0.5300894111299135,1117.7865800415227
1049,72.92113424079348,19.045975565936086,37.68641095999999,44.07127232000005,40.08080517875001,1.452857031438275,0.037935081869363785,0.7461957931518555,0.335758056640625,0.15288901079928452,-0.3056695759296417,0.3365609347820282,0.008697908509452387,0.09948798350228422,93.0,0.060075179519243474,160.81399368417783,1402.3563277452859,0.005633089737142477,0.9913020914905476,0.335758056640625,0.18892125504454457,0.13514032333561293,0.1674088823609719,707.0089883660262
1050,72.92588460317754,19.045975565936086,37.477911740000025,43.182587119999994,40.08661497500002,1.0519791496647357,0.0199637021869421,0.6867704391479492,0.2971737728478774,0.16152961625118878,-0.2970864772796631,0.24586819112300873,0.0043050456496904485,0.08914204435108791,6.0,0.011583022589059215,480.59844538128783,3899.4067933947335,0.015663428726514956,0.9956949543503095,0.2971737728478774,0.03642567832915789,0.3757726081813385,0.17216445027003013,500.00000000016115
1051,72.9306349655616,19.045975565936086,33.62922121999998,42.18452528,39.042356109375014,1.9118092302334906,0.0048250905238091946,0.7340654134750366,0.33068119840801885,0.18545724913942727,-0.3439122438430786,0.31637877225875854,-0.014316934549583578,0.11137860538809645,5.0,0.009069435684905357,451.5667640777809,2574.0371504439345,0.010339584860362846,1.0143169345495835,0.33068119840801885,0.028521082847355522,0.24805123056574196,0.1163331419347101,499.86169050067303
1052,72.93538532794565,19.045975565936086,30.908477300000015,42.10932883999999,35.23291347875002,2.3211270231690704,0.06035939231514931,0.8244363069534302,0.5248085374098558,0.1799083851903854,-0.4589247405529022,0.1896914839744568,-0.13896891667292668,0.131673721246482,1.0,0.001487528979342928,370.31997966079615,0.0,0.0,1.1389689166729267,0.5248085374098558,0.004677902653667099,0.0,0.0028067415922002595,0.0
1053,72.94013569032971,19.045975565936086,33.400213880000024,47.71146362000002,40.378600171250014,4.598364374248901,0.014784523285925388,0.7907180190086365,0.309600300339033,0.292776216443545,-0.4241379201412201,0.20825669169425964,-0.027331946031102596,0.18295466108156144,3.0,0.011297886535638447,937.535373582144,3278.2890696455274,0.013168476619132693,1.0273319460311026,0.309600300339033,0.03552899751185889,0.3159175996102262,0.14768443835120582,499.86169050067303
1054,72.94488605271377,19.045975565936086,34.95883100000003,44.27977154000001,41.610464073750016,1.8655845294441176,-0.02373316138982773,0.7997927665710449,0.11210064582104953,0.15590544201501386,-0.4407675564289093,0.2826893627643585,0.04437359503979953,0.09893951333743044,14.0,0.24565186439881923,4368.212302371922,1522.062912924317,0.0061139360977279815,0.9556264049602005,0.11210064582104953,0.772513022809884,0.14667604097487097,0.5221782300758787,500.00000000016115
1055,72.94963641509783,19.045975565936086,0.0,44.36180402000002,23.621701016544126,19.821132184969834,-0.029690848663449287,0.5733826160430908,0.1072932981095224,0.14249908683044898,-0.24934838712215424,0.22236670553684235,0.020385580962558963,0.08541787252434727,0.0,0.0,0.0,0.0,0.0,0.9796144190374411,0.1072932981095224,0.0,0.0,0.0,707.0089883660262
1056,72.80237518119202,19.050467121811042,29.062746500000003,29.513925140000026,29.306006760000017,0.11592538127229518,-0.24712328612804413,-0.007915567606687546,-0.12453645526238208,0.030343789399801188,-0.1685144156217575,0.1601884514093399,0.00961709868233159,0.040880477512033275,0.0,0.0,0.0,0.0,0.0,0.9903829013176684,0.0,0.0,0.0,0.0,4498.63345058811
1057,72.80712554357608,19.050467121811042,28.529535380000027,29.626719800000046,29.282694970000016,0.21903440751349873,-0.20412105321884155,-0.01727861724793911,-0.11378863640551297,0.028766678848965933,-0.12107101082801819,0.12448377907276154,-0.004458208623922096,0.04319298498870457,0.0,0.0,0.0,0.0,0.0,1.004458208623922,0.0,0.0,0.0,0.0,3998.7852894116527
1058,72.81187590596014,19.050467121811042,28.29369200000002,29.41480256,28.83618736117649,0.35178920319954465,-0.2371794879436493,-0.0161117073148489,-0.14111894715507076,0.028718049868250724,-0.30136987566947937,0.13159745931625366,-0.011988679418024027,0.05126101848795225,0.0,0.0,0.0,0.0,0.0,1.011988679418024,0.0,0.0,0.0,0.0,3498.9371282351963
1059,72.8166262683442,19.050467121811042,28.454338940000014,30.026628140000014,29.146130550000024,0.306177426600242,-0.2355833649635315,-0.06781280040740967,-0.15292384221003605,0.02375192925549715,-0.17228694260120392,0.17960339784622192,0.027685353205754208,0.0333576749707872,0.0,0.0,0.0,0.0,0.0,0.9723146467942458,0.0,0.0,0.0,0.0,2999.08896705874
1060,72.82137663072825,19.050467121811042,29.404548500000033,40.297778240000014,34.42624671411766,3.2096368838485008,-0.24739336967468262,0.7354430556297302,0.13899378362691628,0.2094955161259184,-0.34439024329185486,0.27949386835098267,-0.014309459182451356,0.07935009340137464,66.0,0.1060002507855703,399.82934542091755,3018.8647504519645,0.012126401619290097,1.0143094591824513,0.13899378362691628,0.3333439962011552,0.2909177577844993,0.3163735008344928,2499.240805882283
1061,72.82612699311231,19.050467121811042,36.99255290000002,41.357364440000026,38.54216700000003,0.7973405778858492,0.02729805000126362,0.7256116271018982,0.27710803913620285,0.13865210334563036,-0.2835752069950104,0.3028489351272583,-0.021225534115197522,0.0735390139702963,217.0,0.23630812048822236,271.10068869295526,6561.113328732605,0.026355170526263984,1.0212255341151975,0.27710803913620285,0.7431293099266069,0.6322722400462351,0.6987864819744581,1999.3926447058263
1062,72.83087735549637,19.050467121811042,32.477348480000046,47.96781512000001,41.61559250000002,2.9425712765400296,-0.18124207854270935,0.7120575904846191,0.18021644448334315,0.13865093765986922,-0.30228137969970703,0.35132530331611633,0.025023786436836674,0.08437647562880168,76.0,0.13394077170706692,438.7437200526631,4184.001269449473,0.016806609094152998,0.9749762135631633,0.18021644448334315,0.42120987228058754,0.4031980126613848,0.4140051284329065,1499.54448352937
1063,72.83562771788043,19.050467121811042,31.595499320000044,46.90139288,40.574413145882374,4.047943270677566,-0.1957390159368515,0.6798561215400696,0.10776127653301887,0.1435409861597982,-0.30355897545814514,0.44012773036956787,0.0575227845389888,0.08832159805854506,39.0,0.08191643648561522,522.8994115968916,5611.873004589857,0.022542191027246437,0.9424772154610112,0.10776127653301887,0.2576064876290866,0.5407971692743841,0.3708827602872056,999.6963223529132
1064,72.84037808026449,19.050467121811042,31.96464548000006,46.180190659999994,40.57905001000002,3.8544216268524676,-0.09552845358848572,0.7009839415550232,0.18991118808962265,0.196822090044471,-0.4315122663974762,0.3465234637260437,-0.004037628173828125,0.1335194786799902,9.0,0.021872028957431063,605.0040354869438,5335.637427906491,0.021432587311512832,1.0040376281738281,0.18991118808962265,0.06878200271852528,0.5141772835782789,0.24694011506242672,499.8481611764566
1065,72.84512844264854,19.050467121811042,31.52030288000003,43.192841180000016,34.96190275000002,2.6510112548156757,-0.08641975373029709,0.7609289884567261,0.430130776459316,0.2894082347808994,-0.42382121086120605,0.3163731098175049,-0.16658447265625,0.1783049064912518,1.0,0.0011370764988646745,283.07491939977945,1681.3539126363933,0.006753788093932074,1.16658447265625,0.430130776459316,0.003575818182588365,0.16202637439558837,0.06695604066778836,0.0
1066,72.8498788050326,19.050467121811042,32.05351400000001,38.99551262,34.9700312247059,1.5704859002180593,-0.0502283088862896,0.710834801197052,0.40656659971992926,0.23263631873942203,-0.4588722288608551,0.3036576807498932,-0.1513636060030955,0.14171369645095844,0.0,0.0,0.0,1236.455422586417,0.004966686578584609,1.1513636060030956,0.40656659971992926,0.0,0.11915301574390606,0.04766120629756243,0.0
1067,72.85462916741666,19.050467121811042,33.184878620000006,45.31884962000004,37.033893070000026,3.7336888840219076,-0.05090311914682388,0.6929795145988464,0.3340476637620192,0.19797301807762918,-0.4993058741092682,0.29341962933540344,-0.10981282160832331,0.1604569895130367,9.0,0.005650958403138425,156.31163642484302,1197.2588686138708,0.004809238930261804,1.1098128216083234,0.3340476637620192,0.0177708358471647,0.11537577676926666,0.056812812216005495,499.8481611764566
1068,72.85937952980072,19.050467121811042,36.41832554000001,45.28466942,41.7101656047059,2.361135705972215,-0.17029790580272675,0.7141062021255493,0.25124663730837266,0.19517902537122533,-0.30026745796203613,0.41359221935272217,0.008541072629532725,0.11312654818940718,37.0,0.10949458540260133,736.7202852868758,4067.1581902748217,0.016337265078560977,0.9914589273704673,0.25124663730837266,0.3443327953471259,0.391938241384438,0.36337497376205075,999.6963223529132
1069,72.86412989218478,19.050467121811042,36.50035802000002,46.50148453999998,42.38678047000002,2.5656498435209283,0.01915264129638672,0.7190542221069336,0.21695934367629716,0.18606706363159872,-0.3105968236923218,0.41050583124160767,0.0295803487525796,0.10303983121910867,20.0,0.03965215285032398,493.5696931270869,6146.6188384234965,0.024690198070072073,0.9704196512474204,0.21695934367629716,0.1246959982749904,0.5923288117370663,0.31174912365982077,1499.54448352937
1070,72.86888025456884,19.050467121811042,39.03652886000003,46.57326296000002,41.333538830000016,1.6764637977900188,0.009080590680241585,0.7309697866439819,0.26346813273879716,0.16705560999773802,-0.3381700813770294,0.31725767254829407,-0.004205513360365382,0.09512205231819977,78.0,0.09804509018189184,312.92694217160056,4610.87953848327,0.018521325638534855,1.0042055133603653,0.26346813273879716,0.3083270268411812,0.4443348237277461,0.3627301455958072,1999.3926447058263
1071,72.8736306169529,19.050467121811042,38.657128639999996,45.60938132000001,41.74368348941179,2.0709927893626423,-0.021346470341086388,0.6852491497993469,0.2315706994398585,0.13787771961258166,-0.30035868287086487,0.2855464220046997,0.020600617606684846,0.08606879417492287,60.0,0.10318496325558198,428.1311941340676,6539.769475805558,0.026269434942164802,0.9793993823933151,0.2315706994398585,0.32449062850865784,0.6302154053254715,0.4467805392353833,2499.240805882283
1072,72.87838097933695,19.050467121811042,36.82506992000003,42.32124608000004,40.16650840000002,0.8409022018321908,-0.07692307978868484,0.6894648671150208,0.2217555092865566,0.167658639384644,-0.28689348697662354,0.3546837568283081,0.011230690434293927,0.09403180200624617,33.0,0.08189179425238272,617.7861325537897,4516.06361543948,0.018140461950434696,0.9887693095657061,0.2217555092865566,0.25752899403411705,0.43519773478395113,0.3285964903340507,1999.3926447058263
1073,72.88313134172101,19.050467121811042,36.81823387999998,45.16845674000001,40.98693373000002,1.9308091527040838,-0.026442307978868484,0.7745516896247864,0.32535045695754716,0.19049361557484365,-0.40787622332572937,0.3216931223869324,0.00022044451731555867,0.13468446469441137,23.0,0.03224418205644656,349.00788369402807,1236.60411392152,0.004967283853055583,0.9997795554826845,0.32535045695754716,0.10139980255968081,0.11916734462359625,0.10850681938524699,1499.54448352937
1074,72.88788170410507,19.050467121811042,37.37537114000003,42.71090035999998,39.31712583058825,1.0982683536117404,-0.002487562131136656,0.6304093599319458,0.2074350493808962,0.11467352737276815,-0.2230752408504486,0.45577430725097656,0.02937383399819428,0.08060751738880718,123.0,0.14010524622091933,283.570464743078,7177.95077854242,0.02883292930929415,0.9706261660018057,0.2074350493808962,0.440595586500119,0.6917147731339841,0.5410432611536651,999.6963223529132
1075,72.89263206648913,19.050467121811042,35.85777026000005,45.69141380000002,39.209105360000024,1.7949631697062443,-0.18454936146736145,0.7523264288902283,0.24362546524911557,0.16842463071684705,-0.35517793893814087,0.3117932081222534,-0.0007311378335053066,0.10244568638643026,112.0,0.13334158616465744,296.3871038225683,6191.18461550414,0.02486921321517744,1.0007311378335053,0.24362546524911557,0.41932558519925994,0.5966234645333811,0.4902447369329084,499.8481611764566
1076,72.89738242887319,19.050467121811042,33.499336459999995,44.754876319999994,36.764763747058836,2.6940931168092637,0.030236635357141495,0.7968586683273315,0.4700047889122596,0.24142515712557838,-0.4231221079826355,0.24331733584403992,-0.11122898982121394,0.14296186509028644,33.0,0.06881139851167092,519.1085156972964,1660.1469964664452,0.006668602567636169,1.111228989821214,0.4700047889122596,0.21639445561758158,0.15998273580569744,0.19382976769282792,0.0
1077,72.90213279125724,19.050467121811042,34.21370264000001,38.13417158000004,36.36492177000002,1.0973539365531382,0.01819140464067459,0.7987374663352966,0.3608955815153302,0.22759125897424054,-0.39000317454338074,0.31697744131088257,-0.06119982449513561,0.1273536388936313,147.0,0.14674038284491764,248.51008721965889,4151.001936731189,0.01667405490746723,1.0611998244951355,0.3608955815153302,0.46146141409196584,0.4000179788816831,0.43688404000785275,499.8481611764566
1078,72.9068831536413,19.050467121811042,35.84751620000003,42.94332572000002,38.97722733000002,1.468598413859192,-0.005050505045801401,0.6475583910942078,0.22833316443101415,0.13000011833813122,-0.2656461000442505,0.3625246584415436,0.018184497761276532,0.07788460019177904,151.0,0.13528793693117527,223.04568993869776,4895.713370905513,0.01966546747072412,0.9818155022387235,0.22833316443101415,0.42544636640224703,0.4717832941691725,0.44398113750901724,999.6963223529132
1079,72.91163351602536,19.050467121811042,38.81777557999999,43.13131682000005,40.39392040117649,0.8691538521496845,0.011946591548621655,0.7282640933990479,0.2469346071639151,0.13383663031913967,-0.26039764285087585,0.2976878583431244,0.03233424924454599,0.07470192198695409,151.0,0.18204336884846425,300.1301499942816,4533.4549122249055,0.018210320611531973,0.967665750755454,0.2469346071639151,0.5724803819249896,0.436873675074096,0.5182376991846323,1413.9988461546156
1080,72.91638387840942,19.050467121811042,37.99745078000001,42.26655776000001,39.39777783000002,0.7113116695395086,0.013728720135986805,0.6820643544197083,0.25992883070459905,0.1413761308730445,-0.28741851449012756,0.3765849471092224,0.012358481928987324,0.0864223077334689,70.0,0.15710353510603398,558.7269581493113,5453.143614784893,0.021904594947703065,0.9876415180710126,0.25992883070459905,0.4940509085729715,0.5255009562957641,0.5066309276620886,1413.9988461546156
1081,72.92113424079348,19.050467121811042,37.25915845999998,43.818338840000024,40.19470148000002,1.803919352339178,-0.0345381535589695,0.7376925945281982,0.287451171875,0.1720257717554929,-0.3259310722351074,0.33606183528900146,-0.006538776901533019,0.09934715526208697,60.0,0.08625352177458351,357.87988976798476,3267.023374867752,0.013123223734128425,1.006538776901533,0.287451171875,0.2712455246254664,0.3148319628111134,0.2886800998997252,1117.9660926128884
1082,72.92588460317754,19.050467121811042,37.69666502000001,43.02194018,40.83702116000002,1.103462488264845,-0.022576361894607544,0.8016272783279419,0.18701298551739387,0.13685039210768193,-0.3879561126232147,0.3692142069339752,0.04792085467644457,0.08919471963270678,58.0,0.10058350176245834,431.7282489391888,9657.925419336898,0.038794676848804215,0.9520791453235554,0.18701298551739387,0.31630968965564044,0.930701518649607,0.562066421253227,1000.0000000003223
1083,72.9306349655616,19.050467121811042,38.704980920000025,46.68947564000001,43.00063899000001,1.7803759025630583,-0.007081436458975077,0.44772687554359436,0.08853215631448998,0.061018119385688276,-0.14190144836902618,0.31204846501350403,0.09902136460790094,0.054226544655244596,32.0,0.062304065195999764,484.70568633810575,9124.171701820667,0.03665065501297275,0.9009786353920991,0.08853215631448998,0.19593053712698472,0.8792654830717578,0.46926451550489395,706.9994230773078
1084,72.93538532794565,19.050467121811042,30.76833848000001,44.0507642,40.05192916823531,2.6587301930184757,-0.0003901677846442908,0.7384718060493469,0.21210106482872595,0.18858626206376827,-0.45165449380874634,0.29387417435646057,0.003377665006197416,0.1343372461048881,19.0,0.028047176447232248,367.49146281894554,6683.2931738153275,0.026845951662131013,0.9966223349938026,0.21210106482872595,0.08820128074972473,0.6440462973545665,0.3105392873916615,500.00000000016115
1085,72.94013569032971,19.050467121811042,36.87634022000003,45.98878153999999,40.22635726000002,1.8814756989579904,0.0021052630618214607,0.8076238036155701,0.22293827848614386,0.18463305473061403,-0.4074442982673645,0.24699509143829346,0.003078706849296138,0.11610583010311012,80.0,0.09975635193903142,310.42899612462736,4794.752856722796,0.019259921729568818,0.9969212931507039,0.22293827848614386,0.3137085125305412,0.4620540718161642,0.3730467362447904,499.8481611764566
1086,72.94488605271377,19.050467121811042,33.42072200000001,40.46526122,35.99049220000002,1.6234961138733555,-0.0039331368170678616,0.8127740025520325,0.4426000055277123,0.17835412887444832,-0.4890596270561218,0.1678880751132965,-0.17887598577535377,0.13447892839886097,0.0,0.0,0.0,763.2848307497624,0.003066019571164211,1.1788759857753537,0.4426000055277123,0.0,0.07355517052540946,0.029422068210163785,0.0
1087,72.94963641509783,19.050467121811042,0.0,38.11366346,21.586538432941186,18.07382130914408,-0.060147956013679504,0.5782932639122009,0.13638828493514152,0.15985576192348278,-0.3208431005477905,0.2290089726448059,-0.01711963581589033,0.08415443849857873,0.0,0.0,0.0,0.0,0.0,1.0171196358158903,0.13638828493514152,0.0,0.0,0.0,499.8481611764566
1088,72.80237518119202,19.054958677686,28.300528040000017,29.48999900000001,29.125354350000016,0.19909958126179916,-0.22073383629322052,-0.015549598261713982,-0.12038551186615566,0.026689873021419196,-0.07509881258010864,0.1456061601638794,0.015195717001860997,0.027507440780500533,0.0,0.0,0.0,0.0,0.0,0.984804282998139,0.0,0.0,0.0,0.0,4526.21333416559
1089,72.80712554357608,19.054958677686,28.286855960000025,29.486580979999985,29.033805030000014,0.3271190004340438,-0.22807016968727112,-0.028953230008482933,-0.11628203769899764,0.02845124869218809,-0.1341833621263504,0.14149822294712067,-0.007429546140274912,0.04510185942326595,0.0,0.0,0.0,0.0,0.0,1.007429546140275,0.0,0.0,0.0,0.0,4029.8161238697035
1090,72.81187590596014,19.054958677686,28.19798744000002,29.325934039999993,28.640686078823553,0.3227623729497159,-0.269473671913147,-0.019969278946518898,-0.1386471154554835,0.027549587210811702,-0.17195925116539001,0.15706488490104675,-0.015113896783792748,0.03568178329272106,0.0,0.0,0.0,0.0,0.0,1.0151138967837927,0.0,0.0,0.0,0.0,3534.387945639011
1091,72.8166262683442,19.054958677686,28.324454180000032,29.496835040000008,28.966126000000013,0.31000087215090755,-0.23910939693450928,0.061430010944604874,-0.16013846764197717,0.026415392904638717,-0.0880388617515564,0.14778324961662292,0.018264717688927283,0.03216718783680751,0.0,0.0,0.0,0.0,0.0,0.9817352823110728,0.0,0.0,0.0,0.0,3040.4025425283257
1092,72.82137663072825,19.054958677686,29.107180760000006,38.657128639999996,32.18872093647061,2.817749022051545,-0.2387218028306961,0.6334453225135803,0.03070427084868809,0.14071374243051316,-0.4012167751789093,0.21176926791667938,0.015149288537367335,0.05345604370514242,11.0,0.018407227345007,416.58861780938565,700.0291589733149,0.0028119294597922606,0.9848507114626327,0.03070427084868809,0.05788607740731018,0.06745943596240815,0.061715420829349374,2548.698962844242
1093,72.82612699311231,19.054958677686,35.69370530000003,41.92475576000004,39.537335810000016,1.0079478358923375,0.005315110087394714,0.703618586063385,0.24537160045695755,0.12857048147082775,-0.24810606241226196,0.32780909538269043,0.014456205547980543,0.08455304085882073,277.0,0.23827012797080932,214.14184380745837,6025.758563097058,0.024204717480652838,0.9855437944520195,0.24537160045695755,0.7492993275442551,0.5806819168909422,0.6818523632829299,2060.9110844600214
1094,72.83087735549637,19.054958677686,35.86802432000002,43.28170970000002,40.22511739000002,1.8525382821351453,-0.0308880303055048,0.7743362784385681,0.22614511165978773,0.14771302976975242,-0.2913183271884918,0.37270641326904297,0.04802204635908019,0.09899698490275888,335.0,0.2801862065265958,208.21578613155472,5771.282110535113,0.02318251744139756,0.9519779536409199,0.22614511165978773,0.8811147999352834,0.5561588841922461,0.7511324336380685,1580.6681831280396
1095,72.83562771788043,19.054958677686,34.67171732000003,43.05953840000001,40.28157516941179,1.9496712160764853,-0.015403573401272297,0.7243402004241943,0.19096657806972286,0.13566493422095305,-0.6879084706306458,0.5117787718772888,0.022610444842644458,0.1723929331851436,200.0,0.20992743380801404,261.3069193864256,8792.653935846663,0.03531898966641202,0.9773895551573556,0.19096657806972286,0.6601687182738527,0.8473182402784379,0.7350285270756868,1117.7381735060615
1096,72.84037808026449,19.054958677686,34.68197138000005,44.66600779999999,42.20338024000002,1.7268711711351292,0.0,0.7760189771652222,0.14892809597951062,0.1218941784648613,-0.6336520314216614,0.3085896074771881,0.06485196671395932,0.1230327715290681,79.0,0.10113632273482419,318.707127668965,4511.5194284434365,0.018122208520386554,0.9351480332860407,0.14892809597951062,0.3180481718832441,0.4347598268943564,0.364732833887689,706.9898557463802
1097,72.84512844264854,19.054958677686,37.90858226,44.143050740000035,40.708030000000015,1.5124410501175591,-0.023562677204608917,0.6311963200569153,0.18156130232900944,0.13666520787586978,-0.2797718048095703,0.3408297896385193,0.0398066509894605,0.09111583953417325,46.0,0.11398971648744412,616.9067902625131,7873.275033072721,0.031625959757182076,0.9601933490105395,0.18156130232900944,0.3584688464240306,0.7587208134114921,0.5185696332190152,500.00000000016115
1098,72.8498788050326,19.054958677686,35.25961676000003,42.68013818000003,37.995452007058844,1.4469469517764435,-0.057901084423065186,0.6195335388183594,0.19976322965801888,0.14116623272722978,-0.2773269712924957,0.43781784176826477,0.005125156618514151,0.1000805952169465,71.0,0.1951227323511082,684.1655919715979,5728.036207933101,0.02300880406677149,0.9948748433814858,0.19976322965801888,0.6136116742137092,0.5519914232231977,0.5889635738175046,500.00000000016115
1099,72.85462916741666,19.054958677686,31.154574740000044,39.35098670000002,35.289987990000014,2.30528931461558,-0.06695464253425598,0.6917760968208313,0.3775215266301082,0.2137512096338554,-0.43396225571632385,0.262046217918396,-0.13159700833834134,0.13656824428748227,20.0,0.048851688427488264,608.0808009822457,2042.4522152651157,0.00820427475156199,1.1315970083383413,0.3775215266301082,0.15362621239957902,0.1968241931865127,0.1709054047143525,706.9898557463802
1100,72.85937952980072,19.054958677686,30.98367374000003,37.70008303999998,34.69135023764708,1.3238700551803742,-0.050359711050987244,0.7033870220184326,0.37121337890625,0.15843596190150672,-0.3673723638057709,0.2487437129020691,-0.11108890173570166,0.09270611061779582,0.0,0.0,0.0,0.0,0.0,1.1110889017357017,0.37121337890625,0.0,0.0,0.0,1117.7381735060615
1101,72.86412989218478,19.054958677686,33.024231680000014,44.228501240000014,36.37170196000002,2.385328544870725,-0.10385064035654068,0.718028724193573,0.19632480837264152,0.18736943932776912,-0.41952788829803467,0.3273657262325287,-0.00246923842520084,0.09294868526227124,0.0,0.0,0.0,1240.7448786993596,0.004983916786577887,1.0024692384252007,0.19632480837264152,0.0,0.11956637608219398,0.04782655043287759,1580.6681831280396
1102,72.86888025456884,19.054958677686,33.86164658000001,43.95164162000003,40.38651272000001,2.4702376193163,-0.12649165093898773,0.6352765560150146,0.1629858974240861,0.15670299626127823,-0.2425730973482132,0.39155128598213196,0.026664339461416567,0.08393975485478564,20.0,0.03587112927214411,446.5054478581627,3602.8610143353126,0.014472241471490883,0.9733356605385834,0.1629858974240861,0.1128056348094273,0.347195497162533,0.20656157975066958,2060.9110844600214
1103,72.8736306169529,19.054958677686,36.99597091999999,44.652335719999996,41.340404437647074,1.866634354389102,-0.0025619128718972206,0.6808510422706604,0.2288953327682783,0.1393897146406107,-0.2744640111923218,0.4129158556461334,0.04444908861844045,0.09188697014601936,98.0,0.11066486960248788,281.12237269543436,4860.210274806718,0.019522855980110707,0.9555509113815596,0.2288953327682783,0.3480130433558821,0.46836198120378614,0.39615261849504374,2548.698962844242
1104,72.87838097933695,19.054958677686,37.21130618000001,43.75681448,39.35685095000002,1.3528209959608042,0.02860858291387558,0.726898193359375,0.36117261202830186,0.1834080171401416,-0.37393033504486084,0.2879776358604431,-0.04179394416089328,0.11365911569542923,58.0,0.09389304953757903,403.0112409503446,2543.225733333918,0.010215819256660465,1.0417939441608932,0.36117261202830186,0.2952699084805399,0.24508203879308407,0.2751947606055576,2060.9110844600214
1105,72.88313134172101,19.054958677686,36.71227526000001,44.56688522000002,40.28937840000001,1.7529719857123935,0.011372251436114311,0.7183098793029785,0.26091992648142687,0.16054559948548836,-0.3175296187400818,0.24900458753108978,-0.0039342135303425336,0.08786048799065248,61.0,0.0750434762037397,306.2632008569618,7126.491866248458,0.028626225303334626,1.0039342135303426,0.26091992648142687,0.23599276474529052,0.6867558522746288,0.41629799975702586,1580.6681831280396
1106,72.88788170410507,19.054958677686,37.15319984000001,43.98240380000004,40.12745676588237,1.3405486190464486,-0.0019243104616180062,0.6243980526924133,0.19969390293337264,0.13147152775878318,-0.21316033601760864,0.3860684633255005,0.03114200807967276,0.07644490816089411,61.0,0.14537223020200887,593.284943470724,6803.976089363998,0.02733071981953553,0.9688579919203273,0.19969390293337264,0.45715891984293844,0.6556761006404074,0.536565792161926,1117.7381735060615
1107,72.89263206648913,19.054958677686,36.77721764,44.15672282000003,39.31017152000002,1.2400543909132036,-0.003409090917557478,0.6430661082267761,0.2348645710495283,0.13467030898986163,-0.2527044713497162,0.30394431948661804,0.011151616798256929,0.07940647049500625,141.0,0.17194559806041512,303.5873408050664,7259.888629812291,0.029162063395930974,0.9888483832017431,0.2348645710495283,0.5407254450992194,0.6996108459757839,0.6042796054498452,706.9898557463802
1108,72.89738242887319,19.054958677686,35.888532440000006,42.167435179999984,37.95030812352943,1.489152156288622,0.025488069280982018,0.6871412396430969,0.24023968036358173,0.12972630570722474,-0.2890350818634033,0.31780365109443665,0.007338522397554838,0.08347779026837311,124.0,0.19117169923938826,383.8076475189159,7167.556196240339,0.028791175574006428,0.9926614776024452,0.24023968036358173,0.6011866737366056,0.690713082489852,0.6369972372379042,500.00000000016115
1109,72.90213279125724,19.054958677686,35.413427660000025,38.349506840000004,36.81602222000002,0.5969590924199171,0.012419700622558594,0.686466634273529,0.2688982808814859,0.13065245248143434,-0.28212422132492065,0.255132794380188,-0.015999420453917307,0.07677539654163466,165.0,0.20415597357942286,308.0277590858027,6244.572704027832,0.025083666480441334,1.0159994204539173,0.2688982808814859,0.6420189346435623,0.6017682935633624,0.6259186782114823,706.9898557463802
1110,72.9068831536413,19.054958677686,36.65416892000002,47.73538976000003,41.66593569000002,3.1725043059056706,-0.09186352044343948,0.6594561338424683,0.20186762971698113,0.13022834701976002,-0.275065541267395,0.3595413565635681,0.04041012170179835,0.08273382510449777,63.0,0.07678338327953925,303.41594758750443,6350.640382487886,0.02550972706087634,0.9595898782982016,0.20186762971698113,0.24146433272147347,0.6119896760172755,0.3896744700397943,1117.7381735060615
1111,72.91163351602536,19.054958677686,38.56142408000005,47.766151939999986,42.254671565882376,2.0749502281098064,-0.003948667552322149,0.6510791182518005,0.1807783364349941,0.11982745930148257,-0.24910607933998108,0.32784637808799744,0.05453915002211085,0.07800379237348835,68.0,0.0649740837192065,237.87180041837829,8581.570184839162,0.034471092674789594,0.9454608499778892,0.1807783364349941,0.20432707051120572,0.8269768150659801,0.4533869683331154,1580.6681831280396
1112,72.91638387840942,19.054958677686,38.66396468000005,46.210952840000004,42.939941210000015,1.9567355411451997,0.026092849671840668,0.6942014098167419,0.1773592275943396,0.10727160571906204,-0.2769330143928528,0.3494888246059418,0.07634510544111144,0.08096649516824467,56.0,0.15361359252960108,682.8940483939763,3583.475280090767,0.0143943714049041,0.9236548945588886,0.1773592275943396,0.48307592128455407,0.3453273596984134,0.4279764966500978,1500.0000000004834
1113,72.92113424079348,19.054958677686,38.05897514000003,46.552754840000034,42.43786088000002,2.2888233339159916,0.022248243913054466,0.6860215067863464,0.1903008457399764,0.1181893898394039,-0.263293594121933,0.3075646162033081,0.04627191507591392,0.07816453525563255,55.0,0.13157488344663634,595.5551893407052,5372.986874604463,0.021582615361245786,0.9537280849240861,0.1903008457399764,0.4137697517011305,0.5177765230891707,0.4553724602563466,1581.08654289687
1114,72.92588460317754,19.054958677686,37.79236958000001,45.62647142000003,41.29548526823532,1.9313874554160142,0.0005470459582284093,0.6732063293457031,0.18404325665168042,0.1306044269579864,-0.2910744845867157,0.30056262016296387,0.044058590295179834,0.07988688685041735,37.0,0.12532945110929417,843.2631498314539,10410.011923552447,0.04181571414476134,0.9559414097048202,0.18404325665168042,0.39412944558954377,1.0,0.6364776673537262,1413.9797114927603
1115,72.9306349655616,19.054958677686,36.872922200000005,46.09815818000004,42.47610696000002,2.1180855426449208,-0.05662725493311882,0.4692726135253906,0.0929880048643868,0.06250488448368866,-0.18835380673408508,0.28495705127716064,0.09026274483158904,0.05828064030428268,25.0,0.06130474740913227,610.4720816582197,10325.46448614338,0.0414760976774285,0.909737255168411,0.0929880048643868,0.1927879352738705,0.9950299946172122,0.5136847590112072,1117.9600422773485
1116,72.93538532794565,19.054958677686,37.64881274000004,45.65723360000004,43.46978358941178,1.7309271027795357,0.007038122974336147,0.4079602062702179,0.0808262223463792,0.04544505717060917,-0.1053185909986496,0.3305191993713379,0.11303201528695914,0.04609092059413903,54.0,0.03994712287560688,184.16345516666382,8961.3661370662,0.03599668544915825,0.8869679847130408,0.0808262223463792,0.12562360444817072,0.8635764629372458,0.42080474784380073,1000.0000000003223
1117,72.94013569032971,19.054958677686,34.44270998000002,46.210952840000004,41.92929078000002,3.057659493323437,0.03143118694424629,0.693359375,0.205790485885908,0.15906747072008628,-0.3871999979019165,0.24525186419487,0.05333383236291274,0.12018114346937082,29.0,0.004402302830500007,37.79145603421772,5362.699474324346,0.021541292162716795,0.9466661676370872,0.205790485885908,0.013844129680175206,0.5167851612129968,0.21502054229330383,706.9898557463802
1118,72.94488605271377,19.054958677686,32.29619342000001,42.461384899999985,36.16622981000002,2.9535216868084793,-0.026944585144519806,0.6835038065910339,0.3889454506928066,0.1952592747677303,-0.37871450185775757,0.22095754742622375,-0.12042274331146816,0.14193455267006172,0.0,0.0,0.0,0.0,0.0,1.1204227433114682,0.3889454506928066,0.0,0.0,0.0,500.00000000016115
1119,72.94963641509783,19.054958677686,0.0,40.52336756,21.833037992941186,18.32157182414699,-0.07053500413894653,0.632511556148529,0.11590211112544221,0.18260897582554048,-0.6214419007301331,0.1483166515827179,-0.0528851318359375,0.11798522914163692,0.0,0.0,0.0,0.0,0.0,1.0528851318359376,0.11590211112544221,0.0,0.0,0.0,706.9898557463802
1120,72.80237518119202,19.059450233560955,28.28343794,29.452400780000005,28.97335578250002,0.2334717000323102,-0.2397790104150772,-0.03723404183983803,-0.13387758650869694,0.028402652584792357,-0.09775348752737045,0.1405770480632782,0.010801488768379643,0.036067197909011035,0.0,0.0,0.0,0.0,0.0,0.9891985112316204,0.0,0.0,0.0,0.0,4608.200424347541
1121,72.80712554357608,19.059450233560955,28.25267575999999,29.240483540000014,28.423553023750017,0.2263950920214839,-0.30506476759910583,-0.035971224308013916,-0.13923093399911557,0.03501862087012167,-0.2467532455921173,0.12445095181465149,-0.02523727704893868,0.04455836889773838,0.0,0.0,0.0,0.0,0.0,1.0252372770489386,0.0,0.0,0.0,0.0,4121.7171203891785
1122,72.81187590596014,19.059450233560955,28.105700899999988,29.209721360000003,28.368611982500017,0.2073067771727002,-0.21601489186286926,0.03969022259116173,-0.11681443700250589,0.024757679192470614,-0.1755288690328598,0.09817351400852203,-0.006956709375921286,0.03184404597945178,0.0,0.0,0.0,0.0,0.0,1.0069567093759213,0.0,0.0,0.0,0.0,3638.8507994561355
1123,72.8166262683442,19.059450233560955,28.348380320000047,32.60381522,29.61597914687502,1.1613395573437073,-0.2667423486709595,0.14010508358478546,-0.10506607055664062,0.06597056034721584,-0.24982406198978424,0.21942445635795593,-0.015526774479792668,0.050528857671018404,0.0,0.0,0.0,0.0,0.0,1.0155267744797927,0.0,0.0,0.0,0.0,3161.2593236773137
1124,72.82137663072825,19.059450233560955,29.21313938000003,38.674218740000015,35.08938177125001,2.8566924276358425,-0.1815008670091629,0.7052298188209534,0.1647779817401238,0.17670336743486353,-0.4696926176548004,0.24358974397182465,-0.009986451346919221,0.0916701956648868,69.0,0.07366777901346037,265.7909531805168,2511.2548161843297,0.01008739608651516,1.0099864513469192,0.1647779817401238,0.2316665448017351,0.2420011099339559,0.2358003708546234,2691.751870624747
1125,72.82612699311231,19.059450233560955,35.60141876,39.07754510000001,36.914792945000016,0.7773469657105879,0.011152416467666626,0.7113401889801025,0.3110336821933962,0.13036455399612962,-0.2818532884120941,0.32018208503723145,-0.03926660501732016,0.0717833084362146,231.0,0.2413902161454382,260.14734169338624,6210.6077576927155,0.02494723354479041,1.0392666050173203,0.3110336821933962,0.759111216223035,0.598495206874201,0.6948648124835014,2235.427924386693
1126,72.83087735549637,19.059450233560955,35.724467480000044,38.17518782000002,36.88395955625002,0.5456650220196139,-0.005013927351683378,0.7299695014953613,0.2684474729142099,0.15715978160167476,-0.3171234428882599,0.402542382478714,-0.021656260940263856,0.0958685545945172,202.0,0.2687179125502149,331.17455119882766,7629.99565997149,0.030648736983795825,1.021656260940264,0.2684474729142099,0.8450499140943071,0.7352768052865064,0.8011406705711868,1802.3290842364693
1127,72.83562771788043,19.059450233560955,36.54137426,39.82267346000003,38.014465482500015,0.6820622003868337,0.0066350712440907955,0.6887394785881042,0.232183308151533,0.13571721490722088,-0.5969581604003906,0.44975435733795166,0.0009861068005831736,0.09623403215897734,202.0,0.2590140716148015,319.2152994459703,8025.3646520535885,0.03223688470889138,0.9990138931994168,0.232183308151533,0.814533787085753,0.7733771741939977,0.7980711419290508,1413.960572746791
1128,72.84037808026449,19.059450233560955,37.248904400000015,42.96041581999998,40.68406197250002,1.3341541561134758,0.0019723866134881973,0.746158242225647,0.1951565263856132,0.1444184024239926,-0.5629138946533203,0.37028825283050537,0.04170439522221403,0.09878210747526729,79.0,0.0886703460040881,279.4235594117118,7051.862911438184,0.02832645013840823,0.958295604777786,0.1951565263856132,0.2788458259531356,0.6795641129971552,0.4391331407707435,1117.953990699569
1129,72.84512844264854,19.059450233560955,37.06433132000001,41.98969814000003,39.98902896812502,1.0642883246932142,-0.0022205773275345564,0.7009088397026062,0.22606795400943397,0.14481688124353145,-0.26365387439727783,0.3876543343067169,0.020490555673275353,0.08884371016717987,89.0,0.18739605851308658,524.1820611982064,11899.006979737684,0.04779682080339397,0.9795094443267246,0.22606795400943397,0.5893132379796351,1.0,0.7535879427877811,1000.0000000003223
1130,72.8498788050326,19.059450233560955,35.365575379999996,40.57463786000005,38.00247728000002,1.0989197301763105,-0.10118265450000763,0.7538957595825195,0.2912709592423349,0.16709570002958588,-0.35852259397506714,0.4168564975261688,-0.019420330119582843,0.105564272092971,77.0,0.18415624985634438,595.3981021437069,8336.524874216586,0.0334867763515465,1.0194203301195828,0.2912709592423349,0.5791248586450406,0.8033626295310855,0.6688199669994586,1000.0000000003223
1131,72.85462916741666,19.059450233560955,31.25027929999999,40.74553886000001,38.376779791250016,1.8044786417132608,-0.09831709414720535,0.6666666865348816,0.23101780818058895,0.19354533362839635,-0.35602524876594543,0.31017056107521057,-0.025792653010441705,0.12119126823854695,34.0,0.08011975785237137,586.6410100307246,5170.956990801893,0.020771086620277286,1.0257926530104418,0.23101780818058895,0.2519563874542645,0.498307588353851,0.3504968678140991,1117.953990699569
1132,72.85937952980072,19.059450233560955,30.385520240000005,41.835887240000034,36.32034648875001,3.566797164636869,-0.09189925342798233,0.6782054901123047,0.23437806327387972,0.22447361282990239,-0.36609336733818054,0.3009371757507324,-0.05780148488170696,0.13801453304331623,8.0,0.08083188988106003,2515.384929670427,2623.2654370386513,0.010537328722252545,1.057801484881707,0.23437806327387972,0.25419586268669697,0.25279519359143354,0.25363559504859157,1413.960572746791
1133,72.86412989218478,19.059450233560955,33.936843020000026,45.33252170000003,40.904286900000024,1.7999045389319832,-0.11420612782239914,0.6012316942214966,0.15419022470150354,0.13876780701539457,-0.2819722592830658,0.35964125394821167,0.04264251996886055,0.085657516277836,19.0,0.13471881267856112,1765.169254510162,4615.410444862195,0.0185395257220073,0.9573574800311394,0.15419022470150354,0.4236566144790636,0.44477145180930916,0.43210254941116183,1802.3290842364693
1134,72.86888025456884,19.059450233560955,34.63753712000005,42.55708946000004,39.92939164000003,1.9596552548762205,-0.1240045502781868,0.6209651827812195,0.08750027638561321,0.1320763091652985,-0.2462809979915619,0.39618855714797974,0.04370356433796433,0.08138324515312859,5.0,0.032951019944158444,1640.6296892331204,2639.0011509554265,0.01060053711431201,0.9562964356620357,0.08750027638561321,0.10362262905688319,0.25431159097529155,0.16389821382424652,2235.427924386693
1135,72.8736306169529,19.059450233560955,36.55504633999999,43.917461419999995,40.15936099625002,1.9863902183941429,0.01599247381091118,0.813188910484314,0.317500690964033,0.18714083049197736,-0.4142169952392578,0.21907152235507965,0.0044914418346477004,0.10572346616379825,25.0,0.03681174958075041,366.5710462203809,4413.864235142277,0.017729939839253365,0.9955085581653523,0.317500690964033,0.11576364792972713,0.42534912710499617,0.23959783959983474,2691.751870624747
1136,72.87838097933695,19.059450233560955,37.495001839999986,46.51515662000003,40.98432553500001,1.9504262972593114,-0.006814309861510992,0.7017931938171387,0.17517852207399764,0.13357846180650518,-0.32678326964378357,0.4816247522830963,0.07178417853589328,0.10096171017688993,57.0,0.13246638116352308,578.5521676273046,5183.156434516461,0.02082009025781773,0.9282158214641067,0.17517852207399764,0.4165732866866504,0.4994832073712743,0.4497372549605,2235.427924386693
1137,72.88313134172101,19.059450233560955,36.73278338,42.56050748000001,39.33054978875002,1.5203341800943355,0.00036297639599069953,0.6584485769271851,0.21136608195754716,0.13815419413592184,-0.28398510813713074,0.3588162660598755,0.017960772244435437,0.08907078070125238,102.0,0.13796525652308772,336.7295808398264,8677.70941151633,0.034857271907854204,0.9820392277555645,0.21136608195754716,0.43386585980213654,0.836241426293055,0.5948160863985039,1802.3290842364693
1138,72.88788170410507,19.059450233560955,38.462301500000024,44.8881791,41.821008800000016,1.6005876822954013,0.019519519060850143,0.6665768623352051,0.18542164928508253,0.11771961246190052,-0.2811594307422638,0.23417721688747406,0.05106928987323113,0.0720424155654386,82.0,0.059871375292681175,181.76785853310034,10035.095466637944,0.04030972169195407,0.9489307101267689,0.18542164928508253,0.18828034226536264,0.9670481169686826,0.4997874521466907,1413.960572746791
1139,72.89263206648913,19.059450233560955,37.197634100000016,45.882822920000024,40.717031623750024,2.152826482526633,0.008818342350423336,0.6786986589431763,0.20162470979510613,0.14116566370159575,-0.25968635082244873,0.3451559841632843,0.035486879168816335,0.08578209769310914,36.0,0.07667325373906483,530.2163326540443,6882.51935563744,0.02764621828338026,0.9645131208311837,0.20162470979510613,0.2411180031529161,0.6632450488385403,0.40996882142716584,1117.953990699569
1140,72.89738242887319,19.059450233560955,36.32603900000004,39.55264987999999,37.84707046625002,0.6833698819727115,-0.04237824305891991,0.689039945602417,0.2551183143028846,0.13362824977556956,-0.2640712857246399,0.36504945158958435,-8.439870981069712e-05,0.08685213443783803,135.0,0.19531018037154818,360.1660901432536,7201.757797344497,0.0289285591222259,1.0000843987098107,0.2551183143028846,0.6142011508588151,0.6940089747965119,0.6461242804338938,1000.0000000003223
1141,72.90213279125724,19.059450233560955,35.42709974000002,43.49362694000001,37.203164646250016,1.4749735420282657,0.01683867536485195,0.7036121487617493,0.27230279886497644,0.14301669843192336,-0.31683817505836487,0.4252069890499115,-0.012640817030420843,0.08802544204314437,170.0,0.2233583393867192,327.0882621938231,7786.69469215686,0.03127817737106371,1.0126408170304209,0.27230279886497644,0.7024055215363544,0.7503773595871069,0.7215942567566554,1117.953990699569
1142,72.9068831536413,19.059450233560955,37.42322342,46.009289660000036,41.40319913875001,2.4012507297500334,0.012345679104328156,0.7037037014961243,0.20598559109669812,0.13298510368738156,-0.2878473699092865,0.31863561272621155,0.03061132754919664,0.08766938125408935,73.0,0.10761608249518015,366.9999686453746,5629.290440374778,0.02261215468543103,0.9693886724508034,0.20598559109669812,0.33842537851183946,0.5424756284912623,0.4200454785036086,1413.960572746791
1143,72.91163351602536,19.059450233560955,37.52918204000002,44.57713927999998,41.39119278500002,1.8079457764606242,-0.0069963810965418816,0.6647694706916809,0.19187292710790094,0.14104793911194055,-0.239130437374115,0.3390275835990906,0.03868022990676592,0.08842142217267836,36.0,0.07047572256863746,487.35872470804287,7595.790309753758,0.03051133837585667,0.9613197700932341,0.19187292710790094,0.22162833410382446,0.7319805516904861,0.42576922113848914,1117.953990699569
1144,72.91638387840942,19.059450233560955,39.41251106000004,45.8281346,43.01601798562502,1.5400354989511633,-0.017250973731279373,0.6814107894897461,0.16256140367040095,0.1289142167968567,-0.23344095051288605,0.46436962485313416,0.07270869417010613,0.08248888274464312,43.0,0.12403634508772216,718.1120491260577,5927.02626979225,0.02380812222370123,0.9272913058298938,0.16256140367040095,0.39006295399591,0.5711674206271211,0.4625047406483944,1000.0000000003223
1145,72.92113424079348,19.059450233560955,38.56142408000005,46.125502340000025,43.481106068125015,1.6059548006483244,0.0230312030762434,0.6253968477249146,0.16133943377800708,0.10721795500180689,-0.19693340361118317,0.2960882782936096,0.06437565641583137,0.06565319785123089,22.0,0.05517460505770207,624.3502084359708,6739.323654743002,0.02707101908674791,0.9356243435841687,0.16133943377800708,0.17351018702739313,0.6494457647790763,0.3638844181280664,1117.953990699569
1146,72.92588460317754,19.059450233560955,38.674218740000015,45.75977420000004,44.06312939000002,1.1923465678192406,0.03980616107583046,0.5845715999603271,0.12343938863502359,0.08032092889439596,-0.23306268453598022,0.35295242071151733,0.09692111033313679,0.055016815496486376,115.0,0.023362675401009746,50.57506426965955,9659.452216779395,0.03880080980291428,0.9030788896668632,0.12343938863502359,0.07346970900924661,0.9308486509411401,0.416421285782004,1413.960572746791
1147,72.9306349655616,19.059450233560955,39.20742986000005,45.896495000000016,43.32579978437502,1.7714403223341775,0.03332510590553284,0.6050529479980469,0.1397070197339328,0.09916461614459908,-0.2502617835998535,0.3051072657108307,0.07810354556677476,0.06397997176641722,40.0,0.0348226882623287,216.72749553316316,3518.4068216530763,0.01413299955654773,0.9218964544332252,0.1397070197339328,0.10950855283647956,0.339056933032776,0.20132790491499813,1117.7139621933466
1148,72.93538532794565,19.059450233560955,34.00520342000004,48.40532168000004,43.30125021875001,2.691944051359148,-0.06691800057888031,0.6283939480781555,0.154159909761869,0.12139051677198946,-0.3755149245262146,0.3008715510368347,0.05806233919583834,0.09636163600397736,11.0,0.003548524883408655,80.30949195846209,607.2730591084086,0.0024393398234289765,0.9419376608041616,0.154159909761869,0.011159213836649749,0.05852084519265151,0.030103866379050454,706.9802863733955
1149,72.94013569032971,19.059450233560955,29.94801368000003,43.78415863999999,34.69985664437502,4.01331993145752,-0.09326425194740295,0.6684053540229797,0.2957402297685731,0.25802557500901774,-0.3778587281703949,0.2846648395061493,-0.12342015680277123,0.1523751211129333,0.0,0.0,0.0,921.8144292361519,0.003702813114002775,1.1234201568027713,0.2957402297685731,0.0,0.08883213029223332,0.035532852116893325,499.8210933128445
1150,72.94488605271377,19.059450233560955,30.24196340000003,34.41194780000001,31.798669751875018,1.0274103277851678,-0.1085822656750679,0.6805482506752014,0.41277726083431604,0.26518685831935834,-0.4458412230014801,0.06943583488464355,-0.23066479952830188,0.09368251566459111,0.0,0.0,0.0,0.0,0.0,1.2306647995283018,0.41277726083431604,0.0,0.0,0.0,0.0
1151,72.94963641509783,19.059450233560955,0.0,35.74839362,19.150868025294127,16.057991541999055,-0.11582212895154953,0.6767641305923462,0.28655075361143867,0.2927432492565357,-0.41940009593963623,0.03267974033951759,-0.1392286538178066,0.13311568727215828,0.0,0.0,0.0,0.0,0.0,1.1392286538178067,0.28655075361143867,0.0,0.0,0.0,499.8210933128445
1152,72.80237518119202,19.063941789435912,28.10228288000002,29.045656399999984,28.699073640000016,0.3208200747157496,-0.21564482152462006,-0.03409669175744057,-0.12295341059846698,0.027082686074957275,-0.12173429876565933,0.12543153762817383,0.019151301833818545,0.03180544603817192,0.0,0.0,0.0,0.0,0.0,0.9808486981661815,0.0,0.0,0.0,0.0,4741.77339573631
1153,72.80712554357608,19.063941789435912,28.16722526000001,29.117434820000028,28.49344511000002,0.2517906101422788,-0.21854305267333984,-0.05544932931661606,-0.13010901109227593,0.026057562545398937,-0.1068493127822876,0.0721205621957779,-0.019569238626732016,0.026092877409711494,0.0,0.0,0.0,0.0,0.0,1.019569238626732,0.0,0.0,0.0,0.0,4270.560370228173
1154,72.81187590596014,19.063941789435912,28.24583972000005,29.01831224,28.551297168235312,0.2535915127617034,-0.19189971685409546,-0.0010493178851902485,-0.10912150832841981,0.022135265987471595,-0.13588464260101318,0.09827873110771179,-0.016354813485775353,0.03465527448132624,0.0,0.0,0.0,0.0,0.0,1.0163548134857754,0.0,0.0,0.0,0.0,3806.6483944057254
1155,72.8166262683442,19.063941789435912,28.4304128,31.875776960000053,29.334903550000014,0.49618631268145846,-0.220683291554451,0.12461379915475845,-0.12242929311899038,0.06125951043162735,-0.12183544039726257,0.10725229978561401,-0.025802838252140924,0.033813428093803395,0.0,0.0,0.0,0.0,0.0,1.025802838252141,0.0,0.0,0.0,0.0,3353.0692365529144
1156,72.82137663072825,19.063941789435912,29.059328479999976,37.69666502000001,32.60666554117649,2.532517010250866,-0.2044817954301834,0.8144171833992004,0.18224342202240565,0.2443455068364662,-0.424379825592041,0.1894882470369339,-0.05946955842791863,0.11921598348669907,27.0,0.030856946426292286,284.5121981602683,1975.4584810918088,0.0079351693116976,1.0594695584279186,0.18224342202240565,0.09703729713916341,0.19036823422763874,0.13436967197455355,2914.650887365579
1157,72.82612699311231,19.063941789435912,35.396337560000006,38.40077714000006,36.68333379000002,0.6136763819989463,0.0025477707386016846,0.7243674993515015,0.33301734780365566,0.15740578605751393,-0.3357400596141815,0.33695197105407715,-0.04522253648290094,0.08751341244363203,176.0,0.2088555012741491,295.4234462057812,6529.294671376337,0.0262273589646394,1.0452225364829009,0.33301734780365566,0.6567977613954638,0.6292059839470133,0.6457610504160836,2499.3842179508806
1158,72.83087735549637,19.063941789435912,36.397817420000024,40.54387568000004,38.475348060000016,0.963091132446749,-0.035087719559669495,0.6842105388641357,0.21730682948850236,0.1365676056871191,-0.2651907801628113,0.4319938123226166,0.016753931585347877,0.09022394257958787,260.0,0.30015643953198445,287.3995116581771,7641.5392811785905,0.030695106264459128,0.9832460684146521,0.21730682948850236,0.9439161350807156,0.7363892249130499,0.8609053710136493,2120.9121448755186
1159,72.83562771788043,19.063941789435912,37.542854120000015,42.83053106,39.43689845529414,1.1058206001678736,-0.021731123328208923,0.7399309277534485,0.2046474931824882,0.14477167752815703,-0.29869014024734497,0.3567010164260864,0.031831981730910966,0.09273034094967067,205.0,0.2550040577054655,309.67413900071034,7125.333145001562,0.028621570865204348,0.968168018269089,0.2046474931824882,0.8019233069080756,0.6866441902377675,0.7558116602399523,1802.5621673708154
1160,72.84037808026449,19.063941789435912,38.031630980000045,43.770486559999995,41.090278570000024,1.5701632646403465,0.01595214381814003,0.7103750109672546,0.23026797888413916,0.14863286201601913,-0.27535003423690796,0.2892249524593353,0.030219303347029776,0.09091437953072377,77.0,0.10268843476079022,332.00338960190874,4025.5938938589707,0.016170306505379994,0.9697806966529702,0.23026797888413916,0.3229291718945933,0.38793283110052934,0.3489306355769677,1581.0779841014264
1161,72.84512844264854,19.063941789435912,39.09121718000006,43.85593706000003,41.60766180000002,1.0695837472578773,-0.010204081423580647,0.670089840888977,0.21462782373968162,0.135543449782415,-0.27956724166870117,0.3476808965206146,0.04032846414817954,0.08517605254056228,131.0,0.1445040077466321,274.61250214824855,9782.48283246255,0.03929500837773255,0.9596715358518204,0.21462782373968162,0.45442857967183514,0.9427046941269209,0.6497390254538695,1500.0000000004834
1162,72.8498788050326,19.063941789435912,37.35828104000001,41.95209992000002,39.43533728352943,0.9348528767235362,0.009036144241690636,0.7716333866119385,0.3170037956957547,0.15919629561683712,-0.3676739037036896,0.38559892773628235,-0.04685432290131191,0.09478561692669464,24.0,0.13349370050232354,1384.717685654251,7550.508483701365,0.030329446951709912,1.0468543229013119,0.3170037956957547,0.419803946342949,0.7276168956831814,0.542929126079042,1500.0000000004834
1163,72.85462916741666,19.063941789435912,35.74839362,45.50000468000002,41.62833747000002,1.953229307988461,-0.11168830841779709,0.6638273596763611,0.12115107609675481,0.10866756731299147,-0.32149583101272583,0.3933747410774231,0.08521027198204627,0.08633477632919878,16.0,0.05952261949574109,926.133858025607,6985.872792910377,0.02806137609689877,0.9147897280179538,0.12115107609675481,0.1871835934351594,0.6732048690743632,0.3815921036908409,1581.0779841014264
1164,72.85937952980072,19.063941789435912,37.99403275999998,43.90378934,41.04212601411766,1.1894972804770565,-0.04238259047269821,0.6659750938415527,0.1605723715728184,0.1311100305657382,-0.2737920880317688,0.4176913797855377,0.042823103418890035,0.09024342682869338,24.0,0.14899633780849356,1545.5250943286653,6002.302376951199,0.02411049691856276,0.9571768965811099,0.1605723715728184,0.4685558222394473,0.5784215237816758,0.5125021028563387,1802.5621673708154
1165,72.86412989218478,19.063941789435912,38.85879182000002,46.388689880000015,40.86928012000002,1.4189269325013736,-0.02092050202190876,0.6235413551330566,0.1582966469818691,0.11421586449191595,-0.23564954102039337,0.44344085454940796,0.055826634820902124,0.09708955027958677,12.0,0.2286457290390871,4743.441579016275,3592.3325698671147,0.014429950028646799,0.9441733651790979,0.1582966469818691,0.7190330255576267,0.3461809066754341,0.5698921780047497,2120.9121448755186
1166,72.86888025456884,19.063941789435912,34.98959318000004,42.59810570000002,39.99575261000002,1.7029056030137124,-0.09485714137554169,0.7003257274627686,0.15414744251179247,0.15491196736444904,-0.3176272511482239,0.3712669014930725,0.0192896169986365,0.0874424355095715,11.0,0.17029710904657452,3854.1294647447476,4395.906621109274,0.017657806352698265,0.9807103830013635,0.15414744251179247,0.5355413638211576,0.42361861274231777,0.49077226338962165,2499.3842179508806
1167,72.8736306169529,19.063941789435912,32.02958785999999,43.72605229999999,39.20368068235296,3.2984536820020707,-0.08372092992067337,0.6699629426002502,0.1624961996978184,0.13426074361654258,-0.49747249484062195,0.3617021143436432,0.05256813481168927,0.09263928639309967,49.0,0.0464402085961801,235.944463241577,4148.676504493141,0.01666471393740463,0.9474318651883107,0.1624961996978184,0.14604271785339273,0.3997938848634031,0.2475431846573969,2914.650887365579
1168,72.87838097933695,19.063941789435912,37.46765768,44.259263420000025,41.73284399000002,1.1584324029253077,-0.018561484292149544,0.5778546929359436,0.15765205815153302,0.10043271270116327,-0.1800411492586136,0.37432488799095154,0.08361119684183373,0.0723965178704111,50.0,0.1017433775488918,506.57978469998324,4591.502180014564,0.01844348921639064,0.9163888031581663,0.15765205815153302,0.3199572058349071,0.4424674934087385,0.36896132086443967,2499.3842179508806
1169,72.88313134172101,19.063941789435912,36.56871841999998,41.26507790000005,38.392958140000026,0.8877083770695865,-0.018503619357943535,0.6875687837600708,0.1948802329009434,0.14699885116471223,-0.29701459407806396,0.39824560284614563,0.03218409700213738,0.09626722260400936,91.0,0.17391832659898362,475.79038841871255,8984.695487069486,0.03609039652634861,0.9678159029978626,0.1948802329009434,0.546929177728086,0.8658246332776063,0.6744873599478942,2120.9121448755186
1170,72.88788170410507,19.063941789435912,36.44908772000002,41.63764207999998,38.27491358000002,1.2274392715968834,0.015530047006905079,0.727918803691864,0.2824249382738797,0.15455616068772626,-0.3367367088794708,0.31255125999450684,-0.012902020148511203,0.09639526114308249,120.0,0.15810619480018379,328.0041579902117,7595.458418441603,0.03051000521002188,1.0129020201485113,0.2824249382738797,0.4972040198797914,0.7319485684503142,0.5911018393080005,1802.5621673708154
1171,72.89263206648913,19.063941789435912,35.92954868000004,41.60004386000003,38.277058220000015,1.3313417282404343,-0.00431832205504179,0.6188747882843018,0.18163074421432784,0.12613944398503127,-0.25393858551979065,0.40634796023368835,0.034361146171137974,0.09572215754214178,65.0,0.11028355391905434,422.3856011843053,10304.360767720418,0.04139132668355772,0.965638853828862,0.18163074421432784,0.3468139019124619,0.9929963008442121,0.6052868614851621,1581.0779841014264
1172,72.89738242887319,19.063941789435912,36.049179380000055,42.601523720000046,39.45830543176472,1.3508121381173412,-0.054393306374549866,0.5896037220954895,0.1507174565241887,0.11567014233229095,-0.21895954012870789,0.34898367524147034,0.0499652334359976,0.07287078112551774,78.0,0.11557624617686124,368.88049403290853,12462.013946616516,0.050058349278231724,0.9500347665640024,0.1507174565241887,0.36345808128755863,1.0,0.6180748487725352,1500.0000000004834
1173,72.90213279125724,19.063941789435912,36.025253239999984,45.40088209999999,40.99514368000002,2.0006208870317517,-0.06993318349123001,0.8052050471305847,0.21137158663767688,0.17100052139780958,-0.3998391032218933,0.3723500669002533,0.036179556216833726,0.11077736171766692,71.0,0.11888591558962788,416.85380189378657,7741.70668165698,0.031097466167193884,0.9638204437831662,0.21137158663767688,0.37386615504191384,0.7460420175881484,0.5227365000604076,1580.5911319121035
1174,72.9068831536413,19.063941789435912,33.728343800000005,46.258805120000034,40.73025830000001,3.771804311175768,0.042404722422361374,0.8103771805763245,0.310662312057783,0.23768182101087715,-0.4166002869606018,0.2182023674249649,-0.02041181168466244,0.14678172635513295,27.0,0.034629585921221166,319.2972977854821,4707.744596940411,0.01891042044695628,1.0204118116846623,0.310662312057783,0.10890129478205479,0.45366938090186165,0.24680852922997754,1117.6897455176381
1175,72.91163351602536,19.063941789435912,36.606316640000045,42.307574000000045,39.43109136941179,1.277695613821028,-0.11127012223005295,0.7602471113204956,0.22051626529333726,0.17087527224393828,-0.3276563584804535,0.3489994406700134,0.003718643548353663,0.10505168258847879,38.0,0.08782910733954931,575.395658721972,3529.62554214461,0.014178063751727235,0.9962813564516463,0.22051626529333726,0.2762003429838212,0.3401380430792328,0.3017754230219858,706.9707149585062
1176,72.91638387840942,19.063941789435912,36.28502276000006,44.23875529999998,41.18162683000001,1.9097485867452753,-0.057647962123155594,0.6523772478103638,0.12235076328493515,0.10357220266425066,-0.3901258409023285,0.33407720923423767,0.07146114709242335,0.08193318821034043,40.0,0.15366264416618766,956.3569525782043,8939.854951277764,0.03591027770991168,0.9285388529075767,0.12235076328493515,0.4832301762833753,0.8615035029161252,0.6345395069364752,500.00000000016115
1177,72.92113424079348,19.063941789435912,42.54341738000005,45.19921892000002,44.10558656000002,0.666396963597261,0.012614678591489792,0.6282095313072205,0.12152532613502358,0.05247300550369285,-0.18343676626682281,0.38553130626678467,0.12232753537735849,0.050685128631935125,31.0,0.040006261431327524,321.27577768207505,14516.498544089074,0.058310956602182856,0.8776724646226415,0.12152532613502358,0.12580958025810876,1.0,0.4754857481548653,706.9707149585062
1178,72.92588460317754,19.063941789435912,43.42526654000005,45.37011991999998,44.41277864352943,0.39514039167998194,0.02987697720527649,0.49154746532440186,0.10974815512603184,0.03494537057281312,-0.0962367132306099,0.24022626876831055,0.1275399262050413,0.036962349773425746,28.0,0.019638335744448048,174.60567622180966,12430.415736961242,0.04993142322741311,0.8724600737949587,0.10974815512603184,0.061757602149800236,1.0,0.4370545612898802,1117.6897455176381
1179,72.9306349655616,19.063941789435912,42.69381026000002,46.28273125999999,44.82149420000002,0.7019062353557886,-0.029629629105329514,0.43115827441215515,0.0962785483306309,0.04561653514865115,-0.09038886427879333,0.3762499988079071,0.10892145120872641,0.0381001282454748,4.0,0.004213274572818158,262.22342148933603,6906.204525675292,0.02774135864508648,0.8910785487912736,0.0962785483306309,0.013249683588362876,0.6655275083488992,0.27416081349257737,999.6151095472303
1180,72.93538532794565,19.063941789435912,30.99392780000005,46.99026140000001,40.6825479447059,5.19714183534917,-0.08458646386861801,0.6442167162895203,0.15810181837815504,0.18452690238203723,-0.39807236194610596,0.17442761361598969,-0.0033214422372671274,0.141065762336417,0.0,0.0,0.0,0.0,0.0,1.0033214422372672,0.15810181837815504,0.0,0.0,0.0,499.80755477361515
1181,72.94013569032971,19.063941789435912,31.11355850000001,39.32022452000001,35.89938968000001,2.0433258529315785,-0.060169070959091187,0.6642225980758667,0.40208588222287733,0.16186493958568055,-0.3456811010837555,0.29391181468963623,-0.07166308133107312,0.16305121082988877,0.0,0.0,0.0,0.0,0.0,1.071663081331073,0.40208588222287733,0.0,0.0,0.0,0.0
1182,72.94488605271377,19.063941789435912,30.829862840000033,39.12881540000001,35.36608920000002,1.8411513046556953,0.03335750475525856,0.6798905730247498,0.3795200103183962,0.16342285641542134,-0.3951781988143921,0.2861367166042328,-0.06740783115602889,0.1632166499509708,0.0,0.0,0.0,0.0,0.0,1.0674078311560289,0.3795200103183962,0.0,0.0,0.0,499.80755477361515
1183,72.94963641509783,19.063941789435912,0.0,35.92613066000001,19.083767207058834,16.03288929178292,-0.16015252470970154,0.676244854927063,0.21836181640625,0.2676749334056412,-0.4313846230506897,0.15987460315227509,-0.10525503482458727,0.13091076493116038,0.0,0.0,0.0,0.0,0.0,1.1052550348245873,0.21836181640625,0.0,0.0,0.0,706.9707149585062
1184,72.80237518119202,19.06843334531087,28.72436252,29.199467300000038,28.910354190000024,0.11789380878783004,-0.20797720551490784,-0.039082854986190796,-0.12647532337116746,0.024685453099958163,-0.08904479444026947,0.1192052960395813,0.009256955992500737,0.030638160322353416,0.0,0.0,0.0,0.0,0.0,0.9907430440074992,0.0,0.0,0.0,0.0,4922.734860123253
1185,72.80712554357608,19.06843334531087,28.526117360000057,28.990968080000016,28.712220730000016,0.09608153577225895,-0.20488230884075165,-0.07057745009660721,-0.13763105284492924,0.021706718325056343,-0.12374582141637802,0.04008328914642334,-0.030816267481390037,0.025085115312610182,0.0,0.0,0.0,0.0,0.0,1.03081626748139,0.0,0.0,0.0,0.0,4470.662093916729
1186,72.81187590596014,19.06843334531087,28.731198560000053,29.199467300000038,28.948024029411787,0.11153830741266804,-0.20000000298023224,-0.05243790149688721,-0.11290816397037146,0.02165699548345618,-0.1406162530183792,0.08801696449518204,-0.011353273211785083,0.034981874725083975,0.0,0.0,0.0,0.0,0.0,1.0113532732117851,0.0,0.0,0.0,0.0,4029.877011036694
1187,72.8166262683442,19.06843334531087,28.86791936000003,29.695080200000007,29.14553854000001,0.12435471252392967,-0.24137930572032928,0.12551440298557281,-0.1409878422663762,0.05787792935028674,-0.12309074401855469,0.10535211116075516,-0.013348343188946064,0.03232972953464715,0.0,0.0,0.0,0.0,0.0,1.013348343188946,0.0,0.0,0.0,0.0,3604.5229922095214
1188,72.82137663072825,19.06843334531087,29.257573640000032,38.61611240000002,32.76769094705884,2.945213237313183,-0.21796689927577972,0.718718409538269,0.1586843353847288,0.2315706355647764,-0.4143769145011902,0.22866174578666687,-0.04242276749520932,0.11298202128778635,37.0,0.039270571380548215,264.2270067006323,2219.003266650164,0.0089134582136838,1.0424227674952093,0.1586843353847288,0.1234960210007038,0.21383781925099427,0.15963274030081998,3200.75793990096
1189,72.82612699311231,19.06843334531087,35.15707616000003,38.97158648000004,36.63677723000002,0.7936933849859413,0.02340823970735073,0.7474581599235535,0.32642974277712267,0.16126528758440437,-0.3462432324886322,0.29981377720832825,-0.044002253694354364,0.09370649969093339,129.0,0.20488832361407247,395.40231483078014,6859.905944190744,0.027555383041707432,1.0440022536943543,0.32642974277712267,0.6443219903944586,0.6610658710688353,0.6510195426642094,2827.8445660074585
1190,72.83087735549637,19.06843334531087,36.319202959999984,40.89934976000001,38.23283619000002,0.7864425277380044,-0.014232209883630276,0.7672209143638611,0.23325232163915094,0.14596187481118852,-0.3325830101966858,0.43561914563179016,0.02145700418724204,0.09613601946750595,196.0,0.27362091139730943,347.540100609171,5489.876619738538,0.022052146828152357,0.9785429958127579,0.23325232163915094,0.8604686061912379,0.5290407914063636,0.7278974802772882,2499.629272580977
1191,72.83562771788043,19.06843334531087,36.640496840000026,42.55708946000004,38.50181570352943,1.1396934100732037,-0.01934235915541649,0.6161026954650879,0.19449193414652122,0.11409101438251906,-0.22974473237991333,0.35273802280426025,0.02640589588093308,0.07941826344178332,263.0,0.2708838371322686,256.4124172739713,9002.288895457765,0.036161067044442045,0.9735941041190669,0.19449193414652122,0.8518611994478922,0.8675200503774744,0.858124739819725,2235.88376763561
1192,72.84037808026449,19.06843334531087,38.380269020000014,46.06055995999998,41.74404750000002,1.7804934815400648,-0.0031152646988630295,0.6367567777633667,0.17530561339180425,0.10330216916432024,-0.2246713787317276,0.37046006321907043,0.06901501925486439,0.08092355940165508,82.0,0.12324068515838667,374.1553507980026,4015.2841120541125,0.016128893403069184,0.9309849807451356,0.17530561339180425,0.38756080462837356,0.3869393123927211,0.38731220773411257,2061.5028633489783
1193,72.84512844264854,19.06843334531087,39.25186412000005,47.04494971999998,44.057164610000015,1.679783413667442,-0.0032786885276436806,0.6230769157409668,0.15607280227373233,0.09643036697268799,-0.22792719304561615,0.2707856595516205,0.10196641454156839,0.06827505764774888,33.0,0.032577640059292194,245.76350345839384,7387.975944496269,0.029676574097333472,0.8980335854584316,0.15607280227373233,0.10244844369411246,0.7119541860949203,0.3462507406544356,2000.0000000006446
1194,72.8498788050326,19.06843334531087,34.336751359999994,42.97750592,39.999275102352954,1.2921643970901466,-0.0682019516825676,0.8196925520896912,0.27524851673054246,0.18989593110248665,-0.5084956288337708,0.40295910835266113,-0.02271279676905218,0.13677126528503084,50.0,0.15876831757638574,790.5066852766388,6940.669932154874,0.02787980186645999,1.0227127967690521,0.27524851673054246,0.4992862286534428,0.6688488226849159,0.567111266266032,2000.0000000006446
1195,72.85462916741666,19.06843334531087,34.87338050000005,44.180648959999985,40.82389641000002,2.6704563223985955,0.032779522240161896,0.8210180401802063,0.3466489821213942,0.21250492978288296,-0.5144530534744263,0.293794184923172,-0.012787538675161508,0.15932008966325564,6.0,0.013454295023012786,558.2405820281084,1719.999192537334,0.0069090213433509245,1.0127875386751615,0.3466489821213942,0.042310357152956106,0.1657504889575451,0.09168640987479171,2061.5028633489783
1196,72.85937952980072,19.06843334531087,36.319202959999984,46.65529544000003,40.96193855529413,2.5308334834316697,0.027027027681469917,0.7541899681091309,0.2903264114091981,0.1806684868259281,-0.30755138397216797,0.29262393712997437,0.005549607186947229,0.09180869080327685,32.0,0.10313290408798079,802.3409853393694,1592.1774681813404,0.0063955774850333515,0.9944503928130528,0.2903264114091981,0.3243269155849763,0.15343274287759012,0.2559692465020218,2235.88376763561
1197,72.86412989218478,19.06843334531087,38.31874465999999,46.52199266000002,42.02348739000002,2.065559642782793,-0.015748031437397003,0.6287164688110352,0.11805079046285377,0.11823867321992462,-0.2450980395078659,0.33981841802597046,0.05022938854289505,0.06431774923404979,16.0,0.212876612072938,3312.2238183189675,2769.8468626961885,0.011126127951229362,0.949770611457105,0.11805079046285377,0.6694431384856318,0.26692074846392716,0.5084341824769498,2499.629272580977
1198,72.86888025456884,19.06843334531087,38.53066190000004,42.71090035999998,40.32372615000002,1.245759058821247,0.000638977624475956,0.6133808493614197,0.1550377727004717,0.1186561117883991,-0.23847414553165436,0.42640364170074463,0.025738574333910674,0.07997648537584232,23.0,0.12747276386413356,1379.752771119067,5091.497105792536,0.020451906213767912,0.9742614256660893,0.1550377727004717,0.40086962246188307,0.49065030871677034,0.43678189696383796,2827.8445660074585
1199,72.8736306169529,19.06843334531087,32.58330710000001,42.58443362000003,37.72934318352943,2.2801880430398547,-0.07537688314914703,0.6386768221855164,0.17560237092791864,0.15037266782752606,-0.4474708139896393,0.3640493154525757,0.00764701339433778,0.08768860127162613,63.0,0.10397038799324848,410.8476658180577,5179.039544108588,0.02080355322464955,0.9923529866056622,0.17560237092791864,0.3269605907854323,0.4990864766047424,0.3958109451131564,3200.75793990096
1200,72.87838097933695,19.06843334531087,38.69814488000003,44.91894128000001,41.85761289000001,1.3709831651832443,0.025844929739832878,0.567415714263916,0.16127683243661556,0.0939739576890268,-0.1761375069618225,0.35517847537994385,0.08029028550633845,0.07073948838597156,75.0,0.09636722699937317,319.87463807832273,6151.73910311203,0.02471076553206285,0.9197097144936616,0.16127683243661556,0.30305057122721296,0.592822234280169,0.4189592364483954,2827.8445660074585
1201,72.88313134172101,19.06843334531087,37.44031352000002,43.69529011999998,40.11392004000002,1.236669199629226,0.0189701896160841,0.6987071633338928,0.22503348872346698,0.14085924165049285,-0.2780221998691559,0.2827972173690796,0.028405770355800414,0.0862259294217095,75.0,0.1216640827189694,403.84325292575454,4906.421377922905,0.01970848019383986,0.9715942296441996,0.22503348872346698,0.3826027884568931,0.47281518849016646,0.41868774847020246,2499.629272580977
1202,72.88788170410507,19.06843334531087,38.15467970000003,42.70064630000002,40.072212574117664,1.0372495793534722,0.021963823586702347,0.7140388488769531,0.20894922796285378,0.14069015510073993,-0.2785564661026001,0.24543985724449158,0.03193597469689711,0.08056768046262992,43.0,0.05860499278694662,339.2953204924601,8961.750337699179,0.03599822873498357,0.9680640253031029,0.20894922796285378,0.18429788937442804,0.8636134870492632,0.45602412844436213,2235.88376763561
1203,72.89263206648913,19.06843334531087,34.955412980000006,42.22212350000001,38.51213087000002,1.8838234011179875,0.018115941435098648,0.65684574842453,0.21610915849793633,0.1544465776229772,-0.30823197960853577,0.2939835786819458,0.020440175758217865,0.09536569094923981,50.0,0.13466488086375938,670.4957904688231,6204.97877116994,0.024924622610903915,0.9795598242417821,0.21610915849793633,0.4234870125532648,0.5979527605332181,0.49327331174524613,2061.5028633489783
1204,72.89738242887319,19.06843334531087,35.04428150000001,40.43449903999999,36.71652117411767,1.2875627939946754,0.002851957455277443,0.6924567222595215,0.2154241473858173,0.14036581235339418,-0.290909081697464,0.3530663549900055,0.022042035322922926,0.09378789204216088,103.0,0.23525405043677555,568.606203514386,7285.685277815959,0.029265685300183922,0.9779579646770771,0.2154241473858173,0.7398145260405194,0.7020967814568151,0.7247274282070377,1999.1760526515252
1205,72.90213279125724,19.06843334531087,35.37582944000002,40.410572900000034,38.18552007000002,1.062648064324963,-0.0012471049558371305,0.8206846117973328,0.2510370218528892,0.1955027731079722,-0.424641489982605,0.36438924074172974,-0.008390402164099352,0.12446062903248871,110.0,0.15363752794882665,347.70932206263905,9833.840884841451,0.039501307242044995,1.0083904021640993,0.2510370218528892,0.48315119212812535,0.9476538954583196,0.6689522734602031,1499.382039488644
1206,72.9068831536413,19.06843334531087,34.24788283999999,41.08050481999999,37.58990216000003,1.7583444946195685,-0.028744326904416084,0.7808663249015808,0.38922054650648585,0.22114512720782423,-0.42110511660575867,0.22789984941482544,-0.08044660460274175,0.1272026333230047,66.0,0.09084351428269025,342.65865016546053,7539.140878044623,0.030283784703468177,1.0804466046027417,0.38922054650648585,0.2856798909014559,0.7265214380782846,0.46201650977218733,999.5880263257626
1207,72.91163351602536,19.06843334531087,38.04188504000001,43.48337288000005,41.352988428235314,1.0139812083697768,-0.05365126579999924,0.7558535933494568,0.21706524543042452,0.15315787482218904,-0.36659589409828186,0.33102765679359436,0.03495426969708137,0.09265279769623026,4.0,0.016094389226868986,1001.673576433406,1212.715752715697,0.004871327297875325,0.9650457303029186,0.21706524543042452,0.0506127861164613,0.11686530426948505,0.0771137933776708,499.7940131628813
1208,72.91638387840942,19.06843334531087,33.167788520000045,43.07662850000003,37.171071840000025,2.48393902710708,-0.0350944846868515,0.834868848323822,0.45163684772995283,0.23347067248129483,-0.46428051590919495,0.4061855673789978,-0.11399506191037735,0.16225920520837409,4.0,0.013453802409977171,837.3302140681421,0.0,0.0,1.1139950619103773,0.45163684772995283,0.04230880800947149,0.0,0.025385284805682893,0.0
1209,72.92113424079348,19.06843334531087,35.498878160000004,45.52393082000003,43.38727737000002,2.486581824421717,-0.03320463374257088,0.7236166000366211,0.14301082970961085,0.13341591082894758,-0.3389711081981659,0.2621425986289978,0.08847512299159788,0.10412394610556448,2.0,0.0006739535583849102,83.89028768490448,6652.923421877346,0.026723960172110456,0.9115248770084021,0.14301082970961085,0.0021194135932798854,0.6411196673566687,0.2577195150986354,499.7940131628813
1210,72.92588460317754,19.06843334531087,43.86277310000003,50.06647940000005,46.59444522235296,1.827380725696095,0.03612716868519783,0.47349122166633606,0.10630319271447523,0.04331716759094493,-0.12285517901182175,0.24077045917510986,0.12408009655070755,0.03298195869083255,22.0,0.014418663942416641,163.160131883162,3660.0183104315142,0.014701835171517177,0.8759199034492925,0.10630319271447523,0.04534305365153865,0.35270355194333836,0.16828725296825853,999.5880263257626
1211,72.9306349655616,19.06843334531087,42.38960648,49.909250480000026,46.65919377000002,1.8753012260191766,0.03332139179110527,0.5490232110023499,0.11410635318396227,0.059724692399885614,-0.2272530049085617,0.2945547103881836,0.10942000479068396,0.04068892903638568,16.0,0.016734915017807727,260.3845654051212,151.70472215386536,0.0006093788693598047,0.8905799952093161,0.11410635318396227,0.05262707783029271,0.014619269580631453,0.037423954530428204,706.9611415018646
1212,72.93538532794565,19.06843334531087,31.236607219999996,48.015667399999984,37.51346387882355,4.884696426211256,-0.08123515546321869,0.6993553042411804,0.3304869431715745,0.24624263698514953,-0.4220631420612335,0.3070772886276245,-0.10876478928786058,0.16540451066582731,0.0,0.0,0.0,0.0,0.0,1.1087647892878605,0.3304869431715745,0.0,0.0,0.0,500.00000000016115
1213,72.94013569032971,19.06843334531087,34.15559630000001,40.55412974000001,37.78257349000001,1.5938742318096373,-0.07845579087734222,0.6528008580207825,0.22931207620872643,0.16458303993902418,-0.32465842366218567,0.28318583965301514,0.017168746084537147,0.12448094875283702,0.0,0.0,0.0,0.0,0.0,0.9828312539154629,0.22931207620872643,0.0,0.0,0.0,500.00000000016115
1214,72.94488605271377,19.06843334531087,34.69906148000001,40.803645200000005,38.92985536000002,1.1779593391880807,-0.04304932802915573,0.5748987793922424,0.12260121471477005,0.12135860540797128,-0.23380281031131744,0.2690836191177368,0.05739988506964917,0.09527375314826805,0.0,0.0,0.0,0.0,0.0,0.9426001149303508,0.12260121471477005,0.0,0.0,0.0,500.00000000016115
1215,72.94963641509783,19.06843334531087,0.0,38.5990223,21.077584610588247,17.651116082494074,0.0,0.6461318135261536,0.21526173717570754,0.21257271808980974,-0.32966873049736023,0.23006750643253326,-0.04090463026514593,0.1009552930278934,0.0,0.0,0.0,0.0,0.0,1.040904630265146,0.21526173717570754,0.0,0.0,0.0,706.9611415018646
1216,72.80237518119202,19.072924901185825,28.734616580000022,29.1652871,28.95783227500002,0.09865228688552789,-0.21113243699073792,-0.04436229169368744,-0.12549633098098467,0.02456199074791491,-0.08533653616905212,0.10635903477668762,0.012599739218657872,0.024455091142412937,0.0,0.0,0.0,0.0,0.0,0.9874002607813421,0.0,0.0,0.0,0.0,5146.088014274917
1217,72.80712554357608,19.072924901185825,28.550043500000015,29.202885320000007,28.860834089375018,0.1523139640644521,-0.22714932262897491,0.19043400883674622,-0.11227334076503538,0.0559457102711915,-0.1409395933151245,0.08048511296510696,-0.010787785368145637,0.025568648752328324,0.0,0.0,0.0,0.0,0.0,1.0107877853681457,0.0,0.0,0.0,0.0,4715.501359048912
1218,72.81187590596014,19.072924901185825,28.727780540000026,29.384040379999988,29.104378486250017,0.1355990860144581,-0.20696721971035004,0.11637081205844879,-0.11672791678950471,0.043776850669064525,-0.14009661972522736,0.07338552176952362,-0.014157035395784199,0.03101067741519018,1.0,6.580437796139918e-05,16.38198397924377,0.0,0.0,1.0141570353957843,0.0,0.00020693813603854308,0.0,0.00012416288162312583,4299.912245275468
1219,72.8166262683442,19.072924901185825,29.04907442000001,29.664318019999996,29.33379073875002,0.12042565091932368,-0.23688232898712158,0.023607175797224045,-0.15561275775615985,0.025675876140981446,-0.10857142508029938,0.10677506774663925,-0.007079060627863958,0.027183477658398215,0.0,0.0,0.0,0.0,0.0,1.007079060627864,0.0,0.0,0.0,0.0,3904.113036311492
1220,72.82137663072825,19.072924901185825,29.370368299999996,42.96725186000003,34.89222987500002,4.730623556892161,-0.20424403250217438,0.6917712688446045,0.06429664467865566,0.15993141558444576,-0.2638068199157715,0.22430741786956787,0.002092306748876032,0.0639349924064981,23.0,0.027515045463716765,297.8201701697947,4859.752014649923,0.01952101520645346,0.9979076932511239,0.06429664467865566,0.08652786330747422,0.46831782022662516,0.2392438460751346,3534.757830018116
1221,72.82612699311231,19.072924901185825,35.84751620000003,42.77926076000006,38.09505424000002,1.4045350621993407,0.012495778501033783,0.7545978426933289,0.29080266988502357,0.1520772799127327,-0.3091529905796051,0.3587982952594757,-0.004355885127805314,0.09449433142329344,236.0,0.2340304871887419,246.87217452242575,8050.135853666755,0.032336387523420815,1.0043558851278054,0.29080266988502357,0.7359667288921005,0.7757642908840883,0.7518857536888957,3201.013631148898
1222,72.83087735549637,19.072924901185825,36.466177819999984,39.22110194000004,37.37061202187502,0.4941542753123738,0.012063492089509964,0.7062758803367615,0.25062661224941035,0.14255560628245834,-0.25473877787590027,0.3367752134799957,0.011304427812684257,0.08698930901871992,226.0,0.2630967734244124,289.81361998327804,6107.92917242841,0.02453478652727196,0.9886955721873157,0.25062661224941035,0.8273728523372726,0.5886004198377482,0.7318638793374629,2915.1371580214463
1223,72.83562771788043,19.072924901185825,36.29869484000005,39.76114910000001,37.69327213250002,0.7801011530558943,0.012720156461000443,0.7022380828857422,0.24417275482753537,0.13389851274035244,-0.2974212169647217,0.4130781590938568,-0.0011995767197518978,0.08606728259675411,187.0,0.24915789109425432,331.69944776006315,7333.646973816187,0.02945834142628364,1.001199576719752,0.24417275482753537,0.7835385905871572,0.7067186874424474,0.7528106293292733,2692.419370511081
1224,72.84037808026449,19.072924901185825,38.26747436000005,45.21972704000001,41.126754903125025,1.5249390734433261,-0.022284122183918953,0.7022938132286072,0.16498637649248232,0.12359006921270235,-0.29087623953819275,0.40440529584884644,0.0634680866745283,0.08781438461058497,97.0,0.2141444775342453,549.6001638461146,4599.444342334568,0.018475391887751963,0.9365319133254717,0.16498637649248232,0.6734302548970122,0.4432328526563663,0.5813512940007539,2549.4667122123487
1225,72.84512844264854,19.072924901185825,41.28900404000001,46.39894393999998,43.20956336812502,1.2172098655372483,-0.02521008439362049,0.6760390996932983,0.1497914670548349,0.11928253743997828,-0.24947145581245422,0.48942598700523376,0.08334013740971404,0.08053743872837295,34.0,0.06006246151596581,439.7804490820091,10518.750369892203,0.04225250286528155,0.916659862590286,0.1497914670548349,0.18888126013882636,1.0,0.5133287560832959,2500.000000000806
1226,72.8498788050326,19.072924901185825,34.20686660000001,42.98775998000002,39.90024492125002,2.009209288677909,-0.12878787517547607,0.7697877883911133,0.24590857163915095,0.19932990969325579,-0.4410035312175751,0.33023256063461304,-0.0018053781761313385,0.11882235209478435,14.0,0.047324464670804645,841.5295739117863,4793.910264802215,0.01925653714335024,1.0018053781761314,0.24590857163915095,0.14882347970438844,0.46197287409035487,0.27408323745877505,2500.000000000806
1227,72.85462916741666,19.072924901185825,34.483726219999994,46.586935040000014,42.28695906687502,2.5369333301359887,0.006172839552164078,0.7888888716697693,0.26983990009014425,0.16295236254259904,-0.4552454352378845,0.23080448806285858,0.030769280653733473,0.12037572035479767,8.0,0.0503115667317254,1565.6315463031515,1565.501695339485,0.00628842424640719,0.9692307193462665,0.26983990009014425,0.15821716066899594,0.150862089117378,0.15527513204834875,2549.4667122123487
1228,72.85937952980072,19.072924901185825,35.300633000000005,42.92623562000006,38.44408043750002,1.2195248987972005,0.00894454400986433,0.7560473680496216,0.3707290361512382,0.1906520267513346,-0.33307287096977234,0.3565976023674011,-0.05498253012603184,0.1018343532157965,45.0,0.11529411904882965,637.8320678727449,4189.246688301747,0.01682767928474519,1.0549825301260318,0.3707290361512382,0.36257086278007555,0.4037034958867978,0.3790239160227645,2692.419370511081
1229,72.86412989218478,19.072924901185825,37.55652620000001,42.09223874000003,38.97666603750002,0.8811609989699067,0.008512768894433975,0.6791690587997437,0.22896134286556605,0.13934040148679006,-0.2630196809768677,0.37588125467300415,0.009946412140468382,0.08397655654672705,82.0,0.16819366200619104,510.63135951451324,6435.066928342814,0.025848857921976692,0.9900535878595316,0.22896134286556605,0.5289265545443632,0.6201255759160467,0.5654061630930366,2915.1371580214463
1230,72.86888025456884,19.072924901185825,39.43985522000003,45.13427654000003,41.455062845000015,1.0848822985298316,-0.013748854398727417,0.6128836274147034,0.12146331211306015,0.0902072636840853,-0.20125938951969147,0.3813451826572418,0.05832945625737028,0.07314340409195608,69.0,0.1770196773866719,638.6812445603146,6002.580081710665,0.024111612423801727,0.9416705437426297,0.12146331211306015,0.5566821420609812,0.5784482852475339,0.5653885993356023,3201.013631148898
1231,72.8736306169529,19.072924901185825,36.643914859999995,47.77298798000004,42.50375829500002,2.821245047119711,-0.05349794402718544,0.5833333134651184,0.09790510069649175,0.07788602706115201,-0.374685674905777,0.32785850763320923,0.07790778969818692,0.07434569893912986,44.0,0.08419519284650895,476.37211130056403,9673.051207687655,0.0388554352462522,0.9220922103018131,0.09790510069649175,0.26477260040787376,0.9321591395751774,0.5317272160747952,3534.757830018116
1232,72.87838097933695,19.072924901185825,39.41592908000001,45.14794862000002,42.34688123000002,1.3919075692840739,-0.0517742857336998,0.5696852803230286,0.14392050689121463,0.10088131086040493,-0.15001842379570007,0.3504023551940918,0.07484074430645636,0.06924740927999296,56.0,0.12818494946698628,569.8502173095089,6398.9807247752,0.025703904161689536,0.9251592556935436,0.14392050689121463,0.40310926617152015,0.6166480708614482,0.4885247880474914,3201.013631148898
1233,72.88313134172101,19.072924901185825,39.66202652000004,44.59422938,41.95018915187502,1.251363485695873,0.01306240912526846,0.5758683681488037,0.1589704866229363,0.10906763684474706,-0.18942926824092865,0.2735513150691986,0.06420804581552182,0.06420994821918233,38.0,0.1555645017145435,1019.1511863116522,9158.461373756016,0.0367883923306911,0.9357919541844781,0.1589704866229363,0.4892110375613051,0.882569862465735,0.646554567523077,2915.1371580214463
1234,72.88788170410507,19.072924901185825,37.52918204000002,44.26951747999999,40.84821768875002,1.5885019410941998,0.04063860699534416,0.7473497986793518,0.30521205686173347,0.16495423569260756,-0.3661898970603943,0.2567441761493683,-0.008448240891942438,0.11180820698919346,12.0,0.15212135853439238,3155.8812848199973,2223.9631007314415,0.0089333812460176,1.0084482408919424,0.30521205686173347,0.47838322254522425,0.21431578164056223,0.3727562461833594,2692.419370511081
1235,72.89263206648913,19.072924901185825,36.73620140000003,43.61325764000003,40.18811676500002,1.132617644722788,0.011432413943111897,0.6874310970306396,0.27132568359375,0.15918917397127924,-0.2963472604751587,0.24238085746765137,-0.0008304675120227742,0.09673735168384459,7.0,0.05417435977668879,1926.6705378263116,1379.950600908584,0.00554308873853753,1.0008304675120228,0.27132568359375,0.17036466843962292,0.13298115942742877,0.15541126483474527,2548.433424060851
1236,72.89738242887319,19.072924901185825,35.30746904,41.63764207999998,38.014402651250016,1.4429020990700625,-0.10157367587089539,0.6975455284118652,0.2687469012920673,0.15570237789565528,-0.3187083601951599,0.4218244254589081,-0.0016271633368272048,0.10580040653418907,49.0,0.1706616505124264,867.0648290194837,3581.4619495041998,0.014386284108087819,1.0016271633368272,0.2687469012920673,0.5366877545901183,0.3451333418578211,0.46006598949719946,2060.7009163867488
1237,72.90213279125724,19.072924901185825,37.16003588000001,41.641060100000004,38.558563861875015,0.9052716229555836,0.004846526775509119,0.711361289024353,0.29420474646226413,0.1584101324636632,-0.34122130274772644,0.3250332474708557,-0.017751847752984964,0.09808190091918371,69.0,0.1228558552927914,443.25993425310435,5493.444979070535,0.022066480480686892,1.017751847752985,0.29420474646226413,0.38635061197029597,0.5293846620934086,0.44356423201954104,1580.5140461487485
1238,72.9068831536413,19.072924901185825,35.331395180000015,40.919857879999995,38.12388191562502,1.1855272565628505,-0.04877271130681038,0.6906973123550415,0.23545760244693395,0.14975715815152238,-0.2962726354598999,0.38350710272789,0.0013348305900141879,0.09199406767772299,109.0,0.17063276448612985,389.71546286875247,7744.149747959189,0.0311072796585597,0.9986651694099858,0.23545760244693395,0.5365969153386193,0.7462774476022458,0.62046912824407,1117.641296078226
1239,72.91163351602536,19.072924901185825,35.621926880000046,46.80568832000006,40.605349775000015,3.086646854936004,-0.0376499779522419,0.7009839415550232,0.14219132333431603,0.12319263710533751,-0.24683715403079987,0.4092915654182434,0.07586523667821345,0.08864262763984955,40.0,0.08510684899347858,529.6832368634094,6101.468913737595,0.024508836477195158,0.9241347633217866,0.14219132333431603,0.2676395285607793,0.5879778666171185,0.395774863783315,706.9515660036232
1240,72.91638387840942,19.072924901185825,35.66294312000002,47.12698220000004,44.65266802750002,2.4495632580088844,-0.015040825121104717,0.7979127168655396,0.15492969440964033,0.1650876364545771,-0.43683063983917236,0.28098592162132263,0.09858092110112028,0.11985869109667872,51.0,0.01940841835404151,94.73962853867822,6070.452899951809,0.02438424903426994,0.9014190788988797,0.15492969440964033,0.061034570070665865,0.5849889585566884,0.2706163254650749,500.00000000016115
1241,72.92113424079348,19.072924901185825,35.594582720000005,47.472202219999986,43.034674678125015,2.4000763258650086,-0.058633238077163696,0.6891031265258789,0.16460207381338443,0.16341205210626494,-0.3737373650074005,0.3127371370792389,0.06154353303729363,0.11405990781592136,8.0,0.013395854480984534,416.8618416705101,2784.3275780478507,0.01118429517122906,0.9384564669627063,0.16460207381338443,0.04212657641965136,0.26831620589228344,0.13260242820870421,500.00000000016115
1242,72.92588460317754,19.072924901185825,37.42322342,48.31987118000001,45.73675283000002,2.4138196146413287,0.04539722576737404,0.6585366129875183,0.12085859190742924,0.0992024845005382,-0.33110469579696655,0.208047553896904,0.10399380665905071,0.06713057973010574,0.0,0.0,0.0,0.0,0.0,0.8960061933409493,0.12085859190742924,0.0,0.0,0.0,500.00000000016115
1243,72.9306349655616,19.072924901185825,32.12529242000005,48.712943480000035,42.84622072125002,5.138105838843184,-0.04693140834569931,0.6553054451942444,0.20783428839917453,0.18037244654206472,-0.3963463008403778,0.270402729511261,0.03348445676407724,0.13937215253460883,0.0,0.0,0.0,0.0,0.0,0.9665155432359227,0.20783428839917453,0.0,0.0,0.0,499.7804684807261
1244,72.93538532794565,19.072924901185825,31.492958720000047,38.83144765999998,34.274133736250015,0.963462031378435,-0.08347529917955399,0.7174400687217712,0.4832088529146635,0.18053547960608102,-0.4377371370792389,0.2189430296421051,-0.1843451631986178,0.10999558146739506,0.0,0.0,0.0,0.0,0.0,1.1843451631986177,0.4832088529146635,0.0,0.0,0.0,0.0
1245,72.94013569032971,19.072924901185825,34.38118562,41.897411600000055,37.24915363062502,1.7231467046967501,0.03480764105916023,0.6674243807792664,0.31546845058225237,0.17084558260159033,-0.3437158465385437,0.2476082444190979,-0.02523102382443986,0.13593257720680807,0.0,0.0,0.0,0.0,0.0,1.0252310238244398,0.31546845058225237,0.0,0.0,0.0,499.7804684807261
1246,72.94488605271377,19.072924901185825,34.16243234000001,42.09223874000003,36.733863379375016,1.676006538051886,0.04338549077510834,0.6737181544303894,0.40512976304540094,0.18947424384914996,-0.3915935754776001,0.2366466224193573,-0.10640411952756486,0.15921806432169128,0.0,0.0,0.0,0.0,0.0,1.106404119527565,0.40512976304540094,0.0,0.0,0.0,0.0
1247,72.94963641509783,19.072924901185825,0.0,37.10876558000001,20.971328096544127,17.552663622820038,-0.05813194066286087,0.658057451248169,0.19807654038915096,0.23405515513752168,-0.33487632870674133,0.2017068713903427,-0.06860156365160672,0.10663928954706028,0.0,0.0,0.0,0.0,0.0,1.0686015636516066,0.19807654038915096,0.0,0.0,0.0,499.7804684807261
1248,72.80237518119202,19.07741645706078,28.83373916000005,29.319098000000054,29.12862716000002,0.09085119070833464,-0.19421488046646118,-0.03549695760011673,-0.10296939489976416,0.022913409405392923,-0.07394365966320038,0.11336717754602432,0.022132145143904776,0.023565175367510082,0.0,0.0,0.0,0.0,0.0,0.9778678548560952,0.0,0.0,0.0,0.0,5406.581635313888
1249,72.80712554357608,19.07741645706078,28.727780540000026,29.26099166000006,28.98311557000002,0.12828969856889064,-0.18949958682060242,0.1649402379989624,-0.08270150814416273,0.06319418896612988,-0.1753246784210205,0.08442982286214828,-0.016541606975051592,0.03615469248476962,0.0,0.0,0.0,0.0,0.0,1.0165416069750517,0.0,0.0,0.0,0.0,4998.508417859205
1250,72.81187590596014,19.07741645706078,28.905517580000037,29.363532260000056,29.138652563529433,0.08275604766722318,-0.18923327326774597,0.1254517287015915,-0.11347468538104363,0.049292058066682326,-0.10897111147642136,0.05755041912198067,-0.014882714613428655,0.024489179063507758,0.0,0.0,0.0,0.0,0.0,1.0148827146134287,0.0,0.0,0.0,0.0,4608.5335821290955
1251,72.8166262683442,19.07741645706078,29.10034472000001,29.729260400000044,29.35908660000002,0.1638831536037061,-0.20909886062145233,0.012392754666507244,-0.13516017033503605,0.026539427015099003,-0.07971412688493729,0.07351351529359818,-0.006123513075021597,0.023173118172168414,0.0,0.0,0.0,0.0,0.0,1.0061235130750217,0.0,0.0,0.0,0.0,4241.651930783605
1252,72.82137663072825,19.07741645706078,29.41480256,42.76900669999998,35.203544674117666,4.559772683896794,-0.23966942727565765,0.4637865424156189,0.011997712333247347,0.09788328900321903,-0.1623401790857315,0.2561115026473999,0.030369590903228185,0.07071156950800632,228.0,0.07930910816691418,86.5964179732413,5505.189722048664,0.022113657642315886,0.9696304090967718,0.011997712333247347,0.24940709909252137,0.5305164631429394,0.3618508447126886,3904.378872027573
1253,72.82612699311231,19.07741645706078,37.30359271999998,45.930675199999996,41.92475576000002,1.826380834001661,-0.11149228364229202,0.6522781848907471,0.13825955372936322,0.09848972473134518,-0.23162870109081268,0.434744268655777,0.10347211729805425,0.08492796896807073,217.0,0.0894312753562389,102.59859157474047,7815.600284041598,0.031394287513522114,0.8965278827019457,0.13825955372936322,0.28123875643389284,0.7531628934462448,0.47000841123883363,3605.0342024531037
1254,72.83087735549637,19.07741645706078,36.24058850000006,44.90868722000005,38.44520023000002,1.787724335769685,-0.019305018708109856,0.6620428562164307,0.22728243845813678,0.1333711864023591,-0.2531384527683258,0.45528870820999146,0.028855959334463444,0.09559629475625508,148.0,0.2356230449057363,396.33986517426536,8351.133590900616,0.03354545773686741,0.9711440406655365,0.22728243845813678,0.7409749203787207,0.8047704220137367,0.7664931210327272,3353.7893159058785
1255,72.83562771788043,19.07741645706078,35.85093422,39.05703698000002,37.44052640705885,0.5652584719881282,-0.008056041784584522,0.6938899159431458,0.2295810224425118,0.12576091551367066,-0.2583237588405609,0.3366093337535858,0.0037486630565715284,0.08694717796880987,172.0,0.25811631800783574,373.59299386480336,9045.030221840148,0.036332753599587105,0.9962513369434285,0.2295810224425118,0.8117105789071671,0.8716388870474633,0.8356819021632856,3162.130278818145
1256,72.84037808026449,19.07741645706078,36.36363721999999,42.30073795999999,38.51143833000002,1.0812903638781572,0.015521064400672913,0.7051546573638916,0.2392050689121462,0.14109425735247566,-0.3148822486400604,0.40609636902809143,-0.0042637213221136125,0.08896318242056006,138.0,0.22260694114566246,401.579305525785,6149.279534899042,0.024700885754588137,1.0042637213221137,0.2392050689121462,0.7000425639909136,0.5925852140328945,0.657059624007706,3041.342955843517
1257,72.84512844264854,19.07741645706078,36.82848794000006,45.65723360000004,41.42791416000002,2.3986475311048983,-0.052700065076351166,0.7577749490737915,0.2189263340212264,0.16249481804806645,-0.35093310475349426,0.22652582824230194,0.03213493491118809,0.10709670541486106,72.0,0.10195418410037475,352.52040937512515,8055.4904287178,0.032357896180792725,0.9678650650888119,0.2189263340212264,0.3206201391560637,0.7762802931221832,0.5028842007425115,3000.000000000967
1258,72.8498788050326,19.07741645706078,36.51061207999999,44.24900936000006,39.68740738823531,1.7231595155064623,0.004026845563203096,0.7366347908973694,0.2554935786409198,0.16094755396574698,-0.32793933153152466,0.382598340511322,-0.0032634583959039653,0.10399461069769872,54.0,0.12666300302466593,583.9393327886492,4973.004128637376,0.01997593476462177,1.003263458395904,0.2554935786409198,0.3983231292961133,0.47923154236692705,0.4306864945244388,3000.000000000967
1259,72.85462916741666,19.07741645706078,38.14442564000001,44.56688522000002,40.94773820000002,1.817123009056578,0.004766444209963083,0.7102050185203552,0.2070869328425481,0.14357714584388895,-0.25254201889038086,0.31513646245002747,0.024505198552058294,0.08426817258841467,78.0,0.15009508897860602,479.0530269482506,4972.324397680229,0.01997320437049656,0.9754948014479417,0.2070869328425481,0.4720111169501825,0.479166038999835,0.4748730857700435,3041.342955843517
1260,72.85937952980072,19.07741645706078,37.85047592000001,42.90572750000001,39.79726893764708,1.076027830474578,0.009509319439530373,0.6913806796073914,0.2647219100088443,0.14384739610872777,-0.273114949464798,0.31568458676338196,0.0065410700384176,0.07961692962339531,90.0,0.13612286271237464,376.5305972450337,4824.630160460752,0.01937993511684419,0.9934589299615824,0.2647219100088443,0.4280719969490972,0.46493324625112065,0.44281649666990663,3162.130278818145
1261,72.86412989218478,19.07741645706078,37.426641440000026,43.51413506000006,40.34407789000002,1.4929379243667145,0.010744720697402954,0.6914860010147095,0.24841948887087265,0.13414953291592205,-0.2745053470134735,0.28032979369163513,0.01142770083445423,0.0748332709735228,137.0,0.1345918469761079,244.57377923191945,7333.575282331547,0.029458053450568497,0.9885722991655458,0.24841948887087265,0.42325733943657473,0.706711778777208,0.536639115172828,3353.7893159058785
1262,72.86888025456884,19.07741645706078,38.65029260000006,46.46388632000003,42.41048321000002,1.7895705414516094,0.012561441399157047,0.675428569316864,0.214849323776533,0.14460094356784478,-0.24863088130950928,0.3222882151603699,0.03207739200232164,0.08290234005695821,76.0,0.08442888401073417,276.5598717900316,5913.156698697218,0.023752409893640577,0.9679226079976784,0.214849323776533,0.2655075000518125,0.5698308570981339,0.3872368428703411,3605.0342024531037
1263,72.8736306169529,19.07741645706078,38.79726746000006,47.256866960000025,43.749836515294135,1.8591211126917502,-0.07001795619726181,0.652222216129303,0.10946427255306604,0.1082339021998279,-0.4138340950012207,0.260433167219162,0.07488316374005012,0.07458164560979255,12.0,0.014054616247984856,291.5744429952255,7082.385203880725,0.0284490543645314,0.9251168362599499,0.10946427255306604,0.04419821566888901,0.6825054428061498,0.2995211065237934,3904.378872027573
1264,72.87838097933695,19.07741645706078,35.71421342000002,46.92531902000002,42.72949841000002,1.807634902168236,-0.04204753041267395,0.7275254726409912,0.14020028744103774,0.11624815917131749,-0.4223578870296478,0.279904305934906,0.054273698914725825,0.08520698124511565,64.0,0.11325757476435147,440.5538413620958,8357.64760003893,0.033571623695760104,0.9457263010852742,0.14020028744103774,0.35616644576032835,0.8053981549827022,0.5358591294492778,3605.0342024531037
1265,72.88313134172101,19.07741645706078,38.54775200000006,44.72753216000001,42.37183501000002,1.5219206270243566,-0.00856793113052845,0.5951972603797913,0.14919568331736438,0.10117526312582699,-0.19271418452262878,0.31933626532554626,0.06998501759655071,0.06924923697883803,95.0,0.19172515416644717,502.4203238167198,7083.629270875243,0.028454051625841154,0.9300149824034493,0.14919568331736438,0.6029271495914812,0.6826253293232666,0.6348064214841953,3353.7893159058785
1266,72.88788170410507,19.07741645706078,38.42812130000004,43.47995486000002,40.380082742352954,1.117021418210135,-0.010656197555363178,0.5919688940048218,0.11954407889887972,0.09437072141668516,-0.18954555690288544,0.37560975551605225,0.097225606666421,0.07627836737309941,34.0,0.32563997197724387,2384.3527138350305,10274.123747932295,0.04126986836195974,0.902774393333579,0.11954407889887972,1.0,0.9900824617934465,0.9960329847173786,3160.9509806251554
1267,72.89263206648913,19.07741645706078,37.55310817999998,44.41991036000002,41.40749540000002,1.4335732749880055,0.024483004584908485,0.7293233275413513,0.26195736291273586,0.132210618198284,-0.3141546845436096,0.25408750772476196,0.03008193106021521,0.0879031473005252,5.0,0.03634958881945566,1809.8442691509931,1178.4987484054652,0.004733881876906158,0.9699180689397848,0.26195736291273586,0.11431026915075604,0.11356792760809441,0.11401333253369138,2691.5003950083583
1268,72.89738242887319,19.07741645706078,37.26599450000003,42.56050748000001,39.459038709411786,1.5334386920513126,0.009795191697776318,0.6924351453781128,0.2442272244966947,0.13377472399682466,-0.286598801612854,0.3822520971298218,0.016798885052020734,0.08092114585554999,72.0,0.13196679201504272,456.2930688481069,4458.75402729488,0.017910256512323076,0.9832011149479792,0.2442272244966947,0.415002205090343,0.4296750041349268,0.42087132470817656,2235.2341266300336
1269,72.90213279125724,19.07741645706078,35.99107304000006,39.18692174,37.66350129000002,0.7775581938264875,0.026382645592093468,0.7154753804206848,0.29831091538915094,0.16345547530994073,-0.36361631751060486,0.295639306306839,-0.02804700455575619,0.09677833578252118,141.0,0.19959422798752563,352.40379281755463,7808.068243435642,0.03136403224972239,1.0280470045557561,0.29831091538915094,0.6276733977793889,0.7524370562373078,0.6775788611625564,1802.1938784379627
1270,72.9068831536413,19.07741645706078,36.44908772000002,39.00234866000005,37.63138754000001,0.6123582962024218,0.017273060977458954,0.7149004936218262,0.2557221956073113,0.14924526965893553,-0.296832799911499,0.3654415011405945,0.0009299334040227926,0.09410826721982377,169.0,0.24456132061987598,360.25728771111255,7097.901110211103,0.028511379817045053,0.9990700665959772,0.2557221956073113,0.7690835382698838,0.6840006580783649,0.7350503861932762,1413.8839769278686
1271,72.91163351602536,19.07741645706078,36.756709520000015,46.10841224000001,38.63960093882355,1.902034042654726,0.0036275694146752357,0.6619555950164795,0.23173160193101416,0.1408552946320975,-0.2508009076118469,0.4560544788837433,0.011443819729786999,0.095526658830994,122.0,0.18682882889160568,381.2376374553485,7910.055259915306,0.03177370132204516,0.988556180270213,0.23173160193101416,0.5875294441924807,0.76226519913538,0.6574237461696404,999.5338414544657
1272,72.91638387840942,19.07741645706078,34.972503080000024,46.026379760000054,41.96860918000002,2.4660255429905162,0.006869480013847351,0.7716715931892395,0.22596202922317216,0.17724300090556938,-0.40768182277679443,0.3474057912826538,0.03238661856021521,0.12001984202379644,9.0,0.024485271760022027,677.2891647884752,7944.97389805515,0.031913965118235105,0.9676133814397848,0.22596202922317216,0.07699999081198516,0.7656301898694003,0.35245207043495125,499.76692072723284
1273,72.92113424079348,19.07741645706078,32.17656271999999,43.13131682000005,34.71772655000002,3.0301206288985765,0.009684210643172264,0.7576705813407898,0.5296847361438679,0.1939185347993739,-0.43240973353385925,0.27251461148262024,-0.23108679429540094,0.1444065166328987,0.0,0.0,0.0,803.8505863138221,0.003228967130801023,1.231086794295401,0.5296847361438679,0.0,0.07746435481389523,0.030985741925558093,0.0
1274,72.92588460317754,19.07741645706078,32.70635582,40.95403808000003,35.873441112941194,1.4636313493948432,-0.03035559318959713,0.6834993958473206,0.41647709684551887,0.15948314045849057,-0.40784960985183716,0.19912376999855042,-0.12720726157134435,0.13816900202750163,0.0,0.0,0.0,0.0,0.0,1.1272072615713444,0.41647709684551887,0.0,0.0,0.0,0.0
1275,72.9306349655616,19.07741645706078,31.848432800000012,40.448171119999984,36.352757640000014,2.122718913844826,-0.18430034816265106,0.6724302172660828,0.21412086342865566,0.22345446554119336,-0.36400145292282104,0.3017902672290802,-0.040633953742261204,0.11951104420001064,1.0,0.005426822721979202,1351.0062042043662,0.0,0.0,1.0406339537422613,0.21412086342865566,0.017065985782233967,0.0,0.01023959146934038,499.76692072723284
1276,72.93538532794565,19.07741645706078,33.9846953,41.66498624000002,37.520323572941194,2.1017750319016484,-0.03908794745802879,0.6829211115837097,0.3020311560997596,0.18806289816487687,-0.2983473539352417,0.22971948981285095,-0.05641373854417067,0.12192994331707878,0.0,0.0,0.0,0.0,0.0,1.0564137385441708,0.3020311560997596,0.0,0.0,0.0,500.00000000016115
1277,72.94013569032971,19.07741645706078,33.99494936000002,41.99995220000005,38.10399024000001,1.8980513041572564,-0.03271441161632538,0.6264650225639343,0.22152037422612028,0.18636750401832608,-0.3021235466003418,0.22628773748874664,-0.03491287519346993,0.11411329902761774,0.0,0.0,0.0,0.0,0.0,1.03491287519347,0.22152037422612028,0.0,0.0,0.0,499.76692072723284
1278,72.94488605271377,19.07741645706078,32.49785659999998,41.86323140000002,35.34258752000002,2.2853538710808508,0.058139536529779434,0.6921220421791077,0.49063499594634435,0.17781097228458853,-0.4255697429180145,0.1909073442220688,-0.17764544792895048,0.15648921696096948,0.0,0.0,0.0,0.0,0.0,1.1776454479289504,0.49063499594634435,0.0,0.0,0.0,0.0
1279,72.94963641509783,19.07741645706078,0.0,36.89343031999999,20.032214535294127,16.772478488889693,0.0,0.6886293292045593,0.2964866782134434,0.2758741461535868,-0.4344457685947418,0.20670603215694427,-0.11196259120725235,0.1450250824041317,0.0,0.0,0.0,0.0,0.0,1.1119625912072524,0.2964866782134434,0.0,0.0,0.0,499.76692072723284
1280,72.80237518119202,19.081908012935738,28.977296000000024,29.363532260000056,29.171698680000016,0.07850882792997152,-0.18168093264102936,-0.03493862226605415,-0.1071342612212559,0.02052247175454391,-0.03898734226822853,0.10278372466564178,0.032296885364460494,0.02167106413995442,0.0,0.0,0.0,0.0,0.0,0.9677031146355395,0.0,0.0,0.0,0.0,5699.125186293766
1281,72.80712554357608,19.081908012935738,28.70385440000001,29.288335820000043,29.01674844000002,0.11243901988028762,-0.19418306648731232,-0.02663438208401203,-0.10345926536704009,0.024049553838129036,-0.07440336793661118,0.09583107382059097,0.015121180696307489,0.020286194879116915,0.0,0.0,0.0,0.0,0.0,0.9848788193036925,0.0,0.0,0.0,0.0,5313.58820070363
1282,72.81187590596014,19.081908012935738,28.915771640000003,29.401130480000006,29.18549954352943,0.08861406440064214,-0.19714166224002838,-0.05391467362642288,-0.11875244140625,0.020882057349245028,-0.10247747600078583,0.05503634363412857,-0.008777223263146743,0.023066259627651544,0.0,0.0,0.0,0.0,0.0,1.0087772232631467,0.0,0.0,0.0,0.0,4948.526862180653
1283,72.8166262683442,19.081908012935738,29.10034472000001,29.70191624000006,29.30171748000002,0.11970532278019745,-0.21747764945030212,-0.03963964059948921,-0.11593306321364183,0.022984165747768848,-0.1191067025065422,0.08852458745241165,-0.007966570487389198,0.022617212145473572,0.0,0.0,0.0,0.0,0.0,1.0079665704873892,0.0,0.0,0.0,0.0,4608.8093371550885
1284,72.82137663072825,19.081908012935738,29.34302414000001,39.952558220000014,30.685336181176496,1.8955149511933929,-0.24041159451007843,0.1282527893781662,-0.08648506596403302,0.0921390247964654,-0.12964260578155518,0.3589620292186737,0.001606633168346477,0.04266490522551975,0.0,0.0,0.0,717.9846803279534,0.0028840545403204586,0.9983933668316535,0.0,0.0,0.06918974866076971,0.027675899464307888,4300.445996432247
1285,72.82612699311231,19.081908012935738,32.89776494,46.45021424000004,41.76397478000002,2.291710732875043,-0.09439527988433838,0.6821040511131287,0.17918786390772407,0.1548764870005803,-0.2003958374261856,0.38236725330352783,0.08763188200176887,0.08785645474909813,7.0,0.011277217669673321,401.06580165185835,2760.1937229779746,0.011087352497942607,0.9123681179982311,0.17918786390772407,0.03546399915264086,0.26599050812706454,0.12767460274241035,4030.6395139816377
1286,72.83087735549637,19.081908012935738,36.83532398,45.51367676000001,40.26780913000002,2.296525227402142,0.010590014979243279,0.7535635232925415,0.2822216105910967,0.17549273346999522,-0.3665383756160736,0.363850861787796,0.014834521311633991,0.10997926346079674,74.0,0.12688789207392576,426.8744600677395,4109.487519638663,0.016507296693281145,0.985165478688366,0.2822216105910967,0.3990303485132998,0.3960173752990019,0.39782515922758066,3807.595156600542
1287,72.83562771788043,19.081908012935738,36.20982632000005,42.051222499999994,37.617092568235314,1.017200559413099,-0.007890583947300911,0.7540603280067444,0.2622120983195755,0.15360609775068598,-0.3211986720561981,0.3395348787307739,-0.006865456779048128,0.09085184838582978,161.0,0.2682980885588745,414.86176559658367,6673.531675315152,0.026806740945187993,1.006865456779048,0.2622120983195755,0.843729673755842,0.6431056148493756,0.7634800501932555,3639.919466543656
1288,72.84037808026449,19.081908012935738,36.07994156000001,42.14009102,39.360939170000016,1.2583730584362296,0.006732263136655092,0.7324841022491455,0.22353004311615565,0.14466867212366175,-0.29647281765937805,0.3701132535934448,0.016449140152841244,0.08977152705551132,124.0,0.22253093755885475,446.76631522583375,5636.586414115599,0.022641461698198577,0.9835508598471587,0.22353004311615565,0.6998035519209954,0.5431787167370065,0.6371536178473999,3535.4990356011676
1289,72.84512844264854,19.081908012935738,37.036987160000024,44.173812920000046,39.28150930000002,1.2434784497716724,-0.044534411281347275,0.7070679664611816,0.2453085845371462,0.15013609755008597,-0.2806451618671417,0.42369726300239563,-0.00011858958118366745,0.08612666102955077,114.0,0.17966852543980477,392.35470137620234,10265.996397647546,0.04123722181373702,1.0001185895811837,0.2453085845371462,0.5650120996678472,0.9892992566097052,0.7347269624445905,3500.0000000011282
1290,72.8498788050326,19.081908012935738,38.475973580000016,46.535664740000016,40.855767048235315,1.9561841922063035,0.01013941690325737,0.7238293886184692,0.20195860664799528,0.13943821620317706,-0.3355545103549957,0.33736395835876465,0.03985424113723467,0.0939429011623918,62.0,0.13575719728703153,545.1084102072101,6781.616950154786,0.02724090595759556,0.9601457588627653,0.20195860664799528,0.4269220716116275,0.6535214262238864,0.5175618134565311,3500.0000000011282
1291,72.85462916741666,19.081908012935738,36.872922200000005,43.45261070000004,39.76136133000002,1.2068335364180574,0.023856859654188156,0.7118746042251587,0.25717627892127404,0.15040301131970946,-0.3039485812187195,0.27919092774391174,0.0032383170494666466,0.08783848191058499,117.0,0.17582072786175734,374.10707419137,7457.837432008495,0.02995719894320225,0.9967616829505334,0.25717627892127404,0.5529117488504314,0.7186865007173305,0.6192216495971911,3535.4990356011676
1292,72.85937952980072,19.081908012935738,36.66784100000001,44.28318955999998,40.05580844352943,1.7207987828653595,0.05075053498148918,0.7450562715530396,0.334203410598467,0.16465922012745324,-0.31167900562286377,0.22594594955444336,-0.017293249166236733,0.10176213179351636,92.0,0.1665097786844186,450.5714036355233,1840.3058502819054,0.007392278120278985,1.0172932491662368,0.334203410598467,0.5236311671140864,0.17734403355485043,0.385116313690392,3639.919466543656
1293,72.86412989218478,19.081908012935738,39.57999404000003,45.226563080000005,42.190501230000024,1.3405374841533693,0.04675028473138809,0.7184028625488281,0.2765212494472288,0.1437793697552965,-0.31244707107543945,0.21799679100513458,0.02270314054669074,0.07942612924001746,58.0,0.10425852256933846,447.50230999262516,1850.7284767239032,0.007434144505364497,0.9772968594533092,0.2765212494472288,0.3278667011986224,0.17834842671763707,0.26805939140622825,3807.595156600542
1294,72.86888025456884,19.081908012935738,38.41786724000002,46.64845939999998,41.54483055000002,1.7372966893592088,-0.004295942839235067,0.6983094811439514,0.32390892172759433,0.15898220116283815,-0.25724977254867554,0.28117048740386963,-0.0035183492696510173,0.09456734916116476,61.0,0.16625734956861407,678.5201142153526,1922.4942329700775,0.007722418560246517,1.003518349269651,0.32390892172759433,0.5228373413486169,0.18526424925977653,0.3878081045130808,4030.6395139816377
1295,72.8736306169529,19.081908012935738,38.54091596000001,48.25151077999999,45.17183927882354,2.176423997310541,-0.00310024106875062,0.6300300359725952,0.13916040960347878,0.10880601355468578,-0.26966047286987305,0.2813084125518799,0.08683639238465507,0.0760256007442908,15.0,0.032486215793187515,539.1623710126961,786.4885479327772,0.0031592259970498146,0.9131636076153449,0.13916040960347878,0.1021609374855211,0.07579123405695314,0.09161305611409391,4300.445996432247
1296,72.87838097933695,19.081908012935738,35.59800074000003,47.31497330000002,41.87762953000002,2.7273265179519246,-0.04356435686349869,0.7351828217506409,0.17507197542010614,0.14949024311844536,-0.47285014390945435,0.26080000400543213,0.03724018024948408,0.09852173807722327,23.0,0.06670604999358692,722.0197831997808,1961.9380459278098,0.007880859416946046,0.9627598197505159,0.17507197542010614,0.20977366667403471,0.18906531574426103,0.20149032630212527,4030.6395139816377
1297,72.88313134172101,19.081908012935738,38.89639004000003,45.34961180000005,41.698864850000014,1.195826667254548,0.014842300675809383,0.6664749979972839,0.18929153154481132,0.12749417325203447,-0.2537313401699066,0.2780185639858246,0.05023220997936321,0.07964465310491116,214.0,0.22715643277118905,264.2548551517575,4853.8427578463115,0.019497278461949957,0.9497677900206368,0.18929153154481132,0.7143495652281519,0.46774836518919033,0.6157090852125673,3806.2997918867404
1298,72.88788170410507,19.081908012935738,37.033569140000054,41.87348545999998,40.05388063294119,0.938878734672135,0.0015290520386770368,0.6559802889823914,0.22439040849793632,0.14775807952955733,-0.2565130293369293,0.39929741621017456,0.041494618541789506,0.09712316213676667,35.0,0.22632919362099208,1609.84565760273,5415.681793710892,0.02175411550417539,0.9585053814582105,0.22439040849793632,0.711748107192939,0.521890887647362,0.6358052193747082,3352.778475569401
1299,72.89263206648913,19.081908012935738,36.613152679999985,43.11764474000006,40.28472051000002,1.5716447910167033,-0.02413036674261093,0.7155279517173767,0.303861774948408,0.16214014467144416,-0.31889504194259644,0.318514347076416,0.019188010737581074,0.11361158485147593,48.0,0.1950824235808695,1011.7858785704349,1969.1296942946788,0.00790974736775216,0.980811989262419,0.303861774948408,0.6134849133197138,0.1897583505075279,0.4439942881948394,2914.418598661436
1300,72.89738242887319,19.081908012935738,37.607796500000006,44.45067254000003,41.442164451764725,1.3872648200398336,0.002834868850186467,0.7063360810279846,0.287995112492488,0.1576945172997177,-0.2856658101081848,0.37706756591796875,0.015890626173753006,0.10126835125834356,28.0,0.14156645670531978,1258.676255718156,5341.423039831667,0.02145582739002497,0.984109373826247,0.287995112492488,0.445190724139429,0.5147348233781096,0.47300836383490125,2498.766849512423
1301,72.90213279125724,19.081908012935738,36.907102399999985,40.38322874000005,38.332305040000016,0.6432570669890336,0.010600706562399864,0.6948561668395996,0.24625999594634435,0.13926337802347025,-0.3202037215232849,0.32388752698898315,0.005381387674583579,0.08824353439725736,147.0,0.1829364580993754,309.8094353888747,7981.083254970459,0.03205901188262022,0.9946186123254164,0.24625999594634435,0.5752889218827417,0.7691099261335934,0.6528173235830824,1999.0134796099385
1302,72.9068831536413,19.081908012935738,37.08142142000003,40.15422139999998,38.10690561000002,0.7296914529153002,0.017228079959750175,0.6962025165557861,0.23915287809551886,0.13477386381737808,-0.28101328015327454,0.3413885831832886,0.013556671142578126,0.09057972015634004,140.0,0.2639430642360152,469.3468714935779,6865.02425562871,0.02757594265773531,0.9864433288574219,0.23915287809551886,0.8300342230321276,0.6615591053838051,0.7626441759727987,1499.2601097074541
1303,72.91163351602536,19.081908012935738,36.68151308000006,46.405779980000034,39.226755274117664,2.295107706345312,-0.031451959162950516,0.6952806711196899,0.22732382720371463,0.14969032962310902,-0.27649661898612976,0.3533640503883362,0.022920134922243512,0.09945064433560247,95.0,0.17810852355318937,466.737619626187,6871.906761174239,0.027603588820545213,0.9770798650777565,0.22732382720371463,0.5601062880389891,0.6622223491018104,0.6009527124641176,999.5067398049692
1304,72.91638387840942,19.081908012935738,35.78257382000004,45.978527480000025,39.00887194000002,1.6324374748885895,-0.02370370365679264,0.7127596735954285,0.26378325840212263,0.1787084535039969,-0.3392716646194458,0.457390159368515,-0.0022480925074163474,0.12221655963122817,63.0,0.11224504489793985,443.54566320322164,8333.447339906708,0.03347441428165479,1.0022480925074164,0.26378325840212263,0.35298229525652014,0.8030660579868318,0.5330158003486448,499.7533699024846
1305,72.92113424079348,19.081908012935738,31.923629240000025,40.246507940000015,34.86199827000002,2.1039508340860564,0.022203603759407997,0.8027605414390564,0.530771852889151,0.20388506661169806,-0.4705066382884979,0.23746798932552338,-0.19445238797169812,0.1545568962593276,10.0,0.014510057560340064,361.2275320508807,2007.3836740369065,0.008063408813439976,1.1944523879716982,0.530771852889151,0.04563046347934656,0.19344475680024978,0.10475618080770785,0.0
1306,72.92588460317754,19.081908012935738,32.35429976,36.68151308000006,33.84136317411766,1.0985041073450514,0.10819672048091888,0.7373211979866028,0.5660456589033019,0.1106077568471116,-0.3973860740661621,0.15109634399414062,-0.2315908295253538,0.1054612478242627,0.0,0.0,0.0,0.0,0.0,1.2315908295253537,0.5660456589033019,0.0,0.0,0.0,0.0
1307,72.9306349655616,19.081908012935738,32.81915048000002,40.000410500000044,36.43179656000002,1.9200349924187177,0.06632652878761292,0.7141890525817871,0.4340340322818396,0.17095446176459567,-0.3941333293914795,0.22940632700920105,-0.09156870716022995,0.17350244499188233,0.0,0.0,0.0,0.0,0.0,1.09156870716023,0.4340340322818396,0.0,0.0,0.0,0.0
1308,72.93538532794565,19.081908012935738,31.872358940000026,41.96919002000004,37.932425610588254,1.920007590517518,0.002461538417264819,0.6509052515029907,0.30856492262620194,0.18168712506286758,-0.33579859137535095,0.22626501321792603,-0.01791983677790715,0.14355818933498418,0.0,0.0,0.0,0.0,0.0,1.0179198367779072,0.30856492262620194,0.0,0.0,0.0,499.7533699024846
1309,72.94013569032971,19.081908012935738,31.971481519999998,39.99699248000002,37.94997828000002,1.5234097130929714,-0.005692599806934595,0.6447620987892151,0.18048376695165094,0.1694680133800677,-0.3396415710449219,0.2888723611831665,0.028641069520194577,0.1352491553912227,0.0,0.0,0.0,0.0,0.0,0.9713589304798054,0.18048376695165094,0.0,0.0,0.0,500.00000000016115
1310,72.94488605271377,19.081908012935738,33.0447398,40.000410500000044,37.47097517000002,1.6094745363678182,-0.01992238126695156,0.6356986165046692,0.2652032355542453,0.1772115005987009,-0.3277529180049896,0.26115134358406067,-0.01661124751252948,0.1408153157948669,0.0,0.0,0.0,0.0,0.0,1.0166112475125295,0.2652032355542453,0.0,0.0,0.0,500.00000000016115
1311,72.94963641509783,19.081908012935738,0.0,37.09851151999999,20.784037010588246,17.425402492628418,0.0,0.6594604253768921,0.2642630407945165,0.24511647911434195,-0.33237698674201965,0.1344195455312729,-0.07879601820459906,0.10818205283707219,0.0,0.0,0.0,0.0,0.0,1.078796018204599,0.2642630407945165,0.0,0.0,0.0,706.9324088829503
1312,72.80237518119202,19.086399568810695,28.618403900000033,29.404548500000033,29.112841855625017,0.15688061350564264,-0.20333680510520935,-0.018145160749554634,-0.10218416034050708,0.02481983314139973,-0.06942053884267807,0.10961038619279861,0.013476414230634582,0.025436130076494774,0.0,0.0,0.0,0.0,0.0,0.9865235857693654,0.0,0.0,0.0,0.0,6019.047314973908
1313,72.80712554357608,19.086399568810695,28.86450134000006,29.349860180000007,29.15129458062502,0.0839332117190441,-0.19720767438411713,-0.025025025010108948,-0.08631301591981132,0.02023153560642913,-0.03863987699151039,0.08855047821998596,0.02124812719956884,0.01854918391160867,0.0,0.0,0.0,0.0,0.0,0.9787518728004312,0.0,0.0,0.0,0.0,5655.382618086591
1314,72.81187590596014,19.086399568810695,28.830321140000024,29.39087642000004,29.15049662375002,0.1294673989881886,-0.20233139395713806,-0.012440191581845284,-0.10367339512087265,0.026641978851181976,-0.07683679461479187,0.08533916622400284,0.00016004526390219634,0.02409657671586171,0.0,0.0,0.0,0.0,0.0,0.9998399547360978,0.0,0.0,0.0,0.0,5313.873756631955
1315,72.8166262683442,19.086399568810695,29.13452491999999,29.486580979999985,29.326764808750017,0.07526788079749744,-0.1894647479057312,-0.032755300402641296,-0.10238241342397837,0.022322557023568317,-0.08496732264757156,0.07725093513727188,0.010531338911790113,0.02244966613725681,0.0,0.0,0.0,0.0,0.0,0.9894686610882099,0.0,0.0,0.0,0.0,4999.063493624803
1316,72.82137663072825,19.086399568810695,29.24731958000001,31.339147819999994,29.67063884375002,0.2783004327036277,-0.21643835306167603,0.11283376067876816,-0.1191438725309552,0.05745356388324162,-0.14055505394935608,0.08825121819972992,0.006080584256154186,0.03194597244994385,0.0,0.0,0.0,0.0,0.0,0.9939194157438458,0.0,0.0,0.0,0.0,4716.301208846526
1317,72.82612699311231,19.086399568810695,29.695080200000007,43.456028720000006,36.20982632000002,4.670602094963824,-0.2151431143283844,0.6755386590957642,0.09153081929908609,0.18006270646325973,-0.2729295790195465,0.2592255175113678,0.018807580336084907,0.08785551231304216,38.0,0.05388268844969914,353.0021646965372,2288.6767544091745,0.009193327888089044,0.9811924196639151,0.09153081929908609,0.16944743583879912,0.22055201697477192,0.18988926829318825,4471.670620612247
1318,72.83087735549637,19.086399568810695,36.94811864000002,42.61519580000004,39.15220747437502,1.270160260074888,0.020071685314178467,0.7910998463630676,0.3045315954820165,0.17632943069497414,-0.37122681736946106,0.3159197270870209,-0.021139189522221404,0.09393480017500526,49.0,0.16336751248584322,830.0061780462038,3410.333093302166,0.013698880924939278,1.0211391895222215,0.3045315954820165,0.5137495341556904,0.32864223435422446,0.439706614235104,4271.727865083495
1319,72.83562771788043,19.086399568810695,37.50867391999998,41.04632462000001,38.98349928500002,0.8964613912507099,-0.007578491698950529,0.6876818537712097,0.2302598024764151,0.1444921419657875,-0.2785622477531433,0.3232724368572235,0.007735607219192217,0.07993936720301292,148.0,0.24325621124551017,409.1795605409432,5713.770535550197,0.022951500647445264,0.9922643927808078,0.2302598024764151,0.7649792991656692,0.5506166887564412,0.679234255001978,4122.979448750553
1320,72.84037808026449,19.086399568810695,36.14488394,44.59081136000003,40.72147030250002,2.278871877249964,0.005235602147877216,0.6986140012741089,0.2246137050412736,0.1360768827299474,-0.29349270462989807,0.257262647151947,0.026856965838738207,0.08758707941804761,107.0,0.18553349495288424,431.6683990539593,5095.803511058325,0.02046920450438546,0.9731430341612618,0.2246137050412736,0.5834559463625381,0.4910653023874365,0.5464996887724974,4031.096610565491
1321,72.84512844264854,19.086399568810695,37.21130618000001,46.92190100000005,43.36416943250001,2.7694435533560444,-0.003965107258409262,0.6947497129440308,0.17018525897331957,0.11804169765392873,-0.31751304864883423,0.2607620060443878,0.08902409391583137,0.09117004552394191,60.0,0.08255456753698222,342.5323270531641,6685.216813666831,0.02685367868249743,0.9109759060841687,0.17018525897331957,0.2596132484922569,0.6442316720031991,0.4134606178966338,4000.000000001289
1322,72.8498788050326,19.086399568810695,39.03652886000003,47.54739866,45.66448432625002,1.3812865103244858,-0.01721014454960823,0.6612149477005005,0.12345415223319575,0.0782650326833851,-0.1952601820230484,0.34491077065467834,0.13132837835347877,0.0651098560616804,4.0,0.005893264343266774,366.7816832547112,1502.2505169065407,0.006034352184233344,0.8686716216465212,0.12345415223319575,0.018532826783856496,0.1447667875626513,0.06902641109537441,4000.000000001289
1323,72.85462916741666,19.086399568810695,41.25824186,47.53714460000003,45.689372482500026,1.2725374491307055,-0.03573591634631157,0.6000000238418579,0.12665783221905047,0.07919556906155258,-0.19640816748142242,0.32993289828300476,0.12714893047626202,0.06373700534754048,7.0,0.04215879175769176,1499.3458589029974,1144.1234189952058,0.00459580048383885,0.8728510695237379,0.12665783221905047,0.13257874406306938,0.1102552936937599,0.12364936391534559,4031.096610565491
1324,72.85937952980072,19.086399568810695,40.478933299999994,47.28421112000001,44.53315740500002,1.807762244324557,-0.009068425744771957,0.7296671271324158,0.18103234632959905,0.1383048215516401,-0.29444804787635803,0.3047381639480591,0.09019963102520637,0.08361378059445818,12.0,0.0712385801549642,1477.902275092897,1518.5671856064978,0.006099894198897948,0.9098003689747937,0.18103234632959905,0.22402732839368647,0.1463391695887071,0.19295206487169472,4122.979448750553
1325,72.86412989218478,19.086399568810695,41.22064364000005,47.67728341999998,45.63920591812502,1.5390428346146883,-0.03215603530406952,0.697638750076294,0.15269929705925708,0.13240271208667512,-0.23571428656578064,0.3260210156440735,0.11042607145489387,0.08781858613759513,13.0,0.16520077021328733,3163.5916763194555,528.3292466703797,0.002122232415805589,0.8895739285451061,0.15269929705925708,0.5195146663360763,0.05091329771905466,0.33207411888926763,4271.727865083495
1326,72.86888025456884,19.086399568810695,43.39450436000004,48.36088742000004,46.45383401812502,1.0741521746795706,-0.020946471020579338,0.687839150428772,0.13213946648363797,0.10767093712321296,-0.21507352590560913,0.3178677260875702,0.12231983112839033,0.06804401554318837,7.0,0.0659735928483105,2346.301426345303,0.0,0.0,0.8776801688716097,0.13213946648363797,0.20747027408729027,0.0,0.12448216445237416,4471.670620612247
1327,72.8736306169529,19.086399568810695,43.95847766000003,48.54887852000002,46.15128828500002,1.0366649858883397,-0.016344724223017693,0.5089011788368225,0.15530501455630896,0.08209402212302444,-0.16507874429225922,0.2853492200374603,0.1286020991487323,0.04857993894392702,0.0,0.0,0.0,462.7746160788728,0.0018589076747956448,0.8713979008512677,0.15530501455630896,0.0,0.04459602029176443,0.017838408116705774,4716.301208846526
1328,72.87838097933695,19.086399568810695,38.14442564000001,45.70850389999998,42.93336836312502,1.9042182543573347,-0.052813854068517685,0.704421877861023,0.16592778043926887,0.1125471951376748,-0.40612390637397766,0.3576119542121887,0.07248369324882076,0.08966614100942254,19.0,0.031376965871059384,411.1204244915577,4900.250857760066,0.01968369398714302,0.9275163067511792,0.16592778043926887,0.09867262685335092,0.4722205563888547,0.24809179866755243,4470.274326811298
1329,72.88313134172101,19.086399568810695,39.92521406000003,44.53954106000003,42.487423566250015,1.0427147615929329,0.020768890157341957,0.7261843085289001,0.1842359780365566,0.12402885844359673,-0.3180076479911804,0.25775977969169617,0.057127466741597875,0.07691506900925157,29.0,0.0704389671456049,604.6815115798131,4580.625260691853,0.018399797993699042,0.9428725332584021,0.1842359780365566,0.22151274758865172,0.4414193215817323,0.30947537718588397,4029.063483856489
1330,72.88788170410507,19.086399568810695,39.11856134000004,43.57907743999999,41.18139924125002,1.0845966158397067,-0.004355942830443382,0.5749500393867493,0.1468726967865566,0.1056419918001826,-0.25265589356422424,0.38655462861061096,0.058499899810215215,0.07979761573342747,38.0,0.32037219378088844,2098.8573726941345,2928.80335937753,0.011764636290652225,0.9415001001897848,0.1468726967865566,1.0,0.2822388469620105,0.7128955387848042,3533.7309322317756
1331,72.89263206648913,19.086399568810695,39.39883898000005,44.324205800000016,41.71810796750002,1.2044813286963747,0.009506563656032085,0.7069215178489685,0.2189137124115566,0.15407320694714272,-0.3006826341152191,0.24207526445388794,0.05439785939342571,0.0889118009106691,19.0,0.10680056624266286,1399.3671124881082,4781.852235397702,0.019208101549382524,0.9456021406065743,0.2189137124115566,0.335860786026761,0.46081088269039716,0.3858408246922155,3039.8414125217246
1332,72.89738242887319,19.086399568810695,37.95643454000003,42.74508056000002,40.39701391625002,1.0986573761187244,-0.010351967066526413,0.6682464480400085,0.25363689716045673,0.1487930716802244,-0.2801547050476074,0.30053529143333435,0.037445317781888525,0.10014390105617876,40.0,0.15157911130725776,943.3895775445706,3162.678355130819,0.012704082858038045,0.9625546822181115,0.25363689716045673,0.47667799207376343,0.3047765871361008,0.40791743009869835,2548.234112587979
1333,72.90213279125724,19.086399568810695,37.27624856,41.66498624000002,38.80519536750002,1.0379460213058123,0.031185030937194824,0.6937386989593506,0.2802615529186321,0.14104718180503267,-0.30952903628349304,0.28109273314476013,-0.006820928465645268,0.08619602785015996,94.0,0.17867352729308597,473.19927030737784,5899.235310202503,0.023696489419575015,1.0068209284656453,0.2802615529186321,0.5618830819911725,0.5684893001020732,0.5645255692355329,2060.543166069706
1334,72.9068831536413,19.086399568810695,37.28992063999999,41.347110380000004,39.57676591000002,0.9032198941628515,0.006812308914959431,0.6558082103729248,0.2009793493882665,0.12246578955976525,-0.236123189330101,0.3722391724586487,0.039045651993661556,0.08903984174409219,182.0,0.23896884016270464,326.87491739483806,5939.739651497884,0.02385919028578608,0.9609543480063385,0.2009793493882665,0.7514966007819573,0.5723925661057676,0.6798549869114815,1580.398352732829
1335,72.91163351602536,19.086399568810695,36.95837270000004,42.81344095999998,38.91339217625002,1.2221660164791974,-0.01365409605205059,0.6829046607017517,0.2027697062942217,0.1337440602900596,-0.2584126889705658,0.4354884624481201,0.03283326922722583,0.09750149934278196,128.0,0.22870009591863227,444.8033872633585,9261.442284935962,0.03720205375354931,0.9671667307727742,0.2027697062942217,0.7192039956520772,0.8924937836253659,0.7885199108413927,1117.5685817028245
1336,72.91638387840942,19.086399568810695,36.84557804000002,42.93648968000002,39.97445491062502,1.489915819050837,0.0010168802691623569,0.7064197659492493,0.23046395931603775,0.15037675277216284,-0.3333333432674408,0.37038496136665344,0.012367101705299234,0.09569536246019344,59.0,0.11373863507641162,479.9187406020514,6914.005791954116,0.02777269535469624,0.9876328982947008,0.23046395931603775,0.3576792588494247,0.6662792899228752,0.4811192712788049,706.9228272608239
1337,72.92113424079348,19.086399568810695,33.51300853999999,42.77584274000003,39.61874346812502,2.2707285972660314,0.014804845675826073,0.7540281414985657,0.3326301085274175,0.20760551514337777,-0.37991267442703247,0.2618406414985657,-0.014561364515772406,0.153472946301824,12.0,0.01737044056797569,360.3639148749697,3436.0966493510095,0.01380236990295414,1.0145613645157725,0.3326301085274175,0.05462564505075598,0.3311249808757977,0.1652253793807727,499.7398160065649
1338,72.92588460317754,19.086399568810695,32.40557006000006,41.9486819,35.15635988375002,2.045910972126822,0.050423916429281235,0.790522038936615,0.5435996462264151,0.1572067474340984,-0.4337517321109772,0.27905187010765076,-0.18417343427550117,0.14591326353688044,0.0,0.0,0.0,355.0644144157258,0.0014262492843637774,1.1841734342755013,0.5435996462264151,0.0,0.03421635344724358,0.013686541378897433,0.0
1339,72.9306349655616,19.086399568810695,32.333791640000015,38.968168460000015,34.597909450625025,1.5918267601122396,0.1278008371591568,0.7088980674743652,0.4827613686615566,0.13917358863565987,-0.38483697175979614,0.2901296019554138,-0.13862306990713444,0.15611071936128007,0.0,0.0,0.0,0.0,0.0,1.1386230699071345,0.4827613686615566,0.0,0.0,0.0,0.0
1340,72.93538532794565,19.086399568810695,32.251759160000006,38.41444922000005,35.91779923625002,1.1749518313321394,0.07400232553482056,0.6488658785820007,0.39881009615384616,0.1128670374776736,-0.32105934619903564,0.2636781930923462,-0.0666974111703726,0.11113643857945288,0.0,0.0,0.0,0.0,0.0,1.0666974111703726,0.39881009615384616,0.0,0.0,0.0,499.7398160065649
1341,72.94013569032971,19.086399568810695,31.65360566000004,39.52872374000003,35.07664587687502,1.930705253040125,0.10460250824689865,0.6747555136680603,0.45434768388856134,0.1637674159625037,-0.3792531192302704,0.3002553880214691,-0.1184805009949882,0.1883567305795888,0.0,0.0,0.0,0.0,0.0,1.1184805009949883,0.45434768388856134,0.0,0.0,0.0,0.0
1342,72.94488605271377,19.086399568810695,32.08769419999999,38.985258560000034,34.498703793750025,1.4501380926638148,0.11121495068073273,0.6745762825012207,0.4721448444870283,0.15497000405357692,-0.41500943899154663,0.30434781312942505,-0.15959182451356133,0.1611364644286531,0.0,0.0,0.0,0.0,0.0,1.1595918245135612,0.4721448444870283,0.0,0.0,0.0,0.0
1343,72.94963641509783,19.086399568810695,0.0,35.659525099999996,19.439389125294127,16.28034608978401,0.0,0.6822621822357178,0.3049392181972288,0.272321400365983,-0.47406914830207825,0.15553951263427734,-0.1301821611512382,0.13690625714710541,0.0,0.0,0.0,0.0,0.0,1.1301821611512382,0.3049392181972288,0.0,0.0,0.0,499.7398160065649
1344,72.80237518119202,19.09089112468565,28.584223700000052,29.332770080000046,28.92766769000002,0.1480539190125363,-0.18840579688549042,-0.015009380877017975,-0.10060367224351414,0.027946413561465544,-0.06479156017303467,0.08220603317022324,0.007299846433243662,0.021999347323227655,0.0,0.0,0.0,0.0,0.0,0.9927001535667563,0.0,0.0,0.0,0.0,6362.219192379366
1345,72.80712554357608,19.09089112468565,28.88842748000002,29.42163860000005,29.17011254000002,0.09661143960755984,-0.1897616982460022,-0.02589641511440277,-0.08385300546322229,0.021738967709792483,-0.04547830671072006,0.07746835798025131,0.021241147023326946,0.018528083184225077,0.0,0.0,0.0,0.0,0.0,0.9787588529766731,0.0,0.0,0.0,0.0,6019.342603169216
1346,72.81187590596014,19.09089112468565,28.83373916000005,29.500253059999977,29.133022883529435,0.12751154665715742,-0.16765646636486053,-0.024413594976067543,-0.08013333302623821,0.02198936580860316,-0.048856548964977264,0.0837642177939415,0.011328679930489019,0.018427181460500992,0.0,0.0,0.0,0.0,0.0,0.988671320069511,0.0,0.0,0.0,0.0,5699.70090133885
1347,72.8166262683442,19.09089112468565,28.898681539999984,29.626719800000046,29.37758412000002,0.14462072617980035,-0.19283455610275269,-0.028142588213086128,-0.09372002234825721,0.026539729147374434,-0.10253316909074783,0.07700709998607635,0.012520989638108474,0.02384676150740213,0.0,0.0,0.0,0.0,0.0,0.9874790103618916,0.0,0.0,0.0,0.0,5407.416020898077
1348,72.82137663072825,19.09089112468565,29.13452491999999,29.80103882000003,29.532647374117666,0.13571387718383818,-0.2175469994544983,-0.046090107411146164,-0.13825444059551886,0.026466063532767002,-0.0918114110827446,0.12891985476016998,0.017321889625405366,0.03942773722061862,0.0,0.0,0.0,0.0,0.0,0.9826781103745946,0.0,0.0,0.0,0.0,5147.150507742591
1349,72.82612699311231,19.09089112468565,29.452400780000005,42.18794330000003,33.58741191000002,4.142252075955264,-0.23204420506954193,0.6290038824081421,-0.010388709014316775,0.16798560443593744,-0.28126025199890137,0.32497814297676086,-4.189689204377948e-06,0.08617360189597036,45.0,0.07694602296225428,425.68208461536926,2166.864057809971,0.008704021541698559,1.0000041896892045,0.0,0.24197579341496547,0.20881334052064512,0.22871081225723733,4923.984295628062
1350,72.83087735549637,19.09089112468565,36.53112020000003,44.13621469999998,39.982605520000014,1.9098561627451542,0.023474179208278656,0.8056936264038086,0.3218020341981132,0.184333368764631,-0.4326574206352234,0.2732495367527008,-0.0021783267327074736,0.12372918365064409,60.0,0.08888491792249896,368.79798034535276,1499.2758096830262,0.006022403157869463,1.0021783267327076,0.3218020341981132,0.27952060040155,0.14448012511598138,0.22550441028732254,4743.156860760151
1351,72.83562771788043,19.09089112468565,37.25915845999998,44.01658400000002,40.79712849058826,1.3706802800194178,-0.0024691359139978886,0.7630910277366638,0.2062137704525354,0.1588846286788451,-0.4189131259918213,0.3335209786891937,0.054859814913767686,0.10148735064157464,74.0,0.20076155657243017,675.3992021105188,5777.329837317971,0.02320681040246569,0.9451401850862323,0.2062137704525354,0.631344351126085,0.5567416831119721,0.6015032839204398,4609.653494125967
1352,72.84037808026449,19.09089112468565,39.09121718000006,43.64060180000001,40.91961214000002,0.8923397362571555,-0.0014347202377393842,0.7097849249839783,0.2229726193985849,0.145376339897486,-0.2650049924850464,0.35083532333374023,0.03936110010686911,0.08568836877992451,109.0,0.19954396331010388,455.7469853943776,6769.221763160588,0.027191116043815775,0.9606388998931309,0.2229726193985849,0.6275153280737481,0.6523269440904514,0.6374399744804294,4527.662347612367
1353,72.84512844264854,19.09089112468565,38.02821296000002,47.00393348,43.005855380000014,2.572872823188482,-0.0016339869471266866,0.6598202586174011,0.16115595979510614,0.11416190525031594,-0.2925519347190857,0.2824765145778656,0.08231349729142098,0.08837025699633383,31.0,0.05426279067225334,435.76479402737715,6476.2777603938775,0.026014396673072277,0.917686502708579,0.16115595979510614,0.17064276125446698,0.6240969240378642,0.3520244263678259,4500.000000001451
1354,72.8498788050326,19.09089112468565,40.03800871999999,47.63284915999998,44.6715783447059,2.0711806436793014,-0.026631157845258713,0.5912653803825378,0.10716894761571344,0.10118058895208311,-0.19896212220191956,0.31842032074928284,0.08654281904112618,0.0705787712174299,14.0,0.03084304242316629,548.454853722257,2124.337768194368,0.008533198762314407,0.9134571809588738,0.10716894761571344,0.09699357256369436,0.2047152262145924,0.14008223402405356,4500.000000001451
1355,72.85462916741666,19.09089112468565,42.45113084000002,47.615759060000016,45.932339530000014,1.0579026686203965,-0.04757085070014,0.48613226413726807,0.05438647930438702,0.06686958038081209,-0.1711973398923874,0.35741350054740906,0.11075695331280049,0.06823260669635828,6.0,0.28420410008864416,11792.09033077472,0.0,0.0,0.8892430466871996,0.05438647930438702,0.8937500596290879,0.0,0.5362500357774528,4527.662347612367
1356,72.85937952980072,19.09089112468565,45.95118332000004,48.008831360000045,46.97454323882354,0.44265136171456976,-0.01920236274600029,0.3132678270339966,0.0523028564453125,0.06294969656283628,-0.09054224193096161,0.29235702753067017,0.09587003887824293,0.06088231695054524,0.0,0.0,0.0,0.0,0.0,0.904129961121757,0.0523028564453125,0.0,0.0,0.0,4609.653494125967
1357,72.86412989218478,19.09089112468565,45.67090568000003,49.188048260000016,47.27261666000002,0.9051308555609848,-0.025112684816122055,0.30942896008491516,0.10349125700176887,0.07064663227130943,-0.1287490874528885,0.2812085747718811,0.1314764404296875,0.05792994367181874,0.0,0.0,0.0,0.0,0.0,0.8685235595703125,0.10349125700176887,0.0,0.0,0.0,4743.156860760151
1358,72.86888025456884,19.09089112468565,45.571783100000005,48.2378387,46.62703534000002,0.5418576251911316,-0.05293072760105133,0.2839912176132202,0.06831720891988502,0.06675481622076265,-0.1271241158246994,0.30194902420043945,0.11714978487986438,0.056228363270874986,3.0,0.004991160840061885,414.1827613540954,0.0,0.0,0.8828502151201356,0.06831720891988502,0.01569593928107415,0.0,0.00941756356864449,4923.984295628062
1359,72.8736306169529,19.09089112468565,44.95995751999999,47.31155527999999,46.18456667176473,0.5791243637776271,-0.02525252476334572,0.3107476532459259,0.06838481399248231,0.07505142143242764,-0.16730435192584991,0.2989104688167572,0.0987880490860849,0.05294207527047023,0.0,0.0,0.0,0.0,0.0,0.9012119509139151,0.06838481399248231,0.0,0.0,0.0,5096.335290909309
1360,72.87838097933695,19.09089112468565,42.10249280000005,47.32864538000001,45.44389777000002,0.994140434043054,-0.03179190680384636,0.6260651350021362,0.09550698910119398,0.07799360741236734,-0.37743768095970154,0.30276212096214294,0.10602752109743514,0.060916344972812446,1.0,0.0004417392443696311,109.97087805482353,630.8855252254941,0.0025341881425909366,0.8939724789025648,0.09550698910119398,0.0013891582699641746,0.06079629847273521,0.02515201435107259,4607.367258192898
1361,72.88313134172101,19.09089112468565,41.68891238000003,46.457050279999976,44.258749600000016,1.020559670438738,0.011808117851614952,0.6089443564414978,0.15149024819428067,0.09362628756681143,-0.19597989320755005,0.26307883858680725,0.09674150574882076,0.06326771642533063,21.0,0.037654633621346766,446.3862825510202,8301.710880192772,0.033346932897664994,0.9032584942511792,0.15149024819428067,0.11841430519085895,0.8000077229956354,0.3910516723127695,4120.9811179275675
1362,72.88788170410507,19.09089112468565,41.68207633999998,45.57861914,43.93425584352943,0.6994945547787702,0.007660577539354563,0.5462391972541809,0.1233318400832842,0.06933230639031181,-0.15229515731334686,0.2637923061847687,0.12163592644457547,0.04909333187788237,9.0,0.018264206165433495,505.2077453152125,5523.913253345276,0.022188867722595255,0.8783640735554246,0.1233318400832842,0.05743631194744463,0.5323207863547701,0.24739010171037484,3638.21252330186
1363,72.89263206648913,19.09089112468565,37.44031352000002,44.67626186000001,41.31137755000002,1.608648613210841,0.05396654084324837,0.6664769649505615,0.24896180350825473,0.15720253655685823,-0.2933177053928375,0.20949658751487732,0.040454043982163915,0.09821194656329361,12.0,0.019454156495357085,403.592296224309,5619.550649102155,0.022573031163702476,0.9595459560178361,0.24896180350825473,0.061178404964375585,0.5415370378379725,0.25332185811381436,3160.719541979765
1364,72.89738242887319,19.09089112468565,37.72742720000002,45.045408020000025,42.61534955176473,1.9409391682903954,0.021090632304549217,0.6388719081878662,0.16826509915865384,0.11365576220035187,-0.25108790397644043,0.26155921816825867,0.09522682189941406,0.07702459940351848,33.0,0.04825865801125764,364.0600376043582,6026.584519128444,0.024208035242588005,0.9047731781005859,0.16826509915865384,0.1517612816343203,0.5807615114725291,0.3233613735696038,2691.3116410669354
1365,72.90213279125724,19.09089112468565,37.06774933999998,45.127440500000034,40.40211721000002,2.1358361056132327,0.004206983372569084,0.6991651058197021,0.2111295419369104,0.147030887409967,-0.2954859137535095,0.33006855845451355,0.04757433045585201,0.10291857254698544,72.0,0.15298476491362056,528.9655587102931,7386.45850863455,0.029670478747520938,0.952425669544148,0.2111295419369104,0.481098417374147,0.7118079559471778,0.5733822328033593,2235.0886657086717
1366,72.9068831536413,19.09089112468565,37.573616300000026,44.00974796000003,40.17432740000002,1.6493774026585026,0.015813253819942474,0.7234390377998352,0.2670646235627948,0.1630636016759251,-0.3269188702106476,0.3802899420261383,0.013240434178766214,0.10297468905122578,56.0,0.1032708615294128,459.09385718822233,7198.435187026906,0.02891521261270457,0.9867595658212338,0.2670646235627948,0.3247607568682923,0.6936887861085488,0.47233196856439486,1802.0923965667457
1367,72.91163351602536,19.09089112468565,38.40077714000006,45.41113616000001,41.76553989411766,1.6400511444114554,-0.015376859344542027,0.6947115659713745,0.1885077480100236,0.13640411843109296,-0.3133077323436737,0.37285831570625305,0.05480912118587854,0.0951668812354346,63.0,0.14675927021346222,579.9315051924011,7584.88958197526,0.030467551517579954,0.9451908788141214,0.1885077480100236,0.4615208100920858,0.73093008552334,0.5692845202645875,1413.8264871954148
1368,72.91638387840942,19.09089112468565,36.44908772000002,42.28706588,39.34779208000002,1.18309910531771,-0.00931183248758316,0.7276995182037354,0.21874617666568397,0.15698150570727626,-0.35482287406921387,0.39209726452827454,0.02905921216280955,0.11005670407307395,56.0,0.14413140865971855,640.740702300776,5288.0172102842325,0.02124130286129059,0.9709407878371904,0.21874617666568397,0.4532568497212719,0.5095882847058373,0.475789423715098,1117.5443328543358
1369,72.92113424079348,19.09089112468565,34.39143968000002,42.246049640000024,39.168669960000024,1.781933466263867,0.030522087588906288,0.7626459002494812,0.3673893996904481,0.20663079128447648,-0.3867033123970032,0.3468734920024872,-0.04383109614534198,0.12936068957572647,5.0,0.02256106163184922,1123.314167408404,0.0,0.0,1.043831096145342,0.3673893996904481,0.07094883632034713,0.0,0.042569301792208275,706.9132435977074
1370,72.92588460317754,19.09089112468565,33.27716515999998,45.56152903999998,39.37950173882355,2.793129623740605,0.031005917116999626,0.7706692814826965,0.3375440835053066,0.19317449347901042,-0.4337517321109772,0.25845804810523987,0.01985047826227152,0.14611011173960856,0.0,0.0,0.0,0.0,0.0,0.9801495217377285,0.3375440835053066,0.0,0.0,0.0,499.7262590395569
1371,72.9306349655616,19.09089112468565,33.14044436000006,46.08448610000005,36.93978582000002,2.5615462636800563,0.0720268040895462,0.6966369152069092,0.4281343510465802,0.15408456812820923,-0.33887964487075806,0.30112722516059875,-0.07882389860333137,0.15979615819858792,0.0,0.0,0.0,0.0,0.0,1.0788238986033314,0.4281343510465802,0.0,0.0,0.0,0.0
1372,72.93538532794565,19.09089112468565,30.37868420000001,39.23819204000006,35.19021557882355,2.2795814938109213,0.13771475851535797,0.6786554455757141,0.4343461256760817,0.14761862179720148,-0.3907076418399811,0.2695591449737549,-0.09338867774376503,0.17090881262616467,0.0,0.0,0.0,0.0,0.0,1.0933886777437651,0.4343461256760817,0.0,0.0,0.0,0.0
1373,72.94013569032971,19.09089112468565,30.300069740000026,36.756709520000015,34.38996524000002,1.566869731833917,0.1409289389848709,0.6852656006813049,0.44645438716096697,0.13703485448694339,-0.4215446710586548,0.15099608898162842,-0.140925028099204,0.1346414229851957,0.0,0.0,0.0,0.0,0.0,1.140925028099204,0.44645438716096697,0.0,0.0,0.0,0.0
1374,72.94488605271377,19.09089112468565,30.573511339999982,37.38220718000002,34.00375132000002,1.3911969701226397,-0.10191518813371658,0.6407854557037354,0.32564483066774763,0.19830684211994884,-0.38009050488471985,0.17308001220226288,-0.1413828608674823,0.10499099487063658,0.0,0.0,0.0,0.0,0.0,1.1413828608674823,0.32564483066774763,0.0,0.0,0.0,499.7262590395569
1375,72.94963641509783,19.09089112468565,0.0,35.01010130000003,19.7103529564706,16.504125397972683,0.0,0.5905637741088867,0.29766972379864387,0.2537768264055667,-0.28486788272857666,0.0,-0.11534205022847878,0.10255862378185705,0.0,0.0,0.0,0.0,0.0,1.1153420502284788,0.29766972379864387,0.0,0.0,0.0,706.9132435977074
1376,72.80237518119202,19.095382680560608,28.83715718000002,29.339606119999985,29.031716240000016,0.10958450426580472,-0.2100694477558136,-0.0028275211807340384,-0.10164403375589623,0.027455867921136676,-0.08661417663097382,0.12338028103113174,0.00491476130935381,0.02518413781444138,0.0,0.0,0.0,0.0,0.0,0.9950852386906461,0.0,0.0,0.0,0.0,6725.082550053355
1377,72.80712554357608,19.095382680560608,28.98071402000005,29.387458400000014,29.15425114000002,0.09376811500848169,-0.20198675990104675,-0.010348071344196796,-0.09433221205225531,0.02817719367868009,-0.07193515449762344,0.0857427716255188,0.004715454893292121,0.022802424045509872,0.0,0.0,0.0,0.0,0.0,0.9952845451067078,0.0,0.0,0.0,0.0,6401.688684932609
1378,72.81187590596014,19.095382680560608,28.946533820000013,29.418220580000025,29.190809892941193,0.09431577323070246,-0.16942909359931946,0.015697138383984566,-0.0788241289246757,0.024147875539418343,-0.060055095702409744,0.08761682361364365,0.005983693104869915,0.0202071684832598,0.0,0.0,0.0,0.0,0.0,0.9940163068951301,0.0,0.0,0.0,0.0,6102.124736158963
1379,72.8166262683442,19.095382680560608,28.908935600000007,29.657481980000057,29.340946520000013,0.1628774500078712,-0.16417910158634186,0.005681818351149559,-0.0699252671461839,0.024271112468732554,-0.0828157365322113,0.08514013886451721,0.006544774862436148,0.022188750349788938,0.0,0.0,0.0,0.0,0.0,0.9934552251375639,0.0,0.0,0.0,0.0,5830.065191366113
1380,72.82137663072825,19.095382680560608,29.380622360000018,29.879653280000014,29.615898041176493,0.10696921615241528,-0.21661721169948578,-0.027804410085082054,-0.10820173155586675,0.032271779265096015,-0.053787048906087875,0.1506090760231018,0.03286689614349941,0.025978590643044752,0.0,0.0,0.0,0.0,0.0,0.9671331038565005,0.0,0.0,0.0,0.0,5589.5276668607075
1381,72.82612699311231,19.095382680560608,29.578867520000017,44.72753216000001,34.61888322000002,5.033102074310024,-0.24081632494926453,0.6046440601348877,0.015543549735591097,0.1929106248295585,-0.21081556379795074,0.2415824979543686,0.024770170967533905,0.07627754587907618,15.0,0.02582122159462441,428.5457914221388,1221.8703374786364,0.004908100118345874,0.9752298290324661,0.015543549735591097,0.08120121536843926,0.11774750055611359,0.095819729443509,5384.7381092037
1382,72.83087735549637,19.095382680560608,38.43837536000001,45.96827342000006,42.081303310000024,1.7176676392414563,-0.012190326116979122,0.7664415836334229,0.2893345095076651,0.14993679785060834,-0.367078959941864,0.2831922471523285,0.06946920142983491,0.11381422501161838,47.0,0.060286866044977086,319.3276749364953,67.04121650111102,0.00026929617042848256,0.9305307985701651,0.2893345095076651,0.18958695566229808,0.006460534669772292,0.11633638726528775,5219.905653736166
1383,72.83562771788043,19.095382680560608,38.74599716,46.95608120000003,44.564602597647074,1.9013873957568401,0.022289767861366272,0.7271634340286255,0.23559805240271225,0.1121667089953327,-0.304880827665329,0.3761814832687378,0.154282756301592,0.08945444268039171,11.0,0.035018380431449066,792.5288490456823,0.0,0.0,0.845717243698408,0.23559805240271225,0.11012395524540232,0.0,0.06607437314724139,5098.9068560025435
1384,72.84037808026449,19.095382680560608,37.35486302000004,44.68993394000006,39.60633290000002,1.448831710068005,-0.007830853573977947,0.7343151569366455,0.2658020480173939,0.16470202668394676,-0.29649484157562256,0.2857142984867096,0.011497671739110408,0.09831311909383116,101.0,0.1881399466480382,463.73657641518184,5683.237512061124,0.022828853316052135,0.9885023282608896,0.2658020480173939,0.5916525781396224,0.547674324832886,0.5740612768169278,5024.909231176173
1385,72.84512844264854,19.095382680560608,35.94322076000003,41.51801138000002,38.53811229000002,1.1295209640068185,-0.0036179448943585157,0.6747921109199524,0.2285487221771816,0.13206845140191625,-0.2584053874015808,0.28589263558387756,0.00543049470433649,0.07902460039325687,164.0,0.21360666782942198,324.2520018117207,8659.521577104952,0.03478421365487201,0.9945695052956635,0.2285487221771816,0.6717389793115967,0.8344887263732846,0.7368388781362718,5000.000000001612
1386,72.8498788050326,19.095382680560608,36.53795624000003,44.638663640000004,38.6158048964706,1.8870285293652935,0.01050929632037878,0.6960537433624268,0.24510527988649763,0.13890011186144688,-0.2748892605304718,0.2944892942905426,-0.004835707826434442,0.08313266134615353,161.0,0.2213441536499547,342.25822062668715,7409.813316697966,0.02976429208655046,1.0048357078264345,0.24510527988649763,0.696071416497842,0.7140585795944542,0.7032662817364869,5000.000000001612
1387,72.85462916741666,19.095382680560608,38.33583476000001,47.055203780000056,42.05450648000002,1.7679976161334954,-0.06240639090538025,0.665507435798645,0.18655780498798077,0.14007930783748407,-0.21985815465450287,0.5419222712516785,0.040964783888596756,0.09472538811468915,25.0,0.1485530475300554,1479.2898102510756,3803.589155871691,0.015278541276806577,0.9590352161114033,0.18655780498798077,0.4671617863593755,0.36653898741040525,0.4269126667797874,5024.909231176173
1388,72.85937952980072,19.095382680560608,43.606421599999976,49.63580888000001,47.502278430588255,1.2625588332340254,-0.04409005492925644,0.5787831544876099,0.08925585476857312,0.07508006651594126,-0.20967532694339752,0.2876834273338318,0.11205727631191038,0.06276943718095858,8.0,0.03615702584161812,1125.16035487401,0.0,0.0,0.8879427236880896,0.08925585476857312,0.11370470725748646,0.0,0.06822282435449188,5098.9068560025435
1389,72.86412989218478,19.095382680560608,39.53555978000003,49.67340710000002,45.540373060000015,2.917007465463621,-0.06650970876216888,0.6499691009521484,0.1299059943433078,0.11285594036011136,-0.20569752156734467,0.3046841323375702,0.10469406415831368,0.08273770001627054,21.0,0.2690839204681505,3189.922710705584,0.0,0.0,0.8953059358416863,0.1299059943433078,0.8462009164844121,0.0,0.5077205498906472,5219.905653736166
1390,72.86888025456884,19.095382680560608,43.83542894000004,49.12994192000002,46.245669200000016,1.2091304062088641,-0.07229456305503845,0.4565143883228302,0.0354675264178582,0.052395804196907036,-0.18369217216968536,0.3495756983757019,0.08528141813458137,0.06546399867237111,4.0,0.18996117015389194,11822.696842316938,0.0,0.0,0.9147185818654187,0.0354675264178582,0.5973798657348646,0.0,0.35842791944091873,5384.7381092037
1391,72.8736306169529,19.095382680560608,43.93796954000004,50.42878952000001,47.25531761529414,1.3329598020690245,-0.03171806037425995,0.14476317167282104,0.02071518808040979,0.023778987616884503,-0.22331134974956512,0.40405523777008057,0.07043000994988208,0.06377413613682895,0.0,0.0,0.0,0.0,0.0,0.929569990050118,0.02071518808040979,0.0,0.0,0.0,5217.401475288461
1392,72.87838097933695,19.095382680560608,40.94378402000001,48.777885860000026,45.61177170000001,1.7428317193715985,-0.03220339119434357,0.7525355219841003,0.0635913776901533,0.11004796096695252,-0.49817928671836853,0.41973766684532166,0.06427871416199882,0.08619269623862294,5.0,0.019959238324757378,993.7695107942066,0.0,0.0,0.9357212858380012,0.0635913776901533,0.0627667596538515,0.0,0.0376600557923109,4740.9635418359285
1393,72.88313134172101,19.095382680560608,39.39883898000005,45.64697954000002,42.92475001000002,1.736110197018412,0.007719298359006643,0.711521565914154,0.16882824016067216,0.10976288556070588,-0.47062158584594727,0.32316339015960693,0.07004877054466392,0.07878488871727812,33.0,0.1134723261321237,856.0275196437932,5189.717809791306,0.02084644648054872,0.929951229455336,0.16882824016067216,0.35684178453162685,0.500115504854179,0.4141512726606477,4269.849882464199
1394,72.88788170410507,19.095382680560608,39.83292752,46.35109166000001,44.064802918823545,1.0552189606632065,0.036992840468883514,0.5751994848251343,0.14299772442511793,0.08409706722640493,-0.1724754273891449,0.23269130289554596,0.10402385207841981,0.06234511712067099,17.0,0.03672221907404188,537.7639739715676,7138.765945959778,0.0286755287443266,0.8959761479215802,0.14299772442511793,0.11548209711577188,0.6879386637099376,0.3444647237534382,3806.0381363865004
1395,72.89263206648913,19.095382680560608,38.506735760000026,46.180190659999994,43.365406510000014,2.083792567214926,0.015017667785286903,0.6443987488746643,0.1770072505159198,0.11376929831320523,-0.2716073989868164,0.28238093852996826,0.08564691507591392,0.07754213045810855,39.0,0.06925389632067112,442.07027539863924,4483.725457466303,0.018010563619894355,0.9143530849240861,0.1770072505159198,0.21778599938157484,0.4320814161721189,0.3035041660977925,3352.560235933745
1396,72.89738242887319,19.095382680560608,40.35246656000004,46.289567300000044,43.85358347529414,1.1295915474350309,0.005855037365108728,0.6071791648864746,0.14934637216421273,0.08868041889749549,-0.16060006618499756,0.288562148809433,0.11580345740685097,0.06309035401868798,12.0,0.0142115596861841,294.8303622439109,7668.666939006861,0.03080407466848155,0.8841965425931491,0.14934637216421273,0.04469176311315606,0.7390034252968745,0.32241642798664344,2914.2442482720357
1397,72.90213279125724,19.095382680560608,39.32364254000004,45.165038719999984,42.272924660000015,1.5766170123254195,0.012561687268316746,0.6172959208488464,0.2158056640625,0.1252369823578233,-0.24039894342422485,0.29637473821640015,0.06855223457768278,0.08930335875747236,52.0,0.07691319668040951,368.2215713993294,8050.607840616393,0.03233828343588577,0.9314477654223172,0.2158056640625,0.2418725630557025,0.7758097746657224,0.45544744769971046,2499.080731928437
1398,72.9068831536413,19.095382680560608,38.92715222000004,45.70508588000001,41.64021118000002,1.4334415607930941,0.0474422425031662,0.7586206793785095,0.30219079359522405,0.1678120597156115,-0.3647015392780304,0.23537330329418182,0.0243140310611365,0.1076770416460451,51.0,0.09327289882352774,455.2993255850051,7464.893813105734,0.02998554354232716,0.9756859689388635,0.30219079359522405,0.2933196912335351,0.7193665002325703,0.4637384148331492,2120.7109736812604
1399,72.91163351602536,19.095382680560608,38.55458804,44.915523259999986,41.01294866000002,1.9374428915864585,0.01425178162753582,0.6080517768859863,0.18660402693838443,0.11077738506630008,-0.22986748814582825,0.39392250776290894,0.06789538689379422,0.08203041186213754,99.0,0.1509157896443488,379.4994882244497,6989.9885944146645,0.02807790875607762,0.9321046131062057,0.18660402693838443,0.4745920131044479,0.6736014949069494,0.5541958058254486,1802.058554512398
1400,72.91638387840942,19.095382680560608,37.31726480000003,42.97408790000003,40.449801940000015,1.4084057996264447,-0.016779720783233643,0.6985215544700623,0.2106894899764151,0.13395963458193674,-0.2867102026939392,0.4325273931026459,0.03895079414799528,0.0844100049395168,26.0,0.059574280428262794,570.4231809641237,2378.7784712124785,0.00955525520012938,0.9610492058520047,0.2106894899764151,0.18734605401017349,0.22923481385099062,0.20410155794650034,1413.807315787507
1401,72.92113424079348,19.095382680560608,37.218142220000004,44.31053372000002,39.99580846000002,1.7505112309304436,0.015649806708097458,0.7420646548271179,0.2863046091907429,0.1769632868412101,-0.356448769569397,0.5220351219177246,0.017872451206423202,0.13500085131695994,18.0,0.24796600985701245,3429.504343631506,82.6662840239874,0.0003320601097810349,0.9821275487935768,0.2863046091907429,0.7797904253547645,0.007966269435897889,0.47106076298721783,1117.5200786445816
1402,72.92588460317754,19.095382680560608,37.49841986000001,47.814004220000015,42.99924405411766,2.050491526462676,0.012440191581845284,0.7229149341583252,0.19784435344192217,0.13897170410827928,-0.31475937366485596,0.2724384367465973,0.06291898331552181,0.092512423914772,1.0,0.017763299073708064,4422.169008492118,0.0,0.0,0.9370810166844782,0.19784435344192217,0.05586108575275355,0.0,0.03351665145165213,706.9036578937535
1403,72.9306349655616,19.095382680560608,35.45102588000003,51.942972380000015,43.503043250000026,4.243549115608778,0.042153049260377884,0.7207112908363342,0.2713213996167453,0.1861878252567746,-0.3469212055206299,0.34876295924186707,0.07116812652012088,0.16646057364428712,0.0,0.0,0.0,0.0,0.0,0.9288318734798792,0.2713213996167453,0.0,0.0,0.0,499.7126990015439
1404,72.93538532794565,19.095382680560608,30.361594100000048,45.61621736000001,35.4230667129412,3.026101985423381,0.05936073139309883,0.6873216032981873,0.4764098651592548,0.12843868969502337,-0.38631346821784973,0.27487418055534363,-0.14072465163010817,0.13419792049235127,0.0,0.0,0.0,0.0,0.0,1.1407246516301082,0.4764098651592548,0.0,0.0,0.0,0.0
1405,72.94013569032971,19.095382680560608,30.52565906000001,37.0267331,33.68184309000002,1.541453201542582,0.10497613996267319,0.6879886388778687,0.5286584242334905,0.12466099504453484,-0.45978960394859314,0.17774567008018494,-0.2241248249557783,0.11990824220821376,0.0,0.0,0.0,0.0,0.0,1.2241248249557783,0.5286584242334905,0.0,0.0,0.0,0.0
1406,72.94488605271377,19.095382680560608,30.840116899999998,34.42220186000003,32.376081260000014,0.7153945102982002,0.00882240105420351,0.6906534433364868,0.5727867500737028,0.11507095535730512,-0.454416960477829,-0.0192592591047287,-0.2838707344487028,0.07064098052901649,0.0,0.0,0.0,0.0,0.0,1.2838707344487028,0.5727867500737028,0.0,0.0,0.0,0.0
1407,72.94963641509783,19.095382680560608,0.0,32.84307662000003,18.905060348235303,15.818834158299584,-0.01092896144837141,0.6803404092788696,0.3322372954746462,0.2929136725243764,-0.46224555373191833,0.010706637986004353,-0.16557070174307192,0.14694617699249,0.0,0.0,0.0,0.0,0.0,1.1655707017430719,0.3322372954746462,0.0,0.0,0.0,499.7126990015439
1408,72.80237518119202,19.099874236435564,0.0,29.25073759999998,16.32523360062501,14.397754996611534,-0.24232082068920135,0.030364371836185455,-0.05187597886571344,0.054529146686932234,-0.06692344695329666,0.10021322220563889,0.0037311661918208285,0.01911605748683965,0.0,0.0,0.0,0.0,0.0,0.9962688338081792,0.0,0.0,0.0,0.0,7104.620844167333
1409,72.80712554357608,19.099874236435564,0.0,29.26440968000003,16.37929291000001,14.44529349068171,-0.19230769574642181,0.003610108280554414,-0.060330787514740566,0.05970799880956613,-0.06363166123628616,0.08065365999937057,2.929950660129763e-05,0.014641827169319409,0.0,0.0,0.0,0.0,0.0,0.9999707004933988,0.0,0.0,0.0,0.0,6799.3198549837325
1410,72.81187590596014,19.099874236435564,0.0,29.42847463999999,16.41091518000001,14.4734728779181,-0.16847290098667145,0.0,-0.04564632199845224,0.04533305957256038,-0.05685967579483986,0.06170094385743141,0.0038255299262280732,0.014917783893405305,0.0,0.0,0.0,0.0,0.0,0.9961744700737719,0.0,0.0,0.0,0.0,6518.071961416098
1411,72.8166262683442,19.099874236435564,0.0,29.626719800000046,16.57432180812501,14.617306430723142,-0.1733604520559311,0.0,-0.05333247258112981,0.05207938871550376,-0.058943089097738266,0.08291032165288925,0.0014980593094458946,0.01470801791340083,0.0,0.0,0.0,0.0,0.0,0.9985019406905541,0.0,0.0,0.0,0.0,6264.117827024412
1412,72.82137663072825,19.099874236435564,0.0,29.69166217999998,16.535207958750014,14.582910760127907,-0.2014652043581009,0.0,-0.06185759922243514,0.060379466667399004,-0.059379927814006805,0.06337271630764008,-0.00013454331541961094,0.013336508858006949,0.0,0.0,0.0,0.0,0.0,1.0001345433154196,0.0,0.0,0.0,0.0,6040.90064976366
1413,72.82612699311231,19.099874236435564,0.0,44.28660758000001,20.00289257125001,17.98310615508461,-0.20735357701778412,0.630885124206543,0.048889735959610846,0.1583576498175236,-0.25410571694374084,0.2142857164144516,-0.0013990009955640109,0.055601290858909254,31.0,0.051246794708287954,411.5444241617187,444.8151086135116,0.0017867665825598953,1.001399000995564,0.048889735959610846,0.16115821626797874,0.04286532346543108,0.11384105914695967,5851.938791768812
1414,72.83087735549637,19.099874236435564,0.0,43.41159446000006,20.57777267812501,18.346972962696395,0.0,0.8605731725692749,0.29087347066627356,0.33227336925095896,-0.5405956506729126,0.23098832368850708,-0.11506966069059552,0.19717096010476828,1.0,0.0010540621158571983,262.4085088264127,0.0,0.0,1.1150696606905954,0.29087347066627356,0.0033147589306639124,0.0,0.0019888553583983473,5700.639704254767
1415,72.83562771788043,19.099874236435564,0.0,45.486332600000026,23.93985820500001,21.179538966368924,0.0,0.7914057374000549,0.17816652693838445,0.20864097027319442,-0.3172435760498047,0.2726323902606964,0.027713870642320164,0.0971085732501868,1.0,0.001684286616369138,419.30274581425795,0.0,0.0,0.9722861293576799,0.17816652693838445,0.0052966556898471,0.0,0.00317799341390826,5590.062334685256
1416,72.84037808026449,19.099874236435564,0.0,44.75829434000002,21.84864710750001,19.31493460247426,0.0,0.7183257937431335,0.14110420658903303,0.16535147810549453,-0.28259512782096863,0.25458642840385437,0.010305604754753832,0.07081183452047503,72.0,0.10413814594148375,360.0717534330545,1263.553780409782,0.005075537288156861,0.9896943952452462,0.14110420658903303,0.3274881471302978,0.12176439258562616,0.24519864531242913,5522.653277767066
1417,72.84512844264854,19.099874236435564,0.0,40.23625388000005,21.49002797437501,18.97491422903393,0.0,0.6625310182571411,0.12098122650722287,0.14484559258530705,-0.21046745777130127,0.3265675902366638,0.009427730632278154,0.05639201922578594,81.0,0.1155020104554195,354.99009345268195,3265.409473275127,0.013116740893556234,0.9905722693677218,0.12098122650722287,0.36322462870737254,0.3146764365880387,0.343805351859639,5500.000000001773
1418,72.8498788050326,19.099874236435564,0.0,39.62442829999998,21.054923662500013,18.580661184130417,0.0,0.6806354522705078,0.14216287864829008,0.16630821894852035,-0.25531914830207825,0.2143089473247528,-0.00595565472009047,0.058262612563357435,93.0,0.1245665276249324,333.44953684772787,3625.820163786743,0.014564465499428426,1.0059556547200905,0.14216287864829008,0.3917302440670179,0.349407992531214,0.37480134345269633,5500.000000001773
1419,72.85462916741666,19.099874236435564,0.0,48.92486072000003,24.177446199375012,21.45649110937124,-0.008375209756195545,0.683883011341095,0.09872822688176082,0.12555162792223087,-0.28234484791755676,0.25,0.031191532428448018,0.06161730125752368,28.0,0.041045257160577754,364.9359587024506,2070.6049283336088,0.008317360674106244,0.968808467571552,0.09872822688176082,0.12907695921105888,0.19953717466745194,0.1572610453936161,5522.653277767066
1420,72.85937952980072,19.099874236435564,0.0,49.140195980000044,26.04284527500001,23.010079802069463,-0.02283737063407898,0.44609424471855164,0.04643023220997936,0.06489197573495102,-0.13875597715377808,0.3202933967113495,0.06631885456589033,0.07430916175597871,2.0,0.031893946127929375,3969.995087629983,0.0,0.0,0.9336811454341096,0.04643023220997936,0.10029839908978418,0.0,0.0601790394538705,5590.062334685256
1421,72.86412989218478,19.099874236435564,0.0,45.43848032000005,23.11750395562501,20.434597338198927,-0.003738317871466279,0.7831325531005859,0.16216672501474055,0.21056130130879672,-0.35237008333206177,0.3204784095287323,0.00785082403218971,0.09493538621926975,32.0,0.15086690146776469,1173.696207327597,0.0,0.0,0.9921491759678103,0.16216672501474055,0.47443827214601847,0.0,0.2846629632876111,5700.639704254767
1422,72.86888025456884,19.099874236435564,0.0,46.11524828000006,24.36951993437501,21.507233709955628,0.0,0.6736775040626526,0.12349184432119693,0.14599139935858813,-0.23026469349861145,0.3060157001018524,0.03614497346698113,0.06886932574959763,19.0,0.04533539398104175,594.0123877678365,0.0,0.0,0.9638550265330189,0.12349184432119693,0.14256835514064156,0.0,0.08554101308438493,5849.239813499943
1423,72.8736306169529,19.099874236435564,0.0,49.86139820000005,25.48398643875001,22.54211806211459,-0.042585551738739014,0.5705521702766418,0.03559963010392099,0.05553583562806952,-0.15723270177841187,0.3454667925834656,0.03629487811394458,0.05308658918583919,5.0,0.5671460727025033,28238.1755279368,0.0,0.0,0.9637051218860554,0.03559963010392099,1.0,0.0,0.6,5382.371470010651
1424,72.87838097933695,19.099874236435564,0.0,49.03765538000005,24.600236284375008,21.827270420721792,-0.04878048598766327,0.559487521648407,0.03785024966833726,0.07633496724946234,-0.23939275741577148,0.298290878534317,0.029918636106095225,0.059374731300132585,9.0,0.05732019640791351,1585.5387814814344,0.0,0.0,0.9700813638939048,0.03785024966833726,0.18025752950624202,0.0,0.1081545177037452,4921.954625894069
1425,72.88313134172101,19.099874236435564,0.0,42.65963006000004,23.036966859375006,20.33103032163757,0.0,0.6637609004974365,0.11730883328419811,0.13703530150253806,-0.4261315166950226,0.32789191603660583,0.0251591664440227,0.062242079719137,41.0,0.16742425737933436,1016.5909362050801,333.8857526728998,0.0013411772525630306,0.9748408335559773,0.11730883328419811,0.5265069714668581,0.03217543764067196,0.32877435793638365,4469.983276295236
1426,72.88788170410507,19.099874236435564,0.0,46.78859822000004,24.97451296500001,22.087319162151704,0.0,0.6755229234695435,0.07823123572007665,0.10407747572119938,-0.20735861361026764,0.33180177211761475,0.054709184754569574,0.07570463494826761,24.0,0.05308495595790953,550.6452894817676,3705.218857235603,0.014883400107102927,0.9452908152454305,0.07823123572007665,0.1669387687862033,0.3570593753451354,0.24298701140977613,4029.300447246616
1427,72.89263206648913,19.099874236435564,0.0,46.42970611999999,25.096383250000013,22.144883846814434,0.0,0.5270394086837769,0.07369721610591097,0.09153583833748867,-0.14031484723091125,0.2692496180534363,0.0628377950416421,0.07346220228793399,23.0,0.03540121475027215,383.1792978516602,2797.4548906394743,0.01123702594184214,0.9371622049583579,0.07369721610591097,0.11132787241327383,0.2695812404866023,0.17462921964260522,3604.0494101535446
1428,72.89738242887319,19.099874236435564,0.0,47.77982401999998,25.750340673750006,22.72999588748948,0.0,0.5461965203285217,0.07451522827148438,0.08800067071125951,-0.09068292379379272,0.26952505111694336,0.07025222778320313,0.07781104375982105,2.0,0.0011494890225262726,143.08250708173387,2486.9687215558597,0.00998984188598835,0.9297477722167968,0.07451522827148438,0.00361485243212678,0.23966074135878243,0.09803320800278904,3200.38757970001
1429,72.90213279125724,19.099874236435564,0.0,44.54979512,23.75242490687501,20.960738415892756,0.0,0.7111872434616089,0.16544144540462855,0.182961369855382,-0.28201135993003845,0.25977063179016113,0.014973282724056604,0.06059993124862148,13.0,0.039677424856513745,759.821947874681,2693.45631025436,0.010819276669239875,0.9850267172759434,0.16544144540462855,0.12477547234672969,0.25955924999700547,0.17868898340684,2827.576280596459
1430,72.9068831536413,19.099874236435564,0.0,45.096678320000024,23.834825298750008,21.043550889705738,0.0,0.6751719117164612,0.1350512119509139,0.16195474416028116,-0.22583642601966858,0.20927394926548004,0.030475717220666273,0.06889664619317876,41.0,0.04759193440440548,288.97562342096546,2708.995034203256,0.010881693777269438,0.9695242827793338,0.1350512119509139,0.14966460441117543,0.26105666412573336,0.19422142829699862,2499.0373391749426
1431,72.91163351602536,19.099874236435564,0.0,44.180648959999985,23.884704933750015,21.076470955533026,0.0,0.6660482287406921,0.1283308266693691,0.1516174557933114,-0.2108680009841919,0.2609168589115143,0.03890215315908756,0.07194825250253974,9.0,0.01689736628273423,467.39947217754354,2167.4929025237334,0.008706547532157095,0.9610978468409125,0.1283308266693691,0.05313794599746411,0.20887394015303842,0.11543234365969385,2120.682210447344
1432,72.91638387840942,19.099874236435564,0.0,42.194779340000025,22.732739343125008,20.06706566322722,0.0,0.708147406578064,0.12441558262087264,0.1639125925188896,-0.3001268208026886,0.3470689356327057,0.017780541473964476,0.0729712786163429,16.0,0.2674901319327507,4161.975228398382,156.07754243949825,0.0006269439407942319,0.9822194585260355,0.12441558262087264,0.8411888543850072,0.015040663441519204,0.510729578007612,1802.0247050767723
1433,72.92113424079348,19.099874236435564,0.0,47.28421112000001,23.80066883500001,21.065108866023415,0.0,0.6713709831237793,0.11793129974941038,0.154897353423221,-0.2610982060432434,0.43725770711898804,0.03425324062131486,0.09299455846601422,10.0,0.26643759306338216,6632.957435739266,0.0,0.0,0.9657467593786851,0.11793129974941038,0.837878885679536,0.0,0.5027273314077215,1413.7881402982296
1434,72.92588460317754,19.099874236435564,0.0,45.079588220000005,24.31256061375001,21.46646687486612,0.0,0.6812169551849365,0.10876054871757075,0.15445122105465747,-0.3039240837097168,0.23759689927101135,0.029102883968713147,0.08208103464723727,5.0,0.31595279769539575,15731.274515137648,0.0,0.0,0.9708971160312868,0.10876054871757075,0.9935916888326418,0.0,0.5961550132995851,1117.495819073809
1435,72.9306349655616,19.099874236435564,0.0,48.777885860000026,24.219008373125014,21.411628479051394,0.0,0.5950676202774048,0.11568923662293631,0.12993394114171633,-0.25950947403907776,0.28796783089637756,0.06303219201429835,0.08067087804395354,0.0,0.0,0.0,0.0,0.0,0.9369678079857017,0.11568923662293631,0.0,0.0,0.0,706.8940701491148
1436,72.93538532794565,19.099874236435564,0.0,46.146010460000014,21.85654988250001,19.420895352911966,0.0,0.6234278082847595,0.19194868821364183,0.19844642691474923,-0.2539921700954437,0.3347061574459076,0.027400762117826022,0.08798445341182276,0.0,0.0,0.0,0.0,0.0,0.972599237882174,0.19194868821364183,0.0,0.0,0.0,500.00000000016115
1437,72.94013569032971,19.099874236435564,0.0,39.4364372,19.825559047500015,17.535689380264035,0.0,0.6967718601226807,0.2521049528301887,0.2595581912006553,-0.43910300731658936,0.22213760018348694,-0.06671429328198702,0.14584597369214244,0.0,0.0,0.0,0.0,0.0,1.066714293281987,0.2521049528301887,0.0,0.0,0.0,500.00000000016115
1438,72.94488605271377,19.099874236435564,0.0,35.78940985999998,19.19798446562501,16.941897886640096,0.0,0.6592368483543396,0.2648534465285967,0.25554670500839366,-0.3398280739784241,0.125,-0.09207660027270047,0.10933882202973288,0.0,0.0,0.0,0.0,0.0,1.0920766002727005,0.2648534465285967,0.0,0.0,0.0,500.00000000016115
1439,72.94963641509783,19.099874236435564,0.0,36.117539780000016,11.235611787352948,15.988726796757375,0.0,0.6304664611816406,0.14867705723024763,0.2235207780749517,-0.3228858709335327,0.12236286699771881,-0.051517892513635026,0.08636612223120618,0.0,0.0,0.0,0.0,0.0,1.051517892513635,0.14867705723024763,0.0,0.0,0.0,706.8940701491148
