{
"type": "FeatureCollection",
"name": "mumbai_grid",
"crs": { "type": "name", "properties": { "name": "urn:ogc:def:crs:OGC:1.3:CRS84" } },
"features": [
{ "type": "Feature", "properties": { "cell_id": 0, "lon": 72.802375181192019, "lat": 18.902245777937477 }, "geometry": { "type": "Polygon", "coordinates": [ [ [ 72.804750362384056, 18.9 ], [ 72.804750362384056, 18.904491555874955 ], [ 72.8, 18.904491555874955 ], [ 72.8, 18.9 ], [ 72.804750362384056, 18.9 ] ] ] } },
{ "type": "Feature", "properties": { "cell_id": 1, "lon": 72.807125543576078, "lat": 18.902245777937477 }, "geometry": { "type": "Polygon", "coordinates": [ [ [ 72.809500724768114, 18.9 ], [ 72.809500724768114, 18.904491555874955 ], [ 72.804750362384056, 18.904491555874955 ], [ 72.804750362384056, 18.9 ], [ 72.809500724768114, 18.9 ] ] ] } },
{ "type": "Feature", "properties": { "cell_id": 2, "lon": 72.811875905960136, "lat": 18.902245777937477 }, "geometry": { "type": "Polygon", "coordinates": [ [ [ 72.814251087152172, 18.9 ], [ 72.814251087152172, 18.904491555874955 ], [ 72.809500724768114, 18.904491555874955 ], [ 72.809500724768114, 18.9 ], [ 72.814251087152172, 18.9 ] ] ] } },
{ "type": "Feature", "properties": { "cell_id": 3, "lon": 72.816626268344194, "lat": 18.902245777937477 }, "geometry": { "type": "Polygon", "coordinates": [ [ [ 72.819001449536231, 18.9 ], [ 72.819001449536231, 18.904491555874955 ], [ 72.814251087152172, 18.904491555874955 ], [ 72.814251087152172, 18.9 ], [ 72.819001449536231, 18.9 ] ] ] } },
{ "type": "Feature", "properties": { "cell_id": 4, "lon": 72.821376630728253, "lat": 18.902245777937477 }, "geometry": { "type": "Polygon", "coordinates": [ [ [ 72.823751811920289, 18.9 ], [ 72.823751811920289, 18.904491555874955 ], [ 72.819001449536231, 18.904491555874955 ], [ 72.819001449536231, 18.9 ], [ 72.823751811920289, 18.9 ] ] ] } },
{ "type": "Feature", "properties": { "cell_id": 5, "lon": 72.826126993112311, "lat": 18.902245777937477 }, "geometry": { "type": "Polygon", "coordinates": [ [ [ 72.828502174304347, 18.9 ], [ 72.828502174304347, 18.904491555874955 ], [ 72.823751811920289, 18.904491555874955 ], [ 72.823751811920289, 18.9 ], [ 72.828502174304347, 18.9 ] ] ] } },
{ "type": "Feature", "properties": { "cell_id": 6, "lon": 72.830877355496369, "lat": 18.902245777937477 }, "geometry": { "type": "Polygon", "coordinates": [ [ [ 72.833252536688406, 18.9 ], [ 72.833252536688406, 18.904491555874955 ], [ 72.828502174304347, 18.904491555874955 ], [ 72.828502174304347, 18.9 ], [ 72.833252536688406, 18.9 ] ] ] } },
{ "type": "Feature", "properties": { "cell_id": 7, "lon": 72.835627717880428, "lat": 18.902245777937477 }, "geometry": { "type": "Polygon", "coordinates": [ [ [ 72.838002899072464, 18.9 ], [ 72.838002899072464, 18.904491555874955 ], [ 72.833252536688406, 18.904491555874955 ], [ 72.833252536688406, 18.9 ], [ 72.838002899072464, 18.9 ] ] ] } },
{ "type": "Feature", "properties": { "cell_id": 8, "lon": 72.840378080264486, "lat": 18.902245777937477 }, "geometry": { "type": "Polygon", "coordinates": [ [ [ 72.842753261456522, 18.9 ], [ 72.842753261456522, 18.904491555874955 ], [ 72.838002899072464, 18.904491555874955 ], [ 72.838002899072464, 18.9 ], [ 72.842753261456522, 18.9 ] ] ] } },
{ "type": "Feature", "properties": { "cell_id": 9, "lon": 72.845128442648544, "lat": 18.902245777937477 }, "geometry": { "type": "Polygon", "coordinates": [ [ [ 72.847503623840581, 18.9 ], [ 72.847503623840581, 18.904491555874955 ], [ 72.842753261456522, 18.904491555874955 ], [ 72.842753261456522, 18.9 ], [ 72.847503623840581, 18.9 ] ] ] } },
{ "type": "Feature", "properties": { "cell_id": 10, "lon": 72.849878805032603, "lat": 18.902245777937477 }, "geometry": { "type": "Polygon", "coordinates": [ [ [ 72.852253986224639, 18.9 ], [ 72.852253986224639, 18.904491555874955 ], [ 72.847503623840581, 18.904491555874955 ], [ 72.847503623840581, 18.9 ], [ 72.852253986224639, 18.9 ] ] ] } },
{ "type": "Feature", "properties": { "cell_id": 11, "lon": 72.854629167416661, "lat": 18.902245777937477 }, "geometry": { "type": "Polygon", "coordinates": [ [ [ 72.857004348608697, 18.9 ], [ 72.857004348608697, 18.904491555874955 ], [ 72.852253986224639, 18.904491555874955 ], [ 72.852253986224639, 18.9 ], [ 72.857004348608697, 18.9 ] ] ] } },
{ "type": "Feature", "properties": { "cell_id": 12, "lon": 72.859379529800719, "lat": 18.902245777937477 }, "geometry": { "type": "Polygon", "coordinates": [ [ [ 72.861754710992756, 18.9 ], [ 72.861754710992756, 18.904491555874955 ], [ 72.857004348608697, 18.904491555874955 ], [ 72.857004348608697, 18.9 ], [ 72.861754710992756, 18.9 ] ] ] } },
{ "type": "Feature", "properties": { "cell_id": 13, "lon": 72.864129892184778, "lat": 18.902245777937477 }, "geometry": { "type": "Polygon", "coordinates": [ [ [ 72.866505073376814, 18.9 ], [ 72.866505073376814, 18.904491555874955 ], [ 72.861754710992756, 18.904491555874955 ], [ 72.861754710992756, 18.9 ], [ 72.866505073376814, 18.9 ] ] ] } },
{ "type": "Feature", "properties": { "cell_id": 14, "lon": 72.868880254568836, "lat": 18.902245777937477 }, "geometry": { "type": "Polygon", "coordinates": [ [ [ 72.871255435760872, 18.9 ], [ 72.871255435760872, 18.904491555874955 ], [ 72.866505073376814, 18.904491555874955 ], [ 72.866505073376814, 18.9 ], [ 72.871255435760872, 18.9 ] ] ] } },
{ "type": "Feature", "properties": { "cell_id": 15, "lon": 72.873630616952894, "lat": 18.902245777937477 }, "geometry": { "type": "Polygon", "coordinates": [ [ [ 72.876005798144931, 18.9 ], [ 72.876005798144931, 18.904491555874955 ], [ 72.871255435760872, 18.904491555874955 ], [ 72.871255435760872, 18.9 ], [ 72.876005798144931, 18.9 ] ] ] } },
{ "type": "Feature", "properties": { "cell_id": 16, "lon": 72.878380979336953, "lat": 18.902245777937477 }, "geometry": { "type": "Polygon", "coordinates": [ [ [ 72.880756160528989, 18.9 ], [ 72.880756160528989, 18.904491555874955 ], [ 72.876005798144931, 18.904491555874955 ], [ 72.876005798144931, 18.9 ], [ 72.880756160528989, 18.9 ] ] ] } },
{ "type": "Feature", "properties": { "cell_id": 17, "lon": 72.883131341721011, "lat": 18.902245777937477 }, "geometry": { "type": "Polygon", "coordinates": [ [ [ 72.885506522913047, 18.9 ], [ 72.885506522913047, 18.904491555874955 ], [ 72.880756160528989, 18.904491555874955 ], [ 72.880756160528989, 18.9 ], [ 72.885506522913047, 18.9 ] ] ] } },
{ "type": "Feature", "properties": { "cell_id": 18, "lon": 72.88788170410507, "lat": 18.902245777937477 }, "geometry": { "type": "Polygon", "coordinates": [ [ [ 72.890256885297106, 18.9 ], [ 72.890256885297106, 18.904491555874955 ], [ 72.885506522913047, 18.904491555874955 ], [ 72.885506522913047, 18.9 ], [ 72.890256885297106, 18.9 ] ] ] } },
{ "type": "Feature", "properties": { "cell_id": 19, "lon": 72.892632066489128, "lat": 18.902245777937477 }, "geometry": { "type": "Polygon", "coordinates": [ [ [ 72.895007247681164, 18.9 ], [ 72.895007247681164, 18.904491555874955 ], [ 72.890256885297106, 18.904491555874955 ], [ 72.890256885297106, 18.9 ], [ 72.895007247681164, 18.9 ] ] ] } },
{ "type": "Feature", "properties": { "cell_id": 20, "lon": 72.897382428873186, "lat": 18.902245777937477 }, "geometry": { "type": "Polygon", "coordinates": [ [ [ 72.899757610065222, 18.9 ], [ 72.899757610065222, 18.904491555874955 ], [ 72.895007247681164, 18.904491555874955 ], [ 72.895007247681164, 18.9 ], [ 72.899757610065222, 18.9 ] ] ] } },
{ "type": "Feature", "properties": { "cell_id": 21, "lon": 72.902132791257245, "lat": 18.902245777937477 }, "geometry": { "type": "Polygon", "coordinates": [ [ [ 72.904507972449281, 18.9 ], [ 72.904507972449281, 18.904491555874955 ], [ 72.899757610065222, 18.904491555874955 ], [ 72.899757610065222, 18.9 ], [ 72.904507972449281, 18.9 ] ] ] } },
{ "type": "Feature", "properties": { "cell_id": 22, "lon": 72.906883153641303, "lat": 18.902245777937477 }, "geometry": { "type": "Polygon", "coordinates": [ [ [ 72.909258334833339, 18.9 ], [ 72.909258334833339, 18.904491555874955 ], [ 72.904507972449281, 18.904491555874955 ], [ 72.904507972449281, 18.9 ], [ 72.909258334833339, 18.9 ] ] ] } },
{ "type": "Feature", "properties": { "cell_id": 23, "lon": 72.911633516025361, "lat": 18.902245777937477 }, "geometry": { "type": "Polygon", "coordinates": [ [ [ 72.914008697217398, 18.9 ], [ 72.914008697217398, 18.904491555874955 ], [ 72.909258334833339, 18.904491555874955 ], [ 72.909258334833339, 18.9 ], [ 72.914008697217398, 18.9 ] ] ] } },
{ "type": "Feature", "properties": { "cell_id": 24, "lon": 72.91638387840942, "lat": 18.902245777937477 }, "geometry": { "type": "Polygon", "coordinates": [ [ [ 72.918759059601456, 18.9 ], [ 72.918759059601456, 18.904491555874955 ], [ 72.914008697217398, 18.904491555874955 ], [ 72.914008697217398, 18.9 ], [ 72.918759059601456, 18.9 ] ] ] } },
{ "type": "Feature", "properties": { "cell_id": 25, "lon": 72.921134240793478, "lat": 18.902245777937477 }, "geometry": { "type": "Polygon", "coordinates": [ [ [ 72.923509421985514, 18.9 ], [ 72.923509421985514, 18.904491555874955 ], [ 72.918759059601456, 18.904491555874955 ], [ 72.918759059601456, 18.9 ], [ 72.923509421985514, 18.9 ] ] ] } },
{ "type": "Feature", "properties": { "cell_id": 26, "lon": 72.925884603177536, "lat": 18.902245777937477 }, "geometry": { "type": "Polygon", "coordinates": [ [ [ 72.928259784369573, 18.9 ], [ 72.928259784369573, 18.904491555874955 ], [ 72.923509421985514, 18.904491555874955 ], [ 72.923509421985514, 18.9 ], [ 72.928259784369573, 18.9 ] ] ] } },
{ "type": "Feature", "properties": { "cell_id": 27, "lon": 72.930634965561595, "lat": 18.902245777937477 }, "geometry": { "type": "Polygon", "coordinates": [ [ [ 72.933010146753631, 18.9 ], [ 72.933010146753631, 18.904491555874955 ], [ 72.928259784369573, 18.904491555874955 ], [ 72.928259784369573, 18.9 ], [ 72.933010146753631, 18.9 ] ] ] } },
{ "type": "Feature", "properties": { "cell_id": 28, "lon": 72.935385327945653, "lat": 18.902245777937477 }, "geometry": { "type": "Polygon", "coordinates": [ [ [ 72.937760509137689, 18.9 ], [ 72.937760509137689, 18.904491555874955 ], [ 72.933010146753631, 18.904491555874955 ], [ 72.933010146753631, 18.9 ], [ 72.937760509137689, 18.9 ] ] ] } },
{ "type": "Feature", "properties": { "cell_id": 29, "lon": 72.940135690329711, "lat": 18.902245777937477 }, "geometry": { "type": "Polygon", "coordinates": [ [ [ 72.942510871521748, 18.9 ], [ 72.942510871521748, 18.904491555874955 ], [ 72.937760509137689, 18.904491555874955 ], [ 72.937760509137689, 18.9 ], [ 72.942510871521748, 18.9 ] ] ] } },
{ "type": "Feature", "properties": { "cell_id": 30, "lon": 72.94488605271377, "lat": 18.902245777937477 }, "geometry": { "type": "Polygon", "coordinates": [ [ [ 72.947261233905806, 18.9 ], [ 72.947261233905806, 18.904491555874955 ], [ 72.942510871521748, 18.904491555874955 ], [ 72.942510871521748, 18.9 ], [ 72.947261233905806, 18.9 ] ] ] } },
{ "type": "Feature", "properties": { "cell_id": 31, "lon": 72.949636415097828, "lat": 18.902245777937477 }, "geometry": { "type": "Polygon", "coordinates": [ [ [ 72.952011596289864, 18.9 ], [ 72.952011596289864, 18.904491555874955 ], [ 72.947261233905806, 18.904491555874955 ], [ 72.947261233905806, 18.9 ], [ 72.952011596289864, 18.9 ] ] ] } },
{ "type": "Feature", "properties": { "cell_id": 32, "lon": 72.802375181192019, "lat": 18.906737333812433 }, "geometry": { "type": "Polygon", "coordinates": [ [ [ 72.804750362384056, 18.904491555874955 ], [ 72.804750362384056, 18.908983111749912 ], [ 72.8, 18.908983111749912 ], [ 72.8, 18.904491555874955 ], [ 72.804750362384056, 18.904491555874955 ] ] ] } },
{ "type": "Feature", "properties": { "cell_id": 33, "lon": 72.807125543576078, "lat": 18.906737333812433 }, "geometry": { "type": "Polygon", "coordinates": [ [ [ 72.809500724768114, 18.904491555874955 ], [ 72.809500724768114, 18.908983111749912 ], [ 72.804750362384056, 18.908983111749912 ], [ 72.804750362384056, 18.904491555874955 ], [ 72.809500724768114, 18.904491555874955 ] ] ] } },
{ "type": "Feature", "properties": { "cell_id": 34, "lon": 72.811875905960136, "lat": 18.906737333812433 }, "geometry": { "type": "Polygon", "coordinates": [ [ [ 72.814251087152172, 18.904491555874955 ], [ 72.814251087152172, 18.908983111749912 ], [ 72.809500724768114, 18.908983111749912 ], [ 72.809500724768114, 18.904491555874955 ], [ 72.814251087152172, 18.904491555874955 ] ] ] } },
{ "type": "Feature", "properties": { "cell_id": 35, "lon": 72.816626268344194, "lat": 18.906737333812433 }, "geometry": { "type": "Polygon", "coordinates": [ [ [ 72.819001449536231, 18.904491555874955 ], [ 72.819001449536231, 18.908983111749912 ], [ 72.814251087152172, 18.908983111749912 ], [ 72.814251087152172, 18.904491555874955 ], [ 72.819001449536231, 18.904491555874955 ] ] ] } },
{ "type": "Feature", "properties": { "cell_id": 36, "lon": 72.821376630728253, "lat": 18.906737333812433 }, "geometry": { "type": "Polygon", "coordinates": [ [ [ 72.823751811920289, 18.904491555874955 ], [ 72.823751811920289, 18.908983111749912 ], [ 72.819001449536231, 18.908983111749912 ], [ 72.819001449536231, 18.904491555874955 ], [ 72.823751811920289, 18.904491555874955 ] ] ] } },
{ "type": "Feature", "properties": { "cell_id": 37, "lon": 72.826126993112311, "lat": 18.906737333812433 }, "geometry": { "type": "Polygon", "coordinates": [ [ [ 72.828502174304347, 18.904491555874955 ], [ 72.828502174304347, 18.908983111749912 ], [ 72.823751811920289, 18.908983111749912 ], [ 72.823751811920289, 18.904491555874955 ], [ 72.828502174304347, 18.904491555874955 ] ] ] } },
{ "type": "Feature", "properties": { "cell_id": 38, "lon": 72.830877355496369, "lat": 18.906737333812433 }, "geometry": { "type": "Polygon", "coordinates": [ [ [ 72.833252536688406, 18.904491555874955 ], [ 72.833252536688406, 18.908983111749912 ], [ 72.828502174304347, 18.908983111749912 ], [ 72.828502174304347, 18.904491555874955 ], [ 72.833252536688406, 18.904491555874955 ] ] ] } },
{ "type": "Feature", "properties": { "cell_id": 39, "lon": 72.835627717880428, "lat": 18.906737333812433 }, "geometry": { "type": "Polygon", "coordinates": [ [ [ 72.838002899072464, 18.904491555874955 ], [ 72.838002899072464, 18.908983111749912 ], [ 72.833252536688406, 18.908983111749912 ], [ 72.833252536688406, 18.904491555874955 ], [ 72.838002899072464, 18.904491555874955 ] ] ] } },
{ "type": "Feature", "properties": { "cell_id": 40, "lon": 72.840378080264486, "lat": 18.906737333812433 }, "geometry": { "type": "Polygon", "coordinates": [ [ [ 72.842753261456522, 18.904491555874955 ], [ 72.842753261456522, 18.908983111749912 ], [ 72.838002899072464, 18.908983111749912 ], [ 72.838002899072464, 18.904491555874955 ], [ 72.842753261456522, 18.904491555874955 ] ] ] } },
{ "type": "Feature", "properties": { "cell_id": 41, "lon": 72.845128442648544, "lat": 18.906737333812433 }, "geometry": { "type": "Polygon", "coordinates": [ [ [ 72.847503623840581, 18.904491555874955 ], [ 72.847503623840581, 18.908983111749912 ], [ 72.842753261456522, 18.908983111749912 ], [ 72.842753261456522, 18.904491555874955 ], [ 72.847503623840581, 18.904491555874955 ] ] ] } },
{ "type": "Feature", "properties": { "cell_id": 42, "lon": 72.849878805032603, "lat": 18.906737333812433 }, "geometry": { "type": "Polygon", "coordinates": [ [ [ 72.852253986224639, 18.904491555874955 ], [ 72.852253986224639, 18.908983111749912 ], [ 72.847503623840581, 18.908983111749912 ], [ 72.847503623840581, 18.904491555874955 ], [ 72.852253986224639, 18.904491555874955 ] ] ] } },
{ "type": "Feature", "properties": { "cell_id": 43, "lon": 72.854629167416661, "lat": 18.906737333812433 }, "geometry": { "type": "Polygon", "coordinates": [ [ [ 72.857004348608697, 18.904491555874955 ], [ 72.857004348608697, 18.908983111749912 ], [ 72.852253986224639, 18.908983111749912 ], [ 72.852253986224639, 18.904491555874955 ], [ 72.857004348608697, 18.904491555874955 ] ] ] } },
{ "type": "Feature", "properties": { "cell_id": 44, "lon": 72.859379529800719, "lat": 18.906737333812433 }, "geometry": { "type": "Polygon", "coordinates": [ [ [ 72.861754710992756, 18.904491555874955 ], [ 72.861754710992756, 18.908983111749912 ], [ 72.857004348608697, 18.908983111749912 ], [ 72.857004348608697, 18.904491555874955 ], [ 72.861754710992756, 18.904491555874955 ] ] ] } },
{ "type": "Feature", "properties": { "cell_id": 45, "lon": 72.864129892184778, "lat": 18.906737333812433 }, "geometry": { "type": "Polygon", "coordinates": [ [ [ 72.866505073376814, 18.904491555874955 ], [ 72.866505073376814, 18.908983111749912 ], [ 72.861754710992756, 18.908983111749912 ], [ 72.861754710992756, 18.904491555874955 ], [ 72.866505073376814, 18.904491555874955 ] ] ] } },
{ "type": "Feature", "properties": { "cell_id": 46, "lon": 72.868880254568836, "lat": 18.906737333812433 }, "geometry": { "type": "Polygon", "coordinates": [ [ [ 72.871255435760872, 18.904491555874955 ], [ 72.871255435760872, 18.908983111749912 ], [ 72.866505073376814, 18.908983111749912 ], [ 72.866505073376814, 18.904491555874955 ], [ 72.871255435760872, 18.904491555874955 ] ] ] } },
{ "type": "Feature", "properties": { "cell_id": 47, "lon": 72.873630616952894, "lat": 18.906737333812433 }, "geometry": { "type": "Polygon", "coordinates": [ [ [ 72.876005798144931, 18.904491555874955 ], [ 72.876005798144931, 18.908983111749912 ], [ 72.871255435760872, 18.908983111749912 ], [ 72.871255435760872, 18.904491555874955 ], [ 72.876005798144931, 18.904491555874955 ] ] ] } },
{ "type": "Feature", "properties": { "cell_id": 48, "lon": 72.878380979336953, "lat": 18.906737333812433 }, "geometry": { "type": "Polygon", "coordinates": [ [ [ 72.880756160528989, 18.904491555874955 ], [ 72.880756160528989, 18.908983111749912 ], [ 72.876005798144931, 18.908983111749912 ], [ 72.876005798144931, 18.904491555874955 ], [ 72.880756160528989, 18.904491555874955 ] ] ] } },
{ "type": "Feature", "properties": { "cell_id": 49, "lon": 72.883131341721011, "lat": 18.906737333812433 }, "geometry": { "type": "Polygon", "coordinates": [ [ [ 72.885506522913047, 18.904491555874955 ], [ 72.885506522913047, 18.908983111749912 ], [ 72.880756160528989, 18.908983111749912 ], [ 72.880756160528989, 18.904491555874955 ], [ 72.885506522913047, 18.904491555874955 ] ] ] } },
{ "type": "Feature", "properties": { "cell_id": 50, "lon": 72.88788170410507, "lat": 18.906737333812433 }, "geometry": { "type": "Polygon", "coordinates": [ [ [ 72.890256885297106, 18.904491555874955 ], [ 72.890256885297106, 18.908983111749912 ], [ 72.885506522913047, 18.908983111749912 ], [ 72.885506522913047, 18.904491555874955 ], [ 72.890256885297106, 18.904491555874955 ] ] ] } },
{ "type": "Feature", "properties": { "cell_id": 51, "lon": 72.892632066489128, "lat": 18.906737333812433 }, "geometry": { "type": "Polygon", "coordinates": [ [ [ 72.895007247681164, 18.904491555874955 ], [ 72.895007247681164, 18.908983111749912 ], [ 72.890256885297106, 18.908983111749912 ], [ 72.890256885297106, 18.904491555874955 ], [ 72.895007247681164, 18.904491555874955 ] ] ] } },
{ "type": "Feature", "properties": { "cell_id": 52, "lon": 72.897382428873186, "lat": 18.906737333812433 }, "geometry": { "type": "Polygon", "coordinates": [ [ [ 72.899757610065222, 18.904491555874955 ], [ 72.899757610065222, 18.908983111749912 ], [ 72.895007247681164, 18.908983111749912 ], [ 72.895007247681164, 18.904491555874955 ], [ 72.899757610065222, 18.904491555874955 ] ] ] } },
{ "type": "Feature", "properties": { "cell_id": 53, "lon": 72.902132791257245, "lat": 18.906737333812433 }, "geometry": { "type": "Polygon", "coordinates": [ [ [ 72.904507972449281, 18.904491555874955 ], [ 72.904507972449281, 18.908983111749912 ], [ 72.899757610065222, 18.908983111749912 ], [ 72.899757610065222, 18.904491555874955 ], [ 72.904507972449281, 18.904491555874955 ] ] ] } },
{ "type": "Feature", "properties": { "cell_id": 54, "lon": 72.906883153641303, "lat": 18.906737333812433 }, "geometry": { "type": "Polygon", "coordinates": [ [ [ 72.909258334833339, 18.904491555874955 ], [ 72.909258334833339, 18.908983111749912 ], [ 72.904507972449281, 18.908983111749912 ], [ 72.904507972449281, 18.904491555874955 ], [ 72.909258334833339, 18.904491555874955 ] ] ] } },
{ "type": "Feature", "properties": { "cell_id": 55, "lon": 72.911633516025361, "lat": 18.906737333812433 }, "geometry": { "type": "Polygon", "coordinates": [ [ [ 72.914008697217398, 18.904491555874955 ], [ 72.914008697217398, 18.908983111749912 ], [ 72.909258334833339, 18.908983111749912 ], [ 72.909258334833339, 18.904491555874955 ], [ 72.914008697217398, 18.904491555874955 ] ] ] } },
{ "type": "Feature", "properties": { "cell_id": 56, "lon": 72.91638387840942, "lat": 18.906737333812433 }, "geometry": { "type": "Polygon", "coordinates": [ [ [ 72.918759059601456, 18.904491555874955 ], [ 72.918759059601456, 18.908983111749912 ], [ 72.914008697217398, 18.908983111749912 ], [ 72.914008697217398, 18.904491555874955 ], [ 72.918759059601456, 18.904491555874955 ] ] ] } },
{ "type": "Feature", "properties": { "cell_id": 57, "lon": 72.921134240793478, "lat": 18.906737333812433 }, "geometry": { "type": "Polygon", "coordinates": [ [ [ 72.923509421985514, 18.904491555874955 ], [ 72.923509421985514, 18.908983111749912 ], [ 72.918759059601456, 18.908983111749912 ], [ 72.918759059601456, 18.904491555874955 ], [ 72.923509421985514, 18.904491555874955 ] ] ] } },
{ "type": "Feature", "properties": { "cell_id": 58, "lon": 72.925884603177536, "lat": 18.906737333812433 }, "geometry": { "type": "Polygon", "coordinates": [ [ [ 72.928259784369573, 18.904491555874955 ], [ 72.928259784369573, 18.908983111749912 ], [ 72.923509421985514, 18.908983111749912 ], [ 72.923509421985514, 18.904491555874955 ], [ 72.928259784369573, 18.904491555874955 ] ] ] } },
{ "type": "Feature", "properties": { "cell_id": 59, "lon": 72.930634965561595, "lat": 18.906737333812433 }, "geometry": { "type": "Polygon", "coordinates": [ [ [ 72.933010146753631, 18.904491555874955 ], [ 72.933010146753631, 18.908983111749912 ], [ 72.928259784369573, 18.908983111749912 ], [ 72.928259784369573, 18.904491555874955 ], [ 72.933010146753631, 18.904491555874955 ] ] ] } },
{ "type": "Feature", "properties": { "cell_id": 60, "lon": 72.935385327945653, "lat": 18.906737333812433 }, "geometry": { "type": "Polygon", "coordinates": [ [ [ 72.937760509137689, 18.904491555874955 ], [ 72.937760509137689, 18.908983111749912 ], [ 72.933010146753631, 18.908983111749912 ], [ 72.933010146753631, 18.904491555874955 ], [ 72.937760509137689, 18.904491555874955 ] ] ] } },
{ "type": "Feature", "properties": { "cell_id": 61, "lon": 72.940135690329711, "lat": 18.906737333812433 }, "geometry": { "type": "Polygon", "coordinates": [ [ [ 72.942510871521748, 18.904491555874955 ], [ 72.942510871521748, 18.908983111749912 ], [ 72.937760509137689, 18.908983111749912 ], [ 72.937760509137689, 18.904491555874955 ], [ 72.942510871521748, 18.904491555874955 ] ] ] } },
{ "type": "Feature", "properties": { "cell_id": 62, "lon": 72.94488605271377, "lat": 18.906737333812433 }, "geometry": { "type": "Polygon", "coordinates": [ [ [ 72.947261233905806, 18.904491555874955 ], [ 72.947261233905806, 18.908983111749912 ], [ 72.942510871521748, 18.908983111749912 ], [ 72.942510871521748, 18.904491555874955 ], [ 72.947261233905806, 18.904491555874955 ] ] ] } },
{ "type": "Feature", "properties": { "cell_id": 63, "lon": 72.949636415097828, "lat": 18.906737333812433 }, "geometry": { "type": "Polygon", "coordinates": [ [ [ 72.952011596289864, 18.904491555874955 ], [ 72.952011596289864, 18.908983111749912 ], [ 72.947261233905806, 18.908983111749912 ], [ 72.947261233905806, 18.904491555874955 ], [ 72.952011596289864, 18.904491555874955 ] ] ] } },
{ "type": "Feature", "properties": { "cell_id": 64, "lon": 72.802375181192019, "lat": 18.91122888968739 }, "geometry": { "type": "Polygon", "coordinates": [ [ [ 72.804750362384056, 18.908983111749912 ], [ 72.804750362384056, 18.913474667624868 ], [ 72.8, 18.913474667624868 ], [ 72.8, 18.908983111749912 ], [ 72.804750362384056, 18.908983111749912 ] ] ] } },
{ "type": "Feature", "properties": { "cell_id": 65, "lon": 72.807125543576078, "lat": 18.91122888968739 }, "geometry": { "type": "Polygon", "coordinates": [ [ [ 72.809500724768114, 18.908983111749912 ], [ 72.809500724768114, 18.913474667624868 ], [ 72.804750362384056, 18.913474667624868 ], [ 72.804750362384056, 18.908983111749912 ], [ 72.809500724768114, 18.908983111749912 ] ] ] } },
{ "type": "Feature", "properties": { "cell_id": 66, "lon": 72.811875905960136, "lat": 18.91122888968739 }, "geometry": { "type": "Polygon", "coordinates": [ [ [ 72.814251087152172, 18.908983111749912 ], [ 72.814251087152172, 18.913474667624868 ], [ 72.809500724768114, 18.913474667624868 ], [ 72.809500724768114, 18.908983111749912 ], [ 72.814251087152172, 18.908983111749912 ] ] ] } },
{ "type": "Feature", "properties": { "cell_id": 67, "lon": 72.816626268344194, "lat": 18.91122888968739 }, "geometry": { "type": "Polygon", "coordinates": [ [ [ 72.819001449536231, 18.908983111749912 ], [ 72.819001449536231, 18.913474667624868 ], [ 72.814251087152172, 18.913474667624868 ], [ 72.814251087152172, 18.908983111749912 ], [ 72.819001449536231, 18.908983111749912 ] ] ] } },
{ "type": "Feature", "properties": { "cell_id": 68, "lon": 72.821376630728253, "lat": 18.91122888968739 }, "geometry": { "type": "Polygon", "coordinates": [ [ [ 72.823751811920289, 18.908983111749912 ], [ 72.823751811920289, 18.913474667624868 ], [ 72.819001449536231, 18.913474667624868 ], [ 72.819001449536231, 18.908983111749912 ], [ 72.823751811920289, 18.908983111749912 ] ] ] } },
{ "type": "Feature", "properties": { "cell_id": 69, "lon": 72.826126993112311, "lat": 18.91122888968739 }, "geometry": { "type": "Polygon", "coordinates": [ [ [ 72.828502174304347, 18.908983111749912 ], [ 72.828502174304347, 18.913474667624868 ], [ 72.823751811920289, 18.913474667624868 ], [ 72.823751811920289, 18.908983111749912 ], [ 72.828502174304347, 18.908983111749912 ] ] ] } },
{ "type": "Feature", "properties": { "cell_id": 70, "lon": 72.830877355496369, "lat": 18.91122888968739 }, "geometry": { "type": "Polygon", "coordinates": [ [ [ 72.833252536688406, 18.908983111749912 ], [ 72.833252536688406, 18.913474667624868 ], [ 72.828502174304347, 18.913474667624868 ], [ 72.828502174304347, 18.908983111749912 ], [ 72.833252536688406, 18.908983111749912 ] ] ] } },
{ "type": "Feature", "properties": { "cell_id": 71, "lon": 72.835627717880428, "lat": 18.91122888968739 }, "geometry": { "type": "Polygon", "coordinates": [ [ [ 72.838002899072464, 18.908983111749912 ], [ 72.838002899072464, 18.913474667624868 ], [ 72.833252536688406, 18.913474667624868 ], [ 72.833252536688406, 18.908983111749912 ], [ 72.838002899072464, 18.908983111749912 ] ] ] } },
{ "type": "Feature", "properties": { "cell_id": 72, "lon": 72.840378080264486, "lat": 18.91122888968739 }, "geometry": { "type": "Polygon", "coordinates": [ [ [ 72.842753261456522, 18.908983111749912 ], [ 72.842753261456522, 18.913474667624868 ], [ 72.838002899072464, 18.913474667624868 ], [ 72.838002899072464, 18.908983111749912 ], [ 72.842753261456522, 18.908983111749912 ] ] ] } },
{ "type": "Feature", "properties": { "cell_id": 73, "lon": 72.845128442648544, "lat": 18.91122888968739 }, "geometry": { "type": "Polygon", "coordinates": [ [ [ 72.847503623840581, 18.908983111749912 ], [ 72.847503623840581, 18.913474667624868 ], [ 72.842753261456522, 18.913474667624868 ], [ 72.842753261456522, 18.908983111749912 ], [ 72.847503623840581, 18.908983111749912 ] ] ] } },
{ "type": "Feature", "properties": { "cell_id": 74, "lon": 72.849878805032603, "lat": 18.91122888968739 }, "geometry": { "type": "Polygon", "coordinates": [ [ [ 72.852253986224639, 18.908983111749912 ], [ 72.852253986224639, 18.913474667624868 ], [ 72.847503623840581, 18.913474667624868 ], [ 72.847503623840581, 18.908983111749912 ], [ 72.852253986224639, 18.908983111749912 ] ] ] } },
{ "type": "Feature", "properties": { "cell_id": 75, "lon": 72.854629167416661, "lat": 18.91122888968739 }, "geometry": { "type": "Polygon", "coordinates": [ [ [ 72.857004348608697, 18.908983111749912 ], [ 72.857004348608697, 18.913474667624868 ], [ 72.852253986224639, 18.913474667624868 ], [ 72.852253986224639, 18.908983111749912 ], [ 72.857004348608697, 18.908983111749912 ] ] ] } },
{ "type": "Feature", "properties": { "cell_id": 76, "lon": 72.859379529800719, "lat": 18.91122888968739 }, "geometry": { "type": "Polygon", "coordinates": [ [ [ 72.861754710992756, 18.908983111749912 ], [ 72.861754710992756, 18.913474667624868 ], [ 72.857004348608697, 18.913474667624868 ], [ 72.857004348608697, 18.908983111749912 ], [ 72.861754710992756, 18.908983111749912 ] ] ] } },
{ "type": "Feature", "properties": { "cell_id": 77, "lon": 72.864129892184778, "lat": 18.91122888968739 }, "geometry": { "type": "Polygon", "coordinates": [ [ [ 72.866505073376814, 18.908983111749912 ], [ 72.866505073376814, 18.913474667624868 ], [ 72.861754710992756, 18.913474667624868 ], [ 72.861754710992756, 18.908983111749912 ], [ 72.866505073376814, 18.908983111749912 ] ] ] } },
{ "type": "Feature", "properties": { "cell_id": 78, "lon": 72.868880254568836, "lat": 18.91122888968739 }, "geometry": { "type": "Polygon", "coordinates": [ [ [ 72.871255435760872, 18.908983111749912 ], [ 72.871255435760872, 18.913474667624868 ], [ 72.866505073376814, 18.913474667624868 ], [ 72.866505073376814, 18.908983111749912 ], [ 72.871255435760872, 18.908983111749912 ] ] ] } },
{ "type": "Feature", "properties": { "cell_id": 79, "lon": 72.873630616952894, "lat": 18.91122888968739 }, "geometry": { "type": "Polygon", "coordinates": [ [ [ 72.876005798144931, 18.908983111749912 ], [ 72.876005798144931, 18.913474667624868 ], [ 72.871255435760872, 18.913474667624868 ], [ 72.871255435760872, 18.908983111749912 ], [ 72.876005798144931, 18.908983111749912 ] ] ] } },
{ "type": "Feature", "properties": { "cell_id": 80, "lon": 72.878380979336953, "lat": 18.91122888968739 }, "geometry": { "type": "Polygon", "coordinates": [ [ [ 72.880756160528989, 18.908983111749912 ], [ 72.880756160528989, 18.913474667624868 ], [ 72.876005798144931, 18.913474667624868 ], [ 72.876005798144931, 18.908983111749912 ], [ 72.880756160528989, 18.908983111749912 ] ] ] } },
{ "type": "Feature", "properties": { "cell_id": 81, "lon": 72.883131341721011, "lat": 18.91122888968739 }, "geometry": { "type": "Polygon", "coordinates": [ [ [ 72.885506522913047, 18.908983111749912 ], [ 72.885506522913047, 18.913474667624868 ], [ 72.880756160528989, 18.913474667624868 ], [ 72.880756160528989, 18.908983111749912 ], [ 72.885506522913047, 18.908983111749912 ] ] ] } },
{ "type": "Feature", "properties": { "cell_id": 82, "lon": 72.88788170410507, "lat": 18.91122888968739 }, "geometry": { "type": "Polygon", "coordinates": [ [ [ 72.890256885297106, 18.908983111749912 ], [ 72.890256885297106, 18.913474667624868 ], [ 72.885506522913047, 18.913474667624868 ], [ 72.885506522913047, 18.908983111749912 ], [ 72.890256885297106, 18.908983111749912 ] ] ] } },
{ "type": "Feature", "properties": { "cell_id": 83, "lon": 72.892632066489128, "lat": 18.91122888968739 }, "geometry": { "type": "Polygon", "coordinates": [ [ [ 72.895007247681164, 18.908983111749912 ], [ 72.895007247681164, 18.913474667624868 ], [ 72.890256885297106, 18.913474667624868 ], [ 72.890256885297106, 18.908983111749912 ], [ 72.895007247681164, 18.908983111749912 ] ] ] } },
{ "type": "Feature", "properties": { "cell_id": 84, "lon": 72.897382428873186, "lat": 18.91122888968739 }, "geometry": { "type": "Polygon", "coordinates": [ [ [ 72.899757610065222, 18.908983111749912 ], [ 72.899757610065222, 18.913474667624868 ], [ 72.895007247681164, 18.913474667624868 ], [ 72.895007247681164, 18.908983111749912 ], [ 72.899757610065222, 18.908983111749912 ] ] ] } },
{ "type": "Feature", "properties": { "cell_id": 85, "lon": 72.902132791257245, "lat": 18.91122888968739 }, "geometry": { "type": "Polygon", "coordinates": [ [ [ 72.904507972449281, 18.908983111749912 ], [ 72.904507972449281, 18.913474667624868 ], [ 72.899757610065222, 18.913474667624868 ], [ 72.899757610065222, 18.908983111749912 ], [ 72.904507972449281, 18.908983111749912 ] ] ] } },
{ "type": "Feature", "properties": { "cell_id": 86, "lon": 72.906883153641303, "lat": 18.91122888968739 }, "geometry": { "type": "Polygon", "coordinates": [ [ [ 72.909258334833339, 18.908983111749912 ], [ 72.909258334833339, 18.913474667624868 ], [ 72.904507972449281, 18.913474667624868 ], [ 72.904507972449281, 18.908983111749912 ], [ 72.909258334833339, 18.908983111749912 ] ] ] } },
{ "type": "Feature", "properties": { "cell_id": 87, "lon": 72.911633516025361, "lat": 18.91122888968739 }, "geometry": { "type": "Polygon", "coordinates": [ [ [ 72.914008697217398, 18.908983111749912 ], [ 72.914008697217398, 18.913474667624868 ], [ 72.909258334833339, 18.913474667624868 ], [ 72.909258334833339, 18.908983111749912 ], [ 72.914008697217398, 18.908983111749912 ] ] ] } },
{ "type": "Feature", "properties": { "cell_id": 88, "lon": 72.91638387840942, "lat": 18.91122888968739 }, "geometry": { "type": "Polygon", "coordinates": [ [ [ 72.918759059601456, 18.908983111749912 ], [ 72.918759059601456, 18.913474667624868 ], [ 72.914008697217398, 18.913474667624868 ], [ 72.914008697217398, 18.908983111749912 ], [ 72.918759059601456, 18.908983111749912 ] ] ] } },
{ "type": "Feature", "properties": { "cell_id": 89, "lon": 72.921134240793478, "lat": 18.91122888968739 }, "geometry": { "type": "Polygon", "coordinates": [ [ [ 72.923509421985514, 18.908983111749912 ], [ 72.923509421985514, 18.913474667624868 ], [ 72.918759059601456, 18.913474667624868 ], [ 72.918759059601456, 18.908983111749912 ], [ 72.923509421985514, 18.908983111749912 ] ] ] } },
{ "type": "Feature", "properties": { "cell_id": 90, "lon": 72.925884603177536, "lat": 18.91122888968739 }, "geometry": { "type": "Polygon", "coordinates": [ [ [ 72.928259784369573, 18.908983111749912 ], [ 72.928259784369573, 18.913474667624868 ], [ 72.923509421985514, 18.913474667624868 ], [ 72.923509421985514, 18.908983111749912 ], [ 72.928259784369573, 18.908983111749912 ] ] ] } },
{ "type": "Feature", "properties": { "cell_id": 91, "lon": 72.930634965561595, "lat": 18.91122888968739 }, "geometry": { "type": "Polygon", "coordinates": [ [ [ 72.933010146753631, 18.908983111749912 ], [ 72.933010146753631, 18.913474667624868 ], [ 72.928259784369573, 18.913474667624868 ], [ 72.928259784369573, 18.908983111749912 ], [ 72.933010146753631, 18.908983111749912 ] ] ] } },
{ "type": "Feature", "properties": { "cell_id": 92, "lon": 72.935385327945653, "lat": 18.91122888968739 }, "geometry": { "type": "Polygon", "coordinates": [ [ [ 72.937760509137689, 18.908983111749912 ], [ 72.937760509137689, 18.913474667624868 ], [ 72.933010146753631, 18.913474667624868 ], [ 72.933010146753631, 18.908983111749912 ], [ 72.937760509137689, 18.908983111749912 ] ] ] } },
{ "type": "Feature", "properties": { "cell_id": 93, "lon": 72.940135690329711, "lat": 18.91122888968739 }, "geometry": { "type": "Polygon", "coordinates": [ [ [ 72.942510871521748, 18.908983111749912 ], [ 72.942510871521748, 18.913474667624868 ], [ 72.937760509137689, 18.913474667624868 ], [ 72.937760509137689, 18.908983111749912 ], [ 72.942510871521748, 18.908983111749912 ] ] ] } },
{ "type": "Feature", "properties": { "cell_id": 94, "lon": 72.94488605271377, "lat": 18.91122888968739 }, "geometry": { "type": "Polygon", "coordinates": [ [ [ 72.947261233905806, 18.908983111749912 ], [ 72.947261233905806, 18.913474667624868 ], [ 72.942510871521748, 18.913474667624868 ], [ 72.942510871521748, 18.908983111749912 ], [ 72.947261233905806, 18.908983111749912 ] ] ] } },
{ "type": "Feature", "properties": { "cell_id": 95, "lon": 72.949636415097828, "lat": 18.91122888968739 }, "geometry": { "type": "Polygon", "coordinates": [ [ [ 72.952011596289864, 18.908983111749912 ], [ 72.952011596289864, 18.913474667624868 ], [ 72.947261233905806, 18.913474667624868 ], [ 72.947261233905806, 18.908983111749912 ], [ 72.952011596289864, 18.908983111749912 ] ] ] } },
{ "type": "Feature", "properties": { "cell_id": 96, "lon": 72.802375181192019, "lat": 18.915720445562346 }, "geometry": { "type": "Polygon", "coordinates": [ [ [ 72.804750362384056, 18.913474667624868 ], [ 72.804750362384056, 18.917966223499825 ], [ 72.8, 18.917966223499825 ], [ 72.8, 18.913474667624868 ], [ 72.804750362384056, 18.913474667624868 ] ] ] } },
{ "type": "Feature", "properties": { "cell_id": 97, "lon": 72.807125543576078, "lat": 18.915720445562346 }, "geometry": { "type": "Polygon", "coordinates": [ [ [ 72.809500724768114, 18.913474667624868 ], [ 72.809500724768114, 18.917966223499825 ], [ 72.804750362384056, 18.917966223499825 ], [ 72.804750362384056, 18.913474667624868 ], [ 72.809500724768114, 18.913474667624868 ] ] ] } },
{ "type": "Feature", "properties": { "cell_id": 98, "lon": 72.811875905960136, "lat": 18.915720445562346 }, "geometry": { "type": "Polygon", "coordinates": [ [ [ 72.814251087152172, 18.913474667624868 ], [ 72.814251087152172, 18.917966223499825 ], [ 72.809500724768114, 18.917966223499825 ], [ 72.809500724768114, 18.913474667624868 ], [ 72.814251087152172, 18.913474667624868 ] ] ] } },
{ "type": "Feature", "properties": { "cell_id": 99, "lon": 72.816626268344194, "lat": 18.915720445562346 }, "geometry": { "type": "Polygon", "coordinates": [ [ [ 72.819001449536231, 18.913474667624868 ], [ 72.819001449536231, 18.917966223499825 ], [ 72.814251087152172, 18.917966223499825 ], [ 72.814251087152172, 18.913474667624868 ], [ 72.819001449536231, 18.913474667624868 ] ] ] } },
{ "type": "Feature", "properties": { "cell_id": 100, "lon": 72.821376630728253, "lat": 18.915720445562346 }, "geometry": { "type": "Polygon", "coordinates": [ [ [ 72.823751811920289, 18.913474667624868 ], [ 72.823751811920289, 18.917966223499825 ], [ 72.819001449536231, 18.917966223499825 ], [ 72.819001449536231, 18.913474667624868 ], [ 72.823751811920289, 18.913474667624868 ] ] ] } },
{ "type": "Feature", "properties": { "cell_id": 101, "lon": 72.826126993112311, "lat": 18.915720445562346 }, "geometry": { "type": "Polygon", "coordinates": [ [ [ 72.828502174304347, 18.913474667624868 ], [ 72.828502174304347, 18.917966223499825 ], [ 72.823751811920289, 18.917966223499825 ], [ 72.823751811920289, 18.913474667624868 ], [ 72.828502174304347, 18.913474667624868 ] ] ] } },
{ "type": "Feature", "properties": { "cell_id": 102, "lon": 72.830877355496369, "lat": 18.915720445562346 }, "geometry": { "type": "Polygon", "coordinates": [ [ [ 72.833252536688406, 18.913474667624868 ], [ 72.833252536688406, 18.917966223499825 ], [ 72.828502174304347, 18.917966223499825 ], [ 72.828502174304347, 18.913474667624868 ], [ 72.833252536688406, 18.913474667624868 ] ] ] } },
{ "type": "Feature", "properties": { "cell_id": 103, "lon": 72.835627717880428, "lat": 18.915720445562346 }, "geometry": { "type": "Polygon", "coordinates": [ [ [ 72.838002899072464, 18.913474667624868 ], [ 72.838002899072464, 18.917966223499825 ], [ 72.833252536688406, 18.917966223499825 ], [ 72.833252536688406, 18.913474667624868 ], [ 72.838002899072464, 18.913474667624868 ] ] ] } },
{ "type": "Feature", "properties": { "cell_id": 104, "lon": 72.840378080264486, "lat": 18.915720445562346 }, "geometry": { "type": "Polygon", "coordinates": [ [ [ 72.842753261456522, 18.913474667624868 ], [ 72.842753261456522, 18.917966223499825 ], [ 72.838002899072464, 18.917966223499825 ], [ 72.838002899072464, 18.913474667624868 ], [ 72.842753261456522, 18.913474667624868 ] ] ] } },
{ "type": "Feature", "properties": { "cell_id": 105, "lon": 72.845128442648544, "lat": 18.915720445562346 }, "geometry": { "type": "Polygon", "coordinates": [ [ [ 72.847503623840581, 18.913474667624868 ], [ 72.847503623840581, 18.917966223499825 ], [ 72.842753261456522, 18.917966223499825 ], [ 72.842753261456522, 18.913474667624868 ], [ 72.847503623840581, 18.913474667624868 ] ] ] } },
{ "type": "Feature", "properties": { "cell_id": 106, "lon": 72.849878805032603, "lat": 18.915720445562346 }, "geometry": { "type": "Polygon", "coordinates": [ [ [ 72.852253986224639, 18.913474667624868 ], [ 72.852253986224639, 18.917966223499825 ], [ 72.847503623840581, 18.917966223499825 ], [ 72.847503623840581, 18.913474667624868 ], [ 72.852253986224639, 18.913474667624868 ] ] ] } },
{ "type": "Feature", "properties": { "cell_id": 107, "lon": 72.854629167416661, "lat": 18.915720445562346 }, "geometry": { "type": "Polygon", "coordinates": [ [ [ 72.857004348608697, 18.913474667624868 ], [ 72.857004348608697, 18.917966223499825 ], [ 72.852253986224639, 18.917966223499825 ], [ 72.852253986224639, 18.913474667624868 ], [ 72.857004348608697, 18.913474667624868 ] ] ] } },
{ "type": "Feature", "properties": { "cell_id": 108, "lon": 72.859379529800719, "lat": 18.915720445562346 }, "geometry": { "type": "Polygon", "coordinates": [ [ [ 72.861754710992756, 18.913474667624868 ], [ 72.861754710992756, 18.917966223499825 ], [ 72.857004348608697, 18.917966223499825 ], [ 72.857004348608697, 18.913474667624868 ], [ 72.861754710992756, 18.913474667624868 ] ] ] } },
{ "type": "Feature", "properties": { "cell_id": 109, "lon": 72.864129892184778, "lat": 18.915720445562346 }, "geometry": { "type": "Polygon", "coordinates": [ [ [ 72.866505073376814, 18.913474667624868 ], [ 72.866505073376814, 18.917966223499825 ], [ 72.861754710992756, 18.917966223499825 ], [ 72.861754710992756, 18.913474667624868 ], [ 72.866505073376814, 18.913474667624868 ] ] ] } },
{ "type": "Feature", "properties": { "cell_id": 110, "lon": 72.868880254568836, "lat": 18.915720445562346 }, "geometry": { "type": "Polygon", "coordinates": [ [ [ 72.871255435760872, 18.913474667624868 ], [ 72.871255435760872, 18.917966223499825 ], [ 72.866505073376814, 18.917966223499825 ], [ 72.866505073376814, 18.913474667624868 ], [ 72.871255435760872, 18.913474667624868 ] ] ] } },
{ "type": "Feature", "properties": { "cell_id": 111, "lon": 72.873630616952894, "lat": 18.915720445562346 }, "geometry": { "type": "Polygon", "coordinates": [ [ [ 72.876005798144931, 18.913474667624868 ], [ 72.876005798144931, 18.917966223499825 ], [ 72.871255435760872, 18.917966223499825 ], [ 72.871255435760872, 18.913474667624868 ], [ 72.876005798144931, 18.913474667624868 ] ] ] } },
{ "type": "Feature", "properties": { "cell_id": 112, "lon": 72.878380979336953, "lat": 18.915720445562346 }, "geometry": { "type": "Polygon", "coordinates": [ [ [ 72.880756160528989, 18.913474667624868 ], [ 72.880756160528989, 18.917966223499825 ], [ 72.876005798144931, 18.917966223499825 ], [ 72.876005798144931, 18.913474667624868 ], [ 72.880756160528989, 18.913474667624868 ] ] ] } },
{ "type": "Feature", "properties": { "cell_id": 113, "lon": 72.883131341721011, "lat": 18.915720445562346 }, "geometry": { "type": "Polygon", "coordinates": [ [ [ 72.885506522913047, 18.913474667624868 ], [ 72.885506522913047, 18.917966223499825 ], [ 72.880756160528989, 18.917966223499825 ], [ 72.880756160528989, 18.913474667624868 ], [ 72.885506522913047, 18.913474667624868 ] ] ] } },
{ "type": "Feature", "properties": { "cell_id": 114, "lon": 72.88788170410507, "lat": 18.915720445562346 }, "geometry": { "type": "Polygon", "coordinates": [ [ [ 72.890256885297106, 18.913474667624868 ], [ 72.890256885297106, 18.917966223499825 ], [ 72.885506522913047, 18.917966223499825 ], [ 72.885506522913047, 18.913474667624868 ], [ 72.890256885297106, 18.913474667624868 ] ] ] } },
{ "type": "Feature", "properties": { "cell_id": 115, "lon": 72.892632066489128, "lat": 18.915720445562346 }, "geometry": { "type": "Polygon", "coordinates": [ [ [ 72.895007247681164, 18.913474667624868 ], [ 72.895007247681164, 18.917966223499825 ], [ 72.890256885297106, 18.917966223499825 ], [ 72.890256885297106, 18.913474667624868 ], [ 72.895007247681164, 18.913474667624868 ] ] ] } },
{ "type": "Feature", "properties": { "cell_id": 116, "lon": 72.897382428873186, "lat": 18.915720445562346 }, "geometry": { "type": "Polygon", "coordinates": [ [ [ 72.899757610065222, 18.913474667624868 ], [ 72.899757610065222, 18.917966223499825 ], [ 72.895007247681164, 18.917966223499825 ], [ 72.895007247681164, 18.913474667624868 ], [ 72.899757610065222, 18.913474667624868 ] ] ] } },
{ "type": "Feature", "properties": { "cell_id": 117, "lon": 72.902132791257245, "lat": 18.915720445562346 }, "geometry": { "type": "Polygon", "coordinates": [ [ [ 72.904507972449281, 18.913474667624868 ], [ 72.904507972449281, 18.917966223499825 ], [ 72.899757610065222, 18.917966223499825 ], [ 72.899757610065222, 18.913474667624868 ], [ 72.904507972449281, 18.913474667624868 ] ] ] } },
{ "type": "Feature", "properties": { "cell_id": 118, "lon": 72.906883153641303, "lat": 18.915720445562346 }, "geometry": { "type": "Polygon", "coordinates": [ [ [ 72.909258334833339, 18.913474667624868 ], [ 72.909258334833339, 18.917966223499825 ], [ 72.904507972449281, 18.917966223499825 ], [ 72.904507972449281, 18.913474667624868 ], [ 72.909258334833339, 18.913474667624868 ] ] ] } },
{ "type": "Feature", "properties": { "cell_id": 119, "lon": 72.911633516025361, "lat": 18.915720445562346 }, "geometry": { "type": "Polygon", "coordinates": [ [ [ 72.914008697217398, 18.913474667624868 ], [ 72.914008697217398, 18.917966223499825 ], [ 72.909258334833339, 18.917966223499825 ], [ 72.909258334833339, 18.913474667624868 ], [ 72.914008697217398, 18.913474667624868 ] ] ] } },
{ "type": "Feature", "properties": { "cell_id": 120, "lon": 72.91638387840942, "lat": 18.915720445562346 }, "geometry": { "type": "Polygon", "coordinates": [ [ [ 72.918759059601456, 18.913474667624868 ], [ 72.918759059601456, 18.917966223499825 ], [ 72.914008697217398, 18.917966223499825 ], [ 72.914008697217398, 18.913474667624868 ], [ 72.918759059601456, 18.913474667624868 ] ] ] } },
{ "type": "Feature", "properties": { "cell_id": 121, "lon": 72.921134240793478, "lat": 18.915720445562346 }, "geometry": { "type": "Polygon", "coordinates": [ [ [ 72.923509421985514, 18.913474667624868 ], [ 72.923509421985514, 18.917966223499825 ], [ 72.918759059601456, 18.917966223499825 ], [ 72.918759059601456, 18.913474667624868 ], [ 72.923509421985514, 18.913474667624868 ] ] ] } },
{ "type": "Feature", "properties": { "cell_id": 122, "lon": 72.925884603177536, "lat": 18.915720445562346 }, "geometry": { "type": "Polygon", "coordinates": [ [ [ 72.928259784369573, 18.913474667624868 ], [ 72.928259784369573, 18.917966223499825 ], [ 72.923509421985514, 18.917966223499825 ], [ 72.923509421985514, 18.913474667624868 ], [ 72.928259784369573, 18.913474667624868 ] ] ] } },
{ "type": "Feature", "properties": { "cell_id": 123, "lon": 72.930634965561595, "lat": 18.915720445562346 }, "geometry": { "type": "Polygon", "coordinates": [ [ [ 72.933010146753631, 18.913474667624868 ], [ 72.933010146753631, 18.917966223499825 ], [ 72.928259784369573, 18.917966223499825 ], [ 72.928259784369573, 18.913474667624868 ], [ 72.933010146753631, 18.913474667624868 ] ] ] } },
{ "type": "Feature", "properties": { "cell_id": 124, "lon": 72.935385327945653, "lat": 18.915720445562346 }, "geometry": { "type": "Polygon", "coordinates": [ [ [ 72.937760509137689, 18.913474667624868 ], [ 72.937760509137689, 18.917966223499825 ], [ 72.933010146753631, 18.917966223499825 ], [ 72.933010146753631, 18.913474667624868 ], [ 72.937760509137689, 18.913474667624868 ] ] ] } },
{ "type": "Feature", "properties": { "cell_id": 125, "lon": 72.940135690329711, "lat": 18.915720445562346 }, "geometry": { "type": "Polygon", "coordinates": [ [ [ 72.942510871521748, 18.913474667624868 ], [ 72.942510871521748, 18.917966223499825 ], [ 72.937760509137689, 18.917966223499825 ], [ 72.937760509137689, 18.913474667624868 ], [ 72.942510871521748, 18.913474667624868 ] ] ] } },
{ "type": "Feature", "properties": { "cell_id": 126, "lon": 72.94488605271377, "lat": 18.915720445562346 }, "geometry": { "type": "Polygon", "coordinates": [ [ [ 72.947261233905806, 18.913474667624868 ], [ 72.947261233905806, 18.917966223499825 ], [ 72.942510871521748, 18.917966223499825 ], [ 72.942510871521748, 18.913474667624868 ], [ 72.947261233905806, 18.913474667624868 ] ] ] } },
{ "type": "Feature", "properties": { "cell_id": 127, "lon": 72.949636415097828, "lat": 18.915720445562346 }, "geometry": { "type": "Polygon", "coordinates": [ [ [ 72.952011596289864, 18.913474667624868 ], [ 72.952011596289864, 18.917966223499825 ], [ 72.947261233905806, 18.917966223499825 ], [ 72.947261233905806, 18.913474667624868 ], [ 72.952011596289864, 18.913474667624868 ] ] ] } },
{ "type": "Feature", "properties": { "cell_id": 128, "lon": 72.802375181192019, "lat": 18.920212001437303 }, "geometry": { "type": "Polygon", "coordinates": [ [ [ 72.804750362384056, 18.917966223499825 ], [ 72.804750362384056, 18.922457779374781 ], [ 72.8, 18.922457779374781 ], [ 72.8, 18.917966223499825 ], [ 72.804750362384056, 18.917966223499825 ] ] ] } },
{ "type": "Feature", "properties": { "cell_id": 129, "lon": 72.807125543576078, "lat": 18.920212001437303 }, "geometry": { "type": "Polygon", "coordinates": [ [ [ 72.809500724768114, 18.917966223499825 ], [ 72.809500724768114, 18.922457779374781 ], [ 72.804750362384056, 18.922457779374781 ], [ 72.804750362384056, 18.917966223499825 ], [ 72.809500724768114, 18.917966223499825 ] ] ] } },
{ "type": "Feature", "properties": { "cell_id": 130, "lon": 72.811875905960136, "lat": 18.920212001437303 }, "geometry": { "type": "Polygon", "coordinates": [ [ [ 72.814251087152172, 18.917966223499825 ], [ 72.814251087152172, 18.922457779374781 ], [ 72.809500724768114, 18.922457779374781 ], [ 72.809500724768114, 18.917966223499825 ], [ 72.814251087152172, 18.917966223499825 ] ] ] } },
{ "type": "Feature", "properties": { "cell_id": 131, "lon": 72.816626268344194, "lat": 18.920212001437303 }, "geometry": { "type": "Polygon", "coordinates": [ [ [ 72.819001449536231, 18.917966223499825 ], [ 72.819001449536231, 18.922457779374781 ], [ 72.814251087152172, 18.922457779374781 ], [ 72.814251087152172, 18.917966223499825 ], [ 72.819001449536231, 18.917966223499825 ] ] ] } },
{ "type": "Feature", "properties": { "cell_id": 132, "lon": 72.821376630728253, "lat": 18.920212001437303 }, "geometry": { "type": "Polygon", "coordinates": [ [ [ 72.823751811920289, 18.917966223499825 ], [ 72.823751811920289, 18.922457779374781 ], [ 72.819001449536231, 18.922457779374781 ], [ 72.819001449536231, 18.917966223499825 ], [ 72.823751811920289, 18.917966223499825 ] ] ] } },
{ "type": "Feature", "properties": { "cell_id": 133, "lon": 72.826126993112311, "lat": 18.920212001437303 }, "geometry": { "type": "Polygon", "coordinates": [ [ [ 72.828502174304347, 18.917966223499825 ], [ 72.828502174304347, 18.922457779374781 ], [ 72.823751811920289, 18.922457779374781 ], [ 72.823751811920289, 18.917966223499825 ], [ 72.828502174304347, 18.917966223499825 ] ] ] } },
{ "type": "Feature", "properties": { "cell_id": 134, "lon": 72.830877355496369, "lat": 18.920212001437303 }, "geometry": { "type": "Polygon", "coordinates": [ [ [ 72.833252536688406, 18.917966223499825 ], [ 72.833252536688406, 18.922457779374781 ], [ 72.828502174304347, 18.922457779374781 ], [ 72.828502174304347, 18.917966223499825 ], [ 72.833252536688406, 18.917966223499825 ] ] ] } },
{ "type": "Feature", "properties": { "cell_id": 135, "lon": 72.835627717880428, "lat": 18.920212001437303 }, "geometry": { "type": "Polygon", "coordinates": [ [ [ 72.838002899072464, 18.917966223499825 ], [ 72.838002899072464, 18.922457779374781 ], [ 72.833252536688406, 18.922457779374781 ], [ 72.833252536688406, 18.917966223499825 ], [ 72.838002899072464, 18.917966223499825 ] ] ] } },
{ "type": "Feature", "properties": { "cell_id": 136, "lon": 72.840378080264486, "lat": 18.920212001437303 }, "geometry": { "type": "Polygon", "coordinates": [ [ [ 72.842753261456522, 18.917966223499825 ], [ 72.842753261456522, 18.922457779374781 ], [ 72.838002899072464, 18.922457779374781 ], [ 72.838002899072464, 18.917966223499825 ], [ 72.842753261456522, 18.917966223499825 ] ] ] } },
{ "type": "Feature", "properties": { "cell_id": 137, "lon": 72.845128442648544, "lat": 18.920212001437303 }, "geometry": { "type": "Polygon", "coordinates": [ [ [ 72.847503623840581, 18.917966223499825 ], [ 72.847503623840581, 18.922457779374781 ], [ 72.842753261456522, 18.922457779374781 ], [ 72.842753261456522, 18.917966223499825 ], [ 72.847503623840581, 18.917966223499825 ] ] ] } },
{ "type": "Feature", "properties": { "cell_id": 138, "lon": 72.849878805032603, "lat": 18.920212001437303 }, "geometry": { "type": "Polygon", "coordinates": [ [ [ 72.852253986224639, 18.917966223499825 ], [ 72.852253986224639, 18.922457779374781 ], [ 72.847503623840581, 18.922457779374781 ], [ 72.847503623840581, 18.917966223499825 ], [ 72.852253986224639, 18.917966223499825 ] ] ] } },
{ "type": "Feature", "properties": { "cell_id": 139, "lon": 72.854629167416661, "lat": 18.920212001437303 }, "geometry": { "type": "Polygon", "coordinates": [ [ [ 72.857004348608697, 18.917966223499825 ], [ 72.857004348608697, 18.922457779374781 ], [ 72.852253986224639, 18.922457779374781 ], [ 72.852253986224639, 18.917966223499825 ], [ 72.857004348608697, 18.917966223499825 ] ] ] } },
{ "type": "Feature", "properties": { "cell_id": 140, "lon": 72.859379529800719, "lat": 18.920212001437303 }, "geometry": { "type": "Polygon", "coordinates": [ [ [ 72.861754710992756, 18.917966223499825 ], [ 72.861754710992756, 18.922457779374781 ], [ 72.857004348608697, 18.922457779374781 ], [ 72.857004348608697, 18.917966223499825 ], [ 72.861754710992756, 18.917966223499825 ] ] ] } },
{ "type": "Feature", "properties": { "cell_id": 141, "lon": 72.864129892184778, "lat": 18.920212001437303 }, "geometry": { "type": "Polygon", "coordinates": [ [ [ 72.866505073376814, 18.917966223499825 ], [ 72.866505073376814, 18.922457779374781 ], [ 72.861754710992756, 18.922457779374781 ], [ 72.861754710992756, 18.917966223499825 ], [ 72.866505073376814, 18.917966223499825 ] ] ] } },
{ "type": "Feature", "properties": { "cell_id": 142, "lon": 72.868880254568836, "lat": 18.920212001437303 }, "geometry": { "type": "Polygon", "coordinates": [ [ [ 72.871255435760872, 18.917966223499825 ], [ 72.871255435760872, 18.922457779374781 ], [ 72.866505073376814, 18.922457779374781 ], [ 72.866505073376814, 18.917966223499825 ], [ 72.871255435760872, 18.917966223499825 ] ] ] } },
{ "type": "Feature", "properties": { "cell_id": 143, "lon": 72.873630616952894, "lat": 18.920212001437303 }, "geometry": { "type": "Polygon", "coordinates": [ [ [ 72.876005798144931, 18.917966223499825 ], [ 72.876005798144931, 18.922457779374781 ], [ 72.871255435760872, 18.922457779374781 ], [ 72.871255435760872, 18.917966223499825 ], [ 72.876005798144931, 18.917966223499825 ] ] ] } },
{ "type": "Feature", "properties": { "cell_id": 144, "lon": 72.878380979336953, "lat": 18.920212001437303 }, "geometry": { "type": "Polygon", "coordinates": [ [ [ 72.880756160528989, 18.917966223499825 ], [ 72.880756160528989, 18.922457779374781 ], [ 72.876005798144931, 18.922457779374781 ], [ 72.876005798144931, 18.917966223499825 ], [ 72.880756160528989, 18.917966223499825 ] ] ] } },
{ "type": "Feature", "properties": { "cell_id": 145, "lon": 72.883131341721011, "lat": 18.920212001437303 }, "geometry": { "type": "Polygon", "coordinates": [ [ [ 72.885506522913047, 18.917966223499825 ], [ 72.885506522913047, 18.922457779374781 ], [ 72.880756160528989, 18.922457779374781 ], [ 72.880756160528989, 18.917966223499825 ], [ 72.885506522913047, 18.917966223499825 ] ] ] } },
{ "type": "Feature", "properties": { "cell_id": 146, "lon": 72.88788170410507, "lat": 18.920212001437303 }, "geometry": { "type": "Polygon", "coordinates": [ [ [ 72.890256885297106, 18.917966223499825 ], [ 72.890256885297106, 18.922457779374781 ], [ 72.885506522913047, 18.922457779374781 ], [ 72.885506522913047, 18.917966223499825 ], [ 72.890256885297106, 18.917966223499825 ] ] ] } },
{ "type": "Feature", "properties": { "cell_id": 147, "lon": 72.892632066489128, "lat": 18.920212001437303 }, "geometry": { "type": "Polygon", "coordinates": [ [ [ 72.895007247681164, 18.917966223499825 ], [ 72.895007247681164, 18.922457779374781 ], [ 72.890256885297106, 18.922457779374781 ], [ 72.890256885297106, 18.917966223499825 ], [ 72.895007247681164, 18.917966223499825 ] ] ] } },
{ "type": "Feature", "properties": { "cell_id": 148, "lon": 72.897382428873186, "lat": 18.920212001437303 }, "geometry": { "type": "Polygon", "coordinates": [ [ [ 72.899757610065222, 18.917966223499825 ], [ 72.899757610065222, 18.922457779374781 ], [ 72.895007247681164, 18.922457779374781 ], [ 72.895007247681164, 18.917966223499825 ], [ 72.899757610065222, 18.917966223499825 ] ] ] } },
{ "type": "Feature", "properties": { "cell_id": 149, "lon": 72.902132791257245, "lat": 18.920212001437303 }, "geometry": { "type": "Polygon", "coordinates": [ [ [ 72.904507972449281, 18.917966223499825 ], [ 72.904507972449281, 18.922457779374781 ], [ 72.899757610065222, 18.922457779374781 ], [ 72.899757610065222, 18.917966223499825 ], [ 72.904507972449281, 18.917966223499825 ] ] ] } },
{ "type": "Feature", "properties": { "cell_id": 150, "lon": 72.906883153641303, "lat": 18.920212001437303 }, "geometry": { "type": "Polygon", "coordinates": [ [ [ 72.909258334833339, 18.917966223499825 ], [ 72.909258334833339, 18.922457779374781 ], [ 72.904507972449281, 18.922457779374781 ], [ 72.904507972449281, 18.917966223499825 ], [ 72.909258334833339, 18.917966223499825 ] ] ] } },
{ "type": "Feature", "properties": { "cell_id": 151, "lon": 72.911633516025361, "lat": 18.920212001437303 }, "geometry": { "type": "Polygon", "coordinates": [ [ [ 72.914008697217398, 18.917966223499825 ], [ 72.914008697217398, 18.922457779374781 ], [ 72.909258334833339, 18.922457779374781 ], [ 72.909258334833339, 18.917966223499825 ], [ 72.914008697217398, 18.917966223499825 ] ] ] } },
{ "type": "Feature", "properties": { "cell_id": 152, "lon": 72.91638387840942, "lat": 18.920212001437303 }, "geometry": { "type": "Polygon", "coordinates": [ [ [ 72.918759059601456, 18.917966223499825 ], [ 72.918759059601456, 18.922457779374781 ], [ 72.914008697217398, 18.922457779374781 ], [ 72.914008697217398, 18.917966223499825 ], [ 72.918759059601456, 18.917966223499825 ] ] ] } },
{ "type": "Feature", "properties": { "cell_id": 153, "lon": 72.921134240793478, "lat": 18.920212001437303 }, "geometry": { "type": "Polygon", "coordinates": [ [ [ 72.923509421985514, 18.917966223499825 ], [ 72.923509421985514, 18.922457779374781 ], [ 72.918759059601456, 18.922457779374781 ], [ 72.918759059601456, 18.917966223499825 ], [ 72.923509421985514, 18.917966223499825 ] ] ] } },
{ "type": "Feature", "properties": { "cell_id": 154, "lon": 72.925884603177536, "lat": 18.920212001437303 }, "geometry": { "type": "Polygon", "coordinates": [ [ [ 72.928259784369573, 18.917966223499825 ], [ 72.928259784369573, 18.922457779374781 ], [ 72.923509421985514, 18.922457779374781 ], [ 72.923509421985514, 18.917966223499825 ], [ 72.928259784369573, 18.917966223499825 ] ] ] } },
{ "type": "Feature", "properties": { "cell_id": 155, "lon": 72.930634965561595, "lat": 18.920212001437303 }, "geometry": { "type": "Polygon", "coordinates": [ [ [ 72.933010146753631, 18.917966223499825 ], [ 72.933010146753631, 18.922457779374781 ], [ 72.928259784369573, 18.922457779374781 ], [ 72.928259784369573, 18.917966223499825 ], [ 72.933010146753631, 18.917966223499825 ] ] ] } },
{ "type": "Feature", "properties": { "cell_id": 156, "lon": 72.935385327945653, "lat": 18.920212001437303 }, "geometry": { "type": "Polygon", "coordinates": [ [ [ 72.937760509137689, 18.917966223499825 ], [ 72.937760509137689, 18.922457779374781 ], [ 72.933010146753631, 18.922457779374781 ], [ 72.933010146753631, 18.917966223499825 ], [ 72.937760509137689, 18.917966223499825 ] ] ] } },
{ "type": "Feature", "properties": { "cell_id": 157, "lon": 72.940135690329711, "lat": 18.920212001437303 }, "geometry": { "type": "Polygon", "coordinates": [ [ [ 72.942510871521748, 18.917966223499825 ], [ 72.942510871521748, 18.922457779374781 ], [ 72.937760509137689, 18.922457779374781 ], [ 72.937760509137689, 18.917966223499825 ], [ 72.942510871521748, 18.917966223499825 ] ] ] } },
{ "type": "Feature", "properties": { "cell_id": 158, "lon": 72.94488605271377, "lat": 18.920212001437303 }, "geometry": { "type": "Polygon", "coordinates": [ [ [ 72.947261233905806, 18.917966223499825 ], [ 72.947261233905806, 18.922457779374781 ], [ 72.942510871521748, 18.922457779374781 ], [ 72.942510871521748, 18.917966223499825 ], [ 72.947261233905806, 18.917966223499825 ] ] ] } },
{ "type": "Feature", "properties": { "cell_id": 159, "lon": 72.949636415097828, "lat": 18.920212001437303 }, "geometry": { "type": "Polygon", "coordinates": [ [ [ 72.952011596289864, 18.917966223499825 ], [ 72.952011596289864, 18.922457779374781 ], [ 72.947261233905806, 18.922457779374781 ], [ 72.947261233905806, 18.917966223499825 ], [ 72.952011596289864, 18.917966223499825 ] ] ] } },
{ "type": "Feature", "properties": { "cell_id": 160, "lon": 72.802375181192019, "lat": 18.92470355731226 }, "geometry": { "type": "Polygon", "coordinates": [ [ [ 72.804750362384056, 18.922457779374781 ], [ 72.804750362384056, 18.926949335249738 ], [ 72.8, 18.926949335249738 ], [ 72.8, 18.922457779374781 ], [ 72.804750362384056, 18.922457779374781 ] ] ] } },
{ "type": "Feature", "properties": { "cell_id": 161, "lon": 72.807125543576078, "lat": 18.92470355731226 }, "geometry": { "type": "Polygon", "coordinates": [ [ [ 72.809500724768114, 18.922457779374781 ], [ 72.809500724768114, 18.926949335249738 ], [ 72.804750362384056, 18.926949335249738 ], [ 72.804750362384056, 18.922457779374781 ], [ 72.809500724768114, 18.922457779374781 ] ] ] } },
{ "type": "Feature", "properties": { "cell_id": 162, "lon": 72.811875905960136, "lat": 18.92470355731226 }, "geometry": { "type": "Polygon", "coordinates": [ [ [ 72.814251087152172, 18.922457779374781 ], [ 72.814251087152172, 18.926949335249738 ], [ 72.809500724768114, 18.926949335249738 ], [ 72.809500724768114, 18.922457779374781 ], [ 72.814251087152172, 18.922457779374781 ] ] ] } },
{ "type": "Feature", "properties": { "cell_id": 163, "lon": 72.816626268344194, "lat": 18.92470355731226 }, "geometry": { "type": "Polygon", "coordinates": [ [ [ 72.819001449536231, 18.922457779374781 ], [ 72.819001449536231, 18.926949335249738 ], [ 72.814251087152172, 18.926949335249738 ], [ 72.814251087152172, 18.922457779374781 ], [ 72.819001449536231, 18.922457779374781 ] ] ] } },
{ "type": "Feature", "properties": { "cell_id": 164, "lon": 72.821376630728253, "lat": 18.92470355731226 }, "geometry": { "type": "Polygon", "coordinates": [ [ [ 72.823751811920289, 18.922457779374781 ], [ 72.823751811920289, 18.926949335249738 ], [ 72.819001449536231, 18.926949335249738 ], [ 72.819001449536231, 18.922457779374781 ], [ 72.823751811920289, 18.922457779374781 ] ] ] } },
{ "type": "Feature", "properties": { "cell_id": 165, "lon": 72.826126993112311, "lat": 18.92470355731226 }, "geometry": { "type": "Polygon", "coordinates": [ [ [ 72.828502174304347, 18.922457779374781 ], [ 72.828502174304347, 18.926949335249738 ], [ 72.823751811920289, 18.926949335249738 ], [ 72.823751811920289, 18.922457779374781 ], [ 72.828502174304347, 18.922457779374781 ] ] ] } },
{ "type": "Feature", "properties": { "cell_id": 166, "lon": 72.830877355496369, "lat": 18.92470355731226 }, "geometry": { "type": "Polygon", "coordinates": [ [ [ 72.833252536688406, 18.922457779374781 ], [ 72.833252536688406, 18.926949335249738 ], [ 72.828502174304347, 18.926949335249738 ], [ 72.828502174304347, 18.922457779374781 ], [ 72.833252536688406, 18.922457779374781 ] ] ] } },
{ "type": "Feature", "properties": { "cell_id": 167, "lon": 72.835627717880428, "lat": 18.92470355731226 }, "geometry": { "type": "Polygon", "coordinates": [ [ [ 72.838002899072464, 18.922457779374781 ], [ 72.838002899072464, 18.926949335249738 ], [ 72.833252536688406, 18.926949335249738 ], [ 72.833252536688406, 18.922457779374781 ], [ 72.838002899072464, 18.922457779374781 ] ] ] } },
{ "type": "Feature", "properties": { "cell_id": 168, "lon": 72.840378080264486, "lat": 18.92470355731226 }, "geometry": { "type": "Polygon", "coordinates": [ [ [ 72.842753261456522, 18.922457779374781 ], [ 72.842753261456522, 18.926949335249738 ], [ 72.838002899072464, 18.926949335249738 ], [ 72.838002899072464, 18.922457779374781 ], [ 72.842753261456522, 18.922457779374781 ] ] ] } },
{ "type": "Feature", "properties": { "cell_id": 169, "lon": 72.845128442648544, "lat": 18.92470355731226 }, "geometry": { "type": "Polygon", "coordinates": [ [ [ 72.847503623840581, 18.922457779374781 ], [ 72.847503623840581, 18.926949335249738 ], [ 72.842753261456522, 18.926949335249738 ], [ 72.842753261456522, 18.922457779374781 ], [ 72.847503623840581, 18.922457779374781 ] ] ] } },
{ "type": "Feature", "properties": { "cell_id": 170, "lon": 72.849878805032603, "lat": 18.92470355731226 }, "geometry": { "type": "Polygon", "coordinates": [ [ [ 72.852253986224639, 18.922457779374781 ], [ 72.852253986224639, 18.926949335249738 ], [ 72.847503623840581, 18.926949335249738 ], [ 72.847503623840581, 18.922457779374781 ], [ 72.852253986224639, 18.922457779374781 ] ] ] } },
{ "type": "Feature", "properties": { "cell_id": 171, "lon": 72.854629167416661, "lat": 18.92470355731226 }, "geometry": { "type": "Polygon", "coordinates": [ [ [ 72.857004348608697, 18.922457779374781 ], [ 72.857004348608697, 18.926949335249738 ], [ 72.852253986224639, 18.926949335249738 ], [ 72.852253986224639, 18.922457779374781 ], [ 72.857004348608697, 18.922457779374781 ] ] ] } },
{ "type": "Feature", "properties": { "cell_id": 172, "lon": 72.859379529800719, "lat": 18.92470355731226 }, "geometry": { "type": "Polygon", "coordinates": [ [ [ 72.861754710992756, 18.922457779374781 ], [ 72.861754710992756, 18.926949335249738 ], [ 72.857004348608697, 18.926949335249738 ], [ 72.857004348608697, 18.922457779374781 ], [ 72.861754710992756, 18.922457779374781 ] ] ] } },
{ "type": "Feature", "properties": { "cell_id": 173, "lon": 72.864129892184778, "lat": 18.92470355731226 }, "geometry": { "type": "Polygon", "coordinates": [ [ [ 72.866505073376814, 18.922457779374781 ], [ 72.866505073376814, 18.926949335249738 ], [ 72.861754710992756, 18.926949335249738 ], [ 72.861754710992756, 18.922457779374781 ], [ 72.866505073376814, 18.922457779374781 ] ] ] } },
{ "type": "Feature", "properties": { "cell_id": 174, "lon": 72.868880254568836, "lat": 18.92470355731226 }, "geometry": { "type": "Polygon", "coordinates": [ [ [ 72.871255435760872, 18.922457779374781 ], [ 72.871255435760872, 18.926949335249738 ], [ 72.866505073376814, 18.926949335249738 ], [ 72.866505073376814, 18.922457779374781 ], [ 72.871255435760872, 18.922457779374781 ] ] ] } },
{ "type": "Feature", "properties": { "cell_id": 175, "lon": 72.873630616952894, "lat": 18.92470355731226 }, "geometry": { "type": "Polygon", "coordinates": [ [ [ 72.876005798144931, 18.922457779374781 ], [ 72.876005798144931, 18.926949335249738 ], [ 72.871255435760872, 18.926949335249738 ], [ 72.871255435760872, 18.922457779374781 ], [ 72.876005798144931, 18.922457779374781 ] ] ] } },
{ "type": "Feature", "properties": { "cell_id": 176, "lon": 72.878380979336953, "lat": 18.92470355731226 }, "geometry": { "type": "Polygon", "coordinates": [ [ [ 72.880756160528989, 18.922457779374781 ], [ 72.880756160528989, 18.926949335249738 ], [ 72.876005798144931, 18.926949335249738 ], [ 72.876005798144931, 18.922457779374781 ], [ 72.880756160528989, 18.922457779374781 ] ] ] } },
{ "type": "Feature", "properties": { "cell_id": 177, "lon": 72.883131341721011, "lat": 18.92470355731226 }, "geometry": { "type": "Polygon", "coordinates": [ [ [ 72.885506522913047, 18.922457779374781 ], [ 72.885506522913047, 18.926949335249738 ], [ 72.880756160528989, 18.926949335249738 ], [ 72.880756160528989, 18.922457779374781 ], [ 72.885506522913047, 18.922457779374781 ] ] ] } },
{ "type": "Feature", "properties": { "cell_id": 178, "lon": 72.88788170410507, "lat": 18.92470355731226 }, "geometry": { "type": "Polygon", "coordinates": [ [ [ 72.890256885297106, 18.922457779374781 ], [ 72.890256885297106, 18.926949335249738 ], [ 72.885506522913047, 18.926949335249738 ], [ 72.885506522913047, 18.922457779374781 ], [ 72.890256885297106, 18.922457779374781 ] ] ] } },
{ "type": "Feature", "properties": { "cell_id": 179, "lon": 72.892632066489128, "lat": 18.92470355731226 }, "geometry": { "type": "Polygon", "coordinates": [ [ [ 72.895007247681164, 18.922457779374781 ], [ 72.895007247681164, 18.926949335249738 ], [ 72.890256885297106, 18.926949335249738 ], [ 72.890256885297106, 18.922457779374781 ], [ 72.895007247681164, 18.922457779374781 ] ] ] } },
{ "type": "Feature", "properties": { "cell_id": 180, "lon": 72.897382428873186, "lat": 18.92470355731226 }, "geometry": { "type": "Polygon", "coordinates": [ [ [ 72.899757610065222, 18.922457779374781 ], [ 72.899757610065222, 18.926949335249738 ], [ 72.895007247681164, 18.926949335249738 ], [ 72.895007247681164, 18.922457779374781 ], [ 72.899757610065222, 18.922457779374781 ] ] ] } },
{ "type": "Feature", "properties": { "cell_id": 181, "lon": 72.902132791257245, "lat": 18.92470355731226 }, "geometry": { "type": "Polygon", "coordinates": [ [ [ 72.904507972449281, 18.922457779374781 ], [ 72.904507972449281, 18.926949335249738 ], [ 72.899757610065222, 18.926949335249738 ], [ 72.899757610065222, 18.922457779374781 ], [ 72.904507972449281, 18.922457779374781 ] ] ] } },
{ "type": "Feature", "properties": { "cell_id": 182, "lon": 72.906883153641303, "lat": 18.92470355731226 }, "geometry": { "type": "Polygon", "coordinates": [ [ [ 72.909258334833339, 18.922457779374781 ], [ 72.909258334833339, 18.926949335249738 ], [ 72.904507972449281, 18.926949335249738 ], [ 72.904507972449281, 18.922457779374781 ], [ 72.909258334833339, 18.922457779374781 ] ] ] } },
{ "type": "Feature", "properties": { "cell_id": 183, "lon": 72.911633516025361, "lat": 18.92470355731226 }, "geometry": { "type": "Polygon", "coordinates": [ [ [ 72.914008697217398, 18.922457779374781 ], [ 72.914008697217398, 18.926949335249738 ], [ 72.909258334833339, 18.926949335249738 ], [ 72.909258334833339, 18.922457779374781 ], [ 72.914008697217398, 18.922457779374781 ] ] ] } },
{ "type": "Feature", "properties": { "cell_id": 184, "lon": 72.91638387840942, "lat": 18.92470355731226 }, "geometry": { "type": "Polygon", "coordinates": [ [ [ 72.918759059601456, 18.922457779374781 ], [ 72.918759059601456, 18.926949335249738 ], [ 72.914008697217398, 18.926949335249738 ], [ 72.914008697217398, 18.922457779374781 ], [ 72.918759059601456, 18.922457779374781 ] ] ] } },
{ "type": "Feature", "properties": { "cell_id": 185, "lon": 72.921134240793478, "lat": 18.92470355731226 }, "geometry": { "type": "Polygon", "coordinates": [ [ [ 72.923509421985514, 18.922457779374781 ], [ 72.923509421985514, 18.926949335249738 ], [ 72.918759059601456, 18.926949335249738 ], [ 72.918759059601456, 18.922457779374781 ], [ 72.923509421985514, 18.922457779374781 ] ] ] } },
{ "type": "Feature", "properties": { "cell_id": 186, "lon": 72.925884603177536, "lat": 18.92470355731226 }, "geometry": { "type": "Polygon", "coordinates": [ [ [ 72.928259784369573, 18.922457779374781 ], [ 72.928259784369573, 18.926949335249738 ], [ 72.923509421985514, 18.926949335249738 ], [ 72.923509421985514, 18.922457779374781 ], [ 72.928259784369573, 18.922457779374781 ] ] ] } },
{ "type": "Feature", "properties": { "cell_id": 187, "lon": 72.930634965561595, "lat": 18.92470355731226 }, "geometry": { "type": "Polygon", "coordinates": [ [ [ 72.933010146753631, 18.922457779374781 ], [ 72.933010146753631, 18.926949335249738 ], [ 72.928259784369573, 18.926949335249738 ], [ 72.928259784369573, 18.922457779374781 ], [ 72.933010146753631, 18.922457779374781 ] ] ] } },
{ "type": "Feature", "properties": { "cell_id": 188, "lon": 72.935385327945653, "lat": 18.92470355731226 }, "geometry": { "type": "Polygon", "coordinates": [ [ [ 72.937760509137689, 18.922457779374781 ], [ 72.937760509137689, 18.926949335249738 ], [ 72.933010146753631, 18.926949335249738 ], [ 72.933010146753631, 18.922457779374781 ], [ 72.937760509137689, 18.922457779374781 ] ] ] } },
{ "type": "Feature", "properties": { "cell_id": 189, "lon": 72.940135690329711, "lat": 18.92470355731226 }, "geometry": { "type": "Polygon", "coordinates": [ [ [ 72.942510871521748, 18.922457779374781 ], [ 72.942510871521748, 18.926949335249738 ], [ 72.937760509137689, 18.926949335249738 ], [ 72.937760509137689, 18.922457779374781 ], [ 72.942510871521748, 18.922457779374781 ] ] ] } },
{ "type": "Feature", "properties": { "cell_id": 190, "lon": 72.94488605271377, "lat": 18.92470355731226 }, "geometry": { "type": "Polygon", "coordinates": [ [ [ 72.947261233905806, 18.922457779374781 ], [ 72.947261233905806, 18.926949335249738 ], [ 72.942510871521748, 18.926949335249738 ], [ 72.942510871521748, 18.922457779374781 ], [ 72.947261233905806, 18.922457779374781 ] ] ] } },
{ "type": "Feature", "properties": { "cell_id": 191, "lon": 72.949636415097828, "lat": 18.92470355731226 }, "geometry": { "type": "Polygon", "coordinates": [ [ [ 72.952011596289864, 18.922457779374781 ], [ 72.952011596289864, 18.926949335249738 ], [ 72.947261233905806, 18.926949335249738 ], [ 72.947261233905806, 18.922457779374781 ], [ 72.952011596289864, 18.922457779374781 ] ] ] } },
{ "type": "Feature", "properties": { "cell_id": 192, "lon": 72.802375181192019, "lat": 18.929195113187216 }, "geometry": { "type": "Polygon", "coordinates": [ [ [ 72.804750362384056, 18.926949335249738 ], [ 72.804750362384056, 18.931440891124694 ], [ 72.8, 18.931440891124694 ], [ 72.8, 18.926949335249738 ], [ 72.804750362384056, 18.926949335249738 ] ] ] } },
{ "type": "Feature", "properties": { "cell_id": 193, "lon": 72.807125543576078, "lat": 18.929195113187216 }, "geometry": { "type": "Polygon", "coordinates": [ [ [ 72.809500724768114, 18.926949335249738 ], [ 72.809500724768114, 18.931440891124694 ], [ 72.804750362384056, 18.931440891124694 ], [ 72.804750362384056, 18.926949335249738 ], [ 72.809500724768114, 18.926949335249738 ] ] ] } },
{ "type": "Feature", "properties": { "cell_id": 194, "lon": 72.811875905960136, "lat": 18.929195113187216 }, "geometry": { "type": "Polygon", "coordinates": [ [ [ 72.814251087152172, 18.926949335249738 ], [ 72.814251087152172, 18.931440891124694 ], [ 72.809500724768114, 18.931440891124694 ], [ 72.809500724768114, 18.926949335249738 ], [ 72.814251087152172, 18.926949335249738 ] ] ] } },
{ "type": "Feature", "properties": { "cell_id": 195, "lon": 72.816626268344194, "lat": 18.929195113187216 }, "geometry": { "type": "Polygon", "coordinates": [ [ [ 72.819001449536231, 18.926949335249738 ], [ 72.819001449536231, 18.931440891124694 ], [ 72.814251087152172, 18.931440891124694 ], [ 72.814251087152172, 18.926949335249738 ], [ 72.819001449536231, 18.926949335249738 ] ] ] } },
{ "type": "Feature", "properties": { "cell_id": 196, "lon": 72.821376630728253, "lat": 18.929195113187216 }, "geometry": { "type": "Polygon", "coordinates": [ [ [ 72.823751811920289, 18.926949335249738 ], [ 72.823751811920289, 18.931440891124694 ], [ 72.819001449536231, 18.931440891124694 ], [ 72.819001449536231, 18.926949335249738 ], [ 72.823751811920289, 18.926949335249738 ] ] ] } },
{ "type": "Feature", "properties": { "cell_id": 197, "lon": 72.826126993112311, "lat": 18.929195113187216 }, "geometry": { "type": "Polygon", "coordinates": [ [ [ 72.828502174304347, 18.926949335249738 ], [ 72.828502174304347, 18.931440891124694 ], [ 72.823751811920289, 18.931440891124694 ], [ 72.823751811920289, 18.926949335249738 ], [ 72.828502174304347, 18.926949335249738 ] ] ] } },
{ "type": "Feature", "properties": { "cell_id": 198, "lon": 72.830877355496369, "lat": 18.929195113187216 }, "geometry": { "type": "Polygon", "coordinates": [ [ [ 72.833252536688406, 18.926949335249738 ], [ 72.833252536688406, 18.931440891124694 ], [ 72.828502174304347, 18.931440891124694 ], [ 72.828502174304347, 18.926949335249738 ], [ 72.833252536688406, 18.926949335249738 ] ] ] } },
{ "type": "Feature", "properties": { "cell_id": 199, "lon": 72.835627717880428, "lat": 18.929195113187216 }, "geometry": { "type": "Polygon", "coordinates": [ [ [ 72.838002899072464, 18.926949335249738 ], [ 72.838002899072464, 18.931440891124694 ], [ 72.833252536688406, 18.931440891124694 ], [ 72.833252536688406, 18.926949335249738 ], [ 72.838002899072464, 18.926949335249738 ] ] ] } },
{ "type": "Feature", "properties": { "cell_id": 200, "lon": 72.840378080264486, "lat": 18.929195113187216 }, "geometry": { "type": "Polygon", "coordinates": [ [ [ 72.842753261456522, 18.926949335249738 ], [ 72.842753261456522, 18.931440891124694 ], [ 72.838002899072464, 18.931440891124694 ], [ 72.838002899072464, 18.926949335249738 ], [ 72.842753261456522, 18.926949335249738 ] ] ] } },
{ "type": "Feature", "properties": { "cell_id": 201, "lon": 72.845128442648544, "lat": 18.929195113187216 }, "geometry": { "type": "Polygon", "coordinates": [ [ [ 72.847503623840581, 18.926949335249738 ], [ 72.847503623840581, 18.931440891124694 ], [ 72.842753261456522, 18.931440891124694 ], [ 72.842753261456522, 18.926949335249738 ], [ 72.847503623840581, 18.926949335249738 ] ] ] } },
{ "type": "Feature", "properties": { "cell_id": 202, "lon": 72.849878805032603, "lat": 18.929195113187216 }, "geometry": { "type": "Polygon", "coordinates": [ [ [ 72.852253986224639, 18.926949335249738 ], [ 72.852253986224639, 18.931440891124694 ], [ 72.847503623840581, 18.931440891124694 ], [ 72.847503623840581, 18.926949335249738 ], [ 72.852253986224639, 18.926949335249738 ] ] ] } },
{ "type": "Feature", "properties": { "cell_id": 203, "lon": 72.854629167416661, "lat": 18.929195113187216 }, "geometry": { "type": "Polygon", "coordinates": [ [ [ 72.857004348608697, 18.926949335249738 ], [ 72.857004348608697, 18.931440891124694 ], [ 72.852253986224639, 18.931440891124694 ], [ 72.852253986224639, 18.926949335249738 ], [ 72.857004348608697, 18.926949335249738 ] ] ] } },
{ "type": "Feature", "properties": { "cell_id": 204, "lon": 72.859379529800719, "lat": 18.929195113187216 }, "geometry": { "type": "Polygon", "coordinates": [ [ [ 72.861754710992756, 18.926949335249738 ], [ 72.861754710992756, 18.931440891124694 ], [ 72.857004348608697, 18.931440891124694 ], [ 72.857004348608697, 18.926949335249738 ], [ 72.861754710992756, 18.926949335249738 ] ] ] } },
{ "type": "Feature", "properties": { "cell_id": 205, "lon": 72.864129892184778, "lat": 18.929195113187216 }, "geometry": { "type": "Polygon", "coordinates": [ [ [ 72.866505073376814, 18.926949335249738 ], [ 72.866505073376814, 18.931440891124694 ], [ 72.861754710992756, 18.931440891124694 ], [ 72.861754710992756, 18.926949335249738 ], [ 72.866505073376814, 18.926949335249738 ] ] ] } },
{ "type": "Feature", "properties": { "cell_id": 206, "lon": 72.868880254568836, "lat": 18.929195113187216 }, "geometry": { "type": "Polygon", "coordinates": [ [ [ 72.871255435760872, 18.926949335249738 ], [ 72.871255435760872, 18.931440891124694 ], [ 72.866505073376814, 18.931440891124694 ], [ 72.866505073376814, 18.926949335249738 ], [ 72.871255435760872, 18.926949335249738 ] ] ] } },
{ "type": "Feature", "properties": { "cell_id": 207, "lon": 72.873630616952894, "lat": 18.929195113187216 }, "geometry": { "type": "Polygon", "coordinates": [ [ [ 72.876005798144931, 18.926949335249738 ], [ 72.876005798144931, 18.931440891124694 ], [ 72.871255435760872, 18.931440891124694 ], [ 72.871255435760872, 18.926949335249738 ], [ 72.876005798144931, 18.926949335249738 ] ] ] } },
{ "type": "Feature", "properties": { "cell_id": 208, "lon": 72.878380979336953, "lat": 18.929195113187216 }, "geometry": { "type": "Polygon", "coordinates": [ [ [ 72.880756160528989, 18.926949335249738 ], [ 72.880756160528989, 18.931440891124694 ], [ 72.876005798144931, 18.931440891124694 ], [ 72.876005798144931, 18.926949335249738 ], [ 72.880756160528989, 18.926949335249738 ] ] ] } },
{ "type": "Feature", "properties": { "cell_id": 209, "lon": 72.883131341721011, "lat": 18.929195113187216 }, "geometry": { "type": "Polygon", "coordinates": [ [ [ 72.885506522913047, 18.926949335249738 ], [ 72.885506522913047, 18.931440891124694 ], [ 72.880756160528989, 18.931440891124694 ], [ 72.880756160528989, 18.926949335249738 ], [ 72.885506522913047, 18.926949335249738 ] ] ] } },
{ "type": "Feature", "properties": { "cell_id": 210, "lon": 72.88788170410507, "lat": 18.929195113187216 }, "geometry": { "type": "Polygon", "coordinates": [ [ [ 72.890256885297106, 18.926949335249738 ], [ 72.890256885297106, 18.931440891124694 ], [ 72.885506522913047, 18.931440891124694 ], [ 72.885506522913047, 18.926949335249738 ], [ 72.890256885297106, 18.926949335249738 ] ] ] } },
{ "type": "Feature", "properties": { "cell_id": 211, "lon": 72.892632066489128, "lat": 18.929195113187216 }, "geometry": { "type": "Polygon", "coordinates": [ [ [ 72.895007247681164, 18.926949335249738 ], [ 72.895007247681164, 18.931440891124694 ], [ 72.890256885297106, 18.931440891124694 ], [ 72.890256885297106, 18.926949335249738 ], [ 72.895007247681164, 18.926949335249738 ] ] ] } },
{ "type": "Feature", "properties": { "cell_id": 212, "lon": 72.897382428873186, "lat": 18.929195113187216 }, "geometry": { "type": "Polygon", "coordinates": [ [ [ 72.899757610065222, 18.926949335249738 ], [ 72.899757610065222, 18.931440891124694 ], [ 72.895007247681164, 18.931440891124694 ], [ 72.895007247681164, 18.926949335249738 ], [ 72.899757610065222, 18.926949335249738 ] ] ] } },
{ "type": "Feature", "properties": { "cell_id": 213, "lon": 72.902132791257245, "lat": 18.929195113187216 }, "geometry": { "type": "Polygon", "coordinates": [ [ [ 72.904507972449281, 18.926949335249738 ], [ 72.904507972449281, 18.931440891124694 ], [ 72.899757610065222, 18.931440891124694 ], [ 72.899757610065222, 18.926949335249738 ], [ 72.904507972449281, 18.926949335249738 ] ] ] } },
{ "type": "Feature", "properties": { "cell_id": 214, "lon": 72.906883153641303, "lat": 18.929195113187216 }, "geometry": { "type": "Polygon", "coordinates": [ [ [ 72.909258334833339, 18.926949335249738 ], [ 72.909258334833339, 18.931440891124694 ], [ 72.904507972449281, 18.931440891124694 ], [ 72.904507972449281, 18.926949335249738 ], [ 72.909258334833339, 18.926949335249738 ] ] ] } },
{ "type": "Feature", "properties": { "cell_id": 215, "lon": 72.911633516025361, "lat": 18.929195113187216 }, "geometry": { "type": "Polygon", "coordinates": [ [ [ 72.914008697217398, 18.926949335249738 ], [ 72.914008697217398, 18.931440891124694 ], [ 72.909258334833339, 18.931440891124694 ], [ 72.909258334833339, 18.926949335249738 ], [ 72.914008697217398, 18.926949335249738 ] ] ] } },
{ "type": "Feature", "properties": { "cell_id": 216, "lon": 72.91638387840942, "lat": 18.929195113187216 }, "geometry": { "type": "Polygon", "coordinates": [ [ [ 72.918759059601456, 18.926949335249738 ], [ 72.918759059601456, 18.931440891124694 ], [ 72.914008697217398, 18.931440891124694 ], [ 72.914008697217398, 18.926949335249738 ], [ 72.918759059601456, 18.926949335249738 ] ] ] } },
{ "type": "Feature", "properties": { "cell_id": 217, "lon": 72.921134240793478, "lat": 18.929195113187216 }, "geometry": { "type": "Polygon", "coordinates": [ [ [ 72.923509421985514, 18.926949335249738 ], [ 72.923509421985514, 18.931440891124694 ], [ 72.918759059601456, 18.931440891124694 ], [ 72.918759059601456, 18.926949335249738 ], [ 72.923509421985514, 18.926949335249738 ] ] ] } },
{ "type": "Feature", "properties": { "cell_id": 218, "lon": 72.925884603177536, "lat": 18.929195113187216 }, "geometry": { "type": "Polygon", "coordinates": [ [ [ 72.928259784369573, 18.926949335249738 ], [ 72.928259784369573, 18.931440891124694 ], [ 72.923509421985514, 18.931440891124694 ], [ 72.923509421985514, 18.926949335249738 ], [ 72.928259784369573, 18.926949335249738 ] ] ] } },
{ "type": "Feature", "properties": { "cell_id": 219, "lon": 72.930634965561595, "lat": 18.929195113187216 }, "geometry": { "type": "Polygon", "coordinates": [ [ [ 72.933010146753631, 18.926949335249738 ], [ 72.933010146753631, 18.931440891124694 ], [ 72.928259784369573, 18.931440891124694 ], [ 72.928259784369573, 18.926949335249738 ], [ 72.933010146753631, 18.926949335249738 ] ] ] } },
{ "type": "Feature", "properties": { "cell_id": 220, "lon": 72.935385327945653, "lat": 18.929195113187216 }, "geometry": { "type": "Polygon", "coordinates": [ [ [ 72.937760509137689, 18.926949335249738 ], [ 72.937760509137689, 18.931440891124694 ], [ 72.933010146753631, 18.931440891124694 ], [ 72.933010146753631, 18.926949335249738 ], [ 72.937760509137689, 18.926949335249738 ] ] ] } },
{ "type": "Feature", "properties": { "cell_id": 221, "lon": 72.940135690329711, "lat": 18.929195113187216 }, "geometry": { "type": "Polygon", "coordinates": [ [ [ 72.942510871521748, 18.926949335249738 ], [ 72.942510871521748, 18.931440891124694 ], [ 72.937760509137689, 18.931440891124694 ], [ 72.937760509137689, 18.926949335249738 ], [ 72.942510871521748, 18.926949335249738 ] ] ] } },
{ "type": "Feature", "properties": { "cell_id": 222, "lon": 72.94488605271377, "lat": 18.929195113187216 }, "geometry": { "type": "Polygon", "coordinates": [ [ [ 72.947261233905806, 18.926949335249738 ], [ 72.947261233905806, 18.931440891124694 ], [ 72.942510871521748, 18.931440891124694 ], [ 72.942510871521748, 18.926949335249738 ], [ 72.947261233905806, 18.926949335249738 ] ] ] } },
{ "type": "Feature", "properties": { "cell_id": 223, "lon": 72.949636415097828, "lat": 18.929195113187216 }, "geometry": { "type": "Polygon", "coordinates": [ [ [ 72.952011596289864, 18.926949335249738 ], [ 72.952011596289864, 18.931440891124694 ], [ 72.947261233905806, 18.931440891124694 ], [ 72.947261233905806, 18.926949335249738 ], [ 72.952011596289864, 18.926949335249738 ] ] ] } },
{ "type": "Feature", "properties": { "cell_id": 224, "lon": 72.802375181192019, "lat": 18.933686669062173 }, "geometry": { "type": "Polygon", "coordinates": [ [ [ 72.804750362384056, 18.931440891124694 ], [ 72.804750362384056, 18.935932446999651 ], [ 72.8, 18.935932446999651 ], [ 72.8, 18.931440891124694 ], [ 72.804750362384056, 18.931440891124694 ] ] ] } },
{ "type": "Feature", "properties": { "cell_id": 225, "lon": 72.807125543576078, "lat": 18.933686669062173 }, "geometry": { "type": "Polygon", "coordinates": [ [ [ 72.809500724768114, 18.931440891124694 ], [ 72.809500724768114, 18.935932446999651 ], [ 72.804750362384056, 18.935932446999651 ], [ 72.804750362384056, 18.931440891124694 ], [ 72.809500724768114, 18.931440891124694 ] ] ] } },
{ "type": "Feature", "properties": { "cell_id": 226, "lon": 72.811875905960136, "lat": 18.933686669062173 }, "geometry": { "type": "Polygon", "coordinates": [ [ [ 72.814251087152172, 18.931440891124694 ], [ 72.814251087152172, 18.935932446999651 ], [ 72.809500724768114, 18.935932446999651 ], [ 72.809500724768114, 18.931440891124694 ], [ 72.814251087152172, 18.931440891124694 ] ] ] } },
{ "type": "Feature", "properties": { "cell_id": 227, "lon": 72.816626268344194, "lat": 18.933686669062173 }, "geometry": { "type": "Polygon", "coordinates": [ [ [ 72.819001449536231, 18.931440891124694 ], [ 72.819001449536231, 18.935932446999651 ], [ 72.814251087152172, 18.935932446999651 ], [ 72.814251087152172, 18.931440891124694 ], [ 72.819001449536231, 18.931440891124694 ] ] ] } },
{ "type": "Feature", "properties": { "cell_id": 228, "lon": 72.821376630728253, "lat": 18.933686669062173 }, "geometry": { "type": "Polygon", "coordinates": [ [ [ 72.823751811920289, 18.931440891124694 ], [ 72.823751811920289, 18.935932446999651 ], [ 72.819001449536231, 18.935932446999651 ], [ 72.819001449536231, 18.931440891124694 ], [ 72.823751811920289, 18.931440891124694 ] ] ] } },
{ "type": "Feature", "properties": { "cell_id": 229, "lon": 72.826126993112311, "lat": 18.933686669062173 }, "geometry": { "type": "Polygon", "coordinates": [ [ [ 72.828502174304347, 18.931440891124694 ], [ 72.828502174304347, 18.935932446999651 ], [ 72.823751811920289, 18.935932446999651 ], [ 72.823751811920289, 18.931440891124694 ], [ 72.828502174304347, 18.931440891124694 ] ] ] } },
{ "type": "Feature", "properties": { "cell_id": 230, "lon": 72.830877355496369, "lat": 18.933686669062173 }, "geometry": { "type": "Polygon", "coordinates": [ [ [ 72.833252536688406, 18.931440891124694 ], [ 72.833252536688406, 18.935932446999651 ], [ 72.828502174304347, 18.935932446999651 ], [ 72.828502174304347, 18.931440891124694 ], [ 72.833252536688406, 18.931440891124694 ] ] ] } },
{ "type": "Feature", "properties": { "cell_id": 231, "lon": 72.835627717880428, "lat": 18.933686669062173 }, "geometry": { "type": "Polygon", "coordinates": [ [ [ 72.838002899072464, 18.931440891124694 ], [ 72.838002899072464, 18.935932446999651 ], [ 72.833252536688406, 18.935932446999651 ], [ 72.833252536688406, 18.931440891124694 ], [ 72.838002899072464, 18.931440891124694 ] ] ] } },
{ "type": "Feature", "properties": { "cell_id": 232, "lon": 72.840378080264486, "lat": 18.933686669062173 }, "geometry": { "type": "Polygon", "coordinates": [ [ [ 72.842753261456522, 18.931440891124694 ], [ 72.842753261456522, 18.935932446999651 ], [ 72.838002899072464, 18.935932446999651 ], [ 72.838002899072464, 18.931440891124694 ], [ 72.842753261456522, 18.931440891124694 ] ] ] } },
{ "type": "Feature", "properties": { "cell_id": 233, "lon": 72.845128442648544, "lat": 18.933686669062173 }, "geometry": { "type": "Polygon", "coordinates": [ [ [ 72.847503623840581, 18.931440891124694 ], [ 72.847503623840581, 18.935932446999651 ], [ 72.842753261456522, 18.935932446999651 ], [ 72.842753261456522, 18.931440891124694 ], [ 72.847503623840581, 18.931440891124694 ] ] ] } },
{ "type": "Feature", "properties": { "cell_id": 234, "lon": 72.849878805032603, "lat": 18.933686669062173 }, "geometry": { "type": "Polygon", "coordinates": [ [ [ 72.852253986224639, 18.931440891124694 ], [ 72.852253986224639, 18.935932446999651 ], [ 72.847503623840581, 18.935932446999651 ], [ 72.847503623840581, 18.931440891124694 ], [ 72.852253986224639, 18.931440891124694 ] ] ] } },
{ "type": "Feature", "properties": { "cell_id": 235, "lon": 72.854629167416661, "lat": 18.933686669062173 }, "geometry": { "type": "Polygon", "coordinates": [ [ [ 72.857004348608697, 18.931440891124694 ], [ 72.857004348608697, 18.935932446999651 ], [ 72.852253986224639, 18.935932446999651 ], [ 72.852253986224639, 18.931440891124694 ], [ 72.857004348608697, 18.931440891124694 ] ] ] } },
{ "type": "Feature", "properties": { "cell_id": 236, "lon": 72.859379529800719, "lat": 18.933686669062173 }, "geometry": { "type": "Polygon", "coordinates": [ [ [ 72.861754710992756, 18.931440891124694 ], [ 72.861754710992756, 18.935932446999651 ], [ 72.857004348608697, 18.935932446999651 ], [ 72.857004348608697, 18.931440891124694 ], [ 72.861754710992756, 18.931440891124694 ] ] ] } },
{ "type": "Feature", "properties": { "cell_id": 237, "lon": 72.864129892184778, "lat": 18.933686669062173 }, "geometry": { "type": "Polygon", "coordinates": [ [ [ 72.866505073376814, 18.931440891124694 ], [ 72.866505073376814, 18.935932446999651 ], [ 72.861754710992756, 18.935932446999651 ], [ 72.861754710992756, 18.931440891124694 ], [ 72.866505073376814, 18.931440891124694 ] ] ] } },
{ "type": "Feature", "properties": { "cell_id": 238, "lon": 72.868880254568836, "lat": 18.933686669062173 }, "geometry": { "type": "Polygon", "coordinates": [ [ [ 72.871255435760872, 18.931440891124694 ], [ 72.871255435760872, 18.935932446999651 ], [ 72.866505073376814, 18.935932446999651 ], [ 72.866505073376814, 18.931440891124694 ], [ 72.871255435760872, 18.931440891124694 ] ] ] } },
{ "type": "Feature", "properties": { "cell_id": 239, "lon": 72.873630616952894, "lat": 18.933686669062173 }, "geometry": { "type": "Polygon", "coordinates": [ [ [ 72.876005798144931, 18.931440891124694 ], [ 72.876005798144931, 18.935932446999651 ], [ 72.871255435760872, 18.935932446999651 ], [ 72.871255435760872, 18.931440891124694 ], [ 72.876005798144931, 18.931440891124694 ] ] ] } },
{ "type": "Feature", "properties": { "cell_id": 240, "lon": 72.878380979336953, "lat": 18.933686669062173 }, "geometry": { "type": "Polygon", "coordinates": [ [ [ 72.880756160528989, 18.931440891124694 ], [ 72.880756160528989, 18.935932446999651 ], [ 72.876005798144931, 18.935932446999651 ], [ 72.876005798144931, 18.931440891124694 ], [ 72.880756160528989, 18.931440891124694 ] ] ] } },
{ "type": "Feature", "properties": { "cell_id": 241, "lon": 72.883131341721011, "lat": 18.933686669062173 }, "geometry": { "type": "Polygon", "coordinates": [ [ [ 72.885506522913047, 18.931440891124694 ], [ 72.885506522913047, 18.935932446999651 ], [ 72.880756160528989, 18.935932446999651 ], [ 72.880756160528989, 18.931440891124694 ], [ 72.885506522913047, 18.931440891124694 ] ] ] } },
{ "type": "Feature", "properties": { "cell_id": 242, "lon": 72.88788170410507, "lat": 18.933686669062173 }, "geometry": { "type": "Polygon", "coordinates": [ [ [ 72.890256885297106, 18.931440891124694 ], [ 72.890256885297106, 18.935932446999651 ], [ 72.885506522913047, 18.935932446999651 ], [ 72.885506522913047, 18.931440891124694 ], [ 72.890256885297106, 18.931440891124694 ] ] ] } },
{ "type": "Feature", "properties": { "cell_id": 243, "lon": 72.892632066489128, "lat": 18.933686669062173 }, "geometry": { "type": "Polygon", "coordinates": [ [ [ 72.895007247681164, 18.931440891124694 ], [ 72.895007247681164, 18.935932446999651 ], [ 72.890256885297106, 18.935932446999651 ], [ 72.890256885297106, 18.931440891124694 ], [ 72.895007247681164, 18.931440891124694 ] ] ] } },
{ "type": "Feature", "properties": { "cell_id": 244, "lon": 72.897382428873186, "lat": 18.933686669062173 }, "geometry": { "type": "Polygon", "coordinates": [ [ [ 72.899757610065222, 18.931440891124694 ], [ 72.899757610065222, 18.935932446999651 ], [ 72.895007247681164, 18.935932446999651 ], [ 72.895007247681164, 18.931440891124694 ], [ 72.899757610065222, 18.931440891124694 ] ] ] } },
{ "type": "Feature", "properties": { "cell_id": 245, "lon": 72.902132791257245, "lat": 18.933686669062173 }, "geometry": { "type": "Polygon", "coordinates": [ [ [ 72.904507972449281, 18.931440891124694 ], [ 72.904507972449281, 18.935932446999651 ], [ 72.899757610065222, 18.935932446999651 ], [ 72.899757610065222, 18.931440891124694 ], [ 72.904507972449281, 18.931440891124694 ] ] ] } },
{ "type": "Feature", "properties": { "cell_id": 246, "lon": 72.906883153641303, "lat": 18.933686669062173 }, "geometry": { "type": "Polygon", "coordinates": [ [ [ 72.909258334833339, 18.931440891124694 ], [ 72.909258334833339, 18.935932446999651 ], [ 72.904507972449281, 18.935932446999651 ], [ 72.904507972449281, 18.931440891124694 ], [ 72.909258334833339, 18.931440891124694 ] ] ] } },
{ "type": "Feature", "properties": { "cell_id": 247, "lon": 72.911633516025361, "lat": 18.933686669062173 }, "geometry": { "type": "Polygon", "coordinates": [ [ [ 72.914008697217398, 18.931440891124694 ], [ 72.914008697217398, 18.935932446999651 ], [ 72.909258334833339, 18.935932446999651 ], [ 72.909258334833339, 18.931440891124694 ], [ 72.914008697217398, 18.931440891124694 ] ] ] } },
{ "type": "Feature", "properties": { "cell_id": 248, "lon": 72.91638387840942, "lat": 18.933686669062173 }, "geometry": { "type": "Polygon", "coordinates": [ [ [ 72.918759059601456, 18.931440891124694 ], [ 72.918759059601456, 18.935932446999651 ], [ 72.914008697217398, 18.935932446999651 ], [ 72.914008697217398, 18.931440891124694 ], [ 72.918759059601456, 18.931440891124694 ] ] ] } },
{ "type": "Feature", "properties": { "cell_id": 249, "lon": 72.921134240793478, "lat": 18.933686669062173 }, "geometry": { "type": "Polygon", "coordinates": [ [ [ 72.923509421985514, 18.931440891124694 ], [ 72.923509421985514, 18.935932446999651 ], [ 72.918759059601456, 18.935932446999651 ], [ 72.918759059601456, 18.931440891124694 ], [ 72.923509421985514, 18.931440891124694 ] ] ] } },
{ "type": "Feature", "properties": { "cell_id": 250, "lon": 72.925884603177536, "lat": 18.933686669062173 }, "geometry": { "type": "Polygon", "coordinates": [ [ [ 72.928259784369573, 18.931440891124694 ], [ 72.928259784369573, 18.935932446999651 ], [ 72.923509421985514, 18.935932446999651 ], [ 72.923509421985514, 18.931440891124694 ], [ 72.928259784369573, 18.931440891124694 ] ] ] } },
{ "type": "Feature", "properties": { "cell_id": 251, "lon": 72.930634965561595, "lat": 18.933686669062173 }, "geometry": { "type": "Polygon", "coordinates": [ [ [ 72.933010146753631, 18.931440891124694 ], [ 72.933010146753631, 18.935932446999651 ], [ 72.928259784369573, 18.935932446999651 ], [ 72.928259784369573, 18.931440891124694 ], [ 72.933010146753631, 18.931440891124694 ] ] ] } },
{ "type": "Feature", "properties": { "cell_id": 252, "lon": 72.935385327945653, "lat": 18.933686669062173 }, "geometry": { "type": "Polygon", "coordinates": [ [ [ 72.937760509137689, 18.931440891124694 ], [ 72.937760509137689, 18.935932446999651 ], [ 72.933010146753631, 18.935932446999651 ], [ 72.933010146753631, 18.931440891124694 ], [ 72.937760509137689, 18.931440891124694 ] ] ] } },
{ "type": "Feature", "properties": { "cell_id": 253, "lon": 72.940135690329711, "lat": 18.933686669062173 }, "geometry": { "type": "Polygon", "coordinates": [ [ [ 72.942510871521748, 18.931440891124694 ], [ 72.942510871521748, 18.935932446999651 ], [ 72.937760509137689, 18.935932446999651 ], [ 72.937760509137689, 18.931440891124694 ], [ 72.942510871521748, 18.931440891124694 ] ] ] } },
{ "type": "Feature", "properties": { "cell_id": 254, "lon": 72.94488605271377, "lat": 18.933686669062173 }, "geometry": { "type": "Polygon", "coordinates": [ [ [ 72.947261233905806, 18.931440891124694 ], [ 72.947261233905806, 18.935932446999651 ], [ 72.942510871521748, 18.935932446999651 ], [ 72.942510871521748, 18.931440891124694 ], [ 72.947261233905806, 18.931440891124694 ] ] ] } },
{ "type": "Feature", "properties": { "cell_id": 255, "lon": 72.949636415097828, "lat": 18.933686669062173 }, "geometry": { "type": "Polygon", "coordinates": [ [ [ 72.952011596289864, 18.931440891124694 ], [ 72.952011596289864, 18.935932446999651 ], [ 72.947261233905806, 18.935932446999651 ], [ 72.947261233905806, 18.931440891124694 ], [ 72.952011596289864, 18.931440891124694 ] ] ] } },
{ "type": "Feature", "properties": { "cell_id": 256, "lon": 72.802375181192019, "lat": 18.938178224937129 }, "geometry": { "type": "Polygon", "coordinates": [ [ [ 72.804750362384056, 18.935932446999651 ], [ 72.804750362384056, 18.940424002874607 ], [ 72.8, 18.940424002874607 ], [ 72.8, 18.935932446999651 ], [ 72.804750362384056, 18.935932446999651 ] ] ] } },
{ "type": "Feature", "properties": { "cell_id": 257, "lon": 72.807125543576078, "lat": 18.938178224937129 }, "geometry": { "type": "Polygon", "coordinates": [ [ [ 72.809500724768114, 18.935932446999651 ], [ 72.809500724768114, 18.940424002874607 ], [ 72.804750362384056, 18.940424002874607 ], [ 72.804750362384056, 18.935932446999651 ], [ 72.809500724768114, 18.935932446999651 ] ] ] } },
{ "type": "Feature", "properties": { "cell_id": 258, "lon": 72.811875905960136, "lat": 18.938178224937129 }, "geometry": { "type": "Polygon", "coordinates": [ [ [ 72.814251087152172, 18.935932446999651 ], [ 72.814251087152172, 18.940424002874607 ], [ 72.809500724768114, 18.940424002874607 ], [ 72.809500724768114, 18.935932446999651 ], [ 72.814251087152172, 18.935932446999651 ] ] ] } },
{ "type": "Feature", "properties": { "cell_id": 259, "lon": 72.816626268344194, "lat": 18.938178224937129 }, "geometry": { "type": "Polygon", "coordinates": [ [ [ 72.819001449536231, 18.935932446999651 ], [ 72.819001449536231, 18.940424002874607 ], [ 72.814251087152172, 18.940424002874607 ], [ 72.814251087152172, 18.935932446999651 ], [ 72.819001449536231, 18.935932446999651 ] ] ] } },
{ "type": "Feature", "properties": { "cell_id": 260, "lon": 72.821376630728253, "lat": 18.938178224937129 }, "geometry": { "type": "Polygon", "coordinates": [ [ [ 72.823751811920289, 18.935932446999651 ], [ 72.823751811920289, 18.940424002874607 ], [ 72.819001449536231, 18.940424002874607 ], [ 72.819001449536231, 18.935932446999651 ], [ 72.823751811920289, 18.935932446999651 ] ] ] } },
{ "type": "Feature", "properties": { "cell_id": 261, "lon": 72.826126993112311, "lat": 18.938178224937129 }, "geometry": { "type": "Polygon", "coordinates": [ [ [ 72.828502174304347, 18.935932446999651 ], [ 72.828502174304347, 18.940424002874607 ], [ 72.823751811920289, 18.940424002874607 ], [ 72.823751811920289, 18.935932446999651 ], [ 72.828502174304347, 18.935932446999651 ] ] ] } },
{ "type": "Feature", "properties": { "cell_id": 262, "lon": 72.830877355496369, "lat": 18.938178224937129 }, "geometry": { "type": "Polygon", "coordinates": [ [ [ 72.833252536688406, 18.935932446999651 ], [ 72.833252536688406, 18.940424002874607 ], [ 72.828502174304347, 18.940424002874607 ], [ 72.828502174304347, 18.935932446999651 ], [ 72.833252536688406, 18.935932446999651 ] ] ] } },
{ "type": "Feature", "properties": { "cell_id": 263, "lon": 72.835627717880428, "lat": 18.938178224937129 }, "geometry": { "type": "Polygon", "coordinates": [ [ [ 72.838002899072464, 18.935932446999651 ], [ 72.838002899072464, 18.940424002874607 ], [ 72.833252536688406, 18.940424002874607 ], [ 72.833252536688406, 18.935932446999651 ], [ 72.838002899072464, 18.935932446999651 ] ] ] } },
{ "type": "Feature", "properties": { "cell_id": 264, "lon": 72.840378080264486, "lat": 18.938178224937129 }, "geometry": { "type": "Polygon", "coordinates": [ [ [ 72.842753261456522, 18.935932446999651 ], [ 72.842753261456522, 18.940424002874607 ], [ 72.838002899072464, 18.940424002874607 ], [ 72.838002899072464, 18.935932446999651 ], [ 72.842753261456522, 18.935932446999651 ] ] ] } },
{ "type": "Feature", "properties": { "cell_id": 265, "lon": 72.845128442648544, "lat": 18.938178224937129 }, "geometry": { "type": "Polygon", "coordinates": [ [ [ 72.847503623840581, 18.935932446999651 ], [ 72.847503623840581, 18.940424002874607 ], [ 72.842753261456522, 18.940424002874607 ], [ 72.842753261456522, 18.935932446999651 ], [ 72.847503623840581, 18.935932446999651 ] ] ] } },
{ "type": "Feature", "properties": { "cell_id": 266, "lon": 72.849878805032603, "lat": 18.938178224937129 }, "geometry": { "type": "Polygon", "coordinates": [ [ [ 72.852253986224639, 18.935932446999651 ], [ 72.852253986224639, 18.940424002874607 ], [ 72.847503623840581, 18.940424002874607 ], [ 72.847503623840581, 18.935932446999651 ], [ 72.852253986224639, 18.935932446999651 ] ] ] } },
{ "type": "Feature", "properties": { "cell_id": 267, "lon": 72.854629167416661, "lat": 18.938178224937129 }, "geometry": { "type": "Polygon", "coordinates": [ [ [ 72.857004348608697, 18.935932446999651 ], [ 72.857004348608697, 18.940424002874607 ], [ 72.852253986224639, 18.940424002874607 ], [ 72.852253986224639, 18.935932446999651 ], [ 72.857004348608697, 18.935932446999651 ] ] ] } },
{ "type": "Feature", "properties": { "cell_id": 268, "lon": 72.859379529800719, "lat": 18.938178224937129 }, "geometry": { "type": "Polygon", "coordinates": [ [ [ 72.861754710992756, 18.935932446999651 ], [ 72.861754710992756, 18.940424002874607 ], [ 72.857004348608697, 18.940424002874607 ], [ 72.857004348608697, 18.935932446999651 ], [ 72.861754710992756, 18.935932446999651 ] ] ] } },
{ "type": "Feature", "properties": { "cell_id": 269, "lon": 72.864129892184778, "lat": 18.938178224937129 }, "geometry": { "type": "Polygon", "coordinates": [ [ [ 72.866505073376814, 18.935932446999651 ], [ 72.866505073376814, 18.940424002874607 ], [ 72.861754710992756, 18.940424002874607 ], [ 72.861754710992756, 18.935932446999651 ], [ 72.866505073376814, 18.935932446999651 ] ] ] } },
{ "type": "Feature", "properties": { "cell_id": 270, "lon": 72.868880254568836, "lat": 18.938178224937129 }, "geometry": { "type": "Polygon", "coordinates": [ [ [ 72.871255435760872, 18.935932446999651 ], [ 72.871255435760872, 18.940424002874607 ], [ 72.866505073376814, 18.940424002874607 ], [ 72.866505073376814, 18.935932446999651 ], [ 72.871255435760872, 18.935932446999651 ] ] ] } },
{ "type": "Feature", "properties": { "cell_id": 271, "lon": 72.873630616952894, "lat": 18.938178224937129 }, "geometry": { "type": "Polygon", "coordinates": [ [ [ 72.876005798144931, 18.935932446999651 ], [ 72.876005798144931, 18.940424002874607 ], [ 72.871255435760872, 18.940424002874607 ], [ 72.871255435760872, 18.935932446999651 ], [ 72.876005798144931, 18.935932446999651 ] ] ] } },
{ "type": "Feature", "properties": { "cell_id": 272, "lon": 72.878380979336953, "lat": 18.938178224937129 }, "geometry": { "type": "Polygon", "coordinates": [ [ [ 72.880756160528989, 18.935932446999651 ], [ 72.880756160528989, 18.940424002874607 ], [ 72.876005798144931, 18.940424002874607 ], [ 72.876005798144931, 18.935932446999651 ], [ 72.880756160528989, 18.935932446999651 ] ] ] } },
{ "type": "Feature", "properties": { "cell_id": 273, "lon": 72.883131341721011, "lat": 18.938178224937129 }, "geometry": { "type": "Polygon", "coordinates": [ [ [ 72.885506522913047, 18.935932446999651 ], [ 72.885506522913047, 18.940424002874607 ], [ 72.880756160528989, 18.940424002874607 ], [ 72.880756160528989, 18.935932446999651 ], [ 72.885506522913047, 18.935932446999651 ] ] ] } },
{ "type": "Feature", "properties": { "cell_id": 274, "lon": 72.88788170410507, "lat": 18.938178224937129 }, "geometry": { "type": "Polygon", "coordinates": [ [ [ 72.890256885297106, 18.935932446999651 ], [ 72.890256885297106, 18.940424002874607 ], [ 72.885506522913047, 18.940424002874607 ], [ 72.885506522913047, 18.935932446999651 ], [ 72.890256885297106, 18.935932446999651 ] ] ] } },
{ "type": "Feature", "properties": { "cell_id": 275, "lon": 72.892632066489128, "lat": 18.938178224937129 }, "geometry": { "type": "Polygon", "coordinates": [ [ [ 72.895007247681164, 18.935932446999651 ], [ 72.895007247681164, 18.940424002874607 ], [ 72.890256885297106, 18.940424002874607 ], [ 72.890256885297106, 18.935932446999651 ], [ 72.895007247681164, 18.935932446999651 ] ] ] } },
{ "type": "Feature", "properties": { "cell_id": 276, "lon": 72.897382428873186, "lat": 18.938178224937129 }, "geometry": { "type": "Polygon", "coordinates": [ [ [ 72.899757610065222, 18.935932446999651 ], [ 72.899757610065222, 18.940424002874607 ], [ 72.895007247681164, 18.940424002874607 ], [ 72.895007247681164, 18.935932446999651 ], [ 72.899757610065222, 18.935932446999651 ] ] ] } },
{ "type": "Feature", "properties": { "cell_id": 277, "lon": 72.902132791257245, "lat": 18.938178224937129 }, "geometry": { "type": "Polygon", "coordinates": [ [ [ 72.904507972449281, 18.935932446999651 ], [ 72.904507972449281, 18.940424002874607 ], [ 72.899757610065222, 18.940424002874607 ], [ 72.899757610065222, 18.935932446999651 ], [ 72.904507972449281, 18.935932446999651 ] ] ] } },
{ "type": "Feature", "properties": { "cell_id": 278, "lon": 72.906883153641303, "lat": 18.938178224937129 }, "geometry": { "type": "Polygon", "coordinates": [ [ [ 72.909258334833339, 18.935932446999651 ], [ 72.909258334833339, 18.940424002874607 ], [ 72.904507972449281, 18.940424002874607 ], [ 72.904507972449281, 18.935932446999651 ], [ 72.909258334833339, 18.935932446999651 ] ] ] } },
{ "type": "Feature", "properties": { "cell_id": 279, "lon": 72.911633516025361, "lat": 18.938178224937129 }, "geometry": { "type": "Polygon", "coordinates": [ [ [ 72.914008697217398, 18.935932446999651 ], [ 72.914008697217398, 18.940424002874607 ], [ 72.909258334833339, 18.940424002874607 ], [ 72.909258334833339, 18.935932446999651 ], [ 72.914008697217398, 18.935932446999651 ] ] ] } },
{ "type": "Feature", "properties": { "cell_id": 280, "lon": 72.91638387840942, "lat": 18.938178224937129 }, "geometry": { "type": "Polygon", "coordinates": [ [ [ 72.918759059601456, 18.935932446999651 ], [ 72.918759059601456, 18.940424002874607 ], [ 72.914008697217398, 18.940424002874607 ], [ 72.914008697217398, 18.935932446999651 ], [ 72.918759059601456, 18.935932446999651 ] ] ] } },
{ "type": "Feature", "properties": { "cell_id": 281, "lon": 72.921134240793478, "lat": 18.938178224937129 }, "geometry": { "type": "Polygon", "coordinates": [ [ [ 72.923509421985514, 18.935932446999651 ], [ 72.923509421985514, 18.940424002874607 ], [ 72.918759059601456, 18.940424002874607 ], [ 72.918759059601456, 18.935932446999651 ], [ 72.923509421985514, 18.935932446999651 ] ] ] } },
{ "type": "Feature", "properties": { "cell_id": 282, "lon": 72.925884603177536, "lat": 18.938178224937129 }, "geometry": { "type": "Polygon", "coordinates": [ [ [ 72.928259784369573, 18.935932446999651 ], [ 72.928259784369573, 18.940424002874607 ], [ 72.923509421985514, 18.940424002874607 ], [ 72.923509421985514, 18.935932446999651 ], [ 72.928259784369573, 18.935932446999651 ] ] ] } },
{ "type": "Feature", "properties": { "cell_id": 283, "lon": 72.930634965561595, "lat": 18.938178224937129 }, "geometry": { "type": "Polygon", "coordinates": [ [ [ 72.933010146753631, 18.935932446999651 ], [ 72.933010146753631, 18.940424002874607 ], [ 72.928259784369573, 18.940424002874607 ], [ 72.928259784369573, 18.935932446999651 ], [ 72.933010146753631, 18.935932446999651 ] ] ] } },
{ "type": "Feature", "properties": { "cell_id": 284, "lon": 72.935385327945653, "lat": 18.938178224937129 }, "geometry": { "type": "Polygon", "coordinates": [ [ [ 72.937760509137689, 18.935932446999651 ], [ 72.937760509137689, 18.940424002874607 ], [ 72.933010146753631, 18.940424002874607 ], [ 72.933010146753631, 18.935932446999651 ], [ 72.937760509137689, 18.935932446999651 ] ] ] } },
{ "type": "Feature", "properties": { "cell_id": 285, "lon": 72.940135690329711, "lat": 18.938178224937129 }, "geometry": { "type": "Polygon", "coordinates": [ [ [ 72.942510871521748, 18.935932446999651 ], [ 72.942510871521748, 18.940424002874607 ], [ 72.937760509137689, 18.940424002874607 ], [ 72.937760509137689, 18.935932446999651 ], [ 72.942510871521748, 18.935932446999651 ] ] ] } },
{ "type": "Feature", "properties": { "cell_id": 286, "lon": 72.94488605271377, "lat": 18.938178224937129 }, "geometry": { "type": "Polygon", "coordinates": [ [ [ 72.947261233905806, 18.935932446999651 ], [ 72.947261233905806, 18.940424002874607 ], [ 72.942510871521748, 18.940424002874607 ], [ 72.942510871521748, 18.935932446999651 ], [ 72.947261233905806, 18.935932446999651 ] ] ] } },
{ "type": "Feature", "properties": { "cell_id": 287, "lon": 72.949636415097828, "lat": 18.938178224937129 }, "geometry": { "type": "Polygon", "coordinates": [ [ [ 72.952011596289864, 18.935932446999651 ], [ 72.952011596289864, 18.940424002874607 ], [ 72.947261233905806, 18.940424002874607 ], [ 72.947261233905806, 18.935932446999651 ], [ 72.952011596289864, 18.935932446999651 ] ] ] } },
{ "type": "Feature", "properties": { "cell_id": 288, "lon": 72.802375181192019, "lat": 18.942669780812086 }, "geometry": { "type": "Polygon", "coordinates": [ [ [ 72.804750362384056, 18.940424002874607 ], [ 72.804750362384056, 18.944915558749564 ], [ 72.8, 18.944915558749564 ], [ 72.8, 18.940424002874607 ], [ 72.804750362384056, 18.940424002874607 ] ] ] } },
{ "type": "Feature", "properties": { "cell_id": 289, "lon": 72.807125543576078, "lat": 18.942669780812086 }, "geometry": { "type": "Polygon", "coordinates": [ [ [ 72.809500724768114, 18.940424002874607 ], [ 72.809500724768114, 18.944915558749564 ], [ 72.804750362384056, 18.944915558749564 ], [ 72.804750362384056, 18.940424002874607 ], [ 72.809500724768114, 18.940424002874607 ] ] ] } },
{ "type": "Feature", "properties": { "cell_id": 290, "lon": 72.811875905960136, "lat": 18.942669780812086 }, "geometry": { "type": "Polygon", "coordinates": [ [ [ 72.814251087152172, 18.940424002874607 ], [ 72.814251087152172, 18.944915558749564 ], [ 72.809500724768114, 18.944915558749564 ], [ 72.809500724768114, 18.940424002874607 ], [ 72.814251087152172, 18.940424002874607 ] ] ] } },
{ "type": "Feature", "properties": { "cell_id": 291, "lon": 72.816626268344194, "lat": 18.942669780812086 }, "geometry": { "type": "Polygon", "coordinates": [ [ [ 72.819001449536231, 18.940424002874607 ], [ 72.819001449536231, 18.944915558749564 ], [ 72.814251087152172, 18.944915558749564 ], [ 72.814251087152172, 18.940424002874607 ], [ 72.819001449536231, 18.940424002874607 ] ] ] } },
{ "type": "Feature", "properties": { "cell_id": 292, "lon": 72.821376630728253, "lat": 18.942669780812086 }, "geometry": { "type": "Polygon", "coordinates": [ [ [ 72.823751811920289, 18.940424002874607 ], [ 72.823751811920289, 18.944915558749564 ], [ 72.819001449536231, 18.944915558749564 ], [ 72.819001449536231, 18.940424002874607 ], [ 72.823751811920289, 18.940424002874607 ] ] ] } },
{ "type": "Feature", "properties": { "cell_id": 293, "lon": 72.826126993112311, "lat": 18.942669780812086 }, "geometry": { "type": "Polygon", "coordinates": [ [ [ 72.828502174304347, 18.940424002874607 ], [ 72.828502174304347, 18.944915558749564 ], [ 72.823751811920289, 18.944915558749564 ], [ 72.823751811920289, 18.940424002874607 ], [ 72.828502174304347, 18.940424002874607 ] ] ] } },
{ "type": "Feature", "properties": { "cell_id": 294, "lon": 72.830877355496369, "lat": 18.942669780812086 }, "geometry": { "type": "Polygon", "coordinates": [ [ [ 72.833252536688406, 18.940424002874607 ], [ 72.833252536688406, 18.944915558749564 ], [ 72.828502174304347, 18.944915558749564 ], [ 72.828502174304347, 18.940424002874607 ], [ 72.833252536688406, 18.940424002874607 ] ] ] } },
{ "type": "Feature", "properties": { "cell_id": 295, "lon": 72.835627717880428, "lat": 18.942669780812086 }, "geometry": { "type": "Polygon", "coordinates": [ [ [ 72.838002899072464, 18.940424002874607 ], [ 72.838002899072464, 18.944915558749564 ], [ 72.833252536688406, 18.944915558749564 ], [ 72.833252536688406, 18.940424002874607 ], [ 72.838002899072464, 18.940424002874607 ] ] ] } },
{ "type": "Feature", "properties": { "cell_id": 296, "lon": 72.840378080264486, "lat": 18.942669780812086 }, "geometry": { "type": "Polygon", "coordinates": [ [ [ 72.842753261456522, 18.940424002874607 ], [ 72.842753261456522, 18.944915558749564 ], [ 72.838002899072464, 18.944915558749564 ], [ 72.838002899072464, 18.940424002874607 ], [ 72.842753261456522, 18.940424002874607 ] ] ] } },
{ "type": "Feature", "properties": { "cell_id": 297, "lon": 72.845128442648544, "lat": 18.942669780812086 }, "geometry": { "type": "Polygon", "coordinates": [ [ [ 72.847503623840581, 18.940424002874607 ], [ 72.847503623840581, 18.944915558749564 ], [ 72.842753261456522, 18.944915558749564 ], [ 72.842753261456522, 18.940424002874607 ], [ 72.847503623840581, 18.940424002874607 ] ] ] } },
{ "type": "Feature", "properties": { "cell_id": 298, "lon": 72.849878805032603, "lat": 18.942669780812086 }, "geometry": { "type": "Polygon", "coordinates": [ [ [ 72.852253986224639, 18.940424002874607 ], [ 72.852253986224639, 18.944915558749564 ], [ 72.847503623840581, 18.944915558749564 ], [ 72.847503623840581, 18.940424002874607 ], [ 72.852253986224639, 18.940424002874607 ] ] ] } },
{ "type": "Feature", "properties": { "cell_id": 299, "lon": 72.854629167416661, "lat": 18.942669780812086 }, "geometry": { "type": "Polygon", "coordinates": [ [ [ 72.857004348608697, 18.940424002874607 ], [ 72.857004348608697, 18.944915558749564 ], [ 72.852253986224639, 18.944915558749564 ], [ 72.852253986224639, 18.940424002874607 ], [ 72.857004348608697, 18.940424002874607 ] ] ] } },
{ "type": "Feature", "properties": { "cell_id": 300, "lon": 72.859379529800719, "lat": 18.942669780812086 }, "geometry": { "type": "Polygon", "coordinates": [ [ [ 72.861754710992756, 18.940424002874607 ], [ 72.861754710992756, 18.944915558749564 ], [ 72.857004348608697, 18.944915558749564 ], [ 72.857004348608697, 18.940424002874607 ], [ 72.861754710992756, 18.940424002874607 ] ] ] } },
{ "type": "Feature", "properties": { "cell_id": 301, "lon": 72.864129892184778, "lat": 18.942669780812086 }, "geometry": { "type": "Polygon", "coordinates": [ [ [ 72.866505073376814, 18.940424002874607 ], [ 72.866505073376814, 18.944915558749564 ], [ 72.861754710992756, 18.944915558749564 ], [ 72.861754710992756, 18.940424002874607 ], [ 72.866505073376814, 18.940424002874607 ] ] ] } },
{ "type": "Feature", "properties": { "cell_id": 302, "lon": 72.868880254568836, "lat": 18.942669780812086 }, "geometry": { "type": "Polygon", "coordinates": [ [ [ 72.871255435760872, 18.940424002874607 ], [ 72.871255435760872, 18.944915558749564 ], [ 72.866505073376814, 18.944915558749564 ], [ 72.866505073376814, 18.940424002874607 ], [ 72.871255435760872, 18.940424002874607 ] ] ] } },
{ "type": "Feature", "properties": { "cell_id": 303, "lon": 72.873630616952894, "lat": 18.942669780812086 }, "geometry": { "type": "Polygon", "coordinates": [ [ [ 72.876005798144931, 18.940424002874607 ], [ 72.876005798144931, 18.944915558749564 ], [ 72.871255435760872, 18.944915558749564 ], [ 72.871255435760872, 18.940424002874607 ], [ 72.876005798144931, 18.940424002874607 ] ] ] } },
{ "type": "Feature", "properties": { "cell_id": 304, "lon": 72.878380979336953, "lat": 18.942669780812086 }, "geometry": { "type": "Polygon", "coordinates": [ [ [ 72.880756160528989, 18.940424002874607 ], [ 72.880756160528989, 18.944915558749564 ], [ 72.876005798144931, 18.944915558749564 ], [ 72.876005798144931, 18.940424002874607 ], [ 72.880756160528989, 18.940424002874607 ] ] ] } },
{ "type": "Feature", "properties": { "cell_id": 305, "lon": 72.883131341721011, "lat": 18.942669780812086 }, "geometry": { "type": "Polygon", "coordinates": [ [ [ 72.885506522913047, 18.940424002874607 ], [ 72.885506522913047, 18.944915558749564 ], [ 72.880756160528989, 18.944915558749564 ], [ 72.880756160528989, 18.940424002874607 ], [ 72.885506522913047, 18.940424002874607 ] ] ] } },
{ "type": "Feature", "properties": { "cell_id": 306, "lon": 72.88788170410507, "lat": 18.942669780812086 }, "geometry": { "type": "Polygon", "coordinates": [ [ [ 72.890256885297106, 18.940424002874607 ], [ 72.890256885297106, 18.944915558749564 ], [ 72.885506522913047, 18.944915558749564 ], [ 72.885506522913047, 18.940424002874607 ], [ 72.890256885297106, 18.940424002874607 ] ] ] } },
{ "type": "Feature", "properties": { "cell_id": 307, "lon": 72.892632066489128, "lat": 18.942669780812086 }, "geometry": { "type": "Polygon", "coordinates": [ [ [ 72.895007247681164, 18.940424002874607 ], [ 72.895007247681164, 18.944915558749564 ], [ 72.890256885297106, 18.944915558749564 ], [ 72.890256885297106, 18.940424002874607 ], [ 72.895007247681164, 18.940424002874607 ] ] ] } },
{ "type": "Feature", "properties": { "cell_id": 308, "lon": 72.897382428873186, "lat": 18.942669780812086 }, "geometry": { "type": "Polygon", "coordinates": [ [ [ 72.899757610065222, 18.940424002874607 ], [ 72.899757610065222, 18.944915558749564 ], [ 72.895007247681164, 18.944915558749564 ], [ 72.895007247681164, 18.940424002874607 ], [ 72.899757610065222, 18.940424002874607 ] ] ] } },
{ "type": "Feature", "properties": { "cell_id": 309, "lon": 72.902132791257245, "lat": 18.942669780812086 }, "geometry": { "type": "Polygon", "coordinates": [ [ [ 72.904507972449281, 18.940424002874607 ], [ 72.904507972449281, 18.944915558749564 ], [ 72.899757610065222, 18.944915558749564 ], [ 72.899757610065222, 18.940424002874607 ], [ 72.904507972449281, 18.940424002874607 ] ] ] } },
{ "type": "Feature", "properties": { "cell_id": 310, "lon": 72.906883153641303, "lat": 18.942669780812086 }, "geometry": { "type": "Polygon", "coordinates": [ [ [ 72.909258334833339, 18.940424002874607 ], [ 72.909258334833339, 18.944915558749564 ], [ 72.904507972449281, 18.944915558749564 ], [ 72.904507972449281, 18.940424002874607 ], [ 72.909258334833339, 18.940424002874607 ] ] ] } },
{ "type": "Feature", "properties": { "cell_id": 311, "lon": 72.911633516025361, "lat": 18.942669780812086 }, "geometry": { "type": "Polygon", "coordinates": [ [ [ 72.914008697217398, 18.940424002874607 ], [ 72.914008697217398, 18.944915558749564 ], [ 72.909258334833339, 18.944915558749564 ], [ 72.909258334833339, 18.940424002874607 ], [ 72.914008697217398, 18.940424002874607 ] ] ] } },
{ "type": "Feature", "properties": { "cell_id": 312, "lon": 72.91638387840942, "lat": 18.942669780812086 }, "geometry": { "type": "Polygon", "coordinates": [ [ [ 72.918759059601456, 18.940424002874607 ], [ 72.918759059601456, 18.944915558749564 ], [ 72.914008697217398, 18.944915558749564 ], [ 72.914008697217398, 18.940424002874607 ], [ 72.918759059601456, 18.940424002874607 ] ] ] } },
{ "type": "Feature", "properties": { "cell_id": 313, "lon": 72.921134240793478, "lat": 18.942669780812086 }, "geometry": { "type": "Polygon", "coordinates": [ [ [ 72.923509421985514, 18.940424002874607 ], [ 72.923509421985514, 18.944915558749564 ], [ 72.918759059601456, 18.944915558749564 ], [ 72.918759059601456, 18.940424002874607 ], [ 72.923509421985514, 18.940424002874607 ] ] ] } },
{ "type": "Feature", "properties": { "cell_id": 314, "lon": 72.925884603177536, "lat": 18.942669780812086 }, "geometry": { "type": "Polygon", "coordinates": [ [ [ 72.928259784369573, 18.940424002874607 ], [ 72.928259784369573, 18.944915558749564 ], [ 72.923509421985514, 18.944915558749564 ], [ 72.923509421985514, 18.940424002874607 ], [ 72.928259784369573, 18.940424002874607 ] ] ] } },
{ "type": "Feature", "properties": { "cell_id": 315, "lon": 72.930634965561595, "lat": 18.942669780812086 }, "geometry": { "type": "Polygon", "coordinates": [ [ [ 72.933010146753631, 18.940424002874607 ], [ 72.933010146753631, 18.944915558749564 ], [ 72.928259784369573, 18.944915558749564 ], [ 72.928259784369573, 18.940424002874607 ], [ 72.933010146753631, 18.940424002874607 ] ] ] } },
{ "type": "Feature", "properties": { "cell_id": 316, "lon": 72.935385327945653, "lat": 18.942669780812086 }, "geometry": { "type": "Polygon", "coordinates": [ [ [ 72.937760509137689, 18.940424002874607 ], [ 72.937760509137689, 18.944915558749564 ], [ 72.933010146753631, 18.944915558749564 ], [ 72.933010146753631, 18.940424002874607 ], [ 72.937760509137689, 18.940424002874607 ] ] ] } },
{ "type": "Feature", "properties": { "cell_id": 317, "lon": 72.940135690329711, "lat": 18.942669780812086 }, "geometry": { "type": "Polygon", "coordinates": [ [ [ 72.942510871521748, 18.940424002874607 ], [ 72.942510871521748, 18.944915558749564 ], [ 72.937760509137689, 18.944915558749564 ], [ 72.937760509137689, 18.940424002874607 ], [ 72.942510871521748, 18.940424002874607 ] ] ] } },
{ "type": "Feature", "properties": { "cell_id": 318, "lon": 72.94488605271377, "lat": 18.942669780812086 }, "geometry": { "type": "Polygon", "coordinates": [ [ [ 72.947261233905806, 18.940424002874607 ], [ 72.947261233905806, 18.944915558749564 ], [ 72.942510871521748, 18.944915558749564 ], [ 72.942510871521748, 18.940424002874607 ], [ 72.947261233905806, 18.940424002874607 ] ] ] } },
{ "type": "Feature", "properties": { "cell_id": 319, "lon": 72.949636415097828, "lat": 18.942669780812086 }, "geometry": { "type": "Polygon", "coordinates": [ [ [ 72.952011596289864, 18.940424002874607 ], [ 72.952011596289864, 18.944915558749564 ], [ 72.947261233905806, 18.944915558749564 ], [ 72.947261233905806, 18.940424002874607 ], [ 72.952011596289864, 18.940424002874607 ] ] ] } },
{ "type": "Feature", "properties": { "cell_id": 320, "lon": 72.802375181192019, "lat": 18.947161336687042 }, "geometry": { "type": "Polygon", "coordinates": [ [ [ 72.804750362384056, 18.944915558749564 ], [ 72.804750362384056, 18.94940711462452 ], [ 72.8, 18.94940711462452 ], [ 72.8, 18.944915558749564 ], [ 72.804750362384056, 18.944915558749564 ] ] ] } },
{ "type": "Feature", "properties": { "cell_id": 321, "lon": 72.807125543576078, "lat": 18.947161336687042 }, "geometry": { "type": "Polygon", "coordinates": [ [ [ 72.809500724768114, 18.944915558749564 ], [ 72.809500724768114, 18.94940711462452 ], [ 72.804750362384056, 18.94940711462452 ], [ 72.804750362384056, 18.944915558749564 ], [ 72.809500724768114, 18.944915558749564 ] ] ] } },
{ "type": "Feature", "properties": { "cell_id": 322, "lon": 72.811875905960136, "lat": 18.947161336687042 }, "geometry": { "type": "Polygon", "coordinates": [ [ [ 72.814251087152172, 18.944915558749564 ], [ 72.814251087152172, 18.94940711462452 ], [ 72.809500724768114, 18.94940711462452 ], [ 72.809500724768114, 18.944915558749564 ], [ 72.814251087152172, 18.944915558749564 ] ] ] } },
{ "type": "Feature", "properties": { "cell_id": 323, "lon": 72.816626268344194, "lat": 18.947161336687042 }, "geometry": { "type": "Polygon", "coordinates": [ [ [ 72.819001449536231, 18.944915558749564 ], [ 72.819001449536231, 18.94940711462452 ], [ 72.814251087152172, 18.94940711462452 ], [ 72.814251087152172, 18.944915558749564 ], [ 72.819001449536231, 18.944915558749564 ] ] ] } },
{ "type": "Feature", "properties": { "cell_id": 324, "lon": 72.821376630728253, "lat": 18.947161336687042 }, "geometry": { "type": "Polygon", "coordinates": [ [ [ 72.823751811920289, 18.944915558749564 ], [ 72.823751811920289, 18.94940711462452 ], [ 72.819001449536231, 18.94940711462452 ], [ 72.819001449536231, 18.944915558749564 ], [ 72.823751811920289, 18.944915558749564 ] ] ] } },
{ "type": "Feature", "properties": { "cell_id": 325, "lon": 72.826126993112311, "lat": 18.947161336687042 }, "geometry": { "type": "Polygon", "coordinates": [ [ [ 72.828502174304347, 18.944915558749564 ], [ 72.828502174304347, 18.94940711462452 ], [ 72.823751811920289, 18.94940711462452 ], [ 72.823751811920289, 18.944915558749564 ], [ 72.828502174304347, 18.944915558749564 ] ] ] } },
{ "type": "Feature", "properties": { "cell_id": 326, "lon": 72.830877355496369, "lat": 18.947161336687042 }, "geometry": { "type": "Polygon", "coordinates": [ [ [ 72.833252536688406, 18.944915558749564 ], [ 72.833252536688406, 18.94940711462452 ], [ 72.828502174304347, 18.94940711462452 ], [ 72.828502174304347, 18.944915558749564 ], [ 72.833252536688406, 18.944915558749564 ] ] ] } },
{ "type": "Feature", "properties": { "cell_id": 327, "lon": 72.835627717880428, "lat": 18.947161336687042 }, "geometry": { "type": "Polygon", "coordinates": [ [ [ 72.838002899072464, 18.944915558749564 ], [ 72.838002899072464, 18.94940711462452 ], [ 72.833252536688406, 18.94940711462452 ], [ 72.833252536688406, 18.944915558749564 ], [ 72.838002899072464, 18.944915558749564 ] ] ] } },
{ "type": "Feature", "properties": { "cell_id": 328, "lon": 72.840378080264486, "lat": 18.947161336687042 }, "geometry": { "type": "Polygon", "coordinates": [ [ [ 72.842753261456522, 18.944915558749564 ], [ 72.842753261456522, 18.94940711462452 ], [ 72.838002899072464, 18.94940711462452 ], [ 72.838002899072464, 18.944915558749564 ], [ 72.842753261456522, 18.944915558749564 ] ] ] } },
{ "type": "Feature", "properties": { "cell_id": 329, "lon": 72.845128442648544, "lat": 18.947161336687042 }, "geometry": { "type": "Polygon", "coordinates": [ [ [ 72.847503623840581, 18.944915558749564 ], [ 72.847503623840581, 18.94940711462452 ], [ 72.842753261456522, 18.94940711462452 ], [ 72.842753261456522, 18.944915558749564 ], [ 72.847503623840581, 18.944915558749564 ] ] ] } },
{ "type": "Feature", "properties": { "cell_id": 330, "lon": 72.849878805032603, "lat": 18.947161336687042 }, "geometry": { "type": "Polygon", "coordinates": [ [ [ 72.852253986224639, 18.944915558749564 ], [ 72.852253986224639, 18.94940711462452 ], [ 72.847503623840581, 18.94940711462452 ], [ 72.847503623840581, 18.944915558749564 ], [ 72.852253986224639, 18.944915558749564 ] ] ] } },
{ "type": "Feature", "properties": { "cell_id": 331, "lon": 72.854629167416661, "lat": 18.947161336687042 }, "geometry": { "type": "Polygon", "coordinates": [ [ [ 72.857004348608697, 18.944915558749564 ], [ 72.857004348608697, 18.94940711462452 ], [ 72.852253986224639, 18.94940711462452 ], [ 72.852253986224639, 18.944915558749564 ], [ 72.857004348608697, 18.944915558749564 ] ] ] } },
{ "type": "Feature", "properties": { "cell_id": 332, "lon": 72.859379529800719, "lat": 18.947161336687042 }, "geometry": { "type": "Polygon", "coordinates": [ [ [ 72.861754710992756, 18.944915558749564 ], [ 72.861754710992756, 18.94940711462452 ], [ 72.857004348608697, 18.94940711462452 ], [ 72.857004348608697, 18.944915558749564 ], [ 72.861754710992756, 18.944915558749564 ] ] ] } },
{ "type": "Feature", "properties": { "cell_id": 333, "lon": 72.864129892184778, "lat": 18.947161336687042 }, "geometry": { "type": "Polygon", "coordinates": [ [ [ 72.866505073376814, 18.944915558749564 ], [ 72.866505073376814, 18.94940711462452 ], [ 72.861754710992756, 18.94940711462452 ], [ 72.861754710992756, 18.944915558749564 ], [ 72.866505073376814, 18.944915558749564 ] ] ] } },
{ "type": "Feature", "properties": { "cell_id": 334, "lon": 72.868880254568836, "lat": 18.947161336687042 }, "geometry": { "type": "Polygon", "coordinates": [ [ [ 72.871255435760872, 18.944915558749564 ], [ 72.871255435760872, 18.94940711462452 ], [ 72.866505073376814, 18.94940711462452 ], [ 72.866505073376814, 18.944915558749564 ], [ 72.871255435760872, 18.944915558749564 ] ] ] } },
{ "type": "Feature", "properties": { "cell_id": 335, "lon": 72.873630616952894, "lat": 18.947161336687042 }, "geometry": { "type": "Polygon", "coordinates": [ [ [ 72.876005798144931, 18.944915558749564 ], [ 72.876005798144931, 18.94940711462452 ], [ 72.871255435760872, 18.94940711462452 ], [ 72.871255435760872, 18.944915558749564 ], [ 72.876005798144931, 18.944915558749564 ] ] ] } },
{ "type": "Feature", "properties": { "cell_id": 336, "lon": 72.878380979336953, "lat": 18.947161336687042 }, "geometry": { "type": "Polygon", "coordinates": [ [ [ 72.880756160528989, 18.944915558749564 ], [ 72.880756160528989, 18.94940711462452 ], [ 72.876005798144931, 18.94940711462452 ], [ 72.876005798144931, 18.944915558749564 ], [ 72.880756160528989, 18.944915558749564 ] ] ] } },
{ "type": "Feature", "properties": { "cell_id": 337, "lon": 72.883131341721011, "lat": 18.947161336687042 }, "geometry": { "type": "Polygon", "coordinates": [ [ [ 72.885506522913047, 18.944915558749564 ], [ 72.885506522913047, 18.94940711462452 ], [ 72.880756160528989, 18.94940711462452 ], [ 72.880756160528989, 18.944915558749564 ], [ 72.885506522913047, 18.944915558749564 ] ] ] } },
{ "type": "Feature", "properties": { "cell_id": 338, "lon": 72.88788170410507, "lat": 18.947161336687042 }, "geometry": { "type": "Polygon", "coordinates": [ [ [ 72.890256885297106, 18.944915558749564 ], [ 72.890256885297106, 18.94940711462452 ], [ 72.885506522913047, 18.94940711462452 ], [ 72.885506522913047, 18.944915558749564 ], [ 72.890256885297106, 18.944915558749564 ] ] ] } },
{ "type": "Feature", "properties": { "cell_id": 339, "lon": 72.892632066489128, "lat": 18.947161336687042 }, "geometry": { "type": "Polygon", "coordinates": [ [ [ 72.895007247681164, 18.944915558749564 ], [ 72.895007247681164, 18.94940711462452 ], [ 72.890256885297106, 18.94940711462452 ], [ 72.890256885297106, 18.944915558749564 ], [ 72.895007247681164, 18.944915558749564 ] ] ] } },
{ "type": "Feature", "properties": { "cell_id": 340, "lon": 72.897382428873186, "lat": 18.947161336687042 }, "geometry": { "type": "Polygon", "coordinates": [ [ [ 72.899757610065222, 18.944915558749564 ], [ 72.899757610065222, 18.94940711462452 ], [ 72.895007247681164, 18.94940711462452 ], [ 72.895007247681164, 18.944915558749564 ], [ 72.899757610065222, 18.944915558749564 ] ] ] } },
{ "type": "Feature", "properties": { "cell_id": 341, "lon": 72.902132791257245, "lat": 18.947161336687042 }, "geometry": { "type": "Polygon", "coordinates": [ [ [ 72.904507972449281, 18.944915558749564 ], [ 72.904507972449281, 18.94940711462452 ], [ 72.899757610065222, 18.94940711462452 ], [ 72.899757610065222, 18.944915558749564 ], [ 72.904507972449281, 18.944915558749564 ] ] ] } },
{ "type": "Feature", "properties": { "cell_id": 342, "lon": 72.906883153641303, "lat": 18.947161336687042 }, "geometry": { "type": "Polygon", "coordinates": [ [ [ 72.909258334833339, 18.944915558749564 ], [ 72.909258334833339, 18.94940711462452 ], [ 72.904507972449281, 18.94940711462452 ], [ 72.904507972449281, 18.944915558749564 ], [ 72.909258334833339, 18.944915558749564 ] ] ] } },
{ "type": "Feature", "properties": { "cell_id": 343, "lon": 72.911633516025361, "lat": 18.947161336687042 }, "geometry": { "type": "Polygon", "coordinates": [ [ [ 72.914008697217398, 18.944915558749564 ], [ 72.914008697217398, 18.94940711462452 ], [ 72.909258334833339, 18.94940711462452 ], [ 72.909258334833339, 18.944915558749564 ], [ 72.914008697217398, 18.944915558749564 ] ] ] } },
{ "type": "Feature", "properties": { "cell_id": 344, "lon": 72.91638387840942, "lat": 18.947161336687042 }, "geometry": { "type": "Polygon", "coordinates": [ [ [ 72.918759059601456, 18.944915558749564 ], [ 72.918759059601456, 18.94940711462452 ], [ 72.914008697217398, 18.94940711462452 ], [ 72.914008697217398, 18.944915558749564 ], [ 72.918759059601456, 18.944915558749564 ] ] ] } },
{ "type": "Feature", "properties": { "cell_id": 345, "lon": 72.921134240793478, "lat": 18.947161336687042 }, "geometry": { "type": "Polygon", "coordinates": [ [ [ 72.923509421985514, 18.944915558749564 ], [ 72.923509421985514, 18.94940711462452 ], [ 72.918759059601456, 18.94940711462452 ], [ 72.918759059601456, 18.944915558749564 ], [ 72.923509421985514, 18.944915558749564 ] ] ] } },
{ "type": "Feature", "properties": { "cell_id": 346, "lon": 72.925884603177536, "lat": 18.947161336687042 }, "geometry": { "type": "Polygon", "coordinates": [ [ [ 72.928259784369573, 18.944915558749564 ], [ 72.928259784369573, 18.94940711462452 ], [ 72.923509421985514, 18.94940711462452 ], [ 72.923509421985514, 18.944915558749564 ], [ 72.928259784369573, 18.944915558749564 ] ] ] } },
{ "type": "Feature", "properties": { "cell_id": 347, "lon": 72.930634965561595, "lat": 18.947161336687042 }, "geometry": { "type": "Polygon", "coordinates": [ [ [ 72.933010146753631, 18.944915558749564 ], [ 72.933010146753631, 18.94940711462452 ], [ 72.928259784369573, 18.94940711462452 ], [ 72.928259784369573, 18.944915558749564 ], [ 72.933010146753631, 18.944915558749564 ] ] ] } },
{ "type": "Feature", "properties": { "cell_id": 348, "lon": 72.935385327945653, "lat": 18.947161336687042 }, "geometry": { "type": "Polygon", "coordinates": [ [ [ 72.937760509137689, 18.944915558749564 ], [ 72.937760509137689, 18.94940711462452 ], [ 72.933010146753631, 18.94940711462452 ], [ 72.933010146753631, 18.944915558749564 ], [ 72.937760509137689, 18.944915558749564 ] ] ] } },
{ "type": "Feature", "properties": { "cell_id": 349, "lon": 72.940135690329711, "lat": 18.947161336687042 }, "geometry": { "type": "Polygon", "coordinates": [ [ [ 72.942510871521748, 18.944915558749564 ], [ 72.942510871521748, 18.94940711462452 ], [ 72.937760509137689, 18.94940711462452 ], [ 72.937760509137689, 18.944915558749564 ], [ 72.942510871521748, 18.944915558749564 ] ] ] } },
{ "type": "Feature", "properties": { "cell_id": 350, "lon": 72.94488605271377, "lat": 18.947161336687042 }, "geometry": { "type": "Polygon", "coordinates": [ [ [ 72.947261233905806, 18.944915558749564 ], [ 72.947261233905806, 18.94940711462452 ], [ 72.942510871521748, 18.94940711462452 ], [ 72.942510871521748, 18.944915558749564 ], [ 72.947261233905806, 18.944915558749564 ] ] ] } },
{ "type": "Feature", "properties": { "cell_id": 351, "lon": 72.949636415097828, "lat": 18.947161336687042 }, "geometry": { "type": "Polygon", "coordinates": [ [ [ 72.952011596289864, 18.944915558749564 ], [ 72.952011596289864, 18.94940711462452 ], [ 72.947261233905806, 18.94940711462452 ], [ 72.947261233905806, 18.944915558749564 ], [ 72.952011596289864, 18.944915558749564 ] ] ] } },
{ "type": "Feature", "properties": { "cell_id": 352, "lon": 72.802375181192019, "lat": 18.951652892561999 }, "geometry": { "type": "Polygon", "coordinates": [ [ [ 72.804750362384056, 18.94940711462452 ], [ 72.804750362384056, 18.953898670499477 ], [ 72.8, 18.953898670499477 ], [ 72.8, 18.94940711462452 ], [ 72.804750362384056, 18.94940711462452 ] ] ] } },
{ "type": "Feature", "properties": { "cell_id": 353, "lon": 72.807125543576078, "lat": 18.951652892561999 }, "geometry": { "type": "Polygon", "coordinates": [ [ [ 72.809500724768114, 18.94940711462452 ], [ 72.809500724768114, 18.953898670499477 ], [ 72.804750362384056, 18.953898670499477 ], [ 72.804750362384056, 18.94940711462452 ], [ 72.809500724768114, 18.94940711462452 ] ] ] } },
{ "type": "Feature", "properties": { "cell_id": 354, "lon": 72.811875905960136, "lat": 18.951652892561999 }, "geometry": { "type": "Polygon", "coordinates": [ [ [ 72.814251087152172, 18.94940711462452 ], [ 72.814251087152172, 18.953898670499477 ], [ 72.809500724768114, 18.953898670499477 ], [ 72.809500724768114, 18.94940711462452 ], [ 72.814251087152172, 18.94940711462452 ] ] ] } },
{ "type": "Feature", "properties": { "cell_id": 355, "lon": 72.816626268344194, "lat": 18.951652892561999 }, "geometry": { "type": "Polygon", "coordinates": [ [ [ 72.819001449536231, 18.94940711462452 ], [ 72.819001449536231, 18.953898670499477 ], [ 72.814251087152172, 18.953898670499477 ], [ 72.814251087152172, 18.94940711462452 ], [ 72.819001449536231, 18.94940711462452 ] ] ] } },
{ "type": "Feature", "properties": { "cell_id": 356, "lon": 72.821376630728253, "lat": 18.951652892561999 }, "geometry": { "type": "Polygon", "coordinates": [ [ [ 72.823751811920289, 18.94940711462452 ], [ 72.823751811920289, 18.953898670499477 ], [ 72.819001449536231, 18.953898670499477 ], [ 72.819001449536231, 18.94940711462452 ], [ 72.823751811920289, 18.94940711462452 ] ] ] } },
{ "type": "Feature", "properties": { "cell_id": 357, "lon": 72.826126993112311, "lat": 18.951652892561999 }, "geometry": { "type": "Polygon", "coordinates": [ [ [ 72.828502174304347, 18.94940711462452 ], [ 72.828502174304347, 18.953898670499477 ], [ 72.823751811920289, 18.953898670499477 ], [ 72.823751811920289, 18.94940711462452 ], [ 72.828502174304347, 18.94940711462452 ] ] ] } },
{ "type": "Feature", "properties": { "cell_id": 358, "lon": 72.830877355496369, "lat": 18.951652892561999 }, "geometry": { "type": "Polygon", "coordinates": [ [ [ 72.833252536688406, 18.94940711462452 ], [ 72.833252536688406, 18.953898670499477 ], [ 72.828502174304347, 18.953898670499477 ], [ 72.828502174304347, 18.94940711462452 ], [ 72.833252536688406, 18.94940711462452 ] ] ] } },
{ "type": "Feature", "properties": { "cell_id": 359, "lon": 72.835627717880428, "lat": 18.951652892561999 }, "geometry": { "type": "Polygon", "coordinates": [ [ [ 72.838002899072464, 18.94940711462452 ], [ 72.838002899072464, 18.953898670499477 ], [ 72.833252536688406, 18.953898670499477 ], [ 72.833252536688406, 18.94940711462452 ], [ 72.838002899072464, 18.94940711462452 ] ] ] } },
{ "type": "Feature", "properties": { "cell_id": 360, "lon": 72.840378080264486, "lat": 18.951652892561999 }, "geometry": { "type": "Polygon", "coordinates": [ [ [ 72.842753261456522, 18.94940711462452 ], [ 72.842753261456522, 18.953898670499477 ], [ 72.838002899072464, 18.953898670499477 ], [ 72.838002899072464, 18.94940711462452 ], [ 72.842753261456522, 18.94940711462452 ] ] ] } },
{ "type": "Feature", "properties": { "cell_id": 361, "lon": 72.845128442648544, "lat": 18.951652892561999 }, "geometry": { "type": "Polygon", "coordinates": [ [ [ 72.847503623840581, 18.94940711462452 ], [ 72.847503623840581, 18.953898670499477 ], [ 72.842753261456522, 18.953898670499477 ], [ 72.842753261456522, 18.94940711462452 ], [ 72.847503623840581, 18.94940711462452 ] ] ] } },
{ "type": "Feature", "properties": { "cell_id": 362, "lon": 72.849878805032603, "lat": 18.951652892561999 }, "geometry": { "type": "Polygon", "coordinates": [ [ [ 72.852253986224639, 18.94940711462452 ], [ 72.852253986224639, 18.953898670499477 ], [ 72.847503623840581, 18.953898670499477 ], [ 72.847503623840581, 18.94940711462452 ], [ 72.852253986224639, 18.94940711462452 ] ] ] } },
{ "type": "Feature", "properties": { "cell_id": 363, "lon": 72.854629167416661, "lat": 18.951652892561999 }, "geometry": { "type": "Polygon", "coordinates": [ [ [ 72.857004348608697, 18.94940711462452 ], [ 72.857004348608697, 18.953898670499477 ], [ 72.852253986224639, 18.953898670499477 ], [ 72.852253986224639, 18.94940711462452 ], [ 72.857004348608697, 18.94940711462452 ] ] ] } },
{ "type": "Feature", "properties": { "cell_id": 364, "lon": 72.859379529800719, "lat": 18.951652892561999 }, "geometry": { "type": "Polygon", "coordinates": [ [ [ 72.861754710992756, 18.94940711462452 ], [ 72.861754710992756, 18.953898670499477 ], [ 72.857004348608697, 18.953898670499477 ], [ 72.857004348608697, 18.94940711462452 ], [ 72.861754710992756, 18.94940711462452 ] ] ] } },
{ "type": "Feature", "properties": { "cell_id": 365, "lon": 72.864129892184778, "lat": 18.951652892561999 }, "geometry": { "type": "Polygon", "coordinates": [ [ [ 72.866505073376814, 18.94940711462452 ], [ 72.866505073376814, 18.953898670499477 ], [ 72.861754710992756, 18.953898670499477 ], [ 72.861754710992756, 18.94940711462452 ], [ 72.866505073376814, 18.94940711462452 ] ] ] } },
{ "type": "Feature", "properties": { "cell_id": 366, "lon": 72.868880254568836, "lat": 18.951652892561999 }, "geometry": { "type": "Polygon", "coordinates": [ [ [ 72.871255435760872, 18.94940711462452 ], [ 72.871255435760872, 18.953898670499477 ], [ 72.866505073376814, 18.953898670499477 ], [ 72.866505073376814, 18.94940711462452 ], [ 72.871255435760872, 18.94940711462452 ] ] ] } },
{ "type": "Feature", "properties": { "cell_id": 367, "lon": 72.873630616952894, "lat": 18.951652892561999 }, "geometry": { "type": "Polygon", "coordinates": [ [ [ 72.876005798144931, 18.94940711462452 ], [ 72.876005798144931, 18.953898670499477 ], [ 72.871255435760872, 18.953898670499477 ], [ 72.871255435760872, 18.94940711462452 ], [ 72.876005798144931, 18.94940711462452 ] ] ] } },
{ "type": "Feature", "properties": { "cell_id": 368, "lon": 72.878380979336953, "lat": 18.951652892561999 }, "geometry": { "type": "Polygon", "coordinates": [ [ [ 72.880756160528989, 18.94940711462452 ], [ 72.880756160528989, 18.953898670499477 ], [ 72.876005798144931, 18.953898670499477 ], [ 72.876005798144931, 18.94940711462452 ], [ 72.880756160528989, 18.94940711462452 ] ] ] } },
{ "type": "Feature", "properties": { "cell_id": 369, "lon": 72.883131341721011, "lat": 18.951652892561999 }, "geometry": { "type": "Polygon", "coordinates": [ [ [ 72.885506522913047, 18.94940711462452 ], [ 72.885506522913047, 18.953898670499477 ], [ 72.880756160528989, 18.953898670499477 ], [ 72.880756160528989, 18.94940711462452 ], [ 72.885506522913047, 18.94940711462452 ] ] ] } },
{ "type": "Feature", "properties": { "cell_id": 370, "lon": 72.88788170410507, "lat": 18.951652892561999 }, "geometry": { "type": "Polygon", "coordinates": [ [ [ 72.890256885297106, 18.94940711462452 ], [ 72.890256885297106, 18.953898670499477 ], [ 72.885506522913047, 18.953898670499477 ], [ 72.885506522913047, 18.94940711462452 ], [ 72.890256885297106, 18.94940711462452 ] ] ] } },
{ "type": "Feature", "properties": { "cell_id": 371, "lon": 72.892632066489128, "lat": 18.951652892561999 }, "geometry": { "type": "Polygon", "coordinates": [ [ [ 72.895007247681164, 18.94940711462452 ], [ 72.895007247681164, 18.953898670499477 ], [ 72.890256885297106, 18.953898670499477 ], [ 72.890256885297106, 18.94940711462452 ], [ 72.895007247681164, 18.94940711462452 ] ] ] } },
{ "type": "Feature", "properties": { "cell_id": 372, "lon": 72.897382428873186, "lat": 18.951652892561999 }, "geometry": { "type": "Polygon", "coordinates": [ [ [ 72.899757610065222, 18.94940711462452 ], [ 72.899757610065222, 18.953898670499477 ], [ 72.895007247681164, 18.953898670499477 ], [ 72.895007247681164, 18.94940711462452 ], [ 72.899757610065222, 18.94940711462452 ] ] ] } },
{ "type": "Feature", "properties": { "cell_id": 373, "lon": 72.902132791257245, "lat": 18.951652892561999 }, "geometry": { "type": "Polygon", "coordinates": [ [ [ 72.904507972449281, 18.94940711462452 ], [ 72.904507972449281, 18.953898670499477 ], [ 72.899757610065222, 18.953898670499477 ], [ 72.899757610065222, 18.94940711462452 ], [ 72.904507972449281, 18.94940711462452 ] ] ] } },
{ "type": "Feature", "properties": { "cell_id": 374, "lon": 72.906883153641303, "lat": 18.951652892561999 }, "geometry": { "type": "Polygon", "coordinates": [ [ [ 72.909258334833339, 18.94940711462452 ], [ 72.909258334833339, 18.953898670499477 ], [ 72.904507972449281, 18.953898670499477 ], [ 72.904507972449281, 18.94940711462452 ], [ 72.909258334833339, 18.94940711462452 ] ] ] } },
{ "type": "Feature", "properties": { "cell_id": 375, "lon": 72.911633516025361, "lat": 18.951652892561999 }, "geometry": { "type": "Polygon", "coordinates": [ [ [ 72.914008697217398, 18.94940711462452 ], [ 72.914008697217398, 18.953898670499477 ], [ 72.909258334833339, 18.953898670499477 ], [ 72.909258334833339, 18.94940711462452 ], [ 72.914008697217398, 18.94940711462452 ] ] ] } },
{ "type": "Feature", "properties": { "cell_id": 376, "lon": 72.91638387840942, "lat": 18.951652892561999 }, "geometry": { "type": "Polygon", "coordinates": [ [ [ 72.918759059601456, 18.94940711462452 ], [ 72.918759059601456, 18.953898670499477 ], [ 72.914008697217398, 18.953898670499477 ], [ 72.914008697217398, 18.94940711462452 ], [ 72.918759059601456, 18.94940711462452 ] ] ] } },
{ "type": "Feature", "properties": { "cell_id": 377, "lon": 72.921134240793478, "lat": 18.951652892561999 }, "geometry": { "type": "Polygon", "coordinates": [ [ [ 72.923509421985514, 18.94940711462452 ], [ 72.923509421985514, 18.953898670499477 ], [ 72.918759059601456, 18.953898670499477 ], [ 72.918759059601456, 18.94940711462452 ], [ 72.923509421985514, 18.94940711462452 ] ] ] } },
{ "type": "Feature", "properties": { "cell_id": 378, "lon": 72.925884603177536, "lat": 18.951652892561999 }, "geometry": { "type": "Polygon", "coordinates": [ [ [ 72.928259784369573, 18.94940711462452 ], [ 72.928259784369573, 18.953898670499477 ], [ 72.923509421985514, 18.953898670499477 ], [ 72.923509421985514, 18.94940711462452 ], [ 72.928259784369573, 18.94940711462452 ] ] ] } },
{ "type": "Feature", "properties": { "cell_id": 379, "lon": 72.930634965561595, "lat": 18.951652892561999 }, "geometry": { "type": "Polygon", "coordinates": [ [ [ 72.933010146753631, 18.94940711462452 ], [ 72.933010146753631, 18.953898670499477 ], [ 72.928259784369573, 18.953898670499477 ], [ 72.928259784369573, 18.94940711462452 ], [ 72.933010146753631, 18.94940711462452 ] ] ] } },
{ "type": "Feature", "properties": { "cell_id": 380, "lon": 72.935385327945653, "lat": 18.951652892561999 }, "geometry": { "type": "Polygon", "coordinates": [ [ [ 72.937760509137689, 18.94940711462452 ], [ 72.937760509137689, 18.953898670499477 ], [ 72.933010146753631, 18.953898670499477 ], [ 72.933010146753631, 18.94940711462452 ], [ 72.937760509137689, 18.94940711462452 ] ] ] } },
{ "type": "Feature", "properties": { "cell_id": 381, "lon": 72.940135690329711, "lat": 18.951652892561999 }, "geometry": { "type": "Polygon", "coordinates": [ [ [ 72.942510871521748, 18.94940711462452 ], [ 72.942510871521748, 18.953898670499477 ], [ 72.937760509137689, 18.953898670499477 ], [ 72.937760509137689, 18.94940711462452 ], [ 72.942510871521748, 18.94940711462452 ] ] ] } },
{ "type": "Feature", "properties": { "cell_id": 382, "lon": 72.94488605271377, "lat": 18.951652892561999 }, "geometry": { "type": "Polygon", "coordinates": [ [ [ 72.947261233905806, 18.94940711462452 ], [ 72.947261233905806, 18.953898670499477 ], [ 72.942510871521748, 18.953898670499477 ], [ 72.942510871521748, 18.94940711462452 ], [ 72.947261233905806, 18.94940711462452 ] ] ] } },
{ "type": "Feature", "properties": { "cell_id": 383, "lon": 72.949636415097828, "lat": 18.951652892561999 }, "geometry": { "type": "Polygon", "coordinates": [ [ [ 72.952011596289864, 18.94940711462452 ], [ 72.952011596289864, 18.953898670499477 ], [ 72.947261233905806, 18.953898670499477 ], [ 72.947261233905806, 18.94940711462452 ], [ 72.952011596289864, 18.94940711462452 ] ] ] } },
{ "type": "Feature", "properties": { "cell_id": 384, "lon": 72.802375181192019, "lat": 18.956144448436955 }, "geometry": { "type": "Polygon", "coordinates": [ [ [ 72.804750362384056, 18.953898670499477 ], [ 72.804750362384056, 18.958390226374433 ], [ 72.8, 18.958390226374433 ], [ 72.8, 18.953898670499477 ], [ 72.804750362384056, 18.953898670499477 ] ] ] } },
{ "type": "Feature", "properties": { "cell_id": 385, "lon": 72.807125543576078, "lat": 18.956144448436955 }, "geometry": { "type": "Polygon", "coordinates": [ [ [ 72.809500724768114, 18.953898670499477 ], [ 72.809500724768114, 18.958390226374433 ], [ 72.804750362384056, 18.958390226374433 ], [ 72.804750362384056, 18.953898670499477 ], [ 72.809500724768114, 18.953898670499477 ] ] ] } },
{ "type": "Feature", "properties": { "cell_id": 386, "lon": 72.811875905960136, "lat": 18.956144448436955 }, "geometry": { "type": "Polygon", "coordinates": [ [ [ 72.814251087152172, 18.953898670499477 ], [ 72.814251087152172, 18.958390226374433 ], [ 72.809500724768114, 18.958390226374433 ], [ 72.809500724768114, 18.953898670499477 ], [ 72.814251087152172, 18.953898670499477 ] ] ] } },
{ "type": "Feature", "properties": { "cell_id": 387, "lon": 72.816626268344194, "lat": 18.956144448436955 }, "geometry": { "type": "Polygon", "coordinates": [ [ [ 72.819001449536231, 18.953898670499477 ], [ 72.819001449536231, 18.958390226374433 ], [ 72.814251087152172, 18.958390226374433 ], [ 72.814251087152172, 18.953898670499477 ], [ 72.819001449536231, 18.953898670499477 ] ] ] } },
{ "type": "Feature", "properties": { "cell_id": 388, "lon": 72.821376630728253, "lat": 18.956144448436955 }, "geometry": { "type": "Polygon", "coordinates": [ [ [ 72.823751811920289, 18.953898670499477 ], [ 72.823751811920289, 18.958390226374433 ], [ 72.819001449536231, 18.958390226374433 ], [ 72.819001449536231, 18.953898670499477 ], [ 72.823751811920289, 18.953898670499477 ] ] ] } },
{ "type": "Feature", "properties": { "cell_id": 389, "lon": 72.826126993112311, "lat": 18.956144448436955 }, "geometry": { "type": "Polygon", "coordinates": [ [ [ 72.828502174304347, 18.953898670499477 ], [ 72.828502174304347, 18.958390226374433 ], [ 72.823751811920289, 18.958390226374433 ], [ 72.823751811920289, 18.953898670499477 ], [ 72.828502174304347, 18.953898670499477 ] ] ] } },
{ "type": "Feature", "properties": { "cell_id": 390, "lon": 72.830877355496369, "lat": 18.956144448436955 }, "geometry": { "type": "Polygon", "coordinates": [ [ [ 72.833252536688406, 18.953898670499477 ], [ 72.833252536688406, 18.958390226374433 ], [ 72.828502174304347, 18.958390226374433 ], [ 72.828502174304347, 18.953898670499477 ], [ 72.833252536688406, 18.953898670499477 ] ] ] } },
{ "type": "Feature", "properties": { "cell_id": 391, "lon": 72.835627717880428, "lat": 18.956144448436955 }, "geometry": { "type": "Polygon", "coordinates": [ [ [ 72.838002899072464, 18.953898670499477 ], [ 72.838002899072464, 18.958390226374433 ], [ 72.833252536688406, 18.958390226374433 ], [ 72.833252536688406, 18.953898670499477 ], [ 72.838002899072464, 18.953898670499477 ] ] ] } },
{ "type": "Feature", "properties": { "cell_id": 392, "lon": 72.840378080264486, "lat": 18.956144448436955 }, "geometry": { "type": "Polygon", "coordinates": [ [ [ 72.842753261456522, 18.953898670499477 ], [ 72.842753261456522, 18.958390226374433 ], [ 72.838002899072464, 18.958390226374433 ], [ 72.838002899072464, 18.953898670499477 ], [ 72.842753261456522, 18.953898670499477 ] ] ] } },
{ "type": "Feature", "properties": { "cell_id": 393, "lon": 72.845128442648544, "lat": 18.956144448436955 }, "geometry": { "type": "Polygon", "coordinates": [ [ [ 72.847503623840581, 18.953898670499477 ], [ 72.847503623840581, 18.958390226374433 ], [ 72.842753261456522, 18.958390226374433 ], [ 72.842753261456522, 18.953898670499477 ], [ 72.847503623840581, 18.953898670499477 ] ] ] } },
{ "type": "Feature", "properties": { "cell_id": 394, "lon": 72.849878805032603, "lat": 18.956144448436955 }, "geometry": { "type": "Polygon", "coordinates": [ [ [ 72.852253986224639, 18.953898670499477 ], [ 72.852253986224639, 18.958390226374433 ], [ 72.847503623840581, 18.958390226374433 ], [ 72.847503623840581, 18.953898670499477 ], [ 72.852253986224639, 18.953898670499477 ] ] ] } },
{ "type": "Feature", "properties": { "cell_id": 395, "lon": 72.854629167416661, "lat": 18.956144448436955 }, "geometry": { "type": "Polygon", "coordinates": [ [ [ 72.857004348608697, 18.953898670499477 ], [ 72.857004348608697, 18.958390226374433 ], [ 72.852253986224639, 18.958390226374433 ], [ 72.852253986224639, 18.953898670499477 ], [ 72.857004348608697, 18.953898670499477 ] ] ] } },
{ "type": "Feature", "properties": { "cell_id": 396, "lon": 72.859379529800719, "lat": 18.956144448436955 }, "geometry": { "type": "Polygon", "coordinates": [ [ [ 72.861754710992756, 18.953898670499477 ], [ 72.861754710992756, 18.958390226374433 ], [ 72.857004348608697, 18.958390226374433 ], [ 72.857004348608697, 18.953898670499477 ], [ 72.861754710992756, 18.953898670499477 ] ] ] } },
{ "type": "Feature", "properties": { "cell_id": 397, "lon": 72.864129892184778, "lat": 18.956144448436955 }, "geometry": { "type": "Polygon", "coordinates": [ [ [ 72.866505073376814, 18.953898670499477 ], [ 72.866505073376814, 18.958390226374433 ], [ 72.861754710992756, 18.958390226374433 ], [ 72.861754710992756, 18.953898670499477 ], [ 72.866505073376814, 18.953898670499477 ] ] ] } },
{ "type": "Feature", "properties": { "cell_id": 398, "lon": 72.868880254568836, "lat": 18.956144448436955 }, "geometry": { "type": "Polygon", "coordinates": [ [ [ 72.871255435760872, 18.953898670499477 ], [ 72.871255435760872, 18.958390226374433 ], [ 72.866505073376814, 18.958390226374433 ], [ 72.866505073376814, 18.953898670499477 ], [ 72.871255435760872, 18.953898670499477 ] ] ] } },
{ "type": "Feature", "properties": { "cell_id": 399, "lon": 72.873630616952894, "lat": 18.956144448436955 }, "geometry": { "type": "Polygon", "coordinates": [ [ [ 72.876005798144931, 18.953898670499477 ], [ 72.876005798144931, 18.958390226374433 ], [ 72.871255435760872, 18.958390226374433 ], [ 72.871255435760872, 18.953898670499477 ], [ 72.876005798144931, 18.953898670499477 ] ] ] } },
{ "type": "Feature", "properties": { "cell_id": 400, "lon": 72.878380979336953, "lat": 18.956144448436955 }, "geometry": { "type": "Polygon", "coordinates": [ [ [ 72.880756160528989, 18.953898670499477 ], [ 72.880756160528989, 18.958390226374433 ], [ 72.876005798144931, 18.958390226374433 ], [ 72.876005798144931, 18.953898670499477 ], [ 72.880756160528989, 18.953898670499477 ] ] ] } },
{ "type": "Feature", "properties": { "cell_id": 401, "lon": 72.883131341721011, "lat": 18.956144448436955 }, "geometry": { "type": "Polygon", "coordinates": [ [ [ 72.885506522913047, 18.953898670499477 ], [ 72.885506522913047, 18.958390226374433 ], [ 72.880756160528989, 18.958390226374433 ], [ 72.880756160528989, 18.953898670499477 ], [ 72.885506522913047, 18.953898670499477 ] ] ] } },
{ "type": "Feature", "properties": { "cell_id": 402, "lon": 72.88788170410507, "lat": 18.956144448436955 }, "geometry": { "type": "Polygon", "coordinates": [ [ [ 72.890256885297106, 18.953898670499477 ], [ 72.890256885297106, 18.958390226374433 ], [ 72.885506522913047, 18.958390226374433 ], [ 72.885506522913047, 18.953898670499477 ], [ 72.890256885297106, 18.953898670499477 ] ] ] } },
{ "type": "Feature", "properties": { "cell_id": 403, "lon": 72.892632066489128, "lat": 18.956144448436955 }, "geometry": { "type": "Polygon", "coordinates": [ [ [ 72.895007247681164, 18.953898670499477 ], [ 72.895007247681164, 18.958390226374433 ], [ 72.890256885297106, 18.958390226374433 ], [ 72.890256885297106, 18.953898670499477 ], [ 72.895007247681164, 18.953898670499477 ] ] ] } },
{ "type": "Feature", "properties": { "cell_id": 404, "lon": 72.897382428873186, "lat": 18.956144448436955 }, "geometry": { "type": "Polygon", "coordinates": [ [ [ 72.899757610065222, 18.953898670499477 ], [ 72.899757610065222, 18.958390226374433 ], [ 72.895007247681164, 18.958390226374433 ], [ 72.895007247681164, 18.953898670499477 ], [ 72.899757610065222, 18.953898670499477 ] ] ] } },
{ "type": "Feature", "properties": { "cell_id": 405, "lon": 72.902132791257245, "lat": 18.956144448436955 }, "geometry": { "type": "Polygon", "coordinates": [ [ [ 72.904507972449281, 18.953898670499477 ], [ 72.904507972449281, 18.958390226374433 ], [ 72.899757610065222, 18.958390226374433 ], [ 72.899757610065222, 18.953898670499477 ], [ 72.904507972449281, 18.953898670499477 ] ] ] } },
{ "type": "Feature", "properties": { "cell_id": 406, "lon": 72.906883153641303, "lat": 18.956144448436955 }, "geometry": { "type": "Polygon", "coordinates": [ [ [ 72.909258334833339, 18.953898670499477 ], [ 72.909258334833339, 18.958390226374433 ], [ 72.904507972449281, 18.958390226374433 ], [ 72.904507972449281, 18.953898670499477 ], [ 72.909258334833339, 18.953898670499477 ] ] ] } },
{ "type": "Feature", "properties": { "cell_id": 407, "lon": 72.911633516025361, "lat": 18.956144448436955 }, "geometry": { "type": "Polygon", "coordinates": [ [ [ 72.914008697217398, 18.953898670499477 ], [ 72.914008697217398, 18.958390226374433 ], [ 72.909258334833339, 18.958390226374433 ], [ 72.909258334833339, 18.953898670499477 ], [ 72.914008697217398, 18.953898670499477 ] ] ] } },
{ "type": "Feature", "properties": { "cell_id": 408, "lon": 72.91638387840942, "lat": 18.956144448436955 }, "geometry": { "type": "Polygon", "coordinates": [ [ [ 72.918759059601456, 18.953898670499477 ], [ 72.918759059601456, 18.958390226374433 ], [ 72.914008697217398, 18.958390226374433 ], [ 72.914008697217398, 18.953898670499477 ], [ 72.918759059601456, 18.953898670499477 ] ] ] } },
{ "type": "Feature", "properties": { "cell_id": 409, "lon": 72.921134240793478, "lat": 18.956144448436955 }, "geometry": { "type": "Polygon", "coordinates": [ [ [ 72.923509421985514, 18.953898670499477 ], [ 72.923509421985514, 18.958390226374433 ], [ 72.918759059601456, 18.958390226374433 ], [ 72.918759059601456, 18.953898670499477 ], [ 72.923509421985514, 18.953898670499477 ] ] ] } },
{ "type": "Feature", "properties": { "cell_id": 410, "lon": 72.925884603177536, "lat": 18.956144448436955 }, "geometry": { "type": "Polygon", "coordinates": [ [ [ 72.928259784369573, 18.953898670499477 ], [ 72.928259784369573, 18.958390226374433 ], [ 72.923509421985514, 18.958390226374433 ], [ 72.923509421985514, 18.953898670499477 ], [ 72.928259784369573, 18.953898670499477 ] ] ] } },
{ "type": "Feature", "properties": { "cell_id": 411, "lon": 72.930634965561595, "lat": 18.956144448436955 }, "geometry": { "type": "Polygon", "coordinates": [ [ [ 72.933010146753631, 18.953898670499477 ], [ 72.933010146753631, 18.958390226374433 ], [ 72.928259784369573, 18.958390226374433 ], [ 72.928259784369573, 18.953898670499477 ], [ 72.933010146753631, 18.953898670499477 ] ] ] } },
{ "type": "Feature", "properties": { "cell_id": 412, "lon": 72.935385327945653, "lat": 18.956144448436955 }, "geometry": { "type": "Polygon", "coordinates": [ [ [ 72.937760509137689, 18.953898670499477 ], [ 72.937760509137689, 18.958390226374433 ], [ 72.933010146753631, 18.958390226374433 ], [ 72.933010146753631, 18.953898670499477 ], [ 72.937760509137689, 18.953898670499477 ] ] ] } },
{ "type": "Feature", "properties": { "cell_id": 413, "lon": 72.940135690329711, "lat": 18.956144448436955 }, "geometry": { "type": "Polygon", "coordinates": [ [ [ 72.942510871521748, 18.953898670499477 ], [ 72.942510871521748, 18.958390226374433 ], [ 72.937760509137689, 18.958390226374433 ], [ 72.937760509137689, 18.953898670499477 ], [ 72.942510871521748, 18.953898670499477 ] ] ] } },
{ "type": "Feature", "properties": { "cell_id": 414, "lon": 72.94488605271377, "lat": 18.956144448436955 }, "geometry": { "type": "Polygon", "coordinates": [ [ [ 72.947261233905806, 18.953898670499477 ], [ 72.947261233905806, 18.958390226374433 ], [ 72.942510871521748, 18.958390226374433 ], [ 72.942510871521748, 18.953898670499477 ], [ 72.947261233905806, 18.953898670499477 ] ] ] } },
{ "type": "Feature", "properties": { "cell_id": 415, "lon": 72.949636415097828, "lat": 18.956144448436955 }, "geometry": { "type": "Polygon", "coordinates": [ [ [ 72.952011596289864, 18.953898670499477 ], [ 72.952011596289864, 18.958390226374433 ], [ 72.947261233905806, 18.958390226374433 ], [ 72.947261233905806, 18.953898670499477 ], [ 72.952011596289864, 18.953898670499477 ] ] ] } },
{ "type": "Feature", "properties": { "cell_id": 416, "lon": 72.802375181192019, "lat": 18.960636004311912 }, "geometry": { "type": "Polygon", "coordinates": [ [ [ 72.804750362384056, 18.958390226374433 ], [ 72.804750362384056, 18.96288178224939 ], [ 72.8, 18.96288178224939 ], [ 72.8, 18.958390226374433 ], [ 72.804750362384056, 18.958390226374433 ] ] ] } },
{ "type": "Feature", "properties": { "cell_id": 417, "lon": 72.807125543576078, "lat": 18.960636004311912 }, "geometry": { "type": "Polygon", "coordinates": [ [ [ 72.809500724768114, 18.958390226374433 ], [ 72.809500724768114, 18.96288178224939 ], [ 72.804750362384056, 18.96288178224939 ], [ 72.804750362384056, 18.958390226374433 ], [ 72.809500724768114, 18.958390226374433 ] ] ] } },
{ "type": "Feature", "properties": { "cell_id": 418, "lon": 72.811875905960136, "lat": 18.960636004311912 }, "geometry": { "type": "Polygon", "coordinates": [ [ [ 72.814251087152172, 18.958390226374433 ], [ 72.814251087152172, 18.96288178224939 ], [ 72.809500724768114, 18.96288178224939 ], [ 72.809500724768114, 18.958390226374433 ], [ 72.814251087152172, 18.958390226374433 ] ] ] } },
{ "type": "Feature", "properties": { "cell_id": 419, "lon": 72.816626268344194, "lat": 18.960636004311912 }, "geometry": { "type": "Polygon", "coordinates": [ [ [ 72.819001449536231, 18.958390226374433 ], [ 72.819001449536231, 18.96288178224939 ], [ 72.814251087152172, 18.96288178224939 ], [ 72.814251087152172, 18.958390226374433 ], [ 72.819001449536231, 18.958390226374433 ] ] ] } },
{ "type": "Feature", "properties": { "cell_id": 420, "lon": 72.821376630728253, "lat": 18.960636004311912 }, "geometry": { "type": "Polygon", "coordinates": [ [ [ 72.823751811920289, 18.958390226374433 ], [ 72.823751811920289, 18.96288178224939 ], [ 72.819001449536231, 18.96288178224939 ], [ 72.819001449536231, 18.958390226374433 ], [ 72.823751811920289, 18.958390226374433 ] ] ] } },
{ "type": "Feature", "properties": { "cell_id": 421, "lon": 72.826126993112311, "lat": 18.960636004311912 }, "geometry": { "type": "Polygon", "coordinates": [ [ [ 72.828502174304347, 18.958390226374433 ], [ 72.828502174304347, 18.96288178224939 ], [ 72.823751811920289, 18.96288178224939 ], [ 72.823751811920289, 18.958390226374433 ], [ 72.828502174304347, 18.958390226374433 ] ] ] } },
{ "type": "Feature", "properties": { "cell_id": 422, "lon": 72.830877355496369, "lat": 18.960636004311912 }, "geometry": { "type": "Polygon", "coordinates": [ [ [ 72.833252536688406, 18.958390226374433 ], [ 72.833252536688406, 18.96288178224939 ], [ 72.828502174304347, 18.96288178224939 ], [ 72.828502174304347, 18.958390226374433 ], [ 72.833252536688406, 18.958390226374433 ] ] ] } },
{ "type": "Feature", "properties": { "cell_id": 423, "lon": 72.835627717880428, "lat": 18.960636004311912 }, "geometry": { "type": "Polygon", "coordinates": [ [ [ 72.838002899072464, 18.958390226374433 ], [ 72.838002899072464, 18.96288178224939 ], [ 72.833252536688406, 18.96288178224939 ], [ 72.833252536688406, 18.958390226374433 ], [ 72.838002899072464, 18.958390226374433 ] ] ] } },
{ "type": "Feature", "properties": { "cell_id": 424, "lon": 72.840378080264486, "lat": 18.960636004311912 }, "geometry": { "type": "Polygon", "coordinates": [ [ [ 72.842753261456522, 18.958390226374433 ], [ 72.842753261456522, 18.96288178224939 ], [ 72.838002899072464, 18.96288178224939 ], [ 72.838002899072464, 18.958390226374433 ], [ 72.842753261456522, 18.958390226374433 ] ] ] } },
{ "type": "Feature", "properties": { "cell_id": 425, "lon": 72.845128442648544, "lat": 18.960636004311912 }, "geometry": { "type": "Polygon", "coordinates": [ [ [ 72.847503623840581, 18.958390226374433 ], [ 72.847503623840581, 18.96288178224939 ], [ 72.842753261456522, 18.96288178224939 ], [ 72.842753261456522, 18.958390226374433 ], [ 72.847503623840581, 18.958390226374433 ] ] ] } },
{ "type": "Feature", "properties": { "cell_id": 426, "lon": 72.849878805032603, "lat": 18.960636004311912 }, "geometry": { "type": "Polygon", "coordinates": [ [ [ 72.852253986224639, 18.958390226374433 ], [ 72.852253986224639, 18.96288178224939 ], [ 72.847503623840581, 18.96288178224939 ], [ 72.847503623840581, 18.958390226374433 ], [ 72.852253986224639, 18.958390226374433 ] ] ] } },
{ "type": "Feature", "properties": { "cell_id": 427, "lon": 72.854629167416661, "lat": 18.960636004311912 }, "geometry": { "type": "Polygon", "coordinates": [ [ [ 72.857004348608697, 18.958390226374433 ], [ 72.857004348608697, 18.96288178224939 ], [ 72.852253986224639, 18.96288178224939 ], [ 72.852253986224639, 18.958390226374433 ], [ 72.857004348608697, 18.958390226374433 ] ] ] } },
{ "type": "Feature", "properties": { "cell_id": 428, "lon": 72.859379529800719, "lat": 18.960636004311912 }, "geometry": { "type": "Polygon", "coordinates": [ [ [ 72.861754710992756, 18.958390226374433 ], [ 72.861754710992756, 18.96288178224939 ], [ 72.857004348608697, 18.96288178224939 ], [ 72.857004348608697, 18.958390226374433 ], [ 72.861754710992756, 18.958390226374433 ] ] ] } },
{ "type": "Feature", "properties": { "cell_id": 429, "lon": 72.864129892184778, "lat": 18.960636004311912 }, "geometry": { "type": "Polygon", "coordinates": [ [ [ 72.866505073376814, 18.958390226374433 ], [ 72.866505073376814, 18.96288178224939 ], [ 72.861754710992756, 18.96288178224939 ], [ 72.861754710992756, 18.958390226374433 ], [ 72.866505073376814, 18.958390226374433 ] ] ] } },
{ "type": "Feature", "properties": { "cell_id": 430, "lon": 72.868880254568836, "lat": 18.960636004311912 }, "geometry": { "type": "Polygon", "coordinates": [ [ [ 72.871255435760872, 18.958390226374433 ], [ 72.871255435760872, 18.96288178224939 ], [ 72.866505073376814, 18.96288178224939 ], [ 72.866505073376814, 18.958390226374433 ], [ 72.871255435760872, 18.958390226374433 ] ] ] } },
{ "type": "Feature", "properties": { "cell_id": 431, "lon": 72.873630616952894, "lat": 18.960636004311912 }, "geometry": { "type": "Polygon", "coordinates": [ [ [ 72.876005798144931, 18.958390226374433 ], [ 72.876005798144931, 18.96288178224939 ], [ 72.871255435760872, 18.96288178224939 ], [ 72.871255435760872, 18.958390226374433 ], [ 72.876005798144931, 18.958390226374433 ] ] ] } },
{ "type": "Feature", "properties": { "cell_id": 432, "lon": 72.878380979336953, "lat": 18.960636004311912 }, "geometry": { "type": "Polygon", "coordinates": [ [ [ 72.880756160528989, 18.958390226374433 ], [ 72.880756160528989, 18.96288178224939 ], [ 72.876005798144931, 18.96288178224939 ], [ 72.876005798144931, 18.958390226374433 ], [ 72.880756160528989, 18.958390226374433 ] ] ] } },
{ "type": "Feature", "properties": { "cell_id": 433, "lon": 72.883131341721011, "lat": 18.960636004311912 }, "geometry": { "type": "Polygon", "coordinates": [ [ [ 72.885506522913047, 18.958390226374433 ], [ 72.885506522913047, 18.96288178224939 ], [ 72.880756160528989, 18.96288178224939 ], [ 72.880756160528989, 18.958390226374433 ], [ 72.885506522913047, 18.958390226374433 ] ] ] } },
{ "type": "Feature", "properties": { "cell_id": 434, "lon": 72.88788170410507, "lat": 18.960636004311912 }, "geometry": { "type": "Polygon", "coordinates": [ [ [ 72.890256885297106, 18.958390226374433 ], [ 72.890256885297106, 18.96288178224939 ], [ 72.885506522913047, 18.96288178224939 ], [ 72.885506522913047, 18.958390226374433 ], [ 72.890256885297106, 18.958390226374433 ] ] ] } },
{ "type": "Feature", "properties": { "cell_id": 435, "lon": 72.892632066489128, "lat": 18.960636004311912 }, "geometry": { "type": "Polygon", "coordinates": [ [ [ 72.895007247681164, 18.958390226374433 ], [ 72.895007247681164, 18.96288178224939 ], [ 72.890256885297106, 18.96288178224939 ], [ 72.890256885297106, 18.958390226374433 ], [ 72.895007247681164, 18.958390226374433 ] ] ] } },
{ "type": "Feature", "properties": { "cell_id": 436, "lon": 72.897382428873186, "lat": 18.960636004311912 }, "geometry": { "type": "Polygon", "coordinates": [ [ [ 72.899757610065222, 18.958390226374433 ], [ 72.899757610065222, 18.96288178224939 ], [ 72.895007247681164, 18.96288178224939 ], [ 72.895007247681164, 18.958390226374433 ], [ 72.899757610065222, 18.958390226374433 ] ] ] } },
{ "type": "Feature", "properties": { "cell_id": 437, "lon": 72.902132791257245, "lat": 18.960636004311912 }, "geometry": { "type": "Polygon", "coordinates": [ [ [ 72.904507972449281, 18.958390226374433 ], [ 72.904507972449281, 18.96288178224939 ], [ 72.899757610065222, 18.96288178224939 ], [ 72.899757610065222, 18.958390226374433 ], [ 72.904507972449281, 18.958390226374433 ] ] ] } },
{ "type": "Feature", "properties": { "cell_id": 438, "lon": 72.906883153641303, "lat": 18.960636004311912 }, "geometry": { "type": "Polygon", "coordinates": [ [ [ 72.909258334833339, 18.958390226374433 ], [ 72.909258334833339, 18.96288178224939 ], [ 72.904507972449281, 18.96288178224939 ], [ 72.904507972449281, 18.958390226374433 ], [ 72.909258334833339, 18.958390226374433 ] ] ] } },
{ "type": "Feature", "properties": { "cell_id": 439, "lon": 72.911633516025361, "lat": 18.960636004311912 }, "geometry": { "type": "Polygon", "coordinates": [ [ [ 72.914008697217398, 18.958390226374433 ], [ 72.914008697217398, 18.96288178224939 ], [ 72.909258334833339, 18.96288178224939 ], [ 72.909258334833339, 18.958390226374433 ], [ 72.914008697217398, 18.958390226374433 ] ] ] } },
{ "type": "Feature", "properties": { "cell_id": 440, "lon": 72.91638387840942, "lat": 18.960636004311912 }, "geometry": { "type": "Polygon", "coordinates": [ [ [ 72.918759059601456, 18.958390226374433 ], [ 72.918759059601456, 18.96288178224939 ], [ 72.914008697217398, 18.96288178224939 ], [ 72.914008697217398, 18.958390226374433 ], [ 72.918759059601456, 18.958390226374433 ] ] ] } },
{ "type": "Feature", "properties": { "cell_id": 441, "lon": 72.921134240793478, "lat": 18.960636004311912 }, "geometry": { "type": "Polygon", "coordinates": [ [ [ 72.923509421985514, 18.958390226374433 ], [ 72.923509421985514, 18.96288178224939 ], [ 72.918759059601456, 18.96288178224939 ], [ 72.918759059601456, 18.958390226374433 ], [ 72.923509421985514, 18.958390226374433 ] ] ] } },
{ "type": "Feature", "properties": { "cell_id": 442, "lon": 72.925884603177536, "lat": 18.960636004311912 }, "geometry": { "type": "Polygon", "coordinates": [ [ [ 72.928259784369573, 18.958390226374433 ], [ 72.928259784369573, 18.96288178224939 ], [ 72.923509421985514, 18.96288178224939 ], [ 72.923509421985514, 18.958390226374433 ], [ 72.928259784369573, 18.958390226374433 ] ] ] } },
{ "type": "Feature", "properties": { "cell_id": 443, "lon": 72.930634965561595, "lat": 18.960636004311912 }, "geometry": { "type": "Polygon", "coordinates": [ [ [ 72.933010146753631, 18.958390226374433 ], [ 72.933010146753631, 18.96288178224939 ], [ 72.928259784369573, 18.96288178224939 ], [ 72.928259784369573, 18.958390226374433 ], [ 72.933010146753631, 18.958390226374433 ] ] ] } },
{ "type": "Feature", "properties": { "cell_id": 444, "lon": 72.935385327945653, "lat": 18.960636004311912 }, "geometry": { "type": "Polygon", "coordinates": [ [ [ 72.937760509137689, 18.958390226374433 ], [ 72.937760509137689, 18.96288178224939 ], [ 72.933010146753631, 18.96288178224939 ], [ 72.933010146753631, 18.958390226374433 ], [ 72.937760509137689, 18.958390226374433 ] ] ] } },
{ "type": "Feature", "properties": { "cell_id": 445, "lon": 72.940135690329711, "lat": 18.960636004311912 }, "geometry": { "type": "Polygon", "coordinates": [ [ [ 72.942510871521748, 18.958390226374433 ], [ 72.942510871521748, 18.96288178224939 ], [ 72.937760509137689, 18.96288178224939 ], [ 72.937760509137689, 18.958390226374433 ], [ 72.942510871521748, 18.958390226374433 ] ] ] } },
{ "type": "Feature", "properties": { "cell_id": 446, "lon": 72.94488605271377, "lat": 18.960636004311912 }, "geometry": { "type": "Polygon", "coordinates": [ [ [ 72.947261233905806, 18.958390226374433 ], [ 72.947261233905806, 18.96288178224939 ], [ 72.942510871521748, 18.96288178224939 ], [ 72.942510871521748, 18.958390226374433 ], [ 72.947261233905806, 18.958390226374433 ] ] ] } },
{ "type": "Feature", "properties": { "cell_id": 447, "lon": 72.949636415097828, "lat": 18.960636004311912 }, "geometry": { "type": "Polygon", "coordinates": [ [ [ 72.952011596289864, 18.958390226374433 ], [ 72.952011596289864, 18.96288178224939 ], [ 72.947261233905806, 18.96288178224939 ], [ 72.947261233905806, 18.958390226374433 ], [ 72.952011596289864, 18.958390226374433 ] ] ] } },
{ "type": "Feature", "properties": { "cell_id": 448, "lon": 72.802375181192019, "lat": 18.965127560186868 }, "geometry": { "type": "Polygon", "coordinates": [ [ [ 72.804750362384056, 18.96288178224939 ], [ 72.804750362384056, 18.967373338124347 ], [ 72.8, 18.967373338124347 ], [ 72.8, 18.96288178224939 ], [ 72.804750362384056, 18.96288178224939 ] ] ] } },
{ "type": "Feature", "properties": { "cell_id": 449, "lon": 72.807125543576078, "lat": 18.965127560186868 }, "geometry": { "type": "Polygon", "coordinates": [ [ [ 72.809500724768114, 18.96288178224939 ], [ 72.809500724768114, 18.967373338124347 ], [ 72.804750362384056, 18.967373338124347 ], [ 72.804750362384056, 18.96288178224939 ], [ 72.809500724768114, 18.96288178224939 ] ] ] } },
{ "type": "Feature", "properties": { "cell_id": 450, "lon": 72.811875905960136, "lat": 18.965127560186868 }, "geometry": { "type": "Polygon", "coordinates": [ [ [ 72.814251087152172, 18.96288178224939 ], [ 72.814251087152172, 18.967373338124347 ], [ 72.809500724768114, 18.967373338124347 ], [ 72.809500724768114, 18.96288178224939 ], [ 72.814251087152172, 18.96288178224939 ] ] ] } },
{ "type": "Feature", "properties": { "cell_id": 451, "lon": 72.816626268344194, "lat": 18.965127560186868 }, "geometry": { "type": "Polygon", "coordinates": [ [ [ 72.819001449536231, 18.96288178224939 ], [ 72.819001449536231, 18.967373338124347 ], [ 72.814251087152172, 18.967373338124347 ], [ 72.814251087152172, 18.96288178224939 ], [ 72.819001449536231, 18.96288178224939 ] ] ] } },
{ "type": "Feature", "properties": { "cell_id": 452, "lon": 72.821376630728253, "lat": 18.965127560186868 }, "geometry": { "type": "Polygon", "coordinates": [ [ [ 72.823751811920289, 18.96288178224939 ], [ 72.823751811920289, 18.967373338124347 ], [ 72.819001449536231, 18.967373338124347 ], [ 72.819001449536231, 18.96288178224939 ], [ 72.823751811920289, 18.96288178224939 ] ] ] } },
{ "type": "Feature", "properties": { "cell_id": 453, "lon": 72.826126993112311, "lat": 18.965127560186868 }, "geometry": { "type": "Polygon", "coordinates": [ [ [ 72.828502174304347, 18.96288178224939 ], [ 72.828502174304347, 18.967373338124347 ], [ 72.823751811920289, 18.967373338124347 ], [ 72.823751811920289, 18.96288178224939 ], [ 72.828502174304347, 18.96288178224939 ] ] ] } },
{ "type": "Feature", "properties": { "cell_id": 454, "lon": 72.830877355496369, "lat": 18.965127560186868 }, "geometry": { "type": "Polygon", "coordinates": [ [ [ 72.833252536688406, 18.96288178224939 ], [ 72.833252536688406, 18.967373338124347 ], [ 72.828502174304347, 18.967373338124347 ], [ 72.828502174304347, 18.96288178224939 ], [ 72.833252536688406, 18.96288178224939 ] ] ] } },
{ "type": "Feature", "properties": { "cell_id": 455, "lon": 72.835627717880428, "lat": 18.965127560186868 }, "geometry": { "type": "Polygon", "coordinates": [ [ [ 72.838002899072464, 18.96288178224939 ], [ 72.838002899072464, 18.967373338124347 ], [ 72.833252536688406, 18.967373338124347 ], [ 72.833252536688406, 18.96288178224939 ], [ 72.838002899072464, 18.96288178224939 ] ] ] } },
{ "type": "Feature", "properties": { "cell_id": 456, "lon": 72.840378080264486, "lat": 18.965127560186868 }, "geometry": { "type": "Polygon", "coordinates": [ [ [ 72.842753261456522, 18.96288178224939 ], [ 72.842753261456522, 18.967373338124347 ], [ 72.838002899072464, 18.967373338124347 ], [ 72.838002899072464, 18.96288178224939 ], [ 72.842753261456522, 18.96288178224939 ] ] ] } },
{ "type": "Feature", "properties": { "cell_id": 457, "lon": 72.845128442648544, "lat": 18.965127560186868 }, "geometry": { "type": "Polygon", "coordinates": [ [ [ 72.847503623840581, 18.96288178224939 ], [ 72.847503623840581, 18.967373338124347 ], [ 72.842753261456522, 18.967373338124347 ], [ 72.842753261456522, 18.96288178224939 ], [ 72.847503623840581, 18.96288178224939 ] ] ] } },
{ "type": "Feature", "properties": { "cell_id": 458, "lon": 72.849878805032603, "lat": 18.965127560186868 }, "geometry": { "type": "Polygon", "coordinates": [ [ [ 72.852253986224639, 18.96288178224939 ], [ 72.852253986224639, 18.967373338124347 ], [ 72.847503623840581, 18.967373338124347 ], [ 72.847503623840581, 18.96288178224939 ], [ 72.852253986224639, 18.96288178224939 ] ] ] } },
{ "type": "Feature", "properties": { "cell_id": 459, "lon": 72.854629167416661, "lat": 18.965127560186868 }, "geometry": { "type": "Polygon", "coordinates": [ [ [ 72.857004348608697, 18.96288178224939 ], [ 72.857004348608697, 18.967373338124347 ], [ 72.852253986224639, 18.967373338124347 ], [ 72.852253986224639, 18.96288178224939 ], [ 72.857004348608697, 18.96288178224939 ] ] ] } },
{ "type": "Feature", "properties": { "cell_id": 460, "lon": 72.859379529800719, "lat": 18.965127560186868 }, "geometry": { "type": "Polygon", "coordinates": [ [ [ 72.861754710992756, 18.96288178224939 ], [ 72.861754710992756, 18.967373338124347 ], [ 72.857004348608697, 18.967373338124347 ], [ 72.857004348608697, 18.96288178224939 ], [ 72.861754710992756, 18.96288178224939 ] ] ] } },
{ "type": "Feature", "properties": { "cell_id": 461, "lon": 72.864129892184778, "lat": 18.965127560186868 }, "geometry": { "type": "Polygon", "coordinates": [ [ [ 72.866505073376814, 18.96288178224939 ], [ 72.866505073376814, 18.967373338124347 ], [ 72.861754710992756, 18.967373338124347 ], [ 72.861754710992756, 18.96288178224939 ], [ 72.866505073376814, 18.96288178224939 ] ] ] } },
{ "type": "Feature", "properties": { "cell_id": 462, "lon": 72.868880254568836, "lat": 18.965127560186868 }, "geometry": { "type": "Polygon", "coordinates": [ [ [ 72.871255435760872, 18.96288178224939 ], [ 72.871255435760872, 18.967373338124347 ], [ 72.866505073376814, 18.967373338124347 ], [ 72.866505073376814, 18.96288178224939 ], [ 72.871255435760872, 18.96288178224939 ] ] ] } },
{ "type": "Feature", "properties": { "cell_id": 463, "lon": 72.873630616952894, "lat": 18.965127560186868 }, "geometry": { "type": "Polygon", "coordinates": [ [ [ 72.876005798144931, 18.96288178224939 ], [ 72.876005798144931, 18.967373338124347 ], [ 72.871255435760872, 18.967373338124347 ], [ 72.871255435760872, 18.96288178224939 ], [ 72.876005798144931, 18.96288178224939 ] ] ] } },
{ "type": "Feature", "properties": { "cell_id": 464, "lon": 72.878380979336953, "lat": 18.965127560186868 }, "geometry": { "type": "Polygon", "coordinates": [ [ [ 72.880756160528989, 18.96288178224939 ], [ 72.880756160528989, 18.967373338124347 ], [ 72.876005798144931, 18.967373338124347 ], [ 72.876005798144931, 18.96288178224939 ], [ 72.880756160528989, 18.96288178224939 ] ] ] } },
{ "type": "Feature", "properties": { "cell_id": 465, "lon": 72.883131341721011, "lat": 18.965127560186868 }, "geometry": { "type": "Polygon", "coordinates": [ [ [ 72.885506522913047, 18.96288178224939 ], [ 72.885506522913047, 18.967373338124347 ], [ 72.880756160528989, 18.967373338124347 ], [ 72.880756160528989, 18.96288178224939 ], [ 72.885506522913047, 18.96288178224939 ] ] ] } },
{ "type": "Feature", "properties": { "cell_id": 466, "lon": 72.88788170410507, "lat": 18.965127560186868 }, "geometry": { "type": "Polygon", "coordinates": [ [ [ 72.890256885297106, 18.96288178224939 ], [ 72.890256885297106, 18.967373338124347 ], [ 72.885506522913047, 18.967373338124347 ], [ 72.885506522913047, 18.96288178224939 ], [ 72.890256885297106, 18.96288178224939 ] ] ] } },
{ "type": "Feature", "properties": { "cell_id": 467, "lon": 72.892632066489128, "lat": 18.965127560186868 }, "geometry": { "type": "Polygon", "coordinates": [ [ [ 72.895007247681164, 18.96288178224939 ], [ 72.895007247681164, 18.967373338124347 ], [ 72.890256885297106, 18.967373338124347 ], [ 72.890256885297106, 18.96288178224939 ], [ 72.895007247681164, 18.96288178224939 ] ] ] } },
{ "type": "Feature", "properties": { "cell_id": 468, "lon": 72.897382428873186, "lat": 18.965127560186868 }, "geometry": { "type": "Polygon", "coordinates": [ [ [ 72.899757610065222, 18.96288178224939 ], [ 72.899757610065222, 18.967373338124347 ], [ 72.895007247681164, 18.967373338124347 ], [ 72.895007247681164, 18.96288178224939 ], [ 72.899757610065222, 18.96288178224939 ] ] ] } },
{ "type": "Feature", "properties": { "cell_id": 469, "lon": 72.902132791257245, "lat": 18.965127560186868 }, "geometry": { "type": "Polygon", "coordinates": [ [ [ 72.904507972449281, 18.96288178224939 ], [ 72.904507972449281, 18.967373338124347 ], [ 72.899757610065222, 18.967373338124347 ], [ 72.899757610065222, 18.96288178224939 ], [ 72.904507972449281, 18.96288178224939 ] ] ] } },
{ "type": "Feature", "properties": { "cell_id": 470, "lon": 72.906883153641303, "lat": 18.965127560186868 }, "geometry": { "type": "Polygon", "coordinates": [ [ [ 72.909258334833339, 18.96288178224939 ], [ 72.909258334833339, 18.967373338124347 ], [ 72.904507972449281, 18.967373338124347 ], [ 72.904507972449281, 18.96288178224939 ], [ 72.909258334833339, 18.96288178224939 ] ] ] } },
{ "type": "Feature", "properties": { "cell_id": 471, "lon": 72.911633516025361, "lat": 18.965127560186868 }, "geometry": { "type": "Polygon", "coordinates": [ [ [ 72.914008697217398, 18.96288178224939 ], [ 72.914008697217398, 18.967373338124347 ], [ 72.909258334833339, 18.967373338124347 ], [ 72.909258334833339, 18.96288178224939 ], [ 72.914008697217398, 18.96288178224939 ] ] ] } },
{ "type": "Feature", "properties": { "cell_id": 472, "lon": 72.91638387840942, "lat": 18.965127560186868 }, "geometry": { "type": "Polygon", "coordinates": [ [ [ 72.918759059601456, 18.96288178224939 ], [ 72.918759059601456, 18.967373338124347 ], [ 72.914008697217398, 18.967373338124347 ], [ 72.914008697217398, 18.96288178224939 ], [ 72.918759059601456, 18.96288178224939 ] ] ] } },
{ "type": "Feature", "properties": { "cell_id": 473, "lon": 72.921134240793478, "lat": 18.965127560186868 }, "geometry": { "type": "Polygon", "coordinates": [ [ [ 72.923509421985514, 18.96288178224939 ], [ 72.923509421985514, 18.967373338124347 ], [ 72.918759059601456, 18.967373338124347 ], [ 72.918759059601456, 18.96288178224939 ], [ 72.923509421985514, 18.96288178224939 ] ] ] } },
{ "type": "Feature", "properties": { "cell_id": 474, "lon": 72.925884603177536, "lat": 18.965127560186868 }, "geometry": { "type": "Polygon", "coordinates": [ [ [ 72.928259784369573, 18.96288178224939 ], [ 72.928259784369573, 18.967373338124347 ], [ 72.923509421985514, 18.967373338124347 ], [ 72.923509421985514, 18.96288178224939 ], [ 72.928259784369573, 18.96288178224939 ] ] ] } },
{ "type": "Feature", "properties": { "cell_id": 475, "lon": 72.930634965561595, "lat": 18.965127560186868 }, "geometry": { "type": "Polygon", "coordinates": [ [ [ 72.933010146753631, 18.96288178224939 ], [ 72.933010146753631, 18.967373338124347 ], [ 72.928259784369573, 18.967373338124347 ], [ 72.928259784369573, 18.96288178224939 ], [ 72.933010146753631, 18.96288178224939 ] ] ] } },
{ "type": "Feature", "properties": { "cell_id": 476, "lon": 72.935385327945653, "lat": 18.965127560186868 }, "geometry": { "type": "Polygon", "coordinates": [ [ [ 72.937760509137689, 18.96288178224939 ], [ 72.937760509137689, 18.967373338124347 ], [ 72.933010146753631, 18.967373338124347 ], [ 72.933010146753631, 18.96288178224939 ], [ 72.937760509137689, 18.96288178224939 ] ] ] } },
{ "type": "Feature", "properties": { "cell_id": 477, "lon": 72.940135690329711, "lat": 18.965127560186868 }, "geometry": { "type": "Polygon", "coordinates": [ [ [ 72.942510871521748, 18.96288178224939 ], [ 72.942510871521748, 18.967373338124347 ], [ 72.937760509137689, 18.967373338124347 ], [ 72.937760509137689, 18.96288178224939 ], [ 72.942510871521748, 18.96288178224939 ] ] ] } },
{ "type": "Feature", "properties": { "cell_id": 478, "lon": 72.94488605271377, "lat": 18.965127560186868 }, "geometry": { "type": "Polygon", "coordinates": [ [ [ 72.947261233905806, 18.96288178224939 ], [ 72.947261233905806, 18.967373338124347 ], [ 72.942510871521748, 18.967373338124347 ], [ 72.942510871521748, 18.96288178224939 ], [ 72.947261233905806, 18.96288178224939 ] ] ] } },
{ "type": "Feature", "properties": { "cell_id": 479, "lon": 72.949636415097828, "lat": 18.965127560186868 }, "geometry": { "type": "Polygon", "coordinates": [ [ [ 72.952011596289864, 18.96288178224939 ], [ 72.952011596289864, 18.967373338124347 ], [ 72.947261233905806, 18.967373338124347 ], [ 72.947261233905806, 18.96288178224939 ], [ 72.952011596289864, 18.96288178224939 ] ] ] } },
{ "type": "Feature", "properties": { "cell_id": 480, "lon": 72.802375181192019, "lat": 18.969619116061825 }, "geometry": { "type": "Polygon", "coordinates": [ [ [ 72.804750362384056, 18.967373338124347 ], [ 72.804750362384056, 18.971864893999303 ], [ 72.8, 18.971864893999303 ], [ 72.8, 18.967373338124347 ], [ 72.804750362384056, 18.967373338124347 ] ] ] } },
{ "type": "Feature", "properties": { "cell_id": 481, "lon": 72.807125543576078, "lat": 18.969619116061825 }, "geometry": { "type": "Polygon", "coordinates": [ [ [ 72.809500724768114, 18.967373338124347 ], [ 72.809500724768114, 18.971864893999303 ], [ 72.804750362384056, 18.971864893999303 ], [ 72.804750362384056, 18.967373338124347 ], [ 72.809500724768114, 18.967373338124347 ] ] ] } },
{ "type": "Feature", "properties": { "cell_id": 482, "lon": 72.811875905960136, "lat": 18.969619116061825 }, "geometry": { "type": "Polygon", "coordinates": [ [ [ 72.814251087152172, 18.967373338124347 ], [ 72.814251087152172, 18.971864893999303 ], [ 72.809500724768114, 18.971864893999303 ], [ 72.809500724768114, 18.967373338124347 ], [ 72.814251087152172, 18.967373338124347 ] ] ] } },
{ "type": "Feature", "properties": { "cell_id": 483, "lon": 72.816626268344194, "lat": 18.969619116061825 }, "geometry": { "type": "Polygon", "coordinates": [ [ [ 72.819001449536231, 18.967373338124347 ], [ 72.819001449536231, 18.971864893999303 ], [ 72.814251087152172, 18.971864893999303 ], [ 72.814251087152172, 18.967373338124347 ], [ 72.819001449536231, 18.967373338124347 ] ] ] } },
{ "type": "Feature", "properties": { "cell_id": 484, "lon": 72.821376630728253, "lat": 18.969619116061825 }, "geometry": { "type": "Polygon", "coordinates": [ [ [ 72.823751811920289, 18.967373338124347 ], [ 72.823751811920289, 18.971864893999303 ], [ 72.819001449536231, 18.971864893999303 ], [ 72.819001449536231, 18.967373338124347 ], [ 72.823751811920289, 18.967373338124347 ] ] ] } },
{ "type": "Feature", "properties": { "cell_id": 485, "lon": 72.826126993112311, "lat": 18.969619116061825 }, "geometry": { "type": "Polygon", "coordinates": [ [ [ 72.828502174304347, 18.967373338124347 ], [ 72.828502174304347, 18.971864893999303 ], [ 72.823751811920289, 18.971864893999303 ], [ 72.823751811920289, 18.967373338124347 ], [ 72.828502174304347, 18.967373338124347 ] ] ] } },
{ "type": "Feature", "properties": { "cell_id": 486, "lon": 72.830877355496369, "lat": 18.969619116061825 }, "geometry": { "type": "Polygon", "coordinates": [ [ [ 72.833252536688406, 18.967373338124347 ], [ 72.833252536688406, 18.971864893999303 ], [ 72.828502174304347, 18.971864893999303 ], [ 72.828502174304347, 18.967373338124347 ], [ 72.833252536688406, 18.967373338124347 ] ] ] } },
{ "type": "Feature", "properties": { "cell_id": 487, "lon": 72.835627717880428, "lat": 18.969619116061825 }, "geometry": { "type": "Polygon", "coordinates": [ [ [ 72.838002899072464, 18.967373338124347 ], [ 72.838002899072464, 18.971864893999303 ], [ 72.833252536688406, 18.971864893999303 ], [ 72.833252536688406, 18.967373338124347 ], [ 72.838002899072464, 18.967373338124347 ] ] ] } },
{ "type": "Feature", "properties": { "cell_id": 488, "lon": 72.840378080264486, "lat": 18.969619116061825 }, "geometry": { "type": "Polygon", "coordinates": [ [ [ 72.842753261456522, 18.967373338124347 ], [ 72.842753261456522, 18.971864893999303 ], [ 72.838002899072464, 18.971864893999303 ], [ 72.838002899072464, 18.967373338124347 ], [ 72.842753261456522, 18.967373338124347 ] ] ] } },
{ "type": "Feature", "properties": { "cell_id": 489, "lon": 72.845128442648544, "lat": 18.969619116061825 }, "geometry": { "type": "Polygon", "coordinates": [ [ [ 72.847503623840581, 18.967373338124347 ], [ 72.847503623840581, 18.971864893999303 ], [ 72.842753261456522, 18.971864893999303 ], [ 72.842753261456522, 18.967373338124347 ], [ 72.847503623840581, 18.967373338124347 ] ] ] } },
{ "type": "Feature", "properties": { "cell_id": 490, "lon": 72.849878805032603, "lat": 18.969619116061825 }, "geometry": { "type": "Polygon", "coordinates": [ [ [ 72.852253986224639, 18.967373338124347 ], [ 72.852253986224639, 18.971864893999303 ], [ 72.847503623840581, 18.971864893999303 ], [ 72.847503623840581, 18.967373338124347 ], [ 72.852253986224639, 18.967373338124347 ] ] ] } },
{ "type": "Feature", "properties": { "cell_id": 491, "lon": 72.854629167416661, "lat": 18.969619116061825 }, "geometry": { "type": "Polygon", "coordinates": [ [ [ 72.857004348608697, 18.967373338124347 ], [ 72.857004348608697, 18.971864893999303 ], [ 72.852253986224639, 18.971864893999303 ], [ 72.852253986224639, 18.967373338124347 ], [ 72.857004348608697, 18.967373338124347 ] ] ] } },
{ "type": "Feature", "properties": { "cell_id": 492, "lon": 72.859379529800719, "lat": 18.969619116061825 }, "geometry": { "type": "Polygon", "coordinates": [ [ [ 72.861754710992756, 18.967373338124347 ], [ 72.861754710992756, 18.971864893999303 ], [ 72.857004348608697, 18.971864893999303 ], [ 72.857004348608697, 18.967373338124347 ], [ 72.861754710992756, 18.967373338124347 ] ] ] } },
{ "type": "Feature", "properties": { "cell_id": 493, "lon": 72.864129892184778, "lat": 18.969619116061825 }, "geometry": { "type": "Polygon", "coordinates": [ [ [ 72.866505073376814, 18.967373338124347 ], [ 72.866505073376814, 18.971864893999303 ], [ 72.861754710992756, 18.971864893999303 ], [ 72.861754710992756, 18.967373338124347 ], [ 72.866505073376814, 18.967373338124347 ] ] ] } },
{ "type": "Feature", "properties": { "cell_id": 494, "lon": 72.868880254568836, "lat": 18.969619116061825 }, "geometry": { "type": "Polygon", "coordinates": [ [ [ 72.871255435760872, 18.967373338124347 ], [ 72.871255435760872, 18.971864893999303 ], [ 72.866505073376814, 18.971864893999303 ], [ 72.866505073376814, 18.967373338124347 ], [ 72.871255435760872, 18.967373338124347 ] ] ] } },
{ "type": "Feature", "properties": { "cell_id": 495, "lon": 72.873630616952894, "lat": 18.969619116061825 }, "geometry": { "type": "Polygon", "coordinates": [ [ [ 72.876005798144931, 18.967373338124347 ], [ 72.876005798144931, 18.971864893999303 ], [ 72.871255435760872, 18.971864893999303 ], [ 72.871255435760872, 18.967373338124347 ], [ 72.876005798144931, 18.967373338124347 ] ] ] } },
{ "type": "Feature", "properties": { "cell_id": 496, "lon": 72.878380979336953, "lat": 18.969619116061825 }, "geometry": { "type": "Polygon", "coordinates": [ [ [ 72.880756160528989, 18.967373338124347 ], [ 72.880756160528989, 18.971864893999303 ], [ 72.876005798144931, 18.971864893999303 ], [ 72.876005798144931, 18.967373338124347 ], [ 72.880756160528989, 18.967373338124347 ] ] ] } },
{ "type": "Feature", "properties": { "cell_id": 497, "lon": 72.883131341721011, "lat": 18.969619116061825 }, "geometry": { "type": "Polygon", "coordinates": [ [ [ 72.885506522913047, 18.967373338124347 ], [ 72.885506522913047, 18.971864893999303 ], [ 72.880756160528989, 18.971864893999303 ], [ 72.880756160528989, 18.967373338124347 ], [ 72.885506522913047, 18.967373338124347 ] ] ] } },
{ "type": "Feature", "properties": { "cell_id": 498, "lon": 72.88788170410507, "lat": 18.969619116061825 }, "geometry": { "type": "Polygon", "coordinates": [ [ [ 72.890256885297106, 18.967373338124347 ], [ 72.890256885297106, 18.971864893999303 ], [ 72.885506522913047, 18.971864893999303 ], [ 72.885506522913047, 18.967373338124347 ], [ 72.890256885297106, 18.967373338124347 ] ] ] } },
{ "type": "Feature", "properties": { "cell_id": 499, "lon": 72.892632066489128, "lat": 18.969619116061825 }, "geometry": { "type": "Polygon", "coordinates": [ [ [ 72.895007247681164, 18.967373338124347 ], [ 72.895007247681164, 18.971864893999303 ], [ 72.890256885297106, 18.971864893999303 ], [ 72.890256885297106, 18.967373338124347 ], [ 72.895007247681164, 18.967373338124347 ] ] ] } },
{ "type": "Feature", "properties": { "cell_id": 500, "lon": 72.897382428873186, "lat": 18.969619116061825 }, "geometry": { "type": "Polygon", "coordinates": [ [ [ 72.899757610065222, 18.967373338124347 ], [ 72.899757610065222, 18.971864893999303 ], [ 72.895007247681164, 18.971864893999303 ], [ 72.895007247681164, 18.967373338124347 ], [ 72.899757610065222, 18.967373338124347 ] ] ] } },
{ "type": "Feature", "properties": { "cell_id": 501, "lon": 72.902132791257245, "lat": 18.969619116061825 }, "geometry": { "type": "Polygon", "coordinates": [ [ [ 72.904507972449281, 18.967373338124347 ], [ 72.904507972449281, 18.971864893999303 ], [ 72.899757610065222, 18.971864893999303 ], [ 72.899757610065222, 18.967373338124347 ], [ 72.904507972449281, 18.967373338124347 ] ] ] } },
{ "type": "Feature", "properties": { "cell_id": 502, "lon": 72.906883153641303, "lat": 18.969619116061825 }, "geometry": { "type": "Polygon", "coordinates": [ [ [ 72.909258334833339, 18.967373338124347 ], [ 72.909258334833339, 18.971864893999303 ], [ 72.904507972449281, 18.971864893999303 ], [ 72.904507972449281, 18.967373338124347 ], [ 72.909258334833339, 18.967373338124347 ] ] ] } },
{ "type": "Feature", "properties": { "cell_id": 503, "lon": 72.911633516025361, "lat": 18.969619116061825 }, "geometry": { "type": "Polygon", "coordinates": [ [ [ 72.914008697217398, 18.967373338124347 ], [ 72.914008697217398, 18.971864893999303 ], [ 72.909258334833339, 18.971864893999303 ], [ 72.909258334833339, 18.967373338124347 ], [ 72.914008697217398, 18.967373338124347 ] ] ] } },
{ "type": "Feature", "properties": { "cell_id": 504, "lon": 72.91638387840942, "lat": 18.969619116061825 }, "geometry": { "type": "Polygon", "coordinates": [ [ [ 72.918759059601456, 18.967373338124347 ], [ 72.918759059601456, 18.971864893999303 ], [ 72.914008697217398, 18.971864893999303 ], [ 72.914008697217398, 18.967373338124347 ], [ 72.918759059601456, 18.967373338124347 ] ] ] } },
{ "type": "Feature", "properties": { "cell_id": 505, "lon": 72.921134240793478, "lat": 18.969619116061825 }, "geometry": { "type": "Polygon", "coordinates": [ [ [ 72.923509421985514, 18.967373338124347 ], [ 72.923509421985514, 18.971864893999303 ], [ 72.918759059601456, 18.971864893999303 ], [ 72.918759059601456, 18.967373338124347 ], [ 72.923509421985514, 18.967373338124347 ] ] ] } },
{ "type": "Feature", "properties": { "cell_id": 506, "lon": 72.925884603177536, "lat": 18.969619116061825 }, "geometry": { "type": "Polygon", "coordinates": [ [ [ 72.928259784369573, 18.967373338124347 ], [ 72.928259784369573, 18.971864893999303 ], [ 72.923509421985514, 18.971864893999303 ], [ 72.923509421985514, 18.967373338124347 ], [ 72.928259784369573, 18.967373338124347 ] ] ] } },
{ "type": "Feature", "properties": { "cell_id": 507, "lon": 72.930634965561595, "lat": 18.969619116061825 }, "geometry": { "type": "Polygon", "coordinates": [ [ [ 72.933010146753631, 18.967373338124347 ], [ 72.933010146753631, 18.971864893999303 ], [ 72.928259784369573, 18.971864893999303 ], [ 72.928259784369573, 18.967373338124347 ], [ 72.933010146753631, 18.967373338124347 ] ] ] } },
{ "type": "Feature", "properties": { "cell_id": 508, "lon": 72.935385327945653, "lat": 18.969619116061825 }, "geometry": { "type": "Polygon", "coordinates": [ [ [ 72.937760509137689, 18.967373338124347 ], [ 72.937760509137689, 18.971864893999303 ], [ 72.933010146753631, 18.971864893999303 ], [ 72.933010146753631, 18.967373338124347 ], [ 72.937760509137689, 18.967373338124347 ] ] ] } },
{ "type": "Feature", "properties": { "cell_id": 509, "lon": 72.940135690329711, "lat": 18.969619116061825 }, "geometry": { "type": "Polygon", "coordinates": [ [ [ 72.942510871521748, 18.967373338124347 ], [ 72.942510871521748, 18.971864893999303 ], [ 72.937760509137689, 18.971864893999303 ], [ 72.937760509137689, 18.967373338124347 ], [ 72.942510871521748, 18.967373338124347 ] ] ] } },
{ "type": "Feature", "properties": { "cell_id": 510, "lon": 72.94488605271377, "lat": 18.969619116061825 }, "geometry": { "type": "Polygon", "coordinates": [ [ [ 72.947261233905806, 18.967373338124347 ], [ 72.947261233905806, 18.971864893999303 ], [ 72.942510871521748, 18.971864893999303 ], [ 72.942510871521748, 18.967373338124347 ], [ 72.947261233905806, 18.967373338124347 ] ] ] } },
{ "type": "Feature", "properties": { "cell_id": 511, "lon": 72.949636415097828, "lat": 18.969619116061825 }, "geometry": { "type": "Polygon", "coordinates": [ [ [ 72.952011596289864, 18.967373338124347 ], [ 72.952011596289864, 18.971864893999303 ], [ 72.947261233905806, 18.971864893999303 ], [ 72.947261233905806, 18.967373338124347 ], [ 72.952011596289864, 18.967373338124347 ] ] ] } },
{ "type": "Feature", "properties": { "cell_id": 512, "lon": 72.802375181192019, "lat": 18.974110671936781 }, "geometry": { "type": "Polygon", "coordinates": [ [ [ 72.804750362384056, 18.971864893999303 ], [ 72.804750362384056, 18.97635644987426 ], [ 72.8, 18.97635644987426 ], [ 72.8, 18.971864893999303 ], [ 72.804750362384056, 18.971864893999303 ] ] ] } },
{ "type": "Feature", "properties": { "cell_id": 513, "lon": 72.807125543576078, "lat": 18.974110671936781 }, "geometry": { "type": "Polygon", "coordinates": [ [ [ 72.809500724768114, 18.971864893999303 ], [ 72.809500724768114, 18.97635644987426 ], [ 72.804750362384056, 18.97635644987426 ], [ 72.804750362384056, 18.971864893999303 ], [ 72.809500724768114, 18.971864893999303 ] ] ] } },
{ "type": "Feature", "properties": { "cell_id": 514, "lon": 72.811875905960136, "lat": 18.974110671936781 }, "geometry": { "type": "Polygon", "coordinates": [ [ [ 72.814251087152172, 18.971864893999303 ], [ 72.814251087152172, 18.97635644987426 ], [ 72.809500724768114, 18.97635644987426 ], [ 72.809500724768114, 18.971864893999303 ], [ 72.814251087152172, 18.971864893999303 ] ] ] } },
{ "type": "Feature", "properties": { "cell_id": 515, "lon": 72.816626268344194, "lat": 18.974110671936781 }, "geometry": { "type": "Polygon", "coordinates": [ [ [ 72.819001449536231, 18.971864893999303 ], [ 72.819001449536231, 18.97635644987426 ], [ 72.814251087152172, 18.97635644987426 ], [ 72.814251087152172, 18.971864893999303 ], [ 72.819001449536231, 18.971864893999303 ] ] ] } },
{ "type": "Feature", "properties": { "cell_id": 516, "lon": 72.821376630728253, "lat": 18.974110671936781 }, "geometry": { "type": "Polygon", "coordinates": [ [ [ 72.823751811920289, 18.971864893999303 ], [ 72.823751811920289, 18.97635644987426 ], [ 72.819001449536231, 18.97635644987426 ], [ 72.819001449536231, 18.971864893999303 ], [ 72.823751811920289, 18.971864893999303 ] ] ] } },
{ "type": "Feature", "properties": { "cell_id": 517, "lon": 72.826126993112311, "lat": 18.974110671936781 }, "geometry": { "type": "Polygon", "coordinates": [ [ [ 72.828502174304347, 18.971864893999303 ], [ 72.828502174304347, 18.97635644987426 ], [ 72.823751811920289, 18.97635644987426 ], [ 72.823751811920289, 18.971864893999303 ], [ 72.828502174304347, 18.971864893999303 ] ] ] } },
{ "type": "Feature", "properties": { "cell_id": 518, "lon": 72.830877355496369, "lat": 18.974110671936781 }, "geometry": { "type": "Polygon", "coordinates": [ [ [ 72.833252536688406, 18.971864893999303 ], [ 72.833252536688406, 18.97635644987426 ], [ 72.828502174304347, 18.97635644987426 ], [ 72.828502174304347, 18.971864893999303 ], [ 72.833252536688406, 18.971864893999303 ] ] ] } },
{ "type": "Feature", "properties": { "cell_id": 519, "lon": 72.835627717880428, "lat": 18.974110671936781 }, "geometry": { "type": "Polygon", "coordinates": [ [ [ 72.838002899072464, 18.971864893999303 ], [ 72.838002899072464, 18.97635644987426 ], [ 72.833252536688406, 18.97635644987426 ], [ 72.833252536688406, 18.971864893999303 ], [ 72.838002899072464, 18.971864893999303 ] ] ] } },
{ "type": "Feature", "properties": { "cell_id": 520, "lon": 72.840378080264486, "lat": 18.974110671936781 }, "geometry": { "type": "Polygon", "coordinates": [ [ [ 72.842753261456522, 18.971864893999303 ], [ 72.842753261456522, 18.97635644987426 ], [ 72.838002899072464, 18.97635644987426 ], [ 72.838002899072464, 18.971864893999303 ], [ 72.842753261456522, 18.971864893999303 ] ] ] } },
{ "type": "Feature", "properties": { "cell_id": 521, "lon": 72.845128442648544, "lat": 18.974110671936781 }, "geometry": { "type": "Polygon", "coordinates": [ [ [ 72.847503623840581, 18.971864893999303 ], [ 72.847503623840581, 18.97635644987426 ], [ 72.842753261456522, 18.97635644987426 ], [ 72.842753261456522, 18.971864893999303 ], [ 72.847503623840581, 18.971864893999303 ] ] ] } },
{ "type": "Feature", "properties": { "cell_id": 522, "lon": 72.849878805032603, "lat": 18.974110671936781 }, "geometry": { "type": "Polygon", "coordinates": [ [ [ 72.852253986224639, 18.971864893999303 ], [ 72.852253986224639, 18.97635644987426 ], [ 72.847503623840581, 18.97635644987426 ], [ 72.847503623840581, 18.971864893999303 ], [ 72.852253986224639, 18.971864893999303 ] ] ] } },
{ "type": "Feature", "properties": { "cell_id": 523, "lon": 72.854629167416661, "lat": 18.974110671936781 }, "geometry": { "type": "Polygon", "coordinates": [ [ [ 72.857004348608697, 18.971864893999303 ], [ 72.857004348608697, 18.97635644987426 ], [ 72.852253986224639, 18.97635644987426 ], [ 72.852253986224639, 18.971864893999303 ], [ 72.857004348608697, 18.971864893999303 ] ] ] } },
{ "type": "Feature", "properties": { "cell_id": 524, "lon": 72.859379529800719, "lat": 18.974110671936781 }, "geometry": { "type": "Polygon", "coordinates": [ [ [ 72.861754710992756, 18.971864893999303 ], [ 72.861754710992756, 18.97635644987426 ], [ 72.857004348608697, 18.97635644987426 ], [ 72.857004348608697, 18.971864893999303 ], [ 72.861754710992756, 18.971864893999303 ] ] ] } },
{ "type": "Feature", "properties": { "cell_id": 525, "lon": 72.864129892184778, "lat": 18.974110671936781 }, "geometry": { "type": "Polygon", "coordinates": [ [ [ 72.866505073376814, 18.971864893999303 ], [ 72.866505073376814, 18.97635644987426 ], [ 72.861754710992756, 18.97635644987426 ], [ 72.861754710992756, 18.971864893999303 ], [ 72.866505073376814, 18.971864893999303 ] ] ] } },
{ "type": "Feature", "properties": { "cell_id": 526, "lon": 72.868880254568836, "lat": 18.974110671936781 }, "geometry": { "type": "Polygon", "coordinates": [ [ [ 72.871255435760872, 18.971864893999303 ], [ 72.871255435760872, 18.97635644987426 ], [ 72.866505073376814, 18.97635644987426 ], [ 72.866505073376814, 18.971864893999303 ], [ 72.871255435760872, 18.971864893999303 ] ] ] } },
{ "type": "Feature", "properties": { "cell_id": 527, "lon": 72.873630616952894, "lat": 18.974110671936781 }, "geometry": { "type": "Polygon", "coordinates": [ [ [ 72.876005798144931, 18.971864893999303 ], [ 72.876005798144931, 18.97635644987426 ], [ 72.871255435760872, 18.97635644987426 ], [ 72.871255435760872, 18.971864893999303 ], [ 72.876005798144931, 18.971864893999303 ] ] ] } },
{ "type": "Feature", "properties": { "cell_id": 528, "lon": 72.878380979336953, "lat": 18.974110671936781 }, "geometry": { "type": "Polygon", "coordinates": [ [ [ 72.880756160528989, 18.971864893999303 ], [ 72.880756160528989, 18.97635644987426 ], [ 72.876005798144931, 18.97635644987426 ], [ 72.876005798144931, 18.971864893999303 ], [ 72.880756160528989, 18.971864893999303 ] ] ] } },
{ "type": "Feature", "properties": { "cell_id": 529, "lon": 72.883131341721011, "lat": 18.974110671936781 }, "geometry": { "type": "Polygon", "coordinates": [ [ [ 72.885506522913047, 18.971864893999303 ], [ 72.885506522913047, 18.97635644987426 ], [ 72.880756160528989, 18.97635644987426 ], [ 72.880756160528989, 18.971864893999303 ], [ 72.885506522913047, 18.971864893999303 ] ] ] } },
{ "type": "Feature", "properties": { "cell_id": 530, "lon": 72.88788170410507, "lat": 18.974110671936781 }, "geometry": { "type": "Polygon", "coordinates": [ [ [ 72.890256885297106, 18.971864893999303 ], [ 72.890256885297106, 18.97635644987426 ], [ 72.885506522913047, 18.97635644987426 ], [ 72.885506522913047, 18.971864893999303 ], [ 72.890256885297106, 18.971864893999303 ] ] ] } },
{ "type": "Feature", "properties": { "cell_id": 531, "lon": 72.892632066489128, "lat": 18.974110671936781 }, "geometry": { "type": "Polygon", "coordinates": [ [ [ 72.895007247681164, 18.971864893999303 ], [ 72.895007247681164, 18.97635644987426 ], [ 72.890256885297106, 18.97635644987426 ], [ 72.890256885297106, 18.971864893999303 ], [ 72.895007247681164, 18.971864893999303 ] ] ] } },
{ "type": "Feature", "properties": { "cell_id": 532, "lon": 72.897382428873186, "lat": 18.974110671936781 }, "geometry": { "type": "Polygon", "coordinates": [ [ [ 72.899757610065222, 18.971864893999303 ], [ 72.899757610065222, 18.97635644987426 ], [ 72.895007247681164, 18.97635644987426 ], [ 72.895007247681164, 18.971864893999303 ], [ 72.899757610065222, 18.971864893999303 ] ] ] } },
{ "type": "Feature", "properties": { "cell_id": 533, "lon": 72.902132791257245, "lat": 18.974110671936781 }, "geometry": { "type": "Polygon", "coordinates": [ [ [ 72.904507972449281, 18.971864893999303 ], [ 72.904507972449281, 18.97635644987426 ], [ 72.899757610065222, 18.97635644987426 ], [ 72.899757610065222, 18.971864893999303 ], [ 72.904507972449281, 18.971864893999303 ] ] ] } },
{ "type": "Feature", "properties": { "cell_id": 534, "lon": 72.906883153641303, "lat": 18.974110671936781 }, "geometry": { "type": "Polygon", "coordinates": [ [ [ 72.909258334833339, 18.971864893999303 ], [ 72.909258334833339, 18.97635644987426 ], [ 72.904507972449281, 18.97635644987426 ], [ 72.904507972449281, 18.971864893999303 ], [ 72.909258334833339, 18.971864893999303 ] ] ] } },
{ "type": "Feature", "properties": { "cell_id": 535, "lon": 72.911633516025361, "lat": 18.974110671936781 }, "geometry": { "type": "Polygon", "coordinates": [ [ [ 72.914008697217398, 18.971864893999303 ], [ 72.914008697217398, 18.97635644987426 ], [ 72.909258334833339, 18.97635644987426 ], [ 72.909258334833339, 18.971864893999303 ], [ 72.914008697217398, 18.971864893999303 ] ] ] } },
{ "type": "Feature", "properties": { "cell_id": 536, "lon": 72.91638387840942, "lat": 18.974110671936781 }, "geometry": { "type": "Polygon", "coordinates": [ [ [ 72.918759059601456, 18.971864893999303 ], [ 72.918759059601456, 18.97635644987426 ], [ 72.914008697217398, 18.97635644987426 ], [ 72.914008697217398, 18.971864893999303 ], [ 72.918759059601456, 18.971864893999303 ] ] ] } },
{ "type": "Feature", "properties": { "cell_id": 537, "lon": 72.921134240793478, "lat": 18.974110671936781 }, "geometry": { "type": "Polygon", "coordinates": [ [ [ 72.923509421985514, 18.971864893999303 ], [ 72.923509421985514, 18.97635644987426 ], [ 72.918759059601456, 18.97635644987426 ], [ 72.918759059601456, 18.971864893999303 ], [ 72.923509421985514, 18.971864893999303 ] ] ] } },
{ "type": "Feature", "properties": { "cell_id": 538, "lon": 72.925884603177536, "lat": 18.974110671936781 }, "geometry": { "type": "Polygon", "coordinates": [ [ [ 72.928259784369573, 18.971864893999303 ], [ 72.928259784369573, 18.97635644987426 ], [ 72.923509421985514, 18.97635644987426 ], [ 72.923509421985514, 18.971864893999303 ], [ 72.928259784369573, 18.971864893999303 ] ] ] } },
{ "type": "Feature", "properties": { "cell_id": 539, "lon": 72.930634965561595, "lat": 18.974110671936781 }, "geometry": { "type": "Polygon", "coordinates": [ [ [ 72.933010146753631, 18.971864893999303 ], [ 72.933010146753631, 18.97635644987426 ], [ 72.928259784369573, 18.97635644987426 ], [ 72.928259784369573, 18.971864893999303 ], [ 72.933010146753631, 18.971864893999303 ] ] ] } },
{ "type": "Feature", "properties": { "cell_id": 540, "lon": 72.935385327945653, "lat": 18.974110671936781 }, "geometry": { "type": "Polygon", "coordinates": [ [ [ 72.937760509137689, 18.971864893999303 ], [ 72.937760509137689, 18.97635644987426 ], [ 72.933010146753631, 18.97635644987426 ], [ 72.933010146753631, 18.971864893999303 ], [ 72.937760509137689, 18.971864893999303 ] ] ] } },
{ "type": "Feature", "properties": { "cell_id": 541, "lon": 72.940135690329711, "lat": 18.974110671936781 }, "geometry": { "type": "Polygon", "coordinates": [ [ [ 72.942510871521748, 18.971864893999303 ], [ 72.942510871521748, 18.97635644987426 ], [ 72.937760509137689, 18.97635644987426 ], [ 72.937760509137689, 18.971864893999303 ], [ 72.942510871521748, 18.971864893999303 ] ] ] } },
{ "type": "Feature", "properties": { "cell_id": 542, "lon": 72.94488605271377, "lat": 18.974110671936781 }, "geometry": { "type": "Polygon", "coordinates": [ [ [ 72.947261233905806, 18.971864893999303 ], [ 72.947261233905806, 18.97635644987426 ], [ 72.942510871521748, 18.97635644987426 ], [ 72.942510871521748, 18.971864893999303 ], [ 72.947261233905806, 18.971864893999303 ] ] ] } },
{ "type": "Feature", "properties": { "cell_id": 543, "lon": 72.949636415097828, "lat": 18.974110671936781 }, "geometry": { "type": "Polygon", "coordinates": [ [ [ 72.952011596289864, 18.971864893999303 ], [ 72.952011596289864, 18.97635644987426 ], [ 72.947261233905806, 18.97635644987426 ], [ 72.947261233905806, 18.971864893999303 ], [ 72.952011596289864, 18.971864893999303 ] ] ] } },
{ "type": "Feature", "properties": { "cell_id": 544, "lon": 72.802375181192019, "lat": 18.978602227811738 }, "geometry": { "type": "Polygon", "coordinates": [ [ [ 72.804750362384056, 18.97635644987426 ], [ 72.804750362384056, 18.980848005749216 ], [ 72.8, 18.980848005749216 ], [ 72.8, 18.97635644987426 ], [ 72.804750362384056, 18.97635644987426 ] ] ] } },
{ "type": "Feature", "properties": { "cell_id": 545, "lon": 72.807125543576078, "lat": 18.978602227811738 }, "geometry": { "type": "Polygon", "coordinates": [ [ [ 72.809500724768114, 18.97635644987426 ], [ 72.809500724768114, 18.980848005749216 ], [ 72.804750362384056, 18.980848005749216 ], [ 72.804750362384056, 18.97635644987426 ], [ 72.809500724768114, 18.97635644987426 ] ] ] } },
{ "type": "Feature", "properties": { "cell_id": 546, "lon": 72.811875905960136, "lat": 18.978602227811738 }, "geometry": { "type": "Polygon", "coordinates": [ [ [ 72.814251087152172, 18.97635644987426 ], [ 72.814251087152172, 18.980848005749216 ], [ 72.809500724768114, 18.980848005749216 ], [ 72.809500724768114, 18.97635644987426 ], [ 72.814251087152172, 18.97635644987426 ] ] ] } },
{ "type": "Feature", "properties": { "cell_id": 547, "lon": 72.816626268344194, "lat": 18.978602227811738 }, "geometry": { "type": "Polygon", "coordinates": [ [ [ 72.819001449536231, 18.97635644987426 ], [ 72.819001449536231, 18.980848005749216 ], [ 72.814251087152172, 18.980848005749216 ], [ 72.814251087152172, 18.97635644987426 ], [ 72.819001449536231, 18.97635644987426 ] ] ] } },
{ "type": "Feature", "properties": { "cell_id": 548, "lon": 72.821376630728253, "lat": 18.978602227811738 }, "geometry": { "type": "Polygon", "coordinates": [ [ [ 72.823751811920289, 18.97635644987426 ], [ 72.823751811920289, 18.980848005749216 ], [ 72.819001449536231, 18.980848005749216 ], [ 72.819001449536231, 18.97635644987426 ], [ 72.823751811920289, 18.97635644987426 ] ] ] } },
{ "type": "Feature", "properties": { "cell_id": 549, "lon": 72.826126993112311, "lat": 18.978602227811738 }, "geometry": { "type": "Polygon", "coordinates": [ [ [ 72.828502174304347, 18.97635644987426 ], [ 72.828502174304347, 18.980848005749216 ], [ 72.823751811920289, 18.980848005749216 ], [ 72.823751811920289, 18.97635644987426 ], [ 72.828502174304347, 18.97635644987426 ] ] ] } },
{ "type": "Feature", "properties": { "cell_id": 550, "lon": 72.830877355496369, "lat": 18.978602227811738 }, "geometry": { "type": "Polygon", "coordinates": [ [ [ 72.833252536688406, 18.97635644987426 ], [ 72.833252536688406, 18.980848005749216 ], [ 72.828502174304347, 18.980848005749216 ], [ 72.828502174304347, 18.97635644987426 ], [ 72.833252536688406, 18.97635644987426 ] ] ] } },
{ "type": "Feature", "properties": { "cell_id": 551, "lon": 72.835627717880428, "lat": 18.978602227811738 }, "geometry": { "type": "Polygon", "coordinates": [ [ [ 72.838002899072464, 18.97635644987426 ], [ 72.838002899072464, 18.980848005749216 ], [ 72.833252536688406, 18.980848005749216 ], [ 72.833252536688406, 18.97635644987426 ], [ 72.838002899072464, 18.97635644987426 ] ] ] } },
{ "type": "Feature", "properties": { "cell_id": 552, "lon": 72.840378080264486, "lat": 18.978602227811738 }, "geometry": { "type": "Polygon", "coordinates": [ [ [ 72.842753261456522, 18.97635644987426 ], [ 72.842753261456522, 18.980848005749216 ], [ 72.838002899072464, 18.980848005749216 ], [ 72.838002899072464, 18.97635644987426 ], [ 72.842753261456522, 18.97635644987426 ] ] ] } },
{ "type": "Feature", "properties": { "cell_id": 553, "lon": 72.845128442648544, "lat": 18.978602227811738 }, "geometry": { "type": "Polygon", "coordinates": [ [ [ 72.847503623840581, 18.97635644987426 ], [ 72.847503623840581, 18.980848005749216 ], [ 72.842753261456522, 18.980848005749216 ], [ 72.842753261456522, 18.97635644987426 ], [ 72.847503623840581, 18.97635644987426 ] ] ] } },
{ "type": "Feature", "properties": { "cell_id": 554, "lon": 72.849878805032603, "lat": 18.978602227811738 }, "geometry": { "type": "Polygon", "coordinates": [ [ [ 72.852253986224639, 18.97635644987426 ], [ 72.852253986224639, 18.980848005749216 ], [ 72.847503623840581, 18.980848005749216 ], [ 72.847503623840581, 18.97635644987426 ], [ 72.852253986224639, 18.97635644987426 ] ] ] } },
{ "type": "Feature", "properties": { "cell_id": 555, "lon": 72.854629167416661, "lat": 18.978602227811738 }, "geometry": { "type": "Polygon", "coordinates": [ [ [ 72.857004348608697, 18.97635644987426 ], [ 72.857004348608697, 18.980848005749216 ], [ 72.852253986224639, 18.980848005749216 ], [ 72.852253986224639, 18.97635644987426 ], [ 72.857004348608697, 18.97635644987426 ] ] ] } },
{ "type": "Feature", "properties": { "cell_id": 556, "lon": 72.859379529800719, "lat": 18.978602227811738 }, "geometry": { "type": "Polygon", "coordinates": [ [ [ 72.861754710992756, 18.97635644987426 ], [ 72.861754710992756, 18.980848005749216 ], [ 72.857004348608697, 18.980848005749216 ], [ 72.857004348608697, 18.97635644987426 ], [ 72.861754710992756, 18.97635644987426 ] ] ] } },
{ "type": "Feature", "properties": { "cell_id": 557, "lon": 72.864129892184778, "lat": 18.978602227811738 }, "geometry": { "type": "Polygon", "coordinates": [ [ [ 72.866505073376814, 18.97635644987426 ], [ 72.866505073376814, 18.980848005749216 ], [ 72.861754710992756, 18.980848005749216 ], [ 72.861754710992756, 18.97635644987426 ], [ 72.866505073376814, 18.97635644987426 ] ] ] } },
{ "type": "Feature", "properties": { "cell_id": 558, "lon": 72.868880254568836, "lat": 18.978602227811738 }, "geometry": { "type": "Polygon", "coordinates": [ [ [ 72.871255435760872, 18.97635644987426 ], [ 72.871255435760872, 18.980848005749216 ], [ 72.866505073376814, 18.980848005749216 ], [ 72.866505073376814, 18.97635644987426 ], [ 72.871255435760872, 18.97635644987426 ] ] ] } },
{ "type": "Feature", "properties": { "cell_id": 559, "lon": 72.873630616952894, "lat": 18.978602227811738 }, "geometry": { "type": "Polygon", "coordinates": [ [ [ 72.876005798144931, 18.97635644987426 ], [ 72.876005798144931, 18.980848005749216 ], [ 72.871255435760872, 18.980848005749216 ], [ 72.871255435760872, 18.97635644987426 ], [ 72.876005798144931, 18.97635644987426 ] ] ] } },
{ "type": "Feature", "properties": { "cell_id": 560, "lon": 72.878380979336953, "lat": 18.978602227811738 }, "geometry": { "type": "Polygon", "coordinates": [ [ [ 72.880756160528989, 18.97635644987426 ], [ 72.880756160528989, 18.980848005749216 ], [ 72.876005798144931, 18.980848005749216 ], [ 72.876005798144931, 18.97635644987426 ], [ 72.880756160528989, 18.97635644987426 ] ] ] } },
{ "type": "Feature", "properties": { "cell_id": 561, "lon": 72.883131341721011, "lat": 18.978602227811738 }, "geometry": { "type": "Polygon", "coordinates": [ [ [ 72.885506522913047, 18.97635644987426 ], [ 72.885506522913047, 18.980848005749216 ], [ 72.880756160528989, 18.980848005749216 ], [ 72.880756160528989, 18.97635644987426 ], [ 72.885506522913047, 18.97635644987426 ] ] ] } },
{ "type": "Feature", "properties": { "cell_id": 562, "lon": 72.88788170410507, "lat": 18.978602227811738 }, "geometry": { "type": "Polygon", "coordinates": [ [ [ 72.890256885297106, 18.97635644987426 ], [ 72.890256885297106, 18.980848005749216 ], [ 72.885506522913047, 18.980848005749216 ], [ 72.885506522913047, 18.97635644987426 ], [ 72.890256885297106, 18.97635644987426 ] ] ] } },
{ "type": "Feature", "properties": { "cell_id": 563, "lon": 72.892632066489128, "lat": 18.978602227811738 }, "geometry": { "type": "Polygon", "coordinates": [ [ [ 72.895007247681164, 18.97635644987426 ], [ 72.895007247681164, 18.980848005749216 ], [ 72.890256885297106, 18.980848005749216 ], [ 72.890256885297106, 18.97635644987426 ], [ 72.895007247681164, 18.97635644987426 ] ] ] } },
{ "type": "Feature", "properties": { "cell_id": 564, "lon": 72.897382428873186, "lat": 18.978602227811738 }, "geometry": { "type": "Polygon", "coordinates": [ [ [ 72.899757610065222, 18.97635644987426 ], [ 72.899757610065222, 18.980848005749216 ], [ 72.895007247681164, 18.980848005749216 ], [ 72.895007247681164, 18.97635644987426 ], [ 72.899757610065222, 18.97635644987426 ] ] ] } },
{ "type": "Feature", "properties": { "cell_id": 565, "lon": 72.902132791257245, "lat": 18.978602227811738 }, "geometry": { "type": "Polygon", "coordinates": [ [ [ 72.904507972449281, 18.97635644987426 ], [ 72.904507972449281, 18.980848005749216 ], [ 72.899757610065222, 18.980848005749216 ], [ 72.899757610065222, 18.97635644987426 ], [ 72.904507972449281, 18.97635644987426 ] ] ] } },
{ "type": "Feature", "properties": { "cell_id": 566, "lon": 72.906883153641303, "lat": 18.978602227811738 }, "geometry": { "type": "Polygon", "coordinates": [ [ [ 72.909258334833339, 18.97635644987426 ], [ 72.909258334833339, 18.980848005749216 ], [ 72.904507972449281, 18.980848005749216 ], [ 72.904507972449281, 18.97635644987426 ], [ 72.909258334833339, 18.97635644987426 ] ] ] } },
{ "type": "Feature", "properties": { "cell_id": 567, "lon": 72.911633516025361, "lat": 18.978602227811738 }, "geometry": { "type": "Polygon", "coordinates": [ [ [ 72.914008697217398, 18.97635644987426 ], [ 72.914008697217398, 18.980848005749216 ], [ 72.909258334833339, 18.980848005749216 ], [ 72.909258334833339, 18.97635644987426 ], [ 72.914008697217398, 18.97635644987426 ] ] ] } },
{ "type": "Feature", "properties": { "cell_id": 568, "lon": 72.91638387840942, "lat": 18.978602227811738 }, "geometry": { "type": "Polygon", "coordinates": [ [ [ 72.918759059601456, 18.97635644987426 ], [ 72.918759059601456, 18.980848005749216 ], [ 72.914008697217398, 18.980848005749216 ], [ 72.914008697217398, 18.97635644987426 ], [ 72.918759059601456, 18.97635644987426 ] ] ] } },
{ "type": "Feature", "properties": { "cell_id": 569, "lon": 72.921134240793478, "lat": 18.978602227811738 }, "geometry": { "type": "Polygon", "coordinates": [ [ [ 72.923509421985514, 18.97635644987426 ], [ 72.923509421985514, 18.980848005749216 ], [ 72.918759059601456, 18.980848005749216 ], [ 72.918759059601456, 18.97635644987426 ], [ 72.923509421985514, 18.97635644987426 ] ] ] } },
{ "type": "Feature", "properties": { "cell_id": 570, "lon": 72.925884603177536, "lat": 18.978602227811738 }, "geometry": { "type": "Polygon", "coordinates": [ [ [ 72.928259784369573, 18.97635644987426 ], [ 72.928259784369573, 18.980848005749216 ], [ 72.923509421985514, 18.980848005749216 ], [ 72.923509421985514, 18.97635644987426 ], [ 72.928259784369573, 18.97635644987426 ] ] ] } },
{ "type": "Feature", "properties": { "cell_id": 571, "lon": 72.930634965561595, "lat": 18.978602227811738 }, "geometry": { "type": "Polygon", "coordinates": [ [ [ 72.933010146753631, 18.97635644987426 ], [ 72.933010146753631, 18.980848005749216 ], [ 72.928259784369573, 18.980848005749216 ], [ 72.928259784369573, 18.97635644987426 ], [ 72.933010146753631, 18.97635644987426 ] ] ] } },
{ "type": "Feature", "properties": { "cell_id": 572, "lon": 72.935385327945653, "lat": 18.978602227811738 }, "geometry": { "type": "Polygon", "coordinates": [ [ [ 72.937760509137689, 18.97635644987426 ], [ 72.937760509137689, 18.980848005749216 ], [ 72.933010146753631, 18.980848005749216 ], [ 72.933010146753631, 18.97635644987426 ], [ 72.937760509137689, 18.97635644987426 ] ] ] } },
{ "type": "Feature", "properties": { "cell_id": 573, "lon": 72.940135690329711, "lat": 18.978602227811738 }, "geometry": { "type": "Polygon", "coordinates": [ [ [ 72.942510871521748, 18.97635644987426 ], [ 72.942510871521748, 18.980848005749216 ], [ 72.937760509137689, 18.980848005749216 ], [ 72.937760509137689, 18.97635644987426 ], [ 72.942510871521748, 18.97635644987426 ] ] ] } },
{ "type": "Feature", "properties": { "cell_id": 574, "lon": 72.94488605271377, "lat": 18.978602227811738 }, "geometry": { "type": "Polygon", "coordinates": [ [ [ 72.947261233905806, 18.97635644987426 ], [ 72.947261233905806, 18.980848005749216 ], [ 72.942510871521748, 18.980848005749216 ], [ 72.942510871521748, 18.97635644987426 ], [ 72.947261233905806, 18.97635644987426 ] ] ] } },
{ "type": "Feature", "properties": { "cell_id": 575, "lon": 72.949636415097828, "lat": 18.978602227811738 }, "geometry": { "type": "Polygon", "coordinates": [ [ [ 72.952011596289864, 18.97635644987426 ], [ 72.952011596289864, 18.980848005749216 ], [ 72.947261233905806, 18.980848005749216 ], [ 72.947261233905806, 18.97635644987426 ], [ 72.952011596289864, 18.97635644987426 ] ] ] } },
{ "type": "Feature", "properties": { "cell_id": 576, "lon": 72.802375181192019, "lat": 18.983093783686694 }, "geometry": { "type": "Polygon", "coordinates": [ [ [ 72.804750362384056, 18.980848005749216 ], [ 72.804750362384056, 18.985339561624173 ], [ 72.8, 18.985339561624173 ], [ 72.8, 18.980848005749216 ], [ 72.804750362384056, 18.980848005749216 ] ] ] } },
{ "type": "Feature", "properties": { "cell_id": 577, "lon": 72.807125543576078, "lat": 18.983093783686694 }, "geometry": { "type": "Polygon", "coordinates": [ [ [ 72.809500724768114, 18.980848005749216 ], [ 72.809500724768114, 18.985339561624173 ], [ 72.804750362384056, 18.985339561624173 ], [ 72.804750362384056, 18.980848005749216 ], [ 72.809500724768114, 18.980848005749216 ] ] ] } },
{ "type": "Feature", "properties": { "cell_id": 578, "lon": 72.811875905960136, "lat": 18.983093783686694 }, "geometry": { "type": "Polygon", "coordinates": [ [ [ 72.814251087152172, 18.980848005749216 ], [ 72.814251087152172, 18.985339561624173 ], [ 72.809500724768114, 18.985339561624173 ], [ 72.809500724768114, 18.980848005749216 ], [ 72.814251087152172, 18.980848005749216 ] ] ] } },
{ "type": "Feature", "properties": { "cell_id": 579, "lon": 72.816626268344194, "lat": 18.983093783686694 }, "geometry": { "type": "Polygon", "coordinates": [ [ [ 72.819001449536231, 18.980848005749216 ], [ 72.819001449536231, 18.985339561624173 ], [ 72.814251087152172, 18.985339561624173 ], [ 72.814251087152172, 18.980848005749216 ], [ 72.819001449536231, 18.980848005749216 ] ] ] } },
{ "type": "Feature", "properties": { "cell_id": 580, "lon": 72.821376630728253, "lat": 18.983093783686694 }, "geometry": { "type": "Polygon", "coordinates": [ [ [ 72.823751811920289, 18.980848005749216 ], [ 72.823751811920289, 18.985339561624173 ], [ 72.819001449536231, 18.985339561624173 ], [ 72.819001449536231, 18.980848005749216 ], [ 72.823751811920289, 18.980848005749216 ] ] ] } },
{ "type": "Feature", "properties": { "cell_id": 581, "lon": 72.826126993112311, "lat": 18.983093783686694 }, "geometry": { "type": "Polygon", "coordinates": [ [ [ 72.828502174304347, 18.980848005749216 ], [ 72.828502174304347, 18.985339561624173 ], [ 72.823751811920289, 18.985339561624173 ], [ 72.823751811920289, 18.980848005749216 ], [ 72.828502174304347, 18.980848005749216 ] ] ] } },
{ "type": "Feature", "properties": { "cell_id": 582, "lon": 72.830877355496369, "lat": 18.983093783686694 }, "geometry": { "type": "Polygon", "coordinates": [ [ [ 72.833252536688406, 18.980848005749216 ], [ 72.833252536688406, 18.985339561624173 ], [ 72.828502174304347, 18.985339561624173 ], [ 72.828502174304347, 18.980848005749216 ], [ 72.833252536688406, 18.980848005749216 ] ] ] } },
{ "type": "Feature", "properties": { "cell_id": 583, "lon": 72.835627717880428, "lat": 18.983093783686694 }, "geometry": { "type": "Polygon", "coordinates": [ [ [ 72.838002899072464, 18.980848005749216 ], [ 72.838002899072464, 18.985339561624173 ], [ 72.833252536688406, 18.985339561624173 ], [ 72.833252536688406, 18.980848005749216 ], [ 72.838002899072464, 18.980848005749216 ] ] ] } },
{ "type": "Feature", "properties": { "cell_id": 584, "lon": 72.840378080264486, "lat": 18.983093783686694 }, "geometry": { "type": "Polygon", "coordinates": [ [ [ 72.842753261456522, 18.980848005749216 ], [ 72.842753261456522, 18.985339561624173 ], [ 72.838002899072464, 18.985339561624173 ], [ 72.838002899072464, 18.980848005749216 ], [ 72.842753261456522, 18.980848005749216 ] ] ] } },
{ "type": "Feature", "properties": { "cell_id": 585, "lon": 72.845128442648544, "lat": 18.983093783686694 }, "geometry": { "type": "Polygon", "coordinates": [ [ [ 72.847503623840581, 18.980848005749216 ], [ 72.847503623840581, 18.985339561624173 ], [ 72.842753261456522, 18.985339561624173 ], [ 72.842753261456522, 18.980848005749216 ], [ 72.847503623840581, 18.980848005749216 ] ] ] } },
{ "type": "Feature", "properties": { "cell_id": 586, "lon": 72.849878805032603, "lat": 18.983093783686694 }, "geometry": { "type": "Polygon", "coordinates": [ [ [ 72.852253986224639, 18.980848005749216 ], [ 72.852253986224639, 18.985339561624173 ], [ 72.847503623840581, 18.985339561624173 ], [ 72.847503623840581, 18.980848005749216 ], [ 72.852253986224639, 18.980848005749216 ] ] ] } },
{ "type": "Feature", "properties": { "cell_id": 587, "lon": 72.854629167416661, "lat": 18.983093783686694 }, "geometry": { "type": "Polygon", "coordinates": [ [ [ 72.857004348608697, 18.980848005749216 ], [ 72.857004348608697, 18.985339561624173 ], [ 72.852253986224639, 18.985339561624173 ], [ 72.852253986224639, 18.980848005749216 ], [ 72.857004348608697, 18.980848005749216 ] ] ] } },
{ "type": "Feature", "properties": { "cell_id": 588, "lon": 72.859379529800719, "lat": 18.983093783686694 }, "geometry": { "type": "Polygon", "coordinates": [ [ [ 72.861754710992756, 18.980848005749216 ], [ 72.861754710992756, 18.985339561624173 ], [ 72.857004348608697, 18.985339561624173 ], [ 72.857004348608697, 18.980848005749216 ], [ 72.861754710992756, 18.980848005749216 ] ] ] } },
{ "type": "Feature", "properties": { "cell_id": 589, "lon": 72.864129892184778, "lat": 18.983093783686694 }, "geometry": { "type": "Polygon", "coordinates": [ [ [ 72.866505073376814, 18.980848005749216 ], [ 72.866505073376814, 18.985339561624173 ], [ 72.861754710992756, 18.985339561624173 ], [ 72.861754710992756, 18.980848005749216 ], [ 72.866505073376814, 18.980848005749216 ] ] ] } },
{ "type": "Feature", "properties": { "cell_id": 590, "lon": 72.868880254568836, "lat": 18.983093783686694 }, "geometry": { "type": "Polygon", "coordinates": [ [ [ 72.871255435760872, 18.980848005749216 ], [ 72.871255435760872, 18.985339561624173 ], [ 72.866505073376814, 18.985339561624173 ], [ 72.866505073376814, 18.980848005749216 ], [ 72.871255435760872, 18.980848005749216 ] ] ] } },
{ "type": "Feature", "properties": { "cell_id": 591, "lon": 72.873630616952894, "lat": 18.983093783686694 }, "geometry": { "type": "Polygon", "coordinates": [ [ [ 72.876005798144931, 18.980848005749216 ], [ 72.876005798144931, 18.985339561624173 ], [ 72.871255435760872, 18.985339561624173 ], [ 72.871255435760872, 18.980848005749216 ], [ 72.876005798144931, 18.980848005749216 ] ] ] } },
{ "type": "Feature", "properties": { "cell_id": 592, "lon": 72.878380979336953, "lat": 18.983093783686694 }, "geometry": { "type": "Polygon", "coordinates": [ [ [ 72.880756160528989, 18.980848005749216 ], [ 72.880756160528989, 18.985339561624173 ], [ 72.876005798144931, 18.985339561624173 ], [ 72.876005798144931, 18.980848005749216 ], [ 72.880756160528989, 18.980848005749216 ] ] ] } },
{ "type": "Feature", "properties": { "cell_id": 593, "lon": 72.883131341721011, "lat": 18.983093783686694 }, "geometry": { "type": "Polygon", "coordinates": [ [ [ 72.885506522913047, 18.980848005749216 ], [ 72.885506522913047, 18.985339561624173 ], [ 72.880756160528989, 18.985339561624173 ], [ 72.880756160528989, 18.980848005749216 ], [ 72.885506522913047, 18.980848005749216 ] ] ] } },
{ "type": "Feature", "properties": { "cell_id": 594, "lon": 72.88788170410507, "lat": 18.983093783686694 }, "geometry": { "type": "Polygon", "coordinates": [ [ [ 72.890256885297106, 18.980848005749216 ], [ 72.890256885297106, 18.985339561624173 ], [ 72.885506522913047, 18.985339561624173 ], [ 72.885506522913047, 18.980848005749216 ], [ 72.890256885297106, 18.980848005749216 ] ] ] } },
{ "type": "Feature", "properties": { "cell_id": 595, "lon": 72.892632066489128, "lat": 18.983093783686694 }, "geometry": { "type": "Polygon", "coordinates": [ [ [ 72.895007247681164, 18.980848005749216 ], [ 72.895007247681164, 18.985339561624173 ], [ 72.890256885297106, 18.985339561624173 ], [ 72.890256885297106, 18.980848005749216 ], [ 72.895007247681164, 18.980848005749216 ] ] ] } },
{ "type": "Feature", "properties": { "cell_id": 596, "lon": 72.897382428873186, "lat": 18.983093783686694 }, "geometry": { "type": "Polygon", "coordinates": [ [ [ 72.899757610065222, 18.980848005749216 ], [ 72.899757610065222, 18.985339561624173 ], [ 72.895007247681164, 18.985339561624173 ], [ 72.895007247681164, 18.980848005749216 ], [ 72.899757610065222, 18.980848005749216 ] ] ] } },
{ "type": "Feature", "properties": { "cell_id": 597, "lon": 72.902132791257245, "lat": 18.983093783686694 }, "geometry": { "type": "Polygon", "coordinates": [ [ [ 72.904507972449281, 18.980848005749216 ], [ 72.904507972449281, 18.985339561624173 ], [ 72.899757610065222, 18.985339561624173 ], [ 72.899757610065222, 18.980848005749216 ], [ 72.904507972449281, 18.980848005749216 ] ] ] } },
{ "type": "Feature", "properties": { "cell_id": 598, "lon": 72.906883153641303, "lat": 18.983093783686694 }, "geometry": { "type": "Polygon", "coordinates": [ [ [ 72.909258334833339, 18.980848005749216 ], [ 72.909258334833339, 18.985339561624173 ], [ 72.904507972449281, 18.985339561624173 ], [ 72.904507972449281, 18.980848005749216 ], [ 72.909258334833339, 18.980848005749216 ] ] ] } },
{ "type": "Feature", "properties": { "cell_id": 599, "lon": 72.911633516025361, "lat": 18.983093783686694 }, "geometry": { "type": "Polygon", "coordinates": [ [ [ 72.914008697217398, 18.980848005749216 ], [ 72.914008697217398, 18.985339561624173 ], [ 72.909258334833339, 18.985339561624173 ], [ 72.909258334833339, 18.980848005749216 ], [ 72.914008697217398, 18.980848005749216 ] ] ] } },
{ "type": "Feature", "properties": { "cell_id": 600, "lon": 72.91638387840942, "lat": 18.983093783686694 }, "geometry": { "type": "Polygon", "coordinates": [ [ [ 72.918759059601456, 18.980848005749216 ], [ 72.918759059601456, 18.985339561624173 ], [ 72.914008697217398, 18.985339561624173 ], [ 72.914008697217398, 18.980848005749216 ], [ 72.918759059601456, 18.980848005749216 ] ] ] } },
{ "type": "Feature", "properties": { "cell_id": 601, "lon": 72.921134240793478, "lat": 18.983093783686694 }, "geometry": { "type": "Polygon", "coordinates": [ [ [ 72.923509421985514, 18.980848005749216 ], [ 72.923509421985514, 18.985339561624173 ], [ 72.918759059601456, 18.985339561624173 ], [ 72.918759059601456, 18.980848005749216 ], [ 72.923509421985514, 18.980848005749216 ] ] ] } },
{ "type": "Feature", "properties": { "cell_id": 602, "lon": 72.925884603177536, "lat": 18.983093783686694 }, "geometry": { "type": "Polygon", "coordinates": [ [ [ 72.928259784369573, 18.980848005749216 ], [ 72.928259784369573, 18.985339561624173 ], [ 72.923509421985514, 18.985339561624173 ], [ 72.923509421985514, 18.980848005749216 ], [ 72.928259784369573, 18.980848005749216 ] ] ] } },
{ "type": "Feature", "properties": { "cell_id": 603, "lon": 72.930634965561595, "lat": 18.983093783686694 }, "geometry": { "type": "Polygon", "coordinates": [ [ [ 72.933010146753631, 18.980848005749216 ], [ 72.933010146753631, 18.985339561624173 ], [ 72.928259784369573, 18.985339561624173 ], [ 72.928259784369573, 18.980848005749216 ], [ 72.933010146753631, 18.980848005749216 ] ] ] } },
{ "type": "Feature", "properties": { "cell_id": 604, "lon": 72.935385327945653, "lat": 18.983093783686694 }, "geometry": { "type": "Polygon", "coordinates": [ [ [ 72.937760509137689, 18.980848005749216 ], [ 72.937760509137689, 18.985339561624173 ], [ 72.933010146753631, 18.985339561624173 ], [ 72.933010146753631, 18.980848005749216 ], [ 72.937760509137689, 18.980848005749216 ] ] ] } },
{ "type": "Feature", "properties": { "cell_id": 605, "lon": 72.940135690329711, "lat": 18.983093783686694 }, "geometry": { "type": "Polygon", "coordinates": [ [ [ 72.942510871521748, 18.980848005749216 ], [ 72.942510871521748, 18.985339561624173 ], [ 72.937760509137689, 18.985339561624173 ], [ 72.937760509137689, 18.980848005749216 ], [ 72.942510871521748, 18.980848005749216 ] ] ] } },
{ "type": "Feature", "properties": { "cell_id": 606, "lon": 72.94488605271377, "lat": 18.983093783686694 }, "geometry": { "type": "Polygon", "coordinates": [ [ [ 72.947261233905806, 18.980848005749216 ], [ 72.947261233905806, 18.985339561624173 ], [ 72.942510871521748, 18.985339561624173 ], [ 72.942510871521748, 18.980848005749216 ], [ 72.947261233905806, 18.980848005749216 ] ] ] } },
{ "type": "Feature", "properties": { "cell_id": 607, "lon": 72.949636415097828, "lat": 18.983093783686694 }, "geometry": { "type": "Polygon", "coordinates": [ [ [ 72.952011596289864, 18.980848005749216 ], [ 72.952011596289864, 18.985339561624173 ], [ 72.947261233905806, 18.985339561624173 ], [ 72.947261233905806, 18.980848005749216 ], [ 72.952011596289864, 18.980848005749216 ] ] ] } },
{ "type": "Feature", "properties": { "cell_id": 608, "lon": 72.802375181192019, "lat": 18.987585339561651 }, "geometry": { "type": "Polygon", "coordinates": [ [ [ 72.804750362384056, 18.985339561624173 ], [ 72.804750362384056, 18.989831117499129 ], [ 72.8, 18.989831117499129 ], [ 72.8, 18.985339561624173 ], [ 72.804750362384056, 18.985339561624173 ] ] ] } },
{ "type": "Feature", "properties": { "cell_id": 609, "lon": 72.807125543576078, "lat": 18.987585339561651 }, "geometry": { "type": "Polygon", "coordinates": [ [ [ 72.809500724768114, 18.985339561624173 ], [ 72.809500724768114, 18.989831117499129 ], [ 72.804750362384056, 18.989831117499129 ], [ 72.804750362384056, 18.985339561624173 ], [ 72.809500724768114, 18.985339561624173 ] ] ] } },
{ "type": "Feature", "properties": { "cell_id": 610, "lon": 72.811875905960136, "lat": 18.987585339561651 }, "geometry": { "type": "Polygon", "coordinates": [ [ [ 72.814251087152172, 18.985339561624173 ], [ 72.814251087152172, 18.989831117499129 ], [ 72.809500724768114, 18.989831117499129 ], [ 72.809500724768114, 18.985339561624173 ], [ 72.814251087152172, 18.985339561624173 ] ] ] } },
{ "type": "Feature", "properties": { "cell_id": 611, "lon": 72.816626268344194, "lat": 18.987585339561651 }, "geometry": { "type": "Polygon", "coordinates": [ [ [ 72.819001449536231, 18.985339561624173 ], [ 72.819001449536231, 18.989831117499129 ], [ 72.814251087152172, 18.989831117499129 ], [ 72.814251087152172, 18.985339561624173 ], [ 72.819001449536231, 18.985339561624173 ] ] ] } },
{ "type": "Feature", "properties": { "cell_id": 612, "lon": 72.821376630728253, "lat": 18.987585339561651 }, "geometry": { "type": "Polygon", "coordinates": [ [ [ 72.823751811920289, 18.985339561624173 ], [ 72.823751811920289, 18.989831117499129 ], [ 72.819001449536231, 18.989831117499129 ], [ 72.819001449536231, 18.985339561624173 ], [ 72.823751811920289, 18.985339561624173 ] ] ] } },
{ "type": "Feature", "properties": { "cell_id": 613, "lon": 72.826126993112311, "lat": 18.987585339561651 }, "geometry": { "type": "Polygon", "coordinates": [ [ [ 72.828502174304347, 18.985339561624173 ], [ 72.828502174304347, 18.989831117499129 ], [ 72.823751811920289, 18.989831117499129 ], [ 72.823751811920289, 18.985339561624173 ], [ 72.828502174304347, 18.985339561624173 ] ] ] } },
{ "type": "Feature", "properties": { "cell_id": 614, "lon": 72.830877355496369, "lat": 18.987585339561651 }, "geometry": { "type": "Polygon", "coordinates": [ [ [ 72.833252536688406, 18.985339561624173 ], [ 72.833252536688406, 18.989831117499129 ], [ 72.828502174304347, 18.989831117499129 ], [ 72.828502174304347, 18.985339561624173 ], [ 72.833252536688406, 18.985339561624173 ] ] ] } },
{ "type": "Feature", "properties": { "cell_id": 615, "lon": 72.835627717880428, "lat": 18.987585339561651 }, "geometry": { "type": "Polygon", "coordinates": [ [ [ 72.838002899072464, 18.985339561624173 ], [ 72.838002899072464, 18.989831117499129 ], [ 72.833252536688406, 18.989831117499129 ], [ 72.833252536688406, 18.985339561624173 ], [ 72.838002899072464, 18.985339561624173 ] ] ] } },
{ "type": "Feature", "properties": { "cell_id": 616, "lon": 72.840378080264486, "lat": 18.987585339561651 }, "geometry": { "type": "Polygon", "coordinates": [ [ [ 72.842753261456522, 18.985339561624173 ], [ 72.842753261456522, 18.989831117499129 ], [ 72.838002899072464, 18.989831117499129 ], [ 72.838002899072464, 18.985339561624173 ], [ 72.842753261456522, 18.985339561624173 ] ] ] } },
{ "type": "Feature", "properties": { "cell_id": 617, "lon": 72.845128442648544, "lat": 18.987585339561651 }, "geometry": { "type": "Polygon", "coordinates": [ [ [ 72.847503623840581, 18.985339561624173 ], [ 72.847503623840581, 18.989831117499129 ], [ 72.842753261456522, 18.989831117499129 ], [ 72.842753261456522, 18.985339561624173 ], [ 72.847503623840581, 18.985339561624173 ] ] ] } },
{ "type": "Feature", "properties": { "cell_id": 618, "lon": 72.849878805032603, "lat": 18.987585339561651 }, "geometry": { "type": "Polygon", "coordinates": [ [ [ 72.852253986224639, 18.985339561624173 ], [ 72.852253986224639, 18.989831117499129 ], [ 72.847503623840581, 18.989831117499129 ], [ 72.847503623840581, 18.985339561624173 ], [ 72.852253986224639, 18.985339561624173 ] ] ] } },
{ "type": "Feature", "properties": { "cell_id": 619, "lon": 72.854629167416661, "lat": 18.987585339561651 }, "geometry": { "type": "Polygon", "coordinates": [ [ [ 72.857004348608697, 18.985339561624173 ], [ 72.857004348608697, 18.989831117499129 ], [ 72.852253986224639, 18.989831117499129 ], [ 72.852253986224639, 18.985339561624173 ], [ 72.857004348608697, 18.985339561624173 ] ] ] } },
{ "type": "Feature", "properties": { "cell_id": 620, "lon": 72.859379529800719, "lat": 18.987585339561651 }, "geometry": { "type": "Polygon", "coordinates": [ [ [ 72.861754710992756, 18.985339561624173 ], [ 72.861754710992756, 18.989831117499129 ], [ 72.857004348608697, 18.989831117499129 ], [ 72.857004348608697, 18.985339561624173 ], [ 72.861754710992756, 18.985339561624173 ] ] ] } },
{ "type": "Feature", "properties": { "cell_id": 621, "lon": 72.864129892184778, "lat": 18.987585339561651 }, "geometry": { "type": "Polygon", "coordinates": [ [ [ 72.866505073376814, 18.985339561624173 ], [ 72.866505073376814, 18.989831117499129 ], [ 72.861754710992756, 18.989831117499129 ], [ 72.861754710992756, 18.985339561624173 ], [ 72.866505073376814, 18.985339561624173 ] ] ] } },
{ "type": "Feature", "properties": { "cell_id": 622, "lon": 72.868880254568836, "lat": 18.987585339561651 }, "geometry": { "type": "Polygon", "coordinates": [ [ [ 72.871255435760872, 18.985339561624173 ], [ 72.871255435760872, 18.989831117499129 ], [ 72.866505073376814, 18.989831117499129 ], [ 72.866505073376814, 18.985339561624173 ], [ 72.871255435760872, 18.985339561624173 ] ] ] } },
{ "type": "Feature", "properties": { "cell_id": 623, "lon": 72.873630616952894, "lat": 18.987585339561651 }, "geometry": { "type": "Polygon", "coordinates": [ [ [ 72.876005798144931, 18.985339561624173 ], [ 72.876005798144931, 18.989831117499129 ], [ 72.871255435760872, 18.989831117499129 ], [ 72.871255435760872, 18.985339561624173 ], [ 72.876005798144931, 18.985339561624173 ] ] ] } },
{ "type": "Feature", "properties": { "cell_id": 624, "lon": 72.878380979336953, "lat": 18.987585339561651 }, "geometry": { "type": "Polygon", "coordinates": [ [ [ 72.880756160528989, 18.985339561624173 ], [ 72.880756160528989, 18.989831117499129 ], [ 72.876005798144931, 18.989831117499129 ], [ 72.876005798144931, 18.985339561624173 ], [ 72.880756160528989, 18.985339561624173 ] ] ] } },
{ "type": "Feature", "properties": { "cell_id": 625, "lon": 72.883131341721011, "lat": 18.987585339561651 }, "geometry": { "type": "Polygon", "coordinates": [ [ [ 72.885506522913047, 18.985339561624173 ], [ 72.885506522913047, 18.989831117499129 ], [ 72.880756160528989, 18.989831117499129 ], [ 72.880756160528989, 18.985339561624173 ], [ 72.885506522913047, 18.985339561624173 ] ] ] } },
{ "type": "Feature", "properties": { "cell_id": 626, "lon": 72.88788170410507, "lat": 18.987585339561651 }, "geometry": { "type": "Polygon", "coordinates": [ [ [ 72.890256885297106, 18.985339561624173 ], [ 72.890256885297106, 18.989831117499129 ], [ 72.885506522913047, 18.989831117499129 ], [ 72.885506522913047, 18.985339561624173 ], [ 72.890256885297106, 18.985339561624173 ] ] ] } },
{ "type": "Feature", "properties": { "cell_id": 627, "lon": 72.892632066489128, "lat": 18.987585339561651 }, "geometry": { "type": "Polygon", "coordinates": [ [ [ 72.895007247681164, 18.985339561624173 ], [ 72.895007247681164, 18.989831117499129 ], [ 72.890256885297106, 18.989831117499129 ], [ 72.890256885297106, 18.985339561624173 ], [ 72.895007247681164, 18.985339561624173 ] ] ] } },
{ "type": "Feature", "properties": { "cell_id": 628, "lon": 72.897382428873186, "lat": 18.987585339561651 }, "geometry": { "type": "Polygon", "coordinates": [ [ [ 72.899757610065222, 18.985339561624173 ], [ 72.899757610065222, 18.989831117499129 ], [ 72.895007247681164, 18.989831117499129 ], [ 72.895007247681164, 18.985339561624173 ], [ 72.899757610065222, 18.985339561624173 ] ] ] } },
{ "type": "Feature", "properties": { "cell_id": 629, "lon": 72.902132791257245, "lat": 18.987585339561651 }, "geometry": { "type": "Polygon", "coordinates": [ [ [ 72.904507972449281, 18.985339561624173 ], [ 72.904507972449281, 18.989831117499129 ], [ 72.899757610065222, 18.989831117499129 ], [ 72.899757610065222, 18.985339561624173 ], [ 72.904507972449281, 18.985339561624173 ] ] ] } },
{ "type": "Feature", "properties": { "cell_id": 630, "lon": 72.906883153641303, "lat": 18.987585339561651 }, "geometry": { "type": "Polygon", "coordinates": [ [ [ 72.909258334833339, 18.985339561624173 ], [ 72.909258334833339, 18.989831117499129 ], [ 72.904507972449281, 18.989831117499129 ], [ 72.904507972449281, 18.985339561624173 ], [ 72.909258334833339, 18.985339561624173 ] ] ] } },
{ "type": "Feature", "properties": { "cell_id": 631, "lon": 72.911633516025361, "lat": 18.987585339561651 }, "geometry": { "type": "Polygon", "coordinates": [ [ [ 72.914008697217398, 18.985339561624173 ], [ 72.914008697217398, 18.989831117499129 ], [ 72.909258334833339, 18.989831117499129 ], [ 72.909258334833339, 18.985339561624173 ], [ 72.914008697217398, 18.985339561624173 ] ] ] } },
{ "type": "Feature", "properties": { "cell_id": 632, "lon": 72.91638387840942, "lat": 18.987585339561651 }, "geometry": { "type": "Polygon", "coordinates": [ [ [ 72.918759059601456, 18.985339561624173 ], [ 72.918759059601456, 18.989831117499129 ], [ 72.914008697217398, 18.989831117499129 ], [ 72.914008697217398, 18.985339561624173 ], [ 72.918759059601456, 18.985339561624173 ] ] ] } },
{ "type": "Feature", "properties": { "cell_id": 633, "lon": 72.921134240793478, "lat": 18.987585339561651 }, "geometry": { "type": "Polygon", "coordinates": [ [ [ 72.923509421985514, 18.985339561624173 ], [ 72.923509421985514, 18.989831117499129 ], [ 72.918759059601456, 18.989831117499129 ], [ 72.918759059601456, 18.985339561624173 ], [ 72.923509421985514, 18.985339561624173 ] ] ] } },
{ "type": "Feature", "properties": { "cell_id": 634, "lon": 72.925884603177536, "lat": 18.987585339561651 }, "geometry": { "type": "Polygon", "coordinates": [ [ [ 72.928259784369573, 18.985339561624173 ], [ 72.928259784369573, 18.989831117499129 ], [ 72.923509421985514, 18.989831117499129 ], [ 72.923509421985514, 18.985339561624173 ], [ 72.928259784369573, 18.985339561624173 ] ] ] } },
{ "type": "Feature", "properties": { "cell_id": 635, "lon": 72.930634965561595, "lat": 18.987585339561651 }, "geometry": { "type": "Polygon", "coordinates": [ [ [ 72.933010146753631, 18.985339561624173 ], [ 72.933010146753631, 18.989831117499129 ], [ 72.928259784369573, 18.989831117499129 ], [ 72.928259784369573, 18.985339561624173 ], [ 72.933010146753631, 18.985339561624173 ] ] ] } },
{ "type": "Feature", "properties": { "cell_id": 636, "lon": 72.935385327945653, "lat": 18.987585339561651 }, "geometry": { "type": "Polygon", "coordinates": [ [ [ 72.937760509137689, 18.985339561624173 ], [ 72.937760509137689, 18.989831117499129 ], [ 72.933010146753631, 18.989831117499129 ], [ 72.933010146753631, 18.985339561624173 ], [ 72.937760509137689, 18.985339561624173 ] ] ] } },
{ "type": "Feature", "properties": { "cell_id": 637, "lon": 72.940135690329711, "lat": 18.987585339561651 }, "geometry": { "type": "Polygon", "coordinates": [ [ [ 72.942510871521748, 18.985339561624173 ], [ 72.942510871521748, 18.989831117499129 ], [ 72.937760509137689, 18.989831117499129 ], [ 72.937760509137689, 18.985339561624173 ], [ 72.942510871521748, 18.985339561624173 ] ] ] } },
{ "type": "Feature", "properties": { "cell_id": 638, "lon": 72.94488605271377, "lat": 18.987585339561651 }, "geometry": { "type": "Polygon", "coordinates": [ [ [ 72.947261233905806, 18.985339561624173 ], [ 72.947261233905806, 18.989831117499129 ], [ 72.942510871521748, 18.989831117499129 ], [ 72.942510871521748, 18.985339561624173 ], [ 72.947261233905806, 18.985339561624173 ] ] ] } },
{ "type": "Feature", "properties": { "cell_id": 639, "lon": 72.949636415097828, "lat": 18.987585339561651 }, "geometry": { "type": "Polygon", "coordinates": [ [ [ 72.952011596289864, 18.985339561624173 ], [ 72.952011596289864, 18.989831117499129 ], [ 72.947261233905806, 18.989831117499129 ], [ 72.947261233905806, 18.985339561624173 ], [ 72.952011596289864, 18.985339561624173 ] ] ] } },
{ "type": "Feature", "properties": { "cell_id": 640, "lon": 72.802375181192019, "lat": 18.992076895436607 }, "geometry": { "type": "Polygon", "coordinates": [ [ [ 72.804750362384056, 18.989831117499129 ], [ 72.804750362384056, 18.994322673374086 ], [ 72.8, 18.994322673374086 ], [ 72.8, 18.989831117499129 ], [ 72.804750362384056, 18.989831117499129 ] ] ] } },
{ "type": "Feature", "properties": { "cell_id": 641, "lon": 72.807125543576078, "lat": 18.992076895436607 }, "geometry": { "type": "Polygon", "coordinates": [ [ [ 72.809500724768114, 18.989831117499129 ], [ 72.809500724768114, 18.994322673374086 ], [ 72.804750362384056, 18.994322673374086 ], [ 72.804750362384056, 18.989831117499129 ], [ 72.809500724768114, 18.989831117499129 ] ] ] } },
{ "type": "Feature", "properties": { "cell_id": 642, "lon": 72.811875905960136, "lat": 18.992076895436607 }, "geometry": { "type": "Polygon", "coordinates": [ [ [ 72.814251087152172, 18.989831117499129 ], [ 72.814251087152172, 18.994322673374086 ], [ 72.809500724768114, 18.994322673374086 ], [ 72.809500724768114, 18.989831117499129 ], [ 72.814251087152172, 18.989831117499129 ] ] ] } },
{ "type": "Feature", "properties": { "cell_id": 643, "lon": 72.816626268344194, "lat": 18.992076895436607 }, "geometry": { "type": "Polygon", "coordinates": [ [ [ 72.819001449536231, 18.989831117499129 ], [ 72.819001449536231, 18.994322673374086 ], [ 72.814251087152172, 18.994322673374086 ], [ 72.814251087152172, 18.989831117499129 ], [ 72.819001449536231, 18.989831117499129 ] ] ] } },
{ "type": "Feature", "properties": { "cell_id": 644, "lon": 72.821376630728253, "lat": 18.992076895436607 }, "geometry": { "type": "Polygon", "coordinates": [ [ [ 72.823751811920289, 18.989831117499129 ], [ 72.823751811920289, 18.994322673374086 ], [ 72.819001449536231, 18.994322673374086 ], [ 72.819001449536231, 18.989831117499129 ], [ 72.823751811920289, 18.989831117499129 ] ] ] } },
{ "type": "Feature", "properties": { "cell_id": 645, "lon": 72.826126993112311, "lat": 18.992076895436607 }, "geometry": { "type": "Polygon", "coordinates": [ [ [ 72.828502174304347, 18.989831117499129 ], [ 72.828502174304347, 18.994322673374086 ], [ 72.823751811920289, 18.994322673374086 ], [ 72.823751811920289, 18.989831117499129 ], [ 72.828502174304347, 18.989831117499129 ] ] ] } },
{ "type": "Feature", "properties": { "cell_id": 646, "lon": 72.830877355496369, "lat": 18.992076895436607 }, "geometry": { "type": "Polygon", "coordinates": [ [ [ 72.833252536688406, 18.989831117499129 ], [ 72.833252536688406, 18.994322673374086 ], [ 72.828502174304347, 18.994322673374086 ], [ 72.828502174304347, 18.989831117499129 ], [ 72.833252536688406, 18.989831117499129 ] ] ] } },
{ "type": "Feature", "properties": { "cell_id": 647, "lon": 72.835627717880428, "lat": 18.992076895436607 }, "geometry": { "type": "Polygon", "coordinates": [ [ [ 72.838002899072464, 18.989831117499129 ], [ 72.838002899072464, 18.994322673374086 ], [ 72.833252536688406, 18.994322673374086 ], [ 72.833252536688406, 18.989831117499129 ], [ 72.838002899072464, 18.989831117499129 ] ] ] } },
{ "type": "Feature", "properties": { "cell_id": 648, "lon": 72.840378080264486, "lat": 18.992076895436607 }, "geometry": { "type": "Polygon", "coordinates": [ [ [ 72.842753261456522, 18.989831117499129 ], [ 72.842753261456522, 18.994322673374086 ], [ 72.838002899072464, 18.994322673374086 ], [ 72.838002899072464, 18.989831117499129 ], [ 72.842753261456522, 18.989831117499129 ] ] ] } },
{ "type": "Feature", "properties": { "cell_id": 649, "lon": 72.845128442648544, "lat": 18.992076895436607 }, "geometry": { "type": "Polygon", "coordinates": [ [ [ 72.847503623840581, 18.989831117499129 ], [ 72.847503623840581, 18.994322673374086 ], [ 72.842753261456522, 18.994322673374086 ], [ 72.842753261456522, 18.989831117499129 ], [ 72.847503623840581, 18.989831117499129 ] ] ] } },
{ "type": "Feature", "properties": { "cell_id": 650, "lon": 72.849878805032603, "lat": 18.992076895436607 }, "geometry": { "type": "Polygon", "coordinates": [ [ [ 72.852253986224639, 18.989831117499129 ], [ 72.852253986224639, 18.994322673374086 ], [ 72.847503623840581, 18.994322673374086 ], [ 72.847503623840581, 18.989831117499129 ], [ 72.852253986224639, 18.989831117499129 ] ] ] } },
{ "type": "Feature", "properties": { "cell_id": 651, "lon": 72.854629167416661, "lat": 18.992076895436607 }, "geometry": { "type": "Polygon", "coordinates": [ [ [ 72.857004348608697, 18.989831117499129 ], [ 72.857004348608697, 18.994322673374086 ], [ 72.852253986224639, 18.994322673374086 ], [ 72.852253986224639, 18.989831117499129 ], [ 72.857004348608697, 18.989831117499129 ] ] ] } },
{ "type": "Feature", "properties": { "cell_id": 652, "lon": 72.859379529800719, "lat": 18.992076895436607 }, "geometry": { "type": "Polygon", "coordinates": [ [ [ 72.861754710992756, 18.989831117499129 ], [ 72.861754710992756, 18.994322673374086 ], [ 72.857004348608697, 18.994322673374086 ], [ 72.857004348608697, 18.989831117499129 ], [ 72.861754710992756, 18.989831117499129 ] ] ] } },
{ "type": "Feature", "properties": { "cell_id": 653, "lon": 72.864129892184778, "lat": 18.992076895436607 }, "geometry": { "type": "Polygon", "coordinates": [ [ [ 72.866505073376814, 18.989831117499129 ], [ 72.866505073376814, 18.994322673374086 ], [ 72.861754710992756, 18.994322673374086 ], [ 72.861754710992756, 18.989831117499129 ], [ 72.866505073376814, 18.989831117499129 ] ] ] } },
{ "type": "Feature", "properties": { "cell_id": 654, "lon": 72.868880254568836, "lat": 18.992076895436607 }, "geometry": { "type": "Polygon", "coordinates": [ [ [ 72.871255435760872, 18.989831117499129 ], [ 72.871255435760872, 18.994322673374086 ], [ 72.866505073376814, 18.994322673374086 ], [ 72.866505073376814, 18.989831117499129 ], [ 72.871255435760872, 18.989831117499129 ] ] ] } },
{ "type": "Feature", "properties": { "cell_id": 655, "lon": 72.873630616952894, "lat": 18.992076895436607 }, "geometry": { "type": "Polygon", "coordinates": [ [ [ 72.876005798144931, 18.989831117499129 ], [ 72.876005798144931, 18.994322673374086 ], [ 72.871255435760872, 18.994322673374086 ], [ 72.871255435760872, 18.989831117499129 ], [ 72.876005798144931, 18.989831117499129 ] ] ] } },
{ "type": "Feature", "properties": { "cell_id": 656, "lon": 72.878380979336953, "lat": 18.992076895436607 }, "geometry": { "type": "Polygon", "coordinates": [ [ [ 72.880756160528989, 18.989831117499129 ], [ 72.880756160528989, 18.994322673374086 ], [ 72.876005798144931, 18.994322673374086 ], [ 72.876005798144931, 18.989831117499129 ], [ 72.880756160528989, 18.989831117499129 ] ] ] } },
{ "type": "Feature", "properties": { "cell_id": 657, "lon": 72.883131341721011, "lat": 18.992076895436607 }, "geometry": { "type": "Polygon", "coordinates": [ [ [ 72.885506522913047, 18.989831117499129 ], [ 72.885506522913047, 18.994322673374086 ], [ 72.880756160528989, 18.994322673374086 ], [ 72.880756160528989, 18.989831117499129 ], [ 72.885506522913047, 18.989831117499129 ] ] ] } },
{ "type": "Feature", "properties": { "cell_id": 658, "lon": 72.88788170410507, "lat": 18.992076895436607 }, "geometry": { "type": "Polygon", "coordinates": [ [ [ 72.890256885297106, 18.989831117499129 ], [ 72.890256885297106, 18.994322673374086 ], [ 72.885506522913047, 18.994322673374086 ], [ 72.885506522913047, 18.989831117499129 ], [ 72.890256885297106, 18.989831117499129 ] ] ] } },
{ "type": "Feature", "properties": { "cell_id": 659, "lon": 72.892632066489128, "lat": 18.992076895436607 }, "geometry": { "type": "Polygon", "coordinates": [ [ [ 72.895007247681164, 18.989831117499129 ], [ 72.895007247681164, 18.994322673374086 ], [ 72.890256885297106, 18.994322673374086 ], [ 72.890256885297106, 18.989831117499129 ], [ 72.895007247681164, 18.989831117499129 ] ] ] } },
{ "type": "Feature", "properties": { "cell_id": 660, "lon": 72.897382428873186, "lat": 18.992076895436607 }, "geometry": { "type": "Polygon", "coordinates": [ [ [ 72.899757610065222, 18.989831117499129 ], [ 72.899757610065222, 18.994322673374086 ], [ 72.895007247681164, 18.994322673374086 ], [ 72.895007247681164, 18.989831117499129 ], [ 72.899757610065222, 18.989831117499129 ] ] ] } },
{ "type": "Feature", "properties": { "cell_id": 661, "lon": 72.902132791257245, "lat": 18.992076895436607 }, "geometry": { "type": "Polygon", "coordinates": [ [ [ 72.904507972449281, 18.989831117499129 ], [ 72.904507972449281, 18.994322673374086 ], [ 72.899757610065222, 18.994322673374086 ], [ 72.899757610065222, 18.989831117499129 ], [ 72.904507972449281, 18.989831117499129 ] ] ] } },
{ "type": "Feature", "properties": { "cell_id": 662, "lon": 72.906883153641303, "lat": 18.992076895436607 }, "geometry": { "type": "Polygon", "coordinates": [ [ [ 72.909258334833339, 18.989831117499129 ], [ 72.909258334833339, 18.994322673374086 ], [ 72.904507972449281, 18.994322673374086 ], [ 72.904507972449281, 18.989831117499129 ], [ 72.909258334833339, 18.989831117499129 ] ] ] } },
{ "type": "Feature", "properties": { "cell_id": 663, "lon": 72.911633516025361, "lat": 18.992076895436607 }, "geometry": { "type": "Polygon", "coordinates": [ [ [ 72.914008697217398, 18.989831117499129 ], [ 72.914008697217398, 18.994322673374086 ], [ 72.909258334833339, 18.994322673374086 ], [ 72.909258334833339, 18.989831117499129 ], [ 72.914008697217398, 18.989831117499129 ] ] ] } },
{ "type": "Feature", "properties": { "cell_id": 664, "lon": 72.91638387840942, "lat": 18.992076895436607 }, "geometry": { "type": "Polygon", "coordinates": [ [ [ 72.918759059601456, 18.989831117499129 ], [ 72.918759059601456, 18.994322673374086 ], [ 72.914008697217398, 18.994322673374086 ], [ 72.914008697217398, 18.989831117499129 ], [ 72.918759059601456, 18.989831117499129 ] ] ] } },
{ "type": "Feature", "properties": { "cell_id": 665, "lon": 72.921134240793478, "lat": 18.992076895436607 }, "geometry": { "type": "Polygon", "coordinates": [ [ [ 72.923509421985514, 18.989831117499129 ], [ 72.923509421985514, 18.994322673374086 ], [ 72.918759059601456, 18.994322673374086 ], [ 72.918759059601456, 18.989831117499129 ], [ 72.923509421985514, 18.989831117499129 ] ] ] } },
{ "type": "Feature", "properties": { "cell_id": 666, "lon": 72.925884603177536, "lat": 18.992076895436607 }, "geometry": { "type": "Polygon", "coordinates": [ [ [ 72.928259784369573, 18.989831117499129 ], [ 72.928259784369573, 18.994322673374086 ], [ 72.923509421985514, 18.994322673374086 ], [ 72.923509421985514, 18.989831117499129 ], [ 72.928259784369573, 18.989831117499129 ] ] ] } },
{ "type": "Feature", "properties": { "cell_id": 667, "lon": 72.930634965561595, "lat": 18.992076895436607 }, "geometry": { "type": "Polygon", "coordinates": [ [ [ 72.933010146753631, 18.989831117499129 ], [ 72.933010146753631, 18.994322673374086 ], [ 72.928259784369573, 18.994322673374086 ], [ 72.928259784369573, 18.989831117499129 ], [ 72.933010146753631, 18.989831117499129 ] ] ] } },
{ "type": "Feature", "properties": { "cell_id": 668, "lon": 72.935385327945653, "lat": 18.992076895436607 }, "geometry": { "type": "Polygon", "coordinates": [ [ [ 72.937760509137689, 18.989831117499129 ], [ 72.937760509137689, 18.994322673374086 ], [ 72.933010146753631, 18.994322673374086 ], [ 72.933010146753631, 18.989831117499129 ], [ 72.937760509137689, 18.989831117499129 ] ] ] } },
{ "type": "Feature", "properties": { "cell_id": 669, "lon": 72.940135690329711, "lat": 18.992076895436607 }, "geometry": { "type": "Polygon", "coordinates": [ [ [ 72.942510871521748, 18.989831117499129 ], [ 72.942510871521748, 18.994322673374086 ], [ 72.937760509137689, 18.994322673374086 ], [ 72.937760509137689, 18.989831117499129 ], [ 72.942510871521748, 18.989831117499129 ] ] ] } },
{ "type": "Feature", "properties": { "cell_id": 670, "lon": 72.94488605271377, "lat": 18.992076895436607 }, "geometry": { "type": "Polygon", "coordinates": [ [ [ 72.947261233905806, 18.989831117499129 ], [ 72.947261233905806, 18.994322673374086 ], [ 72.942510871521748, 18.994322673374086 ], [ 72.942510871521748, 18.989831117499129 ], [ 72.947261233905806, 18.989831117499129 ] ] ] } },
{ "type": "Feature", "properties": { "cell_id": 671, "lon": 72.949636415097828, "lat": 18.992076895436607 }, "geometry": { "type": "Polygon", "coordinates": [ [ [ 72.952011596289864, 18.989831117499129 ], [ 72.952011596289864, 18.994322673374086 ], [ 72.947261233905806, 18.994322673374086 ], [ 72.947261233905806, 18.989831117499129 ], [ 72.952011596289864, 18.989831117499129 ] ] ] } },
{ "type": "Feature", "properties": { "cell_id": 672, "lon": 72.802375181192019, "lat": 18.996568451311564 }, "geometry": { "type": "Polygon", "coordinates": [ [ [ 72.804750362384056, 18.994322673374086 ], [ 72.804750362384056, 18.998814229249042 ], [ 72.8, 18.998814229249042 ], [ 72.8, 18.994322673374086 ], [ 72.804750362384056, 18.994322673374086 ] ] ] } },
{ "type": "Feature", "properties": { "cell_id": 673, "lon": 72.807125543576078, "lat": 18.996568451311564 }, "geometry": { "type": "Polygon", "coordinates": [ [ [ 72.809500724768114, 18.994322673374086 ], [ 72.809500724768114, 18.998814229249042 ], [ 72.804750362384056, 18.998814229249042 ], [ 72.804750362384056, 18.994322673374086 ], [ 72.809500724768114, 18.994322673374086 ] ] ] } },
{ "type": "Feature", "properties": { "cell_id": 674, "lon": 72.811875905960136, "lat": 18.996568451311564 }, "geometry": { "type": "Polygon", "coordinates": [ [ [ 72.814251087152172, 18.994322673374086 ], [ 72.814251087152172, 18.998814229249042 ], [ 72.809500724768114, 18.998814229249042 ], [ 72.809500724768114, 18.994322673374086 ], [ 72.814251087152172, 18.994322673374086 ] ] ] } },
{ "type": "Feature", "properties": { "cell_id": 675, "lon": 72.816626268344194, "lat": 18.996568451311564 }, "geometry": { "type": "Polygon", "coordinates": [ [ [ 72.819001449536231, 18.994322673374086 ], [ 72.819001449536231, 18.998814229249042 ], [ 72.814251087152172, 18.998814229249042 ], [ 72.814251087152172, 18.994322673374086 ], [ 72.819001449536231, 18.994322673374086 ] ] ] } },
{ "type": "Feature", "properties": { "cell_id": 676, "lon": 72.821376630728253, "lat": 18.996568451311564 }, "geometry": { "type": "Polygon", "coordinates": [ [ [ 72.823751811920289, 18.994322673374086 ], [ 72.823751811920289, 18.998814229249042 ], [ 72.819001449536231, 18.998814229249042 ], [ 72.819001449536231, 18.994322673374086 ], [ 72.823751811920289, 18.994322673374086 ] ] ] } },
{ "type": "Feature", "properties": { "cell_id": 677, "lon": 72.826126993112311, "lat": 18.996568451311564 }, "geometry": { "type": "Polygon", "coordinates": [ [ [ 72.828502174304347, 18.994322673374086 ], [ 72.828502174304347, 18.998814229249042 ], [ 72.823751811920289, 18.998814229249042 ], [ 72.823751811920289, 18.994322673374086 ], [ 72.828502174304347, 18.994322673374086 ] ] ] } },
{ "type": "Feature", "properties": { "cell_id": 678, "lon": 72.830877355496369, "lat": 18.996568451311564 }, "geometry": { "type": "Polygon", "coordinates": [ [ [ 72.833252536688406, 18.994322673374086 ], [ 72.833252536688406, 18.998814229249042 ], [ 72.828502174304347, 18.998814229249042 ], [ 72.828502174304347, 18.994322673374086 ], [ 72.833252536688406, 18.994322673374086 ] ] ] } },
{ "type": "Feature", "properties": { "cell_id": 679, "lon": 72.835627717880428, "lat": 18.996568451311564 }, "geometry": { "type": "Polygon", "coordinates": [ [ [ 72.838002899072464, 18.994322673374086 ], [ 72.838002899072464, 18.998814229249042 ], [ 72.833252536688406, 18.998814229249042 ], [ 72.833252536688406, 18.994322673374086 ], [ 72.838002899072464, 18.994322673374086 ] ] ] } },
{ "type": "Feature", "properties": { "cell_id": 680, "lon": 72.840378080264486, "lat": 18.996568451311564 }, "geometry": { "type": "Polygon", "coordinates": [ [ [ 72.842753261456522, 18.994322673374086 ], [ 72.842753261456522, 18.998814229249042 ], [ 72.838002899072464, 18.998814229249042 ], [ 72.838002899072464, 18.994322673374086 ], [ 72.842753261456522, 18.994322673374086 ] ] ] } },
{ "type": "Feature", "properties": { "cell_id": 681, "lon": 72.845128442648544, "lat": 18.996568451311564 }, "geometry": { "type": "Polygon", "coordinates": [ [ [ 72.847503623840581, 18.994322673374086 ], [ 72.847503623840581, 18.998814229249042 ], [ 72.842753261456522, 18.998814229249042 ], [ 72.842753261456522, 18.994322673374086 ], [ 72.847503623840581, 18.994322673374086 ] ] ] } },
{ "type": "Feature", "properties": { "cell_id": 682, "lon": 72.849878805032603, "lat": 18.996568451311564 }, "geometry": { "type": "Polygon", "coordinates": [ [ [ 72.852253986224639, 18.994322673374086 ], [ 72.852253986224639, 18.998814229249042 ], [ 72.847503623840581, 18.998814229249042 ], [ 72.847503623840581, 18.994322673374086 ], [ 72.852253986224639, 18.994322673374086 ] ] ] } },
{ "type": "Feature", "properties": { "cell_id": 683, "lon": 72.854629167416661, "lat": 18.996568451311564 }, "geometry": { "type": "Polygon", "coordinates": [ [ [ 72.857004348608697, 18.994322673374086 ], [ 72.857004348608697, 18.998814229249042 ], [ 72.852253986224639, 18.998814229249042 ], [ 72.852253986224639, 18.994322673374086 ], [ 72.857004348608697, 18.994322673374086 ] ] ] } },
{ "type": "Feature", "properties": { "cell_id": 684, "lon": 72.859379529800719, "lat": 18.996568451311564 }, "geometry": { "type": "Polygon", "coordinates": [ [ [ 72.861754710992756, 18.994322673374086 ], [ 72.861754710992756, 18.998814229249042 ], [ 72.857004348608697, 18.998814229249042 ], [ 72.857004348608697, 18.994322673374086 ], [ 72.861754710992756, 18.994322673374086 ] ] ] } },
{ "type": "Feature", "properties": { "cell_id": 685, "lon": 72.864129892184778, "lat": 18.996568451311564 }, "geometry": { "type": "Polygon", "coordinates": [ [ [ 72.866505073376814, 18.994322673374086 ], [ 72.866505073376814, 18.998814229249042 ], [ 72.861754710992756, 18.998814229249042 ], [ 72.861754710992756, 18.994322673374086 ], [ 72.866505073376814, 18.994322673374086 ] ] ] } },
{ "type": "Feature", "properties": { "cell_id": 686, "lon": 72.868880254568836, "lat": 18.996568451311564 }, "geometry": { "type": "Polygon", "coordinates": [ [ [ 72.871255435760872, 18.994322673374086 ], [ 72.871255435760872, 18.998814229249042 ], [ 72.866505073376814, 18.998814229249042 ], [ 72.866505073376814, 18.994322673374086 ], [ 72.871255435760872, 18.994322673374086 ] ] ] } },
{ "type": "Feature", "properties": { "cell_id": 687, "lon": 72.873630616952894, "lat": 18.996568451311564 }, "geometry": { "type": "Polygon", "coordinates": [ [ [ 72.876005798144931, 18.994322673374086 ], [ 72.876005798144931, 18.998814229249042 ], [ 72.871255435760872, 18.998814229249042 ], [ 72.871255435760872, 18.994322673374086 ], [ 72.876005798144931, 18.994322673374086 ] ] ] } },
{ "type": "Feature", "properties": { "cell_id": 688, "lon": 72.878380979336953, "lat": 18.996568451311564 }, "geometry": { "type": "Polygon", "coordinates": [ [ [ 72.880756160528989, 18.994322673374086 ], [ 72.880756160528989, 18.998814229249042 ], [ 72.876005798144931, 18.998814229249042 ], [ 72.876005798144931, 18.994322673374086 ], [ 72.880756160528989, 18.994322673374086 ] ] ] } },
{ "type": "Feature", "properties": { "cell_id": 689, "lon": 72.883131341721011, "lat": 18.996568451311564 }, "geometry": { "type": "Polygon", "coordinates": [ [ [ 72.885506522913047, 18.994322673374086 ], [ 72.885506522913047, 18.998814229249042 ], [ 72.880756160528989, 18.998814229249042 ], [ 72.880756160528989, 18.994322673374086 ], [ 72.885506522913047, 18.994322673374086 ] ] ] } },
{ "type": "Feature", "properties": { "cell_id": 690, "lon": 72.88788170410507, "lat": 18.996568451311564 }, "geometry": { "type": "Polygon", "coordinates": [ [ [ 72.890256885297106, 18.994322673374086 ], [ 72.890256885297106, 18.998814229249042 ], [ 72.885506522913047, 18.998814229249042 ], [ 72.885506522913047, 18.994322673374086 ], [ 72.890256885297106, 18.994322673374086 ] ] ] } },
{ "type": "Feature", "properties": { "cell_id": 691, "lon": 72.892632066489128, "lat": 18.996568451311564 }, "geometry": { "type": "Polygon", "coordinates": [ [ [ 72.895007247681164, 18.994322673374086 ], [ 72.895007247681164, 18.998814229249042 ], [ 72.890256885297106, 18.998814229249042 ], [ 72.890256885297106, 18.994322673374086 ], [ 72.895007247681164, 18.994322673374086 ] ] ] } },
{ "type": "Feature", "properties": { "cell_id": 692, "lon": 72.897382428873186, "lat": 18.996568451311564 }, "geometry": { "type": "Polygon", "coordinates": [ [ [ 72.899757610065222, 18.994322673374086 ], [ 72.899757610065222, 18.998814229249042 ], [ 72.895007247681164, 18.998814229249042 ], [ 72.895007247681164, 18.994322673374086 ], [ 72.899757610065222, 18.994322673374086 ] ] ] } },
{ "type": "Feature", "properties": { "cell_id": 693, "lon": 72.902132791257245, "lat": 18.996568451311564 }, "geometry": { "type": "Polygon", "coordinates": [ [ [ 72.904507972449281, 18.994322673374086 ], [ 72.904507972449281, 18.998814229249042 ], [ 72.899757610065222, 18.998814229249042 ], [ 72.899757610065222, 18.994322673374086 ], [ 72.904507972449281, 18.994322673374086 ] ] ] } },
{ "type": "Feature", "properties": { "cell_id": 694, "lon": 72.906883153641303, "lat": 18.996568451311564 }, "geometry": { "type": "Polygon", "coordinates": [ [ [ 72.909258334833339, 18.994322673374086 ], [ 72.909258334833339, 18.998814229249042 ], [ 72.904507972449281, 18.998814229249042 ], [ 72.904507972449281, 18.994322673374086 ], [ 72.909258334833339, 18.994322673374086 ] ] ] } },
{ "type": "Feature", "properties": { "cell_id": 695, "lon": 72.911633516025361, "lat": 18.996568451311564 }, "geometry": { "type": "Polygon", "coordinates": [ [ [ 72.914008697217398, 18.994322673374086 ], [ 72.914008697217398, 18.998814229249042 ], [ 72.909258334833339, 18.998814229249042 ], [ 72.909258334833339, 18.994322673374086 ], [ 72.914008697217398, 18.994322673374086 ] ] ] } },
{ "type": "Feature", "properties": { "cell_id": 696, "lon": 72.91638387840942, "lat": 18.996568451311564 }, "geometry": { "type": "Polygon", "coordinates": [ [ [ 72.918759059601456, 18.994322673374086 ], [ 72.918759059601456, 18.998814229249042 ], [ 72.914008697217398, 18.998814229249042 ], [ 72.914008697217398, 18.994322673374086 ], [ 72.918759059601456, 18.994322673374086 ] ] ] } },
{ "type": "Feature", "properties": { "cell_id": 697, "lon": 72.921134240793478, "lat": 18.996568451311564 }, "geometry": { "type": "Polygon", "coordinates": [ [ [ 72.923509421985514, 18.994322673374086 ], [ 72.923509421985514, 18.998814229249042 ], [ 72.918759059601456, 18.998814229249042 ], [ 72.918759059601456, 18.994322673374086 ], [ 72.923509421985514, 18.994322673374086 ] ] ] } },
{ "type": "Feature", "properties": { "cell_id": 698, "lon": 72.925884603177536, "lat": 18.996568451311564 }, "geometry": { "type": "Polygon", "coordinates": [ [ [ 72.928259784369573, 18.994322673374086 ], [ 72.928259784369573, 18.998814229249042 ], [ 72.923509421985514, 18.998814229249042 ], [ 72.923509421985514, 18.994322673374086 ], [ 72.928259784369573, 18.994322673374086 ] ] ] } },
{ "type": "Feature", "properties": { "cell_id": 699, "lon": 72.930634965561595, "lat": 18.996568451311564 }, "geometry": { "type": "Polygon", "coordinates": [ [ [ 72.933010146753631, 18.994322673374086 ], [ 72.933010146753631, 18.998814229249042 ], [ 72.928259784369573, 18.998814229249042 ], [ 72.928259784369573, 18.994322673374086 ], [ 72.933010146753631, 18.994322673374086 ] ] ] } },
{ "type": "Feature", "properties": { "cell_id": 700, "lon": 72.935385327945653, "lat": 18.996568451311564 }, "geometry": { "type": "Polygon", "coordinates": [ [ [ 72.937760509137689, 18.994322673374086 ], [ 72.937760509137689, 18.998814229249042 ], [ 72.933010146753631, 18.998814229249042 ], [ 72.933010146753631, 18.994322673374086 ], [ 72.937760509137689, 18.994322673374086 ] ] ] } },
{ "type": "Feature", "properties": { "cell_id": 701, "lon": 72.940135690329711, "lat": 18.996568451311564 }, "geometry": { "type": "Polygon", "coordinates": [ [ [ 72.942510871521748, 18.994322673374086 ], [ 72.942510871521748, 18.998814229249042 ], [ 72.937760509137689, 18.998814229249042 ], [ 72.937760509137689, 18.994322673374086 ], [ 72.942510871521748, 18.994322673374086 ] ] ] } },
{ "type": "Feature", "properties": { "cell_id": 702, "lon": 72.94488605271377, "lat": 18.996568451311564 }, "geometry": { "type": "Polygon", "coordinates": [ [ [ 72.947261233905806, 18.994322673374086 ], [ 72.947261233905806, 18.998814229249042 ], [ 72.942510871521748, 18.998814229249042 ], [ 72.942510871521748, 18.994322673374086 ], [ 72.947261233905806, 18.994322673374086 ] ] ] } },
{ "type": "Feature", "properties": { "cell_id": 703, "lon": 72.949636415097828, "lat": 18.996568451311564 }, "geometry": { "type": "Polygon", "coordinates": [ [ [ 72.952011596289864, 18.994322673374086 ], [ 72.952011596289864, 18.998814229249042 ], [ 72.947261233905806, 18.998814229249042 ], [ 72.947261233905806, 18.994322673374086 ], [ 72.952011596289864, 18.994322673374086 ] ] ] } },
{ "type": "Feature", "properties": { "cell_id": 704, "lon": 72.802375181192019, "lat": 19.001060007186521 }, "geometry": { "type": "Polygon", "coordinates": [ [ [ 72.804750362384056, 18.998814229249042 ], [ 72.804750362384056, 19.003305785123999 ], [ 72.8, 19.003305785123999 ], [ 72.8, 18.998814229249042 ], [ 72.804750362384056, 18.998814229249042 ] ] ] } },
{ "type": "Feature", "properties": { "cell_id": 705, "lon": 72.807125543576078, "lat": 19.001060007186521 }, "geometry": { "type": "Polygon", "coordinates": [ [ [ 72.809500724768114, 18.998814229249042 ], [ 72.809500724768114, 19.003305785123999 ], [ 72.804750362384056, 19.003305785123999 ], [ 72.804750362384056, 18.998814229249042 ], [ 72.809500724768114, 18.998814229249042 ] ] ] } },
{ "type": "Feature", "properties": { "cell_id": 706, "lon": 72.811875905960136, "lat": 19.001060007186521 }, "geometry": { "type": "Polygon", "coordinates": [ [ [ 72.814251087152172, 18.998814229249042 ], [ 72.814251087152172, 19.003305785123999 ], [ 72.809500724768114, 19.003305785123999 ], [ 72.809500724768114, 18.998814229249042 ], [ 72.814251087152172, 18.998814229249042 ] ] ] } },
{ "type": "Feature", "properties": { "cell_id": 707, "lon": 72.816626268344194, "lat": 19.001060007186521 }, "geometry": { "type": "Polygon", "coordinates": [ [ [ 72.819001449536231, 18.998814229249042 ], [ 72.819001449536231, 19.003305785123999 ], [ 72.814251087152172, 19.003305785123999 ], [ 72.814251087152172, 18.998814229249042 ], [ 72.819001449536231, 18.998814229249042 ] ] ] } },
{ "type": "Feature", "properties": { "cell_id": 708, "lon": 72.821376630728253, "lat": 19.001060007186521 }, "geometry": { "type": "Polygon", "coordinates": [ [ [ 72.823751811920289, 18.998814229249042 ], [ 72.823751811920289, 19.003305785123999 ], [ 72.819001449536231, 19.003305785123999 ], [ 72.819001449536231, 18.998814229249042 ], [ 72.823751811920289, 18.998814229249042 ] ] ] } },
{ "type": "Feature", "properties": { "cell_id": 709, "lon": 72.826126993112311, "lat": 19.001060007186521 }, "geometry": { "type": "Polygon", "coordinates": [ [ [ 72.828502174304347, 18.998814229249042 ], [ 72.828502174304347, 19.003305785123999 ], [ 72.823751811920289, 19.003305785123999 ], [ 72.823751811920289, 18.998814229249042 ], [ 72.828502174304347, 18.998814229249042 ] ] ] } },
{ "type": "Feature", "properties": { "cell_id": 710, "lon": 72.830877355496369, "lat": 19.001060007186521 }, "geometry": { "type": "Polygon", "coordinates": [ [ [ 72.833252536688406, 18.998814229249042 ], [ 72.833252536688406, 19.003305785123999 ], [ 72.828502174304347, 19.003305785123999 ], [ 72.828502174304347, 18.998814229249042 ], [ 72.833252536688406, 18.998814229249042 ] ] ] } },
{ "type": "Feature", "properties": { "cell_id": 711, "lon": 72.835627717880428, "lat": 19.001060007186521 }, "geometry": { "type": "Polygon", "coordinates": [ [ [ 72.838002899072464, 18.998814229249042 ], [ 72.838002899072464, 19.003305785123999 ], [ 72.833252536688406, 19.003305785123999 ], [ 72.833252536688406, 18.998814229249042 ], [ 72.838002899072464, 18.998814229249042 ] ] ] } },
{ "type": "Feature", "properties": { "cell_id": 712, "lon": 72.840378080264486, "lat": 19.001060007186521 }, "geometry": { "type": "Polygon", "coordinates": [ [ [ 72.842753261456522, 18.998814229249042 ], [ 72.842753261456522, 19.003305785123999 ], [ 72.838002899072464, 19.003305785123999 ], [ 72.838002899072464, 18.998814229249042 ], [ 72.842753261456522, 18.998814229249042 ] ] ] } },
{ "type": "Feature", "properties": { "cell_id": 713, "lon": 72.845128442648544, "lat": 19.001060007186521 }, "geometry": { "type": "Polygon", "coordinates": [ [ [ 72.847503623840581, 18.998814229249042 ], [ 72.847503623840581, 19.003305785123999 ], [ 72.842753261456522, 19.003305785123999 ], [ 72.842753261456522, 18.998814229249042 ], [ 72.847503623840581, 18.998814229249042 ] ] ] } },
{ "type": "Feature", "properties": { "cell_id": 714, "lon": 72.849878805032603, "lat": 19.001060007186521 }, "geometry": { "type": "Polygon", "coordinates": [ [ [ 72.852253986224639, 18.998814229249042 ], [ 72.852253986224639, 19.003305785123999 ], [ 72.847503623840581, 19.003305785123999 ], [ 72.847503623840581, 18.998814229249042 ], [ 72.852253986224639, 18.998814229249042 ] ] ] } },
{ "type": "Feature", "properties": { "cell_id": 715, "lon": 72.854629167416661, "lat": 19.001060007186521 }, "geometry": { "type": "Polygon", "coordinates": [ [ [ 72.857004348608697, 18.998814229249042 ], [ 72.857004348608697, 19.003305785123999 ], [ 72.852253986224639, 19.003305785123999 ], [ 72.852253986224639, 18.998814229249042 ], [ 72.857004348608697, 18.998814229249042 ] ] ] } },
{ "type": "Feature", "properties": { "cell_id": 716, "lon": 72.859379529800719, "lat": 19.001060007186521 }, "geometry": { "type": "Polygon", "coordinates": [ [ [ 72.861754710992756, 18.998814229249042 ], [ 72.861754710992756, 19.003305785123999 ], [ 72.857004348608697, 19.003305785123999 ], [ 72.857004348608697, 18.998814229249042 ], [ 72.861754710992756, 18.998814229249042 ] ] ] } },
{ "type": "Feature", "properties": { "cell_id": 717, "lon": 72.864129892184778, "lat": 19.001060007186521 }, "geometry": { "type": "Polygon", "coordinates": [ [ [ 72.866505073376814, 18.998814229249042 ], [ 72.866505073376814, 19.003305785123999 ], [ 72.861754710992756, 19.003305785123999 ], [ 72.861754710992756, 18.998814229249042 ], [ 72.866505073376814, 18.998814229249042 ] ] ] } },
{ "type": "Feature", "properties": { "cell_id": 718, "lon": 72.868880254568836, "lat": 19.001060007186521 }, "geometry": { "type": "Polygon", "coordinates": [ [ [ 72.871255435760872, 18.998814229249042 ], [ 72.871255435760872, 19.003305785123999 ], [ 72.866505073376814, 19.003305785123999 ], [ 72.866505073376814, 18.998814229249042 ], [ 72.871255435760872, 18.998814229249042 ] ] ] } },
{ "type": "Feature", "properties": { "cell_id": 719, "lon": 72.873630616952894, "lat": 19.001060007186521 }, "geometry": { "type": "Polygon", "coordinates": [ [ [ 72.876005798144931, 18.998814229249042 ], [ 72.876005798144931, 19.003305785123999 ], [ 72.871255435760872, 19.003305785123999 ], [ 72.871255435760872, 18.998814229249042 ], [ 72.876005798144931, 18.998814229249042 ] ] ] } },
{ "type": "Feature", "properties": { "cell_id": 720, "lon": 72.878380979336953, "lat": 19.001060007186521 }, "geometry": { "type": "Polygon", "coordinates": [ [ [ 72.880756160528989, 18.998814229249042 ], [ 72.880756160528989, 19.003305785123999 ], [ 72.876005798144931, 19.003305785123999 ], [ 72.876005798144931, 18.998814229249042 ], [ 72.880756160528989, 18.998814229249042 ] ] ] } },
{ "type": "Feature", "properties": { "cell_id": 721, "lon": 72.883131341721011, "lat": 19.001060007186521 }, "geometry": { "type": "Polygon", "coordinates": [ [ [ 72.885506522913047, 18.998814229249042 ], [ 72.885506522913047, 19.003305785123999 ], [ 72.880756160528989, 19.003305785123999 ], [ 72.880756160528989, 18.998814229249042 ], [ 72.885506522913047, 18.998814229249042 ] ] ] } },
{ "type": "Feature", "properties": { "cell_id": 722, "lon": 72.88788170410507, "lat": 19.001060007186521 }, "geometry": { "type": "Polygon", "coordinates": [ [ [ 72.890256885297106, 18.998814229249042 ], [ 72.890256885297106, 19.003305785123999 ], [ 72.885506522913047, 19.003305785123999 ], [ 72.885506522913047, 18.998814229249042 ], [ 72.890256885297106, 18.998814229249042 ] ] ] } },
{ "type": "Feature", "properties": { "cell_id": 723, "lon": 72.892632066489128, "lat": 19.001060007186521 }, "geometry": { "type": "Polygon", "coordinates": [ [ [ 72.895007247681164, 18.998814229249042 ], [ 72.895007247681164, 19.003305785123999 ], [ 72.890256885297106, 19.003305785123999 ], [ 72.890256885297106, 18.998814229249042 ], [ 72.895007247681164, 18.998814229249042 ] ] ] } },
{ "type": "Feature", "properties": { "cell_id": 724, "lon": 72.897382428873186, "lat": 19.001060007186521 }, "geometry": { "type": "Polygon", "coordinates": [ [ [ 72.899757610065222, 18.998814229249042 ], [ 72.899757610065222, 19.003305785123999 ], [ 72.895007247681164, 19.003305785123999 ], [ 72.895007247681164, 18.998814229249042 ], [ 72.899757610065222, 18.998814229249042 ] ] ] } },
{ "type": "Feature", "properties": { "cell_id": 725, "lon": 72.902132791257245, "lat": 19.001060007186521 }, "geometry": { "type": "Polygon", "coordinates": [ [ [ 72.904507972449281, 18.998814229249042 ], [ 72.904507972449281, 19.003305785123999 ], [ 72.899757610065222, 19.003305785123999 ], [ 72.899757610065222, 18.998814229249042 ], [ 72.904507972449281, 18.998814229249042 ] ] ] } },
{ "type": "Feature", "properties": { "cell_id": 726, "lon": 72.906883153641303, "lat": 19.001060007186521 }, "geometry": { "type": "Polygon", "coordinates": [ [ [ 72.909258334833339, 18.998814229249042 ], [ 72.909258334833339, 19.003305785123999 ], [ 72.904507972449281, 19.003305785123999 ], [ 72.904507972449281, 18.998814229249042 ], [ 72.909258334833339, 18.998814229249042 ] ] ] } },
{ "type": "Feature", "properties": { "cell_id": 727, "lon": 72.911633516025361, "lat": 19.001060007186521 }, "geometry": { "type": "Polygon", "coordinates": [ [ [ 72.914008697217398, 18.998814229249042 ], [ 72.914008697217398, 19.003305785123999 ], [ 72.909258334833339, 19.003305785123999 ], [ 72.909258334833339, 18.998814229249042 ], [ 72.914008697217398, 18.998814229249042 ] ] ] } },
{ "type": "Feature", "properties": { "cell_id": 728, "lon": 72.91638387840942, "lat": 19.001060007186521 }, "geometry": { "type": "Polygon", "coordinates": [ [ [ 72.918759059601456, 18.998814229249042 ], [ 72.918759059601456, 19.003305785123999 ], [ 72.914008697217398, 19.003305785123999 ], [ 72.914008697217398, 18.998814229249042 ], [ 72.918759059601456, 18.998814229249042 ] ] ] } },
{ "type": "Feature", "properties": { "cell_id": 729, "lon": 72.921134240793478, "lat": 19.001060007186521 }, "geometry": { "type": "Polygon", "coordinates": [ [ [ 72.923509421985514, 18.998814229249042 ], [ 72.923509421985514, 19.003305785123999 ], [ 72.918759059601456, 19.003305785123999 ], [ 72.918759059601456, 18.998814229249042 ], [ 72.923509421985514, 18.998814229249042 ] ] ] } },
{ "type": "Feature", "properties": { "cell_id": 730, "lon": 72.925884603177536, "lat": 19.001060007186521 }, "geometry": { "type": "Polygon", "coordinates": [ [ [ 72.928259784369573, 18.998814229249042 ], [ 72.928259784369573, 19.003305785123999 ], [ 72.923509421985514, 19.003305785123999 ], [ 72.923509421985514, 18.998814229249042 ], [ 72.928259784369573, 18.998814229249042 ] ] ] } },
{ "type": "Feature", "properties": { "cell_id": 731, "lon": 72.930634965561595, "lat": 19.001060007186521 }, "geometry": { "type": "Polygon", "coordinates": [ [ [ 72.933010146753631, 18.998814229249042 ], [ 72.933010146753631, 19.003305785123999 ], [ 72.928259784369573, 19.003305785123999 ], [ 72.928259784369573, 18.998814229249042 ], [ 72.933010146753631, 18.998814229249042 ] ] ] } },
{ "type": "Feature", "properties": { "cell_id": 732, "lon": 72.935385327945653, "lat": 19.001060007186521 }, "geometry": { "type": "Polygon", "coordinates": [ [ [ 72.937760509137689, 18.998814229249042 ], [ 72.937760509137689, 19.003305785123999 ], [ 72.933010146753631, 19.003305785123999 ], [ 72.933010146753631, 18.998814229249042 ], [ 72.937760509137689, 18.998814229249042 ] ] ] } },
{ "type": "Feature", "properties": { "cell_id": 733, "lon": 72.940135690329711, "lat": 19.001060007186521 }, "geometry": { "type": "Polygon", "coordinates": [ [ [ 72.942510871521748, 18.998814229249042 ], [ 72.942510871521748, 19.003305785123999 ], [ 72.937760509137689, 19.003305785123999 ], [ 72.937760509137689, 18.998814229249042 ], [ 72.942510871521748, 18.998814229249042 ] ] ] } },
{ "type": "Feature", "properties": { "cell_id": 734, "lon": 72.94488605271377, "lat": 19.001060007186521 }, "geometry": { "type": "Polygon", "coordinates": [ [ [ 72.947261233905806, 18.998814229249042 ], [ 72.947261233905806, 19.003305785123999 ], [ 72.942510871521748, 19.003305785123999 ], [ 72.942510871521748, 18.998814229249042 ], [ 72.947261233905806, 18.998814229249042 ] ] ] } },
{ "type": "Feature", "properties": { "cell_id": 735, "lon": 72.949636415097828, "lat": 19.001060007186521 }, "geometry": { "type": "Polygon", "coordinates": [ [ [ 72.952011596289864, 18.998814229249042 ], [ 72.952011596289864, 19.003305785123999 ], [ 72.947261233905806, 19.003305785123999 ], [ 72.947261233905806, 18.998814229249042 ], [ 72.952011596289864, 18.998814229249042 ] ] ] } },
{ "type": "Feature", "properties": { "cell_id": 736, "lon": 72.802375181192019, "lat": 19.005551563061477 }, "geometry": { "type": "Polygon", "coordinates": [ [ [ 72.804750362384056, 19.003305785123999 ], [ 72.804750362384056, 19.007797340998955 ], [ 72.8, 19.007797340998955 ], [ 72.8, 19.003305785123999 ], [ 72.804750362384056, 19.003305785123999 ] ] ] } },
{ "type": "Feature", "properties": { "cell_id": 737, "lon": 72.807125543576078, "lat": 19.005551563061477 }, "geometry": { "type": "Polygon", "coordinates": [ [ [ 72.809500724768114, 19.003305785123999 ], [ 72.809500724768114, 19.007797340998955 ], [ 72.804750362384056, 19.007797340998955 ], [ 72.804750362384056, 19.003305785123999 ], [ 72.809500724768114, 19.003305785123999 ] ] ] } },
{ "type": "Feature", "properties": { "cell_id": 738, "lon": 72.811875905960136, "lat": 19.005551563061477 }, "geometry": { "type": "Polygon", "coordinates": [ [ [ 72.814251087152172, 19.003305785123999 ], [ 72.814251087152172, 19.007797340998955 ], [ 72.809500724768114, 19.007797340998955 ], [ 72.809500724768114, 19.003305785123999 ], [ 72.814251087152172, 19.003305785123999 ] ] ] } },
{ "type": "Feature", "properties": { "cell_id": 739, "lon": 72.816626268344194, "lat": 19.005551563061477 }, "geometry": { "type": "Polygon", "coordinates": [ [ [ 72.819001449536231, 19.003305785123999 ], [ 72.819001449536231, 19.007797340998955 ], [ 72.814251087152172, 19.007797340998955 ], [ 72.814251087152172, 19.003305785123999 ], [ 72.819001449536231, 19.003305785123999 ] ] ] } },
{ "type": "Feature", "properties": { "cell_id": 740, "lon": 72.821376630728253, "lat": 19.005551563061477 }, "geometry": { "type": "Polygon", "coordinates": [ [ [ 72.823751811920289, 19.003305785123999 ], [ 72.823751811920289, 19.007797340998955 ], [ 72.819001449536231, 19.007797340998955 ], [ 72.819001449536231, 19.003305785123999 ], [ 72.823751811920289, 19.003305785123999 ] ] ] } },
{ "type": "Feature", "properties": { "cell_id": 741, "lon": 72.826126993112311, "lat": 19.005551563061477 }, "geometry": { "type": "Polygon", "coordinates": [ [ [ 72.828502174304347, 19.003305785123999 ], [ 72.828502174304347, 19.007797340998955 ], [ 72.823751811920289, 19.007797340998955 ], [ 72.823751811920289, 19.003305785123999 ], [ 72.828502174304347, 19.003305785123999 ] ] ] } },
{ "type": "Feature", "properties": { "cell_id": 742, "lon": 72.830877355496369, "lat": 19.005551563061477 }, "geometry": { "type": "Polygon", "coordinates": [ [ [ 72.833252536688406, 19.003305785123999 ], [ 72.833252536688406, 19.007797340998955 ], [ 72.828502174304347, 19.007797340998955 ], [ 72.828502174304347, 19.003305785123999 ], [ 72.833252536688406, 19.003305785123999 ] ] ] } },
{ "type": "Feature", "properties": { "cell_id": 743, "lon": 72.835627717880428, "lat": 19.005551563061477 }, "geometry": { "type": "Polygon", "coordinates": [ [ [ 72.838002899072464, 19.003305785123999 ], [ 72.838002899072464, 19.007797340998955 ], [ 72.833252536688406, 19.007797340998955 ], [ 72.833252536688406, 19.003305785123999 ], [ 72.838002899072464, 19.003305785123999 ] ] ] } },
{ "type": "Feature", "properties": { "cell_id": 744, "lon": 72.840378080264486, "lat": 19.005551563061477 }, "geometry": { "type": "Polygon", "coordinates": [ [ [ 72.842753261456522, 19.003305785123999 ], [ 72.842753261456522, 19.007797340998955 ], [ 72.838002899072464, 19.007797340998955 ], [ 72.838002899072464, 19.003305785123999 ], [ 72.842753261456522, 19.003305785123999 ] ] ] } },
{ "type": "Feature", "properties": { "cell_id": 745, "lon": 72.845128442648544, "lat": 19.005551563061477 }, "geometry": { "type": "Polygon", "coordinates": [ [ [ 72.847503623840581, 19.003305785123999 ], [ 72.847503623840581, 19.007797340998955 ], [ 72.842753261456522, 19.007797340998955 ], [ 72.842753261456522, 19.003305785123999 ], [ 72.847503623840581, 19.003305785123999 ] ] ] } },
{ "type": "Feature", "properties": { "cell_id": 746, "lon": 72.849878805032603, "lat": 19.005551563061477 }, "geometry": { "type": "Polygon", "coordinates": [ [ [ 72.852253986224639, 19.003305785123999 ], [ 72.852253986224639, 19.007797340998955 ], [ 72.847503623840581, 19.007797340998955 ], [ 72.847503623840581, 19.003305785123999 ], [ 72.852253986224639, 19.003305785123999 ] ] ] } },
{ "type": "Feature", "properties": { "cell_id": 747, "lon": 72.854629167416661, "lat": 19.005551563061477 }, "geometry": { "type": "Polygon", "coordinates": [ [ [ 72.857004348608697, 19.003305785123999 ], [ 72.857004348608697, 19.007797340998955 ], [ 72.852253986224639, 19.007797340998955 ], [ 72.852253986224639, 19.003305785123999 ], [ 72.857004348608697, 19.003305785123999 ] ] ] } },
{ "type": "Feature", "properties": { "cell_id": 748, "lon": 72.859379529800719, "lat": 19.005551563061477 }, "geometry": { "type": "Polygon", "coordinates": [ [ [ 72.861754710992756, 19.003305785123999 ], [ 72.861754710992756, 19.007797340998955 ], [ 72.857004348608697, 19.007797340998955 ], [ 72.857004348608697, 19.003305785123999 ], [ 72.861754710992756, 19.003305785123999 ] ] ] } },
{ "type": "Feature", "properties": { "cell_id": 749, "lon": 72.864129892184778, "lat": 19.005551563061477 }, "geometry": { "type": "Polygon", "coordinates": [ [ [ 72.866505073376814, 19.003305785123999 ], [ 72.866505073376814, 19.007797340998955 ], [ 72.861754710992756, 19.007797340998955 ], [ 72.861754710992756, 19.003305785123999 ], [ 72.866505073376814, 19.003305785123999 ] ] ] } },
{ "type": "Feature", "properties": { "cell_id": 750, "lon": 72.868880254568836, "lat": 19.005551563061477 }, "geometry": { "type": "Polygon", "coordinates": [ [ [ 72.871255435760872, 19.003305785123999 ], [ 72.871255435760872, 19.007797340998955 ], [ 72.866505073376814, 19.007797340998955 ], [ 72.866505073376814, 19.003305785123999 ], [ 72.871255435760872, 19.003305785123999 ] ] ] } },
{ "type": "Feature", "properties": { "cell_id": 751, "lon": 72.873630616952894, "lat": 19.005551563061477 }, "geometry": { "type": "Polygon", "coordinates": [ [ [ 72.876005798144931, 19.003305785123999 ], [ 72.876005798144931, 19.007797340998955 ], [ 72.871255435760872, 19.007797340998955 ], [ 72.871255435760872, 19.003305785123999 ], [ 72.876005798144931, 19.003305785123999 ] ] ] } },
{ "type": "Feature", "properties": { "cell_id": 752, "lon": 72.878380979336953, "lat": 19.005551563061477 }, "geometry": { "type": "Polygon", "coordinates": [ [ [ 72.880756160528989, 19.003305785123999 ], [ 72.880756160528989, 19.007797340998955 ], [ 72.876005798144931, 19.007797340998955 ], [ 72.876005798144931, 19.003305785123999 ], [ 72.880756160528989, 19.003305785123999 ] ] ] } },
{ "type": "Feature", "properties": { "cell_id": 753, "lon": 72.883131341721011, "lat": 19.005551563061477 }, "geometry": { "type": "Polygon", "coordinates": [ [ [ 72.885506522913047, 19.003305785123999 ], [ 72.885506522913047, 19.007797340998955 ], [ 72.880756160528989, 19.007797340998955 ], [ 72.880756160528989, 19.003305785123999 ], [ 72.885506522913047, 19.003305785123999 ] ] ] } },
{ "type": "Feature", "properties": { "cell_id": 754, "lon": 72.88788170410507, "lat": 19.005551563061477 }, "geometry": { "type": "Polygon", "coordinates": [ [ [ 72.890256885297106, 19.003305785123999 ], [ 72.890256885297106, 19.007797340998955 ], [ 72.885506522913047, 19.007797340998955 ], [ 72.885506522913047, 19.003305785123999 ], [ 72.890256885297106, 19.003305785123999 ] ] ] } },
{ "type": "Feature", "properties": { "cell_id": 755, "lon": 72.892632066489128, "lat": 19.005551563061477 }, "geometry": { "type": "Polygon", "coordinates": [ [ [ 72.895007247681164, 19.003305785123999 ], [ 72.895007247681164, 19.007797340998955 ], [ 72.890256885297106, 19.007797340998955 ], [ 72.890256885297106, 19.003305785123999 ], [ 72.895007247681164, 19.003305785123999 ] ] ] } },
{ "type": "Feature", "properties": { "cell_id": 756, "lon": 72.897382428873186, "lat": 19.005551563061477 }, "geometry": { "type": "Polygon", "coordinates": [ [ [ 72.899757610065222, 19.003305785123999 ], [ 72.899757610065222, 19.007797340998955 ], [ 72.895007247681164, 19.007797340998955 ], [ 72.895007247681164, 19.003305785123999 ], [ 72.899757610065222, 19.003305785123999 ] ] ] } },
{ "type": "Feature", "properties": { "cell_id": 757, "lon": 72.902132791257245, "lat": 19.005551563061477 }, "geometry": { "type": "Polygon", "coordinates": [ [ [ 72.904507972449281, 19.003305785123999 ], [ 72.904507972449281, 19.007797340998955 ], [ 72.899757610065222, 19.007797340998955 ], [ 72.899757610065222, 19.003305785123999 ], [ 72.904507972449281, 19.003305785123999 ] ] ] } },
{ "type": "Feature", "properties": { "cell_id": 758, "lon": 72.906883153641303, "lat": 19.005551563061477 }, "geometry": { "type": "Polygon", "coordinates": [ [ [ 72.909258334833339, 19.003305785123999 ], [ 72.909258334833339, 19.007797340998955 ], [ 72.904507972449281, 19.007797340998955 ], [ 72.904507972449281, 19.003305785123999 ], [ 72.909258334833339, 19.003305785123999 ] ] ] } },
{ "type": "Feature", "properties": { "cell_id": 759, "lon": 72.911633516025361, "lat": 19.005551563061477 }, "geometry": { "type": "Polygon", "coordinates": [ [ [ 72.914008697217398, 19.003305785123999 ], [ 72.914008697217398, 19.007797340998955 ], [ 72.909258334833339, 19.007797340998955 ], [ 72.909258334833339, 19.003305785123999 ], [ 72.914008697217398, 19.003305785123999 ] ] ] } },
{ "type": "Feature", "properties": { "cell_id": 760, "lon": 72.91638387840942, "lat": 19.005551563061477 }, "geometry": { "type": "Polygon", "coordinates": [ [ [ 72.918759059601456, 19.003305785123999 ], [ 72.918759059601456, 19.007797340998955 ], [ 72.914008697217398, 19.007797340998955 ], [ 72.914008697217398, 19.003305785123999 ], [ 72.918759059601456, 19.003305785123999 ] ] ] } },
{ "type": "Feature", "properties": { "cell_id": 761, "lon": 72.921134240793478, "lat": 19.005551563061477 }, "geometry": { "type": "Polygon", "coordinates": [ [ [ 72.923509421985514, 19.003305785123999 ], [ 72.923509421985514, 19.007797340998955 ], [ 72.918759059601456, 19.007797340998955 ], [ 72.918759059601456, 19.003305785123999 ], [ 72.923509421985514, 19.003305785123999 ] ] ] } },
{ "type": "Feature", "properties": { "cell_id": 762, "lon": 72.925884603177536, "lat": 19.005551563061477 }, "geometry": { "type": "Polygon", "coordinates": [ [ [ 72.928259784369573, 19.003305785123999 ], [ 72.928259784369573, 19.007797340998955 ], [ 72.923509421985514, 19.007797340998955 ], [ 72.923509421985514, 19.003305785123999 ], [ 72.928259784369573, 19.003305785123999 ] ] ] } },
{ "type": "Feature", "properties": { "cell_id": 763, "lon": 72.930634965561595, "lat": 19.005551563061477 }, "geometry": { "type": "Polygon", "coordinates": [ [ [ 72.933010146753631, 19.003305785123999 ], [ 72.933010146753631, 19.007797340998955 ], [ 72.928259784369573, 19.007797340998955 ], [ 72.928259784369573, 19.003305785123999 ], [ 72.933010146753631, 19.003305785123999 ] ] ] } },
{ "type": "Feature", "properties": { "cell_id": 764, "lon": 72.935385327945653, "lat": 19.005551563061477 }, "geometry": { "type": "Polygon", "coordinates": [ [ [ 72.937760509137689, 19.003305785123999 ], [ 72.937760509137689, 19.007797340998955 ], [ 72.933010146753631, 19.007797340998955 ], [ 72.933010146753631, 19.003305785123999 ], [ 72.937760509137689, 19.003305785123999 ] ] ] } },
{ "type": "Feature", "properties": { "cell_id": 765, "lon": 72.940135690329711, "lat": 19.005551563061477 }, "geometry": { "type": "Polygon", "coordinates": [ [ [ 72.942510871521748, 19.003305785123999 ], [ 72.942510871521748, 19.007797340998955 ], [ 72.937760509137689, 19.007797340998955 ], [ 72.937760509137689, 19.003305785123999 ], [ 72.942510871521748, 19.003305785123999 ] ] ] } },
{ "type": "Feature", "properties": { "cell_id": 766, "lon": 72.94488605271377, "lat": 19.005551563061477 }, "geometry": { "type": "Polygon", "coordinates": [ [ [ 72.947261233905806, 19.003305785123999 ], [ 72.947261233905806, 19.007797340998955 ], [ 72.942510871521748, 19.007797340998955 ], [ 72.942510871521748, 19.003305785123999 ], [ 72.947261233905806, 19.003305785123999 ] ] ] } },
{ "type": "Feature", "properties": { "cell_id": 767, "lon": 72.949636415097828, "lat": 19.005551563061477 }, "geometry": { "type": "Polygon", "coordinates": [ [ [ 72.952011596289864, 19.003305785123999 ], [ 72.952011596289864, 19.007797340998955 ], [ 72.947261233905806, 19.007797340998955 ], [ 72.947261233905806, 19.003305785123999 ], [ 72.952011596289864, 19.003305785123999 ] ] ] } },
{ "type": "Feature", "properties": { "cell_id": 768, "lon": 72.802375181192019, "lat": 19.010043118936434 }, "geometry": { "type": "Polygon", "coordinates": [ [ [ 72.804750362384056, 19.007797340998955 ], [ 72.804750362384056, 19.012288896873912 ], [ 72.8, 19.012288896873912 ], [ 72.8, 19.007797340998955 ], [ 72.804750362384056, 19.007797340998955 ] ] ] } },
{ "type": "Feature", "properties": { "cell_id": 769, "lon": 72.807125543576078, "lat": 19.010043118936434 }, "geometry": { "type": "Polygon", "coordinates": [ [ [ 72.809500724768114, 19.007797340998955 ], [ 72.809500724768114, 19.012288896873912 ], [ 72.804750362384056, 19.012288896873912 ], [ 72.804750362384056, 19.007797340998955 ], [ 72.809500724768114, 19.007797340998955 ] ] ] } },
{ "type": "Feature", "properties": { "cell_id": 770, "lon": 72.811875905960136, "lat": 19.010043118936434 }, "geometry": { "type": "Polygon", "coordinates": [ [ [ 72.814251087152172, 19.007797340998955 ], [ 72.814251087152172, 19.012288896873912 ], [ 72.809500724768114, 19.012288896873912 ], [ 72.809500724768114, 19.007797340998955 ], [ 72.814251087152172, 19.007797340998955 ] ] ] } },
{ "type": "Feature", "properties": { "cell_id": 771, "lon": 72.816626268344194, "lat": 19.010043118936434 }, "geometry": { "type": "Polygon", "coordinates": [ [ [ 72.819001449536231, 19.007797340998955 ], [ 72.819001449536231, 19.012288896873912 ], [ 72.814251087152172, 19.012288896873912 ], [ 72.814251087152172, 19.007797340998955 ], [ 72.819001449536231, 19.007797340998955 ] ] ] } },
{ "type": "Feature", "properties": { "cell_id": 772, "lon": 72.821376630728253, "lat": 19.010043118936434 }, "geometry": { "type": "Polygon", "coordinates": [ [ [ 72.823751811920289, 19.007797340998955 ], [ 72.823751811920289, 19.012288896873912 ], [ 72.819001449536231, 19.012288896873912 ], [ 72.819001449536231, 19.007797340998955 ], [ 72.823751811920289, 19.007797340998955 ] ] ] } },
{ "type": "Feature", "properties": { "cell_id": 773, "lon": 72.826126993112311, "lat": 19.010043118936434 }, "geometry": { "type": "Polygon", "coordinates": [ [ [ 72.828502174304347, 19.007797340998955 ], [ 72.828502174304347, 19.012288896873912 ], [ 72.823751811920289, 19.012288896873912 ], [ 72.823751811920289, 19.007797340998955 ], [ 72.828502174304347, 19.007797340998955 ] ] ] } },
{ "type": "Feature", "properties": { "cell_id": 774, "lon": 72.830877355496369, "lat": 19.010043118936434 }, "geometry": { "type": "Polygon", "coordinates": [ [ [ 72.833252536688406, 19.007797340998955 ], [ 72.833252536688406, 19.012288896873912 ], [ 72.828502174304347, 19.012288896873912 ], [ 72.828502174304347, 19.007797340998955 ], [ 72.833252536688406, 19.007797340998955 ] ] ] } },
{ "type": "Feature", "properties": { "cell_id": 775, "lon": 72.835627717880428, "lat": 19.010043118936434 }, "geometry": { "type": "Polygon", "coordinates": [ [ [ 72.838002899072464, 19.007797340998955 ], [ 72.838002899072464, 19.012288896873912 ], [ 72.833252536688406, 19.012288896873912 ], [ 72.833252536688406, 19.007797340998955 ], [ 72.838002899072464, 19.007797340998955 ] ] ] } },
{ "type": "Feature", "properties": { "cell_id": 776, "lon": 72.840378080264486, "lat": 19.010043118936434 }, "geometry": { "type": "Polygon", "coordinates": [ [ [ 72.842753261456522, 19.007797340998955 ], [ 72.842753261456522, 19.012288896873912 ], [ 72.838002899072464, 19.012288896873912 ], [ 72.838002899072464, 19.007797340998955 ], [ 72.842753261456522, 19.007797340998955 ] ] ] } },
{ "type": "Feature", "properties": { "cell_id": 777, "lon": 72.845128442648544, "lat": 19.010043118936434 }, "geometry": { "type": "Polygon", "coordinates": [ [ [ 72.847503623840581, 19.007797340998955 ], [ 72.847503623840581, 19.012288896873912 ], [ 72.842753261456522, 19.012288896873912 ], [ 72.842753261456522, 19.007797340998955 ], [ 72.847503623840581, 19.007797340998955 ] ] ] } },
{ "type": "Feature", "properties": { "cell_id": 778, "lon": 72.849878805032603, "lat": 19.010043118936434 }, "geometry": { "type": "Polygon", "coordinates": [ [ [ 72.852253986224639, 19.007797340998955 ], [ 72.852253986224639, 19.012288896873912 ], [ 72.847503623840581, 19.012288896873912 ], [ 72.847503623840581, 19.007797340998955 ], [ 72.852253986224639, 19.007797340998955 ] ] ] } },
{ "type": "Feature", "properties": { "cell_id": 779, "lon": 72.854629167416661, "lat": 19.010043118936434 }, "geometry": { "type": "Polygon", "coordinates": [ [ [ 72.857004348608697, 19.007797340998955 ], [ 72.857004348608697, 19.012288896873912 ], [ 72.852253986224639, 19.012288896873912 ], [ 72.852253986224639, 19.007797340998955 ], [ 72.857004348608697, 19.007797340998955 ] ] ] } },
{ "type": "Feature", "properties": { "cell_id": 780, "lon": 72.859379529800719, "lat": 19.010043118936434 }, "geometry": { "type": "Polygon", "coordinates": [ [ [ 72.861754710992756, 19.007797340998955 ], [ 72.861754710992756, 19.012288896873912 ], [ 72.857004348608697, 19.012288896873912 ], [ 72.857004348608697, 19.007797340998955 ], [ 72.861754710992756, 19.007797340998955 ] ] ] } },
{ "type": "Feature", "properties": { "cell_id": 781, "lon": 72.864129892184778, "lat": 19.010043118936434 }, "geometry": { "type": "Polygon", "coordinates": [ [ [ 72.866505073376814, 19.007797340998955 ], [ 72.866505073376814, 19.012288896873912 ], [ 72.861754710992756, 19.012288896873912 ], [ 72.861754710992756, 19.007797340998955 ], [ 72.866505073376814, 19.007797340998955 ] ] ] } },
{ "type": "Feature", "properties": { "cell_id": 782, "lon": 72.868880254568836, "lat": 19.010043118936434 }, "geometry": { "type": "Polygon", "coordinates": [ [ [ 72.871255435760872, 19.007797340998955 ], [ 72.871255435760872, 19.012288896873912 ], [ 72.866505073376814, 19.012288896873912 ], [ 72.866505073376814, 19.007797340998955 ], [ 72.871255435760872, 19.007797340998955 ] ] ] } },
{ "type": "Feature", "properties": { "cell_id": 783, "lon": 72.873630616952894, "lat": 19.010043118936434 }, "geometry": { "type": "Polygon", "coordinates": [ [ [ 72.876005798144931, 19.007797340998955 ], [ 72.876005798144931, 19.012288896873912 ], [ 72.871255435760872, 19.012288896873912 ], [ 72.871255435760872, 19.007797340998955 ], [ 72.876005798144931, 19.007797340998955 ] ] ] } },
{ "type": "Feature", "properties": { "cell_id": 784, "lon": 72.878380979336953, "lat": 19.010043118936434 }, "geometry": { "type": "Polygon", "coordinates": [ [ [ 72.880756160528989, 19.007797340998955 ], [ 72.880756160528989, 19.012288896873912 ], [ 72.876005798144931, 19.012288896873912 ], [ 72.876005798144931, 19.007797340998955 ], [ 72.880756160528989, 19.007797340998955 ] ] ] } },
{ "type": "Feature", "properties": { "cell_id": 785, "lon": 72.883131341721011, "lat": 19.010043118936434 }, "geometry": { "type": "Polygon", "coordinates": [ [ [ 72.885506522913047, 19.007797340998955 ], [ 72.885506522913047, 19.012288896873912 ], [ 72.880756160528989, 19.012288896873912 ], [ 72.880756160528989, 19.007797340998955 ], [ 72.885506522913047, 19.007797340998955 ] ] ] } },
{ "type": "Feature", "properties": { "cell_id": 786, "lon": 72.88788170410507, "lat": 19.010043118936434 }, "geometry": { "type": "Polygon", "coordinates": [ [ [ 72.890256885297106, 19.007797340998955 ], [ 72.890256885297106, 19.012288896873912 ], [ 72.885506522913047, 19.012288896873912 ], [ 72.885506522913047, 19.007797340998955 ], [ 72.890256885297106, 19.007797340998955 ] ] ] } },
{ "type": "Feature", "properties": { "cell_id": 787, "lon": 72.892632066489128, "lat": 19.010043118936434 }, "geometry": { "type": "Polygon", "coordinates": [ [ [ 72.895007247681164, 19.007797340998955 ], [ 72.895007247681164, 19.012288896873912 ], [ 72.890256885297106, 19.012288896873912 ], [ 72.890256885297106, 19.007797340998955 ], [ 72.895007247681164, 19.007797340998955 ] ] ] } },
{ "type": "Feature", "properties": { "cell_id": 788, "lon": 72.897382428873186, "lat": 19.010043118936434 }, "geometry": { "type": "Polygon", "coordinates": [ [ [ 72.899757610065222, 19.007797340998955 ], [ 72.899757610065222, 19.012288896873912 ], [ 72.895007247681164, 19.012288896873912 ], [ 72.895007247681164, 19.007797340998955 ], [ 72.899757610065222, 19.007797340998955 ] ] ] } },
{ "type": "Feature", "properties": { "cell_id": 789, "lon": 72.902132791257245, "lat": 19.010043118936434 }, "geometry": { "type": "Polygon", "coordinates": [ [ [ 72.904507972449281, 19.007797340998955 ], [ 72.904507972449281, 19.012288896873912 ], [ 72.899757610065222, 19.012288896873912 ], [ 72.899757610065222, 19.007797340998955 ], [ 72.904507972449281, 19.007797340998955 ] ] ] } },
{ "type": "Feature", "properties": { "cell_id": 790, "lon": 72.906883153641303, "lat": 19.010043118936434 }, "geometry": { "type": "Polygon", "coordinates": [ [ [ 72.909258334833339, 19.007797340998955 ], [ 72.909258334833339, 19.012288896873912 ], [ 72.904507972449281, 19.012288896873912 ], [ 72.904507972449281, 19.007797340998955 ], [ 72.909258334833339, 19.007797340998955 ] ] ] } },
{ "type": "Feature", "properties": { "cell_id": 791, "lon": 72.911633516025361, "lat": 19.010043118936434 }, "geometry": { "type": "Polygon", "coordinates": [ [ [ 72.914008697217398, 19.007797340998955 ], [ 72.914008697217398, 19.012288896873912 ], [ 72.909258334833339, 19.012288896873912 ], [ 72.909258334833339, 19.007797340998955 ], [ 72.914008697217398, 19.007797340998955 ] ] ] } },
{ "type": "Feature", "properties": { "cell_id": 792, "lon": 72.91638387840942, "lat": 19.010043118936434 }, "geometry": { "type": "Polygon", "coordinates": [ [ [ 72.918759059601456, 19.007797340998955 ], [ 72.918759059601456, 19.012288896873912 ], [ 72.914008697217398, 19.012288896873912 ], [ 72.914008697217398, 19.007797340998955 ], [ 72.918759059601456, 19.007797340998955 ] ] ] } },
{ "type": "Feature", "properties": { "cell_id": 793, "lon": 72.921134240793478, "lat": 19.010043118936434 }, "geometry": { "type": "Polygon", "coordinates": [ [ [ 72.923509421985514, 19.007797340998955 ], [ 72.923509421985514, 19.012288896873912 ], [ 72.918759059601456, 19.012288896873912 ], [ 72.918759059601456, 19.007797340998955 ], [ 72.923509421985514, 19.007797340998955 ] ] ] } },
{ "type": "Feature", "properties": { "cell_id": 794, "lon": 72.925884603177536, "lat": 19.010043118936434 }, "geometry": { "type": "Polygon", "coordinates": [ [ [ 72.928259784369573, 19.007797340998955 ], [ 72.928259784369573, 19.012288896873912 ], [ 72.923509421985514, 19.012288896873912 ], [ 72.923509421985514, 19.007797340998955 ], [ 72.928259784369573, 19.007797340998955 ] ] ] } },
{ "type": "Feature", "properties": { "cell_id": 795, "lon": 72.930634965561595, "lat": 19.010043118936434 }, "geometry": { "type": "Polygon", "coordinates": [ [ [ 72.933010146753631, 19.007797340998955 ], [ 72.933010146753631, 19.012288896873912 ], [ 72.928259784369573, 19.012288896873912 ], [ 72.928259784369573, 19.007797340998955 ], [ 72.933010146753631, 19.007797340998955 ] ] ] } },
{ "type": "Feature", "properties": { "cell_id": 796, "lon": 72.935385327945653, "lat": 19.010043118936434 }, "geometry": { "type": "Polygon", "coordinates": [ [ [ 72.937760509137689, 19.007797340998955 ], [ 72.937760509137689, 19.012288896873912 ], [ 72.933010146753631, 19.012288896873912 ], [ 72.933010146753631, 19.007797340998955 ], [ 72.937760509137689, 19.007797340998955 ] ] ] } },
{ "type": "Feature", "properties": { "cell_id": 797, "lon": 72.940135690329711, "lat": 19.010043118936434 }, "geometry": { "type": "Polygon", "coordinates": [ [ [ 72.942510871521748, 19.007797340998955 ], [ 72.942510871521748, 19.012288896873912 ], [ 72.937760509137689, 19.012288896873912 ], [ 72.937760509137689, 19.007797340998955 ], [ 72.942510871521748, 19.007797340998955 ] ] ] } },
{ "type": "Feature", "properties": { "cell_id": 798, "lon": 72.94488605271377, "lat": 19.010043118936434 }, "geometry": { "type": "Polygon", "coordinates": [ [ [ 72.947261233905806, 19.007797340998955 ], [ 72.947261233905806, 19.012288896873912 ], [ 72.942510871521748, 19.012288896873912 ], [ 72.942510871521748, 19.007797340998955 ], [ 72.947261233905806, 19.007797340998955 ] ] ] } },
{ "type": "Feature", "properties": { "cell_id": 799, "lon": 72.949636415097828, "lat": 19.010043118936434 }, "geometry": { "type": "Polygon", "coordinates": [ [ [ 72.952011596289864, 19.007797340998955 ], [ 72.952011596289864, 19.012288896873912 ], [ 72.947261233905806, 19.012288896873912 ], [ 72.947261233905806, 19.007797340998955 ], [ 72.952011596289864, 19.007797340998955 ] ] ] } },
{ "type": "Feature", "properties": { "cell_id": 800, "lon": 72.802375181192019, "lat": 19.01453467481139 }, "geometry": { "type": "Polygon", "coordinates": [ [ [ 72.804750362384056, 19.012288896873912 ], [ 72.804750362384056, 19.016780452748868 ], [ 72.8, 19.016780452748868 ], [ 72.8, 19.012288896873912 ], [ 72.804750362384056, 19.012288896873912 ] ] ] } },
{ "type": "Feature", "properties": { "cell_id": 801, "lon": 72.807125543576078, "lat": 19.01453467481139 }, "geometry": { "type": "Polygon", "coordinates": [ [ [ 72.809500724768114, 19.012288896873912 ], [ 72.809500724768114, 19.016780452748868 ], [ 72.804750362384056, 19.016780452748868 ], [ 72.804750362384056, 19.012288896873912 ], [ 72.809500724768114, 19.012288896873912 ] ] ] } },
{ "type": "Feature", "properties": { "cell_id": 802, "lon": 72.811875905960136, "lat": 19.01453467481139 }, "geometry": { "type": "Polygon", "coordinates": [ [ [ 72.814251087152172, 19.012288896873912 ], [ 72.814251087152172, 19.016780452748868 ], [ 72.809500724768114, 19.016780452748868 ], [ 72.809500724768114, 19.012288896873912 ], [ 72.814251087152172, 19.012288896873912 ] ] ] } },
{ "type": "Feature", "properties": { "cell_id": 803, "lon": 72.816626268344194, "lat": 19.01453467481139 }, "geometry": { "type": "Polygon", "coordinates": [ [ [ 72.819001449536231, 19.012288896873912 ], [ 72.819001449536231, 19.016780452748868 ], [ 72.814251087152172, 19.016780452748868 ], [ 72.814251087152172, 19.012288896873912 ], [ 72.819001449536231, 19.012288896873912 ] ] ] } },
{ "type": "Feature", "properties": { "cell_id": 804, "lon": 72.821376630728253, "lat": 19.01453467481139 }, "geometry": { "type": "Polygon", "coordinates": [ [ [ 72.823751811920289, 19.012288896873912 ], [ 72.823751811920289, 19.016780452748868 ], [ 72.819001449536231, 19.016780452748868 ], [ 72.819001449536231, 19.012288896873912 ], [ 72.823751811920289, 19.012288896873912 ] ] ] } },
{ "type": "Feature", "properties": { "cell_id": 805, "lon": 72.826126993112311, "lat": 19.01453467481139 }, "geometry": { "type": "Polygon", "coordinates": [ [ [ 72.828502174304347, 19.012288896873912 ], [ 72.828502174304347, 19.016780452748868 ], [ 72.823751811920289, 19.016780452748868 ], [ 72.823751811920289, 19.012288896873912 ], [ 72.828502174304347, 19.012288896873912 ] ] ] } },
{ "type": "Feature", "properties": { "cell_id": 806, "lon": 72.830877355496369, "lat": 19.01453467481139 }, "geometry": { "type": "Polygon", "coordinates": [ [ [ 72.833252536688406, 19.012288896873912 ], [ 72.833252536688406, 19.016780452748868 ], [ 72.828502174304347, 19.016780452748868 ], [ 72.828502174304347, 19.012288896873912 ], [ 72.833252536688406, 19.012288896873912 ] ] ] } },
{ "type": "Feature", "properties": { "cell_id": 807, "lon": 72.835627717880428, "lat": 19.01453467481139 }, "geometry": { "type": "Polygon", "coordinates": [ [ [ 72.838002899072464, 19.012288896873912 ], [ 72.838002899072464, 19.016780452748868 ], [ 72.833252536688406, 19.016780452748868 ], [ 72.833252536688406, 19.012288896873912 ], [ 72.838002899072464, 19.012288896873912 ] ] ] } },
{ "type": "Feature", "properties": { "cell_id": 808, "lon": 72.840378080264486, "lat": 19.01453467481139 }, "geometry": { "type": "Polygon", "coordinates": [ [ [ 72.842753261456522, 19.012288896873912 ], [ 72.842753261456522, 19.016780452748868 ], [ 72.838002899072464, 19.016780452748868 ], [ 72.838002899072464, 19.012288896873912 ], [ 72.842753261456522, 19.012288896873912 ] ] ] } },
{ "type": "Feature", "properties": { "cell_id": 809, "lon": 72.845128442648544, "lat": 19.01453467481139 }, "geometry": { "type": "Polygon", "coordinates": [ [ [ 72.847503623840581, 19.012288896873912 ], [ 72.847503623840581, 19.016780452748868 ], [ 72.842753261456522, 19.016780452748868 ], [ 72.842753261456522, 19.012288896873912 ], [ 72.847503623840581, 19.012288896873912 ] ] ] } },
{ "type": "Feature", "properties": { "cell_id": 810, "lon": 72.849878805032603, "lat": 19.01453467481139 }, "geometry": { "type": "Polygon", "coordinates": [ [ [ 72.852253986224639, 19.012288896873912 ], [ 72.852253986224639, 19.016780452748868 ], [ 72.847503623840581, 19.016780452748868 ], [ 72.847503623840581, 19.012288896873912 ], [ 72.852253986224639, 19.012288896873912 ] ] ] } },
{ "type": "Feature", "properties": { "cell_id": 811, "lon": 72.854629167416661, "lat": 19.01453467481139 }, "geometry": { "type": "Polygon", "coordinates": [ [ [ 72.857004348608697, 19.012288896873912 ], [ 72.857004348608697, 19.016780452748868 ], [ 72.852253986224639, 19.016780452748868 ], [ 72.852253986224639, 19.012288896873912 ], [ 72.857004348608697, 19.012288896873912 ] ] ] } },
{ "type": "Feature", "properties": { "cell_id": 812, "lon": 72.859379529800719, "lat": 19.01453467481139 }, "geometry": { "type": "Polygon", "coordinates": [ [ [ 72.861754710992756, 19.012288896873912 ], [ 72.861754710992756, 19.016780452748868 ], [ 72.857004348608697, 19.016780452748868 ], [ 72.857004348608697, 19.012288896873912 ], [ 72.861754710992756, 19.012288896873912 ] ] ] } },
{ "type": "Feature", "properties": { "cell_id": 813, "lon": 72.864129892184778, "lat": 19.01453467481139 }, "geometry": { "type": "Polygon", "coordinates": [ [ [ 72.866505073376814, 19.012288896873912 ], [ 72.866505073376814, 19.016780452748868 ], [ 72.861754710992756, 19.016780452748868 ], [ 72.861754710992756, 19.012288896873912 ], [ 72.866505073376814, 19.012288896873912 ] ] ] } },
{ "type": "Feature", "properties": { "cell_id": 814, "lon": 72.868880254568836, "lat": 19.01453467481139 }, "geometry": { "type": "Polygon", "coordinates": [ [ [ 72.871255435760872, 19.012288896873912 ], [ 72.871255435760872, 19.016780452748868 ], [ 72.866505073376814, 19.016780452748868 ], [ 72.866505073376814, 19.012288896873912 ], [ 72.871255435760872, 19.012288896873912 ] ] ] } },
{ "type": "Feature", "properties": { "cell_id": 815, "lon": 72.873630616952894, "lat": 19.01453467481139 }, "geometry": { "type": "Polygon", "coordinates": [ [ [ 72.876005798144931, 19.012288896873912 ], [ 72.876005798144931, 19.016780452748868 ], [ 72.871255435760872, 19.016780452748868 ], [ 72.871255435760872, 19.012288896873912 ], [ 72.876005798144931, 19.012288896873912 ] ] ] } },
{ "type": "Feature", "properties": { "cell_id": 816, "lon": 72.878380979336953, "lat": 19.01453467481139 }, "geometry": { "type": "Polygon", "coordinates": [ [ [ 72.880756160528989, 19.012288896873912 ], [ 72.880756160528989, 19.016780452748868 ], [ 72.876005798144931, 19.016780452748868 ], [ 72.876005798144931, 19.012288896873912 ], [ 72.880756160528989, 19.012288896873912 ] ] ] } },
{ "type": "Feature", "properties": { "cell_id": 817, "lon": 72.883131341721011, "lat": 19.01453467481139 }, "geometry": { "type": "Polygon", "coordinates": [ [ [ 72.885506522913047, 19.012288896873912 ], [ 72.885506522913047, 19.016780452748868 ], [ 72.880756160528989, 19.016780452748868 ], [ 72.880756160528989, 19.012288896873912 ], [ 72.885506522913047, 19.012288896873912 ] ] ] } },
{ "type": "Feature", "properties": { "cell_id": 818, "lon": 72.88788170410507, "lat": 19.01453467481139 }, "geometry": { "type": "Polygon", "coordinates": [ [ [ 72.890256885297106, 19.012288896873912 ], [ 72.890256885297106, 19.016780452748868 ], [ 72.885506522913047, 19.016780452748868 ], [ 72.885506522913047, 19.012288896873912 ], [ 72.890256885297106, 19.012288896873912 ] ] ] } },
{ "type": "Feature", "properties": { "cell_id": 819, "lon": 72.892632066489128, "lat": 19.01453467481139 }, "geometry": { "type": "Polygon", "coordinates": [ [ [ 72.895007247681164, 19.012288896873912 ], [ 72.895007247681164, 19.016780452748868 ], [ 72.890256885297106, 19.016780452748868 ], [ 72.890256885297106, 19.012288896873912 ], [ 72.895007247681164, 19.012288896873912 ] ] ] } },
{ "type": "Feature", "properties": { "cell_id": 820, "lon": 72.897382428873186, "lat": 19.01453467481139 }, "geometry": { "type": "Polygon", "coordinates": [ [ [ 72.899757610065222, 19.012288896873912 ], [ 72.899757610065222, 19.016780452748868 ], [ 72.895007247681164, 19.016780452748868 ], [ 72.895007247681164, 19.012288896873912 ], [ 72.899757610065222, 19.012288896873912 ] ] ] } },
{ "type": "Feature", "properties": { "cell_id": 821, "lon": 72.902132791257245, "lat": 19.01453467481139 }, "geometry": { "type": "Polygon", "coordinates": [ [ [ 72.904507972449281, 19.012288896873912 ], [ 72.904507972449281, 19.016780452748868 ], [ 72.899757610065222, 19.016780452748868 ], [ 72.899757610065222, 19.012288896873912 ], [ 72.904507972449281, 19.012288896873912 ] ] ] } },
{ "type": "Feature", "properties": { "cell_id": 822, "lon": 72.906883153641303, "lat": 19.01453467481139 }, "geometry": { "type": "Polygon", "coordinates": [ [ [ 72.909258334833339, 19.012288896873912 ], [ 72.909258334833339, 19.016780452748868 ], [ 72.904507972449281, 19.016780452748868 ], [ 72.904507972449281, 19.012288896873912 ], [ 72.909258334833339, 19.012288896873912 ] ] ] } },
{ "type": "Feature", "properties": { "cell_id": 823, "lon": 72.911633516025361, "lat": 19.01453467481139 }, "geometry": { "type": "Polygon", "coordinates": [ [ [ 72.914008697217398, 19.012288896873912 ], [ 72.914008697217398, 19.016780452748868 ], [ 72.909258334833339, 19.016780452748868 ], [ 72.909258334833339, 19.012288896873912 ], [ 72.914008697217398, 19.012288896873912 ] ] ] } },
{ "type": "Feature", "properties": { "cell_id": 824, "lon": 72.91638387840942, "lat": 19.01453467481139 }, "geometry": { "type": "Polygon", "coordinates": [ [ [ 72.918759059601456, 19.012288896873912 ], [ 72.918759059601456, 19.016780452748868 ], [ 72.914008697217398, 19.016780452748868 ], [ 72.914008697217398, 19.012288896873912 ], [ 72.918759059601456, 19.012288896873912 ] ] ] } },
{ "type": "Feature", "properties": { "cell_id": 825, "lon": 72.921134240793478, "lat": 19.01453467481139 }, "geometry": { "type": "Polygon", "coordinates": [ [ [ 72.923509421985514, 19.012288896873912 ], [ 72.923509421985514, 19.016780452748868 ], [ 72.918759059601456, 19.016780452748868 ], [ 72.918759059601456, 19.012288896873912 ], [ 72.923509421985514, 19.012288896873912 ] ] ] } },
{ "type": "Feature", "properties": { "cell_id": 826, "lon": 72.925884603177536, "lat": 19.01453467481139 }, "geometry": { "type": "Polygon", "coordinates": [ [ [ 72.928259784369573, 19.012288896873912 ], [ 72.928259784369573, 19.016780452748868 ], [ 72.923509421985514, 19.016780452748868 ], [ 72.923509421985514, 19.012288896873912 ], [ 72.928259784369573, 19.012288896873912 ] ] ] } },
{ "type": "Feature", "properties": { "cell_id": 827, "lon": 72.930634965561595, "lat": 19.01453467481139 }, "geometry": { "type": "Polygon", "coordinates": [ [ [ 72.933010146753631, 19.012288896873912 ], [ 72.933010146753631, 19.016780452748868 ], [ 72.928259784369573, 19.016780452748868 ], [ 72.928259784369573, 19.012288896873912 ], [ 72.933010146753631, 19.012288896873912 ] ] ] } },
{ "type": "Feature", "properties": { "cell_id": 828, "lon": 72.935385327945653, "lat": 19.01453467481139 }, "geometry": { "type": "Polygon", "coordinates": [ [ [ 72.937760509137689, 19.012288896873912 ], [ 72.937760509137689, 19.016780452748868 ], [ 72.933010146753631, 19.016780452748868 ], [ 72.933010146753631, 19.012288896873912 ], [ 72.937760509137689, 19.012288896873912 ] ] ] } },
{ "type": "Feature", "properties": { "cell_id": 829, "lon": 72.940135690329711, "lat": 19.01453467481139 }, "geometry": { "type": "Polygon", "coordinates": [ [ [ 72.942510871521748, 19.012288896873912 ], [ 72.942510871521748, 19.016780452748868 ], [ 72.937760509137689, 19.016780452748868 ], [ 72.937760509137689, 19.012288896873912 ], [ 72.942510871521748, 19.012288896873912 ] ] ] } },
{ "type": "Feature", "properties": { "cell_id": 830, "lon": 72.94488605271377, "lat": 19.01453467481139 }, "geometry": { "type": "Polygon", "coordinates": [ [ [ 72.947261233905806, 19.012288896873912 ], [ 72.947261233905806, 19.016780452748868 ], [ 72.942510871521748, 19.016780452748868 ], [ 72.942510871521748, 19.012288896873912 ], [ 72.947261233905806, 19.012288896873912 ] ] ] } },
{ "type": "Feature", "properties": { "cell_id": 831, "lon": 72.949636415097828, "lat": 19.01453467481139 }, "geometry": { "type": "Polygon", "coordinates": [ [ [ 72.952011596289864, 19.012288896873912 ], [ 72.952011596289864, 19.016780452748868 ], [ 72.947261233905806, 19.016780452748868 ], [ 72.947261233905806, 19.012288896873912 ], [ 72.952011596289864, 19.012288896873912 ] ] ] } },
{ "type": "Feature", "properties": { "cell_id": 832, "lon": 72.802375181192019, "lat": 19.019026230686347 }, "geometry": { "type": "Polygon", "coordinates": [ [ [ 72.804750362384056, 19.016780452748868 ], [ 72.804750362384056, 19.021272008623825 ], [ 72.8, 19.021272008623825 ], [ 72.8, 19.016780452748868 ], [ 72.804750362384056, 19.016780452748868 ] ] ] } },
{ "type": "Feature", "properties": { "cell_id": 833, "lon": 72.807125543576078, "lat": 19.019026230686347 }, "geometry": { "type": "Polygon", "coordinates": [ [ [ 72.809500724768114, 19.016780452748868 ], [ 72.809500724768114, 19.021272008623825 ], [ 72.804750362384056, 19.021272008623825 ], [ 72.804750362384056, 19.016780452748868 ], [ 72.809500724768114, 19.016780452748868 ] ] ] } },
{ "type": "Feature", "properties": { "cell_id": 834, "lon": 72.811875905960136, "lat": 19.019026230686347 }, "geometry": { "type": "Polygon", "coordinates": [ [ [ 72.814251087152172, 19.016780452748868 ], [ 72.814251087152172, 19.021272008623825 ], [ 72.809500724768114, 19.021272008623825 ], [ 72.809500724768114, 19.016780452748868 ], [ 72.814251087152172, 19.016780452748868 ] ] ] } },
{ "type": "Feature", "properties": { "cell_id": 835, "lon": 72.816626268344194, "lat": 19.019026230686347 }, "geometry": { "type": "Polygon", "coordinates": [ [ [ 72.819001449536231, 19.016780452748868 ], [ 72.819001449536231, 19.021272008623825 ], [ 72.814251087152172, 19.021272008623825 ], [ 72.814251087152172, 19.016780452748868 ], [ 72.819001449536231, 19.016780452748868 ] ] ] } },
{ "type": "Feature", "properties": { "cell_id": 836, "lon": 72.821376630728253, "lat": 19.019026230686347 }, "geometry": { "type": "Polygon", "coordinates": [ [ [ 72.823751811920289, 19.016780452748868 ], [ 72.823751811920289, 19.021272008623825 ], [ 72.819001449536231, 19.021272008623825 ], [ 72.819001449536231, 19.016780452748868 ], [ 72.823751811920289, 19.016780452748868 ] ] ] } },
{ "type": "Feature", "properties": { "cell_id": 837, "lon": 72.826126993112311, "lat": 19.019026230686347 }, "geometry": { "type": "Polygon", "coordinates": [ [ [ 72.828502174304347, 19.016780452748868 ], [ 72.828502174304347, 19.021272008623825 ], [ 72.823751811920289, 19.021272008623825 ], [ 72.823751811920289, 19.016780452748868 ], [ 72.828502174304347, 19.016780452748868 ] ] ] } },
{ "type": "Feature", "properties": { "cell_id": 838, "lon": 72.830877355496369, "lat": 19.019026230686347 }, "geometry": { "type": "Polygon", "coordinates": [ [ [ 72.833252536688406, 19.016780452748868 ], [ 72.833252536688406, 19.021272008623825 ], [ 72.828502174304347, 19.021272008623825 ], [ 72.828502174304347, 19.016780452748868 ], [ 72.833252536688406, 19.016780452748868 ] ] ] } },
{ "type": "Feature", "properties": { "cell_id": 839, "lon": 72.835627717880428, "lat": 19.019026230686347 }, "geometry": { "type": "Polygon", "coordinates": [ [ [ 72.838002899072464, 19.016780452748868 ], [ 72.838002899072464, 19.021272008623825 ], [ 72.833252536688406, 19.021272008623825 ], [ 72.833252536688406, 19.016780452748868 ], [ 72.838002899072464, 19.016780452748868 ] ] ] } },
{ "type": "Feature", "properties": { "cell_id": 840, "lon": 72.840378080264486, "lat": 19.019026230686347 }, "geometry": { "type": "Polygon", "coordinates": [ [ [ 72.842753261456522, 19.016780452748868 ], [ 72.842753261456522, 19.021272008623825 ], [ 72.838002899072464, 19.021272008623825 ], [ 72.838002899072464, 19.016780452748868 ], [ 72.842753261456522, 19.016780452748868 ] ] ] } },
{ "type": "Feature", "properties": { "cell_id": 841, "lon": 72.845128442648544, "lat": 19.019026230686347 }, "geometry": { "type": "Polygon", "coordinates": [ [ [ 72.847503623840581, 19.016780452748868 ], [ 72.847503623840581, 19.021272008623825 ], [ 72.842753261456522, 19.021272008623825 ], [ 72.842753261456522, 19.016780452748868 ], [ 72.847503623840581, 19.016780452748868 ] ] ] } },
{ "type": "Feature", "properties": { "cell_id": 842, "lon": 72.849878805032603, "lat": 19.019026230686347 }, "geometry": { "type": "Polygon", "coordinates": [ [ [ 72.852253986224639, 19.016780452748868 ], [ 72.852253986224639, 19.021272008623825 ], [ 72.847503623840581, 19.021272008623825 ], [ 72.847503623840581, 19.016780452748868 ], [ 72.852253986224639, 19.016780452748868 ] ] ] } },
{ "type": "Feature", "properties": { "cell_id": 843, "lon": 72.854629167416661, "lat": 19.019026230686347 }, "geometry": { "type": "Polygon", "coordinates": [ [ [ 72.857004348608697, 19.016780452748868 ], [ 72.857004348608697, 19.021272008623825 ], [ 72.852253986224639, 19.021272008623825 ], [ 72.852253986224639, 19.016780452748868 ], [ 72.857004348608697, 19.016780452748868 ] ] ] } },
{ "type": "Feature", "properties": { "cell_id": 844, "lon": 72.859379529800719, "lat": 19.019026230686347 }, "geometry": { "type": "Polygon", "coordinates": [ [ [ 72.861754710992756, 19.016780452748868 ], [ 72.861754710992756, 19.021272008623825 ], [ 72.857004348608697, 19.021272008623825 ], [ 72.857004348608697, 19.016780452748868 ], [ 72.861754710992756, 19.016780452748868 ] ] ] } },
{ "type": "Feature", "properties": { "cell_id": 845, "lon": 72.864129892184778, "lat": 19.019026230686347 }, "geometry": { "type": "Polygon", "coordinates": [ [ [ 72.866505073376814, 19.016780452748868 ], [ 72.866505073376814, 19.021272008623825 ], [ 72.861754710992756, 19.021272008623825 ], [ 72.861754710992756, 19.016780452748868 ], [ 72.866505073376814, 19.016780452748868 ] ] ] } },
{ "type": "Feature", "properties": { "cell_id": 846, "lon": 72.868880254568836, "lat": 19.019026230686347 }, "geometry": { "type": "Polygon", "coordinates": [ [ [ 72.871255435760872, 19.016780452748868 ], [ 72.871255435760872, 19.021272008623825 ], [ 72.866505073376814, 19.021272008623825 ], [ 72.866505073376814, 19.016780452748868 ], [ 72.871255435760872, 19.016780452748868 ] ] ] } },
{ "type": "Feature", "properties": { "cell_id": 847, "lon": 72.873630616952894, "lat": 19.019026230686347 }, "geometry": { "type": "Polygon", "coordinates": [ [ [ 72.876005798144931, 19.016780452748868 ], [ 72.876005798144931, 19.021272008623825 ], [ 72.871255435760872, 19.021272008623825 ], [ 72.871255435760872, 19.016780452748868 ], [ 72.876005798144931, 19.016780452748868 ] ] ] } },
{ "type": "Feature", "properties": { "cell_id": 848, "lon": 72.878380979336953, "lat": 19.019026230686347 }, "geometry": { "type": "Polygon", "coordinates": [ [ [ 72.880756160528989, 19.016780452748868 ], [ 72.880756160528989, 19.021272008623825 ], [ 72.876005798144931, 19.021272008623825 ], [ 72.876005798144931, 19.016780452748868 ], [ 72.880756160528989, 19.016780452748868 ] ] ] } },
{ "type": "Feature", "properties": { "cell_id": 849, "lon": 72.883131341721011, "lat": 19.019026230686347 }, "geometry": { "type": "Polygon", "coordinates": [ [ [ 72.885506522913047, 19.016780452748868 ], [ 72.885506522913047, 19.021272008623825 ], [ 72.880756160528989, 19.021272008623825 ], [ 72.880756160528989, 19.016780452748868 ], [ 72.885506522913047, 19.016780452748868 ] ] ] } },
{ "type": "Feature", "properties": { "cell_id": 850, "lon": 72.88788170410507, "lat": 19.019026230686347 }, "geometry": { "type": "Polygon", "coordinates": [ [ [ 72.890256885297106, 19.016780452748868 ], [ 72.890256885297106, 19.021272008623825 ], [ 72.885506522913047, 19.021272008623825 ], [ 72.885506522913047, 19.016780452748868 ], [ 72.890256885297106, 19.016780452748868 ] ] ] } },
{ "type": "Feature", "properties": { "cell_id": 851, "lon": 72.892632066489128, "lat": 19.019026230686347 }, "geometry": { "type": "Polygon", "coordinates": [ [ [ 72.895007247681164, 19.016780452748868 ], [ 72.895007247681164, 19.021272008623825 ], [ 72.890256885297106, 19.021272008623825 ], [ 72.890256885297106, 19.016780452748868 ], [ 72.895007247681164, 19.016780452748868 ] ] ] } },
{ "type": "Feature", "properties": { "cell_id": 852, "lon": 72.897382428873186, "lat": 19.019026230686347 }, "geometry": { "type": "Polygon", "coordinates": [ [ [ 72.899757610065222, 19.016780452748868 ], [ 72.899757610065222, 19.021272008623825 ], [ 72.895007247681164, 19.021272008623825 ], [ 72.895007247681164, 19.016780452748868 ], [ 72.899757610065222, 19.016780452748868 ] ] ] } },
{ "type": "Feature", "properties": { "cell_id": 853, "lon": 72.902132791257245, "lat": 19.019026230686347 }, "geometry": { "type": "Polygon", "coordinates": [ [ [ 72.904507972449281, 19.016780452748868 ], [ 72.904507972449281, 19.021272008623825 ], [ 72.899757610065222, 19.021272008623825 ], [ 72.899757610065222, 19.016780452748868 ], [ 72.904507972449281, 19.016780452748868 ] ] ] } },
{ "type": "Feature", "properties": { "cell_id": 854, "lon": 72.906883153641303, "lat": 19.019026230686347 }, "geometry": { "type": "Polygon", "coordinates": [ [ [ 72.909258334833339, 19.016780452748868 ], [ 72.909258334833339, 19.021272008623825 ], [ 72.904507972449281, 19.021272008623825 ], [ 72.904507972449281, 19.016780452748868 ], [ 72.909258334833339, 19.016780452748868 ] ] ] } },
{ "type": "Feature", "properties": { "cell_id": 855, "lon": 72.911633516025361, "lat": 19.019026230686347 }, "geometry": { "type": "Polygon", "coordinates": [ [ [ 72.914008697217398, 19.016780452748868 ], [ 72.914008697217398, 19.021272008623825 ], [ 72.909258334833339, 19.021272008623825 ], [ 72.909258334833339, 19.016780452748868 ], [ 72.914008697217398, 19.016780452748868 ] ] ] } },
{ "type": "Feature", "properties": { "cell_id": 856, "lon": 72.91638387840942, "lat": 19.019026230686347 }, "geometry": { "type": "Polygon", "coordinates": [ [ [ 72.918759059601456, 19.016780452748868 ], [ 72.918759059601456, 19.021272008623825 ], [ 72.914008697217398, 19.021272008623825 ], [ 72.914008697217398, 19.016780452748868 ], [ 72.918759059601456, 19.016780452748868 ] ] ] } },
{ "type": "Feature", "properties": { "cell_id": 857, "lon": 72.921134240793478, "lat": 19.019026230686347 }, "geometry": { "type": "Polygon", "coordinates": [ [ [ 72.923509421985514, 19.016780452748868 ], [ 72.923509421985514, 19.021272008623825 ], [ 72.918759059601456, 19.021272008623825 ], [ 72.918759059601456, 19.016780452748868 ], [ 72.923509421985514, 19.016780452748868 ] ] ] } },
{ "type": "Feature", "properties": { "cell_id": 858, "lon": 72.925884603177536, "lat": 19.019026230686347 }, "geometry": { "type": "Polygon", "coordinates": [ [ [ 72.928259784369573, 19.016780452748868 ], [ 72.928259784369573, 19.021272008623825 ], [ 72.923509421985514, 19.021272008623825 ], [ 72.923509421985514, 19.016780452748868 ], [ 72.928259784369573, 19.016780452748868 ] ] ] } },
{ "type": "Feature", "properties": { "cell_id": 859, "lon": 72.930634965561595, "lat": 19.019026230686347 }, "geometry": { "type": "Polygon", "coordinates": [ [ [ 72.933010146753631, 19.016780452748868 ], [ 72.933010146753631, 19.021272008623825 ], [ 72.928259784369573, 19.021272008623825 ], [ 72.928259784369573, 19.016780452748868 ], [ 72.933010146753631, 19.016780452748868 ] ] ] } },
{ "type": "Feature", "properties": { "cell_id": 860, "lon": 72.935385327945653, "lat": 19.019026230686347 }, "geometry": { "type": "Polygon", "coordinates": [ [ [ 72.937760509137689, 19.016780452748868 ], [ 72.937760509137689, 19.021272008623825 ], [ 72.933010146753631, 19.021272008623825 ], [ 72.933010146753631, 19.016780452748868 ], [ 72.937760509137689, 19.016780452748868 ] ] ] } },
{ "type": "Feature", "properties": { "cell_id": 861, "lon": 72.940135690329711, "lat": 19.019026230686347 }, "geometry": { "type": "Polygon", "coordinates": [ [ [ 72.942510871521748, 19.016780452748868 ], [ 72.942510871521748, 19.021272008623825 ], [ 72.937760509137689, 19.021272008623825 ], [ 72.937760509137689, 19.016780452748868 ], [ 72.942510871521748, 19.016780452748868 ] ] ] } },
{ "type": "Feature", "properties": { "cell_id": 862, "lon": 72.94488605271377, "lat": 19.019026230686347 }, "geometry": { "type": "Polygon", "coordinates": [ [ [ 72.947261233905806, 19.016780452748868 ], [ 72.947261233905806, 19.021272008623825 ], [ 72.942510871521748, 19.021272008623825 ], [ 72.942510871521748, 19.016780452748868 ], [ 72.947261233905806, 19.016780452748868 ] ] ] } },
{ "type": "Feature", "properties": { "cell_id": 863, "lon": 72.949636415097828, "lat": 19.019026230686347 }, "geometry": { "type": "Polygon", "coordinates": [ [ [ 72.952011596289864, 19.016780452748868 ], [ 72.952011596289864, 19.021272008623825 ], [ 72.947261233905806, 19.021272008623825 ], [ 72.947261233905806, 19.016780452748868 ], [ 72.952011596289864, 19.016780452748868 ] ] ] } },
{ "type": "Feature", "properties": { "cell_id": 864, "lon": 72.802375181192019, "lat": 19.023517786561303 }, "geometry": { "type": "Polygon", "coordinates": [ [ [ 72.804750362384056, 19.021272008623825 ], [ 72.804750362384056, 19.025763564498781 ], [ 72.8, 19.025763564498781 ], [ 72.8, 19.021272008623825 ], [ 72.804750362384056, 19.021272008623825 ] ] ] } },
{ "type": "Feature", "properties": { "cell_id": 865, "lon": 72.807125543576078, "lat": 19.023517786561303 }, "geometry": { "type": "Polygon", "coordinates": [ [ [ 72.809500724768114, 19.021272008623825 ], [ 72.809500724768114, 19.025763564498781 ], [ 72.804750362384056, 19.025763564498781 ], [ 72.804750362384056, 19.021272008623825 ], [ 72.809500724768114, 19.021272008623825 ] ] ] } },
{ "type": "Feature", "properties": { "cell_id": 866, "lon": 72.811875905960136, "lat": 19.023517786561303 }, "geometry": { "type": "Polygon", "coordinates": [ [ [ 72.814251087152172, 19.021272008623825 ], [ 72.814251087152172, 19.025763564498781 ], [ 72.809500724768114, 19.025763564498781 ], [ 72.809500724768114, 19.021272008623825 ], [ 72.814251087152172, 19.021272008623825 ] ] ] } },
{ "type": "Feature", "properties": { "cell_id": 867, "lon": 72.816626268344194, "lat": 19.023517786561303 }, "geometry": { "type": "Polygon", "coordinates": [ [ [ 72.819001449536231, 19.021272008623825 ], [ 72.819001449536231, 19.025763564498781 ], [ 72.814251087152172, 19.025763564498781 ], [ 72.814251087152172, 19.021272008623825 ], [ 72.819001449536231, 19.021272008623825 ] ] ] } },
{ "type": "Feature", "properties": { "cell_id": 868, "lon": 72.821376630728253, "lat": 19.023517786561303 }, "geometry": { "type": "Polygon", "coordinates": [ [ [ 72.823751811920289, 19.021272008623825 ], [ 72.823751811920289, 19.025763564498781 ], [ 72.819001449536231, 19.025763564498781 ], [ 72.819001449536231, 19.021272008623825 ], [ 72.823751811920289, 19.021272008623825 ] ] ] } },
{ "type": "Feature", "properties": { "cell_id": 869, "lon": 72.826126993112311, "lat": 19.023517786561303 }, "geometry": { "type": "Polygon", "coordinates": [ [ [ 72.828502174304347, 19.021272008623825 ], [ 72.828502174304347, 19.025763564498781 ], [ 72.823751811920289, 19.025763564498781 ], [ 72.823751811920289, 19.021272008623825 ], [ 72.828502174304347, 19.021272008623825 ] ] ] } },
{ "type": "Feature", "properties": { "cell_id": 870, "lon": 72.830877355496369, "lat": 19.023517786561303 }, "geometry": { "type": "Polygon", "coordinates": [ [ [ 72.833252536688406, 19.021272008623825 ], [ 72.833252536688406, 19.025763564498781 ], [ 72.828502174304347, 19.025763564498781 ], [ 72.828502174304347, 19.021272008623825 ], [ 72.833252536688406, 19.021272008623825 ] ] ] } },
{ "type": "Feature", "properties": { "cell_id": 871, "lon": 72.835627717880428, "lat": 19.023517786561303 }, "geometry": { "type": "Polygon", "coordinates": [ [ [ 72.838002899072464, 19.021272008623825 ], [ 72.838002899072464, 19.025763564498781 ], [ 72.833252536688406, 19.025763564498781 ], [ 72.833252536688406, 19.021272008623825 ], [ 72.838002899072464, 19.021272008623825 ] ] ] } },
{ "type": "Feature", "properties": { "cell_id": 872, "lon": 72.840378080264486, "lat": 19.023517786561303 }, "geometry": { "type": "Polygon", "coordinates": [ [ [ 72.842753261456522, 19.021272008623825 ], [ 72.842753261456522, 19.025763564498781 ], [ 72.838002899072464, 19.025763564498781 ], [ 72.838002899072464, 19.021272008623825 ], [ 72.842753261456522, 19.021272008623825 ] ] ] } },
{ "type": "Feature", "properties": { "cell_id": 873, "lon": 72.845128442648544, "lat": 19.023517786561303 }, "geometry": { "type": "Polygon", "coordinates": [ [ [ 72.847503623840581, 19.021272008623825 ], [ 72.847503623840581, 19.025763564498781 ], [ 72.842753261456522, 19.025763564498781 ], [ 72.842753261456522, 19.021272008623825 ], [ 72.847503623840581, 19.021272008623825 ] ] ] } },
{ "type": "Feature", "properties": { "cell_id": 874, "lon": 72.849878805032603, "lat": 19.023517786561303 }, "geometry": { "type": "Polygon", "coordinates": [ [ [ 72.852253986224639, 19.021272008623825 ], [ 72.852253986224639, 19.025763564498781 ], [ 72.847503623840581, 19.025763564498781 ], [ 72.847503623840581, 19.021272008623825 ], [ 72.852253986224639, 19.021272008623825 ] ] ] } },
{ "type": "Feature", "properties": { "cell_id": 875, "lon": 72.854629167416661, "lat": 19.023517786561303 }, "geometry": { "type": "Polygon", "coordinates": [ [ [ 72.857004348608697, 19.021272008623825 ], [ 72.857004348608697, 19.025763564498781 ], [ 72.852253986224639, 19.025763564498781 ], [ 72.852253986224639, 19.021272008623825 ], [ 72.857004348608697, 19.021272008623825 ] ] ] } },
{ "type": "Feature", "properties": { "cell_id": 876, "lon": 72.859379529800719, "lat": 19.023517786561303 }, "geometry": { "type": "Polygon", "coordinates": [ [ [ 72.861754710992756, 19.021272008623825 ], [ 72.861754710992756, 19.025763564498781 ], [ 72.857004348608697, 19.025763564498781 ], [ 72.857004348608697, 19.021272008623825 ], [ 72.861754710992756, 19.021272008623825 ] ] ] } },
{ "type": "Feature", "properties": { "cell_id": 877, "lon": 72.864129892184778, "lat": 19.023517786561303 }, "geometry": { "type": "Polygon", "coordinates": [ [ [ 72.866505073376814, 19.021272008623825 ], [ 72.866505073376814, 19.025763564498781 ], [ 72.861754710992756, 19.025763564498781 ], [ 72.861754710992756, 19.021272008623825 ], [ 72.866505073376814, 19.021272008623825 ] ] ] } },
{ "type": "Feature", "properties": { "cell_id": 878, "lon": 72.868880254568836, "lat": 19.023517786561303 }, "geometry": { "type": "Polygon", "coordinates": [ [ [ 72.871255435760872, 19.021272008623825 ], [ 72.871255435760872, 19.025763564498781 ], [ 72.866505073376814, 19.025763564498781 ], [ 72.866505073376814, 19.021272008623825 ], [ 72.871255435760872, 19.021272008623825 ] ] ] } },
{ "type": "Feature", "properties": { "cell_id": 879, "lon": 72.873630616952894, "lat": 19.023517786561303 }, "geometry": { "type": "Polygon", "coordinates": [ [ [ 72.876005798144931, 19.021272008623825 ], [ 72.876005798144931, 19.025763564498781 ], [ 72.871255435760872, 19.025763564498781 ], [ 72.871255435760872, 19.021272008623825 ], [ 72.876005798144931, 19.021272008623825 ] ] ] } },
{ "type": "Feature", "properties": { "cell_id": 880, "lon": 72.878380979336953, "lat": 19.023517786561303 }, "geometry": { "type": "Polygon", "coordinates": [ [ [ 72.880756160528989, 19.021272008623825 ], [ 72.880756160528989, 19.025763564498781 ], [ 72.876005798144931, 19.025763564498781 ], [ 72.876005798144931, 19.021272008623825 ], [ 72.880756160528989, 19.021272008623825 ] ] ] } },
{ "type": "Feature", "properties": { "cell_id": 881, "lon": 72.883131341721011, "lat": 19.023517786561303 }, "geometry": { "type": "Polygon", "coordinates": [ [ [ 72.885506522913047, 19.021272008623825 ], [ 72.885506522913047, 19.025763564498781 ], [ 72.880756160528989, 19.025763564498781 ], [ 72.880756160528989, 19.021272008623825 ], [ 72.885506522913047, 19.021272008623825 ] ] ] } },
{ "type": "Feature", "properties": { "cell_id": 882, "lon": 72.88788170410507, "lat": 19.023517786561303 }, "geometry": { "type": "Polygon", "coordinates": [ [ [ 72.890256885297106, 19.021272008623825 ], [ 72.890256885297106, 19.025763564498781 ], [ 72.885506522913047, 19.025763564498781 ], [ 72.885506522913047, 19.021272008623825 ], [ 72.890256885297106, 19.021272008623825 ] ] ] } },
{ "type": "Feature", "properties": { "cell_id": 883, "lon": 72.892632066489128, "lat": 19.023517786561303 }, "geometry": { "type": "Polygon", "coordinates": [ [ [ 72.895007247681164, 19.021272008623825 ], [ 72.895007247681164, 19.025763564498781 ], [ 72.890256885297106, 19.025763564498781 ], [ 72.890256885297106, 19.021272008623825 ], [ 72.895007247681164, 19.021272008623825 ] ] ] } },
{ "type": "Feature", "properties": { "cell_id": 884, "lon": 72.897382428873186, "lat": 19.023517786561303 }, "geometry": { "type": "Polygon", "coordinates": [ [ [ 72.899757610065222, 19.021272008623825 ], [ 72.899757610065222, 19.025763564498781 ], [ 72.895007247681164, 19.025763564498781 ], [ 72.895007247681164, 19.021272008623825 ], [ 72.899757610065222, 19.021272008623825 ] ] ] } },
{ "type": "Feature", "properties": { "cell_id": 885, "lon": 72.902132791257245, "lat": 19.023517786561303 }, "geometry": { "type": "Polygon", "coordinates": [ [ [ 72.904507972449281, 19.021272008623825 ], [ 72.904507972449281, 19.025763564498781 ], [ 72.899757610065222, 19.025763564498781 ], [ 72.899757610065222, 19.021272008623825 ], [ 72.904507972449281, 19.021272008623825 ] ] ] } },
{ "type": "Feature", "properties": { "cell_id": 886, "lon": 72.906883153641303, "lat": 19.023517786561303 }, "geometry": { "type": "Polygon", "coordinates": [ [ [ 72.909258334833339, 19.021272008623825 ], [ 72.909258334833339, 19.025763564498781 ], [ 72.904507972449281, 19.025763564498781 ], [ 72.904507972449281, 19.021272008623825 ], [ 72.909258334833339, 19.021272008623825 ] ] ] } },
{ "type": "Feature", "properties": { "cell_id": 887, "lon": 72.911633516025361, "lat": 19.023517786561303 }, "geometry": { "type": "Polygon", "coordinates": [ [ [ 72.914008697217398, 19.021272008623825 ], [ 72.914008697217398, 19.025763564498781 ], [ 72.909258334833339, 19.025763564498781 ], [ 72.909258334833339, 19.021272008623825 ], [ 72.914008697217398, 19.021272008623825 ] ] ] } },
{ "type": "Feature", "properties": { "cell_id": 888, "lon": 72.91638387840942, "lat": 19.023517786561303 }, "geometry": { "type": "Polygon", "coordinates": [ [ [ 72.918759059601456, 19.021272008623825 ], [ 72.918759059601456, 19.025763564498781 ], [ 72.914008697217398, 19.025763564498781 ], [ 72.914008697217398, 19.021272008623825 ], [ 72.918759059601456, 19.021272008623825 ] ] ] } },
{ "type": "Feature", "properties": { "cell_id": 889, "lon": 72.921134240793478, "lat": 19.023517786561303 }, "geometry": { "type": "Polygon", "coordinates": [ [ [ 72.923509421985514, 19.021272008623825 ], [ 72.923509421985514, 19.025763564498781 ], [ 72.918759059601456, 19.025763564498781 ], [ 72.918759059601456, 19.021272008623825 ], [ 72.923509421985514, 19.021272008623825 ] ] ] } },
{ "type": "Feature", "properties": { "cell_id": 890, "lon": 72.925884603177536, "lat": 19.023517786561303 }, "geometry": { "type": "Polygon", "coordinates": [ [ [ 72.928259784369573, 19.021272008623825 ], [ 72.928259784369573, 19.025763564498781 ], [ 72.923509421985514, 19.025763564498781 ], [ 72.923509421985514, 19.021272008623825 ], [ 72.928259784369573, 19.021272008623825 ] ] ] } },
{ "type": "Feature", "properties": { "cell_id": 891, "lon": 72.930634965561595, "lat": 19.023517786561303 }, "geometry": { "type": "Polygon", "coordinates": [ [ [ 72.933010146753631, 19.021272008623825 ], [ 72.933010146753631, 19.025763564498781 ], [ 72.928259784369573, 19.025763564498781 ], [ 72.928259784369573, 19.021272008623825 ], [ 72.933010146753631, 19.021272008623825 ] ] ] } },
{ "type": "Feature", "properties": { "cell_id": 892, "lon": 72.935385327945653, "lat": 19.023517786561303 }, "geometry": { "type": "Polygon", "coordinates": [ [ [ 72.937760509137689, 19.021272008623825 ], [ 72.937760509137689, 19.025763564498781 ], [ 72.933010146753631, 19.025763564498781 ], [ 72.933010146753631, 19.021272008623825 ], [ 72.937760509137689, 19.021272008623825 ] ] ] } },
{ "type": "Feature", "properties": { "cell_id": 893, "lon": 72.940135690329711, "lat": 19.023517786561303 }, "geometry": { "type": "Polygon", "coordinates": [ [ [ 72.942510871521748, 19.021272008623825 ], [ 72.942510871521748, 19.025763564498781 ], [ 72.937760509137689, 19.025763564498781 ], [ 72.937760509137689, 19.021272008623825 ], [ 72.942510871521748, 19.021272008623825 ] ] ] } },
{ "type": "Feature", "properties": { "cell_id": 894, "lon": 72.94488605271377, "lat": 19.023517786561303 }, "geometry": { "type": "Polygon", "coordinates": [ [ [ 72.947261233905806, 19.021272008623825 ], [ 72.947261233905806, 19.025763564498781 ], [ 72.942510871521748, 19.025763564498781 ], [ 72.942510871521748, 19.021272008623825 ], [ 72.947261233905806, 19.021272008623825 ] ] ] } },
{ "type": "Feature", "properties": { "cell_id": 895, "lon": 72.949636415097828, "lat": 19.023517786561303 }, "geometry": { "type": "Polygon", "coordinates": [ [ [ 72.952011596289864, 19.021272008623825 ], [ 72.952011596289864, 19.025763564498781 ], [ 72.947261233905806, 19.025763564498781 ], [ 72.947261233905806, 19.021272008623825 ], [ 72.952011596289864, 19.021272008623825 ] ] ] } },
{ "type": "Feature", "properties": { "cell_id": 896, "lon": 72.802375181192019, "lat": 19.02800934243626 }, "geometry": { "type": "Polygon", "coordinates": [ [ [ 72.804750362384056, 19.025763564498781 ], [ 72.804750362384056, 19.030255120373738 ], [ 72.8, 19.030255120373738 ], [ 72.8, 19.025763564498781 ], [ 72.804750362384056, 19.025763564498781 ] ] ] } },
{ "type": "Feature", "properties": { "cell_id": 897, "lon": 72.807125543576078, "lat": 19.02800934243626 }, "geometry": { "type": "Polygon", "coordinates": [ [ [ 72.809500724768114, 19.025763564498781 ], [ 72.809500724768114, 19.030255120373738 ], [ 72.804750362384056, 19.030255120373738 ], [ 72.804750362384056, 19.025763564498781 ], [ 72.809500724768114, 19.025763564498781 ] ] ] } },
{ "type": "Feature", "properties": { "cell_id": 898, "lon": 72.811875905960136, "lat": 19.02800934243626 }, "geometry": { "type": "Polygon", "coordinates": [ [ [ 72.814251087152172, 19.025763564498781 ], [ 72.814251087152172, 19.030255120373738 ], [ 72.809500724768114, 19.030255120373738 ], [ 72.809500724768114, 19.025763564498781 ], [ 72.814251087152172, 19.025763564498781 ] ] ] } },
{ "type": "Feature", "properties": { "cell_id": 899, "lon": 72.816626268344194, "lat": 19.02800934243626 }, "geometry": { "type": "Polygon", "coordinates": [ [ [ 72.819001449536231, 19.025763564498781 ], [ 72.819001449536231, 19.030255120373738 ], [ 72.814251087152172, 19.030255120373738 ], [ 72.814251087152172, 19.025763564498781 ], [ 72.819001449536231, 19.025763564498781 ] ] ] } },
{ "type": "Feature", "properties": { "cell_id": 900, "lon": 72.821376630728253, "lat": 19.02800934243626 }, "geometry": { "type": "Polygon", "coordinates": [ [ [ 72.823751811920289, 19.025763564498781 ], [ 72.823751811920289, 19.030255120373738 ], [ 72.819001449536231, 19.030255120373738 ], [ 72.819001449536231, 19.025763564498781 ], [ 72.823751811920289, 19.025763564498781 ] ] ] } },
{ "type": "Feature", "properties": { "cell_id": 901, "lon": 72.826126993112311, "lat": 19.02800934243626 }, "geometry": { "type": "Polygon", "coordinates": [ [ [ 72.828502174304347, 19.025763564498781 ], [ 72.828502174304347, 19.030255120373738 ], [ 72.823751811920289, 19.030255120373738 ], [ 72.823751811920289, 19.025763564498781 ], [ 72.828502174304347, 19.025763564498781 ] ] ] } },
{ "type": "Feature", "properties": { "cell_id": 902, "lon": 72.830877355496369, "lat": 19.02800934243626 }, "geometry": { "type": "Polygon", "coordinates": [ [ [ 72.833252536688406, 19.025763564498781 ], [ 72.833252536688406, 19.030255120373738 ], [ 72.828502174304347, 19.030255120373738 ], [ 72.828502174304347, 19.025763564498781 ], [ 72.833252536688406, 19.025763564498781 ] ] ] } },
{ "type": "Feature", "properties": { "cell_id": 903, "lon": 72.835627717880428, "lat": 19.02800934243626 }, "geometry": { "type": "Polygon", "coordinates": [ [ [ 72.838002899072464, 19.025763564498781 ], [ 72.838002899072464, 19.030255120373738 ], [ 72.833252536688406, 19.030255120373738 ], [ 72.833252536688406, 19.025763564498781 ], [ 72.838002899072464, 19.025763564498781 ] ] ] } },
{ "type": "Feature", "properties": { "cell_id": 904, "lon": 72.840378080264486, "lat": 19.02800934243626 }, "geometry": { "type": "Polygon", "coordinates": [ [ [ 72.842753261456522, 19.025763564498781 ], [ 72.842753261456522, 19.030255120373738 ], [ 72.838002899072464, 19.030255120373738 ], [ 72.838002899072464, 19.025763564498781 ], [ 72.842753261456522, 19.025763564498781 ] ] ] } },
{ "type": "Feature", "properties": { "cell_id": 905, "lon": 72.845128442648544, "lat": 19.02800934243626 }, "geometry": { "type": "Polygon", "coordinates": [ [ [ 72.847503623840581, 19.025763564498781 ], [ 72.847503623840581, 19.030255120373738 ], [ 72.842753261456522, 19.030255120373738 ], [ 72.842753261456522, 19.025763564498781 ], [ 72.847503623840581, 19.025763564498781 ] ] ] } },
{ "type": "Feature", "properties": { "cell_id": 906, "lon": 72.849878805032603, "lat": 19.02800934243626 }, "geometry": { "type": "Polygon", "coordinates": [ [ [ 72.852253986224639, 19.025763564498781 ], [ 72.852253986224639, 19.030255120373738 ], [ 72.847503623840581, 19.030255120373738 ], [ 72.847503623840581, 19.025763564498781 ], [ 72.852253986224639, 19.025763564498781 ] ] ] } },
{ "type": "Feature", "properties": { "cell_id": 907, "lon": 72.854629167416661, "lat": 19.02800934243626 }, "geometry": { "type": "Polygon", "coordinates": [ [ [ 72.857004348608697, 19.025763564498781 ], [ 72.857004348608697, 19.030255120373738 ], [ 72.852253986224639, 19.030255120373738 ], [ 72.852253986224639, 19.025763564498781 ], [ 72.857004348608697, 19.025763564498781 ] ] ] } },
{ "type": "Feature", "properties": { "cell_id": 908, "lon": 72.859379529800719, "lat": 19.02800934243626 }, "geometry": { "type": "Polygon", "coordinates": [ [ [ 72.861754710992756, 19.025763564498781 ], [ 72.861754710992756, 19.030255120373738 ], [ 72.857004348608697, 19.030255120373738 ], [ 72.857004348608697, 19.025763564498781 ], [ 72.861754710992756, 19.025763564498781 ] ] ] } },
{ "type": "Feature", "properties": { "cell_id": 909, "lon": 72.864129892184778, "lat": 19.02800934243626 }, "geometry": { "type": "Polygon", "coordinates": [ [ [ 72.866505073376814, 19.025763564498781 ], [ 72.866505073376814, 19.030255120373738 ], [ 72.861754710992756, 19.030255120373738 ], [ 72.861754710992756, 19.025763564498781 ], [ 72.866505073376814, 19.025763564498781 ] ] ] } },
{ "type": "Feature", "properties": { "cell_id": 910, "lon": 72.868880254568836, "lat": 19.02800934243626 }, "geometry": { "type": "Polygon", "coordinates": [ [ [ 72.871255435760872, 19.025763564498781 ], [ 72.871255435760872, 19.030255120373738 ], [ 72.866505073376814, 19.030255120373738 ], [ 72.866505073376814, 19.025763564498781 ], [ 72.871255435760872, 19.025763564498781 ] ] ] } },
{ "type": "Feature", "properties": { "cell_id": 911, "lon": 72.873630616952894, "lat": 19.02800934243626 }, "geometry": { "type": "Polygon", "coordinates": [ [ [ 72.876005798144931, 19.025763564498781 ], [ 72.876005798144931, 19.030255120373738 ], [ 72.871255435760872, 19.030255120373738 ], [ 72.871255435760872, 19.025763564498781 ], [ 72.876005798144931, 19.025763564498781 ] ] ] } },
{ "type": "Feature", "properties": { "cell_id": 912, "lon": 72.878380979336953, "lat": 19.02800934243626 }, "geometry": { "type": "Polygon", "coordinates": [ [ [ 72.880756160528989, 19.025763564498781 ], [ 72.880756160528989, 19.030255120373738 ], [ 72.876005798144931, 19.030255120373738 ], [ 72.876005798144931, 19.025763564498781 ], [ 72.880756160528989, 19.025763564498781 ] ] ] } },
{ "type": "Feature", "properties": { "cell_id": 913, "lon": 72.883131341721011, "lat": 19.02800934243626 }, "geometry": { "type": "Polygon", "coordinates": [ [ [ 72.885506522913047, 19.025763564498781 ], [ 72.885506522913047, 19.030255120373738 ], [ 72.880756160528989, 19.030255120373738 ], [ 72.880756160528989, 19.025763564498781 ], [ 72.885506522913047, 19.025763564498781 ] ] ] } },
{ "type": "Feature", "properties": { "cell_id": 914, "lon": 72.88788170410507, "lat": 19.02800934243626 }, "geometry": { "type": "Polygon", "coordinates": [ [ [ 72.890256885297106, 19.025763564498781 ], [ 72.890256885297106, 19.030255120373738 ], [ 72.885506522913047, 19.030255120373738 ], [ 72.885506522913047, 19.025763564498781 ], [ 72.890256885297106, 19.025763564498781 ] ] ] } },
{ "type": "Feature", "properties": { "cell_id": 915, "lon": 72.892632066489128, "lat": 19.02800934243626 }, "geometry": { "type": "Polygon", "coordinates": [ [ [ 72.895007247681164, 19.025763564498781 ], [ 72.895007247681164, 19.030255120373738 ], [ 72.890256885297106, 19.030255120373738 ], [ 72.890256885297106, 19.025763564498781 ], [ 72.895007247681164, 19.025763564498781 ] ] ] } },
{ "type": "Feature", "properties": { "cell_id": 916, "lon": 72.897382428873186, "lat": 19.02800934243626 }, "geometry": { "type": "Polygon", "coordinates": [ [ [ 72.899757610065222, 19.025763564498781 ], [ 72.899757610065222, 19.030255120373738 ], [ 72.895007247681164, 19.030255120373738 ], [ 72.895007247681164, 19.025763564498781 ], [ 72.899757610065222, 19.025763564498781 ] ] ] } },
{ "type": "Feature", "properties": { "cell_id": 917, "lon": 72.902132791257245, "lat": 19.02800934243626 }, "geometry": { "type": "Polygon", "coordinates": [ [ [ 72.904507972449281, 19.025763564498781 ], [ 72.904507972449281, 19.030255120373738 ], [ 72.899757610065222, 19.030255120373738 ], [ 72.899757610065222, 19.025763564498781 ], [ 72.904507972449281, 19.025763564498781 ] ] ] } },
{ "type": "Feature", "properties": { "cell_id": 918, "lon": 72.906883153641303, "lat": 19.02800934243626 }, "geometry": { "type": "Polygon", "coordinates": [ [ [ 72.909258334833339, 19.025763564498781 ], [ 72.909258334833339, 19.030255120373738 ], [ 72.904507972449281, 19.030255120373738 ], [ 72.904507972449281, 19.025763564498781 ], [ 72.909258334833339, 19.025763564498781 ] ] ] } },
{ "type": "Feature", "properties": { "cell_id": 919, "lon": 72.911633516025361, "lat": 19.02800934243626 }, "geometry": { "type": "Polygon", "coordinates": [ [ [ 72.914008697217398, 19.025763564498781 ], [ 72.914008697217398, 19.030255120373738 ], [ 72.909258334833339, 19.030255120373738 ], [ 72.909258334833339, 19.025763564498781 ], [ 72.914008697217398, 19.025763564498781 ] ] ] } },
{ "type": "Feature", "properties": { "cell_id": 920, "lon": 72.91638387840942, "lat": 19.02800934243626 }, "geometry": { "type": "Polygon", "coordinates": [ [ [ 72.918759059601456, 19.025763564498781 ], [ 72.918759059601456, 19.030255120373738 ], [ 72.914008697217398, 19.030255120373738 ], [ 72.914008697217398, 19.025763564498781 ], [ 72.918759059601456, 19.025763564498781 ] ] ] } },
{ "type": "Feature", "properties": { "cell_id": 921, "lon": 72.921134240793478, "lat": 19.02800934243626 }, "geometry": { "type": "Polygon", "coordinates": [ [ [ 72.923509421985514, 19.025763564498781 ], [ 72.923509421985514, 19.030255120373738 ], [ 72.918759059601456, 19.030255120373738 ], [ 72.918759059601456, 19.025763564498781 ], [ 72.923509421985514, 19.025763564498781 ] ] ] } },
{ "type": "Feature", "properties": { "cell_id": 922, "lon": 72.925884603177536, "lat": 19.02800934243626 }, "geometry": { "type": "Polygon", "coordinates": [ [ [ 72.928259784369573, 19.025763564498781 ], [ 72.928259784369573, 19.030255120373738 ], [ 72.923509421985514, 19.030255120373738 ], [ 72.923509421985514, 19.025763564498781 ], [ 72.928259784369573, 19.025763564498781 ] ] ] } },
{ "type": "Feature", "properties": { "cell_id": 923, "lon": 72.930634965561595, "lat": 19.02800934243626 }, "geometry": { "type": "Polygon", "coordinates": [ [ [ 72.933010146753631, 19.025763564498781 ], [ 72.933010146753631, 19.030255120373738 ], [ 72.928259784369573, 19.030255120373738 ], [ 72.928259784369573, 19.025763564498781 ], [ 72.933010146753631, 19.025763564498781 ] ] ] } },
{ "type": "Feature", "properties": { "cell_id": 924, "lon": 72.935385327945653, "lat": 19.02800934243626 }, "geometry": { "type": "Polygon", "coordinates": [ [ [ 72.937760509137689, 19.025763564498781 ], [ 72.937760509137689, 19.030255120373738 ], [ 72.933010146753631, 19.030255120373738 ], [ 72.933010146753631, 19.025763564498781 ], [ 72.937760509137689, 19.025763564498781 ] ] ] } },
{ "type": "Feature", "properties": { "cell_id": 925, "lon": 72.940135690329711, "lat": 19.02800934243626 }, "geometry": { "type": "Polygon", "coordinates": [ [ [ 72.942510871521748, 19.025763564498781 ], [ 72.942510871521748, 19.030255120373738 ], [ 72.937760509137689, 19.030255120373738 ], [ 72.937760509137689, 19.025763564498781 ], [ 72.942510871521748, 19.025763564498781 ] ] ] } },
{ "type": "Feature", "properties": { "cell_id": 926, "lon": 72.94488605271377, "lat": 19.02800934243626 }, "geometry": { "type": "Polygon", "coordinates": [ [ [ 72.947261233905806, 19.025763564498781 ], [ 72.947261233905806, 19.030255120373738 ], [ 72.942510871521748, 19.030255120373738 ], [ 72.942510871521748, 19.025763564498781 ], [ 72.947261233905806, 19.025763564498781 ] ] ] } },
{ "type": "Feature", "properties": { "cell_id": 927, "lon": 72.949636415097828, "lat": 19.02800934243626 }, "geometry": { "type": "Polygon", "coordinates": [ [ [ 72.952011596289864, 19.025763564498781 ], [ 72.952011596289864, 19.030255120373738 ], [ 72.947261233905806, 19.030255120373738 ], [ 72.947261233905806, 19.025763564498781 ], [ 72.952011596289864, 19.025763564498781 ] ] ] } },
{ "type": "Feature", "properties": { "cell_id": 928, "lon": 72.802375181192019, "lat": 19.032500898311216 }, "geometry": { "type": "Polygon", "coordinates": [ [ [ 72.804750362384056, 19.030255120373738 ], [ 72.804750362384056, 19.034746676248695 ], [ 72.8, 19.034746676248695 ], [ 72.8, 19.030255120373738 ], [ 72.804750362384056, 19.030255120373738 ] ] ] } },
{ "type": "Feature", "properties": { "cell_id": 929, "lon": 72.807125543576078, "lat": 19.032500898311216 }, "geometry": { "type": "Polygon", "coordinates": [ [ [ 72.809500724768114, 19.030255120373738 ], [ 72.809500724768114, 19.034746676248695 ], [ 72.804750362384056, 19.034746676248695 ], [ 72.804750362384056, 19.030255120373738 ], [ 72.809500724768114, 19.030255120373738 ] ] ] } },
{ "type": "Feature", "properties": { "cell_id": 930, "lon": 72.811875905960136, "lat": 19.032500898311216 }, "geometry": { "type": "Polygon", "coordinates": [ [ [ 72.814251087152172, 19.030255120373738 ], [ 72.814251087152172, 19.034746676248695 ], [ 72.809500724768114, 19.034746676248695 ], [ 72.809500724768114, 19.030255120373738 ], [ 72.814251087152172, 19.030255120373738 ] ] ] } },
{ "type": "Feature", "properties": { "cell_id": 931, "lon": 72.816626268344194, "lat": 19.032500898311216 }, "geometry": { "type": "Polygon", "coordinates": [ [ [ 72.819001449536231, 19.030255120373738 ], [ 72.819001449536231, 19.034746676248695 ], [ 72.814251087152172, 19.034746676248695 ], [ 72.814251087152172, 19.030255120373738 ], [ 72.819001449536231, 19.030255120373738 ] ] ] } },
{ "type": "Feature", "properties": { "cell_id": 932, "lon": 72.821376630728253, "lat": 19.032500898311216 }, "geometry": { "type": "Polygon", "coordinates": [ [ [ 72.823751811920289, 19.030255120373738 ], [ 72.823751811920289, 19.034746676248695 ], [ 72.819001449536231, 19.034746676248695 ], [ 72.819001449536231, 19.030255120373738 ], [ 72.823751811920289, 19.030255120373738 ] ] ] } },
{ "type": "Feature", "properties": { "cell_id": 933, "lon": 72.826126993112311, "lat": 19.032500898311216 }, "geometry": { "type": "Polygon", "coordinates": [ [ [ 72.828502174304347, 19.030255120373738 ], [ 72.828502174304347, 19.034746676248695 ], [ 72.823751811920289, 19.034746676248695 ], [ 72.823751811920289, 19.030255120373738 ], [ 72.828502174304347, 19.030255120373738 ] ] ] } },
{ "type": "Feature", "properties": { "cell_id": 934, "lon": 72.830877355496369, "lat": 19.032500898311216 }, "geometry": { "type": "Polygon", "coordinates": [ [ [ 72.833252536688406, 19.030255120373738 ], [ 72.833252536688406, 19.034746676248695 ], [ 72.828502174304347, 19.034746676248695 ], [ 72.828502174304347, 19.030255120373738 ], [ 72.833252536688406, 19.030255120373738 ] ] ] } },
{ "type": "Feature", "properties": { "cell_id": 935, "lon": 72.835627717880428, "lat": 19.032500898311216 }, "geometry": { "type": "Polygon", "coordinates": [ [ [ 72.838002899072464, 19.030255120373738 ], [ 72.838002899072464, 19.034746676248695 ], [ 72.833252536688406, 19.034746676248695 ], [ 72.833252536688406, 19.030255120373738 ], [ 72.838002899072464, 19.030255120373738 ] ] ] } },
{ "type": "Feature", "properties": { "cell_id": 936, "lon": 72.840378080264486, "lat": 19.032500898311216 }, "geometry": { "type": "Polygon", "coordinates": [ [ [ 72.842753261456522, 19.030255120373738 ], [ 72.842753261456522, 19.034746676248695 ], [ 72.838002899072464, 19.034746676248695 ], [ 72.838002899072464, 19.030255120373738 ], [ 72.842753261456522, 19.030255120373738 ] ] ] } },
{ "type": "Feature", "properties": { "cell_id": 937, "lon": 72.845128442648544, "lat": 19.032500898311216 }, "geometry": { "type": "Polygon", "coordinates": [ [ [ 72.847503623840581, 19.030255120373738 ], [ 72.847503623840581, 19.034746676248695 ], [ 72.842753261456522, 19.034746676248695 ], [ 72.842753261456522, 19.030255120373738 ], [ 72.847503623840581, 19.030255120373738 ] ] ] } },
{ "type": "Feature", "properties": { "cell_id": 938, "lon": 72.849878805032603, "lat": 19.032500898311216 }, "geometry": { "type": "Polygon", "coordinates": [ [ [ 72.852253986224639, 19.030255120373738 ], [ 72.852253986224639, 19.034746676248695 ], [ 72.847503623840581, 19.034746676248695 ], [ 72.847503623840581, 19.030255120373738 ], [ 72.852253986224639, 19.030255120373738 ] ] ] } },
{ "type": "Feature", "properties": { "cell_id": 939, "lon": 72.854629167416661, "lat": 19.032500898311216 }, "geometry": { "type": "Polygon", "coordinates": [ [ [ 72.857004348608697, 19.030255120373738 ], [ 72.857004348608697, 19.034746676248695 ], [ 72.852253986224639, 19.034746676248695 ], [ 72.852253986224639, 19.030255120373738 ], [ 72.857004348608697, 19.030255120373738 ] ] ] } },
{ "type": "Feature", "properties": { "cell_id": 940, "lon": 72.859379529800719, "lat": 19.032500898311216 }, "geometry": { "type": "Polygon", "coordinates": [ [ [ 72.861754710992756, 19.030255120373738 ], [ 72.861754710992756, 19.034746676248695 ], [ 72.857004348608697, 19.034746676248695 ], [ 72.857004348608697, 19.030255120373738 ], [ 72.861754710992756, 19.030255120373738 ] ] ] } },
{ "type": "Feature", "properties": { "cell_id": 941, "lon": 72.864129892184778, "lat": 19.032500898311216 }, "geometry": { "type": "Polygon", "coordinates": [ [ [ 72.866505073376814, 19.030255120373738 ], [ 72.866505073376814, 19.034746676248695 ], [ 72.861754710992756, 19.034746676248695 ], [ 72.861754710992756, 19.030255120373738 ], [ 72.866505073376814, 19.030255120373738 ] ] ] } },
{ "type": "Feature", "properties": { "cell_id": 942, "lon": 72.868880254568836, "lat": 19.032500898311216 }, "geometry": { "type": "Polygon", "coordinates": [ [ [ 72.871255435760872, 19.030255120373738 ], [ 72.871255435760872, 19.034746676248695 ], [ 72.866505073376814, 19.034746676248695 ], [ 72.866505073376814, 19.030255120373738 ], [ 72.871255435760872, 19.030255120373738 ] ] ] } },
{ "type": "Feature", "properties": { "cell_id": 943, "lon": 72.873630616952894, "lat": 19.032500898311216 }, "geometry": { "type": "Polygon", "coordinates": [ [ [ 72.876005798144931, 19.030255120373738 ], [ 72.876005798144931, 19.034746676248695 ], [ 72.871255435760872, 19.034746676248695 ], [ 72.871255435760872, 19.030255120373738 ], [ 72.876005798144931, 19.030255120373738 ] ] ] } },
{ "type": "Feature", "properties": { "cell_id": 944, "lon": 72.878380979336953, "lat": 19.032500898311216 }, "geometry": { "type": "Polygon", "coordinates": [ [ [ 72.880756160528989, 19.030255120373738 ], [ 72.880756160528989, 19.034746676248695 ], [ 72.876005798144931, 19.034746676248695 ], [ 72.876005798144931, 19.030255120373738 ], [ 72.880756160528989, 19.030255120373738 ] ] ] } },
{ "type": "Feature", "properties": { "cell_id": 945, "lon": 72.883131341721011, "lat": 19.032500898311216 }, "geometry": { "type": "Polygon", "coordinates": [ [ [ 72.885506522913047, 19.030255120373738 ], [ 72.885506522913047, 19.034746676248695 ], [ 72.880756160528989, 19.034746676248695 ], [ 72.880756160528989, 19.030255120373738 ], [ 72.885506522913047, 19.030255120373738 ] ] ] } },
{ "type": "Feature", "properties": { "cell_id": 946, "lon": 72.88788170410507, "lat": 19.032500898311216 }, "geometry": { "type": "Polygon", "coordinates": [ [ [ 72.890256885297106, 19.030255120373738 ], [ 72.890256885297106, 19.034746676248695 ], [ 72.885506522913047, 19.034746676248695 ], [ 72.885506522913047, 19.030255120373738 ], [ 72.890256885297106, 19.030255120373738 ] ] ] } },
{ "type": "Feature", "properties": { "cell_id": 947, "lon": 72.892632066489128, "lat": 19.032500898311216 }, "geometry": { "type": "Polygon", "coordinates": [ [ [ 72.895007247681164, 19.030255120373738 ], [ 72.895007247681164, 19.034746676248695 ], [ 72.890256885297106, 19.034746676248695 ], [ 72.890256885297106, 19.030255120373738 ], [ 72.895007247681164, 19.030255120373738 ] ] ] } },
{ "type": "Feature", "properties": { "cell_id": 948, "lon": 72.897382428873186, "lat": 19.032500898311216 }, "geometry": { "type": "Polygon", "coordinates": [ [ [ 72.899757610065222, 19.030255120373738 ], [ 72.899757610065222, 19.034746676248695 ], [ 72.895007247681164, 19.034746676248695 ], [ 72.895007247681164, 19.030255120373738 ], [ 72.899757610065222, 19.030255120373738 ] ] ] } },
{ "type": "Feature", "properties": { "cell_id": 949, "lon": 72.902132791257245, "lat": 19.032500898311216 }, "geometry": { "type": "Polygon", "coordinates": [ [ [ 72.904507972449281, 19.030255120373738 ], [ 72.904507972449281, 19.034746676248695 ], [ 72.899757610065222, 19.034746676248695 ], [ 72.899757610065222, 19.030255120373738 ], [ 72.904507972449281, 19.030255120373738 ] ] ] } },
{ "type": "Feature", "properties": { "cell_id": 950, "lon": 72.906883153641303, "lat": 19.032500898311216 }, "geometry": { "type": "Polygon", "coordinates": [ [ [ 72.909258334833339, 19.030255120373738 ], [ 72.909258334833339, 19.034746676248695 ], [ 72.904507972449281, 19.034746676248695 ], [ 72.904507972449281, 19.030255120373738 ], [ 72.909258334833339, 19.030255120373738 ] ] ] } },
{ "type": "Feature", "properties": { "cell_id": 951, "lon": 72.911633516025361, "lat": 19.032500898311216 }, "geometry": { "type": "Polygon", "coordinates": [ [ [ 72.914008697217398, 19.030255120373738 ], [ 72.914008697217398, 19.034746676248695 ], [ 72.909258334833339, 19.034746676248695 ], [ 72.909258334833339, 19.030255120373738 ], [ 72.914008697217398, 19.030255120373738 ] ] ] } },
{ "type": "Feature", "properties": { "cell_id": 952, "lon": 72.91638387840942, "lat": 19.032500898311216 }, "geometry": { "type": "Polygon", "coordinates": [ [ [ 72.918759059601456, 19.030255120373738 ], [ 72.918759059601456, 19.034746676248695 ], [ 72.914008697217398, 19.034746676248695 ], [ 72.914008697217398, 19.030255120373738 ], [ 72.918759059601456, 19.030255120373738 ] ] ] } },
{ "type": "Feature", "properties": { "cell_id": 953, "lon": 72.921134240793478, "lat": 19.032500898311216 }, "geometry": { "type": "Polygon", "coordinates": [ [ [ 72.923509421985514, 19.030255120373738 ], [ 72.923509421985514, 19.034746676248695 ], [ 72.918759059601456, 19.034746676248695 ], [ 72.918759059601456, 19.030255120373738 ], [ 72.923509421985514, 19.030255120373738 ] ] ] } },
{ "type": "Feature", "properties": { "cell_id": 954, "lon": 72.925884603177536, "lat": 19.032500898311216 }, "geometry": { "type": "Polygon", "coordinates": [ [ [ 72.928259784369573, 19.030255120373738 ], [ 72.928259784369573, 19.034746676248695 ], [ 72.923509421985514, 19.034746676248695 ], [ 72.923509421985514, 19.030255120373738 ], [ 72.928259784369573, 19.030255120373738 ] ] ] } },
{ "type": "Feature", "properties": { "cell_id": 955, "lon": 72.930634965561595, "lat": 19.032500898311216 }, "geometry": { "type": "Polygon", "coordinates": [ [ [ 72.933010146753631, 19.030255120373738 ], [ 72.933010146753631, 19.034746676248695 ], [ 72.928259784369573, 19.034746676248695 ], [ 72.928259784369573, 19.030255120373738 ], [ 72.933010146753631, 19.030255120373738 ] ] ] } },
{ "type": "Feature", "properties": { "cell_id": 956, "lon": 72.935385327945653, "lat": 19.032500898311216 }, "geometry": { "type": "Polygon", "coordinates": [ [ [ 72.937760509137689, 19.030255120373738 ], [ 72.937760509137689, 19.034746676248695 ], [ 72.933010146753631, 19.034746676248695 ], [ 72.933010146753631, 19.030255120373738 ], [ 72.937760509137689, 19.030255120373738 ] ] ] } },
{ "type": "Feature", "properties": { "cell_id": 957, "lon": 72.940135690329711, "lat": 19.032500898311216 }, "geometry": { "type": "Polygon", "coordinates": [ [ [ 72.942510871521748, 19.030255120373738 ], [ 72.942510871521748, 19.034746676248695 ], [ 72.937760509137689, 19.034746676248695 ], [ 72.937760509137689, 19.030255120373738 ], [ 72.942510871521748, 19.030255120373738 ] ] ] } },
{ "type": "Feature", "properties": { "cell_id": 958, "lon": 72.94488605271377, "lat": 19.032500898311216 }, "geometry": { "type": "Polygon", "coordinates": [ [ [ 72.947261233905806, 19.030255120373738 ], [ 72.947261233905806, 19.034746676248695 ], [ 72.942510871521748, 19.034746676248695 ], [ 72.942510871521748, 19.030255120373738 ], [ 72.947261233905806, 19.030255120373738 ] ] ] } },
{ "type": "Feature", "properties": { "cell_id": 959, "lon": 72.949636415097828, "lat": 19.032500898311216 }, "geometry": { "type": "Polygon", "coordinates": [ [ [ 72.952011596289864, 19.030255120373738 ], [ 72.952011596289864, 19.034746676248695 ], [ 72.947261233905806, 19.034746676248695 ], [ 72.947261233905806, 19.030255120373738 ], [ 72.952011596289864, 19.030255120373738 ] ] ] } },
{ "type": "Feature", "properties": { "cell_id": 960, "lon": 72.802375181192019, "lat": 19.036992454186173 }, "geometry": { "type": "Polygon", "coordinates": [ [ [ 72.804750362384056, 19.034746676248695 ], [ 72.804750362384056, 19.039238232123651 ], [ 72.8, 19.039238232123651 ], [ 72.8, 19.034746676248695 ], [ 72.804750362384056, 19.034746676248695 ] ] ] } },
{ "type": "Feature", "properties": { "cell_id": 961, "lon": 72.807125543576078, "lat": 19.036992454186173 }, "geometry": { "type": "Polygon", "coordinates": [ [ [ 72.809500724768114, 19.034746676248695 ], [ 72.809500724768114, 19.039238232123651 ], [ 72.804750362384056, 19.039238232123651 ], [ 72.804750362384056, 19.034746676248695 ], [ 72.809500724768114, 19.034746676248695 ] ] ] } },
{ "type": "Feature", "properties": { "cell_id": 962, "lon": 72.811875905960136, "lat": 19.036992454186173 }, "geometry": { "type": "Polygon", "coordinates": [ [ [ 72.814251087152172, 19.034746676248695 ], [ 72.814251087152172, 19.039238232123651 ], [ 72.809500724768114, 19.039238232123651 ], [ 72.809500724768114, 19.034746676248695 ], [ 72.814251087152172, 19.034746676248695 ] ] ] } },
{ "type": "Feature", "properties": { "cell_id": 963, "lon": 72.816626268344194, "lat": 19.036992454186173 }, "geometry": { "type": "Polygon", "coordinates": [ [ [ 72.819001449536231, 19.034746676248695 ], [ 72.819001449536231, 19.039238232123651 ], [ 72.814251087152172, 19.039238232123651 ], [ 72.814251087152172, 19.034746676248695 ], [ 72.819001449536231, 19.034746676248695 ] ] ] } },
{ "type": "Feature", "properties": { "cell_id": 964, "lon": 72.821376630728253, "lat": 19.036992454186173 }, "geometry": { "type": "Polygon", "coordinates": [ [ [ 72.823751811920289, 19.034746676248695 ], [ 72.823751811920289, 19.039238232123651 ], [ 72.819001449536231, 19.039238232123651 ], [ 72.819001449536231, 19.034746676248695 ], [ 72.823751811920289, 19.034746676248695 ] ] ] } },
{ "type": "Feature", "properties": { "cell_id": 965, "lon": 72.826126993112311, "lat": 19.036992454186173 }, "geometry": { "type": "Polygon", "coordinates": [ [ [ 72.828502174304347, 19.034746676248695 ], [ 72.828502174304347, 19.039238232123651 ], [ 72.823751811920289, 19.039238232123651 ], [ 72.823751811920289, 19.034746676248695 ], [ 72.828502174304347, 19.034746676248695 ] ] ] } },
{ "type": "Feature", "properties": { "cell_id": 966, "lon": 72.830877355496369, "lat": 19.036992454186173 }, "geometry": { "type": "Polygon", "coordinates": [ [ [ 72.833252536688406, 19.034746676248695 ], [ 72.833252536688406, 19.039238232123651 ], [ 72.828502174304347, 19.039238232123651 ], [ 72.828502174304347, 19.034746676248695 ], [ 72.833252536688406, 19.034746676248695 ] ] ] } },
{ "type": "Feature", "properties": { "cell_id": 967, "lon": 72.835627717880428, "lat": 19.036992454186173 }, "geometry": { "type": "Polygon", "coordinates": [ [ [ 72.838002899072464, 19.034746676248695 ], [ 72.838002899072464, 19.039238232123651 ], [ 72.833252536688406, 19.039238232123651 ], [ 72.833252536688406, 19.034746676248695 ], [ 72.838002899072464, 19.034746676248695 ] ] ] } },
{ "type": "Feature", "properties": { "cell_id": 968, "lon": 72.840378080264486, "lat": 19.036992454186173 }, "geometry": { "type": "Polygon", "coordinates": [ [ [ 72.842753261456522, 19.034746676248695 ], [ 72.842753261456522, 19.039238232123651 ], [ 72.838002899072464, 19.039238232123651 ], [ 72.838002899072464, 19.034746676248695 ], [ 72.842753261456522, 19.034746676248695 ] ] ] } },
{ "type": "Feature", "properties": { "cell_id": 969, "lon": 72.845128442648544, "lat": 19.036992454186173 }, "geometry": { "type": "Polygon", "coordinates": [ [ [ 72.847503623840581, 19.034746676248695 ], [ 72.847503623840581, 19.039238232123651 ], [ 72.842753261456522, 19.039238232123651 ], [ 72.842753261456522, 19.034746676248695 ], [ 72.847503623840581, 19.034746676248695 ] ] ] } },
{ "type": "Feature", "properties": { "cell_id": 970, "lon": 72.849878805032603, "lat": 19.036992454186173 }, "geometry": { "type": "Polygon", "coordinates": [ [ [ 72.852253986224639, 19.034746676248695 ], [ 72.852253986224639, 19.039238232123651 ], [ 72.847503623840581, 19.039238232123651 ], [ 72.847503623840581, 19.034746676248695 ], [ 72.852253986224639, 19.034746676248695 ] ] ] } },
{ "type": "Feature", "properties": { "cell_id": 971, "lon": 72.854629167416661, "lat": 19.036992454186173 }, "geometry": { "type": "Polygon", "coordinates": [ [ [ 72.857004348608697, 19.034746676248695 ], [ 72.857004348608697, 19.039238232123651 ], [ 72.852253986224639, 19.039238232123651 ], [ 72.852253986224639, 19.034746676248695 ], [ 72.857004348608697, 19.034746676248695 ] ] ] } },
{ "type": "Feature", "properties": { "cell_id": 972, "lon": 72.859379529800719, "lat": 19.036992454186173 }, "geometry": { "type": "Polygon", "coordinates": [ [ [ 72.861754710992756, 19.034746676248695 ], [ 72.861754710992756, 19.039238232123651 ], [ 72.857004348608697, 19.039238232123651 ], [ 72.857004348608697, 19.034746676248695 ], [ 72.861754710992756, 19.034746676248695 ] ] ] } },
{ "type": "Feature", "properties": { "cell_id": 973, "lon": 72.864129892184778, "lat": 19.036992454186173 }, "geometry": { "type": "Polygon", "coordinates": [ [ [ 72.866505073376814, 19.034746676248695 ], [ 72.866505073376814, 19.039238232123651 ], [ 72.861754710992756, 19.039238232123651 ], [ 72.861754710992756, 19.034746676248695 ], [ 72.866505073376814, 19.034746676248695 ] ] ] } },
{ "type": "Feature", "properties": { "cell_id": 974, "lon": 72.868880254568836, "lat": 19.036992454186173 }, "geometry": { "type": "Polygon", "coordinates": [ [ [ 72.871255435760872, 19.034746676248695 ], [ 72.871255435760872, 19.039238232123651 ], [ 72.866505073376814, 19.039238232123651 ], [ 72.866505073376814, 19.034746676248695 ], [ 72.871255435760872, 19.034746676248695 ] ] ] } },
{ "type": "Feature", "properties": { "cell_id": 975, "lon": 72.873630616952894, "lat": 19.036992454186173 }, "geometry": { "type": "Polygon", "coordinates": [ [ [ 72.876005798144931, 19.034746676248695 ], [ 72.876005798144931, 19.039238232123651 ], [ 72.871255435760872, 19.039238232123651 ], [ 72.871255435760872, 19.034746676248695 ], [ 72.876005798144931, 19.034746676248695 ] ] ] } },
{ "type": "Feature", "properties": { "cell_id": 976, "lon": 72.878380979336953, "lat": 19.036992454186173 }, "geometry": { "type": "Polygon", "coordinates": [ [ [ 72.880756160528989, 19.034746676248695 ], [ 72.880756160528989, 19.039238232123651 ], [ 72.876005798144931, 19.039238232123651 ], [ 72.876005798144931, 19.034746676248695 ], [ 72.880756160528989, 19.034746676248695 ] ] ] } },
{ "type": "Feature", "properties": { "cell_id": 977, "lon": 72.883131341721011, "lat": 19.036992454186173 }, "geometry": { "type": "Polygon", "coordinates": [ [ [ 72.885506522913047, 19.034746676248695 ], [ 72.885506522913047, 19.039238232123651 ], [ 72.880756160528989, 19.039238232123651 ], [ 72.880756160528989, 19.034746676248695 ], [ 72.885506522913047, 19.034746676248695 ] ] ] } },
{ "type": "Feature", "properties": { "cell_id": 978, "lon": 72.88788170410507, "lat": 19.036992454186173 }, "geometry": { "type": "Polygon", "coordinates": [ [ [ 72.890256885297106, 19.034746676248695 ], [ 72.890256885297106, 19.039238232123651 ], [ 72.885506522913047, 19.039238232123651 ], [ 72.885506522913047, 19.034746676248695 ], [ 72.890256885297106, 19.034746676248695 ] ] ] } },
{ "type": "Feature", "properties": { "cell_id": 979, "lon": 72.892632066489128, "lat": 19.036992454186173 }, "geometry": { "type": "Polygon", "coordinates": [ [ [ 72.895007247681164, 19.034746676248695 ], [ 72.895007247681164, 19.039238232123651 ], [ 72.890256885297106, 19.039238232123651 ], [ 72.890256885297106, 19.034746676248695 ], [ 72.895007247681164, 19.034746676248695 ] ] ] } },
{ "type": "Feature", "properties": { "cell_id": 980, "lon": 72.897382428873186, "lat": 19.036992454186173 }, "geometry": { "type": "Polygon", "coordinates": [ [ [ 72.899757610065222, 19.034746676248695 ], [ 72.899757610065222, 19.039238232123651 ], [ 72.895007247681164, 19.039238232123651 ], [ 72.895007247681164, 19.034746676248695 ], [ 72.899757610065222, 19.034746676248695 ] ] ] } },
{ "type": "Feature", "properties": { "cell_id": 981, "lon": 72.902132791257245, "lat": 19.036992454186173 }, "geometry": { "type": "Polygon", "coordinates": [ [ [ 72.904507972449281, 19.034746676248695 ], [ 72.904507972449281, 19.039238232123651 ], [ 72.899757610065222, 19.039238232123651 ], [ 72.899757610065222, 19.034746676248695 ], [ 72.904507972449281, 19.034746676248695 ] ] ] } },
{ "type": "Feature", "properties": { "cell_id": 982, "lon": 72.906883153641303, "lat": 19.036992454186173 }, "geometry": { "type": "Polygon", "coordinates": [ [ [ 72.909258334833339, 19.034746676248695 ], [ 72.909258334833339, 19.039238232123651 ], [ 72.904507972449281, 19.039238232123651 ], [ 72.904507972449281, 19.034746676248695 ], [ 72.909258334833339, 19.034746676248695 ] ] ] } },
{ "type": "Feature", "properties": { "cell_id": 983, "lon": 72.911633516025361, "lat": 19.036992454186173 }, "geometry": { "type": "Polygon", "coordinates": [ [ [ 72.914008697217398, 19.034746676248695 ], [ 72.914008697217398, 19.039238232123651 ], [ 72.909258334833339, 19.039238232123651 ], [ 72.909258334833339, 19.034746676248695 ], [ 72.914008697217398, 19.034746676248695 ] ] ] } },
{ "type": "Feature", "properties": { "cell_id": 984, "lon": 72.91638387840942, "lat": 19.036992454186173 }, "geometry": { "type": "Polygon", "coordinates": [ [ [ 72.918759059601456, 19.034746676248695 ], [ 72.918759059601456, 19.039238232123651 ], [ 72.914008697217398, 19.039238232123651 ], [ 72.914008697217398, 19.034746676248695 ], [ 72.918759059601456, 19.034746676248695 ] ] ] } },
{ "type": "Feature", "properties": { "cell_id": 985, "lon": 72.921134240793478, "lat": 19.036992454186173 }, "geometry": { "type": "Polygon", "coordinates": [ [ [ 72.923509421985514, 19.034746676248695 ], [ 72.923509421985514, 19.039238232123651 ], [ 72.918759059601456, 19.039238232123651 ], [ 72.918759059601456, 19.034746676248695 ], [ 72.923509421985514, 19.034746676248695 ] ] ] } },
{ "type": "Feature", "properties": { "cell_id": 986, "lon": 72.925884603177536, "lat": 19.036992454186173 }, "geometry": { "type": "Polygon", "coordinates": [ [ [ 72.928259784369573, 19.034746676248695 ], [ 72.928259784369573, 19.039238232123651 ], [ 72.923509421985514, 19.039238232123651 ], [ 72.923509421985514, 19.034746676248695 ], [ 72.928259784369573, 19.034746676248695 ] ] ] } },
{ "type": "Feature", "properties": { "cell_id": 987, "lon": 72.930634965561595, "lat": 19.036992454186173 }, "geometry": { "type": "Polygon", "coordinates": [ [ [ 72.933010146753631, 19.034746676248695 ], [ 72.933010146753631, 19.039238232123651 ], [ 72.928259784369573, 19.039238232123651 ], [ 72.928259784369573, 19.034746676248695 ], [ 72.933010146753631, 19.034746676248695 ] ] ] } },
{ "type": "Feature", "properties": { "cell_id": 988, "lon": 72.935385327945653, "lat": 19.036992454186173 }, "geometry": { "type": "Polygon", "coordinates": [ [ [ 72.937760509137689, 19.034746676248695 ], [ 72.937760509137689, 19.039238232123651 ], [ 72.933010146753631, 19.039238232123651 ], [ 72.933010146753631, 19.034746676248695 ], [ 72.937760509137689, 19.034746676248695 ] ] ] } },
{ "type": "Feature", "properties": { "cell_id": 989, "lon": 72.940135690329711, "lat": 19.036992454186173 }, "geometry": { "type": "Polygon", "coordinates": [ [ [ 72.942510871521748, 19.034746676248695 ], [ 72.942510871521748, 19.039238232123651 ], [ 72.937760509137689, 19.039238232123651 ], [ 72.937760509137689, 19.034746676248695 ], [ 72.942510871521748, 19.034746676248695 ] ] ] } },
{ "type": "Feature", "properties": { "cell_id": 990, "lon": 72.94488605271377, "lat": 19.036992454186173 }, "geometry": { "type": "Polygon", "coordinates": [ [ [ 72.947261233905806, 19.034746676248695 ], [ 72.947261233905806, 19.039238232123651 ], [ 72.942510871521748, 19.039238232123651 ], [ 72.942510871521748, 19.034746676248695 ], [ 72.947261233905806, 19.034746676248695 ] ] ] } },
{ "type": "Feature", "properties": { "cell_id": 991, "lon": 72.949636415097828, "lat": 19.036992454186173 }, "geometry": { "type": "Polygon", "coordinates": [ [ [ 72.952011596289864, 19.034746676248695 ], [ 72.952011596289864, 19.039238232123651 ], [ 72.947261233905806, 19.039238232123651 ], [ 72.947261233905806, 19.034746676248695 ], [ 72.952011596289864, 19.034746676248695 ] ] ] } },
{ "type": "Feature", "properties": { "cell_id": 992, "lon": 72.802375181192019, "lat": 19.041484010061129 }, "geometry": { "type": "Polygon", "coordinates": [ [ [ 72.804750362384056, 19.039238232123651 ], [ 72.804750362384056, 19.043729787998608 ], [ 72.8, 19.043729787998608 ], [ 72.8, 19.039238232123651 ], [ 72.804750362384056, 19.039238232123651 ] ] ] } },
{ "type": "Feature", "properties": { "cell_id": 993, "lon": 72.807125543576078, "lat": 19.041484010061129 }, "geometry": { "type": "Polygon", "coordinates": [ [ [ 72.809500724768114, 19.039238232123651 ], [ 72.809500724768114, 19.043729787998608 ], [ 72.804750362384056, 19.043729787998608 ], [ 72.804750362384056, 19.039238232123651 ], [ 72.809500724768114, 19.039238232123651 ] ] ] } },
{ "type": "Feature", "properties": { "cell_id": 994, "lon": 72.811875905960136, "lat": 19.041484010061129 }, "geometry": { "type": "Polygon", "coordinates": [ [ [ 72.814251087152172, 19.039238232123651 ], [ 72.814251087152172, 19.043729787998608 ], [ 72.809500724768114, 19.043729787998608 ], [ 72.809500724768114, 19.039238232123651 ], [ 72.814251087152172, 19.039238232123651 ] ] ] } },
{ "type": "Feature", "properties": { "cell_id": 995, "lon": 72.816626268344194, "lat": 19.041484010061129 }, "geometry": { "type": "Polygon", "coordinates": [ [ [ 72.819001449536231, 19.039238232123651 ], [ 72.819001449536231, 19.043729787998608 ], [ 72.814251087152172, 19.043729787998608 ], [ 72.814251087152172, 19.039238232123651 ], [ 72.819001449536231, 19.039238232123651 ] ] ] } },
{ "type": "Feature", "properties": { "cell_id": 996, "lon": 72.821376630728253, "lat": 19.041484010061129 }, "geometry": { "type": "Polygon", "coordinates": [ [ [ 72.823751811920289, 19.039238232123651 ], [ 72.823751811920289, 19.043729787998608 ], [ 72.819001449536231, 19.043729787998608 ], [ 72.819001449536231, 19.039238232123651 ], [ 72.823751811920289, 19.039238232123651 ] ] ] } },
{ "type": "Feature", "properties": { "cell_id": 997, "lon": 72.826126993112311, "lat": 19.041484010061129 }, "geometry": { "type": "Polygon", "coordinates": [ [ [ 72.828502174304347, 19.039238232123651 ], [ 72.828502174304347, 19.043729787998608 ], [ 72.823751811920289, 19.043729787998608 ], [ 72.823751811920289, 19.039238232123651 ], [ 72.828502174304347, 19.039238232123651 ] ] ] } },
{ "type": "Feature", "properties": { "cell_id": 998, "lon": 72.830877355496369, "lat": 19.041484010061129 }, "geometry": { "type": "Polygon", "coordinates": [ [ [ 72.833252536688406, 19.039238232123651 ], [ 72.833252536688406, 19.043729787998608 ], [ 72.828502174304347, 19.043729787998608 ], [ 72.828502174304347, 19.039238232123651 ], [ 72.833252536688406, 19.039238232123651 ] ] ] } },
{ "type": "Feature", "properties": { "cell_id": 999, "lon": 72.835627717880428, "lat": 19.041484010061129 }, "geometry": { "type": "Polygon", "coordinates": [ [ [ 72.838002899072464, 19.039238232123651 ], [ 72.838002899072464, 19.043729787998608 ], [ 72.833252536688406, 19.043729787998608 ], [ 72.833252536688406, 19.039238232123651 ], [ 72.838002899072464, 19.039238232123651 ] ] ] } },
{ "type": "Feature", "properties": { "cell_id": 1000, "lon": 72.840378080264486, "lat": 19.041484010061129 }, "geometry": { "type": "Polygon", "coordinates": [ [ [ 72.842753261456522, 19.039238232123651 ], [ 72.842753261456522, 19.043729787998608 ], [ 72.838002899072464, 19.043729787998608 ], [ 72.838002899072464, 19.039238232123651 ], [ 72.842753261456522, 19.039238232123651 ] ] ] } },
{ "type": "Feature", "properties": { "cell_id": 1001, "lon": 72.845128442648544, "lat": 19.041484010061129 }, "geometry": { "type": "Polygon", "coordinates": [ [ [ 72.847503623840581, 19.039238232123651 ], [ 72.847503623840581, 19.043729787998608 ], [ 72.842753261456522, 19.043729787998608 ], [ 72.842753261456522, 19.039238232123651 ], [ 72.847503623840581, 19.039238232123651 ] ] ] } },
{ "type": "Feature", "properties": { "cell_id": 1002, "lon": 72.849878805032603, "lat": 19.041484010061129 }, "geometry": { "type": "Polygon", "coordinates": [ [ [ 72.852253986224639, 19.039238232123651 ], [ 72.852253986224639, 19.043729787998608 ], [ 72.847503623840581, 19.043729787998608 ], [ 72.847503623840581, 19.039238232123651 ], [ 72.852253986224639, 19.039238232123651 ] ] ] } },
{ "type": "Feature", "properties": { "cell_id": 1003, "lon": 72.854629167416661, "lat": 19.041484010061129 }, "geometry": { "type": "Polygon", "coordinates": [ [ [ 72.857004348608697, 19.039238232123651 ], [ 72.857004348608697, 19.043729787998608 ], [ 72.852253986224639, 19.043729787998608 ], [ 72.852253986224639, 19.039238232123651 ], [ 72.857004348608697, 19.039238232123651 ] ] ] } },
{ "type": "Feature", "properties": { "cell_id": 1004, "lon": 72.859379529800719, "lat": 19.041484010061129 }, "geometry": { "type": "Polygon", "coordinates": [ [ [ 72.861754710992756, 19.039238232123651 ], [ 72.861754710992756, 19.043729787998608 ], [ 72.857004348608697, 19.043729787998608 ], [ 72.857004348608697, 19.039238232123651 ], [ 72.861754710992756, 19.039238232123651 ] ] ] } },
{ "type": "Feature", "properties": { "cell_id": 1005, "lon": 72.864129892184778, "lat": 19.041484010061129 }, "geometry": { "type": "Polygon", "coordinates": [ [ [ 72.866505073376814, 19.039238232123651 ], [ 72.866505073376814, 19.043729787998608 ], [ 72.861754710992756, 19.043729787998608 ], [ 72.861754710992756, 19.039238232123651 ], [ 72.866505073376814, 19.039238232123651 ] ] ] } },
{ "type": "Feature", "properties": { "cell_id": 1006, "lon": 72.868880254568836, "lat": 19.041484010061129 }, "geometry": { "type": "Polygon", "coordinates": [ [ [ 72.871255435760872, 19.039238232123651 ], [ 72.871255435760872, 19.043729787998608 ], [ 72.866505073376814, 19.043729787998608 ], [ 72.866505073376814, 19.039238232123651 ], [ 72.871255435760872, 19.039238232123651 ] ] ] } },
{ "type": "Feature", "properties": { "cell_id": 1007, "lon": 72.873630616952894, "lat": 19.041484010061129 }, "geometry": { "type": "Polygon", "coordinates": [ [ [ 72.876005798144931, 19.039238232123651 ], [ 72.876005798144931, 19.043729787998608 ], [ 72.871255435760872, 19.043729787998608 ], [ 72.871255435760872, 19.039238232123651 ], [ 72.876005798144931, 19.039238232123651 ] ] ] } },
{ "type": "Feature", "properties": { "cell_id": 1008, "lon": 72.878380979336953, "lat": 19.041484010061129 }, "geometry": { "type": "Polygon", "coordinates": [ [ [ 72.880756160528989, 19.039238232123651 ], [ 72.880756160528989, 19.043729787998608 ], [ 72.876005798144931, 19.043729787998608 ], [ 72.876005798144931, 19.039238232123651 ], [ 72.880756160528989, 19.039238232123651 ] ] ] } },
{ "type": "Feature", "properties": { "cell_id": 1009, "lon": 72.883131341721011, "lat": 19.041484010061129 }, "geometry": { "type": "Polygon", "coordinates": [ [ [ 72.885506522913047, 19.039238232123651 ], [ 72.885506522913047, 19.043729787998608 ], [ 72.880756160528989, 19.043729787998608 ], [ 72.880756160528989, 19.039238232123651 ], [ 72.885506522913047, 19.039238232123651 ] ] ] } },
{ "type": "Feature", "properties": { "cell_id": 1010, "lon": 72.88788170410507, "lat": 19.041484010061129 }, "geometry": { "type": "Polygon", "coordinates": [ [ [ 72.890256885297106, 19.039238232123651 ], [ 72.890256885297106, 19.043729787998608 ], [ 72.885506522913047, 19.043729787998608 ], [ 72.885506522913047, 19.039238232123651 ], [ 72.890256885297106, 19.039238232123651 ] ] ] } },
{ "type": "Feature", "properties": { "cell_id": 1011, "lon": 72.892632066489128, "lat": 19.041484010061129 }, "geometry": { "type": "Polygon", "coordinates": [ [ [ 72.895007247681164, 19.039238232123651 ], [ 72.895007247681164, 19.043729787998608 ], [ 72.890256885297106, 19.043729787998608 ], [ 72.890256885297106, 19.039238232123651 ], [ 72.895007247681164, 19.039238232123651 ] ] ] } },
{ "type": "Feature", "properties": { "cell_id": 1012, "lon": 72.897382428873186, "lat": 19.041484010061129 }, "geometry": { "type": "Polygon", "coordinates": [ [ [ 72.899757610065222, 19.039238232123651 ], [ 72.899757610065222, 19.043729787998608 ], [ 72.895007247681164, 19.043729787998608 ], [ 72.895007247681164, 19.039238232123651 ], [ 72.899757610065222, 19.039238232123651 ] ] ] } },
{ "type": "Feature", "properties": { "cell_id": 1013, "lon": 72.902132791257245, "lat": 19.041484010061129 }, "geometry": { "type": "Polygon", "coordinates": [ [ [ 72.904507972449281, 19.039238232123651 ], [ 72.904507972449281, 19.043729787998608 ], [ 72.899757610065222, 19.043729787998608 ], [ 72.899757610065222, 19.039238232123651 ], [ 72.904507972449281, 19.039238232123651 ] ] ] } },
{ "type": "Feature", "properties": { "cell_id": 1014, "lon": 72.906883153641303, "lat": 19.041484010061129 }, "geometry": { "type": "Polygon", "coordinates": [ [ [ 72.909258334833339, 19.039238232123651 ], [ 72.909258334833339, 19.043729787998608 ], [ 72.904507972449281, 19.043729787998608 ], [ 72.904507972449281, 19.039238232123651 ], [ 72.909258334833339, 19.039238232123651 ] ] ] } },
{ "type": "Feature", "properties": { "cell_id": 1015, "lon": 72.911633516025361, "lat": 19.041484010061129 }, "geometry": { "type": "Polygon", "coordinates": [ [ [ 72.914008697217398, 19.039238232123651 ], [ 72.914008697217398, 19.043729787998608 ], [ 72.909258334833339, 19.043729787998608 ], [ 72.909258334833339, 19.039238232123651 ], [ 72.914008697217398, 19.039238232123651 ] ] ] } },
{ "type": "Feature", "properties": { "cell_id": 1016, "lon": 72.91638387840942, "lat": 19.041484010061129 }, "geometry": { "type": "Polygon", "coordinates": [ [ [ 72.918759059601456, 19.039238232123651 ], [ 72.918759059601456, 19.043729787998608 ], [ 72.914008697217398, 19.043729787998608 ], [ 72.914008697217398, 19.039238232123651 ], [ 72.918759059601456, 19.039238232123651 ] ] ] } },
{ "type": "Feature", "properties": { "cell_id": 1017, "lon": 72.921134240793478, "lat": 19.041484010061129 }, "geometry": { "type": "Polygon", "coordinates": [ [ [ 72.923509421985514, 19.039238232123651 ], [ 72.923509421985514, 19.043729787998608 ], [ 72.918759059601456, 19.043729787998608 ], [ 72.918759059601456, 19.039238232123651 ], [ 72.923509421985514, 19.039238232123651 ] ] ] } },
{ "type": "Feature", "properties": { "cell_id": 1018, "lon": 72.925884603177536, "lat": 19.041484010061129 }, "geometry": { "type": "Polygon", "coordinates": [ [ [ 72.928259784369573, 19.039238232123651 ], [ 72.928259784369573, 19.043729787998608 ], [ 72.923509421985514, 19.043729787998608 ], [ 72.923509421985514, 19.039238232123651 ], [ 72.928259784369573, 19.039238232123651 ] ] ] } },
{ "type": "Feature", "properties": { "cell_id": 1019, "lon": 72.930634965561595, "lat": 19.041484010061129 }, "geometry": { "type": "Polygon", "coordinates": [ [ [ 72.933010146753631, 19.039238232123651 ], [ 72.933010146753631, 19.043729787998608 ], [ 72.928259784369573, 19.043729787998608 ], [ 72.928259784369573, 19.039238232123651 ], [ 72.933010146753631, 19.039238232123651 ] ] ] } },
{ "type": "Feature", "properties": { "cell_id": 1020, "lon": 72.935385327945653, "lat": 19.041484010061129 }, "geometry": { "type": "Polygon", "coordinates": [ [ [ 72.937760509137689, 19.039238232123651 ], [ 72.937760509137689, 19.043729787998608 ], [ 72.933010146753631, 19.043729787998608 ], [ 72.933010146753631, 19.039238232123651 ], [ 72.937760509137689, 19.039238232123651 ] ] ] } },
{ "type": "Feature", "properties": { "cell_id": 1021, "lon": 72.940135690329711, "lat": 19.041484010061129 }, "geometry": { "type": "Polygon", "coordinates": [ [ [ 72.942510871521748, 19.039238232123651 ], [ 72.942510871521748, 19.043729787998608 ], [ 72.937760509137689, 19.043729787998608 ], [ 72.937760509137689, 19.039238232123651 ], [ 72.942510871521748, 19.039238232123651 ] ] ] } },
{ "type": "Feature", "properties": { "cell_id": 1022, "lon": 72.94488605271377, "lat": 19.041484010061129 }, "geometry": { "type": "Polygon", "coordinates": [ [ [ 72.947261233905806, 19.039238232123651 ], [ 72.947261233905806, 19.043729787998608 ], [ 72.942510871521748, 19.043729787998608 ], [ 72.942510871521748, 19.039238232123651 ], [ 72.947261233905806, 19.039238232123651 ] ] ] } },
{ "type": "Feature", "properties": { "cell_id": 1023, "lon": 72.949636415097828, "lat": 19.041484010061129 }, "geometry": { "type": "Polygon", "coordinates": [ [ [ 72.952011596289864, 19.039238232123651 ], [ 72.952011596289864, 19.043729787998608 ], [ 72.947261233905806, 19.043729787998608 ], [ 72.947261233905806, 19.039238232123651 ], [ 72.952011596289864, 19.039238232123651 ] ] ] } },
{ "type": "Feature", "properties": { "cell_id": 1024, "lon": 72.802375181192019, "lat": 19.045975565936086 }, "geometry": { "type": "Polygon", "coordinates": [ [ [ 72.804750362384056, 19.043729787998608 ], [ 72.804750362384056, 19.048221343873564 ], [ 72.8, 19.048221343873564 ], [ 72.8, 19.043729787998608 ], [ 72.804750362384056, 19.043729787998608 ] ] ] } },
{ "type": "Feature", "properties": { "cell_id": 1025, "lon": 72.807125543576078, "lat": 19.045975565936086 }, "geometry": { "type": "Polygon", "coordinates": [ [ [ 72.809500724768114, 19.043729787998608 ], [ 72.809500724768114, 19.048221343873564 ], [ 72.804750362384056, 19.048221343873564 ], [ 72.804750362384056, 19.043729787998608 ], [ 72.809500724768114, 19.043729787998608 ] ] ] } },
{ "type": "Feature", "properties": { "cell_id": 1026, "lon": 72.811875905960136, "lat": 19.045975565936086 }, "geometry": { "type": "Polygon", "coordinates": [ [ [ 72.814251087152172, 19.043729787998608 ], [ 72.814251087152172, 19.048221343873564 ], [ 72.809500724768114, 19.048221343873564 ], [ 72.809500724768114, 19.043729787998608 ], [ 72.814251087152172, 19.043729787998608 ] ] ] } },
{ "type": "Feature", "properties": { "cell_id": 1027, "lon": 72.816626268344194, "lat": 19.045975565936086 }, "geometry": { "type": "Polygon", "coordinates": [ [ [ 72.819001449536231, 19.043729787998608 ], [ 72.819001449536231, 19.048221343873564 ], [ 72.814251087152172, 19.048221343873564 ], [ 72.814251087152172, 19.043729787998608 ], [ 72.819001449536231, 19.043729787998608 ] ] ] } },
{ "type": "Feature", "properties": { "cell_id": 1028, "lon": 72.821376630728253, "lat": 19.045975565936086 }, "geometry": { "type": "Polygon", "coordinates": [ [ [ 72.823751811920289, 19.043729787998608 ], [ 72.823751811920289, 19.048221343873564 ], [ 72.819001449536231, 19.048221343873564 ], [ 72.819001449536231, 19.043729787998608 ], [ 72.823751811920289, 19.043729787998608 ] ] ] } },
{ "type": "Feature", "properties": { "cell_id": 1029, "lon": 72.826126993112311, "lat": 19.045975565936086 }, "geometry": { "type": "Polygon", "coordinates": [ [ [ 72.828502174304347, 19.043729787998608 ], [ 72.828502174304347, 19.048221343873564 ], [ 72.823751811920289, 19.048221343873564 ], [ 72.823751811920289, 19.043729787998608 ], [ 72.828502174304347, 19.043729787998608 ] ] ] } },
{ "type": "Feature", "properties": { "cell_id": 1030, "lon": 72.830877355496369, "lat": 19.045975565936086 }, "geometry": { "type": "Polygon", "coordinates": [ [ [ 72.833252536688406, 19.043729787998608 ], [ 72.833252536688406, 19.048221343873564 ], [ 72.828502174304347, 19.048221343873564 ], [ 72.828502174304347, 19.043729787998608 ], [ 72.833252536688406, 19.043729787998608 ] ] ] } },
{ "type": "Feature", "properties": { "cell_id": 1031, "lon": 72.835627717880428, "lat": 19.045975565936086 }, "geometry": { "type": "Polygon", "coordinates": [ [ [ 72.838002899072464, 19.043729787998608 ], [ 72.838002899072464, 19.048221343873564 ], [ 72.833252536688406, 19.048221343873564 ], [ 72.833252536688406, 19.043729787998608 ], [ 72.838002899072464, 19.043729787998608 ] ] ] } },
{ "type": "Feature", "properties": { "cell_id": 1032, "lon": 72.840378080264486, "lat": 19.045975565936086 }, "geometry": { "type": "Polygon", "coordinates": [ [ [ 72.842753261456522, 19.043729787998608 ], [ 72.842753261456522, 19.048221343873564 ], [ 72.838002899072464, 19.048221343873564 ], [ 72.838002899072464, 19.043729787998608 ], [ 72.842753261456522, 19.043729787998608 ] ] ] } },
{ "type": "Feature", "properties": { "cell_id": 1033, "lon": 72.845128442648544, "lat": 19.045975565936086 }, "geometry": { "type": "Polygon", "coordinates": [ [ [ 72.847503623840581, 19.043729787998608 ], [ 72.847503623840581, 19.048221343873564 ], [ 72.842753261456522, 19.048221343873564 ], [ 72.842753261456522, 19.043729787998608 ], [ 72.847503623840581, 19.043729787998608 ] ] ] } },
{ "type": "Feature", "properties": { "cell_id": 1034, "lon": 72.849878805032603, "lat": 19.045975565936086 }, "geometry": { "type": "Polygon", "coordinates": [ [ [ 72.852253986224639, 19.043729787998608 ], [ 72.852253986224639, 19.048221343873564 ], [ 72.847503623840581, 19.048221343873564 ], [ 72.847503623840581, 19.043729787998608 ], [ 72.852253986224639, 19.043729787998608 ] ] ] } },
{ "type": "Feature", "properties": { "cell_id": 1035, "lon": 72.854629167416661, "lat": 19.045975565936086 }, "geometry": { "type": "Polygon", "coordinates": [ [ [ 72.857004348608697, 19.043729787998608 ], [ 72.857004348608697, 19.048221343873564 ], [ 72.852253986224639, 19.048221343873564 ], [ 72.852253986224639, 19.043729787998608 ], [ 72.857004348608697, 19.043729787998608 ] ] ] } },
{ "type": "Feature", "properties": { "cell_id": 1036, "lon": 72.859379529800719, "lat": 19.045975565936086 }, "geometry": { "type": "Polygon", "coordinates": [ [ [ 72.861754710992756, 19.043729787998608 ], [ 72.861754710992756, 19.048221343873564 ], [ 72.857004348608697, 19.048221343873564 ], [ 72.857004348608697, 19.043729787998608 ], [ 72.861754710992756, 19.043729787998608 ] ] ] } },
{ "type": "Feature", "properties": { "cell_id": 1037, "lon": 72.864129892184778, "lat": 19.045975565936086 }, "geometry": { "type": "Polygon", "coordinates": [ [ [ 72.866505073376814, 19.043729787998608 ], [ 72.866505073376814, 19.048221343873564 ], [ 72.861754710992756, 19.048221343873564 ], [ 72.861754710992756, 19.043729787998608 ], [ 72.866505073376814, 19.043729787998608 ] ] ] } },
{ "type": "Feature", "properties": { "cell_id": 1038, "lon": 72.868880254568836, "lat": 19.045975565936086 }, "geometry": { "type": "Polygon", "coordinates": [ [ [ 72.871255435760872, 19.043729787998608 ], [ 72.871255435760872, 19.048221343873564 ], [ 72.866505073376814, 19.048221343873564 ], [ 72.866505073376814, 19.043729787998608 ], [ 72.871255435760872, 19.043729787998608 ] ] ] } },
{ "type": "Feature", "properties": { "cell_id": 1039, "lon": 72.873630616952894, "lat": 19.045975565936086 }, "geometry": { "type": "Polygon", "coordinates": [ [ [ 72.876005798144931, 19.043729787998608 ], [ 72.876005798144931, 19.048221343873564 ], [ 72.871255435760872, 19.048221343873564 ], [ 72.871255435760872, 19.043729787998608 ], [ 72.876005798144931, 19.043729787998608 ] ] ] } },
{ "type": "Feature", "properties": { "cell_id": 1040, "lon": 72.878380979336953, "lat": 19.045975565936086 }, "geometry": { "type": "Polygon", "coordinates": [ [ [ 72.880756160528989, 19.043729787998608 ], [ 72.880756160528989, 19.048221343873564 ], [ 72.876005798144931, 19.048221343873564 ], [ 72.876005798144931, 19.043729787998608 ], [ 72.880756160528989, 19.043729787998608 ] ] ] } },
{ "type": "Feature", "properties": { "cell_id": 1041, "lon": 72.883131341721011, "lat": 19.045975565936086 }, "geometry": { "type": "Polygon", "coordinates": [ [ [ 72.885506522913047, 19.043729787998608 ], [ 72.885506522913047, 19.048221343873564 ], [ 72.880756160528989, 19.048221343873564 ], [ 72.880756160528989, 19.043729787998608 ], [ 72.885506522913047, 19.043729787998608 ] ] ] } },
{ "type": "Feature", "properties": { "cell_id": 1042, "lon": 72.88788170410507, "lat": 19.045975565936086 }, "geometry": { "type": "Polygon", "coordinates": [ [ [ 72.890256885297106, 19.043729787998608 ], [ 72.890256885297106, 19.048221343873564 ], [ 72.885506522913047, 19.048221343873564 ], [ 72.885506522913047, 19.043729787998608 ], [ 72.890256885297106, 19.043729787998608 ] ] ] } },
{ "type": "Feature", "properties": { "cell_id": 1043, "lon": 72.892632066489128, "lat": 19.045975565936086 }, "geometry": { "type": "Polygon", "coordinates": [ [ [ 72.895007247681164, 19.043729787998608 ], [ 72.895007247681164, 19.048221343873564 ], [ 72.890256885297106, 19.048221343873564 ], [ 72.890256885297106, 19.043729787998608 ], [ 72.895007247681164, 19.043729787998608 ] ] ] } },
{ "type": "Feature", "properties": { "cell_id": 1044, "lon": 72.897382428873186, "lat": 19.045975565936086 }, "geometry": { "type": "Polygon", "coordinates": [ [ [ 72.899757610065222, 19.043729787998608 ], [ 72.899757610065222, 19.048221343873564 ], [ 72.895007247681164, 19.048221343873564 ], [ 72.895007247681164, 19.043729787998608 ], [ 72.899757610065222, 19.043729787998608 ] ] ] } },
{ "type": "Feature", "properties": { "cell_id": 1045, "lon": 72.902132791257245, "lat": 19.045975565936086 }, "geometry": { "type": "Polygon", "coordinates": [ [ [ 72.904507972449281, 19.043729787998608 ], [ 72.904507972449281, 19.048221343873564 ], [ 72.899757610065222, 19.048221343873564 ], [ 72.899757610065222, 19.043729787998608 ], [ 72.904507972449281, 19.043729787998608 ] ] ] } },
{ "type": "Feature", "properties": { "cell_id": 1046, "lon": 72.906883153641303, "lat": 19.045975565936086 }, "geometry": { "type": "Polygon", "coordinates": [ [ [ 72.909258334833339, 19.043729787998608 ], [ 72.909258334833339, 19.048221343873564 ], [ 72.904507972449281, 19.048221343873564 ], [ 72.904507972449281, 19.043729787998608 ], [ 72.909258334833339, 19.043729787998608 ] ] ] } },
{ "type": "Feature", "properties": { "cell_id": 1047, "lon": 72.911633516025361, "lat": 19.045975565936086 }, "geometry": { "type": "Polygon", "coordinates": [ [ [ 72.914008697217398, 19.043729787998608 ], [ 72.914008697217398, 19.048221343873564 ], [ 72.909258334833339, 19.048221343873564 ], [ 72.909258334833339, 19.043729787998608 ], [ 72.914008697217398, 19.043729787998608 ] ] ] } },
{ "type": "Feature", "properties": { "cell_id": 1048, "lon": 72.91638387840942, "lat": 19.045975565936086 }, "geometry": { "type": "Polygon", "coordinates": [ [ [ 72.918759059601456, 19.043729787998608 ], [ 72.918759059601456, 19.048221343873564 ], [ 72.914008697217398, 19.048221343873564 ], [ 72.914008697217398, 19.043729787998608 ], [ 72.918759059601456, 19.043729787998608 ] ] ] } },
{ "type": "Feature", "properties": { "cell_id": 1049, "lon": 72.921134240793478, "lat": 19.045975565936086 }, "geometry": { "type": "Polygon", "coordinates": [ [ [ 72.923509421985514, 19.043729787998608 ], [ 72.923509421985514, 19.048221343873564 ], [ 72.918759059601456, 19.048221343873564 ], [ 72.918759059601456, 19.043729787998608 ], [ 72.923509421985514, 19.043729787998608 ] ] ] } },
{ "type": "Feature", "properties": { "cell_id": 1050, "lon": 72.925884603177536, "lat": 19.045975565936086 }, "geometry": { "type": "Polygon", "coordinates": [ [ [ 72.928259784369573, 19.043729787998608 ], [ 72.928259784369573, 19.048221343873564 ], [ 72.923509421985514, 19.048221343873564 ], [ 72.923509421985514, 19.043729787998608 ], [ 72.928259784369573, 19.043729787998608 ] ] ] } },
{ "type": "Feature", "properties": { "cell_id": 1051, "lon": 72.930634965561595, "lat": 19.045975565936086 }, "geometry": { "type": "Polygon", "coordinates": [ [ [ 72.933010146753631, 19.043729787998608 ], [ 72.933010146753631, 19.048221343873564 ], [ 72.928259784369573, 19.048221343873564 ], [ 72.928259784369573, 19.043729787998608 ], [ 72.933010146753631, 19.043729787998608 ] ] ] } },
{ "type": "Feature", "properties": { "cell_id": 1052, "lon": 72.935385327945653, "lat": 19.045975565936086 }, "geometry": { "type": "Polygon", "coordinates": [ [ [ 72.937760509137689, 19.043729787998608 ], [ 72.937760509137689, 19.048221343873564 ], [ 72.933010146753631, 19.048221343873564 ], [ 72.933010146753631, 19.043729787998608 ], [ 72.937760509137689, 19.043729787998608 ] ] ] } },
{ "type": "Feature", "properties": { "cell_id": 1053, "lon": 72.940135690329711, "lat": 19.045975565936086 }, "geometry": { "type": "Polygon", "coordinates": [ [ [ 72.942510871521748, 19.043729787998608 ], [ 72.942510871521748, 19.048221343873564 ], [ 72.937760509137689, 19.048221343873564 ], [ 72.937760509137689, 19.043729787998608 ], [ 72.942510871521748, 19.043729787998608 ] ] ] } },
{ "type": "Feature", "properties": { "cell_id": 1054, "lon": 72.94488605271377, "lat": 19.045975565936086 }, "geometry": { "type": "Polygon", "coordinates": [ [ [ 72.947261233905806, 19.043729787998608 ], [ 72.947261233905806, 19.048221343873564 ], [ 72.942510871521748, 19.048221343873564 ], [ 72.942510871521748, 19.043729787998608 ], [ 72.947261233905806, 19.043729787998608 ] ] ] } },
{ "type": "Feature", "properties": { "cell_id": 1055, "lon": 72.949636415097828, "lat": 19.045975565936086 }, "geometry": { "type": "Polygon", "coordinates": [ [ [ 72.952011596289864, 19.043729787998608 ], [ 72.952011596289864, 19.048221343873564 ], [ 72.947261233905806, 19.048221343873564 ], [ 72.947261233905806, 19.043729787998608 ], [ 72.952011596289864, 19.043729787998608 ] ] ] } },
{ "type": "Feature", "properties": { "cell_id": 1056, "lon": 72.802375181192019, "lat": 19.050467121811042 }, "geometry": { "type": "Polygon", "coordinates": [ [ [ 72.804750362384056, 19.048221343873564 ], [ 72.804750362384056, 19.052712899748521 ], [ 72.8, 19.052712899748521 ], [ 72.8, 19.048221343873564 ], [ 72.804750362384056, 19.048221343873564 ] ] ] } },
{ "type": "Feature", "properties": { "cell_id": 1057, "lon": 72.807125543576078, "lat": 19.050467121811042 }, "geometry": { "type": "Polygon", "coordinates": [ [ [ 72.809500724768114, 19.048221343873564 ], [ 72.809500724768114, 19.052712899748521 ], [ 72.804750362384056, 19.052712899748521 ], [ 72.804750362384056, 19.048221343873564 ], [ 72.809500724768114, 19.048221343873564 ] ] ] } },
{ "type": "Feature", "properties": { "cell_id": 1058, "lon": 72.811875905960136, "lat": 19.050467121811042 }, "geometry": { "type": "Polygon", "coordinates": [ [ [ 72.814251087152172, 19.048221343873564 ], [ 72.814251087152172, 19.052712899748521 ], [ 72.809500724768114, 19.052712899748521 ], [ 72.809500724768114, 19.048221343873564 ], [ 72.814251087152172, 19.048221343873564 ] ] ] } },
{ "type": "Feature", "properties": { "cell_id": 1059, "lon": 72.816626268344194, "lat": 19.050467121811042 }, "geometry": { "type": "Polygon", "coordinates": [ [ [ 72.819001449536231, 19.048221343873564 ], [ 72.819001449536231, 19.052712899748521 ], [ 72.814251087152172, 19.052712899748521 ], [ 72.814251087152172, 19.048221343873564 ], [ 72.819001449536231, 19.048221343873564 ] ] ] } },
{ "type": "Feature", "properties": { "cell_id": 1060, "lon": 72.821376630728253, "lat": 19.050467121811042 }, "geometry": { "type": "Polygon", "coordinates": [ [ [ 72.823751811920289, 19.048221343873564 ], [ 72.823751811920289, 19.052712899748521 ], [ 72.819001449536231, 19.052712899748521 ], [ 72.819001449536231, 19.048221343873564 ], [ 72.823751811920289, 19.048221343873564 ] ] ] } },
{ "type": "Feature", "properties": { "cell_id": 1061, "lon": 72.826126993112311, "lat": 19.050467121811042 }, "geometry": { "type": "Polygon", "coordinates": [ [ [ 72.828502174304347, 19.048221343873564 ], [ 72.828502174304347, 19.052712899748521 ], [ 72.823751811920289, 19.052712899748521 ], [ 72.823751811920289, 19.048221343873564 ], [ 72.828502174304347, 19.048221343873564 ] ] ] } },
{ "type": "Feature", "properties": { "cell_id": 1062, "lon": 72.830877355496369, "lat": 19.050467121811042 }, "geometry": { "type": "Polygon", "coordinates": [ [ [ 72.833252536688406, 19.048221343873564 ], [ 72.833252536688406, 19.052712899748521 ], [ 72.828502174304347, 19.052712899748521 ], [ 72.828502174304347, 19.048221343873564 ], [ 72.833252536688406, 19.048221343873564 ] ] ] } },
{ "type": "Feature", "properties": { "cell_id": 1063, "lon": 72.835627717880428, "lat": 19.050467121811042 }, "geometry": { "type": "Polygon", "coordinates": [ [ [ 72.838002899072464, 19.048221343873564 ], [ 72.838002899072464, 19.052712899748521 ], [ 72.833252536688406, 19.052712899748521 ], [ 72.833252536688406, 19.048221343873564 ], [ 72.838002899072464, 19.048221343873564 ] ] ] } },
{ "type": "Feature", "properties": { "cell_id": 1064, "lon": 72.840378080264486, "lat": 19.050467121811042 }, "geometry": { "type": "Polygon", "coordinates": [ [ [ 72.842753261456522, 19.048221343873564 ], [ 72.842753261456522, 19.052712899748521 ], [ 72.838002899072464, 19.052712899748521 ], [ 72.838002899072464, 19.048221343873564 ], [ 72.842753261456522, 19.048221343873564 ] ] ] } },
{ "type": "Feature", "properties": { "cell_id": 1065, "lon": 72.845128442648544, "lat": 19.050467121811042 }, "geometry": { "type": "Polygon", "coordinates": [ [ [ 72.847503623840581, 19.048221343873564 ], [ 72.847503623840581, 19.052712899748521 ], [ 72.842753261456522, 19.052712899748521 ], [ 72.842753261456522, 19.048221343873564 ], [ 72.847503623840581, 19.048221343873564 ] ] ] } },
{ "type": "Feature", "properties": { "cell_id": 1066, "lon": 72.849878805032603, "lat": 19.050467121811042 }, "geometry": { "type": "Polygon", "coordinates": [ [ [ 72.852253986224639, 19.048221343873564 ], [ 72.852253986224639, 19.052712899748521 ], [ 72.847503623840581, 19.052712899748521 ], [ 72.847503623840581, 19.048221343873564 ], [ 72.852253986224639, 19.048221343873564 ] ] ] } },
{ "type": "Feature", "properties": { "cell_id": 1067, "lon": 72.854629167416661, "lat": 19.050467121811042 }, "geometry": { "type": "Polygon", "coordinates": [ [ [ 72.857004348608697, 19.048221343873564 ], [ 72.857004348608697, 19.052712899748521 ], [ 72.852253986224639, 19.052712899748521 ], [ 72.852253986224639, 19.048221343873564 ], [ 72.857004348608697, 19.048221343873564 ] ] ] } },
{ "type": "Feature", "properties": { "cell_id": 1068, "lon": 72.859379529800719, "lat": 19.050467121811042 }, "geometry": { "type": "Polygon", "coordinates": [ [ [ 72.861754710992756, 19.048221343873564 ], [ 72.861754710992756, 19.052712899748521 ], [ 72.857004348608697, 19.052712899748521 ], [ 72.857004348608697, 19.048221343873564 ], [ 72.861754710992756, 19.048221343873564 ] ] ] } },
{ "type": "Feature", "properties": { "cell_id": 1069, "lon": 72.864129892184778, "lat": 19.050467121811042 }, "geometry": { "type": "Polygon", "coordinates": [ [ [ 72.866505073376814, 19.048221343873564 ], [ 72.866505073376814, 19.052712899748521 ], [ 72.861754710992756, 19.052712899748521 ], [ 72.861754710992756, 19.048221343873564 ], [ 72.866505073376814, 19.048221343873564 ] ] ] } },
{ "type": "Feature", "properties": { "cell_id": 1070, "lon": 72.868880254568836, "lat": 19.050467121811042 }, "geometry": { "type": "Polygon", "coordinates": [ [ [ 72.871255435760872, 19.048221343873564 ], [ 72.871255435760872, 19.052712899748521 ], [ 72.866505073376814, 19.052712899748521 ], [ 72.866505073376814, 19.048221343873564 ], [ 72.871255435760872, 19.048221343873564 ] ] ] } },
{ "type": "Feature", "properties": { "cell_id": 1071, "lon": 72.873630616952894, "lat": 19.050467121811042 }, "geometry": { "type": "Polygon", "coordinates": [ [ [ 72.876005798144931, 19.048221343873564 ], [ 72.876005798144931, 19.052712899748521 ], [ 72.871255435760872, 19.052712899748521 ], [ 72.871255435760872, 19.048221343873564 ], [ 72.876005798144931, 19.048221343873564 ] ] ] } },
{ "type": "Feature", "properties": { "cell_id": 1072, "lon": 72.878380979336953, "lat": 19.050467121811042 }, "geometry": { "type": "Polygon", "coordinates": [ [ [ 72.880756160528989, 19.048221343873564 ], [ 72.880756160528989, 19.052712899748521 ], [ 72.876005798144931, 19.052712899748521 ], [ 72.876005798144931, 19.048221343873564 ], [ 72.880756160528989, 19.048221343873564 ] ] ] } },
{ "type": "Feature", "properties": { "cell_id": 1073, "lon": 72.883131341721011, "lat": 19.050467121811042 }, "geometry": { "type": "Polygon", "coordinates": [ [ [ 72.885506522913047, 19.048221343873564 ], [ 72.885506522913047, 19.052712899748521 ], [ 72.880756160528989, 19.052712899748521 ], [ 72.880756160528989, 19.048221343873564 ], [ 72.885506522913047, 19.048221343873564 ] ] ] } },
{ "type": "Feature", "properties": { "cell_id": 1074, "lon": 72.88788170410507, "lat": 19.050467121811042 }, "geometry": { "type": "Polygon", "coordinates": [ [ [ 72.890256885297106, 19.048221343873564 ], [ 72.890256885297106, 19.052712899748521 ], [ 72.885506522913047, 19.052712899748521 ], [ 72.885506522913047, 19.048221343873564 ], [ 72.890256885297106, 19.048221343873564 ] ] ] } },
{ "type": "Feature", "properties": { "cell_id": 1075, "lon": 72.892632066489128, "lat": 19.050467121811042 }, "geometry": { "type": "Polygon", "coordinates": [ [ [ 72.895007247681164, 19.048221343873564 ], [ 72.895007247681164, 19.052712899748521 ], [ 72.890256885297106, 19.052712899748521 ], [ 72.890256885297106, 19.048221343873564 ], [ 72.895007247681164, 19.048221343873564 ] ] ] } },
{ "type": "Feature", "properties": { "cell_id": 1076, "lon": 72.897382428873186, "lat": 19.050467121811042 }, "geometry": { "type": "Polygon", "coordinates": [ [ [ 72.899757610065222, 19.048221343873564 ], [ 72.899757610065222, 19.052712899748521 ], [ 72.895007247681164, 19.052712899748521 ], [ 72.895007247681164, 19.048221343873564 ], [ 72.899757610065222, 19.048221343873564 ] ] ] } },
{ "type": "Feature", "properties": { "cell_id": 1077, "lon": 72.902132791257245, "lat": 19.050467121811042 }, "geometry": { "type": "Polygon", "coordinates": [ [ [ 72.904507972449281, 19.048221343873564 ], [ 72.904507972449281, 19.052712899748521 ], [ 72.899757610065222, 19.052712899748521 ], [ 72.899757610065222, 19.048221343873564 ], [ 72.904507972449281, 19.048221343873564 ] ] ] } },
{ "type": "Feature", "properties": { "cell_id": 1078, "lon": 72.906883153641303, "lat": 19.050467121811042 }, "geometry": { "type": "Polygon", "coordinates": [ [ [ 72.909258334833339, 19.048221343873564 ], [ 72.909258334833339, 19.052712899748521 ], [ 72.904507972449281, 19.052712899748521 ], [ 72.904507972449281, 19.048221343873564 ], [ 72.909258334833339, 19.048221343873564 ] ] ] } },
{ "type": "Feature", "properties": { "cell_id": 1079, "lon": 72.911633516025361, "lat": 19.050467121811042 }, "geometry": { "type": "Polygon", "coordinates": [ [ [ 72.914008697217398, 19.048221343873564 ], [ 72.914008697217398, 19.052712899748521 ], [ 72.909258334833339, 19.052712899748521 ], [ 72.909258334833339, 19.048221343873564 ], [ 72.914008697217398, 19.048221343873564 ] ] ] } },
{ "type": "Feature", "properties": { "cell_id": 1080, "lon": 72.91638387840942, "lat": 19.050467121811042 }, "geometry": { "type": "Polygon", "coordinates": [ [ [ 72.918759059601456, 19.048221343873564 ], [ 72.918759059601456, 19.052712899748521 ], [ 72.914008697217398, 19.052712899748521 ], [ 72.914008697217398, 19.048221343873564 ], [ 72.918759059601456, 19.048221343873564 ] ] ] } },
{ "type": "Feature", "properties": { "cell_id": 1081, "lon": 72.921134240793478, "lat": 19.050467121811042 }, "geometry": { "type": "Polygon", "coordinates": [ [ [ 72.923509421985514, 19.048221343873564 ], [ 72.923509421985514, 19.052712899748521 ], [ 72.918759059601456, 19.052712899748521 ], [ 72.918759059601456, 19.048221343873564 ], [ 72.923509421985514, 19.048221343873564 ] ] ] } },
{ "type": "Feature", "properties": { "cell_id": 1082, "lon": 72.925884603177536, "lat": 19.050467121811042 }, "geometry": { "type": "Polygon", "coordinates": [ [ [ 72.928259784369573, 19.048221343873564 ], [ 72.928259784369573, 19.052712899748521 ], [ 72.923509421985514, 19.052712899748521 ], [ 72.923509421985514, 19.048221343873564 ], [ 72.928259784369573, 19.048221343873564 ] ] ] } },
{ "type": "Feature", "properties": { "cell_id": 1083, "lon": 72.930634965561595, "lat": 19.050467121811042 }, "geometry": { "type": "Polygon", "coordinates": [ [ [ 72.933010146753631, 19.048221343873564 ], [ 72.933010146753631, 19.052712899748521 ], [ 72.928259784369573, 19.052712899748521 ], [ 72.928259784369573, 19.048221343873564 ], [ 72.933010146753631, 19.048221343873564 ] ] ] } },
{ "type": "Feature", "properties": { "cell_id": 1084, "lon": 72.935385327945653, "lat": 19.050467121811042 }, "geometry": { "type": "Polygon", "coordinates": [ [ [ 72.937760509137689, 19.048221343873564 ], [ 72.937760509137689, 19.052712899748521 ], [ 72.933010146753631, 19.052712899748521 ], [ 72.933010146753631, 19.048221343873564 ], [ 72.937760509137689, 19.048221343873564 ] ] ] } },
{ "type": "Feature", "properties": { "cell_id": 1085, "lon": 72.940135690329711, "lat": 19.050467121811042 }, "geometry": { "type": "Polygon", "coordinates": [ [ [ 72.942510871521748, 19.048221343873564 ], [ 72.942510871521748, 19.052712899748521 ], [ 72.937760509137689, 19.052712899748521 ], [ 72.937760509137689, 19.048221343873564 ], [ 72.942510871521748, 19.048221343873564 ] ] ] } },
{ "type": "Feature", "properties": { "cell_id": 1086, "lon": 72.94488605271377, "lat": 19.050467121811042 }, "geometry": { "type": "Polygon", "coordinates": [ [ [ 72.947261233905806, 19.048221343873564 ], [ 72.947261233905806, 19.052712899748521 ], [ 72.942510871521748, 19.052712899748521 ], [ 72.942510871521748, 19.048221343873564 ], [ 72.947261233905806, 19.048221343873564 ] ] ] } },
{ "type": "Feature", "properties": { "cell_id": 1087, "lon": 72.949636415097828, "lat": 19.050467121811042 }, "geometry": { "type": "Polygon", "coordinates": [ [ [ 72.952011596289864, 19.048221343873564 ], [ 72.952011596289864, 19.052712899748521 ], [ 72.947261233905806, 19.052712899748521 ], [ 72.947261233905806, 19.048221343873564 ], [ 72.952011596289864, 19.048221343873564 ] ] ] } },
{ "type": "Feature", "properties": { "cell_id": 1088, "lon": 72.802375181192019, "lat": 19.054958677685999 }, "geometry": { "type": "Polygon", "coordinates": [ [ [ 72.804750362384056, 19.052712899748521 ], [ 72.804750362384056, 19.057204455623477 ], [ 72.8, 19.057204455623477 ], [ 72.8, 19.052712899748521 ], [ 72.804750362384056, 19.052712899748521 ] ] ] } },
{ "type": "Feature", "properties": { "cell_id": 1089, "lon": 72.807125543576078, "lat": 19.054958677685999 }, "geometry": { "type": "Polygon", "coordinates": [ [ [ 72.809500724768114, 19.052712899748521 ], [ 72.809500724768114, 19.057204455623477 ], [ 72.804750362384056, 19.057204455623477 ], [ 72.804750362384056, 19.052712899748521 ], [ 72.809500724768114, 19.052712899748521 ] ] ] } },
{ "type": "Feature", "properties": { "cell_id": 1090, "lon": 72.811875905960136, "lat": 19.054958677685999 }, "geometry": { "type": "Polygon", "coordinates": [ [ [ 72.814251087152172, 19.052712899748521 ], [ 72.814251087152172, 19.057204455623477 ], [ 72.809500724768114, 19.057204455623477 ], [ 72.809500724768114, 19.052712899748521 ], [ 72.814251087152172, 19.052712899748521 ] ] ] } },
{ "type": "Feature", "properties": { "cell_id": 1091, "lon": 72.816626268344194, "lat": 19.054958677685999 }, "geometry": { "type": "Polygon", "coordinates": [ [ [ 72.819001449536231, 19.052712899748521 ], [ 72.819001449536231, 19.057204455623477 ], [ 72.814251087152172, 19.057204455623477 ], [ 72.814251087152172, 19.052712899748521 ], [ 72.819001449536231, 19.052712899748521 ] ] ] } },
{ "type": "Feature", "properties": { "cell_id": 1092, "lon": 72.821376630728253, "lat": 19.054958677685999 }, "geometry": { "type": "Polygon", "coordinates": [ [ [ 72.823751811920289, 19.052712899748521 ], [ 72.823751811920289, 19.057204455623477 ], [ 72.819001449536231, 19.057204455623477 ], [ 72.819001449536231, 19.052712899748521 ], [ 72.823751811920289, 19.052712899748521 ] ] ] } },
{ "type": "Feature", "properties": { "cell_id": 1093, "lon": 72.826126993112311, "lat": 19.054958677685999 }, "geometry": { "type": "Polygon", "coordinates": [ [ [ 72.828502174304347, 19.052712899748521 ], [ 72.828502174304347, 19.057204455623477 ], [ 72.823751811920289, 19.057204455623477 ], [ 72.823751811920289, 19.052712899748521 ], [ 72.828502174304347, 19.052712899748521 ] ] ] } },
{ "type": "Feature", "properties": { "cell_id": 1094, "lon": 72.830877355496369, "lat": 19.054958677685999 }, "geometry": { "type": "Polygon", "coordinates": [ [ [ 72.833252536688406, 19.052712899748521 ], [ 72.833252536688406, 19.057204455623477 ], [ 72.828502174304347, 19.057204455623477 ], [ 72.828502174304347, 19.052712899748521 ], [ 72.833252536688406, 19.052712899748521 ] ] ] } },
{ "type": "Feature", "properties": { "cell_id": 1095, "lon": 72.835627717880428, "lat": 19.054958677685999 }, "geometry": { "type": "Polygon", "coordinates": [ [ [ 72.838002899072464, 19.052712899748521 ], [ 72.838002899072464, 19.057204455623477 ], [ 72.833252536688406, 19.057204455623477 ], [ 72.833252536688406, 19.052712899748521 ], [ 72.838002899072464, 19.052712899748521 ] ] ] } },
{ "type": "Feature", "properties": { "cell_id": 1096, "lon": 72.840378080264486, "lat": 19.054958677685999 }, "geometry": { "type": "Polygon", "coordinates": [ [ [ 72.842753261456522, 19.052712899748521 ], [ 72.842753261456522, 19.057204455623477 ], [ 72.838002899072464, 19.057204455623477 ], [ 72.838002899072464, 19.052712899748521 ], [ 72.842753261456522, 19.052712899748521 ] ] ] } },
{ "type": "Feature", "properties": { "cell_id": 1097, "lon": 72.845128442648544, "lat": 19.054958677685999 }, "geometry": { "type": "Polygon", "coordinates": [ [ [ 72.847503623840581, 19.052712899748521 ], [ 72.847503623840581, 19.057204455623477 ], [ 72.842753261456522, 19.057204455623477 ], [ 72.842753261456522, 19.052712899748521 ], [ 72.847503623840581, 19.052712899748521 ] ] ] } },
{ "type": "Feature", "properties": { "cell_id": 1098, "lon": 72.849878805032603, "lat": 19.054958677685999 }, "geometry": { "type": "Polygon", "coordinates": [ [ [ 72.852253986224639, 19.052712899748521 ], [ 72.852253986224639, 19.057204455623477 ], [ 72.847503623840581, 19.057204455623477 ], [ 72.847503623840581, 19.052712899748521 ], [ 72.852253986224639, 19.052712899748521 ] ] ] } },
{ "type": "Feature", "properties": { "cell_id": 1099, "lon": 72.854629167416661, "lat": 19.054958677685999 }, "geometry": { "type": "Polygon", "coordinates": [ [ [ 72.857004348608697, 19.052712899748521 ], [ 72.857004348608697, 19.057204455623477 ], [ 72.852253986224639, 19.057204455623477 ], [ 72.852253986224639, 19.052712899748521 ], [ 72.857004348608697, 19.052712899748521 ] ] ] } },
{ "type": "Feature", "properties": { "cell_id": 1100, "lon": 72.859379529800719, "lat": 19.054958677685999 }, "geometry": { "type": "Polygon", "coordinates": [ [ [ 72.861754710992756, 19.052712899748521 ], [ 72.861754710992756, 19.057204455623477 ], [ 72.857004348608697, 19.057204455623477 ], [ 72.857004348608697, 19.052712899748521 ], [ 72.861754710992756, 19.052712899748521 ] ] ] } },
{ "type": "Feature", "properties": { "cell_id": 1101, "lon": 72.864129892184778, "lat": 19.054958677685999 }, "geometry": { "type": "Polygon", "coordinates": [ [ [ 72.866505073376814, 19.052712899748521 ], [ 72.866505073376814, 19.057204455623477 ], [ 72.861754710992756, 19.057204455623477 ], [ 72.861754710992756, 19.052712899748521 ], [ 72.866505073376814, 19.052712899748521 ] ] ] } },
{ "type": "Feature", "properties": { "cell_id": 1102, "lon": 72.868880254568836, "lat": 19.054958677685999 }, "geometry": { "type": "Polygon", "coordinates": [ [ [ 72.871255435760872, 19.052712899748521 ], [ 72.871255435760872, 19.057204455623477 ], [ 72.866505073376814, 19.057204455623477 ], [ 72.866505073376814, 19.052712899748521 ], [ 72.871255435760872, 19.052712899748521 ] ] ] } },
{ "type": "Feature", "properties": { "cell_id": 1103, "lon": 72.873630616952894, "lat": 19.054958677685999 }, "geometry": { "type": "Polygon", "coordinates": [ [ [ 72.876005798144931, 19.052712899748521 ], [ 72.876005798144931, 19.057204455623477 ], [ 72.871255435760872, 19.057204455623477 ], [ 72.871255435760872, 19.052712899748521 ], [ 72.876005798144931, 19.052712899748521 ] ] ] } },
{ "type": "Feature", "properties": { "cell_id": 1104, "lon": 72.878380979336953, "lat": 19.054958677685999 }, "geometry": { "type": "Polygon", "coordinates": [ [ [ 72.880756160528989, 19.052712899748521 ], [ 72.880756160528989, 19.057204455623477 ], [ 72.876005798144931, 19.057204455623477 ], [ 72.876005798144931, 19.052712899748521 ], [ 72.880756160528989, 19.052712899748521 ] ] ] } },
{ "type": "Feature", "properties": { "cell_id": 1105, "lon": 72.883131341721011, "lat": 19.054958677685999 }, "geometry": { "type": "Polygon", "coordinates": [ [ [ 72.885506522913047, 19.052712899748521 ], [ 72.885506522913047, 19.057204455623477 ], [ 72.880756160528989, 19.057204455623477 ], [ 72.880756160528989, 19.052712899748521 ], [ 72.885506522913047, 19.052712899748521 ] ] ] } },
{ "type": "Feature", "properties": { "cell_id": 1106, "lon": 72.88788170410507, "lat": 19.054958677685999 }, "geometry": { "type": "Polygon", "coordinates": [ [ [ 72.890256885297106, 19.052712899748521 ], [ 72.890256885297106, 19.057204455623477 ], [ 72.885506522913047, 19.057204455623477 ], [ 72.885506522913047, 19.052712899748521 ], [ 72.890256885297106, 19.052712899748521 ] ] ] } },
{ "type": "Feature", "properties": { "cell_id": 1107, "lon": 72.892632066489128, "lat": 19.054958677685999 }, "geometry": { "type": "Polygon", "coordinates": [ [ [ 72.895007247681164, 19.052712899748521 ], [ 72.895007247681164, 19.057204455623477 ], [ 72.890256885297106, 19.057204455623477 ], [ 72.890256885297106, 19.052712899748521 ], [ 72.895007247681164, 19.052712899748521 ] ] ] } },
{ "type": "Feature", "properties": { "cell_id": 1108, "lon": 72.897382428873186, "lat": 19.054958677685999 }, "geometry": { "type": "Polygon", "coordinates": [ [ [ 72.899757610065222, 19.052712899748521 ], [ 72.899757610065222, 19.057204455623477 ], [ 72.895007247681164, 19.057204455623477 ], [ 72.895007247681164, 19.052712899748521 ], [ 72.899757610065222, 19.052712899748521 ] ] ] } },
{ "type": "Feature", "properties": { "cell_id": 1109, "lon": 72.902132791257245, "lat": 19.054958677685999 }, "geometry": { "type": "Polygon", "coordinates": [ [ [ 72.904507972449281, 19.052712899748521 ], [ 72.904507972449281, 19.057204455623477 ], [ 72.899757610065222, 19.057204455623477 ], [ 72.899757610065222, 19.052712899748521 ], [ 72.904507972449281, 19.052712899748521 ] ] ] } },
{ "type": "Feature", "properties": { "cell_id": 1110, "lon": 72.906883153641303, "lat": 19.054958677685999 }, "geometry": { "type": "Polygon", "coordinates": [ [ [ 72.909258334833339, 19.052712899748521 ], [ 72.909258334833339, 19.057204455623477 ], [ 72.904507972449281, 19.057204455623477 ], [ 72.904507972449281, 19.052712899748521 ], [ 72.909258334833339, 19.052712899748521 ] ] ] } },
{ "type": "Feature", "properties": { "cell_id": 1111, "lon": 72.911633516025361, "lat": 19.054958677685999 }, "geometry": { "type": "Polygon", "coordinates": [ [ [ 72.914008697217398, 19.052712899748521 ], [ 72.914008697217398, 19.057204455623477 ], [ 72.909258334833339, 19.057204455623477 ], [ 72.909258334833339, 19.052712899748521 ], [ 72.914008697217398, 19.052712899748521 ] ] ] } },
{ "type": "Feature", "properties": { "cell_id": 1112, "lon": 72.91638387840942, "lat": 19.054958677685999 }, "geometry": { "type": "Polygon", "coordinates": [ [ [ 72.918759059601456, 19.052712899748521 ], [ 72.918759059601456, 19.057204455623477 ], [ 72.914008697217398, 19.057204455623477 ], [ 72.914008697217398, 19.052712899748521 ], [ 72.918759059601456, 19.052712899748521 ] ] ] } },
{ "type": "Feature", "properties": { "cell_id": 1113, "lon": 72.921134240793478, "lat": 19.054958677685999 }, "geometry": { "type": "Polygon", "coordinates": [ [ [ 72.923509421985514, 19.052712899748521 ], [ 72.923509421985514, 19.057204455623477 ], [ 72.918759059601456, 19.057204455623477 ], [ 72.918759059601456, 19.052712899748521 ], [ 72.923509421985514, 19.052712899748521 ] ] ] } },
{ "type": "Feature", "properties": { "cell_id": 1114, "lon": 72.925884603177536, "lat": 19.054958677685999 }, "geometry": { "type": "Polygon", "coordinates": [ [ [ 72.928259784369573, 19.052712899748521 ], [ 72.928259784369573, 19.057204455623477 ], [ 72.923509421985514, 19.057204455623477 ], [ 72.923509421985514, 19.052712899748521 ], [ 72.928259784369573, 19.052712899748521 ] ] ] } },
{ "type": "Feature", "properties": { "cell_id": 1115, "lon": 72.930634965561595, "lat": 19.054958677685999 }, "geometry": { "type": "Polygon", "coordinates": [ [ [ 72.933010146753631, 19.052712899748521 ], [ 72.933010146753631, 19.057204455623477 ], [ 72.928259784369573, 19.057204455623477 ], [ 72.928259784369573, 19.052712899748521 ], [ 72.933010146753631, 19.052712899748521 ] ] ] } },
{ "type": "Feature", "properties": { "cell_id": 1116, "lon": 72.935385327945653, "lat": 19.054958677685999 }, "geometry": { "type": "Polygon", "coordinates": [ [ [ 72.937760509137689, 19.052712899748521 ], [ 72.937760509137689, 19.057204455623477 ], [ 72.933010146753631, 19.057204455623477 ], [ 72.933010146753631, 19.052712899748521 ], [ 72.937760509137689, 19.052712899748521 ] ] ] } },
{ "type": "Feature", "properties": { "cell_id": 1117, "lon": 72.940135690329711, "lat": 19.054958677685999 }, "geometry": { "type": "Polygon", "coordinates": [ [ [ 72.942510871521748, 19.052712899748521 ], [ 72.942510871521748, 19.057204455623477 ], [ 72.937760509137689, 19.057204455623477 ], [ 72.937760509137689, 19.052712899748521 ], [ 72.942510871521748, 19.052712899748521 ] ] ] } },
{ "type": "Feature", "properties": { "cell_id": 1118, "lon": 72.94488605271377, "lat": 19.054958677685999 }, "geometry": { "type": "Polygon", "coordinates": [ [ [ 72.947261233905806, 19.052712899748521 ], [ 72.947261233905806, 19.057204455623477 ], [ 72.942510871521748, 19.057204455623477 ], [ 72.942510871521748, 19.052712899748521 ], [ 72.947261233905806, 19.052712899748521 ] ] ] } },
{ "type": "Feature", "properties": { "cell_id": 1119, "lon": 72.949636415097828, "lat": 19.054958677685999 }, "geometry": { "type": "Polygon", "coordinates": [ [ [ 72.952011596289864, 19.052712899748521 ], [ 72.952011596289864, 19.057204455623477 ], [ 72.947261233905806, 19.057204455623477 ], [ 72.947261233905806, 19.052712899748521 ], [ 72.952011596289864, 19.052712899748521 ] ] ] } },
{ "type": "Feature", "properties": { "cell_id": 1120, "lon": 72.802375181192019, "lat": 19.059450233560955 }, "geometry": { "type": "Polygon", "coordinates": [ [ [ 72.804750362384056, 19.057204455623477 ], [ 72.804750362384056, 19.061696011498434 ], [ 72.8, 19.061696011498434 ], [ 72.8, 19.057204455623477 ], [ 72.804750362384056, 19.057204455623477 ] ] ] } },
{ "type": "Feature", "properties": { "cell_id": 1121, "lon": 72.807125543576078, "lat": 19.059450233560955 }, "geometry": { "type": "Polygon", "coordinates": [ [ [ 72.809500724768114, 19.057204455623477 ], [ 72.809500724768114, 19.061696011498434 ], [ 72.804750362384056, 19.061696011498434 ], [ 72.804750362384056, 19.057204455623477 ], [ 72.809500724768114, 19.057204455623477 ] ] ] } },
{ "type": "Feature", "properties": { "cell_id": 1122, "lon": 72.811875905960136, "lat": 19.059450233560955 }, "geometry": { "type": "Polygon", "coordinates": [ [ [ 72.814251087152172, 19.057204455623477 ], [ 72.814251087152172, 19.061696011498434 ], [ 72.809500724768114, 19.061696011498434 ], [ 72.809500724768114, 19.057204455623477 ], [ 72.814251087152172, 19.057204455623477 ] ] ] } },
{ "type": "Feature", "properties": { "cell_id": 1123, "lon": 72.816626268344194, "lat": 19.059450233560955 }, "geometry": { "type": "Polygon", "coordinates": [ [ [ 72.819001449536231, 19.057204455623477 ], [ 72.819001449536231, 19.061696011498434 ], [ 72.814251087152172, 19.061696011498434 ], [ 72.814251087152172, 19.057204455623477 ], [ 72.819001449536231, 19.057204455623477 ] ] ] } },
{ "type": "Feature", "properties": { "cell_id": 1124, "lon": 72.821376630728253, "lat": 19.059450233560955 }, "geometry": { "type": "Polygon", "coordinates": [ [ [ 72.823751811920289, 19.057204455623477 ], [ 72.823751811920289, 19.061696011498434 ], [ 72.819001449536231, 19.061696011498434 ], [ 72.819001449536231, 19.057204455623477 ], [ 72.823751811920289, 19.057204455623477 ] ] ] } },
{ "type": "Feature", "properties": { "cell_id": 1125, "lon": 72.826126993112311, "lat": 19.059450233560955 }, "geometry": { "type": "Polygon", "coordinates": [ [ [ 72.828502174304347, 19.057204455623477 ], [ 72.828502174304347, 19.061696011498434 ], [ 72.823751811920289, 19.061696011498434 ], [ 72.823751811920289, 19.057204455623477 ], [ 72.828502174304347, 19.057204455623477 ] ] ] } },
{ "type": "Feature", "properties": { "cell_id": 1126, "lon": 72.830877355496369, "lat": 19.059450233560955 }, "geometry": { "type": "Polygon", "coordinates": [ [ [ 72.833252536688406, 19.057204455623477 ], [ 72.833252536688406, 19.061696011498434 ], [ 72.828502174304347, 19.061696011498434 ], [ 72.828502174304347, 19.057204455623477 ], [ 72.833252536688406, 19.057204455623477 ] ] ] } },
{ "type": "Feature", "properties": { "cell_id": 1127, "lon": 72.835627717880428, "lat": 19.059450233560955 }, "geometry": { "type": "Polygon", "coordinates": [ [ [ 72.838002899072464, 19.057204455623477 ], [ 72.838002899072464, 19.061696011498434 ], [ 72.833252536688406, 19.061696011498434 ], [ 72.833252536688406, 19.057204455623477 ], [ 72.838002899072464, 19.057204455623477 ] ] ] } },
{ "type": "Feature", "properties": { "cell_id": 1128, "lon": 72.840378080264486, "lat": 19.059450233560955 }, "geometry": { "type": "Polygon", "coordinates": [ [ [ 72.842753261456522, 19.057204455623477 ], [ 72.842753261456522, 19.061696011498434 ], [ 72.838002899072464, 19.061696011498434 ], [ 72.838002899072464, 19.057204455623477 ], [ 72.842753261456522, 19.057204455623477 ] ] ] } },
{ "type": "Feature", "properties": { "cell_id": 1129, "lon": 72.845128442648544, "lat": 19.059450233560955 }, "geometry": { "type": "Polygon", "coordinates": [ [ [ 72.847503623840581, 19.057204455623477 ], [ 72.847503623840581, 19.061696011498434 ], [ 72.842753261456522, 19.061696011498434 ], [ 72.842753261456522, 19.057204455623477 ], [ 72.847503623840581, 19.057204455623477 ] ] ] } },
{ "type": "Feature", "properties": { "cell_id": 1130, "lon": 72.849878805032603, "lat": 19.059450233560955 }, "geometry": { "type": "Polygon", "coordinates": [ [ [ 72.852253986224639, 19.057204455623477 ], [ 72.852253986224639, 19.061696011498434 ], [ 72.847503623840581, 19.061696011498434 ], [ 72.847503623840581, 19.057204455623477 ], [ 72.852253986224639, 19.057204455623477 ] ] ] } },
{ "type": "Feature", "properties": { "cell_id": 1131, "lon": 72.854629167416661, "lat": 19.059450233560955 }, "geometry": { "type": "Polygon", "coordinates": [ [ [ 72.857004348608697, 19.057204455623477 ], [ 72.857004348608697, 19.061696011498434 ], [ 72.852253986224639, 19.061696011498434 ], [ 72.852253986224639, 19.057204455623477 ], [ 72.857004348608697, 19.057204455623477 ] ] ] } },
{ "type": "Feature", "properties": { "cell_id": 1132, "lon": 72.859379529800719, "lat": 19.059450233560955 }, "geometry": { "type": "Polygon", "coordinates": [ [ [ 72.861754710992756, 19.057204455623477 ], [ 72.861754710992756, 19.061696011498434 ], [ 72.857004348608697, 19.061696011498434 ], [ 72.857004348608697, 19.057204455623477 ], [ 72.861754710992756, 19.057204455623477 ] ] ] } },
{ "type": "Feature", "properties": { "cell_id": 1133, "lon": 72.864129892184778, "lat": 19.059450233560955 }, "geometry": { "type": "Polygon", "coordinates": [ [ [ 72.866505073376814, 19.057204455623477 ], [ 72.866505073376814, 19.061696011498434 ], [ 72.861754710992756, 19.061696011498434 ], [ 72.861754710992756, 19.057204455623477 ], [ 72.866505073376814, 19.057204455623477 ] ] ] } },
{ "type": "Feature", "properties": { "cell_id": 1134, "lon": 72.868880254568836, "lat": 19.059450233560955 }, "geometry": { "type": "Polygon", "coordinates": [ [ [ 72.871255435760872, 19.057204455623477 ], [ 72.871255435760872, 19.061696011498434 ], [ 72.866505073376814, 19.061696011498434 ], [ 72.866505073376814, 19.057204455623477 ], [ 72.871255435760872, 19.057204455623477 ] ] ] } },
{ "type": "Feature", "properties": { "cell_id": 1135, "lon": 72.873630616952894, "lat": 19.059450233560955 }, "geometry": { "type": "Polygon", "coordinates": [ [ [ 72.876005798144931, 19.057204455623477 ], [ 72.876005798144931, 19.061696011498434 ], [ 72.871255435760872, 19.061696011498434 ], [ 72.871255435760872, 19.057204455623477 ], [ 72.876005798144931, 19.057204455623477 ] ] ] } },
{ "type": "Feature", "properties": { "cell_id": 1136, "lon": 72.878380979336953, "lat": 19.059450233560955 }, "geometry": { "type": "Polygon", "coordinates": [ [ [ 72.880756160528989, 19.057204455623477 ], [ 72.880756160528989, 19.061696011498434 ], [ 72.876005798144931, 19.061696011498434 ], [ 72.876005798144931, 19.057204455623477 ], [ 72.880756160528989, 19.057204455623477 ] ] ] } },
{ "type": "Feature", "properties": { "cell_id": 1137, "lon": 72.883131341721011, "lat": 19.059450233560955 }, "geometry": { "type": "Polygon", "coordinates": [ [ [ 72.885506522913047, 19.057204455623477 ], [ 72.885506522913047, 19.061696011498434 ], [ 72.880756160528989, 19.061696011498434 ], [ 72.880756160528989, 19.057204455623477 ], [ 72.885506522913047, 19.057204455623477 ] ] ] } },
{ "type": "Feature", "properties": { "cell_id": 1138, "lon": 72.88788170410507, "lat": 19.059450233560955 }, "geometry": { "type": "Polygon", "coordinates": [ [ [ 72.890256885297106, 19.057204455623477 ], [ 72.890256885297106, 19.061696011498434 ], [ 72.885506522913047, 19.061696011498434 ], [ 72.885506522913047, 19.057204455623477 ], [ 72.890256885297106, 19.057204455623477 ] ] ] } },
{ "type": "Feature", "properties": { "cell_id": 1139, "lon": 72.892632066489128, "lat": 19.059450233560955 }, "geometry": { "type": "Polygon", "coordinates": [ [ [ 72.895007247681164, 19.057204455623477 ], [ 72.895007247681164, 19.061696011498434 ], [ 72.890256885297106, 19.061696011498434 ], [ 72.890256885297106, 19.057204455623477 ], [ 72.895007247681164, 19.057204455623477 ] ] ] } },
{ "type": "Feature", "properties": { "cell_id": 1140, "lon": 72.897382428873186, "lat": 19.059450233560955 }, "geometry": { "type": "Polygon", "coordinates": [ [ [ 72.899757610065222, 19.057204455623477 ], [ 72.899757610065222, 19.061696011498434 ], [ 72.895007247681164, 19.061696011498434 ], [ 72.895007247681164, 19.057204455623477 ], [ 72.899757610065222, 19.057204455623477 ] ] ] } },
{ "type": "Feature", "properties": { "cell_id": 1141, "lon": 72.902132791257245, "lat": 19.059450233560955 }, "geometry": { "type": "Polygon", "coordinates": [ [ [ 72.904507972449281, 19.057204455623477 ], [ 72.904507972449281, 19.061696011498434 ], [ 72.899757610065222, 19.061696011498434 ], [ 72.899757610065222, 19.057204455623477 ], [ 72.904507972449281, 19.057204455623477 ] ] ] } },
{ "type": "Feature", "properties": { "cell_id": 1142, "lon": 72.906883153641303, "lat": 19.059450233560955 }, "geometry": { "type": "Polygon", "coordinates": [ [ [ 72.909258334833339, 19.057204455623477 ], [ 72.909258334833339, 19.061696011498434 ], [ 72.904507972449281, 19.061696011498434 ], [ 72.904507972449281, 19.057204455623477 ], [ 72.909258334833339, 19.057204455623477 ] ] ] } },
{ "type": "Feature", "properties": { "cell_id": 1143, "lon": 72.911633516025361, "lat": 19.059450233560955 }, "geometry": { "type": "Polygon", "coordinates": [ [ [ 72.914008697217398, 19.057204455623477 ], [ 72.914008697217398, 19.061696011498434 ], [ 72.909258334833339, 19.061696011498434 ], [ 72.909258334833339, 19.057204455623477 ], [ 72.914008697217398, 19.057204455623477 ] ] ] } },
{ "type": "Feature", "properties": { "cell_id": 1144, "lon": 72.91638387840942, "lat": 19.059450233560955 }, "geometry": { "type": "Polygon", "coordinates": [ [ [ 72.918759059601456, 19.057204455623477 ], [ 72.918759059601456, 19.061696011498434 ], [ 72.914008697217398, 19.061696011498434 ], [ 72.914008697217398, 19.057204455623477 ], [ 72.918759059601456, 19.057204455623477 ] ] ] } },
{ "type": "Feature", "properties": { "cell_id": 1145, "lon": 72.921134240793478, "lat": 19.059450233560955 }, "geometry": { "type": "Polygon", "coordinates": [ [ [ 72.923509421985514, 19.057204455623477 ], [ 72.923509421985514, 19.061696011498434 ], [ 72.918759059601456, 19.061696011498434 ], [ 72.918759059601456, 19.057204455623477 ], [ 72.923509421985514, 19.057204455623477 ] ] ] } },
{ "type": "Feature", "properties": { "cell_id": 1146, "lon": 72.925884603177536, "lat": 19.059450233560955 }, "geometry": { "type": "Polygon", "coordinates": [ [ [ 72.928259784369573, 19.057204455623477 ], [ 72.928259784369573, 19.061696011498434 ], [ 72.923509421985514, 19.061696011498434 ], [ 72.923509421985514, 19.057204455623477 ], [ 72.928259784369573, 19.057204455623477 ] ] ] } },
{ "type": "Feature", "properties": { "cell_id": 1147, "lon": 72.930634965561595, "lat": 19.059450233560955 }, "geometry": { "type": "Polygon", "coordinates": [ [ [ 72.933010146753631, 19.057204455623477 ], [ 72.933010146753631, 19.061696011498434 ], [ 72.928259784369573, 19.061696011498434 ], [ 72.928259784369573, 19.057204455623477 ], [ 72.933010146753631, 19.057204455623477 ] ] ] } },
{ "type": "Feature", "properties": { "cell_id": 1148, "lon": 72.935385327945653, "lat": 19.059450233560955 }, "geometry": { "type": "Polygon", "coordinates": [ [ [ 72.937760509137689, 19.057204455623477 ], [ 72.937760509137689, 19.061696011498434 ], [ 72.933010146753631, 19.061696011498434 ], [ 72.933010146753631, 19.057204455623477 ], [ 72.937760509137689, 19.057204455623477 ] ] ] } },
{ "type": "Feature", "properties": { "cell_id": 1149, "lon": 72.940135690329711, "lat": 19.059450233560955 }, "geometry": { "type": "Polygon", "coordinates": [ [ [ 72.942510871521748, 19.057204455623477 ], [ 72.942510871521748, 19.061696011498434 ], [ 72.937760509137689, 19.061696011498434 ], [ 72.937760509137689, 19.057204455623477 ], [ 72.942510871521748, 19.057204455623477 ] ] ] } },
{ "type": "Feature", "properties": { "cell_id": 1150, "lon": 72.94488605271377, "lat": 19.059450233560955 }, "geometry": { "type": "Polygon", "coordinates": [ [ [ 72.947261233905806, 19.057204455623477 ], [ 72.947261233905806, 19.061696011498434 ], [ 72.942510871521748, 19.061696011498434 ], [ 72.942510871521748, 19.057204455623477 ], [ 72.947261233905806, 19.057204455623477 ] ] ] } },
{ "type": "Feature", "properties": { "cell_id": 1151, "lon": 72.949636415097828, "lat": 19.059450233560955 }, "geometry": { "type": "Polygon", "coordinates": [ [ [ 72.952011596289864, 19.057204455623477 ], [ 72.952011596289864, 19.061696011498434 ], [ 72.947261233905806, 19.061696011498434 ], [ 72.947261233905806, 19.057204455623477 ], [ 72.952011596289864, 19.057204455623477 ] ] ] } },
{ "type": "Feature", "properties": { "cell_id": 1152, "lon": 72.802375181192019, "lat": 19.063941789435912 }, "geometry": { "type": "Polygon", "coordinates": [ [ [ 72.804750362384056, 19.061696011498434 ], [ 72.804750362384056, 19.06618756737339 ], [ 72.8, 19.06618756737339 ], [ 72.8, 19.061696011498434 ], [ 72.804750362384056, 19.061696011498434 ] ] ] } },
{ "type": "Feature", "properties": { "cell_id": 1153, "lon": 72.807125543576078, "lat": 19.063941789435912 }, "geometry": { "type": "Polygon", "coordinates": [ [ [ 72.809500724768114, 19.061696011498434 ], [ 72.809500724768114, 19.06618756737339 ], [ 72.804750362384056, 19.06618756737339 ], [ 72.804750362384056, 19.061696011498434 ], [ 72.809500724768114, 19.061696011498434 ] ] ] } },
{ "type": "Feature", "properties": { "cell_id": 1154, "lon": 72.811875905960136, "lat": 19.063941789435912 }, "geometry": { "type": "Polygon", "coordinates": [ [ [ 72.814251087152172, 19.061696011498434 ], [ 72.814251087152172, 19.06618756737339 ], [ 72.809500724768114, 19.06618756737339 ], [ 72.809500724768114, 19.061696011498434 ], [ 72.814251087152172, 19.061696011498434 ] ] ] } },
{ "type": "Feature", "properties": { "cell_id": 1155, "lon": 72.816626268344194, "lat": 19.063941789435912 }, "geometry": { "type": "Polygon", "coordinates": [ [ [ 72.819001449536231, 19.061696011498434 ], [ 72.819001449536231, 19.06618756737339 ], [ 72.814251087152172, 19.06618756737339 ], [ 72.814251087152172, 19.061696011498434 ], [ 72.819001449536231, 19.061696011498434 ] ] ] } },
{ "type": "Feature", "properties": { "cell_id": 1156, "lon": 72.821376630728253, "lat": 19.063941789435912 }, "geometry": { "type": "Polygon", "coordinates": [ [ [ 72.823751811920289, 19.061696011498434 ], [ 72.823751811920289, 19.06618756737339 ], [ 72.819001449536231, 19.06618756737339 ], [ 72.819001449536231, 19.061696011498434 ], [ 72.823751811920289, 19.061696011498434 ] ] ] } },
{ "type": "Feature", "properties": { "cell_id": 1157, "lon": 72.826126993112311, "lat": 19.063941789435912 }, "geometry": { "type": "Polygon", "coordinates": [ [ [ 72.828502174304347, 19.061696011498434 ], [ 72.828502174304347, 19.06618756737339 ], [ 72.823751811920289, 19.06618756737339 ], [ 72.823751811920289, 19.061696011498434 ], [ 72.828502174304347, 19.061696011498434 ] ] ] } },
{ "type": "Feature", "properties": { "cell_id": 1158, "lon": 72.830877355496369, "lat": 19.063941789435912 }, "geometry": { "type": "Polygon", "coordinates": [ [ [ 72.833252536688406, 19.061696011498434 ], [ 72.833252536688406, 19.06618756737339 ], [ 72.828502174304347, 19.06618756737339 ], [ 72.828502174304347, 19.061696011498434 ], [ 72.833252536688406, 19.061696011498434 ] ] ] } },
{ "type": "Feature", "properties": { "cell_id": 1159, "lon": 72.835627717880428, "lat": 19.063941789435912 }, "geometry": { "type": "Polygon", "coordinates": [ [ [ 72.838002899072464, 19.061696011498434 ], [ 72.838002899072464, 19.06618756737339 ], [ 72.833252536688406, 19.06618756737339 ], [ 72.833252536688406, 19.061696011498434 ], [ 72.838002899072464, 19.061696011498434 ] ] ] } },
{ "type": "Feature", "properties": { "cell_id": 1160, "lon": 72.840378080264486, "lat": 19.063941789435912 }, "geometry": { "type": "Polygon", "coordinates": [ [ [ 72.842753261456522, 19.061696011498434 ], [ 72.842753261456522, 19.06618756737339 ], [ 72.838002899072464, 19.06618756737339 ], [ 72.838002899072464, 19.061696011498434 ], [ 72.842753261456522, 19.061696011498434 ] ] ] } },
{ "type": "Feature", "properties": { "cell_id": 1161, "lon": 72.845128442648544, "lat": 19.063941789435912 }, "geometry": { "type": "Polygon", "coordinates": [ [ [ 72.847503623840581, 19.061696011498434 ], [ 72.847503623840581, 19.06618756737339 ], [ 72.842753261456522, 19.06618756737339 ], [ 72.842753261456522, 19.061696011498434 ], [ 72.847503623840581, 19.061696011498434 ] ] ] } },
{ "type": "Feature", "properties": { "cell_id": 1162, "lon": 72.849878805032603, "lat": 19.063941789435912 }, "geometry": { "type": "Polygon", "coordinates": [ [ [ 72.852253986224639, 19.061696011498434 ], [ 72.852253986224639, 19.06618756737339 ], [ 72.847503623840581, 19.06618756737339 ], [ 72.847503623840581, 19.061696011498434 ], [ 72.852253986224639, 19.061696011498434 ] ] ] } },
{ "type": "Feature", "properties": { "cell_id": 1163, "lon": 72.854629167416661, "lat": 19.063941789435912 }, "geometry": { "type": "Polygon", "coordinates": [ [ [ 72.857004348608697, 19.061696011498434 ], [ 72.857004348608697, 19.06618756737339 ], [ 72.852253986224639, 19.06618756737339 ], [ 72.852253986224639, 19.061696011498434 ], [ 72.857004348608697, 19.061696011498434 ] ] ] } },
{ "type": "Feature", "properties": { "cell_id": 1164, "lon": 72.859379529800719, "lat": 19.063941789435912 }, "geometry": { "type": "Polygon", "coordinates": [ [ [ 72.861754710992756, 19.061696011498434 ], [ 72.861754710992756, 19.06618756737339 ], [ 72.857004348608697, 19.06618756737339 ], [ 72.857004348608697, 19.061696011498434 ], [ 72.861754710992756, 19.061696011498434 ] ] ] } },
{ "type": "Feature", "properties": { "cell_id": 1165, "lon": 72.864129892184778, "lat": 19.063941789435912 }, "geometry": { "type": "Polygon", "coordinates": [ [ [ 72.866505073376814, 19.061696011498434 ], [ 72.866505073376814, 19.06618756737339 ], [ 72.861754710992756, 19.06618756737339 ], [ 72.861754710992756, 19.061696011498434 ], [ 72.866505073376814, 19.061696011498434 ] ] ] } },
{ "type": "Feature", "properties": { "cell_id": 1166, "lon": 72.868880254568836, "lat": 19.063941789435912 }, "geometry": { "type": "Polygon", "coordinates": [ [ [ 72.871255435760872, 19.061696011498434 ], [ 72.871255435760872, 19.06618756737339 ], [ 72.866505073376814, 19.06618756737339 ], [ 72.866505073376814, 19.061696011498434 ], [ 72.871255435760872, 19.061696011498434 ] ] ] } },
{ "type": "Feature", "properties": { "cell_id": 1167, "lon": 72.873630616952894, "lat": 19.063941789435912 }, "geometry": { "type": "Polygon", "coordinates": [ [ [ 72.876005798144931, 19.061696011498434 ], [ 72.876005798144931, 19.06618756737339 ], [ 72.871255435760872, 19.06618756737339 ], [ 72.871255435760872, 19.061696011498434 ], [ 72.876005798144931, 19.061696011498434 ] ] ] } },
{ "type": "Feature", "properties": { "cell_id": 1168, "lon": 72.878380979336953, "lat": 19.063941789435912 }, "geometry": { "type": "Polygon", "coordinates": [ [ [ 72.880756160528989, 19.061696011498434 ], [ 72.880756160528989, 19.06618756737339 ], [ 72.876005798144931, 19.06618756737339 ], [ 72.876005798144931, 19.061696011498434 ], [ 72.880756160528989, 19.061696011498434 ] ] ] } },
{ "type": "Feature", "properties": { "cell_id": 1169, "lon": 72.883131341721011, "lat": 19.063941789435912 }, "geometry": { "type": "Polygon", "coordinates": [ [ [ 72.885506522913047, 19.061696011498434 ], [ 72.885506522913047, 19.06618756737339 ], [ 72.880756160528989, 19.06618756737339 ], [ 72.880756160528989, 19.061696011498434 ], [ 72.885506522913047, 19.061696011498434 ] ] ] } },
{ "type": "Feature", "properties": { "cell_id": 1170, "lon": 72.88788170410507, "lat": 19.063941789435912 }, "geometry": { "type": "Polygon", "coordinates": [ [ [ 72.890256885297106, 19.061696011498434 ], [ 72.890256885297106, 19.06618756737339 ], [ 72.885506522913047, 19.06618756737339 ], [ 72.885506522913047, 19.061696011498434 ], [ 72.890256885297106, 19.061696011498434 ] ] ] } },
{ "type": "Feature", "properties": { "cell_id": 1171, "lon": 72.892632066489128, "lat": 19.063941789435912 }, "geometry": { "type": "Polygon", "coordinates": [ [ [ 72.895007247681164, 19.061696011498434 ], [ 72.895007247681164, 19.06618756737339 ], [ 72.890256885297106, 19.06618756737339 ], [ 72.890256885297106, 19.061696011498434 ], [ 72.895007247681164, 19.061696011498434 ] ] ] } },
{ "type": "Feature", "properties": { "cell_id": 1172, "lon": 72.897382428873186, "lat": 19.063941789435912 }, "geometry": { "type": "Polygon", "coordinates": [ [ [ 72.899757610065222, 19.061696011498434 ], [ 72.899757610065222, 19.06618756737339 ], [ 72.895007247681164, 19.06618756737339 ], [ 72.895007247681164, 19.061696011498434 ], [ 72.899757610065222, 19.061696011498434 ] ] ] } },
{ "type": "Feature", "properties": { "cell_id": 1173, "lon": 72.902132791257245, "lat": 19.063941789435912 }, "geometry": { "type": "Polygon", "coordinates": [ [ [ 72.904507972449281, 19.061696011498434 ], [ 72.904507972449281, 19.06618756737339 ], [ 72.899757610065222, 19.06618756737339 ], [ 72.899757610065222, 19.061696011498434 ], [ 72.904507972449281, 19.061696011498434 ] ] ] } },
{ "type": "Feature", "properties": { "cell_id": 1174, "lon": 72.906883153641303, "lat": 19.063941789435912 }, "geometry": { "type": "Polygon", "coordinates": [ [ [ 72.909258334833339, 19.061696011498434 ], [ 72.909258334833339, 19.06618756737339 ], [ 72.904507972449281, 19.06618756737339 ], [ 72.904507972449281, 19.061696011498434 ], [ 72.909258334833339, 19.061696011498434 ] ] ] } },
{ "type": "Feature", "properties": { "cell_id": 1175, "lon": 72.911633516025361, "lat": 19.063941789435912 }, "geometry": { "type": "Polygon", "coordinates": [ [ [ 72.914008697217398, 19.061696011498434 ], [ 72.914008697217398, 19.06618756737339 ], [ 72.909258334833339, 19.06618756737339 ], [ 72.909258334833339, 19.061696011498434 ], [ 72.914008697217398, 19.061696011498434 ] ] ] } },
{ "type": "Feature", "properties": { "cell_id": 1176, "lon": 72.91638387840942, "lat": 19.063941789435912 }, "geometry": { "type": "Polygon", "coordinates": [ [ [ 72.918759059601456, 19.061696011498434 ], [ 72.918759059601456, 19.06618756737339 ], [ 72.914008697217398, 19.06618756737339 ], [ 72.914008697217398, 19.061696011498434 ], [ 72.918759059601456, 19.061696011498434 ] ] ] } },
{ "type": "Feature", "properties": { "cell_id": 1177, "lon": 72.921134240793478, "lat": 19.063941789435912 }, "geometry": { "type": "Polygon", "coordinates": [ [ [ 72.923509421985514, 19.061696011498434 ], [ 72.923509421985514, 19.06618756737339 ], [ 72.918759059601456, 19.06618756737339 ], [ 72.918759059601456, 19.061696011498434 ], [ 72.923509421985514, 19.061696011498434 ] ] ] } },
{ "type": "Feature", "properties": { "cell_id": 1178, "lon": 72.925884603177536, "lat": 19.063941789435912 }, "geometry": { "type": "Polygon", "coordinates": [ [ [ 72.928259784369573, 19.061696011498434 ], [ 72.928259784369573, 19.06618756737339 ], [ 72.923509421985514, 19.06618756737339 ], [ 72.923509421985514, 19.061696011498434 ], [ 72.928259784369573, 19.061696011498434 ] ] ] } },
{ "type": "Feature", "properties": { "cell_id": 1179, "lon": 72.930634965561595, "lat": 19.063941789435912 }, "geometry": { "type": "Polygon", "coordinates": [ [ [ 72.933010146753631, 19.061696011498434 ], [ 72.933010146753631, 19.06618756737339 ], [ 72.928259784369573, 19.06618756737339 ], [ 72.928259784369573, 19.061696011498434 ], [ 72.933010146753631, 19.061696011498434 ] ] ] } },
{ "type": "Feature", "properties": { "cell_id": 1180, "lon": 72.935385327945653, "lat": 19.063941789435912 }, "geometry": { "type": "Polygon", "coordinates": [ [ [ 72.937760509137689, 19.061696011498434 ], [ 72.937760509137689, 19.06618756737339 ], [ 72.933010146753631, 19.06618756737339 ], [ 72.933010146753631, 19.061696011498434 ], [ 72.937760509137689, 19.061696011498434 ] ] ] } },
{ "type": "Feature", "properties": { "cell_id": 1181, "lon": 72.940135690329711, "lat": 19.063941789435912 }, "geometry": { "type": "Polygon", "coordinates": [ [ [ 72.942510871521748, 19.061696011498434 ], [ 72.942510871521748, 19.06618756737339 ], [ 72.937760509137689, 19.06618756737339 ], [ 72.937760509137689, 19.061696011498434 ], [ 72.942510871521748, 19.061696011498434 ] ] ] } },
{ "type": "Feature", "properties": { "cell_id": 1182, "lon": 72.94488605271377, "lat": 19.063941789435912 }, "geometry": { "type": "Polygon", "coordinates": [ [ [ 72.947261233905806, 19.061696011498434 ], [ 72.947261233905806, 19.06618756737339 ], [ 72.942510871521748, 19.06618756737339 ], [ 72.942510871521748, 19.061696011498434 ], [ 72.947261233905806, 19.061696011498434 ] ] ] } },
{ "type": "Feature", "properties": { "cell_id": 1183, "lon": 72.949636415097828, "lat": 19.063941789435912 }, "geometry": { "type": "Polygon", "coordinates": [ [ [ 72.952011596289864, 19.061696011498434 ], [ 72.952011596289864, 19.06618756737339 ], [ 72.947261233905806, 19.06618756737339 ], [ 72.947261233905806, 19.061696011498434 ], [ 72.952011596289864, 19.061696011498434 ] ] ] } },
{ "type": "Feature", "properties": { "cell_id": 1184, "lon": 72.802375181192019, "lat": 19.068433345310869 }, "geometry": { "type": "Polygon", "coordinates": [ [ [ 72.804750362384056, 19.06618756737339 ], [ 72.804750362384056, 19.070679123248347 ], [ 72.8, 19.070679123248347 ], [ 72.8, 19.06618756737339 ], [ 72.804750362384056, 19.06618756737339 ] ] ] } },
{ "type": "Feature", "properties": { "cell_id": 1185, "lon": 72.807125543576078, "lat": 19.068433345310869 }, "geometry": { "type": "Polygon", "coordinates": [ [ [ 72.809500724768114, 19.06618756737339 ], [ 72.809500724768114, 19.070679123248347 ], [ 72.804750362384056, 19.070679123248347 ], [ 72.804750362384056, 19.06618756737339 ], [ 72.809500724768114, 19.06618756737339 ] ] ] } },
{ "type": "Feature", "properties": { "cell_id": 1186, "lon": 72.811875905960136, "lat": 19.068433345310869 }, "geometry": { "type": "Polygon", "coordinates": [ [ [ 72.814251087152172, 19.06618756737339 ], [ 72.814251087152172, 19.070679123248347 ], [ 72.809500724768114, 19.070679123248347 ], [ 72.809500724768114, 19.06618756737339 ], [ 72.814251087152172, 19.06618756737339 ] ] ] } },
{ "type": "Feature", "properties": { "cell_id": 1187, "lon": 72.816626268344194, "lat": 19.068433345310869 }, "geometry": { "type": "Polygon", "coordinates": [ [ [ 72.819001449536231, 19.06618756737339 ], [ 72.819001449536231, 19.070679123248347 ], [ 72.814251087152172, 19.070679123248347 ], [ 72.814251087152172, 19.06618756737339 ], [ 72.819001449536231, 19.06618756737339 ] ] ] } },
{ "type": "Feature", "properties": { "cell_id": 1188, "lon": 72.821376630728253, "lat": 19.068433345310869 }, "geometry": { "type": "Polygon", "coordinates": [ [ [ 72.823751811920289, 19.06618756737339 ], [ 72.823751811920289, 19.070679123248347 ], [ 72.819001449536231, 19.070679123248347 ], [ 72.819001449536231, 19.06618756737339 ], [ 72.823751811920289, 19.06618756737339 ] ] ] } },
{ "type": "Feature", "properties": { "cell_id": 1189, "lon": 72.826126993112311, "lat": 19.068433345310869 }, "geometry": { "type": "Polygon", "coordinates": [ [ [ 72.828502174304347, 19.06618756737339 ], [ 72.828502174304347, 19.070679123248347 ], [ 72.823751811920289, 19.070679123248347 ], [ 72.823751811920289, 19.06618756737339 ], [ 72.828502174304347, 19.06618756737339 ] ] ] } },
{ "type": "Feature", "properties": { "cell_id": 1190, "lon": 72.830877355496369, "lat": 19.068433345310869 }, "geometry": { "type": "Polygon", "coordinates": [ [ [ 72.833252536688406, 19.06618756737339 ], [ 72.833252536688406, 19.070679123248347 ], [ 72.828502174304347, 19.070679123248347 ], [ 72.828502174304347, 19.06618756737339 ], [ 72.833252536688406, 19.06618756737339 ] ] ] } },
{ "type": "Feature", "properties": { "cell_id": 1191, "lon": 72.835627717880428, "lat": 19.068433345310869 }, "geometry": { "type": "Polygon", "coordinates": [ [ [ 72.838002899072464, 19.06618756737339 ], [ 72.838002899072464, 19.070679123248347 ], [ 72.833252536688406, 19.070679123248347 ], [ 72.833252536688406, 19.06618756737339 ], [ 72.838002899072464, 19.06618756737339 ] ] ] } },
{ "type": "Feature", "properties": { "cell_id": 1192, "lon": 72.840378080264486, "lat": 19.068433345310869 }, "geometry": { "type": "Polygon", "coordinates": [ [ [ 72.842753261456522, 19.06618756737339 ], [ 72.842753261456522, 19.070679123248347 ], [ 72.838002899072464, 19.070679123248347 ], [ 72.838002899072464, 19.06618756737339 ], [ 72.842753261456522, 19.06618756737339 ] ] ] } },
{ "type": "Feature", "properties": { "cell_id": 1193, "lon": 72.845128442648544, "lat": 19.068433345310869 }, "geometry": { "type": "Polygon", "coordinates": [ [ [ 72.847503623840581, 19.06618756737339 ], [ 72.847503623840581, 19.070679123248347 ], [ 72.842753261456522, 19.070679123248347 ], [ 72.842753261456522, 19.06618756737339 ], [ 72.847503623840581, 19.06618756737339 ] ] ] } },
{ "type": "Feature", "properties": { "cell_id": 1194, "lon": 72.849878805032603, "lat": 19.068433345310869 }, "geometry": { "type": "Polygon", "coordinates": [ [ [ 72.852253986224639, 19.06618756737339 ], [ 72.852253986224639, 19.070679123248347 ], [ 72.847503623840581, 19.070679123248347 ], [ 72.847503623840581, 19.06618756737339 ], [ 72.852253986224639, 19.06618756737339 ] ] ] } },
{ "type": "Feature", "properties": { "cell_id": 1195, "lon": 72.854629167416661, "lat": 19.068433345310869 }, "geometry": { "type": "Polygon", "coordinates": [ [ [ 72.857004348608697, 19.06618756737339 ], [ 72.857004348608697, 19.070679123248347 ], [ 72.852253986224639, 19.070679123248347 ], [ 72.852253986224639, 19.06618756737339 ], [ 72.857004348608697, 19.06618756737339 ] ] ] } },
{ "type": "Feature", "properties": { "cell_id": 1196, "lon": 72.859379529800719, "lat": 19.068433345310869 }, "geometry": { "type": "Polygon", "coordinates": [ [ [ 72.861754710992756, 19.06618756737339 ], [ 72.861754710992756, 19.070679123248347 ], [ 72.857004348608697, 19.070679123248347 ], [ 72.857004348608697, 19.06618756737339 ], [ 72.861754710992756, 19.06618756737339 ] ] ] } },
{ "type": "Feature", "properties": { "cell_id": 1197, "lon": 72.864129892184778, "lat": 19.068433345310869 }, "geometry": { "type": "Polygon", "coordinates": [ [ [ 72.866505073376814, 19.06618756737339 ], [ 72.866505073376814, 19.070679123248347 ], [ 72.861754710992756, 19.070679123248347 ], [ 72.861754710992756, 19.06618756737339 ], [ 72.866505073376814, 19.06618756737339 ] ] ] } },
{ "type": "Feature", "properties": { "cell_id": 1198, "lon": 72.868880254568836, "lat": 19.068433345310869 }, "geometry": { "type": "Polygon", "coordinates": [ [ [ 72.871255435760872, 19.06618756737339 ], [ 72.871255435760872, 19.070679123248347 ], [ 72.866505073376814, 19.070679123248347 ], [ 72.866505073376814, 19.06618756737339 ], [ 72.871255435760872, 19.06618756737339 ] ] ] } },
{ "type": "Feature", "properties": { "cell_id": 1199, "lon": 72.873630616952894, "lat": 19.068433345310869 }, "geometry": { "type": "Polygon", "coordinates": [ [ [ 72.876005798144931, 19.06618756737339 ], [ 72.876005798144931, 19.070679123248347 ], [ 72.871255435760872, 19.070679123248347 ], [ 72.871255435760872, 19.06618756737339 ], [ 72.876005798144931, 19.06618756737339 ] ] ] } },
{ "type": "Feature", "properties": { "cell_id": 1200, "lon": 72.878380979336953, "lat": 19.068433345310869 }, "geometry": { "type": "Polygon", "coordinates": [ [ [ 72.880756160528989, 19.06618756737339 ], [ 72.880756160528989, 19.070679123248347 ], [ 72.876005798144931, 19.070679123248347 ], [ 72.876005798144931, 19.06618756737339 ], [ 72.880756160528989, 19.06618756737339 ] ] ] } },
{ "type": "Feature", "properties": { "cell_id": 1201, "lon": 72.883131341721011, "lat": 19.068433345310869 }, "geometry": { "type": "Polygon", "coordinates": [ [ [ 72.885506522913047, 19.06618756737339 ], [ 72.885506522913047, 19.070679123248347 ], [ 72.880756160528989, 19.070679123248347 ], [ 72.880756160528989, 19.06618756737339 ], [ 72.885506522913047, 19.06618756737339 ] ] ] } },
{ "type": "Feature", "properties": { "cell_id": 1202, "lon": 72.88788170410507, "lat": 19.068433345310869 }, "geometry": { "type": "Polygon", "coordinates": [ [ [ 72.890256885297106, 19.06618756737339 ], [ 72.890256885297106, 19.070679123248347 ], [ 72.885506522913047, 19.070679123248347 ], [ 72.885506522913047, 19.06618756737339 ], [ 72.890256885297106, 19.06618756737339 ] ] ] } },
{ "type": "Feature", "properties": { "cell_id": 1203, "lon": 72.892632066489128, "lat": 19.068433345310869 }, "geometry": { "type": "Polygon", "coordinates": [ [ [ 72.895007247681164, 19.06618756737339 ], [ 72.895007247681164, 19.070679123248347 ], [ 72.890256885297106, 19.070679123248347 ], [ 72.890256885297106, 19.06618756737339 ], [ 72.895007247681164, 19.06618756737339 ] ] ] } },
{ "type": "Feature", "properties": { "cell_id": 1204, "lon": 72.897382428873186, "lat": 19.068433345310869 }, "geometry": { "type": "Polygon", "coordinates": [ [ [ 72.899757610065222, 19.06618756737339 ], [ 72.899757610065222, 19.070679123248347 ], [ 72.895007247681164, 19.070679123248347 ], [ 72.895007247681164, 19.06618756737339 ], [ 72.899757610065222, 19.06618756737339 ] ] ] } },
{ "type": "Feature", "properties": { "cell_id": 1205, "lon": 72.902132791257245, "lat": 19.068433345310869 }, "geometry": { "type": "Polygon", "coordinates": [ [ [ 72.904507972449281, 19.06618756737339 ], [ 72.904507972449281, 19.070679123248347 ], [ 72.899757610065222, 19.070679123248347 ], [ 72.899757610065222, 19.06618756737339 ], [ 72.904507972449281, 19.06618756737339 ] ] ] } },
{ "type": "Feature", "properties": { "cell_id": 1206, "lon": 72.906883153641303, "lat": 19.068433345310869 }, "geometry": { "type": "Polygon", "coordinates": [ [ [ 72.909258334833339, 19.06618756737339 ], [ 72.909258334833339, 19.070679123248347 ], [ 72.904507972449281, 19.070679123248347 ], [ 72.904507972449281, 19.06618756737339 ], [ 72.909258334833339, 19.06618756737339 ] ] ] } },
{ "type": "Feature", "properties": { "cell_id": 1207, "lon": 72.911633516025361, "lat": 19.068433345310869 }, "geometry": { "type": "Polygon", "coordinates": [ [ [ 72.914008697217398, 19.06618756737339 ], [ 72.914008697217398, 19.070679123248347 ], [ 72.909258334833339, 19.070679123248347 ], [ 72.909258334833339, 19.06618756737339 ], [ 72.914008697217398, 19.06618756737339 ] ] ] } },
{ "type": "Feature", "properties": { "cell_id": 1208, "lon": 72.91638387840942, "lat": 19.068433345310869 }, "geometry": { "type": "Polygon", "coordinates": [ [ [ 72.918759059601456, 19.06618756737339 ], [ 72.918759059601456, 19.070679123248347 ], [ 72.914008697217398, 19.070679123248347 ], [ 72.914008697217398, 19.06618756737339 ], [ 72.918759059601456, 19.06618756737339 ] ] ] } },
{ "type": "Feature", "properties": { "cell_id": 1209, "lon": 72.921134240793478, "lat": 19.068433345310869 }, "geometry": { "type": "Polygon", "coordinates": [ [ [ 72.923509421985514, 19.06618756737339 ], [ 72.923509421985514, 19.070679123248347 ], [ 72.918759059601456, 19.070679123248347 ], [ 72.918759059601456, 19.06618756737339 ], [ 72.923509421985514, 19.06618756737339 ] ] ] } },
{ "type": "Feature", "properties": { "cell_id": 1210, "lon": 72.925884603177536, "lat": 19.068433345310869 }, "geometry": { "type": "Polygon", "coordinates": [ [ [ 72.928259784369573, 19.06618756737339 ], [ 72.928259784369573, 19.070679123248347 ], [ 72.923509421985514, 19.070679123248347 ], [ 72.923509421985514, 19.06618756737339 ], [ 72.928259784369573, 19.06618756737339 ] ] ] } },
{ "type": "Feature", "properties": { "cell_id": 1211, "lon": 72.930634965561595, "lat": 19.068433345310869 }, "geometry": { "type": "Polygon", "coordinates": [ [ [ 72.933010146753631, 19.06618756737339 ], [ 72.933010146753631, 19.070679123248347 ], [ 72.928259784369573, 19.070679123248347 ], [ 72.928259784369573, 19.06618756737339 ], [ 72.933010146753631, 19.06618756737339 ] ] ] } },
{ "type": "Feature", "properties": { "cell_id": 1212, "lon": 72.935385327945653, "lat": 19.068433345310869 }, "geometry": { "type": "Polygon", "coordinates": [ [ [ 72.937760509137689, 19.06618756737339 ], [ 72.937760509137689, 19.070679123248347 ], [ 72.933010146753631, 19.070679123248347 ], [ 72.933010146753631, 19.06618756737339 ], [ 72.937760509137689, 19.06618756737339 ] ] ] } },
{ "type": "Feature", "properties": { "cell_id": 1213, "lon": 72.940135690329711, "lat": 19.068433345310869 }, "geometry": { "type": "Polygon", "coordinates": [ [ [ 72.942510871521748, 19.06618756737339 ], [ 72.942510871521748, 19.070679123248347 ], [ 72.937760509137689, 19.070679123248347 ], [ 72.937760509137689, 19.06618756737339 ], [ 72.942510871521748, 19.06618756737339 ] ] ] } },
{ "type": "Feature", "properties": { "cell_id": 1214, "lon": 72.94488605271377, "lat": 19.068433345310869 }, "geometry": { "type": "Polygon", "coordinates": [ [ [ 72.947261233905806, 19.06618756737339 ], [ 72.947261233905806, 19.070679123248347 ], [ 72.942510871521748, 19.070679123248347 ], [ 72.942510871521748, 19.06618756737339 ], [ 72.947261233905806, 19.06618756737339 ] ] ] } },
{ "type": "Feature", "properties": { "cell_id": 1215, "lon": 72.949636415097828, "lat": 19.068433345310869 }, "geometry": { "type": "Polygon", "coordinates": [ [ [ 72.952011596289864, 19.06618756737339 ], [ 72.952011596289864, 19.070679123248347 ], [ 72.947261233905806, 19.070679123248347 ], [ 72.947261233905806, 19.06618756737339 ], [ 72.952011596289864, 19.06618756737339 ] ] ] } },
{ "type": "Feature", "properties": { "cell_id": 1216, "lon": 72.802375181192019, "lat": 19.072924901185825 }, "geometry": { "type": "Polygon", "coordinates": [ [ [ 72.804750362384056, 19.070679123248347 ], [ 72.804750362384056, 19.075170679123303 ], [ 72.8, 19.075170679123303 ], [ 72.8, 19.070679123248347 ], [ 72.804750362384056, 19.070679123248347 ] ] ] } },
{ "type": "Feature", "properties": { "cell_id": 1217, "lon": 72.807125543576078, "lat": 19.072924901185825 }, "geometry": { "type": "Polygon", "coordinates": [ [ [ 72.809500724768114, 19.070679123248347 ], [ 72.809500724768114, 19.075170679123303 ], [ 72.804750362384056, 19.075170679123303 ], [ 72.804750362384056, 19.070679123248347 ], [ 72.809500724768114, 19.070679123248347 ] ] ] } },
{ "type": "Feature", "properties": { "cell_id": 1218, "lon": 72.811875905960136, "lat": 19.072924901185825 }, "geometry": { "type": "Polygon", "coordinates": [ [ [ 72.814251087152172, 19.070679123248347 ], [ 72.814251087152172, 19.075170679123303 ], [ 72.809500724768114, 19.075170679123303 ], [ 72.809500724768114, 19.070679123248347 ], [ 72.814251087152172, 19.070679123248347 ] ] ] } },
{ "type": "Feature", "properties": { "cell_id": 1219, "lon": 72.816626268344194, "lat": 19.072924901185825 }, "geometry": { "type": "Polygon", "coordinates": [ [ [ 72.819001449536231, 19.070679123248347 ], [ 72.819001449536231, 19.075170679123303 ], [ 72.814251087152172, 19.075170679123303 ], [ 72.814251087152172, 19.070679123248347 ], [ 72.819001449536231, 19.070679123248347 ] ] ] } },
{ "type": "Feature", "properties": { "cell_id": 1220, "lon": 72.821376630728253, "lat": 19.072924901185825 }, "geometry": { "type": "Polygon", "coordinates": [ [ [ 72.823751811920289, 19.070679123248347 ], [ 72.823751811920289, 19.075170679123303 ], [ 72.819001449536231, 19.075170679123303 ], [ 72.819001449536231, 19.070679123248347 ], [ 72.823751811920289, 19.070679123248347 ] ] ] } },
{ "type": "Feature", "properties": { "cell_id": 1221, "lon": 72.826126993112311, "lat": 19.072924901185825 }, "geometry": { "type": "Polygon", "coordinates": [ [ [ 72.828502174304347, 19.070679123248347 ], [ 72.828502174304347, 19.075170679123303 ], [ 72.823751811920289, 19.075170679123303 ], [ 72.823751811920289, 19.070679123248347 ], [ 72.828502174304347, 19.070679123248347 ] ] ] } },
{ "type": "Feature", "properties": { "cell_id": 1222, "lon": 72.830877355496369, "lat": 19.072924901185825 }, "geometry": { "type": "Polygon", "coordinates": [ [ [ 72.833252536688406, 19.070679123248347 ], [ 72.833252536688406, 19.075170679123303 ], [ 72.828502174304347, 19.075170679123303 ], [ 72.828502174304347, 19.070679123248347 ], [ 72.833252536688406, 19.070679123248347 ] ] ] } },
{ "type": "Feature", "properties": { "cell_id": 1223, "lon": 72.835627717880428, "lat": 19.072924901185825 }, "geometry": { "type": "Polygon", "coordinates": [ [ [ 72.838002899072464, 19.070679123248347 ], [ 72.838002899072464, 19.075170679123303 ], [ 72.833252536688406, 19.075170679123303 ], [ 72.833252536688406, 19.070679123248347 ], [ 72.838002899072464, 19.070679123248347 ] ] ] } },
{ "type": "Feature", "properties": { "cell_id": 1224, "lon": 72.840378080264486, "lat": 19.072924901185825 }, "geometry": { "type": "Polygon", "coordinates": [ [ [ 72.842753261456522, 19.070679123248347 ], [ 72.842753261456522, 19.075170679123303 ], [ 72.838002899072464, 19.075170679123303 ], [ 72.838002899072464, 19.070679123248347 ], [ 72.842753261456522, 19.070679123248347 ] ] ] } },
{ "type": "Feature", "properties": { "cell_id": 1225, "lon": 72.845128442648544, "lat": 19.072924901185825 }, "geometry": { "type": "Polygon", "coordinates": [ [ [ 72.847503623840581, 19.070679123248347 ], [ 72.847503623840581, 19.075170679123303 ], [ 72.842753261456522, 19.075170679123303 ], [ 72.842753261456522, 19.070679123248347 ], [ 72.847503623840581, 19.070679123248347 ] ] ] } },
{ "type": "Feature", "properties": { "cell_id": 1226, "lon": 72.849878805032603, "lat": 19.072924901185825 }, "geometry": { "type": "Polygon", "coordinates": [ [ [ 72.852253986224639, 19.070679123248347 ], [ 72.852253986224639, 19.075170679123303 ], [ 72.847503623840581, 19.075170679123303 ], [ 72.847503623840581, 19.070679123248347 ], [ 72.852253986224639, 19.070679123248347 ] ] ] } },
{ "type": "Feature", "properties": { "cell_id": 1227, "lon": 72.854629167416661, "lat": 19.072924901185825 }, "geometry": { "type": "Polygon", "coordinates": [ [ [ 72.857004348608697, 19.070679123248347 ], [ 72.857004348608697, 19.075170679123303 ], [ 72.852253986224639, 19.075170679123303 ], [ 72.852253986224639, 19.070679123248347 ], [ 72.857004348608697, 19.070679123248347 ] ] ] } },
{ "type": "Feature", "properties": { "cell_id": 1228, "lon": 72.859379529800719, "lat": 19.072924901185825 }, "geometry": { "type": "Polygon", "coordinates": [ [ [ 72.861754710992756, 19.070679123248347 ], [ 72.861754710992756, 19.075170679123303 ], [ 72.857004348608697, 19.075170679123303 ], [ 72.857004348608697, 19.070679123248347 ], [ 72.861754710992756, 19.070679123248347 ] ] ] } },
{ "type": "Feature", "properties": { "cell_id": 1229, "lon": 72.864129892184778, "lat": 19.072924901185825 }, "geometry": { "type": "Polygon", "coordinates": [ [ [ 72.866505073376814, 19.070679123248347 ], [ 72.866505073376814, 19.075170679123303 ], [ 72.861754710992756, 19.075170679123303 ], [ 72.861754710992756, 19.070679123248347 ], [ 72.866505073376814, 19.070679123248347 ] ] ] } },
{ "type": "Feature", "properties": { "cell_id": 1230, "lon": 72.868880254568836, "lat": 19.072924901185825 }, "geometry": { "type": "Polygon", "coordinates": [ [ [ 72.871255435760872, 19.070679123248347 ], [ 72.871255435760872, 19.075170679123303 ], [ 72.866505073376814, 19.075170679123303 ], [ 72.866505073376814, 19.070679123248347 ], [ 72.871255435760872, 19.070679123248347 ] ] ] } },
{ "type": "Feature", "properties": { "cell_id": 1231, "lon": 72.873630616952894, "lat": 19.072924901185825 }, "geometry": { "type": "Polygon", "coordinates": [ [ [ 72.876005798144931, 19.070679123248347 ], [ 72.876005798144931, 19.075170679123303 ], [ 72.871255435760872, 19.075170679123303 ], [ 72.871255435760872, 19.070679123248347 ], [ 72.876005798144931, 19.070679123248347 ] ] ] } },
{ "type": "Feature", "properties": { "cell_id": 1232, "lon": 72.878380979336953, "lat": 19.072924901185825 }, "geometry": { "type": "Polygon", "coordinates": [ [ [ 72.880756160528989, 19.070679123248347 ], [ 72.880756160528989, 19.075170679123303 ], [ 72.876005798144931, 19.075170679123303 ], [ 72.876005798144931, 19.070679123248347 ], [ 72.880756160528989, 19.070679123248347 ] ] ] } },
{ "type": "Feature", "properties": { "cell_id": 1233, "lon": 72.883131341721011, "lat": 19.072924901185825 }, "geometry": { "type": "Polygon", "coordinates": [ [ [ 72.885506522913047, 19.070679123248347 ], [ 72.885506522913047, 19.075170679123303 ], [ 72.880756160528989, 19.075170679123303 ], [ 72.880756160528989, 19.070679123248347 ], [ 72.885506522913047, 19.070679123248347 ] ] ] } },
{ "type": "Feature", "properties": { "cell_id": 1234, "lon": 72.88788170410507, "lat": 19.072924901185825 }, "geometry": { "type": "Polygon", "coordinates": [ [ [ 72.890256885297106, 19.070679123248347 ], [ 72.890256885297106, 19.075170679123303 ], [ 72.885506522913047, 19.075170679123303 ], [ 72.885506522913047, 19.070679123248347 ], [ 72.890256885297106, 19.070679123248347 ] ] ] } },
{ "type": "Feature", "properties": { "cell_id": 1235, "lon": 72.892632066489128, "lat": 19.072924901185825 }, "geometry": { "type": "Polygon", "coordinates": [ [ [ 72.895007247681164, 19.070679123248347 ], [ 72.895007247681164, 19.075170679123303 ], [ 72.890256885297106, 19.075170679123303 ], [ 72.890256885297106, 19.070679123248347 ], [ 72.895007247681164, 19.070679123248347 ] ] ] } },
{ "type": "Feature", "properties": { "cell_id": 1236, "lon": 72.897382428873186, "lat": 19.072924901185825 }, "geometry": { "type": "Polygon", "coordinates": [ [ [ 72.899757610065222, 19.070679123248347 ], [ 72.899757610065222, 19.075170679123303 ], [ 72.895007247681164, 19.075170679123303 ], [ 72.895007247681164, 19.070679123248347 ], [ 72.899757610065222, 19.070679123248347 ] ] ] } },
{ "type": "Feature", "properties": { "cell_id": 1237, "lon": 72.902132791257245, "lat": 19.072924901185825 }, "geometry": { "type": "Polygon", "coordinates": [ [ [ 72.904507972449281, 19.070679123248347 ], [ 72.904507972449281, 19.075170679123303 ], [ 72.899757610065222, 19.075170679123303 ], [ 72.899757610065222, 19.070679123248347 ], [ 72.904507972449281, 19.070679123248347 ] ] ] } },
{ "type": "Feature", "properties": { "cell_id": 1238, "lon": 72.906883153641303, "lat": 19.072924901185825 }, "geometry": { "type": "Polygon", "coordinates": [ [ [ 72.909258334833339, 19.070679123248347 ], [ 72.909258334833339, 19.075170679123303 ], [ 72.904507972449281, 19.075170679123303 ], [ 72.904507972449281, 19.070679123248347 ], [ 72.909258334833339, 19.070679123248347 ] ] ] } },
{ "type": "Feature", "properties": { "cell_id": 1239, "lon": 72.911633516025361, "lat": 19.072924901185825 }, "geometry": { "type": "Polygon", "coordinates": [ [ [ 72.914008697217398, 19.070679123248347 ], [ 72.914008697217398, 19.075170679123303 ], [ 72.909258334833339, 19.075170679123303 ], [ 72.909258334833339, 19.070679123248347 ], [ 72.914008697217398, 19.070679123248347 ] ] ] } },
{ "type": "Feature", "properties": { "cell_id": 1240, "lon": 72.91638387840942, "lat": 19.072924901185825 }, "geometry": { "type": "Polygon", "coordinates": [ [ [ 72.918759059601456, 19.070679123248347 ], [ 72.918759059601456, 19.075170679123303 ], [ 72.914008697217398, 19.075170679123303 ], [ 72.914008697217398, 19.070679123248347 ], [ 72.918759059601456, 19.070679123248347 ] ] ] } },
{ "type": "Feature", "properties": { "cell_id": 1241, "lon": 72.921134240793478, "lat": 19.072924901185825 }, "geometry": { "type": "Polygon", "coordinates": [ [ [ 72.923509421985514, 19.070679123248347 ], [ 72.923509421985514, 19.075170679123303 ], [ 72.918759059601456, 19.075170679123303 ], [ 72.918759059601456, 19.070679123248347 ], [ 72.923509421985514, 19.070679123248347 ] ] ] } },
{ "type": "Feature", "properties": { "cell_id": 1242, "lon": 72.925884603177536, "lat": 19.072924901185825 }, "geometry": { "type": "Polygon", "coordinates": [ [ [ 72.928259784369573, 19.070679123248347 ], [ 72.928259784369573, 19.075170679123303 ], [ 72.923509421985514, 19.075170679123303 ], [ 72.923509421985514, 19.070679123248347 ], [ 72.928259784369573, 19.070679123248347 ] ] ] } },
{ "type": "Feature", "properties": { "cell_id": 1243, "lon": 72.930634965561595, "lat": 19.072924901185825 }, "geometry": { "type": "Polygon", "coordinates": [ [ [ 72.933010146753631, 19.070679123248347 ], [ 72.933010146753631, 19.075170679123303 ], [ 72.928259784369573, 19.075170679123303 ], [ 72.928259784369573, 19.070679123248347 ], [ 72.933010146753631, 19.070679123248347 ] ] ] } },
{ "type": "Feature", "properties": { "cell_id": 1244, "lon": 72.935385327945653, "lat": 19.072924901185825 }, "geometry": { "type": "Polygon", "coordinates": [ [ [ 72.937760509137689, 19.070679123248347 ], [ 72.937760509137689, 19.075170679123303 ], [ 72.933010146753631, 19.075170679123303 ], [ 72.933010146753631, 19.070679123248347 ], [ 72.937760509137689, 19.070679123248347 ] ] ] } },
{ "type": "Feature", "properties": { "cell_id": 1245, "lon": 72.940135690329711, "lat": 19.072924901185825 }, "geometry": { "type": "Polygon", "coordinates": [ [ [ 72.942510871521748, 19.070679123248347 ], [ 72.942510871521748, 19.075170679123303 ], [ 72.937760509137689, 19.075170679123303 ], [ 72.937760509137689, 19.070679123248347 ], [ 72.942510871521748, 19.070679123248347 ] ] ] } },
{ "type": "Feature", "properties": { "cell_id": 1246, "lon": 72.94488605271377, "lat": 19.072924901185825 }, "geometry": { "type": "Polygon", "coordinates": [ [ [ 72.947261233905806, 19.070679123248347 ], [ 72.947261233905806, 19.075170679123303 ], [ 72.942510871521748, 19.075170679123303 ], [ 72.942510871521748, 19.070679123248347 ], [ 72.947261233905806, 19.070679123248347 ] ] ] } },
{ "type": "Feature", "properties": { "cell_id": 1247, "lon": 72.949636415097828, "lat": 19.072924901185825 }, "geometry": { "type": "Polygon", "coordinates": [ [ [ 72.952011596289864, 19.070679123248347 ], [ 72.952011596289864, 19.075170679123303 ], [ 72.947261233905806, 19.075170679123303 ], [ 72.947261233905806, 19.070679123248347 ], [ 72.952011596289864, 19.070679123248347 ] ] ] } },
{ "type": "Feature", "properties": { "cell_id": 1248, "lon": 72.802375181192019, "lat": 19.077416457060782 }, "geometry": { "type": "Polygon", "coordinates": [ [ [ 72.804750362384056, 19.075170679123303 ], [ 72.804750362384056, 19.07966223499826 ], [ 72.8, 19.07966223499826 ], [ 72.8, 19.075170679123303 ], [ 72.804750362384056, 19.075170679123303 ] ] ] } },
{ "type": "Feature", "properties": { "cell_id": 1249, "lon": 72.807125543576078, "lat": 19.077416457060782 }, "geometry": { "type": "Polygon", "coordinates": [ [ [ 72.809500724768114, 19.075170679123303 ], [ 72.809500724768114, 19.07966223499826 ], [ 72.804750362384056, 19.07966223499826 ], [ 72.804750362384056, 19.075170679123303 ], [ 72.809500724768114, 19.075170679123303 ] ] ] } },
{ "type": "Feature", "properties": { "cell_id": 1250, "lon": 72.811875905960136, "lat": 19.077416457060782 }, "geometry": { "type": "Polygon", "coordinates": [ [ [ 72.814251087152172, 19.075170679123303 ], [ 72.814251087152172, 19.07966223499826 ], [ 72.809500724768114, 19.07966223499826 ], [ 72.809500724768114, 19.075170679123303 ], [ 72.814251087152172, 19.075170679123303 ] ] ] } },
{ "type": "Feature", "properties": { "cell_id": 1251, "lon": 72.816626268344194, "lat": 19.077416457060782 }, "geometry": { "type": "Polygon", "coordinates": [ [ [ 72.819001449536231, 19.075170679123303 ], [ 72.819001449536231, 19.07966223499826 ], [ 72.814251087152172, 19.07966223499826 ], [ 72.814251087152172, 19.075170679123303 ], [ 72.819001449536231, 19.075170679123303 ] ] ] } },
{ "type": "Feature", "properties": { "cell_id": 1252, "lon": 72.821376630728253, "lat": 19.077416457060782 }, "geometry": { "type": "Polygon", "coordinates": [ [ [ 72.823751811920289, 19.075170679123303 ], [ 72.823751811920289, 19.07966223499826 ], [ 72.819001449536231, 19.07966223499826 ], [ 72.819001449536231, 19.075170679123303 ], [ 72.823751811920289, 19.075170679123303 ] ] ] } },
{ "type": "Feature", "properties": { "cell_id": 1253, "lon": 72.826126993112311, "lat": 19.077416457060782 }, "geometry": { "type": "Polygon", "coordinates": [ [ [ 72.828502174304347, 19.075170679123303 ], [ 72.828502174304347, 19.07966223499826 ], [ 72.823751811920289, 19.07966223499826 ], [ 72.823751811920289, 19.075170679123303 ], [ 72.828502174304347, 19.075170679123303 ] ] ] } },
{ "type": "Feature", "properties": { "cell_id": 1254, "lon": 72.830877355496369, "lat": 19.077416457060782 }, "geometry": { "type": "Polygon", "coordinates": [ [ [ 72.833252536688406, 19.075170679123303 ], [ 72.833252536688406, 19.07966223499826 ], [ 72.828502174304347, 19.07966223499826 ], [ 72.828502174304347, 19.075170679123303 ], [ 72.833252536688406, 19.075170679123303 ] ] ] } },
{ "type": "Feature", "properties": { "cell_id": 1255, "lon": 72.835627717880428, "lat": 19.077416457060782 }, "geometry": { "type": "Polygon", "coordinates": [ [ [ 72.838002899072464, 19.075170679123303 ], [ 72.838002899072464, 19.07966223499826 ], [ 72.833252536688406, 19.07966223499826 ], [ 72.833252536688406, 19.075170679123303 ], [ 72.838002899072464, 19.075170679123303 ] ] ] } },
{ "type": "Feature", "properties": { "cell_id": 1256, "lon": 72.840378080264486, "lat": 19.077416457060782 }, "geometry": { "type": "Polygon", "coordinates": [ [ [ 72.842753261456522, 19.075170679123303 ], [ 72.842753261456522, 19.07966223499826 ], [ 72.838002899072464, 19.07966223499826 ], [ 72.838002899072464, 19.075170679123303 ], [ 72.842753261456522, 19.075170679123303 ] ] ] } },
{ "type": "Feature", "properties": { "cell_id": 1257, "lon": 72.845128442648544, "lat": 19.077416457060782 }, "geometry": { "type": "Polygon", "coordinates": [ [ [ 72.847503623840581, 19.075170679123303 ], [ 72.847503623840581, 19.07966223499826 ], [ 72.842753261456522, 19.07966223499826 ], [ 72.842753261456522, 19.075170679123303 ], [ 72.847503623840581, 19.075170679123303 ] ] ] } },
{ "type": "Feature", "properties": { "cell_id": 1258, "lon": 72.849878805032603, "lat": 19.077416457060782 }, "geometry": { "type": "Polygon", "coordinates": [ [ [ 72.852253986224639, 19.075170679123303 ], [ 72.852253986224639, 19.07966223499826 ], [ 72.847503623840581, 19.07966223499826 ], [ 72.847503623840581, 19.075170679123303 ], [ 72.852253986224639, 19.075170679123303 ] ] ] } },
{ "type": "Feature", "properties": { "cell_id": 1259, "lon": 72.854629167416661, "lat": 19.077416457060782 }, "geometry": { "type": "Polygon", "coordinates": [ [ [ 72.857004348608697, 19.075170679123303 ], [ 72.857004348608697, 19.07966223499826 ], [ 72.852253986224639, 19.07966223499826 ], [ 72.852253986224639, 19.075170679123303 ], [ 72.857004348608697, 19.075170679123303 ] ] ] } },
{ "type": "Feature", "properties": { "cell_id": 1260, "lon": 72.859379529800719, "lat": 19.077416457060782 }, "geometry": { "type": "Polygon", "coordinates": [ [ [ 72.861754710992756, 19.075170679123303 ], [ 72.861754710992756, 19.07966223499826 ], [ 72.857004348608697, 19.07966223499826 ], [ 72.857004348608697, 19.075170679123303 ], [ 72.861754710992756, 19.075170679123303 ] ] ] } },
{ "type": "Feature", "properties": { "cell_id": 1261, "lon": 72.864129892184778, "lat": 19.077416457060782 }, "geometry": { "type": "Polygon", "coordinates": [ [ [ 72.866505073376814, 19.075170679123303 ], [ 72.866505073376814, 19.07966223499826 ], [ 72.861754710992756, 19.07966223499826 ], [ 72.861754710992756, 19.075170679123303 ], [ 72.866505073376814, 19.075170679123303 ] ] ] } },
{ "type": "Feature", "properties": { "cell_id": 1262, "lon": 72.868880254568836, "lat": 19.077416457060782 }, "geometry": { "type": "Polygon", "coordinates": [ [ [ 72.871255435760872, 19.075170679123303 ], [ 72.871255435760872, 19.07966223499826 ], [ 72.866505073376814, 19.07966223499826 ], [ 72.866505073376814, 19.075170679123303 ], [ 72.871255435760872, 19.075170679123303 ] ] ] } },
{ "type": "Feature", "properties": { "cell_id": 1263, "lon": 72.873630616952894, "lat": 19.077416457060782 }, "geometry": { "type": "Polygon", "coordinates": [ [ [ 72.876005798144931, 19.075170679123303 ], [ 72.876005798144931, 19.07966223499826 ], [ 72.871255435760872, 19.07966223499826 ], [ 72.871255435760872, 19.075170679123303 ], [ 72.876005798144931, 19.075170679123303 ] ] ] } },
{ "type": "Feature", "properties": { "cell_id": 1264, "lon": 72.878380979336953, "lat": 19.077416457060782 }, "geometry": { "type": "Polygon", "coordinates": [ [ [ 72.880756160528989, 19.075170679123303 ], [ 72.880756160528989, 19.07966223499826 ], [ 72.876005798144931, 19.07966223499826 ], [ 72.876005798144931, 19.075170679123303 ], [ 72.880756160528989, 19.075170679123303 ] ] ] } },
{ "type": "Feature", "properties": { "cell_id": 1265, "lon": 72.883131341721011, "lat": 19.077416457060782 }, "geometry": { "type": "Polygon", "coordinates": [ [ [ 72.885506522913047, 19.075170679123303 ], [ 72.885506522913047, 19.07966223499826 ], [ 72.880756160528989, 19.07966223499826 ], [ 72.880756160528989, 19.075170679123303 ], [ 72.885506522913047, 19.075170679123303 ] ] ] } },
{ "type": "Feature", "properties": { "cell_id": 1266, "lon": 72.88788170410507, "lat": 19.077416457060782 }, "geometry": { "type": "Polygon", "coordinates": [ [ [ 72.890256885297106, 19.075170679123303 ], [ 72.890256885297106, 19.07966223499826 ], [ 72.885506522913047, 19.07966223499826 ], [ 72.885506522913047, 19.075170679123303 ], [ 72.890256885297106, 19.075170679123303 ] ] ] } },
{ "type": "Feature", "properties": { "cell_id": 1267, "lon": 72.892632066489128, "lat": 19.077416457060782 }, "geometry": { "type": "Polygon", "coordinates": [ [ [ 72.895007247681164, 19.075170679123303 ], [ 72.895007247681164, 19.07966223499826 ], [ 72.890256885297106, 19.07966223499826 ], [ 72.890256885297106, 19.075170679123303 ], [ 72.895007247681164, 19.075170679123303 ] ] ] } },
{ "type": "Feature", "properties": { "cell_id": 1268, "lon": 72.897382428873186, "lat": 19.077416457060782 }, "geometry": { "type": "Polygon", "coordinates": [ [ [ 72.899757610065222, 19.075170679123303 ], [ 72.899757610065222, 19.07966223499826 ], [ 72.895007247681164, 19.07966223499826 ], [ 72.895007247681164, 19.075170679123303 ], [ 72.899757610065222, 19.075170679123303 ] ] ] } },
{ "type": "Feature", "properties": { "cell_id": 1269, "lon": 72.902132791257245, "lat": 19.077416457060782 }, "geometry": { "type": "Polygon", "coordinates": [ [ [ 72.904507972449281, 19.075170679123303 ], [ 72.904507972449281, 19.07966223499826 ], [ 72.899757610065222, 19.07966223499826 ], [ 72.899757610065222, 19.075170679123303 ], [ 72.904507972449281, 19.075170679123303 ] ] ] } },
{ "type": "Feature", "properties": { "cell_id": 1270, "lon": 72.906883153641303, "lat": 19.077416457060782 }, "geometry": { "type": "Polygon", "coordinates": [ [ [ 72.909258334833339, 19.075170679123303 ], [ 72.909258334833339, 19.07966223499826 ], [ 72.904507972449281, 19.07966223499826 ], [ 72.904507972449281, 19.075170679123303 ], [ 72.909258334833339, 19.075170679123303 ] ] ] } },
{ "type": "Feature", "properties": { "cell_id": 1271, "lon": 72.911633516025361, "lat": 19.077416457060782 }, "geometry": { "type": "Polygon", "coordinates": [ [ [ 72.914008697217398, 19.075170679123303 ], [ 72.914008697217398, 19.07966223499826 ], [ 72.909258334833339, 19.07966223499826 ], [ 72.909258334833339, 19.075170679123303 ], [ 72.914008697217398, 19.075170679123303 ] ] ] } },
{ "type": "Feature", "properties": { "cell_id": 1272, "lon": 72.91638387840942, "lat": 19.077416457060782 }, "geometry": { "type": "Polygon", "coordinates": [ [ [ 72.918759059601456, 19.075170679123303 ], [ 72.918759059601456, 19.07966223499826 ], [ 72.914008697217398, 19.07966223499826 ], [ 72.914008697217398, 19.075170679123303 ], [ 72.918759059601456, 19.075170679123303 ] ] ] } },
{ "type": "Feature", "properties": { "cell_id": 1273, "lon": 72.921134240793478, "lat": 19.077416457060782 }, "geometry": { "type": "Polygon", "coordinates": [ [ [ 72.923509421985514, 19.075170679123303 ], [ 72.923509421985514, 19.07966223499826 ], [ 72.918759059601456, 19.07966223499826 ], [ 72.918759059601456, 19.075170679123303 ], [ 72.923509421985514, 19.075170679123303 ] ] ] } },
{ "type": "Feature", "properties": { "cell_id": 1274, "lon": 72.925884603177536, "lat": 19.077416457060782 }, "geometry": { "type": "Polygon", "coordinates": [ [ [ 72.928259784369573, 19.075170679123303 ], [ 72.928259784369573, 19.07966223499826 ], [ 72.923509421985514, 19.07966223499826 ], [ 72.923509421985514, 19.075170679123303 ], [ 72.928259784369573, 19.075170679123303 ] ] ] } },
{ "type": "Feature", "properties": { "cell_id": 1275, "lon": 72.930634965561595, "lat": 19.077416457060782 }, "geometry": { "type": "Polygon", "coordinates": [ [ [ 72.933010146753631, 19.075170679123303 ], [ 72.933010146753631, 19.07966223499826 ], [ 72.928259784369573, 19.07966223499826 ], [ 72.928259784369573, 19.075170679123303 ], [ 72.933010146753631, 19.075170679123303 ] ] ] } },
{ "type": "Feature", "properties": { "cell_id": 1276, "lon": 72.935385327945653, "lat": 19.077416457060782 }, "geometry": { "type": "Polygon", "coordinates": [ [ [ 72.937760509137689, 19.075170679123303 ], [ 72.937760509137689, 19.07966223499826 ], [ 72.933010146753631, 19.07966223499826 ], [ 72.933010146753631, 19.075170679123303 ], [ 72.937760509137689, 19.075170679123303 ] ] ] } },
{ "type": "Feature", "properties": { "cell_id": 1277, "lon": 72.940135690329711, "lat": 19.077416457060782 }, "geometry": { "type": "Polygon", "coordinates": [ [ [ 72.942510871521748, 19.075170679123303 ], [ 72.942510871521748, 19.07966223499826 ], [ 72.937760509137689, 19.07966223499826 ], [ 72.937760509137689, 19.075170679123303 ], [ 72.942510871521748, 19.075170679123303 ] ] ] } },
{ "type": "Feature", "properties": { "cell_id": 1278, "lon": 72.94488605271377, "lat": 19.077416457060782 }, "geometry": { "type": "Polygon", "coordinates": [ [ [ 72.947261233905806, 19.075170679123303 ], [ 72.947261233905806, 19.07966223499826 ], [ 72.942510871521748, 19.07966223499826 ], [ 72.942510871521748, 19.075170679123303 ], [ 72.947261233905806, 19.075170679123303 ] ] ] } },
{ "type": "Feature", "properties": { "cell_id": 1279, "lon": 72.949636415097828, "lat": 19.077416457060782 }, "geometry": { "type": "Polygon", "coordinates": [ [ [ 72.952011596289864, 19.075170679123303 ], [ 72.952011596289864, 19.07966223499826 ], [ 72.947261233905806, 19.07966223499826 ], [ 72.947261233905806, 19.075170679123303 ], [ 72.952011596289864, 19.075170679123303 ] ] ] } },
{ "type": "Feature", "properties": { "cell_id": 1280, "lon": 72.802375181192019, "lat": 19.081908012935738 }, "geometry": { "type": "Polygon", "coordinates": [ [ [ 72.804750362384056, 19.07966223499826 ], [ 72.804750362384056, 19.084153790873216 ], [ 72.8, 19.084153790873216 ], [ 72.8, 19.07966223499826 ], [ 72.804750362384056, 19.07966223499826 ] ] ] } },
{ "type": "Feature", "properties": { "cell_id": 1281, "lon": 72.807125543576078, "lat": 19.081908012935738 }, "geometry": { "type": "Polygon", "coordinates": [ [ [ 72.809500724768114, 19.07966223499826 ], [ 72.809500724768114, 19.084153790873216 ], [ 72.804750362384056, 19.084153790873216 ], [ 72.804750362384056, 19.07966223499826 ], [ 72.809500724768114, 19.07966223499826 ] ] ] } },
{ "type": "Feature", "properties": { "cell_id": 1282, "lon": 72.811875905960136, "lat": 19.081908012935738 }, "geometry": { "type": "Polygon", "coordinates": [ [ [ 72.814251087152172, 19.07966223499826 ], [ 72.814251087152172, 19.084153790873216 ], [ 72.809500724768114, 19.084153790873216 ], [ 72.809500724768114, 19.07966223499826 ], [ 72.814251087152172, 19.07966223499826 ] ] ] } },
{ "type": "Feature", "properties": { "cell_id": 1283, "lon": 72.816626268344194, "lat": 19.081908012935738 }, "geometry": { "type": "Polygon", "coordinates": [ [ [ 72.819001449536231, 19.07966223499826 ], [ 72.819001449536231, 19.084153790873216 ], [ 72.814251087152172, 19.084153790873216 ], [ 72.814251087152172, 19.07966223499826 ], [ 72.819001449536231, 19.07966223499826 ] ] ] } },
{ "type": "Feature", "properties": { "cell_id": 1284, "lon": 72.821376630728253, "lat": 19.081908012935738 }, "geometry": { "type": "Polygon", "coordinates": [ [ [ 72.823751811920289, 19.07966223499826 ], [ 72.823751811920289, 19.084153790873216 ], [ 72.819001449536231, 19.084153790873216 ], [ 72.819001449536231, 19.07966223499826 ], [ 72.823751811920289, 19.07966223499826 ] ] ] } },
{ "type": "Feature", "properties": { "cell_id": 1285, "lon": 72.826126993112311, "lat": 19.081908012935738 }, "geometry": { "type": "Polygon", "coordinates": [ [ [ 72.828502174304347, 19.07966223499826 ], [ 72.828502174304347, 19.084153790873216 ], [ 72.823751811920289, 19.084153790873216 ], [ 72.823751811920289, 19.07966223499826 ], [ 72.828502174304347, 19.07966223499826 ] ] ] } },
{ "type": "Feature", "properties": { "cell_id": 1286, "lon": 72.830877355496369, "lat": 19.081908012935738 }, "geometry": { "type": "Polygon", "coordinates": [ [ [ 72.833252536688406, 19.07966223499826 ], [ 72.833252536688406, 19.084153790873216 ], [ 72.828502174304347, 19.084153790873216 ], [ 72.828502174304347, 19.07966223499826 ], [ 72.833252536688406, 19.07966223499826 ] ] ] } },
{ "type": "Feature", "properties": { "cell_id": 1287, "lon": 72.835627717880428, "lat": 19.081908012935738 }, "geometry": { "type": "Polygon", "coordinates": [ [ [ 72.838002899072464, 19.07966223499826 ], [ 72.838002899072464, 19.084153790873216 ], [ 72.833252536688406, 19.084153790873216 ], [ 72.833252536688406, 19.07966223499826 ], [ 72.838002899072464, 19.07966223499826 ] ] ] } },
{ "type": "Feature", "properties": { "cell_id": 1288, "lon": 72.840378080264486, "lat": 19.081908012935738 }, "geometry": { "type": "Polygon", "coordinates": [ [ [ 72.842753261456522, 19.07966223499826 ], [ 72.842753261456522, 19.084153790873216 ], [ 72.838002899072464, 19.084153790873216 ], [ 72.838002899072464, 19.07966223499826 ], [ 72.842753261456522, 19.07966223499826 ] ] ] } },
{ "type": "Feature", "properties": { "cell_id": 1289, "lon": 72.845128442648544, "lat": 19.081908012935738 }, "geometry": { "type": "Polygon", "coordinates": [ [ [ 72.847503623840581, 19.07966223499826 ], [ 72.847503623840581, 19.084153790873216 ], [ 72.842753261456522, 19.084153790873216 ], [ 72.842753261456522, 19.07966223499826 ], [ 72.847503623840581, 19.07966223499826 ] ] ] } },
{ "type": "Feature", "properties": { "cell_id": 1290, "lon": 72.849878805032603, "lat": 19.081908012935738 }, "geometry": { "type": "Polygon", "coordinates": [ [ [ 72.852253986224639, 19.07966223499826 ], [ 72.852253986224639, 19.084153790873216 ], [ 72.847503623840581, 19.084153790873216 ], [ 72.847503623840581, 19.07966223499826 ], [ 72.852253986224639, 19.07966223499826 ] ] ] } },
{ "type": "Feature", "properties": { "cell_id": 1291, "lon": 72.854629167416661, "lat": 19.081908012935738 }, "geometry": { "type": "Polygon", "coordinates": [ [ [ 72.857004348608697, 19.07966223499826 ], [ 72.857004348608697, 19.084153790873216 ], [ 72.852253986224639, 19.084153790873216 ], [ 72.852253986224639, 19.07966223499826 ], [ 72.857004348608697, 19.07966223499826 ] ] ] } },
{ "type": "Feature", "properties": { "cell_id": 1292, "lon": 72.859379529800719, "lat": 19.081908012935738 }, "geometry": { "type": "Polygon", "coordinates": [ [ [ 72.861754710992756, 19.07966223499826 ], [ 72.861754710992756, 19.084153790873216 ], [ 72.857004348608697, 19.084153790873216 ], [ 72.857004348608697, 19.07966223499826 ], [ 72.861754710992756, 19.07966223499826 ] ] ] } },
{ "type": "Feature", "properties": { "cell_id": 1293, "lon": 72.864129892184778, "lat": 19.081908012935738 }, "geometry": { "type": "Polygon", "coordinates": [ [ [ 72.866505073376814, 19.07966223499826 ], [ 72.866505073376814, 19.084153790873216 ], [ 72.861754710992756, 19.084153790873216 ], [ 72.861754710992756, 19.07966223499826 ], [ 72.866505073376814, 19.07966223499826 ] ] ] } },
{ "type": "Feature", "properties": { "cell_id": 1294, "lon": 72.868880254568836, "lat": 19.081908012935738 }, "geometry": { "type": "Polygon", "coordinates": [ [ [ 72.871255435760872, 19.07966223499826 ], [ 72.871255435760872, 19.084153790873216 ], [ 72.866505073376814, 19.084153790873216 ], [ 72.866505073376814, 19.07966223499826 ], [ 72.871255435760872, 19.07966223499826 ] ] ] } },
{ "type": "Feature", "properties": { "cell_id": 1295, "lon": 72.873630616952894, "lat": 19.081908012935738 }, "geometry": { "type": "Polygon", "coordinates": [ [ [ 72.876005798144931, 19.07966223499826 ], [ 72.876005798144931, 19.084153790873216 ], [ 72.871255435760872, 19.084153790873216 ], [ 72.871255435760872, 19.07966223499826 ], [ 72.876005798144931, 19.07966223499826 ] ] ] } },
{ "type": "Feature", "properties": { "cell_id": 1296, "lon": 72.878380979336953, "lat": 19.081908012935738 }, "geometry": { "type": "Polygon", "coordinates": [ [ [ 72.880756160528989, 19.07966223499826 ], [ 72.880756160528989, 19.084153790873216 ], [ 72.876005798144931, 19.084153790873216 ], [ 72.876005798144931, 19.07966223499826 ], [ 72.880756160528989, 19.07966223499826 ] ] ] } },
{ "type": "Feature", "properties": { "cell_id": 1297, "lon": 72.883131341721011, "lat": 19.081908012935738 }, "geometry": { "type": "Polygon", "coordinates": [ [ [ 72.885506522913047, 19.07966223499826 ], [ 72.885506522913047, 19.084153790873216 ], [ 72.880756160528989, 19.084153790873216 ], [ 72.880756160528989, 19.07966223499826 ], [ 72.885506522913047, 19.07966223499826 ] ] ] } },
{ "type": "Feature", "properties": { "cell_id": 1298, "lon": 72.88788170410507, "lat": 19.081908012935738 }, "geometry": { "type": "Polygon", "coordinates": [ [ [ 72.890256885297106, 19.07966223499826 ], [ 72.890256885297106, 19.084153790873216 ], [ 72.885506522913047, 19.084153790873216 ], [ 72.885506522913047, 19.07966223499826 ], [ 72.890256885297106, 19.07966223499826 ] ] ] } },
{ "type": "Feature", "properties": { "cell_id": 1299, "lon": 72.892632066489128, "lat": 19.081908012935738 }, "geometry": { "type": "Polygon", "coordinates": [ [ [ 72.895007247681164, 19.07966223499826 ], [ 72.895007247681164, 19.084153790873216 ], [ 72.890256885297106, 19.084153790873216 ], [ 72.890256885297106, 19.07966223499826 ], [ 72.895007247681164, 19.07966223499826 ] ] ] } },
{ "type": "Feature", "properties": { "cell_id": 1300, "lon": 72.897382428873186, "lat": 19.081908012935738 }, "geometry": { "type": "Polygon", "coordinates": [ [ [ 72.899757610065222, 19.07966223499826 ], [ 72.899757610065222, 19.084153790873216 ], [ 72.895007247681164, 19.084153790873216 ], [ 72.895007247681164, 19.07966223499826 ], [ 72.899757610065222, 19.07966223499826 ] ] ] } },
{ "type": "Feature", "properties": { "cell_id": 1301, "lon": 72.902132791257245, "lat": 19.081908012935738 }, "geometry": { "type": "Polygon", "coordinates": [ [ [ 72.904507972449281, 19.07966223499826 ], [ 72.904507972449281, 19.084153790873216 ], [ 72.899757610065222, 19.084153790873216 ], [ 72.899757610065222, 19.07966223499826 ], [ 72.904507972449281, 19.07966223499826 ] ] ] } },
{ "type": "Feature", "properties": { "cell_id": 1302, "lon": 72.906883153641303, "lat": 19.081908012935738 }, "geometry": { "type": "Polygon", "coordinates": [ [ [ 72.909258334833339, 19.07966223499826 ], [ 72.909258334833339, 19.084153790873216 ], [ 72.904507972449281, 19.084153790873216 ], [ 72.904507972449281, 19.07966223499826 ], [ 72.909258334833339, 19.07966223499826 ] ] ] } },
{ "type": "Feature", "properties": { "cell_id": 1303, "lon": 72.911633516025361, "lat": 19.081908012935738 }, "geometry": { "type": "Polygon", "coordinates": [ [ [ 72.914008697217398, 19.07966223499826 ], [ 72.914008697217398, 19.084153790873216 ], [ 72.909258334833339, 19.084153790873216 ], [ 72.909258334833339, 19.07966223499826 ], [ 72.914008697217398, 19.07966223499826 ] ] ] } },
{ "type": "Feature", "properties": { "cell_id": 1304, "lon": 72.91638387840942, "lat": 19.081908012935738 }, "geometry": { "type": "Polygon", "coordinates": [ [ [ 72.918759059601456, 19.07966223499826 ], [ 72.918759059601456, 19.084153790873216 ], [ 72.914008697217398, 19.084153790873216 ], [ 72.914008697217398, 19.07966223499826 ], [ 72.918759059601456, 19.07966223499826 ] ] ] } },
{ "type": "Feature", "properties": { "cell_id": 1305, "lon": 72.921134240793478, "lat": 19.081908012935738 }, "geometry": { "type": "Polygon", "coordinates": [ [ [ 72.923509421985514, 19.07966223499826 ], [ 72.923509421985514, 19.084153790873216 ], [ 72.918759059601456, 19.084153790873216 ], [ 72.918759059601456, 19.07966223499826 ], [ 72.923509421985514, 19.07966223499826 ] ] ] } },
{ "type": "Feature", "properties": { "cell_id": 1306, "lon": 72.925884603177536, "lat": 19.081908012935738 }, "geometry": { "type": "Polygon", "coordinates": [ [ [ 72.928259784369573, 19.07966223499826 ], [ 72.928259784369573, 19.084153790873216 ], [ 72.923509421985514, 19.084153790873216 ], [ 72.923509421985514, 19.07966223499826 ], [ 72.928259784369573, 19.07966223499826 ] ] ] } },
{ "type": "Feature", "properties": { "cell_id": 1307, "lon": 72.930634965561595, "lat": 19.081908012935738 }, "geometry": { "type": "Polygon", "coordinates": [ [ [ 72.933010146753631, 19.07966223499826 ], [ 72.933010146753631, 19.084153790873216 ], [ 72.928259784369573, 19.084153790873216 ], [ 72.928259784369573, 19.07966223499826 ], [ 72.933010146753631, 19.07966223499826 ] ] ] } },
{ "type": "Feature", "properties": { "cell_id": 1308, "lon": 72.935385327945653, "lat": 19.081908012935738 }, "geometry": { "type": "Polygon", "coordinates": [ [ [ 72.937760509137689, 19.07966223499826 ], [ 72.937760509137689, 19.084153790873216 ], [ 72.933010146753631, 19.084153790873216 ], [ 72.933010146753631, 19.07966223499826 ], [ 72.937760509137689, 19.07966223499826 ] ] ] } },
{ "type": "Feature", "properties": { "cell_id": 1309, "lon": 72.940135690329711, "lat": 19.081908012935738 }, "geometry": { "type": "Polygon", "coordinates": [ [ [ 72.942510871521748, 19.07966223499826 ], [ 72.942510871521748, 19.084153790873216 ], [ 72.937760509137689, 19.084153790873216 ], [ 72.937760509137689, 19.07966223499826 ], [ 72.942510871521748, 19.07966223499826 ] ] ] } },
{ "type": "Feature", "properties": { "cell_id": 1310, "lon": 72.94488605271377, "lat": 19.081908012935738 }, "geometry": { "type": "Polygon", "coordinates": [ [ [ 72.947261233905806, 19.07966223499826 ], [ 72.947261233905806, 19.084153790873216 ], [ 72.942510871521748, 19.084153790873216 ], [ 72.942510871521748, 19.07966223499826 ], [ 72.947261233905806, 19.07966223499826 ] ] ] } },
{ "type": "Feature", "properties": { "cell_id": 1311, "lon": 72.949636415097828, "lat": 19.081908012935738 }, "geometry": { "type": "Polygon", "coordinates": [ [ [ 72.952011596289864, 19.07966223499826 ], [ 72.952011596289864, 19.084153790873216 ], [ 72.947261233905806, 19.084153790873216 ], [ 72.947261233905806, 19.07966223499826 ], [ 72.952011596289864, 19.07966223499826 ] ] ] } },
{ "type": "Feature", "properties": { "cell_id": 1312, "lon": 72.802375181192019, "lat": 19.086399568810695 }, "geometry": { "type": "Polygon", "coordinates": [ [ [ 72.804750362384056, 19.084153790873216 ], [ 72.804750362384056, 19.088645346748173 ], [ 72.8, 19.088645346748173 ], [ 72.8, 19.084153790873216 ], [ 72.804750362384056, 19.084153790873216 ] ] ] } },
{ "type": "Feature", "properties": { "cell_id": 1313, "lon": 72.807125543576078, "lat": 19.086399568810695 }, "geometry": { "type": "Polygon", "coordinates": [ [ [ 72.809500724768114, 19.084153790873216 ], [ 72.809500724768114, 19.088645346748173 ], [ 72.804750362384056, 19.088645346748173 ], [ 72.804750362384056, 19.084153790873216 ], [ 72.809500724768114, 19.084153790873216 ] ] ] } },
{ "type": "Feature", "properties": { "cell_id": 1314, "lon": 72.811875905960136, "lat": 19.086399568810695 }, "geometry": { "type": "Polygon", "coordinates": [ [ [ 72.814251087152172, 19.084153790873216 ], [ 72.814251087152172, 19.088645346748173 ], [ 72.809500724768114, 19.088645346748173 ], [ 72.809500724768114, 19.084153790873216 ], [ 72.814251087152172, 19.084153790873216 ] ] ] } },
{ "type": "Feature", "properties": { "cell_id": 1315, "lon": 72.816626268344194, "lat": 19.086399568810695 }, "geometry": { "type": "Polygon", "coordinates": [ [ [ 72.819001449536231, 19.084153790873216 ], [ 72.819001449536231, 19.088645346748173 ], [ 72.814251087152172, 19.088645346748173 ], [ 72.814251087152172, 19.084153790873216 ], [ 72.819001449536231, 19.084153790873216 ] ] ] } },
{ "type": "Feature", "properties": { "cell_id": 1316, "lon": 72.821376630728253, "lat": 19.086399568810695 }, "geometry": { "type": "Polygon", "coordinates": [ [ [ 72.823751811920289, 19.084153790873216 ], [ 72.823751811920289, 19.088645346748173 ], [ 72.819001449536231, 19.088645346748173 ], [ 72.819001449536231, 19.084153790873216 ], [ 72.823751811920289, 19.084153790873216 ] ] ] } },
{ "type": "Feature", "properties": { "cell_id": 1317, "lon": 72.826126993112311, "lat": 19.086399568810695 }, "geometry": { "type": "Polygon", "coordinates": [ [ [ 72.828502174304347, 19.084153790873216 ], [ 72.828502174304347, 19.088645346748173 ], [ 72.823751811920289, 19.088645346748173 ], [ 72.823751811920289, 19.084153790873216 ], [ 72.828502174304347, 19.084153790873216 ] ] ] } },
{ "type": "Feature", "properties": { "cell_id": 1318, "lon": 72.830877355496369, "lat": 19.086399568810695 }, "geometry": { "type": "Polygon", "coordinates": [ [ [ 72.833252536688406, 19.084153790873216 ], [ 72.833252536688406, 19.088645346748173 ], [ 72.828502174304347, 19.088645346748173 ], [ 72.828502174304347, 19.084153790873216 ], [ 72.833252536688406, 19.084153790873216 ] ] ] } },
{ "type": "Feature", "properties": { "cell_id": 1319, "lon": 72.835627717880428, "lat": 19.086399568810695 }, "geometry": { "type": "Polygon", "coordinates": [ [ [ 72.838002899072464, 19.084153790873216 ], [ 72.838002899072464, 19.088645346748173 ], [ 72.833252536688406, 19.088645346748173 ], [ 72.833252536688406, 19.084153790873216 ], [ 72.838002899072464, 19.084153790873216 ] ] ] } },
{ "type": "Feature", "properties": { "cell_id": 1320, "lon": 72.840378080264486, "lat": 19.086399568810695 }, "geometry": { "type": "Polygon", "coordinates": [ [ [ 72.842753261456522, 19.084153790873216 ], [ 72.842753261456522, 19.088645346748173 ], [ 72.838002899072464, 19.088645346748173 ], [ 72.838002899072464, 19.084153790873216 ], [ 72.842753261456522, 19.084153790873216 ] ] ] } },
{ "type": "Feature", "properties": { "cell_id": 1321, "lon": 72.845128442648544, "lat": 19.086399568810695 }, "geometry": { "type": "Polygon", "coordinates": [ [ [ 72.847503623840581, 19.084153790873216 ], [ 72.847503623840581, 19.088645346748173 ], [ 72.842753261456522, 19.088645346748173 ], [ 72.842753261456522, 19.084153790873216 ], [ 72.847503623840581, 19.084153790873216 ] ] ] } },
{ "type": "Feature", "properties": { "cell_id": 1322, "lon": 72.849878805032603, "lat": 19.086399568810695 }, "geometry": { "type": "Polygon", "coordinates": [ [ [ 72.852253986224639, 19.084153790873216 ], [ 72.852253986224639, 19.088645346748173 ], [ 72.847503623840581, 19.088645346748173 ], [ 72.847503623840581, 19.084153790873216 ], [ 72.852253986224639, 19.084153790873216 ] ] ] } },
{ "type": "Feature", "properties": { "cell_id": 1323, "lon": 72.854629167416661, "lat": 19.086399568810695 }, "geometry": { "type": "Polygon", "coordinates": [ [ [ 72.857004348608697, 19.084153790873216 ], [ 72.857004348608697, 19.088645346748173 ], [ 72.852253986224639, 19.088645346748173 ], [ 72.852253986224639, 19.084153790873216 ], [ 72.857004348608697, 19.084153790873216 ] ] ] } },
{ "type": "Feature", "properties": { "cell_id": 1324, "lon": 72.859379529800719, "lat": 19.086399568810695 }, "geometry": { "type": "Polygon", "coordinates": [ [ [ 72.861754710992756, 19.084153790873216 ], [ 72.861754710992756, 19.088645346748173 ], [ 72.857004348608697, 19.088645346748173 ], [ 72.857004348608697, 19.084153790873216 ], [ 72.861754710992756, 19.084153790873216 ] ] ] } },
{ "type": "Feature", "properties": { "cell_id": 1325, "lon": 72.864129892184778, "lat": 19.086399568810695 }, "geometry": { "type": "Polygon", "coordinates": [ [ [ 72.866505073376814, 19.084153790873216 ], [ 72.866505073376814, 19.088645346748173 ], [ 72.861754710992756, 19.088645346748173 ], [ 72.861754710992756, 19.084153790873216 ], [ 72.866505073376814, 19.084153790873216 ] ] ] } },
{ "type": "Feature", "properties": { "cell_id": 1326, "lon": 72.868880254568836, "lat": 19.086399568810695 }, "geometry": { "type": "Polygon", "coordinates": [ [ [ 72.871255435760872, 19.084153790873216 ], [ 72.871255435760872, 19.088645346748173 ], [ 72.866505073376814, 19.088645346748173 ], [ 72.866505073376814, 19.084153790873216 ], [ 72.871255435760872, 19.084153790873216 ] ] ] } },
{ "type": "Feature", "properties": { "cell_id": 1327, "lon": 72.873630616952894, "lat": 19.086399568810695 }, "geometry": { "type": "Polygon", "coordinates": [ [ [ 72.876005798144931, 19.084153790873216 ], [ 72.876005798144931, 19.088645346748173 ], [ 72.871255435760872, 19.088645346748173 ], [ 72.871255435760872, 19.084153790873216 ], [ 72.876005798144931, 19.084153790873216 ] ] ] } },
{ "type": "Feature", "properties": { "cell_id": 1328, "lon": 72.878380979336953, "lat": 19.086399568810695 }, "geometry": { "type": "Polygon", "coordinates": [ [ [ 72.880756160528989, 19.084153790873216 ], [ 72.880756160528989, 19.088645346748173 ], [ 72.876005798144931, 19.088645346748173 ], [ 72.876005798144931, 19.084153790873216 ], [ 72.880756160528989, 19.084153790873216 ] ] ] } },
{ "type": "Feature", "properties": { "cell_id": 1329, "lon": 72.883131341721011, "lat": 19.086399568810695 }, "geometry": { "type": "Polygon", "coordinates": [ [ [ 72.885506522913047, 19.084153790873216 ], [ 72.885506522913047, 19.088645346748173 ], [ 72.880756160528989, 19.088645346748173 ], [ 72.880756160528989, 19.084153790873216 ], [ 72.885506522913047, 19.084153790873216 ] ] ] } },
{ "type": "Feature", "properties": { "cell_id": 1330, "lon": 72.88788170410507, "lat": 19.086399568810695 }, "geometry": { "type": "Polygon", "coordinates": [ [ [ 72.890256885297106, 19.084153790873216 ], [ 72.890256885297106, 19.088645346748173 ], [ 72.885506522913047, 19.088645346748173 ], [ 72.885506522913047, 19.084153790873216 ], [ 72.890256885297106, 19.084153790873216 ] ] ] } },
{ "type": "Feature", "properties": { "cell_id": 1331, "lon": 72.892632066489128, "lat": 19.086399568810695 }, "geometry": { "type": "Polygon", "coordinates": [ [ [ 72.895007247681164, 19.084153790873216 ], [ 72.895007247681164, 19.088645346748173 ], [ 72.890256885297106, 19.088645346748173 ], [ 72.890256885297106, 19.084153790873216 ], [ 72.895007247681164, 19.084153790873216 ] ] ] } },
{ "type": "Feature", "properties": { "cell_id": 1332, "lon": 72.897382428873186, "lat": 19.086399568810695 }, "geometry": { "type": "Polygon", "coordinates": [ [ [ 72.899757610065222, 19.084153790873216 ], [ 72.899757610065222, 19.088645346748173 ], [ 72.895007247681164, 19.088645346748173 ], [ 72.895007247681164, 19.084153790873216 ], [ 72.899757610065222, 19.084153790873216 ] ] ] } },
{ "type": "Feature", "properties": { "cell_id": 1333, "lon": 72.902132791257245, "lat": 19.086399568810695 }, "geometry": { "type": "Polygon", "coordinates": [ [ [ 72.904507972449281, 19.084153790873216 ], [ 72.904507972449281, 19.088645346748173 ], [ 72.899757610065222, 19.088645346748173 ], [ 72.899757610065222, 19.084153790873216 ], [ 72.904507972449281, 19.084153790873216 ] ] ] } },
{ "type": "Feature", "properties": { "cell_id": 1334, "lon": 72.906883153641303, "lat": 19.086399568810695 }, "geometry": { "type": "Polygon", "coordinates": [ [ [ 72.909258334833339, 19.084153790873216 ], [ 72.909258334833339, 19.088645346748173 ], [ 72.904507972449281, 19.088645346748173 ], [ 72.904507972449281, 19.084153790873216 ], [ 72.909258334833339, 19.084153790873216 ] ] ] } },
{ "type": "Feature", "properties": { "cell_id": 1335, "lon": 72.911633516025361, "lat": 19.086399568810695 }, "geometry": { "type": "Polygon", "coordinates": [ [ [ 72.914008697217398, 19.084153790873216 ], [ 72.914008697217398, 19.088645346748173 ], [ 72.909258334833339, 19.088645346748173 ], [ 72.909258334833339, 19.084153790873216 ], [ 72.914008697217398, 19.084153790873216 ] ] ] } },
{ "type": "Feature", "properties": { "cell_id": 1336, "lon": 72.91638387840942, "lat": 19.086399568810695 }, "geometry": { "type": "Polygon", "coordinates": [ [ [ 72.918759059601456, 19.084153790873216 ], [ 72.918759059601456, 19.088645346748173 ], [ 72.914008697217398, 19.088645346748173 ], [ 72.914008697217398, 19.084153790873216 ], [ 72.918759059601456, 19.084153790873216 ] ] ] } },
{ "type": "Feature", "properties": { "cell_id": 1337, "lon": 72.921134240793478, "lat": 19.086399568810695 }, "geometry": { "type": "Polygon", "coordinates": [ [ [ 72.923509421985514, 19.084153790873216 ], [ 72.923509421985514, 19.088645346748173 ], [ 72.918759059601456, 19.088645346748173 ], [ 72.918759059601456, 19.084153790873216 ], [ 72.923509421985514, 19.084153790873216 ] ] ] } },
{ "type": "Feature", "properties": { "cell_id": 1338, "lon": 72.925884603177536, "lat": 19.086399568810695 }, "geometry": { "type": "Polygon", "coordinates": [ [ [ 72.928259784369573, 19.084153790873216 ], [ 72.928259784369573, 19.088645346748173 ], [ 72.923509421985514, 19.088645346748173 ], [ 72.923509421985514, 19.084153790873216 ], [ 72.928259784369573, 19.084153790873216 ] ] ] } },
{ "type": "Feature", "properties": { "cell_id": 1339, "lon": 72.930634965561595, "lat": 19.086399568810695 }, "geometry": { "type": "Polygon", "coordinates": [ [ [ 72.933010146753631, 19.084153790873216 ], [ 72.933010146753631, 19.088645346748173 ], [ 72.928259784369573, 19.088645346748173 ], [ 72.928259784369573, 19.084153790873216 ], [ 72.933010146753631, 19.084153790873216 ] ] ] } },
{ "type": "Feature", "properties": { "cell_id": 1340, "lon": 72.935385327945653, "lat": 19.086399568810695 }, "geometry": { "type": "Polygon", "coordinates": [ [ [ 72.937760509137689, 19.084153790873216 ], [ 72.937760509137689, 19.088645346748173 ], [ 72.933010146753631, 19.088645346748173 ], [ 72.933010146753631, 19.084153790873216 ], [ 72.937760509137689, 19.084153790873216 ] ] ] } },
{ "type": "Feature", "properties": { "cell_id": 1341, "lon": 72.940135690329711, "lat": 19.086399568810695 }, "geometry": { "type": "Polygon", "coordinates": [ [ [ 72.942510871521748, 19.084153790873216 ], [ 72.942510871521748, 19.088645346748173 ], [ 72.937760509137689, 19.088645346748173 ], [ 72.937760509137689, 19.084153790873216 ], [ 72.942510871521748, 19.084153790873216 ] ] ] } },
{ "type": "Feature", "properties": { "cell_id": 1342, "lon": 72.94488605271377, "lat": 19.086399568810695 }, "geometry": { "type": "Polygon", "coordinates": [ [ [ 72.947261233905806, 19.084153790873216 ], [ 72.947261233905806, 19.088645346748173 ], [ 72.942510871521748, 19.088645346748173 ], [ 72.942510871521748, 19.084153790873216 ], [ 72.947261233905806, 19.084153790873216 ] ] ] } },
{ "type": "Feature", "properties": { "cell_id": 1343, "lon": 72.949636415097828, "lat": 19.086399568810695 }, "geometry": { "type": "Polygon", "coordinates": [ [ [ 72.952011596289864, 19.084153790873216 ], [ 72.952011596289864, 19.088645346748173 ], [ 72.947261233905806, 19.088645346748173 ], [ 72.947261233905806, 19.084153790873216 ], [ 72.952011596289864, 19.084153790873216 ] ] ] } },
{ "type": "Feature", "properties": { "cell_id": 1344, "lon": 72.802375181192019, "lat": 19.090891124685651 }, "geometry": { "type": "Polygon", "coordinates": [ [ [ 72.804750362384056, 19.088645346748173 ], [ 72.804750362384056, 19.093136902623129 ], [ 72.8, 19.093136902623129 ], [ 72.8, 19.088645346748173 ], [ 72.804750362384056, 19.088645346748173 ] ] ] } },
{ "type": "Feature", "properties": { "cell_id": 1345, "lon": 72.807125543576078, "lat": 19.090891124685651 }, "geometry": { "type": "Polygon", "coordinates": [ [ [ 72.809500724768114, 19.088645346748173 ], [ 72.809500724768114, 19.093136902623129 ], [ 72.804750362384056, 19.093136902623129 ], [ 72.804750362384056, 19.088645346748173 ], [ 72.809500724768114, 19.088645346748173 ] ] ] } },
{ "type": "Feature", "properties": { "cell_id": 1346, "lon": 72.811875905960136, "lat": 19.090891124685651 }, "geometry": { "type": "Polygon", "coordinates": [ [ [ 72.814251087152172, 19.088645346748173 ], [ 72.814251087152172, 19.093136902623129 ], [ 72.809500724768114, 19.093136902623129 ], [ 72.809500724768114, 19.088645346748173 ], [ 72.814251087152172, 19.088645346748173 ] ] ] } },
{ "type": "Feature", "properties": { "cell_id": 1347, "lon": 72.816626268344194, "lat": 19.090891124685651 }, "geometry": { "type": "Polygon", "coordinates": [ [ [ 72.819001449536231, 19.088645346748173 ], [ 72.819001449536231, 19.093136902623129 ], [ 72.814251087152172, 19.093136902623129 ], [ 72.814251087152172, 19.088645346748173 ], [ 72.819001449536231, 19.088645346748173 ] ] ] } },
{ "type": "Feature", "properties": { "cell_id": 1348, "lon": 72.821376630728253, "lat": 19.090891124685651 }, "geometry": { "type": "Polygon", "coordinates": [ [ [ 72.823751811920289, 19.088645346748173 ], [ 72.823751811920289, 19.093136902623129 ], [ 72.819001449536231, 19.093136902623129 ], [ 72.819001449536231, 19.088645346748173 ], [ 72.823751811920289, 19.088645346748173 ] ] ] } },
{ "type": "Feature", "properties": { "cell_id": 1349, "lon": 72.826126993112311, "lat": 19.090891124685651 }, "geometry": { "type": "Polygon", "coordinates": [ [ [ 72.828502174304347, 19.088645346748173 ], [ 72.828502174304347, 19.093136902623129 ], [ 72.823751811920289, 19.093136902623129 ], [ 72.823751811920289, 19.088645346748173 ], [ 72.828502174304347, 19.088645346748173 ] ] ] } },
{ "type": "Feature", "properties": { "cell_id": 1350, "lon": 72.830877355496369, "lat": 19.090891124685651 }, "geometry": { "type": "Polygon", "coordinates": [ [ [ 72.833252536688406, 19.088645346748173 ], [ 72.833252536688406, 19.093136902623129 ], [ 72.828502174304347, 19.093136902623129 ], [ 72.828502174304347, 19.088645346748173 ], [ 72.833252536688406, 19.088645346748173 ] ] ] } },
{ "type": "Feature", "properties": { "cell_id": 1351, "lon": 72.835627717880428, "lat": 19.090891124685651 }, "geometry": { "type": "Polygon", "coordinates": [ [ [ 72.838002899072464, 19.088645346748173 ], [ 72.838002899072464, 19.093136902623129 ], [ 72.833252536688406, 19.093136902623129 ], [ 72.833252536688406, 19.088645346748173 ], [ 72.838002899072464, 19.088645346748173 ] ] ] } },
{ "type": "Feature", "properties": { "cell_id": 1352, "lon": 72.840378080264486, "lat": 19.090891124685651 }, "geometry": { "type": "Polygon", "coordinates": [ [ [ 72.842753261456522, 19.088645346748173 ], [ 72.842753261456522, 19.093136902623129 ], [ 72.838002899072464, 19.093136902623129 ], [ 72.838002899072464, 19.088645346748173 ], [ 72.842753261456522, 19.088645346748173 ] ] ] } },
{ "type": "Feature", "properties": { "cell_id": 1353, "lon": 72.845128442648544, "lat": 19.090891124685651 }, "geometry": { "type": "Polygon", "coordinates": [ [ [ 72.847503623840581, 19.088645346748173 ], [ 72.847503623840581, 19.093136902623129 ], [ 72.842753261456522, 19.093136902623129 ], [ 72.842753261456522, 19.088645346748173 ], [ 72.847503623840581, 19.088645346748173 ] ] ] } },
{ "type": "Feature", "properties": { "cell_id": 1354, "lon": 72.849878805032603, "lat": 19.090891124685651 }, "geometry": { "type": "Polygon", "coordinates": [ [ [ 72.852253986224639, 19.088645346748173 ], [ 72.852253986224639, 19.093136902623129 ], [ 72.847503623840581, 19.093136902623129 ], [ 72.847503623840581, 19.088645346748173 ], [ 72.852253986224639, 19.088645346748173 ] ] ] } },
{ "type": "Feature", "properties": { "cell_id": 1355, "lon": 72.854629167416661, "lat": 19.090891124685651 }, "geometry": { "type": "Polygon", "coordinates": [ [ [ 72.857004348608697, 19.088645346748173 ], [ 72.857004348608697, 19.093136902623129 ], [ 72.852253986224639, 19.093136902623129 ], [ 72.852253986224639, 19.088645346748173 ], [ 72.857004348608697, 19.088645346748173 ] ] ] } },
{ "type": "Feature", "properties": { "cell_id": 1356, "lon": 72.859379529800719, "lat": 19.090891124685651 }, "geometry": { "type": "Polygon", "coordinates": [ [ [ 72.861754710992756, 19.088645346748173 ], [ 72.861754710992756, 19.093136902623129 ], [ 72.857004348608697, 19.093136902623129 ], [ 72.857004348608697, 19.088645346748173 ], [ 72.861754710992756, 19.088645346748173 ] ] ] } },
{ "type": "Feature", "properties": { "cell_id": 1357, "lon": 72.864129892184778, "lat": 19.090891124685651 }, "geometry": { "type": "Polygon", "coordinates": [ [ [ 72.866505073376814, 19.088645346748173 ], [ 72.866505073376814, 19.093136902623129 ], [ 72.861754710992756, 19.093136902623129 ], [ 72.861754710992756, 19.088645346748173 ], [ 72.866505073376814, 19.088645346748173 ] ] ] } },
{ "type": "Feature", "properties": { "cell_id": 1358, "lon": 72.868880254568836, "lat": 19.090891124685651 }, "geometry": { "type": "Polygon", "coordinates": [ [ [ 72.871255435760872, 19.088645346748173 ], [ 72.871255435760872, 19.093136902623129 ], [ 72.866505073376814, 19.093136902623129 ], [ 72.866505073376814, 19.088645346748173 ], [ 72.871255435760872, 19.088645346748173 ] ] ] } },
{ "type": "Feature", "properties": { "cell_id": 1359, "lon": 72.873630616952894, "lat": 19.090891124685651 }, "geometry": { "type": "Polygon", "coordinates": [ [ [ 72.876005798144931, 19.088645346748173 ], [ 72.876005798144931, 19.093136902623129 ], [ 72.871255435760872, 19.093136902623129 ], [ 72.871255435760872, 19.088645346748173 ], [ 72.876005798144931, 19.088645346748173 ] ] ] } },
{ "type": "Feature", "properties": { "cell_id": 1360, "lon": 72.878380979336953, "lat": 19.090891124685651 }, "geometry": { "type": "Polygon", "coordinates": [ [ [ 72.880756160528989, 19.088645346748173 ], [ 72.880756160528989, 19.093136902623129 ], [ 72.876005798144931, 19.093136902623129 ], [ 72.876005798144931, 19.088645346748173 ], [ 72.880756160528989, 19.088645346748173 ] ] ] } },
{ "type": "Feature", "properties": { "cell_id": 1361, "lon": 72.883131341721011, "lat": 19.090891124685651 }, "geometry": { "type": "Polygon", "coordinates": [ [ [ 72.885506522913047, 19.088645346748173 ], [ 72.885506522913047, 19.093136902623129 ], [ 72.880756160528989, 19.093136902623129 ], [ 72.880756160528989, 19.088645346748173 ], [ 72.885506522913047, 19.088645346748173 ] ] ] } },
{ "type": "Feature", "properties": { "cell_id": 1362, "lon": 72.88788170410507, "lat": 19.090891124685651 }, "geometry": { "type": "Polygon", "coordinates": [ [ [ 72.890256885297106, 19.088645346748173 ], [ 72.890256885297106, 19.093136902623129 ], [ 72.885506522913047, 19.093136902623129 ], [ 72.885506522913047, 19.088645346748173 ], [ 72.890256885297106, 19.088645346748173 ] ] ] } },
{ "type": "Feature", "properties": { "cell_id": 1363, "lon": 72.892632066489128, "lat": 19.090891124685651 }, "geometry": { "type": "Polygon", "coordinates": [ [ [ 72.895007247681164, 19.088645346748173 ], [ 72.895007247681164, 19.093136902623129 ], [ 72.890256885297106, 19.093136902623129 ], [ 72.890256885297106, 19.088645346748173 ], [ 72.895007247681164, 19.088645346748173 ] ] ] } },
{ "type": "Feature", "properties": { "cell_id": 1364, "lon": 72.897382428873186, "lat": 19.090891124685651 }, "geometry": { "type": "Polygon", "coordinates": [ [ [ 72.899757610065222, 19.088645346748173 ], [ 72.899757610065222, 19.093136902623129 ], [ 72.895007247681164, 19.093136902623129 ], [ 72.895007247681164, 19.088645346748173 ], [ 72.899757610065222, 19.088645346748173 ] ] ] } },
{ "type": "Feature", "properties": { "cell_id": 1365, "lon": 72.902132791257245, "lat": 19.090891124685651 }, "geometry": { "type": "Polygon", "coordinates": [ [ [ 72.904507972449281, 19.088645346748173 ], [ 72.904507972449281, 19.093136902623129 ], [ 72.899757610065222, 19.093136902623129 ], [ 72.899757610065222, 19.088645346748173 ], [ 72.904507972449281, 19.088645346748173 ] ] ] } },
{ "type": "Feature", "properties": { "cell_id": 1366, "lon": 72.906883153641303, "lat": 19.090891124685651 }, "geometry": { "type": "Polygon", "coordinates": [ [ [ 72.909258334833339, 19.088645346748173 ], [ 72.909258334833339, 19.093136902623129 ], [ 72.904507972449281, 19.093136902623129 ], [ 72.904507972449281, 19.088645346748173 ], [ 72.909258334833339, 19.088645346748173 ] ] ] } },
{ "type": "Feature", "properties": { "cell_id": 1367, "lon": 72.911633516025361, "lat": 19.090891124685651 }, "geometry": { "type": "Polygon", "coordinates": [ [ [ 72.914008697217398, 19.088645346748173 ], [ 72.914008697217398, 19.093136902623129 ], [ 72.909258334833339, 19.093136902623129 ], [ 72.909258334833339, 19.088645346748173 ], [ 72.914008697217398, 19.088645346748173 ] ] ] } },
{ "type": "Feature", "properties": { "cell_id": 1368, "lon": 72.91638387840942, "lat": 19.090891124685651 }, "geometry": { "type": "Polygon", "coordinates": [ [ [ 72.918759059601456, 19.088645346748173 ], [ 72.918759059601456, 19.093136902623129 ], [ 72.914008697217398, 19.093136902623129 ], [ 72.914008697217398, 19.088645346748173 ], [ 72.918759059601456, 19.088645346748173 ] ] ] } },
{ "type": "Feature", "properties": { "cell_id": 1369, "lon": 72.921134240793478, "lat": 19.090891124685651 }, "geometry": { "type": "Polygon", "coordinates": [ [ [ 72.923509421985514, 19.088645346748173 ], [ 72.923509421985514, 19.093136902623129 ], [ 72.918759059601456, 19.093136902623129 ], [ 72.918759059601456, 19.088645346748173 ], [ 72.923509421985514, 19.088645346748173 ] ] ] } },
{ "type": "Feature", "properties": { "cell_id": 1370, "lon": 72.925884603177536, "lat": 19.090891124685651 }, "geometry": { "type": "Polygon", "coordinates": [ [ [ 72.928259784369573, 19.088645346748173 ], [ 72.928259784369573, 19.093136902623129 ], [ 72.923509421985514, 19.093136902623129 ], [ 72.923509421985514, 19.088645346748173 ], [ 72.928259784369573, 19.088645346748173 ] ] ] } },
{ "type": "Feature", "properties": { "cell_id": 1371, "lon": 72.930634965561595, "lat": 19.090891124685651 }, "geometry": { "type": "Polygon", "coordinates": [ [ [ 72.933010146753631, 19.088645346748173 ], [ 72.933010146753631, 19.093136902623129 ], [ 72.928259784369573, 19.093136902623129 ], [ 72.928259784369573, 19.088645346748173 ], [ 72.933010146753631, 19.088645346748173 ] ] ] } },
{ "type": "Feature", "properties": { "cell_id": 1372, "lon": 72.935385327945653, "lat": 19.090891124685651 }, "geometry": { "type": "Polygon", "coordinates": [ [ [ 72.937760509137689, 19.088645346748173 ], [ 72.937760509137689, 19.093136902623129 ], [ 72.933010146753631, 19.093136902623129 ], [ 72.933010146753631, 19.088645346748173 ], [ 72.937760509137689, 19.088645346748173 ] ] ] } },
{ "type": "Feature", "properties": { "cell_id": 1373, "lon": 72.940135690329711, "lat": 19.090891124685651 }, "geometry": { "type": "Polygon", "coordinates": [ [ [ 72.942510871521748, 19.088645346748173 ], [ 72.942510871521748, 19.093136902623129 ], [ 72.937760509137689, 19.093136902623129 ], [ 72.937760509137689, 19.088645346748173 ], [ 72.942510871521748, 19.088645346748173 ] ] ] } },
{ "type": "Feature", "properties": { "cell_id": 1374, "lon": 72.94488605271377, "lat": 19.090891124685651 }, "geometry": { "type": "Polygon", "coordinates": [ [ [ 72.947261233905806, 19.088645346748173 ], [ 72.947261233905806, 19.093136902623129 ], [ 72.942510871521748, 19.093136902623129 ], [ 72.942510871521748, 19.088645346748173 ], [ 72.947261233905806, 19.088645346748173 ] ] ] } },
{ "type": "Feature", "properties": { "cell_id": 1375, "lon": 72.949636415097828, "lat": 19.090891124685651 }, "geometry": { "type": "Polygon", "coordinates": [ [ [ 72.952011596289864, 19.088645346748173 ], [ 72.952011596289864, 19.093136902623129 ], [ 72.947261233905806, 19.093136902623129 ], [ 72.947261233905806, 19.088645346748173 ], [ 72.952011596289864, 19.088645346748173 ] ] ] } },
{ "type": "Feature", "properties": { "cell_id": 1376, "lon": 72.802375181192019, "lat": 19.095382680560608 }, "geometry": { "type": "Polygon", "coordinates": [ [ [ 72.804750362384056, 19.093136902623129 ], [ 72.804750362384056, 19.097628458498086 ], [ 72.8, 19.097628458498086 ], [ 72.8, 19.093136902623129 ], [ 72.804750362384056, 19.093136902623129 ] ] ] } },
{ "type": "Feature", "properties": { "cell_id": 1377, "lon": 72.807125543576078, "lat": 19.095382680560608 }, "geometry": { "type": "Polygon", "coordinates": [ [ [ 72.809500724768114, 19.093136902623129 ], [ 72.809500724768114, 19.097628458498086 ], [ 72.804750362384056, 19.097628458498086 ], [ 72.804750362384056, 19.093136902623129 ], [ 72.809500724768114, 19.093136902623129 ] ] ] } },
{ "type": "Feature", "properties": { "cell_id": 1378, "lon": 72.811875905960136, "lat": 19.095382680560608 }, "geometry": { "type": "Polygon", "coordinates": [ [ [ 72.814251087152172, 19.093136902623129 ], [ 72.814251087152172, 19.097628458498086 ], [ 72.809500724768114, 19.097628458498086 ], [ 72.809500724768114, 19.093136902623129 ], [ 72.814251087152172, 19.093136902623129 ] ] ] } },
{ "type": "Feature", "properties": { "cell_id": 1379, "lon": 72.816626268344194, "lat": 19.095382680560608 }, "geometry": { "type": "Polygon", "coordinates": [ [ [ 72.819001449536231, 19.093136902623129 ], [ 72.819001449536231, 19.097628458498086 ], [ 72.814251087152172, 19.097628458498086 ], [ 72.814251087152172, 19.093136902623129 ], [ 72.819001449536231, 19.093136902623129 ] ] ] } },
{ "type": "Feature", "properties": { "cell_id": 1380, "lon": 72.821376630728253, "lat": 19.095382680560608 }, "geometry": { "type": "Polygon", "coordinates": [ [ [ 72.823751811920289, 19.093136902623129 ], [ 72.823751811920289, 19.097628458498086 ], [ 72.819001449536231, 19.097628458498086 ], [ 72.819001449536231, 19.093136902623129 ], [ 72.823751811920289, 19.093136902623129 ] ] ] } },
{ "type": "Feature", "properties": { "cell_id": 1381, "lon": 72.826126993112311, "lat": 19.095382680560608 }, "geometry": { "type": "Polygon", "coordinates": [ [ [ 72.828502174304347, 19.093136902623129 ], [ 72.828502174304347, 19.097628458498086 ], [ 72.823751811920289, 19.097628458498086 ], [ 72.823751811920289, 19.093136902623129 ], [ 72.828502174304347, 19.093136902623129 ] ] ] } },
{ "type": "Feature", "properties": { "cell_id": 1382, "lon": 72.830877355496369, "lat": 19.095382680560608 }, "geometry": { "type": "Polygon", "coordinates": [ [ [ 72.833252536688406, 19.093136902623129 ], [ 72.833252536688406, 19.097628458498086 ], [ 72.828502174304347, 19.097628458498086 ], [ 72.828502174304347, 19.093136902623129 ], [ 72.833252536688406, 19.093136902623129 ] ] ] } },
{ "type": "Feature", "properties": { "cell_id": 1383, "lon": 72.835627717880428, "lat": 19.095382680560608 }, "geometry": { "type": "Polygon", "coordinates": [ [ [ 72.838002899072464, 19.093136902623129 ], [ 72.838002899072464, 19.097628458498086 ], [ 72.833252536688406, 19.097628458498086 ], [ 72.833252536688406, 19.093136902623129 ], [ 72.838002899072464, 19.093136902623129 ] ] ] } },
{ "type": "Feature", "properties": { "cell_id": 1384, "lon": 72.840378080264486, "lat": 19.095382680560608 }, "geometry": { "type": "Polygon", "coordinates": [ [ [ 72.842753261456522, 19.093136902623129 ], [ 72.842753261456522, 19.097628458498086 ], [ 72.838002899072464, 19.097628458498086 ], [ 72.838002899072464, 19.093136902623129 ], [ 72.842753261456522, 19.093136902623129 ] ] ] } },
{ "type": "Feature", "properties": { "cell_id": 1385, "lon": 72.845128442648544, "lat": 19.095382680560608 }, "geometry": { "type": "Polygon", "coordinates": [ [ [ 72.847503623840581, 19.093136902623129 ], [ 72.847503623840581, 19.097628458498086 ], [ 72.842753261456522, 19.097628458498086 ], [ 72.842753261456522, 19.093136902623129 ], [ 72.847503623840581, 19.093136902623129 ] ] ] } },
{ "type": "Feature", "properties": { "cell_id": 1386, "lon": 72.849878805032603, "lat": 19.095382680560608 }, "geometry": { "type": "Polygon", "coordinates": [ [ [ 72.852253986224639, 19.093136902623129 ], [ 72.852253986224639, 19.097628458498086 ], [ 72.847503623840581, 19.097628458498086 ], [ 72.847503623840581, 19.093136902623129 ], [ 72.852253986224639, 19.093136902623129 ] ] ] } },
{ "type": "Feature", "properties": { "cell_id": 1387, "lon": 72.854629167416661, "lat": 19.095382680560608 }, "geometry": { "type": "Polygon", "coordinates": [ [ [ 72.857004348608697, 19.093136902623129 ], [ 72.857004348608697, 19.097628458498086 ], [ 72.852253986224639, 19.097628458498086 ], [ 72.852253986224639, 19.093136902623129 ], [ 72.857004348608697, 19.093136902623129 ] ] ] } },
{ "type": "Feature", "properties": { "cell_id": 1388, "lon": 72.859379529800719, "lat": 19.095382680560608 }, "geometry": { "type": "Polygon", "coordinates": [ [ [ 72.861754710992756, 19.093136902623129 ], [ 72.861754710992756, 19.097628458498086 ], [ 72.857004348608697, 19.097628458498086 ], [ 72.857004348608697, 19.093136902623129 ], [ 72.861754710992756, 19.093136902623129 ] ] ] } },
{ "type": "Feature", "properties": { "cell_id": 1389, "lon": 72.864129892184778, "lat": 19.095382680560608 }, "geometry": { "type": "Polygon", "coordinates": [ [ [ 72.866505073376814, 19.093136902623129 ], [ 72.866505073376814, 19.097628458498086 ], [ 72.861754710992756, 19.097628458498086 ], [ 72.861754710992756, 19.093136902623129 ], [ 72.866505073376814, 19.093136902623129 ] ] ] } },
{ "type": "Feature", "properties": { "cell_id": 1390, "lon": 72.868880254568836, "lat": 19.095382680560608 }, "geometry": { "type": "Polygon", "coordinates": [ [ [ 72.871255435760872, 19.093136902623129 ], [ 72.871255435760872, 19.097628458498086 ], [ 72.866505073376814, 19.097628458498086 ], [ 72.866505073376814, 19.093136902623129 ], [ 72.871255435760872, 19.093136902623129 ] ] ] } },
{ "type": "Feature", "properties": { "cell_id": 1391, "lon": 72.873630616952894, "lat": 19.095382680560608 }, "geometry": { "type": "Polygon", "coordinates": [ [ [ 72.876005798144931, 19.093136902623129 ], [ 72.876005798144931, 19.097628458498086 ], [ 72.871255435760872, 19.097628458498086 ], [ 72.871255435760872, 19.093136902623129 ], [ 72.876005798144931, 19.093136902623129 ] ] ] } },
{ "type": "Feature", "properties": { "cell_id": 1392, "lon": 72.878380979336953, "lat": 19.095382680560608 }, "geometry": { "type": "Polygon", "coordinates": [ [ [ 72.880756160528989, 19.093136902623129 ], [ 72.880756160528989, 19.097628458498086 ], [ 72.876005798144931, 19.097628458498086 ], [ 72.876005798144931, 19.093136902623129 ], [ 72.880756160528989, 19.093136902623129 ] ] ] } },
{ "type": "Feature", "properties": { "cell_id": 1393, "lon": 72.883131341721011, "lat": 19.095382680560608 }, "geometry": { "type": "Polygon", "coordinates": [ [ [ 72.885506522913047, 19.093136902623129 ], [ 72.885506522913047, 19.097628458498086 ], [ 72.880756160528989, 19.097628458498086 ], [ 72.880756160528989, 19.093136902623129 ], [ 72.885506522913047, 19.093136902623129 ] ] ] } },
{ "type": "Feature", "properties": { "cell_id": 1394, "lon": 72.88788170410507, "lat": 19.095382680560608 }, "geometry": { "type": "Polygon", "coordinates": [ [ [ 72.890256885297106, 19.093136902623129 ], [ 72.890256885297106, 19.097628458498086 ], [ 72.885506522913047, 19.097628458498086 ], [ 72.885506522913047, 19.093136902623129 ], [ 72.890256885297106, 19.093136902623129 ] ] ] } },
{ "type": "Feature", "properties": { "cell_id": 1395, "lon": 72.892632066489128, "lat": 19.095382680560608 }, "geometry": { "type": "Polygon", "coordinates": [ [ [ 72.895007247681164, 19.093136902623129 ], [ 72.895007247681164, 19.097628458498086 ], [ 72.890256885297106, 19.097628458498086 ], [ 72.890256885297106, 19.093136902623129 ], [ 72.895007247681164, 19.093136902623129 ] ] ] } },
{ "type": "Feature", "properties": { "cell_id": 1396, "lon": 72.897382428873186, "lat": 19.095382680560608 }, "geometry": { "type": "Polygon", "coordinates": [ [ [ 72.899757610065222, 19.093136902623129 ], [ 72.899757610065222, 19.097628458498086 ], [ 72.895007247681164, 19.097628458498086 ], [ 72.895007247681164, 19.093136902623129 ], [ 72.899757610065222, 19.093136902623129 ] ] ] } },
{ "type": "Feature", "properties": { "cell_id": 1397, "lon": 72.902132791257245, "lat": 19.095382680560608 }, "geometry": { "type": "Polygon", "coordinates": [ [ [ 72.904507972449281, 19.093136902623129 ], [ 72.904507972449281, 19.097628458498086 ], [ 72.899757610065222, 19.097628458498086 ], [ 72.899757610065222, 19.093136902623129 ], [ 72.904507972449281, 19.093136902623129 ] ] ] } },
{ "type": "Feature", "properties": { "cell_id": 1398, "lon": 72.906883153641303, "lat": 19.095382680560608 }, "geometry": { "type": "Polygon", "coordinates": [ [ [ 72.909258334833339, 19.093136902623129 ], [ 72.909258334833339, 19.097628458498086 ], [ 72.904507972449281, 19.097628458498086 ], [ 72.904507972449281, 19.093136902623129 ], [ 72.909258334833339, 19.093136902623129 ] ] ] } },
{ "type": "Feature", "properties": { "cell_id": 1399, "lon": 72.911633516025361, "lat": 19.095382680560608 }, "geometry": { "type": "Polygon", "coordinates": [ [ [ 72.914008697217398, 19.093136902623129 ], [ 72.914008697217398, 19.097628458498086 ], [ 72.909258334833339, 19.097628458498086 ], [ 72.909258334833339, 19.093136902623129 ], [ 72.914008697217398, 19.093136902623129 ] ] ] } },
{ "type": "Feature", "properties": { "cell_id": 1400, "lon": 72.91638387840942, "lat": 19.095382680560608 }, "geometry": { "type": "Polygon", "coordinates": [ [ [ 72.918759059601456, 19.093136902623129 ], [ 72.918759059601456, 19.097628458498086 ], [ 72.914008697217398, 19.097628458498086 ], [ 72.914008697217398, 19.093136902623129 ], [ 72.918759059601456, 19.093136902623129 ] ] ] } },
{ "type": "Feature", "properties": { "cell_id": 1401, "lon": 72.921134240793478, "lat": 19.095382680560608 }, "geometry": { "type": "Polygon", "coordinates": [ [ [ 72.923509421985514, 19.093136902623129 ], [ 72.923509421985514, 19.097628458498086 ], [ 72.918759059601456, 19.097628458498086 ], [ 72.918759059601456, 19.093136902623129 ], [ 72.923509421985514, 19.093136902623129 ] ] ] } },
{ "type": "Feature", "properties": { "cell_id": 1402, "lon": 72.925884603177536, "lat": 19.095382680560608 }, "geometry": { "type": "Polygon", "coordinates": [ [ [ 72.928259784369573, 19.093136902623129 ], [ 72.928259784369573, 19.097628458498086 ], [ 72.923509421985514, 19.097628458498086 ], [ 72.923509421985514, 19.093136902623129 ], [ 72.928259784369573, 19.093136902623129 ] ] ] } },
{ "type": "Feature", "properties": { "cell_id": 1403, "lon": 72.930634965561595, "lat": 19.095382680560608 }, "geometry": { "type": "Polygon", "coordinates": [ [ [ 72.933010146753631, 19.093136902623129 ], [ 72.933010146753631, 19.097628458498086 ], [ 72.928259784369573, 19.097628458498086 ], [ 72.928259784369573, 19.093136902623129 ], [ 72.933010146753631, 19.093136902623129 ] ] ] } },
{ "type": "Feature", "properties": { "cell_id": 1404, "lon": 72.935385327945653, "lat": 19.095382680560608 }, "geometry": { "type": "Polygon", "coordinates": [ [ [ 72.937760509137689, 19.093136902623129 ], [ 72.937760509137689, 19.097628458498086 ], [ 72.933010146753631, 19.097628458498086 ], [ 72.933010146753631, 19.093136902623129 ], [ 72.937760509137689, 19.093136902623129 ] ] ] } },
{ "type": "Feature", "properties": { "cell_id": 1405, "lon": 72.940135690329711, "lat": 19.095382680560608 }, "geometry": { "type": "Polygon", "coordinates": [ [ [ 72.942510871521748, 19.093136902623129 ], [ 72.942510871521748, 19.097628458498086 ], [ 72.937760509137689, 19.097628458498086 ], [ 72.937760509137689, 19.093136902623129 ], [ 72.942510871521748, 19.093136902623129 ] ] ] } },
{ "type": "Feature", "properties": { "cell_id": 1406, "lon": 72.94488605271377, "lat": 19.095382680560608 }, "geometry": { "type": "Polygon", "coordinates": [ [ [ 72.947261233905806, 19.093136902623129 ], [ 72.947261233905806, 19.097628458498086 ], [ 72.942510871521748, 19.097628458498086 ], [ 72.942510871521748, 19.093136902623129 ], [ 72.947261233905806, 19.093136902623129 ] ] ] } },
{ "type": "Feature", "properties": { "cell_id": 1407, "lon": 72.949636415097828, "lat": 19.095382680560608 }, "geometry": { "type": "Polygon", "coordinates": [ [ [ 72.952011596289864, 19.093136902623129 ], [ 72.952011596289864, 19.097628458498086 ], [ 72.947261233905806, 19.097628458498086 ], [ 72.947261233905806, 19.093136902623129 ], [ 72.952011596289864, 19.093136902623129 ] ] ] } },
{ "type": "Feature", "properties": { "cell_id": 1408, "lon": 72.802375181192019, "lat": 19.099874236435564 }, "geometry": { "type": "Polygon", "coordinates": [ [ [ 72.804750362384056, 19.097628458498086 ], [ 72.804750362384056, 19.102120014373043 ], [ 72.8, 19.102120014373043 ], [ 72.8, 19.097628458498086 ], [ 72.804750362384056, 19.097628458498086 ] ] ] } },
{ "type": "Feature", "properties": { "cell_id": 1409, "lon": 72.807125543576078, "lat": 19.099874236435564 }, "geometry": { "type": "Polygon", "coordinates": [ [ [ 72.809500724768114, 19.097628458498086 ], [ 72.809500724768114, 19.102120014373043 ], [ 72.804750362384056, 19.102120014373043 ], [ 72.804750362384056, 19.097628458498086 ], [ 72.809500724768114, 19.097628458498086 ] ] ] } },
{ "type": "Feature", "properties": { "cell_id": 1410, "lon": 72.811875905960136, "lat": 19.099874236435564 }, "geometry": { "type": "Polygon", "coordinates": [ [ [ 72.814251087152172, 19.097628458498086 ], [ 72.814251087152172, 19.102120014373043 ], [ 72.809500724768114, 19.102120014373043 ], [ 72.809500724768114, 19.097628458498086 ], [ 72.814251087152172, 19.097628458498086 ] ] ] } },
{ "type": "Feature", "properties": { "cell_id": 1411, "lon": 72.816626268344194, "lat": 19.099874236435564 }, "geometry": { "type": "Polygon", "coordinates": [ [ [ 72.819001449536231, 19.097628458498086 ], [ 72.819001449536231, 19.102120014373043 ], [ 72.814251087152172, 19.102120014373043 ], [ 72.814251087152172, 19.097628458498086 ], [ 72.819001449536231, 19.097628458498086 ] ] ] } },
{ "type": "Feature", "properties": { "cell_id": 1412, "lon": 72.821376630728253, "lat": 19.099874236435564 }, "geometry": { "type": "Polygon", "coordinates": [ [ [ 72.823751811920289, 19.097628458498086 ], [ 72.823751811920289, 19.102120014373043 ], [ 72.819001449536231, 19.102120014373043 ], [ 72.819001449536231, 19.097628458498086 ], [ 72.823751811920289, 19.097628458498086 ] ] ] } },
{ "type": "Feature", "properties": { "cell_id": 1413, "lon": 72.826126993112311, "lat": 19.099874236435564 }, "geometry": { "type": "Polygon", "coordinates": [ [ [ 72.828502174304347, 19.097628458498086 ], [ 72.828502174304347, 19.102120014373043 ], [ 72.823751811920289, 19.102120014373043 ], [ 72.823751811920289, 19.097628458498086 ], [ 72.828502174304347, 19.097628458498086 ] ] ] } },
{ "type": "Feature", "properties": { "cell_id": 1414, "lon": 72.830877355496369, "lat": 19.099874236435564 }, "geometry": { "type": "Polygon", "coordinates": [ [ [ 72.833252536688406, 19.097628458498086 ], [ 72.833252536688406, 19.102120014373043 ], [ 72.828502174304347, 19.102120014373043 ], [ 72.828502174304347, 19.097628458498086 ], [ 72.833252536688406, 19.097628458498086 ] ] ] } },
{ "type": "Feature", "properties": { "cell_id": 1415, "lon": 72.835627717880428, "lat": 19.099874236435564 }, "geometry": { "type": "Polygon", "coordinates": [ [ [ 72.838002899072464, 19.097628458498086 ], [ 72.838002899072464, 19.102120014373043 ], [ 72.833252536688406, 19.102120014373043 ], [ 72.833252536688406, 19.097628458498086 ], [ 72.838002899072464, 19.097628458498086 ] ] ] } },
{ "type": "Feature", "properties": { "cell_id": 1416, "lon": 72.840378080264486, "lat": 19.099874236435564 }, "geometry": { "type": "Polygon", "coordinates": [ [ [ 72.842753261456522, 19.097628458498086 ], [ 72.842753261456522, 19.102120014373043 ], [ 72.838002899072464, 19.102120014373043 ], [ 72.838002899072464, 19.097628458498086 ], [ 72.842753261456522, 19.097628458498086 ] ] ] } },
{ "type": "Feature", "properties": { "cell_id": 1417, "lon": 72.845128442648544, "lat": 19.099874236435564 }, "geometry": { "type": "Polygon", "coordinates": [ [ [ 72.847503623840581, 19.097628458498086 ], [ 72.847503623840581, 19.102120014373043 ], [ 72.842753261456522, 19.102120014373043 ], [ 72.842753261456522, 19.097628458498086 ], [ 72.847503623840581, 19.097628458498086 ] ] ] } },
{ "type": "Feature", "properties": { "cell_id": 1418, "lon": 72.849878805032603, "lat": 19.099874236435564 }, "geometry": { "type": "Polygon", "coordinates": [ [ [ 72.852253986224639, 19.097628458498086 ], [ 72.852253986224639, 19.102120014373043 ], [ 72.847503623840581, 19.102120014373043 ], [ 72.847503623840581, 19.097628458498086 ], [ 72.852253986224639, 19.097628458498086 ] ] ] } },
{ "type": "Feature", "properties": { "cell_id": 1419, "lon": 72.854629167416661, "lat": 19.099874236435564 }, "geometry": { "type": "Polygon", "coordinates": [ [ [ 72.857004348608697, 19.097628458498086 ], [ 72.857004348608697, 19.102120014373043 ], [ 72.852253986224639, 19.102120014373043 ], [ 72.852253986224639, 19.097628458498086 ], [ 72.857004348608697, 19.097628458498086 ] ] ] } },
{ "type": "Feature", "properties": { "cell_id": 1420, "lon": 72.859379529800719, "lat": 19.099874236435564 }, "geometry": { "type": "Polygon", "coordinates": [ [ [ 72.861754710992756, 19.097628458498086 ], [ 72.861754710992756, 19.102120014373043 ], [ 72.857004348608697, 19.102120014373043 ], [ 72.857004348608697, 19.097628458498086 ], [ 72.861754710992756, 19.097628458498086 ] ] ] } },
{ "type": "Feature", "properties": { "cell_id": 1421, "lon": 72.864129892184778, "lat": 19.099874236435564 }, "geometry": { "type": "Polygon", "coordinates": [ [ [ 72.866505073376814, 19.097628458498086 ], [ 72.866505073376814, 19.102120014373043 ], [ 72.861754710992756, 19.102120014373043 ], [ 72.861754710992756, 19.097628458498086 ], [ 72.866505073376814, 19.097628458498086 ] ] ] } },
{ "type": "Feature", "properties": { "cell_id": 1422, "lon": 72.868880254568836, "lat": 19.099874236435564 }, "geometry": { "type": "Polygon", "coordinates": [ [ [ 72.871255435760872, 19.097628458498086 ], [ 72.871255435760872, 19.102120014373043 ], [ 72.866505073376814, 19.102120014373043 ], [ 72.866505073376814, 19.097628458498086 ], [ 72.871255435760872, 19.097628458498086 ] ] ] } },
{ "type": "Feature", "properties": { "cell_id": 1423, "lon": 72.873630616952894, "lat": 19.099874236435564 }, "geometry": { "type": "Polygon", "coordinates": [ [ [ 72.876005798144931, 19.097628458498086 ], [ 72.876005798144931, 19.102120014373043 ], [ 72.871255435760872, 19.102120014373043 ], [ 72.871255435760872, 19.097628458498086 ], [ 72.876005798144931, 19.097628458498086 ] ] ] } },
{ "type": "Feature", "properties": { "cell_id": 1424, "lon": 72.878380979336953, "lat": 19.099874236435564 }, "geometry": { "type": "Polygon", "coordinates": [ [ [ 72.880756160528989, 19.097628458498086 ], [ 72.880756160528989, 19.102120014373043 ], [ 72.876005798144931, 19.102120014373043 ], [ 72.876005798144931, 19.097628458498086 ], [ 72.880756160528989, 19.097628458498086 ] ] ] } },
{ "type": "Feature", "properties": { "cell_id": 1425, "lon": 72.883131341721011, "lat": 19.099874236435564 }, "geometry": { "type": "Polygon", "coordinates": [ [ [ 72.885506522913047, 19.097628458498086 ], [ 72.885506522913047, 19.102120014373043 ], [ 72.880756160528989, 19.102120014373043 ], [ 72.880756160528989, 19.097628458498086 ], [ 72.885506522913047, 19.097628458498086 ] ] ] } },
{ "type": "Feature", "properties": { "cell_id": 1426, "lon": 72.88788170410507, "lat": 19.099874236435564 }, "geometry": { "type": "Polygon", "coordinates": [ [ [ 72.890256885297106, 19.097628458498086 ], [ 72.890256885297106, 19.102120014373043 ], [ 72.885506522913047, 19.102120014373043 ], [ 72.885506522913047, 19.097628458498086 ], [ 72.890256885297106, 19.097628458498086 ] ] ] } },
{ "type": "Feature", "properties": { "cell_id": 1427, "lon": 72.892632066489128, "lat": 19.099874236435564 }, "geometry": { "type": "Polygon", "coordinates": [ [ [ 72.895007247681164, 19.097628458498086 ], [ 72.895007247681164, 19.102120014373043 ], [ 72.890256885297106, 19.102120014373043 ], [ 72.890256885297106, 19.097628458498086 ], [ 72.895007247681164, 19.097628458498086 ] ] ] } },
{ "type": "Feature", "properties": { "cell_id": 1428, "lon": 72.897382428873186, "lat": 19.099874236435564 }, "geometry": { "type": "Polygon", "coordinates": [ [ [ 72.899757610065222, 19.097628458498086 ], [ 72.899757610065222, 19.102120014373043 ], [ 72.895007247681164, 19.102120014373043 ], [ 72.895007247681164, 19.097628458498086 ], [ 72.899757610065222, 19.097628458498086 ] ] ] } },
{ "type": "Feature", "properties": { "cell_id": 1429, "lon": 72.902132791257245, "lat": 19.099874236435564 }, "geometry": { "type": "Polygon", "coordinates": [ [ [ 72.904507972449281, 19.097628458498086 ], [ 72.904507972449281, 19.102120014373043 ], [ 72.899757610065222, 19.102120014373043 ], [ 72.899757610065222, 19.097628458498086 ], [ 72.904507972449281, 19.097628458498086 ] ] ] } },
{ "type": "Feature", "properties": { "cell_id": 1430, "lon": 72.906883153641303, "lat": 19.099874236435564 }, "geometry": { "type": "Polygon", "coordinates": [ [ [ 72.909258334833339, 19.097628458498086 ], [ 72.909258334833339, 19.102120014373043 ], [ 72.904507972449281, 19.102120014373043 ], [ 72.904507972449281, 19.097628458498086 ], [ 72.909258334833339, 19.097628458498086 ] ] ] } },
{ "type": "Feature", "properties": { "cell_id": 1431, "lon": 72.911633516025361, "lat": 19.099874236435564 }, "geometry": { "type": "Polygon", "coordinates": [ [ [ 72.914008697217398, 19.097628458498086 ], [ 72.914008697217398, 19.102120014373043 ], [ 72.909258334833339, 19.102120014373043 ], [ 72.909258334833339, 19.097628458498086 ], [ 72.914008697217398, 19.097628458498086 ] ] ] } },
{ "type": "Feature", "properties": { "cell_id": 1432, "lon": 72.91638387840942, "lat": 19.099874236435564 }, "geometry": { "type": "Polygon", "coordinates": [ [ [ 72.918759059601456, 19.097628458498086 ], [ 72.918759059601456, 19.102120014373043 ], [ 72.914008697217398, 19.102120014373043 ], [ 72.914008697217398, 19.097628458498086 ], [ 72.918759059601456, 19.097628458498086 ] ] ] } },
{ "type": "Feature", "properties": { "cell_id": 1433, "lon": 72.921134240793478, "lat": 19.099874236435564 }, "geometry": { "type": "Polygon", "coordinates": [ [ [ 72.923509421985514, 19.097628458498086 ], [ 72.923509421985514, 19.102120014373043 ], [ 72.918759059601456, 19.102120014373043 ], [ 72.918759059601456, 19.097628458498086 ], [ 72.923509421985514, 19.097628458498086 ] ] ] } },
{ "type": "Feature", "properties": { "cell_id": 1434, "lon": 72.925884603177536, "lat": 19.099874236435564 }, "geometry": { "type": "Polygon", "coordinates": [ [ [ 72.928259784369573, 19.097628458498086 ], [ 72.928259784369573, 19.102120014373043 ], [ 72.923509421985514, 19.102120014373043 ], [ 72.923509421985514, 19.097628458498086 ], [ 72.928259784369573, 19.097628458498086 ] ] ] } },
{ "type": "Feature", "properties": { "cell_id": 1435, "lon": 72.930634965561595, "lat": 19.099874236435564 }, "geometry": { "type": "Polygon", "coordinates": [ [ [ 72.933010146753631, 19.097628458498086 ], [ 72.933010146753631, 19.102120014373043 ], [ 72.928259784369573, 19.102120014373043 ], [ 72.928259784369573, 19.097628458498086 ], [ 72.933010146753631, 19.097628458498086 ] ] ] } },
{ "type": "Feature", "properties": { "cell_id": 1436, "lon": 72.935385327945653, "lat": 19.099874236435564 }, "geometry": { "type": "Polygon", "coordinates": [ [ [ 72.937760509137689, 19.097628458498086 ], [ 72.937760509137689, 19.102120014373043 ], [ 72.933010146753631, 19.102120014373043 ], [ 72.933010146753631, 19.097628458498086 ], [ 72.937760509137689, 19.097628458498086 ] ] ] } },
{ "type": "Feature", "properties": { "cell_id": 1437, "lon": 72.940135690329711, "lat": 19.099874236435564 }, "geometry": { "type": "Polygon", "coordinates": [ [ [ 72.942510871521748, 19.097628458498086 ], [ 72.942510871521748, 19.102120014373043 ], [ 72.937760509137689, 19.102120014373043 ], [ 72.937760509137689, 19.097628458498086 ], [ 72.942510871521748, 19.097628458498086 ] ] ] } },
{ "type": "Feature", "properties": { "cell_id": 1438, "lon": 72.94488605271377, "lat": 19.099874236435564 }, "geometry": { "type": "Polygon", "coordinates": [ [ [ 72.947261233905806, 19.097628458498086 ], [ 72.947261233905806, 19.102120014373043 ], [ 72.942510871521748, 19.102120014373043 ], [ 72.942510871521748, 19.097628458498086 ], [ 72.947261233905806, 19.097628458498086 ] ] ] } },
{ "type": "Feature", "properties": { "cell_id": 1439, "lon": 72.949636415097828, "lat": 19.099874236435564 }, "geometry": { "type": "Polygon", "coordinates": [ [ [ 72.952011596289864, 19.097628458498086 ], [ 72.952011596289864, 19.102120014373043 ], [ 72.947261233905806, 19.102120014373043 ], [ 72.947261233905806, 19.097628458498086 ], [ 72.952011596289864, 19.097628458498086 ] ] ] } }
]
}
