{
"type": "FeatureCollection",
"name": "delhi_grid",
"crs": { "type": "name", "properties": { "name": "urn:ogc:def:crs:OGC:1.3:CRS84" } },
"features": [
{ "type": "Feature", "properties": { "cell_id": 0, "lon": 77.102557883239569, "lat": 28.502245777937478 }, "geometry": { "type": "Polygon", "coordinates": [ [ [ 77.105115766479145, 28.5 ], [ 77.105115766479145, 28.504491555874957 ], [ 77.1, 28.504491555874957 ], [ 77.1, 28.5 ], [ 77.105115766479145, 28.5 ] ] ] } },
{ "type": "Feature", "properties": { "cell_id": 1, "lon": 77.10767364971872, "lat": 28.502245777937478 }, "geometry": { "type": "Polygon", "coordinates": [ [ [ 77.110231532958295, 28.5 ], [ 77.110231532958295, 28.504491555874957 ], [ 77.105115766479145, 28.504491555874957 ], [ 77.105115766479145, 28.5 ], [ 77.110231532958295, 28.5 ] ] ] } },
{ "type": "Feature", "properties": { "cell_id": 2, "lon": 77.11278941619787, "lat": 28.502245777937478 }, "geometry": { "type": "Polygon", "coordinates": [ [ [ 77.115347299437445, 28.5 ], [ 77.115347299437445, 28.504491555874957 ], [ 77.110231532958295, 28.504491555874957 ], [ 77.110231532958295, 28.5 ], [ 77.115347299437445, 28.5 ] ] ] } },
{ "type": "Feature", "properties": { "cell_id": 3, "lon": 77.117905182677021, "lat": 28.502245777937478 }, "geometry": { "type": "Polygon", "coordinates": [ [ [ 77.120463065916596, 28.5 ], [ 77.120463065916596, 28.504491555874957 ], [ 77.115347299437445, 28.504491555874957 ], [ 77.115347299437445, 28.5 ], [ 77.120463065916596, 28.5 ] ] ] } },
{ "type": "Feature", "properties": { "cell_id": 4, "lon": 77.123020949156171, "lat": 28.502245777937478 }, "geometry": { "type": "Polygon", "coordinates": [ [ [ 77.125578832395746, 28.5 ], [ 77.125578832395746, 28.504491555874957 ], [ 77.120463065916596, 28.504491555874957 ], [ 77.120463065916596, 28.5 ], [ 77.125578832395746, 28.5 ] ] ] } },
{ "type": "Feature", "properties": { "cell_id": 5, "lon": 77.128136715635321, "lat": 28.502245777937478 }, "geometry": { "type": "Polygon", "coordinates": [ [ [ 77.130694598874896, 28.5 ], [ 77.130694598874896, 28.504491555874957 ], [ 77.125578832395746, 28.504491555874957 ], [ 77.125578832395746, 28.5 ], [ 77.130694598874896, 28.5 ] ] ] } },
{ "type": "Feature", "properties": { "cell_id": 6, "lon": 77.133252482114472, "lat": 28.502245777937478 }, "geometry": { "type": "Polygon", "coordinates": [ [ [ 77.135810365354047, 28.5 ], [ 77.135810365354047, 28.504491555874957 ], [ 77.130694598874896, 28.504491555874957 ], [ 77.130694598874896, 28.5 ], [ 77.135810365354047, 28.5 ] ] ] } },
{ "type": "Feature", "properties": { "cell_id": 7, "lon": 77.138368248593622, "lat": 28.502245777937478 }, "geometry": { "type": "Polygon", "coordinates": [ [ [ 77.140926131833197, 28.5 ], [ 77.140926131833197, 28.504491555874957 ], [ 77.135810365354047, 28.504491555874957 ], [ 77.135810365354047, 28.5 ], [ 77.140926131833197, 28.5 ] ] ] } },
{ "type": "Feature", "properties": { "cell_id": 8, "lon": 77.143484015072772, "lat": 28.502245777937478 }, "geometry": { "type": "Polygon", "coordinates": [ [ [ 77.146041898312347, 28.5 ], [ 77.146041898312347, 28.504491555874957 ], [ 77.140926131833197, 28.504491555874957 ], [ 77.140926131833197, 28.5 ], [ 77.146041898312347, 28.5 ] ] ] } },
{ "type": "Feature", "properties": { "cell_id": 9, "lon": 77.148599781551923, "lat": 28.502245777937478 }, "geometry": { "type": "Polygon", "coordinates": [ [ [ 77.151157664791498, 28.5 ], [ 77.151157664791498, 28.504491555874957 ], [ 77.146041898312347, 28.504491555874957 ], [ 77.146041898312347, 28.5 ], [ 77.151157664791498, 28.5 ] ] ] } },
{ "type": "Feature", "properties": { "cell_id": 10, "lon": 77.153715548031073, "lat": 28.502245777937478 }, "geometry": { "type": "Polygon", "coordinates": [ [ [ 77.156273431270648, 28.5 ], [ 77.156273431270648, 28.504491555874957 ], [ 77.151157664791498, 28.504491555874957 ], [ 77.151157664791498, 28.5 ], [ 77.156273431270648, 28.5 ] ] ] } },
{ "type": "Feature", "properties": { "cell_id": 11, "lon": 77.158831314510223, "lat": 28.502245777937478 }, "geometry": { "type": "Polygon", "coordinates": [ [ [ 77.161389197749799, 28.5 ], [ 77.161389197749799, 28.504491555874957 ], [ 77.156273431270648, 28.504491555874957 ], [ 77.156273431270648, 28.5 ], [ 77.161389197749799, 28.5 ] ] ] } },
{ "type": "Feature", "properties": { "cell_id": 12, "lon": 77.163947080989374, "lat": 28.502245777937478 }, "geometry": { "type": "Polygon", "coordinates": [ [ [ 77.166504964228949, 28.5 ], [ 77.166504964228949, 28.504491555874957 ], [ 77.161389197749799, 28.504491555874957 ], [ 77.161389197749799, 28.5 ], [ 77.166504964228949, 28.5 ] ] ] } },
{ "type": "Feature", "properties": { "cell_id": 13, "lon": 77.169062847468524, "lat": 28.502245777937478 }, "geometry": { "type": "Polygon", "coordinates": [ [ [ 77.171620730708099, 28.5 ], [ 77.171620730708099, 28.504491555874957 ], [ 77.166504964228949, 28.504491555874957 ], [ 77.166504964228949, 28.5 ], [ 77.171620730708099, 28.5 ] ] ] } },
{ "type": "Feature", "properties": { "cell_id": 14, "lon": 77.174178613947674, "lat": 28.502245777937478 }, "geometry": { "type": "Polygon", "coordinates": [ [ [ 77.17673649718725, 28.5 ], [ 77.17673649718725, 28.504491555874957 ], [ 77.171620730708099, 28.504491555874957 ], [ 77.171620730708099, 28.5 ], [ 77.17673649718725, 28.5 ] ] ] } },
{ "type": "Feature", "properties": { "cell_id": 15, "lon": 77.179294380426825, "lat": 28.502245777937478 }, "geometry": { "type": "Polygon", "coordinates": [ [ [ 77.1818522636664, 28.5 ], [ 77.1818522636664, 28.504491555874957 ], [ 77.17673649718725, 28.504491555874957 ], [ 77.17673649718725, 28.5 ], [ 77.1818522636664, 28.5 ] ] ] } },
{ "type": "Feature", "properties": { "cell_id": 16, "lon": 77.184410146905975, "lat": 28.502245777937478 }, "geometry": { "type": "Polygon", "coordinates": [ [ [ 77.18696803014555, 28.5 ], [ 77.18696803014555, 28.504491555874957 ], [ 77.1818522636664, 28.504491555874957 ], [ 77.1818522636664, 28.5 ], [ 77.18696803014555, 28.5 ] ] ] } },
{ "type": "Feature", "properties": { "cell_id": 17, "lon": 77.189525913385125, "lat": 28.502245777937478 }, "geometry": { "type": "Polygon", "coordinates": [ [ [ 77.192083796624701, 28.5 ], [ 77.192083796624701, 28.504491555874957 ], [ 77.18696803014555, 28.504491555874957 ], [ 77.18696803014555, 28.5 ], [ 77.192083796624701, 28.5 ] ] ] } },
{ "type": "Feature", "properties": { "cell_id": 18, "lon": 77.194641679864276, "lat": 28.502245777937478 }, "geometry": { "type": "Polygon", "coordinates": [ [ [ 77.197199563103851, 28.5 ], [ 77.197199563103851, 28.504491555874957 ], [ 77.192083796624701, 28.504491555874957 ], [ 77.192083796624701, 28.5 ], [ 77.197199563103851, 28.5 ] ] ] } },
{ "type": "Feature", "properties": { "cell_id": 19, "lon": 77.199757446343426, "lat": 28.502245777937478 }, "geometry": { "type": "Polygon", "coordinates": [ [ [ 77.202315329583001, 28.5 ], [ 77.202315329583001, 28.504491555874957 ], [ 77.197199563103851, 28.504491555874957 ], [ 77.197199563103851, 28.5 ], [ 77.202315329583001, 28.5 ] ] ] } },
{ "type": "Feature", "properties": { "cell_id": 20, "lon": 77.204873212822577, "lat": 28.502245777937478 }, "geometry": { "type": "Polygon", "coordinates": [ [ [ 77.207431096062152, 28.5 ], [ 77.207431096062152, 28.504491555874957 ], [ 77.202315329583001, 28.504491555874957 ], [ 77.202315329583001, 28.5 ], [ 77.207431096062152, 28.5 ] ] ] } },
{ "type": "Feature", "properties": { "cell_id": 21, "lon": 77.209988979301727, "lat": 28.502245777937478 }, "geometry": { "type": "Polygon", "coordinates": [ [ [ 77.212546862541302, 28.5 ], [ 77.212546862541302, 28.504491555874957 ], [ 77.207431096062152, 28.504491555874957 ], [ 77.207431096062152, 28.5 ], [ 77.212546862541302, 28.5 ] ] ] } },
{ "type": "Feature", "properties": { "cell_id": 22, "lon": 77.215104745780877, "lat": 28.502245777937478 }, "geometry": { "type": "Polygon", "coordinates": [ [ [ 77.217662629020452, 28.5 ], [ 77.217662629020452, 28.504491555874957 ], [ 77.212546862541302, 28.504491555874957 ], [ 77.212546862541302, 28.5 ], [ 77.217662629020452, 28.5 ] ] ] } },
{ "type": "Feature", "properties": { "cell_id": 23, "lon": 77.220220512260028, "lat": 28.502245777937478 }, "geometry": { "type": "Polygon", "coordinates": [ [ [ 77.222778395499603, 28.5 ], [ 77.222778395499603, 28.504491555874957 ], [ 77.217662629020452, 28.504491555874957 ], [ 77.217662629020452, 28.5 ], [ 77.222778395499603, 28.5 ] ] ] } },
{ "type": "Feature", "properties": { "cell_id": 24, "lon": 77.225336278739178, "lat": 28.502245777937478 }, "geometry": { "type": "Polygon", "coordinates": [ [ [ 77.227894161978753, 28.5 ], [ 77.227894161978753, 28.504491555874957 ], [ 77.222778395499603, 28.504491555874957 ], [ 77.222778395499603, 28.5 ], [ 77.227894161978753, 28.5 ] ] ] } },
{ "type": "Feature", "properties": { "cell_id": 25, "lon": 77.230452045218328, "lat": 28.502245777937478 }, "geometry": { "type": "Polygon", "coordinates": [ [ [ 77.233009928457903, 28.5 ], [ 77.233009928457903, 28.504491555874957 ], [ 77.227894161978753, 28.504491555874957 ], [ 77.227894161978753, 28.5 ], [ 77.233009928457903, 28.5 ] ] ] } },
{ "type": "Feature", "properties": { "cell_id": 26, "lon": 77.235567811697479, "lat": 28.502245777937478 }, "geometry": { "type": "Polygon", "coordinates": [ [ [ 77.238125694937054, 28.5 ], [ 77.238125694937054, 28.504491555874957 ], [ 77.233009928457903, 28.504491555874957 ], [ 77.233009928457903, 28.5 ], [ 77.238125694937054, 28.5 ] ] ] } },
{ "type": "Feature", "properties": { "cell_id": 27, "lon": 77.240683578176629, "lat": 28.502245777937478 }, "geometry": { "type": "Polygon", "coordinates": [ [ [ 77.243241461416204, 28.5 ], [ 77.243241461416204, 28.504491555874957 ], [ 77.238125694937054, 28.504491555874957 ], [ 77.238125694937054, 28.5 ], [ 77.243241461416204, 28.5 ] ] ] } },
{ "type": "Feature", "properties": { "cell_id": 28, "lon": 77.245799344655779, "lat": 28.502245777937478 }, "geometry": { "type": "Polygon", "coordinates": [ [ [ 77.248357227895355, 28.5 ], [ 77.248357227895355, 28.504491555874957 ], [ 77.243241461416204, 28.504491555874957 ], [ 77.243241461416204, 28.5 ], [ 77.248357227895355, 28.5 ] ] ] } },
{ "type": "Feature", "properties": { "cell_id": 29, "lon": 77.25091511113493, "lat": 28.502245777937478 }, "geometry": { "type": "Polygon", "coordinates": [ [ [ 77.253472994374505, 28.5 ], [ 77.253472994374505, 28.504491555874957 ], [ 77.248357227895355, 28.504491555874957 ], [ 77.248357227895355, 28.5 ], [ 77.253472994374505, 28.5 ] ] ] } },
{ "type": "Feature", "properties": { "cell_id": 30, "lon": 77.25603087761408, "lat": 28.502245777937478 }, "geometry": { "type": "Polygon", "coordinates": [ [ [ 77.258588760853655, 28.5 ], [ 77.258588760853655, 28.504491555874957 ], [ 77.253472994374505, 28.504491555874957 ], [ 77.253472994374505, 28.5 ], [ 77.258588760853655, 28.5 ] ] ] } },
{ "type": "Feature", "properties": { "cell_id": 31, "lon": 77.26114664409323, "lat": 28.502245777937478 }, "geometry": { "type": "Polygon", "coordinates": [ [ [ 77.263704527332806, 28.5 ], [ 77.263704527332806, 28.504491555874957 ], [ 77.258588760853655, 28.504491555874957 ], [ 77.258588760853655, 28.5 ], [ 77.263704527332806, 28.5 ] ] ] } },
{ "type": "Feature", "properties": { "cell_id": 32, "lon": 77.266262410572381, "lat": 28.502245777937478 }, "geometry": { "type": "Polygon", "coordinates": [ [ [ 77.268820293811956, 28.5 ], [ 77.268820293811956, 28.504491555874957 ], [ 77.263704527332806, 28.504491555874957 ], [ 77.263704527332806, 28.5 ], [ 77.268820293811956, 28.5 ] ] ] } },
{ "type": "Feature", "properties": { "cell_id": 33, "lon": 77.271378177051531, "lat": 28.502245777937478 }, "geometry": { "type": "Polygon", "coordinates": [ [ [ 77.273936060291106, 28.5 ], [ 77.273936060291106, 28.504491555874957 ], [ 77.268820293811956, 28.504491555874957 ], [ 77.268820293811956, 28.5 ], [ 77.273936060291106, 28.5 ] ] ] } },
{ "type": "Feature", "properties": { "cell_id": 34, "lon": 77.276493943530681, "lat": 28.502245777937478 }, "geometry": { "type": "Polygon", "coordinates": [ [ [ 77.279051826770257, 28.5 ], [ 77.279051826770257, 28.504491555874957 ], [ 77.273936060291106, 28.504491555874957 ], [ 77.273936060291106, 28.5 ], [ 77.279051826770257, 28.5 ] ] ] } },
{ "type": "Feature", "properties": { "cell_id": 35, "lon": 77.281609710009832, "lat": 28.502245777937478 }, "geometry": { "type": "Polygon", "coordinates": [ [ [ 77.284167593249407, 28.5 ], [ 77.284167593249407, 28.504491555874957 ], [ 77.279051826770257, 28.504491555874957 ], [ 77.279051826770257, 28.5 ], [ 77.284167593249407, 28.5 ] ] ] } },
{ "type": "Feature", "properties": { "cell_id": 36, "lon": 77.286725476488982, "lat": 28.502245777937478 }, "geometry": { "type": "Polygon", "coordinates": [ [ [ 77.289283359728557, 28.5 ], [ 77.289283359728557, 28.504491555874957 ], [ 77.284167593249407, 28.504491555874957 ], [ 77.284167593249407, 28.5 ], [ 77.289283359728557, 28.5 ] ] ] } },
{ "type": "Feature", "properties": { "cell_id": 37, "lon": 77.291841242968133, "lat": 28.502245777937478 }, "geometry": { "type": "Polygon", "coordinates": [ [ [ 77.294399126207708, 28.5 ], [ 77.294399126207708, 28.504491555874957 ], [ 77.289283359728557, 28.504491555874957 ], [ 77.289283359728557, 28.5 ], [ 77.294399126207708, 28.5 ] ] ] } },
{ "type": "Feature", "properties": { "cell_id": 38, "lon": 77.296957009447283, "lat": 28.502245777937478 }, "geometry": { "type": "Polygon", "coordinates": [ [ [ 77.299514892686858, 28.5 ], [ 77.299514892686858, 28.504491555874957 ], [ 77.294399126207708, 28.504491555874957 ], [ 77.294399126207708, 28.5 ], [ 77.299514892686858, 28.5 ] ] ] } },
{ "type": "Feature", "properties": { "cell_id": 40, "lon": 77.102557883239569, "lat": 28.506737333812435 }, "geometry": { "type": "Polygon", "coordinates": [ [ [ 77.105115766479145, 28.504491555874957 ], [ 77.105115766479145, 28.508983111749913 ], [ 77.1, 28.508983111749913 ], [ 77.1, 28.504491555874957 ], [ 77.105115766479145, 28.504491555874957 ] ] ] } },
{ "type": "Feature", "properties": { "cell_id": 41, "lon": 77.10767364971872, "lat": 28.506737333812435 }, "geometry": { "type": "Polygon", "coordinates": [ [ [ 77.110231532958295, 28.504491555874957 ], [ 77.110231532958295, 28.508983111749913 ], [ 77.105115766479145, 28.508983111749913 ], [ 77.105115766479145, 28.504491555874957 ], [ 77.110231532958295, 28.504491555874957 ] ] ] } },
{ "type": "Feature", "properties": { "cell_id": 42, "lon": 77.11278941619787, "lat": 28.506737333812435 }, "geometry": { "type": "Polygon", "coordinates": [ [ [ 77.115347299437445, 28.504491555874957 ], [ 77.115347299437445, 28.508983111749913 ], [ 77.110231532958295, 28.508983111749913 ], [ 77.110231532958295, 28.504491555874957 ], [ 77.115347299437445, 28.504491555874957 ] ] ] } },
{ "type": "Feature", "properties": { "cell_id": 43, "lon": 77.117905182677021, "lat": 28.506737333812435 }, "geometry": { "type": "Polygon", "coordinates": [ [ [ 77.120463065916596, 28.504491555874957 ], [ 77.120463065916596, 28.508983111749913 ], [ 77.115347299437445, 28.508983111749913 ], [ 77.115347299437445, 28.504491555874957 ], [ 77.120463065916596, 28.504491555874957 ] ] ] } },
{ "type": "Feature", "properties": { "cell_id": 44, "lon": 77.123020949156171, "lat": 28.506737333812435 }, "geometry": { "type": "Polygon", "coordinates": [ [ [ 77.125578832395746, 28.504491555874957 ], [ 77.125578832395746, 28.508983111749913 ], [ 77.120463065916596, 28.508983111749913 ], [ 77.120463065916596, 28.504491555874957 ], [ 77.125578832395746, 28.504491555874957 ] ] ] } },
{ "type": "Feature", "properties": { "cell_id": 45, "lon": 77.128136715635321, "lat": 28.506737333812435 }, "geometry": { "type": "Polygon", "coordinates": [ [ [ 77.130694598874896, 28.504491555874957 ], [ 77.130694598874896, 28.508983111749913 ], [ 77.125578832395746, 28.508983111749913 ], [ 77.125578832395746, 28.504491555874957 ], [ 77.130694598874896, 28.504491555874957 ] ] ] } },
{ "type": "Feature", "properties": { "cell_id": 46, "lon": 77.133252482114472, "lat": 28.506737333812435 }, "geometry": { "type": "Polygon", "coordinates": [ [ [ 77.135810365354047, 28.504491555874957 ], [ 77.135810365354047, 28.508983111749913 ], [ 77.130694598874896, 28.508983111749913 ], [ 77.130694598874896, 28.504491555874957 ], [ 77.135810365354047, 28.504491555874957 ] ] ] } },
{ "type": "Feature", "properties": { "cell_id": 47, "lon": 77.138368248593622, "lat": 28.506737333812435 }, "geometry": { "type": "Polygon", "coordinates": [ [ [ 77.140926131833197, 28.504491555874957 ], [ 77.140926131833197, 28.508983111749913 ], [ 77.135810365354047, 28.508983111749913 ], [ 77.135810365354047, 28.504491555874957 ], [ 77.140926131833197, 28.504491555874957 ] ] ] } },
{ "type": "Feature", "properties": { "cell_id": 48, "lon": 77.143484015072772, "lat": 28.506737333812435 }, "geometry": { "type": "Polygon", "coordinates": [ [ [ 77.146041898312347, 28.504491555874957 ], [ 77.146041898312347, 28.508983111749913 ], [ 77.140926131833197, 28.508983111749913 ], [ 77.140926131833197, 28.504491555874957 ], [ 77.146041898312347, 28.504491555874957 ] ] ] } },
{ "type": "Feature", "properties": { "cell_id": 49, "lon": 77.148599781551923, "lat": 28.506737333812435 }, "geometry": { "type": "Polygon", "coordinates": [ [ [ 77.151157664791498, 28.504491555874957 ], [ 77.151157664791498, 28.508983111749913 ], [ 77.146041898312347, 28.508983111749913 ], [ 77.146041898312347, 28.504491555874957 ], [ 77.151157664791498, 28.504491555874957 ] ] ] } },
{ "type": "Feature", "properties": { "cell_id": 50, "lon": 77.153715548031073, "lat": 28.506737333812435 }, "geometry": { "type": "Polygon", "coordinates": [ [ [ 77.156273431270648, 28.504491555874957 ], [ 77.156273431270648, 28.508983111749913 ], [ 77.151157664791498, 28.508983111749913 ], [ 77.151157664791498, 28.504491555874957 ], [ 77.156273431270648, 28.504491555874957 ] ] ] } },
{ "type": "Feature", "properties": { "cell_id": 51, "lon": 77.158831314510223, "lat": 28.506737333812435 }, "geometry": { "type": "Polygon", "coordinates": [ [ [ 77.161389197749799, 28.504491555874957 ], [ 77.161389197749799, 28.508983111749913 ], [ 77.156273431270648, 28.508983111749913 ], [ 77.156273431270648, 28.504491555874957 ], [ 77.161389197749799, 28.504491555874957 ] ] ] } },
{ "type": "Feature", "properties": { "cell_id": 52, "lon": 77.163947080989374, "lat": 28.506737333812435 }, "geometry": { "type": "Polygon", "coordinates": [ [ [ 77.166504964228949, 28.504491555874957 ], [ 77.166504964228949, 28.508983111749913 ], [ 77.161389197749799, 28.508983111749913 ], [ 77.161389197749799, 28.504491555874957 ], [ 77.166504964228949, 28.504491555874957 ] ] ] } },
{ "type": "Feature", "properties": { "cell_id": 53, "lon": 77.169062847468524, "lat": 28.506737333812435 }, "geometry": { "type": "Polygon", "coordinates": [ [ [ 77.171620730708099, 28.504491555874957 ], [ 77.171620730708099, 28.508983111749913 ], [ 77.166504964228949, 28.508983111749913 ], [ 77.166504964228949, 28.504491555874957 ], [ 77.171620730708099, 28.504491555874957 ] ] ] } },
{ "type": "Feature", "properties": { "cell_id": 54, "lon": 77.174178613947674, "lat": 28.506737333812435 }, "geometry": { "type": "Polygon", "coordinates": [ [ [ 77.17673649718725, 28.504491555874957 ], [ 77.17673649718725, 28.508983111749913 ], [ 77.171620730708099, 28.508983111749913 ], [ 77.171620730708099, 28.504491555874957 ], [ 77.17673649718725, 28.504491555874957 ] ] ] } },
{ "type": "Feature", "properties": { "cell_id": 55, "lon": 77.179294380426825, "lat": 28.506737333812435 }, "geometry": { "type": "Polygon", "coordinates": [ [ [ 77.1818522636664, 28.504491555874957 ], [ 77.1818522636664, 28.508983111749913 ], [ 77.17673649718725, 28.508983111749913 ], [ 77.17673649718725, 28.504491555874957 ], [ 77.1818522636664, 28.504491555874957 ] ] ] } },
{ "type": "Feature", "properties": { "cell_id": 56, "lon": 77.184410146905975, "lat": 28.506737333812435 }, "geometry": { "type": "Polygon", "coordinates": [ [ [ 77.18696803014555, 28.504491555874957 ], [ 77.18696803014555, 28.508983111749913 ], [ 77.1818522636664, 28.508983111749913 ], [ 77.1818522636664, 28.504491555874957 ], [ 77.18696803014555, 28.504491555874957 ] ] ] } },
{ "type": "Feature", "properties": { "cell_id": 57, "lon": 77.189525913385125, "lat": 28.506737333812435 }, "geometry": { "type": "Polygon", "coordinates": [ [ [ 77.192083796624701, 28.504491555874957 ], [ 77.192083796624701, 28.508983111749913 ], [ 77.18696803014555, 28.508983111749913 ], [ 77.18696803014555, 28.504491555874957 ], [ 77.192083796624701, 28.504491555874957 ] ] ] } },
{ "type": "Feature", "properties": { "cell_id": 58, "lon": 77.194641679864276, "lat": 28.506737333812435 }, "geometry": { "type": "Polygon", "coordinates": [ [ [ 77.197199563103851, 28.504491555874957 ], [ 77.197199563103851, 28.508983111749913 ], [ 77.192083796624701, 28.508983111749913 ], [ 77.192083796624701, 28.504491555874957 ], [ 77.197199563103851, 28.504491555874957 ] ] ] } },
{ "type": "Feature", "properties": { "cell_id": 59, "lon": 77.199757446343426, "lat": 28.506737333812435 }, "geometry": { "type": "Polygon", "coordinates": [ [ [ 77.202315329583001, 28.504491555874957 ], [ 77.202315329583001, 28.508983111749913 ], [ 77.197199563103851, 28.508983111749913 ], [ 77.197199563103851, 28.504491555874957 ], [ 77.202315329583001, 28.504491555874957 ] ] ] } },
{ "type": "Feature", "properties": { "cell_id": 60, "lon": 77.204873212822577, "lat": 28.506737333812435 }, "geometry": { "type": "Polygon", "coordinates": [ [ [ 77.207431096062152, 28.504491555874957 ], [ 77.207431096062152, 28.508983111749913 ], [ 77.202315329583001, 28.508983111749913 ], [ 77.202315329583001, 28.504491555874957 ], [ 77.207431096062152, 28.504491555874957 ] ] ] } },
{ "type": "Feature", "properties": { "cell_id": 61, "lon": 77.209988979301727, "lat": 28.506737333812435 }, "geometry": { "type": "Polygon", "coordinates": [ [ [ 77.212546862541302, 28.504491555874957 ], [ 77.212546862541302, 28.508983111749913 ], [ 77.207431096062152, 28.508983111749913 ], [ 77.207431096062152, 28.504491555874957 ], [ 77.212546862541302, 28.504491555874957 ] ] ] } },
{ "type": "Feature", "properties": { "cell_id": 62, "lon": 77.215104745780877, "lat": 28.506737333812435 }, "geometry": { "type": "Polygon", "coordinates": [ [ [ 77.217662629020452, 28.504491555874957 ], [ 77.217662629020452, 28.508983111749913 ], [ 77.212546862541302, 28.508983111749913 ], [ 77.212546862541302, 28.504491555874957 ], [ 77.217662629020452, 28.504491555874957 ] ] ] } },
{ "type": "Feature", "properties": { "cell_id": 63, "lon": 77.220220512260028, "lat": 28.506737333812435 }, "geometry": { "type": "Polygon", "coordinates": [ [ [ 77.222778395499603, 28.504491555874957 ], [ 77.222778395499603, 28.508983111749913 ], [ 77.217662629020452, 28.508983111749913 ], [ 77.217662629020452, 28.504491555874957 ], [ 77.222778395499603, 28.504491555874957 ] ] ] } },
{ "type": "Feature", "properties": { "cell_id": 64, "lon": 77.225336278739178, "lat": 28.506737333812435 }, "geometry": { "type": "Polygon", "coordinates": [ [ [ 77.227894161978753, 28.504491555874957 ], [ 77.227894161978753, 28.508983111749913 ], [ 77.222778395499603, 28.508983111749913 ], [ 77.222778395499603, 28.504491555874957 ], [ 77.227894161978753, 28.504491555874957 ] ] ] } },
{ "type": "Feature", "properties": { "cell_id": 65, "lon": 77.230452045218328, "lat": 28.506737333812435 }, "geometry": { "type": "Polygon", "coordinates": [ [ [ 77.233009928457903, 28.504491555874957 ], [ 77.233009928457903, 28.508983111749913 ], [ 77.227894161978753, 28.508983111749913 ], [ 77.227894161978753, 28.504491555874957 ], [ 77.233009928457903, 28.504491555874957 ] ] ] } },
{ "type": "Feature", "properties": { "cell_id": 66, "lon": 77.235567811697479, "lat": 28.506737333812435 }, "geometry": { "type": "Polygon", "coordinates": [ [ [ 77.238125694937054, 28.504491555874957 ], [ 77.238125694937054, 28.508983111749913 ], [ 77.233009928457903, 28.508983111749913 ], [ 77.233009928457903, 28.504491555874957 ], [ 77.238125694937054, 28.504491555874957 ] ] ] } },
{ "type": "Feature", "properties": { "cell_id": 67, "lon": 77.240683578176629, "lat": 28.506737333812435 }, "geometry": { "type": "Polygon", "coordinates": [ [ [ 77.243241461416204, 28.504491555874957 ], [ 77.243241461416204, 28.508983111749913 ], [ 77.238125694937054, 28.508983111749913 ], [ 77.238125694937054, 28.504491555874957 ], [ 77.243241461416204, 28.504491555874957 ] ] ] } },
{ "type": "Feature", "properties": { "cell_id": 68, "lon": 77.245799344655779, "lat": 28.506737333812435 }, "geometry": { "type": "Polygon", "coordinates": [ [ [ 77.248357227895355, 28.504491555874957 ], [ 77.248357227895355, 28.508983111749913 ], [ 77.243241461416204, 28.508983111749913 ], [ 77.243241461416204, 28.504491555874957 ], [ 77.248357227895355, 28.504491555874957 ] ] ] } },
{ "type": "Feature", "properties": { "cell_id": 69, "lon": 77.25091511113493, "lat": 28.506737333812435 }, "geometry": { "type": "Polygon", "coordinates": [ [ [ 77.253472994374505, 28.504491555874957 ], [ 77.253472994374505, 28.508983111749913 ], [ 77.248357227895355, 28.508983111749913 ], [ 77.248357227895355, 28.504491555874957 ], [ 77.253472994374505, 28.504491555874957 ] ] ] } },
{ "type": "Feature", "properties": { "cell_id": 70, "lon": 77.25603087761408, "lat": 28.506737333812435 }, "geometry": { "type": "Polygon", "coordinates": [ [ [ 77.258588760853655, 28.504491555874957 ], [ 77.258588760853655, 28.508983111749913 ], [ 77.253472994374505, 28.508983111749913 ], [ 77.253472994374505, 28.504491555874957 ], [ 77.258588760853655, 28.504491555874957 ] ] ] } },
{ "type": "Feature", "properties": { "cell_id": 71, "lon": 77.26114664409323, "lat": 28.506737333812435 }, "geometry": { "type": "Polygon", "coordinates": [ [ [ 77.263704527332806, 28.504491555874957 ], [ 77.263704527332806, 28.508983111749913 ], [ 77.258588760853655, 28.508983111749913 ], [ 77.258588760853655, 28.504491555874957 ], [ 77.263704527332806, 28.504491555874957 ] ] ] } },
{ "type": "Feature", "properties": { "cell_id": 72, "lon": 77.266262410572381, "lat": 28.506737333812435 }, "geometry": { "type": "Polygon", "coordinates": [ [ [ 77.268820293811956, 28.504491555874957 ], [ 77.268820293811956, 28.508983111749913 ], [ 77.263704527332806, 28.508983111749913 ], [ 77.263704527332806, 28.504491555874957 ], [ 77.268820293811956, 28.504491555874957 ] ] ] } },
{ "type": "Feature", "properties": { "cell_id": 73, "lon": 77.271378177051531, "lat": 28.506737333812435 }, "geometry": { "type": "Polygon", "coordinates": [ [ [ 77.273936060291106, 28.504491555874957 ], [ 77.273936060291106, 28.508983111749913 ], [ 77.268820293811956, 28.508983111749913 ], [ 77.268820293811956, 28.504491555874957 ], [ 77.273936060291106, 28.504491555874957 ] ] ] } },
{ "type": "Feature", "properties": { "cell_id": 74, "lon": 77.276493943530681, "lat": 28.506737333812435 }, "geometry": { "type": "Polygon", "coordinates": [ [ [ 77.279051826770257, 28.504491555874957 ], [ 77.279051826770257, 28.508983111749913 ], [ 77.273936060291106, 28.508983111749913 ], [ 77.273936060291106, 28.504491555874957 ], [ 77.279051826770257, 28.504491555874957 ] ] ] } },
{ "type": "Feature", "properties": { "cell_id": 75, "lon": 77.281609710009832, "lat": 28.506737333812435 }, "geometry": { "type": "Polygon", "coordinates": [ [ [ 77.284167593249407, 28.504491555874957 ], [ 77.284167593249407, 28.508983111749913 ], [ 77.279051826770257, 28.508983111749913 ], [ 77.279051826770257, 28.504491555874957 ], [ 77.284167593249407, 28.504491555874957 ] ] ] } },
{ "type": "Feature", "properties": { "cell_id": 76, "lon": 77.286725476488982, "lat": 28.506737333812435 }, "geometry": { "type": "Polygon", "coordinates": [ [ [ 77.289283359728557, 28.504491555874957 ], [ 77.289283359728557, 28.508983111749913 ], [ 77.284167593249407, 28.508983111749913 ], [ 77.284167593249407, 28.504491555874957 ], [ 77.289283359728557, 28.504491555874957 ] ] ] } },
{ "type": "Feature", "properties": { "cell_id": 77, "lon": 77.291841242968133, "lat": 28.506737333812435 }, "geometry": { "type": "Polygon", "coordinates": [ [ [ 77.294399126207708, 28.504491555874957 ], [ 77.294399126207708, 28.508983111749913 ], [ 77.289283359728557, 28.508983111749913 ], [ 77.289283359728557, 28.504491555874957 ], [ 77.294399126207708, 28.504491555874957 ] ] ] } },
{ "type": "Feature", "properties": { "cell_id": 78, "lon": 77.296957009447283, "lat": 28.506737333812435 }, "geometry": { "type": "Polygon", "coordinates": [ [ [ 77.299514892686858, 28.504491555874957 ], [ 77.299514892686858, 28.508983111749913 ], [ 77.294399126207708, 28.508983111749913 ], [ 77.294399126207708, 28.504491555874957 ], [ 77.299514892686858, 28.504491555874957 ] ] ] } },
{ "type": "Feature", "properties": { "cell_id": 80, "lon": 77.102557883239569, "lat": 28.511228889687391 }, "geometry": { "type": "Polygon", "coordinates": [ [ [ 77.105115766479145, 28.508983111749913 ], [ 77.105115766479145, 28.51347466762487 ], [ 77.1, 28.51347466762487 ], [ 77.1, 28.508983111749913 ], [ 77.105115766479145, 28.508983111749913 ] ] ] } },
{ "type": "Feature", "properties": { "cell_id": 81, "lon": 77.10767364971872, "lat": 28.511228889687391 }, "geometry": { "type": "Polygon", "coordinates": [ [ [ 77.110231532958295, 28.508983111749913 ], [ 77.110231532958295, 28.51347466762487 ], [ 77.105115766479145, 28.51347466762487 ], [ 77.105115766479145, 28.508983111749913 ], [ 77.110231532958295, 28.508983111749913 ] ] ] } },
{ "type": "Feature", "properties": { "cell_id": 82, "lon": 77.11278941619787, "lat": 28.511228889687391 }, "geometry": { "type": "Polygon", "coordinates": [ [ [ 77.115347299437445, 28.508983111749913 ], [ 77.115347299437445, 28.51347466762487 ], [ 77.110231532958295, 28.51347466762487 ], [ 77.110231532958295, 28.508983111749913 ], [ 77.115347299437445, 28.508983111749913 ] ] ] } },
{ "type": "Feature", "properties": { "cell_id": 83, "lon": 77.117905182677021, "lat": 28.511228889687391 }, "geometry": { "type": "Polygon", "coordinates": [ [ [ 77.120463065916596, 28.508983111749913 ], [ 77.120463065916596, 28.51347466762487 ], [ 77.115347299437445, 28.51347466762487 ], [ 77.115347299437445, 28.508983111749913 ], [ 77.120463065916596, 28.508983111749913 ] ] ] } },
{ "type": "Feature", "properties": { "cell_id": 84, "lon": 77.123020949156171, "lat": 28.511228889687391 }, "geometry": { "type": "Polygon", "coordinates": [ [ [ 77.125578832395746, 28.508983111749913 ], [ 77.125578832395746, 28.51347466762487 ], [ 77.120463065916596, 28.51347466762487 ], [ 77.120463065916596, 28.508983111749913 ], [ 77.125578832395746, 28.508983111749913 ] ] ] } },
{ "type": "Feature", "properties": { "cell_id": 85, "lon": 77.128136715635321, "lat": 28.511228889687391 }, "geometry": { "type": "Polygon", "coordinates": [ [ [ 77.130694598874896, 28.508983111749913 ], [ 77.130694598874896, 28.51347466762487 ], [ 77.125578832395746, 28.51347466762487 ], [ 77.125578832395746, 28.508983111749913 ], [ 77.130694598874896, 28.508983111749913 ] ] ] } },
{ "type": "Feature", "properties": { "cell_id": 86, "lon": 77.133252482114472, "lat": 28.511228889687391 }, "geometry": { "type": "Polygon", "coordinates": [ [ [ 77.135810365354047, 28.508983111749913 ], [ 77.135810365354047, 28.51347466762487 ], [ 77.130694598874896, 28.51347466762487 ], [ 77.130694598874896, 28.508983111749913 ], [ 77.135810365354047, 28.508983111749913 ] ] ] } },
{ "type": "Feature", "properties": { "cell_id": 87, "lon": 77.138368248593622, "lat": 28.511228889687391 }, "geometry": { "type": "Polygon", "coordinates": [ [ [ 77.140926131833197, 28.508983111749913 ], [ 77.140926131833197, 28.51347466762487 ], [ 77.135810365354047, 28.51347466762487 ], [ 77.135810365354047, 28.508983111749913 ], [ 77.140926131833197, 28.508983111749913 ] ] ] } },
{ "type": "Feature", "properties": { "cell_id": 88, "lon": 77.143484015072772, "lat": 28.511228889687391 }, "geometry": { "type": "Polygon", "coordinates": [ [ [ 77.146041898312347, 28.508983111749913 ], [ 77.146041898312347, 28.51347466762487 ], [ 77.140926131833197, 28.51347466762487 ], [ 77.140926131833197, 28.508983111749913 ], [ 77.146041898312347, 28.508983111749913 ] ] ] } },
{ "type": "Feature", "properties": { "cell_id": 89, "lon": 77.148599781551923, "lat": 28.511228889687391 }, "geometry": { "type": "Polygon", "coordinates": [ [ [ 77.151157664791498, 28.508983111749913 ], [ 77.151157664791498, 28.51347466762487 ], [ 77.146041898312347, 28.51347466762487 ], [ 77.146041898312347, 28.508983111749913 ], [ 77.151157664791498, 28.508983111749913 ] ] ] } },
{ "type": "Feature", "properties": { "cell_id": 90, "lon": 77.153715548031073, "lat": 28.511228889687391 }, "geometry": { "type": "Polygon", "coordinates": [ [ [ 77.156273431270648, 28.508983111749913 ], [ 77.156273431270648, 28.51347466762487 ], [ 77.151157664791498, 28.51347466762487 ], [ 77.151157664791498, 28.508983111749913 ], [ 77.156273431270648, 28.508983111749913 ] ] ] } },
{ "type": "Feature", "properties": { "cell_id": 91, "lon": 77.158831314510223, "lat": 28.511228889687391 }, "geometry": { "type": "Polygon", "coordinates": [ [ [ 77.161389197749799, 28.508983111749913 ], [ 77.161389197749799, 28.51347466762487 ], [ 77.156273431270648, 28.51347466762487 ], [ 77.156273431270648, 28.508983111749913 ], [ 77.161389197749799, 28.508983111749913 ] ] ] } },
{ "type": "Feature", "properties": { "cell_id": 92, "lon": 77.163947080989374, "lat": 28.511228889687391 }, "geometry": { "type": "Polygon", "coordinates": [ [ [ 77.166504964228949, 28.508983111749913 ], [ 77.166504964228949, 28.51347466762487 ], [ 77.161389197749799, 28.51347466762487 ], [ 77.161389197749799, 28.508983111749913 ], [ 77.166504964228949, 28.508983111749913 ] ] ] } },
{ "type": "Feature", "properties": { "cell_id": 93, "lon": 77.169062847468524, "lat": 28.511228889687391 }, "geometry": { "type": "Polygon", "coordinates": [ [ [ 77.171620730708099, 28.508983111749913 ], [ 77.171620730708099, 28.51347466762487 ], [ 77.166504964228949, 28.51347466762487 ], [ 77.166504964228949, 28.508983111749913 ], [ 77.171620730708099, 28.508983111749913 ] ] ] } },
{ "type": "Feature", "properties": { "cell_id": 94, "lon": 77.174178613947674, "lat": 28.511228889687391 }, "geometry": { "type": "Polygon", "coordinates": [ [ [ 77.17673649718725, 28.508983111749913 ], [ 77.17673649718725, 28.51347466762487 ], [ 77.171620730708099, 28.51347466762487 ], [ 77.171620730708099, 28.508983111749913 ], [ 77.17673649718725, 28.508983111749913 ] ] ] } },
{ "type": "Feature", "properties": { "cell_id": 95, "lon": 77.179294380426825, "lat": 28.511228889687391 }, "geometry": { "type": "Polygon", "coordinates": [ [ [ 77.1818522636664, 28.508983111749913 ], [ 77.1818522636664, 28.51347466762487 ], [ 77.17673649718725, 28.51347466762487 ], [ 77.17673649718725, 28.508983111749913 ], [ 77.1818522636664, 28.508983111749913 ] ] ] } },
{ "type": "Feature", "properties": { "cell_id": 96, "lon": 77.184410146905975, "lat": 28.511228889687391 }, "geometry": { "type": "Polygon", "coordinates": [ [ [ 77.18696803014555, 28.508983111749913 ], [ 77.18696803014555, 28.51347466762487 ], [ 77.1818522636664, 28.51347466762487 ], [ 77.1818522636664, 28.508983111749913 ], [ 77.18696803014555, 28.508983111749913 ] ] ] } },
{ "type": "Feature", "properties": { "cell_id": 97, "lon": 77.189525913385125, "lat": 28.511228889687391 }, "geometry": { "type": "Polygon", "coordinates": [ [ [ 77.192083796624701, 28.508983111749913 ], [ 77.192083796624701, 28.51347466762487 ], [ 77.18696803014555, 28.51347466762487 ], [ 77.18696803014555, 28.508983111749913 ], [ 77.192083796624701, 28.508983111749913 ] ] ] } },
{ "type": "Feature", "properties": { "cell_id": 98, "lon": 77.194641679864276, "lat": 28.511228889687391 }, "geometry": { "type": "Polygon", "coordinates": [ [ [ 77.197199563103851, 28.508983111749913 ], [ 77.197199563103851, 28.51347466762487 ], [ 77.192083796624701, 28.51347466762487 ], [ 77.192083796624701, 28.508983111749913 ], [ 77.197199563103851, 28.508983111749913 ] ] ] } },
{ "type": "Feature", "properties": { "cell_id": 99, "lon": 77.199757446343426, "lat": 28.511228889687391 }, "geometry": { "type": "Polygon", "coordinates": [ [ [ 77.202315329583001, 28.508983111749913 ], [ 77.202315329583001, 28.51347466762487 ], [ 77.197199563103851, 28.51347466762487 ], [ 77.197199563103851, 28.508983111749913 ], [ 77.202315329583001, 28.508983111749913 ] ] ] } },
{ "type": "Feature", "properties": { "cell_id": 100, "lon": 77.204873212822577, "lat": 28.511228889687391 }, "geometry": { "type": "Polygon", "coordinates": [ [ [ 77.207431096062152, 28.508983111749913 ], [ 77.207431096062152, 28.51347466762487 ], [ 77.202315329583001, 28.51347466762487 ], [ 77.202315329583001, 28.508983111749913 ], [ 77.207431096062152, 28.508983111749913 ] ] ] } },
{ "type": "Feature", "properties": { "cell_id": 101, "lon": 77.209988979301727, "lat": 28.511228889687391 }, "geometry": { "type": "Polygon", "coordinates": [ [ [ 77.212546862541302, 28.508983111749913 ], [ 77.212546862541302, 28.51347466762487 ], [ 77.207431096062152, 28.51347466762487 ], [ 77.207431096062152, 28.508983111749913 ], [ 77.212546862541302, 28.508983111749913 ] ] ] } },
{ "type": "Feature", "properties": { "cell_id": 102, "lon": 77.215104745780877, "lat": 28.511228889687391 }, "geometry": { "type": "Polygon", "coordinates": [ [ [ 77.217662629020452, 28.508983111749913 ], [ 77.217662629020452, 28.51347466762487 ], [ 77.212546862541302, 28.51347466762487 ], [ 77.212546862541302, 28.508983111749913 ], [ 77.217662629020452, 28.508983111749913 ] ] ] } },
{ "type": "Feature", "properties": { "cell_id": 103, "lon": 77.220220512260028, "lat": 28.511228889687391 }, "geometry": { "type": "Polygon", "coordinates": [ [ [ 77.222778395499603, 28.508983111749913 ], [ 77.222778395499603, 28.51347466762487 ], [ 77.217662629020452, 28.51347466762487 ], [ 77.217662629020452, 28.508983111749913 ], [ 77.222778395499603, 28.508983111749913 ] ] ] } },
{ "type": "Feature", "properties": { "cell_id": 104, "lon": 77.225336278739178, "lat": 28.511228889687391 }, "geometry": { "type": "Polygon", "coordinates": [ [ [ 77.227894161978753, 28.508983111749913 ], [ 77.227894161978753, 28.51347466762487 ], [ 77.222778395499603, 28.51347466762487 ], [ 77.222778395499603, 28.508983111749913 ], [ 77.227894161978753, 28.508983111749913 ] ] ] } },
{ "type": "Feature", "properties": { "cell_id": 105, "lon": 77.230452045218328, "lat": 28.511228889687391 }, "geometry": { "type": "Polygon", "coordinates": [ [ [ 77.233009928457903, 28.508983111749913 ], [ 77.233009928457903, 28.51347466762487 ], [ 77.227894161978753, 28.51347466762487 ], [ 77.227894161978753, 28.508983111749913 ], [ 77.233009928457903, 28.508983111749913 ] ] ] } },
{ "type": "Feature", "properties": { "cell_id": 106, "lon": 77.235567811697479, "lat": 28.511228889687391 }, "geometry": { "type": "Polygon", "coordinates": [ [ [ 77.238125694937054, 28.508983111749913 ], [ 77.238125694937054, 28.51347466762487 ], [ 77.233009928457903, 28.51347466762487 ], [ 77.233009928457903, 28.508983111749913 ], [ 77.238125694937054, 28.508983111749913 ] ] ] } },
{ "type": "Feature", "properties": { "cell_id": 107, "lon": 77.240683578176629, "lat": 28.511228889687391 }, "geometry": { "type": "Polygon", "coordinates": [ [ [ 77.243241461416204, 28.508983111749913 ], [ 77.243241461416204, 28.51347466762487 ], [ 77.238125694937054, 28.51347466762487 ], [ 77.238125694937054, 28.508983111749913 ], [ 77.243241461416204, 28.508983111749913 ] ] ] } },
{ "type": "Feature", "properties": { "cell_id": 108, "lon": 77.245799344655779, "lat": 28.511228889687391 }, "geometry": { "type": "Polygon", "coordinates": [ [ [ 77.248357227895355, 28.508983111749913 ], [ 77.248357227895355, 28.51347466762487 ], [ 77.243241461416204, 28.51347466762487 ], [ 77.243241461416204, 28.508983111749913 ], [ 77.248357227895355, 28.508983111749913 ] ] ] } },
{ "type": "Feature", "properties": { "cell_id": 109, "lon": 77.25091511113493, "lat": 28.511228889687391 }, "geometry": { "type": "Polygon", "coordinates": [ [ [ 77.253472994374505, 28.508983111749913 ], [ 77.253472994374505, 28.51347466762487 ], [ 77.248357227895355, 28.51347466762487 ], [ 77.248357227895355, 28.508983111749913 ], [ 77.253472994374505, 28.508983111749913 ] ] ] } },
{ "type": "Feature", "properties": { "cell_id": 110, "lon": 77.25603087761408, "lat": 28.511228889687391 }, "geometry": { "type": "Polygon", "coordinates": [ [ [ 77.258588760853655, 28.508983111749913 ], [ 77.258588760853655, 28.51347466762487 ], [ 77.253472994374505, 28.51347466762487 ], [ 77.253472994374505, 28.508983111749913 ], [ 77.258588760853655, 28.508983111749913 ] ] ] } },
{ "type": "Feature", "properties": { "cell_id": 111, "lon": 77.26114664409323, "lat": 28.511228889687391 }, "geometry": { "type": "Polygon", "coordinates": [ [ [ 77.263704527332806, 28.508983111749913 ], [ 77.263704527332806, 28.51347466762487 ], [ 77.258588760853655, 28.51347466762487 ], [ 77.258588760853655, 28.508983111749913 ], [ 77.263704527332806, 28.508983111749913 ] ] ] } },
{ "type": "Feature", "properties": { "cell_id": 112, "lon": 77.266262410572381, "lat": 28.511228889687391 }, "geometry": { "type": "Polygon", "coordinates": [ [ [ 77.268820293811956, 28.508983111749913 ], [ 77.268820293811956, 28.51347466762487 ], [ 77.263704527332806, 28.51347466762487 ], [ 77.263704527332806, 28.508983111749913 ], [ 77.268820293811956, 28.508983111749913 ] ] ] } },
{ "type": "Feature", "properties": { "cell_id": 113, "lon": 77.271378177051531, "lat": 28.511228889687391 }, "geometry": { "type": "Polygon", "coordinates": [ [ [ 77.273936060291106, 28.508983111749913 ], [ 77.273936060291106, 28.51347466762487 ], [ 77.268820293811956, 28.51347466762487 ], [ 77.268820293811956, 28.508983111749913 ], [ 77.273936060291106, 28.508983111749913 ] ] ] } },
{ "type": "Feature", "properties": { "cell_id": 114, "lon": 77.276493943530681, "lat": 28.511228889687391 }, "geometry": { "type": "Polygon", "coordinates": [ [ [ 77.279051826770257, 28.508983111749913 ], [ 77.279051826770257, 28.51347466762487 ], [ 77.273936060291106, 28.51347466762487 ], [ 77.273936060291106, 28.508983111749913 ], [ 77.279051826770257, 28.508983111749913 ] ] ] } },
{ "type": "Feature", "properties": { "cell_id": 115, "lon": 77.281609710009832, "lat": 28.511228889687391 }, "geometry": { "type": "Polygon", "coordinates": [ [ [ 77.284167593249407, 28.508983111749913 ], [ 77.284167593249407, 28.51347466762487 ], [ 77.279051826770257, 28.51347466762487 ], [ 77.279051826770257, 28.508983111749913 ], [ 77.284167593249407, 28.508983111749913 ] ] ] } },
{ "type": "Feature", "properties": { "cell_id": 116, "lon": 77.286725476488982, "lat": 28.511228889687391 }, "geometry": { "type": "Polygon", "coordinates": [ [ [ 77.289283359728557, 28.508983111749913 ], [ 77.289283359728557, 28.51347466762487 ], [ 77.284167593249407, 28.51347466762487 ], [ 77.284167593249407, 28.508983111749913 ], [ 77.289283359728557, 28.508983111749913 ] ] ] } },
{ "type": "Feature", "properties": { "cell_id": 117, "lon": 77.291841242968133, "lat": 28.511228889687391 }, "geometry": { "type": "Polygon", "coordinates": [ [ [ 77.294399126207708, 28.508983111749913 ], [ 77.294399126207708, 28.51347466762487 ], [ 77.289283359728557, 28.51347466762487 ], [ 77.289283359728557, 28.508983111749913 ], [ 77.294399126207708, 28.508983111749913 ] ] ] } },
{ "type": "Feature", "properties": { "cell_id": 118, "lon": 77.296957009447283, "lat": 28.511228889687391 }, "geometry": { "type": "Polygon", "coordinates": [ [ [ 77.299514892686858, 28.508983111749913 ], [ 77.299514892686858, 28.51347466762487 ], [ 77.294399126207708, 28.51347466762487 ], [ 77.294399126207708, 28.508983111749913 ], [ 77.299514892686858, 28.508983111749913 ] ] ] } },
{ "type": "Feature", "properties": { "cell_id": 120, "lon": 77.102557883239569, "lat": 28.515720445562348 }, "geometry": { "type": "Polygon", "coordinates": [ [ [ 77.105115766479145, 28.51347466762487 ], [ 77.105115766479145, 28.517966223499826 ], [ 77.1, 28.517966223499826 ], [ 77.1, 28.51347466762487 ], [ 77.105115766479145, 28.51347466762487 ] ] ] } },
{ "type": "Feature", "properties": { "cell_id": 121, "lon": 77.10767364971872, "lat": 28.515720445562348 }, "geometry": { "type": "Polygon", "coordinates": [ [ [ 77.110231532958295, 28.51347466762487 ], [ 77.110231532958295, 28.517966223499826 ], [ 77.105115766479145, 28.517966223499826 ], [ 77.105115766479145, 28.51347466762487 ], [ 77.110231532958295, 28.51347466762487 ] ] ] } },
{ "type": "Feature", "properties": { "cell_id": 122, "lon": 77.11278941619787, "lat": 28.515720445562348 }, "geometry": { "type": "Polygon", "coordinates": [ [ [ 77.115347299437445, 28.51347466762487 ], [ 77.115347299437445, 28.517966223499826 ], [ 77.110231532958295, 28.517966223499826 ], [ 77.110231532958295, 28.51347466762487 ], [ 77.115347299437445, 28.51347466762487 ] ] ] } },
{ "type": "Feature", "properties": { "cell_id": 123, "lon": 77.117905182677021, "lat": 28.515720445562348 }, "geometry": { "type": "Polygon", "coordinates": [ [ [ 77.120463065916596, 28.51347466762487 ], [ 77.120463065916596, 28.517966223499826 ], [ 77.115347299437445, 28.517966223499826 ], [ 77.115347299437445, 28.51347466762487 ], [ 77.120463065916596, 28.51347466762487 ] ] ] } },
{ "type": "Feature", "properties": { "cell_id": 124, "lon": 77.123020949156171, "lat": 28.515720445562348 }, "geometry": { "type": "Polygon", "coordinates": [ [ [ 77.125578832395746, 28.51347466762487 ], [ 77.125578832395746, 28.517966223499826 ], [ 77.120463065916596, 28.517966223499826 ], [ 77.120463065916596, 28.51347466762487 ], [ 77.125578832395746, 28.51347466762487 ] ] ] } },
{ "type": "Feature", "properties": { "cell_id": 125, "lon": 77.128136715635321, "lat": 28.515720445562348 }, "geometry": { "type": "Polygon", "coordinates": [ [ [ 77.130694598874896, 28.51347466762487 ], [ 77.130694598874896, 28.517966223499826 ], [ 77.125578832395746, 28.517966223499826 ], [ 77.125578832395746, 28.51347466762487 ], [ 77.130694598874896, 28.51347466762487 ] ] ] } },
{ "type": "Feature", "properties": { "cell_id": 126, "lon": 77.133252482114472, "lat": 28.515720445562348 }, "geometry": { "type": "Polygon", "coordinates": [ [ [ 77.135810365354047, 28.51347466762487 ], [ 77.135810365354047, 28.517966223499826 ], [ 77.130694598874896, 28.517966223499826 ], [ 77.130694598874896, 28.51347466762487 ], [ 77.135810365354047, 28.51347466762487 ] ] ] } },
{ "type": "Feature", "properties": { "cell_id": 127, "lon": 77.138368248593622, "lat": 28.515720445562348 }, "geometry": { "type": "Polygon", "coordinates": [ [ [ 77.140926131833197, 28.51347466762487 ], [ 77.140926131833197, 28.517966223499826 ], [ 77.135810365354047, 28.517966223499826 ], [ 77.135810365354047, 28.51347466762487 ], [ 77.140926131833197, 28.51347466762487 ] ] ] } },
{ "type": "Feature", "properties": { "cell_id": 128, "lon": 77.143484015072772, "lat": 28.515720445562348 }, "geometry": { "type": "Polygon", "coordinates": [ [ [ 77.146041898312347, 28.51347466762487 ], [ 77.146041898312347, 28.517966223499826 ], [ 77.140926131833197, 28.517966223499826 ], [ 77.140926131833197, 28.51347466762487 ], [ 77.146041898312347, 28.51347466762487 ] ] ] } },
{ "type": "Feature", "properties": { "cell_id": 129, "lon": 77.148599781551923, "lat": 28.515720445562348 }, "geometry": { "type": "Polygon", "coordinates": [ [ [ 77.151157664791498, 28.51347466762487 ], [ 77.151157664791498, 28.517966223499826 ], [ 77.146041898312347, 28.517966223499826 ], [ 77.146041898312347, 28.51347466762487 ], [ 77.151157664791498, 28.51347466762487 ] ] ] } },
{ "type": "Feature", "properties": { "cell_id": 130, "lon": 77.153715548031073, "lat": 28.515720445562348 }, "geometry": { "type": "Polygon", "coordinates": [ [ [ 77.156273431270648, 28.51347466762487 ], [ 77.156273431270648, 28.517966223499826 ], [ 77.151157664791498, 28.517966223499826 ], [ 77.151157664791498, 28.51347466762487 ], [ 77.156273431270648, 28.51347466762487 ] ] ] } },
{ "type": "Feature", "properties": { "cell_id": 131, "lon": 77.158831314510223, "lat": 28.515720445562348 }, "geometry": { "type": "Polygon", "coordinates": [ [ [ 77.161389197749799, 28.51347466762487 ], [ 77.161389197749799, 28.517966223499826 ], [ 77.156273431270648, 28.517966223499826 ], [ 77.156273431270648, 28.51347466762487 ], [ 77.161389197749799, 28.51347466762487 ] ] ] } },
{ "type": "Feature", "properties": { "cell_id": 132, "lon": 77.163947080989374, "lat": 28.515720445562348 }, "geometry": { "type": "Polygon", "coordinates": [ [ [ 77.166504964228949, 28.51347466762487 ], [ 77.166504964228949, 28.517966223499826 ], [ 77.161389197749799, 28.517966223499826 ], [ 77.161389197749799, 28.51347466762487 ], [ 77.166504964228949, 28.51347466762487 ] ] ] } },
{ "type": "Feature", "properties": { "cell_id": 133, "lon": 77.169062847468524, "lat": 28.515720445562348 }, "geometry": { "type": "Polygon", "coordinates": [ [ [ 77.171620730708099, 28.51347466762487 ], [ 77.171620730708099, 28.517966223499826 ], [ 77.166504964228949, 28.517966223499826 ], [ 77.166504964228949, 28.51347466762487 ], [ 77.171620730708099, 28.51347466762487 ] ] ] } },
{ "type": "Feature", "properties": { "cell_id": 134, "lon": 77.174178613947674, "lat": 28.515720445562348 }, "geometry": { "type": "Polygon", "coordinates": [ [ [ 77.17673649718725, 28.51347466762487 ], [ 77.17673649718725, 28.517966223499826 ], [ 77.171620730708099, 28.517966223499826 ], [ 77.171620730708099, 28.51347466762487 ], [ 77.17673649718725, 28.51347466762487 ] ] ] } },
{ "type": "Feature", "properties": { "cell_id": 135, "lon": 77.179294380426825, "lat": 28.515720445562348 }, "geometry": { "type": "Polygon", "coordinates": [ [ [ 77.1818522636664, 28.51347466762487 ], [ 77.1818522636664, 28.517966223499826 ], [ 77.17673649718725, 28.517966223499826 ], [ 77.17673649718725, 28.51347466762487 ], [ 77.1818522636664, 28.51347466762487 ] ] ] } },
{ "type": "Feature", "properties": { "cell_id": 136, "lon": 77.184410146905975, "lat": 28.515720445562348 }, "geometry": { "type": "Polygon", "coordinates": [ [ [ 77.18696803014555, 28.51347466762487 ], [ 77.18696803014555, 28.517966223499826 ], [ 77.1818522636664, 28.517966223499826 ], [ 77.1818522636664, 28.51347466762487 ], [ 77.18696803014555, 28.51347466762487 ] ] ] } },
{ "type": "Feature", "properties": { "cell_id": 137, "lon": 77.189525913385125, "lat": 28.515720445562348 }, "geometry": { "type": "Polygon", "coordinates": [ [ [ 77.192083796624701, 28.51347466762487 ], [ 77.192083796624701, 28.517966223499826 ], [ 77.18696803014555, 28.517966223499826 ], [ 77.18696803014555, 28.51347466762487 ], [ 77.192083796624701, 28.51347466762487 ] ] ] } },
{ "type": "Feature", "properties": { "cell_id": 138, "lon": 77.194641679864276, "lat": 28.515720445562348 }, "geometry": { "type": "Polygon", "coordinates": [ [ [ 77.197199563103851, 28.51347466762487 ], [ 77.197199563103851, 28.517966223499826 ], [ 77.192083796624701, 28.517966223499826 ], [ 77.192083796624701, 28.51347466762487 ], [ 77.197199563103851, 28.51347466762487 ] ] ] } },
{ "type": "Feature", "properties": { "cell_id": 139, "lon": 77.199757446343426, "lat": 28.515720445562348 }, "geometry": { "type": "Polygon", "coordinates": [ [ [ 77.202315329583001, 28.51347466762487 ], [ 77.202315329583001, 28.517966223499826 ], [ 77.197199563103851, 28.517966223499826 ], [ 77.197199563103851, 28.51347466762487 ], [ 77.202315329583001, 28.51347466762487 ] ] ] } },
{ "type": "Feature", "properties": { "cell_id": 140, "lon": 77.204873212822577, "lat": 28.515720445562348 }, "geometry": { "type": "Polygon", "coordinates": [ [ [ 77.207431096062152, 28.51347466762487 ], [ 77.207431096062152, 28.517966223499826 ], [ 77.202315329583001, 28.517966223499826 ], [ 77.202315329583001, 28.51347466762487 ], [ 77.207431096062152, 28.51347466762487 ] ] ] } },
{ "type": "Feature", "properties": { "cell_id": 141, "lon": 77.209988979301727, "lat": 28.515720445562348 }, "geometry": { "type": "Polygon", "coordinates": [ [ [ 77.212546862541302, 28.51347466762487 ], [ 77.212546862541302, 28.517966223499826 ], [ 77.207431096062152, 28.517966223499826 ], [ 77.207431096062152, 28.51347466762487 ], [ 77.212546862541302, 28.51347466762487 ] ] ] } },
{ "type": "Feature", "properties": { "cell_id": 142, "lon": 77.215104745780877, "lat": 28.515720445562348 }, "geometry": { "type": "Polygon", "coordinates": [ [ [ 77.217662629020452, 28.51347466762487 ], [ 77.217662629020452, 28.517966223499826 ], [ 77.212546862541302, 28.517966223499826 ], [ 77.212546862541302, 28.51347466762487 ], [ 77.217662629020452, 28.51347466762487 ] ] ] } },
{ "type": "Feature", "properties": { "cell_id": 143, "lon": 77.220220512260028, "lat": 28.515720445562348 }, "geometry": { "type": "Polygon", "coordinates": [ [ [ 77.222778395499603, 28.51347466762487 ], [ 77.222778395499603, 28.517966223499826 ], [ 77.217662629020452, 28.517966223499826 ], [ 77.217662629020452, 28.51347466762487 ], [ 77.222778395499603, 28.51347466762487 ] ] ] } },
{ "type": "Feature", "properties": { "cell_id": 144, "lon": 77.225336278739178, "lat": 28.515720445562348 }, "geometry": { "type": "Polygon", "coordinates": [ [ [ 77.227894161978753, 28.51347466762487 ], [ 77.227894161978753, 28.517966223499826 ], [ 77.222778395499603, 28.517966223499826 ], [ 77.222778395499603, 28.51347466762487 ], [ 77.227894161978753, 28.51347466762487 ] ] ] } },
{ "type": "Feature", "properties": { "cell_id": 145, "lon": 77.230452045218328, "lat": 28.515720445562348 }, "geometry": { "type": "Polygon", "coordinates": [ [ [ 77.233009928457903, 28.51347466762487 ], [ 77.233009928457903, 28.517966223499826 ], [ 77.227894161978753, 28.517966223499826 ], [ 77.227894161978753, 28.51347466762487 ], [ 77.233009928457903, 28.51347466762487 ] ] ] } },
{ "type": "Feature", "properties": { "cell_id": 146, "lon": 77.235567811697479, "lat": 28.515720445562348 }, "geometry": { "type": "Polygon", "coordinates": [ [ [ 77.238125694937054, 28.51347466762487 ], [ 77.238125694937054, 28.517966223499826 ], [ 77.233009928457903, 28.517966223499826 ], [ 77.233009928457903, 28.51347466762487 ], [ 77.238125694937054, 28.51347466762487 ] ] ] } },
{ "type": "Feature", "properties": { "cell_id": 147, "lon": 77.240683578176629, "lat": 28.515720445562348 }, "geometry": { "type": "Polygon", "coordinates": [ [ [ 77.243241461416204, 28.51347466762487 ], [ 77.243241461416204, 28.517966223499826 ], [ 77.238125694937054, 28.517966223499826 ], [ 77.238125694937054, 28.51347466762487 ], [ 77.243241461416204, 28.51347466762487 ] ] ] } },
{ "type": "Feature", "properties": { "cell_id": 148, "lon": 77.245799344655779, "lat": 28.515720445562348 }, "geometry": { "type": "Polygon", "coordinates": [ [ [ 77.248357227895355, 28.51347466762487 ], [ 77.248357227895355, 28.517966223499826 ], [ 77.243241461416204, 28.517966223499826 ], [ 77.243241461416204, 28.51347466762487 ], [ 77.248357227895355, 28.51347466762487 ] ] ] } },
{ "type": "Feature", "properties": { "cell_id": 149, "lon": 77.25091511113493, "lat": 28.515720445562348 }, "geometry": { "type": "Polygon", "coordinates": [ [ [ 77.253472994374505, 28.51347466762487 ], [ 77.253472994374505, 28.517966223499826 ], [ 77.248357227895355, 28.517966223499826 ], [ 77.248357227895355, 28.51347466762487 ], [ 77.253472994374505, 28.51347466762487 ] ] ] } },
{ "type": "Feature", "properties": { "cell_id": 150, "lon": 77.25603087761408, "lat": 28.515720445562348 }, "geometry": { "type": "Polygon", "coordinates": [ [ [ 77.258588760853655, 28.51347466762487 ], [ 77.258588760853655, 28.517966223499826 ], [ 77.253472994374505, 28.517966223499826 ], [ 77.253472994374505, 28.51347466762487 ], [ 77.258588760853655, 28.51347466762487 ] ] ] } },
{ "type": "Feature", "properties": { "cell_id": 151, "lon": 77.26114664409323, "lat": 28.515720445562348 }, "geometry": { "type": "Polygon", "coordinates": [ [ [ 77.263704527332806, 28.51347466762487 ], [ 77.263704527332806, 28.517966223499826 ], [ 77.258588760853655, 28.517966223499826 ], [ 77.258588760853655, 28.51347466762487 ], [ 77.263704527332806, 28.51347466762487 ] ] ] } },
{ "type": "Feature", "properties": { "cell_id": 152, "lon": 77.266262410572381, "lat": 28.515720445562348 }, "geometry": { "type": "Polygon", "coordinates": [ [ [ 77.268820293811956, 28.51347466762487 ], [ 77.268820293811956, 28.517966223499826 ], [ 77.263704527332806, 28.517966223499826 ], [ 77.263704527332806, 28.51347466762487 ], [ 77.268820293811956, 28.51347466762487 ] ] ] } },
{ "type": "Feature", "properties": { "cell_id": 153, "lon": 77.271378177051531, "lat": 28.515720445562348 }, "geometry": { "type": "Polygon", "coordinates": [ [ [ 77.273936060291106, 28.51347466762487 ], [ 77.273936060291106, 28.517966223499826 ], [ 77.268820293811956, 28.517966223499826 ], [ 77.268820293811956, 28.51347466762487 ], [ 77.273936060291106, 28.51347466762487 ] ] ] } },
{ "type": "Feature", "properties": { "cell_id": 154, "lon": 77.276493943530681, "lat": 28.515720445562348 }, "geometry": { "type": "Polygon", "coordinates": [ [ [ 77.279051826770257, 28.51347466762487 ], [ 77.279051826770257, 28.517966223499826 ], [ 77.273936060291106, 28.517966223499826 ], [ 77.273936060291106, 28.51347466762487 ], [ 77.279051826770257, 28.51347466762487 ] ] ] } },
{ "type": "Feature", "properties": { "cell_id": 155, "lon": 77.281609710009832, "lat": 28.515720445562348 }, "geometry": { "type": "Polygon", "coordinates": [ [ [ 77.284167593249407, 28.51347466762487 ], [ 77.284167593249407, 28.517966223499826 ], [ 77.279051826770257, 28.517966223499826 ], [ 77.279051826770257, 28.51347466762487 ], [ 77.284167593249407, 28.51347466762487 ] ] ] } },
{ "type": "Feature", "properties": { "cell_id": 156, "lon": 77.286725476488982, "lat": 28.515720445562348 }, "geometry": { "type": "Polygon", "coordinates": [ [ [ 77.289283359728557, 28.51347466762487 ], [ 77.289283359728557, 28.517966223499826 ], [ 77.284167593249407, 28.517966223499826 ], [ 77.284167593249407, 28.51347466762487 ], [ 77.289283359728557, 28.51347466762487 ] ] ] } },
{ "type": "Feature", "properties": { "cell_id": 157, "lon": 77.291841242968133, "lat": 28.515720445562348 }, "geometry": { "type": "Polygon", "coordinates": [ [ [ 77.294399126207708, 28.51347466762487 ], [ 77.294399126207708, 28.517966223499826 ], [ 77.289283359728557, 28.517966223499826 ], [ 77.289283359728557, 28.51347466762487 ], [ 77.294399126207708, 28.51347466762487 ] ] ] } },
{ "type": "Feature", "properties": { "cell_id": 158, "lon": 77.296957009447283, "lat": 28.515720445562348 }, "geometry": { "type": "Polygon", "coordinates": [ [ [ 77.299514892686858, 28.51347466762487 ], [ 77.299514892686858, 28.517966223499826 ], [ 77.294399126207708, 28.517966223499826 ], [ 77.294399126207708, 28.51347466762487 ], [ 77.299514892686858, 28.51347466762487 ] ] ] } },
{ "type": "Feature", "properties": { "cell_id": 160, "lon": 77.102557883239569, "lat": 28.520212001437304 }, "geometry": { "type": "Polygon", "coordinates": [ [ [ 77.105115766479145, 28.517966223499826 ], [ 77.105115766479145, 28.522457779374783 ], [ 77.1, 28.522457779374783 ], [ 77.1, 28.517966223499826 ], [ 77.105115766479145, 28.517966223499826 ] ] ] } },
{ "type": "Feature", "properties": { "cell_id": 161, "lon": 77.10767364971872, "lat": 28.520212001437304 }, "geometry": { "type": "Polygon", "coordinates": [ [ [ 77.110231532958295, 28.517966223499826 ], [ 77.110231532958295, 28.522457779374783 ], [ 77.105115766479145, 28.522457779374783 ], [ 77.105115766479145, 28.517966223499826 ], [ 77.110231532958295, 28.517966223499826 ] ] ] } },
{ "type": "Feature", "properties": { "cell_id": 162, "lon": 77.11278941619787, "lat": 28.520212001437304 }, "geometry": { "type": "Polygon", "coordinates": [ [ [ 77.115347299437445, 28.517966223499826 ], [ 77.115347299437445, 28.522457779374783 ], [ 77.110231532958295, 28.522457779374783 ], [ 77.110231532958295, 28.517966223499826 ], [ 77.115347299437445, 28.517966223499826 ] ] ] } },
{ "type": "Feature", "properties": { "cell_id": 163, "lon": 77.117905182677021, "lat": 28.520212001437304 }, "geometry": { "type": "Polygon", "coordinates": [ [ [ 77.120463065916596, 28.517966223499826 ], [ 77.120463065916596, 28.522457779374783 ], [ 77.115347299437445, 28.522457779374783 ], [ 77.115347299437445, 28.517966223499826 ], [ 77.120463065916596, 28.517966223499826 ] ] ] } },
{ "type": "Feature", "properties": { "cell_id": 164, "lon": 77.123020949156171, "lat": 28.520212001437304 }, "geometry": { "type": "Polygon", "coordinates": [ [ [ 77.125578832395746, 28.517966223499826 ], [ 77.125578832395746, 28.522457779374783 ], [ 77.120463065916596, 28.522457779374783 ], [ 77.120463065916596, 28.517966223499826 ], [ 77.125578832395746, 28.517966223499826 ] ] ] } },
{ "type": "Feature", "properties": { "cell_id": 165, "lon": 77.128136715635321, "lat": 28.520212001437304 }, "geometry": { "type": "Polygon", "coordinates": [ [ [ 77.130694598874896, 28.517966223499826 ], [ 77.130694598874896, 28.522457779374783 ], [ 77.125578832395746, 28.522457779374783 ], [ 77.125578832395746, 28.517966223499826 ], [ 77.130694598874896, 28.517966223499826 ] ] ] } },
{ "type": "Feature", "properties": { "cell_id": 166, "lon": 77.133252482114472, "lat": 28.520212001437304 }, "geometry": { "type": "Polygon", "coordinates": [ [ [ 77.135810365354047, 28.517966223499826 ], [ 77.135810365354047, 28.522457779374783 ], [ 77.130694598874896, 28.522457779374783 ], [ 77.130694598874896, 28.517966223499826 ], [ 77.135810365354047, 28.517966223499826 ] ] ] } },
{ "type": "Feature", "properties": { "cell_id": 167, "lon": 77.138368248593622, "lat": 28.520212001437304 }, "geometry": { "type": "Polygon", "coordinates": [ [ [ 77.140926131833197, 28.517966223499826 ], [ 77.140926131833197, 28.522457779374783 ], [ 77.135810365354047, 28.522457779374783 ], [ 77.135810365354047, 28.517966223499826 ], [ 77.140926131833197, 28.517966223499826 ] ] ] } },
{ "type": "Feature", "properties": { "cell_id": 168, "lon": 77.143484015072772, "lat": 28.520212001437304 }, "geometry": { "type": "Polygon", "coordinates": [ [ [ 77.146041898312347, 28.517966223499826 ], [ 77.146041898312347, 28.522457779374783 ], [ 77.140926131833197, 28.522457779374783 ], [ 77.140926131833197, 28.517966223499826 ], [ 77.146041898312347, 28.517966223499826 ] ] ] } },
{ "type": "Feature", "properties": { "cell_id": 169, "lon": 77.148599781551923, "lat": 28.520212001437304 }, "geometry": { "type": "Polygon", "coordinates": [ [ [ 77.151157664791498, 28.517966223499826 ], [ 77.151157664791498, 28.522457779374783 ], [ 77.146041898312347, 28.522457779374783 ], [ 77.146041898312347, 28.517966223499826 ], [ 77.151157664791498, 28.517966223499826 ] ] ] } },
{ "type": "Feature", "properties": { "cell_id": 170, "lon": 77.153715548031073, "lat": 28.520212001437304 }, "geometry": { "type": "Polygon", "coordinates": [ [ [ 77.156273431270648, 28.517966223499826 ], [ 77.156273431270648, 28.522457779374783 ], [ 77.151157664791498, 28.522457779374783 ], [ 77.151157664791498, 28.517966223499826 ], [ 77.156273431270648, 28.517966223499826 ] ] ] } },
{ "type": "Feature", "properties": { "cell_id": 171, "lon": 77.158831314510223, "lat": 28.520212001437304 }, "geometry": { "type": "Polygon", "coordinates": [ [ [ 77.161389197749799, 28.517966223499826 ], [ 77.161389197749799, 28.522457779374783 ], [ 77.156273431270648, 28.522457779374783 ], [ 77.156273431270648, 28.517966223499826 ], [ 77.161389197749799, 28.517966223499826 ] ] ] } },
{ "type": "Feature", "properties": { "cell_id": 172, "lon": 77.163947080989374, "lat": 28.520212001437304 }, "geometry": { "type": "Polygon", "coordinates": [ [ [ 77.166504964228949, 28.517966223499826 ], [ 77.166504964228949, 28.522457779374783 ], [ 77.161389197749799, 28.522457779374783 ], [ 77.161389197749799, 28.517966223499826 ], [ 77.166504964228949, 28.517966223499826 ] ] ] } },
{ "type": "Feature", "properties": { "cell_id": 173, "lon": 77.169062847468524, "lat": 28.520212001437304 }, "geometry": { "type": "Polygon", "coordinates": [ [ [ 77.171620730708099, 28.517966223499826 ], [ 77.171620730708099, 28.522457779374783 ], [ 77.166504964228949, 28.522457779374783 ], [ 77.166504964228949, 28.517966223499826 ], [ 77.171620730708099, 28.517966223499826 ] ] ] } },
{ "type": "Feature", "properties": { "cell_id": 174, "lon": 77.174178613947674, "lat": 28.520212001437304 }, "geometry": { "type": "Polygon", "coordinates": [ [ [ 77.17673649718725, 28.517966223499826 ], [ 77.17673649718725, 28.522457779374783 ], [ 77.171620730708099, 28.522457779374783 ], [ 77.171620730708099, 28.517966223499826 ], [ 77.17673649718725, 28.517966223499826 ] ] ] } },
{ "type": "Feature", "properties": { "cell_id": 175, "lon": 77.179294380426825, "lat": 28.520212001437304 }, "geometry": { "type": "Polygon", "coordinates": [ [ [ 77.1818522636664, 28.517966223499826 ], [ 77.1818522636664, 28.522457779374783 ], [ 77.17673649718725, 28.522457779374783 ], [ 77.17673649718725, 28.517966223499826 ], [ 77.1818522636664, 28.517966223499826 ] ] ] } },
{ "type": "Feature", "properties": { "cell_id": 176, "lon": 77.184410146905975, "lat": 28.520212001437304 }, "geometry": { "type": "Polygon", "coordinates": [ [ [ 77.18696803014555, 28.517966223499826 ], [ 77.18696803014555, 28.522457779374783 ], [ 77.1818522636664, 28.522457779374783 ], [ 77.1818522636664, 28.517966223499826 ], [ 77.18696803014555, 28.517966223499826 ] ] ] } },
{ "type": "Feature", "properties": { "cell_id": 177, "lon": 77.189525913385125, "lat": 28.520212001437304 }, "geometry": { "type": "Polygon", "coordinates": [ [ [ 77.192083796624701, 28.517966223499826 ], [ 77.192083796624701, 28.522457779374783 ], [ 77.18696803014555, 28.522457779374783 ], [ 77.18696803014555, 28.517966223499826 ], [ 77.192083796624701, 28.517966223499826 ] ] ] } },
{ "type": "Feature", "properties": { "cell_id": 178, "lon": 77.194641679864276, "lat": 28.520212001437304 }, "geometry": { "type": "Polygon", "coordinates": [ [ [ 77.197199563103851, 28.517966223499826 ], [ 77.197199563103851, 28.522457779374783 ], [ 77.192083796624701, 28.522457779374783 ], [ 77.192083796624701, 28.517966223499826 ], [ 77.197199563103851, 28.517966223499826 ] ] ] } },
{ "type": "Feature", "properties": { "cell_id": 179, "lon": 77.199757446343426, "lat": 28.520212001437304 }, "geometry": { "type": "Polygon", "coordinates": [ [ [ 77.202315329583001, 28.517966223499826 ], [ 77.202315329583001, 28.522457779374783 ], [ 77.197199563103851, 28.522457779374783 ], [ 77.197199563103851, 28.517966223499826 ], [ 77.202315329583001, 28.517966223499826 ] ] ] } },
{ "type": "Feature", "properties": { "cell_id": 180, "lon": 77.204873212822577, "lat": 28.520212001437304 }, "geometry": { "type": "Polygon", "coordinates": [ [ [ 77.207431096062152, 28.517966223499826 ], [ 77.207431096062152, 28.522457779374783 ], [ 77.202315329583001, 28.522457779374783 ], [ 77.202315329583001, 28.517966223499826 ], [ 77.207431096062152, 28.517966223499826 ] ] ] } },
{ "type": "Feature", "properties": { "cell_id": 181, "lon": 77.209988979301727, "lat": 28.520212001437304 }, "geometry": { "type": "Polygon", "coordinates": [ [ [ 77.212546862541302, 28.517966223499826 ], [ 77.212546862541302, 28.522457779374783 ], [ 77.207431096062152, 28.522457779374783 ], [ 77.207431096062152, 28.517966223499826 ], [ 77.212546862541302, 28.517966223499826 ] ] ] } },
{ "type": "Feature", "properties": { "cell_id": 182, "lon": 77.215104745780877, "lat": 28.520212001437304 }, "geometry": { "type": "Polygon", "coordinates": [ [ [ 77.217662629020452, 28.517966223499826 ], [ 77.217662629020452, 28.522457779374783 ], [ 77.212546862541302, 28.522457779374783 ], [ 77.212546862541302, 28.517966223499826 ], [ 77.217662629020452, 28.517966223499826 ] ] ] } },
{ "type": "Feature", "properties": { "cell_id": 183, "lon": 77.220220512260028, "lat": 28.520212001437304 }, "geometry": { "type": "Polygon", "coordinates": [ [ [ 77.222778395499603, 28.517966223499826 ], [ 77.222778395499603, 28.522457779374783 ], [ 77.217662629020452, 28.522457779374783 ], [ 77.217662629020452, 28.517966223499826 ], [ 77.222778395499603, 28.517966223499826 ] ] ] } },
{ "type": "Feature", "properties": { "cell_id": 184, "lon": 77.225336278739178, "lat": 28.520212001437304 }, "geometry": { "type": "Polygon", "coordinates": [ [ [ 77.227894161978753, 28.517966223499826 ], [ 77.227894161978753, 28.522457779374783 ], [ 77.222778395499603, 28.522457779374783 ], [ 77.222778395499603, 28.517966223499826 ], [ 77.227894161978753, 28.517966223499826 ] ] ] } },
{ "type": "Feature", "properties": { "cell_id": 185, "lon": 77.230452045218328, "lat": 28.520212001437304 }, "geometry": { "type": "Polygon", "coordinates": [ [ [ 77.233009928457903, 28.517966223499826 ], [ 77.233009928457903, 28.522457779374783 ], [ 77.227894161978753, 28.522457779374783 ], [ 77.227894161978753, 28.517966223499826 ], [ 77.233009928457903, 28.517966223499826 ] ] ] } },
{ "type": "Feature", "properties": { "cell_id": 186, "lon": 77.235567811697479, "lat": 28.520212001437304 }, "geometry": { "type": "Polygon", "coordinates": [ [ [ 77.238125694937054, 28.517966223499826 ], [ 77.238125694937054, 28.522457779374783 ], [ 77.233009928457903, 28.522457779374783 ], [ 77.233009928457903, 28.517966223499826 ], [ 77.238125694937054, 28.517966223499826 ] ] ] } },
{ "type": "Feature", "properties": { "cell_id": 187, "lon": 77.240683578176629, "lat": 28.520212001437304 }, "geometry": { "type": "Polygon", "coordinates": [ [ [ 77.243241461416204, 28.517966223499826 ], [ 77.243241461416204, 28.522457779374783 ], [ 77.238125694937054, 28.522457779374783 ], [ 77.238125694937054, 28.517966223499826 ], [ 77.243241461416204, 28.517966223499826 ] ] ] } },
{ "type": "Feature", "properties": { "cell_id": 188, "lon": 77.245799344655779, "lat": 28.520212001437304 }, "geometry": { "type": "Polygon", "coordinates": [ [ [ 77.248357227895355, 28.517966223499826 ], [ 77.248357227895355, 28.522457779374783 ], [ 77.243241461416204, 28.522457779374783 ], [ 77.243241461416204, 28.517966223499826 ], [ 77.248357227895355, 28.517966223499826 ] ] ] } },
{ "type": "Feature", "properties": { "cell_id": 189, "lon": 77.25091511113493, "lat": 28.520212001437304 }, "geometry": { "type": "Polygon", "coordinates": [ [ [ 77.253472994374505, 28.517966223499826 ], [ 77.253472994374505, 28.522457779374783 ], [ 77.248357227895355, 28.522457779374783 ], [ 77.248357227895355, 28.517966223499826 ], [ 77.253472994374505, 28.517966223499826 ] ] ] } },
{ "type": "Feature", "properties": { "cell_id": 190, "lon": 77.25603087761408, "lat": 28.520212001437304 }, "geometry": { "type": "Polygon", "coordinates": [ [ [ 77.258588760853655, 28.517966223499826 ], [ 77.258588760853655, 28.522457779374783 ], [ 77.253472994374505, 28.522457779374783 ], [ 77.253472994374505, 28.517966223499826 ], [ 77.258588760853655, 28.517966223499826 ] ] ] } },
{ "type": "Feature", "properties": { "cell_id": 191, "lon": 77.26114664409323, "lat": 28.520212001437304 }, "geometry": { "type": "Polygon", "coordinates": [ [ [ 77.263704527332806, 28.517966223499826 ], [ 77.263704527332806, 28.522457779374783 ], [ 77.258588760853655, 28.522457779374783 ], [ 77.258588760853655, 28.517966223499826 ], [ 77.263704527332806, 28.517966223499826 ] ] ] } },
{ "type": "Feature", "properties": { "cell_id": 192, "lon": 77.266262410572381, "lat": 28.520212001437304 }, "geometry": { "type": "Polygon", "coordinates": [ [ [ 77.268820293811956, 28.517966223499826 ], [ 77.268820293811956, 28.522457779374783 ], [ 77.263704527332806, 28.522457779374783 ], [ 77.263704527332806, 28.517966223499826 ], [ 77.268820293811956, 28.517966223499826 ] ] ] } },
{ "type": "Feature", "properties": { "cell_id": 193, "lon": 77.271378177051531, "lat": 28.520212001437304 }, "geometry": { "type": "Polygon", "coordinates": [ [ [ 77.273936060291106, 28.517966223499826 ], [ 77.273936060291106, 28.522457779374783 ], [ 77.268820293811956, 28.522457779374783 ], [ 77.268820293811956, 28.517966223499826 ], [ 77.273936060291106, 28.517966223499826 ] ] ] } },
{ "type": "Feature", "properties": { "cell_id": 194, "lon": 77.276493943530681, "lat": 28.520212001437304 }, "geometry": { "type": "Polygon", "coordinates": [ [ [ 77.279051826770257, 28.517966223499826 ], [ 77.279051826770257, 28.522457779374783 ], [ 77.273936060291106, 28.522457779374783 ], [ 77.273936060291106, 28.517966223499826 ], [ 77.279051826770257, 28.517966223499826 ] ] ] } },
{ "type": "Feature", "properties": { "cell_id": 195, "lon": 77.281609710009832, "lat": 28.520212001437304 }, "geometry": { "type": "Polygon", "coordinates": [ [ [ 77.284167593249407, 28.517966223499826 ], [ 77.284167593249407, 28.522457779374783 ], [ 77.279051826770257, 28.522457779374783 ], [ 77.279051826770257, 28.517966223499826 ], [ 77.284167593249407, 28.517966223499826 ] ] ] } },
{ "type": "Feature", "properties": { "cell_id": 196, "lon": 77.286725476488982, "lat": 28.520212001437304 }, "geometry": { "type": "Polygon", "coordinates": [ [ [ 77.289283359728557, 28.517966223499826 ], [ 77.289283359728557, 28.522457779374783 ], [ 77.284167593249407, 28.522457779374783 ], [ 77.284167593249407, 28.517966223499826 ], [ 77.289283359728557, 28.517966223499826 ] ] ] } },
{ "type": "Feature", "properties": { "cell_id": 197, "lon": 77.291841242968133, "lat": 28.520212001437304 }, "geometry": { "type": "Polygon", "coordinates": [ [ [ 77.294399126207708, 28.517966223499826 ], [ 77.294399126207708, 28.522457779374783 ], [ 77.289283359728557, 28.522457779374783 ], [ 77.289283359728557, 28.517966223499826 ], [ 77.294399126207708, 28.517966223499826 ] ] ] } },
{ "type": "Feature", "properties": { "cell_id": 198, "lon": 77.296957009447283, "lat": 28.520212001437304 }, "geometry": { "type": "Polygon", "coordinates": [ [ [ 77.299514892686858, 28.517966223499826 ], [ 77.299514892686858, 28.522457779374783 ], [ 77.294399126207708, 28.522457779374783 ], [ 77.294399126207708, 28.517966223499826 ], [ 77.299514892686858, 28.517966223499826 ] ] ] } },
{ "type": "Feature", "properties": { "cell_id": 200, "lon": 77.102557883239569, "lat": 28.524703557312261 }, "geometry": { "type": "Polygon", "coordinates": [ [ [ 77.105115766479145, 28.522457779374783 ], [ 77.105115766479145, 28.526949335249739 ], [ 77.1, 28.526949335249739 ], [ 77.1, 28.522457779374783 ], [ 77.105115766479145, 28.522457779374783 ] ] ] } },
{ "type": "Feature", "properties": { "cell_id": 201, "lon": 77.10767364971872, "lat": 28.524703557312261 }, "geometry": { "type": "Polygon", "coordinates": [ [ [ 77.110231532958295, 28.522457779374783 ], [ 77.110231532958295, 28.526949335249739 ], [ 77.105115766479145, 28.526949335249739 ], [ 77.105115766479145, 28.522457779374783 ], [ 77.110231532958295, 28.522457779374783 ] ] ] } },
{ "type": "Feature", "properties": { "cell_id": 202, "lon": 77.11278941619787, "lat": 28.524703557312261 }, "geometry": { "type": "Polygon", "coordinates": [ [ [ 77.115347299437445, 28.522457779374783 ], [ 77.115347299437445, 28.526949335249739 ], [ 77.110231532958295, 28.526949335249739 ], [ 77.110231532958295, 28.522457779374783 ], [ 77.115347299437445, 28.522457779374783 ] ] ] } },
{ "type": "Feature", "properties": { "cell_id": 203, "lon": 77.117905182677021, "lat": 28.524703557312261 }, "geometry": { "type": "Polygon", "coordinates": [ [ [ 77.120463065916596, 28.522457779374783 ], [ 77.120463065916596, 28.526949335249739 ], [ 77.115347299437445, 28.526949335249739 ], [ 77.115347299437445, 28.522457779374783 ], [ 77.120463065916596, 28.522457779374783 ] ] ] } },
{ "type": "Feature", "properties": { "cell_id": 204, "lon": 77.123020949156171, "lat": 28.524703557312261 }, "geometry": { "type": "Polygon", "coordinates": [ [ [ 77.125578832395746, 28.522457779374783 ], [ 77.125578832395746, 28.526949335249739 ], [ 77.120463065916596, 28.526949335249739 ], [ 77.120463065916596, 28.522457779374783 ], [ 77.125578832395746, 28.522457779374783 ] ] ] } },
{ "type": "Feature", "properties": { "cell_id": 205, "lon": 77.128136715635321, "lat": 28.524703557312261 }, "geometry": { "type": "Polygon", "coordinates": [ [ [ 77.130694598874896, 28.522457779374783 ], [ 77.130694598874896, 28.526949335249739 ], [ 77.125578832395746, 28.526949335249739 ], [ 77.125578832395746, 28.522457779374783 ], [ 77.130694598874896, 28.522457779374783 ] ] ] } },
{ "type": "Feature", "properties": { "cell_id": 206, "lon": 77.133252482114472, "lat": 28.524703557312261 }, "geometry": { "type": "Polygon", "coordinates": [ [ [ 77.135810365354047, 28.522457779374783 ], [ 77.135810365354047, 28.526949335249739 ], [ 77.130694598874896, 28.526949335249739 ], [ 77.130694598874896, 28.522457779374783 ], [ 77.135810365354047, 28.522457779374783 ] ] ] } },
{ "type": "Feature", "properties": { "cell_id": 207, "lon": 77.138368248593622, "lat": 28.524703557312261 }, "geometry": { "type": "Polygon", "coordinates": [ [ [ 77.140926131833197, 28.522457779374783 ], [ 77.140926131833197, 28.526949335249739 ], [ 77.135810365354047, 28.526949335249739 ], [ 77.135810365354047, 28.522457779374783 ], [ 77.140926131833197, 28.522457779374783 ] ] ] } },
{ "type": "Feature", "properties": { "cell_id": 208, "lon": 77.143484015072772, "lat": 28.524703557312261 }, "geometry": { "type": "Polygon", "coordinates": [ [ [ 77.146041898312347, 28.522457779374783 ], [ 77.146041898312347, 28.526949335249739 ], [ 77.140926131833197, 28.526949335249739 ], [ 77.140926131833197, 28.522457779374783 ], [ 77.146041898312347, 28.522457779374783 ] ] ] } },
{ "type": "Feature", "properties": { "cell_id": 209, "lon": 77.148599781551923, "lat": 28.524703557312261 }, "geometry": { "type": "Polygon", "coordinates": [ [ [ 77.151157664791498, 28.522457779374783 ], [ 77.151157664791498, 28.526949335249739 ], [ 77.146041898312347, 28.526949335249739 ], [ 77.146041898312347, 28.522457779374783 ], [ 77.151157664791498, 28.522457779374783 ] ] ] } },
{ "type": "Feature", "properties": { "cell_id": 210, "lon": 77.153715548031073, "lat": 28.524703557312261 }, "geometry": { "type": "Polygon", "coordinates": [ [ [ 77.156273431270648, 28.522457779374783 ], [ 77.156273431270648, 28.526949335249739 ], [ 77.151157664791498, 28.526949335249739 ], [ 77.151157664791498, 28.522457779374783 ], [ 77.156273431270648, 28.522457779374783 ] ] ] } },
{ "type": "Feature", "properties": { "cell_id": 211, "lon": 77.158831314510223, "lat": 28.524703557312261 }, "geometry": { "type": "Polygon", "coordinates": [ [ [ 77.161389197749799, 28.522457779374783 ], [ 77.161389197749799, 28.526949335249739 ], [ 77.156273431270648, 28.526949335249739 ], [ 77.156273431270648, 28.522457779374783 ], [ 77.161389197749799, 28.522457779374783 ] ] ] } },
{ "type": "Feature", "properties": { "cell_id": 212, "lon": 77.163947080989374, "lat": 28.524703557312261 }, "geometry": { "type": "Polygon", "coordinates": [ [ [ 77.166504964228949, 28.522457779374783 ], [ 77.166504964228949, 28.526949335249739 ], [ 77.161389197749799, 28.526949335249739 ], [ 77.161389197749799, 28.522457779374783 ], [ 77.166504964228949, 28.522457779374783 ] ] ] } },
{ "type": "Feature", "properties": { "cell_id": 213, "lon": 77.169062847468524, "lat": 28.524703557312261 }, "geometry": { "type": "Polygon", "coordinates": [ [ [ 77.171620730708099, 28.522457779374783 ], [ 77.171620730708099, 28.526949335249739 ], [ 77.166504964228949, 28.526949335249739 ], [ 77.166504964228949, 28.522457779374783 ], [ 77.171620730708099, 28.522457779374783 ] ] ] } },
{ "type": "Feature", "properties": { "cell_id": 214, "lon": 77.174178613947674, "lat": 28.524703557312261 }, "geometry": { "type": "Polygon", "coordinates": [ [ [ 77.17673649718725, 28.522457779374783 ], [ 77.17673649718725, 28.526949335249739 ], [ 77.171620730708099, 28.526949335249739 ], [ 77.171620730708099, 28.522457779374783 ], [ 77.17673649718725, 28.522457779374783 ] ] ] } },
{ "type": "Feature", "properties": { "cell_id": 215, "lon": 77.179294380426825, "lat": 28.524703557312261 }, "geometry": { "type": "Polygon", "coordinates": [ [ [ 77.1818522636664, 28.522457779374783 ], [ 77.1818522636664, 28.526949335249739 ], [ 77.17673649718725, 28.526949335249739 ], [ 77.17673649718725, 28.522457779374783 ], [ 77.1818522636664, 28.522457779374783 ] ] ] } },
{ "type": "Feature", "properties": { "cell_id": 216, "lon": 77.184410146905975, "lat": 28.524703557312261 }, "geometry": { "type": "Polygon", "coordinates": [ [ [ 77.18696803014555, 28.522457779374783 ], [ 77.18696803014555, 28.526949335249739 ], [ 77.1818522636664, 28.526949335249739 ], [ 77.1818522636664, 28.522457779374783 ], [ 77.18696803014555, 28.522457779374783 ] ] ] } },
{ "type": "Feature", "properties": { "cell_id": 217, "lon": 77.189525913385125, "lat": 28.524703557312261 }, "geometry": { "type": "Polygon", "coordinates": [ [ [ 77.192083796624701, 28.522457779374783 ], [ 77.192083796624701, 28.526949335249739 ], [ 77.18696803014555, 28.526949335249739 ], [ 77.18696803014555, 28.522457779374783 ], [ 77.192083796624701, 28.522457779374783 ] ] ] } },
{ "type": "Feature", "properties": { "cell_id": 218, "lon": 77.194641679864276, "lat": 28.524703557312261 }, "geometry": { "type": "Polygon", "coordinates": [ [ [ 77.197199563103851, 28.522457779374783 ], [ 77.197199563103851, 28.526949335249739 ], [ 77.192083796624701, 28.526949335249739 ], [ 77.192083796624701, 28.522457779374783 ], [ 77.197199563103851, 28.522457779374783 ] ] ] } },
{ "type": "Feature", "properties": { "cell_id": 219, "lon": 77.199757446343426, "lat": 28.524703557312261 }, "geometry": { "type": "Polygon", "coordinates": [ [ [ 77.202315329583001, 28.522457779374783 ], [ 77.202315329583001, 28.526949335249739 ], [ 77.197199563103851, 28.526949335249739 ], [ 77.197199563103851, 28.522457779374783 ], [ 77.202315329583001, 28.522457779374783 ] ] ] } },
{ "type": "Feature", "properties": { "cell_id": 220, "lon": 77.204873212822577, "lat": 28.524703557312261 }, "geometry": { "type": "Polygon", "coordinates": [ [ [ 77.207431096062152, 28.522457779374783 ], [ 77.207431096062152, 28.526949335249739 ], [ 77.202315329583001, 28.526949335249739 ], [ 77.202315329583001, 28.522457779374783 ], [ 77.207431096062152, 28.522457779374783 ] ] ] } },
{ "type": "Feature", "properties": { "cell_id": 221, "lon": 77.209988979301727, "lat": 28.524703557312261 }, "geometry": { "type": "Polygon", "coordinates": [ [ [ 77.212546862541302, 28.522457779374783 ], [ 77.212546862541302, 28.526949335249739 ], [ 77.207431096062152, 28.526949335249739 ], [ 77.207431096062152, 28.522457779374783 ], [ 77.212546862541302, 28.522457779374783 ] ] ] } },
{ "type": "Feature", "properties": { "cell_id": 222, "lon": 77.215104745780877, "lat": 28.524703557312261 }, "geometry": { "type": "Polygon", "coordinates": [ [ [ 77.217662629020452, 28.522457779374783 ], [ 77.217662629020452, 28.526949335249739 ], [ 77.212546862541302, 28.526949335249739 ], [ 77.212546862541302, 28.522457779374783 ], [ 77.217662629020452, 28.522457779374783 ] ] ] } },
{ "type": "Feature", "properties": { "cell_id": 223, "lon": 77.220220512260028, "lat": 28.524703557312261 }, "geometry": { "type": "Polygon", "coordinates": [ [ [ 77.222778395499603, 28.522457779374783 ], [ 77.222778395499603, 28.526949335249739 ], [ 77.217662629020452, 28.526949335249739 ], [ 77.217662629020452, 28.522457779374783 ], [ 77.222778395499603, 28.522457779374783 ] ] ] } },
{ "type": "Feature", "properties": { "cell_id": 224, "lon": 77.225336278739178, "lat": 28.524703557312261 }, "geometry": { "type": "Polygon", "coordinates": [ [ [ 77.227894161978753, 28.522457779374783 ], [ 77.227894161978753, 28.526949335249739 ], [ 77.222778395499603, 28.526949335249739 ], [ 77.222778395499603, 28.522457779374783 ], [ 77.227894161978753, 28.522457779374783 ] ] ] } },
{ "type": "Feature", "properties": { "cell_id": 225, "lon": 77.230452045218328, "lat": 28.524703557312261 }, "geometry": { "type": "Polygon", "coordinates": [ [ [ 77.233009928457903, 28.522457779374783 ], [ 77.233009928457903, 28.526949335249739 ], [ 77.227894161978753, 28.526949335249739 ], [ 77.227894161978753, 28.522457779374783 ], [ 77.233009928457903, 28.522457779374783 ] ] ] } },
{ "type": "Feature", "properties": { "cell_id": 226, "lon": 77.235567811697479, "lat": 28.524703557312261 }, "geometry": { "type": "Polygon", "coordinates": [ [ [ 77.238125694937054, 28.522457779374783 ], [ 77.238125694937054, 28.526949335249739 ], [ 77.233009928457903, 28.526949335249739 ], [ 77.233009928457903, 28.522457779374783 ], [ 77.238125694937054, 28.522457779374783 ] ] ] } },
{ "type": "Feature", "properties": { "cell_id": 227, "lon": 77.240683578176629, "lat": 28.524703557312261 }, "geometry": { "type": "Polygon", "coordinates": [ [ [ 77.243241461416204, 28.522457779374783 ], [ 77.243241461416204, 28.526949335249739 ], [ 77.238125694937054, 28.526949335249739 ], [ 77.238125694937054, 28.522457779374783 ], [ 77.243241461416204, 28.522457779374783 ] ] ] } },
{ "type": "Feature", "properties": { "cell_id": 228, "lon": 77.245799344655779, "lat": 28.524703557312261 }, "geometry": { "type": "Polygon", "coordinates": [ [ [ 77.248357227895355, 28.522457779374783 ], [ 77.248357227895355, 28.526949335249739 ], [ 77.243241461416204, 28.526949335249739 ], [ 77.243241461416204, 28.522457779374783 ], [ 77.248357227895355, 28.522457779374783 ] ] ] } },
{ "type": "Feature", "properties": { "cell_id": 229, "lon": 77.25091511113493, "lat": 28.524703557312261 }, "geometry": { "type": "Polygon", "coordinates": [ [ [ 77.253472994374505, 28.522457779374783 ], [ 77.253472994374505, 28.526949335249739 ], [ 77.248357227895355, 28.526949335249739 ], [ 77.248357227895355, 28.522457779374783 ], [ 77.253472994374505, 28.522457779374783 ] ] ] } },
{ "type": "Feature", "properties": { "cell_id": 230, "lon": 77.25603087761408, "lat": 28.524703557312261 }, "geometry": { "type": "Polygon", "coordinates": [ [ [ 77.258588760853655, 28.522457779374783 ], [ 77.258588760853655, 28.526949335249739 ], [ 77.253472994374505, 28.526949335249739 ], [ 77.253472994374505, 28.522457779374783 ], [ 77.258588760853655, 28.522457779374783 ] ] ] } },
{ "type": "Feature", "properties": { "cell_id": 231, "lon": 77.26114664409323, "lat": 28.524703557312261 }, "geometry": { "type": "Polygon", "coordinates": [ [ [ 77.263704527332806, 28.522457779374783 ], [ 77.263704527332806, 28.526949335249739 ], [ 77.258588760853655, 28.526949335249739 ], [ 77.258588760853655, 28.522457779374783 ], [ 77.263704527332806, 28.522457779374783 ] ] ] } },
{ "type": "Feature", "properties": { "cell_id": 232, "lon": 77.266262410572381, "lat": 28.524703557312261 }, "geometry": { "type": "Polygon", "coordinates": [ [ [ 77.268820293811956, 28.522457779374783 ], [ 77.268820293811956, 28.526949335249739 ], [ 77.263704527332806, 28.526949335249739 ], [ 77.263704527332806, 28.522457779374783 ], [ 77.268820293811956, 28.522457779374783 ] ] ] } },
{ "type": "Feature", "properties": { "cell_id": 233, "lon": 77.271378177051531, "lat": 28.524703557312261 }, "geometry": { "type": "Polygon", "coordinates": [ [ [ 77.273936060291106, 28.522457779374783 ], [ 77.273936060291106, 28.526949335249739 ], [ 77.268820293811956, 28.526949335249739 ], [ 77.268820293811956, 28.522457779374783 ], [ 77.273936060291106, 28.522457779374783 ] ] ] } },
{ "type": "Feature", "properties": { "cell_id": 234, "lon": 77.276493943530681, "lat": 28.524703557312261 }, "geometry": { "type": "Polygon", "coordinates": [ [ [ 77.279051826770257, 28.522457779374783 ], [ 77.279051826770257, 28.526949335249739 ], [ 77.273936060291106, 28.526949335249739 ], [ 77.273936060291106, 28.522457779374783 ], [ 77.279051826770257, 28.522457779374783 ] ] ] } },
{ "type": "Feature", "properties": { "cell_id": 235, "lon": 77.281609710009832, "lat": 28.524703557312261 }, "geometry": { "type": "Polygon", "coordinates": [ [ [ 77.284167593249407, 28.522457779374783 ], [ 77.284167593249407, 28.526949335249739 ], [ 77.279051826770257, 28.526949335249739 ], [ 77.279051826770257, 28.522457779374783 ], [ 77.284167593249407, 28.522457779374783 ] ] ] } },
{ "type": "Feature", "properties": { "cell_id": 236, "lon": 77.286725476488982, "lat": 28.524703557312261 }, "geometry": { "type": "Polygon", "coordinates": [ [ [ 77.289283359728557, 28.522457779374783 ], [ 77.289283359728557, 28.526949335249739 ], [ 77.284167593249407, 28.526949335249739 ], [ 77.284167593249407, 28.522457779374783 ], [ 77.289283359728557, 28.522457779374783 ] ] ] } },
{ "type": "Feature", "properties": { "cell_id": 237, "lon": 77.291841242968133, "lat": 28.524703557312261 }, "geometry": { "type": "Polygon", "coordinates": [ [ [ 77.294399126207708, 28.522457779374783 ], [ 77.294399126207708, 28.526949335249739 ], [ 77.289283359728557, 28.526949335249739 ], [ 77.289283359728557, 28.522457779374783 ], [ 77.294399126207708, 28.522457779374783 ] ] ] } },
{ "type": "Feature", "properties": { "cell_id": 238, "lon": 77.296957009447283, "lat": 28.524703557312261 }, "geometry": { "type": "Polygon", "coordinates": [ [ [ 77.299514892686858, 28.522457779374783 ], [ 77.299514892686858, 28.526949335249739 ], [ 77.294399126207708, 28.526949335249739 ], [ 77.294399126207708, 28.522457779374783 ], [ 77.299514892686858, 28.522457779374783 ] ] ] } },
{ "type": "Feature", "properties": { "cell_id": 240, "lon": 77.102557883239569, "lat": 28.529195113187217 }, "geometry": { "type": "Polygon", "coordinates": [ [ [ 77.105115766479145, 28.526949335249739 ], [ 77.105115766479145, 28.531440891124696 ], [ 77.1, 28.531440891124696 ], [ 77.1, 28.526949335249739 ], [ 77.105115766479145, 28.526949335249739 ] ] ] } },
{ "type": "Feature", "properties": { "cell_id": 241, "lon": 77.10767364971872, "lat": 28.529195113187217 }, "geometry": { "type": "Polygon", "coordinates": [ [ [ 77.110231532958295, 28.526949335249739 ], [ 77.110231532958295, 28.531440891124696 ], [ 77.105115766479145, 28.531440891124696 ], [ 77.105115766479145, 28.526949335249739 ], [ 77.110231532958295, 28.526949335249739 ] ] ] } },
{ "type": "Feature", "properties": { "cell_id": 242, "lon": 77.11278941619787, "lat": 28.529195113187217 }, "geometry": { "type": "Polygon", "coordinates": [ [ [ 77.115347299437445, 28.526949335249739 ], [ 77.115347299437445, 28.531440891124696 ], [ 77.110231532958295, 28.531440891124696 ], [ 77.110231532958295, 28.526949335249739 ], [ 77.115347299437445, 28.526949335249739 ] ] ] } },
{ "type": "Feature", "properties": { "cell_id": 243, "lon": 77.117905182677021, "lat": 28.529195113187217 }, "geometry": { "type": "Polygon", "coordinates": [ [ [ 77.120463065916596, 28.526949335249739 ], [ 77.120463065916596, 28.531440891124696 ], [ 77.115347299437445, 28.531440891124696 ], [ 77.115347299437445, 28.526949335249739 ], [ 77.120463065916596, 28.526949335249739 ] ] ] } },
{ "type": "Feature", "properties": { "cell_id": 244, "lon": 77.123020949156171, "lat": 28.529195113187217 }, "geometry": { "type": "Polygon", "coordinates": [ [ [ 77.125578832395746, 28.526949335249739 ], [ 77.125578832395746, 28.531440891124696 ], [ 77.120463065916596, 28.531440891124696 ], [ 77.120463065916596, 28.526949335249739 ], [ 77.125578832395746, 28.526949335249739 ] ] ] } },
{ "type": "Feature", "properties": { "cell_id": 245, "lon": 77.128136715635321, "lat": 28.529195113187217 }, "geometry": { "type": "Polygon", "coordinates": [ [ [ 77.130694598874896, 28.526949335249739 ], [ 77.130694598874896, 28.531440891124696 ], [ 77.125578832395746, 28.531440891124696 ], [ 77.125578832395746, 28.526949335249739 ], [ 77.130694598874896, 28.526949335249739 ] ] ] } },
{ "type": "Feature", "properties": { "cell_id": 246, "lon": 77.133252482114472, "lat": 28.529195113187217 }, "geometry": { "type": "Polygon", "coordinates": [ [ [ 77.135810365354047, 28.526949335249739 ], [ 77.135810365354047, 28.531440891124696 ], [ 77.130694598874896, 28.531440891124696 ], [ 77.130694598874896, 28.526949335249739 ], [ 77.135810365354047, 28.526949335249739 ] ] ] } },
{ "type": "Feature", "properties": { "cell_id": 247, "lon": 77.138368248593622, "lat": 28.529195113187217 }, "geometry": { "type": "Polygon", "coordinates": [ [ [ 77.140926131833197, 28.526949335249739 ], [ 77.140926131833197, 28.531440891124696 ], [ 77.135810365354047, 28.531440891124696 ], [ 77.135810365354047, 28.526949335249739 ], [ 77.140926131833197, 28.526949335249739 ] ] ] } },
{ "type": "Feature", "properties": { "cell_id": 248, "lon": 77.143484015072772, "lat": 28.529195113187217 }, "geometry": { "type": "Polygon", "coordinates": [ [ [ 77.146041898312347, 28.526949335249739 ], [ 77.146041898312347, 28.531440891124696 ], [ 77.140926131833197, 28.531440891124696 ], [ 77.140926131833197, 28.526949335249739 ], [ 77.146041898312347, 28.526949335249739 ] ] ] } },
{ "type": "Feature", "properties": { "cell_id": 249, "lon": 77.148599781551923, "lat": 28.529195113187217 }, "geometry": { "type": "Polygon", "coordinates": [ [ [ 77.151157664791498, 28.526949335249739 ], [ 77.151157664791498, 28.531440891124696 ], [ 77.146041898312347, 28.531440891124696 ], [ 77.146041898312347, 28.526949335249739 ], [ 77.151157664791498, 28.526949335249739 ] ] ] } },
{ "type": "Feature", "properties": { "cell_id": 250, "lon": 77.153715548031073, "lat": 28.529195113187217 }, "geometry": { "type": "Polygon", "coordinates": [ [ [ 77.156273431270648, 28.526949335249739 ], [ 77.156273431270648, 28.531440891124696 ], [ 77.151157664791498, 28.531440891124696 ], [ 77.151157664791498, 28.526949335249739 ], [ 77.156273431270648, 28.526949335249739 ] ] ] } },
{ "type": "Feature", "properties": { "cell_id": 251, "lon": 77.158831314510223, "lat": 28.529195113187217 }, "geometry": { "type": "Polygon", "coordinates": [ [ [ 77.161389197749799, 28.526949335249739 ], [ 77.161389197749799, 28.531440891124696 ], [ 77.156273431270648, 28.531440891124696 ], [ 77.156273431270648, 28.526949335249739 ], [ 77.161389197749799, 28.526949335249739 ] ] ] } },
{ "type": "Feature", "properties": { "cell_id": 252, "lon": 77.163947080989374, "lat": 28.529195113187217 }, "geometry": { "type": "Polygon", "coordinates": [ [ [ 77.166504964228949, 28.526949335249739 ], [ 77.166504964228949, 28.531440891124696 ], [ 77.161389197749799, 28.531440891124696 ], [ 77.161389197749799, 28.526949335249739 ], [ 77.166504964228949, 28.526949335249739 ] ] ] } },
{ "type": "Feature", "properties": { "cell_id": 253, "lon": 77.169062847468524, "lat": 28.529195113187217 }, "geometry": { "type": "Polygon", "coordinates": [ [ [ 77.171620730708099, 28.526949335249739 ], [ 77.171620730708099, 28.531440891124696 ], [ 77.166504964228949, 28.531440891124696 ], [ 77.166504964228949, 28.526949335249739 ], [ 77.171620730708099, 28.526949335249739 ] ] ] } },
{ "type": "Feature", "properties": { "cell_id": 254, "lon": 77.174178613947674, "lat": 28.529195113187217 }, "geometry": { "type": "Polygon", "coordinates": [ [ [ 77.17673649718725, 28.526949335249739 ], [ 77.17673649718725, 28.531440891124696 ], [ 77.171620730708099, 28.531440891124696 ], [ 77.171620730708099, 28.526949335249739 ], [ 77.17673649718725, 28.526949335249739 ] ] ] } },
{ "type": "Feature", "properties": { "cell_id": 255, "lon": 77.179294380426825, "lat": 28.529195113187217 }, "geometry": { "type": "Polygon", "coordinates": [ [ [ 77.1818522636664, 28.526949335249739 ], [ 77.1818522636664, 28.531440891124696 ], [ 77.17673649718725, 28.531440891124696 ], [ 77.17673649718725, 28.526949335249739 ], [ 77.1818522636664, 28.526949335249739 ] ] ] } },
{ "type": "Feature", "properties": { "cell_id": 256, "lon": 77.184410146905975, "lat": 28.529195113187217 }, "geometry": { "type": "Polygon", "coordinates": [ [ [ 77.18696803014555, 28.526949335249739 ], [ 77.18696803014555, 28.531440891124696 ], [ 77.1818522636664, 28.531440891124696 ], [ 77.1818522636664, 28.526949335249739 ], [ 77.18696803014555, 28.526949335249739 ] ] ] } },
{ "type": "Feature", "properties": { "cell_id": 257, "lon": 77.189525913385125, "lat": 28.529195113187217 }, "geometry": { "type": "Polygon", "coordinates": [ [ [ 77.192083796624701, 28.526949335249739 ], [ 77.192083796624701, 28.531440891124696 ], [ 77.18696803014555, 28.531440891124696 ], [ 77.18696803014555, 28.526949335249739 ], [ 77.192083796624701, 28.526949335249739 ] ] ] } },
{ "type": "Feature", "properties": { "cell_id": 258, "lon": 77.194641679864276, "lat": 28.529195113187217 }, "geometry": { "type": "Polygon", "coordinates": [ [ [ 77.197199563103851, 28.526949335249739 ], [ 77.197199563103851, 28.531440891124696 ], [ 77.192083796624701, 28.531440891124696 ], [ 77.192083796624701, 28.526949335249739 ], [ 77.197199563103851, 28.526949335249739 ] ] ] } },
{ "type": "Feature", "properties": { "cell_id": 259, "lon": 77.199757446343426, "lat": 28.529195113187217 }, "geometry": { "type": "Polygon", "coordinates": [ [ [ 77.202315329583001, 28.526949335249739 ], [ 77.202315329583001, 28.531440891124696 ], [ 77.197199563103851, 28.531440891124696 ], [ 77.197199563103851, 28.526949335249739 ], [ 77.202315329583001, 28.526949335249739 ] ] ] } },
{ "type": "Feature", "properties": { "cell_id": 260, "lon": 77.204873212822577, "lat": 28.529195113187217 }, "geometry": { "type": "Polygon", "coordinates": [ [ [ 77.207431096062152, 28.526949335249739 ], [ 77.207431096062152, 28.531440891124696 ], [ 77.202315329583001, 28.531440891124696 ], [ 77.202315329583001, 28.526949335249739 ], [ 77.207431096062152, 28.526949335249739 ] ] ] } },
{ "type": "Feature", "properties": { "cell_id": 261, "lon": 77.209988979301727, "lat": 28.529195113187217 }, "geometry": { "type": "Polygon", "coordinates": [ [ [ 77.212546862541302, 28.526949335249739 ], [ 77.212546862541302, 28.531440891124696 ], [ 77.207431096062152, 28.531440891124696 ], [ 77.207431096062152, 28.526949335249739 ], [ 77.212546862541302, 28.526949335249739 ] ] ] } },
{ "type": "Feature", "properties": { "cell_id": 262, "lon": 77.215104745780877, "lat": 28.529195113187217 }, "geometry": { "type": "Polygon", "coordinates": [ [ [ 77.217662629020452, 28.526949335249739 ], [ 77.217662629020452, 28.531440891124696 ], [ 77.212546862541302, 28.531440891124696 ], [ 77.212546862541302, 28.526949335249739 ], [ 77.217662629020452, 28.526949335249739 ] ] ] } },
{ "type": "Feature", "properties": { "cell_id": 263, "lon": 77.220220512260028, "lat": 28.529195113187217 }, "geometry": { "type": "Polygon", "coordinates": [ [ [ 77.222778395499603, 28.526949335249739 ], [ 77.222778395499603, 28.531440891124696 ], [ 77.217662629020452, 28.531440891124696 ], [ 77.217662629020452, 28.526949335249739 ], [ 77.222778395499603, 28.526949335249739 ] ] ] } },
{ "type": "Feature", "properties": { "cell_id": 264, "lon": 77.225336278739178, "lat": 28.529195113187217 }, "geometry": { "type": "Polygon", "coordinates": [ [ [ 77.227894161978753, 28.526949335249739 ], [ 77.227894161978753, 28.531440891124696 ], [ 77.222778395499603, 28.531440891124696 ], [ 77.222778395499603, 28.526949335249739 ], [ 77.227894161978753, 28.526949335249739 ] ] ] } },
{ "type": "Feature", "properties": { "cell_id": 265, "lon": 77.230452045218328, "lat": 28.529195113187217 }, "geometry": { "type": "Polygon", "coordinates": [ [ [ 77.233009928457903, 28.526949335249739 ], [ 77.233009928457903, 28.531440891124696 ], [ 77.227894161978753, 28.531440891124696 ], [ 77.227894161978753, 28.526949335249739 ], [ 77.233009928457903, 28.526949335249739 ] ] ] } },
{ "type": "Feature", "properties": { "cell_id": 266, "lon": 77.235567811697479, "lat": 28.529195113187217 }, "geometry": { "type": "Polygon", "coordinates": [ [ [ 77.238125694937054, 28.526949335249739 ], [ 77.238125694937054, 28.531440891124696 ], [ 77.233009928457903, 28.531440891124696 ], [ 77.233009928457903, 28.526949335249739 ], [ 77.238125694937054, 28.526949335249739 ] ] ] } },
{ "type": "Feature", "properties": { "cell_id": 267, "lon": 77.240683578176629, "lat": 28.529195113187217 }, "geometry": { "type": "Polygon", "coordinates": [ [ [ 77.243241461416204, 28.526949335249739 ], [ 77.243241461416204, 28.531440891124696 ], [ 77.238125694937054, 28.531440891124696 ], [ 77.238125694937054, 28.526949335249739 ], [ 77.243241461416204, 28.526949335249739 ] ] ] } },
{ "type": "Feature", "properties": { "cell_id": 268, "lon": 77.245799344655779, "lat": 28.529195113187217 }, "geometry": { "type": "Polygon", "coordinates": [ [ [ 77.248357227895355, 28.526949335249739 ], [ 77.248357227895355, 28.531440891124696 ], [ 77.243241461416204, 28.531440891124696 ], [ 77.243241461416204, 28.526949335249739 ], [ 77.248357227895355, 28.526949335249739 ] ] ] } },
{ "type": "Feature", "properties": { "cell_id": 269, "lon": 77.25091511113493, "lat": 28.529195113187217 }, "geometry": { "type": "Polygon", "coordinates": [ [ [ 77.253472994374505, 28.526949335249739 ], [ 77.253472994374505, 28.531440891124696 ], [ 77.248357227895355, 28.531440891124696 ], [ 77.248357227895355, 28.526949335249739 ], [ 77.253472994374505, 28.526949335249739 ] ] ] } },
{ "type": "Feature", "properties": { "cell_id": 270, "lon": 77.25603087761408, "lat": 28.529195113187217 }, "geometry": { "type": "Polygon", "coordinates": [ [ [ 77.258588760853655, 28.526949335249739 ], [ 77.258588760853655, 28.531440891124696 ], [ 77.253472994374505, 28.531440891124696 ], [ 77.253472994374505, 28.526949335249739 ], [ 77.258588760853655, 28.526949335249739 ] ] ] } },
{ "type": "Feature", "properties": { "cell_id": 271, "lon": 77.26114664409323, "lat": 28.529195113187217 }, "geometry": { "type": "Polygon", "coordinates": [ [ [ 77.263704527332806, 28.526949335249739 ], [ 77.263704527332806, 28.531440891124696 ], [ 77.258588760853655, 28.531440891124696 ], [ 77.258588760853655, 28.526949335249739 ], [ 77.263704527332806, 28.526949335249739 ] ] ] } },
{ "type": "Feature", "properties": { "cell_id": 272, "lon": 77.266262410572381, "lat": 28.529195113187217 }, "geometry": { "type": "Polygon", "coordinates": [ [ [ 77.268820293811956, 28.526949335249739 ], [ 77.268820293811956, 28.531440891124696 ], [ 77.263704527332806, 28.531440891124696 ], [ 77.263704527332806, 28.526949335249739 ], [ 77.268820293811956, 28.526949335249739 ] ] ] } },
{ "type": "Feature", "properties": { "cell_id": 273, "lon": 77.271378177051531, "lat": 28.529195113187217 }, "geometry": { "type": "Polygon", "coordinates": [ [ [ 77.273936060291106, 28.526949335249739 ], [ 77.273936060291106, 28.531440891124696 ], [ 77.268820293811956, 28.531440891124696 ], [ 77.268820293811956, 28.526949335249739 ], [ 77.273936060291106, 28.526949335249739 ] ] ] } },
{ "type": "Feature", "properties": { "cell_id": 274, "lon": 77.276493943530681, "lat": 28.529195113187217 }, "geometry": { "type": "Polygon", "coordinates": [ [ [ 77.279051826770257, 28.526949335249739 ], [ 77.279051826770257, 28.531440891124696 ], [ 77.273936060291106, 28.531440891124696 ], [ 77.273936060291106, 28.526949335249739 ], [ 77.279051826770257, 28.526949335249739 ] ] ] } },
{ "type": "Feature", "properties": { "cell_id": 275, "lon": 77.281609710009832, "lat": 28.529195113187217 }, "geometry": { "type": "Polygon", "coordinates": [ [ [ 77.284167593249407, 28.526949335249739 ], [ 77.284167593249407, 28.531440891124696 ], [ 77.279051826770257, 28.531440891124696 ], [ 77.279051826770257, 28.526949335249739 ], [ 77.284167593249407, 28.526949335249739 ] ] ] } },
{ "type": "Feature", "properties": { "cell_id": 276, "lon": 77.286725476488982, "lat": 28.529195113187217 }, "geometry": { "type": "Polygon", "coordinates": [ [ [ 77.289283359728557, 28.526949335249739 ], [ 77.289283359728557, 28.531440891124696 ], [ 77.284167593249407, 28.531440891124696 ], [ 77.284167593249407, 28.526949335249739 ], [ 77.289283359728557, 28.526949335249739 ] ] ] } },
{ "type": "Feature", "properties": { "cell_id": 277, "lon": 77.291841242968133, "lat": 28.529195113187217 }, "geometry": { "type": "Polygon", "coordinates": [ [ [ 77.294399126207708, 28.526949335249739 ], [ 77.294399126207708, 28.531440891124696 ], [ 77.289283359728557, 28.531440891124696 ], [ 77.289283359728557, 28.526949335249739 ], [ 77.294399126207708, 28.526949335249739 ] ] ] } },
{ "type": "Feature", "properties": { "cell_id": 278, "lon": 77.296957009447283, "lat": 28.529195113187217 }, "geometry": { "type": "Polygon", "coordinates": [ [ [ 77.299514892686858, 28.526949335249739 ], [ 77.299514892686858, 28.531440891124696 ], [ 77.294399126207708, 28.531440891124696 ], [ 77.294399126207708, 28.526949335249739 ], [ 77.299514892686858, 28.526949335249739 ] ] ] } },
{ "type": "Feature", "properties": { "cell_id": 280, "lon": 77.102557883239569, "lat": 28.533686669062174 }, "geometry": { "type": "Polygon", "coordinates": [ [ [ 77.105115766479145, 28.531440891124696 ], [ 77.105115766479145, 28.535932446999652 ], [ 77.1, 28.535932446999652 ], [ 77.1, 28.531440891124696 ], [ 77.105115766479145, 28.531440891124696 ] ] ] } },
{ "type": "Feature", "properties": { "cell_id": 281, "lon": 77.10767364971872, "lat": 28.533686669062174 }, "geometry": { "type": "Polygon", "coordinates": [ [ [ 77.110231532958295, 28.531440891124696 ], [ 77.110231532958295, 28.535932446999652 ], [ 77.105115766479145, 28.535932446999652 ], [ 77.105115766479145, 28.531440891124696 ], [ 77.110231532958295, 28.531440891124696 ] ] ] } },
{ "type": "Feature", "properties": { "cell_id": 282, "lon": 77.11278941619787, "lat": 28.533686669062174 }, "geometry": { "type": "Polygon", "coordinates": [ [ [ 77.115347299437445, 28.531440891124696 ], [ 77.115347299437445, 28.535932446999652 ], [ 77.110231532958295, 28.535932446999652 ], [ 77.110231532958295, 28.531440891124696 ], [ 77.115347299437445, 28.531440891124696 ] ] ] } },
{ "type": "Feature", "properties": { "cell_id": 283, "lon": 77.117905182677021, "lat": 28.533686669062174 }, "geometry": { "type": "Polygon", "coordinates": [ [ [ 77.120463065916596, 28.531440891124696 ], [ 77.120463065916596, 28.535932446999652 ], [ 77.115347299437445, 28.535932446999652 ], [ 77.115347299437445, 28.531440891124696 ], [ 77.120463065916596, 28.531440891124696 ] ] ] } },
{ "type": "Feature", "properties": { "cell_id": 284, "lon": 77.123020949156171, "lat": 28.533686669062174 }, "geometry": { "type": "Polygon", "coordinates": [ [ [ 77.125578832395746, 28.531440891124696 ], [ 77.125578832395746, 28.535932446999652 ], [ 77.120463065916596, 28.535932446999652 ], [ 77.120463065916596, 28.531440891124696 ], [ 77.125578832395746, 28.531440891124696 ] ] ] } },
{ "type": "Feature", "properties": { "cell_id": 285, "lon": 77.128136715635321, "lat": 28.533686669062174 }, "geometry": { "type": "Polygon", "coordinates": [ [ [ 77.130694598874896, 28.531440891124696 ], [ 77.130694598874896, 28.535932446999652 ], [ 77.125578832395746, 28.535932446999652 ], [ 77.125578832395746, 28.531440891124696 ], [ 77.130694598874896, 28.531440891124696 ] ] ] } },
{ "type": "Feature", "properties": { "cell_id": 286, "lon": 77.133252482114472, "lat": 28.533686669062174 }, "geometry": { "type": "Polygon", "coordinates": [ [ [ 77.135810365354047, 28.531440891124696 ], [ 77.135810365354047, 28.535932446999652 ], [ 77.130694598874896, 28.535932446999652 ], [ 77.130694598874896, 28.531440891124696 ], [ 77.135810365354047, 28.531440891124696 ] ] ] } },
{ "type": "Feature", "properties": { "cell_id": 287, "lon": 77.138368248593622, "lat": 28.533686669062174 }, "geometry": { "type": "Polygon", "coordinates": [ [ [ 77.140926131833197, 28.531440891124696 ], [ 77.140926131833197, 28.535932446999652 ], [ 77.135810365354047, 28.535932446999652 ], [ 77.135810365354047, 28.531440891124696 ], [ 77.140926131833197, 28.531440891124696 ] ] ] } },
{ "type": "Feature", "properties": { "cell_id": 288, "lon": 77.143484015072772, "lat": 28.533686669062174 }, "geometry": { "type": "Polygon", "coordinates": [ [ [ 77.146041898312347, 28.531440891124696 ], [ 77.146041898312347, 28.535932446999652 ], [ 77.140926131833197, 28.535932446999652 ], [ 77.140926131833197, 28.531440891124696 ], [ 77.146041898312347, 28.531440891124696 ] ] ] } },
{ "type": "Feature", "properties": { "cell_id": 289, "lon": 77.148599781551923, "lat": 28.533686669062174 }, "geometry": { "type": "Polygon", "coordinates": [ [ [ 77.151157664791498, 28.531440891124696 ], [ 77.151157664791498, 28.535932446999652 ], [ 77.146041898312347, 28.535932446999652 ], [ 77.146041898312347, 28.531440891124696 ], [ 77.151157664791498, 28.531440891124696 ] ] ] } },
{ "type": "Feature", "properties": { "cell_id": 290, "lon": 77.153715548031073, "lat": 28.533686669062174 }, "geometry": { "type": "Polygon", "coordinates": [ [ [ 77.156273431270648, 28.531440891124696 ], [ 77.156273431270648, 28.535932446999652 ], [ 77.151157664791498, 28.535932446999652 ], [ 77.151157664791498, 28.531440891124696 ], [ 77.156273431270648, 28.531440891124696 ] ] ] } },
{ "type": "Feature", "properties": { "cell_id": 291, "lon": 77.158831314510223, "lat": 28.533686669062174 }, "geometry": { "type": "Polygon", "coordinates": [ [ [ 77.161389197749799, 28.531440891124696 ], [ 77.161389197749799, 28.535932446999652 ], [ 77.156273431270648, 28.535932446999652 ], [ 77.156273431270648, 28.531440891124696 ], [ 77.161389197749799, 28.531440891124696 ] ] ] } },
{ "type": "Feature", "properties": { "cell_id": 292, "lon": 77.163947080989374, "lat": 28.533686669062174 }, "geometry": { "type": "Polygon", "coordinates": [ [ [ 77.166504964228949, 28.531440891124696 ], [ 77.166504964228949, 28.535932446999652 ], [ 77.161389197749799, 28.535932446999652 ], [ 77.161389197749799, 28.531440891124696 ], [ 77.166504964228949, 28.531440891124696 ] ] ] } },
{ "type": "Feature", "properties": { "cell_id": 293, "lon": 77.169062847468524, "lat": 28.533686669062174 }, "geometry": { "type": "Polygon", "coordinates": [ [ [ 77.171620730708099, 28.531440891124696 ], [ 77.171620730708099, 28.535932446999652 ], [ 77.166504964228949, 28.535932446999652 ], [ 77.166504964228949, 28.531440891124696 ], [ 77.171620730708099, 28.531440891124696 ] ] ] } },
{ "type": "Feature", "properties": { "cell_id": 294, "lon": 77.174178613947674, "lat": 28.533686669062174 }, "geometry": { "type": "Polygon", "coordinates": [ [ [ 77.17673649718725, 28.531440891124696 ], [ 77.17673649718725, 28.535932446999652 ], [ 77.171620730708099, 28.535932446999652 ], [ 77.171620730708099, 28.531440891124696 ], [ 77.17673649718725, 28.531440891124696 ] ] ] } },
{ "type": "Feature", "properties": { "cell_id": 295, "lon": 77.179294380426825, "lat": 28.533686669062174 }, "geometry": { "type": "Polygon", "coordinates": [ [ [ 77.1818522636664, 28.531440891124696 ], [ 77.1818522636664, 28.535932446999652 ], [ 77.17673649718725, 28.535932446999652 ], [ 77.17673649718725, 28.531440891124696 ], [ 77.1818522636664, 28.531440891124696 ] ] ] } },
{ "type": "Feature", "properties": { "cell_id": 296, "lon": 77.184410146905975, "lat": 28.533686669062174 }, "geometry": { "type": "Polygon", "coordinates": [ [ [ 77.18696803014555, 28.531440891124696 ], [ 77.18696803014555, 28.535932446999652 ], [ 77.1818522636664, 28.535932446999652 ], [ 77.1818522636664, 28.531440891124696 ], [ 77.18696803014555, 28.531440891124696 ] ] ] } },
{ "type": "Feature", "properties": { "cell_id": 297, "lon": 77.189525913385125, "lat": 28.533686669062174 }, "geometry": { "type": "Polygon", "coordinates": [ [ [ 77.192083796624701, 28.531440891124696 ], [ 77.192083796624701, 28.535932446999652 ], [ 77.18696803014555, 28.535932446999652 ], [ 77.18696803014555, 28.531440891124696 ], [ 77.192083796624701, 28.531440891124696 ] ] ] } },
{ "type": "Feature", "properties": { "cell_id": 298, "lon": 77.194641679864276, "lat": 28.533686669062174 }, "geometry": { "type": "Polygon", "coordinates": [ [ [ 77.197199563103851, 28.531440891124696 ], [ 77.197199563103851, 28.535932446999652 ], [ 77.192083796624701, 28.535932446999652 ], [ 77.192083796624701, 28.531440891124696 ], [ 77.197199563103851, 28.531440891124696 ] ] ] } },
{ "type": "Feature", "properties": { "cell_id": 299, "lon": 77.199757446343426, "lat": 28.533686669062174 }, "geometry": { "type": "Polygon", "coordinates": [ [ [ 77.202315329583001, 28.531440891124696 ], [ 77.202315329583001, 28.535932446999652 ], [ 77.197199563103851, 28.535932446999652 ], [ 77.197199563103851, 28.531440891124696 ], [ 77.202315329583001, 28.531440891124696 ] ] ] } },
{ "type": "Feature", "properties": { "cell_id": 300, "lon": 77.204873212822577, "lat": 28.533686669062174 }, "geometry": { "type": "Polygon", "coordinates": [ [ [ 77.207431096062152, 28.531440891124696 ], [ 77.207431096062152, 28.535932446999652 ], [ 77.202315329583001, 28.535932446999652 ], [ 77.202315329583001, 28.531440891124696 ], [ 77.207431096062152, 28.531440891124696 ] ] ] } },
{ "type": "Feature", "properties": { "cell_id": 301, "lon": 77.209988979301727, "lat": 28.533686669062174 }, "geometry": { "type": "Polygon", "coordinates": [ [ [ 77.212546862541302, 28.531440891124696 ], [ 77.212546862541302, 28.535932446999652 ], [ 77.207431096062152, 28.535932446999652 ], [ 77.207431096062152, 28.531440891124696 ], [ 77.212546862541302, 28.531440891124696 ] ] ] } },
{ "type": "Feature", "properties": { "cell_id": 302, "lon": 77.215104745780877, "lat": 28.533686669062174 }, "geometry": { "type": "Polygon", "coordinates": [ [ [ 77.217662629020452, 28.531440891124696 ], [ 77.217662629020452, 28.535932446999652 ], [ 77.212546862541302, 28.535932446999652 ], [ 77.212546862541302, 28.531440891124696 ], [ 77.217662629020452, 28.531440891124696 ] ] ] } },
{ "type": "Feature", "properties": { "cell_id": 303, "lon": 77.220220512260028, "lat": 28.533686669062174 }, "geometry": { "type": "Polygon", "coordinates": [ [ [ 77.222778395499603, 28.531440891124696 ], [ 77.222778395499603, 28.535932446999652 ], [ 77.217662629020452, 28.535932446999652 ], [ 77.217662629020452, 28.531440891124696 ], [ 77.222778395499603, 28.531440891124696 ] ] ] } },
{ "type": "Feature", "properties": { "cell_id": 304, "lon": 77.225336278739178, "lat": 28.533686669062174 }, "geometry": { "type": "Polygon", "coordinates": [ [ [ 77.227894161978753, 28.531440891124696 ], [ 77.227894161978753, 28.535932446999652 ], [ 77.222778395499603, 28.535932446999652 ], [ 77.222778395499603, 28.531440891124696 ], [ 77.227894161978753, 28.531440891124696 ] ] ] } },
{ "type": "Feature", "properties": { "cell_id": 305, "lon": 77.230452045218328, "lat": 28.533686669062174 }, "geometry": { "type": "Polygon", "coordinates": [ [ [ 77.233009928457903, 28.531440891124696 ], [ 77.233009928457903, 28.535932446999652 ], [ 77.227894161978753, 28.535932446999652 ], [ 77.227894161978753, 28.531440891124696 ], [ 77.233009928457903, 28.531440891124696 ] ] ] } },
{ "type": "Feature", "properties": { "cell_id": 306, "lon": 77.235567811697479, "lat": 28.533686669062174 }, "geometry": { "type": "Polygon", "coordinates": [ [ [ 77.238125694937054, 28.531440891124696 ], [ 77.238125694937054, 28.535932446999652 ], [ 77.233009928457903, 28.535932446999652 ], [ 77.233009928457903, 28.531440891124696 ], [ 77.238125694937054, 28.531440891124696 ] ] ] } },
{ "type": "Feature", "properties": { "cell_id": 307, "lon": 77.240683578176629, "lat": 28.533686669062174 }, "geometry": { "type": "Polygon", "coordinates": [ [ [ 77.243241461416204, 28.531440891124696 ], [ 77.243241461416204, 28.535932446999652 ], [ 77.238125694937054, 28.535932446999652 ], [ 77.238125694937054, 28.531440891124696 ], [ 77.243241461416204, 28.531440891124696 ] ] ] } },
{ "type": "Feature", "properties": { "cell_id": 308, "lon": 77.245799344655779, "lat": 28.533686669062174 }, "geometry": { "type": "Polygon", "coordinates": [ [ [ 77.248357227895355, 28.531440891124696 ], [ 77.248357227895355, 28.535932446999652 ], [ 77.243241461416204, 28.535932446999652 ], [ 77.243241461416204, 28.531440891124696 ], [ 77.248357227895355, 28.531440891124696 ] ] ] } },
{ "type": "Feature", "properties": { "cell_id": 309, "lon": 77.25091511113493, "lat": 28.533686669062174 }, "geometry": { "type": "Polygon", "coordinates": [ [ [ 77.253472994374505, 28.531440891124696 ], [ 77.253472994374505, 28.535932446999652 ], [ 77.248357227895355, 28.535932446999652 ], [ 77.248357227895355, 28.531440891124696 ], [ 77.253472994374505, 28.531440891124696 ] ] ] } },
{ "type": "Feature", "properties": { "cell_id": 310, "lon": 77.25603087761408, "lat": 28.533686669062174 }, "geometry": { "type": "Polygon", "coordinates": [ [ [ 77.258588760853655, 28.531440891124696 ], [ 77.258588760853655, 28.535932446999652 ], [ 77.253472994374505, 28.535932446999652 ], [ 77.253472994374505, 28.531440891124696 ], [ 77.258588760853655, 28.531440891124696 ] ] ] } },
{ "type": "Feature", "properties": { "cell_id": 311, "lon": 77.26114664409323, "lat": 28.533686669062174 }, "geometry": { "type": "Polygon", "coordinates": [ [ [ 77.263704527332806, 28.531440891124696 ], [ 77.263704527332806, 28.535932446999652 ], [ 77.258588760853655, 28.535932446999652 ], [ 77.258588760853655, 28.531440891124696 ], [ 77.263704527332806, 28.531440891124696 ] ] ] } },
{ "type": "Feature", "properties": { "cell_id": 312, "lon": 77.266262410572381, "lat": 28.533686669062174 }, "geometry": { "type": "Polygon", "coordinates": [ [ [ 77.268820293811956, 28.531440891124696 ], [ 77.268820293811956, 28.535932446999652 ], [ 77.263704527332806, 28.535932446999652 ], [ 77.263704527332806, 28.531440891124696 ], [ 77.268820293811956, 28.531440891124696 ] ] ] } },
{ "type": "Feature", "properties": { "cell_id": 313, "lon": 77.271378177051531, "lat": 28.533686669062174 }, "geometry": { "type": "Polygon", "coordinates": [ [ [ 77.273936060291106, 28.531440891124696 ], [ 77.273936060291106, 28.535932446999652 ], [ 77.268820293811956, 28.535932446999652 ], [ 77.268820293811956, 28.531440891124696 ], [ 77.273936060291106, 28.531440891124696 ] ] ] } },
{ "type": "Feature", "properties": { "cell_id": 314, "lon": 77.276493943530681, "lat": 28.533686669062174 }, "geometry": { "type": "Polygon", "coordinates": [ [ [ 77.279051826770257, 28.531440891124696 ], [ 77.279051826770257, 28.535932446999652 ], [ 77.273936060291106, 28.535932446999652 ], [ 77.273936060291106, 28.531440891124696 ], [ 77.279051826770257, 28.531440891124696 ] ] ] } },
{ "type": "Feature", "properties": { "cell_id": 315, "lon": 77.281609710009832, "lat": 28.533686669062174 }, "geometry": { "type": "Polygon", "coordinates": [ [ [ 77.284167593249407, 28.531440891124696 ], [ 77.284167593249407, 28.535932446999652 ], [ 77.279051826770257, 28.535932446999652 ], [ 77.279051826770257, 28.531440891124696 ], [ 77.284167593249407, 28.531440891124696 ] ] ] } },
{ "type": "Feature", "properties": { "cell_id": 316, "lon": 77.286725476488982, "lat": 28.533686669062174 }, "geometry": { "type": "Polygon", "coordinates": [ [ [ 77.289283359728557, 28.531440891124696 ], [ 77.289283359728557, 28.535932446999652 ], [ 77.284167593249407, 28.535932446999652 ], [ 77.284167593249407, 28.531440891124696 ], [ 77.289283359728557, 28.531440891124696 ] ] ] } },
{ "type": "Feature", "properties": { "cell_id": 317, "lon": 77.291841242968133, "lat": 28.533686669062174 }, "geometry": { "type": "Polygon", "coordinates": [ [ [ 77.294399126207708, 28.531440891124696 ], [ 77.294399126207708, 28.535932446999652 ], [ 77.289283359728557, 28.535932446999652 ], [ 77.289283359728557, 28.531440891124696 ], [ 77.294399126207708, 28.531440891124696 ] ] ] } },
{ "type": "Feature", "properties": { "cell_id": 318, "lon": 77.296957009447283, "lat": 28.533686669062174 }, "geometry": { "type": "Polygon", "coordinates": [ [ [ 77.299514892686858, 28.531440891124696 ], [ 77.299514892686858, 28.535932446999652 ], [ 77.294399126207708, 28.535932446999652 ], [ 77.294399126207708, 28.531440891124696 ], [ 77.299514892686858, 28.531440891124696 ] ] ] } },
{ "type": "Feature", "properties": { "cell_id": 320, "lon": 77.102557883239569, "lat": 28.538178224937131 }, "geometry": { "type": "Polygon", "coordinates": [ [ [ 77.105115766479145, 28.535932446999652 ], [ 77.105115766479145, 28.540424002874609 ], [ 77.1, 28.540424002874609 ], [ 77.1, 28.535932446999652 ], [ 77.105115766479145, 28.535932446999652 ] ] ] } },
{ "type": "Feature", "properties": { "cell_id": 321, "lon": 77.10767364971872, "lat": 28.538178224937131 }, "geometry": { "type": "Polygon", "coordinates": [ [ [ 77.110231532958295, 28.535932446999652 ], [ 77.110231532958295, 28.540424002874609 ], [ 77.105115766479145, 28.540424002874609 ], [ 77.105115766479145, 28.535932446999652 ], [ 77.110231532958295, 28.535932446999652 ] ] ] } },
{ "type": "Feature", "properties": { "cell_id": 322, "lon": 77.11278941619787, "lat": 28.538178224937131 }, "geometry": { "type": "Polygon", "coordinates": [ [ [ 77.115347299437445, 28.535932446999652 ], [ 77.115347299437445, 28.540424002874609 ], [ 77.110231532958295, 28.540424002874609 ], [ 77.110231532958295, 28.535932446999652 ], [ 77.115347299437445, 28.535932446999652 ] ] ] } },
{ "type": "Feature", "properties": { "cell_id": 323, "lon": 77.117905182677021, "lat": 28.538178224937131 }, "geometry": { "type": "Polygon", "coordinates": [ [ [ 77.120463065916596, 28.535932446999652 ], [ 77.120463065916596, 28.540424002874609 ], [ 77.115347299437445, 28.540424002874609 ], [ 77.115347299437445, 28.535932446999652 ], [ 77.120463065916596, 28.535932446999652 ] ] ] } },
{ "type": "Feature", "properties": { "cell_id": 324, "lon": 77.123020949156171, "lat": 28.538178224937131 }, "geometry": { "type": "Polygon", "coordinates": [ [ [ 77.125578832395746, 28.535932446999652 ], [ 77.125578832395746, 28.540424002874609 ], [ 77.120463065916596, 28.540424002874609 ], [ 77.120463065916596, 28.535932446999652 ], [ 77.125578832395746, 28.535932446999652 ] ] ] } },
{ "type": "Feature", "properties": { "cell_id": 325, "lon": 77.128136715635321, "lat": 28.538178224937131 }, "geometry": { "type": "Polygon", "coordinates": [ [ [ 77.130694598874896, 28.535932446999652 ], [ 77.130694598874896, 28.540424002874609 ], [ 77.125578832395746, 28.540424002874609 ], [ 77.125578832395746, 28.535932446999652 ], [ 77.130694598874896, 28.535932446999652 ] ] ] } },
{ "type": "Feature", "properties": { "cell_id": 326, "lon": 77.133252482114472, "lat": 28.538178224937131 }, "geometry": { "type": "Polygon", "coordinates": [ [ [ 77.135810365354047, 28.535932446999652 ], [ 77.135810365354047, 28.540424002874609 ], [ 77.130694598874896, 28.540424002874609 ], [ 77.130694598874896, 28.535932446999652 ], [ 77.135810365354047, 28.535932446999652 ] ] ] } },
{ "type": "Feature", "properties": { "cell_id": 327, "lon": 77.138368248593622, "lat": 28.538178224937131 }, "geometry": { "type": "Polygon", "coordinates": [ [ [ 77.140926131833197, 28.535932446999652 ], [ 77.140926131833197, 28.540424002874609 ], [ 77.135810365354047, 28.540424002874609 ], [ 77.135810365354047, 28.535932446999652 ], [ 77.140926131833197, 28.535932446999652 ] ] ] } },
{ "type": "Feature", "properties": { "cell_id": 328, "lon": 77.143484015072772, "lat": 28.538178224937131 }, "geometry": { "type": "Polygon", "coordinates": [ [ [ 77.146041898312347, 28.535932446999652 ], [ 77.146041898312347, 28.540424002874609 ], [ 77.140926131833197, 28.540424002874609 ], [ 77.140926131833197, 28.535932446999652 ], [ 77.146041898312347, 28.535932446999652 ] ] ] } },
{ "type": "Feature", "properties": { "cell_id": 329, "lon": 77.148599781551923, "lat": 28.538178224937131 }, "geometry": { "type": "Polygon", "coordinates": [ [ [ 77.151157664791498, 28.535932446999652 ], [ 77.151157664791498, 28.540424002874609 ], [ 77.146041898312347, 28.540424002874609 ], [ 77.146041898312347, 28.535932446999652 ], [ 77.151157664791498, 28.535932446999652 ] ] ] } },
{ "type": "Feature", "properties": { "cell_id": 330, "lon": 77.153715548031073, "lat": 28.538178224937131 }, "geometry": { "type": "Polygon", "coordinates": [ [ [ 77.156273431270648, 28.535932446999652 ], [ 77.156273431270648, 28.540424002874609 ], [ 77.151157664791498, 28.540424002874609 ], [ 77.151157664791498, 28.535932446999652 ], [ 77.156273431270648, 28.535932446999652 ] ] ] } },
{ "type": "Feature", "properties": { "cell_id": 331, "lon": 77.158831314510223, "lat": 28.538178224937131 }, "geometry": { "type": "Polygon", "coordinates": [ [ [ 77.161389197749799, 28.535932446999652 ], [ 77.161389197749799, 28.540424002874609 ], [ 77.156273431270648, 28.540424002874609 ], [ 77.156273431270648, 28.535932446999652 ], [ 77.161389197749799, 28.535932446999652 ] ] ] } },
{ "type": "Feature", "properties": { "cell_id": 332, "lon": 77.163947080989374, "lat": 28.538178224937131 }, "geometry": { "type": "Polygon", "coordinates": [ [ [ 77.166504964228949, 28.535932446999652 ], [ 77.166504964228949, 28.540424002874609 ], [ 77.161389197749799, 28.540424002874609 ], [ 77.161389197749799, 28.535932446999652 ], [ 77.166504964228949, 28.535932446999652 ] ] ] } },
{ "type": "Feature", "properties": { "cell_id": 333, "lon": 77.169062847468524, "lat": 28.538178224937131 }, "geometry": { "type": "Polygon", "coordinates": [ [ [ 77.171620730708099, 28.535932446999652 ], [ 77.171620730708099, 28.540424002874609 ], [ 77.166504964228949, 28.540424002874609 ], [ 77.166504964228949, 28.535932446999652 ], [ 77.171620730708099, 28.535932446999652 ] ] ] } },
{ "type": "Feature", "properties": { "cell_id": 334, "lon": 77.174178613947674, "lat": 28.538178224937131 }, "geometry": { "type": "Polygon", "coordinates": [ [ [ 77.17673649718725, 28.535932446999652 ], [ 77.17673649718725, 28.540424002874609 ], [ 77.171620730708099, 28.540424002874609 ], [ 77.171620730708099, 28.535932446999652 ], [ 77.17673649718725, 28.535932446999652 ] ] ] } },
{ "type": "Feature", "properties": { "cell_id": 335, "lon": 77.179294380426825, "lat": 28.538178224937131 }, "geometry": { "type": "Polygon", "coordinates": [ [ [ 77.1818522636664, 28.535932446999652 ], [ 77.1818522636664, 28.540424002874609 ], [ 77.17673649718725, 28.540424002874609 ], [ 77.17673649718725, 28.535932446999652 ], [ 77.1818522636664, 28.535932446999652 ] ] ] } },
{ "type": "Feature", "properties": { "cell_id": 336, "lon": 77.184410146905975, "lat": 28.538178224937131 }, "geometry": { "type": "Polygon", "coordinates": [ [ [ 77.18696803014555, 28.535932446999652 ], [ 77.18696803014555, 28.540424002874609 ], [ 77.1818522636664, 28.540424002874609 ], [ 77.1818522636664, 28.535932446999652 ], [ 77.18696803014555, 28.535932446999652 ] ] ] } },
{ "type": "Feature", "properties": { "cell_id": 337, "lon": 77.189525913385125, "lat": 28.538178224937131 }, "geometry": { "type": "Polygon", "coordinates": [ [ [ 77.192083796624701, 28.535932446999652 ], [ 77.192083796624701, 28.540424002874609 ], [ 77.18696803014555, 28.540424002874609 ], [ 77.18696803014555, 28.535932446999652 ], [ 77.192083796624701, 28.535932446999652 ] ] ] } },
{ "type": "Feature", "properties": { "cell_id": 338, "lon": 77.194641679864276, "lat": 28.538178224937131 }, "geometry": { "type": "Polygon", "coordinates": [ [ [ 77.197199563103851, 28.535932446999652 ], [ 77.197199563103851, 28.540424002874609 ], [ 77.192083796624701, 28.540424002874609 ], [ 77.192083796624701, 28.535932446999652 ], [ 77.197199563103851, 28.535932446999652 ] ] ] } },
{ "type": "Feature", "properties": { "cell_id": 339, "lon": 77.199757446343426, "lat": 28.538178224937131 }, "geometry": { "type": "Polygon", "coordinates": [ [ [ 77.202315329583001, 28.535932446999652 ], [ 77.202315329583001, 28.540424002874609 ], [ 77.197199563103851, 28.540424002874609 ], [ 77.197199563103851, 28.535932446999652 ], [ 77.202315329583001, 28.535932446999652 ] ] ] } },
{ "type": "Feature", "properties": { "cell_id": 340, "lon": 77.204873212822577, "lat": 28.538178224937131 }, "geometry": { "type": "Polygon", "coordinates": [ [ [ 77.207431096062152, 28.535932446999652 ], [ 77.207431096062152, 28.540424002874609 ], [ 77.202315329583001, 28.540424002874609 ], [ 77.202315329583001, 28.535932446999652 ], [ 77.207431096062152, 28.535932446999652 ] ] ] } },
{ "type": "Feature", "properties": { "cell_id": 341, "lon": 77.209988979301727, "lat": 28.538178224937131 }, "geometry": { "type": "Polygon", "coordinates": [ [ [ 77.212546862541302, 28.535932446999652 ], [ 77.212546862541302, 28.540424002874609 ], [ 77.207431096062152, 28.540424002874609 ], [ 77.207431096062152, 28.535932446999652 ], [ 77.212546862541302, 28.535932446999652 ] ] ] } },
{ "type": "Feature", "properties": { "cell_id": 342, "lon": 77.215104745780877, "lat": 28.538178224937131 }, "geometry": { "type": "Polygon", "coordinates": [ [ [ 77.217662629020452, 28.535932446999652 ], [ 77.217662629020452, 28.540424002874609 ], [ 77.212546862541302, 28.540424002874609 ], [ 77.212546862541302, 28.535932446999652 ], [ 77.217662629020452, 28.535932446999652 ] ] ] } },
{ "type": "Feature", "properties": { "cell_id": 343, "lon": 77.220220512260028, "lat": 28.538178224937131 }, "geometry": { "type": "Polygon", "coordinates": [ [ [ 77.222778395499603, 28.535932446999652 ], [ 77.222778395499603, 28.540424002874609 ], [ 77.217662629020452, 28.540424002874609 ], [ 77.217662629020452, 28.535932446999652 ], [ 77.222778395499603, 28.535932446999652 ] ] ] } },
{ "type": "Feature", "properties": { "cell_id": 344, "lon": 77.225336278739178, "lat": 28.538178224937131 }, "geometry": { "type": "Polygon", "coordinates": [ [ [ 77.227894161978753, 28.535932446999652 ], [ 77.227894161978753, 28.540424002874609 ], [ 77.222778395499603, 28.540424002874609 ], [ 77.222778395499603, 28.535932446999652 ], [ 77.227894161978753, 28.535932446999652 ] ] ] } },
{ "type": "Feature", "properties": { "cell_id": 345, "lon": 77.230452045218328, "lat": 28.538178224937131 }, "geometry": { "type": "Polygon", "coordinates": [ [ [ 77.233009928457903, 28.535932446999652 ], [ 77.233009928457903, 28.540424002874609 ], [ 77.227894161978753, 28.540424002874609 ], [ 77.227894161978753, 28.535932446999652 ], [ 77.233009928457903, 28.535932446999652 ] ] ] } },
{ "type": "Feature", "properties": { "cell_id": 346, "lon": 77.235567811697479, "lat": 28.538178224937131 }, "geometry": { "type": "Polygon", "coordinates": [ [ [ 77.238125694937054, 28.535932446999652 ], [ 77.238125694937054, 28.540424002874609 ], [ 77.233009928457903, 28.540424002874609 ], [ 77.233009928457903, 28.535932446999652 ], [ 77.238125694937054, 28.535932446999652 ] ] ] } },
{ "type": "Feature", "properties": { "cell_id": 347, "lon": 77.240683578176629, "lat": 28.538178224937131 }, "geometry": { "type": "Polygon", "coordinates": [ [ [ 77.243241461416204, 28.535932446999652 ], [ 77.243241461416204, 28.540424002874609 ], [ 77.238125694937054, 28.540424002874609 ], [ 77.238125694937054, 28.535932446999652 ], [ 77.243241461416204, 28.535932446999652 ] ] ] } },
{ "type": "Feature", "properties": { "cell_id": 348, "lon": 77.245799344655779, "lat": 28.538178224937131 }, "geometry": { "type": "Polygon", "coordinates": [ [ [ 77.248357227895355, 28.535932446999652 ], [ 77.248357227895355, 28.540424002874609 ], [ 77.243241461416204, 28.540424002874609 ], [ 77.243241461416204, 28.535932446999652 ], [ 77.248357227895355, 28.535932446999652 ] ] ] } },
{ "type": "Feature", "properties": { "cell_id": 349, "lon": 77.25091511113493, "lat": 28.538178224937131 }, "geometry": { "type": "Polygon", "coordinates": [ [ [ 77.253472994374505, 28.535932446999652 ], [ 77.253472994374505, 28.540424002874609 ], [ 77.248357227895355, 28.540424002874609 ], [ 77.248357227895355, 28.535932446999652 ], [ 77.253472994374505, 28.535932446999652 ] ] ] } },
{ "type": "Feature", "properties": { "cell_id": 350, "lon": 77.25603087761408, "lat": 28.538178224937131 }, "geometry": { "type": "Polygon", "coordinates": [ [ [ 77.258588760853655, 28.535932446999652 ], [ 77.258588760853655, 28.540424002874609 ], [ 77.253472994374505, 28.540424002874609 ], [ 77.253472994374505, 28.535932446999652 ], [ 77.258588760853655, 28.535932446999652 ] ] ] } },
{ "type": "Feature", "properties": { "cell_id": 351, "lon": 77.26114664409323, "lat": 28.538178224937131 }, "geometry": { "type": "Polygon", "coordinates": [ [ [ 77.263704527332806, 28.535932446999652 ], [ 77.263704527332806, 28.540424002874609 ], [ 77.258588760853655, 28.540424002874609 ], [ 77.258588760853655, 28.535932446999652 ], [ 77.263704527332806, 28.535932446999652 ] ] ] } },
{ "type": "Feature", "properties": { "cell_id": 352, "lon": 77.266262410572381, "lat": 28.538178224937131 }, "geometry": { "type": "Polygon", "coordinates": [ [ [ 77.268820293811956, 28.535932446999652 ], [ 77.268820293811956, 28.540424002874609 ], [ 77.263704527332806, 28.540424002874609 ], [ 77.263704527332806, 28.535932446999652 ], [ 77.268820293811956, 28.535932446999652 ] ] ] } },
{ "type": "Feature", "properties": { "cell_id": 353, "lon": 77.271378177051531, "lat": 28.538178224937131 }, "geometry": { "type": "Polygon", "coordinates": [ [ [ 77.273936060291106, 28.535932446999652 ], [ 77.273936060291106, 28.540424002874609 ], [ 77.268820293811956, 28.540424002874609 ], [ 77.268820293811956, 28.535932446999652 ], [ 77.273936060291106, 28.535932446999652 ] ] ] } },
{ "type": "Feature", "properties": { "cell_id": 354, "lon": 77.276493943530681, "lat": 28.538178224937131 }, "geometry": { "type": "Polygon", "coordinates": [ [ [ 77.279051826770257, 28.535932446999652 ], [ 77.279051826770257, 28.540424002874609 ], [ 77.273936060291106, 28.540424002874609 ], [ 77.273936060291106, 28.535932446999652 ], [ 77.279051826770257, 28.535932446999652 ] ] ] } },
{ "type": "Feature", "properties": { "cell_id": 355, "lon": 77.281609710009832, "lat": 28.538178224937131 }, "geometry": { "type": "Polygon", "coordinates": [ [ [ 77.284167593249407, 28.535932446999652 ], [ 77.284167593249407, 28.540424002874609 ], [ 77.279051826770257, 28.540424002874609 ], [ 77.279051826770257, 28.535932446999652 ], [ 77.284167593249407, 28.535932446999652 ] ] ] } },
{ "type": "Feature", "properties": { "cell_id": 356, "lon": 77.286725476488982, "lat": 28.538178224937131 }, "geometry": { "type": "Polygon", "coordinates": [ [ [ 77.289283359728557, 28.535932446999652 ], [ 77.289283359728557, 28.540424002874609 ], [ 77.284167593249407, 28.540424002874609 ], [ 77.284167593249407, 28.535932446999652 ], [ 77.289283359728557, 28.535932446999652 ] ] ] } },
{ "type": "Feature", "properties": { "cell_id": 357, "lon": 77.291841242968133, "lat": 28.538178224937131 }, "geometry": { "type": "Polygon", "coordinates": [ [ [ 77.294399126207708, 28.535932446999652 ], [ 77.294399126207708, 28.540424002874609 ], [ 77.289283359728557, 28.540424002874609 ], [ 77.289283359728557, 28.535932446999652 ], [ 77.294399126207708, 28.535932446999652 ] ] ] } },
{ "type": "Feature", "properties": { "cell_id": 358, "lon": 77.296957009447283, "lat": 28.538178224937131 }, "geometry": { "type": "Polygon", "coordinates": [ [ [ 77.299514892686858, 28.535932446999652 ], [ 77.299514892686858, 28.540424002874609 ], [ 77.294399126207708, 28.540424002874609 ], [ 77.294399126207708, 28.535932446999652 ], [ 77.299514892686858, 28.535932446999652 ] ] ] } },
{ "type": "Feature", "properties": { "cell_id": 360, "lon": 77.102557883239569, "lat": 28.542669780812087 }, "geometry": { "type": "Polygon", "coordinates": [ [ [ 77.105115766479145, 28.540424002874609 ], [ 77.105115766479145, 28.544915558749565 ], [ 77.1, 28.544915558749565 ], [ 77.1, 28.540424002874609 ], [ 77.105115766479145, 28.540424002874609 ] ] ] } },
{ "type": "Feature", "properties": { "cell_id": 361, "lon": 77.10767364971872, "lat": 28.542669780812087 }, "geometry": { "type": "Polygon", "coordinates": [ [ [ 77.110231532958295, 28.540424002874609 ], [ 77.110231532958295, 28.544915558749565 ], [ 77.105115766479145, 28.544915558749565 ], [ 77.105115766479145, 28.540424002874609 ], [ 77.110231532958295, 28.540424002874609 ] ] ] } },
{ "type": "Feature", "properties": { "cell_id": 362, "lon": 77.11278941619787, "lat": 28.542669780812087 }, "geometry": { "type": "Polygon", "coordinates": [ [ [ 77.115347299437445, 28.540424002874609 ], [ 77.115347299437445, 28.544915558749565 ], [ 77.110231532958295, 28.544915558749565 ], [ 77.110231532958295, 28.540424002874609 ], [ 77.115347299437445, 28.540424002874609 ] ] ] } },
{ "type": "Feature", "properties": { "cell_id": 363, "lon": 77.117905182677021, "lat": 28.542669780812087 }, "geometry": { "type": "Polygon", "coordinates": [ [ [ 77.120463065916596, 28.540424002874609 ], [ 77.120463065916596, 28.544915558749565 ], [ 77.115347299437445, 28.544915558749565 ], [ 77.115347299437445, 28.540424002874609 ], [ 77.120463065916596, 28.540424002874609 ] ] ] } },
{ "type": "Feature", "properties": { "cell_id": 364, "lon": 77.123020949156171, "lat": 28.542669780812087 }, "geometry": { "type": "Polygon", "coordinates": [ [ [ 77.125578832395746, 28.540424002874609 ], [ 77.125578832395746, 28.544915558749565 ], [ 77.120463065916596, 28.544915558749565 ], [ 77.120463065916596, 28.540424002874609 ], [ 77.125578832395746, 28.540424002874609 ] ] ] } },
{ "type": "Feature", "properties": { "cell_id": 365, "lon": 77.128136715635321, "lat": 28.542669780812087 }, "geometry": { "type": "Polygon", "coordinates": [ [ [ 77.130694598874896, 28.540424002874609 ], [ 77.130694598874896, 28.544915558749565 ], [ 77.125578832395746, 28.544915558749565 ], [ 77.125578832395746, 28.540424002874609 ], [ 77.130694598874896, 28.540424002874609 ] ] ] } },
{ "type": "Feature", "properties": { "cell_id": 366, "lon": 77.133252482114472, "lat": 28.542669780812087 }, "geometry": { "type": "Polygon", "coordinates": [ [ [ 77.135810365354047, 28.540424002874609 ], [ 77.135810365354047, 28.544915558749565 ], [ 77.130694598874896, 28.544915558749565 ], [ 77.130694598874896, 28.540424002874609 ], [ 77.135810365354047, 28.540424002874609 ] ] ] } },
{ "type": "Feature", "properties": { "cell_id": 367, "lon": 77.138368248593622, "lat": 28.542669780812087 }, "geometry": { "type": "Polygon", "coordinates": [ [ [ 77.140926131833197, 28.540424002874609 ], [ 77.140926131833197, 28.544915558749565 ], [ 77.135810365354047, 28.544915558749565 ], [ 77.135810365354047, 28.540424002874609 ], [ 77.140926131833197, 28.540424002874609 ] ] ] } },
{ "type": "Feature", "properties": { "cell_id": 368, "lon": 77.143484015072772, "lat": 28.542669780812087 }, "geometry": { "type": "Polygon", "coordinates": [ [ [ 77.146041898312347, 28.540424002874609 ], [ 77.146041898312347, 28.544915558749565 ], [ 77.140926131833197, 28.544915558749565 ], [ 77.140926131833197, 28.540424002874609 ], [ 77.146041898312347, 28.540424002874609 ] ] ] } },
{ "type": "Feature", "properties": { "cell_id": 369, "lon": 77.148599781551923, "lat": 28.542669780812087 }, "geometry": { "type": "Polygon", "coordinates": [ [ [ 77.151157664791498, 28.540424002874609 ], [ 77.151157664791498, 28.544915558749565 ], [ 77.146041898312347, 28.544915558749565 ], [ 77.146041898312347, 28.540424002874609 ], [ 77.151157664791498, 28.540424002874609 ] ] ] } },
{ "type": "Feature", "properties": { "cell_id": 370, "lon": 77.153715548031073, "lat": 28.542669780812087 }, "geometry": { "type": "Polygon", "coordinates": [ [ [ 77.156273431270648, 28.540424002874609 ], [ 77.156273431270648, 28.544915558749565 ], [ 77.151157664791498, 28.544915558749565 ], [ 77.151157664791498, 28.540424002874609 ], [ 77.156273431270648, 28.540424002874609 ] ] ] } },
{ "type": "Feature", "properties": { "cell_id": 371, "lon": 77.158831314510223, "lat": 28.542669780812087 }, "geometry": { "type": "Polygon", "coordinates": [ [ [ 77.161389197749799, 28.540424002874609 ], [ 77.161389197749799, 28.544915558749565 ], [ 77.156273431270648, 28.544915558749565 ], [ 77.156273431270648, 28.540424002874609 ], [ 77.161389197749799, 28.540424002874609 ] ] ] } },
{ "type": "Feature", "properties": { "cell_id": 372, "lon": 77.163947080989374, "lat": 28.542669780812087 }, "geometry": { "type": "Polygon", "coordinates": [ [ [ 77.166504964228949, 28.540424002874609 ], [ 77.166504964228949, 28.544915558749565 ], [ 77.161389197749799, 28.544915558749565 ], [ 77.161389197749799, 28.540424002874609 ], [ 77.166504964228949, 28.540424002874609 ] ] ] } },
{ "type": "Feature", "properties": { "cell_id": 373, "lon": 77.169062847468524, "lat": 28.542669780812087 }, "geometry": { "type": "Polygon", "coordinates": [ [ [ 77.171620730708099, 28.540424002874609 ], [ 77.171620730708099, 28.544915558749565 ], [ 77.166504964228949, 28.544915558749565 ], [ 77.166504964228949, 28.540424002874609 ], [ 77.171620730708099, 28.540424002874609 ] ] ] } },
{ "type": "Feature", "properties": { "cell_id": 374, "lon": 77.174178613947674, "lat": 28.542669780812087 }, "geometry": { "type": "Polygon", "coordinates": [ [ [ 77.17673649718725, 28.540424002874609 ], [ 77.17673649718725, 28.544915558749565 ], [ 77.171620730708099, 28.544915558749565 ], [ 77.171620730708099, 28.540424002874609 ], [ 77.17673649718725, 28.540424002874609 ] ] ] } },
{ "type": "Feature", "properties": { "cell_id": 375, "lon": 77.179294380426825, "lat": 28.542669780812087 }, "geometry": { "type": "Polygon", "coordinates": [ [ [ 77.1818522636664, 28.540424002874609 ], [ 77.1818522636664, 28.544915558749565 ], [ 77.17673649718725, 28.544915558749565 ], [ 77.17673649718725, 28.540424002874609 ], [ 77.1818522636664, 28.540424002874609 ] ] ] } },
{ "type": "Feature", "properties": { "cell_id": 376, "lon": 77.184410146905975, "lat": 28.542669780812087 }, "geometry": { "type": "Polygon", "coordinates": [ [ [ 77.18696803014555, 28.540424002874609 ], [ 77.18696803014555, 28.544915558749565 ], [ 77.1818522636664, 28.544915558749565 ], [ 77.1818522636664, 28.540424002874609 ], [ 77.18696803014555, 28.540424002874609 ] ] ] } },
{ "type": "Feature", "properties": { "cell_id": 377, "lon": 77.189525913385125, "lat": 28.542669780812087 }, "geometry": { "type": "Polygon", "coordinates": [ [ [ 77.192083796624701, 28.540424002874609 ], [ 77.192083796624701, 28.544915558749565 ], [ 77.18696803014555, 28.544915558749565 ], [ 77.18696803014555, 28.540424002874609 ], [ 77.192083796624701, 28.540424002874609 ] ] ] } },
{ "type": "Feature", "properties": { "cell_id": 378, "lon": 77.194641679864276, "lat": 28.542669780812087 }, "geometry": { "type": "Polygon", "coordinates": [ [ [ 77.197199563103851, 28.540424002874609 ], [ 77.197199563103851, 28.544915558749565 ], [ 77.192083796624701, 28.544915558749565 ], [ 77.192083796624701, 28.540424002874609 ], [ 77.197199563103851, 28.540424002874609 ] ] ] } },
{ "type": "Feature", "properties": { "cell_id": 379, "lon": 77.199757446343426, "lat": 28.542669780812087 }, "geometry": { "type": "Polygon", "coordinates": [ [ [ 77.202315329583001, 28.540424002874609 ], [ 77.202315329583001, 28.544915558749565 ], [ 77.197199563103851, 28.544915558749565 ], [ 77.197199563103851, 28.540424002874609 ], [ 77.202315329583001, 28.540424002874609 ] ] ] } },
{ "type": "Feature", "properties": { "cell_id": 380, "lon": 77.204873212822577, "lat": 28.542669780812087 }, "geometry": { "type": "Polygon", "coordinates": [ [ [ 77.207431096062152, 28.540424002874609 ], [ 77.207431096062152, 28.544915558749565 ], [ 77.202315329583001, 28.544915558749565 ], [ 77.202315329583001, 28.540424002874609 ], [ 77.207431096062152, 28.540424002874609 ] ] ] } },
{ "type": "Feature", "properties": { "cell_id": 381, "lon": 77.209988979301727, "lat": 28.542669780812087 }, "geometry": { "type": "Polygon", "coordinates": [ [ [ 77.212546862541302, 28.540424002874609 ], [ 77.212546862541302, 28.544915558749565 ], [ 77.207431096062152, 28.544915558749565 ], [ 77.207431096062152, 28.540424002874609 ], [ 77.212546862541302, 28.540424002874609 ] ] ] } },
{ "type": "Feature", "properties": { "cell_id": 382, "lon": 77.215104745780877, "lat": 28.542669780812087 }, "geometry": { "type": "Polygon", "coordinates": [ [ [ 77.217662629020452, 28.540424002874609 ], [ 77.217662629020452, 28.544915558749565 ], [ 77.212546862541302, 28.544915558749565 ], [ 77.212546862541302, 28.540424002874609 ], [ 77.217662629020452, 28.540424002874609 ] ] ] } },
{ "type": "Feature", "properties": { "cell_id": 383, "lon": 77.220220512260028, "lat": 28.542669780812087 }, "geometry": { "type": "Polygon", "coordinates": [ [ [ 77.222778395499603, 28.540424002874609 ], [ 77.222778395499603, 28.544915558749565 ], [ 77.217662629020452, 28.544915558749565 ], [ 77.217662629020452, 28.540424002874609 ], [ 77.222778395499603, 28.540424002874609 ] ] ] } },
{ "type": "Feature", "properties": { "cell_id": 384, "lon": 77.225336278739178, "lat": 28.542669780812087 }, "geometry": { "type": "Polygon", "coordinates": [ [ [ 77.227894161978753, 28.540424002874609 ], [ 77.227894161978753, 28.544915558749565 ], [ 77.222778395499603, 28.544915558749565 ], [ 77.222778395499603, 28.540424002874609 ], [ 77.227894161978753, 28.540424002874609 ] ] ] } },
{ "type": "Feature", "properties": { "cell_id": 385, "lon": 77.230452045218328, "lat": 28.542669780812087 }, "geometry": { "type": "Polygon", "coordinates": [ [ [ 77.233009928457903, 28.540424002874609 ], [ 77.233009928457903, 28.544915558749565 ], [ 77.227894161978753, 28.544915558749565 ], [ 77.227894161978753, 28.540424002874609 ], [ 77.233009928457903, 28.540424002874609 ] ] ] } },
{ "type": "Feature", "properties": { "cell_id": 386, "lon": 77.235567811697479, "lat": 28.542669780812087 }, "geometry": { "type": "Polygon", "coordinates": [ [ [ 77.238125694937054, 28.540424002874609 ], [ 77.238125694937054, 28.544915558749565 ], [ 77.233009928457903, 28.544915558749565 ], [ 77.233009928457903, 28.540424002874609 ], [ 77.238125694937054, 28.540424002874609 ] ] ] } },
{ "type": "Feature", "properties": { "cell_id": 387, "lon": 77.240683578176629, "lat": 28.542669780812087 }, "geometry": { "type": "Polygon", "coordinates": [ [ [ 77.243241461416204, 28.540424002874609 ], [ 77.243241461416204, 28.544915558749565 ], [ 77.238125694937054, 28.544915558749565 ], [ 77.238125694937054, 28.540424002874609 ], [ 77.243241461416204, 28.540424002874609 ] ] ] } },
{ "type": "Feature", "properties": { "cell_id": 388, "lon": 77.245799344655779, "lat": 28.542669780812087 }, "geometry": { "type": "Polygon", "coordinates": [ [ [ 77.248357227895355, 28.540424002874609 ], [ 77.248357227895355, 28.544915558749565 ], [ 77.243241461416204, 28.544915558749565 ], [ 77.243241461416204, 28.540424002874609 ], [ 77.248357227895355, 28.540424002874609 ] ] ] } },
{ "type": "Feature", "properties": { "cell_id": 389, "lon": 77.25091511113493, "lat": 28.542669780812087 }, "geometry": { "type": "Polygon", "coordinates": [ [ [ 77.253472994374505, 28.540424002874609 ], [ 77.253472994374505, 28.544915558749565 ], [ 77.248357227895355, 28.544915558749565 ], [ 77.248357227895355, 28.540424002874609 ], [ 77.253472994374505, 28.540424002874609 ] ] ] } },
{ "type": "Feature", "properties": { "cell_id": 390, "lon": 77.25603087761408, "lat": 28.542669780812087 }, "geometry": { "type": "Polygon", "coordinates": [ [ [ 77.258588760853655, 28.540424002874609 ], [ 77.258588760853655, 28.544915558749565 ], [ 77.253472994374505, 28.544915558749565 ], [ 77.253472994374505, 28.540424002874609 ], [ 77.258588760853655, 28.540424002874609 ] ] ] } },
{ "type": "Feature", "properties": { "cell_id": 391, "lon": 77.26114664409323, "lat": 28.542669780812087 }, "geometry": { "type": "Polygon", "coordinates": [ [ [ 77.263704527332806, 28.540424002874609 ], [ 77.263704527332806, 28.544915558749565 ], [ 77.258588760853655, 28.544915558749565 ], [ 77.258588760853655, 28.540424002874609 ], [ 77.263704527332806, 28.540424002874609 ] ] ] } },
{ "type": "Feature", "properties": { "cell_id": 392, "lon": 77.266262410572381, "lat": 28.542669780812087 }, "geometry": { "type": "Polygon", "coordinates": [ [ [ 77.268820293811956, 28.540424002874609 ], [ 77.268820293811956, 28.544915558749565 ], [ 77.263704527332806, 28.544915558749565 ], [ 77.263704527332806, 28.540424002874609 ], [ 77.268820293811956, 28.540424002874609 ] ] ] } },
{ "type": "Feature", "properties": { "cell_id": 393, "lon": 77.271378177051531, "lat": 28.542669780812087 }, "geometry": { "type": "Polygon", "coordinates": [ [ [ 77.273936060291106, 28.540424002874609 ], [ 77.273936060291106, 28.544915558749565 ], [ 77.268820293811956, 28.544915558749565 ], [ 77.268820293811956, 28.540424002874609 ], [ 77.273936060291106, 28.540424002874609 ] ] ] } },
{ "type": "Feature", "properties": { "cell_id": 394, "lon": 77.276493943530681, "lat": 28.542669780812087 }, "geometry": { "type": "Polygon", "coordinates": [ [ [ 77.279051826770257, 28.540424002874609 ], [ 77.279051826770257, 28.544915558749565 ], [ 77.273936060291106, 28.544915558749565 ], [ 77.273936060291106, 28.540424002874609 ], [ 77.279051826770257, 28.540424002874609 ] ] ] } },
{ "type": "Feature", "properties": { "cell_id": 395, "lon": 77.281609710009832, "lat": 28.542669780812087 }, "geometry": { "type": "Polygon", "coordinates": [ [ [ 77.284167593249407, 28.540424002874609 ], [ 77.284167593249407, 28.544915558749565 ], [ 77.279051826770257, 28.544915558749565 ], [ 77.279051826770257, 28.540424002874609 ], [ 77.284167593249407, 28.540424002874609 ] ] ] } },
{ "type": "Feature", "properties": { "cell_id": 396, "lon": 77.286725476488982, "lat": 28.542669780812087 }, "geometry": { "type": "Polygon", "coordinates": [ [ [ 77.289283359728557, 28.540424002874609 ], [ 77.289283359728557, 28.544915558749565 ], [ 77.284167593249407, 28.544915558749565 ], [ 77.284167593249407, 28.540424002874609 ], [ 77.289283359728557, 28.540424002874609 ] ] ] } },
{ "type": "Feature", "properties": { "cell_id": 397, "lon": 77.291841242968133, "lat": 28.542669780812087 }, "geometry": { "type": "Polygon", "coordinates": [ [ [ 77.294399126207708, 28.540424002874609 ], [ 77.294399126207708, 28.544915558749565 ], [ 77.289283359728557, 28.544915558749565 ], [ 77.289283359728557, 28.540424002874609 ], [ 77.294399126207708, 28.540424002874609 ] ] ] } },
{ "type": "Feature", "properties": { "cell_id": 398, "lon": 77.296957009447283, "lat": 28.542669780812087 }, "geometry": { "type": "Polygon", "coordinates": [ [ [ 77.299514892686858, 28.540424002874609 ], [ 77.299514892686858, 28.544915558749565 ], [ 77.294399126207708, 28.544915558749565 ], [ 77.294399126207708, 28.540424002874609 ], [ 77.299514892686858, 28.540424002874609 ] ] ] } },
{ "type": "Feature", "properties": { "cell_id": 400, "lon": 77.102557883239569, "lat": 28.547161336687044 }, "geometry": { "type": "Polygon", "coordinates": [ [ [ 77.105115766479145, 28.544915558749565 ], [ 77.105115766479145, 28.549407114624522 ], [ 77.1, 28.549407114624522 ], [ 77.1, 28.544915558749565 ], [ 77.105115766479145, 28.544915558749565 ] ] ] } },
{ "type": "Feature", "properties": { "cell_id": 401, "lon": 77.10767364971872, "lat": 28.547161336687044 }, "geometry": { "type": "Polygon", "coordinates": [ [ [ 77.110231532958295, 28.544915558749565 ], [ 77.110231532958295, 28.549407114624522 ], [ 77.105115766479145, 28.549407114624522 ], [ 77.105115766479145, 28.544915558749565 ], [ 77.110231532958295, 28.544915558749565 ] ] ] } },
{ "type": "Feature", "properties": { "cell_id": 402, "lon": 77.11278941619787, "lat": 28.547161336687044 }, "geometry": { "type": "Polygon", "coordinates": [ [ [ 77.115347299437445, 28.544915558749565 ], [ 77.115347299437445, 28.549407114624522 ], [ 77.110231532958295, 28.549407114624522 ], [ 77.110231532958295, 28.544915558749565 ], [ 77.115347299437445, 28.544915558749565 ] ] ] } },
{ "type": "Feature", "properties": { "cell_id": 403, "lon": 77.117905182677021, "lat": 28.547161336687044 }, "geometry": { "type": "Polygon", "coordinates": [ [ [ 77.120463065916596, 28.544915558749565 ], [ 77.120463065916596, 28.549407114624522 ], [ 77.115347299437445, 28.549407114624522 ], [ 77.115347299437445, 28.544915558749565 ], [ 77.120463065916596, 28.544915558749565 ] ] ] } },
{ "type": "Feature", "properties": { "cell_id": 404, "lon": 77.123020949156171, "lat": 28.547161336687044 }, "geometry": { "type": "Polygon", "coordinates": [ [ [ 77.125578832395746, 28.544915558749565 ], [ 77.125578832395746, 28.549407114624522 ], [ 77.120463065916596, 28.549407114624522 ], [ 77.120463065916596, 28.544915558749565 ], [ 77.125578832395746, 28.544915558749565 ] ] ] } },
{ "type": "Feature", "properties": { "cell_id": 405, "lon": 77.128136715635321, "lat": 28.547161336687044 }, "geometry": { "type": "Polygon", "coordinates": [ [ [ 77.130694598874896, 28.544915558749565 ], [ 77.130694598874896, 28.549407114624522 ], [ 77.125578832395746, 28.549407114624522 ], [ 77.125578832395746, 28.544915558749565 ], [ 77.130694598874896, 28.544915558749565 ] ] ] } },
{ "type": "Feature", "properties": { "cell_id": 406, "lon": 77.133252482114472, "lat": 28.547161336687044 }, "geometry": { "type": "Polygon", "coordinates": [ [ [ 77.135810365354047, 28.544915558749565 ], [ 77.135810365354047, 28.549407114624522 ], [ 77.130694598874896, 28.549407114624522 ], [ 77.130694598874896, 28.544915558749565 ], [ 77.135810365354047, 28.544915558749565 ] ] ] } },
{ "type": "Feature", "properties": { "cell_id": 407, "lon": 77.138368248593622, "lat": 28.547161336687044 }, "geometry": { "type": "Polygon", "coordinates": [ [ [ 77.140926131833197, 28.544915558749565 ], [ 77.140926131833197, 28.549407114624522 ], [ 77.135810365354047, 28.549407114624522 ], [ 77.135810365354047, 28.544915558749565 ], [ 77.140926131833197, 28.544915558749565 ] ] ] } },
{ "type": "Feature", "properties": { "cell_id": 408, "lon": 77.143484015072772, "lat": 28.547161336687044 }, "geometry": { "type": "Polygon", "coordinates": [ [ [ 77.146041898312347, 28.544915558749565 ], [ 77.146041898312347, 28.549407114624522 ], [ 77.140926131833197, 28.549407114624522 ], [ 77.140926131833197, 28.544915558749565 ], [ 77.146041898312347, 28.544915558749565 ] ] ] } },
{ "type": "Feature", "properties": { "cell_id": 409, "lon": 77.148599781551923, "lat": 28.547161336687044 }, "geometry": { "type": "Polygon", "coordinates": [ [ [ 77.151157664791498, 28.544915558749565 ], [ 77.151157664791498, 28.549407114624522 ], [ 77.146041898312347, 28.549407114624522 ], [ 77.146041898312347, 28.544915558749565 ], [ 77.151157664791498, 28.544915558749565 ] ] ] } },
{ "type": "Feature", "properties": { "cell_id": 410, "lon": 77.153715548031073, "lat": 28.547161336687044 }, "geometry": { "type": "Polygon", "coordinates": [ [ [ 77.156273431270648, 28.544915558749565 ], [ 77.156273431270648, 28.549407114624522 ], [ 77.151157664791498, 28.549407114624522 ], [ 77.151157664791498, 28.544915558749565 ], [ 77.156273431270648, 28.544915558749565 ] ] ] } },
{ "type": "Feature", "properties": { "cell_id": 411, "lon": 77.158831314510223, "lat": 28.547161336687044 }, "geometry": { "type": "Polygon", "coordinates": [ [ [ 77.161389197749799, 28.544915558749565 ], [ 77.161389197749799, 28.549407114624522 ], [ 77.156273431270648, 28.549407114624522 ], [ 77.156273431270648, 28.544915558749565 ], [ 77.161389197749799, 28.544915558749565 ] ] ] } },
{ "type": "Feature", "properties": { "cell_id": 412, "lon": 77.163947080989374, "lat": 28.547161336687044 }, "geometry": { "type": "Polygon", "coordinates": [ [ [ 77.166504964228949, 28.544915558749565 ], [ 77.166504964228949, 28.549407114624522 ], [ 77.161389197749799, 28.549407114624522 ], [ 77.161389197749799, 28.544915558749565 ], [ 77.166504964228949, 28.544915558749565 ] ] ] } },
{ "type": "Feature", "properties": { "cell_id": 413, "lon": 77.169062847468524, "lat": 28.547161336687044 }, "geometry": { "type": "Polygon", "coordinates": [ [ [ 77.171620730708099, 28.544915558749565 ], [ 77.171620730708099, 28.549407114624522 ], [ 77.166504964228949, 28.549407114624522 ], [ 77.166504964228949, 28.544915558749565 ], [ 77.171620730708099, 28.544915558749565 ] ] ] } },
{ "type": "Feature", "properties": { "cell_id": 414, "lon": 77.174178613947674, "lat": 28.547161336687044 }, "geometry": { "type": "Polygon", "coordinates": [ [ [ 77.17673649718725, 28.544915558749565 ], [ 77.17673649718725, 28.549407114624522 ], [ 77.171620730708099, 28.549407114624522 ], [ 77.171620730708099, 28.544915558749565 ], [ 77.17673649718725, 28.544915558749565 ] ] ] } },
{ "type": "Feature", "properties": { "cell_id": 415, "lon": 77.179294380426825, "lat": 28.547161336687044 }, "geometry": { "type": "Polygon", "coordinates": [ [ [ 77.1818522636664, 28.544915558749565 ], [ 77.1818522636664, 28.549407114624522 ], [ 77.17673649718725, 28.549407114624522 ], [ 77.17673649718725, 28.544915558749565 ], [ 77.1818522636664, 28.544915558749565 ] ] ] } },
{ "type": "Feature", "properties": { "cell_id": 416, "lon": 77.184410146905975, "lat": 28.547161336687044 }, "geometry": { "type": "Polygon", "coordinates": [ [ [ 77.18696803014555, 28.544915558749565 ], [ 77.18696803014555, 28.549407114624522 ], [ 77.1818522636664, 28.549407114624522 ], [ 77.1818522636664, 28.544915558749565 ], [ 77.18696803014555, 28.544915558749565 ] ] ] } },
{ "type": "Feature", "properties": { "cell_id": 417, "lon": 77.189525913385125, "lat": 28.547161336687044 }, "geometry": { "type": "Polygon", "coordinates": [ [ [ 77.192083796624701, 28.544915558749565 ], [ 77.192083796624701, 28.549407114624522 ], [ 77.18696803014555, 28.549407114624522 ], [ 77.18696803014555, 28.544915558749565 ], [ 77.192083796624701, 28.544915558749565 ] ] ] } },
{ "type": "Feature", "properties": { "cell_id": 418, "lon": 77.194641679864276, "lat": 28.547161336687044 }, "geometry": { "type": "Polygon", "coordinates": [ [ [ 77.197199563103851, 28.544915558749565 ], [ 77.197199563103851, 28.549407114624522 ], [ 77.192083796624701, 28.549407114624522 ], [ 77.192083796624701, 28.544915558749565 ], [ 77.197199563103851, 28.544915558749565 ] ] ] } },
{ "type": "Feature", "properties": { "cell_id": 419, "lon": 77.199757446343426, "lat": 28.547161336687044 }, "geometry": { "type": "Polygon", "coordinates": [ [ [ 77.202315329583001, 28.544915558749565 ], [ 77.202315329583001, 28.549407114624522 ], [ 77.197199563103851, 28.549407114624522 ], [ 77.197199563103851, 28.544915558749565 ], [ 77.202315329583001, 28.544915558749565 ] ] ] } },
{ "type": "Feature", "properties": { "cell_id": 420, "lon": 77.204873212822577, "lat": 28.547161336687044 }, "geometry": { "type": "Polygon", "coordinates": [ [ [ 77.207431096062152, 28.544915558749565 ], [ 77.207431096062152, 28.549407114624522 ], [ 77.202315329583001, 28.549407114624522 ], [ 77.202315329583001, 28.544915558749565 ], [ 77.207431096062152, 28.544915558749565 ] ] ] } },
{ "type": "Feature", "properties": { "cell_id": 421, "lon": 77.209988979301727, "lat": 28.547161336687044 }, "geometry": { "type": "Polygon", "coordinates": [ [ [ 77.212546862541302, 28.544915558749565 ], [ 77.212546862541302, 28.549407114624522 ], [ 77.207431096062152, 28.549407114624522 ], [ 77.207431096062152, 28.544915558749565 ], [ 77.212546862541302, 28.544915558749565 ] ] ] } },
{ "type": "Feature", "properties": { "cell_id": 422, "lon": 77.215104745780877, "lat": 28.547161336687044 }, "geometry": { "type": "Polygon", "coordinates": [ [ [ 77.217662629020452, 28.544915558749565 ], [ 77.217662629020452, 28.549407114624522 ], [ 77.212546862541302, 28.549407114624522 ], [ 77.212546862541302, 28.544915558749565 ], [ 77.217662629020452, 28.544915558749565 ] ] ] } },
{ "type": "Feature", "properties": { "cell_id": 423, "lon": 77.220220512260028, "lat": 28.547161336687044 }, "geometry": { "type": "Polygon", "coordinates": [ [ [ 77.222778395499603, 28.544915558749565 ], [ 77.222778395499603, 28.549407114624522 ], [ 77.217662629020452, 28.549407114624522 ], [ 77.217662629020452, 28.544915558749565 ], [ 77.222778395499603, 28.544915558749565 ] ] ] } },
{ "type": "Feature", "properties": { "cell_id": 424, "lon": 77.225336278739178, "lat": 28.547161336687044 }, "geometry": { "type": "Polygon", "coordinates": [ [ [ 77.227894161978753, 28.544915558749565 ], [ 77.227894161978753, 28.549407114624522 ], [ 77.222778395499603, 28.549407114624522 ], [ 77.222778395499603, 28.544915558749565 ], [ 77.227894161978753, 28.544915558749565 ] ] ] } },
{ "type": "Feature", "properties": { "cell_id": 425, "lon": 77.230452045218328, "lat": 28.547161336687044 }, "geometry": { "type": "Polygon", "coordinates": [ [ [ 77.233009928457903, 28.544915558749565 ], [ 77.233009928457903, 28.549407114624522 ], [ 77.227894161978753, 28.549407114624522 ], [ 77.227894161978753, 28.544915558749565 ], [ 77.233009928457903, 28.544915558749565 ] ] ] } },
{ "type": "Feature", "properties": { "cell_id": 426, "lon": 77.235567811697479, "lat": 28.547161336687044 }, "geometry": { "type": "Polygon", "coordinates": [ [ [ 77.238125694937054, 28.544915558749565 ], [ 77.238125694937054, 28.549407114624522 ], [ 77.233009928457903, 28.549407114624522 ], [ 77.233009928457903, 28.544915558749565 ], [ 77.238125694937054, 28.544915558749565 ] ] ] } },
{ "type": "Feature", "properties": { "cell_id": 427, "lon": 77.240683578176629, "lat": 28.547161336687044 }, "geometry": { "type": "Polygon", "coordinates": [ [ [ 77.243241461416204, 28.544915558749565 ], [ 77.243241461416204, 28.549407114624522 ], [ 77.238125694937054, 28.549407114624522 ], [ 77.238125694937054, 28.544915558749565 ], [ 77.243241461416204, 28.544915558749565 ] ] ] } },
{ "type": "Feature", "properties": { "cell_id": 428, "lon": 77.245799344655779, "lat": 28.547161336687044 }, "geometry": { "type": "Polygon", "coordinates": [ [ [ 77.248357227895355, 28.544915558749565 ], [ 77.248357227895355, 28.549407114624522 ], [ 77.243241461416204, 28.549407114624522 ], [ 77.243241461416204, 28.544915558749565 ], [ 77.248357227895355, 28.544915558749565 ] ] ] } },
{ "type": "Feature", "properties": { "cell_id": 429, "lon": 77.25091511113493, "lat": 28.547161336687044 }, "geometry": { "type": "Polygon", "coordinates": [ [ [ 77.253472994374505, 28.544915558749565 ], [ 77.253472994374505, 28.549407114624522 ], [ 77.248357227895355, 28.549407114624522 ], [ 77.248357227895355, 28.544915558749565 ], [ 77.253472994374505, 28.544915558749565 ] ] ] } },
{ "type": "Feature", "properties": { "cell_id": 430, "lon": 77.25603087761408, "lat": 28.547161336687044 }, "geometry": { "type": "Polygon", "coordinates": [ [ [ 77.258588760853655, 28.544915558749565 ], [ 77.258588760853655, 28.549407114624522 ], [ 77.253472994374505, 28.549407114624522 ], [ 77.253472994374505, 28.544915558749565 ], [ 77.258588760853655, 28.544915558749565 ] ] ] } },
{ "type": "Feature", "properties": { "cell_id": 431, "lon": 77.26114664409323, "lat": 28.547161336687044 }, "geometry": { "type": "Polygon", "coordinates": [ [ [ 77.263704527332806, 28.544915558749565 ], [ 77.263704527332806, 28.549407114624522 ], [ 77.258588760853655, 28.549407114624522 ], [ 77.258588760853655, 28.544915558749565 ], [ 77.263704527332806, 28.544915558749565 ] ] ] } },
{ "type": "Feature", "properties": { "cell_id": 432, "lon": 77.266262410572381, "lat": 28.547161336687044 }, "geometry": { "type": "Polygon", "coordinates": [ [ [ 77.268820293811956, 28.544915558749565 ], [ 77.268820293811956, 28.549407114624522 ], [ 77.263704527332806, 28.549407114624522 ], [ 77.263704527332806, 28.544915558749565 ], [ 77.268820293811956, 28.544915558749565 ] ] ] } },
{ "type": "Feature", "properties": { "cell_id": 433, "lon": 77.271378177051531, "lat": 28.547161336687044 }, "geometry": { "type": "Polygon", "coordinates": [ [ [ 77.273936060291106, 28.544915558749565 ], [ 77.273936060291106, 28.549407114624522 ], [ 77.268820293811956, 28.549407114624522 ], [ 77.268820293811956, 28.544915558749565 ], [ 77.273936060291106, 28.544915558749565 ] ] ] } },
{ "type": "Feature", "properties": { "cell_id": 434, "lon": 77.276493943530681, "lat": 28.547161336687044 }, "geometry": { "type": "Polygon", "coordinates": [ [ [ 77.279051826770257, 28.544915558749565 ], [ 77.279051826770257, 28.549407114624522 ], [ 77.273936060291106, 28.549407114624522 ], [ 77.273936060291106, 28.544915558749565 ], [ 77.279051826770257, 28.544915558749565 ] ] ] } },
{ "type": "Feature", "properties": { "cell_id": 435, "lon": 77.281609710009832, "lat": 28.547161336687044 }, "geometry": { "type": "Polygon", "coordinates": [ [ [ 77.284167593249407, 28.544915558749565 ], [ 77.284167593249407, 28.549407114624522 ], [ 77.279051826770257, 28.549407114624522 ], [ 77.279051826770257, 28.544915558749565 ], [ 77.284167593249407, 28.544915558749565 ] ] ] } },
{ "type": "Feature", "properties": { "cell_id": 436, "lon": 77.286725476488982, "lat": 28.547161336687044 }, "geometry": { "type": "Polygon", "coordinates": [ [ [ 77.289283359728557, 28.544915558749565 ], [ 77.289283359728557, 28.549407114624522 ], [ 77.284167593249407, 28.549407114624522 ], [ 77.284167593249407, 28.544915558749565 ], [ 77.289283359728557, 28.544915558749565 ] ] ] } },
{ "type": "Feature", "properties": { "cell_id": 437, "lon": 77.291841242968133, "lat": 28.547161336687044 }, "geometry": { "type": "Polygon", "coordinates": [ [ [ 77.294399126207708, 28.544915558749565 ], [ 77.294399126207708, 28.549407114624522 ], [ 77.289283359728557, 28.549407114624522 ], [ 77.289283359728557, 28.544915558749565 ], [ 77.294399126207708, 28.544915558749565 ] ] ] } },
{ "type": "Feature", "properties": { "cell_id": 438, "lon": 77.296957009447283, "lat": 28.547161336687044 }, "geometry": { "type": "Polygon", "coordinates": [ [ [ 77.299514892686858, 28.544915558749565 ], [ 77.299514892686858, 28.549407114624522 ], [ 77.294399126207708, 28.549407114624522 ], [ 77.294399126207708, 28.544915558749565 ], [ 77.299514892686858, 28.544915558749565 ] ] ] } },
{ "type": "Feature", "properties": { "cell_id": 440, "lon": 77.102557883239569, "lat": 28.551652892562 }, "geometry": { "type": "Polygon", "coordinates": [ [ [ 77.105115766479145, 28.549407114624522 ], [ 77.105115766479145, 28.553898670499478 ], [ 77.1, 28.553898670499478 ], [ 77.1, 28.549407114624522 ], [ 77.105115766479145, 28.549407114624522 ] ] ] } },
{ "type": "Feature", "properties": { "cell_id": 441, "lon": 77.10767364971872, "lat": 28.551652892562 }, "geometry": { "type": "Polygon", "coordinates": [ [ [ 77.110231532958295, 28.549407114624522 ], [ 77.110231532958295, 28.553898670499478 ], [ 77.105115766479145, 28.553898670499478 ], [ 77.105115766479145, 28.549407114624522 ], [ 77.110231532958295, 28.549407114624522 ] ] ] } },
{ "type": "Feature", "properties": { "cell_id": 442, "lon": 77.11278941619787, "lat": 28.551652892562 }, "geometry": { "type": "Polygon", "coordinates": [ [ [ 77.115347299437445, 28.549407114624522 ], [ 77.115347299437445, 28.553898670499478 ], [ 77.110231532958295, 28.553898670499478 ], [ 77.110231532958295, 28.549407114624522 ], [ 77.115347299437445, 28.549407114624522 ] ] ] } },
{ "type": "Feature", "properties": { "cell_id": 443, "lon": 77.117905182677021, "lat": 28.551652892562 }, "geometry": { "type": "Polygon", "coordinates": [ [ [ 77.120463065916596, 28.549407114624522 ], [ 77.120463065916596, 28.553898670499478 ], [ 77.115347299437445, 28.553898670499478 ], [ 77.115347299437445, 28.549407114624522 ], [ 77.120463065916596, 28.549407114624522 ] ] ] } },
{ "type": "Feature", "properties": { "cell_id": 444, "lon": 77.123020949156171, "lat": 28.551652892562 }, "geometry": { "type": "Polygon", "coordinates": [ [ [ 77.125578832395746, 28.549407114624522 ], [ 77.125578832395746, 28.553898670499478 ], [ 77.120463065916596, 28.553898670499478 ], [ 77.120463065916596, 28.549407114624522 ], [ 77.125578832395746, 28.549407114624522 ] ] ] } },
{ "type": "Feature", "properties": { "cell_id": 445, "lon": 77.128136715635321, "lat": 28.551652892562 }, "geometry": { "type": "Polygon", "coordinates": [ [ [ 77.130694598874896, 28.549407114624522 ], [ 77.130694598874896, 28.553898670499478 ], [ 77.125578832395746, 28.553898670499478 ], [ 77.125578832395746, 28.549407114624522 ], [ 77.130694598874896, 28.549407114624522 ] ] ] } },
{ "type": "Feature", "properties": { "cell_id": 446, "lon": 77.133252482114472, "lat": 28.551652892562 }, "geometry": { "type": "Polygon", "coordinates": [ [ [ 77.135810365354047, 28.549407114624522 ], [ 77.135810365354047, 28.553898670499478 ], [ 77.130694598874896, 28.553898670499478 ], [ 77.130694598874896, 28.549407114624522 ], [ 77.135810365354047, 28.549407114624522 ] ] ] } },
{ "type": "Feature", "properties": { "cell_id": 447, "lon": 77.138368248593622, "lat": 28.551652892562 }, "geometry": { "type": "Polygon", "coordinates": [ [ [ 77.140926131833197, 28.549407114624522 ], [ 77.140926131833197, 28.553898670499478 ], [ 77.135810365354047, 28.553898670499478 ], [ 77.135810365354047, 28.549407114624522 ], [ 77.140926131833197, 28.549407114624522 ] ] ] } },
{ "type": "Feature", "properties": { "cell_id": 448, "lon": 77.143484015072772, "lat": 28.551652892562 }, "geometry": { "type": "Polygon", "coordinates": [ [ [ 77.146041898312347, 28.549407114624522 ], [ 77.146041898312347, 28.553898670499478 ], [ 77.140926131833197, 28.553898670499478 ], [ 77.140926131833197, 28.549407114624522 ], [ 77.146041898312347, 28.549407114624522 ] ] ] } },
{ "type": "Feature", "properties": { "cell_id": 449, "lon": 77.148599781551923, "lat": 28.551652892562 }, "geometry": { "type": "Polygon", "coordinates": [ [ [ 77.151157664791498, 28.549407114624522 ], [ 77.151157664791498, 28.553898670499478 ], [ 77.146041898312347, 28.553898670499478 ], [ 77.146041898312347, 28.549407114624522 ], [ 77.151157664791498, 28.549407114624522 ] ] ] } },
{ "type": "Feature", "properties": { "cell_id": 450, "lon": 77.153715548031073, "lat": 28.551652892562 }, "geometry": { "type": "Polygon", "coordinates": [ [ [ 77.156273431270648, 28.549407114624522 ], [ 77.156273431270648, 28.553898670499478 ], [ 77.151157664791498, 28.553898670499478 ], [ 77.151157664791498, 28.549407114624522 ], [ 77.156273431270648, 28.549407114624522 ] ] ] } },
{ "type": "Feature", "properties": { "cell_id": 451, "lon": 77.158831314510223, "lat": 28.551652892562 }, "geometry": { "type": "Polygon", "coordinates": [ [ [ 77.161389197749799, 28.549407114624522 ], [ 77.161389197749799, 28.553898670499478 ], [ 77.156273431270648, 28.553898670499478 ], [ 77.156273431270648, 28.549407114624522 ], [ 77.161389197749799, 28.549407114624522 ] ] ] } },
{ "type": "Feature", "properties": { "cell_id": 452, "lon": 77.163947080989374, "lat": 28.551652892562 }, "geometry": { "type": "Polygon", "coordinates": [ [ [ 77.166504964228949, 28.549407114624522 ], [ 77.166504964228949, 28.553898670499478 ], [ 77.161389197749799, 28.553898670499478 ], [ 77.161389197749799, 28.549407114624522 ], [ 77.166504964228949, 28.549407114624522 ] ] ] } },
{ "type": "Feature", "properties": { "cell_id": 453, "lon": 77.169062847468524, "lat": 28.551652892562 }, "geometry": { "type": "Polygon", "coordinates": [ [ [ 77.171620730708099, 28.549407114624522 ], [ 77.171620730708099, 28.553898670499478 ], [ 77.166504964228949, 28.553898670499478 ], [ 77.166504964228949, 28.549407114624522 ], [ 77.171620730708099, 28.549407114624522 ] ] ] } },
{ "type": "Feature", "properties": { "cell_id": 454, "lon": 77.174178613947674, "lat": 28.551652892562 }, "geometry": { "type": "Polygon", "coordinates": [ [ [ 77.17673649718725, 28.549407114624522 ], [ 77.17673649718725, 28.553898670499478 ], [ 77.171620730708099, 28.553898670499478 ], [ 77.171620730708099, 28.549407114624522 ], [ 77.17673649718725, 28.549407114624522 ] ] ] } },
{ "type": "Feature", "properties": { "cell_id": 455, "lon": 77.179294380426825, "lat": 28.551652892562 }, "geometry": { "type": "Polygon", "coordinates": [ [ [ 77.1818522636664, 28.549407114624522 ], [ 77.1818522636664, 28.553898670499478 ], [ 77.17673649718725, 28.553898670499478 ], [ 77.17673649718725, 28.549407114624522 ], [ 77.1818522636664, 28.549407114624522 ] ] ] } },
{ "type": "Feature", "properties": { "cell_id": 456, "lon": 77.184410146905975, "lat": 28.551652892562 }, "geometry": { "type": "Polygon", "coordinates": [ [ [ 77.18696803014555, 28.549407114624522 ], [ 77.18696803014555, 28.553898670499478 ], [ 77.1818522636664, 28.553898670499478 ], [ 77.1818522636664, 28.549407114624522 ], [ 77.18696803014555, 28.549407114624522 ] ] ] } },
{ "type": "Feature", "properties": { "cell_id": 457, "lon": 77.189525913385125, "lat": 28.551652892562 }, "geometry": { "type": "Polygon", "coordinates": [ [ [ 77.192083796624701, 28.549407114624522 ], [ 77.192083796624701, 28.553898670499478 ], [ 77.18696803014555, 28.553898670499478 ], [ 77.18696803014555, 28.549407114624522 ], [ 77.192083796624701, 28.549407114624522 ] ] ] } },
{ "type": "Feature", "properties": { "cell_id": 458, "lon": 77.194641679864276, "lat": 28.551652892562 }, "geometry": { "type": "Polygon", "coordinates": [ [ [ 77.197199563103851, 28.549407114624522 ], [ 77.197199563103851, 28.553898670499478 ], [ 77.192083796624701, 28.553898670499478 ], [ 77.192083796624701, 28.549407114624522 ], [ 77.197199563103851, 28.549407114624522 ] ] ] } },
{ "type": "Feature", "properties": { "cell_id": 459, "lon": 77.199757446343426, "lat": 28.551652892562 }, "geometry": { "type": "Polygon", "coordinates": [ [ [ 77.202315329583001, 28.549407114624522 ], [ 77.202315329583001, 28.553898670499478 ], [ 77.197199563103851, 28.553898670499478 ], [ 77.197199563103851, 28.549407114624522 ], [ 77.202315329583001, 28.549407114624522 ] ] ] } },
{ "type": "Feature", "properties": { "cell_id": 460, "lon": 77.204873212822577, "lat": 28.551652892562 }, "geometry": { "type": "Polygon", "coordinates": [ [ [ 77.207431096062152, 28.549407114624522 ], [ 77.207431096062152, 28.553898670499478 ], [ 77.202315329583001, 28.553898670499478 ], [ 77.202315329583001, 28.549407114624522 ], [ 77.207431096062152, 28.549407114624522 ] ] ] } },
{ "type": "Feature", "properties": { "cell_id": 461, "lon": 77.209988979301727, "lat": 28.551652892562 }, "geometry": { "type": "Polygon", "coordinates": [ [ [ 77.212546862541302, 28.549407114624522 ], [ 77.212546862541302, 28.553898670499478 ], [ 77.207431096062152, 28.553898670499478 ], [ 77.207431096062152, 28.549407114624522 ], [ 77.212546862541302, 28.549407114624522 ] ] ] } },
{ "type": "Feature", "properties": { "cell_id": 462, "lon": 77.215104745780877, "lat": 28.551652892562 }, "geometry": { "type": "Polygon", "coordinates": [ [ [ 77.217662629020452, 28.549407114624522 ], [ 77.217662629020452, 28.553898670499478 ], [ 77.212546862541302, 28.553898670499478 ], [ 77.212546862541302, 28.549407114624522 ], [ 77.217662629020452, 28.549407114624522 ] ] ] } },
{ "type": "Feature", "properties": { "cell_id": 463, "lon": 77.220220512260028, "lat": 28.551652892562 }, "geometry": { "type": "Polygon", "coordinates": [ [ [ 77.222778395499603, 28.549407114624522 ], [ 77.222778395499603, 28.553898670499478 ], [ 77.217662629020452, 28.553898670499478 ], [ 77.217662629020452, 28.549407114624522 ], [ 77.222778395499603, 28.549407114624522 ] ] ] } },
{ "type": "Feature", "properties": { "cell_id": 464, "lon": 77.225336278739178, "lat": 28.551652892562 }, "geometry": { "type": "Polygon", "coordinates": [ [ [ 77.227894161978753, 28.549407114624522 ], [ 77.227894161978753, 28.553898670499478 ], [ 77.222778395499603, 28.553898670499478 ], [ 77.222778395499603, 28.549407114624522 ], [ 77.227894161978753, 28.549407114624522 ] ] ] } },
{ "type": "Feature", "properties": { "cell_id": 465, "lon": 77.230452045218328, "lat": 28.551652892562 }, "geometry": { "type": "Polygon", "coordinates": [ [ [ 77.233009928457903, 28.549407114624522 ], [ 77.233009928457903, 28.553898670499478 ], [ 77.227894161978753, 28.553898670499478 ], [ 77.227894161978753, 28.549407114624522 ], [ 77.233009928457903, 28.549407114624522 ] ] ] } },
{ "type": "Feature", "properties": { "cell_id": 466, "lon": 77.235567811697479, "lat": 28.551652892562 }, "geometry": { "type": "Polygon", "coordinates": [ [ [ 77.238125694937054, 28.549407114624522 ], [ 77.238125694937054, 28.553898670499478 ], [ 77.233009928457903, 28.553898670499478 ], [ 77.233009928457903, 28.549407114624522 ], [ 77.238125694937054, 28.549407114624522 ] ] ] } },
{ "type": "Feature", "properties": { "cell_id": 467, "lon": 77.240683578176629, "lat": 28.551652892562 }, "geometry": { "type": "Polygon", "coordinates": [ [ [ 77.243241461416204, 28.549407114624522 ], [ 77.243241461416204, 28.553898670499478 ], [ 77.238125694937054, 28.553898670499478 ], [ 77.238125694937054, 28.549407114624522 ], [ 77.243241461416204, 28.549407114624522 ] ] ] } },
{ "type": "Feature", "properties": { "cell_id": 468, "lon": 77.245799344655779, "lat": 28.551652892562 }, "geometry": { "type": "Polygon", "coordinates": [ [ [ 77.248357227895355, 28.549407114624522 ], [ 77.248357227895355, 28.553898670499478 ], [ 77.243241461416204, 28.553898670499478 ], [ 77.243241461416204, 28.549407114624522 ], [ 77.248357227895355, 28.549407114624522 ] ] ] } },
{ "type": "Feature", "properties": { "cell_id": 469, "lon": 77.25091511113493, "lat": 28.551652892562 }, "geometry": { "type": "Polygon", "coordinates": [ [ [ 77.253472994374505, 28.549407114624522 ], [ 77.253472994374505, 28.553898670499478 ], [ 77.248357227895355, 28.553898670499478 ], [ 77.248357227895355, 28.549407114624522 ], [ 77.253472994374505, 28.549407114624522 ] ] ] } },
{ "type": "Feature", "properties": { "cell_id": 470, "lon": 77.25603087761408, "lat": 28.551652892562 }, "geometry": { "type": "Polygon", "coordinates": [ [ [ 77.258588760853655, 28.549407114624522 ], [ 77.258588760853655, 28.553898670499478 ], [ 77.253472994374505, 28.553898670499478 ], [ 77.253472994374505, 28.549407114624522 ], [ 77.258588760853655, 28.549407114624522 ] ] ] } },
{ "type": "Feature", "properties": { "cell_id": 471, "lon": 77.26114664409323, "lat": 28.551652892562 }, "geometry": { "type": "Polygon", "coordinates": [ [ [ 77.263704527332806, 28.549407114624522 ], [ 77.263704527332806, 28.553898670499478 ], [ 77.258588760853655, 28.553898670499478 ], [ 77.258588760853655, 28.549407114624522 ], [ 77.263704527332806, 28.549407114624522 ] ] ] } },
{ "type": "Feature", "properties": { "cell_id": 472, "lon": 77.266262410572381, "lat": 28.551652892562 }, "geometry": { "type": "Polygon", "coordinates": [ [ [ 77.268820293811956, 28.549407114624522 ], [ 77.268820293811956, 28.553898670499478 ], [ 77.263704527332806, 28.553898670499478 ], [ 77.263704527332806, 28.549407114624522 ], [ 77.268820293811956, 28.549407114624522 ] ] ] } },
{ "type": "Feature", "properties": { "cell_id": 473, "lon": 77.271378177051531, "lat": 28.551652892562 }, "geometry": { "type": "Polygon", "coordinates": [ [ [ 77.273936060291106, 28.549407114624522 ], [ 77.273936060291106, 28.553898670499478 ], [ 77.268820293811956, 28.553898670499478 ], [ 77.268820293811956, 28.549407114624522 ], [ 77.273936060291106, 28.549407114624522 ] ] ] } },
{ "type": "Feature", "properties": { "cell_id": 474, "lon": 77.276493943530681, "lat": 28.551652892562 }, "geometry": { "type": "Polygon", "coordinates": [ [ [ 77.279051826770257, 28.549407114624522 ], [ 77.279051826770257, 28.553898670499478 ], [ 77.273936060291106, 28.553898670499478 ], [ 77.273936060291106, 28.549407114624522 ], [ 77.279051826770257, 28.549407114624522 ] ] ] } },
{ "type": "Feature", "properties": { "cell_id": 475, "lon": 77.281609710009832, "lat": 28.551652892562 }, "geometry": { "type": "Polygon", "coordinates": [ [ [ 77.284167593249407, 28.549407114624522 ], [ 77.284167593249407, 28.553898670499478 ], [ 77.279051826770257, 28.553898670499478 ], [ 77.279051826770257, 28.549407114624522 ], [ 77.284167593249407, 28.549407114624522 ] ] ] } },
{ "type": "Feature", "properties": { "cell_id": 476, "lon": 77.286725476488982, "lat": 28.551652892562 }, "geometry": { "type": "Polygon", "coordinates": [ [ [ 77.289283359728557, 28.549407114624522 ], [ 77.289283359728557, 28.553898670499478 ], [ 77.284167593249407, 28.553898670499478 ], [ 77.284167593249407, 28.549407114624522 ], [ 77.289283359728557, 28.549407114624522 ] ] ] } },
{ "type": "Feature", "properties": { "cell_id": 477, "lon": 77.291841242968133, "lat": 28.551652892562 }, "geometry": { "type": "Polygon", "coordinates": [ [ [ 77.294399126207708, 28.549407114624522 ], [ 77.294399126207708, 28.553898670499478 ], [ 77.289283359728557, 28.553898670499478 ], [ 77.289283359728557, 28.549407114624522 ], [ 77.294399126207708, 28.549407114624522 ] ] ] } },
{ "type": "Feature", "properties": { "cell_id": 478, "lon": 77.296957009447283, "lat": 28.551652892562 }, "geometry": { "type": "Polygon", "coordinates": [ [ [ 77.299514892686858, 28.549407114624522 ], [ 77.299514892686858, 28.553898670499478 ], [ 77.294399126207708, 28.553898670499478 ], [ 77.294399126207708, 28.549407114624522 ], [ 77.299514892686858, 28.549407114624522 ] ] ] } },
{ "type": "Feature", "properties": { "cell_id": 480, "lon": 77.102557883239569, "lat": 28.556144448436957 }, "geometry": { "type": "Polygon", "coordinates": [ [ [ 77.105115766479145, 28.553898670499478 ], [ 77.105115766479145, 28.558390226374435 ], [ 77.1, 28.558390226374435 ], [ 77.1, 28.553898670499478 ], [ 77.105115766479145, 28.553898670499478 ] ] ] } },
{ "type": "Feature", "properties": { "cell_id": 481, "lon": 77.10767364971872, "lat": 28.556144448436957 }, "geometry": { "type": "Polygon", "coordinates": [ [ [ 77.110231532958295, 28.553898670499478 ], [ 77.110231532958295, 28.558390226374435 ], [ 77.105115766479145, 28.558390226374435 ], [ 77.105115766479145, 28.553898670499478 ], [ 77.110231532958295, 28.553898670499478 ] ] ] } },
{ "type": "Feature", "properties": { "cell_id": 482, "lon": 77.11278941619787, "lat": 28.556144448436957 }, "geometry": { "type": "Polygon", "coordinates": [ [ [ 77.115347299437445, 28.553898670499478 ], [ 77.115347299437445, 28.558390226374435 ], [ 77.110231532958295, 28.558390226374435 ], [ 77.110231532958295, 28.553898670499478 ], [ 77.115347299437445, 28.553898670499478 ] ] ] } },
{ "type": "Feature", "properties": { "cell_id": 483, "lon": 77.117905182677021, "lat": 28.556144448436957 }, "geometry": { "type": "Polygon", "coordinates": [ [ [ 77.120463065916596, 28.553898670499478 ], [ 77.120463065916596, 28.558390226374435 ], [ 77.115347299437445, 28.558390226374435 ], [ 77.115347299437445, 28.553898670499478 ], [ 77.120463065916596, 28.553898670499478 ] ] ] } },
{ "type": "Feature", "properties": { "cell_id": 484, "lon": 77.123020949156171, "lat": 28.556144448436957 }, "geometry": { "type": "Polygon", "coordinates": [ [ [ 77.125578832395746, 28.553898670499478 ], [ 77.125578832395746, 28.558390226374435 ], [ 77.120463065916596, 28.558390226374435 ], [ 77.120463065916596, 28.553898670499478 ], [ 77.125578832395746, 28.553898670499478 ] ] ] } },
{ "type": "Feature", "properties": { "cell_id": 485, "lon": 77.128136715635321, "lat": 28.556144448436957 }, "geometry": { "type": "Polygon", "coordinates": [ [ [ 77.130694598874896, 28.553898670499478 ], [ 77.130694598874896, 28.558390226374435 ], [ 77.125578832395746, 28.558390226374435 ], [ 77.125578832395746, 28.553898670499478 ], [ 77.130694598874896, 28.553898670499478 ] ] ] } },
{ "type": "Feature", "properties": { "cell_id": 486, "lon": 77.133252482114472, "lat": 28.556144448436957 }, "geometry": { "type": "Polygon", "coordinates": [ [ [ 77.135810365354047, 28.553898670499478 ], [ 77.135810365354047, 28.558390226374435 ], [ 77.130694598874896, 28.558390226374435 ], [ 77.130694598874896, 28.553898670499478 ], [ 77.135810365354047, 28.553898670499478 ] ] ] } },
{ "type": "Feature", "properties": { "cell_id": 487, "lon": 77.138368248593622, "lat": 28.556144448436957 }, "geometry": { "type": "Polygon", "coordinates": [ [ [ 77.140926131833197, 28.553898670499478 ], [ 77.140926131833197, 28.558390226374435 ], [ 77.135810365354047, 28.558390226374435 ], [ 77.135810365354047, 28.553898670499478 ], [ 77.140926131833197, 28.553898670499478 ] ] ] } },
{ "type": "Feature", "properties": { "cell_id": 488, "lon": 77.143484015072772, "lat": 28.556144448436957 }, "geometry": { "type": "Polygon", "coordinates": [ [ [ 77.146041898312347, 28.553898670499478 ], [ 77.146041898312347, 28.558390226374435 ], [ 77.140926131833197, 28.558390226374435 ], [ 77.140926131833197, 28.553898670499478 ], [ 77.146041898312347, 28.553898670499478 ] ] ] } },
{ "type": "Feature", "properties": { "cell_id": 489, "lon": 77.148599781551923, "lat": 28.556144448436957 }, "geometry": { "type": "Polygon", "coordinates": [ [ [ 77.151157664791498, 28.553898670499478 ], [ 77.151157664791498, 28.558390226374435 ], [ 77.146041898312347, 28.558390226374435 ], [ 77.146041898312347, 28.553898670499478 ], [ 77.151157664791498, 28.553898670499478 ] ] ] } },
{ "type": "Feature", "properties": { "cell_id": 490, "lon": 77.153715548031073, "lat": 28.556144448436957 }, "geometry": { "type": "Polygon", "coordinates": [ [ [ 77.156273431270648, 28.553898670499478 ], [ 77.156273431270648, 28.558390226374435 ], [ 77.151157664791498, 28.558390226374435 ], [ 77.151157664791498, 28.553898670499478 ], [ 77.156273431270648, 28.553898670499478 ] ] ] } },
{ "type": "Feature", "properties": { "cell_id": 491, "lon": 77.158831314510223, "lat": 28.556144448436957 }, "geometry": { "type": "Polygon", "coordinates": [ [ [ 77.161389197749799, 28.553898670499478 ], [ 77.161389197749799, 28.558390226374435 ], [ 77.156273431270648, 28.558390226374435 ], [ 77.156273431270648, 28.553898670499478 ], [ 77.161389197749799, 28.553898670499478 ] ] ] } },
{ "type": "Feature", "properties": { "cell_id": 492, "lon": 77.163947080989374, "lat": 28.556144448436957 }, "geometry": { "type": "Polygon", "coordinates": [ [ [ 77.166504964228949, 28.553898670499478 ], [ 77.166504964228949, 28.558390226374435 ], [ 77.161389197749799, 28.558390226374435 ], [ 77.161389197749799, 28.553898670499478 ], [ 77.166504964228949, 28.553898670499478 ] ] ] } },
{ "type": "Feature", "properties": { "cell_id": 493, "lon": 77.169062847468524, "lat": 28.556144448436957 }, "geometry": { "type": "Polygon", "coordinates": [ [ [ 77.171620730708099, 28.553898670499478 ], [ 77.171620730708099, 28.558390226374435 ], [ 77.166504964228949, 28.558390226374435 ], [ 77.166504964228949, 28.553898670499478 ], [ 77.171620730708099, 28.553898670499478 ] ] ] } },
{ "type": "Feature", "properties": { "cell_id": 494, "lon": 77.174178613947674, "lat": 28.556144448436957 }, "geometry": { "type": "Polygon", "coordinates": [ [ [ 77.17673649718725, 28.553898670499478 ], [ 77.17673649718725, 28.558390226374435 ], [ 77.171620730708099, 28.558390226374435 ], [ 77.171620730708099, 28.553898670499478 ], [ 77.17673649718725, 28.553898670499478 ] ] ] } },
{ "type": "Feature", "properties": { "cell_id": 495, "lon": 77.179294380426825, "lat": 28.556144448436957 }, "geometry": { "type": "Polygon", "coordinates": [ [ [ 77.1818522636664, 28.553898670499478 ], [ 77.1818522636664, 28.558390226374435 ], [ 77.17673649718725, 28.558390226374435 ], [ 77.17673649718725, 28.553898670499478 ], [ 77.1818522636664, 28.553898670499478 ] ] ] } },
{ "type": "Feature", "properties": { "cell_id": 496, "lon": 77.184410146905975, "lat": 28.556144448436957 }, "geometry": { "type": "Polygon", "coordinates": [ [ [ 77.18696803014555, 28.553898670499478 ], [ 77.18696803014555, 28.558390226374435 ], [ 77.1818522636664, 28.558390226374435 ], [ 77.1818522636664, 28.553898670499478 ], [ 77.18696803014555, 28.553898670499478 ] ] ] } },
{ "type": "Feature", "properties": { "cell_id": 497, "lon": 77.189525913385125, "lat": 28.556144448436957 }, "geometry": { "type": "Polygon", "coordinates": [ [ [ 77.192083796624701, 28.553898670499478 ], [ 77.192083796624701, 28.558390226374435 ], [ 77.18696803014555, 28.558390226374435 ], [ 77.18696803014555, 28.553898670499478 ], [ 77.192083796624701, 28.553898670499478 ] ] ] } },
{ "type": "Feature", "properties": { "cell_id": 498, "lon": 77.194641679864276, "lat": 28.556144448436957 }, "geometry": { "type": "Polygon", "coordinates": [ [ [ 77.197199563103851, 28.553898670499478 ], [ 77.197199563103851, 28.558390226374435 ], [ 77.192083796624701, 28.558390226374435 ], [ 77.192083796624701, 28.553898670499478 ], [ 77.197199563103851, 28.553898670499478 ] ] ] } },
{ "type": "Feature", "properties": { "cell_id": 499, "lon": 77.199757446343426, "lat": 28.556144448436957 }, "geometry": { "type": "Polygon", "coordinates": [ [ [ 77.202315329583001, 28.553898670499478 ], [ 77.202315329583001, 28.558390226374435 ], [ 77.197199563103851, 28.558390226374435 ], [ 77.197199563103851, 28.553898670499478 ], [ 77.202315329583001, 28.553898670499478 ] ] ] } },
{ "type": "Feature", "properties": { "cell_id": 500, "lon": 77.204873212822577, "lat": 28.556144448436957 }, "geometry": { "type": "Polygon", "coordinates": [ [ [ 77.207431096062152, 28.553898670499478 ], [ 77.207431096062152, 28.558390226374435 ], [ 77.202315329583001, 28.558390226374435 ], [ 77.202315329583001, 28.553898670499478 ], [ 77.207431096062152, 28.553898670499478 ] ] ] } },
{ "type": "Feature", "properties": { "cell_id": 501, "lon": 77.209988979301727, "lat": 28.556144448436957 }, "geometry": { "type": "Polygon", "coordinates": [ [ [ 77.212546862541302, 28.553898670499478 ], [ 77.212546862541302, 28.558390226374435 ], [ 77.207431096062152, 28.558390226374435 ], [ 77.207431096062152, 28.553898670499478 ], [ 77.212546862541302, 28.553898670499478 ] ] ] } },
{ "type": "Feature", "properties": { "cell_id": 502, "lon": 77.215104745780877, "lat": 28.556144448436957 }, "geometry": { "type": "Polygon", "coordinates": [ [ [ 77.217662629020452, 28.553898670499478 ], [ 77.217662629020452, 28.558390226374435 ], [ 77.212546862541302, 28.558390226374435 ], [ 77.212546862541302, 28.553898670499478 ], [ 77.217662629020452, 28.553898670499478 ] ] ] } },
{ "type": "Feature", "properties": { "cell_id": 503, "lon": 77.220220512260028, "lat": 28.556144448436957 }, "geometry": { "type": "Polygon", "coordinates": [ [ [ 77.222778395499603, 28.553898670499478 ], [ 77.222778395499603, 28.558390226374435 ], [ 77.217662629020452, 28.558390226374435 ], [ 77.217662629020452, 28.553898670499478 ], [ 77.222778395499603, 28.553898670499478 ] ] ] } },
{ "type": "Feature", "properties": { "cell_id": 504, "lon": 77.225336278739178, "lat": 28.556144448436957 }, "geometry": { "type": "Polygon", "coordinates": [ [ [ 77.227894161978753, 28.553898670499478 ], [ 77.227894161978753, 28.558390226374435 ], [ 77.222778395499603, 28.558390226374435 ], [ 77.222778395499603, 28.553898670499478 ], [ 77.227894161978753, 28.553898670499478 ] ] ] } },
{ "type": "Feature", "properties": { "cell_id": 505, "lon": 77.230452045218328, "lat": 28.556144448436957 }, "geometry": { "type": "Polygon", "coordinates": [ [ [ 77.233009928457903, 28.553898670499478 ], [ 77.233009928457903, 28.558390226374435 ], [ 77.227894161978753, 28.558390226374435 ], [ 77.227894161978753, 28.553898670499478 ], [ 77.233009928457903, 28.553898670499478 ] ] ] } },
{ "type": "Feature", "properties": { "cell_id": 506, "lon": 77.235567811697479, "lat": 28.556144448436957 }, "geometry": { "type": "Polygon", "coordinates": [ [ [ 77.238125694937054, 28.553898670499478 ], [ 77.238125694937054, 28.558390226374435 ], [ 77.233009928457903, 28.558390226374435 ], [ 77.233009928457903, 28.553898670499478 ], [ 77.238125694937054, 28.553898670499478 ] ] ] } },
{ "type": "Feature", "properties": { "cell_id": 507, "lon": 77.240683578176629, "lat": 28.556144448436957 }, "geometry": { "type": "Polygon", "coordinates": [ [ [ 77.243241461416204, 28.553898670499478 ], [ 77.243241461416204, 28.558390226374435 ], [ 77.238125694937054, 28.558390226374435 ], [ 77.238125694937054, 28.553898670499478 ], [ 77.243241461416204, 28.553898670499478 ] ] ] } },
{ "type": "Feature", "properties": { "cell_id": 508, "lon": 77.245799344655779, "lat": 28.556144448436957 }, "geometry": { "type": "Polygon", "coordinates": [ [ [ 77.248357227895355, 28.553898670499478 ], [ 77.248357227895355, 28.558390226374435 ], [ 77.243241461416204, 28.558390226374435 ], [ 77.243241461416204, 28.553898670499478 ], [ 77.248357227895355, 28.553898670499478 ] ] ] } },
{ "type": "Feature", "properties": { "cell_id": 509, "lon": 77.25091511113493, "lat": 28.556144448436957 }, "geometry": { "type": "Polygon", "coordinates": [ [ [ 77.253472994374505, 28.553898670499478 ], [ 77.253472994374505, 28.558390226374435 ], [ 77.248357227895355, 28.558390226374435 ], [ 77.248357227895355, 28.553898670499478 ], [ 77.253472994374505, 28.553898670499478 ] ] ] } },
{ "type": "Feature", "properties": { "cell_id": 510, "lon": 77.25603087761408, "lat": 28.556144448436957 }, "geometry": { "type": "Polygon", "coordinates": [ [ [ 77.258588760853655, 28.553898670499478 ], [ 77.258588760853655, 28.558390226374435 ], [ 77.253472994374505, 28.558390226374435 ], [ 77.253472994374505, 28.553898670499478 ], [ 77.258588760853655, 28.553898670499478 ] ] ] } },
{ "type": "Feature", "properties": { "cell_id": 511, "lon": 77.26114664409323, "lat": 28.556144448436957 }, "geometry": { "type": "Polygon", "coordinates": [ [ [ 77.263704527332806, 28.553898670499478 ], [ 77.263704527332806, 28.558390226374435 ], [ 77.258588760853655, 28.558390226374435 ], [ 77.258588760853655, 28.553898670499478 ], [ 77.263704527332806, 28.553898670499478 ] ] ] } },
{ "type": "Feature", "properties": { "cell_id": 512, "lon": 77.266262410572381, "lat": 28.556144448436957 }, "geometry": { "type": "Polygon", "coordinates": [ [ [ 77.268820293811956, 28.553898670499478 ], [ 77.268820293811956, 28.558390226374435 ], [ 77.263704527332806, 28.558390226374435 ], [ 77.263704527332806, 28.553898670499478 ], [ 77.268820293811956, 28.553898670499478 ] ] ] } },
{ "type": "Feature", "properties": { "cell_id": 513, "lon": 77.271378177051531, "lat": 28.556144448436957 }, "geometry": { "type": "Polygon", "coordinates": [ [ [ 77.273936060291106, 28.553898670499478 ], [ 77.273936060291106, 28.558390226374435 ], [ 77.268820293811956, 28.558390226374435 ], [ 77.268820293811956, 28.553898670499478 ], [ 77.273936060291106, 28.553898670499478 ] ] ] } },
{ "type": "Feature", "properties": { "cell_id": 514, "lon": 77.276493943530681, "lat": 28.556144448436957 }, "geometry": { "type": "Polygon", "coordinates": [ [ [ 77.279051826770257, 28.553898670499478 ], [ 77.279051826770257, 28.558390226374435 ], [ 77.273936060291106, 28.558390226374435 ], [ 77.273936060291106, 28.553898670499478 ], [ 77.279051826770257, 28.553898670499478 ] ] ] } },
{ "type": "Feature", "properties": { "cell_id": 515, "lon": 77.281609710009832, "lat": 28.556144448436957 }, "geometry": { "type": "Polygon", "coordinates": [ [ [ 77.284167593249407, 28.553898670499478 ], [ 77.284167593249407, 28.558390226374435 ], [ 77.279051826770257, 28.558390226374435 ], [ 77.279051826770257, 28.553898670499478 ], [ 77.284167593249407, 28.553898670499478 ] ] ] } },
{ "type": "Feature", "properties": { "cell_id": 516, "lon": 77.286725476488982, "lat": 28.556144448436957 }, "geometry": { "type": "Polygon", "coordinates": [ [ [ 77.289283359728557, 28.553898670499478 ], [ 77.289283359728557, 28.558390226374435 ], [ 77.284167593249407, 28.558390226374435 ], [ 77.284167593249407, 28.553898670499478 ], [ 77.289283359728557, 28.553898670499478 ] ] ] } },
{ "type": "Feature", "properties": { "cell_id": 517, "lon": 77.291841242968133, "lat": 28.556144448436957 }, "geometry": { "type": "Polygon", "coordinates": [ [ [ 77.294399126207708, 28.553898670499478 ], [ 77.294399126207708, 28.558390226374435 ], [ 77.289283359728557, 28.558390226374435 ], [ 77.289283359728557, 28.553898670499478 ], [ 77.294399126207708, 28.553898670499478 ] ] ] } },
{ "type": "Feature", "properties": { "cell_id": 518, "lon": 77.296957009447283, "lat": 28.556144448436957 }, "geometry": { "type": "Polygon", "coordinates": [ [ [ 77.299514892686858, 28.553898670499478 ], [ 77.299514892686858, 28.558390226374435 ], [ 77.294399126207708, 28.558390226374435 ], [ 77.294399126207708, 28.553898670499478 ], [ 77.299514892686858, 28.553898670499478 ] ] ] } },
{ "type": "Feature", "properties": { "cell_id": 520, "lon": 77.102557883239569, "lat": 28.560636004311913 }, "geometry": { "type": "Polygon", "coordinates": [ [ [ 77.105115766479145, 28.558390226374435 ], [ 77.105115766479145, 28.562881782249391 ], [ 77.1, 28.562881782249391 ], [ 77.1, 28.558390226374435 ], [ 77.105115766479145, 28.558390226374435 ] ] ] } },
{ "type": "Feature", "properties": { "cell_id": 521, "lon": 77.10767364971872, "lat": 28.560636004311913 }, "geometry": { "type": "Polygon", "coordinates": [ [ [ 77.110231532958295, 28.558390226374435 ], [ 77.110231532958295, 28.562881782249391 ], [ 77.105115766479145, 28.562881782249391 ], [ 77.105115766479145, 28.558390226374435 ], [ 77.110231532958295, 28.558390226374435 ] ] ] } },
{ "type": "Feature", "properties": { "cell_id": 522, "lon": 77.11278941619787, "lat": 28.560636004311913 }, "geometry": { "type": "Polygon", "coordinates": [ [ [ 77.115347299437445, 28.558390226374435 ], [ 77.115347299437445, 28.562881782249391 ], [ 77.110231532958295, 28.562881782249391 ], [ 77.110231532958295, 28.558390226374435 ], [ 77.115347299437445, 28.558390226374435 ] ] ] } },
{ "type": "Feature", "properties": { "cell_id": 523, "lon": 77.117905182677021, "lat": 28.560636004311913 }, "geometry": { "type": "Polygon", "coordinates": [ [ [ 77.120463065916596, 28.558390226374435 ], [ 77.120463065916596, 28.562881782249391 ], [ 77.115347299437445, 28.562881782249391 ], [ 77.115347299437445, 28.558390226374435 ], [ 77.120463065916596, 28.558390226374435 ] ] ] } },
{ "type": "Feature", "properties": { "cell_id": 524, "lon": 77.123020949156171, "lat": 28.560636004311913 }, "geometry": { "type": "Polygon", "coordinates": [ [ [ 77.125578832395746, 28.558390226374435 ], [ 77.125578832395746, 28.562881782249391 ], [ 77.120463065916596, 28.562881782249391 ], [ 77.120463065916596, 28.558390226374435 ], [ 77.125578832395746, 28.558390226374435 ] ] ] } },
{ "type": "Feature", "properties": { "cell_id": 525, "lon": 77.128136715635321, "lat": 28.560636004311913 }, "geometry": { "type": "Polygon", "coordinates": [ [ [ 77.130694598874896, 28.558390226374435 ], [ 77.130694598874896, 28.562881782249391 ], [ 77.125578832395746, 28.562881782249391 ], [ 77.125578832395746, 28.558390226374435 ], [ 77.130694598874896, 28.558390226374435 ] ] ] } },
{ "type": "Feature", "properties": { "cell_id": 526, "lon": 77.133252482114472, "lat": 28.560636004311913 }, "geometry": { "type": "Polygon", "coordinates": [ [ [ 77.135810365354047, 28.558390226374435 ], [ 77.135810365354047, 28.562881782249391 ], [ 77.130694598874896, 28.562881782249391 ], [ 77.130694598874896, 28.558390226374435 ], [ 77.135810365354047, 28.558390226374435 ] ] ] } },
{ "type": "Feature", "properties": { "cell_id": 527, "lon": 77.138368248593622, "lat": 28.560636004311913 }, "geometry": { "type": "Polygon", "coordinates": [ [ [ 77.140926131833197, 28.558390226374435 ], [ 77.140926131833197, 28.562881782249391 ], [ 77.135810365354047, 28.562881782249391 ], [ 77.135810365354047, 28.558390226374435 ], [ 77.140926131833197, 28.558390226374435 ] ] ] } },
{ "type": "Feature", "properties": { "cell_id": 528, "lon": 77.143484015072772, "lat": 28.560636004311913 }, "geometry": { "type": "Polygon", "coordinates": [ [ [ 77.146041898312347, 28.558390226374435 ], [ 77.146041898312347, 28.562881782249391 ], [ 77.140926131833197, 28.562881782249391 ], [ 77.140926131833197, 28.558390226374435 ], [ 77.146041898312347, 28.558390226374435 ] ] ] } },
{ "type": "Feature", "properties": { "cell_id": 529, "lon": 77.148599781551923, "lat": 28.560636004311913 }, "geometry": { "type": "Polygon", "coordinates": [ [ [ 77.151157664791498, 28.558390226374435 ], [ 77.151157664791498, 28.562881782249391 ], [ 77.146041898312347, 28.562881782249391 ], [ 77.146041898312347, 28.558390226374435 ], [ 77.151157664791498, 28.558390226374435 ] ] ] } },
{ "type": "Feature", "properties": { "cell_id": 530, "lon": 77.153715548031073, "lat": 28.560636004311913 }, "geometry": { "type": "Polygon", "coordinates": [ [ [ 77.156273431270648, 28.558390226374435 ], [ 77.156273431270648, 28.562881782249391 ], [ 77.151157664791498, 28.562881782249391 ], [ 77.151157664791498, 28.558390226374435 ], [ 77.156273431270648, 28.558390226374435 ] ] ] } },
{ "type": "Feature", "properties": { "cell_id": 531, "lon": 77.158831314510223, "lat": 28.560636004311913 }, "geometry": { "type": "Polygon", "coordinates": [ [ [ 77.161389197749799, 28.558390226374435 ], [ 77.161389197749799, 28.562881782249391 ], [ 77.156273431270648, 28.562881782249391 ], [ 77.156273431270648, 28.558390226374435 ], [ 77.161389197749799, 28.558390226374435 ] ] ] } },
{ "type": "Feature", "properties": { "cell_id": 532, "lon": 77.163947080989374, "lat": 28.560636004311913 }, "geometry": { "type": "Polygon", "coordinates": [ [ [ 77.166504964228949, 28.558390226374435 ], [ 77.166504964228949, 28.562881782249391 ], [ 77.161389197749799, 28.562881782249391 ], [ 77.161389197749799, 28.558390226374435 ], [ 77.166504964228949, 28.558390226374435 ] ] ] } },
{ "type": "Feature", "properties": { "cell_id": 533, "lon": 77.169062847468524, "lat": 28.560636004311913 }, "geometry": { "type": "Polygon", "coordinates": [ [ [ 77.171620730708099, 28.558390226374435 ], [ 77.171620730708099, 28.562881782249391 ], [ 77.166504964228949, 28.562881782249391 ], [ 77.166504964228949, 28.558390226374435 ], [ 77.171620730708099, 28.558390226374435 ] ] ] } },
{ "type": "Feature", "properties": { "cell_id": 534, "lon": 77.174178613947674, "lat": 28.560636004311913 }, "geometry": { "type": "Polygon", "coordinates": [ [ [ 77.17673649718725, 28.558390226374435 ], [ 77.17673649718725, 28.562881782249391 ], [ 77.171620730708099, 28.562881782249391 ], [ 77.171620730708099, 28.558390226374435 ], [ 77.17673649718725, 28.558390226374435 ] ] ] } },
{ "type": "Feature", "properties": { "cell_id": 535, "lon": 77.179294380426825, "lat": 28.560636004311913 }, "geometry": { "type": "Polygon", "coordinates": [ [ [ 77.1818522636664, 28.558390226374435 ], [ 77.1818522636664, 28.562881782249391 ], [ 77.17673649718725, 28.562881782249391 ], [ 77.17673649718725, 28.558390226374435 ], [ 77.1818522636664, 28.558390226374435 ] ] ] } },
{ "type": "Feature", "properties": { "cell_id": 536, "lon": 77.184410146905975, "lat": 28.560636004311913 }, "geometry": { "type": "Polygon", "coordinates": [ [ [ 77.18696803014555, 28.558390226374435 ], [ 77.18696803014555, 28.562881782249391 ], [ 77.1818522636664, 28.562881782249391 ], [ 77.1818522636664, 28.558390226374435 ], [ 77.18696803014555, 28.558390226374435 ] ] ] } },
{ "type": "Feature", "properties": { "cell_id": 537, "lon": 77.189525913385125, "lat": 28.560636004311913 }, "geometry": { "type": "Polygon", "coordinates": [ [ [ 77.192083796624701, 28.558390226374435 ], [ 77.192083796624701, 28.562881782249391 ], [ 77.18696803014555, 28.562881782249391 ], [ 77.18696803014555, 28.558390226374435 ], [ 77.192083796624701, 28.558390226374435 ] ] ] } },
{ "type": "Feature", "properties": { "cell_id": 538, "lon": 77.194641679864276, "lat": 28.560636004311913 }, "geometry": { "type": "Polygon", "coordinates": [ [ [ 77.197199563103851, 28.558390226374435 ], [ 77.197199563103851, 28.562881782249391 ], [ 77.192083796624701, 28.562881782249391 ], [ 77.192083796624701, 28.558390226374435 ], [ 77.197199563103851, 28.558390226374435 ] ] ] } },
{ "type": "Feature", "properties": { "cell_id": 539, "lon": 77.199757446343426, "lat": 28.560636004311913 }, "geometry": { "type": "Polygon", "coordinates": [ [ [ 77.202315329583001, 28.558390226374435 ], [ 77.202315329583001, 28.562881782249391 ], [ 77.197199563103851, 28.562881782249391 ], [ 77.197199563103851, 28.558390226374435 ], [ 77.202315329583001, 28.558390226374435 ] ] ] } },
{ "type": "Feature", "properties": { "cell_id": 540, "lon": 77.204873212822577, "lat": 28.560636004311913 }, "geometry": { "type": "Polygon", "coordinates": [ [ [ 77.207431096062152, 28.558390226374435 ], [ 77.207431096062152, 28.562881782249391 ], [ 77.202315329583001, 28.562881782249391 ], [ 77.202315329583001, 28.558390226374435 ], [ 77.207431096062152, 28.558390226374435 ] ] ] } },
{ "type": "Feature", "properties": { "cell_id": 541, "lon": 77.209988979301727, "lat": 28.560636004311913 }, "geometry": { "type": "Polygon", "coordinates": [ [ [ 77.212546862541302, 28.558390226374435 ], [ 77.212546862541302, 28.562881782249391 ], [ 77.207431096062152, 28.562881782249391 ], [ 77.207431096062152, 28.558390226374435 ], [ 77.212546862541302, 28.558390226374435 ] ] ] } },
{ "type": "Feature", "properties": { "cell_id": 542, "lon": 77.215104745780877, "lat": 28.560636004311913 }, "geometry": { "type": "Polygon", "coordinates": [ [ [ 77.217662629020452, 28.558390226374435 ], [ 77.217662629020452, 28.562881782249391 ], [ 77.212546862541302, 28.562881782249391 ], [ 77.212546862541302, 28.558390226374435 ], [ 77.217662629020452, 28.558390226374435 ] ] ] } },
{ "type": "Feature", "properties": { "cell_id": 543, "lon": 77.220220512260028, "lat": 28.560636004311913 }, "geometry": { "type": "Polygon", "coordinates": [ [ [ 77.222778395499603, 28.558390226374435 ], [ 77.222778395499603, 28.562881782249391 ], [ 77.217662629020452, 28.562881782249391 ], [ 77.217662629020452, 28.558390226374435 ], [ 77.222778395499603, 28.558390226374435 ] ] ] } },
{ "type": "Feature", "properties": { "cell_id": 544, "lon": 77.225336278739178, "lat": 28.560636004311913 }, "geometry": { "type": "Polygon", "coordinates": [ [ [ 77.227894161978753, 28.558390226374435 ], [ 77.227894161978753, 28.562881782249391 ], [ 77.222778395499603, 28.562881782249391 ], [ 77.222778395499603, 28.558390226374435 ], [ 77.227894161978753, 28.558390226374435 ] ] ] } },
{ "type": "Feature", "properties": { "cell_id": 545, "lon": 77.230452045218328, "lat": 28.560636004311913 }, "geometry": { "type": "Polygon", "coordinates": [ [ [ 77.233009928457903, 28.558390226374435 ], [ 77.233009928457903, 28.562881782249391 ], [ 77.227894161978753, 28.562881782249391 ], [ 77.227894161978753, 28.558390226374435 ], [ 77.233009928457903, 28.558390226374435 ] ] ] } },
{ "type": "Feature", "properties": { "cell_id": 546, "lon": 77.235567811697479, "lat": 28.560636004311913 }, "geometry": { "type": "Polygon", "coordinates": [ [ [ 77.238125694937054, 28.558390226374435 ], [ 77.238125694937054, 28.562881782249391 ], [ 77.233009928457903, 28.562881782249391 ], [ 77.233009928457903, 28.558390226374435 ], [ 77.238125694937054, 28.558390226374435 ] ] ] } },
{ "type": "Feature", "properties": { "cell_id": 547, "lon": 77.240683578176629, "lat": 28.560636004311913 }, "geometry": { "type": "Polygon", "coordinates": [ [ [ 77.243241461416204, 28.558390226374435 ], [ 77.243241461416204, 28.562881782249391 ], [ 77.238125694937054, 28.562881782249391 ], [ 77.238125694937054, 28.558390226374435 ], [ 77.243241461416204, 28.558390226374435 ] ] ] } },
{ "type": "Feature", "properties": { "cell_id": 548, "lon": 77.245799344655779, "lat": 28.560636004311913 }, "geometry": { "type": "Polygon", "coordinates": [ [ [ 77.248357227895355, 28.558390226374435 ], [ 77.248357227895355, 28.562881782249391 ], [ 77.243241461416204, 28.562881782249391 ], [ 77.243241461416204, 28.558390226374435 ], [ 77.248357227895355, 28.558390226374435 ] ] ] } },
{ "type": "Feature", "properties": { "cell_id": 549, "lon": 77.25091511113493, "lat": 28.560636004311913 }, "geometry": { "type": "Polygon", "coordinates": [ [ [ 77.253472994374505, 28.558390226374435 ], [ 77.253472994374505, 28.562881782249391 ], [ 77.248357227895355, 28.562881782249391 ], [ 77.248357227895355, 28.558390226374435 ], [ 77.253472994374505, 28.558390226374435 ] ] ] } },
{ "type": "Feature", "properties": { "cell_id": 550, "lon": 77.25603087761408, "lat": 28.560636004311913 }, "geometry": { "type": "Polygon", "coordinates": [ [ [ 77.258588760853655, 28.558390226374435 ], [ 77.258588760853655, 28.562881782249391 ], [ 77.253472994374505, 28.562881782249391 ], [ 77.253472994374505, 28.558390226374435 ], [ 77.258588760853655, 28.558390226374435 ] ] ] } },
{ "type": "Feature", "properties": { "cell_id": 551, "lon": 77.26114664409323, "lat": 28.560636004311913 }, "geometry": { "type": "Polygon", "coordinates": [ [ [ 77.263704527332806, 28.558390226374435 ], [ 77.263704527332806, 28.562881782249391 ], [ 77.258588760853655, 28.562881782249391 ], [ 77.258588760853655, 28.558390226374435 ], [ 77.263704527332806, 28.558390226374435 ] ] ] } },
{ "type": "Feature", "properties": { "cell_id": 552, "lon": 77.266262410572381, "lat": 28.560636004311913 }, "geometry": { "type": "Polygon", "coordinates": [ [ [ 77.268820293811956, 28.558390226374435 ], [ 77.268820293811956, 28.562881782249391 ], [ 77.263704527332806, 28.562881782249391 ], [ 77.263704527332806, 28.558390226374435 ], [ 77.268820293811956, 28.558390226374435 ] ] ] } },
{ "type": "Feature", "properties": { "cell_id": 553, "lon": 77.271378177051531, "lat": 28.560636004311913 }, "geometry": { "type": "Polygon", "coordinates": [ [ [ 77.273936060291106, 28.558390226374435 ], [ 77.273936060291106, 28.562881782249391 ], [ 77.268820293811956, 28.562881782249391 ], [ 77.268820293811956, 28.558390226374435 ], [ 77.273936060291106, 28.558390226374435 ] ] ] } },
{ "type": "Feature", "properties": { "cell_id": 554, "lon": 77.276493943530681, "lat": 28.560636004311913 }, "geometry": { "type": "Polygon", "coordinates": [ [ [ 77.279051826770257, 28.558390226374435 ], [ 77.279051826770257, 28.562881782249391 ], [ 77.273936060291106, 28.562881782249391 ], [ 77.273936060291106, 28.558390226374435 ], [ 77.279051826770257, 28.558390226374435 ] ] ] } },
{ "type": "Feature", "properties": { "cell_id": 555, "lon": 77.281609710009832, "lat": 28.560636004311913 }, "geometry": { "type": "Polygon", "coordinates": [ [ [ 77.284167593249407, 28.558390226374435 ], [ 77.284167593249407, 28.562881782249391 ], [ 77.279051826770257, 28.562881782249391 ], [ 77.279051826770257, 28.558390226374435 ], [ 77.284167593249407, 28.558390226374435 ] ] ] } },
{ "type": "Feature", "properties": { "cell_id": 556, "lon": 77.286725476488982, "lat": 28.560636004311913 }, "geometry": { "type": "Polygon", "coordinates": [ [ [ 77.289283359728557, 28.558390226374435 ], [ 77.289283359728557, 28.562881782249391 ], [ 77.284167593249407, 28.562881782249391 ], [ 77.284167593249407, 28.558390226374435 ], [ 77.289283359728557, 28.558390226374435 ] ] ] } },
{ "type": "Feature", "properties": { "cell_id": 557, "lon": 77.291841242968133, "lat": 28.560636004311913 }, "geometry": { "type": "Polygon", "coordinates": [ [ [ 77.294399126207708, 28.558390226374435 ], [ 77.294399126207708, 28.562881782249391 ], [ 77.289283359728557, 28.562881782249391 ], [ 77.289283359728557, 28.558390226374435 ], [ 77.294399126207708, 28.558390226374435 ] ] ] } },
{ "type": "Feature", "properties": { "cell_id": 558, "lon": 77.296957009447283, "lat": 28.560636004311913 }, "geometry": { "type": "Polygon", "coordinates": [ [ [ 77.299514892686858, 28.558390226374435 ], [ 77.299514892686858, 28.562881782249391 ], [ 77.294399126207708, 28.562881782249391 ], [ 77.294399126207708, 28.558390226374435 ], [ 77.299514892686858, 28.558390226374435 ] ] ] } },
{ "type": "Feature", "properties": { "cell_id": 560, "lon": 77.102557883239569, "lat": 28.56512756018687 }, "geometry": { "type": "Polygon", "coordinates": [ [ [ 77.105115766479145, 28.562881782249391 ], [ 77.105115766479145, 28.567373338124348 ], [ 77.1, 28.567373338124348 ], [ 77.1, 28.562881782249391 ], [ 77.105115766479145, 28.562881782249391 ] ] ] } },
{ "type": "Feature", "properties": { "cell_id": 561, "lon": 77.10767364971872, "lat": 28.56512756018687 }, "geometry": { "type": "Polygon", "coordinates": [ [ [ 77.110231532958295, 28.562881782249391 ], [ 77.110231532958295, 28.567373338124348 ], [ 77.105115766479145, 28.567373338124348 ], [ 77.105115766479145, 28.562881782249391 ], [ 77.110231532958295, 28.562881782249391 ] ] ] } },
{ "type": "Feature", "properties": { "cell_id": 562, "lon": 77.11278941619787, "lat": 28.56512756018687 }, "geometry": { "type": "Polygon", "coordinates": [ [ [ 77.115347299437445, 28.562881782249391 ], [ 77.115347299437445, 28.567373338124348 ], [ 77.110231532958295, 28.567373338124348 ], [ 77.110231532958295, 28.562881782249391 ], [ 77.115347299437445, 28.562881782249391 ] ] ] } },
{ "type": "Feature", "properties": { "cell_id": 563, "lon": 77.117905182677021, "lat": 28.56512756018687 }, "geometry": { "type": "Polygon", "coordinates": [ [ [ 77.120463065916596, 28.562881782249391 ], [ 77.120463065916596, 28.567373338124348 ], [ 77.115347299437445, 28.567373338124348 ], [ 77.115347299437445, 28.562881782249391 ], [ 77.120463065916596, 28.562881782249391 ] ] ] } },
{ "type": "Feature", "properties": { "cell_id": 564, "lon": 77.123020949156171, "lat": 28.56512756018687 }, "geometry": { "type": "Polygon", "coordinates": [ [ [ 77.125578832395746, 28.562881782249391 ], [ 77.125578832395746, 28.567373338124348 ], [ 77.120463065916596, 28.567373338124348 ], [ 77.120463065916596, 28.562881782249391 ], [ 77.125578832395746, 28.562881782249391 ] ] ] } },
{ "type": "Feature", "properties": { "cell_id": 565, "lon": 77.128136715635321, "lat": 28.56512756018687 }, "geometry": { "type": "Polygon", "coordinates": [ [ [ 77.130694598874896, 28.562881782249391 ], [ 77.130694598874896, 28.567373338124348 ], [ 77.125578832395746, 28.567373338124348 ], [ 77.125578832395746, 28.562881782249391 ], [ 77.130694598874896, 28.562881782249391 ] ] ] } },
{ "type": "Feature", "properties": { "cell_id": 566, "lon": 77.133252482114472, "lat": 28.56512756018687 }, "geometry": { "type": "Polygon", "coordinates": [ [ [ 77.135810365354047, 28.562881782249391 ], [ 77.135810365354047, 28.567373338124348 ], [ 77.130694598874896, 28.567373338124348 ], [ 77.130694598874896, 28.562881782249391 ], [ 77.135810365354047, 28.562881782249391 ] ] ] } },
{ "type": "Feature", "properties": { "cell_id": 567, "lon": 77.138368248593622, "lat": 28.56512756018687 }, "geometry": { "type": "Polygon", "coordinates": [ [ [ 77.140926131833197, 28.562881782249391 ], [ 77.140926131833197, 28.567373338124348 ], [ 77.135810365354047, 28.567373338124348 ], [ 77.135810365354047, 28.562881782249391 ], [ 77.140926131833197, 28.562881782249391 ] ] ] } },
{ "type": "Feature", "properties": { "cell_id": 568, "lon": 77.143484015072772, "lat": 28.56512756018687 }, "geometry": { "type": "Polygon", "coordinates": [ [ [ 77.146041898312347, 28.562881782249391 ], [ 77.146041898312347, 28.567373338124348 ], [ 77.140926131833197, 28.567373338124348 ], [ 77.140926131833197, 28.562881782249391 ], [ 77.146041898312347, 28.562881782249391 ] ] ] } },
{ "type": "Feature", "properties": { "cell_id": 569, "lon": 77.148599781551923, "lat": 28.56512756018687 }, "geometry": { "type": "Polygon", "coordinates": [ [ [ 77.151157664791498, 28.562881782249391 ], [ 77.151157664791498, 28.567373338124348 ], [ 77.146041898312347, 28.567373338124348 ], [ 77.146041898312347, 28.562881782249391 ], [ 77.151157664791498, 28.562881782249391 ] ] ] } },
{ "type": "Feature", "properties": { "cell_id": 570, "lon": 77.153715548031073, "lat": 28.56512756018687 }, "geometry": { "type": "Polygon", "coordinates": [ [ [ 77.156273431270648, 28.562881782249391 ], [ 77.156273431270648, 28.567373338124348 ], [ 77.151157664791498, 28.567373338124348 ], [ 77.151157664791498, 28.562881782249391 ], [ 77.156273431270648, 28.562881782249391 ] ] ] } },
{ "type": "Feature", "properties": { "cell_id": 571, "lon": 77.158831314510223, "lat": 28.56512756018687 }, "geometry": { "type": "Polygon", "coordinates": [ [ [ 77.161389197749799, 28.562881782249391 ], [ 77.161389197749799, 28.567373338124348 ], [ 77.156273431270648, 28.567373338124348 ], [ 77.156273431270648, 28.562881782249391 ], [ 77.161389197749799, 28.562881782249391 ] ] ] } },
{ "type": "Feature", "properties": { "cell_id": 572, "lon": 77.163947080989374, "lat": 28.56512756018687 }, "geometry": { "type": "Polygon", "coordinates": [ [ [ 77.166504964228949, 28.562881782249391 ], [ 77.166504964228949, 28.567373338124348 ], [ 77.161389197749799, 28.567373338124348 ], [ 77.161389197749799, 28.562881782249391 ], [ 77.166504964228949, 28.562881782249391 ] ] ] } },
{ "type": "Feature", "properties": { "cell_id": 573, "lon": 77.169062847468524, "lat": 28.56512756018687 }, "geometry": { "type": "Polygon", "coordinates": [ [ [ 77.171620730708099, 28.562881782249391 ], [ 77.171620730708099, 28.567373338124348 ], [ 77.166504964228949, 28.567373338124348 ], [ 77.166504964228949, 28.562881782249391 ], [ 77.171620730708099, 28.562881782249391 ] ] ] } },
{ "type": "Feature", "properties": { "cell_id": 574, "lon": 77.174178613947674, "lat": 28.56512756018687 }, "geometry": { "type": "Polygon", "coordinates": [ [ [ 77.17673649718725, 28.562881782249391 ], [ 77.17673649718725, 28.567373338124348 ], [ 77.171620730708099, 28.567373338124348 ], [ 77.171620730708099, 28.562881782249391 ], [ 77.17673649718725, 28.562881782249391 ] ] ] } },
{ "type": "Feature", "properties": { "cell_id": 575, "lon": 77.179294380426825, "lat": 28.56512756018687 }, "geometry": { "type": "Polygon", "coordinates": [ [ [ 77.1818522636664, 28.562881782249391 ], [ 77.1818522636664, 28.567373338124348 ], [ 77.17673649718725, 28.567373338124348 ], [ 77.17673649718725, 28.562881782249391 ], [ 77.1818522636664, 28.562881782249391 ] ] ] } },
{ "type": "Feature", "properties": { "cell_id": 576, "lon": 77.184410146905975, "lat": 28.56512756018687 }, "geometry": { "type": "Polygon", "coordinates": [ [ [ 77.18696803014555, 28.562881782249391 ], [ 77.18696803014555, 28.567373338124348 ], [ 77.1818522636664, 28.567373338124348 ], [ 77.1818522636664, 28.562881782249391 ], [ 77.18696803014555, 28.562881782249391 ] ] ] } },
{ "type": "Feature", "properties": { "cell_id": 577, "lon": 77.189525913385125, "lat": 28.56512756018687 }, "geometry": { "type": "Polygon", "coordinates": [ [ [ 77.192083796624701, 28.562881782249391 ], [ 77.192083796624701, 28.567373338124348 ], [ 77.18696803014555, 28.567373338124348 ], [ 77.18696803014555, 28.562881782249391 ], [ 77.192083796624701, 28.562881782249391 ] ] ] } },
{ "type": "Feature", "properties": { "cell_id": 578, "lon": 77.194641679864276, "lat": 28.56512756018687 }, "geometry": { "type": "Polygon", "coordinates": [ [ [ 77.197199563103851, 28.562881782249391 ], [ 77.197199563103851, 28.567373338124348 ], [ 77.192083796624701, 28.567373338124348 ], [ 77.192083796624701, 28.562881782249391 ], [ 77.197199563103851, 28.562881782249391 ] ] ] } },
{ "type": "Feature", "properties": { "cell_id": 579, "lon": 77.199757446343426, "lat": 28.56512756018687 }, "geometry": { "type": "Polygon", "coordinates": [ [ [ 77.202315329583001, 28.562881782249391 ], [ 77.202315329583001, 28.567373338124348 ], [ 77.197199563103851, 28.567373338124348 ], [ 77.197199563103851, 28.562881782249391 ], [ 77.202315329583001, 28.562881782249391 ] ] ] } },
{ "type": "Feature", "properties": { "cell_id": 580, "lon": 77.204873212822577, "lat": 28.56512756018687 }, "geometry": { "type": "Polygon", "coordinates": [ [ [ 77.207431096062152, 28.562881782249391 ], [ 77.207431096062152, 28.567373338124348 ], [ 77.202315329583001, 28.567373338124348 ], [ 77.202315329583001, 28.562881782249391 ], [ 77.207431096062152, 28.562881782249391 ] ] ] } },
{ "type": "Feature", "properties": { "cell_id": 581, "lon": 77.209988979301727, "lat": 28.56512756018687 }, "geometry": { "type": "Polygon", "coordinates": [ [ [ 77.212546862541302, 28.562881782249391 ], [ 77.212546862541302, 28.567373338124348 ], [ 77.207431096062152, 28.567373338124348 ], [ 77.207431096062152, 28.562881782249391 ], [ 77.212546862541302, 28.562881782249391 ] ] ] } },
{ "type": "Feature", "properties": { "cell_id": 582, "lon": 77.215104745780877, "lat": 28.56512756018687 }, "geometry": { "type": "Polygon", "coordinates": [ [ [ 77.217662629020452, 28.562881782249391 ], [ 77.217662629020452, 28.567373338124348 ], [ 77.212546862541302, 28.567373338124348 ], [ 77.212546862541302, 28.562881782249391 ], [ 77.217662629020452, 28.562881782249391 ] ] ] } },
{ "type": "Feature", "properties": { "cell_id": 583, "lon": 77.220220512260028, "lat": 28.56512756018687 }, "geometry": { "type": "Polygon", "coordinates": [ [ [ 77.222778395499603, 28.562881782249391 ], [ 77.222778395499603, 28.567373338124348 ], [ 77.217662629020452, 28.567373338124348 ], [ 77.217662629020452, 28.562881782249391 ], [ 77.222778395499603, 28.562881782249391 ] ] ] } },
{ "type": "Feature", "properties": { "cell_id": 584, "lon": 77.225336278739178, "lat": 28.56512756018687 }, "geometry": { "type": "Polygon", "coordinates": [ [ [ 77.227894161978753, 28.562881782249391 ], [ 77.227894161978753, 28.567373338124348 ], [ 77.222778395499603, 28.567373338124348 ], [ 77.222778395499603, 28.562881782249391 ], [ 77.227894161978753, 28.562881782249391 ] ] ] } },
{ "type": "Feature", "properties": { "cell_id": 585, "lon": 77.230452045218328, "lat": 28.56512756018687 }, "geometry": { "type": "Polygon", "coordinates": [ [ [ 77.233009928457903, 28.562881782249391 ], [ 77.233009928457903, 28.567373338124348 ], [ 77.227894161978753, 28.567373338124348 ], [ 77.227894161978753, 28.562881782249391 ], [ 77.233009928457903, 28.562881782249391 ] ] ] } },
{ "type": "Feature", "properties": { "cell_id": 586, "lon": 77.235567811697479, "lat": 28.56512756018687 }, "geometry": { "type": "Polygon", "coordinates": [ [ [ 77.238125694937054, 28.562881782249391 ], [ 77.238125694937054, 28.567373338124348 ], [ 77.233009928457903, 28.567373338124348 ], [ 77.233009928457903, 28.562881782249391 ], [ 77.238125694937054, 28.562881782249391 ] ] ] } },
{ "type": "Feature", "properties": { "cell_id": 587, "lon": 77.240683578176629, "lat": 28.56512756018687 }, "geometry": { "type": "Polygon", "coordinates": [ [ [ 77.243241461416204, 28.562881782249391 ], [ 77.243241461416204, 28.567373338124348 ], [ 77.238125694937054, 28.567373338124348 ], [ 77.238125694937054, 28.562881782249391 ], [ 77.243241461416204, 28.562881782249391 ] ] ] } },
{ "type": "Feature", "properties": { "cell_id": 588, "lon": 77.245799344655779, "lat": 28.56512756018687 }, "geometry": { "type": "Polygon", "coordinates": [ [ [ 77.248357227895355, 28.562881782249391 ], [ 77.248357227895355, 28.567373338124348 ], [ 77.243241461416204, 28.567373338124348 ], [ 77.243241461416204, 28.562881782249391 ], [ 77.248357227895355, 28.562881782249391 ] ] ] } },
{ "type": "Feature", "properties": { "cell_id": 589, "lon": 77.25091511113493, "lat": 28.56512756018687 }, "geometry": { "type": "Polygon", "coordinates": [ [ [ 77.253472994374505, 28.562881782249391 ], [ 77.253472994374505, 28.567373338124348 ], [ 77.248357227895355, 28.567373338124348 ], [ 77.248357227895355, 28.562881782249391 ], [ 77.253472994374505, 28.562881782249391 ] ] ] } },
{ "type": "Feature", "properties": { "cell_id": 590, "lon": 77.25603087761408, "lat": 28.56512756018687 }, "geometry": { "type": "Polygon", "coordinates": [ [ [ 77.258588760853655, 28.562881782249391 ], [ 77.258588760853655, 28.567373338124348 ], [ 77.253472994374505, 28.567373338124348 ], [ 77.253472994374505, 28.562881782249391 ], [ 77.258588760853655, 28.562881782249391 ] ] ] } },
{ "type": "Feature", "properties": { "cell_id": 591, "lon": 77.26114664409323, "lat": 28.56512756018687 }, "geometry": { "type": "Polygon", "coordinates": [ [ [ 77.263704527332806, 28.562881782249391 ], [ 77.263704527332806, 28.567373338124348 ], [ 77.258588760853655, 28.567373338124348 ], [ 77.258588760853655, 28.562881782249391 ], [ 77.263704527332806, 28.562881782249391 ] ] ] } },
{ "type": "Feature", "properties": { "cell_id": 592, "lon": 77.266262410572381, "lat": 28.56512756018687 }, "geometry": { "type": "Polygon", "coordinates": [ [ [ 77.268820293811956, 28.562881782249391 ], [ 77.268820293811956, 28.567373338124348 ], [ 77.263704527332806, 28.567373338124348 ], [ 77.263704527332806, 28.562881782249391 ], [ 77.268820293811956, 28.562881782249391 ] ] ] } },
{ "type": "Feature", "properties": { "cell_id": 593, "lon": 77.271378177051531, "lat": 28.56512756018687 }, "geometry": { "type": "Polygon", "coordinates": [ [ [ 77.273936060291106, 28.562881782249391 ], [ 77.273936060291106, 28.567373338124348 ], [ 77.268820293811956, 28.567373338124348 ], [ 77.268820293811956, 28.562881782249391 ], [ 77.273936060291106, 28.562881782249391 ] ] ] } },
{ "type": "Feature", "properties": { "cell_id": 594, "lon": 77.276493943530681, "lat": 28.56512756018687 }, "geometry": { "type": "Polygon", "coordinates": [ [ [ 77.279051826770257, 28.562881782249391 ], [ 77.279051826770257, 28.567373338124348 ], [ 77.273936060291106, 28.567373338124348 ], [ 77.273936060291106, 28.562881782249391 ], [ 77.279051826770257, 28.562881782249391 ] ] ] } },
{ "type": "Feature", "properties": { "cell_id": 595, "lon": 77.281609710009832, "lat": 28.56512756018687 }, "geometry": { "type": "Polygon", "coordinates": [ [ [ 77.284167593249407, 28.562881782249391 ], [ 77.284167593249407, 28.567373338124348 ], [ 77.279051826770257, 28.567373338124348 ], [ 77.279051826770257, 28.562881782249391 ], [ 77.284167593249407, 28.562881782249391 ] ] ] } },
{ "type": "Feature", "properties": { "cell_id": 596, "lon": 77.286725476488982, "lat": 28.56512756018687 }, "geometry": { "type": "Polygon", "coordinates": [ [ [ 77.289283359728557, 28.562881782249391 ], [ 77.289283359728557, 28.567373338124348 ], [ 77.284167593249407, 28.567373338124348 ], [ 77.284167593249407, 28.562881782249391 ], [ 77.289283359728557, 28.562881782249391 ] ] ] } },
{ "type": "Feature", "properties": { "cell_id": 597, "lon": 77.291841242968133, "lat": 28.56512756018687 }, "geometry": { "type": "Polygon", "coordinates": [ [ [ 77.294399126207708, 28.562881782249391 ], [ 77.294399126207708, 28.567373338124348 ], [ 77.289283359728557, 28.567373338124348 ], [ 77.289283359728557, 28.562881782249391 ], [ 77.294399126207708, 28.562881782249391 ] ] ] } },
{ "type": "Feature", "properties": { "cell_id": 598, "lon": 77.296957009447283, "lat": 28.56512756018687 }, "geometry": { "type": "Polygon", "coordinates": [ [ [ 77.299514892686858, 28.562881782249391 ], [ 77.299514892686858, 28.567373338124348 ], [ 77.294399126207708, 28.567373338124348 ], [ 77.294399126207708, 28.562881782249391 ], [ 77.299514892686858, 28.562881782249391 ] ] ] } },
{ "type": "Feature", "properties": { "cell_id": 600, "lon": 77.102557883239569, "lat": 28.569619116061826 }, "geometry": { "type": "Polygon", "coordinates": [ [ [ 77.105115766479145, 28.567373338124348 ], [ 77.105115766479145, 28.571864893999305 ], [ 77.1, 28.571864893999305 ], [ 77.1, 28.567373338124348 ], [ 77.105115766479145, 28.567373338124348 ] ] ] } },
{ "type": "Feature", "properties": { "cell_id": 601, "lon": 77.10767364971872, "lat": 28.569619116061826 }, "geometry": { "type": "Polygon", "coordinates": [ [ [ 77.110231532958295, 28.567373338124348 ], [ 77.110231532958295, 28.571864893999305 ], [ 77.105115766479145, 28.571864893999305 ], [ 77.105115766479145, 28.567373338124348 ], [ 77.110231532958295, 28.567373338124348 ] ] ] } },
{ "type": "Feature", "properties": { "cell_id": 602, "lon": 77.11278941619787, "lat": 28.569619116061826 }, "geometry": { "type": "Polygon", "coordinates": [ [ [ 77.115347299437445, 28.567373338124348 ], [ 77.115347299437445, 28.571864893999305 ], [ 77.110231532958295, 28.571864893999305 ], [ 77.110231532958295, 28.567373338124348 ], [ 77.115347299437445, 28.567373338124348 ] ] ] } },
{ "type": "Feature", "properties": { "cell_id": 603, "lon": 77.117905182677021, "lat": 28.569619116061826 }, "geometry": { "type": "Polygon", "coordinates": [ [ [ 77.120463065916596, 28.567373338124348 ], [ 77.120463065916596, 28.571864893999305 ], [ 77.115347299437445, 28.571864893999305 ], [ 77.115347299437445, 28.567373338124348 ], [ 77.120463065916596, 28.567373338124348 ] ] ] } },
{ "type": "Feature", "properties": { "cell_id": 604, "lon": 77.123020949156171, "lat": 28.569619116061826 }, "geometry": { "type": "Polygon", "coordinates": [ [ [ 77.125578832395746, 28.567373338124348 ], [ 77.125578832395746, 28.571864893999305 ], [ 77.120463065916596, 28.571864893999305 ], [ 77.120463065916596, 28.567373338124348 ], [ 77.125578832395746, 28.567373338124348 ] ] ] } },
{ "type": "Feature", "properties": { "cell_id": 605, "lon": 77.128136715635321, "lat": 28.569619116061826 }, "geometry": { "type": "Polygon", "coordinates": [ [ [ 77.130694598874896, 28.567373338124348 ], [ 77.130694598874896, 28.571864893999305 ], [ 77.125578832395746, 28.571864893999305 ], [ 77.125578832395746, 28.567373338124348 ], [ 77.130694598874896, 28.567373338124348 ] ] ] } },
{ "type": "Feature", "properties": { "cell_id": 606, "lon": 77.133252482114472, "lat": 28.569619116061826 }, "geometry": { "type": "Polygon", "coordinates": [ [ [ 77.135810365354047, 28.567373338124348 ], [ 77.135810365354047, 28.571864893999305 ], [ 77.130694598874896, 28.571864893999305 ], [ 77.130694598874896, 28.567373338124348 ], [ 77.135810365354047, 28.567373338124348 ] ] ] } },
{ "type": "Feature", "properties": { "cell_id": 607, "lon": 77.138368248593622, "lat": 28.569619116061826 }, "geometry": { "type": "Polygon", "coordinates": [ [ [ 77.140926131833197, 28.567373338124348 ], [ 77.140926131833197, 28.571864893999305 ], [ 77.135810365354047, 28.571864893999305 ], [ 77.135810365354047, 28.567373338124348 ], [ 77.140926131833197, 28.567373338124348 ] ] ] } },
{ "type": "Feature", "properties": { "cell_id": 608, "lon": 77.143484015072772, "lat": 28.569619116061826 }, "geometry": { "type": "Polygon", "coordinates": [ [ [ 77.146041898312347, 28.567373338124348 ], [ 77.146041898312347, 28.571864893999305 ], [ 77.140926131833197, 28.571864893999305 ], [ 77.140926131833197, 28.567373338124348 ], [ 77.146041898312347, 28.567373338124348 ] ] ] } },
{ "type": "Feature", "properties": { "cell_id": 609, "lon": 77.148599781551923, "lat": 28.569619116061826 }, "geometry": { "type": "Polygon", "coordinates": [ [ [ 77.151157664791498, 28.567373338124348 ], [ 77.151157664791498, 28.571864893999305 ], [ 77.146041898312347, 28.571864893999305 ], [ 77.146041898312347, 28.567373338124348 ], [ 77.151157664791498, 28.567373338124348 ] ] ] } },
{ "type": "Feature", "properties": { "cell_id": 610, "lon": 77.153715548031073, "lat": 28.569619116061826 }, "geometry": { "type": "Polygon", "coordinates": [ [ [ 77.156273431270648, 28.567373338124348 ], [ 77.156273431270648, 28.571864893999305 ], [ 77.151157664791498, 28.571864893999305 ], [ 77.151157664791498, 28.567373338124348 ], [ 77.156273431270648, 28.567373338124348 ] ] ] } },
{ "type": "Feature", "properties": { "cell_id": 611, "lon": 77.158831314510223, "lat": 28.569619116061826 }, "geometry": { "type": "Polygon", "coordinates": [ [ [ 77.161389197749799, 28.567373338124348 ], [ 77.161389197749799, 28.571864893999305 ], [ 77.156273431270648, 28.571864893999305 ], [ 77.156273431270648, 28.567373338124348 ], [ 77.161389197749799, 28.567373338124348 ] ] ] } },
{ "type": "Feature", "properties": { "cell_id": 612, "lon": 77.163947080989374, "lat": 28.569619116061826 }, "geometry": { "type": "Polygon", "coordinates": [ [ [ 77.166504964228949, 28.567373338124348 ], [ 77.166504964228949, 28.571864893999305 ], [ 77.161389197749799, 28.571864893999305 ], [ 77.161389197749799, 28.567373338124348 ], [ 77.166504964228949, 28.567373338124348 ] ] ] } },
{ "type": "Feature", "properties": { "cell_id": 613, "lon": 77.169062847468524, "lat": 28.569619116061826 }, "geometry": { "type": "Polygon", "coordinates": [ [ [ 77.171620730708099, 28.567373338124348 ], [ 77.171620730708099, 28.571864893999305 ], [ 77.166504964228949, 28.571864893999305 ], [ 77.166504964228949, 28.567373338124348 ], [ 77.171620730708099, 28.567373338124348 ] ] ] } },
{ "type": "Feature", "properties": { "cell_id": 614, "lon": 77.174178613947674, "lat": 28.569619116061826 }, "geometry": { "type": "Polygon", "coordinates": [ [ [ 77.17673649718725, 28.567373338124348 ], [ 77.17673649718725, 28.571864893999305 ], [ 77.171620730708099, 28.571864893999305 ], [ 77.171620730708099, 28.567373338124348 ], [ 77.17673649718725, 28.567373338124348 ] ] ] } },
{ "type": "Feature", "properties": { "cell_id": 615, "lon": 77.179294380426825, "lat": 28.569619116061826 }, "geometry": { "type": "Polygon", "coordinates": [ [ [ 77.1818522636664, 28.567373338124348 ], [ 77.1818522636664, 28.571864893999305 ], [ 77.17673649718725, 28.571864893999305 ], [ 77.17673649718725, 28.567373338124348 ], [ 77.1818522636664, 28.567373338124348 ] ] ] } },
{ "type": "Feature", "properties": { "cell_id": 616, "lon": 77.184410146905975, "lat": 28.569619116061826 }, "geometry": { "type": "Polygon", "coordinates": [ [ [ 77.18696803014555, 28.567373338124348 ], [ 77.18696803014555, 28.571864893999305 ], [ 77.1818522636664, 28.571864893999305 ], [ 77.1818522636664, 28.567373338124348 ], [ 77.18696803014555, 28.567373338124348 ] ] ] } },
{ "type": "Feature", "properties": { "cell_id": 617, "lon": 77.189525913385125, "lat": 28.569619116061826 }, "geometry": { "type": "Polygon", "coordinates": [ [ [ 77.192083796624701, 28.567373338124348 ], [ 77.192083796624701, 28.571864893999305 ], [ 77.18696803014555, 28.571864893999305 ], [ 77.18696803014555, 28.567373338124348 ], [ 77.192083796624701, 28.567373338124348 ] ] ] } },
{ "type": "Feature", "properties": { "cell_id": 618, "lon": 77.194641679864276, "lat": 28.569619116061826 }, "geometry": { "type": "Polygon", "coordinates": [ [ [ 77.197199563103851, 28.567373338124348 ], [ 77.197199563103851, 28.571864893999305 ], [ 77.192083796624701, 28.571864893999305 ], [ 77.192083796624701, 28.567373338124348 ], [ 77.197199563103851, 28.567373338124348 ] ] ] } },
{ "type": "Feature", "properties": { "cell_id": 619, "lon": 77.199757446343426, "lat": 28.569619116061826 }, "geometry": { "type": "Polygon", "coordinates": [ [ [ 77.202315329583001, 28.567373338124348 ], [ 77.202315329583001, 28.571864893999305 ], [ 77.197199563103851, 28.571864893999305 ], [ 77.197199563103851, 28.567373338124348 ], [ 77.202315329583001, 28.567373338124348 ] ] ] } },
{ "type": "Feature", "properties": { "cell_id": 620, "lon": 77.204873212822577, "lat": 28.569619116061826 }, "geometry": { "type": "Polygon", "coordinates": [ [ [ 77.207431096062152, 28.567373338124348 ], [ 77.207431096062152, 28.571864893999305 ], [ 77.202315329583001, 28.571864893999305 ], [ 77.202315329583001, 28.567373338124348 ], [ 77.207431096062152, 28.567373338124348 ] ] ] } },
{ "type": "Feature", "properties": { "cell_id": 621, "lon": 77.209988979301727, "lat": 28.569619116061826 }, "geometry": { "type": "Polygon", "coordinates": [ [ [ 77.212546862541302, 28.567373338124348 ], [ 77.212546862541302, 28.571864893999305 ], [ 77.207431096062152, 28.571864893999305 ], [ 77.207431096062152, 28.567373338124348 ], [ 77.212546862541302, 28.567373338124348 ] ] ] } },
{ "type": "Feature", "properties": { "cell_id": 622, "lon": 77.215104745780877, "lat": 28.569619116061826 }, "geometry": { "type": "Polygon", "coordinates": [ [ [ 77.217662629020452, 28.567373338124348 ], [ 77.217662629020452, 28.571864893999305 ], [ 77.212546862541302, 28.571864893999305 ], [ 77.212546862541302, 28.567373338124348 ], [ 77.217662629020452, 28.567373338124348 ] ] ] } },
{ "type": "Feature", "properties": { "cell_id": 623, "lon": 77.220220512260028, "lat": 28.569619116061826 }, "geometry": { "type": "Polygon", "coordinates": [ [ [ 77.222778395499603, 28.567373338124348 ], [ 77.222778395499603, 28.571864893999305 ], [ 77.217662629020452, 28.571864893999305 ], [ 77.217662629020452, 28.567373338124348 ], [ 77.222778395499603, 28.567373338124348 ] ] ] } },
{ "type": "Feature", "properties": { "cell_id": 624, "lon": 77.225336278739178, "lat": 28.569619116061826 }, "geometry": { "type": "Polygon", "coordinates": [ [ [ 77.227894161978753, 28.567373338124348 ], [ 77.227894161978753, 28.571864893999305 ], [ 77.222778395499603, 28.571864893999305 ], [ 77.222778395499603, 28.567373338124348 ], [ 77.227894161978753, 28.567373338124348 ] ] ] } },
{ "type": "Feature", "properties": { "cell_id": 625, "lon": 77.230452045218328, "lat": 28.569619116061826 }, "geometry": { "type": "Polygon", "coordinates": [ [ [ 77.233009928457903, 28.567373338124348 ], [ 77.233009928457903, 28.571864893999305 ], [ 77.227894161978753, 28.571864893999305 ], [ 77.227894161978753, 28.567373338124348 ], [ 77.233009928457903, 28.567373338124348 ] ] ] } },
{ "type": "Feature", "properties": { "cell_id": 626, "lon": 77.235567811697479, "lat": 28.569619116061826 }, "geometry": { "type": "Polygon", "coordinates": [ [ [ 77.238125694937054, 28.567373338124348 ], [ 77.238125694937054, 28.571864893999305 ], [ 77.233009928457903, 28.571864893999305 ], [ 77.233009928457903, 28.567373338124348 ], [ 77.238125694937054, 28.567373338124348 ] ] ] } },
{ "type": "Feature", "properties": { "cell_id": 627, "lon": 77.240683578176629, "lat": 28.569619116061826 }, "geometry": { "type": "Polygon", "coordinates": [ [ [ 77.243241461416204, 28.567373338124348 ], [ 77.243241461416204, 28.571864893999305 ], [ 77.238125694937054, 28.571864893999305 ], [ 77.238125694937054, 28.567373338124348 ], [ 77.243241461416204, 28.567373338124348 ] ] ] } },
{ "type": "Feature", "properties": { "cell_id": 628, "lon": 77.245799344655779, "lat": 28.569619116061826 }, "geometry": { "type": "Polygon", "coordinates": [ [ [ 77.248357227895355, 28.567373338124348 ], [ 77.248357227895355, 28.571864893999305 ], [ 77.243241461416204, 28.571864893999305 ], [ 77.243241461416204, 28.567373338124348 ], [ 77.248357227895355, 28.567373338124348 ] ] ] } },
{ "type": "Feature", "properties": { "cell_id": 629, "lon": 77.25091511113493, "lat": 28.569619116061826 }, "geometry": { "type": "Polygon", "coordinates": [ [ [ 77.253472994374505, 28.567373338124348 ], [ 77.253472994374505, 28.571864893999305 ], [ 77.248357227895355, 28.571864893999305 ], [ 77.248357227895355, 28.567373338124348 ], [ 77.253472994374505, 28.567373338124348 ] ] ] } },
{ "type": "Feature", "properties": { "cell_id": 630, "lon": 77.25603087761408, "lat": 28.569619116061826 }, "geometry": { "type": "Polygon", "coordinates": [ [ [ 77.258588760853655, 28.567373338124348 ], [ 77.258588760853655, 28.571864893999305 ], [ 77.253472994374505, 28.571864893999305 ], [ 77.253472994374505, 28.567373338124348 ], [ 77.258588760853655, 28.567373338124348 ] ] ] } },
{ "type": "Feature", "properties": { "cell_id": 631, "lon": 77.26114664409323, "lat": 28.569619116061826 }, "geometry": { "type": "Polygon", "coordinates": [ [ [ 77.263704527332806, 28.567373338124348 ], [ 77.263704527332806, 28.571864893999305 ], [ 77.258588760853655, 28.571864893999305 ], [ 77.258588760853655, 28.567373338124348 ], [ 77.263704527332806, 28.567373338124348 ] ] ] } },
{ "type": "Feature", "properties": { "cell_id": 632, "lon": 77.266262410572381, "lat": 28.569619116061826 }, "geometry": { "type": "Polygon", "coordinates": [ [ [ 77.268820293811956, 28.567373338124348 ], [ 77.268820293811956, 28.571864893999305 ], [ 77.263704527332806, 28.571864893999305 ], [ 77.263704527332806, 28.567373338124348 ], [ 77.268820293811956, 28.567373338124348 ] ] ] } },
{ "type": "Feature", "properties": { "cell_id": 633, "lon": 77.271378177051531, "lat": 28.569619116061826 }, "geometry": { "type": "Polygon", "coordinates": [ [ [ 77.273936060291106, 28.567373338124348 ], [ 77.273936060291106, 28.571864893999305 ], [ 77.268820293811956, 28.571864893999305 ], [ 77.268820293811956, 28.567373338124348 ], [ 77.273936060291106, 28.567373338124348 ] ] ] } },
{ "type": "Feature", "properties": { "cell_id": 634, "lon": 77.276493943530681, "lat": 28.569619116061826 }, "geometry": { "type": "Polygon", "coordinates": [ [ [ 77.279051826770257, 28.567373338124348 ], [ 77.279051826770257, 28.571864893999305 ], [ 77.273936060291106, 28.571864893999305 ], [ 77.273936060291106, 28.567373338124348 ], [ 77.279051826770257, 28.567373338124348 ] ] ] } },
{ "type": "Feature", "properties": { "cell_id": 635, "lon": 77.281609710009832, "lat": 28.569619116061826 }, "geometry": { "type": "Polygon", "coordinates": [ [ [ 77.284167593249407, 28.567373338124348 ], [ 77.284167593249407, 28.571864893999305 ], [ 77.279051826770257, 28.571864893999305 ], [ 77.279051826770257, 28.567373338124348 ], [ 77.284167593249407, 28.567373338124348 ] ] ] } },
{ "type": "Feature", "properties": { "cell_id": 636, "lon": 77.286725476488982, "lat": 28.569619116061826 }, "geometry": { "type": "Polygon", "coordinates": [ [ [ 77.289283359728557, 28.567373338124348 ], [ 77.289283359728557, 28.571864893999305 ], [ 77.284167593249407, 28.571864893999305 ], [ 77.284167593249407, 28.567373338124348 ], [ 77.289283359728557, 28.567373338124348 ] ] ] } },
{ "type": "Feature", "properties": { "cell_id": 637, "lon": 77.291841242968133, "lat": 28.569619116061826 }, "geometry": { "type": "Polygon", "coordinates": [ [ [ 77.294399126207708, 28.567373338124348 ], [ 77.294399126207708, 28.571864893999305 ], [ 77.289283359728557, 28.571864893999305 ], [ 77.289283359728557, 28.567373338124348 ], [ 77.294399126207708, 28.567373338124348 ] ] ] } },
{ "type": "Feature", "properties": { "cell_id": 638, "lon": 77.296957009447283, "lat": 28.569619116061826 }, "geometry": { "type": "Polygon", "coordinates": [ [ [ 77.299514892686858, 28.567373338124348 ], [ 77.299514892686858, 28.571864893999305 ], [ 77.294399126207708, 28.571864893999305 ], [ 77.294399126207708, 28.567373338124348 ], [ 77.299514892686858, 28.567373338124348 ] ] ] } },
{ "type": "Feature", "properties": { "cell_id": 640, "lon": 77.102557883239569, "lat": 28.574110671936783 }, "geometry": { "type": "Polygon", "coordinates": [ [ [ 77.105115766479145, 28.571864893999305 ], [ 77.105115766479145, 28.576356449874261 ], [ 77.1, 28.576356449874261 ], [ 77.1, 28.571864893999305 ], [ 77.105115766479145, 28.571864893999305 ] ] ] } },
{ "type": "Feature", "properties": { "cell_id": 641, "lon": 77.10767364971872, "lat": 28.574110671936783 }, "geometry": { "type": "Polygon", "coordinates": [ [ [ 77.110231532958295, 28.571864893999305 ], [ 77.110231532958295, 28.576356449874261 ], [ 77.105115766479145, 28.576356449874261 ], [ 77.105115766479145, 28.571864893999305 ], [ 77.110231532958295, 28.571864893999305 ] ] ] } },
{ "type": "Feature", "properties": { "cell_id": 642, "lon": 77.11278941619787, "lat": 28.574110671936783 }, "geometry": { "type": "Polygon", "coordinates": [ [ [ 77.115347299437445, 28.571864893999305 ], [ 77.115347299437445, 28.576356449874261 ], [ 77.110231532958295, 28.576356449874261 ], [ 77.110231532958295, 28.571864893999305 ], [ 77.115347299437445, 28.571864893999305 ] ] ] } },
{ "type": "Feature", "properties": { "cell_id": 643, "lon": 77.117905182677021, "lat": 28.574110671936783 }, "geometry": { "type": "Polygon", "coordinates": [ [ [ 77.120463065916596, 28.571864893999305 ], [ 77.120463065916596, 28.576356449874261 ], [ 77.115347299437445, 28.576356449874261 ], [ 77.115347299437445, 28.571864893999305 ], [ 77.120463065916596, 28.571864893999305 ] ] ] } },
{ "type": "Feature", "properties": { "cell_id": 644, "lon": 77.123020949156171, "lat": 28.574110671936783 }, "geometry": { "type": "Polygon", "coordinates": [ [ [ 77.125578832395746, 28.571864893999305 ], [ 77.125578832395746, 28.576356449874261 ], [ 77.120463065916596, 28.576356449874261 ], [ 77.120463065916596, 28.571864893999305 ], [ 77.125578832395746, 28.571864893999305 ] ] ] } },
{ "type": "Feature", "properties": { "cell_id": 645, "lon": 77.128136715635321, "lat": 28.574110671936783 }, "geometry": { "type": "Polygon", "coordinates": [ [ [ 77.130694598874896, 28.571864893999305 ], [ 77.130694598874896, 28.576356449874261 ], [ 77.125578832395746, 28.576356449874261 ], [ 77.125578832395746, 28.571864893999305 ], [ 77.130694598874896, 28.571864893999305 ] ] ] } },
{ "type": "Feature", "properties": { "cell_id": 646, "lon": 77.133252482114472, "lat": 28.574110671936783 }, "geometry": { "type": "Polygon", "coordinates": [ [ [ 77.135810365354047, 28.571864893999305 ], [ 77.135810365354047, 28.576356449874261 ], [ 77.130694598874896, 28.576356449874261 ], [ 77.130694598874896, 28.571864893999305 ], [ 77.135810365354047, 28.571864893999305 ] ] ] } },
{ "type": "Feature", "properties": { "cell_id": 647, "lon": 77.138368248593622, "lat": 28.574110671936783 }, "geometry": { "type": "Polygon", "coordinates": [ [ [ 77.140926131833197, 28.571864893999305 ], [ 77.140926131833197, 28.576356449874261 ], [ 77.135810365354047, 28.576356449874261 ], [ 77.135810365354047, 28.571864893999305 ], [ 77.140926131833197, 28.571864893999305 ] ] ] } },
{ "type": "Feature", "properties": { "cell_id": 648, "lon": 77.143484015072772, "lat": 28.574110671936783 }, "geometry": { "type": "Polygon", "coordinates": [ [ [ 77.146041898312347, 28.571864893999305 ], [ 77.146041898312347, 28.576356449874261 ], [ 77.140926131833197, 28.576356449874261 ], [ 77.140926131833197, 28.571864893999305 ], [ 77.146041898312347, 28.571864893999305 ] ] ] } },
{ "type": "Feature", "properties": { "cell_id": 649, "lon": 77.148599781551923, "lat": 28.574110671936783 }, "geometry": { "type": "Polygon", "coordinates": [ [ [ 77.151157664791498, 28.571864893999305 ], [ 77.151157664791498, 28.576356449874261 ], [ 77.146041898312347, 28.576356449874261 ], [ 77.146041898312347, 28.571864893999305 ], [ 77.151157664791498, 28.571864893999305 ] ] ] } },
{ "type": "Feature", "properties": { "cell_id": 650, "lon": 77.153715548031073, "lat": 28.574110671936783 }, "geometry": { "type": "Polygon", "coordinates": [ [ [ 77.156273431270648, 28.571864893999305 ], [ 77.156273431270648, 28.576356449874261 ], [ 77.151157664791498, 28.576356449874261 ], [ 77.151157664791498, 28.571864893999305 ], [ 77.156273431270648, 28.571864893999305 ] ] ] } },
{ "type": "Feature", "properties": { "cell_id": 651, "lon": 77.158831314510223, "lat": 28.574110671936783 }, "geometry": { "type": "Polygon", "coordinates": [ [ [ 77.161389197749799, 28.571864893999305 ], [ 77.161389197749799, 28.576356449874261 ], [ 77.156273431270648, 28.576356449874261 ], [ 77.156273431270648, 28.571864893999305 ], [ 77.161389197749799, 28.571864893999305 ] ] ] } },
{ "type": "Feature", "properties": { "cell_id": 652, "lon": 77.163947080989374, "lat": 28.574110671936783 }, "geometry": { "type": "Polygon", "coordinates": [ [ [ 77.166504964228949, 28.571864893999305 ], [ 77.166504964228949, 28.576356449874261 ], [ 77.161389197749799, 28.576356449874261 ], [ 77.161389197749799, 28.571864893999305 ], [ 77.166504964228949, 28.571864893999305 ] ] ] } },
{ "type": "Feature", "properties": { "cell_id": 653, "lon": 77.169062847468524, "lat": 28.574110671936783 }, "geometry": { "type": "Polygon", "coordinates": [ [ [ 77.171620730708099, 28.571864893999305 ], [ 77.171620730708099, 28.576356449874261 ], [ 77.166504964228949, 28.576356449874261 ], [ 77.166504964228949, 28.571864893999305 ], [ 77.171620730708099, 28.571864893999305 ] ] ] } },
{ "type": "Feature", "properties": { "cell_id": 654, "lon": 77.174178613947674, "lat": 28.574110671936783 }, "geometry": { "type": "Polygon", "coordinates": [ [ [ 77.17673649718725, 28.571864893999305 ], [ 77.17673649718725, 28.576356449874261 ], [ 77.171620730708099, 28.576356449874261 ], [ 77.171620730708099, 28.571864893999305 ], [ 77.17673649718725, 28.571864893999305 ] ] ] } },
{ "type": "Feature", "properties": { "cell_id": 655, "lon": 77.179294380426825, "lat": 28.574110671936783 }, "geometry": { "type": "Polygon", "coordinates": [ [ [ 77.1818522636664, 28.571864893999305 ], [ 77.1818522636664, 28.576356449874261 ], [ 77.17673649718725, 28.576356449874261 ], [ 77.17673649718725, 28.571864893999305 ], [ 77.1818522636664, 28.571864893999305 ] ] ] } },
{ "type": "Feature", "properties": { "cell_id": 656, "lon": 77.184410146905975, "lat": 28.574110671936783 }, "geometry": { "type": "Polygon", "coordinates": [ [ [ 77.18696803014555, 28.571864893999305 ], [ 77.18696803014555, 28.576356449874261 ], [ 77.1818522636664, 28.576356449874261 ], [ 77.1818522636664, 28.571864893999305 ], [ 77.18696803014555, 28.571864893999305 ] ] ] } },
{ "type": "Feature", "properties": { "cell_id": 657, "lon": 77.189525913385125, "lat": 28.574110671936783 }, "geometry": { "type": "Polygon", "coordinates": [ [ [ 77.192083796624701, 28.571864893999305 ], [ 77.192083796624701, 28.576356449874261 ], [ 77.18696803014555, 28.576356449874261 ], [ 77.18696803014555, 28.571864893999305 ], [ 77.192083796624701, 28.571864893999305 ] ] ] } },
{ "type": "Feature", "properties": { "cell_id": 658, "lon": 77.194641679864276, "lat": 28.574110671936783 }, "geometry": { "type": "Polygon", "coordinates": [ [ [ 77.197199563103851, 28.571864893999305 ], [ 77.197199563103851, 28.576356449874261 ], [ 77.192083796624701, 28.576356449874261 ], [ 77.192083796624701, 28.571864893999305 ], [ 77.197199563103851, 28.571864893999305 ] ] ] } },
{ "type": "Feature", "properties": { "cell_id": 659, "lon": 77.199757446343426, "lat": 28.574110671936783 }, "geometry": { "type": "Polygon", "coordinates": [ [ [ 77.202315329583001, 28.571864893999305 ], [ 77.202315329583001, 28.576356449874261 ], [ 77.197199563103851, 28.576356449874261 ], [ 77.197199563103851, 28.571864893999305 ], [ 77.202315329583001, 28.571864893999305 ] ] ] } },
{ "type": "Feature", "properties": { "cell_id": 660, "lon": 77.204873212822577, "lat": 28.574110671936783 }, "geometry": { "type": "Polygon", "coordinates": [ [ [ 77.207431096062152, 28.571864893999305 ], [ 77.207431096062152, 28.576356449874261 ], [ 77.202315329583001, 28.576356449874261 ], [ 77.202315329583001, 28.571864893999305 ], [ 77.207431096062152, 28.571864893999305 ] ] ] } },
{ "type": "Feature", "properties": { "cell_id": 661, "lon": 77.209988979301727, "lat": 28.574110671936783 }, "geometry": { "type": "Polygon", "coordinates": [ [ [ 77.212546862541302, 28.571864893999305 ], [ 77.212546862541302, 28.576356449874261 ], [ 77.207431096062152, 28.576356449874261 ], [ 77.207431096062152, 28.571864893999305 ], [ 77.212546862541302, 28.571864893999305 ] ] ] } },
{ "type": "Feature", "properties": { "cell_id": 662, "lon": 77.215104745780877, "lat": 28.574110671936783 }, "geometry": { "type": "Polygon", "coordinates": [ [ [ 77.217662629020452, 28.571864893999305 ], [ 77.217662629020452, 28.576356449874261 ], [ 77.212546862541302, 28.576356449874261 ], [ 77.212546862541302, 28.571864893999305 ], [ 77.217662629020452, 28.571864893999305 ] ] ] } },
{ "type": "Feature", "properties": { "cell_id": 663, "lon": 77.220220512260028, "lat": 28.574110671936783 }, "geometry": { "type": "Polygon", "coordinates": [ [ [ 77.222778395499603, 28.571864893999305 ], [ 77.222778395499603, 28.576356449874261 ], [ 77.217662629020452, 28.576356449874261 ], [ 77.217662629020452, 28.571864893999305 ], [ 77.222778395499603, 28.571864893999305 ] ] ] } },
{ "type": "Feature", "properties": { "cell_id": 664, "lon": 77.225336278739178, "lat": 28.574110671936783 }, "geometry": { "type": "Polygon", "coordinates": [ [ [ 77.227894161978753, 28.571864893999305 ], [ 77.227894161978753, 28.576356449874261 ], [ 77.222778395499603, 28.576356449874261 ], [ 77.222778395499603, 28.571864893999305 ], [ 77.227894161978753, 28.571864893999305 ] ] ] } },
{ "type": "Feature", "properties": { "cell_id": 665, "lon": 77.230452045218328, "lat": 28.574110671936783 }, "geometry": { "type": "Polygon", "coordinates": [ [ [ 77.233009928457903, 28.571864893999305 ], [ 77.233009928457903, 28.576356449874261 ], [ 77.227894161978753, 28.576356449874261 ], [ 77.227894161978753, 28.571864893999305 ], [ 77.233009928457903, 28.571864893999305 ] ] ] } },
{ "type": "Feature", "properties": { "cell_id": 666, "lon": 77.235567811697479, "lat": 28.574110671936783 }, "geometry": { "type": "Polygon", "coordinates": [ [ [ 77.238125694937054, 28.571864893999305 ], [ 77.238125694937054, 28.576356449874261 ], [ 77.233009928457903, 28.576356449874261 ], [ 77.233009928457903, 28.571864893999305 ], [ 77.238125694937054, 28.571864893999305 ] ] ] } },
{ "type": "Feature", "properties": { "cell_id": 667, "lon": 77.240683578176629, "lat": 28.574110671936783 }, "geometry": { "type": "Polygon", "coordinates": [ [ [ 77.243241461416204, 28.571864893999305 ], [ 77.243241461416204, 28.576356449874261 ], [ 77.238125694937054, 28.576356449874261 ], [ 77.238125694937054, 28.571864893999305 ], [ 77.243241461416204, 28.571864893999305 ] ] ] } },
{ "type": "Feature", "properties": { "cell_id": 668, "lon": 77.245799344655779, "lat": 28.574110671936783 }, "geometry": { "type": "Polygon", "coordinates": [ [ [ 77.248357227895355, 28.571864893999305 ], [ 77.248357227895355, 28.576356449874261 ], [ 77.243241461416204, 28.576356449874261 ], [ 77.243241461416204, 28.571864893999305 ], [ 77.248357227895355, 28.571864893999305 ] ] ] } },
{ "type": "Feature", "properties": { "cell_id": 669, "lon": 77.25091511113493, "lat": 28.574110671936783 }, "geometry": { "type": "Polygon", "coordinates": [ [ [ 77.253472994374505, 28.571864893999305 ], [ 77.253472994374505, 28.576356449874261 ], [ 77.248357227895355, 28.576356449874261 ], [ 77.248357227895355, 28.571864893999305 ], [ 77.253472994374505, 28.571864893999305 ] ] ] } },
{ "type": "Feature", "properties": { "cell_id": 670, "lon": 77.25603087761408, "lat": 28.574110671936783 }, "geometry": { "type": "Polygon", "coordinates": [ [ [ 77.258588760853655, 28.571864893999305 ], [ 77.258588760853655, 28.576356449874261 ], [ 77.253472994374505, 28.576356449874261 ], [ 77.253472994374505, 28.571864893999305 ], [ 77.258588760853655, 28.571864893999305 ] ] ] } },
{ "type": "Feature", "properties": { "cell_id": 671, "lon": 77.26114664409323, "lat": 28.574110671936783 }, "geometry": { "type": "Polygon", "coordinates": [ [ [ 77.263704527332806, 28.571864893999305 ], [ 77.263704527332806, 28.576356449874261 ], [ 77.258588760853655, 28.576356449874261 ], [ 77.258588760853655, 28.571864893999305 ], [ 77.263704527332806, 28.571864893999305 ] ] ] } },
{ "type": "Feature", "properties": { "cell_id": 672, "lon": 77.266262410572381, "lat": 28.574110671936783 }, "geometry": { "type": "Polygon", "coordinates": [ [ [ 77.268820293811956, 28.571864893999305 ], [ 77.268820293811956, 28.576356449874261 ], [ 77.263704527332806, 28.576356449874261 ], [ 77.263704527332806, 28.571864893999305 ], [ 77.268820293811956, 28.571864893999305 ] ] ] } },
{ "type": "Feature", "properties": { "cell_id": 673, "lon": 77.271378177051531, "lat": 28.574110671936783 }, "geometry": { "type": "Polygon", "coordinates": [ [ [ 77.273936060291106, 28.571864893999305 ], [ 77.273936060291106, 28.576356449874261 ], [ 77.268820293811956, 28.576356449874261 ], [ 77.268820293811956, 28.571864893999305 ], [ 77.273936060291106, 28.571864893999305 ] ] ] } },
{ "type": "Feature", "properties": { "cell_id": 674, "lon": 77.276493943530681, "lat": 28.574110671936783 }, "geometry": { "type": "Polygon", "coordinates": [ [ [ 77.279051826770257, 28.571864893999305 ], [ 77.279051826770257, 28.576356449874261 ], [ 77.273936060291106, 28.576356449874261 ], [ 77.273936060291106, 28.571864893999305 ], [ 77.279051826770257, 28.571864893999305 ] ] ] } },
{ "type": "Feature", "properties": { "cell_id": 675, "lon": 77.281609710009832, "lat": 28.574110671936783 }, "geometry": { "type": "Polygon", "coordinates": [ [ [ 77.284167593249407, 28.571864893999305 ], [ 77.284167593249407, 28.576356449874261 ], [ 77.279051826770257, 28.576356449874261 ], [ 77.279051826770257, 28.571864893999305 ], [ 77.284167593249407, 28.571864893999305 ] ] ] } },
{ "type": "Feature", "properties": { "cell_id": 676, "lon": 77.286725476488982, "lat": 28.574110671936783 }, "geometry": { "type": "Polygon", "coordinates": [ [ [ 77.289283359728557, 28.571864893999305 ], [ 77.289283359728557, 28.576356449874261 ], [ 77.284167593249407, 28.576356449874261 ], [ 77.284167593249407, 28.571864893999305 ], [ 77.289283359728557, 28.571864893999305 ] ] ] } },
{ "type": "Feature", "properties": { "cell_id": 677, "lon": 77.291841242968133, "lat": 28.574110671936783 }, "geometry": { "type": "Polygon", "coordinates": [ [ [ 77.294399126207708, 28.571864893999305 ], [ 77.294399126207708, 28.576356449874261 ], [ 77.289283359728557, 28.576356449874261 ], [ 77.289283359728557, 28.571864893999305 ], [ 77.294399126207708, 28.571864893999305 ] ] ] } },
{ "type": "Feature", "properties": { "cell_id": 678, "lon": 77.296957009447283, "lat": 28.574110671936783 }, "geometry": { "type": "Polygon", "coordinates": [ [ [ 77.299514892686858, 28.571864893999305 ], [ 77.299514892686858, 28.576356449874261 ], [ 77.294399126207708, 28.576356449874261 ], [ 77.294399126207708, 28.571864893999305 ], [ 77.299514892686858, 28.571864893999305 ] ] ] } },
{ "type": "Feature", "properties": { "cell_id": 680, "lon": 77.102557883239569, "lat": 28.578602227811739 }, "geometry": { "type": "Polygon", "coordinates": [ [ [ 77.105115766479145, 28.576356449874261 ], [ 77.105115766479145, 28.580848005749218 ], [ 77.1, 28.580848005749218 ], [ 77.1, 28.576356449874261 ], [ 77.105115766479145, 28.576356449874261 ] ] ] } },
{ "type": "Feature", "properties": { "cell_id": 681, "lon": 77.10767364971872, "lat": 28.578602227811739 }, "geometry": { "type": "Polygon", "coordinates": [ [ [ 77.110231532958295, 28.576356449874261 ], [ 77.110231532958295, 28.580848005749218 ], [ 77.105115766479145, 28.580848005749218 ], [ 77.105115766479145, 28.576356449874261 ], [ 77.110231532958295, 28.576356449874261 ] ] ] } },
{ "type": "Feature", "properties": { "cell_id": 682, "lon": 77.11278941619787, "lat": 28.578602227811739 }, "geometry": { "type": "Polygon", "coordinates": [ [ [ 77.115347299437445, 28.576356449874261 ], [ 77.115347299437445, 28.580848005749218 ], [ 77.110231532958295, 28.580848005749218 ], [ 77.110231532958295, 28.576356449874261 ], [ 77.115347299437445, 28.576356449874261 ] ] ] } },
{ "type": "Feature", "properties": { "cell_id": 683, "lon": 77.117905182677021, "lat": 28.578602227811739 }, "geometry": { "type": "Polygon", "coordinates": [ [ [ 77.120463065916596, 28.576356449874261 ], [ 77.120463065916596, 28.580848005749218 ], [ 77.115347299437445, 28.580848005749218 ], [ 77.115347299437445, 28.576356449874261 ], [ 77.120463065916596, 28.576356449874261 ] ] ] } },
{ "type": "Feature", "properties": { "cell_id": 684, "lon": 77.123020949156171, "lat": 28.578602227811739 }, "geometry": { "type": "Polygon", "coordinates": [ [ [ 77.125578832395746, 28.576356449874261 ], [ 77.125578832395746, 28.580848005749218 ], [ 77.120463065916596, 28.580848005749218 ], [ 77.120463065916596, 28.576356449874261 ], [ 77.125578832395746, 28.576356449874261 ] ] ] } },
{ "type": "Feature", "properties": { "cell_id": 685, "lon": 77.128136715635321, "lat": 28.578602227811739 }, "geometry": { "type": "Polygon", "coordinates": [ [ [ 77.130694598874896, 28.576356449874261 ], [ 77.130694598874896, 28.580848005749218 ], [ 77.125578832395746, 28.580848005749218 ], [ 77.125578832395746, 28.576356449874261 ], [ 77.130694598874896, 28.576356449874261 ] ] ] } },
{ "type": "Feature", "properties": { "cell_id": 686, "lon": 77.133252482114472, "lat": 28.578602227811739 }, "geometry": { "type": "Polygon", "coordinates": [ [ [ 77.135810365354047, 28.576356449874261 ], [ 77.135810365354047, 28.580848005749218 ], [ 77.130694598874896, 28.580848005749218 ], [ 77.130694598874896, 28.576356449874261 ], [ 77.135810365354047, 28.576356449874261 ] ] ] } },
{ "type": "Feature", "properties": { "cell_id": 687, "lon": 77.138368248593622, "lat": 28.578602227811739 }, "geometry": { "type": "Polygon", "coordinates": [ [ [ 77.140926131833197, 28.576356449874261 ], [ 77.140926131833197, 28.580848005749218 ], [ 77.135810365354047, 28.580848005749218 ], [ 77.135810365354047, 28.576356449874261 ], [ 77.140926131833197, 28.576356449874261 ] ] ] } },
{ "type": "Feature", "properties": { "cell_id": 688, "lon": 77.143484015072772, "lat": 28.578602227811739 }, "geometry": { "type": "Polygon", "coordinates": [ [ [ 77.146041898312347, 28.576356449874261 ], [ 77.146041898312347, 28.580848005749218 ], [ 77.140926131833197, 28.580848005749218 ], [ 77.140926131833197, 28.576356449874261 ], [ 77.146041898312347, 28.576356449874261 ] ] ] } },
{ "type": "Feature", "properties": { "cell_id": 689, "lon": 77.148599781551923, "lat": 28.578602227811739 }, "geometry": { "type": "Polygon", "coordinates": [ [ [ 77.151157664791498, 28.576356449874261 ], [ 77.151157664791498, 28.580848005749218 ], [ 77.146041898312347, 28.580848005749218 ], [ 77.146041898312347, 28.576356449874261 ], [ 77.151157664791498, 28.576356449874261 ] ] ] } },
{ "type": "Feature", "properties": { "cell_id": 690, "lon": 77.153715548031073, "lat": 28.578602227811739 }, "geometry": { "type": "Polygon", "coordinates": [ [ [ 77.156273431270648, 28.576356449874261 ], [ 77.156273431270648, 28.580848005749218 ], [ 77.151157664791498, 28.580848005749218 ], [ 77.151157664791498, 28.576356449874261 ], [ 77.156273431270648, 28.576356449874261 ] ] ] } },
{ "type": "Feature", "properties": { "cell_id": 691, "lon": 77.158831314510223, "lat": 28.578602227811739 }, "geometry": { "type": "Polygon", "coordinates": [ [ [ 77.161389197749799, 28.576356449874261 ], [ 77.161389197749799, 28.580848005749218 ], [ 77.156273431270648, 28.580848005749218 ], [ 77.156273431270648, 28.576356449874261 ], [ 77.161389197749799, 28.576356449874261 ] ] ] } },
{ "type": "Feature", "properties": { "cell_id": 692, "lon": 77.163947080989374, "lat": 28.578602227811739 }, "geometry": { "type": "Polygon", "coordinates": [ [ [ 77.166504964228949, 28.576356449874261 ], [ 77.166504964228949, 28.580848005749218 ], [ 77.161389197749799, 28.580848005749218 ], [ 77.161389197749799, 28.576356449874261 ], [ 77.166504964228949, 28.576356449874261 ] ] ] } },
{ "type": "Feature", "properties": { "cell_id": 693, "lon": 77.169062847468524, "lat": 28.578602227811739 }, "geometry": { "type": "Polygon", "coordinates": [ [ [ 77.171620730708099, 28.576356449874261 ], [ 77.171620730708099, 28.580848005749218 ], [ 77.166504964228949, 28.580848005749218 ], [ 77.166504964228949, 28.576356449874261 ], [ 77.171620730708099, 28.576356449874261 ] ] ] } },
{ "type": "Feature", "properties": { "cell_id": 694, "lon": 77.174178613947674, "lat": 28.578602227811739 }, "geometry": { "type": "Polygon", "coordinates": [ [ [ 77.17673649718725, 28.576356449874261 ], [ 77.17673649718725, 28.580848005749218 ], [ 77.171620730708099, 28.580848005749218 ], [ 77.171620730708099, 28.576356449874261 ], [ 77.17673649718725, 28.576356449874261 ] ] ] } },
{ "type": "Feature", "properties": { "cell_id": 695, "lon": 77.179294380426825, "lat": 28.578602227811739 }, "geometry": { "type": "Polygon", "coordinates": [ [ [ 77.1818522636664, 28.576356449874261 ], [ 77.1818522636664, 28.580848005749218 ], [ 77.17673649718725, 28.580848005749218 ], [ 77.17673649718725, 28.576356449874261 ], [ 77.1818522636664, 28.576356449874261 ] ] ] } },
{ "type": "Feature", "properties": { "cell_id": 696, "lon": 77.184410146905975, "lat": 28.578602227811739 }, "geometry": { "type": "Polygon", "coordinates": [ [ [ 77.18696803014555, 28.576356449874261 ], [ 77.18696803014555, 28.580848005749218 ], [ 77.1818522636664, 28.580848005749218 ], [ 77.1818522636664, 28.576356449874261 ], [ 77.18696803014555, 28.576356449874261 ] ] ] } },
{ "type": "Feature", "properties": { "cell_id": 697, "lon": 77.189525913385125, "lat": 28.578602227811739 }, "geometry": { "type": "Polygon", "coordinates": [ [ [ 77.192083796624701, 28.576356449874261 ], [ 77.192083796624701, 28.580848005749218 ], [ 77.18696803014555, 28.580848005749218 ], [ 77.18696803014555, 28.576356449874261 ], [ 77.192083796624701, 28.576356449874261 ] ] ] } },
{ "type": "Feature", "properties": { "cell_id": 698, "lon": 77.194641679864276, "lat": 28.578602227811739 }, "geometry": { "type": "Polygon", "coordinates": [ [ [ 77.197199563103851, 28.576356449874261 ], [ 77.197199563103851, 28.580848005749218 ], [ 77.192083796624701, 28.580848005749218 ], [ 77.192083796624701, 28.576356449874261 ], [ 77.197199563103851, 28.576356449874261 ] ] ] } },
{ "type": "Feature", "properties": { "cell_id": 699, "lon": 77.199757446343426, "lat": 28.578602227811739 }, "geometry": { "type": "Polygon", "coordinates": [ [ [ 77.202315329583001, 28.576356449874261 ], [ 77.202315329583001, 28.580848005749218 ], [ 77.197199563103851, 28.580848005749218 ], [ 77.197199563103851, 28.576356449874261 ], [ 77.202315329583001, 28.576356449874261 ] ] ] } },
{ "type": "Feature", "properties": { "cell_id": 700, "lon": 77.204873212822577, "lat": 28.578602227811739 }, "geometry": { "type": "Polygon", "coordinates": [ [ [ 77.207431096062152, 28.576356449874261 ], [ 77.207431096062152, 28.580848005749218 ], [ 77.202315329583001, 28.580848005749218 ], [ 77.202315329583001, 28.576356449874261 ], [ 77.207431096062152, 28.576356449874261 ] ] ] } },
{ "type": "Feature", "properties": { "cell_id": 701, "lon": 77.209988979301727, "lat": 28.578602227811739 }, "geometry": { "type": "Polygon", "coordinates": [ [ [ 77.212546862541302, 28.576356449874261 ], [ 77.212546862541302, 28.580848005749218 ], [ 77.207431096062152, 28.580848005749218 ], [ 77.207431096062152, 28.576356449874261 ], [ 77.212546862541302, 28.576356449874261 ] ] ] } },
{ "type": "Feature", "properties": { "cell_id": 702, "lon": 77.215104745780877, "lat": 28.578602227811739 }, "geometry": { "type": "Polygon", "coordinates": [ [ [ 77.217662629020452, 28.576356449874261 ], [ 77.217662629020452, 28.580848005749218 ], [ 77.212546862541302, 28.580848005749218 ], [ 77.212546862541302, 28.576356449874261 ], [ 77.217662629020452, 28.576356449874261 ] ] ] } },
{ "type": "Feature", "properties": { "cell_id": 703, "lon": 77.220220512260028, "lat": 28.578602227811739 }, "geometry": { "type": "Polygon", "coordinates": [ [ [ 77.222778395499603, 28.576356449874261 ], [ 77.222778395499603, 28.580848005749218 ], [ 77.217662629020452, 28.580848005749218 ], [ 77.217662629020452, 28.576356449874261 ], [ 77.222778395499603, 28.576356449874261 ] ] ] } },
{ "type": "Feature", "properties": { "cell_id": 704, "lon": 77.225336278739178, "lat": 28.578602227811739 }, "geometry": { "type": "Polygon", "coordinates": [ [ [ 77.227894161978753, 28.576356449874261 ], [ 77.227894161978753, 28.580848005749218 ], [ 77.222778395499603, 28.580848005749218 ], [ 77.222778395499603, 28.576356449874261 ], [ 77.227894161978753, 28.576356449874261 ] ] ] } },
{ "type": "Feature", "properties": { "cell_id": 705, "lon": 77.230452045218328, "lat": 28.578602227811739 }, "geometry": { "type": "Polygon", "coordinates": [ [ [ 77.233009928457903, 28.576356449874261 ], [ 77.233009928457903, 28.580848005749218 ], [ 77.227894161978753, 28.580848005749218 ], [ 77.227894161978753, 28.576356449874261 ], [ 77.233009928457903, 28.576356449874261 ] ] ] } },
{ "type": "Feature", "properties": { "cell_id": 706, "lon": 77.235567811697479, "lat": 28.578602227811739 }, "geometry": { "type": "Polygon", "coordinates": [ [ [ 77.238125694937054, 28.576356449874261 ], [ 77.238125694937054, 28.580848005749218 ], [ 77.233009928457903, 28.580848005749218 ], [ 77.233009928457903, 28.576356449874261 ], [ 77.238125694937054, 28.576356449874261 ] ] ] } },
{ "type": "Feature", "properties": { "cell_id": 707, "lon": 77.240683578176629, "lat": 28.578602227811739 }, "geometry": { "type": "Polygon", "coordinates": [ [ [ 77.243241461416204, 28.576356449874261 ], [ 77.243241461416204, 28.580848005749218 ], [ 77.238125694937054, 28.580848005749218 ], [ 77.238125694937054, 28.576356449874261 ], [ 77.243241461416204, 28.576356449874261 ] ] ] } },
{ "type": "Feature", "properties": { "cell_id": 708, "lon": 77.245799344655779, "lat": 28.578602227811739 }, "geometry": { "type": "Polygon", "coordinates": [ [ [ 77.248357227895355, 28.576356449874261 ], [ 77.248357227895355, 28.580848005749218 ], [ 77.243241461416204, 28.580848005749218 ], [ 77.243241461416204, 28.576356449874261 ], [ 77.248357227895355, 28.576356449874261 ] ] ] } },
{ "type": "Feature", "properties": { "cell_id": 709, "lon": 77.25091511113493, "lat": 28.578602227811739 }, "geometry": { "type": "Polygon", "coordinates": [ [ [ 77.253472994374505, 28.576356449874261 ], [ 77.253472994374505, 28.580848005749218 ], [ 77.248357227895355, 28.580848005749218 ], [ 77.248357227895355, 28.576356449874261 ], [ 77.253472994374505, 28.576356449874261 ] ] ] } },
{ "type": "Feature", "properties": { "cell_id": 710, "lon": 77.25603087761408, "lat": 28.578602227811739 }, "geometry": { "type": "Polygon", "coordinates": [ [ [ 77.258588760853655, 28.576356449874261 ], [ 77.258588760853655, 28.580848005749218 ], [ 77.253472994374505, 28.580848005749218 ], [ 77.253472994374505, 28.576356449874261 ], [ 77.258588760853655, 28.576356449874261 ] ] ] } },
{ "type": "Feature", "properties": { "cell_id": 711, "lon": 77.26114664409323, "lat": 28.578602227811739 }, "geometry": { "type": "Polygon", "coordinates": [ [ [ 77.263704527332806, 28.576356449874261 ], [ 77.263704527332806, 28.580848005749218 ], [ 77.258588760853655, 28.580848005749218 ], [ 77.258588760853655, 28.576356449874261 ], [ 77.263704527332806, 28.576356449874261 ] ] ] } },
{ "type": "Feature", "properties": { "cell_id": 712, "lon": 77.266262410572381, "lat": 28.578602227811739 }, "geometry": { "type": "Polygon", "coordinates": [ [ [ 77.268820293811956, 28.576356449874261 ], [ 77.268820293811956, 28.580848005749218 ], [ 77.263704527332806, 28.580848005749218 ], [ 77.263704527332806, 28.576356449874261 ], [ 77.268820293811956, 28.576356449874261 ] ] ] } },
{ "type": "Feature", "properties": { "cell_id": 713, "lon": 77.271378177051531, "lat": 28.578602227811739 }, "geometry": { "type": "Polygon", "coordinates": [ [ [ 77.273936060291106, 28.576356449874261 ], [ 77.273936060291106, 28.580848005749218 ], [ 77.268820293811956, 28.580848005749218 ], [ 77.268820293811956, 28.576356449874261 ], [ 77.273936060291106, 28.576356449874261 ] ] ] } },
{ "type": "Feature", "properties": { "cell_id": 714, "lon": 77.276493943530681, "lat": 28.578602227811739 }, "geometry": { "type": "Polygon", "coordinates": [ [ [ 77.279051826770257, 28.576356449874261 ], [ 77.279051826770257, 28.580848005749218 ], [ 77.273936060291106, 28.580848005749218 ], [ 77.273936060291106, 28.576356449874261 ], [ 77.279051826770257, 28.576356449874261 ] ] ] } },
{ "type": "Feature", "properties": { "cell_id": 715, "lon": 77.281609710009832, "lat": 28.578602227811739 }, "geometry": { "type": "Polygon", "coordinates": [ [ [ 77.284167593249407, 28.576356449874261 ], [ 77.284167593249407, 28.580848005749218 ], [ 77.279051826770257, 28.580848005749218 ], [ 77.279051826770257, 28.576356449874261 ], [ 77.284167593249407, 28.576356449874261 ] ] ] } },
{ "type": "Feature", "properties": { "cell_id": 716, "lon": 77.286725476488982, "lat": 28.578602227811739 }, "geometry": { "type": "Polygon", "coordinates": [ [ [ 77.289283359728557, 28.576356449874261 ], [ 77.289283359728557, 28.580848005749218 ], [ 77.284167593249407, 28.580848005749218 ], [ 77.284167593249407, 28.576356449874261 ], [ 77.289283359728557, 28.576356449874261 ] ] ] } },
{ "type": "Feature", "properties": { "cell_id": 717, "lon": 77.291841242968133, "lat": 28.578602227811739 }, "geometry": { "type": "Polygon", "coordinates": [ [ [ 77.294399126207708, 28.576356449874261 ], [ 77.294399126207708, 28.580848005749218 ], [ 77.289283359728557, 28.580848005749218 ], [ 77.289283359728557, 28.576356449874261 ], [ 77.294399126207708, 28.576356449874261 ] ] ] } },
{ "type": "Feature", "properties": { "cell_id": 718, "lon": 77.296957009447283, "lat": 28.578602227811739 }, "geometry": { "type": "Polygon", "coordinates": [ [ [ 77.299514892686858, 28.576356449874261 ], [ 77.299514892686858, 28.580848005749218 ], [ 77.294399126207708, 28.580848005749218 ], [ 77.294399126207708, 28.576356449874261 ], [ 77.299514892686858, 28.576356449874261 ] ] ] } },
{ "type": "Feature", "properties": { "cell_id": 720, "lon": 77.102557883239569, "lat": 28.583093783686696 }, "geometry": { "type": "Polygon", "coordinates": [ [ [ 77.105115766479145, 28.580848005749218 ], [ 77.105115766479145, 28.585339561624174 ], [ 77.1, 28.585339561624174 ], [ 77.1, 28.580848005749218 ], [ 77.105115766479145, 28.580848005749218 ] ] ] } },
{ "type": "Feature", "properties": { "cell_id": 721, "lon": 77.10767364971872, "lat": 28.583093783686696 }, "geometry": { "type": "Polygon", "coordinates": [ [ [ 77.110231532958295, 28.580848005749218 ], [ 77.110231532958295, 28.585339561624174 ], [ 77.105115766479145, 28.585339561624174 ], [ 77.105115766479145, 28.580848005749218 ], [ 77.110231532958295, 28.580848005749218 ] ] ] } },
{ "type": "Feature", "properties": { "cell_id": 722, "lon": 77.11278941619787, "lat": 28.583093783686696 }, "geometry": { "type": "Polygon", "coordinates": [ [ [ 77.115347299437445, 28.580848005749218 ], [ 77.115347299437445, 28.585339561624174 ], [ 77.110231532958295, 28.585339561624174 ], [ 77.110231532958295, 28.580848005749218 ], [ 77.115347299437445, 28.580848005749218 ] ] ] } },
{ "type": "Feature", "properties": { "cell_id": 723, "lon": 77.117905182677021, "lat": 28.583093783686696 }, "geometry": { "type": "Polygon", "coordinates": [ [ [ 77.120463065916596, 28.580848005749218 ], [ 77.120463065916596, 28.585339561624174 ], [ 77.115347299437445, 28.585339561624174 ], [ 77.115347299437445, 28.580848005749218 ], [ 77.120463065916596, 28.580848005749218 ] ] ] } },
{ "type": "Feature", "properties": { "cell_id": 724, "lon": 77.123020949156171, "lat": 28.583093783686696 }, "geometry": { "type": "Polygon", "coordinates": [ [ [ 77.125578832395746, 28.580848005749218 ], [ 77.125578832395746, 28.585339561624174 ], [ 77.120463065916596, 28.585339561624174 ], [ 77.120463065916596, 28.580848005749218 ], [ 77.125578832395746, 28.580848005749218 ] ] ] } },
{ "type": "Feature", "properties": { "cell_id": 725, "lon": 77.128136715635321, "lat": 28.583093783686696 }, "geometry": { "type": "Polygon", "coordinates": [ [ [ 77.130694598874896, 28.580848005749218 ], [ 77.130694598874896, 28.585339561624174 ], [ 77.125578832395746, 28.585339561624174 ], [ 77.125578832395746, 28.580848005749218 ], [ 77.130694598874896, 28.580848005749218 ] ] ] } },
{ "type": "Feature", "properties": { "cell_id": 726, "lon": 77.133252482114472, "lat": 28.583093783686696 }, "geometry": { "type": "Polygon", "coordinates": [ [ [ 77.135810365354047, 28.580848005749218 ], [ 77.135810365354047, 28.585339561624174 ], [ 77.130694598874896, 28.585339561624174 ], [ 77.130694598874896, 28.580848005749218 ], [ 77.135810365354047, 28.580848005749218 ] ] ] } },
{ "type": "Feature", "properties": { "cell_id": 727, "lon": 77.138368248593622, "lat": 28.583093783686696 }, "geometry": { "type": "Polygon", "coordinates": [ [ [ 77.140926131833197, 28.580848005749218 ], [ 77.140926131833197, 28.585339561624174 ], [ 77.135810365354047, 28.585339561624174 ], [ 77.135810365354047, 28.580848005749218 ], [ 77.140926131833197, 28.580848005749218 ] ] ] } },
{ "type": "Feature", "properties": { "cell_id": 728, "lon": 77.143484015072772, "lat": 28.583093783686696 }, "geometry": { "type": "Polygon", "coordinates": [ [ [ 77.146041898312347, 28.580848005749218 ], [ 77.146041898312347, 28.585339561624174 ], [ 77.140926131833197, 28.585339561624174 ], [ 77.140926131833197, 28.580848005749218 ], [ 77.146041898312347, 28.580848005749218 ] ] ] } },
{ "type": "Feature", "properties": { "cell_id": 729, "lon": 77.148599781551923, "lat": 28.583093783686696 }, "geometry": { "type": "Polygon", "coordinates": [ [ [ 77.151157664791498, 28.580848005749218 ], [ 77.151157664791498, 28.585339561624174 ], [ 77.146041898312347, 28.585339561624174 ], [ 77.146041898312347, 28.580848005749218 ], [ 77.151157664791498, 28.580848005749218 ] ] ] } },
{ "type": "Feature", "properties": { "cell_id": 730, "lon": 77.153715548031073, "lat": 28.583093783686696 }, "geometry": { "type": "Polygon", "coordinates": [ [ [ 77.156273431270648, 28.580848005749218 ], [ 77.156273431270648, 28.585339561624174 ], [ 77.151157664791498, 28.585339561624174 ], [ 77.151157664791498, 28.580848005749218 ], [ 77.156273431270648, 28.580848005749218 ] ] ] } },
{ "type": "Feature", "properties": { "cell_id": 731, "lon": 77.158831314510223, "lat": 28.583093783686696 }, "geometry": { "type": "Polygon", "coordinates": [ [ [ 77.161389197749799, 28.580848005749218 ], [ 77.161389197749799, 28.585339561624174 ], [ 77.156273431270648, 28.585339561624174 ], [ 77.156273431270648, 28.580848005749218 ], [ 77.161389197749799, 28.580848005749218 ] ] ] } },
{ "type": "Feature", "properties": { "cell_id": 732, "lon": 77.163947080989374, "lat": 28.583093783686696 }, "geometry": { "type": "Polygon", "coordinates": [ [ [ 77.166504964228949, 28.580848005749218 ], [ 77.166504964228949, 28.585339561624174 ], [ 77.161389197749799, 28.585339561624174 ], [ 77.161389197749799, 28.580848005749218 ], [ 77.166504964228949, 28.580848005749218 ] ] ] } },
{ "type": "Feature", "properties": { "cell_id": 733, "lon": 77.169062847468524, "lat": 28.583093783686696 }, "geometry": { "type": "Polygon", "coordinates": [ [ [ 77.171620730708099, 28.580848005749218 ], [ 77.171620730708099, 28.585339561624174 ], [ 77.166504964228949, 28.585339561624174 ], [ 77.166504964228949, 28.580848005749218 ], [ 77.171620730708099, 28.580848005749218 ] ] ] } },
{ "type": "Feature", "properties": { "cell_id": 734, "lon": 77.174178613947674, "lat": 28.583093783686696 }, "geometry": { "type": "Polygon", "coordinates": [ [ [ 77.17673649718725, 28.580848005749218 ], [ 77.17673649718725, 28.585339561624174 ], [ 77.171620730708099, 28.585339561624174 ], [ 77.171620730708099, 28.580848005749218 ], [ 77.17673649718725, 28.580848005749218 ] ] ] } },
{ "type": "Feature", "properties": { "cell_id": 735, "lon": 77.179294380426825, "lat": 28.583093783686696 }, "geometry": { "type": "Polygon", "coordinates": [ [ [ 77.1818522636664, 28.580848005749218 ], [ 77.1818522636664, 28.585339561624174 ], [ 77.17673649718725, 28.585339561624174 ], [ 77.17673649718725, 28.580848005749218 ], [ 77.1818522636664, 28.580848005749218 ] ] ] } },
{ "type": "Feature", "properties": { "cell_id": 736, "lon": 77.184410146905975, "lat": 28.583093783686696 }, "geometry": { "type": "Polygon", "coordinates": [ [ [ 77.18696803014555, 28.580848005749218 ], [ 77.18696803014555, 28.585339561624174 ], [ 77.1818522636664, 28.585339561624174 ], [ 77.1818522636664, 28.580848005749218 ], [ 77.18696803014555, 28.580848005749218 ] ] ] } },
{ "type": "Feature", "properties": { "cell_id": 737, "lon": 77.189525913385125, "lat": 28.583093783686696 }, "geometry": { "type": "Polygon", "coordinates": [ [ [ 77.192083796624701, 28.580848005749218 ], [ 77.192083796624701, 28.585339561624174 ], [ 77.18696803014555, 28.585339561624174 ], [ 77.18696803014555, 28.580848005749218 ], [ 77.192083796624701, 28.580848005749218 ] ] ] } },
{ "type": "Feature", "properties": { "cell_id": 738, "lon": 77.194641679864276, "lat": 28.583093783686696 }, "geometry": { "type": "Polygon", "coordinates": [ [ [ 77.197199563103851, 28.580848005749218 ], [ 77.197199563103851, 28.585339561624174 ], [ 77.192083796624701, 28.585339561624174 ], [ 77.192083796624701, 28.580848005749218 ], [ 77.197199563103851, 28.580848005749218 ] ] ] } },
{ "type": "Feature", "properties": { "cell_id": 739, "lon": 77.199757446343426, "lat": 28.583093783686696 }, "geometry": { "type": "Polygon", "coordinates": [ [ [ 77.202315329583001, 28.580848005749218 ], [ 77.202315329583001, 28.585339561624174 ], [ 77.197199563103851, 28.585339561624174 ], [ 77.197199563103851, 28.580848005749218 ], [ 77.202315329583001, 28.580848005749218 ] ] ] } },
{ "type": "Feature", "properties": { "cell_id": 740, "lon": 77.204873212822577, "lat": 28.583093783686696 }, "geometry": { "type": "Polygon", "coordinates": [ [ [ 77.207431096062152, 28.580848005749218 ], [ 77.207431096062152, 28.585339561624174 ], [ 77.202315329583001, 28.585339561624174 ], [ 77.202315329583001, 28.580848005749218 ], [ 77.207431096062152, 28.580848005749218 ] ] ] } },
{ "type": "Feature", "properties": { "cell_id": 741, "lon": 77.209988979301727, "lat": 28.583093783686696 }, "geometry": { "type": "Polygon", "coordinates": [ [ [ 77.212546862541302, 28.580848005749218 ], [ 77.212546862541302, 28.585339561624174 ], [ 77.207431096062152, 28.585339561624174 ], [ 77.207431096062152, 28.580848005749218 ], [ 77.212546862541302, 28.580848005749218 ] ] ] } },
{ "type": "Feature", "properties": { "cell_id": 742, "lon": 77.215104745780877, "lat": 28.583093783686696 }, "geometry": { "type": "Polygon", "coordinates": [ [ [ 77.217662629020452, 28.580848005749218 ], [ 77.217662629020452, 28.585339561624174 ], [ 77.212546862541302, 28.585339561624174 ], [ 77.212546862541302, 28.580848005749218 ], [ 77.217662629020452, 28.580848005749218 ] ] ] } },
{ "type": "Feature", "properties": { "cell_id": 743, "lon": 77.220220512260028, "lat": 28.583093783686696 }, "geometry": { "type": "Polygon", "coordinates": [ [ [ 77.222778395499603, 28.580848005749218 ], [ 77.222778395499603, 28.585339561624174 ], [ 77.217662629020452, 28.585339561624174 ], [ 77.217662629020452, 28.580848005749218 ], [ 77.222778395499603, 28.580848005749218 ] ] ] } },
{ "type": "Feature", "properties": { "cell_id": 744, "lon": 77.225336278739178, "lat": 28.583093783686696 }, "geometry": { "type": "Polygon", "coordinates": [ [ [ 77.227894161978753, 28.580848005749218 ], [ 77.227894161978753, 28.585339561624174 ], [ 77.222778395499603, 28.585339561624174 ], [ 77.222778395499603, 28.580848005749218 ], [ 77.227894161978753, 28.580848005749218 ] ] ] } },
{ "type": "Feature", "properties": { "cell_id": 745, "lon": 77.230452045218328, "lat": 28.583093783686696 }, "geometry": { "type": "Polygon", "coordinates": [ [ [ 77.233009928457903, 28.580848005749218 ], [ 77.233009928457903, 28.585339561624174 ], [ 77.227894161978753, 28.585339561624174 ], [ 77.227894161978753, 28.580848005749218 ], [ 77.233009928457903, 28.580848005749218 ] ] ] } },
{ "type": "Feature", "properties": { "cell_id": 746, "lon": 77.235567811697479, "lat": 28.583093783686696 }, "geometry": { "type": "Polygon", "coordinates": [ [ [ 77.238125694937054, 28.580848005749218 ], [ 77.238125694937054, 28.585339561624174 ], [ 77.233009928457903, 28.585339561624174 ], [ 77.233009928457903, 28.580848005749218 ], [ 77.238125694937054, 28.580848005749218 ] ] ] } },
{ "type": "Feature", "properties": { "cell_id": 747, "lon": 77.240683578176629, "lat": 28.583093783686696 }, "geometry": { "type": "Polygon", "coordinates": [ [ [ 77.243241461416204, 28.580848005749218 ], [ 77.243241461416204, 28.585339561624174 ], [ 77.238125694937054, 28.585339561624174 ], [ 77.238125694937054, 28.580848005749218 ], [ 77.243241461416204, 28.580848005749218 ] ] ] } },
{ "type": "Feature", "properties": { "cell_id": 748, "lon": 77.245799344655779, "lat": 28.583093783686696 }, "geometry": { "type": "Polygon", "coordinates": [ [ [ 77.248357227895355, 28.580848005749218 ], [ 77.248357227895355, 28.585339561624174 ], [ 77.243241461416204, 28.585339561624174 ], [ 77.243241461416204, 28.580848005749218 ], [ 77.248357227895355, 28.580848005749218 ] ] ] } },
{ "type": "Feature", "properties": { "cell_id": 749, "lon": 77.25091511113493, "lat": 28.583093783686696 }, "geometry": { "type": "Polygon", "coordinates": [ [ [ 77.253472994374505, 28.580848005749218 ], [ 77.253472994374505, 28.585339561624174 ], [ 77.248357227895355, 28.585339561624174 ], [ 77.248357227895355, 28.580848005749218 ], [ 77.253472994374505, 28.580848005749218 ] ] ] } },
{ "type": "Feature", "properties": { "cell_id": 750, "lon": 77.25603087761408, "lat": 28.583093783686696 }, "geometry": { "type": "Polygon", "coordinates": [ [ [ 77.258588760853655, 28.580848005749218 ], [ 77.258588760853655, 28.585339561624174 ], [ 77.253472994374505, 28.585339561624174 ], [ 77.253472994374505, 28.580848005749218 ], [ 77.258588760853655, 28.580848005749218 ] ] ] } },
{ "type": "Feature", "properties": { "cell_id": 751, "lon": 77.26114664409323, "lat": 28.583093783686696 }, "geometry": { "type": "Polygon", "coordinates": [ [ [ 77.263704527332806, 28.580848005749218 ], [ 77.263704527332806, 28.585339561624174 ], [ 77.258588760853655, 28.585339561624174 ], [ 77.258588760853655, 28.580848005749218 ], [ 77.263704527332806, 28.580848005749218 ] ] ] } },
{ "type": "Feature", "properties": { "cell_id": 752, "lon": 77.266262410572381, "lat": 28.583093783686696 }, "geometry": { "type": "Polygon", "coordinates": [ [ [ 77.268820293811956, 28.580848005749218 ], [ 77.268820293811956, 28.585339561624174 ], [ 77.263704527332806, 28.585339561624174 ], [ 77.263704527332806, 28.580848005749218 ], [ 77.268820293811956, 28.580848005749218 ] ] ] } },
{ "type": "Feature", "properties": { "cell_id": 753, "lon": 77.271378177051531, "lat": 28.583093783686696 }, "geometry": { "type": "Polygon", "coordinates": [ [ [ 77.273936060291106, 28.580848005749218 ], [ 77.273936060291106, 28.585339561624174 ], [ 77.268820293811956, 28.585339561624174 ], [ 77.268820293811956, 28.580848005749218 ], [ 77.273936060291106, 28.580848005749218 ] ] ] } },
{ "type": "Feature", "properties": { "cell_id": 754, "lon": 77.276493943530681, "lat": 28.583093783686696 }, "geometry": { "type": "Polygon", "coordinates": [ [ [ 77.279051826770257, 28.580848005749218 ], [ 77.279051826770257, 28.585339561624174 ], [ 77.273936060291106, 28.585339561624174 ], [ 77.273936060291106, 28.580848005749218 ], [ 77.279051826770257, 28.580848005749218 ] ] ] } },
{ "type": "Feature", "properties": { "cell_id": 755, "lon": 77.281609710009832, "lat": 28.583093783686696 }, "geometry": { "type": "Polygon", "coordinates": [ [ [ 77.284167593249407, 28.580848005749218 ], [ 77.284167593249407, 28.585339561624174 ], [ 77.279051826770257, 28.585339561624174 ], [ 77.279051826770257, 28.580848005749218 ], [ 77.284167593249407, 28.580848005749218 ] ] ] } },
{ "type": "Feature", "properties": { "cell_id": 756, "lon": 77.286725476488982, "lat": 28.583093783686696 }, "geometry": { "type": "Polygon", "coordinates": [ [ [ 77.289283359728557, 28.580848005749218 ], [ 77.289283359728557, 28.585339561624174 ], [ 77.284167593249407, 28.585339561624174 ], [ 77.284167593249407, 28.580848005749218 ], [ 77.289283359728557, 28.580848005749218 ] ] ] } },
{ "type": "Feature", "properties": { "cell_id": 757, "lon": 77.291841242968133, "lat": 28.583093783686696 }, "geometry": { "type": "Polygon", "coordinates": [ [ [ 77.294399126207708, 28.580848005749218 ], [ 77.294399126207708, 28.585339561624174 ], [ 77.289283359728557, 28.585339561624174 ], [ 77.289283359728557, 28.580848005749218 ], [ 77.294399126207708, 28.580848005749218 ] ] ] } },
{ "type": "Feature", "properties": { "cell_id": 758, "lon": 77.296957009447283, "lat": 28.583093783686696 }, "geometry": { "type": "Polygon", "coordinates": [ [ [ 77.299514892686858, 28.580848005749218 ], [ 77.299514892686858, 28.585339561624174 ], [ 77.294399126207708, 28.585339561624174 ], [ 77.294399126207708, 28.580848005749218 ], [ 77.299514892686858, 28.580848005749218 ] ] ] } },
{ "type": "Feature", "properties": { "cell_id": 760, "lon": 77.102557883239569, "lat": 28.587585339561652 }, "geometry": { "type": "Polygon", "coordinates": [ [ [ 77.105115766479145, 28.585339561624174 ], [ 77.105115766479145, 28.589831117499131 ], [ 77.1, 28.589831117499131 ], [ 77.1, 28.585339561624174 ], [ 77.105115766479145, 28.585339561624174 ] ] ] } },
{ "type": "Feature", "properties": { "cell_id": 761, "lon": 77.10767364971872, "lat": 28.587585339561652 }, "geometry": { "type": "Polygon", "coordinates": [ [ [ 77.110231532958295, 28.585339561624174 ], [ 77.110231532958295, 28.589831117499131 ], [ 77.105115766479145, 28.589831117499131 ], [ 77.105115766479145, 28.585339561624174 ], [ 77.110231532958295, 28.585339561624174 ] ] ] } },
{ "type": "Feature", "properties": { "cell_id": 762, "lon": 77.11278941619787, "lat": 28.587585339561652 }, "geometry": { "type": "Polygon", "coordinates": [ [ [ 77.115347299437445, 28.585339561624174 ], [ 77.115347299437445, 28.589831117499131 ], [ 77.110231532958295, 28.589831117499131 ], [ 77.110231532958295, 28.585339561624174 ], [ 77.115347299437445, 28.585339561624174 ] ] ] } },
{ "type": "Feature", "properties": { "cell_id": 763, "lon": 77.117905182677021, "lat": 28.587585339561652 }, "geometry": { "type": "Polygon", "coordinates": [ [ [ 77.120463065916596, 28.585339561624174 ], [ 77.120463065916596, 28.589831117499131 ], [ 77.115347299437445, 28.589831117499131 ], [ 77.115347299437445, 28.585339561624174 ], [ 77.120463065916596, 28.585339561624174 ] ] ] } },
{ "type": "Feature", "properties": { "cell_id": 764, "lon": 77.123020949156171, "lat": 28.587585339561652 }, "geometry": { "type": "Polygon", "coordinates": [ [ [ 77.125578832395746, 28.585339561624174 ], [ 77.125578832395746, 28.589831117499131 ], [ 77.120463065916596, 28.589831117499131 ], [ 77.120463065916596, 28.585339561624174 ], [ 77.125578832395746, 28.585339561624174 ] ] ] } },
{ "type": "Feature", "properties": { "cell_id": 765, "lon": 77.128136715635321, "lat": 28.587585339561652 }, "geometry": { "type": "Polygon", "coordinates": [ [ [ 77.130694598874896, 28.585339561624174 ], [ 77.130694598874896, 28.589831117499131 ], [ 77.125578832395746, 28.589831117499131 ], [ 77.125578832395746, 28.585339561624174 ], [ 77.130694598874896, 28.585339561624174 ] ] ] } },
{ "type": "Feature", "properties": { "cell_id": 766, "lon": 77.133252482114472, "lat": 28.587585339561652 }, "geometry": { "type": "Polygon", "coordinates": [ [ [ 77.135810365354047, 28.585339561624174 ], [ 77.135810365354047, 28.589831117499131 ], [ 77.130694598874896, 28.589831117499131 ], [ 77.130694598874896, 28.585339561624174 ], [ 77.135810365354047, 28.585339561624174 ] ] ] } },
{ "type": "Feature", "properties": { "cell_id": 767, "lon": 77.138368248593622, "lat": 28.587585339561652 }, "geometry": { "type": "Polygon", "coordinates": [ [ [ 77.140926131833197, 28.585339561624174 ], [ 77.140926131833197, 28.589831117499131 ], [ 77.135810365354047, 28.589831117499131 ], [ 77.135810365354047, 28.585339561624174 ], [ 77.140926131833197, 28.585339561624174 ] ] ] } },
{ "type": "Feature", "properties": { "cell_id": 768, "lon": 77.143484015072772, "lat": 28.587585339561652 }, "geometry": { "type": "Polygon", "coordinates": [ [ [ 77.146041898312347, 28.585339561624174 ], [ 77.146041898312347, 28.589831117499131 ], [ 77.140926131833197, 28.589831117499131 ], [ 77.140926131833197, 28.585339561624174 ], [ 77.146041898312347, 28.585339561624174 ] ] ] } },
{ "type": "Feature", "properties": { "cell_id": 769, "lon": 77.148599781551923, "lat": 28.587585339561652 }, "geometry": { "type": "Polygon", "coordinates": [ [ [ 77.151157664791498, 28.585339561624174 ], [ 77.151157664791498, 28.589831117499131 ], [ 77.146041898312347, 28.589831117499131 ], [ 77.146041898312347, 28.585339561624174 ], [ 77.151157664791498, 28.585339561624174 ] ] ] } },
{ "type": "Feature", "properties": { "cell_id": 770, "lon": 77.153715548031073, "lat": 28.587585339561652 }, "geometry": { "type": "Polygon", "coordinates": [ [ [ 77.156273431270648, 28.585339561624174 ], [ 77.156273431270648, 28.589831117499131 ], [ 77.151157664791498, 28.589831117499131 ], [ 77.151157664791498, 28.585339561624174 ], [ 77.156273431270648, 28.585339561624174 ] ] ] } },
{ "type": "Feature", "properties": { "cell_id": 771, "lon": 77.158831314510223, "lat": 28.587585339561652 }, "geometry": { "type": "Polygon", "coordinates": [ [ [ 77.161389197749799, 28.585339561624174 ], [ 77.161389197749799, 28.589831117499131 ], [ 77.156273431270648, 28.589831117499131 ], [ 77.156273431270648, 28.585339561624174 ], [ 77.161389197749799, 28.585339561624174 ] ] ] } },
{ "type": "Feature", "properties": { "cell_id": 772, "lon": 77.163947080989374, "lat": 28.587585339561652 }, "geometry": { "type": "Polygon", "coordinates": [ [ [ 77.166504964228949, 28.585339561624174 ], [ 77.166504964228949, 28.589831117499131 ], [ 77.161389197749799, 28.589831117499131 ], [ 77.161389197749799, 28.585339561624174 ], [ 77.166504964228949, 28.585339561624174 ] ] ] } },
{ "type": "Feature", "properties": { "cell_id": 773, "lon": 77.169062847468524, "lat": 28.587585339561652 }, "geometry": { "type": "Polygon", "coordinates": [ [ [ 77.171620730708099, 28.585339561624174 ], [ 77.171620730708099, 28.589831117499131 ], [ 77.166504964228949, 28.589831117499131 ], [ 77.166504964228949, 28.585339561624174 ], [ 77.171620730708099, 28.585339561624174 ] ] ] } },
{ "type": "Feature", "properties": { "cell_id": 774, "lon": 77.174178613947674, "lat": 28.587585339561652 }, "geometry": { "type": "Polygon", "coordinates": [ [ [ 77.17673649718725, 28.585339561624174 ], [ 77.17673649718725, 28.589831117499131 ], [ 77.171620730708099, 28.589831117499131 ], [ 77.171620730708099, 28.585339561624174 ], [ 77.17673649718725, 28.585339561624174 ] ] ] } },
{ "type": "Feature", "properties": { "cell_id": 775, "lon": 77.179294380426825, "lat": 28.587585339561652 }, "geometry": { "type": "Polygon", "coordinates": [ [ [ 77.1818522636664, 28.585339561624174 ], [ 77.1818522636664, 28.589831117499131 ], [ 77.17673649718725, 28.589831117499131 ], [ 77.17673649718725, 28.585339561624174 ], [ 77.1818522636664, 28.585339561624174 ] ] ] } },
{ "type": "Feature", "properties": { "cell_id": 776, "lon": 77.184410146905975, "lat": 28.587585339561652 }, "geometry": { "type": "Polygon", "coordinates": [ [ [ 77.18696803014555, 28.585339561624174 ], [ 77.18696803014555, 28.589831117499131 ], [ 77.1818522636664, 28.589831117499131 ], [ 77.1818522636664, 28.585339561624174 ], [ 77.18696803014555, 28.585339561624174 ] ] ] } },
{ "type": "Feature", "properties": { "cell_id": 777, "lon": 77.189525913385125, "lat": 28.587585339561652 }, "geometry": { "type": "Polygon", "coordinates": [ [ [ 77.192083796624701, 28.585339561624174 ], [ 77.192083796624701, 28.589831117499131 ], [ 77.18696803014555, 28.589831117499131 ], [ 77.18696803014555, 28.585339561624174 ], [ 77.192083796624701, 28.585339561624174 ] ] ] } },
{ "type": "Feature", "properties": { "cell_id": 778, "lon": 77.194641679864276, "lat": 28.587585339561652 }, "geometry": { "type": "Polygon", "coordinates": [ [ [ 77.197199563103851, 28.585339561624174 ], [ 77.197199563103851, 28.589831117499131 ], [ 77.192083796624701, 28.589831117499131 ], [ 77.192083796624701, 28.585339561624174 ], [ 77.197199563103851, 28.585339561624174 ] ] ] } },
{ "type": "Feature", "properties": { "cell_id": 779, "lon": 77.199757446343426, "lat": 28.587585339561652 }, "geometry": { "type": "Polygon", "coordinates": [ [ [ 77.202315329583001, 28.585339561624174 ], [ 77.202315329583001, 28.589831117499131 ], [ 77.197199563103851, 28.589831117499131 ], [ 77.197199563103851, 28.585339561624174 ], [ 77.202315329583001, 28.585339561624174 ] ] ] } },
{ "type": "Feature", "properties": { "cell_id": 780, "lon": 77.204873212822577, "lat": 28.587585339561652 }, "geometry": { "type": "Polygon", "coordinates": [ [ [ 77.207431096062152, 28.585339561624174 ], [ 77.207431096062152, 28.589831117499131 ], [ 77.202315329583001, 28.589831117499131 ], [ 77.202315329583001, 28.585339561624174 ], [ 77.207431096062152, 28.585339561624174 ] ] ] } },
{ "type": "Feature", "properties": { "cell_id": 781, "lon": 77.209988979301727, "lat": 28.587585339561652 }, "geometry": { "type": "Polygon", "coordinates": [ [ [ 77.212546862541302, 28.585339561624174 ], [ 77.212546862541302, 28.589831117499131 ], [ 77.207431096062152, 28.589831117499131 ], [ 77.207431096062152, 28.585339561624174 ], [ 77.212546862541302, 28.585339561624174 ] ] ] } },
{ "type": "Feature", "properties": { "cell_id": 782, "lon": 77.215104745780877, "lat": 28.587585339561652 }, "geometry": { "type": "Polygon", "coordinates": [ [ [ 77.217662629020452, 28.585339561624174 ], [ 77.217662629020452, 28.589831117499131 ], [ 77.212546862541302, 28.589831117499131 ], [ 77.212546862541302, 28.585339561624174 ], [ 77.217662629020452, 28.585339561624174 ] ] ] } },
{ "type": "Feature", "properties": { "cell_id": 783, "lon": 77.220220512260028, "lat": 28.587585339561652 }, "geometry": { "type": "Polygon", "coordinates": [ [ [ 77.222778395499603, 28.585339561624174 ], [ 77.222778395499603, 28.589831117499131 ], [ 77.217662629020452, 28.589831117499131 ], [ 77.217662629020452, 28.585339561624174 ], [ 77.222778395499603, 28.585339561624174 ] ] ] } },
{ "type": "Feature", "properties": { "cell_id": 784, "lon": 77.225336278739178, "lat": 28.587585339561652 }, "geometry": { "type": "Polygon", "coordinates": [ [ [ 77.227894161978753, 28.585339561624174 ], [ 77.227894161978753, 28.589831117499131 ], [ 77.222778395499603, 28.589831117499131 ], [ 77.222778395499603, 28.585339561624174 ], [ 77.227894161978753, 28.585339561624174 ] ] ] } },
{ "type": "Feature", "properties": { "cell_id": 785, "lon": 77.230452045218328, "lat": 28.587585339561652 }, "geometry": { "type": "Polygon", "coordinates": [ [ [ 77.233009928457903, 28.585339561624174 ], [ 77.233009928457903, 28.589831117499131 ], [ 77.227894161978753, 28.589831117499131 ], [ 77.227894161978753, 28.585339561624174 ], [ 77.233009928457903, 28.585339561624174 ] ] ] } },
{ "type": "Feature", "properties": { "cell_id": 786, "lon": 77.235567811697479, "lat": 28.587585339561652 }, "geometry": { "type": "Polygon", "coordinates": [ [ [ 77.238125694937054, 28.585339561624174 ], [ 77.238125694937054, 28.589831117499131 ], [ 77.233009928457903, 28.589831117499131 ], [ 77.233009928457903, 28.585339561624174 ], [ 77.238125694937054, 28.585339561624174 ] ] ] } },
{ "type": "Feature", "properties": { "cell_id": 787, "lon": 77.240683578176629, "lat": 28.587585339561652 }, "geometry": { "type": "Polygon", "coordinates": [ [ [ 77.243241461416204, 28.585339561624174 ], [ 77.243241461416204, 28.589831117499131 ], [ 77.238125694937054, 28.589831117499131 ], [ 77.238125694937054, 28.585339561624174 ], [ 77.243241461416204, 28.585339561624174 ] ] ] } },
{ "type": "Feature", "properties": { "cell_id": 788, "lon": 77.245799344655779, "lat": 28.587585339561652 }, "geometry": { "type": "Polygon", "coordinates": [ [ [ 77.248357227895355, 28.585339561624174 ], [ 77.248357227895355, 28.589831117499131 ], [ 77.243241461416204, 28.589831117499131 ], [ 77.243241461416204, 28.585339561624174 ], [ 77.248357227895355, 28.585339561624174 ] ] ] } },
{ "type": "Feature", "properties": { "cell_id": 789, "lon": 77.25091511113493, "lat": 28.587585339561652 }, "geometry": { "type": "Polygon", "coordinates": [ [ [ 77.253472994374505, 28.585339561624174 ], [ 77.253472994374505, 28.589831117499131 ], [ 77.248357227895355, 28.589831117499131 ], [ 77.248357227895355, 28.585339561624174 ], [ 77.253472994374505, 28.585339561624174 ] ] ] } },
{ "type": "Feature", "properties": { "cell_id": 790, "lon": 77.25603087761408, "lat": 28.587585339561652 }, "geometry": { "type": "Polygon", "coordinates": [ [ [ 77.258588760853655, 28.585339561624174 ], [ 77.258588760853655, 28.589831117499131 ], [ 77.253472994374505, 28.589831117499131 ], [ 77.253472994374505, 28.585339561624174 ], [ 77.258588760853655, 28.585339561624174 ] ] ] } },
{ "type": "Feature", "properties": { "cell_id": 791, "lon": 77.26114664409323, "lat": 28.587585339561652 }, "geometry": { "type": "Polygon", "coordinates": [ [ [ 77.263704527332806, 28.585339561624174 ], [ 77.263704527332806, 28.589831117499131 ], [ 77.258588760853655, 28.589831117499131 ], [ 77.258588760853655, 28.585339561624174 ], [ 77.263704527332806, 28.585339561624174 ] ] ] } },
{ "type": "Feature", "properties": { "cell_id": 792, "lon": 77.266262410572381, "lat": 28.587585339561652 }, "geometry": { "type": "Polygon", "coordinates": [ [ [ 77.268820293811956, 28.585339561624174 ], [ 77.268820293811956, 28.589831117499131 ], [ 77.263704527332806, 28.589831117499131 ], [ 77.263704527332806, 28.585339561624174 ], [ 77.268820293811956, 28.585339561624174 ] ] ] } },
{ "type": "Feature", "properties": { "cell_id": 793, "lon": 77.271378177051531, "lat": 28.587585339561652 }, "geometry": { "type": "Polygon", "coordinates": [ [ [ 77.273936060291106, 28.585339561624174 ], [ 77.273936060291106, 28.589831117499131 ], [ 77.268820293811956, 28.589831117499131 ], [ 77.268820293811956, 28.585339561624174 ], [ 77.273936060291106, 28.585339561624174 ] ] ] } },
{ "type": "Feature", "properties": { "cell_id": 794, "lon": 77.276493943530681, "lat": 28.587585339561652 }, "geometry": { "type": "Polygon", "coordinates": [ [ [ 77.279051826770257, 28.585339561624174 ], [ 77.279051826770257, 28.589831117499131 ], [ 77.273936060291106, 28.589831117499131 ], [ 77.273936060291106, 28.585339561624174 ], [ 77.279051826770257, 28.585339561624174 ] ] ] } },
{ "type": "Feature", "properties": { "cell_id": 795, "lon": 77.281609710009832, "lat": 28.587585339561652 }, "geometry": { "type": "Polygon", "coordinates": [ [ [ 77.284167593249407, 28.585339561624174 ], [ 77.284167593249407, 28.589831117499131 ], [ 77.279051826770257, 28.589831117499131 ], [ 77.279051826770257, 28.585339561624174 ], [ 77.284167593249407, 28.585339561624174 ] ] ] } },
{ "type": "Feature", "properties": { "cell_id": 796, "lon": 77.286725476488982, "lat": 28.587585339561652 }, "geometry": { "type": "Polygon", "coordinates": [ [ [ 77.289283359728557, 28.585339561624174 ], [ 77.289283359728557, 28.589831117499131 ], [ 77.284167593249407, 28.589831117499131 ], [ 77.284167593249407, 28.585339561624174 ], [ 77.289283359728557, 28.585339561624174 ] ] ] } },
{ "type": "Feature", "properties": { "cell_id": 797, "lon": 77.291841242968133, "lat": 28.587585339561652 }, "geometry": { "type": "Polygon", "coordinates": [ [ [ 77.294399126207708, 28.585339561624174 ], [ 77.294399126207708, 28.589831117499131 ], [ 77.289283359728557, 28.589831117499131 ], [ 77.289283359728557, 28.585339561624174 ], [ 77.294399126207708, 28.585339561624174 ] ] ] } },
{ "type": "Feature", "properties": { "cell_id": 798, "lon": 77.296957009447283, "lat": 28.587585339561652 }, "geometry": { "type": "Polygon", "coordinates": [ [ [ 77.299514892686858, 28.585339561624174 ], [ 77.299514892686858, 28.589831117499131 ], [ 77.294399126207708, 28.589831117499131 ], [ 77.294399126207708, 28.585339561624174 ], [ 77.299514892686858, 28.585339561624174 ] ] ] } },
{ "type": "Feature", "properties": { "cell_id": 800, "lon": 77.102557883239569, "lat": 28.592076895436609 }, "geometry": { "type": "Polygon", "coordinates": [ [ [ 77.105115766479145, 28.589831117499131 ], [ 77.105115766479145, 28.594322673374087 ], [ 77.1, 28.594322673374087 ], [ 77.1, 28.589831117499131 ], [ 77.105115766479145, 28.589831117499131 ] ] ] } },
{ "type": "Feature", "properties": { "cell_id": 801, "lon": 77.10767364971872, "lat": 28.592076895436609 }, "geometry": { "type": "Polygon", "coordinates": [ [ [ 77.110231532958295, 28.589831117499131 ], [ 77.110231532958295, 28.594322673374087 ], [ 77.105115766479145, 28.594322673374087 ], [ 77.105115766479145, 28.589831117499131 ], [ 77.110231532958295, 28.589831117499131 ] ] ] } },
{ "type": "Feature", "properties": { "cell_id": 802, "lon": 77.11278941619787, "lat": 28.592076895436609 }, "geometry": { "type": "Polygon", "coordinates": [ [ [ 77.115347299437445, 28.589831117499131 ], [ 77.115347299437445, 28.594322673374087 ], [ 77.110231532958295, 28.594322673374087 ], [ 77.110231532958295, 28.589831117499131 ], [ 77.115347299437445, 28.589831117499131 ] ] ] } },
{ "type": "Feature", "properties": { "cell_id": 803, "lon": 77.117905182677021, "lat": 28.592076895436609 }, "geometry": { "type": "Polygon", "coordinates": [ [ [ 77.120463065916596, 28.589831117499131 ], [ 77.120463065916596, 28.594322673374087 ], [ 77.115347299437445, 28.594322673374087 ], [ 77.115347299437445, 28.589831117499131 ], [ 77.120463065916596, 28.589831117499131 ] ] ] } },
{ "type": "Feature", "properties": { "cell_id": 804, "lon": 77.123020949156171, "lat": 28.592076895436609 }, "geometry": { "type": "Polygon", "coordinates": [ [ [ 77.125578832395746, 28.589831117499131 ], [ 77.125578832395746, 28.594322673374087 ], [ 77.120463065916596, 28.594322673374087 ], [ 77.120463065916596, 28.589831117499131 ], [ 77.125578832395746, 28.589831117499131 ] ] ] } },
{ "type": "Feature", "properties": { "cell_id": 805, "lon": 77.128136715635321, "lat": 28.592076895436609 }, "geometry": { "type": "Polygon", "coordinates": [ [ [ 77.130694598874896, 28.589831117499131 ], [ 77.130694598874896, 28.594322673374087 ], [ 77.125578832395746, 28.594322673374087 ], [ 77.125578832395746, 28.589831117499131 ], [ 77.130694598874896, 28.589831117499131 ] ] ] } },
{ "type": "Feature", "properties": { "cell_id": 806, "lon": 77.133252482114472, "lat": 28.592076895436609 }, "geometry": { "type": "Polygon", "coordinates": [ [ [ 77.135810365354047, 28.589831117499131 ], [ 77.135810365354047, 28.594322673374087 ], [ 77.130694598874896, 28.594322673374087 ], [ 77.130694598874896, 28.589831117499131 ], [ 77.135810365354047, 28.589831117499131 ] ] ] } },
{ "type": "Feature", "properties": { "cell_id": 807, "lon": 77.138368248593622, "lat": 28.592076895436609 }, "geometry": { "type": "Polygon", "coordinates": [ [ [ 77.140926131833197, 28.589831117499131 ], [ 77.140926131833197, 28.594322673374087 ], [ 77.135810365354047, 28.594322673374087 ], [ 77.135810365354047, 28.589831117499131 ], [ 77.140926131833197, 28.589831117499131 ] ] ] } },
{ "type": "Feature", "properties": { "cell_id": 808, "lon": 77.143484015072772, "lat": 28.592076895436609 }, "geometry": { "type": "Polygon", "coordinates": [ [ [ 77.146041898312347, 28.589831117499131 ], [ 77.146041898312347, 28.594322673374087 ], [ 77.140926131833197, 28.594322673374087 ], [ 77.140926131833197, 28.589831117499131 ], [ 77.146041898312347, 28.589831117499131 ] ] ] } },
{ "type": "Feature", "properties": { "cell_id": 809, "lon": 77.148599781551923, "lat": 28.592076895436609 }, "geometry": { "type": "Polygon", "coordinates": [ [ [ 77.151157664791498, 28.589831117499131 ], [ 77.151157664791498, 28.594322673374087 ], [ 77.146041898312347, 28.594322673374087 ], [ 77.146041898312347, 28.589831117499131 ], [ 77.151157664791498, 28.589831117499131 ] ] ] } },
{ "type": "Feature", "properties": { "cell_id": 810, "lon": 77.153715548031073, "lat": 28.592076895436609 }, "geometry": { "type": "Polygon", "coordinates": [ [ [ 77.156273431270648, 28.589831117499131 ], [ 77.156273431270648, 28.594322673374087 ], [ 77.151157664791498, 28.594322673374087 ], [ 77.151157664791498, 28.589831117499131 ], [ 77.156273431270648, 28.589831117499131 ] ] ] } },
{ "type": "Feature", "properties": { "cell_id": 811, "lon": 77.158831314510223, "lat": 28.592076895436609 }, "geometry": { "type": "Polygon", "coordinates": [ [ [ 77.161389197749799, 28.589831117499131 ], [ 77.161389197749799, 28.594322673374087 ], [ 77.156273431270648, 28.594322673374087 ], [ 77.156273431270648, 28.589831117499131 ], [ 77.161389197749799, 28.589831117499131 ] ] ] } },
{ "type": "Feature", "properties": { "cell_id": 812, "lon": 77.163947080989374, "lat": 28.592076895436609 }, "geometry": { "type": "Polygon", "coordinates": [ [ [ 77.166504964228949, 28.589831117499131 ], [ 77.166504964228949, 28.594322673374087 ], [ 77.161389197749799, 28.594322673374087 ], [ 77.161389197749799, 28.589831117499131 ], [ 77.166504964228949, 28.589831117499131 ] ] ] } },
{ "type": "Feature", "properties": { "cell_id": 813, "lon": 77.169062847468524, "lat": 28.592076895436609 }, "geometry": { "type": "Polygon", "coordinates": [ [ [ 77.171620730708099, 28.589831117499131 ], [ 77.171620730708099, 28.594322673374087 ], [ 77.166504964228949, 28.594322673374087 ], [ 77.166504964228949, 28.589831117499131 ], [ 77.171620730708099, 28.589831117499131 ] ] ] } },
{ "type": "Feature", "properties": { "cell_id": 814, "lon": 77.174178613947674, "lat": 28.592076895436609 }, "geometry": { "type": "Polygon", "coordinates": [ [ [ 77.17673649718725, 28.589831117499131 ], [ 77.17673649718725, 28.594322673374087 ], [ 77.171620730708099, 28.594322673374087 ], [ 77.171620730708099, 28.589831117499131 ], [ 77.17673649718725, 28.589831117499131 ] ] ] } },
{ "type": "Feature", "properties": { "cell_id": 815, "lon": 77.179294380426825, "lat": 28.592076895436609 }, "geometry": { "type": "Polygon", "coordinates": [ [ [ 77.1818522636664, 28.589831117499131 ], [ 77.1818522636664, 28.594322673374087 ], [ 77.17673649718725, 28.594322673374087 ], [ 77.17673649718725, 28.589831117499131 ], [ 77.1818522636664, 28.589831117499131 ] ] ] } },
{ "type": "Feature", "properties": { "cell_id": 816, "lon": 77.184410146905975, "lat": 28.592076895436609 }, "geometry": { "type": "Polygon", "coordinates": [ [ [ 77.18696803014555, 28.589831117499131 ], [ 77.18696803014555, 28.594322673374087 ], [ 77.1818522636664, 28.594322673374087 ], [ 77.1818522636664, 28.589831117499131 ], [ 77.18696803014555, 28.589831117499131 ] ] ] } },
{ "type": "Feature", "properties": { "cell_id": 817, "lon": 77.189525913385125, "lat": 28.592076895436609 }, "geometry": { "type": "Polygon", "coordinates": [ [ [ 77.192083796624701, 28.589831117499131 ], [ 77.192083796624701, 28.594322673374087 ], [ 77.18696803014555, 28.594322673374087 ], [ 77.18696803014555, 28.589831117499131 ], [ 77.192083796624701, 28.589831117499131 ] ] ] } },
{ "type": "Feature", "properties": { "cell_id": 818, "lon": 77.194641679864276, "lat": 28.592076895436609 }, "geometry": { "type": "Polygon", "coordinates": [ [ [ 77.197199563103851, 28.589831117499131 ], [ 77.197199563103851, 28.594322673374087 ], [ 77.192083796624701, 28.594322673374087 ], [ 77.192083796624701, 28.589831117499131 ], [ 77.197199563103851, 28.589831117499131 ] ] ] } },
{ "type": "Feature", "properties": { "cell_id": 819, "lon": 77.199757446343426, "lat": 28.592076895436609 }, "geometry": { "type": "Polygon", "coordinates": [ [ [ 77.202315329583001, 28.589831117499131 ], [ 77.202315329583001, 28.594322673374087 ], [ 77.197199563103851, 28.594322673374087 ], [ 77.197199563103851, 28.589831117499131 ], [ 77.202315329583001, 28.589831117499131 ] ] ] } },
{ "type": "Feature", "properties": { "cell_id": 820, "lon": 77.204873212822577, "lat": 28.592076895436609 }, "geometry": { "type": "Polygon", "coordinates": [ [ [ 77.207431096062152, 28.589831117499131 ], [ 77.207431096062152, 28.594322673374087 ], [ 77.202315329583001, 28.594322673374087 ], [ 77.202315329583001, 28.589831117499131 ], [ 77.207431096062152, 28.589831117499131 ] ] ] } },
{ "type": "Feature", "properties": { "cell_id": 821, "lon": 77.209988979301727, "lat": 28.592076895436609 }, "geometry": { "type": "Polygon", "coordinates": [ [ [ 77.212546862541302, 28.589831117499131 ], [ 77.212546862541302, 28.594322673374087 ], [ 77.207431096062152, 28.594322673374087 ], [ 77.207431096062152, 28.589831117499131 ], [ 77.212546862541302, 28.589831117499131 ] ] ] } },
{ "type": "Feature", "properties": { "cell_id": 822, "lon": 77.215104745780877, "lat": 28.592076895436609 }, "geometry": { "type": "Polygon", "coordinates": [ [ [ 77.217662629020452, 28.589831117499131 ], [ 77.217662629020452, 28.594322673374087 ], [ 77.212546862541302, 28.594322673374087 ], [ 77.212546862541302, 28.589831117499131 ], [ 77.217662629020452, 28.589831117499131 ] ] ] } },
{ "type": "Feature", "properties": { "cell_id": 823, "lon": 77.220220512260028, "lat": 28.592076895436609 }, "geometry": { "type": "Polygon", "coordinates": [ [ [ 77.222778395499603, 28.589831117499131 ], [ 77.222778395499603, 28.594322673374087 ], [ 77.217662629020452, 28.594322673374087 ], [ 77.217662629020452, 28.589831117499131 ], [ 77.222778395499603, 28.589831117499131 ] ] ] } },
{ "type": "Feature", "properties": { "cell_id": 824, "lon": 77.225336278739178, "lat": 28.592076895436609 }, "geometry": { "type": "Polygon", "coordinates": [ [ [ 77.227894161978753, 28.589831117499131 ], [ 77.227894161978753, 28.594322673374087 ], [ 77.222778395499603, 28.594322673374087 ], [ 77.222778395499603, 28.589831117499131 ], [ 77.227894161978753, 28.589831117499131 ] ] ] } },
{ "type": "Feature", "properties": { "cell_id": 825, "lon": 77.230452045218328, "lat": 28.592076895436609 }, "geometry": { "type": "Polygon", "coordinates": [ [ [ 77.233009928457903, 28.589831117499131 ], [ 77.233009928457903, 28.594322673374087 ], [ 77.227894161978753, 28.594322673374087 ], [ 77.227894161978753, 28.589831117499131 ], [ 77.233009928457903, 28.589831117499131 ] ] ] } },
{ "type": "Feature", "properties": { "cell_id": 826, "lon": 77.235567811697479, "lat": 28.592076895436609 }, "geometry": { "type": "Polygon", "coordinates": [ [ [ 77.238125694937054, 28.589831117499131 ], [ 77.238125694937054, 28.594322673374087 ], [ 77.233009928457903, 28.594322673374087 ], [ 77.233009928457903, 28.589831117499131 ], [ 77.238125694937054, 28.589831117499131 ] ] ] } },
{ "type": "Feature", "properties": { "cell_id": 827, "lon": 77.240683578176629, "lat": 28.592076895436609 }, "geometry": { "type": "Polygon", "coordinates": [ [ [ 77.243241461416204, 28.589831117499131 ], [ 77.243241461416204, 28.594322673374087 ], [ 77.238125694937054, 28.594322673374087 ], [ 77.238125694937054, 28.589831117499131 ], [ 77.243241461416204, 28.589831117499131 ] ] ] } },
{ "type": "Feature", "properties": { "cell_id": 828, "lon": 77.245799344655779, "lat": 28.592076895436609 }, "geometry": { "type": "Polygon", "coordinates": [ [ [ 77.248357227895355, 28.589831117499131 ], [ 77.248357227895355, 28.594322673374087 ], [ 77.243241461416204, 28.594322673374087 ], [ 77.243241461416204, 28.589831117499131 ], [ 77.248357227895355, 28.589831117499131 ] ] ] } },
{ "type": "Feature", "properties": { "cell_id": 829, "lon": 77.25091511113493, "lat": 28.592076895436609 }, "geometry": { "type": "Polygon", "coordinates": [ [ [ 77.253472994374505, 28.589831117499131 ], [ 77.253472994374505, 28.594322673374087 ], [ 77.248357227895355, 28.594322673374087 ], [ 77.248357227895355, 28.589831117499131 ], [ 77.253472994374505, 28.589831117499131 ] ] ] } },
{ "type": "Feature", "properties": { "cell_id": 830, "lon": 77.25603087761408, "lat": 28.592076895436609 }, "geometry": { "type": "Polygon", "coordinates": [ [ [ 77.258588760853655, 28.589831117499131 ], [ 77.258588760853655, 28.594322673374087 ], [ 77.253472994374505, 28.594322673374087 ], [ 77.253472994374505, 28.589831117499131 ], [ 77.258588760853655, 28.589831117499131 ] ] ] } },
{ "type": "Feature", "properties": { "cell_id": 831, "lon": 77.26114664409323, "lat": 28.592076895436609 }, "geometry": { "type": "Polygon", "coordinates": [ [ [ 77.263704527332806, 28.589831117499131 ], [ 77.263704527332806, 28.594322673374087 ], [ 77.258588760853655, 28.594322673374087 ], [ 77.258588760853655, 28.589831117499131 ], [ 77.263704527332806, 28.589831117499131 ] ] ] } },
{ "type": "Feature", "properties": { "cell_id": 832, "lon": 77.266262410572381, "lat": 28.592076895436609 }, "geometry": { "type": "Polygon", "coordinates": [ [ [ 77.268820293811956, 28.589831117499131 ], [ 77.268820293811956, 28.594322673374087 ], [ 77.263704527332806, 28.594322673374087 ], [ 77.263704527332806, 28.589831117499131 ], [ 77.268820293811956, 28.589831117499131 ] ] ] } },
{ "type": "Feature", "properties": { "cell_id": 833, "lon": 77.271378177051531, "lat": 28.592076895436609 }, "geometry": { "type": "Polygon", "coordinates": [ [ [ 77.273936060291106, 28.589831117499131 ], [ 77.273936060291106, 28.594322673374087 ], [ 77.268820293811956, 28.594322673374087 ], [ 77.268820293811956, 28.589831117499131 ], [ 77.273936060291106, 28.589831117499131 ] ] ] } },
{ "type": "Feature", "properties": { "cell_id": 834, "lon": 77.276493943530681, "lat": 28.592076895436609 }, "geometry": { "type": "Polygon", "coordinates": [ [ [ 77.279051826770257, 28.589831117499131 ], [ 77.279051826770257, 28.594322673374087 ], [ 77.273936060291106, 28.594322673374087 ], [ 77.273936060291106, 28.589831117499131 ], [ 77.279051826770257, 28.589831117499131 ] ] ] } },
{ "type": "Feature", "properties": { "cell_id": 835, "lon": 77.281609710009832, "lat": 28.592076895436609 }, "geometry": { "type": "Polygon", "coordinates": [ [ [ 77.284167593249407, 28.589831117499131 ], [ 77.284167593249407, 28.594322673374087 ], [ 77.279051826770257, 28.594322673374087 ], [ 77.279051826770257, 28.589831117499131 ], [ 77.284167593249407, 28.589831117499131 ] ] ] } },
{ "type": "Feature", "properties": { "cell_id": 836, "lon": 77.286725476488982, "lat": 28.592076895436609 }, "geometry": { "type": "Polygon", "coordinates": [ [ [ 77.289283359728557, 28.589831117499131 ], [ 77.289283359728557, 28.594322673374087 ], [ 77.284167593249407, 28.594322673374087 ], [ 77.284167593249407, 28.589831117499131 ], [ 77.289283359728557, 28.589831117499131 ] ] ] } },
{ "type": "Feature", "properties": { "cell_id": 837, "lon": 77.291841242968133, "lat": 28.592076895436609 }, "geometry": { "type": "Polygon", "coordinates": [ [ [ 77.294399126207708, 28.589831117499131 ], [ 77.294399126207708, 28.594322673374087 ], [ 77.289283359728557, 28.594322673374087 ], [ 77.289283359728557, 28.589831117499131 ], [ 77.294399126207708, 28.589831117499131 ] ] ] } },
{ "type": "Feature", "properties": { "cell_id": 838, "lon": 77.296957009447283, "lat": 28.592076895436609 }, "geometry": { "type": "Polygon", "coordinates": [ [ [ 77.299514892686858, 28.589831117499131 ], [ 77.299514892686858, 28.594322673374087 ], [ 77.294399126207708, 28.594322673374087 ], [ 77.294399126207708, 28.589831117499131 ], [ 77.299514892686858, 28.589831117499131 ] ] ] } },
{ "type": "Feature", "properties": { "cell_id": 840, "lon": 77.102557883239569, "lat": 28.596568451311565 }, "geometry": { "type": "Polygon", "coordinates": [ [ [ 77.105115766479145, 28.594322673374087 ], [ 77.105115766479145, 28.598814229249044 ], [ 77.1, 28.598814229249044 ], [ 77.1, 28.594322673374087 ], [ 77.105115766479145, 28.594322673374087 ] ] ] } },
{ "type": "Feature", "properties": { "cell_id": 841, "lon": 77.10767364971872, "lat": 28.596568451311565 }, "geometry": { "type": "Polygon", "coordinates": [ [ [ 77.110231532958295, 28.594322673374087 ], [ 77.110231532958295, 28.598814229249044 ], [ 77.105115766479145, 28.598814229249044 ], [ 77.105115766479145, 28.594322673374087 ], [ 77.110231532958295, 28.594322673374087 ] ] ] } },
{ "type": "Feature", "properties": { "cell_id": 842, "lon": 77.11278941619787, "lat": 28.596568451311565 }, "geometry": { "type": "Polygon", "coordinates": [ [ [ 77.115347299437445, 28.594322673374087 ], [ 77.115347299437445, 28.598814229249044 ], [ 77.110231532958295, 28.598814229249044 ], [ 77.110231532958295, 28.594322673374087 ], [ 77.115347299437445, 28.594322673374087 ] ] ] } },
{ "type": "Feature", "properties": { "cell_id": 843, "lon": 77.117905182677021, "lat": 28.596568451311565 }, "geometry": { "type": "Polygon", "coordinates": [ [ [ 77.120463065916596, 28.594322673374087 ], [ 77.120463065916596, 28.598814229249044 ], [ 77.115347299437445, 28.598814229249044 ], [ 77.115347299437445, 28.594322673374087 ], [ 77.120463065916596, 28.594322673374087 ] ] ] } },
{ "type": "Feature", "properties": { "cell_id": 844, "lon": 77.123020949156171, "lat": 28.596568451311565 }, "geometry": { "type": "Polygon", "coordinates": [ [ [ 77.125578832395746, 28.594322673374087 ], [ 77.125578832395746, 28.598814229249044 ], [ 77.120463065916596, 28.598814229249044 ], [ 77.120463065916596, 28.594322673374087 ], [ 77.125578832395746, 28.594322673374087 ] ] ] } },
{ "type": "Feature", "properties": { "cell_id": 845, "lon": 77.128136715635321, "lat": 28.596568451311565 }, "geometry": { "type": "Polygon", "coordinates": [ [ [ 77.130694598874896, 28.594322673374087 ], [ 77.130694598874896, 28.598814229249044 ], [ 77.125578832395746, 28.598814229249044 ], [ 77.125578832395746, 28.594322673374087 ], [ 77.130694598874896, 28.594322673374087 ] ] ] } },
{ "type": "Feature", "properties": { "cell_id": 846, "lon": 77.133252482114472, "lat": 28.596568451311565 }, "geometry": { "type": "Polygon", "coordinates": [ [ [ 77.135810365354047, 28.594322673374087 ], [ 77.135810365354047, 28.598814229249044 ], [ 77.130694598874896, 28.598814229249044 ], [ 77.130694598874896, 28.594322673374087 ], [ 77.135810365354047, 28.594322673374087 ] ] ] } },
{ "type": "Feature", "properties": { "cell_id": 847, "lon": 77.138368248593622, "lat": 28.596568451311565 }, "geometry": { "type": "Polygon", "coordinates": [ [ [ 77.140926131833197, 28.594322673374087 ], [ 77.140926131833197, 28.598814229249044 ], [ 77.135810365354047, 28.598814229249044 ], [ 77.135810365354047, 28.594322673374087 ], [ 77.140926131833197, 28.594322673374087 ] ] ] } },
{ "type": "Feature", "properties": { "cell_id": 848, "lon": 77.143484015072772, "lat": 28.596568451311565 }, "geometry": { "type": "Polygon", "coordinates": [ [ [ 77.146041898312347, 28.594322673374087 ], [ 77.146041898312347, 28.598814229249044 ], [ 77.140926131833197, 28.598814229249044 ], [ 77.140926131833197, 28.594322673374087 ], [ 77.146041898312347, 28.594322673374087 ] ] ] } },
{ "type": "Feature", "properties": { "cell_id": 849, "lon": 77.148599781551923, "lat": 28.596568451311565 }, "geometry": { "type": "Polygon", "coordinates": [ [ [ 77.151157664791498, 28.594322673374087 ], [ 77.151157664791498, 28.598814229249044 ], [ 77.146041898312347, 28.598814229249044 ], [ 77.146041898312347, 28.594322673374087 ], [ 77.151157664791498, 28.594322673374087 ] ] ] } },
{ "type": "Feature", "properties": { "cell_id": 850, "lon": 77.153715548031073, "lat": 28.596568451311565 }, "geometry": { "type": "Polygon", "coordinates": [ [ [ 77.156273431270648, 28.594322673374087 ], [ 77.156273431270648, 28.598814229249044 ], [ 77.151157664791498, 28.598814229249044 ], [ 77.151157664791498, 28.594322673374087 ], [ 77.156273431270648, 28.594322673374087 ] ] ] } },
{ "type": "Feature", "properties": { "cell_id": 851, "lon": 77.158831314510223, "lat": 28.596568451311565 }, "geometry": { "type": "Polygon", "coordinates": [ [ [ 77.161389197749799, 28.594322673374087 ], [ 77.161389197749799, 28.598814229249044 ], [ 77.156273431270648, 28.598814229249044 ], [ 77.156273431270648, 28.594322673374087 ], [ 77.161389197749799, 28.594322673374087 ] ] ] } },
{ "type": "Feature", "properties": { "cell_id": 852, "lon": 77.163947080989374, "lat": 28.596568451311565 }, "geometry": { "type": "Polygon", "coordinates": [ [ [ 77.166504964228949, 28.594322673374087 ], [ 77.166504964228949, 28.598814229249044 ], [ 77.161389197749799, 28.598814229249044 ], [ 77.161389197749799, 28.594322673374087 ], [ 77.166504964228949, 28.594322673374087 ] ] ] } },
{ "type": "Feature", "properties": { "cell_id": 853, "lon": 77.169062847468524, "lat": 28.596568451311565 }, "geometry": { "type": "Polygon", "coordinates": [ [ [ 77.171620730708099, 28.594322673374087 ], [ 77.171620730708099, 28.598814229249044 ], [ 77.166504964228949, 28.598814229249044 ], [ 77.166504964228949, 28.594322673374087 ], [ 77.171620730708099, 28.594322673374087 ] ] ] } },
{ "type": "Feature", "properties": { "cell_id": 854, "lon": 77.174178613947674, "lat": 28.596568451311565 }, "geometry": { "type": "Polygon", "coordinates": [ [ [ 77.17673649718725, 28.594322673374087 ], [ 77.17673649718725, 28.598814229249044 ], [ 77.171620730708099, 28.598814229249044 ], [ 77.171620730708099, 28.594322673374087 ], [ 77.17673649718725, 28.594322673374087 ] ] ] } },
{ "type": "Feature", "properties": { "cell_id": 855, "lon": 77.179294380426825, "lat": 28.596568451311565 }, "geometry": { "type": "Polygon", "coordinates": [ [ [ 77.1818522636664, 28.594322673374087 ], [ 77.1818522636664, 28.598814229249044 ], [ 77.17673649718725, 28.598814229249044 ], [ 77.17673649718725, 28.594322673374087 ], [ 77.1818522636664, 28.594322673374087 ] ] ] } },
{ "type": "Feature", "properties": { "cell_id": 856, "lon": 77.184410146905975, "lat": 28.596568451311565 }, "geometry": { "type": "Polygon", "coordinates": [ [ [ 77.18696803014555, 28.594322673374087 ], [ 77.18696803014555, 28.598814229249044 ], [ 77.1818522636664, 28.598814229249044 ], [ 77.1818522636664, 28.594322673374087 ], [ 77.18696803014555, 28.594322673374087 ] ] ] } },
{ "type": "Feature", "properties": { "cell_id": 857, "lon": 77.189525913385125, "lat": 28.596568451311565 }, "geometry": { "type": "Polygon", "coordinates": [ [ [ 77.192083796624701, 28.594322673374087 ], [ 77.192083796624701, 28.598814229249044 ], [ 77.18696803014555, 28.598814229249044 ], [ 77.18696803014555, 28.594322673374087 ], [ 77.192083796624701, 28.594322673374087 ] ] ] } },
{ "type": "Feature", "properties": { "cell_id": 858, "lon": 77.194641679864276, "lat": 28.596568451311565 }, "geometry": { "type": "Polygon", "coordinates": [ [ [ 77.197199563103851, 28.594322673374087 ], [ 77.197199563103851, 28.598814229249044 ], [ 77.192083796624701, 28.598814229249044 ], [ 77.192083796624701, 28.594322673374087 ], [ 77.197199563103851, 28.594322673374087 ] ] ] } },
{ "type": "Feature", "properties": { "cell_id": 859, "lon": 77.199757446343426, "lat": 28.596568451311565 }, "geometry": { "type": "Polygon", "coordinates": [ [ [ 77.202315329583001, 28.594322673374087 ], [ 77.202315329583001, 28.598814229249044 ], [ 77.197199563103851, 28.598814229249044 ], [ 77.197199563103851, 28.594322673374087 ], [ 77.202315329583001, 28.594322673374087 ] ] ] } },
{ "type": "Feature", "properties": { "cell_id": 860, "lon": 77.204873212822577, "lat": 28.596568451311565 }, "geometry": { "type": "Polygon", "coordinates": [ [ [ 77.207431096062152, 28.594322673374087 ], [ 77.207431096062152, 28.598814229249044 ], [ 77.202315329583001, 28.598814229249044 ], [ 77.202315329583001, 28.594322673374087 ], [ 77.207431096062152, 28.594322673374087 ] ] ] } },
{ "type": "Feature", "properties": { "cell_id": 861, "lon": 77.209988979301727, "lat": 28.596568451311565 }, "geometry": { "type": "Polygon", "coordinates": [ [ [ 77.212546862541302, 28.594322673374087 ], [ 77.212546862541302, 28.598814229249044 ], [ 77.207431096062152, 28.598814229249044 ], [ 77.207431096062152, 28.594322673374087 ], [ 77.212546862541302, 28.594322673374087 ] ] ] } },
{ "type": "Feature", "properties": { "cell_id": 862, "lon": 77.215104745780877, "lat": 28.596568451311565 }, "geometry": { "type": "Polygon", "coordinates": [ [ [ 77.217662629020452, 28.594322673374087 ], [ 77.217662629020452, 28.598814229249044 ], [ 77.212546862541302, 28.598814229249044 ], [ 77.212546862541302, 28.594322673374087 ], [ 77.217662629020452, 28.594322673374087 ] ] ] } },
{ "type": "Feature", "properties": { "cell_id": 863, "lon": 77.220220512260028, "lat": 28.596568451311565 }, "geometry": { "type": "Polygon", "coordinates": [ [ [ 77.222778395499603, 28.594322673374087 ], [ 77.222778395499603, 28.598814229249044 ], [ 77.217662629020452, 28.598814229249044 ], [ 77.217662629020452, 28.594322673374087 ], [ 77.222778395499603, 28.594322673374087 ] ] ] } },
{ "type": "Feature", "properties": { "cell_id": 864, "lon": 77.225336278739178, "lat": 28.596568451311565 }, "geometry": { "type": "Polygon", "coordinates": [ [ [ 77.227894161978753, 28.594322673374087 ], [ 77.227894161978753, 28.598814229249044 ], [ 77.222778395499603, 28.598814229249044 ], [ 77.222778395499603, 28.594322673374087 ], [ 77.227894161978753, 28.594322673374087 ] ] ] } },
{ "type": "Feature", "properties": { "cell_id": 865, "lon": 77.230452045218328, "lat": 28.596568451311565 }, "geometry": { "type": "Polygon", "coordinates": [ [ [ 77.233009928457903, 28.594322673374087 ], [ 77.233009928457903, 28.598814229249044 ], [ 77.227894161978753, 28.598814229249044 ], [ 77.227894161978753, 28.594322673374087 ], [ 77.233009928457903, 28.594322673374087 ] ] ] } },
{ "type": "Feature", "properties": { "cell_id": 866, "lon": 77.235567811697479, "lat": 28.596568451311565 }, "geometry": { "type": "Polygon", "coordinates": [ [ [ 77.238125694937054, 28.594322673374087 ], [ 77.238125694937054, 28.598814229249044 ], [ 77.233009928457903, 28.598814229249044 ], [ 77.233009928457903, 28.594322673374087 ], [ 77.238125694937054, 28.594322673374087 ] ] ] } },
{ "type": "Feature", "properties": { "cell_id": 867, "lon": 77.240683578176629, "lat": 28.596568451311565 }, "geometry": { "type": "Polygon", "coordinates": [ [ [ 77.243241461416204, 28.594322673374087 ], [ 77.243241461416204, 28.598814229249044 ], [ 77.238125694937054, 28.598814229249044 ], [ 77.238125694937054, 28.594322673374087 ], [ 77.243241461416204, 28.594322673374087 ] ] ] } },
{ "type": "Feature", "properties": { "cell_id": 868, "lon": 77.245799344655779, "lat": 28.596568451311565 }, "geometry": { "type": "Polygon", "coordinates": [ [ [ 77.248357227895355, 28.594322673374087 ], [ 77.248357227895355, 28.598814229249044 ], [ 77.243241461416204, 28.598814229249044 ], [ 77.243241461416204, 28.594322673374087 ], [ 77.248357227895355, 28.594322673374087 ] ] ] } },
{ "type": "Feature", "properties": { "cell_id": 869, "lon": 77.25091511113493, "lat": 28.596568451311565 }, "geometry": { "type": "Polygon", "coordinates": [ [ [ 77.253472994374505, 28.594322673374087 ], [ 77.253472994374505, 28.598814229249044 ], [ 77.248357227895355, 28.598814229249044 ], [ 77.248357227895355, 28.594322673374087 ], [ 77.253472994374505, 28.594322673374087 ] ] ] } },
{ "type": "Feature", "properties": { "cell_id": 870, "lon": 77.25603087761408, "lat": 28.596568451311565 }, "geometry": { "type": "Polygon", "coordinates": [ [ [ 77.258588760853655, 28.594322673374087 ], [ 77.258588760853655, 28.598814229249044 ], [ 77.253472994374505, 28.598814229249044 ], [ 77.253472994374505, 28.594322673374087 ], [ 77.258588760853655, 28.594322673374087 ] ] ] } },
{ "type": "Feature", "properties": { "cell_id": 871, "lon": 77.26114664409323, "lat": 28.596568451311565 }, "geometry": { "type": "Polygon", "coordinates": [ [ [ 77.263704527332806, 28.594322673374087 ], [ 77.263704527332806, 28.598814229249044 ], [ 77.258588760853655, 28.598814229249044 ], [ 77.258588760853655, 28.594322673374087 ], [ 77.263704527332806, 28.594322673374087 ] ] ] } },
{ "type": "Feature", "properties": { "cell_id": 872, "lon": 77.266262410572381, "lat": 28.596568451311565 }, "geometry": { "type": "Polygon", "coordinates": [ [ [ 77.268820293811956, 28.594322673374087 ], [ 77.268820293811956, 28.598814229249044 ], [ 77.263704527332806, 28.598814229249044 ], [ 77.263704527332806, 28.594322673374087 ], [ 77.268820293811956, 28.594322673374087 ] ] ] } },
{ "type": "Feature", "properties": { "cell_id": 873, "lon": 77.271378177051531, "lat": 28.596568451311565 }, "geometry": { "type": "Polygon", "coordinates": [ [ [ 77.273936060291106, 28.594322673374087 ], [ 77.273936060291106, 28.598814229249044 ], [ 77.268820293811956, 28.598814229249044 ], [ 77.268820293811956, 28.594322673374087 ], [ 77.273936060291106, 28.594322673374087 ] ] ] } },
{ "type": "Feature", "properties": { "cell_id": 874, "lon": 77.276493943530681, "lat": 28.596568451311565 }, "geometry": { "type": "Polygon", "coordinates": [ [ [ 77.279051826770257, 28.594322673374087 ], [ 77.279051826770257, 28.598814229249044 ], [ 77.273936060291106, 28.598814229249044 ], [ 77.273936060291106, 28.594322673374087 ], [ 77.279051826770257, 28.594322673374087 ] ] ] } },
{ "type": "Feature", "properties": { "cell_id": 875, "lon": 77.281609710009832, "lat": 28.596568451311565 }, "geometry": { "type": "Polygon", "coordinates": [ [ [ 77.284167593249407, 28.594322673374087 ], [ 77.284167593249407, 28.598814229249044 ], [ 77.279051826770257, 28.598814229249044 ], [ 77.279051826770257, 28.594322673374087 ], [ 77.284167593249407, 28.594322673374087 ] ] ] } },
{ "type": "Feature", "properties": { "cell_id": 876, "lon": 77.286725476488982, "lat": 28.596568451311565 }, "geometry": { "type": "Polygon", "coordinates": [ [ [ 77.289283359728557, 28.594322673374087 ], [ 77.289283359728557, 28.598814229249044 ], [ 77.284167593249407, 28.598814229249044 ], [ 77.284167593249407, 28.594322673374087 ], [ 77.289283359728557, 28.594322673374087 ] ] ] } },
{ "type": "Feature", "properties": { "cell_id": 877, "lon": 77.291841242968133, "lat": 28.596568451311565 }, "geometry": { "type": "Polygon", "coordinates": [ [ [ 77.294399126207708, 28.594322673374087 ], [ 77.294399126207708, 28.598814229249044 ], [ 77.289283359728557, 28.598814229249044 ], [ 77.289283359728557, 28.594322673374087 ], [ 77.294399126207708, 28.594322673374087 ] ] ] } },
{ "type": "Feature", "properties": { "cell_id": 878, "lon": 77.296957009447283, "lat": 28.596568451311565 }, "geometry": { "type": "Polygon", "coordinates": [ [ [ 77.299514892686858, 28.594322673374087 ], [ 77.299514892686858, 28.598814229249044 ], [ 77.294399126207708, 28.598814229249044 ], [ 77.294399126207708, 28.594322673374087 ], [ 77.299514892686858, 28.594322673374087 ] ] ] } },
{ "type": "Feature", "properties": { "cell_id": 880, "lon": 77.102557883239569, "lat": 28.601060007186522 }, "geometry": { "type": "Polygon", "coordinates": [ [ [ 77.105115766479145, 28.598814229249044 ], [ 77.105115766479145, 28.603305785124 ], [ 77.1, 28.603305785124 ], [ 77.1, 28.598814229249044 ], [ 77.105115766479145, 28.598814229249044 ] ] ] } },
{ "type": "Feature", "properties": { "cell_id": 881, "lon": 77.10767364971872, "lat": 28.601060007186522 }, "geometry": { "type": "Polygon", "coordinates": [ [ [ 77.110231532958295, 28.598814229249044 ], [ 77.110231532958295, 28.603305785124 ], [ 77.105115766479145, 28.603305785124 ], [ 77.105115766479145, 28.598814229249044 ], [ 77.110231532958295, 28.598814229249044 ] ] ] } },
{ "type": "Feature", "properties": { "cell_id": 882, "lon": 77.11278941619787, "lat": 28.601060007186522 }, "geometry": { "type": "Polygon", "coordinates": [ [ [ 77.115347299437445, 28.598814229249044 ], [ 77.115347299437445, 28.603305785124 ], [ 77.110231532958295, 28.603305785124 ], [ 77.110231532958295, 28.598814229249044 ], [ 77.115347299437445, 28.598814229249044 ] ] ] } },
{ "type": "Feature", "properties": { "cell_id": 883, "lon": 77.117905182677021, "lat": 28.601060007186522 }, "geometry": { "type": "Polygon", "coordinates": [ [ [ 77.120463065916596, 28.598814229249044 ], [ 77.120463065916596, 28.603305785124 ], [ 77.115347299437445, 28.603305785124 ], [ 77.115347299437445, 28.598814229249044 ], [ 77.120463065916596, 28.598814229249044 ] ] ] } },
{ "type": "Feature", "properties": { "cell_id": 884, "lon": 77.123020949156171, "lat": 28.601060007186522 }, "geometry": { "type": "Polygon", "coordinates": [ [ [ 77.125578832395746, 28.598814229249044 ], [ 77.125578832395746, 28.603305785124 ], [ 77.120463065916596, 28.603305785124 ], [ 77.120463065916596, 28.598814229249044 ], [ 77.125578832395746, 28.598814229249044 ] ] ] } },
{ "type": "Feature", "properties": { "cell_id": 885, "lon": 77.128136715635321, "lat": 28.601060007186522 }, "geometry": { "type": "Polygon", "coordinates": [ [ [ 77.130694598874896, 28.598814229249044 ], [ 77.130694598874896, 28.603305785124 ], [ 77.125578832395746, 28.603305785124 ], [ 77.125578832395746, 28.598814229249044 ], [ 77.130694598874896, 28.598814229249044 ] ] ] } },
{ "type": "Feature", "properties": { "cell_id": 886, "lon": 77.133252482114472, "lat": 28.601060007186522 }, "geometry": { "type": "Polygon", "coordinates": [ [ [ 77.135810365354047, 28.598814229249044 ], [ 77.135810365354047, 28.603305785124 ], [ 77.130694598874896, 28.603305785124 ], [ 77.130694598874896, 28.598814229249044 ], [ 77.135810365354047, 28.598814229249044 ] ] ] } },
{ "type": "Feature", "properties": { "cell_id": 887, "lon": 77.138368248593622, "lat": 28.601060007186522 }, "geometry": { "type": "Polygon", "coordinates": [ [ [ 77.140926131833197, 28.598814229249044 ], [ 77.140926131833197, 28.603305785124 ], [ 77.135810365354047, 28.603305785124 ], [ 77.135810365354047, 28.598814229249044 ], [ 77.140926131833197, 28.598814229249044 ] ] ] } },
{ "type": "Feature", "properties": { "cell_id": 888, "lon": 77.143484015072772, "lat": 28.601060007186522 }, "geometry": { "type": "Polygon", "coordinates": [ [ [ 77.146041898312347, 28.598814229249044 ], [ 77.146041898312347, 28.603305785124 ], [ 77.140926131833197, 28.603305785124 ], [ 77.140926131833197, 28.598814229249044 ], [ 77.146041898312347, 28.598814229249044 ] ] ] } },
{ "type": "Feature", "properties": { "cell_id": 889, "lon": 77.148599781551923, "lat": 28.601060007186522 }, "geometry": { "type": "Polygon", "coordinates": [ [ [ 77.151157664791498, 28.598814229249044 ], [ 77.151157664791498, 28.603305785124 ], [ 77.146041898312347, 28.603305785124 ], [ 77.146041898312347, 28.598814229249044 ], [ 77.151157664791498, 28.598814229249044 ] ] ] } },
{ "type": "Feature", "properties": { "cell_id": 890, "lon": 77.153715548031073, "lat": 28.601060007186522 }, "geometry": { "type": "Polygon", "coordinates": [ [ [ 77.156273431270648, 28.598814229249044 ], [ 77.156273431270648, 28.603305785124 ], [ 77.151157664791498, 28.603305785124 ], [ 77.151157664791498, 28.598814229249044 ], [ 77.156273431270648, 28.598814229249044 ] ] ] } },
{ "type": "Feature", "properties": { "cell_id": 891, "lon": 77.158831314510223, "lat": 28.601060007186522 }, "geometry": { "type": "Polygon", "coordinates": [ [ [ 77.161389197749799, 28.598814229249044 ], [ 77.161389197749799, 28.603305785124 ], [ 77.156273431270648, 28.603305785124 ], [ 77.156273431270648, 28.598814229249044 ], [ 77.161389197749799, 28.598814229249044 ] ] ] } },
{ "type": "Feature", "properties": { "cell_id": 892, "lon": 77.163947080989374, "lat": 28.601060007186522 }, "geometry": { "type": "Polygon", "coordinates": [ [ [ 77.166504964228949, 28.598814229249044 ], [ 77.166504964228949, 28.603305785124 ], [ 77.161389197749799, 28.603305785124 ], [ 77.161389197749799, 28.598814229249044 ], [ 77.166504964228949, 28.598814229249044 ] ] ] } },
{ "type": "Feature", "properties": { "cell_id": 893, "lon": 77.169062847468524, "lat": 28.601060007186522 }, "geometry": { "type": "Polygon", "coordinates": [ [ [ 77.171620730708099, 28.598814229249044 ], [ 77.171620730708099, 28.603305785124 ], [ 77.166504964228949, 28.603305785124 ], [ 77.166504964228949, 28.598814229249044 ], [ 77.171620730708099, 28.598814229249044 ] ] ] } },
{ "type": "Feature", "properties": { "cell_id": 894, "lon": 77.174178613947674, "lat": 28.601060007186522 }, "geometry": { "type": "Polygon", "coordinates": [ [ [ 77.17673649718725, 28.598814229249044 ], [ 77.17673649718725, 28.603305785124 ], [ 77.171620730708099, 28.603305785124 ], [ 77.171620730708099, 28.598814229249044 ], [ 77.17673649718725, 28.598814229249044 ] ] ] } },
{ "type": "Feature", "properties": { "cell_id": 895, "lon": 77.179294380426825, "lat": 28.601060007186522 }, "geometry": { "type": "Polygon", "coordinates": [ [ [ 77.1818522636664, 28.598814229249044 ], [ 77.1818522636664, 28.603305785124 ], [ 77.17673649718725, 28.603305785124 ], [ 77.17673649718725, 28.598814229249044 ], [ 77.1818522636664, 28.598814229249044 ] ] ] } },
{ "type": "Feature", "properties": { "cell_id": 896, "lon": 77.184410146905975, "lat": 28.601060007186522 }, "geometry": { "type": "Polygon", "coordinates": [ [ [ 77.18696803014555, 28.598814229249044 ], [ 77.18696803014555, 28.603305785124 ], [ 77.1818522636664, 28.603305785124 ], [ 77.1818522636664, 28.598814229249044 ], [ 77.18696803014555, 28.598814229249044 ] ] ] } },
{ "type": "Feature", "properties": { "cell_id": 897, "lon": 77.189525913385125, "lat": 28.601060007186522 }, "geometry": { "type": "Polygon", "coordinates": [ [ [ 77.192083796624701, 28.598814229249044 ], [ 77.192083796624701, 28.603305785124 ], [ 77.18696803014555, 28.603305785124 ], [ 77.18696803014555, 28.598814229249044 ], [ 77.192083796624701, 28.598814229249044 ] ] ] } },
{ "type": "Feature", "properties": { "cell_id": 898, "lon": 77.194641679864276, "lat": 28.601060007186522 }, "geometry": { "type": "Polygon", "coordinates": [ [ [ 77.197199563103851, 28.598814229249044 ], [ 77.197199563103851, 28.603305785124 ], [ 77.192083796624701, 28.603305785124 ], [ 77.192083796624701, 28.598814229249044 ], [ 77.197199563103851, 28.598814229249044 ] ] ] } },
{ "type": "Feature", "properties": { "cell_id": 899, "lon": 77.199757446343426, "lat": 28.601060007186522 }, "geometry": { "type": "Polygon", "coordinates": [ [ [ 77.202315329583001, 28.598814229249044 ], [ 77.202315329583001, 28.603305785124 ], [ 77.197199563103851, 28.603305785124 ], [ 77.197199563103851, 28.598814229249044 ], [ 77.202315329583001, 28.598814229249044 ] ] ] } },
{ "type": "Feature", "properties": { "cell_id": 900, "lon": 77.204873212822577, "lat": 28.601060007186522 }, "geometry": { "type": "Polygon", "coordinates": [ [ [ 77.207431096062152, 28.598814229249044 ], [ 77.207431096062152, 28.603305785124 ], [ 77.202315329583001, 28.603305785124 ], [ 77.202315329583001, 28.598814229249044 ], [ 77.207431096062152, 28.598814229249044 ] ] ] } },
{ "type": "Feature", "properties": { "cell_id": 901, "lon": 77.209988979301727, "lat": 28.601060007186522 }, "geometry": { "type": "Polygon", "coordinates": [ [ [ 77.212546862541302, 28.598814229249044 ], [ 77.212546862541302, 28.603305785124 ], [ 77.207431096062152, 28.603305785124 ], [ 77.207431096062152, 28.598814229249044 ], [ 77.212546862541302, 28.598814229249044 ] ] ] } },
{ "type": "Feature", "properties": { "cell_id": 902, "lon": 77.215104745780877, "lat": 28.601060007186522 }, "geometry": { "type": "Polygon", "coordinates": [ [ [ 77.217662629020452, 28.598814229249044 ], [ 77.217662629020452, 28.603305785124 ], [ 77.212546862541302, 28.603305785124 ], [ 77.212546862541302, 28.598814229249044 ], [ 77.217662629020452, 28.598814229249044 ] ] ] } },
{ "type": "Feature", "properties": { "cell_id": 903, "lon": 77.220220512260028, "lat": 28.601060007186522 }, "geometry": { "type": "Polygon", "coordinates": [ [ [ 77.222778395499603, 28.598814229249044 ], [ 77.222778395499603, 28.603305785124 ], [ 77.217662629020452, 28.603305785124 ], [ 77.217662629020452, 28.598814229249044 ], [ 77.222778395499603, 28.598814229249044 ] ] ] } },
{ "type": "Feature", "properties": { "cell_id": 904, "lon": 77.225336278739178, "lat": 28.601060007186522 }, "geometry": { "type": "Polygon", "coordinates": [ [ [ 77.227894161978753, 28.598814229249044 ], [ 77.227894161978753, 28.603305785124 ], [ 77.222778395499603, 28.603305785124 ], [ 77.222778395499603, 28.598814229249044 ], [ 77.227894161978753, 28.598814229249044 ] ] ] } },
{ "type": "Feature", "properties": { "cell_id": 905, "lon": 77.230452045218328, "lat": 28.601060007186522 }, "geometry": { "type": "Polygon", "coordinates": [ [ [ 77.233009928457903, 28.598814229249044 ], [ 77.233009928457903, 28.603305785124 ], [ 77.227894161978753, 28.603305785124 ], [ 77.227894161978753, 28.598814229249044 ], [ 77.233009928457903, 28.598814229249044 ] ] ] } },
{ "type": "Feature", "properties": { "cell_id": 906, "lon": 77.235567811697479, "lat": 28.601060007186522 }, "geometry": { "type": "Polygon", "coordinates": [ [ [ 77.238125694937054, 28.598814229249044 ], [ 77.238125694937054, 28.603305785124 ], [ 77.233009928457903, 28.603305785124 ], [ 77.233009928457903, 28.598814229249044 ], [ 77.238125694937054, 28.598814229249044 ] ] ] } },
{ "type": "Feature", "properties": { "cell_id": 907, "lon": 77.240683578176629, "lat": 28.601060007186522 }, "geometry": { "type": "Polygon", "coordinates": [ [ [ 77.243241461416204, 28.598814229249044 ], [ 77.243241461416204, 28.603305785124 ], [ 77.238125694937054, 28.603305785124 ], [ 77.238125694937054, 28.598814229249044 ], [ 77.243241461416204, 28.598814229249044 ] ] ] } },
{ "type": "Feature", "properties": { "cell_id": 908, "lon": 77.245799344655779, "lat": 28.601060007186522 }, "geometry": { "type": "Polygon", "coordinates": [ [ [ 77.248357227895355, 28.598814229249044 ], [ 77.248357227895355, 28.603305785124 ], [ 77.243241461416204, 28.603305785124 ], [ 77.243241461416204, 28.598814229249044 ], [ 77.248357227895355, 28.598814229249044 ] ] ] } },
{ "type": "Feature", "properties": { "cell_id": 909, "lon": 77.25091511113493, "lat": 28.601060007186522 }, "geometry": { "type": "Polygon", "coordinates": [ [ [ 77.253472994374505, 28.598814229249044 ], [ 77.253472994374505, 28.603305785124 ], [ 77.248357227895355, 28.603305785124 ], [ 77.248357227895355, 28.598814229249044 ], [ 77.253472994374505, 28.598814229249044 ] ] ] } },
{ "type": "Feature", "properties": { "cell_id": 910, "lon": 77.25603087761408, "lat": 28.601060007186522 }, "geometry": { "type": "Polygon", "coordinates": [ [ [ 77.258588760853655, 28.598814229249044 ], [ 77.258588760853655, 28.603305785124 ], [ 77.253472994374505, 28.603305785124 ], [ 77.253472994374505, 28.598814229249044 ], [ 77.258588760853655, 28.598814229249044 ] ] ] } },
{ "type": "Feature", "properties": { "cell_id": 911, "lon": 77.26114664409323, "lat": 28.601060007186522 }, "geometry": { "type": "Polygon", "coordinates": [ [ [ 77.263704527332806, 28.598814229249044 ], [ 77.263704527332806, 28.603305785124 ], [ 77.258588760853655, 28.603305785124 ], [ 77.258588760853655, 28.598814229249044 ], [ 77.263704527332806, 28.598814229249044 ] ] ] } },
{ "type": "Feature", "properties": { "cell_id": 912, "lon": 77.266262410572381, "lat": 28.601060007186522 }, "geometry": { "type": "Polygon", "coordinates": [ [ [ 77.268820293811956, 28.598814229249044 ], [ 77.268820293811956, 28.603305785124 ], [ 77.263704527332806, 28.603305785124 ], [ 77.263704527332806, 28.598814229249044 ], [ 77.268820293811956, 28.598814229249044 ] ] ] } },
{ "type": "Feature", "properties": { "cell_id": 913, "lon": 77.271378177051531, "lat": 28.601060007186522 }, "geometry": { "type": "Polygon", "coordinates": [ [ [ 77.273936060291106, 28.598814229249044 ], [ 77.273936060291106, 28.603305785124 ], [ 77.268820293811956, 28.603305785124 ], [ 77.268820293811956, 28.598814229249044 ], [ 77.273936060291106, 28.598814229249044 ] ] ] } },
{ "type": "Feature", "properties": { "cell_id": 914, "lon": 77.276493943530681, "lat": 28.601060007186522 }, "geometry": { "type": "Polygon", "coordinates": [ [ [ 77.279051826770257, 28.598814229249044 ], [ 77.279051826770257, 28.603305785124 ], [ 77.273936060291106, 28.603305785124 ], [ 77.273936060291106, 28.598814229249044 ], [ 77.279051826770257, 28.598814229249044 ] ] ] } },
{ "type": "Feature", "properties": { "cell_id": 915, "lon": 77.281609710009832, "lat": 28.601060007186522 }, "geometry": { "type": "Polygon", "coordinates": [ [ [ 77.284167593249407, 28.598814229249044 ], [ 77.284167593249407, 28.603305785124 ], [ 77.279051826770257, 28.603305785124 ], [ 77.279051826770257, 28.598814229249044 ], [ 77.284167593249407, 28.598814229249044 ] ] ] } },
{ "type": "Feature", "properties": { "cell_id": 916, "lon": 77.286725476488982, "lat": 28.601060007186522 }, "geometry": { "type": "Polygon", "coordinates": [ [ [ 77.289283359728557, 28.598814229249044 ], [ 77.289283359728557, 28.603305785124 ], [ 77.284167593249407, 28.603305785124 ], [ 77.284167593249407, 28.598814229249044 ], [ 77.289283359728557, 28.598814229249044 ] ] ] } },
{ "type": "Feature", "properties": { "cell_id": 917, "lon": 77.291841242968133, "lat": 28.601060007186522 }, "geometry": { "type": "Polygon", "coordinates": [ [ [ 77.294399126207708, 28.598814229249044 ], [ 77.294399126207708, 28.603305785124 ], [ 77.289283359728557, 28.603305785124 ], [ 77.289283359728557, 28.598814229249044 ], [ 77.294399126207708, 28.598814229249044 ] ] ] } },
{ "type": "Feature", "properties": { "cell_id": 918, "lon": 77.296957009447283, "lat": 28.601060007186522 }, "geometry": { "type": "Polygon", "coordinates": [ [ [ 77.299514892686858, 28.598814229249044 ], [ 77.299514892686858, 28.603305785124 ], [ 77.294399126207708, 28.603305785124 ], [ 77.294399126207708, 28.598814229249044 ], [ 77.299514892686858, 28.598814229249044 ] ] ] } },
{ "type": "Feature", "properties": { "cell_id": 920, "lon": 77.102557883239569, "lat": 28.605551563061479 }, "geometry": { "type": "Polygon", "coordinates": [ [ [ 77.105115766479145, 28.603305785124 ], [ 77.105115766479145, 28.607797340998957 ], [ 77.1, 28.607797340998957 ], [ 77.1, 28.603305785124 ], [ 77.105115766479145, 28.603305785124 ] ] ] } },
{ "type": "Feature", "properties": { "cell_id": 921, "lon": 77.10767364971872, "lat": 28.605551563061479 }, "geometry": { "type": "Polygon", "coordinates": [ [ [ 77.110231532958295, 28.603305785124 ], [ 77.110231532958295, 28.607797340998957 ], [ 77.105115766479145, 28.607797340998957 ], [ 77.105115766479145, 28.603305785124 ], [ 77.110231532958295, 28.603305785124 ] ] ] } },
{ "type": "Feature", "properties": { "cell_id": 922, "lon": 77.11278941619787, "lat": 28.605551563061479 }, "geometry": { "type": "Polygon", "coordinates": [ [ [ 77.115347299437445, 28.603305785124 ], [ 77.115347299437445, 28.607797340998957 ], [ 77.110231532958295, 28.607797340998957 ], [ 77.110231532958295, 28.603305785124 ], [ 77.115347299437445, 28.603305785124 ] ] ] } },
{ "type": "Feature", "properties": { "cell_id": 923, "lon": 77.117905182677021, "lat": 28.605551563061479 }, "geometry": { "type": "Polygon", "coordinates": [ [ [ 77.120463065916596, 28.603305785124 ], [ 77.120463065916596, 28.607797340998957 ], [ 77.115347299437445, 28.607797340998957 ], [ 77.115347299437445, 28.603305785124 ], [ 77.120463065916596, 28.603305785124 ] ] ] } },
{ "type": "Feature", "properties": { "cell_id": 924, "lon": 77.123020949156171, "lat": 28.605551563061479 }, "geometry": { "type": "Polygon", "coordinates": [ [ [ 77.125578832395746, 28.603305785124 ], [ 77.125578832395746, 28.607797340998957 ], [ 77.120463065916596, 28.607797340998957 ], [ 77.120463065916596, 28.603305785124 ], [ 77.125578832395746, 28.603305785124 ] ] ] } },
{ "type": "Feature", "properties": { "cell_id": 925, "lon": 77.128136715635321, "lat": 28.605551563061479 }, "geometry": { "type": "Polygon", "coordinates": [ [ [ 77.130694598874896, 28.603305785124 ], [ 77.130694598874896, 28.607797340998957 ], [ 77.125578832395746, 28.607797340998957 ], [ 77.125578832395746, 28.603305785124 ], [ 77.130694598874896, 28.603305785124 ] ] ] } },
{ "type": "Feature", "properties": { "cell_id": 926, "lon": 77.133252482114472, "lat": 28.605551563061479 }, "geometry": { "type": "Polygon", "coordinates": [ [ [ 77.135810365354047, 28.603305785124 ], [ 77.135810365354047, 28.607797340998957 ], [ 77.130694598874896, 28.607797340998957 ], [ 77.130694598874896, 28.603305785124 ], [ 77.135810365354047, 28.603305785124 ] ] ] } },
{ "type": "Feature", "properties": { "cell_id": 927, "lon": 77.138368248593622, "lat": 28.605551563061479 }, "geometry": { "type": "Polygon", "coordinates": [ [ [ 77.140926131833197, 28.603305785124 ], [ 77.140926131833197, 28.607797340998957 ], [ 77.135810365354047, 28.607797340998957 ], [ 77.135810365354047, 28.603305785124 ], [ 77.140926131833197, 28.603305785124 ] ] ] } },
{ "type": "Feature", "properties": { "cell_id": 928, "lon": 77.143484015072772, "lat": 28.605551563061479 }, "geometry": { "type": "Polygon", "coordinates": [ [ [ 77.146041898312347, 28.603305785124 ], [ 77.146041898312347, 28.607797340998957 ], [ 77.140926131833197, 28.607797340998957 ], [ 77.140926131833197, 28.603305785124 ], [ 77.146041898312347, 28.603305785124 ] ] ] } },
{ "type": "Feature", "properties": { "cell_id": 929, "lon": 77.148599781551923, "lat": 28.605551563061479 }, "geometry": { "type": "Polygon", "coordinates": [ [ [ 77.151157664791498, 28.603305785124 ], [ 77.151157664791498, 28.607797340998957 ], [ 77.146041898312347, 28.607797340998957 ], [ 77.146041898312347, 28.603305785124 ], [ 77.151157664791498, 28.603305785124 ] ] ] } },
{ "type": "Feature", "properties": { "cell_id": 930, "lon": 77.153715548031073, "lat": 28.605551563061479 }, "geometry": { "type": "Polygon", "coordinates": [ [ [ 77.156273431270648, 28.603305785124 ], [ 77.156273431270648, 28.607797340998957 ], [ 77.151157664791498, 28.607797340998957 ], [ 77.151157664791498, 28.603305785124 ], [ 77.156273431270648, 28.603305785124 ] ] ] } },
{ "type": "Feature", "properties": { "cell_id": 931, "lon": 77.158831314510223, "lat": 28.605551563061479 }, "geometry": { "type": "Polygon", "coordinates": [ [ [ 77.161389197749799, 28.603305785124 ], [ 77.161389197749799, 28.607797340998957 ], [ 77.156273431270648, 28.607797340998957 ], [ 77.156273431270648, 28.603305785124 ], [ 77.161389197749799, 28.603305785124 ] ] ] } },
{ "type": "Feature", "properties": { "cell_id": 932, "lon": 77.163947080989374, "lat": 28.605551563061479 }, "geometry": { "type": "Polygon", "coordinates": [ [ [ 77.166504964228949, 28.603305785124 ], [ 77.166504964228949, 28.607797340998957 ], [ 77.161389197749799, 28.607797340998957 ], [ 77.161389197749799, 28.603305785124 ], [ 77.166504964228949, 28.603305785124 ] ] ] } },
{ "type": "Feature", "properties": { "cell_id": 933, "lon": 77.169062847468524, "lat": 28.605551563061479 }, "geometry": { "type": "Polygon", "coordinates": [ [ [ 77.171620730708099, 28.603305785124 ], [ 77.171620730708099, 28.607797340998957 ], [ 77.166504964228949, 28.607797340998957 ], [ 77.166504964228949, 28.603305785124 ], [ 77.171620730708099, 28.603305785124 ] ] ] } },
{ "type": "Feature", "properties": { "cell_id": 934, "lon": 77.174178613947674, "lat": 28.605551563061479 }, "geometry": { "type": "Polygon", "coordinates": [ [ [ 77.17673649718725, 28.603305785124 ], [ 77.17673649718725, 28.607797340998957 ], [ 77.171620730708099, 28.607797340998957 ], [ 77.171620730708099, 28.603305785124 ], [ 77.17673649718725, 28.603305785124 ] ] ] } },
{ "type": "Feature", "properties": { "cell_id": 935, "lon": 77.179294380426825, "lat": 28.605551563061479 }, "geometry": { "type": "Polygon", "coordinates": [ [ [ 77.1818522636664, 28.603305785124 ], [ 77.1818522636664, 28.607797340998957 ], [ 77.17673649718725, 28.607797340998957 ], [ 77.17673649718725, 28.603305785124 ], [ 77.1818522636664, 28.603305785124 ] ] ] } },
{ "type": "Feature", "properties": { "cell_id": 936, "lon": 77.184410146905975, "lat": 28.605551563061479 }, "geometry": { "type": "Polygon", "coordinates": [ [ [ 77.18696803014555, 28.603305785124 ], [ 77.18696803014555, 28.607797340998957 ], [ 77.1818522636664, 28.607797340998957 ], [ 77.1818522636664, 28.603305785124 ], [ 77.18696803014555, 28.603305785124 ] ] ] } },
{ "type": "Feature", "properties": { "cell_id": 937, "lon": 77.189525913385125, "lat": 28.605551563061479 }, "geometry": { "type": "Polygon", "coordinates": [ [ [ 77.192083796624701, 28.603305785124 ], [ 77.192083796624701, 28.607797340998957 ], [ 77.18696803014555, 28.607797340998957 ], [ 77.18696803014555, 28.603305785124 ], [ 77.192083796624701, 28.603305785124 ] ] ] } },
{ "type": "Feature", "properties": { "cell_id": 938, "lon": 77.194641679864276, "lat": 28.605551563061479 }, "geometry": { "type": "Polygon", "coordinates": [ [ [ 77.197199563103851, 28.603305785124 ], [ 77.197199563103851, 28.607797340998957 ], [ 77.192083796624701, 28.607797340998957 ], [ 77.192083796624701, 28.603305785124 ], [ 77.197199563103851, 28.603305785124 ] ] ] } },
{ "type": "Feature", "properties": { "cell_id": 939, "lon": 77.199757446343426, "lat": 28.605551563061479 }, "geometry": { "type": "Polygon", "coordinates": [ [ [ 77.202315329583001, 28.603305785124 ], [ 77.202315329583001, 28.607797340998957 ], [ 77.197199563103851, 28.607797340998957 ], [ 77.197199563103851, 28.603305785124 ], [ 77.202315329583001, 28.603305785124 ] ] ] } },
{ "type": "Feature", "properties": { "cell_id": 940, "lon": 77.204873212822577, "lat": 28.605551563061479 }, "geometry": { "type": "Polygon", "coordinates": [ [ [ 77.207431096062152, 28.603305785124 ], [ 77.207431096062152, 28.607797340998957 ], [ 77.202315329583001, 28.607797340998957 ], [ 77.202315329583001, 28.603305785124 ], [ 77.207431096062152, 28.603305785124 ] ] ] } },
{ "type": "Feature", "properties": { "cell_id": 941, "lon": 77.209988979301727, "lat": 28.605551563061479 }, "geometry": { "type": "Polygon", "coordinates": [ [ [ 77.212546862541302, 28.603305785124 ], [ 77.212546862541302, 28.607797340998957 ], [ 77.207431096062152, 28.607797340998957 ], [ 77.207431096062152, 28.603305785124 ], [ 77.212546862541302, 28.603305785124 ] ] ] } },
{ "type": "Feature", "properties": { "cell_id": 942, "lon": 77.215104745780877, "lat": 28.605551563061479 }, "geometry": { "type": "Polygon", "coordinates": [ [ [ 77.217662629020452, 28.603305785124 ], [ 77.217662629020452, 28.607797340998957 ], [ 77.212546862541302, 28.607797340998957 ], [ 77.212546862541302, 28.603305785124 ], [ 77.217662629020452, 28.603305785124 ] ] ] } },
{ "type": "Feature", "properties": { "cell_id": 943, "lon": 77.220220512260028, "lat": 28.605551563061479 }, "geometry": { "type": "Polygon", "coordinates": [ [ [ 77.222778395499603, 28.603305785124 ], [ 77.222778395499603, 28.607797340998957 ], [ 77.217662629020452, 28.607797340998957 ], [ 77.217662629020452, 28.603305785124 ], [ 77.222778395499603, 28.603305785124 ] ] ] } },
{ "type": "Feature", "properties": { "cell_id": 944, "lon": 77.225336278739178, "lat": 28.605551563061479 }, "geometry": { "type": "Polygon", "coordinates": [ [ [ 77.227894161978753, 28.603305785124 ], [ 77.227894161978753, 28.607797340998957 ], [ 77.222778395499603, 28.607797340998957 ], [ 77.222778395499603, 28.603305785124 ], [ 77.227894161978753, 28.603305785124 ] ] ] } },
{ "type": "Feature", "properties": { "cell_id": 945, "lon": 77.230452045218328, "lat": 28.605551563061479 }, "geometry": { "type": "Polygon", "coordinates": [ [ [ 77.233009928457903, 28.603305785124 ], [ 77.233009928457903, 28.607797340998957 ], [ 77.227894161978753, 28.607797340998957 ], [ 77.227894161978753, 28.603305785124 ], [ 77.233009928457903, 28.603305785124 ] ] ] } },
{ "type": "Feature", "properties": { "cell_id": 946, "lon": 77.235567811697479, "lat": 28.605551563061479 }, "geometry": { "type": "Polygon", "coordinates": [ [ [ 77.238125694937054, 28.603305785124 ], [ 77.238125694937054, 28.607797340998957 ], [ 77.233009928457903, 28.607797340998957 ], [ 77.233009928457903, 28.603305785124 ], [ 77.238125694937054, 28.603305785124 ] ] ] } },
{ "type": "Feature", "properties": { "cell_id": 947, "lon": 77.240683578176629, "lat": 28.605551563061479 }, "geometry": { "type": "Polygon", "coordinates": [ [ [ 77.243241461416204, 28.603305785124 ], [ 77.243241461416204, 28.607797340998957 ], [ 77.238125694937054, 28.607797340998957 ], [ 77.238125694937054, 28.603305785124 ], [ 77.243241461416204, 28.603305785124 ] ] ] } },
{ "type": "Feature", "properties": { "cell_id": 948, "lon": 77.245799344655779, "lat": 28.605551563061479 }, "geometry": { "type": "Polygon", "coordinates": [ [ [ 77.248357227895355, 28.603305785124 ], [ 77.248357227895355, 28.607797340998957 ], [ 77.243241461416204, 28.607797340998957 ], [ 77.243241461416204, 28.603305785124 ], [ 77.248357227895355, 28.603305785124 ] ] ] } },
{ "type": "Feature", "properties": { "cell_id": 949, "lon": 77.25091511113493, "lat": 28.605551563061479 }, "geometry": { "type": "Polygon", "coordinates": [ [ [ 77.253472994374505, 28.603305785124 ], [ 77.253472994374505, 28.607797340998957 ], [ 77.248357227895355, 28.607797340998957 ], [ 77.248357227895355, 28.603305785124 ], [ 77.253472994374505, 28.603305785124 ] ] ] } },
{ "type": "Feature", "properties": { "cell_id": 950, "lon": 77.25603087761408, "lat": 28.605551563061479 }, "geometry": { "type": "Polygon", "coordinates": [ [ [ 77.258588760853655, 28.603305785124 ], [ 77.258588760853655, 28.607797340998957 ], [ 77.253472994374505, 28.607797340998957 ], [ 77.253472994374505, 28.603305785124 ], [ 77.258588760853655, 28.603305785124 ] ] ] } },
{ "type": "Feature", "properties": { "cell_id": 951, "lon": 77.26114664409323, "lat": 28.605551563061479 }, "geometry": { "type": "Polygon", "coordinates": [ [ [ 77.263704527332806, 28.603305785124 ], [ 77.263704527332806, 28.607797340998957 ], [ 77.258588760853655, 28.607797340998957 ], [ 77.258588760853655, 28.603305785124 ], [ 77.263704527332806, 28.603305785124 ] ] ] } },
{ "type": "Feature", "properties": { "cell_id": 952, "lon": 77.266262410572381, "lat": 28.605551563061479 }, "geometry": { "type": "Polygon", "coordinates": [ [ [ 77.268820293811956, 28.603305785124 ], [ 77.268820293811956, 28.607797340998957 ], [ 77.263704527332806, 28.607797340998957 ], [ 77.263704527332806, 28.603305785124 ], [ 77.268820293811956, 28.603305785124 ] ] ] } },
{ "type": "Feature", "properties": { "cell_id": 953, "lon": 77.271378177051531, "lat": 28.605551563061479 }, "geometry": { "type": "Polygon", "coordinates": [ [ [ 77.273936060291106, 28.603305785124 ], [ 77.273936060291106, 28.607797340998957 ], [ 77.268820293811956, 28.607797340998957 ], [ 77.268820293811956, 28.603305785124 ], [ 77.273936060291106, 28.603305785124 ] ] ] } },
{ "type": "Feature", "properties": { "cell_id": 954, "lon": 77.276493943530681, "lat": 28.605551563061479 }, "geometry": { "type": "Polygon", "coordinates": [ [ [ 77.279051826770257, 28.603305785124 ], [ 77.279051826770257, 28.607797340998957 ], [ 77.273936060291106, 28.607797340998957 ], [ 77.273936060291106, 28.603305785124 ], [ 77.279051826770257, 28.603305785124 ] ] ] } },
{ "type": "Feature", "properties": { "cell_id": 955, "lon": 77.281609710009832, "lat": 28.605551563061479 }, "geometry": { "type": "Polygon", "coordinates": [ [ [ 77.284167593249407, 28.603305785124 ], [ 77.284167593249407, 28.607797340998957 ], [ 77.279051826770257, 28.607797340998957 ], [ 77.279051826770257, 28.603305785124 ], [ 77.284167593249407, 28.603305785124 ] ] ] } },
{ "type": "Feature", "properties": { "cell_id": 956, "lon": 77.286725476488982, "lat": 28.605551563061479 }, "geometry": { "type": "Polygon", "coordinates": [ [ [ 77.289283359728557, 28.603305785124 ], [ 77.289283359728557, 28.607797340998957 ], [ 77.284167593249407, 28.607797340998957 ], [ 77.284167593249407, 28.603305785124 ], [ 77.289283359728557, 28.603305785124 ] ] ] } },
{ "type": "Feature", "properties": { "cell_id": 957, "lon": 77.291841242968133, "lat": 28.605551563061479 }, "geometry": { "type": "Polygon", "coordinates": [ [ [ 77.294399126207708, 28.603305785124 ], [ 77.294399126207708, 28.607797340998957 ], [ 77.289283359728557, 28.607797340998957 ], [ 77.289283359728557, 28.603305785124 ], [ 77.294399126207708, 28.603305785124 ] ] ] } },
{ "type": "Feature", "properties": { "cell_id": 958, "lon": 77.296957009447283, "lat": 28.605551563061479 }, "geometry": { "type": "Polygon", "coordinates": [ [ [ 77.299514892686858, 28.603305785124 ], [ 77.299514892686858, 28.607797340998957 ], [ 77.294399126207708, 28.607797340998957 ], [ 77.294399126207708, 28.603305785124 ], [ 77.299514892686858, 28.603305785124 ] ] ] } },
{ "type": "Feature", "properties": { "cell_id": 960, "lon": 77.102557883239569, "lat": 28.610043118936435 }, "geometry": { "type": "Polygon", "coordinates": [ [ [ 77.105115766479145, 28.607797340998957 ], [ 77.105115766479145, 28.612288896873913 ], [ 77.1, 28.612288896873913 ], [ 77.1, 28.607797340998957 ], [ 77.105115766479145, 28.607797340998957 ] ] ] } },
{ "type": "Feature", "properties": { "cell_id": 961, "lon": 77.10767364971872, "lat": 28.610043118936435 }, "geometry": { "type": "Polygon", "coordinates": [ [ [ 77.110231532958295, 28.607797340998957 ], [ 77.110231532958295, 28.612288896873913 ], [ 77.105115766479145, 28.612288896873913 ], [ 77.105115766479145, 28.607797340998957 ], [ 77.110231532958295, 28.607797340998957 ] ] ] } },
{ "type": "Feature", "properties": { "cell_id": 962, "lon": 77.11278941619787, "lat": 28.610043118936435 }, "geometry": { "type": "Polygon", "coordinates": [ [ [ 77.115347299437445, 28.607797340998957 ], [ 77.115347299437445, 28.612288896873913 ], [ 77.110231532958295, 28.612288896873913 ], [ 77.110231532958295, 28.607797340998957 ], [ 77.115347299437445, 28.607797340998957 ] ] ] } },
{ "type": "Feature", "properties": { "cell_id": 963, "lon": 77.117905182677021, "lat": 28.610043118936435 }, "geometry": { "type": "Polygon", "coordinates": [ [ [ 77.120463065916596, 28.607797340998957 ], [ 77.120463065916596, 28.612288896873913 ], [ 77.115347299437445, 28.612288896873913 ], [ 77.115347299437445, 28.607797340998957 ], [ 77.120463065916596, 28.607797340998957 ] ] ] } },
{ "type": "Feature", "properties": { "cell_id": 964, "lon": 77.123020949156171, "lat": 28.610043118936435 }, "geometry": { "type": "Polygon", "coordinates": [ [ [ 77.125578832395746, 28.607797340998957 ], [ 77.125578832395746, 28.612288896873913 ], [ 77.120463065916596, 28.612288896873913 ], [ 77.120463065916596, 28.607797340998957 ], [ 77.125578832395746, 28.607797340998957 ] ] ] } },
{ "type": "Feature", "properties": { "cell_id": 965, "lon": 77.128136715635321, "lat": 28.610043118936435 }, "geometry": { "type": "Polygon", "coordinates": [ [ [ 77.130694598874896, 28.607797340998957 ], [ 77.130694598874896, 28.612288896873913 ], [ 77.125578832395746, 28.612288896873913 ], [ 77.125578832395746, 28.607797340998957 ], [ 77.130694598874896, 28.607797340998957 ] ] ] } },
{ "type": "Feature", "properties": { "cell_id": 966, "lon": 77.133252482114472, "lat": 28.610043118936435 }, "geometry": { "type": "Polygon", "coordinates": [ [ [ 77.135810365354047, 28.607797340998957 ], [ 77.135810365354047, 28.612288896873913 ], [ 77.130694598874896, 28.612288896873913 ], [ 77.130694598874896, 28.607797340998957 ], [ 77.135810365354047, 28.607797340998957 ] ] ] } },
{ "type": "Feature", "properties": { "cell_id": 967, "lon": 77.138368248593622, "lat": 28.610043118936435 }, "geometry": { "type": "Polygon", "coordinates": [ [ [ 77.140926131833197, 28.607797340998957 ], [ 77.140926131833197, 28.612288896873913 ], [ 77.135810365354047, 28.612288896873913 ], [ 77.135810365354047, 28.607797340998957 ], [ 77.140926131833197, 28.607797340998957 ] ] ] } },
{ "type": "Feature", "properties": { "cell_id": 968, "lon": 77.143484015072772, "lat": 28.610043118936435 }, "geometry": { "type": "Polygon", "coordinates": [ [ [ 77.146041898312347, 28.607797340998957 ], [ 77.146041898312347, 28.612288896873913 ], [ 77.140926131833197, 28.612288896873913 ], [ 77.140926131833197, 28.607797340998957 ], [ 77.146041898312347, 28.607797340998957 ] ] ] } },
{ "type": "Feature", "properties": { "cell_id": 969, "lon": 77.148599781551923, "lat": 28.610043118936435 }, "geometry": { "type": "Polygon", "coordinates": [ [ [ 77.151157664791498, 28.607797340998957 ], [ 77.151157664791498, 28.612288896873913 ], [ 77.146041898312347, 28.612288896873913 ], [ 77.146041898312347, 28.607797340998957 ], [ 77.151157664791498, 28.607797340998957 ] ] ] } },
{ "type": "Feature", "properties": { "cell_id": 970, "lon": 77.153715548031073, "lat": 28.610043118936435 }, "geometry": { "type": "Polygon", "coordinates": [ [ [ 77.156273431270648, 28.607797340998957 ], [ 77.156273431270648, 28.612288896873913 ], [ 77.151157664791498, 28.612288896873913 ], [ 77.151157664791498, 28.607797340998957 ], [ 77.156273431270648, 28.607797340998957 ] ] ] } },
{ "type": "Feature", "properties": { "cell_id": 971, "lon": 77.158831314510223, "lat": 28.610043118936435 }, "geometry": { "type": "Polygon", "coordinates": [ [ [ 77.161389197749799, 28.607797340998957 ], [ 77.161389197749799, 28.612288896873913 ], [ 77.156273431270648, 28.612288896873913 ], [ 77.156273431270648, 28.607797340998957 ], [ 77.161389197749799, 28.607797340998957 ] ] ] } },
{ "type": "Feature", "properties": { "cell_id": 972, "lon": 77.163947080989374, "lat": 28.610043118936435 }, "geometry": { "type": "Polygon", "coordinates": [ [ [ 77.166504964228949, 28.607797340998957 ], [ 77.166504964228949, 28.612288896873913 ], [ 77.161389197749799, 28.612288896873913 ], [ 77.161389197749799, 28.607797340998957 ], [ 77.166504964228949, 28.607797340998957 ] ] ] } },
{ "type": "Feature", "properties": { "cell_id": 973, "lon": 77.169062847468524, "lat": 28.610043118936435 }, "geometry": { "type": "Polygon", "coordinates": [ [ [ 77.171620730708099, 28.607797340998957 ], [ 77.171620730708099, 28.612288896873913 ], [ 77.166504964228949, 28.612288896873913 ], [ 77.166504964228949, 28.607797340998957 ], [ 77.171620730708099, 28.607797340998957 ] ] ] } },
{ "type": "Feature", "properties": { "cell_id": 974, "lon": 77.174178613947674, "lat": 28.610043118936435 }, "geometry": { "type": "Polygon", "coordinates": [ [ [ 77.17673649718725, 28.607797340998957 ], [ 77.17673649718725, 28.612288896873913 ], [ 77.171620730708099, 28.612288896873913 ], [ 77.171620730708099, 28.607797340998957 ], [ 77.17673649718725, 28.607797340998957 ] ] ] } },
{ "type": "Feature", "properties": { "cell_id": 975, "lon": 77.179294380426825, "lat": 28.610043118936435 }, "geometry": { "type": "Polygon", "coordinates": [ [ [ 77.1818522636664, 28.607797340998957 ], [ 77.1818522636664, 28.612288896873913 ], [ 77.17673649718725, 28.612288896873913 ], [ 77.17673649718725, 28.607797340998957 ], [ 77.1818522636664, 28.607797340998957 ] ] ] } },
{ "type": "Feature", "properties": { "cell_id": 976, "lon": 77.184410146905975, "lat": 28.610043118936435 }, "geometry": { "type": "Polygon", "coordinates": [ [ [ 77.18696803014555, 28.607797340998957 ], [ 77.18696803014555, 28.612288896873913 ], [ 77.1818522636664, 28.612288896873913 ], [ 77.1818522636664, 28.607797340998957 ], [ 77.18696803014555, 28.607797340998957 ] ] ] } },
{ "type": "Feature", "properties": { "cell_id": 977, "lon": 77.189525913385125, "lat": 28.610043118936435 }, "geometry": { "type": "Polygon", "coordinates": [ [ [ 77.192083796624701, 28.607797340998957 ], [ 77.192083796624701, 28.612288896873913 ], [ 77.18696803014555, 28.612288896873913 ], [ 77.18696803014555, 28.607797340998957 ], [ 77.192083796624701, 28.607797340998957 ] ] ] } },
{ "type": "Feature", "properties": { "cell_id": 978, "lon": 77.194641679864276, "lat": 28.610043118936435 }, "geometry": { "type": "Polygon", "coordinates": [ [ [ 77.197199563103851, 28.607797340998957 ], [ 77.197199563103851, 28.612288896873913 ], [ 77.192083796624701, 28.612288896873913 ], [ 77.192083796624701, 28.607797340998957 ], [ 77.197199563103851, 28.607797340998957 ] ] ] } },
{ "type": "Feature", "properties": { "cell_id": 979, "lon": 77.199757446343426, "lat": 28.610043118936435 }, "geometry": { "type": "Polygon", "coordinates": [ [ [ 77.202315329583001, 28.607797340998957 ], [ 77.202315329583001, 28.612288896873913 ], [ 77.197199563103851, 28.612288896873913 ], [ 77.197199563103851, 28.607797340998957 ], [ 77.202315329583001, 28.607797340998957 ] ] ] } },
{ "type": "Feature", "properties": { "cell_id": 980, "lon": 77.204873212822577, "lat": 28.610043118936435 }, "geometry": { "type": "Polygon", "coordinates": [ [ [ 77.207431096062152, 28.607797340998957 ], [ 77.207431096062152, 28.612288896873913 ], [ 77.202315329583001, 28.612288896873913 ], [ 77.202315329583001, 28.607797340998957 ], [ 77.207431096062152, 28.607797340998957 ] ] ] } },
{ "type": "Feature", "properties": { "cell_id": 981, "lon": 77.209988979301727, "lat": 28.610043118936435 }, "geometry": { "type": "Polygon", "coordinates": [ [ [ 77.212546862541302, 28.607797340998957 ], [ 77.212546862541302, 28.612288896873913 ], [ 77.207431096062152, 28.612288896873913 ], [ 77.207431096062152, 28.607797340998957 ], [ 77.212546862541302, 28.607797340998957 ] ] ] } },
{ "type": "Feature", "properties": { "cell_id": 982, "lon": 77.215104745780877, "lat": 28.610043118936435 }, "geometry": { "type": "Polygon", "coordinates": [ [ [ 77.217662629020452, 28.607797340998957 ], [ 77.217662629020452, 28.612288896873913 ], [ 77.212546862541302, 28.612288896873913 ], [ 77.212546862541302, 28.607797340998957 ], [ 77.217662629020452, 28.607797340998957 ] ] ] } },
{ "type": "Feature", "properties": { "cell_id": 983, "lon": 77.220220512260028, "lat": 28.610043118936435 }, "geometry": { "type": "Polygon", "coordinates": [ [ [ 77.222778395499603, 28.607797340998957 ], [ 77.222778395499603, 28.612288896873913 ], [ 77.217662629020452, 28.612288896873913 ], [ 77.217662629020452, 28.607797340998957 ], [ 77.222778395499603, 28.607797340998957 ] ] ] } },
{ "type": "Feature", "properties": { "cell_id": 984, "lon": 77.225336278739178, "lat": 28.610043118936435 }, "geometry": { "type": "Polygon", "coordinates": [ [ [ 77.227894161978753, 28.607797340998957 ], [ 77.227894161978753, 28.612288896873913 ], [ 77.222778395499603, 28.612288896873913 ], [ 77.222778395499603, 28.607797340998957 ], [ 77.227894161978753, 28.607797340998957 ] ] ] } },
{ "type": "Feature", "properties": { "cell_id": 985, "lon": 77.230452045218328, "lat": 28.610043118936435 }, "geometry": { "type": "Polygon", "coordinates": [ [ [ 77.233009928457903, 28.607797340998957 ], [ 77.233009928457903, 28.612288896873913 ], [ 77.227894161978753, 28.612288896873913 ], [ 77.227894161978753, 28.607797340998957 ], [ 77.233009928457903, 28.607797340998957 ] ] ] } },
{ "type": "Feature", "properties": { "cell_id": 986, "lon": 77.235567811697479, "lat": 28.610043118936435 }, "geometry": { "type": "Polygon", "coordinates": [ [ [ 77.238125694937054, 28.607797340998957 ], [ 77.238125694937054, 28.612288896873913 ], [ 77.233009928457903, 28.612288896873913 ], [ 77.233009928457903, 28.607797340998957 ], [ 77.238125694937054, 28.607797340998957 ] ] ] } },
{ "type": "Feature", "properties": { "cell_id": 987, "lon": 77.240683578176629, "lat": 28.610043118936435 }, "geometry": { "type": "Polygon", "coordinates": [ [ [ 77.243241461416204, 28.607797340998957 ], [ 77.243241461416204, 28.612288896873913 ], [ 77.238125694937054, 28.612288896873913 ], [ 77.238125694937054, 28.607797340998957 ], [ 77.243241461416204, 28.607797340998957 ] ] ] } },
{ "type": "Feature", "properties": { "cell_id": 988, "lon": 77.245799344655779, "lat": 28.610043118936435 }, "geometry": { "type": "Polygon", "coordinates": [ [ [ 77.248357227895355, 28.607797340998957 ], [ 77.248357227895355, 28.612288896873913 ], [ 77.243241461416204, 28.612288896873913 ], [ 77.243241461416204, 28.607797340998957 ], [ 77.248357227895355, 28.607797340998957 ] ] ] } },
{ "type": "Feature", "properties": { "cell_id": 989, "lon": 77.25091511113493, "lat": 28.610043118936435 }, "geometry": { "type": "Polygon", "coordinates": [ [ [ 77.253472994374505, 28.607797340998957 ], [ 77.253472994374505, 28.612288896873913 ], [ 77.248357227895355, 28.612288896873913 ], [ 77.248357227895355, 28.607797340998957 ], [ 77.253472994374505, 28.607797340998957 ] ] ] } },
{ "type": "Feature", "properties": { "cell_id": 990, "lon": 77.25603087761408, "lat": 28.610043118936435 }, "geometry": { "type": "Polygon", "coordinates": [ [ [ 77.258588760853655, 28.607797340998957 ], [ 77.258588760853655, 28.612288896873913 ], [ 77.253472994374505, 28.612288896873913 ], [ 77.253472994374505, 28.607797340998957 ], [ 77.258588760853655, 28.607797340998957 ] ] ] } },
{ "type": "Feature", "properties": { "cell_id": 991, "lon": 77.26114664409323, "lat": 28.610043118936435 }, "geometry": { "type": "Polygon", "coordinates": [ [ [ 77.263704527332806, 28.607797340998957 ], [ 77.263704527332806, 28.612288896873913 ], [ 77.258588760853655, 28.612288896873913 ], [ 77.258588760853655, 28.607797340998957 ], [ 77.263704527332806, 28.607797340998957 ] ] ] } },
{ "type": "Feature", "properties": { "cell_id": 992, "lon": 77.266262410572381, "lat": 28.610043118936435 }, "geometry": { "type": "Polygon", "coordinates": [ [ [ 77.268820293811956, 28.607797340998957 ], [ 77.268820293811956, 28.612288896873913 ], [ 77.263704527332806, 28.612288896873913 ], [ 77.263704527332806, 28.607797340998957 ], [ 77.268820293811956, 28.607797340998957 ] ] ] } },
{ "type": "Feature", "properties": { "cell_id": 993, "lon": 77.271378177051531, "lat": 28.610043118936435 }, "geometry": { "type": "Polygon", "coordinates": [ [ [ 77.273936060291106, 28.607797340998957 ], [ 77.273936060291106, 28.612288896873913 ], [ 77.268820293811956, 28.612288896873913 ], [ 77.268820293811956, 28.607797340998957 ], [ 77.273936060291106, 28.607797340998957 ] ] ] } },
{ "type": "Feature", "properties": { "cell_id": 994, "lon": 77.276493943530681, "lat": 28.610043118936435 }, "geometry": { "type": "Polygon", "coordinates": [ [ [ 77.279051826770257, 28.607797340998957 ], [ 77.279051826770257, 28.612288896873913 ], [ 77.273936060291106, 28.612288896873913 ], [ 77.273936060291106, 28.607797340998957 ], [ 77.279051826770257, 28.607797340998957 ] ] ] } },
{ "type": "Feature", "properties": { "cell_id": 995, "lon": 77.281609710009832, "lat": 28.610043118936435 }, "geometry": { "type": "Polygon", "coordinates": [ [ [ 77.284167593249407, 28.607797340998957 ], [ 77.284167593249407, 28.612288896873913 ], [ 77.279051826770257, 28.612288896873913 ], [ 77.279051826770257, 28.607797340998957 ], [ 77.284167593249407, 28.607797340998957 ] ] ] } },
{ "type": "Feature", "properties": { "cell_id": 996, "lon": 77.286725476488982, "lat": 28.610043118936435 }, "geometry": { "type": "Polygon", "coordinates": [ [ [ 77.289283359728557, 28.607797340998957 ], [ 77.289283359728557, 28.612288896873913 ], [ 77.284167593249407, 28.612288896873913 ], [ 77.284167593249407, 28.607797340998957 ], [ 77.289283359728557, 28.607797340998957 ] ] ] } },
{ "type": "Feature", "properties": { "cell_id": 997, "lon": 77.291841242968133, "lat": 28.610043118936435 }, "geometry": { "type": "Polygon", "coordinates": [ [ [ 77.294399126207708, 28.607797340998957 ], [ 77.294399126207708, 28.612288896873913 ], [ 77.289283359728557, 28.612288896873913 ], [ 77.289283359728557, 28.607797340998957 ], [ 77.294399126207708, 28.607797340998957 ] ] ] } },
{ "type": "Feature", "properties": { "cell_id": 998, "lon": 77.296957009447283, "lat": 28.610043118936435 }, "geometry": { "type": "Polygon", "coordinates": [ [ [ 77.299514892686858, 28.607797340998957 ], [ 77.299514892686858, 28.612288896873913 ], [ 77.294399126207708, 28.612288896873913 ], [ 77.294399126207708, 28.607797340998957 ], [ 77.299514892686858, 28.607797340998957 ] ] ] } },
{ "type": "Feature", "properties": { "cell_id": 1000, "lon": 77.102557883239569, "lat": 28.614534674811392 }, "geometry": { "type": "Polygon", "coordinates": [ [ [ 77.105115766479145, 28.612288896873913 ], [ 77.105115766479145, 28.61678045274887 ], [ 77.1, 28.61678045274887 ], [ 77.1, 28.612288896873913 ], [ 77.105115766479145, 28.612288896873913 ] ] ] } },
{ "type": "Feature", "properties": { "cell_id": 1001, "lon": 77.10767364971872, "lat": 28.614534674811392 }, "geometry": { "type": "Polygon", "coordinates": [ [ [ 77.110231532958295, 28.612288896873913 ], [ 77.110231532958295, 28.61678045274887 ], [ 77.105115766479145, 28.61678045274887 ], [ 77.105115766479145, 28.612288896873913 ], [ 77.110231532958295, 28.612288896873913 ] ] ] } },
{ "type": "Feature", "properties": { "cell_id": 1002, "lon": 77.11278941619787, "lat": 28.614534674811392 }, "geometry": { "type": "Polygon", "coordinates": [ [ [ 77.115347299437445, 28.612288896873913 ], [ 77.115347299437445, 28.61678045274887 ], [ 77.110231532958295, 28.61678045274887 ], [ 77.110231532958295, 28.612288896873913 ], [ 77.115347299437445, 28.612288896873913 ] ] ] } },
{ "type": "Feature", "properties": { "cell_id": 1003, "lon": 77.117905182677021, "lat": 28.614534674811392 }, "geometry": { "type": "Polygon", "coordinates": [ [ [ 77.120463065916596, 28.612288896873913 ], [ 77.120463065916596, 28.61678045274887 ], [ 77.115347299437445, 28.61678045274887 ], [ 77.115347299437445, 28.612288896873913 ], [ 77.120463065916596, 28.612288896873913 ] ] ] } },
{ "type": "Feature", "properties": { "cell_id": 1004, "lon": 77.123020949156171, "lat": 28.614534674811392 }, "geometry": { "type": "Polygon", "coordinates": [ [ [ 77.125578832395746, 28.612288896873913 ], [ 77.125578832395746, 28.61678045274887 ], [ 77.120463065916596, 28.61678045274887 ], [ 77.120463065916596, 28.612288896873913 ], [ 77.125578832395746, 28.612288896873913 ] ] ] } },
{ "type": "Feature", "properties": { "cell_id": 1005, "lon": 77.128136715635321, "lat": 28.614534674811392 }, "geometry": { "type": "Polygon", "coordinates": [ [ [ 77.130694598874896, 28.612288896873913 ], [ 77.130694598874896, 28.61678045274887 ], [ 77.125578832395746, 28.61678045274887 ], [ 77.125578832395746, 28.612288896873913 ], [ 77.130694598874896, 28.612288896873913 ] ] ] } },
{ "type": "Feature", "properties": { "cell_id": 1006, "lon": 77.133252482114472, "lat": 28.614534674811392 }, "geometry": { "type": "Polygon", "coordinates": [ [ [ 77.135810365354047, 28.612288896873913 ], [ 77.135810365354047, 28.61678045274887 ], [ 77.130694598874896, 28.61678045274887 ], [ 77.130694598874896, 28.612288896873913 ], [ 77.135810365354047, 28.612288896873913 ] ] ] } },
{ "type": "Feature", "properties": { "cell_id": 1007, "lon": 77.138368248593622, "lat": 28.614534674811392 }, "geometry": { "type": "Polygon", "coordinates": [ [ [ 77.140926131833197, 28.612288896873913 ], [ 77.140926131833197, 28.61678045274887 ], [ 77.135810365354047, 28.61678045274887 ], [ 77.135810365354047, 28.612288896873913 ], [ 77.140926131833197, 28.612288896873913 ] ] ] } },
{ "type": "Feature", "properties": { "cell_id": 1008, "lon": 77.143484015072772, "lat": 28.614534674811392 }, "geometry": { "type": "Polygon", "coordinates": [ [ [ 77.146041898312347, 28.612288896873913 ], [ 77.146041898312347, 28.61678045274887 ], [ 77.140926131833197, 28.61678045274887 ], [ 77.140926131833197, 28.612288896873913 ], [ 77.146041898312347, 28.612288896873913 ] ] ] } },
{ "type": "Feature", "properties": { "cell_id": 1009, "lon": 77.148599781551923, "lat": 28.614534674811392 }, "geometry": { "type": "Polygon", "coordinates": [ [ [ 77.151157664791498, 28.612288896873913 ], [ 77.151157664791498, 28.61678045274887 ], [ 77.146041898312347, 28.61678045274887 ], [ 77.146041898312347, 28.612288896873913 ], [ 77.151157664791498, 28.612288896873913 ] ] ] } },
{ "type": "Feature", "properties": { "cell_id": 1010, "lon": 77.153715548031073, "lat": 28.614534674811392 }, "geometry": { "type": "Polygon", "coordinates": [ [ [ 77.156273431270648, 28.612288896873913 ], [ 77.156273431270648, 28.61678045274887 ], [ 77.151157664791498, 28.61678045274887 ], [ 77.151157664791498, 28.612288896873913 ], [ 77.156273431270648, 28.612288896873913 ] ] ] } },
{ "type": "Feature", "properties": { "cell_id": 1011, "lon": 77.158831314510223, "lat": 28.614534674811392 }, "geometry": { "type": "Polygon", "coordinates": [ [ [ 77.161389197749799, 28.612288896873913 ], [ 77.161389197749799, 28.61678045274887 ], [ 77.156273431270648, 28.61678045274887 ], [ 77.156273431270648, 28.612288896873913 ], [ 77.161389197749799, 28.612288896873913 ] ] ] } },
{ "type": "Feature", "properties": { "cell_id": 1012, "lon": 77.163947080989374, "lat": 28.614534674811392 }, "geometry": { "type": "Polygon", "coordinates": [ [ [ 77.166504964228949, 28.612288896873913 ], [ 77.166504964228949, 28.61678045274887 ], [ 77.161389197749799, 28.61678045274887 ], [ 77.161389197749799, 28.612288896873913 ], [ 77.166504964228949, 28.612288896873913 ] ] ] } },
{ "type": "Feature", "properties": { "cell_id": 1013, "lon": 77.169062847468524, "lat": 28.614534674811392 }, "geometry": { "type": "Polygon", "coordinates": [ [ [ 77.171620730708099, 28.612288896873913 ], [ 77.171620730708099, 28.61678045274887 ], [ 77.166504964228949, 28.61678045274887 ], [ 77.166504964228949, 28.612288896873913 ], [ 77.171620730708099, 28.612288896873913 ] ] ] } },
{ "type": "Feature", "properties": { "cell_id": 1014, "lon": 77.174178613947674, "lat": 28.614534674811392 }, "geometry": { "type": "Polygon", "coordinates": [ [ [ 77.17673649718725, 28.612288896873913 ], [ 77.17673649718725, 28.61678045274887 ], [ 77.171620730708099, 28.61678045274887 ], [ 77.171620730708099, 28.612288896873913 ], [ 77.17673649718725, 28.612288896873913 ] ] ] } },
{ "type": "Feature", "properties": { "cell_id": 1015, "lon": 77.179294380426825, "lat": 28.614534674811392 }, "geometry": { "type": "Polygon", "coordinates": [ [ [ 77.1818522636664, 28.612288896873913 ], [ 77.1818522636664, 28.61678045274887 ], [ 77.17673649718725, 28.61678045274887 ], [ 77.17673649718725, 28.612288896873913 ], [ 77.1818522636664, 28.612288896873913 ] ] ] } },
{ "type": "Feature", "properties": { "cell_id": 1016, "lon": 77.184410146905975, "lat": 28.614534674811392 }, "geometry": { "type": "Polygon", "coordinates": [ [ [ 77.18696803014555, 28.612288896873913 ], [ 77.18696803014555, 28.61678045274887 ], [ 77.1818522636664, 28.61678045274887 ], [ 77.1818522636664, 28.612288896873913 ], [ 77.18696803014555, 28.612288896873913 ] ] ] } },
{ "type": "Feature", "properties": { "cell_id": 1017, "lon": 77.189525913385125, "lat": 28.614534674811392 }, "geometry": { "type": "Polygon", "coordinates": [ [ [ 77.192083796624701, 28.612288896873913 ], [ 77.192083796624701, 28.61678045274887 ], [ 77.18696803014555, 28.61678045274887 ], [ 77.18696803014555, 28.612288896873913 ], [ 77.192083796624701, 28.612288896873913 ] ] ] } },
{ "type": "Feature", "properties": { "cell_id": 1018, "lon": 77.194641679864276, "lat": 28.614534674811392 }, "geometry": { "type": "Polygon", "coordinates": [ [ [ 77.197199563103851, 28.612288896873913 ], [ 77.197199563103851, 28.61678045274887 ], [ 77.192083796624701, 28.61678045274887 ], [ 77.192083796624701, 28.612288896873913 ], [ 77.197199563103851, 28.612288896873913 ] ] ] } },
{ "type": "Feature", "properties": { "cell_id": 1019, "lon": 77.199757446343426, "lat": 28.614534674811392 }, "geometry": { "type": "Polygon", "coordinates": [ [ [ 77.202315329583001, 28.612288896873913 ], [ 77.202315329583001, 28.61678045274887 ], [ 77.197199563103851, 28.61678045274887 ], [ 77.197199563103851, 28.612288896873913 ], [ 77.202315329583001, 28.612288896873913 ] ] ] } },
{ "type": "Feature", "properties": { "cell_id": 1020, "lon": 77.204873212822577, "lat": 28.614534674811392 }, "geometry": { "type": "Polygon", "coordinates": [ [ [ 77.207431096062152, 28.612288896873913 ], [ 77.207431096062152, 28.61678045274887 ], [ 77.202315329583001, 28.61678045274887 ], [ 77.202315329583001, 28.612288896873913 ], [ 77.207431096062152, 28.612288896873913 ] ] ] } },
{ "type": "Feature", "properties": { "cell_id": 1021, "lon": 77.209988979301727, "lat": 28.614534674811392 }, "geometry": { "type": "Polygon", "coordinates": [ [ [ 77.212546862541302, 28.612288896873913 ], [ 77.212546862541302, 28.61678045274887 ], [ 77.207431096062152, 28.61678045274887 ], [ 77.207431096062152, 28.612288896873913 ], [ 77.212546862541302, 28.612288896873913 ] ] ] } },
{ "type": "Feature", "properties": { "cell_id": 1022, "lon": 77.215104745780877, "lat": 28.614534674811392 }, "geometry": { "type": "Polygon", "coordinates": [ [ [ 77.217662629020452, 28.612288896873913 ], [ 77.217662629020452, 28.61678045274887 ], [ 77.212546862541302, 28.61678045274887 ], [ 77.212546862541302, 28.612288896873913 ], [ 77.217662629020452, 28.612288896873913 ] ] ] } },
{ "type": "Feature", "properties": { "cell_id": 1023, "lon": 77.220220512260028, "lat": 28.614534674811392 }, "geometry": { "type": "Polygon", "coordinates": [ [ [ 77.222778395499603, 28.612288896873913 ], [ 77.222778395499603, 28.61678045274887 ], [ 77.217662629020452, 28.61678045274887 ], [ 77.217662629020452, 28.612288896873913 ], [ 77.222778395499603, 28.612288896873913 ] ] ] } },
{ "type": "Feature", "properties": { "cell_id": 1024, "lon": 77.225336278739178, "lat": 28.614534674811392 }, "geometry": { "type": "Polygon", "coordinates": [ [ [ 77.227894161978753, 28.612288896873913 ], [ 77.227894161978753, 28.61678045274887 ], [ 77.222778395499603, 28.61678045274887 ], [ 77.222778395499603, 28.612288896873913 ], [ 77.227894161978753, 28.612288896873913 ] ] ] } },
{ "type": "Feature", "properties": { "cell_id": 1025, "lon": 77.230452045218328, "lat": 28.614534674811392 }, "geometry": { "type": "Polygon", "coordinates": [ [ [ 77.233009928457903, 28.612288896873913 ], [ 77.233009928457903, 28.61678045274887 ], [ 77.227894161978753, 28.61678045274887 ], [ 77.227894161978753, 28.612288896873913 ], [ 77.233009928457903, 28.612288896873913 ] ] ] } },
{ "type": "Feature", "properties": { "cell_id": 1026, "lon": 77.235567811697479, "lat": 28.614534674811392 }, "geometry": { "type": "Polygon", "coordinates": [ [ [ 77.238125694937054, 28.612288896873913 ], [ 77.238125694937054, 28.61678045274887 ], [ 77.233009928457903, 28.61678045274887 ], [ 77.233009928457903, 28.612288896873913 ], [ 77.238125694937054, 28.612288896873913 ] ] ] } },
{ "type": "Feature", "properties": { "cell_id": 1027, "lon": 77.240683578176629, "lat": 28.614534674811392 }, "geometry": { "type": "Polygon", "coordinates": [ [ [ 77.243241461416204, 28.612288896873913 ], [ 77.243241461416204, 28.61678045274887 ], [ 77.238125694937054, 28.61678045274887 ], [ 77.238125694937054, 28.612288896873913 ], [ 77.243241461416204, 28.612288896873913 ] ] ] } },
{ "type": "Feature", "properties": { "cell_id": 1028, "lon": 77.245799344655779, "lat": 28.614534674811392 }, "geometry": { "type": "Polygon", "coordinates": [ [ [ 77.248357227895355, 28.612288896873913 ], [ 77.248357227895355, 28.61678045274887 ], [ 77.243241461416204, 28.61678045274887 ], [ 77.243241461416204, 28.612288896873913 ], [ 77.248357227895355, 28.612288896873913 ] ] ] } },
{ "type": "Feature", "properties": { "cell_id": 1029, "lon": 77.25091511113493, "lat": 28.614534674811392 }, "geometry": { "type": "Polygon", "coordinates": [ [ [ 77.253472994374505, 28.612288896873913 ], [ 77.253472994374505, 28.61678045274887 ], [ 77.248357227895355, 28.61678045274887 ], [ 77.248357227895355, 28.612288896873913 ], [ 77.253472994374505, 28.612288896873913 ] ] ] } },
{ "type": "Feature", "properties": { "cell_id": 1030, "lon": 77.25603087761408, "lat": 28.614534674811392 }, "geometry": { "type": "Polygon", "coordinates": [ [ [ 77.258588760853655, 28.612288896873913 ], [ 77.258588760853655, 28.61678045274887 ], [ 77.253472994374505, 28.61678045274887 ], [ 77.253472994374505, 28.612288896873913 ], [ 77.258588760853655, 28.612288896873913 ] ] ] } },
{ "type": "Feature", "properties": { "cell_id": 1031, "lon": 77.26114664409323, "lat": 28.614534674811392 }, "geometry": { "type": "Polygon", "coordinates": [ [ [ 77.263704527332806, 28.612288896873913 ], [ 77.263704527332806, 28.61678045274887 ], [ 77.258588760853655, 28.61678045274887 ], [ 77.258588760853655, 28.612288896873913 ], [ 77.263704527332806, 28.612288896873913 ] ] ] } },
{ "type": "Feature", "properties": { "cell_id": 1032, "lon": 77.266262410572381, "lat": 28.614534674811392 }, "geometry": { "type": "Polygon", "coordinates": [ [ [ 77.268820293811956, 28.612288896873913 ], [ 77.268820293811956, 28.61678045274887 ], [ 77.263704527332806, 28.61678045274887 ], [ 77.263704527332806, 28.612288896873913 ], [ 77.268820293811956, 28.612288896873913 ] ] ] } },
{ "type": "Feature", "properties": { "cell_id": 1033, "lon": 77.271378177051531, "lat": 28.614534674811392 }, "geometry": { "type": "Polygon", "coordinates": [ [ [ 77.273936060291106, 28.612288896873913 ], [ 77.273936060291106, 28.61678045274887 ], [ 77.268820293811956, 28.61678045274887 ], [ 77.268820293811956, 28.612288896873913 ], [ 77.273936060291106, 28.612288896873913 ] ] ] } },
{ "type": "Feature", "properties": { "cell_id": 1034, "lon": 77.276493943530681, "lat": 28.614534674811392 }, "geometry": { "type": "Polygon", "coordinates": [ [ [ 77.279051826770257, 28.612288896873913 ], [ 77.279051826770257, 28.61678045274887 ], [ 77.273936060291106, 28.61678045274887 ], [ 77.273936060291106, 28.612288896873913 ], [ 77.279051826770257, 28.612288896873913 ] ] ] } },
{ "type": "Feature", "properties": { "cell_id": 1035, "lon": 77.281609710009832, "lat": 28.614534674811392 }, "geometry": { "type": "Polygon", "coordinates": [ [ [ 77.284167593249407, 28.612288896873913 ], [ 77.284167593249407, 28.61678045274887 ], [ 77.279051826770257, 28.61678045274887 ], [ 77.279051826770257, 28.612288896873913 ], [ 77.284167593249407, 28.612288896873913 ] ] ] } },
{ "type": "Feature", "properties": { "cell_id": 1036, "lon": 77.286725476488982, "lat": 28.614534674811392 }, "geometry": { "type": "Polygon", "coordinates": [ [ [ 77.289283359728557, 28.612288896873913 ], [ 77.289283359728557, 28.61678045274887 ], [ 77.284167593249407, 28.61678045274887 ], [ 77.284167593249407, 28.612288896873913 ], [ 77.289283359728557, 28.612288896873913 ] ] ] } },
{ "type": "Feature", "properties": { "cell_id": 1037, "lon": 77.291841242968133, "lat": 28.614534674811392 }, "geometry": { "type": "Polygon", "coordinates": [ [ [ 77.294399126207708, 28.612288896873913 ], [ 77.294399126207708, 28.61678045274887 ], [ 77.289283359728557, 28.61678045274887 ], [ 77.289283359728557, 28.612288896873913 ], [ 77.294399126207708, 28.612288896873913 ] ] ] } },
{ "type": "Feature", "properties": { "cell_id": 1038, "lon": 77.296957009447283, "lat": 28.614534674811392 }, "geometry": { "type": "Polygon", "coordinates": [ [ [ 77.299514892686858, 28.612288896873913 ], [ 77.299514892686858, 28.61678045274887 ], [ 77.294399126207708, 28.61678045274887 ], [ 77.294399126207708, 28.612288896873913 ], [ 77.299514892686858, 28.612288896873913 ] ] ] } },
{ "type": "Feature", "properties": { "cell_id": 1040, "lon": 77.102557883239569, "lat": 28.619026230686348 }, "geometry": { "type": "Polygon", "coordinates": [ [ [ 77.105115766479145, 28.61678045274887 ], [ 77.105115766479145, 28.621272008623826 ], [ 77.1, 28.621272008623826 ], [ 77.1, 28.61678045274887 ], [ 77.105115766479145, 28.61678045274887 ] ] ] } },
{ "type": "Feature", "properties": { "cell_id": 1041, "lon": 77.10767364971872, "lat": 28.619026230686348 }, "geometry": { "type": "Polygon", "coordinates": [ [ [ 77.110231532958295, 28.61678045274887 ], [ 77.110231532958295, 28.621272008623826 ], [ 77.105115766479145, 28.621272008623826 ], [ 77.105115766479145, 28.61678045274887 ], [ 77.110231532958295, 28.61678045274887 ] ] ] } },
{ "type": "Feature", "properties": { "cell_id": 1042, "lon": 77.11278941619787, "lat": 28.619026230686348 }, "geometry": { "type": "Polygon", "coordinates": [ [ [ 77.115347299437445, 28.61678045274887 ], [ 77.115347299437445, 28.621272008623826 ], [ 77.110231532958295, 28.621272008623826 ], [ 77.110231532958295, 28.61678045274887 ], [ 77.115347299437445, 28.61678045274887 ] ] ] } },
{ "type": "Feature", "properties": { "cell_id": 1043, "lon": 77.117905182677021, "lat": 28.619026230686348 }, "geometry": { "type": "Polygon", "coordinates": [ [ [ 77.120463065916596, 28.61678045274887 ], [ 77.120463065916596, 28.621272008623826 ], [ 77.115347299437445, 28.621272008623826 ], [ 77.115347299437445, 28.61678045274887 ], [ 77.120463065916596, 28.61678045274887 ] ] ] } },
{ "type": "Feature", "properties": { "cell_id": 1044, "lon": 77.123020949156171, "lat": 28.619026230686348 }, "geometry": { "type": "Polygon", "coordinates": [ [ [ 77.125578832395746, 28.61678045274887 ], [ 77.125578832395746, 28.621272008623826 ], [ 77.120463065916596, 28.621272008623826 ], [ 77.120463065916596, 28.61678045274887 ], [ 77.125578832395746, 28.61678045274887 ] ] ] } },
{ "type": "Feature", "properties": { "cell_id": 1045, "lon": 77.128136715635321, "lat": 28.619026230686348 }, "geometry": { "type": "Polygon", "coordinates": [ [ [ 77.130694598874896, 28.61678045274887 ], [ 77.130694598874896, 28.621272008623826 ], [ 77.125578832395746, 28.621272008623826 ], [ 77.125578832395746, 28.61678045274887 ], [ 77.130694598874896, 28.61678045274887 ] ] ] } },
{ "type": "Feature", "properties": { "cell_id": 1046, "lon": 77.133252482114472, "lat": 28.619026230686348 }, "geometry": { "type": "Polygon", "coordinates": [ [ [ 77.135810365354047, 28.61678045274887 ], [ 77.135810365354047, 28.621272008623826 ], [ 77.130694598874896, 28.621272008623826 ], [ 77.130694598874896, 28.61678045274887 ], [ 77.135810365354047, 28.61678045274887 ] ] ] } },
{ "type": "Feature", "properties": { "cell_id": 1047, "lon": 77.138368248593622, "lat": 28.619026230686348 }, "geometry": { "type": "Polygon", "coordinates": [ [ [ 77.140926131833197, 28.61678045274887 ], [ 77.140926131833197, 28.621272008623826 ], [ 77.135810365354047, 28.621272008623826 ], [ 77.135810365354047, 28.61678045274887 ], [ 77.140926131833197, 28.61678045274887 ] ] ] } },
{ "type": "Feature", "properties": { "cell_id": 1048, "lon": 77.143484015072772, "lat": 28.619026230686348 }, "geometry": { "type": "Polygon", "coordinates": [ [ [ 77.146041898312347, 28.61678045274887 ], [ 77.146041898312347, 28.621272008623826 ], [ 77.140926131833197, 28.621272008623826 ], [ 77.140926131833197, 28.61678045274887 ], [ 77.146041898312347, 28.61678045274887 ] ] ] } },
{ "type": "Feature", "properties": { "cell_id": 1049, "lon": 77.148599781551923, "lat": 28.619026230686348 }, "geometry": { "type": "Polygon", "coordinates": [ [ [ 77.151157664791498, 28.61678045274887 ], [ 77.151157664791498, 28.621272008623826 ], [ 77.146041898312347, 28.621272008623826 ], [ 77.146041898312347, 28.61678045274887 ], [ 77.151157664791498, 28.61678045274887 ] ] ] } },
{ "type": "Feature", "properties": { "cell_id": 1050, "lon": 77.153715548031073, "lat": 28.619026230686348 }, "geometry": { "type": "Polygon", "coordinates": [ [ [ 77.156273431270648, 28.61678045274887 ], [ 77.156273431270648, 28.621272008623826 ], [ 77.151157664791498, 28.621272008623826 ], [ 77.151157664791498, 28.61678045274887 ], [ 77.156273431270648, 28.61678045274887 ] ] ] } },
{ "type": "Feature", "properties": { "cell_id": 1051, "lon": 77.158831314510223, "lat": 28.619026230686348 }, "geometry": { "type": "Polygon", "coordinates": [ [ [ 77.161389197749799, 28.61678045274887 ], [ 77.161389197749799, 28.621272008623826 ], [ 77.156273431270648, 28.621272008623826 ], [ 77.156273431270648, 28.61678045274887 ], [ 77.161389197749799, 28.61678045274887 ] ] ] } },
{ "type": "Feature", "properties": { "cell_id": 1052, "lon": 77.163947080989374, "lat": 28.619026230686348 }, "geometry": { "type": "Polygon", "coordinates": [ [ [ 77.166504964228949, 28.61678045274887 ], [ 77.166504964228949, 28.621272008623826 ], [ 77.161389197749799, 28.621272008623826 ], [ 77.161389197749799, 28.61678045274887 ], [ 77.166504964228949, 28.61678045274887 ] ] ] } },
{ "type": "Feature", "properties": { "cell_id": 1053, "lon": 77.169062847468524, "lat": 28.619026230686348 }, "geometry": { "type": "Polygon", "coordinates": [ [ [ 77.171620730708099, 28.61678045274887 ], [ 77.171620730708099, 28.621272008623826 ], [ 77.166504964228949, 28.621272008623826 ], [ 77.166504964228949, 28.61678045274887 ], [ 77.171620730708099, 28.61678045274887 ] ] ] } },
{ "type": "Feature", "properties": { "cell_id": 1054, "lon": 77.174178613947674, "lat": 28.619026230686348 }, "geometry": { "type": "Polygon", "coordinates": [ [ [ 77.17673649718725, 28.61678045274887 ], [ 77.17673649718725, 28.621272008623826 ], [ 77.171620730708099, 28.621272008623826 ], [ 77.171620730708099, 28.61678045274887 ], [ 77.17673649718725, 28.61678045274887 ] ] ] } },
{ "type": "Feature", "properties": { "cell_id": 1055, "lon": 77.179294380426825, "lat": 28.619026230686348 }, "geometry": { "type": "Polygon", "coordinates": [ [ [ 77.1818522636664, 28.61678045274887 ], [ 77.1818522636664, 28.621272008623826 ], [ 77.17673649718725, 28.621272008623826 ], [ 77.17673649718725, 28.61678045274887 ], [ 77.1818522636664, 28.61678045274887 ] ] ] } },
{ "type": "Feature", "properties": { "cell_id": 1056, "lon": 77.184410146905975, "lat": 28.619026230686348 }, "geometry": { "type": "Polygon", "coordinates": [ [ [ 77.18696803014555, 28.61678045274887 ], [ 77.18696803014555, 28.621272008623826 ], [ 77.1818522636664, 28.621272008623826 ], [ 77.1818522636664, 28.61678045274887 ], [ 77.18696803014555, 28.61678045274887 ] ] ] } },
{ "type": "Feature", "properties": { "cell_id": 1057, "lon": 77.189525913385125, "lat": 28.619026230686348 }, "geometry": { "type": "Polygon", "coordinates": [ [ [ 77.192083796624701, 28.61678045274887 ], [ 77.192083796624701, 28.621272008623826 ], [ 77.18696803014555, 28.621272008623826 ], [ 77.18696803014555, 28.61678045274887 ], [ 77.192083796624701, 28.61678045274887 ] ] ] } },
{ "type": "Feature", "properties": { "cell_id": 1058, "lon": 77.194641679864276, "lat": 28.619026230686348 }, "geometry": { "type": "Polygon", "coordinates": [ [ [ 77.197199563103851, 28.61678045274887 ], [ 77.197199563103851, 28.621272008623826 ], [ 77.192083796624701, 28.621272008623826 ], [ 77.192083796624701, 28.61678045274887 ], [ 77.197199563103851, 28.61678045274887 ] ] ] } },
{ "type": "Feature", "properties": { "cell_id": 1059, "lon": 77.199757446343426, "lat": 28.619026230686348 }, "geometry": { "type": "Polygon", "coordinates": [ [ [ 77.202315329583001, 28.61678045274887 ], [ 77.202315329583001, 28.621272008623826 ], [ 77.197199563103851, 28.621272008623826 ], [ 77.197199563103851, 28.61678045274887 ], [ 77.202315329583001, 28.61678045274887 ] ] ] } },
{ "type": "Feature", "properties": { "cell_id": 1060, "lon": 77.204873212822577, "lat": 28.619026230686348 }, "geometry": { "type": "Polygon", "coordinates": [ [ [ 77.207431096062152, 28.61678045274887 ], [ 77.207431096062152, 28.621272008623826 ], [ 77.202315329583001, 28.621272008623826 ], [ 77.202315329583001, 28.61678045274887 ], [ 77.207431096062152, 28.61678045274887 ] ] ] } },
{ "type": "Feature", "properties": { "cell_id": 1061, "lon": 77.209988979301727, "lat": 28.619026230686348 }, "geometry": { "type": "Polygon", "coordinates": [ [ [ 77.212546862541302, 28.61678045274887 ], [ 77.212546862541302, 28.621272008623826 ], [ 77.207431096062152, 28.621272008623826 ], [ 77.207431096062152, 28.61678045274887 ], [ 77.212546862541302, 28.61678045274887 ] ] ] } },
{ "type": "Feature", "properties": { "cell_id": 1062, "lon": 77.215104745780877, "lat": 28.619026230686348 }, "geometry": { "type": "Polygon", "coordinates": [ [ [ 77.217662629020452, 28.61678045274887 ], [ 77.217662629020452, 28.621272008623826 ], [ 77.212546862541302, 28.621272008623826 ], [ 77.212546862541302, 28.61678045274887 ], [ 77.217662629020452, 28.61678045274887 ] ] ] } },
{ "type": "Feature", "properties": { "cell_id": 1063, "lon": 77.220220512260028, "lat": 28.619026230686348 }, "geometry": { "type": "Polygon", "coordinates": [ [ [ 77.222778395499603, 28.61678045274887 ], [ 77.222778395499603, 28.621272008623826 ], [ 77.217662629020452, 28.621272008623826 ], [ 77.217662629020452, 28.61678045274887 ], [ 77.222778395499603, 28.61678045274887 ] ] ] } },
{ "type": "Feature", "properties": { "cell_id": 1064, "lon": 77.225336278739178, "lat": 28.619026230686348 }, "geometry": { "type": "Polygon", "coordinates": [ [ [ 77.227894161978753, 28.61678045274887 ], [ 77.227894161978753, 28.621272008623826 ], [ 77.222778395499603, 28.621272008623826 ], [ 77.222778395499603, 28.61678045274887 ], [ 77.227894161978753, 28.61678045274887 ] ] ] } },
{ "type": "Feature", "properties": { "cell_id": 1065, "lon": 77.230452045218328, "lat": 28.619026230686348 }, "geometry": { "type": "Polygon", "coordinates": [ [ [ 77.233009928457903, 28.61678045274887 ], [ 77.233009928457903, 28.621272008623826 ], [ 77.227894161978753, 28.621272008623826 ], [ 77.227894161978753, 28.61678045274887 ], [ 77.233009928457903, 28.61678045274887 ] ] ] } },
{ "type": "Feature", "properties": { "cell_id": 1066, "lon": 77.235567811697479, "lat": 28.619026230686348 }, "geometry": { "type": "Polygon", "coordinates": [ [ [ 77.238125694937054, 28.61678045274887 ], [ 77.238125694937054, 28.621272008623826 ], [ 77.233009928457903, 28.621272008623826 ], [ 77.233009928457903, 28.61678045274887 ], [ 77.238125694937054, 28.61678045274887 ] ] ] } },
{ "type": "Feature", "properties": { "cell_id": 1067, "lon": 77.240683578176629, "lat": 28.619026230686348 }, "geometry": { "type": "Polygon", "coordinates": [ [ [ 77.243241461416204, 28.61678045274887 ], [ 77.243241461416204, 28.621272008623826 ], [ 77.238125694937054, 28.621272008623826 ], [ 77.238125694937054, 28.61678045274887 ], [ 77.243241461416204, 28.61678045274887 ] ] ] } },
{ "type": "Feature", "properties": { "cell_id": 1068, "lon": 77.245799344655779, "lat": 28.619026230686348 }, "geometry": { "type": "Polygon", "coordinates": [ [ [ 77.248357227895355, 28.61678045274887 ], [ 77.248357227895355, 28.621272008623826 ], [ 77.243241461416204, 28.621272008623826 ], [ 77.243241461416204, 28.61678045274887 ], [ 77.248357227895355, 28.61678045274887 ] ] ] } },
{ "type": "Feature", "properties": { "cell_id": 1069, "lon": 77.25091511113493, "lat": 28.619026230686348 }, "geometry": { "type": "Polygon", "coordinates": [ [ [ 77.253472994374505, 28.61678045274887 ], [ 77.253472994374505, 28.621272008623826 ], [ 77.248357227895355, 28.621272008623826 ], [ 77.248357227895355, 28.61678045274887 ], [ 77.253472994374505, 28.61678045274887 ] ] ] } },
{ "type": "Feature", "properties": { "cell_id": 1070, "lon": 77.25603087761408, "lat": 28.619026230686348 }, "geometry": { "type": "Polygon", "coordinates": [ [ [ 77.258588760853655, 28.61678045274887 ], [ 77.258588760853655, 28.621272008623826 ], [ 77.253472994374505, 28.621272008623826 ], [ 77.253472994374505, 28.61678045274887 ], [ 77.258588760853655, 28.61678045274887 ] ] ] } },
{ "type": "Feature", "properties": { "cell_id": 1071, "lon": 77.26114664409323, "lat": 28.619026230686348 }, "geometry": { "type": "Polygon", "coordinates": [ [ [ 77.263704527332806, 28.61678045274887 ], [ 77.263704527332806, 28.621272008623826 ], [ 77.258588760853655, 28.621272008623826 ], [ 77.258588760853655, 28.61678045274887 ], [ 77.263704527332806, 28.61678045274887 ] ] ] } },
{ "type": "Feature", "properties": { "cell_id": 1072, "lon": 77.266262410572381, "lat": 28.619026230686348 }, "geometry": { "type": "Polygon", "coordinates": [ [ [ 77.268820293811956, 28.61678045274887 ], [ 77.268820293811956, 28.621272008623826 ], [ 77.263704527332806, 28.621272008623826 ], [ 77.263704527332806, 28.61678045274887 ], [ 77.268820293811956, 28.61678045274887 ] ] ] } },
{ "type": "Feature", "properties": { "cell_id": 1073, "lon": 77.271378177051531, "lat": 28.619026230686348 }, "geometry": { "type": "Polygon", "coordinates": [ [ [ 77.273936060291106, 28.61678045274887 ], [ 77.273936060291106, 28.621272008623826 ], [ 77.268820293811956, 28.621272008623826 ], [ 77.268820293811956, 28.61678045274887 ], [ 77.273936060291106, 28.61678045274887 ] ] ] } },
{ "type": "Feature", "properties": { "cell_id": 1074, "lon": 77.276493943530681, "lat": 28.619026230686348 }, "geometry": { "type": "Polygon", "coordinates": [ [ [ 77.279051826770257, 28.61678045274887 ], [ 77.279051826770257, 28.621272008623826 ], [ 77.273936060291106, 28.621272008623826 ], [ 77.273936060291106, 28.61678045274887 ], [ 77.279051826770257, 28.61678045274887 ] ] ] } },
{ "type": "Feature", "properties": { "cell_id": 1075, "lon": 77.281609710009832, "lat": 28.619026230686348 }, "geometry": { "type": "Polygon", "coordinates": [ [ [ 77.284167593249407, 28.61678045274887 ], [ 77.284167593249407, 28.621272008623826 ], [ 77.279051826770257, 28.621272008623826 ], [ 77.279051826770257, 28.61678045274887 ], [ 77.284167593249407, 28.61678045274887 ] ] ] } },
{ "type": "Feature", "properties": { "cell_id": 1076, "lon": 77.286725476488982, "lat": 28.619026230686348 }, "geometry": { "type": "Polygon", "coordinates": [ [ [ 77.289283359728557, 28.61678045274887 ], [ 77.289283359728557, 28.621272008623826 ], [ 77.284167593249407, 28.621272008623826 ], [ 77.284167593249407, 28.61678045274887 ], [ 77.289283359728557, 28.61678045274887 ] ] ] } },
{ "type": "Feature", "properties": { "cell_id": 1077, "lon": 77.291841242968133, "lat": 28.619026230686348 }, "geometry": { "type": "Polygon", "coordinates": [ [ [ 77.294399126207708, 28.61678045274887 ], [ 77.294399126207708, 28.621272008623826 ], [ 77.289283359728557, 28.621272008623826 ], [ 77.289283359728557, 28.61678045274887 ], [ 77.294399126207708, 28.61678045274887 ] ] ] } },
{ "type": "Feature", "properties": { "cell_id": 1078, "lon": 77.296957009447283, "lat": 28.619026230686348 }, "geometry": { "type": "Polygon", "coordinates": [ [ [ 77.299514892686858, 28.61678045274887 ], [ 77.299514892686858, 28.621272008623826 ], [ 77.294399126207708, 28.621272008623826 ], [ 77.294399126207708, 28.61678045274887 ], [ 77.299514892686858, 28.61678045274887 ] ] ] } },
{ "type": "Feature", "properties": { "cell_id": 1080, "lon": 77.102557883239569, "lat": 28.623517786561305 }, "geometry": { "type": "Polygon", "coordinates": [ [ [ 77.105115766479145, 28.621272008623826 ], [ 77.105115766479145, 28.625763564498783 ], [ 77.1, 28.625763564498783 ], [ 77.1, 28.621272008623826 ], [ 77.105115766479145, 28.621272008623826 ] ] ] } },
{ "type": "Feature", "properties": { "cell_id": 1081, "lon": 77.10767364971872, "lat": 28.623517786561305 }, "geometry": { "type": "Polygon", "coordinates": [ [ [ 77.110231532958295, 28.621272008623826 ], [ 77.110231532958295, 28.625763564498783 ], [ 77.105115766479145, 28.625763564498783 ], [ 77.105115766479145, 28.621272008623826 ], [ 77.110231532958295, 28.621272008623826 ] ] ] } },
{ "type": "Feature", "properties": { "cell_id": 1082, "lon": 77.11278941619787, "lat": 28.623517786561305 }, "geometry": { "type": "Polygon", "coordinates": [ [ [ 77.115347299437445, 28.621272008623826 ], [ 77.115347299437445, 28.625763564498783 ], [ 77.110231532958295, 28.625763564498783 ], [ 77.110231532958295, 28.621272008623826 ], [ 77.115347299437445, 28.621272008623826 ] ] ] } },
{ "type": "Feature", "properties": { "cell_id": 1083, "lon": 77.117905182677021, "lat": 28.623517786561305 }, "geometry": { "type": "Polygon", "coordinates": [ [ [ 77.120463065916596, 28.621272008623826 ], [ 77.120463065916596, 28.625763564498783 ], [ 77.115347299437445, 28.625763564498783 ], [ 77.115347299437445, 28.621272008623826 ], [ 77.120463065916596, 28.621272008623826 ] ] ] } },
{ "type": "Feature", "properties": { "cell_id": 1084, "lon": 77.123020949156171, "lat": 28.623517786561305 }, "geometry": { "type": "Polygon", "coordinates": [ [ [ 77.125578832395746, 28.621272008623826 ], [ 77.125578832395746, 28.625763564498783 ], [ 77.120463065916596, 28.625763564498783 ], [ 77.120463065916596, 28.621272008623826 ], [ 77.125578832395746, 28.621272008623826 ] ] ] } },
{ "type": "Feature", "properties": { "cell_id": 1085, "lon": 77.128136715635321, "lat": 28.623517786561305 }, "geometry": { "type": "Polygon", "coordinates": [ [ [ 77.130694598874896, 28.621272008623826 ], [ 77.130694598874896, 28.625763564498783 ], [ 77.125578832395746, 28.625763564498783 ], [ 77.125578832395746, 28.621272008623826 ], [ 77.130694598874896, 28.621272008623826 ] ] ] } },
{ "type": "Feature", "properties": { "cell_id": 1086, "lon": 77.133252482114472, "lat": 28.623517786561305 }, "geometry": { "type": "Polygon", "coordinates": [ [ [ 77.135810365354047, 28.621272008623826 ], [ 77.135810365354047, 28.625763564498783 ], [ 77.130694598874896, 28.625763564498783 ], [ 77.130694598874896, 28.621272008623826 ], [ 77.135810365354047, 28.621272008623826 ] ] ] } },
{ "type": "Feature", "properties": { "cell_id": 1087, "lon": 77.138368248593622, "lat": 28.623517786561305 }, "geometry": { "type": "Polygon", "coordinates": [ [ [ 77.140926131833197, 28.621272008623826 ], [ 77.140926131833197, 28.625763564498783 ], [ 77.135810365354047, 28.625763564498783 ], [ 77.135810365354047, 28.621272008623826 ], [ 77.140926131833197, 28.621272008623826 ] ] ] } },
{ "type": "Feature", "properties": { "cell_id": 1088, "lon": 77.143484015072772, "lat": 28.623517786561305 }, "geometry": { "type": "Polygon", "coordinates": [ [ [ 77.146041898312347, 28.621272008623826 ], [ 77.146041898312347, 28.625763564498783 ], [ 77.140926131833197, 28.625763564498783 ], [ 77.140926131833197, 28.621272008623826 ], [ 77.146041898312347, 28.621272008623826 ] ] ] } },
{ "type": "Feature", "properties": { "cell_id": 1089, "lon": 77.148599781551923, "lat": 28.623517786561305 }, "geometry": { "type": "Polygon", "coordinates": [ [ [ 77.151157664791498, 28.621272008623826 ], [ 77.151157664791498, 28.625763564498783 ], [ 77.146041898312347, 28.625763564498783 ], [ 77.146041898312347, 28.621272008623826 ], [ 77.151157664791498, 28.621272008623826 ] ] ] } },
{ "type": "Feature", "properties": { "cell_id": 1090, "lon": 77.153715548031073, "lat": 28.623517786561305 }, "geometry": { "type": "Polygon", "coordinates": [ [ [ 77.156273431270648, 28.621272008623826 ], [ 77.156273431270648, 28.625763564498783 ], [ 77.151157664791498, 28.625763564498783 ], [ 77.151157664791498, 28.621272008623826 ], [ 77.156273431270648, 28.621272008623826 ] ] ] } },
{ "type": "Feature", "properties": { "cell_id": 1091, "lon": 77.158831314510223, "lat": 28.623517786561305 }, "geometry": { "type": "Polygon", "coordinates": [ [ [ 77.161389197749799, 28.621272008623826 ], [ 77.161389197749799, 28.625763564498783 ], [ 77.156273431270648, 28.625763564498783 ], [ 77.156273431270648, 28.621272008623826 ], [ 77.161389197749799, 28.621272008623826 ] ] ] } },
{ "type": "Feature", "properties": { "cell_id": 1092, "lon": 77.163947080989374, "lat": 28.623517786561305 }, "geometry": { "type": "Polygon", "coordinates": [ [ [ 77.166504964228949, 28.621272008623826 ], [ 77.166504964228949, 28.625763564498783 ], [ 77.161389197749799, 28.625763564498783 ], [ 77.161389197749799, 28.621272008623826 ], [ 77.166504964228949, 28.621272008623826 ] ] ] } },
{ "type": "Feature", "properties": { "cell_id": 1093, "lon": 77.169062847468524, "lat": 28.623517786561305 }, "geometry": { "type": "Polygon", "coordinates": [ [ [ 77.171620730708099, 28.621272008623826 ], [ 77.171620730708099, 28.625763564498783 ], [ 77.166504964228949, 28.625763564498783 ], [ 77.166504964228949, 28.621272008623826 ], [ 77.171620730708099, 28.621272008623826 ] ] ] } },
{ "type": "Feature", "properties": { "cell_id": 1094, "lon": 77.174178613947674, "lat": 28.623517786561305 }, "geometry": { "type": "Polygon", "coordinates": [ [ [ 77.17673649718725, 28.621272008623826 ], [ 77.17673649718725, 28.625763564498783 ], [ 77.171620730708099, 28.625763564498783 ], [ 77.171620730708099, 28.621272008623826 ], [ 77.17673649718725, 28.621272008623826 ] ] ] } },
{ "type": "Feature", "properties": { "cell_id": 1095, "lon": 77.179294380426825, "lat": 28.623517786561305 }, "geometry": { "type": "Polygon", "coordinates": [ [ [ 77.1818522636664, 28.621272008623826 ], [ 77.1818522636664, 28.625763564498783 ], [ 77.17673649718725, 28.625763564498783 ], [ 77.17673649718725, 28.621272008623826 ], [ 77.1818522636664, 28.621272008623826 ] ] ] } },
{ "type": "Feature", "properties": { "cell_id": 1096, "lon": 77.184410146905975, "lat": 28.623517786561305 }, "geometry": { "type": "Polygon", "coordinates": [ [ [ 77.18696803014555, 28.621272008623826 ], [ 77.18696803014555, 28.625763564498783 ], [ 77.1818522636664, 28.625763564498783 ], [ 77.1818522636664, 28.621272008623826 ], [ 77.18696803014555, 28.621272008623826 ] ] ] } },
{ "type": "Feature", "properties": { "cell_id": 1097, "lon": 77.189525913385125, "lat": 28.623517786561305 }, "geometry": { "type": "Polygon", "coordinates": [ [ [ 77.192083796624701, 28.621272008623826 ], [ 77.192083796624701, 28.625763564498783 ], [ 77.18696803014555, 28.625763564498783 ], [ 77.18696803014555, 28.621272008623826 ], [ 77.192083796624701, 28.621272008623826 ] ] ] } },
{ "type": "Feature", "properties": { "cell_id": 1098, "lon": 77.194641679864276, "lat": 28.623517786561305 }, "geometry": { "type": "Polygon", "coordinates": [ [ [ 77.197199563103851, 28.621272008623826 ], [ 77.197199563103851, 28.625763564498783 ], [ 77.192083796624701, 28.625763564498783 ], [ 77.192083796624701, 28.621272008623826 ], [ 77.197199563103851, 28.621272008623826 ] ] ] } },
{ "type": "Feature", "properties": { "cell_id": 1099, "lon": 77.199757446343426, "lat": 28.623517786561305 }, "geometry": { "type": "Polygon", "coordinates": [ [ [ 77.202315329583001, 28.621272008623826 ], [ 77.202315329583001, 28.625763564498783 ], [ 77.197199563103851, 28.625763564498783 ], [ 77.197199563103851, 28.621272008623826 ], [ 77.202315329583001, 28.621272008623826 ] ] ] } },
{ "type": "Feature", "properties": { "cell_id": 1100, "lon": 77.204873212822577, "lat": 28.623517786561305 }, "geometry": { "type": "Polygon", "coordinates": [ [ [ 77.207431096062152, 28.621272008623826 ], [ 77.207431096062152, 28.625763564498783 ], [ 77.202315329583001, 28.625763564498783 ], [ 77.202315329583001, 28.621272008623826 ], [ 77.207431096062152, 28.621272008623826 ] ] ] } },
{ "type": "Feature", "properties": { "cell_id": 1101, "lon": 77.209988979301727, "lat": 28.623517786561305 }, "geometry": { "type": "Polygon", "coordinates": [ [ [ 77.212546862541302, 28.621272008623826 ], [ 77.212546862541302, 28.625763564498783 ], [ 77.207431096062152, 28.625763564498783 ], [ 77.207431096062152, 28.621272008623826 ], [ 77.212546862541302, 28.621272008623826 ] ] ] } },
{ "type": "Feature", "properties": { "cell_id": 1102, "lon": 77.215104745780877, "lat": 28.623517786561305 }, "geometry": { "type": "Polygon", "coordinates": [ [ [ 77.217662629020452, 28.621272008623826 ], [ 77.217662629020452, 28.625763564498783 ], [ 77.212546862541302, 28.625763564498783 ], [ 77.212546862541302, 28.621272008623826 ], [ 77.217662629020452, 28.621272008623826 ] ] ] } },
{ "type": "Feature", "properties": { "cell_id": 1103, "lon": 77.220220512260028, "lat": 28.623517786561305 }, "geometry": { "type": "Polygon", "coordinates": [ [ [ 77.222778395499603, 28.621272008623826 ], [ 77.222778395499603, 28.625763564498783 ], [ 77.217662629020452, 28.625763564498783 ], [ 77.217662629020452, 28.621272008623826 ], [ 77.222778395499603, 28.621272008623826 ] ] ] } },
{ "type": "Feature", "properties": { "cell_id": 1104, "lon": 77.225336278739178, "lat": 28.623517786561305 }, "geometry": { "type": "Polygon", "coordinates": [ [ [ 77.227894161978753, 28.621272008623826 ], [ 77.227894161978753, 28.625763564498783 ], [ 77.222778395499603, 28.625763564498783 ], [ 77.222778395499603, 28.621272008623826 ], [ 77.227894161978753, 28.621272008623826 ] ] ] } },
{ "type": "Feature", "properties": { "cell_id": 1105, "lon": 77.230452045218328, "lat": 28.623517786561305 }, "geometry": { "type": "Polygon", "coordinates": [ [ [ 77.233009928457903, 28.621272008623826 ], [ 77.233009928457903, 28.625763564498783 ], [ 77.227894161978753, 28.625763564498783 ], [ 77.227894161978753, 28.621272008623826 ], [ 77.233009928457903, 28.621272008623826 ] ] ] } },
{ "type": "Feature", "properties": { "cell_id": 1106, "lon": 77.235567811697479, "lat": 28.623517786561305 }, "geometry": { "type": "Polygon", "coordinates": [ [ [ 77.238125694937054, 28.621272008623826 ], [ 77.238125694937054, 28.625763564498783 ], [ 77.233009928457903, 28.625763564498783 ], [ 77.233009928457903, 28.621272008623826 ], [ 77.238125694937054, 28.621272008623826 ] ] ] } },
{ "type": "Feature", "properties": { "cell_id": 1107, "lon": 77.240683578176629, "lat": 28.623517786561305 }, "geometry": { "type": "Polygon", "coordinates": [ [ [ 77.243241461416204, 28.621272008623826 ], [ 77.243241461416204, 28.625763564498783 ], [ 77.238125694937054, 28.625763564498783 ], [ 77.238125694937054, 28.621272008623826 ], [ 77.243241461416204, 28.621272008623826 ] ] ] } },
{ "type": "Feature", "properties": { "cell_id": 1108, "lon": 77.245799344655779, "lat": 28.623517786561305 }, "geometry": { "type": "Polygon", "coordinates": [ [ [ 77.248357227895355, 28.621272008623826 ], [ 77.248357227895355, 28.625763564498783 ], [ 77.243241461416204, 28.625763564498783 ], [ 77.243241461416204, 28.621272008623826 ], [ 77.248357227895355, 28.621272008623826 ] ] ] } },
{ "type": "Feature", "properties": { "cell_id": 1109, "lon": 77.25091511113493, "lat": 28.623517786561305 }, "geometry": { "type": "Polygon", "coordinates": [ [ [ 77.253472994374505, 28.621272008623826 ], [ 77.253472994374505, 28.625763564498783 ], [ 77.248357227895355, 28.625763564498783 ], [ 77.248357227895355, 28.621272008623826 ], [ 77.253472994374505, 28.621272008623826 ] ] ] } },
{ "type": "Feature", "properties": { "cell_id": 1110, "lon": 77.25603087761408, "lat": 28.623517786561305 }, "geometry": { "type": "Polygon", "coordinates": [ [ [ 77.258588760853655, 28.621272008623826 ], [ 77.258588760853655, 28.625763564498783 ], [ 77.253472994374505, 28.625763564498783 ], [ 77.253472994374505, 28.621272008623826 ], [ 77.258588760853655, 28.621272008623826 ] ] ] } },
{ "type": "Feature", "properties": { "cell_id": 1111, "lon": 77.26114664409323, "lat": 28.623517786561305 }, "geometry": { "type": "Polygon", "coordinates": [ [ [ 77.263704527332806, 28.621272008623826 ], [ 77.263704527332806, 28.625763564498783 ], [ 77.258588760853655, 28.625763564498783 ], [ 77.258588760853655, 28.621272008623826 ], [ 77.263704527332806, 28.621272008623826 ] ] ] } },
{ "type": "Feature", "properties": { "cell_id": 1112, "lon": 77.266262410572381, "lat": 28.623517786561305 }, "geometry": { "type": "Polygon", "coordinates": [ [ [ 77.268820293811956, 28.621272008623826 ], [ 77.268820293811956, 28.625763564498783 ], [ 77.263704527332806, 28.625763564498783 ], [ 77.263704527332806, 28.621272008623826 ], [ 77.268820293811956, 28.621272008623826 ] ] ] } },
{ "type": "Feature", "properties": { "cell_id": 1113, "lon": 77.271378177051531, "lat": 28.623517786561305 }, "geometry": { "type": "Polygon", "coordinates": [ [ [ 77.273936060291106, 28.621272008623826 ], [ 77.273936060291106, 28.625763564498783 ], [ 77.268820293811956, 28.625763564498783 ], [ 77.268820293811956, 28.621272008623826 ], [ 77.273936060291106, 28.621272008623826 ] ] ] } },
{ "type": "Feature", "properties": { "cell_id": 1114, "lon": 77.276493943530681, "lat": 28.623517786561305 }, "geometry": { "type": "Polygon", "coordinates": [ [ [ 77.279051826770257, 28.621272008623826 ], [ 77.279051826770257, 28.625763564498783 ], [ 77.273936060291106, 28.625763564498783 ], [ 77.273936060291106, 28.621272008623826 ], [ 77.279051826770257, 28.621272008623826 ] ] ] } },
{ "type": "Feature", "properties": { "cell_id": 1115, "lon": 77.281609710009832, "lat": 28.623517786561305 }, "geometry": { "type": "Polygon", "coordinates": [ [ [ 77.284167593249407, 28.621272008623826 ], [ 77.284167593249407, 28.625763564498783 ], [ 77.279051826770257, 28.625763564498783 ], [ 77.279051826770257, 28.621272008623826 ], [ 77.284167593249407, 28.621272008623826 ] ] ] } },
{ "type": "Feature", "properties": { "cell_id": 1116, "lon": 77.286725476488982, "lat": 28.623517786561305 }, "geometry": { "type": "Polygon", "coordinates": [ [ [ 77.289283359728557, 28.621272008623826 ], [ 77.289283359728557, 28.625763564498783 ], [ 77.284167593249407, 28.625763564498783 ], [ 77.284167593249407, 28.621272008623826 ], [ 77.289283359728557, 28.621272008623826 ] ] ] } },
{ "type": "Feature", "properties": { "cell_id": 1117, "lon": 77.291841242968133, "lat": 28.623517786561305 }, "geometry": { "type": "Polygon", "coordinates": [ [ [ 77.294399126207708, 28.621272008623826 ], [ 77.294399126207708, 28.625763564498783 ], [ 77.289283359728557, 28.625763564498783 ], [ 77.289283359728557, 28.621272008623826 ], [ 77.294399126207708, 28.621272008623826 ] ] ] } },
{ "type": "Feature", "properties": { "cell_id": 1118, "lon": 77.296957009447283, "lat": 28.623517786561305 }, "geometry": { "type": "Polygon", "coordinates": [ [ [ 77.299514892686858, 28.621272008623826 ], [ 77.299514892686858, 28.625763564498783 ], [ 77.294399126207708, 28.625763564498783 ], [ 77.294399126207708, 28.621272008623826 ], [ 77.299514892686858, 28.621272008623826 ] ] ] } },
{ "type": "Feature", "properties": { "cell_id": 1120, "lon": 77.102557883239569, "lat": 28.628009342436261 }, "geometry": { "type": "Polygon", "coordinates": [ [ [ 77.105115766479145, 28.625763564498783 ], [ 77.105115766479145, 28.630255120373739 ], [ 77.1, 28.630255120373739 ], [ 77.1, 28.625763564498783 ], [ 77.105115766479145, 28.625763564498783 ] ] ] } },
{ "type": "Feature", "properties": { "cell_id": 1121, "lon": 77.10767364971872, "lat": 28.628009342436261 }, "geometry": { "type": "Polygon", "coordinates": [ [ [ 77.110231532958295, 28.625763564498783 ], [ 77.110231532958295, 28.630255120373739 ], [ 77.105115766479145, 28.630255120373739 ], [ 77.105115766479145, 28.625763564498783 ], [ 77.110231532958295, 28.625763564498783 ] ] ] } },
{ "type": "Feature", "properties": { "cell_id": 1122, "lon": 77.11278941619787, "lat": 28.628009342436261 }, "geometry": { "type": "Polygon", "coordinates": [ [ [ 77.115347299437445, 28.625763564498783 ], [ 77.115347299437445, 28.630255120373739 ], [ 77.110231532958295, 28.630255120373739 ], [ 77.110231532958295, 28.625763564498783 ], [ 77.115347299437445, 28.625763564498783 ] ] ] } },
{ "type": "Feature", "properties": { "cell_id": 1123, "lon": 77.117905182677021, "lat": 28.628009342436261 }, "geometry": { "type": "Polygon", "coordinates": [ [ [ 77.120463065916596, 28.625763564498783 ], [ 77.120463065916596, 28.630255120373739 ], [ 77.115347299437445, 28.630255120373739 ], [ 77.115347299437445, 28.625763564498783 ], [ 77.120463065916596, 28.625763564498783 ] ] ] } },
{ "type": "Feature", "properties": { "cell_id": 1124, "lon": 77.123020949156171, "lat": 28.628009342436261 }, "geometry": { "type": "Polygon", "coordinates": [ [ [ 77.125578832395746, 28.625763564498783 ], [ 77.125578832395746, 28.630255120373739 ], [ 77.120463065916596, 28.630255120373739 ], [ 77.120463065916596, 28.625763564498783 ], [ 77.125578832395746, 28.625763564498783 ] ] ] } },
{ "type": "Feature", "properties": { "cell_id": 1125, "lon": 77.128136715635321, "lat": 28.628009342436261 }, "geometry": { "type": "Polygon", "coordinates": [ [ [ 77.130694598874896, 28.625763564498783 ], [ 77.130694598874896, 28.630255120373739 ], [ 77.125578832395746, 28.630255120373739 ], [ 77.125578832395746, 28.625763564498783 ], [ 77.130694598874896, 28.625763564498783 ] ] ] } },
{ "type": "Feature", "properties": { "cell_id": 1126, "lon": 77.133252482114472, "lat": 28.628009342436261 }, "geometry": { "type": "Polygon", "coordinates": [ [ [ 77.135810365354047, 28.625763564498783 ], [ 77.135810365354047, 28.630255120373739 ], [ 77.130694598874896, 28.630255120373739 ], [ 77.130694598874896, 28.625763564498783 ], [ 77.135810365354047, 28.625763564498783 ] ] ] } },
{ "type": "Feature", "properties": { "cell_id": 1127, "lon": 77.138368248593622, "lat": 28.628009342436261 }, "geometry": { "type": "Polygon", "coordinates": [ [ [ 77.140926131833197, 28.625763564498783 ], [ 77.140926131833197, 28.630255120373739 ], [ 77.135810365354047, 28.630255120373739 ], [ 77.135810365354047, 28.625763564498783 ], [ 77.140926131833197, 28.625763564498783 ] ] ] } },
{ "type": "Feature", "properties": { "cell_id": 1128, "lon": 77.143484015072772, "lat": 28.628009342436261 }, "geometry": { "type": "Polygon", "coordinates": [ [ [ 77.146041898312347, 28.625763564498783 ], [ 77.146041898312347, 28.630255120373739 ], [ 77.140926131833197, 28.630255120373739 ], [ 77.140926131833197, 28.625763564498783 ], [ 77.146041898312347, 28.625763564498783 ] ] ] } },
{ "type": "Feature", "properties": { "cell_id": 1129, "lon": 77.148599781551923, "lat": 28.628009342436261 }, "geometry": { "type": "Polygon", "coordinates": [ [ [ 77.151157664791498, 28.625763564498783 ], [ 77.151157664791498, 28.630255120373739 ], [ 77.146041898312347, 28.630255120373739 ], [ 77.146041898312347, 28.625763564498783 ], [ 77.151157664791498, 28.625763564498783 ] ] ] } },
{ "type": "Feature", "properties": { "cell_id": 1130, "lon": 77.153715548031073, "lat": 28.628009342436261 }, "geometry": { "type": "Polygon", "coordinates": [ [ [ 77.156273431270648, 28.625763564498783 ], [ 77.156273431270648, 28.630255120373739 ], [ 77.151157664791498, 28.630255120373739 ], [ 77.151157664791498, 28.625763564498783 ], [ 77.156273431270648, 28.625763564498783 ] ] ] } },
{ "type": "Feature", "properties": { "cell_id": 1131, "lon": 77.158831314510223, "lat": 28.628009342436261 }, "geometry": { "type": "Polygon", "coordinates": [ [ [ 77.161389197749799, 28.625763564498783 ], [ 77.161389197749799, 28.630255120373739 ], [ 77.156273431270648, 28.630255120373739 ], [ 77.156273431270648, 28.625763564498783 ], [ 77.161389197749799, 28.625763564498783 ] ] ] } },
{ "type": "Feature", "properties": { "cell_id": 1132, "lon": 77.163947080989374, "lat": 28.628009342436261 }, "geometry": { "type": "Polygon", "coordinates": [ [ [ 77.166504964228949, 28.625763564498783 ], [ 77.166504964228949, 28.630255120373739 ], [ 77.161389197749799, 28.630255120373739 ], [ 77.161389197749799, 28.625763564498783 ], [ 77.166504964228949, 28.625763564498783 ] ] ] } },
{ "type": "Feature", "properties": { "cell_id": 1133, "lon": 77.169062847468524, "lat": 28.628009342436261 }, "geometry": { "type": "Polygon", "coordinates": [ [ [ 77.171620730708099, 28.625763564498783 ], [ 77.171620730708099, 28.630255120373739 ], [ 77.166504964228949, 28.630255120373739 ], [ 77.166504964228949, 28.625763564498783 ], [ 77.171620730708099, 28.625763564498783 ] ] ] } },
{ "type": "Feature", "properties": { "cell_id": 1134, "lon": 77.174178613947674, "lat": 28.628009342436261 }, "geometry": { "type": "Polygon", "coordinates": [ [ [ 77.17673649718725, 28.625763564498783 ], [ 77.17673649718725, 28.630255120373739 ], [ 77.171620730708099, 28.630255120373739 ], [ 77.171620730708099, 28.625763564498783 ], [ 77.17673649718725, 28.625763564498783 ] ] ] } },
{ "type": "Feature", "properties": { "cell_id": 1135, "lon": 77.179294380426825, "lat": 28.628009342436261 }, "geometry": { "type": "Polygon", "coordinates": [ [ [ 77.1818522636664, 28.625763564498783 ], [ 77.1818522636664, 28.630255120373739 ], [ 77.17673649718725, 28.630255120373739 ], [ 77.17673649718725, 28.625763564498783 ], [ 77.1818522636664, 28.625763564498783 ] ] ] } },
{ "type": "Feature", "properties": { "cell_id": 1136, "lon": 77.184410146905975, "lat": 28.628009342436261 }, "geometry": { "type": "Polygon", "coordinates": [ [ [ 77.18696803014555, 28.625763564498783 ], [ 77.18696803014555, 28.630255120373739 ], [ 77.1818522636664, 28.630255120373739 ], [ 77.1818522636664, 28.625763564498783 ], [ 77.18696803014555, 28.625763564498783 ] ] ] } },
{ "type": "Feature", "properties": { "cell_id": 1137, "lon": 77.189525913385125, "lat": 28.628009342436261 }, "geometry": { "type": "Polygon", "coordinates": [ [ [ 77.192083796624701, 28.625763564498783 ], [ 77.192083796624701, 28.630255120373739 ], [ 77.18696803014555, 28.630255120373739 ], [ 77.18696803014555, 28.625763564498783 ], [ 77.192083796624701, 28.625763564498783 ] ] ] } },
{ "type": "Feature", "properties": { "cell_id": 1138, "lon": 77.194641679864276, "lat": 28.628009342436261 }, "geometry": { "type": "Polygon", "coordinates": [ [ [ 77.197199563103851, 28.625763564498783 ], [ 77.197199563103851, 28.630255120373739 ], [ 77.192083796624701, 28.630255120373739 ], [ 77.192083796624701, 28.625763564498783 ], [ 77.197199563103851, 28.625763564498783 ] ] ] } },
{ "type": "Feature", "properties": { "cell_id": 1139, "lon": 77.199757446343426, "lat": 28.628009342436261 }, "geometry": { "type": "Polygon", "coordinates": [ [ [ 77.202315329583001, 28.625763564498783 ], [ 77.202315329583001, 28.630255120373739 ], [ 77.197199563103851, 28.630255120373739 ], [ 77.197199563103851, 28.625763564498783 ], [ 77.202315329583001, 28.625763564498783 ] ] ] } },
{ "type": "Feature", "properties": { "cell_id": 1140, "lon": 77.204873212822577, "lat": 28.628009342436261 }, "geometry": { "type": "Polygon", "coordinates": [ [ [ 77.207431096062152, 28.625763564498783 ], [ 77.207431096062152, 28.630255120373739 ], [ 77.202315329583001, 28.630255120373739 ], [ 77.202315329583001, 28.625763564498783 ], [ 77.207431096062152, 28.625763564498783 ] ] ] } },
{ "type": "Feature", "properties": { "cell_id": 1141, "lon": 77.209988979301727, "lat": 28.628009342436261 }, "geometry": { "type": "Polygon", "coordinates": [ [ [ 77.212546862541302, 28.625763564498783 ], [ 77.212546862541302, 28.630255120373739 ], [ 77.207431096062152, 28.630255120373739 ], [ 77.207431096062152, 28.625763564498783 ], [ 77.212546862541302, 28.625763564498783 ] ] ] } },
{ "type": "Feature", "properties": { "cell_id": 1142, "lon": 77.215104745780877, "lat": 28.628009342436261 }, "geometry": { "type": "Polygon", "coordinates": [ [ [ 77.217662629020452, 28.625763564498783 ], [ 77.217662629020452, 28.630255120373739 ], [ 77.212546862541302, 28.630255120373739 ], [ 77.212546862541302, 28.625763564498783 ], [ 77.217662629020452, 28.625763564498783 ] ] ] } },
{ "type": "Feature", "properties": { "cell_id": 1143, "lon": 77.220220512260028, "lat": 28.628009342436261 }, "geometry": { "type": "Polygon", "coordinates": [ [ [ 77.222778395499603, 28.625763564498783 ], [ 77.222778395499603, 28.630255120373739 ], [ 77.217662629020452, 28.630255120373739 ], [ 77.217662629020452, 28.625763564498783 ], [ 77.222778395499603, 28.625763564498783 ] ] ] } },
{ "type": "Feature", "properties": { "cell_id": 1144, "lon": 77.225336278739178, "lat": 28.628009342436261 }, "geometry": { "type": "Polygon", "coordinates": [ [ [ 77.227894161978753, 28.625763564498783 ], [ 77.227894161978753, 28.630255120373739 ], [ 77.222778395499603, 28.630255120373739 ], [ 77.222778395499603, 28.625763564498783 ], [ 77.227894161978753, 28.625763564498783 ] ] ] } },
{ "type": "Feature", "properties": { "cell_id": 1145, "lon": 77.230452045218328, "lat": 28.628009342436261 }, "geometry": { "type": "Polygon", "coordinates": [ [ [ 77.233009928457903, 28.625763564498783 ], [ 77.233009928457903, 28.630255120373739 ], [ 77.227894161978753, 28.630255120373739 ], [ 77.227894161978753, 28.625763564498783 ], [ 77.233009928457903, 28.625763564498783 ] ] ] } },
{ "type": "Feature", "properties": { "cell_id": 1146, "lon": 77.235567811697479, "lat": 28.628009342436261 }, "geometry": { "type": "Polygon", "coordinates": [ [ [ 77.238125694937054, 28.625763564498783 ], [ 77.238125694937054, 28.630255120373739 ], [ 77.233009928457903, 28.630255120373739 ], [ 77.233009928457903, 28.625763564498783 ], [ 77.238125694937054, 28.625763564498783 ] ] ] } },
{ "type": "Feature", "properties": { "cell_id": 1147, "lon": 77.240683578176629, "lat": 28.628009342436261 }, "geometry": { "type": "Polygon", "coordinates": [ [ [ 77.243241461416204, 28.625763564498783 ], [ 77.243241461416204, 28.630255120373739 ], [ 77.238125694937054, 28.630255120373739 ], [ 77.238125694937054, 28.625763564498783 ], [ 77.243241461416204, 28.625763564498783 ] ] ] } },
{ "type": "Feature", "properties": { "cell_id": 1148, "lon": 77.245799344655779, "lat": 28.628009342436261 }, "geometry": { "type": "Polygon", "coordinates": [ [ [ 77.248357227895355, 28.625763564498783 ], [ 77.248357227895355, 28.630255120373739 ], [ 77.243241461416204, 28.630255120373739 ], [ 77.243241461416204, 28.625763564498783 ], [ 77.248357227895355, 28.625763564498783 ] ] ] } },
{ "type": "Feature", "properties": { "cell_id": 1149, "lon": 77.25091511113493, "lat": 28.628009342436261 }, "geometry": { "type": "Polygon", "coordinates": [ [ [ 77.253472994374505, 28.625763564498783 ], [ 77.253472994374505, 28.630255120373739 ], [ 77.248357227895355, 28.630255120373739 ], [ 77.248357227895355, 28.625763564498783 ], [ 77.253472994374505, 28.625763564498783 ] ] ] } },
{ "type": "Feature", "properties": { "cell_id": 1150, "lon": 77.25603087761408, "lat": 28.628009342436261 }, "geometry": { "type": "Polygon", "coordinates": [ [ [ 77.258588760853655, 28.625763564498783 ], [ 77.258588760853655, 28.630255120373739 ], [ 77.253472994374505, 28.630255120373739 ], [ 77.253472994374505, 28.625763564498783 ], [ 77.258588760853655, 28.625763564498783 ] ] ] } },
{ "type": "Feature", "properties": { "cell_id": 1151, "lon": 77.26114664409323, "lat": 28.628009342436261 }, "geometry": { "type": "Polygon", "coordinates": [ [ [ 77.263704527332806, 28.625763564498783 ], [ 77.263704527332806, 28.630255120373739 ], [ 77.258588760853655, 28.630255120373739 ], [ 77.258588760853655, 28.625763564498783 ], [ 77.263704527332806, 28.625763564498783 ] ] ] } },
{ "type": "Feature", "properties": { "cell_id": 1152, "lon": 77.266262410572381, "lat": 28.628009342436261 }, "geometry": { "type": "Polygon", "coordinates": [ [ [ 77.268820293811956, 28.625763564498783 ], [ 77.268820293811956, 28.630255120373739 ], [ 77.263704527332806, 28.630255120373739 ], [ 77.263704527332806, 28.625763564498783 ], [ 77.268820293811956, 28.625763564498783 ] ] ] } },
{ "type": "Feature", "properties": { "cell_id": 1153, "lon": 77.271378177051531, "lat": 28.628009342436261 }, "geometry": { "type": "Polygon", "coordinates": [ [ [ 77.273936060291106, 28.625763564498783 ], [ 77.273936060291106, 28.630255120373739 ], [ 77.268820293811956, 28.630255120373739 ], [ 77.268820293811956, 28.625763564498783 ], [ 77.273936060291106, 28.625763564498783 ] ] ] } },
{ "type": "Feature", "properties": { "cell_id": 1154, "lon": 77.276493943530681, "lat": 28.628009342436261 }, "geometry": { "type": "Polygon", "coordinates": [ [ [ 77.279051826770257, 28.625763564498783 ], [ 77.279051826770257, 28.630255120373739 ], [ 77.273936060291106, 28.630255120373739 ], [ 77.273936060291106, 28.625763564498783 ], [ 77.279051826770257, 28.625763564498783 ] ] ] } },
{ "type": "Feature", "properties": { "cell_id": 1155, "lon": 77.281609710009832, "lat": 28.628009342436261 }, "geometry": { "type": "Polygon", "coordinates": [ [ [ 77.284167593249407, 28.625763564498783 ], [ 77.284167593249407, 28.630255120373739 ], [ 77.279051826770257, 28.630255120373739 ], [ 77.279051826770257, 28.625763564498783 ], [ 77.284167593249407, 28.625763564498783 ] ] ] } },
{ "type": "Feature", "properties": { "cell_id": 1156, "lon": 77.286725476488982, "lat": 28.628009342436261 }, "geometry": { "type": "Polygon", "coordinates": [ [ [ 77.289283359728557, 28.625763564498783 ], [ 77.289283359728557, 28.630255120373739 ], [ 77.284167593249407, 28.630255120373739 ], [ 77.284167593249407, 28.625763564498783 ], [ 77.289283359728557, 28.625763564498783 ] ] ] } },
{ "type": "Feature", "properties": { "cell_id": 1157, "lon": 77.291841242968133, "lat": 28.628009342436261 }, "geometry": { "type": "Polygon", "coordinates": [ [ [ 77.294399126207708, 28.625763564498783 ], [ 77.294399126207708, 28.630255120373739 ], [ 77.289283359728557, 28.630255120373739 ], [ 77.289283359728557, 28.625763564498783 ], [ 77.294399126207708, 28.625763564498783 ] ] ] } },
{ "type": "Feature", "properties": { "cell_id": 1158, "lon": 77.296957009447283, "lat": 28.628009342436261 }, "geometry": { "type": "Polygon", "coordinates": [ [ [ 77.299514892686858, 28.625763564498783 ], [ 77.299514892686858, 28.630255120373739 ], [ 77.294399126207708, 28.630255120373739 ], [ 77.294399126207708, 28.625763564498783 ], [ 77.299514892686858, 28.625763564498783 ] ] ] } },
{ "type": "Feature", "properties": { "cell_id": 1160, "lon": 77.102557883239569, "lat": 28.632500898311218 }, "geometry": { "type": "Polygon", "coordinates": [ [ [ 77.105115766479145, 28.630255120373739 ], [ 77.105115766479145, 28.634746676248696 ], [ 77.1, 28.634746676248696 ], [ 77.1, 28.630255120373739 ], [ 77.105115766479145, 28.630255120373739 ] ] ] } },
{ "type": "Feature", "properties": { "cell_id": 1161, "lon": 77.10767364971872, "lat": 28.632500898311218 }, "geometry": { "type": "Polygon", "coordinates": [ [ [ 77.110231532958295, 28.630255120373739 ], [ 77.110231532958295, 28.634746676248696 ], [ 77.105115766479145, 28.634746676248696 ], [ 77.105115766479145, 28.630255120373739 ], [ 77.110231532958295, 28.630255120373739 ] ] ] } },
{ "type": "Feature", "properties": { "cell_id": 1162, "lon": 77.11278941619787, "lat": 28.632500898311218 }, "geometry": { "type": "Polygon", "coordinates": [ [ [ 77.115347299437445, 28.630255120373739 ], [ 77.115347299437445, 28.634746676248696 ], [ 77.110231532958295, 28.634746676248696 ], [ 77.110231532958295, 28.630255120373739 ], [ 77.115347299437445, 28.630255120373739 ] ] ] } },
{ "type": "Feature", "properties": { "cell_id": 1163, "lon": 77.117905182677021, "lat": 28.632500898311218 }, "geometry": { "type": "Polygon", "coordinates": [ [ [ 77.120463065916596, 28.630255120373739 ], [ 77.120463065916596, 28.634746676248696 ], [ 77.115347299437445, 28.634746676248696 ], [ 77.115347299437445, 28.630255120373739 ], [ 77.120463065916596, 28.630255120373739 ] ] ] } },
{ "type": "Feature", "properties": { "cell_id": 1164, "lon": 77.123020949156171, "lat": 28.632500898311218 }, "geometry": { "type": "Polygon", "coordinates": [ [ [ 77.125578832395746, 28.630255120373739 ], [ 77.125578832395746, 28.634746676248696 ], [ 77.120463065916596, 28.634746676248696 ], [ 77.120463065916596, 28.630255120373739 ], [ 77.125578832395746, 28.630255120373739 ] ] ] } },
{ "type": "Feature", "properties": { "cell_id": 1165, "lon": 77.128136715635321, "lat": 28.632500898311218 }, "geometry": { "type": "Polygon", "coordinates": [ [ [ 77.130694598874896, 28.630255120373739 ], [ 77.130694598874896, 28.634746676248696 ], [ 77.125578832395746, 28.634746676248696 ], [ 77.125578832395746, 28.630255120373739 ], [ 77.130694598874896, 28.630255120373739 ] ] ] } },
{ "type": "Feature", "properties": { "cell_id": 1166, "lon": 77.133252482114472, "lat": 28.632500898311218 }, "geometry": { "type": "Polygon", "coordinates": [ [ [ 77.135810365354047, 28.630255120373739 ], [ 77.135810365354047, 28.634746676248696 ], [ 77.130694598874896, 28.634746676248696 ], [ 77.130694598874896, 28.630255120373739 ], [ 77.135810365354047, 28.630255120373739 ] ] ] } },
{ "type": "Feature", "properties": { "cell_id": 1167, "lon": 77.138368248593622, "lat": 28.632500898311218 }, "geometry": { "type": "Polygon", "coordinates": [ [ [ 77.140926131833197, 28.630255120373739 ], [ 77.140926131833197, 28.634746676248696 ], [ 77.135810365354047, 28.634746676248696 ], [ 77.135810365354047, 28.630255120373739 ], [ 77.140926131833197, 28.630255120373739 ] ] ] } },
{ "type": "Feature", "properties": { "cell_id": 1168, "lon": 77.143484015072772, "lat": 28.632500898311218 }, "geometry": { "type": "Polygon", "coordinates": [ [ [ 77.146041898312347, 28.630255120373739 ], [ 77.146041898312347, 28.634746676248696 ], [ 77.140926131833197, 28.634746676248696 ], [ 77.140926131833197, 28.630255120373739 ], [ 77.146041898312347, 28.630255120373739 ] ] ] } },
{ "type": "Feature", "properties": { "cell_id": 1169, "lon": 77.148599781551923, "lat": 28.632500898311218 }, "geometry": { "type": "Polygon", "coordinates": [ [ [ 77.151157664791498, 28.630255120373739 ], [ 77.151157664791498, 28.634746676248696 ], [ 77.146041898312347, 28.634746676248696 ], [ 77.146041898312347, 28.630255120373739 ], [ 77.151157664791498, 28.630255120373739 ] ] ] } },
{ "type": "Feature", "properties": { "cell_id": 1170, "lon": 77.153715548031073, "lat": 28.632500898311218 }, "geometry": { "type": "Polygon", "coordinates": [ [ [ 77.156273431270648, 28.630255120373739 ], [ 77.156273431270648, 28.634746676248696 ], [ 77.151157664791498, 28.634746676248696 ], [ 77.151157664791498, 28.630255120373739 ], [ 77.156273431270648, 28.630255120373739 ] ] ] } },
{ "type": "Feature", "properties": { "cell_id": 1171, "lon": 77.158831314510223, "lat": 28.632500898311218 }, "geometry": { "type": "Polygon", "coordinates": [ [ [ 77.161389197749799, 28.630255120373739 ], [ 77.161389197749799, 28.634746676248696 ], [ 77.156273431270648, 28.634746676248696 ], [ 77.156273431270648, 28.630255120373739 ], [ 77.161389197749799, 28.630255120373739 ] ] ] } },
{ "type": "Feature", "properties": { "cell_id": 1172, "lon": 77.163947080989374, "lat": 28.632500898311218 }, "geometry": { "type": "Polygon", "coordinates": [ [ [ 77.166504964228949, 28.630255120373739 ], [ 77.166504964228949, 28.634746676248696 ], [ 77.161389197749799, 28.634746676248696 ], [ 77.161389197749799, 28.630255120373739 ], [ 77.166504964228949, 28.630255120373739 ] ] ] } },
{ "type": "Feature", "properties": { "cell_id": 1173, "lon": 77.169062847468524, "lat": 28.632500898311218 }, "geometry": { "type": "Polygon", "coordinates": [ [ [ 77.171620730708099, 28.630255120373739 ], [ 77.171620730708099, 28.634746676248696 ], [ 77.166504964228949, 28.634746676248696 ], [ 77.166504964228949, 28.630255120373739 ], [ 77.171620730708099, 28.630255120373739 ] ] ] } },
{ "type": "Feature", "properties": { "cell_id": 1174, "lon": 77.174178613947674, "lat": 28.632500898311218 }, "geometry": { "type": "Polygon", "coordinates": [ [ [ 77.17673649718725, 28.630255120373739 ], [ 77.17673649718725, 28.634746676248696 ], [ 77.171620730708099, 28.634746676248696 ], [ 77.171620730708099, 28.630255120373739 ], [ 77.17673649718725, 28.630255120373739 ] ] ] } },
{ "type": "Feature", "properties": { "cell_id": 1175, "lon": 77.179294380426825, "lat": 28.632500898311218 }, "geometry": { "type": "Polygon", "coordinates": [ [ [ 77.1818522636664, 28.630255120373739 ], [ 77.1818522636664, 28.634746676248696 ], [ 77.17673649718725, 28.634746676248696 ], [ 77.17673649718725, 28.630255120373739 ], [ 77.1818522636664, 28.630255120373739 ] ] ] } },
{ "type": "Feature", "properties": { "cell_id": 1176, "lon": 77.184410146905975, "lat": 28.632500898311218 }, "geometry": { "type": "Polygon", "coordinates": [ [ [ 77.18696803014555, 28.630255120373739 ], [ 77.18696803014555, 28.634746676248696 ], [ 77.1818522636664, 28.634746676248696 ], [ 77.1818522636664, 28.630255120373739 ], [ 77.18696803014555, 28.630255120373739 ] ] ] } },
{ "type": "Feature", "properties": { "cell_id": 1177, "lon": 77.189525913385125, "lat": 28.632500898311218 }, "geometry": { "type": "Polygon", "coordinates": [ [ [ 77.192083796624701, 28.630255120373739 ], [ 77.192083796624701, 28.634746676248696 ], [ 77.18696803014555, 28.634746676248696 ], [ 77.18696803014555, 28.630255120373739 ], [ 77.192083796624701, 28.630255120373739 ] ] ] } },
{ "type": "Feature", "properties": { "cell_id": 1178, "lon": 77.194641679864276, "lat": 28.632500898311218 }, "geometry": { "type": "Polygon", "coordinates": [ [ [ 77.197199563103851, 28.630255120373739 ], [ 77.197199563103851, 28.634746676248696 ], [ 77.192083796624701, 28.634746676248696 ], [ 77.192083796624701, 28.630255120373739 ], [ 77.197199563103851, 28.630255120373739 ] ] ] } },
{ "type": "Feature", "properties": { "cell_id": 1179, "lon": 77.199757446343426, "lat": 28.632500898311218 }, "geometry": { "type": "Polygon", "coordinates": [ [ [ 77.202315329583001, 28.630255120373739 ], [ 77.202315329583001, 28.634746676248696 ], [ 77.197199563103851, 28.634746676248696 ], [ 77.197199563103851, 28.630255120373739 ], [ 77.202315329583001, 28.630255120373739 ] ] ] } },
{ "type": "Feature", "properties": { "cell_id": 1180, "lon": 77.204873212822577, "lat": 28.632500898311218 }, "geometry": { "type": "Polygon", "coordinates": [ [ [ 77.207431096062152, 28.630255120373739 ], [ 77.207431096062152, 28.634746676248696 ], [ 77.202315329583001, 28.634746676248696 ], [ 77.202315329583001, 28.630255120373739 ], [ 77.207431096062152, 28.630255120373739 ] ] ] } },
{ "type": "Feature", "properties": { "cell_id": 1181, "lon": 77.209988979301727, "lat": 28.632500898311218 }, "geometry": { "type": "Polygon", "coordinates": [ [ [ 77.212546862541302, 28.630255120373739 ], [ 77.212546862541302, 28.634746676248696 ], [ 77.207431096062152, 28.634746676248696 ], [ 77.207431096062152, 28.630255120373739 ], [ 77.212546862541302, 28.630255120373739 ] ] ] } },
{ "type": "Feature", "properties": { "cell_id": 1182, "lon": 77.215104745780877, "lat": 28.632500898311218 }, "geometry": { "type": "Polygon", "coordinates": [ [ [ 77.217662629020452, 28.630255120373739 ], [ 77.217662629020452, 28.634746676248696 ], [ 77.212546862541302, 28.634746676248696 ], [ 77.212546862541302, 28.630255120373739 ], [ 77.217662629020452, 28.630255120373739 ] ] ] } },
{ "type": "Feature", "properties": { "cell_id": 1183, "lon": 77.220220512260028, "lat": 28.632500898311218 }, "geometry": { "type": "Polygon", "coordinates": [ [ [ 77.222778395499603, 28.630255120373739 ], [ 77.222778395499603, 28.634746676248696 ], [ 77.217662629020452, 28.634746676248696 ], [ 77.217662629020452, 28.630255120373739 ], [ 77.222778395499603, 28.630255120373739 ] ] ] } },
{ "type": "Feature", "properties": { "cell_id": 1184, "lon": 77.225336278739178, "lat": 28.632500898311218 }, "geometry": { "type": "Polygon", "coordinates": [ [ [ 77.227894161978753, 28.630255120373739 ], [ 77.227894161978753, 28.634746676248696 ], [ 77.222778395499603, 28.634746676248696 ], [ 77.222778395499603, 28.630255120373739 ], [ 77.227894161978753, 28.630255120373739 ] ] ] } },
{ "type": "Feature", "properties": { "cell_id": 1185, "lon": 77.230452045218328, "lat": 28.632500898311218 }, "geometry": { "type": "Polygon", "coordinates": [ [ [ 77.233009928457903, 28.630255120373739 ], [ 77.233009928457903, 28.634746676248696 ], [ 77.227894161978753, 28.634746676248696 ], [ 77.227894161978753, 28.630255120373739 ], [ 77.233009928457903, 28.630255120373739 ] ] ] } },
{ "type": "Feature", "properties": { "cell_id": 1186, "lon": 77.235567811697479, "lat": 28.632500898311218 }, "geometry": { "type": "Polygon", "coordinates": [ [ [ 77.238125694937054, 28.630255120373739 ], [ 77.238125694937054, 28.634746676248696 ], [ 77.233009928457903, 28.634746676248696 ], [ 77.233009928457903, 28.630255120373739 ], [ 77.238125694937054, 28.630255120373739 ] ] ] } },
{ "type": "Feature", "properties": { "cell_id": 1187, "lon": 77.240683578176629, "lat": 28.632500898311218 }, "geometry": { "type": "Polygon", "coordinates": [ [ [ 77.243241461416204, 28.630255120373739 ], [ 77.243241461416204, 28.634746676248696 ], [ 77.238125694937054, 28.634746676248696 ], [ 77.238125694937054, 28.630255120373739 ], [ 77.243241461416204, 28.630255120373739 ] ] ] } },
{ "type": "Feature", "properties": { "cell_id": 1188, "lon": 77.245799344655779, "lat": 28.632500898311218 }, "geometry": { "type": "Polygon", "coordinates": [ [ [ 77.248357227895355, 28.630255120373739 ], [ 77.248357227895355, 28.634746676248696 ], [ 77.243241461416204, 28.634746676248696 ], [ 77.243241461416204, 28.630255120373739 ], [ 77.248357227895355, 28.630255120373739 ] ] ] } },
{ "type": "Feature", "properties": { "cell_id": 1189, "lon": 77.25091511113493, "lat": 28.632500898311218 }, "geometry": { "type": "Polygon", "coordinates": [ [ [ 77.253472994374505, 28.630255120373739 ], [ 77.253472994374505, 28.634746676248696 ], [ 77.248357227895355, 28.634746676248696 ], [ 77.248357227895355, 28.630255120373739 ], [ 77.253472994374505, 28.630255120373739 ] ] ] } },
{ "type": "Feature", "properties": { "cell_id": 1190, "lon": 77.25603087761408, "lat": 28.632500898311218 }, "geometry": { "type": "Polygon", "coordinates": [ [ [ 77.258588760853655, 28.630255120373739 ], [ 77.258588760853655, 28.634746676248696 ], [ 77.253472994374505, 28.634746676248696 ], [ 77.253472994374505, 28.630255120373739 ], [ 77.258588760853655, 28.630255120373739 ] ] ] } },
{ "type": "Feature", "properties": { "cell_id": 1191, "lon": 77.26114664409323, "lat": 28.632500898311218 }, "geometry": { "type": "Polygon", "coordinates": [ [ [ 77.263704527332806, 28.630255120373739 ], [ 77.263704527332806, 28.634746676248696 ], [ 77.258588760853655, 28.634746676248696 ], [ 77.258588760853655, 28.630255120373739 ], [ 77.263704527332806, 28.630255120373739 ] ] ] } },
{ "type": "Feature", "properties": { "cell_id": 1192, "lon": 77.266262410572381, "lat": 28.632500898311218 }, "geometry": { "type": "Polygon", "coordinates": [ [ [ 77.268820293811956, 28.630255120373739 ], [ 77.268820293811956, 28.634746676248696 ], [ 77.263704527332806, 28.634746676248696 ], [ 77.263704527332806, 28.630255120373739 ], [ 77.268820293811956, 28.630255120373739 ] ] ] } },
{ "type": "Feature", "properties": { "cell_id": 1193, "lon": 77.271378177051531, "lat": 28.632500898311218 }, "geometry": { "type": "Polygon", "coordinates": [ [ [ 77.273936060291106, 28.630255120373739 ], [ 77.273936060291106, 28.634746676248696 ], [ 77.268820293811956, 28.634746676248696 ], [ 77.268820293811956, 28.630255120373739 ], [ 77.273936060291106, 28.630255120373739 ] ] ] } },
{ "type": "Feature", "properties": { "cell_id": 1194, "lon": 77.276493943530681, "lat": 28.632500898311218 }, "geometry": { "type": "Polygon", "coordinates": [ [ [ 77.279051826770257, 28.630255120373739 ], [ 77.279051826770257, 28.634746676248696 ], [ 77.273936060291106, 28.634746676248696 ], [ 77.273936060291106, 28.630255120373739 ], [ 77.279051826770257, 28.630255120373739 ] ] ] } },
{ "type": "Feature", "properties": { "cell_id": 1195, "lon": 77.281609710009832, "lat": 28.632500898311218 }, "geometry": { "type": "Polygon", "coordinates": [ [ [ 77.284167593249407, 28.630255120373739 ], [ 77.284167593249407, 28.634746676248696 ], [ 77.279051826770257, 28.634746676248696 ], [ 77.279051826770257, 28.630255120373739 ], [ 77.284167593249407, 28.630255120373739 ] ] ] } },
{ "type": "Feature", "properties": { "cell_id": 1196, "lon": 77.286725476488982, "lat": 28.632500898311218 }, "geometry": { "type": "Polygon", "coordinates": [ [ [ 77.289283359728557, 28.630255120373739 ], [ 77.289283359728557, 28.634746676248696 ], [ 77.284167593249407, 28.634746676248696 ], [ 77.284167593249407, 28.630255120373739 ], [ 77.289283359728557, 28.630255120373739 ] ] ] } },
{ "type": "Feature", "properties": { "cell_id": 1197, "lon": 77.291841242968133, "lat": 28.632500898311218 }, "geometry": { "type": "Polygon", "coordinates": [ [ [ 77.294399126207708, 28.630255120373739 ], [ 77.294399126207708, 28.634746676248696 ], [ 77.289283359728557, 28.634746676248696 ], [ 77.289283359728557, 28.630255120373739 ], [ 77.294399126207708, 28.630255120373739 ] ] ] } },
{ "type": "Feature", "properties": { "cell_id": 1198, "lon": 77.296957009447283, "lat": 28.632500898311218 }, "geometry": { "type": "Polygon", "coordinates": [ [ [ 77.299514892686858, 28.630255120373739 ], [ 77.299514892686858, 28.634746676248696 ], [ 77.294399126207708, 28.634746676248696 ], [ 77.294399126207708, 28.630255120373739 ], [ 77.299514892686858, 28.630255120373739 ] ] ] } },
{ "type": "Feature", "properties": { "cell_id": 1200, "lon": 77.102557883239569, "lat": 28.636992454186174 }, "geometry": { "type": "Polygon", "coordinates": [ [ [ 77.105115766479145, 28.634746676248696 ], [ 77.105115766479145, 28.639238232123652 ], [ 77.1, 28.639238232123652 ], [ 77.1, 28.634746676248696 ], [ 77.105115766479145, 28.634746676248696 ] ] ] } },
{ "type": "Feature", "properties": { "cell_id": 1201, "lon": 77.10767364971872, "lat": 28.636992454186174 }, "geometry": { "type": "Polygon", "coordinates": [ [ [ 77.110231532958295, 28.634746676248696 ], [ 77.110231532958295, 28.639238232123652 ], [ 77.105115766479145, 28.639238232123652 ], [ 77.105115766479145, 28.634746676248696 ], [ 77.110231532958295, 28.634746676248696 ] ] ] } },
{ "type": "Feature", "properties": { "cell_id": 1202, "lon": 77.11278941619787, "lat": 28.636992454186174 }, "geometry": { "type": "Polygon", "coordinates": [ [ [ 77.115347299437445, 28.634746676248696 ], [ 77.115347299437445, 28.639238232123652 ], [ 77.110231532958295, 28.639238232123652 ], [ 77.110231532958295, 28.634746676248696 ], [ 77.115347299437445, 28.634746676248696 ] ] ] } },
{ "type": "Feature", "properties": { "cell_id": 1203, "lon": 77.117905182677021, "lat": 28.636992454186174 }, "geometry": { "type": "Polygon", "coordinates": [ [ [ 77.120463065916596, 28.634746676248696 ], [ 77.120463065916596, 28.639238232123652 ], [ 77.115347299437445, 28.639238232123652 ], [ 77.115347299437445, 28.634746676248696 ], [ 77.120463065916596, 28.634746676248696 ] ] ] } },
{ "type": "Feature", "properties": { "cell_id": 1204, "lon": 77.123020949156171, "lat": 28.636992454186174 }, "geometry": { "type": "Polygon", "coordinates": [ [ [ 77.125578832395746, 28.634746676248696 ], [ 77.125578832395746, 28.639238232123652 ], [ 77.120463065916596, 28.639238232123652 ], [ 77.120463065916596, 28.634746676248696 ], [ 77.125578832395746, 28.634746676248696 ] ] ] } },
{ "type": "Feature", "properties": { "cell_id": 1205, "lon": 77.128136715635321, "lat": 28.636992454186174 }, "geometry": { "type": "Polygon", "coordinates": [ [ [ 77.130694598874896, 28.634746676248696 ], [ 77.130694598874896, 28.639238232123652 ], [ 77.125578832395746, 28.639238232123652 ], [ 77.125578832395746, 28.634746676248696 ], [ 77.130694598874896, 28.634746676248696 ] ] ] } },
{ "type": "Feature", "properties": { "cell_id": 1206, "lon": 77.133252482114472, "lat": 28.636992454186174 }, "geometry": { "type": "Polygon", "coordinates": [ [ [ 77.135810365354047, 28.634746676248696 ], [ 77.135810365354047, 28.639238232123652 ], [ 77.130694598874896, 28.639238232123652 ], [ 77.130694598874896, 28.634746676248696 ], [ 77.135810365354047, 28.634746676248696 ] ] ] } },
{ "type": "Feature", "properties": { "cell_id": 1207, "lon": 77.138368248593622, "lat": 28.636992454186174 }, "geometry": { "type": "Polygon", "coordinates": [ [ [ 77.140926131833197, 28.634746676248696 ], [ 77.140926131833197, 28.639238232123652 ], [ 77.135810365354047, 28.639238232123652 ], [ 77.135810365354047, 28.634746676248696 ], [ 77.140926131833197, 28.634746676248696 ] ] ] } },
{ "type": "Feature", "properties": { "cell_id": 1208, "lon": 77.143484015072772, "lat": 28.636992454186174 }, "geometry": { "type": "Polygon", "coordinates": [ [ [ 77.146041898312347, 28.634746676248696 ], [ 77.146041898312347, 28.639238232123652 ], [ 77.140926131833197, 28.639238232123652 ], [ 77.140926131833197, 28.634746676248696 ], [ 77.146041898312347, 28.634746676248696 ] ] ] } },
{ "type": "Feature", "properties": { "cell_id": 1209, "lon": 77.148599781551923, "lat": 28.636992454186174 }, "geometry": { "type": "Polygon", "coordinates": [ [ [ 77.151157664791498, 28.634746676248696 ], [ 77.151157664791498, 28.639238232123652 ], [ 77.146041898312347, 28.639238232123652 ], [ 77.146041898312347, 28.634746676248696 ], [ 77.151157664791498, 28.634746676248696 ] ] ] } },
{ "type": "Feature", "properties": { "cell_id": 1210, "lon": 77.153715548031073, "lat": 28.636992454186174 }, "geometry": { "type": "Polygon", "coordinates": [ [ [ 77.156273431270648, 28.634746676248696 ], [ 77.156273431270648, 28.639238232123652 ], [ 77.151157664791498, 28.639238232123652 ], [ 77.151157664791498, 28.634746676248696 ], [ 77.156273431270648, 28.634746676248696 ] ] ] } },
{ "type": "Feature", "properties": { "cell_id": 1211, "lon": 77.158831314510223, "lat": 28.636992454186174 }, "geometry": { "type": "Polygon", "coordinates": [ [ [ 77.161389197749799, 28.634746676248696 ], [ 77.161389197749799, 28.639238232123652 ], [ 77.156273431270648, 28.639238232123652 ], [ 77.156273431270648, 28.634746676248696 ], [ 77.161389197749799, 28.634746676248696 ] ] ] } },
{ "type": "Feature", "properties": { "cell_id": 1212, "lon": 77.163947080989374, "lat": 28.636992454186174 }, "geometry": { "type": "Polygon", "coordinates": [ [ [ 77.166504964228949, 28.634746676248696 ], [ 77.166504964228949, 28.639238232123652 ], [ 77.161389197749799, 28.639238232123652 ], [ 77.161389197749799, 28.634746676248696 ], [ 77.166504964228949, 28.634746676248696 ] ] ] } },
{ "type": "Feature", "properties": { "cell_id": 1213, "lon": 77.169062847468524, "lat": 28.636992454186174 }, "geometry": { "type": "Polygon", "coordinates": [ [ [ 77.171620730708099, 28.634746676248696 ], [ 77.171620730708099, 28.639238232123652 ], [ 77.166504964228949, 28.639238232123652 ], [ 77.166504964228949, 28.634746676248696 ], [ 77.171620730708099, 28.634746676248696 ] ] ] } },
{ "type": "Feature", "properties": { "cell_id": 1214, "lon": 77.174178613947674, "lat": 28.636992454186174 }, "geometry": { "type": "Polygon", "coordinates": [ [ [ 77.17673649718725, 28.634746676248696 ], [ 77.17673649718725, 28.639238232123652 ], [ 77.171620730708099, 28.639238232123652 ], [ 77.171620730708099, 28.634746676248696 ], [ 77.17673649718725, 28.634746676248696 ] ] ] } },
{ "type": "Feature", "properties": { "cell_id": 1215, "lon": 77.179294380426825, "lat": 28.636992454186174 }, "geometry": { "type": "Polygon", "coordinates": [ [ [ 77.1818522636664, 28.634746676248696 ], [ 77.1818522636664, 28.639238232123652 ], [ 77.17673649718725, 28.639238232123652 ], [ 77.17673649718725, 28.634746676248696 ], [ 77.1818522636664, 28.634746676248696 ] ] ] } },
{ "type": "Feature", "properties": { "cell_id": 1216, "lon": 77.184410146905975, "lat": 28.636992454186174 }, "geometry": { "type": "Polygon", "coordinates": [ [ [ 77.18696803014555, 28.634746676248696 ], [ 77.18696803014555, 28.639238232123652 ], [ 77.1818522636664, 28.639238232123652 ], [ 77.1818522636664, 28.634746676248696 ], [ 77.18696803014555, 28.634746676248696 ] ] ] } },
{ "type": "Feature", "properties": { "cell_id": 1217, "lon": 77.189525913385125, "lat": 28.636992454186174 }, "geometry": { "type": "Polygon", "coordinates": [ [ [ 77.192083796624701, 28.634746676248696 ], [ 77.192083796624701, 28.639238232123652 ], [ 77.18696803014555, 28.639238232123652 ], [ 77.18696803014555, 28.634746676248696 ], [ 77.192083796624701, 28.634746676248696 ] ] ] } },
{ "type": "Feature", "properties": { "cell_id": 1218, "lon": 77.194641679864276, "lat": 28.636992454186174 }, "geometry": { "type": "Polygon", "coordinates": [ [ [ 77.197199563103851, 28.634746676248696 ], [ 77.197199563103851, 28.639238232123652 ], [ 77.192083796624701, 28.639238232123652 ], [ 77.192083796624701, 28.634746676248696 ], [ 77.197199563103851, 28.634746676248696 ] ] ] } },
{ "type": "Feature", "properties": { "cell_id": 1219, "lon": 77.199757446343426, "lat": 28.636992454186174 }, "geometry": { "type": "Polygon", "coordinates": [ [ [ 77.202315329583001, 28.634746676248696 ], [ 77.202315329583001, 28.639238232123652 ], [ 77.197199563103851, 28.639238232123652 ], [ 77.197199563103851, 28.634746676248696 ], [ 77.202315329583001, 28.634746676248696 ] ] ] } },
{ "type": "Feature", "properties": { "cell_id": 1220, "lon": 77.204873212822577, "lat": 28.636992454186174 }, "geometry": { "type": "Polygon", "coordinates": [ [ [ 77.207431096062152, 28.634746676248696 ], [ 77.207431096062152, 28.639238232123652 ], [ 77.202315329583001, 28.639238232123652 ], [ 77.202315329583001, 28.634746676248696 ], [ 77.207431096062152, 28.634746676248696 ] ] ] } },
{ "type": "Feature", "properties": { "cell_id": 1221, "lon": 77.209988979301727, "lat": 28.636992454186174 }, "geometry": { "type": "Polygon", "coordinates": [ [ [ 77.212546862541302, 28.634746676248696 ], [ 77.212546862541302, 28.639238232123652 ], [ 77.207431096062152, 28.639238232123652 ], [ 77.207431096062152, 28.634746676248696 ], [ 77.212546862541302, 28.634746676248696 ] ] ] } },
{ "type": "Feature", "properties": { "cell_id": 1222, "lon": 77.215104745780877, "lat": 28.636992454186174 }, "geometry": { "type": "Polygon", "coordinates": [ [ [ 77.217662629020452, 28.634746676248696 ], [ 77.217662629020452, 28.639238232123652 ], [ 77.212546862541302, 28.639238232123652 ], [ 77.212546862541302, 28.634746676248696 ], [ 77.217662629020452, 28.634746676248696 ] ] ] } },
{ "type": "Feature", "properties": { "cell_id": 1223, "lon": 77.220220512260028, "lat": 28.636992454186174 }, "geometry": { "type": "Polygon", "coordinates": [ [ [ 77.222778395499603, 28.634746676248696 ], [ 77.222778395499603, 28.639238232123652 ], [ 77.217662629020452, 28.639238232123652 ], [ 77.217662629020452, 28.634746676248696 ], [ 77.222778395499603, 28.634746676248696 ] ] ] } },
{ "type": "Feature", "properties": { "cell_id": 1224, "lon": 77.225336278739178, "lat": 28.636992454186174 }, "geometry": { "type": "Polygon", "coordinates": [ [ [ 77.227894161978753, 28.634746676248696 ], [ 77.227894161978753, 28.639238232123652 ], [ 77.222778395499603, 28.639238232123652 ], [ 77.222778395499603, 28.634746676248696 ], [ 77.227894161978753, 28.634746676248696 ] ] ] } },
{ "type": "Feature", "properties": { "cell_id": 1225, "lon": 77.230452045218328, "lat": 28.636992454186174 }, "geometry": { "type": "Polygon", "coordinates": [ [ [ 77.233009928457903, 28.634746676248696 ], [ 77.233009928457903, 28.639238232123652 ], [ 77.227894161978753, 28.639238232123652 ], [ 77.227894161978753, 28.634746676248696 ], [ 77.233009928457903, 28.634746676248696 ] ] ] } },
{ "type": "Feature", "properties": { "cell_id": 1226, "lon": 77.235567811697479, "lat": 28.636992454186174 }, "geometry": { "type": "Polygon", "coordinates": [ [ [ 77.238125694937054, 28.634746676248696 ], [ 77.238125694937054, 28.639238232123652 ], [ 77.233009928457903, 28.639238232123652 ], [ 77.233009928457903, 28.634746676248696 ], [ 77.238125694937054, 28.634746676248696 ] ] ] } },
{ "type": "Feature", "properties": { "cell_id": 1227, "lon": 77.240683578176629, "lat": 28.636992454186174 }, "geometry": { "type": "Polygon", "coordinates": [ [ [ 77.243241461416204, 28.634746676248696 ], [ 77.243241461416204, 28.639238232123652 ], [ 77.238125694937054, 28.639238232123652 ], [ 77.238125694937054, 28.634746676248696 ], [ 77.243241461416204, 28.634746676248696 ] ] ] } },
{ "type": "Feature", "properties": { "cell_id": 1228, "lon": 77.245799344655779, "lat": 28.636992454186174 }, "geometry": { "type": "Polygon", "coordinates": [ [ [ 77.248357227895355, 28.634746676248696 ], [ 77.248357227895355, 28.639238232123652 ], [ 77.243241461416204, 28.639238232123652 ], [ 77.243241461416204, 28.634746676248696 ], [ 77.248357227895355, 28.634746676248696 ] ] ] } },
{ "type": "Feature", "properties": { "cell_id": 1229, "lon": 77.25091511113493, "lat": 28.636992454186174 }, "geometry": { "type": "Polygon", "coordinates": [ [ [ 77.253472994374505, 28.634746676248696 ], [ 77.253472994374505, 28.639238232123652 ], [ 77.248357227895355, 28.639238232123652 ], [ 77.248357227895355, 28.634746676248696 ], [ 77.253472994374505, 28.634746676248696 ] ] ] } },
{ "type": "Feature", "properties": { "cell_id": 1230, "lon": 77.25603087761408, "lat": 28.636992454186174 }, "geometry": { "type": "Polygon", "coordinates": [ [ [ 77.258588760853655, 28.634746676248696 ], [ 77.258588760853655, 28.639238232123652 ], [ 77.253472994374505, 28.639238232123652 ], [ 77.253472994374505, 28.634746676248696 ], [ 77.258588760853655, 28.634746676248696 ] ] ] } },
{ "type": "Feature", "properties": { "cell_id": 1231, "lon": 77.26114664409323, "lat": 28.636992454186174 }, "geometry": { "type": "Polygon", "coordinates": [ [ [ 77.263704527332806, 28.634746676248696 ], [ 77.263704527332806, 28.639238232123652 ], [ 77.258588760853655, 28.639238232123652 ], [ 77.258588760853655, 28.634746676248696 ], [ 77.263704527332806, 28.634746676248696 ] ] ] } },
{ "type": "Feature", "properties": { "cell_id": 1232, "lon": 77.266262410572381, "lat": 28.636992454186174 }, "geometry": { "type": "Polygon", "coordinates": [ [ [ 77.268820293811956, 28.634746676248696 ], [ 77.268820293811956, 28.639238232123652 ], [ 77.263704527332806, 28.639238232123652 ], [ 77.263704527332806, 28.634746676248696 ], [ 77.268820293811956, 28.634746676248696 ] ] ] } },
{ "type": "Feature", "properties": { "cell_id": 1233, "lon": 77.271378177051531, "lat": 28.636992454186174 }, "geometry": { "type": "Polygon", "coordinates": [ [ [ 77.273936060291106, 28.634746676248696 ], [ 77.273936060291106, 28.639238232123652 ], [ 77.268820293811956, 28.639238232123652 ], [ 77.268820293811956, 28.634746676248696 ], [ 77.273936060291106, 28.634746676248696 ] ] ] } },
{ "type": "Feature", "properties": { "cell_id": 1234, "lon": 77.276493943530681, "lat": 28.636992454186174 }, "geometry": { "type": "Polygon", "coordinates": [ [ [ 77.279051826770257, 28.634746676248696 ], [ 77.279051826770257, 28.639238232123652 ], [ 77.273936060291106, 28.639238232123652 ], [ 77.273936060291106, 28.634746676248696 ], [ 77.279051826770257, 28.634746676248696 ] ] ] } },
{ "type": "Feature", "properties": { "cell_id": 1235, "lon": 77.281609710009832, "lat": 28.636992454186174 }, "geometry": { "type": "Polygon", "coordinates": [ [ [ 77.284167593249407, 28.634746676248696 ], [ 77.284167593249407, 28.639238232123652 ], [ 77.279051826770257, 28.639238232123652 ], [ 77.279051826770257, 28.634746676248696 ], [ 77.284167593249407, 28.634746676248696 ] ] ] } },
{ "type": "Feature", "properties": { "cell_id": 1236, "lon": 77.286725476488982, "lat": 28.636992454186174 }, "geometry": { "type": "Polygon", "coordinates": [ [ [ 77.289283359728557, 28.634746676248696 ], [ 77.289283359728557, 28.639238232123652 ], [ 77.284167593249407, 28.639238232123652 ], [ 77.284167593249407, 28.634746676248696 ], [ 77.289283359728557, 28.634746676248696 ] ] ] } },
{ "type": "Feature", "properties": { "cell_id": 1237, "lon": 77.291841242968133, "lat": 28.636992454186174 }, "geometry": { "type": "Polygon", "coordinates": [ [ [ 77.294399126207708, 28.634746676248696 ], [ 77.294399126207708, 28.639238232123652 ], [ 77.289283359728557, 28.639238232123652 ], [ 77.289283359728557, 28.634746676248696 ], [ 77.294399126207708, 28.634746676248696 ] ] ] } },
{ "type": "Feature", "properties": { "cell_id": 1238, "lon": 77.296957009447283, "lat": 28.636992454186174 }, "geometry": { "type": "Polygon", "coordinates": [ [ [ 77.299514892686858, 28.634746676248696 ], [ 77.299514892686858, 28.639238232123652 ], [ 77.294399126207708, 28.639238232123652 ], [ 77.294399126207708, 28.634746676248696 ], [ 77.299514892686858, 28.634746676248696 ] ] ] } },
{ "type": "Feature", "properties": { "cell_id": 1240, "lon": 77.102557883239569, "lat": 28.641484010061131 }, "geometry": { "type": "Polygon", "coordinates": [ [ [ 77.105115766479145, 28.639238232123652 ], [ 77.105115766479145, 28.643729787998609 ], [ 77.1, 28.643729787998609 ], [ 77.1, 28.639238232123652 ], [ 77.105115766479145, 28.639238232123652 ] ] ] } },
{ "type": "Feature", "properties": { "cell_id": 1241, "lon": 77.10767364971872, "lat": 28.641484010061131 }, "geometry": { "type": "Polygon", "coordinates": [ [ [ 77.110231532958295, 28.639238232123652 ], [ 77.110231532958295, 28.643729787998609 ], [ 77.105115766479145, 28.643729787998609 ], [ 77.105115766479145, 28.639238232123652 ], [ 77.110231532958295, 28.639238232123652 ] ] ] } },
{ "type": "Feature", "properties": { "cell_id": 1242, "lon": 77.11278941619787, "lat": 28.641484010061131 }, "geometry": { "type": "Polygon", "coordinates": [ [ [ 77.115347299437445, 28.639238232123652 ], [ 77.115347299437445, 28.643729787998609 ], [ 77.110231532958295, 28.643729787998609 ], [ 77.110231532958295, 28.639238232123652 ], [ 77.115347299437445, 28.639238232123652 ] ] ] } },
{ "type": "Feature", "properties": { "cell_id": 1243, "lon": 77.117905182677021, "lat": 28.641484010061131 }, "geometry": { "type": "Polygon", "coordinates": [ [ [ 77.120463065916596, 28.639238232123652 ], [ 77.120463065916596, 28.643729787998609 ], [ 77.115347299437445, 28.643729787998609 ], [ 77.115347299437445, 28.639238232123652 ], [ 77.120463065916596, 28.639238232123652 ] ] ] } },
{ "type": "Feature", "properties": { "cell_id": 1244, "lon": 77.123020949156171, "lat": 28.641484010061131 }, "geometry": { "type": "Polygon", "coordinates": [ [ [ 77.125578832395746, 28.639238232123652 ], [ 77.125578832395746, 28.643729787998609 ], [ 77.120463065916596, 28.643729787998609 ], [ 77.120463065916596, 28.639238232123652 ], [ 77.125578832395746, 28.639238232123652 ] ] ] } },
{ "type": "Feature", "properties": { "cell_id": 1245, "lon": 77.128136715635321, "lat": 28.641484010061131 }, "geometry": { "type": "Polygon", "coordinates": [ [ [ 77.130694598874896, 28.639238232123652 ], [ 77.130694598874896, 28.643729787998609 ], [ 77.125578832395746, 28.643729787998609 ], [ 77.125578832395746, 28.639238232123652 ], [ 77.130694598874896, 28.639238232123652 ] ] ] } },
{ "type": "Feature", "properties": { "cell_id": 1246, "lon": 77.133252482114472, "lat": 28.641484010061131 }, "geometry": { "type": "Polygon", "coordinates": [ [ [ 77.135810365354047, 28.639238232123652 ], [ 77.135810365354047, 28.643729787998609 ], [ 77.130694598874896, 28.643729787998609 ], [ 77.130694598874896, 28.639238232123652 ], [ 77.135810365354047, 28.639238232123652 ] ] ] } },
{ "type": "Feature", "properties": { "cell_id": 1247, "lon": 77.138368248593622, "lat": 28.641484010061131 }, "geometry": { "type": "Polygon", "coordinates": [ [ [ 77.140926131833197, 28.639238232123652 ], [ 77.140926131833197, 28.643729787998609 ], [ 77.135810365354047, 28.643729787998609 ], [ 77.135810365354047, 28.639238232123652 ], [ 77.140926131833197, 28.639238232123652 ] ] ] } },
{ "type": "Feature", "properties": { "cell_id": 1248, "lon": 77.143484015072772, "lat": 28.641484010061131 }, "geometry": { "type": "Polygon", "coordinates": [ [ [ 77.146041898312347, 28.639238232123652 ], [ 77.146041898312347, 28.643729787998609 ], [ 77.140926131833197, 28.643729787998609 ], [ 77.140926131833197, 28.639238232123652 ], [ 77.146041898312347, 28.639238232123652 ] ] ] } },
{ "type": "Feature", "properties": { "cell_id": 1249, "lon": 77.148599781551923, "lat": 28.641484010061131 }, "geometry": { "type": "Polygon", "coordinates": [ [ [ 77.151157664791498, 28.639238232123652 ], [ 77.151157664791498, 28.643729787998609 ], [ 77.146041898312347, 28.643729787998609 ], [ 77.146041898312347, 28.639238232123652 ], [ 77.151157664791498, 28.639238232123652 ] ] ] } },
{ "type": "Feature", "properties": { "cell_id": 1250, "lon": 77.153715548031073, "lat": 28.641484010061131 }, "geometry": { "type": "Polygon", "coordinates": [ [ [ 77.156273431270648, 28.639238232123652 ], [ 77.156273431270648, 28.643729787998609 ], [ 77.151157664791498, 28.643729787998609 ], [ 77.151157664791498, 28.639238232123652 ], [ 77.156273431270648, 28.639238232123652 ] ] ] } },
{ "type": "Feature", "properties": { "cell_id": 1251, "lon": 77.158831314510223, "lat": 28.641484010061131 }, "geometry": { "type": "Polygon", "coordinates": [ [ [ 77.161389197749799, 28.639238232123652 ], [ 77.161389197749799, 28.643729787998609 ], [ 77.156273431270648, 28.643729787998609 ], [ 77.156273431270648, 28.639238232123652 ], [ 77.161389197749799, 28.639238232123652 ] ] ] } },
{ "type": "Feature", "properties": { "cell_id": 1252, "lon": 77.163947080989374, "lat": 28.641484010061131 }, "geometry": { "type": "Polygon", "coordinates": [ [ [ 77.166504964228949, 28.639238232123652 ], [ 77.166504964228949, 28.643729787998609 ], [ 77.161389197749799, 28.643729787998609 ], [ 77.161389197749799, 28.639238232123652 ], [ 77.166504964228949, 28.639238232123652 ] ] ] } },
{ "type": "Feature", "properties": { "cell_id": 1253, "lon": 77.169062847468524, "lat": 28.641484010061131 }, "geometry": { "type": "Polygon", "coordinates": [ [ [ 77.171620730708099, 28.639238232123652 ], [ 77.171620730708099, 28.643729787998609 ], [ 77.166504964228949, 28.643729787998609 ], [ 77.166504964228949, 28.639238232123652 ], [ 77.171620730708099, 28.639238232123652 ] ] ] } },
{ "type": "Feature", "properties": { "cell_id": 1254, "lon": 77.174178613947674, "lat": 28.641484010061131 }, "geometry": { "type": "Polygon", "coordinates": [ [ [ 77.17673649718725, 28.639238232123652 ], [ 77.17673649718725, 28.643729787998609 ], [ 77.171620730708099, 28.643729787998609 ], [ 77.171620730708099, 28.639238232123652 ], [ 77.17673649718725, 28.639238232123652 ] ] ] } },
{ "type": "Feature", "properties": { "cell_id": 1255, "lon": 77.179294380426825, "lat": 28.641484010061131 }, "geometry": { "type": "Polygon", "coordinates": [ [ [ 77.1818522636664, 28.639238232123652 ], [ 77.1818522636664, 28.643729787998609 ], [ 77.17673649718725, 28.643729787998609 ], [ 77.17673649718725, 28.639238232123652 ], [ 77.1818522636664, 28.639238232123652 ] ] ] } },
{ "type": "Feature", "properties": { "cell_id": 1256, "lon": 77.184410146905975, "lat": 28.641484010061131 }, "geometry": { "type": "Polygon", "coordinates": [ [ [ 77.18696803014555, 28.639238232123652 ], [ 77.18696803014555, 28.643729787998609 ], [ 77.1818522636664, 28.643729787998609 ], [ 77.1818522636664, 28.639238232123652 ], [ 77.18696803014555, 28.639238232123652 ] ] ] } },
{ "type": "Feature", "properties": { "cell_id": 1257, "lon": 77.189525913385125, "lat": 28.641484010061131 }, "geometry": { "type": "Polygon", "coordinates": [ [ [ 77.192083796624701, 28.639238232123652 ], [ 77.192083796624701, 28.643729787998609 ], [ 77.18696803014555, 28.643729787998609 ], [ 77.18696803014555, 28.639238232123652 ], [ 77.192083796624701, 28.639238232123652 ] ] ] } },
{ "type": "Feature", "properties": { "cell_id": 1258, "lon": 77.194641679864276, "lat": 28.641484010061131 }, "geometry": { "type": "Polygon", "coordinates": [ [ [ 77.197199563103851, 28.639238232123652 ], [ 77.197199563103851, 28.643729787998609 ], [ 77.192083796624701, 28.643729787998609 ], [ 77.192083796624701, 28.639238232123652 ], [ 77.197199563103851, 28.639238232123652 ] ] ] } },
{ "type": "Feature", "properties": { "cell_id": 1259, "lon": 77.199757446343426, "lat": 28.641484010061131 }, "geometry": { "type": "Polygon", "coordinates": [ [ [ 77.202315329583001, 28.639238232123652 ], [ 77.202315329583001, 28.643729787998609 ], [ 77.197199563103851, 28.643729787998609 ], [ 77.197199563103851, 28.639238232123652 ], [ 77.202315329583001, 28.639238232123652 ] ] ] } },
{ "type": "Feature", "properties": { "cell_id": 1260, "lon": 77.204873212822577, "lat": 28.641484010061131 }, "geometry": { "type": "Polygon", "coordinates": [ [ [ 77.207431096062152, 28.639238232123652 ], [ 77.207431096062152, 28.643729787998609 ], [ 77.202315329583001, 28.643729787998609 ], [ 77.202315329583001, 28.639238232123652 ], [ 77.207431096062152, 28.639238232123652 ] ] ] } },
{ "type": "Feature", "properties": { "cell_id": 1261, "lon": 77.209988979301727, "lat": 28.641484010061131 }, "geometry": { "type": "Polygon", "coordinates": [ [ [ 77.212546862541302, 28.639238232123652 ], [ 77.212546862541302, 28.643729787998609 ], [ 77.207431096062152, 28.643729787998609 ], [ 77.207431096062152, 28.639238232123652 ], [ 77.212546862541302, 28.639238232123652 ] ] ] } },
{ "type": "Feature", "properties": { "cell_id": 1262, "lon": 77.215104745780877, "lat": 28.641484010061131 }, "geometry": { "type": "Polygon", "coordinates": [ [ [ 77.217662629020452, 28.639238232123652 ], [ 77.217662629020452, 28.643729787998609 ], [ 77.212546862541302, 28.643729787998609 ], [ 77.212546862541302, 28.639238232123652 ], [ 77.217662629020452, 28.639238232123652 ] ] ] } },
{ "type": "Feature", "properties": { "cell_id": 1263, "lon": 77.220220512260028, "lat": 28.641484010061131 }, "geometry": { "type": "Polygon", "coordinates": [ [ [ 77.222778395499603, 28.639238232123652 ], [ 77.222778395499603, 28.643729787998609 ], [ 77.217662629020452, 28.643729787998609 ], [ 77.217662629020452, 28.639238232123652 ], [ 77.222778395499603, 28.639238232123652 ] ] ] } },
{ "type": "Feature", "properties": { "cell_id": 1264, "lon": 77.225336278739178, "lat": 28.641484010061131 }, "geometry": { "type": "Polygon", "coordinates": [ [ [ 77.227894161978753, 28.639238232123652 ], [ 77.227894161978753, 28.643729787998609 ], [ 77.222778395499603, 28.643729787998609 ], [ 77.222778395499603, 28.639238232123652 ], [ 77.227894161978753, 28.639238232123652 ] ] ] } },
{ "type": "Feature", "properties": { "cell_id": 1265, "lon": 77.230452045218328, "lat": 28.641484010061131 }, "geometry": { "type": "Polygon", "coordinates": [ [ [ 77.233009928457903, 28.639238232123652 ], [ 77.233009928457903, 28.643729787998609 ], [ 77.227894161978753, 28.643729787998609 ], [ 77.227894161978753, 28.639238232123652 ], [ 77.233009928457903, 28.639238232123652 ] ] ] } },
{ "type": "Feature", "properties": { "cell_id": 1266, "lon": 77.235567811697479, "lat": 28.641484010061131 }, "geometry": { "type": "Polygon", "coordinates": [ [ [ 77.238125694937054, 28.639238232123652 ], [ 77.238125694937054, 28.643729787998609 ], [ 77.233009928457903, 28.643729787998609 ], [ 77.233009928457903, 28.639238232123652 ], [ 77.238125694937054, 28.639238232123652 ] ] ] } },
{ "type": "Feature", "properties": { "cell_id": 1267, "lon": 77.240683578176629, "lat": 28.641484010061131 }, "geometry": { "type": "Polygon", "coordinates": [ [ [ 77.243241461416204, 28.639238232123652 ], [ 77.243241461416204, 28.643729787998609 ], [ 77.238125694937054, 28.643729787998609 ], [ 77.238125694937054, 28.639238232123652 ], [ 77.243241461416204, 28.639238232123652 ] ] ] } },
{ "type": "Feature", "properties": { "cell_id": 1268, "lon": 77.245799344655779, "lat": 28.641484010061131 }, "geometry": { "type": "Polygon", "coordinates": [ [ [ 77.248357227895355, 28.639238232123652 ], [ 77.248357227895355, 28.643729787998609 ], [ 77.243241461416204, 28.643729787998609 ], [ 77.243241461416204, 28.639238232123652 ], [ 77.248357227895355, 28.639238232123652 ] ] ] } },
{ "type": "Feature", "properties": { "cell_id": 1269, "lon": 77.25091511113493, "lat": 28.641484010061131 }, "geometry": { "type": "Polygon", "coordinates": [ [ [ 77.253472994374505, 28.639238232123652 ], [ 77.253472994374505, 28.643729787998609 ], [ 77.248357227895355, 28.643729787998609 ], [ 77.248357227895355, 28.639238232123652 ], [ 77.253472994374505, 28.639238232123652 ] ] ] } },
{ "type": "Feature", "properties": { "cell_id": 1270, "lon": 77.25603087761408, "lat": 28.641484010061131 }, "geometry": { "type": "Polygon", "coordinates": [ [ [ 77.258588760853655, 28.639238232123652 ], [ 77.258588760853655, 28.643729787998609 ], [ 77.253472994374505, 28.643729787998609 ], [ 77.253472994374505, 28.639238232123652 ], [ 77.258588760853655, 28.639238232123652 ] ] ] } },
{ "type": "Feature", "properties": { "cell_id": 1271, "lon": 77.26114664409323, "lat": 28.641484010061131 }, "geometry": { "type": "Polygon", "coordinates": [ [ [ 77.263704527332806, 28.639238232123652 ], [ 77.263704527332806, 28.643729787998609 ], [ 77.258588760853655, 28.643729787998609 ], [ 77.258588760853655, 28.639238232123652 ], [ 77.263704527332806, 28.639238232123652 ] ] ] } },
{ "type": "Feature", "properties": { "cell_id": 1272, "lon": 77.266262410572381, "lat": 28.641484010061131 }, "geometry": { "type": "Polygon", "coordinates": [ [ [ 77.268820293811956, 28.639238232123652 ], [ 77.268820293811956, 28.643729787998609 ], [ 77.263704527332806, 28.643729787998609 ], [ 77.263704527332806, 28.639238232123652 ], [ 77.268820293811956, 28.639238232123652 ] ] ] } },
{ "type": "Feature", "properties": { "cell_id": 1273, "lon": 77.271378177051531, "lat": 28.641484010061131 }, "geometry": { "type": "Polygon", "coordinates": [ [ [ 77.273936060291106, 28.639238232123652 ], [ 77.273936060291106, 28.643729787998609 ], [ 77.268820293811956, 28.643729787998609 ], [ 77.268820293811956, 28.639238232123652 ], [ 77.273936060291106, 28.639238232123652 ] ] ] } },
{ "type": "Feature", "properties": { "cell_id": 1274, "lon": 77.276493943530681, "lat": 28.641484010061131 }, "geometry": { "type": "Polygon", "coordinates": [ [ [ 77.279051826770257, 28.639238232123652 ], [ 77.279051826770257, 28.643729787998609 ], [ 77.273936060291106, 28.643729787998609 ], [ 77.273936060291106, 28.639238232123652 ], [ 77.279051826770257, 28.639238232123652 ] ] ] } },
{ "type": "Feature", "properties": { "cell_id": 1275, "lon": 77.281609710009832, "lat": 28.641484010061131 }, "geometry": { "type": "Polygon", "coordinates": [ [ [ 77.284167593249407, 28.639238232123652 ], [ 77.284167593249407, 28.643729787998609 ], [ 77.279051826770257, 28.643729787998609 ], [ 77.279051826770257, 28.639238232123652 ], [ 77.284167593249407, 28.639238232123652 ] ] ] } },
{ "type": "Feature", "properties": { "cell_id": 1276, "lon": 77.286725476488982, "lat": 28.641484010061131 }, "geometry": { "type": "Polygon", "coordinates": [ [ [ 77.289283359728557, 28.639238232123652 ], [ 77.289283359728557, 28.643729787998609 ], [ 77.284167593249407, 28.643729787998609 ], [ 77.284167593249407, 28.639238232123652 ], [ 77.289283359728557, 28.639238232123652 ] ] ] } },
{ "type": "Feature", "properties": { "cell_id": 1277, "lon": 77.291841242968133, "lat": 28.641484010061131 }, "geometry": { "type": "Polygon", "coordinates": [ [ [ 77.294399126207708, 28.639238232123652 ], [ 77.294399126207708, 28.643729787998609 ], [ 77.289283359728557, 28.643729787998609 ], [ 77.289283359728557, 28.639238232123652 ], [ 77.294399126207708, 28.639238232123652 ] ] ] } },
{ "type": "Feature", "properties": { "cell_id": 1278, "lon": 77.296957009447283, "lat": 28.641484010061131 }, "geometry": { "type": "Polygon", "coordinates": [ [ [ 77.299514892686858, 28.639238232123652 ], [ 77.299514892686858, 28.643729787998609 ], [ 77.294399126207708, 28.643729787998609 ], [ 77.294399126207708, 28.639238232123652 ], [ 77.299514892686858, 28.639238232123652 ] ] ] } },
{ "type": "Feature", "properties": { "cell_id": 1280, "lon": 77.102557883239569, "lat": 28.645975565936087 }, "geometry": { "type": "Polygon", "coordinates": [ [ [ 77.105115766479145, 28.643729787998609 ], [ 77.105115766479145, 28.648221343873566 ], [ 77.1, 28.648221343873566 ], [ 77.1, 28.643729787998609 ], [ 77.105115766479145, 28.643729787998609 ] ] ] } },
{ "type": "Feature", "properties": { "cell_id": 1281, "lon": 77.10767364971872, "lat": 28.645975565936087 }, "geometry": { "type": "Polygon", "coordinates": [ [ [ 77.110231532958295, 28.643729787998609 ], [ 77.110231532958295, 28.648221343873566 ], [ 77.105115766479145, 28.648221343873566 ], [ 77.105115766479145, 28.643729787998609 ], [ 77.110231532958295, 28.643729787998609 ] ] ] } },
{ "type": "Feature", "properties": { "cell_id": 1282, "lon": 77.11278941619787, "lat": 28.645975565936087 }, "geometry": { "type": "Polygon", "coordinates": [ [ [ 77.115347299437445, 28.643729787998609 ], [ 77.115347299437445, 28.648221343873566 ], [ 77.110231532958295, 28.648221343873566 ], [ 77.110231532958295, 28.643729787998609 ], [ 77.115347299437445, 28.643729787998609 ] ] ] } },
{ "type": "Feature", "properties": { "cell_id": 1283, "lon": 77.117905182677021, "lat": 28.645975565936087 }, "geometry": { "type": "Polygon", "coordinates": [ [ [ 77.120463065916596, 28.643729787998609 ], [ 77.120463065916596, 28.648221343873566 ], [ 77.115347299437445, 28.648221343873566 ], [ 77.115347299437445, 28.643729787998609 ], [ 77.120463065916596, 28.643729787998609 ] ] ] } },
{ "type": "Feature", "properties": { "cell_id": 1284, "lon": 77.123020949156171, "lat": 28.645975565936087 }, "geometry": { "type": "Polygon", "coordinates": [ [ [ 77.125578832395746, 28.643729787998609 ], [ 77.125578832395746, 28.648221343873566 ], [ 77.120463065916596, 28.648221343873566 ], [ 77.120463065916596, 28.643729787998609 ], [ 77.125578832395746, 28.643729787998609 ] ] ] } },
{ "type": "Feature", "properties": { "cell_id": 1285, "lon": 77.128136715635321, "lat": 28.645975565936087 }, "geometry": { "type": "Polygon", "coordinates": [ [ [ 77.130694598874896, 28.643729787998609 ], [ 77.130694598874896, 28.648221343873566 ], [ 77.125578832395746, 28.648221343873566 ], [ 77.125578832395746, 28.643729787998609 ], [ 77.130694598874896, 28.643729787998609 ] ] ] } },
{ "type": "Feature", "properties": { "cell_id": 1286, "lon": 77.133252482114472, "lat": 28.645975565936087 }, "geometry": { "type": "Polygon", "coordinates": [ [ [ 77.135810365354047, 28.643729787998609 ], [ 77.135810365354047, 28.648221343873566 ], [ 77.130694598874896, 28.648221343873566 ], [ 77.130694598874896, 28.643729787998609 ], [ 77.135810365354047, 28.643729787998609 ] ] ] } },
{ "type": "Feature", "properties": { "cell_id": 1287, "lon": 77.138368248593622, "lat": 28.645975565936087 }, "geometry": { "type": "Polygon", "coordinates": [ [ [ 77.140926131833197, 28.643729787998609 ], [ 77.140926131833197, 28.648221343873566 ], [ 77.135810365354047, 28.648221343873566 ], [ 77.135810365354047, 28.643729787998609 ], [ 77.140926131833197, 28.643729787998609 ] ] ] } },
{ "type": "Feature", "properties": { "cell_id": 1288, "lon": 77.143484015072772, "lat": 28.645975565936087 }, "geometry": { "type": "Polygon", "coordinates": [ [ [ 77.146041898312347, 28.643729787998609 ], [ 77.146041898312347, 28.648221343873566 ], [ 77.140926131833197, 28.648221343873566 ], [ 77.140926131833197, 28.643729787998609 ], [ 77.146041898312347, 28.643729787998609 ] ] ] } },
{ "type": "Feature", "properties": { "cell_id": 1289, "lon": 77.148599781551923, "lat": 28.645975565936087 }, "geometry": { "type": "Polygon", "coordinates": [ [ [ 77.151157664791498, 28.643729787998609 ], [ 77.151157664791498, 28.648221343873566 ], [ 77.146041898312347, 28.648221343873566 ], [ 77.146041898312347, 28.643729787998609 ], [ 77.151157664791498, 28.643729787998609 ] ] ] } },
{ "type": "Feature", "properties": { "cell_id": 1290, "lon": 77.153715548031073, "lat": 28.645975565936087 }, "geometry": { "type": "Polygon", "coordinates": [ [ [ 77.156273431270648, 28.643729787998609 ], [ 77.156273431270648, 28.648221343873566 ], [ 77.151157664791498, 28.648221343873566 ], [ 77.151157664791498, 28.643729787998609 ], [ 77.156273431270648, 28.643729787998609 ] ] ] } },
{ "type": "Feature", "properties": { "cell_id": 1291, "lon": 77.158831314510223, "lat": 28.645975565936087 }, "geometry": { "type": "Polygon", "coordinates": [ [ [ 77.161389197749799, 28.643729787998609 ], [ 77.161389197749799, 28.648221343873566 ], [ 77.156273431270648, 28.648221343873566 ], [ 77.156273431270648, 28.643729787998609 ], [ 77.161389197749799, 28.643729787998609 ] ] ] } },
{ "type": "Feature", "properties": { "cell_id": 1292, "lon": 77.163947080989374, "lat": 28.645975565936087 }, "geometry": { "type": "Polygon", "coordinates": [ [ [ 77.166504964228949, 28.643729787998609 ], [ 77.166504964228949, 28.648221343873566 ], [ 77.161389197749799, 28.648221343873566 ], [ 77.161389197749799, 28.643729787998609 ], [ 77.166504964228949, 28.643729787998609 ] ] ] } },
{ "type": "Feature", "properties": { "cell_id": 1293, "lon": 77.169062847468524, "lat": 28.645975565936087 }, "geometry": { "type": "Polygon", "coordinates": [ [ [ 77.171620730708099, 28.643729787998609 ], [ 77.171620730708099, 28.648221343873566 ], [ 77.166504964228949, 28.648221343873566 ], [ 77.166504964228949, 28.643729787998609 ], [ 77.171620730708099, 28.643729787998609 ] ] ] } },
{ "type": "Feature", "properties": { "cell_id": 1294, "lon": 77.174178613947674, "lat": 28.645975565936087 }, "geometry": { "type": "Polygon", "coordinates": [ [ [ 77.17673649718725, 28.643729787998609 ], [ 77.17673649718725, 28.648221343873566 ], [ 77.171620730708099, 28.648221343873566 ], [ 77.171620730708099, 28.643729787998609 ], [ 77.17673649718725, 28.643729787998609 ] ] ] } },
{ "type": "Feature", "properties": { "cell_id": 1295, "lon": 77.179294380426825, "lat": 28.645975565936087 }, "geometry": { "type": "Polygon", "coordinates": [ [ [ 77.1818522636664, 28.643729787998609 ], [ 77.1818522636664, 28.648221343873566 ], [ 77.17673649718725, 28.648221343873566 ], [ 77.17673649718725, 28.643729787998609 ], [ 77.1818522636664, 28.643729787998609 ] ] ] } },
{ "type": "Feature", "properties": { "cell_id": 1296, "lon": 77.184410146905975, "lat": 28.645975565936087 }, "geometry": { "type": "Polygon", "coordinates": [ [ [ 77.18696803014555, 28.643729787998609 ], [ 77.18696803014555, 28.648221343873566 ], [ 77.1818522636664, 28.648221343873566 ], [ 77.1818522636664, 28.643729787998609 ], [ 77.18696803014555, 28.643729787998609 ] ] ] } },
{ "type": "Feature", "properties": { "cell_id": 1297, "lon": 77.189525913385125, "lat": 28.645975565936087 }, "geometry": { "type": "Polygon", "coordinates": [ [ [ 77.192083796624701, 28.643729787998609 ], [ 77.192083796624701, 28.648221343873566 ], [ 77.18696803014555, 28.648221343873566 ], [ 77.18696803014555, 28.643729787998609 ], [ 77.192083796624701, 28.643729787998609 ] ] ] } },
{ "type": "Feature", "properties": { "cell_id": 1298, "lon": 77.194641679864276, "lat": 28.645975565936087 }, "geometry": { "type": "Polygon", "coordinates": [ [ [ 77.197199563103851, 28.643729787998609 ], [ 77.197199563103851, 28.648221343873566 ], [ 77.192083796624701, 28.648221343873566 ], [ 77.192083796624701, 28.643729787998609 ], [ 77.197199563103851, 28.643729787998609 ] ] ] } },
{ "type": "Feature", "properties": { "cell_id": 1299, "lon": 77.199757446343426, "lat": 28.645975565936087 }, "geometry": { "type": "Polygon", "coordinates": [ [ [ 77.202315329583001, 28.643729787998609 ], [ 77.202315329583001, 28.648221343873566 ], [ 77.197199563103851, 28.648221343873566 ], [ 77.197199563103851, 28.643729787998609 ], [ 77.202315329583001, 28.643729787998609 ] ] ] } },
{ "type": "Feature", "properties": { "cell_id": 1300, "lon": 77.204873212822577, "lat": 28.645975565936087 }, "geometry": { "type": "Polygon", "coordinates": [ [ [ 77.207431096062152, 28.643729787998609 ], [ 77.207431096062152, 28.648221343873566 ], [ 77.202315329583001, 28.648221343873566 ], [ 77.202315329583001, 28.643729787998609 ], [ 77.207431096062152, 28.643729787998609 ] ] ] } },
{ "type": "Feature", "properties": { "cell_id": 1301, "lon": 77.209988979301727, "lat": 28.645975565936087 }, "geometry": { "type": "Polygon", "coordinates": [ [ [ 77.212546862541302, 28.643729787998609 ], [ 77.212546862541302, 28.648221343873566 ], [ 77.207431096062152, 28.648221343873566 ], [ 77.207431096062152, 28.643729787998609 ], [ 77.212546862541302, 28.643729787998609 ] ] ] } },
{ "type": "Feature", "properties": { "cell_id": 1302, "lon": 77.215104745780877, "lat": 28.645975565936087 }, "geometry": { "type": "Polygon", "coordinates": [ [ [ 77.217662629020452, 28.643729787998609 ], [ 77.217662629020452, 28.648221343873566 ], [ 77.212546862541302, 28.648221343873566 ], [ 77.212546862541302, 28.643729787998609 ], [ 77.217662629020452, 28.643729787998609 ] ] ] } },
{ "type": "Feature", "properties": { "cell_id": 1303, "lon": 77.220220512260028, "lat": 28.645975565936087 }, "geometry": { "type": "Polygon", "coordinates": [ [ [ 77.222778395499603, 28.643729787998609 ], [ 77.222778395499603, 28.648221343873566 ], [ 77.217662629020452, 28.648221343873566 ], [ 77.217662629020452, 28.643729787998609 ], [ 77.222778395499603, 28.643729787998609 ] ] ] } },
{ "type": "Feature", "properties": { "cell_id": 1304, "lon": 77.225336278739178, "lat": 28.645975565936087 }, "geometry": { "type": "Polygon", "coordinates": [ [ [ 77.227894161978753, 28.643729787998609 ], [ 77.227894161978753, 28.648221343873566 ], [ 77.222778395499603, 28.648221343873566 ], [ 77.222778395499603, 28.643729787998609 ], [ 77.227894161978753, 28.643729787998609 ] ] ] } },
{ "type": "Feature", "properties": { "cell_id": 1305, "lon": 77.230452045218328, "lat": 28.645975565936087 }, "geometry": { "type": "Polygon", "coordinates": [ [ [ 77.233009928457903, 28.643729787998609 ], [ 77.233009928457903, 28.648221343873566 ], [ 77.227894161978753, 28.648221343873566 ], [ 77.227894161978753, 28.643729787998609 ], [ 77.233009928457903, 28.643729787998609 ] ] ] } },
{ "type": "Feature", "properties": { "cell_id": 1306, "lon": 77.235567811697479, "lat": 28.645975565936087 }, "geometry": { "type": "Polygon", "coordinates": [ [ [ 77.238125694937054, 28.643729787998609 ], [ 77.238125694937054, 28.648221343873566 ], [ 77.233009928457903, 28.648221343873566 ], [ 77.233009928457903, 28.643729787998609 ], [ 77.238125694937054, 28.643729787998609 ] ] ] } },
{ "type": "Feature", "properties": { "cell_id": 1307, "lon": 77.240683578176629, "lat": 28.645975565936087 }, "geometry": { "type": "Polygon", "coordinates": [ [ [ 77.243241461416204, 28.643729787998609 ], [ 77.243241461416204, 28.648221343873566 ], [ 77.238125694937054, 28.648221343873566 ], [ 77.238125694937054, 28.643729787998609 ], [ 77.243241461416204, 28.643729787998609 ] ] ] } },
{ "type": "Feature", "properties": { "cell_id": 1308, "lon": 77.245799344655779, "lat": 28.645975565936087 }, "geometry": { "type": "Polygon", "coordinates": [ [ [ 77.248357227895355, 28.643729787998609 ], [ 77.248357227895355, 28.648221343873566 ], [ 77.243241461416204, 28.648221343873566 ], [ 77.243241461416204, 28.643729787998609 ], [ 77.248357227895355, 28.643729787998609 ] ] ] } },
{ "type": "Feature", "properties": { "cell_id": 1309, "lon": 77.25091511113493, "lat": 28.645975565936087 }, "geometry": { "type": "Polygon", "coordinates": [ [ [ 77.253472994374505, 28.643729787998609 ], [ 77.253472994374505, 28.648221343873566 ], [ 77.248357227895355, 28.648221343873566 ], [ 77.248357227895355, 28.643729787998609 ], [ 77.253472994374505, 28.643729787998609 ] ] ] } },
{ "type": "Feature", "properties": { "cell_id": 1310, "lon": 77.25603087761408, "lat": 28.645975565936087 }, "geometry": { "type": "Polygon", "coordinates": [ [ [ 77.258588760853655, 28.643729787998609 ], [ 77.258588760853655, 28.648221343873566 ], [ 77.253472994374505, 28.648221343873566 ], [ 77.253472994374505, 28.643729787998609 ], [ 77.258588760853655, 28.643729787998609 ] ] ] } },
{ "type": "Feature", "properties": { "cell_id": 1311, "lon": 77.26114664409323, "lat": 28.645975565936087 }, "geometry": { "type": "Polygon", "coordinates": [ [ [ 77.263704527332806, 28.643729787998609 ], [ 77.263704527332806, 28.648221343873566 ], [ 77.258588760853655, 28.648221343873566 ], [ 77.258588760853655, 28.643729787998609 ], [ 77.263704527332806, 28.643729787998609 ] ] ] } },
{ "type": "Feature", "properties": { "cell_id": 1312, "lon": 77.266262410572381, "lat": 28.645975565936087 }, "geometry": { "type": "Polygon", "coordinates": [ [ [ 77.268820293811956, 28.643729787998609 ], [ 77.268820293811956, 28.648221343873566 ], [ 77.263704527332806, 28.648221343873566 ], [ 77.263704527332806, 28.643729787998609 ], [ 77.268820293811956, 28.643729787998609 ] ] ] } },
{ "type": "Feature", "properties": { "cell_id": 1313, "lon": 77.271378177051531, "lat": 28.645975565936087 }, "geometry": { "type": "Polygon", "coordinates": [ [ [ 77.273936060291106, 28.643729787998609 ], [ 77.273936060291106, 28.648221343873566 ], [ 77.268820293811956, 28.648221343873566 ], [ 77.268820293811956, 28.643729787998609 ], [ 77.273936060291106, 28.643729787998609 ] ] ] } },
{ "type": "Feature", "properties": { "cell_id": 1314, "lon": 77.276493943530681, "lat": 28.645975565936087 }, "geometry": { "type": "Polygon", "coordinates": [ [ [ 77.279051826770257, 28.643729787998609 ], [ 77.279051826770257, 28.648221343873566 ], [ 77.273936060291106, 28.648221343873566 ], [ 77.273936060291106, 28.643729787998609 ], [ 77.279051826770257, 28.643729787998609 ] ] ] } },
{ "type": "Feature", "properties": { "cell_id": 1315, "lon": 77.281609710009832, "lat": 28.645975565936087 }, "geometry": { "type": "Polygon", "coordinates": [ [ [ 77.284167593249407, 28.643729787998609 ], [ 77.284167593249407, 28.648221343873566 ], [ 77.279051826770257, 28.648221343873566 ], [ 77.279051826770257, 28.643729787998609 ], [ 77.284167593249407, 28.643729787998609 ] ] ] } },
{ "type": "Feature", "properties": { "cell_id": 1316, "lon": 77.286725476488982, "lat": 28.645975565936087 }, "geometry": { "type": "Polygon", "coordinates": [ [ [ 77.289283359728557, 28.643729787998609 ], [ 77.289283359728557, 28.648221343873566 ], [ 77.284167593249407, 28.648221343873566 ], [ 77.284167593249407, 28.643729787998609 ], [ 77.289283359728557, 28.643729787998609 ] ] ] } },
{ "type": "Feature", "properties": { "cell_id": 1317, "lon": 77.291841242968133, "lat": 28.645975565936087 }, "geometry": { "type": "Polygon", "coordinates": [ [ [ 77.294399126207708, 28.643729787998609 ], [ 77.294399126207708, 28.648221343873566 ], [ 77.289283359728557, 28.648221343873566 ], [ 77.289283359728557, 28.643729787998609 ], [ 77.294399126207708, 28.643729787998609 ] ] ] } },
{ "type": "Feature", "properties": { "cell_id": 1318, "lon": 77.296957009447283, "lat": 28.645975565936087 }, "geometry": { "type": "Polygon", "coordinates": [ [ [ 77.299514892686858, 28.643729787998609 ], [ 77.299514892686858, 28.648221343873566 ], [ 77.294399126207708, 28.648221343873566 ], [ 77.294399126207708, 28.643729787998609 ], [ 77.299514892686858, 28.643729787998609 ] ] ] } },
{ "type": "Feature", "properties": { "cell_id": 1320, "lon": 77.102557883239569, "lat": 28.650467121811044 }, "geometry": { "type": "Polygon", "coordinates": [ [ [ 77.105115766479145, 28.648221343873566 ], [ 77.105115766479145, 28.652712899748522 ], [ 77.1, 28.652712899748522 ], [ 77.1, 28.648221343873566 ], [ 77.105115766479145, 28.648221343873566 ] ] ] } },
{ "type": "Feature", "properties": { "cell_id": 1321, "lon": 77.10767364971872, "lat": 28.650467121811044 }, "geometry": { "type": "Polygon", "coordinates": [ [ [ 77.110231532958295, 28.648221343873566 ], [ 77.110231532958295, 28.652712899748522 ], [ 77.105115766479145, 28.652712899748522 ], [ 77.105115766479145, 28.648221343873566 ], [ 77.110231532958295, 28.648221343873566 ] ] ] } },
{ "type": "Feature", "properties": { "cell_id": 1322, "lon": 77.11278941619787, "lat": 28.650467121811044 }, "geometry": { "type": "Polygon", "coordinates": [ [ [ 77.115347299437445, 28.648221343873566 ], [ 77.115347299437445, 28.652712899748522 ], [ 77.110231532958295, 28.652712899748522 ], [ 77.110231532958295, 28.648221343873566 ], [ 77.115347299437445, 28.648221343873566 ] ] ] } },
{ "type": "Feature", "properties": { "cell_id": 1323, "lon": 77.117905182677021, "lat": 28.650467121811044 }, "geometry": { "type": "Polygon", "coordinates": [ [ [ 77.120463065916596, 28.648221343873566 ], [ 77.120463065916596, 28.652712899748522 ], [ 77.115347299437445, 28.652712899748522 ], [ 77.115347299437445, 28.648221343873566 ], [ 77.120463065916596, 28.648221343873566 ] ] ] } },
{ "type": "Feature", "properties": { "cell_id": 1324, "lon": 77.123020949156171, "lat": 28.650467121811044 }, "geometry": { "type": "Polygon", "coordinates": [ [ [ 77.125578832395746, 28.648221343873566 ], [ 77.125578832395746, 28.652712899748522 ], [ 77.120463065916596, 28.652712899748522 ], [ 77.120463065916596, 28.648221343873566 ], [ 77.125578832395746, 28.648221343873566 ] ] ] } },
{ "type": "Feature", "properties": { "cell_id": 1325, "lon": 77.128136715635321, "lat": 28.650467121811044 }, "geometry": { "type": "Polygon", "coordinates": [ [ [ 77.130694598874896, 28.648221343873566 ], [ 77.130694598874896, 28.652712899748522 ], [ 77.125578832395746, 28.652712899748522 ], [ 77.125578832395746, 28.648221343873566 ], [ 77.130694598874896, 28.648221343873566 ] ] ] } },
{ "type": "Feature", "properties": { "cell_id": 1326, "lon": 77.133252482114472, "lat": 28.650467121811044 }, "geometry": { "type": "Polygon", "coordinates": [ [ [ 77.135810365354047, 28.648221343873566 ], [ 77.135810365354047, 28.652712899748522 ], [ 77.130694598874896, 28.652712899748522 ], [ 77.130694598874896, 28.648221343873566 ], [ 77.135810365354047, 28.648221343873566 ] ] ] } },
{ "type": "Feature", "properties": { "cell_id": 1327, "lon": 77.138368248593622, "lat": 28.650467121811044 }, "geometry": { "type": "Polygon", "coordinates": [ [ [ 77.140926131833197, 28.648221343873566 ], [ 77.140926131833197, 28.652712899748522 ], [ 77.135810365354047, 28.652712899748522 ], [ 77.135810365354047, 28.648221343873566 ], [ 77.140926131833197, 28.648221343873566 ] ] ] } },
{ "type": "Feature", "properties": { "cell_id": 1328, "lon": 77.143484015072772, "lat": 28.650467121811044 }, "geometry": { "type": "Polygon", "coordinates": [ [ [ 77.146041898312347, 28.648221343873566 ], [ 77.146041898312347, 28.652712899748522 ], [ 77.140926131833197, 28.652712899748522 ], [ 77.140926131833197, 28.648221343873566 ], [ 77.146041898312347, 28.648221343873566 ] ] ] } },
{ "type": "Feature", "properties": { "cell_id": 1329, "lon": 77.148599781551923, "lat": 28.650467121811044 }, "geometry": { "type": "Polygon", "coordinates": [ [ [ 77.151157664791498, 28.648221343873566 ], [ 77.151157664791498, 28.652712899748522 ], [ 77.146041898312347, 28.652712899748522 ], [ 77.146041898312347, 28.648221343873566 ], [ 77.151157664791498, 28.648221343873566 ] ] ] } },
{ "type": "Feature", "properties": { "cell_id": 1330, "lon": 77.153715548031073, "lat": 28.650467121811044 }, "geometry": { "type": "Polygon", "coordinates": [ [ [ 77.156273431270648, 28.648221343873566 ], [ 77.156273431270648, 28.652712899748522 ], [ 77.151157664791498, 28.652712899748522 ], [ 77.151157664791498, 28.648221343873566 ], [ 77.156273431270648, 28.648221343873566 ] ] ] } },
{ "type": "Feature", "properties": { "cell_id": 1331, "lon": 77.158831314510223, "lat": 28.650467121811044 }, "geometry": { "type": "Polygon", "coordinates": [ [ [ 77.161389197749799, 28.648221343873566 ], [ 77.161389197749799, 28.652712899748522 ], [ 77.156273431270648, 28.652712899748522 ], [ 77.156273431270648, 28.648221343873566 ], [ 77.161389197749799, 28.648221343873566 ] ] ] } },
{ "type": "Feature", "properties": { "cell_id": 1332, "lon": 77.163947080989374, "lat": 28.650467121811044 }, "geometry": { "type": "Polygon", "coordinates": [ [ [ 77.166504964228949, 28.648221343873566 ], [ 77.166504964228949, 28.652712899748522 ], [ 77.161389197749799, 28.652712899748522 ], [ 77.161389197749799, 28.648221343873566 ], [ 77.166504964228949, 28.648221343873566 ] ] ] } },
{ "type": "Feature", "properties": { "cell_id": 1333, "lon": 77.169062847468524, "lat": 28.650467121811044 }, "geometry": { "type": "Polygon", "coordinates": [ [ [ 77.171620730708099, 28.648221343873566 ], [ 77.171620730708099, 28.652712899748522 ], [ 77.166504964228949, 28.652712899748522 ], [ 77.166504964228949, 28.648221343873566 ], [ 77.171620730708099, 28.648221343873566 ] ] ] } },
{ "type": "Feature", "properties": { "cell_id": 1334, "lon": 77.174178613947674, "lat": 28.650467121811044 }, "geometry": { "type": "Polygon", "coordinates": [ [ [ 77.17673649718725, 28.648221343873566 ], [ 77.17673649718725, 28.652712899748522 ], [ 77.171620730708099, 28.652712899748522 ], [ 77.171620730708099, 28.648221343873566 ], [ 77.17673649718725, 28.648221343873566 ] ] ] } },
{ "type": "Feature", "properties": { "cell_id": 1335, "lon": 77.179294380426825, "lat": 28.650467121811044 }, "geometry": { "type": "Polygon", "coordinates": [ [ [ 77.1818522636664, 28.648221343873566 ], [ 77.1818522636664, 28.652712899748522 ], [ 77.17673649718725, 28.652712899748522 ], [ 77.17673649718725, 28.648221343873566 ], [ 77.1818522636664, 28.648221343873566 ] ] ] } },
{ "type": "Feature", "properties": { "cell_id": 1336, "lon": 77.184410146905975, "lat": 28.650467121811044 }, "geometry": { "type": "Polygon", "coordinates": [ [ [ 77.18696803014555, 28.648221343873566 ], [ 77.18696803014555, 28.652712899748522 ], [ 77.1818522636664, 28.652712899748522 ], [ 77.1818522636664, 28.648221343873566 ], [ 77.18696803014555, 28.648221343873566 ] ] ] } },
{ "type": "Feature", "properties": { "cell_id": 1337, "lon": 77.189525913385125, "lat": 28.650467121811044 }, "geometry": { "type": "Polygon", "coordinates": [ [ [ 77.192083796624701, 28.648221343873566 ], [ 77.192083796624701, 28.652712899748522 ], [ 77.18696803014555, 28.652712899748522 ], [ 77.18696803014555, 28.648221343873566 ], [ 77.192083796624701, 28.648221343873566 ] ] ] } },
{ "type": "Feature", "properties": { "cell_id": 1338, "lon": 77.194641679864276, "lat": 28.650467121811044 }, "geometry": { "type": "Polygon", "coordinates": [ [ [ 77.197199563103851, 28.648221343873566 ], [ 77.197199563103851, 28.652712899748522 ], [ 77.192083796624701, 28.652712899748522 ], [ 77.192083796624701, 28.648221343873566 ], [ 77.197199563103851, 28.648221343873566 ] ] ] } },
{ "type": "Feature", "properties": { "cell_id": 1339, "lon": 77.199757446343426, "lat": 28.650467121811044 }, "geometry": { "type": "Polygon", "coordinates": [ [ [ 77.202315329583001, 28.648221343873566 ], [ 77.202315329583001, 28.652712899748522 ], [ 77.197199563103851, 28.652712899748522 ], [ 77.197199563103851, 28.648221343873566 ], [ 77.202315329583001, 28.648221343873566 ] ] ] } },
{ "type": "Feature", "properties": { "cell_id": 1340, "lon": 77.204873212822577, "lat": 28.650467121811044 }, "geometry": { "type": "Polygon", "coordinates": [ [ [ 77.207431096062152, 28.648221343873566 ], [ 77.207431096062152, 28.652712899748522 ], [ 77.202315329583001, 28.652712899748522 ], [ 77.202315329583001, 28.648221343873566 ], [ 77.207431096062152, 28.648221343873566 ] ] ] } },
{ "type": "Feature", "properties": { "cell_id": 1341, "lon": 77.209988979301727, "lat": 28.650467121811044 }, "geometry": { "type": "Polygon", "coordinates": [ [ [ 77.212546862541302, 28.648221343873566 ], [ 77.212546862541302, 28.652712899748522 ], [ 77.207431096062152, 28.652712899748522 ], [ 77.207431096062152, 28.648221343873566 ], [ 77.212546862541302, 28.648221343873566 ] ] ] } },
{ "type": "Feature", "properties": { "cell_id": 1342, "lon": 77.215104745780877, "lat": 28.650467121811044 }, "geometry": { "type": "Polygon", "coordinates": [ [ [ 77.217662629020452, 28.648221343873566 ], [ 77.217662629020452, 28.652712899748522 ], [ 77.212546862541302, 28.652712899748522 ], [ 77.212546862541302, 28.648221343873566 ], [ 77.217662629020452, 28.648221343873566 ] ] ] } },
{ "type": "Feature", "properties": { "cell_id": 1343, "lon": 77.220220512260028, "lat": 28.650467121811044 }, "geometry": { "type": "Polygon", "coordinates": [ [ [ 77.222778395499603, 28.648221343873566 ], [ 77.222778395499603, 28.652712899748522 ], [ 77.217662629020452, 28.652712899748522 ], [ 77.217662629020452, 28.648221343873566 ], [ 77.222778395499603, 28.648221343873566 ] ] ] } },
{ "type": "Feature", "properties": { "cell_id": 1344, "lon": 77.225336278739178, "lat": 28.650467121811044 }, "geometry": { "type": "Polygon", "coordinates": [ [ [ 77.227894161978753, 28.648221343873566 ], [ 77.227894161978753, 28.652712899748522 ], [ 77.222778395499603, 28.652712899748522 ], [ 77.222778395499603, 28.648221343873566 ], [ 77.227894161978753, 28.648221343873566 ] ] ] } },
{ "type": "Feature", "properties": { "cell_id": 1345, "lon": 77.230452045218328, "lat": 28.650467121811044 }, "geometry": { "type": "Polygon", "coordinates": [ [ [ 77.233009928457903, 28.648221343873566 ], [ 77.233009928457903, 28.652712899748522 ], [ 77.227894161978753, 28.652712899748522 ], [ 77.227894161978753, 28.648221343873566 ], [ 77.233009928457903, 28.648221343873566 ] ] ] } },
{ "type": "Feature", "properties": { "cell_id": 1346, "lon": 77.235567811697479, "lat": 28.650467121811044 }, "geometry": { "type": "Polygon", "coordinates": [ [ [ 77.238125694937054, 28.648221343873566 ], [ 77.238125694937054, 28.652712899748522 ], [ 77.233009928457903, 28.652712899748522 ], [ 77.233009928457903, 28.648221343873566 ], [ 77.238125694937054, 28.648221343873566 ] ] ] } },
{ "type": "Feature", "properties": { "cell_id": 1347, "lon": 77.240683578176629, "lat": 28.650467121811044 }, "geometry": { "type": "Polygon", "coordinates": [ [ [ 77.243241461416204, 28.648221343873566 ], [ 77.243241461416204, 28.652712899748522 ], [ 77.238125694937054, 28.652712899748522 ], [ 77.238125694937054, 28.648221343873566 ], [ 77.243241461416204, 28.648221343873566 ] ] ] } },
{ "type": "Feature", "properties": { "cell_id": 1348, "lon": 77.245799344655779, "lat": 28.650467121811044 }, "geometry": { "type": "Polygon", "coordinates": [ [ [ 77.248357227895355, 28.648221343873566 ], [ 77.248357227895355, 28.652712899748522 ], [ 77.243241461416204, 28.652712899748522 ], [ 77.243241461416204, 28.648221343873566 ], [ 77.248357227895355, 28.648221343873566 ] ] ] } },
{ "type": "Feature", "properties": { "cell_id": 1349, "lon": 77.25091511113493, "lat": 28.650467121811044 }, "geometry": { "type": "Polygon", "coordinates": [ [ [ 77.253472994374505, 28.648221343873566 ], [ 77.253472994374505, 28.652712899748522 ], [ 77.248357227895355, 28.652712899748522 ], [ 77.248357227895355, 28.648221343873566 ], [ 77.253472994374505, 28.648221343873566 ] ] ] } },
{ "type": "Feature", "properties": { "cell_id": 1350, "lon": 77.25603087761408, "lat": 28.650467121811044 }, "geometry": { "type": "Polygon", "coordinates": [ [ [ 77.258588760853655, 28.648221343873566 ], [ 77.258588760853655, 28.652712899748522 ], [ 77.253472994374505, 28.652712899748522 ], [ 77.253472994374505, 28.648221343873566 ], [ 77.258588760853655, 28.648221343873566 ] ] ] } },
{ "type": "Feature", "properties": { "cell_id": 1351, "lon": 77.26114664409323, "lat": 28.650467121811044 }, "geometry": { "type": "Polygon", "coordinates": [ [ [ 77.263704527332806, 28.648221343873566 ], [ 77.263704527332806, 28.652712899748522 ], [ 77.258588760853655, 28.652712899748522 ], [ 77.258588760853655, 28.648221343873566 ], [ 77.263704527332806, 28.648221343873566 ] ] ] } },
{ "type": "Feature", "properties": { "cell_id": 1352, "lon": 77.266262410572381, "lat": 28.650467121811044 }, "geometry": { "type": "Polygon", "coordinates": [ [ [ 77.268820293811956, 28.648221343873566 ], [ 77.268820293811956, 28.652712899748522 ], [ 77.263704527332806, 28.652712899748522 ], [ 77.263704527332806, 28.648221343873566 ], [ 77.268820293811956, 28.648221343873566 ] ] ] } },
{ "type": "Feature", "properties": { "cell_id": 1353, "lon": 77.271378177051531, "lat": 28.650467121811044 }, "geometry": { "type": "Polygon", "coordinates": [ [ [ 77.273936060291106, 28.648221343873566 ], [ 77.273936060291106, 28.652712899748522 ], [ 77.268820293811956, 28.652712899748522 ], [ 77.268820293811956, 28.648221343873566 ], [ 77.273936060291106, 28.648221343873566 ] ] ] } },
{ "type": "Feature", "properties": { "cell_id": 1354, "lon": 77.276493943530681, "lat": 28.650467121811044 }, "geometry": { "type": "Polygon", "coordinates": [ [ [ 77.279051826770257, 28.648221343873566 ], [ 77.279051826770257, 28.652712899748522 ], [ 77.273936060291106, 28.652712899748522 ], [ 77.273936060291106, 28.648221343873566 ], [ 77.279051826770257, 28.648221343873566 ] ] ] } },
{ "type": "Feature", "properties": { "cell_id": 1355, "lon": 77.281609710009832, "lat": 28.650467121811044 }, "geometry": { "type": "Polygon", "coordinates": [ [ [ 77.284167593249407, 28.648221343873566 ], [ 77.284167593249407, 28.652712899748522 ], [ 77.279051826770257, 28.652712899748522 ], [ 77.279051826770257, 28.648221343873566 ], [ 77.284167593249407, 28.648221343873566 ] ] ] } },
{ "type": "Feature", "properties": { "cell_id": 1356, "lon": 77.286725476488982, "lat": 28.650467121811044 }, "geometry": { "type": "Polygon", "coordinates": [ [ [ 77.289283359728557, 28.648221343873566 ], [ 77.289283359728557, 28.652712899748522 ], [ 77.284167593249407, 28.652712899748522 ], [ 77.284167593249407, 28.648221343873566 ], [ 77.289283359728557, 28.648221343873566 ] ] ] } },
{ "type": "Feature", "properties": { "cell_id": 1357, "lon": 77.291841242968133, "lat": 28.650467121811044 }, "geometry": { "type": "Polygon", "coordinates": [ [ [ 77.294399126207708, 28.648221343873566 ], [ 77.294399126207708, 28.652712899748522 ], [ 77.289283359728557, 28.652712899748522 ], [ 77.289283359728557, 28.648221343873566 ], [ 77.294399126207708, 28.648221343873566 ] ] ] } },
{ "type": "Feature", "properties": { "cell_id": 1358, "lon": 77.296957009447283, "lat": 28.650467121811044 }, "geometry": { "type": "Polygon", "coordinates": [ [ [ 77.299514892686858, 28.648221343873566 ], [ 77.299514892686858, 28.652712899748522 ], [ 77.294399126207708, 28.652712899748522 ], [ 77.294399126207708, 28.648221343873566 ], [ 77.299514892686858, 28.648221343873566 ] ] ] } },
{ "type": "Feature", "properties": { "cell_id": 1360, "lon": 77.102557883239569, "lat": 28.654958677686 }, "geometry": { "type": "Polygon", "coordinates": [ [ [ 77.105115766479145, 28.652712899748522 ], [ 77.105115766479145, 28.657204455623479 ], [ 77.1, 28.657204455623479 ], [ 77.1, 28.652712899748522 ], [ 77.105115766479145, 28.652712899748522 ] ] ] } },
{ "type": "Feature", "properties": { "cell_id": 1361, "lon": 77.10767364971872, "lat": 28.654958677686 }, "geometry": { "type": "Polygon", "coordinates": [ [ [ 77.110231532958295, 28.652712899748522 ], [ 77.110231532958295, 28.657204455623479 ], [ 77.105115766479145, 28.657204455623479 ], [ 77.105115766479145, 28.652712899748522 ], [ 77.110231532958295, 28.652712899748522 ] ] ] } },
{ "type": "Feature", "properties": { "cell_id": 1362, "lon": 77.11278941619787, "lat": 28.654958677686 }, "geometry": { "type": "Polygon", "coordinates": [ [ [ 77.115347299437445, 28.652712899748522 ], [ 77.115347299437445, 28.657204455623479 ], [ 77.110231532958295, 28.657204455623479 ], [ 77.110231532958295, 28.652712899748522 ], [ 77.115347299437445, 28.652712899748522 ] ] ] } },
{ "type": "Feature", "properties": { "cell_id": 1363, "lon": 77.117905182677021, "lat": 28.654958677686 }, "geometry": { "type": "Polygon", "coordinates": [ [ [ 77.120463065916596, 28.652712899748522 ], [ 77.120463065916596, 28.657204455623479 ], [ 77.115347299437445, 28.657204455623479 ], [ 77.115347299437445, 28.652712899748522 ], [ 77.120463065916596, 28.652712899748522 ] ] ] } },
{ "type": "Feature", "properties": { "cell_id": 1364, "lon": 77.123020949156171, "lat": 28.654958677686 }, "geometry": { "type": "Polygon", "coordinates": [ [ [ 77.125578832395746, 28.652712899748522 ], [ 77.125578832395746, 28.657204455623479 ], [ 77.120463065916596, 28.657204455623479 ], [ 77.120463065916596, 28.652712899748522 ], [ 77.125578832395746, 28.652712899748522 ] ] ] } },
{ "type": "Feature", "properties": { "cell_id": 1365, "lon": 77.128136715635321, "lat": 28.654958677686 }, "geometry": { "type": "Polygon", "coordinates": [ [ [ 77.130694598874896, 28.652712899748522 ], [ 77.130694598874896, 28.657204455623479 ], [ 77.125578832395746, 28.657204455623479 ], [ 77.125578832395746, 28.652712899748522 ], [ 77.130694598874896, 28.652712899748522 ] ] ] } },
{ "type": "Feature", "properties": { "cell_id": 1366, "lon": 77.133252482114472, "lat": 28.654958677686 }, "geometry": { "type": "Polygon", "coordinates": [ [ [ 77.135810365354047, 28.652712899748522 ], [ 77.135810365354047, 28.657204455623479 ], [ 77.130694598874896, 28.657204455623479 ], [ 77.130694598874896, 28.652712899748522 ], [ 77.135810365354047, 28.652712899748522 ] ] ] } },
{ "type": "Feature", "properties": { "cell_id": 1367, "lon": 77.138368248593622, "lat": 28.654958677686 }, "geometry": { "type": "Polygon", "coordinates": [ [ [ 77.140926131833197, 28.652712899748522 ], [ 77.140926131833197, 28.657204455623479 ], [ 77.135810365354047, 28.657204455623479 ], [ 77.135810365354047, 28.652712899748522 ], [ 77.140926131833197, 28.652712899748522 ] ] ] } },
{ "type": "Feature", "properties": { "cell_id": 1368, "lon": 77.143484015072772, "lat": 28.654958677686 }, "geometry": { "type": "Polygon", "coordinates": [ [ [ 77.146041898312347, 28.652712899748522 ], [ 77.146041898312347, 28.657204455623479 ], [ 77.140926131833197, 28.657204455623479 ], [ 77.140926131833197, 28.652712899748522 ], [ 77.146041898312347, 28.652712899748522 ] ] ] } },
{ "type": "Feature", "properties": { "cell_id": 1369, "lon": 77.148599781551923, "lat": 28.654958677686 }, "geometry": { "type": "Polygon", "coordinates": [ [ [ 77.151157664791498, 28.652712899748522 ], [ 77.151157664791498, 28.657204455623479 ], [ 77.146041898312347, 28.657204455623479 ], [ 77.146041898312347, 28.652712899748522 ], [ 77.151157664791498, 28.652712899748522 ] ] ] } },
{ "type": "Feature", "properties": { "cell_id": 1370, "lon": 77.153715548031073, "lat": 28.654958677686 }, "geometry": { "type": "Polygon", "coordinates": [ [ [ 77.156273431270648, 28.652712899748522 ], [ 77.156273431270648, 28.657204455623479 ], [ 77.151157664791498, 28.657204455623479 ], [ 77.151157664791498, 28.652712899748522 ], [ 77.156273431270648, 28.652712899748522 ] ] ] } },
{ "type": "Feature", "properties": { "cell_id": 1371, "lon": 77.158831314510223, "lat": 28.654958677686 }, "geometry": { "type": "Polygon", "coordinates": [ [ [ 77.161389197749799, 28.652712899748522 ], [ 77.161389197749799, 28.657204455623479 ], [ 77.156273431270648, 28.657204455623479 ], [ 77.156273431270648, 28.652712899748522 ], [ 77.161389197749799, 28.652712899748522 ] ] ] } },
{ "type": "Feature", "properties": { "cell_id": 1372, "lon": 77.163947080989374, "lat": 28.654958677686 }, "geometry": { "type": "Polygon", "coordinates": [ [ [ 77.166504964228949, 28.652712899748522 ], [ 77.166504964228949, 28.657204455623479 ], [ 77.161389197749799, 28.657204455623479 ], [ 77.161389197749799, 28.652712899748522 ], [ 77.166504964228949, 28.652712899748522 ] ] ] } },
{ "type": "Feature", "properties": { "cell_id": 1373, "lon": 77.169062847468524, "lat": 28.654958677686 }, "geometry": { "type": "Polygon", "coordinates": [ [ [ 77.171620730708099, 28.652712899748522 ], [ 77.171620730708099, 28.657204455623479 ], [ 77.166504964228949, 28.657204455623479 ], [ 77.166504964228949, 28.652712899748522 ], [ 77.171620730708099, 28.652712899748522 ] ] ] } },
{ "type": "Feature", "properties": { "cell_id": 1374, "lon": 77.174178613947674, "lat": 28.654958677686 }, "geometry": { "type": "Polygon", "coordinates": [ [ [ 77.17673649718725, 28.652712899748522 ], [ 77.17673649718725, 28.657204455623479 ], [ 77.171620730708099, 28.657204455623479 ], [ 77.171620730708099, 28.652712899748522 ], [ 77.17673649718725, 28.652712899748522 ] ] ] } },
{ "type": "Feature", "properties": { "cell_id": 1375, "lon": 77.179294380426825, "lat": 28.654958677686 }, "geometry": { "type": "Polygon", "coordinates": [ [ [ 77.1818522636664, 28.652712899748522 ], [ 77.1818522636664, 28.657204455623479 ], [ 77.17673649718725, 28.657204455623479 ], [ 77.17673649718725, 28.652712899748522 ], [ 77.1818522636664, 28.652712899748522 ] ] ] } },
{ "type": "Feature", "properties": { "cell_id": 1376, "lon": 77.184410146905975, "lat": 28.654958677686 }, "geometry": { "type": "Polygon", "coordinates": [ [ [ 77.18696803014555, 28.652712899748522 ], [ 77.18696803014555, 28.657204455623479 ], [ 77.1818522636664, 28.657204455623479 ], [ 77.1818522636664, 28.652712899748522 ], [ 77.18696803014555, 28.652712899748522 ] ] ] } },
{ "type": "Feature", "properties": { "cell_id": 1377, "lon": 77.189525913385125, "lat": 28.654958677686 }, "geometry": { "type": "Polygon", "coordinates": [ [ [ 77.192083796624701, 28.652712899748522 ], [ 77.192083796624701, 28.657204455623479 ], [ 77.18696803014555, 28.657204455623479 ], [ 77.18696803014555, 28.652712899748522 ], [ 77.192083796624701, 28.652712899748522 ] ] ] } },
{ "type": "Feature", "properties": { "cell_id": 1378, "lon": 77.194641679864276, "lat": 28.654958677686 }, "geometry": { "type": "Polygon", "coordinates": [ [ [ 77.197199563103851, 28.652712899748522 ], [ 77.197199563103851, 28.657204455623479 ], [ 77.192083796624701, 28.657204455623479 ], [ 77.192083796624701, 28.652712899748522 ], [ 77.197199563103851, 28.652712899748522 ] ] ] } },
{ "type": "Feature", "properties": { "cell_id": 1379, "lon": 77.199757446343426, "lat": 28.654958677686 }, "geometry": { "type": "Polygon", "coordinates": [ [ [ 77.202315329583001, 28.652712899748522 ], [ 77.202315329583001, 28.657204455623479 ], [ 77.197199563103851, 28.657204455623479 ], [ 77.197199563103851, 28.652712899748522 ], [ 77.202315329583001, 28.652712899748522 ] ] ] } },
{ "type": "Feature", "properties": { "cell_id": 1380, "lon": 77.204873212822577, "lat": 28.654958677686 }, "geometry": { "type": "Polygon", "coordinates": [ [ [ 77.207431096062152, 28.652712899748522 ], [ 77.207431096062152, 28.657204455623479 ], [ 77.202315329583001, 28.657204455623479 ], [ 77.202315329583001, 28.652712899748522 ], [ 77.207431096062152, 28.652712899748522 ] ] ] } },
{ "type": "Feature", "properties": { "cell_id": 1381, "lon": 77.209988979301727, "lat": 28.654958677686 }, "geometry": { "type": "Polygon", "coordinates": [ [ [ 77.212546862541302, 28.652712899748522 ], [ 77.212546862541302, 28.657204455623479 ], [ 77.207431096062152, 28.657204455623479 ], [ 77.207431096062152, 28.652712899748522 ], [ 77.212546862541302, 28.652712899748522 ] ] ] } },
{ "type": "Feature", "properties": { "cell_id": 1382, "lon": 77.215104745780877, "lat": 28.654958677686 }, "geometry": { "type": "Polygon", "coordinates": [ [ [ 77.217662629020452, 28.652712899748522 ], [ 77.217662629020452, 28.657204455623479 ], [ 77.212546862541302, 28.657204455623479 ], [ 77.212546862541302, 28.652712899748522 ], [ 77.217662629020452, 28.652712899748522 ] ] ] } },
{ "type": "Feature", "properties": { "cell_id": 1383, "lon": 77.220220512260028, "lat": 28.654958677686 }, "geometry": { "type": "Polygon", "coordinates": [ [ [ 77.222778395499603, 28.652712899748522 ], [ 77.222778395499603, 28.657204455623479 ], [ 77.217662629020452, 28.657204455623479 ], [ 77.217662629020452, 28.652712899748522 ], [ 77.222778395499603, 28.652712899748522 ] ] ] } },
{ "type": "Feature", "properties": { "cell_id": 1384, "lon": 77.225336278739178, "lat": 28.654958677686 }, "geometry": { "type": "Polygon", "coordinates": [ [ [ 77.227894161978753, 28.652712899748522 ], [ 77.227894161978753, 28.657204455623479 ], [ 77.222778395499603, 28.657204455623479 ], [ 77.222778395499603, 28.652712899748522 ], [ 77.227894161978753, 28.652712899748522 ] ] ] } },
{ "type": "Feature", "properties": { "cell_id": 1385, "lon": 77.230452045218328, "lat": 28.654958677686 }, "geometry": { "type": "Polygon", "coordinates": [ [ [ 77.233009928457903, 28.652712899748522 ], [ 77.233009928457903, 28.657204455623479 ], [ 77.227894161978753, 28.657204455623479 ], [ 77.227894161978753, 28.652712899748522 ], [ 77.233009928457903, 28.652712899748522 ] ] ] } },
{ "type": "Feature", "properties": { "cell_id": 1386, "lon": 77.235567811697479, "lat": 28.654958677686 }, "geometry": { "type": "Polygon", "coordinates": [ [ [ 77.238125694937054, 28.652712899748522 ], [ 77.238125694937054, 28.657204455623479 ], [ 77.233009928457903, 28.657204455623479 ], [ 77.233009928457903, 28.652712899748522 ], [ 77.238125694937054, 28.652712899748522 ] ] ] } },
{ "type": "Feature", "properties": { "cell_id": 1387, "lon": 77.240683578176629, "lat": 28.654958677686 }, "geometry": { "type": "Polygon", "coordinates": [ [ [ 77.243241461416204, 28.652712899748522 ], [ 77.243241461416204, 28.657204455623479 ], [ 77.238125694937054, 28.657204455623479 ], [ 77.238125694937054, 28.652712899748522 ], [ 77.243241461416204, 28.652712899748522 ] ] ] } },
{ "type": "Feature", "properties": { "cell_id": 1388, "lon": 77.245799344655779, "lat": 28.654958677686 }, "geometry": { "type": "Polygon", "coordinates": [ [ [ 77.248357227895355, 28.652712899748522 ], [ 77.248357227895355, 28.657204455623479 ], [ 77.243241461416204, 28.657204455623479 ], [ 77.243241461416204, 28.652712899748522 ], [ 77.248357227895355, 28.652712899748522 ] ] ] } },
{ "type": "Feature", "properties": { "cell_id": 1389, "lon": 77.25091511113493, "lat": 28.654958677686 }, "geometry": { "type": "Polygon", "coordinates": [ [ [ 77.253472994374505, 28.652712899748522 ], [ 77.253472994374505, 28.657204455623479 ], [ 77.248357227895355, 28.657204455623479 ], [ 77.248357227895355, 28.652712899748522 ], [ 77.253472994374505, 28.652712899748522 ] ] ] } },
{ "type": "Feature", "properties": { "cell_id": 1390, "lon": 77.25603087761408, "lat": 28.654958677686 }, "geometry": { "type": "Polygon", "coordinates": [ [ [ 77.258588760853655, 28.652712899748522 ], [ 77.258588760853655, 28.657204455623479 ], [ 77.253472994374505, 28.657204455623479 ], [ 77.253472994374505, 28.652712899748522 ], [ 77.258588760853655, 28.652712899748522 ] ] ] } },
{ "type": "Feature", "properties": { "cell_id": 1391, "lon": 77.26114664409323, "lat": 28.654958677686 }, "geometry": { "type": "Polygon", "coordinates": [ [ [ 77.263704527332806, 28.652712899748522 ], [ 77.263704527332806, 28.657204455623479 ], [ 77.258588760853655, 28.657204455623479 ], [ 77.258588760853655, 28.652712899748522 ], [ 77.263704527332806, 28.652712899748522 ] ] ] } },
{ "type": "Feature", "properties": { "cell_id": 1392, "lon": 77.266262410572381, "lat": 28.654958677686 }, "geometry": { "type": "Polygon", "coordinates": [ [ [ 77.268820293811956, 28.652712899748522 ], [ 77.268820293811956, 28.657204455623479 ], [ 77.263704527332806, 28.657204455623479 ], [ 77.263704527332806, 28.652712899748522 ], [ 77.268820293811956, 28.652712899748522 ] ] ] } },
{ "type": "Feature", "properties": { "cell_id": 1393, "lon": 77.271378177051531, "lat": 28.654958677686 }, "geometry": { "type": "Polygon", "coordinates": [ [ [ 77.273936060291106, 28.652712899748522 ], [ 77.273936060291106, 28.657204455623479 ], [ 77.268820293811956, 28.657204455623479 ], [ 77.268820293811956, 28.652712899748522 ], [ 77.273936060291106, 28.652712899748522 ] ] ] } },
{ "type": "Feature", "properties": { "cell_id": 1394, "lon": 77.276493943530681, "lat": 28.654958677686 }, "geometry": { "type": "Polygon", "coordinates": [ [ [ 77.279051826770257, 28.652712899748522 ], [ 77.279051826770257, 28.657204455623479 ], [ 77.273936060291106, 28.657204455623479 ], [ 77.273936060291106, 28.652712899748522 ], [ 77.279051826770257, 28.652712899748522 ] ] ] } },
{ "type": "Feature", "properties": { "cell_id": 1395, "lon": 77.281609710009832, "lat": 28.654958677686 }, "geometry": { "type": "Polygon", "coordinates": [ [ [ 77.284167593249407, 28.652712899748522 ], [ 77.284167593249407, 28.657204455623479 ], [ 77.279051826770257, 28.657204455623479 ], [ 77.279051826770257, 28.652712899748522 ], [ 77.284167593249407, 28.652712899748522 ] ] ] } },
{ "type": "Feature", "properties": { "cell_id": 1396, "lon": 77.286725476488982, "lat": 28.654958677686 }, "geometry": { "type": "Polygon", "coordinates": [ [ [ 77.289283359728557, 28.652712899748522 ], [ 77.289283359728557, 28.657204455623479 ], [ 77.284167593249407, 28.657204455623479 ], [ 77.284167593249407, 28.652712899748522 ], [ 77.289283359728557, 28.652712899748522 ] ] ] } },
{ "type": "Feature", "properties": { "cell_id": 1397, "lon": 77.291841242968133, "lat": 28.654958677686 }, "geometry": { "type": "Polygon", "coordinates": [ [ [ 77.294399126207708, 28.652712899748522 ], [ 77.294399126207708, 28.657204455623479 ], [ 77.289283359728557, 28.657204455623479 ], [ 77.289283359728557, 28.652712899748522 ], [ 77.294399126207708, 28.652712899748522 ] ] ] } },
{ "type": "Feature", "properties": { "cell_id": 1398, "lon": 77.296957009447283, "lat": 28.654958677686 }, "geometry": { "type": "Polygon", "coordinates": [ [ [ 77.299514892686858, 28.652712899748522 ], [ 77.299514892686858, 28.657204455623479 ], [ 77.294399126207708, 28.657204455623479 ], [ 77.294399126207708, 28.652712899748522 ], [ 77.299514892686858, 28.652712899748522 ] ] ] } },
{ "type": "Feature", "properties": { "cell_id": 1400, "lon": 77.102557883239569, "lat": 28.659450233560957 }, "geometry": { "type": "Polygon", "coordinates": [ [ [ 77.105115766479145, 28.657204455623479 ], [ 77.105115766479145, 28.661696011498435 ], [ 77.1, 28.661696011498435 ], [ 77.1, 28.657204455623479 ], [ 77.105115766479145, 28.657204455623479 ] ] ] } },
{ "type": "Feature", "properties": { "cell_id": 1401, "lon": 77.10767364971872, "lat": 28.659450233560957 }, "geometry": { "type": "Polygon", "coordinates": [ [ [ 77.110231532958295, 28.657204455623479 ], [ 77.110231532958295, 28.661696011498435 ], [ 77.105115766479145, 28.661696011498435 ], [ 77.105115766479145, 28.657204455623479 ], [ 77.110231532958295, 28.657204455623479 ] ] ] } },
{ "type": "Feature", "properties": { "cell_id": 1402, "lon": 77.11278941619787, "lat": 28.659450233560957 }, "geometry": { "type": "Polygon", "coordinates": [ [ [ 77.115347299437445, 28.657204455623479 ], [ 77.115347299437445, 28.661696011498435 ], [ 77.110231532958295, 28.661696011498435 ], [ 77.110231532958295, 28.657204455623479 ], [ 77.115347299437445, 28.657204455623479 ] ] ] } },
{ "type": "Feature", "properties": { "cell_id": 1403, "lon": 77.117905182677021, "lat": 28.659450233560957 }, "geometry": { "type": "Polygon", "coordinates": [ [ [ 77.120463065916596, 28.657204455623479 ], [ 77.120463065916596, 28.661696011498435 ], [ 77.115347299437445, 28.661696011498435 ], [ 77.115347299437445, 28.657204455623479 ], [ 77.120463065916596, 28.657204455623479 ] ] ] } },
{ "type": "Feature", "properties": { "cell_id": 1404, "lon": 77.123020949156171, "lat": 28.659450233560957 }, "geometry": { "type": "Polygon", "coordinates": [ [ [ 77.125578832395746, 28.657204455623479 ], [ 77.125578832395746, 28.661696011498435 ], [ 77.120463065916596, 28.661696011498435 ], [ 77.120463065916596, 28.657204455623479 ], [ 77.125578832395746, 28.657204455623479 ] ] ] } },
{ "type": "Feature", "properties": { "cell_id": 1405, "lon": 77.128136715635321, "lat": 28.659450233560957 }, "geometry": { "type": "Polygon", "coordinates": [ [ [ 77.130694598874896, 28.657204455623479 ], [ 77.130694598874896, 28.661696011498435 ], [ 77.125578832395746, 28.661696011498435 ], [ 77.125578832395746, 28.657204455623479 ], [ 77.130694598874896, 28.657204455623479 ] ] ] } },
{ "type": "Feature", "properties": { "cell_id": 1406, "lon": 77.133252482114472, "lat": 28.659450233560957 }, "geometry": { "type": "Polygon", "coordinates": [ [ [ 77.135810365354047, 28.657204455623479 ], [ 77.135810365354047, 28.661696011498435 ], [ 77.130694598874896, 28.661696011498435 ], [ 77.130694598874896, 28.657204455623479 ], [ 77.135810365354047, 28.657204455623479 ] ] ] } },
{ "type": "Feature", "properties": { "cell_id": 1407, "lon": 77.138368248593622, "lat": 28.659450233560957 }, "geometry": { "type": "Polygon", "coordinates": [ [ [ 77.140926131833197, 28.657204455623479 ], [ 77.140926131833197, 28.661696011498435 ], [ 77.135810365354047, 28.661696011498435 ], [ 77.135810365354047, 28.657204455623479 ], [ 77.140926131833197, 28.657204455623479 ] ] ] } },
{ "type": "Feature", "properties": { "cell_id": 1408, "lon": 77.143484015072772, "lat": 28.659450233560957 }, "geometry": { "type": "Polygon", "coordinates": [ [ [ 77.146041898312347, 28.657204455623479 ], [ 77.146041898312347, 28.661696011498435 ], [ 77.140926131833197, 28.661696011498435 ], [ 77.140926131833197, 28.657204455623479 ], [ 77.146041898312347, 28.657204455623479 ] ] ] } },
{ "type": "Feature", "properties": { "cell_id": 1409, "lon": 77.148599781551923, "lat": 28.659450233560957 }, "geometry": { "type": "Polygon", "coordinates": [ [ [ 77.151157664791498, 28.657204455623479 ], [ 77.151157664791498, 28.661696011498435 ], [ 77.146041898312347, 28.661696011498435 ], [ 77.146041898312347, 28.657204455623479 ], [ 77.151157664791498, 28.657204455623479 ] ] ] } },
{ "type": "Feature", "properties": { "cell_id": 1410, "lon": 77.153715548031073, "lat": 28.659450233560957 }, "geometry": { "type": "Polygon", "coordinates": [ [ [ 77.156273431270648, 28.657204455623479 ], [ 77.156273431270648, 28.661696011498435 ], [ 77.151157664791498, 28.661696011498435 ], [ 77.151157664791498, 28.657204455623479 ], [ 77.156273431270648, 28.657204455623479 ] ] ] } },
{ "type": "Feature", "properties": { "cell_id": 1411, "lon": 77.158831314510223, "lat": 28.659450233560957 }, "geometry": { "type": "Polygon", "coordinates": [ [ [ 77.161389197749799, 28.657204455623479 ], [ 77.161389197749799, 28.661696011498435 ], [ 77.156273431270648, 28.661696011498435 ], [ 77.156273431270648, 28.657204455623479 ], [ 77.161389197749799, 28.657204455623479 ] ] ] } },
{ "type": "Feature", "properties": { "cell_id": 1412, "lon": 77.163947080989374, "lat": 28.659450233560957 }, "geometry": { "type": "Polygon", "coordinates": [ [ [ 77.166504964228949, 28.657204455623479 ], [ 77.166504964228949, 28.661696011498435 ], [ 77.161389197749799, 28.661696011498435 ], [ 77.161389197749799, 28.657204455623479 ], [ 77.166504964228949, 28.657204455623479 ] ] ] } },
{ "type": "Feature", "properties": { "cell_id": 1413, "lon": 77.169062847468524, "lat": 28.659450233560957 }, "geometry": { "type": "Polygon", "coordinates": [ [ [ 77.171620730708099, 28.657204455623479 ], [ 77.171620730708099, 28.661696011498435 ], [ 77.166504964228949, 28.661696011498435 ], [ 77.166504964228949, 28.657204455623479 ], [ 77.171620730708099, 28.657204455623479 ] ] ] } },
{ "type": "Feature", "properties": { "cell_id": 1414, "lon": 77.174178613947674, "lat": 28.659450233560957 }, "geometry": { "type": "Polygon", "coordinates": [ [ [ 77.17673649718725, 28.657204455623479 ], [ 77.17673649718725, 28.661696011498435 ], [ 77.171620730708099, 28.661696011498435 ], [ 77.171620730708099, 28.657204455623479 ], [ 77.17673649718725, 28.657204455623479 ] ] ] } },
{ "type": "Feature", "properties": { "cell_id": 1415, "lon": 77.179294380426825, "lat": 28.659450233560957 }, "geometry": { "type": "Polygon", "coordinates": [ [ [ 77.1818522636664, 28.657204455623479 ], [ 77.1818522636664, 28.661696011498435 ], [ 77.17673649718725, 28.661696011498435 ], [ 77.17673649718725, 28.657204455623479 ], [ 77.1818522636664, 28.657204455623479 ] ] ] } },
{ "type": "Feature", "properties": { "cell_id": 1416, "lon": 77.184410146905975, "lat": 28.659450233560957 }, "geometry": { "type": "Polygon", "coordinates": [ [ [ 77.18696803014555, 28.657204455623479 ], [ 77.18696803014555, 28.661696011498435 ], [ 77.1818522636664, 28.661696011498435 ], [ 77.1818522636664, 28.657204455623479 ], [ 77.18696803014555, 28.657204455623479 ] ] ] } },
{ "type": "Feature", "properties": { "cell_id": 1417, "lon": 77.189525913385125, "lat": 28.659450233560957 }, "geometry": { "type": "Polygon", "coordinates": [ [ [ 77.192083796624701, 28.657204455623479 ], [ 77.192083796624701, 28.661696011498435 ], [ 77.18696803014555, 28.661696011498435 ], [ 77.18696803014555, 28.657204455623479 ], [ 77.192083796624701, 28.657204455623479 ] ] ] } },
{ "type": "Feature", "properties": { "cell_id": 1418, "lon": 77.194641679864276, "lat": 28.659450233560957 }, "geometry": { "type": "Polygon", "coordinates": [ [ [ 77.197199563103851, 28.657204455623479 ], [ 77.197199563103851, 28.661696011498435 ], [ 77.192083796624701, 28.661696011498435 ], [ 77.192083796624701, 28.657204455623479 ], [ 77.197199563103851, 28.657204455623479 ] ] ] } },
{ "type": "Feature", "properties": { "cell_id": 1419, "lon": 77.199757446343426, "lat": 28.659450233560957 }, "geometry": { "type": "Polygon", "coordinates": [ [ [ 77.202315329583001, 28.657204455623479 ], [ 77.202315329583001, 28.661696011498435 ], [ 77.197199563103851, 28.661696011498435 ], [ 77.197199563103851, 28.657204455623479 ], [ 77.202315329583001, 28.657204455623479 ] ] ] } },
{ "type": "Feature", "properties": { "cell_id": 1420, "lon": 77.204873212822577, "lat": 28.659450233560957 }, "geometry": { "type": "Polygon", "coordinates": [ [ [ 77.207431096062152, 28.657204455623479 ], [ 77.207431096062152, 28.661696011498435 ], [ 77.202315329583001, 28.661696011498435 ], [ 77.202315329583001, 28.657204455623479 ], [ 77.207431096062152, 28.657204455623479 ] ] ] } },
{ "type": "Feature", "properties": { "cell_id": 1421, "lon": 77.209988979301727, "lat": 28.659450233560957 }, "geometry": { "type": "Polygon", "coordinates": [ [ [ 77.212546862541302, 28.657204455623479 ], [ 77.212546862541302, 28.661696011498435 ], [ 77.207431096062152, 28.661696011498435 ], [ 77.207431096062152, 28.657204455623479 ], [ 77.212546862541302, 28.657204455623479 ] ] ] } },
{ "type": "Feature", "properties": { "cell_id": 1422, "lon": 77.215104745780877, "lat": 28.659450233560957 }, "geometry": { "type": "Polygon", "coordinates": [ [ [ 77.217662629020452, 28.657204455623479 ], [ 77.217662629020452, 28.661696011498435 ], [ 77.212546862541302, 28.661696011498435 ], [ 77.212546862541302, 28.657204455623479 ], [ 77.217662629020452, 28.657204455623479 ] ] ] } },
{ "type": "Feature", "properties": { "cell_id": 1423, "lon": 77.220220512260028, "lat": 28.659450233560957 }, "geometry": { "type": "Polygon", "coordinates": [ [ [ 77.222778395499603, 28.657204455623479 ], [ 77.222778395499603, 28.661696011498435 ], [ 77.217662629020452, 28.661696011498435 ], [ 77.217662629020452, 28.657204455623479 ], [ 77.222778395499603, 28.657204455623479 ] ] ] } },
{ "type": "Feature", "properties": { "cell_id": 1424, "lon": 77.225336278739178, "lat": 28.659450233560957 }, "geometry": { "type": "Polygon", "coordinates": [ [ [ 77.227894161978753, 28.657204455623479 ], [ 77.227894161978753, 28.661696011498435 ], [ 77.222778395499603, 28.661696011498435 ], [ 77.222778395499603, 28.657204455623479 ], [ 77.227894161978753, 28.657204455623479 ] ] ] } },
{ "type": "Feature", "properties": { "cell_id": 1425, "lon": 77.230452045218328, "lat": 28.659450233560957 }, "geometry": { "type": "Polygon", "coordinates": [ [ [ 77.233009928457903, 28.657204455623479 ], [ 77.233009928457903, 28.661696011498435 ], [ 77.227894161978753, 28.661696011498435 ], [ 77.227894161978753, 28.657204455623479 ], [ 77.233009928457903, 28.657204455623479 ] ] ] } },
{ "type": "Feature", "properties": { "cell_id": 1426, "lon": 77.235567811697479, "lat": 28.659450233560957 }, "geometry": { "type": "Polygon", "coordinates": [ [ [ 77.238125694937054, 28.657204455623479 ], [ 77.238125694937054, 28.661696011498435 ], [ 77.233009928457903, 28.661696011498435 ], [ 77.233009928457903, 28.657204455623479 ], [ 77.238125694937054, 28.657204455623479 ] ] ] } },
{ "type": "Feature", "properties": { "cell_id": 1427, "lon": 77.240683578176629, "lat": 28.659450233560957 }, "geometry": { "type": "Polygon", "coordinates": [ [ [ 77.243241461416204, 28.657204455623479 ], [ 77.243241461416204, 28.661696011498435 ], [ 77.238125694937054, 28.661696011498435 ], [ 77.238125694937054, 28.657204455623479 ], [ 77.243241461416204, 28.657204455623479 ] ] ] } },
{ "type": "Feature", "properties": { "cell_id": 1428, "lon": 77.245799344655779, "lat": 28.659450233560957 }, "geometry": { "type": "Polygon", "coordinates": [ [ [ 77.248357227895355, 28.657204455623479 ], [ 77.248357227895355, 28.661696011498435 ], [ 77.243241461416204, 28.661696011498435 ], [ 77.243241461416204, 28.657204455623479 ], [ 77.248357227895355, 28.657204455623479 ] ] ] } },
{ "type": "Feature", "properties": { "cell_id": 1429, "lon": 77.25091511113493, "lat": 28.659450233560957 }, "geometry": { "type": "Polygon", "coordinates": [ [ [ 77.253472994374505, 28.657204455623479 ], [ 77.253472994374505, 28.661696011498435 ], [ 77.248357227895355, 28.661696011498435 ], [ 77.248357227895355, 28.657204455623479 ], [ 77.253472994374505, 28.657204455623479 ] ] ] } },
{ "type": "Feature", "properties": { "cell_id": 1430, "lon": 77.25603087761408, "lat": 28.659450233560957 }, "geometry": { "type": "Polygon", "coordinates": [ [ [ 77.258588760853655, 28.657204455623479 ], [ 77.258588760853655, 28.661696011498435 ], [ 77.253472994374505, 28.661696011498435 ], [ 77.253472994374505, 28.657204455623479 ], [ 77.258588760853655, 28.657204455623479 ] ] ] } },
{ "type": "Feature", "properties": { "cell_id": 1431, "lon": 77.26114664409323, "lat": 28.659450233560957 }, "geometry": { "type": "Polygon", "coordinates": [ [ [ 77.263704527332806, 28.657204455623479 ], [ 77.263704527332806, 28.661696011498435 ], [ 77.258588760853655, 28.661696011498435 ], [ 77.258588760853655, 28.657204455623479 ], [ 77.263704527332806, 28.657204455623479 ] ] ] } },
{ "type": "Feature", "properties": { "cell_id": 1432, "lon": 77.266262410572381, "lat": 28.659450233560957 }, "geometry": { "type": "Polygon", "coordinates": [ [ [ 77.268820293811956, 28.657204455623479 ], [ 77.268820293811956, 28.661696011498435 ], [ 77.263704527332806, 28.661696011498435 ], [ 77.263704527332806, 28.657204455623479 ], [ 77.268820293811956, 28.657204455623479 ] ] ] } },
{ "type": "Feature", "properties": { "cell_id": 1433, "lon": 77.271378177051531, "lat": 28.659450233560957 }, "geometry": { "type": "Polygon", "coordinates": [ [ [ 77.273936060291106, 28.657204455623479 ], [ 77.273936060291106, 28.661696011498435 ], [ 77.268820293811956, 28.661696011498435 ], [ 77.268820293811956, 28.657204455623479 ], [ 77.273936060291106, 28.657204455623479 ] ] ] } },
{ "type": "Feature", "properties": { "cell_id": 1434, "lon": 77.276493943530681, "lat": 28.659450233560957 }, "geometry": { "type": "Polygon", "coordinates": [ [ [ 77.279051826770257, 28.657204455623479 ], [ 77.279051826770257, 28.661696011498435 ], [ 77.273936060291106, 28.661696011498435 ], [ 77.273936060291106, 28.657204455623479 ], [ 77.279051826770257, 28.657204455623479 ] ] ] } },
{ "type": "Feature", "properties": { "cell_id": 1435, "lon": 77.281609710009832, "lat": 28.659450233560957 }, "geometry": { "type": "Polygon", "coordinates": [ [ [ 77.284167593249407, 28.657204455623479 ], [ 77.284167593249407, 28.661696011498435 ], [ 77.279051826770257, 28.661696011498435 ], [ 77.279051826770257, 28.657204455623479 ], [ 77.284167593249407, 28.657204455623479 ] ] ] } },
{ "type": "Feature", "properties": { "cell_id": 1436, "lon": 77.286725476488982, "lat": 28.659450233560957 }, "geometry": { "type": "Polygon", "coordinates": [ [ [ 77.289283359728557, 28.657204455623479 ], [ 77.289283359728557, 28.661696011498435 ], [ 77.284167593249407, 28.661696011498435 ], [ 77.284167593249407, 28.657204455623479 ], [ 77.289283359728557, 28.657204455623479 ] ] ] } },
{ "type": "Feature", "properties": { "cell_id": 1437, "lon": 77.291841242968133, "lat": 28.659450233560957 }, "geometry": { "type": "Polygon", "coordinates": [ [ [ 77.294399126207708, 28.657204455623479 ], [ 77.294399126207708, 28.661696011498435 ], [ 77.289283359728557, 28.661696011498435 ], [ 77.289283359728557, 28.657204455623479 ], [ 77.294399126207708, 28.657204455623479 ] ] ] } },
{ "type": "Feature", "properties": { "cell_id": 1438, "lon": 77.296957009447283, "lat": 28.659450233560957 }, "geometry": { "type": "Polygon", "coordinates": [ [ [ 77.299514892686858, 28.657204455623479 ], [ 77.299514892686858, 28.661696011498435 ], [ 77.294399126207708, 28.661696011498435 ], [ 77.294399126207708, 28.657204455623479 ], [ 77.299514892686858, 28.657204455623479 ] ] ] } },
{ "type": "Feature", "properties": { "cell_id": 1440, "lon": 77.102557883239569, "lat": 28.663941789435913 }, "geometry": { "type": "Polygon", "coordinates": [ [ [ 77.105115766479145, 28.661696011498435 ], [ 77.105115766479145, 28.666187567373392 ], [ 77.1, 28.666187567373392 ], [ 77.1, 28.661696011498435 ], [ 77.105115766479145, 28.661696011498435 ] ] ] } },
{ "type": "Feature", "properties": { "cell_id": 1441, "lon": 77.10767364971872, "lat": 28.663941789435913 }, "geometry": { "type": "Polygon", "coordinates": [ [ [ 77.110231532958295, 28.661696011498435 ], [ 77.110231532958295, 28.666187567373392 ], [ 77.105115766479145, 28.666187567373392 ], [ 77.105115766479145, 28.661696011498435 ], [ 77.110231532958295, 28.661696011498435 ] ] ] } },
{ "type": "Feature", "properties": { "cell_id": 1442, "lon": 77.11278941619787, "lat": 28.663941789435913 }, "geometry": { "type": "Polygon", "coordinates": [ [ [ 77.115347299437445, 28.661696011498435 ], [ 77.115347299437445, 28.666187567373392 ], [ 77.110231532958295, 28.666187567373392 ], [ 77.110231532958295, 28.661696011498435 ], [ 77.115347299437445, 28.661696011498435 ] ] ] } },
{ "type": "Feature", "properties": { "cell_id": 1443, "lon": 77.117905182677021, "lat": 28.663941789435913 }, "geometry": { "type": "Polygon", "coordinates": [ [ [ 77.120463065916596, 28.661696011498435 ], [ 77.120463065916596, 28.666187567373392 ], [ 77.115347299437445, 28.666187567373392 ], [ 77.115347299437445, 28.661696011498435 ], [ 77.120463065916596, 28.661696011498435 ] ] ] } },
{ "type": "Feature", "properties": { "cell_id": 1444, "lon": 77.123020949156171, "lat": 28.663941789435913 }, "geometry": { "type": "Polygon", "coordinates": [ [ [ 77.125578832395746, 28.661696011498435 ], [ 77.125578832395746, 28.666187567373392 ], [ 77.120463065916596, 28.666187567373392 ], [ 77.120463065916596, 28.661696011498435 ], [ 77.125578832395746, 28.661696011498435 ] ] ] } },
{ "type": "Feature", "properties": { "cell_id": 1445, "lon": 77.128136715635321, "lat": 28.663941789435913 }, "geometry": { "type": "Polygon", "coordinates": [ [ [ 77.130694598874896, 28.661696011498435 ], [ 77.130694598874896, 28.666187567373392 ], [ 77.125578832395746, 28.666187567373392 ], [ 77.125578832395746, 28.661696011498435 ], [ 77.130694598874896, 28.661696011498435 ] ] ] } },
{ "type": "Feature", "properties": { "cell_id": 1446, "lon": 77.133252482114472, "lat": 28.663941789435913 }, "geometry": { "type": "Polygon", "coordinates": [ [ [ 77.135810365354047, 28.661696011498435 ], [ 77.135810365354047, 28.666187567373392 ], [ 77.130694598874896, 28.666187567373392 ], [ 77.130694598874896, 28.661696011498435 ], [ 77.135810365354047, 28.661696011498435 ] ] ] } },
{ "type": "Feature", "properties": { "cell_id": 1447, "lon": 77.138368248593622, "lat": 28.663941789435913 }, "geometry": { "type": "Polygon", "coordinates": [ [ [ 77.140926131833197, 28.661696011498435 ], [ 77.140926131833197, 28.666187567373392 ], [ 77.135810365354047, 28.666187567373392 ], [ 77.135810365354047, 28.661696011498435 ], [ 77.140926131833197, 28.661696011498435 ] ] ] } },
{ "type": "Feature", "properties": { "cell_id": 1448, "lon": 77.143484015072772, "lat": 28.663941789435913 }, "geometry": { "type": "Polygon", "coordinates": [ [ [ 77.146041898312347, 28.661696011498435 ], [ 77.146041898312347, 28.666187567373392 ], [ 77.140926131833197, 28.666187567373392 ], [ 77.140926131833197, 28.661696011498435 ], [ 77.146041898312347, 28.661696011498435 ] ] ] } },
{ "type": "Feature", "properties": { "cell_id": 1449, "lon": 77.148599781551923, "lat": 28.663941789435913 }, "geometry": { "type": "Polygon", "coordinates": [ [ [ 77.151157664791498, 28.661696011498435 ], [ 77.151157664791498, 28.666187567373392 ], [ 77.146041898312347, 28.666187567373392 ], [ 77.146041898312347, 28.661696011498435 ], [ 77.151157664791498, 28.661696011498435 ] ] ] } },
{ "type": "Feature", "properties": { "cell_id": 1450, "lon": 77.153715548031073, "lat": 28.663941789435913 }, "geometry": { "type": "Polygon", "coordinates": [ [ [ 77.156273431270648, 28.661696011498435 ], [ 77.156273431270648, 28.666187567373392 ], [ 77.151157664791498, 28.666187567373392 ], [ 77.151157664791498, 28.661696011498435 ], [ 77.156273431270648, 28.661696011498435 ] ] ] } },
{ "type": "Feature", "properties": { "cell_id": 1451, "lon": 77.158831314510223, "lat": 28.663941789435913 }, "geometry": { "type": "Polygon", "coordinates": [ [ [ 77.161389197749799, 28.661696011498435 ], [ 77.161389197749799, 28.666187567373392 ], [ 77.156273431270648, 28.666187567373392 ], [ 77.156273431270648, 28.661696011498435 ], [ 77.161389197749799, 28.661696011498435 ] ] ] } },
{ "type": "Feature", "properties": { "cell_id": 1452, "lon": 77.163947080989374, "lat": 28.663941789435913 }, "geometry": { "type": "Polygon", "coordinates": [ [ [ 77.166504964228949, 28.661696011498435 ], [ 77.166504964228949, 28.666187567373392 ], [ 77.161389197749799, 28.666187567373392 ], [ 77.161389197749799, 28.661696011498435 ], [ 77.166504964228949, 28.661696011498435 ] ] ] } },
{ "type": "Feature", "properties": { "cell_id": 1453, "lon": 77.169062847468524, "lat": 28.663941789435913 }, "geometry": { "type": "Polygon", "coordinates": [ [ [ 77.171620730708099, 28.661696011498435 ], [ 77.171620730708099, 28.666187567373392 ], [ 77.166504964228949, 28.666187567373392 ], [ 77.166504964228949, 28.661696011498435 ], [ 77.171620730708099, 28.661696011498435 ] ] ] } },
{ "type": "Feature", "properties": { "cell_id": 1454, "lon": 77.174178613947674, "lat": 28.663941789435913 }, "geometry": { "type": "Polygon", "coordinates": [ [ [ 77.17673649718725, 28.661696011498435 ], [ 77.17673649718725, 28.666187567373392 ], [ 77.171620730708099, 28.666187567373392 ], [ 77.171620730708099, 28.661696011498435 ], [ 77.17673649718725, 28.661696011498435 ] ] ] } },
{ "type": "Feature", "properties": { "cell_id": 1455, "lon": 77.179294380426825, "lat": 28.663941789435913 }, "geometry": { "type": "Polygon", "coordinates": [ [ [ 77.1818522636664, 28.661696011498435 ], [ 77.1818522636664, 28.666187567373392 ], [ 77.17673649718725, 28.666187567373392 ], [ 77.17673649718725, 28.661696011498435 ], [ 77.1818522636664, 28.661696011498435 ] ] ] } },
{ "type": "Feature", "properties": { "cell_id": 1456, "lon": 77.184410146905975, "lat": 28.663941789435913 }, "geometry": { "type": "Polygon", "coordinates": [ [ [ 77.18696803014555, 28.661696011498435 ], [ 77.18696803014555, 28.666187567373392 ], [ 77.1818522636664, 28.666187567373392 ], [ 77.1818522636664, 28.661696011498435 ], [ 77.18696803014555, 28.661696011498435 ] ] ] } },
{ "type": "Feature", "properties": { "cell_id": 1457, "lon": 77.189525913385125, "lat": 28.663941789435913 }, "geometry": { "type": "Polygon", "coordinates": [ [ [ 77.192083796624701, 28.661696011498435 ], [ 77.192083796624701, 28.666187567373392 ], [ 77.18696803014555, 28.666187567373392 ], [ 77.18696803014555, 28.661696011498435 ], [ 77.192083796624701, 28.661696011498435 ] ] ] } },
{ "type": "Feature", "properties": { "cell_id": 1458, "lon": 77.194641679864276, "lat": 28.663941789435913 }, "geometry": { "type": "Polygon", "coordinates": [ [ [ 77.197199563103851, 28.661696011498435 ], [ 77.197199563103851, 28.666187567373392 ], [ 77.192083796624701, 28.666187567373392 ], [ 77.192083796624701, 28.661696011498435 ], [ 77.197199563103851, 28.661696011498435 ] ] ] } },
{ "type": "Feature", "properties": { "cell_id": 1459, "lon": 77.199757446343426, "lat": 28.663941789435913 }, "geometry": { "type": "Polygon", "coordinates": [ [ [ 77.202315329583001, 28.661696011498435 ], [ 77.202315329583001, 28.666187567373392 ], [ 77.197199563103851, 28.666187567373392 ], [ 77.197199563103851, 28.661696011498435 ], [ 77.202315329583001, 28.661696011498435 ] ] ] } },
{ "type": "Feature", "properties": { "cell_id": 1460, "lon": 77.204873212822577, "lat": 28.663941789435913 }, "geometry": { "type": "Polygon", "coordinates": [ [ [ 77.207431096062152, 28.661696011498435 ], [ 77.207431096062152, 28.666187567373392 ], [ 77.202315329583001, 28.666187567373392 ], [ 77.202315329583001, 28.661696011498435 ], [ 77.207431096062152, 28.661696011498435 ] ] ] } },
{ "type": "Feature", "properties": { "cell_id": 1461, "lon": 77.209988979301727, "lat": 28.663941789435913 }, "geometry": { "type": "Polygon", "coordinates": [ [ [ 77.212546862541302, 28.661696011498435 ], [ 77.212546862541302, 28.666187567373392 ], [ 77.207431096062152, 28.666187567373392 ], [ 77.207431096062152, 28.661696011498435 ], [ 77.212546862541302, 28.661696011498435 ] ] ] } },
{ "type": "Feature", "properties": { "cell_id": 1462, "lon": 77.215104745780877, "lat": 28.663941789435913 }, "geometry": { "type": "Polygon", "coordinates": [ [ [ 77.217662629020452, 28.661696011498435 ], [ 77.217662629020452, 28.666187567373392 ], [ 77.212546862541302, 28.666187567373392 ], [ 77.212546862541302, 28.661696011498435 ], [ 77.217662629020452, 28.661696011498435 ] ] ] } },
{ "type": "Feature", "properties": { "cell_id": 1463, "lon": 77.220220512260028, "lat": 28.663941789435913 }, "geometry": { "type": "Polygon", "coordinates": [ [ [ 77.222778395499603, 28.661696011498435 ], [ 77.222778395499603, 28.666187567373392 ], [ 77.217662629020452, 28.666187567373392 ], [ 77.217662629020452, 28.661696011498435 ], [ 77.222778395499603, 28.661696011498435 ] ] ] } },
{ "type": "Feature", "properties": { "cell_id": 1464, "lon": 77.225336278739178, "lat": 28.663941789435913 }, "geometry": { "type": "Polygon", "coordinates": [ [ [ 77.227894161978753, 28.661696011498435 ], [ 77.227894161978753, 28.666187567373392 ], [ 77.222778395499603, 28.666187567373392 ], [ 77.222778395499603, 28.661696011498435 ], [ 77.227894161978753, 28.661696011498435 ] ] ] } },
{ "type": "Feature", "properties": { "cell_id": 1465, "lon": 77.230452045218328, "lat": 28.663941789435913 }, "geometry": { "type": "Polygon", "coordinates": [ [ [ 77.233009928457903, 28.661696011498435 ], [ 77.233009928457903, 28.666187567373392 ], [ 77.227894161978753, 28.666187567373392 ], [ 77.227894161978753, 28.661696011498435 ], [ 77.233009928457903, 28.661696011498435 ] ] ] } },
{ "type": "Feature", "properties": { "cell_id": 1466, "lon": 77.235567811697479, "lat": 28.663941789435913 }, "geometry": { "type": "Polygon", "coordinates": [ [ [ 77.238125694937054, 28.661696011498435 ], [ 77.238125694937054, 28.666187567373392 ], [ 77.233009928457903, 28.666187567373392 ], [ 77.233009928457903, 28.661696011498435 ], [ 77.238125694937054, 28.661696011498435 ] ] ] } },
{ "type": "Feature", "properties": { "cell_id": 1467, "lon": 77.240683578176629, "lat": 28.663941789435913 }, "geometry": { "type": "Polygon", "coordinates": [ [ [ 77.243241461416204, 28.661696011498435 ], [ 77.243241461416204, 28.666187567373392 ], [ 77.238125694937054, 28.666187567373392 ], [ 77.238125694937054, 28.661696011498435 ], [ 77.243241461416204, 28.661696011498435 ] ] ] } },
{ "type": "Feature", "properties": { "cell_id": 1468, "lon": 77.245799344655779, "lat": 28.663941789435913 }, "geometry": { "type": "Polygon", "coordinates": [ [ [ 77.248357227895355, 28.661696011498435 ], [ 77.248357227895355, 28.666187567373392 ], [ 77.243241461416204, 28.666187567373392 ], [ 77.243241461416204, 28.661696011498435 ], [ 77.248357227895355, 28.661696011498435 ] ] ] } },
{ "type": "Feature", "properties": { "cell_id": 1469, "lon": 77.25091511113493, "lat": 28.663941789435913 }, "geometry": { "type": "Polygon", "coordinates": [ [ [ 77.253472994374505, 28.661696011498435 ], [ 77.253472994374505, 28.666187567373392 ], [ 77.248357227895355, 28.666187567373392 ], [ 77.248357227895355, 28.661696011498435 ], [ 77.253472994374505, 28.661696011498435 ] ] ] } },
{ "type": "Feature", "properties": { "cell_id": 1470, "lon": 77.25603087761408, "lat": 28.663941789435913 }, "geometry": { "type": "Polygon", "coordinates": [ [ [ 77.258588760853655, 28.661696011498435 ], [ 77.258588760853655, 28.666187567373392 ], [ 77.253472994374505, 28.666187567373392 ], [ 77.253472994374505, 28.661696011498435 ], [ 77.258588760853655, 28.661696011498435 ] ] ] } },
{ "type": "Feature", "properties": { "cell_id": 1471, "lon": 77.26114664409323, "lat": 28.663941789435913 }, "geometry": { "type": "Polygon", "coordinates": [ [ [ 77.263704527332806, 28.661696011498435 ], [ 77.263704527332806, 28.666187567373392 ], [ 77.258588760853655, 28.666187567373392 ], [ 77.258588760853655, 28.661696011498435 ], [ 77.263704527332806, 28.661696011498435 ] ] ] } },
{ "type": "Feature", "properties": { "cell_id": 1472, "lon": 77.266262410572381, "lat": 28.663941789435913 }, "geometry": { "type": "Polygon", "coordinates": [ [ [ 77.268820293811956, 28.661696011498435 ], [ 77.268820293811956, 28.666187567373392 ], [ 77.263704527332806, 28.666187567373392 ], [ 77.263704527332806, 28.661696011498435 ], [ 77.268820293811956, 28.661696011498435 ] ] ] } },
{ "type": "Feature", "properties": { "cell_id": 1473, "lon": 77.271378177051531, "lat": 28.663941789435913 }, "geometry": { "type": "Polygon", "coordinates": [ [ [ 77.273936060291106, 28.661696011498435 ], [ 77.273936060291106, 28.666187567373392 ], [ 77.268820293811956, 28.666187567373392 ], [ 77.268820293811956, 28.661696011498435 ], [ 77.273936060291106, 28.661696011498435 ] ] ] } },
{ "type": "Feature", "properties": { "cell_id": 1474, "lon": 77.276493943530681, "lat": 28.663941789435913 }, "geometry": { "type": "Polygon", "coordinates": [ [ [ 77.279051826770257, 28.661696011498435 ], [ 77.279051826770257, 28.666187567373392 ], [ 77.273936060291106, 28.666187567373392 ], [ 77.273936060291106, 28.661696011498435 ], [ 77.279051826770257, 28.661696011498435 ] ] ] } },
{ "type": "Feature", "properties": { "cell_id": 1475, "lon": 77.281609710009832, "lat": 28.663941789435913 }, "geometry": { "type": "Polygon", "coordinates": [ [ [ 77.284167593249407, 28.661696011498435 ], [ 77.284167593249407, 28.666187567373392 ], [ 77.279051826770257, 28.666187567373392 ], [ 77.279051826770257, 28.661696011498435 ], [ 77.284167593249407, 28.661696011498435 ] ] ] } },
{ "type": "Feature", "properties": { "cell_id": 1476, "lon": 77.286725476488982, "lat": 28.663941789435913 }, "geometry": { "type": "Polygon", "coordinates": [ [ [ 77.289283359728557, 28.661696011498435 ], [ 77.289283359728557, 28.666187567373392 ], [ 77.284167593249407, 28.666187567373392 ], [ 77.284167593249407, 28.661696011498435 ], [ 77.289283359728557, 28.661696011498435 ] ] ] } },
{ "type": "Feature", "properties": { "cell_id": 1477, "lon": 77.291841242968133, "lat": 28.663941789435913 }, "geometry": { "type": "Polygon", "coordinates": [ [ [ 77.294399126207708, 28.661696011498435 ], [ 77.294399126207708, 28.666187567373392 ], [ 77.289283359728557, 28.666187567373392 ], [ 77.289283359728557, 28.661696011498435 ], [ 77.294399126207708, 28.661696011498435 ] ] ] } },
{ "type": "Feature", "properties": { "cell_id": 1478, "lon": 77.296957009447283, "lat": 28.663941789435913 }, "geometry": { "type": "Polygon", "coordinates": [ [ [ 77.299514892686858, 28.661696011498435 ], [ 77.299514892686858, 28.666187567373392 ], [ 77.294399126207708, 28.666187567373392 ], [ 77.294399126207708, 28.661696011498435 ], [ 77.299514892686858, 28.661696011498435 ] ] ] } },
{ "type": "Feature", "properties": { "cell_id": 1480, "lon": 77.102557883239569, "lat": 28.66843334531087 }, "geometry": { "type": "Polygon", "coordinates": [ [ [ 77.105115766479145, 28.666187567373392 ], [ 77.105115766479145, 28.670679123248348 ], [ 77.1, 28.670679123248348 ], [ 77.1, 28.666187567373392 ], [ 77.105115766479145, 28.666187567373392 ] ] ] } },
{ "type": "Feature", "properties": { "cell_id": 1481, "lon": 77.10767364971872, "lat": 28.66843334531087 }, "geometry": { "type": "Polygon", "coordinates": [ [ [ 77.110231532958295, 28.666187567373392 ], [ 77.110231532958295, 28.670679123248348 ], [ 77.105115766479145, 28.670679123248348 ], [ 77.105115766479145, 28.666187567373392 ], [ 77.110231532958295, 28.666187567373392 ] ] ] } },
{ "type": "Feature", "properties": { "cell_id": 1482, "lon": 77.11278941619787, "lat": 28.66843334531087 }, "geometry": { "type": "Polygon", "coordinates": [ [ [ 77.115347299437445, 28.666187567373392 ], [ 77.115347299437445, 28.670679123248348 ], [ 77.110231532958295, 28.670679123248348 ], [ 77.110231532958295, 28.666187567373392 ], [ 77.115347299437445, 28.666187567373392 ] ] ] } },
{ "type": "Feature", "properties": { "cell_id": 1483, "lon": 77.117905182677021, "lat": 28.66843334531087 }, "geometry": { "type": "Polygon", "coordinates": [ [ [ 77.120463065916596, 28.666187567373392 ], [ 77.120463065916596, 28.670679123248348 ], [ 77.115347299437445, 28.670679123248348 ], [ 77.115347299437445, 28.666187567373392 ], [ 77.120463065916596, 28.666187567373392 ] ] ] } },
{ "type": "Feature", "properties": { "cell_id": 1484, "lon": 77.123020949156171, "lat": 28.66843334531087 }, "geometry": { "type": "Polygon", "coordinates": [ [ [ 77.125578832395746, 28.666187567373392 ], [ 77.125578832395746, 28.670679123248348 ], [ 77.120463065916596, 28.670679123248348 ], [ 77.120463065916596, 28.666187567373392 ], [ 77.125578832395746, 28.666187567373392 ] ] ] } },
{ "type": "Feature", "properties": { "cell_id": 1485, "lon": 77.128136715635321, "lat": 28.66843334531087 }, "geometry": { "type": "Polygon", "coordinates": [ [ [ 77.130694598874896, 28.666187567373392 ], [ 77.130694598874896, 28.670679123248348 ], [ 77.125578832395746, 28.670679123248348 ], [ 77.125578832395746, 28.666187567373392 ], [ 77.130694598874896, 28.666187567373392 ] ] ] } },
{ "type": "Feature", "properties": { "cell_id": 1486, "lon": 77.133252482114472, "lat": 28.66843334531087 }, "geometry": { "type": "Polygon", "coordinates": [ [ [ 77.135810365354047, 28.666187567373392 ], [ 77.135810365354047, 28.670679123248348 ], [ 77.130694598874896, 28.670679123248348 ], [ 77.130694598874896, 28.666187567373392 ], [ 77.135810365354047, 28.666187567373392 ] ] ] } },
{ "type": "Feature", "properties": { "cell_id": 1487, "lon": 77.138368248593622, "lat": 28.66843334531087 }, "geometry": { "type": "Polygon", "coordinates": [ [ [ 77.140926131833197, 28.666187567373392 ], [ 77.140926131833197, 28.670679123248348 ], [ 77.135810365354047, 28.670679123248348 ], [ 77.135810365354047, 28.666187567373392 ], [ 77.140926131833197, 28.666187567373392 ] ] ] } },
{ "type": "Feature", "properties": { "cell_id": 1488, "lon": 77.143484015072772, "lat": 28.66843334531087 }, "geometry": { "type": "Polygon", "coordinates": [ [ [ 77.146041898312347, 28.666187567373392 ], [ 77.146041898312347, 28.670679123248348 ], [ 77.140926131833197, 28.670679123248348 ], [ 77.140926131833197, 28.666187567373392 ], [ 77.146041898312347, 28.666187567373392 ] ] ] } },
{ "type": "Feature", "properties": { "cell_id": 1489, "lon": 77.148599781551923, "lat": 28.66843334531087 }, "geometry": { "type": "Polygon", "coordinates": [ [ [ 77.151157664791498, 28.666187567373392 ], [ 77.151157664791498, 28.670679123248348 ], [ 77.146041898312347, 28.670679123248348 ], [ 77.146041898312347, 28.666187567373392 ], [ 77.151157664791498, 28.666187567373392 ] ] ] } },
{ "type": "Feature", "properties": { "cell_id": 1490, "lon": 77.153715548031073, "lat": 28.66843334531087 }, "geometry": { "type": "Polygon", "coordinates": [ [ [ 77.156273431270648, 28.666187567373392 ], [ 77.156273431270648, 28.670679123248348 ], [ 77.151157664791498, 28.670679123248348 ], [ 77.151157664791498, 28.666187567373392 ], [ 77.156273431270648, 28.666187567373392 ] ] ] } },
{ "type": "Feature", "properties": { "cell_id": 1491, "lon": 77.158831314510223, "lat": 28.66843334531087 }, "geometry": { "type": "Polygon", "coordinates": [ [ [ 77.161389197749799, 28.666187567373392 ], [ 77.161389197749799, 28.670679123248348 ], [ 77.156273431270648, 28.670679123248348 ], [ 77.156273431270648, 28.666187567373392 ], [ 77.161389197749799, 28.666187567373392 ] ] ] } },
{ "type": "Feature", "properties": { "cell_id": 1492, "lon": 77.163947080989374, "lat": 28.66843334531087 }, "geometry": { "type": "Polygon", "coordinates": [ [ [ 77.166504964228949, 28.666187567373392 ], [ 77.166504964228949, 28.670679123248348 ], [ 77.161389197749799, 28.670679123248348 ], [ 77.161389197749799, 28.666187567373392 ], [ 77.166504964228949, 28.666187567373392 ] ] ] } },
{ "type": "Feature", "properties": { "cell_id": 1493, "lon": 77.169062847468524, "lat": 28.66843334531087 }, "geometry": { "type": "Polygon", "coordinates": [ [ [ 77.171620730708099, 28.666187567373392 ], [ 77.171620730708099, 28.670679123248348 ], [ 77.166504964228949, 28.670679123248348 ], [ 77.166504964228949, 28.666187567373392 ], [ 77.171620730708099, 28.666187567373392 ] ] ] } },
{ "type": "Feature", "properties": { "cell_id": 1494, "lon": 77.174178613947674, "lat": 28.66843334531087 }, "geometry": { "type": "Polygon", "coordinates": [ [ [ 77.17673649718725, 28.666187567373392 ], [ 77.17673649718725, 28.670679123248348 ], [ 77.171620730708099, 28.670679123248348 ], [ 77.171620730708099, 28.666187567373392 ], [ 77.17673649718725, 28.666187567373392 ] ] ] } },
{ "type": "Feature", "properties": { "cell_id": 1495, "lon": 77.179294380426825, "lat": 28.66843334531087 }, "geometry": { "type": "Polygon", "coordinates": [ [ [ 77.1818522636664, 28.666187567373392 ], [ 77.1818522636664, 28.670679123248348 ], [ 77.17673649718725, 28.670679123248348 ], [ 77.17673649718725, 28.666187567373392 ], [ 77.1818522636664, 28.666187567373392 ] ] ] } },
{ "type": "Feature", "properties": { "cell_id": 1496, "lon": 77.184410146905975, "lat": 28.66843334531087 }, "geometry": { "type": "Polygon", "coordinates": [ [ [ 77.18696803014555, 28.666187567373392 ], [ 77.18696803014555, 28.670679123248348 ], [ 77.1818522636664, 28.670679123248348 ], [ 77.1818522636664, 28.666187567373392 ], [ 77.18696803014555, 28.666187567373392 ] ] ] } },
{ "type": "Feature", "properties": { "cell_id": 1497, "lon": 77.189525913385125, "lat": 28.66843334531087 }, "geometry": { "type": "Polygon", "coordinates": [ [ [ 77.192083796624701, 28.666187567373392 ], [ 77.192083796624701, 28.670679123248348 ], [ 77.18696803014555, 28.670679123248348 ], [ 77.18696803014555, 28.666187567373392 ], [ 77.192083796624701, 28.666187567373392 ] ] ] } },
{ "type": "Feature", "properties": { "cell_id": 1498, "lon": 77.194641679864276, "lat": 28.66843334531087 }, "geometry": { "type": "Polygon", "coordinates": [ [ [ 77.197199563103851, 28.666187567373392 ], [ 77.197199563103851, 28.670679123248348 ], [ 77.192083796624701, 28.670679123248348 ], [ 77.192083796624701, 28.666187567373392 ], [ 77.197199563103851, 28.666187567373392 ] ] ] } },
{ "type": "Feature", "properties": { "cell_id": 1499, "lon": 77.199757446343426, "lat": 28.66843334531087 }, "geometry": { "type": "Polygon", "coordinates": [ [ [ 77.202315329583001, 28.666187567373392 ], [ 77.202315329583001, 28.670679123248348 ], [ 77.197199563103851, 28.670679123248348 ], [ 77.197199563103851, 28.666187567373392 ], [ 77.202315329583001, 28.666187567373392 ] ] ] } },
{ "type": "Feature", "properties": { "cell_id": 1500, "lon": 77.204873212822577, "lat": 28.66843334531087 }, "geometry": { "type": "Polygon", "coordinates": [ [ [ 77.207431096062152, 28.666187567373392 ], [ 77.207431096062152, 28.670679123248348 ], [ 77.202315329583001, 28.670679123248348 ], [ 77.202315329583001, 28.666187567373392 ], [ 77.207431096062152, 28.666187567373392 ] ] ] } },
{ "type": "Feature", "properties": { "cell_id": 1501, "lon": 77.209988979301727, "lat": 28.66843334531087 }, "geometry": { "type": "Polygon", "coordinates": [ [ [ 77.212546862541302, 28.666187567373392 ], [ 77.212546862541302, 28.670679123248348 ], [ 77.207431096062152, 28.670679123248348 ], [ 77.207431096062152, 28.666187567373392 ], [ 77.212546862541302, 28.666187567373392 ] ] ] } },
{ "type": "Feature", "properties": { "cell_id": 1502, "lon": 77.215104745780877, "lat": 28.66843334531087 }, "geometry": { "type": "Polygon", "coordinates": [ [ [ 77.217662629020452, 28.666187567373392 ], [ 77.217662629020452, 28.670679123248348 ], [ 77.212546862541302, 28.670679123248348 ], [ 77.212546862541302, 28.666187567373392 ], [ 77.217662629020452, 28.666187567373392 ] ] ] } },
{ "type": "Feature", "properties": { "cell_id": 1503, "lon": 77.220220512260028, "lat": 28.66843334531087 }, "geometry": { "type": "Polygon", "coordinates": [ [ [ 77.222778395499603, 28.666187567373392 ], [ 77.222778395499603, 28.670679123248348 ], [ 77.217662629020452, 28.670679123248348 ], [ 77.217662629020452, 28.666187567373392 ], [ 77.222778395499603, 28.666187567373392 ] ] ] } },
{ "type": "Feature", "properties": { "cell_id": 1504, "lon": 77.225336278739178, "lat": 28.66843334531087 }, "geometry": { "type": "Polygon", "coordinates": [ [ [ 77.227894161978753, 28.666187567373392 ], [ 77.227894161978753, 28.670679123248348 ], [ 77.222778395499603, 28.670679123248348 ], [ 77.222778395499603, 28.666187567373392 ], [ 77.227894161978753, 28.666187567373392 ] ] ] } },
{ "type": "Feature", "properties": { "cell_id": 1505, "lon": 77.230452045218328, "lat": 28.66843334531087 }, "geometry": { "type": "Polygon", "coordinates": [ [ [ 77.233009928457903, 28.666187567373392 ], [ 77.233009928457903, 28.670679123248348 ], [ 77.227894161978753, 28.670679123248348 ], [ 77.227894161978753, 28.666187567373392 ], [ 77.233009928457903, 28.666187567373392 ] ] ] } },
{ "type": "Feature", "properties": { "cell_id": 1506, "lon": 77.235567811697479, "lat": 28.66843334531087 }, "geometry": { "type": "Polygon", "coordinates": [ [ [ 77.238125694937054, 28.666187567373392 ], [ 77.238125694937054, 28.670679123248348 ], [ 77.233009928457903, 28.670679123248348 ], [ 77.233009928457903, 28.666187567373392 ], [ 77.238125694937054, 28.666187567373392 ] ] ] } },
{ "type": "Feature", "properties": { "cell_id": 1507, "lon": 77.240683578176629, "lat": 28.66843334531087 }, "geometry": { "type": "Polygon", "coordinates": [ [ [ 77.243241461416204, 28.666187567373392 ], [ 77.243241461416204, 28.670679123248348 ], [ 77.238125694937054, 28.670679123248348 ], [ 77.238125694937054, 28.666187567373392 ], [ 77.243241461416204, 28.666187567373392 ] ] ] } },
{ "type": "Feature", "properties": { "cell_id": 1508, "lon": 77.245799344655779, "lat": 28.66843334531087 }, "geometry": { "type": "Polygon", "coordinates": [ [ [ 77.248357227895355, 28.666187567373392 ], [ 77.248357227895355, 28.670679123248348 ], [ 77.243241461416204, 28.670679123248348 ], [ 77.243241461416204, 28.666187567373392 ], [ 77.248357227895355, 28.666187567373392 ] ] ] } },
{ "type": "Feature", "properties": { "cell_id": 1509, "lon": 77.25091511113493, "lat": 28.66843334531087 }, "geometry": { "type": "Polygon", "coordinates": [ [ [ 77.253472994374505, 28.666187567373392 ], [ 77.253472994374505, 28.670679123248348 ], [ 77.248357227895355, 28.670679123248348 ], [ 77.248357227895355, 28.666187567373392 ], [ 77.253472994374505, 28.666187567373392 ] ] ] } },
{ "type": "Feature", "properties": { "cell_id": 1510, "lon": 77.25603087761408, "lat": 28.66843334531087 }, "geometry": { "type": "Polygon", "coordinates": [ [ [ 77.258588760853655, 28.666187567373392 ], [ 77.258588760853655, 28.670679123248348 ], [ 77.253472994374505, 28.670679123248348 ], [ 77.253472994374505, 28.666187567373392 ], [ 77.258588760853655, 28.666187567373392 ] ] ] } },
{ "type": "Feature", "properties": { "cell_id": 1511, "lon": 77.26114664409323, "lat": 28.66843334531087 }, "geometry": { "type": "Polygon", "coordinates": [ [ [ 77.263704527332806, 28.666187567373392 ], [ 77.263704527332806, 28.670679123248348 ], [ 77.258588760853655, 28.670679123248348 ], [ 77.258588760853655, 28.666187567373392 ], [ 77.263704527332806, 28.666187567373392 ] ] ] } },
{ "type": "Feature", "properties": { "cell_id": 1512, "lon": 77.266262410572381, "lat": 28.66843334531087 }, "geometry": { "type": "Polygon", "coordinates": [ [ [ 77.268820293811956, 28.666187567373392 ], [ 77.268820293811956, 28.670679123248348 ], [ 77.263704527332806, 28.670679123248348 ], [ 77.263704527332806, 28.666187567373392 ], [ 77.268820293811956, 28.666187567373392 ] ] ] } },
{ "type": "Feature", "properties": { "cell_id": 1513, "lon": 77.271378177051531, "lat": 28.66843334531087 }, "geometry": { "type": "Polygon", "coordinates": [ [ [ 77.273936060291106, 28.666187567373392 ], [ 77.273936060291106, 28.670679123248348 ], [ 77.268820293811956, 28.670679123248348 ], [ 77.268820293811956, 28.666187567373392 ], [ 77.273936060291106, 28.666187567373392 ] ] ] } },
{ "type": "Feature", "properties": { "cell_id": 1514, "lon": 77.276493943530681, "lat": 28.66843334531087 }, "geometry": { "type": "Polygon", "coordinates": [ [ [ 77.279051826770257, 28.666187567373392 ], [ 77.279051826770257, 28.670679123248348 ], [ 77.273936060291106, 28.670679123248348 ], [ 77.273936060291106, 28.666187567373392 ], [ 77.279051826770257, 28.666187567373392 ] ] ] } },
{ "type": "Feature", "properties": { "cell_id": 1515, "lon": 77.281609710009832, "lat": 28.66843334531087 }, "geometry": { "type": "Polygon", "coordinates": [ [ [ 77.284167593249407, 28.666187567373392 ], [ 77.284167593249407, 28.670679123248348 ], [ 77.279051826770257, 28.670679123248348 ], [ 77.279051826770257, 28.666187567373392 ], [ 77.284167593249407, 28.666187567373392 ] ] ] } },
{ "type": "Feature", "properties": { "cell_id": 1516, "lon": 77.286725476488982, "lat": 28.66843334531087 }, "geometry": { "type": "Polygon", "coordinates": [ [ [ 77.289283359728557, 28.666187567373392 ], [ 77.289283359728557, 28.670679123248348 ], [ 77.284167593249407, 28.670679123248348 ], [ 77.284167593249407, 28.666187567373392 ], [ 77.289283359728557, 28.666187567373392 ] ] ] } },
{ "type": "Feature", "properties": { "cell_id": 1517, "lon": 77.291841242968133, "lat": 28.66843334531087 }, "geometry": { "type": "Polygon", "coordinates": [ [ [ 77.294399126207708, 28.666187567373392 ], [ 77.294399126207708, 28.670679123248348 ], [ 77.289283359728557, 28.670679123248348 ], [ 77.289283359728557, 28.666187567373392 ], [ 77.294399126207708, 28.666187567373392 ] ] ] } },
{ "type": "Feature", "properties": { "cell_id": 1518, "lon": 77.296957009447283, "lat": 28.66843334531087 }, "geometry": { "type": "Polygon", "coordinates": [ [ [ 77.299514892686858, 28.666187567373392 ], [ 77.299514892686858, 28.670679123248348 ], [ 77.294399126207708, 28.670679123248348 ], [ 77.294399126207708, 28.666187567373392 ], [ 77.299514892686858, 28.666187567373392 ] ] ] } },
{ "type": "Feature", "properties": { "cell_id": 1520, "lon": 77.102557883239569, "lat": 28.672924901185826 }, "geometry": { "type": "Polygon", "coordinates": [ [ [ 77.105115766479145, 28.670679123248348 ], [ 77.105115766479145, 28.675170679123305 ], [ 77.1, 28.675170679123305 ], [ 77.1, 28.670679123248348 ], [ 77.105115766479145, 28.670679123248348 ] ] ] } },
{ "type": "Feature", "properties": { "cell_id": 1521, "lon": 77.10767364971872, "lat": 28.672924901185826 }, "geometry": { "type": "Polygon", "coordinates": [ [ [ 77.110231532958295, 28.670679123248348 ], [ 77.110231532958295, 28.675170679123305 ], [ 77.105115766479145, 28.675170679123305 ], [ 77.105115766479145, 28.670679123248348 ], [ 77.110231532958295, 28.670679123248348 ] ] ] } },
{ "type": "Feature", "properties": { "cell_id": 1522, "lon": 77.11278941619787, "lat": 28.672924901185826 }, "geometry": { "type": "Polygon", "coordinates": [ [ [ 77.115347299437445, 28.670679123248348 ], [ 77.115347299437445, 28.675170679123305 ], [ 77.110231532958295, 28.675170679123305 ], [ 77.110231532958295, 28.670679123248348 ], [ 77.115347299437445, 28.670679123248348 ] ] ] } },
{ "type": "Feature", "properties": { "cell_id": 1523, "lon": 77.117905182677021, "lat": 28.672924901185826 }, "geometry": { "type": "Polygon", "coordinates": [ [ [ 77.120463065916596, 28.670679123248348 ], [ 77.120463065916596, 28.675170679123305 ], [ 77.115347299437445, 28.675170679123305 ], [ 77.115347299437445, 28.670679123248348 ], [ 77.120463065916596, 28.670679123248348 ] ] ] } },
{ "type": "Feature", "properties": { "cell_id": 1524, "lon": 77.123020949156171, "lat": 28.672924901185826 }, "geometry": { "type": "Polygon", "coordinates": [ [ [ 77.125578832395746, 28.670679123248348 ], [ 77.125578832395746, 28.675170679123305 ], [ 77.120463065916596, 28.675170679123305 ], [ 77.120463065916596, 28.670679123248348 ], [ 77.125578832395746, 28.670679123248348 ] ] ] } },
{ "type": "Feature", "properties": { "cell_id": 1525, "lon": 77.128136715635321, "lat": 28.672924901185826 }, "geometry": { "type": "Polygon", "coordinates": [ [ [ 77.130694598874896, 28.670679123248348 ], [ 77.130694598874896, 28.675170679123305 ], [ 77.125578832395746, 28.675170679123305 ], [ 77.125578832395746, 28.670679123248348 ], [ 77.130694598874896, 28.670679123248348 ] ] ] } },
{ "type": "Feature", "properties": { "cell_id": 1526, "lon": 77.133252482114472, "lat": 28.672924901185826 }, "geometry": { "type": "Polygon", "coordinates": [ [ [ 77.135810365354047, 28.670679123248348 ], [ 77.135810365354047, 28.675170679123305 ], [ 77.130694598874896, 28.675170679123305 ], [ 77.130694598874896, 28.670679123248348 ], [ 77.135810365354047, 28.670679123248348 ] ] ] } },
{ "type": "Feature", "properties": { "cell_id": 1527, "lon": 77.138368248593622, "lat": 28.672924901185826 }, "geometry": { "type": "Polygon", "coordinates": [ [ [ 77.140926131833197, 28.670679123248348 ], [ 77.140926131833197, 28.675170679123305 ], [ 77.135810365354047, 28.675170679123305 ], [ 77.135810365354047, 28.670679123248348 ], [ 77.140926131833197, 28.670679123248348 ] ] ] } },
{ "type": "Feature", "properties": { "cell_id": 1528, "lon": 77.143484015072772, "lat": 28.672924901185826 }, "geometry": { "type": "Polygon", "coordinates": [ [ [ 77.146041898312347, 28.670679123248348 ], [ 77.146041898312347, 28.675170679123305 ], [ 77.140926131833197, 28.675170679123305 ], [ 77.140926131833197, 28.670679123248348 ], [ 77.146041898312347, 28.670679123248348 ] ] ] } },
{ "type": "Feature", "properties": { "cell_id": 1529, "lon": 77.148599781551923, "lat": 28.672924901185826 }, "geometry": { "type": "Polygon", "coordinates": [ [ [ 77.151157664791498, 28.670679123248348 ], [ 77.151157664791498, 28.675170679123305 ], [ 77.146041898312347, 28.675170679123305 ], [ 77.146041898312347, 28.670679123248348 ], [ 77.151157664791498, 28.670679123248348 ] ] ] } },
{ "type": "Feature", "properties": { "cell_id": 1530, "lon": 77.153715548031073, "lat": 28.672924901185826 }, "geometry": { "type": "Polygon", "coordinates": [ [ [ 77.156273431270648, 28.670679123248348 ], [ 77.156273431270648, 28.675170679123305 ], [ 77.151157664791498, 28.675170679123305 ], [ 77.151157664791498, 28.670679123248348 ], [ 77.156273431270648, 28.670679123248348 ] ] ] } },
{ "type": "Feature", "properties": { "cell_id": 1531, "lon": 77.158831314510223, "lat": 28.672924901185826 }, "geometry": { "type": "Polygon", "coordinates": [ [ [ 77.161389197749799, 28.670679123248348 ], [ 77.161389197749799, 28.675170679123305 ], [ 77.156273431270648, 28.675170679123305 ], [ 77.156273431270648, 28.670679123248348 ], [ 77.161389197749799, 28.670679123248348 ] ] ] } },
{ "type": "Feature", "properties": { "cell_id": 1532, "lon": 77.163947080989374, "lat": 28.672924901185826 }, "geometry": { "type": "Polygon", "coordinates": [ [ [ 77.166504964228949, 28.670679123248348 ], [ 77.166504964228949, 28.675170679123305 ], [ 77.161389197749799, 28.675170679123305 ], [ 77.161389197749799, 28.670679123248348 ], [ 77.166504964228949, 28.670679123248348 ] ] ] } },
{ "type": "Feature", "properties": { "cell_id": 1533, "lon": 77.169062847468524, "lat": 28.672924901185826 }, "geometry": { "type": "Polygon", "coordinates": [ [ [ 77.171620730708099, 28.670679123248348 ], [ 77.171620730708099, 28.675170679123305 ], [ 77.166504964228949, 28.675170679123305 ], [ 77.166504964228949, 28.670679123248348 ], [ 77.171620730708099, 28.670679123248348 ] ] ] } },
{ "type": "Feature", "properties": { "cell_id": 1534, "lon": 77.174178613947674, "lat": 28.672924901185826 }, "geometry": { "type": "Polygon", "coordinates": [ [ [ 77.17673649718725, 28.670679123248348 ], [ 77.17673649718725, 28.675170679123305 ], [ 77.171620730708099, 28.675170679123305 ], [ 77.171620730708099, 28.670679123248348 ], [ 77.17673649718725, 28.670679123248348 ] ] ] } },
{ "type": "Feature", "properties": { "cell_id": 1535, "lon": 77.179294380426825, "lat": 28.672924901185826 }, "geometry": { "type": "Polygon", "coordinates": [ [ [ 77.1818522636664, 28.670679123248348 ], [ 77.1818522636664, 28.675170679123305 ], [ 77.17673649718725, 28.675170679123305 ], [ 77.17673649718725, 28.670679123248348 ], [ 77.1818522636664, 28.670679123248348 ] ] ] } },
{ "type": "Feature", "properties": { "cell_id": 1536, "lon": 77.184410146905975, "lat": 28.672924901185826 }, "geometry": { "type": "Polygon", "coordinates": [ [ [ 77.18696803014555, 28.670679123248348 ], [ 77.18696803014555, 28.675170679123305 ], [ 77.1818522636664, 28.675170679123305 ], [ 77.1818522636664, 28.670679123248348 ], [ 77.18696803014555, 28.670679123248348 ] ] ] } },
{ "type": "Feature", "properties": { "cell_id": 1537, "lon": 77.189525913385125, "lat": 28.672924901185826 }, "geometry": { "type": "Polygon", "coordinates": [ [ [ 77.192083796624701, 28.670679123248348 ], [ 77.192083796624701, 28.675170679123305 ], [ 77.18696803014555, 28.675170679123305 ], [ 77.18696803014555, 28.670679123248348 ], [ 77.192083796624701, 28.670679123248348 ] ] ] } },
{ "type": "Feature", "properties": { "cell_id": 1538, "lon": 77.194641679864276, "lat": 28.672924901185826 }, "geometry": { "type": "Polygon", "coordinates": [ [ [ 77.197199563103851, 28.670679123248348 ], [ 77.197199563103851, 28.675170679123305 ], [ 77.192083796624701, 28.675170679123305 ], [ 77.192083796624701, 28.670679123248348 ], [ 77.197199563103851, 28.670679123248348 ] ] ] } },
{ "type": "Feature", "properties": { "cell_id": 1539, "lon": 77.199757446343426, "lat": 28.672924901185826 }, "geometry": { "type": "Polygon", "coordinates": [ [ [ 77.202315329583001, 28.670679123248348 ], [ 77.202315329583001, 28.675170679123305 ], [ 77.197199563103851, 28.675170679123305 ], [ 77.197199563103851, 28.670679123248348 ], [ 77.202315329583001, 28.670679123248348 ] ] ] } },
{ "type": "Feature", "properties": { "cell_id": 1540, "lon": 77.204873212822577, "lat": 28.672924901185826 }, "geometry": { "type": "Polygon", "coordinates": [ [ [ 77.207431096062152, 28.670679123248348 ], [ 77.207431096062152, 28.675170679123305 ], [ 77.202315329583001, 28.675170679123305 ], [ 77.202315329583001, 28.670679123248348 ], [ 77.207431096062152, 28.670679123248348 ] ] ] } },
{ "type": "Feature", "properties": { "cell_id": 1541, "lon": 77.209988979301727, "lat": 28.672924901185826 }, "geometry": { "type": "Polygon", "coordinates": [ [ [ 77.212546862541302, 28.670679123248348 ], [ 77.212546862541302, 28.675170679123305 ], [ 77.207431096062152, 28.675170679123305 ], [ 77.207431096062152, 28.670679123248348 ], [ 77.212546862541302, 28.670679123248348 ] ] ] } },
{ "type": "Feature", "properties": { "cell_id": 1542, "lon": 77.215104745780877, "lat": 28.672924901185826 }, "geometry": { "type": "Polygon", "coordinates": [ [ [ 77.217662629020452, 28.670679123248348 ], [ 77.217662629020452, 28.675170679123305 ], [ 77.212546862541302, 28.675170679123305 ], [ 77.212546862541302, 28.670679123248348 ], [ 77.217662629020452, 28.670679123248348 ] ] ] } },
{ "type": "Feature", "properties": { "cell_id": 1543, "lon": 77.220220512260028, "lat": 28.672924901185826 }, "geometry": { "type": "Polygon", "coordinates": [ [ [ 77.222778395499603, 28.670679123248348 ], [ 77.222778395499603, 28.675170679123305 ], [ 77.217662629020452, 28.675170679123305 ], [ 77.217662629020452, 28.670679123248348 ], [ 77.222778395499603, 28.670679123248348 ] ] ] } },
{ "type": "Feature", "properties": { "cell_id": 1544, "lon": 77.225336278739178, "lat": 28.672924901185826 }, "geometry": { "type": "Polygon", "coordinates": [ [ [ 77.227894161978753, 28.670679123248348 ], [ 77.227894161978753, 28.675170679123305 ], [ 77.222778395499603, 28.675170679123305 ], [ 77.222778395499603, 28.670679123248348 ], [ 77.227894161978753, 28.670679123248348 ] ] ] } },
{ "type": "Feature", "properties": { "cell_id": 1545, "lon": 77.230452045218328, "lat": 28.672924901185826 }, "geometry": { "type": "Polygon", "coordinates": [ [ [ 77.233009928457903, 28.670679123248348 ], [ 77.233009928457903, 28.675170679123305 ], [ 77.227894161978753, 28.675170679123305 ], [ 77.227894161978753, 28.670679123248348 ], [ 77.233009928457903, 28.670679123248348 ] ] ] } },
{ "type": "Feature", "properties": { "cell_id": 1546, "lon": 77.235567811697479, "lat": 28.672924901185826 }, "geometry": { "type": "Polygon", "coordinates": [ [ [ 77.238125694937054, 28.670679123248348 ], [ 77.238125694937054, 28.675170679123305 ], [ 77.233009928457903, 28.675170679123305 ], [ 77.233009928457903, 28.670679123248348 ], [ 77.238125694937054, 28.670679123248348 ] ] ] } },
{ "type": "Feature", "properties": { "cell_id": 1547, "lon": 77.240683578176629, "lat": 28.672924901185826 }, "geometry": { "type": "Polygon", "coordinates": [ [ [ 77.243241461416204, 28.670679123248348 ], [ 77.243241461416204, 28.675170679123305 ], [ 77.238125694937054, 28.675170679123305 ], [ 77.238125694937054, 28.670679123248348 ], [ 77.243241461416204, 28.670679123248348 ] ] ] } },
{ "type": "Feature", "properties": { "cell_id": 1548, "lon": 77.245799344655779, "lat": 28.672924901185826 }, "geometry": { "type": "Polygon", "coordinates": [ [ [ 77.248357227895355, 28.670679123248348 ], [ 77.248357227895355, 28.675170679123305 ], [ 77.243241461416204, 28.675170679123305 ], [ 77.243241461416204, 28.670679123248348 ], [ 77.248357227895355, 28.670679123248348 ] ] ] } },
{ "type": "Feature", "properties": { "cell_id": 1549, "lon": 77.25091511113493, "lat": 28.672924901185826 }, "geometry": { "type": "Polygon", "coordinates": [ [ [ 77.253472994374505, 28.670679123248348 ], [ 77.253472994374505, 28.675170679123305 ], [ 77.248357227895355, 28.675170679123305 ], [ 77.248357227895355, 28.670679123248348 ], [ 77.253472994374505, 28.670679123248348 ] ] ] } },
{ "type": "Feature", "properties": { "cell_id": 1550, "lon": 77.25603087761408, "lat": 28.672924901185826 }, "geometry": { "type": "Polygon", "coordinates": [ [ [ 77.258588760853655, 28.670679123248348 ], [ 77.258588760853655, 28.675170679123305 ], [ 77.253472994374505, 28.675170679123305 ], [ 77.253472994374505, 28.670679123248348 ], [ 77.258588760853655, 28.670679123248348 ] ] ] } },
{ "type": "Feature", "properties": { "cell_id": 1551, "lon": 77.26114664409323, "lat": 28.672924901185826 }, "geometry": { "type": "Polygon", "coordinates": [ [ [ 77.263704527332806, 28.670679123248348 ], [ 77.263704527332806, 28.675170679123305 ], [ 77.258588760853655, 28.675170679123305 ], [ 77.258588760853655, 28.670679123248348 ], [ 77.263704527332806, 28.670679123248348 ] ] ] } },
{ "type": "Feature", "properties": { "cell_id": 1552, "lon": 77.266262410572381, "lat": 28.672924901185826 }, "geometry": { "type": "Polygon", "coordinates": [ [ [ 77.268820293811956, 28.670679123248348 ], [ 77.268820293811956, 28.675170679123305 ], [ 77.263704527332806, 28.675170679123305 ], [ 77.263704527332806, 28.670679123248348 ], [ 77.268820293811956, 28.670679123248348 ] ] ] } },
{ "type": "Feature", "properties": { "cell_id": 1553, "lon": 77.271378177051531, "lat": 28.672924901185826 }, "geometry": { "type": "Polygon", "coordinates": [ [ [ 77.273936060291106, 28.670679123248348 ], [ 77.273936060291106, 28.675170679123305 ], [ 77.268820293811956, 28.675170679123305 ], [ 77.268820293811956, 28.670679123248348 ], [ 77.273936060291106, 28.670679123248348 ] ] ] } },
{ "type": "Feature", "properties": { "cell_id": 1554, "lon": 77.276493943530681, "lat": 28.672924901185826 }, "geometry": { "type": "Polygon", "coordinates": [ [ [ 77.279051826770257, 28.670679123248348 ], [ 77.279051826770257, 28.675170679123305 ], [ 77.273936060291106, 28.675170679123305 ], [ 77.273936060291106, 28.670679123248348 ], [ 77.279051826770257, 28.670679123248348 ] ] ] } },
{ "type": "Feature", "properties": { "cell_id": 1555, "lon": 77.281609710009832, "lat": 28.672924901185826 }, "geometry": { "type": "Polygon", "coordinates": [ [ [ 77.284167593249407, 28.670679123248348 ], [ 77.284167593249407, 28.675170679123305 ], [ 77.279051826770257, 28.675170679123305 ], [ 77.279051826770257, 28.670679123248348 ], [ 77.284167593249407, 28.670679123248348 ] ] ] } },
{ "type": "Feature", "properties": { "cell_id": 1556, "lon": 77.286725476488982, "lat": 28.672924901185826 }, "geometry": { "type": "Polygon", "coordinates": [ [ [ 77.289283359728557, 28.670679123248348 ], [ 77.289283359728557, 28.675170679123305 ], [ 77.284167593249407, 28.675170679123305 ], [ 77.284167593249407, 28.670679123248348 ], [ 77.289283359728557, 28.670679123248348 ] ] ] } },
{ "type": "Feature", "properties": { "cell_id": 1557, "lon": 77.291841242968133, "lat": 28.672924901185826 }, "geometry": { "type": "Polygon", "coordinates": [ [ [ 77.294399126207708, 28.670679123248348 ], [ 77.294399126207708, 28.675170679123305 ], [ 77.289283359728557, 28.675170679123305 ], [ 77.289283359728557, 28.670679123248348 ], [ 77.294399126207708, 28.670679123248348 ] ] ] } },
{ "type": "Feature", "properties": { "cell_id": 1558, "lon": 77.296957009447283, "lat": 28.672924901185826 }, "geometry": { "type": "Polygon", "coordinates": [ [ [ 77.299514892686858, 28.670679123248348 ], [ 77.299514892686858, 28.675170679123305 ], [ 77.294399126207708, 28.675170679123305 ], [ 77.294399126207708, 28.670679123248348 ], [ 77.299514892686858, 28.670679123248348 ] ] ] } },
{ "type": "Feature", "properties": { "cell_id": 1560, "lon": 77.102557883239569, "lat": 28.677416457060783 }, "geometry": { "type": "Polygon", "coordinates": [ [ [ 77.105115766479145, 28.675170679123305 ], [ 77.105115766479145, 28.679662234998261 ], [ 77.1, 28.679662234998261 ], [ 77.1, 28.675170679123305 ], [ 77.105115766479145, 28.675170679123305 ] ] ] } },
{ "type": "Feature", "properties": { "cell_id": 1561, "lon": 77.10767364971872, "lat": 28.677416457060783 }, "geometry": { "type": "Polygon", "coordinates": [ [ [ 77.110231532958295, 28.675170679123305 ], [ 77.110231532958295, 28.679662234998261 ], [ 77.105115766479145, 28.679662234998261 ], [ 77.105115766479145, 28.675170679123305 ], [ 77.110231532958295, 28.675170679123305 ] ] ] } },
{ "type": "Feature", "properties": { "cell_id": 1562, "lon": 77.11278941619787, "lat": 28.677416457060783 }, "geometry": { "type": "Polygon", "coordinates": [ [ [ 77.115347299437445, 28.675170679123305 ], [ 77.115347299437445, 28.679662234998261 ], [ 77.110231532958295, 28.679662234998261 ], [ 77.110231532958295, 28.675170679123305 ], [ 77.115347299437445, 28.675170679123305 ] ] ] } },
{ "type": "Feature", "properties": { "cell_id": 1563, "lon": 77.117905182677021, "lat": 28.677416457060783 }, "geometry": { "type": "Polygon", "coordinates": [ [ [ 77.120463065916596, 28.675170679123305 ], [ 77.120463065916596, 28.679662234998261 ], [ 77.115347299437445, 28.679662234998261 ], [ 77.115347299437445, 28.675170679123305 ], [ 77.120463065916596, 28.675170679123305 ] ] ] } },
{ "type": "Feature", "properties": { "cell_id": 1564, "lon": 77.123020949156171, "lat": 28.677416457060783 }, "geometry": { "type": "Polygon", "coordinates": [ [ [ 77.125578832395746, 28.675170679123305 ], [ 77.125578832395746, 28.679662234998261 ], [ 77.120463065916596, 28.679662234998261 ], [ 77.120463065916596, 28.675170679123305 ], [ 77.125578832395746, 28.675170679123305 ] ] ] } },
{ "type": "Feature", "properties": { "cell_id": 1565, "lon": 77.128136715635321, "lat": 28.677416457060783 }, "geometry": { "type": "Polygon", "coordinates": [ [ [ 77.130694598874896, 28.675170679123305 ], [ 77.130694598874896, 28.679662234998261 ], [ 77.125578832395746, 28.679662234998261 ], [ 77.125578832395746, 28.675170679123305 ], [ 77.130694598874896, 28.675170679123305 ] ] ] } },
{ "type": "Feature", "properties": { "cell_id": 1566, "lon": 77.133252482114472, "lat": 28.677416457060783 }, "geometry": { "type": "Polygon", "coordinates": [ [ [ 77.135810365354047, 28.675170679123305 ], [ 77.135810365354047, 28.679662234998261 ], [ 77.130694598874896, 28.679662234998261 ], [ 77.130694598874896, 28.675170679123305 ], [ 77.135810365354047, 28.675170679123305 ] ] ] } },
{ "type": "Feature", "properties": { "cell_id": 1567, "lon": 77.138368248593622, "lat": 28.677416457060783 }, "geometry": { "type": "Polygon", "coordinates": [ [ [ 77.140926131833197, 28.675170679123305 ], [ 77.140926131833197, 28.679662234998261 ], [ 77.135810365354047, 28.679662234998261 ], [ 77.135810365354047, 28.675170679123305 ], [ 77.140926131833197, 28.675170679123305 ] ] ] } },
{ "type": "Feature", "properties": { "cell_id": 1568, "lon": 77.143484015072772, "lat": 28.677416457060783 }, "geometry": { "type": "Polygon", "coordinates": [ [ [ 77.146041898312347, 28.675170679123305 ], [ 77.146041898312347, 28.679662234998261 ], [ 77.140926131833197, 28.679662234998261 ], [ 77.140926131833197, 28.675170679123305 ], [ 77.146041898312347, 28.675170679123305 ] ] ] } },
{ "type": "Feature", "properties": { "cell_id": 1569, "lon": 77.148599781551923, "lat": 28.677416457060783 }, "geometry": { "type": "Polygon", "coordinates": [ [ [ 77.151157664791498, 28.675170679123305 ], [ 77.151157664791498, 28.679662234998261 ], [ 77.146041898312347, 28.679662234998261 ], [ 77.146041898312347, 28.675170679123305 ], [ 77.151157664791498, 28.675170679123305 ] ] ] } },
{ "type": "Feature", "properties": { "cell_id": 1570, "lon": 77.153715548031073, "lat": 28.677416457060783 }, "geometry": { "type": "Polygon", "coordinates": [ [ [ 77.156273431270648, 28.675170679123305 ], [ 77.156273431270648, 28.679662234998261 ], [ 77.151157664791498, 28.679662234998261 ], [ 77.151157664791498, 28.675170679123305 ], [ 77.156273431270648, 28.675170679123305 ] ] ] } },
{ "type": "Feature", "properties": { "cell_id": 1571, "lon": 77.158831314510223, "lat": 28.677416457060783 }, "geometry": { "type": "Polygon", "coordinates": [ [ [ 77.161389197749799, 28.675170679123305 ], [ 77.161389197749799, 28.679662234998261 ], [ 77.156273431270648, 28.679662234998261 ], [ 77.156273431270648, 28.675170679123305 ], [ 77.161389197749799, 28.675170679123305 ] ] ] } },
{ "type": "Feature", "properties": { "cell_id": 1572, "lon": 77.163947080989374, "lat": 28.677416457060783 }, "geometry": { "type": "Polygon", "coordinates": [ [ [ 77.166504964228949, 28.675170679123305 ], [ 77.166504964228949, 28.679662234998261 ], [ 77.161389197749799, 28.679662234998261 ], [ 77.161389197749799, 28.675170679123305 ], [ 77.166504964228949, 28.675170679123305 ] ] ] } },
{ "type": "Feature", "properties": { "cell_id": 1573, "lon": 77.169062847468524, "lat": 28.677416457060783 }, "geometry": { "type": "Polygon", "coordinates": [ [ [ 77.171620730708099, 28.675170679123305 ], [ 77.171620730708099, 28.679662234998261 ], [ 77.166504964228949, 28.679662234998261 ], [ 77.166504964228949, 28.675170679123305 ], [ 77.171620730708099, 28.675170679123305 ] ] ] } },
{ "type": "Feature", "properties": { "cell_id": 1574, "lon": 77.174178613947674, "lat": 28.677416457060783 }, "geometry": { "type": "Polygon", "coordinates": [ [ [ 77.17673649718725, 28.675170679123305 ], [ 77.17673649718725, 28.679662234998261 ], [ 77.171620730708099, 28.679662234998261 ], [ 77.171620730708099, 28.675170679123305 ], [ 77.17673649718725, 28.675170679123305 ] ] ] } },
{ "type": "Feature", "properties": { "cell_id": 1575, "lon": 77.179294380426825, "lat": 28.677416457060783 }, "geometry": { "type": "Polygon", "coordinates": [ [ [ 77.1818522636664, 28.675170679123305 ], [ 77.1818522636664, 28.679662234998261 ], [ 77.17673649718725, 28.679662234998261 ], [ 77.17673649718725, 28.675170679123305 ], [ 77.1818522636664, 28.675170679123305 ] ] ] } },
{ "type": "Feature", "properties": { "cell_id": 1576, "lon": 77.184410146905975, "lat": 28.677416457060783 }, "geometry": { "type": "Polygon", "coordinates": [ [ [ 77.18696803014555, 28.675170679123305 ], [ 77.18696803014555, 28.679662234998261 ], [ 77.1818522636664, 28.679662234998261 ], [ 77.1818522636664, 28.675170679123305 ], [ 77.18696803014555, 28.675170679123305 ] ] ] } },
{ "type": "Feature", "properties": { "cell_id": 1577, "lon": 77.189525913385125, "lat": 28.677416457060783 }, "geometry": { "type": "Polygon", "coordinates": [ [ [ 77.192083796624701, 28.675170679123305 ], [ 77.192083796624701, 28.679662234998261 ], [ 77.18696803014555, 28.679662234998261 ], [ 77.18696803014555, 28.675170679123305 ], [ 77.192083796624701, 28.675170679123305 ] ] ] } },
{ "type": "Feature", "properties": { "cell_id": 1578, "lon": 77.194641679864276, "lat": 28.677416457060783 }, "geometry": { "type": "Polygon", "coordinates": [ [ [ 77.197199563103851, 28.675170679123305 ], [ 77.197199563103851, 28.679662234998261 ], [ 77.192083796624701, 28.679662234998261 ], [ 77.192083796624701, 28.675170679123305 ], [ 77.197199563103851, 28.675170679123305 ] ] ] } },
{ "type": "Feature", "properties": { "cell_id": 1579, "lon": 77.199757446343426, "lat": 28.677416457060783 }, "geometry": { "type": "Polygon", "coordinates": [ [ [ 77.202315329583001, 28.675170679123305 ], [ 77.202315329583001, 28.679662234998261 ], [ 77.197199563103851, 28.679662234998261 ], [ 77.197199563103851, 28.675170679123305 ], [ 77.202315329583001, 28.675170679123305 ] ] ] } },
{ "type": "Feature", "properties": { "cell_id": 1580, "lon": 77.204873212822577, "lat": 28.677416457060783 }, "geometry": { "type": "Polygon", "coordinates": [ [ [ 77.207431096062152, 28.675170679123305 ], [ 77.207431096062152, 28.679662234998261 ], [ 77.202315329583001, 28.679662234998261 ], [ 77.202315329583001, 28.675170679123305 ], [ 77.207431096062152, 28.675170679123305 ] ] ] } },
{ "type": "Feature", "properties": { "cell_id": 1581, "lon": 77.209988979301727, "lat": 28.677416457060783 }, "geometry": { "type": "Polygon", "coordinates": [ [ [ 77.212546862541302, 28.675170679123305 ], [ 77.212546862541302, 28.679662234998261 ], [ 77.207431096062152, 28.679662234998261 ], [ 77.207431096062152, 28.675170679123305 ], [ 77.212546862541302, 28.675170679123305 ] ] ] } },
{ "type": "Feature", "properties": { "cell_id": 1582, "lon": 77.215104745780877, "lat": 28.677416457060783 }, "geometry": { "type": "Polygon", "coordinates": [ [ [ 77.217662629020452, 28.675170679123305 ], [ 77.217662629020452, 28.679662234998261 ], [ 77.212546862541302, 28.679662234998261 ], [ 77.212546862541302, 28.675170679123305 ], [ 77.217662629020452, 28.675170679123305 ] ] ] } },
{ "type": "Feature", "properties": { "cell_id": 1583, "lon": 77.220220512260028, "lat": 28.677416457060783 }, "geometry": { "type": "Polygon", "coordinates": [ [ [ 77.222778395499603, 28.675170679123305 ], [ 77.222778395499603, 28.679662234998261 ], [ 77.217662629020452, 28.679662234998261 ], [ 77.217662629020452, 28.675170679123305 ], [ 77.222778395499603, 28.675170679123305 ] ] ] } },
{ "type": "Feature", "properties": { "cell_id": 1584, "lon": 77.225336278739178, "lat": 28.677416457060783 }, "geometry": { "type": "Polygon", "coordinates": [ [ [ 77.227894161978753, 28.675170679123305 ], [ 77.227894161978753, 28.679662234998261 ], [ 77.222778395499603, 28.679662234998261 ], [ 77.222778395499603, 28.675170679123305 ], [ 77.227894161978753, 28.675170679123305 ] ] ] } },
{ "type": "Feature", "properties": { "cell_id": 1585, "lon": 77.230452045218328, "lat": 28.677416457060783 }, "geometry": { "type": "Polygon", "coordinates": [ [ [ 77.233009928457903, 28.675170679123305 ], [ 77.233009928457903, 28.679662234998261 ], [ 77.227894161978753, 28.679662234998261 ], [ 77.227894161978753, 28.675170679123305 ], [ 77.233009928457903, 28.675170679123305 ] ] ] } },
{ "type": "Feature", "properties": { "cell_id": 1586, "lon": 77.235567811697479, "lat": 28.677416457060783 }, "geometry": { "type": "Polygon", "coordinates": [ [ [ 77.238125694937054, 28.675170679123305 ], [ 77.238125694937054, 28.679662234998261 ], [ 77.233009928457903, 28.679662234998261 ], [ 77.233009928457903, 28.675170679123305 ], [ 77.238125694937054, 28.675170679123305 ] ] ] } },
{ "type": "Feature", "properties": { "cell_id": 1587, "lon": 77.240683578176629, "lat": 28.677416457060783 }, "geometry": { "type": "Polygon", "coordinates": [ [ [ 77.243241461416204, 28.675170679123305 ], [ 77.243241461416204, 28.679662234998261 ], [ 77.238125694937054, 28.679662234998261 ], [ 77.238125694937054, 28.675170679123305 ], [ 77.243241461416204, 28.675170679123305 ] ] ] } },
{ "type": "Feature", "properties": { "cell_id": 1588, "lon": 77.245799344655779, "lat": 28.677416457060783 }, "geometry": { "type": "Polygon", "coordinates": [ [ [ 77.248357227895355, 28.675170679123305 ], [ 77.248357227895355, 28.679662234998261 ], [ 77.243241461416204, 28.679662234998261 ], [ 77.243241461416204, 28.675170679123305 ], [ 77.248357227895355, 28.675170679123305 ] ] ] } },
{ "type": "Feature", "properties": { "cell_id": 1589, "lon": 77.25091511113493, "lat": 28.677416457060783 }, "geometry": { "type": "Polygon", "coordinates": [ [ [ 77.253472994374505, 28.675170679123305 ], [ 77.253472994374505, 28.679662234998261 ], [ 77.248357227895355, 28.679662234998261 ], [ 77.248357227895355, 28.675170679123305 ], [ 77.253472994374505, 28.675170679123305 ] ] ] } },
{ "type": "Feature", "properties": { "cell_id": 1590, "lon": 77.25603087761408, "lat": 28.677416457060783 }, "geometry": { "type": "Polygon", "coordinates": [ [ [ 77.258588760853655, 28.675170679123305 ], [ 77.258588760853655, 28.679662234998261 ], [ 77.253472994374505, 28.679662234998261 ], [ 77.253472994374505, 28.675170679123305 ], [ 77.258588760853655, 28.675170679123305 ] ] ] } },
{ "type": "Feature", "properties": { "cell_id": 1591, "lon": 77.26114664409323, "lat": 28.677416457060783 }, "geometry": { "type": "Polygon", "coordinates": [ [ [ 77.263704527332806, 28.675170679123305 ], [ 77.263704527332806, 28.679662234998261 ], [ 77.258588760853655, 28.679662234998261 ], [ 77.258588760853655, 28.675170679123305 ], [ 77.263704527332806, 28.675170679123305 ] ] ] } },
{ "type": "Feature", "properties": { "cell_id": 1592, "lon": 77.266262410572381, "lat": 28.677416457060783 }, "geometry": { "type": "Polygon", "coordinates": [ [ [ 77.268820293811956, 28.675170679123305 ], [ 77.268820293811956, 28.679662234998261 ], [ 77.263704527332806, 28.679662234998261 ], [ 77.263704527332806, 28.675170679123305 ], [ 77.268820293811956, 28.675170679123305 ] ] ] } },
{ "type": "Feature", "properties": { "cell_id": 1593, "lon": 77.271378177051531, "lat": 28.677416457060783 }, "geometry": { "type": "Polygon", "coordinates": [ [ [ 77.273936060291106, 28.675170679123305 ], [ 77.273936060291106, 28.679662234998261 ], [ 77.268820293811956, 28.679662234998261 ], [ 77.268820293811956, 28.675170679123305 ], [ 77.273936060291106, 28.675170679123305 ] ] ] } },
{ "type": "Feature", "properties": { "cell_id": 1594, "lon": 77.276493943530681, "lat": 28.677416457060783 }, "geometry": { "type": "Polygon", "coordinates": [ [ [ 77.279051826770257, 28.675170679123305 ], [ 77.279051826770257, 28.679662234998261 ], [ 77.273936060291106, 28.679662234998261 ], [ 77.273936060291106, 28.675170679123305 ], [ 77.279051826770257, 28.675170679123305 ] ] ] } },
{ "type": "Feature", "properties": { "cell_id": 1595, "lon": 77.281609710009832, "lat": 28.677416457060783 }, "geometry": { "type": "Polygon", "coordinates": [ [ [ 77.284167593249407, 28.675170679123305 ], [ 77.284167593249407, 28.679662234998261 ], [ 77.279051826770257, 28.679662234998261 ], [ 77.279051826770257, 28.675170679123305 ], [ 77.284167593249407, 28.675170679123305 ] ] ] } },
{ "type": "Feature", "properties": { "cell_id": 1596, "lon": 77.286725476488982, "lat": 28.677416457060783 }, "geometry": { "type": "Polygon", "coordinates": [ [ [ 77.289283359728557, 28.675170679123305 ], [ 77.289283359728557, 28.679662234998261 ], [ 77.284167593249407, 28.679662234998261 ], [ 77.284167593249407, 28.675170679123305 ], [ 77.289283359728557, 28.675170679123305 ] ] ] } },
{ "type": "Feature", "properties": { "cell_id": 1597, "lon": 77.291841242968133, "lat": 28.677416457060783 }, "geometry": { "type": "Polygon", "coordinates": [ [ [ 77.294399126207708, 28.675170679123305 ], [ 77.294399126207708, 28.679662234998261 ], [ 77.289283359728557, 28.679662234998261 ], [ 77.289283359728557, 28.675170679123305 ], [ 77.294399126207708, 28.675170679123305 ] ] ] } },
{ "type": "Feature", "properties": { "cell_id": 1598, "lon": 77.296957009447283, "lat": 28.677416457060783 }, "geometry": { "type": "Polygon", "coordinates": [ [ [ 77.299514892686858, 28.675170679123305 ], [ 77.299514892686858, 28.679662234998261 ], [ 77.294399126207708, 28.679662234998261 ], [ 77.294399126207708, 28.675170679123305 ], [ 77.299514892686858, 28.675170679123305 ] ] ] } },
{ "type": "Feature", "properties": { "cell_id": 1600, "lon": 77.102557883239569, "lat": 28.68190801293574 }, "geometry": { "type": "Polygon", "coordinates": [ [ [ 77.105115766479145, 28.679662234998261 ], [ 77.105115766479145, 28.684153790873218 ], [ 77.1, 28.684153790873218 ], [ 77.1, 28.679662234998261 ], [ 77.105115766479145, 28.679662234998261 ] ] ] } },
{ "type": "Feature", "properties": { "cell_id": 1601, "lon": 77.10767364971872, "lat": 28.68190801293574 }, "geometry": { "type": "Polygon", "coordinates": [ [ [ 77.110231532958295, 28.679662234998261 ], [ 77.110231532958295, 28.684153790873218 ], [ 77.105115766479145, 28.684153790873218 ], [ 77.105115766479145, 28.679662234998261 ], [ 77.110231532958295, 28.679662234998261 ] ] ] } },
{ "type": "Feature", "properties": { "cell_id": 1602, "lon": 77.11278941619787, "lat": 28.68190801293574 }, "geometry": { "type": "Polygon", "coordinates": [ [ [ 77.115347299437445, 28.679662234998261 ], [ 77.115347299437445, 28.684153790873218 ], [ 77.110231532958295, 28.684153790873218 ], [ 77.110231532958295, 28.679662234998261 ], [ 77.115347299437445, 28.679662234998261 ] ] ] } },
{ "type": "Feature", "properties": { "cell_id": 1603, "lon": 77.117905182677021, "lat": 28.68190801293574 }, "geometry": { "type": "Polygon", "coordinates": [ [ [ 77.120463065916596, 28.679662234998261 ], [ 77.120463065916596, 28.684153790873218 ], [ 77.115347299437445, 28.684153790873218 ], [ 77.115347299437445, 28.679662234998261 ], [ 77.120463065916596, 28.679662234998261 ] ] ] } },
{ "type": "Feature", "properties": { "cell_id": 1604, "lon": 77.123020949156171, "lat": 28.68190801293574 }, "geometry": { "type": "Polygon", "coordinates": [ [ [ 77.125578832395746, 28.679662234998261 ], [ 77.125578832395746, 28.684153790873218 ], [ 77.120463065916596, 28.684153790873218 ], [ 77.120463065916596, 28.679662234998261 ], [ 77.125578832395746, 28.679662234998261 ] ] ] } },
{ "type": "Feature", "properties": { "cell_id": 1605, "lon": 77.128136715635321, "lat": 28.68190801293574 }, "geometry": { "type": "Polygon", "coordinates": [ [ [ 77.130694598874896, 28.679662234998261 ], [ 77.130694598874896, 28.684153790873218 ], [ 77.125578832395746, 28.684153790873218 ], [ 77.125578832395746, 28.679662234998261 ], [ 77.130694598874896, 28.679662234998261 ] ] ] } },
{ "type": "Feature", "properties": { "cell_id": 1606, "lon": 77.133252482114472, "lat": 28.68190801293574 }, "geometry": { "type": "Polygon", "coordinates": [ [ [ 77.135810365354047, 28.679662234998261 ], [ 77.135810365354047, 28.684153790873218 ], [ 77.130694598874896, 28.684153790873218 ], [ 77.130694598874896, 28.679662234998261 ], [ 77.135810365354047, 28.679662234998261 ] ] ] } },
{ "type": "Feature", "properties": { "cell_id": 1607, "lon": 77.138368248593622, "lat": 28.68190801293574 }, "geometry": { "type": "Polygon", "coordinates": [ [ [ 77.140926131833197, 28.679662234998261 ], [ 77.140926131833197, 28.684153790873218 ], [ 77.135810365354047, 28.684153790873218 ], [ 77.135810365354047, 28.679662234998261 ], [ 77.140926131833197, 28.679662234998261 ] ] ] } },
{ "type": "Feature", "properties": { "cell_id": 1608, "lon": 77.143484015072772, "lat": 28.68190801293574 }, "geometry": { "type": "Polygon", "coordinates": [ [ [ 77.146041898312347, 28.679662234998261 ], [ 77.146041898312347, 28.684153790873218 ], [ 77.140926131833197, 28.684153790873218 ], [ 77.140926131833197, 28.679662234998261 ], [ 77.146041898312347, 28.679662234998261 ] ] ] } },
{ "type": "Feature", "properties": { "cell_id": 1609, "lon": 77.148599781551923, "lat": 28.68190801293574 }, "geometry": { "type": "Polygon", "coordinates": [ [ [ 77.151157664791498, 28.679662234998261 ], [ 77.151157664791498, 28.684153790873218 ], [ 77.146041898312347, 28.684153790873218 ], [ 77.146041898312347, 28.679662234998261 ], [ 77.151157664791498, 28.679662234998261 ] ] ] } },
{ "type": "Feature", "properties": { "cell_id": 1610, "lon": 77.153715548031073, "lat": 28.68190801293574 }, "geometry": { "type": "Polygon", "coordinates": [ [ [ 77.156273431270648, 28.679662234998261 ], [ 77.156273431270648, 28.684153790873218 ], [ 77.151157664791498, 28.684153790873218 ], [ 77.151157664791498, 28.679662234998261 ], [ 77.156273431270648, 28.679662234998261 ] ] ] } },
{ "type": "Feature", "properties": { "cell_id": 1611, "lon": 77.158831314510223, "lat": 28.68190801293574 }, "geometry": { "type": "Polygon", "coordinates": [ [ [ 77.161389197749799, 28.679662234998261 ], [ 77.161389197749799, 28.684153790873218 ], [ 77.156273431270648, 28.684153790873218 ], [ 77.156273431270648, 28.679662234998261 ], [ 77.161389197749799, 28.679662234998261 ] ] ] } },
{ "type": "Feature", "properties": { "cell_id": 1612, "lon": 77.163947080989374, "lat": 28.68190801293574 }, "geometry": { "type": "Polygon", "coordinates": [ [ [ 77.166504964228949, 28.679662234998261 ], [ 77.166504964228949, 28.684153790873218 ], [ 77.161389197749799, 28.684153790873218 ], [ 77.161389197749799, 28.679662234998261 ], [ 77.166504964228949, 28.679662234998261 ] ] ] } },
{ "type": "Feature", "properties": { "cell_id": 1613, "lon": 77.169062847468524, "lat": 28.68190801293574 }, "geometry": { "type": "Polygon", "coordinates": [ [ [ 77.171620730708099, 28.679662234998261 ], [ 77.171620730708099, 28.684153790873218 ], [ 77.166504964228949, 28.684153790873218 ], [ 77.166504964228949, 28.679662234998261 ], [ 77.171620730708099, 28.679662234998261 ] ] ] } },
{ "type": "Feature", "properties": { "cell_id": 1614, "lon": 77.174178613947674, "lat": 28.68190801293574 }, "geometry": { "type": "Polygon", "coordinates": [ [ [ 77.17673649718725, 28.679662234998261 ], [ 77.17673649718725, 28.684153790873218 ], [ 77.171620730708099, 28.684153790873218 ], [ 77.171620730708099, 28.679662234998261 ], [ 77.17673649718725, 28.679662234998261 ] ] ] } },
{ "type": "Feature", "properties": { "cell_id": 1615, "lon": 77.179294380426825, "lat": 28.68190801293574 }, "geometry": { "type": "Polygon", "coordinates": [ [ [ 77.1818522636664, 28.679662234998261 ], [ 77.1818522636664, 28.684153790873218 ], [ 77.17673649718725, 28.684153790873218 ], [ 77.17673649718725, 28.679662234998261 ], [ 77.1818522636664, 28.679662234998261 ] ] ] } },
{ "type": "Feature", "properties": { "cell_id": 1616, "lon": 77.184410146905975, "lat": 28.68190801293574 }, "geometry": { "type": "Polygon", "coordinates": [ [ [ 77.18696803014555, 28.679662234998261 ], [ 77.18696803014555, 28.684153790873218 ], [ 77.1818522636664, 28.684153790873218 ], [ 77.1818522636664, 28.679662234998261 ], [ 77.18696803014555, 28.679662234998261 ] ] ] } },
{ "type": "Feature", "properties": { "cell_id": 1617, "lon": 77.189525913385125, "lat": 28.68190801293574 }, "geometry": { "type": "Polygon", "coordinates": [ [ [ 77.192083796624701, 28.679662234998261 ], [ 77.192083796624701, 28.684153790873218 ], [ 77.18696803014555, 28.684153790873218 ], [ 77.18696803014555, 28.679662234998261 ], [ 77.192083796624701, 28.679662234998261 ] ] ] } },
{ "type": "Feature", "properties": { "cell_id": 1618, "lon": 77.194641679864276, "lat": 28.68190801293574 }, "geometry": { "type": "Polygon", "coordinates": [ [ [ 77.197199563103851, 28.679662234998261 ], [ 77.197199563103851, 28.684153790873218 ], [ 77.192083796624701, 28.684153790873218 ], [ 77.192083796624701, 28.679662234998261 ], [ 77.197199563103851, 28.679662234998261 ] ] ] } },
{ "type": "Feature", "properties": { "cell_id": 1619, "lon": 77.199757446343426, "lat": 28.68190801293574 }, "geometry": { "type": "Polygon", "coordinates": [ [ [ 77.202315329583001, 28.679662234998261 ], [ 77.202315329583001, 28.684153790873218 ], [ 77.197199563103851, 28.684153790873218 ], [ 77.197199563103851, 28.679662234998261 ], [ 77.202315329583001, 28.679662234998261 ] ] ] } },
{ "type": "Feature", "properties": { "cell_id": 1620, "lon": 77.204873212822577, "lat": 28.68190801293574 }, "geometry": { "type": "Polygon", "coordinates": [ [ [ 77.207431096062152, 28.679662234998261 ], [ 77.207431096062152, 28.684153790873218 ], [ 77.202315329583001, 28.684153790873218 ], [ 77.202315329583001, 28.679662234998261 ], [ 77.207431096062152, 28.679662234998261 ] ] ] } },
{ "type": "Feature", "properties": { "cell_id": 1621, "lon": 77.209988979301727, "lat": 28.68190801293574 }, "geometry": { "type": "Polygon", "coordinates": [ [ [ 77.212546862541302, 28.679662234998261 ], [ 77.212546862541302, 28.684153790873218 ], [ 77.207431096062152, 28.684153790873218 ], [ 77.207431096062152, 28.679662234998261 ], [ 77.212546862541302, 28.679662234998261 ] ] ] } },
{ "type": "Feature", "properties": { "cell_id": 1622, "lon": 77.215104745780877, "lat": 28.68190801293574 }, "geometry": { "type": "Polygon", "coordinates": [ [ [ 77.217662629020452, 28.679662234998261 ], [ 77.217662629020452, 28.684153790873218 ], [ 77.212546862541302, 28.684153790873218 ], [ 77.212546862541302, 28.679662234998261 ], [ 77.217662629020452, 28.679662234998261 ] ] ] } },
{ "type": "Feature", "properties": { "cell_id": 1623, "lon": 77.220220512260028, "lat": 28.68190801293574 }, "geometry": { "type": "Polygon", "coordinates": [ [ [ 77.222778395499603, 28.679662234998261 ], [ 77.222778395499603, 28.684153790873218 ], [ 77.217662629020452, 28.684153790873218 ], [ 77.217662629020452, 28.679662234998261 ], [ 77.222778395499603, 28.679662234998261 ] ] ] } },
{ "type": "Feature", "properties": { "cell_id": 1624, "lon": 77.225336278739178, "lat": 28.68190801293574 }, "geometry": { "type": "Polygon", "coordinates": [ [ [ 77.227894161978753, 28.679662234998261 ], [ 77.227894161978753, 28.684153790873218 ], [ 77.222778395499603, 28.684153790873218 ], [ 77.222778395499603, 28.679662234998261 ], [ 77.227894161978753, 28.679662234998261 ] ] ] } },
{ "type": "Feature", "properties": { "cell_id": 1625, "lon": 77.230452045218328, "lat": 28.68190801293574 }, "geometry": { "type": "Polygon", "coordinates": [ [ [ 77.233009928457903, 28.679662234998261 ], [ 77.233009928457903, 28.684153790873218 ], [ 77.227894161978753, 28.684153790873218 ], [ 77.227894161978753, 28.679662234998261 ], [ 77.233009928457903, 28.679662234998261 ] ] ] } },
{ "type": "Feature", "properties": { "cell_id": 1626, "lon": 77.235567811697479, "lat": 28.68190801293574 }, "geometry": { "type": "Polygon", "coordinates": [ [ [ 77.238125694937054, 28.679662234998261 ], [ 77.238125694937054, 28.684153790873218 ], [ 77.233009928457903, 28.684153790873218 ], [ 77.233009928457903, 28.679662234998261 ], [ 77.238125694937054, 28.679662234998261 ] ] ] } },
{ "type": "Feature", "properties": { "cell_id": 1627, "lon": 77.240683578176629, "lat": 28.68190801293574 }, "geometry": { "type": "Polygon", "coordinates": [ [ [ 77.243241461416204, 28.679662234998261 ], [ 77.243241461416204, 28.684153790873218 ], [ 77.238125694937054, 28.684153790873218 ], [ 77.238125694937054, 28.679662234998261 ], [ 77.243241461416204, 28.679662234998261 ] ] ] } },
{ "type": "Feature", "properties": { "cell_id": 1628, "lon": 77.245799344655779, "lat": 28.68190801293574 }, "geometry": { "type": "Polygon", "coordinates": [ [ [ 77.248357227895355, 28.679662234998261 ], [ 77.248357227895355, 28.684153790873218 ], [ 77.243241461416204, 28.684153790873218 ], [ 77.243241461416204, 28.679662234998261 ], [ 77.248357227895355, 28.679662234998261 ] ] ] } },
{ "type": "Feature", "properties": { "cell_id": 1629, "lon": 77.25091511113493, "lat": 28.68190801293574 }, "geometry": { "type": "Polygon", "coordinates": [ [ [ 77.253472994374505, 28.679662234998261 ], [ 77.253472994374505, 28.684153790873218 ], [ 77.248357227895355, 28.684153790873218 ], [ 77.248357227895355, 28.679662234998261 ], [ 77.253472994374505, 28.679662234998261 ] ] ] } },
{ "type": "Feature", "properties": { "cell_id": 1630, "lon": 77.25603087761408, "lat": 28.68190801293574 }, "geometry": { "type": "Polygon", "coordinates": [ [ [ 77.258588760853655, 28.679662234998261 ], [ 77.258588760853655, 28.684153790873218 ], [ 77.253472994374505, 28.684153790873218 ], [ 77.253472994374505, 28.679662234998261 ], [ 77.258588760853655, 28.679662234998261 ] ] ] } },
{ "type": "Feature", "properties": { "cell_id": 1631, "lon": 77.26114664409323, "lat": 28.68190801293574 }, "geometry": { "type": "Polygon", "coordinates": [ [ [ 77.263704527332806, 28.679662234998261 ], [ 77.263704527332806, 28.684153790873218 ], [ 77.258588760853655, 28.684153790873218 ], [ 77.258588760853655, 28.679662234998261 ], [ 77.263704527332806, 28.679662234998261 ] ] ] } },
{ "type": "Feature", "properties": { "cell_id": 1632, "lon": 77.266262410572381, "lat": 28.68190801293574 }, "geometry": { "type": "Polygon", "coordinates": [ [ [ 77.268820293811956, 28.679662234998261 ], [ 77.268820293811956, 28.684153790873218 ], [ 77.263704527332806, 28.684153790873218 ], [ 77.263704527332806, 28.679662234998261 ], [ 77.268820293811956, 28.679662234998261 ] ] ] } },
{ "type": "Feature", "properties": { "cell_id": 1633, "lon": 77.271378177051531, "lat": 28.68190801293574 }, "geometry": { "type": "Polygon", "coordinates": [ [ [ 77.273936060291106, 28.679662234998261 ], [ 77.273936060291106, 28.684153790873218 ], [ 77.268820293811956, 28.684153790873218 ], [ 77.268820293811956, 28.679662234998261 ], [ 77.273936060291106, 28.679662234998261 ] ] ] } },
{ "type": "Feature", "properties": { "cell_id": 1634, "lon": 77.276493943530681, "lat": 28.68190801293574 }, "geometry": { "type": "Polygon", "coordinates": [ [ [ 77.279051826770257, 28.679662234998261 ], [ 77.279051826770257, 28.684153790873218 ], [ 77.273936060291106, 28.684153790873218 ], [ 77.273936060291106, 28.679662234998261 ], [ 77.279051826770257, 28.679662234998261 ] ] ] } },
{ "type": "Feature", "properties": { "cell_id": 1635, "lon": 77.281609710009832, "lat": 28.68190801293574 }, "geometry": { "type": "Polygon", "coordinates": [ [ [ 77.284167593249407, 28.679662234998261 ], [ 77.284167593249407, 28.684153790873218 ], [ 77.279051826770257, 28.684153790873218 ], [ 77.279051826770257, 28.679662234998261 ], [ 77.284167593249407, 28.679662234998261 ] ] ] } },
{ "type": "Feature", "properties": { "cell_id": 1636, "lon": 77.286725476488982, "lat": 28.68190801293574 }, "geometry": { "type": "Polygon", "coordinates": [ [ [ 77.289283359728557, 28.679662234998261 ], [ 77.289283359728557, 28.684153790873218 ], [ 77.284167593249407, 28.684153790873218 ], [ 77.284167593249407, 28.679662234998261 ], [ 77.289283359728557, 28.679662234998261 ] ] ] } },
{ "type": "Feature", "properties": { "cell_id": 1637, "lon": 77.291841242968133, "lat": 28.68190801293574 }, "geometry": { "type": "Polygon", "coordinates": [ [ [ 77.294399126207708, 28.679662234998261 ], [ 77.294399126207708, 28.684153790873218 ], [ 77.289283359728557, 28.684153790873218 ], [ 77.289283359728557, 28.679662234998261 ], [ 77.294399126207708, 28.679662234998261 ] ] ] } },
{ "type": "Feature", "properties": { "cell_id": 1638, "lon": 77.296957009447283, "lat": 28.68190801293574 }, "geometry": { "type": "Polygon", "coordinates": [ [ [ 77.299514892686858, 28.679662234998261 ], [ 77.299514892686858, 28.684153790873218 ], [ 77.294399126207708, 28.684153790873218 ], [ 77.294399126207708, 28.679662234998261 ], [ 77.299514892686858, 28.679662234998261 ] ] ] } },
{ "type": "Feature", "properties": { "cell_id": 1640, "lon": 77.102557883239569, "lat": 28.686399568810696 }, "geometry": { "type": "Polygon", "coordinates": [ [ [ 77.105115766479145, 28.684153790873218 ], [ 77.105115766479145, 28.688645346748174 ], [ 77.1, 28.688645346748174 ], [ 77.1, 28.684153790873218 ], [ 77.105115766479145, 28.684153790873218 ] ] ] } },
{ "type": "Feature", "properties": { "cell_id": 1641, "lon": 77.10767364971872, "lat": 28.686399568810696 }, "geometry": { "type": "Polygon", "coordinates": [ [ [ 77.110231532958295, 28.684153790873218 ], [ 77.110231532958295, 28.688645346748174 ], [ 77.105115766479145, 28.688645346748174 ], [ 77.105115766479145, 28.684153790873218 ], [ 77.110231532958295, 28.684153790873218 ] ] ] } },
{ "type": "Feature", "properties": { "cell_id": 1642, "lon": 77.11278941619787, "lat": 28.686399568810696 }, "geometry": { "type": "Polygon", "coordinates": [ [ [ 77.115347299437445, 28.684153790873218 ], [ 77.115347299437445, 28.688645346748174 ], [ 77.110231532958295, 28.688645346748174 ], [ 77.110231532958295, 28.684153790873218 ], [ 77.115347299437445, 28.684153790873218 ] ] ] } },
{ "type": "Feature", "properties": { "cell_id": 1643, "lon": 77.117905182677021, "lat": 28.686399568810696 }, "geometry": { "type": "Polygon", "coordinates": [ [ [ 77.120463065916596, 28.684153790873218 ], [ 77.120463065916596, 28.688645346748174 ], [ 77.115347299437445, 28.688645346748174 ], [ 77.115347299437445, 28.684153790873218 ], [ 77.120463065916596, 28.684153790873218 ] ] ] } },
{ "type": "Feature", "properties": { "cell_id": 1644, "lon": 77.123020949156171, "lat": 28.686399568810696 }, "geometry": { "type": "Polygon", "coordinates": [ [ [ 77.125578832395746, 28.684153790873218 ], [ 77.125578832395746, 28.688645346748174 ], [ 77.120463065916596, 28.688645346748174 ], [ 77.120463065916596, 28.684153790873218 ], [ 77.125578832395746, 28.684153790873218 ] ] ] } },
{ "type": "Feature", "properties": { "cell_id": 1645, "lon": 77.128136715635321, "lat": 28.686399568810696 }, "geometry": { "type": "Polygon", "coordinates": [ [ [ 77.130694598874896, 28.684153790873218 ], [ 77.130694598874896, 28.688645346748174 ], [ 77.125578832395746, 28.688645346748174 ], [ 77.125578832395746, 28.684153790873218 ], [ 77.130694598874896, 28.684153790873218 ] ] ] } },
{ "type": "Feature", "properties": { "cell_id": 1646, "lon": 77.133252482114472, "lat": 28.686399568810696 }, "geometry": { "type": "Polygon", "coordinates": [ [ [ 77.135810365354047, 28.684153790873218 ], [ 77.135810365354047, 28.688645346748174 ], [ 77.130694598874896, 28.688645346748174 ], [ 77.130694598874896, 28.684153790873218 ], [ 77.135810365354047, 28.684153790873218 ] ] ] } },
{ "type": "Feature", "properties": { "cell_id": 1647, "lon": 77.138368248593622, "lat": 28.686399568810696 }, "geometry": { "type": "Polygon", "coordinates": [ [ [ 77.140926131833197, 28.684153790873218 ], [ 77.140926131833197, 28.688645346748174 ], [ 77.135810365354047, 28.688645346748174 ], [ 77.135810365354047, 28.684153790873218 ], [ 77.140926131833197, 28.684153790873218 ] ] ] } },
{ "type": "Feature", "properties": { "cell_id": 1648, "lon": 77.143484015072772, "lat": 28.686399568810696 }, "geometry": { "type": "Polygon", "coordinates": [ [ [ 77.146041898312347, 28.684153790873218 ], [ 77.146041898312347, 28.688645346748174 ], [ 77.140926131833197, 28.688645346748174 ], [ 77.140926131833197, 28.684153790873218 ], [ 77.146041898312347, 28.684153790873218 ] ] ] } },
{ "type": "Feature", "properties": { "cell_id": 1649, "lon": 77.148599781551923, "lat": 28.686399568810696 }, "geometry": { "type": "Polygon", "coordinates": [ [ [ 77.151157664791498, 28.684153790873218 ], [ 77.151157664791498, 28.688645346748174 ], [ 77.146041898312347, 28.688645346748174 ], [ 77.146041898312347, 28.684153790873218 ], [ 77.151157664791498, 28.684153790873218 ] ] ] } },
{ "type": "Feature", "properties": { "cell_id": 1650, "lon": 77.153715548031073, "lat": 28.686399568810696 }, "geometry": { "type": "Polygon", "coordinates": [ [ [ 77.156273431270648, 28.684153790873218 ], [ 77.156273431270648, 28.688645346748174 ], [ 77.151157664791498, 28.688645346748174 ], [ 77.151157664791498, 28.684153790873218 ], [ 77.156273431270648, 28.684153790873218 ] ] ] } },
{ "type": "Feature", "properties": { "cell_id": 1651, "lon": 77.158831314510223, "lat": 28.686399568810696 }, "geometry": { "type": "Polygon", "coordinates": [ [ [ 77.161389197749799, 28.684153790873218 ], [ 77.161389197749799, 28.688645346748174 ], [ 77.156273431270648, 28.688645346748174 ], [ 77.156273431270648, 28.684153790873218 ], [ 77.161389197749799, 28.684153790873218 ] ] ] } },
{ "type": "Feature", "properties": { "cell_id": 1652, "lon": 77.163947080989374, "lat": 28.686399568810696 }, "geometry": { "type": "Polygon", "coordinates": [ [ [ 77.166504964228949, 28.684153790873218 ], [ 77.166504964228949, 28.688645346748174 ], [ 77.161389197749799, 28.688645346748174 ], [ 77.161389197749799, 28.684153790873218 ], [ 77.166504964228949, 28.684153790873218 ] ] ] } },
{ "type": "Feature", "properties": { "cell_id": 1653, "lon": 77.169062847468524, "lat": 28.686399568810696 }, "geometry": { "type": "Polygon", "coordinates": [ [ [ 77.171620730708099, 28.684153790873218 ], [ 77.171620730708099, 28.688645346748174 ], [ 77.166504964228949, 28.688645346748174 ], [ 77.166504964228949, 28.684153790873218 ], [ 77.171620730708099, 28.684153790873218 ] ] ] } },
{ "type": "Feature", "properties": { "cell_id": 1654, "lon": 77.174178613947674, "lat": 28.686399568810696 }, "geometry": { "type": "Polygon", "coordinates": [ [ [ 77.17673649718725, 28.684153790873218 ], [ 77.17673649718725, 28.688645346748174 ], [ 77.171620730708099, 28.688645346748174 ], [ 77.171620730708099, 28.684153790873218 ], [ 77.17673649718725, 28.684153790873218 ] ] ] } },
{ "type": "Feature", "properties": { "cell_id": 1655, "lon": 77.179294380426825, "lat": 28.686399568810696 }, "geometry": { "type": "Polygon", "coordinates": [ [ [ 77.1818522636664, 28.684153790873218 ], [ 77.1818522636664, 28.688645346748174 ], [ 77.17673649718725, 28.688645346748174 ], [ 77.17673649718725, 28.684153790873218 ], [ 77.1818522636664, 28.684153790873218 ] ] ] } },
{ "type": "Feature", "properties": { "cell_id": 1656, "lon": 77.184410146905975, "lat": 28.686399568810696 }, "geometry": { "type": "Polygon", "coordinates": [ [ [ 77.18696803014555, 28.684153790873218 ], [ 77.18696803014555, 28.688645346748174 ], [ 77.1818522636664, 28.688645346748174 ], [ 77.1818522636664, 28.684153790873218 ], [ 77.18696803014555, 28.684153790873218 ] ] ] } },
{ "type": "Feature", "properties": { "cell_id": 1657, "lon": 77.189525913385125, "lat": 28.686399568810696 }, "geometry": { "type": "Polygon", "coordinates": [ [ [ 77.192083796624701, 28.684153790873218 ], [ 77.192083796624701, 28.688645346748174 ], [ 77.18696803014555, 28.688645346748174 ], [ 77.18696803014555, 28.684153790873218 ], [ 77.192083796624701, 28.684153790873218 ] ] ] } },
{ "type": "Feature", "properties": { "cell_id": 1658, "lon": 77.194641679864276, "lat": 28.686399568810696 }, "geometry": { "type": "Polygon", "coordinates": [ [ [ 77.197199563103851, 28.684153790873218 ], [ 77.197199563103851, 28.688645346748174 ], [ 77.192083796624701, 28.688645346748174 ], [ 77.192083796624701, 28.684153790873218 ], [ 77.197199563103851, 28.684153790873218 ] ] ] } },
{ "type": "Feature", "properties": { "cell_id": 1659, "lon": 77.199757446343426, "lat": 28.686399568810696 }, "geometry": { "type": "Polygon", "coordinates": [ [ [ 77.202315329583001, 28.684153790873218 ], [ 77.202315329583001, 28.688645346748174 ], [ 77.197199563103851, 28.688645346748174 ], [ 77.197199563103851, 28.684153790873218 ], [ 77.202315329583001, 28.684153790873218 ] ] ] } },
{ "type": "Feature", "properties": { "cell_id": 1660, "lon": 77.204873212822577, "lat": 28.686399568810696 }, "geometry": { "type": "Polygon", "coordinates": [ [ [ 77.207431096062152, 28.684153790873218 ], [ 77.207431096062152, 28.688645346748174 ], [ 77.202315329583001, 28.688645346748174 ], [ 77.202315329583001, 28.684153790873218 ], [ 77.207431096062152, 28.684153790873218 ] ] ] } },
{ "type": "Feature", "properties": { "cell_id": 1661, "lon": 77.209988979301727, "lat": 28.686399568810696 }, "geometry": { "type": "Polygon", "coordinates": [ [ [ 77.212546862541302, 28.684153790873218 ], [ 77.212546862541302, 28.688645346748174 ], [ 77.207431096062152, 28.688645346748174 ], [ 77.207431096062152, 28.684153790873218 ], [ 77.212546862541302, 28.684153790873218 ] ] ] } },
{ "type": "Feature", "properties": { "cell_id": 1662, "lon": 77.215104745780877, "lat": 28.686399568810696 }, "geometry": { "type": "Polygon", "coordinates": [ [ [ 77.217662629020452, 28.684153790873218 ], [ 77.217662629020452, 28.688645346748174 ], [ 77.212546862541302, 28.688645346748174 ], [ 77.212546862541302, 28.684153790873218 ], [ 77.217662629020452, 28.684153790873218 ] ] ] } },
{ "type": "Feature", "properties": { "cell_id": 1663, "lon": 77.220220512260028, "lat": 28.686399568810696 }, "geometry": { "type": "Polygon", "coordinates": [ [ [ 77.222778395499603, 28.684153790873218 ], [ 77.222778395499603, 28.688645346748174 ], [ 77.217662629020452, 28.688645346748174 ], [ 77.217662629020452, 28.684153790873218 ], [ 77.222778395499603, 28.684153790873218 ] ] ] } },
{ "type": "Feature", "properties": { "cell_id": 1664, "lon": 77.225336278739178, "lat": 28.686399568810696 }, "geometry": { "type": "Polygon", "coordinates": [ [ [ 77.227894161978753, 28.684153790873218 ], [ 77.227894161978753, 28.688645346748174 ], [ 77.222778395499603, 28.688645346748174 ], [ 77.222778395499603, 28.684153790873218 ], [ 77.227894161978753, 28.684153790873218 ] ] ] } },
{ "type": "Feature", "properties": { "cell_id": 1665, "lon": 77.230452045218328, "lat": 28.686399568810696 }, "geometry": { "type": "Polygon", "coordinates": [ [ [ 77.233009928457903, 28.684153790873218 ], [ 77.233009928457903, 28.688645346748174 ], [ 77.227894161978753, 28.688645346748174 ], [ 77.227894161978753, 28.684153790873218 ], [ 77.233009928457903, 28.684153790873218 ] ] ] } },
{ "type": "Feature", "properties": { "cell_id": 1666, "lon": 77.235567811697479, "lat": 28.686399568810696 }, "geometry": { "type": "Polygon", "coordinates": [ [ [ 77.238125694937054, 28.684153790873218 ], [ 77.238125694937054, 28.688645346748174 ], [ 77.233009928457903, 28.688645346748174 ], [ 77.233009928457903, 28.684153790873218 ], [ 77.238125694937054, 28.684153790873218 ] ] ] } },
{ "type": "Feature", "properties": { "cell_id": 1667, "lon": 77.240683578176629, "lat": 28.686399568810696 }, "geometry": { "type": "Polygon", "coordinates": [ [ [ 77.243241461416204, 28.684153790873218 ], [ 77.243241461416204, 28.688645346748174 ], [ 77.238125694937054, 28.688645346748174 ], [ 77.238125694937054, 28.684153790873218 ], [ 77.243241461416204, 28.684153790873218 ] ] ] } },
{ "type": "Feature", "properties": { "cell_id": 1668, "lon": 77.245799344655779, "lat": 28.686399568810696 }, "geometry": { "type": "Polygon", "coordinates": [ [ [ 77.248357227895355, 28.684153790873218 ], [ 77.248357227895355, 28.688645346748174 ], [ 77.243241461416204, 28.688645346748174 ], [ 77.243241461416204, 28.684153790873218 ], [ 77.248357227895355, 28.684153790873218 ] ] ] } },
{ "type": "Feature", "properties": { "cell_id": 1669, "lon": 77.25091511113493, "lat": 28.686399568810696 }, "geometry": { "type": "Polygon", "coordinates": [ [ [ 77.253472994374505, 28.684153790873218 ], [ 77.253472994374505, 28.688645346748174 ], [ 77.248357227895355, 28.688645346748174 ], [ 77.248357227895355, 28.684153790873218 ], [ 77.253472994374505, 28.684153790873218 ] ] ] } },
{ "type": "Feature", "properties": { "cell_id": 1670, "lon": 77.25603087761408, "lat": 28.686399568810696 }, "geometry": { "type": "Polygon", "coordinates": [ [ [ 77.258588760853655, 28.684153790873218 ], [ 77.258588760853655, 28.688645346748174 ], [ 77.253472994374505, 28.688645346748174 ], [ 77.253472994374505, 28.684153790873218 ], [ 77.258588760853655, 28.684153790873218 ] ] ] } },
{ "type": "Feature", "properties": { "cell_id": 1671, "lon": 77.26114664409323, "lat": 28.686399568810696 }, "geometry": { "type": "Polygon", "coordinates": [ [ [ 77.263704527332806, 28.684153790873218 ], [ 77.263704527332806, 28.688645346748174 ], [ 77.258588760853655, 28.688645346748174 ], [ 77.258588760853655, 28.684153790873218 ], [ 77.263704527332806, 28.684153790873218 ] ] ] } },
{ "type": "Feature", "properties": { "cell_id": 1672, "lon": 77.266262410572381, "lat": 28.686399568810696 }, "geometry": { "type": "Polygon", "coordinates": [ [ [ 77.268820293811956, 28.684153790873218 ], [ 77.268820293811956, 28.688645346748174 ], [ 77.263704527332806, 28.688645346748174 ], [ 77.263704527332806, 28.684153790873218 ], [ 77.268820293811956, 28.684153790873218 ] ] ] } },
{ "type": "Feature", "properties": { "cell_id": 1673, "lon": 77.271378177051531, "lat": 28.686399568810696 }, "geometry": { "type": "Polygon", "coordinates": [ [ [ 77.273936060291106, 28.684153790873218 ], [ 77.273936060291106, 28.688645346748174 ], [ 77.268820293811956, 28.688645346748174 ], [ 77.268820293811956, 28.684153790873218 ], [ 77.273936060291106, 28.684153790873218 ] ] ] } },
{ "type": "Feature", "properties": { "cell_id": 1674, "lon": 77.276493943530681, "lat": 28.686399568810696 }, "geometry": { "type": "Polygon", "coordinates": [ [ [ 77.279051826770257, 28.684153790873218 ], [ 77.279051826770257, 28.688645346748174 ], [ 77.273936060291106, 28.688645346748174 ], [ 77.273936060291106, 28.684153790873218 ], [ 77.279051826770257, 28.684153790873218 ] ] ] } },
{ "type": "Feature", "properties": { "cell_id": 1675, "lon": 77.281609710009832, "lat": 28.686399568810696 }, "geometry": { "type": "Polygon", "coordinates": [ [ [ 77.284167593249407, 28.684153790873218 ], [ 77.284167593249407, 28.688645346748174 ], [ 77.279051826770257, 28.688645346748174 ], [ 77.279051826770257, 28.684153790873218 ], [ 77.284167593249407, 28.684153790873218 ] ] ] } },
{ "type": "Feature", "properties": { "cell_id": 1676, "lon": 77.286725476488982, "lat": 28.686399568810696 }, "geometry": { "type": "Polygon", "coordinates": [ [ [ 77.289283359728557, 28.684153790873218 ], [ 77.289283359728557, 28.688645346748174 ], [ 77.284167593249407, 28.688645346748174 ], [ 77.284167593249407, 28.684153790873218 ], [ 77.289283359728557, 28.684153790873218 ] ] ] } },
{ "type": "Feature", "properties": { "cell_id": 1677, "lon": 77.291841242968133, "lat": 28.686399568810696 }, "geometry": { "type": "Polygon", "coordinates": [ [ [ 77.294399126207708, 28.684153790873218 ], [ 77.294399126207708, 28.688645346748174 ], [ 77.289283359728557, 28.688645346748174 ], [ 77.289283359728557, 28.684153790873218 ], [ 77.294399126207708, 28.684153790873218 ] ] ] } },
{ "type": "Feature", "properties": { "cell_id": 1678, "lon": 77.296957009447283, "lat": 28.686399568810696 }, "geometry": { "type": "Polygon", "coordinates": [ [ [ 77.299514892686858, 28.684153790873218 ], [ 77.299514892686858, 28.688645346748174 ], [ 77.294399126207708, 28.688645346748174 ], [ 77.294399126207708, 28.684153790873218 ], [ 77.299514892686858, 28.684153790873218 ] ] ] } },
{ "type": "Feature", "properties": { "cell_id": 1680, "lon": 77.102557883239569, "lat": 28.690891124685653 }, "geometry": { "type": "Polygon", "coordinates": [ [ [ 77.105115766479145, 28.688645346748174 ], [ 77.105115766479145, 28.693136902623131 ], [ 77.1, 28.693136902623131 ], [ 77.1, 28.688645346748174 ], [ 77.105115766479145, 28.688645346748174 ] ] ] } },
{ "type": "Feature", "properties": { "cell_id": 1681, "lon": 77.10767364971872, "lat": 28.690891124685653 }, "geometry": { "type": "Polygon", "coordinates": [ [ [ 77.110231532958295, 28.688645346748174 ], [ 77.110231532958295, 28.693136902623131 ], [ 77.105115766479145, 28.693136902623131 ], [ 77.105115766479145, 28.688645346748174 ], [ 77.110231532958295, 28.688645346748174 ] ] ] } },
{ "type": "Feature", "properties": { "cell_id": 1682, "lon": 77.11278941619787, "lat": 28.690891124685653 }, "geometry": { "type": "Polygon", "coordinates": [ [ [ 77.115347299437445, 28.688645346748174 ], [ 77.115347299437445, 28.693136902623131 ], [ 77.110231532958295, 28.693136902623131 ], [ 77.110231532958295, 28.688645346748174 ], [ 77.115347299437445, 28.688645346748174 ] ] ] } },
{ "type": "Feature", "properties": { "cell_id": 1683, "lon": 77.117905182677021, "lat": 28.690891124685653 }, "geometry": { "type": "Polygon", "coordinates": [ [ [ 77.120463065916596, 28.688645346748174 ], [ 77.120463065916596, 28.693136902623131 ], [ 77.115347299437445, 28.693136902623131 ], [ 77.115347299437445, 28.688645346748174 ], [ 77.120463065916596, 28.688645346748174 ] ] ] } },
{ "type": "Feature", "properties": { "cell_id": 1684, "lon": 77.123020949156171, "lat": 28.690891124685653 }, "geometry": { "type": "Polygon", "coordinates": [ [ [ 77.125578832395746, 28.688645346748174 ], [ 77.125578832395746, 28.693136902623131 ], [ 77.120463065916596, 28.693136902623131 ], [ 77.120463065916596, 28.688645346748174 ], [ 77.125578832395746, 28.688645346748174 ] ] ] } },
{ "type": "Feature", "properties": { "cell_id": 1685, "lon": 77.128136715635321, "lat": 28.690891124685653 }, "geometry": { "type": "Polygon", "coordinates": [ [ [ 77.130694598874896, 28.688645346748174 ], [ 77.130694598874896, 28.693136902623131 ], [ 77.125578832395746, 28.693136902623131 ], [ 77.125578832395746, 28.688645346748174 ], [ 77.130694598874896, 28.688645346748174 ] ] ] } },
{ "type": "Feature", "properties": { "cell_id": 1686, "lon": 77.133252482114472, "lat": 28.690891124685653 }, "geometry": { "type": "Polygon", "coordinates": [ [ [ 77.135810365354047, 28.688645346748174 ], [ 77.135810365354047, 28.693136902623131 ], [ 77.130694598874896, 28.693136902623131 ], [ 77.130694598874896, 28.688645346748174 ], [ 77.135810365354047, 28.688645346748174 ] ] ] } },
{ "type": "Feature", "properties": { "cell_id": 1687, "lon": 77.138368248593622, "lat": 28.690891124685653 }, "geometry": { "type": "Polygon", "coordinates": [ [ [ 77.140926131833197, 28.688645346748174 ], [ 77.140926131833197, 28.693136902623131 ], [ 77.135810365354047, 28.693136902623131 ], [ 77.135810365354047, 28.688645346748174 ], [ 77.140926131833197, 28.688645346748174 ] ] ] } },
{ "type": "Feature", "properties": { "cell_id": 1688, "lon": 77.143484015072772, "lat": 28.690891124685653 }, "geometry": { "type": "Polygon", "coordinates": [ [ [ 77.146041898312347, 28.688645346748174 ], [ 77.146041898312347, 28.693136902623131 ], [ 77.140926131833197, 28.693136902623131 ], [ 77.140926131833197, 28.688645346748174 ], [ 77.146041898312347, 28.688645346748174 ] ] ] } },
{ "type": "Feature", "properties": { "cell_id": 1689, "lon": 77.148599781551923, "lat": 28.690891124685653 }, "geometry": { "type": "Polygon", "coordinates": [ [ [ 77.151157664791498, 28.688645346748174 ], [ 77.151157664791498, 28.693136902623131 ], [ 77.146041898312347, 28.693136902623131 ], [ 77.146041898312347, 28.688645346748174 ], [ 77.151157664791498, 28.688645346748174 ] ] ] } },
{ "type": "Feature", "properties": { "cell_id": 1690, "lon": 77.153715548031073, "lat": 28.690891124685653 }, "geometry": { "type": "Polygon", "coordinates": [ [ [ 77.156273431270648, 28.688645346748174 ], [ 77.156273431270648, 28.693136902623131 ], [ 77.151157664791498, 28.693136902623131 ], [ 77.151157664791498, 28.688645346748174 ], [ 77.156273431270648, 28.688645346748174 ] ] ] } },
{ "type": "Feature", "properties": { "cell_id": 1691, "lon": 77.158831314510223, "lat": 28.690891124685653 }, "geometry": { "type": "Polygon", "coordinates": [ [ [ 77.161389197749799, 28.688645346748174 ], [ 77.161389197749799, 28.693136902623131 ], [ 77.156273431270648, 28.693136902623131 ], [ 77.156273431270648, 28.688645346748174 ], [ 77.161389197749799, 28.688645346748174 ] ] ] } },
{ "type": "Feature", "properties": { "cell_id": 1692, "lon": 77.163947080989374, "lat": 28.690891124685653 }, "geometry": { "type": "Polygon", "coordinates": [ [ [ 77.166504964228949, 28.688645346748174 ], [ 77.166504964228949, 28.693136902623131 ], [ 77.161389197749799, 28.693136902623131 ], [ 77.161389197749799, 28.688645346748174 ], [ 77.166504964228949, 28.688645346748174 ] ] ] } },
{ "type": "Feature", "properties": { "cell_id": 1693, "lon": 77.169062847468524, "lat": 28.690891124685653 }, "geometry": { "type": "Polygon", "coordinates": [ [ [ 77.171620730708099, 28.688645346748174 ], [ 77.171620730708099, 28.693136902623131 ], [ 77.166504964228949, 28.693136902623131 ], [ 77.166504964228949, 28.688645346748174 ], [ 77.171620730708099, 28.688645346748174 ] ] ] } },
{ "type": "Feature", "properties": { "cell_id": 1694, "lon": 77.174178613947674, "lat": 28.690891124685653 }, "geometry": { "type": "Polygon", "coordinates": [ [ [ 77.17673649718725, 28.688645346748174 ], [ 77.17673649718725, 28.693136902623131 ], [ 77.171620730708099, 28.693136902623131 ], [ 77.171620730708099, 28.688645346748174 ], [ 77.17673649718725, 28.688645346748174 ] ] ] } },
{ "type": "Feature", "properties": { "cell_id": 1695, "lon": 77.179294380426825, "lat": 28.690891124685653 }, "geometry": { "type": "Polygon", "coordinates": [ [ [ 77.1818522636664, 28.688645346748174 ], [ 77.1818522636664, 28.693136902623131 ], [ 77.17673649718725, 28.693136902623131 ], [ 77.17673649718725, 28.688645346748174 ], [ 77.1818522636664, 28.688645346748174 ] ] ] } },
{ "type": "Feature", "properties": { "cell_id": 1696, "lon": 77.184410146905975, "lat": 28.690891124685653 }, "geometry": { "type": "Polygon", "coordinates": [ [ [ 77.18696803014555, 28.688645346748174 ], [ 77.18696803014555, 28.693136902623131 ], [ 77.1818522636664, 28.693136902623131 ], [ 77.1818522636664, 28.688645346748174 ], [ 77.18696803014555, 28.688645346748174 ] ] ] } },
{ "type": "Feature", "properties": { "cell_id": 1697, "lon": 77.189525913385125, "lat": 28.690891124685653 }, "geometry": { "type": "Polygon", "coordinates": [ [ [ 77.192083796624701, 28.688645346748174 ], [ 77.192083796624701, 28.693136902623131 ], [ 77.18696803014555, 28.693136902623131 ], [ 77.18696803014555, 28.688645346748174 ], [ 77.192083796624701, 28.688645346748174 ] ] ] } },
{ "type": "Feature", "properties": { "cell_id": 1698, "lon": 77.194641679864276, "lat": 28.690891124685653 }, "geometry": { "type": "Polygon", "coordinates": [ [ [ 77.197199563103851, 28.688645346748174 ], [ 77.197199563103851, 28.693136902623131 ], [ 77.192083796624701, 28.693136902623131 ], [ 77.192083796624701, 28.688645346748174 ], [ 77.197199563103851, 28.688645346748174 ] ] ] } },
{ "type": "Feature", "properties": { "cell_id": 1699, "lon": 77.199757446343426, "lat": 28.690891124685653 }, "geometry": { "type": "Polygon", "coordinates": [ [ [ 77.202315329583001, 28.688645346748174 ], [ 77.202315329583001, 28.693136902623131 ], [ 77.197199563103851, 28.693136902623131 ], [ 77.197199563103851, 28.688645346748174 ], [ 77.202315329583001, 28.688645346748174 ] ] ] } },
{ "type": "Feature", "properties": { "cell_id": 1700, "lon": 77.204873212822577, "lat": 28.690891124685653 }, "geometry": { "type": "Polygon", "coordinates": [ [ [ 77.207431096062152, 28.688645346748174 ], [ 77.207431096062152, 28.693136902623131 ], [ 77.202315329583001, 28.693136902623131 ], [ 77.202315329583001, 28.688645346748174 ], [ 77.207431096062152, 28.688645346748174 ] ] ] } },
{ "type": "Feature", "properties": { "cell_id": 1701, "lon": 77.209988979301727, "lat": 28.690891124685653 }, "geometry": { "type": "Polygon", "coordinates": [ [ [ 77.212546862541302, 28.688645346748174 ], [ 77.212546862541302, 28.693136902623131 ], [ 77.207431096062152, 28.693136902623131 ], [ 77.207431096062152, 28.688645346748174 ], [ 77.212546862541302, 28.688645346748174 ] ] ] } },
{ "type": "Feature", "properties": { "cell_id": 1702, "lon": 77.215104745780877, "lat": 28.690891124685653 }, "geometry": { "type": "Polygon", "coordinates": [ [ [ 77.217662629020452, 28.688645346748174 ], [ 77.217662629020452, 28.693136902623131 ], [ 77.212546862541302, 28.693136902623131 ], [ 77.212546862541302, 28.688645346748174 ], [ 77.217662629020452, 28.688645346748174 ] ] ] } },
{ "type": "Feature", "properties": { "cell_id": 1703, "lon": 77.220220512260028, "lat": 28.690891124685653 }, "geometry": { "type": "Polygon", "coordinates": [ [ [ 77.222778395499603, 28.688645346748174 ], [ 77.222778395499603, 28.693136902623131 ], [ 77.217662629020452, 28.693136902623131 ], [ 77.217662629020452, 28.688645346748174 ], [ 77.222778395499603, 28.688645346748174 ] ] ] } },
{ "type": "Feature", "properties": { "cell_id": 1704, "lon": 77.225336278739178, "lat": 28.690891124685653 }, "geometry": { "type": "Polygon", "coordinates": [ [ [ 77.227894161978753, 28.688645346748174 ], [ 77.227894161978753, 28.693136902623131 ], [ 77.222778395499603, 28.693136902623131 ], [ 77.222778395499603, 28.688645346748174 ], [ 77.227894161978753, 28.688645346748174 ] ] ] } },
{ "type": "Feature", "properties": { "cell_id": 1705, "lon": 77.230452045218328, "lat": 28.690891124685653 }, "geometry": { "type": "Polygon", "coordinates": [ [ [ 77.233009928457903, 28.688645346748174 ], [ 77.233009928457903, 28.693136902623131 ], [ 77.227894161978753, 28.693136902623131 ], [ 77.227894161978753, 28.688645346748174 ], [ 77.233009928457903, 28.688645346748174 ] ] ] } },
{ "type": "Feature", "properties": { "cell_id": 1706, "lon": 77.235567811697479, "lat": 28.690891124685653 }, "geometry": { "type": "Polygon", "coordinates": [ [ [ 77.238125694937054, 28.688645346748174 ], [ 77.238125694937054, 28.693136902623131 ], [ 77.233009928457903, 28.693136902623131 ], [ 77.233009928457903, 28.688645346748174 ], [ 77.238125694937054, 28.688645346748174 ] ] ] } },
{ "type": "Feature", "properties": { "cell_id": 1707, "lon": 77.240683578176629, "lat": 28.690891124685653 }, "geometry": { "type": "Polygon", "coordinates": [ [ [ 77.243241461416204, 28.688645346748174 ], [ 77.243241461416204, 28.693136902623131 ], [ 77.238125694937054, 28.693136902623131 ], [ 77.238125694937054, 28.688645346748174 ], [ 77.243241461416204, 28.688645346748174 ] ] ] } },
{ "type": "Feature", "properties": { "cell_id": 1708, "lon": 77.245799344655779, "lat": 28.690891124685653 }, "geometry": { "type": "Polygon", "coordinates": [ [ [ 77.248357227895355, 28.688645346748174 ], [ 77.248357227895355, 28.693136902623131 ], [ 77.243241461416204, 28.693136902623131 ], [ 77.243241461416204, 28.688645346748174 ], [ 77.248357227895355, 28.688645346748174 ] ] ] } },
{ "type": "Feature", "properties": { "cell_id": 1709, "lon": 77.25091511113493, "lat": 28.690891124685653 }, "geometry": { "type": "Polygon", "coordinates": [ [ [ 77.253472994374505, 28.688645346748174 ], [ 77.253472994374505, 28.693136902623131 ], [ 77.248357227895355, 28.693136902623131 ], [ 77.248357227895355, 28.688645346748174 ], [ 77.253472994374505, 28.688645346748174 ] ] ] } },
{ "type": "Feature", "properties": { "cell_id": 1710, "lon": 77.25603087761408, "lat": 28.690891124685653 }, "geometry": { "type": "Polygon", "coordinates": [ [ [ 77.258588760853655, 28.688645346748174 ], [ 77.258588760853655, 28.693136902623131 ], [ 77.253472994374505, 28.693136902623131 ], [ 77.253472994374505, 28.688645346748174 ], [ 77.258588760853655, 28.688645346748174 ] ] ] } },
{ "type": "Feature", "properties": { "cell_id": 1711, "lon": 77.26114664409323, "lat": 28.690891124685653 }, "geometry": { "type": "Polygon", "coordinates": [ [ [ 77.263704527332806, 28.688645346748174 ], [ 77.263704527332806, 28.693136902623131 ], [ 77.258588760853655, 28.693136902623131 ], [ 77.258588760853655, 28.688645346748174 ], [ 77.263704527332806, 28.688645346748174 ] ] ] } },
{ "type": "Feature", "properties": { "cell_id": 1712, "lon": 77.266262410572381, "lat": 28.690891124685653 }, "geometry": { "type": "Polygon", "coordinates": [ [ [ 77.268820293811956, 28.688645346748174 ], [ 77.268820293811956, 28.693136902623131 ], [ 77.263704527332806, 28.693136902623131 ], [ 77.263704527332806, 28.688645346748174 ], [ 77.268820293811956, 28.688645346748174 ] ] ] } },
{ "type": "Feature", "properties": { "cell_id": 1713, "lon": 77.271378177051531, "lat": 28.690891124685653 }, "geometry": { "type": "Polygon", "coordinates": [ [ [ 77.273936060291106, 28.688645346748174 ], [ 77.273936060291106, 28.693136902623131 ], [ 77.268820293811956, 28.693136902623131 ], [ 77.268820293811956, 28.688645346748174 ], [ 77.273936060291106, 28.688645346748174 ] ] ] } },
{ "type": "Feature", "properties": { "cell_id": 1714, "lon": 77.276493943530681, "lat": 28.690891124685653 }, "geometry": { "type": "Polygon", "coordinates": [ [ [ 77.279051826770257, 28.688645346748174 ], [ 77.279051826770257, 28.693136902623131 ], [ 77.273936060291106, 28.693136902623131 ], [ 77.273936060291106, 28.688645346748174 ], [ 77.279051826770257, 28.688645346748174 ] ] ] } },
{ "type": "Feature", "properties": { "cell_id": 1715, "lon": 77.281609710009832, "lat": 28.690891124685653 }, "geometry": { "type": "Polygon", "coordinates": [ [ [ 77.284167593249407, 28.688645346748174 ], [ 77.284167593249407, 28.693136902623131 ], [ 77.279051826770257, 28.693136902623131 ], [ 77.279051826770257, 28.688645346748174 ], [ 77.284167593249407, 28.688645346748174 ] ] ] } },
{ "type": "Feature", "properties": { "cell_id": 1716, "lon": 77.286725476488982, "lat": 28.690891124685653 }, "geometry": { "type": "Polygon", "coordinates": [ [ [ 77.289283359728557, 28.688645346748174 ], [ 77.289283359728557, 28.693136902623131 ], [ 77.284167593249407, 28.693136902623131 ], [ 77.284167593249407, 28.688645346748174 ], [ 77.289283359728557, 28.688645346748174 ] ] ] } },
{ "type": "Feature", "properties": { "cell_id": 1717, "lon": 77.291841242968133, "lat": 28.690891124685653 }, "geometry": { "type": "Polygon", "coordinates": [ [ [ 77.294399126207708, 28.688645346748174 ], [ 77.294399126207708, 28.693136902623131 ], [ 77.289283359728557, 28.693136902623131 ], [ 77.289283359728557, 28.688645346748174 ], [ 77.294399126207708, 28.688645346748174 ] ] ] } },
{ "type": "Feature", "properties": { "cell_id": 1718, "lon": 77.296957009447283, "lat": 28.690891124685653 }, "geometry": { "type": "Polygon", "coordinates": [ [ [ 77.299514892686858, 28.688645346748174 ], [ 77.299514892686858, 28.693136902623131 ], [ 77.294399126207708, 28.693136902623131 ], [ 77.294399126207708, 28.688645346748174 ], [ 77.299514892686858, 28.688645346748174 ] ] ] } },
{ "type": "Feature", "properties": { "cell_id": 1720, "lon": 77.102557883239569, "lat": 28.695382680560609 }, "geometry": { "type": "Polygon", "coordinates": [ [ [ 77.105115766479145, 28.693136902623131 ], [ 77.105115766479145, 28.697628458498087 ], [ 77.1, 28.697628458498087 ], [ 77.1, 28.693136902623131 ], [ 77.105115766479145, 28.693136902623131 ] ] ] } },
{ "type": "Feature", "properties": { "cell_id": 1721, "lon": 77.10767364971872, "lat": 28.695382680560609 }, "geometry": { "type": "Polygon", "coordinates": [ [ [ 77.110231532958295, 28.693136902623131 ], [ 77.110231532958295, 28.697628458498087 ], [ 77.105115766479145, 28.697628458498087 ], [ 77.105115766479145, 28.693136902623131 ], [ 77.110231532958295, 28.693136902623131 ] ] ] } },
{ "type": "Feature", "properties": { "cell_id": 1722, "lon": 77.11278941619787, "lat": 28.695382680560609 }, "geometry": { "type": "Polygon", "coordinates": [ [ [ 77.115347299437445, 28.693136902623131 ], [ 77.115347299437445, 28.697628458498087 ], [ 77.110231532958295, 28.697628458498087 ], [ 77.110231532958295, 28.693136902623131 ], [ 77.115347299437445, 28.693136902623131 ] ] ] } },
{ "type": "Feature", "properties": { "cell_id": 1723, "lon": 77.117905182677021, "lat": 28.695382680560609 }, "geometry": { "type": "Polygon", "coordinates": [ [ [ 77.120463065916596, 28.693136902623131 ], [ 77.120463065916596, 28.697628458498087 ], [ 77.115347299437445, 28.697628458498087 ], [ 77.115347299437445, 28.693136902623131 ], [ 77.120463065916596, 28.693136902623131 ] ] ] } },
{ "type": "Feature", "properties": { "cell_id": 1724, "lon": 77.123020949156171, "lat": 28.695382680560609 }, "geometry": { "type": "Polygon", "coordinates": [ [ [ 77.125578832395746, 28.693136902623131 ], [ 77.125578832395746, 28.697628458498087 ], [ 77.120463065916596, 28.697628458498087 ], [ 77.120463065916596, 28.693136902623131 ], [ 77.125578832395746, 28.693136902623131 ] ] ] } },
{ "type": "Feature", "properties": { "cell_id": 1725, "lon": 77.128136715635321, "lat": 28.695382680560609 }, "geometry": { "type": "Polygon", "coordinates": [ [ [ 77.130694598874896, 28.693136902623131 ], [ 77.130694598874896, 28.697628458498087 ], [ 77.125578832395746, 28.697628458498087 ], [ 77.125578832395746, 28.693136902623131 ], [ 77.130694598874896, 28.693136902623131 ] ] ] } },
{ "type": "Feature", "properties": { "cell_id": 1726, "lon": 77.133252482114472, "lat": 28.695382680560609 }, "geometry": { "type": "Polygon", "coordinates": [ [ [ 77.135810365354047, 28.693136902623131 ], [ 77.135810365354047, 28.697628458498087 ], [ 77.130694598874896, 28.697628458498087 ], [ 77.130694598874896, 28.693136902623131 ], [ 77.135810365354047, 28.693136902623131 ] ] ] } },
{ "type": "Feature", "properties": { "cell_id": 1727, "lon": 77.138368248593622, "lat": 28.695382680560609 }, "geometry": { "type": "Polygon", "coordinates": [ [ [ 77.140926131833197, 28.693136902623131 ], [ 77.140926131833197, 28.697628458498087 ], [ 77.135810365354047, 28.697628458498087 ], [ 77.135810365354047, 28.693136902623131 ], [ 77.140926131833197, 28.693136902623131 ] ] ] } },
{ "type": "Feature", "properties": { "cell_id": 1728, "lon": 77.143484015072772, "lat": 28.695382680560609 }, "geometry": { "type": "Polygon", "coordinates": [ [ [ 77.146041898312347, 28.693136902623131 ], [ 77.146041898312347, 28.697628458498087 ], [ 77.140926131833197, 28.697628458498087 ], [ 77.140926131833197, 28.693136902623131 ], [ 77.146041898312347, 28.693136902623131 ] ] ] } },
{ "type": "Feature", "properties": { "cell_id": 1729, "lon": 77.148599781551923, "lat": 28.695382680560609 }, "geometry": { "type": "Polygon", "coordinates": [ [ [ 77.151157664791498, 28.693136902623131 ], [ 77.151157664791498, 28.697628458498087 ], [ 77.146041898312347, 28.697628458498087 ], [ 77.146041898312347, 28.693136902623131 ], [ 77.151157664791498, 28.693136902623131 ] ] ] } },
{ "type": "Feature", "properties": { "cell_id": 1730, "lon": 77.153715548031073, "lat": 28.695382680560609 }, "geometry": { "type": "Polygon", "coordinates": [ [ [ 77.156273431270648, 28.693136902623131 ], [ 77.156273431270648, 28.697628458498087 ], [ 77.151157664791498, 28.697628458498087 ], [ 77.151157664791498, 28.693136902623131 ], [ 77.156273431270648, 28.693136902623131 ] ] ] } },
{ "type": "Feature", "properties": { "cell_id": 1731, "lon": 77.158831314510223, "lat": 28.695382680560609 }, "geometry": { "type": "Polygon", "coordinates": [ [ [ 77.161389197749799, 28.693136902623131 ], [ 77.161389197749799, 28.697628458498087 ], [ 77.156273431270648, 28.697628458498087 ], [ 77.156273431270648, 28.693136902623131 ], [ 77.161389197749799, 28.693136902623131 ] ] ] } },
{ "type": "Feature", "properties": { "cell_id": 1732, "lon": 77.163947080989374, "lat": 28.695382680560609 }, "geometry": { "type": "Polygon", "coordinates": [ [ [ 77.166504964228949, 28.693136902623131 ], [ 77.166504964228949, 28.697628458498087 ], [ 77.161389197749799, 28.697628458498087 ], [ 77.161389197749799, 28.693136902623131 ], [ 77.166504964228949, 28.693136902623131 ] ] ] } },
{ "type": "Feature", "properties": { "cell_id": 1733, "lon": 77.169062847468524, "lat": 28.695382680560609 }, "geometry": { "type": "Polygon", "coordinates": [ [ [ 77.171620730708099, 28.693136902623131 ], [ 77.171620730708099, 28.697628458498087 ], [ 77.166504964228949, 28.697628458498087 ], [ 77.166504964228949, 28.693136902623131 ], [ 77.171620730708099, 28.693136902623131 ] ] ] } },
{ "type": "Feature", "properties": { "cell_id": 1734, "lon": 77.174178613947674, "lat": 28.695382680560609 }, "geometry": { "type": "Polygon", "coordinates": [ [ [ 77.17673649718725, 28.693136902623131 ], [ 77.17673649718725, 28.697628458498087 ], [ 77.171620730708099, 28.697628458498087 ], [ 77.171620730708099, 28.693136902623131 ], [ 77.17673649718725, 28.693136902623131 ] ] ] } },
{ "type": "Feature", "properties": { "cell_id": 1735, "lon": 77.179294380426825, "lat": 28.695382680560609 }, "geometry": { "type": "Polygon", "coordinates": [ [ [ 77.1818522636664, 28.693136902623131 ], [ 77.1818522636664, 28.697628458498087 ], [ 77.17673649718725, 28.697628458498087 ], [ 77.17673649718725, 28.693136902623131 ], [ 77.1818522636664, 28.693136902623131 ] ] ] } },
{ "type": "Feature", "properties": { "cell_id": 1736, "lon": 77.184410146905975, "lat": 28.695382680560609 }, "geometry": { "type": "Polygon", "coordinates": [ [ [ 77.18696803014555, 28.693136902623131 ], [ 77.18696803014555, 28.697628458498087 ], [ 77.1818522636664, 28.697628458498087 ], [ 77.1818522636664, 28.693136902623131 ], [ 77.18696803014555, 28.693136902623131 ] ] ] } },
{ "type": "Feature", "properties": { "cell_id": 1737, "lon": 77.189525913385125, "lat": 28.695382680560609 }, "geometry": { "type": "Polygon", "coordinates": [ [ [ 77.192083796624701, 28.693136902623131 ], [ 77.192083796624701, 28.697628458498087 ], [ 77.18696803014555, 28.697628458498087 ], [ 77.18696803014555, 28.693136902623131 ], [ 77.192083796624701, 28.693136902623131 ] ] ] } },
{ "type": "Feature", "properties": { "cell_id": 1738, "lon": 77.194641679864276, "lat": 28.695382680560609 }, "geometry": { "type": "Polygon", "coordinates": [ [ [ 77.197199563103851, 28.693136902623131 ], [ 77.197199563103851, 28.697628458498087 ], [ 77.192083796624701, 28.697628458498087 ], [ 77.192083796624701, 28.693136902623131 ], [ 77.197199563103851, 28.693136902623131 ] ] ] } },
{ "type": "Feature", "properties": { "cell_id": 1739, "lon": 77.199757446343426, "lat": 28.695382680560609 }, "geometry": { "type": "Polygon", "coordinates": [ [ [ 77.202315329583001, 28.693136902623131 ], [ 77.202315329583001, 28.697628458498087 ], [ 77.197199563103851, 28.697628458498087 ], [ 77.197199563103851, 28.693136902623131 ], [ 77.202315329583001, 28.693136902623131 ] ] ] } },
{ "type": "Feature", "properties": { "cell_id": 1740, "lon": 77.204873212822577, "lat": 28.695382680560609 }, "geometry": { "type": "Polygon", "coordinates": [ [ [ 77.207431096062152, 28.693136902623131 ], [ 77.207431096062152, 28.697628458498087 ], [ 77.202315329583001, 28.697628458498087 ], [ 77.202315329583001, 28.693136902623131 ], [ 77.207431096062152, 28.693136902623131 ] ] ] } },
{ "type": "Feature", "properties": { "cell_id": 1741, "lon": 77.209988979301727, "lat": 28.695382680560609 }, "geometry": { "type": "Polygon", "coordinates": [ [ [ 77.212546862541302, 28.693136902623131 ], [ 77.212546862541302, 28.697628458498087 ], [ 77.207431096062152, 28.697628458498087 ], [ 77.207431096062152, 28.693136902623131 ], [ 77.212546862541302, 28.693136902623131 ] ] ] } },
{ "type": "Feature", "properties": { "cell_id": 1742, "lon": 77.215104745780877, "lat": 28.695382680560609 }, "geometry": { "type": "Polygon", "coordinates": [ [ [ 77.217662629020452, 28.693136902623131 ], [ 77.217662629020452, 28.697628458498087 ], [ 77.212546862541302, 28.697628458498087 ], [ 77.212546862541302, 28.693136902623131 ], [ 77.217662629020452, 28.693136902623131 ] ] ] } },
{ "type": "Feature", "properties": { "cell_id": 1743, "lon": 77.220220512260028, "lat": 28.695382680560609 }, "geometry": { "type": "Polygon", "coordinates": [ [ [ 77.222778395499603, 28.693136902623131 ], [ 77.222778395499603, 28.697628458498087 ], [ 77.217662629020452, 28.697628458498087 ], [ 77.217662629020452, 28.693136902623131 ], [ 77.222778395499603, 28.693136902623131 ] ] ] } },
{ "type": "Feature", "properties": { "cell_id": 1744, "lon": 77.225336278739178, "lat": 28.695382680560609 }, "geometry": { "type": "Polygon", "coordinates": [ [ [ 77.227894161978753, 28.693136902623131 ], [ 77.227894161978753, 28.697628458498087 ], [ 77.222778395499603, 28.697628458498087 ], [ 77.222778395499603, 28.693136902623131 ], [ 77.227894161978753, 28.693136902623131 ] ] ] } },
{ "type": "Feature", "properties": { "cell_id": 1745, "lon": 77.230452045218328, "lat": 28.695382680560609 }, "geometry": { "type": "Polygon", "coordinates": [ [ [ 77.233009928457903, 28.693136902623131 ], [ 77.233009928457903, 28.697628458498087 ], [ 77.227894161978753, 28.697628458498087 ], [ 77.227894161978753, 28.693136902623131 ], [ 77.233009928457903, 28.693136902623131 ] ] ] } },
{ "type": "Feature", "properties": { "cell_id": 1746, "lon": 77.235567811697479, "lat": 28.695382680560609 }, "geometry": { "type": "Polygon", "coordinates": [ [ [ 77.238125694937054, 28.693136902623131 ], [ 77.238125694937054, 28.697628458498087 ], [ 77.233009928457903, 28.697628458498087 ], [ 77.233009928457903, 28.693136902623131 ], [ 77.238125694937054, 28.693136902623131 ] ] ] } },
{ "type": "Feature", "properties": { "cell_id": 1747, "lon": 77.240683578176629, "lat": 28.695382680560609 }, "geometry": { "type": "Polygon", "coordinates": [ [ [ 77.243241461416204, 28.693136902623131 ], [ 77.243241461416204, 28.697628458498087 ], [ 77.238125694937054, 28.697628458498087 ], [ 77.238125694937054, 28.693136902623131 ], [ 77.243241461416204, 28.693136902623131 ] ] ] } },
{ "type": "Feature", "properties": { "cell_id": 1748, "lon": 77.245799344655779, "lat": 28.695382680560609 }, "geometry": { "type": "Polygon", "coordinates": [ [ [ 77.248357227895355, 28.693136902623131 ], [ 77.248357227895355, 28.697628458498087 ], [ 77.243241461416204, 28.697628458498087 ], [ 77.243241461416204, 28.693136902623131 ], [ 77.248357227895355, 28.693136902623131 ] ] ] } },
{ "type": "Feature", "properties": { "cell_id": 1749, "lon": 77.25091511113493, "lat": 28.695382680560609 }, "geometry": { "type": "Polygon", "coordinates": [ [ [ 77.253472994374505, 28.693136902623131 ], [ 77.253472994374505, 28.697628458498087 ], [ 77.248357227895355, 28.697628458498087 ], [ 77.248357227895355, 28.693136902623131 ], [ 77.253472994374505, 28.693136902623131 ] ] ] } },
{ "type": "Feature", "properties": { "cell_id": 1750, "lon": 77.25603087761408, "lat": 28.695382680560609 }, "geometry": { "type": "Polygon", "coordinates": [ [ [ 77.258588760853655, 28.693136902623131 ], [ 77.258588760853655, 28.697628458498087 ], [ 77.253472994374505, 28.697628458498087 ], [ 77.253472994374505, 28.693136902623131 ], [ 77.258588760853655, 28.693136902623131 ] ] ] } },
{ "type": "Feature", "properties": { "cell_id": 1751, "lon": 77.26114664409323, "lat": 28.695382680560609 }, "geometry": { "type": "Polygon", "coordinates": [ [ [ 77.263704527332806, 28.693136902623131 ], [ 77.263704527332806, 28.697628458498087 ], [ 77.258588760853655, 28.697628458498087 ], [ 77.258588760853655, 28.693136902623131 ], [ 77.263704527332806, 28.693136902623131 ] ] ] } },
{ "type": "Feature", "properties": { "cell_id": 1752, "lon": 77.266262410572381, "lat": 28.695382680560609 }, "geometry": { "type": "Polygon", "coordinates": [ [ [ 77.268820293811956, 28.693136902623131 ], [ 77.268820293811956, 28.697628458498087 ], [ 77.263704527332806, 28.697628458498087 ], [ 77.263704527332806, 28.693136902623131 ], [ 77.268820293811956, 28.693136902623131 ] ] ] } },
{ "type": "Feature", "properties": { "cell_id": 1753, "lon": 77.271378177051531, "lat": 28.695382680560609 }, "geometry": { "type": "Polygon", "coordinates": [ [ [ 77.273936060291106, 28.693136902623131 ], [ 77.273936060291106, 28.697628458498087 ], [ 77.268820293811956, 28.697628458498087 ], [ 77.268820293811956, 28.693136902623131 ], [ 77.273936060291106, 28.693136902623131 ] ] ] } },
{ "type": "Feature", "properties": { "cell_id": 1754, "lon": 77.276493943530681, "lat": 28.695382680560609 }, "geometry": { "type": "Polygon", "coordinates": [ [ [ 77.279051826770257, 28.693136902623131 ], [ 77.279051826770257, 28.697628458498087 ], [ 77.273936060291106, 28.697628458498087 ], [ 77.273936060291106, 28.693136902623131 ], [ 77.279051826770257, 28.693136902623131 ] ] ] } },
{ "type": "Feature", "properties": { "cell_id": 1755, "lon": 77.281609710009832, "lat": 28.695382680560609 }, "geometry": { "type": "Polygon", "coordinates": [ [ [ 77.284167593249407, 28.693136902623131 ], [ 77.284167593249407, 28.697628458498087 ], [ 77.279051826770257, 28.697628458498087 ], [ 77.279051826770257, 28.693136902623131 ], [ 77.284167593249407, 28.693136902623131 ] ] ] } },
{ "type": "Feature", "properties": { "cell_id": 1756, "lon": 77.286725476488982, "lat": 28.695382680560609 }, "geometry": { "type": "Polygon", "coordinates": [ [ [ 77.289283359728557, 28.693136902623131 ], [ 77.289283359728557, 28.697628458498087 ], [ 77.284167593249407, 28.697628458498087 ], [ 77.284167593249407, 28.693136902623131 ], [ 77.289283359728557, 28.693136902623131 ] ] ] } },
{ "type": "Feature", "properties": { "cell_id": 1757, "lon": 77.291841242968133, "lat": 28.695382680560609 }, "geometry": { "type": "Polygon", "coordinates": [ [ [ 77.294399126207708, 28.693136902623131 ], [ 77.294399126207708, 28.697628458498087 ], [ 77.289283359728557, 28.697628458498087 ], [ 77.289283359728557, 28.693136902623131 ], [ 77.294399126207708, 28.693136902623131 ] ] ] } },
{ "type": "Feature", "properties": { "cell_id": 1758, "lon": 77.296957009447283, "lat": 28.695382680560609 }, "geometry": { "type": "Polygon", "coordinates": [ [ [ 77.299514892686858, 28.693136902623131 ], [ 77.299514892686858, 28.697628458498087 ], [ 77.294399126207708, 28.697628458498087 ], [ 77.294399126207708, 28.693136902623131 ], [ 77.299514892686858, 28.693136902623131 ] ] ] } },
{ "type": "Feature", "properties": { "cell_id": 1760, "lon": 77.102557883239569, "lat": 28.699874236435566 }, "geometry": { "type": "Polygon", "coordinates": [ [ [ 77.105115766479145, 28.697628458498087 ], [ 77.105115766479145, 28.702120014373044 ], [ 77.1, 28.702120014373044 ], [ 77.1, 28.697628458498087 ], [ 77.105115766479145, 28.697628458498087 ] ] ] } },
{ "type": "Feature", "properties": { "cell_id": 1761, "lon": 77.10767364971872, "lat": 28.699874236435566 }, "geometry": { "type": "Polygon", "coordinates": [ [ [ 77.110231532958295, 28.697628458498087 ], [ 77.110231532958295, 28.702120014373044 ], [ 77.105115766479145, 28.702120014373044 ], [ 77.105115766479145, 28.697628458498087 ], [ 77.110231532958295, 28.697628458498087 ] ] ] } },
{ "type": "Feature", "properties": { "cell_id": 1762, "lon": 77.11278941619787, "lat": 28.699874236435566 }, "geometry": { "type": "Polygon", "coordinates": [ [ [ 77.115347299437445, 28.697628458498087 ], [ 77.115347299437445, 28.702120014373044 ], [ 77.110231532958295, 28.702120014373044 ], [ 77.110231532958295, 28.697628458498087 ], [ 77.115347299437445, 28.697628458498087 ] ] ] } },
{ "type": "Feature", "properties": { "cell_id": 1763, "lon": 77.117905182677021, "lat": 28.699874236435566 }, "geometry": { "type": "Polygon", "coordinates": [ [ [ 77.120463065916596, 28.697628458498087 ], [ 77.120463065916596, 28.702120014373044 ], [ 77.115347299437445, 28.702120014373044 ], [ 77.115347299437445, 28.697628458498087 ], [ 77.120463065916596, 28.697628458498087 ] ] ] } },
{ "type": "Feature", "properties": { "cell_id": 1764, "lon": 77.123020949156171, "lat": 28.699874236435566 }, "geometry": { "type": "Polygon", "coordinates": [ [ [ 77.125578832395746, 28.697628458498087 ], [ 77.125578832395746, 28.702120014373044 ], [ 77.120463065916596, 28.702120014373044 ], [ 77.120463065916596, 28.697628458498087 ], [ 77.125578832395746, 28.697628458498087 ] ] ] } },
{ "type": "Feature", "properties": { "cell_id": 1765, "lon": 77.128136715635321, "lat": 28.699874236435566 }, "geometry": { "type": "Polygon", "coordinates": [ [ [ 77.130694598874896, 28.697628458498087 ], [ 77.130694598874896, 28.702120014373044 ], [ 77.125578832395746, 28.702120014373044 ], [ 77.125578832395746, 28.697628458498087 ], [ 77.130694598874896, 28.697628458498087 ] ] ] } },
{ "type": "Feature", "properties": { "cell_id": 1766, "lon": 77.133252482114472, "lat": 28.699874236435566 }, "geometry": { "type": "Polygon", "coordinates": [ [ [ 77.135810365354047, 28.697628458498087 ], [ 77.135810365354047, 28.702120014373044 ], [ 77.130694598874896, 28.702120014373044 ], [ 77.130694598874896, 28.697628458498087 ], [ 77.135810365354047, 28.697628458498087 ] ] ] } },
{ "type": "Feature", "properties": { "cell_id": 1767, "lon": 77.138368248593622, "lat": 28.699874236435566 }, "geometry": { "type": "Polygon", "coordinates": [ [ [ 77.140926131833197, 28.697628458498087 ], [ 77.140926131833197, 28.702120014373044 ], [ 77.135810365354047, 28.702120014373044 ], [ 77.135810365354047, 28.697628458498087 ], [ 77.140926131833197, 28.697628458498087 ] ] ] } },
{ "type": "Feature", "properties": { "cell_id": 1768, "lon": 77.143484015072772, "lat": 28.699874236435566 }, "geometry": { "type": "Polygon", "coordinates": [ [ [ 77.146041898312347, 28.697628458498087 ], [ 77.146041898312347, 28.702120014373044 ], [ 77.140926131833197, 28.702120014373044 ], [ 77.140926131833197, 28.697628458498087 ], [ 77.146041898312347, 28.697628458498087 ] ] ] } },
{ "type": "Feature", "properties": { "cell_id": 1769, "lon": 77.148599781551923, "lat": 28.699874236435566 }, "geometry": { "type": "Polygon", "coordinates": [ [ [ 77.151157664791498, 28.697628458498087 ], [ 77.151157664791498, 28.702120014373044 ], [ 77.146041898312347, 28.702120014373044 ], [ 77.146041898312347, 28.697628458498087 ], [ 77.151157664791498, 28.697628458498087 ] ] ] } },
{ "type": "Feature", "properties": { "cell_id": 1770, "lon": 77.153715548031073, "lat": 28.699874236435566 }, "geometry": { "type": "Polygon", "coordinates": [ [ [ 77.156273431270648, 28.697628458498087 ], [ 77.156273431270648, 28.702120014373044 ], [ 77.151157664791498, 28.702120014373044 ], [ 77.151157664791498, 28.697628458498087 ], [ 77.156273431270648, 28.697628458498087 ] ] ] } },
{ "type": "Feature", "properties": { "cell_id": 1771, "lon": 77.158831314510223, "lat": 28.699874236435566 }, "geometry": { "type": "Polygon", "coordinates": [ [ [ 77.161389197749799, 28.697628458498087 ], [ 77.161389197749799, 28.702120014373044 ], [ 77.156273431270648, 28.702120014373044 ], [ 77.156273431270648, 28.697628458498087 ], [ 77.161389197749799, 28.697628458498087 ] ] ] } },
{ "type": "Feature", "properties": { "cell_id": 1772, "lon": 77.163947080989374, "lat": 28.699874236435566 }, "geometry": { "type": "Polygon", "coordinates": [ [ [ 77.166504964228949, 28.697628458498087 ], [ 77.166504964228949, 28.702120014373044 ], [ 77.161389197749799, 28.702120014373044 ], [ 77.161389197749799, 28.697628458498087 ], [ 77.166504964228949, 28.697628458498087 ] ] ] } },
{ "type": "Feature", "properties": { "cell_id": 1773, "lon": 77.169062847468524, "lat": 28.699874236435566 }, "geometry": { "type": "Polygon", "coordinates": [ [ [ 77.171620730708099, 28.697628458498087 ], [ 77.171620730708099, 28.702120014373044 ], [ 77.166504964228949, 28.702120014373044 ], [ 77.166504964228949, 28.697628458498087 ], [ 77.171620730708099, 28.697628458498087 ] ] ] } },
{ "type": "Feature", "properties": { "cell_id": 1774, "lon": 77.174178613947674, "lat": 28.699874236435566 }, "geometry": { "type": "Polygon", "coordinates": [ [ [ 77.17673649718725, 28.697628458498087 ], [ 77.17673649718725, 28.702120014373044 ], [ 77.171620730708099, 28.702120014373044 ], [ 77.171620730708099, 28.697628458498087 ], [ 77.17673649718725, 28.697628458498087 ] ] ] } },
{ "type": "Feature", "properties": { "cell_id": 1775, "lon": 77.179294380426825, "lat": 28.699874236435566 }, "geometry": { "type": "Polygon", "coordinates": [ [ [ 77.1818522636664, 28.697628458498087 ], [ 77.1818522636664, 28.702120014373044 ], [ 77.17673649718725, 28.702120014373044 ], [ 77.17673649718725, 28.697628458498087 ], [ 77.1818522636664, 28.697628458498087 ] ] ] } },
{ "type": "Feature", "properties": { "cell_id": 1776, "lon": 77.184410146905975, "lat": 28.699874236435566 }, "geometry": { "type": "Polygon", "coordinates": [ [ [ 77.18696803014555, 28.697628458498087 ], [ 77.18696803014555, 28.702120014373044 ], [ 77.1818522636664, 28.702120014373044 ], [ 77.1818522636664, 28.697628458498087 ], [ 77.18696803014555, 28.697628458498087 ] ] ] } },
{ "type": "Feature", "properties": { "cell_id": 1777, "lon": 77.189525913385125, "lat": 28.699874236435566 }, "geometry": { "type": "Polygon", "coordinates": [ [ [ 77.192083796624701, 28.697628458498087 ], [ 77.192083796624701, 28.702120014373044 ], [ 77.18696803014555, 28.702120014373044 ], [ 77.18696803014555, 28.697628458498087 ], [ 77.192083796624701, 28.697628458498087 ] ] ] } },
{ "type": "Feature", "properties": { "cell_id": 1778, "lon": 77.194641679864276, "lat": 28.699874236435566 }, "geometry": { "type": "Polygon", "coordinates": [ [ [ 77.197199563103851, 28.697628458498087 ], [ 77.197199563103851, 28.702120014373044 ], [ 77.192083796624701, 28.702120014373044 ], [ 77.192083796624701, 28.697628458498087 ], [ 77.197199563103851, 28.697628458498087 ] ] ] } },
{ "type": "Feature", "properties": { "cell_id": 1779, "lon": 77.199757446343426, "lat": 28.699874236435566 }, "geometry": { "type": "Polygon", "coordinates": [ [ [ 77.202315329583001, 28.697628458498087 ], [ 77.202315329583001, 28.702120014373044 ], [ 77.197199563103851, 28.702120014373044 ], [ 77.197199563103851, 28.697628458498087 ], [ 77.202315329583001, 28.697628458498087 ] ] ] } },
{ "type": "Feature", "properties": { "cell_id": 1780, "lon": 77.204873212822577, "lat": 28.699874236435566 }, "geometry": { "type": "Polygon", "coordinates": [ [ [ 77.207431096062152, 28.697628458498087 ], [ 77.207431096062152, 28.702120014373044 ], [ 77.202315329583001, 28.702120014373044 ], [ 77.202315329583001, 28.697628458498087 ], [ 77.207431096062152, 28.697628458498087 ] ] ] } },
{ "type": "Feature", "properties": { "cell_id": 1781, "lon": 77.209988979301727, "lat": 28.699874236435566 }, "geometry": { "type": "Polygon", "coordinates": [ [ [ 77.212546862541302, 28.697628458498087 ], [ 77.212546862541302, 28.702120014373044 ], [ 77.207431096062152, 28.702120014373044 ], [ 77.207431096062152, 28.697628458498087 ], [ 77.212546862541302, 28.697628458498087 ] ] ] } },
{ "type": "Feature", "properties": { "cell_id": 1782, "lon": 77.215104745780877, "lat": 28.699874236435566 }, "geometry": { "type": "Polygon", "coordinates": [ [ [ 77.217662629020452, 28.697628458498087 ], [ 77.217662629020452, 28.702120014373044 ], [ 77.212546862541302, 28.702120014373044 ], [ 77.212546862541302, 28.697628458498087 ], [ 77.217662629020452, 28.697628458498087 ] ] ] } },
{ "type": "Feature", "properties": { "cell_id": 1783, "lon": 77.220220512260028, "lat": 28.699874236435566 }, "geometry": { "type": "Polygon", "coordinates": [ [ [ 77.222778395499603, 28.697628458498087 ], [ 77.222778395499603, 28.702120014373044 ], [ 77.217662629020452, 28.702120014373044 ], [ 77.217662629020452, 28.697628458498087 ], [ 77.222778395499603, 28.697628458498087 ] ] ] } },
{ "type": "Feature", "properties": { "cell_id": 1784, "lon": 77.225336278739178, "lat": 28.699874236435566 }, "geometry": { "type": "Polygon", "coordinates": [ [ [ 77.227894161978753, 28.697628458498087 ], [ 77.227894161978753, 28.702120014373044 ], [ 77.222778395499603, 28.702120014373044 ], [ 77.222778395499603, 28.697628458498087 ], [ 77.227894161978753, 28.697628458498087 ] ] ] } },
{ "type": "Feature", "properties": { "cell_id": 1785, "lon": 77.230452045218328, "lat": 28.699874236435566 }, "geometry": { "type": "Polygon", "coordinates": [ [ [ 77.233009928457903, 28.697628458498087 ], [ 77.233009928457903, 28.702120014373044 ], [ 77.227894161978753, 28.702120014373044 ], [ 77.227894161978753, 28.697628458498087 ], [ 77.233009928457903, 28.697628458498087 ] ] ] } },
{ "type": "Feature", "properties": { "cell_id": 1786, "lon": 77.235567811697479, "lat": 28.699874236435566 }, "geometry": { "type": "Polygon", "coordinates": [ [ [ 77.238125694937054, 28.697628458498087 ], [ 77.238125694937054, 28.702120014373044 ], [ 77.233009928457903, 28.702120014373044 ], [ 77.233009928457903, 28.697628458498087 ], [ 77.238125694937054, 28.697628458498087 ] ] ] } },
{ "type": "Feature", "properties": { "cell_id": 1787, "lon": 77.240683578176629, "lat": 28.699874236435566 }, "geometry": { "type": "Polygon", "coordinates": [ [ [ 77.243241461416204, 28.697628458498087 ], [ 77.243241461416204, 28.702120014373044 ], [ 77.238125694937054, 28.702120014373044 ], [ 77.238125694937054, 28.697628458498087 ], [ 77.243241461416204, 28.697628458498087 ] ] ] } },
{ "type": "Feature", "properties": { "cell_id": 1788, "lon": 77.245799344655779, "lat": 28.699874236435566 }, "geometry": { "type": "Polygon", "coordinates": [ [ [ 77.248357227895355, 28.697628458498087 ], [ 77.248357227895355, 28.702120014373044 ], [ 77.243241461416204, 28.702120014373044 ], [ 77.243241461416204, 28.697628458498087 ], [ 77.248357227895355, 28.697628458498087 ] ] ] } },
{ "type": "Feature", "properties": { "cell_id": 1789, "lon": 77.25091511113493, "lat": 28.699874236435566 }, "geometry": { "type": "Polygon", "coordinates": [ [ [ 77.253472994374505, 28.697628458498087 ], [ 77.253472994374505, 28.702120014373044 ], [ 77.248357227895355, 28.702120014373044 ], [ 77.248357227895355, 28.697628458498087 ], [ 77.253472994374505, 28.697628458498087 ] ] ] } },
{ "type": "Feature", "properties": { "cell_id": 1790, "lon": 77.25603087761408, "lat": 28.699874236435566 }, "geometry": { "type": "Polygon", "coordinates": [ [ [ 77.258588760853655, 28.697628458498087 ], [ 77.258588760853655, 28.702120014373044 ], [ 77.253472994374505, 28.702120014373044 ], [ 77.253472994374505, 28.697628458498087 ], [ 77.258588760853655, 28.697628458498087 ] ] ] } },
{ "type": "Feature", "properties": { "cell_id": 1791, "lon": 77.26114664409323, "lat": 28.699874236435566 }, "geometry": { "type": "Polygon", "coordinates": [ [ [ 77.263704527332806, 28.697628458498087 ], [ 77.263704527332806, 28.702120014373044 ], [ 77.258588760853655, 28.702120014373044 ], [ 77.258588760853655, 28.697628458498087 ], [ 77.263704527332806, 28.697628458498087 ] ] ] } },
{ "type": "Feature", "properties": { "cell_id": 1792, "lon": 77.266262410572381, "lat": 28.699874236435566 }, "geometry": { "type": "Polygon", "coordinates": [ [ [ 77.268820293811956, 28.697628458498087 ], [ 77.268820293811956, 28.702120014373044 ], [ 77.263704527332806, 28.702120014373044 ], [ 77.263704527332806, 28.697628458498087 ], [ 77.268820293811956, 28.697628458498087 ] ] ] } },
{ "type": "Feature", "properties": { "cell_id": 1793, "lon": 77.271378177051531, "lat": 28.699874236435566 }, "geometry": { "type": "Polygon", "coordinates": [ [ [ 77.273936060291106, 28.697628458498087 ], [ 77.273936060291106, 28.702120014373044 ], [ 77.268820293811956, 28.702120014373044 ], [ 77.268820293811956, 28.697628458498087 ], [ 77.273936060291106, 28.697628458498087 ] ] ] } },
{ "type": "Feature", "properties": { "cell_id": 1794, "lon": 77.276493943530681, "lat": 28.699874236435566 }, "geometry": { "type": "Polygon", "coordinates": [ [ [ 77.279051826770257, 28.697628458498087 ], [ 77.279051826770257, 28.702120014373044 ], [ 77.273936060291106, 28.702120014373044 ], [ 77.273936060291106, 28.697628458498087 ], [ 77.279051826770257, 28.697628458498087 ] ] ] } },
{ "type": "Feature", "properties": { "cell_id": 1795, "lon": 77.281609710009832, "lat": 28.699874236435566 }, "geometry": { "type": "Polygon", "coordinates": [ [ [ 77.284167593249407, 28.697628458498087 ], [ 77.284167593249407, 28.702120014373044 ], [ 77.279051826770257, 28.702120014373044 ], [ 77.279051826770257, 28.697628458498087 ], [ 77.284167593249407, 28.697628458498087 ] ] ] } },
{ "type": "Feature", "properties": { "cell_id": 1796, "lon": 77.286725476488982, "lat": 28.699874236435566 }, "geometry": { "type": "Polygon", "coordinates": [ [ [ 77.289283359728557, 28.697628458498087 ], [ 77.289283359728557, 28.702120014373044 ], [ 77.284167593249407, 28.702120014373044 ], [ 77.284167593249407, 28.697628458498087 ], [ 77.289283359728557, 28.697628458498087 ] ] ] } },
{ "type": "Feature", "properties": { "cell_id": 1797, "lon": 77.291841242968133, "lat": 28.699874236435566 }, "geometry": { "type": "Polygon", "coordinates": [ [ [ 77.294399126207708, 28.697628458498087 ], [ 77.294399126207708, 28.702120014373044 ], [ 77.289283359728557, 28.702120014373044 ], [ 77.289283359728557, 28.697628458498087 ], [ 77.294399126207708, 28.697628458498087 ] ] ] } },
{ "type": "Feature", "properties": { "cell_id": 1798, "lon": 77.296957009447283, "lat": 28.699874236435566 }, "geometry": { "type": "Polygon", "coordinates": [ [ [ 77.299514892686858, 28.697628458498087 ], [ 77.299514892686858, 28.702120014373044 ], [ 77.294399126207708, 28.702120014373044 ], [ 77.294399126207708, 28.697628458498087 ], [ 77.299514892686858, 28.697628458498087 ] ] ] } }
]
}
