cell_id,lon,lat,lst_min,lst_max,lst_mean,lst_std,ndvi_min,ndvi_max,ndvi_mean,ndvi_std,ndbi_min,ndbi_max,ndbi_mean,ndbi_std,building_count,building_density,avg_building_area,road_length_m,road_density,albedo_proxy,green_fraction,norm_building_density,norm_road_density,impervious_fraction,dist_to_green_m
0,77.10255788323957,28.50224577793748,36.77379961999998,45.95801935999998,41.740722367368434,2.580362828128336,0.0468619242310524,0.7097344994544983,0.3096546052631579,0.1532186747465958,-0.34348928928375244,0.3173854351043701,0.045887210243626644,0.10089192617566115,8.0,0.034644027704407866,1079.9213131758308,0.0,0.0,0.9541127897563734,0.3096546052631579,0.0930211001400124,0.0,0.05581266008400744,2000.0000000006446
1,77.10767364971872,28.50224577793748,39.07412708000004,45.97510946,43.288995479473705,1.472284208138096,0.09473684430122375,0.6608940958976746,0.29755450332373906,0.12233146966515765,-0.26784342527389526,0.2380540519952774,0.07633230108963816,0.07905128629635472,0.0,0.0,0.0,352.3198761567329,0.0014128089011518656,0.9236676989103618,0.29755450332373906,0.0,0.015837971492553046,0.006335188597021219,2000.0000000006446
2,77.11278941619787,28.50224577793748,39.40225700000002,47.38333369999998,43.732224974276335,1.785314436136379,0.10131195187568665,0.7072310447692871,0.3029219777960526,0.1343343746168458,-0.25571590662002563,0.2655201256275177,0.08297263162177906,0.08448358424647939,0.0,0.0,0.0,228.1796446255466,0.0009150043889242013,0.917027368378221,0.3029219777960526,0.0,0.010257447709684741,0.004102979083873896,2000.0000000006446
3,77.11790518267702,28.50224577793748,43.16549702000003,48.61723891999998,45.21307089578949,1.021629124882902,0.0714285746216774,0.7008525133132935,0.24210601271244517,0.11360551279010657,-0.2540469169616699,0.2907935082912445,0.1140954804002193,0.07596453391144242,0.0,0.0,0.0,1301.786323832711,0.005220186058678234,0.8859045195997807,0.24210601271244517,0.0,0.058519703489808055,0.023407881395923223,2061.6654904873394
4,77.12302094915617,28.50224577793748,40.851497480000035,44.92919533999998,43.34163748486844,0.7873723508209732,0.08254620432853699,0.6336697340011597,0.25277560050027414,0.07735693907662168,-0.15039578080177307,0.29910504817962646,0.161328628272341,0.06148076752176518,2.0,0.0021639391676591397,269.81666768194435,328.3783409839885,0.001316802923946519,0.838671371727659,0.25277560050027414,0.005810294453323766,0.014761718413418792,0.009390864037361777,1582.460537256639
5,77.12813671563532,28.50224577793748,39.84318158000002,46.89455684000001,43.45021583730265,1.573635419365091,0.05380016937851906,0.7190278768539429,0.30971962376644735,0.1243639014524006,-0.22233930230140686,0.22789360582828522,0.061624466745476975,0.06901197459459464,10.0,0.006434183208641754,160.4527427163145,1159.985411883398,0.004651561907299618,0.938375533254523,0.30971962376644735,0.017276132142513556,0.052145272317857476,0.031223788212651125,1118.8647722828057
6,77.13325248211447,28.50224577793748,38.592186260000005,46.77834416000002,42.80450238796054,2.1680002316536537,0.06446832418441772,0.7233587503433228,0.321633514939693,0.1490928791945924,-0.2306627482175827,0.2721215784549713,0.06445904648094847,0.08136146423262666,10.0,0.01745743558294321,435.34561097272945,0.0,0.0,0.9355409535190515,0.321633514939693,0.04687416478835575,0.0,0.02812449887301345,707.4352229455249
7,77.13836824859362,28.50224577793748,38.61269437999999,42.895473440000046,41.049461552828966,0.8485012255689278,0.0693877562880516,0.7230368256568909,0.3710699355811404,0.1549100525777639,-0.2610306441783905,0.21020707488059998,0.038935343424479164,0.07446395300029623,3.0,0.005171770783556168,429.9042473680017,1601.8948698712775,0.006423626607591269,0.9610646565755209,0.3710699355811404,0.013886486065162653,0.07201059889054295,0.037136131195314774,500.00000000016115
8,77.14348401507277,28.50224577793748,36.281604740000034,41.37103652000002,38.73464123828949,0.9806362664655935,0.04573577642440796,0.7041643857955933,0.4409360437225877,0.13399995961135658,-0.2068706601858139,0.2293095588684082,0.004538357383326481,0.07790187891440048,0.0,0.0,0.0,168.11319607778668,0.0006741368736009844,0.9954616426166735,0.4409360437225877,0.0,0.007557257444702027,0.003022902977880811,0.0
9,77.14859978155192,28.50224577793748,34.41194780000001,41.10101294000003,36.82325971861844,1.6895525657271104,0.033742330968379974,0.7892031073570251,0.5003374280427632,0.1613085789360158,-0.3336794972419739,0.42739275097846985,-0.036774827388294955,0.08892018722820368,1.0,0.0016336924611024743,407.4028165483235,2.587338148731919,1.0375271491047239e-05,1.0367748273882949,0.5003374280427632,0.004386553183677926,0.00011630961127774,0.0026784557547178517,0.0
10,77.15371554803107,28.50224577793748,34.50081632000001,40.738702820000015,36.21360413157896,1.4675837146954673,0.02569791115820408,0.8117673993110657,0.5158195415296053,0.14758638025953252,-0.3572864234447479,0.16846629977226257,-0.05906708299067982,0.08481150971194011,13.0,0.018742250231290978,359.527489201628,2228.3497404212276,0.008935721658649873,1.0590670829906799,0.5158195415296053,0.05032396205456987,0.10017186668324427,0.07026312390603963,0.0
11,77.15883131451022,28.50224577793748,36.65416892000002,41.148865220000005,38.287847558157914,0.9385925274667147,0.01340445876121521,0.7865759134292603,0.3586389588473136,0.16938219095287854,-0.3138221204280853,0.1818273961544037,-0.018469570226836624,0.07655452355171077,8.0,0.01825847891313183,569.1520827976303,1565.6468282607334,0.006278271323082943,1.0184695702268367,0.3586389588473136,0.04902500973253306,0.07038112667355886,0.05756745650894338,500.00000000016115
12,77.16394708098937,28.50224577793748,37.884656120000045,41.07025076000002,39.30536063039475,0.7908149358901473,0.006827936042100191,0.7035859227180481,0.35774452611019736,0.15490370538719467,-0.22235281765460968,0.2199438214302063,-0.003133565668474164,0.07427337416182467,12.0,0.02990592034733808,621.4835651479407,2273.936935434797,0.009118527112592145,1.0031335656684741,0.35774452611019736,0.08029902398025801,0.10222116547083004,0.08906788057648682,707.4352229455249
13,77.16906284746852,28.50224577793748,36.81139784000004,41.20013552,38.818809980789496,0.7534519281336254,-0.012933568097651005,0.7273308038711548,0.31416313305235744,0.18785597660794398,-0.25309208035469055,0.26608139276504517,0.004168373241759183,0.07974761634419042,159.0,0.1351743407160961,212.0073208930514,6723.515783931356,0.026961416568923695,0.9958316267582408,0.31416313305235744,0.3629504626712989,0.3022448023008033,0.33866819852310065,500.4643790159529
14,77.17417861394767,28.50224577793748,36.64733288000002,41.89057556,38.80379992585528,0.9596418657666216,0.03182236850261688,0.7603409886360168,0.426389374314693,0.16352965871544028,-0.27385377883911133,0.2290157973766327,-0.01093619095651727,0.08998295798053152,19.0,0.011315395798559459,148.5148465645682,1135.2419309051695,0.004552340113307014,1.0109361909565173,0.426389374314693,0.030382453642009796,0.05103296905914103,0.03864265980886229,0.0
15,77.17929438042682,28.50224577793748,38.40761318,43.22360336000003,40.29635031717107,0.8741268500685492,0.009634684771299362,0.7156328558921814,0.22925061907087055,0.1556277696701268,-0.2203005999326706,0.2626807987689972,0.030873241424560546,0.0707573213753646,128.0,0.15449209326680224,300.9885745305903,2773.2886769704287,0.01112093638039452,0.9691267585754395,0.22925061907087055,0.4148196797794062,0.12466871720554906,0.29875929474986335,500.4643790159529
16,77.18441014690598,28.50224577793748,36.44225168000003,42.803186900000014,39.59391347671054,1.1285059169223044,-0.01058310829102993,0.6876912117004395,0.17076038025973136,0.13075138150056334,-0.2176150381565094,0.33056336641311646,0.039345165051912004,0.06761341233198218,418.0,0.27157970591810265,162.02228551945916,5278.592775832227,0.021167249888377287,0.960654834948088,0.17076038025973136,0.729206293094746,0.23729062015007069,0.5324400239168758,707.4352229455249
17,77.18952591338513,28.50224577793748,36.44908772000002,41.459905040000024,38.25978381500002,1.103351443874937,0.01291188970208168,0.7324708700180054,0.22313292386239036,0.15907103357324653,-0.26782163977622986,0.23334741592407227,0.014856165835731908,0.0706695508937821,326.0,0.17654945226777163,135.05245916954277,9380.517393938888,0.037616039765156734,0.9851438341642681,0.22313292386239036,0.47404488932951633,0.42168602206396666,0.45310134242329647,500.00000000016115
18,77.19464167986428,28.50224577793748,33.96418718000001,40.30119625999998,38.206714557105286,1.30969057453683,0.00010694043157855049,0.7666805386543274,0.27277632863898027,0.17008478590206513,-0.3231259882450104,0.24669721722602844,0.007116205315840872,0.09658023882790068,422.0,0.1498963792680626,88.57933465918923,7294.386623697304,0.02925061867874329,0.9928837946841591,0.27277632863898027,0.40247993753756445,0.32790737968579514,0.3726509143968567,707.4352229455249
19,77.19975744634343,28.50224577793748,36.96520873999998,40.97112818000005,39.13215471559213,0.8424262222150177,-0.002663825172930956,0.7367246747016907,0.2651002261513158,0.1867156801918127,-0.34184548258781433,0.3526315689086914,0.019897705881219162,0.09107543526708388,345.0,0.18438306541335836,133.27713799181296,5174.2508371457225,0.020748836878734436,0.9801022941187808,0.2651002261513158,0.49507856702689984,0.23260009667344625,0.39008717888551836,1118.8647722828057
20,77.20487321282258,28.50224577793748,36.41490752000004,39.68253464000003,37.96242731848685,0.7197986821469267,0.041370999068021774,0.7423678040504456,0.3562795966968202,0.17153108112346166,-0.2540067136287689,0.18874000012874603,-0.01715340062191612,0.0707599698078983,138.0,0.11745619577577156,212.25140141404185,6217.524742079839,0.02493238359006072,1.017153400621916,0.3562795966968202,0.31537627906736754,0.27949879153425067,0.30102528405412077,707.4352229455249
21,77.20998897930173,28.50224577793748,36.640496840000026,38.756251220000024,37.43148738282897,0.3719706878338941,0.03524963930249214,0.7303885817527771,0.38584386992872804,0.13146958861004576,-0.25498536229133606,0.1405823975801468,-0.02737888269257127,0.054953766350948056,123.0,0.1867042856989965,378.53226011717675,6413.039590188748,0.02571640157033709,1.0273788826925712,0.38584386992872804,0.5013111698431683,0.2882878460278501,0.416101840317041,500.00000000016115
22,77.21510474578088,28.50224577793748,36.84557804000002,40.56438380000003,38.38216916927634,1.1573211371199974,0.04384167864918709,0.7129371762275696,0.39179974472313595,0.1353518496489346,-0.2365892082452774,0.1783069372177124,-0.032753986559416116,0.05550769511940445,134.0,0.29074379710727777,541.0773842658732,4640.004354794439,0.01860649908641757,1.0327539865594162,0.39179974472313595,0.7806629210830032,0.20858390817515032,0.551831315919862,500.00000000016115
23,77.22022051226003,28.50224577793748,39.03481985000002,44.030256080000015,41.93893941865134,1.4624967800812427,0.02266736887395382,0.6990986466407776,0.38431794819078946,0.12694828830245916,-0.2402494102716446,0.2701859176158905,-0.005096762807745682,0.058641864928010594,99.0,0.185848821603061,468.14279028298387,4289.270081864561,0.017200048482098208,1.0050967628077456,0.38431794819078946,0.4990142021807138,0.19281721491696588,0.3765354072752146,500.00000000016115
24,77.22533627873918,28.50224577793748,41.56586366000002,45.06420713000003,42.96023030246713,0.7926725196107813,0.012513034045696259,0.6861369609832764,0.21871352881716008,0.16659988303653886,-0.1710512638092041,0.21808649599552155,0.04238880625942297,0.06626225579954945,316.0,0.21448190234078898,169.26115205932274,9008.46107781555,0.036124087392549215,0.957611193740577,0.21871352881716008,0.5758955825255971,0.4049608307614914,0.5075216818199548,500.00000000016115
25,77.23045204521833,28.50224577793748,42.91598155999998,45.08642426000006,43.97937930203949,0.40436889272744936,0.011968540027737617,0.5707444548606873,0.1099079225774397,0.0703589554648742,-0.1366942971944809,0.20843197405338287,0.07713142261170504,0.041964862027809476,265.0,0.16285009464005248,153.2483698707157,9657.306529853277,0.038725969069253165,0.922868577388295,0.1099079225774397,0.43726136841171703,0.4341286310131999,0.4360082734523102,707.4352229455249
26,77.23556781169748,28.50224577793748,43.34665208000001,45.49829567000003,44.36619460161186,0.49151029384899186,0.013812677003443241,0.5376109480857849,0.10641856411047149,0.06875577408861443,-0.12577494978904724,0.2601710259914398,0.07887904652378015,0.03988811656840072,142.0,0.10118987356624577,177.70613898825542,12875.223963635059,0.05162987458605746,0.9211209534762198,0.10641856411047149,0.2717003185216632,0.5787849164818997,0.39453415770575784,1118.8647722828057
27,77.24068357817663,28.50224577793748,43.45773773000002,45.13427654000003,44.16795506335528,0.3475854939035922,0.009140768088400364,0.5210274457931519,0.09816179242050438,0.06065151613074406,-0.11676065623760223,0.18825820088386536,0.06903423108552631,0.037814689056693336,12.0,0.009266407624598759,192.56789223550172,17878.264058227913,0.07169215337533597,0.9309657689144737,0.09816179242050438,0.02488080886381188,0.8036885105073803,0.3364038895212393,1581.2857409922071
28,77.24579934465578,28.50224577793748,43.63376576000002,45.373537940000034,44.272165321151334,0.3549267990206686,0.003939532674849033,0.5833730101585388,0.10054267749451755,0.06773897847422795,-0.1541934311389923,0.24982070922851562,0.06897823936060855,0.04018882373475164,25.0,0.059927739021400264,597.7803105050849,14171.69070938552,0.056828729043047595,0.9310217606393915,0.10054267749451755,0.1609092412763813,0.6370654869232458,0.3513717395351271,1500.0000000004834
29,77.25091511113493,28.50224577793748,43.538061200000016,45.56152904000001,44.26402503667765,0.40961420767350454,-0.0036286020185798407,0.5811725854873657,0.0955836245888158,0.08115993776143086,-0.1064370721578598,0.2359856516122818,0.06539408365885417,0.04095996761577654,36.0,0.021223481367933977,147.01709797704035,14386.743356649486,0.05769109394163095,0.9346059163411459,0.0955836245888158,0.056986202715542986,0.6467328316496318,0.2928848542891785,1000.9287580319058
30,77.25603087761408,28.50224577793748,41.533392470000024,46.48610345,44.054109137335544,1.233642754947246,-0.026729127392172813,0.6583038568496704,0.18843540124725877,0.17060587959038867,-0.1487409770488739,0.2021973431110382,0.0587582504540159,0.05127045108891172,13.0,0.0043983000959533355,84.37139461585667,8649.462472019928,0.034684496668057896,0.941241749545984,0.18843540124725877,0.011809675167170183,0.3888226277555164,0.16261485620250868,500.4643790159529
31,77.26114664409323,28.50224577793748,40.60198202000001,43.94138756000001,42.02532874980265,0.7883333671614255,0.06510908901691437,0.782865583896637,0.4582465563322368,0.14006547171779996,-0.2874971628189087,0.1828220784664154,0.001835153479325144,0.09323048527021204,0.0,0.0,0.0,0.0,0.0,0.9981648465206748,0.4582465563322368,0.0,0.0,0.0,0.0
32,77.26626241057238,28.50224577793748,40.099533080000015,46.26222314,42.43025168493423,1.612965704638798,0.10242510586977005,0.7497714161872864,0.4383359032346491,0.14126259639770564,-0.24002370238304138,0.2741028666496277,0.01859544319018983,0.08941867378807891,6.0,0.012915884726187484,536.8174591146006,0.0,0.0,0.9814045568098102,0.4383359032346491,0.03467985353096455,0.0,0.020807912118578728,0.0
33,77.27137817705153,28.50224577793748,40.38664676000002,45.67261469000002,42.30492053710528,1.1288686794735223,0.07834877818822861,0.6993172764778137,0.4314513945997807,0.11530949265989586,-0.1961972415447235,0.16511595249176025,0.029214472185101426,0.06808947541956842,1.0,0.0014119480225734814,352.1051941612592,316.42983826498266,0.001268889217853653,0.9707855278148986,0.4314513945997807,0.003791157296170543,0.014224592755035211,0.00796453147971641,0.0
34,77.27649394353068,28.50224577793748,41.21893463000001,46.90822892000003,44.04071189812502,1.3467947990110236,0.05143853649497032,0.7095937728881836,0.3536978803362165,0.13174313463118087,-0.2566959857940674,0.23672544956207275,0.03826681137084961,0.07410758492871405,0.0,0.0,0.0,1916.2810202854466,0.007684320601212041,0.9617331886291504,0.3536978803362165,0.0,0.08614332095615257,0.03445732838246103,500.4643790159529
35,77.28160971000983,28.50224577793748,40.588309940000016,45.60425429000003,43.23999636381581,1.241736039194542,0.0014724204083904624,0.724834144115448,0.29837363795230265,0.19981118271808676,-0.2936318814754486,0.23099233210086823,0.000828238704748321,0.0874866385269898,13.0,0.014666157870408491,281.3369179427213,7321.563975570676,0.029359600337840366,0.9991717612952516,0.29837363795230265,0.03937943219456899,0.3291290936830551,0.15527929678996344,1000.9287580319058
36,77.28672547648898,28.50224577793748,41.041197589999996,46.35621868999999,43.99911162144738,1.1724339571864397,-0.017079418525099754,0.7389932870864868,0.25049496299342106,0.19848022115122085,-0.2518417537212372,0.2349686473608017,0.011437134324458607,0.088379324257717,84.0,0.08538890877531215,253.4987952381754,11156.077749098848,0.044736068023756646,0.9885628656755414,0.25049496299342106,0.22927386797534766,0.501503472600935,0.3381657098255826,1501.3931370478585
37,77.29184124296813,28.50224577793748,41.81537912000002,46.5630089,43.7936593863816,1.0412753053010542,0.009057005867362022,0.7171342968940735,0.2981246787623355,0.17829879669488624,-0.25792989134788513,0.219187393784523,-0.008515258253666393,0.0796437472340823,79.0,0.05382564008247392,169.9087848673448,9760.357600920916,0.03913920567703633,1.0085152582536665,0.2981246787623355,0.14452477347416004,0.43876112561909675,0.26221931433213475,2001.8575160638115
38,77.29695700944728,28.50224577793748,42.91085453000002,45.896495000000016,44.60246523411186,0.8385604647872907,-0.004219409078359604,0.6555538773536682,0.20189046223958335,0.15078102012100916,-0.23871994018554688,0.3941490948200226,0.033879614043654055,0.0735720657128175,3.0,0.02662691724830055,2213.3666201442916,539.2249141227094,0.0021623013912973514,0.966120385956346,0.20189046223958335,0.07149472217570274,0.024239985864863985,0.05259282765136723,2502.3218950797645
40,77.10255788323957,28.506737333812435,38.67763676000004,45.17529278000001,41.96453389368423,1.732744770940584,0.042424242943525314,0.7445378303527832,0.3485102282072368,0.15049972488896368,-0.27394208312034607,0.23973825573921204,0.04307846337033991,0.101083111983648,0.0,0.0,0.0,198.13546501615022,0.0007945267001744534,0.9569215366296601,0.3485102282072368,0.0,0.008906860097763914,0.0035627440391055656,1500.0000000004834
41,77.10767364971872,28.506737333812435,38.65371062000003,45.98536352000002,42.71342948315792,1.728634017987523,0.04835589975118637,0.7285382747650146,0.38523994311951754,0.15017060794727588,-0.2777678370475769,0.20319786667823792,0.023368915758634867,0.0953250013547475,0.0,0.0,0.0,2379.6538809178624,0.00954245392367736,0.9766310842413651,0.38523994311951754,0.0,0.10697350015913963,0.04278940006365586,1500.0000000004834
42,77.11278941619787,28.506737333812435,42.65963006000004,49.16412212,46.305789667368444,1.5034846369154609,0.08656716346740723,0.7008797526359558,0.2354895233689693,0.11426551853359022,-0.2137831449508667,0.3196611702442169,0.12190605297423246,0.06866580715742139,0.0,0.0,0.0,1840.9815589921586,0.007382368436810814,0.8780939470257676,0.2354895233689693,0.0,0.08275835518477168,0.03310334207390867,1500.0000000004834
43,77.11790518267702,28.506737333812435,42.30073795999999,49.943430680000006,46.86618621578949,1.8703559138062698,-0.00033014194923453033,0.6314699649810791,0.2048668362801535,0.08641669005564663,-0.11650485545396805,0.2419152706861496,0.1057715486225329,0.046659503710005545,1.0,0.01632681059447038,4071.505977905725,3171.134015629293,0.012716303187031836,0.8942284513774671,0.2048668362801535,0.04383837515180174,0.1425532124002542,0.08332431005118272,1581.278998224754
44,77.12302094915617,28.506737333812435,41.347110380000004,46.28273125999999,43.21432285368423,0.9762566588273036,0.029035013169050217,0.6787233948707581,0.25205407929002194,0.09703498419306636,-0.17520014941692352,0.2877011299133301,0.13776353267201205,0.07350746959066282,0.0,0.0,0.0,1556.4007115397555,0.006241194232380643,0.862236467327988,0.25205407929002194,0.0,0.06996548241686493,0.02798619296674597,1501.3292217322246
45,77.12813671563532,28.506737333812435,40.79339114000004,46.02296174000003,43.42376388105265,1.4718190879582307,0.06555090844631195,0.6925559043884277,0.25475406044407894,0.09679040823443139,-0.2378721982240677,0.30299949645996094,0.12701671934964365,0.0653136673949255,2.0,0.0017041330567610805,212.48448640971594,1683.4796644156368,0.006750783068896452,0.8729832806503564,0.25475406044407894,0.00457569001726404,0.07567811167555694,0.0330166586805812,1000.886147821483
46,77.13325248211447,28.506737333812435,38.11024544000003,45.96485540000003,42.33626208736844,2.4420732013934274,0.02906869165599346,0.7426356673240662,0.31069284539473685,0.15825196758622054,-0.26211073994636536,0.3646209239959717,0.06449968304550438,0.08883978146056389,1.0,0.00046979306847913353,117.15486473146737,444.61704782044103,0.0017829221831502382,0.9355003169544956,0.31069284539473685,0.0012614199607778576,0.01998704190435913,0.008751668738210367,500.4430739107415
47,77.13836824859362,28.506737333812435,37.054077259999985,41.66840425999999,38.65810219368423,0.8571651750903805,0.06837016344070435,0.750316858291626,0.46318821957236844,0.10918950269766205,-0.2296590358018875,0.2369367778301239,-0.007836974294562088,0.06593339841081189,4.0,0.008952419089486054,558.1284174985276,996.2831709835009,0.003995113041556391,1.007836974294562,0.46318821957236844,0.024037732555920042,0.04478630224520047,0.03233716043163221,0.0
48,77.14348401507277,28.506737333812435,36.37730929999998,40.328540420000024,38.972729347368436,0.9071245495140298,0.06933066993951797,0.7224606871604919,0.38317913925438596,0.13806038722445677,-0.24118010699748993,0.2563250660896301,0.03844716925370066,0.07405221680080638,0.0,0.0,0.0,0.0,0.0,0.9615528307462994,0.38317913925438596,0.0,0.0,0.0,500.00000000016115
49,77.14859978155192,28.506737333812435,35.071625659999995,43.16549702000003,39.137016531578965,1.791311268325544,0.021396704018115997,0.7703409790992737,0.38075289542214913,0.16388843359415897,-0.27342501282691956,0.24190521240234375,0.010238155565763775,0.09026168485559113,6.0,0.004238103152939479,176.14649048498515,2596.152102005787,0.010410615598724315,0.9897618444342362,0.38075289542214913,0.011379537655291913,0.11670582832405312,0.0535100539227964,500.00000000016115
50,77.15371554803107,28.506737333812435,34.825528220000024,42.65963006000004,37.740654831578965,1.7709095614797898,0.023864204064011574,0.7791685461997986,0.4163818787691886,0.1862927997153731,-0.2621901035308838,0.18570995330810547,-0.03842064840751782,0.09165537999199948,21.0,0.02851575614380825,338.6252351242588,5119.304603395276,0.02052850151481966,1.0384206484075178,0.4163818787691886,0.07656635742396277,0.23013007740216448,0.13799184541524345,0.0
51,77.15883131451022,28.506737333812435,35.66636114000005,40.77630104000002,38.21580194000002,1.189911245061251,0.0034098951146006584,0.7620666027069092,0.45830767715186405,0.16255399405514603,-0.2708997428417206,0.27207282185554504,-0.05365418551260965,0.09401085058868938,30.0,0.028593207538129675,237.68148050181676,3947.8410358165625,0.015830912001266188,1.0536541855126096,0.45830767715186405,0.07677431863357237,0.17746882311737244,0.1170521204270924,0.0
52,77.16394708098937,28.506737333812435,36.41490752000004,40.704522620000034,38.75382791789475,1.0664897097073835,-0.05796679109334946,0.7429548501968384,0.3670755379660088,0.17904153370515832,-0.2811138331890106,0.2789212167263031,-0.022364123160378974,0.08499797681408355,27.0,0.07561145217046068,698.3570746771118,4349.331396036099,0.017440895408482458,1.022364123160379,0.3670755379660088,0.20302086478199222,0.19551717437435095,0.2000193886189357,500.4430739107415
53,77.16906284746852,28.506737333812435,37.09509350000002,40.93011194000002,38.798505566315804,0.782173148630109,0.01834685169160366,0.7617780566215515,0.3656974712171053,0.178613729144209,-0.25042691826820374,0.30326831340789795,-0.022169864052220396,0.08233451918900656,33.0,0.038691380752073644,292.3842743086636,2200.515889222512,0.008824107425709498,1.0221698640522203,0.3656974712171053,0.10388846337967986,0.09892064081820931,0.10190133435509163,500.00000000016115
54,77.17417861394767,28.506737333812435,36.61998872000004,40.478933299999994,38.472492067368435,0.8339012428286966,0.03527860343456268,0.7474633455276489,0.3559764768366228,0.18555083944876088,-0.26543524861335754,0.3456830382347107,-0.01702940823739035,0.08268131601642592,28.0,0.047072282406844856,419.2382962983722,2955.445169412934,0.011851387119457813,1.0170294082373903,0.3559764768366228,0.1263916405143892,0.1328572683766003,0.12897789165927365,500.00000000016115
55,77.17929438042682,28.506737333812435,37.365117080000005,40.93352995999999,38.98369240842107,0.5782082486439954,-0.001977433916181326,0.7170233130455017,0.24715419224330357,0.16194713250827591,-0.1982887238264084,0.2561599314212799,0.010784893035888672,0.07354567341937263,304.0,0.1581572876077841,129.73864171596543,8014.310140445067,0.03213752464528979,0.9892151069641113,0.24715419224330357,0.42466092608985473,0.3602703796375699,0.3989047075089408,707.4201511304248
56,77.18441014690598,28.506737333812435,35.05453555999998,41.41547078000002,37.773533432631595,1.1092854884069283,-0.00821355264633894,0.7850968837738037,0.29497520045230263,0.22949559435683622,-0.3301684260368347,0.22662538290023804,-0.01643252456397341,0.09999183088399655,476.0,0.19751996839283995,103.48032330140711,8959.76353810472,0.03592880940165594,1.0164325245639734,0.29497520045230263,0.5303518665984882,0.40277171144721674,0.4793198045379796,500.00000000016115
57,77.18952591338513,28.506737333812435,34.88363456000002,38.71865300000002,37.20116852315791,0.9287939438715624,0.03408624231815338,0.8110492825508118,0.46734854714912283,0.1385511585563826,-0.32952994108200073,0.23304156959056854,0.0023394494307668583,0.09597426411110509,9.0,0.005253814515399609,145.57471509470668,1350.3410127136694,0.005414891215230801,0.9976605505692332,0.46734854714912283,0.014106777950990294,0.06070240117554492,0.032745027240812144,0.0
58,77.19464167986428,28.506737333812435,36.01499918000002,40.229417839999996,37.98859355789476,0.8805725602235895,0.038549792021512985,0.7883262038230896,0.3798387815241228,0.15438116146014075,-0.2773246467113495,0.19408337771892548,0.02082832604123835,0.0839579179896914,184.0,0.09593052035766096,130.01477220811637,3851.3726449331184,0.015444072056819521,0.9791716739587617,0.3798387815241228,0.2575786688779869,0.17313224227665722,0.22380009823745503,500.4430739107415
59,77.19975744634343,28.506737333812435,37.67273888,40.20207368000001,39.03495212631581,0.557454868493838,0.002624671906232834,0.6935128569602966,0.12200715717516447,0.09971259293528413,-0.22349223494529724,0.2103448212146759,0.05453024880927906,0.0587470666081328,756.0,0.3942313991825178,130.04184965936642,11762.113981712297,0.04716628397749957,0.945469751190721,0.12200715717516447,1.0,0.5287468534748432,0.8114987413899373,1000.886147821483
60,77.20487321282258,28.506737333812435,37.084839439999996,41.39496266000003,38.77525668105265,0.9890454144097578,0.01840490847826004,0.7319371700286865,0.3568677186129386,0.1577373704270663,-0.2700675129890442,0.1762164980173111,-0.026861034192537006,0.06990508259372366,149.0,0.1347902787166995,225.59321062046507,7412.036209349028,0.029722395586815435,1.026861034192537,0.3568677186129386,0.36191923529754577,0.3331961269571349,0.3504299919613814,500.4430739107415
61,77.20998897930173,28.506737333812435,36.54821030000005,38.54775200000006,37.670019278947386,0.3894567211391894,0.0506133958697319,0.7427372336387634,0.4119006990131579,0.13292558373417887,-0.26431480050086975,0.2343895584344864,-0.024514931126644737,0.05872087886309785,104.0,0.15446460342047028,370.38156006455716,6045.979203498743,0.024244482962642113,1.0245149311266448,0.4119006990131579,0.41474586804566965,0.271787238671098,0.35756241629584096,0.0
62,77.21510474578088,28.506737333812435,36.43199762000006,40.67034242,37.535277332631594,0.8873895925783306,0.03960896655917168,0.7432908415794373,0.4124072693941886,0.1386609684712642,-0.26420286297798157,0.17169570922851562,-0.03754570944267407,0.06624571115524115,119.0,0.25059673242142694,525.1485427067432,5321.22003767625,0.021338185958240618,1.037545709442674,0.4124072693941886,0.6728658671049251,0.2392068599184762,0.4994022642303455,0.0
63,77.22022051226003,28.506737333812435,38.07264722000002,41.586371780000036,39.818652260000015,0.8864631804448332,0.06620636582374573,0.7488614320755005,0.4229523882949561,0.14275044283683325,-0.296775758266449,0.16025994718074799,-0.04779463918585526,0.06286154178905816,100.0,0.2393694277178882,596.9286225512611,3836.5328849172984,0.015384564358105467,1.0477946391858552,0.4229523882949561,0.6427199428480458,0.1724651448121295,0.45461802363367926,0.0
64,77.22533627873918,28.506737333812435,40.14396734000002,42.83053106000003,41.324083718947385,0.5812461189874277,0.04383309185504913,0.7672271728515625,0.41828099300986843,0.16505354547758705,-0.27710267901420593,0.16051819920539856,-0.04263299774705318,0.06533975879094545,154.0,0.2631287113554932,426.08990033445485,4880.745462789116,0.019571875164424407,1.0426329977470532,0.41828099300986843,0.7065149126871738,0.21940603620010776,0.5116713620923474,0.0
65,77.23045204521833,28.506737333812435,41.883739520000006,44.21482916000002,43.23339709842107,0.4350983893472202,0.0045643155463039875,0.6886387467384338,0.11205584609717653,0.11274394569427018,-0.23053544759750366,0.2782053053379059,0.06834182471559759,0.05975638030225939,653.0,0.45148575777129624,172.41879114485909,13633.411877037022,0.054670221456307636,0.9316581752844024,0.11205584609717653,1.0,0.6128680306378453,0.8451472122551381,500.4430739107415
66,77.23556781169748,28.506737333812435,42.919399580000004,44.319078770000004,43.55074385315791,0.30958987155481255,0.010369702242314816,0.5744056105613708,0.0974657988966557,0.07761384952116329,-0.12374718487262726,0.19079360365867615,0.06893480267441064,0.0443068561900787,114.0,0.08438994512603981,184.60334891071895,11097.061448866134,0.044499411621650234,0.9310651973255893,0.0974657988966557,0.22659159620117483,0.4988504900588263,0.33549515374423544,1000.886147821483
67,77.24068357817663,28.506737333812435,42.75704363,44.87621603000002,43.93274198000002,0.46438090051400716,0.006921770982444286,0.5103607177734375,0.08817298219915022,0.04671431302017589,-0.0914083942770958,0.22663424909114838,0.07649152253803454,0.04118983050722244,118.0,0.06865718017624063,145.09674751327924,16509.27231730723,0.06620247241190456,0.9235084774619655,0.08817298219915022,0.1843482659405786,0.7421476959420482,0.4074680379411665,1118.2322076500375
68,77.24579934465578,28.506737333812435,42.806604919999984,44.78734751000002,43.80002650684212,0.38369102221332524,-0.03293882682919502,0.4848995804786682,0.07426249186197917,0.04014979322687494,-0.07507675141096115,0.2022504359483719,0.071415153637267,0.03871630025346548,66.0,0.04170892282922544,157.5936668138361,15396.799697068871,0.061741437634913146,0.928584846362733,0.07426249186197917,0.11199072810855042,0.6921382845010007,0.34404975066553056,1000.0000000003223
69,77.25091511113493,28.506737333812435,42.64595798000005,44.76171236000002,43.720168649473706,0.3583352216886077,-0.032927144318819046,0.6385135054588318,0.11277769925301535,0.12277973913647576,-0.187101349234581,0.22002899646759033,0.057478080883360747,0.05641762036953652,56.0,0.05320785318401463,236.94166267277225,14257.698896244612,0.05717362338534806,0.9425219191166393,0.11277769925301535,0.14286598202424278,0.6409318461717217,0.34209232768323433,1000.0000000003223
70,77.25603087761408,28.506737333812435,41.39325365000002,46.61598821000004,44.273543971052646,1.1139318718847377,-0.012966393493115902,0.7046495079994202,0.20538169459292763,0.15632337685327516,-0.25424420833587646,0.2914935350418091,0.05381766336006031,0.06914675587991223,25.0,0.036309219902687165,362.18514334196533,7381.66819126777,0.029600619300096786,0.9461823366399397,0.20538169459292763,0.09749223183261285,0.3318309817092911,0.19122773178328417,707.4201511304248
71,77.26114664409323,28.506737333812435,40.01920961000002,45.57520112,42.77859937842108,1.2440724565580767,-0.04013495519757271,0.777866780757904,0.3808556058114035,0.20124127173972733,-0.2825757563114166,0.3364626467227936,-0.0122416633472108,0.11652997304531933,13.0,0.03594533864878929,689.529655906813,1227.76449998636,0.004923357242914524,1.0122416633472109,0.3808556058114035,0.09651519085900803,0.05519217184812527,0.07998598325465492,500.00000000016115
72,77.26626241057238,28.506737333812435,39.913250989999995,45.25219823000003,42.42481314421054,1.2815958498414672,0.08662836253643036,0.7688854932785034,0.409250274122807,0.15778605842154458,-0.2996227741241455,0.2324618697166443,-0.010637892338267544,0.08792778017542772,1.0,0.032676902489502765,8148.817740956268,637.6654504153141,0.0025570496735273477,1.0106378923382675,0.409250274122807,0.0877392618628669,0.028665221319988655,0.0641096456457156,0.0
73,77.27137817705153,28.506737333812435,39.861980690000024,44.93090435000002,41.85560170210528,0.98217760928845,0.05184860900044441,0.735110342502594,0.4349474883497807,0.1659101006503763,-0.30583158135414124,0.2549772262573242,-0.04591522216796875,0.08415613241601524,2.0,0.0009679388324235142,120.69009803403264,3221.8959833218,0.012919859570447608,1.0459152221679688,0.4349474883497807,0.002598968452181976,0.1448351347430691,0.05949343496853683,0.0
74,77.27649394353068,28.506737333812435,41.39838068,44.86596197,43.22501636500002,0.8700309906881762,0.06863540410995483,0.7284128665924072,0.3903543962751116,0.13411520615748987,-0.2262905091047287,0.205476775765419,0.024352141789027622,0.0667250881811762,0.0,0.0,0.0,2059.7176638763867,0.008259504065248223,0.9756478582109723,0.3903543962751116,0.0,0.09259128380446544,0.03703651352178618,500.4430739107415
75,77.28160971000983,28.506737333812435,40.345630520000014,54.793601060000015,46.98470050368423,3.1757716108989613,-0.05092361569404602,0.7361629009246826,0.20125042831688597,0.16721796872571712,-0.24713750183582306,0.2935487926006317,0.06904252437123082,0.07181684156618208,3.0,0.03620313603626165,3009.39129002321,763.9636149364487,0.0030635075350055434,0.9309574756287692,0.20125042831688597,0.09720739087687283,0.0343427514981545,0.07206153512538549,1000.886147821483
76,77.28672547648898,28.506737333812435,39.78165722000003,52.077984170000036,46.189830957894756,2.9604578328397295,-0.004000695887953043,0.742794394493103,0.21572479783442983,0.20255550777388823,-0.34205105900764465,0.26845788955688477,0.02811255739446272,0.09820790750363455,26.0,0.028592235360819715,274.238537611005,4534.997194196726,0.018185418525208656,0.9718874426055373,0.21572479783442983,0.07677170828457729,0.2038634807209789,0.12760841725913794,1501.3292217322246
77,77.29184124296813,28.506737333812435,42.299028950000036,48.167769289999995,44.52562559157897,1.406868209011568,-0.013242321088910103,0.708689272403717,0.3025363641036184,0.15709910867969668,-0.21749164164066315,0.36702385544776917,0.018029577690258362,0.09467583268137923,106.0,0.13777500547252736,324.1293019242875,4641.4698339058095,0.018612375683433845,0.9819704223097416,0.3025363641036184,0.3699333891024486,0.20864978642375215,0.30541994803097006,2001.772295642966
78,77.29695700944728,28.506737333812435,42.74508056000002,46.09815818000001,44.754214938421065,0.7938766173138052,0.0076914504170417786,0.6450939178466797,0.20152857730263157,0.14349841123011436,-0.2267676293849945,0.2367028445005417,0.027624455502158717,0.06941795432252106,83.0,0.13355992249650955,401.28394853470184,1477.409097256537,0.005924436469540037,0.9723755444978412,0.20152857730263157,0.35861566187523225,0.06641454186586458,0.2417352138714852,2500.000000000806
80,77.10255788323957,28.51122888968739,37.22839628000003,43.33981604000002,40.88796341473686,1.427456843835535,0.06816115975379944,0.7161003351211548,0.38273398951480264,0.14539024742472795,-0.2937353253364563,0.2812030017375946,0.03644413195158306,0.0923971561822605,9.0,0.04935862567016279,1367.6478011050795,323.27188879500284,0.0012963259608395727,0.963555868048417,0.38273398951480264,0.13253059662729177,0.014532166095566419,0.08533122441460163,1000.0000000003223
81,77.10767364971872,28.51122888968739,38.773341319999986,42.41011460000004,40.398541046315806,0.7087974676051002,-0.002175732282921672,0.6938436031341553,0.24165000513980264,0.1679832567536971,-0.22524702548980713,0.19080068171024323,0.04110937285841557,0.07458557003165933,24.0,0.021823069260248733,226.7557515168903,6625.685671473431,0.02656911609700891,0.9588906271415845,0.24165000513980264,0.05859612884334866,0.2978470074641232,0.15429648029165846,1000.0000000003223
82,77.11278941619787,28.51122888968739,40.311450320000006,45.893076980000046,41.856247210526334,1.040111573353615,0.005265289451926947,0.6877229809761047,0.26541606702302634,0.15699904821199892,-0.3277508020401001,0.35483869910240173,0.04387019910310444,0.0907760866801066,12.0,0.009995010904573,207.70920735831749,6420.201987024983,0.025745122907646238,0.9561298008968956,0.26541606702302634,0.026837148330085953,0.28860982001963303,0.1315462170059048,1000.0000000003223
83,77.11790518267702,28.51122888968739,38.99209460000003,45.85889678000001,42.79554662000002,1.7273522225954887,-0.011073663830757141,0.710218608379364,0.24870391310307016,0.1431647777715966,-0.284280925989151,0.25833839178085327,0.05635284423828125,0.07162314948650668,6.0,0.030141701196531884,1252.7667900989356,7157.544407059277,0.02870187898279281,0.9436471557617188,0.24870391310307016,0.08093210839443435,0.32175585865969586,0.17726160850053896,1118.2226717506203
84,77.12302094915617,28.51122888968739,38.33925278000004,44.864252960000044,41.702404564210546,1.8477345911623915,0.048734769225120544,0.7245272397994995,0.2867560135690789,0.1352291842352582,-0.2654617726802826,0.3031322658061981,0.10281100089089912,0.10577277111835603,0.0,0.0,0.0,4387.478643452885,0.017593866541683306,0.8971889991091009,0.2867560135690789,0.0,0.1972320223235982,0.07889280892943928,1414.810154920599
85,77.12813671563532,28.51122888968739,39.30655244000002,43.97556775999999,41.38384086736844,1.0147797554738103,0.07432285696268082,0.6654205322265625,0.2767701480263158,0.08316269161787125,-0.17623762786388397,0.2973822057247162,0.14104628178111295,0.07494327345553049,2.0,0.005743354199725991,716.1258110427927,3029.3757126813457,0.012147849898498243,0.8589537182188871,0.2767701480263158,0.015421218650171485,0.1361806966472017,0.06372500984898358,1000.8435314602402
86,77.13325248211447,28.51122888968739,39.162995600000045,46.125502340000025,42.1438582494737,1.765814021978179,0.03491532430052757,0.7223650217056274,0.2912956799958882,0.14270811836774489,-0.1995002031326294,0.2566371560096741,0.059774587530838814,0.07712446810547315,10.0,0.012880172840127808,321.1999086508694,2387.120763513191,0.009572396254236773,0.9402254124691611,0.2912956799958882,0.034583965173014666,0.10730916181687264,0.06367404383055786,500.4217657301201
87,77.13836824859362,28.51122888968739,36.739619420000054,40.82757134000002,38.109980887368444,0.8223327895344232,0.05218048766255379,0.7639727592468262,0.45546665124725877,0.14091906292371448,-0.2892115116119385,0.2309078574180603,-0.023428727534779332,0.07338881474761884,20.0,0.035445309953780646,441.95953193214774,3520.772085714014,0.014118357998658487,1.0234287275347793,0.45546665124725877,0.09517258659520411,0.15827062762848174,0.12041180300851516,0.0
88,77.14348401507277,28.51122888968739,36.903684380000016,40.889095699999984,38.32848019684213,0.8564629345611426,0.057390134781599045,0.7633903622627258,0.42059124862938596,0.1575917058281842,-0.3165803849697113,0.19523462653160095,-0.02621958147015488,0.0796283865288698,11.0,0.014210609991316684,322.16158811328205,3161.4674021934607,0.012677539897105886,1.026219581470155,0.42059124862938596,0.038156261342694356,0.1421186653923013,0.07974122296253713,0.0
89,77.14859978155192,28.51122888968739,34.95883100000003,41.25140582000006,37.848761618947385,1.5229429336395277,0.04692628234624863,0.76292484998703,0.4446249657346491,0.1668763198095945,-0.30124443769454956,0.17460888624191284,-0.060300341154399674,0.08482198468009337,22.0,0.023796764541643957,269.7422370108803,3986.287882005203,0.015985084530812505,1.0603003411543996,0.4446249657346491,0.0638956081066439,0.17919713904594464,0.1100162204823642,0.0
90,77.15371554803107,28.51122888968739,34.186358480000024,41.54535554000006,37.81580894315791,1.7486564730245417,0.039373382925987244,0.8014073371887207,0.4230199338678728,0.16502191458844612,-0.30738765001296997,0.19214126467704773,-0.04826985141687226,0.08520419860159752,19.0,0.020873353333041803,273.96327293645146,5387.36708184581,0.021603436768972813,1.0482698514168722,0.4230199338678728,0.05604608988358763,0.24218039354735407,0.13049981134909422,0.0
91,77.15883131451022,28.51122888968739,34.186358480000024,41.04632462000001,37.71887685894739,1.6739003765744056,0.07829570025205612,0.8112335205078125,0.4733238246984649,0.1717781174642597,-0.34409812092781067,0.18037517368793488,-0.06476488615337171,0.09370123008900111,30.0,0.04370935000503227,363.3346488712163,5043.318889116696,0.020223797463875332,1.0647648861533716,0.4733238246984649,0.11736198396341896,0.22671426223523913,0.16110289527214705,0.0
92,77.16394708098937,28.51122888968739,36.50719406000002,41.82905119999998,38.43925367473687,1.3124490435363143,-0.028328612446784973,0.750318169593811,0.3250852993078399,0.17005070514035786,-0.27892500162124634,0.25596725940704346,-0.023373346161424068,0.08010917335872363,150.0,0.15901821887267553,264.3682814389962,5823.282422131547,0.023351464951834572,1.023373346161424,0.3250852993078399,0.42697257339854633,0.2617762642314728,0.3608940497317169,500.4217657301201
93,77.16906284746852,28.51122888968739,35.10580586000003,40.08927902000005,37.43920239894739,0.6935930884044968,0.08154887706041336,0.7842417359352112,0.43952919407894736,0.17563691863342423,-0.2771376669406891,0.12889812886714935,-0.08049230742872807,0.07070570933086523,57.0,0.14933537243608042,653.3434716981099,2384.6523677609975,0.009562497943848195,1.080492307428728,0.43952919407894736,0.4009736036568071,0.10719819906909343,0.2834634418217217,0.0
94,77.17417861394767,28.51122888968739,33.468574279999984,38.46913754000002,36.70073018315791,1.0994784197761913,0.013785636983811855,0.803368866443634,0.45876293516995614,0.18052018223920865,-0.3672148585319519,0.2239583283662796,-0.06792589154159813,0.08708168149367036,56.0,0.056842945213732336,253.12921202777275,3981.764747365589,0.01596694668133985,1.0679258915415981,0.45876293516995614,0.1526264019904094,0.17899380882722224,0.16317336472513452,0.0
95,77.17929438042682,28.51122888968739,34.54183255999999,39.84318158000002,37.54482239157897,1.33480325667265,0.044319331645965576,0.7588383555412292,0.3963741629464286,0.20093442103915618,-0.29881036281585693,0.31052055954933167,-0.03690253666469029,0.09378619763168886,67.0,0.028218082180902763,105.02831872838689,4989.927048049327,0.02000969524196348,1.0369025366646902,0.3963741629464286,0.0757670866304868,0.2243141181786951,0.13518589924977012,500.4217657301201
96,77.18441014690598,28.51122888968739,34.11799808000001,39.26895422000001,36.910139464210545,1.1194465147662687,0.05578317120671272,0.8041112422943115,0.5030625513980264,0.19084466508250708,-0.33478638529777527,0.2774850130081177,-0.09381387275561952,0.09225726072994872,3.0,0.03027834960149202,2516.8925000237864,3333.081160560177,0.013365714087064908,1.0938138727556195,0.5030625513980264,0.08129901679983759,0.14983328496583004,0.10871272406623457,0.0
97,77.18952591338513,28.51122888968739,33.26007506000002,39.641518399999995,36.6461900126316,1.3204817934929705,0.14210844039916992,0.8062166571617126,0.4976107627467105,0.15223123939498884,-0.3402214050292969,0.27297481894493103,-0.03312031260707922,0.11214849915597531,0.0,0.0,0.0,1505.1580915050286,0.006035710424617271,1.0331203126070791,0.4976107627467105,0.0,0.06766195312363625,0.027064781249454502,0.0
98,77.19464167986428,28.51122888968739,37.08142142000003,40.28068814000005,38.58618620631581,0.575133546450902,0.025598429143428802,0.6802526712417603,0.3481617067571272,0.1204579320243903,-0.16639144718647003,0.23821209371089935,0.04964956183182566,0.06633332798412571,66.0,0.036121680681418786,136.48274095619956,2690.849455597174,0.01079035365247499,0.9503504381681743,0.3481617067571272,0.09698867881531845,0.12096279504123426,0.10657832530568477,500.00000000016115
99,77.19975744634343,28.51122888968739,36.346547120000025,39.57999404000003,38.19109272421055,0.6675036546258329,-0.01319853961467743,0.6930471062660217,0.2746949741296601,0.17624971438296666,-0.222690612077713,0.22064484655857086,0.010815100418893914,0.07508874331788036,322.0,0.20257738035722744,156.88766568294776,7952.849960189215,0.03189106824129957,0.9891848995811061,0.2746949741296601,0.5439312930093708,0.35750753641272065,0.4693617903707108,707.4050774602995
100,77.20487321282258,28.51122888968739,37.07800340000006,41.036070559999985,38.539349808421065,0.8321030523667426,0.00918442290276289,0.7028371095657349,0.28450842070997806,0.15858983345915642,-0.21534307301044464,0.2701548933982849,0.0012906357279995032,0.06767574177342071,239.0,0.22132865958661213,230.93697623483305,9339.484999000977,0.03745149913964269,0.9987093642720005,0.28450842070997806,0.5942794984152914,0.419841476963682,0.5245042898346476,500.4217657301201
101,77.20998897930173,28.51122888968739,36.54137426,39.35440472000005,37.726464228421065,0.5740002836621318,0.07110597938299179,0.7549455761909485,0.41134071751644735,0.1368272728164533,-0.23191489279270172,0.21528451144695282,-0.037267223157380756,0.06523490165841618,117.0,0.14870488637350085,316.95171052986643,6621.113999737885,0.02655078361292774,1.0372672231573807,0.41134071751644735,0.3992807142599823,0.2976414953385777,0.35862502669142043,0.0
102,77.21510474578088,28.51122888968739,36.62682475999998,39.55264987999999,37.89598955473686,0.5736786484040458,0.04278922453522682,0.7528325915336609,0.38224176774945173,0.13334699052980759,-0.2604216933250427,0.24314789474010468,-0.018456000612493147,0.07515996437496816,121.0,0.2599490906882996,535.7431840519064,3445.8926339986792,0.013818090080053367,1.0184560006124932,0.38224176774945173,0.6979774581217325,0.1549045427099065,0.4807482919570021,500.00000000016115
103,77.22022051226003,28.51122888968739,36.37047326000004,42.81344095999998,39.23686398578949,1.0472066895103997,0.06647760421037674,0.7563604712486267,0.44168354235197366,0.13466447233410486,-0.27249613404273987,0.12765289843082428,-0.052854748106839364,0.05980738116780177,116.0,0.23277214049779915,500.4108680114263,1421.5852538828733,0.005700581875597871,1.0528547481068393,0.44168354235197366,0.6250058675566718,0.06390507107017346,0.4005655489620724,0.0
104,77.22533627873918,28.51122888968739,39.870525740000005,43.326143960000024,41.45507960000001,0.8544258365833944,0.03029547445476055,0.7495668530464172,0.3844199732730263,0.1800294945412694,-0.2701258361339569,0.19222404062747955,-0.03288297686660499,0.07657776835574662,157.0,0.2426635330871273,385.441600714121,4651.99748614818,0.0186545917541208,1.032882976866605,0.3844199732730263,0.6515647950701434,0.209123040041791,0.47458809305880245,500.00000000016115
105,77.23045204521833,28.51122888968739,42.69039224000005,44.13621470000001,43.37087981000002,0.34055053032056504,-0.015105740167200565,0.6334091424942017,0.07716947856702303,0.07437263750050789,-0.15725089609622955,0.24522119760513306,0.08425815515350878,0.05233413474029127,386.0,0.336596215965389,217.4581288827254,12353.66423194686,0.049538410887075945,0.9157418448464912,0.07716947856702303,0.9037791615690792,0.5553390403869994,0.7644031130962473,707.4050774602995
106,77.23556781169748,28.51122888968739,41.148865220000005,43.89011726000001,42.57596793578949,0.6745535878994927,0.00023369946575257927,0.6677275896072388,0.14701986747875548,0.12500112097257257,-0.20569156110286713,0.2291085571050644,0.05549008018092105,0.06165710304558165,172.0,0.1562914852716402,226.60035905332398,14195.229395957413,0.0569231195902769,0.944509919819079,0.14701986747875548,0.4196511452574191,0.6381236305936072,0.5070401393918944,1118.7885298240978
107,77.24068357817663,28.51122888968739,41.07879581000003,43.59274952000001,42.653931596315815,0.518124925607563,0.02361901104450226,0.7226322293281555,0.32028029057017543,0.16942953423419338,-0.21235521137714386,0.18589507043361664,-0.01233083490739789,0.07227965713183362,53.0,0.02965663108401201,139.54030482842128,4375.971730499537,0.017547723618318863,1.0123308349073978,0.32028029057017543,0.07962966873884264,0.1967147476205345,0.1264637002915194,707.4050774602995
108,77.24579934465578,28.51122888968739,41.675240299999984,44.078108360000016,42.91124606789476,0.5938067456204769,0.024438902735710144,0.7488427758216858,0.33856113366913376,0.16885344443349246,-0.26516279578208923,0.25218695402145386,-0.019418824848375822,0.0766435962629399,20.0,0.05354258738157212,667.610380285918,2957.1782789770186,0.011858336919297437,1.0194188248483758,0.33856113366913376,0.1437647615650327,0.13293517752032752,0.13943292794715062,500.00000000016115
109,77.25091511113493,28.51122888968739,42.07685765000002,45.45727943000003,43.89764642789475,0.7742633026372477,-0.023126734420657158,0.6979384422302246,0.26084438390899123,0.16753322328055298,-0.20521244406700134,0.26840925216674805,0.019184709515487938,0.07479483729342941,18.0,0.060557392690002654,838.9737743772333,4059.216967162388,0.016277531445209967,0.9808152904845121,0.26084438390899123,0.16259989565006824,0.182475548383213,0.17055015674332613,500.00000000016115
110,77.25603087761408,28.51122888968739,39.00405767000001,45.804208459999984,43.08248569526317,1.4191724152139156,0.039256200194358826,0.7454732060432434,0.38608848170230264,0.16724950182307086,-0.2453366219997406,0.1981142908334732,-0.008864533273797286,0.07763974381066371,7.0,0.006515918161207838,232.13001699082022,1027.616655954438,0.00412076086748647,1.0088645332737973,0.38608848170230264,0.017495594939173933,0.046194848499091855,0.0289752963631411,500.4217657301201
111,77.26114664409323,28.51122888968739,40.441335080000044,46.10841224000001,43.30938719631581,1.5412133926624885,0.07303047925233841,0.7458721995353699,0.4022179104989035,0.1547595659404386,-0.27785030007362366,0.2167721539735794,-0.00385699891207511,0.09509940918826192,5.0,0.00288264581589968,143.7722279401649,1898.200587643745,0.007611817748260568,1.0038569989120751,0.4022179104989035,0.007740060924696545,0.08533054428321542,0.03877625426810409,0.0
112,77.26626241057238,28.51122888968739,41.564154650000035,46.27931324000002,43.75392027421054,1.14734515203372,-0.009021049365401268,0.7202333807945251,0.23196327611019738,0.18605587130614765,-0.23227199912071228,0.2711525559425354,0.04870282089501096,0.08205304401710044,229.0,0.12020663326217695,130.90211799669493,5036.331215132852,0.020195776768277874,0.951297179104989,0.23196327611019738,0.3227613534309701,0.22640014262733446,0.2842168691095158,500.00000000016115
113,77.27137817705153,28.51122888968739,41.499212270000015,46.22975195000001,44.473783857894766,1.0582087288114075,-0.009577015414834023,0.7184076905250549,0.20666585286458333,0.1520772887337255,-0.24470247328281403,0.24170418083667755,0.06842272306743422,0.06843953244709662,260.0,0.16283636043524705,156.1822809309038,6233.99396485764,0.024998425463114683,0.9315772769325658,0.20666585286458333,0.43722449132423025,0.28023913886777235,0.37443035034164707,500.00000000016115
114,77.27649394353068,28.51122888968739,41.210389580000026,45.26074328000004,43.80041099000002,1.204652266584068,0.0966004729270935,0.7133821845054626,0.3394944327218192,0.12323566285685292,-0.18235346674919128,0.20835193991661072,0.07090986524309431,0.07688369474151296,0.0,0.0,0.0,1061.4680649166387,0.004256505612915063,0.9290901347569057,0.3394944327218192,0.0,0.0477165839628259,0.019086633585130363,707.4050774602995
115,77.28160971000983,28.51122888968739,42.522909260000006,51.92930030000002,47.33295229684212,2.458198600842943,0.014321571215987206,0.6598687767982483,0.20025714004248904,0.13517373147309128,-0.1542413830757141,0.31311628222465515,0.09231500993695176,0.062330347708711244,2.0,0.03337139670806456,4161.003779696135,1829.175181554319,0.0073350246555955925,0.9076849900630483,0.20025714004248904,0.08960401664261432,0.08222761853905475,0.08665345740119049,1118.7885298240978
116,77.28672547648898,28.51122888968739,44.74120424000003,52.51890874999998,49.9296210326316,1.3969398235076158,-0.02777286432683468,0.6805427074432373,0.09265562894051535,0.07865602839742819,-0.2016315758228302,0.3532958924770355,0.10281787537691886,0.08933910070470391,0.0,0.0,0.0,0.0,0.0,0.8971821246230811,0.09265562894051535,0.0,0.0,0.0,1582.3392469847363
117,77.29184124296813,28.51122888968739,43.82346587000001,49.40509253000002,46.13226430526318,1.547377160235837,-0.02586844004690647,0.6877869367599487,0.20789769222861842,0.16689412724767233,-0.220255509018898,0.36104556918144226,0.06179337350945724,0.09326617166426952,6.0,0.09171662828244742,3811.9794653567624,0.0,0.0,0.9382066264905428,0.20789769222861842,0.24626413928425347,0.0,0.14775848357055207,2061.6551466283177
118,77.29695700944728,28.51122888968739,42.66646610000001,45.65210657000003,44.56003330684212,0.6741515875395189,-0.00019916350720450282,0.688722550868988,0.1805527857730263,0.14573490641868175,-0.1997680515050888,0.29598960280418396,0.0322705292283443,0.066467577724845,101.0,0.15779019436923605,389.59408945275646,9133.986323735424,0.03662744583683972,0.9677294707716557,0.1805527857730263,0.42367526076262846,0.4106036156311996,0.41844660271005696,2000.0000000006446
120,77.10255788323957,28.515720445562348,36.954954680000014,42.61177778000001,39.0767130819737,0.9455076940815829,0.002515723230317235,0.7553516626358032,0.3399179130688048,0.1561686786974861,-0.30612245202064514,0.24957361817359924,0.01367472063031113,0.07493385944651122,48.0,0.07390122765585241,383.94068715274324,2413.817548567869,0.00967945083193709,0.9863252793696888,0.3399179130688048,0.19842881886883648,0.10850927270829083,0.16246100040461822,500.00000000016115
121,77.10767364971872,28.515720445562348,36.84899605999999,41.28558601999998,39.462881881052645,0.9843526899039583,0.0073111290112137794,0.7052546739578247,0.21620892441063597,0.16963217651447887,-0.22513256967067719,0.22279348969459534,0.04299285888671875,0.08118524863341917,13.0,0.021769047268495528,417.5897136239791,8297.71618803656,0.033273987881611455,0.9570071411132812,0.21620892441063597,0.05845107685495071,0.3730104411735089,0.184274822582374,500.00000000016115
122,77.11278941619787,28.515720445562348,38.872463900000014,43.53122516000002,40.743177727763175,0.8303065410032338,0.008857022039592266,0.6523618698120117,0.19570612321820174,0.13827067209433241,-0.17401130497455597,0.2301383912563324,0.053896527206688596,0.063630079697261,18.0,0.03899902985835457,540.300066167078,7483.95880654477,0.030010806466782086,0.9461034727933114,0.19570612321820174,0.10471451797608876,0.3364292912522705,0.19740042728656146,500.00000000016115
123,77.11790518267702,28.515720445562348,38.899808060000055,44.39256620000003,42.067525555921065,1.0161004903170465,0.011312699876725674,0.7064803242683411,0.28465139288651314,0.14929703259479826,-0.21331089735031128,0.3400628864765167,0.057078686095120616,0.08481588873769155,7.0,0.016396636798053782,584.131274266802,4829.144957419722,0.019364956230173355,0.9429213139048794,0.28465139288651314,0.04402586230922316,0.21708641874918025,0.113250084885206,707.390001935401
124,77.12302094915617,28.515720445562348,40.38322874000005,44.604483440000024,43.04659714664476,0.7943857300510911,0.11269974708557129,0.5227217674255371,0.24029446785910089,0.050809972833582594,-0.10785006731748581,0.3426949381828308,0.1726195860745614,0.03985036836354004,0.0,0.0,0.0,733.3616827753517,0.0029407932487118854,0.8273804139254386,0.24029446785910089,0.0,0.03296709102031962,0.013186836408127848,1118.7504008277197
125,77.12813671563532,28.515720445562348,39.73038692,44.24900936000006,42.46075526473686,0.8404023049467161,0.09507923573255539,0.59944748878479,0.27734820449561404,0.06500872688605175,-0.10752471536397934,0.2741173803806305,0.16150049042283443,0.04962373817365053,4.0,0.00661774765570737,412.5759741098746,625.8745091263324,0.002509767791540588,0.8384995095771656,0.27734820449561404,0.017769012674717498,0.028135178581434262,0.021915479037404203,1118.7504008277197
126,77.13325248211447,28.515720445562348,38.28456446000001,45.195800899999995,41.88027652605265,2.040934476823202,0.032736796885728836,0.7252053022384644,0.291349091111568,0.1648893285490732,-0.2116410732269287,0.23225627839565277,0.05211543032997533,0.09107455691881002,18.0,0.01815461935413264,251.51759092219203,3346.4477485522802,0.013419314340048852,0.9478845696700247,0.291349091111568,0.04874614116330686,0.1504341583592955,0.08942134804170232,707.390001935401
127,77.13836824859362,28.515720445562348,37.54969016000001,44.51219690000005,40.51835296486844,1.9314951535560771,0.06790945678949356,0.7328575253486633,0.36381887335526314,0.15703547787209135,-0.2530875504016876,0.20986567437648773,0.017071945458127742,0.07970860806880391,8.0,0.008880159381853457,276.8117339786595,2890.0001062787032,0.011588951265026045,0.9829280545418723,0.36381887335526314,0.023843711307665338,0.12991529117237588,0.06627234325354955,500.00000000016115
128,77.14348401507277,28.515720445562348,36.68151308000006,44.22166520000002,40.32951860335529,2.0071561104745266,-0.010035363025963306,0.7068929076194763,0.31684726648163375,0.1449032853794309,-0.24318049848079681,0.20965595543384552,0.025844654284025492,0.08027422710850961,21.0,0.0261649447984455,310.70929838592735,3428.4831569273474,0.013748277770742055,0.9741553457159745,0.31684726648163375,0.0702543010016247,0.1541219277619115,0.10380135170573943,500.00000000016115
129,77.14859978155192,28.515720445562348,36.052597400000025,44.53954106000003,39.89392343611844,2.08755261057619,0.023232823237776756,0.7549176812171936,0.3273809279057018,0.15611925150125722,-0.2608868181705475,0.18431635200977325,0.012960791336862664,0.08079237954739771,27.0,0.02384344949365555,220.22115910512736,2542.454428357217,0.010195286982781854,0.9870392086631373,0.3273809279057018,0.06402095974396375,0.11429193605734449,0.08412935026931605,500.00000000016115
130,77.15371554803107,28.515720445562348,36.20982632000005,40.478933299999994,38.13851156592108,0.9687205774010191,0.025512197986245155,0.7196474075317383,0.34702127021655704,0.15689619295266605,-0.25296443700790405,0.30206921696662903,-0.017621807968407347,0.06934011285549861,42.0,0.04138985325266536,245.75271156689374,3474.49192373627,0.013932773734999689,1.0176218079684074,0.34702127021655704,0.11113400892779965,0.1561901776292652,0.12915647640838587,500.00000000016115
131,77.15883131451022,28.515720445562348,36.29869484000005,41.22406166000002,37.51878181467107,0.988489515605956,0.0517776682972908,0.7344362139701843,0.3471960235060307,0.16013157848356135,-0.24528302252292633,0.2182433158159256,-0.037885876036526864,0.07136777734937366,134.0,0.14626355888684306,272.19808175893684,2901.4382761879483,0.011634818527574356,1.0378858760365268,0.3471960235060307,0.39272561707126646,0.1304294756428229,0.287807160499889,500.00000000016115
132,77.16394708098937,28.515720445562348,37.11560162000001,42.895473440000046,39.32870210907896,1.4338306026535683,0.012794150970876217,0.6660473346710205,0.22097947505482457,0.15295459953663826,-0.24583178758621216,0.2587980628013611,0.02276777568616365,0.07961269877851,64.0,0.10139230729164195,395.074277197805,7196.890178602125,0.028859656218822763,0.9772322243138364,0.22097947505482457,0.2722438640932827,0.32352458432696685,0.2927561521867563,500.4004544742196
133,77.16906284746852,28.515720445562348,35.529640340000014,39.805583360000014,37.87796624532896,0.8710830500369775,0.04094041511416435,0.8214030861854553,0.4198427648711623,0.1694027479262344,-0.49303457140922546,0.2053850293159485,-0.06687701308936403,0.08824337131054084,28.0,0.08749086961942032,779.2170093620776,3283.5097179370614,0.013166931730120273,1.0668770130893641,0.4198427648711623,0.23491774725631515,0.14760488075635428,0.19999260065633082,0.0
134,77.17417861394767,28.515720445562348,35.909040559999994,40.509695480000005,38.76014146644739,0.8536343149709271,-0.0020093771163374186,0.7690075635910034,0.266960235060307,0.17182328883680317,-0.3048538565635681,0.3419487178325653,0.035223391348855534,0.07865455246128208,77.0,0.04429162339710973,143.44472940034947,4520.858692421341,0.01812872288437479,0.9647766086511445,0.266960235060307,0.11892541971561965,0.20322790718902653,0.1526464147049824,500.00000000016115
135,77.17929438042682,28.515720445562348,34.449546020000014,39.50821561999999,37.649532323157906,1.335977544881757,-0.02305186726152897,0.775356650352478,0.23718355451311385,0.23435920576688454,-0.34618115425109863,0.4010016620159149,0.011585557120186942,0.10893216056745174,282.0,0.17127517989385949,151.46038143775428,9877.250993820162,0.03960795023886863,0.9884144428798131,0.23718355451311385,0.45988318091485186,0.4440158794655203,0.4535362603351192,500.4004544742196
136,77.18441014690598,28.515720445562348,33.80012222000005,36.60289862000002,35.33489190440791,0.5602475366630393,0.07199100404977798,0.8066703081130981,0.5847600140487939,0.14116412284394875,-0.3452250361442566,0.12793926894664764,-0.12736407363623903,0.08125218747509311,1.0,0.007633875661961206,1903.701290121588,1581.2483402272592,0.006340833660519533,1.127364073636239,0.5847600140487939,0.020497371681680858,0.07108246746778824,0.04073140999612381,0.0
137,77.18952591338513,28.515720445562348,33.08233802000001,39.15957758000002,35.5473938057237,1.4730992560085165,0.12110726535320282,0.8109903335571289,0.5958677271792763,0.15551288507818706,-0.32344332337379456,0.16198445856571198,-0.1432434296189693,0.10131097310727614,1.0,0.0021256823562776825,530.0930252504138,856.6072262024077,0.0034350100459032635,1.1432434296189693,0.5958677271792763,0.005707572832358797,0.03850739554322872,0.018827501916706766,0.0
138,77.19464167986428,28.515720445562348,33.70441765999999,39.24161006000003,36.77276521921055,1.3619454511387468,-0.004083673469722271,0.7757861018180847,0.47792780290570175,0.18881842144830108,-0.2873987555503845,0.3915857672691345,-0.05686010528029057,0.11511174234493693,33.0,0.03466847393291142,261.98384227267115,1975.118597240222,0.007920260319829946,1.0568601052802906,0.47792780290570175,0.09308673959420859,0.08878826928170794,0.09136735146920832,0.0
139,77.19975744634343,28.515720445562348,36.48326792,40.11662318000003,38.40602784835528,0.8588803235176576,-0.019253592938184738,0.7118186950683594,0.2517698910361842,0.20492570851802547,-0.23997028172016144,0.25285059213638306,0.011132440399705318,0.08599366563508683,361.0,0.22852463544614218,157.86270676884894,7958.2662002764355,0.03191278745932801,0.9888675596002947,0.2517698910361842,0.6136010852915565,0.3577510147456321,0.5112610570731868,500.00000000016115
140,77.20487321282258,28.515720445562348,37.78211552000005,40.48576934000005,39.19259970085528,0.6235437743002652,-0.029305722564458847,0.6457876563072205,0.15928276195860747,0.12594350185769873,-0.17687442898750305,0.26733848452568054,0.047925746984649124,0.061447296620501794,529.0,0.3033231207346605,142.9893084422006,10097.772475097005,0.04049224525804751,0.9520742530153509,0.15928276195860747,0.8144390897438865,0.45392906679987466,0.6702350805662818,500.4004544742196
141,77.20998897930173,28.515720445562348,35.73472154000001,39.35098670000002,37.92091636506581,0.65577385996339,0.06182532012462616,0.7647058963775635,0.42312221594024124,0.1283978731115623,-0.2881004214286804,0.25232043862342834,0.015362645199424343,0.09434504393079947,50.0,0.05698753633387001,284.22586702641667,2840.2315737868403,0.01138937857424067,0.9846373548005757,0.42312221594024124,0.15301463701840448,0.12767802710589538,0.14287999305340085,0.0
142,77.21510474578088,28.515720445562348,35.85093422,41.65131416000003,38.856408200789495,1.4111675874135345,0.04940497502684593,0.7582070827484131,0.37603806880482454,0.14298101530272403,-0.23232322931289673,0.2687869369983673,0.022908697295607183,0.08946196863437224,33.0,0.06182583231217199,467.207444209773,2036.3157485270906,0.008165661973027516,0.9770913027043928,0.37603806880482454,0.16600572507966313,0.0915392884637075,0.13621915043328087,500.4004544742196
143,77.22022051226003,28.515720445562348,38.05555712,44.41649233999999,41.462614720328965,1.2709846519274897,0.0592520646750927,0.6992546916007996,0.33640068188048244,0.13468560007264,-0.2096233069896698,0.17627401649951935,0.01808376379180373,0.06861513617974208,23.0,0.02743647660603571,297.477569626645,2381.5701135547088,0.00955013805026013,0.9819162362081962,0.33640068188048244,0.07366843311738937,0.10705964130509636,0.08702491639247217,500.00000000016115
144,77.22533627873918,28.515720445562348,38.50844477000004,44.41649233999999,42.00656337026318,1.1159417179814588,0.017341040074825287,0.6958810687065125,0.2924267578125,0.16671226127383199,-0.237483948469162,0.21171893179416656,0.004007909005148369,0.07873939450822126,46.0,0.06437687167694206,349.00026708258514,3880.545831606226,0.015561057048572855,0.9959920909948516,0.2924267578125,0.172855404632979,0.17444367580665215,0.17349071310244826,500.00000000016115
145,77.23045204521833,28.515720445562348,41.41547078000002,44.56004918000002,42.51683777710528,0.7323899256734887,-0.009309309534728527,0.6478163599967957,0.19793624074835525,0.15651315811302074,-0.25256410241127014,0.28194090723991394,0.0299786162794682,0.07685551478626557,42.0,0.04404347055722601,261.5085936686167,13097.75914414696,0.052522244574592494,0.9700213837205318,0.19793624074835525,0.11825911583300512,0.5887886264158511,0.3064709200661435,707.390001935401
146,77.23556781169748,28.515720445562348,40.92327590000002,43.39792238000001,41.808053988322385,0.5054592962775708,0.01656903699040413,0.6967026591300964,0.2527387438322368,0.16853701602126991,-0.22557659447193146,0.22662486135959625,0.0070842528761478896,0.0796824056336984,14.0,0.021628034352129295,385.25007968387206,15033.080135103588,0.060282915793133746,0.9929157471238521,0.2527387438322368,0.05807244949885177,0.6757878585286454,0.30515861311076925,1000.8009089484392
147,77.24068357817663,28.515720445562348,41.40179870000003,43.60471259000002,42.480487584144754,0.45246765323754756,0.054567500948905945,0.7411692142486572,0.36242161800986844,0.1659968885589673,-0.26234370470046997,0.22558775544166565,-0.03586696156284265,0.07367940070389985,6.0,0.012496686134277882,519.3944851763873,3199.372895763867,0.012829541593129988,1.0358669615628426,0.36242161800986844,0.03355428249374898,0.14382264568750378,0.07766162777125091,500.4004544742196
148,77.24579934465578,28.515720445562348,41.04632462000001,43.080046520000025,41.89764209148028,0.40961845737775765,0.03489856794476509,0.7561732530593872,0.44861508018092106,0.13838273240839158,-0.266573429107666,0.19488295912742615,-0.02996487533837034,0.07820320596111192,31.0,0.08427089256265763,677.9062254036535,1574.5845768397721,0.006314111852111473,1.0299648753383703,0.44861508018092106,0.2262719335881903,0.07078290873804689,0.16407632364813293,0.0
149,77.25091511113493,28.515720445562348,40.90960382000003,44.457508580000024,42.263730023059225,0.8807789561257191,0.029828261584043503,0.7365325093269348,0.4215831448739035,0.15006580393982824,-0.25770363211631775,0.2588449716567993,-0.023749266507332785,0.07557151705327127,29.0,0.10934789219353229,940.2993593780647,814.343050961701,0.003265529959706396,1.023749266507333,0.4215831448739035,0.29360504259554315,0.03660747774716092,0.19080601665619024,0.0
150,77.25603087761408,28.515720445562348,39.39371195000001,44.233628270000054,41.77355897069081,0.7465666393455423,0.019279351457953453,0.6938706636428833,0.3987793825383772,0.17463841076831804,-0.23534473776817322,0.20519545674324036,0.013301876135039747,0.0731021011580755,2.0,0.0006919520346543384,86.27793007145365,2077.6571933324,0.008331441893946414,0.9866981238649603,0.3987793825383772,0.0018579288775790075,0.093397726402066,0.038473847887373805,500.4004544742196
151,77.26114664409323,28.515720445562348,41.30267612,46.24513304000001,43.94017888516449,1.2371194775126817,0.006584460847079754,0.6636484861373901,0.3264125890899123,0.15568832654872447,-0.16277621686458588,0.20268429815769196,0.07176214920847039,0.05360469417885447,12.0,0.01980273441637272,411.5263413339691,2209.6902829637816,0.008860896906001468,0.9282378507915297,0.3264125890899123,0.05317141981609443,0.09933306088409012,0.07163607624329271,500.00000000016115
152,77.26626241057238,28.515720445562348,44.298570650000045,46.26051413000005,45.355559604539486,0.5047711654132212,-0.017722878605127335,0.5353784561157227,0.08626349733586897,0.07129285459956348,-0.06550391763448715,0.23835232853889465,0.08991738838061952,0.04099635622347216,441.0,0.20418905775403937,115.46426564528619,10815.226303448908,0.043369247730681584,0.9100826116193805,0.08626349733586897,0.5482587345470983,0.48618104589516004,0.5234276590863229,707.390001935401
153,77.27137817705153,28.515720445562348,41.15911928000003,46.85695862000003,45.077339522631604,1.1369914681420792,-0.0058878944255411625,0.6909473538398743,0.19142847964638157,0.15571653198296284,-0.23448137938976288,0.37848100066185,0.06934619568941885,0.07521358145111481,175.0,0.13094833873925174,186.60173037426594,8513.374060342405,0.03413877974325944,0.9306538043105812,0.19142847964638157,0.35160341733251704,0.3827049928149983,0.36404404752550956,1000.0000000003223
154,77.27649394353068,28.515720445562348,39.378330860000005,45.85035173000003,43.466235307500014,1.7117881640376216,0.15027830004692078,0.7601796388626099,0.3781032453264509,0.1443650076289598,-0.247136190533638,0.20159238576889038,0.04573395865304129,0.09647635021177996,0.0,0.0,0.0,0.0,0.0,0.9542660413469587,0.3781032453264509,0.0,0.0,0.0,1118.213134799735
155,77.28160971000983,28.515720445562348,39.86368970000004,49.38971144000004,44.15795960355265,1.8479592588444653,-0.01231742650270462,0.775469958782196,0.31390179550438596,0.2121049441188787,-0.2840844392776489,0.33414337038993835,0.007379027249520285,0.1022462545187767,75.0,0.1170665995912785,389.2471688748285,4821.847541080811,0.01933569346228331,0.9926209727504797,0.31390179550438596,0.31433019210539215,0.2167583751735361,0.2753014653326497,1414.780003870802
156,77.28672547648898,28.515720445562348,43.17746009000001,51.87973900999998,47.62361825730265,2.0826258842986443,0.0032858706545084715,0.6865511536598206,0.19852541204084428,0.16081741785598025,-0.23452423512935638,0.34930139780044556,0.06199450041118421,0.090043757071667,2.0,0.015773966955872857,1966.8201693316405,176.54978118881468,0.0007079677283066758,0.9380054995888157,0.19852541204084428,0.04235395988962349,0.007936510514215248,0.02858698013946019,1803.2200252197379
157,77.29184124296813,28.515720445562348,42.71431838000001,46.39552592000004,44.758507966250015,0.9033830763633135,0.019715366885066032,0.7142857313156128,0.29665936386376096,0.16001982969295506,-0.22552116215229034,0.35866984724998474,0.04209277504368832,0.08857795753493156,15.0,0.07766898608631476,1291.2492995025366,0.0,0.0,0.9579072249563116,0.29665936386376096,0.20854545534233812,0.0,0.12512727320540287,1581.2655105451
158,77.29695700944728,28.515720445562348,43.732888340000045,48.24296573000004,45.302844516480285,1.1738212986249486,0.004068979062139988,0.6747621297836304,0.24776290090460526,0.14291930157100466,-0.19614946842193604,0.23152075707912445,0.028751159132572642,0.06912714598660583,42.0,0.16261807496308348,965.5466190712485,4073.332688502131,0.016334135736096177,0.9712488408674274,0.24776290090460526,0.4366383829496935,0.18311009785744198,0.33522706891279286,1500.0000000004834
160,77.10255788323957,28.520212001437304,34.99301120000001,39.87736178,36.931663466315804,1.153101647437797,-0.005268703680485487,0.786537766456604,0.4596669407894737,0.16932269257549298,-0.2948773205280304,0.26044702529907227,-0.05967939410293312,0.08398407415807269,14.0,0.045549846754493584,811.3581570129692,0.0,0.0,1.0596793941029332,0.4596669407894737,0.12230381791817087,0.0,0.07338229075090252,0.0
161,77.10767364971872,28.520212001437304,34.476890180000055,40.28752417999999,37.01890234210528,1.5206528059870779,0.009552350267767906,0.8002157211303711,0.45826000548245616,0.17986652714077284,-0.34843847155570984,0.2133806347846985,-0.06472451193290844,0.09075511241465853,23.0,0.07115607345248931,771.5034294952064,838.9136710437072,0.0033640585784643013,1.0647245119329085,0.45826000548245616,0.19105793040778363,0.03771201032323406,0.12971956237396381,0.0
162,77.11278941619787,28.520212001437304,35.96372888000002,43.72263428000002,39.23065758105265,1.7745959316852353,0.032581452280282974,0.7102966904640198,0.41024696751644735,0.15108989039746984,-0.2414049506187439,0.2133806347846985,-0.012737663670590049,0.08428676225385415,17.0,0.03331890925517391,488.7599103788512,1545.7687414542709,0.006198559845307712,1.01273766367059,0.41024696751644735,0.0894630849745908,0.06948753935852701,0.08147286672816528,0.0
163,77.11790518267702,28.520212001437304,38.67763676000004,45.424808240000004,42.95630996315791,1.5916757206144427,0.06416584551334381,0.7016248106956482,0.2539066569010417,0.12362892398153952,-0.23462246358394623,0.3019755482673645,0.11522354929070723,0.08224912702859893,0.0,0.0,0.0,0.0,0.0,0.8847764507092928,0.2539066569010417,0.0,0.0,0.0,500.37914014317096
164,77.12302094915617,28.520212001437304,42.59468767999999,44.95312148000005,43.85916460210528,0.4397636958966655,0.09502262622117996,0.4370467960834503,0.1981271630002741,0.046577948075562876,0.06226086989045143,0.2766653001308441,0.1724951600191886,0.031264863969017585,0.0,0.0,0.0,0.0,0.0,0.8275048399808114,0.1981271630002741,0.0,0.0,0.0,1000.7582802863419
165,77.12813671563532,28.520212001437304,40.164475460000006,44.437000460000036,42.28576428105264,1.1213834380110004,0.14060963690280914,0.5033887624740601,0.282093077542489,0.055534468985181384,0.044512294232845306,0.2843163311481476,0.18953403405975877,0.033926736592771956,0.0,0.0,0.0,0.0,0.0,0.8104659659402412,0.282093077542489,0.0,0.0,0.0,1414.7498491119627
166,77.13325248211447,28.520212001437304,42.20161538000002,46.25196907999998,43.92495355052633,0.8992831548707416,0.06658990681171417,0.6420395374298096,0.2514775219298246,0.09314535234621968,-0.16439124941825867,0.25890985131263733,0.1313384153131853,0.0672502406925552,2.0,0.0014610134511685525,182.17045410718805,475.50165365836676,0.0019067699958605756,0.8686615846868146,0.2514775219298246,0.003922900642691826,0.021375409521184136,0.01090390419408875,1118.2035967975885
167,77.13836824859362,28.520212001437304,41.12835710000002,45.87598688000003,43.62778687052633,1.1904647562471744,0.059033989906311035,0.6273559331893921,0.24306655616091008,0.11027802256268812,-0.15362219512462616,0.26902052760124207,0.08599940249794408,0.063457159492178,2.0,0.0018505385206347236,230.7394516985729,1001.9911966958446,0.004018002325074461,0.914000597502056,0.24306655616091008,0.004968796656949078,0.045042897330033665,0.020998436926182914,1000.0000000003223
168,77.14348401507277,28.520212001437304,35.69370530000003,45.26416130000001,41.73091275578949,1.8224339306974469,0.001250938163138926,0.7447973489761353,0.35012963010553727,0.1545530700317646,-0.23576442897319794,0.24137930572032928,0.04638424521998355,0.08826224225352523,9.0,0.014674710407035298,406.61252511671603,1001.775513247247,0.004017137430651433,0.9536157547800165,0.35012963010553727,0.03940239622094611,0.04503320162865126,0.041654718384028164,1000.0000000003223
169,77.14859978155192,28.520212001437304,35.76890174000005,45.158202680000045,40.15164994842107,2.39392113903603,0.03535722941160202,0.8048548102378845,0.3431587942023026,0.166757309252867,-0.26376932859420776,0.222201868891716,0.02868938780667489,0.09081898849441308,22.0,0.030808445732583352,349.2213849572861,1070.7741592422572,0.004293823214867056,0.9713106121933252,0.3431587942023026,0.08272235376616284,0.04813492441595034,0.06888738202607783,1000.0000000003223
170,77.15371554803107,28.520212001437304,36.903684380000016,42.86129324000001,40.072030188421074,1.5406517804595643,-0.00486640352755785,0.7172983884811401,0.31519989549067984,0.16322311846401702,-0.23306900262832642,0.2597031891345978,0.01625412522700795,0.07331545592152705,27.0,0.021693495373477558,200.3639069699267,1264.6853318451183,0.005071410428153441,0.983745874772992,0.31519989549067984,0.05824821590436499,0.056851888265033367,0.05768968484863234,707.3749245559814
171,77.15883131451022,28.520212001437304,36.20640830000002,41.36761850000005,38.086975390526334,1.1706740953980992,0.018070444464683533,0.6983805894851685,0.3424058559484649,0.15253331461364855,-0.2962360084056854,0.2289825826883316,-0.0223594611987733,0.08450987593977999,133.0,0.11713479744396327,219.62815441212106,2830.257971779247,0.01134938425474163,1.0223594611987732,0.3424058559484649,0.31451330705201586,0.12722967992208772,0.23959985620004462,500.00000000016115
172,77.16394708098937,28.520212001437304,36.17906414000004,39.97306634000006,38.34388774210529,0.7402738070664112,-0.009483961388468742,0.7672250270843506,0.28189487390350876,0.21182740912307482,-0.2675791382789612,0.25256770849227905,-0.008439778110437226,0.09379784646270319,26.0,0.033967169401963176,325.79148660563493,5636.558897856374,0.022602700334782268,1.0084397781104373,0.28189487390350876,0.09120369875500267,0.25338240951422253,0.15607518305869061,707.3749245559814
173,77.16906284746852,28.520212001437304,36.47643188000001,39.53555978000003,38.37297794947371,0.7134011965687579,0.00021800740796606988,0.6960726976394653,0.20652168140076754,0.17605535622749044,-0.2601335048675537,0.21368840336799622,0.016594800447162827,0.07474958742543701,283.0,0.1829730968105341,161.23321919340592,7772.403950412233,0.03116747656781463,0.9834051995528372,0.20652168140076754,0.4912927245805004,0.34939587722968485,0.43453398564017415,500.00000000016115
174,77.17417861394767,28.520212001437304,37.39929728000004,39.25870015999999,38.335929998947385,0.3698260587397271,-0.010722611099481583,0.6094765067100525,0.07580476459703947,0.07817771483764394,-0.18181133270263672,0.2074337899684906,0.06591785631681743,0.045688248160317864,427.0,0.1842392199685637,107.59892525186193,10321.283447378326,0.04138852818874337,0.9340821436831825,0.07580476459703947,0.4946923341777896,0.46397664187818105,0.48240605725794616,707.3749245559814
175,77.17929438042682,28.520212001437304,36.343129100000056,39.06387302000002,38.27973902000002,0.45023248294671325,-0.02189101092517376,0.6630649566650391,0.10251905168805804,0.11867100159127687,-0.1716196984052658,0.3252720534801483,0.07121058327811106,0.06401103556714388,375.0,0.19647025585987873,130.65296357556187,9427.294307301108,0.037803616010605785,0.928789416721889,0.10251905168805804,0.5275333313092329,0.42378880272006253,0.48603551987356475,500.37914014317096
176,77.18441014690598,28.520212001437304,33.84455648000005,38.86220983999999,35.75415028526317,1.2567465972544087,0.023570403456687927,0.7849130630493164,0.5324425198739036,0.19157337475244315,-0.3647541105747223,0.25895172357559204,-0.11564162940309759,0.10159235711698705,60.0,0.04191569000557712,174.21241117309853,950.5109019128419,0.003811565437389496,1.1156416294030975,0.5324425198739036,0.11254590923186507,0.042728683752033,0.08461901903993224,0.0
177,77.18952591338513,28.520212001437304,33.73859786000003,40.16789348000003,36.141465920000016,1.4027956874937184,0.06373249739408493,0.7764565944671631,0.5298966043037281,0.1785043306191606,-0.29937541484832764,0.23168553411960602,-0.09299265008223684,0.10980273325033661,3.0,0.005774972626268034,480.0454939651151,2239.8710987900204,0.008981922508384362,1.092992650082237,0.5298966043037281,0.015506115846500154,0.10068979075664866,0.04957958581055956,0.0
178,77.19464167986428,28.520212001437304,32.98321543999998,37.75477136000001,34.187628332631604,0.9609766288225419,0.09472531825304031,0.7789708971977234,0.644353241502193,0.1233650226415923,-0.289040207862854,0.1285063475370407,-0.1497572085731908,0.0793241392608972,0.0,0.0,0.0,605.1958594758713,0.002426846042677984,1.1497572085731909,0.644353241502193,0.0,0.0272056032556221,0.010882241302248841,0.0
179,77.19975744634343,28.520212001437304,34.24104680000005,39.99357445999999,37.40416504842107,1.4382489510148637,-0.010936855338513851,0.7879709601402283,0.4066739480537281,0.21467202237713842,-0.28596505522727966,0.22563987970352173,-0.04728946083470395,0.0899647000342313,140.0,0.10760485704564401,191.67150872924688,2377.111445131594,0.009532258711449682,1.0472894608347039,0.4066739480537281,0.28892489834607277,0.10685920906110731,0.21609862263208657,0.0
180,77.20487321282258,28.520212001437304,36.59606258000002,40.02433664,38.29526296842107,0.853388250513752,-0.04485582187771797,0.7158454060554504,0.24702231959292764,0.18924062725383908,-0.25144508481025696,0.2210884392261505,-0.001528431407192297,0.0848791597743656,422.0,0.2599717707818645,153.62696950035843,6362.5328373604125,0.025513868603016205,1.0015284314071924,0.24702231959292764,0.6980383554074837,0.28601739645741275,0.5332299718274554,500.37914014317096
181,77.20998897930173,28.520212001437304,37.01306102000001,39.22451996000001,37.835502241052644,0.49468478900845053,0.026927189901471138,0.7442524433135986,0.3456265847724781,0.1770360823430804,-0.27497828006744385,0.2048412263393402,-0.03336172538891173,0.07637288311143156,222.0,0.20373340169127602,228.85635904148006,7767.4657934633515,0.031147674471581035,1.0333617253889118,0.3456265847724781,0.5470352732161768,0.34917389035277263,0.4678907200708151,500.00000000016115
182,77.21510474578088,28.520212001437304,36.71911130000001,41.77436288000001,38.450460124210544,1.2306462790381083,0.03436078876256943,0.7018211483955383,0.3183856308251096,0.16395245610663958,-0.25466078519821167,0.22200994193553925,-0.018457517121967516,0.07416807970869468,278.0,0.20058105414764396,179.92803443828507,9818.004751602975,0.039370371765359506,1.0184575171219674,0.3183856308251096,0.538571048472037,0.4413525602525581,0.4996836531842454,707.3749245559814
183,77.22022051226003,28.520212001437304,38.038467019999985,42.67672016000006,40.22161353736844,1.22858668282635,0.09579043090343475,0.7248945236206055,0.37077949390076753,0.12742049897270633,-0.24570848047733307,0.15812870860099792,-0.028926172089158445,0.06551958195890649,88.0,0.1138308831462411,322.5753337923095,3497.3876977445534,0.014024586191539252,1.0289261720891585,0.37077949390076753,0.3056421173230188,0.15721942020280033,0.24627303847493143,500.37914014317096
184,77.22533627873918,28.520212001437304,38.3084906,42.155472110000034,40.35441366736844,0.8832591172509261,0.04367151856422424,0.7418798208236694,0.42019218578673245,0.16027377266816809,-0.3191663324832916,0.23604466021060944,-0.06490260074013159,0.07531022558858833,59.0,0.13509756684221574,571.01726273771,8688.513095870105,0.0348410903566482,1.0649026007401317,0.42019218578673245,0.3627443206409525,0.3905780855345444,0.3738778265983893,0.0
185,77.23045204521833,28.520212001437304,41.111267,43.365451190000016,42.03211121789475,0.43154165716010784,0.021704180166125298,0.6960902810096741,0.22856460303591009,0.16475389585580627,-0.2452160120010376,0.20052875578403473,0.00852250483998081,0.07473805311102609,10.0,0.013124829171497453,327.3010372818426,19622.768760396313,0.07868764791913054,0.9914774951600192,0.22856460303591009,0.03524088073994593,0.8821099042787516,0.37398849015546826,500.37914014317096
186,77.23556781169748,28.520212001437304,39.66886255999998,43.097136620000015,41.1391455563158,0.8426932234461298,0.009610209614038467,0.699845552444458,0.24514247961211622,0.18197415240858497,-0.27358314394950867,0.37613213062286377,-0.0013293932195295368,0.08498990138237958,8.0,0.018844786338425696,587.4284186223916,17285.624171734264,0.06931565700519254,1.0013293932195295,0.24514247961211622,0.050599277083501454,0.7770473407555475,0.3411785025523199,1000.0000000003223
187,77.24068357817663,28.520212001437304,39.77140315999998,43.82517488000002,41.389280069473706,0.8497073346729368,0.009176963940262794,0.6678851246833801,0.24737972861842106,0.17216953049478456,-0.27133432030677795,0.30167001485824585,-0.008456265633566338,0.07765356642542479,11.0,0.0661324338509958,1499.255128967151,18336.544545690667,0.0735298661918095,1.0084562656335663,0.24737972861842106,0.17756918462957832,0.8242897702921094,0.43625741889459074,500.37914014317096
188,77.24579934465578,28.520212001437304,39.53726879000004,43.978985780000016,41.01940903526317,1.0552031951968484,0.05931771919131279,0.7373892068862915,0.46422478926809213,0.12750593767524976,-0.25823771953582764,0.18312138319015503,-0.014793591415672972,0.07460342993317537,0.0,0.0,0.0,1598.1167479016583,0.006408476272031033,1.014793591415673,0.46422478926809213,0.0,0.07184075951417011,0.028736303805668047,0.0
189,77.25091511113493,28.520212001437304,39.17666768000001,44.07469034000002,42.06279932315791,1.1519422143776221,0.08986540138721466,0.7003319263458252,0.4420544647752193,0.09384430495758368,-0.18454085290431976,0.16947732865810394,0.026939309103447093,0.06536335209334508,0.0,0.0,0.0,0.0,0.0,0.9730606908965529,0.4420544647752193,0.0,0.0,0.0,0.0
190,77.25603087761408,28.520212001437304,38.82802964000001,44.10032549000002,42.383257216842125,1.3470157275178856,-0.01698797568678856,0.7123532295227051,0.2272768469024123,0.22574875177610323,-0.2757178246974945,0.23099330067634583,0.013567907768383361,0.08719187421080019,7.0,0.007679370847914825,273.5780961795935,13028.278259547118,0.0522436250050883,0.9864320922316167,0.2272768469024123,0.020619528732373365,0.5856652253702622,0.2466378073875289,500.37914014317096
191,77.26114664409323,28.520212001437304,41.30780315000001,45.814462520000035,43.89858294421055,1.085286129312811,-0.002434483729302883,0.7077215909957886,0.24477723238760965,0.203299011635007,-0.23018337786197662,0.18691837787628174,0.030979622288754113,0.07574088423519355,1.0,0.00037941035924791755,94.61563462250511,7140.683558907842,0.02863426668510138,0.9690203777112459,0.24477723238760965,0.001018737466754426,0.32099790643947007,0.1290104050558407,707.3749245559814
192,77.26626241057238,28.520212001437304,41.93500982000003,46.29982136000001,44.87263398736844,1.223298219628471,0.02175755798816681,0.7212579846382141,0.21952992221765352,0.1762316982193105,-0.28182700276374817,0.262942373752594,0.04141671431692023,0.06912801770660275,0.0,0.0,0.0,11496.810388923393,0.046102411903381935,0.9585832856830798,0.21952992221765352,0.0,0.5168205585825467,0.2067282234330187,500.00000000016115
193,77.27137817705153,28.520212001437304,39.576576020000005,45.97681847000001,43.778830550000016,1.304596650243515,0.006585339549928904,0.7110328078269958,0.294424620511239,0.1738117979671854,-0.3157142996788025,0.3668341636657715,0.04137416371128015,0.06734074041477438,0.0,0.0,0.0,6425.58032856391,0.025766690151829336,0.9586258362887199,0.294424620511239,0.0,0.28885159468446303,0.11554063787378521,500.00000000016115
194,77.27649394353068,28.520212001437304,38.80752152000002,45.758065190000025,43.31484550500002,1.4950356482057547,0.02622484229505062,0.7502180933952332,0.33472584315708703,0.1712373957478384,-0.3145716190338135,0.32140490412712097,0.026069532121930805,0.09599404964722791,69.0,0.08857972500369299,320.1392765145646,4621.15829352587,0.01853092604920396,0.9739304678780691,0.33472584315708703,0.2378413832319766,0.20773671390279053,0.22579951550030217,707.3749245559814
195,77.28160971000983,28.520212001437304,42.82711304000003,45.82813460000003,44.25555968315791,0.5630935212031667,-0.016417307779192924,0.6593548655509949,0.2053452234100877,0.132250785897011,-0.25291943550109863,0.3580092489719391,0.041840675755550984,0.08039816662013174,220.0,0.34330037098945326,389.1394978309221,9711.959884171249,0.038945129981491584,0.958159324244449,0.2053452234100877,0.9217801827311857,0.43658548436221545,0.7277023033835975,1118.7122666538692
196,77.28672547648898,28.520212001437304,43.07662850000003,47.42605895000003,44.9085496526316,1.0943044252119176,0.0067025600001215935,0.7404397130012512,0.15027030007881031,0.1532597845658333,-0.2733476459980011,0.269311785697937,0.05179530093544408,0.07113035470909139,0.0,0.0,0.0,6403.602868880587,0.025678560151887204,0.948204699064556,0.15027030007881031,0.0,0.2878636334495188,0.11514545337980753,1414.7498491119627
197,77.29184124296813,28.520212001437304,43.538061200000044,46.44679622000001,44.997989606315805,0.5995493983228857,-0.008558262139558792,0.7080597281455994,0.2575905890213816,0.16436052308824506,-0.22797322273254395,0.2526814639568329,0.035979972973204495,0.07641887957767794,29.0,0.10455148583364408,899.054322669561,1154.922846126723,0.004631260929558257,0.9640200270267955,0.2575905890213816,0.28072643043987316,0.05191769284374991,0.18920293540142386,1118.2035967975885
198,77.29695700944728,28.520212001437304,43.67478199999999,49.00689320000001,46.091793043684234,1.5065346059934968,0.01047951728105545,0.6154754757881165,0.20613270542077852,0.111204779857068,-0.16490140557289124,0.32852646708488464,0.06705653140419408,0.06736554611639528,12.0,0.04827025031549288,1003.1180083486796,3796.788423358742,0.015225188368099052,0.9329434685958059,0.20613270542077852,0.12960824955724282,0.17067849667857013,0.14603634840577373,1000.0000000003223
200,77.10255788323957,28.52470355731226,35.05795358,41.870067440000014,38.057229092631594,1.859918615224038,0.001231527072377503,0.7823216319084167,0.36963417454769737,0.20249743585306568,-0.3847426772117615,0.29356449842453003,-0.02017113535027755,0.0945444371996276,18.0,0.03318177908065925,459.70675419201234,371.16377719432415,0.0014883732758012547,1.0201711353502776,0.36963417454769737,0.08909488299170984,0.01668506865521523,0.06013095725711199,500.00000000016115
201,77.10767364971872,28.52470355731226,34.49398028000002,37.888074140000015,35.66399074842107,0.6524634043948357,0.054054055362939835,0.7700865268707275,0.5082090786047149,0.14018733481650206,-0.30988219380378723,0.1823587715625763,-0.08889851352624725,0.06915300258148252,17.0,0.04446183940190606,652.2171681829581,1296.573215568234,0.005199281402832348,1.0888985135262472,0.5082090786047149,0.11938245895374432,0.05828535662019332,0.09494361802032392,0.0
202,77.11278941619787,28.52470355731226,34.94515892000004,42.12641894000001,37.50581675157896,1.656356284915582,0.027147876098752022,0.7829912304878235,0.40749777275219295,0.1658618777494905,-0.2977588176727295,0.19849835336208344,-0.028997510943496438,0.08640537078347188,17.0,0.027874254552181565,408.89148118454625,1993.3420679325097,0.007993336757880493,1.0289975109434963,0.40749777275219295,0.07484389073204603,0.08960747599938806,0.08074932483898284,0.0
203,77.11790518267702,28.52470355731226,36.70885724000004,45.814462520000006,40.81683050315792,2.3162118497299566,0.014925372786819935,0.7243560552597046,0.32410813716419956,0.1635722509175531,-0.262739896774292,0.27743270993232727,0.034691627903988484,0.09095543452447918,9.0,0.11948932498788227,3310.8562152287423,2082.581685476118,0.008351189194070924,0.9653083720960115,0.32410813716419956,0.3208353416697587,0.09361909899971307,0.22994884460174045,500.00000000016115
204,77.12302094915617,28.52470355731226,38.74941518000003,45.339357740000025,41.682986401052645,1.6182049706184054,0.04282115772366524,0.7001795172691345,0.2953163334361294,0.1251359112100625,-0.2480839043855667,0.43584907054901123,0.0825237394634046,0.08229322280331276,0.0,0.0,0.0,1364.4521969935547,0.0054714773124271655,0.9174762605365954,0.2953163334361294,0.0,0.06133674669356946,0.024534698677427788,707.3598453222925
205,77.12813671563532,28.52470355731226,40.42766300000005,43.049284339999986,41.96715825578949,0.5708191891926792,0.08440469205379486,0.6302409768104553,0.30663330078125,0.08540722802643679,-0.07937190681695938,0.34557923674583435,0.12474722878974781,0.053171280881997685,0.0,0.0,0.0,366.6745041221832,0.0014703712118098362,0.8752527712102522,0.30663330078125,0.0,0.016483260628616058,0.006593304251446424,1118.6741273029545
206,77.13325248211447,28.52470355731226,37.78895155999999,44.69335196000003,40.62498751684212,1.7154156565612364,0.007275132462382317,0.6734796762466431,0.21893905907346492,0.11068804599532392,-0.17049065232276917,0.24509069323539734,0.09352294921875,0.06734051502592382,62.0,0.033295469296061565,133.92053428622492,6806.95758533564,0.027296019660404333,0.90647705078125,0.21893905907346492,0.08940014740848355,0.3059957938325454,0.1760384059781083,1118.1940577443886
207,77.13836824859362,28.52470355731226,37.905164239999976,44.36522204000005,40.04718340526318,1.8011719478618609,-0.0034548945259302855,0.6746755242347717,0.24451803642406797,0.12929560679710103,-0.17377182841300964,0.22426313161849976,0.03257124516001919,0.059899852514294735,101.0,0.07366508714252329,181.88381517923258,10708.543651323851,0.04294144841897395,0.9674287548399808,0.24451803642406797,0.19779476873687946,0.48138529942312464,0.3112309810113775,707.3598453222925
208,77.14348401507277,28.52470355731226,34.88363456000002,44.72411413999998,39.48849057578949,2.1576722754871422,0.008559731766581535,0.7741739749908447,0.3330079624109101,0.17569919545729912,-0.2700119614601135,0.24934838712215424,0.016244003563596492,0.09366537279981868,42.0,0.09236175215242438,548.3989251656985,2321.9171504013602,0.009310928618642246,0.9837559964364035,0.3330079624109101,0.2479963319907096,0.10437803860877627,0.19054901463793628,500.00000000016115
209,77.14859978155192,28.52470355731226,34.60335692000001,41.33343830000001,38.02947223052633,0.9755680610012357,-0.010318142361938953,0.7776592969894409,0.35182212428042764,0.1856596526732676,-0.310392290353775,0.23777157068252563,-0.028516069378769188,0.08801071121352323,51.0,0.1513522310310715,740.0692732550815,396.4719349652146,0.00158985943366583,1.0285160693787692,0.35182212428042764,0.40638897876658514,0.017822756047924476,0.2509624896791209,707.3598453222925
210,77.15371554803107,28.52470355731226,37.180544000000054,40.738702820000015,38.87389248421054,0.9805402413503206,0.0029566045850515366,0.730719804763794,0.23186634799890352,0.1718685516022809,-0.2348969727754593,0.24657273292541504,0.023923219379625823,0.07830958622845136,66.0,0.08649031115450712,326.79638681912064,3584.2867423316056,0.01437305288900018,0.9760767806203742,0.23186634799890352,0.23223119331533712,0.16112582652285581,0.20378904659834463,500.35782273710515
211,77.15883131451022,28.52470355731226,35.92613066000001,39.24161006000003,36.967568549473704,0.6735438826029877,0.022039595991373062,0.7607545852661133,0.4049281284265351,0.17315579066869885,-0.3338257074356079,0.2527380883693695,-0.07257658305921053,0.07506154223477135,180.0,0.17433910967772573,241.53275821604987,3013.2191348166443,0.01208306173704564,1.0725765830592104,0.4049281284265351,0.4681099991612397,0.13545440376123202,0.3350477610012366,0.0
212,77.16394708098937,28.52470355731226,36.32945702000001,39.10830728000002,37.44673685789475,0.5613465820662383,0.07092350721359253,0.7378934621810913,0.377035704495614,0.16163951460667703,-0.2922891676425934,0.19558566808700562,-0.05559249610231634,0.07740515502584029,165.0,0.1193167902502836,180.33139398003254,3572.736086537016,0.014326734556072867,1.0555924961023164,0.377035704495614,0.3203720765078458,0.1606065854309521,0.2564658800770883,500.00000000016115
213,77.16906284746852,28.52470355731226,34.53841454000002,38.99551262,36.89927164210528,1.0331834293841216,0.03594806417822838,0.7520200610160828,0.3827966522752193,0.16365432294845036,-0.32040005922317505,0.29936304688453674,-0.009847290306760554,0.11288388595734777,33.0,0.043630901577744526,329.71140464036955,2306.8475687127475,0.009250499330977432,1.0098472903067606,0.3827966522752193,0.11715134566602402,0.10370060988181233,0.11177105135233933,500.00000000016115
214,77.17417861394767,28.52470355731226,34.610192960000006,38.57167814000002,37.182046658947385,0.9725992024919987,-0.009601396508514881,0.7621686458587646,0.26927314624451754,0.21823590759835954,-0.2733227610588074,0.2003975659608841,0.020332329733329907,0.09467941560544656,184.0,0.06675262267523731,90.46992551544348,5276.936227693337,0.02116060710119951,0.9796676702666701,0.26927314624451754,0.17923442538096315,0.2372161527016656,0.20242711630924415,500.00000000016115
215,77.17929438042682,28.52470355731226,35.20151041999998,38.53066190000004,37.11682914421054,0.9432961512965387,-0.015078744851052761,0.7370600700378418,0.3469588143484933,0.2187068312177932,-0.25873395800590515,0.22408883273601532,0.009161972318376814,0.09674995886322794,125.0,0.09297481358923343,185.48509870087776,3378.8844486163207,0.013549386077909259,0.9908380276816232,0.3469588143484933,0.2496424353188783,0.15189229786743447,0.21054238033830078,500.35782273710515
216,77.18441014690598,28.52470355731226,35.102387840000006,40.19181962000005,37.49431400315792,1.1804238526694635,0.02396751567721367,0.8026756048202515,0.42396158854166666,0.18832207551250008,-0.2963222861289978,0.26773133873939514,-0.058819622909813594,0.09648930712560308,83.0,0.06412671027294407,192.67021890897195,3491.625481518038,0.014001479603106071,1.0588196229098137,0.42396158854166666,0.1721837076463869,0.15696038907085,0.16609438021617212,0.0
217,77.18952591338513,28.52470355731226,34.282063040000025,40.30461428000001,36.885144531578966,1.4377313262618896,-0.00967367459088564,0.7657430768013,0.40315695243969296,0.22114203520534087,-0.2877741754055023,0.23955515027046204,-0.0672729706345943,0.0979457655477121,134.0,0.07066559450314096,131.50944375003925,6289.406583217713,0.02522063103751837,1.0672729706345943,0.40315695243969296,0.1897409677308921,0.282730123706573,0.22693663012116447,0.0
218,77.19464167986428,28.52470355731226,34.55208662000001,40.28752417999999,38.24155878421055,1.0131408368190626,-0.021972885355353355,0.7523027658462524,0.1950746342173794,0.1783362199388364,-0.27106061577796936,0.24549709260463715,0.023433725457442434,0.07645438210813657,407.0,0.16753099772172128,102.64894446342537,8260.723724858972,0.03312564745352394,0.9765662745425576,0.1950746342173794,0.4498298479782602,0.37134750468625455,0.41843691066145794,500.00000000016115
219,77.19975744634343,28.52470355731226,34.40511176000001,38.7015629,35.796182407368434,0.8932488161009611,0.06766655296087265,0.8363058567047119,0.6459665398848684,0.1387495946810713,-0.3390165865421295,0.10785159468650818,-0.1554001978824013,0.07866671619129555,13.0,0.009597172873204999,184.09995726002523,589.0443393451508,0.0023620781628276165,1.1554001978824013,0.6459665398848684,0.025768931560628754,0.02647953773192184,0.02605317402914599,0.0
220,77.20487321282258,28.52470355731226,36.281604740000034,38.626366459999986,37.36830229368422,0.4509631184846158,0.037430573254823685,0.7404648661613464,0.34359910396107457,0.18139354419875806,-0.2718706429004669,0.2701045870780945,-0.04277967486465186,0.08493692670809032,222.0,0.14550838066360225,163.4514416008971,4060.786934441274,0.016283827041616062,1.0427796748646518,0.34359910396107457,0.39069792243578666,0.1825461237287725,0.307437202952981,500.35782273710515
221,77.20998897930173,28.52470355731226,34.56575870000006,39.162995600000045,37.34670421684212,0.9719919244741431,0.02154875546693802,0.7648153305053711,0.46343702885142546,0.18865153743487986,-0.2853846251964569,0.1978544443845749,-0.08016518576103344,0.0867833886945582,119.0,0.08540101274567517,178.96569103562913,3219.0549539240064,0.012908466992585065,1.0801651857610335,0.46343702885142546,0.22930636779461916,0.14470742085107244,0.19546678901720047,0.0
222,77.21510474578088,28.52470355731226,36.661004960000014,40.2738521,38.02552510526318,0.714477138175523,0.013661202043294907,0.7116546630859375,0.3378572162828947,0.17453470839184548,-0.267233669757843,0.24907276034355164,-0.034681921172560304,0.08232026505575252,161.0,0.1669822526247236,258.6414710129655,8645.674615501144,0.03466930729678427,1.0346819211725604,0.3378572162828947,0.4483564375233705,0.3886523507781946,0.42447480282530015,500.35782273710515
223,77.22022051226003,28.52470355731226,36.87975824,41.43939692000001,38.52965660000002,1.1063230339929093,0.03746512532234192,0.7326661944389343,0.3872061746162281,0.14763854221502015,-0.2799817621707916,0.2307843118906021,-0.058189011958607456,0.07174502795810646,83.0,0.14647378492245006,440.0839538675198,9297.704398074618,0.03728395819495306,1.0581890119586075,0.3872061746162281,0.39329008541995525,0.4179632974705698,0.4031593702402011,500.35782273710515
224,77.22533627873918,28.52470355731226,38.306781590000014,41.41205276000005,40.16859189894739,0.6688767932492209,0.07233035564422607,0.7546427845954895,0.43976656729714914,0.1522843948924601,-0.2579782009124756,0.18892508745193481,-0.07345821982935856,0.070785353746567,80.0,0.10808271598250938,336.91471895628104,11781.683335179283,0.04724475742915248,1.0734582198293585,0.43976656729714914,0.2902079756025113,0.5296265621808032,0.3859754102338281,0.0
225,77.23045204521833,28.52470355731226,39.867107720000035,42.64766699000003,41.452957887894755,0.616994047624593,0.013068245723843575,0.7302476167678833,0.3185310015762061,0.18992813667448763,-0.28309693932533264,0.20909211039543152,-0.03224420915570175,0.08663905182508821,50.0,0.09463403181881364,471.98811309064376,13847.29216987731,0.055527885193028814,1.0322442091557018,0.3185310015762061,0.2540975265803449,0.6224826740629482,0.4014515855733862,500.35782273710515
226,77.23556781169748,28.52470355731226,38.496481700000004,43.92087944000002,40.85257156368423,1.0340609424627119,0.027088357135653496,0.791247546672821,0.28318314401726974,0.19828080024662798,-0.29404059052467346,0.20346547663211823,-0.0251623749314693,0.0923297454315117,20.0,0.022253458465607046,277.47332722314513,18653.905046478372,0.07480248738275083,1.0251623749314693,0.28318314401726974,0.059751747286804706,0.8385561994790396,0.3712735281636987,500.00000000016115
227,77.24068357817663,28.52470355731226,38.78701339999998,43.36374218000003,40.663061931578966,0.7263635299509295,0.030897395685315132,0.7635670304298401,0.32732764528508773,0.18971064932777398,-0.262224018573761,0.15877485275268555,-0.02193692123680784,0.07321349729467651,6.0,0.008222210896558382,341.73627710114505,13841.017388270691,0.05550272320840473,1.021936921236808,0.32732764528508773,0.02207708381100693,0.6222006013814642,0.2621264908391898,500.00000000016115
228,77.24579934465578,28.52470355731226,38.20082297000002,42.60835976000004,40.3196249963158,1.0452214147171088,0.08424580842256546,0.7528899312019348,0.4788671875,0.09867553417485622,-0.27731457352638245,0.23451796174049377,0.0028434552644428456,0.07611474225219929,2.0,0.0014614167530045943,182.22074089856235,0.0,0.0,0.9971565447355571,0.4788671875,0.0039239835300742395,0.0,0.002354390118044544,0.0
229,77.25091511113493,28.52470355731226,38.68447280000001,42.58101560000006,40.53162160210528,0.6879130479674009,0.03690854832530022,0.7215083837509155,0.3979403954221491,0.1655294205456706,-0.2977468967437744,0.19462677836418152,-0.03865287111516585,0.08444636304696437,50.0,0.12165104945570601,606.7357396124421,2141.678760034848,0.008588169502645586,1.038652871115166,0.3979403954221491,0.3266396895334732,0.09627571262130184,0.23449409876860466,500.00000000016115
230,77.25603087761408,28.52470355731226,39.887615839999995,44.28660758000001,42.13960953421054,1.0058144039896442,-0.024017957970499992,0.7058575749397278,0.24948882521244517,0.19688985675069565,-0.2584049105644226,0.20642589032649994,-0.008190130936472039,0.0865219008161247,22.0,0.03384175876966587,383.60474168399776,13396.27920360938,0.053719315264391644,1.008190130936472,0.24948882521244517,0.09086696438089682,0.6022081139659028,0.29540342421489924,707.3598453222925
231,77.26114664409323,28.52470355731226,41.157410270000014,44.64891770000003,43.19530681052633,0.7901621692043106,-0.015119400806725025,0.6765138506889343,0.18072047183388157,0.1664809589332713,-0.2472389042377472,0.2103896141052246,0.02802575897752193,0.0754351379488055,57.0,0.07487244023876566,327.5675363587578,11377.450452899564,0.045623776460230366,0.9719742410224781,0.18072047183388157,0.2010365775192811,0.5114549252702286,0.3252039166196601,500.35782273710515
232,77.26626241057238,28.52470355731226,38.57680517000003,44.77538444000004,41.712166556315815,1.388586801900377,0.06422924995422363,0.757905900478363,0.44405941611842104,0.16258557737113816,-0.30530843138694763,0.2013559341430664,-0.043590237801535085,0.09387022539054656,12.0,0.04662077228748612,968.8397292128869,2286.459831306146,0.009168744145330228,1.0435902378015351,0.44405941611842104,0.12517931126718237,0.10278411204647657,0.11622123157890005,0.0
233,77.27137817705153,28.52470355731226,37.616341550000016,43.914043400000025,41.24782906842107,1.6006775871838692,0.06153474748134613,0.8064516186714172,0.5037464021381579,0.17088983443943223,-0.3260331451892853,0.17185798287391663,-0.06091044108072917,0.11472502023148257,0.0,0.0,0.0,838.4683634237335,0.0033622728870746684,1.060910441080729,0.5037464021381579,0.0,0.037691992237772934,0.015076796895109174,0.0
234,77.27649394353068,28.52470355731226,40.96600115000001,45.653815580000014,44.41672132500002,0.96825461588021,0.0029579068068414927,0.7717331647872925,0.21192439488002232,0.15870264563766856,-0.29994186758995056,0.2710329294204712,0.04426739283970424,0.07806485865274898,106.0,0.1432201443869621,336.93952878048196,7543.33114032915,0.030248890569693772,0.9557326071602957,0.21192439488002232,0.38455388347907293,0.33909827870816145,0.36637164157070834,500.35782273710515
235,77.28160971000983,28.52470355731226,41.25824186000003,47.23806784999999,44.31783008157896,1.3599289003395703,0.015662651509046555,0.7799262404441833,0.27734310752467106,0.1806806667493047,-0.28970807790756226,0.3025449514389038,0.011359706677888569,0.09915534104899221,70.0,0.11764642368808872,419.11616527367534,8648.475994607143,0.03468054087627921,0.9886402933221115,0.27734310752467106,0.31588705136647954,0.3887782822553075,0.34504354372201074,1000.7156454742103
236,77.28672547648898,28.52470355731226,42.71431838000004,47.97977818999999,44.772019330526334,1.0763860579402225,0.000657846627291292,0.6725073456764221,0.25014712685032897,0.16776992028609963,-0.20629775524139404,0.2851724326610565,0.023574133086622807,0.07863063028712622,16.0,0.027852669033185038,434.1107675817668,2478.1657801389515,0.009937488372505944,0.9764258669133772,0.25014712685032897,0.07478593243859118,0.11140194361955565,0.08943233691097696,1118.6741273029545
237,77.29184124296813,28.52470355731226,41.27362295000003,45.927257180000026,44.266147079473704,1.0287420614469693,-0.0010962138185277581,0.775844395160675,0.27712931315104167,0.19680424778985306,-0.2664233446121216,0.29569727182388306,0.015458987051980537,0.08665147582199821,30.0,0.14191608477183815,1179.6796526101878,2639.7918922776716,0.010585611925395056,0.9845410129480194,0.27712931315104167,0.3810524124295172,0.1186675846740117,0.27609848132731496,707.3598453222925
238,77.29695700944728,28.52470355731226,41.48041316000001,49.21539242,44.89559186473686,2.0973327015748926,0.06008836627006531,0.755959153175354,0.3782041957922149,0.17216826140526273,-0.26364633440971375,0.22853553295135498,0.005462908828467654,0.08897552956251227,1.0,0.0033780696380412943,842.4076855356644,248.84354466765353,0.0009978669915978403,0.9945370911715323,0.3782041957922149,0.009070300854198717,0.011186359990654845,0.009916724508781168,500.00000000016115
240,77.10255788323957,28.529195113187217,36.40807147999999,41.77778090000004,39.35787895743423,1.3265744023415984,0.004201680887490511,0.7318224906921387,0.3215259859854715,0.1792530703858476,-0.25579819083213806,0.2707906663417816,0.005912381891618695,0.08092048678584846,16.0,0.04447769992390064,693.2279427594965,3450.4203209064444,0.013836246184201387,0.9940876181083813,0.3215259859854715,0.11942504531862425,0.1551080775684976,0.1336982582185736,707.3447642345865
241,77.10767364971872,28.529195113187217,35.20834646000003,41.55219158,37.28970701375002,1.6155896549266358,-0.01211305521428585,0.7698397636413574,0.38317699766995617,0.18042522952335902,-0.3022426962852478,0.2936555743217468,-0.03564470257675439,0.0895725682881223,23.0,0.05654958638113833,613.1338860162662,3800.8215884536426,0.015241361431078206,1.0356447025767543,0.38317699766995617,0.15183871755670214,0.17085980110707583,0.1594471509768516,500.00000000016115
242,77.11278941619787,28.529195113187217,35.09555180000001,40.45500716000004,36.963567190921076,1.5359650203713224,0.043606799095869064,0.7150395512580872,0.4322872978344298,0.13960530601942794,-0.2652454078197479,0.22837001085281372,-0.041661949826959976,0.07469623468318624,20.0,0.044692819697483524,557.2646338820031,3464.4452656094854,0.01389248645917754,1.04166194982696,0.4322872978344298,0.12000265362015566,0.15573854632551026,0.1342970107022975,0.0
243,77.11790518267702,28.529195113187217,35.19809240000001,43.11080870000001,37.52573028953949,1.6929502729488157,0.042333584278821945,0.7505003213882446,0.4457801363760965,0.16405476314782308,-0.2556704878807068,0.38455381989479065,-0.03521167152806332,0.09369658651552294,18.0,0.028228820756925743,391.087516232617,800.7317803042461,0.0032109485249301054,1.0352116715280633,0.4457801363760965,0.07579592029163376,0.03599560503932001,0.059875794190708265,0.0
244,77.12302094915617,28.529195113187217,37.659066800000005,44.26951747999999,40.691019192302655,1.3846096658197822,0.05281941592693329,0.7436399459838867,0.34654842979029604,0.1376418860146123,-0.23152709007263184,0.2602662146091461,0.04005451403166119,0.08273261684523237,10.0,0.013077389789458976,326.1180154880868,2241.3690095410952,0.008987929156846364,0.9599454859683388,0.34654842979029604,0.035113503416938543,0.10075712691727833,0.061370952817074456,500.33650225615315
245,77.12813671563532,28.529195113187217,39.01260272000002,42.61177778000001,41.16615770276317,0.7295313455766312,-0.008857022039592266,0.7022853493690491,0.30803912246436405,0.12565004153162337,-0.1867469847202301,0.40133780241012573,0.046536779570997805,0.06538464601645269,0.0,0.0,0.0,4731.364314651879,0.018972854132586037,0.9534632204290022,0.30803912246436405,0.0,0.21269084774258826,0.08507633909703531,1000.6730045123063
246,77.13325248211447,28.529195113187217,37.13610974000005,42.314410039999984,40.2526693707895,1.225500982393405,0.02208589017391205,0.6796875,0.2993846585457785,0.12075108849601465,-0.18131868541240692,0.23229393362998962,0.06557395533511513,0.06934907046395372,28.0,0.014354097474191111,127.84141881986996,3576.8612559885173,0.014343276558140465,0.9344260446648849,0.2993846585457785,0.03854153304456412,0.16079202576684096,0.08744173013347487,707.3447642345865
247,77.13836824859362,28.529195113187217,37.05749528000001,42.52632728000003,39.30222369756581,1.15578153404857,0.02484169416129589,0.7468428611755371,0.2781844932154605,0.15655374220921134,-0.22412018477916718,0.23701298236846924,0.018892636215477657,0.07609977285312437,21.0,0.024823442067301985,294.7789237725947,4390.212508279625,0.017604829387730756,0.9811073637845223,0.2781844932154605,0.06665229314744198,0.19735491880523506,0.11893334341055922,500.00000000016115
248,77.14348401507277,28.529195113187217,36.41832554000001,41.654732179999996,37.734341944407916,0.9679247794034579,0.055694933980703354,0.7643709182739258,0.41883947539747807,0.17099736930195206,-0.2815728783607483,0.22375553846359253,-0.028992312247293036,0.08156122308633765,52.0,0.12774462125600305,612.622582299449,1217.8052382035235,0.004883420427969023,1.028992312247293,0.41883947539747807,0.34300126150432314,0.05474446930598067,0.22769854462498615,0.0
249,77.14859978155192,28.529195113187217,36.78063566000003,41.18646344000001,38.33084265184212,0.6335465152176912,0.014763014391064644,0.725651204586029,0.3063460286458333,0.17950446287385136,-0.27535146474838257,0.29121556878089905,-0.025972632692571274,0.08309735857789109,89.0,0.12091953825794476,338.8131015258322,5690.673502614096,0.022819700851806783,1.0259726326925713,0.3063460286458333,0.3246755421496564,0.25581504424613954,0.29713134298824967,500.33650225615315
250,77.15371554803107,28.529195113187217,35.91245858000002,40.39690082000004,38.09174990414475,1.0655225906230574,0.00015915963740553707,0.7390826940536499,0.28589655290570176,0.18761651126864104,-0.26475581526756287,0.27157682180404663,-0.00901129404703776,0.09213157553517154,90.0,0.10645471760112545,294.96882959699565,3287.625505491556,0.013183436110615836,1.0090112940470377,0.28589655290570176,0.28583671133281946,0.1477898993442028,0.2306179865373728,707.3447642345865
251,77.15883131451022,28.529195113187217,35.34506726000001,38.97158648000004,37.12179678125002,0.8378128779279141,0.007470651064068079,0.7759110331535339,0.36544450726425437,0.18347917544996808,-0.34054458141326904,0.30095404386520386,-0.02354787458453262,0.08944516464991639,128.0,0.08334317825389254,162.37299844314055,3085.9862317496472,0.012374859075814553,1.0235478745845326,0.36544450726425437,0.22378097017154402,0.13872553117928338,0.18975879457463976,500.00000000016115
252,77.16394708098937,28.529195113187217,36.08335957999998,39.019438760000014,37.18042032164475,0.5169289730834815,0.03627742826938629,0.736055314540863,0.400305389939693,0.1301973589771902,-0.278201699256897,0.17249968647956848,0.012799066911663926,0.08815453739360461,62.0,0.07753865048922781,311.8747902009161,14.958183692201194,5.998257973956962e-05,0.9872009330883361,0.400305389939693,0.20819549716969496,0.0006724210097986748,0.12518626670573643,0.0
253,77.16906284746852,28.529195113187217,33.16437050000002,39.309970460000045,36.65107696111844,1.6447280274103186,0.04810851812362671,0.7764151096343994,0.43387622498629386,0.1725632997982927,-0.40015679597854614,0.2935323417186737,-0.056260477701822915,0.0909598075992248,19.0,0.04112890004698714,539.8178188893213,1039.5054765410448,0.004168435247178529,1.056260477701823,0.43387622498629386,0.11043333536627371,0.046729291243522736,0.08495171771717332,0.0
254,77.17417861394767,28.529195113187217,32.34062768000001,36.68834912,34.31283646348686,1.1215119457007645,0.15545576810836792,0.851887047290802,0.573637052837171,0.1452379389921956,-0.46043217182159424,0.1629568636417389,-0.09894757187157346,0.1343980383489263,0.0,0.0,0.0,0.0,0.0,1.0989475718715735,0.573637052837171,0.0,0.0,0.0,0.0
255,77.17929438042682,28.529195113187217,35.42026370000002,40.06193486000001,36.950580963618435,1.0086362167204237,0.08235964924097061,0.698401153087616,0.39122445242745535,0.1263336643638668,-0.172902911901474,0.2982456088066101,0.053079348972865516,0.08089150306767955,0.0,0.0,0.0,0.0,0.0,0.9469206510271345,0.39122445242745535,0.0,0.0,0.0,500.00000000016115
256,77.18441014690598,28.529195113187217,34.083817880000026,40.05509882000001,36.571428100328966,1.4771127544719815,0.032789457589387894,0.7936882972717285,0.49789602179276315,0.16719559047698374,-0.30336397886276245,0.21132123470306396,-0.03815727903131853,0.11878675176025671,22.0,0.01482844589111367,168.0841174464751,0.0,0.0,1.0381572790313185,0.49789602179276315,0.039815184363870604,0.0,0.02388911061832236,0.0
257,77.18952591338513,28.529195113187217,33.8821547,38.62978448000001,36.280626556644755,1.1656744278086455,-0.0055063702166080475,0.7879112362861633,0.48960410670230264,0.177578795629865,-0.3144052028656006,0.21161657571792603,-0.09961820903577302,0.0827266817589513,72.0,0.08098592802962964,280.49865876110584,2417.2358984984435,0.0096931584752919,1.0996182090357731,0.48960410670230264,0.2174516250088762,0.10866293911321408,0.17393615065061133,0.0
258,77.19464167986428,28.529195113187217,34.480308200000024,38.479391599999985,35.89652655914475,0.9439456664991561,-0.00803382694721222,0.7908563017845154,0.524363007127193,0.20337995076992127,-0.3179229497909546,0.19082404673099518,-0.11093578673245615,0.09342770455879473,79.0,0.03860405986681146,121.85956159306109,2886.1298022478554,0.01157343127777868,1.110935786732456,0.524363007127193,0.10365400204967536,0.1297413079001951,0.11408892438988326,0.0
259,77.19975744634343,28.529195113187217,34.367513540000004,39.26895422000001,36.29818888309212,1.0089393651465879,0.05816363915801048,0.8120817542076111,0.5520868027001097,0.17612725905594748,-0.30078965425491333,0.23391328752040863,-0.10456005431058114,0.08477624253344189,54.0,0.08416326461465101,388.6713558883711,2819.8762263756985,0.01130775327304504,1.1045600543105811,0.5520868027001097,0.22598294668935712,0.12676298531053762,0.1862949621378293,0.0
260,77.20487321282258,28.529195113187217,36.43883366,39.10830728000002,37.6728962888158,0.5113375474864479,-0.008388826623558998,0.71281898021698,0.307155333401864,0.1790664115160656,-0.2714638113975525,0.23146623373031616,-0.027653072424102247,0.07998467572342376,289.0,0.18829812264657333,162.4807329541785,5467.375613062862,0.021924272386606977,1.0276530724241022,0.307155333401864,0.5055907088036031,0.24577704795811176,0.4016652444654066,500.00000000016115
261,77.20998897930173,28.529195113187217,34.8221102,40.492605379999986,37.94080609328949,1.0114226707905751,0.006221315823495388,0.7389787435531616,0.24110878392269736,0.181748833944372,-0.2409537136554718,0.22080650925636292,0.007794710125839501,0.08012319704982641,390.0,0.2017958009933682,129.03313239205727,10041.41692937173,0.040266258528322045,0.9922052898741605,0.24110878392269736,0.541832709874256,0.45139569418297715,0.5056579035977444,500.00000000016115
262,77.21510474578088,28.529195113187217,38.41786724000002,40.673760440000024,39.63241117565791,0.5201591246276255,-0.008784648030996323,0.6240506172180176,0.1788977693256579,0.14929047307783053,-0.20982800424098969,0.32915085554122925,0.03480910451788651,0.07765735533189133,53.0,0.15499005147742614,729.258794340674,7312.353840632382,0.029322667534719595,0.9651908954821135,0.1788977693256579,0.41615672467993586,0.3287150669293378,0.38118006157969664,707.3447642345865
263,77.22022051226003,28.529195113187217,37.09167548000005,40.45158914000001,38.65131013555923,0.6464694017680819,-0.045896291732788086,0.702438473701477,0.2533751798930921,0.19561990268404264,-0.28260868787765503,0.37460675835609436,-0.014465768379077577,0.10108541249186642,40.0,0.2475454349130777,1543.2939462059135,3709.3200697815882,0.014874438731572933,1.0144657683790776,0.2533751798930921,0.6646729672059042,0.16674649799156094,0.46550237952016693,707.3447642345865
264,77.22533627873918,28.529195113187217,37.37195312000006,42.94674373999999,40.38512326753292,1.065069620548715,0.009293156675994396,0.7202887535095215,0.34233239960252193,0.16724995245492716,-0.24562513828277588,0.31071117520332336,-0.031479792009320176,0.07917018254285446,92.0,0.12919954699798386,350.2086637225924,8136.256308529153,0.03262653092449816,1.0314797920093202,0.34233239960252193,0.3469078163164779,0.36575227283874323,0.354445598925384,500.00000000016115
265,77.23045204521833,28.529195113187217,37.27795757000001,43.86960914000002,41.34714411046054,0.9466634483418542,0.009293156675994396,0.7499274611473083,0.36516670093201753,0.1703806217831121,-0.2721712589263916,0.2600908875465393,-0.049445479543585524,0.08059850444138994,123.0,0.113015601677609,229.13266811934713,9461.029292543073,0.03793889389486819,1.0494454795435855,0.36516670093201753,0.30345304220210634,0.4253053045433268,0.35219394713859453,500.00000000016115
266,77.23556781169748,28.529195113187217,35.57065657999999,43.73972438000001,38.0649229445395,1.9499966047949415,0.02377210184931755,0.801522433757782,0.5845049941748903,0.2051177702477815,-0.3056780993938446,0.23848547041416168,-0.1333453369140625,0.10083881890317756,1.0,0.035151283350556325,8765.867617850603,676.2288993978236,0.0027116897823282714,1.1333453369140625,0.5845049941748903,0.0943831091610062,0.030398778938996795,0.06878937707220244,0.0
267,77.24068357817663,28.529195113187217,36.411489500000016,40.164475460000006,38.432146468289496,0.8057203273256284,0.04992051050066948,0.8046841621398926,0.5712259285910087,0.1419230995099132,-0.3056786060333252,0.1763184368610382,-0.10258521364446271,0.08369180020242036,16.0,0.04337384748478745,676.0233355791399,927.20232269811,0.003718097624710296,1.1025852136444627,0.5712259285910087,0.11646114143439198,0.041680884186587504,0.08654903853527018,0.0
268,77.24579934465578,28.529195113187217,38.41274021000004,42.55196243000003,40.85830541128291,1.1497546604591955,0.006118995137512684,0.7486579418182373,0.3243336674205044,0.19506439729948535,-0.32208651304244995,0.2418641597032547,-0.028649385686506306,0.08985191846931592,185.0,0.23629830546745215,318.52432279454683,8571.796795914808,0.034373055940636436,1.0286493856865062,0.3243336674205044,0.6344738124374156,0.3853312926156405,0.5348168045087056,500.00000000016115
269,77.25091511113493,28.529195113187217,39.802165340000045,43.606421600000004,41.586056962368446,0.9250753456088253,0.018015267327427864,0.7439810633659363,0.35647510193941884,0.17083218016141039,-0.30344149470329285,0.30521196126937866,-0.04563681083813048,0.08729443208726256,84.0,0.12162642871180034,361.0791329901323,6940.438654998654,0.02783128109785808,1.0456368108381304,0.35647510193941884,0.3265735814959231,0.31199621992028004,0.32074263686566584,707.3447642345865
270,77.25603087761408,28.529195113187217,41.326602260000016,44.72411414000004,42.472122429934224,0.7282305725948217,0.002768749138340354,0.6974886059761047,0.2555125882332785,0.17038924197337738,-0.2329411804676056,0.2302762120962143,-0.009922637939453124,0.07897343109625345,114.0,0.07201555754053225,157.53432563321655,9743.292186159248,0.03907077306363927,1.009922637939453,0.2555125882332785,0.19336569196786393,0.43799397743701785,0.2912170061555255,1000.6730045123063
271,77.26114664409323,28.529195113187217,40.96941917000004,46.04517887000003,42.67787823914475,1.2753055134553304,-0.015119400806725025,0.7077284455299377,0.25450407329358554,0.16933249617919388,-0.26498913764953613,0.19713814556598663,0.002885012710303591,0.08141892318195652,68.0,0.13830901887729977,507.2187624251134,9438.582497160503,0.03784888185051585,0.9971149872896964,0.25450407329358554,0.3713672441618337,0.42429624507939195,0.392538844528857,500.33650225615315
272,77.26626241057238,28.529195113187217,39.344150660000025,43.51413506,41.05978307375002,1.0046833189838078,0.025596778839826584,0.7857142686843872,0.43743678042763157,0.19599496894503318,-0.32377010583877563,0.2871572971343994,-0.08155260587993421,0.09856122921220646,38.0,0.09540826855792776,626.117928975832,6714.516576691028,0.026925329589582256,1.0815526058799343,0.43743678042763157,0.25617639436834316,0.3018402574613731,0.27444193960555513,0.0
273,77.27137817705153,28.529195113187217,39.123688369999996,44.47288967000003,42.896007505625015,1.210735489389635,-0.027210883796215057,0.7730275988578796,0.3183983732524671,0.18042054625578138,-0.3091639578342438,0.28978434205055237,-0.014368212515847726,0.08715303527500974,59.0,0.13508203892477236,570.9516308457241,6503.984337244225,0.026081091605865553,1.0143682125158477,0.3183983732524671,0.362702627337397,0.2923761203738065,0.3345720245519608,500.00000000016115
274,77.27649394353068,28.529195113187217,41.99482517000001,45.455570420000015,43.576502056875015,0.8542676875413417,-0.01807318814098835,0.6683205366134644,0.20261204310825892,0.12971138887687667,-0.2103504091501236,0.3789587616920471,0.04927266257149832,0.07537391153660615,85.0,0.14614493152136485,428.76423766251406,9539.705429991358,0.038254386590051065,0.9507273374285017,0.20261204310825892,0.39240709613779856,0.4288420633422991,0.4069810830195988,707.3447642345865
275,77.28160971000983,28.529195113187217,43.73117933,47.41409588000002,45.51486856960528,0.7544923511141802,0.004945055115967989,0.6434845328330994,0.17819377698396383,0.11974665690804541,-0.2739258408546448,0.2556418776512146,0.04725692481325384,0.06947455420670869,145.0,0.23055638390777994,396.51796800127335,8937.171530964994,0.03583821505560294,0.9527430751867462,0.17819377698396383,0.6190564405037704,0.4017561242230677,0.5321363139914893,1118.6359827753831
276,77.28672547648898,28.529195113187217,40.96258313000004,47.40896885000001,45.148314033322386,1.3416286262103172,-0.005165382754057646,0.6631199717521667,0.20654755174067982,0.13962324622077696,-0.25078174471855164,0.2770204544067383,0.04405286287006579,0.07432838118478888,33.0,0.1245706888128181,941.3598000560922,1956.53586426245,0.007845743233694717,0.9559471371299342,0.20654755174067982,0.3344790801299682,0.08795291250772694,0.2358686130810717,1000.6730045123063
277,77.29184124296813,28.529195113187217,40.40373686000004,44.52415997,42.09812470536186,0.9659531249611131,0.02223668433725834,0.7463159561157227,0.38437328673245613,0.17207366090495246,-0.2729411721229553,0.25902777910232544,-0.0487930619089227,0.07812016343017729,84.0,0.15309009621581202,454.487069927576,1880.3254252821573,0.007540138032743322,1.0487930619089227,0.38437328673245613,0.41105524138359084,0.08452699520447528,0.28044394291194463,500.33650225615315
278,77.29695700944728,28.529195113187217,39.80045633,44.375476100000014,42.00450581217107,0.9752994640605483,0.04065965488553047,0.8030112981796265,0.47070338199013156,0.19074233251165587,-0.3112928569316864,0.24668560922145844,-0.062157143040707234,0.0941428820671684,51.0,0.055517900299666516,271.466709459918,1785.5230690293079,0.0071599789164730485,1.0621571430407073,0.47070338199013156,0.1490685842709169,0.08026530826209131,0.12154727386738667,0.0
280,77.10255788323957,28.533686669062174,35.94322076000003,44.65917176000005,40.21731191157897,2.4095189975031253,0.002421307610347867,0.7083595395088196,0.3016391473067434,0.17728722415547735,-0.30289480090141296,0.29514622688293457,0.01841420893083539,0.08883611395060463,17.0,0.06596040026316656,967.5826742789383,1769.049907871297,0.007093921250445164,0.9815857910691647,0.3016391473067434,0.17710726508207508,0.0795247838850427,0.1380742726032621,1118.1749764856588
281,77.10767364971872,28.533686669062174,38.70839894000005,43.52780714000005,41.41748138000002,1.0028466776683718,-0.00825673807412386,0.5524079203605652,0.13114885296737938,0.10724485251756585,-0.16107097268104553,0.2830265760421753,0.07737848114549067,0.062352651005080174,5.0,0.045676416747503557,2278.115529799304,4854.31116288376,0.019465873156790325,0.9226215188545093,0.13114885296737938,0.1226436652388969,0.21821772490500396,0.1608732891053397,707.3296812931155
282,77.11278941619787,28.533686669062174,35.25278072000003,43.02194018,38.15424583368422,1.8774310332033317,-0.0018105008639395237,0.7993779182434082,0.3565750496847588,0.20353030897214985,-0.3704752027988434,0.27371272444725037,-0.024219223825555098,0.10076473802979131,24.0,0.06430569342478258,668.1775906706318,2365.1245807896908,0.009484191174574167,1.0242192238255552,0.3565750496847588,0.1726642871515357,0.10632035891787069,0.1461267158580697,500.00000000016115
283,77.11790518267702,28.533686669062174,35.65268906000006,41.377872560000014,39.636946930526335,1.5842539990570461,-0.026995304971933365,0.7361776232719421,0.3084668397066886,0.1734806379370627,-0.2284345030784607,0.2207661271095276,0.027797342936197917,0.08488914366960035,19.0,0.03343475590269346,438.831988841651,2265.9909347803323,0.00908666351018729,0.972202657063802,0.3084668397066886,0.08977413952897881,0.10186396583390343,0.09461007005094865,500.00000000016115
284,77.12302094915617,28.533686669062174,39.162995600000045,43.83542894000004,41.88895649789475,0.9803015481421402,-0.03451190143823624,0.6858006119728088,0.21450351648163377,0.11376783187215768,-0.21351100504398346,0.24991723895072937,0.06559639378597862,0.05437441384242535,9.0,0.004681448924881851,129.7153889754825,1703.6744848620174,0.00683176465413951,0.9344036062140214,0.21450351648163377,0.012569945185281718,0.07658593724025688,0.03817634200727178,707.3296812931155
285,77.12813671563532,28.533686669062174,37.97352464000005,43.59616754000001,40.6781308494737,1.1843273798473837,0.01154734380543232,0.770509660243988,0.31727097896107453,0.15970731219109272,-0.28810790181159973,0.235703244805336,0.008748326217919065,0.07996000938870683,0.0,0.0,0.0,4270.246935779256,0.017123765331654335,0.9912516737820809,0.31727097896107453,0.0,0.19196206008243225,0.0767848240329729,1000.630357400892
286,77.13325248211447,28.533686669062174,36.30553087999999,42.71431838000001,39.94402904315791,1.342781280850389,-0.008175334893167019,0.7194860577583313,0.2631611499451754,0.14674142564880932,-0.2940226197242737,0.1923273652791977,0.0353656005859375,0.07323703617933774,0.0,0.0,0.0,5633.020194456389,0.02258851007189795,0.9646343994140625,0.2631611499451754,0.0,0.25322333281329684,0.10128933312531874,500.315178700446
287,77.13836824859362,28.533686669062174,36.41490752000004,39.63126434000003,37.89978853052633,0.7753069071251929,0.04631707817316055,0.7419999837875366,0.433642792283443,0.15552555801145904,-0.28254690766334534,0.19305460155010223,-0.03423542758874726,0.0820063835478723,2.0,0.002166206976600751,270.09943563619646,2378.9553830454015,0.00953965293492131,1.0342354275887473,0.433642792283443,0.0058163836437740216,0.10694210031445213,0.04626667031204527,0.0
288,77.14348401507277,28.533686669062174,35.42368171999999,39.050200940000025,37.49865266631581,0.6979963934447033,0.04625382274389267,0.7632482647895813,0.4078697659676535,0.17853790238500475,-0.2962498664855957,0.19348439574241638,-0.053257339209841006,0.08088185352390326,83.0,0.1047277059535717,314.6568714662794,3277.0792381995016,0.013141145393252184,1.053257339209841,0.4078697659676535,0.2811995910539431,0.1473158089166446,0.22764607819902372,0.0
289,77.14859978155192,28.533686669062174,35.28012488000002,38.10682742000006,36.93259469157896,0.6372011300361123,0.037697933614254,0.7847269177436829,0.3749570398163377,0.18325927351562704,-0.3586880564689636,0.12677231431007385,-0.07699394359923245,0.07770814409737593,307.0,0.20841925594278268,169.29853025525026,2071.583135935508,0.008307084816934334,1.0769939435992324,0.3749570398163377,0.5596170469432382,0.09312467695352082,0.3730200989473513,500.00000000016115
290,77.15371554803107,28.533686669062174,36.24058850000006,43.066374440000004,38.027810840000015,1.3245546896957598,0.026494724676012993,0.7327455282211304,0.3214598752741228,0.15835077392392205,-0.2846252918243408,0.2395821362733841,-0.01114499945389597,0.08607760954329945,172.0,0.1479099181916855,214.44828239702846,2307.19563334072,0.009251895076258511,1.011144999453896,0.3214598752741228,0.39714618141987146,0.1037162565654895,0.27977421147811865,707.3296812931155
291,77.15883131451022,28.533686669062174,36.35680118000005,42.15718112000002,39.939044871578965,1.4771724704360594,0.10427839308977127,0.7114104628562927,0.3291370699698465,0.12352232215262196,-0.24056240916252136,0.23944056034088135,0.0966026975397478,0.08299835001887232,0.0,0.0,0.0,0.0,0.0,0.9033973024602522,0.3291370699698465,0.0,0.0,0.0,500.00000000016115
292,77.16394708098937,28.533686669062174,35.362157360000026,40.742120839999984,37.48566842315791,0.930479163344511,0.12890625,0.7037869095802307,0.40329414233826755,0.11716754766808894,-0.17650969326496124,0.24561649560928345,0.07943275853207236,0.08564655166403921,2.0,0.004332677214796359,540.231696763661,0.0,0.0,0.9205672414679277,0.40329414233826755,0.011633474159260164,0.0,0.006980084495556098,0.0
293,77.16906284746852,28.533686669062174,33.53351666000003,37.758189379999976,35.69741961894738,0.973159960286945,0.07969432324171066,0.731464147567749,0.47833037794682015,0.12692823929644967,-0.2651413083076477,0.1828620880842209,-0.03921106171189693,0.09436013564920394,1.0,0.0007363373822962535,183.62447683382953,250.9601726745721,0.0010063547071398145,1.039211061711897,0.47833037794682015,0.0019771059519935546,0.011281509587094311,0.005698867406033857,0.0
294,77.17417861394767,28.533686669062174,32.54229085999998,38.76650528000005,35.7730710894737,1.7420653472256322,0.06892150640487671,0.7415714263916016,0.46949291563870615,0.14026814050206393,-0.427894651889801,0.17865151166915894,-0.02141306291546738,0.10921358148707468,0.0,0.0,0.0,786.9018372894263,0.0031554902101540517,1.0214130629154674,0.46949291563870615,0.0,0.03537390226852627,0.014149560907410508,0.0
295,77.17929438042682,28.533686669062174,32.398734020000006,39.491125520000026,34.578478390526335,1.9321041941911117,0.13698802888393402,0.759079098701477,0.5668135288783482,0.14282480280086013,-0.3372093141078949,0.22706517577171326,-0.09865350995744977,0.11582601927942347,0.0,0.0,0.0,0.0,0.0,1.0986535099574497,0.5668135288783482,0.0,0.0,0.0,0.0
296,77.18441014690598,28.533686669062174,32.251759160000006,40.41399092000006,34.8180360894737,2.1891118746532063,0.19402427971363068,0.820132851600647,0.5767313425164474,0.15403917977219436,-0.42824020981788635,0.21738065779209137,-0.09881448310718202,0.1270743953103888,0.0,0.0,0.0,0.0,0.0,1.098814483107182,0.5767313425164474,0.0,0.0,0.0,0.0
297,77.18952591338513,28.533686669062174,33.17804258000001,36.44225168000003,34.63914560000002,0.8000973385240979,0.08212180435657501,0.8067167401313782,0.612392363966557,0.12127038027539369,-0.4061425030231476,0.12727272510528564,-0.1369481136924342,0.07568043894027902,3.0,0.007630671404105374,634.3007422766663,366.555737062767,0.0014698949538123108,1.1369481136924342,0.612392363966557,0.02048876807492286,0.01647792164711491,0.01888442950379968,0.0
298,77.19464167986428,28.533686669062174,33.615549139999985,39.754313060000015,36.7975881926316,1.1673216236409354,0.009354393929243088,0.7698030471801758,0.46969568085252195,0.1707415741913078,-0.40029042959213257,0.3380281627178192,-0.07051438716419955,0.10104417422057137,34.0,0.022727958764094586,166.69986108425977,1798.7413106413956,0.007212984297863526,1.0705143871641996,0.46969568085252195,0.06102580641638043,0.08085951298343037,0.06895928904320041,0.0
299,77.19975744634343,28.533686669062174,35.19809240000001,38.22987613999999,36.79109078000002,0.6652096923031996,0.022464832291007042,0.7395989298820496,0.4171907552083333,0.1741274762089158,-0.2691652476787567,0.18822424113750458,-0.0713281035841557,0.07733163587429993,142.0,0.1203068553686525,211.27871799726464,2162.5285078702736,0.008671777358239737,1.0713281035841558,0.4171907552083333,0.3230304552421755,0.09721297938991723,0.23270346490127217,0.0
300,77.20487321282258,28.533686669062174,34.65120920000004,38.246966240000006,36.34053648421054,0.8618189742512309,0.05059847608208656,0.8021603226661682,0.45254206071820174,0.22366718639447072,-0.3131731450557709,0.210477814078331,-0.08655956067537006,0.1044270395968965,202.0,0.1393819674004421,172.07149941281847,4265.850404941203,0.017106135165653066,1.08655956067537,0.45254206071820174,0.3742481693495134,0.19176442113330797,0.3012546700630312,0.0
301,77.20998897930173,28.533686669062174,37.03015112000003,38.790431420000004,37.81471898631581,0.36981781963497135,0.006891120225191116,0.6972326040267944,0.24277870579769736,0.16628642793251633,-0.24244415760040283,0.20673330128192902,0.0036383103487784402,0.07315940095050273,401.0,0.25210208772635045,156.77824254538524,14545.689411665884,0.05832847041831388,0.9963616896512215,0.24277870579769736,0.6769078280385776,0.6538779950609733,0.667695894847536,500.315178700446
302,77.21510474578088,28.533686669062174,37.48474778000002,40.181565560000024,38.65636672842108,0.5846029143994981,-0.00875796191394329,0.6632369756698608,0.13715862073396382,0.12440859327293217,-0.18845465779304504,0.22341756522655487,0.04549980297423246,0.06120930557371349,180.0,0.150610732581573,208.6590078646877,15762.280799677803,0.06320702328566137,0.9545001970257675,0.13715862073396382,0.40439801506822487,0.7085678976903856,0.5260659681170892,1000.630357400892
303,77.22022051226003,28.533686669062174,36.869504180000035,40.05851684000004,38.271061693684224,0.6826183919795117,0.004363267216831446,0.7266057729721069,0.22911235608552633,0.18733966746537967,-0.23715807497501373,0.25090909004211426,0.008772016826428865,0.08827550017302532,123.0,0.13371340372099344,271.09627788656707,12603.481802651193,0.05054018374021526,0.9912279831735711,0.22911235608552633,0.3590277673173056,0.5665691861463434,0.44204433484892075,500.315178700446
304,77.22533627873918,28.533686669062174,35.74497560000003,40.81902629000004,38.49057688526318,1.144850282221808,0.02614004909992218,0.7626373767852783,0.4628112578810307,0.17877981110991076,-0.3099404275417328,0.34605327248573303,-0.0719929852402001,0.0999895247181144,33.0,0.048531920054532524,366.74757917989433,2950.8415035506096,0.011832926338365442,1.0719929852402001,0.4628112578810307,0.13031084704984672,0.1326503180067146,0.13124663543259385,0.0
305,77.23045204521833,28.533686669062174,37.14636380000002,41.12493908000002,39.817747490000016,0.7955879415429934,0.02215249463915825,0.7535753846168518,0.42820638020833335,0.18157834691047456,-0.28982096910476685,0.16793066263198853,-0.0888427520216557,0.07907015622562283,83.0,0.05611341052901722,168.59407015170447,13886.204953086657,0.0556839261382246,1.0888427520216557,0.42820638020833335,0.15066756165170758,0.6242319354384017,0.34009331116638525,0.0
306,77.23556781169748,28.533686669062174,36.73278338000003,41.20868057000001,38.99077183684213,1.2768945473200901,0.015540015883743763,0.7783861756324768,0.4757951274671053,0.17939892257599777,-0.3026088774204254,0.28557273745536804,-0.07286612527412281,0.08022856063867073,68.0,0.10150655705928954,372.2536004345646,3129.33067592927,0.012548671059459804,1.0728661252741227,0.4757951274671053,0.2725506309382927,0.1406740107222656,0.21979998285188185,0.0
307,77.24068357817663,28.533686669062174,38.19227792000004,41.96235397999999,40.462218864736855,1.01648983451057,0.016672708094120026,0.6703703999519348,0.2868676329495614,0.17732057912332055,-0.27142712473869324,0.20794600248336792,-0.017138871310050027,0.08452313758831671,211.0,0.28979436205099407,342.50049139019524,10336.109821374614,0.04144798220928362,1.01713887131005,0.2868676329495614,0.7781136362769595,0.4646431375958017,0.6527254368044964,500.00000000016115
308,77.24579934465578,28.533686669062174,40.28923319000003,44.37034907000003,41.98070864157897,0.6857488828549024,0.01753649115562439,0.6888273358345032,0.25051432291666664,0.17362266683217437,-0.2815832793712616,0.24497583508491516,-0.0017884652656421326,0.08861559440724447,286.0,0.27349987417061977,238.47607761283652,12417.024300308822,0.04979248587579316,1.0017884652656421,0.25051432291666664,0.734362049371905,0.5581872900158015,0.6638921456294635,707.3296812931155
309,77.25091511113493,28.533686669062174,39.54581384000002,43.53122516000002,40.99094317210528,0.6582747451434446,0.021064413711428642,0.7575418949127197,0.3684219092653509,0.19280744337666203,-0.28179931640625,0.2756621539592743,-0.05830192699766996,0.08959138032131565,336.0,0.22930774552858532,170.1896594768434,12673.240097347221,0.05081991572908517,1.05830192699767,0.3684219092653509,0.6157037784893896,0.5697050577151485,0.5973042901796931,1118.1749764856588
310,77.25603087761408,28.533686669062174,40.272143090000014,43.68161804000002,41.91344878052634,0.9386123561363,0.01842818409204483,0.7204932570457458,0.25632525527686406,0.18362429806393335,-0.3163636326789856,0.19356204569339752,-0.01138678835149397,0.0868532859381345,99.0,0.05853689450049447,147.45116428282367,16731.31026907616,0.06709284850443338,1.011386788351494,0.25632525527686406,0.15717474803090034,0.7521290537602393,0.3951564703226359,1118.5978330715636
311,77.26114664409323,28.533686669062174,41.31976622000002,46.08448610000002,43.84831794421054,0.909264349536215,-0.010206503793597221,0.6331564784049988,0.10537089029947917,0.11726714402011518,-0.20266132056713104,0.24564222991466522,0.06070019102933114,0.060120744726156396,0.0,0.0,0.0,13643.569866040587,0.05471095517090412,0.9392998089706689,0.10537089029947917,0.0,0.6133246666415108,0.2453298666566043,707.3296812931155
312,77.26626241057238,28.533686669062174,40.673760440000024,44.561758190000006,43.15894140578949,0.7005072125416973,-0.01005413755774498,0.6923295259475708,0.12298738178453947,0.12358845445936713,-0.24973341822624207,0.3474133014678955,0.051791681657757674,0.0670374957325412,13.0,0.011683159175294517,224.11486520566388,13594.873565468024,0.05451568214897709,0.9482083183422423,0.12298738178453947,0.031369918326745294,0.6111356030306972,0.2632761922083261,500.00000000016115
313,77.27137817705153,28.533686669062174,41.39838068,45.91871213000002,43.62973926894739,1.2459074789393645,-0.007250042166560888,0.7351966500282288,0.23795435855263158,0.160841998236754,-0.24934022128582,0.3071500360965729,0.017370592083847315,0.08371709303226274,239.0,0.1987752745287673,207.40450394296363,5443.575777151398,0.02182883462593204,0.9826294079161527,0.23795435855263158,0.5337224319026377,0.24470716474060766,0.41811632503782564,707.3296812931155
314,77.27649394353068,28.533686669062174,43.19455019000003,46.75783604,44.98177811500002,0.7923900261306754,-0.01345852855592966,0.6065616011619568,0.1672706821986607,0.10781552622818989,-0.18880079686641693,0.2899014949798584,0.06480712890625,0.06697091744187895,187.0,0.2344322184537912,312.629109095836,6895.880740632553,0.027652603077418538,0.93519287109375,0.1672706821986607,0.6294632672303511,0.3099931907832467,0.5016752366515093,1118.1749764856588
315,77.28160971000983,28.533686669062174,44.43870946999999,47.30642825000004,45.710805507894754,0.5536199517143463,-0.020558267831802368,0.5848560333251953,0.16233584755345395,0.11942802447569414,-0.1477101743221283,0.2736871838569641,0.05331836365816886,0.06557401058836054,92.0,0.15001083595940437,406.61980344305556,6324.855205969273,0.025362780638339355,0.9466816363418311,0.16233584755345395,0.40278725998395665,0.28432365933877707,0.3554018197258848,1000.0000000003223
316,77.28672547648898,28.533686669062174,40.897640749999994,46.988552389999995,43.49960053842107,1.493914109904386,-0.012113827280700207,0.6980957984924316,0.27415589449698463,0.16596252136153167,-0.27656739950180054,0.25504541397094727,-0.009387862891481634,0.08254279818577494,99.0,0.16300442694695885,410.59903743920904,3504.513468585697,0.014053160657963784,1.0093878628914816,0.27415589449698463,0.43767575905642114,0.15753974773207743,0.3256213545266836,1000.0000000003223
317,77.29184124296813,28.533686669062174,40.181565560000024,43.74656042000004,41.28212038052634,0.734283327110637,0.0644533783197403,0.7332221865653992,0.36760682223135965,0.16280261855524786,-0.29036930203437805,0.13132047653198242,-0.0630755186917489,0.07286403684634331,117.0,0.232947998794254,496.5086789206218,4969.350057775287,0.019927181148988646,1.0630755186917489,0.36760682223135965,0.6254780566550224,0.22338911278610177,0.46464247910745415,707.3296812931155
318,77.29695700944728,28.533686669062174,40.130295260000025,44.14988678,42.157779008947394,1.045728983634665,-0.004147656727582216,0.7304130792617798,0.2693191474780702,0.17997435428157607,-0.2838641107082367,0.27308449149131775,-0.015538562975431743,0.08390186345857885,73.0,0.14836348996512208,506.8248526579759,12300.7828352254,0.04932635555597058,1.0155385629754317,0.2693191474780702,0.3983640463204979,0.5529618425323197,0.4602031648052266,500.00000000016115
320,77.10255788323957,28.53817822493713,41.555609600000025,46.730491880000045,45.069450563157915,1.204412142504603,-0.013126270845532417,0.4364140033721924,0.11795854535019189,0.06515744181725507,-0.01923076994717121,0.3137718737125397,0.1341020871881853,0.04700082206949899,0.0,0.0,0.0,769.358016138581,0.003085139178720604,0.8658979128118147,0.11795854535019189,0.0,0.03458524809922834,0.013834099239691337,1414.6291929962636
321,77.10767364971872,28.53817822493713,41.49066721999998,46.15284650000001,43.96538777473686,1.2109973263811442,-0.015306122601032257,0.386541485786438,0.10308332476699561,0.07306822723611893,-0.08580343425273895,0.2398945540189743,0.13122113144188596,0.045157945799362845,0.0,0.0,0.0,0.0,0.0,0.868778868558114,0.10308332476699561,0.0,0.0,0.0,1118.1654342805443
322,77.11278941619787,28.53817822493713,40.051680799999986,45.79395440000002,43.50358470105265,1.1412832916244526,-0.020057305693626404,0.5447326898574829,0.12752276504248902,0.06587535544416569,-0.12447013705968857,0.26770928502082825,0.13847095154879385,0.05326091802940019,2.0,0.0006196525614274081,77.26307270725482,1346.3602852605268,0.005398928428117542,0.8615290484512061,0.12752276504248902,0.0016638008565389845,0.06052345399660561,0.025207662112565636,1000.0000000003223
323,77.11790518267702,28.53817822493713,38.769923300000016,42.902309479999985,40.314053517894756,0.8269410931589123,-0.01207312848418951,0.6268739700317383,0.11366253769188596,0.0989651671832793,-0.13149257004261017,0.26350831985473633,0.08741906952439693,0.05221358920577191,135.0,0.15267143041313408,282.0185844062911,5889.464309172611,0.023616855483094428,0.9125809304756031,0.11366253769188596,0.4099311009144632,0.26475136416541306,0.3518592062148432,1000.0000000003223
324,77.12302094915617,28.53817822493713,37.75135334000004,43.35690613999998,40.152094396842124,1.0447874859029618,-0.03338806703686714,0.7269561290740967,0.1554455352247807,0.13467158910131902,-0.26891034841537476,0.24933640658855438,0.06222040544476425,0.06928462878284185,66.0,0.04775174115200443,180.42594903977013,6534.256894136175,0.026202485091535794,0.9377795945552357,0.1554455352247807,0.12821602422963646,0.29373697431793117,0.19442440426495433,1118.1654342805443
325,77.12813671563532,28.53817822493713,34.924650799999995,43.36374218000003,38.67225046842106,1.4687889190717405,-0.17087967693805695,0.7349665760993958,0.224902129591557,0.17677378452769935,-0.2870813310146332,0.41919657588005066,0.025028496457819353,0.09041730527091228,22.0,0.05358538943764145,607.4036994698967,6124.410666140035,0.0245589945075448,0.9749715035421807,0.224902129591557,0.1438796874153927,0.2753129985089546,0.19645301185281744,1118.5596781919044
326,77.13325248211447,28.53817822493713,37.54627214000004,40.66350638000006,38.92574480000002,0.6968857357747136,-0.007804878056049347,0.7105741500854492,0.2258361388089364,0.16637131779395126,-0.23850688338279724,0.2974344491958618,0.03137879756459019,0.07692792365586662,10.0,0.027666094526659586,689.9245177055558,4535.325684128824,0.018186735775614932,0.9686212024354098,0.2258361388089364,0.07428496973289316,0.20387824745579078,0.1261222808220522,707.3145964981318
327,77.13836824859362,28.53817822493713,35.92954868000004,42.18452528,37.97482623894739,1.2594418881161888,0.029822271317243576,0.7241379022598267,0.3660206791392544,0.1779812419839169,-0.2865453064441681,0.2626814544200897,-0.01817157678436815,0.08883610004864258,41.0,0.056974527219838124,346.5377853040175,3316.709130094914,0.013300061956893962,1.0181715767843682,0.3660206791392544,0.15297970683911302,0.14909730675587884,0.15142674680581936,500.00000000016115
328,77.14348401507277,28.53817822493713,36.20982632000005,41.849559320000026,37.239317012631595,0.8465688317704941,0.025423727929592133,0.7468320727348328,0.34541655958744516,0.1750378636542,-0.30950838327407837,0.2500692307949066,-0.06005584181400767,0.08076863117911934,265.0,0.258888228343275,243.62404615125573,1899.444419604647,0.007616805536304402,1.0600558418140076,0.34541655958744516,0.6951289849801773,0.08538645874184088,0.4512319744848427,500.00000000016115
329,77.14859978155192,28.53817822493713,35.50571420000006,38.95449638000002,37.09843744526317,0.5788171098995387,0.025641025975346565,0.7477756142616272,0.4036082271107456,0.1677010716545506,-0.3119902014732361,0.22496867179870605,-0.03673667773865817,0.09604858238129658,119.0,0.11723522176657053,245.6772092346415,1856.005886139684,0.007442616252969783,1.0367366777386582,0.4036082271107456,0.31478295182454197,0.08343374956686847,0.22224327092147256,0.0
330,77.15371554803107,28.53817822493713,36.57213644000001,44.31053372000002,39.48075505684213,1.5272412869617655,0.0025239777751266956,0.688622772693634,0.29549440618146927,0.15497506871889558,-0.23789958655834198,0.23568332195281982,0.009988731919673451,0.09442714921653748,14.0,0.0736131110806413,1311.2359841800774,1713.2728490732025,0.006870254263474032,0.9900112680803266,0.29549440618146927,0.19765521018155036,0.07701741621444982,0.14940009259471013,500.2938520701148
331,77.15883131451022,28.53817822493713,34.96908506,40.71477668,37.200745238947384,1.3419201090275539,0.0007955449400469661,0.7407352328300476,0.42153859991776316,0.13938112376943684,-0.26034483313560486,0.23358216881752014,0.01605979785584567,0.09726700265066346,2.0,0.005706341292803988,711.5107556123205,95.76110528503818,0.00038400371675498913,0.9839402021441543,0.42153859991776316,0.015321836980388715,0.004304785957988655,0.010915016571428692,0.0
332,77.16394708098937,28.53817822493713,34.80502009999998,39.28604432000003,36.900086464210546,0.8685815660152427,0.05167612060904503,0.6773766279220581,0.38283237390350877,0.1256965219889673,-0.20974375307559967,0.2289780080318451,0.017937303509628563,0.07800350927489914,16.0,0.10543558253196196,1643.3154613960783,0.0,0.0,0.9820626964903715,0.38283237390350877,0.2831002781982624,0.0,0.16986016691895742,500.00000000016115
333,77.16906284746852,28.53817822493713,34.09065392000002,37.836803840000016,36.15080991894739,0.8185508886828005,0.033531688153743744,0.7343207001686096,0.46568924753289476,0.15185466290899008,-0.2862586975097656,0.18942025303840637,-0.04342095626027961,0.09797077888565481,8.0,0.09069445567847541,2827.1215030117523,0.0,0.0,1.0434209562602796,0.46568924753289476,0.24351955020339555,0.0,0.14611173012203732,0.0
334,77.17417861394767,28.53817822493713,34.018875500000036,38.55117002000003,36.285742343157914,1.0869558446753655,0.07692307978868484,0.7508916854858398,0.4528075743558114,0.13353958514079806,-0.30897408723831177,0.15960130095481873,-0.03048571402566475,0.08892695564595882,13.0,0.043109418739330864,826.9562560005184,1163.1062407547665,0.004664076485973232,1.0304857140256647,0.4528075743558114,0.11575113585937954,0.05228556414367512,0.09036490717309777,0.0
335,77.17929438042682,28.53817822493713,32.62090532000002,37.52234600000003,34.645283221052644,0.9450206494899672,0.009514395147562027,0.7595612406730652,0.5202313232421875,0.16069236359811048,-0.2888889014720917,0.25651171803474426,-0.08927720206124443,0.09413579892073891,14.0,0.034905487096294874,621.7551473385776,529.2054513625469,0.0021221231693737607,1.0892772020612445,0.5202313232421875,0.09372313283906182,0.023789577084930274,0.0657497105374092,0.0
336,77.18441014690598,28.53817822493713,32.532036800000014,37.85047592000001,35.71085889263159,1.3086489948843192,0.025258706882596016,0.8230237364768982,0.45402763500548243,0.1931964491248468,-0.4683525264263153,0.225887268781662,-0.09782742684347588,0.11019846942491851,46.0,0.10926285887858841,592.3364391204523,3182.2677684179694,0.012760949731571573,1.0978274268434758,0.45402763500548243,0.29337672351636096,0.14305371229028524,0.23324751902593066,0.0
337,77.18952591338513,28.53817822493713,33.82063033999998,38.76308726000002,36.40228306842107,1.1180990463586087,0.031590718775987625,0.7787513732910156,0.41071623149671055,0.19038474166650846,-0.5323905348777771,0.23889179527759552,-0.07560575250993695,0.10599703172871962,59.0,0.13902816079763503,587.6307151767035,3197.943117447559,0.012823808156929939,1.075605752509937,0.41071623149671055,0.37329817936247367,0.14375837231053348,0.2814822565416976,0.0
338,77.19464167986428,28.53817822493713,35.04428150000001,38.83144765999998,36.983621603157914,1.0132202329718354,0.04840146377682686,0.7588728070259094,0.48933422423245615,0.15739895941330406,-0.3162377178668976,0.1982581913471222,-0.09698232550370066,0.08529090299440642,20.0,0.04519430112595701,563.5174920934226,1451.9147377945335,0.005822203639618569,1.0969823255037006,0.48933422423245615,0.12134915855238827,0.06526848407660579,0.09891688876207529,0.0
339,77.19975744634343,28.53817822493713,35.34848527999998,37.983778700000016,36.72110073578949,0.6573324016982872,0.022547584027051926,0.7509762644767761,0.37375916598135966,0.19131417874979265,-0.29077163338661194,0.16197718679904938,-0.06422076844332511,0.08307764798725324,30.0,0.07673623144982429,637.8711123892796,3178.738878398085,0.012746798820514087,1.0642207684433251,0.37375916598135966,0.20604095837139264,0.14289507673402607,0.180782605716446,500.00000000016115
340,77.20487321282258,28.53817822493713,35.32455914000002,38.43495733999998,37.052564018947386,0.7027692156903707,0.03974870219826698,0.7653034925460815,0.4001722690515351,0.1996261317853455,-0.2767970860004425,0.17342162132263184,-0.055037145781935304,0.08386981420958418,296.0,0.1608465994998224,135.510795554942,2322.157209350691,0.009311891259252011,1.0550371457819354,0.4001722690515351,0.4318818749053757,0.1043888300714593,0.30088465697180916,0.0
341,77.20998897930173,28.53817822493713,36.55162832000002,39.05703698000002,38.15077490315791,0.48354798797464177,0.016796832904219627,0.709537148475647,0.2870602684690241,0.1742414779222105,-0.2555347979068756,0.19760173559188843,-0.014063997770610608,0.07618701387022647,323.0,0.19101007045331414,147.47128504059805,10849.011278198817,0.04350472607375022,1.0140639977706105,0.2870602684690241,0.5128724362822249,0.48769979491608567,0.5028033797357692,500.2938520701148
342,77.21510474578088,28.53817822493713,36.81823387999998,39.45352730000002,38.00472068631581,0.4412962242353765,0.02089439332485199,0.6960859298706055,0.27796952097039473,0.17520046970541509,-0.26691126823425293,0.1832246035337448,-0.01824137905187774,0.08103215114847849,268.0,0.2353454762994236,218.9902518675447,8126.532976025514,0.032587540190112535,1.0182413790518778,0.27796952097039473,0.6319154142565877,0.36531517611662484,0.5252753190006025,707.3145964981318
343,77.22022051226003,28.53817822493713,36.28502276000006,38.74257914000003,37.50008125052633,0.6536163387512438,-0.024802498519420624,0.7504608035087585,0.30149135656524123,0.19130822888429697,-0.30410900712013245,0.237137109041214,-0.036738018905907346,0.0872154253054198,133.0,0.07856601821070458,147.3115586116158,9090.577167524212,0.036453374356809426,1.0367380189059074,0.30149135656524123,0.2109540354238353,0.40865222706326343,0.2900333120796066,500.00000000016115
344,77.22533627873918,28.53817822493713,36.60289862000002,40.854915500000004,38.66785889473686,1.2388168669102495,0.008827856741845608,0.7559208869934082,0.2776255825109649,0.21468997558970257,-0.28052422404289246,0.19523242115974426,-0.015736089338336076,0.09256486674756394,50.0,0.03468016622173398,172.967651299117,5818.349398124026,0.023331683438786124,1.015736089338336,0.2776255825109649,0.09311813402613518,0.2615545080976564,0.16049268365474367,500.00000000016115
345,77.23045204521833,28.53817822493713,38.04701207000002,42.23579558000006,40.34431304789475,0.9182720891417757,-0.0035052578896284103,0.7464871406555176,0.26468182480126096,0.2198917966099716,-0.29484662413597107,0.20321373641490936,-0.010169630887215597,0.09668141505869673,36.0,0.022197133535410214,153.76168024513532,7250.176837127456,0.02907333665689074,1.0101696308872157,0.26468182480126096,0.059600511783331415,0.32592000007206706,0.1661283070988257,500.00000000016115
346,77.23556781169748,28.53817822493713,37.97523365000001,41.66156821999999,39.86693840631581,0.8280936973579784,0.03182030841708183,0.7204034328460693,0.39815412554824564,0.1908145869448631,-0.2896856963634491,0.15233351290225983,-0.06758688408031799,0.08564003644154773,231.0,0.15406057884849259,166.31570749504533,7746.466991232827,0.031063468905240477,1.067586884080318,0.39815412554824564,0.41366104007792787,0.34822992308435524,0.3874885932804988,500.00000000016115
347,77.24068357817663,28.53817822493713,40.01066456000001,41.99995220000005,41.146769963157915,0.44757081376007396,0.025553246960043907,0.681201696395874,0.256305938185307,0.16792414842282424,-0.2774289548397064,0.20955315232276917,-0.020367439671566612,0.08498002637158528,354.0,0.3342357093299549,235.4525008750304,13717.541291081721,0.055007581886572336,1.0203674396715665,0.256305938185307,0.8974410727651627,0.6166499326862338,0.7851246167335911,707.3145964981318
348,77.24579934465578,28.53817822493713,39.58683008,42.14521805000001,41.14134663421055,0.5016538564901231,0.0392451211810112,0.694097638130188,0.3015102025082237,0.16863430892513112,-0.256160706281662,0.18443766236305237,-0.029503497742770012,0.0780376397946797,346.0,0.28132723717685515,202.76332509760414,10046.891532406593,0.04028821178279721,1.02950349774277,0.3015102025082237,0.7553789451049208,0.45164179612801936,0.6338840855141602,1118.1654342805443
349,77.25091511113493,28.53817822493713,40.61736311000004,42.71773639999998,41.57643518315791,0.4806045796018714,0.04189359024167061,0.722538411617279,0.3173633883292215,0.1614387084643208,-0.2488744705915451,0.20194073021411896,-0.026929002728378563,0.07415857469700546,399.0,0.27518753103647525,171.9925273491937,10183.167935042928,0.040834682554647506,1.0269290027283786,0.3173633883292215,0.7388934999197507,0.457767881898729,0.626443252711342,1414.6291929962636
350,77.25603087761408,28.53817822493713,41.11297601000001,43.66281893000004,42.32292334368423,0.5784478094646415,0.012894785962998867,0.6544744968414307,0.2689621453536184,0.15182522795148645,-0.21893367171287537,0.24814443290233612,-0.006427886695192571,0.0671726558183115,271.0,0.18918283286130935,174.08692562590184,11320.179753318751,0.04539411994744545,1.0064278866951926,0.2689621453536184,0.5079662038869701,0.5088804133885431,0.5083318876875993,1118.1654342805443
351,77.26114664409323,28.53817822493713,41.283877010000026,43.654273880000034,42.59183051157897,0.5315817948809085,0.0011683759512379766,0.7042889595031738,0.22689320346765351,0.17396870351041363,-0.23808547854423523,0.2085796743631363,0.0028702571935820998,0.07738992186103198,181.0,0.0971307111022261,133.82329398266722,14844.037576925926,0.05952485180933765,0.9971297428064179,0.22689320346765351,0.260801246356272,0.6672897553845436,0.42339664996758064,707.3145964981318
352,77.26626241057238,28.53817822493713,39.1459055,44.48997977000002,42.55893074631581,1.088783913561053,-0.012744264677166939,0.7695729732513428,0.25284158271655705,0.21486526054808075,-0.27164480090141296,0.264293909072876,0.00038421630859375,0.09505366143775469,86.0,0.0670916228693014,194.54656541564717,10114.875784394191,0.040560829829198605,0.9996157836914062,0.25284158271655705,0.1801446593545813,0.45469791846964713,0.2899659630006076,500.00000000016115
353,77.27137817705153,28.53817822493713,41.629097030000025,46.159682540000034,44.50037668842106,0.9467648013884046,-0.019982105121016502,0.7355470061302185,0.18061806126644736,0.13249189033622108,-0.2220964878797531,0.28250691294670105,0.057858062208744516,0.06968201288469486,129.0,0.1779378202788951,343.97927602419304,8442.351884276693,0.03385397956786379,0.9421419377912554,0.18061806126644736,0.47777273301142964,0.3795123054987499,0.43846856200635775,707.3145964981318
354,77.27649394353068,28.53817822493713,44.27635352000004,46.84670455999998,45.60504177500002,0.4202840341117743,-0.022809123620390892,0.5464363098144531,0.15188989911760603,0.10155777675311731,-0.16668425500392914,0.29086461663246155,0.07166700090680804,0.061080468554615436,153.0,0.2482979249956433,404.7020288379415,8444.14896720746,0.03386118590202918,0.928332999093192,0.15188989911760603,0.6666934440373493,0.3795930904619422,0.5518533026071865,707.3145964981318
355,77.28160971000983,28.53817822493713,41.73847367000002,46.151137490000025,44.31891474736844,0.9291590462697331,-0.03159648925065994,0.6394575834274292,0.20592238041392544,0.15427336147381907,-0.23357006907463074,0.3253449499607086,0.02925808019805373,0.07929237569220131,27.0,0.07389327569440095,682.4877762685187,3966.7001390998244,0.015906537337188144,0.9707419198019462,0.20592238041392544,0.19840746741949586,0.17831660367245683,0.19037112192068023,500.00000000016115
356,77.28672547648898,28.53817822493713,40.87029659000001,47.19363359000005,44.07725120947371,1.5990279307749455,0.008609271608293056,0.7104160189628601,0.25752882572642544,0.17664523352371228,-0.21170970797538757,0.34409481287002563,0.010859431885836417,0.07892233394764081,12.0,0.09215449868285047,1915.0892438906976,5184.645241317445,0.020790518622314087,0.9891405681141636,0.25752882572642544,0.24743984514362322,0.23306736033949207,0.24169085122197076,500.00000000016115
357,77.29184124296813,28.53817822493713,41.097594920000034,44.77538444000001,42.88292835421054,0.988086548649111,0.023931624367833138,0.7330096960067749,0.3349908340186403,0.16772241165336887,-0.27953410148620605,0.3359030783176422,-0.029446959913822644,0.07870696918013567,49.0,0.07100693404686421,361.3752483636224,4546.127088399532,0.018230049596751174,1.0294469599138227,0.3349908340186403,0.19065748298568125,0.20436380715450872,0.19614001265321224,707.3145964981318
358,77.29695700944728,28.53817822493713,40.87542362000002,43.70554418000003,42.35025163052634,0.7713290330794824,0.0004909179988317192,0.6932717561721802,0.2548460629111842,0.16750736190670967,-0.21729587018489838,0.21890337765216827,-0.008972619709215666,0.07397451604798898,82.0,0.08854986207066558,269.29467069153736,9238.96859633139,0.03704842659672382,1.0089726197092157,0.2548460629111842,0.23776119963129025,0.41532292428541445,0.30878588949293995,1000.0000000003223
360,77.10255788323957,28.542669780812087,43.59616754000001,46.06055995999998,44.8488943569737,0.5438579232395796,-0.033882785588502884,0.3164556920528412,0.11676109983209979,0.062153783843685556,-0.030586939305067062,0.28676655888557434,0.1402660918654057,0.048248751397314875,0.0,0.0,0.0,0.0,0.0,0.8597339081345943,0.11676109983209979,0.0,0.0,0.0,1803.0780311834455
361,77.10767364971872,28.542669780812087,42.047804480000025,45.421390220000035,44.229827971447385,0.7311963253029256,-0.021608447656035423,0.3105943202972412,0.10270584909539474,0.06358260025823367,-0.06111263483762741,0.3475765287876129,0.13629155744586074,0.05729475166790484,1.0,0.0005027642329014563,125.37706417864327,0.0,0.0,0.8637084425541393,0.10270584909539474,0.0013499493319476964,0.0,0.0008099695991686178,1581.2250303594299
362,77.11278941619787,28.542669780812087,39.09463520000003,44.85741691999999,42.443192938289485,1.591315752838643,-0.01842496357858181,0.6998274922370911,0.18864900287828948,0.1494678095076076,-0.17993874847888947,0.3233364522457123,0.09465431614925987,0.0812918603151867,2.0,0.025913943330932523,3231.150829260432,3379.5809464335607,0.01355217904640869,0.9053456838507401,0.18864900287828948,0.06958034839876831,0.151923607802867,0.10251765216040779,1500.0000000004834
363,77.11790518267702,28.542669780812087,38.13417158000004,43.13473484000002,40.22448194927634,0.8264035801914231,0.013313609175384045,0.6868626475334167,0.2034754488760965,0.15785806775702135,-0.1716129034757614,0.3085481822490692,0.05431106299684759,0.07411335902456294,30.0,0.06646974388274512,552.5307754843391,7381.761637355393,0.02960099402055199,0.9456889370031524,0.2034754488760965,0.17847488042538187,0.3318351824273658,0.23981900122617544,1500.0000000004834
364,77.12302094915617,28.542669780812087,37.79236958000001,39.805583360000014,38.91623479427633,0.4174446943355543,0.0028033640701323748,0.6461582183837891,0.09913424307839912,0.08814034336459706,-0.21895551681518555,0.25473228096961975,0.07313288103070176,0.050287453405211194,210.0,0.1858210344309707,220.66288951935553,13003.50017973463,0.05214426446916168,0.9268671189692983,0.09913424307839912,0.49893959211113204,0.584551366776784,0.5331843019773927,1500.8175670958715
365,77.12813671563532,28.542669780812087,37.970106620000024,40.72161272000005,39.03460622375002,0.5175112852674802,0.007522986736148596,0.5004574656486511,0.09380453544750549,0.07698140869571597,-0.11600198596715927,0.26747241616249084,0.07844641969915021,0.047625105491214056,12.0,0.011882520214996002,246.93408329817575,13265.090266618208,0.05319324531927357,0.9215535803008498,0.09380453544750549,0.03190521357002122,0.5963107270036067,0.2576674189434554,1000.545044730581
366,77.13325248211447,28.542669780812087,35.89195046000003,40.99505432000001,38.882526820723704,1.2895263528649108,0.012062033638358116,0.736143171787262,0.30340396278782894,0.19904511956554113,-0.23795801401138306,0.22379142045974731,0.029665778979920503,0.09823397351767786,2.0,0.002101187062310917,261.99224996811387,5535.487096224333,0.022197400632253766,0.9703342210200795,0.30340396278782894,0.0056418016347231465,0.2488388897718475,0.1029206368895729,500.2725223652905
367,77.13836824859362,28.542669780812087,32.42607817999999,40.98821828000001,36.339261340526335,1.6970499501908411,0.09938114136457443,0.79705810546875,0.5383445980674342,0.16815651534279052,-0.34327244758605957,0.20511454343795776,-0.05657206217447917,0.13840972482492928,10.0,0.015028024261325563,374.76205326239415,1190.3452470056607,0.004773305380208749,1.0565720621744792,0.5383445980674342,0.04035106315139677,0.05351004971398458,0.045614657776431894,0.0
368,77.14348401507277,28.542669780812087,32.96612534000002,40.735284800000045,35.60905308756581,1.02458704251457,0.07134852558374405,0.7573073506355286,0.5332980400219298,0.14165154259429866,-0.25950708985328674,0.21622881293296814,-0.06513491981907894,0.09556187021115986,18.0,0.01198571096603643,166.0523467257906,124.04038921597156,0.0004974041427872973,1.065134919819079,0.5332980400219298,0.032182286353473394,0.00557603553270379,0.02153978602516555,0.0
369,77.14859978155192,28.542669780812087,35.72104946000002,40.60198202000004,38.362009597368434,1.1799479631495229,0.0308982040733099,0.6968740224838257,0.3126785438939145,0.16688577245023467,-0.2214735895395279,0.3428671061992645,0.025280004133257948,0.0879895340001074,6.0,0.12578250801447194,5227.845229718302,3336.4574045025706,0.013379252884666413,0.9747199958667421,0.3126785438939145,0.33773288064849993,0.14998505856400118,0.26263375181470044,500.00000000016115
370,77.15371554803107,28.542669780812087,37.35828104000001,40.52336756,39.177881976578966,0.8007443454761817,-0.022698072716593742,0.7028021216392517,0.2753062894051535,0.14749344070009618,-0.220153346657753,0.29905420541763306,0.08150376704701207,0.08787601644614436,2.0,0.12855732387784508,16029.521186749202,319.74050977938526,0.0012821650688654112,0.918496232952988,0.2753062894051535,0.3451834122812317,0.014373418650520569,0.21285941482894727,707.2995098498876
371,77.15883131451022,28.542669780812087,35.37924745999999,39.68595266,37.4575048113816,1.1003865008076132,-0.0006807352183386683,0.7006630897521973,0.3079004762883772,0.17670260846762828,-0.2132834494113922,0.2394929975271225,-0.009258090236730743,0.07462455241324302,12.0,0.13313853464852154,2766.790328166602,1732.976784917061,0.00694926739282568,1.0092580902367307,0.3079004762883772,0.35748421256628,0.07790317485398596,0.24565179748136237,500.00000000016115
372,77.16394708098937,28.542669780812087,34.15901431999998,37.29333866000002,35.90853460309213,0.7117325102514885,0.08158411830663681,0.7738951444625854,0.4819771964089912,0.15433977315147218,-0.4761904776096344,0.21433275938034058,-0.059406583016378835,0.09582793495244547,9.0,0.08698355247787182,2410.1737571389176,0.0,0.0,1.0594065830163788,0.4819771964089912,0.23355557311682487,0.0,0.1401333438700949,0.0
373,77.16906284746852,28.542669780812087,35.133150020000016,38.25380228000006,37.010362583157914,0.5093569832674992,0.07339341938495636,0.7167826294898987,0.41464663856907896,0.13559532795220358,-0.23616620898246765,0.18886734545230865,-0.0011203551710697642,0.08905768981749489,12.0,0.08832235624275436,1835.452385430408,0.0,0.0,1.0011203551710697,0.41464663856907896,0.237150334099686,0.0,0.14229020045981158,0.0
374,77.17417861394767,28.542669780812087,34.73665970000002,38.031630980000045,36.10680225006581,0.6571239338482572,0.04482457414269447,0.7274560928344727,0.4792557137472588,0.12769665239924147,-0.28146353363990784,0.1939152330160141,-0.044056723076000545,0.0911181069955417,14.0,0.0333636262070712,594.2906990783322,477.95025551333885,0.0019165889323730946,1.0440567230760005,0.4792557137472588,0.08958315242448099,0.021485482466255246,0.06234408444119069,0.0
375,77.17929438042682,28.542669780812087,33.63263924,37.26941252000006,35.795582534276335,0.9553350925301485,0.02365015633404255,0.7631168961524963,0.4393550763811384,0.18997567731373446,-0.3293386995792389,0.3177887499332428,-0.07634332929338727,0.10019354277665109,37.0,0.1037300183540056,699.1276087298596,4779.894893337635,0.019167462606831713,1.0763433292933873,0.4393550763811384,0.2785207455426898,0.21487246159340656,0.2530614319629765,0.0
376,77.18441014690598,28.542669780812087,35.05795358,38.13758960000001,36.82569955526318,0.739119649947092,0.020216962322592735,0.7325491309165955,0.3307080506441886,0.21168668964758713,-0.2900608479976654,0.2322196066379547,-0.05484423185649671,0.10195686343958589,25.0,0.06743988213452305,672.7140776728664,5897.933714722985,0.023650817948339252,1.0548442318564968,0.3307080506441886,0.1810797544382499,0.26513209262481463,0.2147006897128758,500.00000000016115
377,77.18952591338513,28.542669780812087,34.80160208000001,38.52040784000002,37.016096761447386,0.8531801692838786,-0.010164896957576275,0.7419354915618896,0.3718369654605263,0.19197494827296052,-0.3296077251434326,0.19572165608406067,-0.05627627724095395,0.08120204379345956,33.0,0.1713448214936743,1294.8240749017586,3228.440864589401,0.012946104659463635,1.056276277240954,0.3718369654605263,0.4600701724011062,0.14512934931895155,0.3340938431682443,500.00000000016115
378,77.19464167986428,28.542669780812087,34.65120920000004,38.23671218000004,36.19816682414476,0.7846373981506228,-0.01163925789296627,0.7690447568893433,0.4538513397752193,0.1712135152181811,-0.29754960536956787,0.30795684456825256,-0.09605066132127194,0.08220967252601864,85.0,0.19777528839405478,580.2388757106096,0.0,0.0,1.096050661321272,0.4538513397752193,0.5310374146994017,0.0,0.318622448819641,0.0
379,77.19975744634343,28.542669780812087,35.51938628000005,39.262118180000016,36.72507034802633,0.7689193160926031,0.0022927015088498592,0.773675262928009,0.4360045744243421,0.17675381915054986,-0.31746891140937805,0.19838465750217438,-0.098824462890625,0.08200409920140014,91.0,0.1322121420885048,362.3127951968813,3334.9246875738195,0.013373106662819644,1.098824462890625,0.4360045744243421,0.35499679811696877,0.149916157747821,0.27296454196930964,0.0
380,77.20487321282258,28.542669780812087,36.10386770000002,39.17666768000004,37.562327839210546,0.6855365579269751,0.010917234234511852,0.7174379229545593,0.3411270730537281,0.17478793468884835,-0.26718273758888245,0.2036111056804657,-0.04732241981907895,0.08187666012499122,57.0,0.10294473535874099,450.3840563367621,9019.214783115205,0.03616720993997245,1.047322419819079,0.3411270730537281,0.27641221795565457,0.4054442462299378,0.32802502926536786,500.00000000016115
381,77.20998897930173,28.542669780812087,35.58432865999998,38.87929994000001,37.290235457631596,0.6923331250175843,-0.004168686456978321,0.7632688879966736,0.32459618283991226,0.19129170589149047,-0.29973164200782776,0.2216671109199524,-0.049008135879248904,0.09079306897225645,115.0,0.13915281133812196,301.75040853804956,11110.467443224086,0.044553169894854444,1.049008135879249,0.32459618283991226,0.3736328728486952,0.49945313490187837,0.42396097766996843,500.00000000016115
382,77.21510474578088,28.542669780812087,35.91587660000005,38.76308726000002,36.95992430118423,0.4314471086287508,0.047034766525030136,0.7846896648406982,0.3803006784539474,0.17670983719822,-0.3053539991378784,0.16981132328510284,-0.07617389879728619,0.07474971974428272,195.0,0.22584121413389888,288.8167061898381,8430.24673879065,0.03380543772151956,1.0761738987972862,0.3803006784539474,0.6063959530034229,0.3789681382175493,0.5154248270890734,500.2725223652905
383,77.22022051226003,28.542669780812087,34.10090797999999,38.10682742000006,36.65496720756581,0.982501667324892,0.009029950946569443,0.7969310283660889,0.44162781832510967,0.20938462611385789,-0.32505002617836,0.2508613169193268,-0.08720447205660636,0.09405528867956667,111.0,0.11907242883731478,267.5111915838637,5353.0430221724155,0.021465796685877794,1.0872044720566063,0.44162781832510967,0.31971595281287385,0.24063741083361675,0.288084536021171,0.0
384,77.22533627873918,28.542669780812087,34.63753712000005,39.34585967000001,37.34519362131581,0.8156915702785605,0.04141867905855179,0.7462523579597473,0.40929109272203945,0.19325372921539768,-0.3085176348686218,0.3128517270088196,-0.08172760009765626,0.08897182836333566,144.0,0.14167808451518848,245.35443162306808,7147.261252038428,0.02866064335026518,1.0817276000976563,0.40929109272203945,0.38041336878551446,0.32129359601970436,0.3567654596791904,0.0
385,77.23045204521833,28.542669780812087,37.922254339999995,43.18942316000005,39.92568066470396,1.3120050517466761,0.02118644118309021,0.7252832651138306,0.3953041478207237,0.21134485584651033,-0.30230844020843506,0.3177146017551422,-0.07157114129317434,0.09838292570264662,152.0,0.13965209713022977,229.11714873858708,10712.136906122269,0.04295585743392562,1.0715711412931743,0.3953041478207237,0.37497348237777245,0.48154682839413704,0.4176028207843183,500.00000000016115
386,77.23556781169748,28.542669780812087,36.80114378000002,42.99630503000003,39.437758309703966,1.817725022557388,0.04254985228180885,0.7771023511886597,0.5198469623766447,0.2095717843862691,-0.29315924644470215,0.1720796674489975,-0.10486296001233553,0.09289641098044996,26.0,0.027938100050391334,267.96448772760834,2909.2780329544908,0.011666256090119675,1.1048629600123356,0.5198469623766447,0.07501531936999578,0.1307818992572142,0.09732195132488314,0.0
387,77.24068357817663,28.542669780812087,38.38881407000002,42.15376309999999,40.747208517796075,0.790111223751814,0.02283613756299019,0.7725803852081299,0.3682715700383772,0.2077721062210118,-0.2922041416168213,0.2425345927476883,-0.06644669382195724,0.09839707415496947,215.0,0.20208619039586526,234.39691918638783,6382.116430121586,0.025592399154489295,1.0664466938219572,0.3682715700383772,0.5426124212265201,0.28689774526786493,0.440326550843058,500.2725223652905
388,77.24579934465578,28.542669780812087,40.730157770000005,43.088591570000034,41.59185860157896,0.46202365119012534,-0.013361905701458454,0.6568328142166138,0.2789720180578399,0.15488935458066505,-0.28988611698150635,0.2536289393901825,-0.020984986957750824,0.07894634833253114,316.0,0.24239553453033616,191.28955394777628,9660.04062367988,0.0387369328335941,1.0209849869577508,0.2789720180578399,0.6508452043573847,0.43425153778915604,0.5642077377300933,1000.545044730581
389,77.25091511113493,28.542669780812087,40.64128925000003,43.00485008000001,42.04985641634871,0.4869432163731792,0.032714225351810455,0.6823648810386658,0.2507297020627741,0.15922999506671964,-0.255431205034256,0.20421110093593597,-0.004465714839466831,0.07431125915290165,431.0,0.29762540430327517,172.20527490376594,11656.891190736824,0.04674433873468262,1.004465714839467,0.2507297020627741,0.7991404109858777,0.5240167327050032,0.6890909396735279,1118.5215181368133
390,77.25603087761408,28.542669780812087,40.30974130999999,44.290025600000035,42.263027305131594,0.9711835131884646,0.03541776165366173,0.7176960706710815,0.26888324938322367,0.166036878652713,-0.26767677068710327,0.1930585652589798,-0.01100621407492119,0.07889304635393334,442.0,0.2661410830275553,150.156235830004,9874.37183144908,0.039596404747112394,1.0110062140749212,0.26888324938322367,0.7146032945969415,0.4438864513672448,0.6063165573050628,707.2995098498876
391,77.26114664409323,28.542669780812087,40.77971906000002,47.58841490000003,42.49595300029607,1.6142556437554898,-0.008890163153409958,0.7154626846313477,0.2963290244654605,0.16629670074368225,-0.2619153559207916,0.30715885758399963,-0.010428117450914884,0.09170631680753392,166.0,0.2493042473797131,374.52025617047605,8715.513215384119,0.034949361310866504,1.0104281174509149,0.2963290244654605,0.669395474415006,0.39179183233709,0.5583540175838396,500.00000000016115
392,77.26626241057238,28.542669780812087,36.93444656,43.594458530000026,40.098459327006594,1.3579816324639593,0.013966688886284828,0.7914344072341919,0.46489823190789475,0.2064093873878281,-0.41309911012649536,0.3364417254924774,-0.08870071678830867,0.10698419012040476,51.0,0.06042543890852222,295.4631745730189,4799.186029714107,0.01924482040305746,1.0887007167883087,0.46489823190789475,0.1622455925642471,0.21573966349902254,0.18364322093815727,0.0
393,77.27137817705153,28.542669780812087,39.595375130000036,46.858667630000014,43.273367032763176,1.9146008579748157,0.03300926834344864,0.7639173865318298,0.33414238109923244,0.17294487881004547,-0.24668583273887634,0.20961759984493256,0.0010701751708984376,0.08193386731956456,10.0,0.02792467079395216,696.3727753853676,723.3206738268749,0.002900528626194129,0.9989298248291015,0.33414238109923244,0.07497926108547145,0.03251571366625942,0.05799384211778664,500.2725223652905
394,77.27649394353068,28.542669780812087,42.497274110000006,46.70998376,44.818637821562525,0.8997529497644556,-0.01334668044000864,0.7175187468528748,0.20333282470703126,0.13823271945835564,-0.26919201016426086,0.29477810859680176,0.04077799115862165,0.07382884701298646,84.0,0.13823190446038172,410.3767309685617,7156.083201641317,0.028696019523362294,0.9592220088413783,0.20333282470703126,0.3711601877548946,0.32169017252808485,0.3513721816641707,500.2725223652905
395,77.28160971000983,28.542669780812087,36.596062579999995,45.447025370000034,41.18689631424344,2.2827984967694377,0.004704933613538742,0.8112266063690186,0.44625051398026316,0.23964722002688585,-0.33517786860466003,0.36990222334861755,-0.0964967105263158,0.11931655903376137,4.0,0.06069405574003101,3783.902087597159,1296.997785980148,0.005200983937652867,1.0964967105263157,0.44625051398026316,0.1629668433782768,0.05830444249792984,0.12110188302613802,0.0
396,77.28672547648898,28.542669780812087,38.682763789999996,44.004620930000044,41.321896860756596,0.9529521094298231,0.062157221138477325,0.7779212594032288,0.4350187602796053,0.16443375900671509,-0.37933069467544556,0.44035911560058594,-0.0377487503854852,0.10731225687577135,1.0,0.0027347903686990443,681.9896188572375,0.0,0.0,1.0377487503854852,0.4350187602796053,0.007343061000852624,0.0,0.004405836600511574,0.0
397,77.29184124296813,28.542669780812087,41.22747967999999,43.96018667000001,42.50884365796055,0.5467143097631677,0.03147699683904648,0.7271702289581299,0.34122854132401315,0.1807437552035295,-0.24514850974082947,0.24728341400623322,-0.023568757709703948,0.0802104965009662,118.0,0.09817879314816734,207.48628947490403,4318.383996343007,0.01731679579130828,1.023568757709704,0.34122854132401315,0.2636154036991275,0.19412598396109765,0.23581963580391557,500.2725223652905
398,77.29695700944728,28.542669780812087,41.15911928000003,44.11399757000001,42.50395836292765,0.5803021521622762,0.017997751012444496,0.6829302906990051,0.2845849609375,0.17028371678851603,-0.29387032985687256,0.3090645968914032,-0.015841415137575383,0.08336950573950548,110.0,0.1788683867598101,405.5035186878841,6062.639496746391,0.02431129103164134,1.0158414151375754,0.2845849609375,0.48027135466554866,0.27253617526926044,0.39717728290703336,1000.545044730581
400,77.10255788323957,28.547161336687044,40.195237640000016,45.20263694000005,42.465914041052656,1.265960370910473,0.00841121468693018,0.7164179086685181,0.21372864840323466,0.14462240432872236,-0.25340598821640015,0.25807246565818787,0.06833323696203399,0.07938907954697809,5.0,0.05540458638710041,2763.308894572143,231.77233627779094,0.0009294111456498048,0.931666763037966,0.21372864840323466,0.14876433024774144,0.010418951365369685,0.09342617869479272,2236.292693439709
401,77.10767364971872,28.547161336687044,38.475973580000016,44.94970346000002,42.03139163473686,1.761324129084877,-0.010109346359968185,0.7467532753944397,0.2466392543859649,0.17243575794431004,-0.22263798117637634,0.2813042104244232,0.05813082510964912,0.08073188288609977,11.0,0.0978472356788217,2218.24544182449,1379.3688150142166,0.005531293213092669,0.9418691748903509,0.2466392543859649,0.26272515384650297,0.062007299185678794,0.1824380119821733,2061.6137496351957
402,77.11278941619787,28.547161336687044,39.932050100000026,45.75977420000004,43.34775261894739,1.348713386397669,-0.007332205306738615,0.6658415794372559,0.17689115825452303,0.12497977370516362,-0.17700767517089844,0.3302924633026123,0.09449921189692982,0.08020111270277043,5.0,0.015759497037200972,786.0063791942671,1264.7707042556972,0.005071752773021673,0.9055007881030702,0.17689115825452303,0.04231510737035871,0.056855726043985116,0.04813135483980927,2000.0000000006446
403,77.11790518267702,28.547161336687044,37.78553354000002,44.1533048,41.78453228315791,1.3637498098675396,-0.01590186357498169,0.736457347869873,0.24188999109100878,0.1697330659473586,-0.2202848345041275,0.28295454382896423,0.057825686806126646,0.08358569478518989,0.0,0.0,0.0,1106.363696549753,0.004436537885536215,0.9421743131938733,0.24188999109100878,0.0,0.04973479463462209,0.019893917853848836,2000.0000000006446
404,77.12302094915617,28.547161336687044,38.49989972000003,41.94184586000006,40.190507438947385,0.9094084851570823,-0.023132849484682083,0.5864636301994324,0.16584772478070176,0.13760012183757472,-0.12086828052997589,0.3724617660045624,0.07604267321134868,0.062368078884977876,42.0,0.06054115596839233,359.46378330463267,7566.263879034706,0.030340851255319656,0.9239573267886513,0.16584772478070176,0.16255629916874262,0.3401291829700124,0.23358545268925052,1500.7535687583127
405,77.12813671563532,28.547161336687044,38.099991380000006,40.31486834000003,39.43099799789476,0.508653961499093,-0.022727273404598236,0.632394015789032,0.10423114977384869,0.09305764858130813,-0.16295894980430603,0.33046072721481323,0.07830476995100055,0.0553898773341637,36.0,0.06736170041488461,466.6209816433702,11105.008429902784,0.0445312791554049,0.9216952300489994,0.10423114977384869,0.1808698322654108,0.499207733767252,0.30820499286614733,1000.5023791722085
406,77.13325248211447,28.547161336687044,36.36021920000002,42.427204700000004,39.81356226736844,1.1088937699023524,0.006361322943121195,0.6289708018302917,0.19274816680372808,0.15367838364263872,-0.18858212232589722,0.22796794772148132,0.044417387309827305,0.06468581827270353,36.0,0.03628256750132749,251.33283690490512,7205.309834558321,0.02889341918731977,0.9555826126901728,0.19274816680372808,0.09742066868421095,0.32390307637364324,0.18801363175998387,500.25118958610426
407,77.13836824859362,28.547161336687044,32.47393046000002,41.897411600000055,38.30499850526317,2.2394634055481815,0.12222222238779068,0.7970229983329773,0.4054726905153509,0.17260411196035602,-0.33230531215667725,0.19360150396823883,-0.019612284877844024,0.114770169386851,129.0,0.09568081345411283,184.9647078387599,7503.191676340871,0.030087930612995563,1.019612284877844,0.4054726905153509,0.25690819224984224,0.337293873877791,0.2890624649010217,0.0
408,77.14348401507277,28.547161336687044,33.80695825999999,40.017500600000005,37.40511743789475,1.3788256425288814,0.07329192757606506,0.7816216349601746,0.45140530770285087,0.1389135746888609,-0.31681981682777405,0.2434837818145752,0.009036723354406525,0.10129751849961435,5.0,0.009896498547466276,493.58878469492447,0.0,0.0,0.9909632766455935,0.45140530770285087,0.026572637289001447,0.0,0.015943582373400867,0.0
409,77.14859978155192,28.547161336687044,37.327518860000055,40.448171119999984,39.04199980842107,0.6437112807097548,0.021600699052214622,0.6573666334152222,0.3651976254111842,0.11367538306102595,-0.15874294936656952,0.24663574993610382,0.054211142021313045,0.06159778720565599,1.0,0.014671061820585906,3658.602858109388,763.6753689821439,0.003062351663658161,0.945788857978687,0.3651976254111842,0.03939259956772858,0.034329793866422445,0.03736747728720612,500.00000000016115
410,77.15371554803107,28.547161336687044,37.33777292000002,43.33981604000002,40.173988772631596,1.3152288080140233,0.1431504786014557,0.6670157313346863,0.33252593458744517,0.10591528497491762,-0.17724713683128357,0.2661678194999695,0.10733582613760966,0.07270450358180301,0.0,0.0,0.0,0.0,0.0,0.8926641738623904,0.33252593458744517,0.0,0.0,0.0,500.25118958610426
411,77.15883131451022,28.547161336687044,34.56575870000006,42.96383384000001,38.179685214736864,1.4574234485033997,0.03492702543735504,0.7820845246315002,0.4672496916118421,0.14643584832519418,-0.37938252091407776,0.2368520200252533,-0.035131102444832786,0.09812114795279539,0.0,0.0,0.0,539.4965562034613,0.002163390680819703,1.0351311024448329,0.4672496916118421,0.0,0.024252197096254213,0.009700878838501686,0.0
412,77.16394708098937,28.547161336687044,34.26839096000003,37.836803840000016,35.6854089294737,0.8222756952042839,0.09846228361129761,0.7726015448570251,0.5420010108278509,0.15783978232238713,-0.31582531332969666,0.15418754518032074,-0.10697948790433114,0.08221102651479072,7.0,0.06275601129493807,2235.687067848276,689.0746301756969,0.002763201388720601,1.106979487904331,0.5420010108278509,0.16850330628015991,0.030976238036906054,0.11349247898285836,0.0
413,77.16906284746852,28.547161336687044,35.34164924000004,38.25380228000006,36.37081188736844,0.5897584232114472,0.09832893311977386,0.7509287595748901,0.46052425986842105,0.13259060110686943,-0.23236046731472015,0.2063492089509964,-0.04435977601168448,0.08095073986554412,17.0,0.09311155951525675,1365.8669656734062,0.0,0.0,1.0443597760116845,0.46052425986842105,0.2500096055736445,0.0,0.1500057633441867,0.0
414,77.17417861394767,28.547161336687044,35.25619874000006,40.325122400000055,37.37805899473687,1.1870891564269177,-0.06240369752049446,0.7615184187889099,0.4493695175438597,0.16125424198667138,-0.2802025377750397,0.3123367726802826,-0.010908628764905427,0.09055496602038893,1.0,0.008013040817831642,1998.255777037905,672.0513665900636,0.002694937802280936,1.0109086287649054,0.4493695175438597,0.021515450764019763,0.030210984692926286,0.024993664335582373,0.0
415,77.17929438042682,28.547161336687044,35.83042610000001,39.94230416000005,37.242957256842125,0.6139039212008978,0.01535811647772789,0.742007851600647,0.3978594098772321,0.1800640651999584,-0.35949715971946716,0.18214672803878784,-0.06368039812360492,0.0900988261890184,28.0,0.09277315695645955,826.2624686112932,4063.5486125881635,0.016294901419566587,1.063680398123605,0.3978594098772321,0.24910097628324862,0.1826702705133342,0.22252869397528285,500.00000000016115
416,77.18441014690598,28.547161336687044,35.56382054000005,38.8041035,37.18195142000002,0.671051344498723,0.012881064787507057,0.7269219160079956,0.3936113966557018,0.18130474762737855,-0.2787952721118927,0.22906574606895447,-0.06302194695723684,0.0904142718220768,41.0,0.13191294466101125,802.3378503760781,566.2685817792647,0.002270746974333311,1.0630219469572368,0.3936113966557018,0.35419343673814824,0.025455690303883654,0.2226983381644424,500.00000000016115
417,77.18952591338513,28.547161336687044,33.81721232000001,38.78359538000001,36.846911385263176,1.1670458273663222,0.023025501519441605,0.7789404988288879,0.3749904913651316,0.21229991770330642,-0.30867519974708557,0.3550730347633362,-0.05292218660053454,0.11204237833235658,44.0,0.15223915133801957,862.8342977191642,2263.2382011419377,0.009075624999873175,1.0529221866005345,0.3749904913651316,0.4087704080678419,0.10174022113528731,0.28595833329482,500.00000000016115
418,77.19464167986428,28.547161336687044,33.78303212000003,38.773341319999986,35.52509003473686,1.2317298164097592,0.018627682700753212,0.7698954343795776,0.5151511101973684,0.1772544320416994,-0.30867519974708557,0.2514832615852356,-0.11097221508360745,0.09372437474157608,25.0,0.07125313215020859,710.7513174491912,2677.647499166331,0.01073741357494778,1.1109722150836074,0.5151511101973684,0.19131853829428686,0.12036932239393858,0.16293885193414753,0.0
419,77.19975744634343,28.547161336687044,35.39975558000003,37.775279479999995,36.505416266315805,0.43975734719332493,0.018833333626389503,0.7256444096565247,0.3223742889939693,0.17847069473234944,-0.28036177158355713,0.23201537132263184,-0.04750256990131579,0.08242084353700255,141.0,0.22467179801569484,397.35910651912525,10872.420408763825,0.04359859709911285,1.0475025699013158,0.3223742889939693,0.6032560070720506,0.4887521146052226,0.5574544500853194,500.00000000016115
420,77.20487321282258,28.547161336687044,35.43051776000004,38.02137692000002,36.507903061052644,0.5310063351922368,-0.0003133813734166324,0.7851799726486206,0.43022122567160087,0.18094633338706106,-0.3020370304584503,0.1696065068244934,-0.09397291752330043,0.08578461534991516,88.0,0.13855593890789245,392.64149593480647,4894.127841231333,0.019625538737391087,1.0939729175233004,0.43022122567160087,0.37203023788439715,0.22000761942777705,0.3112211905017491,0.0
421,77.20998897930173,28.547161336687044,35.38950152000001,38.15467970000003,36.52782916526318,0.6019710287892673,0.01084860134869814,0.7829943895339966,0.41482473273026316,0.2021739713464821,-0.34431222081184387,0.17585234344005585,-0.09801664653577302,0.09546012238133945,106.0,0.1392720460049869,327.651237569104,8997.72267090024,0.03608102619191633,1.098016646535773,0.41482473273026316,0.3739530244194432,0.4044781030072264,0.38616305585455646,0.0
422,77.21510474578088,28.547161336687044,34.72982366000002,38.332416739999985,36.70455032315791,0.9956689768827294,0.0027695149183273315,0.7874833345413208,0.3448723829838268,0.25629183017693186,-0.3297671973705292,0.21484751999378204,-0.05568251224986294,0.12388061041861889,116.0,0.06643560366479018,142.82249596392347,6489.763801987621,0.02602406700932892,1.055682512249863,0.3448723829838268,0.17838321208184268,0.2917368591590837,0.2237246709127391,500.00000000016115
423,77.22022051226003,28.547161336687044,34.12825214000003,37.621468580000055,35.4409199694737,0.7637174714106809,0.07010853290557861,0.7839978337287903,0.5213395182291667,0.15693722412304667,-0.3566487431526184,0.2418007254600525,-0.111873779296875,0.08839986232141916,106.0,0.08595733434158889,202.22311499720752,0.0,0.0,1.111873779296875,0.5213395182291667,0.23080012156150456,0.0,0.13848007293690273,0.0
424,77.22533627873918,28.547161336687044,34.29231709999999,37.944471470000025,35.10317620684212,0.635730514659544,0.060698382556438446,0.7846283912658691,0.5815880276864035,0.1204043996470902,-0.3393099009990692,0.11298279464244843,-0.10985657809073465,0.07848990355463886,37.0,0.021936856243569825,147.8517221145891,1121.2370303003713,0.004496180215517415,1.1098565780907346,0.5815880276864035,0.058901653087251586,0.0504034013522196,0.055502352393238794,0.0
425,77.23045204521833,28.547161336687044,35.08187972000002,42.35884429999999,38.367559911578965,1.2803727164634178,0.025471912696957588,0.7709238529205322,0.43832502398574563,0.2139086112476776,-0.30948740243911743,0.19984367489814758,-0.09142189427425987,0.09632151730845212,180.0,0.17003215976719363,235.56582691009004,5492.464874719951,0.022024880767204543,1.09142189427426,0.43832502398574563,0.4565456042143251,0.24690489522925863,0.3726893206202985,0.0
426,77.23556781169748,28.547161336687044,36.91052042000001,43.122771770000014,40.21338595052634,2.067914011745256,-0.011662473902106285,0.7722594141960144,0.35119069952713816,0.2543977666034861,-0.30902543663978577,0.24641212821006775,-0.044788732695997806,0.11387100237273974,332.0,0.26741984190861845,200.86731122582938,7687.97402211048,0.03082891107009271,1.0447887326959977,0.35119069952713816,0.7180368317983672,0.3456004660478116,0.569062285498145,500.00000000016115
427,77.24068357817663,28.547161336687044,36.9754628,42.488729060000026,39.988796639473705,1.6057577661110327,0.011842728592455387,0.7668954730033875,0.3815869140625,0.23758494381253056,-0.304450660943985,0.19067902863025665,-0.06007971512643914,0.10677154500540131,234.0,0.24968892485487573,266.0952634547009,4073.322753199987,0.016334095895359804,1.0600797151264392,0.3815869140625,0.6704283543746927,0.18310965123196674,0.4755008731176023,707.2844213486351
428,77.24579934465578,28.547161336687044,40.17472952000003,43.473118820000025,41.386735073157915,0.666455131820858,0.023941343650221825,0.7212325930595398,0.31597493489583334,0.17532781625380622,-0.28039461374282837,0.20026671886444092,-0.036522928873697916,0.0803931150722424,235.0,0.268521261925724,284.94729555528824,4874.905936385094,0.01954845856081944,1.036522928873698,0.31597493489583334,0.7209942044971066,0.2191435297138834,0.5202539345838173,1118.4833529066989
429,77.25091511113493,28.547161336687044,40.184983579999994,44.16697688000005,42.32825672473686,0.9715836925221807,-0.00990289356559515,0.7311299443244934,0.263698302151864,0.1985510566200259,-0.29496562480926514,0.38240504264831543,-0.011136941742478755,0.09778018525374346,119.0,0.23625241145722647,495.08869644426426,5965.532711088931,0.023921891112920677,1.0111369417424787,0.263698302151864,0.6343505845218437,0.26817089642165964,0.48787870928177,1000.5023791722085
430,77.25603087761408,28.547161336687044,40.22599982,45.00097376000002,42.16487431052633,1.3083795317500655,-0.003223296720534563,0.6979066133499146,0.25857370476973685,0.1671125161952351,-0.24069634079933167,0.22431214153766632,-0.011226371631287691,0.07588720678130598,192.0,0.17411089973890345,226.14055478834493,11727.033741460977,0.04702561159698487,1.0112263716312877,0.25857370476973685,0.46749724305351287,0.527169877883477,0.4913662969854985,500.25118958610426
431,77.26114664409323,28.547161336687044,37.806041660000005,45.20605496000002,40.30751377684213,1.529847687465354,0.02963019721210003,0.7665573954582214,0.4548204495614035,0.2046430396480948,-0.29114505648612976,0.24863657355308533,-0.08811836108826754,0.09684005279493285,33.0,0.020721334503271415,156.58764907534032,6544.256706043761,0.02624258451319487,1.0881183610882674,0.4548204495614035,0.05563791105092149,0.294186499725498,0.1510573465207521,0.0
432,77.26626241057238,28.547161336687044,39.20742986000005,44.315660750000035,40.81317438578949,0.945576181105728,0.028612202033400536,0.7612740993499756,0.45570509525767544,0.19220706162490508,-0.2719128429889679,0.24093295633792877,-0.07251475551672149,0.091980172670005,12.0,0.09951861294235018,2068.1250284776793,1000.5125664591894,0.004012072991814451,1.0725147555167216,0.45570509525767544,0.2672128927759647,0.044976427893816694,0.17831830682310548,0.0
433,77.27137817705153,28.547161336687044,40.571219840000026,43.16549702000003,41.66918204473686,0.502626645642258,0.023428859189152718,0.7216024994850159,0.3668224455180921,0.1816849793469207,-0.2813691794872284,0.26426947116851807,-0.04390312864069353,0.08508266922892947,29.0,0.12237373216325637,1052.3105626412694,1516.45467889572,0.00608100993877556,1.0439031286406935,0.3668224455180921,0.3285801319405188,0.06816977298043397,0.22441598835648488,500.00000000016115
434,77.27649394353068,28.547161336687044,39.62271929000002,44.06785430000002,42.568281800000015,0.9274439390080643,0.0050774309784173965,0.7098463773727417,0.2531338936941964,0.1968574579870161,-0.27520662546157837,0.32387974858283997,-0.0027312564849853514,0.08385065716836114,2.0,0.00866008288743808,1079.80609689026,5850.871535645202,0.0234620977823526,1.0027312564849853,0.2531338936941964,0.02325279394089303,0.2630164883088101,0.11915827168805986,500.00000000016115
435,77.28160971000983,28.547161336687044,35.97740096000001,45.814462520000006,40.51766909631581,2.5478553087626867,-0.1080876812338829,0.7894449234008789,0.36673112835800437,0.21785835845961896,-0.35424554347991943,0.3019651174545288,-0.04761201557360197,0.12049067475696187,0.0,0.0,0.0,453.76503750810065,0.0018196057827227512,1.047612015573602,0.36673112835800437,0.0,0.020398275018618253,0.008159310007447301,500.00000000016115
436,77.28672547648898,28.547161336687044,38.103409400000004,45.41968121000002,41.30455973473686,1.8300745264876492,-0.02281695045530796,0.7974877953529358,0.4136595394736842,0.2154026403375766,-0.3738407492637634,0.36802974343299866,-0.06253952829461348,0.11999468211912016,2.0,0.004915515499660955,612.9044808095,1210.591716094953,0.00485449407741845,1.0625395282946135,0.4136595394736842,0.01319842667934271,0.05442019706008099,0.029687134831638023,0.0
437,77.29184124296813,28.547161336687044,40.877132630000034,44.65062671000004,43.140586744210545,0.8080079120937455,0.002365308813750744,0.6733137965202332,0.17392676637883772,0.14907671276038517,-0.23373304307460785,0.25689104199409485,0.03674997965494792,0.06550868853777737,18.0,0.03450110611050882,477.98496480680865,9972.656300728204,0.03999052719787291,0.963250020345052,0.17392676637883772,0.09263734788084417,0.4483046710816244,0.23490427716115628,500.25118958610426
438,77.29695700944728,28.547161336687044,40.933529960000044,44.58910235000002,42.815837806842126,0.7518634283806717,-0.02067442797124386,0.6811735033988953,0.17112621641995615,0.15529631582256795,-0.3229430317878723,0.35072246193885803,0.038252678586725604,0.09378354581611104,25.0,0.10529283300372781,1050.2979660963317,9044.962309953946,0.03627045797552818,0.9617473214132743,0.17112621641995615,0.28271698794477035,0.4066016847500805,0.3322708666668944,1000.5023791722085
440,77.10255788323957,28.551652892562,39.046782920000055,44.16355886000002,41.060240088421075,0.9798740225966537,0.0074875205755233765,0.7374974489212036,0.36049984580592104,0.17147487011740606,-0.3203040063381195,0.276523232460022,-0.021136706168191476,0.09529788550374832,0.0,0.0,0.0,1743.8351513956136,0.006992809633417419,1.0211367061681915,0.36049984580592104,0.0,0.07839129519683742,0.03135651807873497,2692.753168462667
441,77.10767364971872,28.551652892562,39.046782920000055,45.55127498000002,41.64415007473686,1.547404078306981,-0.02659037336707115,0.7229850888252258,0.292028380276864,0.18876552442148067,-0.2885180115699768,0.3291579782962799,0.016173937613503976,0.1034520610473448,6.0,0.1541107915668368,6405.241708553807,2224.236930221531,0.008919229217399427,0.9838260623864961,0.292028380276864,0.4137958639598752,0.09998698193757612,0.2882723111509556,2549.554844785547
442,77.11278941619787,28.551652892562,40.11320516000001,45.24023516,42.9776540694737,1.1714124348453,-0.0193653367459774,0.6460481286048889,0.1646800472861842,0.12747245402121093,-0.2664206624031067,0.28696873784065247,0.06746515642132675,0.09069845841111686,2.0,0.029727925232891382,3706.7075837042253,2567.3738372059534,0.010295214250629995,0.9325348435786732,0.1646800472861842,0.07982109740928738,0.11541214786958409,0.09405751759340605,2500.000000000806
443,77.11790518267702,28.551652892562,38.7015629,43.31247188000003,41.57679497473686,0.8456122418233842,-0.014627184718847275,0.6422426700592041,0.2207346705386513,0.12956466181679194,-0.23513193428516388,0.30693069100379944,0.04750242534436678,0.07609641742348747,10.0,0.03175225926527791,791.8234407299137,4060.337037962365,0.016282022948821372,0.9524975746556332,0.2207346705386513,0.08525654447537731,0.18252589935856298,0.12416428642865157,2062.4447883633084
444,77.12302094915617,28.551652892562,37.395879260000015,42.42036866000001,39.264022958947386,1.033468269808316,-0.004245465155690908,0.6219177842140198,0.16294882255688048,0.11662645728277829,-0.2564152181148529,0.3727678656578064,0.059589083487527415,0.08712272003740336,11.0,0.24196994664370094,5485.578897320652,3216.711937767425,0.012899071456580482,0.9404109165124726,0.16294882255688048,0.6497024777160469,0.14460209434068838,0.44766232436590353,1581.7930203060675
445,77.12813671563532,28.551652892562,39.09121718000006,42.20845142000002,40.627188594736865,0.752694395438269,-0.020537124946713448,0.5062814354896545,0.1127362917180647,0.08146311281420687,-0.12025174498558044,0.332558810710907,0.088352554053591,0.05985390547776954,21.0,0.04338377287118436,515.1832627195519,4817.262893019189,0.0193173089429063,0.911647445946409,0.1127362917180647,0.11648779163712918,0.2165522797181918,0.15651358686955422,1118.4451825019694
446,77.13325248211447,28.551652892562,38.185441879999985,42.09565676,40.00206130842107,0.7884102916003196,-0.0058914730325341225,0.7225465774536133,0.23099907055235747,0.1676754395004885,-0.28612303733825684,0.260869562625885,0.020545627527069628,0.07875675131811061,27.0,0.06874803858534495,634.9657060945478,7987.414188343911,0.03202967140422948,0.9794543724729303,0.23099907055235747,0.18459222571465475,0.3590613155129739,0.2543798616339824,707.2693309946267
447,77.13836824859362,28.551652892562,38.65029260000006,42.52974530000006,40.776364532631604,0.9311587975890507,0.0628328025341034,0.6596638560295105,0.2770129180372807,0.1100436648723759,-0.20742358267307281,0.22635135054588318,0.056838630542420505,0.05989717143128679,55.0,0.09385673058819669,425.5557417998253,3965.74400946715,0.01590270324054156,0.9431613694575794,0.2770129180372807,0.2520104304658543,0.17827362240773037,0.22251570724260472,500.00000000016115
448,77.14348401507277,28.551652892562,36.51744812000004,41.476995139999985,39.54461806210528,1.2380155817655834,0.05533596873283386,0.6838876605033875,0.3266724489446272,0.1167530647414748,-0.18374758958816528,0.23930193483829498,0.06163571541769463,0.0634169502600111,46.0,0.06924364831465994,375.384064588595,206.14951532316005,0.0008266631828830971,0.9383642845823054,0.3266724489446272,0.18592296481503678,0.009267118797008696,0.11526062640782556,500.00000000016115
449,77.14859978155192,28.551652892562,35.939802740000005,41.17279136000002,38.18363234000002,1.3008418327985245,0.1820608675479889,0.6878835558891296,0.40648514597039476,0.10001410689346446,-0.19234704971313477,0.22230204939842224,0.07524828459087171,0.07301472212706692,0.0,0.0,0.0,0.0,0.0,0.9247517154091283,0.40648514597039476,0.0,0.0,0.0,0.0
450,77.15371554803107,28.551652892562,37.201052119999986,43.54831525999998,39.76115968210529,1.318738071160377,0.06536135822534561,0.7285429239273071,0.364648865816886,0.15898139957621202,-0.29320186376571655,0.17515848577022552,0.020981925830506443,0.08614878994586304,0.0,0.0,0.0,1786.2076865041013,0.007162724244590279,0.9790180741694936,0.364648865816886,0.0,0.08029608413590054,0.03211843365436022,500.22985373268716
451,77.15883131451022,28.551652892562,34.73324167999999,44.90868722000005,39.97819866105265,2.26581353798907,0.07160814106464386,0.7602033615112305,0.35022208230537283,0.1467140229240993,-0.3043825626373291,0.18295535445213318,0.025692299290707238,0.0941159123992986,26.0,0.022897988775312426,219.62294576589056,14.483623793042073,5.80795861958177e-05,0.9743077007092927,0.35022208230537283,0.06148234625162279,0.000651087935331291,0.03714984292510619,500.00000000016115
452,77.16394708098937,28.551652892562,34.28548106000005,38.50331774000006,36.41908745157896,0.8409471204861155,0.05366171896457672,0.8086572289466858,0.5032926432291667,0.1848780594241303,-0.34133654832839966,0.166733518242836,-0.09563629685786733,0.09958533508447201,16.0,0.027988267737353925,436.2242044477172,2707.6055879795063,0.010857546038090233,1.0956362968578672,0.5032926432291667,0.0751500223402323,0.12171603993304038,0.09377642937735553,0.0
453,77.16906284746852,28.551652892562,34.83578227999999,38.66738270000002,36.71662450526318,0.9991559088465977,-0.00064294901676476,0.7447351813316345,0.3753663394325658,0.20506403572899626,-0.26929059624671936,0.2144463211297989,-0.02989221673262747,0.0890169891905742,13.0,0.07599428450014856,1457.7776927979178,4022.5327558930067,0.016130427112696917,1.0298922167326274,0.3753663394325658,0.2040487904256436,0.18082646886306472,0.19475986180061206,500.00000000016115
454,77.17417861394767,28.551652892562,35.738139560000036,38.759669239999994,36.8717793326316,0.5121880944571635,0.029957549646496773,0.7033609747886658,0.3727539490816886,0.17126429903461673,-0.2848755121231079,0.14351792633533478,-0.06015410841557017,0.07623651760780462,18.0,0.051829508632656486,718.05598870897,9647.381234390661,0.03868616845984926,1.0601541084155701,0.3727539490816886,0.13916505187739922,0.4336824553721692,0.2569720132753072,500.00000000016115
455,77.17929438042682,28.551652892562,36.056015419999994,40.472097260000055,38.024361073684226,0.8661108564853817,0.044929396361112595,0.7020931839942932,0.36867710658482145,0.15831012411663414,-0.29617440700531006,0.21422576904296875,-0.0541112790788923,0.08421493835120838,28.0,0.06411732470415774,571.0459871024204,6318.034122728659,0.025335427974552797,1.0541112790788922,0.36867710658482145,0.17215850688331763,0.28401702854890615,0.21690191554955304,500.00000000016115
456,77.18441014690598,28.551652892562,33.74543390000002,38.48280962000001,36.54834786736844,1.2057384552272292,0.03517938032746315,0.7479786276817322,0.4283642578125,0.1710298786251966,-0.2930343449115753,0.2049100250005722,-0.08049808435272753,0.0831454601075159,41.0,0.09891928747166488,601.6595920491711,8217.426381279927,0.032952024344115566,1.0804980843527274,0.4283642578125,0.26560367126451834,0.36940114247476485,0.30712265974861697,0.0
457,77.18952591338513,28.551652892562,32.091112220000014,36.85241408000002,33.79742378315792,0.6821345685266573,0.145079106092453,0.7777448296546936,0.6293320826480263,0.06627378830095385,-0.28955286741256714,0.03573530539870262,-0.15195740816885964,0.05405268365002105,0.0,0.0,0.0,3.5261977911747966,1.4140115173001419e-05,1.1519574081688597,0.6293320826480263,0.0,0.0001585145314619874,6.340581258479496e-05,0.0
458,77.19464167986428,28.551652892562,32.40898808000003,36.26793266000004,34.04897100736844,0.7578290939347243,0.06933523714542389,0.7795103788375854,0.5742189213267543,0.14508485497005408,-0.5086156725883484,0.14278416335582733,-0.12952359383566336,0.08388619251459896,0.0,0.0,0.0,0.0,0.0,1.1295235938356634,0.5742189213267543,0.0,0.0,0.0,0.0
459,77.19975744634343,28.551652892562,33.53693468000006,37.65564877999998,35.64915463684212,1.056106631199307,-0.006423196755349636,0.7376330494880676,0.4103306606359649,0.19335807035160768,-0.29960474371910095,0.2547840476036072,-0.07264545106051261,0.0861008687897696,91.0,0.1677019030998007,459.5685714800031,6663.211214661049,0.02671959418531421,1.0726454510605126,0.4103306606359649,0.45028873822117416,0.29953390770299493,0.38998680601390245,0.0
460,77.20487321282258,28.551652892562,36.086777600000005,38.23671218000004,37.47554134842107,0.4501164798253785,-0.00764818349853158,0.7459067106246948,0.3471774773848684,0.18123673964208922,-0.30402475595474243,0.19004064798355103,-0.049804259183114034,0.08626184038920369,121.0,0.24713465285799216,509.3332139040358,8050.847026254607,0.03228403820011723,1.049804259183114,0.3471774773848684,0.6635699950281925,0.36191283637941074,0.5429071315686798,500.00000000016115
461,77.20998897930173,28.551652892562,35.70054134000003,38.49989972000003,37.31610076842107,0.5716812079685137,0.012587967328727245,0.749965250492096,0.3340841728344298,0.19837336704522796,-0.32520148158073425,0.36840739846229553,-0.04915762918037281,0.1054004769809599,117.0,0.15933187204136903,339.6022189788438,6518.304753674269,0.02613851672766472,1.0491576291803728,0.3340841728344298,0.42781474922934787,0.29301987158550263,0.37389679817180976,500.00000000016115
462,77.21510474578088,28.551652892562,35.351903300000004,39.35782274000002,37.047833817894755,0.8844584703751452,0.043734852224588394,0.7738452553749084,0.484670624314693,0.18126421576787616,-0.344318687915802,0.24663902819156647,-0.1194312808388158,0.10243776391430565,95.0,0.15337123310974796,402.600237025958,3619.4010122193313,0.01451386172895549,1.1194312808388158,0.484670624314693,0.41181010924673306,0.16270433186161282,0.31216779829268493,0.0
463,77.22022051226003,28.551652892562,34.30598917999998,42.816858980000006,37.13258589894738,1.8311560937170641,0.0152227021753788,0.783382773399353,0.4610023043448465,0.20846410221760744,-0.3267616033554077,0.2676195204257965,-0.060018074972587716,0.11415645511911605,25.0,0.12737698604315983,1270.5878031021834,0.0,0.0,1.0600180749725878,0.4610023043448465,0.3420141409466135,0.0,0.20520848456796809,0.0
464,77.22533627873918,28.551652892562,34.55550463999998,37.607796500000006,35.51992596736844,0.7169757492612163,0.09344729036092758,0.760545015335083,0.5377382726836623,0.10392829384317445,-0.2899320423603058,0.15050460398197174,-0.04883516010485198,0.08669954351552578,1.0,0.003503807308207286,873.7635754546765,0.0,0.0,1.048835160104852,0.5377382726836623,0.00940791334278342,0.0,0.005644748005670052,0.0
465,77.23045204521833,28.551652892562,34.7195696,42.07173062000004,38.15789136894738,1.7670645808014935,-0.00672623235732317,0.771540641784668,0.4043904194078947,0.22035936031611836,-0.3105323612689972,0.25233644247055054,-0.07229508249383224,0.10039922533802177,146.0,0.19534069626397416,333.65189651904694,6625.455864073354,0.026568194565291994,1.0722950824938322,0.4043904194078947,0.5245004023097164,0.2978366768432939,0.4338349121231474,0.0
466,77.23556781169748,28.551652892562,38.30849060000003,45.43335329000004,42.22055205736844,0.9134528828542372,0.008516887202858925,0.6932693719863892,0.21709973787006578,0.15587280973771048,-0.274761438369751,0.25233644247055054,0.009566080863015693,0.07672509536790921,330.0,0.37245962819408324,281.46149344376954,6155.162677941691,0.024682310615837196,0.9904339191369843,0.21709973787006578,1.0,0.2766954055748467,0.7106781622299386,500.22985373268716
467,77.24068357817663,28.551652892562,40.83269837000003,43.43552060000002,41.96810535421055,0.4415233430319241,0.0064904959872365,0.7251469492912292,0.2206223658511513,0.15874774151568957,-0.287009060382843,0.21360833942890167,0.009764784428111293,0.0808758007565178,371.0,0.38782014191972747,260.68147731460004,6220.25873440497,0.024943346947378965,0.9902352155718888,0.2206223658511513,1.0,0.27962169374737195,0.7118486774989488,1000.4597074653743
468,77.24579934465578,28.551652892562,39.046782920000055,42.96041581999998,41.1453942894737,0.7632089734613009,0.033337127417325974,0.7332048416137695,0.35728691234923243,0.18667903030055488,-0.3077722489833832,0.1918468475341797,-0.038467286762438324,0.08344810921228087,145.0,0.1844036738184278,317.14311612251674,6534.263388256252,0.026202511133071545,1.0384672867624383,0.35728691234923243,0.4951339017162739,0.29373726625061963,0.4145752475300122,1414.5386619892533
469,77.25091511113493,28.551652892562,40.15251239000003,43.00485008000001,41.77257979526318,0.7066877822003652,0.0011085356818512082,0.7256261110305786,0.3354850688733553,0.18835375982026517,-0.2669946849346161,0.38018590211868286,-0.013974185073584841,0.08795626528651979,71.0,0.1414230691442906,496.7245574241776,2897.838865972517,0.011620384829292183,1.0139741850735848,0.3354850688733553,0.3797286386335836,0.13026766996497163,0.2799442511661388,1118.4451825019694
470,77.25603087761408,28.551652892562,40.466970230000015,44.80101959000004,42.40710399105265,1.061571517122275,-0.20898035168647766,0.7283454537391663,0.36375068530701754,0.15640419149846538,-0.27222874760627747,0.428803026676178,-0.019833746123732184,0.07445987380852336,11.0,0.03532352036189903,800.8017547800454,1319.3479573700638,0.005290608518094919,1.0198337461237321,0.36375068530701754,0.09484557491171589,0.0593091583861975,0.08063100830150853,707.2693309946267
471,77.26114664409323,28.551652892562,40.82415332000002,44.613028490000005,42.672148690526335,0.881681137008324,-0.18815980851650238,0.7411054372787476,0.35092604252330045,0.16813241579087543,-0.24873876571655273,0.44408220052719116,-0.0042941418028714365,0.08258290078868946,3.0,0.028391080217293106,2360.0129401688896,2038.6653735470813,0.008175084010690628,1.0042941418028715,0.35092604252330045,0.07623159577487373,0.09164491206488136,0.08239692229087678,500.00000000016115
472,77.26626241057238,28.551652892562,39.60221117000003,44.259263420000025,41.50647688526318,0.9956225408896892,-0.0002585983893368393,0.7501471638679504,0.38762164199561405,0.19698899572206835,-0.27583205699920654,0.23393316566944122,-0.05831985741330866,0.09536933469424928,25.0,0.1300487049273113,1297.238248625917,995.7184713499361,0.003992848586091997,1.0583198574133086,0.38762164199561405,0.34918785157833065,0.04476091708443175,0.22741707778077108,500.00000000016115
473,77.27137817705153,28.551652892562,40.27556111000001,43.53464317999999,41.68561605421054,0.7145032112103098,0.03395061567425728,0.7235168218612671,0.40018511855811406,0.16602916407639431,-0.2739240527153015,0.26995617151260376,-0.06817236113966557,0.08116913365202749,41.0,0.1062966447105144,646.5311015411763,1913.67015722414,0.007673850994407735,1.0681723611396656,0.40018511855811406,0.2854122770172598,0.08602595382039228,0.2056577477385128,0.0
474,77.27649394353068,28.551652892562,38.99038559000002,43.74314240000001,40.95652340500002,1.00912123764027,0.02395843341946602,0.79048091173172,0.4819216047014509,0.18048290935066835,-0.306764155626297,0.180914506316185,-0.08066481454031808,0.08733971426086852,2.0,0.010725694543256312,1337.3625300966346,535.4778403332626,0.0021472755594857842,1.0806648145403182,0.4819216047014509,0.028799073672732562,0.024071542209328212,0.026908061087370823,0.0
475,77.28160971000983,28.551652892562,36.989134879999995,46.85695862000003,43.28100599000002,2.1529454364963145,-0.02277432754635811,0.7358182668685913,0.1520093415912829,0.1339983827438537,-0.33583277463912964,0.4204856753349304,0.03923298618249726,0.09105300508956585,0.0,0.0,0.0,2500.553993265986,0.010027265500983045,0.9607670138175027,0.1520093415912829,0.0,0.11240836961272736,0.04496334784509095,500.22985373268716
476,77.28672547648898,28.551652892562,42.79293283999999,46.39039889000003,44.28597794473686,0.8042368034320478,-0.14804381132125854,0.5305138230323792,0.11297589218407346,0.10103093344473253,-0.12917979061603546,0.39956989884376526,0.08553024559690241,0.05997148902647341,0.0,0.0,0.0,3567.8000801355247,0.014306941083572134,0.9144697544030976,0.11297589218407346,0.0,0.16038469522842744,0.06415387809137098,500.00000000016115
477,77.29184124296813,28.551652892562,42.17939825000002,46.43825117000003,44.15780748578949,0.940229367756036,0.014117997139692307,0.668158769607544,0.20911803128426534,0.1387977502548574,-0.18278437852859497,0.29964280128479004,0.030640981573807565,0.0666662411194641,35.0,0.04673862664773249,333.01333532570385,11493.521213669186,0.04608922225275171,0.9693590184261924,0.20911803128426534,0.12549575663952628,0.5166726990167498,0.2819665335904157,707.2693309946267
478,77.29695700944728,28.551652892562,37.75306235000005,45.42309923000002,44.2420198794737,0.9349924463118118,0.00034518467145971954,0.7744987607002258,0.13026887592516448,0.12714214409573002,-0.4573543071746826,0.233021080493927,0.06160724305270011,0.05980222428101615,17.0,0.014968280222220152,219.57187265371863,13804.549680216005,0.05535648705759118,0.9383927569472998,0.13026887592516448,0.04019064715439403,0.6205612544139604,0.2723388900582206,1118.4451825019694
480,77.10255788323957,28.556144448436957,39.67569860000003,44.48827075999998,42.60287293842108,1.2846460794206191,-0.05756495147943497,0.7038931250572205,0.15796342816269188,0.17911789990331745,-0.25609517097473145,0.30785810947418213,0.05485143828810307,0.09640861059234226,9.0,0.27073501051890625,7501.629893276595,817.7216718882511,0.003279078289056184,0.9451485617118969,0.15796342816269188,0.7269382399692009,0.03675935819881911,0.4508666872610482,3162.409561258658
481,77.10767364971872,28.556144448436957,40.45158914000001,46.22120690000003,43.162056513026336,1.1459331092683678,-0.02880288101732731,0.686776340007782,0.22225894325657894,0.18211823980373085,-0.23581336438655853,0.31467005610466003,0.05940881561814693,0.09391012487590004,22.0,0.21635439515872656,2452.430809874256,162.66937339570214,0.000652307048881927,0.9405911843818531,0.22225894325657894,0.580923327665827,0.007312539180748581,0.3514790122717956,3041.415551727418
482,77.11278941619787,28.556144448436957,39.904705939999985,45.23681714000003,43.66520254921055,1.2673447724852132,0.00298062595538795,0.6490218639373779,0.161183075486568,0.11861225988554762,-0.17811068892478943,0.38092681765556335,0.11255069130345395,0.07564244813296288,4.0,0.03392777766314297,2115.1888296439183,0.0,0.0,0.887449308696546,0.161183075486568,0.09109792979208797,0.0,0.05465875787525278,2693.550437079377
483,77.11790518267702,28.556144448436957,41.54535554000006,45.38379200000003,43.48447474171055,0.9556158142346027,-0.013995801098644733,0.5481548309326172,0.14062440035635965,0.09096544134239201,-0.23748862743377686,0.36703693866729736,0.09987658048930921,0.06709692310444891,16.0,0.02573896066374299,401.1665796617783,362.00227061163474,0.0014516354732418927,0.9001234195106907,0.14062440035635965,0.06911051041265756,0.01627322791075231,0.047975597411895464,2236.814013846067
484,77.12302094915617,28.556144448436957,39.25186412000005,46.63136930000002,43.727446492368436,1.889485443091746,0.00959692895412445,0.6329752206802368,0.18347225791529606,0.10200864470875781,-0.29395413398742676,0.27252867817878723,0.09768638209292763,0.0757720095750734,5.0,0.06880906836629785,3431.858678906826,3410.9967549518665,0.013678156991211896,0.9023136179070723,0.18347225791529606,0.18475609399850387,0.1533358547789845,0.17218799831069612,1803.2961555310303
485,77.12813671563532,28.556144448436957,39.169831639999984,46.436542160000045,43.24890120539476,2.0832466925239275,0.014245014637708664,0.6177989840507507,0.22747815583881578,0.07887638688779944,-0.1478782743215561,0.2257116585969925,0.11208393297697368,0.07460540909874308,16.0,0.06958961522390353,1084.6214143633906,2894.173798956912,0.011605687846086328,0.8879160670230263,0.22747815583881578,0.1868519047981261,0.13010291279161926,0.16415230799552338,1414.5084775762293
486,77.13325248211447,28.556144448436957,39.55948592000004,44.98388366000006,42.12295594605265,1.0844543961964306,-0.0073952339589595795,0.6194959878921509,0.24076240405701754,0.09125875543924135,-0.16285543143749237,0.2693674564361572,0.1177386046292489,0.06967424907007923,2.0,0.018042869774066196,2249.7245165741456,2344.657455711903,0.009402117642968975,0.8822613953707511,0.24076240405701754,0.048446087458043186,0.10540029233788496,0.0712277694099799,1118.1272549599348
487,77.13836824859362,28.556144448436957,38.84170172000006,42.62886788000003,40.415891069276334,0.7813924527597795,0.11510791629552841,0.7207993268966675,0.321892304002193,0.10356041635454184,-0.2532750964164734,0.24593301117420197,0.11501175729851974,0.07251612834102285,0.0,0.0,0.0,227.35405453455394,0.0009116937581361207,0.8849882427014802,0.321892304002193,0.0,0.010220334639402385,0.004088133855760954,1000.0000000003223
488,77.14348401507277,28.556144448436957,38.01454088000003,42.15034508000002,40.09305683157896,0.9848036252273368,0.06840390712022781,0.6544263958930969,0.3154043311403509,0.09572589517251186,-0.17052792012691498,0.23495811223983765,0.0889648865816886,0.061874536969032175,9.0,0.01996355142675552,553.1577680768985,2372.5758711158337,0.009514070979859856,0.9110351134183114,0.3154043311403509,0.053603222242609994,0.10665531965030375,0.07482406120568749,500.20851480517035
489,77.14859978155192,28.556144448436957,35.724467480000044,39.932050100000026,37.3489039719737,0.7698676984120957,0.19894039630889893,0.7105904221534729,0.41957746539199564,0.08763680424911145,-0.2025081217288971,0.23679880797863007,0.06978085701925713,0.06989460539444567,0.0,0.0,0.0,0.0,0.0,0.9302191429807429,0.41957746539199564,0.0,0.0,0.0,0.0
490,77.15371554803107,28.556144448436957,36.58239050000003,40.64983430000001,38.719327609210545,0.9809772277052133,0.042969267815351486,0.751937985420227,0.35537364223547147,0.1430145784607722,-0.3777092695236206,0.19465427100658417,0.010449724030076412,0.07790270309134097,24.0,0.04382216724390089,455.34055489572967,2036.735025967665,0.008167343282939853,0.9895502759699236,0.35537364223547147,0.1176649043906816,0.09155813640445874,0.10722219719619244,500.20851480517035
491,77.15883131451022,28.556144448436957,36.99597091999999,40.229417839999996,38.58196593046055,0.7161097238562966,0.005634736269712448,0.7368601560592651,0.29161145662006577,0.1524972219195732,-0.33462390303611755,0.2101534903049469,-0.010820347300746984,0.0736983734303322,52.0,0.11723852650680884,562.2386926933605,5042.773621751522,0.020221610932149026,1.0108203473007469,0.29161145662006577,0.3147918252319664,0.22668975062073798,0.2795509953874751,500.20851480517035
492,77.16394708098937,28.556144448436957,35.17758428000002,40.23625388000005,37.23607558151318,1.2828936155156894,0.05112824961543083,0.7780410647392273,0.4175806949013158,0.18044554263458398,-0.3092438578605652,0.2526819109916687,-0.0747633495665433,0.08265727904740557,49.0,0.12252991475185288,623.5909065754087,7748.725687383892,0.03107252631653964,1.0747633495665434,0.4175806949013158,0.3289994906922761,0.3483314591249589,0.3367322780653492,0.0
493,77.16906284746852,28.556144448436957,35.32114111999999,38.62978448000001,36.76157794980264,0.7651533158816968,-0.008503791876137257,0.765387773513794,0.3072945792214912,0.2301427394976652,-0.2612448036670685,0.234601691365242,-0.030514261346114308,0.09598989429309242,15.0,0.03181076211641248,528.8549055321962,5692.898454452966,0.02282862294782044,1.0305142613461142,0.3072945792214912,0.08541362781511766,0.25591506336564174,0.1536142020353273,500.20851480517035
494,77.17417861394767,28.556144448436957,36.63366080000003,39.53555978000003,38.18821902125002,0.6960008259536415,-0.025568626821041107,0.6733115315437317,0.22018651058799343,0.17652084157014422,-0.25314754247665405,0.26614803075790405,0.0004931175499631648,0.08372574891897518,23.0,0.04768256927038751,516.9940376742325,12439.317293294709,0.049881881169829216,0.9995068824500368,0.22018651058799343,0.12803029396231128,0.559189435541185,0.3004939505938608,500.00000000016115
495,77.17929438042682,28.556144448436957,35.19809240000001,38.5990223,37.12161688546055,0.652631852981881,0.05541610345244408,0.7221645712852478,0.41213309151785715,0.1521259012094912,-0.25109192728996277,0.16825224459171295,-0.0698724365234375,0.07016815019995325,62.0,0.10173300718994277,409.1889667112474,11135.11372014014,0.04465200189884778,1.0698724365234376,0.41213309151785715,0.27315866186529525,0.5005610685088383,0.36411962452271246,0.0
496,77.18441014690598,28.556144448436957,33.909498859999985,38.619530420000046,36.815344303881595,1.0449113841387936,0.07521650195121765,0.7229366898536682,0.4422149979440789,0.13812371842211082,-0.28908106684684753,0.1381753832101822,-0.08611341509902687,0.06844020055029487,85.0,0.13259903021211572,389.0228796294249,16622.51041881535,0.06665655919095713,1.0861134150990268,0.4422149979440789,0.3560356137880697,0.7472381320625427,0.5125166210978589,0.0
497,77.18952591338513,28.556144448436957,30.758084420000046,37.706919080000034,34.00988071052634,1.2835362856444155,0.13813814520835876,0.7666847705841064,0.5824317262883771,0.11077458176199839,-0.5542432069778442,0.12099739909172058,-0.17787659762198466,0.11922031600131368,0.0,0.0,0.0,149.50646750583405,0.0005995235647109771,1.1778765976219847,0.5824317262883771,0.0,0.006720821987506415,0.002688328795002566,0.0
498,77.19464167986428,28.556144448436957,31.400672180000015,37.06091330000004,34.032603797434234,0.9648753573621327,0.04784736782312393,0.7931717038154602,0.5892883514939693,0.15604004811973848,-0.5679662823677063,0.16717948019504547,-0.1725432064658717,0.11485600385117477,14.0,0.04758873351073518,847.6758950246593,126.38482948522423,0.0005068053895087442,1.1725432064658716,0.5892883514939693,0.1277783398399497,0.005681426061774875,0.07893957432867978,0.0
499,77.19975744634343,28.556144448436957,33.62922121999998,37.65223076000001,35.26901631500002,1.218734773421225,0.03618134185671806,0.7899901866912842,0.506091094435307,0.2242989301970192,-0.29798516631126404,0.1898968517780304,-0.10451557360197368,0.09724253027687946,238.0,0.17807684304531665,186.58821627769447,4884.770632050828,0.01958801616397182,1.1045155736019736,0.506091094435307,0.4781460167065987,0.2195869811888354,0.37472240249949335,0.0
500,77.20487321282258,28.556144448436957,37.016479040000036,39.84659959999999,37.92310884500002,0.5612989478476577,-0.013339039869606495,0.6793892979621887,0.22417566132127192,0.15478991063051345,-0.2581419348716736,0.36064374446868896,0.0034013085616262334,0.08133463779175926,377.0,0.44868727047844287,296.7946858055155,8798.291766439417,0.03528130475678028,0.9965986914383738,0.22417566132127192,1.0,0.3955130085196833,0.7582052034078733,500.20851480517035
501,77.20998897930173,28.556144448436957,35.034027440000045,38.311908620000054,36.78428979322371,0.6153342142488853,0.031794872134923935,0.7452213168144226,0.3814724677905702,0.1989906027790828,-0.2931337058544159,0.27308839559555054,-0.06527535957202577,0.09023354582394212,93.0,0.174123711665562,466.9051774142526,3927.3533071446495,0.01574875584888611,1.0652753595720257,0.3814724677905702,0.46753164377397355,0.17654783033606095,0.3511381183988085,707.2542387881147
502,77.21510474578088,28.556144448436957,36.02867126000001,38.07264722000002,36.89543166065791,0.4156789186763633,0.040145594626665115,0.7452043890953064,0.3898439213267544,0.19023791789137295,-0.3078537583351135,0.20557768642902374,-0.07106757983826754,0.08477949140688368,158.0,0.19115588433487996,301.70624982644307,2225.66185023203,0.008924943171707717,1.0710675798382676,0.3898439213267544,0.5132639544912123,0.10005103691724863,0.3479787874616268,500.00000000016115
503,77.22022051226003,28.556144448436957,35.96714689999999,39.23477402000003,37.28395034848686,0.6680332533900413,0.038174960762262344,0.7337425351142883,0.399883026658443,0.17447521710003067,-0.2551882266998291,0.3625626266002655,-0.057808891430235744,0.0791998849229215,101.0,0.16857705076224988,416.2275283130943,1264.1764385971908,0.005069369757277159,1.0578088914302357,0.399883026658443,0.4526385573311394,0.05682901179027596,0.29431473911479406,500.00000000016115
504,77.22533627873918,28.556144448436957,35.297214980000035,40.49602340000001,37.623885929671076,1.3122973526069264,0.05346433445811272,0.7423955798149109,0.3805993009868421,0.16930011677831378,-0.2677665054798126,0.2185007929801941,-0.04493877745511239,0.07920416958265046,93.0,0.17354520982125218,465.35394982055914,4480.720196664272,0.017967766810300767,1.0449387774551124,0.3805993009868421,0.46597833483282297,0.20142354588392772,0.3601564192532649,500.00000000016115
505,77.23045204521833,28.556144448436957,36.20640830000002,39.827800490000016,38.28568318694081,0.7933027994044012,0.021872084587812424,0.7367235422134399,0.3538102856016996,0.18133639263476622,-0.2975132465362549,0.2164587378501892,-0.05092307642886513,0.08767756882069565,108.0,0.18635527284218095,430.30030325076734,5223.356839833015,0.020945752813348727,1.050923076428865,0.3538102856016996,0.5003740513250504,0.23480757778168945,0.39414746190770605,500.00000000016115
506,77.23556781169748,28.556144448436957,38.06068415000004,45.452152400000045,42.07600876674344,1.5479191206130012,0.006879735272377729,0.7223121523857117,0.2400571803042763,0.17609118834437873,-0.2607976794242859,0.26019760966300964,-0.000648189343904194,0.08366556043742845,194.0,0.2829864434049584,363.76224643205984,4482.913920804098,0.017976563682691918,1.000648189343904,0.2400571803042763,0.7598340041417684,0.20152216121261166,0.5365092669701057,707.2542387881147
507,77.24068357817663,28.556144448436957,40.605400040000006,43.34494307000003,41.920921730986855,0.5773854571538717,-0.0023374599404633045,0.7356089949607849,0.22206754985608554,0.16534852576913298,-0.2641098201274872,0.2487654983997345,0.008282225090160704,0.08243018489421179,382.0,0.30892046067123924,201.66801940653116,7744.28766798297,0.031054729780671426,0.9917177749098393,0.22206754985608554,0.8294682521496172,0.34813195512444106,0.6369337333395467,1118.4070069230336
508,77.24579934465578,28.556144448436957,39.71671484000001,42.27852083000002,40.92492869256581,0.5329612873304411,0.025952404364943504,0.7236841917037964,0.3208765933388158,0.18142893639516774,-0.2724885046482086,0.22209759056568146,-0.040451389781215735,0.0815829430052821,290.0,0.23900814375006266,205.52678240616072,4305.340102619038,0.017264489548016158,1.0404513897812158,0.3208765933388158,0.6417498757289214,0.193539616767723,0.46246577214444207,1414.5084775762293
509,77.25091511113493,28.556144448436957,40.50456845000002,42.84933017,41.91755430667765,0.5532660973720827,0.004132782109081745,0.6799126267433167,0.18787554824561403,0.16642384093034965,-0.27204737067222595,0.23561376333236694,0.027973231265419406,0.07684984146282461,247.0,0.17264352946188788,174.30388815687726,13360.593554163748,0.05357621518235783,0.9720267687345806,0.18787554824561403,0.4635572739874052,0.6006039231811577,0.5183759336649062,1000.4170296103407
510,77.25603087761408,28.556144448436957,39.88590683000001,44.75487632000002,42.25800146651317,1.3059604593957794,0.020918546244502068,0.7407352924346924,0.3229457065515351,0.15549664483442438,-0.26762667298316956,0.1980133354663849,-0.004365328069318805,0.07631978881167127,229.0,0.10643480533144004,115.90493027172484,2492.559059234541,0.009995205674875697,1.0043653280693188,0.3229457065515351,0.28578324580484377,0.11204897025480258,0.21628953558482727,500.20851480517035
511,77.26114664409323,28.556144448436957,39.43643720000003,44.22166520000002,41.485242237598705,0.8447009337234438,0.02056037075817585,0.758286714553833,0.421306366502193,0.1793667178945291,-0.2853459417819977,0.18567104637622833,-0.051039894505550985,0.08460893924129843,80.0,0.08529328903518332,265.875669786055,1582.3054724530652,0.006345072779341342,1.051039894505551,0.421306366502193,0.22901712376830055,0.07112998914110061,0.16586226991742056,0.0
512,77.26626241057238,28.556144448436957,40.43449904000005,45.02148188000004,43.543902191414496,0.8345239589283087,-0.01050080731511116,0.7208085060119629,0.25678770901864034,0.1680548350408853,-0.2395811527967453,0.37995418906211853,0.011834435713918585,0.08926408345637969,21.0,0.12913350516118707,1533.463230892493,3850.536759796891,0.015440720142718948,0.9881655642860814,0.25678770901864034,0.3467304903898703,0.17309466640922952,0.27727616079761397,500.20851480517035
513,77.27137817705153,28.556144448436957,41.162537300000054,44.78905652000003,43.01315901677634,0.8646059272457634,0.024891171604394913,0.680565357208252,0.29516430235745617,0.15791408051871364,-0.23186904191970825,0.1604803502559662,-0.014439350596645422,0.0719434116248674,92.0,0.08490287440075354,230.13797556549474,8227.009805891654,0.032990454045393455,1.0144393505966454,0.29516430235745617,0.22796883922369496,0.36983194986337226,0.28471408347956584,500.00000000016115
514,77.27649394353068,28.556144448436957,39.67911662,43.27316465000004,41.225675725000016,0.9298378322272494,0.017931034788489342,0.732231855392456,0.3077783203125,0.18407755947554472,-0.2741699814796448,0.2047082930803299,-0.03214391708374023,0.08226362337380558,125.0,0.171778543191194,342.69883217277356,10782.18288823353,0.04323674305439141,1.0321439170837403,0.3077783203125,0.4612347387674108,0.4846956324864515,0.47061909625502707,500.00000000016115
515,77.28160971000983,28.556144448436957,39.767985140000036,45.744393110000004,42.32313498578949,1.2703529504474318,0.027456028386950493,0.7423515915870667,0.33450023985745614,0.19536691441499304,-0.25512897968292236,0.22126661241054535,-0.028080845883018093,0.09062978747713604,5.0,0.030588689768697858,1525.6137446922712,5475.675707735312,0.02195755591225293,1.0280808458830182,0.33450023985745614,0.08213229704131048,0.24615016532021392,0.14773944435287184,707.2542387881147
516,77.28672547648898,28.556144448436957,42.09736577000004,45.77173727000002,43.402088091875015,0.6873484427709758,-0.006703910417854786,0.6825043559074402,0.21334331311677632,0.16780787847616044,-0.24222742021083832,0.21984361112117767,0.0238514763012267,0.07217112242100132,56.0,0.040458176768578935,180.16565410190307,10822.208569398066,0.04339724673996482,0.9761485236987733,0.21334331311677632,0.10863240685474534,0.4864949223935924,0.2597774130702842,1000.0000000003223
517,77.29184124296813,28.556144448436957,41.538519500000035,45.32739467000002,43.636885827598704,0.8583005778710148,0.0011253197444602847,0.6789087057113647,0.19340145713404605,0.1573444507307059,-0.22140970826148987,0.1953352838754654,0.022632901375753838,0.07499456234674336,36.0,0.05478660061572133,379.51205511080406,9867.508665700774,0.039568883331729705,0.9773670986242462,0.19340145713404605,0.1471050048132094,0.44357792882614927,0.2656941744183854,1118.1272549599348
518,77.29695700944728,28.556144448436957,33.26178407000003,44.177230940000015,40.579674942105285,3.4666355294175255,-0.05776780843734741,0.8535371422767639,0.3029190224095395,0.27991165112060556,-0.6163774132728577,0.22326317429542542,-0.09286108184279057,0.19525550549874146,13.0,0.024646778257702753,472.79244458635003,10812.90663853562,0.04335994583357338,1.0928610818427906,0.3029190224095395,0.06617794120245275,0.4860767691022362,0.23413747236236615,1414.5084775762293
520,77.10255788323957,28.560636004311913,42.44087678000005,46.92531902000002,44.80580799263159,1.2347080238116068,-0.04460431635379791,0.46299296617507935,0.10103123715049342,0.07355468284160448,-0.14702308177947998,0.3184921443462372,0.11356103729783443,0.05413580506812379,0.0,0.0,0.0,0.0,0.0,0.8864389627021656,0.10103123715049342,0.0,0.0,0.0,2915.764886018782
521,77.10767364971872,28.560636004311913,42.81344095999998,47.07229388000002,45.29782297684213,1.0558798992903344,0.006587146315723658,0.6363636255264282,0.13883251524808113,0.09105648990907234,-0.1534413844347,0.3604876697063446,0.11649011444627193,0.06677489338799197,1.0,0.006219105351876716,1550.8922867009544,0.0,0.0,0.8835098855537281,0.13883251524808113,0.01669863638991969,0.0,0.010019181833951814,2692.721454468212
522,77.11278941619787,28.560636004311913,42.96041581999998,46.19728076000001,45.15052007157897,0.5544009150053744,0.0003691399178933352,0.3274821639060974,0.09880698756167763,0.05653494838368628,-0.04688137024641037,0.3486211895942688,0.12332331071820175,0.06470495030467023,1.0,0.0004021140376785642,100.27737497993502,0.0,0.0,0.8766766892817982,0.09880698756167763,0.0010796980791538647,0.0,0.0006478188474923188,2549.5464710103583
523,77.11790518267702,28.560636004311913,41.92133774000001,49.027401320000024,44.44558254736844,1.0417190789037527,-0.011446409858763218,0.5344725847244263,0.07119664242393092,0.067474307001826,-0.18564391136169434,0.33299848437309265,0.09625495776795505,0.06549406869061367,2.0,0.018251520766954323,2275.740735722535,459.9666709196009,0.0018444744417976386,0.903745042232045,0.07119664242393092,0.04900632673129865,0.020677059441030207,0.03767461981519127,2500.000000000806
524,77.12302094915617,28.560636004311913,38.95791440000005,47.65335728000002,42.912415390526334,2.314787220956299,0.0021707669366151094,0.708293616771698,0.2186769505550987,0.13142285810565504,-0.2441064566373825,0.3171510696411133,0.0761980344538103,0.08625444849534634,5.0,0.023549679344642426,1174.5424456868323,3406.511718960289,0.013660171917988073,0.9238019655461897,0.2186769505550987,0.0632321709032823,0.15313423722350467,0.09919299743137125,2121.717434188054
525,77.12813671563532,28.560636004311913,38.393941100000006,46.210952840000004,41.48933387473686,2.145696583830725,0.056055765599012375,0.721466600894928,0.2800157192297149,0.1222627392557572,-0.22259554266929626,0.25591063499450684,0.07365919682017544,0.0890361713840949,23.0,0.034289843135567294,371.7845897385916,4755.546418408355,0.01906982479404406,0.9263408031798246,0.2800157192297149,0.09207009529359918,0.21377791519419762,0.14075322325383857,1802.9833142186378
526,77.13325248211447,28.560636004311913,38.906644099999994,44.05418222000003,41.70849985684212,0.9635749271672329,0.040133778005838394,0.6175427436828613,0.26069237424616226,0.11569509136491603,-0.17398373782634735,0.2746441662311554,0.06703161406935307,0.06716902108238716,31.0,0.061250492513627915,492.7216138497105,5665.662607176589,0.022719406721128307,0.9329683859306469,0.26069237424616226,0.16446090640351094,0.2546907198019341,0.2005528317628802,1581.1980292925973
527,77.13836824859362,28.560636004311913,37.81971374,42.34859024000002,40.43575831052633,1.0681493055923483,0.01824953407049179,0.7148772478103638,0.29000164902001097,0.14342962099559567,-0.17656533420085907,0.27278807759284973,0.03263439780787418,0.0669366275329336,61.0,0.1053056022973632,430.5021885400262,5571.871068117482,0.022343300999586525,0.9673656021921259,0.29000164902001097,0.2827512741932432,0.25047447251533483,0.26984055352207986,1118.3688261702998
528,77.14348401507277,28.560636004311913,38.56826011999999,43.14840692000001,40.057236405263176,0.7778700541657679,0.019473081454634666,0.6538688540458679,0.3023400236430921,0.10629037154126379,-0.15130732953548431,0.23620522022247314,0.05606299684758772,0.06225110068551123,33.0,0.049121165610100125,371.20040900414415,3273.3575904162262,0.01312622152017264,0.9439370031524122,0.3023400236430921,0.13189300344052923,0.1471485082461862,0.13799520536279203,707.2391447293514
529,77.14859978155192,28.560636004311913,35.77915580000001,43.50388099999998,39.48561224315792,1.5479156459142847,0.07210390269756317,0.6757920384407043,0.33792411938048245,0.11642012733307444,-0.28309571743011475,0.22995904088020325,0.06488417240611294,0.07018693117757505,0.0,0.0,0.0,0.0,0.0,0.9351158275938871,0.33792411938048245,0.0,0.0,0.0,500.00000000016115
530,77.15371554803107,28.560636004311913,35.68345124000001,39.52872374000003,37.08519923157896,0.8044255743745977,0.03367875516414642,0.685245931148529,0.3695433285361842,0.16190986218901976,-0.26618269085884094,0.18674997985363007,-0.045204130473889804,0.0703639916907475,121.0,0.19804772414125282,408.1672993920733,5518.076721968295,0.022127584725215997,1.0452041304738897,0.3695433285361842,0.5317689195099294,0.2480562344923618,0.41828384550290243,707.2391447293514
531,77.15883131451022,28.560636004311913,35.939802740000005,42.91256354000001,37.21531679789476,1.339864032894242,0.018656356260180473,0.6787916421890259,0.30725680167214914,0.15962261621629475,-0.2334708273410797,0.20761199295520782,-0.02339822869551809,0.07946457746568421,172.0,0.33871561584613535,491.08932603911484,5775.807429333296,0.023161089395566915,1.023398228695518,0.30725680167214914,0.9094698656126669,0.2596421025408239,0.6495387603839298,707.2391447293514
532,77.16394708098937,28.560636004311913,35.54331242000001,38.05555712,36.59457050315791,0.44476866933738607,0.04475994408130646,0.737533688545227,0.39596615439967103,0.1728070855780579,-0.26950958371162415,0.24020016193389893,-0.06264140881990131,0.07061014227958758,129.0,0.23574129074062417,455.72165822235075,7609.525447762469,0.030514330906945063,1.0626414088199012,0.39596615439967103,0.6329781975762967,0.3420739369807927,0.5166164933380951,500.00000000016115
533,77.16906284746852,28.560636004311913,36.199572260000025,40.294360220000044,37.9267411526316,0.8895056145258022,-0.11373493820428848,0.7659547924995422,0.3649891635827851,0.18744348186496676,-0.2629537880420685,0.2807539701461792,-0.04865095707408169,0.09329506150530363,85.0,0.14374645001845482,421.7275030837817,11152.571679324794,0.044722008622286376,1.0486509570740816,0.3649891635827851,0.3859670427476503,0.5013458628920019,0.43211857080539096,500.00000000016115
534,77.17417861394767,28.560636004311913,36.40123544000005,38.674218740000015,37.275253842105286,0.4252596714297993,0.04060276225209236,0.7343351244926453,0.43584275630482455,0.14051345141688504,-0.27862465381622314,0.14129243791103363,-0.08804961622807017,0.06409483485871409,109.0,0.13201011370353566,302.0191141334521,16690.818801126818,0.06693047700565911,1.0880496162280702,0.43584275630482455,0.35445434090645955,0.7503088251598297,0.5127961346078076,0.0
535,77.17929438042682,28.560636004311913,36.739619420000054,38.7015629,37.3138256157895,0.3316420194383384,0.09287663549184799,0.7387983202934265,0.4276164899553571,0.13938689088509001,-0.30056798458099365,0.1946294754743576,-0.0769571794782366,0.0677483281212516,79.0,0.21540223618730567,679.9497814093022,14050.64524235424,0.05634333459090547,1.0769571794782367,0.4276164899553571,0.5783667289993709,0.6316240832844362,0.599669670713397,0.0
536,77.18441014690598,28.560636004311913,36.61998872000004,38.71523497999999,37.45653588736844,0.45145622194437074,0.020477525889873505,0.7012702822685242,0.3926561643366228,0.14492745795342474,-0.2762009799480438,0.2006807178258896,-0.06637098345840187,0.06963363936275029,90.0,0.16253513788461227,450.35861698348566,14108.304669816527,0.056574549909333326,1.0663709834584019,0.3926561643366228,0.43641569237954336,0.6342160698007416,0.5155358433480226,500.00000000016115
537,77.18952591338513,28.560636004311913,34.69564346000004,38.29140050000001,36.932435960000014,0.9242865453282919,-0.002735317684710026,0.7290640473365784,0.36997515762061406,0.19008288742075885,-0.29595884680747986,0.18759894371032715,-0.05935638963130482,0.08412067770749385,188.0,0.149936872274129,198.88604887436114,8736.94596051117,0.035035306995855754,1.0593563896313047,0.36997515762061406,0.40258866346297967,0.39275530680816517,0.39865532080105387,500.00000000016115
538,77.19464167986428,28.560636004311913,34.01545748000001,38.91006212000002,37.014182723157916,1.1659026359506526,0.021204819902777672,0.7699902653694153,0.2899282569216009,0.21024050561177363,-0.29334786534309387,0.18849925696849823,-0.034882916902240955,0.09458589465847754,141.0,0.09219137868023917,163.05154534165032,12773.930783837237,0.05122368715318984,1.0348829169022409,0.2899282569216009,0.2475388699440745,0.5742314450413208,0.378215899982973,500.00000000016115
539,77.19975744634343,28.560636004311913,34.972503080000024,38.311908620000054,37.413392644210546,0.638721683933261,0.013316582888364792,0.7171590328216553,0.24344660173382676,0.17099794393385953,-0.2752721607685089,0.17924779653549194,-0.01223688092148095,0.07845562224325595,233.0,0.19886246405246794,212.83870974399971,14824.58771376037,0.05944685751589546,1.012236880921481,0.24344660173382676,0.5339565405196991,0.6664154181722624,0.5869400915807244,500.00000000016115
540,77.20487321282258,28.560636004311913,36.319202959999984,39.84659959999999,37.7283795894737,0.8696222701806883,0.01335606724023819,0.7699281573295593,0.2501829341419956,0.17715582141746716,-0.29285284876823425,0.20295390486717224,-0.0050181847287897475,0.08889735903489242,218.0,0.2889776230318177,330.5684817015754,11954.697111039208,0.04793854571388739,1.0050181847287898,0.2501829341419956,0.7759206475534978,0.5374041172815249,0.6805140354447086,707.2391447293514
541,77.20998897930173,28.560636004311913,37.05749528000001,39.132233420000034,37.92627554000002,0.37494559779070163,-0.013325968757271767,0.7402015924453735,0.26562671326754383,0.19157347731155358,-0.28191378712654114,0.328405499458313,-0.011038277609306469,0.09089921979775369,78.0,0.15685777232226206,501.49333145556335,10748.664400829266,0.04310233333026666,1.0110382776093065,0.26562671326754383,0.42117165681263835,0.4831888629741175,0.44597853927723,1118.117707505783
542,77.21510474578088,28.560636004311913,35.95005680000003,38.49306367999998,37.06173870421054,0.5918806786041575,0.021006140857934952,0.7442563772201538,0.33260883532072366,0.20032689393880065,-0.27816513180732727,0.24596007168293,-0.038443549976014256,0.09059385615400738,76.0,0.12702800883489526,416.8114305802457,6228.089523173107,0.024974748548092923,1.0384435499760143,0.33260883532072366,0.3410771181467953,0.27997371421986667,0.31663575657602383,1000.0000000003223
543,77.22022051226003,28.560636004311913,36.64733288000002,39.47403542000001,37.84122716000002,0.6190662987402054,0.039496853947639465,0.7138825058937073,0.3094749049136513,0.18206099967872708,-0.27221474051475525,0.20341192185878754,-0.026483130204050163,0.082089175848018,36.0,0.04607344548559498,319.1551909730315,4692.495748661629,0.018816990499216667,1.0264831302040502,0.3094749049136513,0.1237097090118548,0.21094357408086573,0.15860325503945916,1000.0000000003223
544,77.22533627873918,28.560636004311913,37.621468580000055,40.588309940000045,38.588683583157916,0.7536141155284356,0.032478634268045425,0.7303788661956787,0.3314440489651864,0.16474392364461146,-0.2640455365180969,0.31458452343940735,-0.02338884855571546,0.07889394047511436,60.0,0.1954891984646897,812.5034949513787,7221.61416994285,0.02895879985902613,1.0233888485557154,0.3314440489651864,0.5248991388019522,0.3246360114604798,0.4447938878653632,1000.0000000003223
545,77.23045204521833,28.560636004311913,37.75135334000004,42.33662717000004,38.95125825578949,1.2157708349739687,0.03932420536875725,0.7413267493247986,0.3398866673519737,0.17690596140706383,-0.27856990694999695,0.2336794137954712,-0.04196428800884046,0.08991669387454923,70.0,0.15873778034463704,565.5043961088564,7283.0270814304795,0.02920506671442425,1.0419642880088404,0.3398866673519737,0.4262195806858524,0.3273967297941314,0.386690440329164,1000.0000000003223
546,77.23556781169748,28.560636004311913,38.85879182000002,42.6322859,40.56368009000003,0.8913987059291032,-0.21611909568309784,0.7197598218917847,0.3977538634183114,0.16755096902410413,-0.2580852508544922,0.3648086488246918,-0.05084777296635143,0.07728784424583376,44.0,0.10758316043217103,609.7409231597468,2525.0293504215992,0.010125412113730317,1.0508477729663515,0.3977538634183114,0.2888666417579015,0.1135086197976707,0.21872343297380917,1118.117707505783
547,77.24068357817663,28.560636004311913,39.50821561999999,42.367389350000025,41.16784422578949,0.5668220583853418,0.044906262308359146,0.7483330965042114,0.3874767852247807,0.1933978300852469,-0.27095383405685425,0.2636248469352722,-0.05997252882572643,0.0865517150296122,295.0,0.22510631045513013,190.29149410395905,5376.117259332829,0.021558324782796796,1.0599725288257265,0.3874767852247807,0.6044226966234404,0.24167467593016914,0.45932348834613185,1414.4782894587029
548,77.24579934465578,28.560636004311913,39.39883898000005,42.85616621,41.22033146789476,0.6844003304948987,0.027319448068737984,0.7377797961235046,0.28032063802083335,0.18188633833503523,-0.30588746070861816,0.1711006760597229,-0.021385148700914885,0.08023851345120803,676.0,0.3184465736452394,117.47450038800964,12202.510801116794,0.048932282970462586,1.021385148700915,0.28032063802083335,0.8550463840129281,0.548544181820964,0.7324455031361424,1118.3688261702998
549,77.25091511113493,28.560636004311913,40.11320516000001,42.68013818,41.533217865263175,0.5891478613213876,0.010697475634515285,0.7628510594367981,0.23795258103755482,0.20566848468607815,-0.2826296389102936,0.18033669888973236,-0.004888946800901179,0.09256160641887148,83.0,0.05185184257028678,155.79008834740972,9689.307808443093,0.0388542947593423,1.0048889468009012,0.23795258103755482,0.13922501971562387,0.43556719685160655,0.25776189057001697,707.2391447293514
550,77.25603087761408,28.560636004311913,40.19181962000002,42.401569550000005,41.58158337736844,0.4945479195744711,0.0331210196018219,0.729586124420166,0.30415467379385963,0.17665818486161816,-0.2566886842250824,0.2763674557209015,-0.03417884960509183,0.08278385903858225,295.0,0.14545762566229453,122.96123045208746,9791.868316837925,0.03926556420217788,1.0341788496050919,0.30415467379385963,0.39056164249456465,0.44017763900417045,0.410408041098407,500.00000000016115
551,77.26114664409323,28.560636004311913,41.101012940000004,46.41774305000001,43.42375329894739,1.5075979463976146,0.0073616718873381615,0.7312865853309631,0.22580969024122807,0.17595578460018793,-0.29317182302474976,0.2599565386772156,0.006164991144548383,0.08694582530762175,71.0,0.11039311703865767,387.73711061068724,8126.914773948484,0.032589071206499974,0.9938350088554516,0.22580969024122807,0.2964115281986841,0.3653323392261431,0.32397985260966766,500.00000000016115
552,77.26626241057238,28.560636004311913,40.924984910000035,45.684577760000025,43.05220500105265,1.1716548765103414,0.026311593130230904,0.7265684604644775,0.3057873963473136,0.17840621079990832,-0.27268534898757935,0.2280934751033783,-0.02050835592704907,0.08626822959466922,47.0,0.13251352204825032,703.0983219235662,2751.2795106189196,0.0110326792361552,1.0205083559270491,0.3057873963473136,0.35580601971368614,0.12367933064850171,0.26295534408761234,707.2391447293514
553,77.27137817705153,28.560636004311913,40.41740894,43.25949257000002,42.089296914736856,0.6468734263357167,0.01420852541923523,0.7147483229637146,0.31355789987664473,0.18871903024026282,-0.27044710516929626,0.26373404264450073,-0.03339302999931469,0.0865355384094191,54.0,0.11086068097881793,511.96173755888935,5442.091320649823,0.02182288192924721,1.0333930299993146,0.31355789987664473,0.29766696282858923,0.2446404333940531,0.2764563510547748,1000.0000000003223
554,77.27649394353068,28.560636004311913,41.442814940000005,44.10032548999999,42.52829320000002,0.5783288001848746,0.014436016790568829,0.7233725190162659,0.31667007446289064,0.1751506565967791,-0.23479804396629333,0.3353884220123291,-0.012390406472342354,0.08877374867389472,14.0,0.0689651508215464,1228.4440378094407,2306.4770750409953,0.009249013644836242,1.0123904064723424,0.31667007446289064,0.18517518388677132,0.10368395493666592,0.15257869230672916,1000.0000000003223
555,77.28160971000983,28.560636004311913,39.101471239999995,45.02660891000002,42.11708023210527,1.2129740413948609,0.06045420467853546,0.7483860850334167,0.39768006441885967,0.167486989885887,-0.27739307284355164,0.2555609345436096,-0.034858039722108006,0.08816228819869715,21.0,0.08105115857519889,962.4843013528073,1513.1407306273609,0.006067720947922794,1.034858039722108,0.39768006441885967,0.2176267725743774,0.06802079978376221,0.15778438345813134,1118.117707505783
556,77.28672547648898,28.560636004311913,41.40521672,45.53076686000003,43.289582786315805,0.7319947620357619,0.014816885814070702,0.7072358727455139,0.3789704118695175,0.15366260487245006,-0.2495722770690918,0.23192466795444489,-0.03170814915707237,0.07184963123749505,12.0,0.03166151699223254,657.9671258997464,6074.261532307597,0.024357895598688447,1.0317081491570723,0.3789704118695175,0.085012896532941,0.2730586251233865,0.16023118796911923,1414.4782894587029
557,77.29184124296813,28.560636004311913,41.16595532000002,44.31224273000004,42.92770124157897,0.8900448835026956,0.014963659457862377,0.7085399627685547,0.254370331345943,0.18171814969510108,-0.29279235005378723,0.204812690615654,-0.013069275973135964,0.08469712296311954,9.0,0.014839827539203265,411.18765417811545,7803.672143036174,0.03129286257028468,1.013069275973136,0.254370331345943,0.039845744708520314,0.3508014883714795,0.16422804217370401,1581.1980292925973
558,77.29695700944728,28.560636004311913,31.02810800000003,44.81810969,37.95230222789475,4.4513089891167334,-0.23743978142738342,0.815936267375946,0.2877270079495614,0.3085241514781617,-0.534561276435852,0.2927710711956024,-0.08343745181435033,0.1589092892211327,2.0,0.0023872634305617158,297.66246359407376,2634.7775216192513,0.01056550421084551,1.0834374518143504,0.2877270079495614,0.006409932255267674,0.11844217173277354,0.05122282804627003,1802.9833142186378
560,77.10255788323957,28.56512756018687,43.27829168000005,46.93557308000004,44.97033856526318,1.1703397071318196,0.01035880483686924,0.42305788397789,0.1255934972930373,0.05914182985317202,-0.06530290842056274,0.3102189898490906,0.11548808850740132,0.05661885184468291,15.0,0.03950873901662672,656.834009945145,0.0,0.0,0.8845119114925987,0.1255934972930373,0.10608311481068494,0.0,0.06364986888641096,2500.2985215864437
561,77.10767364971872,28.56512756018687,41.70600248000005,46.79201624000001,43.9158000294737,1.3186067094971856,-0.005557485390454531,0.30457934737205505,0.07813080369380482,0.06292560988263954,-0.07292048633098602,0.322530061006546,0.10187782689144737,0.04109493532440096,1.0,0.0003595391681071647,89.6602470990482,0.0,0.0,0.8981221731085527,0.07813080369380482,0.0009653822369071148,0.0,0.0005792293421442689,2236.2163180048947
562,77.11278941619787,28.56512756018687,40.87542361999999,44.93603138000003,41.82126277052634,0.6624755800267572,-0.043925873935222626,0.1715124100446701,0.009121677331757127,0.01816390773331298,-0.10270269960165024,0.24483361840248108,0.0808764005962171,0.031340024257595515,0.0,0.0,0.0,0.0,0.0,0.9191235994037829,0.009121677331757127,0.0,0.0,0.0,2061.5930382182064
563,77.11790518267702,28.56512756018687,41.148865220000005,48.627492980000056,42.642878587368436,1.2565601292628692,-0.061892129480838776,0.5396825671195984,0.010141059473941201,0.041606409616399886,-0.114937923848629,0.29160407185554504,0.06146950169613487,0.051695991562070075,2.0,0.4113550925039019,51290.933660332834,6.385130872654824,2.5604487122075533e-05,0.9385304983038651,0.010141059473941201,1.0,0.000287033254667528,0.600114813301867,2000.0000000006446
564,77.12302094915617,28.56512756018687,38.22987613999999,47.59183292,41.05473739368422,1.7498159521113519,-0.036916837096214294,0.7204430103302002,0.21149998715049342,0.18128220926023467,-0.24968421459197998,0.295966774225235,0.03093937120939556,0.08171081735580892,17.0,0.026075948406161835,382.51186761343706,6102.265556188844,0.024470192227079333,0.9690606287906044,0.21149998715049342,0.07001534084406585,0.2743175008267563,0.15173620483714206,2061.5930382182064
565,77.12813671563532,28.56512756018687,38.212786040000026,43.14157088000002,40.30592646105265,1.151053032219354,0.005084991920739412,0.6890995502471924,0.28492962753563594,0.16994538726735228,-0.23387570679187775,0.2435959428548813,0.01752148276881168,0.08120269646295672,19.0,0.04628414262828675,607.4805038359946,5578.820780312187,0.022371169467741737,0.9824785172311883,0.28492962753563594,0.12427544230870965,0.2507868856122678,0.17488001963013292,1803.1895898782861
566,77.13325248211447,28.56512756018687,38.46571951999999,44.53954106000003,41.328940905263174,1.398803159939865,0.03307086601853371,0.6801007390022278,0.2645183576617325,0.1292301294624104,-0.19310754537582397,0.24406780302524567,0.06177848949766995,0.07976358611691307,20.0,0.036655411735772324,457.0480166387755,2754.093225590778,0.011043962282689244,0.93822151050233,0.2645183576617325,0.09842177574845991,0.12380581666455785,0.10857539211489908,1414.448097637179
567,77.13836824859362,28.56512756018687,36.59606258000002,41.94184586000006,38.920369090526336,1.0739513681548187,0.06729110330343246,0.7542662024497986,0.3986768434758772,0.14329627822472568,-0.24254633486270905,0.16831010580062866,-0.02064267074852659,0.0702223067683871,53.0,0.09340733223204824,439.49994104004463,981.3939785219436,0.003935407117865349,1.0206426707485265,0.3986768434758772,0.2508037714178152,0.04411698262484395,0.16812905590062668,1118.1081590024473
568,77.14348401507277,28.56512756018687,38.216204059999995,40.97796421999999,39.46989781684212,0.6670546347334659,0.016178736463189125,0.5990189909934998,0.2907631321957237,0.10355743911349177,-0.15271160006523132,0.1925918608903885,0.0337908507229989,0.05414455835285338,89.0,0.08819758646126799,247.12712475207948,618.7986690164039,0.0024813935482265737,0.9662091492770011,0.2907631321957237,0.23681532044489048,0.027817095607605508,0.15321603050997648,707.2240488185895
569,77.14859978155192,28.56512756018687,36.82848794000006,41.05657868000003,39.11715392000003,0.889902087052391,0.030161509290337563,0.6972818374633789,0.32751734683388156,0.11146997739411077,-0.1833910048007965,0.23787878453731537,0.059884552537349235,0.07234547267428926,12.0,0.02370456964914675,492.6115058405378,0.0,0.0,0.9401154474626507,0.32751734683388156,0.06364805980190999,0.0,0.038188835881145994,500.00000000016115
570,77.15371554803107,28.56512756018687,35.823590060000015,39.019438760000014,37.30903192210528,0.6538417849105667,0.045145824551582336,0.7238873839378357,0.3430323978892544,0.12374030711788148,-0.2648049592971802,0.18509070575237274,0.022282846015796328,0.0846985154567902,102.0,0.15699105570193003,383.82075939476437,4452.114936771073,0.017853059214925433,0.9777171539842037,0.3430323978892544,0.42152952994196613,0.2001376425858577,0.3329727749995227,707.2240488185895
571,77.15883131451022,28.56512756018687,35.55356648000003,39.82609148000006,36.7055027126316,0.6485520818005065,0.009045226499438286,0.6647347211837769,0.30781791820860743,0.15286105499178299,-0.23330147564411163,0.2129504680633545,-0.03799532170881305,0.06672984533877223,205.0,0.3506218295870878,426.51942274317054,2424.63615282719,0.009722833625330241,1.0379953217088131,0.30781791820860743,0.941438697589574,0.1089956056047412,0.6084614607956408,1000.3316554567239
572,77.16394708098937,28.56512756018687,35.83042610000001,38.58535022000001,36.69743914842107,0.5668817648628945,0.011474856175482273,0.7391809225082397,0.32551235265899126,0.168160802113599,-0.2833261787891388,0.1587161421775818,-0.047148855108963814,0.0718914390732914,215.0,0.31304377525171906,363.0950553609934,7011.744421461471,0.028117218475734847,1.0471488551089638,0.32551235265899126,0.8405395762396504,0.31520165558519936,0.63040440797787,500.16582772836193
573,77.16906284746852,28.56512756018687,36.25426058000005,38.66396468000005,37.61629393052633,0.42412754938637975,0.07873259484767914,0.7322811484336853,0.4052965666118421,0.14744702292423553,-0.26607656478881836,0.14365482330322266,-0.07069258840460527,0.06924892607832704,89.0,0.10977183043653031,307.57754177848886,5506.824562341793,0.022082463367173653,1.0706925884046052,0.4052965666118421,0.29474333985392115,0.24755041181400997,0.27586616863795665,0.0
574,77.17417861394767,28.56512756018687,36.934446560000026,39.30655244000002,38.00381062526318,0.5093825437252438,0.03895336017012596,0.684596598148346,0.37107987253289476,0.13663610896269396,-0.2512831389904022,0.17286084592342377,-0.05872788278680099,0.06277073773763768,100.0,0.10623433074468897,264.92235589007635,12581.807442465233,0.05045326917458946,1.058727882786801,0.37107987253289476,0.2852449606271268,0.5655948502601902,0.3973849164803521,500.00000000016115
575,77.17929438042682,28.56512756018687,36.85583210000004,40.472097260000055,39.03771405578949,0.9372901901654221,0.04243015497922897,0.7356963157653809,0.37777962820870536,0.1509579283769222,-0.3117341697216034,0.25807827711105347,-0.07189445495605469,0.08073793438424175,55.0,0.23962177024233028,1086.4689143528092,8802.985560143186,0.03530012695210231,1.0718944549560547,0.37777962820870536,0.6433974962617536,0.3957240104412415,0.5443281019335487,500.00000000016115
576,77.18441014690598,28.56512756018687,36.66784100000001,38.97158648000004,37.98260408631581,0.5402425203746224,-0.004805712029337883,0.7620545029640198,0.3453895327919408,0.1761922846504835,-0.3243394196033478,0.23330530524253845,-0.05758240816885965,0.08211066348398043,62.0,0.11792239128033098,474.30566315637475,10534.030082550074,0.04224164593827119,1.0575824081688596,0.3453895327919408,0.31662803937319733,0.4735403235521828,0.37939295304479154,707.2240488185895
577,77.18952591338513,28.56512756018687,36.838742000000025,39.10147124000002,37.89962979894739,0.5780654796131894,0.013184263370931149,0.7093023061752319,0.23146644993832236,0.15289418217806447,-0.2405063360929489,0.19864386320114136,-0.004288452884607148,0.07496078246545124,375.0,0.2746806041937884,182.66294212106754,10678.386301331024,0.04282051691499583,1.0042884528846072,0.23146644993832236,0.737532373753949,0.4800296244192402,0.6345312740200655,1000.0000000003223
578,77.19464167986428,28.56512756018687,36.86266813999998,38.77675934000001,37.663077417894755,0.3737904284419861,0.015828678384423256,0.6791458129882812,0.2309279057017544,0.15887339280437415,-0.28079208731651306,0.2774815857410431,-0.0029488346032929,0.07693385438400924,144.0,0.1412410698528826,244.59762096708047,11363.15747672749,0.04556646137434837,1.0029488346032929,0.2309279057017544,0.37923996062951537,0.5108124075910491,0.43186893941412885,1000.0000000003223
579,77.19975744634343,28.56512756018687,36.85925012000001,40.80022717999998,38.38742252315791,1.0812693195132548,0.008749040775001049,0.7428060173988342,0.31214539645010964,0.15885505634161706,-0.2623915374279022,0.3076416254043579,-0.014683519329941063,0.07510122759294012,78.0,0.16227478833118789,518.8121889443917,6418.874024696473,0.025739797755348334,1.014683519329941,0.31214539645010964,0.43571663965717716,0.28855012361609333,0.3768500332407436,1000.0000000003223
580,77.20487321282258,28.56512756018687,36.40465346000002,40.246507940000015,38.16938882631581,0.9638955667427065,0.03040173649787903,0.7410980463027954,0.39232970120614036,0.1723978519106078,-0.27664974331855774,0.2712123692035675,-0.059330578184964365,0.08453004890844902,32.0,0.07415567123509675,577.8939052852375,962.8844748189234,0.003861183682410072,1.0593305781849645,0.39232970120614036,0.1991120137290536,0.04328491775473902,0.13678117533932777,1000.0000000003223
581,77.20998897930173,28.56512756018687,36.44566970000005,40.94036600000004,38.51606917684212,1.062518158295795,-0.016660427674651146,0.7975735068321228,0.3395812345805921,0.19967060208710846,-0.3054966628551483,0.27313828468322754,-0.04115904690926535,0.09839378934408635,57.0,0.14945036730317324,653.8465751790085,4592.869406732699,0.018417487115525148,1.0411590469092653,0.3395812345805921,0.401282371134385,0.2064650326468996,0.32335543573939085,1118.1081590024473
582,77.21510474578088,28.56512756018687,36.61998872000004,40.97112818000005,38.23309310000002,0.927127395401244,0.01515151560306549,0.7294800877571106,0.2520882803933662,0.1745962312026499,-0.2527780830860138,0.3917967975139618,-0.004941368772272478,0.09448815715656743,57.0,0.14846966864403627,649.556010551231,3682.2050551364596,0.014765707045857708,1.0049413687722726,0.2520882803933662,0.3986491418529308,0.1655275862638029,0.30540051961727965,1414.448097637179
583,77.22022051226003,28.56512756018687,37.00280696000004,38.81093954000005,37.84260283368423,0.32873850273945926,0.01961347833275795,0.7147420644760132,0.22587907757675438,0.16256165761519106,-0.24081102013587952,0.22334954142570496,0.0021304955398827267,0.07554351572907547,169.0,0.17148108034093454,253.03653304794892,10520.369005020035,0.04218686477705967,0.9978695044601172,0.22587907757675438,0.4604360348228807,0.4729262118567584,0.4654321056364318,1500.0000000004834
584,77.22533627873918,28.56512756018687,37.00964299999998,40.94036600000004,38.60528690631581,0.7527449295581368,0.038342881947755814,0.7578267455101013,0.3719889322916667,0.16469766505535033,-0.2982695698738098,0.24060356616973877,-0.05418530915912829,0.08117890688734282,87.0,0.1591275582593259,456.12079053100695,7478.427269995775,0.029988624907913715,1.0541853091591282,0.3719889322916667,0.4272661556032955,0.3361806299529743,0.390831945343167,1500.0000000004834
585,77.23045204521833,28.56512756018687,37.95985256000006,41.38983563000002,39.085243581578965,0.6613367585726462,0.045655377209186554,0.7281578779220581,0.3658849026864035,0.15975782628176805,-0.3168463706970215,0.20295420289039612,-0.05359662507709704,0.07502245103966744,92.0,0.14689692091236498,398.17921635967855,5709.873966265598,0.022896695048810357,1.053596625077097,0.3658849026864035,0.39442622858513665,0.2566781701057235,0.3393270051933714,1500.0000000004834
586,77.23556781169748,28.56512756018687,39.318515510000054,43.22018534000006,41.157489635789496,0.8796496781525219,0.021130656823515892,0.689995288848877,0.27740469949287283,0.17763794458796314,-0.23878255486488342,0.2271752655506134,-0.022922071490371437,0.08616252498402216,187.0,0.1878596258005492,250.5218260376576,7163.542670401026,0.028725932124310453,1.0229220714903715,0.27740469949287283,0.5044133209036419,0.32202550090880133,0.43145819290570564,1414.448097637179
587,77.24068357817663,28.56512756018687,39.45010927999999,44.28831659000002,42.318325418947396,0.8980978939013403,0.01600000075995922,0.7199679017066956,0.23847628409402413,0.15658012303711602,-0.2467963993549347,0.1941511034965515,-0.008009898537083676,0.07369376744877672,249.0,0.2089953623600942,209.3105043929905,7870.249286700751,0.031559838087557905,1.0080098985370838,0.23847628409402413,0.5611639240325098,0.3537943564291026,0.47821609699114687,1118.1081590024473
588,77.24579934465578,28.56512756018687,41.10784898000003,44.09690747000002,43.02953284052633,0.677743427419045,0.003391694976016879,0.6944832801818848,0.22775339226973684,0.16015162463959356,-0.2302805781364441,0.21192285418510437,0.006558742857815926,0.07536061791292026,233.0,0.17113287049271808,183.1602536155193,13497.785155391164,0.05412635591665788,0.9934412571421841,0.22775339226973684,0.4595010724265609,0.6067711502276696,0.5184091035470044,1000.0000000003223
589,77.25091511113493,28.56512756018687,40.989927290000026,44.39256620000003,43.013945399473705,0.7918665727000003,0.011975465342402458,0.7452029585838318,0.3065931674890351,0.18509676546432105,-0.28518790006637573,0.21212121844291687,-0.014854219670881305,0.0831735981862393,152.0,0.09558963858862389,156.82704300497525,9279.594627013927,0.037211337694425334,1.0148542196708814,0.3065931674890351,0.25666338277314793,0.41714920193635047,0.3208577104384289,500.16582772836193
590,77.25603087761408,28.56512756018687,40.61223608,44.07298133000003,42.45676052000002,0.7073263607727279,0.04688291996717453,0.7427901029586792,0.42150467722039475,0.15130087693076963,-0.2791154384613037,0.15815283358097076,-0.05628563061095121,0.06994524882350321,24.0,0.047068307950661144,489.0700485207067,8921.426117224304,0.03577507566952053,1.0562856306109512,0.42150467722039475,0.1263809688831972,0.4010483145567957,0.2362479071526366,0.0
591,77.26114664409323,28.56512756018687,40.30119626000001,44.103743510000015,41.707568631578965,0.9856115139695515,0.024595387279987335,0.7093780040740967,0.33774630362527414,0.19074129976900708,-0.26268270611763,0.15879108011722565,-0.04511802807188871,0.08245635009939806,48.0,0.13768526131572337,715.3192919411198,6087.478673814505,0.0244108965686378,1.0451180280718888,0.33774630362527414,0.3696924211564501,0.27365278039127244,0.33127656485037904,500.16582772836193
592,77.26626241057238,28.56512756018687,40.20549170000001,42.78438778999998,41.458000261052646,0.5905746309154953,-0.00362375914119184,0.730242133140564,0.3231005431058114,0.17313422879932683,-0.29144999384880066,0.19352136552333832,-0.036241556803385415,0.07458503504807083,180.0,0.26142080674756735,362.17741747979187,8946.907293858563,0.035877255636070846,1.0362415568033854,0.3231005431058114,0.7019290958497382,0.40219377973330644,0.5820349694031655,1000.0000000003223
593,77.27137817705153,28.56512756018687,40.713067670000044,43.61667566,42.10911190684212,0.5598329229930905,0.015627240762114525,0.7321078777313232,0.2590567177220395,0.1643652944826193,-0.2725014090538025,0.27642810344696045,0.001996265879848547,0.07999441557037429,218.0,0.23029192404152435,263.4364933860616,9162.06637981351,0.03674004735567744,0.9980037341201514,0.2590567177220395,0.6183463513677186,0.4118659092392849,0.5357541745163451,1118.1081590024473
594,77.27649394353068,28.56512756018687,40.61907212000003,43.87986320000002,42.05918671000001,0.5463497176236739,-0.1844813972711563,0.7633446455001831,0.33820794241768976,0.1932341750641918,-0.2723349928855896,0.2834428548812866,-0.01844299588884626,0.09251378823280274,97.0,0.11052768991500639,284.153546669327,5464.780829646064,0.021913867259460016,1.0184429958888463,0.33820794241768976,0.2967728636967899,0.2456604036568226,0.27632787968080297,1000.0000000003223
595,77.28160971000983,28.56512756018687,41.22918869000003,45.13769456,43.58735793736844,0.9375352400838193,-0.027433296665549278,0.7163375020027161,0.21307702850877194,0.18576828213160787,-0.2133643925189972,0.26799604296684265,0.037101582309655975,0.08440182495227477,20.0,0.06116946617409491,762.7082024136398,7129.037502446694,0.028587565793822944,0.962898417690344,0.21307702850877194,0.16424334627141582,0.32047437676454965,0.22673575846866934,1000.0000000003223
596,77.28672547648898,28.56512756018687,42.73311749000004,45.732430040000025,44.43935497842107,0.6592235634734819,-0.02586926333606243,0.6658823490142822,0.16616833067776865,0.1644057214515975,-0.18638892471790314,0.301630437374115,0.0455215347022341,0.07598958265039127,10.0,0.01835503435963551,457.7295221715359,9657.06885996947,0.038725016008838174,0.9544784652977659,0.16616833067776865,0.04928426636212928,0.43411794694710215,0.20321773859611844,1118.1081590024473
597,77.29184124296813,28.56512756018687,37.252322419999985,44.39940224,41.77938938000002,1.5498101345867294,0.011998768895864487,0.6963295340538025,0.3103920812774123,0.17350716893382087,-0.3659118115901947,0.318150132894516,-0.03804794579221491,0.0890754209042573,6.0,0.006306678754240691,262.12182410076883,2863.252675792476,0.011481693598254296,1.038047945792215,0.3103920812774123,0.01693377574208758,0.12871290359730914,0.06164542688417621,1414.448097637179
598,77.29695700944728,28.56512756018687,30.83328086000003,42.562216490000026,33.84063581000002,3.7153407689051834,-0.34293949604034424,0.8195026516914368,0.004188063772101151,0.3316567740800676,-0.5316466093063354,0.2980664074420929,0.0515719283254523,0.15898171749654683,0.0,0.0,0.0,0.0,0.0,0.9484280716745477,0.004188063772101151,0.0,0.0,0.0,1500.0000000004834
600,77.10255788323957,28.569619116061826,43.213349300000004,47.34573548000003,45.115421212565806,0.9921865733612818,0.008172605186700821,0.34169110655784607,0.18580172354714913,0.07158336972622559,-0.0019597362261265516,0.2981834411621094,0.13951078716077303,0.052261833343311546,1.0,0.00038488882628935915,95.98182988641928,0.0,0.0,0.860489212839227,0.18580172354714913,0.0010334474489661898,0.0,0.0006200684693797139,2121.626853168244
601,77.10767364971872,28.569619116061826,43.23043940000002,46.53908276000004,45.34492326598686,0.6176054145623976,-0.041579168289899826,0.37738940119743347,0.18354682788514254,0.07943618150267535,-0.10645724087953568,0.32978206872940063,0.14224538702713815,0.0578088823572379,0.0,0.0,0.0,0.0,0.0,0.8577546129728618,0.18354682788514254,0.0,0.0,0.0,1802.9359394654532
602,77.11278941619787,28.569619116061826,42.27339380000001,46.11183026000003,44.741058074671066,0.9414179054734738,-0.014832925982773304,0.37486910820007324,0.1525720857319079,0.09043266086272013,-0.04209766536951065,0.3191358149051666,0.13280510082579497,0.05312974208900203,2.0,0.000631876242361772,78.78721576349665,0.0,0.0,0.867194899174205,0.1525720857319079,0.0016966221052106668,0.0,0.0010179732631264002,1581.184524480028
603,77.11790518267702,28.569619116061826,41.40179870000003,46.36134572000003,44.4398787926316,1.1592456966237825,-0.005243445746600628,0.6491454243659973,0.16456753914816338,0.12105948741560986,-0.1961112916469574,0.2899477183818817,0.10613623903508772,0.06472276451933318,6.0,0.02716129308186692,1128.8933470358327,0.0,0.0,0.8938637609649123,0.16456753914816338,0.07292955037612746,0.0,0.04375773022567647,1500.0000000004834
604,77.12302094915617,28.569619116061826,39.491125520000026,45.18212882,41.907182190065804,0.9931188091165188,0.0008391608134843409,0.7414939999580383,0.28079397101151315,0.15765468235503063,-0.16121673583984375,0.2393532246351242,0.05323948374965735,0.06899649875490478,3.0,0.012327051661505715,1024.6880785312233,2539.1584390244943,0.010182070007576911,0.9467605162503426,0.28079397101151315,0.03309880470076331,0.11414377017564385,0.06551679089071552,1581.184524480028
605,77.12813671563532,28.569619116061826,37.65223076000001,42.881801360000054,41.01763124157896,1.0595343450678836,-0.006013745907694101,0.6168341636657715,0.1710949278714364,0.124435616160095,-0.18828637897968292,0.266400009393692,0.07765354089569627,0.06665836754524332,19.0,0.04399208706242966,577.3972184838316,1692.876813501775,0.0067884658020399,0.9223464591043037,0.1710949278714364,0.11812114835255576,0.07610054534850508,0.1013129071509355,1581.550032115107
606,77.13325248211447,28.569619116061826,37.74793532000001,41.57611772000001,39.926192243355274,0.7590789969534617,0.009819967672228813,0.6816015243530273,0.2798811420641447,0.14761668033385186,-0.20361173152923584,0.23417924344539642,0.02401388067948191,0.07935820120618464,29.0,0.06767815502182364,581.9748742689909,4676.335782228176,0.018752188749543763,0.975986119320518,0.2798811420641447,0.1817195301103903,0.210217128867256,0.19311856961313656,1118.2924491450738
607,77.13836824859362,28.569619116061826,37.495001839999986,40.735284800000045,39.34732132328949,0.5903539728693931,0.02966841123998165,0.6758045554161072,0.33689020524945174,0.12570244324715146,-0.20593081414699554,0.2603626847267151,-0.003127201816491913,0.06428385472365034,104.0,0.15858869977072512,380.2704874060914,372.7562451081799,0.0014947591001493914,1.0031272018164918,0.33689020524945174,0.42581929123010226,0.016756655480510415,0.2621942369302655,707.2089510560812
608,77.14348401507277,28.569619116061826,36.99597091999999,40.63958023999999,39.288270530394755,0.678591973462104,0.02924598567187786,0.7781723737716675,0.36705279433936405,0.14275377556979207,-0.25887244939804077,0.19484548270702362,-0.01166878951223273,0.07071403122771809,54.0,0.07601323588456682,351.03400030865924,1216.4234254788662,0.004877879334635271,1.0116687895122327,0.36705279433936405,0.20409967592437384,0.05468235214478074,0.1443327464125366,500.00000000016115
609,77.14859978155192,28.569619116061826,36.68151308000006,40.87200560000002,38.284069746578965,0.7763902840884317,0.03977220505475998,0.7633304595947266,0.40448353549890353,0.13790215108593423,-0.2527337670326233,0.23631198704242706,-0.03186216923228481,0.07368228179210846,45.0,0.13700751463009797,759.2513915232255,671.2820559141369,0.002691852852937298,1.031862169232285,0.40448353549890353,0.3678726344142435,0.03017640157292989,0.23279414127771805,0.0
610,77.15371554803107,28.569619116061826,35.99449106000003,41.91108368000005,38.32395039440791,1.1365649896391228,0.02244536392390728,0.7325263023376465,0.3668541837993421,0.1206013762046304,-0.24649380147457123,0.18087083101272583,0.04595579448499178,0.08489296836885088,14.0,0.04026517363957888,717.2247417669522,327.8731407013978,0.0013147770619262025,0.9540442055150082,0.3668541837993421,0.10811418294777837,0.01473900794995876,0.07076411294865052,500.14447957933277
611,77.15883131451022,28.569619116061826,35.24594467999998,38.54775200000006,36.58881053098686,0.7112515206821499,0.013085969723761082,0.7758595943450928,0.33784899259868423,0.19505687952726192,-0.2989162504673004,0.17758235335350037,-0.04026186491313734,0.07989438258294267,95.0,0.14251993215698988,374.11551895308276,8912.941548234881,0.035741052398618384,1.0402618649131374,0.33784899259868423,0.3826737755274441,0.40066690444946107,0.3898710270962509,1000.2889591586655
612,77.16394708098937,28.569619116061826,36.250842560000024,38.93398825999998,37.36954701381581,0.7028622565141477,0.01903655380010605,0.7252810597419739,0.3231314247532895,0.15940217496474887,-0.26815158128738403,0.24050314724445343,-0.03726154528166119,0.07443251937061632,124.0,0.18839757593141165,378.88494381349216,4951.7145690380885,0.019856462528921374,1.0372615452816611,0.3231314247532895,0.5058577462868638,0.22259633784838373,0.39255318291147173,500.14447957933277
613,77.16906284746852,28.569619116061826,36.3943994,39.409093040000016,37.45012908401318,0.5274078104909726,0.06667931377887726,0.7561675310134888,0.42781078673245615,0.1357462244697244,-0.2617664635181427,0.1771729588508606,-0.07880542420504386,0.061812404056294346,142.0,0.16852484547093424,295.957476343976,2078.3189059994593,0.008334095373381705,1.0788054242050438,0.42781078673245615,0.45249838328230346,0.09342747262720513,0.3088700190202641,0.0
614,77.17417861394767,28.569619116061826,36.462759800000015,39.54923186000002,37.79017710006581,0.6717293820298013,0.02719712257385254,0.7195973992347717,0.3837574098821272,0.17249564965049397,-0.2938578128814697,0.24358446896076202,-0.0629056107370477,0.08361032164636649,60.0,0.12133238094770872,504.28864788962744,8066.106706752398,0.03234522978735093,1.0629056107370478,0.3837574098821272,0.3257840472436446,0.362598810691578,0.340509952622818,500.14447957933277
615,77.17929438042682,28.569619116061826,37.02331508000003,41.377872560000014,39.276824660789494,0.8406769628965048,-0.10675293207168579,0.7747588753700256,0.37534053257533484,0.16407502978811164,-0.30145448446273804,0.23311924934387207,-0.05464138575962611,0.08576735138708746,16.0,0.07302792791203407,1138.2108408722868,4280.805275804045,0.017166104460888627,1.0546413857596262,0.37534053257533484,0.19608396152098145,0.1924366932202087,0.19462505420067236,707.2089510560812
616,77.18441014690598,28.569619116061826,37.166871920000006,41.31293018000002,38.66391970605265,0.8395768692918454,0.027388667687773705,0.6988998055458069,0.3277108175712719,0.16729972463898127,-0.27701374888420105,0.30525532364845276,-0.03120586729886239,0.08690015128545013,27.0,0.15578168069260875,1438.8195927187323,6003.979092324129,0.024076061777995508,1.0312058672988624,0.3277108175712719,0.4182822922128902,0.2698991914490001,0.35892905190733415,500.00000000016115
617,77.18952591338513,28.569619116061826,37.17370796,40.28752417999999,38.87082235092107,0.7375063119241423,-0.013821138069033623,0.7195901274681091,0.27882857473273026,0.18797181910006475,-0.29914531111717224,0.3132561147212982,-0.005544613955313699,0.08811668501597748,48.0,0.13616897421279192,707.4416919243595,6041.661158035055,0.02422716752437271,1.0055446139553137,0.27882857473273026,0.36562110775010365,0.27159312790532614,0.32800991581219263,707.2089510560812
618,77.19464167986428,28.569619116061826,36.99255290000002,39.641518399999995,38.34172634710528,0.632851623911882,-0.016697587445378304,0.7736937999725342,0.2605237458881579,0.2122540649620887,-0.263807475566864,0.38136574625968933,0.0037077251233552633,0.10540842945846443,41.0,0.12715539692414948,773.4008826352353,5126.967468567282,0.020559229738959135,0.9962922748766447,0.2605237458881579,0.341419162100468,0.2304745491403741,0.29704131691643043,1118.2924491450738
619,77.19975744634343,28.569619116061826,36.50377604000005,40.738702820000015,38.674870862236865,1.044175095056767,0.029870526865124702,0.7292228937149048,0.2751148531729715,0.16728792890260874,-0.25976914167404175,0.208387091755867,-0.009443130493164063,0.08186511615060464,125.0,0.14046122383113327,280.2206636419742,7963.90184999138,0.03193538651382332,1.0094431304931641,0.2751148531729715,0.3771460316123155,0.35800435628429567,0.36948936148110756,707.2089510560812
620,77.20487321282258,28.569619116061826,35.96714689999999,40.84466143999998,38.04684341769739,1.0356074268963253,-0.006645990069955587,0.7468197345733643,0.3690405701754386,0.17090019341147353,-0.2911061942577362,0.29136690497398376,-0.06231536329838268,0.08686754261057765,53.0,0.15173767945324218,713.955741799594,7120.878192979303,0.028554846819325876,1.0623153632983826,0.3690405701754386,0.40742392876095274,0.32010758817415524,0.3724973925262337,500.00000000016115
621,77.20998897930173,28.569619116061826,36.66442298000004,41.01556244000005,38.973655281578964,1.2968548887884885,-0.008441388607025146,0.7533884048461914,0.25732725979989035,0.1712725127525955,-0.2819688618183136,0.3360438346862793,-0.0074078998231051265,0.09873192354392493,44.0,0.16153429983534276,915.5157062490623,9528.193733370535,0.0382082244840959,1.007407899823105,0.25732725979989035,0.4337283877393503,0.42832457359718346,0.4315668620824835,707.2089510560812
622,77.21510474578088,28.569619116061826,36.15855601999999,39.757731079999985,38.21572059006581,0.7351019824088725,0.027873534709215164,0.7253652215003967,0.29609576308936403,0.17413422742088433,-0.2692418694496155,0.31871622800827026,-0.025888505902206687,0.08466067823507194,57.0,0.19566372547023822,856.0303938628367,9495.515100628038,0.03807718259193897,1.0258885059022067,0.29609576308936403,0.525367753311754,0.42685555839589223,0.4859628753454093,1000.0000000003223
623,77.22022051226003,28.569619116061826,37.06433132000001,40.74895688000004,39.01220919796055,0.7554299609113124,-0.0030791524332016706,0.7198042869567871,0.16766775030838815,0.12993253725592258,-0.2805369198322296,0.2683996260166168,0.03838490000942297,0.07348161767490348,466.0,0.36631654047261786,196.03081004645242,14702.10437066761,0.0589556971554527,0.961615099990577,0.16766775030838815,0.9835798506162378,0.6609093771354156,0.854511661223909,1118.0986094501352
624,77.22533627873918,28.569619116061826,37.768443440000055,41.07366878000005,39.503212268355284,0.6526518775717807,-0.007285089697688818,0.6716461777687073,0.14709277772066887,0.13282547238392242,-0.20917773246765137,0.27837708592414856,0.04328194333795916,0.06834943697247946,125.0,0.1446336856272423,288.54474043438574,13531.66460064273,0.05426221308810003,0.9567180566620408,0.14709277772066887,0.3883493186515085,0.6082941460175498,0.47632724959792505,1414.4179021121624
625,77.23045204521833,28.569619116061826,36.96520873999998,39.08096311999998,37.76763390894738,0.5253969715948955,0.03495260700583458,0.7441087365150452,0.3182894308525219,0.16861271087564736,-0.24647502601146698,0.20205000042915344,-0.0348437071683114,0.0724471222684461,204.0,0.19590404535941655,239.47873693237807,274.67266424838783,0.001101442215484283,1.0348437071683114,0.3182894308525219,0.5260130252953592,0.012347466380847346,0.32054680172955446,1581.550032115107
626,77.23556781169748,28.569619116061826,37.12585568000003,43.35690613999998,40.239688765230284,1.1594470038277003,-0.015209125354886055,0.7038113474845886,0.27220244825932016,0.16558611309840543,-0.2508559823036194,0.3066783845424652,-0.021965103149414064,0.08097297203849305,238.0,0.20866726946150677,218.64074485221815,3754.1268202692368,0.015054114589237232,1.0219651031494141,0.27220244825932016,0.5602829767409556,0.1687607131548906,0.4036740713065296,1118.2924491450738
627,77.24068357817663,28.569619116061826,41.29925810000003,45.31201358000004,43.21663239815791,0.8874407996752742,-0.008658008649945259,0.6696937084197998,0.23106689453125,0.15838711415828013,-0.2371828556060791,0.277069628238678,0.007850870500531112,0.07947271799503225,324.0,0.21301977221971377,163.95649590263827,11021.05243933215,0.04419461415632195,0.9921491294994689,0.23106689453125,0.571969683563423,0.495433627691286,0.5413552612145682,707.2089510560812
628,77.24579934465578,28.569619116061826,40.11491417000002,43.78586765000003,41.97390104098686,0.6985535394273187,0.029242459684610367,0.7666666507720947,0.3574255156935307,0.19287528158583808,-0.2877984046936035,0.1905582845211029,-0.05682761744449013,0.08911798398478817,218.0,0.14989063418651258,171.4635162559495,7796.622197409959,0.031264592164305875,1.0568276174444902,0.3574255156935307,0.4024645116808847,0.3504845694423801,0.38167253478548285,500.00000000016115
629,77.25091511113493,28.569619116061826,40.591727960000014,44.99926475000001,42.747818349046064,0.971789163226051,0.030188679695129395,0.736556887626648,0.34658395867598685,0.17854090106188794,-0.2805905044078827,0.2414882928133011,-0.04188703570449561,0.07939115114885062,53.0,0.07682894061047597,361.4953351262503,5597.708874264196,0.022446911056755357,1.0418870357044956,0.34658395867598685,0.2062898875141141,0.2516359693960834,0.22442832026690182,707.2089510560812
630,77.25603087761408,28.569619116061826,41.29925810000003,44.69847899000001,43.07395817187503,0.8428513701780661,0.02055666781961918,0.7183908224105835,0.31080279433936403,0.16462691524168527,-0.2646559178829193,0.18210415542125702,-0.024078776041666666,0.07339353176503409,24.0,0.046998956202515964,488.3494391700176,6421.151969514367,0.02574893235414009,1.0240787760416667,0.31080279433936403,0.1261947556644531,0.28865252494945254,0.19117786337845288,500.00000000016115
631,77.26114664409323,28.569619116061826,39.81754642999999,44.46605363000003,41.064100572697384,0.7864927229512105,-0.012279021553695202,0.7150917053222656,0.35549464175575657,0.16767521898176613,-0.26363956928253174,0.15995240211486816,-0.06085299307839912,0.06717462179543983,123.0,0.23250338487292066,471.3873140691034,7142.911458360062,0.028643200601096423,1.0608529930783992,0.35549464175575657,0.6242842440748896,0.32109805806417385,0.5030097696706033,707.2089510560812
632,77.26626241057238,28.569619116061826,40.10295110000001,42.989468990000006,41.5173929882237,0.774213635305616,0.0030093288514763117,0.7492577433586121,0.26995267098410086,0.16855364558524535,-0.27632850408554077,0.2111959308385849,-0.017632245515522203,0.07759261818786643,168.0,0.22955114556002143,340.74061654850874,8275.50226945468,0.03318490967732649,1.0176322455155222,0.26995267098410086,0.6163573208226161,0.3720118503103548,0.5186191326177115,500.00000000016115
633,77.27137817705153,28.569619116061826,40.79339114000001,42.91939958000003,41.744719426940804,0.4591920205318355,0.0002683123166207224,0.6410980224609375,0.20344653748629385,0.13954956738509092,-0.239718496799469,0.21690921485424042,0.016213593064692982,0.06895527445351095,301.0,0.3120389733564817,258.52114273464673,11697.5601110094,0.04690742182039468,0.9837864069353071,0.20344653748629385,0.8378416284572723,0.5258449383882483,0.7130429524296626,707.2089510560812
634,77.27649394353068,28.569619116061826,39.474035420000035,44.53441403000002,42.25530677750002,1.271247188697384,0.004642857238650322,0.6892895102500916,0.2574713570731027,0.18285602853775945,-0.22419209778308868,0.23788437247276306,0.005724528176443917,0.08052848467637991,85.0,0.0926122903399117,271.708622751427,8815.035001495271,0.035348445423889464,0.9942754718235561,0.2574713570731027,0.2486690406614797,0.39626567363299003,0.30770769385008384,500.00000000016115
635,77.28160971000983,28.569619116061826,40.88909570000004,45.03515396000003,44.193112365164495,0.6852110045245855,-0.04026027023792267,0.7001878619194031,0.06623144317091557,0.09492758843448229,-0.2571534514427185,0.21474018692970276,0.06602889746950384,0.061349374907448684,4.0,0.006083856231795145,379.2911186349873,12483.085436446185,0.05005739219380501,0.9339711025304962,0.06623144317091557,0.01633548514058168,0.5611569617877221,0.23426407579943787,500.00000000016115
636,77.28672547648898,28.569619116061826,44.064436279999995,45.51025874000004,44.75676522578949,0.3271968278526004,-0.03520617261528969,0.14766539633274078,0.02753831294544956,0.02239217160357827,-0.12399530410766602,0.24533332884311676,0.08227904202645285,0.043816293089082775,3.0,0.004783912347197142,397.6634547755652,18654.438891482318,0.07480462811060767,0.9177209579735471,0.02753831294544956,0.012845065051516738,0.8385801976197239,0.3431391180787996,707.2089510560812
637,77.29184124296813,28.569619116061826,31.527138920000027,46.18702670000005,40.053974471315804,3.5479034363730637,-0.13973799347877502,0.8280415534973145,0.3732860899808114,0.2751123403268718,-0.49866369366645813,0.2437388151884079,-0.12012470446134868,0.17157302139382397,1.0,0.00040722162783505097,101.55108264834341,3788.7589080852767,0.015192989870602873,1.1201247044613487,0.3732860899808114,0.0010934122367418475,0.17031754277671424,0.0687830644527308,1118.0986094501352
638,77.29695700944728,28.569619116061826,30.848661950000007,37.43176847000004,32.308072163848706,1.6677879092932126,-0.3367496430873871,0.8190348744392395,-0.004315597801877741,0.28625001280900164,-0.5654450058937073,0.3720930218696594,0.051558281078673246,0.16144670713761178,0.0,0.0,0.0,0.0,0.0,0.9484417189213268,0.0,0.0,0.0,0.0,1000.0000000003223
640,77.10255788323957,28.574110671936783,38.53749793999998,46.443378199999984,42.182006738947386,1.9083818842821936,-0.005822416394948959,0.6329463720321655,0.1380310915227522,0.12806644989953944,-0.18395374715328217,0.3091970682144165,0.06529280813116776,0.05636618257732691,5.0,0.014473637886131102,721.8740345451672,0.0,0.0,0.9347071918688322,0.1380310915227522,0.03886250555748107,0.0,0.023317503334488638,1803.082996330599
641,77.10767364971872,28.574110671936783,41.494085240000004,46.443378199999984,43.76975639473686,0.9931395737524873,-0.014227642677724361,0.5294871926307678,0.13037029065583883,0.11988222348515964,-0.2201409935951233,0.3477427363395691,0.09139161227042215,0.05645939235074469,5.0,0.05163109903857514,2575.1058624101147,0.0,0.0,0.9086083877295779,0.13037029065583883,0.13863231131740272,0.0,0.08317938679044164,1414.387702884159
642,77.11278941619787,28.574110671936783,40.98480026000004,45.014645840000014,42.735747143157916,1.0044281905103938,-0.0023387905675917864,0.6450667381286621,0.15293260005482456,0.15102931820120077,-0.219730943441391,0.3477427363395691,0.07396503113863762,0.07279592891217727,7.0,0.048042999635379766,1711.5350508919557,2181.389624057653,0.008747410765942614,0.9260349688613624,0.15293260005482456,0.12899806911136474,0.09806085043185798,0.11662318163956203,1118.089058849055
643,77.11790518267702,28.574110671936783,40.75237490000001,43.59958556000004,42.10812248000002,0.5981108303625445,0.024288687855005264,0.7323511242866516,0.2944432737116228,0.16040555978040907,-0.21891838312149048,0.27597904205322266,0.02787210029468202,0.06904188042392441,18.0,0.05003762167348798,693.2308418753427,3596.3935788881454,0.014421601516566854,0.972127899705318,0.2944432737116228,0.1343537378555256,0.16167006982340174,0.14528027064267607,1000.0000000003223
644,77.12302094915617,28.574110671936783,38.56142408000005,42.15034508000002,39.942833265263175,0.6992555025928449,0.07759882509708405,0.7391575574874878,0.38875792386239033,0.14936845160301465,-0.2325635701417923,0.20000000298023224,-0.015868888988829495,0.06904409750258515,6.0,0.012721153799652577,528.7239399008876,2608.997153193605,0.010462124479948565,1.0158688889888294,0.38875792386239033,0.03415699039356854,0.11728325687208806,0.06740749698497635,1118.089058849055
645,77.12813671563532,28.574110671936783,38.759669239999994,42.87154730000003,40.35977879473686,0.934750000118471,0.010569382458925247,0.7442582249641418,0.3477748937774123,0.15766795878108342,-0.1828535944223404,0.2574089765548706,0.021370173671789335,0.07360911978978246,17.0,0.037459442256271604,549.4979892588773,0.0,0.0,0.9786298263282107,0.3477748937774123,0.10058064146122095,0.0,0.060348384876732566,1414.387702884159
646,77.13325248211447,28.574110671936783,39.55948592000004,44.180648959999985,41.736817570526334,0.9871960973002221,-0.02368636056780815,0.6731517314910889,0.2507254831414474,0.14520164267928162,-0.18779829144477844,0.3151209354400635,0.034539963571648846,0.07462341526089947,8.0,0.06974254489004947,2174.009942045619,0.0,0.0,0.9654600364283512,0.2507254831414474,0.1872625292760395,0.0,0.1123575175656237,1000.246256713457
647,77.13836824859362,28.574110671936783,37.53943609999999,41.89399358000003,39.53931642736845,0.8763257803728484,0.015941403806209564,0.743129551410675,0.3169541957922149,0.17111450644300563,-0.25222551822662354,0.24393624067306519,0.0019381623519094367,0.08232273958058768,29.0,0.03903992895634676,335.7103593990383,2688.254465139148,0.01077994769508906,0.9980618376480905,0.3169541957922149,0.10482433428042924,0.12084614143274079,0.11123305714135387,500.1231283567285
648,77.14348401507277,28.574110671936783,36.319202959999984,41.65815020000002,38.69146757157897,1.253813610852609,0.015065913088619709,0.7694987654685974,0.40750471148574563,0.19571981927985424,-0.2985838055610657,0.2378690242767334,-0.042477965773197644,0.0938399826576533,35.0,0.052357066620647486,373.04479471815586,3624.640230297672,0.014534871085614274,1.0424779657731977,0.40750471148574563,0.14058157379134315,0.16293985245577627,0.14952488525711638,0.0
649,77.14859978155192,28.574110671936783,35.902204520000055,39.44669126000002,37.945873598947394,0.7530772084032256,0.018646061420440674,0.7626057267189026,0.41449989720394737,0.1745767414507546,-0.27496159076690674,0.26348549127578735,-0.056454275030838816,0.0767328969115028,53.0,0.0735530471645931,346.08160965187034,2198.0494831641245,0.008814217094028083,1.0564542750308388,0.41449989720394737,0.1974939352975446,0.09880976751390436,0.15802026818408849,0.0
650,77.15371554803107,28.574110671936783,37.559944220000034,41.46332305999999,39.42956941368423,0.9048954392537791,0.06334879994392395,0.7017713189125061,0.3621949527138158,0.13276318025908465,-0.2263912856578827,0.19372038543224335,-0.007077355635793586,0.07256137642274602,21.0,0.049415299530241485,586.8077752445313,2013.8809791323506,0.00807569815309793,1.0070773556357935,0.3621949527138158,0.13268276902649093,0.09053076960864913,0.1158219692593542,500.00000000016115
651,77.15883131451022,28.574110671936783,36.21324434000002,40.22599982000003,37.85532252421054,0.70690857920622,0.02111746557056904,0.7060537338256836,0.29464145593475877,0.16251721670918295,-0.257917582988739,0.20651067793369293,-0.021534485398677358,0.0734897408847462,62.0,0.11007265272442207,442.7325631628916,9527.52137221937,0.03820552830405202,1.0215344853986774,0.29464145593475877,0.2955510640713558,0.42829434868662486,0.3486483779174634,707.1938514420794
652,77.16394708098937,28.574110671936783,35.46811597999999,38.54091596000001,36.60413672631581,0.6240356097513544,-0.08980520814657211,0.7314623594284058,0.3920811917489035,0.16994369653453012,-0.27280980348587036,0.33750689029693604,-0.07275047971491228,0.07320117287906269,132.0,0.19786389669084187,373.8060694741142,6520.0161483904,0.026145379450582058,1.0727504797149123,0.3920811917489035,0.5312753327994274,0.2930968045732814,0.436003921508969,500.1231283567285
653,77.16906284746852,28.574110671936783,35.36899340000002,37.7616074,36.451140648421074,0.4244185460064017,0.10265077650547028,0.7409458756446838,0.4365380859375,0.13570393552076623,-0.31754323840141296,0.0848102793097496,-0.09629233912417763,0.059828344655360896,126.0,0.16072821728264108,318.1085227289637,9178.168642604795,0.036804617712730164,1.0962923391241777,0.4365380859375,0.431564012208429,0.4125897604787776,0.42397431151656845,0.0
654,77.17417861394767,28.574110671936783,36.07994156000001,39.37491283999998,37.267190277894755,0.5172659975719887,0.0211178008466959,0.7226099967956543,0.394687071683114,0.14728520294801425,-0.2972317337989807,0.20472879707813263,-0.08056018494723136,0.07559460686736974,132.0,0.13564485460958065,256.26135335452483,11921.870972059985,0.04780691231912637,1.0805601849472313,0.394687071683114,0.3642138180864524,0.5359284711753931,0.43289967932202866,500.1231283567285
655,77.17929438042682,28.574110671936783,36.44225168000003,39.89103385999999,37.91644476421054,0.6601181279664768,0.03936728090047836,0.7331058979034424,0.35385498046875,0.17847335165056452,-0.3054748475551605,0.21772226691246033,-0.06714912414550782,0.08560393866169388,94.0,0.12544478566726644,332.796294798509,9980.37669977426,0.040021486133859425,1.0671491241455078,0.35385498046875,0.33682607776325324,0.44865172916229934,0.38155633832287167,500.00000000016115
656,77.18441014690598,28.574110671936783,37.07458538000003,41.063414720000026,38.33773953894739,0.8853629590183144,0.05351078510284424,0.7296426296234131,0.40721624006304824,0.13882629546841732,-0.2528686821460724,0.1445358395576477,-0.044076768306263704,0.06421797833163649,35.0,0.05496363974964807,391.61666286484115,4835.149411580311,0.01938903419698345,1.0440767683062637,0.40721624006304824,0.14758036452444773,0.21735633929655646,0.1754907544332912,0.0
657,77.18952591338513,28.574110671936783,36.48326792,40.46184320000003,38.092340517894755,0.6662508595522366,0.009297754615545273,0.7492911219596863,0.3649363521107456,0.17730669302254376,-0.29003825783729553,0.24554269015789032,-0.04514913458573191,0.08344902786974233,58.0,0.14267899368994874,613.4593162798117,6949.325764166984,0.027866918561958855,1.045149134585732,0.3649363521107456,0.38310086440152175,0.31239572557177675,0.35481880886962375,500.1231283567285
658,77.19464167986428,28.574110671936783,36.900266360000046,40.00382852000001,38.3938035326316,0.6801991005348453,0.025038324296474457,0.7290053367614746,0.29493116947642545,0.17844144844468024,-0.2823541462421417,0.2097092866897583,-0.00538934540330318,0.0900986507024562,139.0,0.1608894701744616,288.64666459474773,6632.596602426166,0.026596829051701614,1.0053893454033032,0.29493116947642545,0.43199698500033085,0.2981576772129049,0.37846126188536044,1000.0000000003223
659,77.19975744634343,28.574110671936783,37.00280696000004,39.59366612000002,38.02039278421054,0.570401600284095,0.005917159840464592,0.694720983505249,0.3156043979577851,0.15445004895365383,-0.22216370701789856,0.2790223956108093,-0.012975130583110608,0.07244253508416934,81.0,0.11456794786056271,352.7214225841831,4703.490052779869,0.018861077852134873,1.0129751305831105,0.3156043979577851,0.3076211762010908,0.21143780528094622,0.269147827833033,500.1231283567285
660,77.20487321282258,28.574110671936783,35.94663878000006,38.294818520000035,36.97918770105265,0.5425720683996031,0.09115371853113174,0.7425824403762817,0.42155333401864037,0.14564537199050606,-0.2881803512573242,0.250644326210022,-0.07347258986088268,0.06412595014297863,125.0,0.1771437426776008,353.4024250907732,6668.266976372989,0.026739867878716496,1.0734725898608826,0.42155333401864037,0.47564059142849413,0.29976118131225116,0.4052888273819969,0.0
661,77.20998897930173,28.574110671936783,36.411489500000016,40.76262896000003,38.220257006315805,1.04647041191448,0.03369419649243355,0.7641866207122803,0.3382591488486842,0.17966133471586243,-0.28805309534072876,0.2857559025287628,-0.039937481796532344,0.09231252134332464,136.0,0.15571107616034902,285.5185438630043,9641.686475495066,0.03866333237649973,1.0399374817965323,0.3382591488486842,0.41809271520060665,0.43342645667567414,0.42422621179063363,500.1231283567285
662,77.21510474578088,28.574110671936783,36.196154240000055,41.8461413,38.56023888421055,0.9107562815480181,0.025818349793553352,0.748673141002655,0.30839770936129385,0.18345984188238376,-0.27757903933525085,0.26114270091056824,-0.02533229894805373,0.08585599952241214,49.0,0.15971007917993008,812.8117388046813,6863.218758959693,0.027521627956343768,1.0253322989480538,0.30839770936129385,0.42883025598306396,0.3085249241039211,0.38070812323140685,500.00000000016115
663,77.22022051226003,28.574110671936783,36.934446560000026,40.71477668,38.28954863157896,0.42265439109201464,0.01376981008797884,0.6718280911445618,0.1719196413274397,0.14965345950268277,-0.23076923191547394,0.20622339844703674,0.026134889836896928,0.06969305309936026,116.0,0.07738660550898528,166.36483366262334,14993.420878360306,0.06012388147593544,0.9738651101631031,0.1719196413274397,0.2077872481215877,0.6740050406400614,0.3942743651289772,707.1938514420794
664,77.22533627873918,28.574110671936783,37.80945968000003,39.983320400000025,38.726483757894755,0.4963972396443694,-0.013986688107252121,0.6667661070823669,0.12518643563253837,0.11942376012077797,-0.25633692741394043,0.21011947095394135,0.05295729252330044,0.060968355509136256,34.0,0.02989038677843516,219.23320855331693,14919.664617535856,0.05982811757256116,0.9470427074766996,0.12518643563253837,0.08025731550222598,0.670689446955488,0.3164301680835308,1118.254252873399
665,77.23045204521833,28.574110671936783,36.937864579999996,40.622490140000025,38.367718643157914,0.8631623694047291,0.027619265019893646,0.7312341928482056,0.3176065009936952,0.17801460270479808,-0.26720523834228516,0.2016180008649826,-0.02807998924924616,0.08039063595244432,153.0,0.14629816614299634,238.45211213255095,5307.205308118461,0.021281986646176622,1.0280799892492463,0.3176065009936952,0.3928185394377901,0.2385768503668341,0.33112186380940767,1500.3693850701854
666,77.23556781169748,28.574110671936783,36.760127539999985,42.895473440000046,39.30989638526317,1.336327630091461,0.010161692276597023,0.7156060338020325,0.2906574235882675,0.16714591095012246,-0.27769699692726135,0.23391813039779663,-0.02335110580712034,0.07604058014129843,199.0,0.20122471754683557,252.16335393508209,2456.785318532129,0.00985175234535255,1.0233511058071203,0.2906574235882675,0.5402993197349376,0.1104408194697622,0.36835591962886743,1000.246256713457
667,77.24068357817663,28.574110671936783,40.718194700000026,43.905498350000016,42.89902902736844,0.615225124447948,0.013800066895782948,0.6560027599334717,0.18673832408168858,0.13646823608192196,-0.19915771484375,0.2100486159324646,0.022542277553625274,0.06817178662291759,197.0,0.18139386756087983,229.62020306520625,6714.22067620032,0.026924143023409244,0.9774577224463747,0.18673832408168858,0.487052408084118,0.3018269557323092,0.4129622271433945,500.1231283567285
668,77.24579934465578,28.574110671936783,39.499670570000035,43.61838467000001,41.74146840578949,1.0455864305455733,0.033257171511650085,0.7799133658409119,0.4040226665296053,0.2121009240586751,-0.3033193349838257,0.1701267957687378,-0.06984831157483552,0.10080817299799628,72.0,0.08078848896824165,279.814819071251,7407.044054019105,0.02970237695612396,1.0698483115748356,0.4040226665296053,0.21692149038198963,0.3329717126701404,0.26334157929724994,0.0
669,77.25091511113493,28.574110671936783,39.309970460000045,45.64356152000005,42.71539246368423,1.60309118485614,0.052349645644426346,0.7662927508354187,0.3924180201480263,0.2085830709764043,-0.31270739436149597,0.21914216876029968,-0.06562244080660636,0.09998377086455124,37.0,0.021296981607298027,143.53904550041094,2367.986419636933,0.009495667198695063,1.0656224408066064,0.3924180201480263,0.05718355485902162,0.10644900826508702,0.07688973622144779,500.1231283567285
670,77.25603087761408,28.574110671936783,41.76239981000003,45.11718644000001,43.452277363684225,0.7418794558744227,-0.007564915344119072,0.7108179330825806,0.19710127981085526,0.16392496585349786,-0.26960688829421997,0.19554030895233154,0.009298767625239858,0.07910867078143448,60.0,0.045244524012658986,188.04790329291276,10135.620547620292,0.040644016694662555,0.9907012323747602,0.19710127981085526,0.1214840097369297,0.45563046582456446,0.2551425921719836,1000.0000000003223
671,77.26114664409323,28.574110671936783,39.426183140000035,44.25584540000003,41.43264024578949,1.03580727483757,-0.00500625791028142,0.753773033618927,0.3320348692776864,0.1879752444335663,-0.283255934715271,0.2714405953884125,-0.052396834524054275,0.08652805093060037,128.0,0.14211758880677322,276.8799979737671,4693.335037363197,0.018820356061674134,1.0523968345240542,0.3320348692776864,0.38159346173164344,0.21098130295008102,0.31334859821901845,500.1231283567285
672,77.26626241057238,28.574110671936783,39.57828503000002,44.20628411000001,41.04185368052633,0.9866738662500525,0.02596491202712059,0.7518206238746643,0.407738829495614,0.17683300722617948,-0.27115288376808167,0.21087414026260376,-0.07249811540570175,0.07747625122351362,83.0,0.10194729755493766,306.30306861968023,4026.305878586258,0.016145557401070973,1.0724981154057018,0.407738829495614,0.27373404315962124,0.18099608350503577,0.23663885929778705,0.0
673,77.27137817705153,28.574110671936783,34.095780950000005,44.87450702000001,41.50917003105265,2.004732129816014,0.013019001111388206,0.8418391942977905,0.3165744500411184,0.23500793562398817,-0.4440331757068634,0.2903801500797272,-0.03663858781781113,0.13133760654115242,12.0,0.041129606070017206,854.7262186431886,4041.020016673257,0.016204561353640602,1.036638587817811,0.3165744500411184,0.1104352310765399,0.18165753383847,0.13892415218131193,500.1231283567285
674,77.27649394353068,28.574110671936783,32.71148285000004,43.03561225999999,35.795961065000014,3.285989331542369,0.016365202143788338,0.877243161201477,0.6468807547433035,0.28031385513826956,-0.5115709900856018,0.20305468142032623,-0.2927659388950893,0.17776759393603042,1.0,0.0007168303343940877,178.7598976996868,1396.829597436456,0.0056013112577636475,1.2927659388950894,0.6468807547433035,0.001924728466562999,0.06279222048293219,0.026271725273110676,0.0
675,77.28160971000983,28.574110671936783,33.05157584,44.59935641000001,38.04899621473686,3.0419542591191777,0.010723337531089783,0.867773175239563,0.6116829427083333,0.21187432990738012,-0.47009238600730896,0.15304893255233765,-0.22341150116502193,0.1485926829410904,1.0,0.0003765567159230755,93.90400599248719,1360.154409106484,0.005454243107396352,1.223411501165022,0.6116829427083333,0.001011075279096891,0.061143546574464684,0.025064063797244008,0.0
676,77.28672547648898,28.574110671936783,36.57384544999999,45.37524695000002,41.557355647368446,2.514024341230213,0.0003568242536857724,0.818709671497345,0.3770646158854167,0.2794836688633307,-0.459556519985199,0.25104254484176636,-0.09185741759183114,0.16067666022994703,0.0,0.0,0.0,5109.243147659626,0.020488154900325652,1.0918574175918312,0.3770646158854167,0.0,0.22967778089578195,0.09187111235831279,500.00000000016115
677,77.29184124296813,28.574110671936783,31.14432068000002,44.62328255,35.64994829473686,3.1970449857949794,-0.1865828037261963,0.8295422196388245,0.31790317468475876,0.3419367559220699,-0.4666844606399536,0.4087145924568176,-0.081079818993284,0.20270963842692447,0.0,0.0,0.0,55.39981792505203,0.00022215424443407586,1.081079818993284,0.31790317468475876,0.0,0.002490409415900436,0.0009961637663601743,707.1938514420794
678,77.29695700944728,28.574110671936783,30.97512869000002,42.83565809000004,37.523658181052646,3.415561797212259,-0.199391171336174,0.768013596534729,0.3380575829221491,0.26265991042094694,-0.4845568537712097,0.4041786789894104,-0.023599039713541665,0.1385616086748244,0.0,0.0,0.0,901.3463782103943,0.003614414832474973,1.0235990397135417,0.3380575829221491,0.0,0.040518571925989115,0.016207428770395646,500.00000000016115
680,77.10255788323957,28.57860222781174,38.475973580000016,44.64208166000003,41.341237311578965,1.2088214202523087,0.041166696697473526,0.6896093487739563,0.2969372344435307,0.1426761095139448,-0.22535210847854614,0.272478312253952,0.03061237803676672,0.07175547165342411,2.0,0.02948911894885396,3676.931369685147,2733.7587808344356,0.010962420801507068,0.9693876219632332,0.2969372344435307,0.07917988953787458,0.12289171451431592,0.09666461952845112,1581.4284870862543
681,77.10767364971872,28.57860222781174,38.178605840000046,44.228501240000014,41.001096702105286,0.9076213854431103,-0.0096485186368227,0.6791946291923523,0.30966848273026315,0.15229221757474629,-0.25908201932907104,0.2784538269042969,0.010218139113041393,0.06737755184091301,1.0,0.005789374610779564,1443.7279834744877,6140.335418328358,0.024622853043957012,0.9897818608869586,0.30966848273026315,0.015544785958846575,0.2760288700457408,0.11973841959360426,1118.2160514295617
682,77.11278941619787,28.57860222781174,38.09657335999998,42.76900669999998,40.84247094421055,1.0087039436025245,0.005071159917861223,0.7073944807052612,0.3436072419819079,0.1592676299381193,-0.19911503791809082,0.26274096965789795,0.023172288861191062,0.0688460799201112,16.0,0.028522945153597264,444.557668766612,2464.09376180041,0.009881059331423348,0.976827711138809,0.3436072419819079,0.07658566030656053,0.11076935874322198,0.09025913968122512,707.1787499768365
683,77.11790518267702,28.57860222781174,39.033110840000006,41.56928168000002,40.16481408736844,0.5543127227327378,0.06313960254192352,0.6848065257072449,0.3695079495614035,0.12963383948224902,-0.22268326580524445,0.3027852773666382,0.007037153411329838,0.06077909986169858,7.0,0.03856304426717847,1373.8110116623304,2270.741675194484,0.00910571406281972,0.9929628465886702,0.3695079495614035,0.10354387293208787,0.10207752770293174,0.10295733484042542,500.00000000016115
684,77.12302094915617,28.57860222781174,38.22987613999999,44.0507642,39.90788057157897,1.1234886785185645,0.01577175222337246,0.725439190864563,0.3698520593475877,0.15921483222942387,-0.24693217873573303,0.19958257675170898,-0.012043801023249041,0.07105711358017354,8.0,0.019526305296669034,608.6726819805672,1239.9642801506345,0.0049722785759832135,1.012043801023249,0.3698520593475877,0.05242919258302071,0.055740593278573426,0.053753752861241795,707.1787499768365
685,77.12813671563532,28.57860222781174,38.23671218000004,45.44189834000002,41.60223435578949,1.4743588628509123,-0.00267686415463686,0.7255135178565979,0.31382354200932017,0.1713333940212181,-0.21691235899925232,0.31381893157958984,0.028485032466419955,0.08449857068093153,0.0,0.0,0.0,0.0,0.0,0.97151496753358,0.31382354200932017,0.0,0.0,0.0,1118.079507199414
686,77.13325248211447,28.57860222781174,37.891492159999984,42.93648968000002,40.58283899157897,1.2985629307783904,0.013627137988805771,0.7188141942024231,0.27309030633223685,0.15414348224736937,-0.21438395977020264,0.3378378450870514,0.03958823220771656,0.07287884032208954,0.0,0.0,0.0,0.0,0.0,0.9604117677922834,0.27309030633223685,0.0,0.0,0.0,1000.0000000003223
687,77.13836824859362,28.57860222781174,37.99403275999998,43.46286476,39.94705552526318,1.1989124529039772,-0.0011750881094485521,0.7033805847167969,0.2602417634662829,0.14426903906352626,-0.20245398581027985,0.3349514603614807,0.024422473572848137,0.06760885174541424,20.0,0.02804847043957336,349.73001740006845,2458.048211250175,0.009856816567367834,0.9755775264271519,0.2602417634662829,0.07531166987266227,0.11049759077396663,0.08938603823318403,707.1787499768365
688,77.14348401507277,28.57860222781174,36.807979820000014,44.33787788000001,40.777771952631596,1.7054586082652954,0.013753200881183147,0.6903699040412903,0.3017312568530702,0.13586940358662603,-0.2514137625694275,0.27301090955734253,0.00891076271994072,0.07055672270611511,13.0,0.014836663578831824,284.60768257810327,3706.5889638288427,0.014863486948658728,0.9910892372800593,0.3017312568530702,0.03983724930270139,0.1666237255306525,0.09055183979388184,500.00000000016115
689,77.14859978155192,28.57860222781174,36.60289862000002,39.83976356000005,38.365792700000014,0.7919185736616574,0.014709017239511013,0.712664783000946,0.37273484614857455,0.14593823993874364,-0.25265392661094666,0.271608829498291,-0.03622476410447505,0.07521671548952835,62.0,0.064303760527212,258.64161546557125,1067.4576426827182,0.004280523925121479,1.036224764104475,0.37273484614857455,0.17265909721634665,0.04798583576589305,0.12278979263616521,500.00000000016115
690,77.15371554803107,28.57860222781174,34.79476604000001,41.114685020000024,37.589923324210545,1.3412358558705837,0.05086395889520645,0.7419777512550354,0.428737578810307,0.16551710931293206,-0.26321297883987427,0.1705322563648224,-0.06212865461382949,0.08178924538707104,32.0,0.02998336192829261,233.65983787523214,0.0,0.0,1.0621286546138295,0.428737578810307,0.08050695884044332,0.0,0.048304175304265985,0.0
691,77.15883131451022,28.57860222781174,36.55504633999999,40.885677680000015,38.67243036421055,0.7979205198601013,0.03891918808221817,0.7238320708274841,0.3886069849917763,0.1467363930898347,-0.2684250771999359,0.20880360901355743,-0.03047177231102659,0.07055440951439068,19.0,0.07405232660020152,971.9385975149307,1126.1863881778118,0.004516027227671573,1.0304717723110266,0.3886069849917763,0.198834527759075,0.050625891748800216,0.13955107335496508,500.1017740606803
692,77.16394708098937,28.57860222781174,35.73472154000001,37.87782007999999,36.54187161894739,0.3630668567661425,-0.010454930365085602,0.7755857110023499,0.33182719983552633,0.1823755283877186,-0.31043383479118347,0.26363635063171387,-0.04436820850037692,0.08392226121275023,178.0,0.2626177583766633,367.9237388483527,9908.516934669085,0.03973332721168125,1.044368208500377,0.33182719983552633,0.705142976126676,0.44542138938240283,0.6012543414289667,707.1787499768365
693,77.16906284746852,28.57860222781174,35.41684568000005,37.78895155999999,36.54871824105265,0.549641706439947,0.018322689458727837,0.7152317762374878,0.3825396621436403,0.16430725591403186,-0.2693168520927429,0.1577581763267517,-0.07347049646210252,0.06924602019635791,153.0,0.21883989755406397,356.6882426922051,4767.522365150068,0.01911784855115076,1.0734704964621025,0.3825396621436403,0.587597036888889,0.2143162745543355,0.43828473195506756,500.00000000016115
694,77.17417861394767,28.57860222781174,36.41490752000004,39.37149482000001,37.43135047684213,0.5314624739275113,0.022867513820528984,0.711700439453125,0.35913970411869517,0.1566747840288624,-0.2855340540409088,0.23887167870998383,-0.06572105006167764,0.0800472087958837,149.0,0.17738356759327228,296.87993010820026,12203.475285889854,0.04893615057136909,1.0657210500616776,0.35913970411869517,0.4762845343812908,0.5485875386775436,0.5052057360997919,500.00000000016115
695,77.17929438042682,28.57860222781174,35.85777026000005,38.622948440000016,37.051357658947396,0.5175805313001034,0.055587612092494965,0.7494466304779053,0.4680298287527902,0.154059629346429,-0.2942159175872803,0.10266159474849701,-0.11319883074079241,0.07141966786895015,83.0,0.15125872542685137,454.46042087363065,4977.88002300967,0.01996138645963167,1.1131988307407925,0.4680298287527902,0.4061379111295301,0.22377256360837255,0.3331917721210671,0.0
696,77.18441014690598,28.57860222781174,36.06285146000005,41.063414720000026,37.8053009126316,0.974947989596017,0.043793730437755585,0.7360601425170898,0.4235632538377193,0.15116178352076023,-0.293481707572937,0.20053547620773315,-0.0726611756441886,0.0758099098467415,53.0,0.1319297464410973,620.7555059836747,1607.820707052835,0.006447389318932473,1.0726611756441886,0.4235632538377193,0.3542385504322386,0.07227698533849138,0.2414539243947397,0.0
697,77.18952591338513,28.57860222781174,35.905622540000024,40.61223608,38.31069167789475,0.9696337887736216,-0.02992185950279236,0.7233226895332336,0.35131266276041667,0.1593049786135877,-0.2872975170612335,0.2824091911315918,-0.038436506840220666,0.07455201918874624,50.0,0.08698144920214339,433.8207861777648,5719.376711506338,0.022934801224391333,1.0384365068402206,0.35131266276041667,0.23354992570700794,0.25710535068340085,0.24297209569756512,500.1017740606803
698,77.19464167986428,28.57860222781174,35.83726214000001,38.363178919999996,37.285148110526336,0.5104785168701788,0.006988847628235817,0.7533823251724243,0.2674203116433662,0.16742920404786124,-0.2874683737754822,0.29472923278808594,-0.00048703511555989583,0.08425936805229217,160.0,0.06482156703639781,101.0306774855097,5739.08095750662,0.02301381559747569,1.00048703511556,0.2674203116433662,0.17404943587890334,0.25799112326551843,0.20762611083354937,500.00000000016115
699,77.19975744634343,28.57860222781174,36.661004960000014,38.94424232000006,37.52908680105265,0.466870732457243,0.028499843552708626,0.7369992136955261,0.307587462308114,0.16930409067056437,-0.22788967192173004,0.27645400166511536,-0.018913539418003014,0.07553380264076034,99.0,0.13524696100343722,340.6795327261854,6951.330986865899,0.02787495954025597,1.0189135394180031,0.307587462308114,0.36314545209569815,0.3124858671223701,0.3428816181063669,500.00000000016115
700,77.20487321282258,28.57860222781174,36.51061207999999,38.93398825999998,37.2345762294737,0.47646864100161995,0.046163443475961685,0.7528841495513916,0.39662066543311403,0.15054451250201192,-0.288099467754364,0.3223538100719452,-0.05995692202919408,0.06625034562517154,77.0,0.21753354802128416,704.5133715610721,4430.488823234132,0.017766338119210925,1.059956922029194,0.39662066543311403,0.5840894172857818,0.1991654755499553,0.4301198405914512,500.00000000016115
701,77.20998897930173,28.57860222781174,36.71911130000001,41.442814940000005,37.79408388105265,0.871633563012972,0.06627192348241806,0.7707359790802002,0.3987672183388158,0.15915267748659873,-0.3199956715106964,0.20604343712329865,-0.06340544048108553,0.07561928060520332,88.0,0.10537284750089518,298.6068500547325,6780.541383416552,0.027190090226013555,1.0634054404810855,0.3987672183388158,0.28293183122503685,0.3048082961032095,0.2916824171763059,500.1017740606803
702,77.21510474578088,28.57860222781174,35.84409818000006,43.291963760000044,37.74060192105266,1.5684956566140733,0.029246041551232338,0.7806045413017273,0.4298469623766447,0.1923681698634522,-0.27877599000930786,0.17705242335796356,-0.07055683336759869,0.08688830225739703,41.0,0.13399490433873937,815.001012863207,3505.3307041973394,0.014056437787142703,1.0705568333675988,0.4298469623766447,0.359783611798676,0.15757648524022225,0.2789007611752945,0.0
703,77.22022051226003,28.57860222781174,37.201052119999986,43.24752950000004,38.48424878631581,0.9030099025097694,0.013648771680891514,0.6845847368240356,0.2639878443667763,0.15831145032474353,-0.23810584843158722,0.2892180383205414,0.0014191316303453947,0.07782902319036922,73.0,0.10592883610641084,361.86373591295006,7996.716055924758,0.03206697205686059,0.9985808683696547,0.2639878443667763,0.284424690894578,0.35947946595960795,0.31444660092058996,500.1017740606803
704,77.22533627873918,28.57860222781174,37.40955134000001,41.56244564000002,38.8879772663158,0.8822098676500311,0.0016061031492426991,0.6691275238990784,0.2396019651178728,0.158969390849806,-0.2265413999557495,0.2805289328098297,0.01946089359751919,0.08008455582957799,49.0,0.04607768270501932,234.5029292569758,6805.993837722269,0.027292155015521145,0.9805391064024808,0.2396019651178728,0.1237210861766507,0.3059524701137899,0.19661363975150636,1000.2035481213607
705,77.23045204521833,28.57860222781174,37.00964299999998,42.67330214000003,39.5813485494737,1.5928010132360872,0.03413693234324455,0.743692934513092,0.3016869260553728,0.17086586294481912,-0.25974026322364807,0.2307923138141632,-0.013261073597690515,0.08129053872557478,109.0,0.08778866011320932,200.84713674210005,5925.3091361711295,0.023760593869915463,1.0132610735976906,0.3016869260553728,0.2357173309415564,0.2663627105201827,0.2479754827730069,1414.357499953673
706,77.23556781169748,28.57860222781174,36.59948059999999,41.65302317000001,39.18870482473686,1.3350505521706635,0.0023980815894901752,0.7656496167182922,0.3546579461348684,0.1718644614132163,-0.2798255681991577,0.2496921569108963,-0.03534376713267544,0.08009339733571602,125.0,0.11818801271390592,235.78552467286724,4616.390573503817,0.01851180740804515,1.0353437671326755,0.3546579461348684,0.3173412473807283,0.20752238874288906,0.2734137039255926,1118.2160514295617
707,77.24068357817663,28.57860222781174,40.03288169000001,43.60983962,42.07887883210528,0.9407110675558686,0.02453620545566082,0.727703869342804,0.2875298536869518,0.18487952046624465,-0.24994197487831116,0.20199209451675415,-0.019309373822128564,0.08259038551260905,186.0,0.19940219926903963,267.3441725309738,10569.415608806481,0.04238354252103666,1.0193093738221286,0.2875298536869518,0.5354057589552166,0.4751310227832663,0.5112958644864365,707.1787499768365
708,77.24579934465578,28.57860222781174,40.644707270000026,44.54637710000003,42.30556869105265,0.7669607333706872,0.03302944079041481,0.73246830701828,0.3404287023711623,0.17770982936655771,-0.2743714153766632,0.20572952926158905,-0.0472711609957511,0.07832058295673333,181.0,0.17436736256291774,240.23724892409308,8560.528500621474,0.034327869878286246,1.047271160995751,0.3404287023711623,0.4681858596958494,0.3848247445844244,0.4348414136512794,500.00000000016115
709,77.25091511113493,28.57860222781174,41.28216800000001,45.39746408000002,43.306434788947385,0.9281528208244737,0.025027204304933548,0.7016799449920654,0.274262481154057,0.16522090449027238,-0.2646150290966034,0.2702917754650116,-0.010915859289336622,0.07647882160640143,83.0,0.0753638999587059,226.43262130669555,8379.79623064436,0.03360313029636309,1.0109158592893366,0.274262481154057,0.20235617361859745,0.37670021703603096,0.27209379098557085,707.1787499768365
710,77.25603087761408,28.57860222781174,40.87884164000002,45.92383916000006,42.44915727736844,1.2054711289591862,0.029530486091971397,0.6852512955665588,0.25416574578536183,0.1637372081857115,-0.24986520409584045,0.18398451805114746,-0.009208263597990337,0.06971859723561592,60.0,0.05780072613637477,240.23471560253367,8949.890954081144,0.03588922016604985,1.0092082635979904,0.25416574578536183,0.1551980959019109,0.4023279053638675,0.25405001968669355,1118.2160514295617
711,77.26114664409323,28.57860222781174,40.97967323000003,43.70896220000003,41.85192442052634,0.4839898466053999,0.017968907952308655,0.7076191902160645,0.2718504146107456,0.18074190395377823,-0.27637314796447754,0.20366546511650085,-0.023225073563425163,0.07923725632726539,105.0,0.10862614018027232,257.9875636029548,8238.034987637237,0.03303466521814048,1.0232250735634252,0.2718504146107456,0.291667099153327,0.3703275691173626,0.32313128713894124,707.1787499768365
712,77.26626241057238,28.57860222781174,38.026503950000006,45.6230534,42.680799561578965,1.6022996221849792,0.008062848821282387,0.6767676472663879,0.2644787811814693,0.17828483111169868,-0.31525227427482605,0.335512638092041,-0.008003402843809964,0.09284840154603075,97.0,0.09084226130997367,233.5446507435431,10935.372804179286,0.0438510373121431,1.00800340284381,0.2644787811814693,0.243916416369367,0.4915820379545782,0.3429826650034515,500.00000000016115
713,77.27137817705153,28.57860222781174,33.90778985000003,45.45727943000003,40.86075682210529,2.8670394844323086,-0.0780508816242218,0.8393436074256897,0.3087192896792763,0.20478040321804974,-0.532121479511261,0.3557288646697998,-0.037363190232661735,0.12965016723905481,1.0,0.0007438781253952968,185.5049531478014,2723.434496303667,0.010921020238921136,1.0373631902326617,0.3087192896792763,0.0019973532576743826,0.12242760296357678,0.05016945314003535,500.00000000016115
714,77.27649394353068,28.57860222781174,33.077210990000026,44.66258978000002,39.03345711000002,3.7822224481195144,-0.22744721174240112,0.8452165722846985,0.48481414794921873,0.24502400747532865,-0.4494934380054474,0.33279353380203247,-0.15031817844935827,0.17182985366113507,0.0,0.0,0.0,2467.3205777200164,0.009893998920024846,1.1503181784493584,0.48481414794921873,0.0,0.11091441504576141,0.04436576601830457,0.0
715,77.28160971000983,28.57860222781174,38.04017603,44.53270502000004,41.215532483157915,1.4425927333020465,0.03493862226605415,0.7112925052642822,0.4234452097039474,0.17337498371842133,-0.33890029788017273,0.15605095028877258,-0.06004353841145833,0.07294470168858871,0.0,0.0,0.0,1166.126417231329,0.0046761874467730665,1.0600435384114584,0.4234452097039474,0.0,0.052421331303507436,0.020968532521402974,0.0
716,77.28672547648898,28.57860222781174,35.78257381999998,44.920650290000026,41.480058659473706,1.6653797345049832,-0.1960420459508896,0.7888782024383545,0.4205173211348684,0.16366818932363836,-0.3825680911540985,0.356169730424881,-0.0583417176363761,0.09203866394418567,0.0,0.0,0.0,630.3964365056472,0.002527900799878205,1.058341717636376,0.4205173211348684,0.0,0.02833845452971804,0.011335381811887216,0.0
717,77.29184124296813,28.57860222781174,32.04155093000003,49.91608652000002,38.762970856842124,4.549179359995649,-0.22214719653129578,0.7332671284675598,0.17710165458813049,0.283433760817264,-0.4648219048976898,0.4017578661441803,0.03901633279365406,0.14368931306018753,0.0,0.0,0.0,2551.2828669388346,0.01023068917679782,0.960983667206346,0.17710165458813049,0.0,0.11468880426729247,0.04587552170691699,500.1017740606803
718,77.29695700944728,28.57860222781174,36.40636247000003,47.30984627000004,40.777099988947384,2.119290225924854,0.08217716217041016,0.8220086693763733,0.44522889254385967,0.1643384420879307,-0.490943968296051,0.20798735320568085,-0.10477348461485746,0.11022283970983027,0.0,0.0,0.0,1244.6487321786567,0.004991063311021166,1.1047734846148574,0.44522889254385967,0.0,0.055951175260173125,0.022380470104069253,0.0
720,77.10255788323957,28.583093783686696,38.91348014000005,42.601523720000046,40.6949319257237,0.8727665795956295,0.08527696877717972,0.6645548343658447,0.34258268657483554,0.11210610475273332,-0.19266875088214874,0.23208041489124298,0.06254538552802906,0.08225102418647595,0.0,0.0,0.0,73.00585680084268,0.00029275477003904457,0.937454614471971,0.34258268657483554,0.0,0.003281860482622277,0.0013127441930489109,1500.2412500739583
721,77.10767364971872,28.583093783686696,39.09463520000003,42.56050748000001,40.61978045967107,0.6806041189069674,0.07432740181684494,0.671999990940094,0.32677584464089915,0.11699270862505912,-0.1829499900341034,0.21247562766075134,0.05143871106599507,0.07613572649487678,0.0,0.0,0.0,5043.313802255992,0.020223777065474426,0.9485612889340049,0.32677584464089915,0.0,0.22671403356362488,0.09068561342544995,1000.160833382639
722,77.11278941619787,28.583093783686696,38.56826011999999,42.76558868000001,40.952969948750024,0.9582545816064524,0.08123249560594559,0.7257072329521179,0.36524945175438595,0.12510637270842476,-0.25310659408569336,0.27420100569725037,0.027217206453022204,0.05837983526528457,2.0,0.01246929160878895,1554.7676942681155,5717.825751356212,0.022928581846905927,0.9727827935469778,0.36524945175438595,0.03348072670166451,0.2570356297726429,0.12290268793005586,500.0804166913195
723,77.11790518267702,28.583093783686696,38.66054666000002,40.769465000000025,39.60953067993423,0.41715028779534563,0.06015663966536522,0.7235382199287415,0.4015350020559211,0.12664725626255896,-0.2537961006164551,0.18143831193447113,-0.012592283550061678,0.06690892740246458,27.0,0.024926647003905653,230.22571030526052,4603.205554059532,0.018458935248131983,1.0125922835500616,0.4015350020559211,0.06692940401990362,0.20692967747049282,0.1229295134001393,0.0
724,77.12302094915617,28.583093783686696,38.63320250000004,42.83736710000005,39.957572815131606,0.857828311264668,0.022403258830308914,0.6955974698066711,0.34809737356085524,0.1270022682037967,-0.2335437387228012,0.21341991424560547,0.005861834475868626,0.06668879092006755,9.0,0.014529686346749341,402.5941426260277,6202.616508499132,0.024872601311146932,0.9941381655241314,0.34809737356085524,0.03901299872508696,0.2788286159511095,0.134939245615496,500.0804166913195
725,77.12813671563532,28.583093783686696,37.37195312000006,46.029797780000024,40.267207199276335,2.144548495611387,0.035351090133190155,0.7240025997161865,0.3787469589501096,0.18029423398286923,-0.2956264317035675,0.2975676953792572,-0.011057883814761513,0.08949425222381598,1.0,0.0014510924190569896,361.8668462219558,1666.9354198880085,0.006684440357305953,1.0110578838147615,0.3787469589501096,0.0038962621314478072,0.07493439186033471,0.03231151402300257,707.163646660605
726,77.13325248211447,28.583093783686696,37.08142142000003,41.44965098,39.43093913493423,0.9807812564034105,-0.03008734993636608,0.718043863773346,0.3441283751370614,0.1517960562961069,-0.24850161373615265,0.22296568751335144,-0.0069049674586245885,0.07730998331865438,2.0,0.011018815483127293,1373.911115383042,1561.7974722770107,0.006262835337873054,1.0069049674586246,0.3441283751370614,0.029586119351529425,0.07020808508703262,0.0458349056457307,500.00000000016115
727,77.13836824859362,28.583093783686696,36.95837270000004,41.39496266000003,39.349502559736855,0.8059597731759514,-0.009900989942252636,0.6637646555900574,0.2668872926946272,0.1554706976473136,-0.21990369260311127,0.2668240964412689,0.016902783042506166,0.07274779391718324,5.0,0.018955426479447868,945.403657110631,4573.6442157471065,0.018340393761476892,0.9830972169574939,0.2668872926946272,0.05089635188454195,0.20560079520991426,0.11277812921469088,500.00000000016115
728,77.14348401507277,28.583093783686696,36.22008038000001,41.50433930000003,39.33855140355265,1.1398895798421458,0.0,0.7030223608016968,0.23539700692160087,0.16449379930090674,-0.25825244188308716,0.34648582339286804,0.029824486448053727,0.08294509264823556,1.0,0.0005862448536358499,146.19508276179997,2965.661982568275,0.01189235671993772,0.9701755135519463,0.23539700692160087,0.0015740993426606946,0.13331654872508414,0.05427107909563007,500.00000000016115
729,77.14859978155192,28.583093783686696,36.08335957999998,41.183045419999985,38.2049043557237,0.9794715765787143,0.015613853931427002,0.7383647561073303,0.41804002192982453,0.17127093225571854,-0.30125248432159424,0.25307294726371765,-0.0659072126422012,0.09017917344663846,13.0,0.05875161075899192,1127.0161715942882,1307.7533609566322,0.005244113982513076,1.0659072126422011,0.41804002192982453,0.15775127287246313,0.058787942014680905,0.11816594052935024,0.0
730,77.15371554803107,28.583093783686696,37.07458538000003,41.330020279999985,38.83827245651318,0.979829037778521,0.03218116983771324,0.7051805853843689,0.37446863007127196,0.13919823525218683,-0.24960622191429138,0.2743631899356842,-0.03257514016670093,0.07106012814984689,10.0,0.028903156736169666,720.7738140327111,377.6139226691981,0.0015142384726219201,1.032575140166701,0.37446863007127196,0.07760654910155361,0.01697502453641118,0.053353939275496635,500.00000000016115
731,77.15883131451022,28.583093783686696,37.395879260000015,40.95403808000003,39.522483604802645,0.7047315426841395,-0.004370060283690691,0.6995884776115417,0.2722768040707237,0.1561989833208315,-0.2248520702123642,0.2100173532962799,0.0030236806367572983,0.07156270566940243,5.0,0.04791675228114841,2389.8524727248127,1159.0880172843918,0.004647963339171269,0.9969763193632427,0.2722768040707237,0.12865908809332127,0.052104931391788616,0.09803742541270821,707.163646660605
732,77.16394708098937,28.583093783686696,36.496939999999995,39.06387302000002,37.713833824407914,0.561530723785651,0.002138021169230342,0.7207704782485962,0.3818934604577851,0.1498858603757563,-0.2650992274284363,0.17575126886367798,-0.04518260755037007,0.07017751513587317,129.0,0.1576949726238643,304.8469540134383,2978.264725534468,0.011942893940930741,1.04518260755037,0.3818934604577851,0.4234195851931679,0.13388308469802976,0.30760498499511263,500.00000000016115
733,77.16906284746852,28.583093783686696,35.902204520000055,38.185441879999985,37.19326038361844,0.45445077701686953,0.04567230865359306,0.7199883460998535,0.3936278440241228,0.15995553327183143,-0.2882184088230133,0.16475746035575867,-0.06962468732867325,0.06915296201487751,138.0,0.14228716080962842,257.1226582437846,5982.05154665686,0.023988131934135806,1.0696246873286732,0.3936278440241228,0.38204877178950164,0.2689134740181012,0.33679465268094144,500.0804166913195
734,77.17417861394767,28.583093783686696,36.15855601999999,38.759669239999994,37.184625385723706,0.5460413125218547,0.07554225623607635,0.7493749856948853,0.40546810752467105,0.152807113694982,-0.28360724449157715,0.15368852019309998,-0.08679725513123629,0.07318809101229076,149.0,0.1678651186394175,280.94927487051604,11872.214678217519,0.047607789707299494,1.0867972551312364,0.40546810752467105,0.4507269808292404,0.5336962526162762,0.4839146895440547,0.0
735,77.17929438042682,28.583093783686696,36.3943994,38.759669239999994,37.42663019651318,0.5908344100729599,0.05006353184580803,0.7341399192810059,0.4157291957310268,0.14964037024468868,-0.29293715953826904,0.14621372520923615,-0.08533290318080357,0.07670705211511014,115.0,0.1643461487172355,356.38171475084584,11298.322804174386,0.04530647319688448,1.0853329031808037,0.4157291957310268,0.4412783550425991,0.5078978695104094,0.4679261608297232,0.0
736,77.18441014690598,28.583093783686696,35.99790908,39.96964832000003,38.239759164934235,0.8955172794035492,0.0007863061618991196,0.7278106212615967,0.38882881030701755,0.18570430560948473,-0.2773234248161316,0.3027324974536896,-0.07066722133703399,0.09224730165973814,36.0,0.1011919547855092,700.96640948203,4604.092905919075,0.01846249354469842,1.070667221337034,0.38882881030701755,0.27170590670867106,0.2069695669414151,0.24581137080176868,500.00000000016115
737,77.18952591338513,28.583093783686696,36.74303744000002,39.720132860000035,38.30892909598686,0.7052312128669096,0.00683034909889102,0.6737194061279297,0.2878382204290022,0.16264357431836132,-0.28598931431770325,0.32830187678337097,-0.023308560555441338,0.0842902629605215,48.0,0.13581528092276815,705.604141329863,3900.80092426647,0.01564228032645377,1.0233085605554413,0.2878382204290022,0.36467142201405495,0.1753542108114648,0.28894453753301885,500.00000000016115
738,77.19464167986428,28.583093783686696,35.84409818000006,39.050200940000025,37.32051416769739,0.6549919151393218,0.019516002386808395,0.7740808725357056,0.4035692502741228,0.15837659824872405,-0.27328070998191833,0.22729401290416718,-0.06916084155701754,0.07280803525647533,84.0,0.13644504122232234,405.0719708469005,7804.6983209856235,0.03129697756191377,1.0691608415570175,0.4035692502741228,0.36636236269765166,0.3508476185452493,0.36015646503669074,0.0
739,77.19975744634343,28.583093783686696,35.83042610000001,45.571783100000005,38.05842420914475,2.407726676507011,0.019909076392650604,0.7749274969100952,0.43101378323739037,0.1698831598054043,-0.27620840072631836,0.19623029232025146,-0.06674465246367872,0.08770673273464191,68.0,0.14272137491077944,523.4001350127246,6003.130585910798,0.024072659252351723,1.0667446524636788,0.43101378323739037,0.3832146602863589,0.2698610482124272,0.3378732154567862,0.0
740,77.20487321282258,28.583093783686696,37.218142220000004,45.917003120000004,42.42534952467108,2.567458366776716,0.011335852555930614,0.7246752977371216,0.24912886770148027,0.16600435762518762,-0.27371788024902344,0.2562931776046753,0.052291886179070726,0.10770944936289377,18.0,0.059843228362466916,829.0796043216399,1723.3458892585763,0.006910647331815217,0.9477081138209292,0.24912886770148027,0.16068232555703676,0.0774702334810758,0.12739748872665238,500.0804166913195
741,77.20998897930173,28.583093783686696,36.83532398,45.373537940000006,42.08172607980265,2.0632271191160974,-0.014425553381443024,0.702900767326355,0.2056946014939693,0.1413498654496858,-0.2742927372455597,0.26076146960258484,0.06795762446888706,0.09319174989122735,10.0,0.03729002447953127,929.9217180609879,1947.355405975764,0.007808929434468943,0.9320423755311129,0.2056946014939693,0.10012574550887601,0.08754021981999328,0.09509153523332292,707.163646660605
742,77.21510474578088,28.583093783686696,35.41000964,39.197175800000025,37.492190968289485,0.7926211645324118,0.03476594761013985,0.7681940793991089,0.3817615816885965,0.19029141797655547,-0.298164039850235,0.13850615918636322,-0.058748399165638704,0.08266111389057389,61.0,0.09356042626082593,382.4864716341103,8137.89560327634,0.0326331045252717,1.0587483991656388,0.3817615816885965,0.2512148372183415,0.36582596468876616,0.2970592882065114,500.00000000016115
743,77.22022051226003,28.583093783686696,35.85093422,38.886135980000006,37.46549893052634,0.691216760067558,0.03205791115760803,0.7984958291053772,0.39261924342105264,0.1982087898399126,-0.3362125754356384,0.34945669770240784,-0.07516525536252741,0.10777184911866226,113.0,0.1971017550945906,434.97647571597196,9023.912946163196,0.03618604965644168,1.0751652553625275,0.39261924342105264,0.5292289411283821,0.4056554445683147,0.47979954250435514,500.00000000016115
744,77.22533627873918,28.583093783686696,37.25915845999998,39.22793797999998,38.39605487552633,0.37999068865412916,0.047329336404800415,0.7183455228805542,0.337065858004386,0.1525243652044251,-0.28744688630104065,0.19073422253131866,-0.0346501320286801,0.06912215028368097,150.0,0.2245494874412501,373.3142184191031,9282.735296014642,0.03722393183236664,1.03465013202868,0.337065858004386,0.6029275965220222,0.4172903856431668,0.5286727121704801,707.163646660605
745,77.23045204521833,28.583093783686696,37.53601808000002,42.929653640000026,40.18609668519739,1.3894942869231577,-0.010081915184855461,0.7623421549797058,0.3272581294544956,0.1691906048308456,-0.2745872437953949,0.2558034658432007,-0.02743196721662555,0.07856539712618821,36.0,0.09110628172576847,631.1019815551125,5584.893492329605,0.02239552114975846,1.0274319672166254,0.3272581294544956,0.24462532555701125,0.2510598745814498,0.24719914516678665,1118.0699545014204
746,77.23556781169748,28.583093783686696,36.787471700000026,41.19671749999998,39.37780803786186,0.965615965171504,-0.042677074670791626,0.7475034594535828,0.2630395079495614,0.2198033390903765,-0.27882787585258484,0.3668730556964874,-0.014332328930235746,0.09970083118066761,3.0,0.23122506120868835,19220.619024261847,1841.7271029157364,0.0073853580810594455,1.0143323289302357,0.2630395079495614,0.6208518754543446,0.08279186990876873,0.40562787323611427,1000.0000000003223
747,77.24068357817663,28.583093783686696,39.02969282000004,42.721154420000005,41.13954999115134,0.9592241824508766,0.003504555905237794,0.749729335308075,0.3307362553111294,0.19253273806086432,-0.2647775411605835,0.41804105043411255,-0.04035191586143092,0.0892085924958364,160.0,0.17743098455538225,276.5433388317457,10252.884794537531,0.0411142483876308,1.040351915861431,0.3307362553111294,0.4764118515055698,0.46090189081491817,0.47020786722930913,1118.0699545014204
748,77.24579934465578,28.583093783686696,41.52826544000004,43.61496665000004,42.42020000769739,0.5074252682422783,0.0035571844782680273,0.7418713569641113,0.26997115285773027,0.18126554000580436,-0.2619514763355255,0.20621991157531738,-0.015367391485916941,0.08261884282927863,344.0,0.2570837500513488,186.36738260936255,13611.949989634639,0.054584158910281656,1.015367391485917,0.26997115285773027,0.6902838625444743,0.6119032461228096,0.6589316159758084,1000.0000000003223
749,77.25091511113493,28.583093783686696,38.84511974000003,43.63376576000002,42.17517632069081,0.911916030422341,0.02379733882844448,0.6998739242553711,0.2301979252330044,0.15489372675679344,-0.3091808259487152,0.3183632791042328,0.005064811037297835,0.08132911677954362,268.0,0.16459596457412798,153.15744455869972,16831.140550308213,0.06749316968831799,0.9949351889627022,0.2301979252330044,0.441949124216404,0.7566167629564797,0.5678161797124343,1000.0000000003223
750,77.25603087761408,28.583093783686696,40.229417839999996,46.518574640000026,42.26747410417765,1.7168792327124667,-0.04425465688109398,0.7115262746810913,0.2463291957922149,0.17050012444355434,-0.255219429731369,0.4120798707008362,0.008762549684758772,0.0900749277790051,64.0,0.07378138486214716,287.4885489213905,7239.445808599212,0.02903030504371978,0.9912374503152412,0.2463291957922149,0.1981070344444205,0.32543760400128596,0.24903926226716666,1118.0699545014204
751,77.26114664409323,28.583093783686696,40.97283719000001,45.73413905000001,43.52107791312502,1.208365221665667,-0.022303977981209755,0.7523036003112793,0.26258570620888155,0.18357502019948285,-0.23629793524742126,0.4135904014110565,0.0033002612465306332,0.09561007664741247,26.0,0.07075507612584714,678.6376916824373,6235.256850007938,0.025003489654783165,0.9966997387534694,0.26258570620888155,0.18998123075854761,0.2802959098317809,0.22610710238784093,1000.0000000003223
752,77.26626241057238,28.583093783686696,42.608359759999985,46.26051413000002,44.11894470421054,0.6812648425894418,-0.06804867088794708,0.794948935508728,0.29212560820997807,0.18489811239547904,-0.43035775423049927,0.3951447904109955,8.75787567674068e-05,0.1078338804924326,9.0,0.007614621190937778,210.98885527377055,4966.986265292281,0.01991770229954962,0.9999124212432325,0.29212560820997807,0.020445672378918048,0.2232828523094902,0.10158054435114691,500.0804166913195
753,77.27137817705153,28.583093783686696,37.20276113000003,44.86083494000002,41.427827372039495,2.210101493349015,0.05123339593410492,0.783726155757904,0.4260546018366228,0.1688793231577558,-0.4443298876285553,0.28596803545951843,-0.07627948961759869,0.1177071140535649,0.0,0.0,0.0,2412.1225631923935,0.009672653910764443,1.0762794896175987,0.4260546018366228,0.0,0.10843307737594139,0.04337323095037656,0.0
754,77.27649394353068,28.583093783686696,36.40978049000003,44.70702404000002,39.41214314812502,1.7607227832985364,-0.14305177330970764,0.7685490250587463,0.46759844098772324,0.16317109352495104,-0.5001683235168457,0.3020689785480499,-0.08483092716761997,0.10428656813190498,0.0,0.0,0.0,431.4183484292945,0.0017299951664095075,1.08483092716762,0.46759844098772324,0.0,0.019393715672027113,0.007757486268810846,0.0
755,77.28160971000983,28.583093783686696,31.13406662,40.99163630000001,36.96617005812502,2.9678771421749333,-0.2380952388048172,0.7485061883926392,0.34820201137609647,0.3238420397730206,-0.476357638835907,0.4671260416507721,-0.026893008048074287,0.17641639968082895,0.0,0.0,0.0,0.0,0.0,1.0268930080480743,0.34820201137609647,0.0,0.0,0.0,500.00000000016115
756,77.28672547648898,28.583093783686696,31.226353160000002,41.73163763000002,34.70056248549344,2.828932796380957,-0.3038397431373596,0.7199535965919495,0.022816381621779055,0.34332076288817426,-0.39315885305404663,0.49179330468177795,0.10876211065995066,0.18331273416532562,0.0,0.0,0.0,0.0,0.0,0.8912378893400493,0.022816381621779055,0.0,0.0,0.0,500.00000000016115
757,77.29184124296813,28.583093783686696,33.62238518000004,50.56551031999999,45.621726668552654,4.147035543529317,-0.24890829622745514,0.7168917655944824,0.18880675198739036,0.15163987607298351,-0.4624234139919281,0.4949083626270294,0.05894295675712719,0.08287327007222764,0.0,0.0,0.0,3757.1662584923697,0.015066302789979653,0.9410570432428728,0.18880675198739036,0.0,0.16889734619545724,0.0675589384781829,500.0804166913195
758,77.29695700944728,28.583093783686696,34.03767461000001,46.87917575,38.894113233914496,3.4411209671192187,0.0391395278275013,0.8660303950309753,0.4829334566885965,0.21607471918264073,-0.5183460116386414,0.3185291290283203,-0.14227299205043858,0.16265767943704176,0.0,0.0,0.0,645.4251304905915,0.002588166127132042,1.1422729920504386,0.4829334566885965,0.0,0.029014045215944227,0.011605618086377691,0.0
760,77.10255788323957,28.587585339561652,39.248446100000024,44.27635352000004,42.10700077684213,1.1035136337205174,0.010726072825491428,0.6782376766204834,0.3371000591077303,0.11557622959756714,-0.16604824364185333,0.24183006584644318,0.07161386054858827,0.06592105434171143,0.0,0.0,0.0,0.0,0.0,0.9283861394514117,0.3371000591077303,0.0,0.0,0.0,1581.3069081073165
761,77.10767364971872,28.587585339561652,40.66692440000003,44.33445986000004,42.33125675157896,0.8991035766723137,0.006037496030330658,0.6679179668426514,0.23529960766173247,0.11222827990030836,-0.19044752418994904,0.23614996671676636,0.08924591064453125,0.0529983319172891,0.0,0.0,0.0,224.13396211192094,0.0008987811308757622,0.9107540893554688,0.23529960766173247,0.0,0.010075580580819667,0.004030232232327867,1118.139633027035
762,77.11278941619787,28.587585339561652,38.759669239999994,43.87644518000002,41.78568573263159,1.1168802772926334,0.042675893753767014,0.7068913578987122,0.2957435795298794,0.11281204666648019,-0.17335540056228638,0.20155993103981018,0.03988122772752193,0.05374132877608368,0.0,0.0,0.0,4972.358904187628,0.01993924667603164,0.9601187722724781,0.2957435795298794,0.0,0.22352437062118038,0.08940974824847216,707.1485414936376
763,77.11790518267702,28.587585339561652,37.85047592000001,40.92669392000005,39.33615058842107,0.5779853956396128,0.02884201519191265,0.7156597375869751,0.39168200041118423,0.13104819338127083,-0.2441968470811844,0.23740710318088531,-0.009472140262001438,0.0692485447745108,6.0,0.0063188848978303755,262.6291428889365,1925.9571636069409,0.007723122106147138,1.0094721402620015,0.39168200041118423,0.0169665499020342,0.08657829636473698,0.04481124848711531,500.00000000016115
764,77.12302094915617,28.587585339561652,38.38368704000004,42.57759758000003,39.85499120947371,0.714767556847397,0.04935872554779053,0.6747182011604309,0.33463340357730265,0.1263866631770157,-0.20195838809013367,0.3294629752635956,0.010967814796849301,0.06027600000721869,2.0,0.0005480253986431778,68.3320442075676,5202.39975826605,0.020861714547602963,0.9890321852031507,0.33463340357730265,0.0014714780256330062,0.23386548599837761,0.09442908121473086,707.1485414936376
765,77.12813671563532,28.587585339561652,37.60437848000004,42.28022984000006,40.3421595894737,1.0758567638785526,0.017634091898798943,0.6736292243003845,0.29664208127741226,0.15860297166245083,-0.21596351265907288,0.4411945044994354,0.02475044384337308,0.09068991159278149,2.0,0.00355836153195851,443.6840301750562,1400.329688290507,0.005615346683659528,0.9752495561566269,0.29664208127741226,0.00955439440306665,0.06294956141916465,0.030912461209505852,500.00000000016115
766,77.13325248211447,28.587585339561652,36.66442298000004,40.81389926000003,38.294352907368435,0.8914368865383971,0.03474320098757744,0.730659008026123,0.4146963233278509,0.15162573044698555,-0.21816425025463104,0.3211278021335602,-0.026845804850260415,0.06889294561059191,1.0,0.0009641521949125124,240.4359015793776,285.81663124424693,0.0011461297191745045,1.0268458048502604,0.4146963233278509,0.002588801124349594,0.012848425434079564,0.0066926508482415825,0.0
767,77.13836824859362,28.587585339561652,36.14146592000003,40.51311350000003,37.95703772000002,0.7600063884735718,0.06451612710952759,0.7354008555412292,0.4045490251507675,0.14685016123083405,-0.25843116641044617,0.29006704688072205,-0.04339641370271381,0.0746313355790187,8.0,0.010912162334205566,340.15319402494777,104.95295959777718,0.0004208632142457061,1.0433964137027139,0.4045490251507675,0.029299749841299717,0.004717990935683691,0.019467046279053307,0.0
768,77.14348401507277,28.587585339561652,33.577950920000035,40.64299826000001,36.901536212631605,1.9089044343407477,0.08086784929037094,0.7740342617034912,0.5128476219846492,0.16990493075620108,-0.2847965657711029,0.2013857513666153,-0.10889236182497258,0.08432696561828816,24.0,0.02766652318891982,287.473003121078,425.60966455656325,0.0017067022418975756,1.1088923618249726,0.5128476219846492,0.07428612071439496,0.01913259566202619,0.052224710693447446,0.0
769,77.14859978155192,28.587585339561652,35.68345124000001,40.99163629999998,38.03783209368422,1.2935557205546155,0.013895932585000992,0.733409583568573,0.3580530213473136,0.18640903400143263,-0.28463640809059143,0.2496517300605774,-0.037003187213027686,0.09290833350312279,3.0,0.04932490162474363,4100.140086816714,2504.3752715928495,0.010042588894295008,1.0370031872130276,0.3580530213473136,0.1324400457296644,0.11258014901349853,0.12449608704319805,500.00000000016115
770,77.15371554803107,28.587585339561652,36.496939999999995,41.097594920000006,38.87869676000002,1.0569576719811493,0.014035951346158981,0.713768720626831,0.34940391138980265,0.16625720993659895,-0.22792208194732666,0.21026606857776642,-0.027154163561369245,0.08090893182199148,6.0,0.01724879596460312,716.9044179939528,3294.8961237784906,0.013212591417846045,1.0271541635613692,0.34940391138980265,0.04631395605638091,0.14811673825666452,0.08703506893649436,500.00000000016115
771,77.15883131451022,28.587585339561652,34.51107037999998,41.176209380000046,38.47903180842108,1.7441146484984946,0.023669632151722908,0.7330515384674072,0.38034124006304826,0.15859071165752156,-0.24902990460395813,0.22658686339855194,0.004346571805184348,0.08347653838291692,2.0,0.010853007804615506,1353.2369319490756,1077.696893507827,0.004321583501051862,0.9956534281948156,0.38034124006304826,0.029140916709434046,0.0484461247636135,0.036862999931105825,500.00000000016115
772,77.16394708098937,28.587585339561652,34.04280163999999,39.97990238,37.080892314736865,1.2579212509104027,0.04095045477151871,0.7477049827575684,0.4275877192982456,0.16554018053046365,-0.24673426151275635,0.18657086789608002,-0.038512300190172696,0.08736263143269364,30.0,0.07927102893456552,658.941655739205,744.8766814228468,0.0029869685958520947,1.0385123001901726,0.4275877192982456,0.21284702759274834,0.033484729202715786,0.14110210823673533,0.0
773,77.16906284746852,28.587585339561652,36.26793266000004,39.36807680000004,37.69872853052634,0.738198576083132,-0.000645577791146934,0.7242108583450317,0.2682576497395833,0.1987357608299834,-0.26814815402030945,0.23994673788547516,-0.014200559917249177,0.08673901130688433,385.0,0.20732543839626216,134.29059098565955,8912.614475305854,0.03573974083041935,1.0142005599172492,0.2682576497395833,0.5566800872918395,0.40065220141373564,0.4942689329405979,500.05905624877727
774,77.17417861394767,28.587585339561652,36.332875039999976,39.51846968000001,37.77597789894738,0.6921018016110029,0.025684932246804237,0.7286303639411926,0.4160514751233553,0.15176911345151503,-0.25261083245277405,0.18478569388389587,-0.05342955472176535,0.06714923615296807,51.0,0.09805759116800875,479.47367368475824,2891.676114473724,0.011595672087371235,1.0534295547217654,0.4160514751233553,0.26328996978510066,0.12999063341620154,0.20997023523754102,0.0
775,77.17929438042682,28.587585339561652,36.903684380000016,41.04632462000001,38.83186036210529,1.2160029442239562,0.02311796136200428,0.7608241438865662,0.3752661568777902,0.16822187237404115,-0.2991628348827362,0.23618996143341064,-0.05141175406319754,0.08609402340318387,62.0,0.09751089949393985,392.206868833757,3126.91701113453,0.012538992221173405,1.0514117540631975,0.3752661568777902,0.2618220728825473,0.14056550831635914,0.213319447056072,500.00000000016115
776,77.18441014690598,28.587585339561652,36.92761052000003,39.231356000000005,38.03983211157897,0.5019422004286076,0.028598174452781677,0.7315643429756165,0.4242029022752193,0.16615757466264103,-0.30056115984916687,0.26914259791374207,-0.08376802143297697,0.08653484353578543,33.0,0.09196622989069517,694.9733730051364,5429.863243083426,0.02177384712309822,1.083768021432977,0.4242029022752193,0.2469343331887852,0.24409073989955615,0.24579689587309356,0.0
777,77.18952591338513,28.587585339561652,35.01693734000003,38.752833200000055,37.69242159578949,0.8598685151836871,0.03262605518102646,0.727033257484436,0.4440029639528509,0.15150420858901686,-0.30975866317749023,0.2257182002067566,-0.07661918773985746,0.0825543428099291,27.0,0.06766092295698153,624.9249666527488,4000.179181108311,0.016040788884581925,1.0766191877398574,0.4440029639528509,0.1816732610783085,0.1798215999806768,0.18093259663925582,0.0
778,77.19464167986428,28.587585339561652,35.150240120000035,39.92521406000003,36.966679652631605,0.8932423229913216,0.05484206974506378,0.7687647342681885,0.49200983415570176,0.14475700031223848,-0.3009708821773529,0.16245277225971222,-0.08749670195997807,0.07750632495999225,46.0,0.08480464801562891,459.74344568687457,6514.847157788387,0.026124651707338742,1.0874967019599782,0.49200983415570176,0.2277050960329485,0.29286444094198993,0.2537688339965651,0.0
779,77.19975744634343,28.587585339561652,35.06137160000003,46.01612570000003,40.032252054736865,3.7101795570844787,0.024420788511633873,0.7655442953109741,0.3895362613075658,0.22937861398031714,-0.25291162729263306,0.20740437507629395,-0.02390301353053043,0.11564613565326391,22.0,0.033347650140015575,378.0038976341686,1731.4065159951876,0.006942970586825902,1.0239030135305305,0.3895362613075658,0.08954025581482276,0.07783258594855273,0.08485718786831475,500.00000000016115
780,77.20487321282258,28.587585339561652,34.99301120000001,45.47949656000003,40.08829488421054,2.7052652928699668,-0.007593771442770958,0.7436307668685913,0.3571180698327851,0.20421956214987871,-0.2469654530286789,0.20987653732299805,-0.0025540294981839366,0.09205138671345038,14.0,0.027725446283637135,493.86043207345585,0.0,0.0,1.0025540294981838,0.3571180698327851,0.07444433243102978,0.0,0.04466659945861787,707.1485414936376
781,77.20998897930173,28.587585339561652,36.44225168000003,42.62886788000003,39.201070014736864,1.388195864270635,0.003001258708536625,0.7457143068313599,0.36932565789473687,0.17423977382344333,-0.25673148036003113,0.43087634444236755,-0.018828147754334567,0.08910810580110576,28.0,0.16839180106875937,1499.7422725441409,277.57430913700233,0.0011130778625313225,1.0188281477543346,0.36932565789473687,0.45214115182055276,0.012477905144418395,0.276275853150099,500.00000000016115
782,77.21510474578088,28.587585339561652,35.39975558000003,38.937406280000005,36.9410603757895,0.6637291303047163,0.046046242117881775,0.738095223903656,0.3812106805098684,0.17074521187849492,-0.30128586292266846,0.15356028079986572,-0.06547387374074835,0.07296975894681655,217.0,0.2212283430840043,254.23465827501064,3150.056418662994,0.012631781652414721,1.0654738737407483,0.3812106805098684,0.5940101431453326,0.14160570304164152,0.4130483671038562,500.00000000016115
783,77.22022051226003,28.587585339561652,35.909040559999994,38.26747436000005,37.32139182105265,0.4428090936269131,0.06885525584220886,0.7570154070854187,0.40208825897752193,0.15463558641559785,-0.3010127544403076,0.2673874795436859,-0.06793805038719847,0.07374440171094196,129.0,0.17968162416000508,347.35029852863994,3392.277378192024,0.013603091961106824,1.0679380503871985,0.40208825897752193,0.4824549413514442,0.1524943554042832,0.35047070697257976,0.0
784,77.22533627873918,28.587585339561652,36.97546280000006,39.35098670000002,38.12913449789476,0.546436470103604,0.00959692895412445,0.72003173828125,0.3443906335663377,0.15666829207951205,-0.25628140568733215,0.27304238080978394,-0.032163439298930924,0.07848324725424854,101.0,0.2033838296360287,502.1676932030689,5242.416238027778,0.021022181335389245,1.032163439298931,0.3443906335663377,0.5460966532198313,0.23566436227130358,0.42192373684042017,500.00000000016115
785,77.23045204521833,28.587585339561652,36.43883366,39.641518399999995,38.00703816736844,0.7465868435452895,-0.0023603462614119053,0.7330648899078369,0.3389492101836623,0.16712187441570928,-0.28846561908721924,0.49308329820632935,-0.0298165786475466,0.10184445383083825,77.0,0.17521664759153863,567.4640636866966,4251.241738095401,0.01704755415461601,1.0298165786475466,0.3389492101836623,0.47046623622622336,0.19110771208932234,0.3587228265714629,707.1485414936376
786,77.23556781169748,28.587585339561652,36.54137426,40.97454620000002,38.954152461578964,0.7187904570625686,0.0004161897813901305,0.7391015887260437,0.3073854894805373,0.18222389190602634,-0.2803187370300293,0.32434916496276855,-0.0274652099609375,0.09667967497208534,13.0,0.17450115716930964,3347.4082421072835,2608.571732303855,0.010460418534696963,1.0274652099609376,0.3073854894805373,0.46854510549675815,0.11726413276249284,0.328032716403052,500.00000000016115
787,77.24068357817663,28.587585339561652,37.961561570000015,43.914043400000025,41.22051665473686,1.2067211682336498,-0.020351095125079155,0.7288801670074463,0.2886365388569079,0.20149657702545062,-0.31325167417526245,0.3488899767398834,-0.009127853795101767,0.10467839729129003,33.0,0.07209132983327411,544.7820870574302,4480.485653880065,0.01796682628961018,1.0091278537951018,0.2886365388569079,0.19356914469833505,0.20141300239154633,0.19670668777561956,707.1485414936376
788,77.24579934465578,28.587585339561652,40.241380910000004,43.408176440000034,41.564736665789496,0.5557884419978965,-0.002161383396014571,0.7236173748970032,0.3202798194216009,0.18271345184410637,-0.308573842048645,0.33498871326446533,-0.037688438013980266,0.0912712874212086,198.0,0.18148804252484546,228.5791158042474,11923.161850379409,0.047812088763895484,1.0376884380139804,0.3202798194216009,0.48730527298852444,0.535986500527147,0.5067777640039735,500.00000000016115
789,77.25091511113493,28.587585339561652,38.69130884000003,44.77880246000001,41.32193555157897,0.8599749047548013,0.04533333331346512,0.7925806641578674,0.3623182223135965,0.16279981553972855,-0.320124089717865,0.32744255661964417,-0.05341944644325658,0.08625146206082084,150.0,0.1264309111335275,210.19178138260787,12051.63755786507,0.04832727861096723,1.0534194464432565,0.3623182223135965,0.33947387831722914,0.5417619186353728,0.4203890944444866,500.00000000016115
790,77.25603087761408,28.587585339561652,42.07514864000001,45.94605629,43.99855209263159,0.9143817879708953,-0.010238908231258392,0.6198840737342834,0.14035717345120613,0.1294859828202337,-0.2160366028547287,0.2605611979961395,0.06255622194524398,0.07325784165321948,72.0,0.13580386668213687,470.3632271148973,4650.671821377036,0.018649275815068353,0.937443778054756,0.14035717345120613,0.36464077415665674,0.2090634469212351,0.3024098432624881,707.1485414936376
791,77.26114664409323,28.587585339561652,39.77311217000005,46.6655495,43.17787279210528,1.5714216972383424,0.0006386278546415269,0.7759427428245544,0.3656706585800439,0.22960038293587642,-0.31080320477485657,0.293847918510437,-0.0431850660892955,0.11139881373142876,2.0,0.011923365932172717,1486.6974596385785,3555.8987410953164,0.014259216504660917,1.0431850660892954,0.3656706585800439,0.03201488654396652,0.159849689737116,0.0831488078212263,500.00000000016115
792,77.26626241057238,28.587585339561652,41.15228324,50.10065960000003,46.28405402315791,1.975685300201425,0.012186629697680473,0.7148221731185913,0.23186003032483551,0.1501547607574977,-0.2720288038253784,0.2973684072494507,0.026988953707510966,0.07695674827641347,6.0,0.012471008158311153,518.3272423118148,1090.263446449726,0.004371975599410834,0.973011046292489,0.23186003032483551,0.033485335730567334,0.04901103387241698,0.03969561498730719,500.00000000016115
793,77.27137817705153,28.587585339561652,37.65735779000005,45.59741825000003,41.51802725315791,2.1657908102966013,0.023358307778835297,0.8485296964645386,0.4613671446683114,0.19087342042530292,-0.45944368839263916,0.28173911571502686,-0.10579478481359648,0.1165012683846886,0.0,0.0,0.0,601.2109419850929,0.0024108664534400973,1.1057947848135965,0.4613671446683114,0.0,0.027026467720302347,0.01081058708812094,0.0
794,77.27649394353068,28.587585339561652,31.067415229999995,42.52632728000003,36.29368509500002,3.1451006991504262,-0.2434721291065216,0.7793594598770142,0.24116707938058035,0.30181075473589813,-0.39689901471138,0.4273732304573059,-0.018701689583914622,0.1571429377139032,0.0,0.0,0.0,0.0,0.0,1.0187016895839147,0.24116707938058035,0.0,0.0,0.0,500.00000000016115
795,77.28160971000983,28.587585339561652,30.987091760000027,41.36249147000001,34.175014463157915,2.934140312400259,-0.31209149956703186,0.7030624151229858,-0.0405487060546875,0.2807175277961522,-0.362524151802063,0.46792128682136536,0.1288128662109375,0.16164587886605225,0.0,0.0,0.0,343.272898757062,0.0013765303626311245,0.8711871337890625,0.0,0.0,0.0154312792226965,0.0061725116890786,500.00000000016115
796,77.28672547648898,28.587585339561652,32.908018999999996,43.36032416000003,38.788955216315806,2.043239380012238,-0.21752497553825378,0.7622986435890198,0.4541727059347588,0.20436119631181002,-0.37229833006858826,0.29113924503326416,-0.1113842559279057,0.09793053724069041,0.0,0.0,0.0,2572.6164439907743,0.010316237196061376,1.1113842559279057,0.4541727059347588,0.0,0.11564782079757899,0.046259128319031596,0.0
797,77.29184124296813,28.587585339561652,38.906644099999994,48.65312813000003,43.540256986842124,1.9557149698048217,-0.1191360130906105,0.711821436882019,0.3615662263569079,0.14799913314048102,-0.4714435636997223,0.333446741104126,-0.03804966441371985,0.08613695383750099,0.0,0.0,0.0,3038.9599348883894,0.012186282798147383,1.0380496644137198,0.3615662263569079,0.0,0.1366115398904195,0.0546446159561678,500.05905624877727
798,77.29695700944728,28.587585339561652,34.169268380000034,44.67967988000004,40.81362412526318,2.7204280863618457,0.016279689967632294,0.8812254071235657,0.45647872121710525,0.26013744867870947,-0.553816020488739,0.4496065080165863,-0.13540903191817436,0.20989991966956628,1.0,0.0007824631252189969,195.1271054065465,3586.759631592605,0.014382969218438115,1.1354090319181744,0.45647872121710525,0.002100956082470822,0.16123699126907218,0.06575537015711137,0.0
800,77.10255788323957,28.59207689543661,39.95939426000001,44.36864006000002,42.37027297368423,0.8253931137576738,0.03947675600647926,0.6576911211013794,0.30486880653782894,0.11033905292649683,-0.1193312406539917,0.39656779170036316,0.09577739514802631,0.06494974793974255,0.0,0.0,0.0,2.604287727581145,1.0443239600397699e-05,0.9042226048519737,0.30486880653782894,0.0,0.00011707155224329994,4.6828620897319974e-05,1802.8697255725351
801,77.10767364971872,28.59207689543661,39.74064098000002,44.057600240000056,42.39511975684212,0.9728910363894185,0.047748975455760956,0.6365714073181152,0.30043553402549344,0.11558599230234928,-0.18273797631263733,0.24821998178958893,0.07057505825109649,0.06212895104636703,0.0,0.0,0.0,0.0,0.0,0.9294249417489036,0.30043553402549344,0.0,0.0,0.0,1414.2668689523746
802,77.11278941619787,28.59207689543661,38.069229199999995,44.522450960000015,41.91426889368424,1.6970162357724645,0.00993300974369049,0.7043253779411316,0.3103248783580044,0.11929412667537018,-0.16681300103664398,0.2230147421360016,0.0720074891207511,0.05463736707530043,1.0,0.0014953662113235296,372.90764373931205,176.12240492424905,0.0007062539419676652,0.9279925108792489,0.3103248783580044,0.004015139673607258,0.007917298503900584,0.005576003205724588,1118.0508459612074
803,77.11790518267702,28.59207689543661,37.90174622000001,43.10739067999998,39.9884950494737,0.9714102382983949,0.02354145422577858,0.6918623447418213,0.3082733475534539,0.13708466048359044,-0.1737719178199768,0.27544620633125305,0.02632526063082511,0.06766095906555132,76.0,0.08012863052789057,262.92255878918627,5741.649198960132,0.023024114290882972,0.9736747393691749,0.3082733475534539,0.21514973455204264,0.258106574415679,0.23233247049749722,1000.0000000003223
804,77.12302094915617,28.59207689543661,38.20595000000003,42.56392549999998,39.88597561368423,0.9683701341336992,0.024193547666072845,0.67798912525177,0.29835380688048246,0.14557918714045343,-0.22565320134162903,0.30409860610961914,0.018088342767012745,0.07120198745727484,128.0,0.057791523532326694,112.5920940038417,4365.21983847386,0.01750460834215618,0.9819116572329872,0.29835380688048246,0.155173386409123,0.1962314136648938,0.17159659731143134,500.03769273318494
805,77.12813671563532,28.59207689543661,36.59948059999999,42.030714380000006,38.272352710526334,1.0156545909785089,-0.17612524330615997,0.7114624381065369,0.4080141087582237,0.14144767882254547,-0.2715109586715698,0.41548073291778564,-0.044757181803385414,0.07652124815398383,2.0,0.0013934757093354549,173.74932623237697,1719.459655451979,0.006895063465886871,1.0447571818033854,0.4080141087582237,0.0037415581296361762,0.07729553411153213,0.03316314852239456,0.0
806,77.13325248211447,28.59207689543661,36.739619420000054,42.423786680000035,38.75967982210528,1.1345446291802244,-0.17619048058986664,0.6824196577072144,0.37295183148300437,0.13752667625006523,-0.23286384344100952,0.4355024993419647,-0.024408692477042214,0.07756644045321193,4.0,0.027758950511178992,1730.6002953346672,66.5422823481534,0.0002668357227811066,1.0244086924770421,0.37295183148300437,0.07453429310569142,0.0029913009233990366,0.04591709623277446,500.00000000016115
807,77.13836824859362,28.59207689543661,35.45102588000003,38.445211400000005,37.175940784210546,0.5846938949333795,0.026861516758799553,0.7456270456314087,0.4503445381030702,0.12145643575040692,-0.2728058695793152,0.19365918636322021,-0.052537638346354165,0.06563717569256498,4.0,0.0073939739132630215,460.9689200186672,0.0,0.0,1.052537638346354,0.4503445381030702,0.019853222428025265,0.0,0.011911933456815158,0.0
808,77.14348401507277,28.59207689543661,33.44806616000005,38.18885990000001,34.88821661157897,1.0496738060400914,0.09945900738239288,0.7778111100196838,0.6100322950932018,0.12088094243505572,-0.28320595622062683,0.1789153516292572,-0.13682475842927633,0.07150023988610153,0.0,0.0,0.0,0.0,0.0,1.1368247584292763,0.6100322950932018,0.0,0.0,0.0,0.0
809,77.14859978155192,28.59207689543661,34.182940460000054,38.39052307999998,36.31965799052634,0.815693459157198,0.09625154733657837,0.7641676664352417,0.5090012078536185,0.13544952541520033,-0.3142634630203247,0.1253196895122528,-0.11164570055509869,0.07284682873962361,0.0,0.0,0.0,0.0,0.0,1.1116457005550986,0.5090012078536185,0.0,0.0,0.0,0.0
810,77.15371554803107,28.59207689543661,35.49546013999998,41.00530838000003,37.698686202105286,1.075606052541389,0.023792004212737083,0.7142857313156128,0.4064414576480263,0.15554752957747878,-0.2815631330013275,0.1859711855649948,-0.05530183490953947,0.08320254953224145,5.0,0.00957755191470527,477.6812917475983,529.3617400470705,0.002122749889748021,1.0553018349095395,0.4064414576480263,0.025716248219043326,0.02379660279053932,0.024948390047641725,0.0
811,77.15883131451022,28.59207689543661,34.760585839999976,40.034590700000024,37.35714875473686,1.2938577079924525,0.022584401071071625,0.7764081358909607,0.4291201086211623,0.2080784857916138,-0.3032989203929901,0.2802610993385315,-0.05303937410053454,0.1035082418332184,16.0,0.02575350359103162,401.39324523988256,2716.542726041484,0.01089338411893461,1.0530393741005346,0.4291201086211623,0.06914955896403233,0.12211779455271915,0.09033685319950706,0.0
812,77.16394708098937,28.59207689543661,34.596520880000014,40.50627745999998,37.5052029894737,1.5498386180920953,0.00021715526236221194,0.7637549042701721,0.35651478549890353,0.19513952333047213,-0.33208125829696655,0.328056275844574,-0.015847594947145695,0.10102867613868799,16.0,0.0505431024240693,787.7631031745875,1264.8222866627873,0.005071959619381506,1.0158475949471457,0.35651478549890353,0.13571098118531,0.05685804484785711,0.10416980665032884,500.00000000016115
813,77.16906284746852,28.59207689543661,35.39975558000003,40.93352995999999,38.412904232631604,1.193012335593373,-0.011118502356112003,0.7524721622467041,0.36466094435307017,0.19027074440966849,-0.2884635627269745,0.2871982455253601,-0.03503503632127193,0.08902038664754877,38.0,0.09519862265822183,624.7421251956548,3174.454234664701,0.012729617323770778,1.035035036321272,0.36466094435307017,0.25561348371612685,0.14270246748913948,0.2104490772253319,500.03769273318494
814,77.17417861394767,28.59207689543661,36.165392060000045,38.77675934000001,37.16467084210528,0.5834105031506837,0.06027918681502342,0.7640522718429565,0.46959408408717107,0.16035067513276535,-0.27961286902427673,0.18924088776111603,-0.0881079958196272,0.07721047356205085,49.0,0.08749488080748838,445.28727661278276,3334.6997650733897,0.013372204719636242,1.0881079958196271,0.46959408408717107,0.23492851751461602,0.14990604671977256,0.20091952919667863,0.0
815,77.17929438042682,28.59207689543661,36.48326792,39.97648436000003,38.42266093368423,0.6568011140770367,0.025188304483890533,0.7211945652961731,0.3407789829799107,0.15662659574709664,-0.28660282492637634,0.2202472984790802,-0.03117159162248884,0.07665317142617618,55.0,0.1411922007075975,640.179466426329,4641.690701354216,0.0186132613657873,1.0311715916224888,0.3407789829799107,0.37910874431436553,0.20865971516348053,0.3109291326540115,500.03769273318494
816,77.18441014690598,28.59207689543661,36.81139784000004,39.90812396000001,38.44568759473686,0.7145834530380639,0.008120443671941757,0.719171941280365,0.37886997155975877,0.15166449819361033,-0.23673109710216522,0.2001965045928955,-0.04886360570004112,0.07520974866575925,42.0,0.11139494738256894,661.4087324012166,3982.579847473923,0.015970215247112937,1.0488636057000411,0.37886997155975877,0.2991014972040032,0.17903045033726195,0.2510730784573067,500.00000000016115
817,77.18952591338513,28.59207689543661,35.64927104000003,40.43108102000002,38.001704786315806,0.7468369565959855,-0.17076539993286133,0.7234522104263306,0.40781142920778507,0.15025681900424265,-0.27060893177986145,0.2037675827741623,-0.0451831268845943,0.0812558746621442,22.0,0.07197920824566316,815.9022045404442,5497.466005894051,0.022044935391189062,1.0451831268845944,0.40781142920778507,0.19326809213256516,0.24712971301084377,0.2148127404838766,0.0
818,77.19464167986428,28.59207689543661,35.218600519999995,40.58489192000002,36.85988504631581,1.2479637023346113,0.1268550455570221,0.7944785356521606,0.49941247772752195,0.14087348336164163,-0.3152800500392914,0.14450572431087494,-0.08075976990816885,0.08174112303770018,19.0,0.023843681025712722,312.9488965396196,1488.6567499816667,0.0059695397548286,1.0807597699081688,0.49941247772752195,0.06402158142014008,0.06692016194373807,0.06518101362957929,0.0
819,77.19975744634343,28.59207689543661,35.396337560000006,40.034590700000024,37.93050838210528,1.0674059290327433,0.03232923150062561,0.739047646522522,0.4397778748629386,0.16323007088839694,-0.25386807322502136,0.23592814803123474,-0.0739300108792489,0.08243797621556528,78.0,0.13410898040843605,428.7626833368609,2871.793932032616,0.011515944186029027,1.0739300108792489,0.4397778748629386,0.36008991225523307,0.12909686198852335,0.2676926921485492,0.0
820,77.20487321282258,28.59207689543661,35.68345124000001,42.45113084000002,38.26369654842107,1.305220527341424,0.052941177040338516,0.7079657316207886,0.39463554516173244,0.15950455473167974,-0.2295491248369217,0.1875840425491333,-0.030850570411012884,0.07418888220719157,38.0,0.10940764187532898,717.9889875427201,0.0,0.0,1.030850570411013,0.39463554516173244,0.2937654737434791,0.0,0.17625928424608747,500.00000000016115
821,77.20998897930173,28.59207689543661,34.774257920000025,39.231356000000005,36.522252395789494,1.3077469589316353,0.07064801454544067,0.7908177971839905,0.521852384868421,0.15321208595021413,-0.3084093928337097,0.1351892650127411,-0.10490884345874452,0.07477680055850315,30.0,0.050638158807896815,420.93047935587794,3298.819055904741,0.013228322444681771,1.1049088434587446,0.521852384868421,0.1359662127500233,0.14829308733994795,0.14089696258599316,0.0
822,77.21510474578088,28.59207689543661,34.11799808000001,37.28992063999999,35.64018101157897,0.771147180977412,0.0391872264444828,0.7788205742835999,0.5148617393092105,0.16924155884907494,-0.3076833188533783,0.17171716690063477,-0.11867007606907895,0.0716253729954123,55.0,0.1337819439885033,606.5806262018876,4902.526674022661,0.019659218204630666,1.1186700760690789,0.5148617393092105,0.3592118016663732,0.22038517540267918,0.30368115116089556,0.0
823,77.22022051226003,28.59207689543661,34.20686660000001,37.80945968000003,35.47322713684213,0.9136256624945128,0.02277432754635811,0.7799661755561829,0.5354907654879386,0.1639811770792791,-0.2969476580619812,0.23755596578121185,-0.1139672423245614,0.08171883085542476,19.0,0.08686845981134252,1140.1506593189013,2615.9517668076896,0.010490012602881715,1.1139672423245615,0.5354907654879386,0.23324654304243658,0.11759589030441987,0.1869862819472299,0.0
824,77.22533627873918,28.59207689543661,35.80308194000003,38.838283700000034,36.78285790210528,0.6021773851764904,0.01499846950173378,0.7802919149398804,0.46485445792214913,0.18153577352715414,-0.3300650715827942,0.2539463937282562,-0.09005217970463268,0.08234947726277775,29.0,0.118804588108682,1021.6189434365344,5740.867092858041,0.02302097803165533,1.0900521797046328,0.46485445792214913,0.31899678587731123,0.2580714160979474,0.2946266379655657,0.0
825,77.23045204521833,28.59207689543661,34.37434958000006,40.297778240000014,37.44785856105265,1.247603278104565,0.05638095363974571,0.7187127470970154,0.38396458675986844,0.16887515114074414,-0.2897893786430359,0.3728991448879242,-0.049928058825041116,0.08530445020621809,78.0,0.12575158219708868,402.04306715680553,8258.151320650193,0.033115332067394816,1.049928058825041,0.38396458675986844,0.3376498431454629,0.37123186640614847,0.35108265244973713,500.00000000016115
826,77.23556781169748,28.59207689543661,33.74885191999999,41.02239847999999,37.29864029473686,2.1869883483006336,0.021306322887539864,0.7994794249534607,0.44967966180098684,0.23116373210508875,-0.36995989084243774,0.23930537700653076,-0.0862859679104989,0.11039346630881343,12.0,0.0437599769953556,909.3887162809283,2588.071069638154,0.01037821051677427,1.0862859679104988,0.44967966180098684,0.11749792018818,0.11634255855436224,0.1170357755346529,0.0
827,77.24068357817663,28.59207689543661,34.00520342000004,44.62328255,40.25162438789476,2.061150399205614,0.005339524243026972,0.7671676874160767,0.31412019428453947,0.22076265798612618,-0.34801825881004333,0.3119330108165741,-0.020438269899602523,0.11521315588675232,18.0,0.04507475206209574,624.4742910290047,6701.75993086114,0.02687417521539847,1.0204382698996026,0.31412019428453947,0.12102816280859176,0.3012668030335438,0.1931236188985726,500.00000000016115
828,77.24579934465578,28.59207689543661,39.050200940000025,43.95847766000003,41.56744568473686,1.1276180347627787,0.026005830615758896,0.748970627784729,0.40735882675438595,0.18607360550402616,-0.2821294367313385,0.2269013226032257,-0.050874344675164475,0.08772769918800452,52.0,0.05989874631554368,287.25534025256314,4720.274240171928,0.018928382738832645,1.0508743446751645,0.40735882675438595,0.16083139428301704,0.2121923113404421,0.18137576110598708,0.0
829,77.25091511113493,28.59207689543661,39.74747702000002,45.19409189000004,42.35978081631581,1.388875204027953,0.04375804215669632,0.7610957622528076,0.4383616879111842,0.16846687135369187,-0.291147917509079,0.22989635169506073,-0.06644929584703947,0.08359026618567442,99.0,0.10940298613315687,275.5800050379394,6780.696114354028,0.027190710699794753,1.0664492958470395,0.4383616879111842,0.29375297282232427,0.30481525178281377,0.29817788440652004,0.0
830,77.25603087761408,28.59207689543661,42.013624280000045,48.336961280000025,45.034339137894754,1.3701773833248252,0.006674963049590588,0.6623684763908386,0.20724919904742325,0.16145446753811046,-0.26361560821533203,0.2246454507112503,0.02706505491022478,0.08501367518867481,9.0,0.00987209308800929,273.5397556314503,3687.7179775173754,0.014787813961584632,0.9729349450897752,0.20724919904742325,0.026507107301914454,0.16577541079321081,0.082214428698433,500.03769273318494
831,77.26114664409323,28.59207689543661,37.65906680000003,45.896495000000016,40.87615907631581,1.4326058595700428,0.021436847746372223,0.8113808035850525,0.4866580146655702,0.17460377132816607,-0.38043972849845886,0.2903967797756195,-0.11190982216282895,0.09961701074885533,1.0,0.0001299816004870096,32.41422201466903,3646.6575236287017,0.014623160819184435,1.111909822162829,0.4866580146655702,0.0003490076725034724,0.16392960434807344,0.06578124634273146,0.0
832,77.26626241057238,28.59207689543661,31.137484640000025,41.892284570000015,38.058641803684225,3.0405779228090934,-0.23793676495552063,0.8320049047470093,0.4536646364446272,0.2852753691473185,-0.3900907039642334,0.4671890437602997,-0.07874249374657347,0.1591423276117242,0.0,0.0,0.0,0.0,0.0,1.0787424937465735,0.4536646364446272,0.0,0.0,0.0,0.0
833,77.27137817705153,28.59207689543661,31.284459500000025,42.47676598999999,36.447696173157915,3.0689590839288403,-0.27439531683921814,0.7896481156349182,0.08540850187602796,0.267831004432309,-0.4223543703556061,0.4552192687988281,0.05839169150904605,0.16318218002619125,0.0,0.0,0.0,0.0,0.0,0.9416083084909539,0.08540850187602796,0.0,0.0,0.0,500.00000000016115
834,77.27649394353068,28.59207689543661,31.20071801000003,42.21528746000001,37.32538539000002,2.7892497847938484,-0.12390488386154175,0.6764854788780212,0.2925261797223772,0.24485564318777495,-0.38516101241111755,0.26488351821899414,-0.06140716552734375,0.11332805510309435,0.0,0.0,0.0,0.0,0.0,1.0614071655273438,0.2925261797223772,0.0,0.0,0.0,500.03769273318494
835,77.28160971000983,28.59207689543661,35.90049551000001,41.24627879000002,38.54645569210528,0.8028534125999804,-0.04572564736008644,0.6937997341156006,0.4697255773711623,0.09955531602317674,-0.3200916647911072,0.115079365670681,-0.13290471662554826,0.05230974637130058,0.0,0.0,0.0,816.772754370696,0.003275273113118099,1.1329047166255481,0.4697255773711623,0.0,0.036716701143089635,0.014686680457235854,0.0
836,77.28672547648898,28.59207689543661,37.64539472000001,41.52826544000001,39.6509153094737,0.8973788998840898,0.11852648854255676,0.7059407234191895,0.4472242495888158,0.10632810483576983,-0.30775392055511475,0.039983510971069336,-0.11576894659745066,0.05773205983587746,0.0,0.0,0.0,1763.0776549356092,0.0070699724111133845,1.1157689465974507,0.4472242495888158,0.0,0.07925631089176866,0.031702524356707465,0.0
837,77.29184124296813,28.59207689543661,39.110016290000004,44.86083494000002,41.91507313368423,1.2981939901563115,0.06022501736879349,0.6683149337768555,0.38336764151589914,0.11386906532602867,-0.2351364940404892,0.15017427504062653,-0.06164695338199013,0.06534505404597055,0.0,0.0,0.0,1077.9792297427546,0.0043227156743205816,1.06164695338199,0.38336764151589914,0.0,0.04845881673344749,0.019383526693378998,500.03769273318494
838,77.29695700944728,28.59207689543661,41.465032070000035,47.42776796000004,44.31194643105265,1.560578420637233,0.00310024106875062,0.7368829250335693,0.2451171875,0.15601375499549186,-0.2679505944252014,0.37257862091064453,0.019717281408477248,0.09061493597257096,24.0,0.10006366344628569,1039.7259401832225,3940.666593619476,0.015802142361848133,0.9802827185915227,0.2451171875,0.2686763830473773,0.17714630764583011,0.23206435288675842,500.00000000016115
840,77.10255788323957,28.596568451311565,37.99745078000001,42.980923940000025,40.79136731236844,1.1507908791088157,0.027652733027935028,0.7026951909065247,0.25983980948464913,0.14599127292483108,-0.2393915206193924,0.22141119837760925,0.051234489574767,0.06579659960357157,108.0,0.05702108745348638,131.66352016077767,5551.64939639861,0.02226221174026843,0.948765510425233,0.25983980948464913,0.1531047236008386,0.24956543989501007,0.1916890101185072,2121.3549768255198
841,77.10767364971872,28.596568451311565,39.88077980000003,44.39940224000003,42.21660294796055,1.0609822286497095,-0.015486164018511772,0.6726596355438232,0.30467604252330044,0.12799843409613512,-0.1922227144241333,0.2335933893918991,0.06412485223067434,0.06677030748647683,0.0,0.0,0.0,0.0,0.0,0.9358751477693257,0.30467604252330044,0.0,0.0,0.0,1802.7937501684205
842,77.11278941619787,28.596568451311565,38.5990223,42.772424720000004,41.1809316444737,0.7324320192912648,0.07147814333438873,0.6845617294311523,0.3391634971217105,0.11626740277449377,-0.19702769815921783,0.3112582862377167,0.06142425537109375,0.07452834246834969,0.0,0.0,0.0,0.0,0.0,0.9385757446289062,0.3391634971217105,0.0,0.0,0.0,1500.0489784340211
843,77.11790518267702,28.596568451311565,39.03994688,43.02535820000003,40.30148859065792,0.8911238049347044,0.0420202873647213,0.6479243040084839,0.2883211691337719,0.1215545173694659,-0.21350018680095673,0.32572731375694275,0.02816976179156387,0.06150269140875639,19.0,0.024762085127346532,325.0029728323623,8334.84780991873,0.033422886338552324,0.9718302382084362,0.2883211691337719,0.066487546423863,0.37467963331576676,0.1897643811806245,1000.0326522893474
844,77.12302094915617,28.596568451311565,37.45398560000001,40.43449903999999,38.92054104973686,0.7581850573798252,0.05260469764471054,0.690687358379364,0.29942207202576754,0.14275920605118747,-0.20717908442020416,0.22057369351387024,-0.004494807594700863,0.06672005354252662,220.0,0.13292058246889976,150.66878187245067,9396.40350575895,0.03767974335301249,1.004494807594701,0.29942207202576754,0.35689899910035977,0.42240015658535185,0.38309946209435664,500.0163261446737
845,77.12813671563532,28.596568451311565,35.83726214000001,39.904705939999985,38.015406628486865,0.8708763116634763,0.09421702474355698,0.6966292262077332,0.4023915501644737,0.13439662365772714,-0.24330784380435944,0.262942373752594,-0.04374918352093613,0.07167552633177902,39.0,0.042037114765150554,268.79551349287186,4432.192385912792,0.017773169435520226,1.043749183520936,0.4023915501644737,0.11287194132074717,0.19924205646112816,0.14741998737689957,0.0
846,77.13325248211447,28.596568451311565,36.196154240000055,39.60050216000002,38.16537225598686,0.8038824941479501,0.04088307544589043,0.7206029891967773,0.3558533785635965,0.1572776593687935,-0.25517889857292175,0.21774856746196747,-0.03881487394634046,0.07717233660798019,263.0,0.10884701890107541,103.20827342941897,5775.860553936849,0.023161302426161694,1.0388148739463405,0.3558533785635965,0.29226017054161735,0.25964449067164924,0.2792138985936301,500.00000000016115
847,77.13836824859362,28.596568451311565,34.98275713999999,43.14157088000002,38.120420795592125,1.9266763108751572,0.07545533031225204,0.7505787014961243,0.4133616879111842,0.15429747353812387,-0.27899298071861267,0.19630129635334015,-0.0509512007863898,0.08744177021974683,14.0,0.01257120192580381,223.92495151373572,1240.5908035674154,0.004974790945905864,1.0509512007863897,0.4133616879111842,0.03375436145006108,0.055768757627751325,0.04256011992113718,0.0
848,77.14348401507277,28.596568451311565,35.823590060000015,39.17324966000001,37.292484155000025,0.7199589562338448,0.027870679274201393,0.7240116000175476,0.4363222570586623,0.13416913187479648,-0.27061453461647034,0.14933018386363983,-0.06853666071306196,0.06750010971431918,10.0,0.009129213861123423,227.66019483151575,2197.2778912728395,0.00881112299697073,1.068536660713062,0.4363222570586623,0.024512436141110223,0.09877508184555274,0.05421749442288723,0.0
849,77.14859978155192,28.596568451311565,36.42516158000001,39.94572218000002,37.78240785065791,0.7637014041395563,0.030560124665498734,0.7194911241531372,0.4414241536458333,0.14589623507103372,-0.2680739462375641,0.1971874088048935,-0.06527972305030154,0.07740963739104995,1.0,0.00398029704297083,992.5884244522841,1515.9983384422212,0.00607918000552941,1.0652797230503015,0.4414241536458333,0.010687314217049784,0.06814925893174546,0.033672092102928056,0.0
850,77.15371554803107,28.596568451311565,36.15513800000002,39.96281227999998,37.73532012776318,0.8801386858175743,0.06551211327314377,0.7324332594871521,0.4524642355400219,0.14100118369379058,-0.3049300014972687,0.18861296772956848,-0.061690245511239035,0.07820377310142335,0.0,0.0,0.0,950.0170348836069,0.0038095850219145026,1.0616902455112391,0.4524642355400219,0.0,0.042706482756689056,0.01708259310267562,0.0
851,77.15883131451022,28.596568451311565,34.53841454000002,39.68253464000003,36.20989378092107,1.3018739850149397,0.0891089141368866,0.776006817817688,0.5431552391721491,0.1367626482584354,-0.28004464507102966,0.16127417981624603,-0.09546888920298793,0.08606446898291875,4.0,0.010927234506265366,681.2460455274908,0.0,0.0,1.095468889202988,0.5431552391721491,0.029340219443693083,0.0,0.01760413166621585,0.0
852,77.16394708098937,28.596568451311565,35.187838339999985,39.36124075999999,37.737872399276334,1.0077914750551598,0.03144654259085655,0.7221288681030273,0.3786824544270833,0.1598271589790712,-0.2634521424770355,0.19775910675525665,-0.0508788848341557,0.07619111003639512,5.0,0.011953642619153802,596.1890364320983,3844.2177170197406,0.015415380670022419,1.0508788848341557,0.3786824544270833,0.03209618109654006,0.17281060403824872,0.08838195027322353,500.00000000016115
853,77.16906284746852,28.596568451311565,35.69712332000006,40.53362162000002,37.979888453552654,1.0191477452561264,0.029251985251903534,0.7111665606498718,0.372068085252193,0.14479486205508735,-0.312567800283432,0.2249658703804016,-0.011128956309536047,0.09806214484490436,5.0,0.0420930665614447,2099.395606283936,2488.8398236510593,0.00998029147475976,1.011128956309536,0.372068085252193,0.11302217493938121,0.11188177802089334,0.11256601617198606,707.1183256085066
854,77.17417861394767,28.596568451311565,35.724467480000044,38.380269020000014,36.971538823092125,0.5694635286018916,0.022360045462846756,0.7311779856681824,0.36749348958333333,0.1753366989612517,-0.30711913108825684,0.21792061626911163,-0.05862328244928728,0.08198275885485615,59.0,0.20173777415206623,852.6856129218935,1357.4081334296307,0.00544323049362162,1.0586232824492874,0.36749348958333333,0.5416769046468266,0.0610200921830884,0.3494141796613313,500.00000000016115
855,77.17929438042682,28.596568451311565,36.15855601999999,41.261659880000025,37.973221065855284,1.1146447107010098,-0.0005721914931200445,0.7242252826690674,0.373714599609375,0.16682601740828606,-0.32543298602104187,0.23397435247898102,-0.05413492475237165,0.08769699977508225,52.0,0.14683598432154707,704.1786887392752,3398.8127842106924,0.013629299054207948,1.0541349247523717,0.373714599609375,0.39426261052187256,0.15278814403564012,0.2976728239273796,500.00000000016115
856,77.18441014690598,28.596568451311565,36.98229884,40.69085054000004,39.13892329467107,0.8540286030848262,0.005273890681564808,0.649967610836029,0.29357252689830043,0.1577847110342603,-0.24584652483463287,0.24766923487186432,-0.02617661860951206,0.08316875758443068,51.0,0.15016212432908754,734.2499906714473,4728.368319125692,0.018960840137822583,1.026176618609512,0.29357252689830043,0.403193477491528,0.21255616759835919,0.3269385535342605,707.1183256085066
857,77.18952591338513,28.596568451311565,36.23033443999998,40.59856400000001,38.451013039210544,1.0303760596754414,0.020949721336364746,0.710265040397644,0.35143353378563597,0.16973626034771075,-0.3421313166618347,0.2019120454788208,-0.04755527964809485,0.08508023845893528,26.0,0.10210775590450118,979.3526565734409,5410.643731114362,0.021696776542006142,1.047555279648095,0.35143353378563597,0.2741648825623143,0.24322675775359456,0.2617896326388264,500.00000000016115
858,77.19464167986428,28.596568451311565,35.76890174000005,40.509695480000005,38.05183552585528,0.8954918133797583,0.007045104634016752,0.7137083411216736,0.3920147169682018,0.17960379619175582,-0.3041417598724365,0.2770031988620758,-0.06328650758977522,0.09286698865090785,49.0,0.13414081463214864,682.6822035633587,2719.917093467373,0.01090691539167192,1.0632865075897753,0.3920147169682018,0.360175388878711,0.122269483795119,0.26501302684527417,500.00000000016115
859,77.19975744634343,28.596568451311565,35.17416625999999,39.76456712000004,37.48598456355264,1.0006040621896768,0.028313446789979935,0.7391787171363831,0.4491784882127193,0.16853156501770852,-0.2856091558933258,0.1660110205411911,-0.09279456423040022,0.08159288058053622,74.0,0.12394785672750593,417.69668055662794,4242.145713871224,0.017011078937466204,1.0927945642304002,0.4491784882127193,0.3328067420787298,0.1906988149986172,0.27596357124668475,0.0
860,77.20487321282258,28.596568451311565,35.13998606000001,40.83782540000004,37.85004866750002,1.2894593145159245,-0.07332795858383179,0.7496018409729004,0.4250943582099781,0.17375324978908055,-0.3080140948295593,0.3644067943096161,-0.06615453887404057,0.08816719105905958,50.0,0.10175078315244705,507.4829765001214,2534.275505531062,0.01016248935837112,1.0661545388740405,0.4250943582099781,0.27320639129220553,0.11392426578005704,0.20949354108734614,0.0
861,77.20998897930173,28.596568451311565,34.86996248000003,37.218142220000004,35.68784744335529,0.5163640046193415,0.03987313061952591,0.7889896035194397,0.5221486944901316,0.16122607001788858,-0.33432143926620483,0.15398520231246948,-0.12155034650836075,0.06977163512030672,55.0,0.08124815127505132,368.38719044478495,5084.190676618559,0.020387694050745534,1.1215503465083607,0.5221486944901316,0.21815570869624445,0.22855158748740922,0.22231406021271036,0.0
862,77.21510474578088,28.596568451311565,35.10922388000006,37.1292737,35.995188156184234,0.43178981605346317,0.0431547611951828,0.7608650922775269,0.46642102693256576,0.1618590827540718,-0.3078864812850952,0.12720362842082977,-0.10413175884046053,0.06664498956844242,62.0,0.12705805238738854,511.05098143485156,3783.788945846528,0.015173060234597411,1.1041317588404604,0.46642102693256576,0.34115778672057906,0.17009412614432032,0.27273232249007556,0.0
863,77.22022051226003,28.596568451311565,33.87873668000003,37.87782007999999,35.4721973657237,0.9764850744045825,0.008579599671065807,0.7938544154167175,0.5162512421189693,0.1591917737831701,-0.39179670810699463,0.1312481164932251,-0.11809979355126096,0.08053946900416013,43.0,0.06828099506737995,395.9908109362397,4319.850627800833,0.017322677009254106,1.1180997935512609,0.5162512421189693,0.18333818844667166,0.19419191401157482,0.1876796786726329,0.0
864,77.22533627873918,28.596568451311565,34.22737472000006,39.169831639999984,36.856349300394754,0.9129247360624655,0.0217570923268795,0.7500407099723816,0.43818402206688595,0.16186202350478732,-0.3257598280906677,0.14389120042324066,-0.07829384787040844,0.07491829644288273,43.0,0.1391652902378315,807.0792770532283,6247.978138506322,0.025054502245445642,1.0782938478704085,0.43818402206688595,0.3736663793736703,0.28086777482782876,0.3365469375553337,0.0
865,77.23045204521833,28.596568451311565,34.00862144000001,37.24206836000002,35.876411961184225,0.798680649944598,0.0518307164311409,0.7813348174095154,0.4448287589089912,0.17306623875429428,-0.34271419048309326,0.15495020151138306,-0.09176117478755483,0.08059026310320894,110.0,0.17649122144155566,400.1143668175237,11658.311085423411,0.046750032537353624,1.0917611747875549,0.4448287589089912,0.47388853639148937,0.5240805617793487,0.4939653465466331,0.0
866,77.23556781169748,28.596568451311565,33.639475280000056,34.449546020000014,34.052088760131596,0.16484565754448466,0.41049259901046753,0.7913339734077454,0.6683598889802631,0.06680895490061307,-0.3566955626010895,0.041647057980298996,-0.1722984126576206,0.0773963663260528,1.0,0.0006772061855267247,168.8786071653595,0.0,0.0,1.1722984126576206,0.6683598889802631,0.001818335470021065,0.0,0.001091001282012639,0.0
867,77.24068357817663,28.596568451311565,33.80012222000005,41.58466277000002,38.11231424157897,2.3110618807385332,-0.011561826802790165,0.7611680030822754,0.42625655324835526,0.20617698528241812,-0.3336925804615021,0.2720000147819519,-0.07115115517064145,0.10763657459709283,27.0,0.10683037566772104,986.6990580973522,4820.913665845595,0.019331948606162015,1.0711511551706414,0.42625655324835526,0.28684537368955654,0.21671639431933534,0.25879378194146807,0.0
868,77.24579934465578,28.596568451311565,36.74303744000002,40.86516956000003,38.96322694753291,0.8282134771206222,0.03119092620909214,0.7697327733039856,0.5196526350054824,0.13978073765869714,-0.29492008686065674,0.41958996653556824,-0.10220866956208882,0.07221054852152589,17.0,0.027034671288001265,396.5755125610348,310.72403559690736,0.0012460088487822052,1.1022086695620887,0.5196526350054824,0.07258956396728429,0.013968097603569762,0.049140977421798474,0.0
869,77.25091511113493,28.596568451311565,38.78530438999999,45.373537940000034,42.25371207628291,1.6982033014963736,0.006635536905378103,0.7976950407028198,0.45021921258223685,0.1815588348473765,-0.34702354669570923,0.235089510679245,-0.06197623269599781,0.07746426271768261,18.0,0.026160346201481305,362.4304716027715,0.0,0.0,1.0619762326959978,0.45021921258223685,0.07024195351846368,0.0,0.04214517211107821,0.0
870,77.25603087761408,28.596568451311565,43.654273880000005,48.34721534000005,45.549757109276335,1.0808947846843893,0.007447774522006512,0.7125596404075623,0.24043187191611842,0.15512905467029153,-0.2509096562862396,0.23796114325523376,0.013356906823944628,0.0717646357761383,1.0,0.00013770269245021725,34.339672910437166,4317.715928436464,0.01731411682725086,0.9866430931760554,0.24043187191611842,0.0003697392247013827,0.194095952046423,0.07786022435339003,500.0163261446737
871,77.26114664409323,28.596568451311565,34.186358479999996,48.008831360000045,42.28622824023029,2.979814034284562,0.005516549572348595,0.737827718257904,0.3993923468338816,0.21653620736284962,-0.42834603786468506,0.3152260184288025,-0.05506473474335252,0.1304484159972815,0.0,0.0,0.0,2931.941224953634,0.011757135888711167,1.0550647347433526,0.3993923468338816,0.0,0.13180068648184698,0.05272027459273879,500.00000000016115
872,77.26626241057238,28.596568451311565,31.16995583000002,41.456487020000054,35.15445080582239,3.1162878213026852,-0.25651809573173523,0.7522599697113037,0.1506543182908443,0.27622215431587505,-0.46711671352386475,0.35483869910240173,0.05722694798519737,0.15948811005887512,0.0,0.0,0.0,0.0,0.0,0.9427730520148027,0.1506543182908443,0.0,0.0,0.0,500.00000000016115
873,77.27137817705153,28.596568451311565,32.89263791000002,41.538519500000035,38.17952780592107,1.2693609730416204,-0.20740169286727905,0.7281914353370667,0.4484515487938596,0.15442158621908794,-0.44737502932548523,0.3176761567592621,-0.11114723607113487,0.08825967474650194,0.0,0.0,0.0,0.0,0.0,1.111147236071135,0.4484515487938596,0.0,0.0,0.0,0.0
874,77.27649394353068,28.596568451311565,37.028442110000015,41.87861249000002,39.05197522468752,1.316248903161339,0.020761942490935326,0.6750545501708984,0.39642735072544644,0.1430115455437248,-0.2894045114517212,0.14416876435279846,-0.09144810267857142,0.07892014530904255,0.0,0.0,0.0,1107.4289191780058,0.004440809447014154,1.0914481026785714,0.39642735072544644,0.0,0.04978267999892093,0.019913071999568373,500.00000000016115
875,77.28160971000983,28.596568451311565,36.39952643000004,39.193757780000055,37.78011980108555,0.5834496627792222,0.17466174066066742,0.6881734132766724,0.45686613384046054,0.08756327279042866,-0.29905205965042114,0.0912681594491005,-0.12919884397272477,0.05063536354516064,0.0,0.0,0.0,1827.270394361522,0.007327386425444801,1.1291988439727247,0.45686613384046054,0.0,0.08214199190456571,0.03285679676182628,0.0
876,77.28672547648898,28.596568451311565,37.084839439999996,39.61759226000004,38.47203835960528,0.6391886504075476,0.18087096512317657,0.7552288174629211,0.4537183045504386,0.09139367215139571,-0.356051504611969,0.027956098318099976,-0.1315941740337171,0.05313732489948565,0.0,0.0,0.0,2017.97755558155,0.00809212549672331,1.131594174033717,0.4537183045504386,0.0,0.09071492459226017,0.03628596983690407,0.0
877,77.29184124296813,28.596568451311565,38.38881407000002,43.33298000000002,40.877335012763176,1.466432310818851,0.04685835912823677,0.6455424427986145,0.388528046189693,0.1357944519362789,-0.3194185495376587,0.19617719948291779,-0.08126686497738486,0.08354661219348614,6.0,0.05895177630803943,2450.1877679203644,3980.7875232858955,0.01596302799558964,1.081266864977385,0.388528046189693,0.15828872826712442,0.17894987929567027,0.16655318867854277,500.0163261446737
878,77.29695700944728,28.596568451311565,40.212327740000006,44.30027966000003,42.01030182963817,0.7720291957379521,-0.0004352963005658239,0.6769927144050598,0.28290583024945176,0.16435744594707002,-0.2653103470802307,0.24914182722568512,-0.013272834911681058,0.08025138543488256,81.0,0.23344556501353284,718.7110647015937,3713.0683038543675,0.014889469216141074,1.013272834911681,0.28290583024945176,0.6268140490374536,0.16691499380576158,0.44285442694477684,1000.0000000003223
880,77.10255788323957,28.601060007186522,37.1292737,41.357364440000026,38.700240136842126,0.7151957006274522,0.02659822627902031,0.710020124912262,0.2992042728892544,0.1764492952682118,-0.23813827335834503,0.2296440750360489,0.007443025153979921,0.0750903061923328,54.0,0.026263434881832595,121.2862273409348,10205.481721572061,0.04092416123115776,0.9925569748460201,0.2992042728892544,0.0705187522365596,0.4587709621642946,0.2258196362076536,2499.974782416875
881,77.10767364971872,28.601060007186522,38.69814488000003,44.440418480000005,41.76572788210528,1.3508132402095299,0.023700622841715813,0.6523030996322632,0.24830540707236842,0.13554280043574143,-0.17597292363643646,0.25323137640953064,0.053441601134183114,0.056879546790586134,8.0,0.004859058859012504,151.4662575782375,3608.8312368554875,0.014471476743810425,0.9465583988658168,0.24830540707236842,0.013046837526137523,0.1622291846666224,0.07271977638233147,1999.9798259335
882,77.11278941619787,28.601060007186522,38.01795890000005,44.46092659999999,41.34117381894738,1.433500233035151,0.03703703731298447,0.6987587809562683,0.34818025287828946,0.14350402728331096,-0.18518517911434174,0.24289970099925995,0.021458214207699423,0.07685074621008003,11.0,0.007072300691816296,160.33257009251676,1551.7124293810136,0.0062223941384511264,0.9785417857923006,0.34818025287828946,0.018989512319031527,0.06975472825791941,0.03929559869458668,1499.984869450125
883,77.11790518267702,28.601060007186522,39.29288036000003,44.327623819999985,41.32084559473686,1.0688925692330504,0.06612244993448257,0.6410835385322571,0.2896216034470943,0.10117354529860831,-0.13217832148075104,0.32947975397109985,0.032824072586862665,0.053689598124621214,88.0,0.0770870450611343,218.45020089769315,8597.84682647546,0.034477517021438454,0.9671759274131373,0.2896216034470943,0.20698291201334737,0.38650232970245013,0.27879067908898847,999.98991296675
884,77.12302094915617,28.601060007186522,37.72742720000002,42.15034508000002,39.49554884000002,1.0224634635094239,0.06611993908882141,0.6801719069480896,0.34822469075520834,0.137291278455249,-0.2518874406814575,0.24884366989135742,0.0016533957029643811,0.06626772928293526,27.0,0.07779752131804724,718.5478898397234,5567.644098294006,0.022326350776236507,0.9983466042970356,0.34822469075520834,0.2088905794360065,0.2502844559079995,0.2254481300248037,499.994956483375
885,77.12813671563532,28.601060007186522,35.885114420000036,39.28946234,37.38321248000002,0.5791256686420384,0.055486440658569336,0.7320912480354309,0.46141074732730264,0.14533910343952344,-0.2586072087287903,0.2377174198627472,-0.06794141802871437,0.07130131462056703,9.0,0.03017093355032305,835.9878413780539,687.136857384372,0.0027554308857394524,1.0679414180287143,0.46141074732730264,0.08101059885554752,0.030889128588064182,0.06096201074855419,0.0
886,77.13325248211447,28.601060007186522,35.871442340000044,38.33925278000004,36.839302851578964,0.5116587633522868,0.07136404514312744,0.7364961504936218,0.48294861910635967,0.1332150032404066,-0.25979679822921753,0.1106337308883667,-0.07724154288308663,0.06074055613595186,6.0,0.004584313235763798,190.53587386224498,2042.2975999423845,0.008189649302431365,1.0772415428830866,0.48294861910635967,0.012309130572681985,0.09180819294114313,0.04410875552006645,0.0
887,77.13836824859362,28.601060007186522,36.56871841999998,42.081984680000005,37.99982117157897,1.1743563471746787,0.04204096272587776,0.7237163782119751,0.42018520422149125,0.14502794758138365,-0.2711420953273773,0.2037704437971115,-0.054909357439007676,0.07635898930230259,12.0,0.028428384322813208,590.7784624294428,3363.5173787833346,0.013487763857552305,1.0549093574390076,0.42018520422149125,0.076331759328743,0.1512014960409981,0.10627965401364504,0.0
888,77.14348401507277,28.601060007186522,36.44908772000002,42.00678823999999,38.57130776631581,1.1144897315681022,0.0766414999961853,0.7070656418800354,0.41018974438048245,0.1383552319100403,-0.23433299362659454,0.18818040192127228,-0.038169480708607456,0.07735821266165299,1.0,0.0008988522545049936,224.15169860000663,656.8250828403882,0.0026338801365946673,1.0381694807086075,0.41018974438048245,0.002413467229930274,0.029526511677678058,0.013258685009029388,0.0
889,77.14859978155192,28.601060007186522,36.37389128000001,41.261659880000025,38.56184736421054,0.8254081047318683,0.06454751640558243,0.6838365793228149,0.39969692297149123,0.13572169165683265,-0.25216275453567505,0.24360935389995575,-0.029955227500513982,0.08186608751096675,0.0,0.0,0.0,0.0,0.0,1.029955227500514,0.39969692297149123,0.0,0.0,0.0,499.994956483375
890,77.15371554803107,28.601060007186522,35.80991798000002,43.592749519999984,40.22724850842107,1.5675157379328708,0.022828049957752228,0.6987051367759705,0.32956401624177634,0.1520722740598177,-0.2738589346408844,0.21858623623847961,0.006807366755970737,0.08093025113234453,0.0,0.0,0.0,0.0,0.0,0.9931926332440293,0.32956401624177634,0.0,0.0,0.0,499.994956483375
891,77.15883131451022,28.601060007186522,34.68880741999999,39.66544454000001,35.97054375578949,1.0772008932402914,0.09465458989143372,0.7654321193695068,0.5289733244243421,0.14528692379874147,-0.2819696366786957,0.14724989235401154,-0.09941860265899123,0.08310495308638946,0.0,0.0,0.0,1972.5046469804824,0.007909778333305617,1.0994186026589912,0.5289733244243421,0.0,0.08867076336592394,0.03546830534636958,0.0
892,77.16394708098937,28.601060007186522,35.13656804000004,39.07754510000001,37.2928836294737,1.0012942817172776,0.07320726662874222,0.7401830554008484,0.4167654793722588,0.13913540290608747,-0.269848108291626,0.1445208042860031,-0.06012078000788103,0.06994576253669017,29.0,0.03359359162548111,288.87646621245597,1251.910358404846,0.005020182559929604,1.0601207800078811,0.4167654793722588,0.09020062209045539,0.056277609949054536,0.07663141723389505,0.0
893,77.16906284746852,28.601060007186522,33.762523999999985,40.66008836000003,38.222331098947386,1.510479516412508,0.03754919767379761,0.728854238986969,0.33710766173245615,0.1331132543818891,-0.28331291675567627,0.2581801414489746,0.01105799490945381,0.08634486930919788,11.0,0.036920127448825314,836.9976306102452,1195.39857621858,0.004793569319247168,0.9889420050905462,0.33710766173245615,0.099132551847089,0.05373721397417266,0.08097441669792246,499.994956483375
894,77.17417861394767,28.601060007186522,34.596520880000014,38.18885990000001,36.656634550526334,0.8646992862426778,0.19804401695728302,0.7034156322479248,0.45751546223958334,0.10838476668517157,-0.25736016035079956,0.18792517483234406,0.009385702568188048,0.09509051721905779,3.0,0.004299266362425784,357.3771822312531,559.5377964654936,0.00224375640682185,0.990614297431812,0.45751546223958334,0.011543764202016048,0.02515311871159978,0.016987506005849543,0.0
895,77.17929438042682,28.601060007186522,35.608254800000054,39.870525740000005,36.7328468726316,0.6785904352936653,0.009226660244166851,0.7304712533950806,0.4806646728515625,0.13400757139047664,-0.3092016577720642,0.11874444782733917,-0.09637884957449777,0.0731281546666128,35.0,0.06059484512488068,431.7390759182684,2964.2112573287823,0.011886539286207216,1.0963788495744977,0.4806646728515625,0.16270045747633743,0.13325133371298417,0.15092080797099613,0.0
896,77.18441014690598,28.601060007186522,35.71763143999999,40.98480026000004,37.37678914210528,1.281868443756258,0.014868918806314468,0.6880887150764465,0.34688088935718203,0.16427588596242698,-0.268069863319397,0.22400100529193878,-0.06893702992221766,0.07982487157212852,105.0,0.23364467103301145,554.9071275899714,9815.525594529006,0.0393604303018813,1.0689370299222176,0.34688088935718203,0.6273486595375498,0.44124111374692404,0.5529056412212996,499.994956483375
897,77.18952591338513,28.601060007186522,36.40807147999999,39.52872374000003,37.716760437894756,0.7548638455144289,0.03841549530625343,0.724410355091095,0.41713935718201756,0.1497501821145087,-0.33753502368927,0.16015343368053436,-0.07449557120339913,0.07767219621648981,55.0,0.1254720384674257,568.9026889229455,4559.000854101212,0.01828167362368114,1.0744955712033992,0.41713935718201756,0.3368992530151131,0.20494252651717765,0.2841165624159389,0.0
898,77.19464167986428,28.601060007186522,36.30553087999999,39.70304276000002,37.5005786094737,0.6083933856962588,0.014286629855632782,0.7161102890968323,0.41482982970120613,0.16363886618719123,-0.30683761835098267,0.16041216254234314,-0.0869071184124863,0.07893604868338108,39.0,0.10628395163221618,679.6053800228215,6207.197811834989,0.024890972418114783,1.0869071184124863,0.41482982970120613,0.28537819541111575,0.2790345610497044,0.2828407416665512,0.0
899,77.19975744634343,28.601060007186522,34.84945435999998,38.325580700000046,36.518284106315804,0.9322618509853431,0.022884350270032883,0.7402770519256592,0.46766061883223686,0.16768469798464358,-0.28273922204971313,0.16335156559944153,-0.1003612638774671,0.07810212477361038,39.0,0.10828783994563236,692.418728208021,4437.601439360185,0.017794859834996537,1.1003612638774671,0.46766061883223686,0.2907587446088631,0.19948521173024333,0.2542493314574152,0.0
900,77.20487321282258,28.601060007186522,35.11605992,38.52040784000002,36.15020673894739,0.6639609670999929,0.07066250592470169,0.7470805048942566,0.5066268331962719,0.14222260003498483,-0.3061659634113312,0.16848400235176086,-0.11106347870408442,0.07255342658955166,34.0,0.07785381731271077,571.024466632309,4891.069670216928,0.019613275417826127,1.1110634787040845,0.5066268331962719,0.20904173724599787,0.21987014428480792,0.21337310006152188,0.0
901,77.20998897930173,28.601060007186522,35.211764480000056,37.07800340000006,36.020914576842124,0.3897454038540302,0.04739370569586754,0.74051433801651,0.513393768845943,0.13754828401013125,-0.29980888962745667,0.10606731474399567,-0.11374902557908442,0.06692302078030136,53.0,0.09285578945111152,436.9048233559151,2636.7543234268196,0.010573431220868365,1.1137490255790845,0.513393768845943,0.24932284902926485,0.11853103566805934,0.19700612368478262,0.0
902,77.21510474578088,28.601060007186522,35.184420320000015,37.79236958000001,36.377616181052645,0.5884172551146203,-0.015508328564465046,0.7284348607063293,0.455425018845943,0.16647785415276306,-0.32298508286476135,0.30821171402931213,-0.10419992547286185,0.07688965098869183,51.0,0.13763006560408325,672.9717952340777,4346.703154357254,0.017430356113116108,1.1041999254728618,0.455425018845943,0.3695442176662676,0.19539902601088313,0.2998861410041138,0.0
903,77.22022051226003,28.601060007186522,35.30405102000003,38.038467019999985,36.671089706315804,0.46933370342657815,0.029693251475691795,0.699999988079071,0.42830917626096493,0.16479333222613946,-0.3026209771633148,0.19710467755794525,-0.09260278534470943,0.07969159823012548,60.0,0.13502352831913628,561.1925851738583,4972.057306132212,0.019938037262523925,1.0926027853447093,0.42830917626096493,0.362545523176398,0.22351081276728924,0.3069316390127545,0.0
904,77.22533627873918,28.601060007186522,36.264514640000016,38.66054666000002,37.69195598315791,0.40538782710777443,0.02808128297328949,0.7305995225906372,0.3811028303179825,0.16204727303340596,-0.2982456088066101,0.3576582074165344,-0.0683092619243421,0.08200211306429786,75.0,0.17943433746510662,596.6202836767691,9436.023394756276,0.03783861980485698,1.0683092619243422,0.3811028303179825,0.4817909631152613,0.42418120476044435,0.4587470597733345,499.994956483375
905,77.23045204521833,28.601060007186522,34.12141610000003,38.704980920000025,36.735640548421074,1.2690147545380346,0.029171528294682503,0.7881090641021729,0.43014455694901316,0.17363431360958995,-0.33801499009132385,0.27151015400886536,-0.09221202114172149,0.08462952308657067,76.0,0.13728529099727815,450.4682003838639,9508.960684607828,0.03813109962022318,1.0922120211417214,0.43014455694901316,0.36861847908012535,0.427459982926508,0.39215508061867843,0.0
906,77.23556781169748,28.601060007186522,33.789868160000026,37.597542439999984,34.740585661052656,0.8832687443230631,0.11929460614919662,0.7898622751235962,0.6111263877467106,0.13235193026316783,-0.3415582478046417,0.1123887225985527,-0.157838134765625,0.08607374813383346,9.0,0.013545313718331458,375.3187668949411,1564.8538351573532,0.006275091406788612,1.157838134765625,0.6111263877467106,0.036369904636131,0.07034547894825273,0.049960134360979694,0.0
907,77.24068357817663,28.601060007186522,35.088715760000014,40.10295110000004,37.4982664194737,0.9567827516341808,-0.0029697089921683073,0.7303808331489563,0.3808837462308114,0.1764823802650368,-0.29241877794265747,0.17457568645477295,-0.07092269094366777,0.08017223383148708,99.0,0.17325761567199588,436.42624655269316,13216.977485869164,0.05300031222210372,1.0709226909436678,0.3808837462308114,0.46520612888766233,0.5941478945848309,0.5167828351665298,499.994956483375
908,77.24579934465578,28.601060007186522,36.11412175999999,40.362720620000005,38.16588085842107,1.2435474526344297,0.08453303575515747,0.7607476711273193,0.5474563116776315,0.11536785714146819,-0.30307433009147644,0.16029709577560425,-0.1081529905084978,0.06526214486449064,14.0,0.0193180073581915,344.10264718967426,2054.230354235821,0.008237499857060663,1.108152990508498,0.5474563116776315,0.051869901280075244,0.09234461065446854,0.06805978502983256,0.0
909,77.25091511113493,28.601060007186522,38.07606524000005,45.17358377000005,41.172246381578965,1.9221927078741765,0.030843613669276237,0.7612650990486145,0.47193158066063595,0.16879828911664913,-0.3510420024394989,0.2686364948749542,-0.08169762326959978,0.08120074460748854,20.0,0.022167824039341,276.40557098122844,108.31353208048674,0.00043433916901819804,1.0816976232695998,0.47193158066063595,0.05952181419100266,0.004869060048673884,0.03766071253407115,0.0
910,77.25603087761408,28.601060007186522,32.238087080000014,49.417055600000026,45.00361399526317,3.126904107588646,-0.16958175599575043,0.6963091492652893,0.2672278046189693,0.19666865038005144,-0.4247787594795227,0.37290215492248535,-0.008332328127141584,0.09203512912768533,2.0,0.009711895509492053,1210.954227553938,3637.728909894936,0.014587356921046145,1.0083323281271417,0.2672278046189693,0.026076968083675017,0.16352823292581373,0.08105747402053051,499.994956483375
911,77.26114664409323,28.601060007186522,31.13406662,46.009289660000036,39.47128936368423,4.359941913942138,-0.19937936961650848,0.771572470664978,0.20197072882401315,0.24097186866375633,-0.4969378709793091,0.4140862226486206,0.03310953776041667,0.1416691384706749,0.0,0.0,0.0,4363.699322853862,0.017498511047772145,0.9668904622395833,0.20197072882401315,0.0,0.19616306133885925,0.0784652245355437,999.98991296675
912,77.26626241057238,28.601060007186522,32.04155093000003,46.93899110000004,42.122360702631596,3.108118298261577,-0.05376344174146652,0.7004631757736206,0.3532104278029057,0.20570627217584694,-0.3636030852794647,0.3373708724975586,-0.03153127302203262,0.10385005560778351,0.0,0.0,0.0,2664.9389247660188,0.01068645196804223,1.0315312730220325,0.3532104278029057,0.0,0.11979802893965276,0.047919211575861105,499.994956483375
913,77.27137817705153,28.601060007186522,37.04211419000001,43.83371993,39.77501694894739,1.5823831511665378,0.1342618316411972,0.7674064636230469,0.5377313767817983,0.12017790077226188,-0.33884137868881226,0.06772807985544205,-0.13826092636376097,0.07273555849610487,0.0,0.0,0.0,0.0,0.0,1.138260926363761,0.5377313767817983,0.0,0.0,0.0,0.0
914,77.27649394353068,28.601060007186522,36.56530040000001,42.52120025000002,38.28241423500002,1.2893948294910649,0.017667844891548157,0.6970622539520264,0.4322609165736607,0.13172495470326684,-0.2849371135234833,0.148902028799057,-0.11453487941196987,0.0750312077481253,0.0,0.0,0.0,507.4891606564603,0.002035040461624647,1.1145348794119698,0.4322609165736607,0.0,0.022813356279908225,0.009125342511963291,0.0
915,77.28160971000983,28.601060007186522,37.94788949000002,43.119353750000016,39.68215368421055,1.192034183709366,0.017669476568698883,0.6974256634712219,0.3862464021381579,0.12569808145980982,-0.2796880602836609,0.1120888814330101,-0.08226837693599233,0.06504779096053342,0.0,0.0,0.0,3195.9961828064693,0.012816000914770065,1.0822683769359924,0.3862464021381579,0.0,0.14367085100551993,0.057468340402207975,499.994956483375
916,77.28672547648898,28.601060007186522,37.37537114,45.91700312000003,41.89187715894739,2.3383768894601475,-0.006041565909981728,0.7069359421730042,0.3233557771381579,0.16682242238440162,-0.2936660349369049,0.25700604915618896,-0.048434903328878835,0.09429794319143642,0.0,0.0,0.0,3361.5744775837848,0.01347997278956396,1.048434903328879,0.3233557771381579,0.0,0.15111415605284023,0.060445662421136095,500.00000000016115
917,77.29184124296813,28.601060007186522,38.761378250000035,45.08300624,42.21959437684212,1.2942859167823337,0.009770829230546951,0.6917970776557922,0.2971456962719298,0.16117352967257167,-0.2671789228916168,0.23569190502166748,-0.020467783610026043,0.07644136602639641,145.0,0.1452685327964598,249.83729560062233,4061.9059381031548,0.016288314265984927,1.020467783610026,0.2971456962719298,0.39005391785704113,0.1825964267326514,0.30707092140728526,707.1032148908483
918,77.29695700944728,28.601060007186522,39.90812396000001,43.891826270000024,41.4681961194737,0.8033462933079056,0.031335148960351944,0.7309345602989197,0.3750388911732456,0.17872751092620745,-0.25167396664619446,0.2641090750694275,-0.04956255996436403,0.07583741159646669,38.0,0.13544121221872682,888.8346112357881,1391.803602330152,0.005581156928973599,1.049562559964364,0.3750388911732456,0.3636670271822887,0.06256628498339784,0.24322673030273237,1118.0249666422524
920,77.10255788323957,28.60555156306148,38.065811180000026,40.01066456000001,39.15578918631581,0.4670731431168154,0.003167290473356843,0.6125448942184448,0.09472067314281798,0.09941188765787179,-0.17413921654224396,0.20730778574943542,0.07021938390899123,0.04913452566175533,22.0,0.015545088497474142,176.2074393980242,18536.892840781373,0.07433326637950947,0.9297806160910088,0.09472067314281798,0.04173940877044488,0.8332961045950218,0.3583620871002757,2549.3802406038058
921,77.10767364971872,28.60555156306148,37.14636380000002,40.66350638000006,39.321261566315805,0.6994541549653576,0.006569343153387308,0.6642599105834961,0.15733730383086622,0.13769403894951882,-0.21238362789154053,0.2215246707201004,0.0545108353464227,0.06739130894351364,16.0,0.012088180516115906,188.40597704535153,12240.479915881744,0.049084539788595984,0.9454891646535774,0.15733730383086622,0.0324574226730888,0.5502510221043013,0.23957486244557383,2061.4503028586387
922,77.11278941619787,28.60555156306148,38.39735912000003,42.65279401999999,40.15720555368423,0.8475273654869092,0.025255972519516945,0.6826658248901367,0.32982725979989036,0.143195094719445,-0.22266560792922974,0.2090245485305786,0.01062839574981154,0.06906271131102922,1.0,0.00026775268817408977,66.7709510190773,2351.1500490106705,0.009428153056310165,0.9893716042501884,0.32982725979989036,0.0007189305421387412,0.1056921563925058,0.04270822088228557,1581.0636483156857
923,77.11790518267702,28.60555156306148,38.95791440000005,43.82175686000005,40.825804128421076,1.2006523844454078,0.027165556326508522,0.6856693029403687,0.28446254797149123,0.1335987457789153,-0.2088870406150818,0.43388429284095764,0.033063753362287555,0.07880586141196719,15.0,0.0053957246339084,89.7040891727364,3220.4745961995773,0.012914159783083452,0.9669362466377125,0.28446254797149123,0.014487814343678771,0.14477123857868798,0.06660118403768245,1117.9867341740305
924,77.12302094915617,28.60555156306148,38.619530420000046,43.02194018,40.91278903368423,0.9669782826978205,0.04144439846277237,0.7368420958518982,0.30935127124451756,0.14301380691671348,-0.26039472222328186,0.198775053024292,0.018359396415844297,0.07199384781297416,23.0,0.03253430178133195,352.7502879608586,3504.425481820751,0.01405280782948855,0.9816406035841557,0.30935127124451756,0.08735637119934551,0.1575357924290439,0.11542813969122487,707.0881023234654
925,77.12813671563532,28.60555156306148,36.26793266000004,42.36568034000004,38.88309891578949,1.428187125489429,0.025579536333680153,0.6979888081550598,0.3653592293722588,0.15262057521122305,-0.255533903837204,0.2759203016757965,-0.02853409081174616,0.07502547015668162,39.0,0.07745901321793162,495.29172848526986,4689.606471661504,0.01880540444762004,1.0285340908117462,0.3653592293722588,0.20798166676142585,0.21081369129576363,0.20911447657516097,499.97358374942
926,77.13325248211447,28.60555156306148,35.41000964,38.96475043999999,37.038246430526335,0.8177473406164193,0.06018518656492233,0.7170588374137878,0.46384868421052633,0.14507039613344117,-0.2608789801597595,0.25284337997436523,-0.07228714792351974,0.07723102543732456,15.0,0.02384389007803595,396.4054111182006,991.1210221271962,0.003974412733833718,1.0722871479235196,0.46384868421052633,0.06402214273700714,0.04455424617354671,0.05623498411162296,0.0
927,77.13836824859362,28.60555156306148,35.775737779999986,40.608818059999976,38.12821385473686,1.0204715022230604,0.0380941666662693,0.7069836258888245,0.3802662417763158,0.1501728069351552,-0.2424379289150238,0.22810177505016327,-0.026718950773540296,0.07705708656061856,24.0,0.052784940205362986,548.4695412135983,3547.137698201093,0.014224084568536978,1.0267189507735404,0.3802662417763158,0.14173043765644225,0.1594558511915381,0.1488206030704806,499.97358374942
928,77.14348401507277,28.60555156306148,35.42709974000002,39.37149482000001,37.201570643157915,0.8545579420413479,0.032142143696546555,0.735946536064148,0.44370883874725875,0.16370154666213974,-0.27849438786506653,0.15634217858314514,-0.07114091839706689,0.08532952730272028,12.0,0.01053163574315069,218.86096306263195,3713.2130910827177,0.014890049815473753,1.0711409183970668,0.44370883874725875,0.028278015231384557,0.1669215024819683,0.08373541013161806,0.0
929,77.14859978155192,28.60555156306148,33.59162300000003,39.19033976000003,36.00215250421055,1.4154907217214105,0.06086956337094307,0.75,0.5153662109375,0.16081684034441915,-0.2903420031070709,0.22685080766677856,-0.10529144822505482,0.08609744909772213,1.0,0.0007930323850153045,197.7628194790353,2423.340460926086,0.009717637878013915,1.1052914482250549,0.5153662109375,0.002129335120332896,0.10893735986619058,0.04485254501867597,0.0
930,77.15371554803107,28.60555156306148,32.79864236000003,40.031172680000054,35.4708779094737,1.8102639191014838,0.07161656767129898,0.7692632675170898,0.5177795195997807,0.1729512595699186,-0.3124447464942932,0.15516397356987,-0.11367869594640899,0.09614340081122283,0.0,0.0,0.0,2849.221534655496,0.011425428475469044,1.113678695946409,0.5177795195997807,0.0,0.12808215628960795,0.051232862515843185,0.0
931,77.15883131451022,28.60555156306148,32.52178274000005,40.04142674000002,34.7125959926316,1.9251018490496974,0.11474793404340744,0.7861005067825317,0.6170972108004386,0.16113661286955072,-0.3171917498111725,0.16867680847644806,-0.15604895876165023,0.10199362071852788,0.0,0.0,0.0,810.1979429331295,0.0032489080035940005,1.1560489587616503,0.6170972108004386,0.0,0.03642114110471483,0.014568456441885933,0.0
932,77.16394708098937,28.60555156306148,33.25665704000005,40.12004120000006,36.09760309368423,1.5838552168935178,0.12956522405147552,0.7667037844657898,0.4908285790158991,0.1540783875848127,-0.2861321270465851,0.3040100634098053,-0.05851758454975329,0.10479523129683711,7.0,0.012410639790305673,442.1298662929468,0.0,0.0,1.0585175845497532,0.4908285790158991,0.033323243376484256,0.0,0.019993946025890552,0.0
933,77.16906284746852,28.60555156306148,32.71660988000002,37.21472419999998,34.89626959368423,1.0873420235439417,0.039550140500068665,0.7293364405632019,0.44881193462171054,0.13566939507056686,-0.2921604812145233,0.1809198558330536,-0.027061076917146383,0.10039772420183211,0.0,0.0,0.0,1081.462040994145,0.004336681808705822,1.0270610769171464,0.44881193462171054,0.0,0.048615380893026514,0.019446152357210606,0.0
934,77.17417861394767,28.60555156306148,34.86996248000003,38.30849060000003,36.93935665684212,0.6501728442096019,0.14448541402816772,0.6371710300445557,0.38268443325109647,0.10093080710522896,-0.1727488487958908,0.20493020117282867,0.049896224172491774,0.07547637486947593,0.0,0.0,0.0,681.3639313784336,0.002732281350902387,0.9501037758275083,0.38268443325109647,0.0,0.03062961601526231,0.012251846406104924,499.97358374942
935,77.17929438042682,28.60555156306148,36.035507300000006,38.51698982000005,37.60266417894739,0.5359654860429235,0.13636364042758942,0.6339254379272461,0.36900870186941964,0.08510061970757533,-0.14576983451843262,0.23070058226585388,0.07235622950962611,0.0733877171640096,0.0,0.0,0.0,1182.1182473378258,0.004740314966817142,0.9276437704903739,0.36900870186941964,0.0,0.05314021821986118,0.021256087287944474,499.97358374942
936,77.18441014690598,28.60555156306148,35.235690620000014,38.09657335999998,36.41572234210528,0.5924941339687056,0.0736231878399849,0.6654394268989563,0.43948918928179825,0.1092155676290105,-0.2240285873413086,0.24231769144535065,-0.01175709373072574,0.08135475711621692,9.0,0.02087309209592995,578.359671074048,3186.9562515766497,0.012779750631514378,1.0117570937307256,0.43948918928179825,0.05604538844772257,0.14326447548485863,0.09093302326257699,0.0
937,77.18952591338513,28.60555156306148,35.52622231999999,38.78701339999998,36.91890144736844,0.6444596985562372,0.04397968947887421,0.7142857313156128,0.4273996025219298,0.14374185968484024,-0.2903802990913391,0.19671623408794403,-0.06586464329769737,0.08181549244627188,64.0,0.10610391120293983,413.43300242480063,6917.046242695324,0.027737477113018865,1.0658646432976973,0.4273996025219298,0.2848947770584963,0.3109446517736184,0.29531472694454514,0.0
938,77.19464167986428,28.60555156306148,35.86460629999999,39.456945320000045,37.36774144210528,0.7786434039757292,0.048599936068058014,0.7519171237945557,0.47160918654057016,0.1482606032526426,-0.28700074553489685,0.18675373494625092,-0.10115705523574561,0.07503065728404615,47.0,0.08019257899557261,425.4906733365676,3293.13492045289,0.013205528961528537,1.1011570552357457,0.47160918654057016,0.2153214396686303,0.1480375662032234,0.18840789028246752,0.0
939,77.19975744634343,28.60555156306148,35.65268906000006,38.86562786000002,37.107284085263174,0.8871228301346668,0.10152938961982727,0.7239702343940735,0.46719409608004386,0.14023346012806548,-0.3110888600349426,0.1083369180560112,-0.1078101656729715,0.07248913448892572,41.0,0.08279113170016919,503.5628520704974,6896.128633087799,0.027653597130524822,1.1078101656729715,0.46719409608004386,0.2222986951256401,0.3100043343885472,0.2573809508308029,0.0
940,77.20487321282258,28.60555156306148,36.04576136000003,39.33731462000003,37.544314450526336,0.8327650858770009,0.02225693129003048,0.7821892499923706,0.4240078039336623,0.16396321126118626,-0.3163265287876129,0.2259962558746338,-0.07632089715254935,0.08103215892384652,43.0,0.13446966782788836,779.8473463508583,3882.3086900045437,0.015568126141761075,1.0763208971525493,0.4240078039336623,0.3610583776095038,0.1745229222612165,0.2864441954701889,0.0
941,77.20998897930173,28.60555156306148,35.38608350000004,37.64539472000001,36.15566710526317,0.4375272384356773,0.06903424859046936,0.7307412028312683,0.4794327371162281,0.13791177906624064,-0.3053467273712158,0.1202327087521553,-0.10167215983072916,0.06684584259675563,34.0,0.07937939602075551,582.2139342542728,4681.904545293893,0.01877451958739905,1.101672159830729,0.4794327371162281,0.2131379991178369,0.2104674636245388,0.21206978492051765,0.0
942,77.21510474578088,28.60555156306148,35.05453555999998,36.937864579999996,35.930501069473706,0.44187021004744825,0.06236860528588295,0.7503694295883179,0.499489960252193,0.1427619658363105,-0.31087633967399597,0.09658782929182053,-0.10972594144051535,0.06727300174828738,31.0,0.07331678171451965,589.7873066181058,3890.2464385555904,0.015599956653086059,1.1097259414405154,0.499489960252193,0.19685954970362848,0.17487975093815042,0.18806763019743725,0.0
943,77.22022051226003,28.60555156306148,35.25961676000003,38.00428682000006,36.45188139578949,0.5586979543431531,0.06838081777095795,0.7421866059303284,0.48635219640899124,0.14748624841166463,-0.28900831937789917,0.1708463877439499,-0.10081461588541667,0.07158427639661656,37.0,0.07785313094138394,524.7205594954046,5098.67732418226,0.020445785762314886,1.1008146158854166,0.48635219640899124,0.20903989430162456,0.229202811351471,0.21710506112156314,0.0
944,77.22533627873918,28.60555156306148,35.97740096000001,38.704980920000025,37.43544575157897,0.5715584635906763,0.032068993896245956,0.6968340277671814,0.42391237493146927,0.15823719836716682,-0.3271808326244354,0.3244495987892151,-0.09233985231633772,0.08650722511365665,52.0,0.16214291778028014,777.585874187674,7096.73307697689,0.028458024479412307,1.0923398523163377,0.42391237493146927,0.43536256004997415,0.3190221834473425,0.3888264094089215,0.0
945,77.23045204521833,28.60555156306148,35.53989439999998,38.872463900000014,36.807694103157914,0.5421908965055109,0.06078055128455162,0.7180952429771423,0.4260620545504386,0.14064589178399373,-0.28891849517822266,0.10783365368843079,-0.09028588010553729,0.05806092375464447,122.0,0.19190378695761232,392.26308226736995,11121.899863862785,0.04459901410272673,1.0902858801055373,0.4260620545504386,0.5152721137432993,0.4999670609231456,0.5091500926152378,0.0
946,77.23556781169748,28.60555156306148,34.50423434000004,38.15809772,36.416621821052644,0.7444683547222091,0.0051677897572517395,0.7479766011238098,0.4775953433388158,0.1654717050408631,-0.33046549558639526,0.233245387673378,-0.1087523771587171,0.07654619677610337,75.0,0.11943401480403756,397.11883912351584,10934.186751322046,0.04384628121932136,1.108752377158717,0.4775953433388158,0.32068683081547583,0.4915287208623195,0.38902358683421334,0.0
947,77.24068357817663,28.60555156306148,35.659525099999996,39.53214176000006,37.152633697368444,0.9196602246109042,-0.006346788723021746,0.7212121486663818,0.40758643434758773,0.17416557209188735,-0.2792431712150574,0.32836800813674927,-0.07325499952885142,0.08004661783485098,60.0,0.13573184633345994,564.1365374059759,10285.53615584286,0.04124518092084494,1.0732549995288514,0.40758643434758773,0.3644473956002269,0.46236968007275947,0.40361630938923987,0.0
948,77.24579934465578,28.60555156306148,36.3431291,41.45306900000003,38.38644367842107,1.269658805263981,0.12232007831335068,0.7644698023796082,0.5320668003015351,0.12297065771694858,-0.366357684135437,0.28934246301651,-0.10953156052974232,0.071289858326638,13.0,0.04553134717306096,873.4154504974128,0.0,0.0,1.1095315605297422,0.5320668003015351,0.12225414553504974,0.0,0.07335248732102984,0.0
949,77.25091511113493,28.60555156306148,38.96475043999999,46.98684338000004,42.95517238684212,1.8257388425902115,0.040133778005838394,0.7305585741996765,0.4069814367461623,0.1762277011737713,-0.2946840226650238,0.24020296335220337,-0.054618626644736844,0.07634632810004825,9.0,0.02243049126799721,621.5126868681693,578.3768594908059,0.002319301380956894,1.0546186266447368,0.4069814367461623,0.0602270899975227,0.025999998389227084,0.04653625335420446,0.0
950,77.25603087761408,28.60555156306148,31.161410779999983,49.78620176000004,41.16725691894739,6.9787958348029235,-0.19691120088100433,0.6768163442611694,0.09720197711074562,0.21458383978817863,-0.3942016363143921,0.40753424167633057,0.0783563446580318,0.11636543605626233,14.0,0.024488202803055678,436.1969251386558,1490.4224615611477,0.005976620289323474,0.9216436553419682,0.09720197711074562,0.06575215747510062,0.06699953665845738,0.06625110914844333,499.97358374942
951,77.26114664409323,28.60555156306148,31.32547574,44.720696120000014,40.299556033684226,3.928392311724866,-0.2167721539735794,0.6849393844604492,0.3330580326548794,0.25267127034168707,-0.43950155377388,0.345369428396225,-0.018431670874880072,0.13685238294144259,0.0,0.0,0.0,519.4274301575164,0.002082913132333519,1.0184316708748802,0.3330580326548794,0.0,0.02335002192049226,0.009340008768196904,500.00000000016115
952,77.26626241057238,28.60555156306148,41.39667166999999,48.750541700000014,45.33404023210528,1.6967123058338935,-0.005764353089034557,0.7084713578224182,0.3028320740816886,0.16723971317263275,-0.2530093193054199,0.23260129988193512,-0.0023389244079589843,0.07609280589400454,0.0,0.0,0.0,4028.7230523016324,0.016155250310190845,1.002338924407959,0.3028320740816886,0.0,0.18110474364880702,0.07244189745952281,500.00000000016115
953,77.27137817705153,28.60555156306148,40.61052706999999,48.55742357,44.28745414842107,1.698768807597066,-0.18727576732635498,0.7029421925544739,0.18854344418174343,0.19081592666038102,-0.3398628830909729,0.3095604181289673,0.01618354128118147,0.09109880625718018,0.0,0.0,0.0,4262.804583646407,0.01709392136868099,0.9838164587188185,0.18854344418174343,0.0,0.19162750115205512,0.07665100046082206,500.00000000016115
954,77.27649394353068,28.60555156306148,34.23079274000003,45.26245229000003,41.16266017000001,2.306261578748852,-0.3404088020324707,0.7198550701141357,0.2981571742466518,0.2285632726388774,-0.32393521070480347,0.29206761717796326,-0.03731111798967634,0.0917769154008571,0.0,0.0,0.0,3447.49942321002,0.013824533333056348,1.0373111179896763,0.2981571742466518,0.0,0.15497677332601978,0.061990709330407914,499.97358374942
955,77.28160971000983,28.60555156306148,33.61384013000003,40.29265121000003,38.284485094210545,1.2248069467496012,-0.3433188796043396,0.7007874250411987,0.4020886872944079,0.1602077958507565,-0.3094545900821686,0.28092870116233826,-0.1108617521587171,0.07269966097012419,0.0,0.0,0.0,1558.7078059070986,0.006250445721378469,1.1108617521587172,0.4020886872944079,0.0,0.0700691941211809,0.02802767764847236,0.0
956,77.28672547648898,28.60555156306148,37.59241541000003,45.464115470000024,41.65939359736844,2.031813130761985,0.029041776433587074,0.7270656228065491,0.3489732815926535,0.16516476207269828,-0.3318428695201874,0.23539231717586517,-0.04830090974506579,0.0941328104338731,7.0,0.029250603414181345,1042.0546881557252,4340.640508816237,0.017406044797846836,1.0483009097450657,0.3489732815926535,0.07853946234433244,0.19512648956390347,0.12517427323216085,499.97358374942
957,77.29184124296813,28.60555156306148,40.38664676000002,44.13963272000001,41.61486409842107,0.6968013655381595,0.026633024215698242,0.6974962949752808,0.29934405410498904,0.17640402877514247,-0.2707845866680145,0.30527085065841675,-0.012125404759457236,0.08826427634978982,199.0,0.22465517436453322,281.5250677812282,6790.123482864474,0.02722851461336127,1.0121254047594572,0.29934405410498904,0.6032113716638183,0.3052390439212164,0.48402244056677757,999.94716749884
958,77.29695700944728,28.60555156306148,40.32170438000003,43.37912327000001,41.61771597578949,0.7799571781510853,0.0217162873595953,0.730701208114624,0.2931055758292215,0.17810042800642367,-0.2537442147731781,0.2370070070028305,-0.022267117416649534,0.08263091213396002,262.0,0.2087630754188006,198.7037745417645,9689.874307448905,0.03885656643032106,1.0222671174166496,0.2931055758292215,0.5605402209512269,0.43559266290025095,0.5105611977308365,1414.1762046469307
960,77.10255788323957,28.610043118936435,37.57019828,39.99015644000002,38.70959074960528,0.5880358834730219,0.026153845712542534,0.6789838075637817,0.27616313733552633,0.16136242215630914,-0.2516501545906067,0.2524106502532959,-0.003996348464698122,0.07533200383637045,32.0,0.06924761119896362,539.6454755371835,5217.959309046599,0.020924108619945633,1.003996348464698,0.27616313733552633,0.18593360537510104,0.23456494049520435,0.20538613942314238,2692.3605359751073
961,77.10767364971872,28.610043118936435,36.869504180000035,39.54581384000005,38.26205499934212,0.672422306251809,0.02003338932991028,0.68315589427948,0.2782825349506579,0.17972708563660036,-0.24614065885543823,0.19655489921569824,-0.01005697350752981,0.08400750419668805,51.0,0.039955971366405316,195.37331223922217,7632.714666943667,0.030607320083790093,1.0100569735075298,0.2782825349506579,0.10728395801372032,0.3431163709085424,0.20161692317164914,2235.896993073022
962,77.11278941619787,28.610043118936435,38.441793380000036,41.439396920000036,39.9016027376316,0.7529742410626196,0.00930059514939785,0.6217600107192993,0.17953387344092653,0.14573004366792888,-0.1761336475610733,0.227909117937088,0.0440264892578125,0.06547297948380014,54.0,0.02752286496166759,127.10235625439019,8054.312548655411,0.03229793500590748,0.9559735107421875,0.17953387344092653,0.07390039055457678,0.3620686233466107,0.18916768367139036,1802.6563433011386
963,77.11790518267702,28.610043118936435,39.29288036000003,43.95505964000006,41.22430901671055,1.0437506787048287,0.021715126931667328,0.6410940885543823,0.2982140470805921,0.1462725212085504,-0.1754167675971985,0.2726445198059082,0.03080314502381442,0.07381789061562846,14.0,0.0622389070908222,1108.6325981267805,3197.605647144115,0.012822454895076588,0.9691968549761856,0.2982140470805921,0.16711485334494408,0.1437432018776194,0.1577661927580142,1414.1459758132214
964,77.12302094915617,28.610043118936435,38.264056340000025,42.85787521999998,40.24116728375002,0.9331959540175008,0.06684491783380508,0.6944165825843811,0.37459057188870615,0.13669001167717315,-0.2035181075334549,0.28663164377212524,0.008421677706534403,0.07029933728627527,30.0,0.03411122475759464,283.55008409964665,1044.7383761198387,0.00418941926654298,0.9915783222934655,0.37459057188870615,0.0915904952261357,0.046964527799735256,0.07374010825557552,999.9044158858804
965,77.12813671563532,28.610043118936435,37.82654978000005,41.96235397999999,40.22122133809212,0.8614897989825233,-0.00345224398188293,0.6770033836364746,0.3339026735540022,0.14742117792906817,-0.23459278047084808,0.1789781004190445,0.009229975917883087,0.07100463022132933,24.0,0.07898183609110802,820.6721696863148,3227.0086196320253,0.012940361331989511,0.9907700240821169,0.3339026735540022,0.21207052906663698,0.14506496505811245,0.18526830346322717,499.9522079429402
966,77.13325248211447,28.610043118936435,36.838742000000025,40.50285944000001,38.29972068026317,0.6906624438821025,0.03490759804844856,0.6924961805343628,0.4044835783305921,0.13558293839929642,-0.2510581314563751,0.23945128917694092,-0.03376426295230263,0.07147623414610449,2.0,0.004104873370255795,511.82735197537323,1610.6153061821863,0.006458595710601793,1.0337642629523027,0.4044835783305921,0.011021808436784382,0.07240261203269494,0.0355741298751486,0.0
967,77.13836824859362,28.610043118936435,37.08142142000003,40.89593174000004,39.00439497460528,0.7831703274225289,0.00909090880304575,0.6453110575675964,0.3391406464158443,0.1457310998889311,-0.27527856826782227,0.2997281849384308,-0.007740127831174616,0.07873495912128073,11.0,0.05736202628398528,1300.4256324208836,1573.3937962547839,0.006309336801018296,1.0077401278311746,0.3391406464158443,0.1540201629188086,0.07072937911841641,0.12070384939865172,499.9522079429402
968,77.14348401507277,28.610043118936435,36.76696358000004,39.19033976000003,38.05299360500002,0.5393496489527648,0.0668366402387619,0.7124324440956116,0.3900135348135965,0.14189576531186196,-0.2581413686275482,0.1549355387687683,-0.03156182807788514,0.07010864528415492,19.0,0.016966972683308913,222.69193138145818,5750.202466513866,0.02305841304423651,1.031561828077885,0.3900135348135965,0.04555724520582008,0.2584910727561131,0.1307307762259373,500.00000000016115
969,77.14859978155192,28.610043118936435,34.39485769999999,40.889095699999984,38.18673488098686,1.942826060264344,0.10520303249359131,0.7159781455993652,0.3864205557839912,0.14420189026680516,-0.24444930255413055,0.23479442298412323,0.03850801702131305,0.10661887599468672,0.0,0.0,0.0,952.1672559388209,0.0038182074461710867,0.961491982978687,0.3864205557839912,0.0,0.0428031424744054,0.01712125698976216,499.9522079429402
970,77.15371554803107,28.610043118936435,32.80547840000003,40.311450320000006,35.53057354940791,2.083766560864896,0.10148048400878906,0.7674212455749512,0.5700312671326755,0.148550006331039,-0.31170693039894104,0.20538480579853058,-0.09813819216008772,0.1156026449146792,0.0,0.0,0.0,0.0,0.0,1.0981381921600877,0.5700312671326755,0.0,0.0,0.0,0.0
971,77.15883131451022,28.610043118936435,32.61748729999999,39.01260272000002,33.885820076710544,1.3166333333068856,0.19048959016799927,0.7643285393714905,0.6578256493283992,0.10353215898082867,-0.34058043360710144,0.17917731404304504,-0.16720866956208882,0.08871348962149775,0.0,0.0,0.0,0.0,0.0,1.167208669562089,0.6578256493283992,0.0,0.0,0.0,0.0
972,77.16394708098937,28.610043118936435,33.39337784000003,40.77630104000002,36.373070505460554,2.10997794528789,0.0905865952372551,0.7474596500396729,0.5121516070449561,0.16792835674356363,-0.2679171562194824,0.29399681091308594,-0.06954194721422698,0.1086176611165584,6.0,0.010667401287114537,443.3646920596961,0.0,0.0,1.069541947214227,0.5121516070449561,0.028642553106956615,0.0,0.01718553186417397,0.0
973,77.16906284746852,28.610043118936435,33.86164658000001,41.89057556,37.393945380263176,2.033974991998227,0.042149826884269714,0.7390532493591309,0.35746385005482456,0.13756812512369723,-0.29243624210357666,0.25441229343414307,0.06481805098684211,0.10548669953786158,0.0,0.0,0.0,47.33963613879126,0.0001898327736821234,0.9351819490131579,0.35746385005482456,0.0,0.0021280769504484903,0.0008512307801793962,499.9522079429402
974,77.17417861394767,28.610043118936435,36.26793266000004,40.63958023999999,38.26854249125002,0.8143205255267416,0.065043605864048,0.659450352191925,0.28529311866091006,0.10100221619495896,-0.2238667905330658,0.23428429663181305,0.09174041212650767,0.07894959079606255,0.0,0.0,0.0,1630.2868136212624,0.006537478801479806,0.9082595878734924,0.28529311866091006,0.0,0.07328691290562393,0.029314765162249574,707.0729879066107
975,77.17929438042682,28.610043118936435,36.790889719999996,39.38516690000006,37.88362171921054,0.616592469060969,0.09170770645141602,0.6403493881225586,0.3410258483886719,0.08542178059159615,-0.13134892284870148,0.22335025668144226,0.0826679447719029,0.06723247817786569,7.0,0.008065160519579154,287.3218788396451,287.97603628396257,0.0011547889713704983,0.9173320552280971,0.3410258483886719,0.021655395000206426,0.012945498002998943,0.018171436201323433,707.0729879066107
976,77.18441014690598,28.610043118936435,35.58774668000001,41.360782459999996,37.63002487348686,1.1057973110960293,0.08073175698518753,0.6627756357192993,0.38642235471491226,0.1026907675531498,-0.18314817547798157,0.23848986625671387,0.06209326493112664,0.07950269044870302,0.0,0.0,0.0,413.51238838193893,0.0016581919516305613,0.9379067350688733,0.38642235471491226,0.0,0.018588782133021634,0.007435512853208654,499.9522079429402
977,77.18952591338513,28.610043118936435,35.351903300000004,39.3338966,37.129228726052645,0.8685653792188421,0.07221675664186478,0.725311815738678,0.4561278440241228,0.13157267843803974,-0.2825358808040619,0.20704057812690735,-0.032590706808525216,0.09844528344667659,11.0,0.021259667926933686,481.9672333761209,2455.8576980541266,0.009848032570917714,1.0325907068085252,0.4561278440241228,0.057083365596174385,0.11039911978807869,0.0784096672729361,0.0
978,77.19464167986428,28.610043118936435,35.39291953999998,39.76114910000001,37.72629160782897,0.8036985021245164,0.04674329608678818,0.6997502446174622,0.39503143845942984,0.14617322051848444,-0.25803059339523315,0.17316840589046478,-0.05137097810444079,0.06808571045100154,85.0,0.13360512128348473,391.9745787868571,3741.0474350312134,0.015001666024349415,1.0513709781044407,0.39503143845942984,0.358737023078534,0.16817275049777447,0.2825113140462302,499.9522079429402
979,77.19975744634343,28.610043118936435,36.38756336000006,41.51117534000002,38.58484426309212,0.9003071530844253,0.059519894421100616,0.6730571985244751,0.38340636136239037,0.13886646299072733,-0.2917514145374298,0.24802425503730774,-0.058352222108004385,0.07278140118977947,74.0,0.15443348612821756,520.4313832094651,8028.378966193362,0.03219394088402933,1.0583522221080044,0.38340636136239037,0.4146623164221857,0.36090282099616094,0.3931585182517758,500.00000000016115
980,77.20487321282258,28.610043118936435,36.54821030000005,42.06489457999999,39.190958151776336,1.1992878706166723,0.014042867347598076,0.6710792183876038,0.24020824766995613,0.15064109289230704,-0.27170562744140625,0.3246714770793915,0.002889552200049685,0.0842851748264633,24.0,0.13039581842905992,1354.8965752677288,3983.3848441023047,0.015973443297753683,0.9971104477999503,0.24020824766995613,0.35011987022470764,0.1790666376616644,0.2816985771994903,500.00000000016115
981,77.20998897930173,28.610043118936435,35.78599184000001,40.46526122,38.20325156315791,1.4188001323639134,0.010648985393345356,0.714175283908844,0.2924255585252193,0.18622471107141134,-0.265231192111969,0.3246714770793915,-0.017011643794544958,0.09103607134234605,26.0,0.12707522055154633,1218.8246987644027,4353.006060813294,0.017455630878881127,1.017011643794545,0.2924255585252193,0.3412038841758452,0.1956823629995877,0.2829952757053422,500.00000000016115
982,77.21510474578088,28.610043118936435,35.594582720000005,39.49796156000002,37.12647407177633,0.9412671096701144,0.03518974781036377,0.7296123504638672,0.37906455592105265,0.19703822803182566,-0.26943764090538025,0.22890497744083405,-0.05812754848547149,0.08876963146584502,28.0,0.18352802116093003,1634.54948390885,2864.9952301371304,0.011488681271830151,1.0581275484854715,0.37906455592105265,0.4927827266671152,0.12879123731590578,0.3471861309266314,499.9522079429402
983,77.22022051226003,28.610043118936435,35.89878650000003,41.20013552,37.55331056276318,1.261470192109883,0.0350218266248703,0.7419354915618896,0.4017552854303728,0.18360664498470514,-0.3260476589202881,0.20396548509597778,-0.06672005636650219,0.082982842432337,22.0,0.14950706074007364,1694.6996698805424,3185.4826799856796,0.012773841583512554,1.0667200563665022,0.4017552854303728,0.40143459609841603,0.14319823345189528,0.29814005103980773,0.0
984,77.22533627873918,28.610043118936435,36.343129100000056,38.475973580000016,37.53798569019738,0.47397051368103876,-0.017790261656045914,0.7409950494766235,0.4064411149945175,0.16101586526072914,-0.3134262263774872,0.2721431851387024,-0.0855587661475466,0.08027503851204072,18.0,0.10877171574323294,1506.9442862201217,3990.005158356885,0.01599999087437446,1.0855587661475465,0.4064411149945175,0.2920579774638872,0.17936424320574995,0.24698048376063228,0.0
985,77.23045204521833,28.610043118936435,35.89878650000003,39.79874732000002,38.061786011710545,0.6979893571415708,0.006298815831542015,0.7402709722518921,0.4372082305372807,0.16389184813862342,-0.28492334485054016,0.23190759122371674,-0.0956201386033443,0.07619577786110342,21.0,0.05204289580759313,618.0105391741503,3241.12631943831,0.012996973556561356,1.0956201386033444,0.4372082305372807,0.13973800805725617,0.14569960347111216,0.14212264622279858,0.0
986,77.23556781169748,28.610043118936435,37.187380039999994,42.22554151999998,39.04938016546055,0.9670904105862694,0.022531971335411072,0.7379230260848999,0.3563645747669956,0.1790431566898735,-0.27871808409690857,0.25519999861717224,-0.04835949278714364,0.0888019736091293,14.0,0.12005784044986419,2138.534267467085,4172.926186586773,0.016733507415394335,1.0483594927871436,0.3563645747669956,0.3223618366307772,0.1875871628493884,0.26845196711822167,499.9522079429402
987,77.24068357817663,28.610043118936435,35.83726214000001,39.870525740000005,38.15686093644739,1.093972315572923,-0.06878980994224548,0.7799122333526611,0.41537160773026316,0.1770169028500451,-0.3933350741863251,0.4073062539100647,-0.04508611846388432,0.10502770748615722,27.0,0.09657315549880825,891.9620564149607,3043.8077914278238,0.012205722788150596,1.0450861184638842,0.41537160773026316,0.25930417921206816,0.13682946745814317,0.21031429451049816,0.0
988,77.24579934465578,28.610043118936435,36.14146592,43.12448078,40.12585408269738,1.6554478610685397,0.04198332503437996,0.7726259231567383,0.42259949801260965,0.19620128827524191,-0.30378544330596924,0.26129570603370667,-0.05918736508018092,0.09928896033411859,6.0,0.05137312017867576,2135.199285666451,997.8468674796053,0.004001383492013218,1.0591873650801809,0.42259949801260965,0.13793962403619342,0.0448565956978392,0.10070641270085173,0.0
989,77.25091511113493,28.610043118936435,38.73232508000001,46.51515662000003,43.07100113483555,1.9609668040816695,0.009283819235861301,0.7616565227508545,0.37603956791392545,0.17613225593730572,-0.3023069202899933,0.18608394265174866,-0.05493360552871437,0.0903848653454677,8.0,0.02401899207772975,748.7184136630148,2149.772060926968,0.008620623781594644,1.0549336055287144,0.37603956791392545,0.06449230113738738,0.09663953390271328,0.07735119424351775,499.9522079429402
990,77.25603087761408,28.610043118936435,30.99734582000002,47.38504270999999,37.7828856988487,4.662564109610005,-0.18376068770885468,0.7638700008392334,0.20030581825657895,0.2851423150658994,-0.392661988735199,0.3470211923122406,0.0034276473731325386,0.13522629378445386,3.0,0.013281361657316878,1104.015244733059,983.1820728812338,0.003942577407701,0.9965723526268675,0.20030581825657895,0.03566117898479237,0.044197363521310415,0.03907565279939959,499.9522079429402
991,77.26114664409323,28.610043118936435,38.25380228000006,44.13621469999998,40.712640417500026,1.47234636384175,-0.1284198760986328,0.7978125810623169,0.5535444935581141,0.16239733028737635,-0.4178171157836914,0.3102549910545349,-0.13128487570243969,0.09488683235344597,0.0,0.0,0.0,1030.1538510392274,0.004130935064409026,1.1312848757024396,0.5535444935581141,0.0,0.046308904009846136,0.018523561603938456,0.0
992,77.26626241057238,28.610043118936435,37.888074140000015,47.80375015999999,40.733171024473705,2.404607841451308,0.15153442323207855,0.7942193746566772,0.5938503546463816,0.13573358638393038,-0.36573898792266846,0.169400155544281,-0.13745909573739035,0.09269196998479379,1.0,0.0005039463882792791,125.67186472525148,558.8429655659907,0.0022409701226918668,1.1374590957373902,0.5938503546463816,0.001353123483484572,0.025121883709764183,0.010860627573996416,0.0
993,77.27137817705153,28.610043118936435,40.36613864000003,48.418993760000035,44.29945326371712,1.9427596106347338,-0.0024195050355046988,0.7560691833496094,0.2931869774533991,0.15337229879054956,-0.25921499729156494,0.28652849793434143,0.0030778878195243968,0.07316694704336751,7.0,0.12394957119211747,4415.711700942795,1767.8864709485701,0.007089255847918666,0.9969221121804756,0.2931869774533991,0.33281134550953406,0.07947248345562459,0.23147580068797027,499.9522079429402
994,77.27649394353068,28.610043118936435,38.99038559000002,45.73584806000002,42.64096743343752,1.6087118926224835,-0.2967671751976013,0.7575218677520752,0.2972379629952567,0.23394772980133746,-0.2835610508918762,0.31204187870025635,-0.01766961370195661,0.10680960220514371,20.0,0.12364159550561431,1541.6590163341702,1212.455821509725,0.004861969172923717,1.0176696137019565,0.2972379629952567,0.33198441402745194,0.05450399491088728,0.22099224638082607,707.0729879066107
995,77.28160971000983,28.610043118936435,33.637766270000014,45.913585100000034,41.42755752835528,3.352575686256407,-0.336722731590271,0.6454278826713562,0.2205615662691886,0.229400938588674,-0.3430578112602234,0.2873495817184448,-0.027721562971148573,0.10235592993582839,7.0,0.027296014952313784,972.4223444647674,2510.983310105702,0.010069087244975511,1.0277215629711485,0.2205615662691886,0.07329128593149688,0.11287720272142415,0.08912565264746779,500.00000000016115
996,77.28672547648898,28.610043118936435,39.13906946000003,45.01635485000003,41.74195352917765,1.138801515586582,0.03347716107964516,0.7082997560501099,0.33322434810169954,0.1714102825091965,-0.24671916663646698,0.20450395345687866,-0.036568421480948465,0.08189042286504422,29.0,0.12467374460370106,1072.088723709834,4736.31685816551,0.01899271391919736,1.0365684214809485,0.33322434810169954,0.3347557905380514,0.21291348134430316,0.2860188668605521,707.0729879066107
997,77.29184124296813,28.610043118936435,41.41376177000001,44.21141114000005,43.23471754674345,0.5282516240970418,0.01480927411466837,0.6534839868545532,0.12324632075794956,0.11830143669555557,-0.1859903335571289,0.2549479603767395,0.06046065481085526,0.06138506793048438,192.0,0.15807577754921975,205.31364829649513,13805.573021057593,0.055360590672367836,0.9395393451891447,0.12324632075794956,0.4244420671458305,0.6206072570501245,0.5029081431075481,1117.948496536511
998,77.29695700944728,28.610043118936435,40.79680916000004,43.84739201000002,42.35348115677633,0.650233035442491,0.0025116612669080496,0.6692550778388977,0.2388050815515351,0.15923377073236775,-0.21214741468429565,0.19486191868782043,-0.0016353234073571991,0.07106923136676768,276.0,0.14378722060484514,129.9166845871222,17404.240359600968,0.06979131000515054,1.0016353234073572,0.2388050815515351,0.3860765139913446,0.7823795400696516,0.5445977244226674,1581.002812155421
1000,77.10255788323957,28.61453467481139,37.44031352000002,39.91154198000004,38.587667701052645,0.5793758586002333,0.04949729144573212,0.6803874373435974,0.33172029194078945,0.1399011562764952,-0.2258867472410202,0.19362950325012207,-0.022927331757127193,0.06861667284415869,2.0,0.003208090983581966,400.00958980142866,348.6128551099784,0.001397943681543074,1.0229273317571272,0.33172029194078945,0.008613898914648426,0.015671328343431722,0.011436870686161746,2915.1793849124588
1001,77.10767364971872,28.61453467481139,36.82506992000003,40.595145979999984,38.45600514736844,0.7316022625695207,0.018315019086003304,0.6747201085090637,0.2780659993489583,0.1754502859258725,-0.24414010345935822,0.23845787346363068,-0.001118759690669545,0.07768722354995011,15.0,0.01187228673612501,197.37713473532557,11634.724074604734,0.04665544820904463,1.0011187596906694,0.2780659993489583,0.03187773612222094,0.523020245770454,0.22833473998151418,2499.7786585176723
1002,77.11278941619787,28.61453467481139,36.202990279999995,42.129836960000034,40.06158565052633,1.1691282375650205,0.006859924644231796,0.6768311858177185,0.20092996162280702,0.16793976009455452,-0.1876288652420044,0.2618629038333893,0.043603202418277136,0.07983230884072386,12.0,0.008330162695995062,173.11151606241074,15969.863400367361,0.06403943316607355,0.9563967975817229,0.20092996162280702,0.022366940268557803,0.7178994385274649,0.30057993957212065,2061.284391242297
1003,77.11790518267702,28.61453467481139,39.96623030000001,43.80466676000003,41.685568434736865,0.9032473582097316,-0.0018621974159032106,0.6196156144142151,0.24775103652686403,0.16957459039100253,-0.15888670086860657,0.25967031717300415,0.0740636350397478,0.07249171682055462,15.0,0.1080121262387903,1795.7049444242996,4214.517258473492,0.01690028834530095,0.9259363649602522,0.24775103652686403,0.29001843829826435,0.18945682237036737,0.24979379192710555,1580.9419675112458
1004,77.12302094915617,28.61453467481139,39.20401184000002,44.42674640000001,41.898131183157915,1.2857902001334407,0.043984007090330124,0.6740030646324158,0.31047684518914476,0.14349993007185377,-0.46057504415512085,0.2662152647972107,0.03865469146193119,0.09664460007061751,50.0,0.24689992428948754,1231.4156667311158,0.0,0.0,0.9613453085380688,0.31047684518914476,0.6629397360449447,0.0,0.3977638416269668,1117.9102537301026
1005,77.12813671563532,28.61453467481139,38.380269020000014,44.09861648000003,40.09913096000002,1.0104591803584662,0.05945531278848648,0.6834961771965027,0.35168893914473687,0.13232491474270303,-0.24537847936153412,0.25424903631210327,0.009593154505679482,0.07081548807430676,28.0,0.09383308371314442,835.7024588763288,1899.4415039143482,0.007616793844335013,0.9904068454943206,0.35168893914473687,0.2519469373191855,0.08538632767168856,0.1853226934601867,707.0578716405372
1006,77.13325248211447,28.61453467481139,37.93592641999999,43.049284339999986,40.227015702105284,1.0833218531639197,0.0173611119389534,0.6644207835197449,0.3326652446546053,0.13602715269790144,-0.21559633314609528,0.21476329863071442,0.008044256243789405,0.06626916400078287,0.0,0.0,0.0,1452.8134154575996,0.00582580735285637,0.9919557437562105,0.3326652446546053,0.0,0.065308882680749,0.0261235530722996,500.00000000016115
1007,77.13836824859362,28.61453467481139,37.218142220000004,41.09417689999998,39.52660731894739,0.8162107025137865,0.027619464322924614,0.6219081282615662,0.2878896398711623,0.12720361217203086,-0.24521422386169434,0.22385233640670776,0.011985378600003427,0.06739169458125144,24.0,0.04613919743592176,479.41599159133904,2087.0417171999748,0.00836907399974133,0.9880146213999965,0.2878896398711623,0.12388625657751126,0.09381959252868702,0.11185959095798156,707.0578716405372
1008,77.14348401507277,28.61453467481139,36.91052042000001,42.53658134,40.289905153684224,1.5223348310423497,0.02611367218196392,0.6731517314910889,0.31074514288651317,0.12103605519932625,-0.2719205617904663,0.25744307041168213,0.05348974930612665,0.08668393156442715,11.0,0.008825388464010715,200.07594079491685,1842.2577850963523,0.007387486125939102,0.9465102506938734,0.31074514288651317,0.023696648411951227,0.08281572586983424,0.04734427939510444,1000.0000000003223
1009,77.14859978155192,28.61453467481139,37.22839628000003,42.160599140000045,39.25250962842107,1.2454786323827367,0.1023344174027443,0.6769898533821106,0.38533640008223685,0.1346687011104899,-0.20494957268238068,0.1811063438653946,0.00027123375942832547,0.08752074122357069,1.0,0.002803843635026296,699.2098092317459,293.77790450646575,0.0011780545650051195,0.9997287662405717,0.38533640008223685,0.007528472779668543,0.013206311626442306,0.009799608318378047,707.0578716405372
1010,77.15371554803107,28.61453467481139,38.77675934000001,43.99265786000001,41.47678349789476,0.991117578593977,0.07956103980541229,0.6079979538917542,0.25405209189967104,0.09299054401373183,-0.1018788069486618,0.2660406827926636,0.09511690909402412,0.052241346159673255,0.0,0.0,0.0,0.0,0.0,0.9048830909059759,0.25405209189967104,0.0,0.0,0.0,500.00000000016115
1011,77.15883131451022,28.61453467481139,34.38460364000002,41.11810304000005,38.7443357694737,1.813772783823423,0.16801337897777557,0.689500629901886,0.36230421635142546,0.11103729120155363,-0.18055248260498047,0.23746062815189362,0.10350930732593201,0.08547369655661056,0.0,0.0,0.0,0.0,0.0,0.896490692674068,0.36230421635142546,0.0,0.0,0.0,499.93082906406687
1012,77.16394708098937,28.61453467481139,33.97785926000006,40.308032300000036,35.91211995263159,1.4428440172357333,0.18767449259757996,0.7253827452659607,0.537477813185307,0.10382481391619765,-0.22932498157024384,0.1629955917596817,-0.05937577632435581,0.08546541978978363,0.0,0.0,0.0,0.0,0.0,1.0593757763243559,0.537477813185307,0.0,0.0,0.0,0.0
1013,77.16906284746852,28.61453467481139,37.019897060000005,42.051222499999994,39.33421406315791,1.3429498991820832,0.12767241895198822,0.5899934768676758,0.29796052631578945,0.09019008321102355,-0.11901222914457321,0.2522989809513092,0.11082764742667214,0.06045430511131288,0.0,0.0,0.0,0.0,0.0,0.8891723525733278,0.29796052631578945,0.0,0.0,0.0,499.93082906406687
1014,77.17417861394767,28.61453467481139,35.81333600000005,42.10249280000005,39.65107404105265,1.4680859308074745,0.09430403262376785,0.6752357482910156,0.2752283571477522,0.10269919696895077,-0.22909432649612427,0.2597416639328003,0.07609788325794956,0.08007532272418627,0.0,0.0,0.0,1628.2626916876743,0.006529362036919189,0.9239021167420505,0.2752283571477522,0.0,0.0731959217704336,0.029278368708173443,999.8616581281337
1015,77.17929438042682,28.61453467481139,35.45786192000003,39.81583741999998,37.87238087789475,0.9742579074022385,0.15026070177555084,0.7097799777984619,0.3489860534667969,0.1195377231025216,-0.2543647587299347,0.2229127287864685,0.056712826320103236,0.1043315415970852,0.0,0.0,0.0,0.0,0.0,0.9432871736798968,0.3489860534667969,0.0,0.0,0.0,999.8616581281337
1016,77.18441014690598,28.61453467481139,35.76890174000005,41.555609600000025,38.96369222947371,1.0729696098807517,0.1586380898952484,0.6770630478858948,0.3277722810444079,0.0939702044644258,-0.18096545338630676,0.25521764159202576,0.09964095266241776,0.07948424349287397,1.0,0.0007593302599304473,189.35833637701435,0.0,0.0,0.9003590473375822,0.3277722810444079,0.0020388430799962915,0.0,0.001223305847997775,499.93082906406687
1017,77.18952591338513,28.61453467481139,33.888990740000054,42.05805854000005,36.39787033052634,1.7044872016157884,0.10783808678388596,0.7388535141944885,0.5044470857319079,0.12056115466690917,-0.27728262543678284,0.17560161650180817,-0.0796947813870614,0.07573605808664344,2.0,0.018633986617640468,2323.429535332327,1008.8687498169165,0.004045581434075035,1.0796947813870614,0.5044470857319079,0.0500332683588821,0.045352066632254925,0.04816078766823123,0.0
1018,77.19464167986428,28.61453467481139,33.98127728000003,40.345630519999986,37.02207697368423,1.437273230870093,-0.03795672208070755,0.7436457872390747,0.4710879677220395,0.1260379493592014,-0.30537083745002747,0.2313879281282425,-0.06368261504591557,0.07625245209493929,0.0,0.0,0.0,0.0,0.0,1.0636826150459155,0.4710879677220395,0.0,0.0,0.0,0.0
1019,77.19975744634343,28.61453467481139,35.91245858000002,41.48041316000001,38.34516817684212,1.2963449935121116,0.05940726771950722,0.7108505964279175,0.3938499691611842,0.169043147299401,-0.2869080901145935,0.26159459352493286,-0.05283494380482456,0.08552609810697287,2.0,0.07442641766390014,9280.061242803542,0.0,0.0,1.0528349438048246,0.3938499691611842,0.19983898262773814,0.0,0.11990338957664287,499.93082906406687
1020,77.20487321282258,28.61453467481139,38.393941100000006,41.40521672,39.831244965263174,0.6689363741379623,0.00991817470639944,0.7191615104675293,0.23928783751370614,0.15586952735415555,-0.2668757140636444,0.29148799180984497,0.00835733647932086,0.08489746561331901,15.0,0.5050659150285532,8396.736481901087,727.8728623703951,0.0029187829823325425,0.9916426635206791,0.23928783751370614,1.0,0.032720349956347476,0.613088139982539,999.8616581281337
1021,77.20998897930173,28.61453467481139,37.65564877999998,41.442814940000005,39.6256981526316,0.9827703840355833,0.0009045308688655496,0.7491330504417419,0.31209194250274125,0.196151739977662,-0.35849425196647644,0.26122504472732544,-0.039470541435375546,0.11087847853218775,4.0,0.02939098546304973,1832.3476639380501,3915.707278332101,0.015702055068479045,1.0394705414353755,0.31209194250274125,0.0789163957868601,0.1760243019040387,0.11775955823373155,707.0578716405372
1022,77.21510474578088,28.61453467481139,35.45102588000003,40.09269704000002,37.68604058631581,1.3292019963977497,0.036130305379629135,0.7025147080421448,0.36727971662554826,0.17583835261555636,-0.3398705720901489,0.29062435030937195,-0.054470327276932566,0.1015246494268498,11.0,0.1206798854394656,2735.872954803744,2853.573037956313,0.011442878080253904,1.0544703272769325,0.36727971662554826,0.32403206128718876,0.12827777109845692,0.245730345211696,500.00000000016115
1023,77.22022051226003,28.61453467481139,36.09703166000003,39.723550880000005,37.77115245894739,0.7454438899728243,-0.05258980020880699,0.661777913570404,0.2808377021655702,0.18220235469357285,-0.273671418428421,0.3907979130744934,-0.025905767072711073,0.09680512406458439,2.0,0.10902214973292164,13593.724622249852,3364.803347708731,0.013492920615565005,1.025905767072711,0.2808377021655702,0.29273040635789627,0.1512593046988658,0.23614196569428408,500.00000000016115
1024,77.22533627873918,28.61453467481139,35.78257382000004,39.819255440000006,37.9905618294737,0.9969506969881345,-0.038815345615148544,0.6831582188606262,0.2783051929139254,0.1728853852082087,-0.3305194675922394,0.35212212800979614,-0.02867989791067023,0.0990943594943484,4.0,0.08591864471441875,5356.50048648803,3458.6731267709765,0.013869340080895715,1.0286798979106702,0.2783051929139254,0.23069623780658782,0.15547906913854995,0.20060937033937265,500.00000000016115
1025,77.23045204521833,28.61453467481139,36.07310552000001,40.605400040000006,38.84115145052633,1.0141222925621305,0.037072934210300446,0.7281616926193237,0.38041932223135966,0.16853134931515276,-0.292410284280777,0.29488125443458557,-0.06555468107524672,0.08335223364945636,5.0,0.023446997901331795,1169.421199159959,1185.896483617567,0.004755465760762978,1.0655546810752468,0.38041932223135966,0.0629564656388074,0.0533100627348611,0.059097904477228874,500.00000000016115
1026,77.23556781169748,28.61453467481139,37.77869750000002,43.07321048000006,39.65483068842107,1.2158133673344633,0.02512763999402523,0.786798894405365,0.3780736876370614,0.18020889966759088,-0.2851993143558502,0.2822337746620178,-0.046820228978207236,0.08501312004729038,16.0,0.15470523252072063,2411.230577524508,2129.1628310890405,0.008537980407401483,1.0468202289782071,0.3780736876370614,0.4153919702778342,0.0957130792325505,0.2875204138597207,500.00000000016115
1027,77.24068357817663,28.61453467481139,38.233294160000014,48.64116506000005,40.92713836842107,2.4233447583966554,-0.1733950972557068,0.7365010976791382,0.25087912040844296,0.2062025786158941,-0.2539868652820587,0.4601760804653168,0.009786674097964639,0.12303999719607463,16.0,0.13566360284211937,2114.4483744998497,4445.464886164971,0.01782639239501195,0.9902133259020354,0.25087912040844296,0.36426415811132806,0.19983870029207512,0.29849397498362684,500.00000000016115
1028,77.24579934465578,28.61453467481139,39.932050100000026,49.22906450000005,43.969223787894755,1.688829679828425,-0.01826522871851921,0.638350248336792,0.14851421155427633,0.12820267730453816,-0.21087351441383362,0.43401846289634705,0.06642465156421326,0.1074635113715996,23.0,0.2841360471103878,3080.7199463478387,2155.468528151635,0.0086434667153738,0.9335753484357867,0.14851421155427633,0.7629207526664059,0.09689560939438494,0.4965106953575975,500.00000000016115
1029,77.25091511113493,28.61453467481139,41.33685632000004,46.29469433,44.28477158473686,1.0617577619819116,-0.014459225349128246,0.637367844581604,0.2098974181058114,0.14980818153965006,-0.22416234016418457,0.28276365995407104,0.01685917904502467,0.08655035894633117,16.0,0.10630677444406204,1656.8938293873898,4145.10227505098,0.01662193304067713,0.9831408209549753,0.2098974181058114,0.2854394759032198,0.18633638380586043,0.24579823906427603,707.0578716405372
1030,77.25603087761408,28.61453467481139,31.439979410000007,43.849101020000035,37.267026255263175,3.1536272531426475,-0.21688312292099,0.7587388753890991,0.2905249665912829,0.313520629974661,-0.4041522443294525,0.3923490345478058,-0.038395816736054,0.14272068195197307,1.0,0.00028651913703682064,71.45084292365716,262.85048479527023,0.0010540350679098187,1.038395816736054,0.2905249665912829,0.0007693194788359141,0.011816019381033382,0.005187999439714902,499.93082906406687
1031,77.26114664409323,28.61453467481139,36.30553087999999,41.19329948000001,38.902522370000014,1.0135953830935789,0.055400557816028595,0.8168218731880188,0.5650017989309211,0.14444272345405265,-0.4131200611591339,0.1456458419561386,-0.15570391738623904,0.09150985245432493,0.0,0.0,0.0,0.0,0.0,1.1557039173862391,0.5650017989309211,0.0,0.0,0.0,0.0
1032,77.26626241057238,28.61453467481139,36.69860318000002,46.92361001000003,40.34483157105265,2.959502514888828,0.07488738745450974,0.8082447648048401,0.5821900699013158,0.1482818626801074,-0.3746448755264282,0.16730687022209167,-0.15069480494449014,0.10150238702623823,0.0,0.0,0.0,38.427685626192364,0.00015409569535383892,1.15069480494449,0.5821900699013158,0.0,0.0017274545964068063,0.0006909818385627225,0.0
1033,77.27137817705153,28.61453467481139,39.062164010000004,47.66190233000003,42.92391284789475,1.8115929786909057,0.016996046528220177,0.7904984354972839,0.4356957579495614,0.19651955587841258,-0.32547563314437866,0.4322504699230194,-0.06672641687225878,0.1090720125734335,3.0,0.02762003760926325,2295.919903960156,2245.56803283074,0.009004767314104102,1.0667264168722588,0.4356957579495614,0.07416130440270063,0.10094588723328267,0.08487513753493345,0.0
1034,77.27649394353068,28.61453467481139,40.936947980000014,47.63114015000002,44.29861533000002,1.1211052550498695,-0.009996715001761913,0.6980559229850769,0.2659141322544643,0.1797165093108265,-0.3033469021320343,0.4748687148094177,-0.0024849864414760044,0.08010997294626827,18.0,0.056720885049975585,785.8220590836522,0.0,0.0,1.002484986441476,0.2659141322544643,0.15229866380670856,0.0,0.09137919828402513,499.93082906406687
1035,77.28160971000983,28.61453467481139,41.93330080999999,47.05691279000001,44.63311861684212,1.1211530798913398,-0.01181262731552124,0.6705614924430847,0.19061801843475878,0.15760092520544555,-0.21977052092552185,0.4514435827732086,0.028952789306640626,0.07624691550862607,5.0,0.0026424899475482153,131.7944316894594,6195.572495206824,0.024844354693931453,0.9710472106933594,0.19061801843475878,0.007095229345939584,0.27851196370050785,0.1156619230877669,707.0578716405372
1036,77.28672547648898,28.61453467481139,40.00382852000001,45.67090568000003,43.62162808526318,1.0438875406552475,-0.024707412347197533,0.6858335733413696,0.14687770910430373,0.15327263384474135,-0.23048065602779388,0.22945666313171387,0.04615246153714364,0.07059922904914372,38.0,0.03333007384079208,218.7290171096419,15171.87629003372,0.060839490816007875,0.9538475384628564,0.14687770910430373,0.0894930624946895,0.6820272156975878,0.3265067237758489,1117.9102537301026
1037,77.29184124296813,28.61453467481139,38.65371062,45.70166786000004,42.09680491842107,1.8006196932622027,0.004809619393199682,0.748031497001648,0.34157423588267544,0.201725619200782,-0.35210180282592773,0.2183288335800171,-0.027771108526932566,0.08840987601727392,45.0,0.04999143797319457,277.03640160082693,4438.219942687689,0.0177973400442201,1.0277711085269325,0.34157423588267544,0.13422973210635333,0.19951301554924983,0.16034304548351194,1414.1157432810744
1038,77.29695700944728,28.61453467481139,40.285815170000006,44.80956464000002,42.152741926842126,0.8466246335120862,-0.10592129826545715,0.7271616458892822,0.3357993678042763,0.17255458695607104,-0.25766250491142273,0.20981234312057495,-0.03671619080660636,0.07106208712902906,39.0,0.06833188326219367,436.9306445508746,2473.410196031545,0.009918418396578355,1.0367161908066063,0.3357993678042763,0.18347482601970735,0.11118816401011336,0.15456016121586977,1802.6029803145261
1040,77.10255788323957,28.619026230686348,37.36169905999998,39.79532930000005,38.46393114421055,0.5462635502831894,0.06539923697710037,0.6693105697631836,0.34528600860060304,0.14041264494518832,-0.23939870297908783,0.15529009699821472,-0.03210406922457511,0.06718347575750974,8.0,0.01870133334684003,582.9567115687547,1281.8178696195773,0.005140112206012571,1.032104069224575,0.34528600860060304,0.05021409799261945,0.057622053853835564,0.05317728033710589,3161.762228767351
1041,77.10767364971872,28.619026230686348,36.18590018000003,40.56438380000003,37.533118583157915,0.8411602039779945,0.04020021855831146,0.7003058195114136,0.3638609340734649,0.18494994503087517,-0.23014168441295624,0.20911073684692383,-0.050742722896107456,0.07575384391347609,53.0,0.24607347967588739,1157.8243080575305,4587.771151992465,0.018397043024331903,1.0507427228961075,0.3638609340734649,0.6607206872721574,0.20623584883212764,0.4789267518961455,2692.1620275940977
1042,77.11278941619787,28.619026230686348,36.199572260000025,42.25288568000002,39.477125394736866,1.307071402481563,0.009803921915590763,0.6794171333312988,0.2714380739446272,0.16914188051171228,-0.24131542444229126,0.27183789014816284,0.012912677965666119,0.08752903244432529,23.0,0.04229240216279839,458.55162780975473,9041.49905446385,0.03625657026008974,0.9870873220343339,0.2714380739446272,0.11355740187930864,0.40644599968819334,0.23071284100286252,2235.7440115104305
1043,77.11790518267702,28.619026230686348,39.76798514000001,43.849101020000035,41.8349454326316,0.8202471606396772,-0.04005524888634682,0.6476025581359863,0.1579895233689693,0.12645504587300124,-0.2057064026594162,0.2965235114097595,0.07291448225054825,0.07851544500436562,40.0,0.07064826941299869,440.4486252525323,11233.498159395554,0.04504652523097182,0.9270855177494517,0.1579895233689693,0.18969444892081583,0.5049837822121801,0.31581018223736157,1802.549610361794
1044,77.12302094915617,28.619026230686348,40.53703963999999,44.491688780000004,42.722815810526335,0.827900309848334,0.0025258322712033987,0.6196503639221191,0.26307325932017545,0.1324487571756381,-0.4558058977127075,0.2879507541656494,0.06848493609512062,0.07501672173186047,24.0,0.13967362259484645,1451.2989387918906,1853.4589355365376,0.007432402936247003,0.9315150639048794,0.26307325932017545,0.37503127942194847,0.08331925551252897,0.25834646985818066,1414.0855070509956
1045,77.12813671563532,28.619026230686348,38.78359538000001,44.095198460000006,41.79715673473686,1.1543252177105778,0.07253626734018326,0.7560038566589355,0.37515290912828947,0.12655983311188676,-0.2622130215167999,0.25543197989463806,0.04332530506870203,0.07396237024970506,31.0,0.16225744532113123,1305.2588973055358,0.0,0.0,0.956674694931298,0.37515290912828947,0.4356700727311553,0.0,0.2614020436386932,1117.9934952017393
1046,77.13325248211447,28.619026230686348,37.04040517999999,41.244569780000006,39.515051660000026,0.8760294865728895,0.01736334338784218,0.6892479658126831,0.32376537657620613,0.14718653398545867,-0.2209944725036621,0.17279210686683655,0.00015289607800935445,0.06588054917080856,21.0,0.013152405098063882,156.1851015389764,2830.1718113368497,0.011349038749851943,0.9998471039219906,0.32376537657620613,0.035314923603797566,0.12722580671843722,0.07207927684965343,1000.0000000003223
1047,77.13836824859362,28.619026230686348,38.00428682000006,40.65325231999998,38.81188134736844,0.5577095513474896,-0.004240882117301226,0.6279988884925842,0.19810504043311403,0.14757446864740545,-0.23458904027938843,0.25526073575019836,0.036594323944627194,0.07415239004770256,19.0,0.011260130820996566,147.78949238259673,6022.818136812248,0.02415160667779608,0.9634056760553729,0.19810504043311403,0.03023406416905428,0.27074607029331776,0.12643886661875967,1117.9934952017393
1048,77.14348401507277,28.619026230686348,35.92954868000004,41.33685632000004,38.31071284210528,1.1673833601374417,0.03006872907280922,0.7194461226463318,0.36104445072642544,0.17962737669459886,-0.21797282993793488,0.21633237600326538,0.015296301590768915,0.0990568497578561,2.0,0.00526347222651405,656.2904160243882,1958.4781150565739,0.007853531693545862,0.9847036984092311,0.36104445072642544,0.014132709431023875,0.08804022325795845,0.04369571496179771,1414.0855070509956
1049,77.14859978155192,28.619026230686348,35.96031086000005,43.045866320000016,39.473728538947384,1.5516788264129147,0.059988681226968765,0.6455771327018738,0.3074781772546601,0.14298375862068266,-0.15272483229637146,0.2558528482913971,0.0682718002587034,0.09139643888915162,1.0,0.0026308907990903697,656.0796154113211,258.44089873062467,0.0010363525502202545,0.9317281997412966,0.3074781772546601,0.007064085000962085,0.011617793555264906,0.008885568422683215,1117.9934952017393
1050,77.15371554803107,28.619026230686348,36.72936536000003,44.12254261999999,41.747674810526334,1.5142154551498963,0.11077184230089188,0.6726639866828918,0.2871861722176535,0.09995671434530924,-0.21574224531650543,0.23355576395988464,0.07454106916461074,0.06715849243461096,0.0,0.0,0.0,0.0,0.0,0.9254589308353892,0.2871861722176535,0.0,0.0,0.0,1000.0000000003223
1051,77.15883131451022,28.619026230686348,38.38710506000001,42.65963006000004,39.7984933494737,0.9017974215134377,0.04965486377477646,0.5782192945480347,0.24872993335389254,0.06746191955804774,-0.14012332260608673,0.2607922852039337,0.14242506596080043,0.06532050074776773,5.0,0.005655660847512466,282.07661032649264,286.8604992587718,0.0011503156482757409,0.8575749340391996,0.24872993335389254,0.015185757226128409,0.012895350836178304,0.014269594670148367,707.0427535254978
1052,77.16394708098937,28.619026230686348,37.52576402,41.51801138000002,39.08165095684212,0.7397976066833298,0.037204865366220474,0.7087882161140442,0.2960511324698465,0.12198083267943029,-0.2589986026287079,0.2222640961408615,0.09534323173656799,0.08823209053932575,1.0,0.0004578405461270921,114.17419891643854,1702.442837912691,0.006826825728206445,0.904656768263432,0.2960511324698465,0.001229326787659493,0.0765305705391638,0.03134982428826122,500.00000000016115
1053,77.16906284746852,28.619026230686348,37.38904322000002,41.42572484000004,38.849691209473704,0.8911246132522677,0.09991578012704849,0.6364980936050415,0.33985535738760964,0.09356128474297243,-0.1696438044309616,0.22189033031463623,0.06991614626165021,0.06526558611388167,6.0,0.008435268986557793,350.59152046557347,1777.938704671536,0.007129565481979582,0.9300838537383498,0.33985535738760964,0.022649156379894564,0.07992436540130848,0.045559239988460135,707.0427535254978
1054,77.17417861394767,28.619026230686348,36.937864579999996,40.63274420000005,38.421168856842115,0.5316608476607394,0.11298127472400665,0.7216162085533142,0.34096731085526316,0.103522333139456,-0.22636842727661133,0.22336211800575256,0.05947425708436129,0.08385295919022719,13.0,0.03547338156436549,680.4762315058026,2087.7283183668587,0.00837182728249874,0.9405257429156387,0.34096731085526316,0.0952479603976264,0.09385045757617308,0.09468895926904508,1117.8720057552152
1055,77.17929438042682,28.619026230686348,35.30405102000003,41.036070559999985,37.99703807789476,1.2436065371638523,0.154296875,0.7042080760002136,0.35103424072265627,0.11978054394843039,-0.23617716133594513,0.2177789807319641,0.04373731885637556,0.09939704649506512,0.0,0.0,0.0,1640.7140617068687,0.006579292249731899,0.9562626811436244,0.35103424072265627,0.0,0.07375565301681807,0.029502261206727227,999.8188942258628
1056,77.18441014690598,28.619026230686348,35.73472154000001,40.195237640000016,38.332332083157915,0.9031534286481147,0.14726808667182922,0.664449155330658,0.3129949844092654,0.09597746290610933,-0.19768176972866058,0.2243693768978119,0.11381628203810307,0.07417257841023381,0.0,0.0,0.0,0.0,0.0,0.886183717961897,0.3129949844092654,0.0,0.0,0.0,499.9094471129314
1057,77.18952591338513,28.619026230686348,34.01545748000001,40.834407380000016,36.51173378315791,1.6419748615940157,0.20304955542087555,0.7635390162467957,0.4839745237116228,0.14158262137365135,-0.33579155802726746,0.20939858257770538,-0.025329199004591556,0.12505124896590278,0.0,0.0,0.0,822.5707027831328,0.0032985229882453995,1.0253291990045916,0.4839745237116228,0.0,0.03697733855779688,0.014790935423118752,0.0
1058,77.19464167986428,28.619026230686348,33.94367906000002,39.672280580000006,37.17209948000002,0.9769503625063467,0.04146711900830269,0.7683712244033813,0.4281105228892544,0.1612689862161991,-0.3423885107040405,0.219979926943779,-0.07292704264322916,0.07560698947179219,60.0,0.14633725979899145,608.2153692484687,4075.7318110708857,0.016343756259800557,1.0729270426432291,0.4281105228892544,0.39292350803209414,0.18321794654104612,0.30904128343567494,0.0
1059,77.19975744634343,28.619026230686348,35.99107304000006,39.79532930000005,38.059440752631595,0.69193333103109,0.04298543930053711,0.7131484746932983,0.3926257538377193,0.1616331717794043,-0.27525001764297485,0.19646453857421875,-0.06980520683422423,0.07654513324227968,75.0,0.19167222798357075,637.3113454650468,9008.332685097474,0.03612357253549114,1.0698052068342243,0.3926257538377193,0.514650365293713,0.4049550590740382,0.47077224280584307,499.9094471129314
1060,77.20487321282258,28.619026230686348,36.85583210000004,40.59856400000001,38.98385114000002,0.834894753127411,0.024724062532186508,0.7370191812515259,0.3568296626576206,0.17629163861016675,-0.2875615060329437,0.28835228085517883,-0.051573630885074016,0.08795666801310677,49.0,0.1797813995160941,914.9606129791383,4621.817912489167,0.01853357113285033,1.051573630885074,0.3568296626576206,0.48272284361354406,0.2077663660088556,0.3727402525716687,707.0427535254978
1061,77.20998897930173,28.619026230686348,37.29333866000002,40.63274420000005,38.96979810421054,0.7683863042910815,0.002564747352153063,0.7067646384239197,0.2778868558114035,0.180245399570535,-0.2917756736278534,0.23420186340808868,-0.028313210470634596,0.09496289064322179,25.0,0.2847198436994889,2840.085732466248,3054.6975661599586,0.012249390976391711,1.0283132104706345,0.2778868558114035,0.764488278285526,0.1373189997083508,0.5136205668546558,499.9094471129314
1062,77.21510474578088,28.619026230686348,36.33629306,40.58147389999999,38.19780177894739,1.1556273408301267,0.0007920791977085173,0.7723941802978516,0.43656301398026315,0.17967869937949674,-0.31708577275276184,0.2574111223220825,-0.09124707673725328,0.09022672862489181,40.0,0.11635535419808853,725.4042628805038,5960.638658371274,0.023902265875430137,1.0912470767372533,0.43656301398026315,0.31242045950996333,0.26795089217929086,0.29463263257769434,0.0
1063,77.22022051226003,28.619026230686348,36.18590018000003,39.115143320000016,37.78605206315792,0.6394572756279149,0.01204629521816969,0.7239404320716858,0.4288942142955044,0.16591224592680384,-0.29982978105545044,0.2949923574924469,-0.08691177635862116,0.07969562823098053,62.0,0.1475223624190922,593.362220506916,5094.270689078087,0.02042811507802873,1.0869117763586211,0.4288942142955044,0.3961055730749112,0.2290047181813686,0.3292652311174942,0.0
1064,77.22533627873918,28.619026230686348,36.58239050000003,39.86027167999998,37.93666716736844,0.6734359833942833,0.006079027429223061,0.7567508220672607,0.36087942023026315,0.17987340484474737,-0.31296345591545105,0.3995433747768402,-0.04845656010142544,0.09594390662905457,39.0,0.13430809044322653,858.7985245567519,3452.9204237755166,0.013846271640686417,1.0484565601014255,0.36087942023026315,0.36062453353666013,0.15522046565855016,0.27846290638541615,499.9094471129314
1065,77.23045204521833,28.619026230686348,36.63024278,39.81241940000001,37.92015908315791,0.6354888375989356,0.034213099628686905,0.7418583631515503,0.4399106530975877,0.17683903991369662,-0.33164966106414795,0.2597627639770508,-0.08491885536595395,0.08667008670124368,27.0,0.15904025896727791,1468.9162398030132,3719.2623895545335,0.014914307608760736,1.084918855365954,0.4399106530975877,0.42703175225224654,0.16719343893299027,0.32309642692454404,0.0
1066,77.23556781169748,28.619026230686348,36.47984989999998,39.35440472000005,37.69608300421055,0.6413154554806556,0.06266889721155167,0.7554628849029541,0.45012027138157895,0.15672232387276913,-0.3378260135650635,0.2554822564125061,-0.09560759962650768,0.07616700704877685,51.0,0.11684967303847192,571.3615981512869,7518.478950634308,0.03014923285183522,1.0956075996265078,0.45012027138157895,0.313747732503298,0.3379810886245133,0.32344107495178415,0.0
1067,77.24068357817663,28.619026230686348,36.55504633999999,46.28614928000002,40.11341680210528,1.865627255107159,-0.06129917502403259,0.7098954916000366,0.2704774020010965,0.20383218491105104,-0.3002438247203827,0.42545086145401,-0.03770750614634731,0.09560817682762615,35.0,0.263370042969763,1876.5150524269786,4373.232638832227,0.017536739812548777,1.0377075061463472,0.2704774020010965,0.7071629012077201,0.1965916161747144,0.5029343871945178,499.9094471129314
1068,77.24579934465578,28.619026230686348,38.619530420000046,47.03469566000001,43.03440590000002,1.9059799718181702,-0.042584434151649475,0.6719897985458374,0.19112302545915572,0.15070814892512602,-0.21606160700321198,0.417677640914917,0.036012217203776044,0.08845814929761467,36.0,0.18175932450218463,1259.0643332884838,1115.8901487797896,0.004474739126561305,0.963987782796224,0.19112302545915572,0.4880336798641787,0.05016304092174715,0.31288542428720606,707.0427535254978
1069,77.25091511113493,28.619026230686348,32.330373620000046,44.994137720000026,41.99733312894738,2.051504575339777,-0.18286879360675812,0.7624861001968384,0.3424158999794408,0.19764883626068938,-0.43323826789855957,0.345084011554718,-0.049817724395216555,0.10662858693630219,47.0,0.09058339204773076,480.62288254412107,1172.8681089925255,0.0047032217493305625,1.0498177243952165,0.3424158999794408,0.24322133830939868,0.05272439317753554,0.16702256025665344,500.00000000016115
1070,77.25603087761408,28.619026230686348,31.508339810000024,42.08882072000003,37.683548500526335,2.5833103268151008,-0.22057877480983734,0.7614508271217346,0.27314433850740133,0.30912580080394375,-0.4436757564544678,0.3452131450176239,-0.05177036218475877,0.1490336744277982,7.0,0.006155816879871428,219.30138494128232,117.40089475930645,0.0004707796532187554,1.0517703621847587,0.27314433850740133,0.016528703397649187,0.005277567773584671,0.01202824914802338,499.9094471129314
1071,77.26114664409323,28.619026230686348,37.56678026000003,43.70554418000006,39.85474253000002,0.8867691272351882,0.06915351748466492,0.7243838906288147,0.5097418962445175,0.12850997792956226,-0.32813242077827454,0.12084737420082092,-0.13344489917420504,0.0722870855160287,0.0,0.0,0.0,1817.3749181472551,0.007287705391751336,1.133444899174205,0.5097418962445175,0.0,0.08169715673972512,0.03267886269589005,0.0
1072,77.26626241057238,28.619026230686348,37.279666580000026,45.34619378000002,42.12185276157897,1.6618397643619904,-0.005121638998389244,0.7348121404647827,0.4803686095120614,0.10176630256400201,-0.28864774107933044,0.21174168586730957,-0.06071730228892544,0.06685318685291346,0.0,0.0,0.0,713.7476874928157,0.0028621407825933113,1.0607173022889254,0.4803686095120614,0.0,0.032085375513580275,0.012834150205432111,0.0
1073,77.27137817705153,28.619026230686348,39.06900005000006,45.32226764000001,42.44823134315791,1.3287730348396485,0.11938134580850601,0.7930938005447388,0.5340887558251096,0.11176622007347682,-0.30704474449157715,0.09200366586446762,-0.08753357468989857,0.06928164650834266,0.0,0.0,0.0,42.16962577329901,0.00016910094116931478,1.0875335746898986,0.5340887558251096,0.0,0.0018956674773353587,0.0007582669909341435,0.0
1074,77.27649394353068,28.619026230686348,40.255052990000024,45.68286875000001,42.92896668500001,1.3422451211054742,0.02236536145210266,0.7877702116966248,0.406253662109375,0.19395443622270359,-0.38482651114463806,0.2273508757352829,-0.05033689226422991,0.09940396387347078,0.0,0.0,0.0,2489.5902915997176,0.009983300864435584,1.05033689226423,0.406253662109375,0.0,0.11191551409649197,0.04476620563859679,0.0
1075,77.28160971000983,28.619026230686348,41.555609600000025,45.32739467000002,43.04862295842107,0.8671775196112321,0.014580070041120052,0.6808813214302063,0.1406457733689693,0.14019516540549437,-0.37056079506874084,0.20659469068050385,0.03099143848084567,0.07956168560554172,422.0,0.1592326710265692,94.0964960221975,20536.88969341331,0.08235328894110097,0.9690085615191544,0.1406457733689693,0.4275483891048722,0.9232027357017185,0.6258101277436108,499.9094471129314
1076,77.28672547648898,28.619026230686348,41.71283851999999,46.863794660000025,44.23228963368423,0.764316232847879,0.012507817707955837,0.6975045800209045,0.2000119500411184,0.17159151538578588,-0.2428998500108719,0.26900821924209595,0.02787136947899534,0.08346374558736899,121.0,0.10131530641961867,208.80621167290803,11071.400132244624,0.044396509290582156,0.9721286305210046,0.2000119500411184,0.27203711256056656,0.49769692697988144,0.3623010383282925,999.8188942258628
1077,77.29184124296813,28.619026230686348,39.15103253000001,44.16184985000001,42.39179697578949,1.0169965180163183,0.021508634090423584,0.7642754912376404,0.3317702765213816,0.19777792413375697,-0.3126794397830963,0.17751029133796692,-0.03349450630054139,0.08171694671027288,104.0,0.11166575985210048,267.7567379448832,2605.8993252267583,0.010449702135306702,1.0334945063005414,0.3317702765213816,0.2998286434256376,0.11714399901481656,0.2267547856613092,1499.7283413387943
1078,77.29695700944728,28.619026230686348,42.242631620000026,46.01783471000002,43.795978851578965,0.8406561821120232,0.012641954235732555,0.6704384684562683,0.2555600029125548,0.15365611127247925,-0.21616947650909424,0.2143525779247284,0.004286482292309142,0.06685343640268698,61.0,0.15517031463949396,634.3552345877356,1099.6449192277523,0.0044095954702829876,0.9957135177076909,0.2555600029125548,0.4166407410822242,0.04943276284223089,0.26975754978622685,1999.6377884517256
1080,77.10255788323957,28.623517786561305,37.187380039999994,41.883739520000006,39.066099230394755,1.1213847071257266,0.017341040074825287,0.6814051866531372,0.29489047937225876,0.18103695508280293,-0.26041895151138306,0.2903967797756195,-0.012228773685923794,0.08590974663730172,188.0,0.13769658213593441,182.6497295104992,7856.900398335279,0.03150630881038811,1.012228773685924,0.29489047937225876,0.36972281817493496,0.35319427869379033,0.3631114023824771,3353.501257836777
1081,77.10767364971872,28.623517786561305,36.59264456000005,41.07708680000002,38.33767869184212,0.6321526699419805,0.03710094839334488,0.7242937684059143,0.3195275450589364,0.1682300271687957,-0.22946429252624512,0.16969847679138184,-0.021019647163257264,0.07330361360326555,62.0,0.29602308406247585,1190.6595827256344,14112.869222978454,0.05659285384780906,1.0210196471632573,0.3195275450589364,0.7948380939213755,0.6344212619222973,0.7306713611217441,2914.9960318147046
1082,77.11278941619787,28.623517786561305,37.300174700000014,40.54387568000004,38.9068802132237,0.5620552230689972,-0.009463722817599773,0.7238543033599854,0.20111248886376096,0.17287193075164065,-0.23504868149757385,0.22729715704917908,0.03504149587530839,0.0794607854850158,286.0,0.18040335994227638,157.30129967216027,17312.32802373186,0.06942273992145828,0.9649585041246916,0.20111248886376096,0.48439284121257226,0.7782477693299806,0.6019348124595356,2499.6418131239575
1083,77.11790518267702,28.623517786561305,38.49989972000003,41.736764660000006,40.10189421223686,0.7343550579612163,-0.035163480788469315,0.6770771741867065,0.2174402926260965,0.17077596014736798,-0.2421196848154068,0.28534892201423645,0.031649362664473685,0.08983239221253171,123.0,0.17032417080284923,345.322514077314,10242.246125351327,0.04107158713704614,0.9683506373355263,0.2174402926260965,0.45732966973988903,0.4604236466093177,0.4585672604876605,2121.082900685237
1084,77.12302094915617,28.623517786561305,37.495001839999986,42.25288568000002,40.47984402243422,1.0488633873173925,-0.010701545514166355,0.7186265587806702,0.2827161287006579,0.17867090911231723,-0.2811039388179779,0.2649533748626709,0.023848587839226974,0.08466253516591075,25.0,0.06638815864075825,662.2231162761132,3423.163888109125,0.013726947409208148,0.9761514121607731,0.2827161287006579,0.1782558196097758,0.15388280861591488,0.16850661521223143,1802.6514633950997
1085,77.12813671563532,28.623517786561305,37.163453900000036,43.442356640000014,39.93934712296055,1.4441693532695605,0.01472754031419754,0.7568492889404297,0.351289276658443,0.15743706824911496,-0.3073868155479431,0.24229075014591217,0.004134344134414405,0.08677985606319837,4.0,0.018302327931838593,1141.0378829486417,746.7442805824917,0.002994457701335761,0.9958656558655856,0.351289276658443,0.04914274673456312,0.03356868410918497,0.04291312168441186,1581.103435775538
1086,77.13325248211447,28.623517786561305,36.62340674000001,42.32466410000001,38.845636940394755,1.1035079276368995,-0.011217948980629444,0.7569650411605835,0.29642363966557017,0.1979576633902421,-0.26507771015167236,0.22161853313446045,0.009062937686317845,0.08923337560962988,62.0,0.05826145370642934,234.33834012906084,4489.608707128308,0.018003409893621973,0.9909370623136822,0.29642363966557017,0.15643517450596298,0.20182311452841156,0.17459035051494243,1500.0000000004834
1087,77.13836824859362,28.623517786561305,37.84363988000001,39.50479760000002,38.715864615263186,0.4022116039336561,-0.018242122605443,0.6150676608085632,0.14487465306332237,0.12830185816705195,-0.19688907265663147,0.2090195119380951,0.045466742264597036,0.06464521649703432,93.0,0.11912690469655311,319.4336258980376,10699.289628662409,0.04290433962531131,0.954533257735403,0.14487465306332237,0.3198622234601744,0.4809692997676349,0.3843050539831586,1581.103435775538
1088,77.14348401507277,28.623517786561305,34.617029,39.26895422000001,36.83436828361844,1.0713372767299634,0.02925422415137291,0.7197149395942688,0.3915340597587719,0.18904783948044682,-0.2704540491104126,0.21203134953975677,-0.05861028838575932,0.09504241665419687,66.0,0.0835470214504763,315.6754135239625,4418.084158872159,0.017716595196905285,1.0586102883857593,0.3915340597587719,0.2243283002500229,0.1986078438810221,0.21404011770242257,1802.6514633950997
1089,77.14859978155192,28.623517786561305,35.80308194000003,44.57713927999998,38.703586727631595,1.8962036316167434,0.0400591641664505,0.7139647006988525,0.3200871624862939,0.16317480089665384,-0.20263735949993134,0.26111581921577454,0.04142992521587171,0.09442839396396518,44.0,0.07628638358715714,432.3625534525774,3610.6416957122246,0.014478736715674258,0.9585700747841283,0.3200871624862939,0.20483309237388314,0.1623105709229819,0.18782408379352264,1581.103435775538
1090,77.15371554803107,28.623517786561305,35.95005680000003,44.211411139999996,39.561183686513175,2.239793217650887,0.06185002624988556,0.7048484683036804,0.3794710286458333,0.17577136995056675,-0.19670936465263367,0.21610207855701447,0.010907062731291118,0.0965440854184677,6.0,0.004674077423303946,194.2667048580565,1694.7976618927005,0.006796168437877725,0.9890929372687088,0.3794710286458333,0.012550152302297349,0.07618689398823798,0.038004848976673604,1414.0552671234914
1091,77.15883131451022,28.623517786561305,37.05749528000001,41.33343830000001,39.19211623092108,0.9199525686853182,0.033393651247024536,0.6896131634712219,0.2883826968544408,0.1592376436110471,-0.2034175992012024,0.208872452378273,0.01674776043808251,0.07101979349387887,17.0,0.022249941830989734,326.3876224747812,3581.039062078228,0.014360029634053232,0.9832522395619175,0.2883826968544408,0.059742304931438756,0.1609798322978606,0.1002373158780075,1117.9839330779337
1092,77.16394708098937,28.623517786561305,38.099991380000006,40.51311350000003,39.47490116848686,0.5586899222886884,0.01291885320097208,0.5727260708808899,0.19791675233004385,0.09884020597214163,-0.1433492749929428,0.24719417095184326,0.10916746976082785,0.07050673639233564,4.0,0.002038138630156869,127.06544196842052,6383.6546959950765,0.025598567627702084,0.8908325302391722,0.19791675233004385,0.0054725131625191405,0.28696689552790156,0.11807026610867212,1000.0000000003223
1093,77.16906284746852,28.623517786561305,38.472555560000046,40.393482800000015,39.44172163881581,0.4814119006917663,0.17347225546836853,0.5696202516555786,0.29803179824561404,0.057780315383086193,-0.08113456517457962,0.2456885725259781,0.14360224138226427,0.04956921472592127,2.0,0.0010302281955855616,128.45681747402267,3298.569710842517,0.013227322566595949,0.8563977586177357,0.29803179824561404,0.002766218782824599,0.14828187843504484,0.060972482643712696,1117.9839330779337
1094,77.17417861394767,28.623517786561305,38.25722030000003,41.866649420000044,39.440979568684234,0.6303757943421018,0.12700842320919037,0.6457816362380981,0.31820175438596493,0.06968603823319147,-0.17454344034194946,0.21284449100494385,0.10812924033717106,0.04469583815481482,4.0,0.001549179841791849,96.58186071018064,67.56870860162151,0.00027095171011368217,0.8918707596628289,0.31820175438596493,0.004159632200613703,0.003037442259275313,0.003710756224078347,1414.0552671234914
1095,77.17929438042682,28.623517786561305,37.09851151999999,41.67524030000004,38.880671645394756,0.9426954700434228,0.09104978293180466,0.6845647692680359,0.3110059029715402,0.08670513139071238,-0.255357950925827,0.21195171773433685,0.08303186689104353,0.07280711014589561,0.0,0.0,0.0,1904.3454922140825,0.007636458923684459,0.9169681331089565,0.3110059029715402,0.0,0.08560677855211647,0.03424271142084659,1117.8337526122589
1096,77.18441014690598,28.623517786561305,36.558464360000016,40.130295260000025,38.344773332039495,0.6225114985434803,0.1487443596124649,0.6515408158302307,0.29989189281798245,0.08429106335175669,-0.19475747644901276,0.22376856207847595,0.12041972913240132,0.06952482570698806,0.0,0.0,0.0,466.9825495054725,0.0018726082383453834,0.8795802708675987,0.29989189281798245,0.0,0.020992446941305143,0.008396978776522058,707.0276335617457
1097,77.18952591338513,28.623517786561305,36.65075090000005,41.07366878000005,38.299428349605286,0.9161630352939601,0.13006030023097992,0.6332378387451172,0.3531419185169956,0.08644949337759694,-0.16565977036952972,0.25158947706222534,0.07787582665158992,0.07586388954324066,0.0,0.0,0.0,0.0,0.0,0.9221241733484101,0.3531419185169956,0.0,0.0,0.0,500.00000000016115
1098,77.19464167986428,28.623517786561305,36.55504633999999,40.79680916000001,38.17076912967107,0.8016194907699136,-0.012916907668113708,0.6869407296180725,0.37747417249177634,0.1754105442838308,-0.2611906826496124,0.2963390052318573,-0.049605745014391446,0.09470260898846226,25.0,0.13759261234943976,1372.488865366375,1829.5243304480982,0.007336424748801629,1.0496057450143914,0.37747417249177634,0.3694436536388835,0.08224331396415155,0.2545635177689907,499.8880620896652
1099,77.19975744634343,28.623517786561305,36.59264456000005,39.65177246000002,38.06183098565791,0.6608464323767056,0.045381397008895874,0.709102988243103,0.4106530119243421,0.1627777426959902,-0.2997888922691345,0.1903466284275055,-0.08678267629523026,0.08082490570959062,73.0,0.16707460190011292,570.7439243362439,7717.987479083479,0.030949265560530053,1.0867826762952302,0.4106530119243421,0.44860440035457316,0.3469496725731904,0.40794250924202,0.0
1100,77.20487321282258,28.623517786561305,36.196154240000055,39.05703698000002,37.540369309407914,0.8081805383460069,0.03535669669508934,0.7178884744644165,0.38212834943804824,0.1671054607504466,-0.2673438489437103,0.3440758287906647,-0.060919189453125,0.0863213992759989,64.0,0.14899739723074248,580.5671119207504,7662.928446320511,0.030728477870590788,1.060919189453125,0.38212834943804824,0.4000661218337112,0.344474582604325,0.37782950614195676,499.8880620896652
1101,77.20998897930173,28.623517786561305,36.640496840000026,39.313388480000015,37.977549808289496,0.610862794806239,0.012532912194728851,0.7176165580749512,0.398566680372807,0.16792585386255704,-0.3037625551223755,0.2792302072048187,-0.06854120622601426,0.08456651446759607,64.0,0.23092170422336994,899.7844888066141,5945.318123932804,0.02384083026282381,1.0685412062260142,0.398566680372807,0.62003734543635,0.2672621822764206,0.4789272801723783,707.0276335617457
1102,77.21510474578088,28.623517786561305,36.66784100000001,39.65177246000002,38.25427450644738,0.6814399192732021,0.020528580993413925,0.7481387853622437,0.37562744140625,0.18378575502997208,-0.2910365164279938,0.3586747944355011,-0.07290617290296053,0.08549336119438936,45.0,0.16627666700599703,921.4515798129326,4251.512483047956,0.017048639846638514,1.0729061729029605,0.37562744140625,0.4464619017304504,0.19111988299176222,0.34432509423497515,500.00000000016115
1103,77.22022051226003,28.623517786561305,37.132691720000025,40.78313708000002,38.45515064236844,0.7277276365153228,0.016119403764605522,0.7539842128753662,0.3543573961759868,0.18281922240817802,-0.2979893386363983,0.3060668110847473,-0.06184997023197643,0.08961695144558944,49.0,0.20941356770385378,1065.767464199286,4602.561980254546,0.01845635450585269,1.0618499702319764,0.3543573961759868,0.5622868281443778,0.20690074664862743,0.4201323955460776,499.8880620896652
1104,77.22533627873918,28.623517786561305,36.606316640000045,38.73232508000001,37.779462057105285,0.5211817198784194,0.028412507846951485,0.7578755617141724,0.43399636787280704,0.16946883453151657,-0.31437718868255615,0.21612709760665894,-0.08747657106633772,0.07412092902669835,42.0,0.1516711147837941,900.5489219049284,6420.720937872221,0.02574720390967268,1.0874765710663377,0.43399636787280704,0.40724519900021744,0.28863314861753747,0.35980037884714544,0.0
1105,77.23045204521833,28.623517786561305,36.58239050000003,39.55264987999999,37.48881792223686,0.5681202876357628,0.02753070741891861,0.7918522357940674,0.4570498389528509,0.17988201894406752,-0.3322025537490845,0.2293071746826172,-0.09951212565104167,0.08232286156057492,37.0,0.13637927102635705,919.1795696746503,5281.524721495966,0.021179007042065608,1.0995121256510416,0.4570498389528509,0.36618576614146264,0.23742242103609099,0.31468042809931396,0.0
1106,77.23556781169748,28.623517786561305,37.11901964000003,40.00724653999998,38.33219187026318,0.5730987796621775,0.03600236028432846,0.7515621185302734,0.4499820963541667,0.18454818605274323,-0.3488324284553528,0.26894229650497437,-0.08804536518297697,0.09331660805289191,48.0,0.13409441361187896,696.6636812211577,3202.406146494261,0.01284170498191768,1.088045365182977,0.4499820963541667,0.3600507996135732,0.14395900057931912,0.2736140799998716,0.0
1107,77.24068357817663,28.623517786561305,37.58045234000002,40.735284800000045,39.44433012776317,0.7146325561674741,0.004701627418398857,0.7279129028320312,0.30019184313322367,0.18656613157197968,-0.27087485790252686,0.4171312749385834,-0.023435328968784266,0.10618397179131658,15.0,0.14602475278914429,2427.666038275178,3623.7727040757245,0.014531392290203353,1.0234353289687843,0.30019184313322367,0.39208440970018305,0.16290085421439937,0.3004109875058696,499.8880620896652
1108,77.24579934465578,28.623517786561305,37.21130618000001,42.90060047000003,39.54554961805923,1.1703607322914142,-0.00602678582072258,0.7310146689414978,0.3207788300095943,0.17082396430877964,-0.2736515700817108,0.38987797498703003,-0.030453924881784538,0.09138590797894784,33.0,0.0544787636941013,411.68687904939355,1689.2854816065683,0.006774064497963938,1.0304539248817846,0.3207788300095943,0.14627844592239178,0.07593910281850352,0.11814270868083648,499.8880620896652
1109,77.25091511113493,28.623517786561305,31.034944040000028,44.86083494000002,39.0799680714145,3.8123033512065394,-0.26254546642303467,0.7863330245018005,0.4181529262609649,0.2888098742735662,-0.45659586787223816,0.5228426456451416,-0.0535443543551261,0.15243899390812926,6.0,0.04139436837073893,1720.4566409128313,0.0,0.0,1.0535443543551262,0.4181529262609649,0.11114613226559542,0.0,0.06668767935935725,0.0
1110,77.25603087761408,28.623517786561305,30.88113314000003,45.71875796000003,37.920472247335546,3.9098012821436536,-0.33474278450012207,0.7812217473983765,0.25497836999725876,0.3319149083293268,-0.5140567421913147,0.26708075404167175,-0.06875879120408443,0.16699001478686337,0.0,0.0,0.0,0.0,0.0,1.0687587912040843,0.25497836999725876,0.0,0.0,0.0,499.8880620896652
1111,77.26114664409323,28.623517786561305,37.930799390000004,48.23442068000003,43.86447086651317,2.47107678099307,0.03187251091003418,0.7337697744369507,0.3717617101836623,0.1869592560759853,-0.3656192123889923,0.15139494836330414,-0.06346958093475877,0.10189759594206758,4.0,0.08945802813949694,5577.159333020293,1618.5248627523124,0.006490313171587353,1.0634695809347587,0.3717617101836623,0.24019967495965905,0.0727581733846201,0.17322307432964348,500.00000000016115
1112,77.26626241057238,28.623517786561305,38.83486568000001,46.65871346000006,43.766590691809235,2.1469264543512296,0.011353711597621441,0.7232170104980469,0.35123815703810307,0.1858143377850052,-0.3025568127632141,0.1793600171804428,-0.04261348791289748,0.1027084456419802,23.0,0.06654059035211958,721.4604624238152,1353.5637954584633,0.00542781463073035,1.0426134879128974,0.35123815703810307,0.17866510705198768,0.06084727617321899,0.1315379747004802,499.8880620896652
1113,77.27137817705153,28.623517786561305,39.81412841000002,45.89307698000002,43.5570683145066,1.2186301125877324,0.07405339181423187,0.7301096320152283,0.43935619688870614,0.13599933664820307,-0.27135881781578064,0.157465398311615,-0.050124436763294956,0.0715295399298405,0.0,0.0,0.0,1388.373259589596,0.005567401194239794,1.050124436763295,0.43935619688870614,0.0,0.06241207946105472,0.02496483178442189,0.0
1114,77.27649394353068,28.623517786561305,41.295840080000005,45.98023649000001,43.47145134843752,1.080030296093016,0.02272249013185501,0.7087868452072144,0.27983241489955357,0.1790828048499412,-0.2569239139556885,0.2312052845954895,-0.002905529226575579,0.08399941154272368,11.0,0.011870667653243865,269.1139328621932,8432.638807239899,0.033815029958080625,1.0029055292265756,0.27983241489955357,0.03187338879655468,0.3790756697945942,0.1707543011957705,499.8880620896652
1115,77.28160971000983,28.623517786561305,42.09223874,45.04369901000001,43.44051270815792,0.6551234110360491,0.010594775900244713,0.692865788936615,0.15590248509457236,0.14081669678606376,-0.21546170115470886,0.20341633260250092,0.03568672046326754,0.0673529060197254,59.0,0.02425972609884847,102.53865199445096,17219.40183436312,0.0690501042673975,0.9643132795367324,0.15590248509457236,0.0651386850877946,0.7740704224422934,0.3487113800295941,707.0276335617457
1116,77.28672547648898,28.623517786561305,43.136443850000006,46.65016841000002,44.29040225680923,0.7209989842130885,0.0070887901820242405,0.700010359287262,0.263436279296875,0.18590006432817494,-0.274997740983963,0.347679078578949,0.004542021500436883,0.0875138386515302,76.0,0.0443090904218478,145.3894738320612,8567.042531910396,0.034353991258345075,0.9954579784995631,0.263436279296875,0.11897231962781149,0.385117572349298,0.22543042071640612,1117.8337526122589
1117,77.29184124296813,28.623517786561305,42.70748234000001,44.33787788000001,43.53799936082238,0.3135884546729518,-0.04539006948471069,0.6781035661697388,0.14042189213267545,0.14074760339046158,-0.22275719046592712,0.21341979503631592,0.038707055878220945,0.0650302934620494,633.0,0.19322179210916574,76.12128623012825,17715.155949622276,0.07103808699054429,0.961292944121779,0.14042189213267545,0.5188110293172556,0.796356248693258,0.6298291170676567,1580.8202527732271
1118,77.29695700944728,28.623517786561305,42.48189302,45.701667860000015,43.68434458555923,0.5783606220005151,-0.0074382624588906765,0.7478249669075012,0.14596102530496163,0.1571489357099447,-0.3141659200191498,0.2379562109708786,0.030733677378871983,0.07208121293341598,109.0,0.07136821625334737,163.27965218276535,13916.132521626105,0.055803936214532515,0.969266322621128,0.14596102530496163,0.19162754537550544,0.6255772809878488,0.36520743962044283,2061.1184327729293
1120,77.10255788323957,28.62800934243626,37.66590284000006,40.68059648000002,39.16857236947371,0.6868183542510914,-0.008177570067346096,0.6622478365898132,0.1728236362390351,0.1501322206375978,-0.22146768867969513,0.22191478312015533,0.040015879848547146,0.07427474963292433,279.0,0.19042542292335635,170.20583626769087,14873.13489767505,0.05964153257740123,0.9599841201514528,0.1728236362390351,0.5113026258405858,0.668597778484351,0.5742206868980919,3604.8856991214884
1121,77.10767364971872,28.62800934243626,36.838742000000025,40.478933299999994,38.84733140000002,0.6982608629678629,0.02631578966975212,0.694915235042572,0.3028260990611294,0.1563097349701041,-0.24899274110794067,0.20868319272994995,0.0017534716087475157,0.06778446606888214,182.0,0.17639495381838488,241.69545915753113,6634.890026148019,0.026606025721170542,0.9982465283912525,0.3028260990611294,0.4736300525832089,0.29826077437541326,0.40348234130009064,3201.0415952089975
1122,77.11278941619787,28.62800934243626,36.196154240000055,42.72457244000003,38.760939092631595,1.1822548117485572,0.014157013967633247,0.6930572390556335,0.2854377826891447,0.18682210093612786,-0.26281455159187317,0.2581818103790283,-0.00812100326805784,0.09410017860593803,233.0,0.22289249635939784,238.55759588816503,10192.53555679513,0.040872246882662444,1.0081210032680579,0.2854377826891447,0.5984784852734338,0.45818898821802845,0.5423626864512716,2828.050046998135
1123,77.11790518267702,28.62800934243626,37.06433132000001,40.51311350000003,39.0493437894737,0.728498453207935,0.003870967775583267,0.6688524484634399,0.16950788531387062,0.15210622340867402,-0.2499483972787857,0.19190476834774017,0.044271507932428726,0.07091854137271857,459.0,0.3582991320893182,194.66451533974083,17787.80243017184,0.0713294006554938,0.9557284920675713,0.16950788531387062,0.9620526727011998,0.799621953996431,0.8970803852192922,2499.76003367015
1124,77.12302094915617,28.62800934243626,37.71375512000003,42.76217066000004,40.65286078210528,1.3004919200457843,-0.009864364750683308,0.7069641351699829,0.2127468176055373,0.17048458404439149,-0.2665330767631531,0.3876185119152069,0.04396664803488213,0.10068300053515447,142.0,0.2552459389939122,448.25404669909966,9831.145201204785,0.03942306519942031,0.9560333519651179,0.2127468176055373,0.685349239818997,0.4419432679596084,0.5879868510752415,2235.948739815712
1125,77.12813671563532,28.62800934243626,35.909040559999994,42.639121939999995,40.254243458947386,1.6241682426938184,-0.02204553596675396,0.7610921263694763,0.2813992256030702,0.18506827548959626,-0.2975712716579437,0.4724075198173523,0.03243341278611568,0.11931471899127091,44.0,0.17537913269184294,993.9830159377117,3195.6226529329438,0.012814503053406352,0.9675665872138843,0.2813992256030702,0.47090251756497614,0.14365405957282232,0.34000313436811463,2061.520480561084
1126,77.13325248211447,28.62800934243626,35.66294312000002,40.998472340000035,38.76766931157896,1.20323491650327,0.019828641787171364,0.7709589004516602,0.31984135142543857,0.20395115068003955,-0.32897958159446716,0.26150792837142944,-0.029598388671875,0.10775711999019225,53.0,0.1423930965161734,669.9876340317497,3852.654499510655,0.015449212316224927,1.029598388671875,0.31984135142543857,0.3823332149278978,0.17318986598065622,0.29867587534900114,2000.0000000006446
1127,77.13836824859362,28.62800934243626,37.11560162000001,40.916439860000025,38.44456589157897,0.9320598043283991,0.02432146668434143,0.6394142508506775,0.22818573533442982,0.14012408144201735,-0.19894661009311676,0.2596738934516907,0.012001662672611706,0.07159863383504186,169.0,0.22190961465577136,327.44859917411395,8620.125249365157,0.034566853889132484,0.9879983373273883,0.22818573533442982,0.5958393943986973,0.3875038202526713,0.512505164740287,2061.520480561084
1128,77.14348401507277,28.62800934243626,35.49204212000001,39.45010927999999,37.657775783157916,0.8443933562593596,0.025579536333680153,0.7068248987197876,0.308147400973136,0.16914376510806178,-0.26957666873931885,0.21501243114471436,-0.028693025823225055,0.08057650720937726,115.0,0.12878146837304474,279.2603348794162,4968.084968434268,0.0199221081184766,1.028693025823225,0.308147400973136,0.34578525245154046,0.22333224273625632,0.2968040485654268,2235.5909886032864
1129,77.14859978155192,28.62800934243626,37.248904400000015,40.83098935999999,38.580450705263175,0.6341118626794626,-0.004979712422937155,0.6660380363464355,0.19234158699972587,0.1436089335093642,-0.23815862834453583,0.24491070210933685,0.029411872729920505,0.06668371022446633,440.0,0.38377346563691045,217.50837796701356,12073.939860231134,0.04841671123578156,0.9705881272700795,0.19234158699972587,1.0,0.5427644826489197,0.8171057930595679,1802.4428495607442
1130,77.15371554803107,28.62800934243626,36.493521980000025,44.74120424,40.25312175578949,1.6545032016260093,0.036253251135349274,0.7045239806175232,0.3404699064555921,0.13553437442188876,-0.27346310019493103,0.22954460978507996,0.019716920016104714,0.0799120602332982,22.0,0.03352103173756898,379.9692211090776,1752.070112250551,0.007025831971309355,0.9802830799838953,0.3404699064555921,0.09000579484181062,0.07876148457328,0.08550807073439837,1414.0250234990674
1131,77.15883131451022,28.62800934243626,36.79772576000005,46.23146096000005,40.65923120947371,2.340723071406924,0.00917431153357029,0.6652706265449524,0.325638427734375,0.16696868647394048,-0.2388192117214203,0.4210648834705353,0.005713576601262678,0.07888495838348732,3.0,0.03174620224977347,2638.907978747817,0.0,0.0,0.9942864233987373,0.325638427734375,0.08524028105905068,0.0,0.051144168635430406,1117.974369907856
1132,77.16394708098937,28.62800934243626,37.04382320000002,43.78415863999999,40.2667620894737,1.2927608835366906,-0.00036015271325595677,0.6552773714065552,0.26393372652823466,0.11595953847816853,-0.1810106635093689,0.2649911940097809,0.07864561917489035,0.08449648093901264,6.0,0.02977748306232595,1237.6289456916168,2299.2018341171006,0.009219839800750505,0.9213543808251097,0.26393372652823466,0.07995416287886521,0.10335690822101926,0.08931526101572683,1000.0000000003223
1133,77.16906284746852,28.62800934243626,37.51892798000006,40.458425180000006,39.03326957157896,0.6766173434050972,0.130529522895813,0.6391894221305847,0.2765232875890899,0.05581622557512676,-0.18195991218090057,0.22215859591960907,0.1394336579975329,0.049925979490199945,0.0,0.0,0.0,1139.6946604423006,0.004570195637080195,0.8605663420024671,0.2765232875890899,0.0,0.051233134330094285,0.020493253732037715,1000.0000000003223
1134,77.17417861394767,28.62800934243626,37.183962020000024,39.819255440000006,38.34609940210528,0.546117412184273,0.08047442883253098,0.6957265138626099,0.33700972707648025,0.10838369005760169,-0.2655813992023468,0.2030942291021347,0.07065054374828673,0.09138153232593008,1.0,0.0006881155725396486,171.599140620525,2215.4538995559183,0.008884009109925425,0.9293494562517133,0.33700972707648025,0.0018476277679736564,0.09959215496721718,0.04094543864767107,1000.0000000003223
1135,77.17929438042682,28.62800934243626,35.47153400000002,40.93352995999999,38.37771873263159,0.9794482119867266,0.08833599835634232,0.6738421320915222,0.3312278965541295,0.08340822854755783,-0.1951560378074646,0.19994592666625977,0.10737876892089844,0.05994673924621232,3.0,0.0032319119327023304,268.6531799525506,344.03144434481413,0.0013795721437818106,0.8926212310791015,0.3312278965541295,0.008677859459665357,0.015465378415525673,0.011392867042009484,1117.974369907856
1136,77.18441014690598,28.62800934243626,35.85777026000005,39.62442829999998,38.27168603789475,0.7126405946050565,0.14676198363304138,0.6356192231178284,0.3422327730948465,0.07944525711465747,-0.1743355542421341,0.2160300612449646,0.09406062611362391,0.0585491028725777,0.0,0.0,0.0,1021.471117082831,0.00409611714850333,0.9059393738863761,0.3422327730948465,0.0,0.045918585716200805,0.018367434286480324,1117.974369907856
1137,77.18952591338513,28.62800934243626,37.330936880000024,39.80900138000004,38.352967188421076,0.5724049112432242,0.10092464834451675,0.6500079035758972,0.34418358518366227,0.09911535021501354,-0.17045053839683533,0.23235130310058594,0.06066915947094298,0.07692155900730717,0.0,0.0,0.0,693.690262555951,0.002781710155760377,0.939330840529057,0.34418358518366227,0.0,0.0311837263422949,0.01247349053691796,999.7333479887993
1138,77.19464167986428,28.62800934243626,35.54673044000003,40.33537646000002,38.57557235473686,1.0932263599083363,0.06507790833711624,0.7305448651313782,0.3556958221970943,0.14740833100896025,-0.2863532304763794,0.23133276402950287,0.015121553655256305,0.11710308093707571,24.0,0.07817243257960206,812.2619456548922,2474.885285713538,0.009924333532151887,0.9848784463447436,0.3556958221970943,0.2098972365805588,0.11125447428640892,0.17044013166289884,499.86667399439966
1139,77.19975744634343,28.62800934243626,36.20982632000005,39.59708413999999,37.73978709894739,0.6404864894811054,0.026974007487297058,0.685646653175354,0.4000562380071272,0.15210129435414385,-0.30099403858184814,0.36653852462768555,-0.08537699381510416,0.08890454455298663,73.0,0.16826711445163808,574.8176691528535,6204.136843101808,0.02487869787964832,1.085376993815104,0.4000562380071272,0.4518063614666043,0.2788969601398025,0.3826426009358836,0.0
1140,77.20487321282258,28.62800934243626,36.312366920000045,39.511633640000014,38.22690256842107,0.7875103579815513,0.02480292320251465,0.7089002728462219,0.35454277172423243,0.15457890668438473,-0.35401201248168945,0.3112800419330597,-0.05969835783305921,0.08874190566149855,80.0,0.16223731850264944,505.72508352201504,6273.371968631941,0.025156331950959766,1.0596983578330592,0.35454277172423243,0.43561603112798297,0.28200931348299496,0.37417334406998776,499.86667399439966
1141,77.20998897930173,28.62800934243626,36.739619420000054,39.44669126000002,38.189907528421074,0.5273890460353674,-0.05892937630414963,0.7151317000389099,0.35742804276315787,0.18700703547327524,-0.2891399562358856,0.567052960395813,-0.06331083598889803,0.09884195971050772,77.0,0.15181321990634977,491.66873053208406,8191.284896839918,0.032847196531648526,1.063310835988898,0.35742804276315787,0.4076267589893863,0.36822599422638813,0.391866453084187,999.7333479887993
1142,77.21510474578088,28.62800934243626,37.02331508000003,40.00382852000001,38.3346918926316,0.4905356121679552,-0.022548770532011986,0.7332317233085632,0.3390990354303728,0.19138438575749903,-0.2813209891319275,0.3325892984867096,-0.054664338764391446,0.1000936002482441,57.0,0.2004381834737447,876.9186865466274,7078.686294862621,0.028385656565667796,1.0546643387643915,0.3390990354303728,0.5381874329358398,0.3182109194795641,0.45019682755332957,1000.0000000003223
1143,77.22022051226003,28.62800934243626,37.033569140000054,40.76262896000003,38.48940227157897,0.7721344124113736,0.0025438820011913776,0.7146883606910706,0.3027441620408443,0.18075179718481643,-0.2865692973136902,0.46082013845443726,-0.0419092439350329,0.09497706098592323,54.0,0.20857571266966643,963.2160232837554,6339.43571348529,0.025421248729968614,1.0419092439350328,0.3027441620408443,0.5600371417712187,0.28497910252553305,0.45001392607294444,707.0125117495337
1144,77.22533627873918,28.62800934243626,36.96179072000001,40.70794064000006,38.69592263789476,0.954562452184823,-0.028918590396642685,0.7078085541725159,0.2941981479577851,0.17072390432497897,-0.2707182466983795,0.39878129959106445,-0.019514824047423246,0.0919893471571418,62.0,0.16617326060447946,668.3795818089985,7374.070252303058,0.029570151431190694,1.0195148240474232,0.2941981479577851,0.44618424991372874,0.3314894286239587,0.40030632139782074,500.00000000016115
1145,77.23045204521833,28.62800934243626,37.50525590000001,40.57463786000005,39.0033010494737,0.792955072003649,0.015400610864162445,0.7219668626785278,0.36211181640625,0.16471034683883226,-0.2894524335861206,0.35742825269699097,-0.04755206727145011,0.08056326830217915,83.0,0.17019900036029148,511.3669252317948,8436.51173191512,0.033830560454158026,1.04755206727145,0.36211181640625,0.45699358028830794,0.3792497708736139,0.42589605652243034,500.00000000016115
1146,77.23556781169748,28.62800934243626,37.52576402,40.12345922000003,38.7522088557895,0.5963354289451852,0.021281035616993904,0.729496419429779,0.3718263003700658,0.18512316205178267,-0.2995871901512146,0.1874159723520279,-0.06352556195175439,0.09174514885954341,94.0,0.15544925302057874,412.39606061955055,9171.002684277428,0.036775882093778925,1.0635255619517543,0.3718263003700658,0.417389705818691,0.412267626385908,0.4153408740455778,500.00000000016115
1147,77.24068357817663,28.62800934243626,37.101929540000015,41.22406166000002,39.237366635789485,0.870368334300512,0.0029576076194643974,0.7496102452278137,0.3313855194627193,0.19721195213149512,-0.302847295999527,0.2694053649902344,-0.05014996980365954,0.09756487568190254,35.0,0.10807570541541739,770.0408358021887,3798.1191932756037,0.015230524778875636,1.0501499698036596,0.3313855194627193,0.2901891518482681,0.17073831929271363,0.2424088188260463,707.0125117495337
1148,77.24579934465578,28.62800934243626,36.87975824,41.767526840000016,38.994126364210544,0.9452419775851647,-0.003016748232766986,0.7277719974517822,0.319522919236568,0.16887494008865042,-0.2860291004180908,0.35422277450561523,-0.04790560002912555,0.08628249841446015,16.0,0.14455917695435713,2253.0944949611617,4084.160095939375,0.016377553830387657,1.0479056000291256,0.319522919236568,0.3881492588091343,0.18359682648655015,0.30632828588010064,499.86667399439966
1149,77.25091511113493,28.62800934243626,36.278186720000036,44.63866364000003,39.581501990000014,1.566380066112267,-0.11909036338329315,0.7737972140312195,0.4384866707785088,0.1893411299495782,-0.4224376678466797,0.33087071776390076,-0.1024133943256579,0.09641656783865708,3.0,0.015325878883269495,1273.9660557877016,3122.2647649547807,0.012520336632153569,1.102413394325658,0.4384866707785088,0.041150819024224655,0.14035637409669782,0.08083304105321393,0.0
1150,77.25603087761408,28.62800934243626,30.898223239999993,47.273957060000015,36.95195994421054,4.578340647283071,-0.3638409674167633,0.7872490882873535,0.031484814024808114,0.28426180682701835,-0.5004224181175232,0.44954127073287964,0.04983371667694627,0.17030866145228982,0.0,0.0,0.0,1501.0594104582142,0.006019274641518432,0.9501662833230538,0.031484814024808114,0.0,0.06747770353123564,0.026991081412494258,499.86667399439966
1151,77.26114664409323,28.62800934243626,36.70202120000005,46.682639600000016,41.29960730947371,1.944703435909886,0.056239016354084015,0.7764960527420044,0.459384765625,0.1475693634288955,-0.4711616635322571,0.15226192772388458,-0.10166162323533443,0.08387585634562277,0.0,0.0,0.0,3252.0857828601947,0.013040921197674282,1.1016616232353345,0.459384765625,0.0,0.14619226846391054,0.058476907385564214,0.0
1152,77.26626241057238,28.62800934243626,37.99403275999998,46.34767364000004,41.52375217210528,2.121959503125871,0.14408770203590393,0.7721233367919922,0.5178335731907895,0.14729612716672916,-0.35807496309280396,0.12594617903232574,-0.10885960629111842,0.09265666504857857,0.0,0.0,0.0,1338.3105542490794,0.005366648865156434,1.1088596062911185,0.5178335731907895,0.0,0.06016159132887094,0.024064636531548375,0.0
1153,77.27137817705153,28.62800934243626,39.43643720000003,45.33935774,43.2428522094737,1.231133760755263,0.006717044394463301,0.7516705393791199,0.42029108415570177,0.17892033160018767,-0.27105432748794556,0.22253040969371796,-0.046314831114651865,0.08466548442022394,15.0,0.007682212414649048,127.71701935211837,7032.103437524508,0.028198858488289114,1.046314831114652,0.42029108415570177,0.020627158493727732,0.316116862298883,0.13882304001578982,0.0
1154,77.27649394353068,28.62800934243626,41.18646344000001,45.611090329999996,43.61801047500002,0.9450556970272267,0.0057240985333919525,0.6574455499649048,0.17673260280064174,0.17204006370803346,-0.3442176878452301,0.2564593255519867,0.03798526218959263,0.08504830602812215,191.0,0.1209175481358018,157.87366360295815,14527.855296023241,0.05825695530086166,0.9620147378104074,0.17673260280064174,0.32467019856337564,0.6530762911712461,0.45603263560652385,499.86667399439966
1155,77.28160971000983,28.62800934243626,42.80318690000004,44.39085719000002,43.639464223684236,0.3191970139469424,0.0027624310459941626,0.6167192459106445,0.09763147186814693,0.09183983534578352,-0.18726746737957,0.22685116529464722,0.0691626619037829,0.05203123205742478,147.0,0.08181847424931532,138.7994559942779,22846.2362128126,0.09161380910829121,0.9308373380962172,0.09763147186814693,0.21968705692612742,1.0,0.5318122341556765,999.7333479887993
1156,77.28672547648898,28.62800934243626,41.22577067000003,47.12527319000003,43.35812837315791,1.1838308417455605,0.010797897353768349,0.7316094636917114,0.25621072334155703,0.1685321580838134,-0.22665543854236603,0.26042577624320984,0.006125446118806538,0.07621521974791262,73.0,0.0660897102203013,225.76920812854223,9170.259442059816,0.03677290167941171,0.9938745538811935,0.25621072334155703,0.17745446935561862,0.41223421513138847,0.2713663676659266,1414.0250234990674
1157,77.29184124296813,28.62800934243626,42.64083095000001,45.23852615000004,44.172035126315805,0.33340736478685135,-0.006101854145526886,0.6688634753227234,0.07280509011787281,0.05739374550901488,-0.18667171895503998,0.21410256624221802,0.07360480592961897,0.04025302904999407,20.0,0.010140873958280304,126.44425775451369,11801.814459743586,0.04732548359278792,0.9263951940703811,0.07280509011787281,0.027228798568949743,0.5305315243999106,0.2285498889013341,1802.4428495607442
1158,77.29695700944728,28.62800934243626,42.69039224000005,46.752709010000046,44.12849505421054,0.5572371371649998,-0.013174929656088352,0.5579304695129395,0.09360431871916118,0.10527006740834954,-0.1373617798089981,0.22572140395641327,0.061476119192023025,0.05412606760043728,56.0,0.027007075212029524,120.26610587982502,13922.591266480355,0.05582983589501575,0.938523880807977,0.09360431871916118,0.07251546700118262,0.6258676234402677,0.2938563295768166,2235.5909886032864
1160,77.10255788323957,28.632500898311218,37.495001839999986,43.011686120000036,38.86898238736844,0.8171651127330573,-0.013562386855483055,0.668381929397583,0.20999083401864035,0.18652991987933756,-0.22314049303531647,0.22108495235443115,0.02212812992564419,0.08623184213283432,35.0,0.029430148468166717,209.69019852427192,13681.873917791572,0.05486455509224351,0.9778718700743558,0.20999083401864035,0.07902155058733117,0.6150465634765662,0.29343155574302515,3904.4117410350236
1161,77.10767364971872,28.632500898311218,38.07948326000002,43.23727544000002,39.7007781894737,0.8354356340119434,0.02429906465113163,0.719741940498352,0.2487840083607456,0.1841381210287394,-0.256134957075119,0.18042483925819397,0.030299602307771383,0.07797642683757572,35.0,0.03072429800320422,218.9110311413971,6675.668851432089,0.02676954952791206,0.9697003976922286,0.2487840083607456,0.08249641253242647,0.3000939206610959,0.16953541578389425,3534.9869404455762
1162,77.11278941619787,28.632500898311218,36.27476869999998,42.64253996000002,39.10103737368423,1.2980854062442015,-0.01886792480945587,0.7002785801887512,0.3143878923382675,0.18391512855618994,-0.2982456088066101,0.21663151681423187,-0.00034543890702097037,0.08754889308607756,217.0,0.16228694824539788,186.49946139132956,10996.007047982333,0.04409418169642828,1.000345438907021,0.3143878923382675,0.43574928968872295,0.4943077525390088,0.4591726748288373,3201.175550987285
1163,77.11790518267702,28.632500898311218,37.17028994000003,39.836345540000025,38.47090475157897,0.6168871764746944,0.03564131632447243,0.6710609197616577,0.27967760587993423,0.1683722774333484,-0.22785410284996033,0.2267845869064331,-0.001843711116857696,0.07818566980267398,213.0,0.2783722111370247,325.9117347046832,11099.757275283655,0.04451022193300758,1.0018437111168577,0.27967760587993423,0.7474445393391489,0.4989716765851595,0.6480553942375531,2915.2371706065455
1164,77.12302094915617,28.632500898311218,37.00964299999998,41.42914286000001,38.21119872421055,0.7459640315981804,0.03455410897731781,0.6696291565895081,0.35838413171600875,0.1638165602544002,-0.22652658820152283,0.17875920236110687,-0.03531243039850603,0.06969058458303268,104.0,0.18248977078134607,437.5814555638252,7612.532981747326,0.03052639117113076,1.035312430398506,0.35838413171600875,0.48999496788358904,0.3422091358178116,0.430880635057278,2692.4674978656117
1165,77.12813671563532,28.632500898311218,38.325580700000046,42.669884120000006,40.67396150000001,0.9322843186907592,-0.018819503486156464,0.64946049451828,0.22444862767269738,0.14998300333852158,-0.2148503065109253,0.3533020615577698,0.04220477723238761,0.08240443032989549,66.0,0.27497467614656346,1038.968751897848,4169.557163583882,0.01671999757388726,0.9577952227676124,0.22444862767269738,0.738321972954159,0.18743571385690008,0.5179674693152554,2549.479418777233
1166,77.13325248211447,28.632500898311218,37.395879260000015,42.44087678000005,40.377440328421066,0.9797014641687,0.0,0.6758846044540405,0.2024524996573465,0.14499100871538695,-0.27424824237823486,0.30833593010902405,0.025117851391173247,0.07927191274904882,66.0,0.1928885990301673,728.8133940118906,1890.3384932924082,0.007580290611607275,0.9748821486088267,0.2024524996573465,0.5179163877636833,0.08497711651874595,0.3447406792657084,2500.000000000806
1167,77.13836824859362,28.632500898311218,36.68151308000006,40.79339114000004,39.2931449126316,0.9680143436713625,-0.03412073478102684,0.592249870300293,0.21633322197094298,0.14250508063804562,-0.2247191071510315,0.2563488185405731,0.0031589574981154057,0.07571522034430968,196.0,0.3065640247707029,390.0487046720928,6203.117783369167,0.024874611432193848,0.9968410425018845,0.21633322197094298,0.8231410934904806,0.2788511499539826,0.6054251160758813,2548.7511979628193
1168,77.14348401507277,28.632500898311218,36.62682475999998,39.573158000000035,38.06150426315791,0.6818219299046735,0.024624625220894814,0.5940653085708618,0.18959305612664473,0.1262266011141567,-0.21188920736312866,0.175508052110672,0.007113347639117325,0.0592426911845932,128.0,0.0812722125559009,158.33824818402036,11724.967310637316,0.0470173251730308,0.9928866523608827,0.18959305612664473,0.21822031454503615,0.5270769848204074,0.3417629826551847,2060.9524274555392
1169,77.14859978155192,28.632500898311218,36.29869484000005,39.74747702000002,38.433983786315814,0.6445873066657528,0.01328447088599205,0.6826003789901733,0.272731719435307,0.1607075811926612,-0.2380952388048172,0.20174959301948547,-0.006075499685187089,0.08025989577922946,159.0,0.12025855195247873,188.6134104953464,7524.251741441472,0.030172381844522825,1.006075499685187,0.272731719435307,0.32290075794048345,0.33824059511967247,0.3290366928121591,1580.698504105761
1170,77.15371554803107,28.632500898311218,37.050659240000016,44.04392816000001,40.62532614421055,1.672952061061636,0.08062130212783813,0.6524216532707214,0.33375312671326757,0.13429199252517773,-0.2028513252735138,0.3521960973739624,0.005142025529292592,0.07986208356737762,23.0,0.11747264256255478,1273.6867313144999,0.0,0.0,0.9948579744707075,0.33375312671326757,0.31542043958511673,0.0,0.18925226375107004,1117.7572308237782
1171,77.15883131451022,28.632500898311218,37.61121452000003,46.26905918,42.24978512315791,2.2336540026279126,0.028938906267285347,0.6643648743629456,0.2353432103207237,0.10150445266576096,-0.16413117945194244,0.2815220355987549,0.04840925250137061,0.07030906749407873,5.0,0.025553780060234253,1274.4971551096367,0.0,0.0,0.9515907474986294,0.2353432103207237,0.06861329041243275,0.0,0.041167974247459646,706.9973880891152
1172,77.16394708098937,28.632500898311218,36.74645545999999,43.36716020000006,39.09451879684212,1.3967317013582512,0.0322340689599514,0.7274646759033203,0.34471341317160087,0.13491866288947654,-0.21272146701812744,0.21253374218940735,-0.005017703541538171,0.06287092429722094,7.0,0.022791572793590082,811.9512935753135,1096.3712438355521,0.004396467974372071,1.0050177035415382,0.34471341317160087,0.061196613548232984,0.04928560004771835,0.05643220814802713,500.00000000016115
1173,77.16906284746852,28.632500898311218,36.80114378000002,38.588768240000036,37.84377744736844,0.37140871920329604,0.0356164388358593,0.7079125642776489,0.39990380002741227,0.14108979824154297,-0.24637183547019958,0.191216841340065,-0.03976576420298794,0.07003225459219029,56.0,0.12056216900057212,536.8794091285295,4351.959011488209,0.017451432192668582,1.039765764202988,0.39990380002741227,0.3237159862411847,0.1956352945868064,0.27248370957943335,500.00000000016115
1174,77.17417861394767,28.632500898311218,35.60483678000003,40.068770900000004,37.504917272631594,0.9697372004625173,0.013758598826825619,0.7313519716262817,0.3879296875,0.15947902551749835,-0.29992783069610596,0.2005193531513214,-0.04291871187979715,0.0827707520955179,88.0,0.11750744276003286,332.99401290509974,6192.884174096515,0.02483357447898806,1.0429187118797971,0.3879296875,0.31551388000959973,0.2783911145631491,0.30066477383101947,500.00000000016115
1175,77.17929438042682,28.632500898311218,35.07846170000005,40.80022717999998,37.42309643473686,0.8116226028723761,0.039598822593688965,0.723938524723053,0.30714643205915176,0.16290441477335108,-0.2512979209423065,0.15619432926177979,-0.029803897312709264,0.07476990340500467,307.0,0.24576426433462,199.63380328224804,14886.551112401534,0.05969533183446304,1.0298038973127093,0.30714643205915176,0.6598904272495562,0.6692008827675777,0.6636146094567648,706.9973880891152
1176,77.18441014690598,28.632500898311218,34.50081632000001,39.54581384000005,37.23216350947371,1.2931427010277605,0.036468081176280975,0.6931855082511902,0.3937537691885965,0.16138234151696415,-0.25564804673194885,0.205933079123497,-0.013173549719024123,0.09749326789956966,57.0,0.0757665690371747,331.47935714018627,1348.146369564628,0.005406090657596526,1.0131735497190242,0.3937537691885965,0.20343736201248525,0.06060374453428469,0.14630391502120502,706.9973880891152
1177,77.18952591338513,28.632500898311218,37.23523232000002,40.83098935999999,38.719076284210544,0.790263981013431,0.1095861941576004,0.692307710647583,0.3939417146381579,0.12166910597104154,-0.25496768951416016,0.1890634149312973,-0.0018677393595377604,0.09211165300440793,1.0,0.00013635726151911768,34.00415544686798,2776.352553373437,0.01113322257866814,1.0018677393595377,0.3939417146381579,0.0003661266694164971,0.12480644882505598,0.05014225553167229,500.00000000016115
1178,77.19464167986428,28.632500898311218,36.937864579999996,41.94526388000003,39.58541207789476,1.1528705647236115,0.1004827693104744,0.696600079536438,0.306219482421875,0.09288678897667359,-0.2459116280078888,0.21412208676338196,0.0752593779982182,0.06799260627138567,1.0,0.00038153622410245906,95.14577315834487,462.91401302964266,0.0018562933355064748,0.9247406220017818,0.306219482421875,0.001024445529604557,0.020809552449448716,0.008938488297542221,706.9973880891152
1179,77.19975744634343,28.632500898311218,36.53112020000003,41.292422060000035,38.42917951052633,1.0261999332640488,0.036081116646528244,0.7175062894821167,0.3715101596765351,0.15240239138700565,-0.31847724318504333,0.20255409181118011,-0.04727094148334704,0.0961643631876533,78.0,0.15349575387191466,490.7445505177858,4751.957382106084,0.01905543269533615,1.047270941483347,0.3715101596765351,0.41214445427110064,0.21361657585887206,0.33273330290620917,500.00000000016115
1180,77.20487321282258,28.632500898311218,37.63855868000002,39.904705939999985,38.64750950631581,0.5635402889316374,-0.029084889218211174,0.6799525618553162,0.3371109169407895,0.1502552889085952,-0.3027874827384949,0.21363578736782074,-0.05824944211725603,0.0833913910553592,162.0,0.2526200957662691,388.87193676750456,10126.284363369832,0.04060657843158262,1.0582494421172561,0.3371109169407895,0.6782987078221216,0.455210772727425,0.5890635337842429,706.9973880891152
1181,77.20998897930173,28.632500898311218,37.149781820000044,40.048262780000016,38.405486176842125,0.6119982662143532,-0.006407895591109991,0.7375715374946594,0.3521432976973684,0.18715128623217664,-0.2821258008480072,0.25810229778289795,-0.05159423292728892,0.08949435007650937,127.0,0.22658121553991334,444.9117787517276,6465.727524135142,0.025927681112311193,1.051594232927289,0.3521432976973684,0.608382897058541,0.2906563470756687,0.48129227706539207,1117.7572308237782
1182,77.21510474578088,28.632500898311218,37.93592641999999,40.998472340000035,39.39925168210528,0.7922226603735484,0.0045518758706748486,0.7012635469436646,0.2796119449013158,0.16326064277019356,-0.2726673185825348,0.20679724216461182,-0.026582507752535636,0.08107275627607105,67.0,0.2442026912438496,908.9277551132409,5517.138787632581,0.022123823592030304,1.0265825077525357,0.2796119449013158,0.6556975185008421,0.24801407116784838,0.4926241395676446,1413.9947761782305
1183,77.22022051226003,28.632500898311218,38.02137692000002,41.66156822000005,40.405303011578965,0.8652762403341809,8.563843584852293e-05,0.7032184600830078,0.22364446271929825,0.1599123010483383,-0.2590124309062958,0.26070839166641235,-0.006949406004788583,0.08640829743151097,49.0,0.3724262549141816,1895.3871501890264,3618.0735455787903,0.014508538564375062,1.0069494060047885,0.22364446271929825,0.9999847664575696,0.16264465774092585,0.665048722970912,1117.7572308237782
1184,77.22533627873918,28.632500898311218,37.806041660000005,41.27874998000004,39.73215413157896,0.8488676166810346,-0.048465266823768616,0.6780266165733337,0.2508289645010965,0.15288147868478877,-0.2445201575756073,0.41614067554473877,-0.0005442736441628975,0.08791192652064572,68.0,0.1814884302585283,665.5700238310043,5466.927535685891,0.021922475588443062,1.000544273644163,0.2508289645010965,0.4873063140745681,0.24575690536269437,0.3906865505898186,706.9973880891152
1185,77.23045204521833,28.632500898311218,37.94618048000001,41.059996700000056,39.45811993368423,0.8240298887195523,-0.056288715451955795,0.7244457006454468,0.3172426672149123,0.1688194008986997,-0.26742830872535706,0.3820105791091919,-0.022573978357147754,0.08222772657652194,62.0,0.14038123360768848,564.6392799372492,8189.693692653333,0.03284081577486898,1.0225739783571477,0.3172426672149123,0.3769312535083154,0.36815446420991316,0.3734205377889545,500.00000000016115
1186,77.23556781169748,28.632500898311218,37.071167360000004,40.24992596000004,38.42837527052633,0.7189011091379417,0.02509629912674427,0.7009266018867493,0.35091000205592104,0.17225557736898162,-0.2822284698486328,0.26882025599479675,-0.04971167848821272,0.08974633639116157,52.0,0.14790589255116424,709.3096283906439,3868.974039844445,0.015514653960045297,1.0497116784882128,0.35091000205592104,0.39713537235594704,0.17392348458145057,0.3078506172461485,706.9973880891152
1187,77.24068357817663,28.632500898311218,36.872922200000005,39.53555978000003,38.1520447557895,0.7082292882484771,0.017709562554955482,0.7596955895423889,0.38716873972039473,0.17682136572298848,-0.2895564138889313,0.2285890281200409,-0.07373853716933937,0.08548934181537718,32.0,0.11998088432737773,935.0090242418152,1895.6917122702876,0.007601757113878634,1.0737385371693393,0.38716873972039473,0.3221552052530033,0.08521776183938444,0.22738022788755574,706.9973880891152
1188,77.24579934465578,28.632500898311218,36.96520873999998,43.31930792000003,39.510734161052646,1.3220301262163472,0.011377827264368534,0.7146345376968384,0.33262371933251095,0.1652891096295661,-0.2277122586965561,0.2411506623029709,-0.034252801192434214,0.07845963130862085,25.0,0.028127463011925653,280.5719662973585,4210.198142420743,0.016882968613950576,1.0342528011924341,0.33262371933251095,0.0755237692291746,0.18926266347799187,0.12101932692870151,500.00000000016115
1189,77.25091511113493,28.632500898311218,35.93125769000005,47.10647408,41.927390704210545,2.1954230766225358,-0.011255287565290928,0.7410222291946411,0.2616934150561952,0.17155434176142967,-0.272905558347702,0.28840625286102295,-0.0176956069678591,0.08009621030277225,11.0,0.2340749634906594,5306.595707136302,1089.7840142591103,0.004370053067892631,1.017695606967859,0.2616934150561952,0.6285040182081373,0.0489894817719496,0.39669820363366215,500.00000000016115
1190,77.25603087761408,28.632500898311218,31.168246820000036,42.71944541000005,35.75148359473686,2.400233779375371,-0.32602739334106445,0.7938469052314758,0.3708386444627193,0.38642827727652707,-0.5110242366790771,0.34580251574516296,-0.11310626113623903,0.18468355145475723,6.0,0.004473604131916035,185.93451816046232,96.5906583087956,0.00038733023897316945,1.113106261136239,0.3708386444627193,0.012011870602700968,0.004342077175518449,0.00894395323182796,706.9973880891152
1191,77.26114664409323,28.632500898311218,31.655314670000024,43.59104051000003,37.46475818315791,3.0379969197877568,-0.3353204131126404,0.7655526995658875,0.38500950863486844,0.3432784936723957,-0.5013801455497742,0.4065934121608734,-0.055966448867530154,0.18095776590593854,0.0,0.0,0.0,0.0,0.0,1.0559664488675302,0.38500950863486844,0.0,0.0,0.0,499.8452828272664
1192,77.26626241057238,28.632500898311218,41.56586365999999,46.27589522000005,44.02324543526318,0.9654030224153717,0.1894582062959671,0.7286610007286072,0.434167266310307,0.10574995844746651,-0.23670808970928192,0.11190878599882126,-0.03365064119037829,0.05508912683770673,0.0,0.0,0.0,1392.826734406858,0.005585259706599409,1.0336506411903783,0.434167266310307,0.0,0.06261227823487359,0.025044911293949437,0.0
1193,77.27137817705153,28.632500898311218,42.34688123000004,46.16139155000002,43.673342833684224,0.7985325856001009,-0.020940611138939857,0.6429727673530579,0.21527258086622808,0.17344887815243298,-0.20107585191726685,0.19986048340797424,0.023294169108072915,0.07021737639003202,38.0,0.02473366527962906,162.31498081804352,15116.559449858049,0.0606176693138085,0.9767058308919271,0.21527258086622808,0.06641123758578425,0.6795405364125092,0.31166295711647424,499.8452828272664
1194,77.27649394353068,28.632500898311218,43.227021380000025,45.54443894000002,44.02849680500002,0.5155882905383545,-0.013281013816595078,0.526824414730072,0.07428606850760323,0.0660100517437941,-0.3636619448661804,0.20394736528396606,0.0685252925327846,0.062018943386411514,133.0,0.09208813078139337,172.66556692049667,23391.09390522219,0.09379869803960683,0.9314747074672154,0.07428606850760323,0.2472616437156542,1.0,0.5483569862293926,706.9973880891152
1195,77.28160971000983,28.632500898311218,42.873256310000045,45.54272993000001,44.19211467105264,0.6511352239095755,-0.0031104199588298798,0.6203829050064087,0.07603006998697917,0.06161264507155257,-0.17610619962215424,0.23193472623825073,0.08913881000719573,0.04838018577541853,333.0,0.16263313671717727,121.7919340327859,22307.19809624611,0.0894522567784803,0.9108611899928043,0.07603006998697917,0.43667882457928103,1.0,0.6620072947475686,1117.7572308237782
1196,77.28672547648898,28.632500898311218,40.622490140000025,44.10032549000002,42.547237520000024,0.860492321866527,0.01049959659576416,0.7153468728065491,0.2527024653919956,0.17678084186914395,-0.2772573232650757,0.19924558699131012,-0.0013568771094606634,0.08275426896827667,309.0,0.2502131699431523,201.9321213943963,13713.753044444307,0.05499239095091614,1.0013568771094608,0.2527024653919956,0.6718359809725746,0.6164796381717585,0.6496934438522481,1580.698504105761
1197,77.29184124296813,28.632500898311218,41.01727145000001,45.30517754000002,42.430749705263175,0.8364128241285717,0.012352134101092815,0.7442348003387451,0.2531994843064693,0.20532082235786037,-0.24814927577972412,0.22452852129936218,-0.0003219932422303317,0.08993799206994388,194.0,0.13284194058455964,170.76041574996145,12840.161495914623,0.051489273473704245,1.0003219932422303,0.2531994843064693,0.3566878413602489,0.5772087398259798,0.44489620074654124,2060.9524274555392
1198,77.29695700944728,28.632500898311218,41.87690348000001,46.73220089,43.46816110368423,0.8780074696626258,0.0055962116457521915,0.7329576015472412,0.17481117650082237,0.1630554745177877,-0.2542867660522461,0.23373493552207947,0.023308191132127194,0.0764364782486777,36.0,0.05977064182654285,414.03698824076787,12387.785177776168,0.04967523648008315,0.9766918088678728,0.17481117650082237,0.16048742675702943,0.5568728924456416,0.31904161303247436,2499.504932628893
1200,77.10255788323957,28.636992454186174,37.89491018000001,39.95597624000004,38.777299027368436,0.3995143558233012,-0.003367003286257386,0.5883134007453918,0.16607115628426536,0.13184403766845335,-0.1753731369972229,0.33935484290122986,0.0421618438185307,0.06511602589165379,97.0,0.09894771504143654,254.38280837562985,13752.897448855376,0.055149360701205345,0.9578381561814693,0.16607115628426536,0.26568000083673293,0.6182393117045674,0.4067037251838667,4241.89357548446
1201,77.10767364971872,28.636992454186174,37.836803840000016,40.02091862000003,39.00196638144739,0.5540524951281419,0.018036073073744774,0.6667622327804565,0.20642710903234648,0.15966483255743516,-0.21812297403812408,0.223216712474823,0.029855989155016447,0.07469688657888596,167.0,0.15482717179193262,231.19819103477332,15537.4262211079,0.06230535247011252,0.9701440108449836,0.20642710903234648,0.41571938385847185,0.6984599229595592,0.5288155994989068,3904.5611776608707
1202,77.11278941619787,28.636992454186174,37.66590284000006,40.198655659999986,38.99685059493422,0.5743741897914523,0.018518518656492233,0.6609336733818054,0.22572218510142544,0.1586691143801181,-0.2293291687965393,0.21254175901412964,0.020142273484614857,0.07048392514820959,422.0,0.3493641469005853,206.45224279158188,19983.26535562943,0.0801332456076178,0.9798577265153852,0.22572218510142544,0.9380617511177691,0.8983154469825774,0.9221632294636924,3605.1605669739333
1203,77.11790518267702,28.636992454186174,36.72936536000003,39.90812396000001,38.426569698815804,0.7243588177124792,0.024390242993831635,0.6773787140846252,0.2767162443462171,0.18524274903330845,-0.2583009898662567,0.26525017619132996,-0.007797254595840186,0.0883211589742145,289.0,0.20946796238689408,180.7479946197977,15209.983600751773,0.060992301802344266,1.0077972545958402,0.2767162443462171,0.5624328808291681,0.6837402683569896,0.6109558358402967,3353.865721289156
1204,77.12302094915617,28.636992454186174,37.823131760000024,40.15422139999998,39.02620733907897,0.48617298855705177,0.01794634573161602,0.67342209815979,0.23319361636513158,0.15405928877780814,-0.23453432321548462,0.31082653999328613,0.014833913435015762,0.07208120459836101,274.0,0.21425657060093733,195.00121110738982,15492.062923430738,0.06212344484842788,0.9851660865649843,0.23319361636513158,0.5752905545387734,0.6964206891154275,0.6237426083694351,3162.1662951875733
1205,77.12813671563532,28.636992454186174,37.09167548000005,41.59662584,39.14134064434213,1.0041858419044531,0.014653027057647705,0.6811679005622864,0.32090008652001095,0.18657476006237478,-0.27164310216903687,0.24135839939117432,-0.022889637194181744,0.08581520032027792,52.0,0.08485626460775839,406.9436617930978,6811.971748444535,0.027316126542676632,1.0228896371941818,0.32090008652001095,0.2278436893924253,0.3062211974437296,0.25919469261294703,3041.352317573455
1206,77.13325248211447,28.636992454186174,39.58341206,41.917919719999986,41.02807644085528,0.513401797527638,0.005353318993002176,0.6275942921638489,0.17535119843064692,0.11595188341198584,-0.22821912169456482,0.26295584440231323,0.0680853699801261,0.06711484536396425,110.0,0.17977895656721213,407.567825676957,2614.927730290203,0.010485906198432463,0.931914630019874,0.17535119843064692,0.4827162841628207,0.11754985639526831,0.3366497130557997,2998.9433315303795
1207,77.13836824859362,28.636992454186174,39.56632195999998,41.880321500000036,40.861031956842126,0.4439863208578683,0.0014051522593945265,0.6439737677574158,0.21066967345120613,0.12398870362959856,-0.20629046857357025,0.22967569530010223,0.031058285361842106,0.06652910392211095,116.0,0.18559942864769002,398.9995151197807,556.4474392270602,0.002231364019932342,0.9689417146381579,0.21066967345120613,0.4983445685205137,0.025014196688868538,0.3090124197878556,2499.119442941983
1208,77.14348401507277,28.636992454186174,37.43689549999999,43.46628278000003,40.17629236467108,1.4839701029485954,0.033707864582538605,0.7028172612190247,0.22331645764802632,0.12762627633122256,-0.24021673202514648,0.1866590827703476,0.02843269749691612,0.05912080341546998,73.0,0.08336176902124964,284.77232715026685,8683.650550066845,0.03482159146243865,0.9715673025030839,0.22331645764802632,0.22383088739383586,0.3903594976346696,0.2904423314901694,1999.295554353586
1209,77.14859978155192,28.636992454186174,37.04382320000002,42.92623562000006,39.70680932809213,1.1860065044432104,0.08502024412155151,0.6016233563423157,0.2785432086074561,0.08397098210638479,-0.2002052515745163,0.18654513359069824,-0.008170817191140694,0.06706159959514095,6.0,0.029198395792826164,1213.5605862095756,1839.8488348111855,0.007377826192919025,1.0081708171911408,0.2785432086074561,0.07839928203921352,0.08270743539709782,0.08012254338236724,1499.4716657651898
1210,77.15371554803107,28.636992454186174,38.605858340000054,43.89695330000001,41.201068729407915,1.3506008329521424,0.10166198760271072,0.6083279252052307,0.23346958093475878,0.08271227290652022,-0.18212071061134338,0.16325756907463074,0.032388736657929004,0.06538344709700003,0.0,0.0,0.0,0.0,0.0,0.967611263342071,0.23346958093475878,0.0,0.0,0.0,999.647777176793
1211,77.15883131451022,28.636992454186174,37.36169905999998,42.980923940000025,39.592699180131596,1.34752228216054,0.033348023891448975,0.6988950371742249,0.3221498081140351,0.12581737225683742,-0.21020741760730743,0.2897709906101227,0.003833338084973787,0.07572893120669878,9.0,0.04251936804462425,1178.1430179844015,0.0,0.0,0.9961666619150262,0.3221498081140351,0.11416681762628321,0.0,0.06850009057576992,499.8238885883965
1212,77.16394708098937,28.636992454186174,36.35680118000005,40.164475460000006,37.62838332440791,0.9462763271388281,0.05376751348376274,0.7253129482269287,0.4394658460115132,0.14891338236704602,-0.25886064767837524,0.15586841106414795,-0.040807283635725056,0.06839850597942125,29.0,0.11006185701121832,946.4388527621755,0.0,0.0,1.0408072836357252,0.4394658460115132,0.29552207699376837,0.0,0.17731324619626102,0.0
1213,77.16906284746852,28.636992454186174,35.51938628000005,39.00234866000005,37.406020885131596,0.8637990904623346,0.05690515786409378,0.7554953098297119,0.45158511513157895,0.14730252156845944,-0.2429850697517395,0.19348584115505219,-0.04738666735197369,0.07166118178298606,2.0,0.01880432401509729,2344.6685191495712,0.0,0.0,1.0473866673519736,0.45158511513157895,0.05049063354290786,0.0,0.030294380125744712,0.0
1214,77.17417861394767,28.636992454186174,35.80308194000003,39.79191128000002,38.13663390361844,0.715359414656577,0.0484919548034668,0.7122712135314941,0.42006771689967104,0.1388227239769819,-0.23673126101493835,0.20946893095970154,-0.04804083573190789,0.06998842140738788,13.0,0.04130329176154081,792.309813364721,1230.1451676526196,0.004932903762135256,1.048040835731908,0.42006771689967104,0.11090158661239026,0.05529919092136849,0.08866062833598154,0.0
1215,77.17929438042682,28.636992454186174,37.17028994000003,40.031172680000054,38.35556707940791,0.6917833134804166,0.01110124308615923,0.7050732374191284,0.2566205705915179,0.16027992270944277,-0.26298433542251587,0.2204436957836151,-0.013593033381870815,0.0726386253427578,416.0,0.2874013196245,172.28566734698873,19301.846129015365,0.0774007425218478,1.0135930333818708,0.2566205705915179,0.7716881871030494,0.8676833452592273,0.8100862503655206,499.8238885883965
1216,77.18441014690598,28.636992454186174,36.96520873999998,39.87736178,38.859533890131594,0.6558653113406878,0.013724122196435928,0.6610623598098755,0.2033339329769737,0.15845956170974448,-0.27808135747909546,0.20128566026687622,0.009366419608132882,0.07997207853024528,685.0,0.3200214817327102,116.50438788081101,20261.12754090635,0.08124747785853428,0.9906335803918671,0.2033339329769737,0.8592750979536371,0.9108062931343186,0.8798875760259097,499.8238885883965
1217,77.18952591338513,28.636992454186174,34.68538940000002,39.51846968000001,37.29972496052633,1.0552590445668015,0.020070284605026245,0.7529110908508301,0.43119778817160087,0.17940966859867785,-0.28757691383361816,0.38335323333740234,-0.0594860411526864,0.09823584313898462,25.0,0.08153359214155495,813.2990969268648,1774.7156490534867,0.007116640972253477,1.0594860411526863,0.43119778817160087,0.21892213296000604,0.07977947813705755,0.16326507103082663,0.0
1218,77.19464167986428,28.636992454186174,35.529640340000014,41.15911928000003,38.735922995789494,1.0940405865105136,0.05071054771542549,0.7148311138153076,0.34941224215323463,0.11521130783332467,-0.23459139466285706,0.2101580649614334,0.048865013791803726,0.087997745874161,10.0,0.021191870503087844,528.4732553065123,703.4050657332886,0.0028206666873974826,0.9511349862081963,0.34941224215323463,0.05690132582277943,0.03162043964231317,0.04678897135059293,499.8238885883965
1219,77.19975744634343,28.636992454186174,37.45056757999998,42.08882072000006,39.55068226980265,0.9155269626642872,0.04594272002577782,0.7006378173828125,0.31852706106085527,0.119835904130089,-0.24046596884727478,0.2882562279701233,0.043213859691954494,0.09146308199629491,19.0,0.07577162326070291,994.5044082279635,834.228320987965,0.0033452702423193937,0.9567861403080455,0.31852706106085527,0.20345093287777144,0.037501387972247356,0.13707111491556181,500.00000000016115
1220,77.20487321282258,28.636992454186174,38.04530306000004,41.53510147999998,38.88332510828949,0.630325963225277,0.07191100716590881,0.6977751851081848,0.36167617530153506,0.14582520407028665,-0.28182733058929443,0.15632672607898712,-0.05721589740953947,0.07276641656729463,209.0,0.1656217514685184,197.6172307422511,6854.748580625664,0.027487662392222893,1.0572158974095394,0.36167617530153506,0.44470341786376943,0.3081441609052774,0.39007971508037265,706.9822625807433
1221,77.20998897930173,28.636992454186174,37.99403275999998,40.75921094,39.256080427565806,0.6510069775505799,0.049364086240530014,0.7153652310371399,0.3545886444627193,0.16221599185101626,-0.2543782889842987,0.1952528953552246,-0.04438488608912418,0.07577936288262434,95.0,0.17419235449811465,457.2557825030185,7207.304463704151,0.028901417685282663,1.0443848860891243,0.3545886444627193,0.46771595351576384,0.32399274170815257,0.4102266687927193,1117.7189621790733
1222,77.21510474578088,28.636992454186174,38.26747436000005,41.48041316000001,39.524439971513175,0.7372083365131759,0.04933897778391838,0.7208884954452515,0.35335369980126097,0.16551715659324928,-0.27195626497268677,0.2749509811401367,-0.03788060238486842,0.08272184282847654,81.0,0.16542250234297312,509.287819529268,6938.244521771131,0.027822482585018064,1.0378806023848683,0.35335369980126097,0.44416842311609467,0.3118975862017188,0.3912600883503443,1499.4716657651898
1223,77.22022051226003,28.636992454186174,39.24502808,41.719674560000044,40.279698713157906,0.538058900949712,-0.0005562353762798011,0.7573750615119934,0.30552434553179825,0.1823493481691467,-0.2717379331588745,0.2089373618364334,-0.022357584635416667,0.08904445862792282,42.0,0.1571210118619202,932.9077460963076,4863.178294711298,0.019501430511403097,1.0223575846354167,0.30552434553179825,0.4218784693053508,0.21861633250738283,0.3405736145861636,999.647777176793
1224,77.22533627873918,28.636992454186174,37.457403620000036,40.89593174000004,38.61110904835529,0.6004679945854328,0.027755027636885643,0.7461788058280945,0.36960903234649123,0.18129566445575138,-0.30394625663757324,0.37213918566703796,-0.059104630319695727,0.09001971644207873,63.0,0.11513203078158234,455.73180428313304,3786.971740209338,0.01518582329598176,1.0591046303196958,0.36960903234649123,0.30913576954835226,0.17023720352881175,0.253576343140536,499.8238885883965
1225,77.23045204521833,28.636992454186174,37.57019828,40.10978713999998,38.703148231644754,0.4923350757610125,0.038485411554574966,0.7789924740791321,0.4105000171326754,0.17836971828289228,-0.30327287316322327,0.2093495875597,-0.07296007658305921,0.0801776278728939,13.0,0.05985690464080254,1148.2187235426045,5119.353630030563,0.020528698112489606,1.0729600765830591,0.4105000171326754,0.16071904710879903,0.23013228131543936,0.18848434079145515,0.0
1226,77.23556781169748,28.636992454186174,38.13417158000004,40.87200560000002,39.15053781657896,0.6260507925603889,0.001320306328125298,0.739130437374115,0.3077622798451206,0.17100177472058584,-0.24816013872623444,0.30971843004226685,-0.023951418692605538,0.08423297542492804,36.0,0.08832600401245186,611.8427302618908,1805.6663398051705,0.007240753786630504,1.0239514186926055,0.3077622798451206,0.23716012855988022,0.08117081649453904,0.17476440373374375,499.8238885883965
1227,77.24068357817663,28.636992454186174,37.99403275999998,40.95745610000006,39.50053631848686,0.5540224707362584,0.043431200087070465,0.7380377054214478,0.3678053471080044,0.1649621034152491,-0.25636008381843567,0.24107271432876587,-0.04882392749451754,0.08341009221834475,27.0,0.18238409670343958,1684.52292060595,1464.8852143061927,0.005874215478597819,1.0488239274945175,0.3678053471080044,0.48971122723232835,0.06585155091767468,0.32016735670646684,499.8238885883965
1228,77.24579934465578,28.636992454186174,37.78211552000005,42.25630369999999,39.59593730434212,1.0898567239326638,0.03459357097744942,0.7350284457206726,0.41066320586622806,0.1691752881293262,-0.26387396454811096,0.23043373227119446,-0.05837409839295504,0.0910899570014033,20.0,0.09872972806679303,1231.038590467565,1988.1774432909035,0.00797262652221521,1.058374098392955,0.41066320586622806,0.2650946939442854,0.08937530863280128,0.19480693981969174,0.0
1229,77.25091511113493,28.636992454186174,36.78063566000003,44.431873430000024,39.80517297273028,1.6613644897485054,0.016479894518852234,0.703511655330658,0.36935615405701755,0.1667215331635089,-0.31491509079933167,0.1888991743326187,-0.05100059643126371,0.0771830692861486,11.0,0.038441020619923494,871.4770343551252,4207.615362830224,0.01687261162235815,1.0510005964312636,0.36935615405701755,0.103216232797182,0.1891465587893424,0.13758836319404616,499.8238885883965
1230,77.25603087761408,28.636992454186174,36.05430641000004,49.37262134000002,43.009673535855285,2.6233384519047425,0.0041771093383431435,0.7135535478591919,0.33063519394188595,0.19057260755256328,-0.31091931462287903,0.3928845524787903,-0.018406651814778647,0.1215282077194485,19.0,0.07551138283055615,991.0887462183267,1545.430058910087,0.00619720172234767,1.0184066518147787,0.33063519394188595,0.20275217315734548,0.06947231443128668,0.14944022966692197,706.9822625807433
1231,77.26114664409323,28.636992454186174,31.67411378,43.37912327000001,36.85744554036186,3.275588336507301,-0.283108651638031,0.8017549514770508,0.2871325469435307,0.32862359898695104,-0.5434380769729614,0.33832085132598877,-0.032412192361396655,0.1800288511182839,0.0,0.0,0.0,575.1051154293596,0.0023061816297162744,1.0324121923613967,0.2871325469435307,0.0,0.02585292241457198,0.010341168965828793,499.8238885883965
1232,77.26626241057238,28.636992454186174,39.84659959999999,45.48120557000004,42.69589592680923,1.5675900943312993,0.058056872338056564,0.7572383284568787,0.4578269771107456,0.12155190931578352,-0.30306777358055115,0.26764169335365295,-0.061395691988760964,0.07043705861201194,0.0,0.0,0.0,3915.5172942861427,0.01570129322911269,1.061395691988761,0.4578269771107456,0.0,0.17601576147783074,0.0704063045911323,0.0
1233,77.27137817705153,28.636992454186174,42.67330214000003,45.23339912000006,43.774303723782914,0.5245101800469334,0.008271298371255398,0.589067816734314,0.14620414867735745,0.1210978844606675,-0.14861740171909332,0.2524142563343048,0.04164642333984375,0.061410546944701105,21.0,0.03278382083357069,389.3085977469319,15866.268825888472,0.06362401710005033,0.9583535766601563,0.14620414867735745,0.08802634343649932,0.7132425116027689,0.33811281070300714,499.8238885883965
1234,77.27649394353068,28.636992454186174,43.25607455000002,45.541020919999994,44.021004876562515,0.3735062032504751,-0.002219263231381774,0.6185499429702759,0.07819680895124163,0.07128558179144419,-0.14894506335258484,0.2084018737077713,0.06566690717424666,0.04677553520573205,19.0,0.018817313619472028,246.97770141712843,20941.205337705716,0.08397460178714984,0.9343330928257534,0.07819680895124163,0.05052551133770791,0.9413780930450198,0.4068665440206327,999.647777176793
1235,77.28160971000983,28.636992454186174,42.92623562000003,45.56152904000001,44.18312252710528,0.38006355229557115,-0.012366309762001038,0.5970474481582642,0.08133159436677631,0.06608988309030274,-0.15309719741344452,0.22487197816371918,0.07194364848889803,0.051428845218368734,66.0,0.05657161077574178,213.7510866971444,21036.44826849534,0.08435652761506286,0.928056351511102,0.08133159436677631,0.1518978542550506,0.9456595853047476,0.4694025466749294,1413.9645251614866
1236,77.28672547648898,28.636992454186174,41.94355487000004,47.27737508000001,44.32099016276317,1.2083559823600334,-0.032236624509096146,0.7030162215232849,0.19084425541392544,0.1459916927864534,-0.3734208345413208,0.4020727276802063,0.02623714246247944,0.08790680076615329,237.0,0.24702410333509192,259.9229980748969,10859.129526448116,0.043545300427223016,0.9737628575375206,0.19084425541392544,0.6632731635417419,0.48815464443827294,0.5932257559003543,1802.3360609035367
1237,77.29184124296813,28.636992454186174,40.04484476000002,43.801248740000034,41.934166558486865,0.7919260677685449,-0.08233924955129623,0.6956182718276978,0.28009819164610744,0.17821691309550028,-0.24327154457569122,0.24625959992408752,-0.011827487610934074,0.07887887368059873,280.0,0.22589533059499395,201.1884036594575,10244.741092851402,0.04108159200061116,1.011827487610934,0.28009819164610744,0.6065412586471459,0.46053580384714404,0.5481390767271452,2235.4379243581466
1238,77.29695700944728,28.636992454186174,41.31976622000002,43.685036060000016,42.224006784046075,0.49132324391768456,-0.02831208147108555,0.7515614032745361,0.28025232147752194,0.19404138679194982,-0.2669396996498108,0.37610870599746704,-0.015583921733655427,0.08366908441342934,234.0,0.2250047944722278,239.78921010796745,9860.273390232636,0.0395398697498246,1.0155839217336555,0.28025232147752194,0.6041501206836005,0.4432526786930737,0.5397911438873898,2691.764846729983
1240,77.10255788323957,28.64148401006113,37.443731540000044,39.96623030000001,38.64929788210528,0.5501285154191454,0.01180568989366293,0.6434676647186279,0.19248832836485746,0.12830202378878588,-0.2066534012556076,0.18429534137248993,0.024553616172388982,0.06506516754323875,419.0,0.291478885556978,173.47895588380524,19828.165625744732,0.07951129296237483,0.9754463838276111,0.19248832836485746,0.7826366735829942,0.8913431889107002,0.8261192797140766,4500.000000001451
1241,77.10767364971872,28.64148401006113,37.17712598000003,42.53658134,39.38937857789475,1.100740123394247,0.0009115770226344466,0.6703655123710632,0.26736135382401316,0.1572697605421451,-0.23686006665229797,0.417881041765213,0.028416164465117872,0.09849877446379209,67.0,0.13914602325434466,517.9045403034297,7184.4125394667835,0.028809620666392192,0.9715838355348821,0.26736135382401316,0.3736146464742622,0.32296367219485655,0.35335425676249993,4300.588710537004
1242,77.11278941619787,28.64148401006113,35.82700808000004,38.98867658000006,37.81139620526318,0.6097332578902597,0.02894916757941246,0.7131707072257996,0.3056910464638158,0.18544792742310665,-0.25851359963417053,0.17653009295463562,-0.021034492358826755,0.08157687798194999,159.0,0.2890193381374126,453.29768386656116,4969.341233188016,0.019927145762238457,1.0210344923588268,0.3056910464638158,0.7760326548826687,0.22338871609102132,0.5549750793660098,4030.7369654456206
1243,77.11790518267702,28.64148401006113,37.98036067999999,39.54581384000005,38.678155283157906,0.3481962978781736,0.021635163575410843,0.6521995663642883,0.17381388346354168,0.14312661312458733,-0.239385724067688,0.1971677541732788,0.030957443505002742,0.0716351782028265,477.0,0.41444889989041134,216.67376724349913,15188.116519799356,0.06090461442305477,0.9690425564949973,0.17381388346354168,1.0,0.6827572690197746,0.8731029076079098,3807.6531843901503
1244,77.12302094915617,28.64148401006113,37.23865034000005,40.441335080000044,38.886072487368445,0.7264128348222766,0.015369360335171223,0.6510825157165527,0.1962291837993421,0.15445013059878873,-0.2488529533147812,0.2358490526676178,0.02078252691971628,0.07966917397331154,375.0,0.28061989068479376,186.61257499642542,12364.87180414766,0.04958335344875689,0.9792174730802837,0.1962291837993421,0.7534796812712483,0.55584285870958,0.6744249522465809,3639.9464448200833
1245,77.12813671563532,28.64148401006113,37.481329759999994,41.07708680000002,39.185937604210544,0.8671234424880304,0.016138218343257904,0.6334215998649597,0.18455904776589913,0.12770464782307242,-0.2017902284860611,0.22390438616275787,0.03125018738863761,0.06743923365852093,201.0,0.2391277921751021,296.67962328046247,11047.208532420946,0.0442995005497276,0.9687498126113624,0.18455904776589913,0.6420711382628898,0.49660943264789487,0.5838864560168918,3534.165245725417
1246,77.13325248211447,28.64148401006113,38.41786724000002,41.7436007,39.46152737157896,0.6893889539132294,0.0020964359864592552,0.6386062502861023,0.18437440035635966,0.1324647365851802,-0.2203078269958496,0.20595744252204895,0.019861260129694355,0.06850045841973103,228.0,0.24487952809841956,267.83748288453313,13156.653265142875,0.052758411035810054,0.9801387398703056,0.18437440035635966,0.6575148622971407,0.5914361165875305,0.6310833640132967,3040.212342971191
1247,77.13836824859362,28.64148401006113,38.92373420000001,42.553671440000016,40.683210260000024,0.7270999993454165,0.01638236828148365,0.6709282994270325,0.2675399405496162,0.14354977622676798,-0.2432432472705841,0.2817508280277252,0.03159478973924068,0.07773039191211055,63.0,0.13211527452200822,522.9572693414864,1392.5588950494823,0.0055841856660646914,0.9684052102607593,0.2675399405496162,0.35473670342820224,0.06260023794877627,0.23788211723643185,2548.5413979746513
1248,77.14348401507277,28.64148401006113,39.23477402000003,42.492147079999995,40.64877608947371,0.7062944318721008,0.01332288421690464,0.6803557276725769,0.2557873749314693,0.13682380976607766,-0.23018001019954681,0.19638825953006744,0.01525090401632744,0.06824118527681318,83.0,0.17024664447094973,511.5100730900145,6181.402433927549,0.024787532498931814,0.9847490959836726,0.2557873749314693,0.45712150731880324,0.2778749714619858,0.38542289297607624,2060.786375295129
1249,77.14859978155192,28.64148401006113,36.496939999999995,43.10397266000001,39.85210229473686,1.4160373668474768,-0.06518904864788055,0.6362871527671814,0.27445762232730264,0.11740457186037218,-0.20521724224090576,0.3545878827571869,-0.007356261537786115,0.08808074948581762,2.0,0.01025626134453182,1278.8299690745357,587.8362503648942,0.0023572337047649368,1.007356261537786,0.27445762232730264,0.02753861998183445,0.026425230041312704,0.027093264005625752,1580.5767215129783
1250,77.15371554803107,28.64148401006113,37.25574044000001,42.61519580000004,39.81415486526318,1.3408805070441654,0.11798688024282455,0.5570934414863586,0.25654772306743423,0.0768138848791977,-0.17744776606559753,0.12371320277452469,0.0010452678747344436,0.057466432836013916,0.0,0.0,0.0,0.0,0.0,0.9989547321252655,0.25654772306743423,0.0,0.0,0.0,1117.6806883679387
1251,77.15883131451022,28.64148401006113,38.04530306000004,43.00485007999998,40.238137494736854,1.2074240309484152,-0.04097560793161392,0.5818315148353577,0.2574524139939693,0.08196369332013058,-0.2181902825832367,0.46481767296791077,0.027347594144051534,0.05786212964309338,1.0,0.0056528550714194555,1409.6833599156237,0.0,0.0,0.9726524058559485,0.2574524139939693,0.015178223564593864,0.0,0.009106934138756318,706.967135224671
1252,77.16394708098937,28.64148401006113,36.88317626000003,42.23237756000003,39.12730215894739,1.2215004476927038,0.036093417555093765,0.7119004726409912,0.32654016327439694,0.13532213234218834,-0.2375210076570511,0.38087305426597595,0.0032738033093904196,0.07235308471870362,4.0,0.023743651414257973,1480.2710258548966,1031.9464097605878,0.004138123256415113,0.9967261966906096,0.32654016327439694,0.0637529964685435,0.0463894855945053,0.05680759211892822,500.00000000016115
1253,77.16906284746852,28.64148401006113,36.12437582000001,40.10295110000004,38.29543228210528,0.7574450915327613,0.04808184131979942,0.7433441281318665,0.35736075418037283,0.16571600162033487,-0.268937885761261,0.21164587140083313,-0.01591107954058731,0.08335999753828813,40.0,0.14719830436717593,917.6911386041351,2139.96369365308,0.008581292056284457,1.0159110795405872,0.35736075418037283,0.39523545956629497,0.09619861457971936,0.27562072157166473,500.00000000016115
1254,77.17417861394767,28.64148401006113,36.17564612000001,40.78313708000002,39.07460327473686,0.9877772366179869,-0.0031893302220851183,0.6554635763168335,0.244491973341557,0.1544888014372071,-0.20591366291046143,0.22049374878406525,0.01214986566911664,0.07699984499327993,182.0,0.21677111843360888,297.01867240400617,10908.049102592948,0.04374146878812255,0.9878501343308833,0.244491973341557,0.5820422523420872,0.4903537450421371,0.5453668494221071,500.00000000016115
1255,77.17929438042682,28.64148401006113,38.26063832,40.588309940000045,39.174149138947385,0.4367743199726918,-0.016365202143788338,0.6114422082901001,0.19197559901646205,0.15135150976485073,-0.20321319997310638,0.32323548197746277,0.02298307691301618,0.0771952009222792,407.0,0.33538116969742576,205.4934521403266,16490.199926191435,0.06612599178802214,0.9770169230869838,0.19197559901646205,0.90051669620185,0.7412903273766358,0.8368261486717643,706.967135224671
1256,77.18441014690598,28.64148401006113,37.82654978000005,40.00724653999998,39.111386672631596,0.44341817999201677,0.0008899436215870082,0.7407727241516113,0.2267017244037829,0.17555036265661553,-0.25992438197135925,0.20776699483394623,0.005611861044900459,0.08203678330364586,350.0,0.4048704394070464,288.47072554765555,15666.159079176652,0.06282157349554608,0.9943881389550996,0.2267017244037829,1.0,0.704246900857283,0.8816987603429132,706.967135224671
1257,77.18952591338513,28.64148401006113,35.78940985999998,39.74405899999999,38.15506065578949,0.6561862568328135,0.02483777143061161,0.7088786959648132,0.35527896278782894,0.17862131536290288,-0.2806396484375,0.20042847096920013,-0.04557838841488487,0.08287696633972357,124.0,0.23602566302446198,474.66943049268474,6169.675988236428,0.024740509245427034,1.0455783884148848,0.35527896278782894,0.6337417526374352,0.2773478280189564,0.49118418279004367,499.80249127792183
1258,77.19464167986428,28.64148401006113,35.92613066000001,39.115143320000016,37.764559807368435,0.7195249620547116,0.0432271771132946,0.6866284012794495,0.44521672834429826,0.1051987011063846,-0.2229645550251007,0.1679224967956543,-0.023431053830866227,0.07230712709537729,5.0,0.011186885187971939,557.9469383003553,1182.976013379711,0.004743754623734319,1.0234310538308662,0.44521672834429826,0.0300373956574558,0.053178777708093455,0.039293948477710866,0.0
1259,77.19975744634343,28.64148401006113,35.02719139999999,38.85537380000005,37.2274544726316,0.8128386895633009,0.05049959570169449,0.7369324564933777,0.4584168122944079,0.13281495660127463,-0.3111489713191986,0.2322474867105484,-0.04590495327062774,0.08499862206793639,3.0,0.008908540778832567,740.5238319625873,406.91239686013137,0.0016317258695257059,1.0459049532706277,0.4584168122944079,0.02391991690341861,0.018292090164592982,0.021668786207888358,0.0
1260,77.20487321282258,28.64148401006113,38.20595000000003,41.15228324000003,39.61204723684212,0.5902625572378846,0.04422253742814064,0.7146202325820923,0.2950158477247807,0.1474013260903702,-0.24572035670280457,0.16762378811836243,-0.019086069475140487,0.06905010932634516,166.0,0.17993719153287963,270.312775557525,6053.842743022873,0.02427601589446373,1.0190860694751405,0.2950158477247807,0.48314115365872906,0.27214073140097833,0.3987409847556288,499.80249127792183
1261,77.20998897930173,28.64148401006113,38.52382585999999,40.76262896000003,39.40629936421054,0.4688111728508317,-0.005570152308791876,0.7036151885986328,0.18831851356907894,0.15168218536626865,-0.214315265417099,0.21421058475971222,0.03053306445740817,0.07756729343609856,213.0,0.12640417284408553,147.9910766856254,11548.37918561266,0.046309203685267884,0.9694669355425918,0.18831851356907894,0.3394020845546512,0.5191387506209276,0.4112967509811618,999.6049825558437
1262,77.21510474578088,28.64148401006113,38.920316179999986,40.85491550000006,39.8125992957895,0.37993500710057726,0.01798800751566887,0.6631442308425903,0.11971097176535088,0.10551947275938856,-0.16256457567214966,0.23441524803638458,0.07028628700657895,0.05668699770080375,102.0,0.029843942181343282,72.96418576307335,12577.354430154728,0.05043541251689008,0.9297137129934211,0.11971097176535088,0.08013260923094863,0.5653946722776162,0.2742374344496157,1499.4074738337654
1263,77.22022051226003,28.64148401006113,39.750895040000046,42.782678780000026,41.427301573684225,0.7412838918463934,-0.021782178431749344,0.7071823477745056,0.20790861430921054,0.15043141855063866,-0.24817222356796265,0.2803955078125,0.05765056944729989,0.09843352047937223,30.0,0.6367560466959208,5293.044500004008,2551.2787204145548,0.010230672549162517,0.9423494305527002,0.20790861430921054,1.0,0.11468861786698475,0.6458754471467939,1117.6806883679387
1264,77.22533627873918,28.64148401006113,37.49158382000002,42.51265520000004,39.99998721578949,1.1028689006215047,-0.003372681327164173,0.7451545596122742,0.30908524362664475,0.18567878696001605,-0.3187275528907776,0.40657976269721985,-0.029586829469915022,0.09738422049777425,30.0,0.1245116271873278,1035.0048293850884,4633.166522799314,0.01857907925983079,1.029586829469915,0.30908524362664475,0.33432049645066736,0.20827652447204786,0.28390290765921955,706.967135224671
1265,77.23045204521833,28.64148401006113,38.182023860000015,42.29390192000005,40.4460229526316,0.7500505818677589,0.01414839643985033,0.6971664428710938,0.2076441286321272,0.14595713798607254,-0.2682267427444458,0.3841615617275238,0.02737772355999863,0.07858919418772337,24.0,0.05321341330614068,552.9216528214093,5929.797381438515,0.023778591812391732,0.9726222764400013,0.2076441286321272,0.1428809112548014,0.26656447234347763,0.19235433569027188,500.00000000016115
1266,77.23556781169748,28.64148401006113,38.08973732000004,41.494085240000004,39.94007133578949,0.7679216193400756,-0.020907409489154816,0.7102212905883789,0.17328598290158992,0.16892836731160973,-0.24813738465309143,0.46114519238471985,0.037462653444524395,0.09098600537880738,22.0,0.06679667873575529,757.1569452455907,5551.45871290277,0.02226144709609574,0.9625373465554756,0.17328598290158992,0.1793527183015261,0.2495568680261613,0.20743437819138016,706.967135224671
1267,77.24068357817663,28.64148401006113,38.49989972000003,42.66646609999998,40.21759762842107,0.9752249584720512,-0.007095793262124062,0.721136748790741,0.2303172114857456,0.18957071498864939,-0.28990089893341064,0.25571781396865845,0.00987809231406764,0.09713309182511393,36.0,0.07267481746005909,503.4254547480548,8560.666750139531,0.03432842426128564,0.9901219076859323,0.2303172114857456,0.195135840736819,0.38483095936841477,0.2710138881894573,706.967135224671
1268,77.24579934465578,28.64148401006113,37.071167360000004,40.509695480000005,39.016835562105285,0.7072614886827898,0.007971656508743763,0.739130437374115,0.3581459875274123,0.21310834043370985,-0.27356892824172974,0.26688453555107117,-0.042194561874657345,0.10524000009173959,32.0,0.03873707749215581,301.8773968117475,7366.546527550861,0.029539981162582312,1.0421945618746573,0.3581459875274123,0.10401116161417856,0.3311512117187901,0.19486718165602318,499.80249127792183
1269,77.25091511113493,28.64148401006113,35.98081897999998,41.28387701,37.80792527473686,1.1623345860708463,0.020803295075893402,0.8220112919807434,0.5252611019736843,0.16318281595161274,-0.26057112216949463,0.17013674974441528,-0.10660085577713815,0.07595372655158009,5.0,0.0017798458913217952,88.76997922327773,70.68013948276732,0.00028342860268117966,1.106600855777138,0.5252611019736843,0.00477898309928234,0.003177311613608062,0.004138314505012629,0.0
1270,77.25603087761408,28.64148401006113,35.611672820000024,44.8881791,40.43445142052634,2.4175862860990613,0.009387808851897717,0.8000208139419556,0.3902841454221491,0.19150793306953925,-0.4004862308502197,0.19341355562210083,-0.07016705964740953,0.10567093409061144,6.0,0.012174472464886133,506.002454590657,2400.2312442273214,0.009624969512530787,1.0701670596474095,0.3902841454221491,0.03268912125260503,0.10789852232093823,0.06277288167993832,499.80249127792183
1271,77.26114664409323,28.64148401006113,32.87554781000003,44.18064896000001,39.16669933684212,2.9802465529569107,-0.18213456869125366,0.8146011829376221,0.39114591899671053,0.2464987547760062,-0.5247880220413208,0.41997063159942627,-0.08264943440755208,0.13110873918039218,0.0,0.0,0.0,986.578528051379,0.003956197252681331,1.0826494344075521,0.39114591899671053,0.0,0.04435004568261023,0.017740018273044094,706.967135224671
1272,77.26626241057238,28.64148401006113,32.97125237,44.70360602000005,39.527755477368444,2.5602543562851534,-0.20378857851028442,0.7950893640518188,0.3343864360608553,0.2543557976518721,-0.40949660539627075,0.4169570207595825,-0.05467827512506853,0.11856413330031748,0.0,0.0,0.0,2178.9624735255197,0.008737677849612034,1.0546782751250685,0.3343864360608553,0.0,0.09795174179638899,0.0391806967185556,500.00000000016115
1273,77.27137817705153,28.64148401006113,41.66498624000002,44.37718511,43.21668795421055,0.6009273524861802,0.024941017851233482,0.683501660823822,0.23592465049342104,0.15412389464597537,-0.21674208343029022,0.20537231862545013,0.010518739265308046,0.07071703510342696,15.0,0.013220192558169558,219.78611077855845,14101.085922252176,0.056545602604613145,0.989481260734692,0.23592465049342104,0.035496936624007824,0.6338915626529096,0.27485478703556854,706.967135224671
1274,77.27649394353068,28.64148401006113,43.032194240000024,45.014645840000014,43.78540968000002,0.4276613947091758,0.0033214709255844355,0.5946994423866272,0.1566395786830357,0.11868807037188286,-0.1817369908094406,0.23032653331756592,0.03769102369035993,0.061270933389963596,53.0,0.08793178821296739,413.7364253069347,19704.825794297307,0.07901669806856312,0.9623089763096401,0.1566395786830357,0.23610163768019668,0.8857986458219884,0.4959804409369134,1117.6806883679387
1275,77.28160971000983,28.64148401006113,42.55538045000003,44.867670980000014,43.60422581315792,0.4630507261542558,0.021901007741689682,0.6840571165084839,0.18243928608141446,0.14108246057354348,-0.22396837174892426,0.22754329442977905,0.025857292309141997,0.06945527362416176,27.0,0.027386997686939724,252.94982492496044,19291.180690709938,0.07735797392662415,0.974142707690858,0.18243928608141446,0.0735355795263659,0.8672038976910696,0.3910029067922474,1580.5767215129783
1276,77.28672547648898,28.64148401006113,41.55048257000004,43.926006470000004,42.83358399736844,0.5250553716891075,-0.02654867246747017,0.7038178443908691,0.26112109803316885,0.1708135741036896,-0.26483094692230225,0.38258659839630127,-0.0050517065483227114,0.08192362505519349,233.0,0.1726097859124804,184.74096807483676,15106.919165031362,0.060579011602068376,1.0050517065483227,0.26112109803316885,0.46346667072050757,0.6791071729646939,0.5497228716181821,2060.786375295129
1277,77.29184124296813,28.64148401006113,40.972837190000035,43.840555970000025,42.63025942684212,0.5309938225880552,0.007779620122164488,0.7301971912384033,0.22335721199972589,0.15250630771221835,-0.2374013364315033,0.2830394506454468,0.012706099393074972,0.07106851922824602,364.0,0.24587921209282468,168.45121636884753,14870.96506668974,0.05963283151697999,0.987293900606925,0.22335721199972589,0.6601990682372051,0.6685002372338718,0.6635195358358718,2499.3680170401726
1278,77.29695700944728,28.64148401006113,40.44817112000004,43.92942449000003,42.58155528736844,0.8131364718482414,0.010588572360575199,0.7066666483879089,0.22246513500548246,0.16612653643896066,-0.3866257965564728,0.2208297848701477,0.01117538519072951,0.08868630763659462,421.0,0.3084709950022354,182.71994703860398,14284.653205327204,0.05728171063893049,0.9888246148092705,0.22246513500548246,0.8282614123628974,0.6421435336402471,0.7538142608738373,2914.6291800487893
1280,77.10255788323957,28.645975565936087,38.26747436000005,39.84659959999999,38.937988295789495,0.3036649610739476,0.007843137718737125,0.5404255390167236,0.06982465777480812,0.05776909824231345,-0.12661170959472656,0.22088773548603058,0.08612774765282347,0.04318913470757112,46.0,0.02288924253073299,124.08729328494346,26631.166701993963,0.10679144695174254,0.9138722523471765,0.06982465777480812,0.061458862108848905,1.0,0.43687531726530937,4000.000000001289
1281,77.10767364971872,28.645975565936087,36.13121186000001,40.92327590000002,38.52039725789476,0.9606256518220393,0.027117229998111725,0.673534095287323,0.26025728995339914,0.17194610602115717,-0.2125643938779831,0.19027946889400482,0.010577089410079153,0.07448930757168101,120.0,0.08648367014483992,179.72421187658833,8950.540019626,0.03589182293030262,0.9894229105899208,0.26025728995339914,0.23221336184289534,0.40235708305803664,0.30027085032895184,4031.1017276704247
1282,77.11278941619787,28.645975565936087,37.279666580000026,39.40567501999999,38.337221015789495,0.4915563748183083,0.03431839868426323,0.6957458257675171,0.21257264254385966,0.1572801401504251,-0.24844346940517426,0.19060204923152924,0.009492755019873903,0.07532233944635476,310.0,0.23484898446565852,188.92120844765262,15056.29096138108,0.060375991614815015,0.9905072449801261,0.21257264254385966,0.6305823066577423,0.6768312637685417,0.649081889502062,4122.999460984563
1283,77.11790518267702,28.645975565936087,37.56336224000006,40.22599982000003,38.75617714526318,0.6294033273859249,0.02477477490901947,0.6802659630775452,0.1988109494928728,0.1549916597400156,-0.2509821057319641,0.2523464858531952,0.024761216013055098,0.08281859416160647,455.0,0.3219121619379173,176.4329559406459,15436.016160114788,0.0618986963415957,0.9752387839869449,0.1988109494928728,0.8643516772186667,0.6939011973134578,0.7961714852565831,4271.771324563715
1284,77.12302094915617,28.645975565936087,37.542854120000015,41.206971560000056,39.39876490526318,0.9483162718735365,-0.004955401178449392,0.627510666847229,0.17690838730126096,0.1392069618618141,-0.22634731233119965,0.24184013903141022,0.03238775688305236,0.07673094004861832,441.0,0.3934678471678732,222.49711384140727,10003.427057714733,0.04011391847468639,0.9676122431169476,0.17690838730126096,1.0,0.4496879208070532,0.7798751683228213,4121.40666330071
1285,77.12813671563532,28.645975565936087,37.68641095999999,40.36955666000006,39.19829750315791,0.6496096623855983,0.007591979578137398,0.617307186126709,0.1646533845600329,0.1251997655106642,-0.22691132128238678,0.2392578125,0.03247874745151453,0.06668898189203064,200.0,0.2066381650294723,257.6524420715428,15336.443347252793,0.06149940761040423,0.9675212525484854,0.1646533845600329,0.5548347208921471,0.6894250621923156,0.6086708574122146,3638.581564571825
1286,77.13325248211447,28.645975565936087,37.79920562000001,40.048262780000016,39.038666445263175,0.5345247920396884,0.010309278033673763,0.6535389423370361,0.1991928368283991,0.15630704974338513,-0.23167648911476135,0.24939574301242828,0.025906069571511786,0.07931727165440457,215.0,0.21207686696132014,245.9849638862407,14541.647736420926,0.05831226322948329,0.9740939304284882,0.1991928368283991,0.569437931620146,0.6536963080724048,0.6031412822010496,3161.0316349917707
1287,77.13836824859362,28.645975565936087,37.597542439999984,42.051222499999994,39.081936673684226,1.0212806594075479,0.024333719164133072,0.6782888770103455,0.257418212890625,0.16694834504805817,-0.26113012433052063,0.271261602640152,-0.008850005300421463,0.08234407537915601,180.0,0.19202657387674554,266.0373115646019,10646.411736659498,0.04269229834818897,1.0088500053004215,0.257418212890625,0.5156018033047449,0.47859225946192185,0.5007979857676157,2691.5661742617217
1288,77.14348401507277,28.645975565936087,38.886135980000006,42.191361320000055,40.654416351578966,0.7870021693511069,0.010951008647680283,0.6467361450195312,0.22503465083607457,0.1384292686337925,-0.21799170970916748,0.2524659037590027,0.03680319267406798,0.07780902885060466,116.0,0.23422309089012616,503.5301044617726,5130.102439465478,0.020571801027409103,0.963196807325932,0.22503465083607457,0.6289017483386188,0.23061547669818672,0.469587239682446,2235.28481878157
1289,77.14859978155192,28.645975565936087,38.18885990000001,41.71283851999999,39.911668965263175,0.7551342636848514,0.008220979943871498,0.7410788536071777,0.32488812362938596,0.161629550709747,-0.22868436574935913,0.20690476894378662,-0.0025273627565618145,0.07290813421440236,42.0,0.11546749887664191,685.5895519502636,2690.7938687039446,0.010790130748055295,1.0025273627565618,0.32488812362938596,0.310036519643883,0.12096029622214995,0.23440603027518978,1802.2292443957206
1290,77.15371554803107,28.645975565936087,37.99061474000001,41.326602260000016,39.57660776631581,0.7045548617406068,0.09034666419029236,0.66898113489151,0.3410425233004386,0.1184982904813526,-0.19734877347946167,0.20062974095344543,-0.009306700187816954,0.05996212515860671,0.0,0.0,0.0,388.29098135208824,0.0015570536657636136,1.0093067001878169,0.3410425233004386,0.0,0.017454994479885796,0.006981997791954318,1413.9040120423035
1291,77.15883131451022,28.645975565936087,38.52382585999999,42.12300091999998,39.89763709368423,0.950727684987594,-0.025359174236655235,0.6889137029647827,0.23749841522752194,0.15878373511206284,-0.18853990733623505,0.19160373508930206,0.0351077377587034,0.06374679343025495,26.0,0.02174305059549315,208.54551325780585,9835.531037238641,0.03944065247906861,0.9648922622412966,0.23749841522752194,0.05838127437288095,0.44214042614106824,0.21188493508015588,1117.9361067689933
1292,77.16394708098937,28.645975565936087,38.52382585999999,41.68549436000001,39.328986503157914,0.5361435065837983,0.001903114141896367,0.6125038862228394,0.13282962196751644,0.12292130053245141,-0.17707966268062592,0.24313385784626007,0.06646377295778509,0.058577587933595784,44.0,0.050588189922034635,286.7148492397151,16236.409736826194,0.06510828866416908,0.933536227042215,0.13282962196751644,0.13583204357156256,0.7298815989560223,0.3734518657253465,1000.0000000003223
1293,77.16906284746852,28.645975565936087,38.5990223,40.31486834000003,39.52728457368423,0.36627650188931477,0.018544936552643776,0.6520848870277405,0.1980917626096491,0.13014679523811365,-0.189496248960495,0.2846246361732483,0.03942901611328125,0.06616962750546186,224.0,0.2529869182879902,281.6461173800282,15034.808012530471,0.06028984461201115,0.9605709838867188,0.1980917626096491,0.6792836462599319,0.675865532470088,0.6779164007439943,1000.0000000003223
1294,77.17417861394767,28.645975565936087,37.89832820000004,40.21916378000003,39.0071211894737,0.4370734414228181,0.011359676718711853,0.6468478441238403,0.19257403457373903,0.13188049269362698,-0.2178691327571869,0.2225242704153061,0.026343249940035635,0.06630001374314003,395.0,0.3803022584481707,240.09633518979868,17046.079503409976,0.06835507867131088,0.9736567500599643,0.19257403457373903,1.0,0.7662789967452724,0.9065115986981089,1000.0000000003223
1295,77.17929438042682,28.645975565936087,35.39291953999998,42.895473440000046,38.76977515052634,1.5997982717239534,0.025775328278541565,0.726279079914093,0.30224369594029016,0.1830371191969835,-0.41984957456588745,0.2876022756099701,-0.029347103663853236,0.10562312244185589,106.0,0.25381877166160216,597.1337180629623,5807.358345183552,0.023287609123147954,1.0293471036638533,0.30224369594029016,0.681517217847762,0.26106042304902594,0.5133344999282675,1117.9361067689933
1296,77.18441014690598,28.645975565936087,38.19227792000004,39.83976356000005,38.880834345263175,0.2694334789318935,-0.0011605415493249893,0.6614218950271606,0.16992904930783992,0.13255080544001938,-0.20944558084011078,0.23586127161979675,0.032739078454804005,0.06675366156188617,574.0,0.40188077281536905,174.5979171538225,15305.59093919118,0.06137568891134331,0.9672609215451959,0.16992904930783992,1.0,0.688038141974567,0.8752152567898268,1117.642409390785
1297,77.18952591338513,28.645975565936087,38.01112286,41.93159179999998,39.78339268526318,0.743214782668737,0.005878384690731764,0.6021025776863098,0.18292493318256578,0.1395373358454793,-0.23277577757835388,0.2696712911128998,0.03377598277309485,0.08100915796872837,292.0,0.3601068694803243,307.5404722354466,13472.428334187478,0.054024674617571745,0.9662240172269052,0.18292493318256578,0.9669065459953325,0.6056312752488674,0.8223964376967464,706.9520060211518
1298,77.19464167986428,28.645975565936087,37.348026979999986,41.70600248000005,39.75522312105265,1.3947128937222004,-0.020382344722747803,0.6853276491165161,0.20751413445723685,0.1526747588975029,-0.26099932193756104,0.2671653628349304,0.030512992457339638,0.0886489917698045,293.0,0.29237203396271916,248.84099595214593,12726.164833872697,0.05103214485356705,0.9694870075426604,0.20751413445723685,0.78503482566852,0.5720842038407802,0.699854576937424,500.00000000016115
1299,77.19975744634343,28.645975565936087,36.68493110000003,41.03948858000001,39.4034104494737,0.7652231045223299,0.01326259970664978,0.6991896033287048,0.28827696683114035,0.1698258154437154,-0.3006090521812439,0.263459712266922,-0.015506378976922286,0.08875811502164387,242.0,0.3608013766550942,371.79756587663974,8077.665233617205,0.03239157968340828,1.0155063789769223,0.28827696683114035,0.968771335563204,0.36311840561474173,0.7265101635838191,500.00000000016115
1300,77.20487321282258,28.645975565936087,38.22645812000002,41.05316066,39.45071246000002,0.5264748083094379,0.018748588860034943,0.7546783685684204,0.33418780410498905,0.16900758422484793,-0.29051095247268677,0.4357825517654419,-0.03997760438082511,0.08803798725441318,76.0,0.19940886242731706,654.3115489335851,6716.65132866241,0.026933889982540555,1.039977604380825,0.33418780410498905,0.5354236498978825,0.30193622179138835,0.44202867865528483,706.9520060211518
1301,77.20998897930173,28.645975565936087,38.40419516000003,41.42914286000001,39.82975288842107,0.6046657833077662,0.003960737027227879,0.6847395896911621,0.15667334841008773,0.12794728301320926,-0.20553618669509888,0.2465956211090088,0.047296442399945175,0.06849261675746163,195.0,0.13954817778497972,178.46098293979261,15730.990852028322,0.06308155004515621,0.9527035576000549,0.15667334841008773,0.37469445327920836,0.707161308586524,0.5076811954021346,1117.642409390785
1302,77.21510474578088,28.645975565936087,38.79726746000006,41.34369235999998,40.09472880421055,0.5506718918002432,-0.0012259910581633449,0.5914893746376038,0.10948936060855263,0.08446386477871287,-0.17935512959957123,0.22289423644542694,0.07232425087376644,0.051511404662236304,28.0,0.03138535944490025,279.52637836143435,14373.730736685076,0.057638913106664816,0.9276757491262335,0.10948936060855263,0.08427139848646678,0.6461478703176515,0.3090219872189407,1580.5158174958854
1303,77.22022051226003,28.645975565936087,40.13713130000002,42.85787521999998,41.38379853894738,0.5999838859895256,0.041728321462869644,0.7383052706718445,0.2645281232867325,0.1595127572185796,-0.2666536867618561,0.2729365825653076,0.026987160130550986,0.08758171623521925,13.0,0.03910027735992642,750.0499872118774,2699.3890560618033,0.010824597600560797,0.973012839869449,0.2645281232867325,0.10498637302894227,0.12134667899973234,0.11153049541725829,1413.9040120423035
1304,77.22533627873918,28.645975565936087,39.576576020000005,42.632285900000056,41.24976559368423,0.4823115621469479,0.01046084240078926,0.7313221096992493,0.1631571773060581,0.14450462149471688,-0.2689257264137268,0.25594645738601685,0.04830453973067434,0.0736888562656443,33.0,0.08694410898338478,657.0220477116958,9502.933856013122,0.03810693193153868,0.9516954602693256,0.1631571773060581,0.23344966518712756,0.4271890565725518,0.31094542174129725,1117.9361067689933
1305,77.23045204521833,28.645975565936087,39.11172529999999,41.51801138000002,40.086495926315806,0.4895027068905063,-0.0014735679142177105,0.539742648601532,0.08489525510553728,0.07073390911852274,-0.17115917801856995,0.2081190049648285,0.06969952499657346,0.048044770013890785,6.0,0.005766078689743727,239.6530920570359,10913.749603629934,0.043764327897560074,0.9303004750034265,0.08489525510553728,0.015482235142815081,0.4906100018673322,0.20553334183262195,1000.0000000003223
1306,77.23556781169748,28.645975565936087,38.94766034000003,40.441335080000044,39.78326570000002,0.2930370405409978,-0.010251631028950214,0.5782737135887146,0.0760461211622807,0.06746542597700013,-0.1737903654575348,0.23123949766159058,0.07917385168242873,0.04971312125796146,8.0,0.011290799652615624,351.9560511754961,5631.875803749638,0.02258392104503256,0.9208261483175713,0.0760461211622807,0.03031641165132611,0.25317188857578293,0.11945860242110884,706.9520060211518
1307,77.24068357817663,28.645975565936087,39.03994688,40.71477668,40.03635791157897,0.37821037739394686,-0.03573981299996376,0.6460072994232178,0.14798091419956141,0.14529105996090705,-0.2391352355480194,0.26317456364631653,0.04915997421532346,0.08158623044690268,66.0,0.0769881538272831,290.8932822970852,9687.611084362848,0.03884749086593295,0.9508400257846765,0.14798091419956141,0.20671738366758086,0.43549092335859,0.2982267995439845,500.00000000016115
1308,77.24579934465578,28.645975565936087,37.036987160000024,40.64641628000004,39.04428554315792,0.8314540260387396,-0.01762782223522663,0.762029767036438,0.32116043893914475,0.19286946560165524,-0.3069920241832733,0.22623680531978607,-0.009839418645490679,0.08442163080683841,36.0,0.04186435716265152,289.99843107862813,6279.981857369383,0.02518283772107342,1.0098394186454906,0.32116043893914475,0.11240807775444576,0.28230645036478125,0.18036742679857995,499.78109089597365
1309,77.25091511113493,28.645975565936087,34.78109396000002,39.3338966,37.01343668473686,0.8775068884432212,0.0669485554099083,0.7357162237167358,0.48737591659813595,0.14131964999700958,-0.42314693331718445,0.15651030838489532,-0.07623176440858004,0.07703566087442436,1.0,2.2887482417440894e-05,5.707576562037383,49.192257463159066,0.00019726181778284912,1.07623176440858,0.48737591659813595,6.145413610885263e-05,0.0022113585525025854,0.0009214159026663457,0.0
1310,77.25603087761408,28.645975565936087,35.93638471999998,44.25242738000003,40.1912799326316,2.0824907894368274,0.05107729509472847,0.6744115352630615,0.39158481530975875,0.13760493897438747,-0.29939496517181396,0.14234305918216705,-0.04689937123081141,0.0654495938896643,0.0,0.0,0.0,2858.129843868347,0.011461150952121284,1.0468993712308114,0.39158481530975875,0.0,0.12848261495489546,0.05139304598195819,499.78109089597365
1311,77.26114664409323,28.645975565936087,33.54889775000001,50.00495504000003,41.83591369526318,3.7627525471072714,-0.2090800404548645,0.8113846778869629,0.3697486636513158,0.2182026939750868,-0.41598162055015564,0.22047893702983856,-0.07130075555098685,0.10918780132397628,0.0,0.0,0.0,1045.9457188752071,0.004194260732230733,1.0713007555509868,0.3697486636513158,0.0,0.047018801945008744,0.0188075207780035,999.5621817919473
1312,77.26626241057238,28.645975565936087,31.98515359999999,44.78905652000003,39.01485141736844,4.826070171524303,-0.26584023237228394,0.7870461344718933,0.18031108655427633,0.31021506996665366,-0.5342331528663635,0.3752066195011139,0.03471223530016447,0.1454506325471367,0.0,0.0,0.0,2709.331664484491,0.010864467635239145,0.9652877646998356,0.18031108655427633,0.0,0.12179363291694502,0.04871745316677801,1000.0000000003223
1313,77.27137817705153,28.645975565936087,39.43301918000003,44.81469167,42.47679773631581,1.264643718344255,0.028591401875019073,0.6975502967834473,0.27417039302357454,0.19336856146355305,-0.322148859500885,0.21281948685646057,-0.019127588104783443,0.10298817781794871,5.0,0.00745314558059137,371.7263284215096,11602.797403038574,0.04652742169443279,1.0191275881047834,0.27417039302357454,0.02001210157565109,0.5215850337704022,0.22064127445355156,1117.9361067689933
1314,77.27649394353068,28.645975565936087,42.49043806999998,44.63182760000001,43.40747273000002,0.5382931322876651,0.003307607490569353,0.6990678906440735,0.19995941162109376,0.16387904216856938,-0.2404068410396576,0.2252730131149292,0.021066559382847377,0.07894905379224275,12.0,0.008397502590191223,174.5109258460137,16288.42376539355,0.06531686583371837,0.9789334406171526,0.19995941162109376,0.022547751549938978,0.7322198056750101,0.3064165731999674,1413.9040120423035
1315,77.28160971000983,28.645975565936087,43.01681315000002,44.61473749999999,44.01034055789475,0.39928096175217814,0.012121985666453838,0.6985195279121399,0.15436977453399123,0.13787178336206035,-0.2145407348871231,0.20446442067623138,0.048078093947025766,0.06911403666716534,12.0,0.013442413805443242,279.3506823723073,16422.89122537908,0.06585608271371729,0.9519219060529742,0.15436977453399123,0.03609361276894849,0.7382645733479513,0.3169619970005496,1802.2292443957206
1316,77.28672547648898,28.645975565936087,43.00143206000001,44.474598680000014,43.714020446315814,0.36014272228603567,0.01916448399424553,0.6671518683433533,0.13352337753563598,0.117054971239709,-0.19073323905467987,0.189845472574234,0.04863046211108827,0.0602792885222493,168.0,0.0929618721129987,137.99053601762319,22274.157987077437,0.08931976535949558,0.9513695378889118,0.13352337753563598,0.2496076867507539,1.0,0.5497646120504524,2235.28481878157
1317,77.29184124296813,28.645975565936087,42.62032283000002,44.62328255,43.759925618947385,0.504328244573817,0.011114277876913548,0.6472868323326111,0.12865120871025218,0.11135570370420511,-0.17848677933216095,0.21423792839050293,0.05694311309279057,0.059299398494932584,322.0,0.18104493148387446,140.21168915377828,16515.81502614307,0.06622870878943102,0.9430568869072095,0.12865120871025218,0.4861154957239697,0.7424418128597665,0.5886460225782884,2691.5661742617217
1318,77.29695700944728,28.645975565936087,41.54022851000002,44.72240513000003,43.03639533578949,0.6519848839943503,0.015238740481436253,0.74708491563797,0.23484704804002193,0.1685164978461665,-0.3039940893650055,0.42832908034324646,0.027423537404913653,0.10053354428837238,182.0,0.13913985791593003,190.64871822086837,10410.819754365872,0.04174757035482314,0.9725764625950863,0.23484704804002193,0.37359809220502543,0.46800160207368924,0.41135949615249096,3161.0316349917707
1320,77.10255788323957,28.650467121811044,38.25722030000003,39.86368970000001,39.02299170184212,0.2752646641976405,0.0025419420562684536,0.6161805987358093,0.08981465657552083,0.08458119305653312,-0.1737067997455597,0.21404244005680084,0.08251202499657347,0.04986117325692896,31.0,0.021226983615921194,170.75770651266163,19123.887006168254,0.07668712330869921,0.9174879750034265,0.08981465657552083,0.05699560644202403,0.859683480065024,0.3780707558912241,3500.0000000011282
1321,77.10767364971872,28.650467121811044,37.85731196000006,40.61565410000003,38.99960524921054,0.6848754722736435,0.007942687720060349,0.6491792798042297,0.23098609255071273,0.14426006448762418,-0.20653389394283295,0.20441989600658417,0.02491773103412829,0.06739827588578931,148.0,0.12915354662269746,217.61976822647532,9476.494623336575,0.038000910143405356,0.9750822689658717,0.23098609255071273,0.3467843028049283,0.42600052353267914,0.37847079109602866,3535.499928609914
1322,77.11278941619787,28.650467121811044,38.117081480000024,39.52872374000003,38.7757136957237,0.29727820182886666,0.030223961919546127,0.6118168234825134,0.19140689247532894,0.1403254211490813,-0.20851454138755798,0.21114304661750793,0.030577877111602248,0.06890534152927463,412.0,0.2884911189298113,174.6179777292759,11844.12576436044,0.0474951526686122,0.9694221228883978,0.19140689247532894,0.7746143575580794,0.5324335608210302,0.6777420388632598,3639.922936104435
1323,77.11790518267702,28.650467121811044,37.888074140000015,42.71431838000001,38.78555174671054,0.847466199540091,0.03429101034998894,0.6132286787033081,0.22414679276315788,0.14182108495574727,-0.18021652102470398,0.18088097870349884,0.01654860111705044,0.06600779970397296,218.0,0.3758322633282145,429.9236022478993,11139.42431567259,0.044669287462761866,0.9834513988829495,0.22414679276315788,1.0,0.5007548443749733,0.8003019377499894,3807.602619331904
1324,77.12302094915617,28.650467121811044,38.74257914000003,43.68161803999999,40.507199425921065,1.1819333243589247,-0.027858486399054527,0.6302945017814636,0.15299654776589913,0.11943667470614704,-0.35066837072372437,0.3201873302459717,0.0538113082082648,0.09215565102835309,79.0,0.15830946203219912,499.72779303097,7799.0623251569195,0.0312743771194962,0.9461886917917351,0.15299654776589913,0.42506952270261106,0.35059426144760025,0.39527941820060675,4030.652046889292
1325,77.12813671563532,28.650467121811044,38.212786040000026,40.90960382000003,39.12675784190791,0.6296014899296709,0.017103763297200203,0.6040730476379395,0.1759581877055921,0.1305170541159078,-0.20616483688354492,0.22542594373226166,0.025366366202371163,0.06968009786898956,280.0,0.22038153847702774,196.27767340486628,20836.037768882277,0.08355287798613398,0.9746336337976288,0.1759581877055921,0.5917364266820887,0.9366504546979124,0.7297020378884183,3806.3404359632727
1326,77.13325248211447,28.650467121811044,37.69324700000004,39.43985522000003,38.478784451710546,0.36813684362585997,0.03937750682234764,0.6610373854637146,0.23218304550438595,0.1562604485445452,-0.316970556974411,0.2042953073978424,0.00531325524313408,0.07580646628182892,360.0,0.2379264307296074,164.81392836309817,18913.83062900172,0.07584479354109742,0.9946867447568659,0.23218304550438595,0.6388454173888849,0.8502407345983659,0.7234035442726773,3352.8123757440653
1327,77.13836824859362,28.650467121811044,37.82996780000002,39.80216533999999,38.83889084828949,0.4808400298977904,0.036402568221092224,0.6409645676612854,0.2105555698327851,0.14669474665911217,-0.2472415268421173,0.21309824287891388,0.003786090716981051,0.07448912375413957,230.0,0.20974120593733797,227.4100464455233,14714.59654070183,0.05900579097704339,0.9962139092830189,0.2105555698327851,0.5631665546353815,0.6614709424806365,0.6024883097734834,2914.44568139838
1328,77.14348401507277,28.650467121811044,38.66396468000005,41.50092128000006,39.67885801980265,0.6574956724950061,0.018657265231013298,0.6747839450836182,0.21535875822368422,0.14382603056847335,-0.2359420359134674,0.2504127621650696,0.008023256000719573,0.07000020227232982,133.0,0.19371714982332686,363.22033266013284,10310.328443010158,0.04134459842851428,0.9919767439992804,0.21535875822368422,0.5201410917432318,0.46348417733494685,0.49747832597991776,2499.231066365491
1329,77.14859978155192,28.650467121811044,37.89832820000004,42.36568034000004,40.628010692039496,1.124378098080361,-0.01303317490965128,0.6638193726539612,0.24092218767132675,0.14982033611591808,-0.2005438506603241,0.2785327732563019,0.02839069031832511,0.0721979698128049,37.0,0.08104787374264442,546.2527343720122,8278.105827531726,0.03319534999101541,0.9716093096816749,0.24092218767132675,0.21761795262016773,0.3721288890623357,0.2794223271970349,2120.8106249113166
1330,77.15371554803107,28.650467121811044,37.0267331,41.148865220000005,38.8856525100658,0.8642167787588979,0.029885057359933853,0.6842448711395264,0.280559296189693,0.16213525246160967,-0.22919096052646637,0.20061255991458893,-0.003113559923673931,0.07329891330497756,20.0,0.035148541602274444,438.25919465494565,10419.512562115566,0.04178242866681717,1.003113559923674,0.280559296189693,0.09437574741762972,0.46839237321845606,0.24398239773796027,1802.5090792483363
1331,77.15883131451022,28.650467121811044,38.22645812000002,40.54387568000004,39.33607783644738,0.561574227197902,0.010315533727407455,0.6867509484291077,0.2109694096080044,0.15401397402008773,-0.19764351844787598,0.2889258861541748,0.031198390492221766,0.07419282415164893,38.0,0.08285936690217638,543.7656084235523,13989.456320179106,0.05609796593659072,0.9688016095077783,0.2109694096080044,0.22248191035722753,0.6288734340288754,0.38503851982588666,1580.454904999013
1332,77.16394708098937,28.650467121811044,38.02479493999999,40.68401449999999,39.430500638947386,0.6807434891314504,-0.011923377402126789,0.6357846856117249,0.15049763997395835,0.12608021471662395,-0.20734907686710358,0.25274407863616943,0.05206185324150219,0.06864192008633321,11.0,0.012654347712885705,286.8803491343447,14206.81470142418,0.05696957686899918,0.9479381467584979,0.15049763997395835,0.03397761241419136,0.6386444293056094,0.27584433917075857,1117.6041252480218
1333,77.16906284746852,28.650467121811044,36.84216002000005,39.867107720000035,38.40008004381581,0.6648303060162959,0.03199522942304611,0.705916166305542,0.33584359152275217,0.17330732229402074,-0.2551770806312561,0.226013645529747,-0.02447878921241091,0.07500741235349492,28.0,0.06349156511363904,565.4728053655757,7812.077513808341,0.031326568254942434,1.024478789212411,0.33584359152275217,0.17047830832124897,0.3511793382507599,0.24275872029305334,706.9368749704388
1334,77.17417861394767,28.650467121811044,37.85047592000001,41.965772000000015,39.66868266421054,0.9474664598246757,0.05311240628361702,0.7618721723556519,0.396150116502193,0.14939643742325706,-0.2918206751346588,0.1829349249601364,-0.024975816157826205,0.07040635026881915,24.0,0.020898267816163787,217.1464686082131,1147.1963519749436,0.004600277552090572,1.0249758161578262,0.396150116502193,0.05611298662692247,0.05157036076743292,0.05429593628312665,500.00000000016115
1335,77.17929438042682,28.650467121811044,36.73620140000003,41.45306900000003,39.17079857986844,0.9055672858436618,0.021178027614951134,0.754045307636261,0.30117078508649553,0.1845410856943508,-0.27220121026039124,0.20411664247512817,-0.002806056227002825,0.08191077993158594,72.0,0.09687550753690904,335.5329819887063,4673.289452002196,0.018739972911748688,1.002806056227003,0.30117078508649553,0.26011601089208186,0.21008018600782305,0.24010168093837836,706.9368749704388
1336,77.18441014690598,28.650467121811044,38.212786040000026,39.87394376000003,38.98334716723686,0.4162995108920072,0.027646873146295547,0.6802867650985718,0.1614489317776864,0.12165362999993386,-0.1764705926179886,0.2460504174232483,0.050229053162691883,0.06276718346939317,521.0,0.3946046446691438,188.8766153726085,22569.017496097775,0.09050215717762815,0.9497709468373081,0.1614489317776864,1.0,1.0,1.0,1117.6041252480218
1337,77.18952591338513,28.650467121811044,38.89297202,42.26997577999998,40.34912724440792,0.8325892156687221,-0.0017713048728182912,0.6419596076011658,0.1522313596491228,0.11626396086550184,-0.22821839153766632,0.25688305497169495,0.059440125582510966,0.06660929520259636,559.0,0.4286514305138201,191.2256702115729,24694.44228767423,0.09902514798082719,0.940559874417489,0.1522313596491228,1.0,1.0,1.0,706.9368749704388
1338,77.19464167986428,28.650467121811044,39.166413620000014,42.259721720000016,40.74160363960529,0.7050221190170846,-0.009585702791810036,0.7104235291481018,0.18007992393092107,0.14492350464494572,-0.2699839472770691,0.2975541651248932,0.048739029733758224,0.08290076592432905,483.0,0.3776347171014951,194.97480960088237,19294.60562674259,0.07737170798036415,0.9512609702662418,0.18007992393092107,1.0,0.8673578601635838,0.9469431440654336,500.00000000016115
1339,77.19975744634343,28.650467121811044,37.26257648000001,41.41888879999999,39.86805217289476,0.8424810530878607,0.011391461826860905,0.7401955127716064,0.20634960509183115,0.15246978158719054,-0.314605712890625,0.222208172082901,0.027897031014425713,0.0820227894733183,324.0,0.25822463404420243,198.7496546093407,10842.236616471026,0.043477559561046694,0.9721029689855742,0.20634960509183115,0.6933471981662117,0.487395250930413,0.6109664192718922,706.9368749704388
1340,77.20487321282258,28.650467121811044,36.94811864000002,41.53851950000001,39.630454808947384,1.1227922387080715,0.026595745235681534,0.7494663596153259,0.3032373046875,0.1777645141060094,-0.2772122919559479,0.37927496433258057,-0.015264632911012883,0.09103619422170549,102.0,0.11708224004525727,286.2493922655892,8755.857811860857,0.03511114385245198,1.0152646329110129,0.3032373046875,0.31437218757567087,0.39360545856745593,0.3460654959723849,1117.6041252480218
1341,77.20998897930173,28.650467121811044,38.37001496000005,41.40179870000003,39.72089741710528,0.5345245862291967,0.013470681384205818,0.6791120171546936,0.17095998663651316,0.12435330700783144,-0.23095069825649261,0.19737541675567627,0.03648658083196272,0.06517189291308756,171.0,0.10939511143099823,159.53483474413085,12323.45471113787,0.04941727017720727,0.9635134191680372,0.17095998663651316,0.2937318288183903,0.5539810201282628,0.39783150534233924,1413.8737499408776
1342,77.21510474578088,28.650467121811044,39.56632195999998,41.377872560000014,40.36196730638159,0.382492152110583,0.03278509899973869,0.6485915780067444,0.12443496436403509,0.08780215053653467,-0.21778351068496704,0.19205665588378906,0.06178338301809211,0.04913094065218366,15.0,0.009609446737669983,159.75734966893845,10586.089100659417,0.04245040351667528,0.938216616981908,0.12443496436403509,0.025801887554811755,0.4758805527034308,0.2058333536142594,1802.1758256995688
1343,77.22022051226003,28.650467121811044,39.64835444000005,42.35542628000002,40.95053011210528,0.7212469205196267,0.013530704192817211,0.6700758934020996,0.17762075323807566,0.14028502759223688,-0.19344188272953033,0.28517189621925354,0.04666355601528235,0.06955942322282876,19.0,0.014566893817005391,191.19083756931693,5944.909651488661,0.02383919228113724,0.9533364439847176,0.17762075323807566,0.039112902808012176,0.26724382005684794,0.13036526970754647,1802.5090792483363
1344,77.22533627873918,28.650467121811044,39.70646078000004,42.66646609999998,41.16481972782896,0.7213264589959056,0.00804225169122219,0.5651370286941528,0.09436351039953399,0.062278076754883935,-0.15094976127147675,0.24280983209609985,0.08058137592516447,0.0493400809706502,53.0,0.03856885132126108,181.47406072540167,8281.310898577312,0.03320820238228956,0.9194186240748355,0.09436351039953399,0.10355946518839092,0.3722729678591533,0.21104486625669588,1499.2790623280505
1345,77.23045204521833,28.650467121811044,40.35930259999998,42.48189302000003,41.608959945065806,0.5315286605151683,-0.002727548126131296,0.6291415095329285,0.0796247194524397,0.06072568922554774,-0.16025789082050323,0.2627536952495575,0.09030256304824562,0.04830283006424783,22.0,0.022669909575229172,256.9690560645538,9631.158507028296,0.03862111503774737,0.9096974369517544,0.0796247194524397,0.060869941184526655,0.4329531888422778,0.2097032402476271,999.519374885367
1346,77.23556781169748,28.650467121811044,39.76114910000001,43.175751080000055,41.3227007700658,0.9510247860881694,-0.0080924853682518,0.7127223014831543,0.20004587273848684,0.15526086573117392,-0.23097795248031616,0.2477216273546219,0.04648198713336075,0.07330269358162288,27.0,0.10280482208011069,949.5185286047869,3117.3074299443924,0.012500457631555962,0.9535180128666393,0.20004587273848684,0.2760365431867324,0.14013352510097826,0.22167533595243072,499.7596874426835
1347,77.24068357817663,28.650467121811044,37.41980540000003,41.36761850000005,39.171630597894755,0.8142681505479898,0.009074660018086433,0.7497231364250183,0.42611349540844295,0.17092834101379217,-0.27588388323783875,0.1833382248878479,-0.05983450370922423,0.08171108019284691,23.0,0.04945110488393298,536.1692285586165,3443.432909714147,0.013808226542402654,1.0598345037092243,0.42611349540844295,0.13277890835011988,0.15479396977396284,0.14158493291965707,0.0
1348,77.24579934465578,28.650467121811044,37.12243766000006,41.40179870000003,39.3037977857237,1.1443672239743128,0.029437776654958725,0.7537510991096497,0.4089941834566886,0.17198388463717112,-0.2906551659107208,0.16307903826236725,-0.05796575713575932,0.07905050199991755,18.0,0.03203948523949221,443.88119544846364,3988.8250243198117,0.015995258516125706,1.0579657571357592,0.4089941834566886,0.08602776185050953,0.1793111921845006,0.12334113398410596,0.0
1349,77.25091511113493,28.650467121811044,37.17370796,40.11662318000003,38.562717080986864,0.5679764753158741,0.03613053634762764,0.7606473565101624,0.4057359340734649,0.16828683166966657,-0.2853303551673889,0.1672794073820114,-0.04038971214963679,0.07936657304018407,2.0,0.0021960830593950697,273.8246166502603,5400.211576630161,0.021654943419009375,1.0403897121496368,0.4057359340734649,0.005896602552300296,0.24275779708316908,0.10064108036464782,0.0
1350,77.25603087761408,28.650467121811044,37.1292737,44.440418480000005,40.85297037677634,1.740748918984578,0.0533333346247673,0.6969152688980103,0.3385326291803728,0.14824416697735474,-0.26636284589767456,0.2909673750400543,-0.01740222328587582,0.07557767637824363,0.0,0.0,0.0,2142.308342772189,0.0085906941404975,1.017402223285876,0.3385326291803728,0.0,0.09630401449729868,0.03852160579891947,499.7596874426835
1351,77.26114664409323,28.650467121811044,33.76594202000001,49.17779420000002,42.157636481217125,3.421661699412952,-0.23165617883205414,0.6951608061790466,0.2477369877330044,0.22064963879973448,-0.37254902720451355,0.4501636326313019,0.0012510831732498971,0.09948709036260849,0.0,0.0,0.0,2960.2346577420785,0.011870593051910992,0.9987489168267502,0.2477369877330044,0.0,0.13307257209561946,0.05322902883824779,706.9368749704388
1352,77.26626241057238,28.650467121811044,33.114809210000004,47.01760556000005,43.423130277500015,2.8883369693103003,-0.23275378346443176,0.7088193893432617,0.25936101545367324,0.2077827427047054,-0.3466901183128357,0.3975728154182434,0.0032370256122789885,0.09504660556149579,1.0,0.0006077098499759595,151.54792619737458,5750.644887279867,0.02306018715929093,0.996762974387721,0.25936101545367324,0.0016317340262227413,0.2585109610677125,0.10438342484281864,1117.6041252480218
1353,77.27137817705153,28.650467121811044,40.48576934000005,44.211411139999996,42.44560466621713,0.8610410410736075,0.029051000252366066,0.6909035444259644,0.23680402789199562,0.1605407537194001,-0.2605574429035187,0.25193798542022705,0.004119881747061746,0.07620184289518236,15.0,0.05226496431189962,868.9066506065369,10806.650202358622,0.043334857414444795,0.9958801182529382,0.23680402789199562,0.14033427407901577,0.48579552110993673,0.27851877289138416,1580.454904999013
1354,77.27649394353068,28.650467121811044,42.53658134,44.34471392000003,43.41831181875002,0.3276887505685598,0.028982199728488922,0.6678169369697571,0.16095964704241073,0.13570721347741316,-0.20401185750961304,0.20253360271453857,0.0346894291469029,0.06880022694440029,15.0,0.009141233694689714,151.97329332636764,19288.64883849892,0.07734782115471941,0.9653105708530971,0.16095964704241073,0.02454471004850275,0.867090082360584,0.3615628589733353,1802.5090792483363
1355,77.28160971000983,28.650467121811044,43.56711437000001,44.73095018000001,44.15839247779607,0.2705588379080998,-0.0007380073657259345,0.6192307472229004,0.10372588575932018,0.09188805367836267,-0.17689217627048492,0.21933458745479584,0.06798602187842653,0.05425863061161312,47.0,0.032361307699135,171.70459879731519,18039.123890503055,0.07233720413249228,0.9320139781215735,0.10372588575932018,0.08689187267218307,0.8109197046871184,0.37650300547815724,2120.8106249113166
1356,77.28672547648898,28.650467121811044,43.515844070000014,44.44554551000002,43.933157327631605,0.22320988279275317,-0.014492753893136978,0.6013568043708801,0.07874216180098684,0.059612207208194976,-0.11892431974411011,0.19031646847724915,0.07205009594298245,0.04601776195876672,14.0,0.007878885570303522,140.34291070379726,23563.72354404918,0.09449094592808219,0.9279499040570176,0.07874216180098684,0.02115523662202975,1.0,0.4126931419732179,2499.231066365491
1357,77.29184124296813,28.650467121811044,42.7348265,45.18896486000003,44.020626033519754,0.4723457390479988,0.008605851791799068,0.6915749907493591,0.12730758934690242,0.11857650518823676,-0.22780506312847137,0.4325471818447113,0.05999801903440241,0.07136076166374106,0.0,0.0,0.0,18477.68026475011,0.07409582290799813,0.9400019809655976,0.12730758934690242,0.0,0.8306342987911204,0.33225371951644816,2914.44568139838
1358,77.29695700944728,28.650467121811044,41.64276911000002,44.536123040000035,43.057278459144754,0.6112574133831944,0.023634882643818855,0.7314386367797852,0.2751795504385965,0.16679261055130729,-0.24337509274482727,0.4082612991333008,0.002409521069443017,0.08887750761779346,216.0,0.12754275534456858,147.2501568246047,11396.344519997387,0.04569954200166377,0.997590478930557,0.2751795504385965,0.3424592405440982,0.5123042775671753,0.41039725535332905,3352.8123757440653
1360,77.10255788323957,28.654958677686,38.74941518000003,41.12152106000002,40.14159694842107,0.4988269428916817,0.007028753869235516,0.6421337127685547,0.08919196948670505,0.08478691676633397,-0.24060533940792084,0.24111536145210266,0.08074938857764528,0.05133750152121593,84.0,0.05173655165081822,153.59317388363132,15929.296778603959,0.06387676029918284,0.9192506114223548,0.08919196948670505,0.1389154573213023,0.71607583150862,0.3697796069962294,3000.000000000967
1361,77.10767364971872,28.654958677686,37.00964299999998,40.84466143999998,38.70741480421054,0.9140743269213426,0.020632736384868622,0.7554923892021179,0.3191757898163377,0.1898010743468557,-0.2791803777217865,0.2412935346364975,-0.01817681295829907,0.09038278469691477,19.0,0.044503635059635914,584.1112984566392,8240.32735482242,0.03304385765087878,1.018176812958299,0.3191757898163377,0.11949468256978223,0.37043061878496986,0.21986905705585727,3041.33824975468
1362,77.11278941619787,28.654958677686,37.24206836000002,40.09611505999999,38.2101193494737,0.6223799188742554,0.04417243227362633,0.6848944425582886,0.21843690035635965,0.15152155049122656,-0.22335317730903625,0.21144278347492218,0.026108620626884595,0.07212438741133483,13.0,0.01498005800572121,287.35837887277637,16009.99695211858,0.06420036941459714,0.9738913793731154,0.21843690035635965,0.04022227114418606,0.7197035775827588,0.31201479371961516,3162.1121734793096
1363,77.11790518267702,28.654958677686,37.37195312000006,45.02148188000001,39.13319639157896,1.8569218351661034,0.011620795354247093,0.6611437797546387,0.22656937448601974,0.15219329872087853,-0.20027032494544983,0.3307052254676819,0.023369694759971218,0.08376882603763454,107.0,0.08026156561381813,187.05855342800783,10321.937977235317,0.041391152864983925,0.9766303052400288,0.22656937448601974,0.21550667249371896,0.4640060652116844,0.31490642958090515,3353.7509067820392
1364,77.12302094915617,28.654958677686,37.35486302000004,44.83690880000006,40.052527368421075,1.539987730518303,-0.018960244953632355,0.6826265454292297,0.2896501721833882,0.1726930748321372,-0.2626435458660126,0.23497267067432404,-0.0015747953716077302,0.08882033796285188,24.0,0.07360426153341756,764.7957049404339,4661.283469409323,0.018691828710350467,1.0015747953716077,0.2896501721833882,0.19763144866555354,0.20954047643446524,0.20239505977311822,3604.9706781951463
1365,77.12813671563532,28.654958677686,36.87975824,40.65325231999998,38.86114104736844,0.5573730163629009,0.030332209542393684,0.6459155678749084,0.2200839929413377,0.14154104317528796,-0.21563181281089783,0.32523229718208313,0.02221237851862322,0.06717137223483349,252.0,0.17056825871744727,168.7918205104081,11774.840869678268,0.04721731902212557,0.9777876214813768,0.2200839929413377,0.45798505907684833,0.5293189701859206,0.48651862352047726,3904.287225010773
1366,77.13325248211447,28.654958677686,38.26747436000005,40.75921094,39.584216300000016,0.47454722192588494,0.00834492314606905,0.6246930956840515,0.14798067862527411,0.1284258368043088,-0.3053097426891327,0.2130446434020996,0.04353223031027275,0.07275889759415596,189.0,0.09774787161174046,128.9731264532994,15554.981668948978,0.06237575012477833,0.9564677696897272,0.14798067862527411,0.2624583559177764,0.6992490997879545,0.4371746534658476,3604.244800085695
1367,77.13836824859362,28.654958677686,38.72890705999998,42.20161538000002,40.15949128842108,0.7217886411079408,0.01645510084927082,0.5804274678230286,0.169230453758909,0.11538186042278158,-0.21129845082759857,0.20306512713432312,0.036008525647615135,0.06510288993582525,158.0,0.14224947085942624,224.51599929619474,13041.418478691476,0.05229631751501066,0.9639914743523849,0.169230453758909,0.3819475722216586,0.5862559227174696,0.463670912419983,3200.540381776037
1368,77.14348401507277,28.654958677686,38.86220983999999,43.322725940000055,40.28431780210528,1.2372382405821232,-0.016615385189652443,0.645531415939331,0.16231263277823466,0.11727653460428607,-0.17351415753364563,0.29124578833580017,0.03821910389682703,0.0645270812680659,179.0,0.12659551364958052,176.3676817671006,6797.351006740779,0.02725749711124677,0.961780896103173,0.16231263277823466,0.339915845032523,0.3055639455939899,0.32617508525710975,2827.6869682911424
1369,77.14859978155192,28.654958677686,38.17518782000002,42.64937600000002,40.488234970526335,1.0489439414350472,0.0034002040047198534,0.7013657093048096,0.24049894634046054,0.16300350341624362,-0.24017766118049622,0.2718197703361511,0.024637673361259594,0.08296450463128945,38.0,0.11288246459963686,740.7925541579222,5153.5479519208275,0.020665817944792015,0.9753623266387405,0.24049894634046054,0.3030955619007954,0.23166943187649444,0.27452510989107504,2498.691404590915
1370,77.15371554803107,28.654958677686,37.90174622000001,43.38083228000005,40.846672040000016,1.3390498806347124,0.01199563778936863,0.6546146273612976,0.20203298468338815,0.13412000006713326,-0.21976110339164734,0.3657076954841614,0.05000110291598136,0.08145181943252033,10.0,0.08945781311639041,2230.8583710594075,4363.2015945264375,0.017496515148423486,0.9499988970840186,0.20203298468338815,0.24019909761091382,0.1961406867650862,0.2225757332725828,1998.9531236727323
1371,77.15883131451022,28.654958677686,37.52576402,41.52142939999999,38.72953140421054,0.5717729310485372,0.007807807996869087,0.6525096297264099,0.1319516687225877,0.11896414427214974,-0.20414134860038757,0.21384425461292267,0.04862171909265351,0.05225856467463324,1.0,0.0020350759951619775,507.498021848842,11864.548798761163,0.04757704939582675,0.9513782809073464,0.1319516687225877,0.005464289820851629,0.5333516453757778,0.21661923204282213,1499.2148427545492
1372,77.16394708098937,28.654958677686,38.178605840000046,39.887615840000024,39.030803941052646,0.3433928553142385,0.010876519605517387,0.6396065354347229,0.17050982558936403,0.14237850671849145,-0.20400767028331757,0.22610415518283844,0.03175456532260828,0.06513919854610706,190.0,0.174081923095119,228.48294976502677,13795.96642349019,0.055322068047130045,0.9682454346773918,0.17050982558936403,0.4674194391876866,0.620175407958689,0.5285218266960875,999.4765618363662
1373,77.16906284746852,28.654958677686,38.25380228000006,40.913021840000056,39.13335512315791,0.6535962652969396,0.03654307872056961,0.6878048777580261,0.22906956722861843,0.14786893095473597,-0.17501312494277954,0.2055789977312088,0.04426006384063185,0.06036564947306327,74.0,0.07453189755407402,251.1679267868677,7700.756657948565,0.030880169664666564,0.9557399361593681,0.22906956722861843,0.20012220187436675,0.3461750888145192,0.2585433566504277,499.7382809181831
1374,77.17417861394767,28.654958677686,37.85731196000006,41.07708680000002,39.61702082631581,0.7590232266801842,0.08295060694217682,0.7244289517402649,0.41312911184210527,0.12781791049800675,-0.2120533287525177,0.18877297639846802,0.002258051487437466,0.07783341322583358,0.0,0.0,0.0,2210.349318578512,0.008863539650409829,0.9977419485125625,0.41312911184210527,0.0,0.09936268676666178,0.03974507470666472,0.0
1375,77.17929438042682,28.654958677686,36.51061207999999,40.43449903999999,38.52809044842107,0.6781685377668039,0.020442452281713486,0.7416868805885315,0.2671551513671875,0.2013149668339169,-0.2818509638309479,0.21031111478805542,0.015151350838797433,0.08375503435893829,5.0,0.0020553873281911137,102.51263399204342,8787.356431841594,0.035237453872676294,0.9848486491612025,0.2671551513671875,0.005518826855627179,0.3950214281992338,0.16131986739306983,499.7382809181831
1376,77.18441014690598,28.654958677686,38.65371062000003,41.360782459999996,39.320034042105284,0.49387379954095834,0.025501159951090813,0.6807734966278076,0.1966587428042763,0.1648329439673617,-0.23838210105895996,0.24249044060707092,0.025347905744586074,0.0764715310364829,315.0,0.26136372706767386,206.91333611005783,17367.12300186442,0.06964246874768454,0.9746520942554139,0.1966587428042763,0.7017758338022466,0.780710989149042,0.7333498959409648,999.4765618363662
1377,77.18952591338513,28.654958677686,38.18885990000001,40.608818059999976,39.52188770000002,0.4558617686038327,0.025584472343325615,0.6685786843299866,0.23033053214089913,0.15538438588868286,-0.21961751580238342,0.22087043523788452,0.010734020032380756,0.07699558748988145,268.0,0.2526022738304574,235.04779627914968,13402.88069577852,0.053745787364118704,0.9892659799676192,0.23033053214089913,0.6782508549543786,0.6025048733935107,0.6479524623300315,499.7382809181831
1378,77.19464167986428,28.654958677686,36.985716860000025,40.22599982000003,38.82039994210528,0.5958235774295892,0.043202344328165054,0.744509756565094,0.41871881853070175,0.1786510502147063,-0.2781922221183777,0.1666431874036789,-0.07660210325006853,0.07963735790192616,59.0,0.09887117213554335,417.8990591477106,3446.9716749089016,0.013822417053085087,1.0766021032500686,0.41871881853070175,0.26547447896800425,0.15495304925277267,0.2212659070819116,0.0
1379,77.19975744634343,28.654958677686,38.22304010000005,41.818797140000015,39.78114927894739,0.5676528438526747,0.013097712770104408,0.7555456161499023,0.2207260827850877,0.17111350589180327,-0.237483948469162,0.24217934906482697,0.018616164358038652,0.0782457553474524,156.0,0.1791998296596679,286.4617998898543,10039.814461940903,0.04025983260573495,0.9813838356419613,0.2207260827850877,0.48116129689286213,0.4513236578455328,0.4692262412739304,499.7382809181831
1380,77.20487321282258,28.654958677686,37.39246123999999,42.55708946000004,39.482257715789494,1.3305591492397693,0.030581040307879448,0.7680614590644836,0.319534912109375,0.20528685173981373,-0.2959216237068176,0.25784218311309814,-0.02504460384971217,0.1036584466416541,18.0,0.03677003014456199,509.4190750956927,7158.583294584287,0.028706044940043477,1.025044603849712,0.319534912109375,0.09872953241500235,0.3218025601719255,0.18795874351777161,999.4765618363662
1381,77.20998897930173,28.654958677686,38.527243880000015,41.606879900000024,40.11841155578949,0.482523743197534,-0.002903140615671873,0.6734207272529602,0.11395839758086623,0.08342989218925667,-0.2103448212146759,0.2804686427116394,0.07495891370271382,0.05865769051159022,157.0,0.13396993363156265,212.7949964693451,14409.056640639901,0.057780570602952115,0.9250410862972862,0.11395839758086623,0.3597165640906938,0.6477358893243803,0.4749242941841684,1499.2148427545492
1382,77.21510474578088,28.654958677686,39.47403542000001,42.864711260000036,41.092314449473704,0.9456018356822217,-0.01638367585837841,0.698458194732666,0.16535782663445725,0.12159192846164654,-0.26986274123191833,0.25435853004455566,0.05331864741810581,0.07098827746989166,36.0,0.056474794426076454,391.2063361063904,9488.728162919962,0.03804996685233856,0.9466813525818942,0.16535782663445725,0.1516378970862638,0.4265504625633358,0.2616029232770926,1998.9531236727323
1383,77.22022051226003,28.654958677686,40.13371328000005,42.24263162,40.936725755789496,0.4596776962440935,0.01915796659886837,0.5750759840011597,0.1265682715700384,0.09180622148801806,-0.16793230175971985,0.240079864859581,0.0754204679790296,0.05400567247917492,263.0,0.10796994627909198,102.37663695557679,5981.269148690426,0.02398499450452701,0.9245795320209704,0.1265682715700384,0.2899051828105227,0.268878302580079,0.28149443071834523,1998.9531236727323
1384,77.22533627873918,28.654958677686,40.161057440000036,42.43404074,41.05316066000002,0.5044356358538995,0.01886792480945587,0.6372804045677185,0.09516753614994518,0.06629293110764405,-0.1896873265504837,0.24188876152038574,0.08505073413514254,0.04659637546799896,168.0,0.09256715720110717,137.40462997864137,8427.037023226909,0.03379256670564589,0.9149492658648575,0.09516753614994518,0.24854785572708957,0.37882385063391283,0.30065825368981886,1499.2148427545492
1385,77.23045204521833,28.654958677686,39.573158000000035,42.20503340000005,41.56472079263159,0.4433805360025269,-0.005780346691608429,0.6093823313713074,0.10212628280907346,0.0827861783038137,-0.1670382022857666,0.24276696145534515,0.08664585046600877,0.05389632458986531,127.0,0.08668143259975584,170.20647660843647,11511.501395731684,0.04616132309911703,0.9133541495339912,0.10212628280907346,0.23274436479900742,0.5174809690866736,0.34663900651407387,999.4765618363662
1386,77.23556781169748,28.654958677686,41.08050481999999,43.64060180000001,42.18327659157897,0.5284659399739103,-0.001163467182777822,0.6821849942207336,0.17718506930167216,0.12806221938377563,-0.21601299941539764,0.25795334577560425,0.04509055689761513,0.06976810267339362,41.0,0.03504195036394932,213.13665008576106,8932.484202270585,0.03581941878508217,0.9549094431023849,0.17718506930167216,0.09408954414072182,0.40154541292557266,0.21707189165466217,499.7382809181831
1387,77.24068357817663,28.654958677686,37.60096046000001,41.38470860000001,39.158043174736854,0.827087765741921,0.010713535360991955,0.7268566489219666,0.4384473941200658,0.15040887040179454,-0.28570103645324707,0.3122256100177765,-0.04653571413274397,0.06971317204018854,31.0,0.09835821103308678,791.229825046878,0.0,0.0,1.046535714132744,0.4384473941200658,0.26409715048626214,0.0,0.1584582902917573,0.0
1388,77.24579934465578,28.654958677686,36.312366920000045,42.28706588,38.93800946000002,1.6326641442866605,0.07786396145820618,0.7433355450630188,0.4362426329495614,0.15266124000121623,-0.2629947364330292,0.14773115515708923,-0.06332517925061677,0.07590966859598633,5.0,0.014848527700900371,740.5716988937204,2702.9783629290487,0.010838990784239012,1.0633251792506169,0.4362426329495614,0.03986910511624674,0.12150803049786969,0.07252467526889592,0.0
1389,77.25091511113493,28.654958677686,37.11901964000003,42.33150014,39.159503505263174,1.411793141077648,0.06189555302262306,0.6838383674621582,0.35920470120614034,0.12947437590784464,-0.21884901821613312,0.12266632914543152,-0.026131077816611843,0.06603470571967193,0.0,0.0,0.0,4367.793738673953,0.017514929727236794,1.026131077816612,0.35920470120614034,0.0,0.19634711919487535,0.07853884767795015,499.7382809181831
1390,77.25603087761408,28.654958677686,32.41924214000005,43.956768650000015,39.66222228894739,2.4343616455419763,-0.14478114247322083,0.700507640838623,0.40345390453673247,0.13250997564579448,-0.33397871255874634,0.15851692855358124,-0.03352290103310033,0.07214145040543661,0.0,0.0,0.0,1525.706695206665,0.006118110686937411,1.0335229010331004,0.40345390453673247,0.0,0.06858568244367469,0.02743427297746988,0.0
1391,77.26114664409323,28.654958677686,32.00395270999999,45.56152903999998,38.732034072105286,4.2246827815867,-0.19142259657382965,0.690750777721405,0.20428612424616227,0.25237687938751513,-0.4345244765281677,0.40026143193244934,-0.003065099214252673,0.10911310352738825,0.0,0.0,0.0,1477.159235973767,0.0059234345214007455,1.0030650992142527,0.20428612424616227,0.0,0.06640330975509987,0.026561323902039947,499.7382809181831
1392,77.26626241057238,28.654958677686,42.401569550000005,47.43631301000002,44.5432077594737,1.1545367117436816,0.03400211036205292,0.6714651584625244,0.24541319729989036,0.15026126299189554,-0.22722890973091125,0.2052730768918991,0.015363725361071135,0.06849092511544838,20.0,0.07538334343285075,939.9378146927302,6726.291567352542,0.02697254750927228,0.9846362746389289,0.24541319729989036,0.20240838040502915,0.30236958316520934,0.24239286150910122,999.4765618363662
1393,77.27137817705153,28.654958677686,40.63274420000005,44.82323672000001,42.46579763789475,0.9047216507710064,0.004799642600119114,0.7027242183685303,0.22139569198876097,0.1670188740612678,-0.2052934467792511,0.209275022149086,0.016286642509594298,0.07657346011404569,21.0,0.023096712270030805,274.2739692257738,14543.634843966098,0.05832023156569523,0.9837133574904057,0.22139569198876097,0.062015929651916046,0.653785635285494,0.2987238119053473,1499.2148427545492
1394,77.27649394353068,28.654958677686,42.92452661000004,45.29492348000002,44.16907125500001,0.5136139739694312,-0.004187359940260649,0.6062509417533875,0.12158434186662946,0.10846781465877976,-0.20545746386051178,0.21770334243774414,0.06046017783028739,0.061829175538117995,30.0,0.02310823367916125,192.08755034987783,15161.53359990682,0.06079801644665767,0.9395398221697127,0.12158434186662946,0.062046865262567946,0.6815622767529758,0.3098530298587311,1998.9531236727323
1395,77.28160971000983,28.654958677686,43.46799179000001,44.97362959999998,44.1960935426316,0.35281468276680145,0.017880506813526154,0.6382344365119934,0.10150114360608553,0.0832397549108759,-0.18090938031673431,0.21973827481269836,0.0665216278611568,0.05584253763056867,24.0,0.03316343636380927,344.58947299663333,16270.80228195652,0.06524620337515113,0.9334783721388432,0.10150114360608553,0.0890456317985316,0.7314276603229606,0.3459984432083032,2498.691404590915
1396,77.28672547648898,28.654958677686,43.331270990000036,44.107161529999985,43.76772992157896,0.18983495115679683,0.0036240636836737394,0.5959019064903259,0.08804305227179277,0.06891419448378144,-0.16823266446590424,0.19653727114200592,0.07097391764322916,0.04753016335015644,8.0,0.005881705477363426,183.34412952855456,20187.231076211152,0.08095115173517194,0.9290260823567709,0.08804305227179277,0.01579269936140452,0.9074843968109835,0.37246937834123617,2827.6869682911424
1397,77.29184124296813,28.654958677686,42.52974530000003,45.46924250000001,43.727221622631596,0.5991479188075365,0.010723337531089783,0.6649899482727051,0.17505496376439145,0.1408640291673988,-0.2813950181007385,0.4549831449985504,0.04129653395267955,0.09097974007654014,10.0,0.03643204610347267,908.5258424438632,12465.684667620224,0.049987614804710825,0.9587034660473205,0.17505496376439145,0.09782202686743302,0.5603747383048452,0.2828431114423979,3200.540381776037
1398,77.29695700944728,28.654958677686,41.92304675,47.88407363000002,43.88198491210528,1.4475345501892176,0.014705096371471882,0.6748855113983154,0.24384564316063598,0.15948759153917655,-0.2521037459373474,0.22677023708820343,0.00042037830018160636,0.07951156408073558,52.0,0.19263219596114256,923.8027571214315,7890.338999887297,0.03164039819084005,0.9995796216998184,0.24384564316063598,0.5172279315667463,0.3546974570665487,0.45221574176666723,3604.244800085695
1400,77.10255788323957,28.659450233560957,35.037445460000015,41.04974263999998,38.718949298947386,1.648588988205579,-0.06085376814007759,0.587531328201294,0.10830694901315789,0.09891333716525144,-0.2421593815088272,0.37784844636917114,0.061297907243695174,0.07490910788015767,28.0,0.028131150660185966,250.5435273725809,13074.947270058627,0.052430768558207844,0.9387020927563048,0.10830694901315789,0.07553367076548066,0.5877631554278276,0.28042546463041945,2500.000000000806
1401,77.10767364971872,28.659450233560957,35.560402520000025,40.75921094,38.25796104736844,1.0067367069877422,-0.02800000086426735,0.6208269596099854,0.20032427871436403,0.13945416455484763,-0.3209928572177887,0.3807205557823181,0.02101802759003221,0.08359406502237383,56.0,0.038457816359048894,171.25778255633145,9340.785938333509,0.03745671592925136,0.9789819724099678,0.20032427871436403,0.1032613302709642,0.4198999585920447,0.2299167815993964,2549.454245811931
1402,77.11278941619787,28.659450233560957,35.48862410000004,39.36465878000001,37.653447702105275,0.8050481157096746,-0.033259425312280655,0.5898734331130981,0.16880718030427633,0.12527282659215863,-0.2218700498342514,0.39895012974739075,0.040224207827919405,0.07989541444240472,10.0,0.007270069477349636,181.2976953799174,12119.592466524009,0.048599778990104515,0.9597757921720806,0.16880718030427633,0.019520532273195945,0.5448167218950122,0.22963900812192245,2692.3721521999582
1403,77.11790518267702,28.659450233560957,34.97592110000005,39.74405899999999,37.97947178315791,0.9604524570341963,-0.052011776715517044,0.6440944671630859,0.15025742915638707,0.12698091420585006,-0.43403205275535583,0.41962775588035583,0.043481943230879935,0.07889520409383494,61.0,0.07599894186106194,310.6929743920435,14814.284954269511,0.05940554326909822,0.95651805676912,0.15025742915638707,0.20406129569320686,0.6659522742449574,0.3888176871139071,2915.0390329057504
1404,77.12302094915617,28.659450233560957,34.774257920000025,39.73380494000003,37.94717519789475,0.8705497422020313,-0.049466539174318314,0.6316285133361816,0.216844696580318,0.14943207483248724,-0.3228606879711151,0.3935264050960541,0.01644444783528646,0.08385297603166118,56.0,0.13117419420911033,584.1361719327058,5517.457616188899,0.022125102100149747,0.9835555521647136,0.216844696580318,0.35220985156291723,0.24802840359110268,0.3105372723741914,3200.8547645520025
1405,77.12813671563532,28.659450233560957,34.347005420000016,40.48235132000002,38.11675343473686,1.3123691247244842,0.008919722400605679,0.634743869304657,0.24712081106085526,0.15885019599201236,-0.29388105869293213,0.3911646604537964,0.011447848939059074,0.08795166564617492,38.0,0.07897103099518098,518.2483564909049,4830.306303963693,0.01936961325024427,0.988552151060941,0.24712081106085526,0.21204151679592678,0.21713862520899463,0.21408036016115392,3534.5330366422268
1406,77.13325248211447,28.659450233560957,36.558464360000016,41.63422406000001,39.38557960210528,1.0431073806918636,0.006607296876609325,0.6033707857131958,0.11469141909950657,0.1078283162424795,-0.19504769146442413,0.19168174266815186,0.062403714364035086,0.05272854577821681,35.0,0.02938129642437326,209.34212706372708,17373.531192151473,0.069668165703464,0.9375962856359649,0.11469141909950657,0.07889038019061724,0.7809990590024728,0.3597338517153595,3903.819956586662
1407,77.13836824859362,28.659450233560957,38.53407992000001,44.061018260000026,40.29314327789475,1.4569574504585008,0.024066390469670296,0.6016846895217896,0.1811326197574013,0.12765800566150493,-0.17998243868350983,0.20030006766319275,0.034268429404810855,0.06438056039863123,26.0,0.02892608056266618,277.4405684696444,14044.336905182641,0.05631803804787553,0.9657315705951891,0.1811326197574013,0.07766810082349307,0.6313405021666774,0.2991370613607668,3533.5719354129888
1408,77.14348401507277,28.659450233560957,38.53407992000001,42.61861382000001,40.52670092315792,0.9236597703392296,0.011301259510219097,0.6155827641487122,0.20826711554276317,0.1461239904036297,-0.20776419341564178,0.2289429008960724,0.019777703536184212,0.07192520942177692,38.0,0.06787544841907743,445.4334601686614,14273.335737745294,0.05723632739483811,0.9802222964638158,0.20826711554276317,0.18224927362114762,0.6416347751481477,0.3660034742319477,3039.705619536277
1409,77.14859978155192,28.659450233560957,38.99209460000003,44.173812920000046,41.60149360842107,1.1831162297302296,-0.0011609906796365976,0.649844229221344,0.16201308936403508,0.13633135059289161,-0.2007007598876953,0.36930572986602783,0.0629711699904057,0.07981593468190022,39.0,0.11123347964583455,711.2538633071888,9579.54240425828,0.03841413355764545,0.9370288300095944,0.16201308936403508,0.2986679475418131,0.43063287023537483,0.35145391661923775,2548.121619372092
1410,77.15371554803107,28.659450233560957,38.69814488000003,42.68013818000003,41.0713195526316,0.7703784379451117,-0.007451565004885197,0.6199540495872498,0.17057991964775218,0.1217927850575062,-0.18166527152061462,0.3266454041004181,0.06732250548245614,0.06741431021328007,12.0,0.028412485980849462,590.4480743949395,3406.974953503389,0.0136620294966548,0.9326774945175439,0.17057991964775218,0.07628907141518722,0.1531550611848662,0.1070354673230588,2060.4541304652694
1411,77.15883131451022,28.659450233560957,37.24206836000002,41.57611772000001,38.779161477894746,1.1913984046680737,0.011115274392068386,0.653743326663971,0.2236752372875548,0.16424389773342973,-0.23833318054676056,0.1920243799686432,0.0060474596525493425,0.07171643684938415,7.0,0.002466329177923718,87.86314066754085,10752.754089175656,0.043118733052478604,0.9939525403474506,0.2236752372875548,0.0066222280906641446,0.4833727083141821,0.19732242018007135,1580.333054568
1412,77.16394708098937,28.659450233560957,37.85731196000006,41.02239847999999,39.09954529684212,0.7398875012676812,0.002994879614561796,0.6350570917129517,0.11786657500685307,0.10823782433094187,-0.13564297556877136,0.20401586592197418,0.05228855066132127,0.0447692230296811,4.0,0.0040554497629612645,252.83241722950797,7619.537512469501,0.03055447946254546,0.9477114493386787,0.11786657500685307,0.010889103360958566,0.34252401319318615,0.1435430672938496,1117.527541467309
1413,77.16906284746852,28.659450233560957,38.94766034000003,43.89695330000001,41.3693751294737,1.2679391972135856,0.025555413216352463,0.6749753355979919,0.19487827234100877,0.12033154842846541,-0.22366255521774292,0.2323610633611679,0.05441991973341557,0.05606797725564556,7.0,0.0045101837815767,160.67559658469548,4391.747786251455,0.017610985879405325,0.9455800802665845,0.19487827234100877,0.012110088953153863,0.19742393474897413,0.08623562727148197,706.9066073284454
1414,77.17417861394767,28.659450233560957,38.58535022000001,44.18748500000004,41.980766843157916,1.189151882319903,0.015154749155044556,0.6566225290298462,0.20876015111019736,0.13546375048675324,-0.16003233194351196,0.3278704285621643,0.06214409543756853,0.06662441993424964,11.0,0.04545034561732564,1030.381914169927,8295.837791694892,0.03326645547923794,0.9378559045624315,0.20876015111019736,0.12203665194880042,0.37292600089714534,0.2223923915281384,500.00000000016115
1415,77.17929438042682,28.659450233560957,38.22987613999999,43.042448300000046,40.023278429473706,1.215379670388246,0.001623376621864736,0.6060953736305237,0.1299601309640067,0.12764911020121486,-0.1791684478521347,0.22810079157352448,0.06433977944510323,0.056034738361559006,6.0,0.005904875389971058,245.42184065839635,12327.398312518526,0.04943308408811676,0.9356602205548967,0.1299601309640067,0.01585491183794736,0.554158298364524,0.23117626644857805,706.9066073284454
1416,77.18441014690598,28.659450233560957,38.20253198,42.50240114000002,40.18715291157897,0.9583151565288964,0.010119124315679073,0.6983683705329895,0.25607655307702853,0.17411208408826445,-0.22593027353286743,0.19748187065124512,0.017743636014168722,0.07495880668511115,52.0,0.053269309999316845,255.46267176049722,8714.103868453969,0.034943709804884364,0.9822563639858313,0.25607655307702853,0.14303099691856425,0.3917284774201142,0.24250998911918423,1117.527541467309
1417,77.18952591338513,28.659450233560957,37.65564877999998,41.76069080000002,39.55484037578949,0.9109234461290455,0.027698678895831108,0.7173435091972351,0.24666084155701753,0.16403180201847378,-0.27643442153930664,0.2851768136024475,-0.0019501575670744244,0.08472383920087209,180.0,0.20765740099950422,287.692560321677,10399.335904800799,0.041701519916051394,1.0019501575670744,0.24666084155701753,0.5575714249510283,0.4674853641480279,0.5215370006298281,706.9066073284454
1418,77.19464167986428,28.659450233560957,34.7195696,41.52826544000004,38.153727310526335,1.4515322011034046,-0.038819439709186554,0.6557502150535583,0.16203778183251097,0.12287044127286462,-0.2557929456233978,0.5160117745399475,0.047572963781524126,0.09465824290873195,146.0,0.20115654233871652,343.58565896493474,4858.9751841265115,0.01948457596401994,0.9524270362184759,0.16203778183251097,0.5401162655902054,0.21842738845362109,0.4114407147355717,500.00000000016115
1419,77.19975744634343,28.659450233560957,35.02719139999999,41.063414720000026,39.11915393789476,1.1084471467161217,-0.05797555670142174,0.6937274932861328,0.23903114720394736,0.1786676639072143,-0.3753209114074707,0.6015536785125732,0.018232424551980538,0.09692447975927228,64.0,0.11707759683298516,456.1918766855058,9342.73062397867,0.037464514152898,0.9817675754480195,0.23903114720394736,0.31435972029797954,0.4199873787970755,0.3566107836976179,706.9066073284454
1420,77.20487321282258,28.659450233560957,39.22793797999998,40.70110460000001,40.019288975789486,0.35869217232343586,-0.0044000474736094475,0.6737393140792847,0.17072244209155701,0.15089527425313232,-0.240983784198761,0.2269459217786789,0.04600509375856634,0.0800124793871,70.0,0.04877450954171836,173.7595139859656,10431.177779394924,0.04182920639331369,0.9539949062414337,0.17072244209155701,0.1309622130276414,0.4689167642370392,0.26614403351140054,1117.527541467309
1421,77.20998897930173,28.659450233560957,39.36807680000004,41.40521672,40.585505682105286,0.5014461156875307,0.009384569711983204,0.6530644297599792,0.08528856244003563,0.06957654858616324,-0.17768548429012299,0.25054308772087097,0.09484047337582237,0.046644459655013425,23.0,0.02182018248488382,236.58339762858535,11310.0265174335,0.045353405292937014,0.9051595266241776,0.08528856244003563,0.05858837769436009,0.5084239910536412,0.23852262303807253,1580.333054568
1422,77.21510474578088,28.659450233560957,39.262118180000016,43.732888340000045,41.838374034736866,1.1135777338403516,-0.012619267217814922,0.690092921257019,0.14494882684004934,0.10628336155988441,-0.21064966917037964,0.34822243452072144,0.08324485912657621,0.06870251640528494,44.0,0.03447019851531597,195.36413115024487,7072.921137560366,0.028362538183469163,0.9167551408734238,0.14494882684004934,0.09255435930538027,0.31795175613629995,0.18271331803774815,1500.0000000004834
1423,77.22022051226003,28.659450233560957,39.30313441999999,42.07514864000001,40.887942250526336,0.578176658447795,0.02341579645872116,0.6508094072341919,0.14016338147615132,0.11681260884452564,-0.20806600153446198,0.2538897693157196,0.07275901392886513,0.06470000743039588,121.0,0.09128341380464841,188.13093992111934,9796.399765874085,0.03928373539252694,0.9272409860711348,0.14016338147615132,0.24510093483050813,0.44038134298317255,0.32321309809157395,1500.0000000004834
1424,77.22533627873918,28.659450233560957,39.022856779999984,43.79441270000001,41.69046794947371,1.1382582896884423,0.028348613530397415,0.6896977424621582,0.216114501953125,0.14546349264684738,-0.20430344343185425,0.2401665896177292,0.04977268687465734,0.07886267578970017,78.0,0.10650998296295261,340.52533960273263,5792.245241229728,0.023227005310434028,0.9502273131253427,0.216114501953125,0.28598510183754544,0.26038103784886146,0.27574347624207185,1580.333054568
1425,77.23045204521833,28.659450233560957,38.87929994000001,43.473118820000025,41.132589942105284,1.3622095676301096,-0.030623193830251694,0.7269632816314697,0.24169022409539473,0.1746000892678097,-0.25491636991500854,0.2463487982749939,0.022198764734100877,0.09012921402423205,38.0,0.1671646165552913,1097.0198400790614,4612.135491735443,0.018494744455301564,0.9778012352658991,0.24169022409539473,0.4488460946034307,0.20733110840843522,0.3522401001254325,1117.527541467309
1426,77.23556781169748,28.659450233560957,38.97158648000004,43.52780714000005,41.260538176842125,0.9394036488654302,0.0007743533933535218,0.7160493731498718,0.2609966719777961,0.17541987838229672,-0.2673492729663849,0.30730730295181274,0.013640475356787966,0.08932472615765148,41.0,0.07314853401274686,444.91340625265684,11679.933509491431,0.046836738838232854,0.9863595246432121,0.2609966719777961,0.19640779546626128,0.5250525629611295,0.32786570246420854,706.9066073284454
1427,77.24068357817663,28.659450233560957,38.37343298000002,42.07514864000001,40.04762785368423,0.7716430850881394,0.05368555709719658,0.7253177165985107,0.362551483689693,0.1594702295274812,-0.23468729853630066,0.2293132096529007,-0.018062618322539747,0.07471570116215609,30.0,0.05802454856170352,482.3299585820923,3135.4254079397706,0.012573111042036149,1.0180626183225399,0.362551483689693,0.1557990712970852,0.14094798956470284,0.14985863860413223,500.00000000016115
1428,77.24579934465578,28.659450233560957,32.96954335999999,41.13861115999998,38.81581789052633,1.1676693289607696,-0.02715105190873146,0.7330408692359924,0.3974916906524123,0.15495333749986961,-0.3884369134902954,0.1613275557756424,-0.052267423930921056,0.0750704277546835,14.0,0.033382128440798894,594.6202707306549,4808.106321474853,0.01928059092993755,1.052267423930921,0.3974916906524123,0.08963283192915876,0.2161406608204144,0.14023596348566103,500.00000000016115
1429,77.25091511113493,28.659450233560957,30.511986980000017,42.21186943999999,35.75554712315791,3.3831158382185724,-0.1005673035979271,0.7410604357719421,0.3151375325520833,0.22334820469510244,-0.42685553431510925,0.32834890484809875,-0.028206249036287007,0.10066605494019057,0.0,0.0,0.0,1424.5174763845002,0.00571234013941099,1.028206249036287,0.3151375325520833,0.0,0.06403688440099427,0.025614753760397707,706.9066073284454
1430,77.25603087761408,28.659450233560957,30.429954500000008,40.90276778000003,33.708311874736864,2.3785051075363723,-0.13394683599472046,0.7047399282455444,0.2408692691200658,0.2524213934765215,-0.407685786485672,0.3234800100326538,-0.04253726892304002,0.12229785036078575,0.0,0.0,0.0,146.95997649742452,0.0005893120909711768,1.04253726892304,0.2408692691200658,0.0,0.006606348593506665,0.0026425394374026663,500.00000000016115
1431,77.26114664409323,28.659450233560957,33.07550198000001,46.72365583999999,42.589190276315804,3.8332337007129027,-0.12965050339698792,0.6891795992851257,0.17430273223341558,0.18183531639333475,-0.4229249060153961,0.3686085045337677,0.036143469559518915,0.10198187391329741,10.0,0.008322195418769288,207.53513492889232,11555.24525916237,0.04633673676098535,0.9638565304404811,0.17430273223341558,0.02234554769552947,0.5194474038775428,0.22118629016833485,706.9066073284454
1432,77.26626241057238,28.659450233560957,42.62886788,46.082777090000036,44.74761170473686,0.9071565228380634,0.0017053933115676045,0.6275998950004578,0.11421716522752193,0.12003573162220522,-0.1997034102678299,0.22167359292507172,0.06939669425027413,0.06630591973495423,17.0,0.019013994263971903,278.9190384724193,21868.720488592196,0.08769395385839855,0.9306033057497258,0.11421716522752193,0.05105360957396747,0.9830730399180033,0.42386138171158183,1117.527541467309
1433,77.27137817705153,28.659450233560957,42.017042300000014,45.59570924000002,43.52965900842107,0.7773448152765757,0.009360174648463726,0.6442413926124573,0.18325760690789475,0.14522151855006193,-0.21347613632678986,0.26371729373931885,0.033247862698739035,0.07417460765014995,4.0,0.007268752098840235,453.162107980325,15864.5837103308,0.0636172597570207,0.966752137301261,0.18325760690789475,0.019516995040190277,0.7131667599521518,0.2969769010049749,1580.333054568
1434,77.27649394353068,28.659450233560957,42.41011460000004,44.93944940000006,43.989507920000015,0.5845730955709474,-0.02676277980208397,0.5998674035072327,0.1015473393031529,0.08381054695228828,-0.20128124952316284,0.22365817427635193,0.06974051339285714,0.05385421373194277,18.0,0.015317900236449607,212.21713825584914,16153.644376658429,0.06477639811394635,0.9302594866071429,0.1015473393031529,0.04112939592321726,0.7261610157484917,0.31514204385332706,2060.4541304652694
1435,77.28160971000983,28.659450233560957,42.548544410000005,45.00439177999999,43.98798586052634,0.4490545041134112,0.011665171012282372,0.6615188717842102,0.127393584669682,0.11068785493808328,-0.20245398581027985,0.264311283826828,0.06606806169476426,0.06729048490446088,49.0,0.043004121768948904,218.86067034885124,12920.870775769406,0.05181291910570279,0.9339319383052358,0.127393584669682,0.11546840776234901,0.5808368952609456,0.3016158027617877,2548.121619372092
1436,77.28672547648898,28.659450233560957,43.21164029000002,44.50877888000002,43.78173533789476,0.2976424828973331,0.0013963694218546152,0.5901772379875183,0.09957583778782894,0.07955529180812891,-0.1578289419412613,0.4118233919143677,0.07127326831483004,0.058922267070517904,44.0,0.03698169959160177,209.59837541876766,15326.015292121203,0.06145759092588355,0.92872673168517,0.09957583778782894,0.09929787640195635,0.6889562858016717,0.33516124016184246,3039.705619536277
1437,77.29184124296813,28.659450233560957,42.83907611000001,45.74610212000002,44.46657744421055,0.7044138036931911,0.005009302869439125,0.6529209613800049,0.13715263500548244,0.11158863055315556,-0.17208874225616455,0.44054532051086426,0.05534323709052906,0.0690517642225839,10.0,0.014757009930168666,368.00362078705723,13540.075701377435,0.05429594175000836,0.944656762909471,0.13715263500548244,0.039623374920310504,0.6086722534780497,0.2672429263434062,3533.5719354129888
1438,77.29695700944728,28.659450233560957,43.31588990000003,49.061581520000004,46.30428171736844,1.451569849681487,-0.037070322781801224,0.6539046764373779,0.1995863315515351,0.13580384819328056,-0.23111484944820404,0.3454168736934662,0.035175020987527415,0.07684059465943135,34.0,0.13095311938635204,960.4851468114236,2585.4981446184597,0.010367893042184209,0.9648249790124726,0.1995863315515351,0.35161625363020294,0.11622689686204185,0.2574605109229385,3903.819956586662
1440,77.10255788323957,28.663941789435913,36.637078820000056,38.97500450000001,37.72258125717107,0.47646111960544585,0.02300109528005123,0.6696832776069641,0.26967983312774124,0.17000528799394354,-0.24032974243164062,0.20530132949352264,-0.008443303693804825,0.07606891712624157,356.0,0.19585377021114483,137.19417119591452,12555.479427078957,0.05034769336974657,1.0084433036938047,0.26967983312774124,0.5258780337856583,0.5644113168141298,0.541291346997047,2000.0000000006446
1441,77.10767364971872,28.663941789435913,36.12437582000001,40.331958439999994,37.89483147559213,0.862262175157604,0.026429980993270874,0.6860364079475403,0.26491778457373905,0.15981135911842836,-0.244136244058609,0.1615152209997177,-0.009352564895362184,0.07049327183137204,262.0,0.18849423930415746,179.41159735253478,5398.616964098851,0.02164854899470752,1.0093525648953623,0.26491778457373905,0.5061172927042947,0.242686113850057,0.40074482116259963,2061.478971855907
1442,77.11278941619787,28.663941789435913,35.75181164000003,38.458883480000054,37.16041815855265,0.5333265765736174,0.0334412083029747,0.698596715927124,0.3288649816680373,0.18242566933351187,-0.294645220041275,0.3612056374549866,-0.034386088053385416,0.07633095776028219,32.0,0.07110292734894316,554.103923253897,10027.929756039592,0.04021217472600331,1.0343860880533855,0.3288649816680373,0.19091523022689824,0.45078940007013946,0.29486489816419476,2235.7956538128897
1443,77.11790518267702,28.663941789435913,34.84945435999998,39.28946234,37.469175550723705,0.6344298723150854,-0.04045155271887779,0.693894624710083,0.2523172371847588,0.1624231142889791,-0.3289845585823059,0.342342346906662,-0.005569598549290707,0.07781069839986579,111.0,0.1444465020649045,324.5172393375614,10263.518409376713,0.041156889370194995,1.0055695985492907,0.2523172371847588,0.387846720597802,0.4613799078105044,0.41725999548288295,2499.4519324476205
1444,77.12302094915617,28.663941789435913,37.22839628000003,39.378330860000005,38.355151070394754,0.41171149934879775,0.014932448044419289,0.6635622978210449,0.21545733535498904,0.1294822503780405,-0.22977624833583832,0.20382462441921234,0.019761448910361842,0.06632661826397232,181.0,0.28853531061112586,397.5338516327196,10123.21553255861,0.04059427236604491,0.9802385510896382,0.21545733535498904,0.7747330146278634,0.45507281839049174,0.6468689361329147,2827.5658829506865
1445,77.12813671563532,28.663941789435913,37.689828980000016,40.41740894000003,38.77160982302633,0.5543992611439694,-0.019433647394180298,0.6606136560440063,0.20985133120888158,0.12823601918577518,-0.260665625333786,0.24744608998298645,0.010564532363623903,0.06926401307381938,123.0,0.258819061442752,524.7408431067308,8005.170920076208,0.03210087621083992,0.9894354676363761,0.20985133120888158,0.6949432680873605,0.3598595407338863,0.5609097771459708,3200.373225897295
1446,77.13325248211447,28.663941789435913,35.43393578000001,39.58341206,37.89021040250002,1.1520751591931697,-0.006156552117317915,0.665544331073761,0.18999537417763157,0.14075753086840037,-0.37009239196777344,0.3377121090888977,0.03027183131167763,0.08498668720138139,19.0,0.014001305248065853,183.76747377099332,10746.436751257652,0.043093400416297244,0.9697281686883223,0.18999537417763157,0.0375942667141299,0.4830887225823931,0.2157920490614352,3534.4573536883577
1447,77.13836824859362,28.663941789435913,35.64243499999998,39.022856779999984,38.232057376447386,0.7398450003886593,0.03750794753432274,0.6511475443840027,0.24788961845531798,0.15767848630603623,-0.29452449083328247,0.3289036452770233,-0.01142335055167215,0.07457828053511309,195.0,0.12049709640676531,154.09753539939723,15109.991275189452,0.06059133081784472,1.011423350551672,0.24788961845531798,0.3235412627847633,0.6792452747193738,0.46582286755860747,3200.801278184596
1448,77.14348401507277,28.663941789435913,37.594124420000014,39.71329681999998,38.80575629256581,0.4509975118596738,0.04340044781565666,0.6619718074798584,0.23734473512883772,0.15420174506988094,-0.2099253386259079,0.19262072443962097,-0.008347272370990954,0.07121924239466294,18.0,0.02357276343519271,326.58160190225976,15452.43201655637,0.06196452421470264,1.008347272370991,0.23734473512883772,0.06329415294292966,0.6946391456494522,0.31583215002553866,2915.0059970122866
1449,77.14859978155192,28.663941789435913,34.58968484000002,39.96281227999998,38.09966531888159,1.1435651438099148,0.03696997091174126,0.7092071771621704,0.30434625993695175,0.18473226578032473,-0.22767429053783417,0.33278053998947144,-0.017706385829992462,0.08707032672363516,26.0,0.07045796325204648,675.7879739535413,8752.139762620018,0.03509623440959091,1.0177063858299924,0.30434625993695175,0.18918346651985948,0.39343831966366577,0.270885407777382,2691.1686652899193
1450,77.15371554803107,28.663941789435913,35.034027440000045,42.52974530000006,38.23342908184212,1.8679529862325568,0.01697859913110733,0.737802267074585,0.3193360659950658,0.1976691112876836,-0.2843340337276459,0.39284858107566833,-0.0135438591137267,0.10770691311119475,40.0,0.09497807482256523,592.1300384611275,3351.33950172054,0.013438930356305853,1.0135438591137267,0.3193360659950658,0.25502130077246565,0.15065405922913183,0.2132744041551321,2234.97848366036
1451,77.15883131451022,28.663941789435913,37.40955134000001,42.32124608000004,40.33642210427633,1.123660318519766,-0.007537688594311476,0.7024515867233276,0.20796575178179824,0.15143290916380348,-0.3248540759086609,0.28498417139053345,0.03769355640076755,0.08445274247434792,7.0,0.043596412511496103,1553.1250894588393,3784.548141442927,0.015176104622294207,0.9623064435992325,0.20796575178179824,0.11705874064582825,0.17012825455723932,0.13828654621039266,1802.0155278504706
1452,77.16394708098937,28.663941789435913,37.905164239999976,42.167435179999984,40.062969260789494,1.2147089042162036,0.025035878643393517,0.6268613338470459,0.13988233064350328,0.09687364750545799,-0.19072775542736053,0.25586020946502686,0.047863614266378834,0.05090714218866684,11.0,0.006038237793800183,136.88985048811875,5301.417472554024,0.0212587773237477,0.9521363857336211,0.13988233064350328,0.016212997151449273,0.23831666755888953,0.10505446531442537,1413.7829414753433
1453,77.16906284746852,28.663941789435913,39.11172529999999,42.50581915999999,40.72738062875001,0.8837380760173288,0.02310924418270588,0.5436262488365173,0.10444817793996711,0.0681693653133286,-0.09552042186260223,0.18980492651462555,0.06796812358655428,0.036692997133104165,2.0,0.0006595390086318897,82.23642335926365,6357.44093217826,0.025493449973662558,0.9320318764134458,0.10444817793996711,0.0017708981383935804,0.285788498076778,0.11537793811374734,1117.8978269064448
1454,77.17417861394767,28.663941789435913,39.85343564000004,44.23191926000004,42.34512724605265,0.9936724251167015,0.015965504571795464,0.4848708510398865,0.1109424042283443,0.07463272810891954,-0.138921320438385,0.2687776982784271,0.0852477170709978,0.05150305666316994,3.0,0.00300289159568638,249.61582896826974,10416.279592879564,0.041769464403308684,0.9147522829290022,0.1109424042283443,0.008062927388676696,0.4682470403035078,0.19213657255460914,1000.0000000003223
1455,77.17929438042682,28.663941789435913,38.98867658000006,43.66452794000003,41.43866609335528,1.1148058567643615,0.0009201513021253049,0.6686728000640869,0.16625409807477678,0.13674540144368683,-0.20252487063407898,0.26535168290138245,0.05131837027413504,0.0745593216658466,0.0,0.0,0.0,10632.663052416236,0.04263716588251631,0.948681629725865,0.16625409807477678,0.0,0.47797420954807585,0.19118968381923035,1117.8978269064448
1456,77.18441014690598,28.663941789435913,39.084381140000005,43.309053860000006,41.070419412302655,0.9362471614069439,0.01661449484527111,0.6846873164176941,0.2141076017680921,0.12820582214958612,-0.23248662054538727,0.21234221756458282,0.024333346182839912,0.06500429712312451,63.0,0.07633694705144989,302.16764506848665,7274.248438747998,0.029169864202839794,0.9756666538171601,0.2141076017680921,0.2049688580277942,0.3270021000784733,0.2537821548480659,1117.8978269064448
1457,77.18952591338513,28.663941789435913,37.970106620000024,42.69381026000002,40.044226368223704,1.2941769876699536,0.0339825376868248,0.6660505533218384,0.2452358741091009,0.15950891944345602,-0.2652598023414612,0.16890136897563934,-0.00475168596234238,0.07959807007974125,141.0,0.08241685378680212,145.7641220308093,10841.081198288499,0.04347292631380946,1.0047516859623424,0.2452358741091009,0.22129373855544654,0.48734331097052075,0.32771356752147623,1000.0000000003223
1458,77.19464167986428,28.663941789435913,37.81971374,41.603461880000054,39.05875723348686,0.8688869000522841,0.02545454539358616,0.7044304013252258,0.29188350209018643,0.16599280145026854,-0.2751488983631134,0.2976170480251312,-0.02789759318033854,0.08258322512902967,99.0,0.11887838560748083,299.448006517282,11542.508616955252,0.04628566260168076,1.0278975931803385,0.29188350209018643,0.3191949361785528,0.5188748486802952,0.3990669011792498,1000.0000000003223
1459,77.19975744634343,28.663941789435913,37.864148,41.145447200000035,39.86924398250002,0.6789621427374627,0.009752925485372543,0.7176609635353088,0.3035734691954496,0.16666080583602544,-0.26526549458503723,0.1742444932460785,-0.02083831519411321,0.08310706958539026,34.0,0.06821972783197071,500.3625389694587,7013.860274430547,0.02812570308336144,1.0208383151941132,0.3035734691954496,0.18317368258468208,0.3152967703410633,0.23602291768723455,1000.0000000003223
1460,77.20487321282258,28.663941789435913,36.84557804000002,41.206971560000056,39.74137180664476,0.9460517197791048,0.00038764698547311127,0.7653352618217468,0.24126254968475877,0.20888344930278493,-0.30052265524864197,0.233494371175766,0.010739779556006716,0.10919317727850707,5.0,0.004995103309367533,249.13124172867646,6879.379148138142,0.027586431401231546,0.9892602204439933,0.24126254968475877,0.013412124280551416,0.30925138832135,0.13174782989687087,1117.8978269064448
1461,77.20998897930173,28.663941789435913,38.851955780000026,41.244569780000006,40.37376172407897,0.5259430462682948,-0.02012711949646473,0.6700207591056824,0.11377811900356359,0.11435694187307506,-0.22910544276237488,0.2587783932685852,0.07462901868318257,0.07126513407520566,47.0,0.032012866747741654,169.8558195600921,12153.025474908189,0.048733845941855036,0.9253709813168174,0.11377811900356359,0.08595628975125388,0.5463196488359361,0.27010163338512677,1117.8978269064448
1462,77.21510474578088,28.663941789435913,39.00234866000005,41.883739520000006,40.314216217763175,0.7197777644182042,-0.013106885366141796,0.665543258190155,0.2415846225671601,0.14889935447228791,-0.2296360433101654,0.20072859525680542,0.02153981794390762,0.07854844124079843,25.0,0.042468484660098706,423.6239237680664,4856.930543998972,0.019476376921140636,0.9784601820560924,0.2415846225671601,0.11403019296913311,0.21833547495613195,0.15575230576393267,1000.0000000003223
1463,77.22022051226003,28.663941789435913,40.08586100000002,42.67330214000003,41.19600916032897,0.5910375395906068,0.006376701407134533,0.6439189314842224,0.20791300455729167,0.13669305941481447,-0.23369565606117249,0.2350468784570694,0.03087281344229715,0.07152250060612972,24.0,0.1042050557836768,1082.7576751143845,4974.75449661131,0.019948853043792184,0.9691271865577028,0.20791300455729167,0.27979624689873095,0.2236320606128094,0.2573305723843623,1000.0000000003223
1464,77.22533627873918,28.663941789435913,39.50821561999999,43.490208919999986,41.978949366578966,1.0652541449138155,0.012277227826416492,0.6506162881851196,0.1855493378220943,0.13744618327365243,-0.2185312807559967,0.25077152252197266,0.05773564924273575,0.0701359014512735,30.0,0.044941084155505406,373.57345807367113,5007.676927791306,0.020080872571972216,0.9422643507572642,0.1855493378220943,0.12066925720354678,0.22511203537943986,0.16244636847390403,1117.8978269064448
1465,77.23045204521833,28.663941789435913,39.81241940000001,43.27829168000005,41.730344629013175,1.0152750145868537,-0.0018382353009656072,0.6520755887031555,0.1797863555372807,0.13962970940590416,-0.19786226749420166,0.26086294651031494,0.049516028688665024,0.07479589427396971,56.0,0.1377068077320298,613.2267707277009,6722.1977157960555,0.026956131092514612,0.950483971311335,0.1797863555372807,0.36975027445705366,0.302185550674753,0.3427243849441334,1117.48924183018
1466,77.23556781169748,28.663941789435913,32.99688752000003,42.07856665999998,39.721009851973704,1.5740660843659766,-0.10779596120119095,0.7356212139129639,0.3231006073533443,0.1789387106589285,-0.2761855125427246,0.27133920788764954,-0.022179965638277822,0.09022311894213994,46.0,0.08258529891616209,447.711897581364,4886.479417142988,0.019594868422251124,1.0221799656382777,0.3231006073533443,0.22174602289663176,0.21966379686517973,0.22091313248405095,706.8914707376716
1467,77.24068357817663,28.663941789435913,31.287877520000052,41.69233040000006,36.197840763026335,2.6241562462793953,-0.16794626414775848,0.675380289554596,0.23800378632127192,0.22161240155345235,-0.32550692558288574,0.3886870741844177,-0.007912404913651316,0.1115154604766149,13.0,0.0182568279202063,350.21576501947226,3499.6346302590023,0.014033596430448648,1.0079124049136514,0.23800378632127192,0.04902057672666069,0.1573204274281029,0.09234051700723758,500.00000000016115
1468,77.24579934465578,28.663941789435913,31.585245260000022,39.26553620000004,35.99853871526317,1.792330186854123,-0.20980091392993927,0.7464908361434937,0.28806368643777414,0.2747657292794553,-0.34289127588272095,0.42698827385902405,-0.014996594880756579,0.1373624379645669,0.0,0.0,0.0,2575.163034730583,0.010326449069725843,1.0149965948807567,0.28806368643777414,0.0,0.11576229867484286,0.046304919469937145,500.00000000016115
1469,77.25091511113493,28.663941789435913,31.41092623999998,40.74895688000004,37.228182653750025,2.0457904119568693,-0.14757591485977173,0.7799487113952637,0.34012526127330045,0.21091584273803288,-0.36055129766464233,0.36764270067214966,-0.030212819952713816,0.11042741932461887,0.0,0.0,0.0,2902.9919942112456,0.011641048964179692,1.0302128199527139,0.34012526127330045,0.0,0.1304993205293189,0.05219972821172756,706.8914707376716
1470,77.25603087761408,28.663941789435913,34.00178540000002,42.34859024000002,37.55049406930923,1.84750026936229,0.0095569072291255,0.7429778575897217,0.2867920350191886,0.21003336422489896,-0.2795269787311554,0.22596868872642517,-0.007021010549444901,0.09680314202527283,46.0,0.025875385685537475,140.27578973446683,9979.503858070791,0.040017986023274096,1.0070210105494448,0.2867920350191886,0.06947681902210176,0.44861249197202824,0.22113108820207236,1000.0000000003223
1471,77.26114664409323,28.663941789435913,38.657128639999996,46.829614460000016,43.10753684532897,1.8091050336072148,-0.002583979396149516,0.47365278005599976,0.07079814710115132,0.0450474540335116,-0.07327680289745331,0.21168525516986847,0.08970174153645834,0.0412193681710616,40.0,0.026095034944790138,162.68653659667558,18496.169836250592,0.0741699664149706,0.9102982584635416,0.07079814710115132,0.0700665892392068,0.8314654676412251,0.37462614060001415,1117.8978269064448
1472,77.26626241057238,28.663941789435913,44.43529145000002,46.10157620000001,45.15160837496712,0.3624103815594069,0.003970641177147627,0.5127792954444885,0.06455647251062226,0.048876314253343954,-0.14897392690181732,0.2205248773097992,0.08864301714980811,0.043669682771968456,10.0,0.007785203480577404,194.14387352002956,20177.322187084956,0.08091141691546568,0.9113569828501918,0.06455647251062226,0.020903695111784682,0.9070389586903315,0.37535780054320345,1413.7829414753433
1473,77.27137817705153,28.663941789435913,42.35200826000005,46.08448610000005,44.66956074184212,0.6458310666855138,-0.0025220680981874466,0.5368603467941284,0.0797961211622807,0.07672730062628441,-0.12830308079719543,0.23554138839244843,0.07716820432428728,0.04633052750890143,19.0,0.014859380551573915,195.02973311304558,19789.50755855789,0.07935627343291007,0.9228317956757127,0.0797961211622807,0.039898245611050695,0.8896053778830021,0.3797810985198313,1802.0155278504706
1474,77.27649394353068,28.663941789435913,40.63274420000005,45.62647142000003,43.40158369656252,0.8303146494067626,0.012257526628673077,0.697002112865448,0.15877336774553572,0.1531546938161081,-0.23418337106704712,0.21618685126304626,0.04232365471976144,0.07205669664163314,33.0,0.02534381233457406,191.51893867892662,17035.94072223667,0.06831442198045164,0.9576763452802386,0.15877336774553572,0.06804951564001151,0.7658232241986207,0.34715899906345515,2234.97848366036
1475,77.28160971000983,28.663941789435913,41.00872640000003,44.2045751,43.65816412644739,0.4722819103735633,-0.02291565015912056,0.6708860993385315,0.12083092405084978,0.1169340536783497,-0.2221376597881317,0.2549571096897125,0.05752673768160636,0.06154814476830527,29.0,0.02301625391674648,197.92031084509264,15415.71850162479,0.06181730237398868,0.9424732623183937,0.12083092405084978,0.061799894593815415,0.6929887488304571,0.3142754362884721,2691.1686652899193
1476,77.28672547648898,28.663941789435913,41.73163763000002,44.686515920000005,43.5789931138487,0.6595570707349712,0.007927747443318367,0.6837871074676514,0.12543464526795503,0.12715814685157262,-0.25898826122283936,0.3564143776893616,0.05292613782380757,0.07460572310108338,10.0,0.015753906326847665,392.86377099793737,16675.118233740843,0.06686751745424802,0.9470738621761924,0.12543464526795503,0.042300096008744924,0.749603031489065,0.325221270200873,3160.544233269787
1477,77.29184124296813,28.663941789435913,43.61838467000001,45.291505459999996,44.4467935370395,0.34713392609617344,0.00671785045415163,0.6095127463340759,0.08247968707168311,0.06614398028280205,-0.1634359210729599,0.22747497260570526,0.07997535036321272,0.05048180542807555,11.0,0.013114523440596621,297.312761489699,19420.424745746524,0.07787624486089134,0.9200246496367873,0.08247968707168311,0.0352132092915127,0.8730138556235617,0.3703334678243323,3638.005225212644
1478,77.29695700944728,28.663941789435913,44.14817777000002,49.610173730000014,46.404059726513175,1.3960583320768476,-0.017137011513113976,0.5755078792572021,0.13967185572574012,0.10025314900016226,-0.14895927906036377,0.23191401362419128,0.07078677528782895,0.05525442450840651,11.0,0.017618701686892002,399.4247199389484,10801.933242925863,0.043315942324142,0.929213224712171,0.13967185572574012,0.04730717305554119,0.48558347781041444,0.2226176949574905,4120.742079977478
1480,77.10255788323957,28.66843334531087,37.30359271999998,39.84659959999999,38.70442006842107,0.480473426178224,-0.006246450822800398,0.6520709991455078,0.21317907500685307,0.1559556809415665,-0.2554019093513489,0.25897103548049927,0.007940408137806675,0.07881053138950254,142.0,0.14905465241249877,261.7646000033868,6815.31505620412,0.027329533265605686,0.9920595918621933,0.21317907500685307,0.4002198551132573,0.3063714904489519,0.36268050924753514,1500.0000000004834
1481,77.10767364971872,28.66843334531087,36.514030100000014,39.720132860000035,37.991196755789495,0.6310464246724401,-0.0038287504576146603,0.6657364368438721,0.2490184904399671,0.16496058732519672,-0.20291095972061157,0.18976981937885284,0.0011453956470154879,0.07216136280880336,220.0,0.14596296640645343,165.45264802834726,1695.876993154794,0.006800496575225557,0.9988546043529846,0.2490184904399671,0.39191850989948396,0.07623541358340398,0.26564527137305194,1581.0357836457097
1482,77.11278941619787,28.66843334531087,36.985716860000025,40.08927902000005,38.53485241368423,0.6507340605974824,-0.013003095984458923,0.6554838418960571,0.25186463473135967,0.14906349888474774,-0.24257652461528778,0.3375873565673828,-0.0042577703375565375,0.07617470276855971,53.0,0.15204834691552266,715.4174935496187,4668.208221257627,0.018719597087077527,1.0042577703375566,0.25186463473135967,0.40825808780751643,0.20985176747930442,0.32889555967623163,1802.4141024383005
1483,77.11790518267702,28.66843334531087,36.99938894000002,41.63080604000004,38.33615222315792,0.9193865645892885,0.0070232306607067585,0.7017430663108826,0.28067417077850876,0.17784711094673927,-0.27575623989105225,0.1824922263622284,-0.009723771078544751,0.07884722184220033,37.0,0.045412690890352644,306.07597002256296,10971.340255881933,0.04399526742618482,1.0097237710785447,0.28067417077850876,0.12193554695724501,0.49319889670504197,0.2704408868563638,2120.628996902153
1484,77.12302094915617,28.66843334531087,37.163453900000036,39.29971640000002,38.16039403684212,0.5125893784083999,0.011720580980181694,0.6559078097343445,0.21679657517817982,0.15059196447302828,-0.23587752878665924,0.19891132414340973,0.012617429766738623,0.07305942400692363,164.0,0.15824052051035842,240.61770320369135,10946.345629853,0.04389503853612092,0.9873825702332614,0.21679657517817982,0.424884410963824,0.4920753036258449,0.45176076802863235,2498.9570597890447
1485,77.12813671563532,28.66843334531087,36.67809506000003,40.41740894000003,38.049863947368436,0.6272181786848697,0.003178639570251107,0.7049180269241333,0.26079358552631576,0.16810281513909978,-0.2974712550640106,0.2186080366373062,-0.01310647395619175,0.07596897272580434,218.0,0.32538384086085875,372.21443347451896,8777.93969726156,0.03519969260135779,1.0131064739561917,0.26079358552631576,0.8736733240981899,0.39459811409201273,0.6820432400957189,2827.505329202871
1486,77.13325248211447,28.66843334531087,36.94470062000005,39.81583741999998,38.38486165368423,0.5549763276160092,0.03714388608932495,0.6636337041854858,0.285147490919682,0.15580259171956082,-0.26461538672447205,0.22470137476921082,-0.01696640416195518,0.07688932618470602,117.0,0.22350931968494148,476.39094397729826,7943.030856795114,0.03185169346395847,1.0169664041619553,0.285147490919682,0.600134689477623,0.3570661344647675,0.5029072674724808,3200.289632075731
1487,77.13836824859362,28.66843334531087,35.89878650000003,41.18646344000001,38.674208157894746,1.1602784258544299,0.006109979469329119,0.6266912817955017,0.1775292754591557,0.1360333422390811,-0.313102662563324,0.35625597834587097,0.02555434645267955,0.0832690474546544,177.0,0.19930782297460242,280.8049771665869,9714.187634758,0.03895406330053348,0.9744456535473205,0.1775292754591557,0.5351523534675351,0.43668562929491234,0.49576566379848597,2827.505329202871
1488,77.14348401507277,28.66843334531087,35.48862410000004,38.83486568000001,37.56578554210529,0.7985308849175446,-0.018691588193178177,0.6489174962043762,0.20515997635690789,0.1416133175668695,-0.3363203704357147,0.2767857015132904,0.013673855965597588,0.08663351022064414,298.0,0.26574475874465264,222.38329759956096,11526.781723386419,0.046222597481813295,0.9863261440344024,0.20515997635690789,0.7135391423245105,0.518167871558463,0.6353906340180915,2499.413399680685
1489,77.14859978155192,28.66843334531087,33.68732756000003,38.475973580000016,36.589893212631594,1.276259347694279,-0.0066225165501236916,0.772916316986084,0.298676971970943,0.18902605641980474,-0.37041476368904114,0.3406720757484436,-0.020949361700760692,0.10928754777815078,134.0,0.13837665877081437,257.5204744386595,3816.7426160960713,0.015305205031995861,1.0209493617007608,0.298676971970943,0.37154886095771456,0.17157550521291162,0.29155951865979335,2235.7765086585896
1490,77.15371554803107,28.66843334531087,33.98127728000003,39.556067900000016,37.41422863052634,1.3649326094894665,0.0417349636554718,0.7128646373748779,0.38933289645010966,0.18250928833398794,-0.3748663067817688,0.38925641775131226,-0.035177885356702306,0.10308024010732056,46.0,0.04997404242564603,270.9195662888004,24.711591153514007,9.909391523451549e-05,1.0351778853567024,0.38933289645010966,0.13418302411430605,0.0011108697031071589,0.0809541623498265,2061.473780859056
1491,77.15883131451022,28.66843334531087,36.94128260000002,42.461384899999985,39.9183251094737,1.1857566638595023,0.05651302635669708,0.7805036902427673,0.3905978447094298,0.1311086280371266,-0.4130307734012604,0.3722854256629944,-0.02252786201343202,0.08172568789926425,0.0,0.0,0.0,539.1313386353079,0.0021619261519467575,1.022527862013432,0.3905978447094298,0.0,0.024235779329831012,0.009694311731932406,2000.0000000006446
1492,77.16394708098937,28.66843334531087,38.50331774000006,43.3158899,41.47892108315792,0.8755615940694531,0.008471361361443996,0.6427206993103027,0.21380456757127192,0.1279623829748165,-0.21166612207889557,0.301911860704422,0.03701806319387336,0.06935691969423399,0.0,0.0,0.0,6435.237977666444,0.025805417494621063,0.9629819368061266,0.21380456757127192,0.0,0.2892857387152783,0.11571429548611133,1802.4141024383005
1493,77.16906284746852,28.66843334531087,39.53555978000003,43.3158899,41.38511072000002,0.7493780514834188,0.016946014016866684,0.609664797782898,0.14506672106291119,0.10399586421566315,-0.16037124395370483,0.215023472905159,0.06677185593989858,0.05119842612707274,48.0,0.03472983602653821,180.43268740847785,6144.21741932252,0.02463841993623303,0.9332281440601015,0.14506672106291119,0.09325150015567564,0.2762033791360319,0.16643225174781814,1581.0357836457097
1494,77.17417861394767,28.66843334531087,38.69814488000003,42.08540270000003,40.62365417157896,0.7544880027781671,0.008716561831533909,0.7014796733856201,0.21858601888020834,0.1504081608430228,-0.25532591342926025,0.21460285782814026,0.026431188750685307,0.07741888778694087,101.0,0.09755536834143767,240.87044858613092,8466.776631890736,0.03395192323545908,0.9735688112493147,0.21858601888020834,0.26194147415862,0.3806102806134208,0.30940899674054034,1500.0000000004834
1495,77.17929438042682,28.66843334531087,38.24013020000001,41.25482384000003,39.22641415684213,0.6943700554690287,0.0012091898825019598,0.67198246717453,0.2605934361049107,0.1633514362302794,-0.23021914064884186,0.1763925701379776,-0.008360376358032226,0.07433023461478458,160.0,0.10025472108309763,156.2566728209265,13379.369850788938,0.05365150846212424,1.0083603763580322,0.2605934361049107,0.2691893832019216,0.601447981296554,0.4020928224397745,1117.450937029083
1496,77.18441014690598,28.66843334531087,37.37537114000003,40.913021840000056,38.82604020421054,0.7903626885094689,0.010546139441430569,0.6727968454360962,0.2557787871779057,0.16348905399312333,-0.2511003613471985,0.16039210557937622,-0.013254359730503016,0.0756861801617712,172.0,0.17484888688488878,253.50594422547988,12175.229773727238,0.04882288557072183,1.013254359730503,0.2557787871779057,0.469478778710812,0.5473178072581757,0.5006143901297575,706.8763323007178
1497,77.18952591338513,28.66843334531087,36.35338316000002,38.66738270000002,37.63879148631581,0.5427920840870077,0.03433854132890701,0.7142432332038879,0.3092174650493421,0.18215100072165466,-0.28168073296546936,0.149825781583786,-0.04433982715272067,0.08372966031434502,99.0,0.10878672362787688,274.02767424412497,10203.996377408715,0.04091820497493362,1.0443398271527207,0.3092174650493421,0.2920982744510696,0.45870419091433756,0.3587406410363768,500.00000000016115
1498,77.19464167986428,28.66843334531087,36.96179072000001,40.40373685999998,38.55884204631581,0.6197367478767168,0.012121211737394333,0.7030006051063538,0.2210120699698465,0.17222972430804603,-0.263380765914917,0.20251263678073883,-0.005874394868549548,0.0861487335633992,63.0,0.052977564202623034,209.70324901494885,15631.536865923845,0.06268273781135271,1.0058743948685496,0.2210120699698465,0.1422476435740503,0.7026905151305148,0.36642479219663615,706.8763323007178
1499,77.19975744634343,28.66843334531087,36.98913488000005,40.98480026000004,39.40554803473686,0.7862411570271686,0.00044927667477168143,0.7071054577827454,0.3042659933525219,0.16959713424117032,-0.24975742399692535,0.16994300484657288,-0.024277515076754387,0.0811252624501827,23.0,0.04223848113582203,457.96699384647195,6399.639660514063,0.025662667616619467,1.0242775150767545,0.3042659933525219,0.11341262098683226,0.2876854738128478,0.1831217621172385,500.00000000016115
1500,77.20487321282258,28.66843334531087,38.704980920000025,40.90960382000003,39.912462623157914,0.4940434814371263,-0.017189836129546165,0.6972748637199402,0.21003602145010966,0.1650096246226816,-0.24815182387828827,0.30142083764076233,0.021429008350037693,0.08347011912647843,99.0,0.10559507973157307,265.98810172320503,8672.684219906663,0.03477761628558435,0.9785709916499623,0.21003602145010966,0.28352853686101565,0.3898665239587319,0.32606373170010217,706.8763323007178
1501,77.20998897930173,28.66843334531087,35.98423700000001,41.80512506000002,39.1072490694737,1.268069846814022,0.010415524244308472,0.7580490708351135,0.33295964826617325,0.19701039913146756,-0.26100629568099976,0.23494502902030945,-0.009807997586434348,0.0955292681271498,25.0,0.02493319814532797,248.70911488712295,6479.868843992914,0.025984388053705006,1.0098079975864342,0.33295964826617325,0.06694699419121614,0.29129204728996716,0.15668501543071656,706.8763323007178
1502,77.21510474578088,28.66843334531087,37.43689549999999,41.94184586000006,39.48349582210528,0.9596929370220886,-0.008294031955301762,0.7389148473739624,0.3374046138294956,0.17854917108073654,-0.2930423319339752,0.2662721872329712,-0.024697471752501372,0.09289724480402939,37.0,0.10761705502611105,725.325759436245,4699.45900772418,0.018844913290550255,1.0246974717525015,0.3374046138294956,0.2889576505875907,0.2112565961553822,0.2578772288147073,500.00000000016115
1503,77.22022051226003,28.66843334531087,37.7616074,41.71283851999999,39.62313728315792,1.1876309251874544,0.035186395049095154,0.7535545229911804,0.38041418242872804,0.18022594359700364,-0.3059159815311432,0.18679548799991608,-0.06292820980674342,0.08484885755568458,29.0,0.06877992504585718,591.449164326152,4828.424353552438,0.019362066595989193,1.0629282098067434,0.38041418242872804,0.18467784259678308,0.21705402516516803,0.19762831562413707,500.00000000016115
1504,77.22533627873918,28.66843334531087,37.23865034000005,42.160599140000045,39.74386852210528,0.9525758441831486,0.028111916035413742,0.731726884841919,0.3747099438048246,0.16338542297471398,-0.2789917588233948,0.17290858924388885,-0.04081725271124589,0.07451024253430875,16.0,0.03907378343892899,609.0026812434893,4632.027566583882,0.01857451202537119,1.0408172527112458,0.3747099438048246,0.10491523540893946,0.20822532453332154,0.14623927105869228,706.8763323007178
1505,77.23045204521833,28.66843334531087,37.07800340000006,42.29048390000003,40.63719926631581,1.105845123193337,0.004679508041590452,0.7327935099601746,0.23749811540570176,0.18878624492569265,-0.2580570876598358,0.33547940850257874,0.0022280850326805786,0.09541354401927372,46.0,0.1498731664537113,812.4932721698622,5368.363545690432,0.02152723225469291,0.9977719149673194,0.23749811540570176,0.40241760986750463,0.24132612024557565,0.33798101401873304,999.3480858374695
1506,77.23556781169748,28.66843334531087,31.810834580000005,41.76069080000002,37.33179403052633,3.164712779843437,-0.1687406599521637,0.6941297650337219,0.18759345874451755,0.2114417015154812,-0.3698248863220215,0.4247640073299408,0.008669746800472862,0.10890524218599452,7.0,0.005056881095862559,180.1517246934758,1523.1973639567059,0.006108048224482685,0.9913302531995272,0.18759345874451755,0.013578000999996799,0.06847287950665122,0.03553595240265857,499.67404291873476
1507,77.24068357817663,28.66843334531087,31.499794759999986,41.818797140000015,38.68044101789476,1.8874200299110295,-0.15211708843708038,0.7357365489006042,0.44203056469298246,0.15595406289768862,-0.3737790584564209,0.3217054307460785,-0.05712342379385965,0.08723760403516102,0.0,0.0,0.0,1316.9405778098715,0.005280954883709621,1.0571234237938596,0.44203056469298246,0.0,0.059200938522867626,0.023680375409147053,0.0
1508,77.24579934465578,28.66843334531087,35.49546013999998,42.83053106,38.59448257684212,1.7841705498170322,0.01383491326123476,0.7333333492279053,0.44598033168859647,0.18521732096068996,-0.26525381207466125,0.1605532169342041,-0.04374106156198602,0.09249107831615488,2.0,0.012771952883254289,1592.505842240615,274.83009687317156,0.0011020735230791098,1.043741061561986,0.44598033168859647,0.034293388698149456,0.012354543510444809,0.0255178506230676,0.0
1509,77.25091511113493,28.66843334531087,35.99790908,42.22554151999998,39.51838502315791,1.3699855976205146,0.009939946234226227,0.704397976398468,0.29697929516173244,0.17483534283324365,-0.22269877791404724,0.19355657696723938,-0.004030836674205044,0.076325624150933,7.0,0.020768527477436377,739.8801699065489,2929.57381643266,0.011747642538896276,1.004030836674205,0.29697929516173244,0.05576462675537595,0.1316942634520837,0.08613648143405905,499.67404291873476
1510,77.25603087761408,28.66843334531087,38.56142408000005,41.34027434000001,40.0281038694737,0.6247599074431782,-0.015710998326539993,0.5980328917503357,0.16602247807017545,0.12323149632918137,-0.16979975998401642,0.23429663479328156,0.058450403046189696,0.05494292021780601,18.0,0.016378853479589228,226.91578869793727,9426.986704557426,0.03780238251819249,0.9415495969538104,0.16602247807017545,0.04397811313115913,0.4237749749351002,0.19589685785273558,999.3480858374695
1511,77.26114664409323,28.66843334531087,38.445211400000005,44.604483440000024,41.4907307126316,1.3964279821784278,0.016025202348828316,0.5939353704452515,0.14188020405016447,0.12144183658869065,-0.13858471810817719,0.21269385516643524,0.059249867221765354,0.04915282637483906,7.0,0.004903855881653619,174.7001912801463,11820.005805637393,0.04739843120983144,0.9407501327782346,0.14188020405016447,0.013167119970333336,0.531349286999115,0.220439986781846,1499.0221287562042
1512,77.26626241057238,28.66843334531087,42.310992020000015,46.23829699999999,44.71173307684212,0.7007531358397963,0.010236113332211971,0.475046843290329,0.103218994140625,0.07838971652555621,-0.11756624281406403,0.21095968782901764,0.06707671583744518,0.04449237971888297,10.0,0.031077181869923063,774.9886668171988,13516.194247968766,0.054200176701733875,0.9329232841625548,0.103218994140625,0.08344392492284267,0.6075987012776652,0.2931058354647717,1802.4141024383005
1513,77.27137817705153,28.66843334531087,43.34494307,45.908458069999995,44.60245167578949,0.48238577112012104,0.0036581309977918863,0.5520525574684143,0.0973553466796875,0.07915452180568162,-0.12088919430971146,0.28260427713394165,0.07158175819798519,0.04814404413861677,50.0,0.031065067152677317,154.93731109859962,12452.954860211983,0.049936568053069966,0.9284182418020148,0.0973553466796875,0.08341139624760606,0.5598024903549518,0.27396783389054435,2120.628996902153
1514,77.27649394353068,28.66843334531087,40.51994954000003,44.652335719999996,43.17332719000002,1.0044520375807229,0.01989930495619774,0.6891176700592041,0.1589567347935268,0.14412306491166577,-0.23801271617412567,0.2947114408016205,0.04457009996686663,0.07049260910272485,8.0,0.015538215120213418,484.3562018885711,16659.846959077597,0.06680627937420688,0.9554299000331333,0.1589567347935268,0.04172095337836619,0.7489165359798993,0.3245991864189794,2498.9570597890447
1515,77.28160971000983,28.66843334531087,41.33343830000001,44.67626186000001,43.40814998473686,0.691674246558669,0.01752474345266819,0.6909551620483398,0.16835957845052082,0.13716244831701183,-0.21798862516880035,0.36602452397346497,0.0415094208299068,0.07257809764689985,46.0,0.0262515905439286,142.31527367700974,14653.6497627187,0.058761393325198204,0.9584905791700932,0.16835957845052082,0.07048694954457295,0.658731178426478,0.305784641097335,2914.078538607065
1516,77.28672547648898,28.66843334531087,42.91769057000005,44.55492214999998,43.885836798421074,0.34839532889023717,0.014370244927704334,0.633845329284668,0.08975990161561129,0.07447460147183664,-0.19883276522159576,0.21604067087173462,0.06944795307360198,0.05205418854367986,4.0,0.0037987286568140215,236.8274309481231,20198.02632462139,0.0809944408711994,0.930552046926398,0.08975990161561129,0.010199793217036153,0.9079696797829278,0.3693077478433928,3352.352811087249
1517,77.29184124296813,28.66843334531087,43.49533595,44.69335196,44.186680760000016,0.2863838859099172,0.003658313537016511,0.640062153339386,0.1001720977247807,0.08994622696590708,-0.19260400533676147,0.2179863154888153,0.07320853785464639,0.051876892155484564,10.0,0.015577879774666724,388.47410067422106,12855.030449291713,0.05154889823831054,0.9267914621453536,0.1001720977247807,0.04182745513461119,0.5778771496309539,0.25624733293314833,3805.789446247963
1518,77.29695700944728,28.66843334531087,42.14180003000001,45.28466942000003,44.136309938947385,0.5899936967854297,0.0006782726850360632,0.6790092587471008,0.09240900407757675,0.0952350846432663,-0.26864415407180786,0.2474503517150879,0.07422441984477796,0.05750761888480932,10.0,0.006805441001106965,169.7110011656294,16376.324687406603,0.06566935007728188,0.9257755801552221,0.09240900407757675,0.01827297952369356,0.7361712497780175,0.3054322876254231,4269.560345828792
1520,77.10255788323957,28.672924901185826,37.15319984000001,40.37297468000003,38.383295502105284,0.6168702344370776,0.009842519648373127,0.6530147790908813,0.2329075435169956,0.1477658959007839,-0.2678700387477875,0.2282273918390274,-0.004493092319421601,0.07194165371179244,203.0,0.21291905774330158,261.5605367148012,9752.658620530345,0.039108332630235096,1.0044930923194215,0.2329075435169956,0.571699259712137,0.4384150303795158,0.5183855679790885,1000.0000000003223
1521,77.10767364971872,28.672924901185826,36.79772576000005,39.99015644000002,38.1879180926316,0.5748535823689725,-0.22113136947155,0.6692143082618713,0.2558370382743969,0.14715987199913194,-0.28358209133148193,0.28981348872184753,-0.009606952332613761,0.07103371741624623,117.0,0.12223139182731198,260.5257275998738,8628.939709786393,0.03460220003047943,1.0096069523326137,0.2558370382743969,0.3281979403905981,0.38790006009697603,0.35207878827314926,1117.8786807079566
1522,77.11278941619787,28.672924901185826,37.06091330000004,39.37149482000001,38.20525158105265,0.5313487584095574,0.022984562441706657,0.6788405776023865,0.23265736362390352,0.15841432776230646,-0.21267752349376678,0.27425217628479004,0.012270564029091283,0.07590906451175863,39.0,0.08865356311243913,566.8723972354064,12218.344519528884,0.0489957764598307,0.9877294359709087,0.23265736362390352,0.23803964257313717,0.5492559610812412,0.36252616997637876,1413.7223840356748
1523,77.11790518267702,28.672924901185826,36.83532398,40.89934976000001,37.99790581052633,0.9293672125136289,0.019999999552965164,0.6990319490432739,0.203458251953125,0.1482107598283031,-0.23875823616981506,0.19653178751468658,0.026486923485471492,0.06745059487800904,9.0,0.01407816833223337,390.0833076639962,12970.858030568315,0.05201336887678703,0.9735130765145286,0.203458251953125,0.037800648278953186,0.5830839916357863,0.25591398562168644,1801.908627824146
1524,77.12302094915617,28.672924901185826,37.26599450000003,39.91837801999998,38.574175516842125,0.6062824804132295,0.005586592014878988,0.7158969044685364,0.19482931572094297,0.15344308403277343,-0.2329055368900299,0.1978866457939148,0.02342296934964364,0.0720788245195771,86.0,0.09817658352562221,284.68408293476546,7522.3950928804725,0.03016493665113236,0.9765770306503564,0.19482931572094297,0.26360947074231905,0.33815713247969437,0.2934285354372692,2120.5835760535124
1525,77.12813671563532,28.672924901185826,37.481329759999994,40.11662318000003,38.858379117894756,0.5021717596380317,0.009109796956181526,0.6905947923660278,0.22367628666392544,0.14366833537542545,-0.2251039445400238,0.21374526619911194,0.00985701042309142,0.06688860182531314,259.0,0.3347662317505423,322.3261953084589,6240.996211781274,0.025026504596457055,0.9901429895769086,0.22367628666392544,0.8988655543419889,0.2805539135786688,0.6515408980366608,2498.8885362282404
1526,77.13325248211447,28.672924901185826,37.98036067999999,40.90276777999998,39.004560320000024,0.4964769152237955,0.01919594407081604,0.5760642886161804,0.18082253974780702,0.11396275808745544,-0.16387096047401428,0.25804853439331055,0.02863533421566612,0.05793358778832463,266.0,0.346347570113354,324.7014519554236,9591.40094450315,0.03846168651263447,0.9713646657843339,0.18082253974780702,0.929962078244878,0.4311659517759065,0.7304436276572893,2913.986722605196
1527,77.13836824859362,28.672924901185826,37.78895155999999,41.261659880000025,39.634576538947385,0.6477205679824688,0.010499523021280766,0.6294907927513123,0.19845073499177632,0.13291498713483754,-0.18364274501800537,0.30439096689224243,0.02807809394702577,0.06869486036586658,108.0,0.23130580238741902,534.0925179791315,6726.883007566196,0.026974919194933233,0.9719219060529742,0.19845073499177632,0.6210686699141635,0.30239617040560457,0.4935996701107399,2498.8885362282404
1528,77.14348401507277,28.672924901185826,36.87634022000003,40.83098935999999,38.83250587052633,1.1352182879515935,0.04023845121264458,0.6483700275421143,0.2874408066063596,0.15488098160339503,-0.23765690624713898,0.17788584530353546,-0.009411445082279674,0.07138195253298703,103.0,0.14008949397729525,339.17361796339276,7573.0055732638775,0.030367885567773773,1.0094114450822798,0.2874408066063596,0.3761479167206542,0.34043224495498425,0.3618616480143862,2120.5835760535124
1529,77.14859978155192,28.672924901185826,36.98229884,40.704522620000034,38.66848323894739,0.975676860112042,0.017910446971654892,0.6991555690765381,0.2896055843955592,0.16085379498449323,-0.23881565034389496,0.2390977442264557,-0.00023309623985959773,0.07845436903999113,123.0,0.13063678746914922,264.8586144126745,6505.847690766448,0.02608856368626847,1.0002330962398596,0.2896055843955592,0.35076688521384347,0.2924598844244966,0.3274440848981047,1802.3903514844717
1530,77.15371554803107,28.672924901185826,37.64197669999999,41.36420048000002,39.72367786526318,1.0553700177085679,0.014543086290359497,0.6635595560073853,0.19223913360060307,0.13145582836625547,-0.23113667964935303,0.22683100402355194,0.0466760468064693,0.0679355522487842,70.0,0.07496293442373021,267.05595145529935,7399.487738992879,0.029672075999943415,0.9533239531935307,0.19223913360060307,0.20127955933171643,0.33263203072179387,0.2538205478877474,1581.0290145288818
1531,77.15883131451022,28.672924901185826,37.78211552000005,42.54683540000002,39.42641594631581,0.9451567692889693,0.005022536963224411,0.5967616438865662,0.14067963181880483,0.12086808763062329,-0.283094197511673,0.3496168553829193,0.06326270387883771,0.0734419438012831,13.0,0.007198358190389525,138.08414756110406,11349.903281761399,0.04551331181937587,0.9367372961211623,0.14067963181880483,0.019327983564298653,0.5102165866446989,0.21568342479645877,1500.0000000004834
1532,77.16394708098937,28.672924901185826,36.35680118000005,42.37935242000003,38.539233405263175,1.2195663997886839,0.008237232454121113,0.660959780216217,0.15603806880482457,0.13262606728906745,-0.2934046983718872,0.34838077425956726,0.047727794981839364,0.080195708214689,32.0,0.020902879684930004,162.8957916722968,12887.979500577145,0.05168102451358165,0.9522722050181607,0.15603806880482457,0.056125369745594324,0.5793583210614672,0.2654185502719435,1581.0290145288818
1533,77.16906284746852,28.672924901185826,35.69028728000001,41.456487020000054,39.30797044210529,1.2468985764160407,-0.002895656507462263,0.7273120880126953,0.23869900887472587,0.17551122966897278,-0.25988641381263733,0.2874053120613098,0.009951957568787691,0.08686481375400804,161.0,0.11849196164498622,183.53408689453443,12550.740001241455,0.05032868818876555,0.9900480424312124,0.23869900887472587,0.31815736680531453,0.5641982635736364,0.41657372551264327,1802.3903514844717
1534,77.17417861394767,28.672924901185826,36.44566970000005,42.044386460000055,39.09165104631581,1.1149971764695599,0.0092692906036973,0.6753631830215454,0.16497627124451755,0.15191817871943983,-0.24872079491615295,0.18138757348060608,0.043653966000205595,0.06836448175477576,146.0,0.1082326384262055,184.8668801065583,17688.4732457916,0.07093108887879992,0.9563460339997945,0.16497627124451755,0.29061052552445693,0.7951567708005419,0.49242902363489094,1498.9578723321251
1535,77.17929438042682,28.672924901185826,37.85731196000006,40.622490140000025,38.53054549684213,0.5303385017504929,-0.02244718372821808,0.5519196391105652,0.06319195338657924,0.06617095118290783,-0.14358088374137878,0.1926364302635193,0.07309169224330357,0.04443313728142278,138.0,0.10530495377241304,190.29327372993356,21795.59518135596,0.08740072009001229,0.9269083077566964,0.06319195338657924,0.28274953286845134,0.9797858097338156,0.561564043614597,999.3052482214167
1536,77.18441014690598,28.672924901185826,36.753291500000046,38.94766034000003,37.838835604210544,0.4965040196453433,-0.009051219560205936,0.701786994934082,0.30382195723684213,0.2184911024974151,-0.2713770568370819,0.1925698220729828,-0.03679316470497533,0.09889888534498957,95.0,0.10042981451432663,263.6287542854153,11109.074067877518,0.044547582435203424,1.0367931647049753,0.30382195723684213,0.26965951859550746,0.499390497961669,0.3615519103419721,499.65262411070836
1537,77.18952591338513,28.672924901185826,36.38756336000006,38.882717960000036,37.15364428842107,0.45792964167961614,0.03788846358656883,0.7215309739112854,0.43964920847039474,0.15042648747839032,-0.2730996310710907,0.13921502232551575,-0.08440472519188597,0.07278375085390992,88.0,0.10637524659392975,301.44746073165504,1172.8246075173313,0.004703047307649786,1.084404725191886,0.43964920847039474,0.2856233273527103,0.0527224376389167,0.19246297146719285,0.0
1538,77.19464167986428,28.672924901185826,36.312366920000045,39.638100380000026,38.16059509684212,0.8067276334898792,0.03075995109975338,0.741525411605835,0.39991879111842105,0.17465397102259148,-0.25404050946235657,0.22106721997261047,-0.05857284813596491,0.08141136744108174,39.0,0.0413816075742582,264.6040414339889,3982.7482745310945,0.015970890642575043,1.0585728481359649,0.39991879111842105,0.1111118688324453,0.1790380217038256,0.13828232998099743,499.65262411070836
1539,77.19975744634343,28.672924901185826,34.83578227999999,39.86368970000001,37.24787793578949,1.0613868344660424,0.05098605155944824,0.7675489187240601,0.453129668654057,0.1725331616475814,-0.32397913932800293,0.29973936080932617,-0.06942636590254934,0.09250934447149096,9.0,0.00822865797696079,228.0028229197468,2995.563422941816,0.01201226202184072,1.0694263659025494,0.453129668654057,0.022094394572816728,0.13466071972499596,0.06712092463368843,0.0
1540,77.20487321282258,28.672924901185826,37.768443440000055,39.21426589999999,38.550249376842125,0.34363717272821553,-0.0012187690008431673,0.6200551986694336,0.10579893948739034,0.10173089963968784,-0.2048855572938919,0.1893203854560852,0.05841750830934759,0.05615832263116745,53.0,0.033742971823201885,158.7673448372493,11411.971797532893,0.04576220765948522,0.9415824916906524,0.10579893948739034,0.09060171605244154,0.5130067766109803,0.25956374027585705,499.65262411070836
1541,77.20998897930173,28.672924901185826,34.86654446,38.674218740000015,37.13996162631581,0.7988374573207244,-0.017912043258547783,0.7783355116844177,0.3903347724780702,0.2335987670997743,-0.3379669785499573,0.21801504492759705,-0.05050910280461897,0.10571548738224416,0.0,0.0,0.0,4094.9642003730096,0.016420878479224736,1.050509102804619,0.3903347724780702,0.0,0.18408250756673522,0.0736330030266941,499.65262411070836
1542,77.21510474578088,28.672924901185826,33.45148418000002,38.17518782000002,35.79752633473686,1.0506654770031327,0.08190778642892838,0.8045961260795593,0.5584278200383772,0.17019499504376648,-0.45318666100502014,0.17383766174316406,-0.1469358852453399,0.09654648047028169,27.0,0.0550863208555579,508.7843280761817,3929.2263610161167,0.01575626682786014,1.14693588524534,0.5584278200383772,0.14790976997162888,0.1766320304502978,0.15939867416309644,0.0
1543,77.22022051226003,28.672924901185826,34.692225440000016,39.65177246000002,37.94970432105265,1.0857202264312051,0.03611677885055542,0.7668678164482117,0.4069641327439693,0.19231410362454926,-0.309430867433548,0.1927710771560669,-0.08034809848718476,0.09466195945566304,38.0,0.11171115245924124,733.10580391485,2818.9199869828512,0.011303918736258233,1.0803480984871847,0.4069641327439693,0.29995052504663394,0.12671999911171972,0.23065831467266826,0.0
1544,77.22533627873918,28.672924901185826,36.87975824,40.048262780000016,38.65765774526317,0.5923294562527209,-0.008254067972302437,0.7358848452568054,0.32774615371436405,0.17143214449566782,-0.27995720505714417,0.23875586688518524,-0.04601695278234649,0.07822412116492117,64.0,0.15281914163873372,595.4585070369395,4875.419719735438,0.019550518841092435,1.0460169527823464,0.32774615371436405,0.41032771359545817,0.21916662601530376,0.33386327856339637,499.65262411070836
1545,77.23045204521833,28.672924901185826,32.79864236000003,40.36613864000003,38.232394681052654,1.249550123728309,-0.1831238716840744,0.7395577430725098,0.32321237664473684,0.20195547042350903,-0.3347008526325226,0.35467979311943054,-0.045113321940104166,0.09230499679845035,43.0,0.10367207189664476,601.2388627506243,4947.37112261254,0.019839045232348067,1.045113321940104,0.32321237664473684,0.2783651561505177,0.22240108522336102,0.25597952777965505,999.3052482214167
1546,77.23556781169748,28.672924901185826,32.80547840000003,41.65815020000002,37.62047386210528,2.5037856192371786,-0.2161862552165985,0.6702814102172852,0.19683383874725877,0.2166235819047596,-0.4003264307975769,0.4306839108467102,0.019811540570175437,0.10389602018304896,0.0,0.0,0.0,936.3852657465249,0.0037549213878743126,0.9801884594298246,0.19683383874725877,0.0,0.04209368857277499,0.01683747542911,499.65262411070836
1547,77.24068357817663,28.672924901185826,32.83282256000001,42.61861382000001,38.527878806315805,2.5179477250667266,0.014556200243532658,0.7639268636703491,0.4070015676398026,0.2214336757361462,-0.28401049971580505,0.22055785357952118,-0.04862387673896656,0.10431241517834296,8.0,0.019192586332178966,598.2700167524147,1507.7117839241673,0.006045950776140777,1.0486238767389666,0.4070015676398026,0.051533138998278244,0.06777675024543438,0.0580305834971407,0.0
1548,77.24579934465578,28.672924901185826,35.80991798000002,45.018063859999984,40.913381631578964,2.1187446726959065,0.013733361847698689,0.7253963351249695,0.2295120185718202,0.15609941763259888,-0.20596696436405182,0.20460885763168335,0.029402990508497807,0.07362357348219825,13.0,0.19789588442316217,3796.182932784068,1012.2325930642223,0.0040590705046710945,0.9705970094915022,0.2295120185718202,0.5313612216018728,0.04550328277718949,0.3370180460719995,499.65262411070836
1549,77.25091511113493,28.672924901185826,34.98959318000004,41.94184586000006,39.71282062526317,0.9558688783624073,0.010102669708430767,0.6576682925224304,0.22759707802220394,0.15662334675626444,-0.20693804323673248,0.2950935363769531,0.018746980365953948,0.07823878276303554,11.0,0.07916135170791579,1794.6271693473777,2713.9475839585866,0.010882977553530277,0.9812530196340461,0.22759707802220394,0.2125525382692115,0.12200113412817425,0.1763319766127966,706.8611920178374
1550,77.25603087761408,28.672924901185826,34.46663612000003,41.69233040000006,39.53043804105265,1.653404267007195,-0.025426262989640236,0.6642406582832336,0.11933490953947369,0.13882427935900712,-0.26582032442092896,0.26052239537239075,0.05873171622293037,0.07661159353625903,15.0,0.009358626227405926,155.58745091656633,15427.724985973797,0.061865448587437824,0.9412682837770696,0.11933490953947369,0.02512842083201863,0.6935284809594523,0.2924884448829921,1117.412627064429
1551,77.26114664409323,28.672924901185826,38.97842251999998,43.753396460000005,41.374258771052645,1.0188301682591823,0.013115259818732738,0.5859009623527527,0.10960609837582237,0.08981184483997894,-0.21672871708869934,0.29734110832214355,0.06670531691166393,0.046323373022427485,10.0,0.01110305990624566,276.8830722923629,11741.742155702974,0.047084592596835353,0.9332946830883361,0.10960609837582237,0.029812320213218904,0.5278310709106957,0.22901982049220962,1580.150215336065
1552,77.26626241057238,28.672924901185826,39.74747702000002,46.02296174,43.06216805315791,1.340712495882851,0.03515127673745155,0.670608401298523,0.1664881441885965,0.12512830559397356,-0.2112494707107544,0.2093508094549179,0.041749171206825655,0.06352623210694687,36.0,0.03630257355978904,251.4714207972453,15427.33887839333,0.061863900289248014,0.9582508287931744,0.1664881441885965,0.09747438604015574,0.6935111241162357,0.33588908127058775,2060.2048239171827
1553,77.27137817705153,28.672924901185826,41.85639536000002,45.870859850000016,43.24364586736844,1.0965515612025756,0.03760445863008499,0.6561988592147827,0.23823045161732456,0.1469997495078009,-0.20346736907958984,0.2824994623661041,0.019795352868866502,0.07304184922690364,11.0,0.010424338808040506,236.3249394277467,13142.84617837246,0.05270304437497613,0.9802046471311335,0.23823045161732456,0.027989917120196092,0.5908154412823207,0.2531201267850459,2499.3748624464138
1554,77.27649394353068,28.672924901185826,41.59320782000003,48.26176484000001,44.37549285500002,1.6265314712934764,0.04380952566862106,0.7338003516197205,0.27823590959821426,0.15518853473959127,-0.24258257448673248,0.28783953189849854,0.01997608184814453,0.08319321979387725,13.0,0.04509875137755773,865.1170829973997,7792.304153400052,0.031247276731866155,0.9800239181518555,0.27823590959821426,0.12109260227694484,0.3502904587419606,0.21277174486295114,2827.4447680713497
1555,77.28160971000983,28.672924901185826,42.88692839000004,45.96143738000001,44.30600987000002,0.6004225481674668,0.017795637249946594,0.6857175827026367,0.23788989686129386,0.14838226132576282,-0.23102866113185883,0.20977957546710968,0.021068447179961623,0.068948055989716,42.0,0.02693385567802127,159.92006604659463,11692.75456184932,0.04688815148372692,0.9789315528200384,0.23788989686129386,0.07231886856686373,0.5256289126804919,0.253642886212315,3200.2060276676716
1556,77.28672547648898,28.672924901185826,43.25778356000001,45.91871213000002,44.83241669631581,0.5278509275723754,-0.01288753841072321,0.6297800540924072,0.18445830763432017,0.12708763103295573,-0.20749999582767487,0.22464247047901154,0.041191898814418856,0.06322950226668997,26.0,0.01787698176952896,171.4646398054016,11420.253398276753,0.04579541702415219,0.9588081011855811,0.18445830763432017,0.048000669136197154,0.5133790626083663,0.2341520265250648,3603.817255648292
1557,77.29184124296813,28.672924901185826,43.46115575000002,45.26587031,44.31800997736844,0.4116100310831698,0.01576576568186283,0.6790192127227783,0.17798052871436404,0.13750616223776788,-0.224050372838974,0.2644207775592804,0.04135090610437226,0.07077819047227964,30.0,0.05299147558636701,440.4924615242188,8074.569112747815,0.03237916418425724,0.9586490938956277,0.17798052871436404,0.14228499639663128,0.36297922449728165,0.23056268763689142,4029.017807637204
1558,77.29695700944728,28.672924901185826,42.78438779000001,48.241256720000024,44.88299386842107,1.205296069966936,0.016649775207042694,0.7244052290916443,0.1968667334841009,0.15998019021856277,-0.25174057483673096,0.17185792326927185,0.029512706555818256,0.07563071927035651,5.0,0.003837161682095899,191.37879546585174,9352.767883262835,0.037504763739195895,0.9704872934441817,0.1968667334841009,0.010302987981915476,0.42043858759102737,0.17435722782556026,4469.650508257716
1560,77.10255788323957,28.677416457060783,37.31726480000003,39.45352730000002,38.16769965776318,0.47742694897066434,0.03017241321504116,0.6662507653236389,0.28779352556195176,0.15544962421150132,-0.2377796173095703,0.1906033158302307,-0.013896698533442983,0.06879946306175933,67.0,0.07165550714899085,266.7033640075552,4445.446807477456,0.01782631989915699,1.013896698533443,0.28779352556195176,0.19239893706820885,0.19983788759385157,0.19537451727846594,500.00000000016115
1561,77.10767364971872,28.677416457060783,37.50183788000004,39.689370680000025,38.264843384078965,0.38118232489376547,-0.022661242634058,0.6796738505363464,0.19884697094298245,0.13665625031252085,-0.2727689743041992,0.24389027059078217,0.00536924864116468,0.0703657455863159,302.0,0.22206326709025964,183.36798148234155,3840.205119463557,0.01539929008323533,0.9946307513588353,0.19884697094298245,0.5962519595489517,0.17263022419025612,0.4268032654054735,706.846049889284
1562,77.11278941619787,28.677416457060783,37.36169905999998,39.94914019999999,38.535822660460546,0.48273940164828544,0.010198604315519333,0.7081210613250732,0.30092006750274125,0.16976807978971314,-0.24562937021255493,0.2264784872531891,-0.01771440204821135,0.07868407949056232,55.0,0.09935961545874814,450.5063685524373,4564.288350273313,0.01830287657634518,1.0177144020482114,0.30092006750274125,0.2667859758778965,0.20518021737513956,0.24214367247679372,1117.3743119366284
1563,77.11790518267702,28.677416457060783,36.84557804000002,41.28558601999998,38.993230192171076,1.152969799486314,0.0343213714659214,0.6706901788711548,0.31368271141721493,0.15400328030944815,-0.20708997547626495,0.1926678568124771,-0.00017890813057882743,0.07063814351319152,17.0,0.0208701924514439,306.1478787926743,3732.8919488673164,0.014968962381366614,1.0001789081305787,0.31368271141721493,0.05603760274444324,0.16780613377781897,0.10074501515779355,1413.692099778568
1564,77.12302094915617,28.677416457060783,37.42322342,42.803186900000014,40.07103084085528,1.3457519559001416,0.043887145817279816,0.6939151883125305,0.2645672286184211,0.15130888694095368,-0.2693677544593811,0.21178263425827026,0.02403159693667763,0.08159155807681269,16.0,0.04473257456090993,697.2004103236427,1696.9964045034412,0.006804985434425529,0.9759684030633223,0.2645672286184211,0.12010939759240372,0.0762857349141836,0.10257993252111566,1801.8551673749898
1565,77.12813671563532,28.677416457060783,36.71911130000001,42.08882072000006,39.91126089282896,1.3557510751680562,0.04211956635117531,0.645345151424408,0.2905920195997807,0.14514763687227558,-0.2542372941970825,0.1862068921327591,0.0006526418317828262,0.06876653755147662,17.0,0.013257981661061808,194.48325510412027,3324.3547608549297,0.013330721070738181,0.9993473581682172,0.2905920195997807,0.03559840242222083,0.1494410037489087,0.08113544295289597,2234.7486238732567
1566,77.13325248211447,28.677416457060783,36.95153665999999,42.25630369999999,40.346732381710545,1.2555602090852938,0.03191996365785599,0.6487270593643188,0.2766930938185307,0.1427095346498144,-0.20747996866703033,0.16241061687469482,0.007818555999220463,0.06917137124483357,0.0,0.0,0.0,1247.0106412217638,0.005000534607833068,0.9921814440007796,0.2766930938185307,0.0,0.05605735106978341,0.022422940427913363,2690.8703900594546
1567,77.13836824859362,28.677416457060783,37.80262363999998,41.46332305999999,39.53763982506581,0.8394742493559637,0.035118021070957184,0.6568175554275513,0.29257144325657897,0.1254240425326446,-0.21077655255794525,0.20403023064136505,-0.0015717820953904536,0.06196911434833126,0.0,0.0,0.0,2514.473930473373,0.010083084694054409,1.0015717820953904,0.29257144325657897,0.0,0.11303411792722395,0.04521364717088958,2234.7486238732567
1568,77.14348401507277,28.677416457060783,36.19273622000003,41.66156822000005,39.01576213980265,1.2142454057934435,0.04757747799158096,0.7085698843002319,0.34944856342516445,0.18276414021037304,-0.25049465894699097,0.2782900333404541,-0.019231566044322232,0.08845435754378699,36.0,0.0902054527813483,624.8618527616117,1968.8324463596875,0.00789505274421746,1.0192315660443223,0.34944856342516445,0.24220655080706296,0.08850568551286177,0.1807262046893825,1801.8551673749898
1569,77.14859978155192,28.677416457060783,38.14100761999998,42.33491816000003,40.19049288855265,1.0007167043503538,-0.008571428246796131,0.6965876221656799,0.20906943873355263,0.1611121739361246,-0.21332168579101562,0.300974577665329,0.05880464252672697,0.08140675399561412,17.0,0.03323258854184808,487.493659320455,895.1494588669116,0.003589565076895762,0.941195357473273,0.20906943873355263,0.08923130916067705,0.04023999941689778,0.06963478526316534,1413.692099778568
1570,77.15371554803107,28.677416457060783,37.45398560000001,41.92133774000001,38.81746076236844,0.8500311401133465,0.0001041341238305904,0.674365222454071,0.21941915947094298,0.18355833853716075,-0.23248186707496643,0.28031495213508606,0.03648110372978344,0.09324174434835093,22.0,0.07763399954825737,880.0006685615558,9246.82445813839,0.03707992874076468,0.9635188962702166,0.21941915947094298,0.20845151458325673,0.4156760718759107,0.2913413375003183,1117.8691060426384
1571,77.15883131451022,28.677416457060783,37.248904400000015,39.48087146,38.52873926375002,0.2920246244839278,-0.0035384087823331356,0.4302447736263275,0.0542809630276864,0.03894965036773721,-0.07737556844949722,0.21953824162483215,0.09777455112390351,0.03874561599403643,5.0,0.00396426217433285,197.71794432708455,20717.99330883359,0.08307951762478366,0.9022254488760965,0.0542809630276864,0.010644259721942228,0.9313439564852677,0.3789241384272724,1000.0000000003223
1572,77.16394708098937,28.677416457060783,37.16003588000001,40.37981072000002,38.61582006934212,0.642669562412919,-0.007093848194926977,0.5591654181480408,0.080355224609375,0.09111678119236466,-0.18174506723880768,0.20125621557235718,0.0783462417334841,0.054670054206519485,12.0,0.012314353359860824,255.9081325600813,18398.892173162978,0.07377988127474906,0.9216537582665159,0.080355224609375,0.033064709069649166,0.8270925072744972,0.3506758283515884,1117.8691060426384
1573,77.16906284746852,28.677416457060783,35.94663878000006,40.40715488000001,38.50818616980265,0.8128643712709008,-0.01290812436491251,0.7286482453346252,0.23132621898985745,0.169084130439773,-0.3074813187122345,0.4117341637611389,0.010525834602222109,0.09299702062478203,39.0,0.012066526643538205,77.15629969719342,13271.920365396512,0.053220634135524865,0.9894741653977779,0.23132621898985745,0.032399280846547855,0.596617763072426,0.2580866737368991,1413.692099778568
1574,77.17417861394767,28.677416457060783,36.59606258000002,38.88955400000003,37.789086481842126,0.42985528835116527,-0.002303086221218109,0.6934027075767517,0.32425123783580045,0.16323998716122287,-0.29589322209358215,0.37423887848854065,-0.014871906481291119,0.09074220655982553,18.0,0.009433099597965565,130.6879775074607,7962.550253091023,0.031929966586476545,1.0148719064812912,0.32425123783580045,0.025328385885727178,0.3579435974267177,0.15837447050212342,1117.8691060426384
1575,77.17929438042682,28.677416457060783,35.84409818000006,38.12733553999999,37.29529502671054,0.5786151784712459,-0.005977104417979717,0.690671980381012,0.19203425816127231,0.18174233297744657,-0.3812999725341797,0.35701414942741394,0.020611421040126254,0.09715658747021673,146.0,0.11557651744525582,197.41060094597503,12771.592725949742,0.05121431149993152,0.9793885789598737,0.19203425816127231,0.3103292404347414,0.5741263414219224,0.41584808082961383,1000.0000000003223
1576,77.18441014690598,28.677416457060783,35.71763143999999,38.69814488000003,37.332825785789495,0.6345575544338198,0.007712082471698523,0.6754994988441467,0.3389916349712171,0.19150651142281525,-0.280696302652359,0.3036041557788849,-0.029625171862150492,0.07879372520225669,29.0,0.017031128600061524,146.45329682057195,7593.893866309277,0.03045164799033798,1.0296251718621505,0.3389916349712171,0.04572950733445415,0.34137124446131345,0.16398620218519788,706.846049889284
1577,77.18952591338513,28.677416457060783,35.91245858000002,39.99015644000002,38.293176970921074,0.9429084277273259,0.03129340708255768,0.6888489127159119,0.3722192811129386,0.1621338349586884,-0.25238367915153503,0.25962379574775696,-0.04669346859580592,0.07965403634020986,15.0,0.03761834876577686,625.406213469424,5384.194895606159,0.021590716246348944,1.046693468595806,0.3722192811129386,0.10100731408888738,0.2420377930339209,0.1574195056669008,500.00000000016115
1578,77.19464167986428,28.677416457060783,36.59948059999999,40.882259660000045,38.69492924276318,0.636015734010536,0.003894326975569129,0.7146178483963013,0.3106517483895285,0.1858314502535439,-0.22820718586444855,0.30312052369117737,-0.009505401075932018,0.09013769703514656,98.0,0.1105074156277623,281.2024297665633,10334.224515445047,0.04144042209934108,1.0095054010759321,0.3106517483895285,0.2967184261319637,0.4645583867100642,0.3638544103632039,706.846049889284
1579,77.19975744634343,28.677416457060783,36.02867126000001,43.42526654000005,39.22554311730264,1.5031112498845896,0.03073478490114212,0.6944947838783264,0.2871093964158443,0.18568424228690975,-0.24477116763591766,0.22548530995845795,0.0004002430564478824,0.07999471708343486,75.0,0.09721415135684057,323.23765550834685,6197.602360342446,0.024852494488833258,0.9995997569435521,0.2871093964158443,0.2610252879817558,0.2786032130120778,0.26805645799388456,500.00000000016115
1580,77.20487321282258,28.677416457060783,37.94618048000001,40.23967190000002,38.935045147763184,0.45245658315853055,-0.01438221801072359,0.623214840888977,0.1054674864651864,0.1101903456694796,-0.1960047036409378,0.23273207247257233,0.0611910261187637,0.060983220890557445,174.0,0.1346585587839243,192.99161300581943,13877.812070076076,0.05565027052971047,0.9388089738812363,0.1054674864651864,0.36156556010822716,0.6238546469262918,0.46648119483545303,706.846049889284
1581,77.20998897930173,28.677416457060783,35.625344900000016,39.43985522000003,37.72179421309212,0.6531620730641494,0.0005996401887387037,0.7815981507301331,0.27752278645833334,0.18965206271265395,-0.29876071214675903,0.20652173459529877,-0.023754668654057016,0.08543065459816356,82.0,0.08984297433362844,273.2272374158522,9748.62830142352,0.03909217097971819,1.023754668654057,0.27752278645833334,0.24123327644440404,0.4382338538878115,0.32003350742176706,499.6312022321295
1582,77.21510474578088,28.677416457060783,34.95883100000003,38.22304010000005,36.598502416644756,0.70184580565118,0.05341720953583717,0.7845659255981445,0.4850390625,0.14981182809790766,-0.2982213497161865,0.15746180713176727,-0.06550994873046875,0.08761881566775574,9.0,0.01330898780750462,368.7705575820173,2088.7594000471245,0.00837596193817467,1.0655099487304687,0.4850390625,0.03573535670180101,0.09389680818924857,0.05899993729678003,0.0
1583,77.22022051226003,28.677416457060783,34.86996248000003,38.53066190000004,36.954381262171076,0.8609904226880164,0.020786214619874954,0.778129518032074,0.38007748252467105,0.20976748109219806,-0.31945735216140747,0.208213672041893,-0.07974568149499726,0.09992254732063373,48.0,0.10942382464497682,568.4920231734017,5361.5267987492325,0.02149981677919146,1.0797456814949973,0.38007748252467105,0.29380892536084874,0.24101878531932147,0.2726928693442378,499.6312022321295
1584,77.22533627873918,28.677416457060783,36.86266813999998,38.472555560000046,37.54080780539476,0.4237526412523425,0.03525751829147339,0.7102765440940857,0.3394959138569079,0.16119548454769045,-0.2872169017791748,0.22118380665779114,-0.061850789388020834,0.07087198148080286,72.0,0.12635972668235912,437.6529937750932,6533.54191805473,0.02619961802487184,1.061850789388021,0.3394959138569079,0.3392827441911095,0.2937048337219497,0.3210515800034456,706.846049889284
1585,77.23045204521833,28.677416457060783,31.11014048000004,39.313388480000015,36.36744876203949,2.3080232164638663,-0.20733104646205902,0.6821191906929016,0.20859670538651315,0.2298494588403064,-0.331532746553421,0.3775485157966614,-0.017338417454769738,0.0941124365398943,41.0,0.07484228239398737,455.21534014379023,5996.435928639054,0.024045813558924326,1.0173384174547697,0.20859670538651315,0.20095560206449092,0.26956010069797265,0.22839740151788362,706.846049889284
1586,77.23556781169748,28.677416457060783,32.074022119999995,39.10488926000005,36.80343745131581,1.886562604246539,-0.20990432798862457,0.730780303478241,0.3907437722724781,0.19646609806692433,-0.26908987760543823,0.22309711575508118,-0.047012794896175984,0.07781006842162456,0.0,0.0,0.0,0.0,0.0,1.047012794896176,0.3907437722724781,0.0,0.0,0.0,499.6312022321295
1587,77.24068357817663,28.677416457060783,32.477348480000046,37.85731196000006,35.55611875151318,1.0922242083753426,0.20456039905548096,0.7760573625564575,0.562126250685307,0.10038436991992594,-0.2840230166912079,0.08485815674066544,-0.09421757212856359,0.0776582075328305,0.0,0.0,0.0,0.0,0.0,1.0942175721285636,0.562126250685307,0.0,0.0,0.0,0.0
1588,77.24579934465578,28.677416457060783,34.692225440000016,40.83098935999999,37.80124069111844,1.8282635864423362,0.07225380837917328,0.663496732711792,0.4134982353344298,0.11866529225893609,-0.22904221713542938,0.1491481065750122,-0.020061189082630895,0.06381946320742057,0.0,0.0,0.0,0.0,0.0,1.020061189082631,0.4134982353344298,0.0,0.0,0.0,0.0
1589,77.25091511113493,28.677416457060783,34.234210759999996,41.524847420000015,38.451777596315814,1.6657702390119946,0.02812071330845356,0.7142857313156128,0.30980237458881577,0.15642472682361752,-0.28419917821884155,0.217027947306633,-0.002123774478310033,0.0781592432347123,0.0,0.0,0.0,0.0,0.0,1.00212377447831,0.30980237458881577,0.0,0.0,0.0,499.6312022321295
1590,77.25603087761408,28.677416457060783,33.42072200000001,39.22451996000001,36.5305805126316,1.7618712485718722,0.007526739500463009,0.7084253430366516,0.3654027463678728,0.20406307797065745,-0.30625930428504944,0.20872192084789276,-0.05792441384834156,0.10406043661501907,20.0,0.023151422650235533,288.6698390112416,8166.385141959757,0.032747348076560115,1.0579244138483415,0.3654027463678728,0.06216283000077689,0.3671066659265902,0.1841403643711022,999.262404464259
1591,77.26114664409323,28.677416457060783,37.084839439999996,43.623511699999995,40.25228709223686,1.8217356202463932,0.0258479006588459,0.6855118274688721,0.2822362424616228,0.16341497012201842,-0.23836614191532135,0.23752592504024506,0.0030127173975894326,0.0754981041541274,33.0,0.04995770271151905,377.52197956007575,10491.854944264993,0.04207252289183266,0.9969872826024105,0.2822362424616228,0.1341391510924671,0.4716444082687758,0.2691412539629906,1498.8936066963886
1592,77.26626241057238,28.677416457060783,40.66008836000003,43.840555970000025,42.5061339776316,0.8432640868630603,0.0034270049072802067,0.6375208497047424,0.12505401075932018,0.1087450438927959,-0.17909438908100128,0.23020297288894653,0.05863021582887884,0.058163591660138146,30.0,0.03060182807616504,254.3781698330141,16786.05445099724,0.06731237363695804,0.9413697841711212,0.12505401075932018,0.082167574112008,0.7545899901175837,0.35113654051423826,1998.524808928518
1593,77.27137817705153,28.677416457060783,41.74701872000003,44.23875530000001,43.24959830157896,0.6753054968914515,-0.007410296238958836,0.6315422058105469,0.11407395747669956,0.10057246102379437,-0.19359090924263,0.33873438835144043,0.0656315050627056,0.06238445641757974,37.0,0.026422562202486868,178.08483043064342,17810.6816759316,0.07142114683346604,0.9343684949372943,0.11407395747669956,0.07094601775418038,0.8006504535692255,0.36282779208019844,2498.1560111606477
1594,77.27649394353068,28.677416457060783,42.23408657000002,48.50786228000004,43.75728327093751,1.357307872366002,0.014044678770005703,0.6638271808624268,0.17634380885532924,0.12544014731405367,-0.20197802782058716,0.1719685047864914,0.040501278468540736,0.05601959330028105,19.0,0.010167091625290689,133.44332620960404,14456.79376117689,0.057971997296063275,0.9594987215314592,0.17634380885532924,0.027299194431960213,0.6498818345445274,0.2763322504769871,2997.787213392777
1595,77.28160971000983,28.677416457060783,42.592978670000036,44.47288967,43.56644538253291,0.3849354519650265,0.021268330514431,0.6848240494728088,0.14207665158991228,0.12397491658351198,-0.2773623466491699,0.2003742754459381,0.04319903725071957,0.06581408476506964,59.0,0.03991367494888539,168.7032412784603,18746.598168553057,0.0751741884328625,0.9568009627492804,0.14207665158991228,0.10717038983038855,0.8427230692026242,0.40139146157928285,3497.4184156249066
1596,77.28672547648898,28.677416457060783,43.170624050000015,45.611090330000025,44.53017523546055,0.4478824566607103,0.014643887057900429,0.5734890103340149,0.09171494868763706,0.060833025782017824,-0.13847573101520538,0.21933086216449738,0.07206307394462719,0.0455317083218669,74.0,0.07272043384825189,245.06340512067902,21263.83868093967,0.08526836716905677,0.9279369260553728,0.09171494868763706,0.19525832322212103,0.955881554355313,0.4995076156753978,3903.4251852424763
1597,77.29184124296813,28.677416457060783,43.235566430000034,45.952892330000026,44.75755789161186,0.5397820061266655,0.005167958792299032,0.6634080410003662,0.15096876713267543,0.12603008747263314,-0.2455187886953354,0.2247353196144104,0.04754389177288926,0.0660078807836842,56.0,0.039337196319399546,175.17377873843637,15069.936628554748,0.06043071098022639,0.9524561082271108,0.15096876713267543,0.10562251333116855,0.6774446827162631,0.3343513810852064,4299.062173771887
1598,77.29695700944728,28.677416457060783,44.182357970000055,47.79862313000001,45.14777434595397,0.7842615651151542,-0.009846395812928677,0.5921114683151245,0.0972953823156524,0.0804123048276789,-0.14125435054302216,0.23296064138412476,0.0681897400973136,0.051895831066321466,82.0,0.057438390923350416,174.67957834210517,16299.061737894317,0.06535952429058217,0.9318102599026864,0.0972953823156524,0.154225206132206,0.7326980185622408,0.38561433110421994,4714.488906298869
1600,77.10255788323957,28.68190801293574,35.413427660000025,39.84318158000002,38.088266407368444,0.9561970148168062,0.04378489404916763,0.7062780261039734,0.4089329769736842,0.13812314316787144,-0.22509224712848663,0.14758819341659546,-0.03484789931983279,0.06312230717560956,53.0,0.02857850063989334,134.46748821648237,2725.3839441358923,0.010928837559021675,1.034847899319833,0.4089329769736842,0.07673482981127769,0.12251523724504228,0.09504699278478351,0.0
1601,77.10767364971872,28.68190801293574,36.08335957999998,41.904247639999994,38.39142255894739,0.9747169414607579,0.009164420887827873,0.7458798289299011,0.35027073910361844,0.1714613813721983,-0.245354562997818,0.20100396871566772,-0.017873197856702303,0.07591518492941904,121.0,0.11066851489835504,228.0827464675922,0.0,0.0,1.0178731978567024,0.35027073910361844,0.297150986442507,0.0,0.1782905918655042,499.60977728312986
1602,77.11278941619787,28.68190801293574,37.80945968000003,42.15034508000002,39.7169793926316,0.8204679780501536,0.09506726264953613,0.6571941375732422,0.36420611465186403,0.12510069786506237,-0.20886501669883728,0.2666218876838684,-5.4030836674205046e-05,0.0670961563655893,6.0,0.06085141919040854,2529.1418223236924,0.0,0.0,1.000054030836674,0.36420611465186403,0.16338937280819305,0.0,0.09803362368491582,706.8309059153114
1603,77.11790518267702,28.68190801293574,38.69130884000003,42.99117799999999,40.23598932736844,0.9952923182826524,0.03478110581636429,0.6735703349113464,0.2992258172286184,0.13321745811512364,-0.24358434975147247,0.31263718008995056,0.04717488071374726,0.08469532030583832,4.0,0.04056732233562637,2529.1237140503054,0.0,0.0,0.9528251192862527,0.2992258172286184,0.1089254686433106,0.0,0.06535528118598635,1117.335991646092
1604,77.12302094915617,28.68190801293574,37.016479040000036,42.39986054000002,39.43955892105265,1.1488719062864032,0.040187280625104904,0.6455863118171692,0.2973119688870614,0.15403897761299418,-0.23816604912281036,0.31096774339675903,0.02346835220069216,0.08065523571312852,3.0,0.017372941609732066,1444.1284619664718,83.69556794672862,0.0003356206997799243,0.9765316477993078,0.2973119688870614,0.04664729387108358,0.0037623991971535336,0.029493336001511564,1580.0282801305325
1605,77.12813671563532,28.68190801293574,37.047241220000046,40.362720620000005,38.83106670421054,0.7344653967457401,0.021574344485998154,0.667560338973999,0.310336485745614,0.14714773856809055,-0.198944091796875,0.1812577098608017,-0.00383242690772341,0.07023437087409513,13.0,0.0200853108848534,385.29105647140165,6583.081903649778,0.026398274238580554,1.0038324269077235,0.310336485745614,0.053930153015248644,0.29593182383149097,0.1507308213417456,2060.0385610251424
1606,77.13325248211447,28.68190801293574,37.40271530000001,41.93842784000003,39.1757258726316,0.9126185428733483,0.0050371792167425156,0.6273627281188965,0.1752093505859375,0.13976084309739992,-0.19394773244857788,0.20425747334957123,0.04454068367941338,0.07053906314193481,14.0,0.011104989143698125,197.80798767212264,15631.810074717658,0.062683833383422,0.9554593163205867,0.1752093505859375,0.02981750032079158,0.7027027967909625,0.29897161890886,2547.596561255849
1607,77.13836824859362,28.68190801293574,37.888074140000015,41.05316066,38.7304943757895,0.5234243776221909,-0.016741527244448662,0.6046444177627563,0.10790297123423793,0.09780396158848427,-0.1866723597049713,0.21409346163272858,0.07063720703125,0.053921052591405165,3.0,0.003638833054081813,302.4785611896713,18448.613757968255,0.07397926570448536,0.92936279296875,0.10790297123423793,0.00977046482021675,0.829327660883487,0.33759334324552487,2060.0385610251424
1608,77.14348401507277,28.68190801293574,37.771861460000025,41.87690348000001,39.8579224526316,0.8390926731981394,0.022079771384596825,0.6206599473953247,0.16536146732798793,0.1311819363666656,-0.2099362462759018,0.2649098336696625,0.055520929704632675,0.06868752323873774,6.0,0.03382649233272491,1405.9162070404282,10442.149382334213,0.04187320271410496,0.9444790702953674,0.16536146732798793,0.09082597316672325,0.46940997494225295,0.24225957387693514,1580.0282801305325
1609,77.14859978155192,28.68190801293574,39.248446100000024,41.99311616,40.87894746105265,0.6072325158061715,-0.03338213637471199,0.6250190734863281,0.16447365208675988,0.11260752408052177,-0.1770354062318802,0.28045618534088135,0.07562301903440241,0.06493096439514644,20.0,0.046372683718221334,578.2104774162547,2955.668156149908,0.011852281300195706,0.9243769809655976,0.16447365208675988,0.12451317995467807,0.13286729238552636,0.12785482492701739,1117.335991646092
1610,77.15371554803107,28.68190801293574,37.57703432000005,43.36374218000003,40.90912762526318,1.2743410388539846,-0.017130067571997643,0.6212325692176819,0.165787139357182,0.11877739332578632,-0.23444297909736633,0.3254968523979187,0.08416784453810307,0.0828127819585861,48.0,0.1412224326284651,733.6960365158558,5890.307364499699,0.023620236149786488,0.9158321554618969,0.165787139357182,0.37918991866748764,0.26478926235720035,0.3334296561433727,706.8309059153114
1611,77.15883131451022,28.68190801293574,36.42516158000001,40.55412974000001,38.450502452631596,0.8370633492747281,0.01972602680325508,0.7058152556419373,0.3235829992461623,0.18017945531737287,-0.29048413038253784,0.2272913008928299,-0.029825942725466008,0.08489380512503404,40.0,0.07550186432597843,470.7078124161641,7655.240525118226,0.030697649171329125,1.029825942725466,0.3235829992461623,0.2027266154544403,0.34412898451270724,0.2592875630777471,500.00000000016115
1612,77.16394708098937,28.68190801293574,36.42174355999998,40.42082696,38.34415229473686,1.0440166686344419,-0.036600079387426376,0.6634959578514099,0.27234619140625,0.20065354165562746,-0.24966289103031158,0.20331470668315887,-0.011077471281352795,0.09704123067106273,4.0,0.03171993236316188,1977.543217765984,10594.184973321093,0.042482868108465494,1.0110774712813528,0.27234619140625,0.08516974498356855,0.47624448959459253,0.24159964282797813,706.8309059153114
1613,77.16906284746852,28.68190801293574,36.97204478000003,40.22599982000003,38.0333029526316,0.6483867251875495,-0.023068472743034363,0.682414174079895,0.2493458316200658,0.1635168659070785,-0.24269889295101166,0.2363968938589096,-0.0014959054244192023,0.07756929363757863,16.0,0.05386941527100504,839.6069039062132,15810.452243366952,0.063400191622253,1.0014959054244192,0.2493458316200658,0.14464231223814977,0.710733367206969,0.3710787342256775,1117.335991646092
1614,77.17417861394767,28.68190801293574,36.760127539999985,38.73232508000001,37.839809157894756,0.4651217409535187,0.03582615405321121,0.673001766204834,0.31117988452576756,0.15790575580117133,-0.26176679134368896,0.165403813123703,-0.038641105785704497,0.0700877502493965,239.0,0.19748729258439365,206.0606081445873,19368.23609667567,0.07766696746005122,1.0386411057857046,0.31117988452576756,0.5302641302741908,0.870667799121625,0.6664255978131645,706.8309059153114
1615,77.17929438042682,28.68190801293574,36.09019562000003,40.42082696,38.17251054736843,0.8560108365033648,0.030019277706742287,0.686982274055481,0.3547127859933036,0.16830639184586044,-0.2534409463405609,0.1760629266500473,-0.029461838858468193,0.07604964751392776,124.0,0.19622110712258437,394.61878837670315,10324.769827827164,0.04140250863567316,1.0294618388584682,0.3547127859933036,0.5268643533878619,0.46413336648527165,0.5017719586268258,500.00000000016115
1616,77.18441014690598,28.68190801293574,35.854352240000026,40.43449903999999,37.791618250526334,0.8719695097720068,0.04330477491021156,0.6579944491386414,0.3240553471080044,0.1588906849649967,-0.3317049443721771,0.347688764333725,-0.027125276264391446,0.08505823281898243,95.0,0.11768206511995427,308.9159965030399,6464.372222817155,0.025922246330184556,1.0271252762643914,0.3240553471080044,0.3159827505510832,0.290595421691974,0.3058278190074395,706.8309059153114
1617,77.18952591338513,28.68190801293574,35.871442340000044,39.48087146,37.530578877894754,0.8294741691336303,0.02590562216937542,0.6795287132263184,0.3194468287417763,0.16243293919799795,-0.34823089838027954,0.31065988540649414,-0.03525269893177769,0.09454283998104768,133.0,0.1423871323368389,266.97637055406057,4606.520994539347,0.018472230222778937,1.0352526989317776,0.3194468287417763,0.3823172007817407,0.20707871774712258,0.3122218075678934,1000.0000000003223
1618,77.19464167986428,28.68190801293574,36.25767860000002,39.60050216000002,38.21519876000002,0.7405313771757028,-0.006397529039531946,0.6939389705657959,0.17786176714980811,0.15289349120472406,-0.35011693835258484,0.3321336805820465,0.02536215263500548,0.08836783311141107,269.0,0.2779586773247113,257.6805736264389,13681.457244816858,0.05486288422628508,0.9746378473649945,0.17786176714980811,0.746334178543496,0.6150278326153749,0.6938116401722476,1117.8595303335492
1619,77.19975744634343,28.68190801293574,37.864148,40.294360220000044,38.95423182736844,0.4128801867371122,0.017032628878951073,0.6584143042564392,0.14812422902960526,0.1359345544620446,-0.21934294700622559,0.23485197126865387,0.04473013894599781,0.07302156352988853,326.0,0.3354537711389776,256.60717803476274,18627.274287872977,0.07469569757227362,0.9552698610540022,0.14812422902960526,0.9007116350242793,0.8373590567001017,0.8753706036946083,1000.0000000003223
1620,77.20487321282258,28.68190801293574,37.84022186000004,40.178147540000055,38.79108751052634,0.5166820256746305,-0.005837608128786087,0.6733372807502747,0.18212847793311404,0.1593820932026736,-0.24908627569675446,0.27905622124671936,0.027680005525287828,0.08493462308062852,297.0,0.3382907001947155,284.04511966574677,16115.362051599657,0.06462288531702495,0.9723199944747122,0.18212847793311404,0.9083289439594737,0.7244400956018244,0.8347734046164139,706.8309059153114
1621,77.20998897930173,28.68190801293574,36.001327100000026,38.86562786000002,37.73816803684212,0.5732963704980354,0.03716568276286125,0.7318962812423706,0.39244384765625,0.17098005861010462,-0.26190972328186035,0.1940697580575943,-0.05389697158545779,0.07875218282075454,98.0,0.17205606032477497,437.82204067067295,6572.209356235691,0.026354675132187866,1.0538969715854578,0.39244384765625,0.46197988737696805,0.2954430660075665,0.3953651588292074,499.60977728312986
1622,77.21510474578088,28.68190801293574,35.41684568000005,37.689828980000016,36.762688409473704,0.428675399981022,0.09146256744861603,0.7318962812423706,0.44605682908442984,0.09043803350570084,-0.2652270793914795,0.3225676119327545,-0.01598022594786527,0.06300866967247035,5.0,0.005136829854207152,256.19986632260503,1544.0062068383322,0.006191492050492529,1.0159802259478652,0.44605682908442984,0.013792667767945832,0.06940830745907704,0.03603892364439832,0.0
1623,77.22022051226003,28.68190801293574,35.26987082000005,38.472555560000046,37.24650226210528,0.6830845775814197,0.022638363763689995,0.719410240650177,0.3922301175301535,0.17426796542747586,-0.30247554183006287,0.1899208128452301,-0.06498777155290571,0.073901331907961,53.0,0.10356046437104524,487.2724324476296,3158.224723790458,0.012664536699666929,1.0649877715529057,0.3922301175301535,0.2780654838692301,0.14197289601741817,0.22362844872850532,499.60977728312986
1624,77.22533627873918,28.68190801293574,36.91052042000001,39.54581384000005,37.97203256315791,0.5728037334967473,0.0224455613642931,0.7114320397377014,0.3721165707236842,0.15814070721518353,-0.2774074375629425,0.2707224190235138,-0.06419703433388158,0.08030836322289298,36.0,0.16462773886282125,1140.3921908260463,2040.2866187933455,0.008181585232647953,1.0641970343338816,0.3721165707236842,0.44203443991109265,0.09171779252871685,0.3019077809581423,706.8309059153114
1625,77.23045204521833,28.68190801293574,30.83328086000006,42.164017160000014,35.62522849684212,2.6265601840659225,-0.21218274533748627,0.6981360912322998,0.23681781969572369,0.29029105613342016,-0.4163215458393097,0.33916422724723816,-0.03636754889237253,0.12179078648195175,10.0,0.038471104933896355,959.3749667681404,1589.3586407886103,0.006373356108441252,1.0363675488923725,0.23681781969572369,0.10329701081775716,0.07144705294189749,0.09055702766741329,499.60977728312986
1626,77.23556781169748,28.68190801293574,33.45832022000002,42.6835562,38.421867275789495,1.3271244251010217,-0.10191725194454193,0.6974389553070068,0.4078746059484649,0.1047652930482116,-0.2674213945865631,0.35112935304641724,-0.02350146644993832,0.05676931549109774,0.0,0.0,0.0,0.0,0.0,1.0235014664499382,0.4078746059484649,0.0,0.0,0.0,0.0
1627,77.24068357817663,28.68190801293574,34.630701079999994,38.35292486000003,37.09814114631581,0.7169232881922748,0.1937403529882431,0.7397279739379883,0.45543067262883774,0.08919426398128251,-0.25393638014793396,0.07939611375331879,-0.033548452812328676,0.057584291574908075,0.0,0.0,0.0,0.0,0.0,1.0335484528123287,0.45543067262883774,0.0,0.0,0.0,0.0
1628,77.24579934465578,28.68190801293574,33.87873668000003,38.21962208000002,36.16955082736844,0.8989668179089687,-0.0824037417769432,0.6376358866691589,0.3780906489857456,0.1386522482943464,-0.3053191602230072,0.15722618997097015,-0.0287808334618284,0.07042817932272942,0.0,0.0,0.0,0.0,0.0,1.0287808334618285,0.3780906489857456,0.0,0.0,0.0,499.60977728312986
1629,77.25091511113493,28.68190801293574,34.446128000000044,42.86129324000001,38.9954597094737,2.0551799178038355,-0.04697435721755028,0.5773327946662903,0.26624693753426537,0.11018498599377452,-0.265832781791687,0.3239386975765228,0.011070157770524945,0.06327533291969532,0.0,0.0,0.0,261.703647966564,0.0010494362320523601,0.9889298422294751,0.26624693753426537,0.0,0.011764465182054332,0.004705786072821733,706.8309059153114
1630,77.25603087761408,28.68190801293574,35.447607860000005,41.45306900000003,38.72075883894738,1.0213084005261572,-0.051027171313762665,0.634486198425293,0.131637969435307,0.11113501947384263,-0.23003782331943512,0.3028913140296936,0.05106207596628289,0.0682975899981359,23.0,0.017570152490300993,190.50282351613848,13582.093642594584,0.054464434433439186,0.9489379240337171,0.131637969435307,0.047176815820050504,0.6105611022209373,0.2725305303804052,1117.335991646092
1631,77.26114664409323,28.68190801293574,37.66590284000006,42.203324390000034,38.78840494684212,0.8324937602123786,0.025122955441474915,0.643535852432251,0.17681718792831688,0.13596804609789823,-0.20132742822170258,0.27527761459350586,0.03690546403851425,0.0638187099780078,29.0,0.024063893647359235,206.92912617562214,20281.94865091609,0.08133097087594367,0.9630945359614858,0.17681718792831688,0.06461286429593771,0.9117422725356934,0.40346462759184,1580.0282801305325
1632,77.26626241057238,28.68190801293574,38.73232508000001,43.92771548000002,41.912882637894754,1.1892763538567517,0.011197538115084171,0.6149808764457703,0.08030230605811403,0.05466205356412614,-0.1723995953798294,0.2189445197582245,0.07085083543208608,0.04145279032640682,8.0,0.007119100226911504,221.91611585330915,22475.339137791525,0.09012650531289632,0.929149164567914,0.08030230605811403,0.01911517161816791,1.0,0.4114691029709008,2060.0385610251424
1633,77.27137817705153,28.68190801293574,42.570761540000035,44.45067254000003,43.48107656315791,0.43380899131927186,0.00984929408878088,0.6497297286987305,0.07545114082202577,0.07465068065788207,-0.16399694979190826,0.35607144236564636,0.07055109927528783,0.046140714791710544,15.0,0.0229314252674964,381.23565537913976,22002.629078570124,0.08823092965983574,0.9294489007247122,0.07545114082202577,0.061572125053161515,0.9890926844916036,0.4325803488285384,2547.596561255849
1634,77.27649394353068,28.68190801293574,41.74189168999999,44.29002560000001,43.16063248500002,0.5902846225483871,0.0034882097970694304,0.6424751877784729,0.1939980207170759,0.14368884930393266,-0.2077273726463318,0.4310787618160248,0.03868204116821289,0.07511824302637428,65.0,0.06072198010502138,232.96264618280892,12122.145458764831,0.04861001653390066,0.9613179588317871,0.1939980207170759,0.16304182181826302,0.5449314875414241,0.31579768810752745,3039.0718096235423
1635,77.28160971000983,28.68190801293574,42.29731994000002,44.43016442000001,43.57449009736844,0.6432169590896742,0.022659022361040115,0.6452807188034058,0.12692104406524124,0.12187632640389916,-0.20667628943920135,0.19266529381275177,0.0463952208401864,0.05969616622353526,67.0,0.03618729714931469,134.68991104892575,21734.8528869841,0.08715714242104543,0.9536047791598136,0.12692104406524124,0.0971648626032734,0.9770552379104257,0.44912101272613436,3532.829821586117
1636,77.28672547648898,28.68190801293574,43.37228723000004,45.300050510000034,44.25854912789475,0.44285849019850426,0.008316008374094963,0.5612515211105347,0.0839903714364035,0.0634169250501478,-0.12370292842388153,0.23083530366420746,0.07331343801398027,0.04359249172102745,18.0,0.016560138418689873,229.42734513785192,23383.153831578078,0.09376685820461775,0.9266865619860197,0.0839903714364035,0.04446487306039829,1.0,0.426678923836239,4028.0312178087293
1637,77.29184124296813,28.68190801293574,43.41672149000004,45.87598688,44.58173191368423,0.5638055600539246,0.01953488402068615,0.6259622573852539,0.13024332682291667,0.11016188598682916,-0.17254817485809326,0.33312854170799255,0.055688599703604715,0.05962248275749115,25.0,0.018457486705956736,184.1137729272618,17219.149988724806,0.06904909436195757,0.9443114002963953,0.13024332682291667,0.049559356488717336,0.7740591011280273,0.33935925434444136,4524.202061591519
1638,77.29695700944728,28.68190801293574,41.53510148000004,44.87792504000004,43.818333548947386,0.9099583955909231,0.0045789675787091255,0.6090452075004578,0.1529738255550987,0.12771800851329265,-0.18494097888469696,0.21531367301940918,0.037789164760656524,0.06354114304259353,89.0,0.06619128417724594,185.46609265270627,15145.848361352875,0.06073511836413268,0.9622108352393435,0.1529738255550987,0.17772720095891784,0.680857172165119,0.3789791894413983,4997.502925626689
1640,77.10255788323957,28.686399568810696,35.08187972000002,42.36568034000004,38.31413086210528,1.989402944036444,0.0015098138246685266,0.6765676736831665,0.3308322625411184,0.18183127468975618,-0.20502467453479767,0.23423026502132416,0.0028531666805869656,0.07382604599652921,52.0,0.05601440742498697,268.62728610623486,530.7671981185371,0.0021283858013384314,0.997146833319413,0.3308322625411184,0.15040173292842093,0.023859782890148472,0.09978495291311194,499.58834926384105
1641,77.10767364971872,28.686399568810696,35.211764480000056,40.39690082000004,37.71000905473686,1.1522123696177433,0.06260032206773758,0.678073525428772,0.433269257127193,0.11884465469751385,-0.21731409430503845,0.18868844211101532,-0.024085738868044135,0.060431108481415495,11.0,0.07004961216217565,1588.0595072748888,1349.6824850949008,0.005412250507895184,1.0240857388680442,0.433269257127193,0.18808702161607235,0.06067279812911198,0.1371213322212882,0.0
1642,77.11278941619787,28.686399568810696,37.888074140000015,41.00530838000003,39.5973486926316,0.7338827538613395,0.02292769029736519,0.6607142686843872,0.33296549479166665,0.1170870988497658,-0.15586145222187042,0.18801216781139374,0.013963478489925987,0.05821501147115722,12.0,0.08398704957725954,1745.359125928994,2309.34627973555,0.009260519206134436,0.986036521510074,0.33296549479166665,0.22550979972217344,0.10381293540366189,0.1768310539947688,499.58834926384105
1643,77.11790518267702,28.686399568810696,36.462759800000015,40.77971906000005,38.574143770526334,1.0238614882870027,0.014442318119108677,0.6798701286315918,0.3670068787691886,0.15855589949186596,-0.21231471002101898,0.19022946059703827,-0.00629108562804105,0.0683929490432601,28.0,0.08810128140952465,784.6534994968022,2698.7001351895656,0.010821835015744111,1.0062910856280411,0.3670068787691886,0.23655673613885533,0.12131570967363539,0.19046032555276735,999.1766985276821
1644,77.12302094915617,28.686399568810696,36.55162832000002,39.737222960000054,38.30567576000002,0.6434438039335334,0.023498695343732834,0.6950016021728516,0.3075862844366776,0.1792207695481028,-0.22810719907283783,0.19694338738918304,-0.01692928113435444,0.07638394864546767,58.0,0.08385263064540617,360.53084013038034,6649.563918348968,0.026664868287029134,1.0169292811343544,0.3075862844366776,0.2251488775734172,0.29892041551998505,0.25465749275204436,1498.765047791523
1645,77.12813671563532,28.686399568810696,38.099991380000006,40.16789348000003,39.20736636736844,0.4226824469730256,-0.007393715437501669,0.557669460773468,0.09554948773300438,0.09121268798238832,-0.16749821603298187,0.24170616269111633,0.07563194944147478,0.05280859403366321,75.0,0.049141111741237094,163.3945009714212,22429.963651144793,0.08994454881322929,0.9243680505585252,0.09554948773300438,0.13194655988834555,1.0,0.4791679359330073,1998.3533970553642
1646,77.13325248211447,28.686399568810696,38.13417158000004,40.79339114000004,39.14901663894739,0.5524879428233346,0.009823182597756386,0.6003633141517639,0.0937238405461897,0.08815529463311028,-0.19301387667655945,0.20206236839294434,0.07284799140796326,0.05490703272971756,113.0,0.0787052906268418,173.6917559188418,21373.35188296021,0.08570751703563834,0.9271520085920367,0.0937238405461897,0.21132798944207995,0.9608045436302296,0.5111186111173398,2497.9417463192053
1647,77.13836824859362,28.686399568810696,36.71911130000001,39.64493642000002,37.93301634105265,0.6405038960497813,0.004815409425646067,0.6192823648452759,0.19808328193530703,0.15185008705980496,-0.2167799323797226,0.2718387246131897,0.026178985060307018,0.07885351211061559,334.0,0.20439309736056926,152.60665754865965,4968.238254458117,0.019922722798128734,0.973821014939693,0.19808328193530703,0.5488065919969736,0.2233391334621001,0.4186196085830242,1998.3533970553642
1648,77.14348401507277,28.686399568810696,37.20447014000001,39.47745343999998,38.09460508842107,0.4901837312708618,0.029530977830290794,0.6674233675003052,0.23499558833607456,0.16421219424707967,-0.22616983950138092,0.21737021207809448,0.006635551452636719,0.08038766393602881,58.0,0.041482903986468596,178.35893889285842,17405.36584086811,0.06979582320483046,0.9933644485473633,0.23499558833607456,0.11138385521302564,0.7824301342638221,0.3798023668333443,1498.765047791523
1649,77.14859978155192,28.686399568810696,37.32410084000003,41.456487020000054,38.655223861052654,1.0026890058216427,0.014277555979788303,0.677560567855835,0.2174380011307566,0.15511182845710664,-0.2272387593984604,0.31770193576812744,0.02880178351151316,0.07629332998327648,3.0,0.008687264310441756,722.130191257113,17703.91888153297,0.07099302614983156,0.9711982164884868,0.2174380011307566,0.02332577754120493,0.7958511044306075,0.33233590829696597,999.1766985276821
1650,77.15371554803107,28.686399568810696,37.17370796,41.723092580000014,38.83371223052634,0.9534297085559417,0.019023986533284187,0.7494714856147766,0.34421949955455045,0.18007595406028615,-0.26856377720832825,0.33985164761543274,-0.01392429552580181,0.09433267600064779,48.0,0.07074432441158811,367.5395577084264,3269.7772028171853,0.013111864102916827,1.0139242955258019,0.34421949955455045,0.18995236182052172,0.14698755769935792,0.1727664401720562,499.58834926384105
1651,77.15883131451022,28.686399568810696,36.380727320000005,40.410572900000034,37.670336742105285,0.703687975191257,-0.009129442274570465,0.7335302829742432,0.4175097227933114,0.1793530745222622,-0.33340221643447876,0.2410411834716797,-0.07288373445209705,0.09282800742445642,42.0,0.048445987088521394,287.64858427644145,4998.844715591418,0.0200454552456806,1.072883734452097,0.4175097227933114,0.13008011235857894,0.22471499753257201,0.16793406642817615,0.0
1652,77.16394708098937,28.686399568810696,36.38756336000006,39.29971640000002,37.52300209052633,0.5648907950015488,-0.014860201627016068,0.7104274034500122,0.3097182531524123,0.19285259627824344,-0.3451828062534332,0.20925341546535492,-0.032864315635279605,0.09273767456371644,10.0,0.018057289080845567,450.3044854476026,6792.08672487213,0.027236387248347944,1.0328643156352797,0.3097182531524123,0.04848480408162165,0.30532729829757865,0.15122180176800445,499.58834926384105
1653,77.16906284746852,28.686399568810696,36.934446560000026,40.687432520000016,38.20033090210528,0.6556268696866772,0.02182825468480587,0.6118643879890442,0.2598622532894737,0.1539691194034179,-0.20449592173099518,0.20791245996952057,0.00375807243481017,0.07265032340870313,87.0,0.18239088923943717,522.8024453813914,7155.519469571708,0.028693758947846384,0.9962419275651898,0.2598622532894737,0.48972946556121516,0.3216648308625924,0.4225036116817661,999.1766985276821
1654,77.17417861394767,28.686399568810696,36.035507300000006,39.162995600000045,37.522726955789494,0.7479017292146936,0.025315044447779655,0.690284252166748,0.37682779947916667,0.19319908750358858,-0.29626139998435974,0.20097267627716064,-0.04801205819113213,0.09386301737398597,54.0,0.0943510292639325,435.71910668365757,5411.107277848101,0.021698635372562825,1.048012058191132,0.37682779947916667,0.25333764931601266,0.24324759574898247,0.24930162788920057,499.58834926384105
1655,77.17929438042682,28.686399568810696,36.53453822000006,40.130295260000025,37.98607501684212,0.6837835339471149,0.10537189990282059,0.6731823682785034,0.44496002197265627,0.11456416558181882,-0.24247121810913086,0.15958400070667267,-0.04245980398995536,0.07017157407354732,0.0,0.0,0.0,1875.8756634685064,0.007522294409593503,1.0424598039899553,0.44496002197265627,0.0,0.08432696334274205,0.03373078533709682,0.0
1656,77.18441014690598,28.686399568810696,36.80114378000002,40.328540420000024,38.17361108631581,0.5996828440563219,0.03978176787495613,0.6765676736831665,0.3039673279879386,0.16213576892780487,-0.22295226156711578,0.20583759248256683,-0.02235581916675233,0.06898479253441218,236.0,0.1946548005927782,205.68699720376839,10072.90705880004,0.04039253450128177,1.0223558191667523,0.3039673279879386,0.5226587350976849,0.45281128213567184,0.4947197539128797,499.58834926384105
1657,77.18952591338513,28.686399568810696,37.64539472000001,39.91496000000001,38.8931201694737,0.5184307536288152,0.011997177265584469,0.6198772192001343,0.160379638671875,0.13356687248318752,-0.21352161467075348,0.21610404551029205,0.03843520850466009,0.06280581368865375,249.0,0.23605648092814496,236.41242815318373,10206.148801147629,0.04092683623199058,0.9615647914953399,0.160379638671875,0.633824500386313,0.4588009496501451,0.5638150800918459,999.1766985276821
1658,77.19464167986428,28.686399568810696,37.395879260000015,40.15422139999998,38.87294009473686,0.5747017440909444,0.01666075922548771,0.605802595615387,0.148531494140625,0.11656579918566537,-0.285103440284729,0.29201680421829224,0.03963111743592379,0.06298234696472879,159.0,0.1282257628461034,201.1091772777041,12015.753572532885,0.04818338319853935,0.9603688825640762,0.148531494140625,0.3442931528633799,0.5401488119809033,0.4226354165103893,1498.765047791523
1659,77.19975744634343,28.686399568810696,36.332875039999976,39.20401184000002,38.0252605526316,0.6524123279794258,0.021298566833138466,0.6769793033599854,0.2061695620888158,0.1511887652946566,-0.34356606006622314,0.32936742901802063,0.008355617188570792,0.09079935513097544,121.0,0.1255106407669434,258.67168890198326,13788.66710048042,0.05529279763345631,0.9916443828114292,0.2061695620888158,0.33700290229052965,0.6198472786717332,0.4501406528430111,999.1766985276821
1660,77.20487321282258,28.686399568810696,36.58239050000003,39.24161006000003,37.733088626315805,0.55886924934545,0.05729115754365921,0.7122259140014648,0.38669836211622804,0.15416025458019178,-0.28618595004081726,0.21023766696453094,-0.05690094529536732,0.08063451581622127,77.0,0.14152167049524086,458.338082270427,6242.25281093956,0.02503154358118699,1.0569009452953673,0.38669836211622804,0.37999338862798215,0.28061040196605025,0.34024019396320937,499.58834926384105
1661,77.20998897930173,28.686399568810696,36.35338316000002,39.08779916000003,37.52575343789476,0.6805709745109488,0.03626441955566406,0.7176865339279175,0.4381927597313596,0.1622308600392756,-0.29311102628707886,0.16365240514278412,-0.0858466861122533,0.08089079005873294,75.0,0.19643623247458603,653.1516899109344,4100.368556306893,0.016442550041589236,1.0858466861122533,0.4381927597313596,0.5274419766677513,0.18432545166671094,0.3901953666673351,0.0
1662,77.21510474578088,28.686399568810696,35.42026370000002,39.248446100000024,37.021696017894755,0.9423606315900426,0.032188840210437775,0.7661691308021545,0.4547708504660088,0.1545179540171251,-0.29456770420074463,0.2455167919397354,-0.05021777236670778,0.08075557706611503,28.0,0.09206623403516204,819.9664246128841,1908.5260815671575,0.007653223160532276,1.0502177723667079,0.4547708504660088,0.2472028497601331,0.08579471020024926,0.18263959393617954,0.0
1663,77.22022051226003,28.686399568810696,35.36899340000002,38.87929994000001,37.182353540000015,0.9025506326395887,0.047500208020210266,0.749778151512146,0.4084022066885965,0.16921832859647987,-0.2781125605106354,0.22667306661605835,-0.0533002137301261,0.08188453786512111,39.0,0.06115731725620863,391.05472836487604,2838.8092443844953,0.011383675008316647,1.0533002137301262,0.4084022066885965,0.16421072576559778,0.12761408858283194,0.14957207089249144,0.0
1664,77.22533627873918,28.686399568810696,34.94515892000004,40.034590700000024,37.7445807926316,0.9922123984510919,-0.10468237102031708,0.675577700138092,0.35004942776864034,0.1732274281122272,-0.2642925977706909,0.401197612285614,-0.052922079521313045,0.09716880125602456,21.0,0.1501120801755885,1782.5842733434777,0.0,0.0,1.052922079521313,0.35004942776864034,0.4030591062153653,0.0,0.24183546372921916,499.58834926384105
1665,77.23045204521833,28.686399568810696,31.57157318000003,42.85445720000001,36.461384126315814,3.32118040066533,-0.17090584337711334,0.7325882315635681,0.25744239137883773,0.26594533538473114,-0.3551006019115448,0.2722473740577698,-0.043760991682086074,0.11537503534596924,1.0,0.0016831949934175824,419.7475335447156,1008.1281082400402,0.004042611448322915,1.043760991682086,0.25744239137883773,0.004519470177480063,0.04531877228534289,0.020839191020625192,499.58834926384105
1666,77.23556781169748,28.686399568810696,34.022293520000005,42.31782806000001,36.497204552631594,1.920615240877588,0.1420624703168869,0.7646340131759644,0.5268481873629386,0.12467022039066143,-0.28911688923835754,0.08056872338056564,-0.10276928282620613,0.07639202950212262,0.0,0.0,0.0,0.0,0.0,1.1027692828262061,0.5268481873629386,0.0,0.0,0.0,0.0
1667,77.24068357817663,28.686399568810696,32.972961380000015,36.89001230000002,34.24524789578949,0.7550796451857564,0.27177608013153076,0.7742887735366821,0.6329514888294956,0.0774112492844187,-0.31657323241233826,0.05748729780316353,-0.16739263166461074,0.06495918734192871,0.0,0.0,0.0,0.0,0.0,1.1673926316646108,0.6329514888294956,0.0,0.0,0.0,0.0
1668,77.24579934465578,28.686399568810696,32.47051243999999,38.031630980000045,35.25191298736844,1.164666549587621,-0.16534242033958435,0.7788504958152771,0.4223210492050439,0.2389161356270186,-0.34540751576423645,0.1542222797870636,-0.10967608535498903,0.08646275542696431,0.0,0.0,0.0,0.0,0.0,1.109676085354989,0.4223210492050439,0.0,0.0,0.0,0.0
1669,77.25091511113493,28.686399568810696,34.17610442,44.59764740000003,40.1130675926316,2.413979706276939,-0.08769574761390686,0.7512195110321045,0.20348463627330043,0.14950442026133492,-0.27159297466278076,0.3089553713798523,0.03680476941560444,0.08076213164265046,5.0,0.002543736915573844,126.86911504303316,3216.3407703230787,0.012897583068599337,0.9631952305843956,0.20348463627330043,0.006830072079734966,0.14458540910718226,0.06193220689071389,499.58834926384105
1670,77.25603087761408,28.686399568810696,37.659066800000005,41.56244564000002,38.62259923052633,0.7461101894912038,-0.0058396742679178715,0.6965500116348267,0.10674030504728618,0.12582003558282479,-0.21797101199626923,0.22707034647464752,0.06671600877192982,0.06157827526954114,26.0,0.017923362189709163,171.90949129894489,22857.56404829384,0.0916592339278423,0.9332839912280702,0.10674030504728618,0.04812520308897336,1.0,0.42887512185338406,999.1766985276821
1671,77.26114664409323,28.686399568810696,37.61805056000003,38.759669239999994,38.2623102926316,0.28180804202720455,0.010531594976782799,0.2764773368835449,0.06975681238007127,0.018768276430934417,-0.05016859248280525,0.18828213214874268,0.07815862822950932,0.027609307248265796,2.0,0.0010924438322882698,136.2143441289861,24651.48409378447,0.09885288486763895,0.9218413717704906,0.06975681238007127,0.0029332711539107963,1.0,0.4017599626923465,1498.765047791523
1672,77.26626241057238,28.686399568810696,38.35292486000003,43.917461419999995,40.950053917368436,1.2299094855590615,0.021043527871370316,0.563564121723175,0.08650315134148849,0.053216225474320034,-0.15031315386295319,0.22254374623298645,0.06455933152583608,0.03485082618296925,5.0,0.0031810407764530056,158.6547043263524,23943.652684359044,0.09601446846417086,0.935440668474164,0.08650315134148849,0.008541267636102516,1.0,0.4051247605816615,1998.3533970553642
1673,77.27137817705153,28.686399568810696,42.454548860000045,44.332750850000025,43.4549705094737,0.3892053745105191,0.01426345482468605,0.4759608507156372,0.0769683195415296,0.04094947564625975,-0.11647341400384903,0.1953522115945816,0.06774389434279057,0.0339782046797116,18.0,0.0147441186757926,204.26785807338283,22220.652834574812,0.08910520875673505,0.9322561056572094,0.0769683195415296,0.0395887612006103,0.998893590616938,0.4233106929671414,2497.9417463192053
1674,77.27649394353068,28.686399568810696,42.08540270000003,44.519032940000045,43.591157795000015,0.5125994581547638,0.0013071895809844136,0.6682898998260498,0.12495581490652902,0.10058158522831318,-0.190522238612175,0.41888096928596497,0.0584575435093471,0.06662138451367869,64.0,0.03952814563741104,154.02108881643974,17755.857311597734,0.07120130016805559,0.9415424564906529,0.12495581490652902,0.1061352226438376,0.798185912740905,0.3829554986826646,2997.530095583046
1675,77.28160971000983,28.686399568810696,42.35542628000002,44.72411413999998,44.007795561578966,0.47610538586108825,0.010901274159550667,0.6776944398880005,0.11754531592653508,0.10856917260591216,-0.1965065449476242,0.1903897225856781,0.0573373306006716,0.05429813293228446,28.0,0.017787440692776477,158.41968883292535,19053.538255539963,0.07640502358115404,0.9426626693993284,0.11754531592653508,0.04776024647119109,0.8565210655026053,0.3712645740837568,3497.118444846887
1676,77.28672547648898,28.686399568810696,43.28000069000004,44.539541060000005,43.95843533157896,0.2616201189976478,0.002750274958088994,0.6538876891136169,0.07674766138980263,0.04927459380458026,-0.18974557518959045,0.1755153089761734,0.07151485510039748,0.037811575465406325,4.0,0.0021214119457357225,132.257022409339,25360.99693382834,0.10169804383746553,0.9284851448996025,0.07674766138980263,0.00569610654760542,1.0,0.40341766392856326,3996.7067941107284
1677,77.29184124296813,28.686399568810696,43.80637577000002,45.84351569000003,44.62439367105265,0.4326210991143586,0.019088981673121452,0.5067238807678223,0.08646008943256579,0.05739859543170256,-0.13958017528057098,0.19021886587142944,0.07305342824835526,0.04125440011244643,54.0,0.030904021491286977,142.71675404248668,23215.75480812266,0.09309558517579568,0.9269465717516447,0.08646008943256579,0.08297897988068925,1.0,0.44978738792841355,4496.295143374569
1678,77.29695700944728,28.686399568810696,43.65256487000005,45.25048922000002,44.38473015105265,0.32796200197477227,0.009649000130593777,0.6078675985336304,0.07549855550130208,0.059429186040464634,-0.19006355106830597,0.23249688744544983,0.07488879822848137,0.04158577925857983,79.0,0.03841222278198296,121.2539987808816,19627.818462579347,0.0787078973137153,0.9251112017715186,0.07549855550130208,0.10313890903477947,0.8823369054916641,0.41481810761753335,4995.883492638411
1680,77.10255788323957,28.690891124685653,37.40271530000001,42.26313974000004,38.941274039473704,1.1576092279643837,-0.006970991846174002,0.6947250366210938,0.25481509560032894,0.16190413837596324,-0.27911901473999023,0.2357456088066101,-0.011538139477110746,0.07588975210421323,65.0,0.10311101207822122,395.5901006980433,5628.278257566513,0.022569494821552728,1.0115381394771108,0.25481509560032894,0.2768586799982812,0.25301016669249604,0.2673192746759671,706.8006124321226
1681,77.10767364971872,28.690891124685653,36.18590018000003,40.099533080000015,38.34234473888159,0.8197308875222467,0.024682125076651573,0.711570680141449,0.33417908785635964,0.18017482304189314,-0.3046015799045563,0.20739120244979858,-0.038978501704701206,0.09261221805722511,60.0,0.09505730080077691,395.0826425595387,1883.2587390471774,0.0075519006725418445,1.0389785017047013,0.33417908785635964,0.2552340268364153,0.08465885759128094,0.18700395913836154,500.00000000016115
1682,77.11278941619787,28.690891124685653,36.900266360000046,40.31828636,38.02323209532897,0.7879381253690712,-0.004115226212888956,0.6802413463592529,0.27411516156112936,0.1615571626022646,-0.28590908646583557,0.18846344947814941,-0.016316237867924206,0.07509031230768558,69.0,0.07963151459401553,287.7992166810665,3344.841082670866,0.013412871581601045,1.0163162378679242,0.27411516156112936,0.2138149512104307,0.15036193328728004,0.18843374404117044,706.8006124321226
1683,77.11790518267702,28.690891124685653,36.68151308000006,41.82905119999998,38.69356878085528,1.208944429033401,0.009166303090751171,0.6504021286964417,0.2791443941885965,0.15407249258832453,-0.21536614000797272,0.18898116052150726,-0.01132616545024671,0.0754305932950002,71.0,0.08300052031294088,291.52525799279374,4074.459536373569,0.016338654415883357,1.0113261654502468,0.2791443941885965,0.22286091494843327,0.1831607534851033,0.20698085036310127,1117.2593355784552
1684,77.12302094915617,28.690891124685653,37.24548637999999,40.41740894000003,38.175873672697385,0.6234051680325663,0.013745704665780067,0.6606714725494385,0.2847852204975329,0.16197840899042204,-0.23669123649597168,0.21591484546661377,-0.01629961381878769,0.0727896797053724,125.0,0.11627209525943207,231.96326222966542,6249.842917396607,0.02506198004159956,1.0162996138187876,0.2847852204975329,0.31219690472769623,0.2809516029536399,0.2996987840180737,1579.9063110224365
1685,77.12813671563532,28.690891124685653,35.94322076000003,39.27237223999998,37.79180740565791,0.6406053033222486,0.0374174602329731,0.6704689264297485,0.27458556058114036,0.17153819577000776,-0.24074843525886536,0.22858701646327972,-0.009511771620365612,0.07235366862899166,296.0,0.18277445045656887,153.98467400309775,6309.08113794255,0.02529952634806589,1.0095117716203656,0.27458556058114036,0.4907593483073282,0.283614561565316,0.40790143361052333,2059.87225131763
1686,77.13325248211447,28.690891124685653,35.63218094000001,40.67034242,37.72173799565791,1.295648524344456,-0.021386075764894485,0.7013574838638306,0.3094252844024123,0.19931739281816754,-0.2938005328178406,0.2677205502986908,-0.026071814821477524,0.09591236082831225,154.0,0.1731020945771547,280.3078913209805,6916.292374360415,0.027734454087734364,1.0260718148214776,0.3094252844024123,0.4647885462826448,0.31091076283914315,0.40323743290524416,2547.3864338487638
1687,77.13836824859362,28.690891124685653,36.25767860000002,42.74508056000002,38.16163941835528,1.2683729388530105,0.023255813866853714,0.693464457988739,0.30105532997532897,0.17994680094964072,-0.26992878317832947,0.26684319972991943,-0.0191821971692537,0.08753185289121079,282.0,0.1890102624571151,167.14369510600088,5681.136194392337,0.022781456078063915,1.0191821971692536,0.30105532997532897,0.5075028429583067,0.25538630994542494,0.406656229753154,2059.87225131763
1688,77.14348401507277,28.690891124685653,37.15319984000001,40.04142674000002,38.1197461863816,0.6831025317741467,0.03976216912269592,0.6983786821365356,0.2598477547628838,0.15838836182307262,-0.22240449488162994,0.18146002292633057,0.002324268943385074,0.07194891922006945,176.0,0.09425791268494131,133.55460665208477,16126.717199848017,0.06466841966125265,0.9976757310566149,0.2598477547628838,0.2530876262328729,0.7249505479674787,0.44183279492671523,1579.9063110224365
1689,77.14859978155192,28.690891124685653,37.38904322000002,42.36909836000001,39.37295647328949,1.1036066431524554,-0.03691275045275688,0.6162070631980896,0.16130629154673795,0.1286255227830827,-0.16275303065776825,0.4342040419578552,0.05207256651761239,0.07050902940373051,20.0,0.09021147673415775,1124.826446272439,8421.35549407006,0.033769783673781466,0.9479274334823876,0.16130629154673795,0.24222272544825385,0.37856844665897427,0.296761013932542,1117.2593355784552
1690,77.15371554803107,28.690891124685653,37.74793532000001,41.37445453999999,39.21286046414476,0.7565668297373027,-0.0523100420832634,0.6707648038864136,0.25705827679550436,0.16365411787882383,-0.24387720227241516,0.4388555586338043,0.012451941506904467,0.08389470030251345,25.0,0.06509287988066716,649.3026865712413,6866.213954777842,0.027533638744263924,0.9875480584930956,0.25705827679550436,0.17477792563394529,0.3086595682985659,0.22833058269979353,706.8006124321226
1691,77.15883131451022,28.690891124685653,36.37047326000004,38.80752152000002,37.761168904013175,0.5242342448249033,-0.0032741946633905172,0.6747474670410156,0.2949512789542215,0.17414410942448028,-0.28722381591796875,0.21522372961044312,-0.026058167574698466,0.0808579297175892,73.0,0.06485904955928504,221.5651454690688,18834.380717341603,0.0755261979977134,1.0260581675746985,0.2949512789542215,0.174150078493115,0.8466691920283435,0.4431577239072064,500.00000000016115
1692,77.16394708098937,28.690891124685653,36.332875039999976,38.458883480000054,37.6138792263816,0.42015404074868223,-0.007123210467398167,0.6736584305763245,0.23852770353618422,0.16817433875840113,-0.27535027265548706,0.22070355713367462,-0.006045104578921669,0.08040450380866922,446.0,0.2936397662077295,164.1850967076309,4738.402889318183,0.01900107894081557,1.0060451045789216,0.23852770353618422,0.7884387557519389,0.21300725550853428,0.558266155654577,706.8006124321226
1693,77.16906284746852,28.690891124685653,36.85241408000002,38.56142408000005,37.81211314289475,0.3419714417301647,0.010205112397670746,0.6865403056144714,0.2587514991091009,0.16486566335625832,-0.23856046795845032,0.22442208230495453,-0.006697293331748561,0.08041274248967184,76.0,0.08733765557570092,286.57721629997314,9597.21624013532,0.03848500595041806,1.0066972933317486,0.2587514991091009,0.23450635920913765,0.4314273690068835,0.313274763128236,1117.2593355784552
1694,77.17417861394767,28.690891124685653,37.06774933999998,39.68595266,38.60649921875001,0.5489568650839555,0.012262262403964996,0.6744047403335571,0.21311664782072368,0.17605863211313064,-0.23781320452690125,0.3077623248100281,0.018067937482867325,0.08424814455097622,107.0,0.06937232790009726,161.67996731291652,11370.5355550172,0.04559604759808007,0.9819320625171327,0.21311664782072368,0.1862684765062602,0.5111440771945269,0.3162187167815669,706.8006124321226
1695,77.17929438042682,28.690891124685653,36.233752460000005,39.15957758000002,37.93622999414475,0.7419271625782969,0.012684621848165989,0.6716837882995605,0.35940499441964285,0.16776443225372883,-0.23817461729049683,0.28057166934013367,-0.03045725413731166,0.07733013182543418,29.0,0.033926922893272544,291.74283310145125,2915.340880853201,0.011690568216846857,1.0304572541373116,0.35940499441964285,0.0910956346884588,0.13105444480085743,0.10707915873341825,500.00000000016115
1696,77.18441014690598,28.690891124685653,37.22156024000003,41.54193752000003,39.080884415592124,0.7992762536149165,0.0012135922443121672,0.6593936085700989,0.24743618078399124,0.16303286360132968,-0.2375788390636444,0.2592174708843231,0.007880837959155701,0.07455544729667278,46.0,0.04319415121424892,234.16438105018682,13858.933928948762,0.055574568851698966,0.9921191620408443,0.24743618078399124,0.11597864716671695,0.6230060105556494,0.31878959252228994,706.8006124321226
1697,77.18952591338513,28.690891124685653,37.38562520000005,41.54193752000003,39.32589123736844,0.8199581434024331,0.010758068412542343,0.7173413038253784,0.2696263149328399,0.17810137412305163,-0.22486568987369537,0.2769210636615753,0.0014787078322025767,0.07941908810947612,17.0,0.026977325670499142,395.73430138403313,8443.928193312504,0.03386030059482671,0.9985212921677974,0.2696263149328399,0.07243558786283795,0.37958316592775826,0.19529461908880608,1117.2593355784552
1698,77.19464167986428,28.690891124685653,37.80262363999998,41.145447200000035,38.833595165986864,0.7077515259227602,-0.06740614026784897,0.6449957489967346,0.18494476853755482,0.13863766160848373,-0.2404894381761551,0.5045611262321472,0.023658085873252466,0.07249589959618756,81.0,0.06959490293472392,214.2624846315668,10205.070068073052,0.04092251049338522,0.9763419141267475,0.18494476853755482,0.18686610258950107,0.4587524569455336,0.2956206443319141,1579.9063110224365
1699,77.19975744634343,28.690891124685653,36.233752460000005,39.60050216000002,38.46683262519739,0.5447743095393596,0.007358462084084749,0.640586793422699,0.1597741056743421,0.13593951066028945,-0.2331479787826538,0.44765251874923706,0.036847344114069355,0.07106431392005484,26.0,0.025019634306240553,239.97242038332297,12643.381152724716,0.05070018083589138,0.9631526558859307,0.1597741056743421,0.0671790799881844,0.5683627970431488,0.2676525668101702,1117.2593355784552
1700,77.20487321282258,28.690891124685653,36.67125901999998,39.033110840000006,37.697092272500015,0.45066264580576965,0.028826633468270302,0.6895135641098022,0.31699377227247805,0.17036537685991737,-0.32342109084129333,0.3698802888393402,-0.024291202478241503,0.0975359983894458,46.0,0.09917225007495555,537.6331726248997,7808.128015665607,0.03131073069791328,1.0242912024782416,0.31699377227247805,0.26628288962368696,0.35100179493507516,0.3001704517482422,706.8006124321226
1701,77.20998897930173,28.690891124685653,36.985716860000025,40.32170438000003,37.773682904868444,0.5327051273770256,0.03246753290295601,0.6932639479637146,0.37162452028508774,0.1505972520907328,-0.27919310331344604,0.24680377542972565,-0.0636976168448465,0.07306802700937219,67.0,0.18237429275632386,678.8011043655741,3640.1684795416068,0.014597139638244487,1.0636976168448464,0.37162452028508774,0.48968490310067136,0.16363789984253596,0.3592661017974172,500.00000000016115
1702,77.21510474578088,28.690891124685653,35.645853020000004,42.198197359999995,38.07588534421054,1.682279334052124,0.04608685150742531,0.7362831830978394,0.3945873166803728,0.1632151050774264,-0.2628277838230133,0.21811915934085846,-0.06028813412314967,0.07742285191160896,46.0,0.152340264004354,825.8679156041358,3325.0810562556735,0.013333633528071641,1.0602881341231496,0.3945873166803728,0.4090419010807435,0.14947365318662317,0.30521460192309535,499.5669181743948
1703,77.22022051226003,28.690891124685653,35.61850886000002,39.00918469999999,37.362238747368444,0.8152037198583365,0.061307039111852646,0.7045514583587646,0.4026684998629386,0.1571280790310726,-0.2706412971019745,0.14746589958667755,-0.06500585723341556,0.07631702635039019,16.0,0.0428939354356932,668.543442440144,3567.617215950486,0.01430620779497331,1.0650058572334156,0.4026684998629386,0.11517255145986327,0.16037647486407774,0.13325412082154905,0.0
1704,77.22533627873918,28.690891124685653,35.362157360000026,39.00576668000002,37.421773010197384,0.814648522368473,-0.048703018575906754,0.763817310333252,0.3290437183045504,0.19915876143340547,-0.35729536414146423,0.32979193329811096,-0.06605400219298245,0.09693326198498771,1.0,0.0004584854073340671,114.33501147954914,2451.1260310172183,0.009829058502863555,1.0660540021929825,0.3290437183045504,0.0012310582751014914,0.11018641533194556,0.04481320109783912,499.5669181743948
1705,77.23045204521833,28.690891124685653,31.11355850000001,38.458883480000054,34.66296988723686,1.9411703968144427,-0.25415948033332825,0.764366090297699,0.3202761358963816,0.3125410067968158,-0.32819584012031555,0.3628140687942505,-0.060018444395901864,0.14521090002146042,0.0,0.0,0.0,400.59219924034915,0.0016063817658899097,1.0600184443959018,0.3202761358963816,0.0,0.018007975879525278,0.007203190351810111,499.5669181743948
1706,77.23556781169748,28.690891124685653,32.00224370000001,36.349965139999995,33.98481897835527,1.03054937491641,0.27266982197761536,0.7627450823783875,0.6280709892406798,0.08543165147628562,-0.3120194971561432,0.07743675261735916,-0.1643645811917489,0.0671771148957076,0.0,0.0,0.0,0.0,0.0,1.164364581191749,0.6280709892406798,0.0,0.0,0.0,0.0
1707,77.24068357817663,28.690891124685653,32.53887284000001,37.70008303999998,34.79829649486844,1.3517362152451478,0.024847427383065224,0.7734852433204651,0.49318016721491226,0.22014267814493715,-0.311735063791275,0.21275320649147034,-0.11748497678522478,0.10491046670577936,2.0,0.0027252438467698483,339.80447525777663,0.0,0.0,1.1174849767852248,0.49318016721491226,0.007317428069833706,0.0,0.004390456841900223,0.0
1708,77.24579934465578,28.690891124685653,32.036423900000045,36.018417200000044,33.09101799184212,0.6927313988165509,0.145799458026886,0.7935568690299988,0.6605854235197368,0.10104613001234038,-0.32700246572494507,0.034309156239032745,-0.18749614514802632,0.07203802220934491,0.0,0.0,0.0,0.0,0.0,1.1874961451480264,0.6605854235197368,0.0,0.0,0.0,0.0
1709,77.25091511113493,28.690891124685653,32.43975025999998,43.33639802000005,37.26529740381581,3.306946304421198,-0.10148566961288452,0.7795275449752808,0.27958350466008774,0.26714091425416575,-0.3010300397872925,0.21556442975997925,-0.04116390830592105,0.11360019925834319,0.0,0.0,0.0,0.0,0.0,1.041163908305921,0.27958350466008774,0.0,0.0,0.0,499.5669181743948
1710,77.25603087761408,28.690891124685653,37.73426324000002,42.20845142000002,38.63904911315791,0.9066868901541889,-0.019607843831181526,0.3497242033481598,0.06861336691337719,0.03951152996437085,-0.12670068442821503,0.2043580710887909,0.0795442976031387,0.035613846988538284,13.0,0.007051289616845536,135.2629711103459,25039.642965450283,0.10040940877123661,0.9204557023968613,0.06861336691337719,0.01893309643905416,1.0,0.41135985786343254,999.1338363487896
1711,77.26114664409323,28.690891124685653,37.95643454000003,39.22793797999998,38.444491816842124,0.25252766921771336,0.014946619048714638,0.3424399495124817,0.07331980922765899,0.025237901442139356,-0.035572223365306854,0.17972217500209808,0.07294995759662828,0.02632200358148887,7.0,0.0036876263566170864,131.37193372279015,26189.076678700134,0.10501865818139765,0.9270500424033717,0.07331980922765899,0.009901477493455033,1.0,0.405940886496073,1498.7007545231845
1712,77.26626241057238,28.690891124685653,38.57851418000001,42.56734352000001,40.862448636184226,1.32804115936613,0.015760039910674095,0.6012157797813416,0.1120116759183114,0.07751672607203385,-0.15131786465644836,0.218975231051445,0.06788477847450658,0.041983401209079736,24.0,0.014752809981177716,153.29120181831402,18150.088891236126,0.0727821757374501,0.9321152215254934,0.1120116759183114,0.039612097828656975,0.8159079572303829,0.35013044158934736,1998.2676726975792
1713,77.27137817705153,28.690891124685653,40.51994954,44.454090560000054,43.668699273618444,0.9445565062842622,0.009358914569020271,0.5843393206596375,0.1054113341214364,0.09087320458855516,-0.18533481657505035,0.17779749631881714,0.06281953510485197,0.05006537540986454,10.0,0.008593105686911974,214.29097232797727,17177.93408644273,0.06888381786876528,0.9371804648951481,0.1054113341214364,0.023072956511758193,0.7722063067512123,0.3227262966075399,2497.834590871974
1714,77.27649394353068,28.690891124685653,43.391086340000015,44.90185118000002,44.127853605937524,0.40794487516864525,-0.010137302801012993,0.3941272497177124,0.0738617706298828,0.04082637239662829,-0.08345936983823776,0.31463778018951416,0.07948866707938058,0.036665647533443674,82.0,0.03862712832250093,117.47143991106904,20050.903508216616,0.08040447578933518,0.9205113329206194,0.0738617706298828,0.1037159421088704,0.9013560109841615,0.4227719696589869,2997.401509046369
1715,77.28160971000983,28.690891124685653,43.097136620000015,44.71386008000002,44.05570571246712,0.2523372793060742,-0.007502287160605192,0.419865220785141,0.06943752355742873,0.04817893571576447,-0.08460161089897156,0.3763044774532318,0.08358748051158169,0.046239709339802725,175.0,0.09312711723229629,132.7063893106469,20018.680099656427,0.0802752593541573,0.9164125194884183,0.06943752355742873,0.25005137889073775,0.8999074596513889,0.5099938111949982,3496.9684272207637
1716,77.28672547648898,28.690891124685653,43.25436554000004,44.76342137,44.131447461578965,0.38243437015383525,0.008723661303520203,0.6237810850143433,0.12594384979783443,0.10411891840265412,-0.19497282803058624,0.2473062425851822,0.05379440575315241,0.054417881533954646,12.0,0.009116112303217535,189.44456176875107,19100.460922916885,0.07659318430276604,0.9462055942468476,0.12594384979783443,0.02447725774498515,0.8586303982952281,0.35813851396508234,3996.5353453951584
1717,77.29184124296813,28.690891124685653,42.07173061999998,44.97021158000004,44.01339647148028,0.6993066888108845,0.01727522537112236,0.6212338805198669,0.15005212616502192,0.11821668474582747,-0.22324012219905853,0.20685040950775146,0.04450830827679551,0.058841255078488516,42.0,0.026575002173896096,157.78936939600035,15397.944060234584,0.061746026551338484,0.9554916917232045,0.15005212616502192,0.07135532737507051,0.6921897275004516,0.31968908742522295,4496.1022635695535
1718,77.29695700944728,28.690891124685653,43.438938620000016,45.300050510000005,44.22457726309212,0.3907320576032613,-0.0030188679229468107,0.5371125936508179,0.07249328077885142,0.05608610387133699,-0.14023755490779877,0.23049433529376984,0.07662183259662829,0.040763832108621195,29.0,0.020415670248109582,175.55749151154384,18152.23171875457,0.07279076851349418,0.9233781674033718,0.07249328077885142,0.05481718588780734,0.8160042845835848,0.3592920253661183,4995.669181743948
1720,77.10255788323957,28.69538268056061,37.89491018000001,41.48383118000004,39.79254620631581,0.8214992531757778,-0.006975269410759211,0.5585638880729675,0.12727323833264803,0.11290171802311003,-0.24057450890541077,0.2560062110424042,0.05319935581140351,0.06427647109379775,7.0,0.01081057240083839,385.12735933778765,9744.368314178217,0.039075088355925824,0.9468006441885964,0.12727323833264803,0.029026975340436387,0.4380423530355583,0.19263312641848515,1117.8307969457398
1721,77.10767364971872,28.69538268056061,36.29869484000005,41.15570126,38.31049061789476,0.9500394775693441,0.013798490166664124,0.6903820633888245,0.2290625428316886,0.15942694668114518,-0.3283124268054962,0.22557297348976135,-0.00865940160918654,0.0836923058667941,67.0,0.1085073383440792,403.86668530165406,8037.0754446077435,0.03222881391545333,1.0086594016091865,0.2290625428316886,0.2913481097564928,0.3612937571497355,0.31932636871378983,1000.0000000003223
1722,77.11278941619787,28.69538268056061,36.527702180000006,43.31930792000003,38.31955948210528,1.6141361079900498,0.015255128964781761,0.6415958404541016,0.18869363349780702,0.14039116694856615,-0.24844565987586975,0.2693975865840912,0.012616186309279057,0.0716839618642817,36.0,0.025788839130378105,178.64177056612687,3649.599849438471,0.014634959597440936,0.9873838136907209,0.18869363349780702,0.06924443681057188,0.16406187185680804,0.10717141082906634,1117.8307969457398
1723,77.11790518267702,28.69538268056061,36.50377604000005,39.313388480000015,37.446429976842126,0.4720064032031969,0.02275312878191471,0.6555683016777039,0.1943296840734649,0.1485029704856808,-0.2648673355579376,0.22396114468574524,0.008922348022460938,0.07163514467949078,100.0,0.10563992255039104,263.440047693753,2657.861958995657,0.010658073210810077,0.991077651977539,0.1943296840734649,0.2836489422704391,0.11947989536357571,0.21798132350769373,1413.570925846828
1724,77.12302094915617,28.69538268056061,34.95883100000003,38.48622764000004,36.99802384842107,0.7269076922549258,0.026199588552117348,0.6929993629455566,0.34732486122532896,0.1963999750344336,-0.24438953399658203,0.18818819522857666,-0.04753485964055647,0.08374593838838158,127.0,0.09028755351369473,177.2874063597897,796.7503112428794,0.003194982763954823,1.0475348596405565,0.34732486122532896,0.2424269957423438,0.03581662452257972,0.15978284725443817,1801.6412560212912
1725,77.12813671563532,28.69538268056061,35.94663878000006,38.66396468000005,37.478250367368446,0.55510450862707,0.029025845229625702,0.6735659241676331,0.25877704821134867,0.17083376367364764,-0.2501685917377472,0.1784168928861618,-0.009858640034993489,0.07582578749037293,409.0,0.26339164483058974,160.59514378734664,1976.3254572995227,0.007925099849897975,1.0098586400349936,0.25877704821134867,0.7072209033798785,0.08884252172815864,0.45986955071919056,2234.441999604353
1726,77.13325248211447,28.69538268056061,36.15855601999999,38.78701339999998,37.66063295157897,0.5774449485109311,0.006643219850957394,0.6934224963188171,0.253043212890625,0.17125448892706954,-0.24555577337741852,0.19527897238731384,-0.005749047931871916,0.07760114069016555,364.0,0.2665041926641323,182.58133755822644,2141.913590631301,0.008589111177468337,1.0057490479318718,0.253043212890625,0.7155782637360388,0.09628626905181827,0.46786146586235056,2690.4724984643926
1727,77.13836824859362,28.69538268056061,35.74839362,39.21084788000002,37.619489726315805,0.6743995365602437,0.0010582010727375746,0.6540664434432983,0.23858809621710525,0.17144921199680213,-0.2296392321586609,0.19187031686306,-0.0026959482828776042,0.0768681232266967,389.0,0.26349696106700815,168.91947839181125,2201.2641129548756,0.008827107816038501,1.0026959482828777,0.23858809621710525,0.7075036832072655,0.0989542760086859,0.4640839203278337,2234.441999604353
1728,77.14348401507277,28.69538268056061,35.63218094000001,39.61759226000004,37.833967835789494,0.8508680985047398,0.01687045395374298,0.7055837512016296,0.32788355777138156,0.18369225489992913,-0.26277074217796326,0.24988453090190887,-0.028008749443188048,0.08429260544394032,214.0,0.17361955562638082,202.31989417294002,4704.248360966549,0.018864118681303083,1.028008749443188,0.32788355777138156,0.4661779573664056,0.21147189380179326,0.3642955319405607,1801.6412560212912
1729,77.14859978155192,28.69538268056061,37.06433132000001,42.553671440000016,39.50640608000002,1.1591905163648708,0.010292952880263329,0.6782077550888062,0.28229939778645835,0.16282319637298792,-0.2538461685180664,0.3801751732826233,-1.091538814076206e-05,0.08092579435173898,32.0,0.09409278968515623,733.2635358117057,3887.180517954965,0.015587662257544035,1.0000109153881407,0.28229939778645835,0.25264426199042733,0.17474192742503836,0.22148332816427174,1413.570925846828
1730,77.15371554803107,28.69538268056061,38.588768240000036,42.509237180000014,40.7809889126316,0.7607687664824855,-0.00830909889191389,0.6098023056983948,0.1803894257127193,0.13646288376649804,-0.23483015596866608,0.3177702724933624,0.05414465117872807,0.08204530525874039,20.0,0.1274141975563273,1588.6987357970133,4139.201468275176,0.016598270701703315,0.945855348821272,0.1803894257127193,0.3421140558849759,0.18607112255941097,0.2796968825547499,1117.8307969457398
1731,77.15883131451022,28.69538268056061,36.53112020000003,43.38083228000005,39.87720304842107,1.8589772157298836,0.005248284433037043,0.7632590532302856,0.2582317365679825,0.17758233815140112,-0.3043972849845886,0.26670971512794495,0.014080945734392133,0.09701132538629813,41.0,0.0897651280769008,545.9809883331415,7465.90289578067,0.02993840194699117,0.9859190542656079,0.2582317365679825,0.24102425500774052,0.3356176169207699,0.27886159977295233,1000.0000000003223
1732,77.16394708098937,28.69538268056061,36.80114378000002,43.476536839999994,39.36301855368423,2.1409289508720217,-0.0048789470456540585,0.7085729241371155,0.27412072968064694,0.196109412594572,-0.2639211118221283,0.2870352864265442,0.0033253572698225056,0.1004002612402055,209.0,0.11924118209339024,142.2766755380399,6465.016528039217,0.025924830005459188,0.9966746427301775,0.27412072968064694,0.3201690644910622,0.2906243853935137,0.3083511928520428,1117.8307969457398
1733,77.16906284746852,28.69538268056061,36.94470062000005,41.56586365999999,38.363358815789496,0.8341009620691949,0.015015926212072372,0.7086257934570312,0.25824375085663376,0.18025286953947683,-0.25212204456329346,0.22556285560131073,-0.005452767087702166,0.08185332834577291,64.0,0.05212567746695338,203.10726620973244,11030.358027578219,0.04423192972888604,1.0054527670877023,0.25824375085663376,0.13996028131863353,0.49585194539442085,0.2823169469489485,1413.570925846828
1734,77.17417861394767,28.69538268056061,36.428579600000035,39.72696890000003,37.84804203578949,0.7665974365458463,0.03957141190767288,0.673378050327301,0.2776881167763158,0.19224164631512106,-0.26956868171691895,0.2013843059539795,-0.01636609261496025,0.09013446792023912,98.0,0.07069042990284455,179.88223267189377,8555.654763033732,0.03430832610482404,1.0163660926149602,0.2776881167763158,0.18980765213094386,0.3846056535759384,0.2677268527089417,1117.8307969457398
1735,77.17929438042682,28.69538268056061,37.45398560000001,39.92521406000003,38.563318276842125,0.4180012245959277,0.028867898508906364,0.664370059967041,0.25035814557756697,0.1573851612683474,-0.22621388733386993,0.2633882164955139,7.841518947056362e-05,0.07698218344382757,47.0,0.031045129099464,164.72113816268325,8808.682431927587,0.035322971508173116,0.9999215848105294,0.25035814557756697,0.08335786148945445,0.39598010411924317,0.20840675854136995,1000.0000000003223
1736,77.18441014690598,28.69538268056061,38.147843660000035,42.030714380000006,39.82337187894739,1.0748666419626458,-0.005891565233469009,0.6545701026916504,0.246803985060307,0.1511378907628849,-0.22234658896923065,0.28258877992630005,0.024200835646244517,0.07692610651867603,45.0,0.09589877287635308,531.4400231864768,9415.546997755739,0.03775650909267845,0.9757991643537555,0.246803985060307,0.2574934251625872,0.4232607213761335,0.32380034364800575,1117.8307969457398
1737,77.18952591338513,28.69538268056061,37.86072998000003,42.553671440000016,39.537094185263186,1.0899832678702324,0.016344407573342323,0.6459627151489258,0.19486992016173246,0.13517160046300145,-0.17178522050380707,0.2954973578453064,0.039282804790296055,0.07093235970948727,63.0,0.08191779490815261,324.2585423270422,6882.974511759021,0.027600848872598376,0.960717195209704,0.19486992016173246,0.2199537383013562,0.30941301209107314,0.255737447817243,1413.570925846828
1738,77.19464167986428,28.69538268056061,37.73426324000002,44.64891770000003,39.76053533789476,1.5697518364378547,-0.004065040498971939,0.6609271764755249,0.2871843304550439,0.16077469966943228,-0.21141625940799713,0.23579667508602142,0.005651977271364446,0.07514410965386041,31.0,0.020748268002805346,166.90674107892224,6033.507733821174,0.02419447214984574,0.9943480227286355,0.2871843304550439,0.05571022896322208,0.2712266038770062,0.14191677892873572,1801.6412560212912
1739,77.19975744634343,28.69538268056061,37.71717314,43.71238022,39.877658078947384,1.492086417153644,0.03986429050564766,0.7110099196434021,0.3575331303111294,0.1506284414232513,-0.24574431777000427,0.25407376885414124,-0.013699078476219846,0.07988187819070121,18.0,0.008902973105768451,123.34350304613865,3125.8522334610516,0.012534722443971935,1.0136990784762199,0.3575331303111294,0.023904967398180276,0.14051764295428412,0.07055003762062181,1413.570925846828
1740,77.20487321282258,28.69538268056061,36.08335957999998,39.59708413999999,38.26274415894739,0.5922999048281966,0.030145304277539253,0.6612271666526794,0.26316736054002193,0.16020927583297181,-0.31708040833473206,0.3162393271923065,-0.011029616238778097,0.07813349745497308,370.0,0.15576324344820885,104.9825167757218,3963.8554907324424,0.01589513024719389,1.0110296162387782,0.26316736054002193,0.4182327872080951,0.17818872709552228,0.322215163163066,1117.8307969457398
1741,77.20998897930173,28.69538268056061,36.14146592000003,39.64835444000005,37.68381834421055,0.525450090925802,0.032258063554763794,0.694656491279602,0.3295264100191886,0.1562597183705857,-0.3493904173374176,0.2805679738521576,-0.04673981248286732,0.08727789201570432,100.0,0.12070309177012814,301.0038959233249,6361.8141198412895,0.02551098653312135,1.0467398124828673,0.3295264100191886,0.3240943715481913,0.2859850876711381,0.30885065799737,1000.0000000003223
1742,77.21510474578088,28.69538268056061,35.72104946000002,39.65519047999999,37.788708171578975,0.872518498412795,0.03165445104241371,0.7294243574142456,0.36429280598958336,0.17647041117390158,-0.28774747252464294,0.19621223211288452,-0.054922993977864584,0.08599782286401352,61.0,0.1130258096543579,462.06334094466195,3522.716596126026,0.014126155519617116,1.0549229939778646,0.36429280598958336,0.30348045117532063,0.1583580399561891,0.245431486687668,706.785462923414
1743,77.22022051226003,28.69538268056061,36.575554460000035,40.60198202000004,37.95080486000002,0.7049528893501453,-0.011011010967195034,0.6327227354049683,0.2436987733004386,0.15980733897769628,-0.21930985152721405,0.34659525752067566,-0.0076190219009131714,0.08559112173758214,60.0,0.0875227856051324,363.7672554317369,5509.601226584018,0.022093597839630098,1.0076190219009131,0.2436987733004386,0.23500344341521218,0.24767523227430438,0.24007215895884904,500.00000000016115
1744,77.22533627873918,28.69538268056061,35.47153400000002,41.07366878000005,38.281315753684225,1.238416852952312,-0.10445103794336319,0.6929824352264404,0.2697703793174342,0.1777631746022065,-0.29655173420906067,0.33178654313087463,-0.039888624224746434,0.0943203385250678,3.0,0.0012765068557765867,106.10983008712992,7096.902442041594,0.028458703636301125,1.0398886242247465,0.2697703793174342,0.003427490390948346,0.3190297969805212,0.12966841302677748,706.785462923414
1745,77.23045204521833,28.69538268056061,32.25517718000003,39.52872374000003,35.72388546421055,1.7842468181268771,-0.2578258514404297,0.7760197520256042,0.2889171720805921,0.28293086078802143,-0.31792017817497253,0.3492063581943512,-0.044974418773985746,0.13352141666688705,13.0,0.018952454707729105,363.5597845076936,621.9401139530802,0.002493990797684735,1.0449744187739858,0.2889171720805921,0.05088837251571674,0.027958314195370825,0.04171634918757837,499.54548401492275
1746,77.23556781169748,28.69538268056061,32.06376806000003,34.825528220000024,33.34170542000002,0.5235774579887702,0.2761327028274536,0.7920541167259216,0.6349152789199561,0.0817051533271482,-0.32371827960014343,0.05434482917189598,-0.1812148565995066,0.06052535987996088,0.0,0.0,0.0,0.0,0.0,1.1812148565995066,0.6349152789199561,0.0,0.0,0.0,0.0
1747,77.24068357817663,28.69538268056061,32.25517718000003,35.23227259999999,33.443653422105285,0.7418748964989105,0.29769304394721985,0.7971970438957214,0.5803299753289474,0.09754618210638823,-0.3120255768299103,0.028764044865965843,-0.1477013731839364,0.07003150364834891,0.0,0.0,0.0,0.0,0.0,1.1477013731839363,0.5803299753289474,0.0,0.0,0.0,0.0
1748,77.24579934465578,28.69538268056061,32.14238252000001,37.457403620000036,33.231556286315815,1.1562219364503867,0.12743745744228363,0.8128809928894043,0.6573707767955044,0.12839556843923916,-0.3475748300552368,0.0645078793168068,-0.19881664610745614,0.08216974283925968,0.0,0.0,0.0,0.0,0.0,1.198816646107456,0.6573707767955044,0.0,0.0,0.0,0.0
1749,77.25091511113493,28.69538268056061,33.29083724000003,44.48143472000004,40.01941596105265,2.9733922993862056,0.016382252797484398,0.7424219846725464,0.24119802374588817,0.20022427950177188,-0.267452210187912,0.18509672582149506,0.0076146001983107186,0.08203966967084377,0.0,0.0,0.0,0.0,0.0,0.9923853998016893,0.24119802374588817,0.0,0.0,0.0,499.54548401492275
1750,77.25603087761408,28.69538268056061,37.953016520000006,43.326143960000024,39.637581856842125,1.3043608656385235,-0.04356918856501579,0.4861699342727661,0.08346318830523575,0.0637384263782669,-0.08727317303419113,0.22173847258090973,0.07651958264802632,0.039111446624276895,5.0,0.0031110154711464053,155.1621857170282,18663.85551861028,0.07484238895104148,0.9234804173519737,0.08346318830523575,0.008353245879716741,0.8390035068966105,0.34061335028647427,999.0909680298455
1751,77.26114664409323,28.69538268056061,38.00770484000003,39.63126434000003,38.70559468210528,0.32437636218562166,-0.009773341938853264,0.34876447916030884,0.0747716856839364,0.029395383669895324,-0.04828209802508354,0.2061707079410553,0.07612887198464913,0.029158662720116586,0.0,0.0,0.0,20037.82362004238,0.08035202520766432,0.9238711280153509,0.0747716856839364,0.0,0.9007680257183598,0.3603072102873439,1498.6364520447682
1752,77.26626241057238,28.69538268056061,37.90858226,41.88715754000003,39.508511918947384,1.0140480229881546,0.009394888766109943,0.49167928099632263,0.08023701985677083,0.03586920027919682,-0.06295817345380783,0.18102340400218964,0.07265228806880482,0.028175852148139443,0.0,0.0,0.0,21429.57643175129,0.08593297846535326,0.9273477119311951,0.08023701985677083,0.0,0.9633320274913406,0.38533281099653627,1998.181936059691
1753,77.27137817705153,28.69538268056061,39.62955533000002,44.22508321999999,41.935538925263174,1.281395967966754,0.014804202131927013,0.6198697686195374,0.10337747138843202,0.08070321467221889,-0.15877211093902588,0.19627149403095245,0.06544752689830044,0.04380341880483,2.0,0.0077562597883613854,967.1104442529235,18574.95293375761,0.07448588802187056,0.9345524731016995,0.10337747138843202,0.020825979722713297,0.8350070346570356,0.34649840169644225,2497.7274200746137
1754,77.27649394353068,28.69538268056061,40.42082696,43.97214974000002,42.89466361500001,0.8365877992211083,0.005522319581359625,0.6734520792961121,0.11648626055036272,0.11263595749732544,-0.15562249720096588,0.18593382835388184,0.05550737653459822,0.053434150868449916,249.0,0.08271375708369813,82.83848033717844,19302.14383987563,0.07740193634763458,0.9444926234654017,0.11648626055036272,0.22209094006873795,0.8676967283705332,0.4803332553894561,2997.2729040895365
1755,77.28160971000983,28.69538268056061,40.742120839999984,43.835428940000014,42.75913888684212,0.6558810794217349,-0.008306414820253849,0.6480632424354553,0.1023065399705318,0.10200877591117224,-0.18226154148578644,0.42478713393211365,0.06376719692297149,0.0648580953633318,234.0,0.07948681042582827,84.70965932400912,17881.008746544474,0.07170315962376801,0.9362328030770285,0.1023065399705318,0.21342641264226903,0.8038118935415364,0.44958060500197594,3496.8183881044592
1756,77.28672547648898,28.69538268056061,40.69768657999998,45.40942715000003,43.53597123421055,1.0258038802936562,0.012683916836977005,0.7724359035491943,0.2210999391790022,0.17310663811256322,-0.3170977532863617,0.4501418173313141,0.015129781354937637,0.08984827366637793,0.0,0.0,0.0,10650.07720426743,0.0427069969377771,0.9848702186450624,0.2210999391790022,0.0,0.47875703464325586,0.19150281385730236,3996.363872119382
1757,77.29184124296813,28.69538268056061,41.52655643000003,46.66384049000001,43.71836440052633,1.124402660167255,0.01611255295574665,0.7466556429862976,0.2856271415844298,0.1533483132782315,-0.3147388994693756,0.22430038452148438,0.005712633634868421,0.07083034577229344,1.0,0.013413069869143791,3344.8905307189684,6220.101893616543,0.024942718013058342,0.9942873663651316,0.2856271415844298,0.036014822702726886,0.27961464322282287,0.13345475091076528,4495.909356134305
1758,77.29695700944728,28.69538268056061,41.68207633999998,47.31497329999999,43.69783511631581,1.07958163895353,0.010549177415668964,0.6448209285736084,0.13207448858963816,0.12529485724473755,-0.17891336977481842,0.2288924604654312,0.05145744992975603,0.05350024185074296,1.0,0.017898449529273643,4463.434167501315,15045.544231348144,0.06033289703833402,0.948542550070244,0.13207448858963816,0.04805831123965089,0.6763481618619547,0.29937425148857244,4995.4548401492275
1760,77.10255788323957,28.699874236435566,0.0,39.169831639999984,20.32143158229103,19.16118559669288,0.0,0.5980803966522217,0.08389003820586623,0.11864465978268157,-0.1790219098329544,0.1983245313167572,0.013253306338661595,0.046583758584498564,1.0,0.0009422201334421843,234.96658355994276,6119.612392512136,0.024539753345889072,0.9867466936613384,0.08389003820586623,0.002529912345489487,0.27509729986100684,0.11155686735169643,1580.988384941037
1761,77.10767364971872,28.699874236435566,0.0,39.556067900000016,20.27020361071208,19.114819352089864,0.0,0.7234262228012085,0.13413300095942982,0.18381313090575402,-0.2863256633281708,0.22515574097633362,-0.0029342323437071684,0.06342887441089944,11.0,0.02434514862420814,551.9166136021778,4761.903128753987,0.019095315314352823,1.0029342323437072,0.13413300095942982,0.06536804921812879,0.21406367084993522,0.12484629787085136,1500.0000000004834
1762,77.11278941619787,28.699874236435566,0.0,44.064436279999995,21.46924079386998,20.27586844686069,0.0,0.7604035139083862,0.13105494449013158,0.17408359590583428,-0.2605823278427124,0.22322435677051544,0.014518901088781525,0.06311314225651979,13.0,0.06958072139469128,1334.7480559247779,2424.867385933864,0.009723760874155695,0.9854810989112185,0.13105494449013158,0.18682802438257975,0.1090060003159099,0.1556992147559118,1580.988384941037
1763,77.11790518267702,28.699874236435566,0.0,41.76069080000002,20.96022036650156,19.77693075719386,0.0,0.6218662858009338,0.09252643785978619,0.13532381819974562,-0.22140945494174957,0.3129720985889435,0.016208074469315378,0.05613348298687097,19.0,0.05485199036856001,719.9337149465824,3907.427406919442,0.01566885263846061,0.9837919255306846,0.09252643785978619,0.1472805798588951,0.1756520936459461,0.1586291853737155,1802.2477890871517
1764,77.12302094915617,28.699874236435566,0.0,38.67763676000004,20.06560918755419,18.92462354613196,0.0,0.6587859392166138,0.1281062290124726,0.17365164427905372,-0.20913605391979218,0.18567493557929993,-0.0028370094299316408,0.05297122848590639,87.0,0.06857610223057294,196.565486852815,1613.5607631373573,0.0064704070448064355,1.0028370094299317,0.1281062290124726,0.1841305672432028,0.07253502029701832,0.139492348464729,2120.3109347109025
1765,77.12813671563532,28.699874236435566,0.0,39.45352730000002,20.164911663343663,19.02070220269983,0.0,0.6544566750526428,0.11067618386787281,0.1660062373673442,-0.2569444477558136,0.197552889585495,0.005462683962102522,0.057489108431741695,165.0,0.0878123808333142,132.71668648779632,3485.107681648699,0.013975343110973471,0.9945373160378975,0.11067618386787281,0.23578102236621104,0.15666739189552503,0.20413557017793663,2498.477210837384
1766,77.13325248211447,28.699874236435566,0.0,39.56632195999998,20.374754810712087,19.215887096432297,0.0,0.6208991408348083,0.12881701017680922,0.16927653241907217,-0.1882251799106598,0.22988204658031464,0.0014714503706547252,0.05346246841482482,50.0,0.06872838615049438,342.78346458961687,3079.9299877740914,0.012350573430935392,0.9985285496293452,0.12881701017680922,0.18453945785735398,0.13845328250434877,0.1661049877161519,2913.435572125618
1767,77.13836824859362,28.699874236435566,0.0,39.39883898000005,20.316849530712084,19.161023991599713,-0.02168949693441391,0.6805111765861511,0.1077319978412829,0.1542992885283395,-0.2586241364479065,0.2046220451593399,0.008250642743027002,0.05717673770577636,234.0,0.14303026423100967,152.42837007955822,2139.8128975803816,0.008580687361380237,0.991749357256973,0.1077319978412829,0.38404404492472943,0.09619183578561144,0.2689031612690822,2498.477210837384
1768,77.14348401507277,28.699874236435566,0.0,40.10978713999998,20.532967866501565,19.36225940697458,-0.030845770612359047,0.6049601435661316,0.1138391755756579,0.15536178680746532,-0.22611896693706512,0.23158538341522217,0.0017271105448404948,0.050951109244158056,119.0,0.11386170893833945,238.6077022684901,4895.368106024372,0.019630512221029035,0.9982728894551595,0.1138391755756579,0.30572488625272126,0.22006337353012753,0.27146028116368376,2120.3109347109025
1769,77.14859978155192,28.699874236435566,0.0,40.198655659999986,20.514999451764716,19.34678904620299,-0.11999999731779099,0.6600910425186157,0.1429184227658991,0.1822760560442223,-0.23262840509414673,0.23424354195594788,-0.00261844885976691,0.05698533496543346,60.0,0.062003601636786775,257.7029494474184,5451.478895978844,0.021860526271456203,1.002618448859767,0.1429184227658991,0.16648304539264483,0.24506243669419925,0.1979148019132666,1802.2477890871517
1770,77.15371554803107,28.699874236435566,0.0,40.94720203999998,20.596894364396295,19.428477305816056,0.0,0.711262047290802,0.21442472759046052,0.23402047634997203,-0.2755221128463745,0.1726948618888855,-0.02702092220908717,0.059415830309987976,14.0,0.058464952974241695,1041.4089151760097,1525.0230804789535,0.006115369379853618,1.0270209222090871,0.21442472759046052,0.1569815811169698,0.06855495164674238,0.12161092932887883,1580.988384941037
1771,77.15883131451022,28.699874236435566,0.0,42.72457244000003,22.010282671764717,20.75480871374105,0.0,0.5394840836524963,0.06523327208401863,0.08903183612060842,-0.18246175348758698,0.2845415472984314,0.04483972114429139,0.06492756065791562,1.0,0.0014571981722360404,363.3894712578916,4020.700192109908,0.016123078499689518,0.9551602788557086,0.06523327208401863,0.003912656411083671,0.18074408891541144,0.07464522941281478,1500.0000000004834
1772,77.16394708098937,28.699874236435566,0.0,43.31930792000003,21.928017385448925,20.681047068559362,-0.00017274140554945916,0.4728826582431793,0.052760004411663924,0.07248878372910274,-0.12306290119886398,0.28455284237861633,0.047198588053385414,0.06251963968914365,14.0,0.02743337331721826,488.6578726658646,4774.18424426455,0.019144562803590923,0.9528014119466146,0.052760004411663924,0.07366010061799541,0.21461574857962457,0.13004235980264708,1580.988384941037
1773,77.16906284746852,28.699874236435566,0.0,42.59126966000002,21.91811253492261,20.67337237247324,-0.004288499243557453,0.5894157290458679,0.06609550609923245,0.10429333503771544,-0.21854613721370697,0.28874579071998596,0.043516221966659815,0.06469209901582623,24.0,0.030820544575156,320.2453176478468,5409.623886361979,0.021692686946608697,0.9564837780333402,0.06609550609923245,0.08275483981703807,0.243180912278479,0.14692526880161444,1802.2477890871517
1774,77.17417861394767,28.699874236435566,0.0,42.86129324000001,21.122729757027873,19.943477097220597,0.0,0.6508159637451172,0.12969418174342107,0.1580068022044363,-0.16235552728176117,0.28287971019744873,0.010721540618361088,0.05218735849303734,15.0,0.026379158110771822,438.5543206930378,2349.4685617664854,0.009421410262881442,0.9892784593816389,0.12969418174342107,0.07082947540534149,0.10561656784686654,0.08474431238195151,1580.988384941037
1775,77.17929438042682,28.699874236435566,0.0,42.5810156,20.915807270712083,19.742265866072,0.0,0.6205077767372131,0.13283877781459263,0.16291396046794163,-0.1848234385251999,0.20356446504592896,0.004903297424316406,0.047429490184056365,18.0,0.009913523256554415,137.34385934520282,3783.969253415868,0.01517378327112231,0.9950967025756836,0.13283877781459263,0.026618349559596965,0.17010223158013693,0.08401190236781295,1500.0000000004834
1776,77.18441014690598,28.699874236435566,0.0,41.33343830000001,20.818441320185766,19.637899945668906,0.0,0.6304646134376526,0.11499375728138705,0.14717862716022168,-0.23022723197937012,0.288878470659256,0.01383536087839227,0.05629276198349393,29.0,0.0386816168346834,332.62917830172785,2414.626664160327,0.00968269539969624,0.9861646391216077,0.11499375728138705,0.10386224673001469,0.10854564519407654,0.10573560611563942,1580.988384941037
1777,77.18952591338513,28.699874236435566,0.0,40.591727960000014,20.669752159133136,19.49424637697367,0.0,0.6115984320640564,0.11853956791392543,0.15802097339709695,-0.20460107922554016,0.20624274015426636,0.00825063337359512,0.049198376328155234,78.0,0.04751846838442582,151.9223093823669,3589.7686587983408,0.014395035470465806,0.9917493666264049,0.11853956791392543,0.12758967415111752,0.16137225723142612,0.14110270738324096,1802.2477890871517
1778,77.19464167986428,28.699874236435566,0.0,40.26359804000003,20.298246189659455,19.143895503438877,0.0,0.7022332549095154,0.2033033297354715,0.2213943494990714,-0.19953890144824982,0.13558289408683777,-0.01737485517535293,0.047981671663612425,11.0,0.007001636272238268,158.73057259569774,1089.9835767564377,0.0043708533170174774,1.017374855175353,0.2033033297354715,0.018799774506038515,0.048998452781982116,0.030879245816415955,2120.3109347109025
1779,77.19975744634343,28.699874236435566,0.0,39.13565144000006,19.862295199133136,18.73079260571366,0.0,0.7128463387489319,0.2555259945518092,0.2639195414865819,-0.22648084163665771,0.14119301736354828,-0.051331428393983004,0.06597094745784923,8.0,0.025174251895769783,784.7300953993831,147.9160884687176,0.0005931461167953111,1.051331428393983,0.2555259945518092,0.06759423663225947,0.006649329064294217,0.043216273605073366,1802.2477890871517
1780,77.20487321282258,28.699874236435566,0.0,40.478933299999994,20.63273595492261,19.458874466096148,0.0,0.6633992195129395,0.12375089946546053,0.16563501185304358,-0.19497869908809662,0.20918568968772888,0.0006086680763646176,0.05324234044935428,197.0,0.09257180861461525,117.1834405320635,3884.502123605231,0.015576921849085172,0.9993913319236354,0.12375089946546053,0.24856034502554586,0.17462152452918234,0.21898481682700044,1580.988384941037
1781,77.20998897930173,28.699874236435566,0.0,40.37297468000003,19.704018650712083,18.612074554226332,0.0,0.7241579294204712,0.17598006399054275,0.23158816909454571,-0.2914416491985321,0.3130759596824646,-0.020499677156147204,0.08416607023526608,169.0,0.08034586088983858,118.55790763562408,5161.476414730482,0.020697611220130672,1.0204996771561472,0.17598006399054275,0.2157330098982186,0.23202584312790855,0.22225014319009456,1413.5406231406016
1782,77.21510474578088,28.699874236435566,0.0,38.12391752000002,19.153230653869983,18.067943649146326,0.0,0.7479178309440613,0.27011652360882676,0.28204923721930636,-0.2755609452724457,0.11350829154253006,-0.060343081825657896,0.08310491354585142,13.0,0.016066694069620184,308.20302297411746,1199.1124716039571,0.004808462105074764,1.0603430818256578,0.27011652360882676,0.04313994812384148,0.05390416614809361,0.04744563533354233,1117.8212170636516
1783,77.22022051226003,28.699874236435566,0.0,42.47163896000001,20.433210360185768,19.289690228001678,0.0,0.6464499235153198,0.1420131750274123,0.17289159277187383,-0.2337837815284729,0.24597938358783722,-0.009620009974429482,0.05643340112002737,72.0,0.1449103161841796,501.9038531661811,5436.073171670649,0.02179874904597368,1.0096200099744295,0.1420131750274123,0.3890920867545192,0.24436989721820676,0.3312032109399942,1000.0000000003223
1784,77.22533627873918,28.699874236435566,0.0,43.127898800000025,21.21758774860682,20.040451386062394,-0.018050542101264,0.5975086688995361,0.06985160961485745,0.09991806209505812,-0.28022390604019165,0.20912158489227295,0.020042380617375958,0.04597519589280695,13.0,0.06813805963581995,1307.0738677385452,3289.8627804859075,0.013192407622699753,0.979957619382624,0.06985160961485745,0.18295439903263055,0.14789047243127376,0.16892882839208784,1117.1826588648057
1785,77.23045204521833,28.699874236435566,0.0,38.84853776,18.632337104396296,17.62926674825243,-0.18896713852882385,0.7455669045448303,0.13195278234649122,0.21992840771850433,-0.2915417551994324,0.40802568197250366,-0.01624976576420299,0.09212055432224771,6.0,0.002648795151868767,110.09075361738591,0.0,0.0,1.016249765764203,0.13195278234649122,0.00711215916274696,0.0,0.004267295497648176,706.7703115703008
1786,77.23556781169748,28.699874236435566,0.0,38.151261680000005,17.970066628606826,16.959223576786737,0.0,0.7913380861282349,0.35337590803179825,0.34476828376912977,-0.34720465540885925,0.0,-0.11262535764459979,0.11662327768260428,0.0,0.0,0.0,0.0,0.0,1.1126253576445997,0.35337590803179825,0.0,0.0,0.0,500.00000000016115
1787,77.24068357817663,28.699874236435566,0.0,34.64095514000002,17.45969169176472,16.467273097209176,0.0,0.7991065979003906,0.3431250214158443,0.337853938798942,-0.33295509219169617,0.007874015718698502,-0.10485790587308114,0.11176240426896833,0.0,0.0,0.0,0.0,0.0,1.1048579058730812,0.3431250214158443,0.0,0.0,0.0,500.00000000016115
1788,77.24579934465578,28.699874236435566,0.0,37.11901964000003,17.58408433913314,16.599319181502,0.0,0.8392370343208313,0.3715099883497807,0.3693780084339051,-0.3523358404636383,0.03667522221803665,-0.125437729149534,0.13242853699597362,0.0,0.0,0.0,0.0,0.0,1.1254377291495339,0.3715099883497807,0.0,0.0,0.0,500.00000000016115
1789,77.25091511113493,28.699874236435566,0.0,41.15911928000003,19.068076452817348,18.01796590907301,0.0,0.7787846326828003,0.2240721371299342,0.2796899260021607,-0.3009983003139496,0.190476194024086,-0.04603019312808388,0.0956410052619089,0.0,0.0,0.0,0.0,0.0,1.046030193128084,0.2240721371299342,0.0,0.0,0.0,706.7703115703008
1790,77.25603087761408,28.699874236435566,0.0,42.59810570000002,21.001479994922608,19.813194406133373,-0.01836484856903553,0.6823127269744873,0.05210438510827851,0.08720044489605097,-0.21636085212230682,0.2697570025920868,0.03427488360488624,0.05857900943836996,5.0,0.011152423724213968,556.2281695930674,6545.55421314577,0.026247787539498756,0.9657251163951137,0.05210438510827851,0.029944864751449342,0.29424482706347604,0.13566484967626002,1117.1826588648057
1791,77.26114664409323,28.699874236435566,0.0,39.71329681999998,20.43506222860682,19.26863856143146,0.0,0.5043327808380127,0.04287935491193805,0.05321826539720769,-0.10234393179416656,0.22071245312690735,0.04079614204272889,0.04663992245425679,0.0,0.0,0.0,8225.721606818212,0.03298528834444786,0.9592038579572711,0.04287935491193805,0.0,0.369774040952798,0.14790961638111919,1579.7843080159178
1792,77.26626241057238,28.699874236435566,0.0,39.76627613000002,20.244303908080504,19.091291483319765,0.0,0.6539204120635986,0.08704086036012884,0.13173331423410214,-0.16744914650917053,0.15689873695373535,0.02106946443256579,0.04867473695118826,0.0,0.0,0.0,8813.609055091958,0.03534272735372793,0.9789305355674343,0.08704086036012884,0.0,0.39620157251348487,0.15848062900539395,2059.7058947996593
1793,77.27137817705153,28.699874236435566,0.0,43.261201580000034,21.646803229133138,20.434244523075403,0.0,0.6236477494239807,0.125484619140625,0.15963280691917342,-0.2062332034111023,0.1570269614458084,-0.0007248647589432566,0.046335504930166325,4.0,0.0012784353777749394,79.70260408269405,4910.966860235508,0.019693063499818,1.0007248647589433,0.125484619140625,0.003432668577487787,0.22076459035391358,0.09036543728805811,2547.1762469302425
1794,77.27649394353068,28.699874236435566,0.0,42.873256310000016,22.212660731764718,20.946268761633707,0.0,0.6905537247657776,0.13701991489955356,0.18172430975530846,-0.2035091519355774,0.18222856521606445,-0.005405307497297014,0.04900359126316576,512.0,0.16118525053895877,78.50712254784094,7647.865360980906,0.030668074633399774,1.005405307497297,0.13701991489955356,0.4327911713790076,0.3437974459102476,0.39719368119150356,3038.5644372652105
1795,77.28160971000983,28.699874236435566,0.0,43.28512771999999,22.263766421238397,20.995799368036078,0.0,0.6580293774604797,0.12428858706825657,0.168995020166648,-0.21672473847866058,0.3274013102054596,0.001147418775056538,0.053548361381213425,666.0,0.17121446606008658,64.10913967708736,6856.27866874867,0.02749379807251238,0.9988525812249435,0.12428858706825657,0.45972016096637874,0.3082129435477375,0.3991172739989222,3532.235749852223
1796,77.28672547648898,28.699874236435566,0.0,45.930675199999996,22.88119522597524,21.591254764295442,0.0,0.6388254761695862,0.15334218878495065,0.17806740661136103,-0.22508493065834045,0.3214709460735321,-0.000630414695070501,0.061050865009381915,0.0,0.0,0.0,1759.4349238845675,0.007055364995518346,1.0006304146950704,0.15334218878495065,0.0,0.07909255779565956,0.03163702311826382,4027.350679080402
1797,77.29184124296813,28.699874236435566,0.0,45.77344628,22.560515108080505,21.28357534311149,0.0,0.7536108493804932,0.1906847930372807,0.21787621000134638,-0.25017768144607544,0.34285715222358704,-0.013041850307531523,0.05730244590431118,0.0,0.0,0.0,601.8690692115665,0.002413505555195568,1.0130418503075316,0.1906847930372807,0.0,0.027056052767745788,0.010822421107098315,4523.435214378415
1798,77.29695700944728,28.699874236435566,0.0,45.373537940000006,22.977471219659453,21.679395014325323,0.0,0.6570502519607544,0.0758389175147341,0.12773030763328513,-0.17289875447750092,0.1925666630268097,0.02027197051466557,0.046460607591605,0.0,0.0,0.0,6825.490185358296,0.027370335712507646,0.9797280294853344,0.0758389175147341,0.0,0.306828896960429,0.1227315587841716,5020.201921407352
