cell_id,lon,lat,lst_min,lst_max,lst_mean,lst_count,lst_std,ndvi_min,ndvi_max,ndvi_mean,ndvi_count,ndvi_std,ndbi_min,ndbi_max,ndbi_mean,ndbi_count,ndbi_std,building_count,building_density,avg_building_area,road_length_m,road_density,albedo_proxy,green_fraction,norm_building_density,norm_road_density,impervious_fraction,dist_to_green_m
0,76.20228042268211,9.902245777937479,28.727780540000026,29.216557400000056,29.018827456250023,272,0.1050497125258072,-0.22314049303531647,-0.15080526471138,-0.19129137431873994,272,0.012875249818802474,-0.3295454680919647,-0.2456575632095337,-0.2832513697007123,272,0.016455846671777602,0.0,0.0,0.0,0.0,0.0,1.2832513697007122,0.0,0.0,0.0,0.0,5853.897445618318
1,76.2068412680463,9.902245777937479,28.905517580000037,29.22681146000002,29.040523456470606,289,0.06297263688283151,-0.21652638912200928,-0.15725190937519073,-0.18709822922016922,289,0.011452715534674609,-0.3265765905380249,-0.23551172018051147,-0.27245106416590076,289,0.012687822407725261,0.0,0.0,0.0,0.0,0.0,1.2724510641659008,0.0,0.0,0.0,0.0,5386.5546804491105
2,76.2114021134105,9.902245777937479,29.083254620000048,29.319098000000054,29.19121201294119,289,0.04913034830043522,-0.20707443356513977,-0.15853658318519592,-0.1809250194721156,289,0.009593287909372611,-0.3341463506221771,-0.2503082752227783,-0.2980580313395464,289,0.016578633713342804,0.0,0.0,0.0,0.0,0.0,1.2980580313395464,0.0,0.0,0.0,0.0,4925.660034313082
3,76.2159629587747,9.902245777937479,29.008058180000035,29.373786320000022,29.141242689411783,289,0.07385874282132196,-0.22286541759967804,-0.15893536806106567,-0.18597123037160063,289,0.012250604466852211,-0.3526569902896881,-0.29017341136932373,-0.32489803010617163,289,0.011313451388704597,0.0,0.0,0.0,0.0,0.0,1.3248980301061717,0.0,0.0,0.0,0.0,4473.207087571449
4,76.22052380413889,9.902245777937479,29.073000560000025,29.373786320000022,29.205806603529425,289,0.054028640356539696,-0.23088128864765167,-0.1721556931734085,-0.19534347956568313,289,0.009410018172353677,-0.3554735481739044,-0.2809523940086365,-0.32719305229846996,289,0.0119036420951375,0.0,0.0,0.0,0.0,0.0,1.3271930522984698,0.0,0.0,0.0,0.0,4032.038684025629
5,76.22508464950309,9.902245777937479,29.01489422000003,29.353278199999977,29.207438737647074,289,0.06962081331056925,-0.2301255166530609,-0.16336996853351593,-0.198712596431323,289,0.011222848425140347,-0.37041419744491577,-0.2929781973361969,-0.3357647430525519,289,0.012170455186023593,0.0,0.0,0.0,0.0,0.0,1.3357647430525519,0.0,0.0,0.0,0.0,3606.29861175807
6,76.22964549486728,9.902245777937479,29.19604928000001,29.70533426000003,29.394862138823544,289,0.12196207914201546,-0.22733423113822937,-0.17036011815071106,-0.20232256721047795,289,0.010306437577964931,-0.37122970819473267,-0.30071598291397095,-0.3438021649951341,289,0.013372371258692973,0.0,0.0,0.0,0.0,0.0,1.3438021649951342,0.0,0.0,0.0,0.0,3202.1465974197085
7,76.23420634023148,9.902245777937479,29.31226196,29.582285540000044,29.432909787058843,289,0.05896250618282532,-0.24174372851848602,-0.17412251234054565,-0.21222528371843913,289,0.009649502315127447,-0.3833902180194855,-0.29748284816741943,-0.35003255560323854,289,0.0158333496209783,0.0,0.0,0.0,0.0,0.0,1.3500325556032386,0.0,0.0,0.0,0.0,2828.8505460830593
8,76.23876718559568,9.902245777937479,29.302007900000035,29.647227919999978,29.426937122352967,289,0.055824308996866426,-0.24954240024089813,-0.19091467559337616,-0.2202512483695799,289,0.011373559036192585,-0.38445377349853516,-0.3072746992111206,-0.35142311175389274,289,0.013512604873664482,0.0,0.0,0.0,0.0,0.0,1.3514231117538928,0.0,0.0,0.0,0.0,2500.2694693355766
9,76.24332803095987,9.902245777937479,29.233647500000018,29.613047720000054,29.446428115294136,289,0.06677449320872993,-0.2545454502105713,-0.20440636575222015,-0.2275379273305715,289,0.008940126000293994,-0.3973168134689331,-0.3340336084365845,-0.36457700630372786,289,0.011504089508814201,0.0,0.0,0.0,0.0,0.0,1.364577006303728,0.0,0.0,0.0,0.0,2236.2018810961963
10,76.24788887632407,9.902245777937479,29.44556474000001,29.667736040000023,29.568341437647078,289,0.04462679204514715,-0.31253546476364136,-0.21892815828323364,-0.2689327517182769,289,0.02298266557027752,-0.3971014618873596,-0.3174603283405304,-0.36121289210336016,289,0.014340050685006883,0.0,0.0,0.0,0.0,0.0,1.3612128921033602,0.0,0.0,0.0,0.0,2061.589123286719
11,76.25244972168827,9.902245777937479,29.418220580000025,30.94949354000005,29.7212061729412,289,0.2587505727635056,-0.3132530152797699,-0.0547078512609005,-0.25929075458883,289,0.030417203845310988,-0.4184260964393616,-0.14362899959087372,-0.3810701997222372,289,0.02439953327271088,0.0,0.0,0.0,0.0,0.0,1.3810701997222372,0.0,0.0,0.0,0.0,1802.9417220249861
12,76.25701056705246,9.902245777937479,29.712170300000025,36.349965139999995,32.76835326235296,289,2.082834802237703,-0.2402234673500061,0.7755040526390076,0.21031004169820502,289,0.30678216803729624,-0.6445578336715698,0.1717955619096756,-0.20156135691078478,289,0.16955120933632392,65.0,0.037123568552400926,141.87195583956603,3456.1082420117646,0.01391320357935795,1.2015613569107848,0.21031004169820502,0.1541902947027144,0.31371111219312187,0.21799862169887738,1581.1861728633849
13,76.26157141241666,9.902245777937479,29.336188100000015,32.04667796000001,29.93679201875002,272,0.5192826584007947,-0.24849699437618256,0.6026960015296936,-0.1567698646994198,272,0.13947819206079323,-0.48929160833358765,0.11115926504135132,-0.398469420040355,272,0.08803963941526587,0.0,0.0,0.0,0.0,0.0,1.398469420040355,0.0,0.0,0.0,0.0,1499.9999999998902
14,76.26613225778085,9.902245777937479,29.54126930000001,35.068207640000026,31.106474091764728,289,1.3685801590809665,-0.20330236852169037,0.7727031111717224,0.1882529605218696,289,0.3059871787245753,-0.6298736929893494,0.12811172008514404,-0.31048090317670035,289,0.14822145344309728,1.0,0.0012593781540345,312.83573140737826,1357.077055913573,0.005463164932823595,1.3104809031767004,0.1882529605218696,0.0052307441413840415,0.12318194996537532,0.05241122647098055,1581.1861728633849
15,76.27069310314505,9.902245777937479,29.442146719999982,37.57703432000005,31.087621760000015,289,1.9848966009469808,-0.24483776092529297,0.7316573858261108,0.05186371324796578,289,0.2751723575692102,-0.5126948952674866,0.05540488287806511,-0.29138508305005134,289,0.13189543625917965,35.0,0.013338572547944023,94.66763045144069,1124.899399656722,0.004528490793046243,1.2913850830500513,0.05186371324796578,0.055400881765392984,0.1021071728836449,0.07408339821269375,1802.9417220249861
16,76.27525394850925,9.902245777937479,30.040300220000006,39.35440472000005,36.09956265058825,289,2.1147405307877647,-0.15231788158416748,0.7365047931671143,0.3976755109212803,289,0.2072191693594907,-0.5262593626976013,0.17265000939369202,-0.1038892013391409,289,0.12989493651198375,281.0,0.12533191015716996,110.79381955743696,5348.302491721013,0.02153058184543068,1.1038892013391408,0.3976755109212803,0.5205578266407888,0.4854656757064997,0.5065209662670731,2121.6379095622947
17,76.27981479387344,9.902245777937479,29.60621168,38.53749793999998,34.69475643058826,289,2.9830675568528107,-0.19506406784057617,0.7276288270950317,0.21809821475335883,289,0.26347104349447426,-0.4818577766418457,0.28035280108451843,-0.1393964166872229,289,0.1960490238110503,550.0,0.13555396266758166,61.222311720677496,7051.096832467901,0.028385495713174468,1.139396416687223,0.21809821475335883,0.5630144478791871,0.6400284003279125,0.5938200288586772,1802.9417220249861
18,76.28437563923764,9.902245777937479,29.29858988000001,38.37001496000005,32.70460541529414,289,2.501687999313726,-0.21835443377494812,0.7817749381065369,0.18995596545790305,289,0.29227006115156773,-0.5810579061508179,0.203365758061409,-0.22240118006933932,289,0.19364727490128858,316.0,0.07704443257395356,60.563975380959185,3377.249329774288,0.013595742428497676,1.2224011800693393,0.18995596545790305,0.3199989717317468,0.3065530849173447,0.3146206170059859,1581.1861728633849
19,76.28893648460183,9.902245777937479,29.090090659999987,34.48714424000002,30.292559557647078,289,1.1421877199510102,-0.27846071124076843,0.674231231212616,-0.03369906204382028,289,0.26318695587160024,-0.5919216871261597,0.11291256546974182,-0.2984952563645518,289,0.1390728919405268,19.0,0.004218394445499845,55.151049516199905,1027.923444467152,0.00413809613165977,1.2984952563645518,0.0,0.01752082324213544,0.09330466074334175,0.04783435824261796,1499.9999999998902
20,76.29349732996603,9.902245777937479,29.75318654,36.25767860000002,33.86844713882355,289,1.8281948646691868,-0.1735313981771469,0.720135509967804,0.35270416365362783,289,0.21664210064217992,-0.4825472831726074,0.18148750066757202,-0.10168603547304148,289,0.1190341554350102,394.0,0.11586729849651711,73.05077964386155,6692.399972670692,0.026941495096246455,1.1016860354730416,0.35270416365362783,0.4812471860394442,0.6074694690249792,0.5317360992336583,1499.9999999998902
21,76.29805817533023,9.902245777937479,29.45923682,34.69564346000004,30.18462581882355,289,1.1692913989833669,-0.41466856002807617,0.6014516949653625,-0.2169441830328179,289,0.1997747124029601,-0.442533940076828,0.06181910261511803,-0.3126638339877541,289,0.08084301965780635,18.0,0.006249167895450687,86.24022556061456,82.30161421281791,0.00033132038503116344,1.312663833987754,0.0,0.025955506892775954,0.007470521500496588,0.01856151273586421,1000.2993816946765
22,76.30261902069442,9.902245777937479,29.643809900000008,33.19513268000003,30.22497974352943,289,0.8831260328390584,-0.441644549369812,0.695286214351654,-0.2888074828679174,289,0.22512812982968208,-0.4662756621837616,-0.023617248982191086,-0.3239561562719642,289,0.057033624495932356,6.0,0.00227173376126592,94.05164108065958,88.88493646102503,0.000357822767553334,1.3239561562719642,0.0,0.009435496418973548,0.008068089979199273,0.008888533843063838,500.14969084733826
23,76.30717986605862,9.902245777937479,32.93878117999998,36.91735646000001,35.16238650941178,289,0.8257786908698014,0.051084160804748535,0.7793039083480835,0.5637177992032061,289,0.15073834091537783,-0.46419546008110046,0.1899765431880951,-0.14686734948603752,289,0.11065424419230582,297.0,0.12574792753080444,105.17307763855966,7038.526987366171,0.02833489347458267,1.1468673494860375,0.5637177992032061,0.5222857273772604,0.6388874348804116,0.5689264103785209,0.0
24,76.31174071142281,9.902245777937479,32.35771778000003,38.26747436000005,35.70149933176472,289,0.9499957618078284,0.13564297556877136,0.7522099018096924,0.48187984479752377,289,0.14494335731809402,-0.4249483048915863,0.13774552941322327,-0.09594312753644368,289,0.10692886208101474,319.0,0.11930444604102518,92.90223054993294,6134.6874191783645,0.024696319959316846,1.0959431275364437,0.48187984479752377,0.49552315178008516,0.5568458735850687,0.5200522405020785,0.0
25,76.31630155678701,9.902245777937479,30.60769154000002,40.03800871999999,34.98248511764707,289,2.6614800694425207,-0.2384180724620819,0.7672364711761475,0.2826391305890463,289,0.29945100649419815,-0.5787732005119324,0.24770420789718628,-0.13885059818677012,289,0.16275149515732276,68.0,0.03366013494222466,122.9609290551109,2008.2401846563093,0.008084542661518736,1.13885059818677,0.2826391305890463,0.13980515152116466,0.18228805863809708,0.15679831436793762,499.9999999999634
26,76.3208624021512,9.902245777937479,34.825528220000024,37.706919080000034,35.907884465000016,272,0.5302425736340595,0.12859885394573212,0.7618184089660645,0.4983147452859318,272,0.1301629046757066,-0.2995433807373047,0.2461453080177307,-0.08708805196425494,272,0.09437152867816251,325.0,0.1712590120836265,130.89717366562053,7328.524859993548,0.02950233359998129,1.087088051964255,0.4983147452859318,0.7113130168614215,0.665210555797081,0.6928720324356852,0.0
27,76.3254232475154,9.902245777937479,32.04667796000001,36.98913488000005,34.46623400000002,289,0.930730780888467,0.15228967368602753,0.7613029479980469,0.520390969246729,289,0.1287837662702367,-0.38339099287986755,0.2462877631187439,-0.15942766922155466,289,0.11139628654730677,187.0,0.08115445945638848,107.80303275509024,3476.601645277541,0.013995703568277468,1.1594276692215546,0.520390969246729,0.33706969744455634,0.31557129939819234,0.32847033822601074,0.0
28,76.3299840928796,9.902245777937479,31.629679520000025,36.018417200000044,33.706333643529426,289,1.121974165003217,-0.034859877079725266,0.7889844179153442,0.4477489431836613,289,0.23788512738757744,-0.4278233051300049,0.1541353315114975,-0.18430870874530303,289,0.11477884973161595,153.0,0.06842249764536139,111.0881382473576,3916.5812510226115,0.01576692292740655,1.184308708745303,0.4477489431836613,0.2841883333856314,0.35550826947996084,0.3127163078233631,0.0
29,76.3345449382438,9.902245777937479,29.920669520000047,36.17564612000001,32.67982772705884,289,1.1293416622047598,-0.22002634406089783,0.7625148296356201,0.48758974702300495,289,0.22183976764350563,-0.5403403639793396,0.04170755669474602,-0.21965731716485998,289,0.10391698970774493,134.0,0.03765811345080025,69.80940830642602,3850.8149551745178,0.015502168527740471,1.21965731716486,0.48758974702300495,0.15641049169966215,0.3495386596267353,0.2336617588704914,0.0
30,76.33910578360799,9.902245777937479,29.72242435999999,32.68242968000004,30.205275863529437,289,0.5578267022908346,-0.29694321751594543,0.6409516930580139,0.030937442317553458,289,0.24596004604261784,-0.5627644658088684,-0.05175374075770378,-0.34598644216992863,289,0.09559199709682857,3.0,0.0005541325540258094,45.88308451541652,20.275749654886166,8.162378401329239e-05,1.3459864421699286,0.030937442317553458,0.002301553033324473,0.0018404307762887463,0.0021171041305101824,500.14969084733826
31,76.34366662897219,9.902245777937479,29.479744940000046,29.93434160000004,29.656665912941197,289,0.09528473446060674,-0.2506963908672333,0.4228456914424896,-0.17111485887151276,289,0.059688715713313995,-0.4881889820098877,-0.13291925191879272,-0.38934851517726804,289,0.02973100560966111,2.0,0.0003980649819253158,49.44065028019359,0.0,0.0,1.389348515177268,0.0,0.0016533366609747862,0.0,0.0009920019965848717,1000.2993816946765
32,76.34822747433638,9.902245777937479,29.534433260000014,30.323995879999984,29.789436475294135,289,0.16281304871696492,-0.1943662017583847,-0.12336719781160355,-0.16196143338424523,289,0.015032753995943282,-0.44208037853240967,-0.37831324338912964,-0.40312442977535684,289,0.010004242747965405,0.0,0.0,0.0,0.0,0.0,1.403124429775357,0.0,0.0,0.0,0.0,1414.4252730415296
33,76.35278831970058,9.902245777937479,29.736096439999983,30.63845372000003,30.306255291764725,289,0.1781519280860118,-0.25,-0.12316715717315674,-0.17753297482394842,289,0.030455825156256493,-0.4464285671710968,-0.318918913602829,-0.39449178306289195,289,0.024820492935103942,0.0,0.0,0.0,0.0,0.0,1.394491783062892,0.0,0.0,0.0,0.0,1000.2993816946765
34,76.35734916506478,9.902245777937479,29.534433260000014,34.40511176000001,30.83879226941178,289,1.243005323859881,-0.26543208956718445,0.7061855792999268,-0.09152008505428538,289,0.26489655529767553,-0.4351464509963989,0.05319968983530998,-0.31432044217330773,289,0.08644130170255826,48.0,0.014920583035892715,77.21554701594798,499.7669792277386,0.002011904499897493,1.3143204421733077,0.0,0.06197165803694886,0.045363872862867645,0.055328543967316374,500.14969084733826
35,76.36191001042897,9.902245777937479,31.151156720000017,37.01306102000001,35.1932551329412,289,1.1020693798746366,-0.09935484081506729,0.7764289379119873,0.5163334513205557,289,0.15438180215649633,-0.3761613965034485,0.17536814510822296,-0.09790221217594344,289,0.10285661277541068,326.0,0.14000541982061424,106.68108991022714,5104.541585906115,0.020549277190077285,1.0979022121759434,0.5163334513205557,0.5815032817129757,0.4633394865024596,0.5342377636287693,0.0
36,76.36647085579317,9.902245777937479,33.73176182000003,39.23819204000006,35.99475125529413,289,1.1389171493732406,0.03066270984709263,0.7567917108535767,0.49155148832855755,289,0.15900486042494608,-0.31692081689834595,0.1607498973608017,-0.08371758378500757,289,0.10819008809127528,310.0,0.1688371017311749,135.2902160984134,4657.4158574132725,0.018749289790820228,1.0837175837850075,0.49155148832855755,0.7012537718709795,0.4227538625134376,0.5898538081279627,0.0
37,76.37103170115736,9.902245777937479,31.85185081999998,38.84170172000006,34.23589020235297,289,1.379597129724651,0.14142678678035736,0.7725735306739807,0.5838135715999405,289,0.14298043182000875,-0.38703787326812744,0.11947863548994064,-0.16414674013131217,289,0.1176246596541243,204.0,0.09580079351083351,116.65386561410678,4455.232901079055,0.017935364868689612,1.1641467401313121,0.5838135715999405,0.39790228041624986,0.40440170579360624,0.4005020505671924,0.0
38,76.37559254652156,9.902245777937479,31.499794759999986,34.93832287999999,32.2305887247059,289,0.5238958944519584,0.30753836035728455,0.8114503622055054,0.6747686788697557,289,0.09281490930747477,-0.38104090094566345,0.04354774206876755,-0.2430007564980266,289,0.08719456777839356,0.0,0.0,0.0,1128.4090289394915,0.004542619455483859,1.2430007564980265,0.6747686788697557,0.0,0.10242574210329478,0.040970296841317914,0.0
39,76.38015339188576,9.902245777937479,32.63457740000001,35.987655020000034,34.64389564250002,272,0.8127522632386411,0.12795336544513702,0.8200268149375916,0.5749684502096737,272,0.12451528859220098,-0.31898972392082214,0.19131454825401306,-0.11991631283479579,272,0.09018371238529042,31.0,0.024233914897563772,194.1878621336571,3794.0513338209444,0.015273656060974052,1.1199163128347958,0.5749684502096737,0.10065396796597012,0.34438622297256,0.19814686996860606,0.0
40,76.38471423724995,9.902245777937479,34.45296403999998,38.07948326000002,35.89338153411767,289,0.7973477448439358,0.11004209518432617,0.768435537815094,0.4948562041285954,289,0.17591808850453447,-0.31797048449516296,0.31412675976753235,-0.07635638623089114,289,0.12049179372322188,13.0,0.010405798918849872,198.83474329880866,4988.237740825616,0.020081074529640593,1.0763563862308911,0.4948562041285954,0.043219799832817554,0.4527825808624609,0.20704491224467492,0.0
41,76.38927508261415,9.902245777937479,33.940261039999996,38.83486568000001,36.016761411764726,289,1.2423516139326278,0.0801214650273323,0.8116083741188049,0.5136881897606239,289,0.164846056320454,-0.3634358048439026,0.2700892984867096,-0.06909298484300659,289,0.12342186240841256,14.0,0.024159884386891317,428.6738702111524,3495.6383309716252,0.014072339270920818,1.0690929848430066,0.5136881897606239,0.10034648712017089,0.3172992602788636,0.18712759638364798,0.0
42,76.39383592797834,9.902245777937479,34.14876026000002,37.99745078000001,36.11013604117649,289,0.9926950190349153,0.11154408007860184,0.7747470140457153,0.4964087463167712,289,0.1633142000094964,-0.2919064164161682,0.19983802735805511,-0.06027243459100954,289,0.11615979832028055,7.0,0.008063181964242248,286.1334403325127,5085.318373166154,0.02047189058827783,1.0602724345910095,0.4964087463167712,0.03348989474309891,0.4615945945528174,0.2047317746669863,0.0
43,76.39839677334254,9.902245777937479,0.0,37.49158382000002,30.706361615294135,289,11.259006313984214,0.0,0.8183724880218506,0.5003237080821529,289,0.23124978648200833,-0.3898685574531555,0.1860278844833374,-0.10029336737926443,289,0.11424346406291554,0.0,0.0,0.0,1538.9157386802926,0.006195190215244435,1.1002933673792645,0.5003237080821529,0.0,0.13968745599005775,0.0558749823960231,0.0
44,76.20228042268211,9.906737333812433,28.80981301999998,29.21313938000003,29.01956886500002,272,0.084549838959309,-0.23019985854625702,-0.15968991816043854,-0.1996747185202206,272,0.0125305740667165,-0.3171912729740143,-0.24909746646881104,-0.28432425330666933,272,0.012683958547762752,0.0,0.0,0.0,0.0,0.0,1.2843242533066692,0.0,0.0,0.0,0.0,5702.393067391064
45,76.2068412680463,9.906737333812433,28.891845500000045,29.21313938000003,29.01076657647061,289,0.05718082181067954,-0.22757598757743835,-0.15664438903331757,-0.19615767323847047,289,0.012438080384731631,-0.3063725531101227,-0.2343934029340744,-0.2762646262620972,289,0.012172748020081243,0.0,0.0,0.0,0.0,0.0,1.2762646262620971,0.0,0.0,0.0,0.0,5221.52147604679
46,76.2114021134105,9.906737333812433,28.98755005999999,29.401130480000006,29.16551181411767,289,0.07409156506023021,-0.2210223227739334,-0.15269461274147034,-0.18822842238271112,289,0.011848159981758987,-0.3576470613479614,-0.25508981943130493,-0.2998401153458856,289,0.01889076576930057,0.0,0.0,0.0,0.0,0.0,1.2998401153458856,0.0,0.0,0.0,0.0,4744.636138325298
47,76.2159629587747,9.906737333812433,29.09692670000004,29.370368299999996,29.231270261176487,289,0.060650576047239134,-0.2316630333662033,-0.167795330286026,-0.1941792577195745,289,0.010243460509851941,-0.35637664794921875,-0.2654028534889221,-0.32101018041062934,289,0.01364610516853436,0.0,0.0,0.0,0.0,0.0,1.3210101804106293,0.0,0.0,0.0,0.0,4273.071889856676
48,76.22052380413889,9.906737333812433,29.168705120000027,29.39771245999998,29.27853118823531,289,0.051108409301143576,-0.22783882915973663,-0.15917745232582092,-0.19497274115011354,289,0.010560633592450144,-0.35722818970680237,-0.29411765933036804,-0.3281493929430688,289,0.011426538993477047,0.0,0.0,0.0,0.0,0.0,1.3281493929430688,0.0,0.0,0.0,0.0,3808.8056391945993
49,76.22508464950309,9.906737333812433,29.09692670000004,29.39429444000001,29.265556904705907,289,0.054638935590042056,-0.2276536375284195,-0.17211948335170746,-0.20200408618755405,289,0.010794726969746404,-0.3569793999195099,-0.28205129504203796,-0.32440671293793255,289,0.013541749792485666,0.0,0.0,0.0,0.0,0.0,1.3244067129379324,0.0,0.0,0.0,0.0,3354.8685740180963
50,76.22964549486728,9.906737333812433,29.1652871,29.60279366000003,29.33835245176472,289,0.11003459633152429,-0.2329656034708023,-0.16923077404499054,-0.20216902894544767,289,0.01358032233224854,-0.3808463215827942,-0.30455076694488525,-0.33220025824840504,289,0.012857583126708328,0.0,0.0,0.0,0.0,0.0,1.3322002582484052,0.0,0.0,0.0,0.0,2916.0884127893332
51,76.23420634023148,9.906737333812433,29.086672640000018,29.60279366000003,29.29553849882355,289,0.10668723214333843,-0.24523340165615082,-0.18588873744010925,-0.21830126488497514,289,0.010653316582931768,-0.3886554539203644,-0.2885032594203949,-0.33560280981360835,289,0.01633089395573036,0.0,0.0,0.0,0.0,0.0,1.3356028098136083,0.0,0.0,0.0,0.0,2500.457127001097
52,76.23876718559568,9.906737333812433,29.15845106000006,29.59253960000001,29.334260289411784,289,0.07931837787485617,-0.2631579041481018,-0.18573185801506042,-0.23079338205726915,289,0.011942084930269782,-0.38110071420669556,-0.2770833373069763,-0.3304366801436797,289,0.01809688074091617,0.0,0.0,0.0,0.0,0.0,1.3304366801436798,0.0,0.0,0.0,0.0,2121.6233848714305
53,76.24332803095987,9.906737333812433,29.24731958000001,29.725842380000017,29.483304884705902,289,0.10644479884184326,-0.28579387068748474,-0.19954518973827362,-0.24336886818433714,289,0.015821391654963626,-0.3796791434288025,-0.30561330914497375,-0.3450101964613971,289,0.014684836303013015,0.0,0.0,0.0,0.0,0.0,1.3450101964613972,0.0,0.0,0.0,0.0,1802.9341255277182
54,76.24788887632407,9.906737333812433,29.418220580000025,29.86598120000002,29.640368225882373,289,0.09878861386441863,-0.32591769099235535,-0.24722075462341309,-0.2768294918495891,289,0.011221639744051208,-0.4181438982486725,-0.3179190754890442,-0.36204341373641596,289,0.018256923525637764,0.0,0.0,0.0,0.0,0.0,1.362043413736416,0.0,0.0,0.0,0.0,1581.1840073969418
55,76.25244972168827,9.906737333812433,29.42163860000005,34.593102860000045,30.283665609411777,289,1.3046716063760382,-0.29580456018447876,0.6457353830337524,-0.13969373867998486,289,0.24808149090766635,-0.405351847410202,0.08756780624389648,-0.31018201042624083,289,0.1112963909398154,35.0,0.01076049268038139,76.37026682430073,273.41795935504655,0.0011006946149768276,1.310182010426241,0.0,0.04469299698902742,0.024818161387479328,0.03674306274840818,1414.415589914287
56,76.25701056705246,9.906737333812433,29.872817240000018,35.498878160000004,32.53648377411767,289,1.6957120144942819,-0.2154989391565323,0.8121877908706665,0.3544652338258948,289,0.2937631821261212,-0.5915323495864868,0.07602487504482269,-0.24350799243755405,289,0.15882302721513059,63.0,0.028435279957438157,112.11846799607657,3246.067412369819,0.013067645333449377,1.243507992437554,0.3544652338258948,0.11810406077753047,0.29464569593330425,0.18872071483984,1118.0978782056764
57,76.26157141241666,9.906737333812433,29.88648932000001,31.229771180000057,30.207029225000014,272,0.2793396368714149,-0.2863340675830841,0.6701767444610596,-0.1427288055419922,272,0.19765201072048522,-0.5766857266426086,0.01427520252764225,-0.33125964333029356,272,0.07682474194014316,0.0,0.0,0.0,772.7275933564763,0.003110757986994605,1.3312596433302937,0.0,0.0,0.0701405210020472,0.028056208400818877,999.9999999999268
58,76.26613225778085,9.906737333812433,29.725842380000017,31.882612999999992,30.37041708588237,289,0.3099063431212838,-0.2316831648349762,0.7765222787857056,0.10468717264881595,289,0.2627833283361703,-0.6090552806854248,0.00324324332177639,-0.2977936424598562,289,0.12563154406478672,0.0,0.0,0.0,806.6664429218642,0.0032473851092335733,1.2977936424598562,0.10468717264881595,0.0,0.07322115201767633,0.029288460807070534,1118.0978782056764
59,76.27069310314505,9.906737333812433,30.040300220000006,38.02821296000002,34.18476182705884,289,2.8122660733380145,-0.20512820780277252,0.7274482846260071,0.2523482695582829,289,0.2801075605173467,-0.46963709592819214,0.14413407444953918,-0.15857861528759595,289,0.1542104706307049,0.0,0.0,0.0,7032.44496793964,0.028310409179378514,1.1585786152875959,0.2523482695582829,0.0,0.638335369683065,0.255334147873226,1414.415589914287
60,76.27525394850925,9.906737333812433,35.65268906000006,39.69962473999999,38.1374831564706,289,0.8744374407226967,0.0827486589550972,0.7350780963897705,0.37721328999344456,289,0.13012571729140746,-0.3638734519481659,0.1978885382413864,-0.0009496141882503734,289,0.10199206349045296,82.0,0.028773894004832483,87.1655717023405,11421.607734291218,0.045979796488741474,1.0009496141882503,0.37721328999344456,0.11951047190108699,1.0,0.4717062831406522,1802.9341255277182
61,76.27981479387344,9.906737333812433,35.625344900000016,39.45352730000002,37.40826219058825,289,0.6362779935324161,0.09898288547992706,0.7269098162651062,0.3710198319907007,289,0.13029660546524535,-0.35669758915901184,0.21721123158931732,-0.019212618831119736,289,0.09903855627780489,675.0,0.24093586017912683,88.66615321213125,10294.950650557696,0.041444229813032925,1.0192126188311197,0.3710198319907007,1.0,0.9344731682014155,0.9737892672805661,1414.415589914287
62,76.28437563923764,9.906737333812433,30.019792100000018,38.40077714000006,35.52408162235296,289,2.3405324359307973,-0.23543401062488556,0.7017255425453186,0.255321991072394,289,0.21398368352975136,-0.44984567165374756,0.2716637849807739,-0.06642482189983645,289,0.14556746643824967,225.0,0.07189022631924406,79.36838231392225,8752.591573404303,0.03523517780127803,1.0664248218998365,0.255321991072394,0.2985913158311442,0.7944731602117059,0.4969440535833689,1118.0978782056764
63,76.28893648460183,9.906737333812433,29.93434160000004,36.172228099999984,31.11373590588237,289,0.9991220308552823,-0.27659574151039124,0.7306857109069824,0.09641049394970534,289,0.2739843027348337,-0.5230875015258789,0.15039578080177307,-0.18914769842550416,289,0.13225064794974453,3.0,0.0023918481901092524,198.0489539145851,1388.1256895338006,0.005588156955691394,1.1891476984255043,0.09641049394970534,0.0099343837809269,0.12600023593995133,0.05636072464453667,999.9999999999268
64,76.29349732996603,9.906737333812433,29.85230912000003,37.51892798000006,34.08517799176473,289,2.150528654748112,-0.20678408443927765,0.6964463591575623,0.2852905167840344,289,0.21941104396130565,-0.42681562900543213,0.20783956348896027,-0.10527727595662575,289,0.15329939371585766,225.0,0.0861410365745726,95.10158854428445,7630.482262456091,0.030717919026874634,1.1052772759566258,0.2852905167840344,0.35778111677713814,0.6926192438150034,0.49171636759228426,999.9999999999268
65,76.29805817533023,9.906737333812433,29.435310680000043,34.71273356000006,30.11339144352943,289,1.0984837680028623,-0.40976330637931824,0.6686586737632751,-0.2390885666579936,289,0.19247160249833145,-0.4580031633377075,0.055354371666908264,-0.3033069755791793,289,0.07394524536360603,27.0,0.010807026693538235,99.42661543454494,73.39503046609437,0.0002954652832266455,1.3033069755791793,0.0,0.04488627294503435,0.006662070463268827,0.02959659195232814,1000.285689687065
66,76.30261902069442,9.906737333812433,29.619883759999993,32.299611440000035,30.076857658823553,289,0.6194496824578354,-0.44780218601226807,0.6698519587516785,-0.2961070974805363,289,0.23990782395211827,-0.3951388895511627,-0.007102272938936949,-0.28799918943622943,289,0.04623883729468248,7.0,0.002381922370916504,84.52589134386035,52.02582530042845,0.0002094395916163868,1.2879991894362295,0.0,0.009893157545244965,0.004722386677409773,0.007824849198110887,500.1428448435325
67,76.30717986605862,9.906737333812433,31.903121120000037,36.753291500000046,34.16936299647061,289,0.90155307987451,0.1644144207239151,0.791671633720398,0.5815140879277952,289,0.13699063110492937,-0.4964355230331421,0.10501836240291595,-0.1895094610828017,289,0.10744792430057978,220.0,0.10481412071863441,118.34701555537046,4509.515809342474,0.018153890765641535,1.1895094610828016,0.5815140879277952,0.4353385407924882,0.40932896800067237,0.4249347116757618,0.0
68,76.31174071142281,9.906737333812433,30.098406560000058,36.68493110000003,33.25215093058825,289,2.113625926377573,-0.2583479881286621,0.807357668876648,0.33043757771950694,289,0.34233918954755355,-0.5862250924110413,0.16594630479812622,-0.22419287341688743,289,0.18296412984983518,57.0,0.024855245548420783,108.31868978339335,3638.471639356787,0.01464734119745747,1.2241928734168874,0.33043757771950694,0.10323462386461421,0.3302642465854411,0.19404647295294497,499.9999999999634
69,76.31630155678701,9.906737333812433,30.46071668000002,41.029234520000045,35.73867177764708,289,2.6108394363588925,-0.24473842978477478,0.7869809865951538,0.4178214419671821,289,0.28667996812283925,-0.5731475353240967,0.26908186078071594,-0.15840220203861646,289,0.19469567105218133,95.0,0.060513368105916024,158.2296678946985,3323.620286946005,0.013379848787909127,1.1584022020386164,0.4178214419671821,0.2513382852334002,0.3016851741074332,0.2714770407830134,0.0
70,76.3208624021512,9.906737333812433,33.33185348000001,37.891492159999984,35.98011527000001,272,1.1347624367456495,0.09193692356348038,0.7876230478286743,0.4876251220703125,272,0.14062767219895408,-0.35333847999572754,0.20308880507946014,-0.09814100405749153,272,0.1107935158160631,320.0,0.14762072964105322,114.59286171365049,6471.563817264804,0.026052478267868315,1.0981410040574915,0.4876251220703125,0.613132969031654,0.5874241605237305,0.6028494456284846,0.0
71,76.3254232475154,9.906737333812433,31.927047259999995,36.22008038000001,34.325988736470606,289,1.0322740861731303,-0.02459016442298889,0.7414448857307434,0.5000530625709613,289,0.19500951977774023,-0.4069501459598541,0.12804743647575378,-0.1583642662602725,289,0.10170645168460718,153.0,0.050628269134754975,82.19811252750102,3487.548959064155,0.014039774006670802,1.1583642662602724,0.5000530625709613,0.21028117830744855,0.31656498759978835,0.2527947020243845,0.0
72,76.3299840928796,9.906737333812433,31.923629240000025,37.054077259999985,34.248237651764725,289,0.8916737147498979,0.04054053872823715,0.7793993949890137,0.5570978606860942,289,0.16625366881517445,-0.3492656350135803,0.1445290744304657,-0.17826585868650655,289,0.09003893155861677,191.0,0.07186159181207147,93.45954485930903,4790.780375454344,0.019286173348809804,1.1782658586865065,0.5570978606860942,0.29847238429326206,0.4348593662627677,0.35302717708106435,0.0
73,76.3345449382438,9.906737333812433,29.797620800000004,37.00964299999998,32.356322187058844,289,2.145187957125605,-0.2537313401699066,0.7893611192703247,0.250344616319069,289,0.35173308689426214,-0.4098360538482666,0.0851680189371109,-0.23883661184343913,289,0.12108624358136394,143.0,0.053068275123124564,92.18476022758502,2729.697855057808,0.01098890408173354,1.238836611843439,0.250344616319069,0.2204155823287657,0.24777480625517084,0.23135927189932776,499.9999999999634
74,76.33910578360799,9.906737333812433,29.712170300000025,30.026628140000014,29.841298128235316,289,0.06629123126283722,-0.3187134563922882,0.655068576335907,-0.24639467549571528,289,0.09782901145857709,-0.44374725222587585,-0.12673267722129822,-0.33308666717634894,289,0.040804066695317776,0.0,0.0,0.0,0.0,0.0,1.333086667176349,0.0,0.0,0.0,0.0,707.2077949571435
75,76.34366662897219,9.906737333812433,29.479744940000046,29.924087540000016,29.75601320705884,289,0.07796601527858144,-0.272483229637146,-0.12987013161182404,-0.19601988214934987,289,0.03230564772789781,-0.4458874464035034,-0.3465346395969391,-0.40761199211991783,289,0.019574699542879444,0.0,0.0,0.0,0.0,0.0,1.407611992119918,0.0,0.0,0.0,0.0,1118.289524672699
76,76.34822747433638,9.906737333812433,29.71558832000005,30.542749160000028,29.961271812941195,289,0.16328235495568716,-0.2300751805305481,-0.10999999940395355,-0.17142354575820448,289,0.023810767572610376,-0.45603272318840027,-0.35449734330177307,-0.40307300396031576,289,0.01701084121457874,0.0,0.0,0.0,0.0,0.0,1.4030730039603156,0.0,0.0,0.0,0.0,1118.0978782056764
77,76.35278831970058,9.906737333812433,30.320577860000014,31.32547574,30.769899651764725,289,0.20334450478164506,-0.2411167472600937,-0.07908163219690323,-0.16813169961157143,289,0.044662725803085966,-0.4605809152126312,-0.3523809611797333,-0.4123976552362673,289,0.014323872333838451,0.0,0.0,0.0,0.0,0.0,1.4123976552362674,0.0,0.0,0.0,0.0,707.2077949571435
78,76.35734916506478,9.906737333812433,30.484642819999976,36.95837270000004,33.75022385882355,289,2.0855573738229447,-0.18804483115673065,0.7420873641967773,0.3042754334974454,289,0.29667437422988185,-0.4359999895095825,0.14699111878871918,-0.19095297420726104,289,0.1575574805161412,326.0,0.12149962595294798,92.58007680669047,3985.4102288188114,0.016044006720268376,1.190952974207261,0.3042754334974454,0.5046406868324358,0.36175587912166374,0.4474867637481269,499.9999999999634
79,76.36191001042897,9.906737333812433,33.25665704000005,37.573616300000026,35.17036977411767,289,0.872996881243148,0.09953320026397705,0.77254718542099,0.5388055821191068,289,0.13470963017136856,-0.359185129404068,0.12928082048892975,-0.10875238596774303,289,0.10170886367604215,363.0,0.15432755623043143,105.60805641974495,4674.581778705585,0.01881839438501782,1.108752385967743,0.5388055821191068,0.6409893311396374,0.4243120140189287,0.5543184042913539,0.0
80,76.36647085579317,9.906737333812433,33.51642656000001,38.31874465999999,35.739972754117666,289,1.0275884873674699,0.12265083938837051,0.785950243473053,0.4821510182944961,289,0.14758457839184222,-0.3313421607017517,0.20738327503204346,-0.07659633596875676,289,0.10433456245416206,410.0,0.19103261979013839,115.74010465880424,5613.353478010664,0.022597593661302207,1.0765963359687567,0.4821510182944961,0.7934413929441068,0.5095243665443797,0.6798745823842159,0.0
81,76.37103170115736,9.906737333812433,31.609171400000037,35.31088706000003,33.089138578823544,289,0.9885594733054339,0.19890086352825165,0.7976415157318115,0.63732609204355,289,0.1385098086657749,-0.3697524070739746,0.10624144226312637,-0.21614914204422578,289,0.10631889065261375,151.0,0.06706720360798425,110.32995657597637,2113.641017232142,0.008508853226574353,1.2161491420442259,0.63732609204355,0.27855920894580166,0.19185529730600367,0.24387764428988246,0.0
82,76.37559254652156,9.906737333812433,31.629679520000025,34.86996248000003,32.82075896000002,289,0.7594357452696652,0.34421980381011963,0.7689749002456665,0.6747993020450368,289,0.07507601054821846,-0.36611294746398926,0.07731092721223831,-0.20644101469574502,289,0.08806036707150547,0.0,0.0,0.0,1288.2454086936993,0.005186070393702562,1.206441014695745,0.6747993020450368,0.0,0.1169340980199565,0.0467736392079826,0.0
83,76.38015339188576,9.906737333812433,33.23956694000003,36.77379961999998,34.99150325000002,272,0.7773048379274071,0.20998141169548035,0.7751824855804443,0.5759225733139935,272,0.12062346021972489,-0.37538596987724304,0.13053348660469055,-0.13510440377628102,272,0.09884739852432457,28.0,0.014673125132139057,130.17416055805714,4961.578140067738,0.019973751371129545,1.135104403776281,0.5759225733139935,0.06094385794675993,0.45036268761296294,0.21671138981324112,0.0
84,76.38471423724995,9.906737333812433,32.942199200000005,37.50867391999998,35.35521487647061,289,1.1173615814631326,0.15250591933727264,0.8007246255874634,0.5633807858793793,289,0.13666825485960352,-0.3572717308998108,0.22424933314323425,-0.10684883223272937,289,0.10704277268696973,0.0,0.0,0.0,3690.185520192114,0.014855524998877344,1.1068488322327295,0.5633807858793793,0.0,0.33495831804867454,0.13398332721946982,0.0
85,76.38927508261415,9.906737333812433,33.23956694000003,37.38904322000002,35.13569283764707,289,0.86621746811574,0.1856086105108261,0.7875593900680542,0.574622975913711,289,0.1442002760089762,-0.32601937651634216,0.19105812907218933,-0.1028314016269565,289,0.10678783769831234,5.0,0.015293771885630015,759.8096407328337,3847.820454268829,0.015490113609953761,1.1028314016269565,0.574622975913711,0.06352167332277837,0.349266848634774,0.17781974344757662,0.0
86,76.39383592797834,9.906737333812433,34.07014579999998,37.823131760000024,35.69086680588237,289,0.653316268461486,0.15097364783287048,0.7789041996002197,0.5314891775586613,289,0.14220556741612878,-0.2841953635215759,0.1720067411661148,-0.08693145963147438,289,0.10228554960674514,4.0,0.0019905111879131515,123.61319381126916,5766.5115459055505,0.023214159818733173,1.0869314596314743,0.5314891775586613,0.008267456999457273,0.5234265317707462,0.21433108690797284,0.0
87,76.39839677334254,9.906737333812433,0.0,38.39735912000003,31.779702684705896,289,11.63037943313685,0.0,0.8302778005599976,0.4816680169023032,289,0.23545180589733064,-0.37925344705581665,0.1712978035211563,-0.0798042851748351,289,0.12968767319566776,5.0,0.009190728493383602,456.60443786220014,1945.1954358001612,0.007830744353125913,1.079804285174835,0.4816680169023032,0.03817308492116395,0.17656548373688805,0.0935300444474536,0.0
88,76.20228042268211,9.911228889687388,28.898681539999984,29.24390156000004,29.067593145546894,256,0.060865218092661974,-0.23861004412174225,-0.17198443412780762,-0.20751813054084778,256,0.01228839964140619,-0.3173076808452606,-0.24213075637817383,-0.28539371490478516,256,0.01377178830366115,0.0,0.0,0.0,0.0,0.0,1.2853937149047852,0.0,0.0,0.0,0.0,5591.641773717452
89,76.2068412680463,9.911228889687388,28.820067080000058,29.144778980000012,29.022358572500014,272,0.061952499523060554,-0.22985073924064636,-0.16318638622760773,-0.1995825206532198,272,0.011504413796467489,-0.32360097765922546,-0.22894424200057983,-0.28339408425723805,272,0.018429221716361372,0.0,0.0,0.0,0.0,0.0,1.283394084257238,0.0,0.0,0.0,0.0,5100.353068768951
90,76.2114021134105,9.911228889687388,28.898681539999984,29.302007900000035,29.12969948000002,272,0.07715410616068272,-0.21910537779331207,-0.16124030947685242,-0.18816234083736644,272,0.010835407783801765,-0.3530135154724121,-0.24009324610233307,-0.3016498229082893,272,0.0164921455369241,0.0,0.0,0.0,0.0,0.0,1.3016498229082893,0.0,0.0,0.0,0.0,4610.96705205553
91,76.2159629587747,9.911228889687388,28.936279760000048,29.305425920000005,29.14456535375002,272,0.06617732180515963,-0.22421523928642273,-0.16271963715553284,-0.1943209031048943,272,0.011876276565796996,-0.3412604033946991,-0.2715894877910614,-0.31085721184225645,272,0.011605683994680469,0.0,0.0,0.0,0.0,0.0,1.3108572118422566,0.0,0.0,0.0,0.0,4124.161116239822
92,76.22052380413889,9.911228889687388,28.970459960000028,29.295171859999982,29.17833086750002,272,0.07266006563810726,-0.23335669934749603,-0.1654021292924881,-0.20371491768780878,272,0.011989945993335591,-0.3563218414783478,-0.2626728117465973,-0.3091745937571806,272,0.017169863780535338,0.0,0.0,0.0,0.0,0.0,1.3091745937571806,0.0,0.0,0.0,0.0,3640.970296334391
93,76.22508464950309,9.911228889687388,29.141360960000043,29.39771245999998,29.261356081250018,272,0.05662151872494804,-0.2299244999885559,-0.17114569246768951,-0.20440041317659266,272,0.01082087365250318,-0.36017897725105286,-0.266978919506073,-0.3178277296178481,272,0.014201745579133352,0.0,0.0,0.0,0.0,0.0,1.3178277296178482,0.0,0.0,0.0,0.0,3163.051772165011
94,76.22964549486728,9.911228889687388,29.110598780000032,29.483162960000016,29.256291882500015,272,0.08815414523688596,-0.249370276927948,-0.1826086938381195,-0.20868203219245463,272,0.011260630994285582,-0.3734177350997925,-0.2850877046585083,-0.32475746379179116,272,0.013079826460543556,0.0,0.0,0.0,0.0,0.0,1.3247574637917912,0.0,0.0,0.0,0.0,2693.213759901932
95,76.23420634023148,9.911228889687388,29.031984319999992,29.39087642000004,29.18901218000002,272,0.07693478208277484,-0.26065772771835327,-0.18881987035274506,-0.22547275879803827,272,0.01360950337026416,-0.3956834673881531,-0.280269056558609,-0.3395519817576689,272,0.02433661551280262,0.0,0.0,0.0,0.0,0.0,1.3395519817576689,0.0,0.0,0.0,0.0,2236.5545439751772
96,76.23876718559568,9.911228889687388,29.141360960000043,29.366950280000026,29.248136386250017,272,0.05307629223628396,-0.27100592851638794,-0.20269443094730377,-0.23797077291152058,272,0.012608726492794143,-0.40459540486335754,-0.2607758641242981,-0.3300933557398179,272,0.021256092663418186,0.0,0.0,0.0,0.0,0.0,1.3300933557398178,0.0,0.0,0.0,0.0,1803.1151178859723
97,76.24332803095987,9.911228889687388,29.257573640000032,29.760022580000054,29.46334598375002,272,0.1163131441547864,-0.32575327157974243,-0.18993134796619415,-0.250093516181497,272,0.024367972360681,-0.38747555017471313,-0.272532194852829,-0.34450553445255055,272,0.020308228842453573,0.0,0.0,0.0,0.0,0.0,1.3445055344525505,0.0,0.0,0.0,0.0,1414.4059025060287
98,76.24788887632407,9.911228889687388,29.42505662000002,29.893325360000006,29.70954395375002,272,0.09314736436156576,-0.3344016969203949,-0.2710382640361786,-0.2981711836422191,272,0.01187489174459346,-0.3866133987903595,-0.2909482717514038,-0.3388221965116613,272,0.015490713167835858,0.0,0.0,0.0,0.0,0.0,1.3388221965116613,0.0,0.0,0.0,0.0,1118.0948145219454
99,76.25244972168827,9.911228889687388,29.47632692000002,36.19273622000003,31.821767217500025,272,2.3203381445169464,-0.2931206524372101,0.7571343779563904,0.03696076308979707,272,0.3301237624141499,-0.5492072105407715,0.22745834290981293,-0.2095159081851735,272,0.1669218049563888,78.0,0.04749818542814562,151.26644896780311,2748.952912994227,0.011066418882267042,1.2095159081851734,0.03696076308979707,0.19728058197509388,0.24952258879483485,0.21817738470299025,999.9999999999268
100,76.25701056705246,9.911228889687388,29.86598120000002,35.09896981999998,31.81620036875002,272,1.3816076215394537,-0.23860590159893036,0.7729417085647583,0.21315876175375545,272,0.31158507066201774,-0.5680463910102844,0.08481938391923904,-0.2454525162191952,272,0.1431295164250649,50.0,0.025512079821013185,126.7465236706248,2347.4339146410434,0.009450029818649074,1.2454525162191952,0.21315876175375545,0.10596274171564757,0.21307668990518522,0.14880832099146263,707.2029512530144
101,76.26157141241666,9.911228889687388,29.88648932000001,34.25813690000001,31.60496563320314,256,1.0982860511734476,-0.23350253701210022,0.7709157466888428,0.21846003830432892,256,0.3257764657082303,-0.608775794506073,0.10174797475337982,-0.26532626152038574,256,0.13628015589138415,27.0,0.00962846440140749,88.58362752415104,2969.006851947128,0.01195228675349701,1.2653262615203857,0.21846003830432892,0.03999119215848121,0.26949689547083416,0.1317934734834224,499.9999999999634
102,76.26613225778085,9.911228889687388,29.73951446000001,38.46571951999999,31.93218685625002,272,2.262965063159668,-0.22969837486743927,0.6343089938163757,0.06323084410499125,272,0.21009117055271165,-0.45818182826042175,0.21849535405635834,-0.17991162748897777,272,0.1408834795327222,54.0,0.026129697492880938,120.19898986642929,2237.6921418726497,0.009008243995182639,1.1799116274889778,0.06323084410499125,0.10852797600082877,0.20311542388616205,0.1463629551549621,707.2029512530144
103,76.27069310314505,9.911228889687388,35.65268906000006,39.897869900000046,38.63608017125002,272,0.5645696227542054,0.09955860674381256,0.6951537132263184,0.31481389438404755,272,0.11820936044451483,-0.3004448115825653,0.25630876421928406,0.04843846840016982,272,0.09146364264314784,315.0,0.12970791409837237,102.28598162172912,12162.570071565588,0.04896267755647515,0.9515615315998301,0.31481389438404755,0.5387332705333077,1.0,0.7232399623199846,1118.2772719875886
104,76.27525394850925,9.911228889687388,36.59264456000005,40.34904854000001,38.62279764500002,272,0.7866220673136899,0.04932735487818718,0.721781313419342,0.3505076240090763,272,0.13790214742524207,-0.2984720468521118,0.2819656431674957,0.019807522787767297,272,0.1036855722019081,157.0,0.07188189551786998,113.73131597816374,11578.758568158835,0.046612436264801646,0.9801924772122327,0.3505076240090763,0.29855671439682446,1.0,0.5791340286380947,1414.4059025060287
105,76.27981479387344,9.911228889687388,36.428579600000035,39.26895422000001,37.88381418125002,272,0.6378475216397376,0.12567217648029327,0.6929134130477905,0.3373342962826,272,0.12488624755337455,-0.26883792877197266,0.1929653137922287,0.009360064478481518,272,0.09032873673191781,293.0,0.10626428305556646,90.09068560939318,8984.427629705899,0.036168476767192946,0.9906399355215185,0.3373342962826,0.44136169446056056,0.8155169302489852,0.5910237887759304,1118.0948145219454
106,76.28437563923764,9.911228889687388,32.93194514000004,39.32364254000004,37.81828118750002,272,0.8772122536231411,0.09324758499860764,0.6945147514343262,0.3675982811871697,272,0.13332154232761131,-0.2943701148033142,0.24193216860294342,-0.011783579693121068,272,0.1052401989071058,190.0,0.10470147631093313,136.88611577335053,10977.196306355465,0.04419073600889258,1.0117835796931212,0.3675982811871697,0.43487067967090565,0.9964006393574291,0.6594826635455151,707.2029512530144
107,76.28893648460183,9.911228889687388,31.32547574,39.66544454000001,37.31830779875002,272,1.7152796851818677,-0.13865546882152557,0.7448020577430725,0.3759279251098633,272,0.17579626045856048,-0.45028409361839294,0.2543444037437439,-0.04882702406714944,272,0.1461958640585563,18.0,0.039287504411002816,542.1783025841028,6627.3256569947425,0.026679526390874002,1.0488270240671493,0.3759279251098633,0.16317805963928372,0.6015626702454291,0.33853190388174187,499.9999999999634
108,76.29349732996603,9.911228889687388,34.17610442,38.60244032000003,37.252762238750016,272,0.9198818756351871,0.12373540550470352,0.7680920958518982,0.3919571427737965,272,0.1381444546133094,-0.4793578088283539,0.1908794790506363,-0.03712788048912497,272,0.11368375587179397,305.0,0.07743253850503284,63.06433981541159,8147.838229772664,0.032800631254684146,1.037127880489125,0.3919571427737965,0.32161094413155844,0.7395796699769331,0.48879843446970833,499.9999999999634
109,76.29805817533023,9.911228889687388,29.486580979999985,33.88557272000003,30.130928015000016,272,1.089679680802405,-0.43007221817970276,0.6639999747276306,-0.23955754672779755,272,0.21592493862679743,-0.4532502293586731,0.15791583061218262,-0.31510268940645103,272,0.09385728654040916,32.0,0.010848128314406687,84.21026442610345,155.28330141321783,0.0006251216784169075,1.315102689406451,0.0,0.04505698581778849,0.014095072775557622,0.03267222060089614,707.2029512530144
110,76.30261902069442,9.911228889687388,29.57203148000002,32.333791640000015,29.95136886875002,272,0.4760327324748715,-0.4527911841869354,0.5247332453727722,-0.34273192461799173,272,0.1638553018276038,-0.38005390763282776,0.07634307444095612,-0.263827548307531,272,0.05438216164128416,6.0,0.0015874231320415293,65.72061973261751,15.743189653340984,6.337712458562205e-05,1.263827548307531,0.0,0.006593257331980263,0.0014290100858478949,0.004527558433527316,500.1359957661616
111,76.30717986605862,9.911228889687388,31.11697651999998,34.72640564000005,32.96713064000002,272,0.8764953808014369,0.05427251756191254,0.7914955615997314,0.513884095584645,272,0.18199311702324678,-0.43472155928611755,0.09341306239366531,-0.1896363987642176,272,0.11648540429728815,180.0,0.06309807559678948,87.07706950663372,3332.0347280818405,0.013413722678520047,1.1896363987642176,0.513884095584645,0.26207369740627756,0.30244895333608085,0.2782237997781989,0.0
112,76.31174071142281,9.911228889687388,30.047136260000002,34.66488128000003,31.834069576250023,272,1.2078467581251329,-0.3572326898574829,0.7883328199386597,0.18632574642405791,272,0.406158027924961,-0.5424128770828247,0.17004381120204926,-0.30172496683457317,272,0.11875596153331582,35.0,0.012352013381589215,87.66574038837287,2067.0747791340655,0.008321392214008882,1.3017249668345732,0.18632574642405791,0.05130327330441775,0.18762847762286378,0.10583335503179617,500.1359957661616
113,76.31630155678701,9.911228889687388,31.14773869999999,41.31293018000002,36.95662599125002,272,2.0821183984060334,-0.1371862292289734,0.7466784715652466,0.3669084661147174,272,0.21535175696912287,-0.48469123244285583,0.2750118672847748,-0.06130176431992475,272,0.1666388563691136,142.0,0.1118453353809521,195.6544489292471,4698.780038418637,0.01891580895946931,1.0613017643199247,0.3669084661147174,0.46454222737694223,0.4265084912228084,0.4493287329152887,499.9999999999634
114,76.3208624021512,9.911228889687388,33.615549139999985,37.84705789999998,35.509452659375015,256,0.881657707482509,0.11071260273456573,0.7831891775131226,0.5124213099479675,256,0.14682666235234285,-0.35058319568634033,0.16702024638652802,-0.12112879008054733,256,0.11623928334478681,209.0,0.10852825913577321,128.9902090137902,6407.4802177813735,0.02579449787394639,1.1211287900805473,0.5124213099479675,0.45076496986266085,0.5816072891008658,0.5031018975579429,0.0
115,76.3254232475154,9.911228889687388,30.83328086000006,36.47984989999998,34.12257219500002,272,1.6278374061476586,-0.1582089513540268,0.755036473274231,0.394840072183048,272,0.259454719083519,-0.4007662832736969,0.23597107827663422,-0.17051264818976908,272,0.12165441516005024,173.0,0.07868559644533729,112.98201967001654,4322.051674847153,0.01739921918581181,1.170512648189769,0.394840072183048,0.3268154376818592,0.39231283945065454,0.3530143983893773,499.9999999999634
116,76.3299840928796,9.911228889687388,30.508568960000048,37.101929540000015,34.028589211250015,272,1.427261414712319,-0.15038760006427765,0.7693930268287659,0.5060512318330652,272,0.2012206588628387,-0.508952260017395,0.09503167867660522,-0.17687158023609834,272,0.10729562186276304,158.0,0.05401556288064269,84.92235223750247,5155.557523535856,0.020754651291908437,1.1768715802360983,0.5060512318330652,0.2243500795820085,0.4679702056271838,0.3217981300000786,0.0
117,76.3345449382438,9.911228889687388,29.78736674000004,34.65120920000004,30.800294453750023,272,1.3439665592296226,-0.3056603670120239,0.7752776741981506,0.04921785873525283,272,0.362641095638668,-0.534168541431427,-0.08691674470901489,-0.3175315856933594,272,0.06922223586381157,27.0,0.00899448539196537,82.7509050785717,1022.1198930012895,0.004114732860785816,1.3175315856933594,0.04921785873525283,0.0373580021362657,0.09277787209624604,0.05952595012025783,500.1359957661616
118,76.33910578360799,9.911228889687388,29.636973860000012,30.023210120000044,29.872126096250017,272,0.07797642252760602,-0.32831326127052307,0.18416666984558105,-0.26140880584716797,272,0.06643940581235734,-0.42020323872566223,-0.12939615547657013,-0.3266940958359662,272,0.03902805217680376,0.0,0.0,0.0,0.0,0.0,1.326694095835966,0.0,0.0,0.0,0.0,1000.2719915323232
119,76.34366662897219,9.911228889687388,29.657481980000057,30.55300322000005,29.86716242750002,272,0.11261621417403185,-0.2781546711921692,0.649461567401886,-0.11507632451898911,272,0.18793400242177166,-0.5536524057388306,-0.23094959557056427,-0.3986648391274845,272,0.03694319523517889,0.0,0.0,0.0,0.0,0.0,1.3986648391274845,0.0,0.0,0.0,0.0,1118.0948145219454
120,76.34822747433638,9.911228889687388,29.47632692000002,30.82302679999998,30.017165753750017,272,0.20435635521605516,-0.23959827423095703,0.694656491279602,-0.03348670987521901,272,0.2472465630018596,-0.5375128388404846,-0.13477088510990143,-0.3757205009460449,272,0.0586559039499611,0.0,0.0,0.0,0.0,0.0,1.375720500946045,0.0,0.0,0.0,0.0,707.2029512530144
121,76.35278831970058,9.911228889687388,30.166766960000018,36.45592376000002,31.595122332500015,272,1.4199087790683476,-0.23943662643432617,0.7783769369125366,0.15788923992830164,272,0.3397640220456552,-0.5031847357749939,0.0856805220246315,-0.3078835992252125,272,0.12156119087334746,29.0,0.010015762452911085,85.7918856967925,619.0972692450475,0.0024922906747321736,1.3078835992252125,0.15788923992830164,0.0415998090837327,0.05619548905607666,0.047438081072670286,499.9999999999634
122,76.35734916506478,9.911228889687388,31.86210488000006,37.00622498000001,35.19735099125002,272,0.6038768012163442,0.10142497718334198,0.7230265140533447,0.5213399774887982,272,0.12268001539211178,-0.29980573058128357,0.15347972512245178,-0.09454150760875028,272,0.08796177317669343,383.0,0.14730071528238944,95.53582926043565,5642.668808381438,0.022715607951041956,1.0945415076087504,0.5213399774887982,0.6118038104891013,0.5121853204992163,0.5719564144931473,0.0
123,76.36191001042897,9.911228889687388,33.99836737999999,39.08779916000003,35.874684432500025,272,1.0159144140171608,0.12655086815357208,0.7565789222717285,0.4992738611557904,272,0.14060460998104163,-0.3314494788646698,0.17722076177597046,-0.0797509796479169,272,0.10333155473709468,404.0,0.1879027298563239,115.53456150249163,5335.348177794126,0.02147843185640407,1.079750979647917,0.4992738611557904,0.7804416014342815,0.48428981200515414,0.6619808856626306,0.0
124,76.36647085579317,9.911228889687388,33.04132178000003,39.36124075999999,35.30816018375002,272,1.7071482495019303,0.16237850487232208,0.7722868323326111,0.557282055125517,272,0.1513830062476081,-0.32224833965301514,0.1496543288230896,-0.11784939204945284,272,0.10991381580220508,180.0,0.08722208284125245,120.36885908557805,2636.8243030957274,0.010615024404043136,1.1178493920494528,0.557282055125517,0.3622711711804844,0.23934466945413402,0.3131005704899442,0.0
125,76.37103170115736,9.911228889687388,31.66727774000003,36.80114378000002,33.489132665000014,272,1.1354386951543753,0.16261354088783264,0.7844141125679016,0.6339477090274587,272,0.13168034457744077,-0.4103735685348511,0.13273951411247253,-0.18424641384797938,272,0.11786115122761735,74.0,0.039247131074628135,131.745682581942,1987.1674512627478,0.007999710471914775,1.1842464138479794,0.6339477090274587,0.1630103716481641,0.18037528560932317,0.1699563372326277,0.0
126,76.37559254652156,9.911228889687388,31.988571620000016,37.72400918000005,34.91439674000002,272,1.4450768484885297,0.21357063949108124,0.8105406761169434,0.59637731664321,272,0.11960197354168267,-0.409326434135437,0.16407275199890137,-0.11658822087680593,272,0.11214933826525102,3.0,0.004490824403687621,371.84762772247615,2706.365698217224,0.01089497616474226,1.1165882208768059,0.59637731664321,0.018652343114195388,0.2456569452508918,0.10945418396887395,0.0
127,76.38015339188576,9.911228889687388,34.22395670000003,42.28364786000003,36.244981189765646,256,1.4267246926528045,0.04913429915904999,0.778079092502594,0.5286632180213928,256,0.14745727191222577,-0.34689223766326904,0.24303853511810303,-0.07983072102069855,256,0.10824239472383626,74.0,0.04763432281490191,159.90000292364775,3774.9483766689505,0.015196753570307633,1.0798307210206985,0.5286632180213928,0.1978460196364647,0.3426522466284507,0.2557685104332591,0.0
128,76.38471423724995,9.911228889687388,33.44123012,37.73426324000002,35.557487150000014,272,1.1659221171122496,0.20139771699905396,0.8018108606338501,0.5905538446762982,272,0.14400509962338603,-0.3368421196937561,0.27213239669799805,-0.11656154604519114,272,0.11287606404412774,9.0,0.01771031536083215,488.81438841790964,2260.379255369285,0.009099575170771906,1.1165615460451912,0.5905538446762982,0.0735586273423628,0.20517473427492994,0.12620507011538967,0.0
129,76.38927508261415,9.911228889687388,32.873838800000044,37.50525590000001,35.67538370750002,272,1.1446423273770334,0.08611361682415009,0.8002706170082092,0.5623448315788718,272,0.15118560754842908,-0.3210316598415375,0.15730337798595428,-0.0935216510997099,272,0.10755670636056394,1.0,0.0005409390374712696,134.37191910309411,2935.1810838535694,0.01181611486165838,1.09352165109971,0.5623448315788718,0.002246754632065226,0.26642652886586926,0.10791866432558685,0.0
130,76.39383592797834,9.911228889687388,33.37286972000004,37.75477136000001,35.24245126250001,272,1.057970729671977,0.09023843705654144,0.8074104189872742,0.5523128509521484,272,0.15925896731442965,-0.34580400586128235,0.1931047886610031,-0.08877219873316147,272,0.11304553206294674,0.0,0.0,0.0,1229.6334158283685,0.004950116965214877,1.0887721987331616,0.5523128509521484,0.0,0.11161388459431008,0.044645553837724034,0.0
131,76.39839677334254,9.911228889687388,0.0,37.80262363999998,31.092828502941188,272,11.399309355921496,0.0,0.8033022284507751,0.49058689790613513,272,0.23304590801599442,-0.3701700270175934,0.1762928068637848,-0.09461202340967514,272,0.11362800872192456,8.0,0.006154085835307377,191.08815105143444,2851.7082906223495,0.011480079678660873,1.0946120234096752,0.49058689790613513,0.025560589824020992,0.2588496993892584,0.11887623365011596,0.0
132,76.20228042268211,9.915720445562343,28.91918966000003,29.19604928000001,29.052643235000023,272,0.055555378459199854,-0.2396813929080963,-0.17604617774486542,-0.20732471522162943,272,0.01215507250711654,-0.3667377531528473,-0.24413146078586578,-0.29265106425565834,272,0.015775063850603913,0.0,0.0,0.0,0.0,0.0,1.2926510642556583,0.0,0.0,0.0,0.0,5524.095255830971
133,76.2068412680463,9.915720445562343,28.748288660000014,29.117434820000028,28.96073811764708,289,0.08507617998198487,-0.23753665387630463,-0.14924296736717224,-0.19936027658851915,289,0.012479399202454054,-0.3389626145362854,-0.24606060981750488,-0.29881682610429283,289,0.01866225830863738,0.0,0.0,0.0,0.0,0.0,1.298816826104293,0.0,0.0,0.0,0.0,5026.222839203816
134,76.2114021134105,9.915720445562343,28.963623920000032,29.19604928000001,29.078216292941196,289,0.050785087611906456,-0.2322206050157547,-0.16566264629364014,-0.19093272595257083,289,0.011647881416371044,-0.33973589539527893,-0.27469879388809204,-0.3132598243370188,289,0.012024375451930962,0.0,0.0,0.0,0.0,0.0,1.3132598243370188,0.0,0.0,0.0,0.0,4528.847754535428
135,76.2159629587747,9.915720445562343,28.782468859999994,29.124270860000024,28.938751615294137,289,0.09337366990953758,-0.232876718044281,-0.15232722461223602,-0.19994689519017625,289,0.011655925562672928,-0.33494558930397034,-0.23557692766189575,-0.2924869365758137,289,0.021059815982810082,0.0,0.0,0.0,0.0,0.0,1.2924869365758136,0.0,0.0,0.0,0.0,4032.154047004379
136,76.22052380413889,9.915720445562343,28.71752648000006,29.16186908000003,28.938444111764728,289,0.08431563738090485,-0.25208914279937744,-0.17998506128787994,-0.2126824534063108,289,0.012906831644965347,-0.3317365348339081,-0.23474177718162537,-0.2855690292833586,289,0.01848683992695576,0.0,0.0,0.0,0.0,0.0,1.2855690292833586,0.0,0.0,0.0,0.0,3536.428827839418
137,76.22508464950309,9.915720445562343,28.95336986000001,29.41480256,29.147794880000017,289,0.10075292942240269,-0.24673539400100708,-0.1875,-0.21614940603711613,289,0.010288016775703424,-0.33561643958091736,-0.25951558351516724,-0.2975943542269274,289,0.014344786415952267,0.0,0.0,0.0,0.0,0.0,1.2975943542269275,0.0,0.0,0.0,0.0,3042.145586680599
138,76.22964549486728,9.915720445562343,28.87133738,29.31226196,29.067157992941194,289,0.1188524120685966,-0.25849902629852295,-0.18754325807094574,-0.22401143110334668,289,0.01446853052003085,-0.35944700241088867,-0.2653975486755371,-0.3164046660426579,289,0.016343537581957435,0.0,0.0,0.0,0.0,0.0,1.3164046660426578,0.0,0.0,0.0,0.0,2550.142938608244
139,76.23420634023148,9.915720445562343,28.843993220000016,29.39771245999998,29.10042750941178,289,0.10732175821867956,-0.26915520429611206,-0.19372360408306122,-0.22676437536325422,289,0.013626602662580544,-0.39607033133506775,-0.27251994609832764,-0.34781670487875754,289,0.021300276639757247,0.0,0.0,0.0,0.0,0.0,1.3478167048787575,0.0,0.0,0.0,0.0,2062.053967454155
140,76.23876718559568,9.915720445562343,28.878173420000053,29.346442160000038,29.154146010588253,289,0.08018678548077343,-0.2675386369228363,-0.2137449085712433,-0.23760616738078502,289,0.009788400787141103,-0.3942505121231079,-0.28659793734550476,-0.35323317900660955,289,0.01672940664053792,0.0,0.0,0.0,0.0,0.0,1.3532331790066094,0.0,0.0,0.0,0.0,1581.506384002301
141,76.24332803095987,9.915720445562343,29.144778980000012,29.613047720000054,29.391006517647078,289,0.09665499838828097,-0.3258928656578064,-0.21329639852046967,-0.26680317387036384,289,0.02650867320087828,-0.39507389068603516,-0.28958332538604736,-0.3485534562371594,289,0.022689615333184397,0.0,0.0,0.0,0.0,0.0,1.3485534562371595,0.0,0.0,0.0,0.0,1118.2650138376537
142,76.24788887632407,9.915720445562343,29.479744940000046,30.08815249999998,29.733529968235313,289,0.1551263654063646,-0.4114994406700134,-0.2490842491388321,-0.31776494220878837,289,0.024488318935703426,-0.3768656849861145,-0.22823528945446014,-0.32594198999107915,289,0.022938862806777673,0.0,0.0,0.0,0.0,0.0,1.3259419899910792,0.0,0.0,0.0,0.0,707.1981054084523
143,76.25244972168827,9.915720445562343,29.68482614000004,35.249362700000006,31.995395832941192,289,1.5591303842639082,-0.2909632623195648,0.7919157147407532,0.24779845769017625,289,0.3537545893447132,-0.5190771818161011,0.07836053520441055,-0.23537328911487618,289,0.14865814522367093,71.0,0.025347865386661367,88.68358464602692,3056.6031416084415,0.01230492183478279,1.235373289114876,0.24779845769017625,0.10528068788799881,0.2774480149177314,0.17414761869989187,499.9999999999634
144,76.25701056705246,9.915720445562343,29.346442160000038,33.72150776000001,30.99217739529414,289,1.3167689136252734,-0.16213275492191315,0.7854437232017517,0.3813846416539387,289,0.34292880611553417,-0.5845871567726135,-0.06224677711725235,-0.3870858585133272,289,0.07661661970820206,0.0,0.0,0.0,96.02946528878118,0.0003865843910611965,1.3870858585133272,0.3813846416539387,0.0,0.008716599206255933,0.0034866396825023733,499.9999999999634
145,76.26157141241666,9.915720445562343,30.457298659999992,36.95837270000004,32.54320819625003,272,1.4323501875527676,-0.02492809295654297,0.7988418340682983,0.5598124335793888,272,0.19361253617437169,-0.571151077747345,0.2588604688644409,-0.26075217303107767,272,0.1696522820348689,33.0,0.02539452490880894,191.1553019636691,1937.5960761012896,0.007800151723740664,1.2607521730310776,0.5598124335793888,0.10547448513732485,0.17587568948967405,0.13363496687826454,0.0
146,76.26613225778085,9.915720445562343,30.730740260000005,39.63126434000003,35.06353595176472,289,2.93321934351223,-0.08246225118637085,0.6718541383743286,0.22181915494397436,289,0.20295939562531826,-0.5758067965507507,0.46225911378860474,-0.12393130398126621,289,0.20995409015289462,306.0,0.13008090367620334,105.59717861967681,5970.603814695449,0.0240357710316372,1.1239313039812662,0.22181915494397436,0.5402824581564107,0.5419519968744745,0.5409502736436362,500.12914361526776
147,76.27069310314505,9.915720445562343,37.20447014000001,40.02775466000003,38.421805650588254,289,0.5852172189675909,0.07178043574094772,0.6375150680541992,0.30565949542299686,289,0.1227208162259427,-0.23261801898479462,0.2585999667644501,0.051427847786345696,289,0.0879211038586028,908.0,0.2944539468722411,80.55485631986365,9553.957257745551,0.038461223725482434,0.9485721522136543,0.30565949542299686,1.0,0.8672131621167851,0.9468852648467141,1000.2582872305355
148,76.27525394850925,9.915720445562343,36.76696358000004,40.308032300000036,38.46174562823531,289,0.7388677164433729,0.049747273325920105,0.7288521528244019,0.35300838906047255,289,0.16193093681362694,-0.2999776601791382,0.2160852700471878,0.012958991073819592,289,0.11754873371826573,356.0,0.17019948108329336,118.75951889447495,9564.51238476468,0.03850371534343524,0.9870410089261804,0.35300838906047255,0.7069123246985054,0.8681712515065383,0.7714158954217185,1118.2650138376537
149,76.27981479387344,9.915720445562343,36.428579600000035,39.330478579999976,38.06835399764708,289,0.687860524916128,0.06647634506225586,0.7280265092849731,0.3456466305214641,289,0.150013189117937,-0.2981727719306946,0.26757606863975525,0.015443712782282317,289,0.10759644785261879,64.0,0.04108438808911089,159.46194055310198,10754.18999160773,0.04329298280230853,0.9845562872177177,0.3456466305214641,0.17064129754118157,0.9761583453878169,0.49284811667983575,707.1981054084523
150,76.28437563923764,9.915720445562343,35.69028728000001,40.06535287999998,37.98409803058825,289,0.9936704254051943,0.046214912086725235,0.6926428079605103,0.329277223369242,289,0.13485647525605585,-0.2702506482601166,0.2335958033800125,0.00954334051138802,289,0.09713081663078209,11.0,0.00592251138625674,133.74372505356015,9876.085675354614,0.03975801130823548,0.990456659488612,0.329277223369242,0.02459876061586349,0.8964527741546089,0.37334036603136167,499.9999999999634
151,76.28893648460183,9.915720445562343,35.06137160000003,38.838283700000034,37.00892154941178,289,0.8145792026623395,0.08203309774398804,0.7152065634727478,0.4391011168800011,289,0.13197161521235123,-0.3262147307395935,0.15057645738124847,-0.07056831571057594,289,0.09791485942669707,0.0,0.0,0.0,8040.9786431838465,0.03237044820528092,1.0705683157105759,0.4391011168800011,0.0,0.7298800201367529,0.2919520080547012,0.0
152,76.29349732996603,9.915720445562343,31.383582079999996,38.35292486000003,35.237109867058834,289,1.6825180878323633,0.04226289689540863,0.773445188999176,0.5066312902113971,289,0.17434274345311582,-0.46359890699386597,0.1271970421075821,-0.17710576832913197,289,0.16183272172900134,136.0,0.028326801896880836,51.73909558560939,4279.627622901528,0.01722843331047211,1.177105768329132,0.5066312902113971,0.11765350430415418,0.3884620062048029,0.2259769050644137,0.0
153,76.29805817533023,9.915720445562343,29.32935206000002,32.88409286000001,29.760270948235313,289,0.5445533134649446,-0.39878129959106445,0.3939914107322693,-0.2520515943481023,289,0.12043191342161688,-0.5183175206184387,-0.1503811478614807,-0.3706271161670091,289,0.059220515513564956,0.0,0.0,0.0,0.0,0.0,1.3706271161670092,0.0,0.0,0.0,0.0,500.12914361526776
154,76.30261902069442,9.915720445562343,29.534433260000014,31.80058052000004,29.796627327058847,289,0.35418735448128613,-0.42893561720848083,0.6764492988586426,-0.3123219367954558,289,0.12890539394687198,-0.4166666567325592,-0.1600237935781479,-0.331199830791117,289,0.03796215856393146,0.0,0.0,0.0,0.0,0.0,1.331199830791117,0.0,0.0,0.0,0.0,500.12914361526776
155,76.30717986605862,9.915720445562343,30.990509780000025,34.415365820000034,33.484375230588256,289,0.6957390100946113,-0.1226874366402626,0.7673685550689697,0.5429750330307904,289,0.16207169896605955,-0.3589071035385132,0.08434616029262543,-0.16682595117694365,289,0.09073267784776469,265.0,0.09072135816133634,85.04012017495067,5690.832317902305,0.022909499075432813,1.1668259511769437,0.5429750330307904,0.37680518054135914,0.5165571245866137,0.432705958159461,0.0
156,76.31174071142281,9.915720445562343,30.922149380000008,38.71523497999999,33.44694258941179,289,1.9007446954189906,-0.1821192055940628,0.8172826170921326,0.3896416528827179,289,0.3083408869259531,-0.6008713245391846,0.14146341383457184,-0.2356073980100427,289,0.15712282037214437,213.0,0.07259534223688202,84.66216096128883,4589.45549832629,0.018475702783385218,1.2356073980100426,0.3896416528827179,0.3015199683120259,0.41658509743395866,0.34754601996079904,500.12914361526776
157,76.31630155678701,9.915720445562343,35.215182500000026,39.95597624000004,37.21660470235296,289,1.0376716441161868,0.06310030072927475,0.7566837668418884,0.4200076726893653,289,0.18650601599847946,-0.3463175594806671,0.2615489661693573,-0.04342822302584005,289,0.11465740925415338,380.0,0.17363449106352968,113.50437397551386,7670.053369056332,0.030877219842542707,1.04342822302584,0.4200076726893653,0.7211794122068572,0.6962111150739452,0.7111920933536924,0.0
158,76.3208624021512,9.915720445562343,32.54229085999998,39.59024810000005,36.08702892500002,272,1.4672075903358055,0.03449028730392456,0.7573992013931274,0.4910240173339844,272,0.1426194372069474,-0.3992891013622284,0.25341203808784485,-0.07841561121099136,272,0.1439467255318594,174.0,0.08678029780474783,123.88881067885542,5434.759317165168,0.02187862980255408,1.0784156112109913,0.4910240173339844,0.36043624615495123,0.4933133659313245,0.41358709406550054,0.0
159,76.3254232475154,9.915720445562343,30.25905350000005,36.44225168000003,31.911163520000017,289,1.6859565693108753,-0.2458442747592926,0.7219321131706238,0.1859375712780804,289,0.3193382208062185,-0.5116022229194641,0.13882210850715637,-0.23281886750851535,289,0.11407578174260329,38.0,0.021294558330511245,139.20192339581868,1626.009754329897,0.006545803299506919,1.2328188675085154,0.1859375712780804,0.08844554423454852,0.14759298400063262,0.11210452014098216,500.12914361526776
160,76.3299840928796,9.915720445562343,29.96510378000005,32.65850354000003,30.446536036470608,289,0.3668475437550141,-0.2373417764902115,0.7505610585212708,0.09816960397476143,289,0.30390305316008887,-0.5920868515968323,0.08958195149898529,-0.31965030023383434,289,0.09041919578718476,12.0,0.005780913864122044,119.66728785234871,0.0,0.0,1.3196503002338345,0.09816960397476143,0.024010644642144394,0.0,0.014406386785286636,499.9999999999634
161,76.3345449382438,9.915720445562343,29.794202779999978,30.93240344000003,30.15723435058825,289,0.26855144915361223,-0.20586080849170685,0.7961152195930481,0.11124210291667792,289,0.33492864916302134,-0.6173011660575867,-0.19044171273708344,-0.37770291760718533,289,0.060362905599801085,0.0,0.0,0.0,0.0,0.0,1.3777029176071853,0.11124210291667792,0.0,0.0,0.0,499.9999999999634
162,76.33910578360799,9.915720445562343,29.913833479999994,30.857207000000017,30.10428460823531,289,0.14454302511386652,-0.29518070816993713,0.7831680774688721,-0.136313837704774,289,0.20964209443612836,-0.4545860290527344,-0.1776266098022461,-0.3575249378243945,289,0.035537620099417196,0.0,0.0,0.0,0.0,0.0,1.3575249378243945,0.0,0.0,0.0,0.0,707.1981054084523
163,76.34366662897219,9.915720445562343,29.85230912000003,31.366491979999978,30.265073472941197,289,0.3226407587221799,-0.2598870098590851,0.7820737957954407,0.09467199516956369,289,0.3182917834841124,-0.6513569951057434,-0.15221987664699554,-0.3761040446667523,289,0.0656488334535361,0.0,0.0,0.0,0.0,0.0,1.3761040446667523,0.09467199516956369,0.0,0.0,0.0,707.1981054084523
164,76.34822747433638,9.915720445562343,29.496835040000008,31.024689980000005,30.34521362352943,289,0.27590527955191035,-0.15942029654979706,0.7334871888160706,0.22949044514692366,289,0.24742920897939724,-0.560538113117218,-0.1180555522441864,-0.36241075984334453,289,0.07745797909284172,0.0,0.0,0.0,0.0,0.0,1.3624107598433446,0.22949044514692366,0.0,0.0,0.0,499.9999999999634
165,76.35278831970058,9.915720445562343,30.224873300000013,35.07504368000002,32.09267339176473,289,1.5017098544086518,-0.14585518836975098,0.793491542339325,0.5190453974845912,289,0.22773699747396128,-0.4798122048377991,0.017142856493592262,-0.2792189970973454,289,0.10139964504475103,104.0,0.024623564071969344,58.813600949019424,1427.6627852421968,0.005747320854217695,1.2792189970973453,0.5190453974845912,0.10227235012520301,0.12958902002859637,0.11319901808656035,0.0
166,76.35734916506478,9.915720445562343,34.220538680000004,37.019897060000005,35.688596010588256,289,0.5596259500277696,0.11885245889425278,0.7303879857063293,0.47405071324543147,289,0.13843998392761528,-0.2838967740535736,0.12852288782596588,-0.06806935241065636,289,0.09511625782774395,318.0,0.16297688450159362,127.30899430821917,5210.60202462308,0.02097624312177108,1.0680693524106564,0.47405071324543147,0.6769137459282789,0.47296659765168164,0.59533488661764,0.0
167,76.36191001042897,9.915720445562343,33.81379430000004,38.30165456000003,36.13551690941178,289,1.2206121191081813,0.14997532963752747,0.7834429740905762,0.4719592559708856,289,0.15818588667308905,-0.3364831507205963,0.207678884267807,-0.061010855704442854,289,0.11939779251514161,381.0,0.19024094882953366,124.03356416624655,5200.120973581693,0.020934049710380823,1.0610108557044429,0.4719592559708856,0.7901532397981903,0.4720152321420087,0.6628980367357177,0.0
168,76.36647085579317,9.915720445562343,31.97831756000005,37.93592641999999,34.65843553294119,289,1.2611226130692534,0.0970224142074585,0.7992973327636719,0.5845963105198422,289,0.16254852237592218,-0.3687615394592285,0.2548186779022217,-0.15656995938310986,289,0.12460789024924028,67.0,0.04225096263081317,156.64697093695256,2177.340142148364,0.008765285846945775,1.1565699593831098,0.5845963105198422,0.17548658799659295,0.19763726995381767,0.18434686077948284,0.0
169,76.37103170115736,9.915720445562343,32.610651260000054,38.15467970000003,34.79078032117649,289,1.4651680213944984,0.11532916873693466,0.8250524997711182,0.5885331836951233,289,0.1613659029819333,-0.34618374705314636,0.20874837040901184,-0.1313793485964871,289,0.11423082970866517,55.0,0.029150721616349053,131.65786750589965,3873.9977721271753,0.015595495249364665,1.1313793485964871,0.5885331836951233,0.1210756005440903,0.35164296504216824,0.21330254634332146,0.0
170,76.37559254652156,9.915720445562343,33.76936004000004,38.04872108000001,36.18995686117648,289,0.9982491093762015,0.13091833889484406,0.80838942527771,0.509715043962208,289,0.15304262873844876,-0.38050997257232666,0.21055760979652405,-0.07905854485851671,289,0.10828779924473156,5.0,0.004778061956168218,237.37882096479575,4761.8219776472,0.019169595957186127,1.0790585448585168,0.509715043962208,0.019845365352996438,0.43223081109398576,0.18479954364939216,0.0
171,76.38015339188576,9.915720445562343,35.37582944000002,43.702126160000034,39.17723316125002,272,2.0434821975640705,0.20500531792640686,0.7621561288833618,0.47638214335722084,272,0.12754306070549778,-0.27635541558265686,0.1769145429134369,-0.01010035241351408,272,0.10814959484865629,7.0,0.0036108378182123525,128.1356977914785,812.7107982013299,0.003271717780440717,1.0101003524135141,0.47638214335722084,0.014997376842368817,0.07376979843857308,0.03850634548085052,0.0
172,76.38471423724995,9.915720445562343,34.04621966000002,39.80900138000004,35.48834025058825,289,1.000245230098144,0.20737887918949127,0.8087668418884277,0.5745373894186581,289,0.12549509580983292,-0.3378378450870514,0.19179631769657135,-0.09855060511394355,289,0.09800211161704793,13.0,0.007042577603374315,134.57007201938552,1120.9239778079798,0.004512486996399185,1.0985506051139435,0.5745373894186581,0.029250881811058883,0.10174632365026563,0.05824905854674159,0.0
173,76.38927508261415,9.915720445562343,33.253239020000024,37.542854120000015,35.543040397647076,289,0.9149987486556076,0.17028380930423737,0.8033212423324585,0.5669566223778114,289,0.12851067029955962,-0.3601659834384918,0.11385266482830048,-0.11370193587042468,289,0.10075857608426031,6.0,0.006305494140210986,261.05262941589336,2724.1305516525094,0.010966491871165482,1.1137019358704248,0.5669566223778114,0.026189454237219113,0.24726946185595258,0.11462145728471251,0.0
174,76.39383592797834,9.915720445562343,33.888990740000054,37.73426324000002,36.116912945882376,289,0.8526313203550365,0.1297668069601059,0.790533721446991,0.5052858768449935,289,0.15407979497050747,-0.29160621762275696,0.1853964626789093,-0.06620589919568758,289,0.1041803173218396,8.0,0.005239752155717275,162.69752782116865,5533.13345162758,0.022274653093457136,1.0662058991956875,0.5052858768449935,0.021762965161035912,0.5022427908718106,0.21395489544534577,0.0
175,76.39839677334254,9.915720445562343,0.0,38.46913754000002,31.115045632941197,289,11.422498900952931,0.0,0.8116639852523804,0.5033126883853266,289,0.2379138484129026,-0.32962098717689514,0.17736585438251495,-0.09057437672334559,289,0.12288975848025935,4.0,0.0031074129105250763,192.97416497471892,2593.4628927901,0.010440465019086173,1.0905743767233456,0.5033126883853266,0.012906434675334939,0.23540875214463375,0.10190736166305447,0.0
176,76.20228042268211,9.920212001437298,28.751706679999984,29.155033040000035,28.91288140250002,272,0.07619440795324804,-0.23360656201839447,-0.18320058286190033,-0.20800542831420898,272,0.010169526213022159,-0.3317702114582062,-0.2505800426006317,-0.28574660245110006,272,0.01729413793927468,0.0,0.0,0.0,0.0,0.0,1.2857466024511002,0.0,0.0,0.0,0.0,5501.345172299823
177,76.2068412680463,9.920212001437298,28.697018360000015,29.028566300000023,28.88342463411766,289,0.08136942379228361,-0.2401171326637268,-0.18340611457824707,-0.20673350561861348,289,0.01095701258336713,-0.33413174748420715,-0.24528302252292633,-0.2964725164393653,289,0.01590444036393243,0.0,0.0,0.0,0.0,0.0,1.2964725164393653,0.0,0.0,0.0,0.0,5001.22288390893
178,76.2114021134105,9.920212001437298,28.744870640000045,29.090090659999987,28.940182689411788,289,0.07078773629268008,-0.23903818428516388,-0.17629846930503845,-0.20319163180552552,289,0.010304539540373298,-0.3380281627178192,-0.25810325145721436,-0.3013594472284548,289,0.016877029428596493,0.0,0.0,0.0,0.0,0.0,1.3013594472284549,0.0,0.0,0.0,0.0,4501.100595518037
179,76.2159629587747,9.920212001437298,28.765378760000033,29.083254620000048,28.944286678823545,289,0.05638687695950785,-0.23783032596111298,-0.16179615259170532,-0.20751607294313634,289,0.013329810451873583,-0.3404507637023926,-0.2444959431886673,-0.30579262703760274,289,0.016850564157283535,0.0,0.0,0.0,0.0,0.0,1.3057926270376028,0.0,0.0,0.0,0.0,4000.9783071271445
180,76.22052380413889,9.920212001437298,28.80981301999998,29.168705120000027,29.02967804352943,289,0.063426519534107,-0.256515771150589,-0.1809392273426056,-0.2250067106992728,289,0.011174849675892594,-0.34088334441185,-0.2442922443151474,-0.29382989480833693,289,0.021666876397623717,0.0,0.0,0.0,0.0,0.0,1.2938298948083369,0.0,0.0,0.0,0.0,3500.8560187362514
181,76.22508464950309,9.920212001437298,28.908935600000007,29.137942940000016,29.046697181176487,289,0.0399857764259155,-0.25764787197113037,-0.20164047181606293,-0.22362906380095696,289,0.009483105903752504,-0.35738444328308105,-0.24971751868724823,-0.30024909313162307,289,0.01858251477888121,0.0,0.0,0.0,0.0,0.0,1.300249093131623,0.0,0.0,0.0,0.0,3000.7337303453583
182,76.22964549486728,9.920212001437298,28.874755400000026,29.18237720000002,28.988567187058845,289,0.060349627930734534,-0.2625628113746643,-0.20025840401649475,-0.23153617885286007,289,0.012062836425559737,-0.3649789094924927,-0.2680756449699402,-0.3126084482793577,289,0.01505306995948378,0.0,0.0,0.0,0.0,0.0,1.3126084482793576,0.0,0.0,0.0,0.0,2500.611441954465
183,76.23420634023148,9.920212001437298,28.70727241999998,29.13452491999999,28.924263468235313,289,0.1007357111469976,-0.2678571343421936,-0.21598002314567566,-0.24349204726697665,289,0.009840085905112353,-0.3952033221721649,-0.276824027299881,-0.33540156803329096,289,0.024675366270358493,0.0,0.0,0.0,0.0,0.0,1.335401568033291,0.0,0.0,0.0,0.0,2000.4891535635722
184,76.23876718559568,9.920212001437298,28.70385440000001,29.257573640000032,28.948024029411787,289,0.108273575845338,-0.2696165144443512,-0.21658986806869507,-0.2433499926926768,289,0.00998151224680406,-0.40755873918533325,-0.2924623191356659,-0.3632362656114836,289,0.01986182596543223,0.0,0.0,0.0,0.0,0.0,1.3632362656114836,0.0,0.0,0.0,0.0,1500.3668651726791
185,76.24332803095987,9.920212001437298,29.090090659999987,29.493417020000038,29.29746630941178,289,0.08906612415776924,-0.4072345495223999,-0.24294410645961761,-0.2930848012745999,289,0.02841817898781137,-0.40163934230804443,-0.2506203353404999,-0.3487044073718642,289,0.024085929859620943,0.0,0.0,0.0,0.0,0.0,1.3487044073718641,0.0,0.0,0.0,0.0,1000.2445767817861
186,76.24788887632407,9.920212001437298,29.34302414000001,37.34119094000005,30.018763145882367,289,1.0502244494734165,-0.39767441153526306,0.38255032896995544,-0.2959056709051957,289,0.09996022763642509,-0.36807817220687866,0.12672583758831024,-0.29691338456625754,289,0.06690775274952498,4.0,0.0031693382068813435,196.81980206874238,0.0,0.0,1.2969133845662575,0.0,0.013163637311478285,0.0,0.00789818238688697,500.12228839089306
187,76.25244972168827,9.920212001437298,30.057390320000025,40.068770900000004,35.80666553882355,289,2.381816480841723,-0.2528236210346222,0.7936970591545105,0.44147736968466156,289,0.23473507719210288,-0.5625913143157959,0.2912762761116028,-0.17459326879375947,289,0.1867909884042984,110.0,0.04423616696506319,99.89528708594229,5200.686231698258,0.020936325261578858,1.1745932687937595,0.44147736968466156,0.18373200332920164,0.4720665406485734,0.29906581825695033,0.0
188,76.25701056705246,9.920212001437298,30.282979640000008,38.19569594000001,34.64930504352943,289,1.74658267137514,-0.052371542900800705,0.7790932059288025,0.5318709112781141,289,0.1793708050592679,-0.5761492252349854,0.22452934086322784,-0.24016367770396302,289,0.17658411832442247,103.0,0.03965351615727756,95.63231617078428,2011.7909229511206,0.008098836815895098,1.240163677703963,0.5318709112781141,0.16469826529901435,0.18261035932475717,0.17186310290931148,0.0
189,76.26157141241666,9.920212001437298,30.282979640000008,54.711568580000005,34.962839633750015,272,5.7716143497781305,-0.08576904982328415,0.7762032747268677,0.37067657358506145,272,0.25908483295128526,-0.5108925104141235,0.08911152184009552,-0.26522406409768495,272,0.12672565766539648,61.0,0.02171764725210658,88.43885998965857,2141.1806156078414,0.008619718978415453,1.2652240640976848,0.37067657358506145,0.09020281617930123,0.19435506798180965,0.1318637169003046,499.9999999999634
190,76.26613225778085,9.920212001437298,31.369910000000004,39.15957758000002,37.195267778461556,273,1.932101318709044,-0.07421503216028214,0.6609140038490295,0.2891423842486213,289,0.16347065379381473,-0.43396225571632385,0.22158874571323395,-0.019144460816696855,289,0.14421691465774106,571.0,0.23119767581690567,100.57905516075476,9317.80847951311,0.03751056309899346,1.0191444608166969,0.2891423842486213,0.9602643053690426,0.8457779261013693,0.9144697536619733,707.1932574235327
191,76.27069310314505,9.920212001437298,37.47107570000003,40.28752417999999,38.505742287058844,289,0.49952504580770374,0.101292684674263,0.6782525181770325,0.3101053204915928,289,0.1186600666985039,-0.23449379205703735,0.2857857942581177,0.051483711981855876,289,0.08658667134237065,778.0,0.2872826877469813,91.72549290340662,11008.01309321114,0.04431479468968642,0.9485162880181441,0.3101053204915928,1.0,0.9991978805899793,0.9996791522359917,1118.2527502230155
192,76.27525394850925,9.920212001437298,36.96179072000001,42.23237756000003,38.56323362000002,289,1.1352906267212755,-0.003843690035864711,0.7234887480735779,0.3514963433816771,289,0.15145954522375082,-0.3126470148563385,0.2602425515651703,0.020695824936599466,289,0.10916749977217087,323.0,0.15596545215526153,119.94608634331354,10813.838427005972,0.043533108622095605,0.9793041750634005,0.3514963433816771,0.6477922238891707,0.9815726367522766,0.781304389034413,1000.2445767817861
193,76.27981479387344,9.920212001437298,36.41490752000004,39.525305720000006,37.921296348235316,289,0.6870644812882248,0.10995752364397049,0.7259752750396729,0.355302038489741,289,0.14203857726945382,-0.3236524760723114,0.21082621812820435,0.009227168601276965,289,0.11195513243475445,89.0,0.04030600096370447,112.49673036705042,11241.21364298525,0.045253586676692235,0.9907728313987231,0.355302038489741,0.16740831792905717,1.0,0.5004449907574343,500.12228839089306
194,76.28437563923764,9.920212001437298,32.02275182000005,38.759669239999994,37.181289104705904,289,1.0975905594696145,-0.16152450442314148,0.8045558333396912,0.4182397387019491,289,0.18097800806497755,-0.4772101044654846,0.21387571096420288,-0.047815923459802116,289,0.1391421598126508,0.0,0.0,0.0,8451.821650615191,0.034024372793655694,1.0478159234598021,0.4182397387019491,0.0,0.7671722597811429,0.3068689039124572,0.0
195,76.28893648460183,9.920212001437298,29.71900634000002,38.472555560000046,35.3544579447059,289,2.0142194870225643,-0.27245205640792847,0.7442184686660767,0.334392270414887,289,0.27089445163322384,-0.4515599310398102,0.14682765305042267,-0.14954666612882514,289,0.1476335962230967,0.0,0.0,0.0,6636.178974264807,0.02671516705861517,1.1495466661288252,0.334392270414887,0.0,0.6023662862819956,0.24094651451279825,499.9999999999634
196,76.29349732996603,9.920212001437298,29.302007900000035,38.462301500000024,32.39415694823531,289,2.7621667347542864,-0.28913819789886475,0.7838630676269531,0.13575026568244486,289,0.36739382344114596,-0.5644329786300659,0.16062049567699432,-0.3394719424132245,289,0.17975624091730585,0.0,0.0,0.0,1718.4416646631607,0.006917905067056617,1.3394719424132244,0.13575026568244486,0.0,0.15598303296967306,0.06239321318786922,499.9999999999634
197,76.29805817533023,9.920212001437298,29.155033040000035,30.747830360000023,29.423791124705897,289,0.18222286252422096,-0.40701523423194885,-0.058736059814691544,-0.2978213089147654,289,0.07166867645558267,-0.5378323197364807,-0.2423398345708847,-0.3614298678599427,289,0.06509863844834722,0.0,0.0,0.0,0.0,0.0,1.3614298678599428,0.0,0.0,0.0,0.0,707.1932574235327
198,76.30261902069442,9.920212001437298,29.503671080000004,31.797162500000013,29.7440323964706,289,0.3888106926601975,-0.4187919497489929,0.6254431009292603,-0.3187602746032926,289,0.15577475406700875,-0.42485207319259644,-0.13255184888839722,-0.3054924143226914,289,0.05045292712614349,0.0,0.0,0.0,0.0,0.0,1.3054924143226914,0.0,0.0,0.0,0.0,707.1932574235327
199,76.30717986605862,9.920212001437298,29.681408120000015,34.94857694000001,32.459253080000025,289,1.6751827401758557,-0.3194868564605713,0.7776710391044617,0.2563757450935337,289,0.3718805563088157,-0.4227272868156433,0.18045705556869507,-0.19527532980103807,289,0.13383365863451646,136.0,0.044129044512658804,80.60199878735611,3726.2752623359984,0.015000810937399372,1.1952753298010381,0.2563757450935337,0.18328707728492347,0.3382341856876263,0.2452659206460046,499.9999999999634
200,76.31174071142281,9.920212001437298,30.67605193999998,38.45546546000003,35.63331633764708,289,2.4057249357983372,-0.1809074878692627,0.7741106748580933,0.32468115994674523,289,0.2461343495948181,-0.49828648567199707,0.20291700959205627,-0.08519633996032926,289,0.14039038578846808,349.0,0.14948520447758487,106.39788101332553,5918.546283559677,0.02382620380231074,1.0851963399603293,0.32468115994674523,0.6208769423542838,0.5372267322568579,0.5874168583153134,707.1932574235327
201,76.31630155678701,9.920212001437298,35.645853020000004,39.77140315999998,37.90577924705884,289,0.8554267448247498,0.015120848082005978,0.7521869540214539,0.36112851997560286,289,0.1685709492331103,-0.3011919856071472,0.30187973380088806,-0.014874689306767342,289,0.11420788629271521,290.0,0.191462642504634,164.00090575420148,7759.23847860706,0.031236251012441582,1.0148746893067673,0.36112851997560286,0.7952274639405775,0.704306451779007,0.7588590590759492,499.9999999999634
202,76.3208624021512,9.920212001437298,30.508568960000048,40.608818059999976,34.98454154750002,272,3.4122032974112724,-0.16363635659217834,0.7517335414886475,0.2508541555965648,272,0.2685013200154248,-0.46545931696891785,0.21458391845226288,-0.13803696632385254,272,0.16340112364713189,36.0,0.059624882322130486,411.4198391300215,2094.8741606217327,0.008433303770862497,1.1380369663238525,0.2508541555965648,0.2476480181016806,0.19015182882430082,0.2246495423907287,499.9999999999634
203,76.3254232475154,9.920212001437298,30.532495100000006,33.07892000000004,31.268930571764727,289,0.4060805644044449,-0.18408630788326263,0.7506857514381409,0.3952012111571421,289,0.265765947897217,-0.5189931392669678,0.014773433096706867,-0.2956140115599319,289,0.09669946888233022,41.0,0.01285133553527803,77.86182912072871,0.0,0.0,1.295614011559932,0.3952012111571421,0.05337717495318296,0.0,0.03202630497190977,707.1932574235327
204,76.3299840928796,9.920212001437298,30.337667960000033,33.36945170000001,31.14348095882354,289,0.6404004210780573,-0.10560472309589386,0.769707202911377,0.3405355169698854,289,0.28002079732484675,-0.5158730149269104,0.020394517108798027,-0.2963080752679633,289,0.09914959505340325,12.0,0.005628158620014845,116.50519165143807,814.6751660857697,0.003279625707035358,1.2963080752679632,0.3405355169698854,0.023376185805757805,0.07394810420639976,0.043604953166014586,499.9999999999634
205,76.3345449382438,9.920212001437298,30.170184980000045,31.578409220000026,30.930546591764728,289,0.3370980444024915,-0.06874189525842667,0.7927433848381042,0.47875274341411655,289,0.23615522606522904,-0.6337854266166687,-0.0891374945640564,-0.3570327494796172,289,0.07283233872665175,4.0,0.0010418924948264834,64.7028058297516,0.0,0.0,1.3570327494796173,0.47875274341411655,0.004327431793069149,0.0,0.0025964590758414895,0.0
206,76.33910578360799,9.920212001437298,29.961685760000023,31.759564280000006,30.404337090588257,289,0.34283803204171676,-0.21122807264328003,0.6400398015975952,0.07173151458423443,289,0.23192198366112315,-0.5139158368110657,-0.03739738464355469,-0.32050896350900193,289,0.09089419888555135,3.0,0.0003590150156020308,29.727032247963407,0.0,0.0,1.320508963509002,0.07173151458423443,0.001491145200123726,0.0,0.0008946871200742355,500.12228839089306
207,76.34366662897219,9.920212001437298,30.153094880000026,31.957809440000005,30.82056677176472,289,0.5881577322119185,-0.19764012098312378,0.7955732345581055,0.36999902428227727,289,0.29639360156219696,-0.5208333134651184,-0.1121833547949791,-0.3217911241788765,289,0.08562203016216337,4.0,0.0005380454021681252,33.41328146324019,0.0,0.0,1.3217911241788765,0.36999902428227727,0.002234736108589385,0.0,0.001340841665153631,500.12228839089306
208,76.34822747433638,9.920212001437298,30.453880640000023,34.75374980000004,31.811733436470604,289,0.99102888058405,-0.04579339548945427,0.8054913878440857,0.5377634437851427,289,0.20601753626802766,-0.4842263460159302,-0.020122485235333443,-0.29813609403722424,289,0.09640291363172082,34.0,0.010216484979638238,74.64191613789633,521.861201611043,0.0021008488825443707,1.2981360940372242,0.5377634437851427,0.04243349686635649,0.04736936649661855,0.04440784471846131,0.0
209,76.35278831970058,9.920212001437298,30.76833848000001,37.00622498000001,34.68204234235296,289,1.47642247274759,-0.03164556995034218,0.7993892431259155,0.5336792625770437,289,0.16429154926489672,-0.452531635761261,0.08417786657810211,-0.153236943545226,289,0.13526214336277448,313.0,0.102118549209175,81.04393032957572,4449.591749848167,0.017912655370027723,1.153236943545226,0.5336792625770437,0.42414266222685104,0.4038896582236894,0.41604146062558633,0.0
210,76.35734916506478,9.920212001437298,34.63411910000002,39.43301918000003,36.353974512941186,289,0.6546707293213571,0.14579841494560242,0.7332053780555725,0.44542612254000863,289,0.12873380841522594,-0.27656930685043335,0.18957136571407318,-0.048618778637948744,289,0.09322611667619582,386.0,0.19594086730712884,126.09501489363078,7407.898854075231,0.02982186830816577,1.0486187786379488,0.44542612254000863,0.8138274754418164,0.6724153370767555,0.757262620095792,0.0
211,76.36191001042897,9.920212001437298,32.29619342000001,42.50240114000002,36.309670350588256,289,2.2248646238484544,0.13085167109966278,0.7847113609313965,0.505537092479455,289,0.17045197439059248,-0.3761814832687378,0.2500549852848053,-0.08060976708224075,289,0.13661855393098396,237.0,0.11916556799679658,124.90005719731322,3844.4263523806003,0.015476450024431185,1.0806097670822408,0.505537092479455,0.49494633097857416,0.34895876584231106,0.4365513049240689,0.0
212,76.36647085579317,9.920212001437298,31.472450600000002,35.01351932,33.16877016588238,289,0.8385047943220595,0.4678609073162079,0.8395811319351196,0.6774004767922794,289,0.07941100948753428,-0.4969325065612793,0.1087174341082573,-0.1894837217759921,289,0.1412402736405433,1.0,0.00017272501035576132,42.90574262693723,836.4187007223339,0.0033671583312326965,1.1894837217759922,0.6774004767922794,0.0007174019440424136,0.07592176589642707,0.030799147524996278,0.0
213,76.37103170115736,9.920212001437298,32.661921559999996,36.196154240000055,34.21620997647061,289,0.7324904851693389,0.2590712904930115,0.7880564332008362,0.6178311146666847,289,0.10730374508983424,-0.32592591643333435,0.20012646913528442,-0.114780333627879,289,0.11333592416620653,3.0,0.003926633052263772,325.13165828126955,2151.791882962896,0.008662436599684149,1.114780333627879,0.6178311146666847,0.016309011528979567,0.19531825323256882,0.08791270821041527,0.0
214,76.37559254652156,9.920212001437298,34.04280163999999,39.21426589999999,36.17187328823531,289,1.038181888858387,0.03055497817695141,0.7619714140892029,0.5433798925274383,289,0.1472367685160559,-0.30485594272613525,0.12289485335350037,-0.09361680898699382,289,0.09940905084964662,10.0,0.006489131853166817,161.19322881542897,2630.834134537237,0.010590909871513208,1.0936168089869938,0.5433798925274383,0.026952181372117915,0.23880094156451953,0.11169168544907856,0.0
215,76.38015339188576,9.920212001437298,32.91485504000002,37.96327058000003,34.86261122375002,272,1.1468465131104733,0.2280491441488266,0.7699026465415955,0.6128792482263902,272,0.12858424848626737,-0.353699654340744,0.13770870864391327,-0.1399246945100672,272,0.09861833501131329,3.0,0.0017228012733372625,142.65077164933913,2326.8481851823813,0.009367158153547163,1.1399246945100672,0.6128792482263902,0.007155541517382067,0.21120812224712351,0.08877657380927864,0.0
216,76.38471423724995,9.920212001437298,32.679011660000015,38.84511974000003,35.44234481882354,289,1.3879306479020215,0.21207349002361298,0.7863564491271973,0.5973670193893275,289,0.14508431480080347,-0.3271208107471466,0.16061340272426605,-0.11876683746654682,289,0.10867024047367149,1.0,0.0008153336230238271,202.53288456891812,4321.8484769204515,0.01739840117493856,1.1187668374665467,0.5973670193893275,0.0033864344543715792,0.39229439516502546,0.15894961873863314,0.0
217,76.38927508261415,9.920212001437298,34.083817880000026,38.349506840000004,35.96847153058825,289,0.9368043406082334,0.1418110877275467,0.7663323283195496,0.52302366474508,289,0.15016507840618634,-0.31420600414276123,0.16379788517951965,-0.07856825066272775,289,0.0986492992448336,10.0,0.01139263176176125,282.9985797695419,6050.8638369679675,0.024358872610339883,1.0785682506627277,0.52302366474508,0.04731854499132905,0.549237202975861,0.24808600818514184,0.0
218,76.39383592797834,9.920212001437298,33.663401420000014,37.676156900000024,35.714757464705905,289,0.8370934241692362,0.1888590306043625,0.7948718070983887,0.5226721846108618,289,0.150312649540919,-0.37425559759140015,0.1911357343196869,-0.08096106242143572,289,0.1144549641312505,12.0,0.007042527999464999,145.78321786640126,3702.083620755527,0.014903423005465842,1.0809610624214356,0.5226721846108618,0.029250675784491552,0.33603830921196093,0.1519657291554793,0.0
219,76.39839677334254,9.920212001437298,0.0,37.891492159999984,30.919414252941195,289,11.358785245981528,0.0,0.8030333518981934,0.5240601536311905,289,0.23873166322696487,-0.3252367377281189,0.1269383281469345,-0.12389144105482267,289,0.10401628443100658,9.0,0.003976730336450739,109.75993186514211,2146.700195252904,0.008641939068151281,1.1238914410548226,0.5240601536311905,0.01651708729631025,0.1948560804930044,0.0878526845749879,0.0
220,76.20228042268211,9.924703557312252,28.73803459999999,29.045656399999984,28.920231087968766,256,0.05483009520140276,-0.2410958856344223,-0.1731044352054596,-0.20225074887275696,256,0.009838848143036464,-0.34937000274658203,-0.25028833746910095,-0.31147292256355286,256,0.017335601715788695,0.0,0.0,0.0,0.0,0.0,1.3114729225635529,0.0,0.0,0.0,0.0,5409.191336677854
221,76.2068412680463,9.924703557312252,28.68676430000005,29.12768888000005,28.919642045000018,272,0.07623997623646478,-0.2412371188402176,-0.18364419043064117,-0.20900148503920613,272,0.012540068054158613,-0.34655776619911194,-0.2448979616165161,-0.31041711919447956,272,0.017177892384283865,0.0,0.0,0.0,0.0,0.0,1.3104171191944796,0.0,0.0,0.0,0.0,5000.738783289784
222,76.2114021134105,9.924703557312252,28.741452620000018,29.059328479999976,28.909551346250023,272,0.05101337714040313,-0.2539142370223999,-0.1834992915391922,-0.2207222545848173,272,0.013185418591575787,-0.3434935510158539,-0.2511627972126007,-0.3063766535590677,272,0.01728535657500789,0.0,0.0,0.0,0.0,0.0,1.3063766535590677,0.0,0.0,0.0,0.0,4528.725087349864
223,76.2159629587747,9.924703557312252,28.799558960000013,29.076418579999995,28.91794560125002,272,0.05494726556294528,-0.25853657722473145,-0.18971507251262665,-0.22530213524313533,272,0.0122567334005833,-0.35648149251937866,-0.2444959431886673,-0.29500215193804574,272,0.019461525784613052,0.0,0.0,0.0,0.0,0.0,1.2950021519380457,0.0,0.0,0.0,0.0,4032.0451855974866
224,76.22052380413889,9.924703557312252,28.826903119999997,29.093508680000014,28.976592290000024,272,0.06244887673206309,-0.2600834369659424,-0.19249479472637177,-0.22923918331370635,272,0.010955229121768311,-0.3469387888908386,-0.2633979618549347,-0.3060927671544692,272,0.015542487917456587,0.0,0.0,0.0,0.0,0.0,1.3060927671544693,0.0,0.0,0.0,0.0,3536.3337975143245
225,76.22508464950309,9.924703557312252,28.782468859999994,29.206303339999977,29.02854116750002,272,0.07430003144209887,-0.25718194246292114,-0.20316623151302338,-0.22753272337072036,272,0.008861929288816165,-0.3558558523654938,-0.2654867172241211,-0.3081383424646714,272,0.017241051103480166,0.0,0.0,0.0,0.0,0.0,1.3081383424646713,0.0,0.0,0.0,0.0,3042.06442453454
226,76.22964549486728,9.924703557312252,28.908935600000007,29.216557400000056,29.03829257750002,272,0.061308089861136596,-0.26918238401412964,-0.20663265883922577,-0.23169980329625747,272,0.011446905041346227,-0.3590568006038666,-0.28008997440338135,-0.31675007764030905,272,0.014590294512950987,0.0,0.0,0.0,0.0,0.0,1.3167500776403092,0.0,0.0,0.0,0.0,2550.075701901733
227,76.23420634023148,9.924703557312252,28.70385440000001,29.086672640000018,28.901094260000015,272,0.06655480819104119,-0.27886977791786194,-0.21556515991687775,-0.2530163877150592,272,0.011820665746897378,-0.3810010254383087,-0.28317660093307495,-0.3287089291740866,272,0.01832569850286178,0.0,0.0,0.0,0.0,0.0,1.3287089291740866,0.0,0.0,0.0,0.0,2062.000750406008
228,76.23876718559568,9.924703557312252,28.70385440000001,29.172123140000053,28.93431942500002,272,0.10940265874468968,-0.3127147853374481,-0.23418423533439636,-0.2631076924941119,272,0.013844994539454548,-0.40956342220306396,-0.31004366278648376,-0.3624282163732192,272,0.020464014506316616,0.0,0.0,0.0,0.0,0.0,1.3624282163732193,0.0,0.0,0.0,0.0,1581.467353679689
229,76.24332803095987,9.924703557312252,28.98071402000005,29.75318654,29.291854370000017,272,0.13737171609362564,-0.38533177971839905,-0.27123287320137024,-0.3237040463615866,272,0.023629571945841782,-0.4017094075679779,-0.27944573760032654,-0.34497350804946003,272,0.024638505275452745,0.0,0.0,0.0,0.0,0.0,1.34497350804946,0.0,0.0,0.0,0.0,1118.2404811437957
230,76.24788887632407,9.924703557312252,29.31226196,39.03994688,32.19048612500002,272,3.355654111008254,-0.3776775598526001,0.6067571043968201,-0.08859356010661405,272,0.2924384359069335,-0.3764258623123169,0.17726397514343262,-0.22041033296024098,272,0.16556124537355071,157.0,0.04629372751462516,73.24579456121806,2272.3457228642433,0.009147748401100539,1.220410332960241,0.0,0.1922779454322035,0.20626093110789745,0.1978711397024811,707.1884072983306
231,76.25244972168827,9.924703557312252,35.478370040000016,40.20207368000001,37.724335902500016,272,0.9986200969228115,0.1217154935002327,0.730799674987793,0.3913014916812672,272,0.1458536194178012,-0.2996254563331604,0.21396397054195404,-0.05091120215023265,272,0.11433819027448587,243.0,0.09241395552348035,94.46947062190543,9330.547638616008,0.03756184694244313,1.0509112021502327,0.3913014916812672,0.38383527210471835,0.8469342601889408,0.5690748673384074,499.9999999999634
232,76.25701056705246,9.924703557312252,34.497398299999986,68.83140920000005,38.59720019375002,272,4.661362879963077,0.10288248211145401,0.745908260345459,0.36718346090877757,272,0.1432233019139527,-0.44853976368904114,0.30683133006095886,-0.019110965378144208,272,0.13483744041069592,404.0,0.19576639291946513,120.36964220886586,7948.60229973592,0.03199857013251559,1.0191109653781443,0.36718346090877757,0.8131028075744487,0.7214950149765805,0.7764596905353014,499.9999999999634
233,76.26157141241666,9.924703557312252,33.57453290000001,70.73524634,38.031308789590184,244,6.302749185882009,0.036377135664224625,0.7666386961936951,0.39509618282318115,256,0.17113124427960344,-0.3673328757286072,0.24940069019794464,-0.08778497576713562,256,0.1278460950606289,264.0,0.10998874984389512,103.49146501320759,7794.998178150919,0.03138020830337434,1.0877849757671356,0.39509618282318115,0.4568310217395979,0.7075523614352005,0.5571195576178389,707.1884072983306
234,76.26613225778085,9.924703557312252,35.16733022000005,39.016020740000044,37.58344310750002,272,0.8466406336228146,0.12087912112474442,0.7418784499168396,0.3893781549790326,272,0.15989657145934258,-0.3020566701889038,0.23276077210903168,-0.024861812591552734,272,0.11745583875179298,480.0,0.1931111360392634,99.93699286598095,8951.644047718542,0.036036500388471324,1.0248618125915527,0.3893781549790326,0.8020743731637908,0.8125411629272588,0.806261089069178,1118.0856154235416
235,76.27069310314505,9.924703557312252,36.907102399999985,42.898891460000016,39.18457185125002,272,1.1934277027088775,0.098946213722229,0.6802284121513367,0.3421390757841222,272,0.12816275835843624,-0.20089443027973175,0.24994410574436188,0.04397853683022892,272,0.09398249411353556,522.0,0.211435521563375,100.61613816493454,8160.315240524744,0.03285085977141442,0.9560214631697711,0.3421390757841222,0.8781835004482742,0.740712208846029,0.823194983807376,1414.3768145966612
236,76.27525394850925,9.924703557312252,36.790889719999996,40.80022717999998,38.54258727125002,272,0.7208001656135233,0.03837146610021591,0.7811274528503418,0.3297073700848748,272,0.14965301327213942,-0.3579370379447937,0.40166205167770386,0.04962137867422665,272,0.11101800274269935,616.0,0.2474816052634441,99.7981310252904,10804.150203516041,0.0434941068847949,0.9503786213257733,0.3297073700848748,1.0,0.9806932362377739,0.9922772944951096,1118.0856154235416
237,76.27981479387344,9.924703557312252,29.961685760000023,40.130295260000025,35.63572462250002,272,2.703965127603776,-0.3382899761199951,0.7881603837013245,0.23830705530503216,272,0.3018876097488054,-0.4804692566394806,0.21770107746124268,-0.14958576595082002,272,0.1825406483072178,27.0,0.012899747713905663,118.68003027326944,3768.683106168621,0.015171531563979473,1.14958576595082,0.23830705530503216,0.05357825174565938,0.3420835477222772,0.1689803701363065,707.1884072983306
238,76.28437563923764,9.924703557312252,29.636973860000012,38.56826011999999,31.09546310000002,272,2.0927944935963874,-0.352480411529541,0.7315836548805237,-0.15831621955422795,272,0.24198122164996472,-0.4633699655532837,0.1912384182214737,-0.3453520045560949,272,0.1016117478573053,0.0,0.0,0.0,306.13601517662994,0.0012324072059868572,1.345352004556095,0.0,0.0,0.027787980895971055,0.011115192358388423,499.9999999999634
239,76.28893648460183,9.924703557312252,29.431892660000017,32.42607817999999,30.11070891875002,272,0.5347013329306275,-0.3322368562221527,0.7724043130874634,-0.18426004578085506,272,0.21189332213759746,-0.4451827108860016,0.06506238877773285,-0.3121611090267406,272,0.11056864129628874,0.0,0.0,0.0,995.103820256249,0.004005974658294538,1.3121611090267407,0.0,0.0,0.09032562186724176,0.03613024874689671,499.9999999999634
240,76.29349732996603,9.924703557312252,29.325934039999993,33.21564080000002,30.504861916250018,272,1.2111346419316846,-0.3053824305534363,0.7615467309951782,0.017484075882855582,272,0.395849386427671,-0.4661857485771179,-0.007092198356986046,-0.3235217262716854,272,0.11626368078609858,0.0,0.0,0.0,0.0,0.0,1.3235217262716854,0.017484075882855582,0.0,0.0,0.0,707.1884072983306
241,76.29805817533023,9.924703557312252,29.199467300000038,29.989029920000007,29.392748791250018,272,0.14941199540823388,-0.40726330876350403,-0.18135158717632294,-0.3121165107278263,272,0.0477101573129542,-0.45126354694366455,-0.24659231305122375,-0.3516838971306296,272,0.04442954255830228,0.0,0.0,0.0,0.0,0.0,1.3516838971306295,0.0,0.0,0.0,0.0,1118.0856154235416
242,76.30261902069442,9.924703557312252,29.531015239999988,34.83236426000002,30.37079259500002,272,1.0776001425358728,-0.4269449710845947,0.5568585395812988,-0.21842513364904068,272,0.15444433065479532,-0.4550810158252716,0.1906851977109909,-0.32106713687672334,272,0.10718733357986152,4.0,0.002935871190523059,182.32121310482316,696.049739967827,0.0028020770923234805,1.3210671368767233,0.0,0.012193947449771304,0.06318046854340884,0.03258855588722632,1118.0856154235416
243,76.30717986605862,9.924703557312252,29.68824416000001,37.300174700000014,31.07704097750002,272,2.0011921468642013,-0.32642486691474915,0.7227877974510193,-0.09879173250759349,272,0.28324560984471464,-0.4327731132507324,0.1249438226222992,-0.28778956918155446,272,0.11278353924353376,23.0,0.011944079834289453,128.9986179489638,855.4271651721277,0.0034436804240323784,1.2877895691815544,0.0,0.049608948207721035,0.07764716513338996,0.060824234977988605,707.1884072983306
244,76.31174071142281,9.924703557312252,32.84307662000003,38.872463900000014,37.32555852500003,272,0.6525658479205287,0.09703091531991959,0.6984629034996033,0.37964652566348805,272,0.13948108738488704,-0.25862646102905273,0.3500913977622986,-0.0016399052213220036,272,0.09104520796237558,439.0,0.18831280571961237,106.55541619500764,9422.807301603018,0.03793325529641124,1.001639905221322,0.37964652566348805,0.7821448244992105,0.8553086742580354,0.8114103644027404,499.9999999999634
245,76.31630155678701,9.924703557312252,35.211764480000056,41.01898046000002,38.00819492375002,272,1.3490616579117,-0.010309278033673763,0.7823899388313293,0.36803405425127816,272,0.20549321278383154,-0.3946850299835205,0.28746575117111206,-0.024631356491762048,272,0.1475333367137264,255.0,0.16102647886013277,156.86184247013387,8548.989049390753,0.03441553814664074,1.024631356491762,0.36803405425127816,0.6688128646721521,0.7759921492650008,0.7116845785092916,500.1154300930797
246,76.3208624021512,9.924703557312252,30.809354719999988,44.14988678000003,36.861306272656265,256,3.1961490432476447,-0.08167770504951477,0.8028616905212402,0.479261577129364,256,0.24466102847949536,-0.5153324007987976,0.4292057752609253,-0.13509652018547058,256,0.2042095850120935,69.0,0.07099675203558821,255.5933711796894,3579.4532039658225,0.014409751559335576,1.1350965201854706,0.479261577129364,0.29488032929406777,0.32490714035209584,0.306891053717279,0.0
247,76.3254232475154,9.924703557312252,30.29323370000003,36.92761052000003,32.174514421250024,272,1.7394674935982244,-0.1242278665304184,0.782293975353241,0.244600071626551,272,0.3132521499666409,-0.500885546207428,0.1587171107530594,-0.24702386295094209,272,0.1255435454139648,10.0,0.0038848538196501127,96.50168078488814,1218.844778207329,0.004906685307102783,1.247023862950942,0.244600071626551,0.016135484240511585,0.11063459943593357,0.05393513031868038,500.1154300930797
248,76.3299840928796,9.924703557312252,30.99392780000005,36.86608616000001,33.072649441250014,272,1.115545675888234,-0.02533172443509102,0.8044164180755615,0.5867936190436868,272,0.19751018635174658,-0.45389434695243835,0.0811038538813591,-0.26808393702787514,272,0.10108894017929852,42.0,0.013096466717519979,77.4577806194159,2225.561195363898,0.008959408624132942,1.2680839370278751,0.5867936190436868,0.05439531115895638,0.2020142972851617,0.11344290560943851,0.0
249,76.3345449382438,9.924703557312252,30.368430139999987,37.64881274000004,31.983482288750018,272,1.7214333795220274,-0.12547528743743896,0.7695685625076294,0.2305915636174819,272,0.23104005137558078,-0.618745744228363,0.09179899841547012,-0.24393925947301529,272,0.14285912404316273,3.0,0.01918133543870781,1588.2460408774193,1658.5563728285974,0.006676825737834408,1.2439392594730152,0.2305915636174819,0.07966841226244935,0.1505472421350391,0.10801994421148525,499.9999999999634
250,76.33910578360799,9.924703557312252,30.08815249999998,31.21268108000004,30.509498862500013,272,0.24306882660340967,-0.26127415895462036,0.633038341999054,0.07465631120345172,272,0.22039835592843532,-0.539383590221405,-0.09311740845441818,-0.31099790685317097,272,0.0865178687025076,2.0,0.0002636419047693074,32.744973320333315,0.0,0.0,1.310997906853171,0.07465631120345172,0.0010950192715170808,0.0,0.0006570115629102485,707.1884072983306
251,76.34366662897219,9.924703557312252,30.077898440000013,32.45684036,30.49436909750002,272,0.5583480676066889,-0.2447325736284256,0.7479467391967773,0.10044361563289866,272,0.24351662610734984,-0.49358972907066345,-0.06256860494613647,-0.3214626873240751,272,0.0809721593686001,2.0,0.00017527724522694316,21.769865164795863,0.0,0.0,1.3214626873240751,0.10044361563289866,0.0007280024833300791,0.0,0.00043680148999804746,500.1154300930797
252,76.34822747433638,9.924703557312252,30.740994320000027,36.22008038000001,33.03835614500002,272,1.33171129010104,0.03366336598992348,0.8024629354476929,0.5616425906910616,272,0.17445188104413023,-0.5245347023010254,0.11902380734682083,-0.2701577298781451,272,0.11957005734553279,38.0,0.015926643747979582,104.11201812916501,1002.1057584562722,0.004034162256831757,1.2701577298781452,0.5616425906910616,0.0661502648825309,0.09096118813612636,0.07607463418396908,0.0
253,76.35278831970058,9.924703557312252,33.81721232000001,37.395879260000015,35.871693665000016,272,0.7561538136283933,0.10148850083351135,0.7346084713935852,0.45101289188160615,272,0.14678443242351955,-0.29265034198760986,0.17151044309139252,-0.07141279473024256,272,0.09760961580168805,287.0,0.11853015513745434,102.59050130439306,5732.318562503922,0.023076509633687018,1.0714127947302425,0.45101289188160615,0.4923071855553215,0.5203228330145169,0.5035134445389996,0.0
254,76.35734916506478,9.924703557312252,34.7195696,43.127898800000025,37.462920203750016,272,1.7852162504398548,0.06490311026573181,0.7806949615478516,0.44336734098546643,272,0.16214428475574777,-0.3256683051586151,0.30787160992622375,-0.05068136663997874,272,0.1183410757824319,221.0,0.15284795585217487,171.80173965906948,4807.251587519948,0.019352481262399378,1.0506813666399788,0.44336734098546643,0.634843908507554,0.43635445897816877,0.5554481286958,0.0
255,76.36191001042897,9.924703557312252,33.284001200000034,43.35690613999998,35.87219631500002,272,2.3164894248263437,0.1320754736661911,0.7692956328392029,0.5516219419591567,272,0.16503460177510068,-0.46282628178596497,0.1905737668275833,-0.13553970000323126,272,0.12959902765225287,98.0,0.05180978437902178,131.324545082976,3748.6010104368656,0.015090687369686117,1.1355397000032312,0.5516219419591567,0.21518852398603272,0.34026069492195216,0.2652173923604005,0.0
256,76.36647085579317,9.924703557312252,33.66681944000004,38.78701339999998,35.79336822875001,272,1.0946652676173854,0.13204325735569,0.7738322615623474,0.537261401905733,272,0.13642988551130103,-0.3935839831829071,0.1727929562330246,-0.10100723014158361,272,0.09731474857680911,37.0,0.037393996126177324,251.05007215646043,3580.1365478601665,0.014412502486694028,1.1010072301415836,0.537261401905733,0.15531349780312392,0.32496916751041777,0.22317576568604147,0.0
257,76.37103170115736,9.924703557312252,34.31966126000003,38.411031200000025,35.973316928750016,272,0.8758901256002523,0.1936589479446411,0.7625418305397034,0.5189407012041878,272,0.1370457188286377,-0.3316326439380646,0.13982079923152924,-0.09467888579649084,272,0.09024534115106092,6.0,0.009900576791653199,409.8920000120016,5122.324367845715,0.02062086507101384,1.0946788857964909,0.5189407012041878,0.04112139303302866,0.46495363047872357,0.21065428801130662,0.0
258,76.37559254652156,9.924703557312252,35.22543656000005,38.674218740000015,36.89410889750002,272,0.6964154161044409,0.13425925374031067,0.7521982192993164,0.4574100269990809,272,0.12469433820326045,-0.2884012460708618,0.17383937537670135,-0.05471880996928496,272,0.08202096585399903,53.0,0.0517121552905795,242.36894098278427,6760.299228047641,0.027214836119384207,1.054718809969285,0.4574100269990809,0.21478302800314455,0.6136326877177447,0.3743228918889846,0.0
259,76.38015339188576,9.924703557312252,34.449546020000014,37.365117080000005,35.88191002625001,256,0.7092718044657009,0.13619063794612885,0.7882871627807617,0.5359909534454346,256,0.15648931441049194,-0.3253190219402313,0.16591928899288177,-0.0898694321513176,256,0.11294641171825982,35.0,0.02194688313708158,155.76325089617177,6348.01939254719,0.025555127313608195,1.0898694321513176,0.5359909534454346,0.09115493231573464,0.5762100271200667,0.2851769702374675,0.0
260,76.38471423724995,9.924703557312252,32.60723324000003,38.725489040000014,35.70574376750001,272,1.2313239301709011,0.1923641711473465,0.7818182110786438,0.5358665690702551,272,0.1379453705582309,-0.34397897124290466,0.1511603593826294,-0.10533011660856359,272,0.09551955335392921,20.0,0.012395802803301766,153.95892107265766,5743.303413755785,0.02312073118609626,1.1053301166085636,0.5358665690702551,0.051485149780791224,0.521319928493648,0.23941906126593399,0.0
261,76.38927508261415,9.924703557312252,33.09259208000003,39.016020740000044,36.25941274250002,272,1.0114598873821101,0.1302170306444168,0.7689602971076965,0.4984854529885685,272,0.14928027078116174,-0.33246463537216187,0.25094130635261536,-0.0802314982694738,272,0.10301263930635413,13.0,0.01152945943698597,220.30572812380584,5381.443307898447,0.02166399633652148,1.0802314982694738,0.4984854529885685,0.04788684972034796,0.48847386919292785,0.22412165750937993,0.0
262,76.39383592797834,9.924703557312252,33.65998339999999,37.80945968000003,34.97526765500002,272,0.8463466497468325,0.26829269528388977,0.7884615659713745,0.6023174173691693,272,0.1271700486416763,-0.30614036321640015,0.07102884352207184,-0.12703867519603057,272,0.08892107484530745,13.0,0.008505733892979787,162.52816610889698,2860.7732060227017,0.011516572173850012,1.1270386751960306,0.6023174173691693,0.03532800500496603,0.2596725221983397,0.1250658118823155,0.0
263,76.39839677334254,9.924703557312252,0.0,38.61269437999999,31.928748019191197,272,11.685784261370399,0.0,0.7947883009910583,0.48430801840389476,272,0.22417815546447772,-0.28849756717681885,0.12577833235263824,-0.07498641575084013,272,0.0985036027696941,10.0,0.00547487079648232,135.99848500560242,2609.8012564786623,0.010506238126938907,1.0749864157508402,0.48430801840389476,0.022739514935837108,0.23689178620642898,0.10840042344407386,0.0
264,76.20228042268211,9.929195113187207,28.741452620000018,29.052492440000037,28.884632472500016,272,0.06789976876976743,-0.26868686079978943,-0.19244226813316345,-0.22908616065979004,272,0.012827086497588859,-0.34959349036216736,-0.2714453637599945,-0.3055297066183651,272,0.015447156557773595,0.0,0.0,0.0,0.0,0.0,1.305529706618365,0.0,0.0,0.0,0.0,5148.669247604772
265,76.2068412680463,9.929195113187207,28.751706679999984,29.11401680000006,28.938704307058842,289,0.06772158804178689,-0.2697323262691498,-0.20387007296085358,-0.2373072218317474,289,0.011384220920192702,-0.34787601232528687,-0.26620370149612427,-0.3091465511124027,289,0.016572205729436462,0.0,0.0,0.0,0.0,0.0,1.3091465511124027,0.0,0.0,0.0,0.0,4717.727117222599
266,76.2114021134105,9.929195113187207,28.87133738,29.233647500000018,29.06405930352943,289,0.07341811736747898,-0.27184465527534485,-0.20280702412128448,-0.2403571052947259,289,0.01094064685123377,-0.34545454382896423,-0.26254376769065857,-0.29811814252068014,289,0.015222788678117388,0.0,0.0,0.0,0.0,0.0,1.2981181425206803,0.0,0.0,0.0,0.0,4301.781078221195
267,76.2159629587747,9.929195113187207,28.830321140000024,29.24731958000001,29.02092602000002,289,0.07523245014776467,-0.27162978053092957,-0.209427610039711,-0.23531465629392842,289,0.010233268573042626,-0.3486766517162323,-0.2511627972126007,-0.29983256514922146,289,0.016114352026835376,0.0,0.0,0.0,0.0,0.0,1.2998325651492215,0.0,0.0,0.0,0.0,3905.6252890317605
268,76.22052380413889,9.929195113187207,28.78588688000002,29.083254620000048,28.992694830588256,289,0.054864054669780296,-0.2594059407711029,-0.2037159949541092,-0.2316369713383975,289,0.00974614865448022,-0.33409610390663147,-0.25720876455307007,-0.2931903192328747,289,0.01290035079356587,0.0,0.0,0.0,0.0,0.0,1.2931903192328746,0.0,0.0,0.0,0.0,3535.9177751646052
269,76.22508464950309,9.929195113187207,28.789304900000047,29.172123140000053,29.032906830588253,289,0.0923403917437393,-0.268163800239563,-0.19715578854084015,-0.23075370392584882,289,0.011481153967583205,-0.33944955468177795,-0.24637681245803833,-0.2951910421510056,289,0.015346886031078687,0.0,0.0,0.0,0.0,0.0,1.2951910421510056,0.0,0.0,0.0,0.0,3162.89565087519
270,76.22964549486728,9.929195113187207,28.943115799999987,29.21313938000003,29.076726083529433,289,0.06012186909639768,-0.27799227833747864,-0.20251572132110596,-0.23985375005068663,289,0.012285893251250908,-0.3586132228374481,-0.2709677517414093,-0.30451619501344884,289,0.01836022418895038,0.0,0.0,0.0,0.0,0.0,1.304516195013449,0.0,0.0,0.0,0.0,2693.0864287515506
271,76.23420634023148,9.929195113187207,28.878173420000053,29.34302414000001,29.065395761176493,289,0.08378543907123576,-0.29389554262161255,-0.21975308656692505,-0.2628987982198854,289,0.010937274923490663,-0.3869653642177582,-0.25,-0.325712632967939,289,0.025211954810496578,0.0,0.0,0.0,0.0,0.0,1.325712632967939,0.0,0.0,0.0,0.0,2236.456413200232
272,76.23876718559568,9.929195113187207,28.88842748000002,29.531015239999988,29.26256465882355,289,0.15036731422902525,-0.36899563670158386,-0.22408026456832886,-0.29033592250520385,289,0.03339220419939711,-0.41818180680274963,-0.27032968401908875,-0.34328547811013194,289,0.02955906238696419,0.0,0.0,0.0,0.0,0.0,1.343285478110132,0.0,0.0,0.0,0.0,1803.046650694648
273,76.24332803095987,9.929195113187207,29.192631259999985,30.009538040000052,29.604224734117665,289,0.17487855518700157,-0.37650933861732483,-0.27220630645751953,-0.32161913281081045,289,0.02509155637510677,-0.4125269949436188,-0.2735426127910614,-0.3406400053558878,289,0.026351354067808763,0.0,0.0,0.0,0.0,0.0,1.3406400053558878,0.0,0.0,0.0,0.0,1414.367110065842
274,76.24788887632407,9.929195113187207,29.643809900000008,39.85343564000004,34.55649811294119,289,3.2831414715575464,-0.32451677322387695,0.7344945669174194,0.1686714066766125,289,0.3267781211451276,-0.3680154085159302,0.18100188672542572,-0.12255645540758812,289,0.1606537898070031,413.0,0.12087893099544358,72.7044100649597,4086.5729162726193,0.016451255847500717,1.1225564554075882,0.1686714066766125,0.5020626712442252,0.3709384211519753,0.44961297120732524,1000.2171374437394
275,76.25244972168827,9.929195113187207,35.76890174000005,39.65177246000002,37.89071157411767,289,0.8927108135127535,0.08460325747728348,0.7047086954116821,0.37504947226765245,289,0.14489429105058965,-0.29953357577323914,0.19465608894824982,-0.015397697171537933,289,0.10144447828084324,557.0,0.2186861521764459,97.52731858146394,9524.457217053186,0.03834246585014653,1.015397697171538,0.37504947226765245,0.9082985167197264,0.864535441997129,0.8907932868306875,500.1085687218697
276,76.25701056705246,9.929195113187207,36.346547120000025,64.96221056000002,40.829961563776244,286,6.246684191347373,0.09910688549280167,0.8025466799736023,0.42038235779864563,289,0.1521421041738541,-0.39526093006134033,0.29653841257095337,-0.03566759762879474,289,0.12818382828293537,252.0,0.1514508360906656,149.29021047644505,8344.041266385348,0.03359048290287543,1.0356675976287948,0.42038235779864563,0.6290410636797992,0.757389029094576,0.6803802498457099,0.0
277,76.26157141241666,9.929195113187207,36.04234334,74.78218202000005,40.700389804942986,263,8.408885843409085,0.030843203887343407,0.6778696775436401,0.32880034166223865,272,0.13658757250084477,-0.27878129482269287,0.2519475221633911,0.007315333275233998,272,0.10428440814668846,561.0,0.23058242273671734,102.09948057708623,10883.805576764593,0.04381477433690912,0.992684666724766,0.32880034166223865,0.957708892259522,0.9879235583180268,0.969794758682924,500.1085687218697
278,76.26613225778085,9.929195113187207,36.87975824,40.01066456000001,38.6303285247059,289,0.6068436033034587,0.07185792177915573,0.7284889817237854,0.32363300257488103,289,0.1312691672379053,-0.2815934121608734,0.21871112287044525,0.025815689852493443,289,0.0935188228106477,645.0,0.2500209569251196,96.28904831253978,8568.590444045118,0.03449444718975183,0.9741843101475065,0.32363300257488103,1.0,0.7777713688052943,0.9111085475221177,1000.2171374437394
279,76.27069310314505,9.929195113187207,29.85572714,42.112746860000016,36.50421364117649,289,3.5148194293173187,-0.2859468162059784,0.7413083910942078,0.2234297491687392,289,0.2797253258316367,-0.4148571491241455,0.3730158805847168,-0.08082515228165887,289,0.1971511245712912,274.0,0.13839141293764512,125.4638980210868,5214.552643542735,0.020992147069635172,1.0808251522816588,0.2234297491687392,0.5747996105239859,0.47332519552198865,0.534209844523187,1118.0825463752176
280,76.27525394850925,9.929195113187207,29.70191624000006,38.63320250000004,32.21041176235296,289,3.0280145807449266,-0.28578314185142517,0.7471230626106262,-0.03642448504490836,289,0.3125878510381341,-0.4914071559906006,0.3151973783969879,-0.27514711795793684,289,0.14475389082622325,39.0,0.023817846420379485,151.70436586558097,900.4203567126063,0.0036248088464521976,1.2751471179579368,0.0,0.09892585497427321,0.08173119930445677,0.09204799270634663,707.183555032921
281,76.27981479387344,9.929195113187207,29.790784760000008,36.722529320000035,31.670388256470606,289,2.1804622422182036,-0.3591814637184143,0.7124386429786682,-0.09548529126652384,289,0.2710656738445866,-0.4278026819229126,0.1544370800256729,-0.27091679028573745,289,0.1384691772082627,0.0,0.0,0.0,888.4685368850613,0.0035766945830205503,1.2709167902857375,0.0,0.0,0.08064633204096838,0.03225853281638735,499.9999999999634
282,76.28437563923764,9.929195113187207,29.896743380000032,37.300174700000014,33.51999833176472,289,2.2169285741029703,-0.29600778222084045,0.8224105834960938,0.2949095993305985,289,0.38561801549856856,-0.47244805097579956,0.1468685120344162,-0.21944308693433714,289,0.16025639042134596,0.0,0.0,0.0,1058.7162098222007,0.004262058109455584,1.2194430869343371,0.2949095993305985,0.0,0.09609972154311901,0.038439888617247606,499.9999999999634
283,76.28893648460183,9.929195113187207,31.038362060000054,38.30507258,34.55057275647061,289,1.7525609770726092,-0.1644134372472763,0.8041459321975708,0.5374332414778871,289,0.20012868656916988,-0.46200981736183167,0.20192579925060272,-0.13808999507072475,289,0.13689850273716472,1.0,0.0068004749724215096,1689.2714512314571,2480.506789807964,0.009985739314255074,1.1380899950707248,0.5374332414778871,0.028245324493415144,0.22515572121673091,0.10700948318274145,0.0
284,76.29349732996603,9.929195113187207,29.41138454000003,33.42414001999998,31.362577223529428,289,1.3242411453501615,-0.24608968198299408,0.7688429951667786,0.20223026209636544,289,0.3827314965151392,-0.4465753436088562,0.02850412204861641,-0.24871609697704908,289,0.126170371142127,0.0,0.0,0.0,1255.7998865884006,0.0050554549376233245,1.248716096977049,0.20223026209636544,0.0,0.11398901641006602,0.04559560656402641,500.1085687218697
285,76.29805817533023,9.929195113187207,29.356696220000003,34.94857694000001,30.237800275294134,289,1.2363964824563072,-0.29463309049606323,0.7573292255401611,-0.07114782630366025,289,0.2849560403373747,-0.5323825478553772,0.13987058401107788,-0.3749988912298605,289,0.10882774004121756,10.0,0.0038717134129988744,96.17526661670829,605.587646638211,0.0024379051878066246,1.3749988912298605,0.0,0.01608090642773456,0.054969219959008955,0.03163623184024432,1000.2171374437394
286,76.30261902069442,9.929195113187207,30.255635480000024,37.61463254,33.93230142941179,289,2.1151503568821144,-0.24056094884872437,0.6148582696914673,0.13187485005203828,289,0.20977542201178612,-0.4725415110588074,0.21077655255794525,-0.07264413140636827,289,0.1991324172108856,32.0,0.03811748560189558,295.892844255076,6543.608040234651,0.026342505625435296,1.0726441314063684,0.13187485005203828,0.15831846364626068,0.5939636181252679,0.33257652543786353,707.183555032921
287,76.30717986605862,9.929195113187207,30.21120122000002,37.23865034000005,33.803374661176484,289,2.3999249228899253,-0.2437703162431717,0.7525489330291748,0.26502130105833693,289,0.3268482891109321,-0.475594162940979,0.13534675538539886,-0.17450109567609212,289,0.1392262907670932,27.0,0.014393028872819758,132.41848912354487,3342.2772144312057,0.01345495570357558,1.1745010956760922,0.26502130105833693,0.0597804965983322,0.3033786643171269,0.15721976368585008,499.9999999999634
288,76.31174071142281,9.929195113187207,35.54331242000001,38.28456446000001,37.115708063529425,289,0.7278400525948988,0.05430711433291435,0.7245935201644897,0.4132859385137327,289,0.1495150491011443,-0.3021292984485626,0.2561071813106537,-0.028050115776721993,289,0.10266756254321423,103.0,0.07899758790652785,190.51834579920066,7022.13063768503,0.0282688869333815,1.028050115776722,0.4132859385137327,0.32811127364864673,0.637399137427267,0.4518264191600948,0.0
289,76.31630155678701,9.929195113187207,35.902204520000055,41.52142939999999,38.06285441529413,289,1.2716987580475945,0.009019607678055763,0.755150556564331,0.3609368083386273,289,0.1735200175714777,-0.28966522216796875,0.21709702908992767,-0.004082405855911414,289,0.10930234017298437,65.0,0.0807741559640191,308.6876594778333,9037.878528439378,0.036383653255746926,1.0040824058559115,0.3609368083386273,0.3354901319595698,0.8203686709108,0.5294415475400619,500.1085687218697
290,76.3208624021512,9.929195113187207,32.29619342000001,44.324205800000016,37.624082360000024,272,2.605266137776567,-0.07525655627250671,0.8017492890357971,0.46753283107981963,272,0.23399954174371893,-0.37568455934524536,0.41963669657707214,-0.09804526497335996,272,0.16119009372049525,30.0,0.04177168865602082,345.8764346240882,2841.153068747153,0.011437587678847403,1.0980452649733599,0.46753283107981963,0.17349595513724747,0.25789160138941525,0.20725421363811458,0.0
291,76.3254232475154,9.929195113187207,31.11355850000001,36.558464360000016,34.083403932941195,289,1.4030596468627434,-0.1045510470867157,0.7763990759849548,0.3986568780918847,289,0.26216695249813177,-0.5296640396118164,0.1359325647354126,-0.17445183460275196,289,0.11751122503398773,26.0,0.020495314660865294,195.81296261834171,4286.544069349791,0.017256276746134995,1.174451834602752,0.3986568780918847,0.08512593834084146,0.3890898123832477,0.20671148795780397,499.9999999999634
292,76.3299840928796,9.929195113187207,32.16289064,38.39735912000003,35.59582456117649,289,1.2938097870247038,0.08635097742080688,0.7540519833564758,0.5430246636941771,289,0.12669599402246753,-0.4613511860370636,0.1726224273443222,-0.1631555260258975,289,0.11423480427762008,3.0,0.0009216694116261812,76.31573926073405,4198.2591590671655,0.01690086949504944,1.1631555260258974,0.5430246636941771,0.0038280931424068956,0.3810761868092665,0.15472733060915078,0.0
293,76.3345449382438,9.929195113187207,30.580347380000035,38.65029260000006,33.89156903882355,289,2.5747908890469464,-0.08661417663097382,0.789128839969635,0.39583891238308283,289,0.25164718527023944,-0.4966772496700287,0.10865191370248795,-0.20945139162268192,289,0.12956205441093763,1.0,0.006490263515119361,1612.2133985527,2234.513768464819,0.00899544886459708,1.209451391622682,0.39583891238308283,0.026956881655435784,0.20282692277829303,0.0973048981045787,499.9999999999634
294,76.33910578360799,9.929195113187207,30.546167179999998,32.330373620000046,31.12511353647061,289,0.3706981628884831,-0.1676812469959259,0.7697401642799377,0.28608418500959665,289,0.20741454321804664,-0.5286380052566528,0.01643192395567894,-0.29496107794421766,289,0.10373438170985354,0.0,0.0,0.0,0.0,0.0,1.2949610779442176,0.28608418500959665,0.0,0.0,0.0,499.9999999999634
295,76.34366662897219,9.929195113187207,30.320577860000014,35.249362700000006,31.52007816588237,289,1.1272562216150832,-0.1538461595773697,0.7916333675384521,0.34647736334883217,289,0.22668238011220146,-0.5105262994766235,-0.05108145251870155,-0.3134040700523086,289,0.08477222215148227,0.0,0.0,0.0,311.9477360395814,0.001255803364281245,1.3134040700523086,0.34647736334883217,0.0,0.028315511079635442,0.011326204431854177,499.9999999999634
296,76.34822747433638,9.929195113187207,32.63799542000004,36.954954680000014,35.17238037411767,289,1.1733708995950143,0.16625310480594635,0.7773851752281189,0.4902449347156142,289,0.1394367565613601,-0.37622255086898804,0.18260155618190765,-0.11587529693920307,289,0.11832202270141122,0.0,0.0,0.0,4508.159854922507,0.018148432120087557,1.115875296939203,0.4902449347156142,0.0,0.4092058879524262,0.1636823551809705,0.0
297,76.35278831970058,9.929195113187207,35.10922388000006,38.71181696000002,36.968437527058846,289,0.7415075658139639,0.1049448624253273,0.7411587834358215,0.4314977784470291,289,0.145145266549688,-0.27642911672592163,0.18301089107990265,-0.042650612167833585,289,0.09909285461203829,14.0,0.03325901862585803,590.1217077639282,6316.6271110379785,0.025428751872541587,1.0426506121678336,0.4314977784470291,0.13813914134373959,0.5733605482099959,0.31222770409024214,0.0
298,76.35734916506478,9.929195113187207,33.63605726000003,37.64197669999999,36.2224339647059,289,0.8755247210909218,0.1356869488954544,0.7899958491325378,0.504244900079747,289,0.1509483998965317,-0.35821831226348877,0.1733333319425583,-0.08314489740813892,289,0.10601431886190801,34.0,0.03184271420276602,232.64373293387084,5327.418053153291,0.021446507671508346,1.083144897408139,0.504244900079747,0.13225661428880234,0.4835699942081692,0.2727819662565491,0.0
299,76.36191001042897,9.929195113187207,32.81573246000005,36.69860318000002,34.17920310941179,289,0.7421297135230709,0.32515621185302734,0.7977579236030579,0.6590906690973724,289,0.08098631307985514,-0.4490188658237457,0.04296044260263443,-0.22203966820528764,289,0.10136253389254711,3.0,0.0015721593958398325,130.17737706791615,1424.7742247599267,0.005735692419218877,1.2220396682052876,0.6590906690973724,0.006529860409890673,0.12932682525398986,0.055648646347530355,0.0
300,76.36647085579317,9.929195113187207,33.47541032000004,37.84363988000001,34.90300728235296,289,0.8612093861082928,0.09698996692895889,0.8000960946083069,0.6342019473805147,289,0.10557237122809915,-0.36516034603118896,0.07669712603092194,-0.15697188855867486,289,0.08338637601468843,2.0,0.012097260353417079,1502.5095038225659,1663.6584035051987,0.0066973649068942185,1.1569718885586748,0.6342019473805147,0.05024517339586976,0.15101035370618257,0.09055124551999488,0.0
301,76.37103170115736,9.929195113187207,34.350423439999986,38.78017736000004,36.336328541176485,289,1.021009900121454,0.13463035225868225,0.7889556884765625,0.5379974470831531,289,0.1567437182692946,-0.3008130192756653,0.18702580034732819,-0.08614689916062933,289,0.1094653201965042,12.0,0.02358263705860814,488.170258810545,2755.662078777266,0.011093427871236884,1.0861468991606293,0.5379974470831531,0.09794892839575291,0.2501315800972774,0.1588219890763627,0.0
302,76.37559254652156,9.929195113187207,33.321599419999984,39.12197936000001,36.21715909647061,289,1.1184541835308535,0.10148037225008011,0.7756690979003906,0.4995827856360835,289,0.16109329572113223,-0.35395774245262146,0.13821138441562653,-0.0962522170122932,289,0.10866726449043208,156.0,0.10483089661228258,166.92635023541757,6429.86367571072,0.02588460662783186,1.0962522170122933,0.4995827856360835,0.4354082183608465,0.5836390366591122,0.49470054568015276,0.0
303,76.38015339188576,9.929195113187207,34.78451198000005,37.82996780000002,36.59708044625002,272,0.604108440130096,0.14874722063541412,0.7783284783363342,0.47840039870318246,272,0.1440285175057168,-0.3717661499977112,0.13039332628250122,-0.06884319642010857,272,0.09730471992842152,68.0,0.04179724192120617,152.68589111107897,6331.776149860798,0.025489737132960048,1.0688431964201086,0.47840039870318246,0.17360208893965887,0.5747356271962365,0.3340555042422899,0.0
304,76.38471423724995,9.929195113187207,31.923629240000025,37.853893940000034,34.72450148352943,289,1.5078165077831336,0.20222418010234833,0.7919182777404785,0.5820013132062338,289,0.13782878547869976,-0.47252747416496277,0.11161015182733536,-0.15678366162785196,289,0.11561030383524902,3.0,0.0014381890347304205,119.08441139267138,2359.634409155685,0.009499145168072343,1.156783661627852,0.5820013132062338,0.005973423346688316,0.2141841293820421,0.08925770576082984,0.0
305,76.38927508261415,9.929195113187207,31.39041812000005,41.935009820000005,36.205332037647075,289,2.325454261143413,0.10787282139062881,0.781980574131012,0.48635642503784604,289,0.1758180366399244,-0.31908512115478516,0.2617877423763275,-0.07015143793759461,289,0.13330264979893164,26.0,0.0242024063167752,231.23064767723534,5691.753386855049,0.022913207009025396,1.0701514379375947,0.48635642503784604,0.10052309915279026,0.5166407300599781,0.26697015151566544,0.0
306,76.39383592797834,9.929195113187207,32.02616984000002,38.67763676000004,34.7725903047059,289,1.6466210343430154,0.2136060893535614,0.7644744515419006,0.5488119158365322,289,0.12933343927922153,-0.274003803730011,0.1167585700750351,-0.09025419294627893,289,0.08954426550156949,10.0,0.008996327915438489,223.47321290200148,2837.8362431044025,0.011424235183157636,1.090254192946279,0.5488119158365322,0.03736565493604749,0.25759053296548984,0.12545560614782442,0.0
307,76.39839677334254,9.929195113187207,0.0,37.56336224000006,31.122993416470607,289,11.40201585974915,0.0,0.8117542862892151,0.4929070390219507,289,0.2276969009313041,-0.2754705250263214,0.16730327904224396,-0.08563022547527167,289,0.10210646175678939,16.0,0.022906040877763247,355.6233302863685,2616.595060376612,0.010533587842309912,1.0856302254752717,0.4929070390219507,0.09513873076154788,0.2375084601146533,0.15208662250279004,0.0
308,76.20228042268211,9.933686669062162,28.857665300000008,29.257573640000032,29.07170623625002,272,0.08966819458065413,-0.2739987373352051,-0.20708446204662323,-0.24241234274471507,272,0.01413343963537001,-0.3452514111995697,-0.26763716340065,-0.30947208404541016,272,0.012978991540799983,0.0,0.0,0.0,0.0,0.0,1.3094720840454102,0.0,0.0,0.0,0.0,4925.265361816123
309,76.2068412680463,9.933686669062162,28.908935600000007,29.288335820000043,29.169402916470602,289,0.07544036855420871,-0.2858991026878357,-0.2153950035572052,-0.24748488693501297,289,0.012383072778763788,-0.33799535036087036,-0.2646048069000244,-0.29885964575110835,289,0.012678707842682772,0.0,0.0,0.0,0.0,0.0,1.2988596457511083,0.0,0.0,0.0,0.0,4472.863706368393
310,76.2114021134105,9.933686669062162,28.93286174000002,29.284917800000017,29.11317707882355,289,0.0704110733745127,-0.2721134424209595,-0.2216949164867401,-0.24722295318920307,289,0.010084493151194944,-0.3493150770664215,-0.2561403512954712,-0.29997448772707613,289,0.013535247648619,0.0,0.0,0.0,0.0,0.0,1.2999744877270762,0.0,0.0,0.0,0.0,4031.7470179106745
311,76.2159629587747,9.933686669062162,28.98755005999999,29.26099166000006,29.168610503529433,289,0.04662502004757594,-0.2662871479988098,-0.21357285976409912,-0.24305276309742646,289,0.011261047597388751,-0.3303370773792267,-0.2624434530735016,-0.29683439789346344,289,0.0141746016216544,0.0,0.0,0.0,0.0,0.0,1.2968343978934636,0.0,0.0,0.0,0.0,3606.05902979385
312,76.22052380413889,9.933686669062162,28.94995184000004,29.237065519999987,29.05476323529413,289,0.06788818303609208,-0.26560425758361816,-0.19946809113025665,-0.22990739551794984,289,0.01055774983669532,-0.3275299370288849,-0.2505446672439575,-0.29204229335058934,289,0.015065622377525418,0.0,0.0,0.0,0.0,0.0,1.2920422933505893,0.0,0.0,0.0,0.0,3201.959222964285
313,76.22508464950309,9.933686669062162,28.95678787999998,29.353278199999977,29.129663998823546,289,0.08053413017323079,-0.26716604828834534,-0.1997430920600891,-0.23283449588762434,289,0.013795823683061467,-0.33185839653015137,-0.24462640285491943,-0.2897244885718534,289,0.015266016359142631,0.0,0.0,0.0,0.0,0.0,1.2897244885718533,0.0,0.0,0.0,0.0,2828.7148025095175
314,76.22964549486728,9.933686669062162,28.939697780000017,29.384040379999988,29.112443801176493,289,0.09098887882743388,-0.2853437066078186,-0.209696963429451,-0.2506784617282115,289,0.017974129038884446,-0.3254818022251129,-0.23974081873893738,-0.2840763870820042,289,0.017332693931223362,0.0,0.0,0.0,0.0,0.0,1.2840763870820042,0.0,0.0,0.0,0.0,2500.183079614171
315,76.23420634023148,9.933686669062162,28.95336986000001,29.29858988000001,29.120710915294133,289,0.07183317015262479,-0.31598514318466187,-0.2175000011920929,-0.2701559099771572,289,0.014478875309100284,-0.3467656373977661,-0.24647122621536255,-0.28981860203726484,289,0.018187576678589383,0.0,0.0,0.0,0.0,0.0,1.2898186020372648,0.0,0.0,0.0,0.0,2236.1589519718127
316,76.23876718559568,9.933686669062162,29.059328479999976,29.73951446000001,29.26296677882355,289,0.13523351473847217,-0.3702031672000885,-0.2446001172065735,-0.30960304761840396,289,0.02472749860739976,-0.38723403215408325,-0.2584269642829895,-0.32340744704936203,289,0.026375764016620912,0.0,0.0,0.0,0.0,0.0,1.323407447049362,0.0,0.0,0.0,0.0,2061.577482080283
317,76.24332803095987,9.933686669062162,29.469490880000023,37.983778700000016,30.294865834117665,289,1.3228529377242155,-0.36235037446022034,0.32251521944999695,-0.2688842034257407,289,0.12493039802851365,-0.37142857909202576,0.10350404679775238,-0.292697074916536,289,0.08318999432678598,0.0,0.0,0.0,305.2428420834261,0.001228811572341391,1.292697074916536,0.0,0.0,0.02770690753112561,0.011082763012450245,1581.4282884751844
318,76.24788887632407,9.933686669062162,30.323995879999984,39.89103385999999,37.81691072705884,289,1.744490049972942,-0.26710402965545654,0.7929252982139587,0.3795050914724805,289,0.19003776593057112,-0.45704135298728943,0.21435143053531647,-0.05083122055423301,289,0.11559598571190065,360.0,0.11545562670301703,79.66596077822466,8605.417229090886,0.0346427002309288,1.050831220554233,0.3795050914724805,0.47953733438358914,0.7811141378640784,0.6001680557757849,1118.2159265920982
319,76.25244972168827,9.933686669062162,37.10876558000001,40.58147389999999,38.50169743294119,289,0.739619974485781,0.09581749141216278,0.7382612824440002,0.3402359378379109,289,0.13924407097023334,-0.31216001510620117,0.2578703761100769,0.002703654106100538,289,0.09956479565779836,401.0,0.19964917253458406,123.67540403395782,9083.278748662535,0.03656642024748465,0.9972963458938995,0.3402359378379109,0.8292296767431769,0.824489651095069,0.8273336664839337,707.1787006273794
320,76.25701056705246,9.933686669062162,36.77038160000001,73.20989282000005,41.75586687743399,265,7.904432684057657,0.04420221596956253,0.7460101842880249,0.3081036207997675,289,0.15501423969644162,-0.3872302174568176,0.22604523599147797,0.022778331202206726,289,0.11709630940614912,425.0,0.18328904684964595,107.12917948756707,10377.5966494956,0.041776936582533036,0.9772216687977933,0.3081036207997675,0.7612789732117162,0.9419749495200553,0.8335573637350518,499.9999999999634
321,76.26157141241666,9.933686669062162,37.628304619999994,73.26458114000002,40.05772516625002,272,6.497388733498564,0.05081433057785034,0.7166644930839539,0.29190966662238627,272,0.14771954846045413,-0.26350244879722595,0.28281939029693604,0.058974202941445744,272,0.10563082253826661,609.0,0.2926832383457802,119.38252352387511,9054.819641637878,0.03645185284334273,0.9410257970585543,0.29190966662238627,1.0,0.8219064165747486,0.9287625666298994,707.1787006273794
322,76.26613225778085,9.933686669062162,29.98561189999998,40.71135866000003,35.48156334588238,289,3.9299555225106726,-0.3015521168708801,0.7389993071556091,0.06833894195028654,289,0.26364801623268846,-0.38562092185020447,0.31048017740249634,-0.07880095379575314,289,0.2163885760938668,251.0,0.16759299145931036,165.86025448673965,4257.624496398426,0.017139855651156145,1.0788009537957532,0.06833894195028654,0.696086441871691,0.38646478134850154,0.5722377776624152,1118.2159265920982
323,76.27069310314505,9.933686669062162,29.862563180000052,42.553671440000016,32.07513386352942,289,3.1167486925085495,-0.286302775144577,0.7268858551979065,-0.12970635965208693,289,0.2177700167495918,-0.43366336822509766,0.27490684390068054,-0.26773863267733566,289,0.14942226776536494,3.0,0.009198020558506763,761.611191391668,1944.468809694067,0.00782781918521095,1.2677386326773357,0.0,0.038203372032941586,0.17649952785011327,0.09352183435981026,707.1787006273794
324,76.27525394850925,9.933686669062162,29.93775962000001,41.13177512000004,36.044200188235315,289,3.20752922795762,-0.25393494963645935,0.7479434013366699,0.223789122690379,289,0.28494157082217975,-0.432467520236969,0.21358025074005127,-0.08407208663782034,289,0.1937727991308031,4.0,0.0008953751599520271,55.60389906523608,2100.9110803247177,0.008457606508779924,1.0840720866378204,0.223789122690379,0.003718881701461977,0.19069980031756104,0.07851124914790161,499.9999999999634
325,76.27981479387344,9.933686669062162,32.69268374000001,41.13861115999998,36.8115397647059,289,2.3650463929042407,0.034488603472709656,0.8187556266784668,0.471179473771356,289,0.24883051752704646,-0.5383735299110413,0.20593050122261047,-0.11659329160274519,289,0.1914915855272057,45.0,0.05215266762482077,287.8884289747786,210.06237362389385,0.0008456449751964794,1.1165932916027452,0.471179473771356,0.21661266694372666,0.019067371808100485,0.13759454888947617,0.0
326,76.28437563923764,9.933686669062162,31.65360566000004,35.12631398000002,33.34086569882354,289,0.6328163107946356,0.33173078298568726,0.8399452567100525,0.7489187379196853,289,0.08026405232844339,-0.44957175850868225,-0.02739575318992138,-0.3132870156047253,289,0.08364859588597681,0.0,0.0,0.0,543.9091765208877,0.0021896070874247494,1.3132870156047254,0.7489187379196853,0.0,0.04937066224496794,0.019748264897987176,0.0
327,76.28893648460183,9.933686669062162,29.77027664000002,36.41832554000001,34.189279763529434,289,1.379645150200312,-0.18873240053653717,0.8175824284553528,0.5094721705030818,289,0.2342396994622144,-0.4242250323295593,0.19523636996746063,-0.12244809952574205,289,0.11142412752052057,0.0,0.0,0.0,6288.665682199313,0.025316187964075677,1.122448099525742,0.5094721705030818,0.0,0.5708224879626754,0.2283289951850702,0.0
328,76.29349732996603,9.933686669062162,29.609629700000028,33.42072200000001,29.99734434235296,289,0.6863512552553361,-0.3629123866558075,0.6697936058044434,-0.20893970740295198,289,0.1717771065040016,-0.4007936418056488,0.016659827902913094,-0.31929734173943014,289,0.06179610731886793,0.0,0.0,0.0,393.9003753188627,0.001585718886109524,1.3192973417394303,0.0,0.0,0.03575435610854572,0.01430174244341829,500.1017042773053
329,76.29805817533023,9.933686669062162,29.842055060000007,36.27135068000001,33.11508714588238,289,2.156642199238125,-0.27991336584091187,0.7694085240364075,0.1863531356864322,289,0.30717364761565147,-0.4275782108306885,0.2474312037229538,-0.1424185412977806,289,0.19530710951829985,63.0,0.06248160722323096,246.36093227451326,5366.126333646331,0.021602335020941436,1.1424185412977805,0.1863531356864322,0.2595132366558591,0.4870835466996521,0.3505413606733763,1000.2034085546106
330,76.30261902069442,9.933686669062162,30.214619240000047,35.52280430000002,31.765300403529427,289,1.3415790094377067,-0.20959332585334778,0.7807702422142029,0.0410896651060111,289,0.29540501155054427,-0.5021084547042847,0.16520565748214722,-0.27442979647626514,289,0.1378781297939345,17.0,0.01580987788826207,231.01479262935794,1641.6894102587712,0.006608924657322299,1.2744297964762652,0.0410896651060111,0.06566528558169549,0.14901622712723947,0.09900566219991308,500.1017042773053
331,76.30717986605862,9.933686669062162,33.089174060000005,38.64687458000003,36.263568475294136,289,0.9299333400205125,0.06245662644505501,0.7753065228462219,0.45168095888975995,289,0.15941003250122035,-0.4901866912841797,0.2526082694530487,-0.07370296069082505,289,0.13667842529271573,241.0,0.07916718140109859,81.59965757681353,5855.563549715625,0.02357265514683034,1.073702960690825,0.45168095888975995,0.3288156690483135,0.5315097864612947,0.409893316013506,0.0
332,76.31174071142281,9.933686669062162,33.608713100000045,37.43689549999999,36.419437283529426,289,0.5237912623161616,0.0035879036877304316,0.7440446019172668,0.41487976918996,289,0.1489474587584373,-0.330369234085083,0.18069276213645935,-0.048652144039378446,289,0.09445172258457242,115.0,0.06151038288604125,132.86505937496443,7619.30652598264,0.030672929030666103,1.0486521440393783,0.41487976918996,0.2554793203969103,0.6916048216750813,0.4299295209081787,0.0
333,76.31630155678701,9.933686669062162,33.137026340000034,41.01898046000002,37.09496340235296,289,1.8425866644643139,-0.03867973014712334,0.761886715888977,0.3312829885515787,289,0.20833904307131343,-0.36492428183555603,0.228629469871521,-0.08258601785943583,289,0.11752122215146583,21.0,0.0712889661949976,843.2633355575365,3639.7105561709523,0.014652328686461385,1.0825860178594358,0.3312829885515787,0.296094021541677,0.33037670312455125,0.3098070941748267,499.9999999999634
334,76.3208624021512,9.933686669062162,31.88603102000002,38.94766034000003,35.95636505750002,272,1.7981699989070248,-0.0840289369225502,0.7344120740890503,0.3562654046451344,272,0.22837190010685773,-0.3401174247264862,0.29149577021598816,-0.10183586793787339,272,0.1207650514296661,1.0,0.011294702050940573,2805.6595755730523,3970.1951580835757,0.015982755636161576,1.1018358679378735,0.3562654046451344,0.04691180039320999,0.3603748064155411,0.17229700280214244,499.9999999999634
335,76.3254232475154,9.933686669062162,33.1472804,37.90174622000001,36.39746260823531,289,0.7704004999607135,-0.08463612198829651,0.7161004543304443,0.4342600152566771,289,0.153749406913327,-0.3041147291660309,0.23228925466537476,-0.07499648625462937,289,0.10167265033251435,4.0,0.00363028558651239,225.44520147424186,8834.91843106086,0.035566599808465445,1.0749964862546293,0.4342600152566771,0.015078151865956868,0.801945973060811,0.3298252803438985,0.0
336,76.3299840928796,9.933686669062162,34.52474246000003,37.83338581999999,36.47226875529413,289,0.678522817412965,0.07337813824415207,0.7309957146644592,0.45646208132839533,289,0.1394525760747695,-0.343792200088501,0.1963690221309662,-0.06988966918734119,289,0.1024071025580693,10.0,0.009576491798373513,237.88476927787542,7047.764759146958,0.02837208183513324,1.0698896691873412,0.45646208132839533,0.03977532737794524,0.6397259478715006,0.2797555755753674,0.0
337,76.3345449382438,9.933686669062162,30.78542858000003,37.55652620000001,34.23312267058825,289,2.4530774074965893,-0.054220233112573624,0.7293636202812195,0.40198421808262597,289,0.19019734791332904,-0.4895397424697876,0.13999009132385254,-0.19688639921300552,289,0.14680298488960603,12.0,0.007286824949119462,150.84026491517116,3195.832743620413,0.012865416374137252,1.1968863992130054,0.40198421808262597,0.030265347060207573,0.29008589262261397,0.13419356528517012,0.0
338,76.33910578360799,9.933686669062162,30.713650160000043,33.762523999999985,31.74074742941178,289,0.7407718452907928,-0.02585688605904579,0.7918956875801086,0.47658456980563363,289,0.22013650882385544,-0.5040650367736816,0.06301938742399216,-0.32385058551511137,289,0.09389799894852471,8.0,0.004230947642827879,131.3735271004752,1344.5023322834338,0.00541254305481249,1.3238505855151113,0.47658456980563363,0.017572962119698863,0.12204054169361474,0.05935999394926522,0.0
339,76.34366662897219,9.933686669062162,30.617945599999985,36.39098138000003,32.95409722117649,289,1.3296880847620798,0.1304347813129425,0.8137556314468384,0.6487508067622729,289,0.14876948856632977,-0.5362721085548401,0.023017901927232742,-0.31953704728387217,289,0.10922115626775997,2.0,0.0018094061647956998,224.73269810323205,1503.6315644606402,0.006053147239541278,1.319537047283872,0.6487508067622729,0.007515249224840849,0.13648470979052904,0.05910303345111612,0.0
340,76.34822747433638,9.933686669062162,33.26349307999999,37.10876558000001,35.79364394705885,289,0.7892414711845837,0.15140634775161743,0.7535956501960754,0.487454318670253,289,0.14187019681380228,-0.3234997093677521,0.1596108376979828,-0.08202325101542225,289,0.10737004103195635,25.0,0.021020036916626433,208.8592247517351,6541.749893452681,0.02633502531155403,1.0820232510154222,0.487454318670253,0.087305337639125,0.5937949540520471,0.28990118420429384,0.0
341,76.35278831970058,9.933686669062162,35.235690620000014,37.953016520000006,36.48358725058825,289,0.5455682418848581,0.14292994141578674,0.7763723731040955,0.42209915636320017,289,0.14303707725548395,-0.3201729655265808,0.21026957035064697,-0.04149308254149546,289,0.10384215964370316,47.0,0.03093275006279907,163.4861138097079,5788.860722397899,0.02330413056634727,1.0414930825414954,0.42209915636320017,0.1284771382205909,0.5254551676012993,0.28726834997287426,0.0
342,76.35734916506478,9.933686669062162,32.19707084000004,37.15661785999998,34.64686866941178,289,1.4234907278332947,0.11256281286478043,0.7940740585327148,0.5547437832842236,289,0.18453486498234997,-0.37216970324516296,0.13835810124874115,-0.13496731556823097,289,0.13037279337143895,15.0,0.01148079399084074,190.1257152855512,3125.270306707959,0.012581354220676714,1.134967315568231,0.5547437832842236,0.047684720997933236,0.28368093681313455,0.14208320732401378,0.0
343,76.36191001042897,9.933686669062162,31.810834580000005,35.70395936,33.51915861058825,289,0.8209612519700996,0.3056122362613678,0.7708559036254883,0.6512482851021842,289,0.05901555544929687,-0.42546409368515015,0.07727193087339401,-0.22089837414170632,289,0.12195784849002114,1.0,0.0032589890296972034,809.5489138729471,610.5549085328596,0.002457901820184089,1.2208983741417063,0.6512482851021842,0.01353599609403461,0.05542009856129997,0.030289637080940755,0.0
344,76.36647085579317,9.933686669062162,32.99346950000006,35.96031086000005,34.227327411764726,289,0.6793972386584693,0.25232774019241333,0.7911227345466614,0.6482701813060933,289,0.09986294076313659,-0.3268011510372162,0.1521196961402893,-0.15492338292738972,289,0.08371384415519288,0.0,0.0,0.0,2214.015932163027,0.008912931029670366,1.1549233829273897,0.6482701813060933,0.0,0.20096633318632917,0.08038653327453167,0.0
345,76.37103170115736,9.933686669062162,33.810376280000014,37.58387035999999,35.7932181729412,289,0.9012104292792386,0.17479589581489563,0.7983193397521973,0.6029396981104023,289,0.13013342652817955,-0.337727814912796,0.12568458914756775,-0.10720548002777627,289,0.10028462669870705,7.0,0.003532332722643757,125.34983320622031,3981.6223595730407,0.016028757951347377,1.1072054800277762,0.6029396981104023,0.01467131110317943,0.36141205404712234,0.1533676082807566,0.0
346,76.37559254652156,9.933686669062162,32.86016672000005,37.72400918000005,35.76822759764707,289,1.1338197468182334,0.13372229039669037,0.8013022541999817,0.5517039579503676,289,0.15168403245095338,-0.32719871401786804,0.17710943520069122,-0.11371683826908521,289,0.11111650264464393,12.0,0.014454534349460972,299.2147891190393,5396.914141699484,0.021726277042200693,1.1137168382690852,0.5517039579503676,0.06003595554096465,0.4898781575248966,0.23197283633453744,0.0
347,76.38015339188576,9.933686669062162,34.743495740000014,39.81241940000001,36.76478961875002,272,1.0428423141182552,0.15968193113803864,0.7898415923118591,0.4920571832095875,272,0.1413968245966954,-0.30746009945869446,0.1458827257156372,-0.0633757465025958,272,0.10384529927303107,73.0,0.05767527127648875,196.25782506935928,7321.481176071618,0.029473977946311885,1.0633757465025957,0.4920571832095875,0.23955043714690666,0.664571200267001,0.4095587423949444,0.0
348,76.38471423724995,9.933686669062162,32.17998074000002,38.062393160000056,35.59518590000001,289,1.421606499091725,0.1709432601928711,0.7862825393676758,0.527476274430958,289,0.1453045215736554,-0.3961089551448822,0.20056726038455963,-0.10105885436378136,289,0.10592530107528127,12.0,0.010859017872380226,224.78612345234728,4855.592108402001,0.01954708497879592,1.1010588543637814,0.527476274430958,0.04510221487896434,0.44074233039537775,0.20335826108552973,0.0
349,76.38927508261415,9.933686669062162,33.99153134000005,42.28706588,37.5976370564706,289,1.9458580129010308,0.05594956502318382,0.7367841601371765,0.4035449176511138,289,0.18114254890978626,-0.2773141860961914,0.2705265283584595,-0.005012428059297449,289,0.12313418302434669,30.0,0.047179518587778205,390.6541536014624,5627.9858325583045,0.022656498913513914,1.0050124280592974,0.4035449176511138,0.19595702026095319,0.5108525460739862,0.32191523058616645,0.0
350,76.39383592797834,9.933686669062162,32.63799542000004,42.06489457999999,35.84232412117649,289,2.1522687635106217,0.09240444749593735,0.7812286019325256,0.5056463327374838,289,0.16361780244053292,-0.41511112451553345,0.2955928444862366,-0.07538483299598561,289,0.12574402334004006,41.0,0.08518966190348695,516.1349090741372,3979.9338379869764,0.01602196049509601,1.0753848329959856,0.5056463327374838,0.3538296447978123,0.36125878686113333,0.3568013016231407,0.0
351,76.39839677334254,9.933686669062162,0.0,36.30553087999999,29.387762827058843,289,10.77307098019546,0.0,0.8039310574531555,0.5564274243417495,289,0.22051331246116124,-0.359330415725708,0.060813240706920624,-0.14011277459484484,289,0.08857427065034668,1.0,0.00028261805928530176,70.2037168123127,1564.9854919980844,0.006300138833683234,1.140112774594845,0.5564274243417495,0.001173835478343086,0.1420538087589063,0.05752582479056838,0.0
352,76.20228042268211,9.938178224937117,29.038820360000045,29.452400780000005,29.167757153515645,256,0.08462817000187575,-0.308907151222229,-0.24331210553646088,-0.2728588581085205,256,0.011390472421798102,-0.35461801290512085,-0.2582480013370514,-0.30310624837875366,256,0.016508993018077713,0.0,0.0,0.0,0.0,0.0,1.3031062483787537,0.0,0.0,0.0,0.0,4744.2262283778455
353,76.2068412680463,9.938178224937117,29.06616452000003,29.40796652000006,29.22383325875002,272,0.06027904120634076,-0.2947976887226105,-0.23606762290000916,-0.2692013908835018,272,0.009297186286235149,-0.31607335805892944,-0.23178808391094208,-0.27462319766773896,272,0.015517543623451771,0.0,0.0,0.0,0.0,0.0,1.274623197667739,0.0,0.0,0.0,0.0,4272.712268363013
354,76.2114021134105,9.938178224937117,28.929443719999995,29.373786320000022,29.21112878000002,272,0.09205537644134149,-0.29624998569488525,-0.23890338838100433,-0.2644369461957146,272,0.009707177105394477,-0.3297179937362671,-0.23189926147460938,-0.270293207729564,272,0.015594532546937294,0.0,0.0,0.0,0.0,0.0,1.270293207729564,0.0,0.0,0.0,0.0,3808.4967430625716
355,76.2159629587747,9.938178224937117,29.10376273999998,29.40796652000006,29.22994045625002,272,0.051987034914582265,-0.28937259316444397,-0.23224568367004395,-0.2578891866347369,272,0.00987953591760096,-0.3221406042575836,-0.22787611186504364,-0.2709195193122415,272,0.014902501325223909,0.0,0.0,0.0,0.0,0.0,1.2709195193122416,0.0,0.0,0.0,0.0,3354.6109233595926
356,76.22052380413889,9.938178224937117,29.038820360000045,29.442146719999982,29.230744696250014,272,0.07726562652432784,-0.2789539098739624,-0.21456953883171082,-0.2502576884101419,272,0.011300036974373139,-0.3125,-0.21784232556819916,-0.27425507938160615,272,0.015874460370395884,0.0,0.0,0.0,0.0,0.0,1.274255079381606,0.0,0.0,0.0,0.0,2915.882566880165
357,76.22508464950309,9.938178224937117,29.01831224,29.29858988000001,29.13779214500002,272,0.05699410462026069,-0.2657569944858551,-0.20366732776165009,-0.23266074236701517,272,0.011118968914112709,-0.3227176368236542,-0.23125000298023224,-0.280001443975112,272,0.018198851564233905,0.0,0.0,0.0,0.0,0.0,1.280001443975112,0.0,0.0,0.0,0.0,2500.3034879899487
358,76.22964549486728,9.938178224937117,29.025148280000053,29.356696220000003,29.20410424625002,272,0.07536771943643905,-0.2716836631298065,-0.19922630488872528,-0.23739450118120978,272,0.013568830847375136,-0.34221312403678894,-0.21772639453411102,-0.282682362724753,272,0.022604721916167587,0.0,0.0,0.0,0.0,0.0,1.282682362724753,0.0,0.0,0.0,0.0,2121.5215322453428
359,76.23420634023148,9.938178224937117,29.025148280000053,29.356696220000003,29.189992347500016,272,0.07145151185695073,-0.3205682635307312,-0.21215805411338806,-0.2558193767772001,272,0.021759895436645974,-0.3642105162143707,-0.21237993240356445,-0.28157200532801013,272,0.031725181427060906,0.0,0.0,0.0,0.0,0.0,1.2815720053280102,0.0,0.0,0.0,0.0,1802.8808565774468
360,76.23876718559568,9.938178224937117,29.107180760000006,29.98561189999998,29.520384192500018,272,0.1973592848816924,-0.361677348613739,-0.26281633973121643,-0.3144691691679113,272,0.0177982711067833,-0.35520362854003906,-0.2519422769546509,-0.3091131659115062,272,0.021642591977596833,0.0,0.0,0.0,0.0,0.0,1.3091131659115063,0.0,0.0,0.0,0.0,1581.1688226603476
361,76.24332803095987,9.938178224937117,29.760022580000054,39.08096311999998,32.50896516500001,272,3.323586191714808,-0.3447905480861664,0.7091915011405945,-0.0752111603231991,272,0.30167258459250945,-0.32924336194992065,0.19208332896232605,-0.18602381033055923,272,0.14728796530397253,114.0,0.03924484121527111,85.51413770815819,2168.1845030474537,0.008728428126703788,1.1860238103305591,0.0,0.163000860868278,0.1968062121500512,0.17652300138098728,1499.9999999998902
362,76.24788887632407,9.938178224937117,36.725947340000005,40.540457660000015,38.54824208375002,272,0.9400668853947189,0.10092145949602127,0.7714694738388062,0.3599901479833266,272,0.14608214240593392,-0.3995476961135864,0.27488547563552856,-0.0053216718575533695,272,0.11713594094906973,350.0,0.13854983184288294,98.33274312424825,10880.113270113592,0.04379991027290547,1.0053216718575533,0.3599901479833266,0.5754575930035156,0.9875884074648321,0.7403099187880422,1414.347688163562
363,76.25244972168827,9.938178224937117,37.64881274000004,41.56244564000002,38.89089858875001,272,0.8088845323491916,0.06441454589366913,0.7244802117347717,0.28182562659768495,272,0.13548015671031785,-0.29050391912460327,0.2679738700389862,0.05243849754333496,272,0.09584577859444234,86.0,0.037613554038416076,108.64409227591507,10022.3747524436,0.040346925071477656,0.947561502456665,0.28182562659768495,0.1562254171177938,0.9097314407534818,0.457627826572069,1118.076404255672
364,76.25701056705246,9.938178224937117,37.78895155999999,40.1713115,38.821653986367366,245,0.595456193219587,0.05546008422970772,0.6277022361755371,0.2736659891465131,272,0.11871840650533416,-0.23723310232162476,0.3157365620136261,0.07140548088971306,272,0.08576419754535487,500.0,0.21412973675697072,106.38176087116915,11152.303046174848,0.04489566060865181,0.9285945191102869,0.2736659891465131,0.8893737456453833,1.0,0.9336242473872299,999.9999999999268
365,76.26157141241666,9.938178224937117,30.713650160000043,42.51607322000001,38.08126118169357,248,1.8416955384943154,-0.2654353678226471,0.7409437298774719,0.29278114438056946,256,0.22096725771926348,-0.32131147384643555,0.3059936761856079,0.009885654784739017,256,0.14220983289648043,218.0,0.175822404704977,200.34472764633568,5429.136595140225,0.021855994494072644,0.990114345215261,0.29278114438056946,0.7302667672837989,0.49280299118132226,0.6352812568428082,1118.076404255672
366,76.26613225778085,9.938178224937117,29.97877586000004,39.38174888000003,31.325865293750017,272,2.016852181526845,-0.2917570471763611,0.6191352605819702,-0.18419568678911993,272,0.1515837899526141,-0.41021671891212463,0.32525911927223206,-0.275108954485725,272,0.1290159677363621,9.0,0.010548255434090482,291.1376180400528,1345.7317437387553,0.005417492278234592,1.275108954485725,0.0,0.04381148357777506,0.1221521354308431,0.07514774431900229,1000.1896735188574
367,76.27069310314505,9.938178224937117,30.21120122000002,44.10887054,38.692276441250016,272,2.956338094238602,-0.26601216197013855,0.7645435929298401,0.2706639626446892,272,0.2528996196384148,-0.4060756266117096,0.28910449147224426,-0.02030727793188656,272,0.1602765739131993,29.0,0.05639013926909056,483.0202798184291,4026.1061017120232,0.01620783549088389,1.0203072779318865,0.2706639626446892,0.2342127260733358,0.3654498454713889,0.28670757383255707,500.0948367594287
368,76.27525394850925,9.938178224937117,36.821651900000006,43.97214974000002,40.26441484625002,272,1.5156557345603805,0.07699114829301834,0.8134408593177795,0.40291859121883616,272,0.19239033800399707,-0.4227065145969391,0.30195382237434387,0.002406955203589271,272,0.15108954694103857,63.0,0.06546471768715305,258.1231437096963,2905.7229495698443,0.011697525688328856,0.9975930447964108,0.40291859121883616,0.2719033893135607,0.2637526125929512,0.2686430786253169,0.0
369,76.27981479387344,9.938178224937117,35.71421342000002,43.31247188000003,40.05801419000002,272,1.3913957236998544,0.07727845758199692,0.7559227347373962,0.3983345031738281,272,0.1704406390683796,-0.4359327554702759,0.2461819052696228,0.004981159725609948,272,0.15038574763235293,23.0,0.023747651623114756,256.47971894165687,2111.589456933755,0.008500594290774885,0.99501884027439,0.3983345031738281,0.09863430551125302,0.19166907707854816,0.13584821413817108,499.9999999999634
370,76.28437563923764,9.938178224937117,30.67605193999998,38.51698982000005,34.162721363750016,272,1.883798075610835,0.02857142873108387,0.7954190969467163,0.4819152495440315,272,0.2582073708639703,-0.4629163444042206,0.2286253422498703,-0.20624864802641027,272,0.14845323249748713,6.0,0.0216369935349836,895.7892798506599,3999.070353325264,0.016098998080454195,1.2062486480264103,0.4819152495440315,0.08986782628212829,0.3629958092834347,0.19911901948265087,0.0
371,76.28893648460183,9.938178224937117,29.64039188000004,35.68345124000001,31.58807266625002,272,1.9405375159343012,-0.30773845314979553,0.7764092683792114,0.18459207871380975,272,0.41724154078419434,-0.39602169394493103,0.1785290688276291,-0.2549622199114631,272,0.11087946053244635,2.0,0.00515028425726852,639.6779781422051,2390.197392680283,0.009622182116568718,1.2549622199114632,0.18459207871380975,0.021391366142779516,0.21695833287396188,0.09961815283525247,499.9999999999634
372,76.29349732996603,9.938178224937117,29.62330178000002,39.921796040000004,31.534012658750022,272,2.82460166819427,-0.3333333432674408,0.6666666865348816,-0.08410507791182574,272,0.2842922881447959,-0.39364302158355713,0.3433007597923279,-0.2347698912901037,272,0.168841587476587,12.0,0.02212959919194088,458.0917790514904,260.2892903092895,0.001047842727139742,1.2347698912901037,0.0,0.09191383140448754,0.023626471463565817,0.06459888742811885,707.173844081781
373,76.29805817533023,9.938178224937117,31.069124240000008,39.935468119999996,36.597444867500016,272,2.0879819931045267,-0.029858052730560303,0.7400209903717041,0.36245138504925895,272,0.18624931842946438,-0.4994535446166992,0.3413362503051758,-0.042467993848464065,272,0.17356262785821241,32.0,0.09561164249410559,742.200079432141,2590.532435375352,0.010428667920229024,1.042467993848464,0.36245138504925895,0.3971166541375846,0.23514275438344098,0.33232709423592716,1000.1896735188574
374,76.30261902069442,9.938178224937117,30.29323370000003,37.64881274000004,34.17247277375002,272,2.125695815762371,-0.13901808857917786,0.7594444155693054,0.30873764262479897,272,0.29495032796153947,-0.4717893600463867,0.20405283570289612,-0.18715545710395365,272,0.14193747968687517,11.0,0.010752796214771888,242.82249990140772,3186.879835789745,0.012829374786156544,1.1871554571039535,0.30873764262479897,0.04466103022648887,0.28927323674604727,0.14250591283431224,500.0948367594287
375,76.30717986605862,9.938178224937117,31.32547574,38.035049000000015,35.83071512375002,272,1.3687569975385259,-0.10797174274921417,0.7551574110984802,0.41538434870102825,272,0.19290026511683486,-0.40641653537750244,0.19116099178791046,-0.08457519727594712,272,0.12126028457672865,45.0,0.023879099790880865,131.8152423876569,3577.433533039133,0.014401621000105759,1.0845751972759472,0.41538434870102825,0.09918026681067335,0.3247238147244509,0.18939768597618437,0.0
376,76.31174071142281,9.938178224937117,31.762982300000033,38.49989972000003,35.08784868875002,272,1.5777464508667003,-0.016949152573943138,0.7821663618087769,0.47013027527753043,272,0.22603667374106604,-0.462529718875885,0.2514442205429077,-0.17319494135239544,272,0.14984456831264403,23.0,0.0169795897552249,183.38320257005375,4115.939499719845,0.01656947646598853,1.1731949413523954,0.47013027527753043,0.07052360671075614,0.37360402735103887,0.19175577496686924,0.0
377,76.31630155678701,9.938178224937117,34.746913759999984,39.84659959999999,37.003623766250016,272,1.1717589306702514,0.0471092090010643,0.7368289828300476,0.42010944029864145,272,0.17821483293944684,-0.3519347310066223,0.2576947808265686,-0.07015694590175853,272,0.11909783592541327,135.0,0.10300748310459078,189.5375240563488,8407.21811515565,0.03384481300392918,1.0701569459017586,0.42010944029864145,0.4278347905606862,0.7631235947113785,0.561950312220963,0.0
378,76.3208624021512,9.938178224937117,34.95199495999998,39.25186412000005,37.15003550117189,256,1.070410423393799,0.09041689336299896,0.7882845997810364,0.46217095851898193,256,0.1929945480361559,-0.3516603112220764,0.38660338521003723,-0.08006139099597931,256,0.14397591835208004,36.0,0.05328366396962467,367.66456561214056,4414.592615093589,0.017771759873462384,1.0800613909959793,0.46217095851898193,0.2213101857037255,0.40071278507018415,0.29307122545030895,0.0
379,76.3254232475154,9.938178224937117,35.84068016000003,38.985258560000034,37.10357571875002,272,0.7000139636164443,0.08623626083135605,0.7542339563369751,0.3798007404102999,272,0.15271786234741228,-0.3379393219947815,0.2842692732810974,-0.008306292926563937,272,0.10933408240524634,48.0,0.046439694468146775,240.33018032776224,7182.124041280584,0.028912970000144356,1.008306292926564,0.3798007404102999,0.1928842095511442,0.6519217464055981,0.3764992242929257,499.9999999999634
380,76.3299840928796,9.938178224937117,35.28012488000002,38.33583476000001,36.76162292375002,272,0.7562171577464177,0.09105304628610611,0.7230662107467651,0.42749679789823647,272,0.16075997569354672,-0.2958351969718933,0.4581589996814728,-0.0454408561482149,272,0.12379496160688552,23.0,0.027288280425400064,294.7192676136179,8442.998912930205,0.03398885522969565,1.045440856148215,0.42749679789823647,0.11334007383432505,0.7663714194549921,0.3745526120825919,0.0
381,76.3345449382438,9.938178224937117,32.09453024000004,38.294818520000035,36.19626733625002,272,1.042974346284105,0.13217130303382874,0.7451574802398682,0.48519134521484375,272,0.1437382913540062,-0.4284999966621399,0.15544942021369934,-0.10145742051741656,272,0.1185547447793426,3.0,0.0013911987561534636,115.19353923999677,6101.774407080642,0.024563822535723735,1.1014574205174166,0.48519134521484375,0.0057782523223371286,0.5538583578859678,0.22501029454778942,0.0
382,76.33910578360799,9.938178224937117,30.59060144,36.428579600000035,32.74815116750002,272,1.4604619364095468,0.01569506712257862,0.796942949295044,0.4444572785321404,272,0.22437581939898008,-0.5031286478042603,0.15775233507156372,-0.28236720141242533,272,0.12659124920211628,0.0,0.0,0.0,1196.0555075622349,0.0048149428789993984,1.2823672014124252,0.4444572785321404,0.0,0.1085660162378619,0.04342640649514476,0.0
383,76.34366662897219,9.938178224937117,32.740536020000036,38.756251220000024,35.90920392125002,272,1.4055080177261663,0.07113049924373627,0.8004875779151917,0.5276753481696633,272,0.16851553360620797,-0.41723135113716125,0.26478588581085205,-0.1269537420833812,272,0.15006535376036162,14.0,0.034645752787348556,614.7268213663218,5123.251185157889,0.02062459614569154,1.1269537420833813,0.5276753481696633,0.14389885026646157,0.46503775773095135,0.2723544132522575,0.0
384,76.34822747433638,9.938178224937117,34.97933912000002,38.71523497999999,36.75962489000001,272,0.7453572299788787,0.0009250693838112056,0.7067064046859741,0.4000237408806296,272,0.14147504140580944,-0.26789167523384094,0.22196796536445618,-0.03201777093550738,272,0.09208788581953077,27.0,0.03347823939041741,308.0059046478462,5664.180526522639,0.02280220735501956,1.0320177709355074,0.4000237408806296,0.1390496603377488,0.5141379401947537,0.28908497228055074,0.0
385,76.35278831970058,9.938178224937117,34.09748996000002,38.77675934000001,36.875033330000015,272,0.9453390974376092,0.03979520499706268,0.7692493200302124,0.40688371658325195,272,0.1501534070411009,-0.29062870144844055,0.31880107522010803,-0.01889040364938624,272,0.10727637945515188,44.0,0.045940400055438514,259.3595787811785,5752.788413139126,0.023158914807131715,1.0188904036493862,0.40688371658325195,0.19081042312271296,0.5221808823461717,0.32335860681209644,0.0
386,76.35734916506478,9.938178224937117,32.62090532000002,38.57851418000001,34.220073728750016,272,1.122460503563799,0.1624424010515213,0.8164231181144714,0.6400690639720243,272,0.13452114357129114,-0.4335453510284424,0.13548043370246887,-0.19196294335757985,272,0.11232877690009106,36.0,0.03194851991415605,220.44915497712813,1947.2370125524058,0.007838963098312066,1.1919629433575798,0.6400690639720243,0.1326960713360803,0.17675079775737756,0.15031796190459923,0.0
387,76.36191001042897,9.938178224937117,32.63799542000004,35.84068016000003,34.512641161250016,272,0.7745747164741471,0.3400537669658661,0.762687623500824,0.6361427307128906,272,0.06424427319191829,-0.35240641236305237,0.0553143285214901,-0.1261595557717716,272,0.07935357309857613,0.0,0.0,0.0,1094.7305062687403,0.004407040327355213,1.1261595557717716,0.6361427307128906,0.0,0.09936874097247583,0.03974749638899033,0.0
388,76.36647085579317,9.938178224937117,33.23956694000003,35.64243499999998,34.69737760250002,272,0.4679156505117838,0.3921058773994446,0.7875311970710754,0.6225934870102826,272,0.06786738911033673,-0.3338940143585205,0.05913757532835007,-0.10082131273606244,272,0.08291461077028446,0.0,0.0,0.0,1227.7081101515969,0.004942366290769037,1.1008213127360624,0.6225934870102826,0.0,0.11143912450496166,0.04457564980198467,0.0
389,76.37103170115736,9.938178224937117,33.65314736000005,37.03015112000003,35.13950854250002,272,0.6505098952895875,0.19668008387088776,0.8090119957923889,0.589868096744313,272,0.11666782243171557,-0.3530493378639221,0.08453025668859482,-0.12778656622942755,272,0.08262129866579661,3.0,0.0022855195427858932,189.24476748643966,3708.378428679476,0.014928763920161233,1.1277865662294275,0.589868096744313,0.009492754753723118,0.33660968923150414,0.14033952854483553,0.0
390,76.37559254652156,9.938178224937117,33.57453290000001,39.56973998000001,36.37479605000002,272,1.3152775768666196,0.1252324879169464,0.7588277459144592,0.5277024998384363,272,0.1434542540991629,-0.3390539884567261,0.16940714418888092,-0.08892220609328326,272,0.10736086224105791,17.0,0.02425092893162299,354.35588799630045,5188.054949042409,0.020885475694738632,1.0889222060932833,0.5277024998384363,0.10072463463482685,0.47091999851131516,0.24880278018542218,0.0
391,76.38015339188576,9.938178224937117,32.873838800000044,37.915418300000056,34.89627856367189,256,1.1979811893264747,0.1607598513364792,0.7790613770484924,0.5791981220245361,256,0.16059621179146663,-0.341671884059906,0.2163093388080597,-0.13348931074142456,256,0.10962682028138429,35.0,0.04310266981840526,305.9118659941017,3712.219745302739,0.014944227851395375,1.1334893107414246,0.5791981220245361,0.1790240976535613,0.33695836572708404,0.24219780488297044,0.0
392,76.38471423724995,9.938178224937117,29.98219388000001,38.04530306000004,33.83777070500002,272,2.229226415404602,0.20317146182060242,0.7554560899734497,0.5559378231272978,272,0.1307752541086104,-0.3630008399486542,0.1642475128173828,-0.1551660088931813,272,0.1181452494934321,8.0,0.009107735231825368,282.8007818367699,1681.797565135647,0.006770387460255105,1.1551660088931812,0.5559378231272978,0.03782837788040787,0.152656846284212,0.08375976524192952,0.0
393,76.38927508261415,9.938178224937117,30.19752914000003,37.05749528000001,33.70773515000002,272,1.7386235290403378,0.1733514666557312,0.8055038452148438,0.5944088206571692,272,0.13971867055218992,-0.36814048886299133,0.12054681032896042,-0.1606002414927763,272,0.10523789267290218,18.0,0.0361089507314218,498.3133927481638,3939.006266688797,0.015857198979655512,1.1606002414927763,0.5944088206571692,0.14997614646945465,0.3575437892359891,0.23300320357606846,0.0
394,76.39383592797834,9.938178224937117,32.66533958000002,36.36363721999999,34.05850945250001,272,0.9593325620292866,0.2501499652862549,0.7778993248939514,0.6146234063541188,272,0.0974693318346719,-0.3150326907634735,0.06309393793344498,-0.12618976480820598,272,0.08390389777463664,1.0,0.0030037014718577565,746.1342281250165,1468.9084425988794,0.005913362883975979,1.126189764808206,0.6146234063541188,0.012475676051750992,0.13333289034064702,0.060818561767309404,0.0
395,76.39839677334254,9.938178224937117,0.0,35.26987082000005,29.508513401691193,272,10.802731335973265,0.0,0.851814329624176,0.5943512636072495,272,0.23197428818548738,-0.45324504375457764,0.003076923079788685,-0.1668399362003102,272,0.10775124446889339,1.0,0.00012314831590232284,30.590647736322932,1117.8292963545666,0.004500028783270554,1.1668399362003101,0.5943512636072495,0.0005114884118513462,0.10146541926514471,0.040893060753168696,0.0
396,76.20228042268211,9.942669780812071,29.10376273999998,29.27808176000002,29.196677592500023,272,0.03859978103230957,-0.3173803389072418,-0.2390364408493042,-0.2840249117682962,272,0.013275566446787453,-0.35388126969337463,-0.27167630195617676,-0.30890411489150105,272,0.016011927642841504,0.0,0.0,0.0,0.0,0.0,1.308904114891501,0.0,0.0,0.0,0.0,4610.545074762038
397,76.2068412680463,9.942669780812071,29.086672640000018,29.41138454000003,29.21458228117649,289,0.05517201373391253,-0.311989963054657,-0.24535316228866577,-0.27987190431377057,289,0.011128301317666945,-0.3617977499961853,-0.24867725372314453,-0.2928326352657331,289,0.019982158864319092,0.0,0.0,0.0,0.0,0.0,1.292832635265733,0.0,0.0,0.0,0.0,4123.78834689717
398,76.2114021134105,9.942669780812071,29.07983660000002,29.349860180000007,29.207864511764722,289,0.06392876813962312,-0.3033292293548584,-0.241590216755867,-0.27138764800497406,289,0.009378571844209259,-0.36666667461395264,-0.23632384836673737,-0.2816014801342182,289,0.021943993516164634,0.0,0.0,0.0,0.0,0.0,1.2816014801342182,0.0,0.0,0.0,0.0,3640.6470196120313
399,76.2159629587747,9.942669780812071,29.031984319999992,29.366950280000026,29.245782062352962,289,0.06017693302870828,-0.28211432695388794,-0.2374100685119629,-0.2613575021288387,289,0.009169254870938198,-0.33547696471214294,-0.21812434494495392,-0.2784779690541198,289,0.02278861831206836,0.0,0.0,0.0,0.0,0.0,1.2784779690541197,0.0,0.0,0.0,0.0,3162.7783767800884
400,76.22052380413889,9.942669780812071,28.93286174000002,29.346442160000038,29.210158961176493,289,0.07239005044269844,-0.2888616919517517,-0.22624999284744263,-0.2594189495363862,289,0.011295279886361835,-0.30499467253685,-0.20494335889816284,-0.25909191514381485,289,0.021087883560764326,0.0,0.0,0.0,0.0,0.0,1.259091915143815,0.0,0.0,0.0,0.0,2692.990781205549
401,76.22508464950309,9.942669780812071,28.963623920000032,29.366950280000026,29.178320518823543,289,0.06763328174036834,-0.27959051728248596,-0.21593829989433289,-0.24270624602954693,289,0.010709936233935884,-0.3205128312110901,-0.2179226130247116,-0.26207762193514816,289,0.019795984483238025,0.0,0.0,0.0,0.0,0.0,1.2620776219351482,0.0,0.0,0.0,0.0,2236.3827003670717
402,76.22964549486728,9.942669780812071,29.11401680000006,29.404548500000033,29.26976733764708,289,0.05430292794403292,-0.2621118128299713,-0.18915662169456482,-0.224265497861024,289,0.012624478830364001,-0.3828451931476593,-0.22345803678035736,-0.3027570519892815,289,0.030987452101524652,0.0,0.0,0.0,0.0,0.0,1.3027570519892815,0.0,0.0,0.0,0.0,1802.995220503042
403,76.23420634023148,9.942669780812071,29.206303339999977,29.493417020000038,29.34333164352943,289,0.05957746087574511,-0.3572593927383423,-0.21284635365009308,-0.2693135086640355,289,0.03465108181393486,-0.36148300766944885,-0.2515723407268524,-0.3104737225700827,289,0.024317305833681687,0.0,0.0,0.0,0.0,0.0,1.3104737225700827,0.0,0.0,0.0,0.0,1414.3379707924018
404,76.23876718559568,9.942669780812071,29.332770080000046,30.82302679999998,29.74295613411767,289,0.23690567878543975,-0.3821656107902527,-0.23010380566120148,-0.3356019650363592,289,0.021283507622305377,-0.370095431804657,-0.22245322167873383,-0.2908778471105239,289,0.02527410247651187,0.0,0.0,0.0,0.0,0.0,1.290877847110524,0.0,0.0,0.0,0.0,1118.0733311845795
405,76.24332803095987,9.942669780812071,29.910415460000024,40.161057440000036,36.10136036352943,289,3.7508707142488835,-0.3488371968269348,0.7339596748352051,0.12199020385742188,289,0.2653032605093643,-0.3293207287788391,0.21686135232448578,-0.04971538530501527,289,0.16690972000048007,158.0,0.059154856002990495,93.00226175824913,8164.922535584837,0.03286940729065645,1.0497153853050152,0.12199020385742188,0.2456957947704583,0.7411304132413468,0.4438696421588137,999.9999999999268
406,76.24788887632407,9.942669780812071,37.44031352000002,41.029234520000045,39.067527581176485,289,0.9358913144131243,0.06493722647428513,0.7070958018302917,0.2918401275951557,289,0.12970913956907518,-0.30337077379226685,0.2750000059604645,0.03368621878970453,289,0.08991925169858309,319.0,0.13336898050015153,103.85426684244398,12298.76832061324,0.049510968823258235,0.9663137812102954,0.2918401275951557,0.5539392684863257,1.0,0.7323635610917953,1118.0733311845795
407,76.25244972168827,9.942669780812071,37.50525590000001,46.36476374000006,39.052235194117664,289,1.7676386966199367,0.04972710832953453,0.6963964104652405,0.26204647077408627,289,0.13860026578218682,-0.24024057388305664,0.289612352848053,0.06582714859589574,289,0.09908141740211729,231.0,0.09418386591192393,101.28024161085628,11283.705131086794,0.045424644028762465,0.9341728514041042,0.26204647077408627,0.39118647822614233,1.0,0.6347118869356854,1414.3379707924018
408,76.25701056705246,9.942669780812071,37.98719672000004,55.64127001999998,41.250579078700376,277,5.43230172149179,0.030574198812246323,0.7083608508110046,0.24427069429707773,289,0.12761027184066015,-0.2612384259700775,0.29760485887527466,0.08276878673725062,289,0.09045724010019031,411.0,0.1977456691170196,119.51580876089912,10640.729320645594,0.04283622586566009,0.9172312132627494,0.24427069429707773,0.8213236007820903,0.965859514799979,0.8791379663892458,1499.9999999998902
409,76.26157141241666,9.942669780812071,30.190693100000033,40.851497480000035,35.826115876250014,272,3.77040236089848,-0.2977272868156433,0.7105262875556946,0.11377185933730181,272,0.29466295345160853,-0.39032256603240967,0.3495010733604431,-0.09478139176088221,272,0.1972753202092507,115.0,0.10472014208539769,226.19998841022567,4286.699357936302,0.017256901889089547,1.0947813917608822,0.11377185933730181,0.43494820673464907,0.3891039079357517,0.4166104872150901,1581.1666496312143
410,76.26613225778085,9.942669780812071,30.057390320000025,43.40475842000001,35.02264980941178,289,4.782570016397717,-0.3181818127632141,0.30776146054267883,-0.11764996274532331,289,0.15997059757112903,-0.44710326194763184,0.24439701437950134,-0.11080618465647978,289,0.2147276525192044,11.0,0.00960358717878921,216.87075623837384,943.0618515628448,0.0037964700784609987,1.1108061846564798,0.0,0.039887866254305716,0.08560176985327121,0.058173427693891916,1118.1913501835359
411,76.27069310314505,9.942669780812071,36.924192500000004,45.38721002,41.400403107058835,289,1.8005639753976392,0.04123977571725845,0.7644010186195374,0.3608115173128649,289,0.16889313528799643,-0.30551522970199585,0.35892900824546814,0.046655004824734066,289,0.12584648930347359,46.0,0.0740575086464278,399.91846993129815,1648.0644773237996,0.006634588670048987,0.9533449951752659,0.3608115173128649,0.3075929801043605,0.1495948922728981,0.24439374497177552,707.1689853962009
412,76.27525394850925,9.942669780812071,37.676156900000024,45.94092926000002,43.091873578823545,289,1.4765007776442236,0.06255565583705902,0.7361385226249695,0.3574947634370269,289,0.14139538546130076,-0.2981564998626709,0.29597198963165283,0.1028271513414218,289,0.1019215031937387,8.0,0.004741093852982546,147.21388075707688,53.888639964224076,0.000216938696920136,0.8971728486585782,0.3574947634370269,0.01969182077344576,0.004891474454489584,0.013771682245863288,499.9999999999634
413,76.27981479387344,9.942669780812071,35.66977916000002,45.03515396,39.50083553529414,289,2.1667705202391865,0.05822121724486351,0.7412980198860168,0.42313176455382245,289,0.17962841136033122,-0.3126092851161957,0.2508995831012726,-0.0249117385969855,289,0.13922365621566107,24.0,0.057365306129720364,593.7426817555524,4011.7286114347644,0.016149956241977233,1.0249117385969855,0.42313176455382245,0.23826301734349187,0.3641447999839249,0.2886157303996651,0.0
414,76.28437563923764,9.942669780812071,30.453880640000023,39.805583360000014,37.11443074117649,289,2.0060987882560157,-0.23404255509376526,0.7501375675201416,0.3871654259704801,289,0.22963252589666244,-0.3901192545890808,0.2361920028924942,-0.05389511213995594,289,0.13517346628599622,28.0,0.054195695592949324,480.80276806333694,7354.348540874746,0.029606291608269632,1.053895112139956,0.3871654259704801,0.22509824892776942,0.6675545725589649,0.4020807783802476,499.9999999999634
415,76.28893648460183,9.942669780812071,29.677990099999988,34.06330976000004,30.171474129411784,289,0.6930156394004857,-0.3318435847759247,0.7727493643760681,-0.2029711581431458,289,0.20692915633897765,-0.42951905727386475,-0.07735025882720947,-0.32867157088019033,289,0.04589339637614324,0.0,0.0,0.0,417.1418297684005,0.0016792816638333396,1.3286715708801904,0.0,0.0,0.037863984052404966,0.015145593620961987,707.1689853962009
416,76.29349732996603,9.942669780812071,29.790784760000008,39.46719938000001,35.35377197529414,289,3.121120634799303,-0.2989099323749542,0.7266187071800232,0.18130373047297388,289,0.24484294161781578,-0.4197530746459961,0.32532206177711487,-0.06364411878750811,289,0.19309269469172932,186.0,0.10490620809729292,140.10332462495774,5810.5593175298545,0.023391482278248873,1.063644118787508,0.18130373047297388,0.43572101964911303,0.527424750130321,0.4724025118415962,1118.0733311845795
417,76.29805817533023,9.942669780812071,35.758647680000024,39.10147124000002,37.7547122247059,289,0.5700607669126857,0.06600534170866013,0.7069011330604553,0.2803337862747351,289,0.1285768809829669,-0.3597962260246277,0.30489686131477356,0.05213719008290644,289,0.10096607311063147,356.0,0.1811144995469257,126.37565457958269,9030.29795444402,0.03635313625168909,0.9478628099170936,0.2803337862747351,0.7522471343415346,0.8196805818428021,0.7792205133420416,1118.1913501835359
418,76.30261902069442,9.942669780812071,31.957809440000005,37.79578760000004,36.0855121047059,289,1.5869282217829572,-0.1000971794128418,0.7343709468841553,0.35254191362321585,289,0.21136373556158172,-0.393206924200058,0.22030866146087646,-0.08153617093307337,289,0.13456776246529947,73.0,0.07014561714904159,238.6920070791379,7288.63078541529,0.029341732616924607,1.0815361709330733,0.35254191362321585,0.2913451966517643,0.6615893687191625,0.4394428654787236,707.1689853962009
419,76.30717986605862,9.942669780812071,30.617945599999985,37.51550996000003,35.0017987047059,289,1.9409450456311854,-0.16971279680728912,0.7874446511268616,0.3917981844047362,289,0.250361808637758,-0.6228100061416626,0.1727723926305771,-0.15725710647741403,289,0.156948629891088,9.0,0.009617637251101988,265.4520473034552,5432.098437239915,0.021867917937789475,1.157257106477414,0.3917981844047362,0.03994622230344048,0.4930718377318844,0.22119646847481805,499.9999999999634
420,76.31174071142281,9.942669780812071,30.799100660000022,37.864148,34.37102617647061,289,1.7096620643166647,-0.027027027681469917,0.7938951849937439,0.4847892576435445,289,0.2326975805736388,-0.5498927235603333,0.13565587997436523,-0.21138890144321745,289,0.1746519608065812,43.0,0.0203243556228822,117.41092934135888,3615.6001439897727,0.014555267758513214,1.2113889014432175,0.4847892576435445,0.08441587124663155,0.3281881998453861,0.18192480268613337,0.0
421,76.31630155678701,9.942669780812071,35.10580586000003,40.3763927,37.541458527058836,289,1.2717838855477415,-0.003086419776082039,0.7464710474014282,0.3430707990916955,289,0.20357440838605662,-0.29728618264198303,0.22033898532390594,-0.02480022635014412,289,0.10774080092165188,83.0,0.12859558910636995,384.8647856457633,6788.38005399459,0.027327880683014248,1.0248002263501441,0.3430707990916955,0.5341133020063068,0.6161815856463555,0.5669406154623262,499.9999999999634
422,76.3208624021512,9.942669780812071,34.90414268000001,40.23625388000005,37.07782747250002,272,1.1185276584281132,0.05135951563715935,0.7521222233772278,0.43008049796609316,272,0.14731357893169583,-0.34075725078582764,0.2108120620250702,-0.048009805819567514,272,0.10728843748971936,153.0,0.09695688108721731,157.41546685528803,7380.770046313905,0.02971265626999509,1.0480098058195675,0.43008049796609316,0.40270401395253824,0.6699528538848735,0.5096035499254723,0.0
423,76.3254232475154,9.942669780812071,34.99984724000001,37.758189379999976,36.23361053529413,289,0.6503945584580689,0.14867617189884186,0.7532106637954712,0.452085923983564,289,0.14027534752918563,-0.2905174791812897,0.16680246591567993,-0.06160292575928579,289,0.09854594984035145,67.0,0.03481598986500241,129.08154070191185,8251.518383323255,0.03321801490776348,1.0616029257592858,0.452085923983564,0.14460591874603743,0.7489907225265422,0.3863598402582394,0.0
424,76.3299840928796,9.942669780812071,34.50423434000004,37.918836320000025,36.38278522823531,289,0.7440255451808852,0.11657481640577316,0.7721191048622131,0.42118236185357644,289,0.15251389227800927,-0.36072906851768494,0.17447853088378906,-0.05412309640006623,289,0.10683900676030911,7.0,0.005669372326600926,201.18571248053357,7671.702363527753,0.030883858175076172,1.0541230964000663,0.42118236185357644,0.023547364219151146,0.6963607943818273,0.2926727362842216,0.0
425,76.3345449382438,9.942669780812071,35.37924745999999,38.32216268000002,36.65107023058825,289,0.649840989294316,0.11156050115823746,0.7086110711097717,0.41607549858753246,289,0.1412052887455825,-0.3072439730167389,0.23668240010738373,-0.04517175417045408,289,0.10088715448482449,15.0,0.008881206269410934,147.07568970555346,8067.204329222481,0.03247602455975628,1.0451717541704542,0.41607549858753246,0.036887504768382574,0.73226052692621,0.31503671363151353,0.0
426,76.33910578360799,9.942669780812071,32.71660988000002,38.25038426000003,35.85522744235296,289,1.233609181247443,0.055815473198890686,0.7779449224472046,0.4515309581294604,289,0.18177425975048378,-0.45446527004241943,0.20530229806900024,-0.122146976035359,289,0.1378052634981959,10.0,0.021711846832549283,539.3329606604764,3650.1764904593,0.014694461242563623,1.122146976035359,0.4515309581294604,0.09017872451904836,0.33132669648582014,0.18663791330575707,0.0
427,76.34366662897219,9.942669780812071,35.34848527999998,40.64641628000004,37.790252536470604,289,1.2628411363370426,0.05726790055632591,0.6967849135398865,0.36527825061837693,289,0.14496466136958483,-0.269729346036911,0.3156493306159973,0.004394176509553586,289,0.10868684892524201,22.0,0.03025635315190128,341.6285012521446,6092.7142302211705,0.024527349116408186,0.9956058234904465,0.36527825061837693,0.1256677682409748,0.5530359651944713,0.2966150470223734,499.9999999999634
428,76.34822747433638,9.942669780812071,36.18590018000003,40.981382240000016,38.1648746247059,289,1.2049701246217512,0.03631405159831047,0.7430257797241211,0.3680697114409872,289,0.1732271424420424,-0.28724247217178345,0.25172919034957886,0.010618995217715992,289,0.11547991035313966,33.0,0.06711864600864058,505.23036328684213,4481.4382984127815,0.018040859547227187,0.989381004782284,0.3680697114409872,0.27877287156571434,0.40678037097633807,0.32997587132996387,499.9999999999634
429,76.35278831970058,9.942669780812071,32.40557006000006,39.262118180000016,36.3040170164706,289,1.3037190762829494,0.047466177493333817,0.7681621313095093,0.4655306595007029,289,0.16536258931560324,-0.36012154817581177,0.21504077315330505,-0.06328285771670226,289,0.121120144010494,15.0,0.02182209284192934,361.38101719354125,5245.568500204496,0.02111700714278846,1.0632828577167022,0.4655306595007029,0.0906366240513122,0.47614050633046023,0.24483817696297142,0.0
430,76.35734916506478,9.942669780812071,32.66533958000002,38.60244032000003,34.4544660764706,289,0.9886712319774403,0.1896355301141739,0.7949909567832947,0.596230793989241,289,0.14582437371948845,-0.47694551944732666,0.0507664754986763,-0.18430217492126677,289,0.11550490636665461,69.0,0.05573554684034026,200.6519439695665,173.24666720778134,0.0006974365330942473,1.1843021749212668,0.596230793989241,0.23149391957291257,0.01572560835706596,0.14518659508657392,0.0
431,76.36191001042897,9.942669780812071,33.80012222000005,36.91735646000001,34.95692684352943,289,0.7958863355434644,0.200954407453537,0.7907554507255554,0.610152089472048,289,0.10331085349854828,-0.29880478978157043,0.11263467371463776,-0.12892043961785657,289,0.07567693491854859,22.0,0.012293323144954882,138.80554408968248,3518.417607818952,0.014164041467141076,1.1289204396178565,0.610152089472048,0.05105950727556613,0.31936693633942886,0.15838247890111123,0.0
432,76.36647085579317,9.942669780812071,34.12825214000003,36.97204478000003,35.356492198823545,289,0.9499291808911053,0.2077077031135559,0.8126630187034607,0.5502291880676903,289,0.13620523103680512,-0.32216787338256836,0.13647958636283875,-0.09719595859619985,289,0.09346418656019202,22.0,0.017227580485166632,194.51889894993292,3231.1912481606087,0.013007758580306996,1.0971959585962,0.5502291880676903,0.07155361985939197,0.29329538578893144,0.16025032623120777,0.0
433,76.37103170115736,9.942669780812071,33.786450140000056,38.16835178000002,36.11102307058825,289,0.9988666157856732,0.07259482890367508,0.7782666087150574,0.48997032931106727,289,0.1591068222253538,-0.35592082142829895,0.1740812361240387,-0.08660867552443771,289,0.10845825662350037,11.0,0.027921615885040316,630.533345473262,6635.020042978478,0.026710501566161785,1.0866086755244377,0.48997032931106727,0.11597059091486292,0.6022610900331137,0.3104867905621632,0.0
434,76.37559254652156,9.942669780812071,33.55060676000005,39.050200940000025,36.036879238823545,289,1.3319474826207847,0.1125299260020256,0.7762547135353088,0.5285519398619972,289,0.17087854631474597,-0.31957724690437317,0.14594107866287231,-0.11404356906983266,289,0.10701642640497142,5.0,0.008293957803107764,412.0519872899225,6036.991842020629,0.024303028326469363,1.1140435690698327,0.5285519398619972,0.03444840697649891,0.5479780413239291,0.239860260715471,0.0
435,76.38015339188576,9.942669780812071,31.253697320000015,36.54821030000005,33.75793731875002,272,1.221307261179275,0.24885696172714233,0.794937252998352,0.6576956580666935,272,0.09778296578911155,-0.30589759349823,0.1155325174331665,-0.18248541214886835,272,0.08168303995225111,1.0,0.0027526062013519194,683.7609271828159,95.41498099369267,0.00038411067076796044,1.1824854121488684,0.6576956580666935,0.011432768398541321,0.008660822437087032,0.010323990013959606,0.0
436,76.38471423724995,9.942669780812071,30.200947160000055,37.02331508000003,33.42966325647061,289,2.2045276705618346,0.25405076146125793,0.7918444871902466,0.6031178405128136,289,0.1232724849778342,-0.3584980368614197,0.10940498858690262,-0.18268280293289765,289,0.11559972535879462,0.0,0.0,0.0,1627.9394329910122,0.006553571578210831,1.1826828029328977,0.6031178405128136,0.0,0.14776814102598126,0.05910725641039251,0.0
437,76.38927508261415,9.942669780812071,30.433372520000034,37.864148,34.6998065847059,289,1.9322211969321768,0.1857643574476242,0.8012896776199341,0.5712485131920415,289,0.1420787864713909,-0.34093141555786133,0.12396956235170364,-0.1353594506075638,289,0.11018173122869211,0.0,0.0,0.0,1662.8341547570644,0.006694046740960229,1.1353594506075637,0.5712485131920415,0.0,0.15093553660747083,0.06037421464298834,0.0
438,76.39383592797834,9.942669780812071,32.330373620000046,37.56678026000003,34.42246205529414,289,1.1450271557931222,0.2905888855457306,0.8103199601173401,0.6244496276221886,289,0.11428186711191363,-0.34245404601097107,0.12470416724681854,-0.1347940438346467,289,0.09395240567128377,0.0,0.0,0.0,1250.4584595962056,0.00503395203437414,1.1347940438346467,0.6244496276221886,0.0,0.11350417482378385,0.04540166992951354,0.0
439,76.39839677334254,9.942669780812071,0.0,36.59606258000002,30.709507612941188,289,11.240478828782887,0.0,0.8025897741317749,0.5323535430802606,289,0.24707483301945424,-0.41681107878685,0.14372658729553223,-0.11273948379041414,289,0.11149128235765887,2.0,0.0008628779285784022,107.17156202739447,3866.8892358094695,0.01556687852036953,1.112739483790414,0.5323535430802606,0.0035839065932514423,0.35099772285698866,0.14254943309874635,0.0
440,76.20228042268211,9.947161336687026,29.11401680000006,29.366950280000026,29.24744524250002,272,0.05639642840355486,-0.31775110960006714,-0.2538226246833801,-0.2853851318359375,272,0.013600893674623069,-0.3833902180194855,-0.2813238799571991,-0.3344200919656193,272,0.019981221569218163,0.0,0.0,0.0,0.0,0.0,1.3344200919656193,0.0,0.0,0.0,0.0,4528.41793847167
441,76.2068412680463,9.947161336687026,29.083254620000048,29.353278199999977,29.222648335294135,289,0.05704553265054068,-0.31849104166030884,-0.2566585838794708,-0.289619234606469,289,0.01202132431800631,-0.4162895977497101,-0.24886877834796906,-0.318353435159967,289,0.030748891913285083,0.0,0.0,0.0,0.0,0.0,1.318353435159967,0.0,0.0,0.0,0.0,4031.7726053330043
442,76.2114021134105,9.947161336687026,28.73803459999999,29.291753840000013,29.095720340000018,289,0.1158559292382128,-0.3028296232223511,-0.23957091569900513,-0.2740475875696096,289,0.011748751425298635,-0.3849557638168335,-0.2623966932296753,-0.32351219942825477,289,0.022442104056190536,0.0,0.0,0.0,0.0,0.0,1.3235121994282548,0.0,0.0,0.0,0.0,3536.0958492262557
443,76.2159629587747,9.947161336687026,28.96704194000006,29.315679980000027,29.10628190352943,289,0.0762078441919715,-0.2912912964820862,-0.22732625901699066,-0.26386200267963345,289,0.010551904366536552,-0.41075268387794495,-0.25388601422309875,-0.3215356318595913,289,0.0317264398546984,0.0,0.0,0.0,0.0,0.0,1.3215356318595912,0.0,0.0,0.0,0.0,3041.8612011195437
444,76.22052380413889,9.947161336687026,28.994386100000042,29.295171859999982,29.16992330705884,289,0.06617296380105,-0.29056137800216675,-0.20476190745830536,-0.2467902160433337,289,0.014944623490124686,-0.4000000059604645,-0.24468085169792175,-0.3036116233746486,289,0.03235787276719358,0.0,0.0,0.0,0.0,0.0,1.3036116233746486,0.0,0.0,0.0,0.0,2549.907346747624
445,76.22508464950309,9.947161336687026,29.01489422000003,29.469490880000023,29.23969112705884,289,0.08258977699513985,-0.27419355511665344,-0.1852760761976242,-0.23263560364403113,289,0.014142087638047817,-0.3949579894542694,-0.24181626737117767,-0.303569490109348,289,0.029692804015315735,0.0,0.0,0.0,0.0,0.0,1.303569490109348,0.0,0.0,0.0,0.0,2061.867499447623
446,76.22964549486728,9.947161336687026,29.189213240000015,29.466072860000054,29.339227654117668,289,0.05661774514280929,-0.2970922887325287,-0.18048781156539917,-0.22826475255629597,289,0.020514717355696117,-0.38842976093292236,-0.22957198321819305,-0.29684015293847316,289,0.03047567542453363,0.0,0.0,0.0,0.0,0.0,1.2968401529384732,0.0,0.0,0.0,0.0,1581.3696252676286
447,76.23420634023148,9.947161336687026,29.271245720000024,29.68482614000004,29.406227942352956,289,0.09254969541223437,-0.38444194197654724,-0.2237762212753296,-0.31046582918266113,289,0.03514458790269069,-0.3418259024620056,-0.20444443821907043,-0.2736725064709937,289,0.02682723082237819,0.0,0.0,0.0,0.0,0.0,1.2736725064709937,0.0,0.0,0.0,0.0,1118.179053783235
448,76.23876718559568,9.947161336687026,29.47632692000002,39.395420960000024,31.23725770823531,289,2.776853792343996,-0.3917147219181061,0.6795865893363953,-0.2167168587549335,289,0.2272817857257515,-0.3672727346420288,0.19894112646579742,-0.23237145235794227,289,0.14068853426762287,0.0,0.0,0.0,905.4295706380847,0.003644974364496611,1.2323714523579423,0.0,0.0,0.08218588589461413,0.03287435435784566,707.1641245707146
449,76.24332803095987,9.947161336687026,31.995407660000012,39.38516690000006,37.892580249411786,289,1.0972100949695331,-0.015220399014651775,0.7778558731079102,0.3717943343324232,289,0.18325734714267847,-0.3170563280582428,0.2757928669452667,-0.007852874412668617,289,0.1204125869229387,375.0,0.1698320612339103,112.49898620697108,9578.154579969336,0.03855863452589731,1.0078528744126687,0.3717943343324232,0.70538627057534,0.8694095542247186,0.7709955840350915,499.9999999999634
450,76.24788887632407,9.947161336687026,37.915418300000056,40.458425180000006,39.189121572941204,289,0.584976746265304,0.06847108155488968,0.7328072190284729,0.27273348376000217,289,0.128784688321616,-0.3350125849246979,0.2560850977897644,0.05882498137266166,289,0.09568828081223187,691.0,0.24744654928694065,88.95360439144687,12282.844405396765,0.04944686415445935,0.9411750186273383,0.27273348376000217,1.0,1.0,1.0,707.1641245707146
451,76.25244972168827,9.947161336687026,37.11560162000001,65.0032268,42.98345493058825,289,5.962744680750182,0.05159122496843338,0.6804900765419006,0.2825189346260678,289,0.15051924436063424,-0.2188204973936081,0.2995239496231079,0.07080513713269085,289,0.10011098255276678,327.0,0.17478424844379292,132.7745183559834,10294.429757611157,0.04144213286204043,0.9291948628673091,0.2825189346260678,0.7259548536908614,0.9344258867234786,0.8093432669039082,1118.179053783235
452,76.25701056705246,9.947161336687026,38.151261680000005,64.84941590000005,40.11995724863159,285,3.6189496259054117,0.03241678699851036,0.685892641544342,0.21177563782794254,289,0.11732102635182365,-0.27550068497657776,0.3286914825439453,0.10508149882913874,289,0.08898335340031442,116.0,0.0980628065936016,209.99382558088976,11587.700820671555,0.046648434957827264,0.8949185011708612,0.21177563782794254,0.40729740263789443,1.0,0.6443784415827367,1581.3696252676286
453,76.26157141241666,9.947161336687026,30.006120020000026,40.772883019999995,35.16327132125002,272,4.144596688593326,-0.3341645896434784,0.5929632782936096,-0.01101696929510902,272,0.24562446535883364,-0.3862212896347046,0.2872720956802368,-0.06589993308572208,272,0.19994572182740894,145.0,0.1042800350351897,178.6460269651512,4805.506186158753,0.01934545482608271,1.0658999330857222,0.0,0.43312025111458186,0.4361960288122417,0.43435056219364576,1414.3282491414293
454,76.26613225778085,9.947161336687026,30.12916874000001,42.97750592,34.28050186823531,289,4.297738500358084,-0.3108522295951843,0.6922661066055298,-0.06515148519232199,289,0.2667618501500941,-0.38728323578834534,0.3415989875793457,-0.11024793209089127,289,0.20183674020940032,49.0,0.07151908825832266,362.5651734646639,455.5347932197154,0.0018338396461383324,1.1102479320908913,0.0,0.2970498183614683,0.041348915200768256,0.1947694570971883,1118.0702567726928
455,76.27069310314505,9.947161336687026,38.53066190000004,46.6655495,42.185920872941196,289,1.9750149878636523,0.05625630542635918,0.6648270487785339,0.3454656105965479,289,0.1595734173279987,-0.20636774599552155,0.27596741914749146,0.06061547355255866,289,0.11033874436557851,15.0,0.018083556594534617,299.46963033964033,1996.0026528678547,0.008035278211692788,0.9393845264474413,0.3454656105965479,0.07510886020153835,0.18117725728610584,0.11753621903536535,999.9999999999268
456,76.27525394850925,9.947161336687026,38.10340940000003,46.37159978,42.05828325411767,289,1.7031338630668642,-0.020090406760573387,0.705748438835144,0.2679180950441987,289,0.15932923863644705,-0.1973758190870285,0.3257973790168762,0.09156631680920875,289,0.09994162222267061,69.0,0.14467849363631502,520.8528963010698,2415.6595277925517,0.009724684655428988,0.9084336831907912,0.2679180950441987,0.6009125857456248,0.21926953210892325,0.4482553642909442,500.08109250390766
457,76.27981479387344,9.947161336687026,35.53989439999998,41.22747967999999,38.485801865882365,289,1.2886512703701472,-0.0020234722178429365,0.753243625164032,0.4366212732651654,289,0.16623497092939005,-0.31539782881736755,0.2951209247112274,-0.013537793010988862,289,0.13910993477797867,76.0,0.15961231199355982,521.6905765855254,8613.505219054769,0.03467525993190906,1.0135377930109888,0.4366212732651654,0.6629392158173036,0.7818482851040673,0.7105028435320091,0.0
458,76.28437563923764,9.947161336687026,29.893325360000006,39.68253464000003,33.92296988000002,289,3.397346523223058,-0.3276231288909912,0.7297717928886414,0.10935690988718845,289,0.33712417873089456,-0.4000000059604645,0.21316108107566833,-0.18154768630295065,289,0.1701941478297538,31.0,0.06480743852209053,519.3060217533537,3225.206367065805,0.01298366533344104,1.1815476863029506,0.10935690988718845,0.2691734236309812,0.29275213784265136,0.27860490931564924,500.08109250390766
459,76.28893648460183,9.947161336687026,29.97193981999999,40.35930259999998,32.77211426705884,289,3.009545187405894,-0.3172338008880615,0.7781028747558594,-0.007549064794626203,289,0.32477799887212006,-0.4875560998916626,0.2146223485469818,-0.20953252983753243,289,0.15802452736087036,10.0,0.01265946024788687,314.4672228260541,1156.6872821105976,0.004656458798955696,1.2095325298375323,0.0,0.05258023359590879,0.1049925605105859,0.07354516436177963,1000.1621850078153
460,76.29349732996603,9.947161336687026,34.104326000000015,39.634682360000056,38.33082008705884,289,0.900916318065339,0.0189861748367548,0.7581594586372375,0.29205047713019033,289,0.15894804374132854,-0.4450307786464691,0.2906867265701294,0.04821422273312473,289,0.11469793473166383,319.0,0.2075543078203224,161.62229318867762,7763.399986304759,0.031253003932124865,0.9517857772668753,0.29205047713019033,0.8620631350259472,0.7046841920338913,0.7991115578291248,1414.3282491414293
461,76.29805817533023,9.947161336687026,36.346547120000025,39.27579026000001,37.8848453529412,289,0.5727944669236773,0.07500399649143219,0.7112024426460266,0.35283975040211396,289,0.16100858605727095,-0.23310497403144836,0.23577652871608734,-0.010146051129667816,289,0.09844148884153227,123.0,0.06918961577272308,139.73204121953518,7803.083732637717,0.03141275819989069,1.0101460511296678,0.35283975040211396,0.28737450795725783,0.7082862876068168,0.45573921981708143,1414.3282491414293
462,76.30261902069442,9.947161336687026,35.068207640000026,39.491125520000026,37.171023217647075,289,0.7545389553771645,0.0843568965792656,0.7241939902305603,0.3505223680120026,289,0.1708021549433406,-0.31342700123786926,0.20851720869541168,-0.020730454203991742,289,0.11944137564070427,32.0,0.03210908826422435,249.25173586124862,10014.294911806257,0.040314398177120125,1.0207304542039917,0.3505223680120026,0.1333629813930166,0.9089980332282568,0.4436170021271127,1118.0702567726928
463,76.30717986605862,9.947161336687026,30.52565906000001,38.14442564000001,33.37708015294119,289,2.7831236594442084,-0.21998079121112823,0.741770327091217,0.07508125437172226,289,0.2666107536070696,-0.6084551811218262,0.19290050864219666,-0.21885693032023815,289,0.1778165942295487,7.0,0.021730754531202722,771.1466245718929,2851.2105350555967,0.011478075871474279,1.2188569303202381,0.07508125437172226,0.09025725639896202,0.2588045180924031,0.15767616107633847,707.1641245707146
464,76.31174071142281,9.947161336687026,30.604273519999992,36.71569327999998,32.97380110117649,289,2.1906962979540032,-0.19320593774318695,0.7538148760795593,0.20485709695255055,289,0.32069201718789647,-0.5702306032180786,0.15078836679458618,-0.24666521540975075,289,0.1442398535550296,54.0,0.029368958259825315,135.09988461298155,1391.831076600945,0.005603073677331885,1.2466652154097508,0.20485709695255055,0.12198203205605657,0.1263365741031517,0.12372384887489461,499.9999999999634
465,76.31630155678701,9.947161336687026,30.782010560000003,40.61223608,36.00502896941178,289,2.6758452302149367,-0.10655737668275833,0.7490358352661133,0.36162870730495783,289,0.271463290721224,-0.47422680258750916,0.32953116297721863,-0.131154123062081,289,0.17956911867115327,7.0,0.05763933704318066,2045.4135699516537,2465.719588024898,0.009926210695829312,1.131154123062081,0.36162870730495783,0.23940118667773722,0.22381348619607958,0.23316610648507416,707.1641245707146
466,76.3208624021512,9.947161336687026,35.560402520000025,40.164475460000006,37.27876181000002,272,1.1033718615053467,0.03668190538883209,0.7090110182762146,0.3600912374608657,272,0.16402213601797613,-0.28255918622016907,0.27262771129608154,-0.0005951436126933378,272,0.10839227736363273,36.0,0.05873505738268582,405.2799254030249,7419.1421240254695,0.029867130172888008,1.0005951436126934,0.3600912374608657,0.24395218887521136,0.6734358892336301,0.41574566901857885,499.9999999999634
467,76.3254232475154,9.947161336687026,35.28354290000004,37.891492159999984,36.847174692941195,289,0.5055781509902129,0.08039622008800507,0.7037487626075745,0.393954372735997,289,0.13625049618746246,-0.23884102702140808,0.1971244066953659,-0.021313601299140693,289,0.09701243592796839,100.0,0.04054749207455347,100.721965830847,7282.892940772885,0.0293186338610332,1.0213136012991406,0.393954372735997,0.1684113353382627,0.6610685442836083,0.3654742189164009,499.9999999999634
468,76.3299840928796,9.947161336687026,34.91439674000003,39.162995600000045,36.65002944941179,289,0.6767896463140893,0.03463653847575188,0.7427101135253906,0.41763300384204693,289,0.14009308864477876,-0.3117227256298065,0.2030712217092514,-0.03395121155313142,289,0.0999691380951432,91.0,0.05321087071591937,145.25101274252245,7654.120202493315,0.030813077930735563,1.0339512115531315,0.41763300384204693,0.22100784372317622,0.6947648607748227,0.41051065054383484,0.0
469,76.3345449382438,9.947161336687026,32.2073249,39.07412708000004,36.428757005882375,289,1.5043166804862957,-0.048076923936605453,0.6904609799385071,0.3235037516557634,289,0.16193434130324016,-0.34624698758125305,0.24958978593349457,-0.025320551387166483,289,0.11949632819274507,13.0,0.017261721629300463,329.83820039420937,6370.927109385619,0.025647346568791536,1.0253205513871664,0.3235037516557634,0.07169542285088114,0.5782893616848328,0.2743329983844618,499.9999999999634
470,76.33910578360799,9.947161336687026,32.24150510000004,38.99209460000003,36.0185591247059,289,1.3651934247171773,0.0022421525791287422,0.7469355463981628,0.3754209102643815,289,0.17304295646221976,-0.410300076007843,0.2303953617811203,-0.07208744299865512,289,0.1290520403424415,4.0,0.010865653198567164,674.7704322770791,5747.611435716585,0.023138073926070764,1.072087442998655,0.3754209102643815,0.045129774268864276,0.5217109678552765,0.23576225170342915,499.9999999999634
471,76.34366662897219,9.947161336687026,36.56871841999998,40.89251372000001,37.92181673882355,289,0.8430977386977294,0.05136282742023468,0.7469035983085632,0.3441960159882542,289,0.1628183685305691,-0.31414392590522766,0.2866833806037903,0.0224656184239371,289,0.11784797036208014,45.0,0.0916337795810642,505.8284848320714,4481.302683229722,0.018040313603200485,0.9775343815760629,0.3441960159882542,0.3805948627590674,0.4067680611796162,0.3910641421272869,707.1641245707146
472,76.34822747433638,9.947161336687026,36.558464360000016,40.704522620000034,38.30862069764708,289,0.928377314008296,0.03993796184659004,0.745861291885376,0.3163766827962803,289,0.15573102839325637,-0.31735312938690186,0.28057554364204407,0.04114593189067907,289,0.10979002142259446,34.0,0.06099057241550496,445.59877497139087,6521.0445441260845,0.026251672094527768,0.958854068109321,0.3163766827962803,0.25332032187476083,0.5919155284927906,0.38875840452197274,500.08109250390766
473,76.35278831970058,9.947161336687026,32.364553820000026,39.70304276000002,36.217348329411784,289,1.668160595101119,0.06254085898399353,0.808138370513916,0.5012412945704476,289,0.19556055650978774,-0.37457969784736633,0.3214285671710968,-0.09782739659081693,289,0.147085783579787,9.0,0.01432245055009001,395.3074670692396,3642.89681222328,0.01466515555009173,1.097827396590817,0.5012412945704476,0.059487354187576016,0.3306659197404423,0.16795878040872253,0.0
474,76.35734916506478,9.947161336687026,32.55596294000003,37.61463254,34.73480285176472,289,1.1401324909223365,0.124388687312603,0.8080785274505615,0.60123351206004,289,0.15761983299908144,-0.43950244784355164,0.22012577950954437,-0.16150934555951288,289,0.1292859548769567,9.0,0.017309928426519502,477.76349008893925,3298.4494944092003,0.013278519102524478,1.161509345559513,0.60123351206004,0.07189564660521622,0.29940042005212997,0.1628975559839817,0.0
475,76.36191001042897,9.947161336687026,34.135088180000025,37.300174700000014,36.00206037764708,289,0.6817302345499097,0.163224995136261,0.7522828578948975,0.4853041493768923,289,0.1435560194498102,-0.31575244665145874,0.1607910543680191,-0.06918674191801606,289,0.09014211206612299,28.0,0.028881801722141654,256.2279174154329,5877.534580067249,0.02366110359714637,1.069186741918016,0.4853041493768923,0.11995865949138054,0.533504097948375,0.2853768348741783,0.0
476,76.36647085579317,9.947161336687026,34.95199495999998,38.30507258,37.068636369411784,289,0.6125895187917345,0.08496279269456863,0.7198376059532166,0.39527043009299306,289,0.1332007053519878,-0.2717134952545166,0.24637681245803833,-0.017579029175649463,289,0.08932761082346752,48.0,0.061872565032280565,320.19686782712336,8389.062944070725,0.03377172600154536,1.0175790291756495,0.39527043009299306,0.25698362006535075,0.7614756489543922,0.4587804316209674,499.9999999999634
477,76.37103170115736,9.947161336687026,33.253239020000024,38.81777557999999,35.80665371176472,289,1.5082236368022253,0.1402171403169632,0.7788175344467163,0.5237673855157872,289,0.15604285123417758,-0.3096085488796234,0.17430804669857025,-0.09566357226520261,289,0.1027675539656565,14.0,0.016091809362731618,285.5203314617274,4730.900449465886,0.019045115620794504,1.0956635722652026,0.5237673855157872,0.06683626937526775,0.42942406248624404,0.2118713866196583,0.0
478,76.37559254652156,9.947161336687026,32.50811066000006,37.41980540000003,35.064967025882375,289,1.2496136707001009,0.17109067738056183,0.7745422720909119,0.5867893522585964,289,0.14718934477204687,-0.33776816725730896,0.2175198644399643,-0.13605364631204045,289,0.10282974443525794,6.0,0.005896680495702947,244.12740920843365,2539.8910611985666,0.010224801692923039,1.1360536463120405,0.5867893522585964,0.024491473714786053,0.2305460344014476,0.10691329798945068,0.0
479,76.38015339188576,9.947161336687026,34.617029,38.17518782000002,36.31939145375002,272,0.8004482384162797,0.15246285498142242,0.7426533699035645,0.4994324515847599,272,0.1421840558781059,-0.2896305024623871,0.16745124757289886,-0.08516817934372846,272,0.08569730255034978,6.0,0.011727798286185864,485.5404686436812,4770.685979737742,0.019205279638650274,1.0851681793437284,0.4994324515847599,0.04871063705550033,0.4330353969922235,0.2024405410301896,0.0
480,76.38471423724995,9.947161336687026,34.27522700000003,38.35292486000003,36.13503200000002,289,0.8885693782534184,0.047076210379600525,0.7891309857368469,0.5321877027465398,289,0.14426120133242584,-0.32566338777542114,0.30971992015838623,-0.09539983016809378,289,0.09731832930669426,2.0,0.013744159369904967,1707.0584142219464,3827.7039618751073,0.015409130945529589,1.0953998301680938,0.5321877027465398,0.057085459893097004,0.3474408736477795,0.17322762539497,0.0
481,76.38927508261415,9.947161336687026,33.08575603999998,37.36169905999998,35.3062508529412,289,1.0438746364069975,0.1755412518978119,0.7921693325042725,0.5867501757136678,289,0.14531046832851147,-0.3501400649547577,0.10259433835744858,-0.1317263012526357,289,0.1030624397106858,2.0,0.04441529902336254,5516.489432160816,2546.5689715505823,0.010251684857368784,1.1317263012526357,0.5867501757136678,0.18447601652450893,0.23115218864690532,0.2031464853734675,0.0
482,76.39383592797834,9.947161336687026,34.92806882000002,38.93057024000001,36.67108161411767,289,0.8742207692206032,0.1065308004617691,0.7950963377952576,0.5144598409791307,289,0.15776540898467423,-0.4023520350456238,0.2529035210609436,-0.09276089783770815,289,0.11336000202203919,10.0,0.015030675793250566,373.3693839507322,4279.151017428691,0.017226514646904226,1.0927608978377081,0.5144598409791307,0.06242892104704124,0.3884187447029948,0.1928248505094227,0.0
483,76.39839677334254,9.947161336687026,0.0,38.592186260000005,30.631011423529426,289,11.253772841421334,0.0,0.798026978969574,0.5731641512016111,289,0.2520498530056548,-0.3539282977581024,0.2504463493824005,-0.15560462978059444,289,0.1090033684234343,3.0,0.0017344007708830975,143.61122907485094,1146.612826138511,0.004615902211292421,1.1556046297805944,0.5731641512016111,0.00720371926577043,0.10407810165500786,0.045953472221465404,0.0
484,76.20228042268211,9.951652892561981,29.00122213999998,29.353278199999977,29.213953830078147,256,0.07051364207310108,-0.3268998861312866,-0.25060826539993286,-0.2837522625923157,256,0.012571589540055243,-0.40758293867111206,-0.3208431005477905,-0.36797744035720825,256,0.015241685343292797,0.0,0.0,0.0,0.0,0.0,1.3679774403572083,0.0,0.0,0.0,0.0,4242.955569632385
485,76.2068412680463,9.951652892561981,29.045656399999984,29.513925140000026,29.214220077500016,272,0.10003588395097163,-0.3230035901069641,-0.24357405304908752,-0.2735122792861041,272,0.013118536363024586,-0.4107142984867096,-0.32420089840888977,-0.37651847390567555,272,0.016223260401092367,0.0,0.0,0.0,0.0,0.0,1.3765184739056755,0.0,0.0,0.0,0.0,3905.362407236603
486,76.2114021134105,9.951652892561981,28.731198560000053,29.18237720000002,29.029345407500017,272,0.09374202503819402,-0.3075995147228241,-0.23718713223934174,-0.2686193129595588,272,0.01204105771330746,-0.42212188243865967,-0.30151844024658203,-0.3616754307466395,272,0.02391851869729268,0.0,0.0,0.0,0.0,0.0,1.3616754307466394,0.0,0.0,0.0,0.0,3500.519510364434
487,76.2159629587747,9.951652892561981,28.796140939999987,29.090090659999987,28.964654352500013,272,0.06398467473955063,-0.31724968552589417,-0.2388758808374405,-0.27934638191671934,272,0.012659722096489941,-0.40997830033302307,-0.29490020871162415,-0.3625930617837345,272,0.020897043436672907,0.0,0.0,0.0,0.0,0.0,1.3625930617837345,0.0,0.0,0.0,0.0,3000.4452945980865
488,76.22052380413889,9.951652892561981,28.83715718000002,29.223393439999995,29.046737097500014,272,0.07926922376796075,-0.296251505613327,-0.20283019542694092,-0.24834907756132238,272,0.015777814877798394,-0.4161490797996521,-0.3128834366798401,-0.3706834736992331,272,0.015261629126858038,0.0,0.0,0.0,0.0,0.0,1.370683473699233,0.0,0.0,0.0,0.0,2500.3710788317385
489,76.22508464950309,9.951652892561981,28.929443719999995,29.356696220000003,29.107545181250014,272,0.09639498787571243,-0.2608187198638916,-0.17159762978553772,-0.21487076142255,272,0.01595567461923582,-0.41152262687683105,-0.3203125,-0.3755602556116441,272,0.017134104944079534,0.0,0.0,0.0,0.0,0.0,1.375560255611644,0.0,0.0,0.0,0.0,2000.2968630653909
490,76.22964549486728,9.951652892561981,29.10376273999998,29.42847463999999,29.290987298750018,272,0.0699188577874792,-0.29064038395881653,-0.16393442451953888,-0.23775866452385397,272,0.020686881647137702,-0.41025641560554504,-0.2735426127910614,-0.34288737353156595,272,0.027641470394177577,0.0,0.0,0.0,0.0,0.0,1.3428873735315658,0.0,0.0,0.0,0.0,1500.2226472990433
491,76.23420634023148,9.951652892561981,29.28149977999999,29.951431700000057,29.517154666250015,272,0.14620192802148568,-0.3700787425041199,-0.2291904240846634,-0.30726323408239026,272,0.031169250601655756,-0.376782089471817,-0.2398190051317215,-0.31338972203871784,272,0.022225051915640948,0.0,0.0,0.0,0.0,0.0,1.3133897220387178,0.0,0.0,0.0,0.0,1000.1484315326954
492,76.23876718559568,9.951652892561981,29.660900000000026,40.738702820000015,33.85944748625002,272,4.060950558796629,-0.3451327383518219,0.7629558444023132,-0.017745975185843074,272,0.30219356930899355,-0.3898809552192688,0.2790107727050781,-0.15578122699961944,272,0.2034635840455175,25.0,0.059946527823948666,595.6405013715679,3949.9195084588887,0.015901132254838368,1.1557812269996195,0.0,0.24898395148979613,0.35853438471899834,0.292804124781477,500.0742157663477
493,76.24332803095987,9.951652892561981,33.30109130000005,40.69085054000004,38.331361175000026,272,1.5035755620523186,0.09051135182380676,0.7841160297393799,0.4330288382137523,272,0.1866378933577661,-0.3237622082233429,0.23513062298297882,-0.015849926892448876,272,0.14141359871408804,175.0,0.10338090712920946,146.74472064630677,6439.764432706121,0.025924463958106502,1.0158499268924488,0.4330288382137523,0.4293857826298822,0.5845377288501802,0.4914465611180014,0.0
494,76.24788887632407,9.951652892561981,38.038467019999985,40.54729370000001,38.920517240000024,272,0.5371104859854328,0.0757957398891449,0.7307692170143127,0.2897719214944279,272,0.134748920269754,-0.2918660342693329,0.2794468402862549,0.04655639564289766,272,0.09933089473271332,468.0,0.1887432679848177,100.18110396319778,12187.918536323403,0.04906472249427905,0.9534436043571023,0.2897719214944279,0.7839327211405778,1.0,0.8703596326843467,500.0742157663477
495,76.25244972168827,9.951652892561981,36.89343031999999,50.38777328000003,41.099731182500015,272,4.3565838329472415,0.004556500818580389,0.6717600226402283,0.269962142495548,272,0.12967026817519822,-0.2454938292503357,0.2544406056404114,0.07584085183985093,272,0.08749531678999282,360.0,0.2066120879977499,142.56516523941508,10622.344284411218,0.04276221349856077,0.9241591481601491,0.269962142495548,0.85814968710641,0.9641907041722656,0.9005660939327522,1000.1484315326954
496,76.25701056705246,9.951652892561981,37.49158382000002,51.105557480000016,40.359498715901665,244,3.0062447924187614,0.02317090332508087,0.6244611144065857,0.20817463538225958,272,0.11401343949724124,-0.20931890606880188,0.2938922643661499,0.10701842869029325,272,0.08252242591232149,374.0,0.1999125249256035,132.77875681181138,12449.662430491982,0.05011842099855437,0.8929815713097068,0.20817463538225958,0.8303234935384194,1.0,0.8981940961230517,1500.2226472990433
497,76.26157141241666,9.951652892561981,29.736096439999983,41.02239847999999,34.65574875781252,256,4.409292967458566,-0.36000001430511475,0.4651992917060852,-0.07101886719465256,256,0.24426086274715653,-0.3649393618106842,0.33340734243392944,-0.08094795048236847,256,0.2189077853949861,125.0,0.09596359323669243,190.70263070711266,4554.519984537802,0.018335063404797423,1.0809479504823685,0.0,0.39857845834543454,0.4134139991586208,0.40451267467070906,1118.166751919084
498,76.26613225778085,9.951652892561981,29.82496495999999,42.36226232000001,34.05662451500002,272,4.3576656075759175,-0.3380012810230255,0.7059609889984131,-0.0660565600675695,272,0.27693260268139436,-0.3774318993091583,0.3223020136356354,-0.1514601006227381,272,0.20114936643355627,54.0,0.07180461111384911,330.3077552270908,29.788945406258353,0.00011992091474843381,1.151460100622738,0.0,0.2982357187195075,0.00270394401450164,0.18002300883750516,707.1592616053975
499,76.27069310314505,9.951652892561981,37.50183788000004,45.12402248000001,41.564958890000014,272,1.9831121382473302,0.03760717064142227,0.7400575280189514,0.3370034554425408,272,0.1756694464072669,-0.2823363244533539,0.5822179913520813,0.06323970065397375,272,0.1344856802044461,15.0,0.04325869904417616,716.3782491574952,2278.895385793801,0.009174115281803924,0.9367602993460262,0.3370034554425408,0.17967215475695889,0.20685544432861927,0.19054547058562304,499.9999999999634
500,76.27525394850925,9.951652892561981,37.24206836000002,43.68161803999999,39.77477091500002,272,1.6456629157478109,0.043133366852998734,0.7085009813308716,0.3804013027864344,272,0.1660677040484325,-0.2413012683391571,0.3851287066936493,0.05711668379166547,272,0.1272648998177754,77.0,0.22475905882643266,725.0812512874719,6087.685099801411,0.024507103420828777,0.9428833162083345,0.3804013027864344,0.9335219341490557,0.5525794707831653,0.7811449488026995,707.1592616053975
501,76.27981479387344,9.951652892561981,31.766400320000002,43.31247188000003,39.644609697500016,272,1.508874789923712,-0.20325203239917755,0.7244467735290527,0.32985659206614776,272,0.1889180396592763,-0.37580645084381104,0.31256821751594543,0.032887343098135555,272,0.12796783238126785,53.0,0.15078071074170935,706.6918982152154,7124.850400149938,0.02868240435434215,0.9671126569018644,0.32985659206614776,0.62625774221927,0.6467230152316039,0.6344438514242036,499.9999999999634
502,76.28437563923764,9.951652892561981,29.859145160000025,38.619530420000046,31.600764578750017,272,2.2710810277463507,-0.2764378488063812,0.5597388744354248,-0.15881846932803884,272,0.15182761547293633,-0.427642285823822,0.2000698298215866,-0.27930419585284066,272,0.1583956263820376,7.0,0.005320690795463028,188.81225414518386,757.5834989914011,0.0030497926314061903,1.2793041958528406,0.0,0.022099138465539726,0.06876589082447501,0.04076583940911384,707.1592616053975
503,76.28893648460183,9.951652892561981,30.22829132000004,46.850122580000004,38.39581347125002,272,4.604880138287735,-0.26295584440231323,0.6553846001625061,0.08199808176826029,272,0.20379734901371255,-0.38675957918167114,0.30452761054039,0.015803391442579383,272,0.19144290421806007,84.0,0.30279879461027276,895.4370331568132,0.0,0.0,0.9841966085574206,0.08199808176826029,1.0,0.0,0.6,1118.166751919084
504,76.29349732996603,9.951652892561981,36.59606258000002,40.72503074000002,38.40075200750002,272,0.8641144141079192,0.061259057372808456,0.7575832009315491,0.38694224638097424,272,0.16827019475258415,-0.3634371757507324,0.28706303238868713,-0.011941392632091747,272,0.12213519568240036,87.0,0.11994123690836628,342.4596957563187,5701.337962728142,0.022951791493655577,1.0119413926320917,0.38694224638097424,0.4981680206687193,0.5175107224752901,0.5059051013913476,1581.3500534255256
505,76.29805817533023,9.951652892561981,35.792827880000004,39.132233420000034,37.170993650000014,272,0.66227216469658,0.04097528010606766,0.7519302368164062,0.3684534185072955,272,0.1740707436573974,-0.33457112312316895,0.2707219123840332,-0.017677135327283072,272,0.11683189385145239,135.0,0.11041705712547788,203.17141037124114,6679.966110861687,0.026891440283574968,1.017677135327283,0.3684534185072955,0.45860996779855084,0.6063408467875322,0.5177023193941435,1118.166751919084
506,76.30261902069442,9.951652892561981,36.613152679999985,39.42276512000001,37.717638091250016,272,0.5031740948654747,0.04029304161667824,0.6841426491737366,0.28772298027487364,272,0.13229537380476306,-0.2602440416812897,0.2482105791568756,0.02689147346159991,272,0.09165335346624398,56.0,0.05565124116563245,246.8578962392489,10193.094752796245,0.04103419003936877,0.9731085265384001,0.28772298027487364,0.23114376151065733,0.92522770343797,0.5087773382815824,707.1592616053975
507,76.30717986605862,9.951652892561981,31.995407660000012,39.63126434000003,36.668959396250024,272,1.2659569886487183,-0.1317957192659378,0.6702386736869812,0.3268689548268038,272,0.1717597217695771,-0.41334739327430725,0.29778042435646057,-0.05486827387529261,272,0.12684187356525695,24.0,0.018700696114831133,193.5560395477942,7652.667672707352,0.030807230503166156,1.0548682738752926,0.3268689548268038,0.07767210851568938,0.6946330145759366,0.3244564709397883,499.9999999999634
508,76.31174071142281,9.951652892561981,30.570093320000012,38.07264722000002,34.56306952250002,272,2.3536907496977855,-0.17784877121448517,0.6876180171966553,0.22989590027753046,272,0.2706099313098298,-0.40248963236808777,0.197885200381279,-0.14945532293880687,272,0.1596453281982891,17.0,0.027455691394862543,401.1840508135036,2824.971231047204,0.011372444695340477,1.149455322938807,0.22989590027753046,0.11403540425983225,0.2564227751991728,0.17099035263556847,707.1592616053975
509,76.31630155678701,9.951652892561981,30.60769154000002,39.309970460000045,35.88957543875002,272,2.4137905988353996,-0.1552419364452362,0.7616624236106873,0.34340516258688536,272,0.2572835299967843,-0.5,0.16136468946933746,-0.1222239943111644,272,0.14922015525219665,15.0,0.028476012429831422,471.5721086904963,5618.35310751452,0.022617720595482955,1.1222239943111645,0.34340516258688536,0.11827324041642812,0.5099781831561231,0.2749552175123061,1118.0671810200768
510,76.3208624021512,9.951652892561981,36.23033443999998,38.84511974000003,37.336798250234395,256,0.563332388181018,0.05773542448878288,0.6670863628387451,0.3225391209125519,256,0.12673648249577152,-0.228251114487648,0.3062649965286255,0.018276499584317207,256,0.0907116814965169,13.0,0.014278816049927317,272.8406291568057,7585.76464286462,0.030537899970353923,0.9817235004156828,0.3225391209125519,0.05930612116764706,0.688560223323069,0.31100776202981584,999.9999999999268
511,76.3254232475154,9.951652892561981,35.133150020000016,38.22645812000002,36.84706085750002,272,0.5171076015918139,0.11633304506540298,0.6877323389053345,0.37864208221435547,272,0.13554600785120788,-0.2619439959526062,0.19628338515758514,-0.008686468881719252,272,0.10046239873704217,350.0,0.15817303792326196,112.25988873756293,9625.31393952296,0.03874848325869041,1.0086864688817192,0.37864208221435547,0.6569612858469143,0.8736902115710495,0.7436528561365684,707.1592616053975
512,76.3299840928796,9.951652892561981,32.43633224000001,40.742120839999984,37.62504996125002,272,1.4580878013684455,0.013015184551477432,0.7396559715270996,0.3481397348291734,272,0.16251234211900653,-0.32080018520355225,0.28316327929496765,-0.015304831897511202,272,0.12119879046386275,167.0,0.14021481323450125,208.56317164825893,7175.145051533629,0.028884874784853555,1.0153048318975113,0.3481397348291734,0.582372983453811,0.6512882631689078,0.6099390953398498,499.9999999999634
513,76.3345449382438,9.951652892561981,31.66044169999998,40.478933299999994,35.903109290000025,272,2.160205729049935,-0.012792236171662807,0.7436349987983704,0.3573445993311265,272,0.2037923931867947,-0.3993086814880371,0.28338608145713806,-0.08989611092735739,272,0.15806930856676113,17.0,0.050625259480703566,739.739035519381,3987.940578167283,0.016054193110030198,1.0898961109273575,0.3573445993311265,0.21026867790775003,0.3619855590543397,0.2709554303663859,499.9999999999634
514,76.33910578360799,9.951652892561981,33.80695825999999,38.38710506000001,36.59196598250002,272,0.8685830451330889,0.08076923340559006,0.681557834148407,0.36826546051922965,272,0.16704088810673443,-0.3993759751319885,0.23980583250522614,-0.015691077007966882,272,0.12371329097796353,21.0,0.04825360833569304,570.782561308888,5760.889869531083,0.02319152871971131,1.0156910770079668,0.36826546051922965,0.20041818122220031,0.5229162519344881,0.32941740950711546,499.9999999999634
515,76.34366662897219,9.951652892561981,35.70054134000003,38.59560428000003,37.27254151625002,272,0.7349250032200154,0.06268048286437988,0.697003960609436,0.37483692169189453,272,0.1430919932343211,-0.25777730345726013,0.2737944424152374,0.005801018984878764,272,0.1047660208053897,34.0,0.07248554257627407,529.5813384908187,5596.070985396792,0.02252801978766809,0.9941989810151213,0.37483692169189453,0.30106392265996257,0.5079556338543957,0.3838206071377358,707.1592616053975
516,76.34822747433638,9.951652892561981,35.71079540000005,38.479391599999985,36.81584629250002,272,0.6027105175941593,0.10416483134031296,0.6696469187736511,0.3747657888075885,272,0.12065013503520469,-0.24002720415592194,0.2071320116519928,-0.005581640145357917,272,0.08583786533934451,5.0,0.019426610236170656,965.1331178851024,7241.928976905672,0.02915372584056847,1.005581640145358,0.3747657888075885,0.08068714496457528,0.6573502433032137,0.31135238430003065,499.9999999999634
517,76.35278831970058,9.951652892561981,34.04621966000002,38.41444922000005,36.30153481250002,272,1.0451386308243238,0.10055461525917053,0.7909960746765137,0.489964765660903,272,0.18357397405615591,-0.3458435535430908,0.46934977173805237,-0.07777450365178726,272,0.13925526058314852,5.0,0.002690600830089409,133.67169756118557,3865.773274454593,0.015562386011330503,1.0777745036517872,0.489964765660903,0.011175233176553634,0.35089642699086177,0.1470637107022769,0.0
518,76.35734916506478,9.951652892561981,33.80012222000005,39.43301918000003,36.70761318125002,272,1.4310693489837722,0.05298013240098953,0.7932805418968201,0.4564269570743336,272,0.20270997224564613,-0.43937161564826965,0.24605970084667206,-0.08356332077699549,272,0.136495587540579,29.0,0.050693722415064243,434.2265563331177,5002.443270192949,0.020138261518068135,1.0835633207769955,0.4564269570743336,0.21055303419236704,0.45407201744981857,0.3079606274953477,0.0
519,76.36191001042897,9.951652892561981,33.530098640000006,38.30165456000003,36.41938110500002,272,1.013216459150431,0.10954063385725021,0.7827821969985962,0.49242300145766316,272,0.16248334680303245,-0.3295068144798279,0.2525721788406372,-0.06454493718988755,272,0.12617252171409724,18.0,0.027924844327914197,385.37048673912886,4566.862003115751,0.01838474848553878,1.0645449371898876,0.49242300145766316,0.11598400003951245,0.41453428478154525,0.2354041139363256,0.0
520,76.36647085579317,9.951652892561981,33.51300853999999,38.506735760000026,35.67457946750002,272,0.9502015029814412,0.2459709346294403,0.7953184247016907,0.5800671296961167,272,0.13291946428038603,-0.33572787046432495,0.24643230438232422,-0.1210636391359217,272,0.11106078994820154,17.0,0.01659459724474501,242.48115439959912,4202.311483123619,0.01691718287577103,1.1210636391359217,0.5800671296961167,0.0689245656981595,0.3814440164597572,0.19393234600279857,0.0
521,76.37103170115736,9.951652892561981,32.64483145999998,38.872463900000014,35.08201794875002,272,1.4720630379328954,0.1104983240365982,0.7876512408256531,0.5592466242173139,272,0.16678814730218106,-0.33378809690475464,0.23814819753170013,-0.11345662790186264,272,0.12465303480966627,11.0,0.025801705769178965,582.660972220938,2201.6506284369257,0.008863152210254195,1.1134566279018627,0.5592466242173139,0.10716568399847794,0.1998439339693813,0.1442369839868393,0.0
522,76.37559254652156,9.951652892561981,32.66533958000002,37.31726480000003,34.74164850125001,272,1.0139192665808041,0.24896907806396484,0.8113616704940796,0.5964296004351448,272,0.12715314349743526,-0.3247658610343933,0.08880665898323059,-0.156433385961196,272,0.08586633007298289,0.0,0.0,0.0,2157.3206959536033,0.008684693859962296,1.156433385961196,0.5964296004351448,0.0,0.19582010385499404,0.07832804154199763,0.0
523,76.38015339188576,9.951652892561981,32.40215204000003,37.20788816000004,35.165220660781266,256,1.1911665317828535,0.14752371609210968,0.7573872208595276,0.569206953048706,256,0.13261875929773287,-0.3232998847961426,0.15210580825805664,-0.13155817985534668,256,0.09347181559447017,1.0,0.0004998347489452138,124.16141154121979,3118.5954570600543,0.012554483377662014,1.1315581798553467,0.569206953048706,0.0020760306793710806,0.2830750603879369,0.11447564256279741,0.0
524,76.38471423724995,9.951652892561981,33.73176182000003,39.68595266,36.45620021750002,272,1.2209113920848054,0.11599511653184891,0.7824561595916748,0.5404732648064109,272,0.1799522529074863,-0.37557125091552734,0.18624570965766907,-0.09278078640208524,272,0.13568721686775917,9.0,0.04372263043890659,1206.7685087800828,3196.850604876127,0.012869513963065208,1.0927807864020853,0.5404732648064109,0.18159906322143893,0.29017828393799777,0.22503075150806245,0.0
525,76.38927508261415,9.951652892561981,33.09601010000006,38.609276360000024,35.78697200750001,272,1.3641193969354526,0.09049255400896072,0.7926600575447083,0.5464819739846623,272,0.183665632232605,-0.34700772166252136,0.18087248504161835,-0.10946523441987879,272,0.12317177822478696,2.0,0.005895190041585405,732.1971095563173,3891.417155364449,0.015665620201546708,1.1094652344198788,0.5464819739846623,0.024485283211863353,0.3532241233006556,0.15598081924738028,0.0
526,76.39383592797834,9.951652892561981,33.76936004000004,37.590706400000045,35.581928506250016,272,0.9835965641324315,0.1301385462284088,0.7905087471008301,0.5614771562464097,272,0.15648465029112035,-0.417227178812027,0.14900554716587067,-0.11886756560381721,272,0.10464440573452598,1.0,0.002339734201161911,581.2014904137307,2375.699807991989,0.009563819405376603,1.1188675656038172,0.5614771562464097,0.009717931763320286,0.2156423864110029,0.09208771362239333,0.0
527,76.39839677334254,9.951652892561981,0.0,38.57167814000002,31.418658799191196,272,11.505019880207975,0.0,0.7949483394622803,0.5224079805261949,272,0.23092391462356884,-0.4541350305080414,0.11169600486755371,-0.14237401064704447,272,0.11885109789143597,1.0,0.029872092756449815,7420.374854205245,523.419453935731,0.002107121915766493,1.1423740106470444,0.5224079805261949,0.12407176801988584,0.04751080913545524,0.0934473844661136,0.0
528,76.20228042268211,9.956144448436936,28.936279760000048,29.28149977999999,29.11438122125002,272,0.07866850582477579,-0.30926594138145447,-0.23442809283733368,-0.2744442434871898,272,0.014442543310544804,-0.43685299158096313,-0.32258063554763794,-0.37313006905948415,272,0.019892398659566192,0.0,0.0,0.0,0.0,0.0,1.373130069059484,0.0,0.0,0.0,0.0,3905.435220001863
529,76.2068412680463,9.956144448436936,29.110598780000032,29.418220580000025,29.222813914117665,289,0.053311123280589574,-0.2958435118198395,-0.22803114354610443,-0.2663887578310851,289,0.01340854149123661,-0.4238682985305786,-0.3317756950855255,-0.37634361821474915,289,0.015260299093417544,0.0,0.0,0.0,0.0,0.0,1.376343618214749,0.0,0.0,0.0,0.0,3535.771982501625
530,76.2114021134105,9.956144448436936,28.90209956000001,29.288335820000043,29.100084524705903,289,0.06907817845311373,-0.30193236470222473,-0.2248803824186325,-0.266683453094588,289,0.01399273025205528,-0.4107142984867096,-0.3255814015865326,-0.3684700302599211,289,0.01591511542999049,0.0,0.0,0.0,0.0,0.0,1.368470030259921,0.0,0.0,0.0,0.0,3201.730383376385
531,76.2159629587747,9.956144448436936,28.823485100000028,29.26099166000006,29.05070655411767,289,0.0850339062049057,-0.30926594138145447,-0.2266009896993637,-0.27158450750331153,289,0.016254099994760556,-0.4049217104911804,-0.3053097426891327,-0.3644315990197205,289,0.01587112502826974,0.0,0.0,0.0,0.0,0.0,1.3644315990197204,0.0,0.0,0.0,0.0,2915.5798847582732
532,76.22052380413889,9.956144448436936,28.912353619999976,29.315679980000027,29.148681909411778,289,0.10276451443712013,-0.2991850972175598,-0.21330274641513824,-0.25000382789691017,289,0.015565000579997906,-0.40292274951934814,-0.2975206673145294,-0.360356023979847,289,0.022310459295513098,0.0,0.0,0.0,0.0,0.0,1.360356023979847,0.0,0.0,0.0,0.0,2549.839899335711
533,76.22508464950309,9.956144448436936,28.912353619999976,29.27466374000005,29.112715823529427,289,0.07273430786397546,-0.25549131631851196,-0.1735537201166153,-0.22033144940966967,289,0.016781524439702506,-0.42629483342170715,-0.29108911752700806,-0.362011444197394,289,0.031982923162256295,0.0,0.0,0.0,0.0,0.0,1.362011444197394,0.0,0.0,0.0,0.0,2061.814115733125
534,76.22964549486728,9.956144448436936,28.98413204000002,29.373786320000022,29.219786187058844,289,0.07612533979857376,-0.3191489279270172,-0.18367347121238708,-0.2497232562530412,289,0.030247245304170105,-0.42514970898628235,-0.2380952388048172,-0.3421224310323854,289,0.03651708487113593,0.0,0.0,0.0,0.0,0.0,1.3421224310323854,0.0,0.0,0.0,0.0,1581.3304728638925
535,76.23420634023148,9.956144448436936,29.26099166000006,29.97877586000004,29.518230189411785,289,0.16607745086995584,-0.36853933334350586,-0.2469135820865631,-0.32139991311465993,289,0.023413641214416442,-0.3649289011955261,-0.16379310190677643,-0.2978100628176362,289,0.03223633063079959,0.0,0.0,0.0,0.0,0.0,1.2978100628176361,0.0,0.0,0.0,0.0,1118.1544445912045
536,76.23876718559568,9.956144448436936,29.77027664000002,42.228959540000005,36.289741756470605,289,3.9669216983559714,-0.337028831243515,0.7784644365310669,0.20716028972480535,289,0.3359063163071817,-0.34456929564476013,0.2921122908592224,-0.07726769628821772,289,0.1738515777629631,89.0,0.06736676746715527,188.02513011094354,5358.322817344928,0.021570920521355896,1.0772676962882177,0.20716028972480535,0.27980342768686,0.4863752211477575,0.362432145071219,707.1543965003249
537,76.24332803095987,9.956144448436936,36.784053680000056,41.37103652000002,39.16854249058825,289,0.7750543511232875,0.04891304299235344,0.6583483219146729,0.26630319773532113,289,0.12380686084952017,-0.2014276087284088,0.28744569420814514,0.0659002878261685,289,0.08068628437454031,353.0,0.14747199890929652,103.77555326524494,9173.222130923677,0.03692850398456311,0.9340997121738315,0.26630319773532113,0.6125152257420092,0.8326538162507093,0.7005706619454892,499.9999999999634
538,76.24788887632407,9.956144448436936,38.08973732000004,45.800790440000014,40.57812684235296,289,1.4522880414612118,0.07807724177837372,0.6720554232597351,0.2685350464289576,289,0.12177360582156453,-0.25600990653038025,0.2794800400733948,0.08858406832473913,289,0.0983385590676278,516.0,0.20318028544763772,97.8119822545644,10374.945783893654,0.041766265032280925,0.9114159316752609,0.2685350464289576,0.8438959214476368,0.941734330321226,0.8830312849970725,707.1543965003249
539,76.25244972168827,9.956144448436936,37.49841986000001,50.33308496000001,40.94222284823531,289,3.612539851156362,0.0467129684984684,0.6823616027832031,0.2749665204216452,289,0.13770804426424843,-0.23494096100330353,0.3042488694190979,0.08197049203628487,289,0.10222781819649258,259.0,0.20378340638495504,195.4471083104407,8485.018929450616,0.034158014585629524,0.9180295079637151,0.2749665204216452,0.8464009445015243,0.7701855783857663,0.815914798055221,1118.1544445912045
540,76.25701056705246,9.956144448436936,36.84557804000002,64.53154003999998,40.916858927586226,261,5.030246375056865,0.04420195892453194,0.6671675443649292,0.25576977581301363,289,0.11917906174461883,-0.24775946140289307,0.2976056933403015,0.1041541182046118,289,0.09311730252844316,388.0,0.2407191073597195,154.11291482245704,8771.95440840445,0.03531312647833502,0.8958458817953882,0.25576977581301363,0.9998109436052321,0.7962307256806544,0.9183788564354011,1500.2020078669334
541,76.26157141241666,9.956144448436936,29.677990099999988,59.12765042000001,34.82175834500002,272,6.524039008696042,-0.4010024964809418,0.6839904189109802,-0.09239761969622444,272,0.26894409492810784,-0.45390069484710693,0.35307782888412476,-0.12947848263908834,272,0.2517143137450138,171.0,0.16320288836546004,237.07836644480113,2224.5490156121996,0.008955333907151251,1.1294784826390885,0.0,0.6778524380781009,0.201922421680172,0.48748043151892934,1000.1346719112889
542,76.26613225778085,9.956144448436936,29.746350500000005,43.75681448,34.167695381176486,289,4.214159889784658,-0.382778137922287,0.7262569665908813,-0.03618223526898552,289,0.3174846848414347,-0.3566265106201172,0.34773311018943787,-0.1287009691284602,289,0.1882250248763023,25.0,0.11956331069566724,1188.00459198507,473.0057500144983,0.001904172217224268,1.1287009691284602,0.0,0.4965983290581271,0.04293475479356382,0.31513289935230177,500.06733595564447
543,76.27069310314505,9.956144448436936,35.91929462000002,43.326143960000024,38.37187180823532,289,1.3206933335351003,0.1517057865858078,0.76703941822052,0.5046329168299902,289,0.14510052273260288,-0.3202626705169678,0.24373281002044678,-0.04557994987725387,289,0.13043848213607967,58.0,0.07778801785573906,333.1539045497201,5711.843429182354,0.02299408319381034,1.0455799498772538,0.5046329168299902,0.3230874041806174,0.5184643041731654,0.4012381641776366,0.0
544,76.27525394850925,9.956144448436936,35.99449106000003,44.27635352000004,39.75783752352943,289,1.6522293954564151,0.06387412548065186,0.7239516973495483,0.39279634152316717,289,0.158904635890581,-0.2298027127981186,0.3304162323474884,0.0462011581473697,289,0.1276561384810883,80.0,0.18178997039677008,564.4690414214664,7315.9078719203635,0.029451541578630024,0.9537988418526303,0.39279634152316717,0.7550526579876137,0.6640653111797822,0.718657719264481,500.06733595564447
545,76.27981479387344,9.956144448436936,29.900161400000002,43.763650520000056,36.72986209647061,289,4.482948734510707,-0.26143792271614075,0.7050430774688721,0.08896134056434499,289,0.26605069504677803,-0.4530477821826935,0.3383236229419708,-0.05612659784336816,289,0.2308236446936355,50.0,0.15535009584737622,771.7945670715344,5271.400358727785,0.021220998071689024,1.0561265978433683,0.08896134056434499,0.6452363820302157,0.4784852653773122,0.5785359353690542,999.9999999999268
546,76.28437563923764,9.956144448436936,29.804456840000057,41.654732179999996,32.07313509058825,289,3.514849788537835,-0.29054442048072815,0.47092652320861816,-0.18001800589907954,289,0.14952834732916492,-0.41100916266441345,0.27070173621177673,-0.2538912552038279,289,0.16972660907666684,15.0,0.019422022005019853,321.63505668179863,0.0,0.0,1.253891255203828,0.0,0.08066808804895824,0.0,0.048400852829374945,1118.064103926796
547,76.28893648460183,9.956144448436936,34.21028462000004,46.64162336000004,41.194872478823555,289,1.7482943334779473,-0.1821192055940628,0.5626682639122009,0.16562376715320204,289,0.14234329217272934,-0.17222963273525238,0.35612788796424866,0.08983317048491904,289,0.09710077836131131,115.0,0.215478846462941,465.4435297921793,1289.123589769173,0.005189605674205088,0.910166829515081,0.16562376715320204,0.8949771838724013,0.11701381055862786,0.583791834546892,1414.3087930006498
548,76.29349732996603,9.956144448436936,36.89343031999999,40.625908159999994,38.222283168235315,289,0.7865124338711444,0.04260411858558655,0.7429142594337463,0.295007487894342,289,0.15737024511084205,-0.36288395524024963,0.27421966195106506,0.024710914255426004,289,0.10859396532811545,156.0,0.1213429010718105,193.2190628666381,7084.668812328967,0.028520645933497787,0.975289085744574,0.295007487894342,0.5039897403703324,0.6430757305627463,0.559624136447298,1499.9999999998902
549,76.29805817533023,9.956144448436936,36.02867126000001,38.920316179999986,37.52471141176473,289,0.5240370999085333,0.06180344521999359,0.6936195492744446,0.29577045374675603,289,0.15127687257723818,-0.26447322964668274,0.23672674596309662,0.02387427788704737,289,0.10008488842904588,151.0,0.19943028218298678,328.0759177286498,9297.497861849895,0.03742879894735731,0.9761257221129527,0.29577045374675603,0.8283205300976241,0.8439343303542791,0.8345660502002861,1000.1346719112889
550,76.30261902069442,9.956144448436936,36.22691642000001,38.605858340000054,37.32276438235296,289,0.4568794118596792,0.028393352404236794,0.6753926873207092,0.287349766925957,289,0.13487170736145965,-0.24089662730693817,0.2529023587703705,0.030038332031672388,289,0.09447985416511986,17.0,0.03188935649808741,465.96900561508085,9833.162259150118,0.03958521514962124,0.9699616679683276,0.287349766925957,0.1324503399876415,0.8925566135908407,0.4364928494289212,500.06733595564447
551,76.30717986605862,9.956144448436936,34.43587394000002,39.316806499999984,36.63803681176473,289,0.7521343758788227,0.07490762323141098,0.7252182960510254,0.43067779013029844,289,0.15073464371015521,-0.3212919533252716,0.2559869885444641,-0.057252270127662735,289,0.11475533778228876,24.0,0.04093541891720516,423.68997999813934,6960.943480096263,0.028022566702543116,1.0572522701276628,0.43067779013029844,0.1700225639060963,0.6318451761751926,0.35475160881373485,0.0
552,76.31174071142281,9.956144448436936,31.103304439999988,38.37001496000005,34.67314839411767,289,2.397125607519357,-0.12366412580013275,0.7009254693984985,0.20986064660095427,289,0.25116499403278353,-0.4108983874320984,0.16293473541736603,-0.1632061334629785,289,0.1615972805280463,7.0,0.02278280961525173,808.4802903570906,2646.3498795691503,0.010653371375667015,1.1632061334629784,0.20986064660095427,0.0946268978364233,0.24020930649108596,0.15285986129828835,500.06733595564447
553,76.31630155678701,9.956144448436936,31.663859720000005,39.409093040000016,36.24662030000001,289,1.2650863281464464,-0.023397762328386307,0.7117859125137329,0.33540600311384894,289,0.18078864126520064,-0.36000001430511475,0.24149416387081146,-0.04304810626284061,289,0.12086533315200315,19.0,0.02503027311218981,327.2443697831619,7747.977895729181,0.031190919451323875,1.0430481062628405,0.33540600311384894,0.10396158931246849,0.7032843281268536,0.3436906848382225,1000.1346719112889
554,76.3208624021512,9.956144448436936,35.102387840000006,39.44327324000005,37.61624102000002,272,0.8457246812661573,-0.008650518953800201,0.7319679260253906,0.28853999867158775,272,0.1437584027531614,-0.3324199318885803,0.3035019338130951,0.02784234986585729,272,0.09964367783326976,40.0,0.02774352119010462,172.29068003756865,8942.715385048656,0.03600055640387401,0.9721576501341427,0.28853999867158775,0.11523088633990096,0.8117307077851083,0.3938308149179839,999.9999999999268
555,76.3254232475154,9.956144448436936,34.49056226000005,39.115143320000016,37.5196730847059,289,0.8641830415356362,-0.04658077284693718,0.6794686913490295,0.27272962946380297,289,0.13327078158524575,-0.2277812957763672,0.22045575082302094,0.031812189359565916,289,0.09475608166090967,73.0,0.05611668944035832,190.95427166455264,9985.36268524613,0.04019792614269656,0.9681878106404341,0.27272962946380297,0.23307697023620186,0.9063718536248315,0.5023949235916538,500.06733595564447
556,76.3299840928796,9.956144448436936,32.56963502000002,38.32216268000002,35.293217434117665,289,1.3310607930430667,-0.0673913061618805,0.767113983631134,0.41758194761705236,289,0.2345966851949159,-0.44118738174438477,0.17837601900100708,-0.13444591641013598,289,0.1369900300353691,8.0,0.00662901445000486,205.834976703961,3687.2173872643957,0.014843576230267625,1.134445916410136,0.41758194761705236,0.027533174516669583,0.3346889004793482,0.15039546490174102,0.0
557,76.3345449382438,9.956144448436936,31.639933580000047,37.88123810000002,33.93347230823531,289,1.407446194206861,0.11046511679887772,0.7810297012329102,0.5641283609462857,289,0.17202487814551656,-0.48144787549972534,0.17851582169532776,-0.25174145550051363,289,0.10695538474706648,1.0,0.011420483940063312,2836.9044158582806,1322.6891950025167,0.005324730232284333,1.2517414555005137,0.5641283609462857,0.04743422717782051,0.120060562168195,0.07648476117397031,0.0
558,76.33910578360799,9.956144448436936,33.18829664000003,37.70008303999998,36.18296706941178,289,1.0609077018227726,0.14360812306404114,0.7770992517471313,0.4415921801926768,289,0.1586315525452839,-0.40872105956077576,0.23030999302864075,-0.06414846400488619,289,0.1320466878183778,26.0,0.023861931219040244,227.97773652712976,6015.537961316108,0.024216661757800927,1.0641484640048862,0.4415921801926768,0.09910895827932907,0.546030671535315,0.27787764358172345,0.0
559,76.34366662897219,9.956144448436936,35.35532132000003,39.887615840000024,37.521269737647074,289,0.7586697010066346,0.07590540498495102,0.7277732491493225,0.3728844665738538,289,0.1406643069977962,-0.30611884593963623,0.22276821732521057,-0.0026014265717107118,289,0.10038418993033137,15.0,0.041461085487073536,686.6091788628969,7370.323484554808,0.029670601701595908,1.0026014265717107,0.3728844665738538,0.17220588535077266,0.6690046189690211,0.3709253787980721,499.9999999999634
560,76.34822747433638,9.956144448436936,33.824048360000006,39.20742986000005,36.56657772235296,289,1.3090867856155608,0.05972738564014435,0.8188821077346802,0.47795083861037524,289,0.19813802246490547,-0.4086576998233795,0.43592676520347595,-0.07603334473078639,289,0.1738724158765313,21.0,0.022787274397956126,269.54624316650165,4001.895804479989,0.016110372457171153,1.0760333447307864,0.47795083861037524,0.09464544201705623,0.36325227562132933,0.20208817545876545,0.0
561,76.35278831970058,9.956144448436936,34.55208662000001,40.48576934000005,37.132620757647075,289,1.2180140767251466,0.06793765723705292,0.8021852970123291,0.4637426884529087,289,0.1759471429322934,-0.4378279745578766,0.18991492688655853,-0.07490623368523938,289,0.12349539153525038,5.0,0.04509013628834656,2240.12235242201,5329.239663638535,0.021453840901762944,1.0749062336852393,0.4637426884529087,0.187278908617638,0.4837353418799701,0.30586148192257084,0.0
562,76.35734916506478,9.956144448436936,34.312825220000036,39.313388480000015,36.856754610588254,289,1.1442332363311687,0.08154802769422531,0.7989152073860168,0.46130033182850344,289,0.17583704799607905,-0.41659417748451233,0.15002650022506714,-0.07962974627537711,289,0.12283120912909123,10.0,0.0117556977514461,292.0173176338079,6433.813429542902,0.025900507093126177,1.0796297462753772,0.46130033182850344,0.048826515645255295,0.5839975560053877,0.2628949317893083,0.0
563,76.36191001042897,9.956144448436936,32.81915048000002,38.28456446000001,35.798244672941195,289,1.2993910046196926,0.0749506875872612,0.8165896534919739,0.5138882435729347,289,0.17265601142211173,-0.35265350341796875,0.21231558918952942,-0.09933496099029858,289,0.12579660727993527,2.0,0.0025827523605633155,320.78419860331456,4856.6568111321685,0.019551371136751348,1.0993349609902985,0.5138882435729347,0.010727291668021324,0.44083897351366197,0.18277196440627758,0.0
564,76.36647085579317,9.956144448436936,34.21712065999998,37.93934444000001,36.315879556470605,289,0.7137612379914315,0.16606684029102325,0.7915324568748474,0.464672577009894,289,0.15756865772758494,-0.32934948801994324,0.1892527937889099,-0.06451513033012206,289,0.10969805698425303,12.0,0.01638808997418228,339.24018353947554,6260.092808059584,0.02520116256934961,1.0645151303301221,0.464672577009894,0.06806685136335962,0.5682289267958206,0.26813168153634404,0.0
565,76.37103170115736,9.956144448436936,33.04132178000003,37.39929728000004,35.208441076470606,289,1.092303556246696,0.2268548160791397,0.7960802316665649,0.576756249662089,289,0.13780876319498714,-0.3264065980911255,0.1325121372938156,-0.11085522133586316,289,0.10308165405837255,7.0,0.014387679412836743,510.5671963069889,2199.2598501946522,0.008853527689820053,1.1108552213358631,0.576756249662089,0.059758277968942695,0.1996269229127617,0.11570573594647031,0.0
566,76.37559254652156,9.956144448436936,32.972961380000015,38.12733553999999,35.206749807058834,289,1.2582766910570864,0.1702735871076584,0.8176603317260742,0.6293659144206856,289,0.11777533072051145,-0.38878142833709717,0.16418780386447906,-0.14324552542610564,289,0.11420367537878909,0.0,0.0,0.0,2233.3822381595237,0.008990893679865764,1.1432455254261056,0.6293659144206856,0.0,0.20272421371778404,0.08108968548711362,0.0
567,76.38015339188576,9.956144448436936,32.63457740000001,39.487707500000056,35.36583927125002,272,0.8964843754739424,0.2327868789434433,0.7810789942741394,0.6206406986012178,272,0.11205934669967992,-0.45549535751342773,0.13543732464313507,-0.1540828031652114,272,0.0896214669113277,1.0,0.002859903010935064,710.4139827373286,2562.3906736061426,0.010315378048165036,1.1540828031652115,0.6206406986012178,0.011878418623867413,0.23258832530729787,0.10016238129723959,0.0
568,76.38471423724995,9.956144448436936,31.595499320000044,40.28752417999999,35.297013920000026,289,2.1948209297297976,0.14645008742809296,0.7849152088165283,0.5405225918779736,289,0.18299176606091838,-0.4189932942390442,0.2966511845588684,-0.13423394331882568,289,0.12356945057010484,3.0,0.0028161218741774843,233.17951096693818,3033.275637822884,0.01221101264952597,1.1342339433188258,0.5405225918779736,0.011696576558508249,0.2753305762714821,0.1171501764436978,0.0
569,76.38927508261415,9.956144448436936,32.04667796000001,36.91393844000004,33.587448048235316,289,1.1139349995238548,0.14666666090488434,0.8024429082870483,0.6357535391942852,289,0.1630759346300132,-0.3819383382797241,0.14488635957241058,-0.18666533367856564,289,0.1085379946729322,0.0,0.0,0.0,1975.2304768027261,0.00795165597125851,1.1866653336785657,0.6357535391942852,0.0,0.1792917658605625,0.071716706344225,0.0
570,76.39383592797834,9.956144448436936,32.2073249,37.37878916,34.607236195294135,289,1.4152609506339893,0.03598652780056,0.8220424652099609,0.6007600672104779,289,0.15965954810416433,-0.3753625452518463,0.14994719624519348,-0.15260655492234806,289,0.11436230018728104,3.0,0.005957292140454419,493.2735620343388,2300.6516975190075,0.009261699342537096,1.152606554922348,0.6007600672104779,0.024743220185588125,0.20883026579560027,0.09837803842959299,0.0
571,76.39839677334254,9.956144448436936,0.0,38.117081480000024,31.8583171447059,289,11.666341742488541,0.0,0.819529116153717,0.4827126895680147,289,0.22742770905464046,-0.381427139043808,0.1341831237077713,-0.09031899000121647,289,0.10849701284655316,3.0,0.00512728305025039,424.5474477540692,930.8586485368385,0.003747343825423787,1.0903189900012165,0.4827126895680147,0.02129583214572755,0.08449408452470682,0.04657513309731926,0.0
572,76.20228042268211,9.96063600431189,28.98413204000002,29.24731958000001,29.109530648750017,272,0.053520717974961246,-0.3302217125892639,-0.235807865858078,-0.29222651088938995,272,0.014574524223101834,-0.40807175636291504,-0.3198198080062866,-0.3630027770996094,272,0.017506663220127668,0.0,0.0,0.0,0.0,0.0,1.3630027770996094,0.0,0.0,0.0,0.0,3605.8530810545126
573,76.2068412680463,9.96063600431189,29.073000560000025,29.41138454000003,29.214286604705904,289,0.06433368409292191,-0.3238770663738251,-0.22123894095420837,-0.2799355793989241,289,0.016249098508766324,-0.42916667461395264,-0.31674209237098694,-0.366811626922713,289,0.01890570889446397,0.0,0.0,0.0,0.0,0.0,1.366811626922713,0.0,0.0,0.0,0.0,3201.7981538753756
574,76.2114021134105,9.96063600431189,29.093508680000014,29.336188100000015,29.228348977647084,289,0.05184289212923522,-0.3071253001689911,-0.22344322502613068,-0.26867960893571585,289,0.015327102226623104,-0.4048140048980713,-0.3177570104598999,-0.36419561577503246,289,0.014819513525350906,0.0,0.0,0.0,0.0,0.0,1.3641956157750323,0.0,0.0,0.0,0.0,2828.598117022289
575,76.2159629587747,9.96063600431189,28.98071402000005,29.322516020000023,29.17303382352943,289,0.0690132363783185,-0.3153575658798218,-0.2153465300798416,-0.2614075551808499,289,0.016039919347768338,-0.40265485644340515,-0.29646018147468567,-0.3535217496350562,289,0.018397020894021506,0.0,0.0,0.0,0.0,0.0,1.3535217496350562,0.0,0.0,0.0,0.0,2500.1088197390814
576,76.22052380413889,9.96063600431189,28.970459960000028,29.32935206000002,29.156310362352954,289,0.06167124760642578,-0.32125604152679443,-0.2163742631673813,-0.26738145029668575,289,0.020591273247435763,-0.39955848455429077,-0.26247289776802063,-0.33991801120005677,289,0.027729540675423346,0.0,0.0,0.0,0.0,0.0,1.3399180112000568,0.0,0.0,0.0,0.0,2236.122050985829
577,76.22508464950309,9.96063600431189,28.973877979999997,29.271245720000024,29.122047372941196,289,0.059584938329009164,-0.30695444345474243,-0.19632606208324432,-0.2502552283263949,289,0.02126217953060374,-0.4238682985305786,-0.26754385232925415,-0.36490050319156847,289,0.0347613204564779,0.0,0.0,0.0,0.0,0.0,1.3649005031915684,0.0,0.0,0.0,0.0,2061.5674756664716
578,76.22964549486728,9.96063600431189,28.98755005999999,29.28149977999999,29.142437222352967,289,0.06212082007498019,-0.3325183391571045,-0.17620651423931122,-0.2667097995850454,289,0.02977411625696954,-0.4325955808162689,-0.259593665599823,-0.3433781924132245,289,0.03973443946930665,0.0,0.0,0.0,0.0,0.0,1.3433781924132244,0.0,0.0,0.0,0.0,1802.9265405272563
579,76.23420634023148,9.96063600431189,29.16186908000003,30.214619240000047,29.479804075294137,289,0.2402786382503818,-0.3648068606853485,-0.18584071099758148,-0.30486743755406576,289,0.02607293442947199,-0.37662336230278015,-0.21014492213726044,-0.29414555110733404,289,0.028503241467924916,0.0,0.0,0.0,0.0,0.0,1.294145551107334,0.0,0.0,0.0,0.0,1414.2990585111445
580,76.23876718559568,9.96063600431189,30.012956060000022,39.56290394000001,36.854554777647074,289,2.523941806434855,-0.30000001192092896,0.731246292591095,0.2994658790245188,289,0.2667149041728498,-0.3280254900455475,0.25619208812713623,-0.023883862478922806,289,0.13860693484694864,246.0,0.14451742999879472,145.9302473355686,6788.883575173522,0.0273299077007401,1.0238838624789228,0.2994658790245188,0.6002436185449073,0.6162272902881071,0.6066370872421872,1118.0610254929145
581,76.24332803095987,9.96063600431189,38.01454088000003,41.442814940000005,39.180487820000025,289,0.6170744641769933,0.04072608798742294,0.651466965675354,0.2846714534561527,289,0.1222132595626357,-0.23336853086948395,0.24216990172863007,0.06561428452858051,289,0.08616480899264789,512.0,0.22832671782271446,110.77632890977823,6318.933840574723,0.025438038039351154,0.9343857154714195,0.2846714534561527,0.9483399706009933,0.5735699301615518,0.7984319544252166,999.9999999999268
582,76.24788887632407,9.96063600431189,38.34608881999998,41.788034960000005,39.58357763882355,289,0.6752298090709442,0.08282828330993652,0.6743481159210205,0.30395967160129217,289,0.134742513038481,-0.27158883213996887,0.2781237065792084,0.05512927230254176,289,0.10092677987425575,639.0,0.23134730843061801,89.93397492088262,7918.475182679547,0.031877287845181776,0.9448707276974583,0.30395967160129217,0.9608857945659359,0.7187603751050511,0.864035626781582,1118.0610254929145
583,76.25244972168827,9.96063600431189,37.99745078000001,41.48724920000001,40.294348392941195,289,0.7594703708106174,0.04673721268773079,0.7566753029823303,0.23869474206416252,289,0.14344313094725628,-0.3237060010433197,0.3250865936279297,0.11954300296347858,289,0.10800302924959478,435.0,0.19429479734051916,110.9512272832473,10094.569167549895,0.040637557055295925,0.8804569970365215,0.23869474206416252,0.8069906323486052,0.9162845313025048,0.850708191930165,1414.2990585111445
584,76.25701056705246,9.96063600431189,31.448524460000044,64.24784438000006,40.014829044137954,261,4.437719352269767,-0.24395161867141724,0.7156233191490173,0.27178775562959556,289,0.1696209491586686,-0.30434781312942505,0.35151657462120056,0.09033022289870107,289,0.1291995061756476,271.0,0.22764593466796554,208.66557385881234,7110.596357068236,0.02862502206497577,0.9096697771012989,0.27178775562959556,0.9455123826466938,0.645429175052048,0.8254790996088355,1500.1813592155206
585,76.26157141241666,9.96063600431189,29.657481980000057,38.09315534000001,31.02083214125002,272,2.290210091366007,-0.34470587968826294,0.7071767449378967,-0.18507904164931355,272,0.23135039840466426,-0.45338207483291626,0.2584165334701538,-0.2980417083291447,272,0.1289352722496694,14.0,0.024914657523503636,442.0659674754326,556.9234903149414,0.002241998617024793,1.2980417083291447,0.0,0.10348138758653294,0.05055197213715648,0.08230962140678236,1000.1209061436804
586,76.26613225778085,9.96063600431189,29.893325360000006,44.52928700000001,38.168150720000014,289,4.451132887778795,-0.3403019607067108,0.776509165763855,0.18687218530780303,289,0.32514526100433855,-0.36178863048553467,0.3493729531764984,-0.023589949294357565,289,0.19475739689233465,68.0,0.17579470555002394,642.1804414778134,2789.1641766422536,0.011228296768647292,1.0235899492943576,0.18687218530780303,0.7301517206696998,0.2531725671399489,0.5393600592577994,500.0604530718402
587,76.27069310314505,9.96063600431189,36.606316640000045,42.786096799999996,39.12018164705884,289,1.4690004451386933,0.07861439883708954,0.769675612449646,0.4455537367032061,289,0.1740610699227429,-0.29244330525398254,0.3234856426715851,-0.013983335461996005,289,0.14160529563579177,117.0,0.15548798596463845,330.11949519078314,8774.38270702629,0.03532290204400349,1.013983335461996,0.4455537367032061,0.6458090995421986,0.796451142463941,0.7060659167108956,0.0
588,76.27525394850925,9.96063600431189,30.641871740000056,44.84032682000003,39.37507841882355,289,2.7935568663492374,-0.25525525212287903,0.7542524337768555,0.31159532276404356,289,0.21683611181665033,-0.32637855410575867,0.29776832461357117,0.03380945727074435,289,0.14008802543736218,65.0,0.17137337575800313,654.9229221673074,6391.726241983784,0.02573107732774019,0.9661905427292556,0.31159532276404356,0.7117880188438016,0.5801772999561831,0.6591437312887541,500.0604530718402
589,76.27981479387344,9.96063600431189,29.773694660000046,40.97454620000002,31.676550154117667,289,2.8545752438375973,-0.32540541887283325,0.4059585630893707,-0.17507500302007867,289,0.14503345423495248,-0.4349919855594635,0.22761905193328857,-0.2216791595142193,289,0.17050284951039305,9.0,0.006196519907928405,171.0273378763316,499.372003490717,0.0020103144519437607,1.2216791595142193,0.0,0.025736836947290866,0.045328020896125365,0.03357331052682466,1000.1209061436804
590,76.28437563923764,9.96063600431189,29.86598120000002,41.24798780000003,35.63079717411767,289,3.8220221755703667,-0.28217238187789917,0.7248085141181946,0.06159247164082775,289,0.2521489396230061,-0.40937501192092896,0.3397493362426758,-0.05772126669702233,289,0.1877799072285838,92.0,0.0667009521249584,180.09613882724648,1337.4234334090838,0.0053840456368325525,1.0577212666970224,0.06159247164082775,0.27703800755527935,0.12139798970060127,0.21478200041340811,1414.2990585111445
591,76.28893648460183,9.96063600431189,37.12585568000003,41.28900404000001,38.900576818823545,289,0.8072197279352955,0.005462555214762688,0.6223176121711731,0.18924599617822774,289,0.12344456592658863,-0.18521836400032043,0.2763778567314148,0.09161928698265841,289,0.0854289725906141,388.0,0.3178553527192317,203.49699463731878,7057.552380887796,0.028411483718495195,0.9083807130173416,0.18924599617822774,1.0,0.6406143707700429,0.8562457483080171,1118.0610254929145
592,76.29349732996603,9.96063600431189,37.08142142000003,40.54729370000001,38.635094829411784,289,0.8222164125065942,0.028125641867518425,0.7188369035720825,0.2743952926054958,289,0.15545523902846653,-0.21849793195724487,0.27990254759788513,0.05776518191433283,289,0.0986715700388407,251.0,0.16208131404063134,160.40556207179537,9774.623895476885,0.039349558129077776,0.9422348180856672,0.2743952926054958,0.6731940530569456,0.8872430834905201,0.7588136652303754,999.9999999999268
593,76.29805817533023,9.96063600431189,35.95347482,39.20742986000005,37.95066293529413,289,0.6796432334599997,0.035536158829927444,0.744278609752655,0.23156305332909818,289,0.14612697144254158,-0.3188515305519104,0.2568052411079407,0.07540976052465735,289,0.09849314164891747,523.0,0.2460739297937437,116.87566959297284,14229.215681385167,0.057282342069953744,0.9245902394753427,0.23156305332909818,1.0,1.0,1.0,1118.0610254929145
594,76.30261902069442,9.96063600431189,35.93296670000001,38.55458804,36.95872751176473,289,0.581964024301453,0.04811205714941025,0.7078336477279663,0.32528771001162415,289,0.15791460927331868,-0.2974588871002197,0.25287356972694397,0.012381585824035856,289,0.11231331471524328,69.0,0.06101679349886482,219.66480862578524,9545.177754716051,0.038425880210632354,0.9876184141759642,0.32528771001162415,0.2534292294159358,0.8664162462024027,0.4986240361305226,707.1495292555722
595,76.30717986605862,9.96063600431189,36.086777600000005,38.479391599999985,37.11935079764708,289,0.5428333030348145,0.07543722540140152,0.7495822310447693,0.3886799003838668,289,0.13527331731972334,-0.30810171365737915,0.17907238006591797,-0.028788203599131233,289,0.09757432706570955,104.0,0.06921301023099052,165.31588815933384,9844.137596650013,0.03962939840266059,1.0287882035991311,0.3886799003838668,0.2874716752974497,0.8935528455062458,0.5299041433809681,499.9999999999634
596,76.31174071142281,9.96063600431189,31.609171400000037,39.06045500000005,34.907276850588254,289,2.382804618028994,-0.13521695137023926,0.6750204563140869,0.2046024230112254,289,0.2555480416697748,-0.41009238362312317,0.23260393738746643,-0.15640892371999351,289,0.1641492452818694,32.0,0.10909765760368179,846.8873457989705,2797.450686617402,0.011261655648686163,1.1564089237199935,0.2046024230112254,0.4531299288629297,0.25392473405095695,0.3734478509381406,707.1495292555722
597,76.31630155678701,9.96063600431189,35.16733022000005,40.37981072000002,37.99617345764708,289,1.0557284709539887,0.06978879868984222,0.6673998832702637,0.2800417573394247,289,0.13104638844536437,-0.19880864024162292,0.2461685836315155,0.03645775474891531,289,0.08200157926157255,5.0,0.01959279358022848,973.3892699899337,9194.403385623606,0.03701377304677709,0.9635422452510847,0.2800417573394247,0.08137737652889243,0.8345764397637081,0.3826570018228187,707.1495292555722
598,76.3208624021512,9.96063600431189,33.55402478000002,39.86027167999998,37.692555856250024,272,1.475545491672996,0.045889101922512054,0.6921592354774475,0.3239139108096852,272,0.15842363615040445,-0.2555431127548218,0.23813766241073608,-0.016079331145567054,272,0.1089475780528191,20.0,0.03531493460963561,438.6201778559057,6014.507900192257,0.024212515056045145,1.0160793311455671,0.3239139108096852,0.14667825285116992,0.5459371728373107,0.30638182084562626,499.9999999999634
599,76.3254232475154,9.96063600431189,31.889449040000045,39.723550880000005,36.301308620000015,289,1.9291613856294176,-0.06580366939306259,0.7225710153579712,0.27364626557769245,289,0.1833679598458314,-0.3961251974105835,0.23615337908267975,-0.04885773180265328,289,0.14503013542209536,8.0,0.012236266289585981,379.94359578723606,4974.573810452246,0.020026067848232892,1.0488577318026533,0.27364626557769245,0.050822525388123846,0.45154230524196587,0.21111043732966067,499.9999999999634
600,76.3299840928796,9.96063600431189,32.477348480000046,39.24161006000003,36.15235864117649,289,1.700167163278121,-0.06334371864795685,0.7539814710617065,0.4414052996255947,289,0.2020626429878306,-0.5513561964035034,0.2638348937034607,-0.11183690529793604,289,0.13978260669524034,4.0,0.005970504884109096,370.7756991631177,4723.419904948291,0.01901500130391849,1.111836905297936,0.4414052996255947,0.02479809844534029,0.428745053098778,0.18637688030671537,0.0
601,76.3345449382438,9.96063600431189,35.39291953999998,38.00428682000006,36.557506368235316,289,0.5315263738392022,0.10912511497735977,0.7304964661598206,0.44289807382339424,289,0.1435690275722015,-0.2936384677886963,0.20726391673088074,-0.05020286797652195,289,0.09833312418786026,12.0,0.01580346788612516,327.1382665518234,5655.829894989934,0.022768590341779513,1.0502028679765218,0.44289807382339424,0.06563866206038341,0.5133799529668666,0.24473517842297668,0.0
602,76.33910578360799,9.96063600431189,35.71079540000005,38.37685099999999,37.24928286588237,289,0.604899308740418,0.09719283133745193,0.704281210899353,0.3792030308073367,289,0.12498537297335671,-0.32246488332748413,0.21916842460632324,-0.005172944398899804,289,0.09127951148737815,28.0,0.02873502089794087,254.9257360188805,5813.2681631922005,0.023402387237968347,1.0051729443988997,0.3792030308073367,0.11934901501422636,0.5276706321820357,0.2826776618813501,499.9999999999634
603,76.34366662897219,9.96063600431189,34.07698184000003,39.395420960000024,36.88925536823531,289,1.1035535920735629,0.00812347698956728,0.763933002948761,0.4063969912413495,289,0.1466227702744233,-0.3730013072490692,0.24979658424854279,-0.03760892544650701,289,0.1061630029296091,41.0,0.04703065904600537,284.94261378695705,6089.062257157309,0.024512647422726783,1.037608925446507,0.4063969912413495,0.1953387419673978,0.552704475422931,0.3382850353496111,0.0
604,76.34822747433638,9.96063600431189,33.83430242000003,37.90858226,36.172843107058846,289,1.0817189565003398,0.16099773347377777,0.7968607544898987,0.48715283878946797,289,0.16736289692922235,-0.37356120347976685,0.15031315386295319,-0.10019883152522843,289,0.1254291087012424,1.0,0.0006206658231927132,154.17644504633503,4792.089890549769,0.019291445044265235,1.1001988315252285,0.48715283878946797,0.0025778945807675576,0.4349782310112804,0.1755380291529727,0.0
605,76.35278831970058,9.96063600431189,33.167788520000045,41.097594920000006,37.214097365882374,289,1.8680262383153805,0.027773186564445496,0.8028601408004761,0.4542166634001946,289,0.20723005396852193,-0.4208754301071167,0.22817081212997437,-0.07165570242594682,289,0.15593056438332284,13.0,0.04744364178513935,906.5564700102308,4726.538052100527,0.019027553982562086,1.0716557024259468,0.4542166634001946,0.19705403854952244,0.4290280874665154,0.2898436581163196,0.0
606,76.35734916506478,9.96063600431189,35.97398294000004,40.044844760000046,37.6863518247059,289,0.8045214074604927,0.08072827011346817,0.7865263223648071,0.4072115677038279,289,0.14149731815378847,-0.3446398675441742,0.22683575749397278,-0.022542169762317696,289,0.09462042713019626,9.0,0.009810050540043434,270.76275929480687,6924.783838963747,0.02787699937270151,1.0225421697623176,0.4072115677038279,0.04074539821468734,0.6285629638016639,0.27587242444947796,0.0
607,76.36191001042897,9.96063600431189,33.69074558,37.91200028000003,35.84893544705884,289,1.0154820717789121,0.13435237109661102,0.8032723665237427,0.5541578246647924,289,0.1597635994659156,-0.3569985628128052,0.295232355594635,-0.11655692658209883,289,0.1226344832292458,3.0,0.0014740080335125735,122.05028325210122,2990.946272249187,0.01204060795170635,1.116556926582099,0.5541578246647924,0.00612219519685085,0.2714883377121874,0.11226865220298546,0.0
608,76.36647085579317,9.96063600431189,32.85333068,37.85047592000001,35.83379681176472,289,0.9666738133270901,0.16421015560626984,0.7673090696334839,0.5288944442379433,289,0.1444535794751678,-0.33861956000328064,0.14522439241409302,-0.10658034486341642,289,0.10088397600011349,1.0,7.4108555855804765e-06,1.8408929994874375,5051.6009178286695,0.020336154729491396,1.1065803448634164,0.5288944442379433,3.0780500132334635e-05,0.45853405950195714,0.18343209210086225,0.0
609,76.37103170115736,9.96063600431189,33.16095247999999,38.27772842000002,35.40843664117649,289,1.2992580864646632,0.10693368315696716,0.8048970103263855,0.5495400610267085,289,0.17804652881527305,-0.37132734060287476,0.1697102040052414,-0.11062829304731428,289,0.1171297856874827,0.0,0.0,0.0,2270.2067093850906,0.00913913740633114,1.1106282930473144,0.5495400610267085,0.0,0.2060667727509964,0.08242670910039857,0.0
610,76.37559254652156,9.96063600431189,32.90118296000003,37.80262363999998,34.43964677176472,289,0.7412339403905264,0.10968432575464249,0.7888198494911194,0.6254023251649006,289,0.12919144257834378,-0.35637614130973816,0.18423253297805786,-0.16258136788866512,289,0.10673675358028503,0.0,0.0,0.0,3228.9032008664058,0.01299854762232354,1.1625813678886652,0.6254023251649006,0.0,0.29308769962543413,0.11723507985017366,0.0
611,76.38015339188576,9.96063600431189,32.99688752000003,39.00576668000002,36.29021262125002,272,1.3806734042797733,0.03158865496516228,0.7944415211677551,0.43029269050149355,272,0.22518242108931974,-0.33926454186439514,0.2796787619590759,-0.04016644814435173,272,0.14450167409009146,20.0,0.04788702464588339,594.7686297410431,2659.4054384272104,0.010705928944908176,1.0401664481443518,0.43029269050149355,0.19889560003270143,0.24139436019972813,0.21589510409951213,0.0
612,76.38471423724995,9.96063600431189,32.93878117999998,38.37343298000002,34.606195414117664,289,1.1775827026457546,0.031158141791820526,0.8002541661262512,0.6448493614328774,289,0.14612356475967045,-0.3529130816459656,0.15479305386543274,-0.17258227655219371,289,0.11405741972387466,0.0,0.0,0.0,1616.3421019615648,0.006506884375064676,1.1725822765521938,0.6448493614328774,0.0,0.14671545072783193,0.058686180291132775,0.0
613,76.38927508261415,9.96063600431189,32.89434692000003,36.84899605999999,34.78584843764708,289,0.9515300571211315,0.21712030470371246,0.8194378018379211,0.681502926308391,289,0.10473911810651537,-0.39090588688850403,0.1145707368850708,-0.20173320308276113,289,0.09231288816028245,1.0,0.0002994974997628005,74.3966528979588,2328.8894594128883,0.009375375680876057,1.2017332030827612,0.681502926308391,0.0012439431216309006,0.21139340880770036,0.08530372939605868,0.0
614,76.39383592797834,9.96063600431189,32.303029460000005,38.20253198,34.57721912000002,289,1.4582606944259375,0.16060413420200348,0.7999508380889893,0.6551039540643923,289,0.1298735112812034,-0.36399999260902405,0.41535288095474243,-0.17511696469000054,289,0.1254125240502482,0.0,0.0,0.0,1996.8094349628618,0.008038526062380903,1.1751169646900006,0.6551039540643923,0.0,0.1812504889358689,0.07250019557434756,0.0
615,76.39839677334254,9.96063600431189,0.0,38.35292486000003,31.263971957647072,289,11.485793382287357,0.0,0.8247312903404236,0.5486254840573638,289,0.23834626396397932,-0.37451592087745667,0.21610787510871887,-0.12449675035311689,289,0.11306168766869351,1.0,0.00020464189466789978,50.83405376688018,1804.266987829984,0.0072634107948486145,1.124496750353117,0.5486254840573638,0.0008499666189910128,0.1637734017022582,0.06601934065229789,0.0
616,76.20228042268211,9.965127560186845,29.008058180000035,29.257573640000032,29.16136171765627,256,0.0487003942395826,-0.30434781312942505,-0.24076147377490997,-0.2707059979438782,256,0.013391146177809862,-0.43710020184516907,-0.32618024945259094,-0.3884658217430115,256,0.020356337953017386,0.0,0.0,0.0,0.0,0.0,1.3884658217430115,0.0,0.0,0.0,0.0,3354.3894406342474
617,76.2068412680463,9.965127560186845,29.031984319999992,29.31226196,29.158614421250018,272,0.05874166783400936,-0.31208792328834534,-0.23568281531333923,-0.2697649843552533,272,0.015490844808884715,-0.4514767825603485,-0.3264462947845459,-0.38917016983032227,272,0.021710905041571103,0.0,0.0,0.0,0.0,0.0,1.3891701698303223,0.0,0.0,0.0,0.0,2915.705617789628
618,76.2114021134105,9.965127560186845,29.055910460000007,29.32935206000002,29.19447849875002,272,0.05386594116384315,-0.31662869453430176,-0.22270742058753967,-0.26111524245318246,272,0.016819622145770097,-0.429175466299057,-0.32743361592292786,-0.3921350871815401,272,0.020605133362138053,0.0,0.0,0.0,0.0,0.0,1.39213508718154,0.0,0.0,0.0,0.0,2500.1714180732247
619,76.2159629587747,9.965127560186845,28.943115799999987,29.30884394000003,29.18502867875002,272,0.06753716653792596,-0.3309859037399292,-0.23177365958690643,-0.2762737554662368,272,0.02185214692621505,-0.4237288236618042,-0.28411632776260376,-0.35227096782011147,272,0.03139714418888191,0.0,0.0,0.0,0.0,0.0,1.3522709678201115,0.0,0.0,0.0,0.0,2121.433979613645
620,76.22052380413889,9.965127560186845,29.055910460000007,29.336188100000015,29.19645140000002,272,0.05287715544082191,-0.342342346906662,-0.22764228284358978,-0.2962866670945111,272,0.019297052131072127,-0.39347410202026367,-0.26431718468666077,-0.30900046404670267,272,0.025739094016788578,0.0,0.0,0.0,0.0,0.0,1.3090004640467026,0.0,0.0,0.0,0.0,1802.8350673140685
621,76.22508464950309,9.965127560186845,29.052492440000037,29.37720434000005,29.195295305000023,272,0.07898151142129943,-0.31938326358795166,-0.20088300108909607,-0.27091441434972424,272,0.017333925492670932,-0.39449542760849,-0.26271185278892517,-0.30756526834824505,272,0.022194295621229036,0.0,0.0,0.0,0.0,0.0,1.307565268348245,0.0,0.0,0.0,0.0,1581.1557703098338
622,76.22964549486728,9.965127560186845,28.970459960000028,29.517343159999996,29.215577232500014,272,0.08992735469425907,-0.3838748633861542,-0.23494687676429749,-0.2960233968846938,272,0.03169904663308245,-0.4234592318534851,-0.2641083598136902,-0.31993333031149473,272,0.031001536427433068,0.0,0.0,0.0,0.0,0.0,1.3199333303114948,0.0,0.0,0.0,0.0,1499.9999999998902
623,76.23420634023148,9.965127560186845,29.168705120000027,29.896743380000032,29.432747165000016,272,0.12755279320997284,-0.3992762267589569,-0.17624148726463318,-0.31060269299675436,272,0.03901193531912586,-0.3913043439388275,-0.2402745932340622,-0.3141918462865493,272,0.032983502413492204,0.0,0.0,0.0,0.0,0.0,1.3141918462865494,0.0,0.0,0.0,0.0,1499.9999999998902
624,76.23876718559568,9.965127560186845,29.50708910000003,40.59856400000001,35.287966220000015,272,3.81985892828272,-0.3445945978164673,0.7662543058395386,0.19370530633365407,272,0.3340838412968975,-0.4025973975658417,0.26906412839889526,-0.09983989771674662,272,0.19211300334739942,101.0,0.09142168445254364,224.84748855155192,4091.545821933192,0.016471275199902775,1.0998398977167465,0.19370530633365407,0.3797139396246055,0.3713898120391721,0.37638428859043216,1499.9999999998902
625,76.24332803095987,9.965127560186845,36.38414534000003,41.97602605999998,39.85993239125002,272,0.7976590961819277,0.058345429599285126,0.6933638453483582,0.3035145647385541,272,0.15173399458663686,-0.2313273549079895,0.32817569375038147,0.0859062110676485,272,0.11214734905984852,374.0,0.27003784220156224,179.35489031020396,9571.037725783004,0.03852998431178209,0.9140937889323515,0.3035145647385541,1.0,0.8687635570262019,0.9475054228104808,1499.9999999998902
626,76.24788887632407,9.965127560186845,37.93934444000001,42.17768924000001,40.602723428750025,272,0.8522593808596668,0.03933054208755493,0.7608237862586975,0.19389036122490377,272,0.12463276285027985,-0.3085423707962036,0.2900315821170807,0.12563720871420467,272,0.08728316417474032,650.0,0.2936352896138635,112.216078533059,7637.565670413703,0.03074643459700404,0.8743627912857953,0.19389036122490377,1.0,0.6932622050977225,0.877304882039089,1581.1557703098338
627,76.25244972168827,9.965127560186845,31.95097340000001,42.67672016000006,40.76916341000002,272,1.8942192232771615,-0.28077754378318787,0.6526255011558533,0.1561901429120232,272,0.12344157378242666,-0.2379182130098343,0.3207283020019531,0.14503824009614832,272,0.09516097681210703,404.0,0.21599480617738476,132.80735856046934,10811.113076294487,0.04352213721824513,0.8549617599038517,0.1561901429120232,0.897120188532972,0.9813252565364535,0.9308022157343646,1802.8350673140685
628,76.25701056705246,9.965127560186845,29.599375640000005,42.20161538000002,33.64127225375002,272,4.256374730621342,-0.3154362440109253,0.6175696849822998,-0.10006686519174014,272,0.22665882019996458,-0.3802345097064972,0.26786938309669495,-0.14444755105411305,272,0.20569700260691032,77.0,0.06886034062695282,222.14607147127177,1684.948476149846,0.006783072035890814,1.144447551054113,0.0,0.2860068853459528,0.15294285462928356,0.2327812730592851,1581.291285582666
629,76.26157141241666,9.965127560186845,29.664318019999996,41.459905040000024,34.67700456968752,256,3.980392095943774,-0.30095037817955017,0.6551509499549866,-0.04378797858953476,256,0.21684026081747867,-0.4182443916797638,0.320705771446228,-0.08958688378334045,256,0.22058278964540665,42.0,0.08891509860449574,525.8797162632699,1867.7949403675664,0.007519154329119601,1.0895868837833405,0.0,0.36930300054522747,0.16953983702498876,0.28939773513713196,1118.1298135447491
630,76.26613225778085,9.965127560186845,33.58136894000006,45.19921892000002,40.837775135000015,272,1.9754811306974547,-0.17529518902301788,0.7260130643844604,0.33929956660551186,272,0.17603015077326192,-0.26063716411590576,0.3566465973854065,0.059316039085388184,272,0.12827259851936534,112.0,0.2607349524752743,578.2843337898022,5611.165764212526,0.022588786614382534,0.9406839609146118,0.33929956660551186,1.0,0.5093257876571703,0.8037303150628681,707.144659871215
631,76.27069310314505,9.965127560186845,30.139422800000034,44.09178043999998,40.62546834125002,272,3.476470903190639,-0.2527233064174652,0.6799120306968689,0.22081776226268096,272,0.21614279073953935,-0.33951762318611145,0.33417534828186035,0.07670019654666677,272,0.15016270036442353,61.0,0.14897262451877513,606.6480834303992,2741.6697299430007,0.011037099080512668,0.9232998034533333,0.22081776226268096,0.618747975285937,0.24886149391721135,0.47079338273844673,499.9999999999634
632,76.27525394850925,9.965127560186845,29.763440600000024,44.30027966,33.33245666000001,272,4.626617280094147,-0.2934662103652954,0.5316221117973328,-0.12568933823529413,272,0.1983806772506746,-0.3964497148990631,0.28016847372055054,-0.19855475425720215,272,0.2046732842274628,13.0,0.04986909907178813,952.9022797586224,481.68449652499896,0.0019391101180534249,1.1985547542572021,0.0,0.20712801549732948,0.043722525033846146,0.14176581931193613,707.144659871215
633,76.27981479387344,9.965127560186845,29.872817240000018,38.31532664000002,31.053014307500014,272,1.9291850550373129,-0.32027649879455566,0.6608890295028687,-0.16705619587617762,272,0.1778785054696905,-0.3956044018268585,0.15860247611999512,-0.23241361449746525,272,0.12615639715663055,22.0,0.035125334127066185,396.60481200644534,679.8094865125872,0.002736698945378755,1.2324136144974653,0.0,0.14589075974576193,0.06170633995223489,0.11221699182835111,1118.1298135447491
634,76.28437563923764,9.965127560186845,31.011017900000013,39.43301918000003,37.68669998375002,272,1.3806239886626042,-0.16015625,0.6568689942359924,0.2496033275828642,272,0.15269213547919347,-0.2229708731174469,0.3317067623138428,0.07510938363916733,272,0.10346907310240558,367.0,0.3122273014752881,211.3318754556048,6586.423237759764,0.026514866129720475,0.9248906163608327,0.2496033275828642,1.0,0.5978499556742773,0.839139982269711,1118.1298135447491
635,76.28893648460183,9.965127560186845,37.12243766000006,40.15763942000001,38.769119060000016,272,0.6505023103095111,0.015917934477329254,0.6340749263763428,0.2064083043266745,272,0.1424121026250017,-0.18791231513023376,0.27716824412345886,0.09532786818111644,272,0.08568415592904281,461.0,0.3355367971383666,180.80041590246609,8239.299331464916,0.033168824852317515,0.9046721318188835,0.2064083043266745,1.0,0.7478815985987007,0.8991526394394802,707.144659871215
636,76.29349732996603,9.965127560186845,36.086777600000005,40.28068814000005,38.41475081000002,272,0.7673525394478363,0.00218150089494884,0.7337185144424438,0.23194562687593348,272,0.15907923153397202,-0.28997063636779785,0.33391839265823364,0.07859534375807818,272,0.10775040347142363,262.0,0.1799389535511219,170.60199091451494,9199.627769419174,0.03703480477096931,0.9214046562419218,0.23194562687593348,0.7473645815429335,0.8350506573333747,0.78243901185911,499.9999999999634
637,76.29805817533023,9.965127560186845,37.149781820000044,39.672280580000006,38.34153983750002,272,0.5525811436051976,0.00831372570246458,0.6697167754173279,0.2128117785734289,272,0.1364409870304557,-0.2572178542613983,0.27397868037223816,0.09079575538635254,272,0.09279854626436083,257.0,0.21552323475747598,208.31530037710945,11050.093232068368,0.044484196079217976,0.9092042446136475,0.2128117785734289,0.8951615477275635,1.0,0.9370969286365382,707.144659871215
638,76.30261902069442,9.965127560186845,36.39098138000003,38.81093954000005,37.670841376250024,272,0.4674758066169449,0.03234639763832092,0.6530236601829529,0.291777442483341,272,0.12239027609523034,-0.23804138600826263,0.2456747442483902,0.045822823748869056,272,0.08735070400683462,167.0,0.1331645319189602,198.07619813767488,10114.860681223809,0.04071924430028631,0.954177176251131,0.291777442483341,0.5530901047821158,0.9181263929795628,0.6991046200610946,1118.0579457184974
639,76.30717986605862,9.965127560186845,33.84455648000005,39.50821561999999,37.97750814125002,272,1.035810627466514,-0.027599243447184563,0.7065627574920654,0.2901042489444508,272,0.148623182222467,-0.38644593954086304,0.2638569474220276,0.020701205029207116,272,0.11792111034265386,116.0,0.131715779799418,282.0590339013874,8869.311329843838,0.035705054789890826,0.9792987949707929,0.2901042489444508,0.5470728083590072,0.8050678181458694,0.650270812273752,999.9999999999268
640,76.31174071142281,9.965127560186845,31.80058052000004,38.04188504000001,35.71590986375002,272,1.9081309706267306,-0.12107209116220474,0.6833487749099731,0.2918086893418256,272,0.21313656319408772,-0.4186696410179138,0.17067337036132812,-0.10725235237794764,272,0.14728959700840483,173.0,0.11766924531583069,168.95733894658662,5579.33736820029,0.02246065551364337,1.1072523523779476,0.2918086893418256,0.48873145336456403,0.5064367226125785,0.49581356106376984,1000.1071342299545
641,76.31630155678701,9.965127560186845,36.35338316000002,40.35588458000001,38.14446333875002,272,0.8254921286135254,0.07060900330543518,0.7044010162353516,0.2854629123912138,272,0.12412903290124568,-0.30840107798576355,0.22818152606487274,0.03209373530219583,272,0.0852699696727883,77.0,0.05856760593580961,188.9413188442048,10445.168281492337,0.042048958697098765,0.9679062646978042,0.2854629123912138,0.24325669032943462,0.948108429822762,0.5251973861267656,500.0535671149772
642,76.3208624021512,9.965127560186845,32.825986520000015,39.40225700000002,35.2899917424219,256,1.6552369481846831,-0.05090909078717232,0.7500578761100769,0.4428222179412842,256,0.22470066825163082,-0.3862718641757965,0.25815603137016296,-0.14297926425933838,256,0.13242776015058036,15.0,0.037628901531970106,623.1469552439452,2332.1965580871124,0.009388689018853202,1.1429792642593384,0.4428222179412842,0.15628916192052483,0.21169359431422236,0.17845093487800384,0.0
643,76.3254232475154,9.965127560186845,32.28252134000002,37.720591160000026,34.88921397500002,272,1.3668694427108476,-0.06624605506658554,0.7631506323814392,0.4435352157143986,272,0.23931099304547945,-0.4034792482852936,0.1527208834886551,-0.17139293165767894,272,0.10935275813896278,8.0,0.00514595675674496,159.7851229821068,3580.593394910358,0.014414341609073551,1.171392931657679,0.4435352157143986,0.02137339215463471,0.3250106355392473,0.14282828950847976,0.0
644,76.3299840928796,9.965127560186845,33.7796141,38.86562786000002,36.100248620000016,272,1.1470423373667842,0.07161803543567657,0.7462199926376343,0.5261278713450712,272,0.1602562804275618,-0.3040914237499237,0.27053529024124146,-0.12273038134855382,272,0.10836735893006194,9.0,0.0604710446589469,1669.0338997196911,4999.83155351467,0.020127747569056123,1.1227303813485539,0.5261278713450712,0.2511624975864828,0.4538349518006827,0.33223147927216273,0.0
645,76.3345449382438,9.965127560186845,35.461279940000054,38.27089238000002,36.644254148750015,272,0.5093527117942038,0.07513744384050369,0.7042508721351624,0.42468396355124083,272,0.135036011667912,-0.2747899293899536,0.16442911326885223,-0.04642264282002168,272,0.0914181396064049,61.0,0.040319050951364524,164.18771612830955,6151.566522044317,0.024764269912838623,1.0464226428200216,0.42468396355124083,0.16746252019251495,0.5583779905681345,0.3238287083427628,0.0
646,76.33910578360799,9.965127560186845,35.29037893999998,39.23477402000003,37.30266281750002,272,0.8035733256254116,0.06131010130047798,0.7117590308189392,0.38024010377771716,272,0.1431313178861991,-0.28660789132118225,0.28530845046043396,0.002804251278147978,272,0.10740202220893422,42.0,0.04906955635143538,290.21712595786994,5762.112498848444,0.023196450640381436,0.997195748721852,0.38024010377771716,0.20380716751622593,0.523027230056726,0.331495192532426,499.9999999999634
647,76.34366662897219,9.965127560186845,34.596520880000014,37.26599450000003,36.01584111875001,272,0.5515227125202908,0.14209166169166565,0.7417626976966858,0.46921536501716166,272,0.14374029013561743,-0.33403280377388,0.18714646995067596,-0.07466713119955624,272,0.10729273416176974,67.0,0.03641652674263335,135.01558902039744,4916.220099649145,0.0197911541820041,1.0746671311995561,0.46921536501716166,0.15125364315583198,0.4462455360915932,0.2692504003301365,0.0
648,76.34822747433638,9.965127560186845,33.22589486000004,38.04530306000004,35.99720537000002,272,1.062261429872857,0.13254593312740326,0.7762928009033203,0.5260572994456572,272,0.13283843344278162,-0.34957703948020935,0.1403181552886963,-0.10297654656802907,272,0.10942535382740548,71.0,0.034442586584853156,120.5029297825323,5553.599861774987,0.02235704441658125,1.102976546568029,0.5260572994456572,0.14305501283762767,0.5041005279102218,0.2874732188666653,0.0
649,76.35278831970058,9.965127560186845,32.740536020000036,36.83190596000003,34.444381291250025,272,1.2138239228661927,0.18976545333862305,0.8149459362030029,0.6326886906343347,272,0.10450526341691624,-0.40808212757110596,0.121651291847229,-0.18920150925131404,272,0.11916419514748047,2.0,0.0012611977488125655,156.64386385263174,1249.6222357746933,0.005030585660565246,1.189201509251314,0.6326886906343347,0.005238301708342439,0.11342827074708273,0.04851428932383856,0.0
650,76.35734916506478,9.965127560186845,34.37776760000003,38.27431039999999,36.522160463750026,272,0.8912594377256189,0.12423312664031982,0.7483026385307312,0.47237205505371094,272,0.14235369827274408,-0.31972450017929077,0.1865008920431137,-0.07437816788168515,272,0.0995426497849877,5.0,0.005848166469292811,290.54266646635875,6983.999904900217,0.02811538460917293,1.074378167881685,0.47237205505371094,0.024289973904259073,0.6339380089691781,0.2681491879302267,0.0
651,76.36191001042897,9.965127560186845,31.021271960000036,36.48326792,34.36912202000002,272,1.1618845744189417,0.22995424270629883,0.8475298881530762,0.6688678965849035,272,0.13144508936990867,-0.4652223587036133,0.3124871551990509,-0.1992172914392808,272,0.12268006054947223,0.0,0.0,0.0,2390.9989774218457,0.009625409044348323,1.1992172914392807,0.6688678965849035,0.0,0.21703109275970153,0.08681243710388062,0.0
652,76.36647085579317,9.965127560186845,30.87087908000001,36.14146592000003,33.613752166250016,272,1.3027526413055428,0.21628721058368683,0.8425437808036804,0.7060361749985639,272,0.11916931493504004,-0.4818982779979706,0.08944812417030334,-0.2452837439144359,272,0.11935072060305203,0.0,0.0,0.0,674.5112489388182,0.0027153699091293742,1.245283743914436,0.7060361749985639,0.0,0.061225418671550985,0.024490167468620396,0.0
653,76.37103170115736,9.965127560186845,32.79864236000003,41.25482384000003,37.76686009250002,272,2.1109414893064877,0.0594579242169857,0.7774136662483215,0.4777071335736443,272,0.19478617805405601,-0.3531745970249176,0.2642042338848114,-0.0528491735458374,272,0.1414317812727596,19.0,0.018813300202220287,245.96401887515785,216.66636628895293,0.0008722305703085323,1.0528491735458374,0.4777071335736443,0.07813980216951354,0.01966681654154001,0.054750607918324125,0.0
654,76.37559254652156,9.965127560186845,32.16289064,42.488729060000026,37.92161346125002,272,2.026703518662826,0.05582556128501892,0.7391834259033203,0.4218483251683852,272,0.16838771286340368,-0.3281886875629425,0.24736225605010986,-0.046160045792074764,272,0.11928394406808557,8.0,0.041214046681627176,1279.721503485706,4828.1254906207005,0.01943651302384893,1.0461600457920748,0.4218483251683852,0.17117982595777506,0.4382491841716531,0.27800756924332626,0.0
655,76.38015339188576,9.965127560186845,34.28548106000005,41.408634740000025,37.97526035328127,256,1.3693364636928502,0.034628380089998245,0.7704996466636658,0.3104795217514038,256,0.22037228418407628,-0.29757532477378845,0.2334463894367218,0.004165630787611008,256,0.12601777695039135,8.0,0.005866830631717508,182.16870026656417,4188.199494790715,0.01686037245409543,0.995834369212389,0.3104795217514038,0.024367494272501185,0.3801630705966164,0.16668572480214727,499.9999999999634
656,76.38471423724995,9.965127560186845,32.88409286000001,41.41547078000002,38.191951197500025,272,2.3905374731773015,0.10868124663829803,0.8086124658584595,0.46891103071324963,272,0.20738330495645707,-0.34555527567863464,0.21262390911579132,-0.03392814538058113,272,0.14641017442713136,12.0,0.011091827799023216,229.60538441372853,325.04148307712137,0.0013085146671089208,1.033928145380581,0.46891103071324963,0.046069175561855864,0.029504031131174984,0.03944311778958351,0.0
657,76.38927508261415,9.965127560186845,32.55596294000003,40.02775466000003,35.80422546875002,272,1.74795826954359,0.05396825447678566,0.8172062635421753,0.49826745425953584,272,0.22855627665184036,-0.4106582999229431,0.5327916145324707,-0.05819423058453728,272,0.2169328539744351,5.0,0.015972279289132026,793.5185563845591,1245.4203654733028,0.005013670253748221,1.0581942305845373,0.49826745425953584,0.0663398090942971,0.11304686677671022,0.08502263216726236,0.0
658,76.39383592797834,9.965127560186845,35.49204212000001,40.55412974000001,37.84811346500002,272,1.005052639378529,0.03448275849223137,0.7861465811729431,0.44045139761532054,272,0.1995368600181233,-0.31537675857543945,0.20995670557022095,-0.0444567133398617,272,0.12605622936324754,12.0,0.014283149805812424,295.6670587773853,0.0,0.0,1.0444567133398617,0.44045139761532054,0.059324121137023685,0.0,0.03559447268221421,0.0
659,76.39839677334254,9.965127560186845,0.0,40.57805588000002,33.1849583329412,272,12.22920000822974,0.0,0.7950912117958069,0.30374420390409584,272,0.2619987459607843,-0.3590131998062134,0.29751402139663696,0.0001883857390459846,272,0.14881415628840344,5.0,0.028544821009600214,1418.1348040417656,0.0,0.0,0.999811614260954,0.30374420390409584,0.11855903231646191,0.0,0.07113541938987714,499.9999999999634
660,76.20228042268211,9.9696191160618,29.107180760000006,29.510507120000057,29.32039232375002,272,0.07671364428723325,-0.2969837486743927,-0.2086659073829651,-0.250523847692153,272,0.016573060491981206,-0.4149377644062042,-0.2976445257663727,-0.36874473796171303,272,0.0201416856531066,0.0,0.0,0.0,0.0,0.0,1.368744737961713,0.0,0.0,0.0,0.0,3162.5433577267754
661,76.2068412680463,9.9696191160618,29.07983660000002,29.438728700000013,29.267330963529428,289,0.06375279272793638,-0.3001158833503723,-0.21739129722118378,-0.2565085335173821,289,0.01615391696960282,-0.40400001406669617,-0.3056768476963043,-0.36086935815514165,289,0.019565960695439914,0.0,0.0,0.0,0.0,0.0,1.3608693581551417,0.0,0.0,0.0,0.0,2692.799102532231
662,76.2114021134105,9.9696191160618,29.055910460000007,29.39429444000001,29.194298875294137,289,0.06570393703578964,-0.31239092350006104,-0.20854412019252777,-0.2569564238551579,289,0.017651421243500248,-0.41129031777381897,-0.2918032705783844,-0.3596550172587992,289,0.025062150698599777,0.0,0.0,0.0,0.0,0.0,1.3596550172587993,0.0,0.0,0.0,0.0,2236.234979652835
663,76.2159629587747,9.9696191160618,28.94995184000004,29.267827699999998,29.12805551882355,289,0.06767862222271692,-0.3226950466632843,-0.2214765101671219,-0.2653077069450827,289,0.023211099125752532,-0.40770789980888367,-0.2892938554286957,-0.34820630558634297,289,0.024104918356970897,0.0,0.0,0.0,0.0,0.0,1.348206305586343,0.0,0.0,0.0,0.0,1802.8921549486333
664,76.22052380413889,9.9696191160618,29.004640160000008,29.284917800000017,29.163075440000018,289,0.0667083023760007,-0.3421686887741089,-0.22298850119113922,-0.2829154783466695,289,0.027655635068619185,-0.40594059228897095,-0.24152542650699615,-0.3295952556042523,289,0.029272571213098376,0.0,0.0,0.0,0.0,0.0,1.3295952556042523,0.0,0.0,0.0,0.0,1414.2795766946574
665,76.22508464950309,9.9696191160618,29.07983660000002,29.565195440000025,29.2388632329412,289,0.09351647409388111,-0.3165137469768524,-0.20641282200813293,-0.25287287622999566,289,0.01971748750917298,-0.3993399441242218,-0.24084778130054474,-0.3259702900289252,289,0.03329834475415145,0.0,0.0,0.0,0.0,0.0,1.3259702900289252,0.0,0.0,0.0,0.0,1118.0548646036093
666,76.22964549486728,9.9696191160618,29.055910460000007,29.57544949999999,29.2818427647059,289,0.09629747447214505,-0.3935643434524536,-0.19427402317523956,-0.2831457329456369,289,0.03658001973717909,-0.4237288236618042,-0.24528302252292633,-0.34897552807025845,289,0.0371427861984133,0.0,0.0,0.0,0.0,0.0,1.3489755280702584,0.0,0.0,0.0,0.0,999.9999999999268
667,76.23420634023148,9.9696191160618,29.13110690000002,29.86939921999999,29.431490540000024,289,0.11660856003994644,-0.4318840503692627,-0.2483801245689392,-0.326395186585951,289,0.029558157340795713,-0.3690248429775238,-0.13239437341690063,-0.2854521860300876,289,0.03458145196897704,0.0,0.0,0.0,0.0,0.0,1.2854521860300876,0.0,0.0,0.0,0.0,999.9999999999268
668,76.23876718559568,9.9696191160618,29.472908899999993,35.54673044000003,30.1146805929412,289,1.214269315719998,-0.4083769619464874,0.5085194706916809,-0.28998209283426146,289,0.12086161488998265,-0.3682432472705841,0.20000000298023224,-0.24466755480914792,289,0.08809712310577172,1.0,0.0007202503969643723,178.91374327002293,0.0,0.0,1.244667554809148,0.0,0.0029915125430607665,0.0,0.0017949075258364598,999.9999999999268
669,76.24332803095987,9.9696191160618,29.60621168,39.79532930000005,32.12665253176473,289,3.0691065223010026,-0.37581273913383484,0.7650025486946106,-0.05079879232756407,289,0.3500059924657535,-0.38695651292800903,0.3035762310028076,-0.1844285747171686,289,0.11992356172365985,34.0,0.03772757507014508,275.63868591638374,1438.596055632564,0.005791334758319495,1.1844285747171686,0.0,0.15669899595652498,0.13058143351043622,0.14625197097808948,1118.0548646036093
670,76.24788887632407,9.9696191160618,29.582285540000044,41.78461693999998,34.519786922352964,289,4.631477092574589,-0.37851661443710327,0.7038242220878601,-0.0153716658225934,289,0.2777839146336196,-0.44064387679100037,0.2633928656578064,-0.13891049817359158,289,0.22838916347102697,152.0,0.1195504078714259,195.3744057538475,1579.6522626958194,0.006359182634478827,1.1389104981735916,0.0,0.4965447380282276,0.14338511224412057,0.35528088771458477,1414.2795766946574
671,76.25244972168827,9.9696191160618,29.520761180000022,41.55902762000005,32.40972135764708,289,3.8528327438953514,-0.32634031772613525,0.4950321316719055,-0.13567150340360754,289,0.197804294253602,-0.4245472848415375,0.27667057514190674,-0.19130102243390462,289,0.2070552460754206,54.0,0.036710552838006956,168.8718887682808,1146.9173166615624,0.004617127994265217,1.1913010224339047,0.0,0.1524748611600212,0.10410574027450409,0.13312721280581435,1581.1535916107619
672,76.25701056705246,9.9696191160618,29.483162960000016,38.56826011999999,31.320981457647072,289,2.5888505614333277,-0.3446601927280426,0.5768116116523743,-0.15326332963461695,289,0.237483656438654,-0.399624764919281,0.30662813782691956,-0.22205777811756597,289,0.1730667901102663,16.0,0.044556447937385224,691.752559326237,808.8614097250868,0.003256221354468008,1.2220577781175659,0.0,0.18506226923400815,0.0734203892605079,0.14040551724460804,1499.9999999998902
673,76.26157141241666,9.9696191160618,29.56177742,40.48576934000005,33.83049484625002,272,3.1383655284522938,-0.27437642216682434,0.7351897358894348,0.20018256411832921,272,0.35132549678182323,-0.4117647111415863,0.3272683620452881,-0.1519920966204475,272,0.17193585574954945,59.0,0.05535587904622641,233.0622505988576,4253.62181017688,0.017123742096728737,1.1519920966204475,0.20018256411832921,0.22991699441872349,0.3861014573266849,0.29239077958190807,1414.2795766946574
674,76.26613225778085,9.9696191160618,29.373786320000022,41.58295376000001,32.7230319729412,289,4.050816514582667,-0.3264840245246887,0.5981191396713257,-0.12353209393247189,289,0.18980333394050525,-0.4189944267272949,0.311306893825531,-0.19982720081368946,289,0.22087959285543107,21.0,0.08233019742404588,973.867915365886,398.88724926876756,0.0016057944704463258,1.1998272008136894,0.0,0.341953047585596,0.03620701489804038,0.21965463451057377,1118.0548646036093
675,76.27069310314505,9.9696191160618,29.356696220000003,37.768443440000055,30.020300663529426,289,1.1558995986601293,-0.3611738085746765,0.027627302333712578,-0.2537358689885651,289,0.06086630980363023,-0.41694915294647217,0.08785203844308853,-0.2970933221203233,289,0.0844812351614105,1.0,6.570170110301775e-05,16.32062590050966,0.0,0.0,1.2970933221203234,0.0,0.0002728876843088076,0.0,0.00016373261058528457,999.9999999999268
676,76.27525394850925,9.9696191160618,29.353278199999977,30.053972300000055,29.68003618117649,289,0.1512598632947182,-0.3029612898826599,-0.17275747656822205,-0.23993542945096236,289,0.02405679703925408,-0.41566818952560425,-0.302238792181015,-0.3645989441129163,289,0.021614279482758663,0.0,0.0,0.0,0.0,0.0,1.3645989441129163,0.0,0.0,0.0,0.0,1118.0548646036093
677,76.27981479387344,9.9696191160618,29.746350500000005,40.803645200000005,34.21949789882355,289,3.8572233339484274,-0.2809734642505646,0.7398762702941895,0.17783139238720533,289,0.3549417805519977,-0.38983049988746643,0.3108537197113037,-0.16091016089627486,289,0.18536650794682208,33.0,0.07750580723766606,583.4189078022359,1774.465504024399,0.007143439404452378,1.1609101608962749,0.17783139238720533,0.32191526098249007,0.16106831957664358,0.25757648442015146,1414.2795766946574
678,76.28437563923764,9.9696191160618,37.27624856,40.571219840000026,38.80439917647061,289,0.7341105307416365,0.014741556718945503,0.7106773853302002,0.25209911306836613,289,0.15795680761900407,-0.2512025535106659,0.3678019046783447,0.0867382564346683,289,0.11067864145484094,228.0,0.27564615268134296,300.31517938648284,6465.749975875557,0.02602907357300274,0.9132617435653317,0.25209911306836613,1.0,0.5868964378597917,0.8347585751439167,1000.0933561701956
679,76.28893648460183,9.9696191160618,37.93592641999999,41.37445453999999,39.559497747058835,289,0.8276368398174251,0.014654571190476418,0.5716264247894287,0.21210809727441068,289,0.11924884354392652,-0.17172250151634216,0.31952279806137085,0.11863635898048902,289,0.08537491853385978,135.0,0.18389821383676985,338.3794174799415,6112.710980168431,0.024607849735445452,0.8813636410195109,0.21210809727441068,0.7638091081349043,0.5548510711538122,0.6802258933424674,500.0466780850978
680,76.29349732996603,9.9696191160618,34.921232780000025,40.85491550000006,37.97761680235296,289,1.2466108454480056,0.052203066647052765,0.786223292350769,0.4269812560823962,289,0.1943990224090156,-0.3473377823829651,0.32047897577285767,-0.03317595353176025,289,0.14521912136321738,55.0,0.082121231797509,370.8966933207549,5109.844223049124,0.020570623937607162,1.0331759535317602,0.4269812560823962,0.3410851226313186,0.4638208071322561,0.39017939643169364,0.0
681,76.29805817533023,9.9696191160618,36.2918588,41.00530838000003,38.82312141058825,289,0.8579850289072324,0.04903417453169823,0.7384937405586243,0.3300421163697556,289,0.19048158575581733,-0.3291703760623932,0.2770536243915558,0.015098382032453807,289,0.13024754732889246,110.0,0.16930938084565714,382.3389404257779,5488.167087815673,0.022093632671025466,0.9849016179675462,0.3300421163697556,0.7032153520391459,0.49816119185496294,0.6211936879654727,500.0466780850978
682,76.30261902069442,9.9696191160618,36.30894890000002,38.78701339999998,37.77933616117649,289,0.5911046341127583,0.020842842757701874,0.6854754686355591,0.3047263069548821,289,0.17171139533874272,-0.26379892230033875,0.32086530327796936,0.02416940708886381,289,0.11611440629318133,126.0,0.12619773803048626,248.79475555940815,8537.220740332683,0.03436816263978612,0.9758305929111362,0.3047263069548821,0.5241539856350412,0.7749239392829285,0.6244619670941962,707.1397883473287
683,76.30717986605862,9.9696191160618,32.05693201999998,38.882717960000036,36.134452474117666,289,1.766398166018432,-0.04816955700516701,0.7634562253952026,0.3654769316676579,289,0.22999362800184595,-0.3859367370605469,0.2216774821281433,-0.11229283421922308,289,0.14700301071802227,32.0,0.04362982153907129,338.6831997359023,3548.06679580701,0.014283399762528369,1.112292834219223,0.3654769316676579,0.18121358757417078,0.3220581945663247,0.23755143037103235,499.9999999999634
684,76.31174071142281,9.9696191160618,36.40123544000005,38.91689816000002,37.74556990823531,289,0.4138985819396142,0.04584701359272003,0.7316858172416687,0.3212507835308986,289,0.14988439671633527,-0.24597948789596558,0.2338709682226181,0.014589674332562615,289,0.10289474060384617,122.0,0.08375962125232603,170.54346013477047,7792.3219080469535,0.03136943448259604,0.9854103256674374,0.3212507835308986,0.3478900652251178,0.7073094362684945,0.49165781364246847,707.1397883473287
685,76.31630155678701,9.9696191160618,36.28502276000006,41.41547078000002,38.51212889882355,289,1.0924820496586314,0.01655704155564308,0.6412760615348816,0.2566579534933229,289,0.15594506307710174,-0.2464771270751953,0.27024009823799133,0.04762487510496358,289,0.09767669709287939,103.0,0.08455872557548376,203.9301318742987,8491.783073323624,0.03418524489907898,0.9523751248950364,0.2566579534933229,0.3512090923523721,0.7707995600520929,0.5190452794322604,707.1397883473287
686,76.3208624021512,9.9696191160618,32.135546480000016,41.41205276000005,38.16881673125002,272,1.3935415037298926,-0.0317460335791111,0.75,0.3418440257801729,272,0.18889989300527413,-0.33171913027763367,0.2498217225074768,-0.011962303343941183,272,0.1320868423664306,34.0,0.05829545885019855,425.90820222306866,2670.4483039185898,0.010750384044379132,1.011962303343941,0.3418440257801729,0.24212634534997438,0.24239672163418455,0.24223449586365844,499.9999999999634
687,76.3254232475154,9.9696191160618,31.745892200000014,38.84511974000003,35.17837669294119,289,1.4385796137506304,-0.01054650079458952,0.7435762882232666,0.4846937978143923,289,0.2048079072252514,-0.37278106808662415,0.23122413456439972,-0.1711486895604117,289,0.10560616642550251,5.0,0.008011149162670723,398.0017756682551,2997.370560985868,0.012066470115384993,1.1711486895604117,0.4846937978143923,0.033273779931905674,0.2720714707113613,0.12879285624368791,0.0
688,76.3299840928796,9.9696191160618,33.65998339999999,38.14442564000001,36.257832351764726,289,0.7043635555585978,0.09121339023113251,0.734778106212616,0.476485097284548,289,0.13839625938743153,-0.30154040455818176,0.1838269829750061,-0.08266169142145599,289,0.09579752412384826,24.0,0.045619467956773525,472.1708480674021,6560.929556467692,0.02641223659587307,1.082661691421456,0.476485097284548,0.18947745280756487,0.5955358929910504,0.3519008288809591,0.0
689,76.3345449382438,9.9696191160618,35.64243499999998,37.88123810000002,36.79039298352943,289,0.4754698702005981,0.12263575196266174,0.740394115447998,0.4359968244823205,289,0.14309673060101122,-0.3180285096168518,0.2101568877696991,-0.0423611901623155,289,0.10483140553141042,75.0,0.05234192977545286,173.35990604697386,6052.415728936359,0.024365120038770203,1.0423611901623155,0.4359968244823205,0.2173987548097366,0.5493780682848493,0.35019048019978166,0.0
690,76.33910578360799,9.9696191160618,35.56723856000002,37.71033710000006,36.653293717647074,289,0.5633027749354761,0.11589008569717407,0.7622227072715759,0.4202234076793631,289,0.13134656411136644,-0.2804349958896637,0.2192317098379135,-0.031160869400394003,289,0.09337138407012509,26.0,0.035704604300248036,341.12305484613523,7339.719983986075,0.029547401644237192,1.031160869400394,0.4202234076793631,0.1482967202231155,0.6662267377430466,0.35546872723108797,0.0
691,76.34366662897219,9.9696191160618,33.198550700000055,37.17028994000003,34.83047193058826,289,0.9526544333282922,0.2530326843261719,0.7626879811286926,0.5981315427997945,289,0.10582012429160415,-0.3426878750324249,0.0637163445353508,-0.15694939636441663,289,0.08836902609632827,10.0,0.005019793214558085,124.69413390722143,4535.7760187194235,0.018259606100206806,1.1569493963644166,0.5981315427997945,0.020849380199181828,0.4117126084752172,0.17719467150959597,0.0
692,76.34822747433638,9.9696191160618,32.50811066000006,37.50183788000004,34.504825692941196,289,1.0014190345659013,0.23990106582641602,0.7622780799865723,0.6110059480766111,289,0.1073903813664242,-0.39259257912635803,0.13592606782913208,-0.17067100762495946,289,0.08664282128789395,10.0,0.009708768339226497,241.1705836516769,904.7093317308888,0.003642074909433318,1.1706710076249593,0.6110059480766111,0.04032472927037344,0.08212050977419215,0.057043041471900924,0.0
693,76.35278831970058,9.9696191160618,33.08233802000001,38.25722030000003,35.15701702470591,289,1.1813041897255934,0.19646230340003967,0.7431622743606567,0.5780609025262219,289,0.11951124267407279,-0.35880759358406067,0.10681488364934921,-0.14022784909575042,289,0.09224872773965391,80.0,0.027571795749613104,85.61212196186754,2512.195824738573,0.010113309391159349,1.1402278490957505,0.5780609025262219,0.11451763604339552,0.22803213644920672,0.15992343620572003,0.0
694,76.35734916506478,9.9696191160618,35.4544439,38.49989972000003,37.09949316588237,289,0.6737024430519292,0.11703511327505112,0.7534705400466919,0.45302336273721344,289,0.14947892752259317,-0.29573842883110046,0.1993870586156845,-0.04246286042421334,289,0.10370438392293492,45.0,0.029713647644159038,164.02258463411582,6505.694144768004,0.026189876219995464,1.0424628604242134,0.45302336273721344,0.12341367669108928,0.5905221720010307,0.31025707481506587,0.0
695,76.36191001042897,9.9696191160618,32.477348480000046,40.28068814000005,36.44616643647061,289,1.9798153075245264,0.1574302464723587,0.838352620601654,0.5539642650775843,289,0.19985179325660699,-0.46685945987701416,0.4771028161048889,-0.038344591134147246,289,0.27177293413902637,3.0,0.0037659502828624285,311.8268613783436,2409.1333537471905,0.009698412333577582,1.0383445911341473,0.5539642650775843,0.015641626238886295,0.21867715097535542,0.09685583613347395,0.0
696,76.36647085579317,9.9696191160618,32.726863940000044,41.750436740000055,37.388700235294145,289,2.486063932220218,0.054675523191690445,0.8356330990791321,0.46629608048699717,289,0.19781472322961913,-0.40512028336524963,0.2754136025905609,-0.02939529814934648,289,0.14281442381332604,9.0,0.05850287646866026,1614.7113814224595,0.0,0.0,1.0293952981493464,0.46629608048699717,0.2429878407547602,0.0,0.1457927044528561,0.0
697,76.37103170115736,9.9696191160618,35.314305080000054,42.36909836000001,40.40501418235296,289,1.3257714310492197,0.029972294345498085,0.7455621361732483,0.3272454812864944,289,0.1566945410904733,-0.24447569251060486,0.21880322694778442,0.02873182461748486,289,0.09793195240212016,26.0,0.10832066987588174,1034.899518849557,0.0,0.0,0.9712681753825151,0.3272454812864944,0.4499027615565115,0.0,0.26994165693390687,499.9999999999634
698,76.37559254652156,9.9696191160618,36.722529320000035,42.87496532,40.495136370588256,289,1.4487149388407274,-0.004833512473851442,0.6055018901824951,0.1940112658437973,289,0.10738920364816591,-0.17436744272708893,0.22117620706558228,0.0943325795104347,289,0.07099960434336255,27.0,0.07515440078673713,691.4341860286567,1174.507397659726,0.004728196973249214,0.9056674204895653,0.1940112658437973,0.3121488492992267,0.10661009326039148,0.2299333468836926,499.9999999999634
699,76.38015339188576,9.9696191160618,33.742015880000054,44.242173320000006,38.70851203625002,272,2.8679805077832734,0.06002034619450569,0.8202516436576843,0.4377249549416935,272,0.24232597184988602,-0.38279470801353455,0.4229949116706848,-0.04111665837904986,272,0.1810081803636993,8.0,0.024037892110399122,746.3913376373321,1924.4237616274886,0.007747124133152633,1.0411166583790499,0.4377249549416935,0.09983980024180046,0.17468003786814718,0.12977589529233913,0.0
700,76.38471423724995,9.9696191160618,33.14044436000006,40.181565560000024,36.50701665411766,289,1.735720018643441,0.08067473769187927,0.8187860250473022,0.5908343569217669,289,0.19179860193840606,-0.3438442051410675,0.22675585746765137,-0.13080858276789575,289,0.13741570469120803,5.0,0.01046469273483947,519.8962353236597,990.3902225796564,0.003986999198189316,1.1308085827678958,0.5908343569217669,0.04346441141510081,0.08989776837828563,0.06203775420037474,0.0
701,76.38927508261415,9.9696191160618,33.80012222000005,45.195800899999995,39.17315504352943,289,2.992079642486388,0.03308270499110222,0.8134344220161438,0.37343589492322665,289,0.20510154910119785,-0.3611506223678589,0.497448205947876,0.025853917672972366,289,0.16927644998151983,5.0,0.11927068253077887,5925.484904663715,406.24717451734955,0.001635423212123922,0.9741460823270276,0.37343589492322665,0.4953829172660532,0.0368750756686275,0.31197978062708287,499.9999999999634
702,76.39383592797834,9.9696191160618,35.396337560000006,42.608359759999985,39.277055755294136,289,1.565546061425501,0.012627572752535343,0.7694001197814941,0.3650581597456883,289,0.1664557801684266,-0.4102709889411926,0.1963973045349121,-0.01044580268199881,289,0.09724706507640635,18.0,0.11158243461169398,1539.8681057233807,0.0,0.0,1.010445802681999,0.3650581597456883,0.46345028636291336,0.0,0.278070171817748,499.9999999999634
703,76.39839677334254,9.9696191160618,0.0,42.12300091999998,34.158538161176494,289,12.579297865300155,0.0,0.8187069296836853,0.24034979269166307,289,0.19134649134228296,-0.31862112879753113,0.24693089723587036,0.03183391597444211,289,0.09759690417699371,13.0,0.0467548099260944,893.3942220235684,428.66480607030894,0.0017256695382580271,0.9681660840255579,0.24034979269166307,0.19419302083252038,0.03890992516834134,0.13207978256684877,499.9999999999634
704,76.20228042268211,9.974110671936755,29.209721360000003,29.589121579999983,29.370996612500022,272,0.08055915818288649,-0.2744629979133606,-0.18655851483345032,-0.2364348243264591,272,0.017089780268322762,-0.4117647111415863,-0.31578946113586426,-0.35947098451502185,272,0.019299977125013402,0.0,0.0,0.0,0.0,0.0,1.359470984515022,0.0,0.0,0.0,0.0,2915.6465302105617
705,76.2068412680463,9.974110671936755,29.240483540000014,29.56861346000005,29.381130923529437,289,0.08112331298917645,-0.3073696792125702,-0.19540229439735413,-0.26414729979623974,289,0.020720928116597735,-0.4056399166584015,-0.2835164964199066,-0.33819234247438634,289,0.024223945028218237,0.0,0.0,0.0,0.0,0.0,1.3381923424743865,0.0,0.0,0.0,0.0,2500.127316966552
706,76.2114021134105,9.974110671936755,29.13452491999999,29.660900000000026,29.38911418823531,289,0.13633620192469892,-0.30676329135894775,-0.2120547890663147,-0.2748649623567258,289,0.01592164899761915,-0.39883267879486084,-0.30552658438682556,-0.34102274224832396,289,0.017054911654459447,0.0,0.0,0.0,0.0,0.0,1.3410227422483239,0.0,0.0,0.0,0.0,2061.7072054592677
707,76.2159629587747,9.974110671936755,29.042238380000015,29.845473080000033,29.378741857647075,289,0.15259401279375573,-0.35008567571640015,-0.2598152458667755,-0.3094463942372675,289,0.019218143515882514,-0.3777777850627899,-0.28538283705711365,-0.3291909504926741,289,0.016644316917786298,0.0,0.0,0.0,0.0,0.0,1.329190950492674,0.0,0.0,0.0,0.0,1581.2520634252094
708,76.22052380413889,9.974110671936755,29.03540234000002,30.16334893999999,29.38331892941178,289,0.15343106159650974,-0.35857459902763367,-0.22246696054935455,-0.30048124847940094,289,0.02552291695342551,-0.41999998688697815,-0.30042919516563416,-0.3659864907446205,289,0.024905006236425897,0.0,0.0,0.0,0.0,0.0,1.3659864907446204,0.0,0.0,0.0,0.0,1118.1051606448466
709,76.22508464950309,9.974110671936755,29.24731958000001,42.30415598000002,33.78099786588237,289,4.493291469421459,-0.326129674911499,0.6643530130386353,-0.047203568851246554,289,0.22879994685331323,-0.4285714328289032,0.2591084837913513,-0.12619813173287467,289,0.21740212873585943,8.0,0.004584884580303306,142.36348674370277,0.0,0.0,1.1261981317328746,0.0,0.019043015857083515,0.0,0.011425809514250108,707.1349146839888
710,76.22964549486728,9.974110671936755,29.31226196,40.55412974000001,33.24200331411767,289,3.7133098517456045,-0.33594515919685364,0.7138118743896484,0.06293374031885272,289,0.31888553134152664,-0.4242878556251526,0.22175489366054535,-0.14831842600680553,289,0.16331522486513553,7.0,0.0050529098169726505,179.3096665847332,0.0,0.0,1.1483184260068056,0.06293374031885272,0.020986927824180403,0.0,0.012592156694508241,499.9999999999634
711,76.23420634023148,9.974110671936755,29.59253960000001,42.00678823999999,35.45796836352943,289,4.103028315080109,-0.3403846025466919,0.805728018283844,0.17051506702462696,289,0.3273444023930825,-0.4757935702800751,0.20539730787277222,-0.08649683493643896,289,0.18413929763676648,17.0,0.01552969439418101,226.9207362273562,0.0,0.0,1.086496834936439,0.17051506702462696,0.06450156190943551,0.0,0.03870093714566131,499.9999999999634
712,76.23876718559568,9.974110671936755,30.08815249999998,40.72503074000002,34.795676723529425,289,2.4308144893629104,-0.273298442363739,0.7986546158790588,0.3697889915387111,289,0.3432191644575574,-0.4985218942165375,0.2186046540737152,-0.17194324216215667,289,0.18286419009732077,141.0,0.050068764793344135,88.20799705487995,540.032236488845,0.002173999747563375,1.1719432421621567,0.3697889915387111,0.2079573139093422,0.049018752210851,0.14438188922994571,499.9999999999634
713,76.24332803095987,9.974110671936755,29.643809900000008,38.605858340000054,34.011353490588256,289,2.7746794909872117,-0.3211009204387665,0.6448507905006409,0.10942660401024208,289,0.2671885287259098,-0.4105621874332428,0.23892144858837128,-0.06828581338110266,289,0.17776417327277264,289.0,0.14220491670793892,122.22976180699676,4024.032677575044,0.016199488538154377,1.0682858133811026,0.10942660401024208,0.590638747038072,0.36526164066224753,0.5004879044877422,707.1349146839888
714,76.24788887632407,9.974110671936755,29.40796652000006,31.041780080000024,29.6952221247059,289,0.2695207238950591,-0.37402597069740295,0.4876273572444916,-0.23191770137800066,289,0.09793406484157903,-0.4351464509963989,-0.10572390258312225,-0.3475480129149546,289,0.04733316546138546,0.0,0.0,0.0,0.0,0.0,1.3475480129149546,0.0,0.0,0.0,0.0,1118.1051606448466
715,76.25244972168827,9.974110671936755,29.418220580000025,30.908477300000015,29.612539156470604,289,0.1773719141534387,-0.35121950507164,-0.13754045963287354,-0.28093957076023196,289,0.029783902778510084,-0.41299790143966675,-0.17014269530773163,-0.33118473039778873,289,0.03445706820455956,0.0,0.0,0.0,0.0,0.0,1.3311847303977888,0.0,0.0,0.0,0.0,1118.0517821483145
716,76.25701056705246,9.974110671936755,29.322516020000023,29.804456840000057,29.571250894117668,289,0.09039719477068742,-0.40025094151496887,-0.2388392835855484,-0.3134019053106077,289,0.03205811256019661,-0.427293062210083,-0.24582338333129883,-0.3376928415265463,289,0.04030766206665258,0.0,0.0,0.0,0.0,0.0,1.3376928415265463,0.0,0.0,0.0,0.0,999.9999999999268
717,76.26157141241666,9.974110671936755,29.27808176000002,29.732678420000013,29.526101836250017,272,0.1043918489208077,-0.349056601524353,-0.1973392516374588,-0.2535005457261029,272,0.0267920973923942,-0.4312617778778076,-0.2764976918697357,-0.36953457664040956,272,0.02894809961143038,1.0,3.625974473778705e-05,9.007099042770676,0.0,0.0,1.3695345766404095,0.0,0.0001506024594341698,0.0,9.036147566050188e-05,1118.0517821483145
718,76.26613225778085,9.974110671936755,29.295171859999982,30.06422636000002,29.593734132941197,289,0.16173995518783763,-0.28482329845428467,0.6062322854995728,-0.20276761962468237,289,0.16161554592147032,-0.4350282549858093,-0.05644482001662254,-0.3544352706328395,289,0.052171826551739506,0.0,0.0,0.0,0.0,0.0,1.3544352706328395,0.0,0.0,0.0,0.0,1414.2698293679775
719,76.27069310314505,9.974110671936755,29.370368299999996,30.498314900000025,29.5623214647059,289,0.1944162536488188,-0.3085339069366455,0.5032802224159241,-0.2271782106181742,289,0.1215448853712989,-0.44727271795272827,0.05284147709608078,-0.3399329267983618,289,0.08539453663285847,3.0,0.0004511243856924766,37.353839194816885,0.0,0.0,1.3399329267983617,0.0,0.0018737153967113786,0.0,0.001124229238026827,1499.9999999998902
720,76.27525394850925,9.974110671936755,29.271245720000024,36.609734660000015,29.955334629411787,289,1.1266831062149611,-0.2997811734676361,0.5195889472961426,-0.18622800305640408,289,0.15746975128483345,-0.43223443627357483,0.03743933513760567,-0.3341460970446313,289,0.07428202344814504,2.0,0.011558603884784375,1435.6070449375234,0.0,0.0,1.3341460970446313,0.0,0.0480078992630028,0.0,0.02880473955780168,1499.9999999998902
721,76.27981479387344,9.974110671936755,30.37868420000001,41.04290660000004,37.94668904352943,289,1.9161174606964109,-0.21064060926437378,0.7101248502731323,0.29272598213802986,289,0.21537169983316884,-0.3622449040412903,0.3730471134185791,0.023652216967414406,289,0.14860392731325658,87.0,0.17084545913980023,487.80290637709334,3578.190294658679,0.014404667484109296,0.9763477830325856,0.29272598213802986,0.7095953519716968,0.3247925060132383,0.5556742135883134,1118.1051606448466
722,76.28437563923764,9.974110671936755,36.58922654000003,43.17233306000003,39.539131551764726,289,1.3795551418822423,-0.0005061582778580487,0.676071047782898,0.20440106243410738,289,0.1385113659408344,-0.2007780373096466,0.4197751581668854,0.1364930096794577,289,0.09852275269993353,161.0,0.1865441959927403,287.81674751154696,7036.734821401447,0.028327678778696675,0.8635069903205423,0.20440106243410738,0.7747990205898809,0.6387247598891616,0.7203693163095932,707.1349146839888
723,76.28893648460183,9.974110671936755,35.621926880000046,40.79339114000004,38.999652090588256,289,0.8710769468846089,0.031593408435583115,0.7142857313156128,0.2839659852552579,289,0.16570632403900706,-0.26060160994529724,0.3291139304637909,0.06636749584369593,289,0.1152024464706904,142.0,0.11779267286724927,206.05830738712876,6150.363570448295,0.02475942720847881,0.933632504156304,0.2839659852552579,0.48924410156272424,0.5582687985936138,0.51685398037508,499.9999999999634
724,76.29349732996603,9.974110671936755,36.025253239999984,41.15911928000003,38.35358717529414,289,1.1534336288975648,0.07111622393131256,0.7924917340278625,0.38007286098176635,289,0.19192448809366952,-0.3683069348335266,0.340818852186203,0.01460228329298818,289,0.1497654172804338,71.0,0.11340403049903794,396.7622434690029,6951.332848733267,0.027983877326714517,0.9853977167070118,0.38007286098176635,0.471016164796781,0.6309728187018028,0.5349988263587897,499.9999999999634
725,76.29805817533023,9.974110671936755,36.411489500000016,39.62101028000001,37.80566319411767,289,0.5892721984848509,0.08420430123806,0.7919390201568604,0.35247211390300603,289,0.1501666401410077,-0.30624669790267944,0.24429506063461304,0.008475265700924356,289,0.09922095975904645,131.0,0.1162671409670254,220.46816806987508,9242.751680490446,0.03720840805878864,0.9915247342990756,0.35247211390300603,0.48290790538207184,0.838965016825892,0.6253307499595999,707.1349146839888
726,76.30261902069442,9.974110671936755,36.14146592000003,38.95791440000005,37.60325490941178,289,0.7203614137500663,0.06759259104728699,0.7285290956497192,0.32159392148978155,289,0.1615985815472372,-0.3138248026371002,0.20971696078777313,0.004816594008343443,289,0.10657988851359419,118.0,0.10171206579674348,214.1167602799011,9925.790593131213,0.039958107656930426,0.9951834059916566,0.32159392148978155,0.422454360169733,0.9009644919438897,0.6138584128793957,500.0397859822443
727,76.30717986605862,9.974110671936755,32.908019000000024,38.462301500000024,36.946675738823544,289,0.9224513271568824,0.08291798830032349,0.7574002742767334,0.41010595935438743,289,0.16734368731957575,-0.3702635169029236,0.24708545207977295,-0.054786662329439476,289,0.12033311120746461,71.0,0.08678439126143371,303.62915342122943,7213.988913661117,0.0290412479432572,1.0547866623294395,0.41010595935438743,0.360453248057445,0.6548141224119034,0.4781975977992284,0.0
728,76.31174071142281,9.974110671936755,35.922712639999986,39.62101028000001,37.617695748235306,289,0.5926379460639858,0.07696139812469482,0.7018454670906067,0.27656621174003837,289,0.1365657701919958,-0.30085960030555725,0.27024346590042114,0.05665634577662062,289,0.10056958484460746,91.0,0.06333981164943162,172.90023006986993,7606.3158081362,0.030620632490921645,0.9433436542233794,0.27656621174003837,0.2630777321650737,0.6904256535881983,0.43401690073432353,499.9999999999634
729,76.31630155678701,9.974110671936755,36.985716860000025,40.325122400000055,38.70623458823532,289,0.6443890856933274,0.03735195845365524,0.6846173405647278,0.33414746980766113,289,0.1362163920255275,-0.31419235467910767,0.3094548285007477,0.016199542576878955,289,0.10572578800676195,30.0,0.04670704749534377,386.7420154482777,8438.801486691544,0.0339719577132759,0.983800457423121,0.33414746980766113,0.19399464272501807,0.7659904188724084,0.4227929531839742,707.1349146839888
730,76.3208624021512,9.974110671936755,34.08039986000006,39.426183140000035,37.722011146250026,272,1.3360590393768281,0.10443685948848724,0.6977290511131287,0.372102232540355,272,0.1320285801416693,-0.34755808115005493,0.2238806039094925,-0.023670245619381174,272,0.12790068804683158,13.0,0.007929483532410487,151.51713337482346,4789.554396461208,0.019281237943399705,1.0236702456193811,0.372102232540355,0.032934587120225005,0.43474808409029786,0.19365998590825415,500.0397859822443
731,76.3254232475154,9.974110671936755,33.21905881999999,38.91689816000002,36.445279407058834,289,1.2768552906959743,0.012793176807463169,0.7568551301956177,0.42915154163400193,289,0.1825626434889245,-0.3661327362060547,0.18849840760231018,-0.10397121733035183,289,0.11419207291527458,16.0,0.02276709005284071,353.4660759896227,7518.608027221804,0.030267548580955508,1.1039712173303518,0.42915154163400193,0.09456160767022251,0.6824644140748695,0.3297227302320813,0.0
732,76.3299840928796,9.974110671936755,35.10580586000003,38.55117002000003,36.7480048047059,289,0.6957738055969893,0.09580419212579727,0.7534906268119812,0.47322816419766434,289,0.1395848452471414,-0.29793301224708557,0.17200811207294464,-0.06954525746276222,289,0.10099129668973379,37.0,0.02951670753011242,198.16474094536363,5753.6225498336225,0.023162272778824405,1.0695452574627622,0.47322816419766434,0.12259569891018787,0.5222565969742528,0.2824600581358138,0.0
733,76.3345449382438,9.974110671936755,35.80308194000003,38.411031200000025,37.241086714117664,289,0.5743938707948136,0.1483786404132843,0.7534969449043274,0.4359445538900303,289,0.1406643452320714,-0.2952202558517456,0.1585334986448288,-0.044689356661997866,289,0.09810027069509097,17.0,0.01877672229830851,274.36648395768293,8683.7446045231,0.034958021581972726,1.044689356661998,0.4359445538900303,0.07798787825692405,0.7882239175183477,0.36208229396149355,0.0
734,76.33910578360799,9.974110671936755,34.64779118000001,37.58728838000002,35.907715929411786,289,0.7008512840343146,0.1289859265089035,0.7950219511985779,0.5437637381900141,289,0.1338794261587171,-0.35085785388946533,0.11785875260829926,-0.11344772391665765,289,0.09757073505474513,21.0,0.009868888263245197,116.73716255535679,4572.113777428094,0.018405890475327254,1.1134477239166576,0.5437637381900141,0.04098977681927409,0.41501098858974356,0.19059826152746187,0.0
735,76.34366662897219,9.974110671936755,30.58376540000006,36.98229884,34.0316842047059,289,1.452856590571621,0.012216405011713505,0.7983729243278503,0.5351623218364782,289,0.18057893333371558,-0.4280722141265869,0.09684634208679199,-0.1928603756386516,289,0.11472455860430236,0.0,0.0,0.0,969.4829544728857,0.003902833119730964,1.1928603756386515,0.5351623218364782,0.0,0.08800001464159217,0.03520000585663687,0.0
736,76.34822747433638,9.974110671936755,33.16095247999999,39.805583360000014,36.550398305882375,289,1.7140770366882667,0.03497426584362984,0.7636271119117737,0.48297129700340613,289,0.16220100501840085,-0.39408767223358154,0.24918775260448456,-0.0898068305942839,289,0.13344008155260995,0.0,0.0,0.0,0.0,0.0,1.0898068305942838,0.48297129700340613,0.0,0.0,0.0,0.0
737,76.35278831970058,9.974110671936755,33.01397761999999,39.93888614000002,37.56404820941178,289,1.4298064411646916,-0.14014752209186554,0.757028341293335,0.44419179738186637,289,0.2077848984519964,-0.3724629878997803,0.22464969754219055,-0.07043317115018112,289,0.1231635835186785,53.0,0.04142099352429879,194.13544607698677,1480.6428464532537,0.0059606018991560355,1.070433171150181,0.44419179738186637,0.1720393660263515,0.13439802274574095,0.1569828287141073,0.0
738,76.35734916506478,9.974110671936755,32.91827306000005,39.94572218000002,37.46918337058826,289,1.4658405493692996,-0.10887465626001358,0.8034840226173401,0.4824700273032007,289,0.16023780027699966,-0.38403329253196716,0.15436482429504395,-0.0452348319716932,289,0.1212511844888242,37.0,0.018487959598223372,124.1216257149508,3393.3238582871595,0.013660453419005193,1.045234831971693,0.4824700273032007,0.07678852141808915,0.3080121706474888,0.169277981109849,0.0
739,76.36191001042897,9.974110671936755,31.776654380000025,42.32466410000001,37.97917797411766,289,2.7888328163451015,-0.1147540956735611,0.812326192855835,0.32628423037413495,289,0.25362763525374227,-0.42932969331741333,0.19504977762699127,-0.0442008444182188,289,0.14889194133795078,13.0,0.059496789851684,1136.868877586412,2194.516515603812,0.008834432518261146,1.0442008444182187,0.32628423037413495,0.24711599446986127,0.19919637020266187,0.2279481447629815,499.9999999999634
740,76.36647085579317,9.974110671936755,33.78303212000003,44.37889412000004,39.07729673176472,289,3.1822167407514446,0.015256588347256184,0.82871413230896,0.44223088459160087,289,0.2517015591393444,-0.44031980633735657,0.21265456080436707,-0.09169616831215195,289,0.16399903022241724,0.0,0.0,0.0,472.2948041688141,0.0019013101731005732,1.091696168312152,0.44223088459160087,0.0,0.04287022220478447,0.017148088881913787,0.0
741,76.37103170115736,9.974110671936755,34.80160208000001,43.85935508,39.26322992352943,289,1.8863579220524118,0.042700283229351044,0.8025540113449097,0.43391727328712965,289,0.19331454655559546,-0.37092509865760803,0.3072179853916168,-0.05708899052497837,289,0.14195274448715345,12.0,0.10611946069697999,2196.7163580788156,0.0,0.0,1.0570889905249783,0.43391727328712965,0.4407601843412284,0.0,0.264456110604737,0.0
742,76.37559254652156,9.974110671936755,35.461279940000054,41.55902762000005,39.307001868235304,289,1.2713508713807247,-0.07888040691614151,0.7062374353408813,0.23757327386664684,289,0.15091941397883488,-0.4630981385707855,0.2498745620250702,0.008424011481261996,289,0.12521213786661728,26.0,0.056117488297694966,536.1484719848573,0.0,0.0,0.991575988518738,0.23757327386664684,0.23308028823748692,0.0,0.13984817294249213,500.0397859822443
743,76.38015339188576,9.974110671936755,36.349965139999995,42.81002294000001,40.03789562375002,272,1.2154031162074106,0.035853467881679535,0.7046459913253784,0.32310112784890566,272,0.1632940795292159,-0.28887808322906494,0.2847711145877838,0.015838535392985624,272,0.10813581316793022,17.0,0.062080319780919505,907.1209975126417,1099.1586061742387,0.00442486646332689,0.9841614646070144,0.32310112784890566,0.25784651571810324,0.099770679814949,0.19461618135684153,499.9999999999634
744,76.38471423724995,9.974110671936755,34.955412980000006,40.294360220000044,37.91714505058825,289,1.0776917325176338,0.04700161889195442,0.7847782373428345,0.4462454508745134,289,0.19545379377539385,-0.3070080280303955,0.3418487310409546,-0.038469882159909576,289,0.13344795376317092,22.0,0.04266366389646828,481.7210944657354,1326.0859522005524,0.005338404507248131,1.0384698821599097,0.4462454508745134,0.17720071549717853,0.1203688859832574,0.15446798369161008,0.0
745,76.38927508261415,9.974110671936755,33.83088440000006,41.55902762000005,36.59607440705884,289,2.0181045028129643,0.06411398202180862,0.8156911730766296,0.5632208061878244,289,0.20788273855393768,-0.3689078688621521,0.21366721391677856,-0.11395686060499567,289,0.12852439555246173,1.0,0.00517519196433382,1285.5431533010426,2069.3429600236523,0.008330523196102562,1.1139568606049957,0.5632208061878244,0.021494818662096096,0.18783436051185373,0.08803063540199917,0.0
746,76.39383592797834,9.974110671936755,33.73176182000003,41.866649420000044,36.5487070364706,289,1.6136204537298313,0.13999499380588531,0.8054615259170532,0.5826271347521086,289,0.13754951822548372,-0.297555148601532,0.1811327338218689,-0.08932757790113403,289,0.11148231553651364,6.0,0.022971481656733104,951.0381826900698,3371.4167394443352,0.013572262256300177,1.089327577901134,0.5826271347521086,0.09541053472297725,0.30602366041115175,0.17965578499824705,0.0
747,76.39839677334254,9.974110671936755,0.0,41.50433930000003,31.00485292588237,289,11.44043553520903,0.0,0.8137065768241882,0.5643944129811851,289,0.2473013612063349,-0.3900039494037628,0.18139244616031647,-0.14219891241265004,289,0.11882166350641972,2.0,0.02095195490944895,2602.2843565747266,1577.8177317021668,0.006351797390325572,1.14219891241265,0.5643944129811851,0.0870225635104517,0.14321859177714683,0.10950097481712975,0.0
748,76.20228042268211,9.97860222781171,29.254155620000006,29.616465740000024,29.416524921640644,256,0.07837201396630462,-0.3113923966884613,-0.19427891075611115,-0.23704470694065094,256,0.014722352669635981,-0.41649049520492554,-0.3171912729740143,-0.3731567859649658,256,0.015067325295011721,0.0,0.0,0.0,0.0,0.0,1.3731567859649658,0.0,0.0,0.0,0.0,2692.735095995605
749,76.2068412680463,9.97860222781171,29.39087642000004,29.67457208000002,29.546132438750018,272,0.06976851598389473,-0.3126614987850189,-0.21470937132835388,-0.25609726064345417,272,0.02084432646644105,-0.41101694107055664,-0.3007335066795349,-0.36042993208941293,272,0.0233400064135551,0.0,0.0,0.0,0.0,0.0,1.3604299320894129,0.0,0.0,0.0,0.0,2236.185652000317
750,76.2114021134105,9.97860222781171,29.42505662000002,29.879653280000014,29.64328211750002,272,0.10366529289405753,-0.31402087211608887,-0.21094641089439392,-0.2780689071206486,272,0.013362124590813575,-0.3948497772216797,-0.2986425459384918,-0.3421036776374368,272,0.0165155467810113,0.0,0.0,0.0,0.0,0.0,1.3421036776374369,0.0,0.0,0.0,0.0,1802.857738978379
751,76.2159629587747,9.97860222781171,29.565195440000025,30.08131646000004,29.830468977500026,272,0.10723405737645407,-0.3830508589744568,-0.2837684452533722,-0.32988666085635915,272,0.016837925532341754,-0.3760683834552765,-0.2910798192024231,-0.3222157534431009,272,0.014548139819470451,0.0,0.0,0.0,0.0,0.0,1.322215753443101,0.0,0.0,0.0,0.0,1414.2600777625419
752,76.22052380413889,9.97860222781171,29.54468731999998,41.93159179999998,30.62352501500002,272,1.8531634232864436,-0.36612021923065186,0.077625572681427,-0.2926614144269158,272,0.0764533550126807,-0.40308746695518494,0.24946996569633484,-0.33707231633803425,272,0.09607361762207113,0.0,0.0,0.0,0.0,0.0,1.3370723163380343,0.0,0.0,0.0,0.0,1000.0657816129184
753,76.22508464950309,9.97860222781171,30.570093320000012,44.173812920000046,39.23565365750001,272,2.6613463951554115,-0.25391849875450134,0.3488710820674896,0.06276518457076129,272,0.1011649289726182,-0.3710879385471344,0.3994689881801605,0.10085605172549977,272,0.13495683248387874,36.0,0.079114219972186,545.8989332340013,0.0,0.0,0.8991439482745003,0.06276518457076129,0.3285956972446766,0.0,0.19715741834680595,500.0328908064592
754,76.22964549486728,9.97860222781171,32.562798980000025,41.87690348000001,36.821274912500016,272,2.285687580436604,0.09290795773267746,0.7865068912506104,0.5187343709609088,272,0.18903123783165382,-0.4864088296890259,0.21831637620925903,-0.1045549757340375,272,0.185934763703023,2.0,0.0016575683408420966,205.8740667383557,204.71639041913573,0.0008241237300701021,1.1045549757340376,0.5187343709609088,0.006884600832583558,0.018582116654183717,0.011563607161223621,0.0
755,76.23420634023148,9.97860222781171,32.036423900000045,38.69130884000003,33.10314773000002,272,1.17814223054234,0.14746300876140594,0.8018531799316406,0.7045644872328815,272,0.11212724912368363,-0.5133625864982605,0.11906283348798752,-0.3961051492130055,272,0.11996893124468043,1.0,0.0001514095581328547,37.610879392197226,447.1879808311103,0.0018002380075699256,1.3961051492130054,0.7045644872328815,0.0006288696184031792,0.04059127463677583,0.01661383162575224,0.0
756,76.23876718559568,9.97860222781171,31.598917340000014,38.65371062000003,34.129885752500016,272,2.2012765285830125,0.10894941538572311,0.7906022071838379,0.5402821372537052,272,0.2056965300966538,-0.5901408195495605,0.17898671329021454,-0.3031303181367762,272,0.21902054323479153,117.0,0.03793142974496621,80.53293868068155,3411.0664292250794,0.013731879423109968,1.3031303181367762,0.5402821372537052,0.15754569290977796,0.30962266466918653,0.2183764816135414,0.0
757,76.24332803095987,9.97860222781171,29.60279366000003,38.79726746000006,31.94598459875002,272,2.710146489279764,-0.26439231634140015,0.7275345325469971,-0.03058541872922112,272,0.23993816024109185,-0.4177215099334717,0.20947828888893127,-0.2209456948673024,272,0.18788512501699822,82.0,0.044613505475138426,135.14895515125045,1150.6996461232748,0.004632354461759874,1.2209456948673023,0.0,0.18529925395568866,0.10444906250257872,0.1529591773744447,500.0328908064592
758,76.24788887632407,9.97860222781171,29.664318019999996,42.423786680000035,33.45328115375001,272,3.232455387950894,-0.22889305651187897,0.7852256894111633,0.39985401490155387,272,0.35710009844367885,-0.4247491657733917,0.1264994591474533,-0.17980878493365118,272,0.14451523916483136,0.0,0.0,0.0,0.0,0.0,1.1798087849336512,0.39985401490155387,0.0,0.0,0.0,1000.0657816129184
759,76.25244972168827,9.97860222781171,29.483162960000016,44.375476100000014,37.133382863750015,272,4.648673967217372,-0.3038906455039978,0.7244956493377686,0.0336572247392991,272,0.20250347512516007,-0.3968804180622101,0.11046511679887772,-0.04717457294464111,272,0.16154630147834825,0.0,0.0,0.0,0.0,0.0,1.0471745729446411,0.0336572247392991,0.0,0.0,0.0,707.1300388812709
760,76.25701056705246,9.97860222781171,29.339606119999985,36.70885724000004,30.44965838000002,272,1.80834406713513,-0.3534378707408905,0.7912485003471375,-0.011725818409639247,272,0.35572681893297636,-0.4516523778438568,0.10920771211385727,-0.3358893394470215,272,0.08463652317801931,0.0,0.0,0.0,0.0,0.0,1.3358893394470215,0.0,0.0,0.0,0.0,499.9999999999634
761,76.26157141241666,9.97860222781171,29.325934039999993,29.777112680000016,29.57814653140627,256,0.09349086481064038,-0.2992278039455414,-0.15886133909225464,-0.2511376142501831,256,0.025383232144994362,-0.46086955070495605,-0.3414211571216583,-0.3900226354598999,256,0.021676783514162593,0.0,0.0,0.0,0.0,0.0,1.3900226354599,0.0,0.0,0.0,0.0,707.1300388812709
762,76.26613225778085,9.97860222781171,29.384040379999988,29.766858619999994,29.59657336625002,272,0.07798696857437096,-0.27749747037887573,-0.16192170977592468,-0.2437573601217831,272,0.014285589450207347,-0.44256120920181274,-0.15299877524375916,-0.39279909694896026,272,0.022831983768921534,1.0,3.625975307114308e-05,9.007101112817328,0.0,0.0,1.3927990969489603,0.0,0.00015060249404621475,0.0,9.036149642772885e-05,1118.0928260001585
763,76.27069310314505,9.97860222781171,29.431892660000017,29.794202779999978,29.611703131250017,272,0.0722106268791707,-0.3072625696659088,-0.1962616890668869,-0.2533854316262638,272,0.020744622655965696,-0.44485294818878174,-0.3333333432674408,-0.38474638321820426,272,0.021429991524178866,0.0,0.0,0.0,0.0,0.0,1.3847463832182043,0.0,0.0,0.0,0.0,1118.0486983526782
764,76.27525394850925,9.97860222781171,29.404548500000033,42.62203183999998,34.04542798625001,272,4.6685807725054005,-0.29928499460220337,0.5027902722358704,-0.0626228136174819,272,0.1926660948476552,-0.40909090638160706,0.3155655562877655,-0.12991790210499482,272,0.24629380802102424,88.0,0.1291822917854837,364.65360274441065,2150.4979706329414,0.008657227716049756,1.1299179021049948,0.0,0.536550132907079,0.19520080474783205,0.4000104016433802,999.9999999999268
765,76.27981479387344,9.97860222781171,37.38904322000002,42.427204700000004,39.76486871000002,272,0.9169397703979003,-0.017426058650016785,0.5383465886116028,0.13007402420043945,272,0.10221285374726917,-0.21191294491291046,0.38794270157814026,0.1893923983854406,272,0.08245783465063673,222.0,0.15726335847445186,175.96843336097362,6627.959024009145,0.026682076127049714,0.8106076016145594,0.13007402420043945,0.6531829922246553,0.6016201609999429,0.6325578597347703,1000.0657816129184
766,76.28437563923764,9.97860222781171,36.66784100000001,39.71671484000001,38.45197204250002,272,0.5775863329934043,0.0001880759809864685,0.5293346643447876,0.1568132288315717,272,0.11943887069656277,-0.1728675663471222,0.3255164623260498,0.14138275034287395,272,0.09474586643259923,79.0,0.13962303085511796,439.0259241747227,6947.585951545767,0.0279687934983995,0.858617249657126,0.1568132288315717,0.5799150543528362,0.630632712662971,0.6002021176768901,500.0328908064592
767,76.28893648460183,9.97860222781171,33.75226994000002,41.16937333999999,37.80772553750001,272,1.9568480353195017,0.0494803786277771,0.8238512277603149,0.413539774277631,272,0.22759069327882522,-0.4181199371814728,0.2775351107120514,-0.05475734963136561,272,0.16805326651067162,60.0,0.08533275176775182,353.28459164216997,5023.13202979782,0.02022154795009823,1.0547573496313656,0.413539774277631,0.35442395911619007,0.455949937159232,0.39503435033340684,0.0
768,76.29349732996603,9.97860222781171,34.627283060000025,39.50479760000002,37.24524762125002,272,1.2341680332796443,0.06386701762676239,0.7690024971961975,0.39486099691951976,272,0.20177330796900603,-0.34667766094207764,0.27636560797691345,-0.02163015744265388,272,0.13918912113515186,24.0,0.02192320164520982,226.90963259325795,9692.809032300904,0.03902019725046069,1.0216301574426538,0.39486099691951976,0.09105657280038923,0.8798167444051664,0.40656064144230014,500.0328908064592
769,76.29805817533023,9.97860222781171,35.07504368000002,38.95107836,37.47422982875002,272,0.8634855380782049,0.0324455201625824,0.768020510673523,0.37818437464096966,272,0.17636782935389292,-0.3197377920150757,0.21847470104694366,-0.018027996315675622,272,0.1166011388976064,64.0,0.05909923430810031,229.3834477352218,9484.36294925414,0.03818105895221653,1.0180279963156755,0.37818437464096966,0.24546477372745495,0.8608960833708823,0.4916372975848259,707.1300388812709
770,76.30261902069442,9.97860222781171,36.33629306,39.25870015999999,37.79841394625002,272,0.7294193675323688,0.06901861727237701,0.7433509230613708,0.38855502184699564,272,0.16942876618557404,-0.31000185012817383,0.2442828267812729,-0.031596955131081975,272,0.12573992279693208,75.0,0.059364195919276344,196.61811231014852,7211.4775632582905,0.029031138037268468,1.031596955131082,0.38855502184699564,0.246565274312534,0.654586167014442,0.40977363139329726,499.9999999999634
771,76.30717986605862,9.97860222781171,35.235690620000014,40.195237640000016,38.09873475500002,272,1.1085061593161991,0.13516129553318024,0.7745856642723083,0.43789829927332263,272,0.16470869020983378,-0.31867530941963196,0.24517646431922913,-0.053912899073432476,272,0.12340543893074031,45.0,0.04905238752967269,270.77454378687736,3754.957300624609,0.015116275792617012,1.0539128990734326,0.43789829927332263,0.20373585794684682,0.340837655689552,0.2585765770439289,0.0
772,76.31174071142281,9.97860222781171,33.789868160000026,38.96475043999999,36.84542724500002,272,1.2615539550941859,0.004412575624883175,0.8273107409477234,0.49069853389964385,272,0.19377352206554369,-0.39773058891296387,0.2568555772304535,-0.08703386783599854,272,0.14993656302083014,20.0,0.012006446077497788,149.12301472852027,4171.46038944994,0.01679298608652988,1.0870338678359985,0.49069853389964385,0.04986798228754611,0.37864366119567827,0.18137825385079898,0.0
773,76.31630155678701,9.97860222781171,36.67125901999998,40.87884164000002,38.64262718750001,272,0.7544490974495237,0.04624781757593155,0.746012270450592,0.35202329299029184,272,0.16765670039548933,-0.27258145809173584,0.23680438101291656,0.0016001677688430337,272,0.11633162652963477,56.0,0.0872346852781206,386.9558061204312,7049.548942973572,0.028379264397444492,0.9983998322311569,0.35202329299029184,0.36232351457123174,0.6398878983236884,0.47334926807221445,500.0328908064592
774,76.3208624021512,9.97860222781171,33.91291688000001,38.25038426000003,37.06162093695315,256,0.6652613671962614,0.11227885633707047,0.714562714099884,0.36707401275634766,256,0.14043775054497043,-0.28911563754081726,0.21608629822731018,-0.005892489105463028,256,0.10630713699821993,10.0,0.011390294703796195,282.9405260995226,8891.887347123116,0.03579593872708917,1.005892489105463,0.36707401275634766,0.047308838175135974,0.8071170443256173,0.3512321206353285,500.0328908064592
775,76.3254232475154,9.97860222781171,32.99688752000003,37.93250840000002,36.04760859875002,272,1.2649576055609244,0.03731746971607208,0.7355998754501343,0.41201050141278434,272,0.17605535992902216,-0.35922545194625854,0.25531041622161865,-0.08297993856317856,272,0.12933125830488543,11.0,0.006519112119389742,147.21632125726688,5899.219524734802,0.02374840035657632,1.0829799385631786,0.41201050141278434,0.027076702431499736,0.5354724414240828,0.23043499802853296,0.0
776,76.3299840928796,9.97860222781171,33.06524792000005,37.891492159999984,35.18955991625002,272,1.1664647044241483,0.019283747300505638,0.7415671944618225,0.4353761392481187,272,0.1754973273340041,-0.3437005877494812,0.1501014232635498,-0.1283095864688649,272,0.10638136492657314,13.0,0.011706959429400239,223.69741055996158,4400.776162783828,0.017716139186762393,1.1283095864688648,0.4353761392481187,0.048624084237591465,0.3994586650261501,0.18895791655301492,0.0
777,76.3345449382438,9.97860222781171,33.024231680000014,38.28456446000001,36.401939150000025,272,1.1972192934764454,0.0664023756980896,0.7541271448135376,0.45072213341208067,272,0.1446825598843389,-0.39005759358406067,0.14511115849018097,-0.0738387248095344,272,0.09675396587202408,27.0,0.025291134292349773,232.68304543861598,4759.995857270072,0.0191622445715268,1.0738387248095345,0.45072213341208067,0.10504505902763306,0.43206505405908047,0.23585305704021203,0.0
778,76.33910578360799,9.97860222781171,32.70635582,37.43005946000005,35.33730131750002,272,1.2773505278389536,0.08169596642255783,0.7514384388923645,0.4782574597526999,272,0.1723914811898748,-0.38805288076400757,0.2134348750114441,-0.12621378898620605,272,0.11077534978447,3.0,0.0011977678864040573,99.17714590572399,4317.597964583856,0.01738128995060341,1.126213788986206,0.4782574597526999,0.004974849956285916,0.391908575954766,0.15974834035567798,0.0
779,76.34366662897219,9.97860222781171,31.54081100000002,39.73380494000003,34.61876314250002,272,1.7104244496332544,0.0589473694562912,0.7817174792289734,0.5039746901568245,272,0.17712202605039704,-0.4562225043773651,0.26146790385246277,-0.1828916493584128,272,0.1393897161951577,2.0,0.005343503065270688,663.6762295527835,1860.099028714089,0.007488173011965814,1.1828916493584127,0.5039746901568245,0.022193887724343223,0.16884127875218793,0.08085284413548112,0.0
780,76.34822747433638,9.97860222781171,36.80114378000002,43.30221782000001,41.03801832875002,272,1.3720737378080854,-0.01771015301346779,0.6878048777580261,0.2017379087560317,272,0.10812773369157487,-0.2553125321865082,0.30255013704299927,0.16273013283224666,272,0.08783430299246935,29.0,0.10094812965111333,864.6900763721808,0.0,0.0,0.8372698671677533,0.2017379087560317,0.41928140174946416,0.0,0.25156884104967847,499.9999999999634
781,76.35278831970058,9.97860222781171,36.03892532000003,41.66498624000002,39.09668349875002,272,1.3928084161412713,0.04816025123000145,0.7361381649971008,0.3869972229003906,272,0.17561021914926056,-0.29541710019111633,0.2352719008922577,-0.005323236917748171,272,0.11310591607505198,18.0,0.014198774224080961,195.94696642098643,1328.641747095829,0.005348693332769513,1.0053232369177483,0.3869972229003906,0.05897367272055415,0.1206008756094469,0.08362455387611126,499.9999999999634
782,76.35734916506478,9.97860222781171,32.367971839999996,39.456945320000045,35.340053326250015,272,1.6795506430471396,0.05130784586071968,0.7617575526237488,0.5639108770033893,272,0.15140296274905984,-0.38520365953445435,0.09291187673807144,-0.15589472826789408,272,0.08340970848371056,94.0,0.04432921498418364,117.14462941843367,2605.8288553725665,0.01049024649085062,1.155894728267894,0.5639108770033893,0.1841184721426573,0.23653121116600573,0.20508356775199668,0.0
783,76.36191001042897,9.97860222781171,32.91485504000002,41.85297734000005,38.04638375750002,272,2.2146696344064085,0.043201640248298645,0.7677606344223022,0.4627130732816808,272,0.20676274031790376,-0.35534319281578064,0.19624893367290497,-0.0392760108498966,272,0.11810311252398005,4.0,0.0017740287771195796,110.16936975006816,1980.207753868559,0.007971692921561748,1.0392760108498966,0.4627130732816808,0.0073683115772950995,0.17974355354042604,0.07631840836254748,0.0
784,76.36647085579317,9.97860222781171,35.36899340000002,44.057600240000056,39.62671535750002,272,1.687510078783044,0.03627515956759453,0.796775758266449,0.43403395484475527,272,0.20719701464035914,-0.30494943261146545,0.21111652255058289,-0.017353922128677368,272,0.11448165815130348,7.0,0.017036896171978427,604.5784078660718,3427.917883967233,0.013799718073990719,1.0173539221286774,0.43403395484475527,0.07076162513495775,0.3111522720307187,0.16691788389326215,0.0
785,76.37103170115736,9.97860222781171,33.65314736000005,43.95847766000003,36.961313202500016,272,2.663449718953558,0.04869913309812546,0.8210886716842651,0.5248553893145393,272,0.2509351033226598,-0.38900139927864075,0.19672968983650208,-0.09933290762059829,272,0.15829370945512106,2.0,0.019728844752787043,2450.3710653899734,331.9055299757585,0.0013361471586837241,1.0993329076205982,0.5248553893145393,0.08194245610527646,0.030127080999967217,0.061216306063152766,0.0
786,76.37559254652156,9.97860222781171,39.08096311999998,45.61621736000001,41.53588058750002,272,1.2411882310631683,-0.012171684764325619,0.5795730948448181,0.12177837596220129,272,0.08805028317295721,-0.18869459629058838,0.34675702452659607,0.09434683182660271,272,0.06700591146712043,1.0,0.000579186923807889,143.8728823035204,0.0,0.0,0.9056531681733972,0.12177837596220129,0.002405614706566815,0.0,0.001443368823940089,500.0328908064592
787,76.38015339188576,9.97860222781171,33.97444124000003,42.46822094000004,38.156415413281266,256,1.977827736866499,0.03906899318099022,0.7805383205413818,0.4495069086551666,256,0.22925843863477963,-0.2946564853191376,0.2196226418018341,-0.05424537509679794,256,0.1387717776256014,4.0,0.013031943358356517,809.2997165129686,734.172487685242,0.002955547271164914,1.054245375096798,0.4495069086551666,0.05412731764021423,0.066640872196544,0.05913273946274614,0.0
788,76.38471423724995,9.97860222781171,31.219517119999978,40.58147389999999,36.68525782250002,272,2.2401500032207458,0.04589707776904106,0.7998398542404175,0.5015699723187614,272,0.19295180670366305,-0.43275973200798035,0.3290862739086151,-0.08038776061114143,272,0.15326673109725555,4.0,0.015031098385174206,933.449703355228,4466.943306411498,0.017982507273376636,1.0803877606111414,0.5015699723187614,0.06243067625473774,0.40546465985170443,0.19964426969352445,0.0
789,76.38927508261415,9.97860222781171,32.98321543999998,38.325580700000046,35.64530010500002,272,1.4301512340918903,0.03626037389039993,0.8285052180290222,0.6063778821159812,272,0.1653609640646822,-0.37856727838516235,0.21303370594978333,-0.1299775067497702,272,0.13308349616699694,1.0,0.00025872795411645874,64.2692971148201,2425.946596970696,0.009766097156915675,1.1299775067497702,0.6063778821159812,0.0010746095014205492,0.22020328987549273,0.08872608165104942,0.0
790,76.39383592797834,9.97860222781171,32.152636580000035,35.66294312000002,33.56954409875002,272,0.884221466550082,0.3983286917209625,0.8298444151878357,0.6933386185589958,272,0.0940207080909431,-0.38993436098098755,0.04673650115728378,-0.21687611411599553,272,0.08240022365381387,0.0,0.0,0.0,1838.1691060431397,0.007399890048228865,1.2168761141159956,0.6933386185589958,0.0,0.16685069861126964,0.06674027944450786,0.0
791,76.39839677334254,9.97860222781171,0.0,35.99790908,29.824077071691196,272,10.915543949843004,0.0,0.8271282315254211,0.5933186026180491,272,0.23525653823336823,-0.3445526957511902,0.01642439141869545,-0.16646821358624628,272,0.09885846937892968,2.0,0.0008343744105242047,103.63135494598595,1100.435536810688,0.004430006984010148,1.1664682135862463,0.5933186026180491,0.0034655191100374503,0.09988658687054539,0.04203394621424063,0.0
792,76.20228042268211,9.983093783686664,29.271245720000024,29.513925140000026,29.386063546250014,272,0.05728809766789765,-0.26403823494911194,-0.2047337293624878,-0.2327416223638198,272,0.01366854324131761,-0.40645161271095276,-0.3159041404724121,-0.35922471214743223,272,0.016735803003208715,0.0,0.0,0.0,0.0,0.0,1.3592247121474323,0.0,0.0,0.0,0.0,2549.6371959231587
793,76.2068412680463,9.983093783686664,29.39771245999998,29.732678420000013,29.55711755882355,289,0.05278613908562,-0.3220748007297516,-0.19158878922462463,-0.23788003360523896,289,0.02177744048634997,-0.3991416394710541,-0.29831933975219727,-0.3605831370634191,289,0.016984468697035546,0.0,0.0,0.0,0.0,0.0,1.3605831370634192,0.0,0.0,0.0,0.0,2061.653678903013
794,76.2114021134105,9.983093783686664,29.56177742,30.01637407999999,29.76914124235296,289,0.11520160959606258,-0.33101046085357666,-0.20700985193252563,-0.27240483901079965,289,0.020472372261559537,-0.40310078859329224,-0.28859061002731323,-0.3509105695572691,289,0.01914558563855695,0.0,0.0,0.0,0.0,0.0,1.3509105695572692,0.0,0.0,0.0,0.0,1581.2128063927837
795,76.2159629587747,9.983093783686664,29.756604560000028,30.24196340000003,30.026474388235314,289,0.10406956014939735,-0.3822222352027893,-0.25520262122154236,-0.3086467333730942,289,0.025803313505449878,-0.41860464215278625,-0.2863636314868927,-0.3497514823728779,289,0.02654670214987154,0.0,0.0,0.0,0.0,0.0,1.349751482372878,0.0,0.0,0.0,0.0,1118.0804858924755
796,76.22052380413889,9.983093783686664,30.108660620000023,43.16549702000003,33.34644807058825,289,3.750845831346973,-0.3563714921474457,0.730924665927887,-0.12077320983253136,289,0.2812714160702406,-0.4117647111415863,0.4918890595436096,-0.22674491908723507,289,0.22042395496017375,0.0,0.0,0.0,95.46846858363655,0.0003843259949637748,1.226744919087235,0.0,0.0,0.008665677508211789,0.0034662710032847158,707.1251609392506
797,76.22508464950309,9.983093783686664,34.53841454000002,45.031735939999976,38.98059869882355,289,2.342685866486722,-0.12242899090051651,0.7300228476524353,0.24519374543820285,289,0.207088554182712,-0.3552253246307373,0.4835391044616699,0.0952404510603644,289,0.17921948792456582,34.0,0.12487779492035248,912.3605539975474,1665.0978326771287,0.006703159595516433,0.9047595489396356,0.24519374543820285,0.5186716889410942,0.15114101076169958,0.37165941766933636,499.9999999999634
798,76.22964549486728,9.983093783686664,32.17314470000002,42.33491816000003,35.24237290823532,289,2.6894362680443273,0.11337732523679733,0.7978644371032715,0.57967469106496,289,0.1722123587944878,-0.4552749693393707,0.24329595267772675,-0.2108504879433391,289,0.18990866233616915,15.0,0.008125094442942342,134.55422978232053,1420.897454755808,0.00572008576383639,1.210850487943339,0.57967469106496,0.033747044141952315,0.1289749306533158,0.07183819874649772,0.0
799,76.23420634023148,9.983093783686664,32.036423900000045,38.63320250000004,34.422284649411786,289,1.9003000887357981,0.1949685513973236,0.7953174114227295,0.6362167411197016,289,0.17597943522927095,-0.4875488877296448,0.1750480830669403,-0.2778519891125108,289,0.20484517559827173,6.0,0.014788849511829849,612.270500178429,596.1410016924885,0.002399875969660597,1.2778519891125109,0.6362167411197016,0.06142451152896137,0.05411174754064191,0.058499405933633584,0.0
800,76.23876718559568,9.983093783686664,32.08427618000002,40.13713130000002,35.85340607529413,289,2.1073447623023336,0.07520325481891632,0.7866149544715881,0.4919814799483672,289,0.22151656408629763,-0.5292614102363586,0.2117408961057663,-0.15327361215769625,289,0.21610639385141758,292.0,0.09065660732088605,77.1217377360519,8248.48923444859,0.033205820508163064,1.1532736121576963,0.4919814799483672,0.3765362421940883,0.7487157665367621,0.5254080519311578,0.0
801,76.24332803095987,9.983093783686664,29.763440600000024,40.14054931999999,32.7058945647059,289,3.1768755161636997,-0.3787878751754761,0.5773988366127014,-0.0967327632706058,289,0.2302610827598934,-0.3949275314807892,0.19990798830986023,-0.1640658527097075,289,0.17894376621937322,154.0,0.06668022178745804,107.5564626899261,2858.344272642018,0.011506794052842297,1.1640658527097074,0.0,0.276951905465068,0.25945204779796216,0.26995196239822566,500.02599255778466
802,76.24788887632407,9.983093783686664,29.896743380000032,44.34129589999998,38.777055016470605,289,4.099912320837388,-0.27872583270072937,0.7635312676429749,0.25408336283013894,289,0.2630027694773211,-0.3678929805755615,0.2592807412147522,-0.03348537959854495,289,0.14474125943820695,35.0,0.03350596058327064,237.80130017784526,1637.694280385151,0.006592841522372423,1.033485379598545,0.25408336283013894,0.13916479848481345,0.14865358899548933,0.1429603146890838,999.9999999999268
803,76.25244972168827,9.983093783686664,35.86802432000002,44.24559134000003,40.129136208235316,289,1.7331165197146396,0.029659995809197426,0.7609158754348755,0.36157258241646845,289,0.21483395001213534,-0.2943248450756073,0.23504120111465454,0.00017483424150407522,289,0.10909025310107597,2.0,0.0025512886350105707,316.876326466355,0.0,0.0,0.9998251657584959,0.36157258241646845,0.010596609158106493,0.0,0.006357965494863896,500.02599255778466
804,76.25701056705246,9.983093783686664,30.105242599999997,39.904705939999985,33.95677161411767,289,2.285474151849235,-0.18946301937103271,0.7923085689544678,0.5908027833720805,289,0.23200489034219673,-0.4380883276462555,0.21181556582450867,-0.22096926943241108,289,0.11038555288032477,0.0,0.0,0.0,0.0,0.0,1.220969269432411,0.5908027833720805,0.0,0.0,0.0,0.0
805,76.26157141241666,9.983093783686664,29.42847463999999,30.501732919999995,29.717372727500013,272,0.1541904724184301,-0.2968471050262451,0.6032319068908691,-0.21135459226720474,272,0.09406395222554781,-0.4642857015132904,-0.17500315606594086,-0.3831830305211684,272,0.03351651354293994,0.0,0.0,0.0,0.0,0.0,1.3831830305211685,0.0,0.0,0.0,0.0,500.02599255778466
806,76.26613225778085,9.983093783686664,29.54126930000001,36.60289862000002,30.897998525882375,289,1.8488177720960233,-0.27852004766464233,0.7029265761375427,-0.039946711187131674,289,0.31617811963941644,-0.42397138476371765,0.2606271803379059,-0.26625377826624674,289,0.16246012509884175,4.0,0.022270135676486218,1383.0028257549598,0.0,0.0,1.2662537782662469,0.0,0.09249754042852554,0.0,0.05549852425711532,1000.0519851155693
807,76.27069310314505,9.983093783686664,29.55494138000006,37.706919080000034,30.420776702352963,289,1.2001189437373783,-0.2691466212272644,0.6102800369262695,-0.1875352694501514,289,0.1044467624381548,-0.4171428680419922,0.14862681925296783,-0.3369733553031737,289,0.11405652480332701,1.0,0.010846450229032668,2694.3116169698196,0.0,0.0,1.3369733553031737,0.0,0.04505001600081115,0.0,0.02703000960048669,707.1251609392506
808,76.27525394850925,9.983093783686664,29.975357840000015,41.49066721999998,38.547870270588255,289,2.5502818916506866,-0.24737945199012756,0.6572667956352234,0.18401983452503243,289,0.16481955983755958,-0.37954938411712646,0.30529898405075073,0.05972837824309986,289,0.13080078744852888,66.0,0.07677094293380035,288.94363708800165,6989.03734102252,0.028135663740895614,0.9402716217569002,0.18401983452503243,0.31886305054050035,0.6343952572895054,0.4450759332401024,499.9999999999634
809,76.27981479387344,9.983093783686664,37.597542439999984,42.36568034000004,39.49013204705884,289,1.020639529257259,0.013848284259438515,0.6549170017242432,0.17075398059039792,289,0.12556198304381355,-0.22441652417182922,0.3525756597518921,0.14113857176889597,289,0.09697761620212998,500.0,0.2915749939639778,144.8573269348995,7784.439234939551,0.03133770132263315,0.858861428231104,0.17075398059039792,1.0,0.7065939256494931,0.8826375702597973,707.1251609392506
810,76.28437563923764,9.983093783686664,37.30359271999998,40.49602340000001,38.67503480705884,289,0.5767483297814908,0.0028368793427944183,0.5724000930786133,0.1855913842013138,289,0.12860983593970896,-0.14920474588871002,0.3900461494922638,0.13033493992366593,289,0.09185613725693115,160.0,0.1903909189310997,295.58775786647965,6340.809066316875,0.025526100810474843,0.869665060076334,0.1855913842013138,0.7907761307286357,0.5755555454595992,0.704687896621021,707.1251609392506
811,76.28893648460183,9.983093783686664,35.29379696000001,39.57999404000003,37.787390388235316,289,1.0315202138537285,0.015914684161543846,0.8051363825798035,0.34320744181174306,289,0.1868040991970828,-0.3157549798488617,0.268962025642395,0.015121525959160088,289,0.13175371930554786,70.0,0.06043857991392219,214.4748670720002,9599.752873375473,0.03864558245463214,0.98487847404084,0.34320744181174306,0.2510276574081809,0.8713700323612392,0.49916460738940427,499.9999999999634
812,76.29349732996603,9.983093783686664,35.01351932,39.92521406000003,37.24996883529414,289,1.1728685811494683,0.05453431233763695,0.7795559167861938,0.3495008475227752,289,0.18216416138225552,-0.3268257975578308,0.28119686245918274,0.012620612411763016,289,0.13003335718534018,89.0,0.06836118155479504,190.80060599085397,10042.872057744567,0.040429440768762245,0.987379387588237,0.3495008475227752,0.28393366104557605,0.9115919821464752,0.5349969894859357,707.1251609392506
813,76.29805817533023,9.983093783686664,35.25619874000006,40.130295260000025,37.93518131529414,289,0.868262176323943,0.05046197399497032,0.7995071411132812,0.3611672477326179,289,0.1834383301256569,-0.37098228931427,0.24391430616378784,0.0035100560699779684,289,0.11601393710604108,76.0,0.06938560486574741,226.78586480601658,10208.526096171769,0.04109631176902896,0.996489943930022,0.3611672477326179,0.2881885357350369,0.9266284072221058,0.5435644843298645,500.02599255778466
814,76.30261902069442,9.983093783686664,34.40511176000001,39.08779916000003,36.767223775294134,289,1.1542713693458624,0.06377905607223511,0.8038658499717712,0.4720549797929282,289,0.21433398281541008,-0.3843804597854614,0.21644750237464905,-0.09312406625714681,289,0.1508048504284022,22.0,0.041238274204657345,465.626830174567,4773.502884400308,0.01921661960988078,1.0931240662571469,0.4720549797929282,0.1712804533775412,0.4332910875646117,0.2760847070523694,0.0
815,76.30717986605862,9.983093783686664,36.47984989999998,40.12004120000006,38.28364194941178,289,0.7472875475047263,0.023297760635614395,0.7770988345146179,0.31340956110442797,289,0.1537180040609369,-0.3372115194797516,0.27919742465019226,0.04224800321057594,289,0.10753853836375539,21.0,0.019990713887049684,236.4662720239136,9312.297213607082,0.03748837647775329,0.957751996789424,0.31340956110442797,0.08303011229135963,0.8452776682286686,0.3879291346662832,499.9999999999634
816,76.31174071142281,9.983093783686664,36.691767140000024,41.22406166000002,38.28293232588237,289,0.9000157570352778,0.046008870005607605,0.736627459526062,0.3242096686445718,289,0.159678185379202,-0.298759400844574,0.27579307556152344,0.02346265192262854,289,0.11227201203357214,43.0,0.026445030963232745,152.76920555151437,8106.1413200030365,0.032632772624794346,0.9765373480773715,0.3242096686445718,0.10983769278235381,0.7357948394615463,0.36022055145403087,499.9999999999634
817,76.31630155678701,9.983093783686664,36.56530040000001,42.017042300000014,38.867283648235315,289,1.3371653403472399,0.02290290780365467,0.7962511777877808,0.3377893045286819,289,0.18532307313734708,-0.3804379105567932,0.32062098383903503,0.012570421588462118,289,0.13218702121276554,9.0,0.034759865478169165,959.3912947918119,7101.102645644819,0.02858680337201007,0.9874295784115379,0.3377893045286819,0.14437280980518732,0.6445674304072254,0.3444506580460026,707.1251609392506
818,76.3208624021512,9.983093783686664,35.73130351999998,38.66738270000002,37.543620661250024,272,0.5931202321571911,0.07851026207208633,0.6996358633041382,0.3370618259205538,272,0.15097117322681172,-0.25,0.28374341130256653,0.018205793464885038,272,0.10184270002177603,43.0,0.025662385957242524,148.24797598819038,6751.039579910115,0.027177559691509475,0.981794206535115,0.3370618259205538,0.10658702834391487,0.6127921890086969,0.3090690926098277,500.02599255778466
819,76.3254232475154,9.983093783686664,33.13360832000001,38.89297202,36.64007106588237,289,1.3718963316136186,0.06405458599328995,0.7730187773704529,0.42631536041576557,289,0.17037112636985272,-0.38270798325538635,0.2976459860801697,-0.05383844276613017,289,0.13776744459800097,13.0,0.02222495994343756,424.6761098924007,5729.875091744879,0.02306667298977132,1.0538384427661303,0.42631536041576557,0.0923099059994067,0.520101039055603,0.26342635922188523,0.0
820,76.3299840928796,9.983093783686664,34.96224902000006,39.39200294,37.62858846941178,289,0.9421075610931403,0.06106673553586006,0.7293649911880493,0.41631259060236,289,0.1530829428900608,-0.27851906418800354,0.21752673387527466,-0.01922840395600738,289,0.09970635300471335,59.0,0.06321295956147294,266.1425466680538,6446.806375037377,0.025952812600680216,1.0192284039560073,0.41631259060236,0.2625508603801483,0.5851769262959905,0.3916012867464852,0.0
821,76.3345449382438,9.983093783686664,33.17804258000001,39.279208280000034,36.25040495882355,289,1.607221730054525,0.08317580074071884,0.7909820675849915,0.5763371873479401,289,0.13269729049170173,-0.38361790776252747,0.23050904273986816,-0.13012870867772086,289,0.11252182008505744,6.0,0.006067167294015893,251.18570249848221,1415.8731988154532,0.005699859691376268,1.130128708677721,0.5763371873479401,0.025199579392657243,0.12851887869874098,0.06652729911509074,0.0
822,76.33910578360799,9.983093783686664,32.070604100000025,37.74793532000001,34.17708606588237,289,1.080851083265212,0.10965630412101746,0.7568113207817078,0.595897370968723,289,0.1339703523164419,-0.34302404522895813,0.06480810791254044,-0.16631146863257595,289,0.08097670887858033,3.0,0.0011955416966762467,98.99281374424673,1644.9974601433478,0.006622241824572824,1.166311468632576,0.595897370968723,0.004965603624007521,0.14931649897517119,0.06270596176447299,0.0
823,76.34366662897219,9.983093783686664,31.42118030000006,39.77823920000003,35.07250086235296,289,2.031367509567141,0.0066225165501236916,0.8148411512374878,0.5239937330199773,289,0.19993057886224477,-0.4278412163257599,0.2332812249660492,-0.15996820786420038,289,0.13407105568715888,6.0,0.0034674133698917257,143.55375762061541,2549.922918834534,0.010265186793097767,1.1599682078642004,0.5239937330199773,0.014401672851172059,0.2314566266039969,0.101223654352302,0.0
824,76.34822747433638,9.983093783686664,33.612131120000015,40.77971906000005,37.38426508823532,289,1.2543770564879138,0.035923972725868225,0.7618643045425415,0.4316177896149843,289,0.1695978414890341,-0.30504468083381653,0.27670589089393616,-0.02656015805307144,289,0.1257397608323157,6.0,0.013596834303455367,562.9200928145614,4323.913154082571,0.017406712915101392,1.0265601580530714,0.4316177896149843,0.056473554941640185,0.392481806010836,0.1908768553693185,0.0
825,76.35278831970058,9.983093783686664,36.312366920000045,42.492147079999995,39.65334545882355,289,1.5402093104693035,0.039448026567697525,0.7385729551315308,0.3377976467040171,289,0.17488840928801186,-0.2952359616756439,0.2524716556072235,0.028446072113142706,289,0.12187574480921905,27.0,0.04351786873721886,400.37232461483393,2611.503245845074,0.010513089800233435,0.9715539278868572,0.3377976467040171,0.18074859899188903,0.23704627586349108,0.20326766974052984,499.9999999999634
826,76.35734916506478,9.983093783686664,29.99586596000006,40.05509882000001,33.28234541176472,289,2.4181472757540474,-0.025981204584240913,0.8120308518409729,0.4857719447786008,289,0.2738564022117724,-0.4752678871154785,0.1926332712173462,-0.2848803246310013,289,0.12348110143862064,0.0,0.0,0.0,0.0,0.0,1.2848803246310014,0.4857719447786008,0.0,0.0,0.0,0.0
827,76.36191001042897,9.983093783686664,31.745892200000014,42.10249280000005,36.06047422117649,289,3.184519840979343,0.04049135744571686,0.8199549913406372,0.5803359404567203,289,0.19318295764064145,-0.3829353153705597,0.20262151956558228,-0.1443665976342858,289,0.13538262571112222,2.0,0.014416424880682524,1790.5554449153542,305.97511535478355,0.0012317594739656146,1.1443665976342858,0.5803359404567203,0.05987767037466609,0.027773376011364276,0.047035952629345366,0.0
828,76.36647085579317,9.983093783686664,34.576012760000026,45.16845674000001,39.63383081176473,289,2.0757681737214315,0.06019871309399605,0.7620075345039368,0.4507105210248162,289,0.1838587838596678,-0.29200246930122375,0.23345817625522614,-0.024842029624331782,289,0.11988687580680352,8.0,0.011997392869465688,372.5264291425593,3435.9405858262144,0.013832014945617496,1.0248420296243317,0.4507105210248162,0.04983038038479519,0.3118804930662699,0.15465042545738508,0.0
829,76.37103170115736,9.983093783686664,34.514488400000005,43.4184305,38.717884241176485,289,1.7844165321657637,0.03925767168402672,0.8209183812141418,0.3578120564919442,289,0.22876361326340522,-0.333457887172699,0.25626692175865173,0.005975091333620276,289,0.1333072254695043,0.0,0.0,0.0,1816.9421059788106,0.007314436829581365,0.9940249086663797,0.3578120564919442,0.0,0.16492392278933302,0.0659695691157332,499.9999999999634
830,76.37559254652156,9.983093783686664,32.84649464000006,41.81196110000002,37.805379344705905,289,2.25816576391358,-0.01534526888281107,0.7630041837692261,0.3587563062621648,289,0.25244428412795683,-0.3406822681427002,0.2709578275680542,-0.0003128447747148032,289,0.14944346056612107,2.0,0.023481891450715026,2916.508700456566,672.0263643754648,0.0027053665462772273,1.0003128447747147,0.3587563062621648,0.09753048815477455,0.06099986557961792,0.0829182391247119,707.1251609392506
831,76.38015339188576,9.983093783686664,30.50515094000002,40.27043408000003,32.93805233750002,272,2.4151474233412724,-0.1335616409778595,0.8073443174362183,0.22468101277070887,272,0.3170014978387075,-0.36151760816574097,0.19381946325302124,-0.1810921220218434,272,0.11617082061165314,1.0,0.01082579111453885,2689.1797912571074,807.6948901421954,0.0032515253139219435,1.1810921220218433,0.22468101277070887,0.04496420973066224,0.07331450422158016,0.05630432752702941,499.9999999999634
832,76.38471423724995,9.983093783686664,30.710232140000016,37.93250840000002,32.67212831176472,289,1.6514771965362895,-0.059422750025987625,0.8528138399124146,0.4789039585417117,289,0.3100936153975713,-0.42115849256515503,0.16551724076271057,-0.21752037391530601,289,0.11095209134018694,0.0,0.0,0.0,1558.1628753325226,0.0062726731271819155,1.217520373915306,0.4789039585417117,0.0,0.14143451951437302,0.056573807805749214,0.0
833,76.38927508261415,9.983093783686664,30.457298659999992,38.15809772,35.27496828235296,289,2.0623647956447035,-0.05140961706638336,0.7998849749565125,0.5544488504271193,289,0.1796593517590916,-0.37248918414115906,0.18152205646038055,-0.12319409063530629,289,0.12032556798555342,1.0,0.0028959766876982835,719.3748615794956,5387.005615633931,0.021686388436095817,1.1231940906353062,0.5544488504271193,0.012028248262235287,0.4889787601349555,0.2028084530113234,0.0
834,76.39383592797834,9.983093783686664,32.82256849999999,38.311908620000054,35.07179123882355,289,1.2433532082490513,0.14335839450359344,0.816068172454834,0.5995858268341804,289,0.16689582395603006,-0.3543411195278168,0.15018968284130096,-0.14030274387874406,289,0.11686880390528877,0.0,0.0,0.0,4344.427581023704,0.017489297538718303,1.140302743878744,0.5995858268341804,0.0,0.39434390153593485,0.15773756061437394,0.0
835,76.39839677334254,9.983093783686664,0.0,38.038467019999985,31.30683321882355,289,11.509042194724149,0.0,0.7850408554077148,0.5133013345790982,289,0.2262389630110218,-0.3599361479282379,0.17021866142749786,-0.09012372106004339,289,0.11147679137560486,4.0,0.001127651435457091,70.02854155713247,2048.998942489778,0.00824862458710354,1.0901237210600434,0.5133013345790982,0.004683625899531761,0.18598773305688923,0.07720526876247476,0.0
836,76.20228042268211,9.987585339561619,29.29858988000001,29.55494138000006,29.43137744375002,272,0.05866061040569408,-0.28236743807792664,-0.19901719689369202,-0.23676372976864085,272,0.01630169947112472,-0.3987730145454407,-0.2847682237625122,-0.3458988526288201,272,0.019989446235376147,0.0,0.0,0.0,0.0,0.0,1.34589885262882,0.0,0.0,0.0,0.0,2500.095456181316
837,76.2068412680463,9.987585339561619,29.435310680000043,29.70191624000006,29.55284799058826,289,0.053629375372913735,-0.29629629850387573,-0.20677146315574646,-0.25001494199759405,289,0.018893486227388793,-0.38430583477020264,-0.2885032594203949,-0.34043791879832125,289,0.017043475768485673,0.0,0.0,0.0,0.0,0.0,1.3404379187983213,0.0,0.0,0.0,0.0,2000.076364945053
838,76.2114021134105,9.987585339561619,29.589121579999983,30.012956060000022,29.743571141176485,289,0.10350234281109372,-0.3528037369251251,-0.2283104956150055,-0.29486461494208205,289,0.023279002130109683,-0.3839479386806488,-0.27391305565834045,-0.33054665958180146,289,0.022694986511664104,0.0,0.0,0.0,0.0,0.0,1.3305466595818014,0.0,0.0,0.0,0.0,1500.0572737087898
839,76.2159629587747,9.987585339561619,29.906997440000055,30.41286439999999,30.10143428705885,289,0.11864401053380924,-0.37557604908943176,-0.25382933020591736,-0.3176430038927336,289,0.023863064903644465,-0.4273858964443207,-0.28344669938087463,-0.35456251520599047,289,0.03259278393659338,0.0,0.0,0.0,0.0,0.0,1.3545625152059904,0.0,0.0,0.0,0.0,1000.0381824725265
840,76.22052380413889,9.987585339561619,30.238545380000005,40.81048124000006,34.44921486235296,289,3.559624972607523,-0.33889469504356384,0.6977290511131287,0.08597489459291874,289,0.3686798799629729,-0.42907801270484924,0.23525811731815338,-0.195421185872959,289,0.17918967506576336,6.0,0.024801329322954674,1026.795376983758,0.0,0.0,1.195421185872959,0.08597489459291874,0.1030106863764349,0.0,0.06180641182586094,500.01909123626325
841,76.22508464950309,9.987585339561619,34.73324167999999,40.35930259999998,37.39554810235296,289,1.3663396963207248,0.12995895743370056,0.7260201573371887,0.481516009796037,289,0.128725967636224,-0.2969931960105896,0.21657176315784454,-0.06682071883785684,289,0.10988987658406486,134.0,0.07106881884318428,131.74510717221938,4321.520819878529,0.017397082130855085,1.066820718837857,0.481516009796037,0.29517965402859153,0.39226465371949143,0.3340136539049515,0.0
842,76.22964549486728,9.987585339561619,32.91827306000005,37.61805056000003,35.283992328235314,289,0.8268300317002636,0.10413751751184464,0.7683491706848145,0.5232207090384408,289,0.14964713933383228,-0.421150267124176,0.1727977693080902,-0.12663621473477374,289,0.11986164848593095,112.0,0.03897858285035683,86.45064116529127,4399.404080897213,0.01771061561710564,1.1266362147347737,0.5232207090384408,0.16189497430203248,0.3993341210869766,0.25687063301601015,0.0
843,76.23420634023148,9.987585339561619,31.855268840000008,37.09509350000002,34.09226240000001,289,1.4483721862932923,0.15543478727340698,0.7950581312179565,0.5997130714073313,289,0.16007017344889585,-0.5138098001480103,0.12564486265182495,-0.2573482949016003,289,0.18178682910369734,44.0,0.015212275954442423,85.88191393819103,1832.1315453545194,0.007375584729905094,1.2573482949016004,0.5997130714073313,0.06318318534500894,0.16630266893571236,0.1044309787812903,0.0
844,76.23876718559568,9.987585339561619,30.098406560000058,38.19569594000001,35.51672519176472,289,1.8586625829726728,-0.3365098237991333,0.7548906803131104,0.35425575546739835,289,0.264469653870748,-0.45758408308029175,0.21856287121772766,-0.0886265117816859,289,0.1588708344750608,388.0,0.13562556606693527,86.8300466060912,8032.46153706762,0.03233616101778442,1.088626511781686,0.35425575546739835,0.5633118478781248,0.7291069220028724,0.6296298775280238,499.9999999999634
845,76.24332803095987,9.987585339561619,29.82496495999999,37.03015112000003,30.517451081176485,289,1.1794847856976176,-0.4414295256137848,0.3415133059024811,-0.32993733759157384,289,0.11401489527306252,-0.3619999885559082,0.1689455360174179,-0.22478910135975347,289,0.09364779801324866,11.0,0.0022031879335393323,49.75297504845223,102.45523879301399,0.00041245253194650475,1.2247891013597534,0.0,0.009150795842225777,0.009299866977852279,0.009210424296476376,707.1202808580036
846,76.24788887632407,9.987585339561619,31.80399854000001,42.90572750000001,39.86733243411767,289,2.4338865161373464,-0.2746373116970062,0.6899354457855225,0.20155478348781494,289,0.19407358093340782,-0.2732199728488922,0.3703273832798004,0.02928266228276553,289,0.113884784693706,58.0,0.06823944272644894,292.2588518809542,2345.739485125077,0.009443208578932117,0.9707173377172345,0.20155478348781494,0.2834280268473725,0.21292288645611349,0.2552259706908689,499.9999999999634
847,76.25244972168827,9.987585339561619,31.927047259999995,43.767068540000025,39.522691940000016,289,2.7809636122488675,0.054572828114032745,0.719454824924469,0.34290321640489835,289,0.18118367491840492,-0.34343069791793823,0.2375510185956955,-0.03977225148554079,289,0.1203763965376904,89.0,0.06370518485845524,177.80540943415053,3299.2998351326696,0.01328194230653575,1.0397722514855408,0.34290321640489835,0.26459528570242574,0.29947760552070407,0.27854821362973703,707.1202808580036
848,76.25701056705246,9.987585339561619,29.842055060000007,40.64641628000004,35.64477675764708,289,2.973157700443963,-0.28978225588798523,0.7073101997375488,0.2721061838539414,289,0.29472361152279786,-0.4255703389644623,0.16573704779148102,-0.11558926064250379,289,0.15177237100017832,12.0,0.0050092512014168235,103.69355426050947,3586.1689543060047,0.01443678705565924,1.1155892606425037,0.2721061838539414,0.020805594642555814,0.32551672933510856,0.14269004851957692,499.9999999999634
849,76.26157141241666,9.987585339561619,29.589121579999983,35.37924745999999,30.29153725625002,272,0.7685464321724804,-0.3242603540420532,0.18348143994808197,-0.2496944315293256,272,0.0687924686671104,-0.4030131697654724,0.09741203486919403,-0.30460228639490466,272,0.10217595706453449,0.0,0.0,0.0,445.9070849800512,0.0017950815241811512,1.3046022863949047,0.0,0.0,0.04047500765845764,0.016190003063383057,707.1202808580036
850,76.26613225778085,9.987585339561619,29.954849720000027,41.04632462000001,34.953603440000016,289,2.6572247666524413,-0.24236038327217102,0.7238942980766296,0.23497225751513842,289,0.27358077455939983,-0.38410595059394836,0.2720334827899933,-0.08685795081115512,289,0.1541228558576266,3.0,0.06922973696754958,5732.3357907505015,2323.376740755736,0.009353183211317279,1.086857950811155,0.23497225751513842,0.28754114869507896,0.21089301906870989,0.25688189684453133,1000.0381824725265
851,76.27069310314505,9.987585339561619,29.989029920000007,40.57463786000005,33.701295316470606,289,3.738901785035138,-0.2208067923784256,0.7551020383834839,0.01435747443598447,289,0.24223855553832752,-0.42620232701301575,0.22228951752185822,-0.19819913025958316,289,0.19622343186754934,13.0,0.07523471618872898,1437.5902895304137,1215.639045130802,0.00489378003510562,1.1981991302595831,0.01435747443598447,0.3124824340268051,0.11034361488961446,0.23162690637192884,500.01909123626325
852,76.27525394850925,9.987585339561619,33.22589486000004,39.28604432000003,37.270476955294136,289,1.528593290933969,0.04637792333960533,0.8208333253860474,0.43582583628723776,289,0.26156257230892616,-0.519961953163147,0.29571205377578735,-0.06144871431238511,289,0.2040527165853253,36.0,0.10472732190612498,722.6328380549893,4050.520206685549,0.016306118990392214,1.0614487143123852,0.43582583628723776,0.4349780276467279,0.3676659149599956,0.408053182572035,0.0
853,76.27981479387344,9.987585339561619,36.872922200000005,40.65325231999998,38.4320833647059,289,0.7789020980001623,0.014705882407724857,0.6433421969413757,0.19998417098629434,289,0.1323127842156014,-0.24546878039836884,0.38852643966674805,0.11359812066629271,289,0.09893608889052154,66.0,0.12884238545137922,484.92549447409596,6948.8808147805175,0.027974006210077194,0.8864018793337073,0.19998417098629434,0.5351383543558625,0.6307502474613821,0.5733831115980703,500.01909123626325
854,76.28437563923764,9.987585339561619,37.720591160000026,39.92863208000006,38.615461911764726,289,0.5572966315972994,-0.021365294232964516,0.6497189402580261,0.20624816788934094,289,0.13722292016663756,-0.21110381186008453,0.34095633029937744,0.10842788590691907,289,0.0957864075037233,75.0,0.11083981863979507,367.1087525448855,8002.590934330482,0.03221591137633279,0.8915721140930809,0.20624816788934094,0.4603658798787573,0.7263955659484995,0.5667777543066542,1000.0381824725265
855,76.28893648460183,9.987585339561619,37.300174700000014,41.360782459999996,38.9343312447059,289,0.8466238168573836,-0.013218476437032223,0.6524340510368347,0.23369717185472536,289,0.13277001757440884,-0.19996050000190735,0.4001964032649994,0.09422447442183444,289,0.1038236526570685,131.0,0.15457159668914924,293.1018727583335,8426.41779566865,0.03392210487239234,0.9057755255781655,0.23369717185472536,0.6420029370971566,0.7648663506396419,0.6911483025141507,999.9999999999268
856,76.29349732996603,9.987585339561619,37.183962020000024,39.019438760000014,38.01502578941178,289,0.3823044310013848,0.035029999911785126,0.708036482334137,0.2885829305153817,289,0.14930929214810487,-0.27211645245552063,0.23355905711650848,0.04091217938591452,289,0.10315809702288882,111.0,0.08225307328074474,184.0726865398766,9983.824917629225,0.04019173557445808,0.9590878206140855,0.2885829305153817,0.3416327175406137,0.9062322703839105,0.5674725386779325,1118.0425267406388
857,76.29805817533023,9.987585339561619,35.560402520000025,39.42960116000006,37.97575995411766,289,0.5869301767090774,0.050204917788505554,0.708737850189209,0.28961448273444257,289,0.13435679228158603,-0.2670551836490631,0.2799346148967743,0.03805301428666164,289,0.09536941691107934,40.0,0.03254633190544413,202.11672549760584,10621.135270607443,0.04275734638966132,0.9619469857133384,0.28961448273444257,0.13517904403261446,0.9640809619308542,0.46673981119191044,707.1202808580036
858,76.30261902069442,9.987585339561619,34.19661254000005,39.033110840000006,36.92943188705885,289,0.9428961160520537,0.030421216040849686,0.8090794086456299,0.36368420874783736,289,0.19356202800762856,-0.38158872723579407,0.3174073398113251,-0.041536783264582544,289,0.13102019972403026,29.0,0.0675486537050483,578.6006212588807,6821.844644622341,0.027462598588097208,1.0415367832645825,0.36368420874783736,0.28055888018554714,0.61921916815529,0.4160229953734443,499.9999999999634
859,76.30717986605862,9.987585339561619,36.21324434000002,39.897869900000046,38.0098573647059,289,0.7945513538094504,0.04031354933977127,0.7122905254364014,0.3358199703652141,289,0.15600865085997537,-0.31094953417778015,0.3026096522808075,0.021558509153478286,289,0.11192680405539747,62.0,0.061321187676590706,245.68523882228783,7766.875969808265,0.031266997147249,0.9784414908465218,0.3358199703652141,0.254693510566685,0.7049997072245311,0.43481598922982345,707.1202808580036
860,76.31174071142281,9.987585339561619,35.03060942000002,39.86368970000001,37.91684937411767,289,1.1856324653182904,0.009539303369820118,0.7633135914802551,0.36022149320292224,289,0.18674975800415936,-0.3502265512943268,0.25260913372039795,0.005725509980145623,289,0.133736042399835,65.0,0.05269788380921712,201.39097980483095,8862.31572237222,0.03567689267687284,0.9942744900198544,0.36022149320292224,0.21887718642358484,0.8044328265175078,0.453099442461154,999.9999999999268
861,76.31630155678701,9.987585339561619,35.93296670000001,41.01898046000002,38.67065879529414,289,1.037175439892246,0.055670104920864105,0.7328264713287354,0.31722431116863103,289,0.163012371700025,-0.3130851686000824,0.28227677941322327,0.037587426525498756,289,0.11706497557487065,82.0,0.07210396066601968,218.42656932013216,8871.408435695157,0.03571349707774575,0.9624125734745013,0.31722431116863103,0.29947904735056713,0.8052581725453659,0.5017906974284867,1118.0425267406388
862,76.3208624021512,9.987585339561619,37.13610974000005,39.66202652000004,38.27699957750002,272,0.45717664623152043,0.07005559653043747,0.6914181113243103,0.3355264102711397,272,0.15043673875089422,-0.26203450560569763,0.25709056854248047,0.02916375854436089,272,0.10455359114392372,4.0,0.013816053561711108,857.9939248777466,7048.466231277651,0.02837490574106331,0.9708362414556391,0.3355264102711397,0.05738406767931656,0.6397896205307122,0.29034628881987484,707.1202808580036
863,76.3254232475154,9.987585339561619,33.21222278000005,39.93888614000002,37.41932049058825,289,1.649171154226874,0.049239031970500946,0.765813410282135,0.34696012714742375,289,0.17684017864267834,-0.33521127700805664,0.3063987195491791,-0.013780072486111862,289,0.14138735025744528,18.0,0.013991631793099545,193.0883442380209,6628.5463846401735,0.0266844406560117,1.013780072486112,0.34696012714742375,0.05811332028882663,0.6016734757528138,0.2755373824744215,499.9999999999634
864,76.3299840928796,9.987585339561619,31.66044169999998,39.39883898000005,36.430176252941195,289,2.22310573584086,0.08368554711341858,0.7403298616409302,0.46715770048253674,289,0.1798610141730764,-0.3182656764984131,0.17691724002361298,-0.08383473722992471,289,0.13702048371821435,0.0,0.0,0.0,5354.706533275374,0.021556362500328403,1.0838347372299246,0.46715770048253674,0.0,0.48604697086795556,0.19441878834718224,0.0
865,76.3345449382438,9.987585339561619,32.42949620000002,39.28946234,34.66007949411767,289,1.4403769394272876,0.11290322244167328,0.7711396813392639,0.577553402593804,289,0.14388996163547915,-0.4030407965183258,0.07853647321462631,-0.1823062830730293,289,0.09412085471551154,1.0,0.0002868502464304965,71.25501292760457,1148.8935395149115,0.004625083645231988,1.1823062830730293,0.577553402593804,0.0011914135886541546,0.10428512211843173,0.04242889700056519,0.0
866,76.33910578360799,9.987585339561619,32.11162034000006,37.54969016000001,33.98214065529414,289,1.2386726929339855,0.06831629574298859,0.7809064984321594,0.5806909052970912,289,0.1934803508215491,-0.37377551198005676,0.15087293088436127,-0.20301488856543307,289,0.10675811645617905,7.0,0.0025789156131881983,91.516475753765,1523.8498761108187,0.00613453979623276,1.203014888565433,0.5806909052970912,0.010711355990726881,0.13831992691635397,0.06175478436097772,0.0
867,76.34366662897219,9.987585339561619,31.069124240000008,38.13758960000001,34.01545748000002,289,1.7715286497002087,0.05339265987277031,0.8160966038703918,0.6218381043536441,289,0.18200884570303166,-0.4749966859817505,0.06222359463572502,-0.23683752568122837,289,0.1154549472858669,27.0,0.009967485052174893,91.70267930630072,1737.7895492374178,0.006995793558406315,1.2368375256812283,0.6218381043536441,0.04139929208234348,0.1577392413877408,0.08793527180450242,0.0
868,76.34822747433638,9.987585339561619,31.708293980000008,42.10249280000005,35.811337227058836,289,1.7859244127717933,0.053369272500276566,0.7706432342529297,0.5582966524011949,289,0.1606379902093233,-0.37466666102409363,0.3337222933769226,-0.1197835004865917,289,0.11270667740882682,5.0,0.0073163630418198455,363.4841173157147,4323.3435130287935,0.017404419719578165,1.1197835004865917,0.5582966524011949,0.030388031581012716,0.3924300996648486,0.17520485881454706,0.0
869,76.35278831970058,9.987585339561619,30.7375763,42.52632728000003,38.13906798235296,289,2.7427848593670228,0.06693660467863083,0.8222590088844299,0.48775796329273896,289,0.21350579300175163,-0.45946893095970154,0.3551667034626007,-0.08522458059977495,289,0.15385556268629852,34.0,0.026657440285530628,194.75998116859296,3059.950173722922,0.012318395932216817,1.085224580599775,0.48775796329273896,0.11071992089995746,0.2777518251845558,0.1775326826137968,0.0
870,76.35734916506478,9.987585339561619,30.658961840000018,41.7436007,35.52020234705884,289,2.879288338452017,-0.00215544574894011,0.8157894611358643,0.5159010837647329,289,0.2300560981130883,-0.4515393376350403,0.2204628437757492,-0.12810947985797605,289,0.1861466635041043,21.0,0.04079051720240224,482.5031057559151,0.0,0.0,1.128109479857976,0.5159010837647329,0.16942072418595047,0.0,0.10165243451157029,0.0
871,76.36191001042897,9.987585339561619,30.696560060000024,36.24742454,32.23054141647061,289,0.7447061973283503,-0.08693081140518188,0.8332869410514832,0.5440690723669983,289,0.28697332599389985,-0.44208672642707825,0.1191028580069542,-0.2823321596561419,289,0.08658373318842558,0.0,0.0,0.0,0.0,0.0,1.282332159656142,0.5440690723669983,0.0,0.0,0.0,0.0
872,76.36647085579317,9.987585339561619,32.25859520000006,44.33445986000004,36.62383251411767,289,3.2217037396156343,0.061058346182107925,0.7912273406982422,0.49537906844723184,289,0.2265353024115708,-0.38068556785583496,0.18198925256729126,-0.10756957902215344,289,0.13881537309643313,0.0,0.0,0.0,0.0,0.0,1.1075695790221534,0.49537906844723184,0.0,0.0,0.0,0.0
873,76.37103170115736,9.987585339561619,36.99255290000002,42.23579558000006,40.144440422352965,289,0.9109629990976045,0.06919801235198975,0.6925926208496094,0.23115169960734752,289,0.15892855061897687,-0.21113689243793488,0.24261488020420074,0.032556071825918444,289,0.09998502329668849,0.0,0.0,0.0,299.5211458399985,0.0012057778248197228,0.9674439281740815,0.23115169960734752,0.0,0.02718754888652713,0.010875019554610852,499.9999999999634
874,76.37559254652156,9.987585339561619,34.73665970000002,41.736764660000006,39.083600554117666,289,1.5122313915941723,0.023866988718509674,0.7541784644126892,0.2952056937564203,289,0.2048887902028137,-0.2933390140533447,0.28904470801353455,0.07202468528879555,289,0.1212212624226184,0.0,0.0,0.0,1540.651318035607,0.006202177111258016,0.9279753147112044,0.2952056937564203,0.0,0.13984499461203626,0.055937997844814506,500.01909123626325
875,76.38015339188576,9.987585339561619,30.693142039999998,38.93398825999998,34.02797346500002,272,2.1789294702287494,-0.08422071486711502,0.8281210064888,0.493433671839097,272,0.31158096884014974,-0.32896462082862854,0.24371236562728882,-0.14844646173364975,272,0.15641960655328693,0.0,0.0,0.0,944.2080511779592,0.003801084317214813,1.1484464617336498,0.493433671839097,0.0,0.08570581044774159,0.034282324179096636,0.0
876,76.38471423724995,9.987585339561619,30.55300322000005,39.47745343999998,32.32796090000002,289,1.8557603610047402,-0.1428571492433548,0.8433001041412354,0.40428760884954856,289,0.3496031748313192,-0.34779661893844604,0.13965564966201782,-0.21180756776803092,289,0.09514297568250377,2.0,0.003074755011679809,381.892138551025,826.7754096253848,0.0033283374775985625,1.211807567768031,0.40428760884954856,0.012770792245372543,0.07504644389740744,0.0376810529061865,0.0
877,76.38927508261415,9.987585339561619,30.25905350000005,35.63218094000001,32.459962703529435,289,1.2423151801943069,-0.07612456381320953,0.7966993451118469,0.5244667554809148,289,0.2995154182079117,-0.3447939157485962,0.11175737529993057,-0.22025887776411116,289,0.08605716141226133,0.0,0.0,0.0,2435.9332157283825,0.009806300139610525,1.2202588777641112,0.5244667554809148,0.0,0.2211097757428737,0.08844391029714949,0.0
878,76.39383592797834,9.987585339561619,31.202427020000016,37.823131760000024,33.47056122588237,289,1.3397900748226634,0.007537688594311476,0.8347294330596924,0.5561246772950909,289,0.24078245830422715,-0.41761937737464905,0.1799340546131134,-0.19668777096230267,289,0.10573444462419455,0.0,0.0,0.0,2181.1339440189963,0.008780558498746498,1.1966877709623027,0.5561246772950909,0.0,0.19798163353300452,0.07919265341320181,0.0
879,76.39839677334254,9.987585339561619,0.0,41.43256087999998,32.228823416470604,289,11.859641235474928,0.0,0.8176484107971191,0.4578833662514868,289,0.24300432535475014,-0.3429003059864044,0.23876240849494934,-0.06762783090136043,289,0.12832103940786443,14.0,0.022056577267925755,391.3544530942872,4074.82814817654,0.016403975109146877,1.0676278309013605,0.4578833662514868,0.09161053965688094,0.36987234798416074,0.2029152629877929,0.0
880,76.20228042268211,9.992076895436574,29.384040379999988,29.599375640000005,29.482482026328142,256,0.04351207499541586,-0.2665862441062927,-0.183625727891922,-0.2288985252380371,256,0.012764085034587267,-0.39915966987609863,-0.29487180709838867,-0.35328409075737,256,0.01707741464520892,0.0,0.0,0.0,0.0,0.0,1.35328409075737,0.0,0.0,0.0,0.0,2500.038998065225
881,76.2068412680463,9.992076895436574,29.42847463999999,29.73951446000001,29.56499438000002,272,0.0629034292929317,-0.3020457327365875,-0.19503946602344513,-0.24189606834860408,272,0.020360155511214128,-0.4126984179019928,-0.2914046049118042,-0.3543443960302016,272,0.024638944468900456,0.0,0.0,0.0,0.0,0.0,1.3543443960302017,0.0,0.0,0.0,0.0,2000.0487473677492
882,76.2114021134105,9.992076895436574,29.551523360000033,30.040300220000006,29.796803993750018,272,0.10350813259861423,-0.36287423968315125,-0.1928251087665558,-0.27611306134392233,272,0.04276471847848479,-0.40234375,-0.26503339409828186,-0.3399059632245232,272,0.0289454323164269,0.0,0.0,0.0,0.0,0.0,1.3399059632245232,0.0,0.0,0.0,0.0,1500.0365605258119
883,76.2159629587747,9.992076895436574,29.951431700000057,30.665797880000014,30.193872361250016,272,0.1585910571112745,-0.3791666626930237,-0.25757575035095215,-0.33780566383810606,272,0.020756609391685114,-0.4168297350406647,-0.27789047360420227,-0.336545607622932,272,0.02745096621608706,0.0,0.0,0.0,0.0,0.0,1.336545607622932,0.0,0.0,0.0,0.0,1000.0243736838746
884,76.22052380413889,9.992076895436574,30.484642819999976,45.57861914,37.32814717250002,272,4.421740355012801,-0.3246753215789795,0.659337043762207,0.1718303456025965,272,0.29233608196235666,-0.43074581027030945,0.2550548017024994,-0.08939950606402229,272,0.2003195278192839,4.0,0.06079469980112185,3775.425656910144,116.33700910147354,0.0004683361683429909,1.0893995060640222,0.1718303456025965,0.2525067778833396,0.010559915939785653,0.155728033105918,500.0121868419373
885,76.22508464950309,9.992076895436574,33.93342500000006,39.88077980000003,35.657816090000026,272,1.1511190777706883,0.26498422026634216,0.7706422209739685,0.5542808981502757,272,0.10883389922584809,-0.4241441488265991,0.05868544429540634,-0.14094729984507842,272,0.09079746521169833,136.0,0.040510762727274476,73.99318259161453,6740.332368853565,0.027134455831107743,1.1409472998450785,0.5542808981502757,0.168258782415631,0.6118202949435151,0.3456833874267846,0.0
886,76.22964549486728,9.992076895436574,32.31328352000003,37.970106620000024,34.58989846625003,272,1.3224741932081057,0.10111141204833984,0.7648919224739075,0.5119457244873047,272,0.1656641422561008,-0.475539892911911,0.15923309326171875,-0.16979590584250057,272,0.142792394022633,76.0,0.02083044999749401,68.0840301979153,2466.1080808783868,0.009927774645735167,1.1697959058425005,0.5119457244873047,0.08651790086855846,0.22384874971117025,0.14145024040560317,0.0
887,76.23420634023148,9.992076895436574,35.09213378000004,39.65519047999999,36.97506068000001,272,0.9215443055180509,0.05949597433209419,0.7104247212409973,0.4350295347325942,272,0.16089784469589086,-0.3885863125324249,0.17228104174137115,-0.06322403515086454,272,0.12935400274542416,173.0,0.07009786564964304,100.65118386890558,5475.710954140043,0.02204348819883155,1.0632240351508646,0.4350295347325942,0.2911468639469122,0.4970305479991058,0.37350033756778966,0.0
888,76.23876718559568,9.992076895436574,29.72242435999999,38.22645812000002,34.36492489250002,272,3.0042227292021924,-0.39401495456695557,0.7034556865692139,0.15025985942167394,272,0.34080307612351235,-0.41957807540893555,0.25169479846954346,-0.12195710574879366,272,0.16750228787550986,289.0,0.10126258739284594,87.03849503606342,5676.675732350782,0.022852509119397093,1.1219571057487936,0.15025985942167394,0.4205874812498996,0.5152721306317831,0.458461341002653,500.0121868419373
889,76.24332803095987,9.992076895436574,29.725842380000017,35.854352240000026,30.64218589625002,272,1.4498801017868264,-0.4392405152320862,0.6159509420394897,-0.24764175976023955,272,0.22018633871705473,-0.3816216289997101,0.19405260682106018,-0.25630633971270395,272,0.13435918457370347,23.0,0.013913650653712174,150.27040423833046,619.1197919085139,0.0024923813438837202,1.256306339712704,0.0,0.057789430767095445,0.05619753343932823,0.05715267183598856,500.0121868419373
890,76.24788887632407,9.992076895436574,31.62284348000003,40.311450320000006,35.14554034250003,272,2.204376819121558,-0.03670546039938927,0.7594383955001831,0.40853012309354897,272,0.19821503960012016,-0.5850907564163208,0.21920521557331085,-0.10872835972729851,272,0.15900767284122957,178.0,0.07811826705060351,109.01664038869318,4468.245811617046,0.017987750749222577,1.1087283597272986,0.40853012309354897,0.32445907244062333,0.40558288831217404,0.35690859878924364,0.0
891,76.25244972168827,9.992076895436574,29.98561189999998,38.086319300000014,32.05195578500002,272,1.902245947314628,-0.10146390646696091,0.7761889696121216,0.393985019010656,272,0.21591381708002746,-0.6106082797050476,0.178109273314476,-0.31119702844058766,272,0.1595738347274523,14.0,0.00697211586010089,123.70770660358173,312.74430556217936,0.0012590101023684079,1.3111970284405876,0.393985019010656,0.028958223605389324,0.028387815733707238,0.028730060456716493,499.9999999999634
892,76.25701056705246,9.992076895436574,29.736096439999983,36.37389128000001,31.255821016250017,272,1.3950812588553247,-0.33933934569358826,0.7405736446380615,0.034185143078074735,272,0.3229834297949121,-0.5453504920005798,0.126503124833107,-0.2547128060284783,272,0.1519070545245111,4.0,0.000740386367669058,45.9789043727244,1899.494420013242,0.007646766453158075,1.2547128060284782,0.034185143078074735,0.0030751459699684797,0.1724172003247561,0.07081196771188353,707.1153986376055
893,76.26157141241666,9.992076895436574,29.725842380000017,36.42174355999998,30.927343168203144,256,1.6081584023121456,-0.35936546325683594,0.5110300183296204,-0.2113247811794281,256,0.1712921008536635,-0.39696311950683594,0.10647902637720108,-0.264970064163208,256,0.10670018772128495,0.0,0.0,0.0,1264.2469093809132,0.005089459991725245,1.264970064163208,0.0,0.0,0.1147557530772652,0.04590230123090608,1118.0394389243654
894,76.26613225778085,9.992076895436574,29.941177639999978,40.98480026000004,34.52573519375001,272,3.1097859842370776,-0.2842639684677124,0.7507585883140564,0.11866913122289321,272,0.30362385017763016,-0.38805970549583435,0.1680741012096405,-0.12233877182006836,272,0.1475980200452056,3.0,0.004302549601300268,356.2581652241948,4219.706901430856,0.016987211352690434,1.1223387718200684,0.11866913122289321,0.017870356134031443,0.3830229994203867,0.16393141344857357,1000.0243736838746
895,76.27069310314505,9.992076895436574,30.28981568000006,41.99995220000005,37.25546398250002,272,3.2877612240113625,-0.2857142984867096,0.762651264667511,0.23269051664015827,272,0.2583679929820147,-0.4559691548347473,0.2188168168067932,-0.04224939907298369,272,0.14875380054469056,8.0,0.061258351302346324,1902.1094927968168,1726.079601602181,0.006948652996264131,1.0422493990729838,0.23269051664015827,0.2544325238285939,0.15667632887484015,0.21533004584709237,500.0121868419373
896,76.27525394850925,9.992076895436574,32.091112220000014,41.606879900000024,35.99926623500002,272,2.623489041118538,0.018570978194475174,0.8234476447105408,0.6217319264131433,272,0.2310246462317899,-0.3777095079421997,0.27048832178115845,-0.16218429453232708,272,0.18733842059511188,10.0,0.02734922931617203,679.368315953685,1706.1373236644772,0.006868371664386082,1.162184294532327,0.6217319264131433,0.11359322103424112,0.15486616734243983,0.13010239955752062,0.0
897,76.27981479387344,9.992076895436574,35.80308194000003,39.56290394000001,38.24347282250002,272,0.8382480092490104,0.022514071315526962,0.5953512787818909,0.23928437513463638,272,0.12202183560749995,-0.1542360633611679,0.33484503626823425,0.09989636785843793,272,0.0877779793662943,21.0,0.027511553710257035,325.42882561410454,9505.797001396313,0.038267345697336246,0.9001036321415621,0.23928437513463638,0.11426742470423792,0.8628416533199335,0.41369711615051613,500.0121868419373
898,76.28437563923764,9.992076895436574,35.98081897999998,39.935468119999996,38.018913935000015,272,0.7704610460679729,0.025666017085313797,0.759640097618103,0.2885291155646829,272,0.17586040348475204,-0.3423762023448944,0.31659504771232605,0.06339798955356374,272,0.12298867098201305,50.0,0.07334566955111242,364.3885056458992,8278.583229225635,0.03332696945562931,0.9366020104464363,0.2885291155646829,0.3046364033482045,0.7514473998973958,0.483360801967881,1000.0243736838746
899,76.28893648460183,9.992076895436574,36.937864579999996,39.69620672000002,38.477041711250024,272,0.5577831777405494,0.012590614147484303,0.6806550621986389,0.19875335693359375,272,0.12891566249443934,-0.2515243887901306,0.35182300209999084,0.10530856076408834,272,0.09231092749823963,55.0,0.09602645833717427,433.6989970679118,11441.425753373253,0.0460595775935912,0.8946914392359117,0.19875335693359375,0.39883956439605917,1.0,0.6393037386376355,1499.9999999998902
900,76.29349732996603,9.992076895436574,36.52086614000001,39.82950950000003,38.15064593375002,272,0.6810694064000177,0.03563165292143822,0.6737235188484192,0.25629037969252644,272,0.1425828103498507,-0.25005704164505005,0.27659574151039124,0.05674450537737678,272,0.09559721260681422,111.0,0.11784534412680214,263.72399503660625,9309.648689943606,0.03747771435540806,0.9432554946226233,0.25629037969252644,0.48946286816705425,0.8450372616077072,0.6316926255433155,1414.230797275211
901,76.29805817533023,9.992076895436574,36.92761052000003,39.5389778,38.25640349375002,272,0.559518811710683,0.009100642055273056,0.748793363571167,0.294650863198673,272,0.14337794360290787,-0.3114258646965027,0.28591352701187134,0.04258566744187299,272,0.10059717503561937,117.0,0.08243232163949762,175.01362718290002,11650.710857118165,0.04690209352498897,0.957414332558127,0.294650863198673,0.3423772137821879,1.0,0.6054263282693128,1118.0394389243654
902,76.30261902069442,9.992076895436574,36.21324434000002,40.03800871999999,37.591611170000014,272,0.7673277722554946,0.08039867132902145,0.7448537349700928,0.3997644536635455,272,0.1744411063081725,-0.31900081038475037,0.2627395987510681,-0.040090494296130014,272,0.1277496252280318,45.0,0.05014754081854271,276.81990971307397,7467.785084450588,0.030062951415657704,1.04009049429613,0.3997644536635455,0.20828450493688933,0.6778512131027827,0.3961111882032467,999.9999999999268
903,76.30717986605862,9.992076895436574,37.65564877999998,41.48383118000004,38.96206126250002,272,0.6938889373857579,0.05528382956981659,0.6346320509910583,0.3112909092622645,272,0.13353079670547774,-0.21732404828071594,0.26279217004776,0.03626389363232781,272,0.09870162270824907,31.0,0.032126149502494074,257.42882719715794,10437.281692881264,0.04201720977455095,0.9637361063676722,0.3112909092622645,0.13343384412144985,0.9473925637933032,0.45901733199019124,1118.0394389243654
904,76.31174071142281,9.992076895436574,36.168810080000014,40.51653152000006,38.107480865000014,272,0.866725207681893,0.061516452580690384,0.7454894781112671,0.32699352152207317,272,0.15789913179868487,-0.2742767333984375,0.2451234757900238,0.02149647649596719,272,0.11579671737914564,31.0,0.03502138289593868,280.62851183034536,8998.895909333965,0.03622672150543969,0.9785035235040328,0.32699352152207317,0.14545900516000232,0.8168302166902107,0.41400748977208573,1414.230797275211
905,76.31630155678701,9.992076895436574,36.00816314000002,40.458425180000006,38.924463042500015,272,0.9680410428948575,0.04523809626698494,0.7113152742385864,0.2952822516946232,272,0.1402871887360953,-0.25447314977645874,0.2649115025997162,0.035884576685288376,272,0.10204221818068933,31.0,0.043354941766170364,347.4058355857386,9123.786567112886,0.03672949197012472,0.9641154233147117,0.2952822516946232,0.18007189255819778,0.8281665477339252,0.43930975462848876,1414.230797275211
906,76.3208624021512,9.992076895436574,36.68151308000006,39.55264987999999,38.35268453046877,256,0.6744475646414531,0.05382153019309044,0.657455325126648,0.3051490783691406,256,0.1418151554525439,-0.20971140265464783,0.24282941222190857,0.03798360750079155,256,0.10141018375378276,83.0,0.06114959625700136,183.01036932385753,8684.390641078844,0.0349606223217327,0.9620163924992085,0.3051490783691406,0.2539808169171617,0.7882825582877415,0.4677015134653937,1000.0243736838746
907,76.3254232475154,9.992076895436574,35.95689284000002,40.229417839999996,37.98595266125002,272,0.8191031044008412,0.07683029770851135,0.7324011325836182,0.3893517325906193,272,0.14948126664018008,-0.35100582242012024,0.22627416253089905,-0.009140244301627664,272,0.10329370298619547,9.0,0.0066403889254284185,183.27836547840207,8046.343393382589,0.032392045000416037,1.0091402443016277,0.3893517325906193,0.0275804176505071,0.7303669787716208,0.3086950420989526,500.0121868419373
908,76.3299840928796,9.992076895436574,31.646769619999986,38.46571951999999,34.65697710875002,272,1.5233998577858228,0.03764758259057999,0.8002509474754333,0.5582845912260168,272,0.1851552909165278,-0.38342440128326416,0.1537064015865326,-0.1876973544850069,272,0.11365510482962303,0.0,0.0,0.0,1119.5922620616373,0.004507125928113339,1.187697354485007,0.5582845912260168,0.0,0.10162544374759595,0.04065017749903838,0.0
909,76.3345449382438,9.992076895436574,31.93046528000002,39.76114910000001,34.43240565500002,272,1.6392113112472075,0.17886178195476532,0.7832603454589844,0.5931293263154871,272,0.14312857409110696,-0.37823212146759033,0.20439212024211884,-0.1607060011695413,272,0.13244737112526636,0.0,0.0,0.0,283.07297261867564,0.0011395626583631307,1.1607060011695414,0.5931293263154871,0.0,0.025694547408135135,0.010277818963254054,0.0
910,76.33910578360799,9.992076895436574,33.67365547999998,39.37149482000001,35.614563057500014,272,1.0213133724092933,0.1885441541671753,0.7989979386329651,0.5503790238324333,272,0.13514268692548276,-0.4458744525909424,0.20265397429466248,-0.11887060894685633,272,0.11862654168069633,65.0,0.03217058418401068,122.94356056435272,3594.2017329009714,0.014469124493052297,1.1188706089468563,0.5503790238324333,0.1336184006418823,0.32624586503647224,0.21066938639971827,0.0
911,76.34366662897219,9.992076895436574,32.57305303999999,39.08096311999998,36.90014069750002,272,1.252557565986706,0.12549293041229248,0.7999589443206787,0.48337341757381663,272,0.15732597393688916,-0.33699464797973633,0.3094044625759125,-0.06756124075721293,272,0.11332313779042676,88.0,0.05272512662957082,148.83160156776805,4545.455424328682,0.018298572339496347,1.0675612407572128,0.48337341757381663,0.2189903376820082,0.4125912085902648,0.29643068604531086,0.0
912,76.34822747433638,9.992076895436574,31.414344260000007,38.42128525999999,35.36127772250002,272,1.884070670258739,0.02320561185479164,0.7904328107833862,0.5000879624310661,272,0.20619259123417416,-0.3951667845249176,0.16309227049350739,-0.13304407456341913,272,0.1283399035772239,17.0,0.02009092342085146,293.5696619925326,3151.176718605232,0.012685645277986785,1.1330440745634192,0.5000879624310661,0.08344632598393899,0.2860324630733468,0.1644807808197021,0.0
913,76.35278831970058,9.992076895436574,30.696560060000024,39.45010927999999,33.98803792250002,272,2.4905040747940825,-0.1195652186870575,0.8081490397453308,0.33855225058162913,272,0.28655488993741846,-0.5241716504096985,0.18601872026920319,-0.20348955603206859,272,0.1650484739342064,24.0,0.011612006659976382,120.18665008545507,2024.9006486521125,0.00815161244379073,1.2034895560320686,0.33855225058162913,0.04822970416931657,0.18380032976035066,0.1024579544057302,499.9999999999634
914,76.35734916506478,9.992076895436574,30.518823020000013,41.57953573999998,35.07562172750002,272,3.7678504945369307,-0.0945865586400032,0.8153722882270813,0.3029574225930607,272,0.24427973101758133,-0.5111111402511597,0.4278164803981781,-0.15663793507744284,272,0.21525696456613047,13.0,0.06881992596350514,1315.0160232299588,741.5960590210354,0.002985432231949782,1.156637935077443,0.3029574225930607,0.2858390257055599,0.06731471012554391,0.1984292994735535,499.9999999999634
915,76.36191001042897,9.992076895436574,30.81619076000004,45.46582448000004,37.410091688750015,272,3.9869072216155086,-0.09307876229286194,0.8246859312057495,0.4401523365693934,272,0.2539267529687394,-0.44002166390419006,0.3103448152542114,-0.08281155894784366,272,0.2121315343330103,1.0,0.004815591945409179,1196.2167388527612,0.0,0.0,1.0828115589478438,0.4401523365693934,0.02000124368923681,0.0,0.012000746213542085,0.0
916,76.36647085579317,9.992076895436574,32.95928930000002,45.37011991999998,39.551430953750014,272,3.647140248470429,0.06639605760574341,0.8259477019309998,0.45011598923627066,272,0.21880793023031542,-0.4135128855705261,0.3049062490463257,-0.024906438939711627,272,0.2027226032212002,13.0,0.03986930877729059,761.8255780316108,549.5169938107613,0.0022121823941357558,1.0249064389397116,0.45011598923627066,0.1655945457206423,0.04987968409144749,0.11930860106896438,0.0
917,76.37103170115736,9.992076895436574,34.71273356000006,41.50092128000006,37.73748020000002,272,1.731671432691294,0.05639565736055374,0.7775335311889648,0.43212486715877757,272,0.20806265781784195,-0.34827321767807007,0.38984736800193787,0.012812125332215252,272,0.1284783003694269,1.0,0.0018034830849547872,447.9940740239408,0.0,0.0,0.9871878746677848,0.43212486715877757,0.007490648103186046,0.0,0.004494388861911627,0.0
918,76.37559254652156,9.992076895436574,34.37093156000003,41.10101294000003,38.612417922500015,272,1.5866999468873635,0.06863889843225479,0.7372262477874756,0.3463598139145795,272,0.1673474658799213,-0.19565217196941376,0.2527272701263428,0.10295452089870677,272,0.10709540740142535,0.0,0.0,0.0,0.0,0.0,0.8970454791012932,0.3463598139145795,0.0,0.0,0.0,499.9999999999634
919,76.38015339188576,9.992076895436574,32.03300588000002,40.41740894000003,34.46004040953127,256,2.2416695106755435,0.11154165863990784,0.8255655765533447,0.6346871256828308,256,0.19968564694991628,-0.33648809790611267,0.2567954361438751,-0.13536027073860168,256,0.15675850345856956,0.0,0.0,0.0,339.4448344999244,0.0013664980248448014,1.1353602707386017,0.6346871256828308,0.0,0.03081142403607016,0.012324569614428064,0.0
920,76.38471423724995,9.992076895436574,32.95245326000003,40.23967190000002,36.647596771250015,272,1.9173149079151381,-0.03621169924736023,0.807740330696106,0.4775857925415039,272,0.25644172632332607,-0.3113335072994232,0.22633503377437592,-0.05298731256933773,272,0.156956584385754,5.0,0.01822978687166058,905.6737551190411,2606.3378166973807,0.010492295408890883,1.0529873125693376,0.4775857925415039,0.07571621801771074,0.2365774096100619,0.1400606946546512,0.0
921,76.38927508261415,9.992076895436574,30.740994320000027,44.36522204000005,35.64188208500002,272,4.124673256144645,-0.11356467008590698,0.7781503200531006,0.37024669086231904,272,0.3010011881652574,-0.3673064112663269,0.27931034564971924,-0.13133426273570342,272,0.16603310696469897,15.0,0.014952860668566803,247.62427863826352,1919.3873789495353,0.00772684924226521,1.1313342627357035,0.37024669086231904,0.06210572105643737,0.17422288516901438,0.10695258670146818,499.9999999999634
922,76.39383592797834,9.992076895436574,31.414344260000007,39.62101028000001,35.41572728375002,272,1.8383316669982304,0.05822784826159477,0.8186307549476624,0.6195780249202952,272,0.16080688031507095,-0.36918458342552185,0.16004009544849396,-0.1526028689216165,272,0.1182403963028096,5.0,0.0038747608445829154,192.50193263405782,1414.2417769755614,0.0056932921007243585,1.1526028689216166,0.6195780249202952,0.016093563733924465,0.1283707944594723,0.0610044560241436,0.0
923,76.39839677334254,9.992076895436574,0.0,44.25242738000003,32.98881173669119,272,12.17535394034922,0.0,0.8131604194641113,0.4487743377685547,272,0.2496627661103199,-0.31837454438209534,0.20197708904743195,-0.06452672621783088,272,0.12359367778277523,1.0,0.0016658378283150267,413.8023148627158,2214.7193749928956,0.008915762869014814,1.0645267262178308,0.4487743377685547,0.00691894760365681,0.20103018472600023,0.08456344245259419,0.0
924,76.20228042268211,9.996568451311528,29.240483540000014,29.595957620000036,29.396493533750018,272,0.07507250549724956,-0.2685851454734802,-0.1935853362083435,-0.23615626727833466,272,0.014637519936781411,-0.38749998807907104,-0.3052631616592407,-0.34900906506706686,272,0.01560075479402649,0.0,0.0,0.0,0.0,0.0,1.349009065067067,0.0,0.0,0.0,0.0,2236.0868655853665
925,76.2068412680463,9.996568451311528,29.401130480000006,29.746350500000005,29.556963807058843,289,0.08922394475040483,-0.2697674334049225,-0.1940976232290268,-0.22634254112375649,289,0.014019199266999375,-0.40862423181533813,-0.3174603283405304,-0.35543094621810123,289,0.01651523674378475,0.0,0.0,0.0,0.0,0.0,1.3554309462181013,0.0,0.0,0.0,0.0,1802.7888158695525
926,76.2114021134105,9.996568451311528,29.650645940000004,30.14625884000003,29.869872302352963,289,0.1092469207106155,-0.3585798740386963,-0.20591580867767334,-0.28083299683039575,289,0.03109668670448443,-0.4011741578578949,-0.26635512709617615,-0.332778587473305,289,0.022044027483699668,0.0,0.0,0.0,0.0,0.0,1.332778587473305,0.0,0.0,0.0,0.0,1414.2210285562642
927,76.2159629587747,9.996568451311528,29.86939921999999,36.67809506000003,30.364160571764724,289,0.5989595306490128,-0.36831483244895935,-0.030349014326930046,-0.3123006853677822,289,0.03894575064926844,-0.4179236888885498,0.08779443055391312,-0.34694864345669335,289,0.040685649058003044,0.0,0.0,0.0,0.0,0.0,1.3469486434566933,0.0,0.0,0.0,0.0,1000.0105587496984
928,76.22052380413889,9.996568451311528,30.624781640000037,44.27635352000004,35.934350465882375,289,2.7643590138848926,-0.270018607378006,0.7273657321929932,0.29961561579192797,289,0.2717165126074596,-0.43574467301368713,0.22096246480941772,-0.11426578508528872,289,0.14897461320132535,19.0,0.01059303700074239,138.4927644161205,2782.8959873960903,0.011203063012367412,1.1142657850852886,0.29961561579192797,0.04399748086274945,0.25260360329907505,0.1274399298372797,500.0052793748492
929,76.22508464950309,9.996568451311528,31.598917340000014,38.41786724000002,34.97045699882355,289,1.429470871373258,0.09364548325538635,0.789328932762146,0.5583784373986267,289,0.14553045170297035,-0.48015978932380676,0.09086595475673676,-0.18796652823583476,289,0.11006454244426771,25.0,0.010551276241277914,104.83955782930136,3481.2737696337686,0.014014512069853342,1.1879665282358347,0.5583784373986267,0.0438240303012888,0.31599538835185415,0.15269257352151494,0.0
930,76.22964549486728,9.996568451311528,31.95439141999998,36.41490752000004,33.14305814000002,289,0.8275666236216277,0.2234794944524765,0.7716515064239502,0.5977675494025735,289,0.14346298048122427,-0.4908842444419861,0.05829228088259697,-0.2977651312276979,289,0.1175530800965813,1.0,0.00011336866285698607,28.161333789954043,225.8986294647726,0.0009093967549499656,1.2977651312276979,0.5977675494025735,0.00047086926762704315,0.020504829516289933,0.008484453367092198,0.0
931,76.23420634023148,9.996568451311528,33.59845904000002,39.54581384000005,36.635517648235314,289,1.2314209157888971,0.08844621479511261,0.7538716793060303,0.4881034243890571,289,0.15484243317748053,-0.4049733579158783,0.22642867267131805,-0.07540618342099305,289,0.1486595437057143,140.0,0.05338605653957722,94.72399414522462,4303.748988201734,0.017325538332228742,1.0754061834209931,0.4881034243890571,0.2217354664930458,0.39065150369911156,0.2893018813754721,0.0
932,76.23876718559568,9.996568451311528,29.756604560000028,38.069229199999995,32.784520851764725,289,2.9911065997466757,-0.37468671798706055,0.7001994848251343,0.020396577445693495,289,0.33193061818498404,-0.45139411091804504,0.1783694326877594,-0.23946047984192528,289,0.16161450697663102,159.0,0.057069219635678986,89.15896238895306,2281.5597501788116,0.009184841173906385,1.2394604798419253,0.020396577445693495,0.23703324160926276,0.20709728881264008,0.2250588604906137,500.0052793748492
933,76.24332803095987,9.996568451311528,29.783948720000012,34.596520880000014,31.09989824705883,289,1.2808195390715125,-0.419518381357193,0.7595459222793579,0.04035155748413508,289,0.4222503863051263,-0.6012874841690063,0.13101814687252045,-0.2675313718591182,289,0.1185466881093955,71.0,0.023710791199523712,82.95601725397165,1935.5855980503964,0.007792058172134297,1.2675313718591181,0.04035155748413508,0.09848120817180012,0.17569319829980942,0.12936600422300382,500.0052793748492
934,76.24788887632407,9.996568451311528,31.137484640000025,34.774257920000025,33.06134499058825,289,0.8360606490418929,-0.032073311507701874,0.7701995372772217,0.5172084293563474,289,0.17475116178191916,-0.6426374912261963,0.048385366797447205,-0.2530374493978428,289,0.13999283714336877,105.0,0.03284517278135972,77.70383394482872,5153.265025919991,0.020745422418331216,1.253037449397843,0.5172084293563474,0.13642025991038229,0.46776211550777413,0.26895700214933904,0.0
935,76.25244972168827,9.996568451311528,29.842055060000007,32.80547840000003,31.160393652941195,289,0.7028146677150204,-0.23364485800266266,0.788936972618103,0.4175364352427552,289,0.2720854269286541,-0.6075614094734192,-0.08986615389585495,-0.3788527122418361,289,0.11367310176743338,7.0,0.004025072972832281,142.83541936835715,1594.3089668985524,0.006418185910735115,1.3788527122418361,0.4175364352427552,0.016717875249651928,0.14471550199309685,0.0679169259470299,0.0
936,76.25701056705246,9.996568451311528,29.56177742,30.713650160000043,29.99891734117649,289,0.27671449423059724,-0.35260117053985596,0.7165828943252563,-0.20316194580500513,289,0.200546506234602,-0.5388941168785095,-0.057863499969244,-0.3257531822758975,289,0.08851499194521116,1.0,0.0005778450901127819,143.5395642099112,819.9325367197403,0.0033007902258526257,1.3257531822758974,0.0,0.0024000414887712642,0.07442531599298269,0.031210151290455835,500.0052793748492
937,76.26157141241666,9.996568451311528,29.681408120000015,36.20640830000002,31.969697112500025,272,2.3559911664675273,-0.3246913552284241,0.6686171889305115,0.026964948457830092,272,0.3332766877999499,-0.390625,0.12483112514019012,-0.23943115683162913,272,0.12844786445546313,15.0,0.005171102421384696,85.6351527137379,2194.6681390037074,0.008835042906328422,1.2394311568316292,0.026964948457830092,0.02147783301504994,0.19921013306599972,0.09257075303542986,1000.0105587496984
938,76.26613225778085,9.996568451311528,30.009538040000052,36.514030100000014,32.261989565882374,289,2.0352157249636864,-0.2888889014720917,0.7642213702201843,0.04807451769554904,289,0.30729859330885045,-0.4335913062095642,0.1520974040031433,-0.19889343156121594,289,0.15093663003314725,2.0,0.0024732233740129466,307.18042895397423,1490.2263141007147,0.005999181922418762,1.1988934315612159,0.04807451769554904,0.010272370242812625,0.13526791456735873,0.06027058797263107,1000.0105587496984
939,76.27069310314505,9.996568451311528,29.872817240000018,37.38562520000005,31.854251712941196,289,2.2206622212759926,-0.35980746150016785,0.7708779573440552,-0.0365468061506542,289,0.34285022993595254,-0.48056086897850037,0.22531644999980927,-0.24348982972669767,289,0.14676303684905706,5.0,0.009894504183916342,491.56870688484844,1013.4320436950334,0.004079758314967087,1.2434898297266976,0.0,0.04109617085711531,0.09198927559475295,0.06145341275217037,500.0052793748492
940,76.27525394850925,9.996568451311528,32.70635582,38.39735912000003,35.26742261882355,289,1.3590155511916155,0.0,0.8085928559303284,0.5235317982604347,289,0.24176892219278487,-0.36466550827026367,0.18568840622901917,-0.11806140886458559,289,0.14978857357685488,7.0,0.03168902482244627,1124.529960186885,263.3302618307526,0.0010600847209936493,1.1180614088645855,0.5235317982604347,0.13161827557923755,0.02390250059556734,0.08853196558576946,0.0
941,76.27981479387344,9.996568451311528,34.709315540000034,39.45352730000002,37.64189391058825,289,1.1130216862489255,0.028819337487220764,0.7935132384300232,0.27495297758637005,289,0.17800749509347613,-0.35452505946159363,0.3651938736438751,0.07275220349585722,289,0.12889623839004494,77.0,0.0682255628192087,220.09825417958228,9869.464271844008,0.0397313556225413,0.9272477965041428,0.27495297758637005,0.2833703775676488,0.8958517490378775,0.5283629261557403,500.0052793748492
942,76.28437563923764,9.996568451311528,36.26793266000004,39.62784632,38.183738783529435,289,0.6244908144750781,0.03867403417825699,0.6973749399185181,0.28437572862037735,289,0.14699897957684924,-0.22960993647575378,0.2784439027309418,0.07766338863174808,289,0.10110536798457648,91.0,0.05828201739575919,159.09384562802614,9442.95728050526,0.03801437276697504,0.922336611368252,0.28437572862037735,0.2420705171550552,0.8571376888170271,0.48809738581984397,1000.0105587496984
943,76.28893648460183,9.996568451311528,36.07994156000001,39.15615955999999,37.866785434117666,289,0.650768480520955,0.032159265130758286,0.6595744490623474,0.2632069835200854,289,0.14144161290340146,-0.23582230508327484,0.30281078815460205,0.07187226899354929,289,0.10031344640486609,70.0,0.1063532905685227,377.40972554021494,9932.965376154038,0.03998699107430169,0.9281277310064507,0.2632069835200854,0.4417313812980236,0.9016157473456952,0.6256851277170923,1500.0158381245478
944,76.29349732996603,9.996568451311528,36.29869484000005,40.34221250000002,37.86140412235296,289,0.6872157198523874,0.011460619047284126,0.6413994431495667,0.23509942289042227,289,0.12871543066792815,-0.17413972318172455,0.3013550043106079,0.08851343702692474,289,0.08276524520564273,77.0,0.10135160998261368,326.96413915375774,8900.337964283142,0.035829958250982966,0.9114865629730753,0.23509942289042227,0.42095723070790525,0.8078841072537294,0.5757279813262349,1802.7814946938395
945,76.29805817533023,9.996568451311528,36.58239050000003,40.86175154,37.95628078823532,289,0.8776722102284218,0.00766479317098856,0.6944753527641296,0.28656539125013514,289,0.14006373724367804,-0.2730987071990967,0.2776971459388733,0.049111712762641244,289,0.09761588342497318,92.0,0.07392205636776598,199.59350656740006,11136.150885326279,0.04483063709480438,0.9508882872373587,0.28656539125013514,0.307030387994296,1.0,0.5842182327965776,1581.1404995769324
946,76.30261902069442,9.996568451311528,36.32262098000001,42.13667300000003,38.659399435294134,289,1.3456444033280035,0.018281536176800728,0.7599830031394958,0.3244486614082099,289,0.18078206303194833,-0.25505051016807556,0.2790355086326599,0.03359100975379812,289,0.11711686064771136,138.0,0.20993098933256285,377.88326747469216,8089.220746971134,0.032564655725441906,0.9664089902462019,0.3244486614082099,0.871934525010172,0.7342589582295126,0.8168642982979082,1499.9999999998902
947,76.30717986605862,9.996568451311528,36.63024278,39.95939426000001,38.443863115294135,289,0.71274715153568,0.06230058893561363,0.6671627163887024,0.2789045287663549,289,0.13251670372306704,-0.2707107365131378,0.2502579391002655,0.05074076009044185,289,0.09315059920779045,81.0,0.08014902281023338,245.79520634701058,9692.281065884119,0.03901807182390417,0.9492592399095582,0.2789045287663549,0.3328936826156819,0.8797688208679934,0.5516437379166065,1581.1404995769324
948,76.31174071142281,9.996568451311528,36.61998872000004,39.97990238,38.054634609411785,289,0.7410741842289771,0.047514721751213074,0.7010807991027832,0.3060924437631785,289,0.13963695624797462,-0.26582011580467224,0.30196598172187805,0.035562020272119646,289,0.10122899034117365,68.0,0.05519082421045947,201.61282870326136,9482.100916890813,0.038171952722153624,0.9644379797278804,0.3060924437631785,0.2292314500391984,0.8606907585839181,0.48181517345708624,1414.2210285562642
949,76.31630155678701,9.996568451311528,36.787471700000026,40.09611505999999,38.21813187058825,289,0.8291533294286054,0.02232321910560131,0.7075968384742737,0.31215585886813363,289,0.13881636808952397,-0.28043535351753235,0.29859405755996704,0.031167792613943555,289,0.09758026959486543,37.0,0.057329845285698455,384.8923165935148,9056.064877004794,0.03645686576885054,0.9688322073860565,0.31215585886813363,0.23811573306551553,0.8220194466491973,0.47167721849898825,1118.0363497680094
950,76.3208624021512,9.996568451311528,36.674677040000006,39.81241940000001,38.21248445000001,272,0.6896579352956359,0.04213985055685043,0.6794543862342834,0.31756143008961396,272,0.1506684729567,-0.26960256695747375,0.28806012868881226,0.01654329545357648,272,0.09988127379444543,27.0,0.030983624390092234,285.0549919381661,9563.096646179152,0.03849801602565458,0.9834567045464235,0.31756143008961396,0.12868844138523852,0.8680427448466943,0.4244301627698208,707.1105142781321
951,76.3254232475154,9.996568451311528,34.68538940000002,40.410572900000034,38.367720510588256,289,1.0958292701407675,0.026876434683799744,0.7748650908470154,0.37841070894551526,289,0.17092662663937386,-0.3285626769065857,0.26636946201324463,-0.014066440423879657,289,0.11418790485331803,68.0,0.07292422518418995,266.3931827564883,7600.7306179887355,0.030598148273961512,1.0140664404238797,0.37841070894551526,0.3028859619528724,0.689918685608529,0.457699051415135,499.9999999999634
952,76.3299840928796,9.996568451311528,33.26349307999999,39.80900138000004,35.349703467058845,289,1.630727349339905,0.09432314336299896,0.808315098285675,0.5887786970831531,289,0.17526057660178024,-0.41786226630210876,0.1443037986755371,-0.1815114796780385,289,0.1394298470565283,4.0,0.0015983652901924586,99.26045108287352,3242.9606501896546,0.013055138487118628,1.1815114796780386,0.5887786970831531,0.006638704864525363,0.2943636949800321,0.12172870091072807,0.0
953,76.3345449382438,9.996568451311528,33.318181400000014,39.41934709999998,37.02106793882355,289,1.3746874503278486,0.07845084369182587,0.7534246444702148,0.4608597276945015,289,0.170364966223792,-0.38232332468032837,0.2812145948410034,-0.05732946164880244,289,0.12588101149880357,15.0,0.008599970770603132,142.41833757318528,5136.358922195953,0.02067736376785638,1.0573294616488025,0.4608597276945015,0.0357194116638409,0.46622754765551466,0.20792266606051044,0.0
954,76.33910578360799,9.996568451311528,34.78793000000002,38.7015629,36.31978248588237,289,0.8097857348974308,0.16747279465198517,0.7548090219497681,0.5036380332233996,289,0.13242434603032716,-0.34903213381767273,0.1824139803647995,-0.07827856466431932,289,0.09447292021603453,15.0,0.007149104738739912,118.39152006286571,5590.261968766502,0.022504634515762935,1.0782785646643194,0.5036380332233996,0.02969333524526126,0.5074283491340607,0.22078734080078102,0.0
955,76.34366662897219,9.996568451311528,35.08529773999999,39.55948592000004,37.146529378823544,289,0.9924215554499255,0.08511409163475037,0.7884405851364136,0.4693416080672848,289,0.15149695646726652,-0.34791502356529236,0.207667738199234,-0.06390656731945421,289,0.10612240454389361,76.0,0.04800904899018316,156.9168952957837,6115.677376716823,0.02461979151393873,1.0639065673194543,0.4693416080672848,0.19940242010259665,0.5551203311119033,0.3416895845063193,0.0
956,76.34822747433638,9.996568451311528,34.73324167999999,40.35246656000004,36.83166941882355,289,1.1180324640942796,0.12278791517019272,0.7984248399734497,0.5052134899944583,289,0.16690842347570173,-0.3439099192619324,0.22432979941368103,-0.06911295590516192,289,0.12356968418249968,29.0,0.04376409159246978,374.86950805565965,3819.241491537294,0.01537506370447416,1.069112955905162,0.5052134899944583,0.18177126938953936,0.34667273480614663,0.24773185555618227,0.0
957,76.35278831970058,9.996568451311528,35.235690620000014,41.18646344000001,38.35618912823531,289,1.2862197524344532,0.03768862038850784,0.732782781124115,0.39935186577503246,289,0.18050504800397021,-0.30050477385520935,0.18834197521209717,-0.014784893775068765,289,0.10591629922634634,40.0,0.05017286481773872,311.57966357797466,7002.461317388224,0.028189704443021258,1.0147848937750688,0.39935186577503246,0.20838968649812778,0.6356137522731256,0.3792793128081269,499.9999999999634
958,76.35734916506478,9.996568451311528,33.28058318000001,39.28946234,36.60740472941178,289,1.6053242169903363,0.05830518528819084,0.760357677936554,0.46115650850183826,289,0.2032438101419673,-0.36101529002189636,0.3437844514846802,-0.08632527255681972,289,0.14498409566919604,12.0,0.07248601999640966,1500.4903418499255,2506.3637661608673,0.01008983135962897,1.0863252725568198,0.46115650850183826,0.301065905593023,0.227502760210191,0.2716406474398902,0.0
959,76.36191001042897,9.996568451311528,33.27374714000001,42.23921360000003,37.21323399058826,289,2.085174668659696,0.05553055554628372,0.7870787382125854,0.4336841939642355,289,0.2133739070394419,-0.4420652985572815,0.24484112858772278,-0.05284881591796875,289,0.16133465735161118,68.0,0.10732576161778445,392.06246150592324,5061.5216695813315,0.020376092552363147,1.0528488159179688,0.4336841939642355,0.4457704756933772,0.4594345666181081,0.4512361120632695,0.0
960,76.36647085579317,9.996568451311528,32.05351400000001,41.176209380000046,35.97142829529413,289,2.5764116679620552,0.05640651658177376,0.834953248500824,0.5471055185918577,289,0.2183583306799233,-0.504127025604248,0.24929125607013702,-0.117064690507407,289,0.19705741699528315,8.0,0.02150255179017911,667.6674610060605,1461.6955092907226,0.00588432588556811,1.117064690507407,0.5471055185918577,0.08930943135782324,0.13267817203559776,0.10665692762893304,0.0
961,76.37103170115736,9.996568451311528,33.29425526,42.898891460000016,37.804456834117666,289,2.1175194758478297,0.1140691414475441,0.8243781328201294,0.5328166394085208,289,0.1970376691174639,-0.3197721838951111,0.20411443710327148,-0.04763741806716655,289,0.13267214612328648,3.0,0.027873152163650484,2307.9427244338967,2898.7304794906067,0.01166937620546475,1.0476374180671666,0.5328166394085208,0.11576930004292155,0.2631179057458479,0.17470874232409211,0.0
962,76.37559254652156,9.996568451311528,33.89240876000002,39.556067900000016,35.95343933882355,289,1.3480652277087886,0.14832040667533875,0.8190212249755859,0.6162416662724373,289,0.14634065225918466,-0.29227641224861145,0.440443217754364,-0.0746585093567528,289,0.1362086346355019,12.0,0.031569818236502144,653.5081848910373,992.0463156322686,0.003993666107375569,1.074658509356753,0.6162416662724373,0.13112315888291876,0.09004809202472554,0.11469313213964147,0.0
963,76.38015339188576,9.996568451311528,32.40215204000003,38.363178919999996,34.524905821250016,272,1.511985297226018,0.1075647696852684,0.8278251886367798,0.6683933033662683,272,0.13190436567413533,-0.3209802806377411,0.1521974503993988,-0.1436755096211153,272,0.10113693485727313,23.0,0.015932679330411526,172.07634596904694,1093.019754667868,0.004400153380063657,1.1436755096211153,0.6683933033662683,0.0661753332762811,0.0992134559669682,0.07939058235255594,0.0
964,76.38471423724995,9.996568451311528,32.60381522,39.525305720000006,35.079088534117666,289,1.2181380228507188,0.10829493403434753,0.8248801231384277,0.6392313287332396,289,0.16509362319654347,-0.3437722325325012,0.18629629909992218,-0.13647938764631543,289,0.12356917127063287,23.0,0.019309979335429432,208.55190868218384,3389.560573302085,0.013645303618577066,1.1364793876463155,0.6392313287332396,0.08020272620695104,0.3076705770874792,0.1711898665591623,0.0
965,76.38927508261415,9.996568451311528,32.68926571999998,43.244111480000015,35.83851580823531,289,2.182542271209317,0.09206200391054153,0.8086435198783875,0.5936604536115917,289,0.17927817639997287,-0.3230403661727905,0.2122797816991806,-0.11866509460660413,289,0.12332701825799995,26.0,0.02520368199089997,240.79687095276375,2622.419122882241,0.010557033684171786,1.1186650946066041,0.5936604536115917,0.10468183165863855,0.23803711054982016,0.1580239432151112,0.0
966,76.39383592797834,9.996568451311528,32.624323340000046,39.12881540000001,35.97026924352943,289,1.6179537041297645,0.1666666716337204,0.8313252925872803,0.580186045293577,289,0.1672141478172481,-0.3588719069957733,0.1806083619594574,-0.1313673237203314,289,0.1204316861106946,1.0,0.000451639003457979,112.1893511700583,3800.003174459661,0.01529761629736704,1.1313673237203314,0.580186045293577,0.001875852827675486,0.3449264718350438,0.13909610043062284,0.0
967,76.39839677334254,9.996568451311528,0.0,38.73232508000001,31.123691212941196,289,11.435137985153819,0.0,0.8241593837738037,0.5463501821339749,289,0.24467183075703428,-0.35186174511909485,0.21783147752285004,-0.11567867503446691,289,0.12228275444900792,0.0,0.0,0.0,2338.5055476488938,0.009414087024357224,1.115678675034467,0.5463501821339749,0.0,0.21226626160171713,0.08490650464068686,0.0
968,76.20228042268211,10.001060007186483,29.055910460000007,29.479744940000046,29.20005791375002,272,0.08639003505200574,-0.2816377282142639,-0.18887601792812347,-0.2417106067433077,272,0.017617948186887476,-0.38742393255233765,-0.2890625,-0.339265318477855,272,0.019023675160253464,0.0,0.0,0.0,0.0,0.0,1.339265318477855,0.0,0.0,0.0,0.0,2061.546482959625
969,76.2068412680463,10.001060007186483,29.178959179999993,29.763440600000024,29.42162677294119,289,0.153642863521121,-0.26463964581489563,-0.19723182916641235,-0.23333101371580342,289,0.012541040353713194,-0.4118792712688446,-0.3116634786128998,-0.35897893146660087,289,0.02158522433646242,0.0,0.0,0.0,0.0,0.0,1.3589789314666008,0.0,0.0,0.0,0.0,1581.134187708078
970,76.2114021134105,10.001060007186483,29.60621168,30.269307560000016,29.953146623529424,289,0.15296058220185413,-0.3638497591018677,-0.23739376664161682,-0.30344958453854887,289,0.03275946303528273,-0.3949579894542694,-0.27036598324775696,-0.32481975621418147,289,0.023292150287986545,0.0,0.0,0.0,0.0,0.0,1.3248197562141815,0.0,0.0,0.0,0.0,1118.0310708342465
971,76.2159629587747,10.001060007186483,29.961685760000023,40.15080338000001,31.524371388235316,289,2.5998141068289473,-0.3583426773548126,0.5811240673065186,-0.2240658664373378,289,0.19595376494613445,-0.39983779191970825,0.1972638964653015,-0.2893740380099076,289,0.13975421060087115,0.0,0.0,0.0,0.0,0.0,1.2893740380099077,0.0,0.0,0.0,0.0,707.1056277796589
972,76.22052380413889,10.001060007186483,34.825528220000024,41.357364440000026,37.695553276470605,289,1.6941998921249068,0.051690634340047836,0.7581667304039001,0.3823512252226833,289,0.17244942533543794,-0.34176743030548096,0.3218487501144409,-0.02099506087781649,289,0.13514604791812768,70.0,0.04081693050069519,144.8446630594495,6521.714139812409,0.026254367675929542,1.0209950608778164,0.3823512252226833,0.1695304300791787,0.591976307725606,0.3385087811377496,499.99836883504145
973,76.22508464950309,10.001060007186483,32.29619342000001,37.97352464000005,35.40868500941178,289,1.07560028083625,0.11428571492433548,0.7456803321838379,0.5082664621742539,289,0.12201387749123155,-0.462290495634079,0.1336810290813446,-0.12106943625479834,289,0.10034847326918486,83.0,0.034375305652777695,102.87945903510423,6261.198046360061,0.025205611910747924,1.1210694362547984,0.5082664621742539,0.14277556592158172,0.5683292493297813,0.31299703928486156,0.0
974,76.22964549486728,10.001060007186483,31.434852380000052,36.86266813999998,33.857377011764726,289,1.183254004683488,0.04243394732475281,0.7430744171142578,0.48268935259650736,289,0.17319242301569943,-0.44750431180000305,0.1349593549966812,-0.20196343128243946,289,0.13780379469313744,23.0,0.01544598992034429,166.81999620078497,3146.1505148033607,0.012665411364049509,1.2019634312824394,0.48268935259650736,0.06415390089536566,0.2855762343112879,0.15272283426173455,0.0
975,76.23420634023148,10.001060007186483,32.856748700000026,38.29140050000001,35.5155070047059,289,0.7965207469291706,0.09581749141216278,0.7358072400093079,0.4838871411386246,289,0.13281734815567192,-0.4034930467605591,0.2098395675420761,-0.109802985273843,289,0.10624442501712347,270.0,0.10689294429025492,98.3434571413443,6227.474011127115,0.025069849563374134,1.109802985273843,0.4838871411386246,0.4439727974558979,0.5652681170214919,0.4924909252821355,0.0
976,76.23876718559568,10.001060007186483,29.989029920000007,38.12391752000002,35.05267871176472,289,1.9523263068624939,-0.2880258858203888,0.6959095597267151,0.304723244637354,289,0.2551612446882939,-0.4269449710845947,0.20454545319080353,-0.11629393686472751,289,0.14365331904652232,263.0,0.11912358564870139,112.51287047103831,6846.918012280134,0.02756353607159451,1.1162939368647276,0.304723244637354,0.4947719600633435,0.6214950789496159,0.5454612076178524,499.99836883504145
977,76.24332803095987,10.001060007186483,29.756604560000028,35.04769952000004,31.875729651764726,289,1.839761250030354,-0.37546467781066895,0.7596229314804077,0.10776590393488795,289,0.39795434836493265,-0.4554406702518463,0.15635108947753906,-0.24118989726663873,289,0.13303468760145282,100.0,0.04384006777258783,108.90088590667133,2686.9450408768907,0.010816794713149842,1.2411898972666386,0.10776590393488795,0.18208683144511742,0.2438941312453296,0.2068097513652023,499.99836883504145
978,76.24788887632407,10.001060007186483,30.194111120000002,35.20151041999998,33.20526846941178,289,1.3505464005082426,-0.09542743861675262,0.7718672752380371,0.4892827334288495,289,0.1650060193720746,-0.5585194826126099,0.10005027800798416,-0.21630885774289035,289,0.14139087674378942,120.0,0.040791826257519426,84.44075330506462,6328.955787062888,0.025478383240365488,1.2163088577428904,0.4892827334288495,0.16942616126008347,0.5744796227287359,0.33144754584754443,0.0
979,76.25244972168827,10.001060007186483,29.585703560000013,32.53545482000004,30.767652510588256,289,0.698912623382737,-0.3561076521873474,0.7692517042160034,0.22851467462559472,289,0.37147337226108695,-0.6283348798751831,-0.007531380746513605,-0.3865109347967128,289,0.12693121051400524,0.0,0.0,0.0,2404.505173939525,0.009679780738917676,1.3865109347967128,0.22851467462559472,0.0,0.21825705087049083,0.08730282034819634,499.99836883504145
980,76.25701056705246,10.001060007186483,29.746350500000005,30.891387200000054,30.06267701529414,289,0.258797385695861,-0.34913793206214905,0.49414756894111633,-0.21638565327469453,289,0.12009980411320995,-0.617847740650177,-0.07252747565507889,-0.3423116611361916,289,0.08863465456281658,0.0,0.0,0.0,0.0,0.0,1.3423116611361916,0.0,0.0,0.0,0.0,707.1056277796589
981,76.26157141241666,10.001060007186483,30.01637407999999,36.50035802000002,34.13618144375001,272,2.019340171840706,-0.26923078298568726,0.6903568506240845,0.2794080622055951,272,0.2722682400163392,-0.378947377204895,0.19366562366485596,-0.12990722936742446,272,0.144175185965915,2.0,0.0031858255036941096,395.6873669721936,4476.260715479065,0.018020016228568893,1.1299072293674244,0.2794080622055951,0.013232116211905736,0.4063104015231641,0.1704634303364091,1118.0310708342465
982,76.26613225778085,10.001060007186483,30.173603000000014,35.56382054000005,31.366113514117664,289,1.232556024956956,-0.27017542719841003,0.760043740272522,0.07859114544614376,289,0.2902675759668808,-0.5036354660987854,0.053995680063962936,-0.2955699775458207,289,0.1310516943570217,0.0,0.0,0.0,67.79651525306639,0.0002729274237481328,1.2955699775458207,0.07859114544614376,0.0,0.006153892966754196,0.0024615571867016785,1118.0310708342465
983,76.27069310314505,10.001060007186483,30.105242599999997,33.253239020000024,30.587691983529435,289,0.5114889184978161,-0.35423925518989563,0.7139081358909607,-0.14818946547986728,289,0.2727321299880927,-0.479353666305542,0.09457755088806152,-0.3439940614271329,289,0.11377119743731115,0.0,0.0,0.0,0.0,0.0,1.3439940614271328,0.0,0.0,0.0,0.0,707.1056277796589
984,76.27525394850925,10.001060007186483,30.255635480000024,38.39735912000003,33.502718998823546,289,2.51285260138933,-0.29357796907424927,0.774821400642395,0.13866403441115646,289,0.33317458481190665,-0.4388185739517212,0.29680725932121277,-0.16571426391601562,289,0.1865696279198245,25.0,0.031544789678735224,313.435240070671,2188.409371102273,0.008809847077415979,1.1657142639160156,0.13866403441115646,0.1310192044181798,0.1986420244010423,0.15806833241132479,499.9999999999634
985,76.27981479387344,10.001060007186483,34.743495740000014,39.99015644000002,38.424868858823544,289,1.1357887999378,0.06006493419408798,0.7765072584152222,0.3048009377449854,289,0.16275802596977423,-0.30557677149772644,0.2935344874858856,0.055239014147062206,289,0.11037637975764293,65.0,0.05993252508977195,229.03898748009513,8692.55854641712,0.034993503736847814,0.9447609858529378,0.3048009377449854,0.24892579205648882,0.7890239594501274,0.46496505901394425,707.1056277796589
986,76.28437563923764,10.001060007186483,34.41878384000006,39.73038692,37.95199939294119,289,0.8423125103996371,0.059471871703863144,0.7959505915641785,0.27336780587694637,289,0.14845382991005687,-0.4021127223968506,0.2755969166755676,0.06828550978927876,289,0.11033196611497,35.0,0.034347180477544544,243.77167622770202,10177.157177753466,0.040970030380410166,0.9317144902107213,0.27336780587694637,0.14265874986033364,0.9237810489809263,0.45510766950857073,999.9999999999268
987,76.28893648460183,10.001060007186483,34.43929195999999,39.02627480000001,37.28733051411766,289,0.9073824890135097,0.0682322233915329,0.7922539114952087,0.3595099531655493,289,0.18099040978728004,-0.4105660915374756,0.2587219476699829,-0.0007411258030927718,289,0.13627208129115864,41.0,0.04756337313517105,288.1701455300169,9421.148284881432,0.037926576617454265,1.0007411258030927,0.3595099531655493,0.1975513348188852,0.8551580852300216,0.4605940349833398,1118.0332592716352
988,76.29349732996603,10.001060007186483,36.23717048000003,38.98867658000006,37.68367890941179,289,0.5506194800651164,0.043115437030792236,0.6734693646430969,0.23983284181377054,289,0.13370037116808572,-0.2778533399105072,0.295026570558548,0.08917829652146073,289,0.09638307220189248,64.0,0.06082110614891015,236.06659522481658,9450.113344727986,0.038043180828350974,0.9108217034785393,0.23983284181377054,0.2526164549081049,0.8577872451124429,0.4946847709898401,1414.2112555593178
989,76.29805817533023,10.001060007186483,35.71079540000005,41.77436288000001,38.5054229564706,289,1.146614073392302,0.04013920947909355,0.7380768060684204,0.3157120014969453,289,0.1640743056023357,-0.2905636727809906,0.3117850124835968,0.04470958511722129,289,0.11694062804017763,26.0,0.03040122222659097,290.45435456398246,7625.261854438336,0.030696903307912065,0.9552904148827787,0.3157120014969453,0.12626947239256203,0.692145387126881,0.3526198382862896,1802.7715661001462
990,76.30261902069442,10.001060007186483,37.40613331999998,39.788493259999996,38.74967537529413,289,0.48628156977825193,0.03934942185878754,0.6453755497932434,0.24679517910967236,289,0.13267371839746464,-0.20014908909797668,0.298778235912323,0.08108584526088411,289,0.09245337945426362,80.0,0.07198494718761336,223.51768938122308,10204.982596135971,0.04108204675360433,0.9189141547391159,0.24679517910967236,0.2989847327136765,0.9263067635525665,0.5499135450492325,1999.9999999998536
991,76.30717986605862,10.001060007186483,36.97888082000003,40.588309940000045,38.635993685882376,289,0.9123953328582265,0.04300543665885925,0.6403585076332092,0.26677466263820554,289,0.14090367463523965,-0.18171781301498413,0.2688644826412201,0.068278989164887,289,0.09968154998122979,111.0,0.14280927122331866,319.59032250569953,9386.05179593457,0.03778528920356408,0.931721010835113,0.26677466263820554,0.5931488936771211,0.8519723752317766,0.6966782862989833,1581.134187708078
992,76.31174071142281,10.001060007186483,37.04040517999999,39.96623030000001,38.39922779529413,289,0.7847691856312033,0.0351092554628849,0.7413938045501709,0.3107230902543117,289,0.15985602576365537,-0.28033289313316345,0.22939133644104004,0.017592006076165963,289,0.1072298832617171,30.0,0.05726564626219839,474.1689453523813,9545.307293119244,0.03842640169145667,0.982407993923834,0.3107230902543117,0.2378490866535703,0.8664280044095223,0.4892806537559511,1118.0310708342465
993,76.31630155678701,10.001060007186483,35.84409818000006,40.73186678000002,37.79915831176472,289,0.9714026985983667,0.03197595104575157,0.7057387232780457,0.31778255053457505,289,0.14796390809103177,-0.2749258577823639,0.46660351753234863,0.036031426030459286,289,0.10277196150528141,43.0,0.04650199255159836,268.6354373548327,9469.349003759862,0.038120617535002795,0.9639685739695407,0.31778255053457505,0.1931429605339129,0.8595332668126038,0.45969908304538926,707.1056277796589
994,76.3208624021512,10.001060007186483,35.83042610000001,39.89103385999999,37.35844440125002,272,0.7823263984450075,0.06232927739620209,0.7157794833183289,0.35460449667537913,272,0.1401483585838224,-0.30270522832870483,0.24380536377429962,0.009097081773421344,272,0.09587320356074852,86.0,0.07164792497540326,206.94996714363515,8564.102051060807,0.034476378332828954,0.9909029182265786,0.35460449667537913,0.2975849331726198,0.7773639571571428,0.48949654276642895,499.99836883504145
995,76.3254232475154,10.001060007186483,33.51984458000004,39.15274154000002,36.89584304000001,289,0.9259293916044439,0.12024986743927002,0.8221062421798706,0.4521211406351373,289,0.16292679548342842,-0.40894269943237305,0.27817288041114807,-0.05954149107619553,289,0.1124435856630156,45.0,0.05047130860249618,278.6071432894184,7519.437173457806,0.030270886462633612,1.0595414910761956,0.4521211406351373,0.20962925308394753,0.6825396757187917,0.39879342213788516,0.0
996,76.3299840928796,10.001060007186483,32.59014314000001,39.409093040000016,34.90094937411767,289,1.5962780798054714,0.12151748687028885,0.8077077269554138,0.5960263578949503,289,0.16468142111552314,-0.4056449830532074,0.13507778942584991,-0.1658660994269031,289,0.12119106632368733,12.0,0.009202281548779391,190.49100209407524,2470.775482782778,0.009946564136206875,1.165866099426903,0.5960263578949503,0.03822106977514368,0.22427241000765055,0.11264160586814642,0.0
997,76.3345449382438,10.001060007186483,34.06672778000001,40.38322874000005,37.85847101176473,289,1.3628894889239072,0.09722645580768585,0.7674933671951294,0.42890367870924795,289,0.16827901102342588,-0.39410579204559326,0.22410736978054047,-0.040957883155057176,289,0.12029814065754746,55.0,0.04929000889790899,222.61601432212765,6976.152850829521,0.02808379484023668,1.0409578831550572,0.42890367870924795,0.20472280263521375,0.6332257314918602,0.37612397417787236,0.0
998,76.33910578360799,10.001060007186483,34.65804523999998,43.65085585999998,38.08704075058825,289,2.2236936600789874,0.06847883015871048,0.7487073540687561,0.4056133019470426,289,0.19175256604384236,-0.37289169430732727,0.31049197912216187,-0.029818399554717913,289,0.13280987476108566,98.0,0.11834904103927364,299.9845330717533,7347.08771689694,0.029577061817104792,1.0298183995547179,0.4056133019470426,0.49155494008802814,0.6668955072155167,0.5616911669390237,0.0
999,76.34366662897219,10.001060007186483,36.165392060000045,42.030714380000006,39.154586561176494,289,1.4353740822448053,0.006252494174987078,0.7306281924247742,0.3710901596966912,289,0.19018691507615776,-0.2640938460826874,0.38724786043167114,-0.0011908290295452395,289,0.12146999227737432,89.0,0.05332100856661285,148.82248251368378,4316.249118613058,0.017375859921427594,1.0011908290295453,0.3710901596966912,0.22146529402546547,0.3917861411407946,0.2895936328715971,499.99836883504145
1000,76.34822747433638,10.001060007186483,35.41000964,40.950620060000006,38.86230445647061,289,1.1931488890638575,0.025147290900349617,0.7819915413856506,0.3221628261684959,289,0.1875139420430424,-0.3658655285835266,0.3260565996170044,0.012069265735190633,289,0.1214156291153995,43.0,0.043649341594257506,252.15607603078544,7956.95382963501,0.03203219076229584,0.9879307342648094,0.3221628261684959,0.18129466283657525,0.7222530837492277,0.39767803120163625,499.99836883504145
1001,76.35278831970058,10.001060007186483,34.459800080000036,41.473577120000016,38.365970105882376,289,1.6009909406880676,0.07130124419927597,0.788507878780365,0.40658537656790655,289,0.18911902507524447,-0.33697929978370667,0.389529287815094,-0.012718350004572356,289,0.12879825280281088,47.0,0.06820283268867207,360.4663679901643,5680.498912848508,0.022867900040300232,1.0127183500045724,0.40658537656790655,0.28327596946889266,0.5156191609103714,0.3762132460454842,0.0
1002,76.35734916506478,10.001060007186483,33.77277806000001,39.71329681999998,37.238981497647075,289,1.3509043692672427,0.08282072097063065,0.8084062337875366,0.4567540574651276,289,0.19970562335830927,-0.3801437020301819,0.22937443852424622,-0.06575783726253312,289,0.13951836094828596,130.0,0.14009590302995215,267.6962445018511,3568.855073404727,0.014367086822663062,1.0657578372625331,0.4567540574651276,0.5818790977580783,0.3239451475287594,0.4787055176663508,0.0
1003,76.36191001042897,10.001060007186483,37.20788816000004,41.63422406000001,39.0672319047059,289,1.1041033545648204,-0.02588074281811714,0.7421883940696716,0.32477846772612995,289,0.2190509199665489,-0.2933630645275116,0.22745037078857422,0.014791711391462174,289,0.11323293941164432,17.0,0.048761845788593945,712.5107336496358,4103.2953638762965,0.016518575156261622,0.9852082886085378,0.32477846772612995,0.20252911197852383,0.37245631852931177,0.270499994598839,499.99836883504145
1004,76.36647085579317,10.001060007186483,32.186816780000015,42.06489457999999,36.884394447058845,289,2.903288259225861,0.07287125289440155,0.841921865940094,0.47282335749959453,289,0.2744622217820782,-0.45734184980392456,0.24613016843795776,-0.07945126068220831,289,0.23131894409415804,0.0,0.0,0.0,1016.4774673343434,0.004092018231645636,1.0794512606822084,0.47282335749959453,0.0,0.09226570884570665,0.03690628353828266,0.0
1005,76.37103170115736,10.001060007186483,32.00907974000006,38.462301500000024,34.09609436705884,289,1.3676613716053168,0.07528429478406906,0.8463974595069885,0.6529325597426471,289,0.17011713367807013,-0.3426514267921448,0.15074627101421356,-0.1812762092141544,289,0.10607844415180387,8.0,0.008559406744387984,265.77484498159987,3299.7983682854574,0.013283949244038888,1.1812762092141544,0.6529325597426471,0.03555093165503965,0.29952285739908135,0.14113970195265635,0.0
1006,76.37559254652156,10.001060007186483,31.773236360000055,40.63274420000005,35.93035292000002,289,2.2546720840769154,0.12032631039619446,0.8267533779144287,0.5654218733104455,289,0.1994425664261793,-0.34302639961242676,0.36668097972869873,-0.09790049622215614,289,0.15699017496568252,45.0,0.031115371756253816,171.76025503268573,4045.4775464915456,0.016285818828201733,1.0979004962221561,0.5654218733104455,0.12923564538547053,0.36720819245042746,0.2244246642114533,0.0
1007,76.38015339188576,10.001060007186483,35.07846170000005,40.50285944000001,37.22011512125002,272,1.0792500704972627,0.06844919919967651,0.8069705367088318,0.48056798822739544,272,0.19265916351603468,-0.30645161867141724,0.23345884680747986,-0.04265999092775233,272,0.13317570750342062,54.0,0.05213709910014451,239.8354075132593,4278.469609181064,0.017223771511849992,1.0426599909277523,0.48056798822739544,0.2165480041028004,0.3883568932434189,0.28527155975904783,0.0
1008,76.38471423724995,10.001060007186483,32.27910331999999,38.558006060000025,34.72817969882355,289,1.4189224882016274,0.1325695514678955,0.8303847312927246,0.647887444413657,289,0.13830634885898604,-0.33014026284217834,0.20342089235782623,-0.15395008073958558,289,0.11529331391124266,9.0,0.0051055107973224404,140.9148898315801,1381.3826044882362,0.005561011418450566,1.1539500807395855,0.647887444413657,0.021205402528473378,0.12538816578440973,0.06287850783084792,0.0
1009,76.38927508261415,10.001060007186483,33.21564080000002,41.34027434000001,36.118675177647084,289,1.6539990693107625,0.038077402859926224,0.8270639777183533,0.5508716411656575,289,0.16611359063990752,-0.3083426356315613,0.15321815013885498,-0.08820213661061851,289,0.12236371067249022,1.0,0.001825910320982781,453.56510982743396,4162.434043810616,0.016756648861054425,1.0882021366106185,0.5508716411656575,0.0075837981495681045,0.37782433936566995,0.15568001463600883,0.0
1010,76.39383592797834,10.001060007186483,34.203448579999986,39.77482118,36.42802372823531,289,0.9760084338459021,0.20497335493564606,0.8026137948036194,0.521078776323259,289,0.13482600140649106,-0.3686818778514862,0.1906367838382721,-0.06691536028904899,289,0.10436839478225435,1.0,0.0011471085206049773,284.9474019360058,3757.6927876591026,0.015127288002112351,1.066915360289049,0.521078776323259,0.004764439620033163,0.3410859559799044,0.13929304616398167,0.0
1011,76.39839677334254,10.001060007186483,0.0,37.92909038000005,31.716747250588252,289,11.634494722203884,0.0,0.7639751434326172,0.4621427859402033,289,0.22734015793843695,-0.2993565797805786,0.2171512097120285,-0.07740000952486348,289,0.11560253873647792,1.0,0.006437605165230209,1599.1328052856936,2706.358582783829,0.010894947520247807,1.0774000095248635,0.4621427859402033,0.026738168670543013,0.24565629938265865,0.11430542095538927,0.0
1012,76.20228042268211,10.005551563061438,29.07983660000002,29.267827699999998,29.16708957148439,256,0.03955941060466255,-0.2744845449924469,-0.19309069216251373,-0.21931476891040802,256,0.012079205770606439,-0.41889116168022156,-0.32560834288597107,-0.37905824184417725,256,0.01853511552673463,0.0,0.0,0.0,0.0,0.0,1.3790582418441772,0.0,0.0,0.0,0.0,1999.9658208902263
1013,76.2068412680463,10.005551563061438,29.13110690000002,29.613047720000054,29.343979175000015,272,0.1189723494425986,-0.31455397605895996,-0.202279195189476,-0.24306605843936696,272,0.020869170953183733,-0.4228456914424896,-0.3127753436565399,-0.37381090837366443,272,0.022752003247486965,0.0,0.0,0.0,0.0,0.0,1.3738109083736645,0.0,0.0,0.0,0.0,1499.9743656676699
1014,76.2114021134105,10.005551563061438,29.48999900000001,30.27956161999998,29.840748170000015,272,0.19172999002029395,-0.3738532066345215,-0.23340961337089539,-0.31665956272798423,272,0.032714707314312516,-0.3882863223552704,-0.28400954604148865,-0.33250660054823933,272,0.02489272446849472,0.0,0.0,0.0,0.0,0.0,1.3325066005482393,0.0,0.0,0.0,0.0,999.9829104451131
1015,76.2159629587747,10.005551563061438,30.105242599999997,40.595145979999984,32.82681589250002,272,3.1342781034322527,-0.36961451172828674,0.7496071457862854,-0.078865787562202,272,0.31664553071091683,-0.44194313883781433,0.2316409796476364,-0.24296014449175665,272,0.17538126098827994,0.0,0.0,0.0,260.04483039386497,0.001046858608491793,1.2429601444917566,0.0,0.0,0.023604281825225722,0.00944171273009029,499.99145522255657
1016,76.22052380413889,10.005551563061438,32.88409286000001,41.05316066,35.88660980375001,272,1.698199304729438,0.0833333358168602,0.7113472819328308,0.4774498659021714,272,0.13722373591215212,-0.3699231743812561,0.22121946513652802,-0.10118282542509191,272,0.10648146055567993,57.0,0.025301450915972884,110.26324433198569,6604.124282334131,0.026586124961760733,1.101182825425092,0.4774498659021714,0.10508790844375368,0.599456680345948,0.3028354172046314,0.0
1017,76.22508464950309,10.005551563061438,32.44316828000001,36.13121186000001,33.86784174125002,272,0.6177952416915353,0.10791366547346115,0.7425064444541931,0.5315380657420439,272,0.13411125738587398,-0.4061545729637146,0.0351715162396431,-0.20973505693323471,272,0.09133184924063989,16.0,0.0060187174349480566,93.44243947223171,802.8678111848718,0.0032320930139116332,1.2097350569332348,0.5315380657420439,0.024998346096956427,0.07287635003128647,0.04414954767068845,0.0
1018,76.22964549486728,10.005551563061438,32.46025838000003,37.101929540000015,34.78774150625002,272,1.2644808313043712,0.156206414103508,0.7359952330589294,0.5229759216308594,272,0.14031715563460492,-0.422071635723114,0.12074454873800278,-0.16674013698802276,272,0.11440884144834766,93.0,0.05190021423283302,138.62654450390133,6922.033823667229,0.027865928676997682,1.1667401369880228,0.5229759216308594,0.21556411842247267,0.6283133447802652,0.3806638089655897,0.0
1019,76.23420634023148,10.005551563061438,31.810834580000005,38.88955400000003,35.73787566875002,272,1.2815551067204756,-0.08582834154367447,0.6762970089912415,0.4164653946371639,272,0.16091316383287593,-0.5395188927650452,0.20853441953659058,-0.10070096043979421,272,0.11949015381872716,188.0,0.10232469229167028,135.20189973068295,6769.265057056264,0.02725092972395895,1.1007009604397942,0.4164653946371639,0.42499886393052094,0.6144465164502588,0.5007779249384161,0.0
1020,76.23876718559568,10.005551563061438,29.859145160000025,37.60096046000001,33.52033466375002,272,2.6585193549277175,-0.2906976640224457,0.6602293252944946,0.118362496880924,272,0.32607823656799545,-0.4707857668399811,0.0723055899143219,-0.20149963042315314,272,0.1434157766066866,94.0,0.037646192834219896,99.48403801314906,3570.4931161096347,0.014373681066832856,1.201499630423153,0.118362496880924,0.15636098020453287,0.3240938327442657,0.22345412122042602,499.99145522255657
1021,76.24332803095987,10.005551563061438,29.859145160000025,34.96908506,32.61542643500002,272,1.441499551690226,-0.31494253873825073,0.7634262442588806,0.2704983879538143,272,0.3195321567876981,-0.6376262903213501,0.13944223523139954,-0.19396265815286076,272,0.16382617079965098,51.0,0.018918181238835253,92.14449655466963,4958.1662516153065,0.019960016182499832,1.1939626581528608,0.2704983879538143,0.07857541864107018,0.4500529903332076,0.22716644731792515,499.99145522255657
1022,76.24788887632407,10.005551563061438,30.012956060000022,33.957351140000014,32.031900050000026,272,1.0472750614542778,-0.14839960634708405,0.7776452898979187,0.42340418871711283,272,0.21576554013463162,-0.6457669138908386,0.056542810052633286,-0.2903577580171473,272,0.15069883165614847,14.0,0.0047020798751885,83.42998442627831,4993.805158222641,0.02010348719910345,1.2903577580171472,0.42340418871711283,0.019529778788578443,0.45328793560871367,0.19303304151663253,0.0
1023,76.25244972168827,10.005551563061438,29.67115406000005,32.35429976,30.186734731250027,272,0.4983881728322814,-0.35254988074302673,0.7339339256286621,-0.13137449937708237,272,0.23725851632463962,-0.5685769319534302,-0.001977587351575494,-0.32074636571547566,272,0.11611590282312402,0.0,0.0,0.0,1819.076538676995,0.007323029383568908,1.3207463657154757,0.0,0.0,0.16511766534852412,0.06604706613940965,499.99145522255657
1024,76.25701056705246,10.005551563061438,29.70533426000003,35.40659162000003,30.371081618750022,272,1.010270917431548,-0.33256351947784424,0.6983271837234497,-0.18479337411768296,272,0.2019007592405926,-0.4898236095905304,0.050847455859184265,-0.34514511332792397,272,0.09477599173461483,0.0,0.0,0.0,150.49162797059432,0.000605831909860869,1.345145113327924,0.0,0.0,0.013660132345544739,0.005464052938217896,999.9829104451131
1025,76.26157141241666,10.005551563061438,30.76833848000001,36.24742454,34.600312745937515,256,1.2616899965036479,-0.16346153616905212,0.6960097551345825,0.3514176905155182,256,0.20139957569812272,-0.40412044525146484,0.14692585170269012,-0.09095470607280731,256,0.11814757445497594,26.0,0.012053224853891901,115.15693741712758,3697.7371822059167,0.014885925612400774,1.0909547060728073,0.3514176905155182,0.05006227485152362,0.33564378277470913,0.1642948780207978,1118.0301674353082
1026,76.26613225778085,10.005551563061438,29.681408120000015,32.65508552000006,30.814720508750014,272,0.6345080213664244,-0.2450331151485443,0.7639644742012024,0.09617057968588437,272,0.28915723561647505,-0.5317829251289368,0.006427915301173925,-0.3355721866383272,272,0.10352544283058741,0.0,0.0,0.0,0.0,0.0,1.3355721866383272,0.09617057968588437,0.0,0.0,0.0,1414.201478284524
1027,76.27069310314505,10.005551563061438,29.773694660000046,30.693142039999998,30.453704712500024,272,0.16324259504126978,-0.3098125755786896,0.715166449546814,-0.2070482197929831,272,0.14121286470644123,-0.51241135597229,-0.07035175710916519,-0.43228934792911305,272,0.045327001592507535,0.0,0.0,0.0,0.0,0.0,1.432289347929113,0.0,0.0,0.0,0.0,1118.0301674353082
1028,76.27525394850925,10.005551563061438,30.40944638000002,40.12345922000003,34.331171945000015,272,3.4450784731322313,-0.25376594066619873,0.7248833179473877,0.07170531328986673,272,0.24160352344919778,-0.45703125,0.2640140652656555,-0.12053517734303194,272,0.22668395611669057,62.0,0.04742758511120985,190.0200895694688,5059.71988719501,0.020368839143791662,1.1205351773430319,0.07170531328986673,0.19698734821285288,0.4592710187438049,0.3019008164252337,999.9999999999268
1029,76.27981479387344,10.005551563061438,37.26257648000001,40.475515280000025,38.96968897625002,272,0.6681502458960338,0.06624297052621841,0.6674202680587769,0.26519354651955995,272,0.12900046032068146,-0.22359447181224823,0.3217874765396118,0.07193318535299863,272,0.09120165157818111,60.0,0.053388239943587046,221.03169247721607,13027.11875943327,0.05244307835884357,0.9280668146470014,0.26519354651955995,0.2217445351176651,1.0,0.5330467210705991,707.100739142262
1030,76.28437563923764,10.005551563061438,35.43735379999998,39.77482118,38.38542118250002,272,0.7380947819475933,0.06610560417175293,0.6985965371131897,0.308561689713422,272,0.13810393538465482,-0.2714122533798218,0.2577708959579468,0.0427093646105598,272,0.11303662418767584,48.0,0.06110998291534749,316.25042718456143,9251.78442404361,0.03724477104025074,0.9572906353894401,0.308561689713422,0.2538162855140142,0.8397849193948488,0.48820373906634806,499.9999999999634
1031,76.28893648460183,10.005551563061438,36.27818672000001,39.494543539999995,38.00320612250002,272,0.6547702533884129,0.05064854770898819,0.723670482635498,0.32216467576868396,272,0.1597089085595997,-0.282292902469635,0.26288658380508423,0.0331833888502682,272,0.11704482347168528,16.0,0.045182088880122186,701.4658274028523,9090.925524395505,0.036597203758893596,0.9668166111497318,0.32216467576868396,0.18766082764583025,0.8251837492979902,0.44266999630669424,707.100739142262
1032,76.29349732996603,10.005551563061438,37.63855868000002,40.94036600000004,38.65732970000002,272,0.5849176609740454,0.02663309872150421,0.6056694388389587,0.20308981222264907,272,0.1045867744522322,-0.15450409054756165,0.3782593905925751,0.13268080879660213,272,0.0814626072005626,46.0,0.03763027553516883,203.20751386556103,11274.081138254518,0.04538590086386558,0.8673191912033978,0.20308981222264907,0.15629486875223295,1.0,0.49377692125133976,1118.018703413428
1033,76.29805817533023,10.005551563061438,35.84068016000003,39.38174888000003,37.769700065000016,272,0.8095775165831726,0.05387930944561958,0.7742668390274048,0.33429504843319163,272,0.16806881409933216,-0.32520198822021484,0.23512892425060272,0.0314025037428912,272,0.12158142983981458,25.0,0.017294748415557604,171.84402485480445,10463.068636958225,0.04212101989203252,0.9685974962571088,0.33429504843319163,0.07183259743039076,0.9497332459536906,0.42299285683971066,1581.11451124202
1034,76.30261902069442,10.005551563061438,36.496939999999995,39.00576668000002,37.56945687125002,272,0.5368094474900772,0.06874821335077286,0.7096852660179138,0.3373122776255888,272,0.13809735259808398,-0.30514946579933167,0.2783455550670624,0.01673349562813254,272,0.09396061264764964,46.0,0.058718442867528586,317.08587363427426,11838.76413399282,0.04765913680653834,0.9832665043718675,0.3373122776255888,0.24388318158177671,1.0,0.5463299089490661,1802.7543087342717
1035,76.30717986605862,10.005551563061438,35.44077182000001,40.31828636,37.989797933750026,272,1.0649758073747926,0.0663469210267067,0.6937595009803772,0.3221374960506664,272,0.14945746978282956,-0.2579304277896881,0.32118991017341614,0.037395876996657425,272,0.10474931427437024,86.0,0.08751244398114907,252.77350897147986,8745.706903865354,0.03520746228944665,0.9626041230033425,0.3221374960506664,0.36347716703370314,0.7938482384248556,0.5356255955901642,1414.201478284524
1036,76.31174071142281,10.005551563061438,35.331395180000015,40.73186678000002,38.543077355000015,272,1.2875596801133629,0.020685900002717972,0.7679314613342285,0.27681687298943014,272,0.1675313042867084,-0.31764277815818787,0.33815741539001465,0.0474847765529857,272,0.10719738226710596,120.0,0.12601710945327893,260.8605847746307,8452.751118844655,0.03402811454009172,0.9525152234470143,0.27681687298943014,0.523403756747104,0.7672566276572611,0.6209449051111668,999.9829104451131
1037,76.31630155678701,10.005551563061438,35.09555180000001,39.904705939999985,37.84749771875002,272,0.9033455811935848,0.060183338820934296,0.7566602826118469,0.3374652862548828,272,0.17562407804488311,-0.2929556369781494,0.26336008310317993,0.02219307072022382,272,0.11637542349833976,109.0,0.09717317344086464,221.45224324746232,7712.281214650875,0.03104721585289121,0.9778069292797762,0.3374652862548828,0.40360236998487253,0.7000441386598246,0.5221790774548534,499.99145522255657
1038,76.3208624021512,10.005551563061438,33.63263924,38.13417158000004,36.20817071656252,256,1.0071148934630247,0.12576137483119965,0.8241886496543884,0.4622046649456024,256,0.17274553864767445,-0.41556379199028015,0.16934262216091156,-0.06979183852672577,256,0.12674676440694171,32.0,0.018632486089531764,144.63753884911338,5487.983811912192,0.02209289485994498,1.0697918385267258,0.4622046649456024,0.07738880267218612,0.49814455589234463,0.24569110396024954,0.0
1039,76.3254232475154,10.005551563061438,33.24298496000006,38.45546546000003,36.03015407750002,272,1.4321908494835545,0.057951681315898895,0.8220840692520142,0.488368875840131,272,0.2005766412174577,-0.43027129769325256,0.20107300579547882,-0.09468904663534726,272,0.14878447373960638,26.0,0.03992151514602293,381.41157051285376,5797.742910546837,0.023339887459156394,1.0946890466353472,0.488368875840131,0.165811381431596,0.5262614042489369,0.30999139055853236,0.0
1040,76.3299840928796,10.005551563061438,33.30109130000005,39.09463520000003,37.27609776500002,272,1.3282588755355285,0.06392961740493774,0.8114138841629028,0.3450308407054228,272,0.1749421096865719,-0.3842485845088959,0.2413625866174698,0.010366236462312587,272,0.12373717606674428,121.0,0.06380684878965581,130.99120049985,9155.49242649776,0.036857129776984465,0.9896337635376874,0.3450308407054228,0.2650175401387235,0.8310444901229281,0.49142832013240534,499.99145522255657
1041,76.3345449382438,10.005551563061438,35.26987082000005,39.248446100000024,37.645734008750026,272,1.0662509772565547,0.13256005942821503,0.7767958045005798,0.4045157993541044,272,0.15022994073939508,-0.3622466027736664,0.16121907532215118,-0.024945620228262508,272,0.0979713730792745,75.0,0.03879006616101027,128.47524449475574,8883.621583300208,0.03576266336452701,1.0249456202282625,0.4045157993541044,0.16111198266032928,0.806366760543851,0.419213893813738,0.0
1042,76.33910578360799,10.005551563061438,34.459800080000036,41.26849592000002,37.68811997000002,272,1.761380735132281,0.039246466010808945,0.7885085344314575,0.45586243797751036,272,0.16189105089575628,-0.353167861700058,0.3253500461578369,-0.04981538127450382,272,0.12369124293152574,44.0,0.029574816475745135,166.96659006938418,5455.231028005466,0.02196104246459878,1.049815381274504,0.45586243797751036,0.12283705058518446,0.49517158411388573,0.27177086399666495,0.0
1043,76.34366662897219,10.005551563061438,37.460821640000006,44.97362959999998,41.822139762500015,272,1.5529835124318145,0.0009088478982448578,0.6733067631721497,0.24621057510375977,272,0.1651768502877891,-0.21967627108097076,0.3761947751045227,0.06998662387623507,272,0.12162719057916263,16.0,0.11011246801464998,1709.5299353733126,1994.9693670590273,0.008031118528370629,0.9300133761237649,0.24621057510375977,0.457344877006013,0.18108346588329033,0.34684031255692394,499.99145522255657
1044,76.34822747433638,10.005551563061438,34.049637680000046,43.16549702000003,38.53533654500002,272,1.6610566081938545,0.014694095589220524,0.7958309650421143,0.42299873688641715,272,0.1822576552788149,-0.333670973777771,0.2258213758468628,-0.012945154133964987,272,0.1195678162291981,10.0,0.02583275637083288,641.6983816694607,4242.862980733447,0.01708043043695418,1.012945154133965,0.42299873688641715,0.10729465062551316,0.3851248778580307,0.2184267415185202,0.0
1045,76.35278831970058,10.005551563061438,34.053055700000016,40.43108102000002,37.03224968375002,272,1.6445131059253066,0.10370679199695587,0.7951198220252991,0.5051073747522691,272,0.180755493470224,-0.3606227934360504,0.22526893019676208,-0.0774373306947596,272,0.13601574000472239,33.0,0.035977246313930324,270.8159104238666,3720.7554895159565,0.014978590070001902,1.0774373306947596,0.5051073747522691,0.14942912085369264,0.3377331556419294,0.22475073476898733,0.0
1046,76.35734916506478,10.005551563061438,33.30109130000005,39.96281227999998,36.19880571875002,272,1.6993692407948293,0.08625730872154236,0.8422379493713379,0.6113115198471967,272,0.1763335236513741,-0.3881550431251526,0.22205905616283417,-0.11581187388476204,272,0.13162514732386202,28.0,0.027737014254676888,246.07181595425183,3386.049840046063,0.013631170511890734,1.115811873884762,0.6113115198471967,0.11520386021255555,0.3073519076601238,0.19206307919158286,0.0
1047,76.36191001042897,10.005551563061438,36.30553087999999,42.734826500000054,39.41403157625001,272,1.448304335411694,0.020035013556480408,0.7998196482658386,0.3464829781476189,272,0.19753415880978156,-0.24068515002727509,0.47967857122421265,0.03186803705552045,272,0.12807023630188286,12.0,0.13965388755165245,2890.8927470901194,4766.299908219177,0.01918762269573118,0.9681319629444796,0.3464829781476189,0.5800432156077406,0.43263727306846395,0.52108083859203,499.99145522255657
1048,76.36647085579317,10.005551563061438,33.23273089999998,43.99265786000001,38.65328336750002,272,3.005474964597752,0.0018981881439685822,0.8348624110221863,0.35725245756261487,272,0.24562604409684824,-0.43484625220298767,0.3134695887565613,-0.01480780980166267,272,0.17777414448464582,35.0,0.24438431651710413,1734.4647698253996,2178.1278451503968,0.008768456891212887,1.0148078098016626,0.35725245756261487,1.0,0.19770876979338914,0.6790835079173556,499.99145522255657
1049,76.37103170115736,10.005551563061438,32.05693201999998,37.38220718000002,34.58036068250002,272,1.242379708029754,0.10108635574579239,0.8541287779808044,0.6480075050802792,272,0.19751981668711177,-0.46656978130340576,0.12445095181465149,-0.21137147791245403,272,0.15938889446839283,6.0,0.00629748495447206,260.72104255685673,1914.7543999171917,0.007708198327437851,1.211371477912454,0.6480075050802792,0.0261561886122383,0.17380234943829376,0.08521465294266048,0.0
1050,76.37559254652156,10.005551563061438,33.926588960000004,40.40715488000001,36.98732534000002,272,1.118383772914896,0.04303797334432602,0.827464759349823,0.3553605360143325,272,0.18974625329681039,-0.4135270118713379,0.19196900725364685,-0.019098988350699928,272,0.10316502147147619,81.0,0.13567094104584787,416.06579569426174,5388.645856337356,0.021692991528715577,1.0190989883507,0.3553605360143325,0.5635003098618048,0.4891276448628935,0.5337512438622403,499.99145522255657
1051,76.38015339188576,10.005551563061438,34.463218100000006,39.378330860000005,35.925943737031275,256,0.8640772568422447,0.09351269155740738,0.7568466663360596,0.5070754289627075,256,0.16495768950642162,-0.2730931043624878,0.21775570511817932,-0.05227730795741081,256,0.09714888022404132,67.0,0.04571302533624707,169.48269353903362,3181.720380259629,0.012808604442717485,1.0522773079574108,0.5070754289627075,0.18986603721566878,0.2888049127181744,0.229441587416671,0.0
1052,76.38471423724995,10.005551563061438,34.85970842000006,38.79726746000006,36.734743715000015,272,0.9039537456795852,0.13852661848068237,0.7452356815338135,0.4530135603512035,272,0.15076032177923473,-0.2474697381258011,0.18391211330890656,-0.01977630748468287,272,0.09461402202912803,72.0,0.044158279883300365,152.3490839587182,4731.093709504758,0.01904589362486044,1.0197763074846828,0.4530135603512035,0.1834085044696135,0.4294416047093146,0.2818217445654939,0.0
1053,76.38927508261415,10.005551563061438,32.87042078000002,38.04188504000001,35.236092740000025,272,1.3502861537555524,0.10321039706468582,0.7562152743339539,0.5396920372458065,272,0.14383615203681993,-0.2982694208621979,0.24417537450790405,-0.09046987225027646,272,0.11006171170519255,38.0,0.023555049396237565,153.97868933218047,4323.842322410298,0.017406427769091144,1.0904698722502764,0.5396920372458065,0.09783434485874531,0.3924753766165199,0.21569075756185513,0.0
1054,76.39383592797834,10.005551563061438,33.12677228000001,38.51357180000002,36.32492060375002,272,0.9944405342741561,0.13840560615062714,0.8212844133377075,0.5248293596155503,272,0.1346798830756384,-0.3133103847503662,0.17008443176746368,-0.06517527383916519,272,0.0968972246318235,12.0,0.007275360603535667,150.60294825983587,4872.742222607343,0.019616125938638446,1.065175273839165,0.5248293596155503,0.03021773065658398,0.44229904709082046,0.19505025723027858,0.0
1055,76.39839677334254,10.005551563061438,0.0,41.07025076000002,32.37400795544119,272,11.939022137462661,0.0,0.7821865677833557,0.4190884477951947,272,0.21989197539030178,-0.31717240810394287,0.19263607263565063,-0.05995990248287425,272,0.11317224330989249,3.0,0.0029721316902743566,246.09737967037836,3743.4605558616618,0.015069993518108823,1.0599599024828743,0.4190884477951947,0.012344553045104317,0.3397940956116752,0.14332437007173265,0.0
1056,76.20228042268211,10.010043118936393,29.03540234000002,29.315679980000027,29.174711787500016,272,0.05671553331241576,-0.2939758896827698,-0.19812427461147308,-0.2328337220584645,272,0.020701815134757547,-0.4185110628604889,-0.3054945170879364,-0.3737918629365809,272,0.023121106665432274,0.0,0.0,0.0,0.0,0.0,1.3737918629365808,0.0,0.0,0.0,0.0,1999.9381541497478
1057,76.2068412680463,10.010043118936393,29.124270860000024,29.52759722000002,29.354768409411786,289,0.08933108827120662,-0.33107343316078186,-0.2004529982805252,-0.25893996083612675,289,0.032494823640209954,-0.4274028539657593,-0.28199321031570435,-0.3777756740477671,289,0.02836897258205278,0.0,0.0,0.0,0.0,0.0,1.3777756740477671,0.0,0.0,0.0,0.0,1499.953615612311
1058,76.2114021134105,10.010043118936393,29.42847463999999,30.156512900000052,29.727202491764725,289,0.19191671889320563,-0.36145222187042236,-0.274413526058197,-0.3207410132596237,289,0.018510085769398603,-0.4038657248020172,-0.29193899035453796,-0.3520565890935878,289,0.021273377858887003,0.0,0.0,0.0,0.0,0.0,1.3520565890935878,0.0,0.0,0.0,0.0,999.9690770748739
1059,76.2159629587747,10.010043118936393,30.002702,36.80456179999999,32.965699565882375,289,2.036670033074035,-0.3457172214984894,0.7261940836906433,0.17141257685361025,289,0.389300697446398,-0.4134615361690521,0.1643858700990677,-0.2322232203500081,289,0.15047594496734581,55.0,0.018753133319036525,84.6976474315976,2610.2782283283727,0.010508158265424726,1.232223220350008,0.17141257685361025,0.07788990298656313,0.23693508096428365,0.14150797417765135,499.98453853743695
1060,76.22052380413889,10.010043118936393,32.02275182000005,36.725947340000005,34.17286380588237,289,0.84157995781787,0.09713024646043777,0.7775281071662903,0.5996787523315852,289,0.11926720727917636,-0.4770521819591522,0.052799150347709656,-0.21712889885819908,289,0.1186379237289668,45.0,0.01452202862730428,80.16318622696258,4099.358097437526,0.01650272496128136,1.2171288988581992,0.5996787523315852,0.060316288574593056,0.3720989326643401,0.18502934621049186,0.0
1061,76.22508464950309,10.010043118936393,31.988571620000016,36.23717048000003,34.29284931764708,289,0.8264675911944132,0.1722826063632965,0.7721667885780334,0.5795582702003136,289,0.11795077836402436,-0.46647587418556213,0.09447194635868073,-0.2044705321632042,289,0.11495807618287725,50.0,0.018892225329757695,93.85843497466036,2868.358984274536,0.011547110128605792,1.2044705321632043,0.5795582702003136,0.07846761248379581,0.2603610836569496,0.15122500095305735,0.0
1062,76.22964549486728,10.010043118936393,32.93536316000001,38.78017736000004,35.951274987058845,289,1.0858635469764926,0.09377504885196686,0.7524148225784302,0.45197071748621326,289,0.13306336301377647,-0.416769415140152,0.1451861709356308,-0.07124108179217804,289,0.10569901565265513,181.0,0.11343217440650692,155.67464293603788,6328.028965000845,0.02547465214656632,1.071241081792178,0.45197071748621326,0.47113305866113575,0.5743954950453625,0.5124380332148264,0.0
1063,76.23420634023148,10.010043118936393,31.03152602,36.58922654000003,34.78817836823531,289,1.1220725286627526,-0.14487633109092712,0.721265971660614,0.41430949174821585,289,0.1810614138761573,-0.5538711547851562,0.12281565368175507,-0.12045373883626866,289,0.11378563291708339,88.0,0.046360746116058386,130.86633518789552,6013.523866952122,0.0242085536480567,1.1204537388362688,0.41430949174821585,0.19255630277522043,0.5458478520925363,0.3338729225021468,0.0
1064,76.23876718559568,10.010043118936393,29.70533426000003,36.26109661999999,31.322660900000013,289,1.85192040681984,-0.31435349583625793,0.6959770321846008,-0.03601262973666604,289,0.3084544680064339,-0.4828244149684906,0.11562719196081161,-0.2673271205598508,289,0.12107312316290944,9.0,0.00429872005246363,118.6470240994106,1301.4753281158853,0.005239329883675084,1.2673271205598509,0.0,0.017854450355392026,0.11813497844543283,0.05796666159140835,499.98453853743695
1065,76.24332803095987,10.010043118936393,30.030046159999984,34.58968484000002,32.51847116352943,289,1.2285082676890156,-0.260869562625885,0.7717136144638062,0.32400151025052715,289,0.3253178462772301,-0.6193394660949707,0.1579846292734146,-0.22692443425267625,289,0.1670029537780332,3.0,0.002059227034953907,170.50737661014583,4985.4572204174765,0.02006988102996233,1.2269244342526762,0.32400151025052715,0.008552863740218337,0.4525301928906058,0.18614379540037335,707.0958483660169
1066,76.24788887632407,10.010043118936393,29.804456840000057,33.608713100000045,30.75698450352943,289,1.0294597357192328,-0.261904776096344,0.6979677677154541,-0.029470166533051064,289,0.2800618605507386,-0.5632258057594299,0.10194055736064911,-0.34570560653316934,289,0.1295104370426546,0.0,0.0,0.0,495.1564493399956,0.001993343958257876,1.3457056065331694,0.0,0.0,0.04494537484208762,0.01797814993683505,499.9999999999634
1067,76.25244972168827,10.010043118936393,29.630137820000016,31.168246820000036,30.029632212941195,289,0.2745724977647953,-0.3384955823421478,0.7683230042457581,-0.22595874825975887,289,0.189731930327874,-0.5827010869979858,-0.17943744361400604,-0.4197329352883732,289,0.05295952812570709,0.0,0.0,0.0,0.0,0.0,1.4197329352883732,0.0,0.0,0.0,0.0,707.0958483660169
1068,76.25701056705246,10.010043118936393,29.68482614000004,37.512091940000005,32.70331626588237,289,2.6335880955480038,-0.33475935459136963,0.6980618834495544,0.08389001734116498,289,0.333504363698128,-0.5117301940917969,0.19734439253807068,-0.28129788831031033,289,0.192756957825039,1.0,0.005366666348852731,1333.1063327438949,2833.3799188490457,0.011406295424840252,1.2812978883103103,0.08389001734116498,0.02229009489571891,0.2571860321974157,0.11624846981639764,499.9999999999634
1069,76.26157141241666,10.010043118936393,30.200947160000055,35.83042610000001,33.44799076250003,272,1.795983432192388,-0.16326530277729034,0.7209152579307556,0.27975059958065257,272,0.2698125943582917,-0.42659759521484375,0.08061104267835617,-0.17171440405004165,272,0.14630704035698638,3.0,0.00610968932768576,505.892299141276,3925.9726545069702,0.01580472976082266,1.1717144040500416,0.27975059958065257,0.025376191856344855,0.3563607276282096,0.15777000616509074,707.0958483660169
1070,76.26613225778085,10.010043118936393,29.68824416000001,32.908019000000024,30.599909335294143,289,0.5701977891029101,-0.3174603283405304,0.6612141132354736,-0.10072223702929012,289,0.1777591499952889,-0.5094890594482422,0.13062098622322083,-0.321370953094588,289,0.12919908375626488,0.0,0.0,0.0,0.0,0.0,1.321370953094588,0.0,0.0,0.0,0.0,1118.0063305303502
1071,76.27069310314505,10.010043118936393,30.300069740000026,35.22885458000002,30.775505677647075,289,0.6972950171597836,-0.3079667091369629,0.6127378940582275,-0.1775269425864038,289,0.1506335625755129,-0.6534954309463501,-0.05847076326608658,-0.3864776716925281,289,0.08173273922410766,0.0,0.0,0.0,47.07934943848481,0.0001895266372618259,1.386477671692528,0.0,0.0,0.004273394824312167,0.0017093579297248669,1499.953615612311
1072,76.27525394850925,10.010043118936393,30.826444820000006,38.61269437999999,36.28976541058825,289,1.8707264704268625,-0.1668415516614914,0.7162471413612366,0.3022213312168847,289,0.1777245249038195,-0.3956553637981415,0.2177136242389679,-0.00023953229910774626,289,0.12926450136192572,56.0,0.036209359580026815,160.61755574314026,8139.247620074934,0.032766048164912125,1.0002395322991078,0.3022213312168847,0.15039318800292992,0.7387998999194065,0.3857558727695206,999.9690770748739
1073,76.27981479387344,10.010043118936393,36.51061207999999,39.166413620000014,37.67344850352943,289,0.5355455515695463,0.04300341382622719,0.6855491399765015,0.3175799095919388,289,0.13453092464969504,-0.258382648229599,0.269516259431839,0.019988043498002945,289,0.09791981540487912,75.0,0.03756541367203565,124.41911509066946,8006.882756256522,0.032233188900068155,0.980011956501997,0.3175799095919388,0.15602546927956762,0.7267851348321896,0.38432933550061643,499.98453853743695
1074,76.28437563923764,10.010043118936393,34.49056226000005,39.39883898000005,36.76194890705884,289,0.9401631373761843,0.08917197585105896,0.765405535697937,0.40354436326604404,289,0.1492230777709213,-0.30815234780311584,0.2217898815870285,-0.048441266518563134,289,0.11072833732496086,31.0,0.05582017189164677,447.2904971974564,8091.71388830166,0.03257469232743893,1.0484412665185632,0.40354436326604404,0.2318454041448164,0.734485260788601,0.4329013468023303,0.0
1075,76.28893648460183,10.010043118936393,36.807979820000014,40.05851684000004,38.555959978823545,289,0.5258832377555227,0.03397391736507416,0.6198550462722778,0.26630932237037735,289,0.13050475489705504,-0.1701321005821228,0.25565293431282043,0.06335506637203653,289,0.08773009050563392,9.0,0.005941122746341338,163.97823655874856,8834.585005115516,0.03556525754059321,0.9366449336279634,0.26630932237037735,0.024676061673066862,0.8019157079716346,0.335571920192494,499.98453853743695
1076,76.29349732996603,10.010043118936393,36.025253239999984,41.05657868000003,38.96858240705885,289,0.9112314868354414,0.041755132377147675,0.6773732900619507,0.2380280280195718,289,0.1261661537958522,-0.2690327763557434,0.31235432624816895,0.08950004445640274,289,0.09474951473912599,11.0,0.022088422083307545,498.8066138348166,10096.934566116583,0.0406470794051473,0.9104999555435973,0.2380280280195718,0.0917428049982783,0.9164992386447447,0.4216453784568649,999.9690770748739
1077,76.29805817533023,10.010043118936393,35.447607860000005,39.43985522000003,37.97018940941178,289,0.7482834337025316,0.06201550364494324,0.7827741503715515,0.3577134287481077,289,0.15999975213246398,-0.3616452217102051,0.3212719261646271,0.006885010478405804,289,0.1171613761041689,26.0,0.022634309965311697,216.24899956244047,9034.024748106,0.03636813914954022,0.9931149895215942,0.3577134287481077,0.09401011432987048,0.8200188630836502,0.3844136138313824,1499.953615612311
1078,76.30261902069442,10.010043118936393,36.54137426,39.73380494000003,38.104414700000014,289,0.6651087896332318,0.005762411281466484,0.6996317505836487,0.3222975417404439,289,0.1386147589072266,-0.260386198759079,0.37593984603881836,0.036447459026191474,289,0.09979467379323682,47.0,0.0628187710617524,332.0104657470703,7411.648900945056,0.029836964816110104,0.9635525409738085,0.3222975417404439,0.2609136244324636,0.672755729012404,0.4256504662644398,1581.094826058326
1079,76.30717986605862,10.010043118936393,34.26839096000003,38.73232508000001,37.14621004823531,289,0.7957618613066979,0.10148902982473373,0.7619380354881287,0.36986533828260165,289,0.16065797518479713,-0.29378631711006165,0.19823788106441498,0.003512356108035183,289,0.11342061763894642,67.0,0.036236643971143664,134.3486671439938,6125.235279505357,0.024658268621128857,0.9964876438919649,0.36986533828260165,0.15050651192277756,0.5559879024100403,0.31269906811768267,1118.0063305303502
1080,76.31174071142281,10.010043118936393,36.73278338,40.64641628000004,38.63135747882355,289,0.842491778476655,0.04964539036154747,0.6851971745491028,0.3226957486162549,289,0.13913894462824652,-0.26645615696907043,0.2779320776462555,0.029254094952118025,289,0.09670528240851053,61.0,0.06670848475410102,271.6510805615907,9334.511788489795,0.03757780536166816,0.9707459050478819,0.3226957486162549,0.27706929383385326,0.8472940862646087,0.5051592108061554,707.0958483660169
1081,76.31630155678701,10.010043118936393,32.299611440000035,41.63080604000004,37.678297597647074,289,1.9424859103572236,0.023127200081944466,0.7935386300086975,0.39972861002885757,289,0.21225210225394478,-0.3960876166820526,0.27395498752593994,-0.020622794603393977,289,0.1477109418466173,66.0,0.08914654159300854,335.521813036895,6243.003459767997,0.02513236623394288,1.020622794603394,0.39972861002885757,0.37026428374070725,0.5666777258253068,0.4488296605745471,499.9999999999634
1082,76.3208624021512,10.010043118936393,34.623865040000055,40.39006477999999,37.301846011250014,272,1.246989473583043,0.06721433997154236,0.7916707992553711,0.37973474053775563,272,0.18787898412208656,-0.3418284058570862,0.31121280789375305,-0.015842809396631578,272,0.13588580220458707,56.0,0.0746862021614507,331.2932175007931,6450.326703618606,0.025966984335124614,1.0158428093966316,0.37973474053775563,0.3102042171739389,0.5854964666914788,0.42032111698095487,499.9999999999634
1083,76.3254232475154,10.010043118936393,36.3943994,39.309970460000045,37.830641942352955,289,0.6671141640111607,0.03613118454813957,0.7265556454658508,0.29131301299098455,289,0.153370646855241,-0.3055441379547119,0.26654577255249023,0.036816824678731215,289,0.10351121192463118,62.0,0.06715829153410711,269.0717763242658,7411.296278058535,0.029835545267397113,0.9631831753212687,0.29131301299098455,0.27893753664220616,0.6727237214159489,0.4364520105517033,499.9999999999634
1084,76.3299840928796,10.010043118936393,36.613152679999985,40.458425180000006,37.99625624705884,289,0.8393986442732765,0.06084787845611572,0.7735505700111389,0.3609050499939176,289,0.159637555432695,-0.306402325630188,0.225874125957489,0.00837766257949354,289,0.10867148485571587,90.0,0.07918520119016197,218.55548533665097,7752.058978537297,0.031207348605724574,0.9916223374205064,0.3609050499939176,0.3288905130542781,0.7036547682106229,0.478796215116816,707.0958483660169
1085,76.3345449382438,10.010043118936393,35.628762919999986,40.35246656000004,38.15644193176473,289,1.1424884197323915,0.057482533156871796,0.7528901696205139,0.35470874086795795,289,0.1505439878476838,-0.2567157447338104,0.2511342465877533,0.0106777245610643,289,0.09715933272191025,56.0,0.05419911016606907,240.41653040251734,10477.415791042942,0.042178777016979765,0.9893222754389357,0.35470874086795795,0.22511243113212498,0.951035537823491,0.5154816738086714,499.9999999999634
1086,76.33910578360799,10.010043118936393,35.54673044000003,40.766046980000056,38.1323502129412,289,1.043986580531956,0.05884021148085594,0.749971866607666,0.37543733062216156,289,0.15824998059079043,-0.29317936301231384,0.274617075920105,0.003410168585067802,289,0.11179640505050548,93.0,0.0683803543889683,182.64533935002643,8215.573904520445,0.033073313753714466,0.9965898314149322,0.37543733062216156,0.2840132941483929,0.7457280404480816,0.46869919266826837,499.9999999999634
1087,76.34366662897219,10.010043118936393,35.184420320000015,41.17279136000002,38.34237512352943,289,1.6031096547856152,0.0020352781284600496,0.7607346773147583,0.37120209268220156,289,0.1826941202685235,-0.3223874866962433,0.2375926375389099,-0.006335216410019819,289,0.1025862654875793,16.0,0.03655117014776875,567.4681593025475,5705.0226834471005,0.022966625019085352,1.0063352164100199,0.37120209268220156,0.1518128756630275,0.5178451847530665,0.29822579929904314,499.98453853743695
1088,76.34822747433638,10.010043118936393,33.957351140000014,39.57999404000003,36.85982964588237,289,1.1867769932832308,0.07512933015823364,0.8303115367889404,0.5029618418340452,289,0.1860498469996226,-0.42301902174949646,0.2189481556415558,-0.08852201679586126,289,0.1307864088042076,19.0,0.031186613629646403,407.73201623335177,4839.617837329657,0.01948277759317654,1.0885220167958614,0.5029618418340452,0.12953154381016188,0.43929234503795667,0.2534358643012798,0.0
1089,76.35278831970058,10.010043118936393,33.96760519999998,39.20401184000002,36.438467021176486,289,1.3650707422367647,0.1554296463727951,0.8095846772193909,0.5191702133231509,289,0.1721713871463164,-0.38683250546455383,0.20942075550556183,-0.0942458710455977,289,0.1372196318319169,5.0,0.0039480935675923826,196.14517449358476,4426.972606676713,0.017821597821566254,1.0942458710455978,0.5191702133231509,0.016398146364665415,0.40183651750462396,0.17057349482064885,0.0
1090,76.35734916506478,10.010043118936393,36.69518516000005,42.65963006000004,39.346054816470605,289,1.4349489692899424,-0.011304954998195171,0.8095238208770752,0.36696685474224155,289,0.2075042357655401,-0.3092542588710785,0.3751162886619568,0.011762175180507779,289,0.13384807995060694,79.0,0.14185499155286066,446.04402571604334,5082.450021992962,0.020460343509594185,0.9882378248194922,0.36696685474224155,0.5891853559744071,0.46133423417817293,0.5380449072559135,499.98453853743695
1091,76.36191001042897,10.010043118936393,36.53453822000006,41.770944859999986,38.394946400000016,289,1.0657035798390115,0.022639799863100052,0.7380088567733765,0.32382740693933826,289,0.18143957597108135,-0.350031316280365,0.3058236241340637,0.011777063554546,289,0.12294729092561002,37.0,0.22542724825616423,1513.4388619440585,253.5245651064227,0.0010206100734393147,0.988222936445454,0.32382740693933826,0.9362972148967058,0.02301243702989979,0.5709833037499834,707.0958483660169
1092,76.36647085579317,10.010043118936393,34.8221102,41.54193752000003,38.389352201176486,289,1.4471790007931045,0.021387282758951187,0.7440940141677856,0.3356838556309472,289,0.18490278592892226,-0.361133873462677,0.26295050978660583,-0.006452176810135891,289,0.12209115516499985,36.0,0.2969248342815756,2048.8219480894927,2464.9488558844178,0.009923107970907301,1.006452176810136,0.3356838556309472,1.0,0.22374352680243156,0.6894974107209726,707.0958483660169
1093,76.37103170115736,10.010043118936393,32.757626120000054,40.82757134000002,37.81912238705885,289,1.9663302814649168,0.024278515949845314,0.8257590532302856,0.3927362303420334,289,0.22638824884177133,-0.4457587003707886,0.2627772390842438,-0.04534460021550268,289,0.13726610146335516,48.0,0.18329404399884372,948.5654708056222,4270.698748555486,0.01719248847373324,1.0453446002155027,0.3927362303420334,0.7612997285414844,0.3876515318487976,0.6118404498644097,499.98453853743695
1094,76.37559254652156,10.010043118936393,31.995407660000012,38.49306367999998,35.41685750705884,289,1.8752637480895518,0.033190928399562836,0.8323688507080078,0.4879844163940852,289,0.23820916820803031,-0.5476353764533997,0.19705457985401154,-0.09073840870576746,289,0.166723706991331,35.0,0.16633887802563055,1180.5541693488672,2253.551661512077,0.009072089427664156,1.0907384087057674,0.4879844163940852,0.6908775643992364,0.2045549932504703,0.49634853593973,0.0
1095,76.38015339188576,10.010043118936393,34.73665970000002,39.81241940000001,36.60204411500002,272,1.2385847933713467,0.027012569829821587,0.7426491975784302,0.49234827827004823,272,0.16172654540137332,-0.27551671862602234,0.2775510251522064,-0.028339533244862276,272,0.09334670698565753,30.0,0.03306263626031881,273.76405208707985,2641.5317087762423,0.010633974937121784,1.0283395332448624,0.49234827827004823,0.13732348013449544,0.23977196089530686,0.17830287243882,0.0
1096,76.38471423724995,10.010043118936393,34.312825220000036,38.54091596000001,36.46277162705884,289,1.1841114747030261,0.13859397172927856,0.7867666482925415,0.4908788344439338,289,0.16093031958777115,-0.2700844705104828,0.20876586437225342,-0.015931758088636564,289,0.10651099548371769,38.0,0.020017303921127657,130.85254757442698,2603.736427908437,0.01048182303670946,1.0159317580886367,0.4908788344439338,0.08314055224502008,0.23634128142394029,0.14442084391658816,0.0
1097,76.38927508261415,10.010043118936393,34.04280163999999,38.13075356000002,35.74055228000002,289,1.0874345666943641,0.11175552010536194,0.8039891719818115,0.531142818886516,289,0.14339633199298168,-0.28205129504203796,0.16301703453063965,-0.06731659648327679,289,0.09039987128709841,4.0,0.0022495561124402687,139.70020234246323,4695.671203442001,0.018903293768712612,1.0673165964832767,0.531142818886516,0.009343383016582999,0.4262263021217003,0.17609655065862992,0.0
1098,76.39383592797834,10.010043118936393,34.15559630000001,38.99551262,36.660839381176494,289,1.0149280438557104,0.09614893794059753,0.7910447716712952,0.4847412109375,289,0.18100016080277914,-0.3052769899368286,0.2537415027618408,-0.04056164962610159,289,0.12438902836674019,0.0,0.0,0.0,4848.323025340541,0.019517821939160768,1.0405616496261016,0.4847412109375,0.0,0.4400825153745069,0.17603300614980277,0.0
1099,76.39839677334254,10.010043118936393,0.0,38.838283700000034,31.492766410588253,289,11.573000974252222,0.0,0.7603012919425964,0.4676524231590614,289,0.22596088980590298,-0.3256462812423706,0.1651705503463745,-0.07736068778384515,289,0.10156710511296539,8.0,0.007066206486507522,219.4100583887832,3241.4944088646344,0.013049235861210245,1.077360687783845,0.4676524231590614,0.029349022819476822,0.29423060418408303,0.13530165536531932,0.0
1100,76.20228042268211,10.014534674811348,29.09692670000004,29.39087642000004,29.232315477500016,272,0.0551398974091975,-0.3197604715824127,-0.19212962687015533,-0.24538320653578816,272,0.024976492251517053,-0.4406779706478119,-0.31481480598449707,-0.3776073736302993,272,0.022336931703391648,0.0,0.0,0.0,0.0,0.0,1.3776073736302994,0.0,0.0,0.0,0.0,2061.4659610311955
1101,76.2068412680463,10.014534674811348,29.189213240000015,29.585703560000013,29.38270392235296,289,0.10027610585546336,-0.3488115072250366,-0.2182227224111557,-0.30456722483915444,289,0.029391518565232574,-0.4261603355407715,-0.32786884903907776,-0.3669702866498162,289,0.019364920679157516,0.0,0.0,0.0,0.0,0.0,1.3669702866498161,0.0,0.0,0.0,0.0,1581.0751321571536
1102,76.2114021134105,10.014534674811348,29.404548500000033,31.581827240000052,29.694252305882376,289,0.28093968145032433,-0.3537452220916748,-0.23124177753925323,-0.3195548404046821,289,0.02411082134821317,-0.4152284264564514,-0.3181818127632141,-0.37102880774897273,289,0.019645413144933288,0.0,0.0,0.0,0.0,0.0,1.3710288077489727,0.0,0.0,0.0,0.0,1117.993952185136
1103,76.2159629587747,10.014534674811348,29.650645940000004,35.758647680000024,32.3568544047059,289,1.7549330484472587,-0.2800788879394531,0.7588512301445007,0.2596218280726238,289,0.3315749272115841,-0.43283581733703613,0.14710095524787903,-0.21213660850656899,289,0.1424234638076956,28.0,0.009370930033745678,83.13518352809812,1540.5374642998863,0.006201718771966413,1.212136608506569,0.2596218280726238,0.038921540139715785,0.1398346601029413,0.07928678812500599,707.0909554509997
1104,76.22052380413889,10.014534674811348,29.98561189999998,35.93296670000001,32.863797627058844,289,1.593773576481314,-0.22679200768470764,0.7629713416099548,0.35093467210815854,289,0.2774433965424332,-0.45411765575408936,0.12419238686561584,-0.20100545388192043,289,0.10404560427533632,24.0,0.0073561067193062615,76.13721298591855,5345.192312291264,0.02151806124232907,1.2010054538819204,0.35093467210815854,0.030553104325448645,0.4851833645693176,0.21240520842299626,499.97761877972516
1105,76.22508464950309,10.014534674811348,30.077898440000013,39.09805322,34.88059500588237,289,1.6420470919923715,-0.21882352232933044,0.730019748210907,0.4406136905445772,289,0.19000793938570684,-0.42463234066963196,0.2498331516981125,-0.11367457300733942,289,0.11777356849373052,80.0,0.04067537739417456,126.29954907322012,7816.285687015392,0.03146590511139919,1.1136745730073394,0.4406136905445772,0.16894249858278465,0.7094846296438511,0.3851593510072112,0.0
1106,76.22964549486728,10.014534674811348,30.751248379999993,38.96133242000002,35.59247750352943,289,1.3896137699372764,-0.15578947961330414,0.7072330713272095,0.40390278641327854,289,0.17252519506494216,-0.4483300447463989,0.2955435514450073,-0.07512794151438149,289,0.11540094015799718,142.0,0.08791569732820612,153.793604841835,6538.508388971088,0.026321976035143187,1.0751279415143815,0.40390278641327854,0.3651520532272224,0.5935007225335609,0.45649152094975776,0.0
1107,76.23420634023148,10.014534674811348,30.744412340000054,36.23717048000003,34.08287171529414,289,1.2924866490617741,-0.1347099244594574,0.7290357947349548,0.4571324120755839,289,0.17161851118925384,-0.554246723651886,0.08117595314979553,-0.17323833848365863,289,0.13204396443888872,84.0,0.035441917921721654,104.8088909140494,4684.385368292848,0.018857860549901784,1.1732383384836587,0.4571324120755839,0.1472056696668577,0.4252018863196629,0.25840415632797975,0.0
1108,76.23876718559568,10.014534674811348,29.346442160000038,35.16733022000005,30.44179338588237,289,1.3749882014148238,-0.3311111032962799,0.7330960631370544,-0.12491739662460802,289,0.2766478789048207,-0.4832487404346466,0.10659186542034149,-0.3146845411676849,289,0.11148684936599197,5.0,0.0028426328179708433,141.2247963621837,1236.4780121206077,0.004977671154772612,1.3146845411676849,0.0,0.011806688015885391,0.11223516893061934,0.05197808038177897,499.97761877972516
1109,76.24332803095987,10.014534674811348,29.483162960000016,34.562340680000034,30.225322728235316,289,0.9276913847761413,-0.3187066912651062,0.5984252095222473,-0.23528720103333153,289,0.13664740304638118,-0.4555084705352783,0.10676009953022003,-0.36714631710910467,289,0.10097886406677564,0.0,0.0,0.0,564.1604972643153,0.0022711325283322863,1.3671463171091047,0.0,0.0,0.05120887560778271,0.020483550243113085,999.9552375594503
1110,76.24788887632407,10.014534674811348,29.954849720000027,31.872358940000026,30.275552247058837,289,0.4196366099539939,-0.3076923191547394,0.7948254942893982,-0.1335075536813703,289,0.26011948414516534,-0.636326789855957,-0.23908045887947083,-0.46981389134812934,289,0.0489403172832361,0.0,0.0,0.0,0.0,0.0,1.4698138913481293,0.0,0.0,0.0,0.0,999.9552375594503
1111,76.25244972168827,10.014534674811348,29.85230912000003,33.32843546000004,31.029598209411784,289,0.8075614149716007,-0.2316831648349762,0.765102744102478,0.12900650130011218,289,0.29377339196262475,-0.6093201637268066,-0.036521200090646744,-0.4090306107148167,289,0.10986297165867119,0.0,0.0,0.0,243.97854594024238,0.000982180805971057,1.4090306107148167,0.12900650130011218,0.0,0.022145944408738103,0.008858377763495242,499.97761877972516
1112,76.25701056705246,10.014534674811348,30.14284082000006,36.20982632000005,34.16107222823531,289,1.2523125880029913,-0.17095588147640228,0.764339804649353,0.45045006563919227,289,0.2016582122246246,-0.4767255187034607,0.16308817267417908,-0.1469270910771248,289,0.13768448269779726,23.0,0.016504930655359788,178.25678272616452,5030.5320933897765,0.020251338276108144,1.1469270910771248,0.45045006563919227,0.0685521414301967,0.4566216412891875,0.223779941373793,0.0
1113,76.26157141241666,10.014534674811348,30.006120020000026,35.49546013999998,32.300579041250025,272,2.0738602752318265,-0.3144329786300659,0.6885346174240112,0.10344186951132382,272,0.3135186036548913,-0.4349919855594635,0.1337520331144333,-0.22585487365722656,272,0.1500744219148476,18.0,0.009554137793611823,131.84971377678966,1892.228433902491,0.007617515880871363,1.2258548736572266,0.10344186951132382,0.03968248149280018,0.17175766641425086,0.09251255546138044,499.97761877972516
1114,76.26613225778085,10.014534674811348,30.019792100000018,32.679011660000015,30.572021130588258,289,0.4174115554810122,-0.3505154550075531,0.680985689163208,-0.1650531333210559,289,0.224176506167812,-0.42493176460266113,0.002673796843737364,-0.30681834501378674,289,0.08060955835310551,0.0,0.0,0.0,0.0,0.0,1.3068183450137867,0.0,0.0,0.0,0.0,999.9552375594503
1115,76.27069310314505,10.014534674811348,30.27614360000001,36.295276820000026,31.23246774941178,289,1.2798761708587014,-0.2948255240917206,0.7286202907562256,-0.09475716587581437,289,0.23868944037512566,-0.45679011940956116,0.14042191207408905,-0.3122827866498162,289,0.1255996547780635,2.0,0.0011323738212025403,140.64361504430227,619.3798596320104,0.002493428294652635,1.3122827866498161,0.0,0.004703240017413853,0.05622113979916148,0.025310399930112908,1499.9328563391755
1116,76.27525394850925,10.014534674811348,33.841138460000025,38.87588191999998,36.88046786352943,289,1.0951662630275667,0.040169134736061096,0.7071840167045593,0.3277709855340344,289,0.14405924092290157,-0.3231118619441986,0.22305676341056824,0.02400254708260401,289,0.10838052407453008,62.0,0.05848477926659511,234.3210806249191,7212.881520657745,0.029036789927703466,0.975997452917396,0.3277709855340344,0.242912675218996,0.6547136042954568,0.40763304684958035,1117.993952185136
1117,76.27981479387344,10.014534674811348,34.367513540000004,38.97842251999998,37.44332942000002,289,0.7171412521943247,0.012025902047753334,0.7619141936302185,0.3334924506481131,289,0.1580283269210585,-0.3336326777935028,0.2911543548107147,0.018661109633924228,289,0.11876883387733751,131.0,0.06454434197806233,122.3903221221782,5968.810594897025,0.024028552093348542,0.9813388903660758,0.3334924506481131,0.2680806694793507,0.5417892262266886,0.37756409217828585,707.0909554509997
1118,76.28437563923764,10.014534674811348,34.16243234000001,38.76308726000002,37.02746637764708,289,0.967164698806985,0.03963133692741394,0.7469961047172546,0.35199156764469347,289,0.1685581647135892,-0.28063103556632996,0.299893856048584,-0.005230569509486426,289,0.12498052082001414,10.0,0.01707900563655469,424.25090533021546,10453.607877522729,0.0420829338533948,1.0052305695094865,0.35199156764469347,0.07093652402011268,0.9488744923624044,0.42211171135702935,499.9999999999634
1119,76.28893648460183,10.014534674811348,36.753291500000046,39.32022452000001,38.06209748352943,289,0.5427670033995865,0.09541284292936325,0.6761404275894165,0.2969000793245837,289,0.1284088179179636,-0.22456814348697662,0.23931509256362915,0.05711346266591425,289,0.0902991110934336,0.0,0.0,0.0,10830.706038876266,0.043601012316486956,0.9428865373340858,0.2969000793245837,0.0,0.983103710697111,0.3932414842788444,707.0909554509997
1120,76.29349732996603,10.014534674811348,36.24742454,39.85343564000004,38.01430433882355,289,0.8582346986429708,0.012899897061288357,0.7471765875816345,0.30940093466154844,289,0.1509528320946957,-0.3352295160293579,0.25840574502944946,0.0407147094040181,289,0.09999363907884228,8.0,0.010862397010535685,337.28410949702317,9977.311321097859,0.04016551388571782,0.9592852905959819,0.30940093466154844,0.04511624990653169,0.9056410309118961,0.3893261623086775,1117.993952185136
1121,76.29805817533023,10.014534674811348,35.102387840000006,40.18840160000002,37.611829527058845,289,0.8917166416347915,0.07941652834415436,0.7704406380653381,0.3499899471507353,289,0.14799692337887582,-0.3272727131843567,0.2845092713832855,0.020350119646857765,289,0.10177577777757724,87.0,0.053913768155017416,153.93615336441553,9616.61053872098,0.038713446107446495,0.9796498803531423,0.3499899471507353,0.22392728189969013,0.8729002034595378,0.48351645052362924,1581.0751321571536
1122,76.30261902069442,10.014534674811348,36.52086614000001,40.84807946000001,38.42108420000002,289,0.9936019851559297,-0.0453164204955101,0.7461258769035339,0.3233115120330071,289,0.14541526697629753,-0.2892249524593353,0.3662154972553253,0.047805832331568314,289,0.10887538603643955,39.0,0.052143119303761726,332.1181398441679,7466.750799461832,0.030058787709951754,0.9521941676684317,0.3233115120330071,0.21657300862165743,0.6777573310043568,0.4010467375747372,1499.9328563391755
1123,76.30717986605862,10.014534674811348,35.97740096000001,39.21084788000002,37.53904580705884,289,0.6232281838721152,0.04771505296230316,0.7129721641540527,0.34942109527059906,289,0.13321223917156202,-0.2615300118923187,0.2503943145275116,0.016252032613259287,289,0.09099530468090299,91.0,0.06060098368805191,165.42398452519924,7888.754359504068,0.03175764116908524,0.9837479673867408,0.34942109527059906,0.25170219077796047,0.7160626145487303,0.4374463602862684,999.9552375594503
1124,76.31174071142281,10.014534674811348,34.94515892000004,40.42766300000005,38.08741921647061,289,0.9110911622102227,0.0008481764234602451,0.746423065662384,0.28390054141773896,289,0.16071138521929368,-0.3233258128166199,0.322607159614563,0.04523219534270079,289,0.1036801274302248,37.0,0.10588067383157605,710.845417956916,9618.895022045906,0.03872264271801181,0.9547678046572992,0.28390054141773896,0.43976839883720825,0.8731075661213717,0.6131040657508737,499.97761877972516
1125,76.31630155678701,10.014534674811348,32.55938096,38.756251220000024,35.657230650588254,289,1.4266634436392935,0.03531845659017563,0.8032918572425842,0.5325893415299254,289,0.1860742813487345,-0.3881894052028656,0.29260119795799255,-0.10510238066676579,289,0.1465716671804163,16.0,0.03834913364923746,595.3820956976563,3908.0683640997922,0.015732652725054235,1.1051023806667657,0.5325893415299254,0.1592805985400691,0.35473555432246984,0.2374625808530294,0.0
1126,76.3208624021512,10.014534674811348,34.15559630000001,39.02969282000004,37.21850664125002,272,1.0032095903567397,0.0799940824508667,0.7358490824699402,0.38495714524213004,272,0.16947888620886614,-0.31611812114715576,0.2967590093612671,-0.01267927183824427,272,0.11720055743547345,98.0,0.09477455782453832,240.2292509209376,6373.546529542224,0.02565789152958174,1.0126792718382442,0.38495714524213004,0.39363987814527895,0.5785271265790687,0.46759477751879486,499.97761877972516
1127,76.3254232475154,10.014534674811348,36.57213644000001,39.50137958000005,38.200474071764724,289,0.6368019105622443,0.0317460335791111,0.7475512027740479,0.29768508858334236,289,0.14991685357215748,-0.3116123676300049,0.2821529805660248,0.043952199414527125,289,0.1110607852455784,91.0,0.09389814623042013,256.316061945846,6727.90505327272,0.027084427371489656,0.9560478005854729,0.29768508858334236,0.3899997603643815,0.6106922669075145,0.47827676298163474,999.9552375594503
1128,76.3299840928796,10.014534674811348,35.34848527999998,40.475515280000025,38.02095114588237,289,0.7983450689910451,0.023162711411714554,0.7335984110832214,0.3047654571005217,289,0.16611941382172213,-0.23512747883796692,0.27438825368881226,0.04488897818595068,289,0.10074714714028644,37.0,0.05181836469400738,347.8901840703112,7966.108663925871,0.03206904524262597,0.9551110218140493,0.3047654571005217,0.2152241617586893,0.723084068500347,0.4183681244553524,707.0909554509997
1129,76.3345449382438,10.014534674811348,35.608254800000054,41.63080604000004,38.589170360000026,289,1.1050210042037396,0.04458204284310341,0.7862184643745422,0.33730561675497406,289,0.16841651645453565,-0.33138465881347656,0.2551635801792145,0.02362334439498743,289,0.1079583804872627,33.0,0.06211946817864003,467.5994427992395,7279.50761802673,0.029305005617572377,0.9763766556050125,0.33730561675497406,0.2580091160072739,0.6607612583742958,0.4191099729540827,499.9999999999634
1130,76.33910578360799,10.014534674811348,35.22885458000002,41.38129058000004,38.55064962941179,289,1.0438483993909284,0.014657980762422085,0.7670271396636963,0.3901163912974427,289,0.16445744534912202,-0.32216623425483704,0.23567071557044983,-0.01528161784769342,289,0.1098054887709333,101.0,0.09883299617752234,243.07527376698573,6733.659647115481,0.027107593554387983,1.0152816178476933,0.3901163912974427,0.4104963343018607,0.6112146116687949,0.4907836452486344,707.0909554509997
1131,76.34366662897219,10.014534674811348,36.18590018000003,40.673760440000024,38.0607255447059,289,1.0186857277778285,0.057901907712221146,0.7614831328392029,0.3907231789559229,289,0.16604142960023144,-0.25159934163093567,0.25483691692352295,-0.006365533518543705,289,0.10848248650858813,76.0,0.07133952813580606,233.172235284767,7923.357562783176,0.03189694277019479,1.0063655335185437,0.3907231789559229,0.29630402722965377,0.7192035489830682,0.4654638359310196,499.97761877972516
1132,76.34822747433638,10.014534674811348,35.04428150000001,40.15763942000001,38.08661497647061,289,1.167198772917935,0.06652586907148361,0.808375358581543,0.4147041611192961,289,0.19270346740908942,-0.347272127866745,0.2333889752626419,-0.011557006505946387,289,0.12628291627722332,86.0,0.05277877389378492,152.44775793506727,8019.880583569195,0.03228551406028515,1.0115570065059465,0.4147041611192961,0.21921315805735792,0.7279649482456663,0.42271387413268124,0.0
1133,76.35278831970058,10.014534674811348,34.049637680000046,39.921796040000004,36.94040739764708,289,1.1606077180999839,0.0849182978272438,0.8141512274742126,0.4634780619796172,289,0.195462446109088,-0.36434227228164673,0.23467537760734558,-0.06327999999366417,289,0.13208782352163237,86.0,0.0723232500509441,208.90059589167532,4885.912256699482,0.019669144349127914,1.0632799999936642,0.4634780619796172,0.30038985135473895,0.44349449172199357,0.3576317075016408,0.0
1134,76.35734916506478,10.014534674811348,36.61998872000004,41.23431572000004,38.60006308117649,289,0.9419850729238521,0.024170994758605957,0.7785888314247131,0.32192570775437934,289,0.15758150583706487,-0.2511172294616699,0.2385786771774292,0.025068012488342072,289,0.09154285759730373,185.0,0.1774784854256411,238.30556339569975,7460.135167323019,0.030032155257983216,0.9749319875116579,0.32192570775437934,0.7371451893840408,0.677156829755322,0.7131498455325533,499.97761877972516
1135,76.36191001042897,10.014534674811348,35.96714689999999,39.49796156000002,38.100748311764725,289,0.7525800642825752,0.04613878205418587,0.7842236757278442,0.3788624799787792,289,0.1839795648401317,-0.3298671245574951,0.23123304545879364,0.002060057795171507,289,0.10956689795892034,120.0,0.14576781862724902,301.7453627796815,5084.495251994229,0.020468576961610627,0.9979399422048285,0.3788624799787792,0.6054370252844062,0.4615198798042528,0.5478701670923448,499.9999999999634
1136,76.36647085579317,10.014534674811348,34.8221102,39.94572218000002,38.13048153764708,289,0.9535196926711191,0.005399845540523529,0.8041958212852478,0.31949259088113646,289,0.1859709054951432,-0.3988727927207947,0.270577996969223,0.01880321865675771,289,0.12685352867562694,123.0,0.12943228969060763,261.3952662722671,5717.333833582712,0.02301618583319721,0.9811967813432423,0.31949259088113646,0.537588482725516,0.5189626684459879,0.5301381570137047,499.9999999999634
1137,76.37103170115736,10.014534674811348,33.83088440000006,40.56780182,37.88657210352944,289,1.4134866803380435,0.04305614158511162,0.7578454613685608,0.3654819475325746,289,0.16412044837371936,-0.35832273960113525,0.26233628392219543,0.017777287836305822,289,0.10404276583286082,111.0,0.16802955372147665,376.0303431586098,5187.686416830571,0.020883992100091182,0.9822227121636942,0.3654819475325746,0.6978996744483084,0.47088654682463205,0.6070944233988378,499.97761877972516
1138,76.37559254652156,10.014534674811348,31.469032580000032,38.575096160000044,34.754293844705906,289,1.394374143839794,-0.07495429366827011,0.8074954152107239,0.5261034586025357,289,0.2025595977391742,-0.47150933742523193,0.15536241233348846,-0.1523362922008475,289,0.13434963575456954,11.0,0.01913786024556546,432.1762427904953,1173.4012503238407,0.004723743972360569,1.1523362922008475,0.5261034586025357,0.07948784091372746,0.10650968821324283,0.0902965798335336,0.0
1139,76.38015339188576,10.014534674811348,33.7796141,38.759669239999994,35.57408716625002,272,1.0716268091005483,0.09941958636045456,0.8129675984382629,0.576935094945571,272,0.15142931941506782,-0.28003135323524475,0.1855398565530777,-0.07052125650293686,272,0.11250958761340045,0.0,0.0,0.0,522.716587279019,0.002104292395913757,1.070521256502937,0.576935094945571,0.0,0.04744700989504943,0.018978803958019774,0.0
1140,76.38471423724995,10.014534674811348,33.73859786000003,36.92077447999998,34.90743060235296,289,0.5015565152026781,0.09117517620325089,0.7953067421913147,0.5924104472757623,289,0.11855214206196646,-0.2914671003818512,0.2419286072254181,-0.046963467317468977,289,0.09301336365108374,0.0,0.0,0.0,550.6133865130337,0.0022165961259408566,1.046963467317469,0.5924104472757623,0.0,0.04997920371003157,0.01999168148401263,0.0
1141,76.38927508261415,10.014534674811348,33.65998339999999,37.78553354000002,34.80263103411766,289,0.696062658172725,0.07532956451177597,0.796082615852356,0.5979802220750432,289,0.12380408973583099,-0.2801682949066162,0.1587516963481903,-0.08301662326271558,289,0.09697704963722119,0.0,0.0,0.0,1406.6868919615115,0.005662878512416739,1.0830166232627156,0.5979802220750432,0.0,0.12768503718154944,0.05107401487261978,0.0
1142,76.39383592797834,10.014534674811348,33.18146060000004,39.720132860000035,35.903895789411784,289,1.1999493971108872,0.1810314953327179,0.7897042632102966,0.5778598455409277,289,0.12256239403742039,-0.28283125162124634,0.1632167100906372,-0.06817744429961207,289,0.09822271917639319,0.0,0.0,0.0,1802.8528653456258,0.007257717982982407,1.0681774442996121,0.5778598455409277,0.0,0.16364504173599537,0.06545801669439814,0.0
1143,76.39839677334254,10.014534674811348,0.0,37.90174622000001,31.467704872941194,289,11.544983147251266,0.0,0.7886835932731628,0.5143257853894085,289,0.23264586802205514,-0.44661593437194824,0.19464866816997528,-0.08001743303450747,289,0.1113759251003706,3.0,0.007423767848719489,614.7001563993354,1294.6590193880975,0.005211889570945104,1.0800174330345074,0.5143257853894085,0.03083413036607343,0.11751626177271622,0.06550698292873054,0.0
1144,76.20228042268211,10.019026230686302,29.076418579999995,29.384040379999988,29.227185305937518,256,0.06680763929749434,-0.3284848630428314,-0.19221967458724976,-0.2692813575267792,256,0.04291265621253584,-0.44186046719551086,-0.31590908765792847,-0.3765597343444824,256,0.032026524925669084,0.0,0.0,0.0,0.0,0.0,1.3765597343444824,0.0,0.0,0.0,0.0,2121.258181191858
1145,76.2068412680463,10.019026230686302,29.24390156000004,29.57544949999999,29.43489599375002,272,0.07642334863586729,-0.3526920676231384,-0.2901202440261841,-0.3281088436351103,272,0.011984156524434826,-0.4346895217895508,-0.3139393925666809,-0.36226645637960997,272,0.020564748871782956,0.0,0.0,0.0,0.0,0.0,1.36226645637961,0.0,0.0,0.0,0.0,1802.7024910599011
1146,76.2114021134105,10.019026230686302,29.39087642000004,34.593102860000045,30.319346367500014,272,1.3812690609353961,-0.3253389000892639,0.6139025092124939,-0.22634760071249568,272,0.14760547244684438,-0.4500494599342346,0.18202073872089386,-0.349609655492446,272,0.144875102494045,0.0,0.0,0.0,0.0,0.0,1.349609655492446,0.0,0.0,0.0,0.0,1414.172120794572
1147,76.2159629587747,10.019026230686302,29.681408120000015,34.68197138000005,31.365511812500017,272,1.272244761555912,-0.2654387950897217,0.7353375554084778,0.2738648021922392,272,0.31144452899234654,-0.44286906719207764,0.14708691835403442,-0.231400868471931,272,0.12202345117869552,32.0,0.008212713156209986,63.752448947503694,3571.6025043360396,0.014378147114526296,1.231400868471931,0.2738648021922392,0.03411096269146193,0.32419453196720344,0.15014439040175853,1117.9815683779082
1148,76.22052380413889,10.019026230686302,29.185795220000045,34.78451198000005,30.129394932500023,272,0.898751530457453,-0.30293819308280945,0.6722383499145508,-0.06134081588071935,272,0.25023906452230665,-0.4595588147640228,-0.00561797758564353,-0.2962210599113913,272,0.1018095396970246,4.0,0.0016085728426345719,99.89435264847512,2548.327587090464,0.010258764489808175,1.2962210599113912,0.0,0.006681101260685965,0.23131181826447053,0.0965333880621998,707.086060397286
1149,76.22508464950309,10.019026230686302,30.026628140000014,39.93888614000002,36.13544668625001,272,2.881722225233608,-0.1875,0.7243417501449585,0.3185989155488856,272,0.2062324561545168,-0.37005162239074707,0.25504517555236816,-0.040921898449168485,272,0.1412492423018915,116.0,0.07244159590376993,155.12800809445864,6028.493115120644,0.024268815127910504,1.0409218984491684,0.3185989155488856,0.3008813930527926,0.5472066114723952,0.3994114804206337,499.9999999999634
1150,76.22964549486728,10.019026230686302,30.187275080000006,39.11856134000004,34.14168546125002,272,2.2249503720781196,-0.24434389173984528,0.7180922031402588,0.31610960118910847,272,0.2492990340181021,-0.4713689684867859,0.23541580140590668,-0.14516423730289235,272,0.13540792223624862,59.0,0.035575727842186905,149.7828115179708,3192.92521201409,0.012853711567366314,1.1451642373028923,0.31610960118910847,0.14776144035042116,0.28982197583816005,0.20458565454551672,499.9999999999634
1151,76.23420634023148,10.019026230686302,29.50708910000003,35.43393578000001,31.15637171375002,272,1.3319634296687795,-0.2545045018196106,0.7265005707740784,0.11123216853422277,272,0.3047179381626836,-0.5901182889938354,0.03401657193899155,-0.2860525916604435,272,0.12993966477770988,15.0,0.007668760531655657,126.99719049029501,865.0429537091854,0.003482390561019947,1.2860525916604435,0.11123216853422277,0.03185169132411051,0.07851999072371879,0.05051901108395382,499.9999999999634
1152,76.23876718559568,10.019026230686302,29.06616452000003,31.04861612000002,29.382457032500017,272,0.21433818655105266,-0.3340757191181183,0.6861783862113953,-0.22940564155578613,272,0.0883279509955163,-0.5117219090461731,-0.19435104727745056,-0.4202398973352769,272,0.033707628955255135,0.0,0.0,0.0,0.0,0.0,1.4202398973352768,0.0,0.0,0.0,0.0,707.086060397286
1153,76.24332803095987,10.019026230686302,29.295171859999982,30.08815249999998,29.660183723750016,272,0.17714823670068816,-0.32342857122421265,-0.223709374666214,-0.29277565900017233,272,0.015518850633286856,-0.4736842215061188,-0.3484162986278534,-0.3938080563264735,272,0.021993898770825034,0.0,0.0,0.0,0.0,0.0,1.3938080563264734,0.0,0.0,0.0,0.0,1117.9815683779082
1154,76.24788887632407,10.019026230686302,29.725842380000017,31.414344260000007,30.149412968750024,272,0.3040755051026049,-0.32107841968536377,0.6928783655166626,-0.16642500372493968,272,0.16953840832655892,-0.655422568321228,-0.1290661096572876,-0.41985321044921875,272,0.08752072268119218,0.0,0.0,0.0,0.0,0.0,1.4198532104492188,0.0,0.0,0.0,0.0,707.086060397286
1155,76.25244972168827,10.019026230686302,30.50515094000002,34.545250580000015,32.23476959000001,272,1.1043658760006392,-0.11756168305873871,0.7925090193748474,0.31122934117036705,272,0.2811342137535085,-0.6339316964149475,0.07562500238418579,-0.3391825171077953,272,0.1834751186650261,0.0,0.0,0.0,1069.061691975522,0.0043037057631882085,1.3391825171077953,0.31122934117036705,0.0,0.09703878145826894,0.03881551258330758,499.9706959494637
1156,76.25701056705246,10.019026230686302,30.713650160000043,34.986175160000016,33.55839783500002,272,0.837472312066614,-0.13450291752815247,0.7321503758430481,0.47208382101619945,272,0.1738460804399776,-0.40008822083473206,0.12079528719186783,-0.1409454345703125,272,0.09827764625037064,2.0,0.0013003047702391797,161.50105214511015,4756.833977571916,0.019149515839423124,1.1409454345703125,0.47208382101619945,0.00540073014380396,0.431778050086036,0.1759516581206968,0.0
1157,76.26157141241666,10.019026230686302,30.006120020000026,34.62044702000003,30.96508825625002,256,1.0097553787391493,-0.26433566212654114,0.7068166732788086,0.03249053657054901,256,0.2766102664334623,-0.5012242197990417,0.1583808809518814,-0.2656588554382324,256,0.12048746048150183,0.0,0.0,0.0,153.19744446480607,0.0006167246751032096,1.2656588554382324,0.03249053657054901,0.0,0.013905739439521505,0.005562295775808602,499.9706959494637
1158,76.26613225778085,10.019026230686302,29.85230912000003,31.219517119999978,30.112807482500017,272,0.17697971551484715,-0.3480176329612732,0.6816028952598572,-0.23966404970954447,272,0.15969315488411293,-0.44050726294517517,-0.12758620083332062,-0.31534413730396943,272,0.035906927294549716,0.0,0.0,0.0,0.0,0.0,1.3153441373039694,0.0,0.0,0.0,0.0,999.9413918989273
1159,76.27069310314505,10.019026230686302,30.286397660000034,36.807979820000014,33.72722540375002,272,2.341297285854123,-0.2966752052307129,0.723053514957428,0.16240606588475845,272,0.30058016818682026,-0.38931751251220703,0.19674797356128693,-0.14626647444332347,272,0.16987992773424554,26.0,0.010347114010594521,98.85669395615537,5928.511786756439,0.02386632178040583,1.1462664744433235,0.16240606588475845,0.04297605593503677,0.5381313014637531,0.24103815414652333,1118.0208838872575
1160,76.27525394850925,10.019026230686302,36.09019562000003,39.03994688,37.26897270125002,272,0.6630026142578127,0.07688429206609726,0.6891404986381531,0.3294062333948472,272,0.14552395394062348,-0.2541935443878174,0.21112310886383057,0.03161644584992353,272,0.10261926660523119,37.0,0.02623831221264093,176.15475361393592,9267.726259601088,0.03730894785070004,0.9683835541500765,0.3294062333948472,0.10897910007919441,0.8412319605790176,0.4018802442791237,999.9999999999268
1161,76.27981479387344,10.019026230686302,30.76833848000001,38.479391599999985,35.90359937375002,272,1.8198941033553662,-0.1401197612285614,0.8017880916595459,0.39103064817540784,272,0.2227784112516254,-0.415596067905426,0.290233850479126,-0.08535023296580595,272,0.14171002992408616,28.0,0.014637892224823052,129.86158814471113,5032.411789060381,0.02025890533903009,1.085350232965806,0.39103064817540784,0.06079752038886541,0.4567922613560713,0.21919541677574778,707.086060397286
1162,76.28437563923764,10.019026230686302,32.99688752000003,38.69814488000003,36.65350290875002,272,0.9844203171724254,0.06691800057888031,0.7106450796127319,0.391057294957778,272,0.15578625728589568,-0.2859805226325989,0.1986730545759201,-0.022846432293162626,272,0.10961817053244252,12.0,0.015887149274176462,328.87050560384733,8507.95060537283,0.03425033029254034,1.0228464322931625,0.391057294957778,0.0659862271891654,0.7722670877177259,0.3484985714005896,499.9999999999634
1163,76.28893648460183,10.019026230686302,35.84751620000003,39.556067900000016,37.40957647250002,272,0.6854550780491894,0.03345554694533348,0.7217572927474976,0.3417873943553251,272,0.14876859445667207,-0.3218524158000946,0.26619434356689453,0.020885095876805922,272,0.09924961956945325,42.0,0.03405140750363464,201.39374299103514,10139.638748109663,0.04081899299585528,0.9791149041231941,0.3417873943553251,0.14143027631130256,0.9203754993085451,0.4530083655101996,707.086060397286
1164,76.29349732996603,10.019026230686302,35.74839362,39.634682360000056,38.111866486250015,272,0.7757726136621322,0.009300445206463337,0.7980150580406189,0.3230585771448472,272,0.195552246947157,-0.43957388401031494,0.29709696769714355,0.019210044075460994,272,0.14270465846578184,23.0,0.043145765636478366,465.9835010041782,7809.17500439854,0.03143727974207949,0.980789955924539,0.3230585771448472,0.17920309329294243,0.7088391926389943,0.3910575330313632,1117.9815683779082
1165,76.29805817533023,10.019026230686302,34.617029,39.15615955999999,37.345827886250014,272,0.9101959037449356,0.04880382865667343,0.8213450908660889,0.37036800384521484,272,0.16665902566762922,-0.4613514840602875,0.21816386282444,0.0008733842302771175,272,0.12605044625688874,14.0,0.023559775021495775,418.02600451384615,8788.099468231772,0.035378121405706765,0.9991266157697228,0.37036800384521484,0.09785397243173011,0.7976962135416207,0.37779086887568636,1414.172120794572
1166,76.30261902069442,10.019026230686302,35.11264190000003,38.93057024000001,37.56267109625002,272,0.8021019194964438,0.04546692222356796,0.769006609916687,0.3315686057595646,272,0.1663567979458079,-0.3195020854473114,0.2398350089788437,0.029428285710951862,272,0.11541414624123782,58.0,0.10607317316114276,454.29479733177266,7833.071219118579,0.03153347837849211,0.9705717142890481,0.3315686057595646,0.4405679321125201,0.7110082532042576,0.5487440605492151,1581.0554295386619
1167,76.30717986605862,10.019026230686302,36.67809506000003,40.05509882000001,37.839568415000016,272,0.8129668835810804,0.04184044152498245,0.7164852619171143,0.3591292605680578,272,0.15171983902079317,-0.3057522177696228,0.26880764961242676,0.009230434018022874,272,0.105862547578933,89.0,0.08170887040231535,228.05489362546555,6698.247936245213,0.02696503715628611,0.9907695659819771,0.3591292605680578,0.33937240676028957,0.6080002889613247,0.44682355964070364,1117.9815683779082
1168,76.31174071142281,10.019026230686302,33.96418718000001,40.184983579999994,37.52408014250002,272,1.572231913046257,0.028959890827536583,0.7702731490135193,0.3972601049086627,272,0.20573970630503177,-0.36318621039390564,0.22238388657569885,-0.036624663016375375,272,0.12780217339377453,19.0,0.024342862003803464,318.25719597416804,7156.386268040206,0.028809357828968755,1.0366246630163753,0.3972601049086627,0.10110647258966746,0.6495855274844241,0.3204980945475701,707.086060397286
1169,76.31630155678701,10.019026230686302,35.42368171999999,38.605858340000054,37.260578446250015,272,0.6331778620997148,0.05422264710068703,0.7119613289833069,0.3388482823091395,272,0.15009283726949757,-0.30747270584106445,0.29493141174316406,0.0070899383110158585,272,0.09932675884509459,101.0,0.0771487056955932,189.7437443264512,7511.9111769818555,0.030240589170484427,0.9929100616889841,0.3388482823091395,0.32043206326852874,0.6818565406548686,0.4650018542230647,499.9999999999634
1170,76.3208624021512,10.019026230686302,35.854352240000026,38.61269437999999,37.346945497109395,256,0.6186930203105447,0.08368250727653503,0.776106595993042,0.39230912923812866,256,0.15063141946120207,-0.3833036720752716,0.22463469207286835,-0.01167867798358202,256,0.10980425679018974,50.0,0.04573127837777908,227.19749224925852,5967.815367889691,0.02402454562277786,1.011678677983582,0.39230912923812866,0.18994185002038524,0.5416988894231243,0.3306446657814809,707.086060397286
1171,76.3254232475154,10.019026230686302,36.26109661999999,38.838283700000034,37.66540019000002,272,0.6364269702115081,0.03628881275653839,0.7040715217590332,0.34558313033160043,272,0.15853980988034627,-0.25887531042099,0.29439496994018555,0.013848966535399942,272,0.10399526443441036,118.0,0.08796014273863673,185.1672232731071,6713.772259276591,0.02702753319276486,0.9861510334646001,0.34558313033160043,0.36533665430949186,0.6094094325133171,0.462965765591022,499.9999999999634
1172,76.3299840928796,10.019026230686302,36.172228099999984,39.573158000000035,38.016161926250014,272,0.6764478834798784,0.026169264689087868,0.7075268626213074,0.34588022793040557,272,0.14903151940333875,-0.2706904411315918,0.2543030381202698,0.013529302442775053,272,0.09471538234221732,58.0,0.05114810231700591,219.05931616384424,7769.549998623781,0.031277761945305696,0.9864706975572249,0.34588022793040557,0.21244027116120756,0.7052424289493759,0.4095611342764749,499.9706959494637
1173,76.3345449382438,10.019026230686302,34.24446482000002,38.66738270000002,36.69837698750001,272,1.0398939213028358,0.07707222551107407,0.7979981899261475,0.515774221981273,272,0.16427665631535757,-0.3103726804256439,0.16045339405536652,-0.08458305106443517,272,0.10767347237654326,13.0,0.024821826358756835,474.2972174208149,8911.364729406021,0.03587434853543976,1.0845830510644352,0.515774221981273,0.10309581946342265,0.8088850072569588,0.3854114945808371,0.0
1174,76.33910578360799,10.019026230686302,35.57065657999999,40.08586100000002,38.21119012625002,272,0.749584175148745,0.022208020091056824,0.7935466766357422,0.3718117826125201,272,0.1631299023620149,-0.28981322050094604,0.2216787040233612,0.003777945742887609,272,0.10652060785485516,23.0,0.036865796512823006,398.15849071012235,10683.005351186694,0.043006415853431734,0.9962220542571124,0.3718117826125201,0.15311965552931336,0.9696969121357866,0.4797505581719027,499.9706959494637
1175,76.34366662897219,10.019026230686302,37.08825746000002,45.045408020000025,39.56509046750002,272,1.6613447900458371,0.03429672494530678,0.7265704870223999,0.3224444108850816,272,0.16501927478955492,-0.2884489893913269,0.34618598222732544,0.05933532294105081,272,0.13258611954072166,48.0,0.15414869829086403,797.7353184987815,7424.917935000083,0.029890381769278666,0.9406646770589492,0.3224444108850816,0.6402464564784127,0.673960159874994,0.6537319378370452,707.086060397286
1176,76.34822747433638,10.019026230686302,33.89924480000002,42.78951482000002,39.00527659625001,272,1.786716929663349,0.06776745617389679,0.8174501657485962,0.38265419006347656,272,0.1768203105115671,-0.3959957957267761,0.3258762061595917,0.01469661996645086,272,0.13407753090027016,96.0,0.09783361513078666,253.14949458405783,8816.12115368743,0.03549092788834007,0.9853033800335491,0.38265419006347656,0.4063454710059744,0.8002397432849784,0.563903179917576,499.9999999999634
1177,76.35278831970058,10.019026230686302,33.76594202000001,40.673760440000024,37.81885923500002,272,1.3352981507232737,0.06795180588960648,0.8162673711776733,0.37126075520234947,272,0.17697233907299065,-0.3592134714126587,0.24132408201694489,0.005067157394745771,272,0.12112433155614627,26.0,0.028436210485514528,271.68056275025094,7580.247884947469,0.030515691240006207,0.9949328426052543,0.37126075520234947,0.1181079256645529,0.6880594669402531,0.346088542174833,499.9706959494637
1178,76.35734916506478,10.019026230686302,32.15605460000006,38.588768240000036,35.12966916875001,272,1.5280428164897721,-0.11209964752197266,0.8414804339408875,0.5944400114171645,272,0.1914169719870108,-0.42183586955070496,0.18685071170330048,-0.12423246047076057,272,0.13367167112405726,44.0,0.04640475642702976,261.9811335084975,2594.904455269285,0.010446268295731696,1.1242324604707605,0.5944400114171645,0.19273909670056882,0.23553960284055342,0.20985929915656265,0.0
1179,76.36191001042897,10.019026230686302,32.480766500000016,38.821193600000015,35.222973575000026,272,1.7103188865058447,0.06437425315380096,0.8435993790626526,0.6298391117769129,272,0.1829666218958368,-0.4490431547164917,0.22214926779270172,-0.16967345686519847,272,0.1585918266115733,46.0,0.042929314374180766,231.822890528065,1195.1028345624645,0.004811107717464455,1.1696734568651985,0.6298391117769129,0.17830407724400488,0.10847954206362123,0.15037426317185143,0.0
1180,76.36647085579317,10.019026230686302,34.53157850000002,40.61223608,36.91867591625002,272,1.1866525003710122,0.0832330510020256,0.7557948231697083,0.4554563971126781,272,0.17879847203308305,-0.3120841979980469,0.20346572995185852,-0.023822137538124535,272,0.10576147245535501,24.0,0.04450751908630843,460.6619492421772,5619.871886851923,0.022623834722886878,1.0238221375381245,0.4554563971126781,0.1848590464765745,0.5101160428299958,0.31496184501794305,0.0
1181,76.37103170115736,10.019026230686302,33.80354024000002,40.967710160000024,36.812378007500016,272,1.923696254767799,0.09119746088981628,0.8035370111465454,0.44089118172140684,272,0.2217905135534314,-0.3524446487426758,0.2767031192779541,-0.03907240488949944,272,0.1524053435270343,21.0,0.05762161241536715,681.5948621372444,4864.587611168217,0.019583298040575545,1.0390724048894995,0.44089118172140684,0.23932756860456617,0.4415588526163031,0.32022008220926096,0.0
1182,76.37559254652156,10.019026230686302,33.55402478000002,38.73232508000001,36.22210354625002,272,1.2852778122593216,0.06574585288763046,0.7970486879348755,0.4551672094008502,272,0.19962604022308994,-0.35129839181900024,0.1875782608985901,-0.08218932151794434,272,0.1190382385545602,54.0,0.0780284522406605,358.93799163666614,2452.75361067106,0.009874013753518186,1.0821893215179443,0.4551672094008502,0.32408603254834484,0.22263656380490596,0.2835062450509693,0.0
1183,76.38015339188576,10.019026230686302,32.27568530000002,38.29140050000001,34.47432666500002,256,1.3321818592063561,0.11606217920780182,0.8199300765991211,0.5616297721862793,256,0.15346816056573534,-0.39912664890289307,0.1766929179430008,-0.11200383305549622,256,0.11272672327016182,0.0,0.0,0.0,1617.2876632971113,0.006510690907278658,1.1120038330554962,0.5616297721862793,0.0,0.1468012793759672,0.05872051175038689,0.0
1184,76.38471423724995,10.019026230686302,34.189776499999994,38.53407992000001,35.900684003750015,272,0.9559585219774116,0.11170880496501923,0.7960419058799744,0.5482624839333927,272,0.13038655917585235,-0.2657491862773895,0.18409785628318787,-0.03512437553966746,272,0.09281245596815256,0.0,0.0,0.0,759.095579993998,0.0030558797934232464,1.0351243755396675,0.5482624839333927,0.0,0.0689031424901736,0.02756125699606944,0.0
1185,76.38927508261415,10.019026230686302,34.06672778000001,38.01454088000003,35.93732718875002,272,0.794691982720989,0.12287743389606476,0.7932310700416565,0.5288782680735868,272,0.15740635498089803,-0.2971782982349396,0.20217853784561157,-0.047243276063133686,272,0.10784104543776478,0.0,0.0,0.0,2223.297903710414,0.008950297324564368,1.0472432760631336,0.5288782680735868,0.0,0.2018088581923691,0.08072354327694764,0.0
1186,76.39383592797834,10.019026230686302,34.65462722000001,39.80216533999999,35.96347755500001,272,0.9605232861319716,0.3189522325992584,0.7966101765632629,0.6034810683306526,272,0.08143295634798224,-0.26958173513412476,0.17862701416015625,-0.038707897943608904,272,0.09482606475838443,0.0,0.0,0.0,735.2742690161973,0.0029599826958924087,1.0387078979436088,0.6034810683306526,0.0,0.0667408809412141,0.02669635237648564,0.0
1187,76.39839677334254,10.019026230686302,0.0,38.86220983999999,31.433135119191192,272,11.499230622198024,0.0,0.7976128458976746,0.5172291923971737,272,0.21730833711711,-0.321541965007782,0.21373264491558075,-0.06369916831745821,272,0.09810621169716448,0.0,0.0,0.0,118.28122144578626,0.00047616295507932815,1.0636991683174581,0.5172291923971737,0.0,0.010736392188260705,0.004294556875304282,0.0
1188,76.20228042268211,10.023517786561257,29.04907442000001,29.384040379999988,29.216368906250015,272,0.07482601498585806,-0.35091742873191833,-0.18987341225147247,-0.2588342778822955,272,0.038602108826515824,-0.4519427418708801,-0.3136094808578491,-0.39346714580760284,272,0.0257121616265238,0.0,0.0,0.0,0.0,0.0,1.393467145807603,0.0,0.0,0.0,0.0,1802.6852033102161
1189,76.2068412680463,10.023517786561257,29.10034472000001,29.712170300000025,29.456835927058847,289,0.13076049722245478,-0.3739445209503174,-0.27172717452049255,-0.32959781633528873,289,0.020641635683024136,-0.44285714626312256,-0.28921568393707275,-0.36467645242552443,289,0.030934820142847638,0.0,0.0,0.0,0.0,0.0,1.3646764524255244,0.0,0.0,0.0,0.0,1414.162326409904
1190,76.2114021134105,10.023517786561257,29.40796652000006,35.003265260000035,31.215460438823545,289,1.608765931040243,-0.30588236451148987,0.7130699157714844,0.002425990715158852,289,0.3522835670866968,-0.45359018445014954,0.2222709357738495,-0.30237603105063254,289,0.1769141313690004,9.0,0.0022966104648444786,63.38770467576683,831.9100829489812,0.003349008055677191,1.3023760310506325,0.002425990715158852,0.009538820167351773,0.07551251844319659,0.035928299477689704,1117.9691791087898
1191,76.2159629587747,10.023517786561257,29.271245720000024,33.60187705999999,30.650020583529432,289,1.158678485705419,-0.2868216931819916,0.7079132199287415,0.14670806937564204,289,0.33045123333815635,-0.49312976002693176,0.05539221316576004,-0.30404665725866403,289,0.10201601100004128,49.0,0.012311429016186384,62.41264403048473,1367.510929100338,0.0055051684210257355,1.304046657258664,0.14670806937564204,0.05113470881814127,0.12412903313890367,0.08033243854644623,707.081163204952
1192,76.22052380413889,10.023517786561257,29.305425920000005,37.50525590000001,32.61288657411767,289,2.701036772794904,-0.35147392749786377,0.6876543164253235,0.15763033962579748,289,0.3372070115820553,-0.4466403126716614,0.21582935750484467,-0.18625895622279817,289,0.1659585185576408,103.0,0.03345125101305986,80.67432407509457,2640.6764796395955,0.010630532053898243,1.186258956222798,0.15763033962579748,0.13893756589153644,0.23969433170523233,0.17924027221701477,499.96377004669506
1193,76.22508464950309,10.023517786561257,32.709773840000025,38.40419516000003,35.94003928117649,289,1.0795683110259262,0.06008230522274971,0.7207263708114624,0.42182151504041415,289,0.14965472113757222,-0.41475826501846313,0.21040892601013184,-0.06999188063466426,289,0.11265798950741603,220.0,0.0942576546052729,106.42756948491723,5319.188102383422,0.02141337648102149,1.0699918806346642,0.42182151504041415,0.3914929546996297,0.4828229611789585,0.42802495729136125,0.0
1194,76.22964549486728,10.023517786561257,33.42755804000001,36.37730929999998,34.833357732941195,289,0.6311123062712299,0.14086192846298218,0.7163922190666199,0.47799276068136354,289,0.12245663166608173,-0.31398776173591614,0.14090287685394287,-0.10033548744492052,289,0.09176863222677155,170.0,0.0750195637571534,109.61899318255134,5933.099796600969,0.023884791663442217,1.1003354874449205,0.47799276068136354,0.3115888125856493,0.5385477553391221,0.4023723896870384,0.0
1195,76.23420634023148,10.023517786561257,31.318639700000006,38.01454088000003,34.92983105176473,289,1.3590604585055197,0.012205044738948345,0.7244469523429871,0.4783141456260813,289,0.13611996674396618,-0.440559446811676,0.22785314917564392,-0.10774797881763287,289,0.1021548813397651,105.0,0.06563632431832869,155.27986652805177,7122.5649313579015,0.028673203776596542,1.107747978817633,0.4783141456260813,0.2726161461434049,0.6465155631188729,0.42217591293359213,0.0
1196,76.23876718559568,10.023517786561257,29.21313938000003,32.89776494,30.201029949411787,289,0.9666218915245114,-0.2951541841030121,0.7150155901908875,0.011629052640657524,289,0.29136634499402003,-0.508650541305542,0.04406364634633064,-0.34029670900127057,289,0.12336457314105162,5.0,0.0030489460130924233,151.47463896713722,1004.357604987093,0.004043227481940143,1.3402967090012705,0.011629052640657524,0.012663596271134406,0.09116558835458158,0.04406439310451327,499.96377004669506
1197,76.24332803095987,10.023517786561257,29.295171859999982,30.006120020000026,29.609960857647078,289,0.196298543423362,-0.31187570095062256,0.03730272501707077,-0.27203435138847587,289,0.029611749774573988,-0.49808427691459656,-0.35111111402511597,-0.40656977458808663,289,0.026919370861919957,0.0,0.0,0.0,0.0,0.0,1.4065697745880867,0.0,0.0,0.0,0.0,999.9275400933901
1198,76.24788887632407,10.023517786561257,29.88648932000001,31.766400320000002,30.464690571764727,289,0.5140608939653061,-0.3260153532028198,0.7830941081047058,0.0038587081803582533,289,0.35314006503106216,-0.5928279161453247,-0.08493533730506897,-0.4087099385509029,289,0.0766691514728154,0.0,0.0,0.0,0.0,0.0,1.4087099385509028,0.0038587081803582533,0.0,0.0,0.0,499.96377004669506
1199,76.25244972168827,10.023517786561257,30.72390422000001,34.893888619999984,33.05376384588237,289,0.8539557777051241,-0.004759386647492647,0.7756929397583008,0.4505440999067366,289,0.21255416285538375,-0.6140255331993103,0.09196141362190247,-0.2350391533135543,289,0.16779456441647037,0.0,0.0,0.0,1456.446926632182,0.005863196744372911,1.2350391533135543,0.4505440999067366,0.0,0.13220175793396946,0.052880703173587784,0.0
1200,76.25701056705246,10.023517786561257,30.245381420000058,35.01010130000003,32.75381780705884,289,1.566507107865606,-0.13504646718502045,0.7294022440910339,0.3323065945846399,289,0.2608925082261737,-0.5024953484535217,0.09488054364919662,-0.18086538347818448,289,0.12761419462368573,1.0,0.0013629257160642466,338.5574554179563,3115.3646985076884,0.012541477360978737,1.1808653834781846,0.3323065945846399,0.005660822114156991,0.2827818042779662,0.11650921497968067,499.96377004669506
1201,76.26157141241666,10.023517786561257,29.88648932000001,31.021271960000036,30.44561204750002,272,0.24459170961423593,-0.22492918372154236,0.7338208556175232,0.16810882792753332,272,0.26131999245553283,-0.673184335231781,-0.08417508751153946,-0.34011131174424114,272,0.10670849942307646,0.0,0.0,0.0,0.0,0.0,1.3401113117442411,0.16810882792753332,0.0,0.0,0.0,707.081163204952
1202,76.26613225778085,10.023517786561257,29.85230912000003,35.63559896000004,31.02427603294119,289,1.290997707817495,-0.2859025001525879,0.7142857313156128,0.12329785304086019,289,0.31022996548826814,-0.4690265357494354,0.04133685305714607,-0.2790738538062284,289,0.09692790418366869,0.0,0.0,0.0,540.0372170492928,0.0021740197977315407,1.2790738538062283,0.12329785304086019,0.0,0.04901920429656361,0.019607681718625446,1117.9691791087898
1203,76.27069310314505,10.023517786561257,31.923629240000025,37.90174622000001,36.462499604705904,289,0.790396456471636,0.012485811486840248,0.7381522059440613,0.3731353126182688,289,0.1406821443978288,-0.4619549810886383,0.2391078770160675,-0.008431878469394565,289,0.11419224965349471,4.0,0.0029557588218722943,183.556259480522,10079.087555722297,0.04057523296067539,1.0084318784693946,0.3731353126182688,0.012276549415537312,0.9148792646485441,0.37331763550874003,707.081163204952
1204,76.27525394850925,10.023517786561257,31.120394540000007,37.76502542000003,35.69715880117649,289,1.74306725186712,-0.07449209690093994,0.7282066345214844,0.3132704368512111,289,0.1752836465577413,-0.3567415773868561,0.23750990629196167,-0.036237624277293067,289,0.13819914638196626,4.0,0.007566085933619966,469.8632454740511,8090.816131963971,0.03257107824309427,1.036237624277293,0.3132704368512111,0.031425239149738875,0.7344037714024322,0.31261665205081623,499.9999999999634
1205,76.27981479387344,10.023517786561257,30.11207864000005,38.086319300000014,32.14578871294119,289,1.8931479799423605,-0.14598539471626282,0.7303305268287659,0.27663376752068014,289,0.29252856865468,-0.474566787481308,0.1596074402332306,-0.23293945946082936,289,0.12180409978471538,0.0,0.0,0.0,832.3062817160269,0.0033506030271647125,1.2329394594608294,0.27663376752068014,0.0,0.0755484814244333,0.03021939256977332,499.96377004669506
1206,76.28437563923764,10.023517786561257,30.433372520000034,37.22156024000003,33.71329978117649,289,2.0485352439846585,-0.02500000037252903,0.7643693089485168,0.4122109066656304,289,0.24609342692612607,-0.4218207001686096,0.1320592612028122,-0.18068705628074988,289,0.1139534580164192,9.0,0.010467264898467563,288.90223496913865,2546.7630405310883,0.010252466117979026,1.1806870562807499,0.4122109066656304,0.04347509472716655,0.23116980429764697,0.11855297855535872,0.0
1207,76.28893648460183,10.023517786561257,31.848432800000012,39.25186412000005,36.90189849411766,289,0.7754642085942138,0.03725019842386246,0.6921205520629883,0.32644328609057366,289,0.13727061692997072,-0.21781139075756073,0.2523145377635956,0.025331028605002432,289,0.0938948895892736,8.0,0.013414778959112538,416.5371391724287,10345.999750402101,0.04164973741549874,0.9746689713949975,0.32644328609057366,0.05571740007046174,0.9391068974619678,0.4090731990270642,499.96377004669506
1208,76.29349732996603,10.023517786561257,34.84261832000004,38.98867658000006,36.93903545882355,289,0.8385133739945608,0.07189943641424179,0.7436486482620239,0.39755909005663387,289,0.16370491491714065,-0.3077009618282318,0.23638983070850372,-0.017685774700864375,289,0.11548857746733264,56.0,0.038252419100599566,169.68016359476206,9709.0144130659,0.03908543501093464,1.0176857747008643,0.39755909005663387,0.15887890103796962,0.8812877076005611,0.4478424236630062,707.081163204952
1209,76.29805817533023,10.023517786561257,35.55356648000003,38.96133242000002,37.65953988235296,289,0.674940675448168,0.06267844885587692,0.7244217395782471,0.3311598622675173,289,0.14154570114003512,-0.4016028642654419,0.2542503774166107,0.03521616318646599,289,0.10928040907040004,73.0,0.03556739813482202,121.02899642817455,10758.83113624181,0.04331166658927743,0.964783836813534,0.3311598622675173,0.14772684345999654,0.9765796223106018,0.47926795500023867,1117.9691791087898
1210,76.30261902069442,10.023517786561257,35.49546013999998,38.82802964000001,37.5116306847059,289,0.75653531359662,0.06768879294395447,0.761104166507721,0.3732047691477211,289,0.15912191070377835,-0.31669536232948303,0.21993324160575867,-0.003951540867762582,289,0.11176424753149843,125.0,0.08877353542582303,176.41426474225065,7316.08561636241,0.029452257121788433,1.0039515408677626,0.3732047691477211,0.3687150272148137,0.6640814450513788,0.48686159434943976,1499.9999999998902
1211,76.30717986605862,10.023517786561257,37.43689549999999,41.64789614000006,39.582631474117655,289,0.8511791198494139,0.033723022788763046,0.7051532864570618,0.21830335042880894,289,0.13320345188718336,-0.25819024443626404,0.34296536445617676,0.07872935892388895,289,0.08160637926416808,193.0,0.16655336129257794,214.366189773498,9387.94296927717,0.03779290247197958,0.921270641076111,0.21830335042880894,0.6917684065092221,0.8521440371275022,0.7559186587565342,1414.162326409904
1212,76.31174071142281,10.023517786561257,36.50719406000002,39.65177246000002,38.09834741882355,289,0.6969999488794338,0.0476190485060215,0.8044911623001099,0.33226234937621646,289,0.17726297367357655,-0.39190682768821716,0.25681328773498535,0.012061661089992853,289,0.12679211476743119,223.0,0.19105851667714602,212.82455526588447,6981.648605061939,0.028105919016362956,0.9879383389100072,0.33226234937621646,0.7935489539571046,0.6337245813691975,0.7296192049219418,1118.0177866917675
1213,76.31630155678701,10.023517786561257,36.82848794000006,39.22110194000004,37.81920517647061,289,0.48934916971110715,0.10379540175199509,0.7107942700386047,0.35996476011705236,289,0.1278124104970693,-0.2582094669342041,0.2590954899787903,0.010328183124634634,289,0.08829869667578308,156.0,0.09474228665559158,150.8618607247764,5535.358794522735,0.02228361162327336,0.9896718168753653,0.35996476011705236,0.39350584197245586,0.5024447853539751,0.43708141932506356,999.9275400933901
1214,76.3208624021512,10.023517786561257,36.68493110000003,39.805583360000014,38.16488349500002,272,0.7455969666636861,0.05510229617357254,0.7347246408462524,0.3572397793040556,272,0.1533212911953645,-0.3135693371295929,0.24464306235313416,0.0018038657658240374,272,0.10586145878071439,121.0,0.07480118255330188,153.56183367974003,7158.465052892781,0.028817726362251363,0.998196134234176,0.3572397793040556,0.31068178065169416,0.6497742188859793,0.44631875594540826,499.96377004669506
1215,76.3254232475154,10.023517786561257,32.59014314000001,39.805583360000014,36.38994059882355,289,1.8546292650210603,0.11033397167921066,0.8177704811096191,0.4735527170570664,289,0.2009907456798074,-0.3326296806335449,0.27580681443214417,-0.07475976382984835,289,0.1365830031668683,98.0,0.12837147679968336,325.38884294554794,5555.09821220706,0.022363076303644636,1.0747597638298483,0.4735527170570664,0.5331824663145351,0.5042365332513702,0.5216040930892691,0.0
1216,76.3299840928796,10.023517786561257,33.81379430000004,39.262118180000016,36.66650454235296,289,1.1831446865460535,0.10736677050590515,0.7639327049255371,0.43787769462823045,289,0.17038822554238378,-0.3107159435749054,0.2625725269317627,-0.02248476615826564,289,0.11789231002328593,111.0,0.09949866956871128,222.6662990712062,8724.897831925913,0.03512369151783957,1.0224847661582657,0.43787769462823045,0.41326116484928777,0.7919593979590177,0.5647404580931797,0.0
1217,76.3345449382438,10.023517786561257,34.04280163999999,41.68891238000003,37.263688223529435,289,1.6618050331860188,0.014710389077663422,0.7918320894241333,0.4642437469588019,289,0.17712357001611173,-0.3000422418117523,0.22620290517807007,-0.044503581565144154,289,0.11528088459853698,34.0,0.09649762695811154,705.0142777353167,3178.3723972066723,0.012795126517104568,1.0445035815651442,0.4642437469588019,0.400796532202493,0.2885010161346185,0.3558783257753432,0.0
1218,76.33910578360799,10.023517786561257,36.52086614000001,40.07560694000006,38.13789710352943,289,0.7479051938543333,0.08348183333873749,0.8042486906051636,0.37221474301031304,289,0.18907801101776298,-0.29764580726623535,0.2787500023841858,-0.008498153884518106,289,0.11424502402513594,44.0,0.07997058157400042,451.4792280191136,8844.710614960506,0.0356060200576423,1.0084981538845181,0.37221474301031304,0.3321525387042866,0.8028348100667289,0.5204254472492635,499.96377004669506
1219,76.34366662897219,10.023517786561257,36.37047326000004,40.25676199999998,38.42239700352943,289,0.9716771013266562,0.060261037200689316,0.7566109299659729,0.3752132534568285,289,0.16727136174576282,-0.29057538509368896,0.3188841938972473,0.010042241700380318,289,0.11131773719824062,37.0,0.05841556111542308,392.1814289011178,9138.885399330415,0.03679027511455853,0.9899577582996196,0.3752132534568285,0.24262518219113888,0.8295370694641768,0.47738993710035404,499.96377004669506
1220,76.34822747433638,10.023517786561257,32.58672511999998,40.478933299999994,36.930176991764725,289,1.9092372402462807,0.059947870671749115,0.8604385852813721,0.5151694010698259,289,0.20120623163869336,-0.48493722081184387,0.2236703783273697,-0.10457842077763435,289,0.16122363137999096,32.0,0.039968174372609744,310.2591004640194,7372.158003578119,0.02967798689756034,1.1045784207776344,0.5151694010698259,0.1660051774533299,0.6691711383494464,0.3672715618117765,0.0
1221,76.35278831970058,10.023517786561257,34.52474246000003,39.82950950000003,37.33462692235295,289,1.1262792068303709,0.061503417789936066,0.8324733376502991,0.42442675527816826,289,0.18041069369033547,-0.42433154582977295,0.3602135181427002,-0.029773837554826044,289,0.12807915147527657,15.0,0.023342176393576528,386.5540995414424,7338.148133905764,0.02954107387073237,1.029773837554826,0.42442675527816826,0.09695019087532031,0.6660840608352747,0.32460373885930205,0.0
1222,76.35734916506478,10.023517786561257,32.480766500000016,39.44669126000002,36.48815249529414,289,1.4232820091626255,-0.1504504531621933,0.8199925422668457,0.4853079508745134,289,0.20758929061150141,-0.388778418302536,0.2459651380777359,-0.06185451098379379,289,0.1331221314888414,3.0,0.015537177414251105,1286.5037782925494,4229.770139981029,0.017027722782545048,1.0618545109837938,0.4853079508745134,0.06453264213999702,0.38393644007003547,0.1922941613120124,0.0
1223,76.36191001042897,10.023517786561257,32.93878117999998,37.74793532000001,35.47989573058826,289,1.0323317458840329,0.1025555208325386,0.7972171902656555,0.5819655157703016,289,0.15546076192270453,-0.35414448380470276,0.21153689920902252,-0.08013155056118552,289,0.11706625011655314,2.0,0.0026748401246974333,332.22172551065273,2472.6008521964263,0.009953912498723683,1.0801315505611855,0.5819655157703016,0.011109772125693687,0.22443809887756444,0.096441102826442,0.0
1224,76.36647085579317,10.023517786561257,32.726863940000044,37.67957492000005,35.222787298823555,289,1.1680434326333937,0.1265990287065506,0.7839774489402771,0.5490409560682039,289,0.15904147648852682,-0.2833845913410187,0.18097533285617828,-0.07494671039515301,289,0.11143675610769951,6.0,0.006223014852744936,257.6379192620844,3124.8694273846013,0.012579740406743218,1.074946710395153,0.5490409560682039,0.025846881953972445,0.2836445489775752,0.12896594876341355,0.0
1225,76.37103170115736,10.023517786561257,34.599938899999984,37.426641440000026,35.90407319529414,289,0.6310064176117112,0.1273411363363266,0.7915722727775574,0.4908274614274708,289,0.17146208154017067,-0.28717780113220215,0.20231932401657104,-0.06046955148241512,289,0.10955390154809755,52.0,0.024003209792467357,114.6637585122635,4595.7773368976705,0.018501152514956203,1.0604695514824152,0.4908274614274708,0.09969574952061713,0.41715893102667595,0.22668102212304067,0.0
1226,76.37559254652156,10.023517786561257,33.759105980000015,38.592186260000005,35.47822811529414,289,1.193664882661613,0.13119302690029144,0.8083562850952148,0.5696066358097697,289,0.17168099589150998,-0.33347031474113464,0.2899482548236847,-0.08625464785882758,289,0.1286432192194135,21.0,0.008653077812579442,102.35557686606873,1230.317317180817,0.004952870136724134,1.0862546478588275,0.5696066358097697,0.035939988261738755,0.11167596235313111,0.0662343778982957,0.0
1227,76.38015339188576,10.023517786561257,32.463676400000054,36.43199762000006,34.25910450125002,272,0.8790816353680287,0.15798045694828033,0.7840269804000854,0.590887518490062,272,0.10715196681808208,-0.3980932831764221,0.18703241646289825,-0.06418256899889778,272,0.12646956243331123,2.0,0.0008050744711945094,99.99223038239361,223.54085823928622,0.0008999051103726971,1.0641825689988977,0.590887518490062,0.0033438237435577858,0.020290814508179617,0.01012262004940652,0.0
1228,76.38471423724995,10.023517786561257,32.53545482000004,37.06091330000004,34.868992661176485,289,0.9858626614138615,0.16651076078414917,0.787286639213562,0.5739639968608078,289,0.11354247033157941,-0.3154875636100769,0.24321043491363525,-0.07252605398633488,289,0.09261477413362455,27.0,0.031414186898990115,289.01624550093555,2539.1616893923647,0.010221865471683965,1.0725260539863348,0.5739639968608078,0.13047675438217457,0.23047982928734134,0.17047798434424127,0.0
1229,76.38927508261415,10.023517786561257,32.59014314000001,39.90812396000001,35.55246656352943,289,1.4656729703741478,0.08286464214324951,0.8201696276664734,0.5386991929842939,289,0.17683452664884428,-0.3465346395969391,0.2360319197177887,-0.07668001511517693,289,0.13080067397439915,0.0,0.0,0.0,3139.8108024554235,0.012639889678281915,1.076680015115177,0.5386991929842939,0.0,0.2850007783150087,0.11400031132600348,0.0
1230,76.39383592797834,10.023517786561257,34.169268380000005,38.86562786000002,36.273515031764724,289,0.8555585937003399,0.1405317485332489,0.8171581625938416,0.5350984883555904,289,0.1443723952463653,-0.3258998394012451,0.2942313849925995,-0.07332814358509948,289,0.10457456798309207,3.0,0.0010326551787527489,85.50554284848619,2601.1179444179156,0.010471281846641985,1.0733281435850994,0.5350984883555904,0.004289065209704169,0.2361036015509301,0.09701487974619455,0.0
1231,76.39839677334254,10.023517786561257,0.0,40.11662318000003,32.17389855529414,289,11.850701448139478,0.0,0.8026842474937439,0.503867495843696,289,0.24082436475091207,-0.3367065191268921,0.18494056165218353,-0.08763359492212844,289,0.1131115784067611,2.0,0.0007975071208199955,99.05234684477506,677.3832917481508,0.002726931849177761,1.0876335949221285,0.503867495843696,0.0033123932526361493,0.06148611413618652,0.026581881606056297,0.0
1232,76.20228042268211,10.028009342436212,28.98755005999999,29.363532260000056,29.13402227000002,272,0.07669911956991464,-0.36574074625968933,-0.2009400725364685,-0.26520689795998964,272,0.037006699368245174,-0.4541751444339752,-0.3142857253551483,-0.3859106793123133,272,0.02872369730587793,0.0,0.0,0.0,0.0,0.0,1.3859106793123133,0.0,0.0,0.0,0.0,1581.0159981503534
1233,76.2068412680463,10.028009342436212,29.18237720000002,29.93775962000001,29.481944772941194,289,0.1771173465966571,-0.37783074378967285,-0.21549156308174133,-0.3228463565602022,289,0.03907535052711655,-0.42585551738739014,-0.2825552821159363,-0.34899115644936746,289,0.035119867462832854,0.0,0.0,0.0,0.0,0.0,1.3489911564493675,0.0,0.0,0.0,0.0,1117.9567843779041
1234,76.2114021134105,10.028009342436212,29.681408120000015,34.56917672000003,31.18260486941178,289,0.9738466901240466,-0.28096675872802734,0.734208881855011,0.2729481627784386,289,0.3565597356206036,-0.5217723250389099,0.20907840132713318,-0.2912893328287197,289,0.1149908340279444,49.0,0.012803164131643533,64.9054893921374,2011.6567472664576,0.008098296666835696,1.2912893328287196,0.2729481627784386,0.053177098203768036,0.18259818019137436,0.10494553099881057,707.0762638740734
1235,76.2159629587747,10.028009342436212,29.797620800000004,34.12141610000003,31.27504516117649,289,1.3463685548761752,-0.2370203137397766,0.7278231978416443,0.18260161191946908,289,0.2682449081620712,-0.4770297706127167,-0.026284348219633102,-0.2665924811445718,289,0.0878893807951011,23.0,0.005834821664641268,63.01732248612123,1766.3720597193433,0.007110857746011933,1.266592481144572,0.18260161191946908,0.024234547137862217,0.16033367724584258,0.07867419918105435,499.9568410714619
1236,76.22052380413889,10.028009342436212,30.419700440000042,39.13565144000006,35.37542732000002,289,1.8587750702586732,-0.06314797699451447,0.7249236106872559,0.45534708095669335,289,0.15354444955934637,-0.4406474828720093,0.13951890170574188,-0.10016529782833113,289,0.1027018665534406,201.0,0.07951539108123065,98.26872872759938,6141.3339416354265,0.024723076765980418,1.1001652978283312,0.45534708095669335,0.33026193499987777,0.5574491787497842,0.42113683249984035,0.0
1237,76.22508464950309,10.028009342436212,34.00178540000002,38.937406280000005,36.19627251058825,289,1.0983227394163926,0.13258427381515503,0.7323775291442871,0.45321729191446797,289,0.1326307918441581,-0.3702939748764038,0.16212496161460876,-0.0681993095107557,289,0.09446446496956121,331.0,0.13646991471566114,102.41630949520302,5294.520917902119,0.021314074163100404,1.0681993095107556,0.45321729191446797,0.5668187943290058,0.48058391965119723,0.5323248444578824,0.0
1238,76.22964549486728,10.028009342436212,33.51642656000001,40.12345922000003,35.09002856352943,289,1.0919314887316938,0.21965628862380981,0.7662087082862854,0.5370151295381433,289,0.11779854740658344,-0.36623165011405945,0.14861248433589935,-0.11168394781726454,289,0.09438308994537344,234.0,0.10615173665841791,112.68638378038868,5186.058289016652,0.02087743777015067,1.1116839478172644,0.5370151295381433,0.44089424041934766,0.47073876158426015,0.4528320488853127,0.0
1239,76.23420634023148,10.028009342436212,29.94801368000003,36.35338316000002,32.22879101176473,289,1.416579417281495,-0.08571428805589676,0.746547520160675,0.38194105946893925,289,0.228173667969419,-0.5416028499603271,0.08692707121372223,-0.23864608817447017,289,0.12755532564954625,35.0,0.01572466474392924,111.60240315074368,2585.4585446236715,0.010408242033646703,1.23864608817447,0.38194105946893925,0.06531135840417542,0.23468219707464277,0.13305969387236238,499.9568410714619
1240,76.23876718559568,10.028009342436212,29.1652871,33.35919764000005,30.8545340847059,289,1.308528003270935,-0.28277355432510376,0.7742752432823181,0.21123051890864916,289,0.3857895420943957,-0.526451587677002,0.04311111196875572,-0.32262159301335425,289,0.13025223909309583,19.0,0.008141268121319266,106.43847726533215,1792.726570864462,0.00721695270980365,1.3226215930133542,0.21123051890864916,0.033814220448881015,0.16272587749644254,0.08537888326790563,707.0762638740734
1241,76.24332803095987,10.028009342436212,29.185795220000045,30.057390320000025,29.59921006117649,289,0.21228635406379032,-0.3025404214859009,0.6641422510147095,-0.09877980374134948,289,0.21795968592293433,-0.5926640629768372,-0.12943871319293976,-0.41489508077760057,289,0.06906763708431485,0.0,0.0,0.0,0.0,0.0,1.4148950807776006,0.0,0.0,0.0,0.0,999.9136821429238
1242,76.24788887632407,10.028009342436212,29.75318654,33.69074558,30.86364092000002,289,1.026732492818349,-0.29425838589668274,0.7876457571983337,0.011289081771480997,289,0.3462642514320322,-0.6518846750259399,-0.12116788327693939,-0.4108073356654817,289,0.0783897598872012,0.0,0.0,0.0,0.0,0.0,1.4108073356654818,0.011289081771480997,0.0,0.0,0.0,499.9568410714619
1243,76.25244972168827,10.028009342436212,31.42801634,34.692225440000016,33.01355184588237,289,0.7154464501919897,0.030674846842885017,0.7480960488319397,0.49601228179403656,289,0.1594232507870808,-0.47289276123046875,0.06454630196094513,-0.1844376032740187,289,0.12050117317433573,0.0,0.0,0.0,4281.631006687405,0.017236498302801245,1.1844376032740187,0.49601228179403656,0.0,0.38864385344788904,0.15545754137915563,0.0
1244,76.25701056705246,10.028009342436212,30.245381420000058,34.86312644000003,33.32262837411766,289,1.2071073566574537,-0.17307692766189575,0.7206047177314758,0.3523443677433634,289,0.23611005778486574,-0.3932584226131439,0.11105871200561523,-0.11506956423855158,289,0.10662270713494514,14.0,0.007973975278405182,141.48390732435246,4236.26692386883,0.01705387678887601,1.1150695642385515,0.3523443677433634,0.03311938065420537,0.38452615345758084,0.17368208977555555,499.9568410714619
1245,76.26157141241666,10.028009342436212,29.86939921999999,31.974899540000024,30.850370960000017,272,0.5005124849748939,-0.254593163728714,0.7548953294754028,0.2085443104014677,272,0.2704354471948407,-0.5278031229972839,0.011350737884640694,-0.2812926348517923,272,0.09324231903354062,0.0,0.0,0.0,0.0,0.0,1.2812926348517923,0.2085443104014677,0.0,0.0,0.0,999.9136821429238
1246,76.26613225778085,10.028009342436212,30.597437480000053,36.81823387999998,33.035325461176484,289,1.7883742079213354,-0.10021322220563889,0.7481141090393066,0.35290263350859646,289,0.2202039127014953,-0.5649091601371765,0.14572161436080933,-0.18618762534382435,289,0.13965800272810772,2.0,0.0018232213283916928,226.4485754170554,3025.729592068875,0.012180634645296111,1.1861876253438244,0.35290263350859646,0.007572629596106223,0.2746456213336204,0.1144018262911119,999.9136821429238
1247,76.27069310314505,10.028009342436212,30.28981568000006,37.11901964000003,34.14485733058826,289,2.2182874917952367,-0.08541392534971237,0.7056971192359924,0.295806884765625,289,0.21879397602354453,-0.42034944891929626,0.15100814402103424,-0.12657413680660684,289,0.1326084645974977,3.0,0.0032741782295056514,271.1073286193316,5983.866302334675,0.024089161630996978,1.126574136806607,0.295806884765625,0.013599083434128469,0.5431558335185859,0.22542178346791145,499.9568410714619
1248,76.27525394850925,10.028009342436212,30.604273519999992,38.37685099999999,35.14699950588238,289,1.983210224104632,-0.0534653477370739,0.7465109825134277,0.4351293702439041,289,0.1869152397985632,-0.41558441519737244,0.22207145392894745,-0.12023407035220453,289,0.12633590199743583,0.0,0.0,0.0,4144.155799264421,0.016683066403666902,1.1202340703522045,0.4351293702439041,0.0,0.37616522222465504,0.15046608888986202,0.0
1249,76.27981479387344,10.028009342436212,30.75466640000002,36.68151308000006,34.12231495647061,289,1.004743271830184,0.03954802080988884,0.7447461485862732,0.4944508694447448,289,0.15381252975519533,-0.37512242794036865,0.15522216260433197,-0.13540361661812014,289,0.10646559475300353,1.0,0.010135899841043421,2517.807403667162,4919.710907757532,0.01980520707631976,1.13540361661812,0.4944508694447448,0.0420987918055794,0.4465623969123346,0.2038842338482815,0.0
1250,76.28437563923764,10.028009342436212,30.488060840000003,35.331395180000015,33.051150065882375,289,0.8770567572778715,0.14099782705307007,0.7846195101737976,0.6368685395659872,289,0.14314668783774437,-0.40077415108680725,0.0898277759552002,-0.19294823247256163,289,0.08823701639402197,0.0,0.0,0.0,1503.507787991694,0.006052648954450015,1.1929482324725615,0.6368685395659872,0.0,0.13647347459445952,0.05458938983778381,0.0
1251,76.28893648460183,10.028009342436212,31.469032580000032,37.73426324000002,34.2272682764706,289,1.8127671815587798,0.019476905465126038,0.8039685487747192,0.490551483259894,289,0.22809615308498013,-0.39241981506347656,0.1860063076019287,-0.12880424314716696,289,0.1375375661745618,0.0,0.0,0.0,3881.411189971891,0.015625339335391418,1.128804243147167,0.490551483259894,0.0,0.35231588133829217,0.14092635253531688,0.0
1252,76.29349732996603,10.028009342436212,35.13656804000004,39.42276512000001,37.42996484352943,289,0.7191011957320941,0.08474576473236084,0.7508417367935181,0.3991237231191879,289,0.15565926433412497,-0.3472836911678314,0.29159924387931824,-0.013579423039842229,289,0.1220856976898688,2.0,0.005281383877201618,655.960873536894,10743.129564051298,0.043248457003493335,1.0135794230398423,0.3991237231191879,0.021935879771752587,0.9751543898438667,0.40322328380059824,499.9568410714619
1253,76.29805817533023,10.028009342436212,34.98275713999999,39.935468119999996,37.76910575529414,289,1.1235291655013615,0.08952829241752625,0.7509391903877258,0.3566360209639922,289,0.17101947692077682,-0.3205954134464264,0.299855500459671,0.013255810655112084,289,0.1237295084708911,46.0,0.04113939084916148,222.15711199320637,9176.157155844485,0.03694031947076152,0.986744189344888,0.3566360209639922,0.17086974787913042,0.832920228604648,0.4356899401693375,999.9136821429238
1254,76.30261902069442,10.028009342436212,36.3943994,39.897869900000046,38.079033831764725,289,0.6237580205180697,0.07898057252168655,0.6878885626792908,0.35851176964782927,289,0.14050167111173892,-0.2521172761917114,0.2758544683456421,-0.001919750523814693,289,0.10215428584482258,63.0,0.054690000605732564,215.63913180377452,9545.649621221857,0.0384277797966111,1.0019197505238147,0.35851176964782927,0.22715131221252594,0.8664590775479443,0.4828744183466933,999.9999999999268
1255,76.30717986605862,10.028009342436212,36.42516158000001,44.354967980000026,39.889141530588255,289,1.595723040872736,0.01515151560306549,0.7072189450263977,0.2364056861111862,289,0.1556209038279056,-0.37051111459732056,0.3544742465019226,0.041964567243846645,289,0.10140729420909989,68.0,0.23483067563449694,857.8396401624387,5146.761869559472,0.020719242758431552,0.9580354327561533,0.2364056861111862,0.9753537306148566,0.4671718236905721,0.7720809678451428,1118.0146881566488
1256,76.31174071142281,10.028009342436212,34.87338050000005,41.22747967999999,38.37893256235296,289,1.3991274488418746,0.028076620772480965,0.7882464528083801,0.3064799061283521,289,0.1773840722169083,-0.377180814743042,0.34933820366859436,0.032685745133660654,289,0.13181195637538104,246.0,0.2354946000687674,237.7968196259278,7693.541505067271,0.03097177568256166,0.9673142548663394,0.3064799061283521,0.9781112969850184,0.6983431343150572,0.866204031917034,1414.152527748147
1257,76.31630155678701,10.028009342436212,36.12437582000001,39.24161006000003,37.571664835294136,289,0.6069242064914967,0.061336588114500046,0.6917768716812134,0.336713850291955,289,0.14137851119112782,-0.20896099507808685,0.2329016923904419,0.018590666431044213,289,0.09220538040385601,114.0,0.07869725256848745,171.48056878305428,9338.581361499018,0.03759418818124253,0.9814093335689558,0.336713850291955,0.32686385062096224,0.8476634816033759,0.5351837030139277,1117.9567843779041
1258,76.3208624021512,10.028009342436212,36.527702180000006,39.25870015999999,37.788398645000015,272,0.6138109461385189,0.05940023064613342,0.7125634551048279,0.3407756020041073,272,0.15069192137972795,-0.27189895510673523,0.25754985213279724,0.017218470573425293,272,0.0985597320606173,86.0,0.06224211648030279,179.7819541175969,6749.020021716544,0.027169429586107692,0.9827815294265747,0.3407756020041073,0.2585185276429434,0.6126088736138424,0.400154666031303,707.0762638740734
1259,76.3254232475154,10.028009342436212,34.55550463999998,40.87200560000002,37.7392779129412,289,1.1755023055312692,0.040978189557790756,0.7922268509864807,0.3476700304288765,289,0.17373380454072304,-0.3100539743900299,0.3331753611564636,0.017055557673365185,289,0.11693019870249259,85.0,0.08158352098102017,238.42056611197572,7141.931100976139,0.028751165877776007,0.9829444423266348,0.3476700304288765,0.33885177620229145,0.6482734312712666,0.4626204382298815,499.9999999999634
1260,76.3299840928796,10.028009342436212,36.01499918000002,39.52188769999998,37.7162624564706,289,0.7430952515042611,0.06754148751497269,0.7597461342811584,0.37350453307471887,289,0.16341981561748,-0.32584795355796814,0.3312932550907135,0.013993957875921652,289,0.122509371579895,48.0,0.05741381243198843,297.1223659653576,9695.274342528563,0.039030121813200584,0.9860060421240784,0.37350453307471887,0.23846448507230397,0.8800405207337023,0.49509489933686335,499.9999999999634
1261,76.3345449382438,10.028009342436212,35.94663878000006,41.083922840000014,38.051618709411784,289,1.0630323288780974,0.03128911182284355,0.7796102166175842,0.3921272251432742,289,0.18180128531068754,-0.30037862062454224,0.23532970249652863,-0.008544228893662818,289,0.11453596151715471,45.0,0.062407268787127955,344.4949488869937,7085.049554558749,0.028522178681832988,1.0085442288936628,0.3921272251432742,0.2592044768620833,0.6431102905533483,0.4127668023385893,499.9568410714619
1262,76.33910578360799,10.028009342436212,35.86460629999999,40.492605379999986,38.2242346329412,289,1.1033178757966013,0.04666846618056297,0.8124238848686218,0.4090920682596913,289,0.18489808869485502,-0.32536765933036804,0.26737669110298157,-0.015374823837544266,289,0.1251109724551057,43.0,0.06170596985961725,356.4666649982645,6821.977902344677,0.027463135041729318,1.0153748238375442,0.4090920682596913,0.25629167799806946,0.6192312639651881,0.40146751238491696,0.0
1263,76.34366662897219,10.028009342436212,35.85777026000005,39.96623030000001,38.30265986000002,289,0.8707827590687591,0.04380784556269646,0.7691575288772583,0.35872702945062446,289,0.166532976545535,-0.2886115312576294,0.23327486217021942,0.017335145943717562,289,0.10597669246738418,44.0,0.03510381377759483,198.1809114414126,8043.016207869094,0.032378650799148596,0.9826648540562825,0.35872702945062446,0.14580137639290863,0.7300649699817271,0.37950681382843604,499.9568410714619
1264,76.34822747433638,10.028009342436212,35.58774668000001,42.20161538000002,39.01563044705885,289,1.5850041111385604,0.04015401378273964,0.7582911849021912,0.3650069979235375,289,0.17384313701816717,-0.2872476577758789,0.28302961587905884,0.034575181848862595,289,0.1167822693036543,27.0,0.032733352566692825,301.1528100951135,5970.771593071762,0.024036446454552923,0.9654248181511375,0.3650069979235375,0.13595582202023515,0.5419672261258027,0.2983603836624622,499.9568410714619
1265,76.35278831970058,10.028009342436212,33.50617250000005,39.23819204000006,36.361295462352956,289,1.4569356487625222,0.08937350660562515,0.8312477469444275,0.5554512842303742,289,0.17070376136890036,-0.42234957218170166,0.15255706012248993,-0.11081719316000757,289,0.12995392697133573,113.0,0.11536867501235142,253.61191727674884,4937.4475142207975,0.01987660906932757,1.1108171931600075,0.5554512842303742,0.47917618626848524,0.4481723495383796,0.466774651576443,0.0
1266,76.35734916506478,10.028009342436212,33.12677228000001,39.20401184000002,36.071426077647075,289,1.5217439415550402,0.09335782378911972,0.8141770362854004,0.5311492603130407,289,0.18448937474236352,-0.3422677516937256,0.2254880964756012,-0.07810555692362538,289,0.11897739095393918,2.0,0.0015778316395875648,195.97057223312638,2255.1833437741184,0.009078658066693644,1.0781055569236253,0.5311492603130407,0.006553419700368201,0.20470310112827014,0.085813292271529,0.0
1267,76.36191001042897,10.028009342436212,33.94709708000005,38.458883480000054,35.829633687058845,289,0.9877277388170858,0.10185500979423523,0.7600330710411072,0.5514952979698313,289,0.13969488578132566,-0.2717534601688385,0.25394654273986816,-0.0683878070342912,289,0.09479469726043122,20.0,0.015324870842850483,190.33866688445838,4438.6123143674195,0.017868455619807766,1.0683878070342911,0.5514952979698313,0.06365084079147154,0.4028930543343642,0.19934772620862862,0.0
1268,76.36647085579317,10.028009342436212,33.71467172000001,38.43495733999998,36.043301331764724,289,1.179695084120911,0.03948752209544182,0.7795743942260742,0.5269661873682148,289,0.16524950852592243,-0.2549261152744293,0.24917198717594147,-0.04905507968783791,289,0.11876014730240167,32.0,0.012775390812501583,99.17093597047946,2394.4957841610676,0.00963948608726297,1.049055079687838,0.5269661873682148,0.0530617435535995,0.21734849807645376,0.1187764453627412,0.0
1269,76.37103170115736,10.028009342436212,33.48908240000003,40.90960382000003,36.15013515411766,289,1.3916718456978934,0.09410164505243301,0.840364396572113,0.5481012997742756,289,0.20313794552096162,-0.3141831159591675,0.18678224086761475,-0.08332098726582775,289,0.12449641418962187,28.0,0.012569065832568727,111.50777895090916,3303.9379403828034,0.013300613857901872,1.0833209872658278,0.5481012997742756,0.05220478635091373,0.29989860655846134,0.15128231443393278,0.0
1270,76.37559254652156,10.028009342436212,33.909498859999985,38.38368704000004,35.60689468823531,289,0.8762637978631668,0.1790154129266739,0.812038004398346,0.5636886015895328,289,0.15004112274972592,-0.36987483501434326,0.20543350279331207,-0.07692261138176835,289,0.11101449495462433,0.0,0.0,0.0,3131.658131510735,0.012607069592038625,1.0769226113817683,0.5636886015895328,0.0,0.28426075997926525,0.11370430399170611,0.0
1271,76.38015339188576,10.028009342436212,31.903121120000037,37.97694266000002,34.00006382375002,272,1.4595639028204923,0.07993197441101074,0.8152943849563599,0.6128243839039522,272,0.1514869312849643,-0.4796998202800751,0.20000000298023224,-0.15689502042882583,272,0.11997252973660039,0.0,0.0,0.0,1421.3565357349935,0.005721933879310662,1.1568950204288257,0.6128243839039522,0.0,0.12901660145598812,0.05160664058239525,0.0
1272,76.38471423724995,10.028009342436212,32.24492312000001,36.23033443999998,34.29601896941178,289,1.0185582123869932,-0.04282115772366524,0.8248472213745117,0.5803434906533845,289,0.1533338507960977,-0.3617021143436432,0.13850416243076324,-0.12193941162531764,289,0.0941911603333812,29.0,0.02124516581501244,181.9794394865259,3697.628235414917,0.014885487026923598,1.1219394116253176,0.5803434906533845,0.08824039567750398,0.3356338936692237,0.1871977948741919,0.0
1273,76.38927508261415,10.028009342436212,34.186358480000024,40.311450320000006,36.309918718823546,289,1.2578071389396221,0.11799252778291702,0.805061399936676,0.4911393426281358,289,0.17347194348452613,-0.296564519405365,0.19079053401947021,-0.06744758315564851,289,0.11532638909927406,33.0,0.0402449651267384,302.94083031458575,3581.9231211044325,0.014419694668048405,1.0674475831556485,0.4911393426281358,0.16715480960385556,0.32513133485016144,0.23034541970237793,0.0
1274,76.39383592797834,10.028009342436212,33.10626416000002,40.23967190000002,35.62582980941178,289,1.6535989374986926,0.09951496869325638,0.8109743595123291,0.5117175884312825,289,0.1925976643504069,-0.3609723746776581,0.22805793583393097,-0.108059021840871,289,0.12162908623816146,46.0,0.03825436005464433,206.57763704007976,2565.3585434203756,0.010327325757562707,1.108059021840871,0.5117175884312825,0.15888696266264196,0.23285771899380042,0.18847526519510535,0.0
1275,76.39839677334254,10.028009342436212,0.0,37.659066800000005,31.179278389411785,289,11.415559337874024,0.0,0.7715263962745667,0.5108773518598616,289,0.22448896983842587,-0.3012533485889435,0.1692477911710739,-0.08477954138521504,289,0.09765460907214119,21.0,0.012868860446459652,152.2232508635747,2302.7177191276805,0.009270016495018433,1.084779541385215,0.5108773518598616,0.053449963516489285,0.20901779867688947,0.11567709758064937,0.0
1276,76.20228042268211,10.032500898311167,28.936279760000048,29.29858988000001,29.132535525546892,256,0.08364832474463466,-0.3704994320869446,-0.24580682814121246,-0.31265854835510254,256,0.02427823040566377,-0.40820735692977905,-0.2818181812763214,-0.3600202798843384,256,0.018951774226966964,0.0,0.0,0.0,0.0,0.0,1.3600202798843384,0.0,0.0,0.0,0.0,1414.1427248094528
1277,76.2068412680463,10.032500898311167,29.148196999999982,32.28252134000002,29.653008395000015,272,0.4887640325386401,-0.3801843225955963,0.46462181210517883,-0.29810400570140166,272,0.11041486260651885,-0.40067338943481445,0.014041358605027199,-0.3389733819400563,272,0.04315792819847461,5.0,0.001335358673883374,66.34193329417528,156.4883114444274,0.0006299726693886567,1.3389733819400562,0.0,0.005546324221747992,0.014204451594339808,0.009009575170784719,999.8998180476135
1278,76.2114021134105,10.032500898311167,29.756604560000028,33.21905881999999,31.456064210000015,272,1.0173515378185631,-0.20510482788085938,0.707405149936676,0.31596845739028034,272,0.26730554326132194,-0.4307241439819336,0.03999999910593033,-0.24580209395464728,272,0.10113205667488287,61.0,0.019744727201315232,80.40471162555336,3035.5308935803873,0.012220091599107537,1.2458020939546472,0.31596845739028034,0.08200842280822705,0.27553528594560805,0.15941916806317946,499.94990902380675
1279,76.2159629587747,10.032500898311167,30.96316562000004,37.67957492000005,33.971777195000016,272,1.3390688010672076,-0.04055390879511833,0.7364028692245483,0.476411595064051,272,0.17038151599747592,-0.4546887278556824,0.28925949335098267,-0.14970967348884134,272,0.1248791662770194,132.0,0.06742921228628987,126.89203166867426,3742.814100407738,0.015067391091996674,1.1497096734888412,0.476411595064051,0.28006278812661495,0.3397354168188733,0.30393183960351833,0.0
1280,76.22052380413889,10.032500898311167,34.10090797999999,40.63274420000005,36.57256369250002,272,1.5270938281425142,0.11204391717910767,0.7193251252174377,0.4473489312564625,272,0.13241185731182595,-0.2760387063026428,0.22040896117687225,-0.05679303758284625,272,0.09562190355412593,284.0,0.13528682532581332,118.33068033795364,6745.391873225692,0.02715482380265573,1.0567930375828463,0.4473489312564625,0.5619049105405226,0.6122795463999459,0.582054764884292,0.0
1281,76.22508464950309,10.032500898311167,34.27864502,37.39246123999999,35.817998078750016,272,0.6238826648685332,0.18028590083122253,0.7559072375297546,0.5032400243422565,272,0.12140160296525031,-0.3076412081718445,0.14742758870124817,-0.09034022864173441,272,0.08183267954386064,310.0,0.12450606147758046,99.76747877184133,6369.748991865799,0.02564260383860317,1.0903402286417343,0.5032400243422565,0.5171277185921509,0.5781824239006096,0.5415496007155344,0.0
1282,76.22964549486728,10.032500898311167,33.89924480000002,39.86027167999998,36.17500524125002,272,1.458708885493091,0.11856526136398315,0.7339550256729126,0.48643942440257354,272,0.12731450232270114,-0.32556167244911194,0.3078778088092804,-0.07264277514289408,272,0.1029294311515401,249.0,0.12822331753339944,127.91687999101555,6188.895349164066,0.024914544017330616,1.072642775142894,0.48643942440257354,0.532567096569059,0.561766330010242,0.5442467899455322,0.0
1283,76.23420634023148,10.032500898311167,29.578867520000017,48.80523002000001,32.70661971125002,272,2.3228102449228087,-0.15724563598632812,0.6811172366142273,0.30735133675967946,272,0.20427000382651586,-0.6372224688529968,0.06862745434045792,-0.21359905074624455,272,0.14398841026116269,82.0,0.03131856807749181,94.87422491077388,5271.78496406876,0.021222546371693532,1.2135990507462446,0.30735133675967946,0.1300796079105163,0.47852017602270397,0.26945583515539134,499.94990902380675
1284,76.23876718559568,10.032500898311167,28.604731819999984,33.51642656000001,29.81017448375002,272,1.2759441696003087,-0.315315306186676,0.7306855320930481,-0.03450313035179587,272,0.2651889327519292,-0.5304054021835327,0.0711246207356453,-0.32892603032729206,272,0.16130762206867205,5.0,0.003614292523042627,179.5616100444576,915.1433464386893,0.0036840789673545883,1.328926030327292,0.0,0.015011725731138468,0.08306760579359174,0.04223407775611977,999.8998180476135
1285,76.24332803095987,10.032500898311167,28.843993220000016,29.667736040000023,29.17120580375002,272,0.1959330727575961,-0.3261904716491699,-0.2050400972366333,-0.2630413840798771,272,0.019891248275238572,-0.463878333568573,-0.20000000298023224,-0.4008632267222685,272,0.02480784795695484,0.0,0.0,0.0,0.0,0.0,1.4008632267222685,0.0,0.0,0.0,0.0,1117.9443841853736
1286,76.24788887632407,10.032500898311167,29.380622360000018,31.827924680000024,29.877956836250018,272,0.3712375194497795,-0.34263959527015686,0.16472303867340088,-0.2657577290254481,272,0.03895212871184494,-0.4945533871650696,-0.07248321920633316,-0.391508046318503,272,0.04081053715237426,0.0,0.0,0.0,0.0,0.0,1.391508046318503,0.0,0.0,0.0,0.0,707.0713624047264
1287,76.25244972168827,10.032500898311167,29.807874860000027,34.34358740000005,32.57954979125002,272,1.2075031310647586,-0.26582279801368713,0.7231622934341431,0.31471409517176013,272,0.3105417079056821,-0.42508143186569214,0.13818517327308655,-0.16620246101828182,272,0.12296978800180529,1.0,0.0007786954675145573,193.43178642818785,3154.8919941457234,0.012700601807507452,1.1662024610182817,0.31471409517176013,0.0032342602907438523,0.28636969881375085,0.11648843569994666,499.9999999999634
1288,76.25701056705246,10.032500898311167,30.269307560000016,34.302571160000014,32.61737420375002,272,1.0149716956720063,-0.15851272642612457,0.7450860142707825,0.39945630466236787,272,0.2430768470763084,-0.44433146715164185,0.1380518525838852,-0.15281208823708928,272,0.09904127403415676,0.0,0.0,0.0,3298.6253444919084,0.013279227019588655,1.1528120882370894,0.39945630466236787,0.0,0.2994163819726378,0.11976655278905513,707.0713624047264
1289,76.26157141241666,10.032500898311167,29.766858619999994,31.646769619999986,30.203657543046894,256,0.2906956454532891,-0.26993006467819214,0.752795398235321,-0.003577694296836853,256,0.2363074502984714,-0.6149113178253174,0.09128065407276154,-0.3084118366241455,256,0.10982290950708021,0.0,0.0,0.0,0.0,0.0,1.3084118366241455,0.0,0.0,0.0,0.0,999.9999999999268
1290,76.26613225778085,10.032500898311167,29.879653280000014,35.088715760000014,31.32110268500002,272,1.2196646182028483,-0.2770780920982361,0.7101353406906128,0.17522065779742071,272,0.30954335827511836,-0.47763216495513916,0.139943927526474,-0.2241993371178122,272,0.11413526315823219,0.0,0.0,0.0,2333.255031587324,0.009392950099890187,1.2241993371178121,0.17522065779742071,0.0,0.2117896720050024,0.08471586880200097,1117.9443841853736
1291,76.27069310314505,10.032500898311167,29.677990099999988,38.28456446000001,33.52149075875002,272,2.666040036396887,-0.1801242232322693,0.7582480311393738,0.26476506625904755,272,0.2875786026204625,-0.4324544668197632,0.29621848464012146,-0.14648769883548513,272,0.15155237685393055,2.0,0.007878696203506952,978.5534557133151,2557.9614654695615,0.010297547450803963,1.146487698835485,0.26476506625904755,0.03272364529765356,0.23218628587063578,0.11250870152684646,707.0713624047264
1292,76.27525394850925,10.032500898311167,35.52280430000002,38.37685099999999,36.78791151875002,272,0.5646375680866851,0.07705479115247726,0.697167158126831,0.36918020248413086,272,0.14800116582016715,-0.2590840756893158,0.27679571509361267,0.0019267008585088393,272,0.10490562413491758,11.0,0.020792711340866122,469.5465297279023,7715.203256308469,0.031058979072559875,0.9980732991414911,0.36918020248413086,0.08636115584608238,0.7003093725223338,0.331940442516583,499.94990902380675
1293,76.27981479387344,10.032500898311167,33.759105980000015,37.37195312000006,35.516219585000016,272,0.8426503682149463,0.14307381212711334,0.7576081156730652,0.4683976453893325,272,0.14396666444248502,-0.40108954906463623,0.15862755477428436,-0.08206918660332174,272,0.11179105551582828,12.0,0.004573992734041079,94.68352547788277,6515.00214280935,0.026227347289359347,1.0820691866033219,0.4683976453893325,0.01899777729165145,0.5913670594331853,0.24794549014826503,0.0
1294,76.28437563923764,10.032500898311167,30.470970739999984,35.93638471999998,32.77347216125002,272,1.171457645879666,0.08574327826499939,0.7809562683105469,0.5750212949865005,272,0.15759489696073764,-0.3654308021068573,0.10654714703559875,-0.17878839548896341,272,0.10660034708193543,8.0,0.0021404972621633716,66.46375677940586,623.1835101689252,0.002508740594082825,1.1787883954889633,0.5750212949865005,0.008890414271393593,0.0565663973422629,0.02796080749974132,0.0
1295,76.28893648460183,10.032500898311167,30.911895319999985,37.09509350000002,33.87524326250002,272,1.3581138103578094,0.032710280269384384,0.7889459729194641,0.48860925786635456,272,0.20825346210776685,-0.5445791482925415,0.21425491571426392,-0.140443577485926,272,0.11980092845586693,4.0,0.017986042735922927,1116.9553831768849,1984.566409394502,0.007989239496326848,1.140443577485926,0.48860925786635456,0.0747038428181553,0.18013918891321007,0.11687798125617721,0.0
1296,76.29349732996603,10.032500898311167,35.60483678000003,42.044386460000055,38.315050182500016,272,1.409772883658075,0.05351691320538521,0.735774576663971,0.3307987100937787,272,0.18852010714970913,-0.31253913044929504,0.40888047218322754,0.04315289329080021,272,0.15505140294789474,50.0,0.1763810514829253,876.2784247177244,4000.4117653636667,0.016104398182958866,0.9568471067091998,0.3307987100937787,0.7325870698485963,0.3631175693190034,0.5847992696367592,499.94990902380675
1297,76.29805817533023,10.032500898311167,34.55550463999998,39.12197936000001,37.011163516250015,272,0.8756551173642835,0.040218666195869446,0.7917423248291016,0.38488292694091797,272,0.1751115800424002,-0.3151196241378784,0.31503430008888245,0.0009623257552876192,272,0.12273966964696108,45.0,0.05024144322282989,277.3382612543924,9820.608139490803,0.03953467621670923,0.9990376742447123,0.38488292694091797,0.20867452238281176,0.8914170755425078,0.48177154364669017,707.0713624047264
1298,76.30261902069442,10.032500898311167,36.50035802000002,39.27237223999998,38.107996081250015,272,0.6614334057716869,0.08819747716188431,0.718462347984314,0.3066093500922708,272,0.1284209041506387,-0.2381509691476822,0.2524663805961609,0.0484694242477417,272,0.08822482475952642,54.0,0.05552420576910441,255.4164068834108,8571.025510439318,0.0345042500003409,0.9515305757522583,0.3066093500922708,0.2306161283656733,0.7779923998996052,0.44956663697924604,499.9999999999634
1299,76.30717986605862,10.032500898311167,33.871900640000035,39.491125520000026,37.30775214875002,272,1.1654358497131614,0.10483673214912415,0.759870707988739,0.3870996587416705,272,0.16961787027102937,-0.33746129274368286,0.24272748827934265,-0.014892024152419147,272,0.1267296444172463,35.0,0.05952434958550296,422.461182346782,7257.565598706339,0.029216673956533573,1.014892024152419,0.3870996587416705,0.24723046200747087,0.6587695802199229,0.4118461092924517,707.0713624047264
1300,76.31174071142281,10.032500898311167,36.73620140000003,40.25676199999998,38.12409344750002,272,0.6833604000342582,0.05715969204902649,0.6893897652626038,0.2801387450274299,272,0.1396449038514433,-0.23265142738819122,0.25281044840812683,0.04903949358884026,272,0.09303583484156792,79.0,0.05603344567277318,176.18966670842497,8719.099435441121,0.03510034899929629,0.9509605064111597,0.2801387450274299,0.23273122273517702,0.7914330772298029,0.45621196453302737,999.9999999999268
1301,76.31630155678701,10.032500898311167,36.51744812000004,42.65963006000004,38.46362095625002,272,1.1634402005192068,0.052510760724544525,0.6666666865348816,0.31647811216466565,272,0.12327179360111469,-0.24528302252292633,0.2694690227508545,0.0454977084608639,272,0.08895917488266038,118.0,0.10481983707867658,220.6590118148191,7195.4218567096905,0.028966502818062755,0.9545022915391361,0.31647811216466565,0.4353622833170864,0.6531287897549046,0.5224688858922137,1117.9443841853736
1302,76.3208624021512,10.032500898311167,36.056015419999994,39.262118180000016,37.3522861533594,256,0.6035992775288568,0.025899279862642288,0.7069660425186157,0.322270929813385,256,0.14179284762364755,-0.2282518595457077,0.3441307544708252,0.030471336096525192,256,0.099171018355162,129.0,0.09637717707507397,185.58577596331946,6809.006274105754,0.027410915350734096,0.9695286639034748,0.322270929813385,0.4002962515536579,0.618053828642902,0.4873992823893556,707.0713624047264
1303,76.3254232475154,10.032500898311167,36.91735646000001,42.40327855999999,39.04912024250001,272,1.3879725098543867,0.01866445504128933,0.6850302815437317,0.2793871374691234,272,0.15263297751870583,-0.22705313563346863,0.357814759016037,0.07411631415872012,272,0.11084703542419674,58.0,0.10605255371719932,454.206487480863,7362.773774363733,0.02964020894549622,0.9258836858412799,0.2793871374691234,0.440482290611387,0.6683193314100299,0.5316171069308442,499.9999999999634
1304,76.3299840928796,10.032500898311167,36.281604740000034,39.79874732000002,37.63679940500001,272,0.7347867384481163,0.06952899694442749,0.7297020554542542,0.39606862909653606,272,0.15070954106761114,-0.2888719439506531,0.26251205801963806,-0.008044695152955897,272,0.09724436605954377,22.0,0.04465115355836447,504.1621041617457,6263.801045819957,0.02521609076698346,1.0080446951529558,0.39606862909653606,0.18545562278751102,0.5685655237165832,0.3386995831591399,499.9999999999634
1305,76.3345449382438,10.032500898311167,36.52086614000001,40.820735300000024,38.80876557875002,272,1.1227898269355183,0.0021148035302758217,0.7321051359176636,0.34342061772066,272,0.1697577413999476,-0.30010801553726196,0.22176505625247955,0.0060768850585993595,272,0.10328605183700548,49.0,0.08134910912843274,412.39834819781606,6454.591629106506,0.025984153582268736,0.9939231149414006,0.34342061772066,0.3378781620255927,0.5858835941841788,0.43708033488902714,707.0713624047264
1306,76.33910578360799,10.032500898311167,35.970564920000015,39.935468119999996,37.99589256500002,272,0.8060463161501694,0.029066618531942368,0.8066630363464355,0.3544815568362965,272,0.16629762253917102,-0.37325653433799744,0.25968727469444275,0.01412425672306734,272,0.10844155744700268,82.0,0.12034142520750044,364.55368626590916,6591.796637840072,0.026536497746555244,0.9858757432769326,0.3544815568362965,0.4998301763877465,0.5983376994593131,0.5392331856163732,499.94990902380675
1307,76.34366662897219,10.032500898311167,36.77721764,40.619072120000055,38.34745854125001,272,0.871000472140348,0.054605960845947266,0.7953537106513977,0.44423714806051817,272,0.16498637310375255,-0.3162841498851776,0.26959848403930664,-0.025947381468380198,272,0.10987600943498532,92.0,0.09025325854892498,243.6886260751964,6988.7687465184335,0.028134582463992818,1.0259473814683802,0.44423714806051817,0.3748609596595208,0.6343708769533859,0.47866492657706683,0.0
1308,76.34822747433638,10.032500898311167,33.87873668000003,41.49066721999998,37.21273873250002,272,1.8836904214695875,0.06611859053373337,0.8144631385803223,0.48889850167667165,272,0.1966781023392836,-0.3590954542160034,0.2812567353248596,-0.04645651578903198,272,0.13043564291271428,34.0,0.021746559001591524,158.88094941848445,4644.571380944343,0.018697581972815527,1.046456515789032,0.48889850167667165,0.09032289922485119,0.4215879687634604,0.2228289270402949,0.0
1309,76.35278831970058,10.032500898311167,32.97979742000001,38.98184054000001,35.75016546125002,272,1.3756679700804262,0.1091528832912445,0.8168859481811523,0.5604496563182157,272,0.16606870165823467,-0.35199999809265137,0.24490611255168915,-0.09741851161507999,272,0.1248736082485922,4.0,0.0037282777021684895,231.5306324218936,1037.6566765185667,0.004177279059257442,1.09741851161508,0.5604496563182157,0.015485155658445975,0.0941881466871459,0.04696635206992594,0.0
1310,76.35734916506478,10.032500898311167,34.87338050000005,39.61759226000004,36.77765745875002,272,1.1656590253350658,0.07761799544095993,0.8190476298332214,0.49297422521254597,272,0.17634136769747183,-0.31404542922973633,0.1824161410331726,-0.0576788537642535,272,0.11798344881409469,36.0,0.048422071969418626,334.11891619962694,4433.865891025076,0.01784934801390784,1.0576788537642534,0.49297422521254597,0.20111788381933005,0.4024622212581411,0.28165561879485446,0.0
1311,76.36191001042897,10.032500898311167,32.501274620000004,38.59560428000003,35.256776787500016,272,1.0886216196935403,0.1796502321958542,0.8168976306915283,0.5893302244298598,272,0.13994025795597068,-0.3301905393600464,0.27112793922424316,-0.10761485380284927,272,0.11508726910263563,6.0,0.018074658832387833,748.3057011979339,3813.152642563321,0.015350551915662376,1.1076148538028492,0.5893302244298598,0.07507190393302471,0.34612004969044863,0.1834911622359943,0.0
1312,76.36647085579317,10.032500898311167,33.06182990000002,37.75477136000001,34.72850420375002,272,1.1703171247096469,0.15343745052814484,0.8155393004417419,0.6109329672420726,272,0.14550049511138316,-0.3541446030139923,0.2132754772901535,-0.12021533180685605,272,0.10098602258208259,2.0,0.0005890377369337808,73.15993638205437,4094.2705471010677,0.01648224408551163,1.120215331806856,0.6109329672420726,0.0024465294094946502,0.37163713547437127,0.1501227718354453,0.0
1313,76.37103170115736,10.032500898311167,33.119936240000015,41.11810304000005,36.99639817250002,272,1.903987632944205,0.09414035081863403,0.779753565788269,0.46789977129767923,272,0.18511721038500295,-0.29589471220970154,0.2300238460302353,-0.027394889032139498,272,0.1292926405923795,10.0,0.010106123778578837,251.04108832100627,4445.356122063365,0.01789560406621149,1.0273948890321396,0.46789977129767923,0.04197511889304621,0.4035051900849158,0.18658714736979407,0.0
1314,76.37559254652156,10.032500898311167,33.73859786000003,39.40225700000002,36.18615150500002,272,1.1764892097614574,0.0929352417588234,0.8244274854660034,0.5271520053639132,272,0.17482835029757232,-0.33085182309150696,0.20009221136569977,-0.08620487942415125,272,0.12117960584257624,5.0,0.003418257942275377,169.82241911772957,4177.858815973672,0.016818744137082266,1.0862048794241512,0.5271520053639132,0.014197509023017868,0.3792244466805327,0.1602082840860238,0.0
1315,76.38015339188576,10.032500898311167,32.68926571999998,39.610756219999985,35.919855388906264,256,1.7369700543271647,0.11385199427604675,0.808466911315918,0.5290509462356567,256,0.18049753040334252,-0.375,0.24193547666072845,-0.09266959130764008,256,0.13614670197165415,0.0,0.0,0.0,2980.105793385022,0.011996967597072358,1.09266959130764,0.5290509462356567,0.0,0.2705043469216664,0.10820173876866657,0.0
1316,76.38471423724995,10.032500898311167,32.44316828000001,38.74941518000003,35.50782533000002,272,1.532123893956257,-0.1739552915096283,0.7645413875579834,0.47754355037913604,272,0.20828974951903068,-0.29194554686546326,0.1932702362537384,-0.06075919375700109,272,0.11138477210338887,66.0,0.04232491119611548,159.29873091408825,1867.9294965081958,0.007519696009774933,1.0607591937570011,0.47754355037913604,0.17579372848769934,0.16955205069237805,0.17329705736957082,0.0
1317,76.38927508261415,10.032500898311167,32.99688752000003,38.23671218000004,34.49869262375002,272,0.9681226877805311,0.1949085146188736,0.7802137732505798,0.5936981649959788,272,0.08667957286371479,-0.35164377093315125,0.1417004019021988,-0.08203921598546646,272,0.07720942169929594,12.0,0.007998582057583444,165.57392896578583,0.0,0.0,1.0820392159854664,0.5936981649959788,0.03322158328938106,0.0,0.019932949973628634,0.0
1318,76.39383592797834,10.032500898311167,32.679011660000015,37.09167548000005,33.65558521250002,272,0.6568508954954553,0.3347558081150055,0.8216560482978821,0.6595384934369255,272,0.05925884217122771,-0.41669169068336487,0.09076227247714996,-0.14263307347017176,272,0.0667483971562109,2.0,0.0011076661369989558,137.57485986761085,0.0,0.0,1.1426330734701717,0.6595384934369255,0.004600618279867399,0.0,0.0027603709679204394,0.0
1319,76.39839677334254,10.032500898311167,0.0,35.529640340000014,29.84748799544119,272,10.91578907376985,0.0,0.7741197943687439,0.586801248438218,272,0.2200344390193169,-0.30551818013191223,0.05097421631217003,-0.10998143168056712,272,0.0815277988921147,0.0,0.0,0.0,0.0,0.0,1.1099814316805672,0.586801248438218,0.0,0.0,0.0,0.0
1320,76.20228042268211,10.036992454186121,29.03540234000002,29.55835940000003,29.253049790000016,272,0.09344318929233056,-0.36298736929893494,-0.28069165349006653,-0.31986449746524587,272,0.017668184420810182,-0.42369264364242554,-0.30936819314956665,-0.36493806278004365,272,0.017961626280354425,0.0,0.0,0.0,0.0,0.0,1.3649380627800436,0.0,0.0,0.0,0.0,1117.9319785313214
1321,76.2068412680463,10.036992454186121,29.305425920000005,32.925109099999986,30.22036719058825,289,0.9762586824016495,-0.37227073311805725,0.602809727191925,-0.1586353605593777,289,0.3052841133521836,-0.43048781156539917,0.04545454680919647,-0.2877221552970913,289,0.09109252941297986,30.0,0.008890203411576472,73.61234266586847,1723.5794429839975,0.006938588144876484,1.2877221552970912,0.0,0.036924873805252736,0.15644938935621183,0.08473468002563639,707.0664587969869
1322,76.2114021134105,10.036992454186121,29.951431700000057,37.57703432000005,32.64949132117649,289,1.72955178765327,-0.18232044577598572,0.724375307559967,0.29559679922348076,289,0.29219193291970635,-0.43251389265060425,0.22241045534610748,-0.21845886864051686,289,0.12826188424349955,70.0,0.035682399753498864,126.62405296155474,3802.2727802233017,0.015306753015555022,1.218458868640517,0.29559679922348076,0.14820449510197276,0.3451324840599206,0.2269756906851519,499.9429739037722
1323,76.2159629587747,10.036992454186121,31.332311780000055,36.79430774000002,34.82977413411767,289,0.7372024143662868,0.1468273550271988,0.7296431064605713,0.5040745718668901,289,0.12152743591558718,-0.3389592170715332,0.09419109672307968,-0.11209737388320448,289,0.0897917472823385,271.0,0.09769491647089647,89.5494393002091,7084.889740857137,0.02852153532218983,1.1120973738832045,0.5040745718668901,0.4057693952654875,0.6430957842559277,0.5006999508616636,0.0
1324,76.22052380413889,10.036992454186121,34.282063040000025,40.15080338000001,36.35832687058825,289,1.2985524100442924,0.10241465270519257,0.7128192186355591,0.43798780606279736,289,0.12416760019013463,-0.2625512480735779,0.16129884123802185,-0.06081229345196259,289,0.0853139094499818,346.0,0.1510731766717696,108.46046410920479,4851.698130489496,0.019531409049792413,1.0608122934519626,0.43798780606279736,0.6274724801796803,0.4403888738320276,0.5526390376406192,0.0
1325,76.22508464950309,10.036992454186121,33.97785926000006,37.81287770000006,35.665935365882376,289,0.9884429735743884,0.08199960738420486,0.7218004465103149,0.43621636096993943,289,0.13431169178482827,-0.3058328926563263,0.2957795560359955,-0.046131259429826044,289,0.10697079559705093,364.0,0.17126034361022363,116.87338516232532,6589.218264375357,0.026526118026822473,1.046131259429826,0.43621636096993943,0.711318547269365,0.5981036603752843,0.6660325925117327,0.0
1326,76.22964549486728,10.036992454186121,30.925567399999977,57.97577768000002,34.59951312588237,289,3.4226117252551576,0.03961196541786194,0.7321658730506897,0.5271362515881812,289,0.1381115835410628,-0.4166666567325592,0.06967710703611374,-0.15887767963343424,289,0.09959306282951956,228.0,0.08220154507432259,89.55819449937904,3979.9464099587894,0.016022011105896076,1.1588776796334344,0.5271362515881812,0.3414186985321092,0.3612599280196226,0.3493551903271146,0.0
1327,76.23420634023148,10.036992454186121,29.059328479999976,56.38298036000003,32.600042388235316,289,6.949399240624513,-0.28105905652046204,0.7472965121269226,0.06630987279555377,289,0.2910985559010694,-0.5025210380554199,0.017731495201587677,-0.32408817911643056,289,0.10905928284199591,11.0,0.0036023519309223142,81.34926803407075,1556.9146610098119,0.006267648209336045,1.3240881791164305,0.06630987279555377,0.01496213126892083,0.1413212190399628,0.06550576637733763,499.9429739037722
1328,76.23876718559568,10.036992454186121,28.905517580000037,29.698498220000033,29.114146897647082,289,0.13039087173829286,-0.31200000643730164,0.61147540807724,-0.18729548470784224,289,0.14045024485432683,-0.5467625856399536,-0.03812316805124283,-0.38615718432363755,289,0.10318052507200014,0.0,0.0,0.0,0.0,0.0,1.3861571843236375,0.0,0.0,0.0,0.0,999.8859478075444
1329,76.24332803095987,10.036992454186121,28.758542720000037,29.325934039999993,28.98150643294119,289,0.12359605926180202,-0.3213858902454376,-0.08295351266860962,-0.24608622620262488,289,0.031911354445967065,-0.48973608016967773,-0.2419753074645996,-0.41831460708565366,289,0.03785173731600604,0.0,0.0,0.0,0.0,0.0,1.4183146070856536,0.0,0.0,0.0,0.0,1414.1329175939738
1330,76.24788887632407,10.036992454186121,29.120852839999998,29.814710900000023,29.547620430588257,289,0.15476830158557184,-0.31173184514045715,-0.2023233324289322,-0.27068896442136137,289,0.015981529665879828,-0.4939759075641632,-0.2541857063770294,-0.42620912967668684,289,0.03477250567652211,1.0,0.00020786557783898126,51.634832531717564,0.0,0.0,1.4262091296766868,0.0,0.0008633559745287386,0.0,0.0005180135847172432,1118.0084870677867
1331,76.25244972168827,10.036992454186121,29.548105340000006,33.23273089999998,30.06694658352943,289,0.7342174659334434,-0.30836454033851624,0.6174183487892151,-0.12700782432688149,289,0.1978701987946123,-0.5511144995689392,0.016094420105218887,-0.3463414598088776,289,0.09736911898559461,0.0,0.0,0.0,225.5037244867117,0.0009078069918495295,1.3463414598088776,0.0,0.0,0.02046898397234193,0.008187593588936773,999.9999999999268
1332,76.25701056705246,10.036992454186121,29.86939921999999,33.42755804000001,31.49182332235296,289,1.0949787428796047,-0.21512386202812195,0.7915343642234802,0.28132180606617646,289,0.30778418375377103,-0.5535673499107361,0.03833179920911789,-0.25363763723406413,289,0.1071325534356906,4.0,0.0014449047984354238,89.73036573337953,1241.3990698491407,0.004997481783725308,1.253637637234064,0.28132180606617646,0.006001316828516892,0.11268185357851856,0.04867353152851756,707.0664587969869
1333,76.26157141241666,10.036992454186121,29.531015239999988,33.73176182000003,30.692061342500015,272,1.0424930265960897,-0.2493150681257248,0.6688090562820435,0.11704171405119054,272,0.25950784688048134,-0.5378928184509277,0.06326241046190262,-0.2945675008437213,272,0.10928457067951103,0.0,0.0,0.0,296.9076505043487,0.001195256715493172,1.2945675008437214,0.11704171405119054,0.0,0.026950321788575763,0.010780128715430305,499.9999999999634
1334,76.26613225778085,10.036992454186121,29.531015239999988,37.084839439999996,32.15629114117649,289,2.5066630115152435,-0.2704257667064667,0.7668240666389465,0.1972964329703044,289,0.3092871143803346,-0.627231240272522,0.17000000178813934,-0.23909170817338884,289,0.16260186673899757,3.0,0.005118813868593542,423.8461856193789,2591.924229931432,0.010434270846886235,1.2390917081733888,0.1972964329703044,0.021260655958025742,0.23526908764257462,0.1068640286318453,707.0664587969869
1335,76.27069310314505,10.036992454186121,30.83328086000006,38.09657335999998,35.28323539647061,289,1.8760728317513642,-0.11764705926179886,0.694338321685791,0.3124749734739944,289,0.22371408356868358,-0.42050087451934814,0.18029823899269104,-0.0825001013732699,289,0.12953487811100417,8.0,0.011386624972933137,353.56171022356335,6198.278863883896,0.024952319093064616,1.0825001013732698,0.3124749734739944,0.04729359618991422,0.5626180720949531,0.25342338655192975,499.9429739037722
1336,76.27525394850925,10.036992454186121,33.47541032000004,38.02821296000002,36.013047715294135,289,0.9397045994542389,0.10580204427242279,0.7416107654571533,0.48408687815946694,289,0.15258698569519571,-0.39778292179107666,0.3080589175224304,-0.08474324236279128,289,0.12274324052575447,12.0,0.023698414320639252,490.5668956170923,6035.053053725636,0.024295223375247754,1.0847432423627912,0.48408687815946694,0.09842980162126873,0.5478020574166731,0.27817870393943045,0.0
1337,76.27981479387344,10.036992454186121,30.826444820000006,37.26941252000006,33.33272868235296,289,0.9618001169144895,0.15776599943637848,0.7894189357757568,0.6071882940906141,289,0.14585482717236992,-0.38644376397132874,0.20261839032173157,-0.20096812528722427,289,0.11118937642968663,0.0,0.0,0.0,2116.9310288053393,0.008522097777262873,1.2009681252872242,0.6071882940906141,0.0,0.1921539318155395,0.0768615727262158,0.0
1338,76.28437563923764,10.036992454186121,30.27614360000001,35.80308194000003,33.39297572000002,289,1.6522670409609364,-0.040220387279987335,0.7985219955444336,0.47755585244782656,289,0.19853899744721157,-0.43731898069381714,0.12283169478178024,-0.16415432992690987,289,0.12096656446165223,13.0,0.00683312268282136,130.56779255140765,1069.5847579795786,0.0043058114622260505,1.16415432992691,0.47755585244782656,0.02838092460634115,0.09708626018474178,0.0558630588377014,0.0
1339,76.28893648460183,10.036992454186121,30.911895319999985,37.03015112000003,34.38194255176472,289,1.2462272613422256,0.10523918271064758,0.8057116270065308,0.5304381162650033,289,0.1763831449433004,-0.42900896072387695,0.20078028738498688,-0.16839501932005568,289,0.14316813795926128,0.0,0.0,0.0,2736.8266528618633,0.011017602377093112,1.1683950193200556,0.5304381162650033,0.0,0.24842188757644576,0.0993687550305783,0.0
1340,76.29349732996603,10.036992454186121,32.37822590000002,38.575096160000044,36.254165963529424,289,1.4809046938091357,0.07911457121372223,0.8006628751754761,0.4663298715769626,289,0.204374275136062,-0.4492492973804474,0.22837504744529724,-0.08067828643693231,289,0.1629589214085032,32.0,0.04073376036503688,316.20207947336536,6448.933394109498,0.025961375309743514,1.0806782864369322,0.4663298715769626,0.16918498840350799,0.5853699959199855,0.33565899141009903,0.0
1341,76.29805817533023,10.036992454186121,35.14340407999998,38.998930640000026,37.3307239929412,289,0.8146927104246436,0.06478872895240784,0.7819808721542358,0.3767878126520599,289,0.17187954393849736,-0.3553793132305145,0.23971666395664215,-0.0028513913336097162,289,0.11592048611170075,32.0,0.019061938265389218,147.97122741171034,6028.348509822632,0.024268232992511667,1.0028513913336097,0.3767878126520599,0.0791725039740347,0.5471934856425047,0.2663808966414227,499.9429739037722
1342,76.30261902069442,10.036992454186121,33.16437050000002,39.05703698000002,36.69993963764708,289,1.5654495294581208,0.10485492646694183,0.7821782231330872,0.437049680927633,289,0.1787838760736779,-0.36567962169647217,0.22955326735973358,-0.0348482824939345,289,0.134510552126392,49.0,0.045145329913095285,228.8637169414155,7062.048360718367,0.02842958311767229,1.0348482824939345,0.437049680927633,0.18750815169952825,0.6410224710765962,0.3689138794503554,0.0
1343,76.30717986605862,10.036992454186121,34.7195696,39.97648436000003,37.13657099529413,289,0.8519748936988693,0.1142529621720314,0.7534473538398743,0.3991712418394518,289,0.15080520927483967,-0.3243589699268341,0.2563256323337555,-0.021069906162143166,289,0.1082172488050301,24.0,0.018749017795306862,194.0561788495477,11565.817236402767,0.046560338537907135,1.021069906162143,0.3991712418394518,0.07787280943005773,1.0,0.44672368565803466,499.9429739037722
1344,76.31174071142281,10.036992454186121,35.19467438000004,40.02433664,37.788123665882374,289,0.956516383825435,0.07785714417695999,0.6977975964546204,0.3503740568062013,289,0.15196697411377427,-0.23825378715991974,0.2630036771297455,0.03391685947827402,289,0.10552227384182605,49.0,0.039701150595563055,201.26451417327746,10724.39115857362,0.04317302208308363,0.966083140521726,0.3503740568062013,0.1648961117982503,0.9734535038728572,0.4883190686280931,499.9999999999634
1345,76.31630155678701,10.036992454186121,36.94128260000002,41.10443096000006,38.521507756470605,289,0.908974650350317,0.023553162813186646,0.6848691701889038,0.271518614877879,289,0.15488010236255956,-0.26658740639686584,0.2974269390106201,0.06790625760299525,289,0.11232838891037104,101.0,0.14365268550634225,353.30726788953064,6574.048873414321,0.0264650508351037,0.9320937423970047,0.271518614877879,0.5966519593016535,0.596726734024474,0.5966818691907817,707.0664587969869
1346,76.3208624021512,10.036992454186121,36.380727320000005,39.82609148000006,37.90386991625002,272,0.722966305399189,0.09150717407464981,0.7324640154838562,0.34775781631469727,272,0.14378196133606364,-0.2711976170539856,0.2800891399383545,0.024595849654253793,272,0.09188531763999605,142.0,0.086153936415342,150.71170286194945,7631.617369297884,0.030722488609615767,0.9754041503457462,0.34775781631469727,0.35783469541538365,0.692722277517903,0.4917897282563914,499.9429739037722
1347,76.3254232475154,10.036992454186121,34.890470600000015,39.74064098000002,36.96805906117649,289,0.8764064492587937,0.15979520976543427,0.7854259014129639,0.4264728849734402,289,0.1349256679212202,-0.3623826205730438,0.24798154830932617,-0.017359162696917577,289,0.0998886849401081,72.0,0.04596868129144128,158.5950925635993,7211.015793124465,0.02902927909610433,1.0173591626969176,0.4264728849734402,0.19092788737207972,0.654544252117073,0.376374433270077,0.0
1348,76.3299840928796,10.036992454186121,34.97933912000002,39.737222960000054,37.01663279176472,289,1.097103569590756,0.10350556671619415,0.8223945498466492,0.4452238511874189,289,0.15142527255007018,-0.40210336446762085,0.22337202727794647,-0.033216509439540985,289,0.10704781945676856,35.0,0.07609912626959184,540.0970709176574,6225.883186422809,0.02506344540400753,1.033216509439541,0.4452238511874189,0.31607270431356665,0.5651237177861828,0.4156931097026131,0.0
1349,76.3345449382438,10.036992454186121,35.86802432000002,40.23625388000005,37.65505742705884,289,1.1069220454896531,0.003389830468222499,0.7339285612106323,0.3860968091496134,289,0.15868042884608993,-0.27411213517189026,0.24932365119457245,-0.009994782378516807,289,0.10045253435827181,38.0,0.04546357473524751,297.1940976361195,7007.048580934907,0.02820817132169749,1.0099947823785167,0.3860968091496134,0.18882996058883264,0.6360301384070027,0.36771003171610067,499.9429739037722
1350,76.33910578360799,10.036992454186121,34.44270998000002,39.84659959999999,37.69181592588237,289,1.0795302229579429,0.0025359257124364376,0.7815280556678772,0.3871588789467993,289,0.19456071869187222,-0.33348706364631653,0.28793102502822876,-0.009648758647351116,289,0.12617343340746212,51.0,0.11098078555204179,540.5524179534846,5556.896551437319,0.02237031585115394,1.009648758647351,0.3871588789467993,0.4609513766558781,0.5043997685902312,0.4783307334296193,499.9429739037722
1351,76.34366662897219,10.036992454186121,34.480308200000024,41.84272328000003,38.24277946117649,289,1.615785717107298,0.04160921275615692,0.8364264369010925,0.4125219694883353,289,0.20362489433570732,-0.34577369689941406,0.25664570927619934,-0.02123943249659555,289,0.13020725587281093,45.0,0.06121936117934646,337.9375689763131,4618.54678980907,0.018592815163103616,1.0212394324965957,0.4125219694883353,0.25427058092304167,0.41922571536810216,0.3202526347010659,0.0
1352,76.34822747433638,10.036992454186121,34.86654446,40.40031884000001,37.88019731882355,289,1.0128077186728413,0.05121951177716255,0.7984765768051147,0.39655728983631594,289,0.17106723018788966,-0.38390690088272095,0.21744033694267273,-0.004876320749830622,289,0.12131480224294539,11.0,0.013464967873922158,304.06948061995644,8251.435994468335,0.03321768323617483,1.0048763207498306,0.39655728983631594,0.05592585641954309,0.7489832440861984,0.33314881148620523,499.9429739037722
1353,76.35278831970058,10.036992454186121,34.459800080000036,39.64493642000002,36.64975742705884,289,1.140942205248978,0.09809347987174988,0.7964710593223572,0.5125325872823854,289,0.17402322538612702,-0.35916775465011597,0.30326488614082336,-0.07297175978294293,289,0.12672275723712043,8.0,0.00493005241387424,153.08116031612616,5214.287748226034,0.020991080684496052,1.072971759782943,0.5125325872823854,0.0204766476994824,0.4733011509612869,0.2016064490042042,0.0
1354,76.35734916506478,10.036992454186121,34.34358740000005,40.60198202000004,37.232169111764726,289,1.0800347879406804,0.11707018315792084,0.7833159565925598,0.47206416674551255,289,0.1578379231530308,-0.30450037121772766,0.2792508900165558,-0.03449574638815487,289,0.11010891723692512,115.0,0.082419236259502,178.02907745747453,7065.46496863848,0.0284433373053929,1.0344957463881548,0.47206416674551255,0.34232286451899746,0.6413325967426611,0.4619267574084629,0.0
1355,76.36191001042897,10.036992454186121,33.37970575999998,37.676156900000024,35.63954919764707,289,0.8388162475293841,0.11731207370758057,0.8073559403419495,0.5580084777620837,289,0.15997252135682694,-0.33065640926361084,0.16969594359397888,-0.10436354376453016,289,0.10758124101277532,50.0,0.02534434547916941,125.91320295047841,5953.406601972912,0.023966540467994058,1.10436354376453,0.5580084777620837,0.10526606818427219,0.5403910050443492,0.27931604292830303,0.0
1356,76.36647085579317,10.036992454186121,34.49056226000005,39.4364372,36.856529896470605,289,1.173907831169076,0.08762012422084808,0.7990988492965698,0.4612951575678525,289,0.18260092539896547,-0.30113092064857483,0.16633805632591248,-0.03413260436800524,289,0.111481940106815,1.0,0.0005631411294326123,139.8870280123997,5438.972192231362,0.021895589511089202,1.0341326043680052,0.4612951575678525,0.0023389695574085167,0.4936957688047302,0.1988816892563372,0.0
1357,76.37103170115736,10.036992454186121,33.47199230000001,37.659066800000005,35.82148484352943,289,1.00957810690032,0.1410749852657318,0.8100222945213318,0.5385318742903871,289,0.15743444155222727,-0.37871053814888,0.2007332742214203,-0.06961054950436919,289,0.11163184871920401,0.0,0.0,0.0,3382.4593203233762,0.013616716210011474,1.0696105495043693,0.5385318742903871,0.0,0.30702599601133246,0.12281039840453299,0.0
1358,76.37559254652156,10.036992454186121,33.52668061999998,38.37685099999999,35.99989602588237,289,1.070616697460562,0.01203818991780281,0.8172562718391418,0.5508664669050065,289,0.16313884652311691,-0.4301270544528961,0.1499907523393631,-0.09438147759355063,289,0.11754103356212077,1.0,0.004564678104130224,1133.88850582341,2664.7601318781917,0.010727485254743306,1.0943814775935505,0.5508664669050065,0.018959089590360717,0.24188040598311558,0.10812761614746268,0.0
1359,76.38015339188576,10.036992454186121,33.16095247999999,37.891492159999984,35.18959761500002,272,0.9639321697319352,0.1274346113204956,0.7976688146591187,0.5728424296659582,272,0.133089765950345,-0.3452532887458801,0.20135200023651123,-0.09076465578640208,272,0.10373226068265644,19.0,0.006098107421429724,79.72631025843437,1105.1891756380828,0.004449143637180995,1.0907646557864021,0.5728424296659582,0.02532808717221901,0.10031807489669539,0.055324082262009563,0.0
1360,76.38471423724995,10.036992454186121,31.882612999999992,38.00428682000006,34.652261808235316,289,1.270189824245852,-0.10687022656202316,0.7981894612312317,0.5580757959491242,289,0.18312640746086398,-0.39120998978614807,0.2515905201435089,-0.12820229975822475,289,0.1165786204555578,30.0,0.032865093824556595,272.1283683125733,1501.4349379708904,0.00604430431293146,1.1282022997582248,0.5580757959491242,0.13650300065005488,0.13628532189787115,0.13641592914918138,0.0
1361,76.38927508261415,10.036992454186121,32.28252134000002,35.75181164000003,33.887062929411776,289,0.7169276087896059,0.027755748480558395,0.7914606928825378,0.5890191418076881,289,0.14052726317384867,-0.4390345513820648,0.19351670145988464,-0.11700420973622676,289,0.09178770098097705,38.0,0.0195079275688656,127.52276881749317,1138.8579258070545,0.004584683424294482,1.1170042097362267,0.5890191418076881,0.08102489114527915,0.10337418897705541,0.08996461027798966,0.0
1362,76.39383592797834,10.036992454186121,31.39041812000005,36.661004960000014,33.40973466235296,289,1.395934091784687,0.24022988975048065,0.8172696232795715,0.6513312844669118,289,0.12959577062773767,-0.37091633677482605,0.13789886236190796,-0.1675561555116647,289,0.09489116227568613,85.0,0.03823794950056676,111.74699813467483,1522.097951436157,0.006127487099110033,1.1675561555116647,0.6513312844669118,0.15881880250810607,0.1381609046289482,0.15055564335644292,0.0
1363,76.39839677334254,10.036992454186121,0.0,36.96862676000001,29.75597464941178,289,10.96454494971311,0.0,0.8034297227859497,0.5520017419306877,289,0.23607431781384267,-0.3449990749359131,0.22299031913280487,-0.14481221763320448,289,0.1092767681116529,32.0,0.014361287505627065,111.4817029535011,0.0,0.0,1.1448122176332045,0.5520017419306877,0.05964866092216868,0.0,0.035789196553301206,0.0
1364,76.20228042268211,10.041484010061076,29.155033040000035,29.616465740000024,29.367088508750015,272,0.0778371246172788,-0.3991416394710541,-0.2808256447315216,-0.3427548128015855,272,0.028159694477475922,-0.4291187822818756,-0.2955082654953003,-0.37177035387824564,272,0.03407082853537087,0.0,0.0,0.0,0.0,0.0,1.3717703538782455,0.0,0.0,0.0,0.0,999.8720714228018
1365,76.2068412680463,10.041484010061076,29.295171859999982,33.38654180000003,30.648565855294127,289,0.9215945946336503,-0.3876256048679352,0.6722961068153381,-0.03618828070617464,289,0.33007330257763107,-0.4333958625793457,0.15755854547023773,-0.2501362731300011,289,0.12674676806996357,41.0,0.015406272797138422,93.34131667679404,618.5658966318593,0.0024901515359014178,1.2501362731300012,0.0,0.06398893844238346,0.05614725633829141,0.060852265600746636,499.9360357114009
1366,76.2114021134105,10.041484010061076,30.97000165999998,37.97694266000002,35.19230896823532,289,1.5337475886735656,-0.1315789520740509,0.7146797180175781,0.46503023457774656,289,0.15711221695434044,-0.37720707058906555,0.1954454481601715,-0.10769848675051362,289,0.11747835535007632,168.0,0.06278252165170654,92.83028189439209,5730.530249713079,0.02306931044946584,1.1076984867505135,0.46503023457774656,0.260763064897491,0.5201605077760463,0.36452204204891314,0.0
1367,76.2159629587747,10.041484010061076,34.661463260000005,39.51505166000004,37.09881902352944,289,1.0621454541750466,0.07894085347652435,0.7109883427619934,0.45063644461978264,289,0.12442282807085028,-0.31397321820259094,0.16050653159618378,-0.05545835264001338,289,0.08668149330422237,388.0,0.14470340414595698,92.64184984011413,7298.68258300001,0.029382197989054646,1.0554583526400134,0.45063644461978264,0.6010160499052588,0.6625017708718239,0.6256103382918848,0.0
1368,76.22052380413889,10.041484010061076,35.12973199999999,50.58601844000003,37.86887882352943,289,2.566574130818251,0.08560864627361298,0.7416732311248779,0.4249699998479401,289,0.13688451924200162,-0.3509063720703125,0.34379786252975464,-0.033590659963218396,289,0.09966858953750381,303.0,0.17097095259679143,140.1651024657801,5516.812926328026,0.022208951797341888,1.0335906599632183,0.4249699998479401,0.7101165807724631,0.5007613760014479,0.6263744988640569,0.0
1369,76.22508464950309,10.041484010061076,33.236148920000005,50.24421644000006,35.840532086931425,277,3.3102594645681758,0.07419207692146301,0.7205813527107239,0.49005517662602727,289,0.13091908588447024,-0.3184979259967804,0.2920844852924347,-0.0805296320403736,289,0.10259481039850936,283.0,0.128537003865075,112.8241142980118,6056.828488458558,0.024382884419188847,1.0805296320403737,0.49005517662602727,0.5338699720686758,0.5497786146799888,0.5402334291132009,0.0
1370,76.22964549486728,10.041484010061076,30.68972402000003,60.293195240000045,35.66256187930771,260,5.875334228036819,0.0,0.7246689200401306,0.46480657980103807,289,0.15701845479193544,-0.49178531765937805,0.13445761799812317,-0.16804257561178768,289,0.11698189241040342,210.0,0.06803039670317769,80.47183499099414,5062.043991208849,0.020378195254775418,1.1680425756117876,0.46480657980103807,0.28255976797055876,0.45948197777748645,0.35332865189332985,0.0
1371,76.23420634023148,10.041484010061076,28.905517580000037,60.296613260000015,30.437344162957768,284,3.9028421504696764,-0.24815206229686737,0.683106005191803,0.06445085466114295,289,0.27894575162362434,-0.6165237426757812,0.04374556615948677,-0.368205720578098,289,0.14078869820358145,47.0,0.01860563761695119,98.33472234999265,1315.6086930423726,0.005296226360785741,1.368205720578098,0.06445085466114295,0.07727728931124202,0.11941786466300648,0.09413351945194781,499.9360357114009
1372,76.23876718559568,10.041484010061076,28.80981301999998,30.09498854000003,29.185736084705898,289,0.2907100191338739,-0.24672365188598633,0.670452356338501,0.03138255743006934,289,0.25272935605343294,-0.6746429800987244,-0.20908230543136597,-0.4398007772373081,289,0.09159452445989323,0.0,0.0,0.0,0.0,0.0,1.439800777237308,0.03138255743006934,0.0,0.0,0.0,999.8720714228018
1373,76.24332803095987,10.041484010061076,28.80639500000001,29.291753840000013,29.032977792941193,289,0.10176766347941867,-0.25144174695014954,0.3707509934902191,-0.19433852463032547,289,0.0701734908151379,-0.5103448033332825,-0.21212121844291687,-0.43895042973818665,289,0.03637483669715603,0.0,0.0,0.0,0.0,0.0,1.4389504297381865,0.0,0.0,0.0,0.0,1499.8081071342028
1374,76.24788887632407,10.041484010061076,29.042238380000015,29.773694660000046,29.467704994117668,289,0.16463193832296846,-0.26966291666030884,0.4346504509449005,-0.16513263477998621,289,0.12696065134196288,-0.5362318754196167,-0.05875440686941147,-0.4283867014320664,289,0.0747268370494454,0.0,0.0,0.0,0.0,0.0,1.4283867014320664,0.0,0.0,0.0,0.0,1499.8081071342028
1375,76.25244972168827,10.041484010061076,29.175541160000023,31.995407660000012,30.26295642941178,289,0.7659899214418705,-0.226262629032135,0.7039361000061035,0.1484215020308445,289,0.2710420575881622,-0.5306388735771179,0.034349918365478516,-0.3209555338823259,289,0.1098674678328739,0.0,0.0,0.0,544.5061400784359,0.002192010274745292,1.320955533882326,0.1484215020308445,0.0,0.04942484865594336,0.019769939462377345,999.8720714228018
1376,76.25701056705246,10.041484010061076,29.60279366000003,32.220996979999995,30.110103521176494,289,0.35907472517690037,-0.20166897773742676,0.5962660312652588,-0.007362732012791617,289,0.17840038717456008,-0.4829931855201721,-0.005565862637013197,-0.2960121128385867,289,0.08387881225656996,0.0,0.0,0.0,351.25101613184586,0.001414025994757047,1.2960121128385866,0.0,0.0,0.03188307171350175,0.0127532286854007,499.9360357114009
1377,76.26157141241666,10.041484010061076,30.21120122000002,35.481788059999985,32.23197988250002,272,1.1607783544946462,-0.11787072569131851,0.7645667195320129,0.413538652307847,272,0.2791239961609572,-0.5241855978965759,0.11502347141504288,-0.23280651429120233,272,0.11306919143218055,0.0,0.0,0.0,2469.298246462182,0.00994061724790823,1.2328065142912024,0.413538652307847,0.0,0.22413832119542154,0.08965532847816862,0.0
1378,76.26613225778085,10.041484010061076,30.122332700000015,36.84899605999999,33.32903864000002,289,1.8229437511389535,-0.046373363584280014,0.7279815077781677,0.3395414517412549,289,0.21172910207339643,-0.49924013018608093,0.13249211013317108,-0.1567064965060013,289,0.14026104435585135,3.0,0.00041024468417477595,33.968932846913894,5788.591701922703,0.02330304757461891,1.1567064965060012,0.3395414517412549,0.0017039242513510922,0.5254307485997615,0.21119465399071524,499.9360357114009
1379,76.27069310314505,10.041484010061076,30.13258675999998,37.26599450000003,32.75466935529413,289,1.812230436123386,-0.038421597331762314,0.7663151621818542,0.4695695923273951,289,0.22783186832548105,-0.6165962219238281,0.15293581783771515,-0.25719174711762005,289,0.13315165254608896,6.0,0.0019036278555304743,78.81175464845339,1558.3619292263907,0.0062734744554837855,1.25719174711762,0.4695695923273951,0.007906592805975193,0.14145258764594154,0.06132499074196173,0.0
1380,76.27525394850925,10.041484010061076,30.959747600000014,38.12733553999999,35.25951031647061,289,1.460357988377514,-0.001953125,0.7759562730789185,0.5155485476589533,289,0.16888455053456522,-0.45283862948417664,0.27840152382850647,-0.16384693660538088,289,0.13911962839264805,8.0,0.012681231906340134,393.7600519210114,2738.204583666373,0.011023149492651695,1.163846936605381,0.5155485476589533,0.052670660744051544,0.24854696242217925,0.1310211814153026,0.0
1381,76.27981479387344,10.041484010061076,31.11697651999998,39.46719938000001,35.41179552588237,289,1.9460989909013697,0.07593397051095963,0.7932131290435791,0.4753628107090722,289,0.19872277265736807,-0.4152756631374359,0.3121131658554077,-0.10248547194325801,289,0.15743524428380337,4.0,0.05356228895346758,3326.2840448144575,2883.934355889673,0.011609811670609411,1.102485471943258,0.4753628107090722,0.22246743620645226,0.2617748608913575,0.23819040608041436,0.0
1382,76.28437563923764,10.041484010061076,31.516884860000005,37.14294577999999,34.290412943529425,289,1.4365845663156633,0.12716440856456757,0.8229783177375793,0.5476114345669334,289,0.17869358280378939,-0.4400222599506378,0.17599019408226013,-0.17164265985719884,289,0.149473872063769,3.0,0.004321990239995556,357.86788200009823,2944.945994740303,0.011855425318272531,1.171642659857199,0.5476114345669334,0.01795110154527617,0.26731289029908667,0.11769581704680038,0.0
1383,76.28893648460183,10.041484010061076,32.679011660000015,36.807979820000014,34.85806445882355,289,1.00716342908726,0.12048861384391785,0.7845272421836853,0.5272698847892787,289,0.15199009991610862,-0.3752012848854065,0.122622050344944,-0.12572183576009677,289,0.12734383352996848,3.0,0.002617776794697995,216.75621300536318,5539.515384914024,0.02230034474742932,1.1257218357600967,0.5272698847892787,0.010872763346300291,0.502822079264719,0.2076524897136678,0.0
1384,76.29349732996603,10.041484010061076,32.679011660000015,37.87440206000002,35.748523717647075,289,1.2319533513092251,0.09390445053577423,0.7564269304275513,0.44166435584889974,289,0.1599819464729514,-0.3416518270969391,0.1975504606962204,-0.05504392670100123,289,0.12381940240020937,4.0,0.00910983783590178,565.7321379736411,5870.164865355955,0.02363143544617424,1.0550439267010012,0.44166435584889974,0.037837110907830256,0.5328351485877841,0.2358363259798118,0.0
1385,76.29805817533023,10.041484010061076,35.03060942000002,40.85833352000003,37.66740487647061,289,1.1146992914837741,0.04404567554593086,0.7513636350631714,0.348326158358564,289,0.1480066734552672,-0.3309153616428375,0.3277669847011566,0.01957343771383424,289,0.10643167580669492,28.0,0.03201124762405754,283.9911232509416,7331.74167420698,0.029515283481146584,0.9804265622861658,0.348326158358564,0.1329566067439866,0.6655025461787326,0.34597498251788505,499.9360357114009
1386,76.30261902069442,10.041484010061076,31.73905616000002,38.80068548000003,35.15514834941179,289,1.6971822844655111,0.09056444466114044,0.8155608773231506,0.5180962902451881,289,0.18211887377378375,-0.4018264710903168,0.2159838080406189,-0.11237195288846237,289,0.1418344061841361,6.0,0.014167878986737506,586.5618110954669,4450.644574172754,0.017916893709262364,1.1123719528884624,0.5180962902451881,0.05884535138894042,0.4039852231385249,0.1969013000887742,0.0
1387,76.30717986605862,10.041484010061076,35.02377338000002,38.7015629,37.47460016352943,289,0.6749000735352589,0.06300414353609085,0.8020412921905518,0.33733658312101267,289,0.1549734498730003,-0.3411058187484741,0.24368907511234283,0.016042938694409432,289,0.10435059882377538,61.0,0.03845368542719858,156.59155257955103,7622.959864907145,0.030687636222872402,0.9839570613055906,0.33733658312101267,0.15971484745751255,0.6919364354258585,0.37260348264485094,499.9360357114009
1388,76.31174071142281,10.041484010061076,34.56575870000006,40.55071171999998,37.980407988235314,289,1.5080174198707523,0.0711141973733902,0.7830714583396912,0.40562861353468316,289,0.16490770641831246,-0.3502206802368164,0.47180527448654175,-0.0028805749226606427,289,0.14624021213817068,32.0,0.020553324827933733,159.54834497093233,8532.611668910191,0.034349607969468385,1.0028805749226606,0.40562861353468316,0.08536687974558306,0.7745055736471097,0.3610223573061937,0.0
1389,76.31630155678701,10.041484010061076,33.926588960000004,39.06045500000005,37.681419941176486,289,0.9757071158216466,0.05030181258916855,0.783706545829773,0.36483954723318557,289,0.1786318058971098,-0.3618071377277374,0.31692495942115784,-0.00401792064257559,289,0.1226563128910817,77.0,0.10095037083599653,325.6697264434814,7569.024680720286,0.03047051015356702,1.0040179206425757,0.36483954723318557,0.4192907103631319,0.6870407361500303,0.5263907206778913,499.9360357114009
1390,76.3208624021512,10.041484010061076,36.56530040000001,40.031172680000054,38.28295598000002,272,0.6787666524803447,0.0764351412653923,0.7706930637359619,0.3248487360337201,272,0.14335776338606865,-0.3505512773990631,0.1990182101726532,0.03951186993542839,272,0.09709719476118578,61.0,0.0382626710905784,155.8137017388836,10911.358549493805,0.043925693929686364,0.9604881300645716,0.3248487360337201,0.15892148200250955,0.9904245429845477,0.4915227063953248,499.9360357114009
1391,76.3254232475154,10.041484010061076,35.22885458000002,41.88715754000003,37.30738920588237,289,1.1376741356599562,0.04849279299378395,0.780145525932312,0.4503438876986916,289,0.15915644414425092,-0.2958759069442749,0.2937305271625519,-0.0181928208955019,289,0.12084259429369572,20.0,0.06823615066486484,847.5097822398096,6339.709572619453,0.025521674595039658,1.018192820895502,0.4503438876986916,0.28341435348660393,0.5754557443635354,0.4002309098373765,0.0
1392,76.3299840928796,10.041484010061076,33.83430242000003,40.86516956000003,36.72094449411767,289,1.319819496171224,0.08179769665002823,0.7748754620552063,0.5282654019788062,289,0.16105442779290416,-0.3399064838886261,0.25924789905548096,-0.05290414552787596,289,0.12654675790689046,28.0,0.08930155921307695,792.2481000060321,6462.739352784971,0.026016953752375924,1.052904145527876,0.5282654019788062,0.37090813920650717,0.586623163456328,0.4571941489064355,0.0
1393,76.3345449382438,10.041484010061076,36.03892532000003,40.308032300000036,38.26724964588237,289,0.9240559180962484,0.02918693609535694,0.756008505821228,0.36725117508515354,289,0.17147217061269146,-0.3070652186870575,0.24655158817768097,0.012938126560725969,289,0.10744446741530247,17.0,0.023665608626952925,345.8031559789647,8799.023413822928,0.03542209777110298,0.987061873439274,0.36725117508515354,0.098293545335177,0.7986877806109853,0.37845123944550035,499.9360357114009
1394,76.33910578360799,10.041484010061076,33.663401420000014,41.19329948000001,37.55149970000002,289,2.0595252891739806,0.014950166456401348,0.8371164202690125,0.4353416469270383,289,0.2237969926219649,-0.38186705112457275,0.23062261939048767,-0.03397546589993276,289,0.1441123157002398,18.0,0.06343652816212529,875.4414330052839,4588.384982836306,0.018471393225089,1.0339754658999327,0.4353416469270383,0.26347943782474936,0.41648792669118495,0.32468283337132364,0.0
1395,76.34366662897219,10.041484010061076,33.171206540000014,39.13565144000006,35.90363559411766,289,1.2621683080213104,0.12152199447154999,0.8222939968109131,0.5490154015564176,289,0.17546470647403137,-0.2921772003173828,0.2117188274860382,-0.08990442876584802,289,0.1137849699982509,0.0,0.0,0.0,5096.829469880731,0.020518230639224373,1.089904428765848,0.5490154015564176,0.0,0.4626394573580376,0.18505578294321504,0.0
1396,76.34822747433638,10.041484010061076,33.92317093999998,38.527243880000015,36.83247365882355,289,1.0335967987660704,0.1203799918293953,0.8093370199203491,0.40836944052092344,289,0.1485775582799728,-0.36087340116500854,0.2935076653957367,-0.005880350472605352,289,0.11049159190088678,0.0,0.0,0.0,9930.499885480269,0.03997706578514258,1.0058803504726053,0.40836944052092344,0.0,0.9013919546380573,0.36055678185522294,0.0
1397,76.35278831970058,10.041484010061076,34.165850360000036,39.43985522000003,37.261819548235316,289,0.828240938044219,0.11554447561502457,0.7577770352363586,0.4083108868978428,289,0.1594427665870845,-0.28186145424842834,0.24184191226959229,-0.00637840110950404,289,0.1007607193386937,28.0,0.02942779263007715,261.0717327221775,7571.251592681899,0.030479474999950764,1.006378401109504,0.4083108868978428,0.12222639673438684,0.6872428730564332,0.3482329872632054,0.0
1398,76.35734916506478,10.041484010061076,33.64972934000002,38.28456446000001,36.10307528705884,289,1.0889270658918586,0.15076012909412384,0.7843459248542786,0.5078938098102292,289,0.15211277443472498,-0.319731205701828,0.2565421462059021,-0.07157338944273424,289,0.10829630203152543,96.0,0.0593054789841206,153.45596716246865,7513.478137054801,0.03024689725835928,1.0715733894427342,0.5078938098102292,0.24632139739313372,0.6819987736964355,0.42059234791445443,0.0
1399,76.36191001042897,10.041484010061076,34.98959318000004,40.58489192000002,37.940231469411785,289,1.2193148314261952,0.06660949438810349,0.75975501537323,0.38912367243255297,289,0.1677146762246661,-0.3126732110977173,0.3088094890117645,0.014734834123235261,289,0.10802334855621085,52.0,0.030215156914522888,144.33833998918973,5916.559051797495,0.02381820383294331,0.9852651658767647,0.38912367243255297,0.12549666238478396,0.5370463511337433,0.29011653788436775,499.9360357114009
1400,76.36647085579317,10.041484010061076,33.91633490000004,38.5990223,35.712533977647084,289,1.0222726842682357,0.1773393601179123,0.7962308526039124,0.5302811460923984,289,0.15792659609186743,-0.3202391266822815,0.1423119455575943,-0.08955428179572611,289,0.10460854671581422,1.0,0.0006467156887210929,160.64735984625244,7409.426792613403,0.02982801930762809,1.089554281795726,0.5302811460923984,0.002686090979966556,0.6725540281317248,0.2706332658406699,0.0
1401,76.37103170115736,10.041484010061076,33.28058318000001,38.59560428000003,35.640282475294136,289,1.1813737665275075,0.09357564151287079,0.7966280579566956,0.570060122796821,289,0.1419763677799464,-0.28024768829345703,0.1921277940273285,-0.07410179454975062,289,0.10085977960716445,2.0,0.0005300084711047932,65.82835631180566,3269.9456556249525,0.01316377162240285,1.0741017945497506,0.570060122796821,0.002201355245232691,0.2968131252278293,0.12004606323827134,0.0
1402,76.37559254652156,10.041484010061076,32.82940454000004,37.806041660000005,35.225270981176486,289,1.3454990981385366,0.06795564293861389,0.823034405708313,0.5734336351440852,289,0.14717908237850025,-0.44358208775520325,0.1224987804889679,-0.1072043052594142,289,0.09467182291847091,0.0,0.0,0.0,4480.773536793252,0.018038183426256255,1.1072043052594143,0.5734336351440852,0.0,0.4067200305319993,0.16268801221279972,0.0
1403,76.38015339188576,10.041484010061076,33.87873668000003,37.983778700000016,35.629466630000024,272,0.9699107699286952,0.11380545794963837,0.7816165685653687,0.5455197165994083,272,0.1432319425999007,-0.3579323887825012,0.15629246830940247,-0.06949431755963494,272,0.09480052953619182,3.0,0.0008816494576403433,73.00202141886591,3198.525365854812,0.01287625602344398,1.069494317559635,0.5455197165994083,0.0036618729017434655,0.2903303020729897,0.11832924457024196,0.0
1404,76.38471423724995,10.041484010061076,32.98663346000001,35.98081897999998,34.35667995411766,289,0.774769694714611,0.18096545338630676,0.8043005466461182,0.6047415023856509,289,0.10637191605417033,-0.3255814015865326,0.14012935757637024,-0.10951111473426686,289,0.07626095248697694,50.0,0.023778759788029773,118.13521913839494,1767.6861753203953,0.007116147961654486,1.109511114734267,0.6047415023856509,0.09876351122349851,0.16045295958247344,0.12343929056708848,0.0
1405,76.38927508261415,10.041484010061076,32.93194514000004,36.196154240000055,34.142101625882376,289,0.8044674225354661,0.2641828954219818,0.7639093399047852,0.6050691703611591,289,0.10355318674537375,-0.3311448395252228,0.17179742455482483,-0.11560280347777897,289,0.08191245235929946,132.0,0.03449119020113257,64.90743478820487,2107.0782067584837,0.008482433417998102,1.115602803477779,0.6050691703611591,0.14325688475377069,0.1912595906820683,0.16245796712508973,0.0
1406,76.39383592797834,10.041484010061076,32.82256849999999,38.756251220000024,34.47529352705884,289,1.090869145589349,0.15417072176933289,0.8208884596824646,0.6096002387340506,289,0.14111584136441407,-0.33971673250198364,0.1364540010690689,-0.13520547675426445,289,0.09752057774785607,106.0,0.03906022785136485,91.53540406201336,2398.6895108683775,0.009656368710534349,1.1352054767542645,0.6096002387340506,0.162234081431474,0.2177291628523979,0.18443211399984355,0.0
1407,76.39839677334254,10.041484010061076,0.0,40.02091862000003,30.084400245882367,289,11.173924929510994,0.0,0.7808401584625244,0.544917334322286,289,0.24213848642563238,-0.3334447741508484,0.23872679471969604,-0.12875308132501623,289,0.12002128455390663,13.0,0.014118668723996466,269.7805227017627,851.0703288928657,0.0034261411729816014,1.1287530813250162,0.544917334322286,0.05864095980671069,0.07725169489371511,0.06608525384151245,0.0
1408,76.20228042268211,10.04597556593603,29.26440968000003,30.245381420000058,29.478957193203144,256,0.1342367593976427,-0.3646353781223297,-0.20274241268634796,-0.31172654032707214,256,0.024156142319311562,-0.45486724376678467,-0.3373737335205078,-0.3864136040210724,256,0.02053241172066519,0.0,0.0,0.0,0.0,0.0,1.3864136040210724,0.0,0.0,0.0,0.0,1117.9071508391453
1409,76.2068412680463,10.04597556593603,29.41138454000003,34.85287238000001,32.013678987500015,272,1.3458673719763277,-0.323699414730072,0.7115198373794556,0.26142142800723805,272,0.34045379159840433,-0.449122816324234,0.1357913613319397,-0.19875386181999655,272,0.1473189614332414,73.0,0.023856904149784405,81.18044384879232,3178.2651166190176,0.012794694639237431,1.1987538618199967,0.26142142800723805,0.09908807867857208,0.2884912782704912,0.17484935851533973,707.0566451666347
1410,76.2114021134105,10.04597556593603,29.202885320000007,36.99938894000002,31.92651947750002,272,2.19939199352547,-0.290909081697464,0.7095223069190979,0.15353228064144359,272,0.2908612922926259,-0.4470588266849518,0.22166362404823303,-0.2293833283817067,272,0.14160892660908297,62.0,0.020313579368322506,81.38698527437403,1478.1109197634087,0.00595040915951449,1.2293833283817066,0.15353228064144359,0.08437111278371587,0.13416819963771226,0.10428994752531442,499.9999999999634
1411,76.2159629587747,10.04597556593603,30.758084420000046,40.31486834000003,36.446184916250026,272,1.46480397923904,-0.08999159187078476,0.6585071086883545,0.3818184628206141,272,0.1460413324353703,-0.3536345660686493,0.24607843160629272,-0.01635196279076969,272,0.10452996905360774,359.0,0.1581437590187648,109.42531485842831,6458.656197557066,0.026000516255065685,1.0163519627907698,0.3818184628206141,0.6568396778472249,0.5862525352589143,0.6286048208119006,499.9290944467355
1412,76.22052380413889,10.04597556593603,35.43051776000004,70.77284456000001,42.5070278134601,263,10.927992380950723,0.12583200633525848,0.7115151286125183,0.4391761106603286,272,0.12811788620690415,-0.28626736998558044,0.29818955063819885,-0.047013510675991285,272,0.09813998391393411,269.0,0.1789124475250506,165.21461885072924,7709.602856611348,0.03103643362674176,1.0470135106759912,0.4391761106603286,0.743101056433524,0.699801023971107,0.7257810434485572,0.0
1413,76.22508464950309,10.04597556593603,31.592081300000018,70.06189640000002,40.11539482906252,256,9.211350972157296,-0.05827067792415619,0.7008833289146423,0.4564550343681784,272,0.13942633783806976,-0.39290085434913635,0.13805310428142548,-0.09808482142055736,272,0.09926588321093285,303.0,0.13318036601455605,109.18369094476621,6468.796437001533,0.02604133766627594,1.0980848214205574,0.4564550343681784,0.5531558706543496,0.5871729652834603,0.5667627085059939,0.0
1414,76.22964549486728,10.04597556593603,30.52907707999998,60.46067821999998,34.31716151402987,268,2.4946748767482587,-0.12786884605884552,0.7200714945793152,0.4567262425142176,272,0.1614121518674467,-0.5061913728713989,0.08996617794036865,-0.17664647102355957,272,0.12481019538623929,236.0,0.0868122449134227,91.37537659805608,4377.550675798075,0.017622640689020197,1.1766464710235596,0.4567262425142176,0.360568936364798,0.39735048644975035,0.3752815563987789,0.0
1415,76.23420634023148,10.04597556593603,28.922607680000056,60.10862215999998,30.314307301250015,272,2.1260364164416217,-0.22027289867401123,0.739811897277832,0.08641486308153938,272,0.2570066459992129,-0.6370546221733093,0.06058739125728607,-0.36658960230210247,272,0.13185397552065753,26.0,0.00811718610793706,77.55188374612138,132.13969428092378,0.0005319528031837481,1.3665896023021025,0.08641486308153938,0.03371419739384535,0.011994326437414453,0.02502624901127299,499.9290944467355
1416,76.23876718559568,10.04597556593603,28.775632820000055,29.794202779999978,28.985954146250016,272,0.17569974502519078,-0.2659091055393219,0.627091646194458,-0.14916066562428193,272,0.15268468990065423,-0.660162627696991,-0.1938176155090332,-0.45503857556511373,272,0.05155741216199285,1.0,0.0002329258171183954,57.859919301012646,0.0,0.0,1.4550385755651138,0.0,0.0009674420263413278,0.0,0.0005804652158047966,999.858188893471
1417,76.24332803095987,10.04597556593603,28.96704194000006,29.462654840000027,29.19103534625002,272,0.12809994508855657,-0.26070037484169006,-0.16506922245025635,-0.21100596820606904,272,0.020334116994151556,-0.5110683441162109,-0.40215054154396057,-0.4597271750955021,272,0.022629224904512812,0.0,0.0,0.0,0.0,0.0,1.459727175095502,0.0,0.0,0.0,0.0,1499.7872833402066
1418,76.24788887632407,10.04597556593603,29.295171859999982,29.88648932000001,29.56911611000002,272,0.14453964483705095,-0.2668161392211914,0.7186353206634521,-0.056183695793151855,272,0.21706997399586564,-0.540930986404419,-0.041628122329711914,-0.3788955912870519,272,0.10340210069476957,0.0,0.0,0.0,0.0,0.0,1.378895591287052,0.0,0.0,0.0,0.0,1580.9370307728768
1419,76.25244972168827,10.04597556593603,29.30884394000003,31.564737140000034,29.913355962500017,272,0.5638778909084532,-0.21225880086421967,0.6031934022903442,0.02285123397322262,272,0.20378022399631432,-0.5168918967247009,-0.01692267693579197,-0.3157981143278234,272,0.10909528275100676,0.0,0.0,0.0,1137.249141267089,0.004578206964284412,1.3157981143278235,0.02285123397322262,0.0,0.1032281595265953,0.04129126381063812,1117.9071508391453
1420,76.25701056705246,10.04597556593603,29.305425920000005,32.09794826000001,30.06652598375002,272,0.5745265487473188,-0.25213155150413513,0.47864407300949097,-0.02041375286438886,272,0.17280130653726744,-0.5164473652839661,0.01097752247005701,-0.2697754467234892,272,0.12085403005146542,0.0,0.0,0.0,1157.1735786842205,0.00465841647584397,1.2697754467234892,0.0,0.0,0.10503670167408087,0.04201468066963235,707.0566451666347
1421,76.26157141241666,10.04597556593603,30.11207864000005,35.481788059999985,32.32508637031252,256,1.2326209715024838,-0.21237993240356445,0.6918566823005676,0.2676718235015869,256,0.2359864162131282,-0.4399999976158142,0.12759524583816528,-0.16939705610275269,256,0.12098424480933957,0.0,0.0,0.0,3553.5901993431385,0.014305635246045625,1.1693970561027527,0.2676718235015869,0.0,0.3225595541722963,0.12902382166891854,499.9999999999634
1422,76.26613225778085,10.04597556593603,30.067644380000047,35.73472154000001,32.31877497125003,272,1.573471143003529,-0.12347353994846344,0.7106724381446838,0.22164131613338695,272,0.25684683660240243,-0.451715886592865,0.1876543164253235,-0.20247134040383732,272,0.13152404775593285,1.0,0.0004374685512731843,108.66934110842428,3359.76033069414,0.01352533722485172,1.2024713404038374,0.22164131613338695,0.0018169967886780469,0.3049656076254344,0.12307644112338059,499.9290944467355
1423,76.27069310314505,10.04597556593603,30.21120122000002,35.30746904,32.08951630625002,272,1.2321458342065073,-0.06382978707551956,0.7696808576583862,0.4052279135760139,272,0.27626411434188336,-0.5013538002967834,0.13935764133930206,-0.23892534480375402,272,0.1040552112631149,0.0,0.0,0.0,941.9444815823697,0.0037919718987388367,1.238925344803754,0.4052279135760139,0.0,0.08550034612613065,0.034200138450452264,0.0
1424,76.27525394850925,10.04597556593603,30.05055428000003,40.59856400000001,33.41818361750002,272,2.390220188363064,-0.06308724731206894,0.744438111782074,0.3447616521049948,272,0.25602667942972457,-0.4938230514526367,0.16010230779647827,-0.1790931645561667,272,0.1179834575653202,1.0,0.0019065505328689618,473.5965353253613,1995.763470481996,0.008034315338717169,1.1790931645561666,0.3447616521049948,0.007918731953630307,0.18115554668937955,0.07721345784793,499.9290944467355
1425,76.27981479387344,10.04597556593603,29.81812892000005,37.94959849999998,32.02709974250003,272,1.6794474792026892,-0.0642458125948906,0.8192118406295776,0.464019494898179,272,0.2876217321858575,-0.44309112429618835,0.2634989321231842,-0.25766439998851104,272,0.11557492960395602,0.0,0.0,0.0,515.943040687661,0.002077024230080799,1.257664399988511,0.464019494898179,0.0,0.046832174743523636,0.018732869897409455,0.0
1426,76.28437563923764,10.04597556593603,31.298131580000017,37.395879260000015,34.42889967125001,272,1.7205259248913882,0.19759105145931244,0.8138992786407471,0.5701952541575712,272,0.1742118711779448,-0.451661080121994,0.1695067286491394,-0.1767734359292423,272,0.15896054645892346,1.0,0.0006025275230234662,149.67080201786501,5472.351502083039,0.02202996410261951,1.1767734359292423,0.5701952541575712,0.0025025583467372867,0.4967256103734981,0.20019177915744163,0.0
1427,76.28893648460183,10.04597556593603,33.48224635999998,37.17712598000003,35.48668889750002,272,0.8914369312575948,0.13450483977794647,0.7764208316802979,0.48496633417466106,272,0.1553766715099884,-0.3623085021972656,0.1504424810409546,-0.08958039564244888,272,0.12458392590533737,3.0,0.002068235530578578,171.2532948261045,4498.1517472543055,0.01810814262980505,1.0895803956424488,0.48496633417466106,0.008590279932932557,0.40829745153559893,0.16847314857399912,0.0
1428,76.29349732996603,10.04597556593603,34.62044702000003,40.718194700000026,37.23151271000002,272,1.1568391239790206,0.08054841309785843,0.7359763979911804,0.367923007291906,272,0.15867565222741906,-0.2747074365615845,0.29195520281791687,-0.0006483834894264446,272,0.11396186994546373,14.0,0.03506674600352228,622.1965918511405,5890.970232628865,0.02371519130396034,1.0006483834894264,0.367923007291906,0.14564741783689986,0.5347236527808622,0.3012779118144848,499.9290944467355
1429,76.29805817533023,10.04597556593603,31.14090266000005,41.04290660000004,36.056430106250026,272,2.6365232319783947,0.07134637236595154,0.7867715358734131,0.41140710606294517,272,0.2171716961186661,-0.4595172107219696,0.19364161789417267,-0.08181988491731532,272,0.1595802968565722,10.0,0.02290010307399866,568.8498304904269,4069.660672527076,0.016383172479232568,1.0818198849173153,0.41140710606294517,0.09511406848504673,0.369403295969667,0.20482975947889484,0.0
1430,76.30261902069442,10.04597556593603,32.972961380000015,37.47107570000003,35.64753689750002,272,0.9364345133044959,0.16074766218662262,0.7784090638160706,0.46932265337775736,272,0.15165555716487042,-0.3712694048881531,0.16865594685077667,-0.08691965832429774,272,0.10817060893301253,5.0,0.0028125514078981393,139.73032230104292,3604.938701880502,0.014512348149482254,1.0869196583242977,0.46932265337775736,0.011681746862191172,0.32722046022976137,0.13789723220921926,0.0
1431,76.30717986605862,10.04597556593603,31.57157318000003,42.62203183999998,36.62439947375001,272,2.671043988064228,0.11042183637619019,0.7542826533317566,0.4902035208309398,272,0.19775154747231416,-0.34755969047546387,0.34364548325538635,-0.09958103123833151,272,0.15724429938558002,22.0,0.030642283415136747,345.98609110294564,1929.745233363148,0.0077685467028221905,1.0995810312383316,0.4902035208309398,0.12727070414782268,0.17516306811482898,0.14642764973462521,0.0
1432,76.31174071142281,10.04597556593603,35.29037893999998,43.61325764000003,40.298595046250014,272,2.208113120941128,0.03343558311462402,0.7690476179122925,0.3317279815673828,272,0.17155062445450725,-0.2980004847049713,0.5128205418586731,0.07948385266696706,272,0.15238518195271739,45.0,0.12912914983393411,712.8070293157481,4736.975516161748,0.01906957192649415,0.920516147333033,0.3317279815673828,0.5363294113145698,0.4299754965838916,0.4937878454222985,499.9290944467355
1433,76.31630155678701,10.04597556593603,35.888532440000006,42.36909836000001,39.07254373250002,272,1.166800098943969,0.028680168092250824,0.7210851907730103,0.29401173311121326,272,0.1554538301523661,-0.23826780915260315,0.31942397356033325,0.06605132888345157,272,0.10420161862112444,68.0,0.11162698052289603,407.7748724498994,7531.368499043132,0.030318918222698978,0.9339486711165484,0.29401173311121326,0.46363530486851173,0.6836226827189231,0.5516302560086763,707.0566451666347
1434,76.3208624021512,10.04597556593603,34.22737472000006,40.65325231999998,38.09163325296877,256,1.254223951314613,0.09660861641168594,0.7996351718902588,0.3653531074523926,256,0.18046013979526485,-0.2660875916481018,0.31892332434654236,0.02520645782351494,256,0.12318005179805253,32.0,0.04486364366107421,348.2609337133534,6367.558665442006,0.02563378627407523,0.9747935421764851,0.3653531074523926,0.18633818642123004,0.577983607865243,0.3429963549988353,499.9290944467355
1435,76.3254232475154,10.04597556593603,34.02571154000003,39.74405899999999,37.28285840750002,272,1.0252921603956138,0.07310596853494644,0.7685185074806213,0.47542532752541933,272,0.1736150990610764,-0.31069570779800415,0.24440258741378784,-0.0142040796139661,272,0.12198907972260586,38.0,0.13956673988120605,912.3438172329244,2150.007740413544,0.008655254203542156,1.0142040796139662,0.47542532752541933,0.5796812535035366,0.19515630652712,0.42587127471297,0.0
1436,76.3299840928796,10.04597556593603,33.91291688000001,40.35930259999998,37.810867100000024,272,1.2327313686712027,0.13509060442447662,0.8077720403671265,0.45788731294519763,272,0.18213313771397913,-0.32120269536972046,0.29435041546821594,-0.0015601831323960248,272,0.13432799258280287,56.0,0.10964958092075619,486.3838488175351,5910.924247026228,0.02379551988312959,1.001560183132396,0.45788731294519763,0.45542230597621497,0.5365348796322731,0.48786733543863825,0.0
1437,76.3345449382438,10.04597556593603,35.66636114000005,39.59366612000002,37.82548164875002,272,0.9527713041714203,-0.0015220700297504663,0.7698174118995667,0.3666129673228544,272,0.1609801158057701,-0.3256015181541443,0.26127415895462036,0.013298771837178399,272,0.11135266583515978,65.0,0.09472606946283413,362.00648988572834,8664.558052748043,0.03488078256567476,0.9867012281628216,0.3666129673228544,0.3934384849314162,0.786482353286262,0.5506560322733545,499.9290944467355
1438,76.33910578360799,10.04597556593603,32.89434692000003,43.56540536,37.580665966250024,272,2.2902457006018855,0.03206357732415199,0.7920792102813721,0.5408151850980871,272,0.20426150344286642,-0.3604546785354614,0.3050365447998047,-0.039135326357448805,272,0.16419852000553836,2.0,0.004726873685478472,587.0893432325007,1187.5046853612178,0.004780519961161502,1.0391353263574488,0.5408151850980871,0.01963275824514706,0.10778985769333514,0.054895598024422294,0.0
1439,76.34366662897219,10.04597556593603,32.67217562000002,38.83144765999998,35.60484934625002,272,1.2806407786159315,0.16206762194633484,0.8004018664360046,0.5410317252664005,272,0.17364644943571172,-0.27464503049850464,0.3149925470352173,-0.05020719416001264,272,0.12150149036814001,1.0,0.023653388087863415,5875.618009590002,6371.237898661848,0.02564859770856138,1.0502071941600126,0.5410317252664005,0.09824278813167761,0.5783175720424595,0.2902727016959904,0.0
1440,76.34822747433638,10.04597556593603,33.762523999999985,39.426183140000035,35.772897807500016,272,1.2315259244891368,0.078125,0.7848069667816162,0.5363063251270968,272,0.17201347017779628,-0.3408206105232239,0.31892749667167664,-0.07887054190916173,272,0.12226557992723007,1.0,0.006740708987481433,1674.4252864380514,5221.525123440605,0.021020216078323276,1.0788705419091618,0.5363063251270968,0.02799709041489167,0.4739580878593629,0.20638148939268017,0.0
1441,76.35278831970058,10.04597556593603,34.760585839999976,39.42276512000001,36.80120661125002,272,0.8448539277643146,0.08190686255693436,0.7778925895690918,0.4821315092198989,272,0.1412080887560603,-0.2715182900428772,0.23698192834854126,-0.039474301478442025,272,0.09700034830485711,1.0,0.00179700754161052,446.38551718827216,6495.543081849402,0.026149011236886267,1.039474301478442,0.4821315092198989,0.007463752360789854,0.5896007595292144,0.24031855522815967,0.0
1442,76.35734916506478,10.04597556593603,34.350423439999986,38.16151574000003,35.65574265875002,272,0.7160490945543784,0.14125412702560425,0.8216380476951599,0.5558252895579618,272,0.14610080261561137,-0.3596981167793274,0.10970118641853333,-0.1019438855788287,272,0.09335911045117054,14.0,0.009700281703599219,172.11412246146747,4999.080796565259,0.020124725257963896,1.1019438855788286,0.5558252895579618,0.04028948058875606,0.45376680555609367,0.2056804105756911,0.0
1443,76.36191001042897,10.04597556593603,34.30940720000001,40.328540420000024,36.62217524750002,272,1.3168851592067818,0.04057653248310089,0.7737002968788147,0.48143571965834675,272,0.15055624795576789,-0.31085044145584106,0.2212572693824768,-0.04147204932044534,272,0.10809399037581206,20.0,0.015854761937833396,196.92004467532223,5264.7191169418165,0.021194101495939133,1.0414720493204452,0.48143571965834675,0.06585170852271974,0.47787880873743355,0.23066254860860527,0.0
1444,76.36647085579317,10.04597556593603,33.28741922000006,40.84466143999998,35.91887993375002,272,1.3112354779763609,0.022872518748044968,0.7927663922309875,0.5196492812212776,272,0.16869284498863374,-0.30389654636383057,0.1881570965051651,-0.08219504356384277,272,0.11471851708768213,15.0,0.031382588903213646,519.7059687244644,4521.987219989342,0.01820409673811149,1.0821950435638428,0.5196492812212776,0.13034551418973692,0.41046099854794726,0.24239170793302106,0.0
1445,76.37103170115736,10.04597556593603,32.97637940000004,38.21962208000002,36.224930952500024,272,1.0588386542593482,0.15188007056713104,0.8212801218032837,0.5194479998420266,272,0.16320774301724875,-0.36734533309936523,0.23120974004268646,-0.06266608658958883,272,0.11484896547797892,49.0,0.019303991579330968,97.86135737973528,4903.437083893972,0.019739693785481238,1.062666086589589,0.5194479998420266,0.08017785645672412,0.4450852211335746,0.22614080232746434,0.0
1446,76.37559254652156,10.04597556593603,31.592081300000018,37.71717314,34.404031062500025,272,1.453365686640955,0.13324213027954102,0.8054175972938538,0.5558525534237132,272,0.17023568772177944,-0.3282976746559143,0.2882666289806366,-0.10447904642890482,272,0.11462257120338332,5.0,0.0016720242162242588,83.06780881305254,3886.1966655702613,0.01564460415337797,1.1044790464289047,0.5558525534237132,0.006944642358015443,0.3527502591896826,0.14526688909068233,0.0
1447,76.38015339188576,10.04597556593603,33.91291688000001,39.41934709999998,36.867407972421894,256,1.2111769423011125,0.08405689895153046,0.7541436553001404,0.42418530583381653,256,0.16580812298837364,-0.26974523067474365,0.17476476728916168,-0.029763080179691315,256,0.09545240969726003,0.0,0.0,0.0,5567.216723707808,0.022411861615267446,1.0297630801796913,0.42418530583381653,0.0,0.505336531126093,0.2021346124504372,0.0
1448,76.38471423724995,10.04597556593603,32.55596294000003,37.49158382000002,34.37769220250002,272,1.4401256453542115,0.16615822911262512,0.8138048648834229,0.5999216191908893,272,0.1487168891577337,-0.34184396266937256,0.10144927352666855,-0.12597294414744659,272,0.09081733367065895,109.0,0.04923171103007396,112.19632394897016,2872.3645072647378,0.011563235102970611,1.1259729441474466,0.5999216191908893,0.20448066628430409,0.26072466517239423,0.22697826583954014,0.0
1449,76.38927508261415,10.04597556593603,31.56815516000006,35.68345124000001,33.638532811250016,272,0.8820778633654375,0.2508023977279663,0.7904617190361023,0.6250725914450252,272,0.11082757634969224,-0.38605788350105286,0.14385150372982025,-0.14449127982644475,272,0.08340739795563684,58.0,0.030535617505009414,130.77927012482834,1692.6678562584286,0.00681414782965549,1.1444912798264448,0.6250725914450252,0.1268276743217958,0.1536435431348887,0.13755402184703297,0.0
1450,76.39383592797834,10.04597556593603,32.73028196000001,39.11172529999999,35.38056691625002,272,1.4821893201940561,0.14898236095905304,0.7976865768432617,0.5195320353788488,272,0.1713468289798904,-0.33983927965164185,0.18156754970550537,-0.08907679950489718,272,0.12074194153051544,148.0,0.07210382849453409,121.01990440677936,3722.7303323930273,0.01498654016561868,1.089076799504897,0.5195320353788488,0.2994784983850148,0.3379124122253435,0.3148520639211463,0.0
1451,76.39839677334254,10.04597556593603,0.0,39.95597624000004,31.45497526169119,272,11.56692399142904,0.0,0.7739969491958618,0.4551943610696232,272,0.22180579756417038,-0.28708383440971375,0.2891428470611572,-0.03989772235645967,272,0.10311883893911182,89.0,0.06634174060929873,185.16421195260008,2320.3654379761992,0.009341060654476757,1.0398977223564596,0.4551943610696232,0.27554604620512,0.21061968296984718,0.24957550091101088,0.0
1452,76.20228042268211,10.050467121810986,29.404548500000033,34.839200300000016,30.456180263750024,272,1.3782843875247923,-0.3263157904148102,0.738676905632019,-0.12554638526018927,272,0.30791299390853444,-0.42632612586021423,0.1369919329881668,-0.3244069323820226,272,0.1265318208351872,24.0,0.007728740768297446,79.99405180520672,1041.8138821288326,0.004194014660091289,1.3244069323820227,0.0,0.03210081528295304,0.09456549644134597,0.05708668774631022,1414.1034702883483
1453,76.2068412680463,10.050467121810986,28.994386100000042,33.65998339999999,30.187369696470604,289,1.1285721814821572,-0.2696078419685364,0.6990291476249695,0.07265329855948584,289,0.32055148940374717,-0.4774494469165802,0.07902869582176208,-0.32761612730455236,289,0.12008596108363584,29.0,0.010451374039799725,89.52319818011588,495.59762484690873,0.0019951199919385617,1.3276161273045524,0.07265329855948584,0.043409093093255344,0.044985420364176215,0.044039624001623694,999.8443002196373
1454,76.2114021134105,10.050467121810986,29.267827699999998,36.182482160000006,30.995701858823544,289,1.8065698290505936,-0.31674209237098694,0.6904359459877014,0.09896744328799133,289,0.24966971257665718,-0.5147929191589355,0.09624090045690536,-0.25898336126730104,289,0.12515717297035342,55.0,0.019061028765687726,86.08824278132434,1455.7249878501,0.005860290446148554,1.2589833612673011,0.09896744328799133,0.07916872642698107,0.13213622751582185,0.1003557268625174,499.92215010981863
1455,76.2159629587747,10.050467121810986,31.315221680000036,37.55652620000001,36.085559412941194,289,0.8508343775881976,-0.05073649808764458,0.7155508995056152,0.43961178472710316,289,0.13583821634430718,-0.3103860020637512,0.2705882489681244,-0.0547497462236345,289,0.09687332395650461,356.0,0.16566159619075665,115.59313423098456,8695.987916531276,0.03500730930114329,1.0547497462236346,0.43961178472710316,0.688064518946222,0.7893352435411625,0.7285728087841983,0.0
1456,76.22052380413889,10.050467121810986,32.20390687999998,67.01644058,40.555894277400746,277,8.774107111370615,0.13362610340118408,0.7134684324264526,0.45323645779830773,289,0.12980286254431347,-0.38939955830574036,0.26695525646209717,-0.06935280664569367,289,0.09861144194062334,242.0,0.13730712911213522,140.94118437723523,7183.048136994259,0.02891669011852343,1.0693528066456937,0.45323645779830773,0.5702961091334671,0.6520056266181985,0.6029799161273597,0.0
1457,76.22508464950309,10.050467121810986,29.746350500000005,63.71121524,38.23227658152673,262,10.690085872904918,-0.2076069712638855,0.7089489102363586,0.2791647465583775,289,0.288025569352658,-0.537876546382904,0.09255079180002213,-0.20568388308620783,289,0.13783430306200392,136.0,0.045657340474895156,83.39344171695679,3306.5560725324326,0.013311153633581539,1.2056838830862078,0.2791647465583775,0.18963475381493072,0.30013625454024173,0.23383535410505513,499.92215010981863
1458,76.22964549486728,10.050467121810986,29.168705120000027,35.068207640000026,30.42529463882355,289,1.3303242563253244,-0.2350119948387146,0.6376950144767761,0.06528548138364376,289,0.25088811434078906,-0.5579674243927002,0.00319488812237978,-0.2939281265628379,289,0.10667933436849351,29.0,0.008529789669513515,73.06350802398384,286.3721885073234,0.0011528442627275499,1.293928126562838,0.06528548138364376,0.03542791908698115,0.025994017393829345,0.031654358409720425,499.9999999999634
1459,76.23420634023148,10.050467121810986,28.611567860000036,30.002702,29.11344910117649,289,0.24777445595925357,-0.26543208956718445,0.6575821042060852,-0.08226145840021153,289,0.20058201403676634,-0.6228209137916565,-0.1428571492433548,-0.40317891790792604,289,0.07506499374225459,2.0,0.00039461601720665014,49.01228037521092,0.0,0.0,1.4031789179079261,0.0,0.0016390116133802998,0.0,0.0009834069680281798,707.0517351441741
1460,76.23876718559568,10.050467121810986,28.761960740000006,29.370368299999996,29.01456306235296,289,0.12496510425629836,-0.273333340883255,0.31002330780029297,-0.21536793428308823,289,0.05152955607395641,-0.5071942210197449,-0.20408163964748383,-0.4709287861226752,289,0.03162715757238173,0.0,0.0,0.0,0.0,0.0,1.4709287861226752,0.0,0.0,0.0,0.0,1117.8947288012675
1461,76.24332803095987,10.050467121810986,28.963623920000032,29.37720434000005,29.155565257647073,289,0.11408485160065915,-0.27968037128448486,0.3294656574726105,-0.20815612370580125,289,0.0834001568755877,-0.5083179473876953,-0.23330940306186676,-0.4385099839999189,289,0.049095151353329494,0.0,0.0,0.0,0.0,0.0,1.438509983999919,0.0,0.0,0.0,0.0,1580.917267137588
1462,76.24788887632407,10.050467121810986,29.10376273999998,30.392356280000058,29.43733310705884,289,0.2017999286117383,-0.2750733196735382,0.44741785526275635,-0.08258327893319839,289,0.1651996710749577,-0.49502262473106384,-0.03751736879348755,-0.36738948096041035,289,0.09432318648292232,0.0,0.0,0.0,0.0,0.0,1.3673894809604104,0.0,0.0,0.0,0.0,1802.5813173151632
1463,76.25244972168827,10.050467121810986,29.04907442000001,32.62090532000002,29.80606532000002,289,0.6872543147670661,-0.23376622796058655,0.689314603805542,0.017327120559850778,289,0.20900605327714997,-0.537132978439331,-0.003370786551386118,-0.3128265328060797,289,0.10818379617806614,0.0,0.0,0.0,212.97423456169616,0.0008573672104928026,1.3128265328060797,0.017327120559850778,0.0,0.019331681566182,0.0077326726264728,1414.1034702883483
1464,76.25701056705246,10.050467121810986,29.325934039999993,31.708293980000008,29.744044223529436,289,0.38267911085028866,-0.24242424964904785,0.6740196347236633,-0.06951023880585668,289,0.16591040640270002,-0.5,-0.019887812435626984,-0.31722357198853807,289,0.10097098177671666,0.0,0.0,0.0,594.9934219707397,0.002395256175032018,1.3172235719885381,0.0,0.0,0.05400758167382561,0.021603032669530245,1117.9991753889078
1465,76.26157141241666,10.050467121810986,30.122332700000015,35.32455914000002,32.562271197500024,272,1.24144012599577,-0.20456905663013458,0.6920245289802551,0.3684411890366498,272,0.2442003799318496,-0.41082802414894104,0.18570734560489655,-0.15192668578203986,272,0.12106894094099846,6.0,0.003397237015599199,140.64839899153384,3740.2644138869873,0.015057126856867827,1.1519266857820398,0.3684411890366498,0.014110199989821099,0.3395039816501348,0.14426771265394658,999.8443002196373
1466,76.26613225778085,10.050467121810986,30.286397660000034,36.39098138000003,32.8848379647059,289,1.4831786043162873,-0.06572769582271576,0.7449291348457336,0.3431945061601157,289,0.2383182660348804,-0.38176196813583374,0.11306256800889969,-0.1706103156594669,289,0.1118043632772867,33.0,0.014871208209549338,111.94185778505782,3714.7876013716714,0.01495456523140427,1.170610315659467,0.3431945061601157,0.06176658295064528,0.33719145014658936,0.1719365298290229,499.92215010981863
1467,76.27069310314505,10.050467121810986,30.62136362000001,37.758189379999976,34.64656116588237,289,1.3608757733224521,-0.009268795140087605,0.7339295744895935,0.47589143007271845,289,0.16101765922544645,-0.5024608373641968,0.1130952388048172,-0.15860075109145222,289,0.11589750323022929,10.0,0.0028208254194932404,70.07069167054314,7277.8849504060345,0.02929847326865057,1.1586007510914522,0.47589143007271845,0.01171611242390762,0.6606139687559267,0.2712752549567153,0.0
1468,76.27525394850925,10.050467121810986,31.28104148,37.27624856,34.76628648235295,289,1.104200215025959,-0.08045977354049683,0.745916485786438,0.4741921078375054,289,0.17721545259654886,-0.36192840337753296,0.1353970319032669,-0.15157648106347318,289,0.11773847757385153,1.0,0.0009105727197065172,226.19074489773175,5888.668510685681,0.02370592529614574,1.1515764810634732,0.4741921078375054,0.003782003764040613,0.534514725368816,0.21607509240595074,0.0
1469,76.27981479387344,10.050467121810986,30.019792100000018,37.63172264000002,33.669220332941194,289,1.930107370386862,-0.08695652335882187,0.7649484276771545,0.3937991713157575,289,0.2357775709922096,-0.46951568126678467,0.16435123980045319,-0.1556895958923551,289,0.129181263469291,0.0,0.0,0.0,5282.491732151373,0.021265648448821665,1.1556895958923552,0.3937991713157575,0.0,0.47949202987912,0.191796811951648,499.92215010981863
1470,76.28437563923764,10.050467121810986,32.887510880000036,37.149781820000044,35.76363869882354,289,0.9466746027124924,0.14811007678508759,0.7835074663162231,0.47988500892084773,289,0.15468944478170843,-0.40353330969810486,0.16786743700504303,-0.08607348273782169,289,0.12838182202670428,6.0,0.002347682881362124,97.1959969490601,7158.392374846827,0.028817433783322025,1.0860734827378218,0.47988500892084773,0.009750946082534738,0.6497676218962347,0.26575761640801476,0.0
1471,76.28893648460183,10.050467121810986,33.345525560000056,39.11172529999999,36.25006197411766,289,1.3273953323122902,0.06992054730653763,0.7426480650901794,0.4055886450110835,289,0.15773772309262057,-0.40271076560020447,0.2241402417421341,-0.03555221953606523,289,0.12218388176853669,35.0,0.016974312021958766,120.47150411982624,5237.207736632357,0.02108334934114787,1.0355522195360651,0.4055886450110835,0.0705016859935568,0.4753815994168642,0.23245365136287977,0.0
1472,76.29349732996603,10.050467121810986,34.51790642000003,40.95745610000006,38.171284890588254,289,1.552010846374792,0.07100149244070053,0.7461578845977783,0.33512123398302335,289,0.16979366327585577,-0.3392671048641205,0.25535258650779724,0.006940498484047227,289,0.11343621163380616,8.0,0.00784644412852044,243.63691715919433,7931.285811870422,0.0319288594047023,0.9930595015159528,0.33512123398302335,0.032589688430335564,0.719923196535963,0.30752309167258657,499.92215010981863
1473,76.29805817533023,10.050467121810986,31.335729800000024,38.91006212000002,34.22995301882355,289,1.680604429842712,0.07034631818532944,0.7846522927284241,0.49797242900492,289,0.19512568089132293,-0.45513513684272766,0.24161779880523682,-0.13619617607354292,289,0.1386422361350076,2.0,0.005620737455334439,698.1094229939397,3263.9171710233095,0.01313950284154752,1.1361961760735428,0.49797242900492,0.023345362487479714,0.2962659193891257,0.1325135852481381,0.0
1474,76.30261902069442,10.050467121810986,34.35725948000004,38.52040784000002,37.0425577047059,289,0.7688256618836238,0.004680186975747347,0.6865149140357971,0.383073747364295,289,0.12767940190625446,-0.2595725655555725,0.1733589768409729,-0.005579148196844081,289,0.07928499229552617,0.0,0.0,0.0,5112.354851736457,0.02058073093819656,1.0055791481968441,0.383073747364295,0.0,0.4640486970195672,0.1856194788078269,499.92215010981863
1475,76.30717986605862,10.050467121810986,32.66875760000005,42.11616488000004,36.31058103411767,289,2.1834437097563204,0.05994119122624397,0.7867208123207092,0.48947027397815746,289,0.17578975810147313,-0.4179190695285797,0.2920950651168823,-0.06700196315672984,289,0.14108989612365042,1.0,0.0018433152865581835,457.88858893373595,2890.834767826369,0.01163759055637741,1.0670019631567298,0.48947027397815746,0.007656088526706117,0.26240121161641217,0.10955413776258854,0.0
1476,76.31174071142281,10.050467121810986,32.72344592000002,44.54979512,39.968548403529425,289,2.4861185917998396,0.03404923900961876,0.7623448371887207,0.30273606455449825,289,0.14369755062205422,-0.36442098021507263,0.3929445445537567,0.09192423836995162,289,0.13460536594882513,25.0,0.058841187232293174,584.6576196584923,7500.496758727571,0.03019463831657849,0.9080757616300483,0.30273606455449825,0.24439299220920696,0.6808204533581627,0.41896397666878926,499.92215010981863
1477,76.31630155678701,10.050467121810986,36.84899605999999,41.46332305999999,39.43862520588237,289,0.9978287260404536,0.009425626136362553,0.6440861821174622,0.2711154713350184,289,0.1429314321943777,-0.1643429547548294,0.3331216871738434,0.0741230261779574,289,0.09664642581922323,16.0,0.03518131765383782,546.2007779819404,6881.2304402172485,0.02770166710273179,0.9258769738220426,0.2711154713350184,0.146123283633632,0.6246096196921052,0.3375178180570213,707.0517351441741
1478,76.3208624021512,10.050467121810986,33.68049152000003,42.345172219999995,38.31741263750002,272,2.520634474853623,0.003349351929500699,0.7745599150657654,0.35947345284854665,272,0.24225161476879475,-0.28278687596321106,0.2991313338279724,0.013120603912016925,272,0.1479327564447006,15.0,0.09595835981417367,1589.1019220319656,2447.6058331211825,0.009853290421950597,0.986879396087983,0.35947345284854665,0.39855672167000333,0.22216929978786384,0.3280017529171475,499.92215010981863
1479,76.3254232475154,10.050467121810986,33.14044436000006,38.57851418000001,35.16047052588237,289,1.5134090843590555,0.11468323320150375,0.8008884191513062,0.6064302649052498,289,0.19106307422724098,-0.29643696546554565,0.24076172709465027,-0.11813259454746973,289,0.1264460108233347,3.0,0.01191608863528859,986.671687079181,1290.9515167187587,0.005196964332556303,1.1181325945474698,0.6064302649052498,0.0494926886079217,0.1171797315762024,0.07656750579523398,0.0
1480,76.3299840928796,10.050467121810986,35.36899340000002,40.772883019999995,38.461733801176486,289,1.2377810132359435,0.11411665380001068,0.7941176295280457,0.43840615559614243,289,0.18680391852704847,-0.2541826367378235,0.26534032821655273,0.015229921439939717,289,0.12724593352442787,31.0,0.09662464021451078,774.2592309992765,4861.279763245149,0.019569981686358463,0.9847700785600603,0.43840615559614243,0.40132407338991166,0.4412585991004273,0.4172978836741179,0.0
1481,76.3345449382438,10.050467121810986,33.29425526,41.38129058000004,37.712359527058844,289,1.253647228588007,0.02661420963704586,0.7589880228042603,0.4282039655533629,289,0.18410132783410652,-0.282223105430603,0.24120913445949554,-0.009736711178683905,289,0.11048242963983507,46.0,0.08657632061889607,467.52139394120024,6251.350256070825,0.025165967807755013,1.009736711178684,0.4282039655533629,0.3595890403602088,0.5674353649291926,0.4427275701878023,0.0
1482,76.33910578360799,10.050467121810986,31.581827240000052,40.28752417999999,33.843113578823555,289,1.717344435983912,0.0630178228020668,0.8192633390426636,0.6674258222216966,289,0.12756845655686494,-0.3751646876335144,0.3086012601852417,-0.15302955073056337,289,0.12697854203346698,3.0,0.004760573380877412,394.1832855509637,1053.3123931469033,0.004240304044986476,1.1530295507305635,0.6674258222216966,0.019772727708417263,0.09560921684228577,0.05010732336196466,0.0
1483,76.34366662897219,10.050467121810986,31.810834580000005,41.835887240000034,36.867860218823544,289,1.9959197150416983,0.0920276865363121,0.8174322843551636,0.5662877699908089,289,0.18026551179713238,-0.3227604031562805,0.32830849289894104,-0.04410162929020126,289,0.1590972185180214,5.0,0.005551744595103574,275.81613599255866,2460.861856963401,0.009906655000098834,1.0441016292902012,0.5662877699908089,0.02305880519069494,0.22337254971280837,0.10318430299954032,0.0
1484,76.34822747433638,10.050467121810986,33.184878620000006,43.849101020000035,38.4923540564706,289,2.837199539781127,0.03948061168193817,0.7749866247177124,0.3487997880031493,289,0.2554186902439764,-0.29608041048049927,0.2766261696815491,0.0590046945327706,289,0.16803031999274912,0.0,0.0,0.0,2305.295102312421,0.009280392228195829,0.9409953054672294,0.3487997880031493,0.0,0.20925174787315717,0.08370069914926287,499.92215010981863
1485,76.35278831970058,10.050467121810986,35.70395936,43.36716020000006,40.020575635294136,289,2.1557311167445414,0.005083022639155388,0.7193467020988464,0.246514290674335,289,0.20306862948185933,-0.29447996616363525,0.2680499255657196,0.10142076881699083,289,0.13350877809238035,17.0,0.018601965350622637,271.8129259659312,2678.3203328479103,0.01078207435423253,0.8985792311830092,0.246514290674335,0.07726203679513148,0.24311126608062703,0.1436017285093297,499.92215010981863
1486,76.35734916506478,10.050467121810986,34.37776760000003,39.603920180000046,36.28139185294119,289,1.1200497132062717,0.03657617047429085,0.8121095895767212,0.5178157186013193,289,0.17042860824784822,-0.33935779333114624,0.24911485612392426,-0.07312228192920091,289,0.11174086328410408,47.0,0.05500808613118605,290.7293470978094,5504.618845732362,0.022159862268336914,1.073122281929201,0.5178157186013193,0.22847245947349337,0.49965451871632666,0.33694528317062666,0.0
1487,76.36191001042897,10.050467121810986,34.073563820000004,40.22599982000003,36.84906702235296,289,1.0836587855695174,0.15002800524234772,0.7654126882553101,0.46983638354238755,289,0.14407820106374514,-0.29154640436172485,0.24069027602672577,-0.023916064661679382,289,0.11202757994839124,6.0,0.009485937571517786,392.72559619520524,6755.888385417429,0.027197079455769144,1.0239160646616794,0.46983638354238755,0.039399216366264006,0.6132323153189835,0.2689324559473518,0.0
1488,76.36647085579317,10.050467121810986,33.89240876000002,37.69324700000004,35.788913123529426,289,0.8320481285818427,0.10811064392328262,0.7849396467208862,0.5000227561871485,289,0.1727225817556003,-0.37078651785850525,0.2101944237947464,-0.06729689601383407,289,0.12309172572882202,11.0,0.01918738800942594,433.29469190781475,4984.630634908526,0.020066553456965057,1.067296896013834,0.5000227561871485,0.07969355121592629,0.4524551636840019,0.22879819620315656,0.0
1489,76.37103170115736,10.050467121810986,33.577950920000035,39.96623030000001,36.88705553529414,289,1.6010601301346128,0.10306042432785034,0.7674611210823059,0.4459014153398032,289,0.1740901092839616,-0.2622779607772827,0.2619101405143738,-0.023946234099180227,289,0.1133272454804168,4.0,0.013997271185976079,869.2477623072003,5392.9188638501255,0.021710193311547086,1.0239462340991803,0.4459014153398032,0.05813674313537625,0.48951550596138155,0.23068824826577838,0.0
1490,76.37559254652156,10.050467121810986,34.189776499999994,39.10147124000002,37.062226103529426,289,1.1768699162782192,0.09893742948770523,0.7662175893783569,0.412342375125027,289,0.16752378268410711,-0.31776711344718933,0.2039593607187271,-0.012891978128558624,289,0.10837525233018704,9.0,0.015438045081027557,426.09848615908703,5225.388599924022,0.021035769218177066,1.0128919781285586,0.412342375125027,0.06412090252900754,0.47430877580652026,0.22819605184001263,0.0
1491,76.38015339188576,10.050467121810986,32.89776494,40.26701606000006,35.987504225000016,272,1.7341259496234165,0.09832272678613663,0.832063615322113,0.5133819580078125,272,0.18813607375666352,-0.4222165048122406,0.249031662940979,-0.08472652996287626,272,0.15247909525314365,8.0,0.0332602107708183,1032.7500054212733,3532.8963077697554,0.01422232815432617,1.0847265299628763,0.5133819580078125,0.13814409283924284,0.32068116863385293,0.2111589231570869,0.0
1492,76.38471423724995,10.050467121810986,32.49785659999998,39.197175800000025,35.27985285764708,289,1.5418886098395876,0.1336308717727661,0.8244288563728333,0.5297914920793685,289,0.1817390547959134,-0.38514065742492676,0.19831667840480804,-0.09383130981022923,289,0.12687826591333448,131.0,0.06396649947754035,121.29460516841627,3870.3347789871773,0.015580749192326555,1.0938313098102292,0.5297914920793685,0.2656806387462741,0.3513104749777842,0.2999325732388781,0.0
1493,76.38927508261415,10.050467121810986,31.479286640000055,36.44225168000003,34.45857006588236,289,1.1892846450064578,0.17246511578559875,0.765450119972229,0.5731992094574503,289,0.13564125109595815,-0.2704865634441376,0.12673093378543854,-0.11274647960200854,289,0.08071295572256973,126.0,0.05412450291343533,106.70470550644569,4210.767532974338,0.016951224269966998,1.1127464796020086,0.5731992094574503,0.22480255482660982,0.3822115725134661,0.28776616190135235,0.0
1494,76.39383592797834,10.050467121810986,32.81231444000002,36.71911130000001,34.978251030588254,289,0.8743707283247729,0.19297124445438385,0.7977883219718933,0.5412960910467128,289,0.13733064134801745,-0.3059157133102417,0.14614050090312958,-0.09346235334666955,289,0.09526309119158642,145.0,0.07698554470831465,131.8868150672118,4429.178542370866,0.01783047822410187,1.0934623533466696,0.5412960910467128,0.3197543848638528,0.4020367503942155,0.3526673310759979,0.0
1495,76.39839677334254,10.050467121810986,0.0,35.53647638000001,30.32167470000002,289,11.08814249213351,0.0,0.8076733946800232,0.5094987809864295,289,0.22626582315308494,-0.31429579854011536,0.07811806350946426,-0.11170985871945285,289,0.08889914086469652,114.0,0.04153044407441326,90.49444471387966,2863.2596040350268,0.011526581629371188,1.111709858719453,0.5094987809864295,0.17249396167099443,0.2598982126661091,0.20745566206904031,0.0
1496,76.20228042268211,10.05495867768594,29.22681146000002,34.65120920000004,31.446337932500015,272,1.295825052982635,-0.26193001866340637,0.7503191828727722,0.28578679701861215,272,0.3673319623201226,-0.48176881670951843,0.12866900861263275,-0.26189691880170035,272,0.1366714998346142,73.0,0.022264117766797657,75.76049896762275,1446.2728718383985,0.005822239203213534,1.2618969188017004,0.28578679701861215,0.09247254543734994,0.13127825848853142,0.10799483065782253,1117.8823013023612
1497,76.2068412680463,10.05495867768594,29.062746500000003,32.42607817999999,29.670456263529434,289,0.4805705380912019,-0.21185509860515594,0.6117011308670044,-0.03477608703824476,289,0.18023534046104758,-0.49546578526496887,0.011865396052598953,-0.34558443379649656,289,0.11627260295153889,7.0,0.002350287036011899,83.40326664650534,1104.990351925677,0.0044483432355172155,1.3455844337964966,0.0,0.009761762267200106,0.10030002765870932,0.045977068423803794,707.0468229836255
1498,76.2114021134105,10.05495867768594,29.39771245999998,37.23865034000005,33.32097258588237,289,2.173993112828119,-0.16184350848197937,0.7333333492279053,0.3463056359736565,289,0.2355733170112483,-0.5007473826408386,0.16057920455932617,-0.16128408042617323,289,0.1367165137496585,242.0,0.08364137299371767,85.85507721922643,7173.99977791712,0.02888026427387856,1.1612840804261733,0.3463056359736565,0.3473989288782127,0.6511843066273756,0.4689130799778779,499.91520270069293
1499,76.2159629587747,10.05495867768594,33.560860820000016,38.54091596000001,35.614379281933104,269,1.0948884411811792,0.12356751412153244,0.7287201285362244,0.48411354144139274,289,0.13004366442021872,-0.2644261121749878,0.14733542501926422,-0.07543850275059473,289,0.08772759780128153,276.0,0.12451205173230859,112.06306676820984,7888.368511911103,0.03175608786816536,1.0754385027505948,0.48411354144139274,0.5171525987202714,0.7160275911440652,0.5967025956897889,0.0
1500,76.22052380413889,10.05495867768594,30.009538040000052,51.43710542000002,33.04102239138688,274,2.7295269160673685,-0.15643352270126343,0.7805511951446533,0.38723279695609863,289,0.26926066483892147,-0.5329980850219727,0.09258820861577988,-0.221599301664887,289,0.12392245252682775,92.0,0.03654771811283318,98.68079398232399,4750.7386288671005,0.0191249778847415,1.221599301664887,0.38723279695609863,0.1517985378634895,0.4312247749894552,0.2635690327138758,499.91520270069293
1501,76.22508464950309,10.05495867768594,29.67457208000002,58.91915119999999,31.888692108235315,289,4.085858428790495,-0.20464135706424713,0.70674729347229,0.1686436214249027,289,0.2886435841389948,-0.5712230205535889,0.06646525859832764,-0.255936038535359,289,0.1345089018330896,62.0,0.018979308789039095,76.04118884828917,3159.350170905645,0.012718549023424926,1.255936038535359,0.1686436214249027,0.07882930789115887,0.28677436773375387,0.16200733182819688,707.0468229836255
1502,76.22964549486728,10.05495867768594,28.81664906000003,31.96464548000006,29.988970784705902,289,0.8135975048605752,-0.26102086901664734,0.6591063141822815,0.10343038169570448,289,0.2535015115978515,-0.5646419525146484,-0.02601456828415394,-0.340977335471183,289,0.10484709209713518,16.0,0.005316707343874283,82.54351687733453,941.5315121928244,0.0037903094140055915,1.340977335471183,0.10343038169570448,0.022082593461965092,0.08546286087467898,0.047434700427050655,999.9999999999268
1503,76.23420634023148,10.05495867768594,28.69360033999999,29.418220580000025,29.039518156470614,289,0.144224215215675,-0.2744479477405548,0.6407067775726318,-0.14750861461599804,289,0.1432695779669942,-0.55330491065979,-0.13712374866008759,-0.42335943202246434,289,0.08178516520896018,2.0,0.0005567082299770525,69.14453206427748,0.0,0.0,1.4233594320224643,0.0,0.0023122509335928776,0.0,0.0013873505601557266,1117.9960688173855
1504,76.23876718559568,10.05495867768594,28.51244528000001,29.237065519999987,28.91424594941179,289,0.17809983080568617,-0.24170616269111633,0.43099597096443176,-0.13829614711880273,289,0.0994870246543917,-0.5760111808776855,-0.1904323846101761,-0.45329131552092344,289,0.09290669198277599,0.0,0.0,0.0,0.0,0.0,1.4532913155209235,0.0,0.0,0.0,0.0,1414.093645967251
1505,76.24332803095987,10.05495867768594,28.502191219999986,29.387458400000014,29.06575057294119,289,0.21983984998449785,-0.25571271777153015,0.47109004855155945,-0.1494949763208937,289,0.10928372808859575,-0.5548780560493469,-0.15700934827327728,-0.43647533799537735,289,0.08171324554205134,0.0,0.0,0.0,0.0,0.0,1.4364753379953774,0.0,0.0,0.0,0.0,1802.5639764017608
1506,76.24788887632407,10.05495867768594,29.233647500000018,32.743954040000006,30.252040054117668,289,1.0827283219565045,-0.2242225855588913,0.6611830592155457,0.038735792298630445,289,0.2601184766176955,-0.5093833804130554,0.08497507870197296,-0.29495698605441717,289,0.15521834499456819,0.0,0.0,0.0,1553.820816951828,0.006255193367297747,1.2949569860544172,0.038735792298630445,0.0,0.14104039066526547,0.05641615626610619,1802.5639764017608
1507,76.25244972168827,10.05495867768594,29.120852839999998,33.84797450000002,30.96506977647061,289,1.2894169407213578,-0.20930232107639313,0.6536107659339905,0.10495324448318218,289,0.2600990818671885,-0.4984709620475769,0.12238653749227524,-0.23403941223778113,289,0.1464752399476669,0.0,0.0,0.0,1947.7332258525028,0.007840960696818708,1.2340394122377811,0.10495324448318218,0.0,0.17679583906261395,0.07071833562504558,1414.093645967251
1508,76.25701056705246,10.05495867768594,29.349860180000007,33.793286179999996,30.736582827058843,289,1.0501485171474436,-0.17503060400485992,0.6224579811096191,0.12379635081571691,289,0.23982420765094623,-0.6353126764297485,0.06272763758897781,-0.2980417957767896,289,0.1545995259266324,1.0,0.00019313566676119033,47.97585012772382,2320.9616956142727,0.009343460999987764,1.2980417957767896,0.12379635081571691,0.0008021762599001871,0.21067380530447777,0.08475082787773124,1117.8823013023612
1509,76.26157141241666,10.05495867768594,30.030046159999984,34.71273356000006,31.469195941250018,272,0.9436516297326799,-0.10374999791383743,0.7897330522537231,0.36737960927626667,272,0.24392050745201202,-0.5446597337722778,0.13549940288066864,-0.2259229772231158,272,0.12561865140972572,2.0,0.001677308049623633,208.32578714284966,1998.4303202686533,0.008045051236264096,1.2259229772231157,0.36737960927626667,0.0069665884117160615,0.18139761677342797,0.07673899975640082,707.0468229836255
1510,76.26613225778085,10.05495867768594,29.68482614000004,35.13656804000004,32.12421615764708,289,1.4844178012229605,-0.1388261914253235,0.7229219079017639,0.27499210133272056,289,0.26959626773604706,-0.4606741666793823,0.05577043071389198,-0.22628155876608455,289,0.1034498802327839,0.0,0.0,0.0,1955.8024983084701,0.007873445047005562,1.2262815587660845,0.27499210133272056,0.0,0.1775282873135048,0.07101131492540193,499.91520270069293
1511,76.27069310314505,10.05495867768594,30.75466640000002,36.44908772000002,34.31404340705885,289,0.7760859820366077,-0.0300283282995224,0.7212416529655457,0.5161723100602833,289,0.1326033956560574,-0.3443649411201477,0.14262399077415466,-0.13044466856854184,289,0.09456649349407531,15.0,0.012901289165416545,213.64958143464855,5486.633296311513,0.022087458109364966,1.1304446685685419,0.5161723100602833,0.053584654062893436,0.498021969525988,0.23135958024813125,0.0
1512,76.27525394850925,10.05495867768594,32.35771778000003,35.758647680000024,33.789560656470606,289,0.754348816225491,0.1319444477558136,0.7805073261260986,0.5732267703152033,289,0.11728378607383032,-0.38819408416748047,0.19068056344985962,-0.15850600404310392,289,0.10240226852240092,75.0,0.03402043305936521,112.67790668304396,6447.881150040685,0.025957139306435915,1.1585060040431039,0.5732267703152033,0.1413016259989433,0.5852744836749946,0.3188907690693638,0.0
1513,76.27981479387344,10.05495867768594,30.060808339999994,38.92373420000001,33.55364631411767,289,2.608794249831009,-0.04954640567302704,0.7470852136611938,0.38890550870796387,289,0.23648157838909567,-0.43576160073280334,0.17537404596805573,-0.15743633125067583,289,0.13674657221645864,13.0,0.004387952579120758,83.84530889755595,3569.302094610834,0.014368886389288104,1.157436331250676,0.38890550870796387,0.0182250717724282,0.3239857236652464,0.1405293325295555,499.91520270069293
1514,76.28437563923764,10.05495867768594,33.072083959999986,39.24161006000003,37.10531207882355,289,1.3288717669000032,0.05380091443657875,0.7479420900344849,0.43990595200482535,289,0.14794395298179233,-0.3981155753135681,0.27095094323158264,-0.05215419122504528,289,0.11091259284236811,1.0,0.0005400796072267323,134.15843240072266,7942.287614615615,0.03197314919848628,1.0521541912250454,0.43990595200482535,0.0022431850452003586,0.7209218307029632,0.28971464330830554,0.0
1515,76.28893648460183,10.05495867768594,33.47541032000004,41.27874998000004,37.06227341176473,289,1.4727125698669874,0.07132142037153244,0.770023763179779,0.43204854681417604,289,0.17200836049581522,-0.3631921708583832,0.19664041697978973,-0.04407596258143653,289,0.12690934208212026,49.0,0.029480364286528088,149.45035866145446,5261.331811160445,0.021180465269402916,1.0440759625814364,0.43204854681417604,0.12244474964379903,0.4775713428279186,0.26449538691744684,0.0
1516,76.29349732996603,10.05495867768594,31.756146260000037,42.14692706000005,36.62075747882355,289,2.9345900343679308,0.06936416029930115,0.7869687080383301,0.417484930229847,289,0.21075547583509716,-0.41404595971107483,0.2300807684659958,-0.0705002253443312,289,0.15343739163100992,7.0,0.011678728259542992,414.4362251070214,4296.26943836413,0.017295428019621185,1.0705002253443312,0.417484930229847,0.04850682793465962,0.3899725845987964,0.18509313060031435,0.0
1517,76.29805817533023,10.05495867768594,32.610651260000054,38.81093954000005,35.993083640000016,289,1.212067726657614,0.13219568133354187,0.7748297452926636,0.46765200077043684,289,0.1409518714090785,-0.43968674540519714,0.16688847541809082,-0.0540384239803961,289,0.10130671357814203,0.0,0.0,0.0,5485.323181510266,0.022082183999682724,1.0540384239803962,0.46765200077043684,0.0,0.4979030503421489,0.19916122013685955,0.0
1518,76.30261902069442,10.05495867768594,35.39975558000003,38.31532664000002,37.08564368000002,289,0.5628840511908483,0.12124583125114441,0.7151458859443665,0.3868561582994296,289,0.12223348165916365,-0.2698902487754822,0.19221752882003784,0.0033604795545030216,289,0.08293650339428112,1.0,6.663699769230489e-05,16.552958176288087,6205.512951185139,0.02498144125078803,0.996639520445497,0.3868561582994296,0.0002767723770352912,0.5632747105489774,0.22547594764581214,499.91520270069293
1519,76.30717986605862,10.05495867768594,31.991989640000043,38.704980920000025,34.480698492941194,289,1.7593368246549628,0.17266611754894257,0.8079739809036255,0.5922564338235294,289,0.15660744194062706,-0.37717729806900024,0.11039379984140396,-0.1503223564385543,289,0.12355098317400988,0.0,0.0,0.0,4318.828689076683,0.01738624445990108,1.1503223564385543,0.5922564338235294,0.0,0.3920202888764723,0.15680811555058893,0.0
1520,76.31174071142281,10.05495867768594,32.13212845999999,40.35930259999998,37.679811461176484,289,1.6251152903308437,0.11787072569131851,0.7955445647239685,0.44778996767882245,289,0.17299690576577592,-0.3374941349029541,0.2554931044578552,-0.01682159397428836,289,0.12585361972687892,19.0,0.012044588768250916,157.47026982474628,6830.703439061027,0.027498261305194685,1.0168215939742884,0.44778996767882245,0.050026405439126426,0.6200232813547171,0.2780251558053627,0.0
1521,76.31630155678701,10.05495867768594,35.20151041999998,41.244569780000006,37.85002649176472,289,1.216619210319268,0.07711950689554214,0.7256335020065308,0.3634401737199935,289,0.1515780259894551,-0.292442262172699,0.26966071128845215,0.010625389620507053,289,0.10960899170111232,25.0,0.059389077601308855,590.1015662212619,6585.1863981793085,0.026509887003005436,0.9893746103794929,0.3634401737199935,0.24666861873859253,0.5977376876857715,0.3870962463174641,499.91520270069293
1522,76.3208624021512,10.05495867768594,35.34164924000004,41.19329948000001,38.06765841875002,272,0.9172972882030285,0.02763080596923828,0.7374857664108276,0.32617734460269704,272,0.16852986369900144,-0.26232048869132996,0.2765408158302307,0.019760890918619493,272,0.11756579544756639,31.0,0.04691792790997463,375.9562643960151,5236.797254337889,0.02108169686867631,0.9802391090813805,0.32617734460269704,0.1948705206254162,0.4753443399191528,0.3070600483429109,707.0468229836255
1523,76.3254232475154,10.05495867768594,35.909040559999994,41.68207633999998,38.69491609294119,289,0.9191139660730925,0.05329689010977745,0.7566137313842773,0.3764074780949259,289,0.1704818531330987,-0.2460246980190277,0.30269140005111694,0.03214794871716351,289,0.11027294276587603,56.0,0.1195441156719557,530.2740475226747,5013.489043837706,0.020182728324848916,0.9678520512828365,0.3764074780949259,0.4965186037925259,0.4550746428574976,0.4799410194185145,499.91520270069293
1524,76.3299840928796,10.05495867768594,34.21370264000001,41.62738802000001,38.85543293529413,289,1.6165789272994293,0.09864283353090286,0.7782091498374939,0.4277771946468155,289,0.18758701104547926,-0.30521440505981445,0.274806946516037,0.008650937294877524,289,0.13345898425962832,17.0,0.036330507914784545,530.8633508348876,5580.078976408486,0.02246364099478407,0.9913490627051225,0.4277771946468155,0.15089636962494102,0.5065040384254852,0.29313943714515867,0.0
1525,76.3345449382438,10.05495867768594,35.775737779999986,43.685036060000016,38.86604180705884,289,1.689639249953798,-0.006008171010762453,0.7616525292396545,0.36560375385218424,289,0.1935256082067649,-0.27583009004592896,0.3154224753379822,0.01856240764208731,289,0.12036745010976915,79.0,0.12818954374504837,403.0748549686207,6026.310170991343,0.024260027282175776,0.9814375923579127,0.36560375385218424,0.5324268193655965,0.5470084655282568,0.5382594778306606,499.91520270069293
1526,76.33910578360799,10.05495867768594,32.361135800000056,40.86516956000003,35.90157768588237,289,1.6858214177410276,0.06872223317623138,0.7855822443962097,0.5327374943399924,289,0.1943278165697019,-0.2914600670337677,0.24647241830825806,-0.07286801057703354,289,0.12669453685252335,1.0,0.0009048065197641396,224.75839245407846,2823.240348107362,0.011365476705616856,1.0728680105770336,0.5327374943399924,0.0037580542327024552,0.25626566287105373,0.10476109768804297,0.0
1527,76.34366662897219,10.05495867768594,33.69074558,40.478933299999994,37.14173942000002,289,1.6893092787592452,0.0509420782327652,0.7840214967727661,0.5008920319765084,289,0.2408354349367266,-0.30786797404289246,0.2318556308746338,-0.05517939795259786,289,0.12926575895155834,1.0,0.0016228925822056525,403.1345043769958,3829.9461966982417,0.015418157476929206,1.0551793979525979,0.5008920319765084,0.00674057735500094,0.3476444014110634,0.14310210697742592,0.0
1528,76.34822747433638,10.05495867768594,34.86654446,46.009289660000036,39.05249538941178,289,2.46615319248225,-0.014088250696659088,0.7547788023948669,0.38691452712748703,289,0.2041672094360455,-0.27862975001335144,0.30803754925727844,0.04967395822069637,289,0.15669079466051464,6.0,0.020469539515899405,847.4557258694514,3889.6571633088397,0.015658535027688412,0.9503260417793036,0.38691452712748703,0.0850188829753885,0.3530643687366913,0.1922370772799096,499.91520270069293
1529,76.35278831970058,10.05495867768594,31.007599880000043,43.28170970000002,37.975487931764725,289,2.0961606186869233,-0.009615384973585606,0.7501459717750549,0.33988097299754,289,0.1897435347907625,-0.3419874608516693,0.2894488275051117,0.029473799735204573,289,0.13048358928007803,25.0,0.10753045534140483,1068.4437724294612,7125.225795420614,0.028683915577503556,0.9705262002647954,0.33988097299754,0.4466206575805056,0.6467570898784696,0.5266752304996911,499.9999999999634
1530,76.35734916506478,10.05495867768594,29.780530699999986,46.26905918,38.72343113176472,289,3.0957979434377014,-0.2029031217098236,0.7299292683601379,0.2600414183725535,289,0.2040022085686104,-0.31042081117630005,0.36225879192352295,0.053006281077243055,289,0.1196397426366211,7.0,0.08417194811241198,2986.960879675195,3091.138322691589,0.012443949599949117,0.946993718922757,0.2600414183725535,0.3496026376568536,0.2805827749740538,0.3219946925837337,499.9999999999634
1531,76.36191001042897,10.05495867768594,34.14534223999999,46.05030590000001,38.358530885882374,289,3.5819080156883305,-0.04088639095425606,0.7235035300254822,0.3756918725670415,289,0.19871818413826106,-0.2845191955566406,0.3363354504108429,0.0006523115824663102,289,0.1246317851597959,8.0,0.033964599755607804,1054.6217167243867,7785.9275859739755,0.03134369295527006,0.9993476884175337,0.3756918725670415,0.14106972605245977,0.7067290233448337,0.36733344496940934,499.91520270069293
1532,76.36647085579317,10.05495867768594,33.01739564000002,37.88123810000002,35.14749624235296,289,1.4292711501068622,0.14303149282932281,0.7935010194778442,0.5312367475569042,289,0.1439197927753411,-0.31824347376823425,0.2087443768978119,-0.0788396749529459,289,0.10676779562930244,3.0,0.005302393756106818,439.0469014641837,4170.358288832082,0.016788549376453847,1.0788396749529459,0.5312367475569042,0.02202314291876089,0.3785436234693206,0.16463133513898479,0.0
1533,76.37103170115736,10.05495867768594,32.62090532000002,37.40271530000001,34.901765441176494,289,1.3551953979415017,0.08677034080028534,0.7921916842460632,0.5355124292076665,289,0.14372877901729247,-0.3427222669124603,0.20767226815223694,-0.0929100274214695,289,0.09790342897011346,1.0,0.000394150669872868,97.90896618253463,3059.036044304084,0.012314715935002735,1.0929100274214696,0.5355124292076665,0.0016370788239063107,0.27766884961301963,0.11204978713955165,0.0
1534,76.37559254652156,10.05495867768594,32.661921559999996,37.92567236000002,35.60215203764707,289,1.2266634629117308,0.09029427915811539,0.7990314960479736,0.538275009208072,289,0.17671566663184465,-0.29491057991981506,0.24095138907432556,-0.07938243773569285,289,0.12218069746593584,0.0,0.0,0.0,4540.395711064447,0.018278203527014508,1.0793824377356929,0.538275009208072,0.0,0.41213193817268745,0.164852775269075,0.0
1535,76.38015339188576,10.05495867768594,35.02377338000002,41.494085240000004,37.958470272500016,272,1.561699300627567,0.019305018708109856,0.77705979347229,0.45013584810144763,272,0.15392126489051616,-0.32238027453422546,0.2641198933124542,0.023907356402453256,272,0.13409532101199692,14.0,0.05612925179843525,995.9130273631041,2422.001423810086,0.009750215131962824,0.9760926435975468,0.45013584810144763,0.2331291471623319,0.21984518631699743,0.2278155628241981,0.0
1536,76.38471423724995,10.05495867768594,32.484184519999985,39.610756219999985,35.74754207176473,289,1.5565654356734457,0.0476190485060215,0.8170486688613892,0.5023083538332612,289,0.17474625029205934,-0.35056784749031067,0.24897350370883942,-0.06572809846343466,289,0.11770403090084276,118.0,0.058213296196060464,122.54634972829183,5372.884759026918,0.02162954231354095,1.0657280984634347,0.5023083538332612,0.24178508818238212,0.4876970092981452,0.34014985662868735,0.0
1537,76.38927508261415,10.05495867768594,31.944137360000013,38.117081480000024,34.50878775764708,289,1.5293648441746357,0.15335717797279358,0.8211074471473694,0.5975797976589533,289,0.1572151495963461,-0.312557578086853,0.19303900003433228,-0.12458207285527952,289,0.10782676049028148,129.0,0.04393524703073297,84.60257044037773,3018.922773155676,0.012153232535571669,1.1245820728552796,0.5975797976589533,0.18248215221936545,0.27402776605183277,0.21910039775235238,0.0
1538,76.39383592797834,10.05495867768594,32.333791640000015,38.33583476000001,35.454881501176494,289,1.361767761974204,0.10698552429676056,0.7842897772789001,0.5183210537920361,289,0.15193234558810254,-0.3198132812976837,0.22605647146701813,-0.0758780113141017,289,0.10804912190149546,146.0,0.06916404124143408,117.6759467847075,3487.718392814366,0.014040456093600615,1.0758780113141018,0.5183210537920361,0.28726828582748687,0.31658036710948523,0.2989931183402862,0.0
1539,76.39839677334254,10.05495867768594,0.0,36.99255290000002,30.39203387294119,289,11.142217622256249,0.0,0.8161422610282898,0.5339307950029736,289,0.2368258095835195,-0.3492223918437958,0.1361633986234665,-0.1244040096507353,289,0.10495899070772337,55.0,0.02844185739253563,128.4563154727535,1179.601912852648,0.004748705887338085,1.1244040096507353,0.5339307950029736,0.11813137972060662,0.1070725226507181,0.11370783689265121,0.0
1540,76.20228042268211,10.059450233560895,29.09692670000004,33.50959052000002,30.76861886445314,256,1.391931586300759,-0.18482957780361176,0.7398678064346313,0.26711368560791016,256,0.31553973719072154,-0.5464566946029663,0.08657394349575043,-0.2874097526073456,256,0.13269371545848005,73.0,0.022585136885155278,76.85286511658326,1076.9721618875578,0.004335550824334348,1.2874097526073456,0.26711368560791016,0.09380587718305482,0.09775681519457069,0.09538625238766116,999.8165044388024
1541,76.2068412680463,10.059450233560895,28.758542720000037,33.24298496000006,29.291351720000016,272,0.4600994138031621,-0.17665782570838928,0.668661892414093,-0.039842928157133216,272,0.15489628689616916,-0.6180492043495178,-0.07857143133878708,-0.4061683486489689,272,0.08761155814653057,3.0,0.0009054169270105336,74.97000687272036,0.0,0.0,1.406168348648969,0.0,0.0037605895189607606,0.0,0.0022563537113764564,499.9082522194012
1542,76.2114021134105,10.059450233560895,29.54468731999998,38.031630980000045,34.44571331375001,272,1.8091361167980626,-0.12340425699949265,0.7019554972648621,0.4624145171221565,272,0.17231071153222835,-0.46917808055877686,0.1859981119632721,-0.1168895819607903,272,0.1074118843697106,313.0,0.11551554864041083,91.6761366910904,7876.877309776482,0.03170982790653364,1.1168895819607902,0.4624145171221565,0.4797862162003484,0.7149845341708295,0.5738655433885409,0.0
1543,76.2159629587747,10.059450233560895,33.47541032000004,38.441793380000036,35.0771865156154,260,1.2323130037391228,0.12427251040935516,0.7281436920166016,0.49006518195657167,272,0.14357865637248435,-0.2994192838668823,0.18017831444740295,-0.09334146275239832,272,0.09667458132579199,285.0,0.15190063363980072,132.39601742076428,9015.65924397443,0.03629420541253686,1.0933414627523983,0.49006518195657167,0.630909268148338,0.818351825385853,0.7058862910433441,0.0
1544,76.22052380413889,10.059450233560895,29.790784760000008,35.40317360000006,32.55387053992398,263,1.7778965517571328,-0.1485826075077057,0.7437922954559326,0.3175191879272461,272,0.2609514008212942,-0.4417862892150879,0.03349282220005989,-0.1958933858310475,272,0.11502400121441585,117.0,0.04814684254093328,102.2214755438258,4318.542907520091,0.017385093993336476,1.1958933858310474,0.3175191879272461,0.1999747365319373,0.391994348470766,0.2767825813074688,499.9082522194012
1545,76.22508464950309,10.059450233560895,29.828382980000015,34.497398299999986,31.68313634750002,272,1.2413953753660318,-0.15594328939914703,0.7604702711105347,0.2862872516407686,272,0.30126043660575574,-0.4953036904335022,0.0707475021481514,-0.23578904656802907,272,0.11134248127410999,95.0,0.03628381777644524,94.8745147794444,3141.02552417699,0.012644779765461182,1.235789046568029,0.2862872516407686,0.1507024452132809,0.285111038664394,0.20446588259372617,999.8165044388024
1546,76.22964549486728,10.059450233560895,28.905517580000037,33.461738240000045,30.478497923750023,272,1.382494799192555,-0.25548312067985535,0.6958509087562561,0.12622210558723002,272,0.28549038079420314,-0.6307692527770996,0.05176310986280441,-0.29733901865342083,272,0.13016500046276175,60.0,0.023141868294720307,95.80923292604771,2109.775211039875,0.008493290708046273,1.2973390186534208,0.12622210558723002,0.09611822439153829,0.19150439789106136,0.1342726937913475,1414.0838173701302
1547,76.23420634023148,10.059450233560895,28.700436380000042,29.370368299999996,29.081017827500016,272,0.150241939956229,-0.2781609296798706,0.231430321931839,-0.18074964074527516,272,0.10227775868281842,-0.5342960357666016,-0.1307767927646637,-0.4159564410938936,272,0.07862894278299133,0.0,0.0,0.0,0.0,0.0,1.4159564410938936,0.0,0.0,0.0,0.0,1581.1098192841403
1548,76.23876718559568,10.059450233560895,28.403068640000015,29.438728700000013,28.81183618625002,272,0.22377013176566588,-0.2630331814289093,0.31330472230911255,-0.13106186249676874,272,0.0918781023555726,-0.5435139536857605,-0.17837078869342804,-0.42029504215016084,272,0.10108919689301447,1.0,0.00042908173977129695,106.58601585622455,0.0,0.0,1.4202950421501608,0.0,0.001782162719984818,0.0,0.0010692976319908907,1802.6738591736155
1549,76.24332803095987,10.059450233560895,28.57738766,30.891387200000054,29.322176731250018,272,0.31278606782056056,-0.21819870173931122,0.26406925916671753,-0.15668556269477396,272,0.0767433923517187,-0.523809552192688,-0.0847913846373558,-0.4468860906713149,272,0.0765576925727077,0.0,0.0,0.0,8.230081127950776,3.313171526744713e-05,1.446886090671315,0.0,0.0,0.0007470448618201212,0.0002988179447280485,2061.19678104563
1550,76.24788887632407,10.059450233560895,28.768796780000002,32.95928930000002,30.375014855000018,272,1.2658775372542308,-0.18489065766334534,0.6712146401405334,0.15824345981373505,272,0.2622041611298782,-0.5112500190734863,0.10257063060998917,-0.29016463896807504,272,0.16545196591812739,1.0,0.0005859784155334344,145.5599222720174,2118.226961015128,0.00852731479229749,1.290164638968075,0.15824345981373505,0.0024338227197365286,0.19227156364486642,0.07836891908978849,1580.8777137190186
1551,76.25244972168827,10.059450233560895,28.823485100000028,30.170184980000045,29.316107232500016,272,0.22071714502628534,-0.257485032081604,0.5153879523277283,-0.08051468344295726,272,0.16441481528704632,-0.4956114590167999,-0.010121457278728485,-0.34170462103451,272,0.09401306307784767,0.0,0.0,0.0,1220.8854450296421,0.004914900389197538,1.34170462103451,0.0,0.0,0.11081983086203925,0.044327932344815704,1117.8698683425496
1552,76.25701056705246,10.059450233560895,29.21313938000003,32.83282256000001,29.854495647500016,272,0.5377607778833918,-0.14510686695575714,0.7235572934150696,0.11995287502513212,272,0.23309754981158706,-0.5964912176132202,-0.12044817954301834,-0.41071661780862245,272,0.07623612046486282,0.0,0.0,0.0,56.903468410382736,0.00022907544698437258,1.4107166178086223,0.11995287502513212,0.0,0.00516513057828198,0.002066052231312792,707.0419086850651
1553,76.26157141241666,10.059450233560895,29.992447940000034,36.19273622000003,32.47252853773439,256,1.6041353707456207,-0.09413663297891617,0.7469046711921692,0.37574827671051025,256,0.2486226889936441,-0.5764294266700745,0.1325966864824295,-0.2533116340637207,256,0.12059970727815453,0.0,0.0,0.0,1929.3814043657349,0.0077670820418351445,1.2533116340637207,0.37574827671051025,0.0,0.17513004333914658,0.07005201733565863,499.9082522194012
1554,76.26613225778085,10.059450233560895,30.66921590000004,35.96714689999999,33.60503118875002,272,1.1170944143504256,-0.05319865420460701,0.7344420552253723,0.49179481057559743,272,0.19020278110481473,-0.4499349892139435,0.12504644691944122,-0.2183365962084602,272,0.09474337484225649,2.0,0.004530946993368074,562.754765952345,4018.800313522577,0.01617842468796058,1.2183365962084602,0.49179481057559743,0.018818989645450396,0.36478669872427655,0.15720607327698086,0.0
1555,76.27069310314505,10.059450233560895,30.70339610000002,36.496939999999995,33.505544187500014,272,1.4698007462189784,-0.060370590537786484,0.7565916776657104,0.4424309450037339,272,0.23190846411641594,-0.4090680181980133,0.025521405041217804,-0.20408173168406768,272,0.08721856825793368,12.0,0.0059093943028258634,122.32688562584036,3983.6402261981584,0.016036881247027176,1.2040817316840677,0.4424309450037339,0.024544279674544714,0.3615952158982264,0.1593646541640174,0.0
1556,76.27525394850925,10.059450233560895,30.799100660000022,35.51938628000005,33.42033244625002,272,1.1365460230881574,0.008839127607643604,0.8132574558258057,0.45877975576064167,272,0.20691278655180023,-0.43534019589424133,0.07847488671541214,-0.16605105119593003,272,0.09447529381702335,34.0,0.014747101314065689,107.74272186132349,5159.230034092893,0.02076943566307086,1.16605105119593,0.45877975576064167,0.06125111314169488,0.4683035595879726,0.22407209172020598,0.0
1557,76.27981479387344,10.059450233560895,29.889907340000036,35.93638471999998,32.41603774625002,272,1.7521716176804323,-0.11323529481887817,0.7593621015548706,0.3392139883602367,272,0.30127301729537,-0.3749406039714813,0.11310794204473495,-0.19879543080049403,272,0.10343725201458691,15.0,0.010299163545477994,170.55752742267288,1508.5757341957926,0.0060730509101554935,1.198795430800494,0.3392139883602367,0.04277689683919141,0.13693349231638635,0.0804395350300694,499.9082522194012
1558,76.28437563923764,10.059450233560895,34.053055700000016,39.32706056000001,36.46312422125001,272,1.3717781195773042,0.13474786281585693,0.7445949912071228,0.4640684127807617,272,0.14506834088019446,-0.2931801676750183,0.16586151719093323,-0.06688896347494687,272,0.09539573057025937,2.0,0.0038163565614024036,474.00087589774165,5797.8090722293055,0.0233401538052581,1.0668889634749468,0.4640684127807617,0.01585098539389251,0.5262674097480526,0.2200175551355566,0.0
1559,76.28893648460183,10.059450233560895,34.67171732000003,41.82905119999998,38.29354932875002,272,1.3717816512651888,0.05906523019075394,0.7550815343856812,0.33823305017807903,272,0.1840449831964156,-0.32814279198646545,0.288446307182312,0.007618301055010627,272,0.11525561157811541,11.0,0.024871458791500416,561.6538879115265,6132.782033335234,0.024688649475849214,0.9923816989449894,0.33823305017807903,0.10330196450092742,0.5566729216199828,0.2846503473485496,499.9082522194012
1560,76.29349732996603,10.059450233560895,31.516884860000005,41.43597890000001,34.97703949625002,272,1.8101589801706617,0.05955120921134949,0.804527997970581,0.5352613224702722,272,0.17977490147238767,-0.4852723479270935,0.2944833040237427,-0.1375251657822553,272,0.13659825969768202,99.0,0.04447531142184323,111.59481049950742,4095.3056337869493,0.01648641101859778,1.1375251657822554,0.5352613224702722,0.18472527406542913,0.3717310903428841,0.2595276005764111,0.0
1561,76.29805817533023,10.059450233560895,34.99301120000001,37.35828104000001,36.39212490875002,272,0.5025070044803798,0.1313079297542572,0.7223008275032043,0.4499696282779469,272,0.13182771208470154,-0.2916569709777832,0.168612539768219,-0.04613648442661061,272,0.09218249823718931,25.0,0.014310105168212631,142.18802200031382,7616.91548125961,0.030663303437464342,1.0461364844266106,0.4499696282779469,0.05943607845778717,0.6913877864299907,0.31221676164666856,0.0
1562,76.30261902069442,10.059450233560895,33.1472804,40.362720620000005,37.91345796500001,272,1.146189673685397,0.07217717915773392,0.7885658144950867,0.3642924813663258,272,0.16550387159717686,-0.31013616919517517,0.33193498849868774,0.021686227882609647,272,0.1278527462475038,17.0,0.06287009394633501,918.661220424986,3111.649382019891,0.012526520666617112,0.9783137721173903,0.3642924813663258,0.26112679065024286,0.28244456482077324,0.26965390031845504,499.9082522194012
1563,76.30717986605862,10.059450233560895,32.24834113999998,39.70987880000001,35.95708133375002,272,2.0320514251424937,0.1191621869802475,0.8220726251602173,0.5257317599128274,272,0.18715532752242084,-0.3502001166343689,0.3210851550102234,-0.08269849244286032,272,0.15301000835867543,0.0,0.0,0.0,2422.923552013479,0.009753927329764997,1.0826984924428604,0.5257317599128274,0.0,0.21992888793859436,0.08797155517543775,0.0
1564,76.31174071142281,10.059450233560895,31.222935140000004,40.03800871999999,37.07721172625002,272,2.187300865859334,0.07879225164651871,0.7934131622314453,0.4039280274335076,272,0.19097840668158148,-0.3677000105381012,0.20983228087425232,-0.02216790002935073,272,0.14651054610606506,0.0,0.0,0.0,7159.337113680764,0.028821237004403505,1.0221679000293507,0.4039280274335076,0.0,0.6498533758858592,0.2599413503543437,0.0
1565,76.31630155678701,10.059450233560895,31.756146260000037,42.52974530000006,37.80405619250001,272,2.6182599349423725,0.035165298730134964,0.7938742637634277,0.38531045352711396,272,0.232660124644201,-0.3667071759700775,0.26104670763015747,-0.003839429687051212,272,0.15410154931739198,0.0,0.0,0.0,2058.0648511401037,0.008285121080804333,1.0038394296870512,0.38531045352711396,0.0,0.1868106460233186,0.07472425840932743,499.9082522194012
1566,76.3208624021512,10.059450233560895,36.43199762000006,43.329561979999994,39.55987311757814,256,1.6324652101727115,0.01174976211041212,0.7282269597053528,0.31724655628204346,256,0.16022453349225194,-0.28877004981040955,0.3231341540813446,0.05413496866822243,256,0.1133805565382644,18.0,0.027476692555452906,379.18586974866736,5050.922727146533,0.020333424547342736,0.9458650313317776,0.31724655628204346,0.11412263119589462,0.45847250010095647,0.2518625787579194,499.9082522194012
1567,76.3254232475154,10.059450233560895,33.027649699999984,46.97317129999999,38.77061444375002,272,3.0767486121657677,0.01389693096280098,0.7954183220863342,0.437711379107307,272,0.20689881165054552,-0.34442123770713806,0.3542780876159668,-0.033402551622951734,272,0.1618867107773642,11.0,0.13038976314771827,2944.4962609433283,2720.688303206999,0.010952634462762892,1.0334025516229517,0.437711379107307,0.5415652856105492,0.24695700879815785,0.42372197488559266,0.0
1568,76.3299840928796,10.059450233560895,32.825986520000015,41.494085240000004,36.00330000125002,272,1.9337371894832347,0.11397157609462738,0.7813200950622559,0.5873537624583525,272,0.16311614291517515,-0.34265002608299255,0.19594594836235046,-0.08814640606150907,272,0.11952571783051148,1.0,0.003457401797254968,858.835621809438,3624.528998892124,0.014591212516977911,1.0881464060615091,0.5873537624583525,0.014360090444213516,0.3289986724364868,0.14021552324112282,0.0
1569,76.3345449382438,10.059450233560895,35.22543656000005,39.53555978000003,37.12340526125002,272,0.9790602280059465,0.11151079088449478,0.815811276435852,0.4556477771085851,272,0.15139469191301513,-0.35715389251708984,0.21785713732242584,-0.02860217059359831,272,0.10454133206987541,11.0,0.009621876035810127,217.28376006486303,9997.970791703468,0.040248682409458926,1.0286021705935984,0.4556477771085851,0.03996382781629431,0.9075162920574307,0.3869848135127489,0.0
1570,76.33910578360799,10.059450233560895,33.47541032000004,39.556067900000016,36.66438528125002,272,1.5495642516686043,0.11672081798315048,0.808993399143219,0.5485449959250057,272,0.1791131572234754,-0.36413127183914185,0.18636995553970337,-0.0875624137766221,272,0.1273617606758645,1.0,0.0008398562695606178,208.62443065521887,5081.257959512657,0.020455544641385662,1.087562413776622,0.5485449959250057,0.003488287650167157,0.4612260306092122,0.1865833848337852,0.0
1571,76.34366662897219,10.059450233560895,33.909498859999985,41.347110380000004,37.494624852500024,272,2.0028794604892486,0.09375,0.7926695942878723,0.4667392899008358,272,0.20262770848923695,-0.333549439907074,0.3054107427597046,-0.022683017394121957,272,0.14112953555269858,2.0,0.0022237882339162574,276.19997076480036,9072.576443024667,0.036523336134754,1.022683017394122,0.4667392899008358,0.009236357831817348,0.8235182022949782,0.33494909561708175,0.0
1572,76.34822747433638,10.059450233560895,35.888532440000006,45.947765300000015,40.30647408500002,272,2.250371223725831,0.0450025275349617,0.7954166531562805,0.36829202315386605,272,0.14388253637787007,-0.32605016231536865,0.3317514955997467,0.07971819709329044,272,0.12807131774689073,1.0,0.007756768771751117,1926.8195373207946,7330.352262946244,0.029509690148886013,0.9202818029067096,0.36829202315386605,0.03221722774762087,0.6653764292514326,0.2854809083491456,499.9082522194012
1573,76.35278831970058,10.059450233560895,32.29277539999998,42.998014040000044,35.32563983750002,272,2.124770918462048,0.04591265320777893,0.7806187868118286,0.6033945644603056,272,0.16875174380864186,-0.3531440794467926,0.26125192642211914,-0.15572062660666072,272,0.12737988631741273,1.0,0.0014808264339012454,367.8445739691504,3635.1867078462487,0.01463411709750169,1.1557206266066606,0.6033945644603056,0.006150514973378973,0.32996607319343846,0.13567673826140278,0.0
1574,76.35734916506478,10.059450233560895,29.189213240000015,43.702126160000034,36.23851506875002,272,2.857391522971737,0.0,0.8006609082221985,0.44168663024902344,272,0.24604936387978638,-0.3627501428127289,0.2804497182369232,-0.019616505678962257,272,0.1651784569955339,30.0,0.02735887362792034,226.53596180129884,1570.8465782463118,0.006323733721475375,1.0196165056789623,0.44168663024902344,0.11363327804731027,0.14258581984097846,0.12521429476477755,0.0
1575,76.36191001042897,10.059450233560895,33.55744279999999,42.29731994000002,37.096211896250026,272,2.1266304175736135,0.06310081481933594,0.7766865491867065,0.44566956688376036,272,0.19585366175931088,-0.3053184449672699,0.3050997853279114,-0.02722306812510771,272,0.13219740653683032,51.0,0.042074249200885705,204.9304032764418,4484.560693719428,0.018053429327602847,1.0272230681251078,0.44566956688376036,0.17475262041478618,0.4070637909492566,0.26767708862857437,0.0
1576,76.36647085579317,10.059450233560895,34.083817880000026,41.56586365999999,36.68518242500002,272,1.4150556136248178,0.1006980836391449,0.7993838787078857,0.497740577248966,272,0.17005071086892531,-0.45613834261894226,0.24462655186653137,-0.10264916980967802,272,0.1549285850096074,4.0,0.011335858704372622,703.9707727088214,5089.87217674891,0.02049022276767462,1.102649169809678,0.497740577248966,0.04708274184008915,0.4620079435241517,0.21305282251371416,0.0
1577,76.37103170115736,10.059450233560895,31.229771180000057,39.115143320000016,35.24658555875002,272,1.765070301386055,0.07921453565359116,0.7905774712562561,0.5525981117697323,272,0.17636348149739287,-0.40467604994773865,0.2493659108877182,-0.09958442519692813,272,0.1462390319111546,2.0,0.005078020161559111,630.7025996336439,3716.9599272242413,0.014963310331300191,1.0995844251969282,0.5525981117697323,0.02109122198508274,0.3373886322692357,0.14761018609874393,0.0
1578,76.37559254652156,10.059450233560895,30.990509780000025,36.544792280000024,33.28524525875002,272,1.4074170383449358,0.23301827907562256,0.7895343899726868,0.6693729512831744,272,0.13126237419615228,-0.3967764973640442,0.2445673644542694,-0.1898310885709875,272,0.14838758014237963,0.0,0.0,0.0,273.4275918473296,0.0011007333923578372,1.1898310885709875,0.6693729512831744,0.0,0.024819035729269488,0.009927614291707796,0.0
1579,76.38015339188576,10.059450233560895,33.67365547999998,38.298236540000005,35.32277002015627,256,1.2048829166920567,0.17197218537330627,0.7682826519012451,0.5360257625579834,256,0.1351697416932277,-0.3078366816043854,0.2545776665210724,-0.06156525760889053,256,0.10597868355086035,0.0,0.0,0.0,7584.787885281492,0.03053396785186974,1.0615652576088905,0.5360257625579834,0.0,0.6884715629900326,0.2753886251960131,0.0
1580,76.38471423724995,10.059450233560895,32.74737206000003,37.46765768,35.190313891250014,272,1.0328089949994939,0.14214712381362915,0.8049233555793762,0.5561056698069853,272,0.1459283941514056,-0.3326474726200104,0.19362439215183258,-0.07343335712657255,272,0.10794581276245559,119.0,0.03727813658524511,77.81573604728155,3178.6765310150063,0.012796350864056227,1.0734333571265726,0.5561056698069853,0.15483228283761644,0.2885286223751026,0.2083108186526109,0.0
1581,76.38927508261415,10.059450233560895,31.39041812000005,37.922254339999995,34.48567398875002,272,1.9366038047964085,0.09235834330320358,0.819284200668335,0.5534290425917682,272,0.1605529178059865,-0.3732749819755554,0.2651057541370392,-0.11673223271089442,272,0.12736059019698742,105.0,0.05430808014770578,128.47994649779042,3411.524468313512,0.013733723344260122,1.1167322327108944,0.5534290425917682,0.2255650307672758,0.3096642408993849,0.2592047148201194,0.0
1582,76.39383592797834,10.059450233560895,34.220538680000004,39.48087146,36.66684826625002,272,1.181013453239234,0.046780072152614594,0.8016014099121094,0.4780288023107192,272,0.17036955779116947,-0.34766408801078796,0.17945758998394012,-0.05896686105167165,272,0.11504846080028688,177.0,0.09793345398217898,137.44153639607697,5080.605153683519,0.020452916650662404,1.0589668610516716,0.4780288023107192,0.40676014509360237,0.4611667753925452,0.42852279721317954,0.0
1583,76.39839677334254,10.059450233560895,0.0,37.45398560000001,30.783321765441194,272,11.300618681889983,0.0,0.788049042224884,0.47853761560776653,272,0.22449956075995825,-0.3285543620586395,0.12014856189489365,-0.10842586966121898,272,0.1102568646040913,169.0,0.06352930373042415,93.37864912336859,3107.825165888801,0.01251112557658013,1.108425869661219,0.47853761560776653,0.26386477503167816,0.28209744053769437,0.27115784123408465,0.0
1584,76.20228042268211,10.06394178943585,29.175541160000023,32.69610176000003,30.24960368000001,272,0.7578790048257287,-0.23503325879573822,0.7407258749008179,0.11565669845132266,272,0.2616213408937766,-0.5661237835884094,0.027355622500181198,-0.3045505074893727,272,0.11988490001106006,30.0,0.008736238625774748,72.33748898185094,1302.3075864379389,0.005242680293631749,1.3045505074893726,0.11565669845132266,0.03628539121717399,0.1182105225735564,0.06905544375972696,999.8025973319719
1585,76.2068412680463,10.06394178943585,28.81664906000003,34.770839900000055,31.14958314098115,265,1.8515044079941478,-0.20837926864624023,0.7209158539772034,0.23151944170361158,289,0.3188337163940134,-0.5298752188682556,0.09394372999668121,-0.2822343766895545,289,0.1471518364744372,74.0,0.02124285184797116,71.30849924740761,1941.3354865923611,0.007815205412973146,1.2822343766895545,0.23151944170361158,0.08823078476794059,0.17621511596070893,0.12342451724504794,499.90129866598596
1586,76.2114021134105,10.06394178943585,33.32501744000001,37.915418300000056,35.074883267509044,277,1.0864051555692973,0.1504424810409546,0.7088209986686707,0.4966561604536116,289,0.13115946397618058,-0.28765836358070374,0.17919376492500305,-0.09415858179640192,289,0.09458603785448218,357.0,0.14929534075844017,103.88150529807702,7379.535061915666,0.02970768461165952,1.094158581796402,0.4966561604536116,0.6200883559131136,0.669840754291347,0.6399893152644069,0.0
1587,76.2159629587747,10.06394178943585,33.430976060000035,36.74645545999999,34.650889869411785,289,0.6854801678188001,0.11119968444108963,0.7485273480415344,0.5170237927288333,289,0.13559161740318398,-0.3386716842651367,0.1477435976266861,-0.11675680879903087,289,0.0944249564952905,267.0,0.13453267408408678,125.16321474168222,7867.131681402745,0.03167059507524545,1.116756808799031,0.5170237927288333,0.5587725930735717,0.7140999230122489,0.6209035250490427,0.0
1588,76.22052380413889,10.06394178943585,29.613047720000054,35.85777026000005,32.76692218823531,289,1.9050314607393195,-0.14015747606754303,0.7464707493782043,0.32618195952841156,289,0.28118727463770116,-0.5045871734619141,0.07614335417747498,-0.18862903159382435,289,0.1340512404705943,154.0,0.05606327045429138,90.43111878230751,5469.808161448946,0.022019725414032257,1.1886290315938244,0.32618195952841156,0.2328550979990877,0.49649475122119824,0.3383109592879319,499.90129866598596
1589,76.22508464950309,10.06394178943585,29.472908899999993,34.350423439999986,32.09837403411767,289,1.2926306976601487,-0.11653386801481247,0.75,0.38812295458308554,289,0.2520306716444758,-0.5410264730453491,0.08913802355527878,-0.23560135257285358,289,0.12273808445955987,116.0,0.039556935122585554,84.70808070048446,5218.782478300613,0.021009175052549026,1.2356013525728535,0.38812295458308554,0.16429712233828758,0.47370913782742835,0.2880619285339439,999.8025973319719
1590,76.22964549486728,10.06394178943585,28.881591440000022,31.742474180000045,29.536112702352963,289,0.6356614918446895,-0.28474366664886475,0.5836231708526611,-0.07234961433806635,289,0.21031113745529073,-0.5253164768218994,-0.06089620664715767,-0.34764669345736915,289,0.10232171854722319,11.0,0.0026408524788699658,59.636432048167336,725.4543427275644,0.002920450764592563,1.3476466934573692,0.0,0.010968606679301014,0.06584952575730692,0.03292097431050338,1499.7038959979582
1591,76.23420634023148,10.06394178943585,28.960205900000005,29.619883759999993,29.32117956235296,289,0.16705107537615227,-0.28977617621421814,-0.11155778914690018,-0.2547670780168685,289,0.01804105325342084,-0.47826087474823,-0.23558484017848969,-0.4407360776485456,289,0.02390473258357387,0.0,0.0,0.0,0.0,0.0,1.4407360776485456,0.0,0.0,0.0,0.0,1999.6051946639438
1592,76.23876718559568,10.06394178943585,28.532953399999997,29.496835040000008,29.20975684117649,289,0.18895329218945905,-0.2573932111263275,0.4239750802516937,-0.1982415803163522,289,0.07802351086214941,-0.5325132012367249,-0.18444165587425232,-0.4650475525113538,289,0.05817684835077963,0.0,0.0,0.0,0.0,0.0,1.4650475525113538,0.0,0.0,0.0,0.0,1999.9999999998536
1593,76.24332803095987,10.06394178943585,29.1652871,34.01545748000001,30.26005880000002,289,1.363959357270599,-0.23604309558868408,0.6801232695579529,0.01516933507160332,289,0.2880313352795432,-0.5089605450630188,0.13788864016532898,-0.35465322316311637,289,0.1620272681654494,5.0,0.01002471773069423,498.0378440562232,732.8931481390592,0.0029503970529695476,1.3546532231631163,0.01516933507160332,0.041637004239650395,0.06652474648409465,0.0515921011374281,1999.6051946639438
1594,76.24788887632407,10.06394178943585,28.44408487999999,33.51300853999999,29.899144272941193,289,1.4187405145502314,-0.23265306651592255,0.7108433842658997,0.0031361777889687297,289,0.2234097037567386,-0.5288302898406982,0.1112072691321373,-0.34227256378913007,289,0.1617004747403159,4.0,0.0029149004809789314,181.0189062406473,2551.5597216694923,0.010271776045941535,1.34227256378913,0.0031361777889687297,0.012106846990122067,0.23160519927644793,0.09990618790465242,1499.7038959979582
1595,76.25244972168827,10.06394178943585,28.683346280000023,30.501732919999995,29.413951011764723,289,0.3938937340154138,-0.29806452989578247,0.3720642626285553,-0.08922897655658656,289,0.15852900879545376,-0.5069929957389832,0.08278145641088486,-0.3074827623202314,289,0.1253849400582314,0.0,0.0,0.0,1876.5745484066904,0.007554498266705362,1.3074827623202314,0.0,0.0,0.1703367624710998,0.06813470498843992,999.8025973319719
1596,76.25701056705246,10.06394178943585,29.185795220000045,33.21564080000002,30.99218922235296,289,1.1786830056056727,-0.22580644488334656,0.7277432680130005,0.21735379440149222,289,0.24794383011693338,-0.6047618985176086,0.057159025222063065,-0.28998877185438743,289,0.13594258509733675,1.0,0.0003505531633663233,87.07913100410163,2244.9731849645773,0.009037555182134671,1.2899887718543874,0.21735379440149222,0.0014559994546894503,0.20377632451957656,0.0823841294806443,499.90129866598596
1597,76.26157141241666,10.06394178943585,29.85572714,34.446128000000044,32.31117239000002,272,1.0627905366205483,-0.125,0.7511172890663147,0.44496861626120177,272,0.2365228874123919,-0.42425936460494995,0.04423941299319267,-0.22196600016425638,272,0.08613862366044353,0.0,0.0,0.0,2475.1703233151206,0.009964256380414397,1.2219660001642563,0.44496861626120177,0.0,0.22467132989521466,0.08986853195808586,0.0
1598,76.26613225778085,10.06394178943585,30.682887980000032,36.578972480000004,33.48690622117648,289,1.2522548953837331,-0.050724636763334274,0.7417668700218201,0.4336895002213316,289,0.20717488933982292,-0.37218204140663147,0.07999999821186066,-0.15353858182174523,289,0.09426816657505813,0.0,0.0,0.0,4349.661905747793,0.017510369281958708,1.1535385818217452,0.4336895002213316,0.0,0.3948190214441638,0.15792760857766552,0.0
1599,76.27069310314505,10.06394178943585,31.058870179999985,35.89878650000003,33.3002279247059,289,1.176798950995125,0.1011122316122055,0.7689352631568909,0.5513955086572773,289,0.14972823015970613,-0.4332386255264282,0.094090037047863,-0.18105258083673498,289,0.09779487487160776,0.0,0.0,0.0,5123.4647967231995,0.020625456078594954,1.181052580836735,0.5513955086572773,0.0,0.46505714726306036,0.18602285890522416,0.0
1600,76.27525394850925,10.06394178943585,30.976837700000033,35.95005680000003,33.62827505529413,289,1.039113596647281,0.013896609656512737,0.7613422870635986,0.5480087438669172,289,0.1752650149034664,-0.46406984329223633,0.09828823804855347,-0.18237019575178418,289,0.0916508113702169,2.0,0.0013722543967771722,170.43737280876206,4041.3237506821283,0.01626909695415248,1.1823701957517843,0.5480087438669172,0.005699568174527863,0.36683115220401524,0.15015220178632283,0.0
1601,76.27981479387344,10.06394178943585,29.920669520000047,37.706919080000034,33.2317137729412,289,2.3300932523444073,-0.15431679785251617,0.7234200835227966,0.26491639028371,289,0.2875898200299618,-0.3228840231895447,0.14680710434913635,-0.17033204075374406,289,0.10623147589771777,0.0,0.0,0.0,3462.1611283637576,0.013937570593976963,1.170332040753744,0.26491639028371,0.0,0.31426053297988427,0.1257042131919537,499.90129866598596
1602,76.28437563923764,10.06394178943585,31.29129554000002,39.60050216000002,36.04591511176472,289,1.8869405526319563,0.06106153130531311,0.7439004778862,0.4518918364105753,289,0.15114171432008003,-0.2989666163921356,0.2271638661623001,-0.06315424698034372,289,0.11115362059962625,3.0,0.005519256410911349,457.0034850403409,4007.9589275947824,0.016134780681774017,1.0631542469803437,0.4518918364105753,0.02292386765935594,0.363802625599546,0.15927537083543197,0.0
1603,76.28893648460183,10.06394178943585,33.50617250000005,40.885677680000015,38.10876705764708,289,1.351154958344133,-0.017496230080723763,0.7458996176719666,0.4062681627108564,289,0.19410584765018413,-0.3673548996448517,0.2905696630477905,-0.027859479910774625,289,0.1282708760997149,5.0,0.04017774117688396,1996.0697280798645,4627.081129914568,0.018627171729214565,1.0278594799107745,0.4062681627108564,0.16687559935970825,0.4200003778320219,0.26812551074863367,0.0
1604,76.29349732996603,10.06394178943585,31.639933580000047,37.75135334000004,34.19356115882355,289,1.3549065328212802,0.14746345579624176,0.8042648434638977,0.596996056579801,289,0.16516203417475814,-0.46411657333374023,0.20591966807842255,-0.18889245689946474,289,0.12963660180447573,36.0,0.01334071382950434,92.05274918550501,2910.799782156033,0.011717963417810628,1.1888924568994648,0.596996056579801,0.05540977543719506,0.26421343693220983,0.13893124003520096,0.0
1605,76.29805817533023,10.06394178943585,33.9846953,38.869045880000044,36.393417754117664,289,1.0885159849243033,0.10769230872392654,0.7833217978477478,0.495024156405439,289,0.15615758877324748,-0.3426086902618408,0.1921965330839157,-0.07864748152894545,289,0.10819632122999823,0.0,0.0,0.0,3577.446727318441,0.014401674116119851,1.0786474815289455,0.495024156405439,0.0,0.32472501236982143,0.12989000494792857,0.0
1606,76.30261902069442,10.06394178943585,31.903121120000037,39.033110840000006,35.589260543529434,289,2.1329041954620305,0.07355242222547531,0.7963050603866577,0.5161747387948745,289,0.1815041594544182,-0.3734089732170105,0.1646665334701538,-0.0956579426168158,289,0.13476813004641636,2.0,0.01403417906544866,1743.0795740647234,5526.439225763762,0.022247704247898036,1.0956579426168158,0.5161747387948745,0.058290037579704704,0.5016351556665578,0.23562808481444597,0.0
1607,76.30717986605862,10.06394178943585,31.527138920000027,38.869045880000044,33.07526543882354,289,1.2599904618762805,0.15510013699531555,0.827534019947052,0.6631609114808608,289,0.14085862179286163,-0.4320104122161865,0.30503013730049133,-0.2013000567479117,289,0.11073273360574273,0.0,0.0,0.0,2754.335864125163,0.011088088948624354,1.2013000567479117,0.6631609114808608,0.0,0.2500111995291978,0.10000447981167913,0.0
1608,76.31174071142281,10.06394178943585,30.812772740000014,38.66396468000005,33.60941089647061,289,1.8314289196635896,0.1233258917927742,0.8478344082832336,0.6306746855739078,289,0.18335165292844166,-0.4166911542415619,0.258555144071579,-0.1836492941041306,289,0.13689676132764028,10.0,0.005475204980357929,136.0067862975389,5312.771120417781,0.021387543732102415,1.1836492941041306,0.6306746855739078,0.022740902946534202,0.4822404914157451,0.20654073833421857,0.0
1609,76.31630155678701,10.06394178943585,31.161410779999983,41.323184240000046,35.61512632117649,289,2.6898586573926044,0.08719460666179657,0.8253890872001648,0.5383319260752325,289,0.23434417709777022,-0.3280079960823059,0.29414981603622437,-0.08617971347690041,289,0.16801130777204795,21.0,0.022060740910658034,260.95221965075274,2743.561801048398,0.011044715963038515,1.0861797134769005,0.5383319260752325,0.09162783307249159,0.2490332373029096,0.1545899947646588,0.0
1610,76.3208624021512,10.06394178943585,34.98275713999999,42.782678780000026,38.52808581875002,272,1.5536368482460094,0.06187775731086731,0.6959574222564697,0.3198999517104205,272,0.15481366148986123,-0.30885928869247437,0.2335483878850937,0.01684032818850349,272,0.10785412628787543,20.0,0.016927166841198577,210.23957746356191,6666.581962384823,0.026837559915989437,0.9831596718114965,0.3198999517104205,0.07030587159319909,0.6051259669833073,0.2842339097492424,499.90129866598596
1611,76.3254232475154,10.06394178943585,35.16733022000005,45.46582448000004,40.262273409411776,289,2.008266536851189,0.0281970277428627,0.8245580196380615,0.340592539434202,289,0.1828378173854324,-0.35708093643188477,0.360605388879776,0.037510215204892276,289,0.13158685477632617,14.0,0.0745875147421748,1323.421838529483,4545.006071861096,0.01829676338794662,0.9624897847951077,0.340592539434202,0.3097943254837012,0.41255042084506066,0.350896763628245,499.90129866598596
1612,76.3299840928796,10.06394178943585,32.337209659999985,40.3763927,35.65530284000002,289,1.8472827993956138,0.06720611453056335,0.8054126501083374,0.5691634445454422,289,0.19878813577627605,-0.38171857595443726,0.2848791778087616,-0.12082002897163575,289,0.1386211181018194,3.0,0.0021348467409686004,176.76881232060137,4950.291167907786,0.01992831357507124,1.1208200289716357,0.5691634445454422,0.008866945204107782,0.44933816860440023,0.18505543456422477,0.0
1613,76.3345449382438,10.06394178943585,33.12677228000001,40.79339114000004,37.30122730823531,289,1.693478163090591,0.08087004721164703,0.8211106657981873,0.47238391493431015,289,0.16567283208469152,-0.3802409768104553,0.2274801880121231,-0.03363718871014341,289,0.12701855058282657,5.0,0.007441363277918883,369.6942520811723,7063.965193032687,0.028437299681028854,1.0336371887101434,0.47238391493431015,0.030907211821317844,0.6411964620384252,0.27502291190816075,0.0
1614,76.33910578360799,10.06394178943585,33.84797450000002,40.64299826000001,37.669628363529434,289,1.4426249285827937,0.15870647132396698,0.8208134770393372,0.531948894777925,289,0.13142005763528652,-0.38528019189834595,0.2167908400297165,-0.03170305139878217,289,0.13209128086584834,4.0,0.002505765110016741,155.61109632081613,3844.149208036344,0.015475334328563899,1.0317030513987822,0.531948894777925,0.010407530198070713,0.348933609436786,0.14581796189355684,0.0
1615,76.34366662897219,10.06394178943585,33.167788520000045,40.23283586000002,36.33745211176472,289,1.509464812914967,0.1550561785697937,0.7796095609664917,0.5430671665495242,289,0.1674023760694136,-0.3351729214191437,0.1937250941991806,-0.09241402437942663,289,0.11909323037741758,3.0,0.002758881925236645,228.43994929377877,4682.318627468622,0.018849540502085083,1.0924140243794267,0.5430671665495242,0.011458834203984912,0.4250142881551431,0.17688101578444818,0.0
1616,76.34822747433638,10.06394178943585,34.26155491999998,38.903226080000024,36.63212328235295,289,0.914813665520744,0.13065201044082642,0.7513384819030762,0.4723831757542171,289,0.162653444133967,-0.2885880768299103,0.20605802536010742,-0.02722570557907791,289,0.10689245035285697,1.0,0.0015005617472538403,372.74692293195744,6699.290596805999,0.026969234579407884,1.0272257055790779,0.4723831757542171,0.006232484296387124,0.6080949313108287,0.24697746310216376,0.0
1617,76.35278831970058,10.06394178943585,34.80160208000001,42.67672016000006,37.88484535294119,289,1.2417191339246487,0.06738987565040588,0.7537122368812561,0.4744379380170037,289,0.15712577223202906,-0.2873519957065582,0.3108968436717987,-0.001965130901666661,289,0.13459018512477067,0.0,0.0,0.0,7986.237558057249,0.0321500778325411,1.0019651309016666,0.4744379380170037,0.0,0.7249111691936682,0.28996446767746725,0.0
1618,76.35734916506478,10.06394178943585,33.465156260000015,43.59958556000004,36.81092475764707,289,2.4832836557369338,0.1511291265487671,0.7732017040252686,0.5663380342371324,289,0.1449595146375939,-0.3254462480545044,0.24621281027793884,-0.06479012512418225,289,0.15139414640781743,1.0,0.0008996499557078032,223.4774765648,5219.683648578818,0.021012802880343285,1.0647901251241823,0.5663380342371324,0.003736636783828228,0.47379093709714293,0.19175835690915413,0.0
1619,76.36191001042897,10.06394178943585,33.15411644000005,38.91689816000002,36.236165180000015,289,1.4345400913375586,0.13253624737262726,0.7848787903785706,0.514690148376676,289,0.1725974956213801,-0.36097830533981323,0.20330005884170532,-0.06670315620395964,289,0.12812666560432046,41.0,0.021891292120313932,132.6318219320357,5102.1382892585525,0.020539602274485043,1.0667031562039597,0.514690148376676,0.09092403869229088,0.4631213391495868,0.23980295887520925,0.0
1620,76.36647085579317,10.06394178943585,33.70441765999999,40.15422139999998,37.06461516941179,289,1.350828489399496,0.09120287001132965,0.7812143564224243,0.4960316588721886,289,0.16907608590548742,-0.3230243921279907,0.4365096092224121,-0.001706986278811128,289,0.16366898273351974,1.0,0.008190454424198747,2034.5491877436682,4697.75326179101,0.018911675480061157,1.001706986278811,0.4960316588721886,0.034018512515405254,0.42641529065868505,0.1909772237727172,0.0
1621,76.37103170115736,10.06394178943585,32.42266016000002,38.39052307999998,34.5910331247059,289,1.3702924922128348,0.23242467641830444,0.7789011597633362,0.6135040599994593,289,0.13149688341955762,-0.3073766231536865,0.22931785881519318,-0.10229859137617593,289,0.10675222094493458,0.0,0.0,0.0,6520.993796647221,0.026251467801156402,1.102298591376176,0.6135040599994593,0.0,0.5919109221416811,0.23676436885667243,0.0
1622,76.37559254652156,10.06394178943585,31.86210488000006,35.37241142000005,33.19182110352943,289,0.6707362419585609,0.3117133378982544,0.7840310335159302,0.6344074922449449,289,0.10754695451649257,-0.38278019428253174,0.1866864711046219,-0.14868672248813933,289,0.10304265749035771,1.0,0.004382680662895454,1088.6794457324795,5965.563982319018,0.02401548225334989,1.1486867224881394,0.6344074922449449,0.01820317521592447,0.5414945310460441,0.22751971754797232,0.0
1623,76.38015339188576,10.06394178943585,31.896285079999984,36.10386770000002,33.74695441625002,272,0.9784390019026185,0.2588197588920593,0.7829418182373047,0.6033908619600183,272,0.1064884485108957,-0.29750481247901917,0.14754098653793335,-0.12508540994980755,272,0.09197045490158977,2.0,0.0014731101615087462,182.963906965868,3174.3724419127984,0.0127790239565321,1.1250854099498075,0.6033908619600183,0.00611846594467295,0.2881379399992387,0.11892625556649924,0.0
1624,76.38471423724995,10.06394178943585,31.906539140000007,36.95837270000004,34.09175383647061,289,1.0664269987252328,0.21690140664577484,0.7874032855033875,0.6010603855225454,289,0.1365006382292766,-0.33559951186180115,0.18881702423095703,-0.13591206692494323,289,0.10248110397482202,115.0,0.043505463049872885,93.97366200704363,2945.105196117926,0.011856066212892109,1.1359120669249432,0.6010603855225454,0.18069707278731187,0.26732734101582917,0.21534918007871878,0.0
1625,76.38927508261415,10.06394178943585,31.65360566000004,38.66054666000002,35.188477001176494,289,1.460328302136633,0.0809943899512291,0.7768943905830383,0.5041585216060229,289,0.17505217751969424,-0.3143422305583954,0.26933079957962036,-0.06753311025230117,289,0.12411485589882768,159.0,0.09412036010440746,147.04377771686245,5229.06499029187,0.021050569208236197,1.0675331102523011,0.5041585216060229,0.3909227110410864,0.4746424819379238,0.4244106193998214,0.0
1626,76.39383592797834,10.06394178943585,33.66681944000004,41.897411600000055,36.45403143058825,289,1.7609936419457917,0.014084506779909134,0.7521328926086426,0.45348931018868943,289,0.17145872725850483,-0.32372504472732544,0.24282854795455933,-0.04085592250097994,289,0.1198405286324234,115.0,0.06131741280361965,132.44823573876565,4188.540921039892,0.016861746928671886,1.04085592250098,0.45348931018868943,0.2546778318806489,0.3801940618737585,0.30488432387789277,0.0
1627,76.39839677334254,10.06394178943585,0.0,39.77482118,33.116668895294126,289,12.16366522249649,0.0,0.8051838278770447,0.36215004046483024,289,0.19843079863617993,-0.2863351106643677,0.28326180577278137,0.011483958848207467,289,0.10733466689036733,70.0,0.051254558864671854,181.8840666837422,3879.4393033184615,0.015617401140600213,0.9885160411517925,0.36215004046483024,0.21288243141405275,0.35213689309144086,0.268584216085008,499.90129866598596
1628,76.20228042268211,10.068433345310805,28.843993220000016,30.159930920000022,29.255462510000015,272,0.20547145426479016,-0.3292231857776642,0.5520737171173096,-0.06651889576631434,272,0.1718560142603412,-0.5813953280448914,-0.14437367022037506,-0.35686585482429056,272,0.09497523338160146,2.0,0.00040068081707727584,49.76554344289575,0.0,0.0,1.3568658548242905,0.0,0.0016642013598359724,0.0,0.0009985208159015834,707.0320736742132
1629,76.2068412680463,10.068433345310805,29.28149977999999,34.312825220000036,31.42864317411767,289,1.6766436592073182,-0.2187134474515915,0.7761104702949524,0.3050542389232807,289,0.3172418630175747,-0.6064981818199158,0.008058945648372173,-0.26049984202665444,289,0.1369741446671731,138.0,0.04382591600008437,78.88821174442228,4720.831168943299,0.019004579867861356,1.2604998420266544,0.3050542389232807,0.182028052990945,0.4285100734064673,0.2806208611571539,499.8943420404902
1630,76.2114021134105,10.068433345310805,32.95245326000003,36.886594280000054,34.46579639882355,289,0.7419255546277416,0.17198507487773895,0.780214786529541,0.5110009005325475,289,0.13444276944108638,-0.29750627279281616,0.15278610587120056,-0.10311941127051119,289,0.09161987293336477,247.0,0.1026944698232888,103.2785899111651,8714.18124751932,0.03508054992328189,1.1031194112705112,0.5110009005325475,0.42653471053142683,0.7909866530743993,0.5723154875486158,0.0
1631,76.2159629587747,10.068433345310805,32.84649464000006,35.91587660000005,34.10121548352943,289,0.5341052715536792,0.16730466485023499,0.772701621055603,0.5517039051517896,289,0.12536885447333312,-0.3295847773551941,0.10164835304021835,-0.13608779379240782,289,0.08288406342161529,233.0,0.10871839259773382,115.90636811829297,8950.193230698198,0.03603065985595701,1.1360877937924079,0.5517039051517896,0.4515546766628348,0.8124094721961906,0.5958965948761772,0.0
1632,76.22052380413889,10.068433345310805,30.006120020000026,35.071625659999995,32.49895651647061,289,1.2801619998250326,-0.11797752976417542,0.7308979630470276,0.3366954763867863,289,0.25447168964594336,-0.45394301414489746,0.11398817598819733,-0.19389249544242673,289,0.11856607198488713,126.0,0.05292077239198895,104.3315897476648,4019.781152105523,0.016182373235265068,1.1938924954424268,0.3366954763867863,0.21980293945874763,0.3648757294898635,0.27783205547119394,499.8943420404902
1633,76.22508464950309,10.068433345310805,29.008058180000035,35.05453555999998,31.683362540000022,289,1.855614753774117,-0.1611650437116623,0.7309777736663818,0.3302657711464641,289,0.26333661473059256,-0.6537922620773315,0.10035473108291626,-0.2868225731239187,289,0.1703452351530075,122.0,0.04774536990229469,97.2146299948287,3938.0287480465204,0.01585326379738683,1.2868225731239187,0.3302657711464641,0.19830724639344532,0.3574550598215771,0.26196637176469806,999.7886840809804
1634,76.22964549486728,10.068433345310805,28.970459960000028,29.585703560000013,29.186540324705906,289,0.12220103049348613,-0.3103448152542114,0.6613371968269348,-0.10608582018155953,289,0.23040886733608887,-0.5879899859428406,-0.1030082032084465,-0.4127684596500595,289,0.09189944993569296,1.0,0.0003262738458877603,81.04802905339228,0.0,0.0,1.4127684596500596,0.0,0.001355156910096353,0.0,0.0008130941460578118,1499.6830261214707
1635,76.23420634023148,10.068433345310805,29.073000560000025,29.548105340000006,29.337477249411783,289,0.1307669090678355,-0.29930394887924194,-0.20228570699691772,-0.2558868302605969,289,0.01665787834655199,-0.49790793657302856,-0.4160919487476349,-0.4539952789623432,289,0.01603561031733421,0.0,0.0,0.0,0.0,0.0,1.4539952789623432,0.0,0.0,0.0,0.0,1581.1054212808724
1636,76.23876718559568,10.068433345310805,29.045656399999984,30.40602836000005,29.289045443529428,289,0.17148467904745504,-0.28327643871307373,0.687347948551178,-0.19002774512479048,289,0.12694346006471688,-0.5290697813034058,-0.06052393838763237,-0.45684138631325694,289,0.05304856489726565,0.0,0.0,0.0,0.0,0.0,1.456841386313257,0.0,0.0,0.0,0.0,1499.9999999998902
1637,76.24332803095987,10.068433345310805,29.353278199999977,34.13850620000005,31.31483138705884,289,1.3457314725148009,-0.1878557801246643,0.7205113172531128,0.27533692884610184,289,0.2733490350701663,-0.5221238732337952,0.20033010840415955,-0.24944096865538495,289,0.1388435264615217,37.0,0.030504776851493998,204.79828911152987,2979.405380452827,0.01199414795514194,1.249440968655385,0.27533692884610184,0.12669957970051354,0.27044077040595366,0.1841960559826896,1581.1054212808724
1638,76.24788887632407,10.068433345310805,28.40990468000001,30.535913120000032,28.998773938823547,289,0.3088621088405423,-0.2390139400959015,0.3072841167449951,-0.07811042759245242,289,0.09633880513627872,-0.5573333501815796,-0.05415162444114685,-0.3784804294678579,289,0.11578548010241192,0.0,0.0,0.0,0.0,0.0,1.3784804294678579,0.0,0.0,0.0,0.0,1580.8381254375208
1639,76.25244972168827,10.068433345310805,28.714108460000034,29.531015239999988,29.05009154705884,289,0.16810713149896866,-0.2725030779838562,0.5313507914543152,-0.07977189324718859,289,0.15149066308295964,-0.5224359035491943,-0.06388526409864426,-0.3141778596132272,289,0.10137713098480503,0.0,0.0,0.0,0.0,0.0,1.3141778596132272,0.0,0.0,0.0,0.0,1117.844986040704
1640,76.25701056705246,10.068433345310805,28.977296000000024,32.795224340000004,30.15291747411766,289,0.9962870582539407,-0.2616136968135834,0.7062146663665771,0.08264195795290198,289,0.25368486400041196,-0.5219236016273499,0.00022466861992143095,-0.2900245956896086,289,0.11716402344431207,0.0,0.0,0.0,492.5112891772791,0.001982695376307659,1.2900245956896086,0.08264195795290198,0.0,0.04470527352625275,0.017882109410501102,707.0320736742132
1641,76.26157141241666,10.068433345310805,29.240483540000014,34.083817880000026,30.035914598750015,272,0.9156983389770729,-0.2851985692977905,0.763796329498291,0.09685601907617905,272,0.2710556661634934,-0.49635037779808044,-0.011097410693764687,-0.2790687785429113,272,0.08443886502312968,0.0,0.0,0.0,244.88101803318472,0.000985813874461553,1.2790687785429113,0.09685601907617905,0.0,0.022227861844239312,0.008891144737695726,499.9999999999634
1642,76.26613225778085,10.068433345310805,29.98561189999998,36.84557804000002,32.66551698588237,289,1.805197391327998,-0.261904776096344,0.7556886076927185,0.3586892520680147,289,0.25352341542023554,-0.49949949979782104,0.1078682690858841,-0.2178885911987727,289,0.11970035489867914,1.0,0.0007412800265811724,184.13760676274927,2338.3939311886693,0.00941363769163233,1.2178885911987727,0.3586892520680147,0.0030788577233476877,0.2122561301702271,0.08674976670209945,499.8943420404902
1643,76.27069310314505,10.068433345310805,34.083817880000026,38.52040784000002,35.83937918352943,289,1.0376084649426276,0.15556806325912476,0.7411677241325378,0.4763728475075692,289,0.13088127174422065,-0.3331872522830963,0.19867226481437683,-0.07180593418002541,289,0.09647124687061358,6.0,0.0041525101255679995,171.91732524857693,8102.482284780771,0.032618042501086825,1.0718059341800255,0.4763728475075692,0.017247177062559797,0.7354627086575463,0.3045333897005544,0.0
1644,76.27525394850925,10.068433345310805,31.14090266000005,37.37537114000003,34.80225256823531,289,1.389935800459953,0.05037783458828926,0.7624354362487793,0.4704399768868945,289,0.16473408931478228,-0.4336642622947693,0.17145270109176636,-0.1217043259564568,289,0.10452285108797862,2.0,0.0053717974466506,667.1904613446198,4516.294405702643,0.018181179260253737,1.1217043259564567,0.4704399768868945,0.022311406572167392,0.4099442615199572,0.17736454855128334,0.0
1645,76.27981479387344,10.068433345310805,30.18043904000001,40.441335080000044,34.654840107058845,289,2.791604845816917,-0.13808801770210266,0.6987918019294739,0.2816972039562608,289,0.2674191965175057,-0.4116279184818268,0.29751887917518616,-0.10140197252319759,289,0.13246260649303648,15.0,0.019131176317520638,316.8185566716407,3764.45942279237,0.015154528344591203,1.1014019725231976,0.2816972039562608,0.07946007965921476,0.3417001637780452,0.18435611330674695,499.8943420404902
1646,76.28437563923764,10.068433345310805,31.639933580000047,38.985258560000034,36.20218604000002,289,1.6218472465910045,0.028511088341474533,0.7652289867401123,0.4081976075485916,289,0.1671392436001749,-0.4089628756046295,0.1830051839351654,-0.05935769262610835,289,0.1222765721282833,13.0,0.008909951663588754,170.25198792043108,5858.241330957924,0.02358343505097576,1.0593576926261083,0.4081976075485916,0.03700689686813095,0.5317528487941001,0.23490527763851862,0.0
1647,76.28893648460183,10.068433345310805,31.83134270000005,41.66840425999999,35.53711504117649,289,2.7035781983583367,0.03462562710046768,0.8205369114875793,0.4830852363348832,289,0.24258286175515043,-0.4106447398662567,0.24097560346126556,-0.14117142568410063,289,0.17656354859628198,1.0,0.0521328699836861,12950.06147237442,2049.9659307871502,0.00825251737751926,1.1411714256841006,0.4830852363348832,0.21653043874638447,0.1860755066313852,0.20434846590038475,0.0
1648,76.29349732996603,10.068433345310805,32.83965860000001,42.18452528,38.1866364129412,289,1.9912239546427126,0.03726708143949509,0.8193445205688477,0.4142629498016463,289,0.19664080396991399,-0.48602911829948425,0.3569740056991577,-0.03655749786271356,289,0.1672466736075957,0.0,0.0,0.0,209.6723270344438,0.0008440747704388606,1.0365574978627135,0.4142629498016463,0.0,0.019031967260321542,0.007612786904128617,0.0
1649,76.29805817533023,10.068433345310805,33.11651821999999,42.24946766000005,37.6935899847059,289,1.5341940457264251,0.0902290791273117,0.8201899528503418,0.5149853980252487,289,0.18646397596177178,-0.4177563786506653,0.1947590559720993,-0.08177823261406182,289,0.13015083447261308,0.0,0.0,0.0,4607.516484152512,0.018548410625573015,1.081778232614062,0.5149853980252487,0.0,0.4182244939904596,0.16728979759618384,0.0
1650,76.30261902069442,10.068433345310805,32.75420810000003,40.35930259999998,35.66030568588237,289,1.4546078487387983,0.15909774601459503,0.8177685141563416,0.5975971683911386,289,0.15694633799656088,-0.4234716594219208,0.21817652881145477,-0.1531539441804985,289,0.1345331674424843,1.0,0.009046762110385562,2247.260231253379,2745.484274041243,0.011052455233990776,1.1531539441804985,0.5975971683911386,0.03757513004001026,0.24920774026940107,0.12222817413176659,0.0
1651,76.30717986605862,10.068433345310805,33.58478696000003,40.229417839999996,36.26446733176473,289,1.5571597125487955,0.1279732584953308,0.8069560527801514,0.56964111328125,289,0.1512397294138609,-0.33161136507987976,0.2672736942768097,-0.07972253977633678,289,0.11917733136665559,8.0,0.023085863374112184,716.8302597074176,6059.25885987135,0.024392668329261045,1.0797225397763368,0.56964111328125,0.0958856116457787,0.5499992196106103,0.27753105483171137,0.0
1652,76.31174071142281,10.068433345310805,32.66875760000005,38.17518782000002,35.53916112235296,289,1.4019100900478432,0.1857587993144989,0.818699061870575,0.6156187486483564,289,0.14703639318905481,-0.3874285817146301,0.1331723928451538,-0.1439177173231712,289,0.12354383087516285,3.0,0.004931504769391261,408.3366849290359,2554.8524800651267,0.010285031654472313,1.1439177173231712,0.6156187486483564,0.02048267996237939,0.23190408311518917,0.1050512412235033,0.0
1653,76.31630155678701,10.068433345310805,32.78155226000001,42.656212040000014,35.59186249647061,289,2.0815300169735966,0.02201874926686287,0.8153489828109741,0.595929419705612,289,0.1827289463959095,-0.32219403982162476,0.2933565676212311,-0.13738490965952097,289,0.11063187276707213,0.0,0.0,0.0,3644.8179740378537,0.014672889542653113,1.137384909659521,0.595929419705612,0.0,0.3308403036912187,0.1323361214764875,0.0
1654,76.3208624021512,10.068433345310805,35.04428150000001,44.27635352000004,39.39819810125002,272,2.221913562192629,0.032751090824604034,0.7987684011459351,0.3446682200712316,272,0.21044212710266877,-0.3822522759437561,0.29875174164772034,-0.018046536866356346,272,0.13240472899636826,16.0,0.007367200759240772,114.37805786127198,4081.192935538494,0.016429597739025695,1.0180465368663563,0.3446682200712316,0.030599182688969415,0.3704500800406745,0.16653954162965146,499.8943420404902
1655,76.3254232475154,10.068433345310805,32.98321543999998,40.64641628000004,37.57922232588237,289,1.6988201615525167,0.061501212418079376,0.813119113445282,0.4423404416410981,289,0.1750380781310363,-0.3543604016304016,0.37616413831710815,-0.033349957845615265,289,0.13320692011968047,122.0,0.06691086189545295,136.23760157503602,4663.6234872298355,0.018774279753904503,1.0333499578456153,0.4423404416410981,0.27790985394924467,0.42331732937195926,0.3360728441183305,0.0
1656,76.3299840928796,10.068433345310805,33.430976060000035,42.020460319999984,37.70332365411766,289,2.166105203666161,0.025128670036792755,0.8220869898796082,0.4303888235125162,289,0.20939524894785191,-0.3732631802558899,0.37493857741355896,-0.026465247659122244,289,0.13420244645971496,14.0,0.05551673403102752,985.0449967995874,4035.499925920913,0.01624565206937476,1.0264652476591223,0.4303888235125162,0.23058509499412683,0.36630252334892033,0.2848720663360442,0.0
1657,76.3345449382438,10.068433345310805,32.38164391999999,39.80900138000004,34.124952390588255,289,1.3964414074334168,0.04579025134444237,0.8063962459564209,0.6580030711876892,289,0.13966203471719765,-0.4396309554576874,0.11218487471342087,-0.16275796593266786,289,0.08644276836109722,0.0,0.0,0.0,949.2471044565532,0.0038213699590995413,1.162757965932668,0.6580030711876892,0.0,0.08616320555742367,0.03446528222296947,0.0
1658,76.33910578360799,10.068433345310805,32.89776494,40.164475460000006,36.68227001176473,289,1.64740429416788,0.10945054888725281,0.7993466854095459,0.5272818700665008,289,0.16704164600848795,-0.373687744140625,0.23440267145633698,-0.0655627663160278,289,0.12396284667057082,27.0,0.021915902497397378,201.63029770367828,5292.582613717229,0.021306271160753634,1.0655627663160279,0.5272818700665008,0.09102625627112856,0.4804079796866385,0.24677894563733255,0.0
1659,76.34366662897219,10.068433345310805,34.09748996000002,42.427204700000004,38.14583306000002,289,1.9855105925440069,0.14773012697696686,0.811076283454895,0.4725745178011462,289,0.17324403228253438,-0.42228788137435913,0.2891593277454376,-0.005379633095025191,289,0.1319714200060507,0.0,0.0,0.0,5994.9388800522365,0.024133736342535243,1.005379633095025,0.4725745178011462,0.0,0.5441608919332491,0.21766435677329965,0.0
1660,76.34822747433638,10.068433345310805,31.523720900000058,40.68059648000002,36.496738940000014,289,1.8413513008107274,0.1773584932088852,0.7892614006996155,0.6031611353468318,289,0.14307342968575323,-0.34335052967071533,0.20379839837551117,-0.10590651621043064,289,0.1298507463205158,0.0,0.0,0.0,5255.342226170129,0.021156353086134713,1.1059065162104307,0.6031611353468318,0.0,0.47702766790881546,0.1908110671635262,0.0
1661,76.35278831970058,10.068433345310805,31.55448308000001,39.65519047999999,35.76644171176472,289,2.569117980150471,0.18845300376415253,0.799957811832428,0.5686229455017301,289,0.16553560810835236,-0.4124855101108551,0.1862068921327591,-0.10075517674218412,289,0.1416771196660827,3.0,0.004487993230962507,371.61320197636115,5234.925587415031,0.02107416212696483,1.1007551767421841,0.5686229455017301,0.018640584024919707,0.4751744486220901,0.20125412986378788,0.0
1662,76.35734916506478,10.068433345310805,32.19365282000001,39.03994688,35.97794500470591,289,1.4898101365618177,0.11553531885147095,0.8296703100204468,0.5120322151580071,289,0.16732036898828986,-0.4548291563987732,0.17128463089466095,-0.0737201202286981,289,0.12521847337074513,2.0,0.0006143390862383904,76.30242622513461,4784.207379022055,0.019259712534771295,1.0737201202286981,0.5120322151580071,0.0025516168959023055,0.434262735058875,0.17523606416109141,0.0
1663,76.36191001042897,10.068433345310805,35.13998606000001,39.019438760000014,37.42838001764708,289,0.8140547767779325,0.06583317369222641,0.7715227603912354,0.3892263128683229,289,0.1503991592012882,-0.2609606981277466,0.20331421494483948,0.003642667948580943,289,0.09580655651664712,9.0,0.006828309627415603,188.4650796131533,7458.770636763541,0.03002666208759188,0.9963573320514191,0.3892263128683229,0.028360933898002143,0.6770329712504778,0.2878297488389924,499.8943420404902
1664,76.36647085579317,10.068433345310805,35.05795358,42.93648968000002,38.6247461529412,289,1.7475253869638143,0.06377657502889633,0.7847272753715515,0.407200480002433,289,0.13642213262473868,-0.3424507677555084,0.2422098070383072,0.03034455058483929,289,0.11381775695339592,8.0,0.004731615494539768,146.91957189654036,6778.136921029277,0.027286645054886503,0.9696554494151607,0.407200480002433,0.019652453036491085,0.6152518159719486,0.2578921982106741,0.0
1665,76.37103170115736,10.068433345310805,32.11845638,40.18840160000002,34.26699536705884,289,1.6051621520039767,0.12425922602415085,0.8018372654914856,0.6685347507569204,289,0.11561723144413155,-0.3242669701576233,0.26951685547828674,-0.13538561230299795,289,0.10888996481548825,1.0,0.005528698493445878,1373.3559148911763,4982.960838084885,0.02005983138071146,1.135385612302998,0.6685347507569204,0.0229630847267171,0.4523035961456032,0.19469928929427155,0.0
1666,76.37559254652156,10.068433345310805,31.72196606,35.11264190000003,33.247987805882374,289,0.6666592316882816,0.3324975073337555,0.8083797097206116,0.6972798806160792,289,0.09160325812172126,-0.33103299140930176,0.09781798720359802,-0.16560143335467803,289,0.08722558826021935,0.0,0.0,0.0,3785.9848166602637,0.01524118280273848,1.165601433354678,0.6972798806160792,0.0,0.34365402481995555,0.13746160992798223,0.0
1667,76.38015339188576,10.068433345310805,32.96612534000002,37.163453900000036,35.04201957500001,272,1.122603089877642,0.23616524040699005,0.8014440536499023,0.5833375594195198,272,0.11574317320159423,-0.3054538667201996,0.09739549458026886,-0.08882574474110323,272,0.09663416297865976,1.0,0.0005399795715788603,134.13358305347253,3306.116087447822,0.013309382392166221,1.0888257447411032,0.5833375594195198,0.002242769553731526,0.30009631707284307,0.12138418856137616,0.0
1668,76.38471423724995,10.068433345310805,31.728802100000053,39.57999404000003,35.87834934235296,289,1.7465301373944244,0.02748306281864643,0.8370161652565002,0.5117635759927822,289,0.190843276335737,-0.4162134826183319,0.19201427698135376,-0.09330758751469913,289,0.14194525475976613,154.0,0.0933664029493175,150.6017791500465,4839.424656600911,0.0194819999083882,1.0933075875146991,0.5117635759927822,0.3877911997001859,0.4392748100138701,0.40838464382565953,0.0
1669,76.38927508261415,10.068433345310805,34.72640564000005,39.50821561999999,36.604377002352955,289,0.8783351361799977,0.0004460303171072155,0.7156888246536255,0.39915017520680146,289,0.15427196630007411,-0.2557172477245331,0.19168415665626526,-0.010589155771328091,289,0.09813437623493378,208.0,0.12401772703463647,148.1087199054725,6105.713426751976,0.02457967978866627,1.010589155771328,0.39915017520680146,0.5150994536756266,0.5542159028919441,0.5307460333621536,499.8943420404902
1670,76.39383592797834,10.068433345310805,32.60723324000003,39.53214176000006,35.62938975411766,289,1.3270023254585945,0.10514261573553085,0.7929832339286804,0.4869945486524113,289,0.17720547578970144,-0.3183552324771881,0.2514939308166504,-0.0687973062059871,289,0.11522619860007659,98.0,0.04684818155515065,118.74815161720592,5404.017649931175,0.02175487352970469,1.068797306205987,0.4869945486524113,0.1945808337385112,0.4905229433104655,0.3129576775672929,0.0
1671,76.39839677334254,10.068433345310805,0.0,39.24161006000003,31.435322385882372,289,11.555258404366624,0.0,0.7854117751121521,0.4625260508184202,289,0.2340236609295922,-0.27461498975753784,0.2513611614704132,-0.06643216090218831,289,0.11709490929574892,63.0,0.04795120677153962,189.06850397939527,3192.8288176555143,0.012853323514029772,1.0664321609021883,0.4625260508184202,0.19916217626056626,0.28981322611757254,0.23542259620336878,0.0
1672,76.20228042268211,10.07292490118576,28.885009459999992,32.93878117999998,29.36339874359377,256,0.6666393117800954,-0.2195121943950653,0.7166947722434998,-0.044255103915929794,256,0.207974519939186,-0.5451505184173584,-0.14400805532932281,-0.4310103952884674,256,0.07338018620084377,2.0,0.00024018287003851148,29.831303480734608,141.31818650704042,0.0005689025229121965,1.4310103952884674,0.0,0.0009975837172417174,0.012827458620460582,0.005729533678529263,499.88738234295647
1673,76.2068412680463,10.07292490118576,29.777112680000016,34.220538680000004,33.09251668250002,272,0.9029226285972038,-0.1428571492433548,0.7818182110786438,0.5620472851921531,272,0.1796070780207094,-0.4681274890899658,0.01476578414440155,-0.19231793459723978,272,0.08827221745523536,182.0,0.05997885113852346,81.8628670588275,8349.269115475043,0.033611528577250714,1.1923179345972397,0.5620472851921531,0.24911820424604778,0.757863561209158,0.4526163470312919,0.0
1674,76.2114021134105,10.07292490118576,33.037903760000006,37.22156024000003,34.83906207125001,272,0.8638200190338011,0.12883435189723969,0.78830885887146,0.5007381439208984,272,0.14571005570067713,-0.3215999901294708,0.27472984790802,-0.08612988275640152,272,0.10306152808592803,253.0,0.14565639153401203,143.01092685858,8475.75214827084,0.03412070944237263,1.0861298827564014,0.5007381439208984,0.6049742201982026,0.7693444322101287,0.670722305002973,0.0
1675,76.2159629587747,10.07292490118576,30.19752914000003,35.32114111999999,33.36169832375002,272,1.1222337459221452,-0.16723163425922394,0.7708089351654053,0.48432058446547566,272,0.23197542434984825,-0.43104326725006104,0.1135241836309433,-0.16520268776837518,272,0.0994799011659506,205.0,0.07299847437533566,88.4545380094352,7304.047893307896,0.029403797039012813,1.1652026877683752,0.48432058446547566,0.30319435107360126,0.6629887803478259,0.44711212278329115,0.0
1676,76.22052380413889,10.07292490118576,29.736096439999983,33.85822856000004,31.512021721250022,272,1.2074821452340618,-0.19453077018260956,0.7339490652084351,0.24488982032327092,272,0.2918169917230468,-0.4793057441711426,0.07900676876306534,-0.23441432504092946,272,0.11102475021162324,85.0,0.035092652508721386,102.55514810946535,2655.677780042622,0.010690922565956083,1.2344143250409294,0.24488982032327092,0.14575501879842187,0.24105600046796677,0.18387541146623984,499.88738234295647
1677,76.22508464950309,10.07292490118576,28.69360033999999,34.09065392000002,30.19290476000002,272,1.5386841770237043,-0.2752613127231598,0.717237114906311,0.07737989986644071,272,0.29959767548526256,-0.5889724493026733,0.06114513427019119,-0.35289180980009194,272,0.144215213251108,37.0,0.011113366975207437,74.61121757655447,2235.5369791520443,0.00899956798865196,1.352891809800092,0.07737989986644071,0.04615863711021997,0.20291979966183374,0.10886310213086547,999.7747646859129
1678,76.22964549486728,10.07292490118576,28.72094450000003,29.70191624000006,29.047780096250023,272,0.16118611607860997,-0.32349324226379395,0.49211758375167847,-0.246517489938175,272,0.1125769745660823,-0.49000000953674316,0.05634758993983269,-0.4125059913186466,272,0.06601095036323239,2.0,0.00042226996959920964,52.44696931090377,7.946717828758251,3.199098384571098e-05,1.4125059913186466,0.0,0.0017538704816241991,0.0007213239614548436,0.0013408518735564569,1414.0543059241488
1679,76.23420634023148,10.07292490118576,28.990968080000016,29.60621168,29.28775777250002,272,0.1471168514924647,-0.31173184514045715,-0.23882225155830383,-0.27983760833740234,272,0.011652906394637817,-0.4767932593822479,-0.4098360538482666,-0.43158629361320944,272,0.014020476376377414,0.0,0.0,0.0,0.0,0.0,1.4315862936132095,0.0,0.0,0.0,0.0,1117.9836291402244
1680,76.23876718559568,10.07292490118576,29.01489422000003,33.62922121999998,29.65289529875002,272,0.8326664022510576,-0.2801724076271057,0.593999445438385,-0.17858625860775218,272,0.1401011199323199,-0.4945848286151886,0.14094997942447662,-0.42280087751500744,272,0.11159265108997743,2.0,0.000716966618552216,89.04901827577393,136.72749642699802,0.0005504218500915471,1.4228008775150074,0.0,0.002977873585900867,0.012410761459984572,0.00675102873553435,999.9999999999268
1681,76.24332803095987,10.07292490118576,28.898681539999984,34.203448579999986,30.549321308750024,272,1.4229878564846588,-0.21490280330181122,0.7429039478302002,0.03758446609272676,272,0.2737894111547696,-0.4952681362628937,0.07891075313091278,-0.30788836759679455,272,0.14592417775392505,32.0,0.013969341711940255,108.43916345078961,1565.2707419458418,0.006301287160158054,1.3078883675967945,0.03758446609272676,0.058020739906150136,0.142079700910453,0.09164432430787128,1117.9836291402244
1682,76.24788887632407,10.07292490118576,28.368888439999978,30.040300220000006,28.972244367500018,272,0.25579663301365263,-0.23169508576393127,0.5195222496986389,-0.043311641496770525,272,0.16383693776129943,-0.5168393850326538,-0.07377979904413223,-0.368839376112994,272,0.0834971789227733,0.0,0.0,0.0,0.0,0.0,1.368839376112994,0.0,0.0,0.0,0.0,1414.0543059241488
1683,76.25244972168827,10.07292490118576,28.334708240000055,29.71900634000002,28.96195260875002,272,0.3214871260296433,-0.25898388028144836,0.5073375105857849,-0.05784016496994916,272,0.1660413974580245,-0.5037593841552734,0.0,-0.34305499581729665,272,0.11501644942584925,0.0,0.0,0.0,0.0,0.0,1.3430549958172966,0.0,0.0,0.0,0.0,1414.0543059241488
1684,76.25701056705246,10.07292490118576,28.741452620000018,30.053972300000055,29.22202371875002,272,0.319105738044053,-0.28659287095069885,0.5609362125396729,-0.04840120848487405,272,0.2099754069219847,-0.528384268283844,-0.128082737326622,-0.3312024228713092,272,0.08886221912970285,0.0,0.0,0.0,0.0,0.0,1.3312024228713093,0.0,0.0,0.0,0.0,1117.9836291402244
1685,76.26157141241666,10.07292490118576,28.88842748000002,36.411489500000016,30.714945269140642,256,1.8794775102016046,-0.2830725610256195,0.7296798229217529,0.17017197608947754,256,0.3087709110947355,-0.4757194221019745,0.0747474730014801,-0.24183666706085205,256,0.11626783985076271,0.0,0.0,0.0,1142.8142151407476,0.004600610199460087,1.241836667060852,0.17017197608947754,0.0,0.10373330155111883,0.041493320620447534,999.7747646859129
1686,76.26613225778085,10.07292490118576,29.71558832000005,36.37047326000004,32.74395404000001,272,1.9396484709013542,-0.19951041042804718,0.7491223812103271,0.3155338343452005,272,0.2691945410555967,-0.47993019223213196,0.17560975253582,-0.17905813104966106,272,0.12119270360444351,1.0,0.0005934928095060065,147.4265347163908,3368.912510456741,0.013562181018886893,1.179058131049661,0.3155338343452005,0.0024650332597337204,0.30579635142489525,0.12379756052579835,499.88738234295647
1687,76.27069310314505,10.07292490118576,34.15559630000001,38.54433398000003,36.66939921500002,272,0.9719166949289332,0.13598047196865082,0.7616580128669739,0.5264389935661765,272,0.11702836796107917,-0.33311089873313904,0.21815046668052673,-0.08525659757501938,272,0.09216987525129657,3.0,0.0028660502804243155,237.3136649106112,4414.299321118043,0.017770579164264454,1.0852565975750195,0.5264389935661765,0.011903950902447441,0.40068616276184615,0.16741683564620694,0.0
1688,76.27525394850925,10.07292490118576,31.328893760000028,37.90174622000001,34.55901062375001,272,1.5433534054421747,0.06621226668357849,0.7671130895614624,0.48599815368652344,272,0.1757064304055854,-0.3755064010620117,0.13848631083965302,-0.1554084665635053,272,0.0939882184549284,1.0,0.0021576449737874485,535.9696301939814,2601.410919599941,0.010472461272477572,1.1554084665635054,0.48599815368652344,0.008961636161203606,0.23613019492236473,0.09982905966566806,0.0
1689,76.27981479387344,10.07292490118576,30.05055428000003,37.905164239999976,34.12010921000002,272,2.26733352416274,-0.1785714328289032,0.7415351271629333,0.3138020459343405,272,0.30218081183300854,-0.3563880920410156,0.16556291282176971,-0.15995250028722427,272,0.10376189123465566,0.0,0.0,0.0,2211.9139117430786,0.008904468957309552,1.1599525002872242,0.3138020459343405,0.0,0.20077553269120033,0.08031021307648013,499.88738234295647
1690,76.28437563923764,10.07292490118576,30.190693100000033,38.19569594000001,34.68510037625001,272,1.540048160965173,-0.16543209552764893,0.7519623041152954,0.4176324115079992,272,0.24970562783019706,-0.3744525611400604,0.18690095841884613,-0.12442414900835823,272,0.11261613040205591,3.0,0.005834890094374971,483.1384718211375,3487.0388697619865,0.014037720547748869,1.1244241490083582,0.4176324115079992,0.02423483135625009,0.31651868676917316,0.14114837352141935,0.0
1691,76.28893648460183,10.07292490118576,32.825986520000015,37.775279479999995,35.65482532250002,272,1.0077854167820863,0.14903153479099274,0.8037761449813843,0.5432042514576632,272,0.14248733197902122,-0.3475061357021332,0.24703660607337952,-0.11891920426312615,272,0.11016189124607034,6.0,0.0035396179679032676,146.54308720330852,4160.435523864492,0.01674860344901269,1.1189192042631262,0.5432042514576632,0.014701569889102983,0.3776429336135534,0.15987811537888313,0.0
1692,76.29349732996603,10.07292490118576,32.84307662000003,43.049284339999986,38.58847921625002,272,1.9453306959850878,0.08984974026679993,0.7959617376327515,0.43012254378374887,272,0.19980211519352215,-0.35800883173942566,0.3535137474536896,-0.0241816990515765,272,0.15944220877186366,7.0,0.007266337874416272,257.85629840000234,2516.964503069071,0.010132506588634295,1.0241816990515764,0.43012254378374887,0.030180255345987738,0.22846498961178038,0.1094941490523048,0.0
1693,76.29805817533023,10.07292490118576,36.17906414000004,43.60983962,39.32817895625002,272,1.6082751696001922,0.07464324682950974,0.8188992738723755,0.4569520389332491,272,0.19474773140455362,-0.39971232414245605,0.3031563460826874,-0.0336149299845976,272,0.13403797298885844,5.0,0.01579578129111811,784.7499621186134,3880.419588057369,0.015621347458302987,1.0336149299845976,0.4569520389332491,0.06560673629474144,0.3522258735845777,0.18025439121067593,0.0
1694,76.30261902069442,10.07292490118576,34.66488128000003,43.5209711,38.77325335625002,272,2.425353882274801,0.03689931333065033,0.821742594242096,0.491000399870031,272,0.1785761828063862,-0.39575690031051636,0.2477295696735382,-0.0588531073401956,272,0.12531635700804156,0.0,0.0,0.0,3127.149328683373,0.012588918571513945,1.0588531073401957,0.491000399870031,0.0,0.2838514957286734,0.11354059829146937,0.0
1695,76.30717986605862,10.07292490118576,33.55060676000005,39.72696890000003,36.41710661375002,272,1.3931672507411306,0.07072480767965317,0.7695106863975525,0.5042877758250517,272,0.1834612462112988,-0.3287340998649597,0.1616317480802536,-0.08308515829198501,272,0.10921082278463176,0.0,0.0,0.0,2933.5636965704743,0.011809603769713161,1.083085158291985,0.5042877758250517,0.0,0.26627971854399946,0.10651188741759979,0.0
1696,76.31174071142281,10.07292490118576,32.39189798000001,38.506735760000026,35.508126920000024,272,1.505581588469087,0.04458382725715637,0.8390783667564392,0.5710759443395278,272,0.1637806131466808,-0.3715003430843353,0.14556582272052765,-0.12172373603372012,272,0.12589099717473956,5.0,0.005476424666412495,272.0741677987893,3375.9132143761603,0.013590363648599033,1.1217237360337202,0.5710759443395278,0.022745968832157046,0.30643180565806977,0.13622030356252213,0.0
1697,76.31630155678701,10.07292490118576,33.85481054000002,40.34904854000001,37.35867059375002,272,1.4749483386986189,0.0441213957965374,0.7777777910232544,0.4847012688131893,272,0.19001494685901432,-0.30502083897590637,0.23041673004627228,-0.06537426219267004,272,0.11187214775743057,5.0,0.015275974172302175,758.925432816656,5148.5984682409135,0.020726636326444805,1.06537426219267,0.4847012688131893,0.06344775169374153,0.46733853184166635,0.2250040637529115,0.0
1698,76.3208624021512,10.07292490118576,32.78497028000004,40.755792919999976,36.110770498203145,256,2.2506962669661434,0.05070697143673897,0.7939808964729309,0.5223325490951538,256,0.197209243509384,-0.350538432598114,0.23375852406024933,-0.09131654351949692,256,0.1256492171292579,3.0,0.010265835716124218,850.0280381693119,1727.0544075839716,0.006952577258215816,1.091316543519497,0.5223325490951538,0.04263847189702544,0.15676481206092868,0.08828900796258674,0.0
1699,76.3254232475154,10.07292490118576,32.778134239999986,42.82369502000006,37.64764407875003,272,2.547139163325624,0.08682188391685486,0.7657061815261841,0.4656131968778722,272,0.1937009571790835,-0.29917940497398376,0.3417896628379822,-0.01521204850252937,272,0.15396563979369077,5.0,0.0033250091227099436,165.18972597815525,4711.2321428304185,0.018965937211115644,1.0152120485025293,0.4656131968778722,0.013810206198151249,0.4276387693421913,0.1793416314557673,0.0
1700,76.3299840928796,10.07292490118576,31.643351600000017,42.76558868000001,36.034476867500025,272,2.4482129341274623,0.09299467504024506,0.8041958212852478,0.5357706406537224,272,0.173788007216379,-0.4325711727142334,0.32503220438957214,-0.0976805897320018,272,0.14770603493839707,0.0,0.0,0.0,3240.3353809043265,0.01304456997957786,1.0976805897320019,0.5357706406537224,0.0,0.29412539916009933,0.11765015966403974,0.0
1701,76.3345449382438,10.07292490118576,32.135546480000016,41.09075888000001,37.45867281125002,272,2.3463067818111902,0.06417910754680634,0.8102766871452332,0.43740250082576976,272,0.21808439806455865,-0.35384616255760193,0.20794223248958588,-0.021599348853616154,272,0.13765746044206484,6.0,0.008530759691143024,353.18044847369964,5163.962300309219,0.020788486276839,1.0215993488536161,0.43740250082576976,0.035431948007873026,0.4687331076211827,0.2087524118531969,0.0
1702,76.33910578360799,10.07292490118576,32.77129820000005,38.86220983999999,34.53970886375002,272,1.702273881418402,0.11485090106725693,0.8413768410682678,0.6224716971902287,272,0.17060987785915932,-0.4232034981250763,0.2161785215139389,-0.1447159402510699,272,0.12350490791311591,9.0,0.02541290660148596,701.410118636258,3420.036533890304,0.01376799024013194,1.1447159402510698,0.6224716971902287,0.1055508322860911,0.3104368815032572,0.18750525197295756,0.0
1703,76.34366662897219,10.07292490118576,32.477348480000046,39.36465878000001,34.83080604500002,272,1.4818739856161505,0.1492776870727539,0.8172290921211243,0.6185460371129653,272,0.15704677079667903,-0.43305784463882446,0.17112068831920624,-0.14697077695061178,272,0.11461480875670602,3.0,0.001591247740963824,131.75792335818653,4661.679288468034,0.01876645302184708,1.146970776950612,0.6185460371129653,0.006609142593011105,0.4231408543563694,0.17322182729835445,0.0
1704,76.34822747433638,10.07292490118576,31.612589420000006,39.09121718000006,34.60423655750002,272,2.1277720139290475,0.14934471249580383,0.8176558613777161,0.6255365820492015,272,0.16183202272289007,-0.4530642330646515,0.21848349273204803,-0.15628914272083955,272,0.13570292133950176,0.0,0.0,0.0,1738.6820605614023,0.006999386527977272,1.1562891427208395,0.6255365820492015,0.0,0.1578202546837622,0.06312810187350489,0.0
1705,76.35278831970058,10.07292490118576,31.40750822000001,38.83486568000001,34.581403681250016,272,2.044696169006037,0.14084158837795258,0.8270326256752014,0.5970028147977942,272,0.1846638387922808,-0.4192214906215668,0.20066413283348083,-0.1450826420503504,272,0.1463068489886468,0.0,0.0,0.0,3295.5908749317514,0.013267011200583734,1.1450826420503504,0.5970028147977942,0.0,0.29914094302397837,0.11965637720959135,0.0
1706,76.35734916506478,10.07292490118576,32.726863940000044,39.12539737999998,36.83480876375001,272,1.3105370481268526,0.08096103370189667,0.8276488184928894,0.4545842619503246,272,0.16080328942384003,-0.4429573118686676,0.2120462954044342,-0.048192346797269935,272,0.110620643248596,3.0,0.0009284556566203883,76.87765147893775,5552.8709752807235,0.022354110149055233,1.04819234679727,0.4545842619503246,0.003856279363623873,0.5040343668479036,0.20392751435733575,0.0
1707,76.36191001042897,10.07292490118576,35.591164700000036,40.308032300000036,37.48372991375002,272,1.152292176492928,0.04204868897795677,0.730351984500885,0.4063427588518928,272,0.14279598299938023,-0.29826033115386963,0.25351378321647644,-0.003936418277375838,272,0.1063089413224463,7.0,0.006514751507249974,231.18519090199382,6497.621409032927,0.026157377927737376,1.0039364182773758,0.4063427588518928,0.02705859091643981,0.5897894093881276,0.25215091830511493,0.0
1708,76.36647085579317,10.07292490118576,36.018417200000044,40.673760440000024,38.05594667375002,272,1.0829819990311091,0.01140583585947752,0.6890339255332947,0.3564478930305032,272,0.14486466110622773,-0.24810823798179626,0.3023728132247925,0.031438504948335534,272,0.09990855097004353,23.0,0.011078454744534916,119.64968175718508,8165.8203060436035,0.03287302143184813,0.9685614950516644,0.3564478930305032,0.04601363146162434,0.7412119039092866,0.32409294044068926,499.88738234295647
1709,76.37103170115736,10.07292490118576,33.24298496000006,42.044386460000055,37.81938701750002,272,2.072626199200305,0.045081451535224915,0.7694452404975891,0.4116239547729492,272,0.18311779474970757,-0.2447710633277893,0.2724230885505676,0.011966142584295833,272,0.11347602528312413,3.0,0.04887127604658429,4046.621828894097,5890.402596496169,0.02371290617961811,0.9880338574157042,0.4116239547729492,0.2029836233411669,0.5346721284216583,0.33565902537336345,0.0
1710,76.37559254652156,10.07292490118576,33.793286179999996,39.07070906000001,36.60370286000002,272,1.3200649843645995,0.06892745941877365,0.7430314421653748,0.43514330246869254,272,0.15735993264700868,-0.26833438873291016,0.2440660446882248,-0.020407361142775592,272,0.09764331861441986,2.0,0.0050763277357446365,630.4923961829061,6153.103861442445,0.024770458757203136,1.0204073611427755,0.43514330246869254,0.021084192606031317,0.5585175349396164,0.23605752953946538,0.0
1711,76.38015339188576,10.07292490118576,33.16095247999999,38.01454088000003,35.54124291570315,256,1.279220690719969,0.1227417066693306,0.7890245318412781,0.518557071685791,256,0.17397645195232272,-0.35242629051208496,0.24809405207633972,-0.08967499434947968,256,0.11887252897303047,14.0,0.020161434798396383,357.7285447908738,5199.863194616801,0.0209330119734334,1.0896749943494797,0.518557071685791,0.08373919034228318,0.4719918335329045,0.23904024761853174,0.0
1712,76.38471423724995,10.07292490118576,32.778134239999986,38.79726746000006,35.67165153125001,272,1.3760598723509883,0.13634982705116272,0.8315456509590149,0.5456964829388786,272,0.1701337867349989,-0.40909090638160706,0.20226438343524933,-0.10814816811505486,272,0.13504807676956335,187.0,0.10108868982132657,134.28303771567738,3923.1685541713496,0.015793441335780815,1.108148168115055,0.5456964829388786,0.41986520915036235,0.3561061993051971,0.39436160521229624,0.0
1713,76.38927508261415,10.07292490118576,33.03106772000001,38.65371062000003,36.00651696125002,272,1.1237079968283037,0.11154878884553909,0.8000725507736206,0.4996316573199104,272,0.17010627466099323,-0.35448747873306274,0.30625879764556885,-0.055120201671824735,272,0.12710558047799314,168.0,0.08391443900999339,124.07595017483209,5741.901229070569,0.023115086432050614,1.0551202016718246,0.4996316573199104,0.3485330905756104,0.5211926521219904,0.4175969151941624,0.0
1714,76.39383592797834,10.07292490118576,32.63457740000001,38.68447279999998,35.22815087000002,272,1.3033992631324762,0.1481579691171646,0.8036885261535645,0.5223167643827551,272,0.15041416028581023,-0.3558225631713867,0.17454268038272858,-0.0839077584883746,272,0.10754222769340685,142.0,0.05356437540148947,93.7017919944703,6923.901107928298,0.027873445775492743,1.0839077584883745,0.5223167643827551,0.22247610213076724,0.6284828382629056,0.3848787965836226,0.0
1715,76.39839677334254,10.07292490118576,0.0,38.78017736000004,31.454007660441192,272,11.576217279361547,0.0,0.7913001179695129,0.4597245384665096,272,0.23197233313318338,-0.2899533808231354,0.22909274697303772,-0.05850004448610194,272,0.11776902264123673,129.0,0.06233227676990241,120.02825049432329,5144.113804835863,0.020708582483633727,1.058500044486102,0.4597245384665096,0.25889300246220076,0.46693145872760466,0.3421083849683623,0.0
1716,76.20228042268211,10.077416457060714,29.356696220000003,35.755229660000055,31.74449734625002,272,1.5443156499089752,-0.18210862576961517,0.8041039705276489,0.3763393794789034,272,0.28203479355662603,-0.4954628050327301,0.05272810533642769,-0.24333014207727768,272,0.11661490137862443,72.0,0.02392709529424688,82.55011425954629,3515.762259479245,0.014153351870798182,1.2433301420772778,0.3763393794789034,0.09937961296991892,0.3191259102422761,0.18727813187886178,499.8804195734276
1717,76.2068412680463,10.077416457060714,31.41092623999998,36.134629880000034,33.85449120941178,289,0.8718117975959033,-0.019538188353180885,0.7735399007797241,0.5172781234794009,289,0.15959933664409648,-0.4145141541957855,0.13421481847763062,-0.15000437700212207,289,0.0988916891129951,225.0,0.0870224032323235,96.0746366126057,6260.918505801032,0.025204486568474443,1.150004377002122,0.5172781234794009,0.3614418150881837,0.5683038754197255,0.4441866392208004,0.0
1718,76.2114021134105,10.077416457060714,33.18829664000003,37.23865034000005,34.53758664588237,289,0.8066407185777487,0.11290322244167328,0.7503729462623596,0.5249982259677768,289,0.13965601773987366,-0.3120284080505371,0.17266716063022614,-0.12166492501757137,289,0.09707753838075864,292.0,0.12802461207462204,108.91076610920193,7832.044578268016,0.03152934544567967,1.1216649250175714,0.5249982259677768,0.5317417865451943,0.710915064964625,0.6034110979129665,0.0
1719,76.2159629587747,10.077416457060714,29.551523360000033,34.774257920000025,32.60935028352943,289,1.3974611931675582,-0.15452538430690765,0.7708945274353027,0.4155178136066582,289,0.23485596011641188,-0.4965779483318329,0.05458563566207886,-0.1994179326357726,289,0.11867379677041469,128.0,0.04702529944371652,91.26027979437316,4636.308445116694,0.018664317994871844,1.1994179326357726,0.4155178136066582,0.19531648121260964,0.42083794167896044,0.28552506539914996,0.0
1720,76.22052380413889,10.077416457060714,29.37720434000005,33.83430242000003,31.236264235294136,289,1.3394345891494615,-0.2209450900554657,0.7418978214263916,0.2577948652749243,289,0.28955178065618353,-0.5360000133514404,0.06963928043842316,-0.2821756382714506,289,0.13479581582300587,71.0,0.022881609470929723,80.05499158995659,2388.966845041491,0.009617228319229707,1.2821756382714506,0.2577948652749243,0.09503725652384508,0.21684663600530496,0.14376100831642902,499.8804195734276
1721,76.22508464950309,10.077416457060714,28.628657960000055,32.03300588000002,29.22186774941178,289,0.5711736819293471,-0.2967033088207245,0.6650246381759644,-0.05496738526235402,289,0.23627843744978233,-0.5728952884674072,-0.11239860951900482,-0.40488053688128517,289,0.08672471514668839,7.0,0.0016629534672763962,59.01226076936148,266.6303974963764,0.0010733700280905697,1.4048805368812851,0.0,0.006906967600227245,0.024202054069462124,0.013825002187921199,999.7608391468552
1722,76.22964549486728,10.077416457060714,28.65600212000004,29.27808176000002,28.96474749058826,289,0.18329878039797715,-0.34220072627067566,0.3492884933948517,-0.28702455408432903,289,0.07370866074539287,-0.474204957485199,-0.17350994050502777,-0.41359813650586613,289,0.02798801661838849,0.0,0.0,0.0,0.0,0.0,1.413598136505866,0.0,0.0,0.0,0.0,1117.820081896719
1723,76.23420634023148,10.077416457060714,29.07983660000002,30.060808339999994,29.289695931764726,289,0.16847139284342577,-0.31660693883895874,0.40154868364334106,-0.25966747244336613,289,0.05718130522393162,-0.4769230782985687,-0.2078559696674347,-0.42021218798152304,289,0.030521955749378958,0.0,0.0,0.0,0.0,0.0,1.420212187981523,0.0,0.0,0.0,0.0,707.0222301122288
1724,76.23876718559568,10.077416457060714,29.500253059999977,34.25471888000004,31.790361941176485,289,1.4657282683480692,-0.26623377203941345,0.7742025256156921,0.2911906786855942,289,0.35616818874451145,-0.47189095616340637,0.057486340403556824,-0.2527952359209424,289,0.13703108140683062,3.0,0.002486712546764741,205.90387826851804,2679.879434407614,0.010788350806207433,1.2527952359209424,0.2911906786855942,0.010328396632596765,0.24325278580456716,0.10349815230138493,499.9999999999634
1725,76.24332803095987,10.077416457060714,28.88842748000002,34.04621966000002,30.192549948235314,289,1.2485627805287207,-0.2869366705417633,0.7367566823959351,-0.015918668991141666,289,0.31144744585579015,-0.4801163971424103,0.13003213703632355,-0.3561210236334883,289,0.12760778211150228,0.0,0.0,0.0,330.89204452459103,0.0013320671853670892,1.3561210236334884,0.0,0.0,0.030035086876573615,0.012014034750629447,707.0222301122288
1726,76.24788887632407,10.077416457060714,28.57738766,29.582285540000044,28.933701461176494,289,0.20496936014615597,-0.28256070613861084,0.3834308683872223,-0.06304247899038981,289,0.1409137584853546,-0.5256298780441284,-0.02611534297466278,-0.3589315447427822,289,0.10838832574530805,0.0,0.0,0.0,0.0,0.0,1.358931544742782,0.0,0.0,0.0,0.0,1117.820081896719
1727,76.25244972168827,10.077416457060714,28.232167640000057,29.804456840000057,28.925292422352964,289,0.333470159995196,-0.2644178569316864,0.5638746023178101,-0.06244173016927646,289,0.17406423123845277,-0.5241379141807556,0.046531304717063904,-0.3462466335626622,289,0.11216234997514112,0.0,0.0,0.0,0.0,0.0,1.3462466335626622,0.0,0.0,0.0,0.0,1414.0444602244577
1728,76.25701056705246,10.077416457060714,28.761960740000006,31.14090266000005,29.276627031764725,289,0.342446478664245,-0.3201856017112732,0.3762147128582001,-0.15390220562891976,289,0.1483535912986839,-0.47940075397491455,0.007465618662536144,-0.33880646913521845,289,0.10700391911071143,0.0,0.0,0.0,319.0108983947276,0.0012842374319897271,1.3388064691352184,0.0,0.0,0.028956634668040097,0.01158265386721604,1117.820081896719
1729,76.26157141241666,10.077416457060714,29.237065519999987,37.334354899999994,32.845413942500016,272,2.4021044613037144,-0.23440860211849213,0.7597540616989136,0.28482526891371784,272,0.29577107003844083,-0.4664764702320099,0.11412268131971359,-0.20266169660231648,272,0.15025556310175356,0.0,0.0,0.0,2151.1195073464955,0.008659729827159185,1.2026616966023165,0.28482526891371784,0.0,0.195257221665366,0.0781028886661464,707.0222301122288
1730,76.26613225778085,10.077416457060714,29.64039188000004,36.67125901999998,33.32554965764708,289,1.9421282436301368,-0.17548076808452606,0.747226893901825,0.386432159318231,289,0.2779864608447278,-0.4266567528247833,0.11404457688331604,-0.17116893781510192,289,0.10716434383751772,1.0,0.0004207508000108598,104.51656941957009,5287.977002240919,0.02128773041908982,1.171168937815102,0.386432159318231,0.0017475607108864957,0.47998992811030206,0.19304450767065273,499.8804195734276
1731,76.27069310314505,10.077416457060714,33.51984458000004,40.981382240000016,37.05187742705884,289,1.4317081277748238,0.06381557136774063,0.7469927072525024,0.433803624347832,289,0.1618008311138851,-0.3438247740268707,0.29724594950675964,-0.024769553676196036,289,0.1244602289387955,21.0,0.017777799998766615,210.29014342596344,5831.252437172516,0.023474786262418293,1.024769553676196,0.433803624347832,0.07383892033726532,0.5293030656005754,0.25602457844258936,0.0
1732,76.27525394850925,10.077416457060714,33.072083959999986,38.62978448000001,35.888627056470604,289,1.151970735096226,0.09857641905546188,0.7793536186218262,0.4824803758245026,289,0.16154179477170705,-0.38253092765808105,0.15112252533435822,-0.081397442669192,289,0.10990077950882508,6.0,0.004998059774782223,206.92377427870375,4448.236211598331,0.017907198399843654,1.081397442669192,0.4824803758245026,0.020759111789796194,0.40376661595122604,0.17396211345436813,0.0
1733,76.27981479387344,10.077416457060714,30.614527580000015,38.12391752000002,36.18992138000002,289,1.1336717063771786,0.10769230872392654,0.7331017255783081,0.47168760728671066,289,0.14264548225945167,-0.31681084632873535,0.11984901130199432,-0.07771778436680567,289,0.09317399293448825,0.0,0.0,0.0,4821.28101674264,0.01940895932709213,1.0777177843668058,0.47168760728671066,0.0,0.4376279109468847,0.1750511643787539,0.0
1734,76.28437563923764,10.077416457060714,30.255635480000024,36.11070374000002,33.26403712470591,289,1.4879653738600864,-0.07446808367967606,0.793904185295105,0.4576273987449989,289,0.25059288201352564,-0.4235384166240692,0.14798973500728607,-0.18779745398920714,289,0.10223378710527331,0.0,0.0,0.0,3170.9089285054247,0.012765080942088614,1.187797453989207,0.4576273987449989,0.0,0.2878235567198277,0.11512942268793108,0.0
1735,76.28893648460183,10.077416457060714,32.11162034000006,37.573616300000026,34.4907041847059,289,1.0021767782619546,0.21615993976593018,0.8171733617782593,0.5961462106671713,289,0.13026314700025213,-0.4414955675601959,0.1088448017835617,-0.1668772581951841,289,0.11566717477061624,1.0,0.0003132944735588899,77.82388908978956,3953.972132090873,0.015917446841556722,1.166877258195184,0.5961462106671713,0.0013012479427614938,0.3589022415619744,0.14434164539044667,0.0
1736,76.29349732996603,10.077416457060714,34.81527416000006,42.41353262000001,38.06372961764708,289,1.3876346509719195,0.0642581358551979,0.7821894288063049,0.46401945859915655,289,0.16731683173751025,-0.3593493103981018,0.3226524293422699,-0.03317908844733321,289,0.12775082857775116,0.0,0.0,0.0,2629.2228871255943,0.010584423496757235,1.0331790884473333,0.46401945859915655,0.0,0.23865468855907823,0.0954618754236313,0.0
1737,76.29805817533023,10.077416457060714,32.81915048000002,42.034132399999976,39.23333111882354,289,1.6320476335876257,-0.09109518676996231,0.7310513257980347,0.36326620240524976,289,0.16900441642045724,-0.2851925492286682,0.248315691947937,0.0017156842258149777,289,0.10658996494658537,0.0,0.0,0.0,1400.7247375449515,0.005638876756001586,0.998284315774185,0.36326620240524976,0.0,0.12714385213695215,0.050857540854780864,499.8804195734276
1738,76.30261902069442,10.077416457060714,32.22441500000002,44.79589256000003,38.73996536000002,289,3.4213433726821867,-0.16937355697155,0.71568363904953,0.14705760916211613,289,0.1817518948327534,-0.43421950936317444,0.29264986515045166,0.0018726814164422374,289,0.1374518389930932,2.0,0.01718468635055638,2134.380331380364,903.6544949384852,0.003637828468636902,0.9981273185835577,0.14705760916211613,0.07137546189897831,0.08202476218755564,0.07563518201440925,499.9999999999634
1739,76.30717986605862,10.077416457060714,31.516884860000005,45.29834149999999,38.90041124000001,289,4.62254043339167,-0.1275395005941391,0.6495931148529053,0.13391787783084858,289,0.17834418873216487,-0.29280000925064087,0.2927217185497284,0.008131202116969547,289,0.15622599834330175,0.0,0.0,0.0,2533.8252148079487,0.010200382505269166,0.9918687978830305,0.13391787783084858,0.0,0.22999543723135268,0.09199817489254108,499.9999999999634
1740,76.31174071142281,10.077416457060714,31.698039920000042,45.605963299999985,38.47856370588237,289,4.523321847302465,-0.06824146956205368,0.7699050307273865,0.23612873116991512,289,0.22347801033276044,-0.37481194734573364,0.3479344844818115,-0.04902800061710978,289,0.1595665510226924,0.0,0.0,0.0,1648.9156595751147,0.0066380152617864,1.0490280006171098,0.23612873116991512,0.0,0.1496721541269955,0.0598688616507982,499.8804195734276
1741,76.31630155678701,10.077416457060714,31.882612999999992,43.049284339999986,37.25828325764707,289,2.283880224639616,-0.029787234961986542,0.7801952362060547,0.43279981778154736,289,0.2196034538769708,-0.3832230269908905,0.21166077256202698,-0.0807447796461904,289,0.13094387814325467,4.0,0.014679872755736127,911.6381596337724,3520.9261967172915,0.014174140256182242,1.0807447796461904,0.43279981778154736,0.06097188375654992,0.31959464107499447,0.16442098668392774,0.0
1742,76.3208624021512,10.077416457060714,32.825986520000015,42.55708946000004,37.83195326750002,272,2.8851615488648372,0.06017338111996651,0.8036659955978394,0.4627060048720416,272,0.22408612862512475,-0.3335340917110443,0.30962905287742615,-0.056956470012664795,272,0.14618574084714223,5.0,0.009326239632492492,463.3367646349282,2510.812901863346,0.01010774217909588,1.0569564700126648,0.4627060048720416,0.03873592150421515,0.22790660847297292,0.11440419629171826,0.0
1743,76.3254232475154,10.077416457060714,32.217578960000026,42.898891460000016,36.96598932588237,289,3.246300607114265,0.029636282473802567,0.7974082231521606,0.4504003821772275,289,0.23549822099711734,-0.36636683344841003,0.39520958065986633,-0.020309227148141828,289,0.18124350704219622,0.0,0.0,0.0,1222.0487567227353,0.004919583515789323,1.0203092271481418,0.4504003821772275,0.0,0.11092542472065493,0.04437016988826198,0.0
1744,76.3299840928796,10.077416457060714,31.42801634,44.37205807999999,36.653163620000015,289,4.126669360018837,0.1366051882505417,0.8363974094390869,0.5547665922699503,289,0.21449181546093093,-0.3995943069458008,0.49048012495040894,-0.05110597115486963,289,0.23348501212751693,0.0,0.0,0.0,2041.949918240166,0.008220247434956363,1.0511059711548696,0.5547665922699503,0.0,0.18534789278500735,0.07413915711400294,0.0
1745,76.3345449382438,10.077416457060714,31.24686128000002,40.89251372000001,35.02521628117649,289,3.0101053561593023,0.016815034672617912,0.8456026315689087,0.5792679308195016,289,0.2137216060515341,-0.4008471369743347,0.2092396467924118,-0.14416374549733726,289,0.16135719153203454,5.0,0.0103765397332015,515.5167074344671,3437.23568674342,0.013837228614129917,1.1441637454973372,0.5792679308195016,0.04309827373406668,0.3119980494391289,0.15065818401609157,0.0
1746,76.33910578360799,10.077416457060714,32.74737206000003,40.834407380000016,38.703869176470604,289,1.6472329512824906,0.009536423720419407,0.7899479866027832,0.35436256699083585,289,0.17518932655833558,-0.3136606514453888,0.4036441147327423,0.05787099686460924,289,0.14130692019234,6.0,0.03798158593384483,1572.4688116329191,5427.819170307027,0.021850690956503428,0.9421290031353907,0.35436256699083585,0.1577540133338623,0.4926834084655295,0.2917257713865292,499.8804195734276
1747,76.34366662897219,10.077416457060714,31.96464548000006,41.64789614000006,35.32117660117649,289,2.494146171605398,0.13989169895648956,0.7841338515281677,0.6065333805282224,289,0.17403044432123754,-0.3019447326660156,0.4231559634208679,-0.10492225171785453,289,0.14951452548112876,3.0,0.004982988555404902,412.5996268689665,1356.9106762265856,0.005462495140590704,1.1049222517178545,0.6065333805282224,0.020696514473645452,0.12316684767314479,0.06168464775344519,0.0
1748,76.34822747433638,10.077416457060714,33.17804258000001,39.02627480000001,37.225392207058846,289,1.2640286536141705,0.08157036453485489,0.7785831093788147,0.41827292260826665,289,0.15469000477446232,-0.3020797669887543,0.22139756381511688,-0.005940014928269964,289,0.10436171304088777,15.0,0.02476107421091951,410.0515129306784,7148.247485204289,0.02877659365187852,1.00594001492827,0.41827292260826665,0.1028434894223158,0.6488467697729852,0.32124480156258356,0.0
1749,76.35278831970058,10.077416457060714,31.892867060000015,39.72696890000003,35.56624508705884,289,2.15217302139329,0.13273152709007263,0.7956221103668213,0.5803427514732915,289,0.17777730351744103,-0.3570999503135681,0.2179132103919983,-0.11780405539542334,289,0.13878905541965741,4.0,0.004453779738946719,276.5852015332382,3498.905111362529,0.014085490300184082,1.1178040553954234,0.5803427514732915,0.018498480541272195,0.31759578609285977,0.13813740276190722,0.0
1750,76.35734916506478,10.077416457060714,31.04861612000002,39.316806499999984,36.31453127176472,289,1.684498956263339,0.08138540387153625,0.8017450571060181,0.4463502560519842,289,0.1909291105651282,-0.30974435806274414,0.3114120066165924,-0.039120423340054944,289,0.13406328461339206,4.0,0.006968318111246174,432.7411282360666,5653.273885090803,0.022758300650720313,1.039120423340055,0.4463502560519842,0.028942449905878485,0.5131479438247668,0.22262464747343383,0.0
1751,76.36191001042897,10.077416457060714,33.42755804000001,40.50285944000001,36.769340818823544,289,1.7970107216477411,0.003508772002533078,0.8128993511199951,0.5554575144625865,289,0.19796588077588448,-0.34740397334098816,0.41250717639923096,-0.1029709284693312,289,0.15542026195718647,3.0,0.011041628361407181,914.26494186925,2788.5857457888987,0.011225968188158556,1.1029709284693312,0.5554575144625865,0.045860675506991765,0.253120062943429,0.12876443048156666,0.0
1752,76.36647085579317,10.077416457060714,33.66681944000004,40.26701606000006,36.67427492000002,289,1.577012850730996,0.09264909476041794,0.8110958337783813,0.5351418887867647,289,0.1840492832474705,-0.37638601660728455,0.29700395464897156,-0.06032564895788278,289,0.14332761893414162,12.0,0.007579363624111308,156.89593546329317,3614.720940481979,0.014551728362020094,1.0603256489578827,0.5351418887867647,0.03148038716189567,0.3281083945004836,0.15013159009733085,0.0
1753,76.37103170115736,10.077416457060714,33.85139251999999,38.968168460000015,36.59726894000003,289,1.026979250597803,0.12903225421905518,0.7913721799850464,0.47076584971074825,289,0.15926661153544586,-0.2680950462818146,0.251861035823822,-0.04350784988139327,289,0.10626490472158977,1.0,0.005209064086042876,1293.9571550329497,5260.376946612091,0.021176621285383414,1.0435078498813932,0.47076584971074825,0.02163550428667859,0.47748466972670706,0.20397517046269,0.0
1754,76.37559254652156,10.077416457060714,33.51642656000001,39.870525740000005,36.780765757647075,289,1.2827202959258481,0.09275101125240326,0.7934417724609375,0.45863426762881165,289,0.16309900275138706,-0.2632840573787689,0.2787593603134155,-0.039470487812398626,289,0.11847040877604512,3.0,0.035317032622364866,2924.3082379350967,4903.273958421825,0.019739037093692662,1.0394704878123986,0.45863426762881165,0.14668696680873455,0.4450704142265825,0.26604034577587377,0.0
1755,76.38015339188576,10.077416457060714,34.39143968000002,37.597542439999984,36.36412730375002,272,0.6061095762980326,0.13270698487758636,0.7738727927207947,0.4980460896211512,272,0.15097280256312134,-0.3108450472354889,0.15443365275859833,-0.0624702117022346,272,0.09615366612011778,7.0,0.13898564732823881,4932.102686412285,5211.838635572631,0.020981221328090088,1.0624702117022347,0.4980460896211512,0.5772677238918804,0.47307884488734914,0.535592172290068,0.0
1756,76.38471423724995,10.077416457060714,33.55744279999999,40.622490140000025,36.87945073647061,289,1.5706131794375395,0.1072133332490921,0.7952256798744202,0.4583854807289414,289,0.1534243785800818,-0.3426876962184906,0.26769140362739563,-0.041330053732056934,289,0.12487982542422509,268.0,0.09709629157676022,89.9970025394064,5611.303626456846,0.022589341604370355,1.041330053732057,0.4583854807289414,0.4032830462305621,0.5093383014197514,0.44570514830623786,0.0
1757,76.38927508261415,10.077416457060714,32.726863940000044,39.39200294,36.54596315882355,289,1.6636030394734775,0.07640449702739716,0.8017887473106384,0.5216127283432904,289,0.16808575029959752,-0.4013434052467346,0.2280750572681427,-0.10132264925946827,289,0.13478054581026178,122.0,0.07090050684692728,144.36094125304052,3986.5898901429455,0.016048755665326826,1.1013226492594683,0.5216127283432904,0.2944805812476913,0.3618629570370793,0.32143353156344645,0.0
1758,76.39383592797834,10.077416457060714,33.348943580000025,39.607338200000015,36.19843686235296,289,1.7133309715843008,0.11762171238660812,0.7858855128288269,0.5336561367998486,289,0.16004901675116442,-0.46299323439598083,0.35992491245269775,-0.10712550998146558,289,0.15510935673025741,101.0,0.11172823669945764,274.7905332591738,4043.8916740786144,0.016279434605200906,1.1071255099814656,0.5336561367998486,0.4640558657227967,0.3670642427348458,0.42525921652761633,0.0
1759,76.39839677334254,10.077416457060714,0.0,38.298236540000005,30.97769799882355,289,11.374267122315864,0.0,0.7706161141395569,0.4941596324881055,289,0.2253881072187988,-0.27722233533859253,0.28796255588531494,-0.07268153919893153,289,0.11028186746537272,70.0,0.019535304943862956,69.323798425,2463.719889029584,0.009918160537306776,1.0726815391989315,0.4941596324881055,0.08113860126754477,0.22363197342161098,0.13813595012917126,0.0
1760,76.20228042268211,10.081908012935669,30.385520240000005,34.66488128000003,32.16990260750002,272,1.1372725542243443,-0.10251045972108841,0.773679256439209,0.4728219649370979,272,0.21174640392716634,-0.4727694094181061,0.029605263844132423,-0.21755036185769475,272,0.09821052425270535,96.0,0.028913529380558856,74.81523952217186,3784.152796574491,0.015233807666709757,1.2175503618576948,0.4728219649370979,0.12009043822904877,0.34348773226821144,0.20944935584471386,0.0
1761,76.2068412680463,10.081908012935669,30.744412340000054,36.28844078000003,34.034806548235316,289,1.1200617659575194,-0.08704061806201935,0.7467908263206482,0.48358386610618515,289,0.16715777269926005,-0.40634921193122864,0.1895424872636795,-0.13270805121293117,289,0.09420329981058,214.0,0.09299678892693311,107.94794414446837,7276.538503033115,0.02929305289547458,1.1327080512129313,0.48358386610618515,0.386256032224105,0.6604917516628006,0.4959503199995832,0.0
1762,76.2114021134105,10.081908012935669,29.924087540000016,37.166871920000006,34.700871020000015,289,1.251117656216953,-0.10922787338495255,0.7550327181816101,0.4622884044185229,289,0.16611388713516292,-0.43799057602882385,0.18405531346797943,-0.10754158257613132,289,0.11238515876537326,289.0,0.13086009351996641,112.478516434403,8046.561823585547,0.0323929243316374,1.1075415825761312,0.4622884044185229,0.5435187718063123,0.730386805691702,0.6182659853604682,0.0
1763,76.2159629587747,10.081908012935669,29.1652871,35.10922388000006,31.222592155294137,289,1.6698197029530557,-0.19920319318771362,0.7011424899101257,0.16545689724720886,289,0.27446096911863044,-0.5690284967422485,0.06963249295949936,-0.2850279758545767,289,0.1343459097625752,41.0,0.013339157017353054,80.81737197263547,2741.0433091001664,0.011034577307436592,1.2850279758545766,0.16545689724720886,0.05540330932055369,0.24880463366702654,0.13276383905914285,499.8734537319464
1764,76.22052380413889,10.081908012935669,29.30884394000003,33.841138460000025,31.338651083529438,289,1.2927499440776062,-0.20040282607078552,0.7547212839126587,0.2685761501219858,289,0.2801001606895515,-0.5331807732582092,0.032098766416311264,-0.2505935088160954,289,0.12975324112241343,72.0,0.02323059316810423,80.14713431617984,3927.5082077017346,0.015810911414494838,1.2505935088160953,0.2685761501219858,0.09648673730417,0.3565001098659258,0.20049208632887233,707.0173051247527
1765,76.22508464950309,10.081908012935669,28.700436380000042,29.913833479999994,29.156227572941198,289,0.31550303567642907,-0.2857142984867096,0.48179271817207336,-0.12939395046564123,289,0.17796866343833515,-0.5359477400779724,-0.03527902439236641,-0.3998348671672253,289,0.09112152792647606,3.0,0.0006933171626990374,57.40779844280194,0.0,0.0,1.3998348671672254,0.0,0.00287964713004673,0.0,0.001727788278028038,1117.807621634233
1766,76.22964549486728,10.081908012935669,28.761960740000006,29.70533426000003,29.1298414047059,289,0.19213378013907087,-0.3389423191547394,0.3299035429954529,-0.28523653023795686,289,0.07183420507389203,-0.5068492889404297,-0.21337579190731049,-0.4271953543164738,289,0.033460167175568094,0.0,0.0,0.0,0.0,0.0,1.4271953543164737,0.0,0.0,0.0,0.0,999.7469074638929
1767,76.23420634023148,10.081908012935669,29.117434820000028,32.911437019999994,30.077437184705904,289,0.8436598766296352,-0.31002330780029297,0.7799829840660095,-0.04768672863917367,289,0.27697352825030813,-0.4920634925365448,-0.01305220928043127,-0.3557877590087046,289,0.08796399106976643,0.0,0.0,0.0,232.4382300762677,0.0009357231279290893,1.3557877590087046,0.0,0.0,0.021098429379914792,0.008439371751965918,499.8734537319464
1768,76.23876718559568,10.081908012935669,29.667736040000023,35.854352240000026,32.854324152941196,289,1.5321697268224745,-0.19139784574508667,0.7685118913650513,0.44064309935256274,289,0.2665586878933962,-0.4771929681301117,0.1391659826040268,-0.19112850308005785,289,0.13774893829212592,6.0,0.0065961887756329565,273.0876257613916,3381.885705138118,0.013614407015886216,1.1911285030800578,0.44064309935256274,0.027396835242117494,0.30697392893323844,0.13922767271856587,0.0
1769,76.24332803095987,10.081908012935669,29.01489422000003,32.53887284000001,29.444606748235312,289,0.3892482290067518,-0.28870779275894165,0.4691425561904907,-0.16423478176024545,289,0.13856743358634172,-0.4959557354450226,0.009204336442053318,-0.41275045533493726,289,0.06016496278476458,0.0,0.0,0.0,0.0,0.0,1.4127504553349373,0.0,0.0,0.0,0.0,499.8734537319464
1770,76.24788887632407,10.081908012935669,28.584223700000052,29.951431700000057,29.342610192941198,289,0.25596041683826065,-0.27377521991729736,0.4745057225227356,-0.04272629892949827,289,0.18019174734532575,-0.533389687538147,-0.09255897998809814,-0.3693823896889868,289,0.08528736181407982,0.0,0.0,0.0,0.0,0.0,1.3693823896889867,0.0,0.0,0.0,0.0,999.7469074638929
1771,76.25244972168827,10.081908012935669,28.37572448000003,32.337209659999985,29.320540901176486,289,0.7878861465231463,-0.22372528910636902,0.6666666865348816,-0.03286247517410859,289,0.17481278894887872,-0.5230769515037537,0.01797385700047016,-0.3554585598744323,289,0.10561216629093645,0.0,0.0,0.0,57.61122593733917,0.00023192465594075521,1.3554585598744322,0.0,0.0,0.00522937376321629,0.002091749505286516,1117.807621634233
1772,76.25701056705246,10.081908012935669,28.56029755999998,33.71808973999998,29.982868022352964,289,1.3787631667866567,-0.23243242502212524,0.7118018865585327,0.0236998033358564,289,0.2874788906661563,-0.5285714268684387,-0.010398173704743385,-0.3537825218121486,289,0.13357289747412904,0.0,0.0,0.0,677.5959692018033,0.002727788021641759,1.3537825218121486,0.0236998033358564,0.0,0.061505418878935236,0.024602167551574097,707.0173051247527
1773,76.26157141241666,10.081908012935669,29.54126930000001,36.35680118000005,31.85085808625002,272,1.8829069662778728,-0.1911163032054901,0.766981303691864,0.2297997755162856,272,0.3165737214684135,-0.485840380191803,0.10470559448003769,-0.24948709151324103,272,0.13037795215857723,0.0,0.0,0.0,1851.4201122842833,0.007453234427095036,1.249487091513241,0.2297997755162856,0.0,0.16805349308832207,0.06722139723532883,499.8734537319464
1774,76.26613225778085,10.081908012935669,30.90164126000002,38.14100761999998,35.47211352588237,289,1.351650411279024,-0.007656967733055353,0.7690550684928894,0.511305653925173,289,0.14383193191080562,-0.3865905702114105,0.16399188339710236,-0.08692881970257083,289,0.10217124500985766,0.0,0.0,0.0,5914.019769486039,0.02380798148188518,1.0869288197025708,0.511305653925173,0.0,0.5368158603555855,0.2147263441422342,0.0
1775,76.27069310314505,10.081908012935669,35.59800074000003,39.99699248000002,37.32865425764708,289,0.911797548175184,0.08187543600797653,0.7194767594337463,0.40833245511698474,289,0.14669770613235927,-0.2560608685016632,0.25293734669685364,-0.007461836593786325,289,0.10152877503521555,18.0,0.02192723040754435,302.6017748127429,6018.6593292949165,0.024229227402478182,1.0074618365937864,0.40833245511698474,0.09107330599915948,0.5463139982576362,0.27316958290255017,0.0
1776,76.27525394850925,10.081908012935669,33.24298496000006,38.89639004000003,35.2044671847059,289,1.1473206938120484,0.10961214452981949,0.7681082487106323,0.5281149788298821,289,0.14153493241304968,-0.34140801429748535,0.19421665370464325,-0.10702737062447623,289,0.10077337681615363,1.0,0.0039410008661735834,978.9640105292393,4707.720125412163,0.0189517989347965,1.1070273706244762,0.5281149788298821,0.016368687296891275,0.42731998335136795,0.18074920571868197,0.0
1777,76.27981479387344,10.081908012935669,33.52326260000001,36.69860318000002,34.96224902000002,289,0.6809317753397036,0.14671221375465393,0.789071798324585,0.5176181463221777,289,0.13540527073580982,-0.3553868532180786,0.21917469799518585,-0.10662722340092115,289,0.09700010926828438,6.0,0.006316545371165027,261.5101594420395,5088.510433657582,0.020484740818752387,1.1066272234009211,0.5176181463221777,0.026235354796461583,0.4618843380379263,0.20049494809304746,0.0
1778,76.28437563923764,10.081908012935669,30.16334893999999,35.235690620000014,32.73528480588238,289,1.3807327882076719,-0.020895522087812424,0.7895020246505737,0.4581268204949719,289,0.2517157848030947,-0.49292612075805664,0.04724615067243576,-0.20489038645602428,289,0.10212844536432972,0.0,0.0,0.0,1900.9910184258636,0.0076527912871427965,1.2048903864560243,0.4581268204949719,0.0,0.17255304663501422,0.06902121865400569,0.0
1779,76.28893648460183,10.081908012935669,32.16972668000005,36.77721764,34.127767230588255,289,0.8697570965630024,0.267910897731781,0.8232195377349854,0.6146378566649546,289,0.11570557151369605,-0.460260272026062,0.10057654976844788,-0.17791890603035793,289,0.09888320325234821,4.0,0.0027936434990109365,173.48869847090666,4660.237636135456,0.01876064938348009,1.1779189060303579,0.6146378566649546,0.011603214109085427,0.4230099955044529,0.17616592666723244,0.0
1780,76.29349732996603,10.081908012935669,34.24446482000002,41.323184240000046,36.972092088235314,289,1.4809970682268947,0.14904552698135376,0.7992302775382996,0.5473711482381326,289,0.1589604770823829,-0.4109131395816803,0.19924385845661163,-0.1294448482949016,289,0.1348372737817944,1.0,0.0014866210337821759,369.28398109730864,3710.0481315844227,0.014935485618327735,1.1294448482949015,0.5473711482381326,0.0061745824619897135,0.3367612482448983,0.13840924877515315,0.0
1781,76.29805817533023,10.081908012935669,31.677531799999997,43.011686120000036,38.61016338941179,289,2.6173923733811346,-0.11061947047710419,0.7594271898269653,0.22704111911021302,289,0.20258030584863065,-0.4420970380306244,0.2592202425003052,-0.007103240201217493,289,0.12867385374381274,1.0,0.001487211443325197,369.4306417334561,1988.9434679349947,0.008006860155834085,1.0071032402012174,0.22704111911021302,0.00617703468910536,0.18053649472851435,0.07592081870486896,499.8734537319464
1782,76.30261902069442,10.081908012935669,36.22691642000001,43.5209711,40.41079761411766,289,1.483470545623582,-0.013457943685352802,0.5842331051826477,0.30159429530371434,289,0.1472778252060701,-0.14351902902126312,0.2249043732881546,0.05705324588762435,289,0.07224173836678484,0.0,0.0,0.0,2793.4355631043713,0.011245492025639292,0.9429467541123756,0.30159429530371434,0.0,0.25356028109559103,0.10142411243823642,999.7469074638929
1783,76.30717986605862,10.081908012935669,34.66829930000006,44.92919533999998,40.26532479058825,289,2.272859452578197,0.007226739078760147,0.7626345157623291,0.31173442061797146,289,0.20471915467930513,-0.35353028774261475,0.2942120134830475,0.027984731337603402,289,0.13114281744243403,0.0,0.0,0.0,3702.6372579652216,0.01490565177455182,0.9720152686623966,0.31173442061797146,0.0,0.3360885628882473,0.1344354251552989,707.0173051247527
1784,76.31174071142281,10.081908012935669,34.02912956,45.44873438000002,41.99965652352943,289,1.8922301579624814,-0.023954326286911964,0.6976528167724609,0.23417383741754974,289,0.15854423944615753,-0.23178227245807648,0.34152284264564514,0.0831365750322705,289,0.10286068652684938,2.0,0.01766338724353476,2193.8361602354653,3702.423479346004,0.014904791169141974,0.9168634249677295,0.23417383741754974,0.07336371450078848,0.33606915819264704,0.1784458919775319,499.9999999999634
1785,76.31630155678701,10.081908012935669,32.29619342000001,44.66258978000002,39.71679762941178,289,3.492619659691052,-0.039603959769010544,0.7641509175300598,0.2984131017770734,289,0.19246834059556442,-0.29950112104415894,0.3029938042163849,0.03271362608279324,289,0.1452378062541151,3.0,0.055774758254707665,4618.241480735101,2922.3817965264807,0.01176458896091031,0.9672863739172067,0.2984131017770734,0.23165678159757183,0.26526473693648134,0.24509996373313564,499.9999999999634
1786,76.3208624021512,10.081908012935669,31.42118030000006,41.15228324000003,35.74990157000002,272,2.602639737054749,-0.03060929849743843,0.7836445569992065,0.3872777714448817,272,0.22203812968385775,-0.3582702577114105,0.3300900161266327,-0.09592149538152359,272,0.13785489349403868,0.0,0.0,0.0,3873.006233137827,0.01559150362559317,1.0959214953815235,0.3872777714448817,0.0,0.35155296300017486,0.14062118520006994,499.8734537319464
1787,76.3254232475154,10.081908012935669,31.011017900000013,41.244569780000006,35.76454938235295,289,3.1698401063459145,-0.03416856378316879,0.7768945693969727,0.40048302251162415,289,0.24709913814526452,-0.3676838278770447,0.3339119255542755,-0.07570182905890124,289,0.1700486065824121,1.0,0.0017509843270251812,434.95312418510684,2617.8910599929036,0.010538805128701886,1.0757018290589013,0.40048302251162415,0.0072725979729765435,0.23762609806247176,0.09941399800877464,0.0
1788,76.3299840928796,10.081908012935669,30.80251868000005,39.94230416000005,34.08113313764708,289,1.8317383982423114,0.04908424988389015,0.8247628808021545,0.5078316130852617,289,0.22501887361846434,-0.3746081590652466,0.18518517911434174,-0.14523941092837642,289,0.11681446077914898,0.0,0.0,0.0,2195.325859459105,0.008837690681789565,1.1452394109283763,0.5078316130852617,0.0,0.19926983438352988,0.07970793375341195,0.0
1789,76.3345449382438,10.081908012935669,30.464134700000045,38.08290127999999,34.75998266000001,289,1.9954295094126822,0.012799999676644802,0.8063076734542847,0.5036658580740431,289,0.21649559101911964,-0.3466366231441498,0.21460147202014923,-0.12622624697569745,289,0.12989129730174873,1.0,0.0007482963402759071,185.88049361483917,3067.3192409781577,0.012348061476734716,1.1262262469756974,0.5036658580740431,0.0031079995197455957,0.27842071577552885,0.1132330860220589,0.0
1790,76.33910578360799,10.081908012935669,35.24252666000001,40.62932618000002,37.97048508588237,289,1.193026549850431,-0.0037598544731736183,0.7646269202232361,0.3907877252176146,289,0.1821761923277663,-0.3351609408855438,0.24470588564872742,-0.01938876478729776,289,0.115082077591509,15.0,0.02869394070603457,475.18107244571445,5762.680629537426,0.023198737755651552,1.0193887647872977,0.3907877252176146,0.11917839114525385,0.5230787993068279,0.2807385544098835,499.8734537319464
1791,76.34366662897219,10.081908012935669,31.728802100000053,41.883739520000006,36.249943703529425,289,2.5476455330924788,0.1373993158340454,0.8395789265632629,0.5550550837005298,289,0.19265965836457594,-0.37855958938598633,0.408851683139801,-0.1137911126687865,289,0.15998711520960962,7.0,0.005055499938603844,179.4015807219187,5122.825165307146,0.020622881123910627,1.1137911126687865,0.5550550837005298,0.020997685723628184,0.46499908788850586,0.19859824658957925,0.0
1792,76.34822747433638,10.081908012935669,33.71808973999998,39.21768392000001,37.107996821176485,289,1.1941691293574017,0.09552791714668274,0.7979886531829834,0.4107639088350184,289,0.16541310994150632,-0.3143679201602936,0.21671238541603088,-0.015622924355899586,289,0.10914957114703848,31.0,0.02036074342480932,163.15189905668575,7213.722945056879,0.029040177237400395,1.0156229243558996,0.4107639088350184,0.08456700558315977,0.6547899804288401,0.3126561955214319,0.0
1793,76.35278831970058,10.081908012935669,32.39531599999998,40.07902496000003,34.9153429047059,289,1.0092323983585074,0.2304096221923828,0.8015297651290894,0.6929636496573583,289,0.09157613477779991,-0.33026158809661865,0.1834389865398407,-0.18941335447106808,289,0.0980504708723807,6.0,0.0034252997957767988,141.81022110906855,627.3665936298471,0.0025255803709954175,1.189413354471068,0.6929636496573583,0.0142267568973192,0.056946096030217934,0.0313144925504787,0.0
1794,76.35734916506478,10.081908012935669,34.17268640000003,40.60198202000004,36.52955902823532,289,1.2531938626347343,0.13014210760593414,0.7991752624511719,0.4958105384272275,289,0.1551208481905357,-0.38398095965385437,0.18707175552845,-0.06396902803731212,289,0.12145746880451345,3.0,0.005599379935376985,463.637844306948,5682.437670322513,0.022875704867446254,1.0639690280373122,0.4958105384272275,0.023256655436278247,0.515795142020005,0.22027205006976894,0.0
1795,76.36191001042897,10.081908012935669,35.61850886000002,40.164475460000006,37.606105230588255,289,0.8390586777956889,0.12504138052463531,0.7770247459411621,0.3768497453841371,289,0.14103575119992057,-0.3731343150138855,0.3177911341190338,0.010626804457403797,289,0.10679390879389564,75.0,0.06458761198026271,213.91840906003114,7092.477350303039,0.02855208064875635,0.9893731955425962,0.3768497453841371,0.2682603885810218,0.6437845119321117,0.41847003792145776,499.8734537319464
1796,76.36647085579317,10.081908012935669,35.78257382000004,40.03800871999999,37.7520984447059,289,1.019562260332195,0.03783101961016655,0.7766340970993042,0.365323657395518,289,0.16014447834064036,-0.27780863642692566,0.26467618346214294,0.014779061182147491,289,0.09383863269770355,52.0,0.049733160822845165,237.5761905156476,7659.348208800224,0.03083412423801784,0.9852209388178526,0.365323657395518,0.2065634049417386,0.6952394071600188,0.4020338058290507,499.8734537319464
1797,76.37103170115736,10.081908012935669,35.25619874000006,39.20742986000005,37.60839968000001,289,0.8475732412608089,0.07018578797578812,0.8109025359153748,0.4254523412579071,289,0.19106064681617466,-0.30723097920417786,0.21313923597335815,-0.013060142424692332,289,0.12536463827674235,62.0,0.04891797410951389,195.99137927960308,7914.665049295098,0.03186194944784862,1.0130601424246923,0.4254523412579071,0.20317758066709038,0.7184145291135655,0.40927236004568046,0.0
1798,76.37559254652156,10.081908012935669,33.051575840000055,40.40031884000001,36.3328159047059,289,2.0698247347567666,0.035453859716653824,0.8263800144195557,0.531748735368458,289,0.23045610383230447,-0.3079240024089813,0.29617932438850403,-0.0710618174199827,289,0.15787465048815183,25.0,0.06921861406917233,687.7697755821598,3611.1531007404874,0.014537365362604023,1.0710618174199826,0.531748735368458,0.2874949504699187,0.3277845415146817,0.30361078688782395,0.0
1799,76.38015339188576,10.081908012935669,33.69758162000005,39.81241940000001,36.30081853625002,272,1.5491586348389783,0.19573283195495605,0.8316960334777832,0.5127892213709214,272,0.16471372765328915,-0.3021455705165863,0.1684964895248413,-0.0577010617536657,272,0.1139828025474526,1.0,0.003918307683717554,973.3269123241845,4476.578445874171,0.018021295311097824,1.0577010617536657,0.5127892213709214,0.016274432659552234,0.4063392419264867,0.172300356366326,0.0
1800,76.38471423724995,10.081908012935669,33.70099964000002,38.35634288000006,36.353004694117665,289,0.908895515167279,0.19064748287200928,0.7961986660957336,0.4752099060269788,289,0.15498082544072395,-0.3379612863063812,0.2312939614057541,-0.0635212960952706,289,0.11405654611461552,237.0,0.1177080300455548,123.37237955906922,5529.268602749091,0.022259094428772903,1.0635212960952707,0.4752099060269788,0.4888925431826855,0.5018919783522862,0.4940923172505257,0.0
1801,76.38927508261415,10.081908012935669,34.23762878000002,39.52872374000003,36.93462396588237,289,1.2082340357677264,0.13973094522953033,0.7976419925689697,0.4823592030878298,289,0.15422892427411414,-0.3718763291835785,0.2238442748785019,-0.05942383604478671,289,0.1298963001502758,201.0,0.09320188723835078,115.18312177537301,3261.0555441511815,0.013127982832782718,1.0594238360447867,0.4823592030878298,0.387107894539978,0.2960061693796137,0.3506672044758323,0.0
1802,76.39383592797834,10.081908012935669,33.48566438,39.37491283999998,36.728703044705895,289,1.4869620789563858,0.045510757714509964,0.8239619135856628,0.5233323252324827,289,0.18338546996267313,-0.4227336645126343,0.20999810099601746,-0.10494350974535034,289,0.1589899576216252,101.0,0.04752599097403656,116.88802033595131,3807.354362161384,0.01532720986443212,1.1049435097453504,0.5233323252324827,0.19739607047693986,0.3455937394980802,0.256675138085396,0.0
1803,76.39839677334254,10.081908012935669,0.0,37.101929540000015,30.29431871294119,289,11.087872717101707,0.0,0.7828077077865601,0.5622137789082775,289,0.24051805550725872,-0.294287770986557,0.17256835103034973,-0.11494753352498513,289,0.09915814910200056,31.0,0.013767879467412836,110.32287152908768,1600.6704869155037,0.006443795387311718,1.1149475335249852,0.5622137789082775,0.05718397975440702,0.14529293747254668,0.09242756284166288,0.0
1804,76.20228042268211,10.086399568810624,31.776654380000025,35.509132220000026,34.01504357914064,256,0.7219972878785019,0.018518518656492233,0.761600911617279,0.5161487460136414,256,0.14543884046974107,-0.36128851771354675,0.11659324169158936,-0.14349700510501862,256,0.09623854366771353,223.0,0.07648587879736199,85.1994112708196,6220.862088291773,0.025043232043893447,1.1434970051050186,0.5161487460136414,0.31767905544195363,0.5646679524661126,0.41647461425161725,0.0
1805,76.2068412680463,10.086399568810624,33.27374714000001,36.838742000000025,34.48651592750002,272,0.7720984669782445,0.15343375504016876,0.7524644136428833,0.5206036287195542,272,0.13676929357602077,-0.3247774839401245,0.12054329365491867,-0.1194010622361127,272,0.09082749055946722,300.0,0.1302134460610718,107.81886946106967,6387.386959214549,0.02571360874159382,1.1194010622361128,0.5206036287195542,0.540832964214432,0.579783423049462,0.556413147748444,0.0
1806,76.2114021134105,10.086399568810624,29.356696220000003,38.558006060000025,33.86779147625002,272,2.093628605964229,-0.15609756112098694,0.7141975164413452,0.44232531154856963,272,0.21576401508638854,-0.4811320900917053,0.2006056010723114,-0.1634193448459401,272,0.13184267227581756,174.0,0.08554567766865359,122.12624908169398,4635.259121779611,0.01866009374951056,1.16341934484594,0.44232531154856963,0.3553083328089708,0.4207426945489299,0.38148207750495444,0.0
1807,76.2159629587747,10.086399568810624,29.141360960000043,31.37332802000003,30.013219951250022,272,0.48055034951519454,-0.1938168853521347,0.6647361516952515,0.15968684589161591,272,0.26422726226375054,-0.5637742877006531,-0.062137529253959656,-0.3672659817863913,272,0.11283495304927797,25.0,0.007776482569126945,77.26866166436332,2599.045826409422,0.010462940151974505,1.3672659817863912,0.15968684589161591,0.03229910770543791,0.2359155152991345,0.11374567074291654,499.8664848185557
1808,76.22052380413889,10.086399568810624,28.765378760000033,30.887969180000027,29.193737090000017,272,0.3964796780531752,-0.2580288052558899,0.6585851907730103,-0.04344419872059541,272,0.2084211486139886,-0.5639810562133789,-0.0868607759475708,-0.40504085316377525,272,0.10232617558714506,5.0,0.0011239103069110685,55.83697029719688,554.3348192129761,0.0022315774422468067,1.4050408531637752,0.0,0.004668087368740527,0.050316998336096645,0.022927651755682975,999.7329696371114
1809,76.22508464950309,10.086399568810624,28.710690440000008,29.435310680000043,28.93743585500002,272,0.1546798287651991,-0.32246798276901245,0.6246106028556824,-0.2469040646272547,272,0.09066974707637286,-0.49494948983192444,-0.17694155871868134,-0.4499463474049288,272,0.03014625106819764,0.0,0.0,0.0,0.0,0.0,1.4499463474049288,0.0,0.0,0.0,0.0,1117.7951559115834
1810,76.22964549486728,10.086399568810624,28.926025700000025,30.306905780000022,29.492952068750018,272,0.3204220141321354,-0.3446601927280426,-0.21290323138237,-0.28537938174079447,272,0.019003458257415534,-0.4773218035697937,-0.37704917788505554,-0.44248362148509307,272,0.014913245739814007,0.0,0.0,0.0,0.0,0.0,1.4424836214850931,0.0,0.0,0.0,0.0,707.0123779997227
1811,76.23420634023148,10.086399568810624,29.783948720000012,32.911437019999994,31.005966267500025,272,0.8943124782694163,-0.2773892879486084,0.7972937226295471,0.2142328655018526,272,0.3917014357824184,-0.4590163826942444,-0.008410092443227768,-0.3068336318520939,272,0.1061332034414592,0.0,0.0,0.0,992.2540922424766,0.003994502550586958,1.306833631852094,0.2142328655018526,0.0,0.0900669519176779,0.03602678076707116,499.9999999999634
1812,76.23876718559568,10.086399568810624,29.336188100000015,33.810376280000014,31.247791182500016,272,1.4190894008726895,-0.253863126039505,0.7708146572113037,0.24787142697502584,272,0.3851812595163536,-0.469696968793869,0.02910921350121498,-0.31137954487520103,272,0.13114760256364888,1.0,0.000831190338561438,206.4717707462238,1465.1595667497054,0.005898271090192074,1.311379544875201,0.24787142697502584,0.0034522942770421885,0.1329926046985996,0.05526841844566516,499.9999999999634
1813,76.24332803095987,10.086399568810624,29.01147620000006,29.797620800000004,29.489471217500014,272,0.1843609042892038,-0.3341260552406311,0.25178825855255127,-0.20970967236687155,272,0.1231560372243504,-0.5231561064720154,-0.0974874347448349,-0.3803254295797909,272,0.07919746883115483,0.0,0.0,0.0,0.0,0.0,1.3803254295797909,0.0,0.0,0.0,0.0,707.0123779997227
1814,76.24788887632407,10.086399568810624,28.697018360000015,29.746350500000005,29.21521281125002,272,0.26350533204153737,-0.302752286195755,0.4976344108581543,-0.03093176378923304,272,0.17393507865656052,-0.4983534514904022,-0.0445544570684433,-0.33383885551901427,272,0.09300476376812404,0.0,0.0,0.0,0.0,0.0,1.3338388555190144,0.0,0.0,0.0,0.0,1117.7951559115834
1815,76.25244972168827,10.086399568810624,29.069582540000056,33.65998339999999,30.91830410750002,272,1.377462710919121,-0.18614718317985535,0.7446163296699524,0.19379350718329935,272,0.31067560897748514,-0.5193977952003479,0.03504273667931557,-0.27757947585161996,272,0.12683515450189004,0.0,0.0,0.0,1156.502153981309,0.004655713531397306,1.27757947585162,0.19379350718329935,0.0,0.10497575642134142,0.04199030256853657,999.7329696371114
1816,76.25701056705246,10.086399568810624,29.85572714,33.52326260000001,31.23609200375002,272,0.8581077094730221,-0.19525350630283356,0.7025279402732849,0.1255969299989588,272,0.26803192295514966,-0.5644090175628662,0.08562485873699188,-0.26598136565264535,272,0.1310236503823132,0.0,0.0,0.0,1987.881561216459,0.008002585253741123,1.2659813656526453,0.1255969299989588,0.0,0.18044010540434108,0.07217604216173644,499.8664848185557
1817,76.26157141241666,10.086399568810624,29.842055060000007,38.97158648000004,34.51448840000002,256,2.439102273697373,-0.17569060623645782,0.7594789862632751,0.4091167449951172,256,0.2428608474258727,-0.40506330132484436,0.10739057511091232,-0.13443806767463684,256,0.1285407316727903,2.0,0.0006999944890647986,86.94103802983761,4694.931164208243,0.018900314603768988,1.1344380676746368,0.4091167449951172,0.0029073809649206497,0.42615912872467926,0.1722080800688241,0.0
1818,76.26613225778085,10.086399568810624,35.27670685999999,40.42082696,37.33257049250001,272,1.1932320697186107,0.04617657884955406,0.6926560997962952,0.46868026957792397,272,0.14425633137003546,-0.24234101176261902,0.1653682142496109,-0.04568289307986989,272,0.08571988241695291,2.0,0.003270058443184115,406.1493053302364,6421.054051424537,0.025849141854286467,1.0456828930798698,0.46868026957792397,0.013581972173228719,0.5828393866368048,0.24128493795865916,0.0
1819,76.27069310314505,10.086399568810624,34.09065392000002,39.46719938000001,36.48199872875002,272,1.2541846527180414,0.08875338733196259,0.7460493445396423,0.4623241705052993,272,0.159772265828441,-0.31881871819496155,0.20126983523368835,-0.0493894570014056,272,0.11493930805617787,3.0,0.003218637367622035,266.50845414182464,5479.723908740922,0.022059643090521008,1.0493894570014055,0.4623241705052993,0.013368398125689185,0.49739480408221076,0.2069789605082978,0.0
1820,76.27525394850925,10.086399568810624,33.400213880000024,37.13952776000002,35.313299780000015,272,0.765203508342876,0.20037585496902466,0.7758533954620361,0.5185467215145335,272,0.1319015179927404,-0.36820730566978455,0.13864979147911072,-0.08606128832873176,272,0.09738435342996245,1.0,0.0022239331722105136,552.4359449151981,5352.65872175426,0.021548118655925885,1.0860612883287317,0.5185467215145335,0.009236959823467842,0.48586109091719437,0.19988661226095847,0.0
1821,76.27981479387344,10.086399568810624,32.81915048000002,35.91929462000002,34.11091071500002,272,0.7905930473068382,0.21875,0.7726505398750305,0.5801958196303424,272,0.111524886559249,-0.3429930806159973,0.09836619347333908,-0.14243633606854608,272,0.08628629038065383,0.0,0.0,0.0,4812.279123520117,0.01937272053934754,1.142436336068546,0.5801958196303424,0.0,0.43681080866393146,0.1747243234655726,0.0
1822,76.28437563923764,10.086399568810624,30.16334893999999,35.102387840000006,32.27490619250002,272,1.2494919234753659,0.020472440868616104,0.8205841183662415,0.5362201017491958,272,0.25142077185479134,-0.5231260061264038,0.04537973180413246,-0.23595916523652918,272,0.09832155214711319,1.0,0.00024257367948721332,60.25649579473527,1588.7649839591634,0.00639586758102004,1.2359591652365292,0.5362201017491958,0.0010075137866786851,0.14421227439369647,0.0582894180294858,0.0
1823,76.28893648460183,10.086399568810624,32.60723324000003,37.66932086000003,35.022328261250024,272,1.1696785734012662,0.03097265027463436,0.8009950518608093,0.5402916739968693,272,0.15138554255973086,-0.3677786886692047,0.2214471399784088,-0.11777720731847427,272,0.10819987273803153,7.0,0.030535371166119925,1083.5909250639365,4791.704469384962,0.01928989346001085,1.1177772073184742,0.5402916739968693,0.12682665116945763,0.43494324631351994,0.25007328922708255,0.0
1824,76.29349732996603,10.086399568810624,33.93342500000006,40.22258180000006,36.78968336000001,272,1.394535868711071,0.14006514847278595,0.792792797088623,0.4495843438541188,272,0.1523238292575856,-0.39028263092041016,0.16395927965641022,-0.05169331326204188,272,0.11064233544868793,13.0,0.008381444838263936,160.1532420418452,5082.322180788917,0.020459828861159247,1.0516933132620419,0.4495843438541188,0.034811778609653087,0.4613226300259019,0.20541611917615263,0.0
1825,76.29805817533023,10.086399568810624,30.532495100000006,40.198655659999986,35.725309418750015,272,2.800824630016929,-0.10781671106815338,0.7779008746147156,0.3886394220239976,272,0.2463174236943435,-0.46843549609184265,0.23145614564418793,-0.1015546672484454,272,0.13144531124294026,4.0,0.011427957507919514,709.6902217236062,3122.006132243837,0.012568213682054163,1.1015546672484453,0.3886394220239976,0.04746526814923473,0.2833846475392384,0.14183301990523622,499.8664848185557
1826,76.30261902069442,10.086399568810624,32.09794826000001,41.965772000000015,38.52483116000002,272,2.032997769974218,-0.1301843374967575,0.7306876182556152,0.3866001016953412,272,0.17947665838484825,-0.27099448442459106,0.3360130488872528,0.012774254469310535,272,0.12202950592188096,10.0,0.06610208517351315,1642.00832740841,3116.23308719126,0.012544973220394735,0.9872257455306894,0.3866001016953412,0.2745506531512781,0.2828606279607513,0.2778746430750674,499.9999999999634
1827,76.30717986605862,10.086399568810624,34.19319452000002,45.39746408000002,40.307114963750024,272,2.254632066182691,0.06791311502456665,0.7913367748260498,0.38831379834343405,272,0.17382709024991944,-0.36819636821746826,0.255058616399765,0.019309555782991296,272,0.12470529079188082,12.0,0.05536841666266553,1146.1489325799262,4210.63649788315,0.016950696763948066,0.9806904442170087,0.38831379834343405,0.22996906858209196,0.3821996784519048,0.2908613125300171,499.8664848185557
1828,76.31174071142281,10.086399568810624,30.580347380000035,40.74553886000001,35.41095210875002,272,2.84473904677807,0.1172768846154213,0.8149697780609131,0.5314113392549402,272,0.19026908487495403,-0.37731653451919556,0.22558780014514923,-0.10195528759675868,272,0.15588965946851155,0.0,0.0,0.0,2805.8734153901146,0.011295562902713673,1.1019552875967586,0.5314113392549402,0.0,0.2546892655488045,0.1018757062195218,0.0
1829,76.31630155678701,10.086399568810624,34.480308200000024,43.10739067999998,37.812664073750014,272,1.9873276342375024,0.10332749783992767,0.7832661271095276,0.43708933100980873,272,0.18440758034637308,-0.29834863543510437,0.3097238838672638,-0.0135153146351085,272,0.13234143738271684,1.0,0.0018836181232604133,467.9000119182804,4571.2460048030725,0.018402397095969004,1.0135153146351086,0.43708933100980873,0.007823483702083736,0.41493222082662284,0.1706669785518994,0.0
1830,76.3208624021512,10.086399568810624,34.43587394000002,40.58147389999999,37.35221939515627,256,1.2826826815212602,0.08064515888690948,0.771165132522583,0.4542311131954193,256,0.16347760731510141,-0.3538362979888916,0.26520681381225586,-0.0340069942176342,256,0.10544036950727737,0.0,0.0,0.0,6096.473984888835,0.024542484704889986,1.0340069942176342,0.4542311131954193,0.0,0.5533772383073989,0.2213508953229596,0.0
1831,76.3254232475154,10.086399568810624,31.933883300000048,37.28650262000002,33.96609725000002,272,1.4607673413466347,0.2522948682308197,0.8401510119438171,0.6648649327895221,272,0.13531557949239315,-0.3829593062400818,0.13172218203544617,-0.18329641398261576,272,0.109032259987459,0.0,0.0,0.0,1581.7603557721097,0.006367669153442014,1.1832964139826156,0.6648649327895221,0.0,0.14357646395455906,0.05743058558182362,0.0
1832,76.3299840928796,10.086399568810624,31.91679320000003,38.17518782000002,34.325881553750015,272,1.2946519329265878,0.1964794248342514,0.847920298576355,0.6172576231115005,272,0.1408202732407589,-0.3870859742164612,0.0910521149635315,-0.14970838322358973,272,0.11524658886906484,0.0,0.0,0.0,2954.4299451612405,0.011893604716515635,1.1497083832235897,0.6172576231115005,0.0,0.26817374893724233,0.10726949957489694,0.0
1833,76.3345449382438,10.086399568810624,30.40944638000002,40.36955666000006,34.388562008750014,272,2.5697479580432456,-0.010228166356682777,0.8268629908561707,0.48353806663961973,272,0.25794770620213653,-0.45896655321121216,0.23470191657543182,-0.16865870531867533,272,0.15079408912459763,24.0,0.022336366720751524,231.1859758486245,1951.5111910507553,0.007856169595162823,1.1686587053186752,0.48353806663961973,0.09277262670476326,0.17713876514628338,0.1265190820813713,0.0
1834,76.33910578360799,10.086399568810624,35.58774668000001,39.69620672000002,37.527196572500024,272,0.841930019974554,0.10183939337730408,0.7685855031013489,0.41260472465963927,272,0.17026091171418883,-0.30611371994018555,0.20872919261455536,-0.0241716206073761,272,0.11262463623751152,58.0,0.06041889867827616,258.7646858490631,7704.517766940181,0.031015962656835722,1.024171620607376,0.41260472465963927,0.250945912693362,0.6993394501358458,0.4303033276703555,0.0
1835,76.34366662897219,10.086399568810624,33.547188740000024,40.08927902000005,37.06781217125002,272,1.567653052644626,0.05193687230348587,0.8117542862892151,0.43036730149213004,272,0.18928331526291267,-0.3737404942512512,0.19853748381137848,-0.04847874360926011,272,0.1252455766691032,109.0,0.07019599252179344,159.97275236043714,7127.592026828646,0.028693441280111948,1.0484787436092602,0.43036730149213004,0.2915544274416169,0.6469718728177585,0.43372140559207356,0.0
1836,76.34822747433638,10.086399568810624,36.23033443999998,39.279208280000034,37.51871435375001,272,0.6259161868297515,0.09258516877889633,0.7502837777137756,0.37857381035299864,272,0.1335864865710533,-0.25868454575538635,0.2182011753320694,0.004088160746237811,272,0.08772211308294932,181.0,0.09133705605488553,125.35123885765458,8885.705914803075,0.03577105422687725,0.9959118392537621,0.37857381035299864,0.3793624411538508,0.8065559554151212,0.5502398468583589,499.8664848185557
1837,76.35278831970058,10.086399568810624,31.267369400000007,39.56632195999998,34.048318223750016,272,2.192299017368875,0.1860816925764084,0.7984392046928406,0.629819533404182,272,0.12641355483597524,-0.36273765563964844,0.18191304802894592,-0.17191119755015655,272,0.11474231351834582,7.0,0.00449533022574755,159.5231645060309,2166.786263508036,0.008722799254572948,1.1719111975501566,0.629819533404182,0.0186710577490861,0.1966792938794684,0.08987435220123903,0.0
1838,76.35734916506478,10.086399568810624,32.238087080000014,40.10636912000001,36.280863331250025,272,1.9366616190421504,0.0796968936920166,0.7935450673103333,0.49947654499727134,272,0.1585017459615366,-0.2949879765510559,0.1756928563117981,-0.04860245129641365,272,0.10719166409316114,14.0,0.013472402116893867,239.0436420972016,4949.454300458136,0.01992494461021812,1.0486024512964136,0.49947654499727134,0.055956734057641955,0.44926220610554196,0.21327892287680197,0.0
1839,76.36191001042897,10.086399568810624,35.58774668000001,47.97123313999998,40.870862071250016,272,3.124035980790173,-0.01183098554611206,0.6876927614212036,0.2539958673364976,272,0.1825043199670449,-0.23209169507026672,0.2270069122314453,0.0747696371639476,272,0.10191130447088552,28.0,0.26226123934815004,2326.6779483999558,5443.855114238749,0.02191524661763612,0.9252303628360524,0.2539958673364976,1.0,0.49413899187137755,0.797655596748551,499.8664848185557
1840,76.36647085579317,10.086399568810624,35.84751620000003,40.14054931999999,37.74700541750002,272,0.8474930108860945,0.12324393540620804,0.7081615924835205,0.38746068056891947,272,0.13888936993840317,-0.26949068903923035,0.3095961809158325,0.014360045685487636,272,0.10640631660586661,41.0,0.04152107979592231,251.56196498827953,8376.750756245761,0.03372216101002291,0.9856399543145123,0.38746068056891947,0.17245506775759922,0.7603580710703584,0.4076162690827029,499.8664848185557
1841,76.37103170115736,10.086399568810624,32.65850354000003,39.97648436000003,36.94556769125002,272,1.7400801307494802,0.07817289978265762,0.8170828223228455,0.4067095307742848,272,0.18385760030402773,-0.38056161999702454,0.32650813460350037,-0.02431454903939191,272,0.1273297001600451,68.0,0.09733018939370011,355.5485007264885,8458.126594573669,0.034049754512834624,1.024314549039392,0.4067095307742848,0.4042545253940853,0.7677445598490301,0.5496505391760632,0.0
1842,76.37559254652156,10.086399568810624,32.873838800000044,37.68641095999999,35.71678950125003,272,0.9241003131049095,0.11875152587890625,0.7866575717926025,0.5043628356036018,272,0.16224631396149816,-0.3294283449649811,0.1955297440290451,-0.06746611875646255,272,0.11404127979744574,21.0,0.012796907316304078,151.37213126151974,6517.60263352099,0.02623781604616432,1.0674661187564625,0.5043628356036018,0.05315111093372073,0.5916031061007868,0.2685319090005472,0.0
1843,76.38015339188576,10.086399568810624,33.87873668000003,39.378330860000005,36.168636508671895,256,1.1678636303445247,0.12837734818458557,0.7723487019538879,0.47080597281455994,256,0.15513203438297826,-0.3138017952442169,0.21247132122516632,-0.04606214910745621,256,0.11004944954112905,47.0,0.05726095732704581,302.6362469362395,5341.507046764231,0.021503225523673522,1.0460621491074562,0.47080597281455994,0.23782961147052054,0.4848488528392857,0.3366373080180266,0.0
1844,76.38471423724995,10.086399568810624,35.99790908,38.899808060000055,37.49514006875001,272,0.6751311799677094,0.048960138112306595,0.7694677710533142,0.3691242161919089,272,0.14049341313652053,-0.2641107439994812,0.2897660434246063,0.016484807519351736,272,0.09925617414582237,306.0,0.1764372498068046,143.22836985658213,7837.826027799752,0.03155261974112592,0.9835151924806482,0.3691242161919089,0.7328204858820931,0.7114398474180916,0.7242682304964925,499.8664848185557
1845,76.38927508261415,10.086399568810624,34.92806882000002,38.588768240000036,36.672050693750016,272,0.8420114929725547,0.018446480855345726,0.7307397127151489,0.4011815856484806,272,0.17254741950765767,-0.2823159694671631,0.29386892914772034,-0.02871645724072176,272,0.11154417434959027,127.0,0.09844895722578952,192.56067310892246,7743.427767463991,0.03117260206759838,1.0287164572407217,0.4011815856484806,0.408901253832659,0.7028713127642725,0.5264892774053045,0.0
1846,76.39383592797834,10.086399568810624,32.98321543999998,38.95449638000002,35.42565462125002,272,1.5156280036509944,0.15849056839942932,0.8171405792236328,0.5513355030732996,272,0.17561840548740446,-0.3748692572116852,0.17919687926769257,-0.10183300691492417,272,0.1319865718585951,108.0,0.047044238648324424,108.20389264178142,3982.6948342218757,0.016033075396600264,1.1018330069149243,0.5513355030732996,0.19539514395042823,0.36150940262283965,0.2618408474193928,0.0
1847,76.39839677334254,10.086399568810624,0.0,40.38322874000005,31.813653735441193,272,11.777203199625257,0.0,0.7861348390579224,0.4647971041062299,272,0.24313788283749296,-0.37204551696777344,0.17424826323986053,-0.09854029907899745,272,0.12304018821761245,112.0,0.08769954541236595,194.5089168559705,1970.8163853170458,0.007933886228774278,1.0985402990789974,0.4647971041062299,0.3642542804940621,0.1788910985630334,0.2901090077216506,0.0
1848,76.20228042268211,10.090891124685578,29.98561189999998,35.13998606000001,33.72239996375002,272,0.9056400122453598,-0.2405446320772171,0.7655139565467834,0.4785260593189913,272,0.20981482372839502,-0.37759336829185486,0.12820513546466827,-0.13329615312464096,272,0.09383886598256108,222.0,0.09562948904585726,107.00376447348755,8473.777152972294,0.03411275873315498,1.133296153124641,0.4785260593189913,0.39719077861379526,0.7691651617914098,0.5459805318848411,0.0
1849,76.2068412680463,10.090891124685578,33.44464814000003,37.45056757999998,35.234980996470604,289,0.9224885993480744,0.06139380484819412,0.7556537389755249,0.48601761656236486,289,0.1404965516570486,-0.33716094493865967,0.2837715446949005,-0.08563413257004893,289,0.10113265592826327,254.0,0.14802335982824524,144.76272074166988,6813.280061888864,0.02742812027468832,1.085634132570049,0.48601761656236486,0.6148052669717542,0.6184417605665667,0.6162598644096793,0.0
1850,76.2114021134105,10.090891124685578,29.39771245999998,35.334813199999985,32.05647076470591,289,1.878253682758703,-0.20638085901737213,0.7422703504562378,0.2935674858753244,289,0.3135363157685938,-0.5196743607521057,0.05800694227218628,-0.2536570407115052,289,0.1373833097591179,70.0,0.026384494772128824,93.62911929885851,2949.589707442994,0.011874119443477065,1.2536570407115053,0.2935674858753244,0.10958625970330274,0.26773440032558354,0.17284551595221506,499.85951283329825
1851,76.2159629587747,10.090891124685578,29.291753840000013,31.26395137999998,30.378873432941198,289,0.4432487570171801,-0.20585161447525024,0.6783517599105835,0.15752640562486483,289,0.2710658458437843,-0.568236231803894,0.04073743522167206,-0.3183891005994539,289,0.12521506935274507,31.0,0.006270066422747309,50.242430874911136,1927.7264377823387,0.007760419667459271,1.318389100599454,0.15752640562486483,0.026042307548218614,0.17497982194237185,0.08561731330587992,707.007448737215
1852,76.22052380413889,10.090891124685578,28.761960740000006,29.81812892000005,29.19971566823531,289,0.1861862796443789,-0.28738316893577576,0.631851077079773,-0.17210427782527304,289,0.15163505163141655,-0.5443037748336792,-0.06822261959314346,-0.42998008332038007,289,0.05150075587032616,1.0,0.00035817931374203954,88.97350428901767,0.0,0.0,1.42998008332038,0.0,0.0014876741675398358,0.0,0.0008926045005239014,1117.7826847288932
1853,76.22508464950309,10.090891124685578,28.796140939999987,29.78736674000004,29.2705834047059,289,0.17544983943530149,-0.30909091234207153,-0.19572953879833221,-0.2618033861206477,289,0.016716367424788405,-0.4806866943836212,-0.38061466813087463,-0.44077604617214533,289,0.01843260718008415,0.0,0.0,0.0,0.0,0.0,1.4407760461721453,0.0,0.0,0.0,0.0,999.7190256665965
1854,76.22964549486728,10.090891124685578,29.295171859999982,31.168246820000036,29.948060988235312,289,0.3802742528138192,-0.31447964906692505,0.768795907497406,-0.1531159160046429,289,0.22107267033435454,-0.4856046140193939,-0.07218479365110397,-0.3928128146795253,289,0.0931019521253361,1.0,0.00023465204423160293,58.288722611444484,0.0,0.0,1.3928128146795253,0.0,0.0009746117968587709,0.0,0.0005847670781152626,499.85951283329825
1855,76.23420634023148,10.090891124685578,30.40944638000002,33.73859786000003,32.12067986705885,289,0.8040839548225488,-0.21645021438598633,0.774958610534668,0.44135067949658036,289,0.24029335169718477,-0.47567567229270935,0.024729205295443535,-0.211610008688534,289,0.10744193555577107,1.0,0.0013957888181349008,346.7208117058618,3052.109262573315,0.012286830892746688,1.211610008688534,0.44135067949658036,0.0057973168421885145,0.2770401053004822,0.11429443222550598,0.0
1856,76.23876718559568,10.090891124685578,28.820067080000058,33.85481054000002,30.05066072352943,289,1.1552509868012282,-0.26293104887008667,0.7371290326118469,0.08075417119326476,289,0.3018882419144442,-0.5337620377540588,0.03537735715508461,-0.35313917113835425,289,0.11196212242744301,0.0,0.0,0.0,229.40294570242997,0.0009235040287408457,1.3531391711383542,0.08075417119326476,0.0,0.020822916470578146,0.00832916658823126,499.85951283329825
1857,76.24332803095987,10.090891124685578,29.31226196,29.83180100000004,29.58312526117649,289,0.09771465467894389,-0.3516090512275696,0.1776798814535141,-0.2706055426680093,289,0.08246436979804603,-0.4893617033958435,-0.1497584581375122,-0.3934253837823043,289,0.06410914954262899,0.0,0.0,0.0,0.0,0.0,1.3934253837823043,0.0,0.0,0.0,0.0,999.7190256665965
1858,76.24788887632407,10.090891124685578,28.973877979999997,29.927505559999986,29.41464880823532,289,0.23259647761712268,-0.32307693362236023,0.46048110723495483,-0.15859118134917685,289,0.17264470019215378,-0.5529841780662537,-0.06077348068356514,-0.35593517263867863,289,0.08601590727161156,0.0,0.0,0.0,0.0,0.0,1.3559351726386786,0.0,0.0,0.0,0.0,1117.7826847288932
1859,76.25244972168827,10.090891124685578,29.110598780000032,37.04040517999999,31.739221738823552,289,2.308733724545073,-0.24656084179878235,0.7464167475700378,0.25600538946765516,289,0.3231723919123164,-0.6234124898910522,0.13311928510665894,-0.252967649677633,289,0.1436672233657193,0.0,0.0,0.0,2292.1140585625144,0.009227329496290728,1.252967649677633,0.25600538946765516,0.0,0.20805530389481625,0.0832221215579265,707.007448737215
1860,76.25701056705246,10.090891124685578,30.11549666000002,37.542854120000015,33.31143997647061,289,2.10719503320085,-0.120525062084198,0.790181577205658,0.37170779746296495,289,0.2915496718448621,-0.5477044582366943,0.09855453670024872,-0.23111991486334882,289,0.149456923570182,2.0,0.0009953141199703752,123.62046288619895,3159.7742906022413,0.012720256395783532,1.2311199148633487,0.37170779746296495,0.00413397158366877,0.2868128650991156,0.1172055289898475,499.85951283329825
1861,76.26157141241666,10.090891124685578,30.66921590000004,39.42960116000006,35.64601638125002,272,1.7221847983481355,0.02697586454451084,0.7876128554344177,0.5518489164464614,272,0.1366906693028583,-0.4051140546798706,0.13947108387947083,-0.11442242650424733,272,0.1014102001583889,26.0,0.01269345524197651,121.27372123448055,5274.79940325121,0.02123468155470464,1.1144224265042473,0.5518489164464614,0.05272142956282398,0.47879379681301065,0.22315037646289868,0.0
1862,76.26613225778085,10.090891124685578,33.76936004000004,40.35246656000004,37.14982912823532,289,1.4358746029089013,-0.027225131168961525,0.7788028120994568,0.4250297678383164,289,0.18752699825855482,-0.3163451552391052,0.2457413226366043,-0.019010664269998413,289,0.11867584818009987,22.0,0.028960906699583466,327.0014433335688,4919.172895096157,0.01980304120674571,1.0190106642699983,0.4250297678383164,0.12028721680038461,0.4465135614770544,0.2507777546710525,0.0
1863,76.27069310314505,10.090891124685578,33.54035270000003,38.59560428000003,36.31476781294119,289,0.9068456503467279,0.16096830368041992,0.7617582678794861,0.4867577998283413,289,0.13362234813463103,-0.30211836099624634,0.1410241723060608,-0.0581245950349062,289,0.08892473866932837,0.0,0.0,0.0,5598.067107631916,0.022536055547280293,1.0581245950349063,0.4867577998283413,0.0,0.5081368219661689,0.20325472878646758,0.0
1864,76.27525394850925,10.090891124685578,34.68880741999999,37.676156900000024,35.917213057647075,289,0.5672093541995886,0.18888737261295319,0.7448509335517883,0.49477647827570825,289,0.12586593942232857,-0.3173496127128601,0.13240212202072144,-0.060425425070792335,289,0.08673908673463977,6.0,0.0034671732391979176,143.54381601292724,6439.436463747207,0.02592314365834343,1.0604254250707923,0.49477647827570825,0.01440067548416535,0.5845079590919258,0.24244358892726953,0.0
1865,76.27981479387344,10.090891124685578,31.759564280000006,37.94276246000004,35.11186131411767,289,1.0933255116195995,0.09111235290765762,0.7900225520133972,0.53083616474508,289,0.1322844669140791,-0.38664141297340393,0.20238181948661804,-0.09753229213833396,289,0.10080105759158946,0.0,0.0,0.0,2434.2953611714915,0.009799706652865404,1.097532292138334,0.53083616474508,0.0,0.220961107605572,0.08838444304222881,0.0
1866,76.28437563923764,10.090891124685578,30.009538040000052,35.22885458000002,32.580468605882366,289,1.5019879461758672,-0.06430868059396744,0.8280737996101379,0.4997922375952909,289,0.2714119795075099,-0.4880133867263794,0.10989440977573395,-0.1932724421412062,289,0.10264117636749928,1.0,0.0001354712261861723,33.65171929720849,2458.95201710511,0.009898966586168572,1.1932724421412062,0.4997922375952909,0.0005626708073578517,0.22319919345655104,0.08961727986703513,0.0
1867,76.28893648460183,10.090891124685578,34.022293520000005,37.46765768,35.404474576470605,289,0.885202086121121,0.1155422031879425,0.7609420418739319,0.5220884435317096,289,0.11941394305284675,-0.31003496050834656,0.1520276814699173,-0.07374395878669712,289,0.09448020944389458,4.0,0.008741448320699721,542.854695828514,4099.535832310512,0.016503440465917743,1.073743958786697,0.5220884435317096,0.03630702934160857,0.3721150656673526,0.17063024387190617,0.0
1868,76.29349732996603,10.090891124685578,30.658961840000018,39.016020740000044,36.04778378705884,289,1.461401201644791,0.023839397355914116,0.7873945832252502,0.483454245597021,289,0.17139514963313962,-0.4348832964897156,0.23520000278949738,-0.08298110961914062,289,0.1229477406583593,1.0,0.004045927930300034,1005.0284096497658,4175.309013582017,0.01680847943549364,1.0829811096191406,0.483454245597021,0.016804494940682615,0.3789930009941865,0.16167989736208416,0.0
1869,76.29805817533023,10.090891124685578,30.207783199999994,38.86562786000002,34.03626127647061,289,2.316074108953441,-0.050554871559143066,0.8153403401374817,0.46801335423875434,289,0.247543535095425,-0.48355403542518616,0.2351670265197754,-0.15748329558586993,289,0.13228072926851586,0.0,0.0,0.0,2207.9354110004156,0.008888452766005,1.15748329558587,0.46801335423875434,0.0,0.20041440398647103,0.08016576159458842,0.0
1870,76.30261902069442,10.090891124685578,30.973419680000006,40.15422139999998,35.797322162352955,289,2.4016371530997955,0.05708469823002815,0.7981163859367371,0.5431842737956856,289,0.170765155607555,-0.37954095005989075,0.2539915144443512,-0.10236374482151546,289,0.14454856141067798,0.0,0.0,0.0,1896.3272059371116,0.007634016246528273,1.1023637448215156,0.5431842737956856,0.0,0.17212971214996498,0.06885188485998599,0.0
1871,76.30717986605862,10.090891124685578,30.874297100000035,39.24161006000003,33.83073064823532,289,2.1088338181110537,0.11587982624769211,0.8149138689041138,0.6304428998161765,289,0.13313208469600832,-0.39129748940467834,0.16720667481422424,-0.20121857534230375,289,0.12647981973945094,1.0,0.000464667760920396,115.42575864387963,586.7826446124832,0.0023622021706633037,1.2012185753423037,0.6304428998161765,0.001929966912906938,0.05326228901611377,0.022462895754189673,0.0
1872,76.31174071142281,10.090891124685578,30.282979640000008,38.19569594000001,33.29016309764708,289,1.9977241240367933,0.170634925365448,0.804659903049469,0.6225204731766328,289,0.15399548239211236,-0.36514946818351746,0.19703389704227448,-0.1733787827013273,289,0.13248592025302405,0.0,0.0,0.0,2259.7894778638074,0.009097200912234373,1.1733787827013273,0.6225204731766328,0.0,0.20512120014224833,0.08204848005689934,0.0
1873,76.31630155678701,10.090891124685578,31.32547574,39.32364254000004,36.44448699411767,289,2.2442063882957823,0.10871841013431549,0.8237687945365906,0.4674166247093966,289,0.186425917967581,-0.39772552251815796,0.2375752180814743,-0.05127728274124304,289,0.14767533259692525,8.0,0.01206702033837461,374.68840488554684,5053.122935298931,0.02034228189259864,1.051277282741243,0.4674166247093966,0.050119573486889266,0.45867221310130607,0.213540629332656,0.0
1874,76.3208624021512,10.090891124685578,32.93536316000001,37.95985256000006,35.354165225000024,272,1.5278699081345828,0.17814579606056213,0.8224901556968689,0.5531868654138902,272,0.160483680008335,-0.3786163628101349,0.1686325967311859,-0.0858153174905216,272,0.1060711321268572,1.0,0.003492279392108748,867.4993880188632,2883.5640784475004,0.011608321050214145,1.0858153174905216,0.5531868654138902,0.014504952235219283,0.2617412507900326,0.1133994716571446,0.0
1875,76.3254232475154,10.090891124685578,32.05009598000004,37.66248482000003,34.43853502823531,289,1.3307456779348024,0.22032226622104645,0.835685670375824,0.649792153117566,289,0.11612431531800761,-0.37945225834846497,0.1195729523897171,-0.1605256024528952,289,0.10582587786201655,15.0,0.004623394395025585,76.56492809667394,1849.8332381527666,0.007446846171490589,1.1605256024528952,0.649792153117566,0.019202963833867957,0.167909452446696,0.07868555927899919,0.0
1876,76.3299840928796,10.090891124685578,31.961227460000032,39.197175800000025,34.3986187047059,289,1.4000336946246201,0.18049569427967072,0.8273350596427917,0.643311233256515,289,0.12241431161322845,-0.40076160430908203,0.10846832394599915,-0.14476443492005028,289,0.10434760532656594,0.0,0.0,0.0,2510.3911791999753,0.010106044456438302,1.1447644349200503,0.643311233256515,0.0,0.227868328686433,0.09114733147457321,0.0
1877,76.3345449382438,10.090891124685578,30.368430139999987,39.511633640000014,34.20161538588237,289,2.1615385414923436,0.04049844294786453,0.8436070680618286,0.520727348987619,289,0.21232648941100446,-0.3811870515346527,0.14527742564678192,-0.16471250329463127,289,0.10640383148803681,0.0,0.0,0.0,1510.016677890066,0.006078851695767794,1.1647125032946313,0.520727348987619,0.0,0.13706428684516966,0.05482571473806787,0.0
1878,76.33910578360799,10.090891124685578,32.26201322000003,38.151261680000005,36.338303660000015,289,1.3588970572459276,0.0479896254837513,0.7636904716491699,0.41205179815061366,289,0.15581994431354118,-0.3233511447906494,0.19572506844997406,-0.04301525894745824,289,0.10832738785682207,4.0,0.005260772846879833,326.70046642651295,5395.689629684224,0.021721347542381624,1.0430152589474582,0.41205179815061366,0.021850273216042382,0.4897670085100795,0.20901696733365724,0.0
1879,76.34366662897219,10.090891124685578,31.732220120000022,40.28410616000002,37.35016767764707,289,2.239704344883049,0.043396227061748505,0.7886528372764587,0.38717918000006757,289,0.19628495669670143,-0.39514824748039246,0.3512752950191498,-0.02335567210372344,289,0.14541648067790025,37.0,0.05617994471532256,377.1722906248665,2982.41850446781,0.012006277843702926,1.0233556721037234,0.38717918000006757,0.23333969685081787,0.2707142718184459,0.2482895268378691,499.85951283329825
1880,76.34822747433638,10.090891124685578,36.281604740000034,39.17324966000001,37.79182553529413,289,0.6288324569359328,0.00147058826405555,0.682102620601654,0.33588322306174306,289,0.1331046393579487,-0.2212982177734375,0.23199152946472168,0.027990235589367297,289,0.08604971842803658,48.0,0.04866538575000686,251.84836091119078,7872.4808626198665,0.031692129194562664,0.9720097644106327,0.33588322306174306,0.20212847156714248,0.7145854684499025,0.40711127032024647,499.85951283329825
1881,76.35278831970058,10.090891124685578,31.366491979999978,38.54775200000006,36.48882663764708,289,1.6591548149389077,0.11462107300758362,0.7996536493301392,0.4411419403181769,289,0.16171144169427598,-0.38168421387672424,0.15878339111804962,-0.046483703138094044,289,0.11664429540626339,26.0,0.011638330798323923,111.19302490649746,8083.305853605358,0.03254084422713642,1.046483703138094,0.4411419403181769,0.0483390397425892,0.7337220630727795,0.32249224907466534,0.0
1882,76.35734916506478,10.090891124685578,31.5749912,38.28456446000001,35.15866098588237,289,1.8390042545142058,0.12379888445138931,0.821084201335907,0.5545979008130136,289,0.1865772555738538,-0.36910513043403625,0.17478685081005096,-0.11000372546766868,289,0.13931455502392984,110.0,0.0711258138747528,160.61820188560222,5305.730661881428,0.02135920106281979,1.1100037254676687,0.5545979008130136,0.2954163791349545,0.4816014286540698,0.3698903989426007,0.0
1883,76.36191001042897,10.090891124685578,32.89776494,41.40521672,37.34201883411767,289,1.9529682087466729,0.09528541564941406,0.8423672318458557,0.450102281405439,289,0.18795415007296798,-0.4209938645362854,0.2866547107696533,-0.04376279441543104,289,0.13530282477020256,105.0,0.09616882645371863,227.51247409085636,7156.634008841427,0.02881035515542989,1.043762794415431,0.450102281405439,0.3994308809828593,0.6496080149289265,0.4995017345612862,0.0
1884,76.36647085579317,10.090891124685578,33.174624559999984,39.95597624000004,35.851277204705895,289,1.525072744928679,0.08936890959739685,0.8321917653083801,0.5073105967168577,289,0.17353056134448058,-0.40944018959999084,0.248165562748909,-0.06418291507707748,289,0.13042782502770137,48.0,0.039912183274632564,206.54964063655527,5310.428229761754,0.02137811199201244,1.0641829150770774,0.5073105967168577,0.16577262211895671,0.4820278271176439,0.2922747041184316,0.0
1885,76.37103170115736,10.090891124685578,32.43291422000004,39.90812396000001,35.140861262352956,289,1.383280745873037,0.017604418098926544,0.8189120888710022,0.5800614934479077,289,0.1378375425046464,-0.33791491389274597,0.2041538506746292,-0.10916910534499014,289,0.10230047726933006,9.0,0.006905083781990615,190.58408826151896,3024.9197376956417,0.01217737442658321,1.1091691053449901,0.5800614934479077,0.028679810287882697,0.2745721108130143,0.12703673049793535,0.0
1886,76.37559254652156,10.090891124685578,32.036423900000045,40.30461428000001,34.27327553529414,289,1.7077852097459216,0.23349633812904358,0.8231552243232727,0.6505403617674091,289,0.1354212919288499,-0.3741140067577362,0.18098904192447662,-0.1540070372056796,289,0.11680660841516616,3.0,0.002374027228277589,196.5733490400335,2817.923565322362,0.011344073012186272,1.1540070372056797,0.6505403617674091,0.009860365590762036,0.25578305824064995,0.10822944265071721,0.0
1887,76.38015339188576,10.090891124685578,33.400213880000024,36.954954680000014,35.17593810125002,272,0.9204233369233662,0.08222395926713943,0.8066838979721069,0.5323979994829964,272,0.16865683959184244,-0.3632836639881134,0.20649106800556183,-0.0990847629659316,272,0.11497177471704503,40.0,0.048860479255252956,303.42958776449757,5482.540018120308,0.022070979860191835,1.0990847629659317,0.5323979994829964,0.20293877958012405,0.49765042246670627,0.32082343673475694,0.0
1888,76.38471423724995,10.090891124685578,33.26007506000002,43.585913480000045,37.22838445294119,289,1.997470649506254,-0.02987479791045189,0.7762177586555481,0.36154520635373866,289,0.20411078374328903,-0.241154283285141,0.24400536715984344,0.03010834294619445,289,0.13370860719213062,231.0,0.11118201740730091,119.559135492741,4453.725709611328,0.017929297390400403,0.9698916570538055,0.36154520635373866,0.4617871799009832,0.4042648979512241,0.4387782671210796,499.85951283329825
1889,76.38927508261415,10.090891124685578,32.86358474000002,39.97990238,36.800457810588256,289,1.7731338835810708,0.002358490601181984,0.7552991509437561,0.4434021946468155,289,0.18403655765621885,-0.2859450578689575,0.24453727900981903,0.004916669588187986,289,0.14273257074346116,41.0,0.02474411166749943,149.91607596816118,1415.9371810146663,0.005700117263564629,0.995083330411812,0.4434021946468155,0.10277303661643435,0.1285246863660564,0.11307369651628317,0.0
1890,76.39383592797834,10.090891124685578,34.8221102,39.62101028000001,37.04706381411767,289,1.0358424699063884,-0.01663585938513279,0.7694300413131714,0.44747718890233024,289,0.1600473913238306,-0.26907798647880554,0.2366315722465515,-0.02106158213631917,289,0.11091160780912487,283.0,0.11354686382059874,99.66643034035171,3682.9557127577937,0.01482642007055059,1.0210615821363191,0.44747718890233024,0.4716094135819494,0.3343020680783777,0.4166864753805207,0.0
1891,76.39839677334254,10.090891124685578,0.0,41.179627400000015,32.275492990588255,289,11.868105759576366,0.0,0.777534008026123,0.4200822770801795,289,0.22805150924851725,-0.3528740108013153,0.20841720700263977,-0.04906423034139983,289,0.11837829907339958,243.0,0.10880807364626648,111.22823450772448,3543.4224087028865,0.014264702922396014,1.0490642303413997,0.4200822770801795,0.45192716098591323,0.3216366233243772,0.39981094592129884,0.0
1892,76.20228042268211,10.095382680560533,29.845473080000033,34.61361098000003,33.03645864125002,272,1.2490542920779522,-0.21929824352264404,0.7982860803604126,0.49294045392204733,272,0.23782050526273865,-0.382488489151001,0.09253320842981339,-0.16643526974846334,272,0.09160080200686799,203.0,0.08419583378549025,103.02787919443718,6418.1282400864675,0.025837363459071144,1.1664352697484635,0.49294045392204733,0.34970184522538017,0.5825738106002166,0.4428506313753148,0.0
1893,76.2068412680463,10.095382680560533,32.54229085999998,36.900266360000046,34.5577044729412,289,0.9647645803953832,0.14626429975032806,0.7510775923728943,0.4938670227684364,289,0.14944629979993163,-0.298954039812088,0.18183720111846924,-0.10661589150610266,289,0.09889681508293977,219.0,0.11883163420458635,134.78704455865494,6981.185864227257,0.028104056167462813,1.1066158915061026,0.4938670227684364,0.4935593589863905,0.6336825783612648,0.5496086467363401,0.0
1894,76.2114021134105,10.095382680560533,29.15161502000001,34.165850360000036,30.84481224235296,289,1.6062574003273877,-0.19311663508415222,0.7141271233558655,0.13498154478502108,289,0.2705716452993115,-0.5301668643951416,0.02929532900452614,-0.30632842700786655,289,0.13334946874261244,53.0,0.019176134317076984,89.87634223438093,3416.1857033378606,0.013752488008814507,1.3063284270078666,0.13498154478502108,0.07964680974662681,0.31008734142786565,0.17182302241912234,499.85253777621693
1895,76.2159629587747,10.095382680560533,28.95336986000001,31.633097539999994,30.078773642352957,289,0.6304406482730305,-0.2633879780769348,0.6893986463546753,0.06503800784840304,289,0.27766891976946717,-0.550000011920929,0.04128585010766983,-0.30855063996100507,289,0.13379500770038646,24.0,0.006518759408251882,67.47049661031029,1663.0758033093075,0.006695019541945206,1.308550639961005,0.06503800784840304,0.027075237469040246,0.15095747105823906,0.07662813090471977,999.7050755524339
1896,76.22052380413889,10.095382680560533,29.199467300000038,29.534433260000014,29.302173478823548,289,0.060444308287664214,-0.31448763608932495,-0.18501701951026917,-0.24671181015489835,289,0.023808593353153985,-0.4989010989665985,-0.37704917788505554,-0.4473012112416198,289,0.01988370769978043,0.0,0.0,0.0,0.0,0.0,1.4473012112416197,0.0,0.0,0.0,0.0,1414.0050346746123
1897,76.22508464950309,10.095382680560533,29.237065519999987,32.55938096,29.95294556352943,289,0.726997798892313,-0.3052884638309479,0.7055931091308594,-0.14046389833866108,289,0.24003894164904443,-0.49482402205467224,-0.05494505539536476,-0.39387105657980104,289,0.09023994654112238,2.0,0.00041146008465346365,51.10435500057986,283.6368739199561,0.0011418327474500434,1.3938710565798011,0.0,0.001708972337117043,0.025745732756510934,0.0113236765048746,999.7050755524339
1898,76.22964549486728,10.095382680560533,29.67115406000005,32.97637940000004,30.57378336235296,289,0.7543354055830432,-0.2366071492433548,0.7359344363212585,0.1854394694925592,289,0.2732722972854943,-0.5044971108436584,-0.0009474182734265924,-0.2815739984743323,289,0.10420647374118996,8.0,0.001708377134941735,53.0461609978922,671.995434916485,0.002705242034013938,1.2815739984743324,0.1854394694925592,0.0070956318094319865,0.060997058111131215,0.02865620233011168,499.85253777621693
1899,76.23420634023148,10.095382680560533,29.349860180000007,33.47541032000004,31.720180174117672,289,0.9602978396525147,-0.17014925181865692,0.7808577418327332,0.4551454959856185,289,0.2567329369881061,-0.5047361254692078,0.10294117778539658,-0.22578461854928092,289,0.11295912959540344,0.0,0.0,0.0,2944.4815911805044,0.011853555775764598,1.225784618549281,0.4551454959856185,0.0,0.2672707363655148,0.10690829454620593,0.0
1900,76.23876718559568,10.095382680560533,28.826903119999997,30.911895319999985,29.34298865882354,289,0.3563136608314503,-0.27650272846221924,0.6044520735740662,-0.045070981484383446,289,0.17167971417425382,-0.6290463805198669,-0.04209541529417038,-0.3497314453125,289,0.08935934527640191,0.0,0.0,0.0,0.0,0.0,1.3497314453125,0.0,0.0,0.0,0.0,499.85253777621693
1901,76.24332803095987,10.095382680560533,29.41480256,29.86598120000002,29.65296404352943,289,0.11611333766916233,-0.3253588378429413,0.5892499089241028,-0.18997297979968641,289,0.15414683823389155,-0.47750866413116455,-0.08240887522697449,-0.3516562174760759,289,0.08057038868954357,0.0,0.0,0.0,0.0,0.0,1.351656217476076,0.0,0.0,0.0,0.0,999.7050755524339
1902,76.24788887632407,10.095382680560533,29.069582540000056,34.09065392000002,29.90454923882355,289,0.783301962382855,-0.30465948581695557,0.7360405921936035,-0.015098646025344163,289,0.22261451631980506,-0.5456953644752502,-0.07488151639699936,-0.3166767107161684,289,0.09193741657891379,0.0,0.0,0.0,0.0,0.0,1.3166767107161683,0.0,0.0,0.0,0.0,999.7050755524339
1903,76.25244972168827,10.095382680560533,29.168705120000027,36.65416892000002,33.4478532729412,289,1.7314365091558364,-0.18018966913223267,0.7527065277099609,0.3888014427105861,289,0.25913892985212883,-0.5452380776405334,0.23694778978824615,-0.16122374485108268,289,0.13315928606406566,0.0,0.0,0.0,3956.087875637889,0.015925964158906195,1.1612237448510827,0.3888014427105861,0.0,0.3590942877060105,0.1436377150824042,499.85253777621693
1904,76.25701056705246,10.095382680560533,30.867461059999982,37.16003588000001,34.27198638588237,289,1.3702000502330414,-0.11219511926174164,0.7580103278160095,0.49194420415224915,289,0.21501521434233994,-0.5520949363708496,0.16465497016906738,-0.16723069187679093,289,0.12135219736204444,35.0,0.017077357397638628,121.2028463612488,5283.103128659934,0.021268109738658572,1.167230691876791,0.49194420415224915,0.0709296781684309,0.4795475263697565,0.23437681744896116,0.0
1905,76.26157141241666,10.095382680560533,33.99494936000002,37.87440206000002,35.462398336250025,272,0.8266227016737446,0.2382388412952423,0.7560188174247742,0.5439117656034582,272,0.11311295092414236,-0.31269827485084534,0.077659472823143,-0.10316305300768684,272,0.07910171444302753,124.0,0.0561717551158079,112.5269388410972,6586.761193315226,0.026516226632376835,1.1031630530076868,0.5439117656034582,0.23330568188911288,0.5978806319163832,0.379135661900021,0.0
1906,76.26613225778085,10.095382680560533,34.72982366000002,41.357364440000026,37.593745954117665,289,1.5601921041941602,0.06537356227636337,0.7880843281745911,0.4542301798361808,289,0.19847107025121488,-0.3403875231742859,0.4056476950645447,-0.042854124287008,289,0.12357727582469642,40.0,0.022707986980023978,141.01939304186186,5039.07660084471,0.02028573577276659,1.042854124287008,0.4542301798361808,0.0943161269535025,0.4573972266439069,0.23954856682966427,0.0
1907,76.27069310314505,10.095382680560533,33.786450140000056,40.82757134000002,36.72077891529413,289,1.2245881816660482,0.17433343827724457,0.7618170380592346,0.5214503727157224,289,0.13222888250295806,-0.27379530668258667,0.16287533938884735,-0.061224716344919175,289,0.10447003874463272,1.0,0.0009342722791580002,232.07783210127414,6218.206372146846,0.025032540966882542,1.061224716344919,0.5214503727157224,0.0038804383218873514,0.5644268929832621,0.22809902018643727,0.0
1908,76.27525394850925,10.095382680560533,34.562340680000034,40.64299826000001,36.35295738588237,289,1.1385269852699924,0.19366377592086792,0.7257079482078552,0.5184584884907547,289,0.11248823786391739,-0.2783302664756775,0.17187878489494324,-0.061674190640037034,289,0.08741043048183267,1.0,0.00032973958724913073,81.90893626397062,5671.402837703698,0.02283128210579098,1.061674190640037,0.5184584884907547,0.001369551638370355,0.5147935097297796,0.20673913487493403,0.0
1909,76.27981479387344,10.095382680560533,31.759564280000006,36.578972480000004,34.866733692941196,289,1.0299465482300256,0.18356481194496155,0.7738540768623352,0.5288252781006704,289,0.14596389594836615,-0.38544878363609314,0.1519477367401123,-0.09798121864820435,289,0.10441639657689288,0.0,0.0,0.0,5850.050261175291,0.023550460383101306,1.0979812186482043,0.5288252781006704,0.0,0.5310093449939802,0.2124037379975921,0.0
1910,76.28437563923764,10.095382680560533,29.763440600000024,35.5569845,32.02375712000002,289,1.6186421431771967,-0.023751024156808853,0.8302204012870789,0.5272816588721886,289,0.2761110321858395,-0.501259446144104,0.13527065515518188,-0.24146093876716587,289,0.10919340536099366,0.0,0.0,0.0,1442.9464708933483,0.005808848160371627,1.2414609387671658,0.5272816588721886,0.0,0.13097632091395348,0.05239052836558139,0.0
1911,76.28893648460183,10.095382680560533,30.13258675999998,36.924192500000004,33.417528694117664,289,1.7927996713793466,-0.07832898199558258,0.8211179971694946,0.4540190911210532,289,0.2500563500569592,-0.48393914103507996,0.13181504607200623,-0.15128573249368107,289,0.12308498194979595,0.0,0.0,0.0,2617.2442484947974,0.010536201269267962,1.1512857324936812,0.4540190911210532,0.0,0.23756738695152227,0.09502695478060891,0.0
1912,76.29349732996603,10.095382680560533,30.071062400000017,38.33925278000004,33.26054814235296,289,2.065791226485458,-0.04728132486343384,0.8209164142608643,0.4145060608543739,289,0.27060656361311114,-0.39393940567970276,0.18400000035762787,-0.180342136369857,289,0.12421450423047843,5.0,0.009807686559316298,487.25552184129367,3130.885218323386,0.012603958086908654,1.180342136369857,0.4145060608543739,0.04073557957657677,0.28419060261188756,0.1381175887907011,0.0
1913,76.29805817533023,10.095382680560533,30.08131646000004,35.73130351999998,33.27932951176473,289,0.9297881196281442,0.08972691744565964,0.8267437815666199,0.6615857715012705,289,0.13202587787641232,-0.42746514081954956,0.0642927810549736,-0.21570991067325368,289,0.10610021123680333,0.0,0.0,0.0,1907.7884037351043,0.007680155420148003,1.2157099106732536,0.6615857715012705,0.0,0.17317004562811458,0.06926801825124583,0.0
1914,76.30261902069442,10.095382680560533,30.857207000000017,39.09805322,35.046516814117666,289,2.0835680013068782,0.11449041962623596,0.7994434833526611,0.5836349012117484,289,0.15066211918010075,-0.34425246715545654,0.1687743216753006,-0.1319761045251338,289,0.11731440108364542,2.0,0.0007186464947401241,89.25766303201117,2684.980421592928,0.010808885774499878,1.1319761045251338,0.5836349012117484,0.002984850840905649,0.24371580265795606,0.09927723156772582,0.0
1915,76.30717986605862,10.095382680560533,30.717068180000012,38.35634288000006,33.827052432941194,289,1.9688890893252327,0.16977225244045258,0.7963005304336548,0.6028404895822069,289,0.14011302231221398,-0.35645589232444763,0.1415199488401413,-0.14846620922682607,289,0.11559664273497856,0.0,0.0,0.0,2404.884601054451,0.009681308193014548,1.148466209226826,0.6028404895822069,0.0,0.21829149148805388,0.08731659659522156,0.0
1916,76.31174071142281,10.095382680560533,33.62238518000004,39.115143320000016,36.70715414352943,289,1.3350902423316084,0.16970138251781464,0.7500582933425903,0.454133558438311,289,0.13111223421290363,-0.2737276554107666,0.16677425801753998,-0.03419792610881238,289,0.09905458502224046,0.0,0.0,0.0,6376.211692628964,0.025668620637005885,1.0341979261088123,0.454133558438311,0.0,0.5787690435612842,0.2315076174245137,0.0
1917,76.31630155678701,10.095382680560533,31.762982300000033,39.41251106000004,35.87678817058825,289,2.2313101184097652,-0.014512019231915474,0.7730192542076111,0.466665881727806,289,0.21683487731941103,-0.33940234780311584,0.3605639636516571,-0.06269231882062337,289,0.14819800250591145,7.0,0.032734948502740384,1161.6460444195102,4850.349907963428,0.01952598153040878,1.0626923188206234,0.466665881727806,0.13596245063540055,0.44026649560816444,0.2576840686245061,0.0
1918,76.3208624021512,10.095382680560533,35.98423700000001,38.97158648000004,37.30776471500002,272,0.5991985573682328,0.11043872684240341,0.6975176930427551,0.4110947777243221,272,0.12533107405178978,-0.19430950284004211,0.21479439735412598,0.0018260601688833797,272,0.08303082057445171,17.0,0.009348334419468045,136.59836923514013,6755.044405844218,0.027193681859745914,0.9981739398311166,0.4110947777243221,0.038827690745373775,0.6131557072523257,0.2685588973481546,0.0
1919,76.3254232475154,10.095382680560533,33.054993860000025,38.04188504000001,36.02661335176473,289,1.3299263705926239,0.20831024646759033,0.8141154646873474,0.5629491047050713,289,0.16689009580470265,-0.36874136328697205,0.21360039710998535,-0.09144349411697124,289,0.13593994454797212,70.0,0.023064842736698066,81.84886354105736,3947.329179438252,0.01589070440580183,1.0914434941169713,0.5629491047050713,0.09579830381401283,0.3582992604285806,0.20079868645983995,0.0
1920,76.3299840928796,10.095382680560533,33.60529508000002,38.24354821999998,35.73317219529414,289,1.0147948079082372,0.11489520967006683,0.7841269969940186,0.5611666247093966,289,0.14485467355389606,-0.2953267991542816,0.11951909214258194,-0.1036049799935628,289,0.09900124520587036,15.0,0.008147455347752436,134.9245337024887,3733.69880388227,0.015030695778261006,1.1036049799935628,0.5611666247093966,0.03383991868599354,0.33890802091262995,0.1558671595766481,0.0
1921,76.3345449382438,10.095382680560533,31.284459500000025,38.43153932000001,34.50104103411767,289,1.870324917075158,0.06741572916507721,0.8469288945198059,0.5377860415765571,289,0.18699751221934452,-0.3804130554199219,0.14674361050128937,-0.13101350724903357,289,0.1237715755296771,11.0,0.007015763887599117,158.4318433901406,3168.602539508116,0.01275579614618359,1.1310135072490335,0.5377860415765571,0.029139512810214666,0.2876142056790528,0.13252938995774993,0.0
1922,76.33910578360799,10.095382680560533,32.214160940000056,37.46765768,34.62196088352944,289,1.2131540097341729,0.10353227704763412,0.8217270374298096,0.5453378221980428,289,0.17920572632605197,-0.36044490337371826,0.19464176893234253,-0.14281347466175118,289,0.10898468155335761,0.0,0.0,0.0,4137.846767019398,0.016657668226333588,1.142813474661751,0.5453378221980428,0.0,0.3755925510628004,0.15023702042512016,0.0
1923,76.34366662897219,10.095382680560533,31.83476072000002,38.84170172000006,35.96510081882355,289,1.5773736006221182,0.04637681320309639,0.7698040008544922,0.45273196738483995,289,0.18491703341760465,-0.3458227813243866,0.21120186150074005,-0.09643080160279588,289,0.1074161369583271,10.0,0.02026736605818643,503.4513473337678,2977.566097702332,0.011986743581911792,1.096430801602796,0.45273196738483995,0.08417916884656415,0.2702738186217816,0.15861702875665115,0.0
1924,76.34822747433638,10.095382680560533,35.49546013999998,39.07412708000004,37.07764858823531,289,1.01537575109378,0.038243088871240616,0.7540169358253479,0.4199000691872567,289,0.15962495504515065,-0.3085961639881134,0.20382408797740936,-0.019844441265383393,289,0.10254555160903589,10.0,0.010973883541507645,272.5966678943113,7088.1089707775855,0.028534494928230954,1.0198444412653833,0.4199000691872567,0.045579301863449176,0.643387993911422,0.2847027786826383,0.0
1925,76.35278831970058,10.095382680560533,33.03448574000004,38.13075356000002,36.05516387176473,289,1.2209005247677989,0.14805825054645538,0.8261785507202148,0.4987144602211289,289,0.17425443218331643,-0.36241281032562256,0.20144441723823547,-0.07227062766527222,289,0.11974925469395732,10.0,0.007326639492706308,181.99733075536352,5490.647804785396,0.022103619256457884,1.0722706276652723,0.4987144602211289,0.030430714142319966,0.49838636665422076,0.21761297514708028,0.0
1926,76.35734916506478,10.095382680560533,33.07550198000001,39.84318158000002,36.92582463411767,289,1.625117895858919,0.0994945839047432,0.8142589330673218,0.4449401116288657,289,0.1865623228919465,-0.36522069573402405,0.18498583137989044,-0.03726338515232178,289,0.12415783809292089,18.0,0.015196057308634797,209.70974565793404,7692.789544644852,0.03096874852666603,1.0372633851523219,0.4449401116288657,0.06311582226882119,0.698274878831165,0.3171794448937587,0.0
1927,76.36191001042897,10.095382680560533,32.757626120000054,42.20845142000002,36.65575374588237,289,2.106921965810501,0.015613099560141563,0.8417823314666748,0.507233405195718,289,0.1722324731063721,-0.40582215785980225,0.275761216878891,-0.02538866320283355,289,0.14026179123321167,66.0,0.056136129798051555,211.2801653339055,4367.7186666536945,0.017583060115947565,1.0253886632028335,0.507233405195718,0.2331577144803231,0.39645803450444295,0.29847784248997106,0.0
1928,76.36647085579317,10.095382680560533,34.165850360000036,42.50581915999999,36.87606819764707,289,1.467484796378041,0.1551964282989502,0.7509333491325378,0.47087836348061746,289,0.132058020233265,-0.26383838057518005,0.2855479419231415,-0.011750964557423312,289,0.10242176304710356,31.0,0.017221144470965424,137.99409804182358,6313.546680885529,0.025416351030663416,1.0117509645574234,0.47087836348061746,0.07152688829868561,0.5730809374161523,0.2721485079456723,0.0
1929,76.37103170115736,10.095382680560533,31.88603102000002,37.99745078000001,34.73702633882355,289,1.5504370544621309,0.2216981202363968,0.7804580330848694,0.5774733599494485,289,0.1265629541942733,-0.6541717052459717,0.1746974140405655,-0.18980647948373972,289,0.17897282121841518,22.0,0.014755005893717633,166.60073089874547,2373.043730368435,0.009553126873166567,1.1898064794837397,0.5774733599494485,0.061283944292189314,0.21540129411672007,0.12293088422200162,0.0
1930,76.37559254652156,10.095382680560533,31.328893760000028,37.35828104000001,34.02776944823531,289,1.4497962345872546,0.28322747349739075,0.8516897559165955,0.7196167414576125,289,0.11646418387604424,-0.48668280243873596,0.1991485357284546,-0.22626785753507514,289,0.13974598259608612,4.0,0.0014153157088043792,87.89284686211111,1545.4332867216,0.006221427811519537,1.2262678575350752,0.7196167414576125,0.005878420495322094,0.1402790541408207,0.05963867395352154,0.0
1931,76.38015339188576,10.095382680560533,31.492958720000047,37.39929728000004,34.37662407125002,272,1.3085378053585828,0.1974399983882904,0.8454006314277649,0.6026389739092659,272,0.14477888843283826,-0.44852215051651,0.17903733253479004,-0.12084277938393985,272,0.12020083183557416,19.0,0.009939275505307899,129.9455237366823,3696.047207659002,0.014879122306986512,1.12084277938394,0.6026389739092659,0.04128212558907622,0.3354903837033936,0.1589654288348032,0.0
1932,76.38471423724995,10.095382680560533,34.083817880000026,39.932050100000026,36.09714993058825,289,1.0793873030753172,0.1363244205713272,0.782551646232605,0.5051264251392192,289,0.15115835702647704,-0.31660401821136475,0.22336123883724213,-0.05166651055887084,289,0.10695514361142969,337.0,0.10139592746355998,74.73960651398197,6152.8852476359825,0.024769578686851867,1.0516665105588707,0.5051264251392192,0.4211413004434951,0.5584976913538363,0.47608385680763166,0.0
1933,76.38927508261415,10.095382680560533,34.14876026000002,40.936947980000014,37.23734936352943,289,1.3337849129869401,0.1649876832962036,0.7905759215354919,0.47439728311188906,289,0.15216007114871896,-0.28277355432510376,0.27733805775642395,-0.015627603629881123,289,0.11083943753680423,290.0,0.09893739925774177,84.74667892898218,5281.1722449600775,0.021260336608848112,1.015627603629881,0.47439728311188906,0.4109299656130366,0.4793722599629831,0.43830688335301515,0.0
1934,76.39383592797834,10.095382680560533,34.083817880000026,38.42812130000004,36.12559400705884,289,0.8923986049243064,0.08778317272663116,0.7853205800056458,0.5175881567298335,289,0.1575802931067231,-0.35993582010269165,0.22157040238380432,-0.06965004284076624,289,0.11928773179663092,193.0,0.0862591757642602,111.02178123625136,4267.567228337841,0.017179881959338998,1.0696500428407663,0.5175881567298335,0.35827180011347093,0.3873672836072665,0.3699099935109892,0.0
1935,76.39839677334254,10.095382680560533,0.0,39.378330860000005,31.52372965058825,289,11.585861707904963,0.0,0.8184351325035095,0.45924092329084665,289,0.2542208381253551,-0.3270573914051056,0.267890602350235,-0.05489304816434128,289,0.1472233170838727,190.0,0.06572596199217041,85.92974960407118,2139.4909217051886,0.008612916802786624,1.0548930481643413,0.45924092329084665,0.27298845031256397,0.19420169438458731,0.24147374794137333,0.0
1936,76.20228042268211,10.099874236435488,0.0,34.545250580000015,18.97694657156251,256,16.741266867188447,0.0,0.7637795209884644,0.30687397718429565,256,0.2894294137340361,-0.3353080451488495,0.09677419066429138,-0.07634888589382172,256,0.09910708126827548,127.0,0.05202778043931532,101.76343868001234,2566.718045446979,0.010332798684663993,1.0763488858938217,0.30687397718429565,0.21609395625160943,0.23298112105847252,0.22284882217435464,499.9999999999634
1937,76.2068412680463,10.099874236435488,0.0,37.70008303999998,19.43816250375001,272,17.177616880552552,0.0,0.7496135830879211,0.2516770082361558,272,0.262456374324478,-0.4876033067703247,0.16778884828090668,-0.07877913643332089,272,0.11954731363676588,99.0,0.05118531177281656,128.43114494394118,3323.1593556945427,0.013377993223821253,1.0787791364333208,0.2516770082361558,0.2125948181829755,0.3016433353554569,0.24821422505196805,499.9999999999634
1938,76.2114021134105,10.099874236435488,0.0,33.12677228000001,16.902883867500016,272,14.923688999536177,-0.22030456364154816,0.6425057649612427,0.0016156855751486385,272,0.1720932466918295,-0.5104895234107971,0.07761529833078384,-0.19766587369582234,272,0.19816555358828405,5.0,0.0010738086652501654,53.34787142510868,0.0,0.0,1.1976658736958223,0.0016156855751486385,0.004459993502929105,0.0,0.002675996101757463,706.9975838000726
1939,76.2159629587747,10.099874236435488,0.0,31.40750822000001,16.63095021750001,272,14.674396696366077,-0.27254098653793335,0.6956157684326172,-0.054313624606413,272,0.17682308335149913,-0.5370078682899475,0.05457909405231476,-0.2014145430396585,272,0.20432943132214304,11.0,0.0033342883291816203,75.29578458593943,0.0,0.0,1.2014145430396586,0.0,0.013848746770522561,0.0,0.008309248062313536,1117.757725983888
1940,76.22052380413889,10.099874236435488,0.0,29.72242435999999,16.511218987500012,272,14.561771180506396,-0.30277442932128906,0.0,-0.13434355399187872,272,0.11926473676681773,-0.4844074845314026,0.0,-0.24997399835025563,272,0.22096527100034546,0.0,0.0,0.0,0.0,0.0,1.2499739983502556,0.0,0.0,0.0,0.0,1580.6992919251145
1941,76.22508464950309,10.099874236435488,0.0,32.58672511999998,17.36544753000001,272,15.33066927431398,-0.23831242322921753,0.7685906291007996,0.1123975725734935,272,0.2886204673602604,-0.46707504987716675,0.0,-0.1600218239952536,272,0.1674701081857813,19.0,0.006841129776835102,89.44054235408892,0.0,0.0,1.1600218239952536,0.1123975725734935,0.028414181543479303,0.0,0.017048508926087582,1117.757725983888
1942,76.22964549486728,10.099874236435488,0.0,33.054993860000025,17.58180065625001,272,15.521648810082961,-0.1145332083106041,0.7378231883049011,0.21677463194903204,272,0.28571730566751236,-0.49775785207748413,0.0,-0.14865322674022002,272,0.150496342911938,2.0,0.0009838365662969881,122.19492247695857,892.9154694813105,0.0035945965334754594,1.14865322674022,0.21677463194903204,0.0040863003211157704,0.08104998032769135,0.034871772323746004,706.9975838000726
1943,76.23420634023148,10.099874236435488,0.0,33.41046793999999,17.75918584125001,272,15.695780199173756,-0.17413972318172455,0.7855203747749329,0.2042256663827335,272,0.30211637682396986,-0.48159998655319214,0.0,-0.14571585374719956,272,0.15597658396423425,2.0,0.0006067432291135395,75.35900207897716,898.4786940952606,0.003616992324113813,1.1457158537471996,0.2042256663827335,0.002520068004072381,0.08155495449482177,0.03413402260037214,499.9999999999634
1944,76.23876718559568,10.099874236435488,0.0,29.797620800000004,16.59578985000001,272,14.63658421459711,-0.29710981249809265,0.3868778347969055,-0.08187517699073343,272,0.13145145193555194,-0.5019011497497559,0.0,-0.2045751038719626,272,0.1921799741626578,0.0,0.0,0.0,0.0,0.0,1.2045751038719625,0.0,0.0,0.0,0.0,706.9975838000726
1945,76.24332803095987,10.099874236435488,0.0,30.11549666000002,16.65989029125001,272,14.694178314016936,-0.2715654969215393,0.6022857427597046,-0.02761346802991979,272,0.148421509706945,-0.4716981053352356,0.0,-0.17949968225815716,272,0.17540417008528056,0.0,0.0,0.0,0.0,0.0,1.1794996822581572,0.0,0.0,0.0,0.0,1117.757725983888
1946,76.24788887632407,10.099874236435488,0.0,37.09851151999999,17.52473731500001,272,15.558982988476094,-0.22663801908493042,0.7126843929290771,0.08836489565232221,272,0.2505490808530975,-0.47993019223213196,0.0070991432294249535,-0.16852652325349696,272,0.17847771742053803,0.0,0.0,0.0,44.28653271244975,0.00017828363647937834,1.168526523253497,0.08836489565232221,0.0,0.0040198907150872714,0.0016079562860349087,1117.757725983888
1947,76.25244972168827,10.099874236435488,0.0,37.17370796,19.39641742125001,272,17.14887070446227,-0.06279069930315018,0.7323848009109497,0.23571017209221334,272,0.2773845114419418,-0.4662034213542938,0.12044072896242142,-0.0819940076154821,272,0.1137719211248418,0.0,0.0,0.0,1756.2605517309144,0.007070151998597197,1.0819940076154821,0.23571017209221334,0.0,0.15941585517695006,0.06376634207078002,706.9975838000726
1948,76.25701056705246,10.099874236435488,0.0,35.707377380000025,19.41148435500001,272,17.122278025076525,0.0,0.7634915709495544,0.33063633301678824,272,0.30215632025743777,-0.29171818494796753,0.09493250399827957,-0.07705379934871898,272,0.08918341362641088,27.0,0.015072727342994826,138.67183894139558,3319.7960330111955,0.013364453545686276,1.077053799348719,0.33063633301678824,0.06260357938675933,0.30133804639290895,0.15809736618921919,499.9999999999634
1949,76.26157141241666,10.099874236435488,0.0,38.67080071999999,20.048802929296887,256,17.69826448721569,0.0,0.7697806358337402,0.3005768656730652,256,0.2803195994250593,-0.31646499037742615,0.13147857785224915,-0.05074724555015564,256,0.07878994291753764,28.0,0.016817537391005156,149.19853765389993,1781.7507597945662,0.007172767550320584,1.0507472455501556,0.3005768656730652,0.0698505328988718,0.16172960259506555,0.1066021607773493,499.9999999999634
1950,76.26613225778085,10.099874236435488,0.0,41.77436288000001,21.29302896750001,272,18.830684515358932,0.0,0.7546980381011963,0.2218190641964183,272,0.23887247577723758,-0.27882906794548035,0.2553507089614868,0.0007847128983806161,272,0.09247927874387026,72.0,0.05400478904899079,186.32021362111624,4023.1769886754682,0.016196043804070047,0.9992152871016193,0.2218190641964183,0.22430533118248064,0.36518396973946965,0.28065678660527626,499.9999999999634
1951,76.27069310314505,10.099874236435488,0.0,39.47745343999998,20.36547635625001,272,17.98137427192927,0.0,0.7522803544998169,0.3051447587854722,272,0.2840544663069151,-0.2773403227329254,0.19002355635166168,-0.037815041401807,272,0.08108524908047658,8.0,0.002923244956989875,90.76855423381092,2965.681360901035,0.011938899373621812,1.037815041401807,0.3051447587854722,0.012141505221144525,0.26919504048782855,0.11496291932781814,499.9999999999634
1952,76.27525394850925,10.099874236435488,0.0,38.93398825999998,20.662291181250012,272,18.228612644157252,0.0,0.6886688470840454,0.2500489178825827,272,0.24098465009250156,-0.21685706079006195,0.20093896985054016,-0.006258121308158426,272,0.06264595907099631,4.0,0.004222615315022279,262.22960639247435,2404.2852528483527,0.00967889540584978,1.0062581213081585,0.2500489178825827,0.017538354345446462,0.21823708862241425,0.09781784805623359,499.9999999999634
1953,76.27981479387344,10.099874236435488,0.0,38.065811180000026,19.790331660000014,272,17.474446337876714,0.0,0.7556968927383423,0.292816723094267,272,0.27998573426167556,-0.29989054799079895,0.1665034294128418,-0.053391554776360005,272,0.08580179027698706,4.0,0.007985845942991525,495.93085851121555,970.1041378202414,0.0039053338082993393,1.05339155477636,0.292816723094267,0.033168684677020464,0.08805639948405919,0.05512377059983595,499.9999999999634
1954,76.28437563923764,10.099874236435488,0.0,35.87827837999998,19.291979317500015,272,17.028466121315564,0.0,0.7919749021530151,0.32827158535228057,272,0.3080059841281712,-0.3885704278945923,0.13518434762954712,-0.08165177176980411,272,0.11342207251481407,0.0,0.0,0.0,933.5755767930808,0.003758281323121372,1.0816517717698042,0.32827158535228057,0.0,0.08474070023386024,0.0338962800935441,499.9999999999634
1955,76.28893648460183,10.099874236435488,0.0,35.621926880000046,18.93085042500001,272,16.705079735808237,0.0,0.7942754626274109,0.3455910121693331,272,0.3157257667082821,-0.4214349091053009,0.06651270389556885,-0.09590521980734433,272,0.11120756232752126,0.0,0.0,0.0,365.361820677797,0.00147083165087911,1.0959052198073442,0.3455910121693331,0.0,0.03316391012424358,0.013265564049697432,499.9999999999634
1956,76.29349732996603,10.099874236435488,0.0,34.48714424000002,18.24201886500001,272,16.107088414047695,0.0,0.8061783909797668,0.3591039321001838,272,0.3473397470545115,-0.37646833062171936,0.1953352838754654,-0.10961732443641214,272,0.14089400359983567,0.0,0.0,0.0,945.5334194762038,0.0038064198326731974,1.109617324436412,0.3591039321001838,0.0,0.08582611419224057,0.03433044567689623,499.9999999999634
1957,76.29805817533023,10.099874236435488,0.0,34.78109396000002,18.556351042500008,272,16.373668025790533,0.0,0.8130772709846497,0.36324624454273896,272,0.327778697631187,-0.3876856565475464,0.0,-0.1223757266998291,272,0.12819376782454472,0.0,0.0,0.0,0.0,0.0,1.122375726699829,0.36324624454273896,0.0,0.0,0.0,499.9999999999634
1958,76.30261902069442,10.099874236435488,0.0,37.93592641999999,19.665234641250013,272,17.353710236615175,0.0,0.7575405836105347,0.30654680027681236,272,0.2918826582264637,-0.3399750888347626,0.22192427515983582,-0.06252409430111155,272,0.10421904470202183,1.0,0.0011402874674223855,283.25301875609375,1148.5464343795168,0.004623686309247692,1.0625240943011116,0.30654680027681236,0.004736108825300374,0.10425361536851316,0.04454311144258549,499.9999999999634
1959,76.30717986605862,10.099874236435488,0.0,38.13075356000002,19.913983560000013,272,17.578037284710977,0.0,0.7527254819869995,0.2952062662910013,272,0.2834968985574023,-0.2703646123409271,0.13455328345298767,-0.049331104054170495,272,0.08491828501074435,1.0,0.0012109745365093095,300.8120345989602,2398.55406838768,0.00965582346175298,1.0493311040541704,0.2952062662910013,0.0050297029068822495,0.21771686873187784,0.09010456923688048,499.9999999999634
1960,76.31174071142281,10.099874236435488,0.0,38.264056340000025,19.789263528750013,272,17.466163259216025,0.0,0.7642124891281128,0.2960915004505831,272,0.28204703056518915,-0.2916443943977356,0.11566156893968582,-0.05042643406811882,272,0.08272493604026651,0.0,0.0,0.0,3228.915665325847,0.012998597800312645,1.0504264340681189,0.2960915004505831,0.0,0.2930888310250201,0.11723553241000804,499.9999999999634
1961,76.31630155678701,10.099874236435488,0.0,38.48622764000004,20.11819768875001,272,17.77458936365211,0.0,0.7958910465240479,0.2774168463314281,272,0.27666879275904377,-0.33432886004447937,0.3790786862373352,-0.03685181982376996,272,0.09736463865977997,1.0,7.550290345314029e-05,18.7552928002408,2177.0505082213476,0.008764119871950813,1.03685181982377,0.2774168463314281,0.0003135963321499536,0.19761097986826168,0.07923254974659465,499.9999999999634
1962,76.3208624021512,10.099874236435488,0.0,37.97352464000005,20.03391585000001,256,17.693617758329136,0.0,0.795200765132904,0.2928825914859772,256,0.28427522097784613,-0.3490447998046875,0.16152450442314148,-0.04626277834177017,256,0.09953893484705661,0.0,0.0,0.0,2123.9757970086134,0.008550457795907568,1.0462627783417702,0.2928825914859772,0.0,0.19279338576588956,0.07711735430635583,499.9999999999634
1963,76.3254232475154,10.099874236435488,0.0,38.349506840000004,20.00092944375001,272,17.665939768218234,0.0,0.7776226997375488,0.330813492045683,272,0.3095143872350077,-0.2738225758075714,0.15277130901813507,-0.05686135502422557,272,0.08138013428920784,10.0,0.002187160173180576,54.33013509803105,1975.5658261939807,0.007953005982318354,1.0568613550242256,0.330813492045683,0.009084225596166246,0.17932220554101722,0.07717941757410664,499.9999999999634
1964,76.3299840928796,10.099874236435488,0.0,39.12539737999998,20.07979522875001,272,17.73949182811378,0.0,0.7992424368858337,0.3214751411886776,272,0.30934981093126324,-0.3281881809234619,0.15760408341884613,-0.06315904505112592,272,0.09790910172247694,40.0,0.022123320165108238,137.38854018627117,3445.2388572480377,0.01386944685867374,1.063159045051126,0.3214751411886776,0.09188775188046752,0.3127244976127004,0.18022245017336067,499.9999999999634
1965,76.3345449382438,10.099874236435488,0.0,37.43347748000002,19.894241981250012,272,17.56596537479328,0.0,0.7384960651397705,0.24895715713500977,272,0.2518891848107401,-0.3644571602344513,0.1319577693939209,-0.042138800901525164,272,0.08231705918152454,0.0,0.0,0.0,1939.5422761707946,0.007807986512432762,1.042138800901525,0.24895715713500977,0.0,0.17605234616406087,0.07042093846562435,499.9999999999634
1966,76.33910578360799,10.099874236435488,0.0,37.443731540000044,19.75481943750001,272,17.442026421384224,0.0,0.8243680000305176,0.3197871937471278,272,0.3047059357063104,-0.39020857214927673,0.16460108757019043,-0.06912426387562472,272,0.11908428034458474,0.0,0.0,0.0,3021.4833151717667,0.01216354047150675,1.0691242638756246,0.3197871937471278,0.0,0.274260186574408,0.1097040746297632,499.9999999999634
1967,76.34366662897219,10.099874236435488,0.0,39.183503719999976,20.117305485000006,272,17.784599031984847,0.0,0.7824692726135254,0.28741250318639416,272,0.2869125992815364,-0.33239370584487915,0.2523670792579651,-0.06691302972681382,272,0.10228457997744701,1.0,0.009454343771149063,2348.505521672869,1665.5261346542861,0.00670488380441973,1.066913029726814,0.28741250318639416,0.03926799359917587,0.15117988775286997,0.08403275126065352,499.9999999999634
1968,76.34822747433638,10.099874236435488,0.0,39.62442829999998,20.861114388750007,272,18.422294963482006,0.0,0.7171411514282227,0.21437689837287455,272,0.21873325868465862,-0.25410959124565125,0.18998682498931885,-0.010115637498743394,272,0.07002328803717928,1.0,0.0008112935481329277,201.52931008306078,3696.847666204235,0.01488234470105429,1.0101156374987434,0.21437689837287455,0.0033696542696441995,0.3355630413642379,0.1362470091074817,499.9999999999634
1969,76.35278831970058,10.099874236435488,0.0,39.64835444000005,20.813224410000007,272,18.364660829689036,0.0,0.7446930408477783,0.2344664826112635,272,0.23141953879468943,-0.25609251856803894,0.2208351343870163,-0.0024569963707643397,272,0.07151924017730663,33.0,0.03268750772665661,246.05266026305333,2728.9933338741275,0.01098606790127618,1.0024569963707644,0.2344664826112635,0.13576540849935273,0.24771085683327215,0.18054358783292052,499.9999999999634
1970,76.35734916506478,10.099874236435488,0.0,41.111267,21.723096307500015,272,19.181040154358485,0.0,0.7624508738517761,0.23058061038746552,272,0.23394233273619278,-0.24658168852329254,0.27218741178512573,0.01489989722476286,272,0.08451478507692678,8.0,0.005281812596611554,164.00353038564123,2664.338972424093,0.010725789799388924,0.9851001027752372,0.23058061038746552,0.021937660429559483,0.24184217731910854,0.10989946718537912,499.9999999999634
1971,76.36191001042897,10.099874236435488,0.0,40.75237490000001,20.611385302500008,272,18.19138810304307,0.0,0.8438905477523804,0.28571807636934166,272,0.2821427116092451,-0.4312313497066498,0.20228879153728485,-0.03412567867952235,272,0.09515701802668183,33.0,0.017467667696209173,131.4865036877156,2458.146229972759,0.009895722740886835,1.0341256786795223,0.28571807636934166,0.07255080626330002,0.2231260521195964,0.1327809046058186,499.9999999999634
1972,76.36647085579317,10.099874236435488,0.0,41.68891238000003,20.45999968875001,272,18.106645232968273,-0.006332757417112589,0.7744436264038086,0.290589500876034,272,0.2764401693809598,-0.24737967550754547,0.17455998063087463,-0.02256555241696975,272,0.08127518010724326,20.0,0.010213580104289249,126.85517816778183,2305.4591572532518,0.00928105266173267,1.0225655524169697,0.290589500876034,0.0424214316580912,0.2092666391480667,0.10915951465408141,499.9999999999634
1973,76.37103170115736,10.099874236435488,0.0,38.00428682000006,20.69485033500001,272,18.26157892177064,0.0,0.7365785241127014,0.2427979076609892,272,0.23694001733337053,-0.266842246055603,0.22678843140602112,-0.006223024690852445,272,0.07240938544570857,78.0,0.05095956437245291,162.28982800255307,2299.3580785030967,0.009256491639692692,1.0062230246908523,0.2427979076609892,0.2116571912374056,0.20871284393499348,0.21047945231644075,499.9999999999634
1974,76.37559254652156,10.099874236435488,0.0,35.94663878000006,18.79524802125001,272,16.595606892725346,0.0,0.7740498185157776,0.36071693196016197,272,0.3269586250020603,-0.5299180150032043,0.07091490179300308,-0.10164528734543744,272,0.11338237111913939,1.0,0.0011206219257563217,278.3680014235978,59.262260379725014,0.00023857120075500984,1.1016452873454374,0.36071693196016197,0.004654429294392703,0.005379238239361437,0.004944352872380197,499.9999999999634
1975,76.38015339188576,10.099874236435488,0.0,38.13417158000004,19.68073825218751,256,17.40198954966712,0.0,0.7546060085296631,0.3089030981063843,256,0.29297530076744366,-0.29090702533721924,0.255158931016922,-0.030994821339845657,256,0.09954709973642831,1.0,0.0005614478953384258,139.4664203302656,0.0,0.0,1.0309948213398457,0.3089030981063843,0.002331936821220594,0.0,0.0013991620927323563,499.9999999999634
1976,76.38471423724995,10.099874236435488,0.0,38.78701339999998,20.82029920875001,272,18.37571829804249,0.0,0.7489442229270935,0.2685675901525161,272,0.25526687932491055,-0.24391506612300873,0.23476314544677734,-0.009730700184317195,272,0.07901841847405676,240.0,0.06510731144112465,67.38740243019383,1587.7574118334205,0.006391811412889673,1.0097307001843172,0.2685675901525161,0.2704189260318069,0.1441208170231375,0.21989968242833913,499.9999999999634
1977,76.38927508261415,10.099874236435488,0.0,38.04872108000001,20.423255973750006,272,18.02782876003764,0.0,0.8030127286911011,0.2834021624396829,272,0.27691126160060653,-0.26213592290878296,0.24498847126960754,-0.022189701304716224,272,0.09790279580681993,192.0,0.048557647219122944,62.82270074186266,2247.8830583438644,0.009049269416146222,1.0221897013047163,0.2834021624396829,0.20168098668151302,0.20404045386687558,0.20262477355565806,499.9999999999634
1978,76.39383592797834,10.099874236435488,0.0,37.597542439999984,20.007388496250005,272,17.665514211392207,0.0,0.8007153868675232,0.30505230847527,272,0.29419065161225016,-0.29864102602005005,0.17425742745399475,-0.047953328665565044,272,0.09069572226350185,182.0,0.04508935672305413,61.54075886953204,1766.8734702031907,0.00711287626674395,1.0479533286655651,0.30505230847527,0.1872756707445868,0.16037919029969921,0.17651707856663176,499.9999999999634
1979,76.39839677334254,10.099874236435488,0.0,37.72742720000002,17.38786029352942,272,17.536059801566907,0.0,0.8135765194892883,0.32534459057976217,272,0.351736173363956,-0.2576051652431488,0.23472747206687927,-0.06684653899248909,272,0.11376441987765851,42.0,0.008293443485867438,49.05076613133185,206.48017156653447,0.0008312241576188955,1.066846538992489,0.32534459057976217,0.03444627079374631,0.018742215154192977,0.02816464853792498,499.9999999999634
