{
"type": "FeatureCollection",
"name": "kochi_grid",
"crs": { "type": "name", "properties": { "name": "urn:ogc:def:crs:OGC:1.3:CRS84" } },
"features": [
{ "type": "Feature", "properties": { "cell_id": 0, "lon": 76.202280422682108, "lat": 9.9022457779374786 }, "geometry": { "type": "Polygon", "coordinates": [ [ [ 76.204560845364199, 9.9 ], [ 76.204560845364199, 9.904491555874955 ], [ 76.2, 9.904491555874955 ], [ 76.2, 9.9 ], [ 76.204560845364199, 9.9 ] ] ] } },
{ "type": "Feature", "properties": { "cell_id": 1, "lon": 76.206841268046304, "lat": 9.9022457779374786 }, "geometry": { "type": "Polygon", "coordinates": [ [ [ 76.209121690728395, 9.9 ], [ 76.209121690728395, 9.904491555874955 ], [ 76.204560845364199, 9.904491555874955 ], [ 76.204560845364199, 9.9 ], [ 76.209121690728395, 9.9 ] ] ] } },
{ "type": "Feature", "properties": { "cell_id": 2, "lon": 76.2114021134105, "lat": 9.9022457779374786 }, "geometry": { "type": "Polygon", "coordinates": [ [ [ 76.213682536092591, 9.9 ], [ 76.213682536092591, 9.904491555874955 ], [ 76.209121690728395, 9.904491555874955 ], [ 76.209121690728395, 9.9 ], [ 76.213682536092591, 9.9 ] ] ] } },
{ "type": "Feature", "properties": { "cell_id": 3, "lon": 76.215962958774696, "lat": 9.9022457779374786 }, "geometry": { "type": "Polygon", "coordinates": [ [ [ 76.218243381456787, 9.9 ], [ 76.218243381456787, 9.904491555874955 ], [ 76.213682536092591, 9.904491555874955 ], [ 76.213682536092591, 9.9 ], [ 76.218243381456787, 9.9 ] ] ] } },
{ "type": "Feature", "properties": { "cell_id": 4, "lon": 76.220523804138892, "lat": 9.9022457779374786 }, "geometry": { "type": "Polygon", "coordinates": [ [ [ 76.222804226820983, 9.9 ], [ 76.222804226820983, 9.904491555874955 ], [ 76.218243381456787, 9.904491555874955 ], [ 76.218243381456787, 9.9 ], [ 76.222804226820983, 9.9 ] ] ] } },
{ "type": "Feature", "properties": { "cell_id": 5, "lon": 76.225084649503088, "lat": 9.9022457779374786 }, "geometry": { "type": "Polygon", "coordinates": [ [ [ 76.227365072185179, 9.9 ], [ 76.227365072185179, 9.904491555874955 ], [ 76.222804226820983, 9.904491555874955 ], [ 76.222804226820983, 9.9 ], [ 76.227365072185179, 9.9 ] ] ] } },
{ "type": "Feature", "properties": { "cell_id": 6, "lon": 76.229645494867285, "lat": 9.9022457779374786 }, "geometry": { "type": "Polygon", "coordinates": [ [ [ 76.231925917549376, 9.9 ], [ 76.231925917549376, 9.904491555874955 ], [ 76.227365072185179, 9.904491555874955 ], [ 76.227365072185179, 9.9 ], [ 76.231925917549376, 9.9 ] ] ] } },
{ "type": "Feature", "properties": { "cell_id": 7, "lon": 76.234206340231481, "lat": 9.9022457779374786 }, "geometry": { "type": "Polygon", "coordinates": [ [ [ 76.236486762913572, 9.9 ], [ 76.236486762913572, 9.904491555874955 ], [ 76.231925917549376, 9.904491555874955 ], [ 76.231925917549376, 9.9 ], [ 76.236486762913572, 9.9 ] ] ] } },
{ "type": "Feature", "properties": { "cell_id": 8, "lon": 76.238767185595677, "lat": 9.9022457779374786 }, "geometry": { "type": "Polygon", "coordinates": [ [ [ 76.241047608277768, 9.9 ], [ 76.241047608277768, 9.904491555874955 ], [ 76.236486762913572, 9.904491555874955 ], [ 76.236486762913572, 9.9 ], [ 76.241047608277768, 9.9 ] ] ] } },
{ "type": "Feature", "properties": { "cell_id": 9, "lon": 76.243328030959873, "lat": 9.9022457779374786 }, "geometry": { "type": "Polygon", "coordinates": [ [ [ 76.245608453641964, 9.9 ], [ 76.245608453641964, 9.904491555874955 ], [ 76.241047608277768, 9.904491555874955 ], [ 76.241047608277768, 9.9 ], [ 76.245608453641964, 9.9 ] ] ] } },
{ "type": "Feature", "properties": { "cell_id": 10, "lon": 76.247888876324069, "lat": 9.9022457779374786 }, "geometry": { "type": "Polygon", "coordinates": [ [ [ 76.25016929900616, 9.9 ], [ 76.25016929900616, 9.904491555874955 ], [ 76.245608453641964, 9.904491555874955 ], [ 76.245608453641964, 9.9 ], [ 76.25016929900616, 9.9 ] ] ] } },
{ "type": "Feature", "properties": { "cell_id": 11, "lon": 76.252449721688265, "lat": 9.9022457779374786 }, "geometry": { "type": "Polygon", "coordinates": [ [ [ 76.254730144370356, 9.9 ], [ 76.254730144370356, 9.904491555874955 ], [ 76.25016929900616, 9.904491555874955 ], [ 76.25016929900616, 9.9 ], [ 76.254730144370356, 9.9 ] ] ] } },
{ "type": "Feature", "properties": { "cell_id": 12, "lon": 76.257010567052461, "lat": 9.9022457779374786 }, "geometry": { "type": "Polygon", "coordinates": [ [ [ 76.259290989734552, 9.9 ], [ 76.259290989734552, 9.904491555874955 ], [ 76.254730144370356, 9.904491555874955 ], [ 76.254730144370356, 9.9 ], [ 76.259290989734552, 9.9 ] ] ] } },
{ "type": "Feature", "properties": { "cell_id": 13, "lon": 76.261571412416657, "lat": 9.9022457779374786 }, "geometry": { "type": "Polygon", "coordinates": [ [ [ 76.263851835098748, 9.9 ], [ 76.263851835098748, 9.904491555874955 ], [ 76.259290989734552, 9.904491555874955 ], [ 76.259290989734552, 9.9 ], [ 76.263851835098748, 9.9 ] ] ] } },
{ "type": "Feature", "properties": { "cell_id": 14, "lon": 76.266132257780853, "lat": 9.9022457779374786 }, "geometry": { "type": "Polygon", "coordinates": [ [ [ 76.268412680462944, 9.9 ], [ 76.268412680462944, 9.904491555874955 ], [ 76.263851835098748, 9.904491555874955 ], [ 76.263851835098748, 9.9 ], [ 76.268412680462944, 9.9 ] ] ] } },
{ "type": "Feature", "properties": { "cell_id": 15, "lon": 76.270693103145049, "lat": 9.9022457779374786 }, "geometry": { "type": "Polygon", "coordinates": [ [ [ 76.27297352582714, 9.9 ], [ 76.27297352582714, 9.904491555874955 ], [ 76.268412680462944, 9.904491555874955 ], [ 76.268412680462944, 9.9 ], [ 76.27297352582714, 9.9 ] ] ] } },
{ "type": "Feature", "properties": { "cell_id": 16, "lon": 76.275253948509246, "lat": 9.9022457779374786 }, "geometry": { "type": "Polygon", "coordinates": [ [ [ 76.277534371191337, 9.9 ], [ 76.277534371191337, 9.904491555874955 ], [ 76.27297352582714, 9.904491555874955 ], [ 76.27297352582714, 9.9 ], [ 76.277534371191337, 9.9 ] ] ] } },
{ "type": "Feature", "properties": { "cell_id": 17, "lon": 76.279814793873442, "lat": 9.9022457779374786 }, "geometry": { "type": "Polygon", "coordinates": [ [ [ 76.282095216555533, 9.9 ], [ 76.282095216555533, 9.904491555874955 ], [ 76.277534371191337, 9.904491555874955 ], [ 76.277534371191337, 9.9 ], [ 76.282095216555533, 9.9 ] ] ] } },
{ "type": "Feature", "properties": { "cell_id": 18, "lon": 76.284375639237638, "lat": 9.9022457779374786 }, "geometry": { "type": "Polygon", "coordinates": [ [ [ 76.286656061919729, 9.9 ], [ 76.286656061919729, 9.904491555874955 ], [ 76.282095216555533, 9.904491555874955 ], [ 76.282095216555533, 9.9 ], [ 76.286656061919729, 9.9 ] ] ] } },
{ "type": "Feature", "properties": { "cell_id": 19, "lon": 76.288936484601834, "lat": 9.9022457779374786 }, "geometry": { "type": "Polygon", "coordinates": [ [ [ 76.291216907283925, 9.9 ], [ 76.291216907283925, 9.904491555874955 ], [ 76.286656061919729, 9.904491555874955 ], [ 76.286656061919729, 9.9 ], [ 76.291216907283925, 9.9 ] ] ] } },
{ "type": "Feature", "properties": { "cell_id": 20, "lon": 76.29349732996603, "lat": 9.9022457779374786 }, "geometry": { "type": "Polygon", "coordinates": [ [ [ 76.295777752648121, 9.9 ], [ 76.295777752648121, 9.904491555874955 ], [ 76.291216907283925, 9.904491555874955 ], [ 76.291216907283925, 9.9 ], [ 76.295777752648121, 9.9 ] ] ] } },
{ "type": "Feature", "properties": { "cell_id": 21, "lon": 76.298058175330226, "lat": 9.9022457779374786 }, "geometry": { "type": "Polygon", "coordinates": [ [ [ 76.300338598012317, 9.9 ], [ 76.300338598012317, 9.904491555874955 ], [ 76.295777752648121, 9.904491555874955 ], [ 76.295777752648121, 9.9 ], [ 76.300338598012317, 9.9 ] ] ] } },
{ "type": "Feature", "properties": { "cell_id": 22, "lon": 76.302619020694422, "lat": 9.9022457779374786 }, "geometry": { "type": "Polygon", "coordinates": [ [ [ 76.304899443376513, 9.9 ], [ 76.304899443376513, 9.904491555874955 ], [ 76.300338598012317, 9.904491555874955 ], [ 76.300338598012317, 9.9 ], [ 76.304899443376513, 9.9 ] ] ] } },
{ "type": "Feature", "properties": { "cell_id": 23, "lon": 76.307179866058618, "lat": 9.9022457779374786 }, "geometry": { "type": "Polygon", "coordinates": [ [ [ 76.309460288740709, 9.9 ], [ 76.309460288740709, 9.904491555874955 ], [ 76.304899443376513, 9.904491555874955 ], [ 76.304899443376513, 9.9 ], [ 76.309460288740709, 9.9 ] ] ] } },
{ "type": "Feature", "properties": { "cell_id": 24, "lon": 76.311740711422814, "lat": 9.9022457779374786 }, "geometry": { "type": "Polygon", "coordinates": [ [ [ 76.314021134104905, 9.9 ], [ 76.314021134104905, 9.904491555874955 ], [ 76.309460288740709, 9.904491555874955 ], [ 76.309460288740709, 9.9 ], [ 76.314021134104905, 9.9 ] ] ] } },
{ "type": "Feature", "properties": { "cell_id": 25, "lon": 76.31630155678701, "lat": 9.9022457779374786 }, "geometry": { "type": "Polygon", "coordinates": [ [ [ 76.318581979469101, 9.9 ], [ 76.318581979469101, 9.904491555874955 ], [ 76.314021134104905, 9.904491555874955 ], [ 76.314021134104905, 9.9 ], [ 76.318581979469101, 9.9 ] ] ] } },
{ "type": "Feature", "properties": { "cell_id": 26, "lon": 76.320862402151207, "lat": 9.9022457779374786 }, "geometry": { "type": "Polygon", "coordinates": [ [ [ 76.323142824833297, 9.9 ], [ 76.323142824833297, 9.904491555874955 ], [ 76.318581979469101, 9.904491555874955 ], [ 76.318581979469101, 9.9 ], [ 76.323142824833297, 9.9 ] ] ] } },
{ "type": "Feature", "properties": { "cell_id": 27, "lon": 76.325423247515403, "lat": 9.9022457779374786 }, "geometry": { "type": "Polygon", "coordinates": [ [ [ 76.327703670197494, 9.9 ], [ 76.327703670197494, 9.904491555874955 ], [ 76.323142824833297, 9.904491555874955 ], [ 76.323142824833297, 9.9 ], [ 76.327703670197494, 9.9 ] ] ] } },
{ "type": "Feature", "properties": { "cell_id": 28, "lon": 76.329984092879599, "lat": 9.9022457779374786 }, "geometry": { "type": "Polygon", "coordinates": [ [ [ 76.33226451556169, 9.9 ], [ 76.33226451556169, 9.904491555874955 ], [ 76.327703670197494, 9.904491555874955 ], [ 76.327703670197494, 9.9 ], [ 76.33226451556169, 9.9 ] ] ] } },
{ "type": "Feature", "properties": { "cell_id": 29, "lon": 76.334544938243795, "lat": 9.9022457779374786 }, "geometry": { "type": "Polygon", "coordinates": [ [ [ 76.336825360925886, 9.9 ], [ 76.336825360925886, 9.904491555874955 ], [ 76.33226451556169, 9.904491555874955 ], [ 76.33226451556169, 9.9 ], [ 76.336825360925886, 9.9 ] ] ] } },
{ "type": "Feature", "properties": { "cell_id": 30, "lon": 76.339105783607991, "lat": 9.9022457779374786 }, "geometry": { "type": "Polygon", "coordinates": [ [ [ 76.341386206290082, 9.9 ], [ 76.341386206290082, 9.904491555874955 ], [ 76.336825360925886, 9.904491555874955 ], [ 76.336825360925886, 9.9 ], [ 76.341386206290082, 9.9 ] ] ] } },
{ "type": "Feature", "properties": { "cell_id": 31, "lon": 76.343666628972187, "lat": 9.9022457779374786 }, "geometry": { "type": "Polygon", "coordinates": [ [ [ 76.345947051654278, 9.9 ], [ 76.345947051654278, 9.904491555874955 ], [ 76.341386206290082, 9.904491555874955 ], [ 76.341386206290082, 9.9 ], [ 76.345947051654278, 9.9 ] ] ] } },
{ "type": "Feature", "properties": { "cell_id": 32, "lon": 76.348227474336383, "lat": 9.9022457779374786 }, "geometry": { "type": "Polygon", "coordinates": [ [ [ 76.350507897018474, 9.9 ], [ 76.350507897018474, 9.904491555874955 ], [ 76.345947051654278, 9.904491555874955 ], [ 76.345947051654278, 9.9 ], [ 76.350507897018474, 9.9 ] ] ] } },
{ "type": "Feature", "properties": { "cell_id": 33, "lon": 76.352788319700579, "lat": 9.9022457779374786 }, "geometry": { "type": "Polygon", "coordinates": [ [ [ 76.35506874238267, 9.9 ], [ 76.35506874238267, 9.904491555874955 ], [ 76.350507897018474, 9.904491555874955 ], [ 76.350507897018474, 9.9 ], [ 76.35506874238267, 9.9 ] ] ] } },
{ "type": "Feature", "properties": { "cell_id": 34, "lon": 76.357349165064775, "lat": 9.9022457779374786 }, "geometry": { "type": "Polygon", "coordinates": [ [ [ 76.359629587746866, 9.9 ], [ 76.359629587746866, 9.904491555874955 ], [ 76.35506874238267, 9.904491555874955 ], [ 76.35506874238267, 9.9 ], [ 76.359629587746866, 9.9 ] ] ] } },
{ "type": "Feature", "properties": { "cell_id": 35, "lon": 76.361910010428971, "lat": 9.9022457779374786 }, "geometry": { "type": "Polygon", "coordinates": [ [ [ 76.364190433111062, 9.9 ], [ 76.364190433111062, 9.904491555874955 ], [ 76.359629587746866, 9.904491555874955 ], [ 76.359629587746866, 9.9 ], [ 76.364190433111062, 9.9 ] ] ] } },
{ "type": "Feature", "properties": { "cell_id": 36, "lon": 76.366470855793168, "lat": 9.9022457779374786 }, "geometry": { "type": "Polygon", "coordinates": [ [ [ 76.368751278475258, 9.9 ], [ 76.368751278475258, 9.904491555874955 ], [ 76.364190433111062, 9.904491555874955 ], [ 76.364190433111062, 9.9 ], [ 76.368751278475258, 9.9 ] ] ] } },
{ "type": "Feature", "properties": { "cell_id": 37, "lon": 76.371031701157364, "lat": 9.9022457779374786 }, "geometry": { "type": "Polygon", "coordinates": [ [ [ 76.373312123839455, 9.9 ], [ 76.373312123839455, 9.904491555874955 ], [ 76.368751278475258, 9.904491555874955 ], [ 76.368751278475258, 9.9 ], [ 76.373312123839455, 9.9 ] ] ] } },
{ "type": "Feature", "properties": { "cell_id": 38, "lon": 76.37559254652156, "lat": 9.9022457779374786 }, "geometry": { "type": "Polygon", "coordinates": [ [ [ 76.377872969203651, 9.9 ], [ 76.377872969203651, 9.904491555874955 ], [ 76.373312123839455, 9.904491555874955 ], [ 76.373312123839455, 9.9 ], [ 76.377872969203651, 9.9 ] ] ] } },
{ "type": "Feature", "properties": { "cell_id": 39, "lon": 76.380153391885756, "lat": 9.9022457779374786 }, "geometry": { "type": "Polygon", "coordinates": [ [ [ 76.382433814567847, 9.9 ], [ 76.382433814567847, 9.904491555874955 ], [ 76.377872969203651, 9.904491555874955 ], [ 76.377872969203651, 9.9 ], [ 76.382433814567847, 9.9 ] ] ] } },
{ "type": "Feature", "properties": { "cell_id": 40, "lon": 76.384714237249952, "lat": 9.9022457779374786 }, "geometry": { "type": "Polygon", "coordinates": [ [ [ 76.386994659932043, 9.9 ], [ 76.386994659932043, 9.904491555874955 ], [ 76.382433814567847, 9.904491555874955 ], [ 76.382433814567847, 9.9 ], [ 76.386994659932043, 9.9 ] ] ] } },
{ "type": "Feature", "properties": { "cell_id": 41, "lon": 76.389275082614148, "lat": 9.9022457779374786 }, "geometry": { "type": "Polygon", "coordinates": [ [ [ 76.391555505296239, 9.9 ], [ 76.391555505296239, 9.904491555874955 ], [ 76.386994659932043, 9.904491555874955 ], [ 76.386994659932043, 9.9 ], [ 76.391555505296239, 9.9 ] ] ] } },
{ "type": "Feature", "properties": { "cell_id": 42, "lon": 76.393835927978344, "lat": 9.9022457779374786 }, "geometry": { "type": "Polygon", "coordinates": [ [ [ 76.396116350660435, 9.9 ], [ 76.396116350660435, 9.904491555874955 ], [ 76.391555505296239, 9.904491555874955 ], [ 76.391555505296239, 9.9 ], [ 76.396116350660435, 9.9 ] ] ] } },
{ "type": "Feature", "properties": { "cell_id": 43, "lon": 76.39839677334254, "lat": 9.9022457779374786 }, "geometry": { "type": "Polygon", "coordinates": [ [ [ 76.400677196024631, 9.9 ], [ 76.400677196024631, 9.904491555874955 ], [ 76.396116350660435, 9.904491555874955 ], [ 76.396116350660435, 9.9 ], [ 76.400677196024631, 9.9 ] ] ] } },
{ "type": "Feature", "properties": { "cell_id": 44, "lon": 76.202280422682108, "lat": 9.9067373338124334 }, "geometry": { "type": "Polygon", "coordinates": [ [ [ 76.204560845364199, 9.904491555874955 ], [ 76.204560845364199, 9.90898311174991 ], [ 76.2, 9.90898311174991 ], [ 76.2, 9.904491555874955 ], [ 76.204560845364199, 9.904491555874955 ] ] ] } },
{ "type": "Feature", "properties": { "cell_id": 45, "lon": 76.206841268046304, "lat": 9.9067373338124334 }, "geometry": { "type": "Polygon", "coordinates": [ [ [ 76.209121690728395, 9.904491555874955 ], [ 76.209121690728395, 9.90898311174991 ], [ 76.204560845364199, 9.90898311174991 ], [ 76.204560845364199, 9.904491555874955 ], [ 76.209121690728395, 9.904491555874955 ] ] ] } },
{ "type": "Feature", "properties": { "cell_id": 46, "lon": 76.2114021134105, "lat": 9.9067373338124334 }, "geometry": { "type": "Polygon", "coordinates": [ [ [ 76.213682536092591, 9.904491555874955 ], [ 76.213682536092591, 9.90898311174991 ], [ 76.209121690728395, 9.90898311174991 ], [ 76.209121690728395, 9.904491555874955 ], [ 76.213682536092591, 9.904491555874955 ] ] ] } },
{ "type": "Feature", "properties": { "cell_id": 47, "lon": 76.215962958774696, "lat": 9.9067373338124334 }, "geometry": { "type": "Polygon", "coordinates": [ [ [ 76.218243381456787, 9.904491555874955 ], [ 76.218243381456787, 9.90898311174991 ], [ 76.213682536092591, 9.90898311174991 ], [ 76.213682536092591, 9.904491555874955 ], [ 76.218243381456787, 9.904491555874955 ] ] ] } },
{ "type": "Feature", "properties": { "cell_id": 48, "lon": 76.220523804138892, "lat": 9.9067373338124334 }, "geometry": { "type": "Polygon", "coordinates": [ [ [ 76.222804226820983, 9.904491555874955 ], [ 76.222804226820983, 9.90898311174991 ], [ 76.218243381456787, 9.90898311174991 ], [ 76.218243381456787, 9.904491555874955 ], [ 76.222804226820983, 9.904491555874955 ] ] ] } },
{ "type": "Feature", "properties": { "cell_id": 49, "lon": 76.225084649503088, "lat": 9.9067373338124334 }, "geometry": { "type": "Polygon", "coordinates": [ [ [ 76.227365072185179, 9.904491555874955 ], [ 76.227365072185179, 9.90898311174991 ], [ 76.222804226820983, 9.90898311174991 ], [ 76.222804226820983, 9.904491555874955 ], [ 76.227365072185179, 9.904491555874955 ] ] ] } },
{ "type": "Feature", "properties": { "cell_id": 50, "lon": 76.229645494867285, "lat": 9.9067373338124334 }, "geometry": { "type": "Polygon", "coordinates": [ [ [ 76.231925917549376, 9.904491555874955 ], [ 76.231925917549376, 9.90898311174991 ], [ 76.227365072185179, 9.90898311174991 ], [ 76.227365072185179, 9.904491555874955 ], [ 76.231925917549376, 9.904491555874955 ] ] ] } },
{ "type": "Feature", "properties": { "cell_id": 51, "lon": 76.234206340231481, "lat": 9.9067373338124334 }, "geometry": { "type": "Polygon", "coordinates": [ [ [ 76.236486762913572, 9.904491555874955 ], [ 76.236486762913572, 9.90898311174991 ], [ 76.231925917549376, 9.90898311174991 ], [ 76.231925917549376, 9.904491555874955 ], [ 76.236486762913572, 9.904491555874955 ] ] ] } },
{ "type": "Feature", "properties": { "cell_id": 52, "lon": 76.238767185595677, "lat": 9.9067373338124334 }, "geometry": { "type": "Polygon", "coordinates": [ [ [ 76.241047608277768, 9.904491555874955 ], [ 76.241047608277768, 9.90898311174991 ], [ 76.236486762913572, 9.90898311174991 ], [ 76.236486762913572, 9.904491555874955 ], [ 76.241047608277768, 9.904491555874955 ] ] ] } },
{ "type": "Feature", "properties": { "cell_id": 53, "lon": 76.243328030959873, "lat": 9.9067373338124334 }, "geometry": { "type": "Polygon", "coordinates": [ [ [ 76.245608453641964, 9.904491555874955 ], [ 76.245608453641964, 9.90898311174991 ], [ 76.241047608277768, 9.90898311174991 ], [ 76.241047608277768, 9.904491555874955 ], [ 76.245608453641964, 9.904491555874955 ] ] ] } },
{ "type": "Feature", "properties": { "cell_id": 54, "lon": 76.247888876324069, "lat": 9.9067373338124334 }, "geometry": { "type": "Polygon", "coordinates": [ [ [ 76.25016929900616, 9.904491555874955 ], [ 76.25016929900616, 9.90898311174991 ], [ 76.245608453641964, 9.90898311174991 ], [ 76.245608453641964, 9.904491555874955 ], [ 76.25016929900616, 9.904491555874955 ] ] ] } },
{ "type": "Feature", "properties": { "cell_id": 55, "lon": 76.252449721688265, "lat": 9.9067373338124334 }, "geometry": { "type": "Polygon", "coordinates": [ [ [ 76.254730144370356, 9.904491555874955 ], [ 76.254730144370356, 9.90898311174991 ], [ 76.25016929900616, 9.90898311174991 ], [ 76.25016929900616, 9.904491555874955 ], [ 76.254730144370356, 9.904491555874955 ] ] ] } },
{ "type": "Feature", "properties": { "cell_id": 56, "lon": 76.257010567052461, "lat": 9.9067373338124334 }, "geometry": { "type": "Polygon", "coordinates": [ [ [ 76.259290989734552, 9.904491555874955 ], [ 76.259290989734552, 9.90898311174991 ], [ 76.254730144370356, 9.90898311174991 ], [ 76.254730144370356, 9.904491555874955 ], [ 76.259290989734552, 9.904491555874955 ] ] ] } },
{ "type": "Feature", "properties": { "cell_id": 57, "lon": 76.261571412416657, "lat": 9.9067373338124334 }, "geometry": { "type": "Polygon", "coordinates": [ [ [ 76.263851835098748, 9.904491555874955 ], [ 76.263851835098748, 9.90898311174991 ], [ 76.259290989734552, 9.90898311174991 ], [ 76.259290989734552, 9.904491555874955 ], [ 76.263851835098748, 9.904491555874955 ] ] ] } },
{ "type": "Feature", "properties": { "cell_id": 58, "lon": 76.266132257780853, "lat": 9.9067373338124334 }, "geometry": { "type": "Polygon", "coordinates": [ [ [ 76.268412680462944, 9.904491555874955 ], [ 76.268412680462944, 9.90898311174991 ], [ 76.263851835098748, 9.90898311174991 ], [ 76.263851835098748, 9.904491555874955 ], [ 76.268412680462944, 9.904491555874955 ] ] ] } },
{ "type": "Feature", "properties": { "cell_id": 59, "lon": 76.270693103145049, "lat": 9.9067373338124334 }, "geometry": { "type": "Polygon", "coordinates": [ [ [ 76.27297352582714, 9.904491555874955 ], [ 76.27297352582714, 9.90898311174991 ], [ 76.268412680462944, 9.90898311174991 ], [ 76.268412680462944, 9.904491555874955 ], [ 76.27297352582714, 9.904491555874955 ] ] ] } },
{ "type": "Feature", "properties": { "cell_id": 60, "lon": 76.275253948509246, "lat": 9.9067373338124334 }, "geometry": { "type": "Polygon", "coordinates": [ [ [ 76.277534371191337, 9.904491555874955 ], [ 76.277534371191337, 9.90898311174991 ], [ 76.27297352582714, 9.90898311174991 ], [ 76.27297352582714, 9.904491555874955 ], [ 76.277534371191337, 9.904491555874955 ] ] ] } },
{ "type": "Feature", "properties": { "cell_id": 61, "lon": 76.279814793873442, "lat": 9.9067373338124334 }, "geometry": { "type": "Polygon", "coordinates": [ [ [ 76.282095216555533, 9.904491555874955 ], [ 76.282095216555533, 9.90898311174991 ], [ 76.277534371191337, 9.90898311174991 ], [ 76.277534371191337, 9.904491555874955 ], [ 76.282095216555533, 9.904491555874955 ] ] ] } },
{ "type": "Feature", "properties": { "cell_id": 62, "lon": 76.284375639237638, "lat": 9.9067373338124334 }, "geometry": { "type": "Polygon", "coordinates": [ [ [ 76.286656061919729, 9.904491555874955 ], [ 76.286656061919729, 9.90898311174991 ], [ 76.282095216555533, 9.90898311174991 ], [ 76.282095216555533, 9.904491555874955 ], [ 76.286656061919729, 9.904491555874955 ] ] ] } },
{ "type": "Feature", "properties": { "cell_id": 63, "lon": 76.288936484601834, "lat": 9.9067373338124334 }, "geometry": { "type": "Polygon", "coordinates": [ [ [ 76.291216907283925, 9.904491555874955 ], [ 76.291216907283925, 9.90898311174991 ], [ 76.286656061919729, 9.90898311174991 ], [ 76.286656061919729, 9.904491555874955 ], [ 76.291216907283925, 9.904491555874955 ] ] ] } },
{ "type": "Feature", "properties": { "cell_id": 64, "lon": 76.29349732996603, "lat": 9.9067373338124334 }, "geometry": { "type": "Polygon", "coordinates": [ [ [ 76.295777752648121, 9.904491555874955 ], [ 76.295777752648121, 9.90898311174991 ], [ 76.291216907283925, 9.90898311174991 ], [ 76.291216907283925, 9.904491555874955 ], [ 76.295777752648121, 9.904491555874955 ] ] ] } },
{ "type": "Feature", "properties": { "cell_id": 65, "lon": 76.298058175330226, "lat": 9.9067373338124334 }, "geometry": { "type": "Polygon", "coordinates": [ [ [ 76.300338598012317, 9.904491555874955 ], [ 76.300338598012317, 9.90898311174991 ], [ 76.295777752648121, 9.90898311174991 ], [ 76.295777752648121, 9.904491555874955 ], [ 76.300338598012317, 9.904491555874955 ] ] ] } },
{ "type": "Feature", "properties": { "cell_id": 66, "lon": 76.302619020694422, "lat": 9.9067373338124334 }, "geometry": { "type": "Polygon", "coordinates": [ [ [ 76.304899443376513, 9.904491555874955 ], [ 76.304899443376513, 9.90898311174991 ], [ 76.300338598012317, 9.90898311174991 ], [ 76.300338598012317, 9.904491555874955 ], [ 76.304899443376513, 9.904491555874955 ] ] ] } },
{ "type": "Feature", "properties": { "cell_id": 67, "lon": 76.307179866058618, "lat": 9.9067373338124334 }, "geometry": { "type": "Polygon", "coordinates": [ [ [ 76.309460288740709, 9.904491555874955 ], [ 76.309460288740709, 9.90898311174991 ], [ 76.304899443376513, 9.90898311174991 ], [ 76.304899443376513, 9.904491555874955 ], [ 76.309460288740709, 9.904491555874955 ] ] ] } },
{ "type": "Feature", "properties": { "cell_id": 68, "lon": 76.311740711422814, "lat": 9.9067373338124334 }, "geometry": { "type": "Polygon", "coordinates": [ [ [ 76.314021134104905, 9.904491555874955 ], [ 76.314021134104905, 9.90898311174991 ], [ 76.309460288740709, 9.90898311174991 ], [ 76.309460288740709, 9.904491555874955 ], [ 76.314021134104905, 9.904491555874955 ] ] ] } },
{ "type": "Feature", "properties": { "cell_id": 69, "lon": 76.31630155678701, "lat": 9.9067373338124334 }, "geometry": { "type": "Polygon", "coordinates": [ [ [ 76.318581979469101, 9.904491555874955 ], [ 76.318581979469101, 9.90898311174991 ], [ 76.314021134104905, 9.90898311174991 ], [ 76.314021134104905, 9.904491555874955 ], [ 76.318581979469101, 9.904491555874955 ] ] ] } },
{ "type": "Feature", "properties": { "cell_id": 70, "lon": 76.320862402151207, "lat": 9.9067373338124334 }, "geometry": { "type": "Polygon", "coordinates": [ [ [ 76.323142824833297, 9.904491555874955 ], [ 76.323142824833297, 9.90898311174991 ], [ 76.318581979469101, 9.90898311174991 ], [ 76.318581979469101, 9.904491555874955 ], [ 76.323142824833297, 9.904491555874955 ] ] ] } },
{ "type": "Feature", "properties": { "cell_id": 71, "lon": 76.325423247515403, "lat": 9.9067373338124334 }, "geometry": { "type": "Polygon", "coordinates": [ [ [ 76.327703670197494, 9.904491555874955 ], [ 76.327703670197494, 9.90898311174991 ], [ 76.323142824833297, 9.90898311174991 ], [ 76.323142824833297, 9.904491555874955 ], [ 76.327703670197494, 9.904491555874955 ] ] ] } },
{ "type": "Feature", "properties": { "cell_id": 72, "lon": 76.329984092879599, "lat": 9.9067373338124334 }, "geometry": { "type": "Polygon", "coordinates": [ [ [ 76.33226451556169, 9.904491555874955 ], [ 76.33226451556169, 9.90898311174991 ], [ 76.327703670197494, 9.90898311174991 ], [ 76.327703670197494, 9.904491555874955 ], [ 76.33226451556169, 9.904491555874955 ] ] ] } },
{ "type": "Feature", "properties": { "cell_id": 73, "lon": 76.334544938243795, "lat": 9.9067373338124334 }, "geometry": { "type": "Polygon", "coordinates": [ [ [ 76.336825360925886, 9.904491555874955 ], [ 76.336825360925886, 9.90898311174991 ], [ 76.33226451556169, 9.90898311174991 ], [ 76.33226451556169, 9.904491555874955 ], [ 76.336825360925886, 9.904491555874955 ] ] ] } },
{ "type": "Feature", "properties": { "cell_id": 74, "lon": 76.339105783607991, "lat": 9.9067373338124334 }, "geometry": { "type": "Polygon", "coordinates": [ [ [ 76.341386206290082, 9.904491555874955 ], [ 76.341386206290082, 9.90898311174991 ], [ 76.336825360925886, 9.90898311174991 ], [ 76.336825360925886, 9.904491555874955 ], [ 76.341386206290082, 9.904491555874955 ] ] ] } },
{ "type": "Feature", "properties": { "cell_id": 75, "lon": 76.343666628972187, "lat": 9.9067373338124334 }, "geometry": { "type": "Polygon", "coordinates": [ [ [ 76.345947051654278, 9.904491555874955 ], [ 76.345947051654278, 9.90898311174991 ], [ 76.341386206290082, 9.90898311174991 ], [ 76.341386206290082, 9.904491555874955 ], [ 76.345947051654278, 9.904491555874955 ] ] ] } },
{ "type": "Feature", "properties": { "cell_id": 76, "lon": 76.348227474336383, "lat": 9.9067373338124334 }, "geometry": { "type": "Polygon", "coordinates": [ [ [ 76.350507897018474, 9.904491555874955 ], [ 76.350507897018474, 9.90898311174991 ], [ 76.345947051654278, 9.90898311174991 ], [ 76.345947051654278, 9.904491555874955 ], [ 76.350507897018474, 9.904491555874955 ] ] ] } },
{ "type": "Feature", "properties": { "cell_id": 77, "lon": 76.352788319700579, "lat": 9.9067373338124334 }, "geometry": { "type": "Polygon", "coordinates": [ [ [ 76.35506874238267, 9.904491555874955 ], [ 76.35506874238267, 9.90898311174991 ], [ 76.350507897018474, 9.90898311174991 ], [ 76.350507897018474, 9.904491555874955 ], [ 76.35506874238267, 9.904491555874955 ] ] ] } },
{ "type": "Feature", "properties": { "cell_id": 78, "lon": 76.357349165064775, "lat": 9.9067373338124334 }, "geometry": { "type": "Polygon", "coordinates": [ [ [ 76.359629587746866, 9.904491555874955 ], [ 76.359629587746866, 9.90898311174991 ], [ 76.35506874238267, 9.90898311174991 ], [ 76.35506874238267, 9.904491555874955 ], [ 76.359629587746866, 9.904491555874955 ] ] ] } },
{ "type": "Feature", "properties": { "cell_id": 79, "lon": 76.361910010428971, "lat": 9.9067373338124334 }, "geometry": { "type": "Polygon", "coordinates": [ [ [ 76.364190433111062, 9.904491555874955 ], [ 76.364190433111062, 9.90898311174991 ], [ 76.359629587746866, 9.90898311174991 ], [ 76.359629587746866, 9.904491555874955 ], [ 76.364190433111062, 9.904491555874955 ] ] ] } },
{ "type": "Feature", "properties": { "cell_id": 80, "lon": 76.366470855793168, "lat": 9.9067373338124334 }, "geometry": { "type": "Polygon", "coordinates": [ [ [ 76.368751278475258, 9.904491555874955 ], [ 76.368751278475258, 9.90898311174991 ], [ 76.364190433111062, 9.90898311174991 ], [ 76.364190433111062, 9.904491555874955 ], [ 76.368751278475258, 9.904491555874955 ] ] ] } },
{ "type": "Feature", "properties": { "cell_id": 81, "lon": 76.371031701157364, "lat": 9.9067373338124334 }, "geometry": { "type": "Polygon", "coordinates": [ [ [ 76.373312123839455, 9.904491555874955 ], [ 76.373312123839455, 9.90898311174991 ], [ 76.368751278475258, 9.90898311174991 ], [ 76.368751278475258, 9.904491555874955 ], [ 76.373312123839455, 9.904491555874955 ] ] ] } },
{ "type": "Feature", "properties": { "cell_id": 82, "lon": 76.37559254652156, "lat": 9.9067373338124334 }, "geometry": { "type": "Polygon", "coordinates": [ [ [ 76.377872969203651, 9.904491555874955 ], [ 76.377872969203651, 9.90898311174991 ], [ 76.373312123839455, 9.90898311174991 ], [ 76.373312123839455, 9.904491555874955 ], [ 76.377872969203651, 9.904491555874955 ] ] ] } },
{ "type": "Feature", "properties": { "cell_id": 83, "lon": 76.380153391885756, "lat": 9.9067373338124334 }, "geometry": { "type": "Polygon", "coordinates": [ [ [ 76.382433814567847, 9.904491555874955 ], [ 76.382433814567847, 9.90898311174991 ], [ 76.377872969203651, 9.90898311174991 ], [ 76.377872969203651, 9.904491555874955 ], [ 76.382433814567847, 9.904491555874955 ] ] ] } },
{ "type": "Feature", "properties": { "cell_id": 84, "lon": 76.384714237249952, "lat": 9.9067373338124334 }, "geometry": { "type": "Polygon", "coordinates": [ [ [ 76.386994659932043, 9.904491555874955 ], [ 76.386994659932043, 9.90898311174991 ], [ 76.382433814567847, 9.90898311174991 ], [ 76.382433814567847, 9.904491555874955 ], [ 76.386994659932043, 9.904491555874955 ] ] ] } },
{ "type": "Feature", "properties": { "cell_id": 85, "lon": 76.389275082614148, "lat": 9.9067373338124334 }, "geometry": { "type": "Polygon", "coordinates": [ [ [ 76.391555505296239, 9.904491555874955 ], [ 76.391555505296239, 9.90898311174991 ], [ 76.386994659932043, 9.90898311174991 ], [ 76.386994659932043, 9.904491555874955 ], [ 76.391555505296239, 9.904491555874955 ] ] ] } },
{ "type": "Feature", "properties": { "cell_id": 86, "lon": 76.393835927978344, "lat": 9.9067373338124334 }, "geometry": { "type": "Polygon", "coordinates": [ [ [ 76.396116350660435, 9.904491555874955 ], [ 76.396116350660435, 9.90898311174991 ], [ 76.391555505296239, 9.90898311174991 ], [ 76.391555505296239, 9.904491555874955 ], [ 76.396116350660435, 9.904491555874955 ] ] ] } },
{ "type": "Feature", "properties": { "cell_id": 87, "lon": 76.39839677334254, "lat": 9.9067373338124334 }, "geometry": { "type": "Polygon", "coordinates": [ [ [ 76.400677196024631, 9.904491555874955 ], [ 76.400677196024631, 9.90898311174991 ], [ 76.396116350660435, 9.90898311174991 ], [ 76.396116350660435, 9.904491555874955 ], [ 76.400677196024631, 9.904491555874955 ] ] ] } },
{ "type": "Feature", "properties": { "cell_id": 88, "lon": 76.202280422682108, "lat": 9.9112288896873881 }, "geometry": { "type": "Polygon", "coordinates": [ [ [ 76.204560845364199, 9.90898311174991 ], [ 76.204560845364199, 9.913474667624865 ], [ 76.2, 9.913474667624865 ], [ 76.2, 9.90898311174991 ], [ 76.204560845364199, 9.90898311174991 ] ] ] } },
{ "type": "Feature", "properties": { "cell_id": 89, "lon": 76.206841268046304, "lat": 9.9112288896873881 }, "geometry": { "type": "Polygon", "coordinates": [ [ [ 76.209121690728395, 9.90898311174991 ], [ 76.209121690728395, 9.913474667624865 ], [ 76.204560845364199, 9.913474667624865 ], [ 76.204560845364199, 9.90898311174991 ], [ 76.209121690728395, 9.90898311174991 ] ] ] } },
{ "type": "Feature", "properties": { "cell_id": 90, "lon": 76.2114021134105, "lat": 9.9112288896873881 }, "geometry": { "type": "Polygon", "coordinates": [ [ [ 76.213682536092591, 9.90898311174991 ], [ 76.213682536092591, 9.913474667624865 ], [ 76.209121690728395, 9.913474667624865 ], [ 76.209121690728395, 9.90898311174991 ], [ 76.213682536092591, 9.90898311174991 ] ] ] } },
{ "type": "Feature", "properties": { "cell_id": 91, "lon": 76.215962958774696, "lat": 9.9112288896873881 }, "geometry": { "type": "Polygon", "coordinates": [ [ [ 76.218243381456787, 9.90898311174991 ], [ 76.218243381456787, 9.913474667624865 ], [ 76.213682536092591, 9.913474667624865 ], [ 76.213682536092591, 9.90898311174991 ], [ 76.218243381456787, 9.90898311174991 ] ] ] } },
{ "type": "Feature", "properties": { "cell_id": 92, "lon": 76.220523804138892, "lat": 9.9112288896873881 }, "geometry": { "type": "Polygon", "coordinates": [ [ [ 76.222804226820983, 9.90898311174991 ], [ 76.222804226820983, 9.913474667624865 ], [ 76.218243381456787, 9.913474667624865 ], [ 76.218243381456787, 9.90898311174991 ], [ 76.222804226820983, 9.90898311174991 ] ] ] } },
{ "type": "Feature", "properties": { "cell_id": 93, "lon": 76.225084649503088, "lat": 9.9112288896873881 }, "geometry": { "type": "Polygon", "coordinates": [ [ [ 76.227365072185179, 9.90898311174991 ], [ 76.227365072185179, 9.913474667624865 ], [ 76.222804226820983, 9.913474667624865 ], [ 76.222804226820983, 9.90898311174991 ], [ 76.227365072185179, 9.90898311174991 ] ] ] } },
{ "type": "Feature", "properties": { "cell_id": 94, "lon": 76.229645494867285, "lat": 9.9112288896873881 }, "geometry": { "type": "Polygon", "coordinates": [ [ [ 76.231925917549376, 9.90898311174991 ], [ 76.231925917549376, 9.913474667624865 ], [ 76.227365072185179, 9.913474667624865 ], [ 76.227365072185179, 9.90898311174991 ], [ 76.231925917549376, 9.90898311174991 ] ] ] } },
{ "type": "Feature", "properties": { "cell_id": 95, "lon": 76.234206340231481, "lat": 9.9112288896873881 }, "geometry": { "type": "Polygon", "coordinates": [ [ [ 76.236486762913572, 9.90898311174991 ], [ 76.236486762913572, 9.913474667624865 ], [ 76.231925917549376, 9.913474667624865 ], [ 76.231925917549376, 9.90898311174991 ], [ 76.236486762913572, 9.90898311174991 ] ] ] } },
{ "type": "Feature", "properties": { "cell_id": 96, "lon": 76.238767185595677, "lat": 9.9112288896873881 }, "geometry": { "type": "Polygon", "coordinates": [ [ [ 76.241047608277768, 9.90898311174991 ], [ 76.241047608277768, 9.913474667624865 ], [ 76.236486762913572, 9.913474667624865 ], [ 76.236486762913572, 9.90898311174991 ], [ 76.241047608277768, 9.90898311174991 ] ] ] } },
{ "type": "Feature", "properties": { "cell_id": 97, "lon": 76.243328030959873, "lat": 9.9112288896873881 }, "geometry": { "type": "Polygon", "coordinates": [ [ [ 76.245608453641964, 9.90898311174991 ], [ 76.245608453641964, 9.913474667624865 ], [ 76.241047608277768, 9.913474667624865 ], [ 76.241047608277768, 9.90898311174991 ], [ 76.245608453641964, 9.90898311174991 ] ] ] } },
{ "type": "Feature", "properties": { "cell_id": 98, "lon": 76.247888876324069, "lat": 9.9112288896873881 }, "geometry": { "type": "Polygon", "coordinates": [ [ [ 76.25016929900616, 9.90898311174991 ], [ 76.25016929900616, 9.913474667624865 ], [ 76.245608453641964, 9.913474667624865 ], [ 76.245608453641964, 9.90898311174991 ], [ 76.25016929900616, 9.90898311174991 ] ] ] } },
{ "type": "Feature", "properties": { "cell_id": 99, "lon": 76.252449721688265, "lat": 9.9112288896873881 }, "geometry": { "type": "Polygon", "coordinates": [ [ [ 76.254730144370356, 9.90898311174991 ], [ 76.254730144370356, 9.913474667624865 ], [ 76.25016929900616, 9.913474667624865 ], [ 76.25016929900616, 9.90898311174991 ], [ 76.254730144370356, 9.90898311174991 ] ] ] } },
{ "type": "Feature", "properties": { "cell_id": 100, "lon": 76.257010567052461, "lat": 9.9112288896873881 }, "geometry": { "type": "Polygon", "coordinates": [ [ [ 76.259290989734552, 9.90898311174991 ], [ 76.259290989734552, 9.913474667624865 ], [ 76.254730144370356, 9.913474667624865 ], [ 76.254730144370356, 9.90898311174991 ], [ 76.259290989734552, 9.90898311174991 ] ] ] } },
{ "type": "Feature", "properties": { "cell_id": 101, "lon": 76.261571412416657, "lat": 9.9112288896873881 }, "geometry": { "type": "Polygon", "coordinates": [ [ [ 76.263851835098748, 9.90898311174991 ], [ 76.263851835098748, 9.913474667624865 ], [ 76.259290989734552, 9.913474667624865 ], [ 76.259290989734552, 9.90898311174991 ], [ 76.263851835098748, 9.90898311174991 ] ] ] } },
{ "type": "Feature", "properties": { "cell_id": 102, "lon": 76.266132257780853, "lat": 9.9112288896873881 }, "geometry": { "type": "Polygon", "coordinates": [ [ [ 76.268412680462944, 9.90898311174991 ], [ 76.268412680462944, 9.913474667624865 ], [ 76.263851835098748, 9.913474667624865 ], [ 76.263851835098748, 9.90898311174991 ], [ 76.268412680462944, 9.90898311174991 ] ] ] } },
{ "type": "Feature", "properties": { "cell_id": 103, "lon": 76.270693103145049, "lat": 9.9112288896873881 }, "geometry": { "type": "Polygon", "coordinates": [ [ [ 76.27297352582714, 9.90898311174991 ], [ 76.27297352582714, 9.913474667624865 ], [ 76.268412680462944, 9.913474667624865 ], [ 76.268412680462944, 9.90898311174991 ], [ 76.27297352582714, 9.90898311174991 ] ] ] } },
{ "type": "Feature", "properties": { "cell_id": 104, "lon": 76.275253948509246, "lat": 9.9112288896873881 }, "geometry": { "type": "Polygon", "coordinates": [ [ [ 76.277534371191337, 9.90898311174991 ], [ 76.277534371191337, 9.913474667624865 ], [ 76.27297352582714, 9.913474667624865 ], [ 76.27297352582714, 9.90898311174991 ], [ 76.277534371191337, 9.90898311174991 ] ] ] } },
{ "type": "Feature", "properties": { "cell_id": 105, "lon": 76.279814793873442, "lat": 9.9112288896873881 }, "geometry": { "type": "Polygon", "coordinates": [ [ [ 76.282095216555533, 9.90898311174991 ], [ 76.282095216555533, 9.913474667624865 ], [ 76.277534371191337, 9.913474667624865 ], [ 76.277534371191337, 9.90898311174991 ], [ 76.282095216555533, 9.90898311174991 ] ] ] } },
{ "type": "Feature", "properties": { "cell_id": 106, "lon": 76.284375639237638, "lat": 9.9112288896873881 }, "geometry": { "type": "Polygon", "coordinates": [ [ [ 76.286656061919729, 9.90898311174991 ], [ 76.286656061919729, 9.913474667624865 ], [ 76.282095216555533, 9.913474667624865 ], [ 76.282095216555533, 9.90898311174991 ], [ 76.286656061919729, 9.90898311174991 ] ] ] } },
{ "type": "Feature", "properties": { "cell_id": 107, "lon": 76.288936484601834, "lat": 9.9112288896873881 }, "geometry": { "type": "Polygon", "coordinates": [ [ [ 76.291216907283925, 9.90898311174991 ], [ 76.291216907283925, 9.913474667624865 ], [ 76.286656061919729, 9.913474667624865 ], [ 76.286656061919729, 9.90898311174991 ], [ 76.291216907283925, 9.90898311174991 ] ] ] } },
{ "type": "Feature", "properties": { "cell_id": 108, "lon": 76.29349732996603, "lat": 9.9112288896873881 }, "geometry": { "type": "Polygon", "coordinates": [ [ [ 76.295777752648121, 9.90898311174991 ], [ 76.295777752648121, 9.913474667624865 ], [ 76.291216907283925, 9.913474667624865 ], [ 76.291216907283925, 9.90898311174991 ], [ 76.295777752648121, 9.90898311174991 ] ] ] } },
{ "type": "Feature", "properties": { "cell_id": 109, "lon": 76.298058175330226, "lat": 9.9112288896873881 }, "geometry": { "type": "Polygon", "coordinates": [ [ [ 76.300338598012317, 9.90898311174991 ], [ 76.300338598012317, 9.913474667624865 ], [ 76.295777752648121, 9.913474667624865 ], [ 76.295777752648121, 9.90898311174991 ], [ 76.300338598012317, 9.90898311174991 ] ] ] } },
{ "type": "Feature", "properties": { "cell_id": 110, "lon": 76.302619020694422, "lat": 9.9112288896873881 }, "geometry": { "type": "Polygon", "coordinates": [ [ [ 76.304899443376513, 9.90898311174991 ], [ 76.304899443376513, 9.913474667624865 ], [ 76.300338598012317, 9.913474667624865 ], [ 76.300338598012317, 9.90898311174991 ], [ 76.304899443376513, 9.90898311174991 ] ] ] } },
{ "type": "Feature", "properties": { "cell_id": 111, "lon": 76.307179866058618, "lat": 9.9112288896873881 }, "geometry": { "type": "Polygon", "coordinates": [ [ [ 76.309460288740709, 9.90898311174991 ], [ 76.309460288740709, 9.913474667624865 ], [ 76.304899443376513, 9.913474667624865 ], [ 76.304899443376513, 9.90898311174991 ], [ 76.309460288740709, 9.90898311174991 ] ] ] } },
{ "type": "Feature", "properties": { "cell_id": 112, "lon": 76.311740711422814, "lat": 9.9112288896873881 }, "geometry": { "type": "Polygon", "coordinates": [ [ [ 76.314021134104905, 9.90898311174991 ], [ 76.314021134104905, 9.913474667624865 ], [ 76.309460288740709, 9.913474667624865 ], [ 76.309460288740709, 9.90898311174991 ], [ 76.314021134104905, 9.90898311174991 ] ] ] } },
{ "type": "Feature", "properties": { "cell_id": 113, "lon": 76.31630155678701, "lat": 9.9112288896873881 }, "geometry": { "type": "Polygon", "coordinates": [ [ [ 76.318581979469101, 9.90898311174991 ], [ 76.318581979469101, 9.913474667624865 ], [ 76.314021134104905, 9.913474667624865 ], [ 76.314021134104905, 9.90898311174991 ], [ 76.318581979469101, 9.90898311174991 ] ] ] } },
{ "type": "Feature", "properties": { "cell_id": 114, "lon": 76.320862402151207, "lat": 9.9112288896873881 }, "geometry": { "type": "Polygon", "coordinates": [ [ [ 76.323142824833297, 9.90898311174991 ], [ 76.323142824833297, 9.913474667624865 ], [ 76.318581979469101, 9.913474667624865 ], [ 76.318581979469101, 9.90898311174991 ], [ 76.323142824833297, 9.90898311174991 ] ] ] } },
{ "type": "Feature", "properties": { "cell_id": 115, "lon": 76.325423247515403, "lat": 9.9112288896873881 }, "geometry": { "type": "Polygon", "coordinates": [ [ [ 76.327703670197494, 9.90898311174991 ], [ 76.327703670197494, 9.913474667624865 ], [ 76.323142824833297, 9.913474667624865 ], [ 76.323142824833297, 9.90898311174991 ], [ 76.327703670197494, 9.90898311174991 ] ] ] } },
{ "type": "Feature", "properties": { "cell_id": 116, "lon": 76.329984092879599, "lat": 9.9112288896873881 }, "geometry": { "type": "Polygon", "coordinates": [ [ [ 76.33226451556169, 9.90898311174991 ], [ 76.33226451556169, 9.913474667624865 ], [ 76.327703670197494, 9.913474667624865 ], [ 76.327703670197494, 9.90898311174991 ], [ 76.33226451556169, 9.90898311174991 ] ] ] } },
{ "type": "Feature", "properties": { "cell_id": 117, "lon": 76.334544938243795, "lat": 9.9112288896873881 }, "geometry": { "type": "Polygon", "coordinates": [ [ [ 76.336825360925886, 9.90898311174991 ], [ 76.336825360925886, 9.913474667624865 ], [ 76.33226451556169, 9.913474667624865 ], [ 76.33226451556169, 9.90898311174991 ], [ 76.336825360925886, 9.90898311174991 ] ] ] } },
{ "type": "Feature", "properties": { "cell_id": 118, "lon": 76.339105783607991, "lat": 9.9112288896873881 }, "geometry": { "type": "Polygon", "coordinates": [ [ [ 76.341386206290082, 9.90898311174991 ], [ 76.341386206290082, 9.913474667624865 ], [ 76.336825360925886, 9.913474667624865 ], [ 76.336825360925886, 9.90898311174991 ], [ 76.341386206290082, 9.90898311174991 ] ] ] } },
{ "type": "Feature", "properties": { "cell_id": 119, "lon": 76.343666628972187, "lat": 9.9112288896873881 }, "geometry": { "type": "Polygon", "coordinates": [ [ [ 76.345947051654278, 9.90898311174991 ], [ 76.345947051654278, 9.913474667624865 ], [ 76.341386206290082, 9.913474667624865 ], [ 76.341386206290082, 9.90898311174991 ], [ 76.345947051654278, 9.90898311174991 ] ] ] } },
{ "type": "Feature", "properties": { "cell_id": 120, "lon": 76.348227474336383, "lat": 9.9112288896873881 }, "geometry": { "type": "Polygon", "coordinates": [ [ [ 76.350507897018474, 9.90898311174991 ], [ 76.350507897018474, 9.913474667624865 ], [ 76.345947051654278, 9.913474667624865 ], [ 76.345947051654278, 9.90898311174991 ], [ 76.350507897018474, 9.90898311174991 ] ] ] } },
{ "type": "Feature", "properties": { "cell_id": 121, "lon": 76.352788319700579, "lat": 9.9112288896873881 }, "geometry": { "type": "Polygon", "coordinates": [ [ [ 76.35506874238267, 9.90898311174991 ], [ 76.35506874238267, 9.913474667624865 ], [ 76.350507897018474, 9.913474667624865 ], [ 76.350507897018474, 9.90898311174991 ], [ 76.35506874238267, 9.90898311174991 ] ] ] } },
{ "type": "Feature", "properties": { "cell_id": 122, "lon": 76.357349165064775, "lat": 9.9112288896873881 }, "geometry": { "type": "Polygon", "coordinates": [ [ [ 76.359629587746866, 9.90898311174991 ], [ 76.359629587746866, 9.913474667624865 ], [ 76.35506874238267, 9.913474667624865 ], [ 76.35506874238267, 9.90898311174991 ], [ 76.359629587746866, 9.90898311174991 ] ] ] } },
{ "type": "Feature", "properties": { "cell_id": 123, "lon": 76.361910010428971, "lat": 9.9112288896873881 }, "geometry": { "type": "Polygon", "coordinates": [ [ [ 76.364190433111062, 9.90898311174991 ], [ 76.364190433111062, 9.913474667624865 ], [ 76.359629587746866, 9.913474667624865 ], [ 76.359629587746866, 9.90898311174991 ], [ 76.364190433111062, 9.90898311174991 ] ] ] } },
{ "type": "Feature", "properties": { "cell_id": 124, "lon": 76.366470855793168, "lat": 9.9112288896873881 }, "geometry": { "type": "Polygon", "coordinates": [ [ [ 76.368751278475258, 9.90898311174991 ], [ 76.368751278475258, 9.913474667624865 ], [ 76.364190433111062, 9.913474667624865 ], [ 76.364190433111062, 9.90898311174991 ], [ 76.368751278475258, 9.90898311174991 ] ] ] } },
{ "type": "Feature", "properties": { "cell_id": 125, "lon": 76.371031701157364, "lat": 9.9112288896873881 }, "geometry": { "type": "Polygon", "coordinates": [ [ [ 76.373312123839455, 9.90898311174991 ], [ 76.373312123839455, 9.913474667624865 ], [ 76.368751278475258, 9.913474667624865 ], [ 76.368751278475258, 9.90898311174991 ], [ 76.373312123839455, 9.90898311174991 ] ] ] } },
{ "type": "Feature", "properties": { "cell_id": 126, "lon": 76.37559254652156, "lat": 9.9112288896873881 }, "geometry": { "type": "Polygon", "coordinates": [ [ [ 76.377872969203651, 9.90898311174991 ], [ 76.377872969203651, 9.913474667624865 ], [ 76.373312123839455, 9.913474667624865 ], [ 76.373312123839455, 9.90898311174991 ], [ 76.377872969203651, 9.90898311174991 ] ] ] } },
{ "type": "Feature", "properties": { "cell_id": 127, "lon": 76.380153391885756, "lat": 9.9112288896873881 }, "geometry": { "type": "Polygon", "coordinates": [ [ [ 76.382433814567847, 9.90898311174991 ], [ 76.382433814567847, 9.913474667624865 ], [ 76.377872969203651, 9.913474667624865 ], [ 76.377872969203651, 9.90898311174991 ], [ 76.382433814567847, 9.90898311174991 ] ] ] } },
{ "type": "Feature", "properties": { "cell_id": 128, "lon": 76.384714237249952, "lat": 9.9112288896873881 }, "geometry": { "type": "Polygon", "coordinates": [ [ [ 76.386994659932043, 9.90898311174991 ], [ 76.386994659932043, 9.913474667624865 ], [ 76.382433814567847, 9.913474667624865 ], [ 76.382433814567847, 9.90898311174991 ], [ 76.386994659932043, 9.90898311174991 ] ] ] } },
{ "type": "Feature", "properties": { "cell_id": 129, "lon": 76.389275082614148, "lat": 9.9112288896873881 }, "geometry": { "type": "Polygon", "coordinates": [ [ [ 76.391555505296239, 9.90898311174991 ], [ 76.391555505296239, 9.913474667624865 ], [ 76.386994659932043, 9.913474667624865 ], [ 76.386994659932043, 9.90898311174991 ], [ 76.391555505296239, 9.90898311174991 ] ] ] } },
{ "type": "Feature", "properties": { "cell_id": 130, "lon": 76.393835927978344, "lat": 9.9112288896873881 }, "geometry": { "type": "Polygon", "coordinates": [ [ [ 76.396116350660435, 9.90898311174991 ], [ 76.396116350660435, 9.913474667624865 ], [ 76.391555505296239, 9.913474667624865 ], [ 76.391555505296239, 9.90898311174991 ], [ 76.396116350660435, 9.90898311174991 ] ] ] } },
{ "type": "Feature", "properties": { "cell_id": 131, "lon": 76.39839677334254, "lat": 9.9112288896873881 }, "geometry": { "type": "Polygon", "coordinates": [ [ [ 76.400677196024631, 9.90898311174991 ], [ 76.400677196024631, 9.913474667624865 ], [ 76.396116350660435, 9.913474667624865 ], [ 76.396116350660435, 9.90898311174991 ], [ 76.400677196024631, 9.90898311174991 ] ] ] } },
{ "type": "Feature", "properties": { "cell_id": 132, "lon": 76.202280422682108, "lat": 9.9157204455623429 }, "geometry": { "type": "Polygon", "coordinates": [ [ [ 76.204560845364199, 9.913474667624865 ], [ 76.204560845364199, 9.917966223499819 ], [ 76.2, 9.917966223499819 ], [ 76.2, 9.913474667624865 ], [ 76.204560845364199, 9.913474667624865 ] ] ] } },
{ "type": "Feature", "properties": { "cell_id": 133, "lon": 76.206841268046304, "lat": 9.9157204455623429 }, "geometry": { "type": "Polygon", "coordinates": [ [ [ 76.209121690728395, 9.913474667624865 ], [ 76.209121690728395, 9.917966223499819 ], [ 76.204560845364199, 9.917966223499819 ], [ 76.204560845364199, 9.913474667624865 ], [ 76.209121690728395, 9.913474667624865 ] ] ] } },
{ "type": "Feature", "properties": { "cell_id": 134, "lon": 76.2114021134105, "lat": 9.9157204455623429 }, "geometry": { "type": "Polygon", "coordinates": [ [ [ 76.213682536092591, 9.913474667624865 ], [ 76.213682536092591, 9.917966223499819 ], [ 76.209121690728395, 9.917966223499819 ], [ 76.209121690728395, 9.913474667624865 ], [ 76.213682536092591, 9.913474667624865 ] ] ] } },
{ "type": "Feature", "properties": { "cell_id": 135, "lon": 76.215962958774696, "lat": 9.9157204455623429 }, "geometry": { "type": "Polygon", "coordinates": [ [ [ 76.218243381456787, 9.913474667624865 ], [ 76.218243381456787, 9.917966223499819 ], [ 76.213682536092591, 9.917966223499819 ], [ 76.213682536092591, 9.913474667624865 ], [ 76.218243381456787, 9.913474667624865 ] ] ] } },
{ "type": "Feature", "properties": { "cell_id": 136, "lon": 76.220523804138892, "lat": 9.9157204455623429 }, "geometry": { "type": "Polygon", "coordinates": [ [ [ 76.222804226820983, 9.913474667624865 ], [ 76.222804226820983, 9.917966223499819 ], [ 76.218243381456787, 9.917966223499819 ], [ 76.218243381456787, 9.913474667624865 ], [ 76.222804226820983, 9.913474667624865 ] ] ] } },
{ "type": "Feature", "properties": { "cell_id": 137, "lon": 76.225084649503088, "lat": 9.9157204455623429 }, "geometry": { "type": "Polygon", "coordinates": [ [ [ 76.227365072185179, 9.913474667624865 ], [ 76.227365072185179, 9.917966223499819 ], [ 76.222804226820983, 9.917966223499819 ], [ 76.222804226820983, 9.913474667624865 ], [ 76.227365072185179, 9.913474667624865 ] ] ] } },
{ "type": "Feature", "properties": { "cell_id": 138, "lon": 76.229645494867285, "lat": 9.9157204455623429 }, "geometry": { "type": "Polygon", "coordinates": [ [ [ 76.231925917549376, 9.913474667624865 ], [ 76.231925917549376, 9.917966223499819 ], [ 76.227365072185179, 9.917966223499819 ], [ 76.227365072185179, 9.913474667624865 ], [ 76.231925917549376, 9.913474667624865 ] ] ] } },
{ "type": "Feature", "properties": { "cell_id": 139, "lon": 76.234206340231481, "lat": 9.9157204455623429 }, "geometry": { "type": "Polygon", "coordinates": [ [ [ 76.236486762913572, 9.913474667624865 ], [ 76.236486762913572, 9.917966223499819 ], [ 76.231925917549376, 9.917966223499819 ], [ 76.231925917549376, 9.913474667624865 ], [ 76.236486762913572, 9.913474667624865 ] ] ] } },
{ "type": "Feature", "properties": { "cell_id": 140, "lon": 76.238767185595677, "lat": 9.9157204455623429 }, "geometry": { "type": "Polygon", "coordinates": [ [ [ 76.241047608277768, 9.913474667624865 ], [ 76.241047608277768, 9.917966223499819 ], [ 76.236486762913572, 9.917966223499819 ], [ 76.236486762913572, 9.913474667624865 ], [ 76.241047608277768, 9.913474667624865 ] ] ] } },
{ "type": "Feature", "properties": { "cell_id": 141, "lon": 76.243328030959873, "lat": 9.9157204455623429 }, "geometry": { "type": "Polygon", "coordinates": [ [ [ 76.245608453641964, 9.913474667624865 ], [ 76.245608453641964, 9.917966223499819 ], [ 76.241047608277768, 9.917966223499819 ], [ 76.241047608277768, 9.913474667624865 ], [ 76.245608453641964, 9.913474667624865 ] ] ] } },
{ "type": "Feature", "properties": { "cell_id": 142, "lon": 76.247888876324069, "lat": 9.9157204455623429 }, "geometry": { "type": "Polygon", "coordinates": [ [ [ 76.25016929900616, 9.913474667624865 ], [ 76.25016929900616, 9.917966223499819 ], [ 76.245608453641964, 9.917966223499819 ], [ 76.245608453641964, 9.913474667624865 ], [ 76.25016929900616, 9.913474667624865 ] ] ] } },
{ "type": "Feature", "properties": { "cell_id": 143, "lon": 76.252449721688265, "lat": 9.9157204455623429 }, "geometry": { "type": "Polygon", "coordinates": [ [ [ 76.254730144370356, 9.913474667624865 ], [ 76.254730144370356, 9.917966223499819 ], [ 76.25016929900616, 9.917966223499819 ], [ 76.25016929900616, 9.913474667624865 ], [ 76.254730144370356, 9.913474667624865 ] ] ] } },
{ "type": "Feature", "properties": { "cell_id": 144, "lon": 76.257010567052461, "lat": 9.9157204455623429 }, "geometry": { "type": "Polygon", "coordinates": [ [ [ 76.259290989734552, 9.913474667624865 ], [ 76.259290989734552, 9.917966223499819 ], [ 76.254730144370356, 9.917966223499819 ], [ 76.254730144370356, 9.913474667624865 ], [ 76.259290989734552, 9.913474667624865 ] ] ] } },
{ "type": "Feature", "properties": { "cell_id": 145, "lon": 76.261571412416657, "lat": 9.9157204455623429 }, "geometry": { "type": "Polygon", "coordinates": [ [ [ 76.263851835098748, 9.913474667624865 ], [ 76.263851835098748, 9.917966223499819 ], [ 76.259290989734552, 9.917966223499819 ], [ 76.259290989734552, 9.913474667624865 ], [ 76.263851835098748, 9.913474667624865 ] ] ] } },
{ "type": "Feature", "properties": { "cell_id": 146, "lon": 76.266132257780853, "lat": 9.9157204455623429 }, "geometry": { "type": "Polygon", "coordinates": [ [ [ 76.268412680462944, 9.913474667624865 ], [ 76.268412680462944, 9.917966223499819 ], [ 76.263851835098748, 9.917966223499819 ], [ 76.263851835098748, 9.913474667624865 ], [ 76.268412680462944, 9.913474667624865 ] ] ] } },
{ "type": "Feature", "properties": { "cell_id": 147, "lon": 76.270693103145049, "lat": 9.9157204455623429 }, "geometry": { "type": "Polygon", "coordinates": [ [ [ 76.27297352582714, 9.913474667624865 ], [ 76.27297352582714, 9.917966223499819 ], [ 76.268412680462944, 9.917966223499819 ], [ 76.268412680462944, 9.913474667624865 ], [ 76.27297352582714, 9.913474667624865 ] ] ] } },
{ "type": "Feature", "properties": { "cell_id": 148, "lon": 76.275253948509246, "lat": 9.9157204455623429 }, "geometry": { "type": "Polygon", "coordinates": [ [ [ 76.277534371191337, 9.913474667624865 ], [ 76.277534371191337, 9.917966223499819 ], [ 76.27297352582714, 9.917966223499819 ], [ 76.27297352582714, 9.913474667624865 ], [ 76.277534371191337, 9.913474667624865 ] ] ] } },
{ "type": "Feature", "properties": { "cell_id": 149, "lon": 76.279814793873442, "lat": 9.9157204455623429 }, "geometry": { "type": "Polygon", "coordinates": [ [ [ 76.282095216555533, 9.913474667624865 ], [ 76.282095216555533, 9.917966223499819 ], [ 76.277534371191337, 9.917966223499819 ], [ 76.277534371191337, 9.913474667624865 ], [ 76.282095216555533, 9.913474667624865 ] ] ] } },
{ "type": "Feature", "properties": { "cell_id": 150, "lon": 76.284375639237638, "lat": 9.9157204455623429 }, "geometry": { "type": "Polygon", "coordinates": [ [ [ 76.286656061919729, 9.913474667624865 ], [ 76.286656061919729, 9.917966223499819 ], [ 76.282095216555533, 9.917966223499819 ], [ 76.282095216555533, 9.913474667624865 ], [ 76.286656061919729, 9.913474667624865 ] ] ] } },
{ "type": "Feature", "properties": { "cell_id": 151, "lon": 76.288936484601834, "lat": 9.9157204455623429 }, "geometry": { "type": "Polygon", "coordinates": [ [ [ 76.291216907283925, 9.913474667624865 ], [ 76.291216907283925, 9.917966223499819 ], [ 76.286656061919729, 9.917966223499819 ], [ 76.286656061919729, 9.913474667624865 ], [ 76.291216907283925, 9.913474667624865 ] ] ] } },
{ "type": "Feature", "properties": { "cell_id": 152, "lon": 76.29349732996603, "lat": 9.9157204455623429 }, "geometry": { "type": "Polygon", "coordinates": [ [ [ 76.295777752648121, 9.913474667624865 ], [ 76.295777752648121, 9.917966223499819 ], [ 76.291216907283925, 9.917966223499819 ], [ 76.291216907283925, 9.913474667624865 ], [ 76.295777752648121, 9.913474667624865 ] ] ] } },
{ "type": "Feature", "properties": { "cell_id": 153, "lon": 76.298058175330226, "lat": 9.9157204455623429 }, "geometry": { "type": "Polygon", "coordinates": [ [ [ 76.300338598012317, 9.913474667624865 ], [ 76.300338598012317, 9.917966223499819 ], [ 76.295777752648121, 9.917966223499819 ], [ 76.295777752648121, 9.913474667624865 ], [ 76.300338598012317, 9.913474667624865 ] ] ] } },
{ "type": "Feature", "properties": { "cell_id": 154, "lon": 76.302619020694422, "lat": 9.9157204455623429 }, "geometry": { "type": "Polygon", "coordinates": [ [ [ 76.304899443376513, 9.913474667624865 ], [ 76.304899443376513, 9.917966223499819 ], [ 76.300338598012317, 9.917966223499819 ], [ 76.300338598012317, 9.913474667624865 ], [ 76.304899443376513, 9.913474667624865 ] ] ] } },
{ "type": "Feature", "properties": { "cell_id": 155, "lon": 76.307179866058618, "lat": 9.9157204455623429 }, "geometry": { "type": "Polygon", "coordinates": [ [ [ 76.309460288740709, 9.913474667624865 ], [ 76.309460288740709, 9.917966223499819 ], [ 76.304899443376513, 9.917966223499819 ], [ 76.304899443376513, 9.913474667624865 ], [ 76.309460288740709, 9.913474667624865 ] ] ] } },
{ "type": "Feature", "properties": { "cell_id": 156, "lon": 76.311740711422814, "lat": 9.9157204455623429 }, "geometry": { "type": "Polygon", "coordinates": [ [ [ 76.314021134104905, 9.913474667624865 ], [ 76.314021134104905, 9.917966223499819 ], [ 76.309460288740709, 9.917966223499819 ], [ 76.309460288740709, 9.913474667624865 ], [ 76.314021134104905, 9.913474667624865 ] ] ] } },
{ "type": "Feature", "properties": { "cell_id": 157, "lon": 76.31630155678701, "lat": 9.9157204455623429 }, "geometry": { "type": "Polygon", "coordinates": [ [ [ 76.318581979469101, 9.913474667624865 ], [ 76.318581979469101, 9.917966223499819 ], [ 76.314021134104905, 9.917966223499819 ], [ 76.314021134104905, 9.913474667624865 ], [ 76.318581979469101, 9.913474667624865 ] ] ] } },
{ "type": "Feature", "properties": { "cell_id": 158, "lon": 76.320862402151207, "lat": 9.9157204455623429 }, "geometry": { "type": "Polygon", "coordinates": [ [ [ 76.323142824833297, 9.913474667624865 ], [ 76.323142824833297, 9.917966223499819 ], [ 76.318581979469101, 9.917966223499819 ], [ 76.318581979469101, 9.913474667624865 ], [ 76.323142824833297, 9.913474667624865 ] ] ] } },
{ "type": "Feature", "properties": { "cell_id": 159, "lon": 76.325423247515403, "lat": 9.9157204455623429 }, "geometry": { "type": "Polygon", "coordinates": [ [ [ 76.327703670197494, 9.913474667624865 ], [ 76.327703670197494, 9.917966223499819 ], [ 76.323142824833297, 9.917966223499819 ], [ 76.323142824833297, 9.913474667624865 ], [ 76.327703670197494, 9.913474667624865 ] ] ] } },
{ "type": "Feature", "properties": { "cell_id": 160, "lon": 76.329984092879599, "lat": 9.9157204455623429 }, "geometry": { "type": "Polygon", "coordinates": [ [ [ 76.33226451556169, 9.913474667624865 ], [ 76.33226451556169, 9.917966223499819 ], [ 76.327703670197494, 9.917966223499819 ], [ 76.327703670197494, 9.913474667624865 ], [ 76.33226451556169, 9.913474667624865 ] ] ] } },
{ "type": "Feature", "properties": { "cell_id": 161, "lon": 76.334544938243795, "lat": 9.9157204455623429 }, "geometry": { "type": "Polygon", "coordinates": [ [ [ 76.336825360925886, 9.913474667624865 ], [ 76.336825360925886, 9.917966223499819 ], [ 76.33226451556169, 9.917966223499819 ], [ 76.33226451556169, 9.913474667624865 ], [ 76.336825360925886, 9.913474667624865 ] ] ] } },
{ "type": "Feature", "properties": { "cell_id": 162, "lon": 76.339105783607991, "lat": 9.9157204455623429 }, "geometry": { "type": "Polygon", "coordinates": [ [ [ 76.341386206290082, 9.913474667624865 ], [ 76.341386206290082, 9.917966223499819 ], [ 76.336825360925886, 9.917966223499819 ], [ 76.336825360925886, 9.913474667624865 ], [ 76.341386206290082, 9.913474667624865 ] ] ] } },
{ "type": "Feature", "properties": { "cell_id": 163, "lon": 76.343666628972187, "lat": 9.9157204455623429 }, "geometry": { "type": "Polygon", "coordinates": [ [ [ 76.345947051654278, 9.913474667624865 ], [ 76.345947051654278, 9.917966223499819 ], [ 76.341386206290082, 9.917966223499819 ], [ 76.341386206290082, 9.913474667624865 ], [ 76.345947051654278, 9.913474667624865 ] ] ] } },
{ "type": "Feature", "properties": { "cell_id": 164, "lon": 76.348227474336383, "lat": 9.9157204455623429 }, "geometry": { "type": "Polygon", "coordinates": [ [ [ 76.350507897018474, 9.913474667624865 ], [ 76.350507897018474, 9.917966223499819 ], [ 76.345947051654278, 9.917966223499819 ], [ 76.345947051654278, 9.913474667624865 ], [ 76.350507897018474, 9.913474667624865 ] ] ] } },
{ "type": "Feature", "properties": { "cell_id": 165, "lon": 76.352788319700579, "lat": 9.9157204455623429 }, "geometry": { "type": "Polygon", "coordinates": [ [ [ 76.35506874238267, 9.913474667624865 ], [ 76.35506874238267, 9.917966223499819 ], [ 76.350507897018474, 9.917966223499819 ], [ 76.350507897018474, 9.913474667624865 ], [ 76.35506874238267, 9.913474667624865 ] ] ] } },
{ "type": "Feature", "properties": { "cell_id": 166, "lon": 76.357349165064775, "lat": 9.9157204455623429 }, "geometry": { "type": "Polygon", "coordinates": [ [ [ 76.359629587746866, 9.913474667624865 ], [ 76.359629587746866, 9.917966223499819 ], [ 76.35506874238267, 9.917966223499819 ], [ 76.35506874238267, 9.913474667624865 ], [ 76.359629587746866, 9.913474667624865 ] ] ] } },
{ "type": "Feature", "properties": { "cell_id": 167, "lon": 76.361910010428971, "lat": 9.9157204455623429 }, "geometry": { "type": "Polygon", "coordinates": [ [ [ 76.364190433111062, 9.913474667624865 ], [ 76.364190433111062, 9.917966223499819 ], [ 76.359629587746866, 9.917966223499819 ], [ 76.359629587746866, 9.913474667624865 ], [ 76.364190433111062, 9.913474667624865 ] ] ] } },
{ "type": "Feature", "properties": { "cell_id": 168, "lon": 76.366470855793168, "lat": 9.9157204455623429 }, "geometry": { "type": "Polygon", "coordinates": [ [ [ 76.368751278475258, 9.913474667624865 ], [ 76.368751278475258, 9.917966223499819 ], [ 76.364190433111062, 9.917966223499819 ], [ 76.364190433111062, 9.913474667624865 ], [ 76.368751278475258, 9.913474667624865 ] ] ] } },
{ "type": "Feature", "properties": { "cell_id": 169, "lon": 76.371031701157364, "lat": 9.9157204455623429 }, "geometry": { "type": "Polygon", "coordinates": [ [ [ 76.373312123839455, 9.913474667624865 ], [ 76.373312123839455, 9.917966223499819 ], [ 76.368751278475258, 9.917966223499819 ], [ 76.368751278475258, 9.913474667624865 ], [ 76.373312123839455, 9.913474667624865 ] ] ] } },
{ "type": "Feature", "properties": { "cell_id": 170, "lon": 76.37559254652156, "lat": 9.9157204455623429 }, "geometry": { "type": "Polygon", "coordinates": [ [ [ 76.377872969203651, 9.913474667624865 ], [ 76.377872969203651, 9.917966223499819 ], [ 76.373312123839455, 9.917966223499819 ], [ 76.373312123839455, 9.913474667624865 ], [ 76.377872969203651, 9.913474667624865 ] ] ] } },
{ "type": "Feature", "properties": { "cell_id": 171, "lon": 76.380153391885756, "lat": 9.9157204455623429 }, "geometry": { "type": "Polygon", "coordinates": [ [ [ 76.382433814567847, 9.913474667624865 ], [ 76.382433814567847, 9.917966223499819 ], [ 76.377872969203651, 9.917966223499819 ], [ 76.377872969203651, 9.913474667624865 ], [ 76.382433814567847, 9.913474667624865 ] ] ] } },
{ "type": "Feature", "properties": { "cell_id": 172, "lon": 76.384714237249952, "lat": 9.9157204455623429 }, "geometry": { "type": "Polygon", "coordinates": [ [ [ 76.386994659932043, 9.913474667624865 ], [ 76.386994659932043, 9.917966223499819 ], [ 76.382433814567847, 9.917966223499819 ], [ 76.382433814567847, 9.913474667624865 ], [ 76.386994659932043, 9.913474667624865 ] ] ] } },
{ "type": "Feature", "properties": { "cell_id": 173, "lon": 76.389275082614148, "lat": 9.9157204455623429 }, "geometry": { "type": "Polygon", "coordinates": [ [ [ 76.391555505296239, 9.913474667624865 ], [ 76.391555505296239, 9.917966223499819 ], [ 76.386994659932043, 9.917966223499819 ], [ 76.386994659932043, 9.913474667624865 ], [ 76.391555505296239, 9.913474667624865 ] ] ] } },
{ "type": "Feature", "properties": { "cell_id": 174, "lon": 76.393835927978344, "lat": 9.9157204455623429 }, "geometry": { "type": "Polygon", "coordinates": [ [ [ 76.396116350660435, 9.913474667624865 ], [ 76.396116350660435, 9.917966223499819 ], [ 76.391555505296239, 9.917966223499819 ], [ 76.391555505296239, 9.913474667624865 ], [ 76.396116350660435, 9.913474667624865 ] ] ] } },
{ "type": "Feature", "properties": { "cell_id": 175, "lon": 76.39839677334254, "lat": 9.9157204455623429 }, "geometry": { "type": "Polygon", "coordinates": [ [ [ 76.400677196024631, 9.913474667624865 ], [ 76.400677196024631, 9.917966223499819 ], [ 76.396116350660435, 9.917966223499819 ], [ 76.396116350660435, 9.913474667624865 ], [ 76.400677196024631, 9.913474667624865 ] ] ] } },
{ "type": "Feature", "properties": { "cell_id": 176, "lon": 76.202280422682108, "lat": 9.9202120014372976 }, "geometry": { "type": "Polygon", "coordinates": [ [ [ 76.204560845364199, 9.917966223499819 ], [ 76.204560845364199, 9.922457779374774 ], [ 76.2, 9.922457779374774 ], [ 76.2, 9.917966223499819 ], [ 76.204560845364199, 9.917966223499819 ] ] ] } },
{ "type": "Feature", "properties": { "cell_id": 177, "lon": 76.206841268046304, "lat": 9.9202120014372976 }, "geometry": { "type": "Polygon", "coordinates": [ [ [ 76.209121690728395, 9.917966223499819 ], [ 76.209121690728395, 9.922457779374774 ], [ 76.204560845364199, 9.922457779374774 ], [ 76.204560845364199, 9.917966223499819 ], [ 76.209121690728395, 9.917966223499819 ] ] ] } },
{ "type": "Feature", "properties": { "cell_id": 178, "lon": 76.2114021134105, "lat": 9.9202120014372976 }, "geometry": { "type": "Polygon", "coordinates": [ [ [ 76.213682536092591, 9.917966223499819 ], [ 76.213682536092591, 9.922457779374774 ], [ 76.209121690728395, 9.922457779374774 ], [ 76.209121690728395, 9.917966223499819 ], [ 76.213682536092591, 9.917966223499819 ] ] ] } },
{ "type": "Feature", "properties": { "cell_id": 179, "lon": 76.215962958774696, "lat": 9.9202120014372976 }, "geometry": { "type": "Polygon", "coordinates": [ [ [ 76.218243381456787, 9.917966223499819 ], [ 76.218243381456787, 9.922457779374774 ], [ 76.213682536092591, 9.922457779374774 ], [ 76.213682536092591, 9.917966223499819 ], [ 76.218243381456787, 9.917966223499819 ] ] ] } },
{ "type": "Feature", "properties": { "cell_id": 180, "lon": 76.220523804138892, "lat": 9.9202120014372976 }, "geometry": { "type": "Polygon", "coordinates": [ [ [ 76.222804226820983, 9.917966223499819 ], [ 76.222804226820983, 9.922457779374774 ], [ 76.218243381456787, 9.922457779374774 ], [ 76.218243381456787, 9.917966223499819 ], [ 76.222804226820983, 9.917966223499819 ] ] ] } },
{ "type": "Feature", "properties": { "cell_id": 181, "lon": 76.225084649503088, "lat": 9.9202120014372976 }, "geometry": { "type": "Polygon", "coordinates": [ [ [ 76.227365072185179, 9.917966223499819 ], [ 76.227365072185179, 9.922457779374774 ], [ 76.222804226820983, 9.922457779374774 ], [ 76.222804226820983, 9.917966223499819 ], [ 76.227365072185179, 9.917966223499819 ] ] ] } },
{ "type": "Feature", "properties": { "cell_id": 182, "lon": 76.229645494867285, "lat": 9.9202120014372976 }, "geometry": { "type": "Polygon", "coordinates": [ [ [ 76.231925917549376, 9.917966223499819 ], [ 76.231925917549376, 9.922457779374774 ], [ 76.227365072185179, 9.922457779374774 ], [ 76.227365072185179, 9.917966223499819 ], [ 76.231925917549376, 9.917966223499819 ] ] ] } },
{ "type": "Feature", "properties": { "cell_id": 183, "lon": 76.234206340231481, "lat": 9.9202120014372976 }, "geometry": { "type": "Polygon", "coordinates": [ [ [ 76.236486762913572, 9.917966223499819 ], [ 76.236486762913572, 9.922457779374774 ], [ 76.231925917549376, 9.922457779374774 ], [ 76.231925917549376, 9.917966223499819 ], [ 76.236486762913572, 9.917966223499819 ] ] ] } },
{ "type": "Feature", "properties": { "cell_id": 184, "lon": 76.238767185595677, "lat": 9.9202120014372976 }, "geometry": { "type": "Polygon", "coordinates": [ [ [ 76.241047608277768, 9.917966223499819 ], [ 76.241047608277768, 9.922457779374774 ], [ 76.236486762913572, 9.922457779374774 ], [ 76.236486762913572, 9.917966223499819 ], [ 76.241047608277768, 9.917966223499819 ] ] ] } },
{ "type": "Feature", "properties": { "cell_id": 185, "lon": 76.243328030959873, "lat": 9.9202120014372976 }, "geometry": { "type": "Polygon", "coordinates": [ [ [ 76.245608453641964, 9.917966223499819 ], [ 76.245608453641964, 9.922457779374774 ], [ 76.241047608277768, 9.922457779374774 ], [ 76.241047608277768, 9.917966223499819 ], [ 76.245608453641964, 9.917966223499819 ] ] ] } },
{ "type": "Feature", "properties": { "cell_id": 186, "lon": 76.247888876324069, "lat": 9.9202120014372976 }, "geometry": { "type": "Polygon", "coordinates": [ [ [ 76.25016929900616, 9.917966223499819 ], [ 76.25016929900616, 9.922457779374774 ], [ 76.245608453641964, 9.922457779374774 ], [ 76.245608453641964, 9.917966223499819 ], [ 76.25016929900616, 9.917966223499819 ] ] ] } },
{ "type": "Feature", "properties": { "cell_id": 187, "lon": 76.252449721688265, "lat": 9.9202120014372976 }, "geometry": { "type": "Polygon", "coordinates": [ [ [ 76.254730144370356, 9.917966223499819 ], [ 76.254730144370356, 9.922457779374774 ], [ 76.25016929900616, 9.922457779374774 ], [ 76.25016929900616, 9.917966223499819 ], [ 76.254730144370356, 9.917966223499819 ] ] ] } },
{ "type": "Feature", "properties": { "cell_id": 188, "lon": 76.257010567052461, "lat": 9.9202120014372976 }, "geometry": { "type": "Polygon", "coordinates": [ [ [ 76.259290989734552, 9.917966223499819 ], [ 76.259290989734552, 9.922457779374774 ], [ 76.254730144370356, 9.922457779374774 ], [ 76.254730144370356, 9.917966223499819 ], [ 76.259290989734552, 9.917966223499819 ] ] ] } },
{ "type": "Feature", "properties": { "cell_id": 189, "lon": 76.261571412416657, "lat": 9.9202120014372976 }, "geometry": { "type": "Polygon", "coordinates": [ [ [ 76.263851835098748, 9.917966223499819 ], [ 76.263851835098748, 9.922457779374774 ], [ 76.259290989734552, 9.922457779374774 ], [ 76.259290989734552, 9.917966223499819 ], [ 76.263851835098748, 9.917966223499819 ] ] ] } },
{ "type": "Feature", "properties": { "cell_id": 190, "lon": 76.266132257780853, "lat": 9.9202120014372976 }, "geometry": { "type": "Polygon", "coordinates": [ [ [ 76.268412680462944, 9.917966223499819 ], [ 76.268412680462944, 9.922457779374774 ], [ 76.263851835098748, 9.922457779374774 ], [ 76.263851835098748, 9.917966223499819 ], [ 76.268412680462944, 9.917966223499819 ] ] ] } },
{ "type": "Feature", "properties": { "cell_id": 191, "lon": 76.270693103145049, "lat": 9.9202120014372976 }, "geometry": { "type": "Polygon", "coordinates": [ [ [ 76.27297352582714, 9.917966223499819 ], [ 76.27297352582714, 9.922457779374774 ], [ 76.268412680462944, 9.922457779374774 ], [ 76.268412680462944, 9.917966223499819 ], [ 76.27297352582714, 9.917966223499819 ] ] ] } },
{ "type": "Feature", "properties": { "cell_id": 192, "lon": 76.275253948509246, "lat": 9.9202120014372976 }, "geometry": { "type": "Polygon", "coordinates": [ [ [ 76.277534371191337, 9.917966223499819 ], [ 76.277534371191337, 9.922457779374774 ], [ 76.27297352582714, 9.922457779374774 ], [ 76.27297352582714, 9.917966223499819 ], [ 76.277534371191337, 9.917966223499819 ] ] ] } },
{ "type": "Feature", "properties": { "cell_id": 193, "lon": 76.279814793873442, "lat": 9.9202120014372976 }, "geometry": { "type": "Polygon", "coordinates": [ [ [ 76.282095216555533, 9.917966223499819 ], [ 76.282095216555533, 9.922457779374774 ], [ 76.277534371191337, 9.922457779374774 ], [ 76.277534371191337, 9.917966223499819 ], [ 76.282095216555533, 9.917966223499819 ] ] ] } },
{ "type": "Feature", "properties": { "cell_id": 194, "lon": 76.284375639237638, "lat": 9.9202120014372976 }, "geometry": { "type": "Polygon", "coordinates": [ [ [ 76.286656061919729, 9.917966223499819 ], [ 76.286656061919729, 9.922457779374774 ], [ 76.282095216555533, 9.922457779374774 ], [ 76.282095216555533, 9.917966223499819 ], [ 76.286656061919729, 9.917966223499819 ] ] ] } },
{ "type": "Feature", "properties": { "cell_id": 195, "lon": 76.288936484601834, "lat": 9.9202120014372976 }, "geometry": { "type": "Polygon", "coordinates": [ [ [ 76.291216907283925, 9.917966223499819 ], [ 76.291216907283925, 9.922457779374774 ], [ 76.286656061919729, 9.922457779374774 ], [ 76.286656061919729, 9.917966223499819 ], [ 76.291216907283925, 9.917966223499819 ] ] ] } },
{ "type": "Feature", "properties": { "cell_id": 196, "lon": 76.29349732996603, "lat": 9.9202120014372976 }, "geometry": { "type": "Polygon", "coordinates": [ [ [ 76.295777752648121, 9.917966223499819 ], [ 76.295777752648121, 9.922457779374774 ], [ 76.291216907283925, 9.922457779374774 ], [ 76.291216907283925, 9.917966223499819 ], [ 76.295777752648121, 9.917966223499819 ] ] ] } },
{ "type": "Feature", "properties": { "cell_id": 197, "lon": 76.298058175330226, "lat": 9.9202120014372976 }, "geometry": { "type": "Polygon", "coordinates": [ [ [ 76.300338598012317, 9.917966223499819 ], [ 76.300338598012317, 9.922457779374774 ], [ 76.295777752648121, 9.922457779374774 ], [ 76.295777752648121, 9.917966223499819 ], [ 76.300338598012317, 9.917966223499819 ] ] ] } },
{ "type": "Feature", "properties": { "cell_id": 198, "lon": 76.302619020694422, "lat": 9.9202120014372976 }, "geometry": { "type": "Polygon", "coordinates": [ [ [ 76.304899443376513, 9.917966223499819 ], [ 76.304899443376513, 9.922457779374774 ], [ 76.300338598012317, 9.922457779374774 ], [ 76.300338598012317, 9.917966223499819 ], [ 76.304899443376513, 9.917966223499819 ] ] ] } },
{ "type": "Feature", "properties": { "cell_id": 199, "lon": 76.307179866058618, "lat": 9.9202120014372976 }, "geometry": { "type": "Polygon", "coordinates": [ [ [ 76.309460288740709, 9.917966223499819 ], [ 76.309460288740709, 9.922457779374774 ], [ 76.304899443376513, 9.922457779374774 ], [ 76.304899443376513, 9.917966223499819 ], [ 76.309460288740709, 9.917966223499819 ] ] ] } },
{ "type": "Feature", "properties": { "cell_id": 200, "lon": 76.311740711422814, "lat": 9.9202120014372976 }, "geometry": { "type": "Polygon", "coordinates": [ [ [ 76.314021134104905, 9.917966223499819 ], [ 76.314021134104905, 9.922457779374774 ], [ 76.309460288740709, 9.922457779374774 ], [ 76.309460288740709, 9.917966223499819 ], [ 76.314021134104905, 9.917966223499819 ] ] ] } },
{ "type": "Feature", "properties": { "cell_id": 201, "lon": 76.31630155678701, "lat": 9.9202120014372976 }, "geometry": { "type": "Polygon", "coordinates": [ [ [ 76.318581979469101, 9.917966223499819 ], [ 76.318581979469101, 9.922457779374774 ], [ 76.314021134104905, 9.922457779374774 ], [ 76.314021134104905, 9.917966223499819 ], [ 76.318581979469101, 9.917966223499819 ] ] ] } },
{ "type": "Feature", "properties": { "cell_id": 202, "lon": 76.320862402151207, "lat": 9.9202120014372976 }, "geometry": { "type": "Polygon", "coordinates": [ [ [ 76.323142824833297, 9.917966223499819 ], [ 76.323142824833297, 9.922457779374774 ], [ 76.318581979469101, 9.922457779374774 ], [ 76.318581979469101, 9.917966223499819 ], [ 76.323142824833297, 9.917966223499819 ] ] ] } },
{ "type": "Feature", "properties": { "cell_id": 203, "lon": 76.325423247515403, "lat": 9.9202120014372976 }, "geometry": { "type": "Polygon", "coordinates": [ [ [ 76.327703670197494, 9.917966223499819 ], [ 76.327703670197494, 9.922457779374774 ], [ 76.323142824833297, 9.922457779374774 ], [ 76.323142824833297, 9.917966223499819 ], [ 76.327703670197494, 9.917966223499819 ] ] ] } },
{ "type": "Feature", "properties": { "cell_id": 204, "lon": 76.329984092879599, "lat": 9.9202120014372976 }, "geometry": { "type": "Polygon", "coordinates": [ [ [ 76.33226451556169, 9.917966223499819 ], [ 76.33226451556169, 9.922457779374774 ], [ 76.327703670197494, 9.922457779374774 ], [ 76.327703670197494, 9.917966223499819 ], [ 76.33226451556169, 9.917966223499819 ] ] ] } },
{ "type": "Feature", "properties": { "cell_id": 205, "lon": 76.334544938243795, "lat": 9.9202120014372976 }, "geometry": { "type": "Polygon", "coordinates": [ [ [ 76.336825360925886, 9.917966223499819 ], [ 76.336825360925886, 9.922457779374774 ], [ 76.33226451556169, 9.922457779374774 ], [ 76.33226451556169, 9.917966223499819 ], [ 76.336825360925886, 9.917966223499819 ] ] ] } },
{ "type": "Feature", "properties": { "cell_id": 206, "lon": 76.339105783607991, "lat": 9.9202120014372976 }, "geometry": { "type": "Polygon", "coordinates": [ [ [ 76.341386206290082, 9.917966223499819 ], [ 76.341386206290082, 9.922457779374774 ], [ 76.336825360925886, 9.922457779374774 ], [ 76.336825360925886, 9.917966223499819 ], [ 76.341386206290082, 9.917966223499819 ] ] ] } },
{ "type": "Feature", "properties": { "cell_id": 207, "lon": 76.343666628972187, "lat": 9.9202120014372976 }, "geometry": { "type": "Polygon", "coordinates": [ [ [ 76.345947051654278, 9.917966223499819 ], [ 76.345947051654278, 9.922457779374774 ], [ 76.341386206290082, 9.922457779374774 ], [ 76.341386206290082, 9.917966223499819 ], [ 76.345947051654278, 9.917966223499819 ] ] ] } },
{ "type": "Feature", "properties": { "cell_id": 208, "lon": 76.348227474336383, "lat": 9.9202120014372976 }, "geometry": { "type": "Polygon", "coordinates": [ [ [ 76.350507897018474, 9.917966223499819 ], [ 76.350507897018474, 9.922457779374774 ], [ 76.345947051654278, 9.922457779374774 ], [ 76.345947051654278, 9.917966223499819 ], [ 76.350507897018474, 9.917966223499819 ] ] ] } },
{ "type": "Feature", "properties": { "cell_id": 209, "lon": 76.352788319700579, "lat": 9.9202120014372976 }, "geometry": { "type": "Polygon", "coordinates": [ [ [ 76.35506874238267, 9.917966223499819 ], [ 76.35506874238267, 9.922457779374774 ], [ 76.350507897018474, 9.922457779374774 ], [ 76.350507897018474, 9.917966223499819 ], [ 76.35506874238267, 9.917966223499819 ] ] ] } },
{ "type": "Feature", "properties": { "cell_id": 210, "lon": 76.357349165064775, "lat": 9.9202120014372976 }, "geometry": { "type": "Polygon", "coordinates": [ [ [ 76.359629587746866, 9.917966223499819 ], [ 76.359629587746866, 9.922457779374774 ], [ 76.35506874238267, 9.922457779374774 ], [ 76.35506874238267, 9.917966223499819 ], [ 76.359629587746866, 9.917966223499819 ] ] ] } },
{ "type": "Feature", "properties": { "cell_id": 211, "lon": 76.361910010428971, "lat": 9.9202120014372976 }, "geometry": { "type": "Polygon", "coordinates": [ [ [ 76.364190433111062, 9.917966223499819 ], [ 76.364190433111062, 9.922457779374774 ], [ 76.359629587746866, 9.922457779374774 ], [ 76.359629587746866, 9.917966223499819 ], [ 76.364190433111062, 9.917966223499819 ] ] ] } },
{ "type": "Feature", "properties": { "cell_id": 212, "lon": 76.366470855793168, "lat": 9.9202120014372976 }, "geometry": { "type": "Polygon", "coordinates": [ [ [ 76.368751278475258, 9.917966223499819 ], [ 76.368751278475258, 9.922457779374774 ], [ 76.364190433111062, 9.922457779374774 ], [ 76.364190433111062, 9.917966223499819 ], [ 76.368751278475258, 9.917966223499819 ] ] ] } },
{ "type": "Feature", "properties": { "cell_id": 213, "lon": 76.371031701157364, "lat": 9.9202120014372976 }, "geometry": { "type": "Polygon", "coordinates": [ [ [ 76.373312123839455, 9.917966223499819 ], [ 76.373312123839455, 9.922457779374774 ], [ 76.368751278475258, 9.922457779374774 ], [ 76.368751278475258, 9.917966223499819 ], [ 76.373312123839455, 9.917966223499819 ] ] ] } },
{ "type": "Feature", "properties": { "cell_id": 214, "lon": 76.37559254652156, "lat": 9.9202120014372976 }, "geometry": { "type": "Polygon", "coordinates": [ [ [ 76.377872969203651, 9.917966223499819 ], [ 76.377872969203651, 9.922457779374774 ], [ 76.373312123839455, 9.922457779374774 ], [ 76.373312123839455, 9.917966223499819 ], [ 76.377872969203651, 9.917966223499819 ] ] ] } },
{ "type": "Feature", "properties": { "cell_id": 215, "lon": 76.380153391885756, "lat": 9.9202120014372976 }, "geometry": { "type": "Polygon", "coordinates": [ [ [ 76.382433814567847, 9.917966223499819 ], [ 76.382433814567847, 9.922457779374774 ], [ 76.377872969203651, 9.922457779374774 ], [ 76.377872969203651, 9.917966223499819 ], [ 76.382433814567847, 9.917966223499819 ] ] ] } },
{ "type": "Feature", "properties": { "cell_id": 216, "lon": 76.384714237249952, "lat": 9.9202120014372976 }, "geometry": { "type": "Polygon", "coordinates": [ [ [ 76.386994659932043, 9.917966223499819 ], [ 76.386994659932043, 9.922457779374774 ], [ 76.382433814567847, 9.922457779374774 ], [ 76.382433814567847, 9.917966223499819 ], [ 76.386994659932043, 9.917966223499819 ] ] ] } },
{ "type": "Feature", "properties": { "cell_id": 217, "lon": 76.389275082614148, "lat": 9.9202120014372976 }, "geometry": { "type": "Polygon", "coordinates": [ [ [ 76.391555505296239, 9.917966223499819 ], [ 76.391555505296239, 9.922457779374774 ], [ 76.386994659932043, 9.922457779374774 ], [ 76.386994659932043, 9.917966223499819 ], [ 76.391555505296239, 9.917966223499819 ] ] ] } },
{ "type": "Feature", "properties": { "cell_id": 218, "lon": 76.393835927978344, "lat": 9.9202120014372976 }, "geometry": { "type": "Polygon", "coordinates": [ [ [ 76.396116350660435, 9.917966223499819 ], [ 76.396116350660435, 9.922457779374774 ], [ 76.391555505296239, 9.922457779374774 ], [ 76.391555505296239, 9.917966223499819 ], [ 76.396116350660435, 9.917966223499819 ] ] ] } },
{ "type": "Feature", "properties": { "cell_id": 219, "lon": 76.39839677334254, "lat": 9.9202120014372976 }, "geometry": { "type": "Polygon", "coordinates": [ [ [ 76.400677196024631, 9.917966223499819 ], [ 76.400677196024631, 9.922457779374774 ], [ 76.396116350660435, 9.922457779374774 ], [ 76.396116350660435, 9.917966223499819 ], [ 76.400677196024631, 9.917966223499819 ] ] ] } },
{ "type": "Feature", "properties": { "cell_id": 220, "lon": 76.202280422682108, "lat": 9.9247035573122524 }, "geometry": { "type": "Polygon", "coordinates": [ [ [ 76.204560845364199, 9.922457779374774 ], [ 76.204560845364199, 9.926949335249729 ], [ 76.2, 9.926949335249729 ], [ 76.2, 9.922457779374774 ], [ 76.204560845364199, 9.922457779374774 ] ] ] } },
{ "type": "Feature", "properties": { "cell_id": 221, "lon": 76.206841268046304, "lat": 9.9247035573122524 }, "geometry": { "type": "Polygon", "coordinates": [ [ [ 76.209121690728395, 9.922457779374774 ], [ 76.209121690728395, 9.926949335249729 ], [ 76.204560845364199, 9.926949335249729 ], [ 76.204560845364199, 9.922457779374774 ], [ 76.209121690728395, 9.922457779374774 ] ] ] } },
{ "type": "Feature", "properties": { "cell_id": 222, "lon": 76.2114021134105, "lat": 9.9247035573122524 }, "geometry": { "type": "Polygon", "coordinates": [ [ [ 76.213682536092591, 9.922457779374774 ], [ 76.213682536092591, 9.926949335249729 ], [ 76.209121690728395, 9.926949335249729 ], [ 76.209121690728395, 9.922457779374774 ], [ 76.213682536092591, 9.922457779374774 ] ] ] } },
{ "type": "Feature", "properties": { "cell_id": 223, "lon": 76.215962958774696, "lat": 9.9247035573122524 }, "geometry": { "type": "Polygon", "coordinates": [ [ [ 76.218243381456787, 9.922457779374774 ], [ 76.218243381456787, 9.926949335249729 ], [ 76.213682536092591, 9.926949335249729 ], [ 76.213682536092591, 9.922457779374774 ], [ 76.218243381456787, 9.922457779374774 ] ] ] } },
{ "type": "Feature", "properties": { "cell_id": 224, "lon": 76.220523804138892, "lat": 9.9247035573122524 }, "geometry": { "type": "Polygon", "coordinates": [ [ [ 76.222804226820983, 9.922457779374774 ], [ 76.222804226820983, 9.926949335249729 ], [ 76.218243381456787, 9.926949335249729 ], [ 76.218243381456787, 9.922457779374774 ], [ 76.222804226820983, 9.922457779374774 ] ] ] } },
{ "type": "Feature", "properties": { "cell_id": 225, "lon": 76.225084649503088, "lat": 9.9247035573122524 }, "geometry": { "type": "Polygon", "coordinates": [ [ [ 76.227365072185179, 9.922457779374774 ], [ 76.227365072185179, 9.926949335249729 ], [ 76.222804226820983, 9.926949335249729 ], [ 76.222804226820983, 9.922457779374774 ], [ 76.227365072185179, 9.922457779374774 ] ] ] } },
{ "type": "Feature", "properties": { "cell_id": 226, "lon": 76.229645494867285, "lat": 9.9247035573122524 }, "geometry": { "type": "Polygon", "coordinates": [ [ [ 76.231925917549376, 9.922457779374774 ], [ 76.231925917549376, 9.926949335249729 ], [ 76.227365072185179, 9.926949335249729 ], [ 76.227365072185179, 9.922457779374774 ], [ 76.231925917549376, 9.922457779374774 ] ] ] } },
{ "type": "Feature", "properties": { "cell_id": 227, "lon": 76.234206340231481, "lat": 9.9247035573122524 }, "geometry": { "type": "Polygon", "coordinates": [ [ [ 76.236486762913572, 9.922457779374774 ], [ 76.236486762913572, 9.926949335249729 ], [ 76.231925917549376, 9.926949335249729 ], [ 76.231925917549376, 9.922457779374774 ], [ 76.236486762913572, 9.922457779374774 ] ] ] } },
{ "type": "Feature", "properties": { "cell_id": 228, "lon": 76.238767185595677, "lat": 9.9247035573122524 }, "geometry": { "type": "Polygon", "coordinates": [ [ [ 76.241047608277768, 9.922457779374774 ], [ 76.241047608277768, 9.926949335249729 ], [ 76.236486762913572, 9.926949335249729 ], [ 76.236486762913572, 9.922457779374774 ], [ 76.241047608277768, 9.922457779374774 ] ] ] } },
{ "type": "Feature", "properties": { "cell_id": 229, "lon": 76.243328030959873, "lat": 9.9247035573122524 }, "geometry": { "type": "Polygon", "coordinates": [ [ [ 76.245608453641964, 9.922457779374774 ], [ 76.245608453641964, 9.926949335249729 ], [ 76.241047608277768, 9.926949335249729 ], [ 76.241047608277768, 9.922457779374774 ], [ 76.245608453641964, 9.922457779374774 ] ] ] } },
{ "type": "Feature", "properties": { "cell_id": 230, "lon": 76.247888876324069, "lat": 9.9247035573122524 }, "geometry": { "type": "Polygon", "coordinates": [ [ [ 76.25016929900616, 9.922457779374774 ], [ 76.25016929900616, 9.926949335249729 ], [ 76.245608453641964, 9.926949335249729 ], [ 76.245608453641964, 9.922457779374774 ], [ 76.25016929900616, 9.922457779374774 ] ] ] } },
{ "type": "Feature", "properties": { "cell_id": 231, "lon": 76.252449721688265, "lat": 9.9247035573122524 }, "geometry": { "type": "Polygon", "coordinates": [ [ [ 76.254730144370356, 9.922457779374774 ], [ 76.254730144370356, 9.926949335249729 ], [ 76.25016929900616, 9.926949335249729 ], [ 76.25016929900616, 9.922457779374774 ], [ 76.254730144370356, 9.922457779374774 ] ] ] } },
{ "type": "Feature", "properties": { "cell_id": 232, "lon": 76.257010567052461, "lat": 9.9247035573122524 }, "geometry": { "type": "Polygon", "coordinates": [ [ [ 76.259290989734552, 9.922457779374774 ], [ 76.259290989734552, 9.926949335249729 ], [ 76.254730144370356, 9.926949335249729 ], [ 76.254730144370356, 9.922457779374774 ], [ 76.259290989734552, 9.922457779374774 ] ] ] } },
{ "type": "Feature", "properties": { "cell_id": 233, "lon": 76.261571412416657, "lat": 9.9247035573122524 }, "geometry": { "type": "Polygon", "coordinates": [ [ [ 76.263851835098748, 9.922457779374774 ], [ 76.263851835098748, 9.926949335249729 ], [ 76.259290989734552, 9.926949335249729 ], [ 76.259290989734552, 9.922457779374774 ], [ 76.263851835098748, 9.922457779374774 ] ] ] } },
{ "type": "Feature", "properties": { "cell_id": 234, "lon": 76.266132257780853, "lat": 9.9247035573122524 }, "geometry": { "type": "Polygon", "coordinates": [ [ [ 76.268412680462944, 9.922457779374774 ], [ 76.268412680462944, 9.926949335249729 ], [ 76.263851835098748, 9.926949335249729 ], [ 76.263851835098748, 9.922457779374774 ], [ 76.268412680462944, 9.922457779374774 ] ] ] } },
{ "type": "Feature", "properties": { "cell_id": 235, "lon": 76.270693103145049, "lat": 9.9247035573122524 }, "geometry": { "type": "Polygon", "coordinates": [ [ [ 76.27297352582714, 9.922457779374774 ], [ 76.27297352582714, 9.926949335249729 ], [ 76.268412680462944, 9.926949335249729 ], [ 76.268412680462944, 9.922457779374774 ], [ 76.27297352582714, 9.922457779374774 ] ] ] } },
{ "type": "Feature", "properties": { "cell_id": 236, "lon": 76.275253948509246, "lat": 9.9247035573122524 }, "geometry": { "type": "Polygon", "coordinates": [ [ [ 76.277534371191337, 9.922457779374774 ], [ 76.277534371191337, 9.926949335249729 ], [ 76.27297352582714, 9.926949335249729 ], [ 76.27297352582714, 9.922457779374774 ], [ 76.277534371191337, 9.922457779374774 ] ] ] } },
{ "type": "Feature", "properties": { "cell_id": 237, "lon": 76.279814793873442, "lat": 9.9247035573122524 }, "geometry": { "type": "Polygon", "coordinates": [ [ [ 76.282095216555533, 9.922457779374774 ], [ 76.282095216555533, 9.926949335249729 ], [ 76.277534371191337, 9.926949335249729 ], [ 76.277534371191337, 9.922457779374774 ], [ 76.282095216555533, 9.922457779374774 ] ] ] } },
{ "type": "Feature", "properties": { "cell_id": 238, "lon": 76.284375639237638, "lat": 9.9247035573122524 }, "geometry": { "type": "Polygon", "coordinates": [ [ [ 76.286656061919729, 9.922457779374774 ], [ 76.286656061919729, 9.926949335249729 ], [ 76.282095216555533, 9.926949335249729 ], [ 76.282095216555533, 9.922457779374774 ], [ 76.286656061919729, 9.922457779374774 ] ] ] } },
{ "type": "Feature", "properties": { "cell_id": 239, "lon": 76.288936484601834, "lat": 9.9247035573122524 }, "geometry": { "type": "Polygon", "coordinates": [ [ [ 76.291216907283925, 9.922457779374774 ], [ 76.291216907283925, 9.926949335249729 ], [ 76.286656061919729, 9.926949335249729 ], [ 76.286656061919729, 9.922457779374774 ], [ 76.291216907283925, 9.922457779374774 ] ] ] } },
{ "type": "Feature", "properties": { "cell_id": 240, "lon": 76.29349732996603, "lat": 9.9247035573122524 }, "geometry": { "type": "Polygon", "coordinates": [ [ [ 76.295777752648121, 9.922457779374774 ], [ 76.295777752648121, 9.926949335249729 ], [ 76.291216907283925, 9.926949335249729 ], [ 76.291216907283925, 9.922457779374774 ], [ 76.295777752648121, 9.922457779374774 ] ] ] } },
{ "type": "Feature", "properties": { "cell_id": 241, "lon": 76.298058175330226, "lat": 9.9247035573122524 }, "geometry": { "type": "Polygon", "coordinates": [ [ [ 76.300338598012317, 9.922457779374774 ], [ 76.300338598012317, 9.926949335249729 ], [ 76.295777752648121, 9.926949335249729 ], [ 76.295777752648121, 9.922457779374774 ], [ 76.300338598012317, 9.922457779374774 ] ] ] } },
{ "type": "Feature", "properties": { "cell_id": 242, "lon": 76.302619020694422, "lat": 9.9247035573122524 }, "geometry": { "type": "Polygon", "coordinates": [ [ [ 76.304899443376513, 9.922457779374774 ], [ 76.304899443376513, 9.926949335249729 ], [ 76.300338598012317, 9.926949335249729 ], [ 76.300338598012317, 9.922457779374774 ], [ 76.304899443376513, 9.922457779374774 ] ] ] } },
{ "type": "Feature", "properties": { "cell_id": 243, "lon": 76.307179866058618, "lat": 9.9247035573122524 }, "geometry": { "type": "Polygon", "coordinates": [ [ [ 76.309460288740709, 9.922457779374774 ], [ 76.309460288740709, 9.926949335249729 ], [ 76.304899443376513, 9.926949335249729 ], [ 76.304899443376513, 9.922457779374774 ], [ 76.309460288740709, 9.922457779374774 ] ] ] } },
{ "type": "Feature", "properties": { "cell_id": 244, "lon": 76.311740711422814, "lat": 9.9247035573122524 }, "geometry": { "type": "Polygon", "coordinates": [ [ [ 76.314021134104905, 9.922457779374774 ], [ 76.314021134104905, 9.926949335249729 ], [ 76.309460288740709, 9.926949335249729 ], [ 76.309460288740709, 9.922457779374774 ], [ 76.314021134104905, 9.922457779374774 ] ] ] } },
{ "type": "Feature", "properties": { "cell_id": 245, "lon": 76.31630155678701, "lat": 9.9247035573122524 }, "geometry": { "type": "Polygon", "coordinates": [ [ [ 76.318581979469101, 9.922457779374774 ], [ 76.318581979469101, 9.926949335249729 ], [ 76.314021134104905, 9.926949335249729 ], [ 76.314021134104905, 9.922457779374774 ], [ 76.318581979469101, 9.922457779374774 ] ] ] } },
{ "type": "Feature", "properties": { "cell_id": 246, "lon": 76.320862402151207, "lat": 9.9247035573122524 }, "geometry": { "type": "Polygon", "coordinates": [ [ [ 76.323142824833297, 9.922457779374774 ], [ 76.323142824833297, 9.926949335249729 ], [ 76.318581979469101, 9.926949335249729 ], [ 76.318581979469101, 9.922457779374774 ], [ 76.323142824833297, 9.922457779374774 ] ] ] } },
{ "type": "Feature", "properties": { "cell_id": 247, "lon": 76.325423247515403, "lat": 9.9247035573122524 }, "geometry": { "type": "Polygon", "coordinates": [ [ [ 76.327703670197494, 9.922457779374774 ], [ 76.327703670197494, 9.926949335249729 ], [ 76.323142824833297, 9.926949335249729 ], [ 76.323142824833297, 9.922457779374774 ], [ 76.327703670197494, 9.922457779374774 ] ] ] } },
{ "type": "Feature", "properties": { "cell_id": 248, "lon": 76.329984092879599, "lat": 9.9247035573122524 }, "geometry": { "type": "Polygon", "coordinates": [ [ [ 76.33226451556169, 9.922457779374774 ], [ 76.33226451556169, 9.926949335249729 ], [ 76.327703670197494, 9.926949335249729 ], [ 76.327703670197494, 9.922457779374774 ], [ 76.33226451556169, 9.922457779374774 ] ] ] } },
{ "type": "Feature", "properties": { "cell_id": 249, "lon": 76.334544938243795, "lat": 9.9247035573122524 }, "geometry": { "type": "Polygon", "coordinates": [ [ [ 76.336825360925886, 9.922457779374774 ], [ 76.336825360925886, 9.926949335249729 ], [ 76.33226451556169, 9.926949335249729 ], [ 76.33226451556169, 9.922457779374774 ], [ 76.336825360925886, 9.922457779374774 ] ] ] } },
{ "type": "Feature", "properties": { "cell_id": 250, "lon": 76.339105783607991, "lat": 9.9247035573122524 }, "geometry": { "type": "Polygon", "coordinates": [ [ [ 76.341386206290082, 9.922457779374774 ], [ 76.341386206290082, 9.926949335249729 ], [ 76.336825360925886, 9.926949335249729 ], [ 76.336825360925886, 9.922457779374774 ], [ 76.341386206290082, 9.922457779374774 ] ] ] } },
{ "type": "Feature", "properties": { "cell_id": 251, "lon": 76.343666628972187, "lat": 9.9247035573122524 }, "geometry": { "type": "Polygon", "coordinates": [ [ [ 76.345947051654278, 9.922457779374774 ], [ 76.345947051654278, 9.926949335249729 ], [ 76.341386206290082, 9.926949335249729 ], [ 76.341386206290082, 9.922457779374774 ], [ 76.345947051654278, 9.922457779374774 ] ] ] } },
{ "type": "Feature", "properties": { "cell_id": 252, "lon": 76.348227474336383, "lat": 9.9247035573122524 }, "geometry": { "type": "Polygon", "coordinates": [ [ [ 76.350507897018474, 9.922457779374774 ], [ 76.350507897018474, 9.926949335249729 ], [ 76.345947051654278, 9.926949335249729 ], [ 76.345947051654278, 9.922457779374774 ], [ 76.350507897018474, 9.922457779374774 ] ] ] } },
{ "type": "Feature", "properties": { "cell_id": 253, "lon": 76.352788319700579, "lat": 9.9247035573122524 }, "geometry": { "type": "Polygon", "coordinates": [ [ [ 76.35506874238267, 9.922457779374774 ], [ 76.35506874238267, 9.926949335249729 ], [ 76.350507897018474, 9.926949335249729 ], [ 76.350507897018474, 9.922457779374774 ], [ 76.35506874238267, 9.922457779374774 ] ] ] } },
{ "type": "Feature", "properties": { "cell_id": 254, "lon": 76.357349165064775, "lat": 9.9247035573122524 }, "geometry": { "type": "Polygon", "coordinates": [ [ [ 76.359629587746866, 9.922457779374774 ], [ 76.359629587746866, 9.926949335249729 ], [ 76.35506874238267, 9.926949335249729 ], [ 76.35506874238267, 9.922457779374774 ], [ 76.359629587746866, 9.922457779374774 ] ] ] } },
{ "type": "Feature", "properties": { "cell_id": 255, "lon": 76.361910010428971, "lat": 9.9247035573122524 }, "geometry": { "type": "Polygon", "coordinates": [ [ [ 76.364190433111062, 9.922457779374774 ], [ 76.364190433111062, 9.926949335249729 ], [ 76.359629587746866, 9.926949335249729 ], [ 76.359629587746866, 9.922457779374774 ], [ 76.364190433111062, 9.922457779374774 ] ] ] } },
{ "type": "Feature", "properties": { "cell_id": 256, "lon": 76.366470855793168, "lat": 9.9247035573122524 }, "geometry": { "type": "Polygon", "coordinates": [ [ [ 76.368751278475258, 9.922457779374774 ], [ 76.368751278475258, 9.926949335249729 ], [ 76.364190433111062, 9.926949335249729 ], [ 76.364190433111062, 9.922457779374774 ], [ 76.368751278475258, 9.922457779374774 ] ] ] } },
{ "type": "Feature", "properties": { "cell_id": 257, "lon": 76.371031701157364, "lat": 9.9247035573122524 }, "geometry": { "type": "Polygon", "coordinates": [ [ [ 76.373312123839455, 9.922457779374774 ], [ 76.373312123839455, 9.926949335249729 ], [ 76.368751278475258, 9.926949335249729 ], [ 76.368751278475258, 9.922457779374774 ], [ 76.373312123839455, 9.922457779374774 ] ] ] } },
{ "type": "Feature", "properties": { "cell_id": 258, "lon": 76.37559254652156, "lat": 9.9247035573122524 }, "geometry": { "type": "Polygon", "coordinates": [ [ [ 76.377872969203651, 9.922457779374774 ], [ 76.377872969203651, 9.926949335249729 ], [ 76.373312123839455, 9.926949335249729 ], [ 76.373312123839455, 9.922457779374774 ], [ 76.377872969203651, 9.922457779374774 ] ] ] } },
{ "type": "Feature", "properties": { "cell_id": 259, "lon": 76.380153391885756, "lat": 9.9247035573122524 }, "geometry": { "type": "Polygon", "coordinates": [ [ [ 76.382433814567847, 9.922457779374774 ], [ 76.382433814567847, 9.926949335249729 ], [ 76.377872969203651, 9.926949335249729 ], [ 76.377872969203651, 9.922457779374774 ], [ 76.382433814567847, 9.922457779374774 ] ] ] } },
{ "type": "Feature", "properties": { "cell_id": 260, "lon": 76.384714237249952, "lat": 9.9247035573122524 }, "geometry": { "type": "Polygon", "coordinates": [ [ [ 76.386994659932043, 9.922457779374774 ], [ 76.386994659932043, 9.926949335249729 ], [ 76.382433814567847, 9.926949335249729 ], [ 76.382433814567847, 9.922457779374774 ], [ 76.386994659932043, 9.922457779374774 ] ] ] } },
{ "type": "Feature", "properties": { "cell_id": 261, "lon": 76.389275082614148, "lat": 9.9247035573122524 }, "geometry": { "type": "Polygon", "coordinates": [ [ [ 76.391555505296239, 9.922457779374774 ], [ 76.391555505296239, 9.926949335249729 ], [ 76.386994659932043, 9.926949335249729 ], [ 76.386994659932043, 9.922457779374774 ], [ 76.391555505296239, 9.922457779374774 ] ] ] } },
{ "type": "Feature", "properties": { "cell_id": 262, "lon": 76.393835927978344, "lat": 9.9247035573122524 }, "geometry": { "type": "Polygon", "coordinates": [ [ [ 76.396116350660435, 9.922457779374774 ], [ 76.396116350660435, 9.926949335249729 ], [ 76.391555505296239, 9.926949335249729 ], [ 76.391555505296239, 9.922457779374774 ], [ 76.396116350660435, 9.922457779374774 ] ] ] } },
{ "type": "Feature", "properties": { "cell_id": 263, "lon": 76.39839677334254, "lat": 9.9247035573122524 }, "geometry": { "type": "Polygon", "coordinates": [ [ [ 76.400677196024631, 9.922457779374774 ], [ 76.400677196024631, 9.926949335249729 ], [ 76.396116350660435, 9.926949335249729 ], [ 76.396116350660435, 9.922457779374774 ], [ 76.400677196024631, 9.922457779374774 ] ] ] } },
{ "type": "Feature", "properties": { "cell_id": 264, "lon": 76.202280422682108, "lat": 9.9291951131872072 }, "geometry": { "type": "Polygon", "coordinates": [ [ [ 76.204560845364199, 9.926949335249729 ], [ 76.204560845364199, 9.931440891124684 ], [ 76.2, 9.931440891124684 ], [ 76.2, 9.926949335249729 ], [ 76.204560845364199, 9.926949335249729 ] ] ] } },
{ "type": "Feature", "properties": { "cell_id": 265, "lon": 76.206841268046304, "lat": 9.9291951131872072 }, "geometry": { "type": "Polygon", "coordinates": [ [ [ 76.209121690728395, 9.926949335249729 ], [ 76.209121690728395, 9.931440891124684 ], [ 76.204560845364199, 9.931440891124684 ], [ 76.204560845364199, 9.926949335249729 ], [ 76.209121690728395, 9.926949335249729 ] ] ] } },
{ "type": "Feature", "properties": { "cell_id": 266, "lon": 76.2114021134105, "lat": 9.9291951131872072 }, "geometry": { "type": "Polygon", "coordinates": [ [ [ 76.213682536092591, 9.926949335249729 ], [ 76.213682536092591, 9.931440891124684 ], [ 76.209121690728395, 9.931440891124684 ], [ 76.209121690728395, 9.926949335249729 ], [ 76.213682536092591, 9.926949335249729 ] ] ] } },
{ "type": "Feature", "properties": { "cell_id": 267, "lon": 76.215962958774696, "lat": 9.9291951131872072 }, "geometry": { "type": "Polygon", "coordinates": [ [ [ 76.218243381456787, 9.926949335249729 ], [ 76.218243381456787, 9.931440891124684 ], [ 76.213682536092591, 9.931440891124684 ], [ 76.213682536092591, 9.926949335249729 ], [ 76.218243381456787, 9.926949335249729 ] ] ] } },
{ "type": "Feature", "properties": { "cell_id": 268, "lon": 76.220523804138892, "lat": 9.9291951131872072 }, "geometry": { "type": "Polygon", "coordinates": [ [ [ 76.222804226820983, 9.926949335249729 ], [ 76.222804226820983, 9.931440891124684 ], [ 76.218243381456787, 9.931440891124684 ], [ 76.218243381456787, 9.926949335249729 ], [ 76.222804226820983, 9.926949335249729 ] ] ] } },
{ "type": "Feature", "properties": { "cell_id": 269, "lon": 76.225084649503088, "lat": 9.9291951131872072 }, "geometry": { "type": "Polygon", "coordinates": [ [ [ 76.227365072185179, 9.926949335249729 ], [ 76.227365072185179, 9.931440891124684 ], [ 76.222804226820983, 9.931440891124684 ], [ 76.222804226820983, 9.926949335249729 ], [ 76.227365072185179, 9.926949335249729 ] ] ] } },
{ "type": "Feature", "properties": { "cell_id": 270, "lon": 76.229645494867285, "lat": 9.9291951131872072 }, "geometry": { "type": "Polygon", "coordinates": [ [ [ 76.231925917549376, 9.926949335249729 ], [ 76.231925917549376, 9.931440891124684 ], [ 76.227365072185179, 9.931440891124684 ], [ 76.227365072185179, 9.926949335249729 ], [ 76.231925917549376, 9.926949335249729 ] ] ] } },
{ "type": "Feature", "properties": { "cell_id": 271, "lon": 76.234206340231481, "lat": 9.9291951131872072 }, "geometry": { "type": "Polygon", "coordinates": [ [ [ 76.236486762913572, 9.926949335249729 ], [ 76.236486762913572, 9.931440891124684 ], [ 76.231925917549376, 9.931440891124684 ], [ 76.231925917549376, 9.926949335249729 ], [ 76.236486762913572, 9.926949335249729 ] ] ] } },
{ "type": "Feature", "properties": { "cell_id": 272, "lon": 76.238767185595677, "lat": 9.9291951131872072 }, "geometry": { "type": "Polygon", "coordinates": [ [ [ 76.241047608277768, 9.926949335249729 ], [ 76.241047608277768, 9.931440891124684 ], [ 76.236486762913572, 9.931440891124684 ], [ 76.236486762913572, 9.926949335249729 ], [ 76.241047608277768, 9.926949335249729 ] ] ] } },
{ "type": "Feature", "properties": { "cell_id": 273, "lon": 76.243328030959873, "lat": 9.9291951131872072 }, "geometry": { "type": "Polygon", "coordinates": [ [ [ 76.245608453641964, 9.926949335249729 ], [ 76.245608453641964, 9.931440891124684 ], [ 76.241047608277768, 9.931440891124684 ], [ 76.241047608277768, 9.926949335249729 ], [ 76.245608453641964, 9.926949335249729 ] ] ] } },
{ "type": "Feature", "properties": { "cell_id": 274, "lon": 76.247888876324069, "lat": 9.9291951131872072 }, "geometry": { "type": "Polygon", "coordinates": [ [ [ 76.25016929900616, 9.926949335249729 ], [ 76.25016929900616, 9.931440891124684 ], [ 76.245608453641964, 9.931440891124684 ], [ 76.245608453641964, 9.926949335249729 ], [ 76.25016929900616, 9.926949335249729 ] ] ] } },
{ "type": "Feature", "properties": { "cell_id": 275, "lon": 76.252449721688265, "lat": 9.9291951131872072 }, "geometry": { "type": "Polygon", "coordinates": [ [ [ 76.254730144370356, 9.926949335249729 ], [ 76.254730144370356, 9.931440891124684 ], [ 76.25016929900616, 9.931440891124684 ], [ 76.25016929900616, 9.926949335249729 ], [ 76.254730144370356, 9.926949335249729 ] ] ] } },
{ "type": "Feature", "properties": { "cell_id": 276, "lon": 76.257010567052461, "lat": 9.9291951131872072 }, "geometry": { "type": "Polygon", "coordinates": [ [ [ 76.259290989734552, 9.926949335249729 ], [ 76.259290989734552, 9.931440891124684 ], [ 76.254730144370356, 9.931440891124684 ], [ 76.254730144370356, 9.926949335249729 ], [ 76.259290989734552, 9.926949335249729 ] ] ] } },
{ "type": "Feature", "properties": { "cell_id": 277, "lon": 76.261571412416657, "lat": 9.9291951131872072 }, "geometry": { "type": "Polygon", "coordinates": [ [ [ 76.263851835098748, 9.926949335249729 ], [ 76.263851835098748, 9.931440891124684 ], [ 76.259290989734552, 9.931440891124684 ], [ 76.259290989734552, 9.926949335249729 ], [ 76.263851835098748, 9.926949335249729 ] ] ] } },
{ "type": "Feature", "properties": { "cell_id": 278, "lon": 76.266132257780853, "lat": 9.9291951131872072 }, "geometry": { "type": "Polygon", "coordinates": [ [ [ 76.268412680462944, 9.926949335249729 ], [ 76.268412680462944, 9.931440891124684 ], [ 76.263851835098748, 9.931440891124684 ], [ 76.263851835098748, 9.926949335249729 ], [ 76.268412680462944, 9.926949335249729 ] ] ] } },
{ "type": "Feature", "properties": { "cell_id": 279, "lon": 76.270693103145049, "lat": 9.9291951131872072 }, "geometry": { "type": "Polygon", "coordinates": [ [ [ 76.27297352582714, 9.926949335249729 ], [ 76.27297352582714, 9.931440891124684 ], [ 76.268412680462944, 9.931440891124684 ], [ 76.268412680462944, 9.926949335249729 ], [ 76.27297352582714, 9.926949335249729 ] ] ] } },
{ "type": "Feature", "properties": { "cell_id": 280, "lon": 76.275253948509246, "lat": 9.9291951131872072 }, "geometry": { "type": "Polygon", "coordinates": [ [ [ 76.277534371191337, 9.926949335249729 ], [ 76.277534371191337, 9.931440891124684 ], [ 76.27297352582714, 9.931440891124684 ], [ 76.27297352582714, 9.926949335249729 ], [ 76.277534371191337, 9.926949335249729 ] ] ] } },
{ "type": "Feature", "properties": { "cell_id": 281, "lon": 76.279814793873442, "lat": 9.9291951131872072 }, "geometry": { "type": "Polygon", "coordinates": [ [ [ 76.282095216555533, 9.926949335249729 ], [ 76.282095216555533, 9.931440891124684 ], [ 76.277534371191337, 9.931440891124684 ], [ 76.277534371191337, 9.926949335249729 ], [ 76.282095216555533, 9.926949335249729 ] ] ] } },
{ "type": "Feature", "properties": { "cell_id": 282, "lon": 76.284375639237638, "lat": 9.9291951131872072 }, "geometry": { "type": "Polygon", "coordinates": [ [ [ 76.286656061919729, 9.926949335249729 ], [ 76.286656061919729, 9.931440891124684 ], [ 76.282095216555533, 9.931440891124684 ], [ 76.282095216555533, 9.926949335249729 ], [ 76.286656061919729, 9.926949335249729 ] ] ] } },
{ "type": "Feature", "properties": { "cell_id": 283, "lon": 76.288936484601834, "lat": 9.9291951131872072 }, "geometry": { "type": "Polygon", "coordinates": [ [ [ 76.291216907283925, 9.926949335249729 ], [ 76.291216907283925, 9.931440891124684 ], [ 76.286656061919729, 9.931440891124684 ], [ 76.286656061919729, 9.926949335249729 ], [ 76.291216907283925, 9.926949335249729 ] ] ] } },
{ "type": "Feature", "properties": { "cell_id": 284, "lon": 76.29349732996603, "lat": 9.9291951131872072 }, "geometry": { "type": "Polygon", "coordinates": [ [ [ 76.295777752648121, 9.926949335249729 ], [ 76.295777752648121, 9.931440891124684 ], [ 76.291216907283925, 9.931440891124684 ], [ 76.291216907283925, 9.926949335249729 ], [ 76.295777752648121, 9.926949335249729 ] ] ] } },
{ "type": "Feature", "properties": { "cell_id": 285, "lon": 76.298058175330226, "lat": 9.9291951131872072 }, "geometry": { "type": "Polygon", "coordinates": [ [ [ 76.300338598012317, 9.926949335249729 ], [ 76.300338598012317, 9.931440891124684 ], [ 76.295777752648121, 9.931440891124684 ], [ 76.295777752648121, 9.926949335249729 ], [ 76.300338598012317, 9.926949335249729 ] ] ] } },
{ "type": "Feature", "properties": { "cell_id": 286, "lon": 76.302619020694422, "lat": 9.9291951131872072 }, "geometry": { "type": "Polygon", "coordinates": [ [ [ 76.304899443376513, 9.926949335249729 ], [ 76.304899443376513, 9.931440891124684 ], [ 76.300338598012317, 9.931440891124684 ], [ 76.300338598012317, 9.926949335249729 ], [ 76.304899443376513, 9.926949335249729 ] ] ] } },
{ "type": "Feature", "properties": { "cell_id": 287, "lon": 76.307179866058618, "lat": 9.9291951131872072 }, "geometry": { "type": "Polygon", "coordinates": [ [ [ 76.309460288740709, 9.926949335249729 ], [ 76.309460288740709, 9.931440891124684 ], [ 76.304899443376513, 9.931440891124684 ], [ 76.304899443376513, 9.926949335249729 ], [ 76.309460288740709, 9.926949335249729 ] ] ] } },
{ "type": "Feature", "properties": { "cell_id": 288, "lon": 76.311740711422814, "lat": 9.9291951131872072 }, "geometry": { "type": "Polygon", "coordinates": [ [ [ 76.314021134104905, 9.926949335249729 ], [ 76.314021134104905, 9.931440891124684 ], [ 76.309460288740709, 9.931440891124684 ], [ 76.309460288740709, 9.926949335249729 ], [ 76.314021134104905, 9.926949335249729 ] ] ] } },
{ "type": "Feature", "properties": { "cell_id": 289, "lon": 76.31630155678701, "lat": 9.9291951131872072 }, "geometry": { "type": "Polygon", "coordinates": [ [ [ 76.318581979469101, 9.926949335249729 ], [ 76.318581979469101, 9.931440891124684 ], [ 76.314021134104905, 9.931440891124684 ], [ 76.314021134104905, 9.926949335249729 ], [ 76.318581979469101, 9.926949335249729 ] ] ] } },
{ "type": "Feature", "properties": { "cell_id": 290, "lon": 76.320862402151207, "lat": 9.9291951131872072 }, "geometry": { "type": "Polygon", "coordinates": [ [ [ 76.323142824833297, 9.926949335249729 ], [ 76.323142824833297, 9.931440891124684 ], [ 76.318581979469101, 9.931440891124684 ], [ 76.318581979469101, 9.926949335249729 ], [ 76.323142824833297, 9.926949335249729 ] ] ] } },
{ "type": "Feature", "properties": { "cell_id": 291, "lon": 76.325423247515403, "lat": 9.9291951131872072 }, "geometry": { "type": "Polygon", "coordinates": [ [ [ 76.327703670197494, 9.926949335249729 ], [ 76.327703670197494, 9.931440891124684 ], [ 76.323142824833297, 9.931440891124684 ], [ 76.323142824833297, 9.926949335249729 ], [ 76.327703670197494, 9.926949335249729 ] ] ] } },
{ "type": "Feature", "properties": { "cell_id": 292, "lon": 76.329984092879599, "lat": 9.9291951131872072 }, "geometry": { "type": "Polygon", "coordinates": [ [ [ 76.33226451556169, 9.926949335249729 ], [ 76.33226451556169, 9.931440891124684 ], [ 76.327703670197494, 9.931440891124684 ], [ 76.327703670197494, 9.926949335249729 ], [ 76.33226451556169, 9.926949335249729 ] ] ] } },
{ "type": "Feature", "properties": { "cell_id": 293, "lon": 76.334544938243795, "lat": 9.9291951131872072 }, "geometry": { "type": "Polygon", "coordinates": [ [ [ 76.336825360925886, 9.926949335249729 ], [ 76.336825360925886, 9.931440891124684 ], [ 76.33226451556169, 9.931440891124684 ], [ 76.33226451556169, 9.926949335249729 ], [ 76.336825360925886, 9.926949335249729 ] ] ] } },
{ "type": "Feature", "properties": { "cell_id": 294, "lon": 76.339105783607991, "lat": 9.9291951131872072 }, "geometry": { "type": "Polygon", "coordinates": [ [ [ 76.341386206290082, 9.926949335249729 ], [ 76.341386206290082, 9.931440891124684 ], [ 76.336825360925886, 9.931440891124684 ], [ 76.336825360925886, 9.926949335249729 ], [ 76.341386206290082, 9.926949335249729 ] ] ] } },
{ "type": "Feature", "properties": { "cell_id": 295, "lon": 76.343666628972187, "lat": 9.9291951131872072 }, "geometry": { "type": "Polygon", "coordinates": [ [ [ 76.345947051654278, 9.926949335249729 ], [ 76.345947051654278, 9.931440891124684 ], [ 76.341386206290082, 9.931440891124684 ], [ 76.341386206290082, 9.926949335249729 ], [ 76.345947051654278, 9.926949335249729 ] ] ] } },
{ "type": "Feature", "properties": { "cell_id": 296, "lon": 76.348227474336383, "lat": 9.9291951131872072 }, "geometry": { "type": "Polygon", "coordinates": [ [ [ 76.350507897018474, 9.926949335249729 ], [ 76.350507897018474, 9.931440891124684 ], [ 76.345947051654278, 9.931440891124684 ], [ 76.345947051654278, 9.926949335249729 ], [ 76.350507897018474, 9.926949335249729 ] ] ] } },
{ "type": "Feature", "properties": { "cell_id": 297, "lon": 76.352788319700579, "lat": 9.9291951131872072 }, "geometry": { "type": "Polygon", "coordinates": [ [ [ 76.35506874238267, 9.926949335249729 ], [ 76.35506874238267, 9.931440891124684 ], [ 76.350507897018474, 9.931440891124684 ], [ 76.350507897018474, 9.926949335249729 ], [ 76.35506874238267, 9.926949335249729 ] ] ] } },
{ "type": "Feature", "properties": { "cell_id": 298, "lon": 76.357349165064775, "lat": 9.9291951131872072 }, "geometry": { "type": "Polygon", "coordinates": [ [ [ 76.359629587746866, 9.926949335249729 ], [ 76.359629587746866, 9.931440891124684 ], [ 76.35506874238267, 9.931440891124684 ], [ 76.35506874238267, 9.926949335249729 ], [ 76.359629587746866, 9.926949335249729 ] ] ] } },
{ "type": "Feature", "properties": { "cell_id": 299, "lon": 76.361910010428971, "lat": 9.9291951131872072 }, "geometry": { "type": "Polygon", "coordinates": [ [ [ 76.364190433111062, 9.926949335249729 ], [ 76.364190433111062, 9.931440891124684 ], [ 76.359629587746866, 9.931440891124684 ], [ 76.359629587746866, 9.926949335249729 ], [ 76.364190433111062, 9.926949335249729 ] ] ] } },
{ "type": "Feature", "properties": { "cell_id": 300, "lon": 76.366470855793168, "lat": 9.9291951131872072 }, "geometry": { "type": "Polygon", "coordinates": [ [ [ 76.368751278475258, 9.926949335249729 ], [ 76.368751278475258, 9.931440891124684 ], [ 76.364190433111062, 9.931440891124684 ], [ 76.364190433111062, 9.926949335249729 ], [ 76.368751278475258, 9.926949335249729 ] ] ] } },
{ "type": "Feature", "properties": { "cell_id": 301, "lon": 76.371031701157364, "lat": 9.9291951131872072 }, "geometry": { "type": "Polygon", "coordinates": [ [ [ 76.373312123839455, 9.926949335249729 ], [ 76.373312123839455, 9.931440891124684 ], [ 76.368751278475258, 9.931440891124684 ], [ 76.368751278475258, 9.926949335249729 ], [ 76.373312123839455, 9.926949335249729 ] ] ] } },
{ "type": "Feature", "properties": { "cell_id": 302, "lon": 76.37559254652156, "lat": 9.9291951131872072 }, "geometry": { "type": "Polygon", "coordinates": [ [ [ 76.377872969203651, 9.926949335249729 ], [ 76.377872969203651, 9.931440891124684 ], [ 76.373312123839455, 9.931440891124684 ], [ 76.373312123839455, 9.926949335249729 ], [ 76.377872969203651, 9.926949335249729 ] ] ] } },
{ "type": "Feature", "properties": { "cell_id": 303, "lon": 76.380153391885756, "lat": 9.9291951131872072 }, "geometry": { "type": "Polygon", "coordinates": [ [ [ 76.382433814567847, 9.926949335249729 ], [ 76.382433814567847, 9.931440891124684 ], [ 76.377872969203651, 9.931440891124684 ], [ 76.377872969203651, 9.926949335249729 ], [ 76.382433814567847, 9.926949335249729 ] ] ] } },
{ "type": "Feature", "properties": { "cell_id": 304, "lon": 76.384714237249952, "lat": 9.9291951131872072 }, "geometry": { "type": "Polygon", "coordinates": [ [ [ 76.386994659932043, 9.926949335249729 ], [ 76.386994659932043, 9.931440891124684 ], [ 76.382433814567847, 9.931440891124684 ], [ 76.382433814567847, 9.926949335249729 ], [ 76.386994659932043, 9.926949335249729 ] ] ] } },
{ "type": "Feature", "properties": { "cell_id": 305, "lon": 76.389275082614148, "lat": 9.9291951131872072 }, "geometry": { "type": "Polygon", "coordinates": [ [ [ 76.391555505296239, 9.926949335249729 ], [ 76.391555505296239, 9.931440891124684 ], [ 76.386994659932043, 9.931440891124684 ], [ 76.386994659932043, 9.926949335249729 ], [ 76.391555505296239, 9.926949335249729 ] ] ] } },
{ "type": "Feature", "properties": { "cell_id": 306, "lon": 76.393835927978344, "lat": 9.9291951131872072 }, "geometry": { "type": "Polygon", "coordinates": [ [ [ 76.396116350660435, 9.926949335249729 ], [ 76.396116350660435, 9.931440891124684 ], [ 76.391555505296239, 9.931440891124684 ], [ 76.391555505296239, 9.926949335249729 ], [ 76.396116350660435, 9.926949335249729 ] ] ] } },
{ "type": "Feature", "properties": { "cell_id": 307, "lon": 76.39839677334254, "lat": 9.9291951131872072 }, "geometry": { "type": "Polygon", "coordinates": [ [ [ 76.400677196024631, 9.926949335249729 ], [ 76.400677196024631, 9.931440891124684 ], [ 76.396116350660435, 9.931440891124684 ], [ 76.396116350660435, 9.926949335249729 ], [ 76.400677196024631, 9.926949335249729 ] ] ] } },
{ "type": "Feature", "properties": { "cell_id": 308, "lon": 76.202280422682108, "lat": 9.9336866690621619 }, "geometry": { "type": "Polygon", "coordinates": [ [ [ 76.204560845364199, 9.931440891124684 ], [ 76.204560845364199, 9.935932446999638 ], [ 76.2, 9.935932446999638 ], [ 76.2, 9.931440891124684 ], [ 76.204560845364199, 9.931440891124684 ] ] ] } },
{ "type": "Feature", "properties": { "cell_id": 309, "lon": 76.206841268046304, "lat": 9.9336866690621619 }, "geometry": { "type": "Polygon", "coordinates": [ [ [ 76.209121690728395, 9.931440891124684 ], [ 76.209121690728395, 9.935932446999638 ], [ 76.204560845364199, 9.935932446999638 ], [ 76.204560845364199, 9.931440891124684 ], [ 76.209121690728395, 9.931440891124684 ] ] ] } },
{ "type": "Feature", "properties": { "cell_id": 310, "lon": 76.2114021134105, "lat": 9.9336866690621619 }, "geometry": { "type": "Polygon", "coordinates": [ [ [ 76.213682536092591, 9.931440891124684 ], [ 76.213682536092591, 9.935932446999638 ], [ 76.209121690728395, 9.935932446999638 ], [ 76.209121690728395, 9.931440891124684 ], [ 76.213682536092591, 9.931440891124684 ] ] ] } },
{ "type": "Feature", "properties": { "cell_id": 311, "lon": 76.215962958774696, "lat": 9.9336866690621619 }, "geometry": { "type": "Polygon", "coordinates": [ [ [ 76.218243381456787, 9.931440891124684 ], [ 76.218243381456787, 9.935932446999638 ], [ 76.213682536092591, 9.935932446999638 ], [ 76.213682536092591, 9.931440891124684 ], [ 76.218243381456787, 9.931440891124684 ] ] ] } },
{ "type": "Feature", "properties": { "cell_id": 312, "lon": 76.220523804138892, "lat": 9.9336866690621619 }, "geometry": { "type": "Polygon", "coordinates": [ [ [ 76.222804226820983, 9.931440891124684 ], [ 76.222804226820983, 9.935932446999638 ], [ 76.218243381456787, 9.935932446999638 ], [ 76.218243381456787, 9.931440891124684 ], [ 76.222804226820983, 9.931440891124684 ] ] ] } },
{ "type": "Feature", "properties": { "cell_id": 313, "lon": 76.225084649503088, "lat": 9.9336866690621619 }, "geometry": { "type": "Polygon", "coordinates": [ [ [ 76.227365072185179, 9.931440891124684 ], [ 76.227365072185179, 9.935932446999638 ], [ 76.222804226820983, 9.935932446999638 ], [ 76.222804226820983, 9.931440891124684 ], [ 76.227365072185179, 9.931440891124684 ] ] ] } },
{ "type": "Feature", "properties": { "cell_id": 314, "lon": 76.229645494867285, "lat": 9.9336866690621619 }, "geometry": { "type": "Polygon", "coordinates": [ [ [ 76.231925917549376, 9.931440891124684 ], [ 76.231925917549376, 9.935932446999638 ], [ 76.227365072185179, 9.935932446999638 ], [ 76.227365072185179, 9.931440891124684 ], [ 76.231925917549376, 9.931440891124684 ] ] ] } },
{ "type": "Feature", "properties": { "cell_id": 315, "lon": 76.234206340231481, "lat": 9.9336866690621619 }, "geometry": { "type": "Polygon", "coordinates": [ [ [ 76.236486762913572, 9.931440891124684 ], [ 76.236486762913572, 9.935932446999638 ], [ 76.231925917549376, 9.935932446999638 ], [ 76.231925917549376, 9.931440891124684 ], [ 76.236486762913572, 9.931440891124684 ] ] ] } },
{ "type": "Feature", "properties": { "cell_id": 316, "lon": 76.238767185595677, "lat": 9.9336866690621619 }, "geometry": { "type": "Polygon", "coordinates": [ [ [ 76.241047608277768, 9.931440891124684 ], [ 76.241047608277768, 9.935932446999638 ], [ 76.236486762913572, 9.935932446999638 ], [ 76.236486762913572, 9.931440891124684 ], [ 76.241047608277768, 9.931440891124684 ] ] ] } },
{ "type": "Feature", "properties": { "cell_id": 317, "lon": 76.243328030959873, "lat": 9.9336866690621619 }, "geometry": { "type": "Polygon", "coordinates": [ [ [ 76.245608453641964, 9.931440891124684 ], [ 76.245608453641964, 9.935932446999638 ], [ 76.241047608277768, 9.935932446999638 ], [ 76.241047608277768, 9.931440891124684 ], [ 76.245608453641964, 9.931440891124684 ] ] ] } },
{ "type": "Feature", "properties": { "cell_id": 318, "lon": 76.247888876324069, "lat": 9.9336866690621619 }, "geometry": { "type": "Polygon", "coordinates": [ [ [ 76.25016929900616, 9.931440891124684 ], [ 76.25016929900616, 9.935932446999638 ], [ 76.245608453641964, 9.935932446999638 ], [ 76.245608453641964, 9.931440891124684 ], [ 76.25016929900616, 9.931440891124684 ] ] ] } },
{ "type": "Feature", "properties": { "cell_id": 319, "lon": 76.252449721688265, "lat": 9.9336866690621619 }, "geometry": { "type": "Polygon", "coordinates": [ [ [ 76.254730144370356, 9.931440891124684 ], [ 76.254730144370356, 9.935932446999638 ], [ 76.25016929900616, 9.935932446999638 ], [ 76.25016929900616, 9.931440891124684 ], [ 76.254730144370356, 9.931440891124684 ] ] ] } },
{ "type": "Feature", "properties": { "cell_id": 320, "lon": 76.257010567052461, "lat": 9.9336866690621619 }, "geometry": { "type": "Polygon", "coordinates": [ [ [ 76.259290989734552, 9.931440891124684 ], [ 76.259290989734552, 9.935932446999638 ], [ 76.254730144370356, 9.935932446999638 ], [ 76.254730144370356, 9.931440891124684 ], [ 76.259290989734552, 9.931440891124684 ] ] ] } },
{ "type": "Feature", "properties": { "cell_id": 321, "lon": 76.261571412416657, "lat": 9.9336866690621619 }, "geometry": { "type": "Polygon", "coordinates": [ [ [ 76.263851835098748, 9.931440891124684 ], [ 76.263851835098748, 9.935932446999638 ], [ 76.259290989734552, 9.935932446999638 ], [ 76.259290989734552, 9.931440891124684 ], [ 76.263851835098748, 9.931440891124684 ] ] ] } },
{ "type": "Feature", "properties": { "cell_id": 322, "lon": 76.266132257780853, "lat": 9.9336866690621619 }, "geometry": { "type": "Polygon", "coordinates": [ [ [ 76.268412680462944, 9.931440891124684 ], [ 76.268412680462944, 9.935932446999638 ], [ 76.263851835098748, 9.935932446999638 ], [ 76.263851835098748, 9.931440891124684 ], [ 76.268412680462944, 9.931440891124684 ] ] ] } },
{ "type": "Feature", "properties": { "cell_id": 323, "lon": 76.270693103145049, "lat": 9.9336866690621619 }, "geometry": { "type": "Polygon", "coordinates": [ [ [ 76.27297352582714, 9.931440891124684 ], [ 76.27297352582714, 9.935932446999638 ], [ 76.268412680462944, 9.935932446999638 ], [ 76.268412680462944, 9.931440891124684 ], [ 76.27297352582714, 9.931440891124684 ] ] ] } },
{ "type": "Feature", "properties": { "cell_id": 324, "lon": 76.275253948509246, "lat": 9.9336866690621619 }, "geometry": { "type": "Polygon", "coordinates": [ [ [ 76.277534371191337, 9.931440891124684 ], [ 76.277534371191337, 9.935932446999638 ], [ 76.27297352582714, 9.935932446999638 ], [ 76.27297352582714, 9.931440891124684 ], [ 76.277534371191337, 9.931440891124684 ] ] ] } },
{ "type": "Feature", "properties": { "cell_id": 325, "lon": 76.279814793873442, "lat": 9.9336866690621619 }, "geometry": { "type": "Polygon", "coordinates": [ [ [ 76.282095216555533, 9.931440891124684 ], [ 76.282095216555533, 9.935932446999638 ], [ 76.277534371191337, 9.935932446999638 ], [ 76.277534371191337, 9.931440891124684 ], [ 76.282095216555533, 9.931440891124684 ] ] ] } },
{ "type": "Feature", "properties": { "cell_id": 326, "lon": 76.284375639237638, "lat": 9.9336866690621619 }, "geometry": { "type": "Polygon", "coordinates": [ [ [ 76.286656061919729, 9.931440891124684 ], [ 76.286656061919729, 9.935932446999638 ], [ 76.282095216555533, 9.935932446999638 ], [ 76.282095216555533, 9.931440891124684 ], [ 76.286656061919729, 9.931440891124684 ] ] ] } },
{ "type": "Feature", "properties": { "cell_id": 327, "lon": 76.288936484601834, "lat": 9.9336866690621619 }, "geometry": { "type": "Polygon", "coordinates": [ [ [ 76.291216907283925, 9.931440891124684 ], [ 76.291216907283925, 9.935932446999638 ], [ 76.286656061919729, 9.935932446999638 ], [ 76.286656061919729, 9.931440891124684 ], [ 76.291216907283925, 9.931440891124684 ] ] ] } },
{ "type": "Feature", "properties": { "cell_id": 328, "lon": 76.29349732996603, "lat": 9.9336866690621619 }, "geometry": { "type": "Polygon", "coordinates": [ [ [ 76.295777752648121, 9.931440891124684 ], [ 76.295777752648121, 9.935932446999638 ], [ 76.291216907283925, 9.935932446999638 ], [ 76.291216907283925, 9.931440891124684 ], [ 76.295777752648121, 9.931440891124684 ] ] ] } },
{ "type": "Feature", "properties": { "cell_id": 329, "lon": 76.298058175330226, "lat": 9.9336866690621619 }, "geometry": { "type": "Polygon", "coordinates": [ [ [ 76.300338598012317, 9.931440891124684 ], [ 76.300338598012317, 9.935932446999638 ], [ 76.295777752648121, 9.935932446999638 ], [ 76.295777752648121, 9.931440891124684 ], [ 76.300338598012317, 9.931440891124684 ] ] ] } },
{ "type": "Feature", "properties": { "cell_id": 330, "lon": 76.302619020694422, "lat": 9.9336866690621619 }, "geometry": { "type": "Polygon", "coordinates": [ [ [ 76.304899443376513, 9.931440891124684 ], [ 76.304899443376513, 9.935932446999638 ], [ 76.300338598012317, 9.935932446999638 ], [ 76.300338598012317, 9.931440891124684 ], [ 76.304899443376513, 9.931440891124684 ] ] ] } },
{ "type": "Feature", "properties": { "cell_id": 331, "lon": 76.307179866058618, "lat": 9.9336866690621619 }, "geometry": { "type": "Polygon", "coordinates": [ [ [ 76.309460288740709, 9.931440891124684 ], [ 76.309460288740709, 9.935932446999638 ], [ 76.304899443376513, 9.935932446999638 ], [ 76.304899443376513, 9.931440891124684 ], [ 76.309460288740709, 9.931440891124684 ] ] ] } },
{ "type": "Feature", "properties": { "cell_id": 332, "lon": 76.311740711422814, "lat": 9.9336866690621619 }, "geometry": { "type": "Polygon", "coordinates": [ [ [ 76.314021134104905, 9.931440891124684 ], [ 76.314021134104905, 9.935932446999638 ], [ 76.309460288740709, 9.935932446999638 ], [ 76.309460288740709, 9.931440891124684 ], [ 76.314021134104905, 9.931440891124684 ] ] ] } },
{ "type": "Feature", "properties": { "cell_id": 333, "lon": 76.31630155678701, "lat": 9.9336866690621619 }, "geometry": { "type": "Polygon", "coordinates": [ [ [ 76.318581979469101, 9.931440891124684 ], [ 76.318581979469101, 9.935932446999638 ], [ 76.314021134104905, 9.935932446999638 ], [ 76.314021134104905, 9.931440891124684 ], [ 76.318581979469101, 9.931440891124684 ] ] ] } },
{ "type": "Feature", "properties": { "cell_id": 334, "lon": 76.320862402151207, "lat": 9.9336866690621619 }, "geometry": { "type": "Polygon", "coordinates": [ [ [ 76.323142824833297, 9.931440891124684 ], [ 76.323142824833297, 9.935932446999638 ], [ 76.318581979469101, 9.935932446999638 ], [ 76.318581979469101, 9.931440891124684 ], [ 76.323142824833297, 9.931440891124684 ] ] ] } },
{ "type": "Feature", "properties": { "cell_id": 335, "lon": 76.325423247515403, "lat": 9.9336866690621619 }, "geometry": { "type": "Polygon", "coordinates": [ [ [ 76.327703670197494, 9.931440891124684 ], [ 76.327703670197494, 9.935932446999638 ], [ 76.323142824833297, 9.935932446999638 ], [ 76.323142824833297, 9.931440891124684 ], [ 76.327703670197494, 9.931440891124684 ] ] ] } },
{ "type": "Feature", "properties": { "cell_id": 336, "lon": 76.329984092879599, "lat": 9.9336866690621619 }, "geometry": { "type": "Polygon", "coordinates": [ [ [ 76.33226451556169, 9.931440891124684 ], [ 76.33226451556169, 9.935932446999638 ], [ 76.327703670197494, 9.935932446999638 ], [ 76.327703670197494, 9.931440891124684 ], [ 76.33226451556169, 9.931440891124684 ] ] ] } },
{ "type": "Feature", "properties": { "cell_id": 337, "lon": 76.334544938243795, "lat": 9.9336866690621619 }, "geometry": { "type": "Polygon", "coordinates": [ [ [ 76.336825360925886, 9.931440891124684 ], [ 76.336825360925886, 9.935932446999638 ], [ 76.33226451556169, 9.935932446999638 ], [ 76.33226451556169, 9.931440891124684 ], [ 76.336825360925886, 9.931440891124684 ] ] ] } },
{ "type": "Feature", "properties": { "cell_id": 338, "lon": 76.339105783607991, "lat": 9.9336866690621619 }, "geometry": { "type": "Polygon", "coordinates": [ [ [ 76.341386206290082, 9.931440891124684 ], [ 76.341386206290082, 9.935932446999638 ], [ 76.336825360925886, 9.935932446999638 ], [ 76.336825360925886, 9.931440891124684 ], [ 76.341386206290082, 9.931440891124684 ] ] ] } },
{ "type": "Feature", "properties": { "cell_id": 339, "lon": 76.343666628972187, "lat": 9.9336866690621619 }, "geometry": { "type": "Polygon", "coordinates": [ [ [ 76.345947051654278, 9.931440891124684 ], [ 76.345947051654278, 9.935932446999638 ], [ 76.341386206290082, 9.935932446999638 ], [ 76.341386206290082, 9.931440891124684 ], [ 76.345947051654278, 9.931440891124684 ] ] ] } },
{ "type": "Feature", "properties": { "cell_id": 340, "lon": 76.348227474336383, "lat": 9.9336866690621619 }, "geometry": { "type": "Polygon", "coordinates": [ [ [ 76.350507897018474, 9.931440891124684 ], [ 76.350507897018474, 9.935932446999638 ], [ 76.345947051654278, 9.935932446999638 ], [ 76.345947051654278, 9.931440891124684 ], [ 76.350507897018474, 9.931440891124684 ] ] ] } },
{ "type": "Feature", "properties": { "cell_id": 341, "lon": 76.352788319700579, "lat": 9.9336866690621619 }, "geometry": { "type": "Polygon", "coordinates": [ [ [ 76.35506874238267, 9.931440891124684 ], [ 76.35506874238267, 9.935932446999638 ], [ 76.350507897018474, 9.935932446999638 ], [ 76.350507897018474, 9.931440891124684 ], [ 76.35506874238267, 9.931440891124684 ] ] ] } },
{ "type": "Feature", "properties": { "cell_id": 342, "lon": 76.357349165064775, "lat": 9.9336866690621619 }, "geometry": { "type": "Polygon", "coordinates": [ [ [ 76.359629587746866, 9.931440891124684 ], [ 76.359629587746866, 9.935932446999638 ], [ 76.35506874238267, 9.935932446999638 ], [ 76.35506874238267, 9.931440891124684 ], [ 76.359629587746866, 9.931440891124684 ] ] ] } },
{ "type": "Feature", "properties": { "cell_id": 343, "lon": 76.361910010428971, "lat": 9.9336866690621619 }, "geometry": { "type": "Polygon", "coordinates": [ [ [ 76.364190433111062, 9.931440891124684 ], [ 76.364190433111062, 9.935932446999638 ], [ 76.359629587746866, 9.935932446999638 ], [ 76.359629587746866, 9.931440891124684 ], [ 76.364190433111062, 9.931440891124684 ] ] ] } },
{ "type": "Feature", "properties": { "cell_id": 344, "lon": 76.366470855793168, "lat": 9.9336866690621619 }, "geometry": { "type": "Polygon", "coordinates": [ [ [ 76.368751278475258, 9.931440891124684 ], [ 76.368751278475258, 9.935932446999638 ], [ 76.364190433111062, 9.935932446999638 ], [ 76.364190433111062, 9.931440891124684 ], [ 76.368751278475258, 9.931440891124684 ] ] ] } },
{ "type": "Feature", "properties": { "cell_id": 345, "lon": 76.371031701157364, "lat": 9.9336866690621619 }, "geometry": { "type": "Polygon", "coordinates": [ [ [ 76.373312123839455, 9.931440891124684 ], [ 76.373312123839455, 9.935932446999638 ], [ 76.368751278475258, 9.935932446999638 ], [ 76.368751278475258, 9.931440891124684 ], [ 76.373312123839455, 9.931440891124684 ] ] ] } },
{ "type": "Feature", "properties": { "cell_id": 346, "lon": 76.37559254652156, "lat": 9.9336866690621619 }, "geometry": { "type": "Polygon", "coordinates": [ [ [ 76.377872969203651, 9.931440891124684 ], [ 76.377872969203651, 9.935932446999638 ], [ 76.373312123839455, 9.935932446999638 ], [ 76.373312123839455, 9.931440891124684 ], [ 76.377872969203651, 9.931440891124684 ] ] ] } },
{ "type": "Feature", "properties": { "cell_id": 347, "lon": 76.380153391885756, "lat": 9.9336866690621619 }, "geometry": { "type": "Polygon", "coordinates": [ [ [ 76.382433814567847, 9.931440891124684 ], [ 76.382433814567847, 9.935932446999638 ], [ 76.377872969203651, 9.935932446999638 ], [ 76.377872969203651, 9.931440891124684 ], [ 76.382433814567847, 9.931440891124684 ] ] ] } },
{ "type": "Feature", "properties": { "cell_id": 348, "lon": 76.384714237249952, "lat": 9.9336866690621619 }, "geometry": { "type": "Polygon", "coordinates": [ [ [ 76.386994659932043, 9.931440891124684 ], [ 76.386994659932043, 9.935932446999638 ], [ 76.382433814567847, 9.935932446999638 ], [ 76.382433814567847, 9.931440891124684 ], [ 76.386994659932043, 9.931440891124684 ] ] ] } },
{ "type": "Feature", "properties": { "cell_id": 349, "lon": 76.389275082614148, "lat": 9.9336866690621619 }, "geometry": { "type": "Polygon", "coordinates": [ [ [ 76.391555505296239, 9.931440891124684 ], [ 76.391555505296239, 9.935932446999638 ], [ 76.386994659932043, 9.935932446999638 ], [ 76.386994659932043, 9.931440891124684 ], [ 76.391555505296239, 9.931440891124684 ] ] ] } },
{ "type": "Feature", "properties": { "cell_id": 350, "lon": 76.393835927978344, "lat": 9.9336866690621619 }, "geometry": { "type": "Polygon", "coordinates": [ [ [ 76.396116350660435, 9.931440891124684 ], [ 76.396116350660435, 9.935932446999638 ], [ 76.391555505296239, 9.935932446999638 ], [ 76.391555505296239, 9.931440891124684 ], [ 76.396116350660435, 9.931440891124684 ] ] ] } },
{ "type": "Feature", "properties": { "cell_id": 351, "lon": 76.39839677334254, "lat": 9.9336866690621619 }, "geometry": { "type": "Polygon", "coordinates": [ [ [ 76.400677196024631, 9.931440891124684 ], [ 76.400677196024631, 9.935932446999638 ], [ 76.396116350660435, 9.935932446999638 ], [ 76.396116350660435, 9.931440891124684 ], [ 76.400677196024631, 9.931440891124684 ] ] ] } },
{ "type": "Feature", "properties": { "cell_id": 352, "lon": 76.202280422682108, "lat": 9.9381782249371167 }, "geometry": { "type": "Polygon", "coordinates": [ [ [ 76.204560845364199, 9.935932446999638 ], [ 76.204560845364199, 9.940424002874593 ], [ 76.2, 9.940424002874593 ], [ 76.2, 9.935932446999638 ], [ 76.204560845364199, 9.935932446999638 ] ] ] } },
{ "type": "Feature", "properties": { "cell_id": 353, "lon": 76.206841268046304, "lat": 9.9381782249371167 }, "geometry": { "type": "Polygon", "coordinates": [ [ [ 76.209121690728395, 9.935932446999638 ], [ 76.209121690728395, 9.940424002874593 ], [ 76.204560845364199, 9.940424002874593 ], [ 76.204560845364199, 9.935932446999638 ], [ 76.209121690728395, 9.935932446999638 ] ] ] } },
{ "type": "Feature", "properties": { "cell_id": 354, "lon": 76.2114021134105, "lat": 9.9381782249371167 }, "geometry": { "type": "Polygon", "coordinates": [ [ [ 76.213682536092591, 9.935932446999638 ], [ 76.213682536092591, 9.940424002874593 ], [ 76.209121690728395, 9.940424002874593 ], [ 76.209121690728395, 9.935932446999638 ], [ 76.213682536092591, 9.935932446999638 ] ] ] } },
{ "type": "Feature", "properties": { "cell_id": 355, "lon": 76.215962958774696, "lat": 9.9381782249371167 }, "geometry": { "type": "Polygon", "coordinates": [ [ [ 76.218243381456787, 9.935932446999638 ], [ 76.218243381456787, 9.940424002874593 ], [ 76.213682536092591, 9.940424002874593 ], [ 76.213682536092591, 9.935932446999638 ], [ 76.218243381456787, 9.935932446999638 ] ] ] } },
{ "type": "Feature", "properties": { "cell_id": 356, "lon": 76.220523804138892, "lat": 9.9381782249371167 }, "geometry": { "type": "Polygon", "coordinates": [ [ [ 76.222804226820983, 9.935932446999638 ], [ 76.222804226820983, 9.940424002874593 ], [ 76.218243381456787, 9.940424002874593 ], [ 76.218243381456787, 9.935932446999638 ], [ 76.222804226820983, 9.935932446999638 ] ] ] } },
{ "type": "Feature", "properties": { "cell_id": 357, "lon": 76.225084649503088, "lat": 9.9381782249371167 }, "geometry": { "type": "Polygon", "coordinates": [ [ [ 76.227365072185179, 9.935932446999638 ], [ 76.227365072185179, 9.940424002874593 ], [ 76.222804226820983, 9.940424002874593 ], [ 76.222804226820983, 9.935932446999638 ], [ 76.227365072185179, 9.935932446999638 ] ] ] } },
{ "type": "Feature", "properties": { "cell_id": 358, "lon": 76.229645494867285, "lat": 9.9381782249371167 }, "geometry": { "type": "Polygon", "coordinates": [ [ [ 76.231925917549376, 9.935932446999638 ], [ 76.231925917549376, 9.940424002874593 ], [ 76.227365072185179, 9.940424002874593 ], [ 76.227365072185179, 9.935932446999638 ], [ 76.231925917549376, 9.935932446999638 ] ] ] } },
{ "type": "Feature", "properties": { "cell_id": 359, "lon": 76.234206340231481, "lat": 9.9381782249371167 }, "geometry": { "type": "Polygon", "coordinates": [ [ [ 76.236486762913572, 9.935932446999638 ], [ 76.236486762913572, 9.940424002874593 ], [ 76.231925917549376, 9.940424002874593 ], [ 76.231925917549376, 9.935932446999638 ], [ 76.236486762913572, 9.935932446999638 ] ] ] } },
{ "type": "Feature", "properties": { "cell_id": 360, "lon": 76.238767185595677, "lat": 9.9381782249371167 }, "geometry": { "type": "Polygon", "coordinates": [ [ [ 76.241047608277768, 9.935932446999638 ], [ 76.241047608277768, 9.940424002874593 ], [ 76.236486762913572, 9.940424002874593 ], [ 76.236486762913572, 9.935932446999638 ], [ 76.241047608277768, 9.935932446999638 ] ] ] } },
{ "type": "Feature", "properties": { "cell_id": 361, "lon": 76.243328030959873, "lat": 9.9381782249371167 }, "geometry": { "type": "Polygon", "coordinates": [ [ [ 76.245608453641964, 9.935932446999638 ], [ 76.245608453641964, 9.940424002874593 ], [ 76.241047608277768, 9.940424002874593 ], [ 76.241047608277768, 9.935932446999638 ], [ 76.245608453641964, 9.935932446999638 ] ] ] } },
{ "type": "Feature", "properties": { "cell_id": 362, "lon": 76.247888876324069, "lat": 9.9381782249371167 }, "geometry": { "type": "Polygon", "coordinates": [ [ [ 76.25016929900616, 9.935932446999638 ], [ 76.25016929900616, 9.940424002874593 ], [ 76.245608453641964, 9.940424002874593 ], [ 76.245608453641964, 9.935932446999638 ], [ 76.25016929900616, 9.935932446999638 ] ] ] } },
{ "type": "Feature", "properties": { "cell_id": 363, "lon": 76.252449721688265, "lat": 9.9381782249371167 }, "geometry": { "type": "Polygon", "coordinates": [ [ [ 76.254730144370356, 9.935932446999638 ], [ 76.254730144370356, 9.940424002874593 ], [ 76.25016929900616, 9.940424002874593 ], [ 76.25016929900616, 9.935932446999638 ], [ 76.254730144370356, 9.935932446999638 ] ] ] } },
{ "type": "Feature", "properties": { "cell_id": 364, "lon": 76.257010567052461, "lat": 9.9381782249371167 }, "geometry": { "type": "Polygon", "coordinates": [ [ [ 76.259290989734552, 9.935932446999638 ], [ 76.259290989734552, 9.940424002874593 ], [ 76.254730144370356, 9.940424002874593 ], [ 76.254730144370356, 9.935932446999638 ], [ 76.259290989734552, 9.935932446999638 ] ] ] } },
{ "type": "Feature", "properties": { "cell_id": 365, "lon": 76.261571412416657, "lat": 9.9381782249371167 }, "geometry": { "type": "Polygon", "coordinates": [ [ [ 76.263851835098748, 9.935932446999638 ], [ 76.263851835098748, 9.940424002874593 ], [ 76.259290989734552, 9.940424002874593 ], [ 76.259290989734552, 9.935932446999638 ], [ 76.263851835098748, 9.935932446999638 ] ] ] } },
{ "type": "Feature", "properties": { "cell_id": 366, "lon": 76.266132257780853, "lat": 9.9381782249371167 }, "geometry": { "type": "Polygon", "coordinates": [ [ [ 76.268412680462944, 9.935932446999638 ], [ 76.268412680462944, 9.940424002874593 ], [ 76.263851835098748, 9.940424002874593 ], [ 76.263851835098748, 9.935932446999638 ], [ 76.268412680462944, 9.935932446999638 ] ] ] } },
{ "type": "Feature", "properties": { "cell_id": 367, "lon": 76.270693103145049, "lat": 9.9381782249371167 }, "geometry": { "type": "Polygon", "coordinates": [ [ [ 76.27297352582714, 9.935932446999638 ], [ 76.27297352582714, 9.940424002874593 ], [ 76.268412680462944, 9.940424002874593 ], [ 76.268412680462944, 9.935932446999638 ], [ 76.27297352582714, 9.935932446999638 ] ] ] } },
{ "type": "Feature", "properties": { "cell_id": 368, "lon": 76.275253948509246, "lat": 9.9381782249371167 }, "geometry": { "type": "Polygon", "coordinates": [ [ [ 76.277534371191337, 9.935932446999638 ], [ 76.277534371191337, 9.940424002874593 ], [ 76.27297352582714, 9.940424002874593 ], [ 76.27297352582714, 9.935932446999638 ], [ 76.277534371191337, 9.935932446999638 ] ] ] } },
{ "type": "Feature", "properties": { "cell_id": 369, "lon": 76.279814793873442, "lat": 9.9381782249371167 }, "geometry": { "type": "Polygon", "coordinates": [ [ [ 76.282095216555533, 9.935932446999638 ], [ 76.282095216555533, 9.940424002874593 ], [ 76.277534371191337, 9.940424002874593 ], [ 76.277534371191337, 9.935932446999638 ], [ 76.282095216555533, 9.935932446999638 ] ] ] } },
{ "type": "Feature", "properties": { "cell_id": 370, "lon": 76.284375639237638, "lat": 9.9381782249371167 }, "geometry": { "type": "Polygon", "coordinates": [ [ [ 76.286656061919729, 9.935932446999638 ], [ 76.286656061919729, 9.940424002874593 ], [ 76.282095216555533, 9.940424002874593 ], [ 76.282095216555533, 9.935932446999638 ], [ 76.286656061919729, 9.935932446999638 ] ] ] } },
{ "type": "Feature", "properties": { "cell_id": 371, "lon": 76.288936484601834, "lat": 9.9381782249371167 }, "geometry": { "type": "Polygon", "coordinates": [ [ [ 76.291216907283925, 9.935932446999638 ], [ 76.291216907283925, 9.940424002874593 ], [ 76.286656061919729, 9.940424002874593 ], [ 76.286656061919729, 9.935932446999638 ], [ 76.291216907283925, 9.935932446999638 ] ] ] } },
{ "type": "Feature", "properties": { "cell_id": 372, "lon": 76.29349732996603, "lat": 9.9381782249371167 }, "geometry": { "type": "Polygon", "coordinates": [ [ [ 76.295777752648121, 9.935932446999638 ], [ 76.295777752648121, 9.940424002874593 ], [ 76.291216907283925, 9.940424002874593 ], [ 76.291216907283925, 9.935932446999638 ], [ 76.295777752648121, 9.935932446999638 ] ] ] } },
{ "type": "Feature", "properties": { "cell_id": 373, "lon": 76.298058175330226, "lat": 9.9381782249371167 }, "geometry": { "type": "Polygon", "coordinates": [ [ [ 76.300338598012317, 9.935932446999638 ], [ 76.300338598012317, 9.940424002874593 ], [ 76.295777752648121, 9.940424002874593 ], [ 76.295777752648121, 9.935932446999638 ], [ 76.300338598012317, 9.935932446999638 ] ] ] } },
{ "type": "Feature", "properties": { "cell_id": 374, "lon": 76.302619020694422, "lat": 9.9381782249371167 }, "geometry": { "type": "Polygon", "coordinates": [ [ [ 76.304899443376513, 9.935932446999638 ], [ 76.304899443376513, 9.940424002874593 ], [ 76.300338598012317, 9.940424002874593 ], [ 76.300338598012317, 9.935932446999638 ], [ 76.304899443376513, 9.935932446999638 ] ] ] } },
{ "type": "Feature", "properties": { "cell_id": 375, "lon": 76.307179866058618, "lat": 9.9381782249371167 }, "geometry": { "type": "Polygon", "coordinates": [ [ [ 76.309460288740709, 9.935932446999638 ], [ 76.309460288740709, 9.940424002874593 ], [ 76.304899443376513, 9.940424002874593 ], [ 76.304899443376513, 9.935932446999638 ], [ 76.309460288740709, 9.935932446999638 ] ] ] } },
{ "type": "Feature", "properties": { "cell_id": 376, "lon": 76.311740711422814, "lat": 9.9381782249371167 }, "geometry": { "type": "Polygon", "coordinates": [ [ [ 76.314021134104905, 9.935932446999638 ], [ 76.314021134104905, 9.940424002874593 ], [ 76.309460288740709, 9.940424002874593 ], [ 76.309460288740709, 9.935932446999638 ], [ 76.314021134104905, 9.935932446999638 ] ] ] } },
{ "type": "Feature", "properties": { "cell_id": 377, "lon": 76.31630155678701, "lat": 9.9381782249371167 }, "geometry": { "type": "Polygon", "coordinates": [ [ [ 76.318581979469101, 9.935932446999638 ], [ 76.318581979469101, 9.940424002874593 ], [ 76.314021134104905, 9.940424002874593 ], [ 76.314021134104905, 9.935932446999638 ], [ 76.318581979469101, 9.935932446999638 ] ] ] } },
{ "type": "Feature", "properties": { "cell_id": 378, "lon": 76.320862402151207, "lat": 9.9381782249371167 }, "geometry": { "type": "Polygon", "coordinates": [ [ [ 76.323142824833297, 9.935932446999638 ], [ 76.323142824833297, 9.940424002874593 ], [ 76.318581979469101, 9.940424002874593 ], [ 76.318581979469101, 9.935932446999638 ], [ 76.323142824833297, 9.935932446999638 ] ] ] } },
{ "type": "Feature", "properties": { "cell_id": 379, "lon": 76.325423247515403, "lat": 9.9381782249371167 }, "geometry": { "type": "Polygon", "coordinates": [ [ [ 76.327703670197494, 9.935932446999638 ], [ 76.327703670197494, 9.940424002874593 ], [ 76.323142824833297, 9.940424002874593 ], [ 76.323142824833297, 9.935932446999638 ], [ 76.327703670197494, 9.935932446999638 ] ] ] } },
{ "type": "Feature", "properties": { "cell_id": 380, "lon": 76.329984092879599, "lat": 9.9381782249371167 }, "geometry": { "type": "Polygon", "coordinates": [ [ [ 76.33226451556169, 9.935932446999638 ], [ 76.33226451556169, 9.940424002874593 ], [ 76.327703670197494, 9.940424002874593 ], [ 76.327703670197494, 9.935932446999638 ], [ 76.33226451556169, 9.935932446999638 ] ] ] } },
{ "type": "Feature", "properties": { "cell_id": 381, "lon": 76.334544938243795, "lat": 9.9381782249371167 }, "geometry": { "type": "Polygon", "coordinates": [ [ [ 76.336825360925886, 9.935932446999638 ], [ 76.336825360925886, 9.940424002874593 ], [ 76.33226451556169, 9.940424002874593 ], [ 76.33226451556169, 9.935932446999638 ], [ 76.336825360925886, 9.935932446999638 ] ] ] } },
{ "type": "Feature", "properties": { "cell_id": 382, "lon": 76.339105783607991, "lat": 9.9381782249371167 }, "geometry": { "type": "Polygon", "coordinates": [ [ [ 76.341386206290082, 9.935932446999638 ], [ 76.341386206290082, 9.940424002874593 ], [ 76.336825360925886, 9.940424002874593 ], [ 76.336825360925886, 9.935932446999638 ], [ 76.341386206290082, 9.935932446999638 ] ] ] } },
{ "type": "Feature", "properties": { "cell_id": 383, "lon": 76.343666628972187, "lat": 9.9381782249371167 }, "geometry": { "type": "Polygon", "coordinates": [ [ [ 76.345947051654278, 9.935932446999638 ], [ 76.345947051654278, 9.940424002874593 ], [ 76.341386206290082, 9.940424002874593 ], [ 76.341386206290082, 9.935932446999638 ], [ 76.345947051654278, 9.935932446999638 ] ] ] } },
{ "type": "Feature", "properties": { "cell_id": 384, "lon": 76.348227474336383, "lat": 9.9381782249371167 }, "geometry": { "type": "Polygon", "coordinates": [ [ [ 76.350507897018474, 9.935932446999638 ], [ 76.350507897018474, 9.940424002874593 ], [ 76.345947051654278, 9.940424002874593 ], [ 76.345947051654278, 9.935932446999638 ], [ 76.350507897018474, 9.935932446999638 ] ] ] } },
{ "type": "Feature", "properties": { "cell_id": 385, "lon": 76.352788319700579, "lat": 9.9381782249371167 }, "geometry": { "type": "Polygon", "coordinates": [ [ [ 76.35506874238267, 9.935932446999638 ], [ 76.35506874238267, 9.940424002874593 ], [ 76.350507897018474, 9.940424002874593 ], [ 76.350507897018474, 9.935932446999638 ], [ 76.35506874238267, 9.935932446999638 ] ] ] } },
{ "type": "Feature", "properties": { "cell_id": 386, "lon": 76.357349165064775, "lat": 9.9381782249371167 }, "geometry": { "type": "Polygon", "coordinates": [ [ [ 76.359629587746866, 9.935932446999638 ], [ 76.359629587746866, 9.940424002874593 ], [ 76.35506874238267, 9.940424002874593 ], [ 76.35506874238267, 9.935932446999638 ], [ 76.359629587746866, 9.935932446999638 ] ] ] } },
{ "type": "Feature", "properties": { "cell_id": 387, "lon": 76.361910010428971, "lat": 9.9381782249371167 }, "geometry": { "type": "Polygon", "coordinates": [ [ [ 76.364190433111062, 9.935932446999638 ], [ 76.364190433111062, 9.940424002874593 ], [ 76.359629587746866, 9.940424002874593 ], [ 76.359629587746866, 9.935932446999638 ], [ 76.364190433111062, 9.935932446999638 ] ] ] } },
{ "type": "Feature", "properties": { "cell_id": 388, "lon": 76.366470855793168, "lat": 9.9381782249371167 }, "geometry": { "type": "Polygon", "coordinates": [ [ [ 76.368751278475258, 9.935932446999638 ], [ 76.368751278475258, 9.940424002874593 ], [ 76.364190433111062, 9.940424002874593 ], [ 76.364190433111062, 9.935932446999638 ], [ 76.368751278475258, 9.935932446999638 ] ] ] } },
{ "type": "Feature", "properties": { "cell_id": 389, "lon": 76.371031701157364, "lat": 9.9381782249371167 }, "geometry": { "type": "Polygon", "coordinates": [ [ [ 76.373312123839455, 9.935932446999638 ], [ 76.373312123839455, 9.940424002874593 ], [ 76.368751278475258, 9.940424002874593 ], [ 76.368751278475258, 9.935932446999638 ], [ 76.373312123839455, 9.935932446999638 ] ] ] } },
{ "type": "Feature", "properties": { "cell_id": 390, "lon": 76.37559254652156, "lat": 9.9381782249371167 }, "geometry": { "type": "Polygon", "coordinates": [ [ [ 76.377872969203651, 9.935932446999638 ], [ 76.377872969203651, 9.940424002874593 ], [ 76.373312123839455, 9.940424002874593 ], [ 76.373312123839455, 9.935932446999638 ], [ 76.377872969203651, 9.935932446999638 ] ] ] } },
{ "type": "Feature", "properties": { "cell_id": 391, "lon": 76.380153391885756, "lat": 9.9381782249371167 }, "geometry": { "type": "Polygon", "coordinates": [ [ [ 76.382433814567847, 9.935932446999638 ], [ 76.382433814567847, 9.940424002874593 ], [ 76.377872969203651, 9.940424002874593 ], [ 76.377872969203651, 9.935932446999638 ], [ 76.382433814567847, 9.935932446999638 ] ] ] } },
{ "type": "Feature", "properties": { "cell_id": 392, "lon": 76.384714237249952, "lat": 9.9381782249371167 }, "geometry": { "type": "Polygon", "coordinates": [ [ [ 76.386994659932043, 9.935932446999638 ], [ 76.386994659932043, 9.940424002874593 ], [ 76.382433814567847, 9.940424002874593 ], [ 76.382433814567847, 9.935932446999638 ], [ 76.386994659932043, 9.935932446999638 ] ] ] } },
{ "type": "Feature", "properties": { "cell_id": 393, "lon": 76.389275082614148, "lat": 9.9381782249371167 }, "geometry": { "type": "Polygon", "coordinates": [ [ [ 76.391555505296239, 9.935932446999638 ], [ 76.391555505296239, 9.940424002874593 ], [ 76.386994659932043, 9.940424002874593 ], [ 76.386994659932043, 9.935932446999638 ], [ 76.391555505296239, 9.935932446999638 ] ] ] } },
{ "type": "Feature", "properties": { "cell_id": 394, "lon": 76.393835927978344, "lat": 9.9381782249371167 }, "geometry": { "type": "Polygon", "coordinates": [ [ [ 76.396116350660435, 9.935932446999638 ], [ 76.396116350660435, 9.940424002874593 ], [ 76.391555505296239, 9.940424002874593 ], [ 76.391555505296239, 9.935932446999638 ], [ 76.396116350660435, 9.935932446999638 ] ] ] } },
{ "type": "Feature", "properties": { "cell_id": 395, "lon": 76.39839677334254, "lat": 9.9381782249371167 }, "geometry": { "type": "Polygon", "coordinates": [ [ [ 76.400677196024631, 9.935932446999638 ], [ 76.400677196024631, 9.940424002874593 ], [ 76.396116350660435, 9.940424002874593 ], [ 76.396116350660435, 9.935932446999638 ], [ 76.400677196024631, 9.935932446999638 ] ] ] } },
{ "type": "Feature", "properties": { "cell_id": 396, "lon": 76.202280422682108, "lat": 9.9426697808120714 }, "geometry": { "type": "Polygon", "coordinates": [ [ [ 76.204560845364199, 9.940424002874593 ], [ 76.204560845364199, 9.944915558749548 ], [ 76.2, 9.944915558749548 ], [ 76.2, 9.940424002874593 ], [ 76.204560845364199, 9.940424002874593 ] ] ] } },
{ "type": "Feature", "properties": { "cell_id": 397, "lon": 76.206841268046304, "lat": 9.9426697808120714 }, "geometry": { "type": "Polygon", "coordinates": [ [ [ 76.209121690728395, 9.940424002874593 ], [ 76.209121690728395, 9.944915558749548 ], [ 76.204560845364199, 9.944915558749548 ], [ 76.204560845364199, 9.940424002874593 ], [ 76.209121690728395, 9.940424002874593 ] ] ] } },
{ "type": "Feature", "properties": { "cell_id": 398, "lon": 76.2114021134105, "lat": 9.9426697808120714 }, "geometry": { "type": "Polygon", "coordinates": [ [ [ 76.213682536092591, 9.940424002874593 ], [ 76.213682536092591, 9.944915558749548 ], [ 76.209121690728395, 9.944915558749548 ], [ 76.209121690728395, 9.940424002874593 ], [ 76.213682536092591, 9.940424002874593 ] ] ] } },
{ "type": "Feature", "properties": { "cell_id": 399, "lon": 76.215962958774696, "lat": 9.9426697808120714 }, "geometry": { "type": "Polygon", "coordinates": [ [ [ 76.218243381456787, 9.940424002874593 ], [ 76.218243381456787, 9.944915558749548 ], [ 76.213682536092591, 9.944915558749548 ], [ 76.213682536092591, 9.940424002874593 ], [ 76.218243381456787, 9.940424002874593 ] ] ] } },
{ "type": "Feature", "properties": { "cell_id": 400, "lon": 76.220523804138892, "lat": 9.9426697808120714 }, "geometry": { "type": "Polygon", "coordinates": [ [ [ 76.222804226820983, 9.940424002874593 ], [ 76.222804226820983, 9.944915558749548 ], [ 76.218243381456787, 9.944915558749548 ], [ 76.218243381456787, 9.940424002874593 ], [ 76.222804226820983, 9.940424002874593 ] ] ] } },
{ "type": "Feature", "properties": { "cell_id": 401, "lon": 76.225084649503088, "lat": 9.9426697808120714 }, "geometry": { "type": "Polygon", "coordinates": [ [ [ 76.227365072185179, 9.940424002874593 ], [ 76.227365072185179, 9.944915558749548 ], [ 76.222804226820983, 9.944915558749548 ], [ 76.222804226820983, 9.940424002874593 ], [ 76.227365072185179, 9.940424002874593 ] ] ] } },
{ "type": "Feature", "properties": { "cell_id": 402, "lon": 76.229645494867285, "lat": 9.9426697808120714 }, "geometry": { "type": "Polygon", "coordinates": [ [ [ 76.231925917549376, 9.940424002874593 ], [ 76.231925917549376, 9.944915558749548 ], [ 76.227365072185179, 9.944915558749548 ], [ 76.227365072185179, 9.940424002874593 ], [ 76.231925917549376, 9.940424002874593 ] ] ] } },
{ "type": "Feature", "properties": { "cell_id": 403, "lon": 76.234206340231481, "lat": 9.9426697808120714 }, "geometry": { "type": "Polygon", "coordinates": [ [ [ 76.236486762913572, 9.940424002874593 ], [ 76.236486762913572, 9.944915558749548 ], [ 76.231925917549376, 9.944915558749548 ], [ 76.231925917549376, 9.940424002874593 ], [ 76.236486762913572, 9.940424002874593 ] ] ] } },
{ "type": "Feature", "properties": { "cell_id": 404, "lon": 76.238767185595677, "lat": 9.9426697808120714 }, "geometry": { "type": "Polygon", "coordinates": [ [ [ 76.241047608277768, 9.940424002874593 ], [ 76.241047608277768, 9.944915558749548 ], [ 76.236486762913572, 9.944915558749548 ], [ 76.236486762913572, 9.940424002874593 ], [ 76.241047608277768, 9.940424002874593 ] ] ] } },
{ "type": "Feature", "properties": { "cell_id": 405, "lon": 76.243328030959873, "lat": 9.9426697808120714 }, "geometry": { "type": "Polygon", "coordinates": [ [ [ 76.245608453641964, 9.940424002874593 ], [ 76.245608453641964, 9.944915558749548 ], [ 76.241047608277768, 9.944915558749548 ], [ 76.241047608277768, 9.940424002874593 ], [ 76.245608453641964, 9.940424002874593 ] ] ] } },
{ "type": "Feature", "properties": { "cell_id": 406, "lon": 76.247888876324069, "lat": 9.9426697808120714 }, "geometry": { "type": "Polygon", "coordinates": [ [ [ 76.25016929900616, 9.940424002874593 ], [ 76.25016929900616, 9.944915558749548 ], [ 76.245608453641964, 9.944915558749548 ], [ 76.245608453641964, 9.940424002874593 ], [ 76.25016929900616, 9.940424002874593 ] ] ] } },
{ "type": "Feature", "properties": { "cell_id": 407, "lon": 76.252449721688265, "lat": 9.9426697808120714 }, "geometry": { "type": "Polygon", "coordinates": [ [ [ 76.254730144370356, 9.940424002874593 ], [ 76.254730144370356, 9.944915558749548 ], [ 76.25016929900616, 9.944915558749548 ], [ 76.25016929900616, 9.940424002874593 ], [ 76.254730144370356, 9.940424002874593 ] ] ] } },
{ "type": "Feature", "properties": { "cell_id": 408, "lon": 76.257010567052461, "lat": 9.9426697808120714 }, "geometry": { "type": "Polygon", "coordinates": [ [ [ 76.259290989734552, 9.940424002874593 ], [ 76.259290989734552, 9.944915558749548 ], [ 76.254730144370356, 9.944915558749548 ], [ 76.254730144370356, 9.940424002874593 ], [ 76.259290989734552, 9.940424002874593 ] ] ] } },
{ "type": "Feature", "properties": { "cell_id": 409, "lon": 76.261571412416657, "lat": 9.9426697808120714 }, "geometry": { "type": "Polygon", "coordinates": [ [ [ 76.263851835098748, 9.940424002874593 ], [ 76.263851835098748, 9.944915558749548 ], [ 76.259290989734552, 9.944915558749548 ], [ 76.259290989734552, 9.940424002874593 ], [ 76.263851835098748, 9.940424002874593 ] ] ] } },
{ "type": "Feature", "properties": { "cell_id": 410, "lon": 76.266132257780853, "lat": 9.9426697808120714 }, "geometry": { "type": "Polygon", "coordinates": [ [ [ 76.268412680462944, 9.940424002874593 ], [ 76.268412680462944, 9.944915558749548 ], [ 76.263851835098748, 9.944915558749548 ], [ 76.263851835098748, 9.940424002874593 ], [ 76.268412680462944, 9.940424002874593 ] ] ] } },
{ "type": "Feature", "properties": { "cell_id": 411, "lon": 76.270693103145049, "lat": 9.9426697808120714 }, "geometry": { "type": "Polygon", "coordinates": [ [ [ 76.27297352582714, 9.940424002874593 ], [ 76.27297352582714, 9.944915558749548 ], [ 76.268412680462944, 9.944915558749548 ], [ 76.268412680462944, 9.940424002874593 ], [ 76.27297352582714, 9.940424002874593 ] ] ] } },
{ "type": "Feature", "properties": { "cell_id": 412, "lon": 76.275253948509246, "lat": 9.9426697808120714 }, "geometry": { "type": "Polygon", "coordinates": [ [ [ 76.277534371191337, 9.940424002874593 ], [ 76.277534371191337, 9.944915558749548 ], [ 76.27297352582714, 9.944915558749548 ], [ 76.27297352582714, 9.940424002874593 ], [ 76.277534371191337, 9.940424002874593 ] ] ] } },
{ "type": "Feature", "properties": { "cell_id": 413, "lon": 76.279814793873442, "lat": 9.9426697808120714 }, "geometry": { "type": "Polygon", "coordinates": [ [ [ 76.282095216555533, 9.940424002874593 ], [ 76.282095216555533, 9.944915558749548 ], [ 76.277534371191337, 9.944915558749548 ], [ 76.277534371191337, 9.940424002874593 ], [ 76.282095216555533, 9.940424002874593 ] ] ] } },
{ "type": "Feature", "properties": { "cell_id": 414, "lon": 76.284375639237638, "lat": 9.9426697808120714 }, "geometry": { "type": "Polygon", "coordinates": [ [ [ 76.286656061919729, 9.940424002874593 ], [ 76.286656061919729, 9.944915558749548 ], [ 76.282095216555533, 9.944915558749548 ], [ 76.282095216555533, 9.940424002874593 ], [ 76.286656061919729, 9.940424002874593 ] ] ] } },
{ "type": "Feature", "properties": { "cell_id": 415, "lon": 76.288936484601834, "lat": 9.9426697808120714 }, "geometry": { "type": "Polygon", "coordinates": [ [ [ 76.291216907283925, 9.940424002874593 ], [ 76.291216907283925, 9.944915558749548 ], [ 76.286656061919729, 9.944915558749548 ], [ 76.286656061919729, 9.940424002874593 ], [ 76.291216907283925, 9.940424002874593 ] ] ] } },
{ "type": "Feature", "properties": { "cell_id": 416, "lon": 76.29349732996603, "lat": 9.9426697808120714 }, "geometry": { "type": "Polygon", "coordinates": [ [ [ 76.295777752648121, 9.940424002874593 ], [ 76.295777752648121, 9.944915558749548 ], [ 76.291216907283925, 9.944915558749548 ], [ 76.291216907283925, 9.940424002874593 ], [ 76.295777752648121, 9.940424002874593 ] ] ] } },
{ "type": "Feature", "properties": { "cell_id": 417, "lon": 76.298058175330226, "lat": 9.9426697808120714 }, "geometry": { "type": "Polygon", "coordinates": [ [ [ 76.300338598012317, 9.940424002874593 ], [ 76.300338598012317, 9.944915558749548 ], [ 76.295777752648121, 9.944915558749548 ], [ 76.295777752648121, 9.940424002874593 ], [ 76.300338598012317, 9.940424002874593 ] ] ] } },
{ "type": "Feature", "properties": { "cell_id": 418, "lon": 76.302619020694422, "lat": 9.9426697808120714 }, "geometry": { "type": "Polygon", "coordinates": [ [ [ 76.304899443376513, 9.940424002874593 ], [ 76.304899443376513, 9.944915558749548 ], [ 76.300338598012317, 9.944915558749548 ], [ 76.300338598012317, 9.940424002874593 ], [ 76.304899443376513, 9.940424002874593 ] ] ] } },
{ "type": "Feature", "properties": { "cell_id": 419, "lon": 76.307179866058618, "lat": 9.9426697808120714 }, "geometry": { "type": "Polygon", "coordinates": [ [ [ 76.309460288740709, 9.940424002874593 ], [ 76.309460288740709, 9.944915558749548 ], [ 76.304899443376513, 9.944915558749548 ], [ 76.304899443376513, 9.940424002874593 ], [ 76.309460288740709, 9.940424002874593 ] ] ] } },
{ "type": "Feature", "properties": { "cell_id": 420, "lon": 76.311740711422814, "lat": 9.9426697808120714 }, "geometry": { "type": "Polygon", "coordinates": [ [ [ 76.314021134104905, 9.940424002874593 ], [ 76.314021134104905, 9.944915558749548 ], [ 76.309460288740709, 9.944915558749548 ], [ 76.309460288740709, 9.940424002874593 ], [ 76.314021134104905, 9.940424002874593 ] ] ] } },
{ "type": "Feature", "properties": { "cell_id": 421, "lon": 76.31630155678701, "lat": 9.9426697808120714 }, "geometry": { "type": "Polygon", "coordinates": [ [ [ 76.318581979469101, 9.940424002874593 ], [ 76.318581979469101, 9.944915558749548 ], [ 76.314021134104905, 9.944915558749548 ], [ 76.314021134104905, 9.940424002874593 ], [ 76.318581979469101, 9.940424002874593 ] ] ] } },
{ "type": "Feature", "properties": { "cell_id": 422, "lon": 76.320862402151207, "lat": 9.9426697808120714 }, "geometry": { "type": "Polygon", "coordinates": [ [ [ 76.323142824833297, 9.940424002874593 ], [ 76.323142824833297, 9.944915558749548 ], [ 76.318581979469101, 9.944915558749548 ], [ 76.318581979469101, 9.940424002874593 ], [ 76.323142824833297, 9.940424002874593 ] ] ] } },
{ "type": "Feature", "properties": { "cell_id": 423, "lon": 76.325423247515403, "lat": 9.9426697808120714 }, "geometry": { "type": "Polygon", "coordinates": [ [ [ 76.327703670197494, 9.940424002874593 ], [ 76.327703670197494, 9.944915558749548 ], [ 76.323142824833297, 9.944915558749548 ], [ 76.323142824833297, 9.940424002874593 ], [ 76.327703670197494, 9.940424002874593 ] ] ] } },
{ "type": "Feature", "properties": { "cell_id": 424, "lon": 76.329984092879599, "lat": 9.9426697808120714 }, "geometry": { "type": "Polygon", "coordinates": [ [ [ 76.33226451556169, 9.940424002874593 ], [ 76.33226451556169, 9.944915558749548 ], [ 76.327703670197494, 9.944915558749548 ], [ 76.327703670197494, 9.940424002874593 ], [ 76.33226451556169, 9.940424002874593 ] ] ] } },
{ "type": "Feature", "properties": { "cell_id": 425, "lon": 76.334544938243795, "lat": 9.9426697808120714 }, "geometry": { "type": "Polygon", "coordinates": [ [ [ 76.336825360925886, 9.940424002874593 ], [ 76.336825360925886, 9.944915558749548 ], [ 76.33226451556169, 9.944915558749548 ], [ 76.33226451556169, 9.940424002874593 ], [ 76.336825360925886, 9.940424002874593 ] ] ] } },
{ "type": "Feature", "properties": { "cell_id": 426, "lon": 76.339105783607991, "lat": 9.9426697808120714 }, "geometry": { "type": "Polygon", "coordinates": [ [ [ 76.341386206290082, 9.940424002874593 ], [ 76.341386206290082, 9.944915558749548 ], [ 76.336825360925886, 9.944915558749548 ], [ 76.336825360925886, 9.940424002874593 ], [ 76.341386206290082, 9.940424002874593 ] ] ] } },
{ "type": "Feature", "properties": { "cell_id": 427, "lon": 76.343666628972187, "lat": 9.9426697808120714 }, "geometry": { "type": "Polygon", "coordinates": [ [ [ 76.345947051654278, 9.940424002874593 ], [ 76.345947051654278, 9.944915558749548 ], [ 76.341386206290082, 9.944915558749548 ], [ 76.341386206290082, 9.940424002874593 ], [ 76.345947051654278, 9.940424002874593 ] ] ] } },
{ "type": "Feature", "properties": { "cell_id": 428, "lon": 76.348227474336383, "lat": 9.9426697808120714 }, "geometry": { "type": "Polygon", "coordinates": [ [ [ 76.350507897018474, 9.940424002874593 ], [ 76.350507897018474, 9.944915558749548 ], [ 76.345947051654278, 9.944915558749548 ], [ 76.345947051654278, 9.940424002874593 ], [ 76.350507897018474, 9.940424002874593 ] ] ] } },
{ "type": "Feature", "properties": { "cell_id": 429, "lon": 76.352788319700579, "lat": 9.9426697808120714 }, "geometry": { "type": "Polygon", "coordinates": [ [ [ 76.35506874238267, 9.940424002874593 ], [ 76.35506874238267, 9.944915558749548 ], [ 76.350507897018474, 9.944915558749548 ], [ 76.350507897018474, 9.940424002874593 ], [ 76.35506874238267, 9.940424002874593 ] ] ] } },
{ "type": "Feature", "properties": { "cell_id": 430, "lon": 76.357349165064775, "lat": 9.9426697808120714 }, "geometry": { "type": "Polygon", "coordinates": [ [ [ 76.359629587746866, 9.940424002874593 ], [ 76.359629587746866, 9.944915558749548 ], [ 76.35506874238267, 9.944915558749548 ], [ 76.35506874238267, 9.940424002874593 ], [ 76.359629587746866, 9.940424002874593 ] ] ] } },
{ "type": "Feature", "properties": { "cell_id": 431, "lon": 76.361910010428971, "lat": 9.9426697808120714 }, "geometry": { "type": "Polygon", "coordinates": [ [ [ 76.364190433111062, 9.940424002874593 ], [ 76.364190433111062, 9.944915558749548 ], [ 76.359629587746866, 9.944915558749548 ], [ 76.359629587746866, 9.940424002874593 ], [ 76.364190433111062, 9.940424002874593 ] ] ] } },
{ "type": "Feature", "properties": { "cell_id": 432, "lon": 76.366470855793168, "lat": 9.9426697808120714 }, "geometry": { "type": "Polygon", "coordinates": [ [ [ 76.368751278475258, 9.940424002874593 ], [ 76.368751278475258, 9.944915558749548 ], [ 76.364190433111062, 9.944915558749548 ], [ 76.364190433111062, 9.940424002874593 ], [ 76.368751278475258, 9.940424002874593 ] ] ] } },
{ "type": "Feature", "properties": { "cell_id": 433, "lon": 76.371031701157364, "lat": 9.9426697808120714 }, "geometry": { "type": "Polygon", "coordinates": [ [ [ 76.373312123839455, 9.940424002874593 ], [ 76.373312123839455, 9.944915558749548 ], [ 76.368751278475258, 9.944915558749548 ], [ 76.368751278475258, 9.940424002874593 ], [ 76.373312123839455, 9.940424002874593 ] ] ] } },
{ "type": "Feature", "properties": { "cell_id": 434, "lon": 76.37559254652156, "lat": 9.9426697808120714 }, "geometry": { "type": "Polygon", "coordinates": [ [ [ 76.377872969203651, 9.940424002874593 ], [ 76.377872969203651, 9.944915558749548 ], [ 76.373312123839455, 9.944915558749548 ], [ 76.373312123839455, 9.940424002874593 ], [ 76.377872969203651, 9.940424002874593 ] ] ] } },
{ "type": "Feature", "properties": { "cell_id": 435, "lon": 76.380153391885756, "lat": 9.9426697808120714 }, "geometry": { "type": "Polygon", "coordinates": [ [ [ 76.382433814567847, 9.940424002874593 ], [ 76.382433814567847, 9.944915558749548 ], [ 76.377872969203651, 9.944915558749548 ], [ 76.377872969203651, 9.940424002874593 ], [ 76.382433814567847, 9.940424002874593 ] ] ] } },
{ "type": "Feature", "properties": { "cell_id": 436, "lon": 76.384714237249952, "lat": 9.9426697808120714 }, "geometry": { "type": "Polygon", "coordinates": [ [ [ 76.386994659932043, 9.940424002874593 ], [ 76.386994659932043, 9.944915558749548 ], [ 76.382433814567847, 9.944915558749548 ], [ 76.382433814567847, 9.940424002874593 ], [ 76.386994659932043, 9.940424002874593 ] ] ] } },
{ "type": "Feature", "properties": { "cell_id": 437, "lon": 76.389275082614148, "lat": 9.9426697808120714 }, "geometry": { "type": "Polygon", "coordinates": [ [ [ 76.391555505296239, 9.940424002874593 ], [ 76.391555505296239, 9.944915558749548 ], [ 76.386994659932043, 9.944915558749548 ], [ 76.386994659932043, 9.940424002874593 ], [ 76.391555505296239, 9.940424002874593 ] ] ] } },
{ "type": "Feature", "properties": { "cell_id": 438, "lon": 76.393835927978344, "lat": 9.9426697808120714 }, "geometry": { "type": "Polygon", "coordinates": [ [ [ 76.396116350660435, 9.940424002874593 ], [ 76.396116350660435, 9.944915558749548 ], [ 76.391555505296239, 9.944915558749548 ], [ 76.391555505296239, 9.940424002874593 ], [ 76.396116350660435, 9.940424002874593 ] ] ] } },
{ "type": "Feature", "properties": { "cell_id": 439, "lon": 76.39839677334254, "lat": 9.9426697808120714 }, "geometry": { "type": "Polygon", "coordinates": [ [ [ 76.400677196024631, 9.940424002874593 ], [ 76.400677196024631, 9.944915558749548 ], [ 76.396116350660435, 9.944915558749548 ], [ 76.396116350660435, 9.940424002874593 ], [ 76.400677196024631, 9.940424002874593 ] ] ] } },
{ "type": "Feature", "properties": { "cell_id": 440, "lon": 76.202280422682108, "lat": 9.9471613366870262 }, "geometry": { "type": "Polygon", "coordinates": [ [ [ 76.204560845364199, 9.944915558749548 ], [ 76.204560845364199, 9.949407114624503 ], [ 76.2, 9.949407114624503 ], [ 76.2, 9.944915558749548 ], [ 76.204560845364199, 9.944915558749548 ] ] ] } },
{ "type": "Feature", "properties": { "cell_id": 441, "lon": 76.206841268046304, "lat": 9.9471613366870262 }, "geometry": { "type": "Polygon", "coordinates": [ [ [ 76.209121690728395, 9.944915558749548 ], [ 76.209121690728395, 9.949407114624503 ], [ 76.204560845364199, 9.949407114624503 ], [ 76.204560845364199, 9.944915558749548 ], [ 76.209121690728395, 9.944915558749548 ] ] ] } },
{ "type": "Feature", "properties": { "cell_id": 442, "lon": 76.2114021134105, "lat": 9.9471613366870262 }, "geometry": { "type": "Polygon", "coordinates": [ [ [ 76.213682536092591, 9.944915558749548 ], [ 76.213682536092591, 9.949407114624503 ], [ 76.209121690728395, 9.949407114624503 ], [ 76.209121690728395, 9.944915558749548 ], [ 76.213682536092591, 9.944915558749548 ] ] ] } },
{ "type": "Feature", "properties": { "cell_id": 443, "lon": 76.215962958774696, "lat": 9.9471613366870262 }, "geometry": { "type": "Polygon", "coordinates": [ [ [ 76.218243381456787, 9.944915558749548 ], [ 76.218243381456787, 9.949407114624503 ], [ 76.213682536092591, 9.949407114624503 ], [ 76.213682536092591, 9.944915558749548 ], [ 76.218243381456787, 9.944915558749548 ] ] ] } },
{ "type": "Feature", "properties": { "cell_id": 444, "lon": 76.220523804138892, "lat": 9.9471613366870262 }, "geometry": { "type": "Polygon", "coordinates": [ [ [ 76.222804226820983, 9.944915558749548 ], [ 76.222804226820983, 9.949407114624503 ], [ 76.218243381456787, 9.949407114624503 ], [ 76.218243381456787, 9.944915558749548 ], [ 76.222804226820983, 9.944915558749548 ] ] ] } },
{ "type": "Feature", "properties": { "cell_id": 445, "lon": 76.225084649503088, "lat": 9.9471613366870262 }, "geometry": { "type": "Polygon", "coordinates": [ [ [ 76.227365072185179, 9.944915558749548 ], [ 76.227365072185179, 9.949407114624503 ], [ 76.222804226820983, 9.949407114624503 ], [ 76.222804226820983, 9.944915558749548 ], [ 76.227365072185179, 9.944915558749548 ] ] ] } },
{ "type": "Feature", "properties": { "cell_id": 446, "lon": 76.229645494867285, "lat": 9.9471613366870262 }, "geometry": { "type": "Polygon", "coordinates": [ [ [ 76.231925917549376, 9.944915558749548 ], [ 76.231925917549376, 9.949407114624503 ], [ 76.227365072185179, 9.949407114624503 ], [ 76.227365072185179, 9.944915558749548 ], [ 76.231925917549376, 9.944915558749548 ] ] ] } },
{ "type": "Feature", "properties": { "cell_id": 447, "lon": 76.234206340231481, "lat": 9.9471613366870262 }, "geometry": { "type": "Polygon", "coordinates": [ [ [ 76.236486762913572, 9.944915558749548 ], [ 76.236486762913572, 9.949407114624503 ], [ 76.231925917549376, 9.949407114624503 ], [ 76.231925917549376, 9.944915558749548 ], [ 76.236486762913572, 9.944915558749548 ] ] ] } },
{ "type": "Feature", "properties": { "cell_id": 448, "lon": 76.238767185595677, "lat": 9.9471613366870262 }, "geometry": { "type": "Polygon", "coordinates": [ [ [ 76.241047608277768, 9.944915558749548 ], [ 76.241047608277768, 9.949407114624503 ], [ 76.236486762913572, 9.949407114624503 ], [ 76.236486762913572, 9.944915558749548 ], [ 76.241047608277768, 9.944915558749548 ] ] ] } },
{ "type": "Feature", "properties": { "cell_id": 449, "lon": 76.243328030959873, "lat": 9.9471613366870262 }, "geometry": { "type": "Polygon", "coordinates": [ [ [ 76.245608453641964, 9.944915558749548 ], [ 76.245608453641964, 9.949407114624503 ], [ 76.241047608277768, 9.949407114624503 ], [ 76.241047608277768, 9.944915558749548 ], [ 76.245608453641964, 9.944915558749548 ] ] ] } },
{ "type": "Feature", "properties": { "cell_id": 450, "lon": 76.247888876324069, "lat": 9.9471613366870262 }, "geometry": { "type": "Polygon", "coordinates": [ [ [ 76.25016929900616, 9.944915558749548 ], [ 76.25016929900616, 9.949407114624503 ], [ 76.245608453641964, 9.949407114624503 ], [ 76.245608453641964, 9.944915558749548 ], [ 76.25016929900616, 9.944915558749548 ] ] ] } },
{ "type": "Feature", "properties": { "cell_id": 451, "lon": 76.252449721688265, "lat": 9.9471613366870262 }, "geometry": { "type": "Polygon", "coordinates": [ [ [ 76.254730144370356, 9.944915558749548 ], [ 76.254730144370356, 9.949407114624503 ], [ 76.25016929900616, 9.949407114624503 ], [ 76.25016929900616, 9.944915558749548 ], [ 76.254730144370356, 9.944915558749548 ] ] ] } },
{ "type": "Feature", "properties": { "cell_id": 452, "lon": 76.257010567052461, "lat": 9.9471613366870262 }, "geometry": { "type": "Polygon", "coordinates": [ [ [ 76.259290989734552, 9.944915558749548 ], [ 76.259290989734552, 9.949407114624503 ], [ 76.254730144370356, 9.949407114624503 ], [ 76.254730144370356, 9.944915558749548 ], [ 76.259290989734552, 9.944915558749548 ] ] ] } },
{ "type": "Feature", "properties": { "cell_id": 453, "lon": 76.261571412416657, "lat": 9.9471613366870262 }, "geometry": { "type": "Polygon", "coordinates": [ [ [ 76.263851835098748, 9.944915558749548 ], [ 76.263851835098748, 9.949407114624503 ], [ 76.259290989734552, 9.949407114624503 ], [ 76.259290989734552, 9.944915558749548 ], [ 76.263851835098748, 9.944915558749548 ] ] ] } },
{ "type": "Feature", "properties": { "cell_id": 454, "lon": 76.266132257780853, "lat": 9.9471613366870262 }, "geometry": { "type": "Polygon", "coordinates": [ [ [ 76.268412680462944, 9.944915558749548 ], [ 76.268412680462944, 9.949407114624503 ], [ 76.263851835098748, 9.949407114624503 ], [ 76.263851835098748, 9.944915558749548 ], [ 76.268412680462944, 9.944915558749548 ] ] ] } },
{ "type": "Feature", "properties": { "cell_id": 455, "lon": 76.270693103145049, "lat": 9.9471613366870262 }, "geometry": { "type": "Polygon", "coordinates": [ [ [ 76.27297352582714, 9.944915558749548 ], [ 76.27297352582714, 9.949407114624503 ], [ 76.268412680462944, 9.949407114624503 ], [ 76.268412680462944, 9.944915558749548 ], [ 76.27297352582714, 9.944915558749548 ] ] ] } },
{ "type": "Feature", "properties": { "cell_id": 456, "lon": 76.275253948509246, "lat": 9.9471613366870262 }, "geometry": { "type": "Polygon", "coordinates": [ [ [ 76.277534371191337, 9.944915558749548 ], [ 76.277534371191337, 9.949407114624503 ], [ 76.27297352582714, 9.949407114624503 ], [ 76.27297352582714, 9.944915558749548 ], [ 76.277534371191337, 9.944915558749548 ] ] ] } },
{ "type": "Feature", "properties": { "cell_id": 457, "lon": 76.279814793873442, "lat": 9.9471613366870262 }, "geometry": { "type": "Polygon", "coordinates": [ [ [ 76.282095216555533, 9.944915558749548 ], [ 76.282095216555533, 9.949407114624503 ], [ 76.277534371191337, 9.949407114624503 ], [ 76.277534371191337, 9.944915558749548 ], [ 76.282095216555533, 9.944915558749548 ] ] ] } },
{ "type": "Feature", "properties": { "cell_id": 458, "lon": 76.284375639237638, "lat": 9.9471613366870262 }, "geometry": { "type": "Polygon", "coordinates": [ [ [ 76.286656061919729, 9.944915558749548 ], [ 76.286656061919729, 9.949407114624503 ], [ 76.282095216555533, 9.949407114624503 ], [ 76.282095216555533, 9.944915558749548 ], [ 76.286656061919729, 9.944915558749548 ] ] ] } },
{ "type": "Feature", "properties": { "cell_id": 459, "lon": 76.288936484601834, "lat": 9.9471613366870262 }, "geometry": { "type": "Polygon", "coordinates": [ [ [ 76.291216907283925, 9.944915558749548 ], [ 76.291216907283925, 9.949407114624503 ], [ 76.286656061919729, 9.949407114624503 ], [ 76.286656061919729, 9.944915558749548 ], [ 76.291216907283925, 9.944915558749548 ] ] ] } },
{ "type": "Feature", "properties": { "cell_id": 460, "lon": 76.29349732996603, "lat": 9.9471613366870262 }, "geometry": { "type": "Polygon", "coordinates": [ [ [ 76.295777752648121, 9.944915558749548 ], [ 76.295777752648121, 9.949407114624503 ], [ 76.291216907283925, 9.949407114624503 ], [ 76.291216907283925, 9.944915558749548 ], [ 76.295777752648121, 9.944915558749548 ] ] ] } },
{ "type": "Feature", "properties": { "cell_id": 461, "lon": 76.298058175330226, "lat": 9.9471613366870262 }, "geometry": { "type": "Polygon", "coordinates": [ [ [ 76.300338598012317, 9.944915558749548 ], [ 76.300338598012317, 9.949407114624503 ], [ 76.295777752648121, 9.949407114624503 ], [ 76.295777752648121, 9.944915558749548 ], [ 76.300338598012317, 9.944915558749548 ] ] ] } },
{ "type": "Feature", "properties": { "cell_id": 462, "lon": 76.302619020694422, "lat": 9.9471613366870262 }, "geometry": { "type": "Polygon", "coordinates": [ [ [ 76.304899443376513, 9.944915558749548 ], [ 76.304899443376513, 9.949407114624503 ], [ 76.300338598012317, 9.949407114624503 ], [ 76.300338598012317, 9.944915558749548 ], [ 76.304899443376513, 9.944915558749548 ] ] ] } },
{ "type": "Feature", "properties": { "cell_id": 463, "lon": 76.307179866058618, "lat": 9.9471613366870262 }, "geometry": { "type": "Polygon", "coordinates": [ [ [ 76.309460288740709, 9.944915558749548 ], [ 76.309460288740709, 9.949407114624503 ], [ 76.304899443376513, 9.949407114624503 ], [ 76.304899443376513, 9.944915558749548 ], [ 76.309460288740709, 9.944915558749548 ] ] ] } },
{ "type": "Feature", "properties": { "cell_id": 464, "lon": 76.311740711422814, "lat": 9.9471613366870262 }, "geometry": { "type": "Polygon", "coordinates": [ [ [ 76.314021134104905, 9.944915558749548 ], [ 76.314021134104905, 9.949407114624503 ], [ 76.309460288740709, 9.949407114624503 ], [ 76.309460288740709, 9.944915558749548 ], [ 76.314021134104905, 9.944915558749548 ] ] ] } },
{ "type": "Feature", "properties": { "cell_id": 465, "lon": 76.31630155678701, "lat": 9.9471613366870262 }, "geometry": { "type": "Polygon", "coordinates": [ [ [ 76.318581979469101, 9.944915558749548 ], [ 76.318581979469101, 9.949407114624503 ], [ 76.314021134104905, 9.949407114624503 ], [ 76.314021134104905, 9.944915558749548 ], [ 76.318581979469101, 9.944915558749548 ] ] ] } },
{ "type": "Feature", "properties": { "cell_id": 466, "lon": 76.320862402151207, "lat": 9.9471613366870262 }, "geometry": { "type": "Polygon", "coordinates": [ [ [ 76.323142824833297, 9.944915558749548 ], [ 76.323142824833297, 9.949407114624503 ], [ 76.318581979469101, 9.949407114624503 ], [ 76.318581979469101, 9.944915558749548 ], [ 76.323142824833297, 9.944915558749548 ] ] ] } },
{ "type": "Feature", "properties": { "cell_id": 467, "lon": 76.325423247515403, "lat": 9.9471613366870262 }, "geometry": { "type": "Polygon", "coordinates": [ [ [ 76.327703670197494, 9.944915558749548 ], [ 76.327703670197494, 9.949407114624503 ], [ 76.323142824833297, 9.949407114624503 ], [ 76.323142824833297, 9.944915558749548 ], [ 76.327703670197494, 9.944915558749548 ] ] ] } },
{ "type": "Feature", "properties": { "cell_id": 468, "lon": 76.329984092879599, "lat": 9.9471613366870262 }, "geometry": { "type": "Polygon", "coordinates": [ [ [ 76.33226451556169, 9.944915558749548 ], [ 76.33226451556169, 9.949407114624503 ], [ 76.327703670197494, 9.949407114624503 ], [ 76.327703670197494, 9.944915558749548 ], [ 76.33226451556169, 9.944915558749548 ] ] ] } },
{ "type": "Feature", "properties": { "cell_id": 469, "lon": 76.334544938243795, "lat": 9.9471613366870262 }, "geometry": { "type": "Polygon", "coordinates": [ [ [ 76.336825360925886, 9.944915558749548 ], [ 76.336825360925886, 9.949407114624503 ], [ 76.33226451556169, 9.949407114624503 ], [ 76.33226451556169, 9.944915558749548 ], [ 76.336825360925886, 9.944915558749548 ] ] ] } },
{ "type": "Feature", "properties": { "cell_id": 470, "lon": 76.339105783607991, "lat": 9.9471613366870262 }, "geometry": { "type": "Polygon", "coordinates": [ [ [ 76.341386206290082, 9.944915558749548 ], [ 76.341386206290082, 9.949407114624503 ], [ 76.336825360925886, 9.949407114624503 ], [ 76.336825360925886, 9.944915558749548 ], [ 76.341386206290082, 9.944915558749548 ] ] ] } },
{ "type": "Feature", "properties": { "cell_id": 471, "lon": 76.343666628972187, "lat": 9.9471613366870262 }, "geometry": { "type": "Polygon", "coordinates": [ [ [ 76.345947051654278, 9.944915558749548 ], [ 76.345947051654278, 9.949407114624503 ], [ 76.341386206290082, 9.949407114624503 ], [ 76.341386206290082, 9.944915558749548 ], [ 76.345947051654278, 9.944915558749548 ] ] ] } },
{ "type": "Feature", "properties": { "cell_id": 472, "lon": 76.348227474336383, "lat": 9.9471613366870262 }, "geometry": { "type": "Polygon", "coordinates": [ [ [ 76.350507897018474, 9.944915558749548 ], [ 76.350507897018474, 9.949407114624503 ], [ 76.345947051654278, 9.949407114624503 ], [ 76.345947051654278, 9.944915558749548 ], [ 76.350507897018474, 9.944915558749548 ] ] ] } },
{ "type": "Feature", "properties": { "cell_id": 473, "lon": 76.352788319700579, "lat": 9.9471613366870262 }, "geometry": { "type": "Polygon", "coordinates": [ [ [ 76.35506874238267, 9.944915558749548 ], [ 76.35506874238267, 9.949407114624503 ], [ 76.350507897018474, 9.949407114624503 ], [ 76.350507897018474, 9.944915558749548 ], [ 76.35506874238267, 9.944915558749548 ] ] ] } },
{ "type": "Feature", "properties": { "cell_id": 474, "lon": 76.357349165064775, "lat": 9.9471613366870262 }, "geometry": { "type": "Polygon", "coordinates": [ [ [ 76.359629587746866, 9.944915558749548 ], [ 76.359629587746866, 9.949407114624503 ], [ 76.35506874238267, 9.949407114624503 ], [ 76.35506874238267, 9.944915558749548 ], [ 76.359629587746866, 9.944915558749548 ] ] ] } },
{ "type": "Feature", "properties": { "cell_id": 475, "lon": 76.361910010428971, "lat": 9.9471613366870262 }, "geometry": { "type": "Polygon", "coordinates": [ [ [ 76.364190433111062, 9.944915558749548 ], [ 76.364190433111062, 9.949407114624503 ], [ 76.359629587746866, 9.949407114624503 ], [ 76.359629587746866, 9.944915558749548 ], [ 76.364190433111062, 9.944915558749548 ] ] ] } },
{ "type": "Feature", "properties": { "cell_id": 476, "lon": 76.366470855793168, "lat": 9.9471613366870262 }, "geometry": { "type": "Polygon", "coordinates": [ [ [ 76.368751278475258, 9.944915558749548 ], [ 76.368751278475258, 9.949407114624503 ], [ 76.364190433111062, 9.949407114624503 ], [ 76.364190433111062, 9.944915558749548 ], [ 76.368751278475258, 9.944915558749548 ] ] ] } },
{ "type": "Feature", "properties": { "cell_id": 477, "lon": 76.371031701157364, "lat": 9.9471613366870262 }, "geometry": { "type": "Polygon", "coordinates": [ [ [ 76.373312123839455, 9.944915558749548 ], [ 76.373312123839455, 9.949407114624503 ], [ 76.368751278475258, 9.949407114624503 ], [ 76.368751278475258, 9.944915558749548 ], [ 76.373312123839455, 9.944915558749548 ] ] ] } },
{ "type": "Feature", "properties": { "cell_id": 478, "lon": 76.37559254652156, "lat": 9.9471613366870262 }, "geometry": { "type": "Polygon", "coordinates": [ [ [ 76.377872969203651, 9.944915558749548 ], [ 76.377872969203651, 9.949407114624503 ], [ 76.373312123839455, 9.949407114624503 ], [ 76.373312123839455, 9.944915558749548 ], [ 76.377872969203651, 9.944915558749548 ] ] ] } },
{ "type": "Feature", "properties": { "cell_id": 479, "lon": 76.380153391885756, "lat": 9.9471613366870262 }, "geometry": { "type": "Polygon", "coordinates": [ [ [ 76.382433814567847, 9.944915558749548 ], [ 76.382433814567847, 9.949407114624503 ], [ 76.377872969203651, 9.949407114624503 ], [ 76.377872969203651, 9.944915558749548 ], [ 76.382433814567847, 9.944915558749548 ] ] ] } },
{ "type": "Feature", "properties": { "cell_id": 480, "lon": 76.384714237249952, "lat": 9.9471613366870262 }, "geometry": { "type": "Polygon", "coordinates": [ [ [ 76.386994659932043, 9.944915558749548 ], [ 76.386994659932043, 9.949407114624503 ], [ 76.382433814567847, 9.949407114624503 ], [ 76.382433814567847, 9.944915558749548 ], [ 76.386994659932043, 9.944915558749548 ] ] ] } },
{ "type": "Feature", "properties": { "cell_id": 481, "lon": 76.389275082614148, "lat": 9.9471613366870262 }, "geometry": { "type": "Polygon", "coordinates": [ [ [ 76.391555505296239, 9.944915558749548 ], [ 76.391555505296239, 9.949407114624503 ], [ 76.386994659932043, 9.949407114624503 ], [ 76.386994659932043, 9.944915558749548 ], [ 76.391555505296239, 9.944915558749548 ] ] ] } },
{ "type": "Feature", "properties": { "cell_id": 482, "lon": 76.393835927978344, "lat": 9.9471613366870262 }, "geometry": { "type": "Polygon", "coordinates": [ [ [ 76.396116350660435, 9.944915558749548 ], [ 76.396116350660435, 9.949407114624503 ], [ 76.391555505296239, 9.949407114624503 ], [ 76.391555505296239, 9.944915558749548 ], [ 76.396116350660435, 9.944915558749548 ] ] ] } },
{ "type": "Feature", "properties": { "cell_id": 483, "lon": 76.39839677334254, "lat": 9.9471613366870262 }, "geometry": { "type": "Polygon", "coordinates": [ [ [ 76.400677196024631, 9.944915558749548 ], [ 76.400677196024631, 9.949407114624503 ], [ 76.396116350660435, 9.949407114624503 ], [ 76.396116350660435, 9.944915558749548 ], [ 76.400677196024631, 9.944915558749548 ] ] ] } },
{ "type": "Feature", "properties": { "cell_id": 484, "lon": 76.202280422682108, "lat": 9.9516528925619809 }, "geometry": { "type": "Polygon", "coordinates": [ [ [ 76.204560845364199, 9.949407114624503 ], [ 76.204560845364199, 9.953898670499457 ], [ 76.2, 9.953898670499457 ], [ 76.2, 9.949407114624503 ], [ 76.204560845364199, 9.949407114624503 ] ] ] } },
{ "type": "Feature", "properties": { "cell_id": 485, "lon": 76.206841268046304, "lat": 9.9516528925619809 }, "geometry": { "type": "Polygon", "coordinates": [ [ [ 76.209121690728395, 9.949407114624503 ], [ 76.209121690728395, 9.953898670499457 ], [ 76.204560845364199, 9.953898670499457 ], [ 76.204560845364199, 9.949407114624503 ], [ 76.209121690728395, 9.949407114624503 ] ] ] } },
{ "type": "Feature", "properties": { "cell_id": 486, "lon": 76.2114021134105, "lat": 9.9516528925619809 }, "geometry": { "type": "Polygon", "coordinates": [ [ [ 76.213682536092591, 9.949407114624503 ], [ 76.213682536092591, 9.953898670499457 ], [ 76.209121690728395, 9.953898670499457 ], [ 76.209121690728395, 9.949407114624503 ], [ 76.213682536092591, 9.949407114624503 ] ] ] } },
{ "type": "Feature", "properties": { "cell_id": 487, "lon": 76.215962958774696, "lat": 9.9516528925619809 }, "geometry": { "type": "Polygon", "coordinates": [ [ [ 76.218243381456787, 9.949407114624503 ], [ 76.218243381456787, 9.953898670499457 ], [ 76.213682536092591, 9.953898670499457 ], [ 76.213682536092591, 9.949407114624503 ], [ 76.218243381456787, 9.949407114624503 ] ] ] } },
{ "type": "Feature", "properties": { "cell_id": 488, "lon": 76.220523804138892, "lat": 9.9516528925619809 }, "geometry": { "type": "Polygon", "coordinates": [ [ [ 76.222804226820983, 9.949407114624503 ], [ 76.222804226820983, 9.953898670499457 ], [ 76.218243381456787, 9.953898670499457 ], [ 76.218243381456787, 9.949407114624503 ], [ 76.222804226820983, 9.949407114624503 ] ] ] } },
{ "type": "Feature", "properties": { "cell_id": 489, "lon": 76.225084649503088, "lat": 9.9516528925619809 }, "geometry": { "type": "Polygon", "coordinates": [ [ [ 76.227365072185179, 9.949407114624503 ], [ 76.227365072185179, 9.953898670499457 ], [ 76.222804226820983, 9.953898670499457 ], [ 76.222804226820983, 9.949407114624503 ], [ 76.227365072185179, 9.949407114624503 ] ] ] } },
{ "type": "Feature", "properties": { "cell_id": 490, "lon": 76.229645494867285, "lat": 9.9516528925619809 }, "geometry": { "type": "Polygon", "coordinates": [ [ [ 76.231925917549376, 9.949407114624503 ], [ 76.231925917549376, 9.953898670499457 ], [ 76.227365072185179, 9.953898670499457 ], [ 76.227365072185179, 9.949407114624503 ], [ 76.231925917549376, 9.949407114624503 ] ] ] } },
{ "type": "Feature", "properties": { "cell_id": 491, "lon": 76.234206340231481, "lat": 9.9516528925619809 }, "geometry": { "type": "Polygon", "coordinates": [ [ [ 76.236486762913572, 9.949407114624503 ], [ 76.236486762913572, 9.953898670499457 ], [ 76.231925917549376, 9.953898670499457 ], [ 76.231925917549376, 9.949407114624503 ], [ 76.236486762913572, 9.949407114624503 ] ] ] } },
{ "type": "Feature", "properties": { "cell_id": 492, "lon": 76.238767185595677, "lat": 9.9516528925619809 }, "geometry": { "type": "Polygon", "coordinates": [ [ [ 76.241047608277768, 9.949407114624503 ], [ 76.241047608277768, 9.953898670499457 ], [ 76.236486762913572, 9.953898670499457 ], [ 76.236486762913572, 9.949407114624503 ], [ 76.241047608277768, 9.949407114624503 ] ] ] } },
{ "type": "Feature", "properties": { "cell_id": 493, "lon": 76.243328030959873, "lat": 9.9516528925619809 }, "geometry": { "type": "Polygon", "coordinates": [ [ [ 76.245608453641964, 9.949407114624503 ], [ 76.245608453641964, 9.953898670499457 ], [ 76.241047608277768, 9.953898670499457 ], [ 76.241047608277768, 9.949407114624503 ], [ 76.245608453641964, 9.949407114624503 ] ] ] } },
{ "type": "Feature", "properties": { "cell_id": 494, "lon": 76.247888876324069, "lat": 9.9516528925619809 }, "geometry": { "type": "Polygon", "coordinates": [ [ [ 76.25016929900616, 9.949407114624503 ], [ 76.25016929900616, 9.953898670499457 ], [ 76.245608453641964, 9.953898670499457 ], [ 76.245608453641964, 9.949407114624503 ], [ 76.25016929900616, 9.949407114624503 ] ] ] } },
{ "type": "Feature", "properties": { "cell_id": 495, "lon": 76.252449721688265, "lat": 9.9516528925619809 }, "geometry": { "type": "Polygon", "coordinates": [ [ [ 76.254730144370356, 9.949407114624503 ], [ 76.254730144370356, 9.953898670499457 ], [ 76.25016929900616, 9.953898670499457 ], [ 76.25016929900616, 9.949407114624503 ], [ 76.254730144370356, 9.949407114624503 ] ] ] } },
{ "type": "Feature", "properties": { "cell_id": 496, "lon": 76.257010567052461, "lat": 9.9516528925619809 }, "geometry": { "type": "Polygon", "coordinates": [ [ [ 76.259290989734552, 9.949407114624503 ], [ 76.259290989734552, 9.953898670499457 ], [ 76.254730144370356, 9.953898670499457 ], [ 76.254730144370356, 9.949407114624503 ], [ 76.259290989734552, 9.949407114624503 ] ] ] } },
{ "type": "Feature", "properties": { "cell_id": 497, "lon": 76.261571412416657, "lat": 9.9516528925619809 }, "geometry": { "type": "Polygon", "coordinates": [ [ [ 76.263851835098748, 9.949407114624503 ], [ 76.263851835098748, 9.953898670499457 ], [ 76.259290989734552, 9.953898670499457 ], [ 76.259290989734552, 9.949407114624503 ], [ 76.263851835098748, 9.949407114624503 ] ] ] } },
{ "type": "Feature", "properties": { "cell_id": 498, "lon": 76.266132257780853, "lat": 9.9516528925619809 }, "geometry": { "type": "Polygon", "coordinates": [ [ [ 76.268412680462944, 9.949407114624503 ], [ 76.268412680462944, 9.953898670499457 ], [ 76.263851835098748, 9.953898670499457 ], [ 76.263851835098748, 9.949407114624503 ], [ 76.268412680462944, 9.949407114624503 ] ] ] } },
{ "type": "Feature", "properties": { "cell_id": 499, "lon": 76.270693103145049, "lat": 9.9516528925619809 }, "geometry": { "type": "Polygon", "coordinates": [ [ [ 76.27297352582714, 9.949407114624503 ], [ 76.27297352582714, 9.953898670499457 ], [ 76.268412680462944, 9.953898670499457 ], [ 76.268412680462944, 9.949407114624503 ], [ 76.27297352582714, 9.949407114624503 ] ] ] } },
{ "type": "Feature", "properties": { "cell_id": 500, "lon": 76.275253948509246, "lat": 9.9516528925619809 }, "geometry": { "type": "Polygon", "coordinates": [ [ [ 76.277534371191337, 9.949407114624503 ], [ 76.277534371191337, 9.953898670499457 ], [ 76.27297352582714, 9.953898670499457 ], [ 76.27297352582714, 9.949407114624503 ], [ 76.277534371191337, 9.949407114624503 ] ] ] } },
{ "type": "Feature", "properties": { "cell_id": 501, "lon": 76.279814793873442, "lat": 9.9516528925619809 }, "geometry": { "type": "Polygon", "coordinates": [ [ [ 76.282095216555533, 9.949407114624503 ], [ 76.282095216555533, 9.953898670499457 ], [ 76.277534371191337, 9.953898670499457 ], [ 76.277534371191337, 9.949407114624503 ], [ 76.282095216555533, 9.949407114624503 ] ] ] } },
{ "type": "Feature", "properties": { "cell_id": 502, "lon": 76.284375639237638, "lat": 9.9516528925619809 }, "geometry": { "type": "Polygon", "coordinates": [ [ [ 76.286656061919729, 9.949407114624503 ], [ 76.286656061919729, 9.953898670499457 ], [ 76.282095216555533, 9.953898670499457 ], [ 76.282095216555533, 9.949407114624503 ], [ 76.286656061919729, 9.949407114624503 ] ] ] } },
{ "type": "Feature", "properties": { "cell_id": 503, "lon": 76.288936484601834, "lat": 9.9516528925619809 }, "geometry": { "type": "Polygon", "coordinates": [ [ [ 76.291216907283925, 9.949407114624503 ], [ 76.291216907283925, 9.953898670499457 ], [ 76.286656061919729, 9.953898670499457 ], [ 76.286656061919729, 9.949407114624503 ], [ 76.291216907283925, 9.949407114624503 ] ] ] } },
{ "type": "Feature", "properties": { "cell_id": 504, "lon": 76.29349732996603, "lat": 9.9516528925619809 }, "geometry": { "type": "Polygon", "coordinates": [ [ [ 76.295777752648121, 9.949407114624503 ], [ 76.295777752648121, 9.953898670499457 ], [ 76.291216907283925, 9.953898670499457 ], [ 76.291216907283925, 9.949407114624503 ], [ 76.295777752648121, 9.949407114624503 ] ] ] } },
{ "type": "Feature", "properties": { "cell_id": 505, "lon": 76.298058175330226, "lat": 9.9516528925619809 }, "geometry": { "type": "Polygon", "coordinates": [ [ [ 76.300338598012317, 9.949407114624503 ], [ 76.300338598012317, 9.953898670499457 ], [ 76.295777752648121, 9.953898670499457 ], [ 76.295777752648121, 9.949407114624503 ], [ 76.300338598012317, 9.949407114624503 ] ] ] } },
{ "type": "Feature", "properties": { "cell_id": 506, "lon": 76.302619020694422, "lat": 9.9516528925619809 }, "geometry": { "type": "Polygon", "coordinates": [ [ [ 76.304899443376513, 9.949407114624503 ], [ 76.304899443376513, 9.953898670499457 ], [ 76.300338598012317, 9.953898670499457 ], [ 76.300338598012317, 9.949407114624503 ], [ 76.304899443376513, 9.949407114624503 ] ] ] } },
{ "type": "Feature", "properties": { "cell_id": 507, "lon": 76.307179866058618, "lat": 9.9516528925619809 }, "geometry": { "type": "Polygon", "coordinates": [ [ [ 76.309460288740709, 9.949407114624503 ], [ 76.309460288740709, 9.953898670499457 ], [ 76.304899443376513, 9.953898670499457 ], [ 76.304899443376513, 9.949407114624503 ], [ 76.309460288740709, 9.949407114624503 ] ] ] } },
{ "type": "Feature", "properties": { "cell_id": 508, "lon": 76.311740711422814, "lat": 9.9516528925619809 }, "geometry": { "type": "Polygon", "coordinates": [ [ [ 76.314021134104905, 9.949407114624503 ], [ 76.314021134104905, 9.953898670499457 ], [ 76.309460288740709, 9.953898670499457 ], [ 76.309460288740709, 9.949407114624503 ], [ 76.314021134104905, 9.949407114624503 ] ] ] } },
{ "type": "Feature", "properties": { "cell_id": 509, "lon": 76.31630155678701, "lat": 9.9516528925619809 }, "geometry": { "type": "Polygon", "coordinates": [ [ [ 76.318581979469101, 9.949407114624503 ], [ 76.318581979469101, 9.953898670499457 ], [ 76.314021134104905, 9.953898670499457 ], [ 76.314021134104905, 9.949407114624503 ], [ 76.318581979469101, 9.949407114624503 ] ] ] } },
{ "type": "Feature", "properties": { "cell_id": 510, "lon": 76.320862402151207, "lat": 9.9516528925619809 }, "geometry": { "type": "Polygon", "coordinates": [ [ [ 76.323142824833297, 9.949407114624503 ], [ 76.323142824833297, 9.953898670499457 ], [ 76.318581979469101, 9.953898670499457 ], [ 76.318581979469101, 9.949407114624503 ], [ 76.323142824833297, 9.949407114624503 ] ] ] } },
{ "type": "Feature", "properties": { "cell_id": 511, "lon": 76.325423247515403, "lat": 9.9516528925619809 }, "geometry": { "type": "Polygon", "coordinates": [ [ [ 76.327703670197494, 9.949407114624503 ], [ 76.327703670197494, 9.953898670499457 ], [ 76.323142824833297, 9.953898670499457 ], [ 76.323142824833297, 9.949407114624503 ], [ 76.327703670197494, 9.949407114624503 ] ] ] } },
{ "type": "Feature", "properties": { "cell_id": 512, "lon": 76.329984092879599, "lat": 9.9516528925619809 }, "geometry": { "type": "Polygon", "coordinates": [ [ [ 76.33226451556169, 9.949407114624503 ], [ 76.33226451556169, 9.953898670499457 ], [ 76.327703670197494, 9.953898670499457 ], [ 76.327703670197494, 9.949407114624503 ], [ 76.33226451556169, 9.949407114624503 ] ] ] } },
{ "type": "Feature", "properties": { "cell_id": 513, "lon": 76.334544938243795, "lat": 9.9516528925619809 }, "geometry": { "type": "Polygon", "coordinates": [ [ [ 76.336825360925886, 9.949407114624503 ], [ 76.336825360925886, 9.953898670499457 ], [ 76.33226451556169, 9.953898670499457 ], [ 76.33226451556169, 9.949407114624503 ], [ 76.336825360925886, 9.949407114624503 ] ] ] } },
{ "type": "Feature", "properties": { "cell_id": 514, "lon": 76.339105783607991, "lat": 9.9516528925619809 }, "geometry": { "type": "Polygon", "coordinates": [ [ [ 76.341386206290082, 9.949407114624503 ], [ 76.341386206290082, 9.953898670499457 ], [ 76.336825360925886, 9.953898670499457 ], [ 76.336825360925886, 9.949407114624503 ], [ 76.341386206290082, 9.949407114624503 ] ] ] } },
{ "type": "Feature", "properties": { "cell_id": 515, "lon": 76.343666628972187, "lat": 9.9516528925619809 }, "geometry": { "type": "Polygon", "coordinates": [ [ [ 76.345947051654278, 9.949407114624503 ], [ 76.345947051654278, 9.953898670499457 ], [ 76.341386206290082, 9.953898670499457 ], [ 76.341386206290082, 9.949407114624503 ], [ 76.345947051654278, 9.949407114624503 ] ] ] } },
{ "type": "Feature", "properties": { "cell_id": 516, "lon": 76.348227474336383, "lat": 9.9516528925619809 }, "geometry": { "type": "Polygon", "coordinates": [ [ [ 76.350507897018474, 9.949407114624503 ], [ 76.350507897018474, 9.953898670499457 ], [ 76.345947051654278, 9.953898670499457 ], [ 76.345947051654278, 9.949407114624503 ], [ 76.350507897018474, 9.949407114624503 ] ] ] } },
{ "type": "Feature", "properties": { "cell_id": 517, "lon": 76.352788319700579, "lat": 9.9516528925619809 }, "geometry": { "type": "Polygon", "coordinates": [ [ [ 76.35506874238267, 9.949407114624503 ], [ 76.35506874238267, 9.953898670499457 ], [ 76.350507897018474, 9.953898670499457 ], [ 76.350507897018474, 9.949407114624503 ], [ 76.35506874238267, 9.949407114624503 ] ] ] } },
{ "type": "Feature", "properties": { "cell_id": 518, "lon": 76.357349165064775, "lat": 9.9516528925619809 }, "geometry": { "type": "Polygon", "coordinates": [ [ [ 76.359629587746866, 9.949407114624503 ], [ 76.359629587746866, 9.953898670499457 ], [ 76.35506874238267, 9.953898670499457 ], [ 76.35506874238267, 9.949407114624503 ], [ 76.359629587746866, 9.949407114624503 ] ] ] } },
{ "type": "Feature", "properties": { "cell_id": 519, "lon": 76.361910010428971, "lat": 9.9516528925619809 }, "geometry": { "type": "Polygon", "coordinates": [ [ [ 76.364190433111062, 9.949407114624503 ], [ 76.364190433111062, 9.953898670499457 ], [ 76.359629587746866, 9.953898670499457 ], [ 76.359629587746866, 9.949407114624503 ], [ 76.364190433111062, 9.949407114624503 ] ] ] } },
{ "type": "Feature", "properties": { "cell_id": 520, "lon": 76.366470855793168, "lat": 9.9516528925619809 }, "geometry": { "type": "Polygon", "coordinates": [ [ [ 76.368751278475258, 9.949407114624503 ], [ 76.368751278475258, 9.953898670499457 ], [ 76.364190433111062, 9.953898670499457 ], [ 76.364190433111062, 9.949407114624503 ], [ 76.368751278475258, 9.949407114624503 ] ] ] } },
{ "type": "Feature", "properties": { "cell_id": 521, "lon": 76.371031701157364, "lat": 9.9516528925619809 }, "geometry": { "type": "Polygon", "coordinates": [ [ [ 76.373312123839455, 9.949407114624503 ], [ 76.373312123839455, 9.953898670499457 ], [ 76.368751278475258, 9.953898670499457 ], [ 76.368751278475258, 9.949407114624503 ], [ 76.373312123839455, 9.949407114624503 ] ] ] } },
{ "type": "Feature", "properties": { "cell_id": 522, "lon": 76.37559254652156, "lat": 9.9516528925619809 }, "geometry": { "type": "Polygon", "coordinates": [ [ [ 76.377872969203651, 9.949407114624503 ], [ 76.377872969203651, 9.953898670499457 ], [ 76.373312123839455, 9.953898670499457 ], [ 76.373312123839455, 9.949407114624503 ], [ 76.377872969203651, 9.949407114624503 ] ] ] } },
{ "type": "Feature", "properties": { "cell_id": 523, "lon": 76.380153391885756, "lat": 9.9516528925619809 }, "geometry": { "type": "Polygon", "coordinates": [ [ [ 76.382433814567847, 9.949407114624503 ], [ 76.382433814567847, 9.953898670499457 ], [ 76.377872969203651, 9.953898670499457 ], [ 76.377872969203651, 9.949407114624503 ], [ 76.382433814567847, 9.949407114624503 ] ] ] } },
{ "type": "Feature", "properties": { "cell_id": 524, "lon": 76.384714237249952, "lat": 9.9516528925619809 }, "geometry": { "type": "Polygon", "coordinates": [ [ [ 76.386994659932043, 9.949407114624503 ], [ 76.386994659932043, 9.953898670499457 ], [ 76.382433814567847, 9.953898670499457 ], [ 76.382433814567847, 9.949407114624503 ], [ 76.386994659932043, 9.949407114624503 ] ] ] } },
{ "type": "Feature", "properties": { "cell_id": 525, "lon": 76.389275082614148, "lat": 9.9516528925619809 }, "geometry": { "type": "Polygon", "coordinates": [ [ [ 76.391555505296239, 9.949407114624503 ], [ 76.391555505296239, 9.953898670499457 ], [ 76.386994659932043, 9.953898670499457 ], [ 76.386994659932043, 9.949407114624503 ], [ 76.391555505296239, 9.949407114624503 ] ] ] } },
{ "type": "Feature", "properties": { "cell_id": 526, "lon": 76.393835927978344, "lat": 9.9516528925619809 }, "geometry": { "type": "Polygon", "coordinates": [ [ [ 76.396116350660435, 9.949407114624503 ], [ 76.396116350660435, 9.953898670499457 ], [ 76.391555505296239, 9.953898670499457 ], [ 76.391555505296239, 9.949407114624503 ], [ 76.396116350660435, 9.949407114624503 ] ] ] } },
{ "type": "Feature", "properties": { "cell_id": 527, "lon": 76.39839677334254, "lat": 9.9516528925619809 }, "geometry": { "type": "Polygon", "coordinates": [ [ [ 76.400677196024631, 9.949407114624503 ], [ 76.400677196024631, 9.953898670499457 ], [ 76.396116350660435, 9.953898670499457 ], [ 76.396116350660435, 9.949407114624503 ], [ 76.400677196024631, 9.949407114624503 ] ] ] } },
{ "type": "Feature", "properties": { "cell_id": 528, "lon": 76.202280422682108, "lat": 9.9561444484369357 }, "geometry": { "type": "Polygon", "coordinates": [ [ [ 76.204560845364199, 9.953898670499457 ], [ 76.204560845364199, 9.958390226374412 ], [ 76.2, 9.958390226374412 ], [ 76.2, 9.953898670499457 ], [ 76.204560845364199, 9.953898670499457 ] ] ] } },
{ "type": "Feature", "properties": { "cell_id": 529, "lon": 76.206841268046304, "lat": 9.9561444484369357 }, "geometry": { "type": "Polygon", "coordinates": [ [ [ 76.209121690728395, 9.953898670499457 ], [ 76.209121690728395, 9.958390226374412 ], [ 76.204560845364199, 9.958390226374412 ], [ 76.204560845364199, 9.953898670499457 ], [ 76.209121690728395, 9.953898670499457 ] ] ] } },
{ "type": "Feature", "properties": { "cell_id": 530, "lon": 76.2114021134105, "lat": 9.9561444484369357 }, "geometry": { "type": "Polygon", "coordinates": [ [ [ 76.213682536092591, 9.953898670499457 ], [ 76.213682536092591, 9.958390226374412 ], [ 76.209121690728395, 9.958390226374412 ], [ 76.209121690728395, 9.953898670499457 ], [ 76.213682536092591, 9.953898670499457 ] ] ] } },
{ "type": "Feature", "properties": { "cell_id": 531, "lon": 76.215962958774696, "lat": 9.9561444484369357 }, "geometry": { "type": "Polygon", "coordinates": [ [ [ 76.218243381456787, 9.953898670499457 ], [ 76.218243381456787, 9.958390226374412 ], [ 76.213682536092591, 9.958390226374412 ], [ 76.213682536092591, 9.953898670499457 ], [ 76.218243381456787, 9.953898670499457 ] ] ] } },
{ "type": "Feature", "properties": { "cell_id": 532, "lon": 76.220523804138892, "lat": 9.9561444484369357 }, "geometry": { "type": "Polygon", "coordinates": [ [ [ 76.222804226820983, 9.953898670499457 ], [ 76.222804226820983, 9.958390226374412 ], [ 76.218243381456787, 9.958390226374412 ], [ 76.218243381456787, 9.953898670499457 ], [ 76.222804226820983, 9.953898670499457 ] ] ] } },
{ "type": "Feature", "properties": { "cell_id": 533, "lon": 76.225084649503088, "lat": 9.9561444484369357 }, "geometry": { "type": "Polygon", "coordinates": [ [ [ 76.227365072185179, 9.953898670499457 ], [ 76.227365072185179, 9.958390226374412 ], [ 76.222804226820983, 9.958390226374412 ], [ 76.222804226820983, 9.953898670499457 ], [ 76.227365072185179, 9.953898670499457 ] ] ] } },
{ "type": "Feature", "properties": { "cell_id": 534, "lon": 76.229645494867285, "lat": 9.9561444484369357 }, "geometry": { "type": "Polygon", "coordinates": [ [ [ 76.231925917549376, 9.953898670499457 ], [ 76.231925917549376, 9.958390226374412 ], [ 76.227365072185179, 9.958390226374412 ], [ 76.227365072185179, 9.953898670499457 ], [ 76.231925917549376, 9.953898670499457 ] ] ] } },
{ "type": "Feature", "properties": { "cell_id": 535, "lon": 76.234206340231481, "lat": 9.9561444484369357 }, "geometry": { "type": "Polygon", "coordinates": [ [ [ 76.236486762913572, 9.953898670499457 ], [ 76.236486762913572, 9.958390226374412 ], [ 76.231925917549376, 9.958390226374412 ], [ 76.231925917549376, 9.953898670499457 ], [ 76.236486762913572, 9.953898670499457 ] ] ] } },
{ "type": "Feature", "properties": { "cell_id": 536, "lon": 76.238767185595677, "lat": 9.9561444484369357 }, "geometry": { "type": "Polygon", "coordinates": [ [ [ 76.241047608277768, 9.953898670499457 ], [ 76.241047608277768, 9.958390226374412 ], [ 76.236486762913572, 9.958390226374412 ], [ 76.236486762913572, 9.953898670499457 ], [ 76.241047608277768, 9.953898670499457 ] ] ] } },
{ "type": "Feature", "properties": { "cell_id": 537, "lon": 76.243328030959873, "lat": 9.9561444484369357 }, "geometry": { "type": "Polygon", "coordinates": [ [ [ 76.245608453641964, 9.953898670499457 ], [ 76.245608453641964, 9.958390226374412 ], [ 76.241047608277768, 9.958390226374412 ], [ 76.241047608277768, 9.953898670499457 ], [ 76.245608453641964, 9.953898670499457 ] ] ] } },
{ "type": "Feature", "properties": { "cell_id": 538, "lon": 76.247888876324069, "lat": 9.9561444484369357 }, "geometry": { "type": "Polygon", "coordinates": [ [ [ 76.25016929900616, 9.953898670499457 ], [ 76.25016929900616, 9.958390226374412 ], [ 76.245608453641964, 9.958390226374412 ], [ 76.245608453641964, 9.953898670499457 ], [ 76.25016929900616, 9.953898670499457 ] ] ] } },
{ "type": "Feature", "properties": { "cell_id": 539, "lon": 76.252449721688265, "lat": 9.9561444484369357 }, "geometry": { "type": "Polygon", "coordinates": [ [ [ 76.254730144370356, 9.953898670499457 ], [ 76.254730144370356, 9.958390226374412 ], [ 76.25016929900616, 9.958390226374412 ], [ 76.25016929900616, 9.953898670499457 ], [ 76.254730144370356, 9.953898670499457 ] ] ] } },
{ "type": "Feature", "properties": { "cell_id": 540, "lon": 76.257010567052461, "lat": 9.9561444484369357 }, "geometry": { "type": "Polygon", "coordinates": [ [ [ 76.259290989734552, 9.953898670499457 ], [ 76.259290989734552, 9.958390226374412 ], [ 76.254730144370356, 9.958390226374412 ], [ 76.254730144370356, 9.953898670499457 ], [ 76.259290989734552, 9.953898670499457 ] ] ] } },
{ "type": "Feature", "properties": { "cell_id": 541, "lon": 76.261571412416657, "lat": 9.9561444484369357 }, "geometry": { "type": "Polygon", "coordinates": [ [ [ 76.263851835098748, 9.953898670499457 ], [ 76.263851835098748, 9.958390226374412 ], [ 76.259290989734552, 9.958390226374412 ], [ 76.259290989734552, 9.953898670499457 ], [ 76.263851835098748, 9.953898670499457 ] ] ] } },
{ "type": "Feature", "properties": { "cell_id": 542, "lon": 76.266132257780853, "lat": 9.9561444484369357 }, "geometry": { "type": "Polygon", "coordinates": [ [ [ 76.268412680462944, 9.953898670499457 ], [ 76.268412680462944, 9.958390226374412 ], [ 76.263851835098748, 9.958390226374412 ], [ 76.263851835098748, 9.953898670499457 ], [ 76.268412680462944, 9.953898670499457 ] ] ] } },
{ "type": "Feature", "properties": { "cell_id": 543, "lon": 76.270693103145049, "lat": 9.9561444484369357 }, "geometry": { "type": "Polygon", "coordinates": [ [ [ 76.27297352582714, 9.953898670499457 ], [ 76.27297352582714, 9.958390226374412 ], [ 76.268412680462944, 9.958390226374412 ], [ 76.268412680462944, 9.953898670499457 ], [ 76.27297352582714, 9.953898670499457 ] ] ] } },
{ "type": "Feature", "properties": { "cell_id": 544, "lon": 76.275253948509246, "lat": 9.9561444484369357 }, "geometry": { "type": "Polygon", "coordinates": [ [ [ 76.277534371191337, 9.953898670499457 ], [ 76.277534371191337, 9.958390226374412 ], [ 76.27297352582714, 9.958390226374412 ], [ 76.27297352582714, 9.953898670499457 ], [ 76.277534371191337, 9.953898670499457 ] ] ] } },
{ "type": "Feature", "properties": { "cell_id": 545, "lon": 76.279814793873442, "lat": 9.9561444484369357 }, "geometry": { "type": "Polygon", "coordinates": [ [ [ 76.282095216555533, 9.953898670499457 ], [ 76.282095216555533, 9.958390226374412 ], [ 76.277534371191337, 9.958390226374412 ], [ 76.277534371191337, 9.953898670499457 ], [ 76.282095216555533, 9.953898670499457 ] ] ] } },
{ "type": "Feature", "properties": { "cell_id": 546, "lon": 76.284375639237638, "lat": 9.9561444484369357 }, "geometry": { "type": "Polygon", "coordinates": [ [ [ 76.286656061919729, 9.953898670499457 ], [ 76.286656061919729, 9.958390226374412 ], [ 76.282095216555533, 9.958390226374412 ], [ 76.282095216555533, 9.953898670499457 ], [ 76.286656061919729, 9.953898670499457 ] ] ] } },
{ "type": "Feature", "properties": { "cell_id": 547, "lon": 76.288936484601834, "lat": 9.9561444484369357 }, "geometry": { "type": "Polygon", "coordinates": [ [ [ 76.291216907283925, 9.953898670499457 ], [ 76.291216907283925, 9.958390226374412 ], [ 76.286656061919729, 9.958390226374412 ], [ 76.286656061919729, 9.953898670499457 ], [ 76.291216907283925, 9.953898670499457 ] ] ] } },
{ "type": "Feature", "properties": { "cell_id": 548, "lon": 76.29349732996603, "lat": 9.9561444484369357 }, "geometry": { "type": "Polygon", "coordinates": [ [ [ 76.295777752648121, 9.953898670499457 ], [ 76.295777752648121, 9.958390226374412 ], [ 76.291216907283925, 9.958390226374412 ], [ 76.291216907283925, 9.953898670499457 ], [ 76.295777752648121, 9.953898670499457 ] ] ] } },
{ "type": "Feature", "properties": { "cell_id": 549, "lon": 76.298058175330226, "lat": 9.9561444484369357 }, "geometry": { "type": "Polygon", "coordinates": [ [ [ 76.300338598012317, 9.953898670499457 ], [ 76.300338598012317, 9.958390226374412 ], [ 76.295777752648121, 9.958390226374412 ], [ 76.295777752648121, 9.953898670499457 ], [ 76.300338598012317, 9.953898670499457 ] ] ] } },
{ "type": "Feature", "properties": { "cell_id": 550, "lon": 76.302619020694422, "lat": 9.9561444484369357 }, "geometry": { "type": "Polygon", "coordinates": [ [ [ 76.304899443376513, 9.953898670499457 ], [ 76.304899443376513, 9.958390226374412 ], [ 76.300338598012317, 9.958390226374412 ], [ 76.300338598012317, 9.953898670499457 ], [ 76.304899443376513, 9.953898670499457 ] ] ] } },
{ "type": "Feature", "properties": { "cell_id": 551, "lon": 76.307179866058618, "lat": 9.9561444484369357 }, "geometry": { "type": "Polygon", "coordinates": [ [ [ 76.309460288740709, 9.953898670499457 ], [ 76.309460288740709, 9.958390226374412 ], [ 76.304899443376513, 9.958390226374412 ], [ 76.304899443376513, 9.953898670499457 ], [ 76.309460288740709, 9.953898670499457 ] ] ] } },
{ "type": "Feature", "properties": { "cell_id": 552, "lon": 76.311740711422814, "lat": 9.9561444484369357 }, "geometry": { "type": "Polygon", "coordinates": [ [ [ 76.314021134104905, 9.953898670499457 ], [ 76.314021134104905, 9.958390226374412 ], [ 76.309460288740709, 9.958390226374412 ], [ 76.309460288740709, 9.953898670499457 ], [ 76.314021134104905, 9.953898670499457 ] ] ] } },
{ "type": "Feature", "properties": { "cell_id": 553, "lon": 76.31630155678701, "lat": 9.9561444484369357 }, "geometry": { "type": "Polygon", "coordinates": [ [ [ 76.318581979469101, 9.953898670499457 ], [ 76.318581979469101, 9.958390226374412 ], [ 76.314021134104905, 9.958390226374412 ], [ 76.314021134104905, 9.953898670499457 ], [ 76.318581979469101, 9.953898670499457 ] ] ] } },
{ "type": "Feature", "properties": { "cell_id": 554, "lon": 76.320862402151207, "lat": 9.9561444484369357 }, "geometry": { "type": "Polygon", "coordinates": [ [ [ 76.323142824833297, 9.953898670499457 ], [ 76.323142824833297, 9.958390226374412 ], [ 76.318581979469101, 9.958390226374412 ], [ 76.318581979469101, 9.953898670499457 ], [ 76.323142824833297, 9.953898670499457 ] ] ] } },
{ "type": "Feature", "properties": { "cell_id": 555, "lon": 76.325423247515403, "lat": 9.9561444484369357 }, "geometry": { "type": "Polygon", "coordinates": [ [ [ 76.327703670197494, 9.953898670499457 ], [ 76.327703670197494, 9.958390226374412 ], [ 76.323142824833297, 9.958390226374412 ], [ 76.323142824833297, 9.953898670499457 ], [ 76.327703670197494, 9.953898670499457 ] ] ] } },
{ "type": "Feature", "properties": { "cell_id": 556, "lon": 76.329984092879599, "lat": 9.9561444484369357 }, "geometry": { "type": "Polygon", "coordinates": [ [ [ 76.33226451556169, 9.953898670499457 ], [ 76.33226451556169, 9.958390226374412 ], [ 76.327703670197494, 9.958390226374412 ], [ 76.327703670197494, 9.953898670499457 ], [ 76.33226451556169, 9.953898670499457 ] ] ] } },
{ "type": "Feature", "properties": { "cell_id": 557, "lon": 76.334544938243795, "lat": 9.9561444484369357 }, "geometry": { "type": "Polygon", "coordinates": [ [ [ 76.336825360925886, 9.953898670499457 ], [ 76.336825360925886, 9.958390226374412 ], [ 76.33226451556169, 9.958390226374412 ], [ 76.33226451556169, 9.953898670499457 ], [ 76.336825360925886, 9.953898670499457 ] ] ] } },
{ "type": "Feature", "properties": { "cell_id": 558, "lon": 76.339105783607991, "lat": 9.9561444484369357 }, "geometry": { "type": "Polygon", "coordinates": [ [ [ 76.341386206290082, 9.953898670499457 ], [ 76.341386206290082, 9.958390226374412 ], [ 76.336825360925886, 9.958390226374412 ], [ 76.336825360925886, 9.953898670499457 ], [ 76.341386206290082, 9.953898670499457 ] ] ] } },
{ "type": "Feature", "properties": { "cell_id": 559, "lon": 76.343666628972187, "lat": 9.9561444484369357 }, "geometry": { "type": "Polygon", "coordinates": [ [ [ 76.345947051654278, 9.953898670499457 ], [ 76.345947051654278, 9.958390226374412 ], [ 76.341386206290082, 9.958390226374412 ], [ 76.341386206290082, 9.953898670499457 ], [ 76.345947051654278, 9.953898670499457 ] ] ] } },
{ "type": "Feature", "properties": { "cell_id": 560, "lon": 76.348227474336383, "lat": 9.9561444484369357 }, "geometry": { "type": "Polygon", "coordinates": [ [ [ 76.350507897018474, 9.953898670499457 ], [ 76.350507897018474, 9.958390226374412 ], [ 76.345947051654278, 9.958390226374412 ], [ 76.345947051654278, 9.953898670499457 ], [ 76.350507897018474, 9.953898670499457 ] ] ] } },
{ "type": "Feature", "properties": { "cell_id": 561, "lon": 76.352788319700579, "lat": 9.9561444484369357 }, "geometry": { "type": "Polygon", "coordinates": [ [ [ 76.35506874238267, 9.953898670499457 ], [ 76.35506874238267, 9.958390226374412 ], [ 76.350507897018474, 9.958390226374412 ], [ 76.350507897018474, 9.953898670499457 ], [ 76.35506874238267, 9.953898670499457 ] ] ] } },
{ "type": "Feature", "properties": { "cell_id": 562, "lon": 76.357349165064775, "lat": 9.9561444484369357 }, "geometry": { "type": "Polygon", "coordinates": [ [ [ 76.359629587746866, 9.953898670499457 ], [ 76.359629587746866, 9.958390226374412 ], [ 76.35506874238267, 9.958390226374412 ], [ 76.35506874238267, 9.953898670499457 ], [ 76.359629587746866, 9.953898670499457 ] ] ] } },
{ "type": "Feature", "properties": { "cell_id": 563, "lon": 76.361910010428971, "lat": 9.9561444484369357 }, "geometry": { "type": "Polygon", "coordinates": [ [ [ 76.364190433111062, 9.953898670499457 ], [ 76.364190433111062, 9.958390226374412 ], [ 76.359629587746866, 9.958390226374412 ], [ 76.359629587746866, 9.953898670499457 ], [ 76.364190433111062, 9.953898670499457 ] ] ] } },
{ "type": "Feature", "properties": { "cell_id": 564, "lon": 76.366470855793168, "lat": 9.9561444484369357 }, "geometry": { "type": "Polygon", "coordinates": [ [ [ 76.368751278475258, 9.953898670499457 ], [ 76.368751278475258, 9.958390226374412 ], [ 76.364190433111062, 9.958390226374412 ], [ 76.364190433111062, 9.953898670499457 ], [ 76.368751278475258, 9.953898670499457 ] ] ] } },
{ "type": "Feature", "properties": { "cell_id": 565, "lon": 76.371031701157364, "lat": 9.9561444484369357 }, "geometry": { "type": "Polygon", "coordinates": [ [ [ 76.373312123839455, 9.953898670499457 ], [ 76.373312123839455, 9.958390226374412 ], [ 76.368751278475258, 9.958390226374412 ], [ 76.368751278475258, 9.953898670499457 ], [ 76.373312123839455, 9.953898670499457 ] ] ] } },
{ "type": "Feature", "properties": { "cell_id": 566, "lon": 76.37559254652156, "lat": 9.9561444484369357 }, "geometry": { "type": "Polygon", "coordinates": [ [ [ 76.377872969203651, 9.953898670499457 ], [ 76.377872969203651, 9.958390226374412 ], [ 76.373312123839455, 9.958390226374412 ], [ 76.373312123839455, 9.953898670499457 ], [ 76.377872969203651, 9.953898670499457 ] ] ] } },
{ "type": "Feature", "properties": { "cell_id": 567, "lon": 76.380153391885756, "lat": 9.9561444484369357 }, "geometry": { "type": "Polygon", "coordinates": [ [ [ 76.382433814567847, 9.953898670499457 ], [ 76.382433814567847, 9.958390226374412 ], [ 76.377872969203651, 9.958390226374412 ], [ 76.377872969203651, 9.953898670499457 ], [ 76.382433814567847, 9.953898670499457 ] ] ] } },
{ "type": "Feature", "properties": { "cell_id": 568, "lon": 76.384714237249952, "lat": 9.9561444484369357 }, "geometry": { "type": "Polygon", "coordinates": [ [ [ 76.386994659932043, 9.953898670499457 ], [ 76.386994659932043, 9.958390226374412 ], [ 76.382433814567847, 9.958390226374412 ], [ 76.382433814567847, 9.953898670499457 ], [ 76.386994659932043, 9.953898670499457 ] ] ] } },
{ "type": "Feature", "properties": { "cell_id": 569, "lon": 76.389275082614148, "lat": 9.9561444484369357 }, "geometry": { "type": "Polygon", "coordinates": [ [ [ 76.391555505296239, 9.953898670499457 ], [ 76.391555505296239, 9.958390226374412 ], [ 76.386994659932043, 9.958390226374412 ], [ 76.386994659932043, 9.953898670499457 ], [ 76.391555505296239, 9.953898670499457 ] ] ] } },
{ "type": "Feature", "properties": { "cell_id": 570, "lon": 76.393835927978344, "lat": 9.9561444484369357 }, "geometry": { "type": "Polygon", "coordinates": [ [ [ 76.396116350660435, 9.953898670499457 ], [ 76.396116350660435, 9.958390226374412 ], [ 76.391555505296239, 9.958390226374412 ], [ 76.391555505296239, 9.953898670499457 ], [ 76.396116350660435, 9.953898670499457 ] ] ] } },
{ "type": "Feature", "properties": { "cell_id": 571, "lon": 76.39839677334254, "lat": 9.9561444484369357 }, "geometry": { "type": "Polygon", "coordinates": [ [ [ 76.400677196024631, 9.953898670499457 ], [ 76.400677196024631, 9.958390226374412 ], [ 76.396116350660435, 9.958390226374412 ], [ 76.396116350660435, 9.953898670499457 ], [ 76.400677196024631, 9.953898670499457 ] ] ] } },
{ "type": "Feature", "properties": { "cell_id": 572, "lon": 76.202280422682108, "lat": 9.9606360043118904 }, "geometry": { "type": "Polygon", "coordinates": [ [ [ 76.204560845364199, 9.958390226374412 ], [ 76.204560845364199, 9.962881782249367 ], [ 76.2, 9.962881782249367 ], [ 76.2, 9.958390226374412 ], [ 76.204560845364199, 9.958390226374412 ] ] ] } },
{ "type": "Feature", "properties": { "cell_id": 573, "lon": 76.206841268046304, "lat": 9.9606360043118904 }, "geometry": { "type": "Polygon", "coordinates": [ [ [ 76.209121690728395, 9.958390226374412 ], [ 76.209121690728395, 9.962881782249367 ], [ 76.204560845364199, 9.962881782249367 ], [ 76.204560845364199, 9.958390226374412 ], [ 76.209121690728395, 9.958390226374412 ] ] ] } },
{ "type": "Feature", "properties": { "cell_id": 574, "lon": 76.2114021134105, "lat": 9.9606360043118904 }, "geometry": { "type": "Polygon", "coordinates": [ [ [ 76.213682536092591, 9.958390226374412 ], [ 76.213682536092591, 9.962881782249367 ], [ 76.209121690728395, 9.962881782249367 ], [ 76.209121690728395, 9.958390226374412 ], [ 76.213682536092591, 9.958390226374412 ] ] ] } },
{ "type": "Feature", "properties": { "cell_id": 575, "lon": 76.215962958774696, "lat": 9.9606360043118904 }, "geometry": { "type": "Polygon", "coordinates": [ [ [ 76.218243381456787, 9.958390226374412 ], [ 76.218243381456787, 9.962881782249367 ], [ 76.213682536092591, 9.962881782249367 ], [ 76.213682536092591, 9.958390226374412 ], [ 76.218243381456787, 9.958390226374412 ] ] ] } },
{ "type": "Feature", "properties": { "cell_id": 576, "lon": 76.220523804138892, "lat": 9.9606360043118904 }, "geometry": { "type": "Polygon", "coordinates": [ [ [ 76.222804226820983, 9.958390226374412 ], [ 76.222804226820983, 9.962881782249367 ], [ 76.218243381456787, 9.962881782249367 ], [ 76.218243381456787, 9.958390226374412 ], [ 76.222804226820983, 9.958390226374412 ] ] ] } },
{ "type": "Feature", "properties": { "cell_id": 577, "lon": 76.225084649503088, "lat": 9.9606360043118904 }, "geometry": { "type": "Polygon", "coordinates": [ [ [ 76.227365072185179, 9.958390226374412 ], [ 76.227365072185179, 9.962881782249367 ], [ 76.222804226820983, 9.962881782249367 ], [ 76.222804226820983, 9.958390226374412 ], [ 76.227365072185179, 9.958390226374412 ] ] ] } },
{ "type": "Feature", "properties": { "cell_id": 578, "lon": 76.229645494867285, "lat": 9.9606360043118904 }, "geometry": { "type": "Polygon", "coordinates": [ [ [ 76.231925917549376, 9.958390226374412 ], [ 76.231925917549376, 9.962881782249367 ], [ 76.227365072185179, 9.962881782249367 ], [ 76.227365072185179, 9.958390226374412 ], [ 76.231925917549376, 9.958390226374412 ] ] ] } },
{ "type": "Feature", "properties": { "cell_id": 579, "lon": 76.234206340231481, "lat": 9.9606360043118904 }, "geometry": { "type": "Polygon", "coordinates": [ [ [ 76.236486762913572, 9.958390226374412 ], [ 76.236486762913572, 9.962881782249367 ], [ 76.231925917549376, 9.962881782249367 ], [ 76.231925917549376, 9.958390226374412 ], [ 76.236486762913572, 9.958390226374412 ] ] ] } },
{ "type": "Feature", "properties": { "cell_id": 580, "lon": 76.238767185595677, "lat": 9.9606360043118904 }, "geometry": { "type": "Polygon", "coordinates": [ [ [ 76.241047608277768, 9.958390226374412 ], [ 76.241047608277768, 9.962881782249367 ], [ 76.236486762913572, 9.962881782249367 ], [ 76.236486762913572, 9.958390226374412 ], [ 76.241047608277768, 9.958390226374412 ] ] ] } },
{ "type": "Feature", "properties": { "cell_id": 581, "lon": 76.243328030959873, "lat": 9.9606360043118904 }, "geometry": { "type": "Polygon", "coordinates": [ [ [ 76.245608453641964, 9.958390226374412 ], [ 76.245608453641964, 9.962881782249367 ], [ 76.241047608277768, 9.962881782249367 ], [ 76.241047608277768, 9.958390226374412 ], [ 76.245608453641964, 9.958390226374412 ] ] ] } },
{ "type": "Feature", "properties": { "cell_id": 582, "lon": 76.247888876324069, "lat": 9.9606360043118904 }, "geometry": { "type": "Polygon", "coordinates": [ [ [ 76.25016929900616, 9.958390226374412 ], [ 76.25016929900616, 9.962881782249367 ], [ 76.245608453641964, 9.962881782249367 ], [ 76.245608453641964, 9.958390226374412 ], [ 76.25016929900616, 9.958390226374412 ] ] ] } },
{ "type": "Feature", "properties": { "cell_id": 583, "lon": 76.252449721688265, "lat": 9.9606360043118904 }, "geometry": { "type": "Polygon", "coordinates": [ [ [ 76.254730144370356, 9.958390226374412 ], [ 76.254730144370356, 9.962881782249367 ], [ 76.25016929900616, 9.962881782249367 ], [ 76.25016929900616, 9.958390226374412 ], [ 76.254730144370356, 9.958390226374412 ] ] ] } },
{ "type": "Feature", "properties": { "cell_id": 584, "lon": 76.257010567052461, "lat": 9.9606360043118904 }, "geometry": { "type": "Polygon", "coordinates": [ [ [ 76.259290989734552, 9.958390226374412 ], [ 76.259290989734552, 9.962881782249367 ], [ 76.254730144370356, 9.962881782249367 ], [ 76.254730144370356, 9.958390226374412 ], [ 76.259290989734552, 9.958390226374412 ] ] ] } },
{ "type": "Feature", "properties": { "cell_id": 585, "lon": 76.261571412416657, "lat": 9.9606360043118904 }, "geometry": { "type": "Polygon", "coordinates": [ [ [ 76.263851835098748, 9.958390226374412 ], [ 76.263851835098748, 9.962881782249367 ], [ 76.259290989734552, 9.962881782249367 ], [ 76.259290989734552, 9.958390226374412 ], [ 76.263851835098748, 9.958390226374412 ] ] ] } },
{ "type": "Feature", "properties": { "cell_id": 586, "lon": 76.266132257780853, "lat": 9.9606360043118904 }, "geometry": { "type": "Polygon", "coordinates": [ [ [ 76.268412680462944, 9.958390226374412 ], [ 76.268412680462944, 9.962881782249367 ], [ 76.263851835098748, 9.962881782249367 ], [ 76.263851835098748, 9.958390226374412 ], [ 76.268412680462944, 9.958390226374412 ] ] ] } },
{ "type": "Feature", "properties": { "cell_id": 587, "lon": 76.270693103145049, "lat": 9.9606360043118904 }, "geometry": { "type": "Polygon", "coordinates": [ [ [ 76.27297352582714, 9.958390226374412 ], [ 76.27297352582714, 9.962881782249367 ], [ 76.268412680462944, 9.962881782249367 ], [ 76.268412680462944, 9.958390226374412 ], [ 76.27297352582714, 9.958390226374412 ] ] ] } },
{ "type": "Feature", "properties": { "cell_id": 588, "lon": 76.275253948509246, "lat": 9.9606360043118904 }, "geometry": { "type": "Polygon", "coordinates": [ [ [ 76.277534371191337, 9.958390226374412 ], [ 76.277534371191337, 9.962881782249367 ], [ 76.27297352582714, 9.962881782249367 ], [ 76.27297352582714, 9.958390226374412 ], [ 76.277534371191337, 9.958390226374412 ] ] ] } },
{ "type": "Feature", "properties": { "cell_id": 589, "lon": 76.279814793873442, "lat": 9.9606360043118904 }, "geometry": { "type": "Polygon", "coordinates": [ [ [ 76.282095216555533, 9.958390226374412 ], [ 76.282095216555533, 9.962881782249367 ], [ 76.277534371191337, 9.962881782249367 ], [ 76.277534371191337, 9.958390226374412 ], [ 76.282095216555533, 9.958390226374412 ] ] ] } },
{ "type": "Feature", "properties": { "cell_id": 590, "lon": 76.284375639237638, "lat": 9.9606360043118904 }, "geometry": { "type": "Polygon", "coordinates": [ [ [ 76.286656061919729, 9.958390226374412 ], [ 76.286656061919729, 9.962881782249367 ], [ 76.282095216555533, 9.962881782249367 ], [ 76.282095216555533, 9.958390226374412 ], [ 76.286656061919729, 9.958390226374412 ] ] ] } },
{ "type": "Feature", "properties": { "cell_id": 591, "lon": 76.288936484601834, "lat": 9.9606360043118904 }, "geometry": { "type": "Polygon", "coordinates": [ [ [ 76.291216907283925, 9.958390226374412 ], [ 76.291216907283925, 9.962881782249367 ], [ 76.286656061919729, 9.962881782249367 ], [ 76.286656061919729, 9.958390226374412 ], [ 76.291216907283925, 9.958390226374412 ] ] ] } },
{ "type": "Feature", "properties": { "cell_id": 592, "lon": 76.29349732996603, "lat": 9.9606360043118904 }, "geometry": { "type": "Polygon", "coordinates": [ [ [ 76.295777752648121, 9.958390226374412 ], [ 76.295777752648121, 9.962881782249367 ], [ 76.291216907283925, 9.962881782249367 ], [ 76.291216907283925, 9.958390226374412 ], [ 76.295777752648121, 9.958390226374412 ] ] ] } },
{ "type": "Feature", "properties": { "cell_id": 593, "lon": 76.298058175330226, "lat": 9.9606360043118904 }, "geometry": { "type": "Polygon", "coordinates": [ [ [ 76.300338598012317, 9.958390226374412 ], [ 76.300338598012317, 9.962881782249367 ], [ 76.295777752648121, 9.962881782249367 ], [ 76.295777752648121, 9.958390226374412 ], [ 76.300338598012317, 9.958390226374412 ] ] ] } },
{ "type": "Feature", "properties": { "cell_id": 594, "lon": 76.302619020694422, "lat": 9.9606360043118904 }, "geometry": { "type": "Polygon", "coordinates": [ [ [ 76.304899443376513, 9.958390226374412 ], [ 76.304899443376513, 9.962881782249367 ], [ 76.300338598012317, 9.962881782249367 ], [ 76.300338598012317, 9.958390226374412 ], [ 76.304899443376513, 9.958390226374412 ] ] ] } },
{ "type": "Feature", "properties": { "cell_id": 595, "lon": 76.307179866058618, "lat": 9.9606360043118904 }, "geometry": { "type": "Polygon", "coordinates": [ [ [ 76.309460288740709, 9.958390226374412 ], [ 76.309460288740709, 9.962881782249367 ], [ 76.304899443376513, 9.962881782249367 ], [ 76.304899443376513, 9.958390226374412 ], [ 76.309460288740709, 9.958390226374412 ] ] ] } },
{ "type": "Feature", "properties": { "cell_id": 596, "lon": 76.311740711422814, "lat": 9.9606360043118904 }, "geometry": { "type": "Polygon", "coordinates": [ [ [ 76.314021134104905, 9.958390226374412 ], [ 76.314021134104905, 9.962881782249367 ], [ 76.309460288740709, 9.962881782249367 ], [ 76.309460288740709, 9.958390226374412 ], [ 76.314021134104905, 9.958390226374412 ] ] ] } },
{ "type": "Feature", "properties": { "cell_id": 597, "lon": 76.31630155678701, "lat": 9.9606360043118904 }, "geometry": { "type": "Polygon", "coordinates": [ [ [ 76.318581979469101, 9.958390226374412 ], [ 76.318581979469101, 9.962881782249367 ], [ 76.314021134104905, 9.962881782249367 ], [ 76.314021134104905, 9.958390226374412 ], [ 76.318581979469101, 9.958390226374412 ] ] ] } },
{ "type": "Feature", "properties": { "cell_id": 598, "lon": 76.320862402151207, "lat": 9.9606360043118904 }, "geometry": { "type": "Polygon", "coordinates": [ [ [ 76.323142824833297, 9.958390226374412 ], [ 76.323142824833297, 9.962881782249367 ], [ 76.318581979469101, 9.962881782249367 ], [ 76.318581979469101, 9.958390226374412 ], [ 76.323142824833297, 9.958390226374412 ] ] ] } },
{ "type": "Feature", "properties": { "cell_id": 599, "lon": 76.325423247515403, "lat": 9.9606360043118904 }, "geometry": { "type": "Polygon", "coordinates": [ [ [ 76.327703670197494, 9.958390226374412 ], [ 76.327703670197494, 9.962881782249367 ], [ 76.323142824833297, 9.962881782249367 ], [ 76.323142824833297, 9.958390226374412 ], [ 76.327703670197494, 9.958390226374412 ] ] ] } },
{ "type": "Feature", "properties": { "cell_id": 600, "lon": 76.329984092879599, "lat": 9.9606360043118904 }, "geometry": { "type": "Polygon", "coordinates": [ [ [ 76.33226451556169, 9.958390226374412 ], [ 76.33226451556169, 9.962881782249367 ], [ 76.327703670197494, 9.962881782249367 ], [ 76.327703670197494, 9.958390226374412 ], [ 76.33226451556169, 9.958390226374412 ] ] ] } },
{ "type": "Feature", "properties": { "cell_id": 601, "lon": 76.334544938243795, "lat": 9.9606360043118904 }, "geometry": { "type": "Polygon", "coordinates": [ [ [ 76.336825360925886, 9.958390226374412 ], [ 76.336825360925886, 9.962881782249367 ], [ 76.33226451556169, 9.962881782249367 ], [ 76.33226451556169, 9.958390226374412 ], [ 76.336825360925886, 9.958390226374412 ] ] ] } },
{ "type": "Feature", "properties": { "cell_id": 602, "lon": 76.339105783607991, "lat": 9.9606360043118904 }, "geometry": { "type": "Polygon", "coordinates": [ [ [ 76.341386206290082, 9.958390226374412 ], [ 76.341386206290082, 9.962881782249367 ], [ 76.336825360925886, 9.962881782249367 ], [ 76.336825360925886, 9.958390226374412 ], [ 76.341386206290082, 9.958390226374412 ] ] ] } },
{ "type": "Feature", "properties": { "cell_id": 603, "lon": 76.343666628972187, "lat": 9.9606360043118904 }, "geometry": { "type": "Polygon", "coordinates": [ [ [ 76.345947051654278, 9.958390226374412 ], [ 76.345947051654278, 9.962881782249367 ], [ 76.341386206290082, 9.962881782249367 ], [ 76.341386206290082, 9.958390226374412 ], [ 76.345947051654278, 9.958390226374412 ] ] ] } },
{ "type": "Feature", "properties": { "cell_id": 604, "lon": 76.348227474336383, "lat": 9.9606360043118904 }, "geometry": { "type": "Polygon", "coordinates": [ [ [ 76.350507897018474, 9.958390226374412 ], [ 76.350507897018474, 9.962881782249367 ], [ 76.345947051654278, 9.962881782249367 ], [ 76.345947051654278, 9.958390226374412 ], [ 76.350507897018474, 9.958390226374412 ] ] ] } },
{ "type": "Feature", "properties": { "cell_id": 605, "lon": 76.352788319700579, "lat": 9.9606360043118904 }, "geometry": { "type": "Polygon", "coordinates": [ [ [ 76.35506874238267, 9.958390226374412 ], [ 76.35506874238267, 9.962881782249367 ], [ 76.350507897018474, 9.962881782249367 ], [ 76.350507897018474, 9.958390226374412 ], [ 76.35506874238267, 9.958390226374412 ] ] ] } },
{ "type": "Feature", "properties": { "cell_id": 606, "lon": 76.357349165064775, "lat": 9.9606360043118904 }, "geometry": { "type": "Polygon", "coordinates": [ [ [ 76.359629587746866, 9.958390226374412 ], [ 76.359629587746866, 9.962881782249367 ], [ 76.35506874238267, 9.962881782249367 ], [ 76.35506874238267, 9.958390226374412 ], [ 76.359629587746866, 9.958390226374412 ] ] ] } },
{ "type": "Feature", "properties": { "cell_id": 607, "lon": 76.361910010428971, "lat": 9.9606360043118904 }, "geometry": { "type": "Polygon", "coordinates": [ [ [ 76.364190433111062, 9.958390226374412 ], [ 76.364190433111062, 9.962881782249367 ], [ 76.359629587746866, 9.962881782249367 ], [ 76.359629587746866, 9.958390226374412 ], [ 76.364190433111062, 9.958390226374412 ] ] ] } },
{ "type": "Feature", "properties": { "cell_id": 608, "lon": 76.366470855793168, "lat": 9.9606360043118904 }, "geometry": { "type": "Polygon", "coordinates": [ [ [ 76.368751278475258, 9.958390226374412 ], [ 76.368751278475258, 9.962881782249367 ], [ 76.364190433111062, 9.962881782249367 ], [ 76.364190433111062, 9.958390226374412 ], [ 76.368751278475258, 9.958390226374412 ] ] ] } },
{ "type": "Feature", "properties": { "cell_id": 609, "lon": 76.371031701157364, "lat": 9.9606360043118904 }, "geometry": { "type": "Polygon", "coordinates": [ [ [ 76.373312123839455, 9.958390226374412 ], [ 76.373312123839455, 9.962881782249367 ], [ 76.368751278475258, 9.962881782249367 ], [ 76.368751278475258, 9.958390226374412 ], [ 76.373312123839455, 9.958390226374412 ] ] ] } },
{ "type": "Feature", "properties": { "cell_id": 610, "lon": 76.37559254652156, "lat": 9.9606360043118904 }, "geometry": { "type": "Polygon", "coordinates": [ [ [ 76.377872969203651, 9.958390226374412 ], [ 76.377872969203651, 9.962881782249367 ], [ 76.373312123839455, 9.962881782249367 ], [ 76.373312123839455, 9.958390226374412 ], [ 76.377872969203651, 9.958390226374412 ] ] ] } },
{ "type": "Feature", "properties": { "cell_id": 611, "lon": 76.380153391885756, "lat": 9.9606360043118904 }, "geometry": { "type": "Polygon", "coordinates": [ [ [ 76.382433814567847, 9.958390226374412 ], [ 76.382433814567847, 9.962881782249367 ], [ 76.377872969203651, 9.962881782249367 ], [ 76.377872969203651, 9.958390226374412 ], [ 76.382433814567847, 9.958390226374412 ] ] ] } },
{ "type": "Feature", "properties": { "cell_id": 612, "lon": 76.384714237249952, "lat": 9.9606360043118904 }, "geometry": { "type": "Polygon", "coordinates": [ [ [ 76.386994659932043, 9.958390226374412 ], [ 76.386994659932043, 9.962881782249367 ], [ 76.382433814567847, 9.962881782249367 ], [ 76.382433814567847, 9.958390226374412 ], [ 76.386994659932043, 9.958390226374412 ] ] ] } },
{ "type": "Feature", "properties": { "cell_id": 613, "lon": 76.389275082614148, "lat": 9.9606360043118904 }, "geometry": { "type": "Polygon", "coordinates": [ [ [ 76.391555505296239, 9.958390226374412 ], [ 76.391555505296239, 9.962881782249367 ], [ 76.386994659932043, 9.962881782249367 ], [ 76.386994659932043, 9.958390226374412 ], [ 76.391555505296239, 9.958390226374412 ] ] ] } },
{ "type": "Feature", "properties": { "cell_id": 614, "lon": 76.393835927978344, "lat": 9.9606360043118904 }, "geometry": { "type": "Polygon", "coordinates": [ [ [ 76.396116350660435, 9.958390226374412 ], [ 76.396116350660435, 9.962881782249367 ], [ 76.391555505296239, 9.962881782249367 ], [ 76.391555505296239, 9.958390226374412 ], [ 76.396116350660435, 9.958390226374412 ] ] ] } },
{ "type": "Feature", "properties": { "cell_id": 615, "lon": 76.39839677334254, "lat": 9.9606360043118904 }, "geometry": { "type": "Polygon", "coordinates": [ [ [ 76.400677196024631, 9.958390226374412 ], [ 76.400677196024631, 9.962881782249367 ], [ 76.396116350660435, 9.962881782249367 ], [ 76.396116350660435, 9.958390226374412 ], [ 76.400677196024631, 9.958390226374412 ] ] ] } },
{ "type": "Feature", "properties": { "cell_id": 616, "lon": 76.202280422682108, "lat": 9.9651275601868452 }, "geometry": { "type": "Polygon", "coordinates": [ [ [ 76.204560845364199, 9.962881782249367 ], [ 76.204560845364199, 9.967373338124322 ], [ 76.2, 9.967373338124322 ], [ 76.2, 9.962881782249367 ], [ 76.204560845364199, 9.962881782249367 ] ] ] } },
{ "type": "Feature", "properties": { "cell_id": 617, "lon": 76.206841268046304, "lat": 9.9651275601868452 }, "geometry": { "type": "Polygon", "coordinates": [ [ [ 76.209121690728395, 9.962881782249367 ], [ 76.209121690728395, 9.967373338124322 ], [ 76.204560845364199, 9.967373338124322 ], [ 76.204560845364199, 9.962881782249367 ], [ 76.209121690728395, 9.962881782249367 ] ] ] } },
{ "type": "Feature", "properties": { "cell_id": 618, "lon": 76.2114021134105, "lat": 9.9651275601868452 }, "geometry": { "type": "Polygon", "coordinates": [ [ [ 76.213682536092591, 9.962881782249367 ], [ 76.213682536092591, 9.967373338124322 ], [ 76.209121690728395, 9.967373338124322 ], [ 76.209121690728395, 9.962881782249367 ], [ 76.213682536092591, 9.962881782249367 ] ] ] } },
{ "type": "Feature", "properties": { "cell_id": 619, "lon": 76.215962958774696, "lat": 9.9651275601868452 }, "geometry": { "type": "Polygon", "coordinates": [ [ [ 76.218243381456787, 9.962881782249367 ], [ 76.218243381456787, 9.967373338124322 ], [ 76.213682536092591, 9.967373338124322 ], [ 76.213682536092591, 9.962881782249367 ], [ 76.218243381456787, 9.962881782249367 ] ] ] } },
{ "type": "Feature", "properties": { "cell_id": 620, "lon": 76.220523804138892, "lat": 9.9651275601868452 }, "geometry": { "type": "Polygon", "coordinates": [ [ [ 76.222804226820983, 9.962881782249367 ], [ 76.222804226820983, 9.967373338124322 ], [ 76.218243381456787, 9.967373338124322 ], [ 76.218243381456787, 9.962881782249367 ], [ 76.222804226820983, 9.962881782249367 ] ] ] } },
{ "type": "Feature", "properties": { "cell_id": 621, "lon": 76.225084649503088, "lat": 9.9651275601868452 }, "geometry": { "type": "Polygon", "coordinates": [ [ [ 76.227365072185179, 9.962881782249367 ], [ 76.227365072185179, 9.967373338124322 ], [ 76.222804226820983, 9.967373338124322 ], [ 76.222804226820983, 9.962881782249367 ], [ 76.227365072185179, 9.962881782249367 ] ] ] } },
{ "type": "Feature", "properties": { "cell_id": 622, "lon": 76.229645494867285, "lat": 9.9651275601868452 }, "geometry": { "type": "Polygon", "coordinates": [ [ [ 76.231925917549376, 9.962881782249367 ], [ 76.231925917549376, 9.967373338124322 ], [ 76.227365072185179, 9.967373338124322 ], [ 76.227365072185179, 9.962881782249367 ], [ 76.231925917549376, 9.962881782249367 ] ] ] } },
{ "type": "Feature", "properties": { "cell_id": 623, "lon": 76.234206340231481, "lat": 9.9651275601868452 }, "geometry": { "type": "Polygon", "coordinates": [ [ [ 76.236486762913572, 9.962881782249367 ], [ 76.236486762913572, 9.967373338124322 ], [ 76.231925917549376, 9.967373338124322 ], [ 76.231925917549376, 9.962881782249367 ], [ 76.236486762913572, 9.962881782249367 ] ] ] } },
{ "type": "Feature", "properties": { "cell_id": 624, "lon": 76.238767185595677, "lat": 9.9651275601868452 }, "geometry": { "type": "Polygon", "coordinates": [ [ [ 76.241047608277768, 9.962881782249367 ], [ 76.241047608277768, 9.967373338124322 ], [ 76.236486762913572, 9.967373338124322 ], [ 76.236486762913572, 9.962881782249367 ], [ 76.241047608277768, 9.962881782249367 ] ] ] } },
{ "type": "Feature", "properties": { "cell_id": 625, "lon": 76.243328030959873, "lat": 9.9651275601868452 }, "geometry": { "type": "Polygon", "coordinates": [ [ [ 76.245608453641964, 9.962881782249367 ], [ 76.245608453641964, 9.967373338124322 ], [ 76.241047608277768, 9.967373338124322 ], [ 76.241047608277768, 9.962881782249367 ], [ 76.245608453641964, 9.962881782249367 ] ] ] } },
{ "type": "Feature", "properties": { "cell_id": 626, "lon": 76.247888876324069, "lat": 9.9651275601868452 }, "geometry": { "type": "Polygon", "coordinates": [ [ [ 76.25016929900616, 9.962881782249367 ], [ 76.25016929900616, 9.967373338124322 ], [ 76.245608453641964, 9.967373338124322 ], [ 76.245608453641964, 9.962881782249367 ], [ 76.25016929900616, 9.962881782249367 ] ] ] } },
{ "type": "Feature", "properties": { "cell_id": 627, "lon": 76.252449721688265, "lat": 9.9651275601868452 }, "geometry": { "type": "Polygon", "coordinates": [ [ [ 76.254730144370356, 9.962881782249367 ], [ 76.254730144370356, 9.967373338124322 ], [ 76.25016929900616, 9.967373338124322 ], [ 76.25016929900616, 9.962881782249367 ], [ 76.254730144370356, 9.962881782249367 ] ] ] } },
{ "type": "Feature", "properties": { "cell_id": 628, "lon": 76.257010567052461, "lat": 9.9651275601868452 }, "geometry": { "type": "Polygon", "coordinates": [ [ [ 76.259290989734552, 9.962881782249367 ], [ 76.259290989734552, 9.967373338124322 ], [ 76.254730144370356, 9.967373338124322 ], [ 76.254730144370356, 9.962881782249367 ], [ 76.259290989734552, 9.962881782249367 ] ] ] } },
{ "type": "Feature", "properties": { "cell_id": 629, "lon": 76.261571412416657, "lat": 9.9651275601868452 }, "geometry": { "type": "Polygon", "coordinates": [ [ [ 76.263851835098748, 9.962881782249367 ], [ 76.263851835098748, 9.967373338124322 ], [ 76.259290989734552, 9.967373338124322 ], [ 76.259290989734552, 9.962881782249367 ], [ 76.263851835098748, 9.962881782249367 ] ] ] } },
{ "type": "Feature", "properties": { "cell_id": 630, "lon": 76.266132257780853, "lat": 9.9651275601868452 }, "geometry": { "type": "Polygon", "coordinates": [ [ [ 76.268412680462944, 9.962881782249367 ], [ 76.268412680462944, 9.967373338124322 ], [ 76.263851835098748, 9.967373338124322 ], [ 76.263851835098748, 9.962881782249367 ], [ 76.268412680462944, 9.962881782249367 ] ] ] } },
{ "type": "Feature", "properties": { "cell_id": 631, "lon": 76.270693103145049, "lat": 9.9651275601868452 }, "geometry": { "type": "Polygon", "coordinates": [ [ [ 76.27297352582714, 9.962881782249367 ], [ 76.27297352582714, 9.967373338124322 ], [ 76.268412680462944, 9.967373338124322 ], [ 76.268412680462944, 9.962881782249367 ], [ 76.27297352582714, 9.962881782249367 ] ] ] } },
{ "type": "Feature", "properties": { "cell_id": 632, "lon": 76.275253948509246, "lat": 9.9651275601868452 }, "geometry": { "type": "Polygon", "coordinates": [ [ [ 76.277534371191337, 9.962881782249367 ], [ 76.277534371191337, 9.967373338124322 ], [ 76.27297352582714, 9.967373338124322 ], [ 76.27297352582714, 9.962881782249367 ], [ 76.277534371191337, 9.962881782249367 ] ] ] } },
{ "type": "Feature", "properties": { "cell_id": 633, "lon": 76.279814793873442, "lat": 9.9651275601868452 }, "geometry": { "type": "Polygon", "coordinates": [ [ [ 76.282095216555533, 9.962881782249367 ], [ 76.282095216555533, 9.967373338124322 ], [ 76.277534371191337, 9.967373338124322 ], [ 76.277534371191337, 9.962881782249367 ], [ 76.282095216555533, 9.962881782249367 ] ] ] } },
{ "type": "Feature", "properties": { "cell_id": 634, "lon": 76.284375639237638, "lat": 9.9651275601868452 }, "geometry": { "type": "Polygon", "coordinates": [ [ [ 76.286656061919729, 9.962881782249367 ], [ 76.286656061919729, 9.967373338124322 ], [ 76.282095216555533, 9.967373338124322 ], [ 76.282095216555533, 9.962881782249367 ], [ 76.286656061919729, 9.962881782249367 ] ] ] } },
{ "type": "Feature", "properties": { "cell_id": 635, "lon": 76.288936484601834, "lat": 9.9651275601868452 }, "geometry": { "type": "Polygon", "coordinates": [ [ [ 76.291216907283925, 9.962881782249367 ], [ 76.291216907283925, 9.967373338124322 ], [ 76.286656061919729, 9.967373338124322 ], [ 76.286656061919729, 9.962881782249367 ], [ 76.291216907283925, 9.962881782249367 ] ] ] } },
{ "type": "Feature", "properties": { "cell_id": 636, "lon": 76.29349732996603, "lat": 9.9651275601868452 }, "geometry": { "type": "Polygon", "coordinates": [ [ [ 76.295777752648121, 9.962881782249367 ], [ 76.295777752648121, 9.967373338124322 ], [ 76.291216907283925, 9.967373338124322 ], [ 76.291216907283925, 9.962881782249367 ], [ 76.295777752648121, 9.962881782249367 ] ] ] } },
{ "type": "Feature", "properties": { "cell_id": 637, "lon": 76.298058175330226, "lat": 9.9651275601868452 }, "geometry": { "type": "Polygon", "coordinates": [ [ [ 76.300338598012317, 9.962881782249367 ], [ 76.300338598012317, 9.967373338124322 ], [ 76.295777752648121, 9.967373338124322 ], [ 76.295777752648121, 9.962881782249367 ], [ 76.300338598012317, 9.962881782249367 ] ] ] } },
{ "type": "Feature", "properties": { "cell_id": 638, "lon": 76.302619020694422, "lat": 9.9651275601868452 }, "geometry": { "type": "Polygon", "coordinates": [ [ [ 76.304899443376513, 9.962881782249367 ], [ 76.304899443376513, 9.967373338124322 ], [ 76.300338598012317, 9.967373338124322 ], [ 76.300338598012317, 9.962881782249367 ], [ 76.304899443376513, 9.962881782249367 ] ] ] } },
{ "type": "Feature", "properties": { "cell_id": 639, "lon": 76.307179866058618, "lat": 9.9651275601868452 }, "geometry": { "type": "Polygon", "coordinates": [ [ [ 76.309460288740709, 9.962881782249367 ], [ 76.309460288740709, 9.967373338124322 ], [ 76.304899443376513, 9.967373338124322 ], [ 76.304899443376513, 9.962881782249367 ], [ 76.309460288740709, 9.962881782249367 ] ] ] } },
{ "type": "Feature", "properties": { "cell_id": 640, "lon": 76.311740711422814, "lat": 9.9651275601868452 }, "geometry": { "type": "Polygon", "coordinates": [ [ [ 76.314021134104905, 9.962881782249367 ], [ 76.314021134104905, 9.967373338124322 ], [ 76.309460288740709, 9.967373338124322 ], [ 76.309460288740709, 9.962881782249367 ], [ 76.314021134104905, 9.962881782249367 ] ] ] } },
{ "type": "Feature", "properties": { "cell_id": 641, "lon": 76.31630155678701, "lat": 9.9651275601868452 }, "geometry": { "type": "Polygon", "coordinates": [ [ [ 76.318581979469101, 9.962881782249367 ], [ 76.318581979469101, 9.967373338124322 ], [ 76.314021134104905, 9.967373338124322 ], [ 76.314021134104905, 9.962881782249367 ], [ 76.318581979469101, 9.962881782249367 ] ] ] } },
{ "type": "Feature", "properties": { "cell_id": 642, "lon": 76.320862402151207, "lat": 9.9651275601868452 }, "geometry": { "type": "Polygon", "coordinates": [ [ [ 76.323142824833297, 9.962881782249367 ], [ 76.323142824833297, 9.967373338124322 ], [ 76.318581979469101, 9.967373338124322 ], [ 76.318581979469101, 9.962881782249367 ], [ 76.323142824833297, 9.962881782249367 ] ] ] } },
{ "type": "Feature", "properties": { "cell_id": 643, "lon": 76.325423247515403, "lat": 9.9651275601868452 }, "geometry": { "type": "Polygon", "coordinates": [ [ [ 76.327703670197494, 9.962881782249367 ], [ 76.327703670197494, 9.967373338124322 ], [ 76.323142824833297, 9.967373338124322 ], [ 76.323142824833297, 9.962881782249367 ], [ 76.327703670197494, 9.962881782249367 ] ] ] } },
{ "type": "Feature", "properties": { "cell_id": 644, "lon": 76.329984092879599, "lat": 9.9651275601868452 }, "geometry": { "type": "Polygon", "coordinates": [ [ [ 76.33226451556169, 9.962881782249367 ], [ 76.33226451556169, 9.967373338124322 ], [ 76.327703670197494, 9.967373338124322 ], [ 76.327703670197494, 9.962881782249367 ], [ 76.33226451556169, 9.962881782249367 ] ] ] } },
{ "type": "Feature", "properties": { "cell_id": 645, "lon": 76.334544938243795, "lat": 9.9651275601868452 }, "geometry": { "type": "Polygon", "coordinates": [ [ [ 76.336825360925886, 9.962881782249367 ], [ 76.336825360925886, 9.967373338124322 ], [ 76.33226451556169, 9.967373338124322 ], [ 76.33226451556169, 9.962881782249367 ], [ 76.336825360925886, 9.962881782249367 ] ] ] } },
{ "type": "Feature", "properties": { "cell_id": 646, "lon": 76.339105783607991, "lat": 9.9651275601868452 }, "geometry": { "type": "Polygon", "coordinates": [ [ [ 76.341386206290082, 9.962881782249367 ], [ 76.341386206290082, 9.967373338124322 ], [ 76.336825360925886, 9.967373338124322 ], [ 76.336825360925886, 9.962881782249367 ], [ 76.341386206290082, 9.962881782249367 ] ] ] } },
{ "type": "Feature", "properties": { "cell_id": 647, "lon": 76.343666628972187, "lat": 9.9651275601868452 }, "geometry": { "type": "Polygon", "coordinates": [ [ [ 76.345947051654278, 9.962881782249367 ], [ 76.345947051654278, 9.967373338124322 ], [ 76.341386206290082, 9.967373338124322 ], [ 76.341386206290082, 9.962881782249367 ], [ 76.345947051654278, 9.962881782249367 ] ] ] } },
{ "type": "Feature", "properties": { "cell_id": 648, "lon": 76.348227474336383, "lat": 9.9651275601868452 }, "geometry": { "type": "Polygon", "coordinates": [ [ [ 76.350507897018474, 9.962881782249367 ], [ 76.350507897018474, 9.967373338124322 ], [ 76.345947051654278, 9.967373338124322 ], [ 76.345947051654278, 9.962881782249367 ], [ 76.350507897018474, 9.962881782249367 ] ] ] } },
{ "type": "Feature", "properties": { "cell_id": 649, "lon": 76.352788319700579, "lat": 9.9651275601868452 }, "geometry": { "type": "Polygon", "coordinates": [ [ [ 76.35506874238267, 9.962881782249367 ], [ 76.35506874238267, 9.967373338124322 ], [ 76.350507897018474, 9.967373338124322 ], [ 76.350507897018474, 9.962881782249367 ], [ 76.35506874238267, 9.962881782249367 ] ] ] } },
{ "type": "Feature", "properties": { "cell_id": 650, "lon": 76.357349165064775, "lat": 9.9651275601868452 }, "geometry": { "type": "Polygon", "coordinates": [ [ [ 76.359629587746866, 9.962881782249367 ], [ 76.359629587746866, 9.967373338124322 ], [ 76.35506874238267, 9.967373338124322 ], [ 76.35506874238267, 9.962881782249367 ], [ 76.359629587746866, 9.962881782249367 ] ] ] } },
{ "type": "Feature", "properties": { "cell_id": 651, "lon": 76.361910010428971, "lat": 9.9651275601868452 }, "geometry": { "type": "Polygon", "coordinates": [ [ [ 76.364190433111062, 9.962881782249367 ], [ 76.364190433111062, 9.967373338124322 ], [ 76.359629587746866, 9.967373338124322 ], [ 76.359629587746866, 9.962881782249367 ], [ 76.364190433111062, 9.962881782249367 ] ] ] } },
{ "type": "Feature", "properties": { "cell_id": 652, "lon": 76.366470855793168, "lat": 9.9651275601868452 }, "geometry": { "type": "Polygon", "coordinates": [ [ [ 76.368751278475258, 9.962881782249367 ], [ 76.368751278475258, 9.967373338124322 ], [ 76.364190433111062, 9.967373338124322 ], [ 76.364190433111062, 9.962881782249367 ], [ 76.368751278475258, 9.962881782249367 ] ] ] } },
{ "type": "Feature", "properties": { "cell_id": 653, "lon": 76.371031701157364, "lat": 9.9651275601868452 }, "geometry": { "type": "Polygon", "coordinates": [ [ [ 76.373312123839455, 9.962881782249367 ], [ 76.373312123839455, 9.967373338124322 ], [ 76.368751278475258, 9.967373338124322 ], [ 76.368751278475258, 9.962881782249367 ], [ 76.373312123839455, 9.962881782249367 ] ] ] } },
{ "type": "Feature", "properties": { "cell_id": 654, "lon": 76.37559254652156, "lat": 9.9651275601868452 }, "geometry": { "type": "Polygon", "coordinates": [ [ [ 76.377872969203651, 9.962881782249367 ], [ 76.377872969203651, 9.967373338124322 ], [ 76.373312123839455, 9.967373338124322 ], [ 76.373312123839455, 9.962881782249367 ], [ 76.377872969203651, 9.962881782249367 ] ] ] } },
{ "type": "Feature", "properties": { "cell_id": 655, "lon": 76.380153391885756, "lat": 9.9651275601868452 }, "geometry": { "type": "Polygon", "coordinates": [ [ [ 76.382433814567847, 9.962881782249367 ], [ 76.382433814567847, 9.967373338124322 ], [ 76.377872969203651, 9.967373338124322 ], [ 76.377872969203651, 9.962881782249367 ], [ 76.382433814567847, 9.962881782249367 ] ] ] } },
{ "type": "Feature", "properties": { "cell_id": 656, "lon": 76.384714237249952, "lat": 9.9651275601868452 }, "geometry": { "type": "Polygon", "coordinates": [ [ [ 76.386994659932043, 9.962881782249367 ], [ 76.386994659932043, 9.967373338124322 ], [ 76.382433814567847, 9.967373338124322 ], [ 76.382433814567847, 9.962881782249367 ], [ 76.386994659932043, 9.962881782249367 ] ] ] } },
{ "type": "Feature", "properties": { "cell_id": 657, "lon": 76.389275082614148, "lat": 9.9651275601868452 }, "geometry": { "type": "Polygon", "coordinates": [ [ [ 76.391555505296239, 9.962881782249367 ], [ 76.391555505296239, 9.967373338124322 ], [ 76.386994659932043, 9.967373338124322 ], [ 76.386994659932043, 9.962881782249367 ], [ 76.391555505296239, 9.962881782249367 ] ] ] } },
{ "type": "Feature", "properties": { "cell_id": 658, "lon": 76.393835927978344, "lat": 9.9651275601868452 }, "geometry": { "type": "Polygon", "coordinates": [ [ [ 76.396116350660435, 9.962881782249367 ], [ 76.396116350660435, 9.967373338124322 ], [ 76.391555505296239, 9.967373338124322 ], [ 76.391555505296239, 9.962881782249367 ], [ 76.396116350660435, 9.962881782249367 ] ] ] } },
{ "type": "Feature", "properties": { "cell_id": 659, "lon": 76.39839677334254, "lat": 9.9651275601868452 }, "geometry": { "type": "Polygon", "coordinates": [ [ [ 76.400677196024631, 9.962881782249367 ], [ 76.400677196024631, 9.967373338124322 ], [ 76.396116350660435, 9.967373338124322 ], [ 76.396116350660435, 9.962881782249367 ], [ 76.400677196024631, 9.962881782249367 ] ] ] } },
{ "type": "Feature", "properties": { "cell_id": 660, "lon": 76.202280422682108, "lat": 9.9696191160618 }, "geometry": { "type": "Polygon", "coordinates": [ [ [ 76.204560845364199, 9.967373338124322 ], [ 76.204560845364199, 9.971864893999276 ], [ 76.2, 9.971864893999276 ], [ 76.2, 9.967373338124322 ], [ 76.204560845364199, 9.967373338124322 ] ] ] } },
{ "type": "Feature", "properties": { "cell_id": 661, "lon": 76.206841268046304, "lat": 9.9696191160618 }, "geometry": { "type": "Polygon", "coordinates": [ [ [ 76.209121690728395, 9.967373338124322 ], [ 76.209121690728395, 9.971864893999276 ], [ 76.204560845364199, 9.971864893999276 ], [ 76.204560845364199, 9.967373338124322 ], [ 76.209121690728395, 9.967373338124322 ] ] ] } },
{ "type": "Feature", "properties": { "cell_id": 662, "lon": 76.2114021134105, "lat": 9.9696191160618 }, "geometry": { "type": "Polygon", "coordinates": [ [ [ 76.213682536092591, 9.967373338124322 ], [ 76.213682536092591, 9.971864893999276 ], [ 76.209121690728395, 9.971864893999276 ], [ 76.209121690728395, 9.967373338124322 ], [ 76.213682536092591, 9.967373338124322 ] ] ] } },
{ "type": "Feature", "properties": { "cell_id": 663, "lon": 76.215962958774696, "lat": 9.9696191160618 }, "geometry": { "type": "Polygon", "coordinates": [ [ [ 76.218243381456787, 9.967373338124322 ], [ 76.218243381456787, 9.971864893999276 ], [ 76.213682536092591, 9.971864893999276 ], [ 76.213682536092591, 9.967373338124322 ], [ 76.218243381456787, 9.967373338124322 ] ] ] } },
{ "type": "Feature", "properties": { "cell_id": 664, "lon": 76.220523804138892, "lat": 9.9696191160618 }, "geometry": { "type": "Polygon", "coordinates": [ [ [ 76.222804226820983, 9.967373338124322 ], [ 76.222804226820983, 9.971864893999276 ], [ 76.218243381456787, 9.971864893999276 ], [ 76.218243381456787, 9.967373338124322 ], [ 76.222804226820983, 9.967373338124322 ] ] ] } },
{ "type": "Feature", "properties": { "cell_id": 665, "lon": 76.225084649503088, "lat": 9.9696191160618 }, "geometry": { "type": "Polygon", "coordinates": [ [ [ 76.227365072185179, 9.967373338124322 ], [ 76.227365072185179, 9.971864893999276 ], [ 76.222804226820983, 9.971864893999276 ], [ 76.222804226820983, 9.967373338124322 ], [ 76.227365072185179, 9.967373338124322 ] ] ] } },
{ "type": "Feature", "properties": { "cell_id": 666, "lon": 76.229645494867285, "lat": 9.9696191160618 }, "geometry": { "type": "Polygon", "coordinates": [ [ [ 76.231925917549376, 9.967373338124322 ], [ 76.231925917549376, 9.971864893999276 ], [ 76.227365072185179, 9.971864893999276 ], [ 76.227365072185179, 9.967373338124322 ], [ 76.231925917549376, 9.967373338124322 ] ] ] } },
{ "type": "Feature", "properties": { "cell_id": 667, "lon": 76.234206340231481, "lat": 9.9696191160618 }, "geometry": { "type": "Polygon", "coordinates": [ [ [ 76.236486762913572, 9.967373338124322 ], [ 76.236486762913572, 9.971864893999276 ], [ 76.231925917549376, 9.971864893999276 ], [ 76.231925917549376, 9.967373338124322 ], [ 76.236486762913572, 9.967373338124322 ] ] ] } },
{ "type": "Feature", "properties": { "cell_id": 668, "lon": 76.238767185595677, "lat": 9.9696191160618 }, "geometry": { "type": "Polygon", "coordinates": [ [ [ 76.241047608277768, 9.967373338124322 ], [ 76.241047608277768, 9.971864893999276 ], [ 76.236486762913572, 9.971864893999276 ], [ 76.236486762913572, 9.967373338124322 ], [ 76.241047608277768, 9.967373338124322 ] ] ] } },
{ "type": "Feature", "properties": { "cell_id": 669, "lon": 76.243328030959873, "lat": 9.9696191160618 }, "geometry": { "type": "Polygon", "coordinates": [ [ [ 76.245608453641964, 9.967373338124322 ], [ 76.245608453641964, 9.971864893999276 ], [ 76.241047608277768, 9.971864893999276 ], [ 76.241047608277768, 9.967373338124322 ], [ 76.245608453641964, 9.967373338124322 ] ] ] } },
{ "type": "Feature", "properties": { "cell_id": 670, "lon": 76.247888876324069, "lat": 9.9696191160618 }, "geometry": { "type": "Polygon", "coordinates": [ [ [ 76.25016929900616, 9.967373338124322 ], [ 76.25016929900616, 9.971864893999276 ], [ 76.245608453641964, 9.971864893999276 ], [ 76.245608453641964, 9.967373338124322 ], [ 76.25016929900616, 9.967373338124322 ] ] ] } },
{ "type": "Feature", "properties": { "cell_id": 671, "lon": 76.252449721688265, "lat": 9.9696191160618 }, "geometry": { "type": "Polygon", "coordinates": [ [ [ 76.254730144370356, 9.967373338124322 ], [ 76.254730144370356, 9.971864893999276 ], [ 76.25016929900616, 9.971864893999276 ], [ 76.25016929900616, 9.967373338124322 ], [ 76.254730144370356, 9.967373338124322 ] ] ] } },
{ "type": "Feature", "properties": { "cell_id": 672, "lon": 76.257010567052461, "lat": 9.9696191160618 }, "geometry": { "type": "Polygon", "coordinates": [ [ [ 76.259290989734552, 9.967373338124322 ], [ 76.259290989734552, 9.971864893999276 ], [ 76.254730144370356, 9.971864893999276 ], [ 76.254730144370356, 9.967373338124322 ], [ 76.259290989734552, 9.967373338124322 ] ] ] } },
{ "type": "Feature", "properties": { "cell_id": 673, "lon": 76.261571412416657, "lat": 9.9696191160618 }, "geometry": { "type": "Polygon", "coordinates": [ [ [ 76.263851835098748, 9.967373338124322 ], [ 76.263851835098748, 9.971864893999276 ], [ 76.259290989734552, 9.971864893999276 ], [ 76.259290989734552, 9.967373338124322 ], [ 76.263851835098748, 9.967373338124322 ] ] ] } },
{ "type": "Feature", "properties": { "cell_id": 674, "lon": 76.266132257780853, "lat": 9.9696191160618 }, "geometry": { "type": "Polygon", "coordinates": [ [ [ 76.268412680462944, 9.967373338124322 ], [ 76.268412680462944, 9.971864893999276 ], [ 76.263851835098748, 9.971864893999276 ], [ 76.263851835098748, 9.967373338124322 ], [ 76.268412680462944, 9.967373338124322 ] ] ] } },
{ "type": "Feature", "properties": { "cell_id": 675, "lon": 76.270693103145049, "lat": 9.9696191160618 }, "geometry": { "type": "Polygon", "coordinates": [ [ [ 76.27297352582714, 9.967373338124322 ], [ 76.27297352582714, 9.971864893999276 ], [ 76.268412680462944, 9.971864893999276 ], [ 76.268412680462944, 9.967373338124322 ], [ 76.27297352582714, 9.967373338124322 ] ] ] } },
{ "type": "Feature", "properties": { "cell_id": 676, "lon": 76.275253948509246, "lat": 9.9696191160618 }, "geometry": { "type": "Polygon", "coordinates": [ [ [ 76.277534371191337, 9.967373338124322 ], [ 76.277534371191337, 9.971864893999276 ], [ 76.27297352582714, 9.971864893999276 ], [ 76.27297352582714, 9.967373338124322 ], [ 76.277534371191337, 9.967373338124322 ] ] ] } },
{ "type": "Feature", "properties": { "cell_id": 677, "lon": 76.279814793873442, "lat": 9.9696191160618 }, "geometry": { "type": "Polygon", "coordinates": [ [ [ 76.282095216555533, 9.967373338124322 ], [ 76.282095216555533, 9.971864893999276 ], [ 76.277534371191337, 9.971864893999276 ], [ 76.277534371191337, 9.967373338124322 ], [ 76.282095216555533, 9.967373338124322 ] ] ] } },
{ "type": "Feature", "properties": { "cell_id": 678, "lon": 76.284375639237638, "lat": 9.9696191160618 }, "geometry": { "type": "Polygon", "coordinates": [ [ [ 76.286656061919729, 9.967373338124322 ], [ 76.286656061919729, 9.971864893999276 ], [ 76.282095216555533, 9.971864893999276 ], [ 76.282095216555533, 9.967373338124322 ], [ 76.286656061919729, 9.967373338124322 ] ] ] } },
{ "type": "Feature", "properties": { "cell_id": 679, "lon": 76.288936484601834, "lat": 9.9696191160618 }, "geometry": { "type": "Polygon", "coordinates": [ [ [ 76.291216907283925, 9.967373338124322 ], [ 76.291216907283925, 9.971864893999276 ], [ 76.286656061919729, 9.971864893999276 ], [ 76.286656061919729, 9.967373338124322 ], [ 76.291216907283925, 9.967373338124322 ] ] ] } },
{ "type": "Feature", "properties": { "cell_id": 680, "lon": 76.29349732996603, "lat": 9.9696191160618 }, "geometry": { "type": "Polygon", "coordinates": [ [ [ 76.295777752648121, 9.967373338124322 ], [ 76.295777752648121, 9.971864893999276 ], [ 76.291216907283925, 9.971864893999276 ], [ 76.291216907283925, 9.967373338124322 ], [ 76.295777752648121, 9.967373338124322 ] ] ] } },
{ "type": "Feature", "properties": { "cell_id": 681, "lon": 76.298058175330226, "lat": 9.9696191160618 }, "geometry": { "type": "Polygon", "coordinates": [ [ [ 76.300338598012317, 9.967373338124322 ], [ 76.300338598012317, 9.971864893999276 ], [ 76.295777752648121, 9.971864893999276 ], [ 76.295777752648121, 9.967373338124322 ], [ 76.300338598012317, 9.967373338124322 ] ] ] } },
{ "type": "Feature", "properties": { "cell_id": 682, "lon": 76.302619020694422, "lat": 9.9696191160618 }, "geometry": { "type": "Polygon", "coordinates": [ [ [ 76.304899443376513, 9.967373338124322 ], [ 76.304899443376513, 9.971864893999276 ], [ 76.300338598012317, 9.971864893999276 ], [ 76.300338598012317, 9.967373338124322 ], [ 76.304899443376513, 9.967373338124322 ] ] ] } },
{ "type": "Feature", "properties": { "cell_id": 683, "lon": 76.307179866058618, "lat": 9.9696191160618 }, "geometry": { "type": "Polygon", "coordinates": [ [ [ 76.309460288740709, 9.967373338124322 ], [ 76.309460288740709, 9.971864893999276 ], [ 76.304899443376513, 9.971864893999276 ], [ 76.304899443376513, 9.967373338124322 ], [ 76.309460288740709, 9.967373338124322 ] ] ] } },
{ "type": "Feature", "properties": { "cell_id": 684, "lon": 76.311740711422814, "lat": 9.9696191160618 }, "geometry": { "type": "Polygon", "coordinates": [ [ [ 76.314021134104905, 9.967373338124322 ], [ 76.314021134104905, 9.971864893999276 ], [ 76.309460288740709, 9.971864893999276 ], [ 76.309460288740709, 9.967373338124322 ], [ 76.314021134104905, 9.967373338124322 ] ] ] } },
{ "type": "Feature", "properties": { "cell_id": 685, "lon": 76.31630155678701, "lat": 9.9696191160618 }, "geometry": { "type": "Polygon", "coordinates": [ [ [ 76.318581979469101, 9.967373338124322 ], [ 76.318581979469101, 9.971864893999276 ], [ 76.314021134104905, 9.971864893999276 ], [ 76.314021134104905, 9.967373338124322 ], [ 76.318581979469101, 9.967373338124322 ] ] ] } },
{ "type": "Feature", "properties": { "cell_id": 686, "lon": 76.320862402151207, "lat": 9.9696191160618 }, "geometry": { "type": "Polygon", "coordinates": [ [ [ 76.323142824833297, 9.967373338124322 ], [ 76.323142824833297, 9.971864893999276 ], [ 76.318581979469101, 9.971864893999276 ], [ 76.318581979469101, 9.967373338124322 ], [ 76.323142824833297, 9.967373338124322 ] ] ] } },
{ "type": "Feature", "properties": { "cell_id": 687, "lon": 76.325423247515403, "lat": 9.9696191160618 }, "geometry": { "type": "Polygon", "coordinates": [ [ [ 76.327703670197494, 9.967373338124322 ], [ 76.327703670197494, 9.971864893999276 ], [ 76.323142824833297, 9.971864893999276 ], [ 76.323142824833297, 9.967373338124322 ], [ 76.327703670197494, 9.967373338124322 ] ] ] } },
{ "type": "Feature", "properties": { "cell_id": 688, "lon": 76.329984092879599, "lat": 9.9696191160618 }, "geometry": { "type": "Polygon", "coordinates": [ [ [ 76.33226451556169, 9.967373338124322 ], [ 76.33226451556169, 9.971864893999276 ], [ 76.327703670197494, 9.971864893999276 ], [ 76.327703670197494, 9.967373338124322 ], [ 76.33226451556169, 9.967373338124322 ] ] ] } },
{ "type": "Feature", "properties": { "cell_id": 689, "lon": 76.334544938243795, "lat": 9.9696191160618 }, "geometry": { "type": "Polygon", "coordinates": [ [ [ 76.336825360925886, 9.967373338124322 ], [ 76.336825360925886, 9.971864893999276 ], [ 76.33226451556169, 9.971864893999276 ], [ 76.33226451556169, 9.967373338124322 ], [ 76.336825360925886, 9.967373338124322 ] ] ] } },
{ "type": "Feature", "properties": { "cell_id": 690, "lon": 76.339105783607991, "lat": 9.9696191160618 }, "geometry": { "type": "Polygon", "coordinates": [ [ [ 76.341386206290082, 9.967373338124322 ], [ 76.341386206290082, 9.971864893999276 ], [ 76.336825360925886, 9.971864893999276 ], [ 76.336825360925886, 9.967373338124322 ], [ 76.341386206290082, 9.967373338124322 ] ] ] } },
{ "type": "Feature", "properties": { "cell_id": 691, "lon": 76.343666628972187, "lat": 9.9696191160618 }, "geometry": { "type": "Polygon", "coordinates": [ [ [ 76.345947051654278, 9.967373338124322 ], [ 76.345947051654278, 9.971864893999276 ], [ 76.341386206290082, 9.971864893999276 ], [ 76.341386206290082, 9.967373338124322 ], [ 76.345947051654278, 9.967373338124322 ] ] ] } },
{ "type": "Feature", "properties": { "cell_id": 692, "lon": 76.348227474336383, "lat": 9.9696191160618 }, "geometry": { "type": "Polygon", "coordinates": [ [ [ 76.350507897018474, 9.967373338124322 ], [ 76.350507897018474, 9.971864893999276 ], [ 76.345947051654278, 9.971864893999276 ], [ 76.345947051654278, 9.967373338124322 ], [ 76.350507897018474, 9.967373338124322 ] ] ] } },
{ "type": "Feature", "properties": { "cell_id": 693, "lon": 76.352788319700579, "lat": 9.9696191160618 }, "geometry": { "type": "Polygon", "coordinates": [ [ [ 76.35506874238267, 9.967373338124322 ], [ 76.35506874238267, 9.971864893999276 ], [ 76.350507897018474, 9.971864893999276 ], [ 76.350507897018474, 9.967373338124322 ], [ 76.35506874238267, 9.967373338124322 ] ] ] } },
{ "type": "Feature", "properties": { "cell_id": 694, "lon": 76.357349165064775, "lat": 9.9696191160618 }, "geometry": { "type": "Polygon", "coordinates": [ [ [ 76.359629587746866, 9.967373338124322 ], [ 76.359629587746866, 9.971864893999276 ], [ 76.35506874238267, 9.971864893999276 ], [ 76.35506874238267, 9.967373338124322 ], [ 76.359629587746866, 9.967373338124322 ] ] ] } },
{ "type": "Feature", "properties": { "cell_id": 695, "lon": 76.361910010428971, "lat": 9.9696191160618 }, "geometry": { "type": "Polygon", "coordinates": [ [ [ 76.364190433111062, 9.967373338124322 ], [ 76.364190433111062, 9.971864893999276 ], [ 76.359629587746866, 9.971864893999276 ], [ 76.359629587746866, 9.967373338124322 ], [ 76.364190433111062, 9.967373338124322 ] ] ] } },
{ "type": "Feature", "properties": { "cell_id": 696, "lon": 76.366470855793168, "lat": 9.9696191160618 }, "geometry": { "type": "Polygon", "coordinates": [ [ [ 76.368751278475258, 9.967373338124322 ], [ 76.368751278475258, 9.971864893999276 ], [ 76.364190433111062, 9.971864893999276 ], [ 76.364190433111062, 9.967373338124322 ], [ 76.368751278475258, 9.967373338124322 ] ] ] } },
{ "type": "Feature", "properties": { "cell_id": 697, "lon": 76.371031701157364, "lat": 9.9696191160618 }, "geometry": { "type": "Polygon", "coordinates": [ [ [ 76.373312123839455, 9.967373338124322 ], [ 76.373312123839455, 9.971864893999276 ], [ 76.368751278475258, 9.971864893999276 ], [ 76.368751278475258, 9.967373338124322 ], [ 76.373312123839455, 9.967373338124322 ] ] ] } },
{ "type": "Feature", "properties": { "cell_id": 698, "lon": 76.37559254652156, "lat": 9.9696191160618 }, "geometry": { "type": "Polygon", "coordinates": [ [ [ 76.377872969203651, 9.967373338124322 ], [ 76.377872969203651, 9.971864893999276 ], [ 76.373312123839455, 9.971864893999276 ], [ 76.373312123839455, 9.967373338124322 ], [ 76.377872969203651, 9.967373338124322 ] ] ] } },
{ "type": "Feature", "properties": { "cell_id": 699, "lon": 76.380153391885756, "lat": 9.9696191160618 }, "geometry": { "type": "Polygon", "coordinates": [ [ [ 76.382433814567847, 9.967373338124322 ], [ 76.382433814567847, 9.971864893999276 ], [ 76.377872969203651, 9.971864893999276 ], [ 76.377872969203651, 9.967373338124322 ], [ 76.382433814567847, 9.967373338124322 ] ] ] } },
{ "type": "Feature", "properties": { "cell_id": 700, "lon": 76.384714237249952, "lat": 9.9696191160618 }, "geometry": { "type": "Polygon", "coordinates": [ [ [ 76.386994659932043, 9.967373338124322 ], [ 76.386994659932043, 9.971864893999276 ], [ 76.382433814567847, 9.971864893999276 ], [ 76.382433814567847, 9.967373338124322 ], [ 76.386994659932043, 9.967373338124322 ] ] ] } },
{ "type": "Feature", "properties": { "cell_id": 701, "lon": 76.389275082614148, "lat": 9.9696191160618 }, "geometry": { "type": "Polygon", "coordinates": [ [ [ 76.391555505296239, 9.967373338124322 ], [ 76.391555505296239, 9.971864893999276 ], [ 76.386994659932043, 9.971864893999276 ], [ 76.386994659932043, 9.967373338124322 ], [ 76.391555505296239, 9.967373338124322 ] ] ] } },
{ "type": "Feature", "properties": { "cell_id": 702, "lon": 76.393835927978344, "lat": 9.9696191160618 }, "geometry": { "type": "Polygon", "coordinates": [ [ [ 76.396116350660435, 9.967373338124322 ], [ 76.396116350660435, 9.971864893999276 ], [ 76.391555505296239, 9.971864893999276 ], [ 76.391555505296239, 9.967373338124322 ], [ 76.396116350660435, 9.967373338124322 ] ] ] } },
{ "type": "Feature", "properties": { "cell_id": 703, "lon": 76.39839677334254, "lat": 9.9696191160618 }, "geometry": { "type": "Polygon", "coordinates": [ [ [ 76.400677196024631, 9.967373338124322 ], [ 76.400677196024631, 9.971864893999276 ], [ 76.396116350660435, 9.971864893999276 ], [ 76.396116350660435, 9.967373338124322 ], [ 76.400677196024631, 9.967373338124322 ] ] ] } },
{ "type": "Feature", "properties": { "cell_id": 704, "lon": 76.202280422682108, "lat": 9.9741106719367547 }, "geometry": { "type": "Polygon", "coordinates": [ [ [ 76.204560845364199, 9.971864893999276 ], [ 76.204560845364199, 9.976356449874231 ], [ 76.2, 9.976356449874231 ], [ 76.2, 9.971864893999276 ], [ 76.204560845364199, 9.971864893999276 ] ] ] } },
{ "type": "Feature", "properties": { "cell_id": 705, "lon": 76.206841268046304, "lat": 9.9741106719367547 }, "geometry": { "type": "Polygon", "coordinates": [ [ [ 76.209121690728395, 9.971864893999276 ], [ 76.209121690728395, 9.976356449874231 ], [ 76.204560845364199, 9.976356449874231 ], [ 76.204560845364199, 9.971864893999276 ], [ 76.209121690728395, 9.971864893999276 ] ] ] } },
{ "type": "Feature", "properties": { "cell_id": 706, "lon": 76.2114021134105, "lat": 9.9741106719367547 }, "geometry": { "type": "Polygon", "coordinates": [ [ [ 76.213682536092591, 9.971864893999276 ], [ 76.213682536092591, 9.976356449874231 ], [ 76.209121690728395, 9.976356449874231 ], [ 76.209121690728395, 9.971864893999276 ], [ 76.213682536092591, 9.971864893999276 ] ] ] } },
{ "type": "Feature", "properties": { "cell_id": 707, "lon": 76.215962958774696, "lat": 9.9741106719367547 }, "geometry": { "type": "Polygon", "coordinates": [ [ [ 76.218243381456787, 9.971864893999276 ], [ 76.218243381456787, 9.976356449874231 ], [ 76.213682536092591, 9.976356449874231 ], [ 76.213682536092591, 9.971864893999276 ], [ 76.218243381456787, 9.971864893999276 ] ] ] } },
{ "type": "Feature", "properties": { "cell_id": 708, "lon": 76.220523804138892, "lat": 9.9741106719367547 }, "geometry": { "type": "Polygon", "coordinates": [ [ [ 76.222804226820983, 9.971864893999276 ], [ 76.222804226820983, 9.976356449874231 ], [ 76.218243381456787, 9.976356449874231 ], [ 76.218243381456787, 9.971864893999276 ], [ 76.222804226820983, 9.971864893999276 ] ] ] } },
{ "type": "Feature", "properties": { "cell_id": 709, "lon": 76.225084649503088, "lat": 9.9741106719367547 }, "geometry": { "type": "Polygon", "coordinates": [ [ [ 76.227365072185179, 9.971864893999276 ], [ 76.227365072185179, 9.976356449874231 ], [ 76.222804226820983, 9.976356449874231 ], [ 76.222804226820983, 9.971864893999276 ], [ 76.227365072185179, 9.971864893999276 ] ] ] } },
{ "type": "Feature", "properties": { "cell_id": 710, "lon": 76.229645494867285, "lat": 9.9741106719367547 }, "geometry": { "type": "Polygon", "coordinates": [ [ [ 76.231925917549376, 9.971864893999276 ], [ 76.231925917549376, 9.976356449874231 ], [ 76.227365072185179, 9.976356449874231 ], [ 76.227365072185179, 9.971864893999276 ], [ 76.231925917549376, 9.971864893999276 ] ] ] } },
{ "type": "Feature", "properties": { "cell_id": 711, "lon": 76.234206340231481, "lat": 9.9741106719367547 }, "geometry": { "type": "Polygon", "coordinates": [ [ [ 76.236486762913572, 9.971864893999276 ], [ 76.236486762913572, 9.976356449874231 ], [ 76.231925917549376, 9.976356449874231 ], [ 76.231925917549376, 9.971864893999276 ], [ 76.236486762913572, 9.971864893999276 ] ] ] } },
{ "type": "Feature", "properties": { "cell_id": 712, "lon": 76.238767185595677, "lat": 9.9741106719367547 }, "geometry": { "type": "Polygon", "coordinates": [ [ [ 76.241047608277768, 9.971864893999276 ], [ 76.241047608277768, 9.976356449874231 ], [ 76.236486762913572, 9.976356449874231 ], [ 76.236486762913572, 9.971864893999276 ], [ 76.241047608277768, 9.971864893999276 ] ] ] } },
{ "type": "Feature", "properties": { "cell_id": 713, "lon": 76.243328030959873, "lat": 9.9741106719367547 }, "geometry": { "type": "Polygon", "coordinates": [ [ [ 76.245608453641964, 9.971864893999276 ], [ 76.245608453641964, 9.976356449874231 ], [ 76.241047608277768, 9.976356449874231 ], [ 76.241047608277768, 9.971864893999276 ], [ 76.245608453641964, 9.971864893999276 ] ] ] } },
{ "type": "Feature", "properties": { "cell_id": 714, "lon": 76.247888876324069, "lat": 9.9741106719367547 }, "geometry": { "type": "Polygon", "coordinates": [ [ [ 76.25016929900616, 9.971864893999276 ], [ 76.25016929900616, 9.976356449874231 ], [ 76.245608453641964, 9.976356449874231 ], [ 76.245608453641964, 9.971864893999276 ], [ 76.25016929900616, 9.971864893999276 ] ] ] } },
{ "type": "Feature", "properties": { "cell_id": 715, "lon": 76.252449721688265, "lat": 9.9741106719367547 }, "geometry": { "type": "Polygon", "coordinates": [ [ [ 76.254730144370356, 9.971864893999276 ], [ 76.254730144370356, 9.976356449874231 ], [ 76.25016929900616, 9.976356449874231 ], [ 76.25016929900616, 9.971864893999276 ], [ 76.254730144370356, 9.971864893999276 ] ] ] } },
{ "type": "Feature", "properties": { "cell_id": 716, "lon": 76.257010567052461, "lat": 9.9741106719367547 }, "geometry": { "type": "Polygon", "coordinates": [ [ [ 76.259290989734552, 9.971864893999276 ], [ 76.259290989734552, 9.976356449874231 ], [ 76.254730144370356, 9.976356449874231 ], [ 76.254730144370356, 9.971864893999276 ], [ 76.259290989734552, 9.971864893999276 ] ] ] } },
{ "type": "Feature", "properties": { "cell_id": 717, "lon": 76.261571412416657, "lat": 9.9741106719367547 }, "geometry": { "type": "Polygon", "coordinates": [ [ [ 76.263851835098748, 9.971864893999276 ], [ 76.263851835098748, 9.976356449874231 ], [ 76.259290989734552, 9.976356449874231 ], [ 76.259290989734552, 9.971864893999276 ], [ 76.263851835098748, 9.971864893999276 ] ] ] } },
{ "type": "Feature", "properties": { "cell_id": 718, "lon": 76.266132257780853, "lat": 9.9741106719367547 }, "geometry": { "type": "Polygon", "coordinates": [ [ [ 76.268412680462944, 9.971864893999276 ], [ 76.268412680462944, 9.976356449874231 ], [ 76.263851835098748, 9.976356449874231 ], [ 76.263851835098748, 9.971864893999276 ], [ 76.268412680462944, 9.971864893999276 ] ] ] } },
{ "type": "Feature", "properties": { "cell_id": 719, "lon": 76.270693103145049, "lat": 9.9741106719367547 }, "geometry": { "type": "Polygon", "coordinates": [ [ [ 76.27297352582714, 9.971864893999276 ], [ 76.27297352582714, 9.976356449874231 ], [ 76.268412680462944, 9.976356449874231 ], [ 76.268412680462944, 9.971864893999276 ], [ 76.27297352582714, 9.971864893999276 ] ] ] } },
{ "type": "Feature", "properties": { "cell_id": 720, "lon": 76.275253948509246, "lat": 9.9741106719367547 }, "geometry": { "type": "Polygon", "coordinates": [ [ [ 76.277534371191337, 9.971864893999276 ], [ 76.277534371191337, 9.976356449874231 ], [ 76.27297352582714, 9.976356449874231 ], [ 76.27297352582714, 9.971864893999276 ], [ 76.277534371191337, 9.971864893999276 ] ] ] } },
{ "type": "Feature", "properties": { "cell_id": 721, "lon": 76.279814793873442, "lat": 9.9741106719367547 }, "geometry": { "type": "Polygon", "coordinates": [ [ [ 76.282095216555533, 9.971864893999276 ], [ 76.282095216555533, 9.976356449874231 ], [ 76.277534371191337, 9.976356449874231 ], [ 76.277534371191337, 9.971864893999276 ], [ 76.282095216555533, 9.971864893999276 ] ] ] } },
{ "type": "Feature", "properties": { "cell_id": 722, "lon": 76.284375639237638, "lat": 9.9741106719367547 }, "geometry": { "type": "Polygon", "coordinates": [ [ [ 76.286656061919729, 9.971864893999276 ], [ 76.286656061919729, 9.976356449874231 ], [ 76.282095216555533, 9.976356449874231 ], [ 76.282095216555533, 9.971864893999276 ], [ 76.286656061919729, 9.971864893999276 ] ] ] } },
{ "type": "Feature", "properties": { "cell_id": 723, "lon": 76.288936484601834, "lat": 9.9741106719367547 }, "geometry": { "type": "Polygon", "coordinates": [ [ [ 76.291216907283925, 9.971864893999276 ], [ 76.291216907283925, 9.976356449874231 ], [ 76.286656061919729, 9.976356449874231 ], [ 76.286656061919729, 9.971864893999276 ], [ 76.291216907283925, 9.971864893999276 ] ] ] } },
{ "type": "Feature", "properties": { "cell_id": 724, "lon": 76.29349732996603, "lat": 9.9741106719367547 }, "geometry": { "type": "Polygon", "coordinates": [ [ [ 76.295777752648121, 9.971864893999276 ], [ 76.295777752648121, 9.976356449874231 ], [ 76.291216907283925, 9.976356449874231 ], [ 76.291216907283925, 9.971864893999276 ], [ 76.295777752648121, 9.971864893999276 ] ] ] } },
{ "type": "Feature", "properties": { "cell_id": 725, "lon": 76.298058175330226, "lat": 9.9741106719367547 }, "geometry": { "type": "Polygon", "coordinates": [ [ [ 76.300338598012317, 9.971864893999276 ], [ 76.300338598012317, 9.976356449874231 ], [ 76.295777752648121, 9.976356449874231 ], [ 76.295777752648121, 9.971864893999276 ], [ 76.300338598012317, 9.971864893999276 ] ] ] } },
{ "type": "Feature", "properties": { "cell_id": 726, "lon": 76.302619020694422, "lat": 9.9741106719367547 }, "geometry": { "type": "Polygon", "coordinates": [ [ [ 76.304899443376513, 9.971864893999276 ], [ 76.304899443376513, 9.976356449874231 ], [ 76.300338598012317, 9.976356449874231 ], [ 76.300338598012317, 9.971864893999276 ], [ 76.304899443376513, 9.971864893999276 ] ] ] } },
{ "type": "Feature", "properties": { "cell_id": 727, "lon": 76.307179866058618, "lat": 9.9741106719367547 }, "geometry": { "type": "Polygon", "coordinates": [ [ [ 76.309460288740709, 9.971864893999276 ], [ 76.309460288740709, 9.976356449874231 ], [ 76.304899443376513, 9.976356449874231 ], [ 76.304899443376513, 9.971864893999276 ], [ 76.309460288740709, 9.971864893999276 ] ] ] } },
{ "type": "Feature", "properties": { "cell_id": 728, "lon": 76.311740711422814, "lat": 9.9741106719367547 }, "geometry": { "type": "Polygon", "coordinates": [ [ [ 76.314021134104905, 9.971864893999276 ], [ 76.314021134104905, 9.976356449874231 ], [ 76.309460288740709, 9.976356449874231 ], [ 76.309460288740709, 9.971864893999276 ], [ 76.314021134104905, 9.971864893999276 ] ] ] } },
{ "type": "Feature", "properties": { "cell_id": 729, "lon": 76.31630155678701, "lat": 9.9741106719367547 }, "geometry": { "type": "Polygon", "coordinates": [ [ [ 76.318581979469101, 9.971864893999276 ], [ 76.318581979469101, 9.976356449874231 ], [ 76.314021134104905, 9.976356449874231 ], [ 76.314021134104905, 9.971864893999276 ], [ 76.318581979469101, 9.971864893999276 ] ] ] } },
{ "type": "Feature", "properties": { "cell_id": 730, "lon": 76.320862402151207, "lat": 9.9741106719367547 }, "geometry": { "type": "Polygon", "coordinates": [ [ [ 76.323142824833297, 9.971864893999276 ], [ 76.323142824833297, 9.976356449874231 ], [ 76.318581979469101, 9.976356449874231 ], [ 76.318581979469101, 9.971864893999276 ], [ 76.323142824833297, 9.971864893999276 ] ] ] } },
{ "type": "Feature", "properties": { "cell_id": 731, "lon": 76.325423247515403, "lat": 9.9741106719367547 }, "geometry": { "type": "Polygon", "coordinates": [ [ [ 76.327703670197494, 9.971864893999276 ], [ 76.327703670197494, 9.976356449874231 ], [ 76.323142824833297, 9.976356449874231 ], [ 76.323142824833297, 9.971864893999276 ], [ 76.327703670197494, 9.971864893999276 ] ] ] } },
{ "type": "Feature", "properties": { "cell_id": 732, "lon": 76.329984092879599, "lat": 9.9741106719367547 }, "geometry": { "type": "Polygon", "coordinates": [ [ [ 76.33226451556169, 9.971864893999276 ], [ 76.33226451556169, 9.976356449874231 ], [ 76.327703670197494, 9.976356449874231 ], [ 76.327703670197494, 9.971864893999276 ], [ 76.33226451556169, 9.971864893999276 ] ] ] } },
{ "type": "Feature", "properties": { "cell_id": 733, "lon": 76.334544938243795, "lat": 9.9741106719367547 }, "geometry": { "type": "Polygon", "coordinates": [ [ [ 76.336825360925886, 9.971864893999276 ], [ 76.336825360925886, 9.976356449874231 ], [ 76.33226451556169, 9.976356449874231 ], [ 76.33226451556169, 9.971864893999276 ], [ 76.336825360925886, 9.971864893999276 ] ] ] } },
{ "type": "Feature", "properties": { "cell_id": 734, "lon": 76.339105783607991, "lat": 9.9741106719367547 }, "geometry": { "type": "Polygon", "coordinates": [ [ [ 76.341386206290082, 9.971864893999276 ], [ 76.341386206290082, 9.976356449874231 ], [ 76.336825360925886, 9.976356449874231 ], [ 76.336825360925886, 9.971864893999276 ], [ 76.341386206290082, 9.971864893999276 ] ] ] } },
{ "type": "Feature", "properties": { "cell_id": 735, "lon": 76.343666628972187, "lat": 9.9741106719367547 }, "geometry": { "type": "Polygon", "coordinates": [ [ [ 76.345947051654278, 9.971864893999276 ], [ 76.345947051654278, 9.976356449874231 ], [ 76.341386206290082, 9.976356449874231 ], [ 76.341386206290082, 9.971864893999276 ], [ 76.345947051654278, 9.971864893999276 ] ] ] } },
{ "type": "Feature", "properties": { "cell_id": 736, "lon": 76.348227474336383, "lat": 9.9741106719367547 }, "geometry": { "type": "Polygon", "coordinates": [ [ [ 76.350507897018474, 9.971864893999276 ], [ 76.350507897018474, 9.976356449874231 ], [ 76.345947051654278, 9.976356449874231 ], [ 76.345947051654278, 9.971864893999276 ], [ 76.350507897018474, 9.971864893999276 ] ] ] } },
{ "type": "Feature", "properties": { "cell_id": 737, "lon": 76.352788319700579, "lat": 9.9741106719367547 }, "geometry": { "type": "Polygon", "coordinates": [ [ [ 76.35506874238267, 9.971864893999276 ], [ 76.35506874238267, 9.976356449874231 ], [ 76.350507897018474, 9.976356449874231 ], [ 76.350507897018474, 9.971864893999276 ], [ 76.35506874238267, 9.971864893999276 ] ] ] } },
{ "type": "Feature", "properties": { "cell_id": 738, "lon": 76.357349165064775, "lat": 9.9741106719367547 }, "geometry": { "type": "Polygon", "coordinates": [ [ [ 76.359629587746866, 9.971864893999276 ], [ 76.359629587746866, 9.976356449874231 ], [ 76.35506874238267, 9.976356449874231 ], [ 76.35506874238267, 9.971864893999276 ], [ 76.359629587746866, 9.971864893999276 ] ] ] } },
{ "type": "Feature", "properties": { "cell_id": 739, "lon": 76.361910010428971, "lat": 9.9741106719367547 }, "geometry": { "type": "Polygon", "coordinates": [ [ [ 76.364190433111062, 9.971864893999276 ], [ 76.364190433111062, 9.976356449874231 ], [ 76.359629587746866, 9.976356449874231 ], [ 76.359629587746866, 9.971864893999276 ], [ 76.364190433111062, 9.971864893999276 ] ] ] } },
{ "type": "Feature", "properties": { "cell_id": 740, "lon": 76.366470855793168, "lat": 9.9741106719367547 }, "geometry": { "type": "Polygon", "coordinates": [ [ [ 76.368751278475258, 9.971864893999276 ], [ 76.368751278475258, 9.976356449874231 ], [ 76.364190433111062, 9.976356449874231 ], [ 76.364190433111062, 9.971864893999276 ], [ 76.368751278475258, 9.971864893999276 ] ] ] } },
{ "type": "Feature", "properties": { "cell_id": 741, "lon": 76.371031701157364, "lat": 9.9741106719367547 }, "geometry": { "type": "Polygon", "coordinates": [ [ [ 76.373312123839455, 9.971864893999276 ], [ 76.373312123839455, 9.976356449874231 ], [ 76.368751278475258, 9.976356449874231 ], [ 76.368751278475258, 9.971864893999276 ], [ 76.373312123839455, 9.971864893999276 ] ] ] } },
{ "type": "Feature", "properties": { "cell_id": 742, "lon": 76.37559254652156, "lat": 9.9741106719367547 }, "geometry": { "type": "Polygon", "coordinates": [ [ [ 76.377872969203651, 9.971864893999276 ], [ 76.377872969203651, 9.976356449874231 ], [ 76.373312123839455, 9.976356449874231 ], [ 76.373312123839455, 9.971864893999276 ], [ 76.377872969203651, 9.971864893999276 ] ] ] } },
{ "type": "Feature", "properties": { "cell_id": 743, "lon": 76.380153391885756, "lat": 9.9741106719367547 }, "geometry": { "type": "Polygon", "coordinates": [ [ [ 76.382433814567847, 9.971864893999276 ], [ 76.382433814567847, 9.976356449874231 ], [ 76.377872969203651, 9.976356449874231 ], [ 76.377872969203651, 9.971864893999276 ], [ 76.382433814567847, 9.971864893999276 ] ] ] } },
{ "type": "Feature", "properties": { "cell_id": 744, "lon": 76.384714237249952, "lat": 9.9741106719367547 }, "geometry": { "type": "Polygon", "coordinates": [ [ [ 76.386994659932043, 9.971864893999276 ], [ 76.386994659932043, 9.976356449874231 ], [ 76.382433814567847, 9.976356449874231 ], [ 76.382433814567847, 9.971864893999276 ], [ 76.386994659932043, 9.971864893999276 ] ] ] } },
{ "type": "Feature", "properties": { "cell_id": 745, "lon": 76.389275082614148, "lat": 9.9741106719367547 }, "geometry": { "type": "Polygon", "coordinates": [ [ [ 76.391555505296239, 9.971864893999276 ], [ 76.391555505296239, 9.976356449874231 ], [ 76.386994659932043, 9.976356449874231 ], [ 76.386994659932043, 9.971864893999276 ], [ 76.391555505296239, 9.971864893999276 ] ] ] } },
{ "type": "Feature", "properties": { "cell_id": 746, "lon": 76.393835927978344, "lat": 9.9741106719367547 }, "geometry": { "type": "Polygon", "coordinates": [ [ [ 76.396116350660435, 9.971864893999276 ], [ 76.396116350660435, 9.976356449874231 ], [ 76.391555505296239, 9.976356449874231 ], [ 76.391555505296239, 9.971864893999276 ], [ 76.396116350660435, 9.971864893999276 ] ] ] } },
{ "type": "Feature", "properties": { "cell_id": 747, "lon": 76.39839677334254, "lat": 9.9741106719367547 }, "geometry": { "type": "Polygon", "coordinates": [ [ [ 76.400677196024631, 9.971864893999276 ], [ 76.400677196024631, 9.976356449874231 ], [ 76.396116350660435, 9.976356449874231 ], [ 76.396116350660435, 9.971864893999276 ], [ 76.400677196024631, 9.971864893999276 ] ] ] } },
{ "type": "Feature", "properties": { "cell_id": 748, "lon": 76.202280422682108, "lat": 9.9786022278117095 }, "geometry": { "type": "Polygon", "coordinates": [ [ [ 76.204560845364199, 9.976356449874231 ], [ 76.204560845364199, 9.980848005749186 ], [ 76.2, 9.980848005749186 ], [ 76.2, 9.976356449874231 ], [ 76.204560845364199, 9.976356449874231 ] ] ] } },
{ "type": "Feature", "properties": { "cell_id": 749, "lon": 76.206841268046304, "lat": 9.9786022278117095 }, "geometry": { "type": "Polygon", "coordinates": [ [ [ 76.209121690728395, 9.976356449874231 ], [ 76.209121690728395, 9.980848005749186 ], [ 76.204560845364199, 9.980848005749186 ], [ 76.204560845364199, 9.976356449874231 ], [ 76.209121690728395, 9.976356449874231 ] ] ] } },
{ "type": "Feature", "properties": { "cell_id": 750, "lon": 76.2114021134105, "lat": 9.9786022278117095 }, "geometry": { "type": "Polygon", "coordinates": [ [ [ 76.213682536092591, 9.976356449874231 ], [ 76.213682536092591, 9.980848005749186 ], [ 76.209121690728395, 9.980848005749186 ], [ 76.209121690728395, 9.976356449874231 ], [ 76.213682536092591, 9.976356449874231 ] ] ] } },
{ "type": "Feature", "properties": { "cell_id": 751, "lon": 76.215962958774696, "lat": 9.9786022278117095 }, "geometry": { "type": "Polygon", "coordinates": [ [ [ 76.218243381456787, 9.976356449874231 ], [ 76.218243381456787, 9.980848005749186 ], [ 76.213682536092591, 9.980848005749186 ], [ 76.213682536092591, 9.976356449874231 ], [ 76.218243381456787, 9.976356449874231 ] ] ] } },
{ "type": "Feature", "properties": { "cell_id": 752, "lon": 76.220523804138892, "lat": 9.9786022278117095 }, "geometry": { "type": "Polygon", "coordinates": [ [ [ 76.222804226820983, 9.976356449874231 ], [ 76.222804226820983, 9.980848005749186 ], [ 76.218243381456787, 9.980848005749186 ], [ 76.218243381456787, 9.976356449874231 ], [ 76.222804226820983, 9.976356449874231 ] ] ] } },
{ "type": "Feature", "properties": { "cell_id": 753, "lon": 76.225084649503088, "lat": 9.9786022278117095 }, "geometry": { "type": "Polygon", "coordinates": [ [ [ 76.227365072185179, 9.976356449874231 ], [ 76.227365072185179, 9.980848005749186 ], [ 76.222804226820983, 9.980848005749186 ], [ 76.222804226820983, 9.976356449874231 ], [ 76.227365072185179, 9.976356449874231 ] ] ] } },
{ "type": "Feature", "properties": { "cell_id": 754, "lon": 76.229645494867285, "lat": 9.9786022278117095 }, "geometry": { "type": "Polygon", "coordinates": [ [ [ 76.231925917549376, 9.976356449874231 ], [ 76.231925917549376, 9.980848005749186 ], [ 76.227365072185179, 9.980848005749186 ], [ 76.227365072185179, 9.976356449874231 ], [ 76.231925917549376, 9.976356449874231 ] ] ] } },
{ "type": "Feature", "properties": { "cell_id": 755, "lon": 76.234206340231481, "lat": 9.9786022278117095 }, "geometry": { "type": "Polygon", "coordinates": [ [ [ 76.236486762913572, 9.976356449874231 ], [ 76.236486762913572, 9.980848005749186 ], [ 76.231925917549376, 9.980848005749186 ], [ 76.231925917549376, 9.976356449874231 ], [ 76.236486762913572, 9.976356449874231 ] ] ] } },
{ "type": "Feature", "properties": { "cell_id": 756, "lon": 76.238767185595677, "lat": 9.9786022278117095 }, "geometry": { "type": "Polygon", "coordinates": [ [ [ 76.241047608277768, 9.976356449874231 ], [ 76.241047608277768, 9.980848005749186 ], [ 76.236486762913572, 9.980848005749186 ], [ 76.236486762913572, 9.976356449874231 ], [ 76.241047608277768, 9.976356449874231 ] ] ] } },
{ "type": "Feature", "properties": { "cell_id": 757, "lon": 76.243328030959873, "lat": 9.9786022278117095 }, "geometry": { "type": "Polygon", "coordinates": [ [ [ 76.245608453641964, 9.976356449874231 ], [ 76.245608453641964, 9.980848005749186 ], [ 76.241047608277768, 9.980848005749186 ], [ 76.241047608277768, 9.976356449874231 ], [ 76.245608453641964, 9.976356449874231 ] ] ] } },
{ "type": "Feature", "properties": { "cell_id": 758, "lon": 76.247888876324069, "lat": 9.9786022278117095 }, "geometry": { "type": "Polygon", "coordinates": [ [ [ 76.25016929900616, 9.976356449874231 ], [ 76.25016929900616, 9.980848005749186 ], [ 76.245608453641964, 9.980848005749186 ], [ 76.245608453641964, 9.976356449874231 ], [ 76.25016929900616, 9.976356449874231 ] ] ] } },
{ "type": "Feature", "properties": { "cell_id": 759, "lon": 76.252449721688265, "lat": 9.9786022278117095 }, "geometry": { "type": "Polygon", "coordinates": [ [ [ 76.254730144370356, 9.976356449874231 ], [ 76.254730144370356, 9.980848005749186 ], [ 76.25016929900616, 9.980848005749186 ], [ 76.25016929900616, 9.976356449874231 ], [ 76.254730144370356, 9.976356449874231 ] ] ] } },
{ "type": "Feature", "properties": { "cell_id": 760, "lon": 76.257010567052461, "lat": 9.9786022278117095 }, "geometry": { "type": "Polygon", "coordinates": [ [ [ 76.259290989734552, 9.976356449874231 ], [ 76.259290989734552, 9.980848005749186 ], [ 76.254730144370356, 9.980848005749186 ], [ 76.254730144370356, 9.976356449874231 ], [ 76.259290989734552, 9.976356449874231 ] ] ] } },
{ "type": "Feature", "properties": { "cell_id": 761, "lon": 76.261571412416657, "lat": 9.9786022278117095 }, "geometry": { "type": "Polygon", "coordinates": [ [ [ 76.263851835098748, 9.976356449874231 ], [ 76.263851835098748, 9.980848005749186 ], [ 76.259290989734552, 9.980848005749186 ], [ 76.259290989734552, 9.976356449874231 ], [ 76.263851835098748, 9.976356449874231 ] ] ] } },
{ "type": "Feature", "properties": { "cell_id": 762, "lon": 76.266132257780853, "lat": 9.9786022278117095 }, "geometry": { "type": "Polygon", "coordinates": [ [ [ 76.268412680462944, 9.976356449874231 ], [ 76.268412680462944, 9.980848005749186 ], [ 76.263851835098748, 9.980848005749186 ], [ 76.263851835098748, 9.976356449874231 ], [ 76.268412680462944, 9.976356449874231 ] ] ] } },
{ "type": "Feature", "properties": { "cell_id": 763, "lon": 76.270693103145049, "lat": 9.9786022278117095 }, "geometry": { "type": "Polygon", "coordinates": [ [ [ 76.27297352582714, 9.976356449874231 ], [ 76.27297352582714, 9.980848005749186 ], [ 76.268412680462944, 9.980848005749186 ], [ 76.268412680462944, 9.976356449874231 ], [ 76.27297352582714, 9.976356449874231 ] ] ] } },
{ "type": "Feature", "properties": { "cell_id": 764, "lon": 76.275253948509246, "lat": 9.9786022278117095 }, "geometry": { "type": "Polygon", "coordinates": [ [ [ 76.277534371191337, 9.976356449874231 ], [ 76.277534371191337, 9.980848005749186 ], [ 76.27297352582714, 9.980848005749186 ], [ 76.27297352582714, 9.976356449874231 ], [ 76.277534371191337, 9.976356449874231 ] ] ] } },
{ "type": "Feature", "properties": { "cell_id": 765, "lon": 76.279814793873442, "lat": 9.9786022278117095 }, "geometry": { "type": "Polygon", "coordinates": [ [ [ 76.282095216555533, 9.976356449874231 ], [ 76.282095216555533, 9.980848005749186 ], [ 76.277534371191337, 9.980848005749186 ], [ 76.277534371191337, 9.976356449874231 ], [ 76.282095216555533, 9.976356449874231 ] ] ] } },
{ "type": "Feature", "properties": { "cell_id": 766, "lon": 76.284375639237638, "lat": 9.9786022278117095 }, "geometry": { "type": "Polygon", "coordinates": [ [ [ 76.286656061919729, 9.976356449874231 ], [ 76.286656061919729, 9.980848005749186 ], [ 76.282095216555533, 9.980848005749186 ], [ 76.282095216555533, 9.976356449874231 ], [ 76.286656061919729, 9.976356449874231 ] ] ] } },
{ "type": "Feature", "properties": { "cell_id": 767, "lon": 76.288936484601834, "lat": 9.9786022278117095 }, "geometry": { "type": "Polygon", "coordinates": [ [ [ 76.291216907283925, 9.976356449874231 ], [ 76.291216907283925, 9.980848005749186 ], [ 76.286656061919729, 9.980848005749186 ], [ 76.286656061919729, 9.976356449874231 ], [ 76.291216907283925, 9.976356449874231 ] ] ] } },
{ "type": "Feature", "properties": { "cell_id": 768, "lon": 76.29349732996603, "lat": 9.9786022278117095 }, "geometry": { "type": "Polygon", "coordinates": [ [ [ 76.295777752648121, 9.976356449874231 ], [ 76.295777752648121, 9.980848005749186 ], [ 76.291216907283925, 9.980848005749186 ], [ 76.291216907283925, 9.976356449874231 ], [ 76.295777752648121, 9.976356449874231 ] ] ] } },
{ "type": "Feature", "properties": { "cell_id": 769, "lon": 76.298058175330226, "lat": 9.9786022278117095 }, "geometry": { "type": "Polygon", "coordinates": [ [ [ 76.300338598012317, 9.976356449874231 ], [ 76.300338598012317, 9.980848005749186 ], [ 76.295777752648121, 9.980848005749186 ], [ 76.295777752648121, 9.976356449874231 ], [ 76.300338598012317, 9.976356449874231 ] ] ] } },
{ "type": "Feature", "properties": { "cell_id": 770, "lon": 76.302619020694422, "lat": 9.9786022278117095 }, "geometry": { "type": "Polygon", "coordinates": [ [ [ 76.304899443376513, 9.976356449874231 ], [ 76.304899443376513, 9.980848005749186 ], [ 76.300338598012317, 9.980848005749186 ], [ 76.300338598012317, 9.976356449874231 ], [ 76.304899443376513, 9.976356449874231 ] ] ] } },
{ "type": "Feature", "properties": { "cell_id": 771, "lon": 76.307179866058618, "lat": 9.9786022278117095 }, "geometry": { "type": "Polygon", "coordinates": [ [ [ 76.309460288740709, 9.976356449874231 ], [ 76.309460288740709, 9.980848005749186 ], [ 76.304899443376513, 9.980848005749186 ], [ 76.304899443376513, 9.976356449874231 ], [ 76.309460288740709, 9.976356449874231 ] ] ] } },
{ "type": "Feature", "properties": { "cell_id": 772, "lon": 76.311740711422814, "lat": 9.9786022278117095 }, "geometry": { "type": "Polygon", "coordinates": [ [ [ 76.314021134104905, 9.976356449874231 ], [ 76.314021134104905, 9.980848005749186 ], [ 76.309460288740709, 9.980848005749186 ], [ 76.309460288740709, 9.976356449874231 ], [ 76.314021134104905, 9.976356449874231 ] ] ] } },
{ "type": "Feature", "properties": { "cell_id": 773, "lon": 76.31630155678701, "lat": 9.9786022278117095 }, "geometry": { "type": "Polygon", "coordinates": [ [ [ 76.318581979469101, 9.976356449874231 ], [ 76.318581979469101, 9.980848005749186 ], [ 76.314021134104905, 9.980848005749186 ], [ 76.314021134104905, 9.976356449874231 ], [ 76.318581979469101, 9.976356449874231 ] ] ] } },
{ "type": "Feature", "properties": { "cell_id": 774, "lon": 76.320862402151207, "lat": 9.9786022278117095 }, "geometry": { "type": "Polygon", "coordinates": [ [ [ 76.323142824833297, 9.976356449874231 ], [ 76.323142824833297, 9.980848005749186 ], [ 76.318581979469101, 9.980848005749186 ], [ 76.318581979469101, 9.976356449874231 ], [ 76.323142824833297, 9.976356449874231 ] ] ] } },
{ "type": "Feature", "properties": { "cell_id": 775, "lon": 76.325423247515403, "lat": 9.9786022278117095 }, "geometry": { "type": "Polygon", "coordinates": [ [ [ 76.327703670197494, 9.976356449874231 ], [ 76.327703670197494, 9.980848005749186 ], [ 76.323142824833297, 9.980848005749186 ], [ 76.323142824833297, 9.976356449874231 ], [ 76.327703670197494, 9.976356449874231 ] ] ] } },
{ "type": "Feature", "properties": { "cell_id": 776, "lon": 76.329984092879599, "lat": 9.9786022278117095 }, "geometry": { "type": "Polygon", "coordinates": [ [ [ 76.33226451556169, 9.976356449874231 ], [ 76.33226451556169, 9.980848005749186 ], [ 76.327703670197494, 9.980848005749186 ], [ 76.327703670197494, 9.976356449874231 ], [ 76.33226451556169, 9.976356449874231 ] ] ] } },
{ "type": "Feature", "properties": { "cell_id": 777, "lon": 76.334544938243795, "lat": 9.9786022278117095 }, "geometry": { "type": "Polygon", "coordinates": [ [ [ 76.336825360925886, 9.976356449874231 ], [ 76.336825360925886, 9.980848005749186 ], [ 76.33226451556169, 9.980848005749186 ], [ 76.33226451556169, 9.976356449874231 ], [ 76.336825360925886, 9.976356449874231 ] ] ] } },
{ "type": "Feature", "properties": { "cell_id": 778, "lon": 76.339105783607991, "lat": 9.9786022278117095 }, "geometry": { "type": "Polygon", "coordinates": [ [ [ 76.341386206290082, 9.976356449874231 ], [ 76.341386206290082, 9.980848005749186 ], [ 76.336825360925886, 9.980848005749186 ], [ 76.336825360925886, 9.976356449874231 ], [ 76.341386206290082, 9.976356449874231 ] ] ] } },
{ "type": "Feature", "properties": { "cell_id": 779, "lon": 76.343666628972187, "lat": 9.9786022278117095 }, "geometry": { "type": "Polygon", "coordinates": [ [ [ 76.345947051654278, 9.976356449874231 ], [ 76.345947051654278, 9.980848005749186 ], [ 76.341386206290082, 9.980848005749186 ], [ 76.341386206290082, 9.976356449874231 ], [ 76.345947051654278, 9.976356449874231 ] ] ] } },
{ "type": "Feature", "properties": { "cell_id": 780, "lon": 76.348227474336383, "lat": 9.9786022278117095 }, "geometry": { "type": "Polygon", "coordinates": [ [ [ 76.350507897018474, 9.976356449874231 ], [ 76.350507897018474, 9.980848005749186 ], [ 76.345947051654278, 9.980848005749186 ], [ 76.345947051654278, 9.976356449874231 ], [ 76.350507897018474, 9.976356449874231 ] ] ] } },
{ "type": "Feature", "properties": { "cell_id": 781, "lon": 76.352788319700579, "lat": 9.9786022278117095 }, "geometry": { "type": "Polygon", "coordinates": [ [ [ 76.35506874238267, 9.976356449874231 ], [ 76.35506874238267, 9.980848005749186 ], [ 76.350507897018474, 9.980848005749186 ], [ 76.350507897018474, 9.976356449874231 ], [ 76.35506874238267, 9.976356449874231 ] ] ] } },
{ "type": "Feature", "properties": { "cell_id": 782, "lon": 76.357349165064775, "lat": 9.9786022278117095 }, "geometry": { "type": "Polygon", "coordinates": [ [ [ 76.359629587746866, 9.976356449874231 ], [ 76.359629587746866, 9.980848005749186 ], [ 76.35506874238267, 9.980848005749186 ], [ 76.35506874238267, 9.976356449874231 ], [ 76.359629587746866, 9.976356449874231 ] ] ] } },
{ "type": "Feature", "properties": { "cell_id": 783, "lon": 76.361910010428971, "lat": 9.9786022278117095 }, "geometry": { "type": "Polygon", "coordinates": [ [ [ 76.364190433111062, 9.976356449874231 ], [ 76.364190433111062, 9.980848005749186 ], [ 76.359629587746866, 9.980848005749186 ], [ 76.359629587746866, 9.976356449874231 ], [ 76.364190433111062, 9.976356449874231 ] ] ] } },
{ "type": "Feature", "properties": { "cell_id": 784, "lon": 76.366470855793168, "lat": 9.9786022278117095 }, "geometry": { "type": "Polygon", "coordinates": [ [ [ 76.368751278475258, 9.976356449874231 ], [ 76.368751278475258, 9.980848005749186 ], [ 76.364190433111062, 9.980848005749186 ], [ 76.364190433111062, 9.976356449874231 ], [ 76.368751278475258, 9.976356449874231 ] ] ] } },
{ "type": "Feature", "properties": { "cell_id": 785, "lon": 76.371031701157364, "lat": 9.9786022278117095 }, "geometry": { "type": "Polygon", "coordinates": [ [ [ 76.373312123839455, 9.976356449874231 ], [ 76.373312123839455, 9.980848005749186 ], [ 76.368751278475258, 9.980848005749186 ], [ 76.368751278475258, 9.976356449874231 ], [ 76.373312123839455, 9.976356449874231 ] ] ] } },
{ "type": "Feature", "properties": { "cell_id": 786, "lon": 76.37559254652156, "lat": 9.9786022278117095 }, "geometry": { "type": "Polygon", "coordinates": [ [ [ 76.377872969203651, 9.976356449874231 ], [ 76.377872969203651, 9.980848005749186 ], [ 76.373312123839455, 9.980848005749186 ], [ 76.373312123839455, 9.976356449874231 ], [ 76.377872969203651, 9.976356449874231 ] ] ] } },
{ "type": "Feature", "properties": { "cell_id": 787, "lon": 76.380153391885756, "lat": 9.9786022278117095 }, "geometry": { "type": "Polygon", "coordinates": [ [ [ 76.382433814567847, 9.976356449874231 ], [ 76.382433814567847, 9.980848005749186 ], [ 76.377872969203651, 9.980848005749186 ], [ 76.377872969203651, 9.976356449874231 ], [ 76.382433814567847, 9.976356449874231 ] ] ] } },
{ "type": "Feature", "properties": { "cell_id": 788, "lon": 76.384714237249952, "lat": 9.9786022278117095 }, "geometry": { "type": "Polygon", "coordinates": [ [ [ 76.386994659932043, 9.976356449874231 ], [ 76.386994659932043, 9.980848005749186 ], [ 76.382433814567847, 9.980848005749186 ], [ 76.382433814567847, 9.976356449874231 ], [ 76.386994659932043, 9.976356449874231 ] ] ] } },
{ "type": "Feature", "properties": { "cell_id": 789, "lon": 76.389275082614148, "lat": 9.9786022278117095 }, "geometry": { "type": "Polygon", "coordinates": [ [ [ 76.391555505296239, 9.976356449874231 ], [ 76.391555505296239, 9.980848005749186 ], [ 76.386994659932043, 9.980848005749186 ], [ 76.386994659932043, 9.976356449874231 ], [ 76.391555505296239, 9.976356449874231 ] ] ] } },
{ "type": "Feature", "properties": { "cell_id": 790, "lon": 76.393835927978344, "lat": 9.9786022278117095 }, "geometry": { "type": "Polygon", "coordinates": [ [ [ 76.396116350660435, 9.976356449874231 ], [ 76.396116350660435, 9.980848005749186 ], [ 76.391555505296239, 9.980848005749186 ], [ 76.391555505296239, 9.976356449874231 ], [ 76.396116350660435, 9.976356449874231 ] ] ] } },
{ "type": "Feature", "properties": { "cell_id": 791, "lon": 76.39839677334254, "lat": 9.9786022278117095 }, "geometry": { "type": "Polygon", "coordinates": [ [ [ 76.400677196024631, 9.976356449874231 ], [ 76.400677196024631, 9.980848005749186 ], [ 76.396116350660435, 9.980848005749186 ], [ 76.396116350660435, 9.976356449874231 ], [ 76.400677196024631, 9.976356449874231 ] ] ] } },
{ "type": "Feature", "properties": { "cell_id": 792, "lon": 76.202280422682108, "lat": 9.9830937836866642 }, "geometry": { "type": "Polygon", "coordinates": [ [ [ 76.204560845364199, 9.980848005749186 ], [ 76.204560845364199, 9.985339561624141 ], [ 76.2, 9.985339561624141 ], [ 76.2, 9.980848005749186 ], [ 76.204560845364199, 9.980848005749186 ] ] ] } },
{ "type": "Feature", "properties": { "cell_id": 793, "lon": 76.206841268046304, "lat": 9.9830937836866642 }, "geometry": { "type": "Polygon", "coordinates": [ [ [ 76.209121690728395, 9.980848005749186 ], [ 76.209121690728395, 9.985339561624141 ], [ 76.204560845364199, 9.985339561624141 ], [ 76.204560845364199, 9.980848005749186 ], [ 76.209121690728395, 9.980848005749186 ] ] ] } },
{ "type": "Feature", "properties": { "cell_id": 794, "lon": 76.2114021134105, "lat": 9.9830937836866642 }, "geometry": { "type": "Polygon", "coordinates": [ [ [ 76.213682536092591, 9.980848005749186 ], [ 76.213682536092591, 9.985339561624141 ], [ 76.209121690728395, 9.985339561624141 ], [ 76.209121690728395, 9.980848005749186 ], [ 76.213682536092591, 9.980848005749186 ] ] ] } },
{ "type": "Feature", "properties": { "cell_id": 795, "lon": 76.215962958774696, "lat": 9.9830937836866642 }, "geometry": { "type": "Polygon", "coordinates": [ [ [ 76.218243381456787, 9.980848005749186 ], [ 76.218243381456787, 9.985339561624141 ], [ 76.213682536092591, 9.985339561624141 ], [ 76.213682536092591, 9.980848005749186 ], [ 76.218243381456787, 9.980848005749186 ] ] ] } },
{ "type": "Feature", "properties": { "cell_id": 796, "lon": 76.220523804138892, "lat": 9.9830937836866642 }, "geometry": { "type": "Polygon", "coordinates": [ [ [ 76.222804226820983, 9.980848005749186 ], [ 76.222804226820983, 9.985339561624141 ], [ 76.218243381456787, 9.985339561624141 ], [ 76.218243381456787, 9.980848005749186 ], [ 76.222804226820983, 9.980848005749186 ] ] ] } },
{ "type": "Feature", "properties": { "cell_id": 797, "lon": 76.225084649503088, "lat": 9.9830937836866642 }, "geometry": { "type": "Polygon", "coordinates": [ [ [ 76.227365072185179, 9.980848005749186 ], [ 76.227365072185179, 9.985339561624141 ], [ 76.222804226820983, 9.985339561624141 ], [ 76.222804226820983, 9.980848005749186 ], [ 76.227365072185179, 9.980848005749186 ] ] ] } },
{ "type": "Feature", "properties": { "cell_id": 798, "lon": 76.229645494867285, "lat": 9.9830937836866642 }, "geometry": { "type": "Polygon", "coordinates": [ [ [ 76.231925917549376, 9.980848005749186 ], [ 76.231925917549376, 9.985339561624141 ], [ 76.227365072185179, 9.985339561624141 ], [ 76.227365072185179, 9.980848005749186 ], [ 76.231925917549376, 9.980848005749186 ] ] ] } },
{ "type": "Feature", "properties": { "cell_id": 799, "lon": 76.234206340231481, "lat": 9.9830937836866642 }, "geometry": { "type": "Polygon", "coordinates": [ [ [ 76.236486762913572, 9.980848005749186 ], [ 76.236486762913572, 9.985339561624141 ], [ 76.231925917549376, 9.985339561624141 ], [ 76.231925917549376, 9.980848005749186 ], [ 76.236486762913572, 9.980848005749186 ] ] ] } },
{ "type": "Feature", "properties": { "cell_id": 800, "lon": 76.238767185595677, "lat": 9.9830937836866642 }, "geometry": { "type": "Polygon", "coordinates": [ [ [ 76.241047608277768, 9.980848005749186 ], [ 76.241047608277768, 9.985339561624141 ], [ 76.236486762913572, 9.985339561624141 ], [ 76.236486762913572, 9.980848005749186 ], [ 76.241047608277768, 9.980848005749186 ] ] ] } },
{ "type": "Feature", "properties": { "cell_id": 801, "lon": 76.243328030959873, "lat": 9.9830937836866642 }, "geometry": { "type": "Polygon", "coordinates": [ [ [ 76.245608453641964, 9.980848005749186 ], [ 76.245608453641964, 9.985339561624141 ], [ 76.241047608277768, 9.985339561624141 ], [ 76.241047608277768, 9.980848005749186 ], [ 76.245608453641964, 9.980848005749186 ] ] ] } },
{ "type": "Feature", "properties": { "cell_id": 802, "lon": 76.247888876324069, "lat": 9.9830937836866642 }, "geometry": { "type": "Polygon", "coordinates": [ [ [ 76.25016929900616, 9.980848005749186 ], [ 76.25016929900616, 9.985339561624141 ], [ 76.245608453641964, 9.985339561624141 ], [ 76.245608453641964, 9.980848005749186 ], [ 76.25016929900616, 9.980848005749186 ] ] ] } },
{ "type": "Feature", "properties": { "cell_id": 803, "lon": 76.252449721688265, "lat": 9.9830937836866642 }, "geometry": { "type": "Polygon", "coordinates": [ [ [ 76.254730144370356, 9.980848005749186 ], [ 76.254730144370356, 9.985339561624141 ], [ 76.25016929900616, 9.985339561624141 ], [ 76.25016929900616, 9.980848005749186 ], [ 76.254730144370356, 9.980848005749186 ] ] ] } },
{ "type": "Feature", "properties": { "cell_id": 804, "lon": 76.257010567052461, "lat": 9.9830937836866642 }, "geometry": { "type": "Polygon", "coordinates": [ [ [ 76.259290989734552, 9.980848005749186 ], [ 76.259290989734552, 9.985339561624141 ], [ 76.254730144370356, 9.985339561624141 ], [ 76.254730144370356, 9.980848005749186 ], [ 76.259290989734552, 9.980848005749186 ] ] ] } },
{ "type": "Feature", "properties": { "cell_id": 805, "lon": 76.261571412416657, "lat": 9.9830937836866642 }, "geometry": { "type": "Polygon", "coordinates": [ [ [ 76.263851835098748, 9.980848005749186 ], [ 76.263851835098748, 9.985339561624141 ], [ 76.259290989734552, 9.985339561624141 ], [ 76.259290989734552, 9.980848005749186 ], [ 76.263851835098748, 9.980848005749186 ] ] ] } },
{ "type": "Feature", "properties": { "cell_id": 806, "lon": 76.266132257780853, "lat": 9.9830937836866642 }, "geometry": { "type": "Polygon", "coordinates": [ [ [ 76.268412680462944, 9.980848005749186 ], [ 76.268412680462944, 9.985339561624141 ], [ 76.263851835098748, 9.985339561624141 ], [ 76.263851835098748, 9.980848005749186 ], [ 76.268412680462944, 9.980848005749186 ] ] ] } },
{ "type": "Feature", "properties": { "cell_id": 807, "lon": 76.270693103145049, "lat": 9.9830937836866642 }, "geometry": { "type": "Polygon", "coordinates": [ [ [ 76.27297352582714, 9.980848005749186 ], [ 76.27297352582714, 9.985339561624141 ], [ 76.268412680462944, 9.985339561624141 ], [ 76.268412680462944, 9.980848005749186 ], [ 76.27297352582714, 9.980848005749186 ] ] ] } },
{ "type": "Feature", "properties": { "cell_id": 808, "lon": 76.275253948509246, "lat": 9.9830937836866642 }, "geometry": { "type": "Polygon", "coordinates": [ [ [ 76.277534371191337, 9.980848005749186 ], [ 76.277534371191337, 9.985339561624141 ], [ 76.27297352582714, 9.985339561624141 ], [ 76.27297352582714, 9.980848005749186 ], [ 76.277534371191337, 9.980848005749186 ] ] ] } },
{ "type": "Feature", "properties": { "cell_id": 809, "lon": 76.279814793873442, "lat": 9.9830937836866642 }, "geometry": { "type": "Polygon", "coordinates": [ [ [ 76.282095216555533, 9.980848005749186 ], [ 76.282095216555533, 9.985339561624141 ], [ 76.277534371191337, 9.985339561624141 ], [ 76.277534371191337, 9.980848005749186 ], [ 76.282095216555533, 9.980848005749186 ] ] ] } },
{ "type": "Feature", "properties": { "cell_id": 810, "lon": 76.284375639237638, "lat": 9.9830937836866642 }, "geometry": { "type": "Polygon", "coordinates": [ [ [ 76.286656061919729, 9.980848005749186 ], [ 76.286656061919729, 9.985339561624141 ], [ 76.282095216555533, 9.985339561624141 ], [ 76.282095216555533, 9.980848005749186 ], [ 76.286656061919729, 9.980848005749186 ] ] ] } },
{ "type": "Feature", "properties": { "cell_id": 811, "lon": 76.288936484601834, "lat": 9.9830937836866642 }, "geometry": { "type": "Polygon", "coordinates": [ [ [ 76.291216907283925, 9.980848005749186 ], [ 76.291216907283925, 9.985339561624141 ], [ 76.286656061919729, 9.985339561624141 ], [ 76.286656061919729, 9.980848005749186 ], [ 76.291216907283925, 9.980848005749186 ] ] ] } },
{ "type": "Feature", "properties": { "cell_id": 812, "lon": 76.29349732996603, "lat": 9.9830937836866642 }, "geometry": { "type": "Polygon", "coordinates": [ [ [ 76.295777752648121, 9.980848005749186 ], [ 76.295777752648121, 9.985339561624141 ], [ 76.291216907283925, 9.985339561624141 ], [ 76.291216907283925, 9.980848005749186 ], [ 76.295777752648121, 9.980848005749186 ] ] ] } },
{ "type": "Feature", "properties": { "cell_id": 813, "lon": 76.298058175330226, "lat": 9.9830937836866642 }, "geometry": { "type": "Polygon", "coordinates": [ [ [ 76.300338598012317, 9.980848005749186 ], [ 76.300338598012317, 9.985339561624141 ], [ 76.295777752648121, 9.985339561624141 ], [ 76.295777752648121, 9.980848005749186 ], [ 76.300338598012317, 9.980848005749186 ] ] ] } },
{ "type": "Feature", "properties": { "cell_id": 814, "lon": 76.302619020694422, "lat": 9.9830937836866642 }, "geometry": { "type": "Polygon", "coordinates": [ [ [ 76.304899443376513, 9.980848005749186 ], [ 76.304899443376513, 9.985339561624141 ], [ 76.300338598012317, 9.985339561624141 ], [ 76.300338598012317, 9.980848005749186 ], [ 76.304899443376513, 9.980848005749186 ] ] ] } },
{ "type": "Feature", "properties": { "cell_id": 815, "lon": 76.307179866058618, "lat": 9.9830937836866642 }, "geometry": { "type": "Polygon", "coordinates": [ [ [ 76.309460288740709, 9.980848005749186 ], [ 76.309460288740709, 9.985339561624141 ], [ 76.304899443376513, 9.985339561624141 ], [ 76.304899443376513, 9.980848005749186 ], [ 76.309460288740709, 9.980848005749186 ] ] ] } },
{ "type": "Feature", "properties": { "cell_id": 816, "lon": 76.311740711422814, "lat": 9.9830937836866642 }, "geometry": { "type": "Polygon", "coordinates": [ [ [ 76.314021134104905, 9.980848005749186 ], [ 76.314021134104905, 9.985339561624141 ], [ 76.309460288740709, 9.985339561624141 ], [ 76.309460288740709, 9.980848005749186 ], [ 76.314021134104905, 9.980848005749186 ] ] ] } },
{ "type": "Feature", "properties": { "cell_id": 817, "lon": 76.31630155678701, "lat": 9.9830937836866642 }, "geometry": { "type": "Polygon", "coordinates": [ [ [ 76.318581979469101, 9.980848005749186 ], [ 76.318581979469101, 9.985339561624141 ], [ 76.314021134104905, 9.985339561624141 ], [ 76.314021134104905, 9.980848005749186 ], [ 76.318581979469101, 9.980848005749186 ] ] ] } },
{ "type": "Feature", "properties": { "cell_id": 818, "lon": 76.320862402151207, "lat": 9.9830937836866642 }, "geometry": { "type": "Polygon", "coordinates": [ [ [ 76.323142824833297, 9.980848005749186 ], [ 76.323142824833297, 9.985339561624141 ], [ 76.318581979469101, 9.985339561624141 ], [ 76.318581979469101, 9.980848005749186 ], [ 76.323142824833297, 9.980848005749186 ] ] ] } },
{ "type": "Feature", "properties": { "cell_id": 819, "lon": 76.325423247515403, "lat": 9.9830937836866642 }, "geometry": { "type": "Polygon", "coordinates": [ [ [ 76.327703670197494, 9.980848005749186 ], [ 76.327703670197494, 9.985339561624141 ], [ 76.323142824833297, 9.985339561624141 ], [ 76.323142824833297, 9.980848005749186 ], [ 76.327703670197494, 9.980848005749186 ] ] ] } },
{ "type": "Feature", "properties": { "cell_id": 820, "lon": 76.329984092879599, "lat": 9.9830937836866642 }, "geometry": { "type": "Polygon", "coordinates": [ [ [ 76.33226451556169, 9.980848005749186 ], [ 76.33226451556169, 9.985339561624141 ], [ 76.327703670197494, 9.985339561624141 ], [ 76.327703670197494, 9.980848005749186 ], [ 76.33226451556169, 9.980848005749186 ] ] ] } },
{ "type": "Feature", "properties": { "cell_id": 821, "lon": 76.334544938243795, "lat": 9.9830937836866642 }, "geometry": { "type": "Polygon", "coordinates": [ [ [ 76.336825360925886, 9.980848005749186 ], [ 76.336825360925886, 9.985339561624141 ], [ 76.33226451556169, 9.985339561624141 ], [ 76.33226451556169, 9.980848005749186 ], [ 76.336825360925886, 9.980848005749186 ] ] ] } },
{ "type": "Feature", "properties": { "cell_id": 822, "lon": 76.339105783607991, "lat": 9.9830937836866642 }, "geometry": { "type": "Polygon", "coordinates": [ [ [ 76.341386206290082, 9.980848005749186 ], [ 76.341386206290082, 9.985339561624141 ], [ 76.336825360925886, 9.985339561624141 ], [ 76.336825360925886, 9.980848005749186 ], [ 76.341386206290082, 9.980848005749186 ] ] ] } },
{ "type": "Feature", "properties": { "cell_id": 823, "lon": 76.343666628972187, "lat": 9.9830937836866642 }, "geometry": { "type": "Polygon", "coordinates": [ [ [ 76.345947051654278, 9.980848005749186 ], [ 76.345947051654278, 9.985339561624141 ], [ 76.341386206290082, 9.985339561624141 ], [ 76.341386206290082, 9.980848005749186 ], [ 76.345947051654278, 9.980848005749186 ] ] ] } },
{ "type": "Feature", "properties": { "cell_id": 824, "lon": 76.348227474336383, "lat": 9.9830937836866642 }, "geometry": { "type": "Polygon", "coordinates": [ [ [ 76.350507897018474, 9.980848005749186 ], [ 76.350507897018474, 9.985339561624141 ], [ 76.345947051654278, 9.985339561624141 ], [ 76.345947051654278, 9.980848005749186 ], [ 76.350507897018474, 9.980848005749186 ] ] ] } },
{ "type": "Feature", "properties": { "cell_id": 825, "lon": 76.352788319700579, "lat": 9.9830937836866642 }, "geometry": { "type": "Polygon", "coordinates": [ [ [ 76.35506874238267, 9.980848005749186 ], [ 76.35506874238267, 9.985339561624141 ], [ 76.350507897018474, 9.985339561624141 ], [ 76.350507897018474, 9.980848005749186 ], [ 76.35506874238267, 9.980848005749186 ] ] ] } },
{ "type": "Feature", "properties": { "cell_id": 826, "lon": 76.357349165064775, "lat": 9.9830937836866642 }, "geometry": { "type": "Polygon", "coordinates": [ [ [ 76.359629587746866, 9.980848005749186 ], [ 76.359629587746866, 9.985339561624141 ], [ 76.35506874238267, 9.985339561624141 ], [ 76.35506874238267, 9.980848005749186 ], [ 76.359629587746866, 9.980848005749186 ] ] ] } },
{ "type": "Feature", "properties": { "cell_id": 827, "lon": 76.361910010428971, "lat": 9.9830937836866642 }, "geometry": { "type": "Polygon", "coordinates": [ [ [ 76.364190433111062, 9.980848005749186 ], [ 76.364190433111062, 9.985339561624141 ], [ 76.359629587746866, 9.985339561624141 ], [ 76.359629587746866, 9.980848005749186 ], [ 76.364190433111062, 9.980848005749186 ] ] ] } },
{ "type": "Feature", "properties": { "cell_id": 828, "lon": 76.366470855793168, "lat": 9.9830937836866642 }, "geometry": { "type": "Polygon", "coordinates": [ [ [ 76.368751278475258, 9.980848005749186 ], [ 76.368751278475258, 9.985339561624141 ], [ 76.364190433111062, 9.985339561624141 ], [ 76.364190433111062, 9.980848005749186 ], [ 76.368751278475258, 9.980848005749186 ] ] ] } },
{ "type": "Feature", "properties": { "cell_id": 829, "lon": 76.371031701157364, "lat": 9.9830937836866642 }, "geometry": { "type": "Polygon", "coordinates": [ [ [ 76.373312123839455, 9.980848005749186 ], [ 76.373312123839455, 9.985339561624141 ], [ 76.368751278475258, 9.985339561624141 ], [ 76.368751278475258, 9.980848005749186 ], [ 76.373312123839455, 9.980848005749186 ] ] ] } },
{ "type": "Feature", "properties": { "cell_id": 830, "lon": 76.37559254652156, "lat": 9.9830937836866642 }, "geometry": { "type": "Polygon", "coordinates": [ [ [ 76.377872969203651, 9.980848005749186 ], [ 76.377872969203651, 9.985339561624141 ], [ 76.373312123839455, 9.985339561624141 ], [ 76.373312123839455, 9.980848005749186 ], [ 76.377872969203651, 9.980848005749186 ] ] ] } },
{ "type": "Feature", "properties": { "cell_id": 831, "lon": 76.380153391885756, "lat": 9.9830937836866642 }, "geometry": { "type": "Polygon", "coordinates": [ [ [ 76.382433814567847, 9.980848005749186 ], [ 76.382433814567847, 9.985339561624141 ], [ 76.377872969203651, 9.985339561624141 ], [ 76.377872969203651, 9.980848005749186 ], [ 76.382433814567847, 9.980848005749186 ] ] ] } },
{ "type": "Feature", "properties": { "cell_id": 832, "lon": 76.384714237249952, "lat": 9.9830937836866642 }, "geometry": { "type": "Polygon", "coordinates": [ [ [ 76.386994659932043, 9.980848005749186 ], [ 76.386994659932043, 9.985339561624141 ], [ 76.382433814567847, 9.985339561624141 ], [ 76.382433814567847, 9.980848005749186 ], [ 76.386994659932043, 9.980848005749186 ] ] ] } },
{ "type": "Feature", "properties": { "cell_id": 833, "lon": 76.389275082614148, "lat": 9.9830937836866642 }, "geometry": { "type": "Polygon", "coordinates": [ [ [ 76.391555505296239, 9.980848005749186 ], [ 76.391555505296239, 9.985339561624141 ], [ 76.386994659932043, 9.985339561624141 ], [ 76.386994659932043, 9.980848005749186 ], [ 76.391555505296239, 9.980848005749186 ] ] ] } },
{ "type": "Feature", "properties": { "cell_id": 834, "lon": 76.393835927978344, "lat": 9.9830937836866642 }, "geometry": { "type": "Polygon", "coordinates": [ [ [ 76.396116350660435, 9.980848005749186 ], [ 76.396116350660435, 9.985339561624141 ], [ 76.391555505296239, 9.985339561624141 ], [ 76.391555505296239, 9.980848005749186 ], [ 76.396116350660435, 9.980848005749186 ] ] ] } },
{ "type": "Feature", "properties": { "cell_id": 835, "lon": 76.39839677334254, "lat": 9.9830937836866642 }, "geometry": { "type": "Polygon", "coordinates": [ [ [ 76.400677196024631, 9.980848005749186 ], [ 76.400677196024631, 9.985339561624141 ], [ 76.396116350660435, 9.985339561624141 ], [ 76.396116350660435, 9.980848005749186 ], [ 76.400677196024631, 9.980848005749186 ] ] ] } },
{ "type": "Feature", "properties": { "cell_id": 836, "lon": 76.202280422682108, "lat": 9.987585339561619 }, "geometry": { "type": "Polygon", "coordinates": [ [ [ 76.204560845364199, 9.985339561624141 ], [ 76.204560845364199, 9.989831117499095 ], [ 76.2, 9.989831117499095 ], [ 76.2, 9.985339561624141 ], [ 76.204560845364199, 9.985339561624141 ] ] ] } },
{ "type": "Feature", "properties": { "cell_id": 837, "lon": 76.206841268046304, "lat": 9.987585339561619 }, "geometry": { "type": "Polygon", "coordinates": [ [ [ 76.209121690728395, 9.985339561624141 ], [ 76.209121690728395, 9.989831117499095 ], [ 76.204560845364199, 9.989831117499095 ], [ 76.204560845364199, 9.985339561624141 ], [ 76.209121690728395, 9.985339561624141 ] ] ] } },
{ "type": "Feature", "properties": { "cell_id": 838, "lon": 76.2114021134105, "lat": 9.987585339561619 }, "geometry": { "type": "Polygon", "coordinates": [ [ [ 76.213682536092591, 9.985339561624141 ], [ 76.213682536092591, 9.989831117499095 ], [ 76.209121690728395, 9.989831117499095 ], [ 76.209121690728395, 9.985339561624141 ], [ 76.213682536092591, 9.985339561624141 ] ] ] } },
{ "type": "Feature", "properties": { "cell_id": 839, "lon": 76.215962958774696, "lat": 9.987585339561619 }, "geometry": { "type": "Polygon", "coordinates": [ [ [ 76.218243381456787, 9.985339561624141 ], [ 76.218243381456787, 9.989831117499095 ], [ 76.213682536092591, 9.989831117499095 ], [ 76.213682536092591, 9.985339561624141 ], [ 76.218243381456787, 9.985339561624141 ] ] ] } },
{ "type": "Feature", "properties": { "cell_id": 840, "lon": 76.220523804138892, "lat": 9.987585339561619 }, "geometry": { "type": "Polygon", "coordinates": [ [ [ 76.222804226820983, 9.985339561624141 ], [ 76.222804226820983, 9.989831117499095 ], [ 76.218243381456787, 9.989831117499095 ], [ 76.218243381456787, 9.985339561624141 ], [ 76.222804226820983, 9.985339561624141 ] ] ] } },
{ "type": "Feature", "properties": { "cell_id": 841, "lon": 76.225084649503088, "lat": 9.987585339561619 }, "geometry": { "type": "Polygon", "coordinates": [ [ [ 76.227365072185179, 9.985339561624141 ], [ 76.227365072185179, 9.989831117499095 ], [ 76.222804226820983, 9.989831117499095 ], [ 76.222804226820983, 9.985339561624141 ], [ 76.227365072185179, 9.985339561624141 ] ] ] } },
{ "type": "Feature", "properties": { "cell_id": 842, "lon": 76.229645494867285, "lat": 9.987585339561619 }, "geometry": { "type": "Polygon", "coordinates": [ [ [ 76.231925917549376, 9.985339561624141 ], [ 76.231925917549376, 9.989831117499095 ], [ 76.227365072185179, 9.989831117499095 ], [ 76.227365072185179, 9.985339561624141 ], [ 76.231925917549376, 9.985339561624141 ] ] ] } },
{ "type": "Feature", "properties": { "cell_id": 843, "lon": 76.234206340231481, "lat": 9.987585339561619 }, "geometry": { "type": "Polygon", "coordinates": [ [ [ 76.236486762913572, 9.985339561624141 ], [ 76.236486762913572, 9.989831117499095 ], [ 76.231925917549376, 9.989831117499095 ], [ 76.231925917549376, 9.985339561624141 ], [ 76.236486762913572, 9.985339561624141 ] ] ] } },
{ "type": "Feature", "properties": { "cell_id": 844, "lon": 76.238767185595677, "lat": 9.987585339561619 }, "geometry": { "type": "Polygon", "coordinates": [ [ [ 76.241047608277768, 9.985339561624141 ], [ 76.241047608277768, 9.989831117499095 ], [ 76.236486762913572, 9.989831117499095 ], [ 76.236486762913572, 9.985339561624141 ], [ 76.241047608277768, 9.985339561624141 ] ] ] } },
{ "type": "Feature", "properties": { "cell_id": 845, "lon": 76.243328030959873, "lat": 9.987585339561619 }, "geometry": { "type": "Polygon", "coordinates": [ [ [ 76.245608453641964, 9.985339561624141 ], [ 76.245608453641964, 9.989831117499095 ], [ 76.241047608277768, 9.989831117499095 ], [ 76.241047608277768, 9.985339561624141 ], [ 76.245608453641964, 9.985339561624141 ] ] ] } },
{ "type": "Feature", "properties": { "cell_id": 846, "lon": 76.247888876324069, "lat": 9.987585339561619 }, "geometry": { "type": "Polygon", "coordinates": [ [ [ 76.25016929900616, 9.985339561624141 ], [ 76.25016929900616, 9.989831117499095 ], [ 76.245608453641964, 9.989831117499095 ], [ 76.245608453641964, 9.985339561624141 ], [ 76.25016929900616, 9.985339561624141 ] ] ] } },
{ "type": "Feature", "properties": { "cell_id": 847, "lon": 76.252449721688265, "lat": 9.987585339561619 }, "geometry": { "type": "Polygon", "coordinates": [ [ [ 76.254730144370356, 9.985339561624141 ], [ 76.254730144370356, 9.989831117499095 ], [ 76.25016929900616, 9.989831117499095 ], [ 76.25016929900616, 9.985339561624141 ], [ 76.254730144370356, 9.985339561624141 ] ] ] } },
{ "type": "Feature", "properties": { "cell_id": 848, "lon": 76.257010567052461, "lat": 9.987585339561619 }, "geometry": { "type": "Polygon", "coordinates": [ [ [ 76.259290989734552, 9.985339561624141 ], [ 76.259290989734552, 9.989831117499095 ], [ 76.254730144370356, 9.989831117499095 ], [ 76.254730144370356, 9.985339561624141 ], [ 76.259290989734552, 9.985339561624141 ] ] ] } },
{ "type": "Feature", "properties": { "cell_id": 849, "lon": 76.261571412416657, "lat": 9.987585339561619 }, "geometry": { "type": "Polygon", "coordinates": [ [ [ 76.263851835098748, 9.985339561624141 ], [ 76.263851835098748, 9.989831117499095 ], [ 76.259290989734552, 9.989831117499095 ], [ 76.259290989734552, 9.985339561624141 ], [ 76.263851835098748, 9.985339561624141 ] ] ] } },
{ "type": "Feature", "properties": { "cell_id": 850, "lon": 76.266132257780853, "lat": 9.987585339561619 }, "geometry": { "type": "Polygon", "coordinates": [ [ [ 76.268412680462944, 9.985339561624141 ], [ 76.268412680462944, 9.989831117499095 ], [ 76.263851835098748, 9.989831117499095 ], [ 76.263851835098748, 9.985339561624141 ], [ 76.268412680462944, 9.985339561624141 ] ] ] } },
{ "type": "Feature", "properties": { "cell_id": 851, "lon": 76.270693103145049, "lat": 9.987585339561619 }, "geometry": { "type": "Polygon", "coordinates": [ [ [ 76.27297352582714, 9.985339561624141 ], [ 76.27297352582714, 9.989831117499095 ], [ 76.268412680462944, 9.989831117499095 ], [ 76.268412680462944, 9.985339561624141 ], [ 76.27297352582714, 9.985339561624141 ] ] ] } },
{ "type": "Feature", "properties": { "cell_id": 852, "lon": 76.275253948509246, "lat": 9.987585339561619 }, "geometry": { "type": "Polygon", "coordinates": [ [ [ 76.277534371191337, 9.985339561624141 ], [ 76.277534371191337, 9.989831117499095 ], [ 76.27297352582714, 9.989831117499095 ], [ 76.27297352582714, 9.985339561624141 ], [ 76.277534371191337, 9.985339561624141 ] ] ] } },
{ "type": "Feature", "properties": { "cell_id": 853, "lon": 76.279814793873442, "lat": 9.987585339561619 }, "geometry": { "type": "Polygon", "coordinates": [ [ [ 76.282095216555533, 9.985339561624141 ], [ 76.282095216555533, 9.989831117499095 ], [ 76.277534371191337, 9.989831117499095 ], [ 76.277534371191337, 9.985339561624141 ], [ 76.282095216555533, 9.985339561624141 ] ] ] } },
{ "type": "Feature", "properties": { "cell_id": 854, "lon": 76.284375639237638, "lat": 9.987585339561619 }, "geometry": { "type": "Polygon", "coordinates": [ [ [ 76.286656061919729, 9.985339561624141 ], [ 76.286656061919729, 9.989831117499095 ], [ 76.282095216555533, 9.989831117499095 ], [ 76.282095216555533, 9.985339561624141 ], [ 76.286656061919729, 9.985339561624141 ] ] ] } },
{ "type": "Feature", "properties": { "cell_id": 855, "lon": 76.288936484601834, "lat": 9.987585339561619 }, "geometry": { "type": "Polygon", "coordinates": [ [ [ 76.291216907283925, 9.985339561624141 ], [ 76.291216907283925, 9.989831117499095 ], [ 76.286656061919729, 9.989831117499095 ], [ 76.286656061919729, 9.985339561624141 ], [ 76.291216907283925, 9.985339561624141 ] ] ] } },
{ "type": "Feature", "properties": { "cell_id": 856, "lon": 76.29349732996603, "lat": 9.987585339561619 }, "geometry": { "type": "Polygon", "coordinates": [ [ [ 76.295777752648121, 9.985339561624141 ], [ 76.295777752648121, 9.989831117499095 ], [ 76.291216907283925, 9.989831117499095 ], [ 76.291216907283925, 9.985339561624141 ], [ 76.295777752648121, 9.985339561624141 ] ] ] } },
{ "type": "Feature", "properties": { "cell_id": 857, "lon": 76.298058175330226, "lat": 9.987585339561619 }, "geometry": { "type": "Polygon", "coordinates": [ [ [ 76.300338598012317, 9.985339561624141 ], [ 76.300338598012317, 9.989831117499095 ], [ 76.295777752648121, 9.989831117499095 ], [ 76.295777752648121, 9.985339561624141 ], [ 76.300338598012317, 9.985339561624141 ] ] ] } },
{ "type": "Feature", "properties": { "cell_id": 858, "lon": 76.302619020694422, "lat": 9.987585339561619 }, "geometry": { "type": "Polygon", "coordinates": [ [ [ 76.304899443376513, 9.985339561624141 ], [ 76.304899443376513, 9.989831117499095 ], [ 76.300338598012317, 9.989831117499095 ], [ 76.300338598012317, 9.985339561624141 ], [ 76.304899443376513, 9.985339561624141 ] ] ] } },
{ "type": "Feature", "properties": { "cell_id": 859, "lon": 76.307179866058618, "lat": 9.987585339561619 }, "geometry": { "type": "Polygon", "coordinates": [ [ [ 76.309460288740709, 9.985339561624141 ], [ 76.309460288740709, 9.989831117499095 ], [ 76.304899443376513, 9.989831117499095 ], [ 76.304899443376513, 9.985339561624141 ], [ 76.309460288740709, 9.985339561624141 ] ] ] } },
{ "type": "Feature", "properties": { "cell_id": 860, "lon": 76.311740711422814, "lat": 9.987585339561619 }, "geometry": { "type": "Polygon", "coordinates": [ [ [ 76.314021134104905, 9.985339561624141 ], [ 76.314021134104905, 9.989831117499095 ], [ 76.309460288740709, 9.989831117499095 ], [ 76.309460288740709, 9.985339561624141 ], [ 76.314021134104905, 9.985339561624141 ] ] ] } },
{ "type": "Feature", "properties": { "cell_id": 861, "lon": 76.31630155678701, "lat": 9.987585339561619 }, "geometry": { "type": "Polygon", "coordinates": [ [ [ 76.318581979469101, 9.985339561624141 ], [ 76.318581979469101, 9.989831117499095 ], [ 76.314021134104905, 9.989831117499095 ], [ 76.314021134104905, 9.985339561624141 ], [ 76.318581979469101, 9.985339561624141 ] ] ] } },
{ "type": "Feature", "properties": { "cell_id": 862, "lon": 76.320862402151207, "lat": 9.987585339561619 }, "geometry": { "type": "Polygon", "coordinates": [ [ [ 76.323142824833297, 9.985339561624141 ], [ 76.323142824833297, 9.989831117499095 ], [ 76.318581979469101, 9.989831117499095 ], [ 76.318581979469101, 9.985339561624141 ], [ 76.323142824833297, 9.985339561624141 ] ] ] } },
{ "type": "Feature", "properties": { "cell_id": 863, "lon": 76.325423247515403, "lat": 9.987585339561619 }, "geometry": { "type": "Polygon", "coordinates": [ [ [ 76.327703670197494, 9.985339561624141 ], [ 76.327703670197494, 9.989831117499095 ], [ 76.323142824833297, 9.989831117499095 ], [ 76.323142824833297, 9.985339561624141 ], [ 76.327703670197494, 9.985339561624141 ] ] ] } },
{ "type": "Feature", "properties": { "cell_id": 864, "lon": 76.329984092879599, "lat": 9.987585339561619 }, "geometry": { "type": "Polygon", "coordinates": [ [ [ 76.33226451556169, 9.985339561624141 ], [ 76.33226451556169, 9.989831117499095 ], [ 76.327703670197494, 9.989831117499095 ], [ 76.327703670197494, 9.985339561624141 ], [ 76.33226451556169, 9.985339561624141 ] ] ] } },
{ "type": "Feature", "properties": { "cell_id": 865, "lon": 76.334544938243795, "lat": 9.987585339561619 }, "geometry": { "type": "Polygon", "coordinates": [ [ [ 76.336825360925886, 9.985339561624141 ], [ 76.336825360925886, 9.989831117499095 ], [ 76.33226451556169, 9.989831117499095 ], [ 76.33226451556169, 9.985339561624141 ], [ 76.336825360925886, 9.985339561624141 ] ] ] } },
{ "type": "Feature", "properties": { "cell_id": 866, "lon": 76.339105783607991, "lat": 9.987585339561619 }, "geometry": { "type": "Polygon", "coordinates": [ [ [ 76.341386206290082, 9.985339561624141 ], [ 76.341386206290082, 9.989831117499095 ], [ 76.336825360925886, 9.989831117499095 ], [ 76.336825360925886, 9.985339561624141 ], [ 76.341386206290082, 9.985339561624141 ] ] ] } },
{ "type": "Feature", "properties": { "cell_id": 867, "lon": 76.343666628972187, "lat": 9.987585339561619 }, "geometry": { "type": "Polygon", "coordinates": [ [ [ 76.345947051654278, 9.985339561624141 ], [ 76.345947051654278, 9.989831117499095 ], [ 76.341386206290082, 9.989831117499095 ], [ 76.341386206290082, 9.985339561624141 ], [ 76.345947051654278, 9.985339561624141 ] ] ] } },
{ "type": "Feature", "properties": { "cell_id": 868, "lon": 76.348227474336383, "lat": 9.987585339561619 }, "geometry": { "type": "Polygon", "coordinates": [ [ [ 76.350507897018474, 9.985339561624141 ], [ 76.350507897018474, 9.989831117499095 ], [ 76.345947051654278, 9.989831117499095 ], [ 76.345947051654278, 9.985339561624141 ], [ 76.350507897018474, 9.985339561624141 ] ] ] } },
{ "type": "Feature", "properties": { "cell_id": 869, "lon": 76.352788319700579, "lat": 9.987585339561619 }, "geometry": { "type": "Polygon", "coordinates": [ [ [ 76.35506874238267, 9.985339561624141 ], [ 76.35506874238267, 9.989831117499095 ], [ 76.350507897018474, 9.989831117499095 ], [ 76.350507897018474, 9.985339561624141 ], [ 76.35506874238267, 9.985339561624141 ] ] ] } },
{ "type": "Feature", "properties": { "cell_id": 870, "lon": 76.357349165064775, "lat": 9.987585339561619 }, "geometry": { "type": "Polygon", "coordinates": [ [ [ 76.359629587746866, 9.985339561624141 ], [ 76.359629587746866, 9.989831117499095 ], [ 76.35506874238267, 9.989831117499095 ], [ 76.35506874238267, 9.985339561624141 ], [ 76.359629587746866, 9.985339561624141 ] ] ] } },
{ "type": "Feature", "properties": { "cell_id": 871, "lon": 76.361910010428971, "lat": 9.987585339561619 }, "geometry": { "type": "Polygon", "coordinates": [ [ [ 76.364190433111062, 9.985339561624141 ], [ 76.364190433111062, 9.989831117499095 ], [ 76.359629587746866, 9.989831117499095 ], [ 76.359629587746866, 9.985339561624141 ], [ 76.364190433111062, 9.985339561624141 ] ] ] } },
{ "type": "Feature", "properties": { "cell_id": 872, "lon": 76.366470855793168, "lat": 9.987585339561619 }, "geometry": { "type": "Polygon", "coordinates": [ [ [ 76.368751278475258, 9.985339561624141 ], [ 76.368751278475258, 9.989831117499095 ], [ 76.364190433111062, 9.989831117499095 ], [ 76.364190433111062, 9.985339561624141 ], [ 76.368751278475258, 9.985339561624141 ] ] ] } },
{ "type": "Feature", "properties": { "cell_id": 873, "lon": 76.371031701157364, "lat": 9.987585339561619 }, "geometry": { "type": "Polygon", "coordinates": [ [ [ 76.373312123839455, 9.985339561624141 ], [ 76.373312123839455, 9.989831117499095 ], [ 76.368751278475258, 9.989831117499095 ], [ 76.368751278475258, 9.985339561624141 ], [ 76.373312123839455, 9.985339561624141 ] ] ] } },
{ "type": "Feature", "properties": { "cell_id": 874, "lon": 76.37559254652156, "lat": 9.987585339561619 }, "geometry": { "type": "Polygon", "coordinates": [ [ [ 76.377872969203651, 9.985339561624141 ], [ 76.377872969203651, 9.989831117499095 ], [ 76.373312123839455, 9.989831117499095 ], [ 76.373312123839455, 9.985339561624141 ], [ 76.377872969203651, 9.985339561624141 ] ] ] } },
{ "type": "Feature", "properties": { "cell_id": 875, "lon": 76.380153391885756, "lat": 9.987585339561619 }, "geometry": { "type": "Polygon", "coordinates": [ [ [ 76.382433814567847, 9.985339561624141 ], [ 76.382433814567847, 9.989831117499095 ], [ 76.377872969203651, 9.989831117499095 ], [ 76.377872969203651, 9.985339561624141 ], [ 76.382433814567847, 9.985339561624141 ] ] ] } },
{ "type": "Feature", "properties": { "cell_id": 876, "lon": 76.384714237249952, "lat": 9.987585339561619 }, "geometry": { "type": "Polygon", "coordinates": [ [ [ 76.386994659932043, 9.985339561624141 ], [ 76.386994659932043, 9.989831117499095 ], [ 76.382433814567847, 9.989831117499095 ], [ 76.382433814567847, 9.985339561624141 ], [ 76.386994659932043, 9.985339561624141 ] ] ] } },
{ "type": "Feature", "properties": { "cell_id": 877, "lon": 76.389275082614148, "lat": 9.987585339561619 }, "geometry": { "type": "Polygon", "coordinates": [ [ [ 76.391555505296239, 9.985339561624141 ], [ 76.391555505296239, 9.989831117499095 ], [ 76.386994659932043, 9.989831117499095 ], [ 76.386994659932043, 9.985339561624141 ], [ 76.391555505296239, 9.985339561624141 ] ] ] } },
{ "type": "Feature", "properties": { "cell_id": 878, "lon": 76.393835927978344, "lat": 9.987585339561619 }, "geometry": { "type": "Polygon", "coordinates": [ [ [ 76.396116350660435, 9.985339561624141 ], [ 76.396116350660435, 9.989831117499095 ], [ 76.391555505296239, 9.989831117499095 ], [ 76.391555505296239, 9.985339561624141 ], [ 76.396116350660435, 9.985339561624141 ] ] ] } },
{ "type": "Feature", "properties": { "cell_id": 879, "lon": 76.39839677334254, "lat": 9.987585339561619 }, "geometry": { "type": "Polygon", "coordinates": [ [ [ 76.400677196024631, 9.985339561624141 ], [ 76.400677196024631, 9.989831117499095 ], [ 76.396116350660435, 9.989831117499095 ], [ 76.396116350660435, 9.985339561624141 ], [ 76.400677196024631, 9.985339561624141 ] ] ] } },
{ "type": "Feature", "properties": { "cell_id": 880, "lon": 76.202280422682108, "lat": 9.9920768954365737 }, "geometry": { "type": "Polygon", "coordinates": [ [ [ 76.204560845364199, 9.989831117499095 ], [ 76.204560845364199, 9.99432267337405 ], [ 76.2, 9.99432267337405 ], [ 76.2, 9.989831117499095 ], [ 76.204560845364199, 9.989831117499095 ] ] ] } },
{ "type": "Feature", "properties": { "cell_id": 881, "lon": 76.206841268046304, "lat": 9.9920768954365737 }, "geometry": { "type": "Polygon", "coordinates": [ [ [ 76.209121690728395, 9.989831117499095 ], [ 76.209121690728395, 9.99432267337405 ], [ 76.204560845364199, 9.99432267337405 ], [ 76.204560845364199, 9.989831117499095 ], [ 76.209121690728395, 9.989831117499095 ] ] ] } },
{ "type": "Feature", "properties": { "cell_id": 882, "lon": 76.2114021134105, "lat": 9.9920768954365737 }, "geometry": { "type": "Polygon", "coordinates": [ [ [ 76.213682536092591, 9.989831117499095 ], [ 76.213682536092591, 9.99432267337405 ], [ 76.209121690728395, 9.99432267337405 ], [ 76.209121690728395, 9.989831117499095 ], [ 76.213682536092591, 9.989831117499095 ] ] ] } },
{ "type": "Feature", "properties": { "cell_id": 883, "lon": 76.215962958774696, "lat": 9.9920768954365737 }, "geometry": { "type": "Polygon", "coordinates": [ [ [ 76.218243381456787, 9.989831117499095 ], [ 76.218243381456787, 9.99432267337405 ], [ 76.213682536092591, 9.99432267337405 ], [ 76.213682536092591, 9.989831117499095 ], [ 76.218243381456787, 9.989831117499095 ] ] ] } },
{ "type": "Feature", "properties": { "cell_id": 884, "lon": 76.220523804138892, "lat": 9.9920768954365737 }, "geometry": { "type": "Polygon", "coordinates": [ [ [ 76.222804226820983, 9.989831117499095 ], [ 76.222804226820983, 9.99432267337405 ], [ 76.218243381456787, 9.99432267337405 ], [ 76.218243381456787, 9.989831117499095 ], [ 76.222804226820983, 9.989831117499095 ] ] ] } },
{ "type": "Feature", "properties": { "cell_id": 885, "lon": 76.225084649503088, "lat": 9.9920768954365737 }, "geometry": { "type": "Polygon", "coordinates": [ [ [ 76.227365072185179, 9.989831117499095 ], [ 76.227365072185179, 9.99432267337405 ], [ 76.222804226820983, 9.99432267337405 ], [ 76.222804226820983, 9.989831117499095 ], [ 76.227365072185179, 9.989831117499095 ] ] ] } },
{ "type": "Feature", "properties": { "cell_id": 886, "lon": 76.229645494867285, "lat": 9.9920768954365737 }, "geometry": { "type": "Polygon", "coordinates": [ [ [ 76.231925917549376, 9.989831117499095 ], [ 76.231925917549376, 9.99432267337405 ], [ 76.227365072185179, 9.99432267337405 ], [ 76.227365072185179, 9.989831117499095 ], [ 76.231925917549376, 9.989831117499095 ] ] ] } },
{ "type": "Feature", "properties": { "cell_id": 887, "lon": 76.234206340231481, "lat": 9.9920768954365737 }, "geometry": { "type": "Polygon", "coordinates": [ [ [ 76.236486762913572, 9.989831117499095 ], [ 76.236486762913572, 9.99432267337405 ], [ 76.231925917549376, 9.99432267337405 ], [ 76.231925917549376, 9.989831117499095 ], [ 76.236486762913572, 9.989831117499095 ] ] ] } },
{ "type": "Feature", "properties": { "cell_id": 888, "lon": 76.238767185595677, "lat": 9.9920768954365737 }, "geometry": { "type": "Polygon", "coordinates": [ [ [ 76.241047608277768, 9.989831117499095 ], [ 76.241047608277768, 9.99432267337405 ], [ 76.236486762913572, 9.99432267337405 ], [ 76.236486762913572, 9.989831117499095 ], [ 76.241047608277768, 9.989831117499095 ] ] ] } },
{ "type": "Feature", "properties": { "cell_id": 889, "lon": 76.243328030959873, "lat": 9.9920768954365737 }, "geometry": { "type": "Polygon", "coordinates": [ [ [ 76.245608453641964, 9.989831117499095 ], [ 76.245608453641964, 9.99432267337405 ], [ 76.241047608277768, 9.99432267337405 ], [ 76.241047608277768, 9.989831117499095 ], [ 76.245608453641964, 9.989831117499095 ] ] ] } },
{ "type": "Feature", "properties": { "cell_id": 890, "lon": 76.247888876324069, "lat": 9.9920768954365737 }, "geometry": { "type": "Polygon", "coordinates": [ [ [ 76.25016929900616, 9.989831117499095 ], [ 76.25016929900616, 9.99432267337405 ], [ 76.245608453641964, 9.99432267337405 ], [ 76.245608453641964, 9.989831117499095 ], [ 76.25016929900616, 9.989831117499095 ] ] ] } },
{ "type": "Feature", "properties": { "cell_id": 891, "lon": 76.252449721688265, "lat": 9.9920768954365737 }, "geometry": { "type": "Polygon", "coordinates": [ [ [ 76.254730144370356, 9.989831117499095 ], [ 76.254730144370356, 9.99432267337405 ], [ 76.25016929900616, 9.99432267337405 ], [ 76.25016929900616, 9.989831117499095 ], [ 76.254730144370356, 9.989831117499095 ] ] ] } },
{ "type": "Feature", "properties": { "cell_id": 892, "lon": 76.257010567052461, "lat": 9.9920768954365737 }, "geometry": { "type": "Polygon", "coordinates": [ [ [ 76.259290989734552, 9.989831117499095 ], [ 76.259290989734552, 9.99432267337405 ], [ 76.254730144370356, 9.99432267337405 ], [ 76.254730144370356, 9.989831117499095 ], [ 76.259290989734552, 9.989831117499095 ] ] ] } },
{ "type": "Feature", "properties": { "cell_id": 893, "lon": 76.261571412416657, "lat": 9.9920768954365737 }, "geometry": { "type": "Polygon", "coordinates": [ [ [ 76.263851835098748, 9.989831117499095 ], [ 76.263851835098748, 9.99432267337405 ], [ 76.259290989734552, 9.99432267337405 ], [ 76.259290989734552, 9.989831117499095 ], [ 76.263851835098748, 9.989831117499095 ] ] ] } },
{ "type": "Feature", "properties": { "cell_id": 894, "lon": 76.266132257780853, "lat": 9.9920768954365737 }, "geometry": { "type": "Polygon", "coordinates": [ [ [ 76.268412680462944, 9.989831117499095 ], [ 76.268412680462944, 9.99432267337405 ], [ 76.263851835098748, 9.99432267337405 ], [ 76.263851835098748, 9.989831117499095 ], [ 76.268412680462944, 9.989831117499095 ] ] ] } },
{ "type": "Feature", "properties": { "cell_id": 895, "lon": 76.270693103145049, "lat": 9.9920768954365737 }, "geometry": { "type": "Polygon", "coordinates": [ [ [ 76.27297352582714, 9.989831117499095 ], [ 76.27297352582714, 9.99432267337405 ], [ 76.268412680462944, 9.99432267337405 ], [ 76.268412680462944, 9.989831117499095 ], [ 76.27297352582714, 9.989831117499095 ] ] ] } },
{ "type": "Feature", "properties": { "cell_id": 896, "lon": 76.275253948509246, "lat": 9.9920768954365737 }, "geometry": { "type": "Polygon", "coordinates": [ [ [ 76.277534371191337, 9.989831117499095 ], [ 76.277534371191337, 9.99432267337405 ], [ 76.27297352582714, 9.99432267337405 ], [ 76.27297352582714, 9.989831117499095 ], [ 76.277534371191337, 9.989831117499095 ] ] ] } },
{ "type": "Feature", "properties": { "cell_id": 897, "lon": 76.279814793873442, "lat": 9.9920768954365737 }, "geometry": { "type": "Polygon", "coordinates": [ [ [ 76.282095216555533, 9.989831117499095 ], [ 76.282095216555533, 9.99432267337405 ], [ 76.277534371191337, 9.99432267337405 ], [ 76.277534371191337, 9.989831117499095 ], [ 76.282095216555533, 9.989831117499095 ] ] ] } },
{ "type": "Feature", "properties": { "cell_id": 898, "lon": 76.284375639237638, "lat": 9.9920768954365737 }, "geometry": { "type": "Polygon", "coordinates": [ [ [ 76.286656061919729, 9.989831117499095 ], [ 76.286656061919729, 9.99432267337405 ], [ 76.282095216555533, 9.99432267337405 ], [ 76.282095216555533, 9.989831117499095 ], [ 76.286656061919729, 9.989831117499095 ] ] ] } },
{ "type": "Feature", "properties": { "cell_id": 899, "lon": 76.288936484601834, "lat": 9.9920768954365737 }, "geometry": { "type": "Polygon", "coordinates": [ [ [ 76.291216907283925, 9.989831117499095 ], [ 76.291216907283925, 9.99432267337405 ], [ 76.286656061919729, 9.99432267337405 ], [ 76.286656061919729, 9.989831117499095 ], [ 76.291216907283925, 9.989831117499095 ] ] ] } },
{ "type": "Feature", "properties": { "cell_id": 900, "lon": 76.29349732996603, "lat": 9.9920768954365737 }, "geometry": { "type": "Polygon", "coordinates": [ [ [ 76.295777752648121, 9.989831117499095 ], [ 76.295777752648121, 9.99432267337405 ], [ 76.291216907283925, 9.99432267337405 ], [ 76.291216907283925, 9.989831117499095 ], [ 76.295777752648121, 9.989831117499095 ] ] ] } },
{ "type": "Feature", "properties": { "cell_id": 901, "lon": 76.298058175330226, "lat": 9.9920768954365737 }, "geometry": { "type": "Polygon", "coordinates": [ [ [ 76.300338598012317, 9.989831117499095 ], [ 76.300338598012317, 9.99432267337405 ], [ 76.295777752648121, 9.99432267337405 ], [ 76.295777752648121, 9.989831117499095 ], [ 76.300338598012317, 9.989831117499095 ] ] ] } },
{ "type": "Feature", "properties": { "cell_id": 902, "lon": 76.302619020694422, "lat": 9.9920768954365737 }, "geometry": { "type": "Polygon", "coordinates": [ [ [ 76.304899443376513, 9.989831117499095 ], [ 76.304899443376513, 9.99432267337405 ], [ 76.300338598012317, 9.99432267337405 ], [ 76.300338598012317, 9.989831117499095 ], [ 76.304899443376513, 9.989831117499095 ] ] ] } },
{ "type": "Feature", "properties": { "cell_id": 903, "lon": 76.307179866058618, "lat": 9.9920768954365737 }, "geometry": { "type": "Polygon", "coordinates": [ [ [ 76.309460288740709, 9.989831117499095 ], [ 76.309460288740709, 9.99432267337405 ], [ 76.304899443376513, 9.99432267337405 ], [ 76.304899443376513, 9.989831117499095 ], [ 76.309460288740709, 9.989831117499095 ] ] ] } },
{ "type": "Feature", "properties": { "cell_id": 904, "lon": 76.311740711422814, "lat": 9.9920768954365737 }, "geometry": { "type": "Polygon", "coordinates": [ [ [ 76.314021134104905, 9.989831117499095 ], [ 76.314021134104905, 9.99432267337405 ], [ 76.309460288740709, 9.99432267337405 ], [ 76.309460288740709, 9.989831117499095 ], [ 76.314021134104905, 9.989831117499095 ] ] ] } },
{ "type": "Feature", "properties": { "cell_id": 905, "lon": 76.31630155678701, "lat": 9.9920768954365737 }, "geometry": { "type": "Polygon", "coordinates": [ [ [ 76.318581979469101, 9.989831117499095 ], [ 76.318581979469101, 9.99432267337405 ], [ 76.314021134104905, 9.99432267337405 ], [ 76.314021134104905, 9.989831117499095 ], [ 76.318581979469101, 9.989831117499095 ] ] ] } },
{ "type": "Feature", "properties": { "cell_id": 906, "lon": 76.320862402151207, "lat": 9.9920768954365737 }, "geometry": { "type": "Polygon", "coordinates": [ [ [ 76.323142824833297, 9.989831117499095 ], [ 76.323142824833297, 9.99432267337405 ], [ 76.318581979469101, 9.99432267337405 ], [ 76.318581979469101, 9.989831117499095 ], [ 76.323142824833297, 9.989831117499095 ] ] ] } },
{ "type": "Feature", "properties": { "cell_id": 907, "lon": 76.325423247515403, "lat": 9.9920768954365737 }, "geometry": { "type": "Polygon", "coordinates": [ [ [ 76.327703670197494, 9.989831117499095 ], [ 76.327703670197494, 9.99432267337405 ], [ 76.323142824833297, 9.99432267337405 ], [ 76.323142824833297, 9.989831117499095 ], [ 76.327703670197494, 9.989831117499095 ] ] ] } },
{ "type": "Feature", "properties": { "cell_id": 908, "lon": 76.329984092879599, "lat": 9.9920768954365737 }, "geometry": { "type": "Polygon", "coordinates": [ [ [ 76.33226451556169, 9.989831117499095 ], [ 76.33226451556169, 9.99432267337405 ], [ 76.327703670197494, 9.99432267337405 ], [ 76.327703670197494, 9.989831117499095 ], [ 76.33226451556169, 9.989831117499095 ] ] ] } },
{ "type": "Feature", "properties": { "cell_id": 909, "lon": 76.334544938243795, "lat": 9.9920768954365737 }, "geometry": { "type": "Polygon", "coordinates": [ [ [ 76.336825360925886, 9.989831117499095 ], [ 76.336825360925886, 9.99432267337405 ], [ 76.33226451556169, 9.99432267337405 ], [ 76.33226451556169, 9.989831117499095 ], [ 76.336825360925886, 9.989831117499095 ] ] ] } },
{ "type": "Feature", "properties": { "cell_id": 910, "lon": 76.339105783607991, "lat": 9.9920768954365737 }, "geometry": { "type": "Polygon", "coordinates": [ [ [ 76.341386206290082, 9.989831117499095 ], [ 76.341386206290082, 9.99432267337405 ], [ 76.336825360925886, 9.99432267337405 ], [ 76.336825360925886, 9.989831117499095 ], [ 76.341386206290082, 9.989831117499095 ] ] ] } },
{ "type": "Feature", "properties": { "cell_id": 911, "lon": 76.343666628972187, "lat": 9.9920768954365737 }, "geometry": { "type": "Polygon", "coordinates": [ [ [ 76.345947051654278, 9.989831117499095 ], [ 76.345947051654278, 9.99432267337405 ], [ 76.341386206290082, 9.99432267337405 ], [ 76.341386206290082, 9.989831117499095 ], [ 76.345947051654278, 9.989831117499095 ] ] ] } },
{ "type": "Feature", "properties": { "cell_id": 912, "lon": 76.348227474336383, "lat": 9.9920768954365737 }, "geometry": { "type": "Polygon", "coordinates": [ [ [ 76.350507897018474, 9.989831117499095 ], [ 76.350507897018474, 9.99432267337405 ], [ 76.345947051654278, 9.99432267337405 ], [ 76.345947051654278, 9.989831117499095 ], [ 76.350507897018474, 9.989831117499095 ] ] ] } },
{ "type": "Feature", "properties": { "cell_id": 913, "lon": 76.352788319700579, "lat": 9.9920768954365737 }, "geometry": { "type": "Polygon", "coordinates": [ [ [ 76.35506874238267, 9.989831117499095 ], [ 76.35506874238267, 9.99432267337405 ], [ 76.350507897018474, 9.99432267337405 ], [ 76.350507897018474, 9.989831117499095 ], [ 76.35506874238267, 9.989831117499095 ] ] ] } },
{ "type": "Feature", "properties": { "cell_id": 914, "lon": 76.357349165064775, "lat": 9.9920768954365737 }, "geometry": { "type": "Polygon", "coordinates": [ [ [ 76.359629587746866, 9.989831117499095 ], [ 76.359629587746866, 9.99432267337405 ], [ 76.35506874238267, 9.99432267337405 ], [ 76.35506874238267, 9.989831117499095 ], [ 76.359629587746866, 9.989831117499095 ] ] ] } },
{ "type": "Feature", "properties": { "cell_id": 915, "lon": 76.361910010428971, "lat": 9.9920768954365737 }, "geometry": { "type": "Polygon", "coordinates": [ [ [ 76.364190433111062, 9.989831117499095 ], [ 76.364190433111062, 9.99432267337405 ], [ 76.359629587746866, 9.99432267337405 ], [ 76.359629587746866, 9.989831117499095 ], [ 76.364190433111062, 9.989831117499095 ] ] ] } },
{ "type": "Feature", "properties": { "cell_id": 916, "lon": 76.366470855793168, "lat": 9.9920768954365737 }, "geometry": { "type": "Polygon", "coordinates": [ [ [ 76.368751278475258, 9.989831117499095 ], [ 76.368751278475258, 9.99432267337405 ], [ 76.364190433111062, 9.99432267337405 ], [ 76.364190433111062, 9.989831117499095 ], [ 76.368751278475258, 9.989831117499095 ] ] ] } },
{ "type": "Feature", "properties": { "cell_id": 917, "lon": 76.371031701157364, "lat": 9.9920768954365737 }, "geometry": { "type": "Polygon", "coordinates": [ [ [ 76.373312123839455, 9.989831117499095 ], [ 76.373312123839455, 9.99432267337405 ], [ 76.368751278475258, 9.99432267337405 ], [ 76.368751278475258, 9.989831117499095 ], [ 76.373312123839455, 9.989831117499095 ] ] ] } },
{ "type": "Feature", "properties": { "cell_id": 918, "lon": 76.37559254652156, "lat": 9.9920768954365737 }, "geometry": { "type": "Polygon", "coordinates": [ [ [ 76.377872969203651, 9.989831117499095 ], [ 76.377872969203651, 9.99432267337405 ], [ 76.373312123839455, 9.99432267337405 ], [ 76.373312123839455, 9.989831117499095 ], [ 76.377872969203651, 9.989831117499095 ] ] ] } },
{ "type": "Feature", "properties": { "cell_id": 919, "lon": 76.380153391885756, "lat": 9.9920768954365737 }, "geometry": { "type": "Polygon", "coordinates": [ [ [ 76.382433814567847, 9.989831117499095 ], [ 76.382433814567847, 9.99432267337405 ], [ 76.377872969203651, 9.99432267337405 ], [ 76.377872969203651, 9.989831117499095 ], [ 76.382433814567847, 9.989831117499095 ] ] ] } },
{ "type": "Feature", "properties": { "cell_id": 920, "lon": 76.384714237249952, "lat": 9.9920768954365737 }, "geometry": { "type": "Polygon", "coordinates": [ [ [ 76.386994659932043, 9.989831117499095 ], [ 76.386994659932043, 9.99432267337405 ], [ 76.382433814567847, 9.99432267337405 ], [ 76.382433814567847, 9.989831117499095 ], [ 76.386994659932043, 9.989831117499095 ] ] ] } },
{ "type": "Feature", "properties": { "cell_id": 921, "lon": 76.389275082614148, "lat": 9.9920768954365737 }, "geometry": { "type": "Polygon", "coordinates": [ [ [ 76.391555505296239, 9.989831117499095 ], [ 76.391555505296239, 9.99432267337405 ], [ 76.386994659932043, 9.99432267337405 ], [ 76.386994659932043, 9.989831117499095 ], [ 76.391555505296239, 9.989831117499095 ] ] ] } },
{ "type": "Feature", "properties": { "cell_id": 922, "lon": 76.393835927978344, "lat": 9.9920768954365737 }, "geometry": { "type": "Polygon", "coordinates": [ [ [ 76.396116350660435, 9.989831117499095 ], [ 76.396116350660435, 9.99432267337405 ], [ 76.391555505296239, 9.99432267337405 ], [ 76.391555505296239, 9.989831117499095 ], [ 76.396116350660435, 9.989831117499095 ] ] ] } },
{ "type": "Feature", "properties": { "cell_id": 923, "lon": 76.39839677334254, "lat": 9.9920768954365737 }, "geometry": { "type": "Polygon", "coordinates": [ [ [ 76.400677196024631, 9.989831117499095 ], [ 76.400677196024631, 9.99432267337405 ], [ 76.396116350660435, 9.99432267337405 ], [ 76.396116350660435, 9.989831117499095 ], [ 76.400677196024631, 9.989831117499095 ] ] ] } },
{ "type": "Feature", "properties": { "cell_id": 924, "lon": 76.202280422682108, "lat": 9.9965684513115285 }, "geometry": { "type": "Polygon", "coordinates": [ [ [ 76.204560845364199, 9.99432267337405 ], [ 76.204560845364199, 9.998814229249005 ], [ 76.2, 9.998814229249005 ], [ 76.2, 9.99432267337405 ], [ 76.204560845364199, 9.99432267337405 ] ] ] } },
{ "type": "Feature", "properties": { "cell_id": 925, "lon": 76.206841268046304, "lat": 9.9965684513115285 }, "geometry": { "type": "Polygon", "coordinates": [ [ [ 76.209121690728395, 9.99432267337405 ], [ 76.209121690728395, 9.998814229249005 ], [ 76.204560845364199, 9.998814229249005 ], [ 76.204560845364199, 9.99432267337405 ], [ 76.209121690728395, 9.99432267337405 ] ] ] } },
{ "type": "Feature", "properties": { "cell_id": 926, "lon": 76.2114021134105, "lat": 9.9965684513115285 }, "geometry": { "type": "Polygon", "coordinates": [ [ [ 76.213682536092591, 9.99432267337405 ], [ 76.213682536092591, 9.998814229249005 ], [ 76.209121690728395, 9.998814229249005 ], [ 76.209121690728395, 9.99432267337405 ], [ 76.213682536092591, 9.99432267337405 ] ] ] } },
{ "type": "Feature", "properties": { "cell_id": 927, "lon": 76.215962958774696, "lat": 9.9965684513115285 }, "geometry": { "type": "Polygon", "coordinates": [ [ [ 76.218243381456787, 9.99432267337405 ], [ 76.218243381456787, 9.998814229249005 ], [ 76.213682536092591, 9.998814229249005 ], [ 76.213682536092591, 9.99432267337405 ], [ 76.218243381456787, 9.99432267337405 ] ] ] } },
{ "type": "Feature", "properties": { "cell_id": 928, "lon": 76.220523804138892, "lat": 9.9965684513115285 }, "geometry": { "type": "Polygon", "coordinates": [ [ [ 76.222804226820983, 9.99432267337405 ], [ 76.222804226820983, 9.998814229249005 ], [ 76.218243381456787, 9.998814229249005 ], [ 76.218243381456787, 9.99432267337405 ], [ 76.222804226820983, 9.99432267337405 ] ] ] } },
{ "type": "Feature", "properties": { "cell_id": 929, "lon": 76.225084649503088, "lat": 9.9965684513115285 }, "geometry": { "type": "Polygon", "coordinates": [ [ [ 76.227365072185179, 9.99432267337405 ], [ 76.227365072185179, 9.998814229249005 ], [ 76.222804226820983, 9.998814229249005 ], [ 76.222804226820983, 9.99432267337405 ], [ 76.227365072185179, 9.99432267337405 ] ] ] } },
{ "type": "Feature", "properties": { "cell_id": 930, "lon": 76.229645494867285, "lat": 9.9965684513115285 }, "geometry": { "type": "Polygon", "coordinates": [ [ [ 76.231925917549376, 9.99432267337405 ], [ 76.231925917549376, 9.998814229249005 ], [ 76.227365072185179, 9.998814229249005 ], [ 76.227365072185179, 9.99432267337405 ], [ 76.231925917549376, 9.99432267337405 ] ] ] } },
{ "type": "Feature", "properties": { "cell_id": 931, "lon": 76.234206340231481, "lat": 9.9965684513115285 }, "geometry": { "type": "Polygon", "coordinates": [ [ [ 76.236486762913572, 9.99432267337405 ], [ 76.236486762913572, 9.998814229249005 ], [ 76.231925917549376, 9.998814229249005 ], [ 76.231925917549376, 9.99432267337405 ], [ 76.236486762913572, 9.99432267337405 ] ] ] } },
{ "type": "Feature", "properties": { "cell_id": 932, "lon": 76.238767185595677, "lat": 9.9965684513115285 }, "geometry": { "type": "Polygon", "coordinates": [ [ [ 76.241047608277768, 9.99432267337405 ], [ 76.241047608277768, 9.998814229249005 ], [ 76.236486762913572, 9.998814229249005 ], [ 76.236486762913572, 9.99432267337405 ], [ 76.241047608277768, 9.99432267337405 ] ] ] } },
{ "type": "Feature", "properties": { "cell_id": 933, "lon": 76.243328030959873, "lat": 9.9965684513115285 }, "geometry": { "type": "Polygon", "coordinates": [ [ [ 76.245608453641964, 9.99432267337405 ], [ 76.245608453641964, 9.998814229249005 ], [ 76.241047608277768, 9.998814229249005 ], [ 76.241047608277768, 9.99432267337405 ], [ 76.245608453641964, 9.99432267337405 ] ] ] } },
{ "type": "Feature", "properties": { "cell_id": 934, "lon": 76.247888876324069, "lat": 9.9965684513115285 }, "geometry": { "type": "Polygon", "coordinates": [ [ [ 76.25016929900616, 9.99432267337405 ], [ 76.25016929900616, 9.998814229249005 ], [ 76.245608453641964, 9.998814229249005 ], [ 76.245608453641964, 9.99432267337405 ], [ 76.25016929900616, 9.99432267337405 ] ] ] } },
{ "type": "Feature", "properties": { "cell_id": 935, "lon": 76.252449721688265, "lat": 9.9965684513115285 }, "geometry": { "type": "Polygon", "coordinates": [ [ [ 76.254730144370356, 9.99432267337405 ], [ 76.254730144370356, 9.998814229249005 ], [ 76.25016929900616, 9.998814229249005 ], [ 76.25016929900616, 9.99432267337405 ], [ 76.254730144370356, 9.99432267337405 ] ] ] } },
{ "type": "Feature", "properties": { "cell_id": 936, "lon": 76.257010567052461, "lat": 9.9965684513115285 }, "geometry": { "type": "Polygon", "coordinates": [ [ [ 76.259290989734552, 9.99432267337405 ], [ 76.259290989734552, 9.998814229249005 ], [ 76.254730144370356, 9.998814229249005 ], [ 76.254730144370356, 9.99432267337405 ], [ 76.259290989734552, 9.99432267337405 ] ] ] } },
{ "type": "Feature", "properties": { "cell_id": 937, "lon": 76.261571412416657, "lat": 9.9965684513115285 }, "geometry": { "type": "Polygon", "coordinates": [ [ [ 76.263851835098748, 9.99432267337405 ], [ 76.263851835098748, 9.998814229249005 ], [ 76.259290989734552, 9.998814229249005 ], [ 76.259290989734552, 9.99432267337405 ], [ 76.263851835098748, 9.99432267337405 ] ] ] } },
{ "type": "Feature", "properties": { "cell_id": 938, "lon": 76.266132257780853, "lat": 9.9965684513115285 }, "geometry": { "type": "Polygon", "coordinates": [ [ [ 76.268412680462944, 9.99432267337405 ], [ 76.268412680462944, 9.998814229249005 ], [ 76.263851835098748, 9.998814229249005 ], [ 76.263851835098748, 9.99432267337405 ], [ 76.268412680462944, 9.99432267337405 ] ] ] } },
{ "type": "Feature", "properties": { "cell_id": 939, "lon": 76.270693103145049, "lat": 9.9965684513115285 }, "geometry": { "type": "Polygon", "coordinates": [ [ [ 76.27297352582714, 9.99432267337405 ], [ 76.27297352582714, 9.998814229249005 ], [ 76.268412680462944, 9.998814229249005 ], [ 76.268412680462944, 9.99432267337405 ], [ 76.27297352582714, 9.99432267337405 ] ] ] } },
{ "type": "Feature", "properties": { "cell_id": 940, "lon": 76.275253948509246, "lat": 9.9965684513115285 }, "geometry": { "type": "Polygon", "coordinates": [ [ [ 76.277534371191337, 9.99432267337405 ], [ 76.277534371191337, 9.998814229249005 ], [ 76.27297352582714, 9.998814229249005 ], [ 76.27297352582714, 9.99432267337405 ], [ 76.277534371191337, 9.99432267337405 ] ] ] } },
{ "type": "Feature", "properties": { "cell_id": 941, "lon": 76.279814793873442, "lat": 9.9965684513115285 }, "geometry": { "type": "Polygon", "coordinates": [ [ [ 76.282095216555533, 9.99432267337405 ], [ 76.282095216555533, 9.998814229249005 ], [ 76.277534371191337, 9.998814229249005 ], [ 76.277534371191337, 9.99432267337405 ], [ 76.282095216555533, 9.99432267337405 ] ] ] } },
{ "type": "Feature", "properties": { "cell_id": 942, "lon": 76.284375639237638, "lat": 9.9965684513115285 }, "geometry": { "type": "Polygon", "coordinates": [ [ [ 76.286656061919729, 9.99432267337405 ], [ 76.286656061919729, 9.998814229249005 ], [ 76.282095216555533, 9.998814229249005 ], [ 76.282095216555533, 9.99432267337405 ], [ 76.286656061919729, 9.99432267337405 ] ] ] } },
{ "type": "Feature", "properties": { "cell_id": 943, "lon": 76.288936484601834, "lat": 9.9965684513115285 }, "geometry": { "type": "Polygon", "coordinates": [ [ [ 76.291216907283925, 9.99432267337405 ], [ 76.291216907283925, 9.998814229249005 ], [ 76.286656061919729, 9.998814229249005 ], [ 76.286656061919729, 9.99432267337405 ], [ 76.291216907283925, 9.99432267337405 ] ] ] } },
{ "type": "Feature", "properties": { "cell_id": 944, "lon": 76.29349732996603, "lat": 9.9965684513115285 }, "geometry": { "type": "Polygon", "coordinates": [ [ [ 76.295777752648121, 9.99432267337405 ], [ 76.295777752648121, 9.998814229249005 ], [ 76.291216907283925, 9.998814229249005 ], [ 76.291216907283925, 9.99432267337405 ], [ 76.295777752648121, 9.99432267337405 ] ] ] } },
{ "type": "Feature", "properties": { "cell_id": 945, "lon": 76.298058175330226, "lat": 9.9965684513115285 }, "geometry": { "type": "Polygon", "coordinates": [ [ [ 76.300338598012317, 9.99432267337405 ], [ 76.300338598012317, 9.998814229249005 ], [ 76.295777752648121, 9.998814229249005 ], [ 76.295777752648121, 9.99432267337405 ], [ 76.300338598012317, 9.99432267337405 ] ] ] } },
{ "type": "Feature", "properties": { "cell_id": 946, "lon": 76.302619020694422, "lat": 9.9965684513115285 }, "geometry": { "type": "Polygon", "coordinates": [ [ [ 76.304899443376513, 9.99432267337405 ], [ 76.304899443376513, 9.998814229249005 ], [ 76.300338598012317, 9.998814229249005 ], [ 76.300338598012317, 9.99432267337405 ], [ 76.304899443376513, 9.99432267337405 ] ] ] } },
{ "type": "Feature", "properties": { "cell_id": 947, "lon": 76.307179866058618, "lat": 9.9965684513115285 }, "geometry": { "type": "Polygon", "coordinates": [ [ [ 76.309460288740709, 9.99432267337405 ], [ 76.309460288740709, 9.998814229249005 ], [ 76.304899443376513, 9.998814229249005 ], [ 76.304899443376513, 9.99432267337405 ], [ 76.309460288740709, 9.99432267337405 ] ] ] } },
{ "type": "Feature", "properties": { "cell_id": 948, "lon": 76.311740711422814, "lat": 9.9965684513115285 }, "geometry": { "type": "Polygon", "coordinates": [ [ [ 76.314021134104905, 9.99432267337405 ], [ 76.314021134104905, 9.998814229249005 ], [ 76.309460288740709, 9.998814229249005 ], [ 76.309460288740709, 9.99432267337405 ], [ 76.314021134104905, 9.99432267337405 ] ] ] } },
{ "type": "Feature", "properties": { "cell_id": 949, "lon": 76.31630155678701, "lat": 9.9965684513115285 }, "geometry": { "type": "Polygon", "coordinates": [ [ [ 76.318581979469101, 9.99432267337405 ], [ 76.318581979469101, 9.998814229249005 ], [ 76.314021134104905, 9.998814229249005 ], [ 76.314021134104905, 9.99432267337405 ], [ 76.318581979469101, 9.99432267337405 ] ] ] } },
{ "type": "Feature", "properties": { "cell_id": 950, "lon": 76.320862402151207, "lat": 9.9965684513115285 }, "geometry": { "type": "Polygon", "coordinates": [ [ [ 76.323142824833297, 9.99432267337405 ], [ 76.323142824833297, 9.998814229249005 ], [ 76.318581979469101, 9.998814229249005 ], [ 76.318581979469101, 9.99432267337405 ], [ 76.323142824833297, 9.99432267337405 ] ] ] } },
{ "type": "Feature", "properties": { "cell_id": 951, "lon": 76.325423247515403, "lat": 9.9965684513115285 }, "geometry": { "type": "Polygon", "coordinates": [ [ [ 76.327703670197494, 9.99432267337405 ], [ 76.327703670197494, 9.998814229249005 ], [ 76.323142824833297, 9.998814229249005 ], [ 76.323142824833297, 9.99432267337405 ], [ 76.327703670197494, 9.99432267337405 ] ] ] } },
{ "type": "Feature", "properties": { "cell_id": 952, "lon": 76.329984092879599, "lat": 9.9965684513115285 }, "geometry": { "type": "Polygon", "coordinates": [ [ [ 76.33226451556169, 9.99432267337405 ], [ 76.33226451556169, 9.998814229249005 ], [ 76.327703670197494, 9.998814229249005 ], [ 76.327703670197494, 9.99432267337405 ], [ 76.33226451556169, 9.99432267337405 ] ] ] } },
{ "type": "Feature", "properties": { "cell_id": 953, "lon": 76.334544938243795, "lat": 9.9965684513115285 }, "geometry": { "type": "Polygon", "coordinates": [ [ [ 76.336825360925886, 9.99432267337405 ], [ 76.336825360925886, 9.998814229249005 ], [ 76.33226451556169, 9.998814229249005 ], [ 76.33226451556169, 9.99432267337405 ], [ 76.336825360925886, 9.99432267337405 ] ] ] } },
{ "type": "Feature", "properties": { "cell_id": 954, "lon": 76.339105783607991, "lat": 9.9965684513115285 }, "geometry": { "type": "Polygon", "coordinates": [ [ [ 76.341386206290082, 9.99432267337405 ], [ 76.341386206290082, 9.998814229249005 ], [ 76.336825360925886, 9.998814229249005 ], [ 76.336825360925886, 9.99432267337405 ], [ 76.341386206290082, 9.99432267337405 ] ] ] } },
{ "type": "Feature", "properties": { "cell_id": 955, "lon": 76.343666628972187, "lat": 9.9965684513115285 }, "geometry": { "type": "Polygon", "coordinates": [ [ [ 76.345947051654278, 9.99432267337405 ], [ 76.345947051654278, 9.998814229249005 ], [ 76.341386206290082, 9.998814229249005 ], [ 76.341386206290082, 9.99432267337405 ], [ 76.345947051654278, 9.99432267337405 ] ] ] } },
{ "type": "Feature", "properties": { "cell_id": 956, "lon": 76.348227474336383, "lat": 9.9965684513115285 }, "geometry": { "type": "Polygon", "coordinates": [ [ [ 76.350507897018474, 9.99432267337405 ], [ 76.350507897018474, 9.998814229249005 ], [ 76.345947051654278, 9.998814229249005 ], [ 76.345947051654278, 9.99432267337405 ], [ 76.350507897018474, 9.99432267337405 ] ] ] } },
{ "type": "Feature", "properties": { "cell_id": 957, "lon": 76.352788319700579, "lat": 9.9965684513115285 }, "geometry": { "type": "Polygon", "coordinates": [ [ [ 76.35506874238267, 9.99432267337405 ], [ 76.35506874238267, 9.998814229249005 ], [ 76.350507897018474, 9.998814229249005 ], [ 76.350507897018474, 9.99432267337405 ], [ 76.35506874238267, 9.99432267337405 ] ] ] } },
{ "type": "Feature", "properties": { "cell_id": 958, "lon": 76.357349165064775, "lat": 9.9965684513115285 }, "geometry": { "type": "Polygon", "coordinates": [ [ [ 76.359629587746866, 9.99432267337405 ], [ 76.359629587746866, 9.998814229249005 ], [ 76.35506874238267, 9.998814229249005 ], [ 76.35506874238267, 9.99432267337405 ], [ 76.359629587746866, 9.99432267337405 ] ] ] } },
{ "type": "Feature", "properties": { "cell_id": 959, "lon": 76.361910010428971, "lat": 9.9965684513115285 }, "geometry": { "type": "Polygon", "coordinates": [ [ [ 76.364190433111062, 9.99432267337405 ], [ 76.364190433111062, 9.998814229249005 ], [ 76.359629587746866, 9.998814229249005 ], [ 76.359629587746866, 9.99432267337405 ], [ 76.364190433111062, 9.99432267337405 ] ] ] } },
{ "type": "Feature", "properties": { "cell_id": 960, "lon": 76.366470855793168, "lat": 9.9965684513115285 }, "geometry": { "type": "Polygon", "coordinates": [ [ [ 76.368751278475258, 9.99432267337405 ], [ 76.368751278475258, 9.998814229249005 ], [ 76.364190433111062, 9.998814229249005 ], [ 76.364190433111062, 9.99432267337405 ], [ 76.368751278475258, 9.99432267337405 ] ] ] } },
{ "type": "Feature", "properties": { "cell_id": 961, "lon": 76.371031701157364, "lat": 9.9965684513115285 }, "geometry": { "type": "Polygon", "coordinates": [ [ [ 76.373312123839455, 9.99432267337405 ], [ 76.373312123839455, 9.998814229249005 ], [ 76.368751278475258, 9.998814229249005 ], [ 76.368751278475258, 9.99432267337405 ], [ 76.373312123839455, 9.99432267337405 ] ] ] } },
{ "type": "Feature", "properties": { "cell_id": 962, "lon": 76.37559254652156, "lat": 9.9965684513115285 }, "geometry": { "type": "Polygon", "coordinates": [ [ [ 76.377872969203651, 9.99432267337405 ], [ 76.377872969203651, 9.998814229249005 ], [ 76.373312123839455, 9.998814229249005 ], [ 76.373312123839455, 9.99432267337405 ], [ 76.377872969203651, 9.99432267337405 ] ] ] } },
{ "type": "Feature", "properties": { "cell_id": 963, "lon": 76.380153391885756, "lat": 9.9965684513115285 }, "geometry": { "type": "Polygon", "coordinates": [ [ [ 76.382433814567847, 9.99432267337405 ], [ 76.382433814567847, 9.998814229249005 ], [ 76.377872969203651, 9.998814229249005 ], [ 76.377872969203651, 9.99432267337405 ], [ 76.382433814567847, 9.99432267337405 ] ] ] } },
{ "type": "Feature", "properties": { "cell_id": 964, "lon": 76.384714237249952, "lat": 9.9965684513115285 }, "geometry": { "type": "Polygon", "coordinates": [ [ [ 76.386994659932043, 9.99432267337405 ], [ 76.386994659932043, 9.998814229249005 ], [ 76.382433814567847, 9.998814229249005 ], [ 76.382433814567847, 9.99432267337405 ], [ 76.386994659932043, 9.99432267337405 ] ] ] } },
{ "type": "Feature", "properties": { "cell_id": 965, "lon": 76.389275082614148, "lat": 9.9965684513115285 }, "geometry": { "type": "Polygon", "coordinates": [ [ [ 76.391555505296239, 9.99432267337405 ], [ 76.391555505296239, 9.998814229249005 ], [ 76.386994659932043, 9.998814229249005 ], [ 76.386994659932043, 9.99432267337405 ], [ 76.391555505296239, 9.99432267337405 ] ] ] } },
{ "type": "Feature", "properties": { "cell_id": 966, "lon": 76.393835927978344, "lat": 9.9965684513115285 }, "geometry": { "type": "Polygon", "coordinates": [ [ [ 76.396116350660435, 9.99432267337405 ], [ 76.396116350660435, 9.998814229249005 ], [ 76.391555505296239, 9.998814229249005 ], [ 76.391555505296239, 9.99432267337405 ], [ 76.396116350660435, 9.99432267337405 ] ] ] } },
{ "type": "Feature", "properties": { "cell_id": 967, "lon": 76.39839677334254, "lat": 9.9965684513115285 }, "geometry": { "type": "Polygon", "coordinates": [ [ [ 76.400677196024631, 9.99432267337405 ], [ 76.400677196024631, 9.998814229249005 ], [ 76.396116350660435, 9.998814229249005 ], [ 76.396116350660435, 9.99432267337405 ], [ 76.400677196024631, 9.99432267337405 ] ] ] } },
{ "type": "Feature", "properties": { "cell_id": 968, "lon": 76.202280422682108, "lat": 10.001060007186483 }, "geometry": { "type": "Polygon", "coordinates": [ [ [ 76.204560845364199, 9.998814229249005 ], [ 76.204560845364199, 10.00330578512396 ], [ 76.2, 10.00330578512396 ], [ 76.2, 9.998814229249005 ], [ 76.204560845364199, 9.998814229249005 ] ] ] } },
{ "type": "Feature", "properties": { "cell_id": 969, "lon": 76.206841268046304, "lat": 10.001060007186483 }, "geometry": { "type": "Polygon", "coordinates": [ [ [ 76.209121690728395, 9.998814229249005 ], [ 76.209121690728395, 10.00330578512396 ], [ 76.204560845364199, 10.00330578512396 ], [ 76.204560845364199, 9.998814229249005 ], [ 76.209121690728395, 9.998814229249005 ] ] ] } },
{ "type": "Feature", "properties": { "cell_id": 970, "lon": 76.2114021134105, "lat": 10.001060007186483 }, "geometry": { "type": "Polygon", "coordinates": [ [ [ 76.213682536092591, 9.998814229249005 ], [ 76.213682536092591, 10.00330578512396 ], [ 76.209121690728395, 10.00330578512396 ], [ 76.209121690728395, 9.998814229249005 ], [ 76.213682536092591, 9.998814229249005 ] ] ] } },
{ "type": "Feature", "properties": { "cell_id": 971, "lon": 76.215962958774696, "lat": 10.001060007186483 }, "geometry": { "type": "Polygon", "coordinates": [ [ [ 76.218243381456787, 9.998814229249005 ], [ 76.218243381456787, 10.00330578512396 ], [ 76.213682536092591, 10.00330578512396 ], [ 76.213682536092591, 9.998814229249005 ], [ 76.218243381456787, 9.998814229249005 ] ] ] } },
{ "type": "Feature", "properties": { "cell_id": 972, "lon": 76.220523804138892, "lat": 10.001060007186483 }, "geometry": { "type": "Polygon", "coordinates": [ [ [ 76.222804226820983, 9.998814229249005 ], [ 76.222804226820983, 10.00330578512396 ], [ 76.218243381456787, 10.00330578512396 ], [ 76.218243381456787, 9.998814229249005 ], [ 76.222804226820983, 9.998814229249005 ] ] ] } },
{ "type": "Feature", "properties": { "cell_id": 973, "lon": 76.225084649503088, "lat": 10.001060007186483 }, "geometry": { "type": "Polygon", "coordinates": [ [ [ 76.227365072185179, 9.998814229249005 ], [ 76.227365072185179, 10.00330578512396 ], [ 76.222804226820983, 10.00330578512396 ], [ 76.222804226820983, 9.998814229249005 ], [ 76.227365072185179, 9.998814229249005 ] ] ] } },
{ "type": "Feature", "properties": { "cell_id": 974, "lon": 76.229645494867285, "lat": 10.001060007186483 }, "geometry": { "type": "Polygon", "coordinates": [ [ [ 76.231925917549376, 9.998814229249005 ], [ 76.231925917549376, 10.00330578512396 ], [ 76.227365072185179, 10.00330578512396 ], [ 76.227365072185179, 9.998814229249005 ], [ 76.231925917549376, 9.998814229249005 ] ] ] } },
{ "type": "Feature", "properties": { "cell_id": 975, "lon": 76.234206340231481, "lat": 10.001060007186483 }, "geometry": { "type": "Polygon", "coordinates": [ [ [ 76.236486762913572, 9.998814229249005 ], [ 76.236486762913572, 10.00330578512396 ], [ 76.231925917549376, 10.00330578512396 ], [ 76.231925917549376, 9.998814229249005 ], [ 76.236486762913572, 9.998814229249005 ] ] ] } },
{ "type": "Feature", "properties": { "cell_id": 976, "lon": 76.238767185595677, "lat": 10.001060007186483 }, "geometry": { "type": "Polygon", "coordinates": [ [ [ 76.241047608277768, 9.998814229249005 ], [ 76.241047608277768, 10.00330578512396 ], [ 76.236486762913572, 10.00330578512396 ], [ 76.236486762913572, 9.998814229249005 ], [ 76.241047608277768, 9.998814229249005 ] ] ] } },
{ "type": "Feature", "properties": { "cell_id": 977, "lon": 76.243328030959873, "lat": 10.001060007186483 }, "geometry": { "type": "Polygon", "coordinates": [ [ [ 76.245608453641964, 9.998814229249005 ], [ 76.245608453641964, 10.00330578512396 ], [ 76.241047608277768, 10.00330578512396 ], [ 76.241047608277768, 9.998814229249005 ], [ 76.245608453641964, 9.998814229249005 ] ] ] } },
{ "type": "Feature", "properties": { "cell_id": 978, "lon": 76.247888876324069, "lat": 10.001060007186483 }, "geometry": { "type": "Polygon", "coordinates": [ [ [ 76.25016929900616, 9.998814229249005 ], [ 76.25016929900616, 10.00330578512396 ], [ 76.245608453641964, 10.00330578512396 ], [ 76.245608453641964, 9.998814229249005 ], [ 76.25016929900616, 9.998814229249005 ] ] ] } },
{ "type": "Feature", "properties": { "cell_id": 979, "lon": 76.252449721688265, "lat": 10.001060007186483 }, "geometry": { "type": "Polygon", "coordinates": [ [ [ 76.254730144370356, 9.998814229249005 ], [ 76.254730144370356, 10.00330578512396 ], [ 76.25016929900616, 10.00330578512396 ], [ 76.25016929900616, 9.998814229249005 ], [ 76.254730144370356, 9.998814229249005 ] ] ] } },
{ "type": "Feature", "properties": { "cell_id": 980, "lon": 76.257010567052461, "lat": 10.001060007186483 }, "geometry": { "type": "Polygon", "coordinates": [ [ [ 76.259290989734552, 9.998814229249005 ], [ 76.259290989734552, 10.00330578512396 ], [ 76.254730144370356, 10.00330578512396 ], [ 76.254730144370356, 9.998814229249005 ], [ 76.259290989734552, 9.998814229249005 ] ] ] } },
{ "type": "Feature", "properties": { "cell_id": 981, "lon": 76.261571412416657, "lat": 10.001060007186483 }, "geometry": { "type": "Polygon", "coordinates": [ [ [ 76.263851835098748, 9.998814229249005 ], [ 76.263851835098748, 10.00330578512396 ], [ 76.259290989734552, 10.00330578512396 ], [ 76.259290989734552, 9.998814229249005 ], [ 76.263851835098748, 9.998814229249005 ] ] ] } },
{ "type": "Feature", "properties": { "cell_id": 982, "lon": 76.266132257780853, "lat": 10.001060007186483 }, "geometry": { "type": "Polygon", "coordinates": [ [ [ 76.268412680462944, 9.998814229249005 ], [ 76.268412680462944, 10.00330578512396 ], [ 76.263851835098748, 10.00330578512396 ], [ 76.263851835098748, 9.998814229249005 ], [ 76.268412680462944, 9.998814229249005 ] ] ] } },
{ "type": "Feature", "properties": { "cell_id": 983, "lon": 76.270693103145049, "lat": 10.001060007186483 }, "geometry": { "type": "Polygon", "coordinates": [ [ [ 76.27297352582714, 9.998814229249005 ], [ 76.27297352582714, 10.00330578512396 ], [ 76.268412680462944, 10.00330578512396 ], [ 76.268412680462944, 9.998814229249005 ], [ 76.27297352582714, 9.998814229249005 ] ] ] } },
{ "type": "Feature", "properties": { "cell_id": 984, "lon": 76.275253948509246, "lat": 10.001060007186483 }, "geometry": { "type": "Polygon", "coordinates": [ [ [ 76.277534371191337, 9.998814229249005 ], [ 76.277534371191337, 10.00330578512396 ], [ 76.27297352582714, 10.00330578512396 ], [ 76.27297352582714, 9.998814229249005 ], [ 76.277534371191337, 9.998814229249005 ] ] ] } },
{ "type": "Feature", "properties": { "cell_id": 985, "lon": 76.279814793873442, "lat": 10.001060007186483 }, "geometry": { "type": "Polygon", "coordinates": [ [ [ 76.282095216555533, 9.998814229249005 ], [ 76.282095216555533, 10.00330578512396 ], [ 76.277534371191337, 10.00330578512396 ], [ 76.277534371191337, 9.998814229249005 ], [ 76.282095216555533, 9.998814229249005 ] ] ] } },
{ "type": "Feature", "properties": { "cell_id": 986, "lon": 76.284375639237638, "lat": 10.001060007186483 }, "geometry": { "type": "Polygon", "coordinates": [ [ [ 76.286656061919729, 9.998814229249005 ], [ 76.286656061919729, 10.00330578512396 ], [ 76.282095216555533, 10.00330578512396 ], [ 76.282095216555533, 9.998814229249005 ], [ 76.286656061919729, 9.998814229249005 ] ] ] } },
{ "type": "Feature", "properties": { "cell_id": 987, "lon": 76.288936484601834, "lat": 10.001060007186483 }, "geometry": { "type": "Polygon", "coordinates": [ [ [ 76.291216907283925, 9.998814229249005 ], [ 76.291216907283925, 10.00330578512396 ], [ 76.286656061919729, 10.00330578512396 ], [ 76.286656061919729, 9.998814229249005 ], [ 76.291216907283925, 9.998814229249005 ] ] ] } },
{ "type": "Feature", "properties": { "cell_id": 988, "lon": 76.29349732996603, "lat": 10.001060007186483 }, "geometry": { "type": "Polygon", "coordinates": [ [ [ 76.295777752648121, 9.998814229249005 ], [ 76.295777752648121, 10.00330578512396 ], [ 76.291216907283925, 10.00330578512396 ], [ 76.291216907283925, 9.998814229249005 ], [ 76.295777752648121, 9.998814229249005 ] ] ] } },
{ "type": "Feature", "properties": { "cell_id": 989, "lon": 76.298058175330226, "lat": 10.001060007186483 }, "geometry": { "type": "Polygon", "coordinates": [ [ [ 76.300338598012317, 9.998814229249005 ], [ 76.300338598012317, 10.00330578512396 ], [ 76.295777752648121, 10.00330578512396 ], [ 76.295777752648121, 9.998814229249005 ], [ 76.300338598012317, 9.998814229249005 ] ] ] } },
{ "type": "Feature", "properties": { "cell_id": 990, "lon": 76.302619020694422, "lat": 10.001060007186483 }, "geometry": { "type": "Polygon", "coordinates": [ [ [ 76.304899443376513, 9.998814229249005 ], [ 76.304899443376513, 10.00330578512396 ], [ 76.300338598012317, 10.00330578512396 ], [ 76.300338598012317, 9.998814229249005 ], [ 76.304899443376513, 9.998814229249005 ] ] ] } },
{ "type": "Feature", "properties": { "cell_id": 991, "lon": 76.307179866058618, "lat": 10.001060007186483 }, "geometry": { "type": "Polygon", "coordinates": [ [ [ 76.309460288740709, 9.998814229249005 ], [ 76.309460288740709, 10.00330578512396 ], [ 76.304899443376513, 10.00330578512396 ], [ 76.304899443376513, 9.998814229249005 ], [ 76.309460288740709, 9.998814229249005 ] ] ] } },
{ "type": "Feature", "properties": { "cell_id": 992, "lon": 76.311740711422814, "lat": 10.001060007186483 }, "geometry": { "type": "Polygon", "coordinates": [ [ [ 76.314021134104905, 9.998814229249005 ], [ 76.314021134104905, 10.00330578512396 ], [ 76.309460288740709, 10.00330578512396 ], [ 76.309460288740709, 9.998814229249005 ], [ 76.314021134104905, 9.998814229249005 ] ] ] } },
{ "type": "Feature", "properties": { "cell_id": 993, "lon": 76.31630155678701, "lat": 10.001060007186483 }, "geometry": { "type": "Polygon", "coordinates": [ [ [ 76.318581979469101, 9.998814229249005 ], [ 76.318581979469101, 10.00330578512396 ], [ 76.314021134104905, 10.00330578512396 ], [ 76.314021134104905, 9.998814229249005 ], [ 76.318581979469101, 9.998814229249005 ] ] ] } },
{ "type": "Feature", "properties": { "cell_id": 994, "lon": 76.320862402151207, "lat": 10.001060007186483 }, "geometry": { "type": "Polygon", "coordinates": [ [ [ 76.323142824833297, 9.998814229249005 ], [ 76.323142824833297, 10.00330578512396 ], [ 76.318581979469101, 10.00330578512396 ], [ 76.318581979469101, 9.998814229249005 ], [ 76.323142824833297, 9.998814229249005 ] ] ] } },
{ "type": "Feature", "properties": { "cell_id": 995, "lon": 76.325423247515403, "lat": 10.001060007186483 }, "geometry": { "type": "Polygon", "coordinates": [ [ [ 76.327703670197494, 9.998814229249005 ], [ 76.327703670197494, 10.00330578512396 ], [ 76.323142824833297, 10.00330578512396 ], [ 76.323142824833297, 9.998814229249005 ], [ 76.327703670197494, 9.998814229249005 ] ] ] } },
{ "type": "Feature", "properties": { "cell_id": 996, "lon": 76.329984092879599, "lat": 10.001060007186483 }, "geometry": { "type": "Polygon", "coordinates": [ [ [ 76.33226451556169, 9.998814229249005 ], [ 76.33226451556169, 10.00330578512396 ], [ 76.327703670197494, 10.00330578512396 ], [ 76.327703670197494, 9.998814229249005 ], [ 76.33226451556169, 9.998814229249005 ] ] ] } },
{ "type": "Feature", "properties": { "cell_id": 997, "lon": 76.334544938243795, "lat": 10.001060007186483 }, "geometry": { "type": "Polygon", "coordinates": [ [ [ 76.336825360925886, 9.998814229249005 ], [ 76.336825360925886, 10.00330578512396 ], [ 76.33226451556169, 10.00330578512396 ], [ 76.33226451556169, 9.998814229249005 ], [ 76.336825360925886, 9.998814229249005 ] ] ] } },
{ "type": "Feature", "properties": { "cell_id": 998, "lon": 76.339105783607991, "lat": 10.001060007186483 }, "geometry": { "type": "Polygon", "coordinates": [ [ [ 76.341386206290082, 9.998814229249005 ], [ 76.341386206290082, 10.00330578512396 ], [ 76.336825360925886, 10.00330578512396 ], [ 76.336825360925886, 9.998814229249005 ], [ 76.341386206290082, 9.998814229249005 ] ] ] } },
{ "type": "Feature", "properties": { "cell_id": 999, "lon": 76.343666628972187, "lat": 10.001060007186483 }, "geometry": { "type": "Polygon", "coordinates": [ [ [ 76.345947051654278, 9.998814229249005 ], [ 76.345947051654278, 10.00330578512396 ], [ 76.341386206290082, 10.00330578512396 ], [ 76.341386206290082, 9.998814229249005 ], [ 76.345947051654278, 9.998814229249005 ] ] ] } },
{ "type": "Feature", "properties": { "cell_id": 1000, "lon": 76.348227474336383, "lat": 10.001060007186483 }, "geometry": { "type": "Polygon", "coordinates": [ [ [ 76.350507897018474, 9.998814229249005 ], [ 76.350507897018474, 10.00330578512396 ], [ 76.345947051654278, 10.00330578512396 ], [ 76.345947051654278, 9.998814229249005 ], [ 76.350507897018474, 9.998814229249005 ] ] ] } },
{ "type": "Feature", "properties": { "cell_id": 1001, "lon": 76.352788319700579, "lat": 10.001060007186483 }, "geometry": { "type": "Polygon", "coordinates": [ [ [ 76.35506874238267, 9.998814229249005 ], [ 76.35506874238267, 10.00330578512396 ], [ 76.350507897018474, 10.00330578512396 ], [ 76.350507897018474, 9.998814229249005 ], [ 76.35506874238267, 9.998814229249005 ] ] ] } },
{ "type": "Feature", "properties": { "cell_id": 1002, "lon": 76.357349165064775, "lat": 10.001060007186483 }, "geometry": { "type": "Polygon", "coordinates": [ [ [ 76.359629587746866, 9.998814229249005 ], [ 76.359629587746866, 10.00330578512396 ], [ 76.35506874238267, 10.00330578512396 ], [ 76.35506874238267, 9.998814229249005 ], [ 76.359629587746866, 9.998814229249005 ] ] ] } },
{ "type": "Feature", "properties": { "cell_id": 1003, "lon": 76.361910010428971, "lat": 10.001060007186483 }, "geometry": { "type": "Polygon", "coordinates": [ [ [ 76.364190433111062, 9.998814229249005 ], [ 76.364190433111062, 10.00330578512396 ], [ 76.359629587746866, 10.00330578512396 ], [ 76.359629587746866, 9.998814229249005 ], [ 76.364190433111062, 9.998814229249005 ] ] ] } },
{ "type": "Feature", "properties": { "cell_id": 1004, "lon": 76.366470855793168, "lat": 10.001060007186483 }, "geometry": { "type": "Polygon", "coordinates": [ [ [ 76.368751278475258, 9.998814229249005 ], [ 76.368751278475258, 10.00330578512396 ], [ 76.364190433111062, 10.00330578512396 ], [ 76.364190433111062, 9.998814229249005 ], [ 76.368751278475258, 9.998814229249005 ] ] ] } },
{ "type": "Feature", "properties": { "cell_id": 1005, "lon": 76.371031701157364, "lat": 10.001060007186483 }, "geometry": { "type": "Polygon", "coordinates": [ [ [ 76.373312123839455, 9.998814229249005 ], [ 76.373312123839455, 10.00330578512396 ], [ 76.368751278475258, 10.00330578512396 ], [ 76.368751278475258, 9.998814229249005 ], [ 76.373312123839455, 9.998814229249005 ] ] ] } },
{ "type": "Feature", "properties": { "cell_id": 1006, "lon": 76.37559254652156, "lat": 10.001060007186483 }, "geometry": { "type": "Polygon", "coordinates": [ [ [ 76.377872969203651, 9.998814229249005 ], [ 76.377872969203651, 10.00330578512396 ], [ 76.373312123839455, 10.00330578512396 ], [ 76.373312123839455, 9.998814229249005 ], [ 76.377872969203651, 9.998814229249005 ] ] ] } },
{ "type": "Feature", "properties": { "cell_id": 1007, "lon": 76.380153391885756, "lat": 10.001060007186483 }, "geometry": { "type": "Polygon", "coordinates": [ [ [ 76.382433814567847, 9.998814229249005 ], [ 76.382433814567847, 10.00330578512396 ], [ 76.377872969203651, 10.00330578512396 ], [ 76.377872969203651, 9.998814229249005 ], [ 76.382433814567847, 9.998814229249005 ] ] ] } },
{ "type": "Feature", "properties": { "cell_id": 1008, "lon": 76.384714237249952, "lat": 10.001060007186483 }, "geometry": { "type": "Polygon", "coordinates": [ [ [ 76.386994659932043, 9.998814229249005 ], [ 76.386994659932043, 10.00330578512396 ], [ 76.382433814567847, 10.00330578512396 ], [ 76.382433814567847, 9.998814229249005 ], [ 76.386994659932043, 9.998814229249005 ] ] ] } },
{ "type": "Feature", "properties": { "cell_id": 1009, "lon": 76.389275082614148, "lat": 10.001060007186483 }, "geometry": { "type": "Polygon", "coordinates": [ [ [ 76.391555505296239, 9.998814229249005 ], [ 76.391555505296239, 10.00330578512396 ], [ 76.386994659932043, 10.00330578512396 ], [ 76.386994659932043, 9.998814229249005 ], [ 76.391555505296239, 9.998814229249005 ] ] ] } },
{ "type": "Feature", "properties": { "cell_id": 1010, "lon": 76.393835927978344, "lat": 10.001060007186483 }, "geometry": { "type": "Polygon", "coordinates": [ [ [ 76.396116350660435, 9.998814229249005 ], [ 76.396116350660435, 10.00330578512396 ], [ 76.391555505296239, 10.00330578512396 ], [ 76.391555505296239, 9.998814229249005 ], [ 76.396116350660435, 9.998814229249005 ] ] ] } },
{ "type": "Feature", "properties": { "cell_id": 1011, "lon": 76.39839677334254, "lat": 10.001060007186483 }, "geometry": { "type": "Polygon", "coordinates": [ [ [ 76.400677196024631, 9.998814229249005 ], [ 76.400677196024631, 10.00330578512396 ], [ 76.396116350660435, 10.00330578512396 ], [ 76.396116350660435, 9.998814229249005 ], [ 76.400677196024631, 9.998814229249005 ] ] ] } },
{ "type": "Feature", "properties": { "cell_id": 1012, "lon": 76.202280422682108, "lat": 10.005551563061438 }, "geometry": { "type": "Polygon", "coordinates": [ [ [ 76.204560845364199, 10.00330578512396 ], [ 76.204560845364199, 10.007797340998914 ], [ 76.2, 10.007797340998914 ], [ 76.2, 10.00330578512396 ], [ 76.204560845364199, 10.00330578512396 ] ] ] } },
{ "type": "Feature", "properties": { "cell_id": 1013, "lon": 76.206841268046304, "lat": 10.005551563061438 }, "geometry": { "type": "Polygon", "coordinates": [ [ [ 76.209121690728395, 10.00330578512396 ], [ 76.209121690728395, 10.007797340998914 ], [ 76.204560845364199, 10.007797340998914 ], [ 76.204560845364199, 10.00330578512396 ], [ 76.209121690728395, 10.00330578512396 ] ] ] } },
{ "type": "Feature", "properties": { "cell_id": 1014, "lon": 76.2114021134105, "lat": 10.005551563061438 }, "geometry": { "type": "Polygon", "coordinates": [ [ [ 76.213682536092591, 10.00330578512396 ], [ 76.213682536092591, 10.007797340998914 ], [ 76.209121690728395, 10.007797340998914 ], [ 76.209121690728395, 10.00330578512396 ], [ 76.213682536092591, 10.00330578512396 ] ] ] } },
{ "type": "Feature", "properties": { "cell_id": 1015, "lon": 76.215962958774696, "lat": 10.005551563061438 }, "geometry": { "type": "Polygon", "coordinates": [ [ [ 76.218243381456787, 10.00330578512396 ], [ 76.218243381456787, 10.007797340998914 ], [ 76.213682536092591, 10.007797340998914 ], [ 76.213682536092591, 10.00330578512396 ], [ 76.218243381456787, 10.00330578512396 ] ] ] } },
{ "type": "Feature", "properties": { "cell_id": 1016, "lon": 76.220523804138892, "lat": 10.005551563061438 }, "geometry": { "type": "Polygon", "coordinates": [ [ [ 76.222804226820983, 10.00330578512396 ], [ 76.222804226820983, 10.007797340998914 ], [ 76.218243381456787, 10.007797340998914 ], [ 76.218243381456787, 10.00330578512396 ], [ 76.222804226820983, 10.00330578512396 ] ] ] } },
{ "type": "Feature", "properties": { "cell_id": 1017, "lon": 76.225084649503088, "lat": 10.005551563061438 }, "geometry": { "type": "Polygon", "coordinates": [ [ [ 76.227365072185179, 10.00330578512396 ], [ 76.227365072185179, 10.007797340998914 ], [ 76.222804226820983, 10.007797340998914 ], [ 76.222804226820983, 10.00330578512396 ], [ 76.227365072185179, 10.00330578512396 ] ] ] } },
{ "type": "Feature", "properties": { "cell_id": 1018, "lon": 76.229645494867285, "lat": 10.005551563061438 }, "geometry": { "type": "Polygon", "coordinates": [ [ [ 76.231925917549376, 10.00330578512396 ], [ 76.231925917549376, 10.007797340998914 ], [ 76.227365072185179, 10.007797340998914 ], [ 76.227365072185179, 10.00330578512396 ], [ 76.231925917549376, 10.00330578512396 ] ] ] } },
{ "type": "Feature", "properties": { "cell_id": 1019, "lon": 76.234206340231481, "lat": 10.005551563061438 }, "geometry": { "type": "Polygon", "coordinates": [ [ [ 76.236486762913572, 10.00330578512396 ], [ 76.236486762913572, 10.007797340998914 ], [ 76.231925917549376, 10.007797340998914 ], [ 76.231925917549376, 10.00330578512396 ], [ 76.236486762913572, 10.00330578512396 ] ] ] } },
{ "type": "Feature", "properties": { "cell_id": 1020, "lon": 76.238767185595677, "lat": 10.005551563061438 }, "geometry": { "type": "Polygon", "coordinates": [ [ [ 76.241047608277768, 10.00330578512396 ], [ 76.241047608277768, 10.007797340998914 ], [ 76.236486762913572, 10.007797340998914 ], [ 76.236486762913572, 10.00330578512396 ], [ 76.241047608277768, 10.00330578512396 ] ] ] } },
{ "type": "Feature", "properties": { "cell_id": 1021, "lon": 76.243328030959873, "lat": 10.005551563061438 }, "geometry": { "type": "Polygon", "coordinates": [ [ [ 76.245608453641964, 10.00330578512396 ], [ 76.245608453641964, 10.007797340998914 ], [ 76.241047608277768, 10.007797340998914 ], [ 76.241047608277768, 10.00330578512396 ], [ 76.245608453641964, 10.00330578512396 ] ] ] } },
{ "type": "Feature", "properties": { "cell_id": 1022, "lon": 76.247888876324069, "lat": 10.005551563061438 }, "geometry": { "type": "Polygon", "coordinates": [ [ [ 76.25016929900616, 10.00330578512396 ], [ 76.25016929900616, 10.007797340998914 ], [ 76.245608453641964, 10.007797340998914 ], [ 76.245608453641964, 10.00330578512396 ], [ 76.25016929900616, 10.00330578512396 ] ] ] } },
{ "type": "Feature", "properties": { "cell_id": 1023, "lon": 76.252449721688265, "lat": 10.005551563061438 }, "geometry": { "type": "Polygon", "coordinates": [ [ [ 76.254730144370356, 10.00330578512396 ], [ 76.254730144370356, 10.007797340998914 ], [ 76.25016929900616, 10.007797340998914 ], [ 76.25016929900616, 10.00330578512396 ], [ 76.254730144370356, 10.00330578512396 ] ] ] } },
{ "type": "Feature", "properties": { "cell_id": 1024, "lon": 76.257010567052461, "lat": 10.005551563061438 }, "geometry": { "type": "Polygon", "coordinates": [ [ [ 76.259290989734552, 10.00330578512396 ], [ 76.259290989734552, 10.007797340998914 ], [ 76.254730144370356, 10.007797340998914 ], [ 76.254730144370356, 10.00330578512396 ], [ 76.259290989734552, 10.00330578512396 ] ] ] } },
{ "type": "Feature", "properties": { "cell_id": 1025, "lon": 76.261571412416657, "lat": 10.005551563061438 }, "geometry": { "type": "Polygon", "coordinates": [ [ [ 76.263851835098748, 10.00330578512396 ], [ 76.263851835098748, 10.007797340998914 ], [ 76.259290989734552, 10.007797340998914 ], [ 76.259290989734552, 10.00330578512396 ], [ 76.263851835098748, 10.00330578512396 ] ] ] } },
{ "type": "Feature", "properties": { "cell_id": 1026, "lon": 76.266132257780853, "lat": 10.005551563061438 }, "geometry": { "type": "Polygon", "coordinates": [ [ [ 76.268412680462944, 10.00330578512396 ], [ 76.268412680462944, 10.007797340998914 ], [ 76.263851835098748, 10.007797340998914 ], [ 76.263851835098748, 10.00330578512396 ], [ 76.268412680462944, 10.00330578512396 ] ] ] } },
{ "type": "Feature", "properties": { "cell_id": 1027, "lon": 76.270693103145049, "lat": 10.005551563061438 }, "geometry": { "type": "Polygon", "coordinates": [ [ [ 76.27297352582714, 10.00330578512396 ], [ 76.27297352582714, 10.007797340998914 ], [ 76.268412680462944, 10.007797340998914 ], [ 76.268412680462944, 10.00330578512396 ], [ 76.27297352582714, 10.00330578512396 ] ] ] } },
{ "type": "Feature", "properties": { "cell_id": 1028, "lon": 76.275253948509246, "lat": 10.005551563061438 }, "geometry": { "type": "Polygon", "coordinates": [ [ [ 76.277534371191337, 10.00330578512396 ], [ 76.277534371191337, 10.007797340998914 ], [ 76.27297352582714, 10.007797340998914 ], [ 76.27297352582714, 10.00330578512396 ], [ 76.277534371191337, 10.00330578512396 ] ] ] } },
{ "type": "Feature", "properties": { "cell_id": 1029, "lon": 76.279814793873442, "lat": 10.005551563061438 }, "geometry": { "type": "Polygon", "coordinates": [ [ [ 76.282095216555533, 10.00330578512396 ], [ 76.282095216555533, 10.007797340998914 ], [ 76.277534371191337, 10.007797340998914 ], [ 76.277534371191337, 10.00330578512396 ], [ 76.282095216555533, 10.00330578512396 ] ] ] } },
{ "type": "Feature", "properties": { "cell_id": 1030, "lon": 76.284375639237638, "lat": 10.005551563061438 }, "geometry": { "type": "Polygon", "coordinates": [ [ [ 76.286656061919729, 10.00330578512396 ], [ 76.286656061919729, 10.007797340998914 ], [ 76.282095216555533, 10.007797340998914 ], [ 76.282095216555533, 10.00330578512396 ], [ 76.286656061919729, 10.00330578512396 ] ] ] } },
{ "type": "Feature", "properties": { "cell_id": 1031, "lon": 76.288936484601834, "lat": 10.005551563061438 }, "geometry": { "type": "Polygon", "coordinates": [ [ [ 76.291216907283925, 10.00330578512396 ], [ 76.291216907283925, 10.007797340998914 ], [ 76.286656061919729, 10.007797340998914 ], [ 76.286656061919729, 10.00330578512396 ], [ 76.291216907283925, 10.00330578512396 ] ] ] } },
{ "type": "Feature", "properties": { "cell_id": 1032, "lon": 76.29349732996603, "lat": 10.005551563061438 }, "geometry": { "type": "Polygon", "coordinates": [ [ [ 76.295777752648121, 10.00330578512396 ], [ 76.295777752648121, 10.007797340998914 ], [ 76.291216907283925, 10.007797340998914 ], [ 76.291216907283925, 10.00330578512396 ], [ 76.295777752648121, 10.00330578512396 ] ] ] } },
{ "type": "Feature", "properties": { "cell_id": 1033, "lon": 76.298058175330226, "lat": 10.005551563061438 }, "geometry": { "type": "Polygon", "coordinates": [ [ [ 76.300338598012317, 10.00330578512396 ], [ 76.300338598012317, 10.007797340998914 ], [ 76.295777752648121, 10.007797340998914 ], [ 76.295777752648121, 10.00330578512396 ], [ 76.300338598012317, 10.00330578512396 ] ] ] } },
{ "type": "Feature", "properties": { "cell_id": 1034, "lon": 76.302619020694422, "lat": 10.005551563061438 }, "geometry": { "type": "Polygon", "coordinates": [ [ [ 76.304899443376513, 10.00330578512396 ], [ 76.304899443376513, 10.007797340998914 ], [ 76.300338598012317, 10.007797340998914 ], [ 76.300338598012317, 10.00330578512396 ], [ 76.304899443376513, 10.00330578512396 ] ] ] } },
{ "type": "Feature", "properties": { "cell_id": 1035, "lon": 76.307179866058618, "lat": 10.005551563061438 }, "geometry": { "type": "Polygon", "coordinates": [ [ [ 76.309460288740709, 10.00330578512396 ], [ 76.309460288740709, 10.007797340998914 ], [ 76.304899443376513, 10.007797340998914 ], [ 76.304899443376513, 10.00330578512396 ], [ 76.309460288740709, 10.00330578512396 ] ] ] } },
{ "type": "Feature", "properties": { "cell_id": 1036, "lon": 76.311740711422814, "lat": 10.005551563061438 }, "geometry": { "type": "Polygon", "coordinates": [ [ [ 76.314021134104905, 10.00330578512396 ], [ 76.314021134104905, 10.007797340998914 ], [ 76.309460288740709, 10.007797340998914 ], [ 76.309460288740709, 10.00330578512396 ], [ 76.314021134104905, 10.00330578512396 ] ] ] } },
{ "type": "Feature", "properties": { "cell_id": 1037, "lon": 76.31630155678701, "lat": 10.005551563061438 }, "geometry": { "type": "Polygon", "coordinates": [ [ [ 76.318581979469101, 10.00330578512396 ], [ 76.318581979469101, 10.007797340998914 ], [ 76.314021134104905, 10.007797340998914 ], [ 76.314021134104905, 10.00330578512396 ], [ 76.318581979469101, 10.00330578512396 ] ] ] } },
{ "type": "Feature", "properties": { "cell_id": 1038, "lon": 76.320862402151207, "lat": 10.005551563061438 }, "geometry": { "type": "Polygon", "coordinates": [ [ [ 76.323142824833297, 10.00330578512396 ], [ 76.323142824833297, 10.007797340998914 ], [ 76.318581979469101, 10.007797340998914 ], [ 76.318581979469101, 10.00330578512396 ], [ 76.323142824833297, 10.00330578512396 ] ] ] } },
{ "type": "Feature", "properties": { "cell_id": 1039, "lon": 76.325423247515403, "lat": 10.005551563061438 }, "geometry": { "type": "Polygon", "coordinates": [ [ [ 76.327703670197494, 10.00330578512396 ], [ 76.327703670197494, 10.007797340998914 ], [ 76.323142824833297, 10.007797340998914 ], [ 76.323142824833297, 10.00330578512396 ], [ 76.327703670197494, 10.00330578512396 ] ] ] } },
{ "type": "Feature", "properties": { "cell_id": 1040, "lon": 76.329984092879599, "lat": 10.005551563061438 }, "geometry": { "type": "Polygon", "coordinates": [ [ [ 76.33226451556169, 10.00330578512396 ], [ 76.33226451556169, 10.007797340998914 ], [ 76.327703670197494, 10.007797340998914 ], [ 76.327703670197494, 10.00330578512396 ], [ 76.33226451556169, 10.00330578512396 ] ] ] } },
{ "type": "Feature", "properties": { "cell_id": 1041, "lon": 76.334544938243795, "lat": 10.005551563061438 }, "geometry": { "type": "Polygon", "coordinates": [ [ [ 76.336825360925886, 10.00330578512396 ], [ 76.336825360925886, 10.007797340998914 ], [ 76.33226451556169, 10.007797340998914 ], [ 76.33226451556169, 10.00330578512396 ], [ 76.336825360925886, 10.00330578512396 ] ] ] } },
{ "type": "Feature", "properties": { "cell_id": 1042, "lon": 76.339105783607991, "lat": 10.005551563061438 }, "geometry": { "type": "Polygon", "coordinates": [ [ [ 76.341386206290082, 10.00330578512396 ], [ 76.341386206290082, 10.007797340998914 ], [ 76.336825360925886, 10.007797340998914 ], [ 76.336825360925886, 10.00330578512396 ], [ 76.341386206290082, 10.00330578512396 ] ] ] } },
{ "type": "Feature", "properties": { "cell_id": 1043, "lon": 76.343666628972187, "lat": 10.005551563061438 }, "geometry": { "type": "Polygon", "coordinates": [ [ [ 76.345947051654278, 10.00330578512396 ], [ 76.345947051654278, 10.007797340998914 ], [ 76.341386206290082, 10.007797340998914 ], [ 76.341386206290082, 10.00330578512396 ], [ 76.345947051654278, 10.00330578512396 ] ] ] } },
{ "type": "Feature", "properties": { "cell_id": 1044, "lon": 76.348227474336383, "lat": 10.005551563061438 }, "geometry": { "type": "Polygon", "coordinates": [ [ [ 76.350507897018474, 10.00330578512396 ], [ 76.350507897018474, 10.007797340998914 ], [ 76.345947051654278, 10.007797340998914 ], [ 76.345947051654278, 10.00330578512396 ], [ 76.350507897018474, 10.00330578512396 ] ] ] } },
{ "type": "Feature", "properties": { "cell_id": 1045, "lon": 76.352788319700579, "lat": 10.005551563061438 }, "geometry": { "type": "Polygon", "coordinates": [ [ [ 76.35506874238267, 10.00330578512396 ], [ 76.35506874238267, 10.007797340998914 ], [ 76.350507897018474, 10.007797340998914 ], [ 76.350507897018474, 10.00330578512396 ], [ 76.35506874238267, 10.00330578512396 ] ] ] } },
{ "type": "Feature", "properties": { "cell_id": 1046, "lon": 76.357349165064775, "lat": 10.005551563061438 }, "geometry": { "type": "Polygon", "coordinates": [ [ [ 76.359629587746866, 10.00330578512396 ], [ 76.359629587746866, 10.007797340998914 ], [ 76.35506874238267, 10.007797340998914 ], [ 76.35506874238267, 10.00330578512396 ], [ 76.359629587746866, 10.00330578512396 ] ] ] } },
{ "type": "Feature", "properties": { "cell_id": 1047, "lon": 76.361910010428971, "lat": 10.005551563061438 }, "geometry": { "type": "Polygon", "coordinates": [ [ [ 76.364190433111062, 10.00330578512396 ], [ 76.364190433111062, 10.007797340998914 ], [ 76.359629587746866, 10.007797340998914 ], [ 76.359629587746866, 10.00330578512396 ], [ 76.364190433111062, 10.00330578512396 ] ] ] } },
{ "type": "Feature", "properties": { "cell_id": 1048, "lon": 76.366470855793168, "lat": 10.005551563061438 }, "geometry": { "type": "Polygon", "coordinates": [ [ [ 76.368751278475258, 10.00330578512396 ], [ 76.368751278475258, 10.007797340998914 ], [ 76.364190433111062, 10.007797340998914 ], [ 76.364190433111062, 10.00330578512396 ], [ 76.368751278475258, 10.00330578512396 ] ] ] } },
{ "type": "Feature", "properties": { "cell_id": 1049, "lon": 76.371031701157364, "lat": 10.005551563061438 }, "geometry": { "type": "Polygon", "coordinates": [ [ [ 76.373312123839455, 10.00330578512396 ], [ 76.373312123839455, 10.007797340998914 ], [ 76.368751278475258, 10.007797340998914 ], [ 76.368751278475258, 10.00330578512396 ], [ 76.373312123839455, 10.00330578512396 ] ] ] } },
{ "type": "Feature", "properties": { "cell_id": 1050, "lon": 76.37559254652156, "lat": 10.005551563061438 }, "geometry": { "type": "Polygon", "coordinates": [ [ [ 76.377872969203651, 10.00330578512396 ], [ 76.377872969203651, 10.007797340998914 ], [ 76.373312123839455, 10.007797340998914 ], [ 76.373312123839455, 10.00330578512396 ], [ 76.377872969203651, 10.00330578512396 ] ] ] } },
{ "type": "Feature", "properties": { "cell_id": 1051, "lon": 76.380153391885756, "lat": 10.005551563061438 }, "geometry": { "type": "Polygon", "coordinates": [ [ [ 76.382433814567847, 10.00330578512396 ], [ 76.382433814567847, 10.007797340998914 ], [ 76.377872969203651, 10.007797340998914 ], [ 76.377872969203651, 10.00330578512396 ], [ 76.382433814567847, 10.00330578512396 ] ] ] } },
{ "type": "Feature", "properties": { "cell_id": 1052, "lon": 76.384714237249952, "lat": 10.005551563061438 }, "geometry": { "type": "Polygon", "coordinates": [ [ [ 76.386994659932043, 10.00330578512396 ], [ 76.386994659932043, 10.007797340998914 ], [ 76.382433814567847, 10.007797340998914 ], [ 76.382433814567847, 10.00330578512396 ], [ 76.386994659932043, 10.00330578512396 ] ] ] } },
{ "type": "Feature", "properties": { "cell_id": 1053, "lon": 76.389275082614148, "lat": 10.005551563061438 }, "geometry": { "type": "Polygon", "coordinates": [ [ [ 76.391555505296239, 10.00330578512396 ], [ 76.391555505296239, 10.007797340998914 ], [ 76.386994659932043, 10.007797340998914 ], [ 76.386994659932043, 10.00330578512396 ], [ 76.391555505296239, 10.00330578512396 ] ] ] } },
{ "type": "Feature", "properties": { "cell_id": 1054, "lon": 76.393835927978344, "lat": 10.005551563061438 }, "geometry": { "type": "Polygon", "coordinates": [ [ [ 76.396116350660435, 10.00330578512396 ], [ 76.396116350660435, 10.007797340998914 ], [ 76.391555505296239, 10.007797340998914 ], [ 76.391555505296239, 10.00330578512396 ], [ 76.396116350660435, 10.00330578512396 ] ] ] } },
{ "type": "Feature", "properties": { "cell_id": 1055, "lon": 76.39839677334254, "lat": 10.005551563061438 }, "geometry": { "type": "Polygon", "coordinates": [ [ [ 76.400677196024631, 10.00330578512396 ], [ 76.400677196024631, 10.007797340998914 ], [ 76.396116350660435, 10.007797340998914 ], [ 76.396116350660435, 10.00330578512396 ], [ 76.400677196024631, 10.00330578512396 ] ] ] } },
{ "type": "Feature", "properties": { "cell_id": 1056, "lon": 76.202280422682108, "lat": 10.010043118936393 }, "geometry": { "type": "Polygon", "coordinates": [ [ [ 76.204560845364199, 10.007797340998914 ], [ 76.204560845364199, 10.012288896873869 ], [ 76.2, 10.012288896873869 ], [ 76.2, 10.007797340998914 ], [ 76.204560845364199, 10.007797340998914 ] ] ] } },
{ "type": "Feature", "properties": { "cell_id": 1057, "lon": 76.206841268046304, "lat": 10.010043118936393 }, "geometry": { "type": "Polygon", "coordinates": [ [ [ 76.209121690728395, 10.007797340998914 ], [ 76.209121690728395, 10.012288896873869 ], [ 76.204560845364199, 10.012288896873869 ], [ 76.204560845364199, 10.007797340998914 ], [ 76.209121690728395, 10.007797340998914 ] ] ] } },
{ "type": "Feature", "properties": { "cell_id": 1058, "lon": 76.2114021134105, "lat": 10.010043118936393 }, "geometry": { "type": "Polygon", "coordinates": [ [ [ 76.213682536092591, 10.007797340998914 ], [ 76.213682536092591, 10.012288896873869 ], [ 76.209121690728395, 10.012288896873869 ], [ 76.209121690728395, 10.007797340998914 ], [ 76.213682536092591, 10.007797340998914 ] ] ] } },
{ "type": "Feature", "properties": { "cell_id": 1059, "lon": 76.215962958774696, "lat": 10.010043118936393 }, "geometry": { "type": "Polygon", "coordinates": [ [ [ 76.218243381456787, 10.007797340998914 ], [ 76.218243381456787, 10.012288896873869 ], [ 76.213682536092591, 10.012288896873869 ], [ 76.213682536092591, 10.007797340998914 ], [ 76.218243381456787, 10.007797340998914 ] ] ] } },
{ "type": "Feature", "properties": { "cell_id": 1060, "lon": 76.220523804138892, "lat": 10.010043118936393 }, "geometry": { "type": "Polygon", "coordinates": [ [ [ 76.222804226820983, 10.007797340998914 ], [ 76.222804226820983, 10.012288896873869 ], [ 76.218243381456787, 10.012288896873869 ], [ 76.218243381456787, 10.007797340998914 ], [ 76.222804226820983, 10.007797340998914 ] ] ] } },
{ "type": "Feature", "properties": { "cell_id": 1061, "lon": 76.225084649503088, "lat": 10.010043118936393 }, "geometry": { "type": "Polygon", "coordinates": [ [ [ 76.227365072185179, 10.007797340998914 ], [ 76.227365072185179, 10.012288896873869 ], [ 76.222804226820983, 10.012288896873869 ], [ 76.222804226820983, 10.007797340998914 ], [ 76.227365072185179, 10.007797340998914 ] ] ] } },
{ "type": "Feature", "properties": { "cell_id": 1062, "lon": 76.229645494867285, "lat": 10.010043118936393 }, "geometry": { "type": "Polygon", "coordinates": [ [ [ 76.231925917549376, 10.007797340998914 ], [ 76.231925917549376, 10.012288896873869 ], [ 76.227365072185179, 10.012288896873869 ], [ 76.227365072185179, 10.007797340998914 ], [ 76.231925917549376, 10.007797340998914 ] ] ] } },
{ "type": "Feature", "properties": { "cell_id": 1063, "lon": 76.234206340231481, "lat": 10.010043118936393 }, "geometry": { "type": "Polygon", "coordinates": [ [ [ 76.236486762913572, 10.007797340998914 ], [ 76.236486762913572, 10.012288896873869 ], [ 76.231925917549376, 10.012288896873869 ], [ 76.231925917549376, 10.007797340998914 ], [ 76.236486762913572, 10.007797340998914 ] ] ] } },
{ "type": "Feature", "properties": { "cell_id": 1064, "lon": 76.238767185595677, "lat": 10.010043118936393 }, "geometry": { "type": "Polygon", "coordinates": [ [ [ 76.241047608277768, 10.007797340998914 ], [ 76.241047608277768, 10.012288896873869 ], [ 76.236486762913572, 10.012288896873869 ], [ 76.236486762913572, 10.007797340998914 ], [ 76.241047608277768, 10.007797340998914 ] ] ] } },
{ "type": "Feature", "properties": { "cell_id": 1065, "lon": 76.243328030959873, "lat": 10.010043118936393 }, "geometry": { "type": "Polygon", "coordinates": [ [ [ 76.245608453641964, 10.007797340998914 ], [ 76.245608453641964, 10.012288896873869 ], [ 76.241047608277768, 10.012288896873869 ], [ 76.241047608277768, 10.007797340998914 ], [ 76.245608453641964, 10.007797340998914 ] ] ] } },
{ "type": "Feature", "properties": { "cell_id": 1066, "lon": 76.247888876324069, "lat": 10.010043118936393 }, "geometry": { "type": "Polygon", "coordinates": [ [ [ 76.25016929900616, 10.007797340998914 ], [ 76.25016929900616, 10.012288896873869 ], [ 76.245608453641964, 10.012288896873869 ], [ 76.245608453641964, 10.007797340998914 ], [ 76.25016929900616, 10.007797340998914 ] ] ] } },
{ "type": "Feature", "properties": { "cell_id": 1067, "lon": 76.252449721688265, "lat": 10.010043118936393 }, "geometry": { "type": "Polygon", "coordinates": [ [ [ 76.254730144370356, 10.007797340998914 ], [ 76.254730144370356, 10.012288896873869 ], [ 76.25016929900616, 10.012288896873869 ], [ 76.25016929900616, 10.007797340998914 ], [ 76.254730144370356, 10.007797340998914 ] ] ] } },
{ "type": "Feature", "properties": { "cell_id": 1068, "lon": 76.257010567052461, "lat": 10.010043118936393 }, "geometry": { "type": "Polygon", "coordinates": [ [ [ 76.259290989734552, 10.007797340998914 ], [ 76.259290989734552, 10.012288896873869 ], [ 76.254730144370356, 10.012288896873869 ], [ 76.254730144370356, 10.007797340998914 ], [ 76.259290989734552, 10.007797340998914 ] ] ] } },
{ "type": "Feature", "properties": { "cell_id": 1069, "lon": 76.261571412416657, "lat": 10.010043118936393 }, "geometry": { "type": "Polygon", "coordinates": [ [ [ 76.263851835098748, 10.007797340998914 ], [ 76.263851835098748, 10.012288896873869 ], [ 76.259290989734552, 10.012288896873869 ], [ 76.259290989734552, 10.007797340998914 ], [ 76.263851835098748, 10.007797340998914 ] ] ] } },
{ "type": "Feature", "properties": { "cell_id": 1070, "lon": 76.266132257780853, "lat": 10.010043118936393 }, "geometry": { "type": "Polygon", "coordinates": [ [ [ 76.268412680462944, 10.007797340998914 ], [ 76.268412680462944, 10.012288896873869 ], [ 76.263851835098748, 10.012288896873869 ], [ 76.263851835098748, 10.007797340998914 ], [ 76.268412680462944, 10.007797340998914 ] ] ] } },
{ "type": "Feature", "properties": { "cell_id": 1071, "lon": 76.270693103145049, "lat": 10.010043118936393 }, "geometry": { "type": "Polygon", "coordinates": [ [ [ 76.27297352582714, 10.007797340998914 ], [ 76.27297352582714, 10.012288896873869 ], [ 76.268412680462944, 10.012288896873869 ], [ 76.268412680462944, 10.007797340998914 ], [ 76.27297352582714, 10.007797340998914 ] ] ] } },
{ "type": "Feature", "properties": { "cell_id": 1072, "lon": 76.275253948509246, "lat": 10.010043118936393 }, "geometry": { "type": "Polygon", "coordinates": [ [ [ 76.277534371191337, 10.007797340998914 ], [ 76.277534371191337, 10.012288896873869 ], [ 76.27297352582714, 10.012288896873869 ], [ 76.27297352582714, 10.007797340998914 ], [ 76.277534371191337, 10.007797340998914 ] ] ] } },
{ "type": "Feature", "properties": { "cell_id": 1073, "lon": 76.279814793873442, "lat": 10.010043118936393 }, "geometry": { "type": "Polygon", "coordinates": [ [ [ 76.282095216555533, 10.007797340998914 ], [ 76.282095216555533, 10.012288896873869 ], [ 76.277534371191337, 10.012288896873869 ], [ 76.277534371191337, 10.007797340998914 ], [ 76.282095216555533, 10.007797340998914 ] ] ] } },
{ "type": "Feature", "properties": { "cell_id": 1074, "lon": 76.284375639237638, "lat": 10.010043118936393 }, "geometry": { "type": "Polygon", "coordinates": [ [ [ 76.286656061919729, 10.007797340998914 ], [ 76.286656061919729, 10.012288896873869 ], [ 76.282095216555533, 10.012288896873869 ], [ 76.282095216555533, 10.007797340998914 ], [ 76.286656061919729, 10.007797340998914 ] ] ] } },
{ "type": "Feature", "properties": { "cell_id": 1075, "lon": 76.288936484601834, "lat": 10.010043118936393 }, "geometry": { "type": "Polygon", "coordinates": [ [ [ 76.291216907283925, 10.007797340998914 ], [ 76.291216907283925, 10.012288896873869 ], [ 76.286656061919729, 10.012288896873869 ], [ 76.286656061919729, 10.007797340998914 ], [ 76.291216907283925, 10.007797340998914 ] ] ] } },
{ "type": "Feature", "properties": { "cell_id": 1076, "lon": 76.29349732996603, "lat": 10.010043118936393 }, "geometry": { "type": "Polygon", "coordinates": [ [ [ 76.295777752648121, 10.007797340998914 ], [ 76.295777752648121, 10.012288896873869 ], [ 76.291216907283925, 10.012288896873869 ], [ 76.291216907283925, 10.007797340998914 ], [ 76.295777752648121, 10.007797340998914 ] ] ] } },
{ "type": "Feature", "properties": { "cell_id": 1077, "lon": 76.298058175330226, "lat": 10.010043118936393 }, "geometry": { "type": "Polygon", "coordinates": [ [ [ 76.300338598012317, 10.007797340998914 ], [ 76.300338598012317, 10.012288896873869 ], [ 76.295777752648121, 10.012288896873869 ], [ 76.295777752648121, 10.007797340998914 ], [ 76.300338598012317, 10.007797340998914 ] ] ] } },
{ "type": "Feature", "properties": { "cell_id": 1078, "lon": 76.302619020694422, "lat": 10.010043118936393 }, "geometry": { "type": "Polygon", "coordinates": [ [ [ 76.304899443376513, 10.007797340998914 ], [ 76.304899443376513, 10.012288896873869 ], [ 76.300338598012317, 10.012288896873869 ], [ 76.300338598012317, 10.007797340998914 ], [ 76.304899443376513, 10.007797340998914 ] ] ] } },
{ "type": "Feature", "properties": { "cell_id": 1079, "lon": 76.307179866058618, "lat": 10.010043118936393 }, "geometry": { "type": "Polygon", "coordinates": [ [ [ 76.309460288740709, 10.007797340998914 ], [ 76.309460288740709, 10.012288896873869 ], [ 76.304899443376513, 10.012288896873869 ], [ 76.304899443376513, 10.007797340998914 ], [ 76.309460288740709, 10.007797340998914 ] ] ] } },
{ "type": "Feature", "properties": { "cell_id": 1080, "lon": 76.311740711422814, "lat": 10.010043118936393 }, "geometry": { "type": "Polygon", "coordinates": [ [ [ 76.314021134104905, 10.007797340998914 ], [ 76.314021134104905, 10.012288896873869 ], [ 76.309460288740709, 10.012288896873869 ], [ 76.309460288740709, 10.007797340998914 ], [ 76.314021134104905, 10.007797340998914 ] ] ] } },
{ "type": "Feature", "properties": { "cell_id": 1081, "lon": 76.31630155678701, "lat": 10.010043118936393 }, "geometry": { "type": "Polygon", "coordinates": [ [ [ 76.318581979469101, 10.007797340998914 ], [ 76.318581979469101, 10.012288896873869 ], [ 76.314021134104905, 10.012288896873869 ], [ 76.314021134104905, 10.007797340998914 ], [ 76.318581979469101, 10.007797340998914 ] ] ] } },
{ "type": "Feature", "properties": { "cell_id": 1082, "lon": 76.320862402151207, "lat": 10.010043118936393 }, "geometry": { "type": "Polygon", "coordinates": [ [ [ 76.323142824833297, 10.007797340998914 ], [ 76.323142824833297, 10.012288896873869 ], [ 76.318581979469101, 10.012288896873869 ], [ 76.318581979469101, 10.007797340998914 ], [ 76.323142824833297, 10.007797340998914 ] ] ] } },
{ "type": "Feature", "properties": { "cell_id": 1083, "lon": 76.325423247515403, "lat": 10.010043118936393 }, "geometry": { "type": "Polygon", "coordinates": [ [ [ 76.327703670197494, 10.007797340998914 ], [ 76.327703670197494, 10.012288896873869 ], [ 76.323142824833297, 10.012288896873869 ], [ 76.323142824833297, 10.007797340998914 ], [ 76.327703670197494, 10.007797340998914 ] ] ] } },
{ "type": "Feature", "properties": { "cell_id": 1084, "lon": 76.329984092879599, "lat": 10.010043118936393 }, "geometry": { "type": "Polygon", "coordinates": [ [ [ 76.33226451556169, 10.007797340998914 ], [ 76.33226451556169, 10.012288896873869 ], [ 76.327703670197494, 10.012288896873869 ], [ 76.327703670197494, 10.007797340998914 ], [ 76.33226451556169, 10.007797340998914 ] ] ] } },
{ "type": "Feature", "properties": { "cell_id": 1085, "lon": 76.334544938243795, "lat": 10.010043118936393 }, "geometry": { "type": "Polygon", "coordinates": [ [ [ 76.336825360925886, 10.007797340998914 ], [ 76.336825360925886, 10.012288896873869 ], [ 76.33226451556169, 10.012288896873869 ], [ 76.33226451556169, 10.007797340998914 ], [ 76.336825360925886, 10.007797340998914 ] ] ] } },
{ "type": "Feature", "properties": { "cell_id": 1086, "lon": 76.339105783607991, "lat": 10.010043118936393 }, "geometry": { "type": "Polygon", "coordinates": [ [ [ 76.341386206290082, 10.007797340998914 ], [ 76.341386206290082, 10.012288896873869 ], [ 76.336825360925886, 10.012288896873869 ], [ 76.336825360925886, 10.007797340998914 ], [ 76.341386206290082, 10.007797340998914 ] ] ] } },
{ "type": "Feature", "properties": { "cell_id": 1087, "lon": 76.343666628972187, "lat": 10.010043118936393 }, "geometry": { "type": "Polygon", "coordinates": [ [ [ 76.345947051654278, 10.007797340998914 ], [ 76.345947051654278, 10.012288896873869 ], [ 76.341386206290082, 10.012288896873869 ], [ 76.341386206290082, 10.007797340998914 ], [ 76.345947051654278, 10.007797340998914 ] ] ] } },
{ "type": "Feature", "properties": { "cell_id": 1088, "lon": 76.348227474336383, "lat": 10.010043118936393 }, "geometry": { "type": "Polygon", "coordinates": [ [ [ 76.350507897018474, 10.007797340998914 ], [ 76.350507897018474, 10.012288896873869 ], [ 76.345947051654278, 10.012288896873869 ], [ 76.345947051654278, 10.007797340998914 ], [ 76.350507897018474, 10.007797340998914 ] ] ] } },
{ "type": "Feature", "properties": { "cell_id": 1089, "lon": 76.352788319700579, "lat": 10.010043118936393 }, "geometry": { "type": "Polygon", "coordinates": [ [ [ 76.35506874238267, 10.007797340998914 ], [ 76.35506874238267, 10.012288896873869 ], [ 76.350507897018474, 10.012288896873869 ], [ 76.350507897018474, 10.007797340998914 ], [ 76.35506874238267, 10.007797340998914 ] ] ] } },
{ "type": "Feature", "properties": { "cell_id": 1090, "lon": 76.357349165064775, "lat": 10.010043118936393 }, "geometry": { "type": "Polygon", "coordinates": [ [ [ 76.359629587746866, 10.007797340998914 ], [ 76.359629587746866, 10.012288896873869 ], [ 76.35506874238267, 10.012288896873869 ], [ 76.35506874238267, 10.007797340998914 ], [ 76.359629587746866, 10.007797340998914 ] ] ] } },
{ "type": "Feature", "properties": { "cell_id": 1091, "lon": 76.361910010428971, "lat": 10.010043118936393 }, "geometry": { "type": "Polygon", "coordinates": [ [ [ 76.364190433111062, 10.007797340998914 ], [ 76.364190433111062, 10.012288896873869 ], [ 76.359629587746866, 10.012288896873869 ], [ 76.359629587746866, 10.007797340998914 ], [ 76.364190433111062, 10.007797340998914 ] ] ] } },
{ "type": "Feature", "properties": { "cell_id": 1092, "lon": 76.366470855793168, "lat": 10.010043118936393 }, "geometry": { "type": "Polygon", "coordinates": [ [ [ 76.368751278475258, 10.007797340998914 ], [ 76.368751278475258, 10.012288896873869 ], [ 76.364190433111062, 10.012288896873869 ], [ 76.364190433111062, 10.007797340998914 ], [ 76.368751278475258, 10.007797340998914 ] ] ] } },
{ "type": "Feature", "properties": { "cell_id": 1093, "lon": 76.371031701157364, "lat": 10.010043118936393 }, "geometry": { "type": "Polygon", "coordinates": [ [ [ 76.373312123839455, 10.007797340998914 ], [ 76.373312123839455, 10.012288896873869 ], [ 76.368751278475258, 10.012288896873869 ], [ 76.368751278475258, 10.007797340998914 ], [ 76.373312123839455, 10.007797340998914 ] ] ] } },
{ "type": "Feature", "properties": { "cell_id": 1094, "lon": 76.37559254652156, "lat": 10.010043118936393 }, "geometry": { "type": "Polygon", "coordinates": [ [ [ 76.377872969203651, 10.007797340998914 ], [ 76.377872969203651, 10.012288896873869 ], [ 76.373312123839455, 10.012288896873869 ], [ 76.373312123839455, 10.007797340998914 ], [ 76.377872969203651, 10.007797340998914 ] ] ] } },
{ "type": "Feature", "properties": { "cell_id": 1095, "lon": 76.380153391885756, "lat": 10.010043118936393 }, "geometry": { "type": "Polygon", "coordinates": [ [ [ 76.382433814567847, 10.007797340998914 ], [ 76.382433814567847, 10.012288896873869 ], [ 76.377872969203651, 10.012288896873869 ], [ 76.377872969203651, 10.007797340998914 ], [ 76.382433814567847, 10.007797340998914 ] ] ] } },
{ "type": "Feature", "properties": { "cell_id": 1096, "lon": 76.384714237249952, "lat": 10.010043118936393 }, "geometry": { "type": "Polygon", "coordinates": [ [ [ 76.386994659932043, 10.007797340998914 ], [ 76.386994659932043, 10.012288896873869 ], [ 76.382433814567847, 10.012288896873869 ], [ 76.382433814567847, 10.007797340998914 ], [ 76.386994659932043, 10.007797340998914 ] ] ] } },
{ "type": "Feature", "properties": { "cell_id": 1097, "lon": 76.389275082614148, "lat": 10.010043118936393 }, "geometry": { "type": "Polygon", "coordinates": [ [ [ 76.391555505296239, 10.007797340998914 ], [ 76.391555505296239, 10.012288896873869 ], [ 76.386994659932043, 10.012288896873869 ], [ 76.386994659932043, 10.007797340998914 ], [ 76.391555505296239, 10.007797340998914 ] ] ] } },
{ "type": "Feature", "properties": { "cell_id": 1098, "lon": 76.393835927978344, "lat": 10.010043118936393 }, "geometry": { "type": "Polygon", "coordinates": [ [ [ 76.396116350660435, 10.007797340998914 ], [ 76.396116350660435, 10.012288896873869 ], [ 76.391555505296239, 10.012288896873869 ], [ 76.391555505296239, 10.007797340998914 ], [ 76.396116350660435, 10.007797340998914 ] ] ] } },
{ "type": "Feature", "properties": { "cell_id": 1099, "lon": 76.39839677334254, "lat": 10.010043118936393 }, "geometry": { "type": "Polygon", "coordinates": [ [ [ 76.400677196024631, 10.007797340998914 ], [ 76.400677196024631, 10.012288896873869 ], [ 76.396116350660435, 10.012288896873869 ], [ 76.396116350660435, 10.007797340998914 ], [ 76.400677196024631, 10.007797340998914 ] ] ] } },
{ "type": "Feature", "properties": { "cell_id": 1100, "lon": 76.202280422682108, "lat": 10.014534674811348 }, "geometry": { "type": "Polygon", "coordinates": [ [ [ 76.204560845364199, 10.012288896873869 ], [ 76.204560845364199, 10.016780452748824 ], [ 76.2, 10.016780452748824 ], [ 76.2, 10.012288896873869 ], [ 76.204560845364199, 10.012288896873869 ] ] ] } },
{ "type": "Feature", "properties": { "cell_id": 1101, "lon": 76.206841268046304, "lat": 10.014534674811348 }, "geometry": { "type": "Polygon", "coordinates": [ [ [ 76.209121690728395, 10.012288896873869 ], [ 76.209121690728395, 10.016780452748824 ], [ 76.204560845364199, 10.016780452748824 ], [ 76.204560845364199, 10.012288896873869 ], [ 76.209121690728395, 10.012288896873869 ] ] ] } },
{ "type": "Feature", "properties": { "cell_id": 1102, "lon": 76.2114021134105, "lat": 10.014534674811348 }, "geometry": { "type": "Polygon", "coordinates": [ [ [ 76.213682536092591, 10.012288896873869 ], [ 76.213682536092591, 10.016780452748824 ], [ 76.209121690728395, 10.016780452748824 ], [ 76.209121690728395, 10.012288896873869 ], [ 76.213682536092591, 10.012288896873869 ] ] ] } },
{ "type": "Feature", "properties": { "cell_id": 1103, "lon": 76.215962958774696, "lat": 10.014534674811348 }, "geometry": { "type": "Polygon", "coordinates": [ [ [ 76.218243381456787, 10.012288896873869 ], [ 76.218243381456787, 10.016780452748824 ], [ 76.213682536092591, 10.016780452748824 ], [ 76.213682536092591, 10.012288896873869 ], [ 76.218243381456787, 10.012288896873869 ] ] ] } },
{ "type": "Feature", "properties": { "cell_id": 1104, "lon": 76.220523804138892, "lat": 10.014534674811348 }, "geometry": { "type": "Polygon", "coordinates": [ [ [ 76.222804226820983, 10.012288896873869 ], [ 76.222804226820983, 10.016780452748824 ], [ 76.218243381456787, 10.016780452748824 ], [ 76.218243381456787, 10.012288896873869 ], [ 76.222804226820983, 10.012288896873869 ] ] ] } },
{ "type": "Feature", "properties": { "cell_id": 1105, "lon": 76.225084649503088, "lat": 10.014534674811348 }, "geometry": { "type": "Polygon", "coordinates": [ [ [ 76.227365072185179, 10.012288896873869 ], [ 76.227365072185179, 10.016780452748824 ], [ 76.222804226820983, 10.016780452748824 ], [ 76.222804226820983, 10.012288896873869 ], [ 76.227365072185179, 10.012288896873869 ] ] ] } },
{ "type": "Feature", "properties": { "cell_id": 1106, "lon": 76.229645494867285, "lat": 10.014534674811348 }, "geometry": { "type": "Polygon", "coordinates": [ [ [ 76.231925917549376, 10.012288896873869 ], [ 76.231925917549376, 10.016780452748824 ], [ 76.227365072185179, 10.016780452748824 ], [ 76.227365072185179, 10.012288896873869 ], [ 76.231925917549376, 10.012288896873869 ] ] ] } },
{ "type": "Feature", "properties": { "cell_id": 1107, "lon": 76.234206340231481, "lat": 10.014534674811348 }, "geometry": { "type": "Polygon", "coordinates": [ [ [ 76.236486762913572, 10.012288896873869 ], [ 76.236486762913572, 10.016780452748824 ], [ 76.231925917549376, 10.016780452748824 ], [ 76.231925917549376, 10.012288896873869 ], [ 76.236486762913572, 10.012288896873869 ] ] ] } },
{ "type": "Feature", "properties": { "cell_id": 1108, "lon": 76.238767185595677, "lat": 10.014534674811348 }, "geometry": { "type": "Polygon", "coordinates": [ [ [ 76.241047608277768, 10.012288896873869 ], [ 76.241047608277768, 10.016780452748824 ], [ 76.236486762913572, 10.016780452748824 ], [ 76.236486762913572, 10.012288896873869 ], [ 76.241047608277768, 10.012288896873869 ] ] ] } },
{ "type": "Feature", "properties": { "cell_id": 1109, "lon": 76.243328030959873, "lat": 10.014534674811348 }, "geometry": { "type": "Polygon", "coordinates": [ [ [ 76.245608453641964, 10.012288896873869 ], [ 76.245608453641964, 10.016780452748824 ], [ 76.241047608277768, 10.016780452748824 ], [ 76.241047608277768, 10.012288896873869 ], [ 76.245608453641964, 10.012288896873869 ] ] ] } },
{ "type": "Feature", "properties": { "cell_id": 1110, "lon": 76.247888876324069, "lat": 10.014534674811348 }, "geometry": { "type": "Polygon", "coordinates": [ [ [ 76.25016929900616, 10.012288896873869 ], [ 76.25016929900616, 10.016780452748824 ], [ 76.245608453641964, 10.016780452748824 ], [ 76.245608453641964, 10.012288896873869 ], [ 76.25016929900616, 10.012288896873869 ] ] ] } },
{ "type": "Feature", "properties": { "cell_id": 1111, "lon": 76.252449721688265, "lat": 10.014534674811348 }, "geometry": { "type": "Polygon", "coordinates": [ [ [ 76.254730144370356, 10.012288896873869 ], [ 76.254730144370356, 10.016780452748824 ], [ 76.25016929900616, 10.016780452748824 ], [ 76.25016929900616, 10.012288896873869 ], [ 76.254730144370356, 10.012288896873869 ] ] ] } },
{ "type": "Feature", "properties": { "cell_id": 1112, "lon": 76.257010567052461, "lat": 10.014534674811348 }, "geometry": { "type": "Polygon", "coordinates": [ [ [ 76.259290989734552, 10.012288896873869 ], [ 76.259290989734552, 10.016780452748824 ], [ 76.254730144370356, 10.016780452748824 ], [ 76.254730144370356, 10.012288896873869 ], [ 76.259290989734552, 10.012288896873869 ] ] ] } },
{ "type": "Feature", "properties": { "cell_id": 1113, "lon": 76.261571412416657, "lat": 10.014534674811348 }, "geometry": { "type": "Polygon", "coordinates": [ [ [ 76.263851835098748, 10.012288896873869 ], [ 76.263851835098748, 10.016780452748824 ], [ 76.259290989734552, 10.016780452748824 ], [ 76.259290989734552, 10.012288896873869 ], [ 76.263851835098748, 10.012288896873869 ] ] ] } },
{ "type": "Feature", "properties": { "cell_id": 1114, "lon": 76.266132257780853, "lat": 10.014534674811348 }, "geometry": { "type": "Polygon", "coordinates": [ [ [ 76.268412680462944, 10.012288896873869 ], [ 76.268412680462944, 10.016780452748824 ], [ 76.263851835098748, 10.016780452748824 ], [ 76.263851835098748, 10.012288896873869 ], [ 76.268412680462944, 10.012288896873869 ] ] ] } },
{ "type": "Feature", "properties": { "cell_id": 1115, "lon": 76.270693103145049, "lat": 10.014534674811348 }, "geometry": { "type": "Polygon", "coordinates": [ [ [ 76.27297352582714, 10.012288896873869 ], [ 76.27297352582714, 10.016780452748824 ], [ 76.268412680462944, 10.016780452748824 ], [ 76.268412680462944, 10.012288896873869 ], [ 76.27297352582714, 10.012288896873869 ] ] ] } },
{ "type": "Feature", "properties": { "cell_id": 1116, "lon": 76.275253948509246, "lat": 10.014534674811348 }, "geometry": { "type": "Polygon", "coordinates": [ [ [ 76.277534371191337, 10.012288896873869 ], [ 76.277534371191337, 10.016780452748824 ], [ 76.27297352582714, 10.016780452748824 ], [ 76.27297352582714, 10.012288896873869 ], [ 76.277534371191337, 10.012288896873869 ] ] ] } },
{ "type": "Feature", "properties": { "cell_id": 1117, "lon": 76.279814793873442, "lat": 10.014534674811348 }, "geometry": { "type": "Polygon", "coordinates": [ [ [ 76.282095216555533, 10.012288896873869 ], [ 76.282095216555533, 10.016780452748824 ], [ 76.277534371191337, 10.016780452748824 ], [ 76.277534371191337, 10.012288896873869 ], [ 76.282095216555533, 10.012288896873869 ] ] ] } },
{ "type": "Feature", "properties": { "cell_id": 1118, "lon": 76.284375639237638, "lat": 10.014534674811348 }, "geometry": { "type": "Polygon", "coordinates": [ [ [ 76.286656061919729, 10.012288896873869 ], [ 76.286656061919729, 10.016780452748824 ], [ 76.282095216555533, 10.016780452748824 ], [ 76.282095216555533, 10.012288896873869 ], [ 76.286656061919729, 10.012288896873869 ] ] ] } },
{ "type": "Feature", "properties": { "cell_id": 1119, "lon": 76.288936484601834, "lat": 10.014534674811348 }, "geometry": { "type": "Polygon", "coordinates": [ [ [ 76.291216907283925, 10.012288896873869 ], [ 76.291216907283925, 10.016780452748824 ], [ 76.286656061919729, 10.016780452748824 ], [ 76.286656061919729, 10.012288896873869 ], [ 76.291216907283925, 10.012288896873869 ] ] ] } },
{ "type": "Feature", "properties": { "cell_id": 1120, "lon": 76.29349732996603, "lat": 10.014534674811348 }, "geometry": { "type": "Polygon", "coordinates": [ [ [ 76.295777752648121, 10.012288896873869 ], [ 76.295777752648121, 10.016780452748824 ], [ 76.291216907283925, 10.016780452748824 ], [ 76.291216907283925, 10.012288896873869 ], [ 76.295777752648121, 10.012288896873869 ] ] ] } },
{ "type": "Feature", "properties": { "cell_id": 1121, "lon": 76.298058175330226, "lat": 10.014534674811348 }, "geometry": { "type": "Polygon", "coordinates": [ [ [ 76.300338598012317, 10.012288896873869 ], [ 76.300338598012317, 10.016780452748824 ], [ 76.295777752648121, 10.016780452748824 ], [ 76.295777752648121, 10.012288896873869 ], [ 76.300338598012317, 10.012288896873869 ] ] ] } },
{ "type": "Feature", "properties": { "cell_id": 1122, "lon": 76.302619020694422, "lat": 10.014534674811348 }, "geometry": { "type": "Polygon", "coordinates": [ [ [ 76.304899443376513, 10.012288896873869 ], [ 76.304899443376513, 10.016780452748824 ], [ 76.300338598012317, 10.016780452748824 ], [ 76.300338598012317, 10.012288896873869 ], [ 76.304899443376513, 10.012288896873869 ] ] ] } },
{ "type": "Feature", "properties": { "cell_id": 1123, "lon": 76.307179866058618, "lat": 10.014534674811348 }, "geometry": { "type": "Polygon", "coordinates": [ [ [ 76.309460288740709, 10.012288896873869 ], [ 76.309460288740709, 10.016780452748824 ], [ 76.304899443376513, 10.016780452748824 ], [ 76.304899443376513, 10.012288896873869 ], [ 76.309460288740709, 10.012288896873869 ] ] ] } },
{ "type": "Feature", "properties": { "cell_id": 1124, "lon": 76.311740711422814, "lat": 10.014534674811348 }, "geometry": { "type": "Polygon", "coordinates": [ [ [ 76.314021134104905, 10.012288896873869 ], [ 76.314021134104905, 10.016780452748824 ], [ 76.309460288740709, 10.016780452748824 ], [ 76.309460288740709, 10.012288896873869 ], [ 76.314021134104905, 10.012288896873869 ] ] ] } },
{ "type": "Feature", "properties": { "cell_id": 1125, "lon": 76.31630155678701, "lat": 10.014534674811348 }, "geometry": { "type": "Polygon", "coordinates": [ [ [ 76.318581979469101, 10.012288896873869 ], [ 76.318581979469101, 10.016780452748824 ], [ 76.314021134104905, 10.016780452748824 ], [ 76.314021134104905, 10.012288896873869 ], [ 76.318581979469101, 10.012288896873869 ] ] ] } },
{ "type": "Feature", "properties": { "cell_id": 1126, "lon": 76.320862402151207, "lat": 10.014534674811348 }, "geometry": { "type": "Polygon", "coordinates": [ [ [ 76.323142824833297, 10.012288896873869 ], [ 76.323142824833297, 10.016780452748824 ], [ 76.318581979469101, 10.016780452748824 ], [ 76.318581979469101, 10.012288896873869 ], [ 76.323142824833297, 10.012288896873869 ] ] ] } },
{ "type": "Feature", "properties": { "cell_id": 1127, "lon": 76.325423247515403, "lat": 10.014534674811348 }, "geometry": { "type": "Polygon", "coordinates": [ [ [ 76.327703670197494, 10.012288896873869 ], [ 76.327703670197494, 10.016780452748824 ], [ 76.323142824833297, 10.016780452748824 ], [ 76.323142824833297, 10.012288896873869 ], [ 76.327703670197494, 10.012288896873869 ] ] ] } },
{ "type": "Feature", "properties": { "cell_id": 1128, "lon": 76.329984092879599, "lat": 10.014534674811348 }, "geometry": { "type": "Polygon", "coordinates": [ [ [ 76.33226451556169, 10.012288896873869 ], [ 76.33226451556169, 10.016780452748824 ], [ 76.327703670197494, 10.016780452748824 ], [ 76.327703670197494, 10.012288896873869 ], [ 76.33226451556169, 10.012288896873869 ] ] ] } },
{ "type": "Feature", "properties": { "cell_id": 1129, "lon": 76.334544938243795, "lat": 10.014534674811348 }, "geometry": { "type": "Polygon", "coordinates": [ [ [ 76.336825360925886, 10.012288896873869 ], [ 76.336825360925886, 10.016780452748824 ], [ 76.33226451556169, 10.016780452748824 ], [ 76.33226451556169, 10.012288896873869 ], [ 76.336825360925886, 10.012288896873869 ] ] ] } },
{ "type": "Feature", "properties": { "cell_id": 1130, "lon": 76.339105783607991, "lat": 10.014534674811348 }, "geometry": { "type": "Polygon", "coordinates": [ [ [ 76.341386206290082, 10.012288896873869 ], [ 76.341386206290082, 10.016780452748824 ], [ 76.336825360925886, 10.016780452748824 ], [ 76.336825360925886, 10.012288896873869 ], [ 76.341386206290082, 10.012288896873869 ] ] ] } },
{ "type": "Feature", "properties": { "cell_id": 1131, "lon": 76.343666628972187, "lat": 10.014534674811348 }, "geometry": { "type": "Polygon", "coordinates": [ [ [ 76.345947051654278, 10.012288896873869 ], [ 76.345947051654278, 10.016780452748824 ], [ 76.341386206290082, 10.016780452748824 ], [ 76.341386206290082, 10.012288896873869 ], [ 76.345947051654278, 10.012288896873869 ] ] ] } },
{ "type": "Feature", "properties": { "cell_id": 1132, "lon": 76.348227474336383, "lat": 10.014534674811348 }, "geometry": { "type": "Polygon", "coordinates": [ [ [ 76.350507897018474, 10.012288896873869 ], [ 76.350507897018474, 10.016780452748824 ], [ 76.345947051654278, 10.016780452748824 ], [ 76.345947051654278, 10.012288896873869 ], [ 76.350507897018474, 10.012288896873869 ] ] ] } },
{ "type": "Feature", "properties": { "cell_id": 1133, "lon": 76.352788319700579, "lat": 10.014534674811348 }, "geometry": { "type": "Polygon", "coordinates": [ [ [ 76.35506874238267, 10.012288896873869 ], [ 76.35506874238267, 10.016780452748824 ], [ 76.350507897018474, 10.016780452748824 ], [ 76.350507897018474, 10.012288896873869 ], [ 76.35506874238267, 10.012288896873869 ] ] ] } },
{ "type": "Feature", "properties": { "cell_id": 1134, "lon": 76.357349165064775, "lat": 10.014534674811348 }, "geometry": { "type": "Polygon", "coordinates": [ [ [ 76.359629587746866, 10.012288896873869 ], [ 76.359629587746866, 10.016780452748824 ], [ 76.35506874238267, 10.016780452748824 ], [ 76.35506874238267, 10.012288896873869 ], [ 76.359629587746866, 10.012288896873869 ] ] ] } },
{ "type": "Feature", "properties": { "cell_id": 1135, "lon": 76.361910010428971, "lat": 10.014534674811348 }, "geometry": { "type": "Polygon", "coordinates": [ [ [ 76.364190433111062, 10.012288896873869 ], [ 76.364190433111062, 10.016780452748824 ], [ 76.359629587746866, 10.016780452748824 ], [ 76.359629587746866, 10.012288896873869 ], [ 76.364190433111062, 10.012288896873869 ] ] ] } },
{ "type": "Feature", "properties": { "cell_id": 1136, "lon": 76.366470855793168, "lat": 10.014534674811348 }, "geometry": { "type": "Polygon", "coordinates": [ [ [ 76.368751278475258, 10.012288896873869 ], [ 76.368751278475258, 10.016780452748824 ], [ 76.364190433111062, 10.016780452748824 ], [ 76.364190433111062, 10.012288896873869 ], [ 76.368751278475258, 10.012288896873869 ] ] ] } },
{ "type": "Feature", "properties": { "cell_id": 1137, "lon": 76.371031701157364, "lat": 10.014534674811348 }, "geometry": { "type": "Polygon", "coordinates": [ [ [ 76.373312123839455, 10.012288896873869 ], [ 76.373312123839455, 10.016780452748824 ], [ 76.368751278475258, 10.016780452748824 ], [ 76.368751278475258, 10.012288896873869 ], [ 76.373312123839455, 10.012288896873869 ] ] ] } },
{ "type": "Feature", "properties": { "cell_id": 1138, "lon": 76.37559254652156, "lat": 10.014534674811348 }, "geometry": { "type": "Polygon", "coordinates": [ [ [ 76.377872969203651, 10.012288896873869 ], [ 76.377872969203651, 10.016780452748824 ], [ 76.373312123839455, 10.016780452748824 ], [ 76.373312123839455, 10.012288896873869 ], [ 76.377872969203651, 10.012288896873869 ] ] ] } },
{ "type": "Feature", "properties": { "cell_id": 1139, "lon": 76.380153391885756, "lat": 10.014534674811348 }, "geometry": { "type": "Polygon", "coordinates": [ [ [ 76.382433814567847, 10.012288896873869 ], [ 76.382433814567847, 10.016780452748824 ], [ 76.377872969203651, 10.016780452748824 ], [ 76.377872969203651, 10.012288896873869 ], [ 76.382433814567847, 10.012288896873869 ] ] ] } },
{ "type": "Feature", "properties": { "cell_id": 1140, "lon": 76.384714237249952, "lat": 10.014534674811348 }, "geometry": { "type": "Polygon", "coordinates": [ [ [ 76.386994659932043, 10.012288896873869 ], [ 76.386994659932043, 10.016780452748824 ], [ 76.382433814567847, 10.016780452748824 ], [ 76.382433814567847, 10.012288896873869 ], [ 76.386994659932043, 10.012288896873869 ] ] ] } },
{ "type": "Feature", "properties": { "cell_id": 1141, "lon": 76.389275082614148, "lat": 10.014534674811348 }, "geometry": { "type": "Polygon", "coordinates": [ [ [ 76.391555505296239, 10.012288896873869 ], [ 76.391555505296239, 10.016780452748824 ], [ 76.386994659932043, 10.016780452748824 ], [ 76.386994659932043, 10.012288896873869 ], [ 76.391555505296239, 10.012288896873869 ] ] ] } },
{ "type": "Feature", "properties": { "cell_id": 1142, "lon": 76.393835927978344, "lat": 10.014534674811348 }, "geometry": { "type": "Polygon", "coordinates": [ [ [ 76.396116350660435, 10.012288896873869 ], [ 76.396116350660435, 10.016780452748824 ], [ 76.391555505296239, 10.016780452748824 ], [ 76.391555505296239, 10.012288896873869 ], [ 76.396116350660435, 10.012288896873869 ] ] ] } },
{ "type": "Feature", "properties": { "cell_id": 1143, "lon": 76.39839677334254, "lat": 10.014534674811348 }, "geometry": { "type": "Polygon", "coordinates": [ [ [ 76.400677196024631, 10.012288896873869 ], [ 76.400677196024631, 10.016780452748824 ], [ 76.396116350660435, 10.016780452748824 ], [ 76.396116350660435, 10.012288896873869 ], [ 76.400677196024631, 10.012288896873869 ] ] ] } },
{ "type": "Feature", "properties": { "cell_id": 1144, "lon": 76.202280422682108, "lat": 10.019026230686302 }, "geometry": { "type": "Polygon", "coordinates": [ [ [ 76.204560845364199, 10.016780452748824 ], [ 76.204560845364199, 10.021272008623779 ], [ 76.2, 10.021272008623779 ], [ 76.2, 10.016780452748824 ], [ 76.204560845364199, 10.016780452748824 ] ] ] } },
{ "type": "Feature", "properties": { "cell_id": 1145, "lon": 76.206841268046304, "lat": 10.019026230686302 }, "geometry": { "type": "Polygon", "coordinates": [ [ [ 76.209121690728395, 10.016780452748824 ], [ 76.209121690728395, 10.021272008623779 ], [ 76.204560845364199, 10.021272008623779 ], [ 76.204560845364199, 10.016780452748824 ], [ 76.209121690728395, 10.016780452748824 ] ] ] } },
{ "type": "Feature", "properties": { "cell_id": 1146, "lon": 76.2114021134105, "lat": 10.019026230686302 }, "geometry": { "type": "Polygon", "coordinates": [ [ [ 76.213682536092591, 10.016780452748824 ], [ 76.213682536092591, 10.021272008623779 ], [ 76.209121690728395, 10.021272008623779 ], [ 76.209121690728395, 10.016780452748824 ], [ 76.213682536092591, 10.016780452748824 ] ] ] } },
{ "type": "Feature", "properties": { "cell_id": 1147, "lon": 76.215962958774696, "lat": 10.019026230686302 }, "geometry": { "type": "Polygon", "coordinates": [ [ [ 76.218243381456787, 10.016780452748824 ], [ 76.218243381456787, 10.021272008623779 ], [ 76.213682536092591, 10.021272008623779 ], [ 76.213682536092591, 10.016780452748824 ], [ 76.218243381456787, 10.016780452748824 ] ] ] } },
{ "type": "Feature", "properties": { "cell_id": 1148, "lon": 76.220523804138892, "lat": 10.019026230686302 }, "geometry": { "type": "Polygon", "coordinates": [ [ [ 76.222804226820983, 10.016780452748824 ], [ 76.222804226820983, 10.021272008623779 ], [ 76.218243381456787, 10.021272008623779 ], [ 76.218243381456787, 10.016780452748824 ], [ 76.222804226820983, 10.016780452748824 ] ] ] } },
{ "type": "Feature", "properties": { "cell_id": 1149, "lon": 76.225084649503088, "lat": 10.019026230686302 }, "geometry": { "type": "Polygon", "coordinates": [ [ [ 76.227365072185179, 10.016780452748824 ], [ 76.227365072185179, 10.021272008623779 ], [ 76.222804226820983, 10.021272008623779 ], [ 76.222804226820983, 10.016780452748824 ], [ 76.227365072185179, 10.016780452748824 ] ] ] } },
{ "type": "Feature", "properties": { "cell_id": 1150, "lon": 76.229645494867285, "lat": 10.019026230686302 }, "geometry": { "type": "Polygon", "coordinates": [ [ [ 76.231925917549376, 10.016780452748824 ], [ 76.231925917549376, 10.021272008623779 ], [ 76.227365072185179, 10.021272008623779 ], [ 76.227365072185179, 10.016780452748824 ], [ 76.231925917549376, 10.016780452748824 ] ] ] } },
{ "type": "Feature", "properties": { "cell_id": 1151, "lon": 76.234206340231481, "lat": 10.019026230686302 }, "geometry": { "type": "Polygon", "coordinates": [ [ [ 76.236486762913572, 10.016780452748824 ], [ 76.236486762913572, 10.021272008623779 ], [ 76.231925917549376, 10.021272008623779 ], [ 76.231925917549376, 10.016780452748824 ], [ 76.236486762913572, 10.016780452748824 ] ] ] } },
{ "type": "Feature", "properties": { "cell_id": 1152, "lon": 76.238767185595677, "lat": 10.019026230686302 }, "geometry": { "type": "Polygon", "coordinates": [ [ [ 76.241047608277768, 10.016780452748824 ], [ 76.241047608277768, 10.021272008623779 ], [ 76.236486762913572, 10.021272008623779 ], [ 76.236486762913572, 10.016780452748824 ], [ 76.241047608277768, 10.016780452748824 ] ] ] } },
{ "type": "Feature", "properties": { "cell_id": 1153, "lon": 76.243328030959873, "lat": 10.019026230686302 }, "geometry": { "type": "Polygon", "coordinates": [ [ [ 76.245608453641964, 10.016780452748824 ], [ 76.245608453641964, 10.021272008623779 ], [ 76.241047608277768, 10.021272008623779 ], [ 76.241047608277768, 10.016780452748824 ], [ 76.245608453641964, 10.016780452748824 ] ] ] } },
{ "type": "Feature", "properties": { "cell_id": 1154, "lon": 76.247888876324069, "lat": 10.019026230686302 }, "geometry": { "type": "Polygon", "coordinates": [ [ [ 76.25016929900616, 10.016780452748824 ], [ 76.25016929900616, 10.021272008623779 ], [ 76.245608453641964, 10.021272008623779 ], [ 76.245608453641964, 10.016780452748824 ], [ 76.25016929900616, 10.016780452748824 ] ] ] } },
{ "type": "Feature", "properties": { "cell_id": 1155, "lon": 76.252449721688265, "lat": 10.019026230686302 }, "geometry": { "type": "Polygon", "coordinates": [ [ [ 76.254730144370356, 10.016780452748824 ], [ 76.254730144370356, 10.021272008623779 ], [ 76.25016929900616, 10.021272008623779 ], [ 76.25016929900616, 10.016780452748824 ], [ 76.254730144370356, 10.016780452748824 ] ] ] } },
{ "type": "Feature", "properties": { "cell_id": 1156, "lon": 76.257010567052461, "lat": 10.019026230686302 }, "geometry": { "type": "Polygon", "coordinates": [ [ [ 76.259290989734552, 10.016780452748824 ], [ 76.259290989734552, 10.021272008623779 ], [ 76.254730144370356, 10.021272008623779 ], [ 76.254730144370356, 10.016780452748824 ], [ 76.259290989734552, 10.016780452748824 ] ] ] } },
{ "type": "Feature", "properties": { "cell_id": 1157, "lon": 76.261571412416657, "lat": 10.019026230686302 }, "geometry": { "type": "Polygon", "coordinates": [ [ [ 76.263851835098748, 10.016780452748824 ], [ 76.263851835098748, 10.021272008623779 ], [ 76.259290989734552, 10.021272008623779 ], [ 76.259290989734552, 10.016780452748824 ], [ 76.263851835098748, 10.016780452748824 ] ] ] } },
{ "type": "Feature", "properties": { "cell_id": 1158, "lon": 76.266132257780853, "lat": 10.019026230686302 }, "geometry": { "type": "Polygon", "coordinates": [ [ [ 76.268412680462944, 10.016780452748824 ], [ 76.268412680462944, 10.021272008623779 ], [ 76.263851835098748, 10.021272008623779 ], [ 76.263851835098748, 10.016780452748824 ], [ 76.268412680462944, 10.016780452748824 ] ] ] } },
{ "type": "Feature", "properties": { "cell_id": 1159, "lon": 76.270693103145049, "lat": 10.019026230686302 }, "geometry": { "type": "Polygon", "coordinates": [ [ [ 76.27297352582714, 10.016780452748824 ], [ 76.27297352582714, 10.021272008623779 ], [ 76.268412680462944, 10.021272008623779 ], [ 76.268412680462944, 10.016780452748824 ], [ 76.27297352582714, 10.016780452748824 ] ] ] } },
{ "type": "Feature", "properties": { "cell_id": 1160, "lon": 76.275253948509246, "lat": 10.019026230686302 }, "geometry": { "type": "Polygon", "coordinates": [ [ [ 76.277534371191337, 10.016780452748824 ], [ 76.277534371191337, 10.021272008623779 ], [ 76.27297352582714, 10.021272008623779 ], [ 76.27297352582714, 10.016780452748824 ], [ 76.277534371191337, 10.016780452748824 ] ] ] } },
{ "type": "Feature", "properties": { "cell_id": 1161, "lon": 76.279814793873442, "lat": 10.019026230686302 }, "geometry": { "type": "Polygon", "coordinates": [ [ [ 76.282095216555533, 10.016780452748824 ], [ 76.282095216555533, 10.021272008623779 ], [ 76.277534371191337, 10.021272008623779 ], [ 76.277534371191337, 10.016780452748824 ], [ 76.282095216555533, 10.016780452748824 ] ] ] } },
{ "type": "Feature", "properties": { "cell_id": 1162, "lon": 76.284375639237638, "lat": 10.019026230686302 }, "geometry": { "type": "Polygon", "coordinates": [ [ [ 76.286656061919729, 10.016780452748824 ], [ 76.286656061919729, 10.021272008623779 ], [ 76.282095216555533, 10.021272008623779 ], [ 76.282095216555533, 10.016780452748824 ], [ 76.286656061919729, 10.016780452748824 ] ] ] } },
{ "type": "Feature", "properties": { "cell_id": 1163, "lon": 76.288936484601834, "lat": 10.019026230686302 }, "geometry": { "type": "Polygon", "coordinates": [ [ [ 76.291216907283925, 10.016780452748824 ], [ 76.291216907283925, 10.021272008623779 ], [ 76.286656061919729, 10.021272008623779 ], [ 76.286656061919729, 10.016780452748824 ], [ 76.291216907283925, 10.016780452748824 ] ] ] } },
{ "type": "Feature", "properties": { "cell_id": 1164, "lon": 76.29349732996603, "lat": 10.019026230686302 }, "geometry": { "type": "Polygon", "coordinates": [ [ [ 76.295777752648121, 10.016780452748824 ], [ 76.295777752648121, 10.021272008623779 ], [ 76.291216907283925, 10.021272008623779 ], [ 76.291216907283925, 10.016780452748824 ], [ 76.295777752648121, 10.016780452748824 ] ] ] } },
{ "type": "Feature", "properties": { "cell_id": 1165, "lon": 76.298058175330226, "lat": 10.019026230686302 }, "geometry": { "type": "Polygon", "coordinates": [ [ [ 76.300338598012317, 10.016780452748824 ], [ 76.300338598012317, 10.021272008623779 ], [ 76.295777752648121, 10.021272008623779 ], [ 76.295777752648121, 10.016780452748824 ], [ 76.300338598012317, 10.016780452748824 ] ] ] } },
{ "type": "Feature", "properties": { "cell_id": 1166, "lon": 76.302619020694422, "lat": 10.019026230686302 }, "geometry": { "type": "Polygon", "coordinates": [ [ [ 76.304899443376513, 10.016780452748824 ], [ 76.304899443376513, 10.021272008623779 ], [ 76.300338598012317, 10.021272008623779 ], [ 76.300338598012317, 10.016780452748824 ], [ 76.304899443376513, 10.016780452748824 ] ] ] } },
{ "type": "Feature", "properties": { "cell_id": 1167, "lon": 76.307179866058618, "lat": 10.019026230686302 }, "geometry": { "type": "Polygon", "coordinates": [ [ [ 76.309460288740709, 10.016780452748824 ], [ 76.309460288740709, 10.021272008623779 ], [ 76.304899443376513, 10.021272008623779 ], [ 76.304899443376513, 10.016780452748824 ], [ 76.309460288740709, 10.016780452748824 ] ] ] } },
{ "type": "Feature", "properties": { "cell_id": 1168, "lon": 76.311740711422814, "lat": 10.019026230686302 }, "geometry": { "type": "Polygon", "coordinates": [ [ [ 76.314021134104905, 10.016780452748824 ], [ 76.314021134104905, 10.021272008623779 ], [ 76.309460288740709, 10.021272008623779 ], [ 76.309460288740709, 10.016780452748824 ], [ 76.314021134104905, 10.016780452748824 ] ] ] } },
{ "type": "Feature", "properties": { "cell_id": 1169, "lon": 76.31630155678701, "lat": 10.019026230686302 }, "geometry": { "type": "Polygon", "coordinates": [ [ [ 76.318581979469101, 10.016780452748824 ], [ 76.318581979469101, 10.021272008623779 ], [ 76.314021134104905, 10.021272008623779 ], [ 76.314021134104905, 10.016780452748824 ], [ 76.318581979469101, 10.016780452748824 ] ] ] } },
{ "type": "Feature", "properties": { "cell_id": 1170, "lon": 76.320862402151207, "lat": 10.019026230686302 }, "geometry": { "type": "Polygon", "coordinates": [ [ [ 76.323142824833297, 10.016780452748824 ], [ 76.323142824833297, 10.021272008623779 ], [ 76.318581979469101, 10.021272008623779 ], [ 76.318581979469101, 10.016780452748824 ], [ 76.323142824833297, 10.016780452748824 ] ] ] } },
{ "type": "Feature", "properties": { "cell_id": 1171, "lon": 76.325423247515403, "lat": 10.019026230686302 }, "geometry": { "type": "Polygon", "coordinates": [ [ [ 76.327703670197494, 10.016780452748824 ], [ 76.327703670197494, 10.021272008623779 ], [ 76.323142824833297, 10.021272008623779 ], [ 76.323142824833297, 10.016780452748824 ], [ 76.327703670197494, 10.016780452748824 ] ] ] } },
{ "type": "Feature", "properties": { "cell_id": 1172, "lon": 76.329984092879599, "lat": 10.019026230686302 }, "geometry": { "type": "Polygon", "coordinates": [ [ [ 76.33226451556169, 10.016780452748824 ], [ 76.33226451556169, 10.021272008623779 ], [ 76.327703670197494, 10.021272008623779 ], [ 76.327703670197494, 10.016780452748824 ], [ 76.33226451556169, 10.016780452748824 ] ] ] } },
{ "type": "Feature", "properties": { "cell_id": 1173, "lon": 76.334544938243795, "lat": 10.019026230686302 }, "geometry": { "type": "Polygon", "coordinates": [ [ [ 76.336825360925886, 10.016780452748824 ], [ 76.336825360925886, 10.021272008623779 ], [ 76.33226451556169, 10.021272008623779 ], [ 76.33226451556169, 10.016780452748824 ], [ 76.336825360925886, 10.016780452748824 ] ] ] } },
{ "type": "Feature", "properties": { "cell_id": 1174, "lon": 76.339105783607991, "lat": 10.019026230686302 }, "geometry": { "type": "Polygon", "coordinates": [ [ [ 76.341386206290082, 10.016780452748824 ], [ 76.341386206290082, 10.021272008623779 ], [ 76.336825360925886, 10.021272008623779 ], [ 76.336825360925886, 10.016780452748824 ], [ 76.341386206290082, 10.016780452748824 ] ] ] } },
{ "type": "Feature", "properties": { "cell_id": 1175, "lon": 76.343666628972187, "lat": 10.019026230686302 }, "geometry": { "type": "Polygon", "coordinates": [ [ [ 76.345947051654278, 10.016780452748824 ], [ 76.345947051654278, 10.021272008623779 ], [ 76.341386206290082, 10.021272008623779 ], [ 76.341386206290082, 10.016780452748824 ], [ 76.345947051654278, 10.016780452748824 ] ] ] } },
{ "type": "Feature", "properties": { "cell_id": 1176, "lon": 76.348227474336383, "lat": 10.019026230686302 }, "geometry": { "type": "Polygon", "coordinates": [ [ [ 76.350507897018474, 10.016780452748824 ], [ 76.350507897018474, 10.021272008623779 ], [ 76.345947051654278, 10.021272008623779 ], [ 76.345947051654278, 10.016780452748824 ], [ 76.350507897018474, 10.016780452748824 ] ] ] } },
{ "type": "Feature", "properties": { "cell_id": 1177, "lon": 76.352788319700579, "lat": 10.019026230686302 }, "geometry": { "type": "Polygon", "coordinates": [ [ [ 76.35506874238267, 10.016780452748824 ], [ 76.35506874238267, 10.021272008623779 ], [ 76.350507897018474, 10.021272008623779 ], [ 76.350507897018474, 10.016780452748824 ], [ 76.35506874238267, 10.016780452748824 ] ] ] } },
{ "type": "Feature", "properties": { "cell_id": 1178, "lon": 76.357349165064775, "lat": 10.019026230686302 }, "geometry": { "type": "Polygon", "coordinates": [ [ [ 76.359629587746866, 10.016780452748824 ], [ 76.359629587746866, 10.021272008623779 ], [ 76.35506874238267, 10.021272008623779 ], [ 76.35506874238267, 10.016780452748824 ], [ 76.359629587746866, 10.016780452748824 ] ] ] } },
{ "type": "Feature", "properties": { "cell_id": 1179, "lon": 76.361910010428971, "lat": 10.019026230686302 }, "geometry": { "type": "Polygon", "coordinates": [ [ [ 76.364190433111062, 10.016780452748824 ], [ 76.364190433111062, 10.021272008623779 ], [ 76.359629587746866, 10.021272008623779 ], [ 76.359629587746866, 10.016780452748824 ], [ 76.364190433111062, 10.016780452748824 ] ] ] } },
{ "type": "Feature", "properties": { "cell_id": 1180, "lon": 76.366470855793168, "lat": 10.019026230686302 }, "geometry": { "type": "Polygon", "coordinates": [ [ [ 76.368751278475258, 10.016780452748824 ], [ 76.368751278475258, 10.021272008623779 ], [ 76.364190433111062, 10.021272008623779 ], [ 76.364190433111062, 10.016780452748824 ], [ 76.368751278475258, 10.016780452748824 ] ] ] } },
{ "type": "Feature", "properties": { "cell_id": 1181, "lon": 76.371031701157364, "lat": 10.019026230686302 }, "geometry": { "type": "Polygon", "coordinates": [ [ [ 76.373312123839455, 10.016780452748824 ], [ 76.373312123839455, 10.021272008623779 ], [ 76.368751278475258, 10.021272008623779 ], [ 76.368751278475258, 10.016780452748824 ], [ 76.373312123839455, 10.016780452748824 ] ] ] } },
{ "type": "Feature", "properties": { "cell_id": 1182, "lon": 76.37559254652156, "lat": 10.019026230686302 }, "geometry": { "type": "Polygon", "coordinates": [ [ [ 76.377872969203651, 10.016780452748824 ], [ 76.377872969203651, 10.021272008623779 ], [ 76.373312123839455, 10.021272008623779 ], [ 76.373312123839455, 10.016780452748824 ], [ 76.377872969203651, 10.016780452748824 ] ] ] } },
{ "type": "Feature", "properties": { "cell_id": 1183, "lon": 76.380153391885756, "lat": 10.019026230686302 }, "geometry": { "type": "Polygon", "coordinates": [ [ [ 76.382433814567847, 10.016780452748824 ], [ 76.382433814567847, 10.021272008623779 ], [ 76.377872969203651, 10.021272008623779 ], [ 76.377872969203651, 10.016780452748824 ], [ 76.382433814567847, 10.016780452748824 ] ] ] } },
{ "type": "Feature", "properties": { "cell_id": 1184, "lon": 76.384714237249952, "lat": 10.019026230686302 }, "geometry": { "type": "Polygon", "coordinates": [ [ [ 76.386994659932043, 10.016780452748824 ], [ 76.386994659932043, 10.021272008623779 ], [ 76.382433814567847, 10.021272008623779 ], [ 76.382433814567847, 10.016780452748824 ], [ 76.386994659932043, 10.016780452748824 ] ] ] } },
{ "type": "Feature", "properties": { "cell_id": 1185, "lon": 76.389275082614148, "lat": 10.019026230686302 }, "geometry": { "type": "Polygon", "coordinates": [ [ [ 76.391555505296239, 10.016780452748824 ], [ 76.391555505296239, 10.021272008623779 ], [ 76.386994659932043, 10.021272008623779 ], [ 76.386994659932043, 10.016780452748824 ], [ 76.391555505296239, 10.016780452748824 ] ] ] } },
{ "type": "Feature", "properties": { "cell_id": 1186, "lon": 76.393835927978344, "lat": 10.019026230686302 }, "geometry": { "type": "Polygon", "coordinates": [ [ [ 76.396116350660435, 10.016780452748824 ], [ 76.396116350660435, 10.021272008623779 ], [ 76.391555505296239, 10.021272008623779 ], [ 76.391555505296239, 10.016780452748824 ], [ 76.396116350660435, 10.016780452748824 ] ] ] } },
{ "type": "Feature", "properties": { "cell_id": 1187, "lon": 76.39839677334254, "lat": 10.019026230686302 }, "geometry": { "type": "Polygon", "coordinates": [ [ [ 76.400677196024631, 10.016780452748824 ], [ 76.400677196024631, 10.021272008623779 ], [ 76.396116350660435, 10.021272008623779 ], [ 76.396116350660435, 10.016780452748824 ], [ 76.400677196024631, 10.016780452748824 ] ] ] } },
{ "type": "Feature", "properties": { "cell_id": 1188, "lon": 76.202280422682108, "lat": 10.023517786561257 }, "geometry": { "type": "Polygon", "coordinates": [ [ [ 76.204560845364199, 10.021272008623779 ], [ 76.204560845364199, 10.025763564498734 ], [ 76.2, 10.025763564498734 ], [ 76.2, 10.021272008623779 ], [ 76.204560845364199, 10.021272008623779 ] ] ] } },
{ "type": "Feature", "properties": { "cell_id": 1189, "lon": 76.206841268046304, "lat": 10.023517786561257 }, "geometry": { "type": "Polygon", "coordinates": [ [ [ 76.209121690728395, 10.021272008623779 ], [ 76.209121690728395, 10.025763564498734 ], [ 76.204560845364199, 10.025763564498734 ], [ 76.204560845364199, 10.021272008623779 ], [ 76.209121690728395, 10.021272008623779 ] ] ] } },
{ "type": "Feature", "properties": { "cell_id": 1190, "lon": 76.2114021134105, "lat": 10.023517786561257 }, "geometry": { "type": "Polygon", "coordinates": [ [ [ 76.213682536092591, 10.021272008623779 ], [ 76.213682536092591, 10.025763564498734 ], [ 76.209121690728395, 10.025763564498734 ], [ 76.209121690728395, 10.021272008623779 ], [ 76.213682536092591, 10.021272008623779 ] ] ] } },
{ "type": "Feature", "properties": { "cell_id": 1191, "lon": 76.215962958774696, "lat": 10.023517786561257 }, "geometry": { "type": "Polygon", "coordinates": [ [ [ 76.218243381456787, 10.021272008623779 ], [ 76.218243381456787, 10.025763564498734 ], [ 76.213682536092591, 10.025763564498734 ], [ 76.213682536092591, 10.021272008623779 ], [ 76.218243381456787, 10.021272008623779 ] ] ] } },
{ "type": "Feature", "properties": { "cell_id": 1192, "lon": 76.220523804138892, "lat": 10.023517786561257 }, "geometry": { "type": "Polygon", "coordinates": [ [ [ 76.222804226820983, 10.021272008623779 ], [ 76.222804226820983, 10.025763564498734 ], [ 76.218243381456787, 10.025763564498734 ], [ 76.218243381456787, 10.021272008623779 ], [ 76.222804226820983, 10.021272008623779 ] ] ] } },
{ "type": "Feature", "properties": { "cell_id": 1193, "lon": 76.225084649503088, "lat": 10.023517786561257 }, "geometry": { "type": "Polygon", "coordinates": [ [ [ 76.227365072185179, 10.021272008623779 ], [ 76.227365072185179, 10.025763564498734 ], [ 76.222804226820983, 10.025763564498734 ], [ 76.222804226820983, 10.021272008623779 ], [ 76.227365072185179, 10.021272008623779 ] ] ] } },
{ "type": "Feature", "properties": { "cell_id": 1194, "lon": 76.229645494867285, "lat": 10.023517786561257 }, "geometry": { "type": "Polygon", "coordinates": [ [ [ 76.231925917549376, 10.021272008623779 ], [ 76.231925917549376, 10.025763564498734 ], [ 76.227365072185179, 10.025763564498734 ], [ 76.227365072185179, 10.021272008623779 ], [ 76.231925917549376, 10.021272008623779 ] ] ] } },
{ "type": "Feature", "properties": { "cell_id": 1195, "lon": 76.234206340231481, "lat": 10.023517786561257 }, "geometry": { "type": "Polygon", "coordinates": [ [ [ 76.236486762913572, 10.021272008623779 ], [ 76.236486762913572, 10.025763564498734 ], [ 76.231925917549376, 10.025763564498734 ], [ 76.231925917549376, 10.021272008623779 ], [ 76.236486762913572, 10.021272008623779 ] ] ] } },
{ "type": "Feature", "properties": { "cell_id": 1196, "lon": 76.238767185595677, "lat": 10.023517786561257 }, "geometry": { "type": "Polygon", "coordinates": [ [ [ 76.241047608277768, 10.021272008623779 ], [ 76.241047608277768, 10.025763564498734 ], [ 76.236486762913572, 10.025763564498734 ], [ 76.236486762913572, 10.021272008623779 ], [ 76.241047608277768, 10.021272008623779 ] ] ] } },
{ "type": "Feature", "properties": { "cell_id": 1197, "lon": 76.243328030959873, "lat": 10.023517786561257 }, "geometry": { "type": "Polygon", "coordinates": [ [ [ 76.245608453641964, 10.021272008623779 ], [ 76.245608453641964, 10.025763564498734 ], [ 76.241047608277768, 10.025763564498734 ], [ 76.241047608277768, 10.021272008623779 ], [ 76.245608453641964, 10.021272008623779 ] ] ] } },
{ "type": "Feature", "properties": { "cell_id": 1198, "lon": 76.247888876324069, "lat": 10.023517786561257 }, "geometry": { "type": "Polygon", "coordinates": [ [ [ 76.25016929900616, 10.021272008623779 ], [ 76.25016929900616, 10.025763564498734 ], [ 76.245608453641964, 10.025763564498734 ], [ 76.245608453641964, 10.021272008623779 ], [ 76.25016929900616, 10.021272008623779 ] ] ] } },
{ "type": "Feature", "properties": { "cell_id": 1199, "lon": 76.252449721688265, "lat": 10.023517786561257 }, "geometry": { "type": "Polygon", "coordinates": [ [ [ 76.254730144370356, 10.021272008623779 ], [ 76.254730144370356, 10.025763564498734 ], [ 76.25016929900616, 10.025763564498734 ], [ 76.25016929900616, 10.021272008623779 ], [ 76.254730144370356, 10.021272008623779 ] ] ] } },
{ "type": "Feature", "properties": { "cell_id": 1200, "lon": 76.257010567052461, "lat": 10.023517786561257 }, "geometry": { "type": "Polygon", "coordinates": [ [ [ 76.259290989734552, 10.021272008623779 ], [ 76.259290989734552, 10.025763564498734 ], [ 76.254730144370356, 10.025763564498734 ], [ 76.254730144370356, 10.021272008623779 ], [ 76.259290989734552, 10.021272008623779 ] ] ] } },
{ "type": "Feature", "properties": { "cell_id": 1201, "lon": 76.261571412416657, "lat": 10.023517786561257 }, "geometry": { "type": "Polygon", "coordinates": [ [ [ 76.263851835098748, 10.021272008623779 ], [ 76.263851835098748, 10.025763564498734 ], [ 76.259290989734552, 10.025763564498734 ], [ 76.259290989734552, 10.021272008623779 ], [ 76.263851835098748, 10.021272008623779 ] ] ] } },
{ "type": "Feature", "properties": { "cell_id": 1202, "lon": 76.266132257780853, "lat": 10.023517786561257 }, "geometry": { "type": "Polygon", "coordinates": [ [ [ 76.268412680462944, 10.021272008623779 ], [ 76.268412680462944, 10.025763564498734 ], [ 76.263851835098748, 10.025763564498734 ], [ 76.263851835098748, 10.021272008623779 ], [ 76.268412680462944, 10.021272008623779 ] ] ] } },
{ "type": "Feature", "properties": { "cell_id": 1203, "lon": 76.270693103145049, "lat": 10.023517786561257 }, "geometry": { "type": "Polygon", "coordinates": [ [ [ 76.27297352582714, 10.021272008623779 ], [ 76.27297352582714, 10.025763564498734 ], [ 76.268412680462944, 10.025763564498734 ], [ 76.268412680462944, 10.021272008623779 ], [ 76.27297352582714, 10.021272008623779 ] ] ] } },
{ "type": "Feature", "properties": { "cell_id": 1204, "lon": 76.275253948509246, "lat": 10.023517786561257 }, "geometry": { "type": "Polygon", "coordinates": [ [ [ 76.277534371191337, 10.021272008623779 ], [ 76.277534371191337, 10.025763564498734 ], [ 76.27297352582714, 10.025763564498734 ], [ 76.27297352582714, 10.021272008623779 ], [ 76.277534371191337, 10.021272008623779 ] ] ] } },
{ "type": "Feature", "properties": { "cell_id": 1205, "lon": 76.279814793873442, "lat": 10.023517786561257 }, "geometry": { "type": "Polygon", "coordinates": [ [ [ 76.282095216555533, 10.021272008623779 ], [ 76.282095216555533, 10.025763564498734 ], [ 76.277534371191337, 10.025763564498734 ], [ 76.277534371191337, 10.021272008623779 ], [ 76.282095216555533, 10.021272008623779 ] ] ] } },
{ "type": "Feature", "properties": { "cell_id": 1206, "lon": 76.284375639237638, "lat": 10.023517786561257 }, "geometry": { "type": "Polygon", "coordinates": [ [ [ 76.286656061919729, 10.021272008623779 ], [ 76.286656061919729, 10.025763564498734 ], [ 76.282095216555533, 10.025763564498734 ], [ 76.282095216555533, 10.021272008623779 ], [ 76.286656061919729, 10.021272008623779 ] ] ] } },
{ "type": "Feature", "properties": { "cell_id": 1207, "lon": 76.288936484601834, "lat": 10.023517786561257 }, "geometry": { "type": "Polygon", "coordinates": [ [ [ 76.291216907283925, 10.021272008623779 ], [ 76.291216907283925, 10.025763564498734 ], [ 76.286656061919729, 10.025763564498734 ], [ 76.286656061919729, 10.021272008623779 ], [ 76.291216907283925, 10.021272008623779 ] ] ] } },
{ "type": "Feature", "properties": { "cell_id": 1208, "lon": 76.29349732996603, "lat": 10.023517786561257 }, "geometry": { "type": "Polygon", "coordinates": [ [ [ 76.295777752648121, 10.021272008623779 ], [ 76.295777752648121, 10.025763564498734 ], [ 76.291216907283925, 10.025763564498734 ], [ 76.291216907283925, 10.021272008623779 ], [ 76.295777752648121, 10.021272008623779 ] ] ] } },
{ "type": "Feature", "properties": { "cell_id": 1209, "lon": 76.298058175330226, "lat": 10.023517786561257 }, "geometry": { "type": "Polygon", "coordinates": [ [ [ 76.300338598012317, 10.021272008623779 ], [ 76.300338598012317, 10.025763564498734 ], [ 76.295777752648121, 10.025763564498734 ], [ 76.295777752648121, 10.021272008623779 ], [ 76.300338598012317, 10.021272008623779 ] ] ] } },
{ "type": "Feature", "properties": { "cell_id": 1210, "lon": 76.302619020694422, "lat": 10.023517786561257 }, "geometry": { "type": "Polygon", "coordinates": [ [ [ 76.304899443376513, 10.021272008623779 ], [ 76.304899443376513, 10.025763564498734 ], [ 76.300338598012317, 10.025763564498734 ], [ 76.300338598012317, 10.021272008623779 ], [ 76.304899443376513, 10.021272008623779 ] ] ] } },
{ "type": "Feature", "properties": { "cell_id": 1211, "lon": 76.307179866058618, "lat": 10.023517786561257 }, "geometry": { "type": "Polygon", "coordinates": [ [ [ 76.309460288740709, 10.021272008623779 ], [ 76.309460288740709, 10.025763564498734 ], [ 76.304899443376513, 10.025763564498734 ], [ 76.304899443376513, 10.021272008623779 ], [ 76.309460288740709, 10.021272008623779 ] ] ] } },
{ "type": "Feature", "properties": { "cell_id": 1212, "lon": 76.311740711422814, "lat": 10.023517786561257 }, "geometry": { "type": "Polygon", "coordinates": [ [ [ 76.314021134104905, 10.021272008623779 ], [ 76.314021134104905, 10.025763564498734 ], [ 76.309460288740709, 10.025763564498734 ], [ 76.309460288740709, 10.021272008623779 ], [ 76.314021134104905, 10.021272008623779 ] ] ] } },
{ "type": "Feature", "properties": { "cell_id": 1213, "lon": 76.31630155678701, "lat": 10.023517786561257 }, "geometry": { "type": "Polygon", "coordinates": [ [ [ 76.318581979469101, 10.021272008623779 ], [ 76.318581979469101, 10.025763564498734 ], [ 76.314021134104905, 10.025763564498734 ], [ 76.314021134104905, 10.021272008623779 ], [ 76.318581979469101, 10.021272008623779 ] ] ] } },
{ "type": "Feature", "properties": { "cell_id": 1214, "lon": 76.320862402151207, "lat": 10.023517786561257 }, "geometry": { "type": "Polygon", "coordinates": [ [ [ 76.323142824833297, 10.021272008623779 ], [ 76.323142824833297, 10.025763564498734 ], [ 76.318581979469101, 10.025763564498734 ], [ 76.318581979469101, 10.021272008623779 ], [ 76.323142824833297, 10.021272008623779 ] ] ] } },
{ "type": "Feature", "properties": { "cell_id": 1215, "lon": 76.325423247515403, "lat": 10.023517786561257 }, "geometry": { "type": "Polygon", "coordinates": [ [ [ 76.327703670197494, 10.021272008623779 ], [ 76.327703670197494, 10.025763564498734 ], [ 76.323142824833297, 10.025763564498734 ], [ 76.323142824833297, 10.021272008623779 ], [ 76.327703670197494, 10.021272008623779 ] ] ] } },
{ "type": "Feature", "properties": { "cell_id": 1216, "lon": 76.329984092879599, "lat": 10.023517786561257 }, "geometry": { "type": "Polygon", "coordinates": [ [ [ 76.33226451556169, 10.021272008623779 ], [ 76.33226451556169, 10.025763564498734 ], [ 76.327703670197494, 10.025763564498734 ], [ 76.327703670197494, 10.021272008623779 ], [ 76.33226451556169, 10.021272008623779 ] ] ] } },
{ "type": "Feature", "properties": { "cell_id": 1217, "lon": 76.334544938243795, "lat": 10.023517786561257 }, "geometry": { "type": "Polygon", "coordinates": [ [ [ 76.336825360925886, 10.021272008623779 ], [ 76.336825360925886, 10.025763564498734 ], [ 76.33226451556169, 10.025763564498734 ], [ 76.33226451556169, 10.021272008623779 ], [ 76.336825360925886, 10.021272008623779 ] ] ] } },
{ "type": "Feature", "properties": { "cell_id": 1218, "lon": 76.339105783607991, "lat": 10.023517786561257 }, "geometry": { "type": "Polygon", "coordinates": [ [ [ 76.341386206290082, 10.021272008623779 ], [ 76.341386206290082, 10.025763564498734 ], [ 76.336825360925886, 10.025763564498734 ], [ 76.336825360925886, 10.021272008623779 ], [ 76.341386206290082, 10.021272008623779 ] ] ] } },
{ "type": "Feature", "properties": { "cell_id": 1219, "lon": 76.343666628972187, "lat": 10.023517786561257 }, "geometry": { "type": "Polygon", "coordinates": [ [ [ 76.345947051654278, 10.021272008623779 ], [ 76.345947051654278, 10.025763564498734 ], [ 76.341386206290082, 10.025763564498734 ], [ 76.341386206290082, 10.021272008623779 ], [ 76.345947051654278, 10.021272008623779 ] ] ] } },
{ "type": "Feature", "properties": { "cell_id": 1220, "lon": 76.348227474336383, "lat": 10.023517786561257 }, "geometry": { "type": "Polygon", "coordinates": [ [ [ 76.350507897018474, 10.021272008623779 ], [ 76.350507897018474, 10.025763564498734 ], [ 76.345947051654278, 10.025763564498734 ], [ 76.345947051654278, 10.021272008623779 ], [ 76.350507897018474, 10.021272008623779 ] ] ] } },
{ "type": "Feature", "properties": { "cell_id": 1221, "lon": 76.352788319700579, "lat": 10.023517786561257 }, "geometry": { "type": "Polygon", "coordinates": [ [ [ 76.35506874238267, 10.021272008623779 ], [ 76.35506874238267, 10.025763564498734 ], [ 76.350507897018474, 10.025763564498734 ], [ 76.350507897018474, 10.021272008623779 ], [ 76.35506874238267, 10.021272008623779 ] ] ] } },
{ "type": "Feature", "properties": { "cell_id": 1222, "lon": 76.357349165064775, "lat": 10.023517786561257 }, "geometry": { "type": "Polygon", "coordinates": [ [ [ 76.359629587746866, 10.021272008623779 ], [ 76.359629587746866, 10.025763564498734 ], [ 76.35506874238267, 10.025763564498734 ], [ 76.35506874238267, 10.021272008623779 ], [ 76.359629587746866, 10.021272008623779 ] ] ] } },
{ "type": "Feature", "properties": { "cell_id": 1223, "lon": 76.361910010428971, "lat": 10.023517786561257 }, "geometry": { "type": "Polygon", "coordinates": [ [ [ 76.364190433111062, 10.021272008623779 ], [ 76.364190433111062, 10.025763564498734 ], [ 76.359629587746866, 10.025763564498734 ], [ 76.359629587746866, 10.021272008623779 ], [ 76.364190433111062, 10.021272008623779 ] ] ] } },
{ "type": "Feature", "properties": { "cell_id": 1224, "lon": 76.366470855793168, "lat": 10.023517786561257 }, "geometry": { "type": "Polygon", "coordinates": [ [ [ 76.368751278475258, 10.021272008623779 ], [ 76.368751278475258, 10.025763564498734 ], [ 76.364190433111062, 10.025763564498734 ], [ 76.364190433111062, 10.021272008623779 ], [ 76.368751278475258, 10.021272008623779 ] ] ] } },
{ "type": "Feature", "properties": { "cell_id": 1225, "lon": 76.371031701157364, "lat": 10.023517786561257 }, "geometry": { "type": "Polygon", "coordinates": [ [ [ 76.373312123839455, 10.021272008623779 ], [ 76.373312123839455, 10.025763564498734 ], [ 76.368751278475258, 10.025763564498734 ], [ 76.368751278475258, 10.021272008623779 ], [ 76.373312123839455, 10.021272008623779 ] ] ] } },
{ "type": "Feature", "properties": { "cell_id": 1226, "lon": 76.37559254652156, "lat": 10.023517786561257 }, "geometry": { "type": "Polygon", "coordinates": [ [ [ 76.377872969203651, 10.021272008623779 ], [ 76.377872969203651, 10.025763564498734 ], [ 76.373312123839455, 10.025763564498734 ], [ 76.373312123839455, 10.021272008623779 ], [ 76.377872969203651, 10.021272008623779 ] ] ] } },
{ "type": "Feature", "properties": { "cell_id": 1227, "lon": 76.380153391885756, "lat": 10.023517786561257 }, "geometry": { "type": "Polygon", "coordinates": [ [ [ 76.382433814567847, 10.021272008623779 ], [ 76.382433814567847, 10.025763564498734 ], [ 76.377872969203651, 10.025763564498734 ], [ 76.377872969203651, 10.021272008623779 ], [ 76.382433814567847, 10.021272008623779 ] ] ] } },
{ "type": "Feature", "properties": { "cell_id": 1228, "lon": 76.384714237249952, "lat": 10.023517786561257 }, "geometry": { "type": "Polygon", "coordinates": [ [ [ 76.386994659932043, 10.021272008623779 ], [ 76.386994659932043, 10.025763564498734 ], [ 76.382433814567847, 10.025763564498734 ], [ 76.382433814567847, 10.021272008623779 ], [ 76.386994659932043, 10.021272008623779 ] ] ] } },
{ "type": "Feature", "properties": { "cell_id": 1229, "lon": 76.389275082614148, "lat": 10.023517786561257 }, "geometry": { "type": "Polygon", "coordinates": [ [ [ 76.391555505296239, 10.021272008623779 ], [ 76.391555505296239, 10.025763564498734 ], [ 76.386994659932043, 10.025763564498734 ], [ 76.386994659932043, 10.021272008623779 ], [ 76.391555505296239, 10.021272008623779 ] ] ] } },
{ "type": "Feature", "properties": { "cell_id": 1230, "lon": 76.393835927978344, "lat": 10.023517786561257 }, "geometry": { "type": "Polygon", "coordinates": [ [ [ 76.396116350660435, 10.021272008623779 ], [ 76.396116350660435, 10.025763564498734 ], [ 76.391555505296239, 10.025763564498734 ], [ 76.391555505296239, 10.021272008623779 ], [ 76.396116350660435, 10.021272008623779 ] ] ] } },
{ "type": "Feature", "properties": { "cell_id": 1231, "lon": 76.39839677334254, "lat": 10.023517786561257 }, "geometry": { "type": "Polygon", "coordinates": [ [ [ 76.400677196024631, 10.021272008623779 ], [ 76.400677196024631, 10.025763564498734 ], [ 76.396116350660435, 10.025763564498734 ], [ 76.396116350660435, 10.021272008623779 ], [ 76.400677196024631, 10.021272008623779 ] ] ] } },
{ "type": "Feature", "properties": { "cell_id": 1232, "lon": 76.202280422682108, "lat": 10.028009342436212 }, "geometry": { "type": "Polygon", "coordinates": [ [ [ 76.204560845364199, 10.025763564498734 ], [ 76.204560845364199, 10.030255120373688 ], [ 76.2, 10.030255120373688 ], [ 76.2, 10.025763564498734 ], [ 76.204560845364199, 10.025763564498734 ] ] ] } },
{ "type": "Feature", "properties": { "cell_id": 1233, "lon": 76.206841268046304, "lat": 10.028009342436212 }, "geometry": { "type": "Polygon", "coordinates": [ [ [ 76.209121690728395, 10.025763564498734 ], [ 76.209121690728395, 10.030255120373688 ], [ 76.204560845364199, 10.030255120373688 ], [ 76.204560845364199, 10.025763564498734 ], [ 76.209121690728395, 10.025763564498734 ] ] ] } },
{ "type": "Feature", "properties": { "cell_id": 1234, "lon": 76.2114021134105, "lat": 10.028009342436212 }, "geometry": { "type": "Polygon", "coordinates": [ [ [ 76.213682536092591, 10.025763564498734 ], [ 76.213682536092591, 10.030255120373688 ], [ 76.209121690728395, 10.030255120373688 ], [ 76.209121690728395, 10.025763564498734 ], [ 76.213682536092591, 10.025763564498734 ] ] ] } },
{ "type": "Feature", "properties": { "cell_id": 1235, "lon": 76.215962958774696, "lat": 10.028009342436212 }, "geometry": { "type": "Polygon", "coordinates": [ [ [ 76.218243381456787, 10.025763564498734 ], [ 76.218243381456787, 10.030255120373688 ], [ 76.213682536092591, 10.030255120373688 ], [ 76.213682536092591, 10.025763564498734 ], [ 76.218243381456787, 10.025763564498734 ] ] ] } },
{ "type": "Feature", "properties": { "cell_id": 1236, "lon": 76.220523804138892, "lat": 10.028009342436212 }, "geometry": { "type": "Polygon", "coordinates": [ [ [ 76.222804226820983, 10.025763564498734 ], [ 76.222804226820983, 10.030255120373688 ], [ 76.218243381456787, 10.030255120373688 ], [ 76.218243381456787, 10.025763564498734 ], [ 76.222804226820983, 10.025763564498734 ] ] ] } },
{ "type": "Feature", "properties": { "cell_id": 1237, "lon": 76.225084649503088, "lat": 10.028009342436212 }, "geometry": { "type": "Polygon", "coordinates": [ [ [ 76.227365072185179, 10.025763564498734 ], [ 76.227365072185179, 10.030255120373688 ], [ 76.222804226820983, 10.030255120373688 ], [ 76.222804226820983, 10.025763564498734 ], [ 76.227365072185179, 10.025763564498734 ] ] ] } },
{ "type": "Feature", "properties": { "cell_id": 1238, "lon": 76.229645494867285, "lat": 10.028009342436212 }, "geometry": { "type": "Polygon", "coordinates": [ [ [ 76.231925917549376, 10.025763564498734 ], [ 76.231925917549376, 10.030255120373688 ], [ 76.227365072185179, 10.030255120373688 ], [ 76.227365072185179, 10.025763564498734 ], [ 76.231925917549376, 10.025763564498734 ] ] ] } },
{ "type": "Feature", "properties": { "cell_id": 1239, "lon": 76.234206340231481, "lat": 10.028009342436212 }, "geometry": { "type": "Polygon", "coordinates": [ [ [ 76.236486762913572, 10.025763564498734 ], [ 76.236486762913572, 10.030255120373688 ], [ 76.231925917549376, 10.030255120373688 ], [ 76.231925917549376, 10.025763564498734 ], [ 76.236486762913572, 10.025763564498734 ] ] ] } },
{ "type": "Feature", "properties": { "cell_id": 1240, "lon": 76.238767185595677, "lat": 10.028009342436212 }, "geometry": { "type": "Polygon", "coordinates": [ [ [ 76.241047608277768, 10.025763564498734 ], [ 76.241047608277768, 10.030255120373688 ], [ 76.236486762913572, 10.030255120373688 ], [ 76.236486762913572, 10.025763564498734 ], [ 76.241047608277768, 10.025763564498734 ] ] ] } },
{ "type": "Feature", "properties": { "cell_id": 1241, "lon": 76.243328030959873, "lat": 10.028009342436212 }, "geometry": { "type": "Polygon", "coordinates": [ [ [ 76.245608453641964, 10.025763564498734 ], [ 76.245608453641964, 10.030255120373688 ], [ 76.241047608277768, 10.030255120373688 ], [ 76.241047608277768, 10.025763564498734 ], [ 76.245608453641964, 10.025763564498734 ] ] ] } },
{ "type": "Feature", "properties": { "cell_id": 1242, "lon": 76.247888876324069, "lat": 10.028009342436212 }, "geometry": { "type": "Polygon", "coordinates": [ [ [ 76.25016929900616, 10.025763564498734 ], [ 76.25016929900616, 10.030255120373688 ], [ 76.245608453641964, 10.030255120373688 ], [ 76.245608453641964, 10.025763564498734 ], [ 76.25016929900616, 10.025763564498734 ] ] ] } },
{ "type": "Feature", "properties": { "cell_id": 1243, "lon": 76.252449721688265, "lat": 10.028009342436212 }, "geometry": { "type": "Polygon", "coordinates": [ [ [ 76.254730144370356, 10.025763564498734 ], [ 76.254730144370356, 10.030255120373688 ], [ 76.25016929900616, 10.030255120373688 ], [ 76.25016929900616, 10.025763564498734 ], [ 76.254730144370356, 10.025763564498734 ] ] ] } },
{ "type": "Feature", "properties": { "cell_id": 1244, "lon": 76.257010567052461, "lat": 10.028009342436212 }, "geometry": { "type": "Polygon", "coordinates": [ [ [ 76.259290989734552, 10.025763564498734 ], [ 76.259290989734552, 10.030255120373688 ], [ 76.254730144370356, 10.030255120373688 ], [ 76.254730144370356, 10.025763564498734 ], [ 76.259290989734552, 10.025763564498734 ] ] ] } },
{ "type": "Feature", "properties": { "cell_id": 1245, "lon": 76.261571412416657, "lat": 10.028009342436212 }, "geometry": { "type": "Polygon", "coordinates": [ [ [ 76.263851835098748, 10.025763564498734 ], [ 76.263851835098748, 10.030255120373688 ], [ 76.259290989734552, 10.030255120373688 ], [ 76.259290989734552, 10.025763564498734 ], [ 76.263851835098748, 10.025763564498734 ] ] ] } },
{ "type": "Feature", "properties": { "cell_id": 1246, "lon": 76.266132257780853, "lat": 10.028009342436212 }, "geometry": { "type": "Polygon", "coordinates": [ [ [ 76.268412680462944, 10.025763564498734 ], [ 76.268412680462944, 10.030255120373688 ], [ 76.263851835098748, 10.030255120373688 ], [ 76.263851835098748, 10.025763564498734 ], [ 76.268412680462944, 10.025763564498734 ] ] ] } },
{ "type": "Feature", "properties": { "cell_id": 1247, "lon": 76.270693103145049, "lat": 10.028009342436212 }, "geometry": { "type": "Polygon", "coordinates": [ [ [ 76.27297352582714, 10.025763564498734 ], [ 76.27297352582714, 10.030255120373688 ], [ 76.268412680462944, 10.030255120373688 ], [ 76.268412680462944, 10.025763564498734 ], [ 76.27297352582714, 10.025763564498734 ] ] ] } },
{ "type": "Feature", "properties": { "cell_id": 1248, "lon": 76.275253948509246, "lat": 10.028009342436212 }, "geometry": { "type": "Polygon", "coordinates": [ [ [ 76.277534371191337, 10.025763564498734 ], [ 76.277534371191337, 10.030255120373688 ], [ 76.27297352582714, 10.030255120373688 ], [ 76.27297352582714, 10.025763564498734 ], [ 76.277534371191337, 10.025763564498734 ] ] ] } },
{ "type": "Feature", "properties": { "cell_id": 1249, "lon": 76.279814793873442, "lat": 10.028009342436212 }, "geometry": { "type": "Polygon", "coordinates": [ [ [ 76.282095216555533, 10.025763564498734 ], [ 76.282095216555533, 10.030255120373688 ], [ 76.277534371191337, 10.030255120373688 ], [ 76.277534371191337, 10.025763564498734 ], [ 76.282095216555533, 10.025763564498734 ] ] ] } },
{ "type": "Feature", "properties": { "cell_id": 1250, "lon": 76.284375639237638, "lat": 10.028009342436212 }, "geometry": { "type": "Polygon", "coordinates": [ [ [ 76.286656061919729, 10.025763564498734 ], [ 76.286656061919729, 10.030255120373688 ], [ 76.282095216555533, 10.030255120373688 ], [ 76.282095216555533, 10.025763564498734 ], [ 76.286656061919729, 10.025763564498734 ] ] ] } },
{ "type": "Feature", "properties": { "cell_id": 1251, "lon": 76.288936484601834, "lat": 10.028009342436212 }, "geometry": { "type": "Polygon", "coordinates": [ [ [ 76.291216907283925, 10.025763564498734 ], [ 76.291216907283925, 10.030255120373688 ], [ 76.286656061919729, 10.030255120373688 ], [ 76.286656061919729, 10.025763564498734 ], [ 76.291216907283925, 10.025763564498734 ] ] ] } },
{ "type": "Feature", "properties": { "cell_id": 1252, "lon": 76.29349732996603, "lat": 10.028009342436212 }, "geometry": { "type": "Polygon", "coordinates": [ [ [ 76.295777752648121, 10.025763564498734 ], [ 76.295777752648121, 10.030255120373688 ], [ 76.291216907283925, 10.030255120373688 ], [ 76.291216907283925, 10.025763564498734 ], [ 76.295777752648121, 10.025763564498734 ] ] ] } },
{ "type": "Feature", "properties": { "cell_id": 1253, "lon": 76.298058175330226, "lat": 10.028009342436212 }, "geometry": { "type": "Polygon", "coordinates": [ [ [ 76.300338598012317, 10.025763564498734 ], [ 76.300338598012317, 10.030255120373688 ], [ 76.295777752648121, 10.030255120373688 ], [ 76.295777752648121, 10.025763564498734 ], [ 76.300338598012317, 10.025763564498734 ] ] ] } },
{ "type": "Feature", "properties": { "cell_id": 1254, "lon": 76.302619020694422, "lat": 10.028009342436212 }, "geometry": { "type": "Polygon", "coordinates": [ [ [ 76.304899443376513, 10.025763564498734 ], [ 76.304899443376513, 10.030255120373688 ], [ 76.300338598012317, 10.030255120373688 ], [ 76.300338598012317, 10.025763564498734 ], [ 76.304899443376513, 10.025763564498734 ] ] ] } },
{ "type": "Feature", "properties": { "cell_id": 1255, "lon": 76.307179866058618, "lat": 10.028009342436212 }, "geometry": { "type": "Polygon", "coordinates": [ [ [ 76.309460288740709, 10.025763564498734 ], [ 76.309460288740709, 10.030255120373688 ], [ 76.304899443376513, 10.030255120373688 ], [ 76.304899443376513, 10.025763564498734 ], [ 76.309460288740709, 10.025763564498734 ] ] ] } },
{ "type": "Feature", "properties": { "cell_id": 1256, "lon": 76.311740711422814, "lat": 10.028009342436212 }, "geometry": { "type": "Polygon", "coordinates": [ [ [ 76.314021134104905, 10.025763564498734 ], [ 76.314021134104905, 10.030255120373688 ], [ 76.309460288740709, 10.030255120373688 ], [ 76.309460288740709, 10.025763564498734 ], [ 76.314021134104905, 10.025763564498734 ] ] ] } },
{ "type": "Feature", "properties": { "cell_id": 1257, "lon": 76.31630155678701, "lat": 10.028009342436212 }, "geometry": { "type": "Polygon", "coordinates": [ [ [ 76.318581979469101, 10.025763564498734 ], [ 76.318581979469101, 10.030255120373688 ], [ 76.314021134104905, 10.030255120373688 ], [ 76.314021134104905, 10.025763564498734 ], [ 76.318581979469101, 10.025763564498734 ] ] ] } },
{ "type": "Feature", "properties": { "cell_id": 1258, "lon": 76.320862402151207, "lat": 10.028009342436212 }, "geometry": { "type": "Polygon", "coordinates": [ [ [ 76.323142824833297, 10.025763564498734 ], [ 76.323142824833297, 10.030255120373688 ], [ 76.318581979469101, 10.030255120373688 ], [ 76.318581979469101, 10.025763564498734 ], [ 76.323142824833297, 10.025763564498734 ] ] ] } },
{ "type": "Feature", "properties": { "cell_id": 1259, "lon": 76.325423247515403, "lat": 10.028009342436212 }, "geometry": { "type": "Polygon", "coordinates": [ [ [ 76.327703670197494, 10.025763564498734 ], [ 76.327703670197494, 10.030255120373688 ], [ 76.323142824833297, 10.030255120373688 ], [ 76.323142824833297, 10.025763564498734 ], [ 76.327703670197494, 10.025763564498734 ] ] ] } },
{ "type": "Feature", "properties": { "cell_id": 1260, "lon": 76.329984092879599, "lat": 10.028009342436212 }, "geometry": { "type": "Polygon", "coordinates": [ [ [ 76.33226451556169, 10.025763564498734 ], [ 76.33226451556169, 10.030255120373688 ], [ 76.327703670197494, 10.030255120373688 ], [ 76.327703670197494, 10.025763564498734 ], [ 76.33226451556169, 10.025763564498734 ] ] ] } },
{ "type": "Feature", "properties": { "cell_id": 1261, "lon": 76.334544938243795, "lat": 10.028009342436212 }, "geometry": { "type": "Polygon", "coordinates": [ [ [ 76.336825360925886, 10.025763564498734 ], [ 76.336825360925886, 10.030255120373688 ], [ 76.33226451556169, 10.030255120373688 ], [ 76.33226451556169, 10.025763564498734 ], [ 76.336825360925886, 10.025763564498734 ] ] ] } },
{ "type": "Feature", "properties": { "cell_id": 1262, "lon": 76.339105783607991, "lat": 10.028009342436212 }, "geometry": { "type": "Polygon", "coordinates": [ [ [ 76.341386206290082, 10.025763564498734 ], [ 76.341386206290082, 10.030255120373688 ], [ 76.336825360925886, 10.030255120373688 ], [ 76.336825360925886, 10.025763564498734 ], [ 76.341386206290082, 10.025763564498734 ] ] ] } },
{ "type": "Feature", "properties": { "cell_id": 1263, "lon": 76.343666628972187, "lat": 10.028009342436212 }, "geometry": { "type": "Polygon", "coordinates": [ [ [ 76.345947051654278, 10.025763564498734 ], [ 76.345947051654278, 10.030255120373688 ], [ 76.341386206290082, 10.030255120373688 ], [ 76.341386206290082, 10.025763564498734 ], [ 76.345947051654278, 10.025763564498734 ] ] ] } },
{ "type": "Feature", "properties": { "cell_id": 1264, "lon": 76.348227474336383, "lat": 10.028009342436212 }, "geometry": { "type": "Polygon", "coordinates": [ [ [ 76.350507897018474, 10.025763564498734 ], [ 76.350507897018474, 10.030255120373688 ], [ 76.345947051654278, 10.030255120373688 ], [ 76.345947051654278, 10.025763564498734 ], [ 76.350507897018474, 10.025763564498734 ] ] ] } },
{ "type": "Feature", "properties": { "cell_id": 1265, "lon": 76.352788319700579, "lat": 10.028009342436212 }, "geometry": { "type": "Polygon", "coordinates": [ [ [ 76.35506874238267, 10.025763564498734 ], [ 76.35506874238267, 10.030255120373688 ], [ 76.350507897018474, 10.030255120373688 ], [ 76.350507897018474, 10.025763564498734 ], [ 76.35506874238267, 10.025763564498734 ] ] ] } },
{ "type": "Feature", "properties": { "cell_id": 1266, "lon": 76.357349165064775, "lat": 10.028009342436212 }, "geometry": { "type": "Polygon", "coordinates": [ [ [ 76.359629587746866, 10.025763564498734 ], [ 76.359629587746866, 10.030255120373688 ], [ 76.35506874238267, 10.030255120373688 ], [ 76.35506874238267, 10.025763564498734 ], [ 76.359629587746866, 10.025763564498734 ] ] ] } },
{ "type": "Feature", "properties": { "cell_id": 1267, "lon": 76.361910010428971, "lat": 10.028009342436212 }, "geometry": { "type": "Polygon", "coordinates": [ [ [ 76.364190433111062, 10.025763564498734 ], [ 76.364190433111062, 10.030255120373688 ], [ 76.359629587746866, 10.030255120373688 ], [ 76.359629587746866, 10.025763564498734 ], [ 76.364190433111062, 10.025763564498734 ] ] ] } },
{ "type": "Feature", "properties": { "cell_id": 1268, "lon": 76.366470855793168, "lat": 10.028009342436212 }, "geometry": { "type": "Polygon", "coordinates": [ [ [ 76.368751278475258, 10.025763564498734 ], [ 76.368751278475258, 10.030255120373688 ], [ 76.364190433111062, 10.030255120373688 ], [ 76.364190433111062, 10.025763564498734 ], [ 76.368751278475258, 10.025763564498734 ] ] ] } },
{ "type": "Feature", "properties": { "cell_id": 1269, "lon": 76.371031701157364, "lat": 10.028009342436212 }, "geometry": { "type": "Polygon", "coordinates": [ [ [ 76.373312123839455, 10.025763564498734 ], [ 76.373312123839455, 10.030255120373688 ], [ 76.368751278475258, 10.030255120373688 ], [ 76.368751278475258, 10.025763564498734 ], [ 76.373312123839455, 10.025763564498734 ] ] ] } },
{ "type": "Feature", "properties": { "cell_id": 1270, "lon": 76.37559254652156, "lat": 10.028009342436212 }, "geometry": { "type": "Polygon", "coordinates": [ [ [ 76.377872969203651, 10.025763564498734 ], [ 76.377872969203651, 10.030255120373688 ], [ 76.373312123839455, 10.030255120373688 ], [ 76.373312123839455, 10.025763564498734 ], [ 76.377872969203651, 10.025763564498734 ] ] ] } },
{ "type": "Feature", "properties": { "cell_id": 1271, "lon": 76.380153391885756, "lat": 10.028009342436212 }, "geometry": { "type": "Polygon", "coordinates": [ [ [ 76.382433814567847, 10.025763564498734 ], [ 76.382433814567847, 10.030255120373688 ], [ 76.377872969203651, 10.030255120373688 ], [ 76.377872969203651, 10.025763564498734 ], [ 76.382433814567847, 10.025763564498734 ] ] ] } },
{ "type": "Feature", "properties": { "cell_id": 1272, "lon": 76.384714237249952, "lat": 10.028009342436212 }, "geometry": { "type": "Polygon", "coordinates": [ [ [ 76.386994659932043, 10.025763564498734 ], [ 76.386994659932043, 10.030255120373688 ], [ 76.382433814567847, 10.030255120373688 ], [ 76.382433814567847, 10.025763564498734 ], [ 76.386994659932043, 10.025763564498734 ] ] ] } },
{ "type": "Feature", "properties": { "cell_id": 1273, "lon": 76.389275082614148, "lat": 10.028009342436212 }, "geometry": { "type": "Polygon", "coordinates": [ [ [ 76.391555505296239, 10.025763564498734 ], [ 76.391555505296239, 10.030255120373688 ], [ 76.386994659932043, 10.030255120373688 ], [ 76.386994659932043, 10.025763564498734 ], [ 76.391555505296239, 10.025763564498734 ] ] ] } },
{ "type": "Feature", "properties": { "cell_id": 1274, "lon": 76.393835927978344, "lat": 10.028009342436212 }, "geometry": { "type": "Polygon", "coordinates": [ [ [ 76.396116350660435, 10.025763564498734 ], [ 76.396116350660435, 10.030255120373688 ], [ 76.391555505296239, 10.030255120373688 ], [ 76.391555505296239, 10.025763564498734 ], [ 76.396116350660435, 10.025763564498734 ] ] ] } },
{ "type": "Feature", "properties": { "cell_id": 1275, "lon": 76.39839677334254, "lat": 10.028009342436212 }, "geometry": { "type": "Polygon", "coordinates": [ [ [ 76.400677196024631, 10.025763564498734 ], [ 76.400677196024631, 10.030255120373688 ], [ 76.396116350660435, 10.030255120373688 ], [ 76.396116350660435, 10.025763564498734 ], [ 76.400677196024631, 10.025763564498734 ] ] ] } },
{ "type": "Feature", "properties": { "cell_id": 1276, "lon": 76.202280422682108, "lat": 10.032500898311167 }, "geometry": { "type": "Polygon", "coordinates": [ [ [ 76.204560845364199, 10.030255120373688 ], [ 76.204560845364199, 10.034746676248643 ], [ 76.2, 10.034746676248643 ], [ 76.2, 10.030255120373688 ], [ 76.204560845364199, 10.030255120373688 ] ] ] } },
{ "type": "Feature", "properties": { "cell_id": 1277, "lon": 76.206841268046304, "lat": 10.032500898311167 }, "geometry": { "type": "Polygon", "coordinates": [ [ [ 76.209121690728395, 10.030255120373688 ], [ 76.209121690728395, 10.034746676248643 ], [ 76.204560845364199, 10.034746676248643 ], [ 76.204560845364199, 10.030255120373688 ], [ 76.209121690728395, 10.030255120373688 ] ] ] } },
{ "type": "Feature", "properties": { "cell_id": 1278, "lon": 76.2114021134105, "lat": 10.032500898311167 }, "geometry": { "type": "Polygon", "coordinates": [ [ [ 76.213682536092591, 10.030255120373688 ], [ 76.213682536092591, 10.034746676248643 ], [ 76.209121690728395, 10.034746676248643 ], [ 76.209121690728395, 10.030255120373688 ], [ 76.213682536092591, 10.030255120373688 ] ] ] } },
{ "type": "Feature", "properties": { "cell_id": 1279, "lon": 76.215962958774696, "lat": 10.032500898311167 }, "geometry": { "type": "Polygon", "coordinates": [ [ [ 76.218243381456787, 10.030255120373688 ], [ 76.218243381456787, 10.034746676248643 ], [ 76.213682536092591, 10.034746676248643 ], [ 76.213682536092591, 10.030255120373688 ], [ 76.218243381456787, 10.030255120373688 ] ] ] } },
{ "type": "Feature", "properties": { "cell_id": 1280, "lon": 76.220523804138892, "lat": 10.032500898311167 }, "geometry": { "type": "Polygon", "coordinates": [ [ [ 76.222804226820983, 10.030255120373688 ], [ 76.222804226820983, 10.034746676248643 ], [ 76.218243381456787, 10.034746676248643 ], [ 76.218243381456787, 10.030255120373688 ], [ 76.222804226820983, 10.030255120373688 ] ] ] } },
{ "type": "Feature", "properties": { "cell_id": 1281, "lon": 76.225084649503088, "lat": 10.032500898311167 }, "geometry": { "type": "Polygon", "coordinates": [ [ [ 76.227365072185179, 10.030255120373688 ], [ 76.227365072185179, 10.034746676248643 ], [ 76.222804226820983, 10.034746676248643 ], [ 76.222804226820983, 10.030255120373688 ], [ 76.227365072185179, 10.030255120373688 ] ] ] } },
{ "type": "Feature", "properties": { "cell_id": 1282, "lon": 76.229645494867285, "lat": 10.032500898311167 }, "geometry": { "type": "Polygon", "coordinates": [ [ [ 76.231925917549376, 10.030255120373688 ], [ 76.231925917549376, 10.034746676248643 ], [ 76.227365072185179, 10.034746676248643 ], [ 76.227365072185179, 10.030255120373688 ], [ 76.231925917549376, 10.030255120373688 ] ] ] } },
{ "type": "Feature", "properties": { "cell_id": 1283, "lon": 76.234206340231481, "lat": 10.032500898311167 }, "geometry": { "type": "Polygon", "coordinates": [ [ [ 76.236486762913572, 10.030255120373688 ], [ 76.236486762913572, 10.034746676248643 ], [ 76.231925917549376, 10.034746676248643 ], [ 76.231925917549376, 10.030255120373688 ], [ 76.236486762913572, 10.030255120373688 ] ] ] } },
{ "type": "Feature", "properties": { "cell_id": 1284, "lon": 76.238767185595677, "lat": 10.032500898311167 }, "geometry": { "type": "Polygon", "coordinates": [ [ [ 76.241047608277768, 10.030255120373688 ], [ 76.241047608277768, 10.034746676248643 ], [ 76.236486762913572, 10.034746676248643 ], [ 76.236486762913572, 10.030255120373688 ], [ 76.241047608277768, 10.030255120373688 ] ] ] } },
{ "type": "Feature", "properties": { "cell_id": 1285, "lon": 76.243328030959873, "lat": 10.032500898311167 }, "geometry": { "type": "Polygon", "coordinates": [ [ [ 76.245608453641964, 10.030255120373688 ], [ 76.245608453641964, 10.034746676248643 ], [ 76.241047608277768, 10.034746676248643 ], [ 76.241047608277768, 10.030255120373688 ], [ 76.245608453641964, 10.030255120373688 ] ] ] } },
{ "type": "Feature", "properties": { "cell_id": 1286, "lon": 76.247888876324069, "lat": 10.032500898311167 }, "geometry": { "type": "Polygon", "coordinates": [ [ [ 76.25016929900616, 10.030255120373688 ], [ 76.25016929900616, 10.034746676248643 ], [ 76.245608453641964, 10.034746676248643 ], [ 76.245608453641964, 10.030255120373688 ], [ 76.25016929900616, 10.030255120373688 ] ] ] } },
{ "type": "Feature", "properties": { "cell_id": 1287, "lon": 76.252449721688265, "lat": 10.032500898311167 }, "geometry": { "type": "Polygon", "coordinates": [ [ [ 76.254730144370356, 10.030255120373688 ], [ 76.254730144370356, 10.034746676248643 ], [ 76.25016929900616, 10.034746676248643 ], [ 76.25016929900616, 10.030255120373688 ], [ 76.254730144370356, 10.030255120373688 ] ] ] } },
{ "type": "Feature", "properties": { "cell_id": 1288, "lon": 76.257010567052461, "lat": 10.032500898311167 }, "geometry": { "type": "Polygon", "coordinates": [ [ [ 76.259290989734552, 10.030255120373688 ], [ 76.259290989734552, 10.034746676248643 ], [ 76.254730144370356, 10.034746676248643 ], [ 76.254730144370356, 10.030255120373688 ], [ 76.259290989734552, 10.030255120373688 ] ] ] } },
{ "type": "Feature", "properties": { "cell_id": 1289, "lon": 76.261571412416657, "lat": 10.032500898311167 }, "geometry": { "type": "Polygon", "coordinates": [ [ [ 76.263851835098748, 10.030255120373688 ], [ 76.263851835098748, 10.034746676248643 ], [ 76.259290989734552, 10.034746676248643 ], [ 76.259290989734552, 10.030255120373688 ], [ 76.263851835098748, 10.030255120373688 ] ] ] } },
{ "type": "Feature", "properties": { "cell_id": 1290, "lon": 76.266132257780853, "lat": 10.032500898311167 }, "geometry": { "type": "Polygon", "coordinates": [ [ [ 76.268412680462944, 10.030255120373688 ], [ 76.268412680462944, 10.034746676248643 ], [ 76.263851835098748, 10.034746676248643 ], [ 76.263851835098748, 10.030255120373688 ], [ 76.268412680462944, 10.030255120373688 ] ] ] } },
{ "type": "Feature", "properties": { "cell_id": 1291, "lon": 76.270693103145049, "lat": 10.032500898311167 }, "geometry": { "type": "Polygon", "coordinates": [ [ [ 76.27297352582714, 10.030255120373688 ], [ 76.27297352582714, 10.034746676248643 ], [ 76.268412680462944, 10.034746676248643 ], [ 76.268412680462944, 10.030255120373688 ], [ 76.27297352582714, 10.030255120373688 ] ] ] } },
{ "type": "Feature", "properties": { "cell_id": 1292, "lon": 76.275253948509246, "lat": 10.032500898311167 }, "geometry": { "type": "Polygon", "coordinates": [ [ [ 76.277534371191337, 10.030255120373688 ], [ 76.277534371191337, 10.034746676248643 ], [ 76.27297352582714, 10.034746676248643 ], [ 76.27297352582714, 10.030255120373688 ], [ 76.277534371191337, 10.030255120373688 ] ] ] } },
{ "type": "Feature", "properties": { "cell_id": 1293, "lon": 76.279814793873442, "lat": 10.032500898311167 }, "geometry": { "type": "Polygon", "coordinates": [ [ [ 76.282095216555533, 10.030255120373688 ], [ 76.282095216555533, 10.034746676248643 ], [ 76.277534371191337, 10.034746676248643 ], [ 76.277534371191337, 10.030255120373688 ], [ 76.282095216555533, 10.030255120373688 ] ] ] } },
{ "type": "Feature", "properties": { "cell_id": 1294, "lon": 76.284375639237638, "lat": 10.032500898311167 }, "geometry": { "type": "Polygon", "coordinates": [ [ [ 76.286656061919729, 10.030255120373688 ], [ 76.286656061919729, 10.034746676248643 ], [ 76.282095216555533, 10.034746676248643 ], [ 76.282095216555533, 10.030255120373688 ], [ 76.286656061919729, 10.030255120373688 ] ] ] } },
{ "type": "Feature", "properties": { "cell_id": 1295, "lon": 76.288936484601834, "lat": 10.032500898311167 }, "geometry": { "type": "Polygon", "coordinates": [ [ [ 76.291216907283925, 10.030255120373688 ], [ 76.291216907283925, 10.034746676248643 ], [ 76.286656061919729, 10.034746676248643 ], [ 76.286656061919729, 10.030255120373688 ], [ 76.291216907283925, 10.030255120373688 ] ] ] } },
{ "type": "Feature", "properties": { "cell_id": 1296, "lon": 76.29349732996603, "lat": 10.032500898311167 }, "geometry": { "type": "Polygon", "coordinates": [ [ [ 76.295777752648121, 10.030255120373688 ], [ 76.295777752648121, 10.034746676248643 ], [ 76.291216907283925, 10.034746676248643 ], [ 76.291216907283925, 10.030255120373688 ], [ 76.295777752648121, 10.030255120373688 ] ] ] } },
{ "type": "Feature", "properties": { "cell_id": 1297, "lon": 76.298058175330226, "lat": 10.032500898311167 }, "geometry": { "type": "Polygon", "coordinates": [ [ [ 76.300338598012317, 10.030255120373688 ], [ 76.300338598012317, 10.034746676248643 ], [ 76.295777752648121, 10.034746676248643 ], [ 76.295777752648121, 10.030255120373688 ], [ 76.300338598012317, 10.030255120373688 ] ] ] } },
{ "type": "Feature", "properties": { "cell_id": 1298, "lon": 76.302619020694422, "lat": 10.032500898311167 }, "geometry": { "type": "Polygon", "coordinates": [ [ [ 76.304899443376513, 10.030255120373688 ], [ 76.304899443376513, 10.034746676248643 ], [ 76.300338598012317, 10.034746676248643 ], [ 76.300338598012317, 10.030255120373688 ], [ 76.304899443376513, 10.030255120373688 ] ] ] } },
{ "type": "Feature", "properties": { "cell_id": 1299, "lon": 76.307179866058618, "lat": 10.032500898311167 }, "geometry": { "type": "Polygon", "coordinates": [ [ [ 76.309460288740709, 10.030255120373688 ], [ 76.309460288740709, 10.034746676248643 ], [ 76.304899443376513, 10.034746676248643 ], [ 76.304899443376513, 10.030255120373688 ], [ 76.309460288740709, 10.030255120373688 ] ] ] } },
{ "type": "Feature", "properties": { "cell_id": 1300, "lon": 76.311740711422814, "lat": 10.032500898311167 }, "geometry": { "type": "Polygon", "coordinates": [ [ [ 76.314021134104905, 10.030255120373688 ], [ 76.314021134104905, 10.034746676248643 ], [ 76.309460288740709, 10.034746676248643 ], [ 76.309460288740709, 10.030255120373688 ], [ 76.314021134104905, 10.030255120373688 ] ] ] } },
{ "type": "Feature", "properties": { "cell_id": 1301, "lon": 76.31630155678701, "lat": 10.032500898311167 }, "geometry": { "type": "Polygon", "coordinates": [ [ [ 76.318581979469101, 10.030255120373688 ], [ 76.318581979469101, 10.034746676248643 ], [ 76.314021134104905, 10.034746676248643 ], [ 76.314021134104905, 10.030255120373688 ], [ 76.318581979469101, 10.030255120373688 ] ] ] } },
{ "type": "Feature", "properties": { "cell_id": 1302, "lon": 76.320862402151207, "lat": 10.032500898311167 }, "geometry": { "type": "Polygon", "coordinates": [ [ [ 76.323142824833297, 10.030255120373688 ], [ 76.323142824833297, 10.034746676248643 ], [ 76.318581979469101, 10.034746676248643 ], [ 76.318581979469101, 10.030255120373688 ], [ 76.323142824833297, 10.030255120373688 ] ] ] } },
{ "type": "Feature", "properties": { "cell_id": 1303, "lon": 76.325423247515403, "lat": 10.032500898311167 }, "geometry": { "type": "Polygon", "coordinates": [ [ [ 76.327703670197494, 10.030255120373688 ], [ 76.327703670197494, 10.034746676248643 ], [ 76.323142824833297, 10.034746676248643 ], [ 76.323142824833297, 10.030255120373688 ], [ 76.327703670197494, 10.030255120373688 ] ] ] } },
{ "type": "Feature", "properties": { "cell_id": 1304, "lon": 76.329984092879599, "lat": 10.032500898311167 }, "geometry": { "type": "Polygon", "coordinates": [ [ [ 76.33226451556169, 10.030255120373688 ], [ 76.33226451556169, 10.034746676248643 ], [ 76.327703670197494, 10.034746676248643 ], [ 76.327703670197494, 10.030255120373688 ], [ 76.33226451556169, 10.030255120373688 ] ] ] } },
{ "type": "Feature", "properties": { "cell_id": 1305, "lon": 76.334544938243795, "lat": 10.032500898311167 }, "geometry": { "type": "Polygon", "coordinates": [ [ [ 76.336825360925886, 10.030255120373688 ], [ 76.336825360925886, 10.034746676248643 ], [ 76.33226451556169, 10.034746676248643 ], [ 76.33226451556169, 10.030255120373688 ], [ 76.336825360925886, 10.030255120373688 ] ] ] } },
{ "type": "Feature", "properties": { "cell_id": 1306, "lon": 76.339105783607991, "lat": 10.032500898311167 }, "geometry": { "type": "Polygon", "coordinates": [ [ [ 76.341386206290082, 10.030255120373688 ], [ 76.341386206290082, 10.034746676248643 ], [ 76.336825360925886, 10.034746676248643 ], [ 76.336825360925886, 10.030255120373688 ], [ 76.341386206290082, 10.030255120373688 ] ] ] } },
{ "type": "Feature", "properties": { "cell_id": 1307, "lon": 76.343666628972187, "lat": 10.032500898311167 }, "geometry": { "type": "Polygon", "coordinates": [ [ [ 76.345947051654278, 10.030255120373688 ], [ 76.345947051654278, 10.034746676248643 ], [ 76.341386206290082, 10.034746676248643 ], [ 76.341386206290082, 10.030255120373688 ], [ 76.345947051654278, 10.030255120373688 ] ] ] } },
{ "type": "Feature", "properties": { "cell_id": 1308, "lon": 76.348227474336383, "lat": 10.032500898311167 }, "geometry": { "type": "Polygon", "coordinates": [ [ [ 76.350507897018474, 10.030255120373688 ], [ 76.350507897018474, 10.034746676248643 ], [ 76.345947051654278, 10.034746676248643 ], [ 76.345947051654278, 10.030255120373688 ], [ 76.350507897018474, 10.030255120373688 ] ] ] } },
{ "type": "Feature", "properties": { "cell_id": 1309, "lon": 76.352788319700579, "lat": 10.032500898311167 }, "geometry": { "type": "Polygon", "coordinates": [ [ [ 76.35506874238267, 10.030255120373688 ], [ 76.35506874238267, 10.034746676248643 ], [ 76.350507897018474, 10.034746676248643 ], [ 76.350507897018474, 10.030255120373688 ], [ 76.35506874238267, 10.030255120373688 ] ] ] } },
{ "type": "Feature", "properties": { "cell_id": 1310, "lon": 76.357349165064775, "lat": 10.032500898311167 }, "geometry": { "type": "Polygon", "coordinates": [ [ [ 76.359629587746866, 10.030255120373688 ], [ 76.359629587746866, 10.034746676248643 ], [ 76.35506874238267, 10.034746676248643 ], [ 76.35506874238267, 10.030255120373688 ], [ 76.359629587746866, 10.030255120373688 ] ] ] } },
{ "type": "Feature", "properties": { "cell_id": 1311, "lon": 76.361910010428971, "lat": 10.032500898311167 }, "geometry": { "type": "Polygon", "coordinates": [ [ [ 76.364190433111062, 10.030255120373688 ], [ 76.364190433111062, 10.034746676248643 ], [ 76.359629587746866, 10.034746676248643 ], [ 76.359629587746866, 10.030255120373688 ], [ 76.364190433111062, 10.030255120373688 ] ] ] } },
{ "type": "Feature", "properties": { "cell_id": 1312, "lon": 76.366470855793168, "lat": 10.032500898311167 }, "geometry": { "type": "Polygon", "coordinates": [ [ [ 76.368751278475258, 10.030255120373688 ], [ 76.368751278475258, 10.034746676248643 ], [ 76.364190433111062, 10.034746676248643 ], [ 76.364190433111062, 10.030255120373688 ], [ 76.368751278475258, 10.030255120373688 ] ] ] } },
{ "type": "Feature", "properties": { "cell_id": 1313, "lon": 76.371031701157364, "lat": 10.032500898311167 }, "geometry": { "type": "Polygon", "coordinates": [ [ [ 76.373312123839455, 10.030255120373688 ], [ 76.373312123839455, 10.034746676248643 ], [ 76.368751278475258, 10.034746676248643 ], [ 76.368751278475258, 10.030255120373688 ], [ 76.373312123839455, 10.030255120373688 ] ] ] } },
{ "type": "Feature", "properties": { "cell_id": 1314, "lon": 76.37559254652156, "lat": 10.032500898311167 }, "geometry": { "type": "Polygon", "coordinates": [ [ [ 76.377872969203651, 10.030255120373688 ], [ 76.377872969203651, 10.034746676248643 ], [ 76.373312123839455, 10.034746676248643 ], [ 76.373312123839455, 10.030255120373688 ], [ 76.377872969203651, 10.030255120373688 ] ] ] } },
{ "type": "Feature", "properties": { "cell_id": 1315, "lon": 76.380153391885756, "lat": 10.032500898311167 }, "geometry": { "type": "Polygon", "coordinates": [ [ [ 76.382433814567847, 10.030255120373688 ], [ 76.382433814567847, 10.034746676248643 ], [ 76.377872969203651, 10.034746676248643 ], [ 76.377872969203651, 10.030255120373688 ], [ 76.382433814567847, 10.030255120373688 ] ] ] } },
{ "type": "Feature", "properties": { "cell_id": 1316, "lon": 76.384714237249952, "lat": 10.032500898311167 }, "geometry": { "type": "Polygon", "coordinates": [ [ [ 76.386994659932043, 10.030255120373688 ], [ 76.386994659932043, 10.034746676248643 ], [ 76.382433814567847, 10.034746676248643 ], [ 76.382433814567847, 10.030255120373688 ], [ 76.386994659932043, 10.030255120373688 ] ] ] } },
{ "type": "Feature", "properties": { "cell_id": 1317, "lon": 76.389275082614148, "lat": 10.032500898311167 }, "geometry": { "type": "Polygon", "coordinates": [ [ [ 76.391555505296239, 10.030255120373688 ], [ 76.391555505296239, 10.034746676248643 ], [ 76.386994659932043, 10.034746676248643 ], [ 76.386994659932043, 10.030255120373688 ], [ 76.391555505296239, 10.030255120373688 ] ] ] } },
{ "type": "Feature", "properties": { "cell_id": 1318, "lon": 76.393835927978344, "lat": 10.032500898311167 }, "geometry": { "type": "Polygon", "coordinates": [ [ [ 76.396116350660435, 10.030255120373688 ], [ 76.396116350660435, 10.034746676248643 ], [ 76.391555505296239, 10.034746676248643 ], [ 76.391555505296239, 10.030255120373688 ], [ 76.396116350660435, 10.030255120373688 ] ] ] } },
{ "type": "Feature", "properties": { "cell_id": 1319, "lon": 76.39839677334254, "lat": 10.032500898311167 }, "geometry": { "type": "Polygon", "coordinates": [ [ [ 76.400677196024631, 10.030255120373688 ], [ 76.400677196024631, 10.034746676248643 ], [ 76.396116350660435, 10.034746676248643 ], [ 76.396116350660435, 10.030255120373688 ], [ 76.400677196024631, 10.030255120373688 ] ] ] } },
{ "type": "Feature", "properties": { "cell_id": 1320, "lon": 76.202280422682108, "lat": 10.036992454186121 }, "geometry": { "type": "Polygon", "coordinates": [ [ [ 76.204560845364199, 10.034746676248643 ], [ 76.204560845364199, 10.039238232123598 ], [ 76.2, 10.039238232123598 ], [ 76.2, 10.034746676248643 ], [ 76.204560845364199, 10.034746676248643 ] ] ] } },
{ "type": "Feature", "properties": { "cell_id": 1321, "lon": 76.206841268046304, "lat": 10.036992454186121 }, "geometry": { "type": "Polygon", "coordinates": [ [ [ 76.209121690728395, 10.034746676248643 ], [ 76.209121690728395, 10.039238232123598 ], [ 76.204560845364199, 10.039238232123598 ], [ 76.204560845364199, 10.034746676248643 ], [ 76.209121690728395, 10.034746676248643 ] ] ] } },
{ "type": "Feature", "properties": { "cell_id": 1322, "lon": 76.2114021134105, "lat": 10.036992454186121 }, "geometry": { "type": "Polygon", "coordinates": [ [ [ 76.213682536092591, 10.034746676248643 ], [ 76.213682536092591, 10.039238232123598 ], [ 76.209121690728395, 10.039238232123598 ], [ 76.209121690728395, 10.034746676248643 ], [ 76.213682536092591, 10.034746676248643 ] ] ] } },
{ "type": "Feature", "properties": { "cell_id": 1323, "lon": 76.215962958774696, "lat": 10.036992454186121 }, "geometry": { "type": "Polygon", "coordinates": [ [ [ 76.218243381456787, 10.034746676248643 ], [ 76.218243381456787, 10.039238232123598 ], [ 76.213682536092591, 10.039238232123598 ], [ 76.213682536092591, 10.034746676248643 ], [ 76.218243381456787, 10.034746676248643 ] ] ] } },
{ "type": "Feature", "properties": { "cell_id": 1324, "lon": 76.220523804138892, "lat": 10.036992454186121 }, "geometry": { "type": "Polygon", "coordinates": [ [ [ 76.222804226820983, 10.034746676248643 ], [ 76.222804226820983, 10.039238232123598 ], [ 76.218243381456787, 10.039238232123598 ], [ 76.218243381456787, 10.034746676248643 ], [ 76.222804226820983, 10.034746676248643 ] ] ] } },
{ "type": "Feature", "properties": { "cell_id": 1325, "lon": 76.225084649503088, "lat": 10.036992454186121 }, "geometry": { "type": "Polygon", "coordinates": [ [ [ 76.227365072185179, 10.034746676248643 ], [ 76.227365072185179, 10.039238232123598 ], [ 76.222804226820983, 10.039238232123598 ], [ 76.222804226820983, 10.034746676248643 ], [ 76.227365072185179, 10.034746676248643 ] ] ] } },
{ "type": "Feature", "properties": { "cell_id": 1326, "lon": 76.229645494867285, "lat": 10.036992454186121 }, "geometry": { "type": "Polygon", "coordinates": [ [ [ 76.231925917549376, 10.034746676248643 ], [ 76.231925917549376, 10.039238232123598 ], [ 76.227365072185179, 10.039238232123598 ], [ 76.227365072185179, 10.034746676248643 ], [ 76.231925917549376, 10.034746676248643 ] ] ] } },
{ "type": "Feature", "properties": { "cell_id": 1327, "lon": 76.234206340231481, "lat": 10.036992454186121 }, "geometry": { "type": "Polygon", "coordinates": [ [ [ 76.236486762913572, 10.034746676248643 ], [ 76.236486762913572, 10.039238232123598 ], [ 76.231925917549376, 10.039238232123598 ], [ 76.231925917549376, 10.034746676248643 ], [ 76.236486762913572, 10.034746676248643 ] ] ] } },
{ "type": "Feature", "properties": { "cell_id": 1328, "lon": 76.238767185595677, "lat": 10.036992454186121 }, "geometry": { "type": "Polygon", "coordinates": [ [ [ 76.241047608277768, 10.034746676248643 ], [ 76.241047608277768, 10.039238232123598 ], [ 76.236486762913572, 10.039238232123598 ], [ 76.236486762913572, 10.034746676248643 ], [ 76.241047608277768, 10.034746676248643 ] ] ] } },
{ "type": "Feature", "properties": { "cell_id": 1329, "lon": 76.243328030959873, "lat": 10.036992454186121 }, "geometry": { "type": "Polygon", "coordinates": [ [ [ 76.245608453641964, 10.034746676248643 ], [ 76.245608453641964, 10.039238232123598 ], [ 76.241047608277768, 10.039238232123598 ], [ 76.241047608277768, 10.034746676248643 ], [ 76.245608453641964, 10.034746676248643 ] ] ] } },
{ "type": "Feature", "properties": { "cell_id": 1330, "lon": 76.247888876324069, "lat": 10.036992454186121 }, "geometry": { "type": "Polygon", "coordinates": [ [ [ 76.25016929900616, 10.034746676248643 ], [ 76.25016929900616, 10.039238232123598 ], [ 76.245608453641964, 10.039238232123598 ], [ 76.245608453641964, 10.034746676248643 ], [ 76.25016929900616, 10.034746676248643 ] ] ] } },
{ "type": "Feature", "properties": { "cell_id": 1331, "lon": 76.252449721688265, "lat": 10.036992454186121 }, "geometry": { "type": "Polygon", "coordinates": [ [ [ 76.254730144370356, 10.034746676248643 ], [ 76.254730144370356, 10.039238232123598 ], [ 76.25016929900616, 10.039238232123598 ], [ 76.25016929900616, 10.034746676248643 ], [ 76.254730144370356, 10.034746676248643 ] ] ] } },
{ "type": "Feature", "properties": { "cell_id": 1332, "lon": 76.257010567052461, "lat": 10.036992454186121 }, "geometry": { "type": "Polygon", "coordinates": [ [ [ 76.259290989734552, 10.034746676248643 ], [ 76.259290989734552, 10.039238232123598 ], [ 76.254730144370356, 10.039238232123598 ], [ 76.254730144370356, 10.034746676248643 ], [ 76.259290989734552, 10.034746676248643 ] ] ] } },
{ "type": "Feature", "properties": { "cell_id": 1333, "lon": 76.261571412416657, "lat": 10.036992454186121 }, "geometry": { "type": "Polygon", "coordinates": [ [ [ 76.263851835098748, 10.034746676248643 ], [ 76.263851835098748, 10.039238232123598 ], [ 76.259290989734552, 10.039238232123598 ], [ 76.259290989734552, 10.034746676248643 ], [ 76.263851835098748, 10.034746676248643 ] ] ] } },
{ "type": "Feature", "properties": { "cell_id": 1334, "lon": 76.266132257780853, "lat": 10.036992454186121 }, "geometry": { "type": "Polygon", "coordinates": [ [ [ 76.268412680462944, 10.034746676248643 ], [ 76.268412680462944, 10.039238232123598 ], [ 76.263851835098748, 10.039238232123598 ], [ 76.263851835098748, 10.034746676248643 ], [ 76.268412680462944, 10.034746676248643 ] ] ] } },
{ "type": "Feature", "properties": { "cell_id": 1335, "lon": 76.270693103145049, "lat": 10.036992454186121 }, "geometry": { "type": "Polygon", "coordinates": [ [ [ 76.27297352582714, 10.034746676248643 ], [ 76.27297352582714, 10.039238232123598 ], [ 76.268412680462944, 10.039238232123598 ], [ 76.268412680462944, 10.034746676248643 ], [ 76.27297352582714, 10.034746676248643 ] ] ] } },
{ "type": "Feature", "properties": { "cell_id": 1336, "lon": 76.275253948509246, "lat": 10.036992454186121 }, "geometry": { "type": "Polygon", "coordinates": [ [ [ 76.277534371191337, 10.034746676248643 ], [ 76.277534371191337, 10.039238232123598 ], [ 76.27297352582714, 10.039238232123598 ], [ 76.27297352582714, 10.034746676248643 ], [ 76.277534371191337, 10.034746676248643 ] ] ] } },
{ "type": "Feature", "properties": { "cell_id": 1337, "lon": 76.279814793873442, "lat": 10.036992454186121 }, "geometry": { "type": "Polygon", "coordinates": [ [ [ 76.282095216555533, 10.034746676248643 ], [ 76.282095216555533, 10.039238232123598 ], [ 76.277534371191337, 10.039238232123598 ], [ 76.277534371191337, 10.034746676248643 ], [ 76.282095216555533, 10.034746676248643 ] ] ] } },
{ "type": "Feature", "properties": { "cell_id": 1338, "lon": 76.284375639237638, "lat": 10.036992454186121 }, "geometry": { "type": "Polygon", "coordinates": [ [ [ 76.286656061919729, 10.034746676248643 ], [ 76.286656061919729, 10.039238232123598 ], [ 76.282095216555533, 10.039238232123598 ], [ 76.282095216555533, 10.034746676248643 ], [ 76.286656061919729, 10.034746676248643 ] ] ] } },
{ "type": "Feature", "properties": { "cell_id": 1339, "lon": 76.288936484601834, "lat": 10.036992454186121 }, "geometry": { "type": "Polygon", "coordinates": [ [ [ 76.291216907283925, 10.034746676248643 ], [ 76.291216907283925, 10.039238232123598 ], [ 76.286656061919729, 10.039238232123598 ], [ 76.286656061919729, 10.034746676248643 ], [ 76.291216907283925, 10.034746676248643 ] ] ] } },
{ "type": "Feature", "properties": { "cell_id": 1340, "lon": 76.29349732996603, "lat": 10.036992454186121 }, "geometry": { "type": "Polygon", "coordinates": [ [ [ 76.295777752648121, 10.034746676248643 ], [ 76.295777752648121, 10.039238232123598 ], [ 76.291216907283925, 10.039238232123598 ], [ 76.291216907283925, 10.034746676248643 ], [ 76.295777752648121, 10.034746676248643 ] ] ] } },
{ "type": "Feature", "properties": { "cell_id": 1341, "lon": 76.298058175330226, "lat": 10.036992454186121 }, "geometry": { "type": "Polygon", "coordinates": [ [ [ 76.300338598012317, 10.034746676248643 ], [ 76.300338598012317, 10.039238232123598 ], [ 76.295777752648121, 10.039238232123598 ], [ 76.295777752648121, 10.034746676248643 ], [ 76.300338598012317, 10.034746676248643 ] ] ] } },
{ "type": "Feature", "properties": { "cell_id": 1342, "lon": 76.302619020694422, "lat": 10.036992454186121 }, "geometry": { "type": "Polygon", "coordinates": [ [ [ 76.304899443376513, 10.034746676248643 ], [ 76.304899443376513, 10.039238232123598 ], [ 76.300338598012317, 10.039238232123598 ], [ 76.300338598012317, 10.034746676248643 ], [ 76.304899443376513, 10.034746676248643 ] ] ] } },
{ "type": "Feature", "properties": { "cell_id": 1343, "lon": 76.307179866058618, "lat": 10.036992454186121 }, "geometry": { "type": "Polygon", "coordinates": [ [ [ 76.309460288740709, 10.034746676248643 ], [ 76.309460288740709, 10.039238232123598 ], [ 76.304899443376513, 10.039238232123598 ], [ 76.304899443376513, 10.034746676248643 ], [ 76.309460288740709, 10.034746676248643 ] ] ] } },
{ "type": "Feature", "properties": { "cell_id": 1344, "lon": 76.311740711422814, "lat": 10.036992454186121 }, "geometry": { "type": "Polygon", "coordinates": [ [ [ 76.314021134104905, 10.034746676248643 ], [ 76.314021134104905, 10.039238232123598 ], [ 76.309460288740709, 10.039238232123598 ], [ 76.309460288740709, 10.034746676248643 ], [ 76.314021134104905, 10.034746676248643 ] ] ] } },
{ "type": "Feature", "properties": { "cell_id": 1345, "lon": 76.31630155678701, "lat": 10.036992454186121 }, "geometry": { "type": "Polygon", "coordinates": [ [ [ 76.318581979469101, 10.034746676248643 ], [ 76.318581979469101, 10.039238232123598 ], [ 76.314021134104905, 10.039238232123598 ], [ 76.314021134104905, 10.034746676248643 ], [ 76.318581979469101, 10.034746676248643 ] ] ] } },
{ "type": "Feature", "properties": { "cell_id": 1346, "lon": 76.320862402151207, "lat": 10.036992454186121 }, "geometry": { "type": "Polygon", "coordinates": [ [ [ 76.323142824833297, 10.034746676248643 ], [ 76.323142824833297, 10.039238232123598 ], [ 76.318581979469101, 10.039238232123598 ], [ 76.318581979469101, 10.034746676248643 ], [ 76.323142824833297, 10.034746676248643 ] ] ] } },
{ "type": "Feature", "properties": { "cell_id": 1347, "lon": 76.325423247515403, "lat": 10.036992454186121 }, "geometry": { "type": "Polygon", "coordinates": [ [ [ 76.327703670197494, 10.034746676248643 ], [ 76.327703670197494, 10.039238232123598 ], [ 76.323142824833297, 10.039238232123598 ], [ 76.323142824833297, 10.034746676248643 ], [ 76.327703670197494, 10.034746676248643 ] ] ] } },
{ "type": "Feature", "properties": { "cell_id": 1348, "lon": 76.329984092879599, "lat": 10.036992454186121 }, "geometry": { "type": "Polygon", "coordinates": [ [ [ 76.33226451556169, 10.034746676248643 ], [ 76.33226451556169, 10.039238232123598 ], [ 76.327703670197494, 10.039238232123598 ], [ 76.327703670197494, 10.034746676248643 ], [ 76.33226451556169, 10.034746676248643 ] ] ] } },
{ "type": "Feature", "properties": { "cell_id": 1349, "lon": 76.334544938243795, "lat": 10.036992454186121 }, "geometry": { "type": "Polygon", "coordinates": [ [ [ 76.336825360925886, 10.034746676248643 ], [ 76.336825360925886, 10.039238232123598 ], [ 76.33226451556169, 10.039238232123598 ], [ 76.33226451556169, 10.034746676248643 ], [ 76.336825360925886, 10.034746676248643 ] ] ] } },
{ "type": "Feature", "properties": { "cell_id": 1350, "lon": 76.339105783607991, "lat": 10.036992454186121 }, "geometry": { "type": "Polygon", "coordinates": [ [ [ 76.341386206290082, 10.034746676248643 ], [ 76.341386206290082, 10.039238232123598 ], [ 76.336825360925886, 10.039238232123598 ], [ 76.336825360925886, 10.034746676248643 ], [ 76.341386206290082, 10.034746676248643 ] ] ] } },
{ "type": "Feature", "properties": { "cell_id": 1351, "lon": 76.343666628972187, "lat": 10.036992454186121 }, "geometry": { "type": "Polygon", "coordinates": [ [ [ 76.345947051654278, 10.034746676248643 ], [ 76.345947051654278, 10.039238232123598 ], [ 76.341386206290082, 10.039238232123598 ], [ 76.341386206290082, 10.034746676248643 ], [ 76.345947051654278, 10.034746676248643 ] ] ] } },
{ "type": "Feature", "properties": { "cell_id": 1352, "lon": 76.348227474336383, "lat": 10.036992454186121 }, "geometry": { "type": "Polygon", "coordinates": [ [ [ 76.350507897018474, 10.034746676248643 ], [ 76.350507897018474, 10.039238232123598 ], [ 76.345947051654278, 10.039238232123598 ], [ 76.345947051654278, 10.034746676248643 ], [ 76.350507897018474, 10.034746676248643 ] ] ] } },
{ "type": "Feature", "properties": { "cell_id": 1353, "lon": 76.352788319700579, "lat": 10.036992454186121 }, "geometry": { "type": "Polygon", "coordinates": [ [ [ 76.35506874238267, 10.034746676248643 ], [ 76.35506874238267, 10.039238232123598 ], [ 76.350507897018474, 10.039238232123598 ], [ 76.350507897018474, 10.034746676248643 ], [ 76.35506874238267, 10.034746676248643 ] ] ] } },
{ "type": "Feature", "properties": { "cell_id": 1354, "lon": 76.357349165064775, "lat": 10.036992454186121 }, "geometry": { "type": "Polygon", "coordinates": [ [ [ 76.359629587746866, 10.034746676248643 ], [ 76.359629587746866, 10.039238232123598 ], [ 76.35506874238267, 10.039238232123598 ], [ 76.35506874238267, 10.034746676248643 ], [ 76.359629587746866, 10.034746676248643 ] ] ] } },
{ "type": "Feature", "properties": { "cell_id": 1355, "lon": 76.361910010428971, "lat": 10.036992454186121 }, "geometry": { "type": "Polygon", "coordinates": [ [ [ 76.364190433111062, 10.034746676248643 ], [ 76.364190433111062, 10.039238232123598 ], [ 76.359629587746866, 10.039238232123598 ], [ 76.359629587746866, 10.034746676248643 ], [ 76.364190433111062, 10.034746676248643 ] ] ] } },
{ "type": "Feature", "properties": { "cell_id": 1356, "lon": 76.366470855793168, "lat": 10.036992454186121 }, "geometry": { "type": "Polygon", "coordinates": [ [ [ 76.368751278475258, 10.034746676248643 ], [ 76.368751278475258, 10.039238232123598 ], [ 76.364190433111062, 10.039238232123598 ], [ 76.364190433111062, 10.034746676248643 ], [ 76.368751278475258, 10.034746676248643 ] ] ] } },
{ "type": "Feature", "properties": { "cell_id": 1357, "lon": 76.371031701157364, "lat": 10.036992454186121 }, "geometry": { "type": "Polygon", "coordinates": [ [ [ 76.373312123839455, 10.034746676248643 ], [ 76.373312123839455, 10.039238232123598 ], [ 76.368751278475258, 10.039238232123598 ], [ 76.368751278475258, 10.034746676248643 ], [ 76.373312123839455, 10.034746676248643 ] ] ] } },
{ "type": "Feature", "properties": { "cell_id": 1358, "lon": 76.37559254652156, "lat": 10.036992454186121 }, "geometry": { "type": "Polygon", "coordinates": [ [ [ 76.377872969203651, 10.034746676248643 ], [ 76.377872969203651, 10.039238232123598 ], [ 76.373312123839455, 10.039238232123598 ], [ 76.373312123839455, 10.034746676248643 ], [ 76.377872969203651, 10.034746676248643 ] ] ] } },
{ "type": "Feature", "properties": { "cell_id": 1359, "lon": 76.380153391885756, "lat": 10.036992454186121 }, "geometry": { "type": "Polygon", "coordinates": [ [ [ 76.382433814567847, 10.034746676248643 ], [ 76.382433814567847, 10.039238232123598 ], [ 76.377872969203651, 10.039238232123598 ], [ 76.377872969203651, 10.034746676248643 ], [ 76.382433814567847, 10.034746676248643 ] ] ] } },
{ "type": "Feature", "properties": { "cell_id": 1360, "lon": 76.384714237249952, "lat": 10.036992454186121 }, "geometry": { "type": "Polygon", "coordinates": [ [ [ 76.386994659932043, 10.034746676248643 ], [ 76.386994659932043, 10.039238232123598 ], [ 76.382433814567847, 10.039238232123598 ], [ 76.382433814567847, 10.034746676248643 ], [ 76.386994659932043, 10.034746676248643 ] ] ] } },
{ "type": "Feature", "properties": { "cell_id": 1361, "lon": 76.389275082614148, "lat": 10.036992454186121 }, "geometry": { "type": "Polygon", "coordinates": [ [ [ 76.391555505296239, 10.034746676248643 ], [ 76.391555505296239, 10.039238232123598 ], [ 76.386994659932043, 10.039238232123598 ], [ 76.386994659932043, 10.034746676248643 ], [ 76.391555505296239, 10.034746676248643 ] ] ] } },
{ "type": "Feature", "properties": { "cell_id": 1362, "lon": 76.393835927978344, "lat": 10.036992454186121 }, "geometry": { "type": "Polygon", "coordinates": [ [ [ 76.396116350660435, 10.034746676248643 ], [ 76.396116350660435, 10.039238232123598 ], [ 76.391555505296239, 10.039238232123598 ], [ 76.391555505296239, 10.034746676248643 ], [ 76.396116350660435, 10.034746676248643 ] ] ] } },
{ "type": "Feature", "properties": { "cell_id": 1363, "lon": 76.39839677334254, "lat": 10.036992454186121 }, "geometry": { "type": "Polygon", "coordinates": [ [ [ 76.400677196024631, 10.034746676248643 ], [ 76.400677196024631, 10.039238232123598 ], [ 76.396116350660435, 10.039238232123598 ], [ 76.396116350660435, 10.034746676248643 ], [ 76.400677196024631, 10.034746676248643 ] ] ] } },
{ "type": "Feature", "properties": { "cell_id": 1364, "lon": 76.202280422682108, "lat": 10.041484010061076 }, "geometry": { "type": "Polygon", "coordinates": [ [ [ 76.204560845364199, 10.039238232123598 ], [ 76.204560845364199, 10.043729787998553 ], [ 76.2, 10.043729787998553 ], [ 76.2, 10.039238232123598 ], [ 76.204560845364199, 10.039238232123598 ] ] ] } },
{ "type": "Feature", "properties": { "cell_id": 1365, "lon": 76.206841268046304, "lat": 10.041484010061076 }, "geometry": { "type": "Polygon", "coordinates": [ [ [ 76.209121690728395, 10.039238232123598 ], [ 76.209121690728395, 10.043729787998553 ], [ 76.204560845364199, 10.043729787998553 ], [ 76.204560845364199, 10.039238232123598 ], [ 76.209121690728395, 10.039238232123598 ] ] ] } },
{ "type": "Feature", "properties": { "cell_id": 1366, "lon": 76.2114021134105, "lat": 10.041484010061076 }, "geometry": { "type": "Polygon", "coordinates": [ [ [ 76.213682536092591, 10.039238232123598 ], [ 76.213682536092591, 10.043729787998553 ], [ 76.209121690728395, 10.043729787998553 ], [ 76.209121690728395, 10.039238232123598 ], [ 76.213682536092591, 10.039238232123598 ] ] ] } },
{ "type": "Feature", "properties": { "cell_id": 1367, "lon": 76.215962958774696, "lat": 10.041484010061076 }, "geometry": { "type": "Polygon", "coordinates": [ [ [ 76.218243381456787, 10.039238232123598 ], [ 76.218243381456787, 10.043729787998553 ], [ 76.213682536092591, 10.043729787998553 ], [ 76.213682536092591, 10.039238232123598 ], [ 76.218243381456787, 10.039238232123598 ] ] ] } },
{ "type": "Feature", "properties": { "cell_id": 1368, "lon": 76.220523804138892, "lat": 10.041484010061076 }, "geometry": { "type": "Polygon", "coordinates": [ [ [ 76.222804226820983, 10.039238232123598 ], [ 76.222804226820983, 10.043729787998553 ], [ 76.218243381456787, 10.043729787998553 ], [ 76.218243381456787, 10.039238232123598 ], [ 76.222804226820983, 10.039238232123598 ] ] ] } },
{ "type": "Feature", "properties": { "cell_id": 1369, "lon": 76.225084649503088, "lat": 10.041484010061076 }, "geometry": { "type": "Polygon", "coordinates": [ [ [ 76.227365072185179, 10.039238232123598 ], [ 76.227365072185179, 10.043729787998553 ], [ 76.222804226820983, 10.043729787998553 ], [ 76.222804226820983, 10.039238232123598 ], [ 76.227365072185179, 10.039238232123598 ] ] ] } },
{ "type": "Feature", "properties": { "cell_id": 1370, "lon": 76.229645494867285, "lat": 10.041484010061076 }, "geometry": { "type": "Polygon", "coordinates": [ [ [ 76.231925917549376, 10.039238232123598 ], [ 76.231925917549376, 10.043729787998553 ], [ 76.227365072185179, 10.043729787998553 ], [ 76.227365072185179, 10.039238232123598 ], [ 76.231925917549376, 10.039238232123598 ] ] ] } },
{ "type": "Feature", "properties": { "cell_id": 1371, "lon": 76.234206340231481, "lat": 10.041484010061076 }, "geometry": { "type": "Polygon", "coordinates": [ [ [ 76.236486762913572, 10.039238232123598 ], [ 76.236486762913572, 10.043729787998553 ], [ 76.231925917549376, 10.043729787998553 ], [ 76.231925917549376, 10.039238232123598 ], [ 76.236486762913572, 10.039238232123598 ] ] ] } },
{ "type": "Feature", "properties": { "cell_id": 1372, "lon": 76.238767185595677, "lat": 10.041484010061076 }, "geometry": { "type": "Polygon", "coordinates": [ [ [ 76.241047608277768, 10.039238232123598 ], [ 76.241047608277768, 10.043729787998553 ], [ 76.236486762913572, 10.043729787998553 ], [ 76.236486762913572, 10.039238232123598 ], [ 76.241047608277768, 10.039238232123598 ] ] ] } },
{ "type": "Feature", "properties": { "cell_id": 1373, "lon": 76.243328030959873, "lat": 10.041484010061076 }, "geometry": { "type": "Polygon", "coordinates": [ [ [ 76.245608453641964, 10.039238232123598 ], [ 76.245608453641964, 10.043729787998553 ], [ 76.241047608277768, 10.043729787998553 ], [ 76.241047608277768, 10.039238232123598 ], [ 76.245608453641964, 10.039238232123598 ] ] ] } },
{ "type": "Feature", "properties": { "cell_id": 1374, "lon": 76.247888876324069, "lat": 10.041484010061076 }, "geometry": { "type": "Polygon", "coordinates": [ [ [ 76.25016929900616, 10.039238232123598 ], [ 76.25016929900616, 10.043729787998553 ], [ 76.245608453641964, 10.043729787998553 ], [ 76.245608453641964, 10.039238232123598 ], [ 76.25016929900616, 10.039238232123598 ] ] ] } },
{ "type": "Feature", "properties": { "cell_id": 1375, "lon": 76.252449721688265, "lat": 10.041484010061076 }, "geometry": { "type": "Polygon", "coordinates": [ [ [ 76.254730144370356, 10.039238232123598 ], [ 76.254730144370356, 10.043729787998553 ], [ 76.25016929900616, 10.043729787998553 ], [ 76.25016929900616, 10.039238232123598 ], [ 76.254730144370356, 10.039238232123598 ] ] ] } },
{ "type": "Feature", "properties": { "cell_id": 1376, "lon": 76.257010567052461, "lat": 10.041484010061076 }, "geometry": { "type": "Polygon", "coordinates": [ [ [ 76.259290989734552, 10.039238232123598 ], [ 76.259290989734552, 10.043729787998553 ], [ 76.254730144370356, 10.043729787998553 ], [ 76.254730144370356, 10.039238232123598 ], [ 76.259290989734552, 10.039238232123598 ] ] ] } },
{ "type": "Feature", "properties": { "cell_id": 1377, "lon": 76.261571412416657, "lat": 10.041484010061076 }, "geometry": { "type": "Polygon", "coordinates": [ [ [ 76.263851835098748, 10.039238232123598 ], [ 76.263851835098748, 10.043729787998553 ], [ 76.259290989734552, 10.043729787998553 ], [ 76.259290989734552, 10.039238232123598 ], [ 76.263851835098748, 10.039238232123598 ] ] ] } },
{ "type": "Feature", "properties": { "cell_id": 1378, "lon": 76.266132257780853, "lat": 10.041484010061076 }, "geometry": { "type": "Polygon", "coordinates": [ [ [ 76.268412680462944, 10.039238232123598 ], [ 76.268412680462944, 10.043729787998553 ], [ 76.263851835098748, 10.043729787998553 ], [ 76.263851835098748, 10.039238232123598 ], [ 76.268412680462944, 10.039238232123598 ] ] ] } },
{ "type": "Feature", "properties": { "cell_id": 1379, "lon": 76.270693103145049, "lat": 10.041484010061076 }, "geometry": { "type": "Polygon", "coordinates": [ [ [ 76.27297352582714, 10.039238232123598 ], [ 76.27297352582714, 10.043729787998553 ], [ 76.268412680462944, 10.043729787998553 ], [ 76.268412680462944, 10.039238232123598 ], [ 76.27297352582714, 10.039238232123598 ] ] ] } },
{ "type": "Feature", "properties": { "cell_id": 1380, "lon": 76.275253948509246, "lat": 10.041484010061076 }, "geometry": { "type": "Polygon", "coordinates": [ [ [ 76.277534371191337, 10.039238232123598 ], [ 76.277534371191337, 10.043729787998553 ], [ 76.27297352582714, 10.043729787998553 ], [ 76.27297352582714, 10.039238232123598 ], [ 76.277534371191337, 10.039238232123598 ] ] ] } },
{ "type": "Feature", "properties": { "cell_id": 1381, "lon": 76.279814793873442, "lat": 10.041484010061076 }, "geometry": { "type": "Polygon", "coordinates": [ [ [ 76.282095216555533, 10.039238232123598 ], [ 76.282095216555533, 10.043729787998553 ], [ 76.277534371191337, 10.043729787998553 ], [ 76.277534371191337, 10.039238232123598 ], [ 76.282095216555533, 10.039238232123598 ] ] ] } },
{ "type": "Feature", "properties": { "cell_id": 1382, "lon": 76.284375639237638, "lat": 10.041484010061076 }, "geometry": { "type": "Polygon", "coordinates": [ [ [ 76.286656061919729, 10.039238232123598 ], [ 76.286656061919729, 10.043729787998553 ], [ 76.282095216555533, 10.043729787998553 ], [ 76.282095216555533, 10.039238232123598 ], [ 76.286656061919729, 10.039238232123598 ] ] ] } },
{ "type": "Feature", "properties": { "cell_id": 1383, "lon": 76.288936484601834, "lat": 10.041484010061076 }, "geometry": { "type": "Polygon", "coordinates": [ [ [ 76.291216907283925, 10.039238232123598 ], [ 76.291216907283925, 10.043729787998553 ], [ 76.286656061919729, 10.043729787998553 ], [ 76.286656061919729, 10.039238232123598 ], [ 76.291216907283925, 10.039238232123598 ] ] ] } },
{ "type": "Feature", "properties": { "cell_id": 1384, "lon": 76.29349732996603, "lat": 10.041484010061076 }, "geometry": { "type": "Polygon", "coordinates": [ [ [ 76.295777752648121, 10.039238232123598 ], [ 76.295777752648121, 10.043729787998553 ], [ 76.291216907283925, 10.043729787998553 ], [ 76.291216907283925, 10.039238232123598 ], [ 76.295777752648121, 10.039238232123598 ] ] ] } },
{ "type": "Feature", "properties": { "cell_id": 1385, "lon": 76.298058175330226, "lat": 10.041484010061076 }, "geometry": { "type": "Polygon", "coordinates": [ [ [ 76.300338598012317, 10.039238232123598 ], [ 76.300338598012317, 10.043729787998553 ], [ 76.295777752648121, 10.043729787998553 ], [ 76.295777752648121, 10.039238232123598 ], [ 76.300338598012317, 10.039238232123598 ] ] ] } },
{ "type": "Feature", "properties": { "cell_id": 1386, "lon": 76.302619020694422, "lat": 10.041484010061076 }, "geometry": { "type": "Polygon", "coordinates": [ [ [ 76.304899443376513, 10.039238232123598 ], [ 76.304899443376513, 10.043729787998553 ], [ 76.300338598012317, 10.043729787998553 ], [ 76.300338598012317, 10.039238232123598 ], [ 76.304899443376513, 10.039238232123598 ] ] ] } },
{ "type": "Feature", "properties": { "cell_id": 1387, "lon": 76.307179866058618, "lat": 10.041484010061076 }, "geometry": { "type": "Polygon", "coordinates": [ [ [ 76.309460288740709, 10.039238232123598 ], [ 76.309460288740709, 10.043729787998553 ], [ 76.304899443376513, 10.043729787998553 ], [ 76.304899443376513, 10.039238232123598 ], [ 76.309460288740709, 10.039238232123598 ] ] ] } },
{ "type": "Feature", "properties": { "cell_id": 1388, "lon": 76.311740711422814, "lat": 10.041484010061076 }, "geometry": { "type": "Polygon", "coordinates": [ [ [ 76.314021134104905, 10.039238232123598 ], [ 76.314021134104905, 10.043729787998553 ], [ 76.309460288740709, 10.043729787998553 ], [ 76.309460288740709, 10.039238232123598 ], [ 76.314021134104905, 10.039238232123598 ] ] ] } },
{ "type": "Feature", "properties": { "cell_id": 1389, "lon": 76.31630155678701, "lat": 10.041484010061076 }, "geometry": { "type": "Polygon", "coordinates": [ [ [ 76.318581979469101, 10.039238232123598 ], [ 76.318581979469101, 10.043729787998553 ], [ 76.314021134104905, 10.043729787998553 ], [ 76.314021134104905, 10.039238232123598 ], [ 76.318581979469101, 10.039238232123598 ] ] ] } },
{ "type": "Feature", "properties": { "cell_id": 1390, "lon": 76.320862402151207, "lat": 10.041484010061076 }, "geometry": { "type": "Polygon", "coordinates": [ [ [ 76.323142824833297, 10.039238232123598 ], [ 76.323142824833297, 10.043729787998553 ], [ 76.318581979469101, 10.043729787998553 ], [ 76.318581979469101, 10.039238232123598 ], [ 76.323142824833297, 10.039238232123598 ] ] ] } },
{ "type": "Feature", "properties": { "cell_id": 1391, "lon": 76.325423247515403, "lat": 10.041484010061076 }, "geometry": { "type": "Polygon", "coordinates": [ [ [ 76.327703670197494, 10.039238232123598 ], [ 76.327703670197494, 10.043729787998553 ], [ 76.323142824833297, 10.043729787998553 ], [ 76.323142824833297, 10.039238232123598 ], [ 76.327703670197494, 10.039238232123598 ] ] ] } },
{ "type": "Feature", "properties": { "cell_id": 1392, "lon": 76.329984092879599, "lat": 10.041484010061076 }, "geometry": { "type": "Polygon", "coordinates": [ [ [ 76.33226451556169, 10.039238232123598 ], [ 76.33226451556169, 10.043729787998553 ], [ 76.327703670197494, 10.043729787998553 ], [ 76.327703670197494, 10.039238232123598 ], [ 76.33226451556169, 10.039238232123598 ] ] ] } },
{ "type": "Feature", "properties": { "cell_id": 1393, "lon": 76.334544938243795, "lat": 10.041484010061076 }, "geometry": { "type": "Polygon", "coordinates": [ [ [ 76.336825360925886, 10.039238232123598 ], [ 76.336825360925886, 10.043729787998553 ], [ 76.33226451556169, 10.043729787998553 ], [ 76.33226451556169, 10.039238232123598 ], [ 76.336825360925886, 10.039238232123598 ] ] ] } },
{ "type": "Feature", "properties": { "cell_id": 1394, "lon": 76.339105783607991, "lat": 10.041484010061076 }, "geometry": { "type": "Polygon", "coordinates": [ [ [ 76.341386206290082, 10.039238232123598 ], [ 76.341386206290082, 10.043729787998553 ], [ 76.336825360925886, 10.043729787998553 ], [ 76.336825360925886, 10.039238232123598 ], [ 76.341386206290082, 10.039238232123598 ] ] ] } },
{ "type": "Feature", "properties": { "cell_id": 1395, "lon": 76.343666628972187, "lat": 10.041484010061076 }, "geometry": { "type": "Polygon", "coordinates": [ [ [ 76.345947051654278, 10.039238232123598 ], [ 76.345947051654278, 10.043729787998553 ], [ 76.341386206290082, 10.043729787998553 ], [ 76.341386206290082, 10.039238232123598 ], [ 76.345947051654278, 10.039238232123598 ] ] ] } },
{ "type": "Feature", "properties": { "cell_id": 1396, "lon": 76.348227474336383, "lat": 10.041484010061076 }, "geometry": { "type": "Polygon", "coordinates": [ [ [ 76.350507897018474, 10.039238232123598 ], [ 76.350507897018474, 10.043729787998553 ], [ 76.345947051654278, 10.043729787998553 ], [ 76.345947051654278, 10.039238232123598 ], [ 76.350507897018474, 10.039238232123598 ] ] ] } },
{ "type": "Feature", "properties": { "cell_id": 1397, "lon": 76.352788319700579, "lat": 10.041484010061076 }, "geometry": { "type": "Polygon", "coordinates": [ [ [ 76.35506874238267, 10.039238232123598 ], [ 76.35506874238267, 10.043729787998553 ], [ 76.350507897018474, 10.043729787998553 ], [ 76.350507897018474, 10.039238232123598 ], [ 76.35506874238267, 10.039238232123598 ] ] ] } },
{ "type": "Feature", "properties": { "cell_id": 1398, "lon": 76.357349165064775, "lat": 10.041484010061076 }, "geometry": { "type": "Polygon", "coordinates": [ [ [ 76.359629587746866, 10.039238232123598 ], [ 76.359629587746866, 10.043729787998553 ], [ 76.35506874238267, 10.043729787998553 ], [ 76.35506874238267, 10.039238232123598 ], [ 76.359629587746866, 10.039238232123598 ] ] ] } },
{ "type": "Feature", "properties": { "cell_id": 1399, "lon": 76.361910010428971, "lat": 10.041484010061076 }, "geometry": { "type": "Polygon", "coordinates": [ [ [ 76.364190433111062, 10.039238232123598 ], [ 76.364190433111062, 10.043729787998553 ], [ 76.359629587746866, 10.043729787998553 ], [ 76.359629587746866, 10.039238232123598 ], [ 76.364190433111062, 10.039238232123598 ] ] ] } },
{ "type": "Feature", "properties": { "cell_id": 1400, "lon": 76.366470855793168, "lat": 10.041484010061076 }, "geometry": { "type": "Polygon", "coordinates": [ [ [ 76.368751278475258, 10.039238232123598 ], [ 76.368751278475258, 10.043729787998553 ], [ 76.364190433111062, 10.043729787998553 ], [ 76.364190433111062, 10.039238232123598 ], [ 76.368751278475258, 10.039238232123598 ] ] ] } },
{ "type": "Feature", "properties": { "cell_id": 1401, "lon": 76.371031701157364, "lat": 10.041484010061076 }, "geometry": { "type": "Polygon", "coordinates": [ [ [ 76.373312123839455, 10.039238232123598 ], [ 76.373312123839455, 10.043729787998553 ], [ 76.368751278475258, 10.043729787998553 ], [ 76.368751278475258, 10.039238232123598 ], [ 76.373312123839455, 10.039238232123598 ] ] ] } },
{ "type": "Feature", "properties": { "cell_id": 1402, "lon": 76.37559254652156, "lat": 10.041484010061076 }, "geometry": { "type": "Polygon", "coordinates": [ [ [ 76.377872969203651, 10.039238232123598 ], [ 76.377872969203651, 10.043729787998553 ], [ 76.373312123839455, 10.043729787998553 ], [ 76.373312123839455, 10.039238232123598 ], [ 76.377872969203651, 10.039238232123598 ] ] ] } },
{ "type": "Feature", "properties": { "cell_id": 1403, "lon": 76.380153391885756, "lat": 10.041484010061076 }, "geometry": { "type": "Polygon", "coordinates": [ [ [ 76.382433814567847, 10.039238232123598 ], [ 76.382433814567847, 10.043729787998553 ], [ 76.377872969203651, 10.043729787998553 ], [ 76.377872969203651, 10.039238232123598 ], [ 76.382433814567847, 10.039238232123598 ] ] ] } },
{ "type": "Feature", "properties": { "cell_id": 1404, "lon": 76.384714237249952, "lat": 10.041484010061076 }, "geometry": { "type": "Polygon", "coordinates": [ [ [ 76.386994659932043, 10.039238232123598 ], [ 76.386994659932043, 10.043729787998553 ], [ 76.382433814567847, 10.043729787998553 ], [ 76.382433814567847, 10.039238232123598 ], [ 76.386994659932043, 10.039238232123598 ] ] ] } },
{ "type": "Feature", "properties": { "cell_id": 1405, "lon": 76.389275082614148, "lat": 10.041484010061076 }, "geometry": { "type": "Polygon", "coordinates": [ [ [ 76.391555505296239, 10.039238232123598 ], [ 76.391555505296239, 10.043729787998553 ], [ 76.386994659932043, 10.043729787998553 ], [ 76.386994659932043, 10.039238232123598 ], [ 76.391555505296239, 10.039238232123598 ] ] ] } },
{ "type": "Feature", "properties": { "cell_id": 1406, "lon": 76.393835927978344, "lat": 10.041484010061076 }, "geometry": { "type": "Polygon", "coordinates": [ [ [ 76.396116350660435, 10.039238232123598 ], [ 76.396116350660435, 10.043729787998553 ], [ 76.391555505296239, 10.043729787998553 ], [ 76.391555505296239, 10.039238232123598 ], [ 76.396116350660435, 10.039238232123598 ] ] ] } },
{ "type": "Feature", "properties": { "cell_id": 1407, "lon": 76.39839677334254, "lat": 10.041484010061076 }, "geometry": { "type": "Polygon", "coordinates": [ [ [ 76.400677196024631, 10.039238232123598 ], [ 76.400677196024631, 10.043729787998553 ], [ 76.396116350660435, 10.043729787998553 ], [ 76.396116350660435, 10.039238232123598 ], [ 76.400677196024631, 10.039238232123598 ] ] ] } },
{ "type": "Feature", "properties": { "cell_id": 1408, "lon": 76.202280422682108, "lat": 10.045975565936031 }, "geometry": { "type": "Polygon", "coordinates": [ [ [ 76.204560845364199, 10.043729787998553 ], [ 76.204560845364199, 10.048221343873507 ], [ 76.2, 10.048221343873507 ], [ 76.2, 10.043729787998553 ], [ 76.204560845364199, 10.043729787998553 ] ] ] } },
{ "type": "Feature", "properties": { "cell_id": 1409, "lon": 76.206841268046304, "lat": 10.045975565936031 }, "geometry": { "type": "Polygon", "coordinates": [ [ [ 76.209121690728395, 10.043729787998553 ], [ 76.209121690728395, 10.048221343873507 ], [ 76.204560845364199, 10.048221343873507 ], [ 76.204560845364199, 10.043729787998553 ], [ 76.209121690728395, 10.043729787998553 ] ] ] } },
{ "type": "Feature", "properties": { "cell_id": 1410, "lon": 76.2114021134105, "lat": 10.045975565936031 }, "geometry": { "type": "Polygon", "coordinates": [ [ [ 76.213682536092591, 10.043729787998553 ], [ 76.213682536092591, 10.048221343873507 ], [ 76.209121690728395, 10.048221343873507 ], [ 76.209121690728395, 10.043729787998553 ], [ 76.213682536092591, 10.043729787998553 ] ] ] } },
{ "type": "Feature", "properties": { "cell_id": 1411, "lon": 76.215962958774696, "lat": 10.045975565936031 }, "geometry": { "type": "Polygon", "coordinates": [ [ [ 76.218243381456787, 10.043729787998553 ], [ 76.218243381456787, 10.048221343873507 ], [ 76.213682536092591, 10.048221343873507 ], [ 76.213682536092591, 10.043729787998553 ], [ 76.218243381456787, 10.043729787998553 ] ] ] } },
{ "type": "Feature", "properties": { "cell_id": 1412, "lon": 76.220523804138892, "lat": 10.045975565936031 }, "geometry": { "type": "Polygon", "coordinates": [ [ [ 76.222804226820983, 10.043729787998553 ], [ 76.222804226820983, 10.048221343873507 ], [ 76.218243381456787, 10.048221343873507 ], [ 76.218243381456787, 10.043729787998553 ], [ 76.222804226820983, 10.043729787998553 ] ] ] } },
{ "type": "Feature", "properties": { "cell_id": 1413, "lon": 76.225084649503088, "lat": 10.045975565936031 }, "geometry": { "type": "Polygon", "coordinates": [ [ [ 76.227365072185179, 10.043729787998553 ], [ 76.227365072185179, 10.048221343873507 ], [ 76.222804226820983, 10.048221343873507 ], [ 76.222804226820983, 10.043729787998553 ], [ 76.227365072185179, 10.043729787998553 ] ] ] } },
{ "type": "Feature", "properties": { "cell_id": 1414, "lon": 76.229645494867285, "lat": 10.045975565936031 }, "geometry": { "type": "Polygon", "coordinates": [ [ [ 76.231925917549376, 10.043729787998553 ], [ 76.231925917549376, 10.048221343873507 ], [ 76.227365072185179, 10.048221343873507 ], [ 76.227365072185179, 10.043729787998553 ], [ 76.231925917549376, 10.043729787998553 ] ] ] } },
{ "type": "Feature", "properties": { "cell_id": 1415, "lon": 76.234206340231481, "lat": 10.045975565936031 }, "geometry": { "type": "Polygon", "coordinates": [ [ [ 76.236486762913572, 10.043729787998553 ], [ 76.236486762913572, 10.048221343873507 ], [ 76.231925917549376, 10.048221343873507 ], [ 76.231925917549376, 10.043729787998553 ], [ 76.236486762913572, 10.043729787998553 ] ] ] } },
{ "type": "Feature", "properties": { "cell_id": 1416, "lon": 76.238767185595677, "lat": 10.045975565936031 }, "geometry": { "type": "Polygon", "coordinates": [ [ [ 76.241047608277768, 10.043729787998553 ], [ 76.241047608277768, 10.048221343873507 ], [ 76.236486762913572, 10.048221343873507 ], [ 76.236486762913572, 10.043729787998553 ], [ 76.241047608277768, 10.043729787998553 ] ] ] } },
{ "type": "Feature", "properties": { "cell_id": 1417, "lon": 76.243328030959873, "lat": 10.045975565936031 }, "geometry": { "type": "Polygon", "coordinates": [ [ [ 76.245608453641964, 10.043729787998553 ], [ 76.245608453641964, 10.048221343873507 ], [ 76.241047608277768, 10.048221343873507 ], [ 76.241047608277768, 10.043729787998553 ], [ 76.245608453641964, 10.043729787998553 ] ] ] } },
{ "type": "Feature", "properties": { "cell_id": 1418, "lon": 76.247888876324069, "lat": 10.045975565936031 }, "geometry": { "type": "Polygon", "coordinates": [ [ [ 76.25016929900616, 10.043729787998553 ], [ 76.25016929900616, 10.048221343873507 ], [ 76.245608453641964, 10.048221343873507 ], [ 76.245608453641964, 10.043729787998553 ], [ 76.25016929900616, 10.043729787998553 ] ] ] } },
{ "type": "Feature", "properties": { "cell_id": 1419, "lon": 76.252449721688265, "lat": 10.045975565936031 }, "geometry": { "type": "Polygon", "coordinates": [ [ [ 76.254730144370356, 10.043729787998553 ], [ 76.254730144370356, 10.048221343873507 ], [ 76.25016929900616, 10.048221343873507 ], [ 76.25016929900616, 10.043729787998553 ], [ 76.254730144370356, 10.043729787998553 ] ] ] } },
{ "type": "Feature", "properties": { "cell_id": 1420, "lon": 76.257010567052461, "lat": 10.045975565936031 }, "geometry": { "type": "Polygon", "coordinates": [ [ [ 76.259290989734552, 10.043729787998553 ], [ 76.259290989734552, 10.048221343873507 ], [ 76.254730144370356, 10.048221343873507 ], [ 76.254730144370356, 10.043729787998553 ], [ 76.259290989734552, 10.043729787998553 ] ] ] } },
{ "type": "Feature", "properties": { "cell_id": 1421, "lon": 76.261571412416657, "lat": 10.045975565936031 }, "geometry": { "type": "Polygon", "coordinates": [ [ [ 76.263851835098748, 10.043729787998553 ], [ 76.263851835098748, 10.048221343873507 ], [ 76.259290989734552, 10.048221343873507 ], [ 76.259290989734552, 10.043729787998553 ], [ 76.263851835098748, 10.043729787998553 ] ] ] } },
{ "type": "Feature", "properties": { "cell_id": 1422, "lon": 76.266132257780853, "lat": 10.045975565936031 }, "geometry": { "type": "Polygon", "coordinates": [ [ [ 76.268412680462944, 10.043729787998553 ], [ 76.268412680462944, 10.048221343873507 ], [ 76.263851835098748, 10.048221343873507 ], [ 76.263851835098748, 10.043729787998553 ], [ 76.268412680462944, 10.043729787998553 ] ] ] } },
{ "type": "Feature", "properties": { "cell_id": 1423, "lon": 76.270693103145049, "lat": 10.045975565936031 }, "geometry": { "type": "Polygon", "coordinates": [ [ [ 76.27297352582714, 10.043729787998553 ], [ 76.27297352582714, 10.048221343873507 ], [ 76.268412680462944, 10.048221343873507 ], [ 76.268412680462944, 10.043729787998553 ], [ 76.27297352582714, 10.043729787998553 ] ] ] } },
{ "type": "Feature", "properties": { "cell_id": 1424, "lon": 76.275253948509246, "lat": 10.045975565936031 }, "geometry": { "type": "Polygon", "coordinates": [ [ [ 76.277534371191337, 10.043729787998553 ], [ 76.277534371191337, 10.048221343873507 ], [ 76.27297352582714, 10.048221343873507 ], [ 76.27297352582714, 10.043729787998553 ], [ 76.277534371191337, 10.043729787998553 ] ] ] } },
{ "type": "Feature", "properties": { "cell_id": 1425, "lon": 76.279814793873442, "lat": 10.045975565936031 }, "geometry": { "type": "Polygon", "coordinates": [ [ [ 76.282095216555533, 10.043729787998553 ], [ 76.282095216555533, 10.048221343873507 ], [ 76.277534371191337, 10.048221343873507 ], [ 76.277534371191337, 10.043729787998553 ], [ 76.282095216555533, 10.043729787998553 ] ] ] } },
{ "type": "Feature", "properties": { "cell_id": 1426, "lon": 76.284375639237638, "lat": 10.045975565936031 }, "geometry": { "type": "Polygon", "coordinates": [ [ [ 76.286656061919729, 10.043729787998553 ], [ 76.286656061919729, 10.048221343873507 ], [ 76.282095216555533, 10.048221343873507 ], [ 76.282095216555533, 10.043729787998553 ], [ 76.286656061919729, 10.043729787998553 ] ] ] } },
{ "type": "Feature", "properties": { "cell_id": 1427, "lon": 76.288936484601834, "lat": 10.045975565936031 }, "geometry": { "type": "Polygon", "coordinates": [ [ [ 76.291216907283925, 10.043729787998553 ], [ 76.291216907283925, 10.048221343873507 ], [ 76.286656061919729, 10.048221343873507 ], [ 76.286656061919729, 10.043729787998553 ], [ 76.291216907283925, 10.043729787998553 ] ] ] } },
{ "type": "Feature", "properties": { "cell_id": 1428, "lon": 76.29349732996603, "lat": 10.045975565936031 }, "geometry": { "type": "Polygon", "coordinates": [ [ [ 76.295777752648121, 10.043729787998553 ], [ 76.295777752648121, 10.048221343873507 ], [ 76.291216907283925, 10.048221343873507 ], [ 76.291216907283925, 10.043729787998553 ], [ 76.295777752648121, 10.043729787998553 ] ] ] } },
{ "type": "Feature", "properties": { "cell_id": 1429, "lon": 76.298058175330226, "lat": 10.045975565936031 }, "geometry": { "type": "Polygon", "coordinates": [ [ [ 76.300338598012317, 10.043729787998553 ], [ 76.300338598012317, 10.048221343873507 ], [ 76.295777752648121, 10.048221343873507 ], [ 76.295777752648121, 10.043729787998553 ], [ 76.300338598012317, 10.043729787998553 ] ] ] } },
{ "type": "Feature", "properties": { "cell_id": 1430, "lon": 76.302619020694422, "lat": 10.045975565936031 }, "geometry": { "type": "Polygon", "coordinates": [ [ [ 76.304899443376513, 10.043729787998553 ], [ 76.304899443376513, 10.048221343873507 ], [ 76.300338598012317, 10.048221343873507 ], [ 76.300338598012317, 10.043729787998553 ], [ 76.304899443376513, 10.043729787998553 ] ] ] } },
{ "type": "Feature", "properties": { "cell_id": 1431, "lon": 76.307179866058618, "lat": 10.045975565936031 }, "geometry": { "type": "Polygon", "coordinates": [ [ [ 76.309460288740709, 10.043729787998553 ], [ 76.309460288740709, 10.048221343873507 ], [ 76.304899443376513, 10.048221343873507 ], [ 76.304899443376513, 10.043729787998553 ], [ 76.309460288740709, 10.043729787998553 ] ] ] } },
{ "type": "Feature", "properties": { "cell_id": 1432, "lon": 76.311740711422814, "lat": 10.045975565936031 }, "geometry": { "type": "Polygon", "coordinates": [ [ [ 76.314021134104905, 10.043729787998553 ], [ 76.314021134104905, 10.048221343873507 ], [ 76.309460288740709, 10.048221343873507 ], [ 76.309460288740709, 10.043729787998553 ], [ 76.314021134104905, 10.043729787998553 ] ] ] } },
{ "type": "Feature", "properties": { "cell_id": 1433, "lon": 76.31630155678701, "lat": 10.045975565936031 }, "geometry": { "type": "Polygon", "coordinates": [ [ [ 76.318581979469101, 10.043729787998553 ], [ 76.318581979469101, 10.048221343873507 ], [ 76.314021134104905, 10.048221343873507 ], [ 76.314021134104905, 10.043729787998553 ], [ 76.318581979469101, 10.043729787998553 ] ] ] } },
{ "type": "Feature", "properties": { "cell_id": 1434, "lon": 76.320862402151207, "lat": 10.045975565936031 }, "geometry": { "type": "Polygon", "coordinates": [ [ [ 76.323142824833297, 10.043729787998553 ], [ 76.323142824833297, 10.048221343873507 ], [ 76.318581979469101, 10.048221343873507 ], [ 76.318581979469101, 10.043729787998553 ], [ 76.323142824833297, 10.043729787998553 ] ] ] } },
{ "type": "Feature", "properties": { "cell_id": 1435, "lon": 76.325423247515403, "lat": 10.045975565936031 }, "geometry": { "type": "Polygon", "coordinates": [ [ [ 76.327703670197494, 10.043729787998553 ], [ 76.327703670197494, 10.048221343873507 ], [ 76.323142824833297, 10.048221343873507 ], [ 76.323142824833297, 10.043729787998553 ], [ 76.327703670197494, 10.043729787998553 ] ] ] } },
{ "type": "Feature", "properties": { "cell_id": 1436, "lon": 76.329984092879599, "lat": 10.045975565936031 }, "geometry": { "type": "Polygon", "coordinates": [ [ [ 76.33226451556169, 10.043729787998553 ], [ 76.33226451556169, 10.048221343873507 ], [ 76.327703670197494, 10.048221343873507 ], [ 76.327703670197494, 10.043729787998553 ], [ 76.33226451556169, 10.043729787998553 ] ] ] } },
{ "type": "Feature", "properties": { "cell_id": 1437, "lon": 76.334544938243795, "lat": 10.045975565936031 }, "geometry": { "type": "Polygon", "coordinates": [ [ [ 76.336825360925886, 10.043729787998553 ], [ 76.336825360925886, 10.048221343873507 ], [ 76.33226451556169, 10.048221343873507 ], [ 76.33226451556169, 10.043729787998553 ], [ 76.336825360925886, 10.043729787998553 ] ] ] } },
{ "type": "Feature", "properties": { "cell_id": 1438, "lon": 76.339105783607991, "lat": 10.045975565936031 }, "geometry": { "type": "Polygon", "coordinates": [ [ [ 76.341386206290082, 10.043729787998553 ], [ 76.341386206290082, 10.048221343873507 ], [ 76.336825360925886, 10.048221343873507 ], [ 76.336825360925886, 10.043729787998553 ], [ 76.341386206290082, 10.043729787998553 ] ] ] } },
{ "type": "Feature", "properties": { "cell_id": 1439, "lon": 76.343666628972187, "lat": 10.045975565936031 }, "geometry": { "type": "Polygon", "coordinates": [ [ [ 76.345947051654278, 10.043729787998553 ], [ 76.345947051654278, 10.048221343873507 ], [ 76.341386206290082, 10.048221343873507 ], [ 76.341386206290082, 10.043729787998553 ], [ 76.345947051654278, 10.043729787998553 ] ] ] } },
{ "type": "Feature", "properties": { "cell_id": 1440, "lon": 76.348227474336383, "lat": 10.045975565936031 }, "geometry": { "type": "Polygon", "coordinates": [ [ [ 76.350507897018474, 10.043729787998553 ], [ 76.350507897018474, 10.048221343873507 ], [ 76.345947051654278, 10.048221343873507 ], [ 76.345947051654278, 10.043729787998553 ], [ 76.350507897018474, 10.043729787998553 ] ] ] } },
{ "type": "Feature", "properties": { "cell_id": 1441, "lon": 76.352788319700579, "lat": 10.045975565936031 }, "geometry": { "type": "Polygon", "coordinates": [ [ [ 76.35506874238267, 10.043729787998553 ], [ 76.35506874238267, 10.048221343873507 ], [ 76.350507897018474, 10.048221343873507 ], [ 76.350507897018474, 10.043729787998553 ], [ 76.35506874238267, 10.043729787998553 ] ] ] } },
{ "type": "Feature", "properties": { "cell_id": 1442, "lon": 76.357349165064775, "lat": 10.045975565936031 }, "geometry": { "type": "Polygon", "coordinates": [ [ [ 76.359629587746866, 10.043729787998553 ], [ 76.359629587746866, 10.048221343873507 ], [ 76.35506874238267, 10.048221343873507 ], [ 76.35506874238267, 10.043729787998553 ], [ 76.359629587746866, 10.043729787998553 ] ] ] } },
{ "type": "Feature", "properties": { "cell_id": 1443, "lon": 76.361910010428971, "lat": 10.045975565936031 }, "geometry": { "type": "Polygon", "coordinates": [ [ [ 76.364190433111062, 10.043729787998553 ], [ 76.364190433111062, 10.048221343873507 ], [ 76.359629587746866, 10.048221343873507 ], [ 76.359629587746866, 10.043729787998553 ], [ 76.364190433111062, 10.043729787998553 ] ] ] } },
{ "type": "Feature", "properties": { "cell_id": 1444, "lon": 76.366470855793168, "lat": 10.045975565936031 }, "geometry": { "type": "Polygon", "coordinates": [ [ [ 76.368751278475258, 10.043729787998553 ], [ 76.368751278475258, 10.048221343873507 ], [ 76.364190433111062, 10.048221343873507 ], [ 76.364190433111062, 10.043729787998553 ], [ 76.368751278475258, 10.043729787998553 ] ] ] } },
{ "type": "Feature", "properties": { "cell_id": 1445, "lon": 76.371031701157364, "lat": 10.045975565936031 }, "geometry": { "type": "Polygon", "coordinates": [ [ [ 76.373312123839455, 10.043729787998553 ], [ 76.373312123839455, 10.048221343873507 ], [ 76.368751278475258, 10.048221343873507 ], [ 76.368751278475258, 10.043729787998553 ], [ 76.373312123839455, 10.043729787998553 ] ] ] } },
{ "type": "Feature", "properties": { "cell_id": 1446, "lon": 76.37559254652156, "lat": 10.045975565936031 }, "geometry": { "type": "Polygon", "coordinates": [ [ [ 76.377872969203651, 10.043729787998553 ], [ 76.377872969203651, 10.048221343873507 ], [ 76.373312123839455, 10.048221343873507 ], [ 76.373312123839455, 10.043729787998553 ], [ 76.377872969203651, 10.043729787998553 ] ] ] } },
{ "type": "Feature", "properties": { "cell_id": 1447, "lon": 76.380153391885756, "lat": 10.045975565936031 }, "geometry": { "type": "Polygon", "coordinates": [ [ [ 76.382433814567847, 10.043729787998553 ], [ 76.382433814567847, 10.048221343873507 ], [ 76.377872969203651, 10.048221343873507 ], [ 76.377872969203651, 10.043729787998553 ], [ 76.382433814567847, 10.043729787998553 ] ] ] } },
{ "type": "Feature", "properties": { "cell_id": 1448, "lon": 76.384714237249952, "lat": 10.045975565936031 }, "geometry": { "type": "Polygon", "coordinates": [ [ [ 76.386994659932043, 10.043729787998553 ], [ 76.386994659932043, 10.048221343873507 ], [ 76.382433814567847, 10.048221343873507 ], [ 76.382433814567847, 10.043729787998553 ], [ 76.386994659932043, 10.043729787998553 ] ] ] } },
{ "type": "Feature", "properties": { "cell_id": 1449, "lon": 76.389275082614148, "lat": 10.045975565936031 }, "geometry": { "type": "Polygon", "coordinates": [ [ [ 76.391555505296239, 10.043729787998553 ], [ 76.391555505296239, 10.048221343873507 ], [ 76.386994659932043, 10.048221343873507 ], [ 76.386994659932043, 10.043729787998553 ], [ 76.391555505296239, 10.043729787998553 ] ] ] } },
{ "type": "Feature", "properties": { "cell_id": 1450, "lon": 76.393835927978344, "lat": 10.045975565936031 }, "geometry": { "type": "Polygon", "coordinates": [ [ [ 76.396116350660435, 10.043729787998553 ], [ 76.396116350660435, 10.048221343873507 ], [ 76.391555505296239, 10.048221343873507 ], [ 76.391555505296239, 10.043729787998553 ], [ 76.396116350660435, 10.043729787998553 ] ] ] } },
{ "type": "Feature", "properties": { "cell_id": 1451, "lon": 76.39839677334254, "lat": 10.045975565936031 }, "geometry": { "type": "Polygon", "coordinates": [ [ [ 76.400677196024631, 10.043729787998553 ], [ 76.400677196024631, 10.048221343873507 ], [ 76.396116350660435, 10.048221343873507 ], [ 76.396116350660435, 10.043729787998553 ], [ 76.400677196024631, 10.043729787998553 ] ] ] } },
{ "type": "Feature", "properties": { "cell_id": 1452, "lon": 76.202280422682108, "lat": 10.050467121810986 }, "geometry": { "type": "Polygon", "coordinates": [ [ [ 76.204560845364199, 10.048221343873507 ], [ 76.204560845364199, 10.052712899748462 ], [ 76.2, 10.052712899748462 ], [ 76.2, 10.048221343873507 ], [ 76.204560845364199, 10.048221343873507 ] ] ] } },
{ "type": "Feature", "properties": { "cell_id": 1453, "lon": 76.206841268046304, "lat": 10.050467121810986 }, "geometry": { "type": "Polygon", "coordinates": [ [ [ 76.209121690728395, 10.048221343873507 ], [ 76.209121690728395, 10.052712899748462 ], [ 76.204560845364199, 10.052712899748462 ], [ 76.204560845364199, 10.048221343873507 ], [ 76.209121690728395, 10.048221343873507 ] ] ] } },
{ "type": "Feature", "properties": { "cell_id": 1454, "lon": 76.2114021134105, "lat": 10.050467121810986 }, "geometry": { "type": "Polygon", "coordinates": [ [ [ 76.213682536092591, 10.048221343873507 ], [ 76.213682536092591, 10.052712899748462 ], [ 76.209121690728395, 10.052712899748462 ], [ 76.209121690728395, 10.048221343873507 ], [ 76.213682536092591, 10.048221343873507 ] ] ] } },
{ "type": "Feature", "properties": { "cell_id": 1455, "lon": 76.215962958774696, "lat": 10.050467121810986 }, "geometry": { "type": "Polygon", "coordinates": [ [ [ 76.218243381456787, 10.048221343873507 ], [ 76.218243381456787, 10.052712899748462 ], [ 76.213682536092591, 10.052712899748462 ], [ 76.213682536092591, 10.048221343873507 ], [ 76.218243381456787, 10.048221343873507 ] ] ] } },
{ "type": "Feature", "properties": { "cell_id": 1456, "lon": 76.220523804138892, "lat": 10.050467121810986 }, "geometry": { "type": "Polygon", "coordinates": [ [ [ 76.222804226820983, 10.048221343873507 ], [ 76.222804226820983, 10.052712899748462 ], [ 76.218243381456787, 10.052712899748462 ], [ 76.218243381456787, 10.048221343873507 ], [ 76.222804226820983, 10.048221343873507 ] ] ] } },
{ "type": "Feature", "properties": { "cell_id": 1457, "lon": 76.225084649503088, "lat": 10.050467121810986 }, "geometry": { "type": "Polygon", "coordinates": [ [ [ 76.227365072185179, 10.048221343873507 ], [ 76.227365072185179, 10.052712899748462 ], [ 76.222804226820983, 10.052712899748462 ], [ 76.222804226820983, 10.048221343873507 ], [ 76.227365072185179, 10.048221343873507 ] ] ] } },
{ "type": "Feature", "properties": { "cell_id": 1458, "lon": 76.229645494867285, "lat": 10.050467121810986 }, "geometry": { "type": "Polygon", "coordinates": [ [ [ 76.231925917549376, 10.048221343873507 ], [ 76.231925917549376, 10.052712899748462 ], [ 76.227365072185179, 10.052712899748462 ], [ 76.227365072185179, 10.048221343873507 ], [ 76.231925917549376, 10.048221343873507 ] ] ] } },
{ "type": "Feature", "properties": { "cell_id": 1459, "lon": 76.234206340231481, "lat": 10.050467121810986 }, "geometry": { "type": "Polygon", "coordinates": [ [ [ 76.236486762913572, 10.048221343873507 ], [ 76.236486762913572, 10.052712899748462 ], [ 76.231925917549376, 10.052712899748462 ], [ 76.231925917549376, 10.048221343873507 ], [ 76.236486762913572, 10.048221343873507 ] ] ] } },
{ "type": "Feature", "properties": { "cell_id": 1460, "lon": 76.238767185595677, "lat": 10.050467121810986 }, "geometry": { "type": "Polygon", "coordinates": [ [ [ 76.241047608277768, 10.048221343873507 ], [ 76.241047608277768, 10.052712899748462 ], [ 76.236486762913572, 10.052712899748462 ], [ 76.236486762913572, 10.048221343873507 ], [ 76.241047608277768, 10.048221343873507 ] ] ] } },
{ "type": "Feature", "properties": { "cell_id": 1461, "lon": 76.243328030959873, "lat": 10.050467121810986 }, "geometry": { "type": "Polygon", "coordinates": [ [ [ 76.245608453641964, 10.048221343873507 ], [ 76.245608453641964, 10.052712899748462 ], [ 76.241047608277768, 10.052712899748462 ], [ 76.241047608277768, 10.048221343873507 ], [ 76.245608453641964, 10.048221343873507 ] ] ] } },
{ "type": "Feature", "properties": { "cell_id": 1462, "lon": 76.247888876324069, "lat": 10.050467121810986 }, "geometry": { "type": "Polygon", "coordinates": [ [ [ 76.25016929900616, 10.048221343873507 ], [ 76.25016929900616, 10.052712899748462 ], [ 76.245608453641964, 10.052712899748462 ], [ 76.245608453641964, 10.048221343873507 ], [ 76.25016929900616, 10.048221343873507 ] ] ] } },
{ "type": "Feature", "properties": { "cell_id": 1463, "lon": 76.252449721688265, "lat": 10.050467121810986 }, "geometry": { "type": "Polygon", "coordinates": [ [ [ 76.254730144370356, 10.048221343873507 ], [ 76.254730144370356, 10.052712899748462 ], [ 76.25016929900616, 10.052712899748462 ], [ 76.25016929900616, 10.048221343873507 ], [ 76.254730144370356, 10.048221343873507 ] ] ] } },
{ "type": "Feature", "properties": { "cell_id": 1464, "lon": 76.257010567052461, "lat": 10.050467121810986 }, "geometry": { "type": "Polygon", "coordinates": [ [ [ 76.259290989734552, 10.048221343873507 ], [ 76.259290989734552, 10.052712899748462 ], [ 76.254730144370356, 10.052712899748462 ], [ 76.254730144370356, 10.048221343873507 ], [ 76.259290989734552, 10.048221343873507 ] ] ] } },
{ "type": "Feature", "properties": { "cell_id": 1465, "lon": 76.261571412416657, "lat": 10.050467121810986 }, "geometry": { "type": "Polygon", "coordinates": [ [ [ 76.263851835098748, 10.048221343873507 ], [ 76.263851835098748, 10.052712899748462 ], [ 76.259290989734552, 10.052712899748462 ], [ 76.259290989734552, 10.048221343873507 ], [ 76.263851835098748, 10.048221343873507 ] ] ] } },
{ "type": "Feature", "properties": { "cell_id": 1466, "lon": 76.266132257780853, "lat": 10.050467121810986 }, "geometry": { "type": "Polygon", "coordinates": [ [ [ 76.268412680462944, 10.048221343873507 ], [ 76.268412680462944, 10.052712899748462 ], [ 76.263851835098748, 10.052712899748462 ], [ 76.263851835098748, 10.048221343873507 ], [ 76.268412680462944, 10.048221343873507 ] ] ] } },
{ "type": "Feature", "properties": { "cell_id": 1467, "lon": 76.270693103145049, "lat": 10.050467121810986 }, "geometry": { "type": "Polygon", "coordinates": [ [ [ 76.27297352582714, 10.048221343873507 ], [ 76.27297352582714, 10.052712899748462 ], [ 76.268412680462944, 10.052712899748462 ], [ 76.268412680462944, 10.048221343873507 ], [ 76.27297352582714, 10.048221343873507 ] ] ] } },
{ "type": "Feature", "properties": { "cell_id": 1468, "lon": 76.275253948509246, "lat": 10.050467121810986 }, "geometry": { "type": "Polygon", "coordinates": [ [ [ 76.277534371191337, 10.048221343873507 ], [ 76.277534371191337, 10.052712899748462 ], [ 76.27297352582714, 10.052712899748462 ], [ 76.27297352582714, 10.048221343873507 ], [ 76.277534371191337, 10.048221343873507 ] ] ] } },
{ "type": "Feature", "properties": { "cell_id": 1469, "lon": 76.279814793873442, "lat": 10.050467121810986 }, "geometry": { "type": "Polygon", "coordinates": [ [ [ 76.282095216555533, 10.048221343873507 ], [ 76.282095216555533, 10.052712899748462 ], [ 76.277534371191337, 10.052712899748462 ], [ 76.277534371191337, 10.048221343873507 ], [ 76.282095216555533, 10.048221343873507 ] ] ] } },
{ "type": "Feature", "properties": { "cell_id": 1470, "lon": 76.284375639237638, "lat": 10.050467121810986 }, "geometry": { "type": "Polygon", "coordinates": [ [ [ 76.286656061919729, 10.048221343873507 ], [ 76.286656061919729, 10.052712899748462 ], [ 76.282095216555533, 10.052712899748462 ], [ 76.282095216555533, 10.048221343873507 ], [ 76.286656061919729, 10.048221343873507 ] ] ] } },
{ "type": "Feature", "properties": { "cell_id": 1471, "lon": 76.288936484601834, "lat": 10.050467121810986 }, "geometry": { "type": "Polygon", "coordinates": [ [ [ 76.291216907283925, 10.048221343873507 ], [ 76.291216907283925, 10.052712899748462 ], [ 76.286656061919729, 10.052712899748462 ], [ 76.286656061919729, 10.048221343873507 ], [ 76.291216907283925, 10.048221343873507 ] ] ] } },
{ "type": "Feature", "properties": { "cell_id": 1472, "lon": 76.29349732996603, "lat": 10.050467121810986 }, "geometry": { "type": "Polygon", "coordinates": [ [ [ 76.295777752648121, 10.048221343873507 ], [ 76.295777752648121, 10.052712899748462 ], [ 76.291216907283925, 10.052712899748462 ], [ 76.291216907283925, 10.048221343873507 ], [ 76.295777752648121, 10.048221343873507 ] ] ] } },
{ "type": "Feature", "properties": { "cell_id": 1473, "lon": 76.298058175330226, "lat": 10.050467121810986 }, "geometry": { "type": "Polygon", "coordinates": [ [ [ 76.300338598012317, 10.048221343873507 ], [ 76.300338598012317, 10.052712899748462 ], [ 76.295777752648121, 10.052712899748462 ], [ 76.295777752648121, 10.048221343873507 ], [ 76.300338598012317, 10.048221343873507 ] ] ] } },
{ "type": "Feature", "properties": { "cell_id": 1474, "lon": 76.302619020694422, "lat": 10.050467121810986 }, "geometry": { "type": "Polygon", "coordinates": [ [ [ 76.304899443376513, 10.048221343873507 ], [ 76.304899443376513, 10.052712899748462 ], [ 76.300338598012317, 10.052712899748462 ], [ 76.300338598012317, 10.048221343873507 ], [ 76.304899443376513, 10.048221343873507 ] ] ] } },
{ "type": "Feature", "properties": { "cell_id": 1475, "lon": 76.307179866058618, "lat": 10.050467121810986 }, "geometry": { "type": "Polygon", "coordinates": [ [ [ 76.309460288740709, 10.048221343873507 ], [ 76.309460288740709, 10.052712899748462 ], [ 76.304899443376513, 10.052712899748462 ], [ 76.304899443376513, 10.048221343873507 ], [ 76.309460288740709, 10.048221343873507 ] ] ] } },
{ "type": "Feature", "properties": { "cell_id": 1476, "lon": 76.311740711422814, "lat": 10.050467121810986 }, "geometry": { "type": "Polygon", "coordinates": [ [ [ 76.314021134104905, 10.048221343873507 ], [ 76.314021134104905, 10.052712899748462 ], [ 76.309460288740709, 10.052712899748462 ], [ 76.309460288740709, 10.048221343873507 ], [ 76.314021134104905, 10.048221343873507 ] ] ] } },
{ "type": "Feature", "properties": { "cell_id": 1477, "lon": 76.31630155678701, "lat": 10.050467121810986 }, "geometry": { "type": "Polygon", "coordinates": [ [ [ 76.318581979469101, 10.048221343873507 ], [ 76.318581979469101, 10.052712899748462 ], [ 76.314021134104905, 10.052712899748462 ], [ 76.314021134104905, 10.048221343873507 ], [ 76.318581979469101, 10.048221343873507 ] ] ] } },
{ "type": "Feature", "properties": { "cell_id": 1478, "lon": 76.320862402151207, "lat": 10.050467121810986 }, "geometry": { "type": "Polygon", "coordinates": [ [ [ 76.323142824833297, 10.048221343873507 ], [ 76.323142824833297, 10.052712899748462 ], [ 76.318581979469101, 10.052712899748462 ], [ 76.318581979469101, 10.048221343873507 ], [ 76.323142824833297, 10.048221343873507 ] ] ] } },
{ "type": "Feature", "properties": { "cell_id": 1479, "lon": 76.325423247515403, "lat": 10.050467121810986 }, "geometry": { "type": "Polygon", "coordinates": [ [ [ 76.327703670197494, 10.048221343873507 ], [ 76.327703670197494, 10.052712899748462 ], [ 76.323142824833297, 10.052712899748462 ], [ 76.323142824833297, 10.048221343873507 ], [ 76.327703670197494, 10.048221343873507 ] ] ] } },
{ "type": "Feature", "properties": { "cell_id": 1480, "lon": 76.329984092879599, "lat": 10.050467121810986 }, "geometry": { "type": "Polygon", "coordinates": [ [ [ 76.33226451556169, 10.048221343873507 ], [ 76.33226451556169, 10.052712899748462 ], [ 76.327703670197494, 10.052712899748462 ], [ 76.327703670197494, 10.048221343873507 ], [ 76.33226451556169, 10.048221343873507 ] ] ] } },
{ "type": "Feature", "properties": { "cell_id": 1481, "lon": 76.334544938243795, "lat": 10.050467121810986 }, "geometry": { "type": "Polygon", "coordinates": [ [ [ 76.336825360925886, 10.048221343873507 ], [ 76.336825360925886, 10.052712899748462 ], [ 76.33226451556169, 10.052712899748462 ], [ 76.33226451556169, 10.048221343873507 ], [ 76.336825360925886, 10.048221343873507 ] ] ] } },
{ "type": "Feature", "properties": { "cell_id": 1482, "lon": 76.339105783607991, "lat": 10.050467121810986 }, "geometry": { "type": "Polygon", "coordinates": [ [ [ 76.341386206290082, 10.048221343873507 ], [ 76.341386206290082, 10.052712899748462 ], [ 76.336825360925886, 10.052712899748462 ], [ 76.336825360925886, 10.048221343873507 ], [ 76.341386206290082, 10.048221343873507 ] ] ] } },
{ "type": "Feature", "properties": { "cell_id": 1483, "lon": 76.343666628972187, "lat": 10.050467121810986 }, "geometry": { "type": "Polygon", "coordinates": [ [ [ 76.345947051654278, 10.048221343873507 ], [ 76.345947051654278, 10.052712899748462 ], [ 76.341386206290082, 10.052712899748462 ], [ 76.341386206290082, 10.048221343873507 ], [ 76.345947051654278, 10.048221343873507 ] ] ] } },
{ "type": "Feature", "properties": { "cell_id": 1484, "lon": 76.348227474336383, "lat": 10.050467121810986 }, "geometry": { "type": "Polygon", "coordinates": [ [ [ 76.350507897018474, 10.048221343873507 ], [ 76.350507897018474, 10.052712899748462 ], [ 76.345947051654278, 10.052712899748462 ], [ 76.345947051654278, 10.048221343873507 ], [ 76.350507897018474, 10.048221343873507 ] ] ] } },
{ "type": "Feature", "properties": { "cell_id": 1485, "lon": 76.352788319700579, "lat": 10.050467121810986 }, "geometry": { "type": "Polygon", "coordinates": [ [ [ 76.35506874238267, 10.048221343873507 ], [ 76.35506874238267, 10.052712899748462 ], [ 76.350507897018474, 10.052712899748462 ], [ 76.350507897018474, 10.048221343873507 ], [ 76.35506874238267, 10.048221343873507 ] ] ] } },
{ "type": "Feature", "properties": { "cell_id": 1486, "lon": 76.357349165064775, "lat": 10.050467121810986 }, "geometry": { "type": "Polygon", "coordinates": [ [ [ 76.359629587746866, 10.048221343873507 ], [ 76.359629587746866, 10.052712899748462 ], [ 76.35506874238267, 10.052712899748462 ], [ 76.35506874238267, 10.048221343873507 ], [ 76.359629587746866, 10.048221343873507 ] ] ] } },
{ "type": "Feature", "properties": { "cell_id": 1487, "lon": 76.361910010428971, "lat": 10.050467121810986 }, "geometry": { "type": "Polygon", "coordinates": [ [ [ 76.364190433111062, 10.048221343873507 ], [ 76.364190433111062, 10.052712899748462 ], [ 76.359629587746866, 10.052712899748462 ], [ 76.359629587746866, 10.048221343873507 ], [ 76.364190433111062, 10.048221343873507 ] ] ] } },
{ "type": "Feature", "properties": { "cell_id": 1488, "lon": 76.366470855793168, "lat": 10.050467121810986 }, "geometry": { "type": "Polygon", "coordinates": [ [ [ 76.368751278475258, 10.048221343873507 ], [ 76.368751278475258, 10.052712899748462 ], [ 76.364190433111062, 10.052712899748462 ], [ 76.364190433111062, 10.048221343873507 ], [ 76.368751278475258, 10.048221343873507 ] ] ] } },
{ "type": "Feature", "properties": { "cell_id": 1489, "lon": 76.371031701157364, "lat": 10.050467121810986 }, "geometry": { "type": "Polygon", "coordinates": [ [ [ 76.373312123839455, 10.048221343873507 ], [ 76.373312123839455, 10.052712899748462 ], [ 76.368751278475258, 10.052712899748462 ], [ 76.368751278475258, 10.048221343873507 ], [ 76.373312123839455, 10.048221343873507 ] ] ] } },
{ "type": "Feature", "properties": { "cell_id": 1490, "lon": 76.37559254652156, "lat": 10.050467121810986 }, "geometry": { "type": "Polygon", "coordinates": [ [ [ 76.377872969203651, 10.048221343873507 ], [ 76.377872969203651, 10.052712899748462 ], [ 76.373312123839455, 10.052712899748462 ], [ 76.373312123839455, 10.048221343873507 ], [ 76.377872969203651, 10.048221343873507 ] ] ] } },
{ "type": "Feature", "properties": { "cell_id": 1491, "lon": 76.380153391885756, "lat": 10.050467121810986 }, "geometry": { "type": "Polygon", "coordinates": [ [ [ 76.382433814567847, 10.048221343873507 ], [ 76.382433814567847, 10.052712899748462 ], [ 76.377872969203651, 10.052712899748462 ], [ 76.377872969203651, 10.048221343873507 ], [ 76.382433814567847, 10.048221343873507 ] ] ] } },
{ "type": "Feature", "properties": { "cell_id": 1492, "lon": 76.384714237249952, "lat": 10.050467121810986 }, "geometry": { "type": "Polygon", "coordinates": [ [ [ 76.386994659932043, 10.048221343873507 ], [ 76.386994659932043, 10.052712899748462 ], [ 76.382433814567847, 10.052712899748462 ], [ 76.382433814567847, 10.048221343873507 ], [ 76.386994659932043, 10.048221343873507 ] ] ] } },
{ "type": "Feature", "properties": { "cell_id": 1493, "lon": 76.389275082614148, "lat": 10.050467121810986 }, "geometry": { "type": "Polygon", "coordinates": [ [ [ 76.391555505296239, 10.048221343873507 ], [ 76.391555505296239, 10.052712899748462 ], [ 76.386994659932043, 10.052712899748462 ], [ 76.386994659932043, 10.048221343873507 ], [ 76.391555505296239, 10.048221343873507 ] ] ] } },
{ "type": "Feature", "properties": { "cell_id": 1494, "lon": 76.393835927978344, "lat": 10.050467121810986 }, "geometry": { "type": "Polygon", "coordinates": [ [ [ 76.396116350660435, 10.048221343873507 ], [ 76.396116350660435, 10.052712899748462 ], [ 76.391555505296239, 10.052712899748462 ], [ 76.391555505296239, 10.048221343873507 ], [ 76.396116350660435, 10.048221343873507 ] ] ] } },
{ "type": "Feature", "properties": { "cell_id": 1495, "lon": 76.39839677334254, "lat": 10.050467121810986 }, "geometry": { "type": "Polygon", "coordinates": [ [ [ 76.400677196024631, 10.048221343873507 ], [ 76.400677196024631, 10.052712899748462 ], [ 76.396116350660435, 10.052712899748462 ], [ 76.396116350660435, 10.048221343873507 ], [ 76.400677196024631, 10.048221343873507 ] ] ] } },
{ "type": "Feature", "properties": { "cell_id": 1496, "lon": 76.202280422682108, "lat": 10.05495867768594 }, "geometry": { "type": "Polygon", "coordinates": [ [ [ 76.204560845364199, 10.052712899748462 ], [ 76.204560845364199, 10.057204455623417 ], [ 76.2, 10.057204455623417 ], [ 76.2, 10.052712899748462 ], [ 76.204560845364199, 10.052712899748462 ] ] ] } },
{ "type": "Feature", "properties": { "cell_id": 1497, "lon": 76.206841268046304, "lat": 10.05495867768594 }, "geometry": { "type": "Polygon", "coordinates": [ [ [ 76.209121690728395, 10.052712899748462 ], [ 76.209121690728395, 10.057204455623417 ], [ 76.204560845364199, 10.057204455623417 ], [ 76.204560845364199, 10.052712899748462 ], [ 76.209121690728395, 10.052712899748462 ] ] ] } },
{ "type": "Feature", "properties": { "cell_id": 1498, "lon": 76.2114021134105, "lat": 10.05495867768594 }, "geometry": { "type": "Polygon", "coordinates": [ [ [ 76.213682536092591, 10.052712899748462 ], [ 76.213682536092591, 10.057204455623417 ], [ 76.209121690728395, 10.057204455623417 ], [ 76.209121690728395, 10.052712899748462 ], [ 76.213682536092591, 10.052712899748462 ] ] ] } },
{ "type": "Feature", "properties": { "cell_id": 1499, "lon": 76.215962958774696, "lat": 10.05495867768594 }, "geometry": { "type": "Polygon", "coordinates": [ [ [ 76.218243381456787, 10.052712899748462 ], [ 76.218243381456787, 10.057204455623417 ], [ 76.213682536092591, 10.057204455623417 ], [ 76.213682536092591, 10.052712899748462 ], [ 76.218243381456787, 10.052712899748462 ] ] ] } },
{ "type": "Feature", "properties": { "cell_id": 1500, "lon": 76.220523804138892, "lat": 10.05495867768594 }, "geometry": { "type": "Polygon", "coordinates": [ [ [ 76.222804226820983, 10.052712899748462 ], [ 76.222804226820983, 10.057204455623417 ], [ 76.218243381456787, 10.057204455623417 ], [ 76.218243381456787, 10.052712899748462 ], [ 76.222804226820983, 10.052712899748462 ] ] ] } },
{ "type": "Feature", "properties": { "cell_id": 1501, "lon": 76.225084649503088, "lat": 10.05495867768594 }, "geometry": { "type": "Polygon", "coordinates": [ [ [ 76.227365072185179, 10.052712899748462 ], [ 76.227365072185179, 10.057204455623417 ], [ 76.222804226820983, 10.057204455623417 ], [ 76.222804226820983, 10.052712899748462 ], [ 76.227365072185179, 10.052712899748462 ] ] ] } },
{ "type": "Feature", "properties": { "cell_id": 1502, "lon": 76.229645494867285, "lat": 10.05495867768594 }, "geometry": { "type": "Polygon", "coordinates": [ [ [ 76.231925917549376, 10.052712899748462 ], [ 76.231925917549376, 10.057204455623417 ], [ 76.227365072185179, 10.057204455623417 ], [ 76.227365072185179, 10.052712899748462 ], [ 76.231925917549376, 10.052712899748462 ] ] ] } },
{ "type": "Feature", "properties": { "cell_id": 1503, "lon": 76.234206340231481, "lat": 10.05495867768594 }, "geometry": { "type": "Polygon", "coordinates": [ [ [ 76.236486762913572, 10.052712899748462 ], [ 76.236486762913572, 10.057204455623417 ], [ 76.231925917549376, 10.057204455623417 ], [ 76.231925917549376, 10.052712899748462 ], [ 76.236486762913572, 10.052712899748462 ] ] ] } },
{ "type": "Feature", "properties": { "cell_id": 1504, "lon": 76.238767185595677, "lat": 10.05495867768594 }, "geometry": { "type": "Polygon", "coordinates": [ [ [ 76.241047608277768, 10.052712899748462 ], [ 76.241047608277768, 10.057204455623417 ], [ 76.236486762913572, 10.057204455623417 ], [ 76.236486762913572, 10.052712899748462 ], [ 76.241047608277768, 10.052712899748462 ] ] ] } },
{ "type": "Feature", "properties": { "cell_id": 1505, "lon": 76.243328030959873, "lat": 10.05495867768594 }, "geometry": { "type": "Polygon", "coordinates": [ [ [ 76.245608453641964, 10.052712899748462 ], [ 76.245608453641964, 10.057204455623417 ], [ 76.241047608277768, 10.057204455623417 ], [ 76.241047608277768, 10.052712899748462 ], [ 76.245608453641964, 10.052712899748462 ] ] ] } },
{ "type": "Feature", "properties": { "cell_id": 1506, "lon": 76.247888876324069, "lat": 10.05495867768594 }, "geometry": { "type": "Polygon", "coordinates": [ [ [ 76.25016929900616, 10.052712899748462 ], [ 76.25016929900616, 10.057204455623417 ], [ 76.245608453641964, 10.057204455623417 ], [ 76.245608453641964, 10.052712899748462 ], [ 76.25016929900616, 10.052712899748462 ] ] ] } },
{ "type": "Feature", "properties": { "cell_id": 1507, "lon": 76.252449721688265, "lat": 10.05495867768594 }, "geometry": { "type": "Polygon", "coordinates": [ [ [ 76.254730144370356, 10.052712899748462 ], [ 76.254730144370356, 10.057204455623417 ], [ 76.25016929900616, 10.057204455623417 ], [ 76.25016929900616, 10.052712899748462 ], [ 76.254730144370356, 10.052712899748462 ] ] ] } },
{ "type": "Feature", "properties": { "cell_id": 1508, "lon": 76.257010567052461, "lat": 10.05495867768594 }, "geometry": { "type": "Polygon", "coordinates": [ [ [ 76.259290989734552, 10.052712899748462 ], [ 76.259290989734552, 10.057204455623417 ], [ 76.254730144370356, 10.057204455623417 ], [ 76.254730144370356, 10.052712899748462 ], [ 76.259290989734552, 10.052712899748462 ] ] ] } },
{ "type": "Feature", "properties": { "cell_id": 1509, "lon": 76.261571412416657, "lat": 10.05495867768594 }, "geometry": { "type": "Polygon", "coordinates": [ [ [ 76.263851835098748, 10.052712899748462 ], [ 76.263851835098748, 10.057204455623417 ], [ 76.259290989734552, 10.057204455623417 ], [ 76.259290989734552, 10.052712899748462 ], [ 76.263851835098748, 10.052712899748462 ] ] ] } },
{ "type": "Feature", "properties": { "cell_id": 1510, "lon": 76.266132257780853, "lat": 10.05495867768594 }, "geometry": { "type": "Polygon", "coordinates": [ [ [ 76.268412680462944, 10.052712899748462 ], [ 76.268412680462944, 10.057204455623417 ], [ 76.263851835098748, 10.057204455623417 ], [ 76.263851835098748, 10.052712899748462 ], [ 76.268412680462944, 10.052712899748462 ] ] ] } },
{ "type": "Feature", "properties": { "cell_id": 1511, "lon": 76.270693103145049, "lat": 10.05495867768594 }, "geometry": { "type": "Polygon", "coordinates": [ [ [ 76.27297352582714, 10.052712899748462 ], [ 76.27297352582714, 10.057204455623417 ], [ 76.268412680462944, 10.057204455623417 ], [ 76.268412680462944, 10.052712899748462 ], [ 76.27297352582714, 10.052712899748462 ] ] ] } },
{ "type": "Feature", "properties": { "cell_id": 1512, "lon": 76.275253948509246, "lat": 10.05495867768594 }, "geometry": { "type": "Polygon", "coordinates": [ [ [ 76.277534371191337, 10.052712899748462 ], [ 76.277534371191337, 10.057204455623417 ], [ 76.27297352582714, 10.057204455623417 ], [ 76.27297352582714, 10.052712899748462 ], [ 76.277534371191337, 10.052712899748462 ] ] ] } },
{ "type": "Feature", "properties": { "cell_id": 1513, "lon": 76.279814793873442, "lat": 10.05495867768594 }, "geometry": { "type": "Polygon", "coordinates": [ [ [ 76.282095216555533, 10.052712899748462 ], [ 76.282095216555533, 10.057204455623417 ], [ 76.277534371191337, 10.057204455623417 ], [ 76.277534371191337, 10.052712899748462 ], [ 76.282095216555533, 10.052712899748462 ] ] ] } },
{ "type": "Feature", "properties": { "cell_id": 1514, "lon": 76.284375639237638, "lat": 10.05495867768594 }, "geometry": { "type": "Polygon", "coordinates": [ [ [ 76.286656061919729, 10.052712899748462 ], [ 76.286656061919729, 10.057204455623417 ], [ 76.282095216555533, 10.057204455623417 ], [ 76.282095216555533, 10.052712899748462 ], [ 76.286656061919729, 10.052712899748462 ] ] ] } },
{ "type": "Feature", "properties": { "cell_id": 1515, "lon": 76.288936484601834, "lat": 10.05495867768594 }, "geometry": { "type": "Polygon", "coordinates": [ [ [ 76.291216907283925, 10.052712899748462 ], [ 76.291216907283925, 10.057204455623417 ], [ 76.286656061919729, 10.057204455623417 ], [ 76.286656061919729, 10.052712899748462 ], [ 76.291216907283925, 10.052712899748462 ] ] ] } },
{ "type": "Feature", "properties": { "cell_id": 1516, "lon": 76.29349732996603, "lat": 10.05495867768594 }, "geometry": { "type": "Polygon", "coordinates": [ [ [ 76.295777752648121, 10.052712899748462 ], [ 76.295777752648121, 10.057204455623417 ], [ 76.291216907283925, 10.057204455623417 ], [ 76.291216907283925, 10.052712899748462 ], [ 76.295777752648121, 10.052712899748462 ] ] ] } },
{ "type": "Feature", "properties": { "cell_id": 1517, "lon": 76.298058175330226, "lat": 10.05495867768594 }, "geometry": { "type": "Polygon", "coordinates": [ [ [ 76.300338598012317, 10.052712899748462 ], [ 76.300338598012317, 10.057204455623417 ], [ 76.295777752648121, 10.057204455623417 ], [ 76.295777752648121, 10.052712899748462 ], [ 76.300338598012317, 10.052712899748462 ] ] ] } },
{ "type": "Feature", "properties": { "cell_id": 1518, "lon": 76.302619020694422, "lat": 10.05495867768594 }, "geometry": { "type": "Polygon", "coordinates": [ [ [ 76.304899443376513, 10.052712899748462 ], [ 76.304899443376513, 10.057204455623417 ], [ 76.300338598012317, 10.057204455623417 ], [ 76.300338598012317, 10.052712899748462 ], [ 76.304899443376513, 10.052712899748462 ] ] ] } },
{ "type": "Feature", "properties": { "cell_id": 1519, "lon": 76.307179866058618, "lat": 10.05495867768594 }, "geometry": { "type": "Polygon", "coordinates": [ [ [ 76.309460288740709, 10.052712899748462 ], [ 76.309460288740709, 10.057204455623417 ], [ 76.304899443376513, 10.057204455623417 ], [ 76.304899443376513, 10.052712899748462 ], [ 76.309460288740709, 10.052712899748462 ] ] ] } },
{ "type": "Feature", "properties": { "cell_id": 1520, "lon": 76.311740711422814, "lat": 10.05495867768594 }, "geometry": { "type": "Polygon", "coordinates": [ [ [ 76.314021134104905, 10.052712899748462 ], [ 76.314021134104905, 10.057204455623417 ], [ 76.309460288740709, 10.057204455623417 ], [ 76.309460288740709, 10.052712899748462 ], [ 76.314021134104905, 10.052712899748462 ] ] ] } },
{ "type": "Feature", "properties": { "cell_id": 1521, "lon": 76.31630155678701, "lat": 10.05495867768594 }, "geometry": { "type": "Polygon", "coordinates": [ [ [ 76.318581979469101, 10.052712899748462 ], [ 76.318581979469101, 10.057204455623417 ], [ 76.314021134104905, 10.057204455623417 ], [ 76.314021134104905, 10.052712899748462 ], [ 76.318581979469101, 10.052712899748462 ] ] ] } },
{ "type": "Feature", "properties": { "cell_id": 1522, "lon": 76.320862402151207, "lat": 10.05495867768594 }, "geometry": { "type": "Polygon", "coordinates": [ [ [ 76.323142824833297, 10.052712899748462 ], [ 76.323142824833297, 10.057204455623417 ], [ 76.318581979469101, 10.057204455623417 ], [ 76.318581979469101, 10.052712899748462 ], [ 76.323142824833297, 10.052712899748462 ] ] ] } },
{ "type": "Feature", "properties": { "cell_id": 1523, "lon": 76.325423247515403, "lat": 10.05495867768594 }, "geometry": { "type": "Polygon", "coordinates": [ [ [ 76.327703670197494, 10.052712899748462 ], [ 76.327703670197494, 10.057204455623417 ], [ 76.323142824833297, 10.057204455623417 ], [ 76.323142824833297, 10.052712899748462 ], [ 76.327703670197494, 10.052712899748462 ] ] ] } },
{ "type": "Feature", "properties": { "cell_id": 1524, "lon": 76.329984092879599, "lat": 10.05495867768594 }, "geometry": { "type": "Polygon", "coordinates": [ [ [ 76.33226451556169, 10.052712899748462 ], [ 76.33226451556169, 10.057204455623417 ], [ 76.327703670197494, 10.057204455623417 ], [ 76.327703670197494, 10.052712899748462 ], [ 76.33226451556169, 10.052712899748462 ] ] ] } },
{ "type": "Feature", "properties": { "cell_id": 1525, "lon": 76.334544938243795, "lat": 10.05495867768594 }, "geometry": { "type": "Polygon", "coordinates": [ [ [ 76.336825360925886, 10.052712899748462 ], [ 76.336825360925886, 10.057204455623417 ], [ 76.33226451556169, 10.057204455623417 ], [ 76.33226451556169, 10.052712899748462 ], [ 76.336825360925886, 10.052712899748462 ] ] ] } },
{ "type": "Feature", "properties": { "cell_id": 1526, "lon": 76.339105783607991, "lat": 10.05495867768594 }, "geometry": { "type": "Polygon", "coordinates": [ [ [ 76.341386206290082, 10.052712899748462 ], [ 76.341386206290082, 10.057204455623417 ], [ 76.336825360925886, 10.057204455623417 ], [ 76.336825360925886, 10.052712899748462 ], [ 76.341386206290082, 10.052712899748462 ] ] ] } },
{ "type": "Feature", "properties": { "cell_id": 1527, "lon": 76.343666628972187, "lat": 10.05495867768594 }, "geometry": { "type": "Polygon", "coordinates": [ [ [ 76.345947051654278, 10.052712899748462 ], [ 76.345947051654278, 10.057204455623417 ], [ 76.341386206290082, 10.057204455623417 ], [ 76.341386206290082, 10.052712899748462 ], [ 76.345947051654278, 10.052712899748462 ] ] ] } },
{ "type": "Feature", "properties": { "cell_id": 1528, "lon": 76.348227474336383, "lat": 10.05495867768594 }, "geometry": { "type": "Polygon", "coordinates": [ [ [ 76.350507897018474, 10.052712899748462 ], [ 76.350507897018474, 10.057204455623417 ], [ 76.345947051654278, 10.057204455623417 ], [ 76.345947051654278, 10.052712899748462 ], [ 76.350507897018474, 10.052712899748462 ] ] ] } },
{ "type": "Feature", "properties": { "cell_id": 1529, "lon": 76.352788319700579, "lat": 10.05495867768594 }, "geometry": { "type": "Polygon", "coordinates": [ [ [ 76.35506874238267, 10.052712899748462 ], [ 76.35506874238267, 10.057204455623417 ], [ 76.350507897018474, 10.057204455623417 ], [ 76.350507897018474, 10.052712899748462 ], [ 76.35506874238267, 10.052712899748462 ] ] ] } },
{ "type": "Feature", "properties": { "cell_id": 1530, "lon": 76.357349165064775, "lat": 10.05495867768594 }, "geometry": { "type": "Polygon", "coordinates": [ [ [ 76.359629587746866, 10.052712899748462 ], [ 76.359629587746866, 10.057204455623417 ], [ 76.35506874238267, 10.057204455623417 ], [ 76.35506874238267, 10.052712899748462 ], [ 76.359629587746866, 10.052712899748462 ] ] ] } },
{ "type": "Feature", "properties": { "cell_id": 1531, "lon": 76.361910010428971, "lat": 10.05495867768594 }, "geometry": { "type": "Polygon", "coordinates": [ [ [ 76.364190433111062, 10.052712899748462 ], [ 76.364190433111062, 10.057204455623417 ], [ 76.359629587746866, 10.057204455623417 ], [ 76.359629587746866, 10.052712899748462 ], [ 76.364190433111062, 10.052712899748462 ] ] ] } },
{ "type": "Feature", "properties": { "cell_id": 1532, "lon": 76.366470855793168, "lat": 10.05495867768594 }, "geometry": { "type": "Polygon", "coordinates": [ [ [ 76.368751278475258, 10.052712899748462 ], [ 76.368751278475258, 10.057204455623417 ], [ 76.364190433111062, 10.057204455623417 ], [ 76.364190433111062, 10.052712899748462 ], [ 76.368751278475258, 10.052712899748462 ] ] ] } },
{ "type": "Feature", "properties": { "cell_id": 1533, "lon": 76.371031701157364, "lat": 10.05495867768594 }, "geometry": { "type": "Polygon", "coordinates": [ [ [ 76.373312123839455, 10.052712899748462 ], [ 76.373312123839455, 10.057204455623417 ], [ 76.368751278475258, 10.057204455623417 ], [ 76.368751278475258, 10.052712899748462 ], [ 76.373312123839455, 10.052712899748462 ] ] ] } },
{ "type": "Feature", "properties": { "cell_id": 1534, "lon": 76.37559254652156, "lat": 10.05495867768594 }, "geometry": { "type": "Polygon", "coordinates": [ [ [ 76.377872969203651, 10.052712899748462 ], [ 76.377872969203651, 10.057204455623417 ], [ 76.373312123839455, 10.057204455623417 ], [ 76.373312123839455, 10.052712899748462 ], [ 76.377872969203651, 10.052712899748462 ] ] ] } },
{ "type": "Feature", "properties": { "cell_id": 1535, "lon": 76.380153391885756, "lat": 10.05495867768594 }, "geometry": { "type": "Polygon", "coordinates": [ [ [ 76.382433814567847, 10.052712899748462 ], [ 76.382433814567847, 10.057204455623417 ], [ 76.377872969203651, 10.057204455623417 ], [ 76.377872969203651, 10.052712899748462 ], [ 76.382433814567847, 10.052712899748462 ] ] ] } },
{ "type": "Feature", "properties": { "cell_id": 1536, "lon": 76.384714237249952, "lat": 10.05495867768594 }, "geometry": { "type": "Polygon", "coordinates": [ [ [ 76.386994659932043, 10.052712899748462 ], [ 76.386994659932043, 10.057204455623417 ], [ 76.382433814567847, 10.057204455623417 ], [ 76.382433814567847, 10.052712899748462 ], [ 76.386994659932043, 10.052712899748462 ] ] ] } },
{ "type": "Feature", "properties": { "cell_id": 1537, "lon": 76.389275082614148, "lat": 10.05495867768594 }, "geometry": { "type": "Polygon", "coordinates": [ [ [ 76.391555505296239, 10.052712899748462 ], [ 76.391555505296239, 10.057204455623417 ], [ 76.386994659932043, 10.057204455623417 ], [ 76.386994659932043, 10.052712899748462 ], [ 76.391555505296239, 10.052712899748462 ] ] ] } },
{ "type": "Feature", "properties": { "cell_id": 1538, "lon": 76.393835927978344, "lat": 10.05495867768594 }, "geometry": { "type": "Polygon", "coordinates": [ [ [ 76.396116350660435, 10.052712899748462 ], [ 76.396116350660435, 10.057204455623417 ], [ 76.391555505296239, 10.057204455623417 ], [ 76.391555505296239, 10.052712899748462 ], [ 76.396116350660435, 10.052712899748462 ] ] ] } },
{ "type": "Feature", "properties": { "cell_id": 1539, "lon": 76.39839677334254, "lat": 10.05495867768594 }, "geometry": { "type": "Polygon", "coordinates": [ [ [ 76.400677196024631, 10.052712899748462 ], [ 76.400677196024631, 10.057204455623417 ], [ 76.396116350660435, 10.057204455623417 ], [ 76.396116350660435, 10.052712899748462 ], [ 76.400677196024631, 10.052712899748462 ] ] ] } },
{ "type": "Feature", "properties": { "cell_id": 1540, "lon": 76.202280422682108, "lat": 10.059450233560895 }, "geometry": { "type": "Polygon", "coordinates": [ [ [ 76.204560845364199, 10.057204455623417 ], [ 76.204560845364199, 10.061696011498372 ], [ 76.2, 10.061696011498372 ], [ 76.2, 10.057204455623417 ], [ 76.204560845364199, 10.057204455623417 ] ] ] } },
{ "type": "Feature", "properties": { "cell_id": 1541, "lon": 76.206841268046304, "lat": 10.059450233560895 }, "geometry": { "type": "Polygon", "coordinates": [ [ [ 76.209121690728395, 10.057204455623417 ], [ 76.209121690728395, 10.061696011498372 ], [ 76.204560845364199, 10.061696011498372 ], [ 76.204560845364199, 10.057204455623417 ], [ 76.209121690728395, 10.057204455623417 ] ] ] } },
{ "type": "Feature", "properties": { "cell_id": 1542, "lon": 76.2114021134105, "lat": 10.059450233560895 }, "geometry": { "type": "Polygon", "coordinates": [ [ [ 76.213682536092591, 10.057204455623417 ], [ 76.213682536092591, 10.061696011498372 ], [ 76.209121690728395, 10.061696011498372 ], [ 76.209121690728395, 10.057204455623417 ], [ 76.213682536092591, 10.057204455623417 ] ] ] } },
{ "type": "Feature", "properties": { "cell_id": 1543, "lon": 76.215962958774696, "lat": 10.059450233560895 }, "geometry": { "type": "Polygon", "coordinates": [ [ [ 76.218243381456787, 10.057204455623417 ], [ 76.218243381456787, 10.061696011498372 ], [ 76.213682536092591, 10.061696011498372 ], [ 76.213682536092591, 10.057204455623417 ], [ 76.218243381456787, 10.057204455623417 ] ] ] } },
{ "type": "Feature", "properties": { "cell_id": 1544, "lon": 76.220523804138892, "lat": 10.059450233560895 }, "geometry": { "type": "Polygon", "coordinates": [ [ [ 76.222804226820983, 10.057204455623417 ], [ 76.222804226820983, 10.061696011498372 ], [ 76.218243381456787, 10.061696011498372 ], [ 76.218243381456787, 10.057204455623417 ], [ 76.222804226820983, 10.057204455623417 ] ] ] } },
{ "type": "Feature", "properties": { "cell_id": 1545, "lon": 76.225084649503088, "lat": 10.059450233560895 }, "geometry": { "type": "Polygon", "coordinates": [ [ [ 76.227365072185179, 10.057204455623417 ], [ 76.227365072185179, 10.061696011498372 ], [ 76.222804226820983, 10.061696011498372 ], [ 76.222804226820983, 10.057204455623417 ], [ 76.227365072185179, 10.057204455623417 ] ] ] } },
{ "type": "Feature", "properties": { "cell_id": 1546, "lon": 76.229645494867285, "lat": 10.059450233560895 }, "geometry": { "type": "Polygon", "coordinates": [ [ [ 76.231925917549376, 10.057204455623417 ], [ 76.231925917549376, 10.061696011498372 ], [ 76.227365072185179, 10.061696011498372 ], [ 76.227365072185179, 10.057204455623417 ], [ 76.231925917549376, 10.057204455623417 ] ] ] } },
{ "type": "Feature", "properties": { "cell_id": 1547, "lon": 76.234206340231481, "lat": 10.059450233560895 }, "geometry": { "type": "Polygon", "coordinates": [ [ [ 76.236486762913572, 10.057204455623417 ], [ 76.236486762913572, 10.061696011498372 ], [ 76.231925917549376, 10.061696011498372 ], [ 76.231925917549376, 10.057204455623417 ], [ 76.236486762913572, 10.057204455623417 ] ] ] } },
{ "type": "Feature", "properties": { "cell_id": 1548, "lon": 76.238767185595677, "lat": 10.059450233560895 }, "geometry": { "type": "Polygon", "coordinates": [ [ [ 76.241047608277768, 10.057204455623417 ], [ 76.241047608277768, 10.061696011498372 ], [ 76.236486762913572, 10.061696011498372 ], [ 76.236486762913572, 10.057204455623417 ], [ 76.241047608277768, 10.057204455623417 ] ] ] } },
{ "type": "Feature", "properties": { "cell_id": 1549, "lon": 76.243328030959873, "lat": 10.059450233560895 }, "geometry": { "type": "Polygon", "coordinates": [ [ [ 76.245608453641964, 10.057204455623417 ], [ 76.245608453641964, 10.061696011498372 ], [ 76.241047608277768, 10.061696011498372 ], [ 76.241047608277768, 10.057204455623417 ], [ 76.245608453641964, 10.057204455623417 ] ] ] } },
{ "type": "Feature", "properties": { "cell_id": 1550, "lon": 76.247888876324069, "lat": 10.059450233560895 }, "geometry": { "type": "Polygon", "coordinates": [ [ [ 76.25016929900616, 10.057204455623417 ], [ 76.25016929900616, 10.061696011498372 ], [ 76.245608453641964, 10.061696011498372 ], [ 76.245608453641964, 10.057204455623417 ], [ 76.25016929900616, 10.057204455623417 ] ] ] } },
{ "type": "Feature", "properties": { "cell_id": 1551, "lon": 76.252449721688265, "lat": 10.059450233560895 }, "geometry": { "type": "Polygon", "coordinates": [ [ [ 76.254730144370356, 10.057204455623417 ], [ 76.254730144370356, 10.061696011498372 ], [ 76.25016929900616, 10.061696011498372 ], [ 76.25016929900616, 10.057204455623417 ], [ 76.254730144370356, 10.057204455623417 ] ] ] } },
{ "type": "Feature", "properties": { "cell_id": 1552, "lon": 76.257010567052461, "lat": 10.059450233560895 }, "geometry": { "type": "Polygon", "coordinates": [ [ [ 76.259290989734552, 10.057204455623417 ], [ 76.259290989734552, 10.061696011498372 ], [ 76.254730144370356, 10.061696011498372 ], [ 76.254730144370356, 10.057204455623417 ], [ 76.259290989734552, 10.057204455623417 ] ] ] } },
{ "type": "Feature", "properties": { "cell_id": 1553, "lon": 76.261571412416657, "lat": 10.059450233560895 }, "geometry": { "type": "Polygon", "coordinates": [ [ [ 76.263851835098748, 10.057204455623417 ], [ 76.263851835098748, 10.061696011498372 ], [ 76.259290989734552, 10.061696011498372 ], [ 76.259290989734552, 10.057204455623417 ], [ 76.263851835098748, 10.057204455623417 ] ] ] } },
{ "type": "Feature", "properties": { "cell_id": 1554, "lon": 76.266132257780853, "lat": 10.059450233560895 }, "geometry": { "type": "Polygon", "coordinates": [ [ [ 76.268412680462944, 10.057204455623417 ], [ 76.268412680462944, 10.061696011498372 ], [ 76.263851835098748, 10.061696011498372 ], [ 76.263851835098748, 10.057204455623417 ], [ 76.268412680462944, 10.057204455623417 ] ] ] } },
{ "type": "Feature", "properties": { "cell_id": 1555, "lon": 76.270693103145049, "lat": 10.059450233560895 }, "geometry": { "type": "Polygon", "coordinates": [ [ [ 76.27297352582714, 10.057204455623417 ], [ 76.27297352582714, 10.061696011498372 ], [ 76.268412680462944, 10.061696011498372 ], [ 76.268412680462944, 10.057204455623417 ], [ 76.27297352582714, 10.057204455623417 ] ] ] } },
{ "type": "Feature", "properties": { "cell_id": 1556, "lon": 76.275253948509246, "lat": 10.059450233560895 }, "geometry": { "type": "Polygon", "coordinates": [ [ [ 76.277534371191337, 10.057204455623417 ], [ 76.277534371191337, 10.061696011498372 ], [ 76.27297352582714, 10.061696011498372 ], [ 76.27297352582714, 10.057204455623417 ], [ 76.277534371191337, 10.057204455623417 ] ] ] } },
{ "type": "Feature", "properties": { "cell_id": 1557, "lon": 76.279814793873442, "lat": 10.059450233560895 }, "geometry": { "type": "Polygon", "coordinates": [ [ [ 76.282095216555533, 10.057204455623417 ], [ 76.282095216555533, 10.061696011498372 ], [ 76.277534371191337, 10.061696011498372 ], [ 76.277534371191337, 10.057204455623417 ], [ 76.282095216555533, 10.057204455623417 ] ] ] } },
{ "type": "Feature", "properties": { "cell_id": 1558, "lon": 76.284375639237638, "lat": 10.059450233560895 }, "geometry": { "type": "Polygon", "coordinates": [ [ [ 76.286656061919729, 10.057204455623417 ], [ 76.286656061919729, 10.061696011498372 ], [ 76.282095216555533, 10.061696011498372 ], [ 76.282095216555533, 10.057204455623417 ], [ 76.286656061919729, 10.057204455623417 ] ] ] } },
{ "type": "Feature", "properties": { "cell_id": 1559, "lon": 76.288936484601834, "lat": 10.059450233560895 }, "geometry": { "type": "Polygon", "coordinates": [ [ [ 76.291216907283925, 10.057204455623417 ], [ 76.291216907283925, 10.061696011498372 ], [ 76.286656061919729, 10.061696011498372 ], [ 76.286656061919729, 10.057204455623417 ], [ 76.291216907283925, 10.057204455623417 ] ] ] } },
{ "type": "Feature", "properties": { "cell_id": 1560, "lon": 76.29349732996603, "lat": 10.059450233560895 }, "geometry": { "type": "Polygon", "coordinates": [ [ [ 76.295777752648121, 10.057204455623417 ], [ 76.295777752648121, 10.061696011498372 ], [ 76.291216907283925, 10.061696011498372 ], [ 76.291216907283925, 10.057204455623417 ], [ 76.295777752648121, 10.057204455623417 ] ] ] } },
{ "type": "Feature", "properties": { "cell_id": 1561, "lon": 76.298058175330226, "lat": 10.059450233560895 }, "geometry": { "type": "Polygon", "coordinates": [ [ [ 76.300338598012317, 10.057204455623417 ], [ 76.300338598012317, 10.061696011498372 ], [ 76.295777752648121, 10.061696011498372 ], [ 76.295777752648121, 10.057204455623417 ], [ 76.300338598012317, 10.057204455623417 ] ] ] } },
{ "type": "Feature", "properties": { "cell_id": 1562, "lon": 76.302619020694422, "lat": 10.059450233560895 }, "geometry": { "type": "Polygon", "coordinates": [ [ [ 76.304899443376513, 10.057204455623417 ], [ 76.304899443376513, 10.061696011498372 ], [ 76.300338598012317, 10.061696011498372 ], [ 76.300338598012317, 10.057204455623417 ], [ 76.304899443376513, 10.057204455623417 ] ] ] } },
{ "type": "Feature", "properties": { "cell_id": 1563, "lon": 76.307179866058618, "lat": 10.059450233560895 }, "geometry": { "type": "Polygon", "coordinates": [ [ [ 76.309460288740709, 10.057204455623417 ], [ 76.309460288740709, 10.061696011498372 ], [ 76.304899443376513, 10.061696011498372 ], [ 76.304899443376513, 10.057204455623417 ], [ 76.309460288740709, 10.057204455623417 ] ] ] } },
{ "type": "Feature", "properties": { "cell_id": 1564, "lon": 76.311740711422814, "lat": 10.059450233560895 }, "geometry": { "type": "Polygon", "coordinates": [ [ [ 76.314021134104905, 10.057204455623417 ], [ 76.314021134104905, 10.061696011498372 ], [ 76.309460288740709, 10.061696011498372 ], [ 76.309460288740709, 10.057204455623417 ], [ 76.314021134104905, 10.057204455623417 ] ] ] } },
{ "type": "Feature", "properties": { "cell_id": 1565, "lon": 76.31630155678701, "lat": 10.059450233560895 }, "geometry": { "type": "Polygon", "coordinates": [ [ [ 76.318581979469101, 10.057204455623417 ], [ 76.318581979469101, 10.061696011498372 ], [ 76.314021134104905, 10.061696011498372 ], [ 76.314021134104905, 10.057204455623417 ], [ 76.318581979469101, 10.057204455623417 ] ] ] } },
{ "type": "Feature", "properties": { "cell_id": 1566, "lon": 76.320862402151207, "lat": 10.059450233560895 }, "geometry": { "type": "Polygon", "coordinates": [ [ [ 76.323142824833297, 10.057204455623417 ], [ 76.323142824833297, 10.061696011498372 ], [ 76.318581979469101, 10.061696011498372 ], [ 76.318581979469101, 10.057204455623417 ], [ 76.323142824833297, 10.057204455623417 ] ] ] } },
{ "type": "Feature", "properties": { "cell_id": 1567, "lon": 76.325423247515403, "lat": 10.059450233560895 }, "geometry": { "type": "Polygon", "coordinates": [ [ [ 76.327703670197494, 10.057204455623417 ], [ 76.327703670197494, 10.061696011498372 ], [ 76.323142824833297, 10.061696011498372 ], [ 76.323142824833297, 10.057204455623417 ], [ 76.327703670197494, 10.057204455623417 ] ] ] } },
{ "type": "Feature", "properties": { "cell_id": 1568, "lon": 76.329984092879599, "lat": 10.059450233560895 }, "geometry": { "type": "Polygon", "coordinates": [ [ [ 76.33226451556169, 10.057204455623417 ], [ 76.33226451556169, 10.061696011498372 ], [ 76.327703670197494, 10.061696011498372 ], [ 76.327703670197494, 10.057204455623417 ], [ 76.33226451556169, 10.057204455623417 ] ] ] } },
{ "type": "Feature", "properties": { "cell_id": 1569, "lon": 76.334544938243795, "lat": 10.059450233560895 }, "geometry": { "type": "Polygon", "coordinates": [ [ [ 76.336825360925886, 10.057204455623417 ], [ 76.336825360925886, 10.061696011498372 ], [ 76.33226451556169, 10.061696011498372 ], [ 76.33226451556169, 10.057204455623417 ], [ 76.336825360925886, 10.057204455623417 ] ] ] } },
{ "type": "Feature", "properties": { "cell_id": 1570, "lon": 76.339105783607991, "lat": 10.059450233560895 }, "geometry": { "type": "Polygon", "coordinates": [ [ [ 76.341386206290082, 10.057204455623417 ], [ 76.341386206290082, 10.061696011498372 ], [ 76.336825360925886, 10.061696011498372 ], [ 76.336825360925886, 10.057204455623417 ], [ 76.341386206290082, 10.057204455623417 ] ] ] } },
{ "type": "Feature", "properties": { "cell_id": 1571, "lon": 76.343666628972187, "lat": 10.059450233560895 }, "geometry": { "type": "Polygon", "coordinates": [ [ [ 76.345947051654278, 10.057204455623417 ], [ 76.345947051654278, 10.061696011498372 ], [ 76.341386206290082, 10.061696011498372 ], [ 76.341386206290082, 10.057204455623417 ], [ 76.345947051654278, 10.057204455623417 ] ] ] } },
{ "type": "Feature", "properties": { "cell_id": 1572, "lon": 76.348227474336383, "lat": 10.059450233560895 }, "geometry": { "type": "Polygon", "coordinates": [ [ [ 76.350507897018474, 10.057204455623417 ], [ 76.350507897018474, 10.061696011498372 ], [ 76.345947051654278, 10.061696011498372 ], [ 76.345947051654278, 10.057204455623417 ], [ 76.350507897018474, 10.057204455623417 ] ] ] } },
{ "type": "Feature", "properties": { "cell_id": 1573, "lon": 76.352788319700579, "lat": 10.059450233560895 }, "geometry": { "type": "Polygon", "coordinates": [ [ [ 76.35506874238267, 10.057204455623417 ], [ 76.35506874238267, 10.061696011498372 ], [ 76.350507897018474, 10.061696011498372 ], [ 76.350507897018474, 10.057204455623417 ], [ 76.35506874238267, 10.057204455623417 ] ] ] } },
{ "type": "Feature", "properties": { "cell_id": 1574, "lon": 76.357349165064775, "lat": 10.059450233560895 }, "geometry": { "type": "Polygon", "coordinates": [ [ [ 76.359629587746866, 10.057204455623417 ], [ 76.359629587746866, 10.061696011498372 ], [ 76.35506874238267, 10.061696011498372 ], [ 76.35506874238267, 10.057204455623417 ], [ 76.359629587746866, 10.057204455623417 ] ] ] } },
{ "type": "Feature", "properties": { "cell_id": 1575, "lon": 76.361910010428971, "lat": 10.059450233560895 }, "geometry": { "type": "Polygon", "coordinates": [ [ [ 76.364190433111062, 10.057204455623417 ], [ 76.364190433111062, 10.061696011498372 ], [ 76.359629587746866, 10.061696011498372 ], [ 76.359629587746866, 10.057204455623417 ], [ 76.364190433111062, 10.057204455623417 ] ] ] } },
{ "type": "Feature", "properties": { "cell_id": 1576, "lon": 76.366470855793168, "lat": 10.059450233560895 }, "geometry": { "type": "Polygon", "coordinates": [ [ [ 76.368751278475258, 10.057204455623417 ], [ 76.368751278475258, 10.061696011498372 ], [ 76.364190433111062, 10.061696011498372 ], [ 76.364190433111062, 10.057204455623417 ], [ 76.368751278475258, 10.057204455623417 ] ] ] } },
{ "type": "Feature", "properties": { "cell_id": 1577, "lon": 76.371031701157364, "lat": 10.059450233560895 }, "geometry": { "type": "Polygon", "coordinates": [ [ [ 76.373312123839455, 10.057204455623417 ], [ 76.373312123839455, 10.061696011498372 ], [ 76.368751278475258, 10.061696011498372 ], [ 76.368751278475258, 10.057204455623417 ], [ 76.373312123839455, 10.057204455623417 ] ] ] } },
{ "type": "Feature", "properties": { "cell_id": 1578, "lon": 76.37559254652156, "lat": 10.059450233560895 }, "geometry": { "type": "Polygon", "coordinates": [ [ [ 76.377872969203651, 10.057204455623417 ], [ 76.377872969203651, 10.061696011498372 ], [ 76.373312123839455, 10.061696011498372 ], [ 76.373312123839455, 10.057204455623417 ], [ 76.377872969203651, 10.057204455623417 ] ] ] } },
{ "type": "Feature", "properties": { "cell_id": 1579, "lon": 76.380153391885756, "lat": 10.059450233560895 }, "geometry": { "type": "Polygon", "coordinates": [ [ [ 76.382433814567847, 10.057204455623417 ], [ 76.382433814567847, 10.061696011498372 ], [ 76.377872969203651, 10.061696011498372 ], [ 76.377872969203651, 10.057204455623417 ], [ 76.382433814567847, 10.057204455623417 ] ] ] } },
{ "type": "Feature", "properties": { "cell_id": 1580, "lon": 76.384714237249952, "lat": 10.059450233560895 }, "geometry": { "type": "Polygon", "coordinates": [ [ [ 76.386994659932043, 10.057204455623417 ], [ 76.386994659932043, 10.061696011498372 ], [ 76.382433814567847, 10.061696011498372 ], [ 76.382433814567847, 10.057204455623417 ], [ 76.386994659932043, 10.057204455623417 ] ] ] } },
{ "type": "Feature", "properties": { "cell_id": 1581, "lon": 76.389275082614148, "lat": 10.059450233560895 }, "geometry": { "type": "Polygon", "coordinates": [ [ [ 76.391555505296239, 10.057204455623417 ], [ 76.391555505296239, 10.061696011498372 ], [ 76.386994659932043, 10.061696011498372 ], [ 76.386994659932043, 10.057204455623417 ], [ 76.391555505296239, 10.057204455623417 ] ] ] } },
{ "type": "Feature", "properties": { "cell_id": 1582, "lon": 76.393835927978344, "lat": 10.059450233560895 }, "geometry": { "type": "Polygon", "coordinates": [ [ [ 76.396116350660435, 10.057204455623417 ], [ 76.396116350660435, 10.061696011498372 ], [ 76.391555505296239, 10.061696011498372 ], [ 76.391555505296239, 10.057204455623417 ], [ 76.396116350660435, 10.057204455623417 ] ] ] } },
{ "type": "Feature", "properties": { "cell_id": 1583, "lon": 76.39839677334254, "lat": 10.059450233560895 }, "geometry": { "type": "Polygon", "coordinates": [ [ [ 76.400677196024631, 10.057204455623417 ], [ 76.400677196024631, 10.061696011498372 ], [ 76.396116350660435, 10.061696011498372 ], [ 76.396116350660435, 10.057204455623417 ], [ 76.400677196024631, 10.057204455623417 ] ] ] } },
{ "type": "Feature", "properties": { "cell_id": 1584, "lon": 76.202280422682108, "lat": 10.06394178943585 }, "geometry": { "type": "Polygon", "coordinates": [ [ [ 76.204560845364199, 10.061696011498372 ], [ 76.204560845364199, 10.066187567373326 ], [ 76.2, 10.066187567373326 ], [ 76.2, 10.061696011498372 ], [ 76.204560845364199, 10.061696011498372 ] ] ] } },
{ "type": "Feature", "properties": { "cell_id": 1585, "lon": 76.206841268046304, "lat": 10.06394178943585 }, "geometry": { "type": "Polygon", "coordinates": [ [ [ 76.209121690728395, 10.061696011498372 ], [ 76.209121690728395, 10.066187567373326 ], [ 76.204560845364199, 10.066187567373326 ], [ 76.204560845364199, 10.061696011498372 ], [ 76.209121690728395, 10.061696011498372 ] ] ] } },
{ "type": "Feature", "properties": { "cell_id": 1586, "lon": 76.2114021134105, "lat": 10.06394178943585 }, "geometry": { "type": "Polygon", "coordinates": [ [ [ 76.213682536092591, 10.061696011498372 ], [ 76.213682536092591, 10.066187567373326 ], [ 76.209121690728395, 10.066187567373326 ], [ 76.209121690728395, 10.061696011498372 ], [ 76.213682536092591, 10.061696011498372 ] ] ] } },
{ "type": "Feature", "properties": { "cell_id": 1587, "lon": 76.215962958774696, "lat": 10.06394178943585 }, "geometry": { "type": "Polygon", "coordinates": [ [ [ 76.218243381456787, 10.061696011498372 ], [ 76.218243381456787, 10.066187567373326 ], [ 76.213682536092591, 10.066187567373326 ], [ 76.213682536092591, 10.061696011498372 ], [ 76.218243381456787, 10.061696011498372 ] ] ] } },
{ "type": "Feature", "properties": { "cell_id": 1588, "lon": 76.220523804138892, "lat": 10.06394178943585 }, "geometry": { "type": "Polygon", "coordinates": [ [ [ 76.222804226820983, 10.061696011498372 ], [ 76.222804226820983, 10.066187567373326 ], [ 76.218243381456787, 10.066187567373326 ], [ 76.218243381456787, 10.061696011498372 ], [ 76.222804226820983, 10.061696011498372 ] ] ] } },
{ "type": "Feature", "properties": { "cell_id": 1589, "lon": 76.225084649503088, "lat": 10.06394178943585 }, "geometry": { "type": "Polygon", "coordinates": [ [ [ 76.227365072185179, 10.061696011498372 ], [ 76.227365072185179, 10.066187567373326 ], [ 76.222804226820983, 10.066187567373326 ], [ 76.222804226820983, 10.061696011498372 ], [ 76.227365072185179, 10.061696011498372 ] ] ] } },
{ "type": "Feature", "properties": { "cell_id": 1590, "lon": 76.229645494867285, "lat": 10.06394178943585 }, "geometry": { "type": "Polygon", "coordinates": [ [ [ 76.231925917549376, 10.061696011498372 ], [ 76.231925917549376, 10.066187567373326 ], [ 76.227365072185179, 10.066187567373326 ], [ 76.227365072185179, 10.061696011498372 ], [ 76.231925917549376, 10.061696011498372 ] ] ] } },
{ "type": "Feature", "properties": { "cell_id": 1591, "lon": 76.234206340231481, "lat": 10.06394178943585 }, "geometry": { "type": "Polygon", "coordinates": [ [ [ 76.236486762913572, 10.061696011498372 ], [ 76.236486762913572, 10.066187567373326 ], [ 76.231925917549376, 10.066187567373326 ], [ 76.231925917549376, 10.061696011498372 ], [ 76.236486762913572, 10.061696011498372 ] ] ] } },
{ "type": "Feature", "properties": { "cell_id": 1592, "lon": 76.238767185595677, "lat": 10.06394178943585 }, "geometry": { "type": "Polygon", "coordinates": [ [ [ 76.241047608277768, 10.061696011498372 ], [ 76.241047608277768, 10.066187567373326 ], [ 76.236486762913572, 10.066187567373326 ], [ 76.236486762913572, 10.061696011498372 ], [ 76.241047608277768, 10.061696011498372 ] ] ] } },
{ "type": "Feature", "properties": { "cell_id": 1593, "lon": 76.243328030959873, "lat": 10.06394178943585 }, "geometry": { "type": "Polygon", "coordinates": [ [ [ 76.245608453641964, 10.061696011498372 ], [ 76.245608453641964, 10.066187567373326 ], [ 76.241047608277768, 10.066187567373326 ], [ 76.241047608277768, 10.061696011498372 ], [ 76.245608453641964, 10.061696011498372 ] ] ] } },
{ "type": "Feature", "properties": { "cell_id": 1594, "lon": 76.247888876324069, "lat": 10.06394178943585 }, "geometry": { "type": "Polygon", "coordinates": [ [ [ 76.25016929900616, 10.061696011498372 ], [ 76.25016929900616, 10.066187567373326 ], [ 76.245608453641964, 10.066187567373326 ], [ 76.245608453641964, 10.061696011498372 ], [ 76.25016929900616, 10.061696011498372 ] ] ] } },
{ "type": "Feature", "properties": { "cell_id": 1595, "lon": 76.252449721688265, "lat": 10.06394178943585 }, "geometry": { "type": "Polygon", "coordinates": [ [ [ 76.254730144370356, 10.061696011498372 ], [ 76.254730144370356, 10.066187567373326 ], [ 76.25016929900616, 10.066187567373326 ], [ 76.25016929900616, 10.061696011498372 ], [ 76.254730144370356, 10.061696011498372 ] ] ] } },
{ "type": "Feature", "properties": { "cell_id": 1596, "lon": 76.257010567052461, "lat": 10.06394178943585 }, "geometry": { "type": "Polygon", "coordinates": [ [ [ 76.259290989734552, 10.061696011498372 ], [ 76.259290989734552, 10.066187567373326 ], [ 76.254730144370356, 10.066187567373326 ], [ 76.254730144370356, 10.061696011498372 ], [ 76.259290989734552, 10.061696011498372 ] ] ] } },
{ "type": "Feature", "properties": { "cell_id": 1597, "lon": 76.261571412416657, "lat": 10.06394178943585 }, "geometry": { "type": "Polygon", "coordinates": [ [ [ 76.263851835098748, 10.061696011498372 ], [ 76.263851835098748, 10.066187567373326 ], [ 76.259290989734552, 10.066187567373326 ], [ 76.259290989734552, 10.061696011498372 ], [ 76.263851835098748, 10.061696011498372 ] ] ] } },
{ "type": "Feature", "properties": { "cell_id": 1598, "lon": 76.266132257780853, "lat": 10.06394178943585 }, "geometry": { "type": "Polygon", "coordinates": [ [ [ 76.268412680462944, 10.061696011498372 ], [ 76.268412680462944, 10.066187567373326 ], [ 76.263851835098748, 10.066187567373326 ], [ 76.263851835098748, 10.061696011498372 ], [ 76.268412680462944, 10.061696011498372 ] ] ] } },
{ "type": "Feature", "properties": { "cell_id": 1599, "lon": 76.270693103145049, "lat": 10.06394178943585 }, "geometry": { "type": "Polygon", "coordinates": [ [ [ 76.27297352582714, 10.061696011498372 ], [ 76.27297352582714, 10.066187567373326 ], [ 76.268412680462944, 10.066187567373326 ], [ 76.268412680462944, 10.061696011498372 ], [ 76.27297352582714, 10.061696011498372 ] ] ] } },
{ "type": "Feature", "properties": { "cell_id": 1600, "lon": 76.275253948509246, "lat": 10.06394178943585 }, "geometry": { "type": "Polygon", "coordinates": [ [ [ 76.277534371191337, 10.061696011498372 ], [ 76.277534371191337, 10.066187567373326 ], [ 76.27297352582714, 10.066187567373326 ], [ 76.27297352582714, 10.061696011498372 ], [ 76.277534371191337, 10.061696011498372 ] ] ] } },
{ "type": "Feature", "properties": { "cell_id": 1601, "lon": 76.279814793873442, "lat": 10.06394178943585 }, "geometry": { "type": "Polygon", "coordinates": [ [ [ 76.282095216555533, 10.061696011498372 ], [ 76.282095216555533, 10.066187567373326 ], [ 76.277534371191337, 10.066187567373326 ], [ 76.277534371191337, 10.061696011498372 ], [ 76.282095216555533, 10.061696011498372 ] ] ] } },
{ "type": "Feature", "properties": { "cell_id": 1602, "lon": 76.284375639237638, "lat": 10.06394178943585 }, "geometry": { "type": "Polygon", "coordinates": [ [ [ 76.286656061919729, 10.061696011498372 ], [ 76.286656061919729, 10.066187567373326 ], [ 76.282095216555533, 10.066187567373326 ], [ 76.282095216555533, 10.061696011498372 ], [ 76.286656061919729, 10.061696011498372 ] ] ] } },
{ "type": "Feature", "properties": { "cell_id": 1603, "lon": 76.288936484601834, "lat": 10.06394178943585 }, "geometry": { "type": "Polygon", "coordinates": [ [ [ 76.291216907283925, 10.061696011498372 ], [ 76.291216907283925, 10.066187567373326 ], [ 76.286656061919729, 10.066187567373326 ], [ 76.286656061919729, 10.061696011498372 ], [ 76.291216907283925, 10.061696011498372 ] ] ] } },
{ "type": "Feature", "properties": { "cell_id": 1604, "lon": 76.29349732996603, "lat": 10.06394178943585 }, "geometry": { "type": "Polygon", "coordinates": [ [ [ 76.295777752648121, 10.061696011498372 ], [ 76.295777752648121, 10.066187567373326 ], [ 76.291216907283925, 10.066187567373326 ], [ 76.291216907283925, 10.061696011498372 ], [ 76.295777752648121, 10.061696011498372 ] ] ] } },
{ "type": "Feature", "properties": { "cell_id": 1605, "lon": 76.298058175330226, "lat": 10.06394178943585 }, "geometry": { "type": "Polygon", "coordinates": [ [ [ 76.300338598012317, 10.061696011498372 ], [ 76.300338598012317, 10.066187567373326 ], [ 76.295777752648121, 10.066187567373326 ], [ 76.295777752648121, 10.061696011498372 ], [ 76.300338598012317, 10.061696011498372 ] ] ] } },
{ "type": "Feature", "properties": { "cell_id": 1606, "lon": 76.302619020694422, "lat": 10.06394178943585 }, "geometry": { "type": "Polygon", "coordinates": [ [ [ 76.304899443376513, 10.061696011498372 ], [ 76.304899443376513, 10.066187567373326 ], [ 76.300338598012317, 10.066187567373326 ], [ 76.300338598012317, 10.061696011498372 ], [ 76.304899443376513, 10.061696011498372 ] ] ] } },
{ "type": "Feature", "properties": { "cell_id": 1607, "lon": 76.307179866058618, "lat": 10.06394178943585 }, "geometry": { "type": "Polygon", "coordinates": [ [ [ 76.309460288740709, 10.061696011498372 ], [ 76.309460288740709, 10.066187567373326 ], [ 76.304899443376513, 10.066187567373326 ], [ 76.304899443376513, 10.061696011498372 ], [ 76.309460288740709, 10.061696011498372 ] ] ] } },
{ "type": "Feature", "properties": { "cell_id": 1608, "lon": 76.311740711422814, "lat": 10.06394178943585 }, "geometry": { "type": "Polygon", "coordinates": [ [ [ 76.314021134104905, 10.061696011498372 ], [ 76.314021134104905, 10.066187567373326 ], [ 76.309460288740709, 10.066187567373326 ], [ 76.309460288740709, 10.061696011498372 ], [ 76.314021134104905, 10.061696011498372 ] ] ] } },
{ "type": "Feature", "properties": { "cell_id": 1609, "lon": 76.31630155678701, "lat": 10.06394178943585 }, "geometry": { "type": "Polygon", "coordinates": [ [ [ 76.318581979469101, 10.061696011498372 ], [ 76.318581979469101, 10.066187567373326 ], [ 76.314021134104905, 10.066187567373326 ], [ 76.314021134104905, 10.061696011498372 ], [ 76.318581979469101, 10.061696011498372 ] ] ] } },
{ "type": "Feature", "properties": { "cell_id": 1610, "lon": 76.320862402151207, "lat": 10.06394178943585 }, "geometry": { "type": "Polygon", "coordinates": [ [ [ 76.323142824833297, 10.061696011498372 ], [ 76.323142824833297, 10.066187567373326 ], [ 76.318581979469101, 10.066187567373326 ], [ 76.318581979469101, 10.061696011498372 ], [ 76.323142824833297, 10.061696011498372 ] ] ] } },
{ "type": "Feature", "properties": { "cell_id": 1611, "lon": 76.325423247515403, "lat": 10.06394178943585 }, "geometry": { "type": "Polygon", "coordinates": [ [ [ 76.327703670197494, 10.061696011498372 ], [ 76.327703670197494, 10.066187567373326 ], [ 76.323142824833297, 10.066187567373326 ], [ 76.323142824833297, 10.061696011498372 ], [ 76.327703670197494, 10.061696011498372 ] ] ] } },
{ "type": "Feature", "properties": { "cell_id": 1612, "lon": 76.329984092879599, "lat": 10.06394178943585 }, "geometry": { "type": "Polygon", "coordinates": [ [ [ 76.33226451556169, 10.061696011498372 ], [ 76.33226451556169, 10.066187567373326 ], [ 76.327703670197494, 10.066187567373326 ], [ 76.327703670197494, 10.061696011498372 ], [ 76.33226451556169, 10.061696011498372 ] ] ] } },
{ "type": "Feature", "properties": { "cell_id": 1613, "lon": 76.334544938243795, "lat": 10.06394178943585 }, "geometry": { "type": "Polygon", "coordinates": [ [ [ 76.336825360925886, 10.061696011498372 ], [ 76.336825360925886, 10.066187567373326 ], [ 76.33226451556169, 10.066187567373326 ], [ 76.33226451556169, 10.061696011498372 ], [ 76.336825360925886, 10.061696011498372 ] ] ] } },
{ "type": "Feature", "properties": { "cell_id": 1614, "lon": 76.339105783607991, "lat": 10.06394178943585 }, "geometry": { "type": "Polygon", "coordinates": [ [ [ 76.341386206290082, 10.061696011498372 ], [ 76.341386206290082, 10.066187567373326 ], [ 76.336825360925886, 10.066187567373326 ], [ 76.336825360925886, 10.061696011498372 ], [ 76.341386206290082, 10.061696011498372 ] ] ] } },
{ "type": "Feature", "properties": { "cell_id": 1615, "lon": 76.343666628972187, "lat": 10.06394178943585 }, "geometry": { "type": "Polygon", "coordinates": [ [ [ 76.345947051654278, 10.061696011498372 ], [ 76.345947051654278, 10.066187567373326 ], [ 76.341386206290082, 10.066187567373326 ], [ 76.341386206290082, 10.061696011498372 ], [ 76.345947051654278, 10.061696011498372 ] ] ] } },
{ "type": "Feature", "properties": { "cell_id": 1616, "lon": 76.348227474336383, "lat": 10.06394178943585 }, "geometry": { "type": "Polygon", "coordinates": [ [ [ 76.350507897018474, 10.061696011498372 ], [ 76.350507897018474, 10.066187567373326 ], [ 76.345947051654278, 10.066187567373326 ], [ 76.345947051654278, 10.061696011498372 ], [ 76.350507897018474, 10.061696011498372 ] ] ] } },
{ "type": "Feature", "properties": { "cell_id": 1617, "lon": 76.352788319700579, "lat": 10.06394178943585 }, "geometry": { "type": "Polygon", "coordinates": [ [ [ 76.35506874238267, 10.061696011498372 ], [ 76.35506874238267, 10.066187567373326 ], [ 76.350507897018474, 10.066187567373326 ], [ 76.350507897018474, 10.061696011498372 ], [ 76.35506874238267, 10.061696011498372 ] ] ] } },
{ "type": "Feature", "properties": { "cell_id": 1618, "lon": 76.357349165064775, "lat": 10.06394178943585 }, "geometry": { "type": "Polygon", "coordinates": [ [ [ 76.359629587746866, 10.061696011498372 ], [ 76.359629587746866, 10.066187567373326 ], [ 76.35506874238267, 10.066187567373326 ], [ 76.35506874238267, 10.061696011498372 ], [ 76.359629587746866, 10.061696011498372 ] ] ] } },
{ "type": "Feature", "properties": { "cell_id": 1619, "lon": 76.361910010428971, "lat": 10.06394178943585 }, "geometry": { "type": "Polygon", "coordinates": [ [ [ 76.364190433111062, 10.061696011498372 ], [ 76.364190433111062, 10.066187567373326 ], [ 76.359629587746866, 10.066187567373326 ], [ 76.359629587746866, 10.061696011498372 ], [ 76.364190433111062, 10.061696011498372 ] ] ] } },
{ "type": "Feature", "properties": { "cell_id": 1620, "lon": 76.366470855793168, "lat": 10.06394178943585 }, "geometry": { "type": "Polygon", "coordinates": [ [ [ 76.368751278475258, 10.061696011498372 ], [ 76.368751278475258, 10.066187567373326 ], [ 76.364190433111062, 10.066187567373326 ], [ 76.364190433111062, 10.061696011498372 ], [ 76.368751278475258, 10.061696011498372 ] ] ] } },
{ "type": "Feature", "properties": { "cell_id": 1621, "lon": 76.371031701157364, "lat": 10.06394178943585 }, "geometry": { "type": "Polygon", "coordinates": [ [ [ 76.373312123839455, 10.061696011498372 ], [ 76.373312123839455, 10.066187567373326 ], [ 76.368751278475258, 10.066187567373326 ], [ 76.368751278475258, 10.061696011498372 ], [ 76.373312123839455, 10.061696011498372 ] ] ] } },
{ "type": "Feature", "properties": { "cell_id": 1622, "lon": 76.37559254652156, "lat": 10.06394178943585 }, "geometry": { "type": "Polygon", "coordinates": [ [ [ 76.377872969203651, 10.061696011498372 ], [ 76.377872969203651, 10.066187567373326 ], [ 76.373312123839455, 10.066187567373326 ], [ 76.373312123839455, 10.061696011498372 ], [ 76.377872969203651, 10.061696011498372 ] ] ] } },
{ "type": "Feature", "properties": { "cell_id": 1623, "lon": 76.380153391885756, "lat": 10.06394178943585 }, "geometry": { "type": "Polygon", "coordinates": [ [ [ 76.382433814567847, 10.061696011498372 ], [ 76.382433814567847, 10.066187567373326 ], [ 76.377872969203651, 10.066187567373326 ], [ 76.377872969203651, 10.061696011498372 ], [ 76.382433814567847, 10.061696011498372 ] ] ] } },
{ "type": "Feature", "properties": { "cell_id": 1624, "lon": 76.384714237249952, "lat": 10.06394178943585 }, "geometry": { "type": "Polygon", "coordinates": [ [ [ 76.386994659932043, 10.061696011498372 ], [ 76.386994659932043, 10.066187567373326 ], [ 76.382433814567847, 10.066187567373326 ], [ 76.382433814567847, 10.061696011498372 ], [ 76.386994659932043, 10.061696011498372 ] ] ] } },
{ "type": "Feature", "properties": { "cell_id": 1625, "lon": 76.389275082614148, "lat": 10.06394178943585 }, "geometry": { "type": "Polygon", "coordinates": [ [ [ 76.391555505296239, 10.061696011498372 ], [ 76.391555505296239, 10.066187567373326 ], [ 76.386994659932043, 10.066187567373326 ], [ 76.386994659932043, 10.061696011498372 ], [ 76.391555505296239, 10.061696011498372 ] ] ] } },
{ "type": "Feature", "properties": { "cell_id": 1626, "lon": 76.393835927978344, "lat": 10.06394178943585 }, "geometry": { "type": "Polygon", "coordinates": [ [ [ 76.396116350660435, 10.061696011498372 ], [ 76.396116350660435, 10.066187567373326 ], [ 76.391555505296239, 10.066187567373326 ], [ 76.391555505296239, 10.061696011498372 ], [ 76.396116350660435, 10.061696011498372 ] ] ] } },
{ "type": "Feature", "properties": { "cell_id": 1627, "lon": 76.39839677334254, "lat": 10.06394178943585 }, "geometry": { "type": "Polygon", "coordinates": [ [ [ 76.400677196024631, 10.061696011498372 ], [ 76.400677196024631, 10.066187567373326 ], [ 76.396116350660435, 10.066187567373326 ], [ 76.396116350660435, 10.061696011498372 ], [ 76.400677196024631, 10.061696011498372 ] ] ] } },
{ "type": "Feature", "properties": { "cell_id": 1628, "lon": 76.202280422682108, "lat": 10.068433345310805 }, "geometry": { "type": "Polygon", "coordinates": [ [ [ 76.204560845364199, 10.066187567373326 ], [ 76.204560845364199, 10.070679123248281 ], [ 76.2, 10.070679123248281 ], [ 76.2, 10.066187567373326 ], [ 76.204560845364199, 10.066187567373326 ] ] ] } },
{ "type": "Feature", "properties": { "cell_id": 1629, "lon": 76.206841268046304, "lat": 10.068433345310805 }, "geometry": { "type": "Polygon", "coordinates": [ [ [ 76.209121690728395, 10.066187567373326 ], [ 76.209121690728395, 10.070679123248281 ], [ 76.204560845364199, 10.070679123248281 ], [ 76.204560845364199, 10.066187567373326 ], [ 76.209121690728395, 10.066187567373326 ] ] ] } },
{ "type": "Feature", "properties": { "cell_id": 1630, "lon": 76.2114021134105, "lat": 10.068433345310805 }, "geometry": { "type": "Polygon", "coordinates": [ [ [ 76.213682536092591, 10.066187567373326 ], [ 76.213682536092591, 10.070679123248281 ], [ 76.209121690728395, 10.070679123248281 ], [ 76.209121690728395, 10.066187567373326 ], [ 76.213682536092591, 10.066187567373326 ] ] ] } },
{ "type": "Feature", "properties": { "cell_id": 1631, "lon": 76.215962958774696, "lat": 10.068433345310805 }, "geometry": { "type": "Polygon", "coordinates": [ [ [ 76.218243381456787, 10.066187567373326 ], [ 76.218243381456787, 10.070679123248281 ], [ 76.213682536092591, 10.070679123248281 ], [ 76.213682536092591, 10.066187567373326 ], [ 76.218243381456787, 10.066187567373326 ] ] ] } },
{ "type": "Feature", "properties": { "cell_id": 1632, "lon": 76.220523804138892, "lat": 10.068433345310805 }, "geometry": { "type": "Polygon", "coordinates": [ [ [ 76.222804226820983, 10.066187567373326 ], [ 76.222804226820983, 10.070679123248281 ], [ 76.218243381456787, 10.070679123248281 ], [ 76.218243381456787, 10.066187567373326 ], [ 76.222804226820983, 10.066187567373326 ] ] ] } },
{ "type": "Feature", "properties": { "cell_id": 1633, "lon": 76.225084649503088, "lat": 10.068433345310805 }, "geometry": { "type": "Polygon", "coordinates": [ [ [ 76.227365072185179, 10.066187567373326 ], [ 76.227365072185179, 10.070679123248281 ], [ 76.222804226820983, 10.070679123248281 ], [ 76.222804226820983, 10.066187567373326 ], [ 76.227365072185179, 10.066187567373326 ] ] ] } },
{ "type": "Feature", "properties": { "cell_id": 1634, "lon": 76.229645494867285, "lat": 10.068433345310805 }, "geometry": { "type": "Polygon", "coordinates": [ [ [ 76.231925917549376, 10.066187567373326 ], [ 76.231925917549376, 10.070679123248281 ], [ 76.227365072185179, 10.070679123248281 ], [ 76.227365072185179, 10.066187567373326 ], [ 76.231925917549376, 10.066187567373326 ] ] ] } },
{ "type": "Feature", "properties": { "cell_id": 1635, "lon": 76.234206340231481, "lat": 10.068433345310805 }, "geometry": { "type": "Polygon", "coordinates": [ [ [ 76.236486762913572, 10.066187567373326 ], [ 76.236486762913572, 10.070679123248281 ], [ 76.231925917549376, 10.070679123248281 ], [ 76.231925917549376, 10.066187567373326 ], [ 76.236486762913572, 10.066187567373326 ] ] ] } },
{ "type": "Feature", "properties": { "cell_id": 1636, "lon": 76.238767185595677, "lat": 10.068433345310805 }, "geometry": { "type": "Polygon", "coordinates": [ [ [ 76.241047608277768, 10.066187567373326 ], [ 76.241047608277768, 10.070679123248281 ], [ 76.236486762913572, 10.070679123248281 ], [ 76.236486762913572, 10.066187567373326 ], [ 76.241047608277768, 10.066187567373326 ] ] ] } },
{ "type": "Feature", "properties": { "cell_id": 1637, "lon": 76.243328030959873, "lat": 10.068433345310805 }, "geometry": { "type": "Polygon", "coordinates": [ [ [ 76.245608453641964, 10.066187567373326 ], [ 76.245608453641964, 10.070679123248281 ], [ 76.241047608277768, 10.070679123248281 ], [ 76.241047608277768, 10.066187567373326 ], [ 76.245608453641964, 10.066187567373326 ] ] ] } },
{ "type": "Feature", "properties": { "cell_id": 1638, "lon": 76.247888876324069, "lat": 10.068433345310805 }, "geometry": { "type": "Polygon", "coordinates": [ [ [ 76.25016929900616, 10.066187567373326 ], [ 76.25016929900616, 10.070679123248281 ], [ 76.245608453641964, 10.070679123248281 ], [ 76.245608453641964, 10.066187567373326 ], [ 76.25016929900616, 10.066187567373326 ] ] ] } },
{ "type": "Feature", "properties": { "cell_id": 1639, "lon": 76.252449721688265, "lat": 10.068433345310805 }, "geometry": { "type": "Polygon", "coordinates": [ [ [ 76.254730144370356, 10.066187567373326 ], [ 76.254730144370356, 10.070679123248281 ], [ 76.25016929900616, 10.070679123248281 ], [ 76.25016929900616, 10.066187567373326 ], [ 76.254730144370356, 10.066187567373326 ] ] ] } },
{ "type": "Feature", "properties": { "cell_id": 1640, "lon": 76.257010567052461, "lat": 10.068433345310805 }, "geometry": { "type": "Polygon", "coordinates": [ [ [ 76.259290989734552, 10.066187567373326 ], [ 76.259290989734552, 10.070679123248281 ], [ 76.254730144370356, 10.070679123248281 ], [ 76.254730144370356, 10.066187567373326 ], [ 76.259290989734552, 10.066187567373326 ] ] ] } },
{ "type": "Feature", "properties": { "cell_id": 1641, "lon": 76.261571412416657, "lat": 10.068433345310805 }, "geometry": { "type": "Polygon", "coordinates": [ [ [ 76.263851835098748, 10.066187567373326 ], [ 76.263851835098748, 10.070679123248281 ], [ 76.259290989734552, 10.070679123248281 ], [ 76.259290989734552, 10.066187567373326 ], [ 76.263851835098748, 10.066187567373326 ] ] ] } },
{ "type": "Feature", "properties": { "cell_id": 1642, "lon": 76.266132257780853, "lat": 10.068433345310805 }, "geometry": { "type": "Polygon", "coordinates": [ [ [ 76.268412680462944, 10.066187567373326 ], [ 76.268412680462944, 10.070679123248281 ], [ 76.263851835098748, 10.070679123248281 ], [ 76.263851835098748, 10.066187567373326 ], [ 76.268412680462944, 10.066187567373326 ] ] ] } },
{ "type": "Feature", "properties": { "cell_id": 1643, "lon": 76.270693103145049, "lat": 10.068433345310805 }, "geometry": { "type": "Polygon", "coordinates": [ [ [ 76.27297352582714, 10.066187567373326 ], [ 76.27297352582714, 10.070679123248281 ], [ 76.268412680462944, 10.070679123248281 ], [ 76.268412680462944, 10.066187567373326 ], [ 76.27297352582714, 10.066187567373326 ] ] ] } },
{ "type": "Feature", "properties": { "cell_id": 1644, "lon": 76.275253948509246, "lat": 10.068433345310805 }, "geometry": { "type": "Polygon", "coordinates": [ [ [ 76.277534371191337, 10.066187567373326 ], [ 76.277534371191337, 10.070679123248281 ], [ 76.27297352582714, 10.070679123248281 ], [ 76.27297352582714, 10.066187567373326 ], [ 76.277534371191337, 10.066187567373326 ] ] ] } },
{ "type": "Feature", "properties": { "cell_id": 1645, "lon": 76.279814793873442, "lat": 10.068433345310805 }, "geometry": { "type": "Polygon", "coordinates": [ [ [ 76.282095216555533, 10.066187567373326 ], [ 76.282095216555533, 10.070679123248281 ], [ 76.277534371191337, 10.070679123248281 ], [ 76.277534371191337, 10.066187567373326 ], [ 76.282095216555533, 10.066187567373326 ] ] ] } },
{ "type": "Feature", "properties": { "cell_id": 1646, "lon": 76.284375639237638, "lat": 10.068433345310805 }, "geometry": { "type": "Polygon", "coordinates": [ [ [ 76.286656061919729, 10.066187567373326 ], [ 76.286656061919729, 10.070679123248281 ], [ 76.282095216555533, 10.070679123248281 ], [ 76.282095216555533, 10.066187567373326 ], [ 76.286656061919729, 10.066187567373326 ] ] ] } },
{ "type": "Feature", "properties": { "cell_id": 1647, "lon": 76.288936484601834, "lat": 10.068433345310805 }, "geometry": { "type": "Polygon", "coordinates": [ [ [ 76.291216907283925, 10.066187567373326 ], [ 76.291216907283925, 10.070679123248281 ], [ 76.286656061919729, 10.070679123248281 ], [ 76.286656061919729, 10.066187567373326 ], [ 76.291216907283925, 10.066187567373326 ] ] ] } },
{ "type": "Feature", "properties": { "cell_id": 1648, "lon": 76.29349732996603, "lat": 10.068433345310805 }, "geometry": { "type": "Polygon", "coordinates": [ [ [ 76.295777752648121, 10.066187567373326 ], [ 76.295777752648121, 10.070679123248281 ], [ 76.291216907283925, 10.070679123248281 ], [ 76.291216907283925, 10.066187567373326 ], [ 76.295777752648121, 10.066187567373326 ] ] ] } },
{ "type": "Feature", "properties": { "cell_id": 1649, "lon": 76.298058175330226, "lat": 10.068433345310805 }, "geometry": { "type": "Polygon", "coordinates": [ [ [ 76.300338598012317, 10.066187567373326 ], [ 76.300338598012317, 10.070679123248281 ], [ 76.295777752648121, 10.070679123248281 ], [ 76.295777752648121, 10.066187567373326 ], [ 76.300338598012317, 10.066187567373326 ] ] ] } },
{ "type": "Feature", "properties": { "cell_id": 1650, "lon": 76.302619020694422, "lat": 10.068433345310805 }, "geometry": { "type": "Polygon", "coordinates": [ [ [ 76.304899443376513, 10.066187567373326 ], [ 76.304899443376513, 10.070679123248281 ], [ 76.300338598012317, 10.070679123248281 ], [ 76.300338598012317, 10.066187567373326 ], [ 76.304899443376513, 10.066187567373326 ] ] ] } },
{ "type": "Feature", "properties": { "cell_id": 1651, "lon": 76.307179866058618, "lat": 10.068433345310805 }, "geometry": { "type": "Polygon", "coordinates": [ [ [ 76.309460288740709, 10.066187567373326 ], [ 76.309460288740709, 10.070679123248281 ], [ 76.304899443376513, 10.070679123248281 ], [ 76.304899443376513, 10.066187567373326 ], [ 76.309460288740709, 10.066187567373326 ] ] ] } },
{ "type": "Feature", "properties": { "cell_id": 1652, "lon": 76.311740711422814, "lat": 10.068433345310805 }, "geometry": { "type": "Polygon", "coordinates": [ [ [ 76.314021134104905, 10.066187567373326 ], [ 76.314021134104905, 10.070679123248281 ], [ 76.309460288740709, 10.070679123248281 ], [ 76.309460288740709, 10.066187567373326 ], [ 76.314021134104905, 10.066187567373326 ] ] ] } },
{ "type": "Feature", "properties": { "cell_id": 1653, "lon": 76.31630155678701, "lat": 10.068433345310805 }, "geometry": { "type": "Polygon", "coordinates": [ [ [ 76.318581979469101, 10.066187567373326 ], [ 76.318581979469101, 10.070679123248281 ], [ 76.314021134104905, 10.070679123248281 ], [ 76.314021134104905, 10.066187567373326 ], [ 76.318581979469101, 10.066187567373326 ] ] ] } },
{ "type": "Feature", "properties": { "cell_id": 1654, "lon": 76.320862402151207, "lat": 10.068433345310805 }, "geometry": { "type": "Polygon", "coordinates": [ [ [ 76.323142824833297, 10.066187567373326 ], [ 76.323142824833297, 10.070679123248281 ], [ 76.318581979469101, 10.070679123248281 ], [ 76.318581979469101, 10.066187567373326 ], [ 76.323142824833297, 10.066187567373326 ] ] ] } },
{ "type": "Feature", "properties": { "cell_id": 1655, "lon": 76.325423247515403, "lat": 10.068433345310805 }, "geometry": { "type": "Polygon", "coordinates": [ [ [ 76.327703670197494, 10.066187567373326 ], [ 76.327703670197494, 10.070679123248281 ], [ 76.323142824833297, 10.070679123248281 ], [ 76.323142824833297, 10.066187567373326 ], [ 76.327703670197494, 10.066187567373326 ] ] ] } },
{ "type": "Feature", "properties": { "cell_id": 1656, "lon": 76.329984092879599, "lat": 10.068433345310805 }, "geometry": { "type": "Polygon", "coordinates": [ [ [ 76.33226451556169, 10.066187567373326 ], [ 76.33226451556169, 10.070679123248281 ], [ 76.327703670197494, 10.070679123248281 ], [ 76.327703670197494, 10.066187567373326 ], [ 76.33226451556169, 10.066187567373326 ] ] ] } },
{ "type": "Feature", "properties": { "cell_id": 1657, "lon": 76.334544938243795, "lat": 10.068433345310805 }, "geometry": { "type": "Polygon", "coordinates": [ [ [ 76.336825360925886, 10.066187567373326 ], [ 76.336825360925886, 10.070679123248281 ], [ 76.33226451556169, 10.070679123248281 ], [ 76.33226451556169, 10.066187567373326 ], [ 76.336825360925886, 10.066187567373326 ] ] ] } },
{ "type": "Feature", "properties": { "cell_id": 1658, "lon": 76.339105783607991, "lat": 10.068433345310805 }, "geometry": { "type": "Polygon", "coordinates": [ [ [ 76.341386206290082, 10.066187567373326 ], [ 76.341386206290082, 10.070679123248281 ], [ 76.336825360925886, 10.070679123248281 ], [ 76.336825360925886, 10.066187567373326 ], [ 76.341386206290082, 10.066187567373326 ] ] ] } },
{ "type": "Feature", "properties": { "cell_id": 1659, "lon": 76.343666628972187, "lat": 10.068433345310805 }, "geometry": { "type": "Polygon", "coordinates": [ [ [ 76.345947051654278, 10.066187567373326 ], [ 76.345947051654278, 10.070679123248281 ], [ 76.341386206290082, 10.070679123248281 ], [ 76.341386206290082, 10.066187567373326 ], [ 76.345947051654278, 10.066187567373326 ] ] ] } },
{ "type": "Feature", "properties": { "cell_id": 1660, "lon": 76.348227474336383, "lat": 10.068433345310805 }, "geometry": { "type": "Polygon", "coordinates": [ [ [ 76.350507897018474, 10.066187567373326 ], [ 76.350507897018474, 10.070679123248281 ], [ 76.345947051654278, 10.070679123248281 ], [ 76.345947051654278, 10.066187567373326 ], [ 76.350507897018474, 10.066187567373326 ] ] ] } },
{ "type": "Feature", "properties": { "cell_id": 1661, "lon": 76.352788319700579, "lat": 10.068433345310805 }, "geometry": { "type": "Polygon", "coordinates": [ [ [ 76.35506874238267, 10.066187567373326 ], [ 76.35506874238267, 10.070679123248281 ], [ 76.350507897018474, 10.070679123248281 ], [ 76.350507897018474, 10.066187567373326 ], [ 76.35506874238267, 10.066187567373326 ] ] ] } },
{ "type": "Feature", "properties": { "cell_id": 1662, "lon": 76.357349165064775, "lat": 10.068433345310805 }, "geometry": { "type": "Polygon", "coordinates": [ [ [ 76.359629587746866, 10.066187567373326 ], [ 76.359629587746866, 10.070679123248281 ], [ 76.35506874238267, 10.070679123248281 ], [ 76.35506874238267, 10.066187567373326 ], [ 76.359629587746866, 10.066187567373326 ] ] ] } },
{ "type": "Feature", "properties": { "cell_id": 1663, "lon": 76.361910010428971, "lat": 10.068433345310805 }, "geometry": { "type": "Polygon", "coordinates": [ [ [ 76.364190433111062, 10.066187567373326 ], [ 76.364190433111062, 10.070679123248281 ], [ 76.359629587746866, 10.070679123248281 ], [ 76.359629587746866, 10.066187567373326 ], [ 76.364190433111062, 10.066187567373326 ] ] ] } },
{ "type": "Feature", "properties": { "cell_id": 1664, "lon": 76.366470855793168, "lat": 10.068433345310805 }, "geometry": { "type": "Polygon", "coordinates": [ [ [ 76.368751278475258, 10.066187567373326 ], [ 76.368751278475258, 10.070679123248281 ], [ 76.364190433111062, 10.070679123248281 ], [ 76.364190433111062, 10.066187567373326 ], [ 76.368751278475258, 10.066187567373326 ] ] ] } },
{ "type": "Feature", "properties": { "cell_id": 1665, "lon": 76.371031701157364, "lat": 10.068433345310805 }, "geometry": { "type": "Polygon", "coordinates": [ [ [ 76.373312123839455, 10.066187567373326 ], [ 76.373312123839455, 10.070679123248281 ], [ 76.368751278475258, 10.070679123248281 ], [ 76.368751278475258, 10.066187567373326 ], [ 76.373312123839455, 10.066187567373326 ] ] ] } },
{ "type": "Feature", "properties": { "cell_id": 1666, "lon": 76.37559254652156, "lat": 10.068433345310805 }, "geometry": { "type": "Polygon", "coordinates": [ [ [ 76.377872969203651, 10.066187567373326 ], [ 76.377872969203651, 10.070679123248281 ], [ 76.373312123839455, 10.070679123248281 ], [ 76.373312123839455, 10.066187567373326 ], [ 76.377872969203651, 10.066187567373326 ] ] ] } },
{ "type": "Feature", "properties": { "cell_id": 1667, "lon": 76.380153391885756, "lat": 10.068433345310805 }, "geometry": { "type": "Polygon", "coordinates": [ [ [ 76.382433814567847, 10.066187567373326 ], [ 76.382433814567847, 10.070679123248281 ], [ 76.377872969203651, 10.070679123248281 ], [ 76.377872969203651, 10.066187567373326 ], [ 76.382433814567847, 10.066187567373326 ] ] ] } },
{ "type": "Feature", "properties": { "cell_id": 1668, "lon": 76.384714237249952, "lat": 10.068433345310805 }, "geometry": { "type": "Polygon", "coordinates": [ [ [ 76.386994659932043, 10.066187567373326 ], [ 76.386994659932043, 10.070679123248281 ], [ 76.382433814567847, 10.070679123248281 ], [ 76.382433814567847, 10.066187567373326 ], [ 76.386994659932043, 10.066187567373326 ] ] ] } },
{ "type": "Feature", "properties": { "cell_id": 1669, "lon": 76.389275082614148, "lat": 10.068433345310805 }, "geometry": { "type": "Polygon", "coordinates": [ [ [ 76.391555505296239, 10.066187567373326 ], [ 76.391555505296239, 10.070679123248281 ], [ 76.386994659932043, 10.070679123248281 ], [ 76.386994659932043, 10.066187567373326 ], [ 76.391555505296239, 10.066187567373326 ] ] ] } },
{ "type": "Feature", "properties": { "cell_id": 1670, "lon": 76.393835927978344, "lat": 10.068433345310805 }, "geometry": { "type": "Polygon", "coordinates": [ [ [ 76.396116350660435, 10.066187567373326 ], [ 76.396116350660435, 10.070679123248281 ], [ 76.391555505296239, 10.070679123248281 ], [ 76.391555505296239, 10.066187567373326 ], [ 76.396116350660435, 10.066187567373326 ] ] ] } },
{ "type": "Feature", "properties": { "cell_id": 1671, "lon": 76.39839677334254, "lat": 10.068433345310805 }, "geometry": { "type": "Polygon", "coordinates": [ [ [ 76.400677196024631, 10.066187567373326 ], [ 76.400677196024631, 10.070679123248281 ], [ 76.396116350660435, 10.070679123248281 ], [ 76.396116350660435, 10.066187567373326 ], [ 76.400677196024631, 10.066187567373326 ] ] ] } },
{ "type": "Feature", "properties": { "cell_id": 1672, "lon": 76.202280422682108, "lat": 10.072924901185759 }, "geometry": { "type": "Polygon", "coordinates": [ [ [ 76.204560845364199, 10.070679123248281 ], [ 76.204560845364199, 10.075170679123236 ], [ 76.2, 10.075170679123236 ], [ 76.2, 10.070679123248281 ], [ 76.204560845364199, 10.070679123248281 ] ] ] } },
{ "type": "Feature", "properties": { "cell_id": 1673, "lon": 76.206841268046304, "lat": 10.072924901185759 }, "geometry": { "type": "Polygon", "coordinates": [ [ [ 76.209121690728395, 10.070679123248281 ], [ 76.209121690728395, 10.075170679123236 ], [ 76.204560845364199, 10.075170679123236 ], [ 76.204560845364199, 10.070679123248281 ], [ 76.209121690728395, 10.070679123248281 ] ] ] } },
{ "type": "Feature", "properties": { "cell_id": 1674, "lon": 76.2114021134105, "lat": 10.072924901185759 }, "geometry": { "type": "Polygon", "coordinates": [ [ [ 76.213682536092591, 10.070679123248281 ], [ 76.213682536092591, 10.075170679123236 ], [ 76.209121690728395, 10.075170679123236 ], [ 76.209121690728395, 10.070679123248281 ], [ 76.213682536092591, 10.070679123248281 ] ] ] } },
{ "type": "Feature", "properties": { "cell_id": 1675, "lon": 76.215962958774696, "lat": 10.072924901185759 }, "geometry": { "type": "Polygon", "coordinates": [ [ [ 76.218243381456787, 10.070679123248281 ], [ 76.218243381456787, 10.075170679123236 ], [ 76.213682536092591, 10.075170679123236 ], [ 76.213682536092591, 10.070679123248281 ], [ 76.218243381456787, 10.070679123248281 ] ] ] } },
{ "type": "Feature", "properties": { "cell_id": 1676, "lon": 76.220523804138892, "lat": 10.072924901185759 }, "geometry": { "type": "Polygon", "coordinates": [ [ [ 76.222804226820983, 10.070679123248281 ], [ 76.222804226820983, 10.075170679123236 ], [ 76.218243381456787, 10.075170679123236 ], [ 76.218243381456787, 10.070679123248281 ], [ 76.222804226820983, 10.070679123248281 ] ] ] } },
{ "type": "Feature", "properties": { "cell_id": 1677, "lon": 76.225084649503088, "lat": 10.072924901185759 }, "geometry": { "type": "Polygon", "coordinates": [ [ [ 76.227365072185179, 10.070679123248281 ], [ 76.227365072185179, 10.075170679123236 ], [ 76.222804226820983, 10.075170679123236 ], [ 76.222804226820983, 10.070679123248281 ], [ 76.227365072185179, 10.070679123248281 ] ] ] } },
{ "type": "Feature", "properties": { "cell_id": 1678, "lon": 76.229645494867285, "lat": 10.072924901185759 }, "geometry": { "type": "Polygon", "coordinates": [ [ [ 76.231925917549376, 10.070679123248281 ], [ 76.231925917549376, 10.075170679123236 ], [ 76.227365072185179, 10.075170679123236 ], [ 76.227365072185179, 10.070679123248281 ], [ 76.231925917549376, 10.070679123248281 ] ] ] } },
{ "type": "Feature", "properties": { "cell_id": 1679, "lon": 76.234206340231481, "lat": 10.072924901185759 }, "geometry": { "type": "Polygon", "coordinates": [ [ [ 76.236486762913572, 10.070679123248281 ], [ 76.236486762913572, 10.075170679123236 ], [ 76.231925917549376, 10.075170679123236 ], [ 76.231925917549376, 10.070679123248281 ], [ 76.236486762913572, 10.070679123248281 ] ] ] } },
{ "type": "Feature", "properties": { "cell_id": 1680, "lon": 76.238767185595677, "lat": 10.072924901185759 }, "geometry": { "type": "Polygon", "coordinates": [ [ [ 76.241047608277768, 10.070679123248281 ], [ 76.241047608277768, 10.075170679123236 ], [ 76.236486762913572, 10.075170679123236 ], [ 76.236486762913572, 10.070679123248281 ], [ 76.241047608277768, 10.070679123248281 ] ] ] } },
{ "type": "Feature", "properties": { "cell_id": 1681, "lon": 76.243328030959873, "lat": 10.072924901185759 }, "geometry": { "type": "Polygon", "coordinates": [ [ [ 76.245608453641964, 10.070679123248281 ], [ 76.245608453641964, 10.075170679123236 ], [ 76.241047608277768, 10.075170679123236 ], [ 76.241047608277768, 10.070679123248281 ], [ 76.245608453641964, 10.070679123248281 ] ] ] } },
{ "type": "Feature", "properties": { "cell_id": 1682, "lon": 76.247888876324069, "lat": 10.072924901185759 }, "geometry": { "type": "Polygon", "coordinates": [ [ [ 76.25016929900616, 10.070679123248281 ], [ 76.25016929900616, 10.075170679123236 ], [ 76.245608453641964, 10.075170679123236 ], [ 76.245608453641964, 10.070679123248281 ], [ 76.25016929900616, 10.070679123248281 ] ] ] } },
{ "type": "Feature", "properties": { "cell_id": 1683, "lon": 76.252449721688265, "lat": 10.072924901185759 }, "geometry": { "type": "Polygon", "coordinates": [ [ [ 76.254730144370356, 10.070679123248281 ], [ 76.254730144370356, 10.075170679123236 ], [ 76.25016929900616, 10.075170679123236 ], [ 76.25016929900616, 10.070679123248281 ], [ 76.254730144370356, 10.070679123248281 ] ] ] } },
{ "type": "Feature", "properties": { "cell_id": 1684, "lon": 76.257010567052461, "lat": 10.072924901185759 }, "geometry": { "type": "Polygon", "coordinates": [ [ [ 76.259290989734552, 10.070679123248281 ], [ 76.259290989734552, 10.075170679123236 ], [ 76.254730144370356, 10.075170679123236 ], [ 76.254730144370356, 10.070679123248281 ], [ 76.259290989734552, 10.070679123248281 ] ] ] } },
{ "type": "Feature", "properties": { "cell_id": 1685, "lon": 76.261571412416657, "lat": 10.072924901185759 }, "geometry": { "type": "Polygon", "coordinates": [ [ [ 76.263851835098748, 10.070679123248281 ], [ 76.263851835098748, 10.075170679123236 ], [ 76.259290989734552, 10.075170679123236 ], [ 76.259290989734552, 10.070679123248281 ], [ 76.263851835098748, 10.070679123248281 ] ] ] } },
{ "type": "Feature", "properties": { "cell_id": 1686, "lon": 76.266132257780853, "lat": 10.072924901185759 }, "geometry": { "type": "Polygon", "coordinates": [ [ [ 76.268412680462944, 10.070679123248281 ], [ 76.268412680462944, 10.075170679123236 ], [ 76.263851835098748, 10.075170679123236 ], [ 76.263851835098748, 10.070679123248281 ], [ 76.268412680462944, 10.070679123248281 ] ] ] } },
{ "type": "Feature", "properties": { "cell_id": 1687, "lon": 76.270693103145049, "lat": 10.072924901185759 }, "geometry": { "type": "Polygon", "coordinates": [ [ [ 76.27297352582714, 10.070679123248281 ], [ 76.27297352582714, 10.075170679123236 ], [ 76.268412680462944, 10.075170679123236 ], [ 76.268412680462944, 10.070679123248281 ], [ 76.27297352582714, 10.070679123248281 ] ] ] } },
{ "type": "Feature", "properties": { "cell_id": 1688, "lon": 76.275253948509246, "lat": 10.072924901185759 }, "geometry": { "type": "Polygon", "coordinates": [ [ [ 76.277534371191337, 10.070679123248281 ], [ 76.277534371191337, 10.075170679123236 ], [ 76.27297352582714, 10.075170679123236 ], [ 76.27297352582714, 10.070679123248281 ], [ 76.277534371191337, 10.070679123248281 ] ] ] } },
{ "type": "Feature", "properties": { "cell_id": 1689, "lon": 76.279814793873442, "lat": 10.072924901185759 }, "geometry": { "type": "Polygon", "coordinates": [ [ [ 76.282095216555533, 10.070679123248281 ], [ 76.282095216555533, 10.075170679123236 ], [ 76.277534371191337, 10.075170679123236 ], [ 76.277534371191337, 10.070679123248281 ], [ 76.282095216555533, 10.070679123248281 ] ] ] } },
{ "type": "Feature", "properties": { "cell_id": 1690, "lon": 76.284375639237638, "lat": 10.072924901185759 }, "geometry": { "type": "Polygon", "coordinates": [ [ [ 76.286656061919729, 10.070679123248281 ], [ 76.286656061919729, 10.075170679123236 ], [ 76.282095216555533, 10.075170679123236 ], [ 76.282095216555533, 10.070679123248281 ], [ 76.286656061919729, 10.070679123248281 ] ] ] } },
{ "type": "Feature", "properties": { "cell_id": 1691, "lon": 76.288936484601834, "lat": 10.072924901185759 }, "geometry": { "type": "Polygon", "coordinates": [ [ [ 76.291216907283925, 10.070679123248281 ], [ 76.291216907283925, 10.075170679123236 ], [ 76.286656061919729, 10.075170679123236 ], [ 76.286656061919729, 10.070679123248281 ], [ 76.291216907283925, 10.070679123248281 ] ] ] } },
{ "type": "Feature", "properties": { "cell_id": 1692, "lon": 76.29349732996603, "lat": 10.072924901185759 }, "geometry": { "type": "Polygon", "coordinates": [ [ [ 76.295777752648121, 10.070679123248281 ], [ 76.295777752648121, 10.075170679123236 ], [ 76.291216907283925, 10.075170679123236 ], [ 76.291216907283925, 10.070679123248281 ], [ 76.295777752648121, 10.070679123248281 ] ] ] } },
{ "type": "Feature", "properties": { "cell_id": 1693, "lon": 76.298058175330226, "lat": 10.072924901185759 }, "geometry": { "type": "Polygon", "coordinates": [ [ [ 76.300338598012317, 10.070679123248281 ], [ 76.300338598012317, 10.075170679123236 ], [ 76.295777752648121, 10.075170679123236 ], [ 76.295777752648121, 10.070679123248281 ], [ 76.300338598012317, 10.070679123248281 ] ] ] } },
{ "type": "Feature", "properties": { "cell_id": 1694, "lon": 76.302619020694422, "lat": 10.072924901185759 }, "geometry": { "type": "Polygon", "coordinates": [ [ [ 76.304899443376513, 10.070679123248281 ], [ 76.304899443376513, 10.075170679123236 ], [ 76.300338598012317, 10.075170679123236 ], [ 76.300338598012317, 10.070679123248281 ], [ 76.304899443376513, 10.070679123248281 ] ] ] } },
{ "type": "Feature", "properties": { "cell_id": 1695, "lon": 76.307179866058618, "lat": 10.072924901185759 }, "geometry": { "type": "Polygon", "coordinates": [ [ [ 76.309460288740709, 10.070679123248281 ], [ 76.309460288740709, 10.075170679123236 ], [ 76.304899443376513, 10.075170679123236 ], [ 76.304899443376513, 10.070679123248281 ], [ 76.309460288740709, 10.070679123248281 ] ] ] } },
{ "type": "Feature", "properties": { "cell_id": 1696, "lon": 76.311740711422814, "lat": 10.072924901185759 }, "geometry": { "type": "Polygon", "coordinates": [ [ [ 76.314021134104905, 10.070679123248281 ], [ 76.314021134104905, 10.075170679123236 ], [ 76.309460288740709, 10.075170679123236 ], [ 76.309460288740709, 10.070679123248281 ], [ 76.314021134104905, 10.070679123248281 ] ] ] } },
{ "type": "Feature", "properties": { "cell_id": 1697, "lon": 76.31630155678701, "lat": 10.072924901185759 }, "geometry": { "type": "Polygon", "coordinates": [ [ [ 76.318581979469101, 10.070679123248281 ], [ 76.318581979469101, 10.075170679123236 ], [ 76.314021134104905, 10.075170679123236 ], [ 76.314021134104905, 10.070679123248281 ], [ 76.318581979469101, 10.070679123248281 ] ] ] } },
{ "type": "Feature", "properties": { "cell_id": 1698, "lon": 76.320862402151207, "lat": 10.072924901185759 }, "geometry": { "type": "Polygon", "coordinates": [ [ [ 76.323142824833297, 10.070679123248281 ], [ 76.323142824833297, 10.075170679123236 ], [ 76.318581979469101, 10.075170679123236 ], [ 76.318581979469101, 10.070679123248281 ], [ 76.323142824833297, 10.070679123248281 ] ] ] } },
{ "type": "Feature", "properties": { "cell_id": 1699, "lon": 76.325423247515403, "lat": 10.072924901185759 }, "geometry": { "type": "Polygon", "coordinates": [ [ [ 76.327703670197494, 10.070679123248281 ], [ 76.327703670197494, 10.075170679123236 ], [ 76.323142824833297, 10.075170679123236 ], [ 76.323142824833297, 10.070679123248281 ], [ 76.327703670197494, 10.070679123248281 ] ] ] } },
{ "type": "Feature", "properties": { "cell_id": 1700, "lon": 76.329984092879599, "lat": 10.072924901185759 }, "geometry": { "type": "Polygon", "coordinates": [ [ [ 76.33226451556169, 10.070679123248281 ], [ 76.33226451556169, 10.075170679123236 ], [ 76.327703670197494, 10.075170679123236 ], [ 76.327703670197494, 10.070679123248281 ], [ 76.33226451556169, 10.070679123248281 ] ] ] } },
{ "type": "Feature", "properties": { "cell_id": 1701, "lon": 76.334544938243795, "lat": 10.072924901185759 }, "geometry": { "type": "Polygon", "coordinates": [ [ [ 76.336825360925886, 10.070679123248281 ], [ 76.336825360925886, 10.075170679123236 ], [ 76.33226451556169, 10.075170679123236 ], [ 76.33226451556169, 10.070679123248281 ], [ 76.336825360925886, 10.070679123248281 ] ] ] } },
{ "type": "Feature", "properties": { "cell_id": 1702, "lon": 76.339105783607991, "lat": 10.072924901185759 }, "geometry": { "type": "Polygon", "coordinates": [ [ [ 76.341386206290082, 10.070679123248281 ], [ 76.341386206290082, 10.075170679123236 ], [ 76.336825360925886, 10.075170679123236 ], [ 76.336825360925886, 10.070679123248281 ], [ 76.341386206290082, 10.070679123248281 ] ] ] } },
{ "type": "Feature", "properties": { "cell_id": 1703, "lon": 76.343666628972187, "lat": 10.072924901185759 }, "geometry": { "type": "Polygon", "coordinates": [ [ [ 76.345947051654278, 10.070679123248281 ], [ 76.345947051654278, 10.075170679123236 ], [ 76.341386206290082, 10.075170679123236 ], [ 76.341386206290082, 10.070679123248281 ], [ 76.345947051654278, 10.070679123248281 ] ] ] } },
{ "type": "Feature", "properties": { "cell_id": 1704, "lon": 76.348227474336383, "lat": 10.072924901185759 }, "geometry": { "type": "Polygon", "coordinates": [ [ [ 76.350507897018474, 10.070679123248281 ], [ 76.350507897018474, 10.075170679123236 ], [ 76.345947051654278, 10.075170679123236 ], [ 76.345947051654278, 10.070679123248281 ], [ 76.350507897018474, 10.070679123248281 ] ] ] } },
{ "type": "Feature", "properties": { "cell_id": 1705, "lon": 76.352788319700579, "lat": 10.072924901185759 }, "geometry": { "type": "Polygon", "coordinates": [ [ [ 76.35506874238267, 10.070679123248281 ], [ 76.35506874238267, 10.075170679123236 ], [ 76.350507897018474, 10.075170679123236 ], [ 76.350507897018474, 10.070679123248281 ], [ 76.35506874238267, 10.070679123248281 ] ] ] } },
{ "type": "Feature", "properties": { "cell_id": 1706, "lon": 76.357349165064775, "lat": 10.072924901185759 }, "geometry": { "type": "Polygon", "coordinates": [ [ [ 76.359629587746866, 10.070679123248281 ], [ 76.359629587746866, 10.075170679123236 ], [ 76.35506874238267, 10.075170679123236 ], [ 76.35506874238267, 10.070679123248281 ], [ 76.359629587746866, 10.070679123248281 ] ] ] } },
{ "type": "Feature", "properties": { "cell_id": 1707, "lon": 76.361910010428971, "lat": 10.072924901185759 }, "geometry": { "type": "Polygon", "coordinates": [ [ [ 76.364190433111062, 10.070679123248281 ], [ 76.364190433111062, 10.075170679123236 ], [ 76.359629587746866, 10.075170679123236 ], [ 76.359629587746866, 10.070679123248281 ], [ 76.364190433111062, 10.070679123248281 ] ] ] } },
{ "type": "Feature", "properties": { "cell_id": 1708, "lon": 76.366470855793168, "lat": 10.072924901185759 }, "geometry": { "type": "Polygon", "coordinates": [ [ [ 76.368751278475258, 10.070679123248281 ], [ 76.368751278475258, 10.075170679123236 ], [ 76.364190433111062, 10.075170679123236 ], [ 76.364190433111062, 10.070679123248281 ], [ 76.368751278475258, 10.070679123248281 ] ] ] } },
{ "type": "Feature", "properties": { "cell_id": 1709, "lon": 76.371031701157364, "lat": 10.072924901185759 }, "geometry": { "type": "Polygon", "coordinates": [ [ [ 76.373312123839455, 10.070679123248281 ], [ 76.373312123839455, 10.075170679123236 ], [ 76.368751278475258, 10.075170679123236 ], [ 76.368751278475258, 10.070679123248281 ], [ 76.373312123839455, 10.070679123248281 ] ] ] } },
{ "type": "Feature", "properties": { "cell_id": 1710, "lon": 76.37559254652156, "lat": 10.072924901185759 }, "geometry": { "type": "Polygon", "coordinates": [ [ [ 76.377872969203651, 10.070679123248281 ], [ 76.377872969203651, 10.075170679123236 ], [ 76.373312123839455, 10.075170679123236 ], [ 76.373312123839455, 10.070679123248281 ], [ 76.377872969203651, 10.070679123248281 ] ] ] } },
{ "type": "Feature", "properties": { "cell_id": 1711, "lon": 76.380153391885756, "lat": 10.072924901185759 }, "geometry": { "type": "Polygon", "coordinates": [ [ [ 76.382433814567847, 10.070679123248281 ], [ 76.382433814567847, 10.075170679123236 ], [ 76.377872969203651, 10.075170679123236 ], [ 76.377872969203651, 10.070679123248281 ], [ 76.382433814567847, 10.070679123248281 ] ] ] } },
{ "type": "Feature", "properties": { "cell_id": 1712, "lon": 76.384714237249952, "lat": 10.072924901185759 }, "geometry": { "type": "Polygon", "coordinates": [ [ [ 76.386994659932043, 10.070679123248281 ], [ 76.386994659932043, 10.075170679123236 ], [ 76.382433814567847, 10.075170679123236 ], [ 76.382433814567847, 10.070679123248281 ], [ 76.386994659932043, 10.070679123248281 ] ] ] } },
{ "type": "Feature", "properties": { "cell_id": 1713, "lon": 76.389275082614148, "lat": 10.072924901185759 }, "geometry": { "type": "Polygon", "coordinates": [ [ [ 76.391555505296239, 10.070679123248281 ], [ 76.391555505296239, 10.075170679123236 ], [ 76.386994659932043, 10.075170679123236 ], [ 76.386994659932043, 10.070679123248281 ], [ 76.391555505296239, 10.070679123248281 ] ] ] } },
{ "type": "Feature", "properties": { "cell_id": 1714, "lon": 76.393835927978344, "lat": 10.072924901185759 }, "geometry": { "type": "Polygon", "coordinates": [ [ [ 76.396116350660435, 10.070679123248281 ], [ 76.396116350660435, 10.075170679123236 ], [ 76.391555505296239, 10.075170679123236 ], [ 76.391555505296239, 10.070679123248281 ], [ 76.396116350660435, 10.070679123248281 ] ] ] } },
{ "type": "Feature", "properties": { "cell_id": 1715, "lon": 76.39839677334254, "lat": 10.072924901185759 }, "geometry": { "type": "Polygon", "coordinates": [ [ [ 76.400677196024631, 10.070679123248281 ], [ 76.400677196024631, 10.075170679123236 ], [ 76.396116350660435, 10.075170679123236 ], [ 76.396116350660435, 10.070679123248281 ], [ 76.400677196024631, 10.070679123248281 ] ] ] } },
{ "type": "Feature", "properties": { "cell_id": 1716, "lon": 76.202280422682108, "lat": 10.077416457060714 }, "geometry": { "type": "Polygon", "coordinates": [ [ [ 76.204560845364199, 10.075170679123236 ], [ 76.204560845364199, 10.079662234998191 ], [ 76.2, 10.079662234998191 ], [ 76.2, 10.075170679123236 ], [ 76.204560845364199, 10.075170679123236 ] ] ] } },
{ "type": "Feature", "properties": { "cell_id": 1717, "lon": 76.206841268046304, "lat": 10.077416457060714 }, "geometry": { "type": "Polygon", "coordinates": [ [ [ 76.209121690728395, 10.075170679123236 ], [ 76.209121690728395, 10.079662234998191 ], [ 76.204560845364199, 10.079662234998191 ], [ 76.204560845364199, 10.075170679123236 ], [ 76.209121690728395, 10.075170679123236 ] ] ] } },
{ "type": "Feature", "properties": { "cell_id": 1718, "lon": 76.2114021134105, "lat": 10.077416457060714 }, "geometry": { "type": "Polygon", "coordinates": [ [ [ 76.213682536092591, 10.075170679123236 ], [ 76.213682536092591, 10.079662234998191 ], [ 76.209121690728395, 10.079662234998191 ], [ 76.209121690728395, 10.075170679123236 ], [ 76.213682536092591, 10.075170679123236 ] ] ] } },
{ "type": "Feature", "properties": { "cell_id": 1719, "lon": 76.215962958774696, "lat": 10.077416457060714 }, "geometry": { "type": "Polygon", "coordinates": [ [ [ 76.218243381456787, 10.075170679123236 ], [ 76.218243381456787, 10.079662234998191 ], [ 76.213682536092591, 10.079662234998191 ], [ 76.213682536092591, 10.075170679123236 ], [ 76.218243381456787, 10.075170679123236 ] ] ] } },
{ "type": "Feature", "properties": { "cell_id": 1720, "lon": 76.220523804138892, "lat": 10.077416457060714 }, "geometry": { "type": "Polygon", "coordinates": [ [ [ 76.222804226820983, 10.075170679123236 ], [ 76.222804226820983, 10.079662234998191 ], [ 76.218243381456787, 10.079662234998191 ], [ 76.218243381456787, 10.075170679123236 ], [ 76.222804226820983, 10.075170679123236 ] ] ] } },
{ "type": "Feature", "properties": { "cell_id": 1721, "lon": 76.225084649503088, "lat": 10.077416457060714 }, "geometry": { "type": "Polygon", "coordinates": [ [ [ 76.227365072185179, 10.075170679123236 ], [ 76.227365072185179, 10.079662234998191 ], [ 76.222804226820983, 10.079662234998191 ], [ 76.222804226820983, 10.075170679123236 ], [ 76.227365072185179, 10.075170679123236 ] ] ] } },
{ "type": "Feature", "properties": { "cell_id": 1722, "lon": 76.229645494867285, "lat": 10.077416457060714 }, "geometry": { "type": "Polygon", "coordinates": [ [ [ 76.231925917549376, 10.075170679123236 ], [ 76.231925917549376, 10.079662234998191 ], [ 76.227365072185179, 10.079662234998191 ], [ 76.227365072185179, 10.075170679123236 ], [ 76.231925917549376, 10.075170679123236 ] ] ] } },
{ "type": "Feature", "properties": { "cell_id": 1723, "lon": 76.234206340231481, "lat": 10.077416457060714 }, "geometry": { "type": "Polygon", "coordinates": [ [ [ 76.236486762913572, 10.075170679123236 ], [ 76.236486762913572, 10.079662234998191 ], [ 76.231925917549376, 10.079662234998191 ], [ 76.231925917549376, 10.075170679123236 ], [ 76.236486762913572, 10.075170679123236 ] ] ] } },
{ "type": "Feature", "properties": { "cell_id": 1724, "lon": 76.238767185595677, "lat": 10.077416457060714 }, "geometry": { "type": "Polygon", "coordinates": [ [ [ 76.241047608277768, 10.075170679123236 ], [ 76.241047608277768, 10.079662234998191 ], [ 76.236486762913572, 10.079662234998191 ], [ 76.236486762913572, 10.075170679123236 ], [ 76.241047608277768, 10.075170679123236 ] ] ] } },
{ "type": "Feature", "properties": { "cell_id": 1725, "lon": 76.243328030959873, "lat": 10.077416457060714 }, "geometry": { "type": "Polygon", "coordinates": [ [ [ 76.245608453641964, 10.075170679123236 ], [ 76.245608453641964, 10.079662234998191 ], [ 76.241047608277768, 10.079662234998191 ], [ 76.241047608277768, 10.075170679123236 ], [ 76.245608453641964, 10.075170679123236 ] ] ] } },
{ "type": "Feature", "properties": { "cell_id": 1726, "lon": 76.247888876324069, "lat": 10.077416457060714 }, "geometry": { "type": "Polygon", "coordinates": [ [ [ 76.25016929900616, 10.075170679123236 ], [ 76.25016929900616, 10.079662234998191 ], [ 76.245608453641964, 10.079662234998191 ], [ 76.245608453641964, 10.075170679123236 ], [ 76.25016929900616, 10.075170679123236 ] ] ] } },
{ "type": "Feature", "properties": { "cell_id": 1727, "lon": 76.252449721688265, "lat": 10.077416457060714 }, "geometry": { "type": "Polygon", "coordinates": [ [ [ 76.254730144370356, 10.075170679123236 ], [ 76.254730144370356, 10.079662234998191 ], [ 76.25016929900616, 10.079662234998191 ], [ 76.25016929900616, 10.075170679123236 ], [ 76.254730144370356, 10.075170679123236 ] ] ] } },
{ "type": "Feature", "properties": { "cell_id": 1728, "lon": 76.257010567052461, "lat": 10.077416457060714 }, "geometry": { "type": "Polygon", "coordinates": [ [ [ 76.259290989734552, 10.075170679123236 ], [ 76.259290989734552, 10.079662234998191 ], [ 76.254730144370356, 10.079662234998191 ], [ 76.254730144370356, 10.075170679123236 ], [ 76.259290989734552, 10.075170679123236 ] ] ] } },
{ "type": "Feature", "properties": { "cell_id": 1729, "lon": 76.261571412416657, "lat": 10.077416457060714 }, "geometry": { "type": "Polygon", "coordinates": [ [ [ 76.263851835098748, 10.075170679123236 ], [ 76.263851835098748, 10.079662234998191 ], [ 76.259290989734552, 10.079662234998191 ], [ 76.259290989734552, 10.075170679123236 ], [ 76.263851835098748, 10.075170679123236 ] ] ] } },
{ "type": "Feature", "properties": { "cell_id": 1730, "lon": 76.266132257780853, "lat": 10.077416457060714 }, "geometry": { "type": "Polygon", "coordinates": [ [ [ 76.268412680462944, 10.075170679123236 ], [ 76.268412680462944, 10.079662234998191 ], [ 76.263851835098748, 10.079662234998191 ], [ 76.263851835098748, 10.075170679123236 ], [ 76.268412680462944, 10.075170679123236 ] ] ] } },
{ "type": "Feature", "properties": { "cell_id": 1731, "lon": 76.270693103145049, "lat": 10.077416457060714 }, "geometry": { "type": "Polygon", "coordinates": [ [ [ 76.27297352582714, 10.075170679123236 ], [ 76.27297352582714, 10.079662234998191 ], [ 76.268412680462944, 10.079662234998191 ], [ 76.268412680462944, 10.075170679123236 ], [ 76.27297352582714, 10.075170679123236 ] ] ] } },
{ "type": "Feature", "properties": { "cell_id": 1732, "lon": 76.275253948509246, "lat": 10.077416457060714 }, "geometry": { "type": "Polygon", "coordinates": [ [ [ 76.277534371191337, 10.075170679123236 ], [ 76.277534371191337, 10.079662234998191 ], [ 76.27297352582714, 10.079662234998191 ], [ 76.27297352582714, 10.075170679123236 ], [ 76.277534371191337, 10.075170679123236 ] ] ] } },
{ "type": "Feature", "properties": { "cell_id": 1733, "lon": 76.279814793873442, "lat": 10.077416457060714 }, "geometry": { "type": "Polygon", "coordinates": [ [ [ 76.282095216555533, 10.075170679123236 ], [ 76.282095216555533, 10.079662234998191 ], [ 76.277534371191337, 10.079662234998191 ], [ 76.277534371191337, 10.075170679123236 ], [ 76.282095216555533, 10.075170679123236 ] ] ] } },
{ "type": "Feature", "properties": { "cell_id": 1734, "lon": 76.284375639237638, "lat": 10.077416457060714 }, "geometry": { "type": "Polygon", "coordinates": [ [ [ 76.286656061919729, 10.075170679123236 ], [ 76.286656061919729, 10.079662234998191 ], [ 76.282095216555533, 10.079662234998191 ], [ 76.282095216555533, 10.075170679123236 ], [ 76.286656061919729, 10.075170679123236 ] ] ] } },
{ "type": "Feature", "properties": { "cell_id": 1735, "lon": 76.288936484601834, "lat": 10.077416457060714 }, "geometry": { "type": "Polygon", "coordinates": [ [ [ 76.291216907283925, 10.075170679123236 ], [ 76.291216907283925, 10.079662234998191 ], [ 76.286656061919729, 10.079662234998191 ], [ 76.286656061919729, 10.075170679123236 ], [ 76.291216907283925, 10.075170679123236 ] ] ] } },
{ "type": "Feature", "properties": { "cell_id": 1736, "lon": 76.29349732996603, "lat": 10.077416457060714 }, "geometry": { "type": "Polygon", "coordinates": [ [ [ 76.295777752648121, 10.075170679123236 ], [ 76.295777752648121, 10.079662234998191 ], [ 76.291216907283925, 10.079662234998191 ], [ 76.291216907283925, 10.075170679123236 ], [ 76.295777752648121, 10.075170679123236 ] ] ] } },
{ "type": "Feature", "properties": { "cell_id": 1737, "lon": 76.298058175330226, "lat": 10.077416457060714 }, "geometry": { "type": "Polygon", "coordinates": [ [ [ 76.300338598012317, 10.075170679123236 ], [ 76.300338598012317, 10.079662234998191 ], [ 76.295777752648121, 10.079662234998191 ], [ 76.295777752648121, 10.075170679123236 ], [ 76.300338598012317, 10.075170679123236 ] ] ] } },
{ "type": "Feature", "properties": { "cell_id": 1738, "lon": 76.302619020694422, "lat": 10.077416457060714 }, "geometry": { "type": "Polygon", "coordinates": [ [ [ 76.304899443376513, 10.075170679123236 ], [ 76.304899443376513, 10.079662234998191 ], [ 76.300338598012317, 10.079662234998191 ], [ 76.300338598012317, 10.075170679123236 ], [ 76.304899443376513, 10.075170679123236 ] ] ] } },
{ "type": "Feature", "properties": { "cell_id": 1739, "lon": 76.307179866058618, "lat": 10.077416457060714 }, "geometry": { "type": "Polygon", "coordinates": [ [ [ 76.309460288740709, 10.075170679123236 ], [ 76.309460288740709, 10.079662234998191 ], [ 76.304899443376513, 10.079662234998191 ], [ 76.304899443376513, 10.075170679123236 ], [ 76.309460288740709, 10.075170679123236 ] ] ] } },
{ "type": "Feature", "properties": { "cell_id": 1740, "lon": 76.311740711422814, "lat": 10.077416457060714 }, "geometry": { "type": "Polygon", "coordinates": [ [ [ 76.314021134104905, 10.075170679123236 ], [ 76.314021134104905, 10.079662234998191 ], [ 76.309460288740709, 10.079662234998191 ], [ 76.309460288740709, 10.075170679123236 ], [ 76.314021134104905, 10.075170679123236 ] ] ] } },
{ "type": "Feature", "properties": { "cell_id": 1741, "lon": 76.31630155678701, "lat": 10.077416457060714 }, "geometry": { "type": "Polygon", "coordinates": [ [ [ 76.318581979469101, 10.075170679123236 ], [ 76.318581979469101, 10.079662234998191 ], [ 76.314021134104905, 10.079662234998191 ], [ 76.314021134104905, 10.075170679123236 ], [ 76.318581979469101, 10.075170679123236 ] ] ] } },
{ "type": "Feature", "properties": { "cell_id": 1742, "lon": 76.320862402151207, "lat": 10.077416457060714 }, "geometry": { "type": "Polygon", "coordinates": [ [ [ 76.323142824833297, 10.075170679123236 ], [ 76.323142824833297, 10.079662234998191 ], [ 76.318581979469101, 10.079662234998191 ], [ 76.318581979469101, 10.075170679123236 ], [ 76.323142824833297, 10.075170679123236 ] ] ] } },
{ "type": "Feature", "properties": { "cell_id": 1743, "lon": 76.325423247515403, "lat": 10.077416457060714 }, "geometry": { "type": "Polygon", "coordinates": [ [ [ 76.327703670197494, 10.075170679123236 ], [ 76.327703670197494, 10.079662234998191 ], [ 76.323142824833297, 10.079662234998191 ], [ 76.323142824833297, 10.075170679123236 ], [ 76.327703670197494, 10.075170679123236 ] ] ] } },
{ "type": "Feature", "properties": { "cell_id": 1744, "lon": 76.329984092879599, "lat": 10.077416457060714 }, "geometry": { "type": "Polygon", "coordinates": [ [ [ 76.33226451556169, 10.075170679123236 ], [ 76.33226451556169, 10.079662234998191 ], [ 76.327703670197494, 10.079662234998191 ], [ 76.327703670197494, 10.075170679123236 ], [ 76.33226451556169, 10.075170679123236 ] ] ] } },
{ "type": "Feature", "properties": { "cell_id": 1745, "lon": 76.334544938243795, "lat": 10.077416457060714 }, "geometry": { "type": "Polygon", "coordinates": [ [ [ 76.336825360925886, 10.075170679123236 ], [ 76.336825360925886, 10.079662234998191 ], [ 76.33226451556169, 10.079662234998191 ], [ 76.33226451556169, 10.075170679123236 ], [ 76.336825360925886, 10.075170679123236 ] ] ] } },
{ "type": "Feature", "properties": { "cell_id": 1746, "lon": 76.339105783607991, "lat": 10.077416457060714 }, "geometry": { "type": "Polygon", "coordinates": [ [ [ 76.341386206290082, 10.075170679123236 ], [ 76.341386206290082, 10.079662234998191 ], [ 76.336825360925886, 10.079662234998191 ], [ 76.336825360925886, 10.075170679123236 ], [ 76.341386206290082, 10.075170679123236 ] ] ] } },
{ "type": "Feature", "properties": { "cell_id": 1747, "lon": 76.343666628972187, "lat": 10.077416457060714 }, "geometry": { "type": "Polygon", "coordinates": [ [ [ 76.345947051654278, 10.075170679123236 ], [ 76.345947051654278, 10.079662234998191 ], [ 76.341386206290082, 10.079662234998191 ], [ 76.341386206290082, 10.075170679123236 ], [ 76.345947051654278, 10.075170679123236 ] ] ] } },
{ "type": "Feature", "properties": { "cell_id": 1748, "lon": 76.348227474336383, "lat": 10.077416457060714 }, "geometry": { "type": "Polygon", "coordinates": [ [ [ 76.350507897018474, 10.075170679123236 ], [ 76.350507897018474, 10.079662234998191 ], [ 76.345947051654278, 10.079662234998191 ], [ 76.345947051654278, 10.075170679123236 ], [ 76.350507897018474, 10.075170679123236 ] ] ] } },
{ "type": "Feature", "properties": { "cell_id": 1749, "lon": 76.352788319700579, "lat": 10.077416457060714 }, "geometry": { "type": "Polygon", "coordinates": [ [ [ 76.35506874238267, 10.075170679123236 ], [ 76.35506874238267, 10.079662234998191 ], [ 76.350507897018474, 10.079662234998191 ], [ 76.350507897018474, 10.075170679123236 ], [ 76.35506874238267, 10.075170679123236 ] ] ] } },
{ "type": "Feature", "properties": { "cell_id": 1750, "lon": 76.357349165064775, "lat": 10.077416457060714 }, "geometry": { "type": "Polygon", "coordinates": [ [ [ 76.359629587746866, 10.075170679123236 ], [ 76.359629587746866, 10.079662234998191 ], [ 76.35506874238267, 10.079662234998191 ], [ 76.35506874238267, 10.075170679123236 ], [ 76.359629587746866, 10.075170679123236 ] ] ] } },
{ "type": "Feature", "properties": { "cell_id": 1751, "lon": 76.361910010428971, "lat": 10.077416457060714 }, "geometry": { "type": "Polygon", "coordinates": [ [ [ 76.364190433111062, 10.075170679123236 ], [ 76.364190433111062, 10.079662234998191 ], [ 76.359629587746866, 10.079662234998191 ], [ 76.359629587746866, 10.075170679123236 ], [ 76.364190433111062, 10.075170679123236 ] ] ] } },
{ "type": "Feature", "properties": { "cell_id": 1752, "lon": 76.366470855793168, "lat": 10.077416457060714 }, "geometry": { "type": "Polygon", "coordinates": [ [ [ 76.368751278475258, 10.075170679123236 ], [ 76.368751278475258, 10.079662234998191 ], [ 76.364190433111062, 10.079662234998191 ], [ 76.364190433111062, 10.075170679123236 ], [ 76.368751278475258, 10.075170679123236 ] ] ] } },
{ "type": "Feature", "properties": { "cell_id": 1753, "lon": 76.371031701157364, "lat": 10.077416457060714 }, "geometry": { "type": "Polygon", "coordinates": [ [ [ 76.373312123839455, 10.075170679123236 ], [ 76.373312123839455, 10.079662234998191 ], [ 76.368751278475258, 10.079662234998191 ], [ 76.368751278475258, 10.075170679123236 ], [ 76.373312123839455, 10.075170679123236 ] ] ] } },
{ "type": "Feature", "properties": { "cell_id": 1754, "lon": 76.37559254652156, "lat": 10.077416457060714 }, "geometry": { "type": "Polygon", "coordinates": [ [ [ 76.377872969203651, 10.075170679123236 ], [ 76.377872969203651, 10.079662234998191 ], [ 76.373312123839455, 10.079662234998191 ], [ 76.373312123839455, 10.075170679123236 ], [ 76.377872969203651, 10.075170679123236 ] ] ] } },
{ "type": "Feature", "properties": { "cell_id": 1755, "lon": 76.380153391885756, "lat": 10.077416457060714 }, "geometry": { "type": "Polygon", "coordinates": [ [ [ 76.382433814567847, 10.075170679123236 ], [ 76.382433814567847, 10.079662234998191 ], [ 76.377872969203651, 10.079662234998191 ], [ 76.377872969203651, 10.075170679123236 ], [ 76.382433814567847, 10.075170679123236 ] ] ] } },
{ "type": "Feature", "properties": { "cell_id": 1756, "lon": 76.384714237249952, "lat": 10.077416457060714 }, "geometry": { "type": "Polygon", "coordinates": [ [ [ 76.386994659932043, 10.075170679123236 ], [ 76.386994659932043, 10.079662234998191 ], [ 76.382433814567847, 10.079662234998191 ], [ 76.382433814567847, 10.075170679123236 ], [ 76.386994659932043, 10.075170679123236 ] ] ] } },
{ "type": "Feature", "properties": { "cell_id": 1757, "lon": 76.389275082614148, "lat": 10.077416457060714 }, "geometry": { "type": "Polygon", "coordinates": [ [ [ 76.391555505296239, 10.075170679123236 ], [ 76.391555505296239, 10.079662234998191 ], [ 76.386994659932043, 10.079662234998191 ], [ 76.386994659932043, 10.075170679123236 ], [ 76.391555505296239, 10.075170679123236 ] ] ] } },
{ "type": "Feature", "properties": { "cell_id": 1758, "lon": 76.393835927978344, "lat": 10.077416457060714 }, "geometry": { "type": "Polygon", "coordinates": [ [ [ 76.396116350660435, 10.075170679123236 ], [ 76.396116350660435, 10.079662234998191 ], [ 76.391555505296239, 10.079662234998191 ], [ 76.391555505296239, 10.075170679123236 ], [ 76.396116350660435, 10.075170679123236 ] ] ] } },
{ "type": "Feature", "properties": { "cell_id": 1759, "lon": 76.39839677334254, "lat": 10.077416457060714 }, "geometry": { "type": "Polygon", "coordinates": [ [ [ 76.400677196024631, 10.075170679123236 ], [ 76.400677196024631, 10.079662234998191 ], [ 76.396116350660435, 10.079662234998191 ], [ 76.396116350660435, 10.075170679123236 ], [ 76.400677196024631, 10.075170679123236 ] ] ] } },
{ "type": "Feature", "properties": { "cell_id": 1760, "lon": 76.202280422682108, "lat": 10.081908012935669 }, "geometry": { "type": "Polygon", "coordinates": [ [ [ 76.204560845364199, 10.079662234998191 ], [ 76.204560845364199, 10.084153790873145 ], [ 76.2, 10.084153790873145 ], [ 76.2, 10.079662234998191 ], [ 76.204560845364199, 10.079662234998191 ] ] ] } },
{ "type": "Feature", "properties": { "cell_id": 1761, "lon": 76.206841268046304, "lat": 10.081908012935669 }, "geometry": { "type": "Polygon", "coordinates": [ [ [ 76.209121690728395, 10.079662234998191 ], [ 76.209121690728395, 10.084153790873145 ], [ 76.204560845364199, 10.084153790873145 ], [ 76.204560845364199, 10.079662234998191 ], [ 76.209121690728395, 10.079662234998191 ] ] ] } },
{ "type": "Feature", "properties": { "cell_id": 1762, "lon": 76.2114021134105, "lat": 10.081908012935669 }, "geometry": { "type": "Polygon", "coordinates": [ [ [ 76.213682536092591, 10.079662234998191 ], [ 76.213682536092591, 10.084153790873145 ], [ 76.209121690728395, 10.084153790873145 ], [ 76.209121690728395, 10.079662234998191 ], [ 76.213682536092591, 10.079662234998191 ] ] ] } },
{ "type": "Feature", "properties": { "cell_id": 1763, "lon": 76.215962958774696, "lat": 10.081908012935669 }, "geometry": { "type": "Polygon", "coordinates": [ [ [ 76.218243381456787, 10.079662234998191 ], [ 76.218243381456787, 10.084153790873145 ], [ 76.213682536092591, 10.084153790873145 ], [ 76.213682536092591, 10.079662234998191 ], [ 76.218243381456787, 10.079662234998191 ] ] ] } },
{ "type": "Feature", "properties": { "cell_id": 1764, "lon": 76.220523804138892, "lat": 10.081908012935669 }, "geometry": { "type": "Polygon", "coordinates": [ [ [ 76.222804226820983, 10.079662234998191 ], [ 76.222804226820983, 10.084153790873145 ], [ 76.218243381456787, 10.084153790873145 ], [ 76.218243381456787, 10.079662234998191 ], [ 76.222804226820983, 10.079662234998191 ] ] ] } },
{ "type": "Feature", "properties": { "cell_id": 1765, "lon": 76.225084649503088, "lat": 10.081908012935669 }, "geometry": { "type": "Polygon", "coordinates": [ [ [ 76.227365072185179, 10.079662234998191 ], [ 76.227365072185179, 10.084153790873145 ], [ 76.222804226820983, 10.084153790873145 ], [ 76.222804226820983, 10.079662234998191 ], [ 76.227365072185179, 10.079662234998191 ] ] ] } },
{ "type": "Feature", "properties": { "cell_id": 1766, "lon": 76.229645494867285, "lat": 10.081908012935669 }, "geometry": { "type": "Polygon", "coordinates": [ [ [ 76.231925917549376, 10.079662234998191 ], [ 76.231925917549376, 10.084153790873145 ], [ 76.227365072185179, 10.084153790873145 ], [ 76.227365072185179, 10.079662234998191 ], [ 76.231925917549376, 10.079662234998191 ] ] ] } },
{ "type": "Feature", "properties": { "cell_id": 1767, "lon": 76.234206340231481, "lat": 10.081908012935669 }, "geometry": { "type": "Polygon", "coordinates": [ [ [ 76.236486762913572, 10.079662234998191 ], [ 76.236486762913572, 10.084153790873145 ], [ 76.231925917549376, 10.084153790873145 ], [ 76.231925917549376, 10.079662234998191 ], [ 76.236486762913572, 10.079662234998191 ] ] ] } },
{ "type": "Feature", "properties": { "cell_id": 1768, "lon": 76.238767185595677, "lat": 10.081908012935669 }, "geometry": { "type": "Polygon", "coordinates": [ [ [ 76.241047608277768, 10.079662234998191 ], [ 76.241047608277768, 10.084153790873145 ], [ 76.236486762913572, 10.084153790873145 ], [ 76.236486762913572, 10.079662234998191 ], [ 76.241047608277768, 10.079662234998191 ] ] ] } },
{ "type": "Feature", "properties": { "cell_id": 1769, "lon": 76.243328030959873, "lat": 10.081908012935669 }, "geometry": { "type": "Polygon", "coordinates": [ [ [ 76.245608453641964, 10.079662234998191 ], [ 76.245608453641964, 10.084153790873145 ], [ 76.241047608277768, 10.084153790873145 ], [ 76.241047608277768, 10.079662234998191 ], [ 76.245608453641964, 10.079662234998191 ] ] ] } },
{ "type": "Feature", "properties": { "cell_id": 1770, "lon": 76.247888876324069, "lat": 10.081908012935669 }, "geometry": { "type": "Polygon", "coordinates": [ [ [ 76.25016929900616, 10.079662234998191 ], [ 76.25016929900616, 10.084153790873145 ], [ 76.245608453641964, 10.084153790873145 ], [ 76.245608453641964, 10.079662234998191 ], [ 76.25016929900616, 10.079662234998191 ] ] ] } },
{ "type": "Feature", "properties": { "cell_id": 1771, "lon": 76.252449721688265, "lat": 10.081908012935669 }, "geometry": { "type": "Polygon", "coordinates": [ [ [ 76.254730144370356, 10.079662234998191 ], [ 76.254730144370356, 10.084153790873145 ], [ 76.25016929900616, 10.084153790873145 ], [ 76.25016929900616, 10.079662234998191 ], [ 76.254730144370356, 10.079662234998191 ] ] ] } },
{ "type": "Feature", "properties": { "cell_id": 1772, "lon": 76.257010567052461, "lat": 10.081908012935669 }, "geometry": { "type": "Polygon", "coordinates": [ [ [ 76.259290989734552, 10.079662234998191 ], [ 76.259290989734552, 10.084153790873145 ], [ 76.254730144370356, 10.084153790873145 ], [ 76.254730144370356, 10.079662234998191 ], [ 76.259290989734552, 10.079662234998191 ] ] ] } },
{ "type": "Feature", "properties": { "cell_id": 1773, "lon": 76.261571412416657, "lat": 10.081908012935669 }, "geometry": { "type": "Polygon", "coordinates": [ [ [ 76.263851835098748, 10.079662234998191 ], [ 76.263851835098748, 10.084153790873145 ], [ 76.259290989734552, 10.084153790873145 ], [ 76.259290989734552, 10.079662234998191 ], [ 76.263851835098748, 10.079662234998191 ] ] ] } },
{ "type": "Feature", "properties": { "cell_id": 1774, "lon": 76.266132257780853, "lat": 10.081908012935669 }, "geometry": { "type": "Polygon", "coordinates": [ [ [ 76.268412680462944, 10.079662234998191 ], [ 76.268412680462944, 10.084153790873145 ], [ 76.263851835098748, 10.084153790873145 ], [ 76.263851835098748, 10.079662234998191 ], [ 76.268412680462944, 10.079662234998191 ] ] ] } },
{ "type": "Feature", "properties": { "cell_id": 1775, "lon": 76.270693103145049, "lat": 10.081908012935669 }, "geometry": { "type": "Polygon", "coordinates": [ [ [ 76.27297352582714, 10.079662234998191 ], [ 76.27297352582714, 10.084153790873145 ], [ 76.268412680462944, 10.084153790873145 ], [ 76.268412680462944, 10.079662234998191 ], [ 76.27297352582714, 10.079662234998191 ] ] ] } },
{ "type": "Feature", "properties": { "cell_id": 1776, "lon": 76.275253948509246, "lat": 10.081908012935669 }, "geometry": { "type": "Polygon", "coordinates": [ [ [ 76.277534371191337, 10.079662234998191 ], [ 76.277534371191337, 10.084153790873145 ], [ 76.27297352582714, 10.084153790873145 ], [ 76.27297352582714, 10.079662234998191 ], [ 76.277534371191337, 10.079662234998191 ] ] ] } },
{ "type": "Feature", "properties": { "cell_id": 1777, "lon": 76.279814793873442, "lat": 10.081908012935669 }, "geometry": { "type": "Polygon", "coordinates": [ [ [ 76.282095216555533, 10.079662234998191 ], [ 76.282095216555533, 10.084153790873145 ], [ 76.277534371191337, 10.084153790873145 ], [ 76.277534371191337, 10.079662234998191 ], [ 76.282095216555533, 10.079662234998191 ] ] ] } },
{ "type": "Feature", "properties": { "cell_id": 1778, "lon": 76.284375639237638, "lat": 10.081908012935669 }, "geometry": { "type": "Polygon", "coordinates": [ [ [ 76.286656061919729, 10.079662234998191 ], [ 76.286656061919729, 10.084153790873145 ], [ 76.282095216555533, 10.084153790873145 ], [ 76.282095216555533, 10.079662234998191 ], [ 76.286656061919729, 10.079662234998191 ] ] ] } },
{ "type": "Feature", "properties": { "cell_id": 1779, "lon": 76.288936484601834, "lat": 10.081908012935669 }, "geometry": { "type": "Polygon", "coordinates": [ [ [ 76.291216907283925, 10.079662234998191 ], [ 76.291216907283925, 10.084153790873145 ], [ 76.286656061919729, 10.084153790873145 ], [ 76.286656061919729, 10.079662234998191 ], [ 76.291216907283925, 10.079662234998191 ] ] ] } },
{ "type": "Feature", "properties": { "cell_id": 1780, "lon": 76.29349732996603, "lat": 10.081908012935669 }, "geometry": { "type": "Polygon", "coordinates": [ [ [ 76.295777752648121, 10.079662234998191 ], [ 76.295777752648121, 10.084153790873145 ], [ 76.291216907283925, 10.084153790873145 ], [ 76.291216907283925, 10.079662234998191 ], [ 76.295777752648121, 10.079662234998191 ] ] ] } },
{ "type": "Feature", "properties": { "cell_id": 1781, "lon": 76.298058175330226, "lat": 10.081908012935669 }, "geometry": { "type": "Polygon", "coordinates": [ [ [ 76.300338598012317, 10.079662234998191 ], [ 76.300338598012317, 10.084153790873145 ], [ 76.295777752648121, 10.084153790873145 ], [ 76.295777752648121, 10.079662234998191 ], [ 76.300338598012317, 10.079662234998191 ] ] ] } },
{ "type": "Feature", "properties": { "cell_id": 1782, "lon": 76.302619020694422, "lat": 10.081908012935669 }, "geometry": { "type": "Polygon", "coordinates": [ [ [ 76.304899443376513, 10.079662234998191 ], [ 76.304899443376513, 10.084153790873145 ], [ 76.300338598012317, 10.084153790873145 ], [ 76.300338598012317, 10.079662234998191 ], [ 76.304899443376513, 10.079662234998191 ] ] ] } },
{ "type": "Feature", "properties": { "cell_id": 1783, "lon": 76.307179866058618, "lat": 10.081908012935669 }, "geometry": { "type": "Polygon", "coordinates": [ [ [ 76.309460288740709, 10.079662234998191 ], [ 76.309460288740709, 10.084153790873145 ], [ 76.304899443376513, 10.084153790873145 ], [ 76.304899443376513, 10.079662234998191 ], [ 76.309460288740709, 10.079662234998191 ] ] ] } },
{ "type": "Feature", "properties": { "cell_id": 1784, "lon": 76.311740711422814, "lat": 10.081908012935669 }, "geometry": { "type": "Polygon", "coordinates": [ [ [ 76.314021134104905, 10.079662234998191 ], [ 76.314021134104905, 10.084153790873145 ], [ 76.309460288740709, 10.084153790873145 ], [ 76.309460288740709, 10.079662234998191 ], [ 76.314021134104905, 10.079662234998191 ] ] ] } },
{ "type": "Feature", "properties": { "cell_id": 1785, "lon": 76.31630155678701, "lat": 10.081908012935669 }, "geometry": { "type": "Polygon", "coordinates": [ [ [ 76.318581979469101, 10.079662234998191 ], [ 76.318581979469101, 10.084153790873145 ], [ 76.314021134104905, 10.084153790873145 ], [ 76.314021134104905, 10.079662234998191 ], [ 76.318581979469101, 10.079662234998191 ] ] ] } },
{ "type": "Feature", "properties": { "cell_id": 1786, "lon": 76.320862402151207, "lat": 10.081908012935669 }, "geometry": { "type": "Polygon", "coordinates": [ [ [ 76.323142824833297, 10.079662234998191 ], [ 76.323142824833297, 10.084153790873145 ], [ 76.318581979469101, 10.084153790873145 ], [ 76.318581979469101, 10.079662234998191 ], [ 76.323142824833297, 10.079662234998191 ] ] ] } },
{ "type": "Feature", "properties": { "cell_id": 1787, "lon": 76.325423247515403, "lat": 10.081908012935669 }, "geometry": { "type": "Polygon", "coordinates": [ [ [ 76.327703670197494, 10.079662234998191 ], [ 76.327703670197494, 10.084153790873145 ], [ 76.323142824833297, 10.084153790873145 ], [ 76.323142824833297, 10.079662234998191 ], [ 76.327703670197494, 10.079662234998191 ] ] ] } },
{ "type": "Feature", "properties": { "cell_id": 1788, "lon": 76.329984092879599, "lat": 10.081908012935669 }, "geometry": { "type": "Polygon", "coordinates": [ [ [ 76.33226451556169, 10.079662234998191 ], [ 76.33226451556169, 10.084153790873145 ], [ 76.327703670197494, 10.084153790873145 ], [ 76.327703670197494, 10.079662234998191 ], [ 76.33226451556169, 10.079662234998191 ] ] ] } },
{ "type": "Feature", "properties": { "cell_id": 1789, "lon": 76.334544938243795, "lat": 10.081908012935669 }, "geometry": { "type": "Polygon", "coordinates": [ [ [ 76.336825360925886, 10.079662234998191 ], [ 76.336825360925886, 10.084153790873145 ], [ 76.33226451556169, 10.084153790873145 ], [ 76.33226451556169, 10.079662234998191 ], [ 76.336825360925886, 10.079662234998191 ] ] ] } },
{ "type": "Feature", "properties": { "cell_id": 1790, "lon": 76.339105783607991, "lat": 10.081908012935669 }, "geometry": { "type": "Polygon", "coordinates": [ [ [ 76.341386206290082, 10.079662234998191 ], [ 76.341386206290082, 10.084153790873145 ], [ 76.336825360925886, 10.084153790873145 ], [ 76.336825360925886, 10.079662234998191 ], [ 76.341386206290082, 10.079662234998191 ] ] ] } },
{ "type": "Feature", "properties": { "cell_id": 1791, "lon": 76.343666628972187, "lat": 10.081908012935669 }, "geometry": { "type": "Polygon", "coordinates": [ [ [ 76.345947051654278, 10.079662234998191 ], [ 76.345947051654278, 10.084153790873145 ], [ 76.341386206290082, 10.084153790873145 ], [ 76.341386206290082, 10.079662234998191 ], [ 76.345947051654278, 10.079662234998191 ] ] ] } },
{ "type": "Feature", "properties": { "cell_id": 1792, "lon": 76.348227474336383, "lat": 10.081908012935669 }, "geometry": { "type": "Polygon", "coordinates": [ [ [ 76.350507897018474, 10.079662234998191 ], [ 76.350507897018474, 10.084153790873145 ], [ 76.345947051654278, 10.084153790873145 ], [ 76.345947051654278, 10.079662234998191 ], [ 76.350507897018474, 10.079662234998191 ] ] ] } },
{ "type": "Feature", "properties": { "cell_id": 1793, "lon": 76.352788319700579, "lat": 10.081908012935669 }, "geometry": { "type": "Polygon", "coordinates": [ [ [ 76.35506874238267, 10.079662234998191 ], [ 76.35506874238267, 10.084153790873145 ], [ 76.350507897018474, 10.084153790873145 ], [ 76.350507897018474, 10.079662234998191 ], [ 76.35506874238267, 10.079662234998191 ] ] ] } },
{ "type": "Feature", "properties": { "cell_id": 1794, "lon": 76.357349165064775, "lat": 10.081908012935669 }, "geometry": { "type": "Polygon", "coordinates": [ [ [ 76.359629587746866, 10.079662234998191 ], [ 76.359629587746866, 10.084153790873145 ], [ 76.35506874238267, 10.084153790873145 ], [ 76.35506874238267, 10.079662234998191 ], [ 76.359629587746866, 10.079662234998191 ] ] ] } },
{ "type": "Feature", "properties": { "cell_id": 1795, "lon": 76.361910010428971, "lat": 10.081908012935669 }, "geometry": { "type": "Polygon", "coordinates": [ [ [ 76.364190433111062, 10.079662234998191 ], [ 76.364190433111062, 10.084153790873145 ], [ 76.359629587746866, 10.084153790873145 ], [ 76.359629587746866, 10.079662234998191 ], [ 76.364190433111062, 10.079662234998191 ] ] ] } },
{ "type": "Feature", "properties": { "cell_id": 1796, "lon": 76.366470855793168, "lat": 10.081908012935669 }, "geometry": { "type": "Polygon", "coordinates": [ [ [ 76.368751278475258, 10.079662234998191 ], [ 76.368751278475258, 10.084153790873145 ], [ 76.364190433111062, 10.084153790873145 ], [ 76.364190433111062, 10.079662234998191 ], [ 76.368751278475258, 10.079662234998191 ] ] ] } },
{ "type": "Feature", "properties": { "cell_id": 1797, "lon": 76.371031701157364, "lat": 10.081908012935669 }, "geometry": { "type": "Polygon", "coordinates": [ [ [ 76.373312123839455, 10.079662234998191 ], [ 76.373312123839455, 10.084153790873145 ], [ 76.368751278475258, 10.084153790873145 ], [ 76.368751278475258, 10.079662234998191 ], [ 76.373312123839455, 10.079662234998191 ] ] ] } },
{ "type": "Feature", "properties": { "cell_id": 1798, "lon": 76.37559254652156, "lat": 10.081908012935669 }, "geometry": { "type": "Polygon", "coordinates": [ [ [ 76.377872969203651, 10.079662234998191 ], [ 76.377872969203651, 10.084153790873145 ], [ 76.373312123839455, 10.084153790873145 ], [ 76.373312123839455, 10.079662234998191 ], [ 76.377872969203651, 10.079662234998191 ] ] ] } },
{ "type": "Feature", "properties": { "cell_id": 1799, "lon": 76.380153391885756, "lat": 10.081908012935669 }, "geometry": { "type": "Polygon", "coordinates": [ [ [ 76.382433814567847, 10.079662234998191 ], [ 76.382433814567847, 10.084153790873145 ], [ 76.377872969203651, 10.084153790873145 ], [ 76.377872969203651, 10.079662234998191 ], [ 76.382433814567847, 10.079662234998191 ] ] ] } },
{ "type": "Feature", "properties": { "cell_id": 1800, "lon": 76.384714237249952, "lat": 10.081908012935669 }, "geometry": { "type": "Polygon", "coordinates": [ [ [ 76.386994659932043, 10.079662234998191 ], [ 76.386994659932043, 10.084153790873145 ], [ 76.382433814567847, 10.084153790873145 ], [ 76.382433814567847, 10.079662234998191 ], [ 76.386994659932043, 10.079662234998191 ] ] ] } },
{ "type": "Feature", "properties": { "cell_id": 1801, "lon": 76.389275082614148, "lat": 10.081908012935669 }, "geometry": { "type": "Polygon", "coordinates": [ [ [ 76.391555505296239, 10.079662234998191 ], [ 76.391555505296239, 10.084153790873145 ], [ 76.386994659932043, 10.084153790873145 ], [ 76.386994659932043, 10.079662234998191 ], [ 76.391555505296239, 10.079662234998191 ] ] ] } },
{ "type": "Feature", "properties": { "cell_id": 1802, "lon": 76.393835927978344, "lat": 10.081908012935669 }, "geometry": { "type": "Polygon", "coordinates": [ [ [ 76.396116350660435, 10.079662234998191 ], [ 76.396116350660435, 10.084153790873145 ], [ 76.391555505296239, 10.084153790873145 ], [ 76.391555505296239, 10.079662234998191 ], [ 76.396116350660435, 10.079662234998191 ] ] ] } },
{ "type": "Feature", "properties": { "cell_id": 1803, "lon": 76.39839677334254, "lat": 10.081908012935669 }, "geometry": { "type": "Polygon", "coordinates": [ [ [ 76.400677196024631, 10.079662234998191 ], [ 76.400677196024631, 10.084153790873145 ], [ 76.396116350660435, 10.084153790873145 ], [ 76.396116350660435, 10.079662234998191 ], [ 76.400677196024631, 10.079662234998191 ] ] ] } },
{ "type": "Feature", "properties": { "cell_id": 1804, "lon": 76.202280422682108, "lat": 10.086399568810624 }, "geometry": { "type": "Polygon", "coordinates": [ [ [ 76.204560845364199, 10.084153790873145 ], [ 76.204560845364199, 10.0886453467481 ], [ 76.2, 10.0886453467481 ], [ 76.2, 10.084153790873145 ], [ 76.204560845364199, 10.084153790873145 ] ] ] } },
{ "type": "Feature", "properties": { "cell_id": 1805, "lon": 76.206841268046304, "lat": 10.086399568810624 }, "geometry": { "type": "Polygon", "coordinates": [ [ [ 76.209121690728395, 10.084153790873145 ], [ 76.209121690728395, 10.0886453467481 ], [ 76.204560845364199, 10.0886453467481 ], [ 76.204560845364199, 10.084153790873145 ], [ 76.209121690728395, 10.084153790873145 ] ] ] } },
{ "type": "Feature", "properties": { "cell_id": 1806, "lon": 76.2114021134105, "lat": 10.086399568810624 }, "geometry": { "type": "Polygon", "coordinates": [ [ [ 76.213682536092591, 10.084153790873145 ], [ 76.213682536092591, 10.0886453467481 ], [ 76.209121690728395, 10.0886453467481 ], [ 76.209121690728395, 10.084153790873145 ], [ 76.213682536092591, 10.084153790873145 ] ] ] } },
{ "type": "Feature", "properties": { "cell_id": 1807, "lon": 76.215962958774696, "lat": 10.086399568810624 }, "geometry": { "type": "Polygon", "coordinates": [ [ [ 76.218243381456787, 10.084153790873145 ], [ 76.218243381456787, 10.0886453467481 ], [ 76.213682536092591, 10.0886453467481 ], [ 76.213682536092591, 10.084153790873145 ], [ 76.218243381456787, 10.084153790873145 ] ] ] } },
{ "type": "Feature", "properties": { "cell_id": 1808, "lon": 76.220523804138892, "lat": 10.086399568810624 }, "geometry": { "type": "Polygon", "coordinates": [ [ [ 76.222804226820983, 10.084153790873145 ], [ 76.222804226820983, 10.0886453467481 ], [ 76.218243381456787, 10.0886453467481 ], [ 76.218243381456787, 10.084153790873145 ], [ 76.222804226820983, 10.084153790873145 ] ] ] } },
{ "type": "Feature", "properties": { "cell_id": 1809, "lon": 76.225084649503088, "lat": 10.086399568810624 }, "geometry": { "type": "Polygon", "coordinates": [ [ [ 76.227365072185179, 10.084153790873145 ], [ 76.227365072185179, 10.0886453467481 ], [ 76.222804226820983, 10.0886453467481 ], [ 76.222804226820983, 10.084153790873145 ], [ 76.227365072185179, 10.084153790873145 ] ] ] } },
{ "type": "Feature", "properties": { "cell_id": 1810, "lon": 76.229645494867285, "lat": 10.086399568810624 }, "geometry": { "type": "Polygon", "coordinates": [ [ [ 76.231925917549376, 10.084153790873145 ], [ 76.231925917549376, 10.0886453467481 ], [ 76.227365072185179, 10.0886453467481 ], [ 76.227365072185179, 10.084153790873145 ], [ 76.231925917549376, 10.084153790873145 ] ] ] } },
{ "type": "Feature", "properties": { "cell_id": 1811, "lon": 76.234206340231481, "lat": 10.086399568810624 }, "geometry": { "type": "Polygon", "coordinates": [ [ [ 76.236486762913572, 10.084153790873145 ], [ 76.236486762913572, 10.0886453467481 ], [ 76.231925917549376, 10.0886453467481 ], [ 76.231925917549376, 10.084153790873145 ], [ 76.236486762913572, 10.084153790873145 ] ] ] } },
{ "type": "Feature", "properties": { "cell_id": 1812, "lon": 76.238767185595677, "lat": 10.086399568810624 }, "geometry": { "type": "Polygon", "coordinates": [ [ [ 76.241047608277768, 10.084153790873145 ], [ 76.241047608277768, 10.0886453467481 ], [ 76.236486762913572, 10.0886453467481 ], [ 76.236486762913572, 10.084153790873145 ], [ 76.241047608277768, 10.084153790873145 ] ] ] } },
{ "type": "Feature", "properties": { "cell_id": 1813, "lon": 76.243328030959873, "lat": 10.086399568810624 }, "geometry": { "type": "Polygon", "coordinates": [ [ [ 76.245608453641964, 10.084153790873145 ], [ 76.245608453641964, 10.0886453467481 ], [ 76.241047608277768, 10.0886453467481 ], [ 76.241047608277768, 10.084153790873145 ], [ 76.245608453641964, 10.084153790873145 ] ] ] } },
{ "type": "Feature", "properties": { "cell_id": 1814, "lon": 76.247888876324069, "lat": 10.086399568810624 }, "geometry": { "type": "Polygon", "coordinates": [ [ [ 76.25016929900616, 10.084153790873145 ], [ 76.25016929900616, 10.0886453467481 ], [ 76.245608453641964, 10.0886453467481 ], [ 76.245608453641964, 10.084153790873145 ], [ 76.25016929900616, 10.084153790873145 ] ] ] } },
{ "type": "Feature", "properties": { "cell_id": 1815, "lon": 76.252449721688265, "lat": 10.086399568810624 }, "geometry": { "type": "Polygon", "coordinates": [ [ [ 76.254730144370356, 10.084153790873145 ], [ 76.254730144370356, 10.0886453467481 ], [ 76.25016929900616, 10.0886453467481 ], [ 76.25016929900616, 10.084153790873145 ], [ 76.254730144370356, 10.084153790873145 ] ] ] } },
{ "type": "Feature", "properties": { "cell_id": 1816, "lon": 76.257010567052461, "lat": 10.086399568810624 }, "geometry": { "type": "Polygon", "coordinates": [ [ [ 76.259290989734552, 10.084153790873145 ], [ 76.259290989734552, 10.0886453467481 ], [ 76.254730144370356, 10.0886453467481 ], [ 76.254730144370356, 10.084153790873145 ], [ 76.259290989734552, 10.084153790873145 ] ] ] } },
{ "type": "Feature", "properties": { "cell_id": 1817, "lon": 76.261571412416657, "lat": 10.086399568810624 }, "geometry": { "type": "Polygon", "coordinates": [ [ [ 76.263851835098748, 10.084153790873145 ], [ 76.263851835098748, 10.0886453467481 ], [ 76.259290989734552, 10.0886453467481 ], [ 76.259290989734552, 10.084153790873145 ], [ 76.263851835098748, 10.084153790873145 ] ] ] } },
{ "type": "Feature", "properties": { "cell_id": 1818, "lon": 76.266132257780853, "lat": 10.086399568810624 }, "geometry": { "type": "Polygon", "coordinates": [ [ [ 76.268412680462944, 10.084153790873145 ], [ 76.268412680462944, 10.0886453467481 ], [ 76.263851835098748, 10.0886453467481 ], [ 76.263851835098748, 10.084153790873145 ], [ 76.268412680462944, 10.084153790873145 ] ] ] } },
{ "type": "Feature", "properties": { "cell_id": 1819, "lon": 76.270693103145049, "lat": 10.086399568810624 }, "geometry": { "type": "Polygon", "coordinates": [ [ [ 76.27297352582714, 10.084153790873145 ], [ 76.27297352582714, 10.0886453467481 ], [ 76.268412680462944, 10.0886453467481 ], [ 76.268412680462944, 10.084153790873145 ], [ 76.27297352582714, 10.084153790873145 ] ] ] } },
{ "type": "Feature", "properties": { "cell_id": 1820, "lon": 76.275253948509246, "lat": 10.086399568810624 }, "geometry": { "type": "Polygon", "coordinates": [ [ [ 76.277534371191337, 10.084153790873145 ], [ 76.277534371191337, 10.0886453467481 ], [ 76.27297352582714, 10.0886453467481 ], [ 76.27297352582714, 10.084153790873145 ], [ 76.277534371191337, 10.084153790873145 ] ] ] } },
{ "type": "Feature", "properties": { "cell_id": 1821, "lon": 76.279814793873442, "lat": 10.086399568810624 }, "geometry": { "type": "Polygon", "coordinates": [ [ [ 76.282095216555533, 10.084153790873145 ], [ 76.282095216555533, 10.0886453467481 ], [ 76.277534371191337, 10.0886453467481 ], [ 76.277534371191337, 10.084153790873145 ], [ 76.282095216555533, 10.084153790873145 ] ] ] } },
{ "type": "Feature", "properties": { "cell_id": 1822, "lon": 76.284375639237638, "lat": 10.086399568810624 }, "geometry": { "type": "Polygon", "coordinates": [ [ [ 76.286656061919729, 10.084153790873145 ], [ 76.286656061919729, 10.0886453467481 ], [ 76.282095216555533, 10.0886453467481 ], [ 76.282095216555533, 10.084153790873145 ], [ 76.286656061919729, 10.084153790873145 ] ] ] } },
{ "type": "Feature", "properties": { "cell_id": 1823, "lon": 76.288936484601834, "lat": 10.086399568810624 }, "geometry": { "type": "Polygon", "coordinates": [ [ [ 76.291216907283925, 10.084153790873145 ], [ 76.291216907283925, 10.0886453467481 ], [ 76.286656061919729, 10.0886453467481 ], [ 76.286656061919729, 10.084153790873145 ], [ 76.291216907283925, 10.084153790873145 ] ] ] } },
{ "type": "Feature", "properties": { "cell_id": 1824, "lon": 76.29349732996603, "lat": 10.086399568810624 }, "geometry": { "type": "Polygon", "coordinates": [ [ [ 76.295777752648121, 10.084153790873145 ], [ 76.295777752648121, 10.0886453467481 ], [ 76.291216907283925, 10.0886453467481 ], [ 76.291216907283925, 10.084153790873145 ], [ 76.295777752648121, 10.084153790873145 ] ] ] } },
{ "type": "Feature", "properties": { "cell_id": 1825, "lon": 76.298058175330226, "lat": 10.086399568810624 }, "geometry": { "type": "Polygon", "coordinates": [ [ [ 76.300338598012317, 10.084153790873145 ], [ 76.300338598012317, 10.0886453467481 ], [ 76.295777752648121, 10.0886453467481 ], [ 76.295777752648121, 10.084153790873145 ], [ 76.300338598012317, 10.084153790873145 ] ] ] } },
{ "type": "Feature", "properties": { "cell_id": 1826, "lon": 76.302619020694422, "lat": 10.086399568810624 }, "geometry": { "type": "Polygon", "coordinates": [ [ [ 76.304899443376513, 10.084153790873145 ], [ 76.304899443376513, 10.0886453467481 ], [ 76.300338598012317, 10.0886453467481 ], [ 76.300338598012317, 10.084153790873145 ], [ 76.304899443376513, 10.084153790873145 ] ] ] } },
{ "type": "Feature", "properties": { "cell_id": 1827, "lon": 76.307179866058618, "lat": 10.086399568810624 }, "geometry": { "type": "Polygon", "coordinates": [ [ [ 76.309460288740709, 10.084153790873145 ], [ 76.309460288740709, 10.0886453467481 ], [ 76.304899443376513, 10.0886453467481 ], [ 76.304899443376513, 10.084153790873145 ], [ 76.309460288740709, 10.084153790873145 ] ] ] } },
{ "type": "Feature", "properties": { "cell_id": 1828, "lon": 76.311740711422814, "lat": 10.086399568810624 }, "geometry": { "type": "Polygon", "coordinates": [ [ [ 76.314021134104905, 10.084153790873145 ], [ 76.314021134104905, 10.0886453467481 ], [ 76.309460288740709, 10.0886453467481 ], [ 76.309460288740709, 10.084153790873145 ], [ 76.314021134104905, 10.084153790873145 ] ] ] } },
{ "type": "Feature", "properties": { "cell_id": 1829, "lon": 76.31630155678701, "lat": 10.086399568810624 }, "geometry": { "type": "Polygon", "coordinates": [ [ [ 76.318581979469101, 10.084153790873145 ], [ 76.318581979469101, 10.0886453467481 ], [ 76.314021134104905, 10.0886453467481 ], [ 76.314021134104905, 10.084153790873145 ], [ 76.318581979469101, 10.084153790873145 ] ] ] } },
{ "type": "Feature", "properties": { "cell_id": 1830, "lon": 76.320862402151207, "lat": 10.086399568810624 }, "geometry": { "type": "Polygon", "coordinates": [ [ [ 76.323142824833297, 10.084153790873145 ], [ 76.323142824833297, 10.0886453467481 ], [ 76.318581979469101, 10.0886453467481 ], [ 76.318581979469101, 10.084153790873145 ], [ 76.323142824833297, 10.084153790873145 ] ] ] } },
{ "type": "Feature", "properties": { "cell_id": 1831, "lon": 76.325423247515403, "lat": 10.086399568810624 }, "geometry": { "type": "Polygon", "coordinates": [ [ [ 76.327703670197494, 10.084153790873145 ], [ 76.327703670197494, 10.0886453467481 ], [ 76.323142824833297, 10.0886453467481 ], [ 76.323142824833297, 10.084153790873145 ], [ 76.327703670197494, 10.084153790873145 ] ] ] } },
{ "type": "Feature", "properties": { "cell_id": 1832, "lon": 76.329984092879599, "lat": 10.086399568810624 }, "geometry": { "type": "Polygon", "coordinates": [ [ [ 76.33226451556169, 10.084153790873145 ], [ 76.33226451556169, 10.0886453467481 ], [ 76.327703670197494, 10.0886453467481 ], [ 76.327703670197494, 10.084153790873145 ], [ 76.33226451556169, 10.084153790873145 ] ] ] } },
{ "type": "Feature", "properties": { "cell_id": 1833, "lon": 76.334544938243795, "lat": 10.086399568810624 }, "geometry": { "type": "Polygon", "coordinates": [ [ [ 76.336825360925886, 10.084153790873145 ], [ 76.336825360925886, 10.0886453467481 ], [ 76.33226451556169, 10.0886453467481 ], [ 76.33226451556169, 10.084153790873145 ], [ 76.336825360925886, 10.084153790873145 ] ] ] } },
{ "type": "Feature", "properties": { "cell_id": 1834, "lon": 76.339105783607991, "lat": 10.086399568810624 }, "geometry": { "type": "Polygon", "coordinates": [ [ [ 76.341386206290082, 10.084153790873145 ], [ 76.341386206290082, 10.0886453467481 ], [ 76.336825360925886, 10.0886453467481 ], [ 76.336825360925886, 10.084153790873145 ], [ 76.341386206290082, 10.084153790873145 ] ] ] } },
{ "type": "Feature", "properties": { "cell_id": 1835, "lon": 76.343666628972187, "lat": 10.086399568810624 }, "geometry": { "type": "Polygon", "coordinates": [ [ [ 76.345947051654278, 10.084153790873145 ], [ 76.345947051654278, 10.0886453467481 ], [ 76.341386206290082, 10.0886453467481 ], [ 76.341386206290082, 10.084153790873145 ], [ 76.345947051654278, 10.084153790873145 ] ] ] } },
{ "type": "Feature", "properties": { "cell_id": 1836, "lon": 76.348227474336383, "lat": 10.086399568810624 }, "geometry": { "type": "Polygon", "coordinates": [ [ [ 76.350507897018474, 10.084153790873145 ], [ 76.350507897018474, 10.0886453467481 ], [ 76.345947051654278, 10.0886453467481 ], [ 76.345947051654278, 10.084153790873145 ], [ 76.350507897018474, 10.084153790873145 ] ] ] } },
{ "type": "Feature", "properties": { "cell_id": 1837, "lon": 76.352788319700579, "lat": 10.086399568810624 }, "geometry": { "type": "Polygon", "coordinates": [ [ [ 76.35506874238267, 10.084153790873145 ], [ 76.35506874238267, 10.0886453467481 ], [ 76.350507897018474, 10.0886453467481 ], [ 76.350507897018474, 10.084153790873145 ], [ 76.35506874238267, 10.084153790873145 ] ] ] } },
{ "type": "Feature", "properties": { "cell_id": 1838, "lon": 76.357349165064775, "lat": 10.086399568810624 }, "geometry": { "type": "Polygon", "coordinates": [ [ [ 76.359629587746866, 10.084153790873145 ], [ 76.359629587746866, 10.0886453467481 ], [ 76.35506874238267, 10.0886453467481 ], [ 76.35506874238267, 10.084153790873145 ], [ 76.359629587746866, 10.084153790873145 ] ] ] } },
{ "type": "Feature", "properties": { "cell_id": 1839, "lon": 76.361910010428971, "lat": 10.086399568810624 }, "geometry": { "type": "Polygon", "coordinates": [ [ [ 76.364190433111062, 10.084153790873145 ], [ 76.364190433111062, 10.0886453467481 ], [ 76.359629587746866, 10.0886453467481 ], [ 76.359629587746866, 10.084153790873145 ], [ 76.364190433111062, 10.084153790873145 ] ] ] } },
{ "type": "Feature", "properties": { "cell_id": 1840, "lon": 76.366470855793168, "lat": 10.086399568810624 }, "geometry": { "type": "Polygon", "coordinates": [ [ [ 76.368751278475258, 10.084153790873145 ], [ 76.368751278475258, 10.0886453467481 ], [ 76.364190433111062, 10.0886453467481 ], [ 76.364190433111062, 10.084153790873145 ], [ 76.368751278475258, 10.084153790873145 ] ] ] } },
{ "type": "Feature", "properties": { "cell_id": 1841, "lon": 76.371031701157364, "lat": 10.086399568810624 }, "geometry": { "type": "Polygon", "coordinates": [ [ [ 76.373312123839455, 10.084153790873145 ], [ 76.373312123839455, 10.0886453467481 ], [ 76.368751278475258, 10.0886453467481 ], [ 76.368751278475258, 10.084153790873145 ], [ 76.373312123839455, 10.084153790873145 ] ] ] } },
{ "type": "Feature", "properties": { "cell_id": 1842, "lon": 76.37559254652156, "lat": 10.086399568810624 }, "geometry": { "type": "Polygon", "coordinates": [ [ [ 76.377872969203651, 10.084153790873145 ], [ 76.377872969203651, 10.0886453467481 ], [ 76.373312123839455, 10.0886453467481 ], [ 76.373312123839455, 10.084153790873145 ], [ 76.377872969203651, 10.084153790873145 ] ] ] } },
{ "type": "Feature", "properties": { "cell_id": 1843, "lon": 76.380153391885756, "lat": 10.086399568810624 }, "geometry": { "type": "Polygon", "coordinates": [ [ [ 76.382433814567847, 10.084153790873145 ], [ 76.382433814567847, 10.0886453467481 ], [ 76.377872969203651, 10.0886453467481 ], [ 76.377872969203651, 10.084153790873145 ], [ 76.382433814567847, 10.084153790873145 ] ] ] } },
{ "type": "Feature", "properties": { "cell_id": 1844, "lon": 76.384714237249952, "lat": 10.086399568810624 }, "geometry": { "type": "Polygon", "coordinates": [ [ [ 76.386994659932043, 10.084153790873145 ], [ 76.386994659932043, 10.0886453467481 ], [ 76.382433814567847, 10.0886453467481 ], [ 76.382433814567847, 10.084153790873145 ], [ 76.386994659932043, 10.084153790873145 ] ] ] } },
{ "type": "Feature", "properties": { "cell_id": 1845, "lon": 76.389275082614148, "lat": 10.086399568810624 }, "geometry": { "type": "Polygon", "coordinates": [ [ [ 76.391555505296239, 10.084153790873145 ], [ 76.391555505296239, 10.0886453467481 ], [ 76.386994659932043, 10.0886453467481 ], [ 76.386994659932043, 10.084153790873145 ], [ 76.391555505296239, 10.084153790873145 ] ] ] } },
{ "type": "Feature", "properties": { "cell_id": 1846, "lon": 76.393835927978344, "lat": 10.086399568810624 }, "geometry": { "type": "Polygon", "coordinates": [ [ [ 76.396116350660435, 10.084153790873145 ], [ 76.396116350660435, 10.0886453467481 ], [ 76.391555505296239, 10.0886453467481 ], [ 76.391555505296239, 10.084153790873145 ], [ 76.396116350660435, 10.084153790873145 ] ] ] } },
{ "type": "Feature", "properties": { "cell_id": 1847, "lon": 76.39839677334254, "lat": 10.086399568810624 }, "geometry": { "type": "Polygon", "coordinates": [ [ [ 76.400677196024631, 10.084153790873145 ], [ 76.400677196024631, 10.0886453467481 ], [ 76.396116350660435, 10.0886453467481 ], [ 76.396116350660435, 10.084153790873145 ], [ 76.400677196024631, 10.084153790873145 ] ] ] } },
{ "type": "Feature", "properties": { "cell_id": 1848, "lon": 76.202280422682108, "lat": 10.090891124685578 }, "geometry": { "type": "Polygon", "coordinates": [ [ [ 76.204560845364199, 10.0886453467481 ], [ 76.204560845364199, 10.093136902623055 ], [ 76.2, 10.093136902623055 ], [ 76.2, 10.0886453467481 ], [ 76.204560845364199, 10.0886453467481 ] ] ] } },
{ "type": "Feature", "properties": { "cell_id": 1849, "lon": 76.206841268046304, "lat": 10.090891124685578 }, "geometry": { "type": "Polygon", "coordinates": [ [ [ 76.209121690728395, 10.0886453467481 ], [ 76.209121690728395, 10.093136902623055 ], [ 76.204560845364199, 10.093136902623055 ], [ 76.204560845364199, 10.0886453467481 ], [ 76.209121690728395, 10.0886453467481 ] ] ] } },
{ "type": "Feature", "properties": { "cell_id": 1850, "lon": 76.2114021134105, "lat": 10.090891124685578 }, "geometry": { "type": "Polygon", "coordinates": [ [ [ 76.213682536092591, 10.0886453467481 ], [ 76.213682536092591, 10.093136902623055 ], [ 76.209121690728395, 10.093136902623055 ], [ 76.209121690728395, 10.0886453467481 ], [ 76.213682536092591, 10.0886453467481 ] ] ] } },
{ "type": "Feature", "properties": { "cell_id": 1851, "lon": 76.215962958774696, "lat": 10.090891124685578 }, "geometry": { "type": "Polygon", "coordinates": [ [ [ 76.218243381456787, 10.0886453467481 ], [ 76.218243381456787, 10.093136902623055 ], [ 76.213682536092591, 10.093136902623055 ], [ 76.213682536092591, 10.0886453467481 ], [ 76.218243381456787, 10.0886453467481 ] ] ] } },
{ "type": "Feature", "properties": { "cell_id": 1852, "lon": 76.220523804138892, "lat": 10.090891124685578 }, "geometry": { "type": "Polygon", "coordinates": [ [ [ 76.222804226820983, 10.0886453467481 ], [ 76.222804226820983, 10.093136902623055 ], [ 76.218243381456787, 10.093136902623055 ], [ 76.218243381456787, 10.0886453467481 ], [ 76.222804226820983, 10.0886453467481 ] ] ] } },
{ "type": "Feature", "properties": { "cell_id": 1853, "lon": 76.225084649503088, "lat": 10.090891124685578 }, "geometry": { "type": "Polygon", "coordinates": [ [ [ 76.227365072185179, 10.0886453467481 ], [ 76.227365072185179, 10.093136902623055 ], [ 76.222804226820983, 10.093136902623055 ], [ 76.222804226820983, 10.0886453467481 ], [ 76.227365072185179, 10.0886453467481 ] ] ] } },
{ "type": "Feature", "properties": { "cell_id": 1854, "lon": 76.229645494867285, "lat": 10.090891124685578 }, "geometry": { "type": "Polygon", "coordinates": [ [ [ 76.231925917549376, 10.0886453467481 ], [ 76.231925917549376, 10.093136902623055 ], [ 76.227365072185179, 10.093136902623055 ], [ 76.227365072185179, 10.0886453467481 ], [ 76.231925917549376, 10.0886453467481 ] ] ] } },
{ "type": "Feature", "properties": { "cell_id": 1855, "lon": 76.234206340231481, "lat": 10.090891124685578 }, "geometry": { "type": "Polygon", "coordinates": [ [ [ 76.236486762913572, 10.0886453467481 ], [ 76.236486762913572, 10.093136902623055 ], [ 76.231925917549376, 10.093136902623055 ], [ 76.231925917549376, 10.0886453467481 ], [ 76.236486762913572, 10.0886453467481 ] ] ] } },
{ "type": "Feature", "properties": { "cell_id": 1856, "lon": 76.238767185595677, "lat": 10.090891124685578 }, "geometry": { "type": "Polygon", "coordinates": [ [ [ 76.241047608277768, 10.0886453467481 ], [ 76.241047608277768, 10.093136902623055 ], [ 76.236486762913572, 10.093136902623055 ], [ 76.236486762913572, 10.0886453467481 ], [ 76.241047608277768, 10.0886453467481 ] ] ] } },
{ "type": "Feature", "properties": { "cell_id": 1857, "lon": 76.243328030959873, "lat": 10.090891124685578 }, "geometry": { "type": "Polygon", "coordinates": [ [ [ 76.245608453641964, 10.0886453467481 ], [ 76.245608453641964, 10.093136902623055 ], [ 76.241047608277768, 10.093136902623055 ], [ 76.241047608277768, 10.0886453467481 ], [ 76.245608453641964, 10.0886453467481 ] ] ] } },
{ "type": "Feature", "properties": { "cell_id": 1858, "lon": 76.247888876324069, "lat": 10.090891124685578 }, "geometry": { "type": "Polygon", "coordinates": [ [ [ 76.25016929900616, 10.0886453467481 ], [ 76.25016929900616, 10.093136902623055 ], [ 76.245608453641964, 10.093136902623055 ], [ 76.245608453641964, 10.0886453467481 ], [ 76.25016929900616, 10.0886453467481 ] ] ] } },
{ "type": "Feature", "properties": { "cell_id": 1859, "lon": 76.252449721688265, "lat": 10.090891124685578 }, "geometry": { "type": "Polygon", "coordinates": [ [ [ 76.254730144370356, 10.0886453467481 ], [ 76.254730144370356, 10.093136902623055 ], [ 76.25016929900616, 10.093136902623055 ], [ 76.25016929900616, 10.0886453467481 ], [ 76.254730144370356, 10.0886453467481 ] ] ] } },
{ "type": "Feature", "properties": { "cell_id": 1860, "lon": 76.257010567052461, "lat": 10.090891124685578 }, "geometry": { "type": "Polygon", "coordinates": [ [ [ 76.259290989734552, 10.0886453467481 ], [ 76.259290989734552, 10.093136902623055 ], [ 76.254730144370356, 10.093136902623055 ], [ 76.254730144370356, 10.0886453467481 ], [ 76.259290989734552, 10.0886453467481 ] ] ] } },
{ "type": "Feature", "properties": { "cell_id": 1861, "lon": 76.261571412416657, "lat": 10.090891124685578 }, "geometry": { "type": "Polygon", "coordinates": [ [ [ 76.263851835098748, 10.0886453467481 ], [ 76.263851835098748, 10.093136902623055 ], [ 76.259290989734552, 10.093136902623055 ], [ 76.259290989734552, 10.0886453467481 ], [ 76.263851835098748, 10.0886453467481 ] ] ] } },
{ "type": "Feature", "properties": { "cell_id": 1862, "lon": 76.266132257780853, "lat": 10.090891124685578 }, "geometry": { "type": "Polygon", "coordinates": [ [ [ 76.268412680462944, 10.0886453467481 ], [ 76.268412680462944, 10.093136902623055 ], [ 76.263851835098748, 10.093136902623055 ], [ 76.263851835098748, 10.0886453467481 ], [ 76.268412680462944, 10.0886453467481 ] ] ] } },
{ "type": "Feature", "properties": { "cell_id": 1863, "lon": 76.270693103145049, "lat": 10.090891124685578 }, "geometry": { "type": "Polygon", "coordinates": [ [ [ 76.27297352582714, 10.0886453467481 ], [ 76.27297352582714, 10.093136902623055 ], [ 76.268412680462944, 10.093136902623055 ], [ 76.268412680462944, 10.0886453467481 ], [ 76.27297352582714, 10.0886453467481 ] ] ] } },
{ "type": "Feature", "properties": { "cell_id": 1864, "lon": 76.275253948509246, "lat": 10.090891124685578 }, "geometry": { "type": "Polygon", "coordinates": [ [ [ 76.277534371191337, 10.0886453467481 ], [ 76.277534371191337, 10.093136902623055 ], [ 76.27297352582714, 10.093136902623055 ], [ 76.27297352582714, 10.0886453467481 ], [ 76.277534371191337, 10.0886453467481 ] ] ] } },
{ "type": "Feature", "properties": { "cell_id": 1865, "lon": 76.279814793873442, "lat": 10.090891124685578 }, "geometry": { "type": "Polygon", "coordinates": [ [ [ 76.282095216555533, 10.0886453467481 ], [ 76.282095216555533, 10.093136902623055 ], [ 76.277534371191337, 10.093136902623055 ], [ 76.277534371191337, 10.0886453467481 ], [ 76.282095216555533, 10.0886453467481 ] ] ] } },
{ "type": "Feature", "properties": { "cell_id": 1866, "lon": 76.284375639237638, "lat": 10.090891124685578 }, "geometry": { "type": "Polygon", "coordinates": [ [ [ 76.286656061919729, 10.0886453467481 ], [ 76.286656061919729, 10.093136902623055 ], [ 76.282095216555533, 10.093136902623055 ], [ 76.282095216555533, 10.0886453467481 ], [ 76.286656061919729, 10.0886453467481 ] ] ] } },
{ "type": "Feature", "properties": { "cell_id": 1867, "lon": 76.288936484601834, "lat": 10.090891124685578 }, "geometry": { "type": "Polygon", "coordinates": [ [ [ 76.291216907283925, 10.0886453467481 ], [ 76.291216907283925, 10.093136902623055 ], [ 76.286656061919729, 10.093136902623055 ], [ 76.286656061919729, 10.0886453467481 ], [ 76.291216907283925, 10.0886453467481 ] ] ] } },
{ "type": "Feature", "properties": { "cell_id": 1868, "lon": 76.29349732996603, "lat": 10.090891124685578 }, "geometry": { "type": "Polygon", "coordinates": [ [ [ 76.295777752648121, 10.0886453467481 ], [ 76.295777752648121, 10.093136902623055 ], [ 76.291216907283925, 10.093136902623055 ], [ 76.291216907283925, 10.0886453467481 ], [ 76.295777752648121, 10.0886453467481 ] ] ] } },
{ "type": "Feature", "properties": { "cell_id": 1869, "lon": 76.298058175330226, "lat": 10.090891124685578 }, "geometry": { "type": "Polygon", "coordinates": [ [ [ 76.300338598012317, 10.0886453467481 ], [ 76.300338598012317, 10.093136902623055 ], [ 76.295777752648121, 10.093136902623055 ], [ 76.295777752648121, 10.0886453467481 ], [ 76.300338598012317, 10.0886453467481 ] ] ] } },
{ "type": "Feature", "properties": { "cell_id": 1870, "lon": 76.302619020694422, "lat": 10.090891124685578 }, "geometry": { "type": "Polygon", "coordinates": [ [ [ 76.304899443376513, 10.0886453467481 ], [ 76.304899443376513, 10.093136902623055 ], [ 76.300338598012317, 10.093136902623055 ], [ 76.300338598012317, 10.0886453467481 ], [ 76.304899443376513, 10.0886453467481 ] ] ] } },
{ "type": "Feature", "properties": { "cell_id": 1871, "lon": 76.307179866058618, "lat": 10.090891124685578 }, "geometry": { "type": "Polygon", "coordinates": [ [ [ 76.309460288740709, 10.0886453467481 ], [ 76.309460288740709, 10.093136902623055 ], [ 76.304899443376513, 10.093136902623055 ], [ 76.304899443376513, 10.0886453467481 ], [ 76.309460288740709, 10.0886453467481 ] ] ] } },
{ "type": "Feature", "properties": { "cell_id": 1872, "lon": 76.311740711422814, "lat": 10.090891124685578 }, "geometry": { "type": "Polygon", "coordinates": [ [ [ 76.314021134104905, 10.0886453467481 ], [ 76.314021134104905, 10.093136902623055 ], [ 76.309460288740709, 10.093136902623055 ], [ 76.309460288740709, 10.0886453467481 ], [ 76.314021134104905, 10.0886453467481 ] ] ] } },
{ "type": "Feature", "properties": { "cell_id": 1873, "lon": 76.31630155678701, "lat": 10.090891124685578 }, "geometry": { "type": "Polygon", "coordinates": [ [ [ 76.318581979469101, 10.0886453467481 ], [ 76.318581979469101, 10.093136902623055 ], [ 76.314021134104905, 10.093136902623055 ], [ 76.314021134104905, 10.0886453467481 ], [ 76.318581979469101, 10.0886453467481 ] ] ] } },
{ "type": "Feature", "properties": { "cell_id": 1874, "lon": 76.320862402151207, "lat": 10.090891124685578 }, "geometry": { "type": "Polygon", "coordinates": [ [ [ 76.323142824833297, 10.0886453467481 ], [ 76.323142824833297, 10.093136902623055 ], [ 76.318581979469101, 10.093136902623055 ], [ 76.318581979469101, 10.0886453467481 ], [ 76.323142824833297, 10.0886453467481 ] ] ] } },
{ "type": "Feature", "properties": { "cell_id": 1875, "lon": 76.325423247515403, "lat": 10.090891124685578 }, "geometry": { "type": "Polygon", "coordinates": [ [ [ 76.327703670197494, 10.0886453467481 ], [ 76.327703670197494, 10.093136902623055 ], [ 76.323142824833297, 10.093136902623055 ], [ 76.323142824833297, 10.0886453467481 ], [ 76.327703670197494, 10.0886453467481 ] ] ] } },
{ "type": "Feature", "properties": { "cell_id": 1876, "lon": 76.329984092879599, "lat": 10.090891124685578 }, "geometry": { "type": "Polygon", "coordinates": [ [ [ 76.33226451556169, 10.0886453467481 ], [ 76.33226451556169, 10.093136902623055 ], [ 76.327703670197494, 10.093136902623055 ], [ 76.327703670197494, 10.0886453467481 ], [ 76.33226451556169, 10.0886453467481 ] ] ] } },
{ "type": "Feature", "properties": { "cell_id": 1877, "lon": 76.334544938243795, "lat": 10.090891124685578 }, "geometry": { "type": "Polygon", "coordinates": [ [ [ 76.336825360925886, 10.0886453467481 ], [ 76.336825360925886, 10.093136902623055 ], [ 76.33226451556169, 10.093136902623055 ], [ 76.33226451556169, 10.0886453467481 ], [ 76.336825360925886, 10.0886453467481 ] ] ] } },
{ "type": "Feature", "properties": { "cell_id": 1878, "lon": 76.339105783607991, "lat": 10.090891124685578 }, "geometry": { "type": "Polygon", "coordinates": [ [ [ 76.341386206290082, 10.0886453467481 ], [ 76.341386206290082, 10.093136902623055 ], [ 76.336825360925886, 10.093136902623055 ], [ 76.336825360925886, 10.0886453467481 ], [ 76.341386206290082, 10.0886453467481 ] ] ] } },
{ "type": "Feature", "properties": { "cell_id": 1879, "lon": 76.343666628972187, "lat": 10.090891124685578 }, "geometry": { "type": "Polygon", "coordinates": [ [ [ 76.345947051654278, 10.0886453467481 ], [ 76.345947051654278, 10.093136902623055 ], [ 76.341386206290082, 10.093136902623055 ], [ 76.341386206290082, 10.0886453467481 ], [ 76.345947051654278, 10.0886453467481 ] ] ] } },
{ "type": "Feature", "properties": { "cell_id": 1880, "lon": 76.348227474336383, "lat": 10.090891124685578 }, "geometry": { "type": "Polygon", "coordinates": [ [ [ 76.350507897018474, 10.0886453467481 ], [ 76.350507897018474, 10.093136902623055 ], [ 76.345947051654278, 10.093136902623055 ], [ 76.345947051654278, 10.0886453467481 ], [ 76.350507897018474, 10.0886453467481 ] ] ] } },
{ "type": "Feature", "properties": { "cell_id": 1881, "lon": 76.352788319700579, "lat": 10.090891124685578 }, "geometry": { "type": "Polygon", "coordinates": [ [ [ 76.35506874238267, 10.0886453467481 ], [ 76.35506874238267, 10.093136902623055 ], [ 76.350507897018474, 10.093136902623055 ], [ 76.350507897018474, 10.0886453467481 ], [ 76.35506874238267, 10.0886453467481 ] ] ] } },
{ "type": "Feature", "properties": { "cell_id": 1882, "lon": 76.357349165064775, "lat": 10.090891124685578 }, "geometry": { "type": "Polygon", "coordinates": [ [ [ 76.359629587746866, 10.0886453467481 ], [ 76.359629587746866, 10.093136902623055 ], [ 76.35506874238267, 10.093136902623055 ], [ 76.35506874238267, 10.0886453467481 ], [ 76.359629587746866, 10.0886453467481 ] ] ] } },
{ "type": "Feature", "properties": { "cell_id": 1883, "lon": 76.361910010428971, "lat": 10.090891124685578 }, "geometry": { "type": "Polygon", "coordinates": [ [ [ 76.364190433111062, 10.0886453467481 ], [ 76.364190433111062, 10.093136902623055 ], [ 76.359629587746866, 10.093136902623055 ], [ 76.359629587746866, 10.0886453467481 ], [ 76.364190433111062, 10.0886453467481 ] ] ] } },
{ "type": "Feature", "properties": { "cell_id": 1884, "lon": 76.366470855793168, "lat": 10.090891124685578 }, "geometry": { "type": "Polygon", "coordinates": [ [ [ 76.368751278475258, 10.0886453467481 ], [ 76.368751278475258, 10.093136902623055 ], [ 76.364190433111062, 10.093136902623055 ], [ 76.364190433111062, 10.0886453467481 ], [ 76.368751278475258, 10.0886453467481 ] ] ] } },
{ "type": "Feature", "properties": { "cell_id": 1885, "lon": 76.371031701157364, "lat": 10.090891124685578 }, "geometry": { "type": "Polygon", "coordinates": [ [ [ 76.373312123839455, 10.0886453467481 ], [ 76.373312123839455, 10.093136902623055 ], [ 76.368751278475258, 10.093136902623055 ], [ 76.368751278475258, 10.0886453467481 ], [ 76.373312123839455, 10.0886453467481 ] ] ] } },
{ "type": "Feature", "properties": { "cell_id": 1886, "lon": 76.37559254652156, "lat": 10.090891124685578 }, "geometry": { "type": "Polygon", "coordinates": [ [ [ 76.377872969203651, 10.0886453467481 ], [ 76.377872969203651, 10.093136902623055 ], [ 76.373312123839455, 10.093136902623055 ], [ 76.373312123839455, 10.0886453467481 ], [ 76.377872969203651, 10.0886453467481 ] ] ] } },
{ "type": "Feature", "properties": { "cell_id": 1887, "lon": 76.380153391885756, "lat": 10.090891124685578 }, "geometry": { "type": "Polygon", "coordinates": [ [ [ 76.382433814567847, 10.0886453467481 ], [ 76.382433814567847, 10.093136902623055 ], [ 76.377872969203651, 10.093136902623055 ], [ 76.377872969203651, 10.0886453467481 ], [ 76.382433814567847, 10.0886453467481 ] ] ] } },
{ "type": "Feature", "properties": { "cell_id": 1888, "lon": 76.384714237249952, "lat": 10.090891124685578 }, "geometry": { "type": "Polygon", "coordinates": [ [ [ 76.386994659932043, 10.0886453467481 ], [ 76.386994659932043, 10.093136902623055 ], [ 76.382433814567847, 10.093136902623055 ], [ 76.382433814567847, 10.0886453467481 ], [ 76.386994659932043, 10.0886453467481 ] ] ] } },
{ "type": "Feature", "properties": { "cell_id": 1889, "lon": 76.389275082614148, "lat": 10.090891124685578 }, "geometry": { "type": "Polygon", "coordinates": [ [ [ 76.391555505296239, 10.0886453467481 ], [ 76.391555505296239, 10.093136902623055 ], [ 76.386994659932043, 10.093136902623055 ], [ 76.386994659932043, 10.0886453467481 ], [ 76.391555505296239, 10.0886453467481 ] ] ] } },
{ "type": "Feature", "properties": { "cell_id": 1890, "lon": 76.393835927978344, "lat": 10.090891124685578 }, "geometry": { "type": "Polygon", "coordinates": [ [ [ 76.396116350660435, 10.0886453467481 ], [ 76.396116350660435, 10.093136902623055 ], [ 76.391555505296239, 10.093136902623055 ], [ 76.391555505296239, 10.0886453467481 ], [ 76.396116350660435, 10.0886453467481 ] ] ] } },
{ "type": "Feature", "properties": { "cell_id": 1891, "lon": 76.39839677334254, "lat": 10.090891124685578 }, "geometry": { "type": "Polygon", "coordinates": [ [ [ 76.400677196024631, 10.0886453467481 ], [ 76.400677196024631, 10.093136902623055 ], [ 76.396116350660435, 10.093136902623055 ], [ 76.396116350660435, 10.0886453467481 ], [ 76.400677196024631, 10.0886453467481 ] ] ] } },
{ "type": "Feature", "properties": { "cell_id": 1892, "lon": 76.202280422682108, "lat": 10.095382680560533 }, "geometry": { "type": "Polygon", "coordinates": [ [ [ 76.204560845364199, 10.093136902623055 ], [ 76.204560845364199, 10.09762845849801 ], [ 76.2, 10.09762845849801 ], [ 76.2, 10.093136902623055 ], [ 76.204560845364199, 10.093136902623055 ] ] ] } },
{ "type": "Feature", "properties": { "cell_id": 1893, "lon": 76.206841268046304, "lat": 10.095382680560533 }, "geometry": { "type": "Polygon", "coordinates": [ [ [ 76.209121690728395, 10.093136902623055 ], [ 76.209121690728395, 10.09762845849801 ], [ 76.204560845364199, 10.09762845849801 ], [ 76.204560845364199, 10.093136902623055 ], [ 76.209121690728395, 10.093136902623055 ] ] ] } },
{ "type": "Feature", "properties": { "cell_id": 1894, "lon": 76.2114021134105, "lat": 10.095382680560533 }, "geometry": { "type": "Polygon", "coordinates": [ [ [ 76.213682536092591, 10.093136902623055 ], [ 76.213682536092591, 10.09762845849801 ], [ 76.209121690728395, 10.09762845849801 ], [ 76.209121690728395, 10.093136902623055 ], [ 76.213682536092591, 10.093136902623055 ] ] ] } },
{ "type": "Feature", "properties": { "cell_id": 1895, "lon": 76.215962958774696, "lat": 10.095382680560533 }, "geometry": { "type": "Polygon", "coordinates": [ [ [ 76.218243381456787, 10.093136902623055 ], [ 76.218243381456787, 10.09762845849801 ], [ 76.213682536092591, 10.09762845849801 ], [ 76.213682536092591, 10.093136902623055 ], [ 76.218243381456787, 10.093136902623055 ] ] ] } },
{ "type": "Feature", "properties": { "cell_id": 1896, "lon": 76.220523804138892, "lat": 10.095382680560533 }, "geometry": { "type": "Polygon", "coordinates": [ [ [ 76.222804226820983, 10.093136902623055 ], [ 76.222804226820983, 10.09762845849801 ], [ 76.218243381456787, 10.09762845849801 ], [ 76.218243381456787, 10.093136902623055 ], [ 76.222804226820983, 10.093136902623055 ] ] ] } },
{ "type": "Feature", "properties": { "cell_id": 1897, "lon": 76.225084649503088, "lat": 10.095382680560533 }, "geometry": { "type": "Polygon", "coordinates": [ [ [ 76.227365072185179, 10.093136902623055 ], [ 76.227365072185179, 10.09762845849801 ], [ 76.222804226820983, 10.09762845849801 ], [ 76.222804226820983, 10.093136902623055 ], [ 76.227365072185179, 10.093136902623055 ] ] ] } },
{ "type": "Feature", "properties": { "cell_id": 1898, "lon": 76.229645494867285, "lat": 10.095382680560533 }, "geometry": { "type": "Polygon", "coordinates": [ [ [ 76.231925917549376, 10.093136902623055 ], [ 76.231925917549376, 10.09762845849801 ], [ 76.227365072185179, 10.09762845849801 ], [ 76.227365072185179, 10.093136902623055 ], [ 76.231925917549376, 10.093136902623055 ] ] ] } },
{ "type": "Feature", "properties": { "cell_id": 1899, "lon": 76.234206340231481, "lat": 10.095382680560533 }, "geometry": { "type": "Polygon", "coordinates": [ [ [ 76.236486762913572, 10.093136902623055 ], [ 76.236486762913572, 10.09762845849801 ], [ 76.231925917549376, 10.09762845849801 ], [ 76.231925917549376, 10.093136902623055 ], [ 76.236486762913572, 10.093136902623055 ] ] ] } },
{ "type": "Feature", "properties": { "cell_id": 1900, "lon": 76.238767185595677, "lat": 10.095382680560533 }, "geometry": { "type": "Polygon", "coordinates": [ [ [ 76.241047608277768, 10.093136902623055 ], [ 76.241047608277768, 10.09762845849801 ], [ 76.236486762913572, 10.09762845849801 ], [ 76.236486762913572, 10.093136902623055 ], [ 76.241047608277768, 10.093136902623055 ] ] ] } },
{ "type": "Feature", "properties": { "cell_id": 1901, "lon": 76.243328030959873, "lat": 10.095382680560533 }, "geometry": { "type": "Polygon", "coordinates": [ [ [ 76.245608453641964, 10.093136902623055 ], [ 76.245608453641964, 10.09762845849801 ], [ 76.241047608277768, 10.09762845849801 ], [ 76.241047608277768, 10.093136902623055 ], [ 76.245608453641964, 10.093136902623055 ] ] ] } },
{ "type": "Feature", "properties": { "cell_id": 1902, "lon": 76.247888876324069, "lat": 10.095382680560533 }, "geometry": { "type": "Polygon", "coordinates": [ [ [ 76.25016929900616, 10.093136902623055 ], [ 76.25016929900616, 10.09762845849801 ], [ 76.245608453641964, 10.09762845849801 ], [ 76.245608453641964, 10.093136902623055 ], [ 76.25016929900616, 10.093136902623055 ] ] ] } },
{ "type": "Feature", "properties": { "cell_id": 1903, "lon": 76.252449721688265, "lat": 10.095382680560533 }, "geometry": { "type": "Polygon", "coordinates": [ [ [ 76.254730144370356, 10.093136902623055 ], [ 76.254730144370356, 10.09762845849801 ], [ 76.25016929900616, 10.09762845849801 ], [ 76.25016929900616, 10.093136902623055 ], [ 76.254730144370356, 10.093136902623055 ] ] ] } },
{ "type": "Feature", "properties": { "cell_id": 1904, "lon": 76.257010567052461, "lat": 10.095382680560533 }, "geometry": { "type": "Polygon", "coordinates": [ [ [ 76.259290989734552, 10.093136902623055 ], [ 76.259290989734552, 10.09762845849801 ], [ 76.254730144370356, 10.09762845849801 ], [ 76.254730144370356, 10.093136902623055 ], [ 76.259290989734552, 10.093136902623055 ] ] ] } },
{ "type": "Feature", "properties": { "cell_id": 1905, "lon": 76.261571412416657, "lat": 10.095382680560533 }, "geometry": { "type": "Polygon", "coordinates": [ [ [ 76.263851835098748, 10.093136902623055 ], [ 76.263851835098748, 10.09762845849801 ], [ 76.259290989734552, 10.09762845849801 ], [ 76.259290989734552, 10.093136902623055 ], [ 76.263851835098748, 10.093136902623055 ] ] ] } },
{ "type": "Feature", "properties": { "cell_id": 1906, "lon": 76.266132257780853, "lat": 10.095382680560533 }, "geometry": { "type": "Polygon", "coordinates": [ [ [ 76.268412680462944, 10.093136902623055 ], [ 76.268412680462944, 10.09762845849801 ], [ 76.263851835098748, 10.09762845849801 ], [ 76.263851835098748, 10.093136902623055 ], [ 76.268412680462944, 10.093136902623055 ] ] ] } },
{ "type": "Feature", "properties": { "cell_id": 1907, "lon": 76.270693103145049, "lat": 10.095382680560533 }, "geometry": { "type": "Polygon", "coordinates": [ [ [ 76.27297352582714, 10.093136902623055 ], [ 76.27297352582714, 10.09762845849801 ], [ 76.268412680462944, 10.09762845849801 ], [ 76.268412680462944, 10.093136902623055 ], [ 76.27297352582714, 10.093136902623055 ] ] ] } },
{ "type": "Feature", "properties": { "cell_id": 1908, "lon": 76.275253948509246, "lat": 10.095382680560533 }, "geometry": { "type": "Polygon", "coordinates": [ [ [ 76.277534371191337, 10.093136902623055 ], [ 76.277534371191337, 10.09762845849801 ], [ 76.27297352582714, 10.09762845849801 ], [ 76.27297352582714, 10.093136902623055 ], [ 76.277534371191337, 10.093136902623055 ] ] ] } },
{ "type": "Feature", "properties": { "cell_id": 1909, "lon": 76.279814793873442, "lat": 10.095382680560533 }, "geometry": { "type": "Polygon", "coordinates": [ [ [ 76.282095216555533, 10.093136902623055 ], [ 76.282095216555533, 10.09762845849801 ], [ 76.277534371191337, 10.09762845849801 ], [ 76.277534371191337, 10.093136902623055 ], [ 76.282095216555533, 10.093136902623055 ] ] ] } },
{ "type": "Feature", "properties": { "cell_id": 1910, "lon": 76.284375639237638, "lat": 10.095382680560533 }, "geometry": { "type": "Polygon", "coordinates": [ [ [ 76.286656061919729, 10.093136902623055 ], [ 76.286656061919729, 10.09762845849801 ], [ 76.282095216555533, 10.09762845849801 ], [ 76.282095216555533, 10.093136902623055 ], [ 76.286656061919729, 10.093136902623055 ] ] ] } },
{ "type": "Feature", "properties": { "cell_id": 1911, "lon": 76.288936484601834, "lat": 10.095382680560533 }, "geometry": { "type": "Polygon", "coordinates": [ [ [ 76.291216907283925, 10.093136902623055 ], [ 76.291216907283925, 10.09762845849801 ], [ 76.286656061919729, 10.09762845849801 ], [ 76.286656061919729, 10.093136902623055 ], [ 76.291216907283925, 10.093136902623055 ] ] ] } },
{ "type": "Feature", "properties": { "cell_id": 1912, "lon": 76.29349732996603, "lat": 10.095382680560533 }, "geometry": { "type": "Polygon", "coordinates": [ [ [ 76.295777752648121, 10.093136902623055 ], [ 76.295777752648121, 10.09762845849801 ], [ 76.291216907283925, 10.09762845849801 ], [ 76.291216907283925, 10.093136902623055 ], [ 76.295777752648121, 10.093136902623055 ] ] ] } },
{ "type": "Feature", "properties": { "cell_id": 1913, "lon": 76.298058175330226, "lat": 10.095382680560533 }, "geometry": { "type": "Polygon", "coordinates": [ [ [ 76.300338598012317, 10.093136902623055 ], [ 76.300338598012317, 10.09762845849801 ], [ 76.295777752648121, 10.09762845849801 ], [ 76.295777752648121, 10.093136902623055 ], [ 76.300338598012317, 10.093136902623055 ] ] ] } },
{ "type": "Feature", "properties": { "cell_id": 1914, "lon": 76.302619020694422, "lat": 10.095382680560533 }, "geometry": { "type": "Polygon", "coordinates": [ [ [ 76.304899443376513, 10.093136902623055 ], [ 76.304899443376513, 10.09762845849801 ], [ 76.300338598012317, 10.09762845849801 ], [ 76.300338598012317, 10.093136902623055 ], [ 76.304899443376513, 10.093136902623055 ] ] ] } },
{ "type": "Feature", "properties": { "cell_id": 1915, "lon": 76.307179866058618, "lat": 10.095382680560533 }, "geometry": { "type": "Polygon", "coordinates": [ [ [ 76.309460288740709, 10.093136902623055 ], [ 76.309460288740709, 10.09762845849801 ], [ 76.304899443376513, 10.09762845849801 ], [ 76.304899443376513, 10.093136902623055 ], [ 76.309460288740709, 10.093136902623055 ] ] ] } },
{ "type": "Feature", "properties": { "cell_id": 1916, "lon": 76.311740711422814, "lat": 10.095382680560533 }, "geometry": { "type": "Polygon", "coordinates": [ [ [ 76.314021134104905, 10.093136902623055 ], [ 76.314021134104905, 10.09762845849801 ], [ 76.309460288740709, 10.09762845849801 ], [ 76.309460288740709, 10.093136902623055 ], [ 76.314021134104905, 10.093136902623055 ] ] ] } },
{ "type": "Feature", "properties": { "cell_id": 1917, "lon": 76.31630155678701, "lat": 10.095382680560533 }, "geometry": { "type": "Polygon", "coordinates": [ [ [ 76.318581979469101, 10.093136902623055 ], [ 76.318581979469101, 10.09762845849801 ], [ 76.314021134104905, 10.09762845849801 ], [ 76.314021134104905, 10.093136902623055 ], [ 76.318581979469101, 10.093136902623055 ] ] ] } },
{ "type": "Feature", "properties": { "cell_id": 1918, "lon": 76.320862402151207, "lat": 10.095382680560533 }, "geometry": { "type": "Polygon", "coordinates": [ [ [ 76.323142824833297, 10.093136902623055 ], [ 76.323142824833297, 10.09762845849801 ], [ 76.318581979469101, 10.09762845849801 ], [ 76.318581979469101, 10.093136902623055 ], [ 76.323142824833297, 10.093136902623055 ] ] ] } },
{ "type": "Feature", "properties": { "cell_id": 1919, "lon": 76.325423247515403, "lat": 10.095382680560533 }, "geometry": { "type": "Polygon", "coordinates": [ [ [ 76.327703670197494, 10.093136902623055 ], [ 76.327703670197494, 10.09762845849801 ], [ 76.323142824833297, 10.09762845849801 ], [ 76.323142824833297, 10.093136902623055 ], [ 76.327703670197494, 10.093136902623055 ] ] ] } },
{ "type": "Feature", "properties": { "cell_id": 1920, "lon": 76.329984092879599, "lat": 10.095382680560533 }, "geometry": { "type": "Polygon", "coordinates": [ [ [ 76.33226451556169, 10.093136902623055 ], [ 76.33226451556169, 10.09762845849801 ], [ 76.327703670197494, 10.09762845849801 ], [ 76.327703670197494, 10.093136902623055 ], [ 76.33226451556169, 10.093136902623055 ] ] ] } },
{ "type": "Feature", "properties": { "cell_id": 1921, "lon": 76.334544938243795, "lat": 10.095382680560533 }, "geometry": { "type": "Polygon", "coordinates": [ [ [ 76.336825360925886, 10.093136902623055 ], [ 76.336825360925886, 10.09762845849801 ], [ 76.33226451556169, 10.09762845849801 ], [ 76.33226451556169, 10.093136902623055 ], [ 76.336825360925886, 10.093136902623055 ] ] ] } },
{ "type": "Feature", "properties": { "cell_id": 1922, "lon": 76.339105783607991, "lat": 10.095382680560533 }, "geometry": { "type": "Polygon", "coordinates": [ [ [ 76.341386206290082, 10.093136902623055 ], [ 76.341386206290082, 10.09762845849801 ], [ 76.336825360925886, 10.09762845849801 ], [ 76.336825360925886, 10.093136902623055 ], [ 76.341386206290082, 10.093136902623055 ] ] ] } },
{ "type": "Feature", "properties": { "cell_id": 1923, "lon": 76.343666628972187, "lat": 10.095382680560533 }, "geometry": { "type": "Polygon", "coordinates": [ [ [ 76.345947051654278, 10.093136902623055 ], [ 76.345947051654278, 10.09762845849801 ], [ 76.341386206290082, 10.09762845849801 ], [ 76.341386206290082, 10.093136902623055 ], [ 76.345947051654278, 10.093136902623055 ] ] ] } },
{ "type": "Feature", "properties": { "cell_id": 1924, "lon": 76.348227474336383, "lat": 10.095382680560533 }, "geometry": { "type": "Polygon", "coordinates": [ [ [ 76.350507897018474, 10.093136902623055 ], [ 76.350507897018474, 10.09762845849801 ], [ 76.345947051654278, 10.09762845849801 ], [ 76.345947051654278, 10.093136902623055 ], [ 76.350507897018474, 10.093136902623055 ] ] ] } },
{ "type": "Feature", "properties": { "cell_id": 1925, "lon": 76.352788319700579, "lat": 10.095382680560533 }, "geometry": { "type": "Polygon", "coordinates": [ [ [ 76.35506874238267, 10.093136902623055 ], [ 76.35506874238267, 10.09762845849801 ], [ 76.350507897018474, 10.09762845849801 ], [ 76.350507897018474, 10.093136902623055 ], [ 76.35506874238267, 10.093136902623055 ] ] ] } },
{ "type": "Feature", "properties": { "cell_id": 1926, "lon": 76.357349165064775, "lat": 10.095382680560533 }, "geometry": { "type": "Polygon", "coordinates": [ [ [ 76.359629587746866, 10.093136902623055 ], [ 76.359629587746866, 10.09762845849801 ], [ 76.35506874238267, 10.09762845849801 ], [ 76.35506874238267, 10.093136902623055 ], [ 76.359629587746866, 10.093136902623055 ] ] ] } },
{ "type": "Feature", "properties": { "cell_id": 1927, "lon": 76.361910010428971, "lat": 10.095382680560533 }, "geometry": { "type": "Polygon", "coordinates": [ [ [ 76.364190433111062, 10.093136902623055 ], [ 76.364190433111062, 10.09762845849801 ], [ 76.359629587746866, 10.09762845849801 ], [ 76.359629587746866, 10.093136902623055 ], [ 76.364190433111062, 10.093136902623055 ] ] ] } },
{ "type": "Feature", "properties": { "cell_id": 1928, "lon": 76.366470855793168, "lat": 10.095382680560533 }, "geometry": { "type": "Polygon", "coordinates": [ [ [ 76.368751278475258, 10.093136902623055 ], [ 76.368751278475258, 10.09762845849801 ], [ 76.364190433111062, 10.09762845849801 ], [ 76.364190433111062, 10.093136902623055 ], [ 76.368751278475258, 10.093136902623055 ] ] ] } },
{ "type": "Feature", "properties": { "cell_id": 1929, "lon": 76.371031701157364, "lat": 10.095382680560533 }, "geometry": { "type": "Polygon", "coordinates": [ [ [ 76.373312123839455, 10.093136902623055 ], [ 76.373312123839455, 10.09762845849801 ], [ 76.368751278475258, 10.09762845849801 ], [ 76.368751278475258, 10.093136902623055 ], [ 76.373312123839455, 10.093136902623055 ] ] ] } },
{ "type": "Feature", "properties": { "cell_id": 1930, "lon": 76.37559254652156, "lat": 10.095382680560533 }, "geometry": { "type": "Polygon", "coordinates": [ [ [ 76.377872969203651, 10.093136902623055 ], [ 76.377872969203651, 10.09762845849801 ], [ 76.373312123839455, 10.09762845849801 ], [ 76.373312123839455, 10.093136902623055 ], [ 76.377872969203651, 10.093136902623055 ] ] ] } },
{ "type": "Feature", "properties": { "cell_id": 1931, "lon": 76.380153391885756, "lat": 10.095382680560533 }, "geometry": { "type": "Polygon", "coordinates": [ [ [ 76.382433814567847, 10.093136902623055 ], [ 76.382433814567847, 10.09762845849801 ], [ 76.377872969203651, 10.09762845849801 ], [ 76.377872969203651, 10.093136902623055 ], [ 76.382433814567847, 10.093136902623055 ] ] ] } },
{ "type": "Feature", "properties": { "cell_id": 1932, "lon": 76.384714237249952, "lat": 10.095382680560533 }, "geometry": { "type": "Polygon", "coordinates": [ [ [ 76.386994659932043, 10.093136902623055 ], [ 76.386994659932043, 10.09762845849801 ], [ 76.382433814567847, 10.09762845849801 ], [ 76.382433814567847, 10.093136902623055 ], [ 76.386994659932043, 10.093136902623055 ] ] ] } },
{ "type": "Feature", "properties": { "cell_id": 1933, "lon": 76.389275082614148, "lat": 10.095382680560533 }, "geometry": { "type": "Polygon", "coordinates": [ [ [ 76.391555505296239, 10.093136902623055 ], [ 76.391555505296239, 10.09762845849801 ], [ 76.386994659932043, 10.09762845849801 ], [ 76.386994659932043, 10.093136902623055 ], [ 76.391555505296239, 10.093136902623055 ] ] ] } },
{ "type": "Feature", "properties": { "cell_id": 1934, "lon": 76.393835927978344, "lat": 10.095382680560533 }, "geometry": { "type": "Polygon", "coordinates": [ [ [ 76.396116350660435, 10.093136902623055 ], [ 76.396116350660435, 10.09762845849801 ], [ 76.391555505296239, 10.09762845849801 ], [ 76.391555505296239, 10.093136902623055 ], [ 76.396116350660435, 10.093136902623055 ] ] ] } },
{ "type": "Feature", "properties": { "cell_id": 1935, "lon": 76.39839677334254, "lat": 10.095382680560533 }, "geometry": { "type": "Polygon", "coordinates": [ [ [ 76.400677196024631, 10.093136902623055 ], [ 76.400677196024631, 10.09762845849801 ], [ 76.396116350660435, 10.09762845849801 ], [ 76.396116350660435, 10.093136902623055 ], [ 76.400677196024631, 10.093136902623055 ] ] ] } },
{ "type": "Feature", "properties": { "cell_id": 1936, "lon": 76.202280422682108, "lat": 10.099874236435488 }, "geometry": { "type": "Polygon", "coordinates": [ [ [ 76.204560845364199, 10.09762845849801 ], [ 76.204560845364199, 10.102120014372964 ], [ 76.2, 10.102120014372964 ], [ 76.2, 10.09762845849801 ], [ 76.204560845364199, 10.09762845849801 ] ] ] } },
{ "type": "Feature", "properties": { "cell_id": 1937, "lon": 76.206841268046304, "lat": 10.099874236435488 }, "geometry": { "type": "Polygon", "coordinates": [ [ [ 76.209121690728395, 10.09762845849801 ], [ 76.209121690728395, 10.102120014372964 ], [ 76.204560845364199, 10.102120014372964 ], [ 76.204560845364199, 10.09762845849801 ], [ 76.209121690728395, 10.09762845849801 ] ] ] } },
{ "type": "Feature", "properties": { "cell_id": 1938, "lon": 76.2114021134105, "lat": 10.099874236435488 }, "geometry": { "type": "Polygon", "coordinates": [ [ [ 76.213682536092591, 10.09762845849801 ], [ 76.213682536092591, 10.102120014372964 ], [ 76.209121690728395, 10.102120014372964 ], [ 76.209121690728395, 10.09762845849801 ], [ 76.213682536092591, 10.09762845849801 ] ] ] } },
{ "type": "Feature", "properties": { "cell_id": 1939, "lon": 76.215962958774696, "lat": 10.099874236435488 }, "geometry": { "type": "Polygon", "coordinates": [ [ [ 76.218243381456787, 10.09762845849801 ], [ 76.218243381456787, 10.102120014372964 ], [ 76.213682536092591, 10.102120014372964 ], [ 76.213682536092591, 10.09762845849801 ], [ 76.218243381456787, 10.09762845849801 ] ] ] } },
{ "type": "Feature", "properties": { "cell_id": 1940, "lon": 76.220523804138892, "lat": 10.099874236435488 }, "geometry": { "type": "Polygon", "coordinates": [ [ [ 76.222804226820983, 10.09762845849801 ], [ 76.222804226820983, 10.102120014372964 ], [ 76.218243381456787, 10.102120014372964 ], [ 76.218243381456787, 10.09762845849801 ], [ 76.222804226820983, 10.09762845849801 ] ] ] } },
{ "type": "Feature", "properties": { "cell_id": 1941, "lon": 76.225084649503088, "lat": 10.099874236435488 }, "geometry": { "type": "Polygon", "coordinates": [ [ [ 76.227365072185179, 10.09762845849801 ], [ 76.227365072185179, 10.102120014372964 ], [ 76.222804226820983, 10.102120014372964 ], [ 76.222804226820983, 10.09762845849801 ], [ 76.227365072185179, 10.09762845849801 ] ] ] } },
{ "type": "Feature", "properties": { "cell_id": 1942, "lon": 76.229645494867285, "lat": 10.099874236435488 }, "geometry": { "type": "Polygon", "coordinates": [ [ [ 76.231925917549376, 10.09762845849801 ], [ 76.231925917549376, 10.102120014372964 ], [ 76.227365072185179, 10.102120014372964 ], [ 76.227365072185179, 10.09762845849801 ], [ 76.231925917549376, 10.09762845849801 ] ] ] } },
{ "type": "Feature", "properties": { "cell_id": 1943, "lon": 76.234206340231481, "lat": 10.099874236435488 }, "geometry": { "type": "Polygon", "coordinates": [ [ [ 76.236486762913572, 10.09762845849801 ], [ 76.236486762913572, 10.102120014372964 ], [ 76.231925917549376, 10.102120014372964 ], [ 76.231925917549376, 10.09762845849801 ], [ 76.236486762913572, 10.09762845849801 ] ] ] } },
{ "type": "Feature", "properties": { "cell_id": 1944, "lon": 76.238767185595677, "lat": 10.099874236435488 }, "geometry": { "type": "Polygon", "coordinates": [ [ [ 76.241047608277768, 10.09762845849801 ], [ 76.241047608277768, 10.102120014372964 ], [ 76.236486762913572, 10.102120014372964 ], [ 76.236486762913572, 10.09762845849801 ], [ 76.241047608277768, 10.09762845849801 ] ] ] } },
{ "type": "Feature", "properties": { "cell_id": 1945, "lon": 76.243328030959873, "lat": 10.099874236435488 }, "geometry": { "type": "Polygon", "coordinates": [ [ [ 76.245608453641964, 10.09762845849801 ], [ 76.245608453641964, 10.102120014372964 ], [ 76.241047608277768, 10.102120014372964 ], [ 76.241047608277768, 10.09762845849801 ], [ 76.245608453641964, 10.09762845849801 ] ] ] } },
{ "type": "Feature", "properties": { "cell_id": 1946, "lon": 76.247888876324069, "lat": 10.099874236435488 }, "geometry": { "type": "Polygon", "coordinates": [ [ [ 76.25016929900616, 10.09762845849801 ], [ 76.25016929900616, 10.102120014372964 ], [ 76.245608453641964, 10.102120014372964 ], [ 76.245608453641964, 10.09762845849801 ], [ 76.25016929900616, 10.09762845849801 ] ] ] } },
{ "type": "Feature", "properties": { "cell_id": 1947, "lon": 76.252449721688265, "lat": 10.099874236435488 }, "geometry": { "type": "Polygon", "coordinates": [ [ [ 76.254730144370356, 10.09762845849801 ], [ 76.254730144370356, 10.102120014372964 ], [ 76.25016929900616, 10.102120014372964 ], [ 76.25016929900616, 10.09762845849801 ], [ 76.254730144370356, 10.09762845849801 ] ] ] } },
{ "type": "Feature", "properties": { "cell_id": 1948, "lon": 76.257010567052461, "lat": 10.099874236435488 }, "geometry": { "type": "Polygon", "coordinates": [ [ [ 76.259290989734552, 10.09762845849801 ], [ 76.259290989734552, 10.102120014372964 ], [ 76.254730144370356, 10.102120014372964 ], [ 76.254730144370356, 10.09762845849801 ], [ 76.259290989734552, 10.09762845849801 ] ] ] } },
{ "type": "Feature", "properties": { "cell_id": 1949, "lon": 76.261571412416657, "lat": 10.099874236435488 }, "geometry": { "type": "Polygon", "coordinates": [ [ [ 76.263851835098748, 10.09762845849801 ], [ 76.263851835098748, 10.102120014372964 ], [ 76.259290989734552, 10.102120014372964 ], [ 76.259290989734552, 10.09762845849801 ], [ 76.263851835098748, 10.09762845849801 ] ] ] } },
{ "type": "Feature", "properties": { "cell_id": 1950, "lon": 76.266132257780853, "lat": 10.099874236435488 }, "geometry": { "type": "Polygon", "coordinates": [ [ [ 76.268412680462944, 10.09762845849801 ], [ 76.268412680462944, 10.102120014372964 ], [ 76.263851835098748, 10.102120014372964 ], [ 76.263851835098748, 10.09762845849801 ], [ 76.268412680462944, 10.09762845849801 ] ] ] } },
{ "type": "Feature", "properties": { "cell_id": 1951, "lon": 76.270693103145049, "lat": 10.099874236435488 }, "geometry": { "type": "Polygon", "coordinates": [ [ [ 76.27297352582714, 10.09762845849801 ], [ 76.27297352582714, 10.102120014372964 ], [ 76.268412680462944, 10.102120014372964 ], [ 76.268412680462944, 10.09762845849801 ], [ 76.27297352582714, 10.09762845849801 ] ] ] } },
{ "type": "Feature", "properties": { "cell_id": 1952, "lon": 76.275253948509246, "lat": 10.099874236435488 }, "geometry": { "type": "Polygon", "coordinates": [ [ [ 76.277534371191337, 10.09762845849801 ], [ 76.277534371191337, 10.102120014372964 ], [ 76.27297352582714, 10.102120014372964 ], [ 76.27297352582714, 10.09762845849801 ], [ 76.277534371191337, 10.09762845849801 ] ] ] } },
{ "type": "Feature", "properties": { "cell_id": 1953, "lon": 76.279814793873442, "lat": 10.099874236435488 }, "geometry": { "type": "Polygon", "coordinates": [ [ [ 76.282095216555533, 10.09762845849801 ], [ 76.282095216555533, 10.102120014372964 ], [ 76.277534371191337, 10.102120014372964 ], [ 76.277534371191337, 10.09762845849801 ], [ 76.282095216555533, 10.09762845849801 ] ] ] } },
{ "type": "Feature", "properties": { "cell_id": 1954, "lon": 76.284375639237638, "lat": 10.099874236435488 }, "geometry": { "type": "Polygon", "coordinates": [ [ [ 76.286656061919729, 10.09762845849801 ], [ 76.286656061919729, 10.102120014372964 ], [ 76.282095216555533, 10.102120014372964 ], [ 76.282095216555533, 10.09762845849801 ], [ 76.286656061919729, 10.09762845849801 ] ] ] } },
{ "type": "Feature", "properties": { "cell_id": 1955, "lon": 76.288936484601834, "lat": 10.099874236435488 }, "geometry": { "type": "Polygon", "coordinates": [ [ [ 76.291216907283925, 10.09762845849801 ], [ 76.291216907283925, 10.102120014372964 ], [ 76.286656061919729, 10.102120014372964 ], [ 76.286656061919729, 10.09762845849801 ], [ 76.291216907283925, 10.09762845849801 ] ] ] } },
{ "type": "Feature", "properties": { "cell_id": 1956, "lon": 76.29349732996603, "lat": 10.099874236435488 }, "geometry": { "type": "Polygon", "coordinates": [ [ [ 76.295777752648121, 10.09762845849801 ], [ 76.295777752648121, 10.102120014372964 ], [ 76.291216907283925, 10.102120014372964 ], [ 76.291216907283925, 10.09762845849801 ], [ 76.295777752648121, 10.09762845849801 ] ] ] } },
{ "type": "Feature", "properties": { "cell_id": 1957, "lon": 76.298058175330226, "lat": 10.099874236435488 }, "geometry": { "type": "Polygon", "coordinates": [ [ [ 76.300338598012317, 10.09762845849801 ], [ 76.300338598012317, 10.102120014372964 ], [ 76.295777752648121, 10.102120014372964 ], [ 76.295777752648121, 10.09762845849801 ], [ 76.300338598012317, 10.09762845849801 ] ] ] } },
{ "type": "Feature", "properties": { "cell_id": 1958, "lon": 76.302619020694422, "lat": 10.099874236435488 }, "geometry": { "type": "Polygon", "coordinates": [ [ [ 76.304899443376513, 10.09762845849801 ], [ 76.304899443376513, 10.102120014372964 ], [ 76.300338598012317, 10.102120014372964 ], [ 76.300338598012317, 10.09762845849801 ], [ 76.304899443376513, 10.09762845849801 ] ] ] } },
{ "type": "Feature", "properties": { "cell_id": 1959, "lon": 76.307179866058618, "lat": 10.099874236435488 }, "geometry": { "type": "Polygon", "coordinates": [ [ [ 76.309460288740709, 10.09762845849801 ], [ 76.309460288740709, 10.102120014372964 ], [ 76.304899443376513, 10.102120014372964 ], [ 76.304899443376513, 10.09762845849801 ], [ 76.309460288740709, 10.09762845849801 ] ] ] } },
{ "type": "Feature", "properties": { "cell_id": 1960, "lon": 76.311740711422814, "lat": 10.099874236435488 }, "geometry": { "type": "Polygon", "coordinates": [ [ [ 76.314021134104905, 10.09762845849801 ], [ 76.314021134104905, 10.102120014372964 ], [ 76.309460288740709, 10.102120014372964 ], [ 76.309460288740709, 10.09762845849801 ], [ 76.314021134104905, 10.09762845849801 ] ] ] } },
{ "type": "Feature", "properties": { "cell_id": 1961, "lon": 76.31630155678701, "lat": 10.099874236435488 }, "geometry": { "type": "Polygon", "coordinates": [ [ [ 76.318581979469101, 10.09762845849801 ], [ 76.318581979469101, 10.102120014372964 ], [ 76.314021134104905, 10.102120014372964 ], [ 76.314021134104905, 10.09762845849801 ], [ 76.318581979469101, 10.09762845849801 ] ] ] } },
{ "type": "Feature", "properties": { "cell_id": 1962, "lon": 76.320862402151207, "lat": 10.099874236435488 }, "geometry": { "type": "Polygon", "coordinates": [ [ [ 76.323142824833297, 10.09762845849801 ], [ 76.323142824833297, 10.102120014372964 ], [ 76.318581979469101, 10.102120014372964 ], [ 76.318581979469101, 10.09762845849801 ], [ 76.323142824833297, 10.09762845849801 ] ] ] } },
{ "type": "Feature", "properties": { "cell_id": 1963, "lon": 76.325423247515403, "lat": 10.099874236435488 }, "geometry": { "type": "Polygon", "coordinates": [ [ [ 76.327703670197494, 10.09762845849801 ], [ 76.327703670197494, 10.102120014372964 ], [ 76.323142824833297, 10.102120014372964 ], [ 76.323142824833297, 10.09762845849801 ], [ 76.327703670197494, 10.09762845849801 ] ] ] } },
{ "type": "Feature", "properties": { "cell_id": 1964, "lon": 76.329984092879599, "lat": 10.099874236435488 }, "geometry": { "type": "Polygon", "coordinates": [ [ [ 76.33226451556169, 10.09762845849801 ], [ 76.33226451556169, 10.102120014372964 ], [ 76.327703670197494, 10.102120014372964 ], [ 76.327703670197494, 10.09762845849801 ], [ 76.33226451556169, 10.09762845849801 ] ] ] } },
{ "type": "Feature", "properties": { "cell_id": 1965, "lon": 76.334544938243795, "lat": 10.099874236435488 }, "geometry": { "type": "Polygon", "coordinates": [ [ [ 76.336825360925886, 10.09762845849801 ], [ 76.336825360925886, 10.102120014372964 ], [ 76.33226451556169, 10.102120014372964 ], [ 76.33226451556169, 10.09762845849801 ], [ 76.336825360925886, 10.09762845849801 ] ] ] } },
{ "type": "Feature", "properties": { "cell_id": 1966, "lon": 76.339105783607991, "lat": 10.099874236435488 }, "geometry": { "type": "Polygon", "coordinates": [ [ [ 76.341386206290082, 10.09762845849801 ], [ 76.341386206290082, 10.102120014372964 ], [ 76.336825360925886, 10.102120014372964 ], [ 76.336825360925886, 10.09762845849801 ], [ 76.341386206290082, 10.09762845849801 ] ] ] } },
{ "type": "Feature", "properties": { "cell_id": 1967, "lon": 76.343666628972187, "lat": 10.099874236435488 }, "geometry": { "type": "Polygon", "coordinates": [ [ [ 76.345947051654278, 10.09762845849801 ], [ 76.345947051654278, 10.102120014372964 ], [ 76.341386206290082, 10.102120014372964 ], [ 76.341386206290082, 10.09762845849801 ], [ 76.345947051654278, 10.09762845849801 ] ] ] } },
{ "type": "Feature", "properties": { "cell_id": 1968, "lon": 76.348227474336383, "lat": 10.099874236435488 }, "geometry": { "type": "Polygon", "coordinates": [ [ [ 76.350507897018474, 10.09762845849801 ], [ 76.350507897018474, 10.102120014372964 ], [ 76.345947051654278, 10.102120014372964 ], [ 76.345947051654278, 10.09762845849801 ], [ 76.350507897018474, 10.09762845849801 ] ] ] } },
{ "type": "Feature", "properties": { "cell_id": 1969, "lon": 76.352788319700579, "lat": 10.099874236435488 }, "geometry": { "type": "Polygon", "coordinates": [ [ [ 76.35506874238267, 10.09762845849801 ], [ 76.35506874238267, 10.102120014372964 ], [ 76.350507897018474, 10.102120014372964 ], [ 76.350507897018474, 10.09762845849801 ], [ 76.35506874238267, 10.09762845849801 ] ] ] } },
{ "type": "Feature", "properties": { "cell_id": 1970, "lon": 76.357349165064775, "lat": 10.099874236435488 }, "geometry": { "type": "Polygon", "coordinates": [ [ [ 76.359629587746866, 10.09762845849801 ], [ 76.359629587746866, 10.102120014372964 ], [ 76.35506874238267, 10.102120014372964 ], [ 76.35506874238267, 10.09762845849801 ], [ 76.359629587746866, 10.09762845849801 ] ] ] } },
{ "type": "Feature", "properties": { "cell_id": 1971, "lon": 76.361910010428971, "lat": 10.099874236435488 }, "geometry": { "type": "Polygon", "coordinates": [ [ [ 76.364190433111062, 10.09762845849801 ], [ 76.364190433111062, 10.102120014372964 ], [ 76.359629587746866, 10.102120014372964 ], [ 76.359629587746866, 10.09762845849801 ], [ 76.364190433111062, 10.09762845849801 ] ] ] } },
{ "type": "Feature", "properties": { "cell_id": 1972, "lon": 76.366470855793168, "lat": 10.099874236435488 }, "geometry": { "type": "Polygon", "coordinates": [ [ [ 76.368751278475258, 10.09762845849801 ], [ 76.368751278475258, 10.102120014372964 ], [ 76.364190433111062, 10.102120014372964 ], [ 76.364190433111062, 10.09762845849801 ], [ 76.368751278475258, 10.09762845849801 ] ] ] } },
{ "type": "Feature", "properties": { "cell_id": 1973, "lon": 76.371031701157364, "lat": 10.099874236435488 }, "geometry": { "type": "Polygon", "coordinates": [ [ [ 76.373312123839455, 10.09762845849801 ], [ 76.373312123839455, 10.102120014372964 ], [ 76.368751278475258, 10.102120014372964 ], [ 76.368751278475258, 10.09762845849801 ], [ 76.373312123839455, 10.09762845849801 ] ] ] } },
{ "type": "Feature", "properties": { "cell_id": 1974, "lon": 76.37559254652156, "lat": 10.099874236435488 }, "geometry": { "type": "Polygon", "coordinates": [ [ [ 76.377872969203651, 10.09762845849801 ], [ 76.377872969203651, 10.102120014372964 ], [ 76.373312123839455, 10.102120014372964 ], [ 76.373312123839455, 10.09762845849801 ], [ 76.377872969203651, 10.09762845849801 ] ] ] } },
{ "type": "Feature", "properties": { "cell_id": 1975, "lon": 76.380153391885756, "lat": 10.099874236435488 }, "geometry": { "type": "Polygon", "coordinates": [ [ [ 76.382433814567847, 10.09762845849801 ], [ 76.382433814567847, 10.102120014372964 ], [ 76.377872969203651, 10.102120014372964 ], [ 76.377872969203651, 10.09762845849801 ], [ 76.382433814567847, 10.09762845849801 ] ] ] } },
{ "type": "Feature", "properties": { "cell_id": 1976, "lon": 76.384714237249952, "lat": 10.099874236435488 }, "geometry": { "type": "Polygon", "coordinates": [ [ [ 76.386994659932043, 10.09762845849801 ], [ 76.386994659932043, 10.102120014372964 ], [ 76.382433814567847, 10.102120014372964 ], [ 76.382433814567847, 10.09762845849801 ], [ 76.386994659932043, 10.09762845849801 ] ] ] } },
{ "type": "Feature", "properties": { "cell_id": 1977, "lon": 76.389275082614148, "lat": 10.099874236435488 }, "geometry": { "type": "Polygon", "coordinates": [ [ [ 76.391555505296239, 10.09762845849801 ], [ 76.391555505296239, 10.102120014372964 ], [ 76.386994659932043, 10.102120014372964 ], [ 76.386994659932043, 10.09762845849801 ], [ 76.391555505296239, 10.09762845849801 ] ] ] } },
{ "type": "Feature", "properties": { "cell_id": 1978, "lon": 76.393835927978344, "lat": 10.099874236435488 }, "geometry": { "type": "Polygon", "coordinates": [ [ [ 76.396116350660435, 10.09762845849801 ], [ 76.396116350660435, 10.102120014372964 ], [ 76.391555505296239, 10.102120014372964 ], [ 76.391555505296239, 10.09762845849801 ], [ 76.396116350660435, 10.09762845849801 ] ] ] } },
{ "type": "Feature", "properties": { "cell_id": 1979, "lon": 76.39839677334254, "lat": 10.099874236435488 }, "geometry": { "type": "Polygon", "coordinates": [ [ [ 76.400677196024631, 10.09762845849801 ], [ 76.400677196024631, 10.102120014372964 ], [ 76.396116350660435, 10.102120014372964 ], [ 76.396116350660435, 10.09762845849801 ], [ 76.400677196024631, 10.09762845849801 ] ] ] } }
]
}
